s_m,x_m,y_m,target_speed_mps,mission,direction,fsm_zone,fsm_event_ids,fsm_actions,fsm_conditions,fsm_hold_sec,direction_source
0.0000,0.8265,-0.0867,0.300,NORMAL,1,ROUTE,ROUTE_START,START,,0.000,PREVIEW_DEFAULT
0.1000,0.7273,-0.0746,0.300,NORMAL,1,ROUTE,,,,0.000,PREVIEW_DEFAULT
0.1999,0.6280,-0.0626,0.300,NORMAL,1,ROUTE,,,,0.000,PREVIEW_DEFAULT
0.2999,0.5288,-0.0505,0.300,NORMAL,1,ROUTE,,,,0.000,PREVIEW_DEFAULT
0.3999,0.4295,-0.0385,0.300,NORMAL,1,ROUTE,,,,0.000,PREVIEW_DEFAULT
0.4999,0.3303,-0.0264,0.300,NORMAL,1,ROUTE,,,,0.000,PREVIEW_DEFAULT
0.5999,0.2310,-0.0143,0.300,NORMAL,1,ROUTE,,,,0.000,PREVIEW_DEFAULT
0.6998,0.1318,-0.0023,0.300,NORMAL,1,ROUTE,,,,0.000,PREVIEW_DEFAULT
0.7999,0.0325,0.0099,0.300,NORMAL,1,ROUTE,,,,0.000,PREVIEW_DEFAULT
0.8999,-0.0668,0.0221,0.300,NORMAL,1,ROUTE,,,,0.000,PREVIEW_DEFAULT
0.9998,-0.1659,0.0343,0.300,NORMAL,1,ROUTE,,,,0.000,PREVIEW_DEFAULT
1.0998,-0.2652,0.0466,0.300,NORMAL,1,ROUTE,,,,0.000,PREVIEW_DEFAULT
1.1998,-0.3644,0.0590,0.300,NORMAL,1,ROUTE,,,,0.000,PREVIEW_DEFAULT
1.2997,-0.4636,0.0714,0.300,NORMAL,1,ROUTE,,,,0.000,PREVIEW_DEFAULT
1.3998,-0.5628,0.0839,0.300,NORMAL,1,ROUTE,,,,0.000,PREVIEW_DEFAULT
1.4997,-0.6620,0.0965,0.300,NORMAL,1,ROUTE,,,,0.000,PREVIEW_DEFAULT
1.5998,-0.7612,0.1093,0.300,NORMAL,1,ROUTE,,,,0.000,PREVIEW_DEFAULT
1.6997,-0.8603,0.1222,0.300,NORMAL,1,ROUTE,,,,0.000,PREVIEW_DEFAULT
1.7997,-0.9595,0.1351,0.300,NORMAL,1,ROUTE,,,,0.000,PREVIEW_DEFAULT
1.8997,-1.0586,0.1483,0.300,NORMAL,1,ROUTE,,,,0.000,PREVIEW_DEFAULT
1.9997,-1.1577,0.1616,0.300,NORMAL,1,ROUTE,,,,0.000,PREVIEW_DEFAULT
2.0997,-1.2568,0.1753,0.300,NORMAL,1,ROUTE,,,,0.000,PREVIEW_DEFAULT
2.1997,-1.3558,0.1890,0.300,NORMAL,1,ROUTE,,,,0.000,PREVIEW_DEFAULT
2.2996,-1.4547,0.2030,0.300,NORMAL,1,ROUTE,,,,0.000,PREVIEW_DEFAULT
2.3996,-1.5537,0.2172,0.300,NORMAL,1,ROUTE,,,,0.000,PREVIEW_DEFAULT
2.4995,-1.6526,0.2317,0.300,NORMAL,1,ROUTE,,,,0.000,PREVIEW_DEFAULT
2.5996,-1.7515,0.2465,0.300,NORMAL,1,ROUTE,,,,0.000,PREVIEW_DEFAULT
2.6995,-1.8504,0.2614,0.300,NORMAL,1,ROUTE,,,,0.000,PREVIEW_DEFAULT
2.7995,-1.9492,0.2766,0.300,NORMAL,1,ROUTE,,,,0.000,PREVIEW_DEFAULT
2.8995,-2.0480,0.2920,0.300,NORMAL,1,ROUTE,,,,0.000,PREVIEW_DEFAULT
2.9995,-2.1468,0.3076,0.300,NORMAL,1,ROUTE,,,,0.000,PREVIEW_DEFAULT
3.0995,-2.2455,0.3234,0.300,NORMAL,1,ROUTE,,,,0.000,PREVIEW_DEFAULT
3.1994,-2.3442,0.3392,0.300,NORMAL,1,ROUTE,,,,0.000,PREVIEW_DEFAULT
3.2994,-2.4429,0.3551,0.300,NORMAL,1,ROUTE,,,,0.000,PREVIEW_DEFAULT
3.3994,-2.5416,0.3710,0.300,NORMAL,1,ROUTE,,,,0.000,PREVIEW_DEFAULT
3.4994,-2.6403,0.3868,0.300,NORMAL,1,ROUTE,,,,0.000,PREVIEW_DEFAULT
3.5994,-2.7391,0.4023,0.300,NORMAL,1,ROUTE,,,,0.000,PREVIEW_DEFAULT
3.6993,-2.8379,0.4177,0.300,NORMAL,1,ROUTE,,,,0.000,PREVIEW_DEFAULT
3.7993,-2.9367,0.4327,0.300,NORMAL,1,ROUTE,,,,0.000,PREVIEW_DEFAULT
3.8993,-3.0357,0.4474,0.300,NORMAL,1,ROUTE,,,,0.000,PREVIEW_DEFAULT
3.9993,-3.1346,0.4618,0.300,NORMAL,1,ROUTE,,,,0.000,PREVIEW_DEFAULT
4.0993,-3.2336,0.4756,0.300,NORMAL,1,ROUTE,,,,0.000,PREVIEW_DEFAULT
4.1992,-3.3327,0.4890,0.300,NORMAL,1,ROUTE,,,,0.000,PREVIEW_DEFAULT
4.2992,-3.4318,0.5020,0.300,NORMAL,1,ROUTE,,,,0.000,PREVIEW_DEFAULT
4.3992,-3.5310,0.5145,0.300,NORMAL,1,ROUTE,,,,0.000,PREVIEW_DEFAULT
4.4992,-3.6303,0.5265,0.300,NORMAL,1,ROUTE,,,,0.000,PREVIEW_DEFAULT
4.5992,-3.7296,0.5380,0.300,NORMAL,1,ROUTE,,,,0.000,PREVIEW_DEFAULT
4.6992,-3.8290,0.5490,0.300,NORMAL,1,ROUTE,,,,0.000,PREVIEW_DEFAULT
4.7992,-3.9284,0.5595,0.300,NORMAL,1,ROUTE,,,,0.000,PREVIEW_DEFAULT
4.8992,-4.0279,0.5696,0.300,NORMAL,1,ROUTE,,,,0.000,PREVIEW_DEFAULT
4.9992,-4.1274,0.5792,0.300,NORMAL,1,ROUTE,,,,0.000,PREVIEW_DEFAULT
5.0991,-4.2269,0.5884,0.300,NORMAL,1,ROUTE,,,,0.000,PREVIEW_DEFAULT
5.1992,-4.3266,0.5972,0.300,NORMAL,1,ROUTE,,,,0.000,PREVIEW_DEFAULT
5.2991,-4.4262,0.6057,0.300,NORMAL,1,ROUTE,,,,0.000,PREVIEW_DEFAULT
5.3991,-4.5258,0.6140,0.300,NORMAL,1,ROUTE,,,,0.000,PREVIEW_DEFAULT
5.4990,-4.6254,0.6221,0.300,NORMAL,1,ROUTE,,,,0.000,PREVIEW_DEFAULT
5.5990,-4.7251,0.6300,0.300,NORMAL,1,ROUTE,,,,0.000,PREVIEW_DEFAULT
5.6991,-4.8249,0.6379,0.300,NORMAL,1,ROUTE,,,,0.000,PREVIEW_DEFAULT
5.7990,-4.9245,0.6457,0.300,NORMAL,1,ROUTE,,,,0.000,PREVIEW_DEFAULT
5.8990,-5.0242,0.6536,0.300,NORMAL,1,ROUTE,,,,0.000,PREVIEW_DEFAULT
5.9989,-5.1238,0.6614,0.300,NORMAL,1,ROUTE,,,,0.000,PREVIEW_DEFAULT
6.0989,-5.2235,0.6694,0.300,NORMAL,1,ROUTE,,,,0.000,PREVIEW_DEFAULT
6.1989,-5.3232,0.6774,0.300,NORMAL,1,ROUTE,,,,0.000,PREVIEW_DEFAULT
6.2989,-5.4228,0.6856,0.300,NORMAL,1,ROUTE,,,,0.000,PREVIEW_DEFAULT
6.3988,-5.5224,0.6938,0.300,NORMAL,1,ROUTE,,,,0.000,PREVIEW_DEFAULT
6.4989,-5.6221,0.7021,0.300,NORMAL,1,ROUTE,,,,0.000,PREVIEW_DEFAULT
6.5989,-5.7218,0.7106,0.300,NORMAL,1,ROUTE,,,,0.000,PREVIEW_DEFAULT
6.6989,-5.8214,0.7192,0.300,NORMAL,1,ROUTE,,,,0.000,PREVIEW_DEFAULT
6.7988,-5.9209,0.7280,0.300,NORMAL,1,ROUTE,,,,0.000,PREVIEW_DEFAULT
6.8988,-6.0205,0.7370,0.300,NORMAL,1,ROUTE,,,,0.000,PREVIEW_DEFAULT
6.9988,-6.1200,0.7461,0.300,NORMAL,1,ROUTE,,,,0.000,PREVIEW_DEFAULT
7.0988,-6.2196,0.7555,0.300,NORMAL,1,ROUTE,,,,0.000,PREVIEW_DEFAULT
7.1988,-6.3191,0.7651,0.300,NORMAL,1,ROUTE,,,,0.000,PREVIEW_DEFAULT
7.2988,-6.4186,0.7751,0.300,NORMAL,1,ROUTE,,,,0.000,PREVIEW_DEFAULT
7.3987,-6.5181,0.7851,0.300,NORMAL,1,ROUTE,,,,0.000,PREVIEW_DEFAULT
7.4988,-6.6176,0.7956,0.300,NORMAL,1,ROUTE,,,,0.000,PREVIEW_DEFAULT
7.5987,-6.7169,0.8063,0.300,NORMAL,1,ROUTE,,,,0.000,PREVIEW_DEFAULT
7.6987,-6.8164,0.8174,0.300,NORMAL,1,ROUTE,,,,0.000,PREVIEW_DEFAULT
7.7987,-6.9157,0.8287,0.300,NORMAL,1,ROUTE,,,,0.000,PREVIEW_DEFAULT
7.8987,-7.0150,0.8402,0.300,NORMAL,1,ROUTE,,,,0.000,PREVIEW_DEFAULT
7.9986,-7.1142,0.8521,0.300,NORMAL,1,ROUTE,,,,0.000,PREVIEW_DEFAULT
8.0986,-7.2135,0.8643,0.300,NORMAL,1,ROUTE,,,,0.000,PREVIEW_DEFAULT
8.1986,-7.3127,0.8766,0.300,NORMAL,1,ROUTE,,,,0.000,PREVIEW_DEFAULT
8.2986,-7.4119,0.8893,0.300,NORMAL,1,ROUTE,,,,0.000,PREVIEW_DEFAULT
8.3986,-7.5111,0.9021,0.300,NORMAL,1,ROUTE,,,,0.000,PREVIEW_DEFAULT
8.4986,-7.6102,0.9150,0.300,NORMAL,1,ROUTE,,,,0.000,PREVIEW_DEFAULT
8.5985,-7.7093,0.9279,0.300,NORMAL,1,ROUTE,,,,0.000,PREVIEW_DEFAULT
8.6985,-7.8085,0.9408,0.300,NORMAL,1,ROUTE,,,,0.000,PREVIEW_DEFAULT
8.7985,-7.9076,0.9537,0.300,NORMAL,1,ROUTE,,,,0.000,PREVIEW_DEFAULT
8.8985,-8.0068,0.9665,0.300,NORMAL,1,ROUTE,,,,0.000,PREVIEW_DEFAULT
8.9985,-8.1060,0.9792,0.300,NORMAL,1,ROUTE,,,,0.000,PREVIEW_DEFAULT
9.0985,-8.2052,0.9915,0.300,NORMAL,1,ROUTE,,,,0.000,PREVIEW_DEFAULT
9.1984,-8.3044,1.0038,0.300,NORMAL,1,ROUTE,,,,0.000,PREVIEW_DEFAULT
9.2984,-8.4036,1.0158,0.300,NORMAL,1,ROUTE,,,,0.000,PREVIEW_DEFAULT
9.3984,-8.5029,1.0278,0.300,NORMAL,1,ROUTE,,,,0.000,PREVIEW_DEFAULT
9.4984,-8.6022,1.0395,0.300,NORMAL,1,ROUTE,,,,0.000,PREVIEW_DEFAULT
9.5984,-8.7015,1.0513,0.300,NORMAL,1,ROUTE,,,,0.000,PREVIEW_DEFAULT
9.6983,-8.8008,1.0630,0.300,NORMAL,1,ROUTE,,,,0.000,PREVIEW_DEFAULT
9.7983,-8.9001,1.0748,0.300,NORMAL,1,ROUTE,,,,0.000,PREVIEW_DEFAULT
9.8983,-8.9994,1.0866,0.300,NORMAL,1,ROUTE,,,,0.000,PREVIEW_DEFAULT
9.9983,-9.0986,1.0986,0.300,NORMAL,1,ROUTE,,,,0.000,PREVIEW_DEFAULT
10.0982,-9.1978,1.1106,0.300,NORMAL,1,ROUTE,,,,0.000,PREVIEW_DEFAULT
10.1982,-9.2971,1.1230,0.300,NORMAL,1,ROUTE,,,,0.000,PREVIEW_DEFAULT
10.2983,-9.3963,1.1355,0.300,NORMAL,1,ROUTE,,,,0.000,PREVIEW_DEFAULT
10.3982,-9.4954,1.1483,0.300,NORMAL,1,ROUTE,,,,0.000,PREVIEW_DEFAULT
10.4982,-9.5946,1.1613,0.300,NORMAL,1,ROUTE,,,,0.000,PREVIEW_DEFAULT
10.5982,-9.6937,1.1745,0.300,NORMAL,1,ROUTE,,,,0.000,PREVIEW_DEFAULT
10.6982,-9.7928,1.1880,0.300,NORMAL,1,ROUTE,,,,0.000,PREVIEW_DEFAULT
10.7981,-9.8918,1.2016,0.300,NORMAL,1,ROUTE,,,,0.000,PREVIEW_DEFAULT
10.8981,-9.9908,1.2155,0.300,NORMAL,1,ROUTE,,,,0.000,PREVIEW_DEFAULT
10.9981,-10.0898,1.2295,0.300,NORMAL,1,ROUTE,,,,0.000,PREVIEW_DEFAULT
11.0981,-10.1888,1.2438,0.300,NORMAL,1,ROUTE,,,,0.000,PREVIEW_DEFAULT
11.1981,-10.2878,1.2581,0.300,NORMAL,1,ROUTE,,,,0.000,PREVIEW_DEFAULT
11.2980,-10.3866,1.2726,0.300,NORMAL,1,ROUTE,,,,0.000,PREVIEW_DEFAULT
11.3981,-10.4856,1.2872,0.300,NORMAL,1,ROUTE,,,,0.000,PREVIEW_DEFAULT
11.4981,-10.5845,1.3019,0.300,NORMAL,1,ROUTE,,,,0.000,PREVIEW_DEFAULT
11.5981,-10.6834,1.3165,0.300,NORMAL,1,ROUTE,,,,0.000,PREVIEW_DEFAULT
11.6980,-10.7822,1.3312,0.300,NORMAL,1,ROUTE,,,,0.000,PREVIEW_DEFAULT
11.7979,-10.8811,1.3459,0.300,NORMAL,1,ROUTE,,,,0.000,PREVIEW_DEFAULT
11.8979,-10.9800,1.3606,0.300,NORMAL,1,ROUTE,,,,0.000,PREVIEW_DEFAULT
11.9980,-11.0790,1.3752,0.300,NORMAL,1,ROUTE,,,,0.000,PREVIEW_DEFAULT
12.0979,-11.1779,1.3896,0.300,NORMAL,1,ROUTE,,,,0.000,PREVIEW_DEFAULT
12.1980,-11.2769,1.4040,0.300,NORMAL,1,ROUTE,,,,0.000,PREVIEW_DEFAULT
12.2979,-11.3758,1.4181,0.300,NORMAL,1,ROUTE,,,,0.000,PREVIEW_DEFAULT
12.3979,-11.4748,1.4323,0.300,NORMAL,1,ROUTE,,,,0.000,PREVIEW_DEFAULT
12.4979,-11.5738,1.4464,0.300,NORMAL,1,ROUTE,,,,0.000,PREVIEW_DEFAULT
12.5978,-11.6728,1.4604,0.300,NORMAL,1,ROUTE,,,,0.000,PREVIEW_DEFAULT
12.6978,-11.7718,1.4742,0.300,NORMAL,1,ROUTE,,,,0.000,PREVIEW_DEFAULT
12.7978,-11.8708,1.4881,0.300,NORMAL,1,ROUTE,,,,0.000,PREVIEW_DEFAULT
12.8978,-11.9699,1.5018,0.300,NORMAL,1,ROUTE,,,,0.000,PREVIEW_DEFAULT
12.9978,-12.0690,1.5153,0.300,NORMAL,1,ROUTE,,,,0.000,PREVIEW_DEFAULT
13.0978,-12.1681,1.5286,0.300,NORMAL,1,ROUTE,,,,0.000,PREVIEW_DEFAULT
13.1977,-12.2671,1.5416,0.300,NORMAL,1,ROUTE,,,,0.000,PREVIEW_DEFAULT
13.2977,-12.3663,1.5544,0.300,NORMAL,1,ROUTE,,,,0.000,PREVIEW_DEFAULT
13.3977,-12.4656,1.5667,0.300,NORMAL,1,ROUTE,,,,0.000,PREVIEW_DEFAULT
13.4977,-12.5649,1.5786,0.300,NORMAL,1,ROUTE,,,,0.000,PREVIEW_DEFAULT
13.5977,-12.6642,1.5901,0.300,NORMAL,1,ROUTE,,,,0.000,PREVIEW_DEFAULT
13.6976,-12.7635,1.6011,0.300,NORMAL,1,ROUTE,,,,0.000,PREVIEW_DEFAULT
13.7977,-12.8630,1.6115,0.300,NORMAL,1,ROUTE,,,,0.000,PREVIEW_DEFAULT
13.8976,-12.9624,1.6215,0.300,NORMAL,1,ROUTE,,,,0.000,PREVIEW_DEFAULT
13.9976,-13.0619,1.6310,0.300,NORMAL,1,ROUTE,,,,0.000,PREVIEW_DEFAULT
14.0976,-13.1615,1.6403,0.300,NORMAL,1,ROUTE,,,,0.000,PREVIEW_DEFAULT
14.1976,-13.2611,1.6493,0.300,NORMAL,1,ROUTE,,,,0.000,PREVIEW_DEFAULT
14.2975,-13.3607,1.6582,0.300,NORMAL,1,ROUTE,,,,0.000,PREVIEW_DEFAULT
14.3976,-13.4603,1.6670,0.300,NORMAL,1,ROUTE,,,,0.000,PREVIEW_DEFAULT
14.4975,-13.5599,1.6759,0.300,NORMAL,1,ROUTE,,,,0.000,PREVIEW_DEFAULT
14.5975,-13.6595,1.6848,0.300,NORMAL,1,ROUTE,,,,0.000,PREVIEW_DEFAULT
14.6975,-13.7590,1.6940,0.300,NORMAL,1,ROUTE,,,,0.000,PREVIEW_DEFAULT
14.7975,-13.8586,1.7033,0.300,NORMAL,1,ROUTE,,,,0.000,PREVIEW_DEFAULT
14.8975,-13.9581,1.7130,0.300,NORMAL,1,ROUTE,,,,0.000,PREVIEW_DEFAULT
14.9974,-14.0575,1.7230,0.300,NORMAL,1,ROUTE,,,,0.000,PREVIEW_DEFAULT
15.0974,-14.1570,1.7334,0.300,NORMAL,1,ROUTE,,,,0.000,PREVIEW_DEFAULT
15.1974,-14.2564,1.7440,0.300,NORMAL,1,ROUTE,,,,0.000,PREVIEW_DEFAULT
15.2974,-14.3558,1.7550,0.300,NORMAL,1,ROUTE,,,,0.000,PREVIEW_DEFAULT
15.3974,-14.4551,1.7662,0.300,NORMAL,1,ROUTE,,,,0.000,PREVIEW_DEFAULT
15.4973,-14.5544,1.7776,0.300,NORMAL,1,ROUTE,,,,0.000,PREVIEW_DEFAULT
15.5973,-14.6538,1.7892,0.300,NORMAL,1,ROUTE,,,,0.000,PREVIEW_DEFAULT
15.6973,-14.7531,1.8007,0.300,NORMAL,1,ROUTE,,,,0.000,PREVIEW_DEFAULT
15.7973,-14.8524,1.8123,0.300,NORMAL,1,ROUTE,,,,0.000,PREVIEW_DEFAULT
15.8973,-14.9517,1.8240,0.300,NORMAL,1,ROUTE,,,,0.000,PREVIEW_DEFAULT
15.9973,-15.0510,1.8356,0.300,NORMAL,1,ROUTE,,,,0.000,PREVIEW_DEFAULT
16.0972,-15.1503,1.8474,0.300,NORMAL,1,ROUTE,,,,0.000,PREVIEW_DEFAULT
16.1972,-15.2496,1.8591,0.300,NORMAL,1,ROUTE,,,,0.000,PREVIEW_DEFAULT
16.2973,-15.3489,1.8708,0.300,NORMAL,1,ROUTE,,,,0.000,PREVIEW_DEFAULT
16.3972,-15.4482,1.8825,0.300,NORMAL,1,ROUTE,,,,0.000,PREVIEW_DEFAULT
16.4972,-15.5474,1.8945,0.300,NORMAL,1,ROUTE,,,,0.000,PREVIEW_DEFAULT
16.5971,-15.6467,1.9064,0.300,NORMAL,1,ROUTE,,,,0.000,PREVIEW_DEFAULT
16.6971,-15.7459,1.9186,0.300,NORMAL,1,ROUTE,,,,0.000,PREVIEW_DEFAULT
16.7971,-15.8451,1.9309,0.300,NORMAL,1,ROUTE,,,,0.000,PREVIEW_DEFAULT
16.8971,-15.9444,1.9435,0.300,NORMAL,1,ROUTE,,,,0.000,PREVIEW_DEFAULT
16.9971,-16.0435,1.9563,0.300,NORMAL,1,ROUTE,,,,0.000,PREVIEW_DEFAULT
17.0970,-16.1426,1.9692,0.300,NORMAL,1,ROUTE,,,,0.000,PREVIEW_DEFAULT
17.1971,-16.2418,1.9823,0.300,NORMAL,1,ROUTE,,,,0.000,PREVIEW_DEFAULT
17.2970,-16.3409,1.9955,0.300,NORMAL,1,ROUTE,,,,0.000,PREVIEW_DEFAULT
17.3970,-16.4400,2.0088,0.300,NORMAL,1,ROUTE,,,,0.000,PREVIEW_DEFAULT
17.4970,-16.5391,2.0221,0.300,NORMAL,1,ROUTE,,,,0.000,PREVIEW_DEFAULT
17.5970,-16.6382,2.0355,0.300,NORMAL,1,ROUTE,,,,0.000,PREVIEW_DEFAULT
17.6970,-16.7373,2.0488,0.300,NORMAL,1,ROUTE,,,,0.000,PREVIEW_DEFAULT
17.7969,-16.8364,2.0620,0.300,NORMAL,1,ROUTE,,,,0.000,PREVIEW_DEFAULT
17.8970,-16.9355,2.0751,0.300,NORMAL,1,ROUTE,,,,0.000,PREVIEW_DEFAULT
17.9969,-17.0346,2.0881,0.300,NORMAL,1,ROUTE,,,,0.000,PREVIEW_DEFAULT
18.0969,-17.1338,2.1009,0.300,NORMAL,1,ROUTE,,,,0.000,PREVIEW_DEFAULT
18.1969,-17.2330,2.1137,0.300,NORMAL,1,ROUTE,,,,0.000,PREVIEW_DEFAULT
18.2969,-17.3322,2.1263,0.300,NORMAL,1,ROUTE,,,,0.000,PREVIEW_DEFAULT
18.3969,-17.4314,2.1387,0.300,NORMAL,1,ROUTE,,,,0.000,PREVIEW_DEFAULT
18.4968,-17.5305,2.1508,0.300,NORMAL,1,ROUTE,,,,0.000,PREVIEW_DEFAULT
18.5968,-17.6299,2.1627,0.300,NORMAL,1,ROUTE,,,,0.000,PREVIEW_DEFAULT
18.6968,-17.7291,2.1745,0.300,NORMAL,1,ROUTE,,,,0.000,PREVIEW_DEFAULT
18.7968,-17.8285,2.1859,0.300,NORMAL,1,ROUTE,,,,0.000,PREVIEW_DEFAULT
18.8968,-17.9278,2.1971,0.300,NORMAL,1,ROUTE,,,,0.000,PREVIEW_DEFAULT
18.9967,-18.0272,2.2080,0.300,NORMAL,1,ROUTE,,,,0.000,PREVIEW_DEFAULT
19.0968,-18.1267,2.2186,0.300,NORMAL,1,ROUTE,,,,0.000,PREVIEW_DEFAULT
19.1967,-18.2261,2.2291,0.300,NORMAL,1,ROUTE,,,,0.000,PREVIEW_DEFAULT
19.2967,-18.3255,2.2393,0.300,NORMAL,1,ROUTE,,,,0.000,PREVIEW_DEFAULT
19.3967,-18.4250,2.2493,0.300,NORMAL,1,ROUTE,,,,0.000,PREVIEW_DEFAULT
19.4966,-18.5244,2.2593,0.300,NORMAL,1,ROUTE,,,,0.000,PREVIEW_DEFAULT
19.5967,-18.6240,2.2691,0.300,NORMAL,1,ROUTE,,,,0.000,PREVIEW_DEFAULT
19.6966,-18.7235,2.2789,0.300,NORMAL,1,ROUTE,,,,0.000,PREVIEW_DEFAULT
19.7966,-18.8230,2.2889,0.300,NORMAL,1,ROUTE,,,,0.000,PREVIEW_DEFAULT
19.8966,-18.9225,2.2988,0.300,NORMAL,1,ROUTE,,,,0.000,PREVIEW_DEFAULT
19.9965,-19.0219,2.3089,0.300,NORMAL,1,ROUTE,,,,0.000,PREVIEW_DEFAULT
20.0965,-19.1214,2.3191,0.300,NORMAL,1,ROUTE,,,,0.000,PREVIEW_DEFAULT
20.1966,-19.2209,2.3296,0.300,NORMAL,1,ROUTE,,,,0.000,PREVIEW_DEFAULT
20.2965,-19.3202,2.3403,0.300,NORMAL,1,ROUTE,,,,0.000,PREVIEW_DEFAULT
20.3965,-19.4196,2.3512,0.300,NORMAL,1,ROUTE,,,,0.000,PREVIEW_DEFAULT
20.4965,-19.5189,2.3626,0.300,NORMAL,1,ROUTE,,,,0.000,PREVIEW_DEFAULT
20.5965,-19.6183,2.3742,0.300,NORMAL,1,ROUTE,,,,0.000,PREVIEW_DEFAULT
20.6964,-19.7175,2.3860,0.300,NORMAL,1,ROUTE,,,,0.000,PREVIEW_DEFAULT
20.7964,-19.8168,2.3982,0.300,NORMAL,1,ROUTE,,,,0.000,PREVIEW_DEFAULT
20.8964,-19.9160,2.4105,0.300,NORMAL,1,ROUTE,,,,0.000,PREVIEW_DEFAULT
20.9964,-20.0152,2.4230,0.300,NORMAL,1,ROUTE,,,,0.000,PREVIEW_DEFAULT
21.0964,-20.1144,2.4355,0.300,NORMAL,1,ROUTE,,,,0.000,PREVIEW_DEFAULT
21.1963,-20.2135,2.4482,0.300,NORMAL,1,ROUTE,,,,0.000,PREVIEW_DEFAULT
21.2963,-20.3127,2.4609,0.300,NORMAL,1,ROUTE,,,,0.000,PREVIEW_DEFAULT
21.3963,-20.4120,2.4733,0.300,NORMAL,1,ROUTE,,,,0.000,PREVIEW_DEFAULT
21.4964,-20.5112,2.4858,0.300,NORMAL,1,ROUTE,,,,0.000,PREVIEW_DEFAULT
21.5963,-20.6104,2.4980,0.300,NORMAL,1,ROUTE,,,,0.000,PREVIEW_DEFAULT
21.6963,-20.7097,2.5098,0.300,NORMAL,1,ROUTE,,,,0.000,PREVIEW_DEFAULT
21.7962,-20.8090,2.5212,0.300,NORMAL,1,ROUTE,,,,0.000,PREVIEW_DEFAULT
21.8195,-20.8321,2.5238,0.300,HILL,1,HILL,HILL_START,ENTER_ZONE,,0.000,PREVIEW_DEFAULT
21.8962,-20.9084,2.5321,0.300,HILL,1,HILL,,,,0.000,PREVIEW_DEFAULT
21.9962,-21.0078,2.5426,0.300,HILL,1,HILL,,,,0.000,PREVIEW_DEFAULT
22.0962,-21.1073,2.5527,0.300,HILL,1,HILL,,,,0.000,PREVIEW_DEFAULT
22.1962,-21.2068,2.5625,0.300,HILL,1,HILL,,,,0.000,PREVIEW_DEFAULT
22.2962,-21.3063,2.5724,0.300,HILL,1,HILL,,,,0.000,PREVIEW_DEFAULT
22.3962,-21.4058,2.5821,0.300,HILL,1,HILL,,,,0.000,PREVIEW_DEFAULT
22.4961,-21.5053,2.5919,0.300,HILL,1,HILL,,,,0.000,PREVIEW_DEFAULT
22.5961,-21.6048,2.6019,0.300,HILL,1,HILL,,,,0.000,PREVIEW_DEFAULT
22.6961,-21.7042,2.6120,0.300,HILL,1,HILL,,,,0.000,PREVIEW_DEFAULT
22.7961,-21.8037,2.6225,0.300,HILL,1,HILL,,,,0.000,PREVIEW_DEFAULT
22.8961,-21.9031,2.6333,0.300,HILL,1,HILL,,,,0.000,PREVIEW_DEFAULT
22.9961,-22.0025,2.6444,0.300,HILL,1,HILL,,,,0.000,PREVIEW_DEFAULT
23.0960,-22.1018,2.6558,0.300,HILL,1,HILL,,,,0.000,PREVIEW_DEFAULT
23.1960,-22.2011,2.6675,0.300,HILL,1,HILL,,,,0.000,PREVIEW_DEFAULT
23.2960,-22.3003,2.6795,0.300,HILL,1,HILL,,,,0.000,PREVIEW_DEFAULT
23.3960,-22.3996,2.6917,0.300,HILL,1,HILL,,,,0.000,PREVIEW_DEFAULT
23.4960,-22.4988,2.7042,0.300,HILL,1,HILL,,,,0.000,PREVIEW_DEFAULT
23.5959,-22.5979,2.7166,0.300,HILL,1,HILL,,,,0.000,PREVIEW_DEFAULT
23.6959,-22.6971,2.7293,0.300,HILL,1,HILL,,,,0.000,PREVIEW_DEFAULT
23.7959,-22.7963,2.7420,0.300,HILL,1,HILL,,,,0.000,PREVIEW_DEFAULT
23.8959,-22.8956,2.7545,0.300,HILL,1,HILL,,,,0.000,PREVIEW_DEFAULT
23.9959,-22.9947,2.7671,0.300,HILL,1,HILL,,,,0.000,PREVIEW_DEFAULT
24.0959,-23.0939,2.7795,0.300,HILL,1,HILL,,,,0.000,PREVIEW_DEFAULT
24.1959,-23.1931,2.7918,0.300,HILL,1,HILL,,,,0.000,PREVIEW_DEFAULT
24.2958,-23.2924,2.8039,0.300,HILL,1,HILL,,,,0.000,PREVIEW_DEFAULT
24.3958,-23.3917,2.8157,0.300,HILL,1,HILL,,,,0.000,PREVIEW_DEFAULT
24.4958,-23.4910,2.8272,0.300,HILL,1,HILL,,,,0.000,PREVIEW_DEFAULT
24.5958,-23.5903,2.8385,0.300,HILL,1,HILL,,,,0.000,PREVIEW_DEFAULT
24.6958,-23.6897,2.8494,0.300,HILL,1,HILL,,,,0.000,PREVIEW_DEFAULT
24.7958,-23.7892,2.8601,0.300,HILL,1,HILL,,,,0.000,PREVIEW_DEFAULT
24.8957,-23.8886,2.8702,0.300,HILL,1,HILL,,,,0.000,PREVIEW_DEFAULT
24.9957,-23.9881,2.8801,0.300,HILL,1,HILL,,,,0.000,PREVIEW_DEFAULT
25.0957,-24.0877,2.8895,0.300,HILL,1,HILL,,,,0.000,PREVIEW_DEFAULT
25.1957,-24.1872,2.8986,0.300,HILL,1,HILL,,,,0.000,PREVIEW_DEFAULT
25.2956,-24.2868,2.9075,0.300,HILL,1,HILL,,,,0.000,PREVIEW_DEFAULT
25.3957,-24.3865,2.9161,0.300,HILL,1,HILL,,,,0.000,PREVIEW_DEFAULT
25.4956,-24.4860,2.9245,0.300,HILL,1,HILL,,,,0.000,PREVIEW_DEFAULT
25.5956,-24.5857,2.9328,0.300,HILL,1,HILL,,,,0.000,PREVIEW_DEFAULT
25.6956,-24.6853,2.9411,0.300,HILL,1,HILL,,,,0.000,PREVIEW_DEFAULT
25.7956,-24.7849,2.9496,0.300,HILL,1,HILL,,,,0.000,PREVIEW_DEFAULT
25.8955,-24.8845,2.9582,0.300,HILL,1,HILL,,,,0.000,PREVIEW_DEFAULT
25.9956,-24.9842,2.9669,0.300,HILL,1,HILL,,,,0.000,PREVIEW_DEFAULT
26.0955,-25.0837,2.9758,0.300,HILL,1,HILL,,,,0.000,PREVIEW_DEFAULT
26.1955,-25.1833,2.9852,0.300,HILL,1,HILL,,,,0.000,PREVIEW_DEFAULT
26.2955,-25.2828,2.9946,0.300,HILL,1,HILL,,,,0.000,PREVIEW_DEFAULT
26.3955,-25.3823,3.0043,0.300,HILL,1,HILL,,,,0.000,PREVIEW_DEFAULT
26.4955,-25.4818,3.0143,0.300,HILL,1,HILL,,,,0.000,PREVIEW_DEFAULT
26.5955,-25.5813,3.0244,0.300,HILL,1,HILL,,,,0.000,PREVIEW_DEFAULT
26.6954,-25.6807,3.0346,0.300,HILL,1,HILL,,,,0.000,PREVIEW_DEFAULT
26.7954,-25.7802,3.0448,0.300,HILL,1,HILL,,,,0.000,PREVIEW_DEFAULT
26.8954,-25.8796,3.0551,0.300,HILL,1,HILL,,,,0.000,PREVIEW_DEFAULT
26.9954,-25.9791,3.0652,0.300,HILL,1,HILL,,,,0.000,PREVIEW_DEFAULT
27.0953,-26.0786,3.0752,0.300,HILL,1,HILL,,,,0.000,PREVIEW_DEFAULT
27.1954,-26.1781,3.0849,0.300,HILL,1,HILL,,,,0.000,PREVIEW_DEFAULT
27.2953,-26.2776,3.0944,0.300,HILL,1,HILL,,,,0.000,PREVIEW_DEFAULT
27.3953,-26.3772,3.1037,0.300,HILL,1,HILL,,,,0.000,PREVIEW_DEFAULT
27.4953,-26.4768,3.1126,0.300,HILL,1,HILL,,,,0.000,PREVIEW_DEFAULT
27.5952,-26.5763,3.1214,0.300,HILL,1,HILL,,,,0.000,PREVIEW_DEFAULT
27.6953,-26.6760,3.1300,0.300,HILL,1,HILL,,,,0.000,PREVIEW_DEFAULT
27.7952,-26.7756,3.1383,0.300,HILL,1,HILL,,,,0.000,PREVIEW_DEFAULT
27.8953,-26.8753,3.1464,0.300,HILL,1,HILL,,,,0.000,PREVIEW_DEFAULT
27.9952,-26.9750,3.1544,0.300,HILL,1,HILL,,,,0.000,PREVIEW_DEFAULT
28.0952,-27.0746,3.1622,0.300,HILL,1,HILL,,,,0.000,PREVIEW_DEFAULT
28.1952,-27.1743,3.1698,0.300,HILL,1,HILL,,,,0.000,PREVIEW_DEFAULT
28.2951,-27.2740,3.1773,0.300,HILL,1,HILL,,,,0.000,PREVIEW_DEFAULT
28.3951,-27.3737,3.1847,0.300,HILL,1,HILL,,,,0.000,PREVIEW_DEFAULT
28.4951,-27.4734,3.1919,0.300,HILL,1,HILL,,,,0.000,PREVIEW_DEFAULT
28.5951,-27.5731,3.1990,0.300,HILL,1,HILL,,,,0.000,PREVIEW_DEFAULT
28.6951,-27.6729,3.2061,0.300,HILL,1,HILL,,,,0.000,PREVIEW_DEFAULT
28.7951,-27.7726,3.2133,0.300,HILL,1,HILL,,,,0.000,PREVIEW_DEFAULT
28.8950,-27.8723,3.2204,0.300,HILL,1,HILL,,,,0.000,PREVIEW_DEFAULT
28.9950,-27.9721,3.2278,0.300,HILL,1,HILL,,,,0.000,PREVIEW_DEFAULT
29.0950,-28.0718,3.2355,0.300,HILL,1,HILL,,,,0.000,PREVIEW_DEFAULT
29.1950,-28.1714,3.2436,0.300,HILL,1,HILL,,,,0.000,PREVIEW_DEFAULT
29.2950,-28.2710,3.2523,0.300,HILL,1,HILL,,,,0.000,PREVIEW_DEFAULT
29.3949,-28.3705,3.2617,0.300,HILL,1,HILL,,,,0.000,PREVIEW_DEFAULT
29.4950,-28.4700,3.2718,0.300,HILL,1,HILL,,,,0.000,PREVIEW_DEFAULT
29.5950,-28.5694,3.2827,0.300,HILL,1,HILL,,,,0.000,PREVIEW_DEFAULT
29.6949,-28.6687,3.2944,0.300,HILL,1,HILL,,,,0.000,PREVIEW_DEFAULT
29.7949,-28.7679,3.3068,0.300,HILL,1,HILL,,,,0.000,PREVIEW_DEFAULT
29.8949,-28.8670,3.3201,0.300,HILL,1,HILL,,,,0.000,PREVIEW_DEFAULT
29.9949,-28.9661,3.3339,0.300,HILL,1,HILL,,,,0.000,PREVIEW_DEFAULT
30.0949,-29.0650,3.3483,0.300,HILL,1,HILL,,,,0.000,PREVIEW_DEFAULT
30.1948,-29.1639,3.3631,0.300,HILL,1,HILL,,,,0.000,PREVIEW_DEFAULT
30.2948,-29.2627,3.3783,0.300,HILL,1,HILL,,,,0.000,PREVIEW_DEFAULT
30.3947,-29.3614,3.3937,0.300,HILL,1,HILL,,,,0.000,PREVIEW_DEFAULT
30.4947,-29.4602,3.4092,0.300,HILL,1,HILL,,,,0.000,PREVIEW_DEFAULT
30.5947,-29.5590,3.4247,0.300,HILL,1,HILL,,,,0.000,PREVIEW_DEFAULT
30.6947,-29.6578,3.4403,0.300,HILL,1,HILL,,,,0.000,PREVIEW_DEFAULT
30.7948,-29.7566,3.4556,0.300,HILL,1,HILL,,,,0.000,PREVIEW_DEFAULT
30.8947,-29.8554,3.4707,0.300,HILL,1,HILL,,,,0.000,PREVIEW_DEFAULT
30.9947,-29.9543,3.4855,0.300,HILL,1,HILL,,,,0.000,PREVIEW_DEFAULT
31.0947,-30.0533,3.4998,0.300,HILL,1,HILL,,,,0.000,PREVIEW_DEFAULT
31.1946,-30.1522,3.5138,0.300,HILL,1,HILL,,,,0.000,PREVIEW_DEFAULT
31.2946,-30.2513,3.5272,0.300,HILL,1,HILL,,,,0.000,PREVIEW_DEFAULT
31.3947,-30.3505,3.5402,0.300,HILL,1,HILL,,,,0.000,PREVIEW_DEFAULT
31.4946,-30.4497,3.5524,0.300,HILL,1,HILL,,,,0.000,PREVIEW_DEFAULT
31.5946,-30.5490,3.5642,0.300,HILL,1,HILL,,,,0.000,PREVIEW_DEFAULT
31.6946,-30.6483,3.5753,0.300,HILL,1,HILL,,,,0.000,PREVIEW_DEFAULT
31.7945,-30.7477,3.5857,0.300,HILL,1,HILL,,,,0.000,PREVIEW_DEFAULT
31.8946,-30.8473,3.5955,0.300,HILL,1,HILL,,,,0.000,PREVIEW_DEFAULT
31.9945,-30.9469,3.6048,0.300,HILL,1,HILL,,,,0.000,PREVIEW_DEFAULT
32.0945,-31.0465,3.6133,0.300,HILL,1,HILL,,,,0.000,PREVIEW_DEFAULT
32.1945,-31.1461,3.6213,0.300,HILL,1,HILL,,,,0.000,PREVIEW_DEFAULT
32.2944,-31.2458,3.6287,0.300,HILL,1,HILL,,,,0.000,PREVIEW_DEFAULT
32.3944,-31.3455,3.6357,0.300,HILL,1,HILL,,,,0.000,PREVIEW_DEFAULT
32.4944,-31.4453,3.6422,0.300,HILL,1,HILL,,,,0.000,PREVIEW_DEFAULT
32.5945,-31.5452,3.6482,0.300,HILL,1,HILL,,,,0.000,PREVIEW_DEFAULT
32.6944,-31.6450,3.6539,0.300,HILL,1,HILL,,,,0.000,PREVIEW_DEFAULT
32.7944,-31.7448,3.6594,0.300,HILL,1,HILL,,,,0.000,PREVIEW_DEFAULT
32.8943,-31.8446,3.6647,0.300,HILL,1,HILL,,,,0.000,PREVIEW_DEFAULT
32.9943,-31.9445,3.6699,0.300,HILL,1,HILL,,,,0.000,PREVIEW_DEFAULT
33.0944,-32.0444,3.6751,0.300,HILL,1,HILL,,,,0.000,PREVIEW_DEFAULT
33.1943,-32.1442,3.6804,0.300,HILL,1,HILL,,,,0.000,PREVIEW_DEFAULT
33.2943,-32.2440,3.6859,0.300,HILL,1,HILL,,,,0.000,PREVIEW_DEFAULT
33.3943,-32.3438,3.6917,0.300,HILL,1,HILL,,,,0.000,PREVIEW_DEFAULT
33.4943,-32.4436,3.6979,0.300,HILL,1,HILL,,,,0.000,PREVIEW_DEFAULT
33.5942,-32.5433,3.7046,0.300,HILL,1,HILL,,,,0.000,PREVIEW_DEFAULT
33.6943,-32.6431,3.7117,0.300,HILL,1,HILL,,,,0.000,PREVIEW_DEFAULT
33.7942,-32.7428,3.7195,0.300,HILL,1,HILL,,,,0.000,PREVIEW_DEFAULT
33.8942,-32.8424,3.7279,0.300,HILL,1,HILL,,,,0.000,PREVIEW_DEFAULT
33.9942,-32.9420,3.7368,0.300,HILL,1,HILL,,,,0.000,PREVIEW_DEFAULT
34.0942,-33.0415,3.7464,0.300,HILL,1,HILL,,,,0.000,PREVIEW_DEFAULT
34.1405,-33.0876,3.7510,0.300,HILL,1,HILL,HILL_STOP,STOP_THEN_HOLD,ALWAYS_ONCE,3.000,PREVIEW_DEFAULT
34.1942,-33.1410,3.7566,0.300,HILL,1,HILL,,,ALWAYS_ONCE,0.000,PREVIEW_DEFAULT
34.2941,-33.2403,3.7676,0.300,HILL,1,HILL,,,ALWAYS_ONCE,0.000,PREVIEW_DEFAULT
34.3941,-33.3396,3.7792,0.300,HILL,1,HILL,,,,0.000,PREVIEW_DEFAULT
34.4942,-33.4390,3.7912,0.300,HILL,1,HILL,,,,0.000,PREVIEW_DEFAULT
34.5941,-33.5382,3.8034,0.300,HILL,1,HILL,,,,0.000,PREVIEW_DEFAULT
34.6941,-33.6374,3.8161,0.300,HILL,1,HILL,,,,0.000,PREVIEW_DEFAULT
34.7940,-33.7365,3.8289,0.300,HILL,1,HILL,,,,0.000,PREVIEW_DEFAULT
34.8940,-33.8356,3.8419,0.300,HILL,1,HILL,,,,0.000,PREVIEW_DEFAULT
34.9940,-33.9348,3.8550,0.300,HILL,1,HILL,,,,0.000,PREVIEW_DEFAULT
35.0940,-34.0339,3.8682,0.300,HILL,1,HILL,,,,0.000,PREVIEW_DEFAULT
35.1940,-34.1330,3.8814,0.300,HILL,1,HILL,,,,0.000,PREVIEW_DEFAULT
35.2940,-34.2321,3.8948,0.300,HILL,1,HILL,,,,0.000,PREVIEW_DEFAULT
35.3939,-34.3311,3.9081,0.300,HILL,1,HILL,,,,0.000,PREVIEW_DEFAULT
35.4939,-34.4302,3.9216,0.300,HILL,1,HILL,,,,0.000,PREVIEW_DEFAULT
35.5939,-34.5292,3.9351,0.300,HILL,1,HILL,,,,0.000,PREVIEW_DEFAULT
35.6939,-34.6283,3.9488,0.300,HILL,1,HILL,,,,0.000,PREVIEW_DEFAULT
35.7939,-34.7274,3.9624,0.300,HILL,1,HILL,,,,0.000,PREVIEW_DEFAULT
35.8939,-34.8264,3.9761,0.300,HILL,1,HILL,,,,0.000,PREVIEW_DEFAULT
35.9938,-34.9254,3.9899,0.300,HILL,1,HILL,,,,0.000,PREVIEW_DEFAULT
36.0938,-35.0244,4.0037,0.300,HILL,1,HILL,,,,0.000,PREVIEW_DEFAULT
36.1937,-35.1234,4.0174,0.300,HILL,1,HILL,,,,0.000,PREVIEW_DEFAULT
36.2938,-35.2225,4.0311,0.300,HILL,1,HILL,,,,0.000,PREVIEW_DEFAULT
36.3937,-35.3215,4.0449,0.300,HILL,1,HILL,,,,0.000,PREVIEW_DEFAULT
36.4937,-35.4206,4.0584,0.300,HILL,1,HILL,,,,0.000,PREVIEW_DEFAULT
36.5938,-35.5197,4.0718,0.300,HILL,1,HILL,,,,0.000,PREVIEW_DEFAULT
36.6937,-35.6188,4.0850,0.300,HILL,1,HILL,,,,0.000,PREVIEW_DEFAULT
36.7937,-35.7179,4.0981,0.300,HILL,1,HILL,,,,0.000,PREVIEW_DEFAULT
36.8937,-35.8171,4.1108,0.300,HILL,1,HILL,,,,0.000,PREVIEW_DEFAULT
36.9936,-35.9163,4.1231,0.300,HILL,1,HILL,,,,0.000,PREVIEW_DEFAULT
37.0937,-36.0156,4.1352,0.300,HILL,1,HILL,,,,0.000,PREVIEW_DEFAULT
37.1936,-36.1149,4.1467,0.300,HILL,1,HILL,,,,0.000,PREVIEW_DEFAULT
37.2936,-36.2143,4.1576,0.300,HILL,1,HILL,,,,0.000,PREVIEW_DEFAULT
37.3936,-36.3138,4.1679,0.300,HILL,1,HILL,,,,0.000,PREVIEW_DEFAULT
37.4936,-36.4133,4.1776,0.300,HILL,1,HILL,,,,0.000,PREVIEW_DEFAULT
37.5936,-36.5129,4.1865,0.300,HILL,1,HILL,,,,0.000,PREVIEW_DEFAULT
37.6936,-36.6125,4.1944,0.300,HILL,1,HILL,,,,0.000,PREVIEW_DEFAULT
37.7936,-36.7123,4.2013,0.300,HILL,1,HILL,,,,0.000,PREVIEW_DEFAULT
37.8935,-36.8120,4.2073,0.300,HILL,1,HILL,,,,0.000,PREVIEW_DEFAULT
37.9935,-36.9119,4.2121,0.300,HILL,1,HILL,,,,0.000,PREVIEW_DEFAULT
38.0935,-37.0119,4.2157,0.300,HILL,1,HILL,,,,0.000,PREVIEW_DEFAULT
38.1935,-37.1118,4.2183,0.300,HILL,1,HILL,,,,0.000,PREVIEW_DEFAULT
38.2934,-37.2117,4.2197,0.300,HILL,1,HILL,,,,0.000,PREVIEW_DEFAULT
38.3935,-37.3118,4.2200,0.300,HILL,1,HILL,,,,0.000,PREVIEW_DEFAULT
38.4934,-37.4117,4.2195,0.300,HILL,1,HILL,,,,0.000,PREVIEW_DEFAULT
38.5934,-37.5117,4.2183,0.300,HILL,1,HILL,,,,0.000,PREVIEW_DEFAULT
38.6934,-37.6117,4.2164,0.300,HILL,1,HILL,,,,0.000,PREVIEW_DEFAULT
38.7933,-37.7116,4.2143,0.300,HILL,1,HILL,,,,0.000,PREVIEW_DEFAULT
38.8933,-37.8116,4.2127,0.300,HILL,1,HILL,,,,0.000,PREVIEW_DEFAULT
38.9934,-37.9116,4.2120,0.300,HILL,1,HILL,,,,0.000,PREVIEW_DEFAULT
39.0933,-38.0116,4.2124,0.300,HILL,1,HILL,,,,0.000,PREVIEW_DEFAULT
39.1933,-38.1115,4.2139,0.300,HILL,1,HILL,,,,0.000,PREVIEW_DEFAULT
39.2933,-38.2115,4.2166,0.300,HILL,1,HILL,,,,0.000,PREVIEW_DEFAULT
39.3932,-38.3114,4.2204,0.300,HILL,1,HILL,,,,0.000,PREVIEW_DEFAULT
39.4933,-38.4113,4.2252,0.300,HILL,1,HILL,,,,0.000,PREVIEW_DEFAULT
39.5932,-38.5110,4.2308,0.300,HILL,1,HILL,,,,0.000,PREVIEW_DEFAULT
39.6932,-38.6109,4.2372,0.300,HILL,1,HILL,,,,0.000,PREVIEW_DEFAULT
39.7932,-38.7106,4.2441,0.300,HILL,1,HILL,,,,0.000,PREVIEW_DEFAULT
39.8932,-38.8103,4.2517,0.300,HILL,1,HILL,,,,0.000,PREVIEW_DEFAULT
39.9931,-38.9100,4.2595,0.300,HILL,1,HILL,,,,0.000,PREVIEW_DEFAULT
40.0931,-39.0096,4.2679,0.300,HILL,1,HILL,,,,0.000,PREVIEW_DEFAULT
40.1931,-39.1092,4.2766,0.300,HILL,1,HILL,,,,0.000,PREVIEW_DEFAULT
40.2931,-39.2088,4.2857,0.300,HILL,1,HILL,,,,0.000,PREVIEW_DEFAULT
40.3931,-39.3083,4.2950,0.300,HILL,1,HILL,,,,0.000,PREVIEW_DEFAULT
40.4930,-39.4078,4.3048,0.300,HILL,1,HILL,,,,0.000,PREVIEW_DEFAULT
40.5931,-39.5073,4.3150,0.300,HILL,1,HILL,,,,0.000,PREVIEW_DEFAULT
40.6930,-39.6067,4.3256,0.300,HILL,1,HILL,,,,0.000,PREVIEW_DEFAULT
40.7930,-39.7061,4.3365,0.300,HILL,1,HILL,,,,0.000,PREVIEW_DEFAULT
40.8930,-39.8054,4.3481,0.300,HILL,1,HILL,,,,0.000,PREVIEW_DEFAULT
40.9929,-39.9046,4.3602,0.300,HILL,1,HILL,,,,0.000,PREVIEW_DEFAULT
41.0929,-40.0038,4.3730,0.300,HILL,1,HILL,,,,0.000,PREVIEW_DEFAULT
41.1930,-40.1029,4.3863,0.300,HILL,1,HILL,,,,0.000,PREVIEW_DEFAULT
41.2929,-40.2019,4.4003,0.300,HILL,1,HILL,,,,0.000,PREVIEW_DEFAULT
41.3929,-40.3008,4.4150,0.300,HILL,1,HILL,,,,0.000,PREVIEW_DEFAULT
41.4929,-40.3996,4.4303,0.300,HILL,1,HILL,,,,0.000,PREVIEW_DEFAULT
41.5928,-40.4983,4.4462,0.300,HILL,1,HILL,,,,0.000,PREVIEW_DEFAULT
41.6929,-40.5970,4.4627,0.300,HILL,1,HILL,,,,0.000,PREVIEW_DEFAULT
41.7928,-40.6955,4.4796,0.300,HILL,1,HILL,,,,0.000,PREVIEW_DEFAULT
41.8928,-40.7939,4.4968,0.300,HILL,1,HILL,,,,0.000,PREVIEW_DEFAULT
41.9927,-40.8923,4.5144,0.300,HILL,1,HILL,,,,0.000,PREVIEW_DEFAULT
42.0928,-40.9908,4.5321,0.300,HILL,1,HILL,,,,0.000,PREVIEW_DEFAULT
42.1927,-41.0891,4.5499,0.300,HILL,1,HILL,,,,0.000,PREVIEW_DEFAULT
42.2928,-41.1876,4.5676,0.300,HILL,1,HILL,,,,0.000,PREVIEW_DEFAULT
42.3927,-41.2860,4.5851,0.300,HILL,1,HILL,,,,0.000,PREVIEW_DEFAULT
42.4928,-41.3845,4.6023,0.300,HILL,1,HILL,,,,0.000,PREVIEW_DEFAULT
42.5927,-41.4831,4.6190,0.300,HILL,1,HILL,,,,0.000,PREVIEW_DEFAULT
42.6926,-41.5817,4.6352,0.300,HILL,1,HILL,,,,0.000,PREVIEW_DEFAULT
42.7927,-41.6805,4.6508,0.300,HILL,1,HILL,,,,0.000,PREVIEW_DEFAULT
42.8927,-41.7794,4.6658,0.300,HILL,1,HILL,,,,0.000,PREVIEW_DEFAULT
42.9926,-41.8783,4.6801,0.300,HILL,1,HILL,,,,0.000,PREVIEW_DEFAULT
43.0926,-41.9773,4.6938,0.300,HILL,1,HILL,,,,0.000,PREVIEW_DEFAULT
43.1926,-42.0764,4.7071,0.300,HILL,1,HILL,,,,0.000,PREVIEW_DEFAULT
43.2926,-42.1756,4.7199,0.300,HILL,1,HILL,,,,0.000,PREVIEW_DEFAULT
43.3925,-42.2748,4.7324,0.300,HILL,1,HILL,,,,0.000,PREVIEW_DEFAULT
43.4926,-42.3741,4.7446,0.300,HILL,1,HILL,,,,0.000,PREVIEW_DEFAULT
43.5925,-42.4733,4.7565,0.300,HILL,1,HILL,,,,0.000,PREVIEW_DEFAULT
43.6925,-42.5726,4.7682,0.300,HILL,1,HILL,,,,0.000,PREVIEW_DEFAULT
43.7925,-42.6719,4.7796,0.300,HILL,1,HILL,,,,0.000,PREVIEW_DEFAULT
43.8924,-42.7712,4.7909,0.300,HILL,1,HILL,,,,0.000,PREVIEW_DEFAULT
43.9924,-42.8706,4.8021,0.300,HILL,1,HILL,,,,0.000,PREVIEW_DEFAULT
44.0925,-42.9700,4.8132,0.300,HILL,1,HILL,,,,0.000,PREVIEW_DEFAULT
44.1924,-43.0693,4.8241,0.300,HILL,1,HILL,,,,0.000,PREVIEW_DEFAULT
44.2924,-43.1687,4.8350,0.300,HILL,1,HILL,,,,0.000,PREVIEW_DEFAULT
44.3924,-43.2682,4.8456,0.300,HILL,1,HILL,,,,0.000,PREVIEW_DEFAULT
44.4924,-43.3676,4.8564,0.300,HILL,1,HILL,,,,0.000,PREVIEW_DEFAULT
44.5924,-43.4670,4.8671,0.300,HILL,1,HILL,,,,0.000,PREVIEW_DEFAULT
44.6923,-43.5664,4.8779,0.300,HILL,1,HILL,,,,0.000,PREVIEW_DEFAULT
44.7923,-43.6658,4.8886,0.300,HILL,1,HILL,,,,0.000,PREVIEW_DEFAULT
44.8924,-43.7652,4.8994,0.300,HILL,1,HILL,,,,0.000,PREVIEW_DEFAULT
44.9923,-43.8645,4.9103,0.300,HILL,1,HILL,,,,0.000,PREVIEW_DEFAULT
45.0922,-43.9639,4.9212,0.300,HILL,1,HILL,,,,0.000,PREVIEW_DEFAULT
45.1923,-44.0634,4.9323,0.300,HILL,1,HILL,,,,0.000,PREVIEW_DEFAULT
45.2923,-44.1627,4.9434,0.300,HILL,1,HILL,,,,0.000,PREVIEW_DEFAULT
45.3922,-44.2621,4.9545,0.300,HILL,1,HILL,,,,0.000,PREVIEW_DEFAULT
45.4922,-44.3614,4.9656,0.300,HILL,1,HILL,,,,0.000,PREVIEW_DEFAULT
45.5922,-44.4608,4.9768,0.300,HILL,1,HILL,,,,0.000,PREVIEW_DEFAULT
45.6921,-44.5601,4.9879,0.300,HILL,1,HILL,,,,0.000,PREVIEW_DEFAULT
45.7922,-44.6596,4.9989,0.300,HILL,1,HILL,,,,0.000,PREVIEW_DEFAULT
45.8921,-44.7589,5.0100,0.300,HILL,1,HILL,,,,0.000,PREVIEW_DEFAULT
45.9921,-44.8583,5.0209,0.300,HILL,1,HILL,,,,0.000,PREVIEW_DEFAULT
46.0921,-44.9577,5.0318,0.300,HILL,1,HILL,,,,0.000,PREVIEW_DEFAULT
46.1920,-45.0570,5.0427,0.300,HILL,1,HILL,,,,0.000,PREVIEW_DEFAULT
46.2920,-45.1564,5.0535,0.300,HILL,1,HILL,,,,0.000,PREVIEW_DEFAULT
46.3920,-45.2558,5.0644,0.300,HILL,1,HILL,,,,0.000,PREVIEW_DEFAULT
46.4920,-45.3552,5.0753,0.300,HILL,1,HILL,,,,0.000,PREVIEW_DEFAULT
46.5920,-45.4546,5.0862,0.300,HILL,1,HILL,,,,0.000,PREVIEW_DEFAULT
46.6920,-45.5540,5.0971,0.300,HILL,1,HILL,,,,0.000,PREVIEW_DEFAULT
46.7920,-45.6534,5.1080,0.300,HILL,1,HILL,,,,0.000,PREVIEW_DEFAULT
46.8919,-45.7527,5.1190,0.300,HILL,1,HILL,,,,0.000,PREVIEW_DEFAULT
46.9920,-45.8522,5.1301,0.300,HILL,1,HILL,,,,0.000,PREVIEW_DEFAULT
47.0920,-45.9515,5.1413,0.300,HILL,1,HILL,,,,0.000,PREVIEW_DEFAULT
47.1919,-46.0508,5.1525,0.300,HILL,1,HILL,,,,0.000,PREVIEW_DEFAULT
47.2919,-46.1502,5.1638,0.300,HILL,1,HILL,,,,0.000,PREVIEW_DEFAULT
47.3919,-46.2495,5.1752,0.300,HILL,1,HILL,,,,0.000,PREVIEW_DEFAULT
47.4919,-46.3488,5.1868,0.300,HILL,1,HILL,,,,0.000,PREVIEW_DEFAULT
47.5919,-46.4482,5.1983,0.300,HILL,1,HILL,,,,0.000,PREVIEW_DEFAULT
47.6918,-46.5474,5.2099,0.300,HILL,1,HILL,,,,0.000,PREVIEW_DEFAULT
47.7918,-46.6467,5.2216,0.300,HILL,1,HILL,,,,0.000,PREVIEW_DEFAULT
47.8917,-46.7460,5.2334,0.300,HILL,1,HILL,,,,0.000,PREVIEW_DEFAULT
47.9917,-46.8453,5.2452,0.300,HILL,1,HILL,,,,0.000,PREVIEW_DEFAULT
48.0917,-46.9446,5.2570,0.300,HILL,1,HILL,,,,0.000,PREVIEW_DEFAULT
48.1918,-47.0439,5.2689,0.300,HILL,1,HILL,,,,0.000,PREVIEW_DEFAULT
48.2917,-47.1431,5.2809,0.300,HILL,1,HILL,,,,0.000,PREVIEW_DEFAULT
48.3917,-47.2424,5.2929,0.300,HILL,1,HILL,,,,0.000,PREVIEW_DEFAULT
48.4917,-47.3416,5.3051,0.300,HILL,1,HILL,,,,0.000,PREVIEW_DEFAULT
48.5917,-47.4409,5.3171,0.300,HILL,1,HILL,,,,0.000,PREVIEW_DEFAULT
48.6916,-47.5401,5.3294,0.300,HILL,1,HILL,,,,0.000,PREVIEW_DEFAULT
48.7916,-47.6393,5.3415,0.300,HILL,1,HILL,,,,0.000,PREVIEW_DEFAULT
48.8917,-47.7386,5.3538,0.300,HILL,1,HILL,,,,0.000,PREVIEW_DEFAULT
48.9916,-47.8378,5.3659,0.300,HILL,1,HILL,,,,0.000,PREVIEW_DEFAULT
49.0916,-47.9371,5.3781,0.300,HILL,1,HILL,,,,0.000,PREVIEW_DEFAULT
49.1916,-48.0363,5.3902,0.300,HILL,1,HILL,,,,0.000,PREVIEW_DEFAULT
49.2915,-48.1355,5.4024,0.300,HILL,1,HILL,,,,0.000,PREVIEW_DEFAULT
49.3915,-48.2347,5.4144,0.300,HILL,1,HILL,,,,0.000,PREVIEW_DEFAULT
49.4916,-48.3341,5.4264,0.300,HILL,1,HILL,,,,0.000,PREVIEW_DEFAULT
49.5915,-48.4333,5.4384,0.300,HILL,1,HILL,,,,0.000,PREVIEW_DEFAULT
49.6915,-48.5326,5.4503,0.300,HILL,1,HILL,,,,0.000,PREVIEW_DEFAULT
49.7914,-48.6318,5.4622,0.300,HILL,1,HILL,,,,0.000,PREVIEW_DEFAULT
49.8914,-48.7311,5.4740,0.300,HILL,1,HILL,,,,0.000,PREVIEW_DEFAULT
49.9914,-48.8304,5.4858,0.300,HILL,1,HILL,,,,0.000,PREVIEW_DEFAULT
50.0914,-48.9297,5.4976,0.300,HILL,1,HILL,,,,0.000,PREVIEW_DEFAULT
50.1914,-49.0290,5.5095,0.300,HILL,1,HILL,,,,0.000,PREVIEW_DEFAULT
50.2913,-49.1282,5.5213,0.300,HILL,1,HILL,,,,0.000,PREVIEW_DEFAULT
50.3913,-49.2275,5.5334,0.300,HILL,1,HILL,,,,0.000,PREVIEW_DEFAULT
50.4913,-49.3267,5.5454,0.300,HILL,1,HILL,,,,0.000,PREVIEW_DEFAULT
50.5913,-49.4260,5.5575,0.300,HILL,1,HILL,,,,0.000,PREVIEW_DEFAULT
50.6913,-49.5252,5.5699,0.300,HILL,1,HILL,,,,0.000,PREVIEW_DEFAULT
50.7913,-49.6244,5.5823,0.300,HILL,1,HILL,,,,0.000,PREVIEW_DEFAULT
50.8913,-49.7237,5.5948,0.300,HILL,1,HILL,,,,0.000,PREVIEW_DEFAULT
50.9913,-49.8229,5.6075,0.300,HILL,1,HILL,,,,0.000,PREVIEW_DEFAULT
51.0912,-49.9220,5.6203,0.300,HILL,1,HILL,,,,0.000,PREVIEW_DEFAULT
51.1912,-50.0211,5.6333,0.300,HILL,1,HILL,,,,0.000,PREVIEW_DEFAULT
51.2912,-50.1203,5.6464,0.300,HILL,1,HILL,,,,0.000,PREVIEW_DEFAULT
51.3912,-50.2194,5.6595,0.300,HILL,1,HILL,,,,0.000,PREVIEW_DEFAULT
51.4912,-50.3185,5.6728,0.300,HILL,1,HILL,,,,0.000,PREVIEW_DEFAULT
51.5912,-50.4175,5.6863,0.300,HILL,1,HILL,,,,0.000,PREVIEW_DEFAULT
51.6911,-50.5166,5.6998,0.300,HILL,1,HILL,,,,0.000,PREVIEW_DEFAULT
51.7911,-50.6157,5.7134,0.300,HILL,1,HILL,,,,0.000,PREVIEW_DEFAULT
51.8911,-50.7147,5.7272,0.300,HILL,1,HILL,,,,0.000,PREVIEW_DEFAULT
51.9911,-50.8137,5.7410,0.300,HILL,1,HILL,,,,0.000,PREVIEW_DEFAULT
52.0910,-50.9127,5.7547,0.300,HILL,1,HILL,,,,0.000,PREVIEW_DEFAULT
52.1910,-51.0117,5.7686,0.300,HILL,1,HILL,,,,0.000,PREVIEW_DEFAULT
52.2910,-51.1108,5.7822,0.300,HILL,1,HILL,,,,0.000,PREVIEW_DEFAULT
52.3910,-51.2099,5.7956,0.300,HILL,1,HILL,,,,0.000,PREVIEW_DEFAULT
52.4910,-51.3090,5.8089,0.300,HILL,1,HILL,,,,0.000,PREVIEW_DEFAULT
52.5910,-51.4081,5.8218,0.300,HILL,1,HILL,,,,0.000,PREVIEW_DEFAULT
52.6910,-51.5073,5.8342,0.300,HILL,1,HILL,,,,0.000,PREVIEW_DEFAULT
52.7909,-51.6066,5.8463,0.300,HILL,1,HILL,,,,0.000,PREVIEW_DEFAULT
52.8910,-51.7059,5.8579,0.300,HILL,1,HILL,,,,0.000,PREVIEW_DEFAULT
52.9909,-51.8052,5.8689,0.300,HILL,1,HILL,,,,0.000,PREVIEW_DEFAULT
53.0910,-51.9048,5.8793,0.300,HILL,1,HILL,,,,0.000,PREVIEW_DEFAULT
53.1909,-52.0042,5.8892,0.300,HILL,1,HILL,,,,0.000,PREVIEW_DEFAULT
53.2908,-52.1037,5.8986,0.300,HILL,1,HILL,,,,0.000,PREVIEW_DEFAULT
53.3909,-52.2034,5.9074,0.300,HILL,1,HILL,,,,0.000,PREVIEW_DEFAULT
53.4909,-52.3030,5.9157,0.300,HILL,1,HILL,,,,0.000,PREVIEW_DEFAULT
53.5908,-52.4027,5.9235,0.300,HILL,1,HILL,,,,0.000,PREVIEW_DEFAULT
53.6908,-52.5023,5.9311,0.300,HILL,1,HILL,,,,0.000,PREVIEW_DEFAULT
53.7907,-52.6020,5.9382,0.300,HILL,1,HILL,,,,0.000,PREVIEW_DEFAULT
53.8907,-52.7018,5.9451,0.300,HILL,1,HILL,,,,0.000,PREVIEW_DEFAULT
53.9908,-52.8016,5.9518,0.300,HILL,1,HILL,,,,0.000,PREVIEW_DEFAULT
54.0907,-52.9013,5.9585,0.300,HILL,1,HILL,,,,0.000,PREVIEW_DEFAULT
54.1907,-53.0011,5.9651,0.300,HILL,1,HILL,,,,0.000,PREVIEW_DEFAULT
54.2907,-53.1009,5.9717,0.300,HILL,1,HILL,,,,0.000,PREVIEW_DEFAULT
54.3907,-53.2006,5.9785,0.300,HILL,1,HILL,,,,0.000,PREVIEW_DEFAULT
54.4906,-53.3003,5.9855,0.300,HILL,1,HILL,,,,0.000,PREVIEW_DEFAULT
54.5906,-53.4000,5.9926,0.300,HILL,1,HILL,,,,0.000,PREVIEW_DEFAULT
54.6906,-53.4998,6.0000,0.300,HILL,1,HILL,,,,0.000,PREVIEW_DEFAULT
54.7907,-53.5995,6.0078,0.300,HILL,1,HILL,,,,0.000,PREVIEW_DEFAULT
54.8905,-53.6991,6.0157,0.300,HILL,1,HILL,,,,0.000,PREVIEW_DEFAULT
54.9905,-53.7987,6.0240,0.300,HILL,1,HILL,,,,0.000,PREVIEW_DEFAULT
55.0906,-53.8984,6.0326,0.300,HILL,1,HILL,,,,0.000,PREVIEW_DEFAULT
55.1905,-53.9980,6.0414,0.300,HILL,1,HILL,,,,0.000,PREVIEW_DEFAULT
55.2905,-54.0976,6.0504,0.300,HILL,1,HILL,,,,0.000,PREVIEW_DEFAULT
55.3905,-54.1971,6.0595,0.300,HILL,1,HILL,,,,0.000,PREVIEW_DEFAULT
55.4904,-54.2966,6.0687,0.300,HILL,1,HILL,,,,0.000,PREVIEW_DEFAULT
55.5905,-54.3963,6.0779,0.300,HILL,1,HILL,,,,0.000,PREVIEW_DEFAULT
55.6904,-54.4958,6.0870,0.300,HILL,1,HILL,,,,0.000,PREVIEW_DEFAULT
55.7904,-54.5954,6.0960,0.300,HILL,1,HILL,,,,0.000,PREVIEW_DEFAULT
55.8904,-54.6949,6.1048,0.300,HILL,1,HILL,,,,0.000,PREVIEW_DEFAULT
55.9905,-54.7947,6.1134,0.300,HILL,1,HILL,,,,0.000,PREVIEW_DEFAULT
56.0904,-54.8943,6.1215,0.300,HILL,1,HILL,,,,0.000,PREVIEW_DEFAULT
56.1903,-54.9939,6.1293,0.300,HILL,1,HILL,,,,0.000,PREVIEW_DEFAULT
56.2903,-55.0936,6.1366,0.300,HILL,1,HILL,,,,0.000,PREVIEW_DEFAULT
56.3904,-55.1934,6.1433,0.300,HILL,1,HILL,,,,0.000,PREVIEW_DEFAULT
56.4903,-55.2931,6.1495,0.300,HILL,1,HILL,,,,0.000,PREVIEW_DEFAULT
56.5903,-55.3930,6.1552,0.300,HILL,1,HILL,,,,0.000,PREVIEW_DEFAULT
56.6903,-55.4929,6.1600,0.300,HILL,1,HILL,,,,0.000,PREVIEW_DEFAULT
56.7903,-55.5928,6.1642,0.300,HILL,1,HILL,,,,0.000,PREVIEW_DEFAULT
56.8186,-55.6211,6.1653,0.300,HILL,1,HILL,HILL_END,EXIT_ZONE,,0.000,PREVIEW_DEFAULT
56.8903,-55.6927,6.1677,0.300,HILL,1,HILL,,,,0.000,PREVIEW_DEFAULT
56.9902,-55.7926,6.1704,0.300,HILL,1,HILL,,,,0.000,PREVIEW_DEFAULT
57.0811,-55.8835,6.1728,0.300,NORMAL,1,ROUTE,,,,0.000,PREVIEW_DEFAULT
57.0902,-55.8926,6.1731,0.300,NORMAL,1,ROUTE,,,,0.000,PREVIEW_DEFAULT
57.1902,-55.9925,6.1758,0.300,NORMAL,1,ROUTE,,,,0.000,PREVIEW_DEFAULT
57.2901,-56.0924,6.1787,0.300,NORMAL,1,ROUTE,,,,0.000,PREVIEW_DEFAULT
57.3901,-56.1924,6.1816,0.300,NORMAL,1,ROUTE,,,,0.000,PREVIEW_DEFAULT
57.4902,-56.2924,6.1845,0.300,NORMAL,1,ROUTE,,,,0.000,PREVIEW_DEFAULT
57.5901,-56.3923,6.1871,0.300,NORMAL,1,ROUTE,,,,0.000,PREVIEW_DEFAULT
57.6901,-56.4923,6.1898,0.300,NORMAL,1,ROUTE,,,,0.000,PREVIEW_DEFAULT
57.7901,-56.5922,6.1924,0.300,NORMAL,1,ROUTE,,,,0.000,PREVIEW_DEFAULT
57.8901,-56.6921,6.1948,0.300,NORMAL,1,ROUTE,,,,0.000,PREVIEW_DEFAULT
57.9900,-56.7921,6.1970,0.300,NORMAL,1,ROUTE,,,,0.000,PREVIEW_DEFAULT
58.0901,-56.8921,6.1992,0.300,NORMAL,1,ROUTE,,,,0.000,PREVIEW_DEFAULT
58.1900,-56.9920,6.2011,0.300,NORMAL,1,ROUTE,,,,0.000,PREVIEW_DEFAULT
58.2900,-57.0920,6.2030,0.300,NORMAL,1,ROUTE,,,,0.000,PREVIEW_DEFAULT
58.3900,-57.1920,6.2047,0.300,NORMAL,1,ROUTE,,,,0.000,PREVIEW_DEFAULT
58.4899,-57.2919,6.2064,0.300,NORMAL,1,ROUTE,,,,0.000,PREVIEW_DEFAULT
58.5899,-57.3919,6.2078,0.300,NORMAL,1,ROUTE,,,,0.000,PREVIEW_DEFAULT
58.6899,-57.4918,6.2091,0.300,NORMAL,1,ROUTE,,,,0.000,PREVIEW_DEFAULT
58.7899,-57.5919,6.2104,0.300,NORMAL,1,ROUTE,,,,0.000,PREVIEW_DEFAULT
58.8899,-57.6918,6.2113,0.300,NORMAL,1,ROUTE,,,,0.000,PREVIEW_DEFAULT
58.9899,-57.7919,6.2121,0.300,NORMAL,1,ROUTE,,,,0.000,PREVIEW_DEFAULT
59.0899,-57.8918,6.2125,0.300,NORMAL,1,ROUTE,,,,0.000,PREVIEW_DEFAULT
59.1899,-57.9918,6.2126,0.300,NORMAL,1,ROUTE,,,,0.000,PREVIEW_DEFAULT
59.2899,-58.0918,6.2123,0.300,NORMAL,1,ROUTE,,,,0.000,PREVIEW_DEFAULT
59.3898,-58.1917,6.2114,0.300,NORMAL,1,ROUTE,,,,0.000,PREVIEW_DEFAULT
59.4898,-58.2917,6.2100,0.300,NORMAL,1,ROUTE,,,,0.000,PREVIEW_DEFAULT
59.5898,-58.3917,6.2078,0.300,NORMAL,1,ROUTE,,,,0.000,PREVIEW_DEFAULT
59.6898,-58.4916,6.2048,0.300,NORMAL,1,ROUTE,,,,0.000,PREVIEW_DEFAULT
59.7897,-58.5915,6.2009,0.300,NORMAL,1,ROUTE,,,,0.000,PREVIEW_DEFAULT
59.8897,-58.6914,6.1959,0.300,NORMAL,1,ROUTE,,,,0.000,PREVIEW_DEFAULT
59.9897,-58.7911,6.1898,0.300,NORMAL,1,ROUTE,,,,0.000,PREVIEW_DEFAULT
60.0897,-58.8909,6.1823,0.300,NORMAL,1,ROUTE,,,,0.000,PREVIEW_DEFAULT
60.1897,-58.9905,6.1734,0.300,NORMAL,1,ROUTE,,,,0.000,PREVIEW_DEFAULT
60.2897,-59.0899,6.1630,0.300,NORMAL,1,ROUTE,,,,0.000,PREVIEW_DEFAULT
60.3896,-59.1892,6.1510,0.300,NORMAL,1,ROUTE,,,,0.000,PREVIEW_DEFAULT
60.4897,-59.2882,6.1373,0.300,NORMAL,1,ROUTE,,,,0.000,PREVIEW_DEFAULT
60.5897,-59.3870,6.1218,0.300,NORMAL,1,ROUTE,,,,0.000,PREVIEW_DEFAULT
60.6896,-59.4854,6.1047,0.300,NORMAL,1,ROUTE,,,,0.000,PREVIEW_DEFAULT
60.7896,-59.5836,6.0856,0.300,NORMAL,1,ROUTE,,,,0.000,PREVIEW_DEFAULT
60.8896,-59.6815,6.0649,0.300,NORMAL,1,ROUTE,,,,0.000,PREVIEW_DEFAULT
60.9895,-59.7788,6.0423,0.300,NORMAL,1,ROUTE,,,,0.000,PREVIEW_DEFAULT
61.0895,-59.8758,6.0180,0.300,NORMAL,1,ROUTE,,,,0.000,PREVIEW_DEFAULT
61.1895,-59.9724,5.9919,0.300,NORMAL,1,ROUTE,,,,0.000,PREVIEW_DEFAULT
61.2894,-60.0683,5.9641,0.300,NORMAL,1,ROUTE,,,,0.000,PREVIEW_DEFAULT
61.3895,-60.1639,5.9347,0.300,NORMAL,1,ROUTE,,,,0.000,PREVIEW_DEFAULT
61.4895,-60.2590,5.9035,0.300,NORMAL,1,ROUTE,,,,0.000,PREVIEW_DEFAULT
61.5894,-60.3534,5.8708,0.300,NORMAL,1,ROUTE,,,,0.000,PREVIEW_DEFAULT
61.6894,-60.4473,5.8365,0.300,NORMAL,1,ROUTE,,,,0.000,PREVIEW_DEFAULT
61.7894,-60.5407,5.8007,0.300,NORMAL,1,ROUTE,,,,0.000,PREVIEW_DEFAULT
61.8893,-60.6335,5.7635,0.300,NORMAL,1,ROUTE,,,,0.000,PREVIEW_DEFAULT
61.9893,-60.7257,5.7249,0.300,NORMAL,1,ROUTE,,,,0.000,PREVIEW_DEFAULT
62.0893,-60.8173,5.6847,0.300,NORMAL,1,ROUTE,,,,0.000,PREVIEW_DEFAULT
62.1894,-60.9082,5.6432,0.300,NORMAL,1,ROUTE,,,,0.000,PREVIEW_DEFAULT
62.2893,-60.9985,5.6002,0.300,NORMAL,1,ROUTE,,,,0.000,PREVIEW_DEFAULT
62.3893,-61.0881,5.5559,0.300,NORMAL,1,ROUTE,,,,0.000,PREVIEW_DEFAULT
62.4893,-61.1771,5.5102,0.300,NORMAL,1,ROUTE,,,,0.000,PREVIEW_DEFAULT
62.5892,-61.2652,5.4630,0.300,NORMAL,1,ROUTE,,,,0.000,PREVIEW_DEFAULT
62.6892,-61.3525,5.4144,0.300,NORMAL,1,ROUTE,,,,0.000,PREVIEW_DEFAULT
62.7893,-61.4391,5.3643,0.300,NORMAL,1,ROUTE,,,,0.000,PREVIEW_DEFAULT
62.8892,-61.5247,5.3128,0.300,NORMAL,1,ROUTE,,,,0.000,PREVIEW_DEFAULT
62.9891,-61.6095,5.2598,0.300,NORMAL,1,ROUTE,,,,0.000,PREVIEW_DEFAULT
63.0891,-61.6933,5.2052,0.300,NORMAL,1,ROUTE,,,,0.000,PREVIEW_DEFAULT
63.1891,-61.7760,5.1490,0.300,NORMAL,1,ROUTE,,,,0.000,PREVIEW_DEFAULT
63.2891,-61.8576,5.0913,0.300,NORMAL,1,ROUTE,,,,0.000,PREVIEW_DEFAULT
63.3891,-61.9381,5.0319,0.300,NORMAL,1,ROUTE,,,,0.000,PREVIEW_DEFAULT
63.4891,-62.0173,4.9709,0.300,NORMAL,1,ROUTE,,,,0.000,PREVIEW_DEFAULT
63.5891,-62.0953,4.9084,0.300,NORMAL,1,ROUTE,,,,0.000,PREVIEW_DEFAULT
63.6891,-62.1721,4.8443,0.300,NORMAL,1,ROUTE,,,,0.000,PREVIEW_DEFAULT
63.7890,-62.2475,4.7788,0.300,NORMAL,1,ROUTE,,,,0.000,PREVIEW_DEFAULT
63.8890,-62.3217,4.7118,0.300,NORMAL,1,ROUTE,,,,0.000,PREVIEW_DEFAULT
63.9890,-62.3946,4.6433,0.300,NORMAL,1,ROUTE,,,,0.000,PREVIEW_DEFAULT
64.0890,-62.4664,4.5736,0.300,NORMAL,1,ROUTE,,,,0.000,PREVIEW_DEFAULT
64.1889,-62.5370,4.5029,0.300,NORMAL,1,ROUTE,,,,0.000,PREVIEW_DEFAULT
64.2889,-62.6065,4.4310,0.300,NORMAL,1,ROUTE,,,,0.000,PREVIEW_DEFAULT
64.3889,-62.6750,4.3582,0.300,NORMAL,1,ROUTE,,,,0.000,PREVIEW_DEFAULT
64.4889,-62.7425,4.2845,0.300,NORMAL,1,ROUTE,,,,0.000,PREVIEW_DEFAULT
64.5889,-62.8091,4.2098,0.300,NORMAL,1,ROUTE,,,,0.000,PREVIEW_DEFAULT
64.6889,-62.8747,4.1344,0.300,NORMAL,1,ROUTE,,,,0.000,PREVIEW_DEFAULT
64.7888,-62.9397,4.0584,0.300,NORMAL,1,ROUTE,,,,0.000,PREVIEW_DEFAULT
64.8888,-63.0037,3.9816,0.300,NORMAL,1,ROUTE,,,,0.000,PREVIEW_DEFAULT
64.9889,-63.0669,3.9041,0.300,NORMAL,1,ROUTE,,,,0.000,PREVIEW_DEFAULT
65.0888,-63.1293,3.8261,0.300,NORMAL,1,ROUTE,,,,0.000,PREVIEW_DEFAULT
65.1887,-63.1909,3.7473,0.300,NORMAL,1,ROUTE,,,,0.000,PREVIEW_DEFAULT
65.2887,-63.2517,3.6679,0.300,NORMAL,1,ROUTE,,,,0.000,PREVIEW_DEFAULT
65.3888,-63.3116,3.5878,0.300,NORMAL,1,ROUTE,,,,0.000,PREVIEW_DEFAULT
65.4888,-63.3706,3.5071,0.300,NORMAL,1,ROUTE,,,,0.000,PREVIEW_DEFAULT
65.5887,-63.4287,3.4257,0.300,NORMAL,1,ROUTE,,,,0.000,PREVIEW_DEFAULT
65.6887,-63.4860,3.3437,0.300,NORMAL,1,ROUTE,,,,0.000,PREVIEW_DEFAULT
65.7886,-63.5421,3.2611,0.300,NORMAL,1,ROUTE,,,,0.000,PREVIEW_DEFAULT
65.8886,-63.5973,3.1778,0.300,NORMAL,1,ROUTE,,,,0.000,PREVIEW_DEFAULT
65.9887,-63.6515,3.0937,0.300,NORMAL,1,ROUTE,,,,0.000,PREVIEW_DEFAULT
66.0886,-63.7046,3.0090,0.300,NORMAL,1,ROUTE,,,,0.000,PREVIEW_DEFAULT
66.1886,-63.7565,2.9235,0.300,NORMAL,1,ROUTE,,,,0.000,PREVIEW_DEFAULT
66.2885,-63.8072,2.8374,0.300,NORMAL,1,ROUTE,,,,0.000,PREVIEW_DEFAULT
66.3886,-63.8566,2.7504,0.300,NORMAL,1,ROUTE,,,,0.000,PREVIEW_DEFAULT
66.4885,-63.9049,2.6629,0.300,NORMAL,1,ROUTE,,,,0.000,PREVIEW_DEFAULT
66.5885,-63.9518,2.5746,0.300,NORMAL,1,ROUTE,,,,0.000,PREVIEW_DEFAULT
66.6885,-63.9974,2.4856,0.300,NORMAL,1,ROUTE,,,,0.000,PREVIEW_DEFAULT
66.7885,-64.0417,2.3960,0.300,NORMAL,1,ROUTE,,,,0.000,PREVIEW_DEFAULT
66.8885,-64.0845,2.3056,0.300,NORMAL,1,ROUTE,,,,0.000,PREVIEW_DEFAULT
66.9884,-64.1261,2.2147,0.300,NORMAL,1,ROUTE,,,,0.000,PREVIEW_DEFAULT
67.0884,-64.1661,2.1231,0.300,NORMAL,1,ROUTE,,,,0.000,PREVIEW_DEFAULT
67.1884,-64.2049,2.0309,0.300,NORMAL,1,ROUTE,,,,0.000,PREVIEW_DEFAULT
67.2884,-64.2423,1.9382,0.300,NORMAL,1,ROUTE,,,,0.000,PREVIEW_DEFAULT
67.3884,-64.2784,1.8449,0.300,NORMAL,1,ROUTE,,,,0.000,PREVIEW_DEFAULT
67.4883,-64.3132,1.7512,0.300,NORMAL,1,ROUTE,,,,0.000,PREVIEW_DEFAULT
67.5884,-64.3468,1.6570,0.300,NORMAL,1,ROUTE,,,,0.000,PREVIEW_DEFAULT
67.6883,-64.3792,1.5625,0.300,NORMAL,1,ROUTE,,,,0.000,PREVIEW_DEFAULT
67.7883,-64.4107,1.4676,0.300,NORMAL,1,ROUTE,,,,0.000,PREVIEW_DEFAULT
67.8883,-64.4411,1.3723,0.300,NORMAL,1,ROUTE,,,,0.000,PREVIEW_DEFAULT
67.9883,-64.4707,1.2768,0.300,NORMAL,1,ROUTE,,,,0.000,PREVIEW_DEFAULT
68.0883,-64.4995,1.1810,0.300,NORMAL,1,ROUTE,,,,0.000,PREVIEW_DEFAULT
68.1883,-64.5275,1.0851,0.300,NORMAL,1,ROUTE,,,,0.000,PREVIEW_DEFAULT
68.2882,-64.5551,0.9891,0.300,NORMAL,1,ROUTE,,,,0.000,PREVIEW_DEFAULT
68.3882,-64.5823,0.8928,0.300,NORMAL,1,ROUTE,,,,0.000,PREVIEW_DEFAULT
68.4882,-64.6092,0.7965,0.300,NORMAL,1,ROUTE,,,,0.000,PREVIEW_DEFAULT
68.5882,-64.6358,0.7001,0.300,NORMAL,1,ROUTE,,,,0.000,PREVIEW_DEFAULT
68.6882,-64.6623,0.6037,0.300,NORMAL,1,ROUTE,,,,0.000,PREVIEW_DEFAULT
68.7881,-64.6888,0.5073,0.300,NORMAL,1,ROUTE,,,,0.000,PREVIEW_DEFAULT
68.8881,-64.7153,0.4109,0.300,NORMAL,1,ROUTE,,,,0.000,PREVIEW_DEFAULT
68.9881,-64.7419,0.3145,0.300,NORMAL,1,ROUTE,,,,0.000,PREVIEW_DEFAULT
69.0880,-64.7684,0.2182,0.300,NORMAL,1,ROUTE,,,,0.000,PREVIEW_DEFAULT
69.1881,-64.7951,0.1217,0.300,NORMAL,1,ROUTE,,,,0.000,PREVIEW_DEFAULT
69.2880,-64.8219,0.0255,0.300,NORMAL,1,ROUTE,,,,0.000,PREVIEW_DEFAULT
69.3880,-64.8489,-0.0708,0.300,NORMAL,1,ROUTE,,,,0.000,PREVIEW_DEFAULT
69.4880,-64.8758,-0.1671,0.300,NORMAL,1,ROUTE,,,,0.000,PREVIEW_DEFAULT
69.5880,-64.9030,-0.2634,0.300,NORMAL,1,ROUTE,,,,0.000,PREVIEW_DEFAULT
69.6880,-64.9301,-0.3596,0.300,NORMAL,1,ROUTE,,,,0.000,PREVIEW_DEFAULT
69.7880,-64.9575,-0.4558,0.300,NORMAL,1,ROUTE,,,,0.000,PREVIEW_DEFAULT
69.8879,-64.9849,-0.5519,0.300,NORMAL,1,ROUTE,,,,0.000,PREVIEW_DEFAULT
69.9879,-65.0122,-0.6481,0.300,NORMAL,1,ROUTE,,,,0.000,PREVIEW_DEFAULT
70.0879,-65.0398,-0.7442,0.300,NORMAL,1,ROUTE,,,,0.000,PREVIEW_DEFAULT
70.1879,-65.0673,-0.8403,0.300,NORMAL,1,ROUTE,,,,0.000,PREVIEW_DEFAULT
70.2879,-65.0949,-0.9364,0.300,NORMAL,1,ROUTE,,,,0.000,PREVIEW_DEFAULT
70.3879,-65.1224,-1.0325,0.300,NORMAL,1,ROUTE,,,,0.000,PREVIEW_DEFAULT
70.4879,-65.1497,-1.1287,0.300,NORMAL,1,ROUTE,,,,0.000,PREVIEW_DEFAULT
70.5878,-65.1770,-1.2249,0.300,NORMAL,1,ROUTE,,,,0.000,PREVIEW_DEFAULT
70.6878,-65.2041,-1.3211,0.300,NORMAL,1,ROUTE,,,,0.000,PREVIEW_DEFAULT
70.7878,-65.2310,-1.4175,0.300,NORMAL,1,ROUTE,,,,0.000,PREVIEW_DEFAULT
70.8878,-65.2575,-1.5139,0.300,NORMAL,1,ROUTE,,,,0.000,PREVIEW_DEFAULT
70.9878,-65.2838,-1.6103,0.300,NORMAL,1,ROUTE,,,,0.000,PREVIEW_DEFAULT
71.0877,-65.3096,-1.7069,0.300,NORMAL,1,ROUTE,,,,0.000,PREVIEW_DEFAULT
71.1877,-65.3351,-1.8035,0.300,NORMAL,1,ROUTE,,,,0.000,PREVIEW_DEFAULT
71.2877,-65.3603,-1.9003,0.300,NORMAL,1,ROUTE,,,,0.000,PREVIEW_DEFAULT
71.3877,-65.3852,-1.9972,0.300,NORMAL,1,ROUTE,,,,0.000,PREVIEW_DEFAULT
71.4877,-65.4098,-2.0941,0.300,NORMAL,1,ROUTE,,,,0.000,PREVIEW_DEFAULT
71.5876,-65.4343,-2.1910,0.300,NORMAL,1,ROUTE,,,,0.000,PREVIEW_DEFAULT
71.6877,-65.4586,-2.2880,0.300,NORMAL,1,ROUTE,,,,0.000,PREVIEW_DEFAULT
71.7876,-65.4829,-2.3850,0.300,NORMAL,1,ROUTE,,,,0.000,PREVIEW_DEFAULT
71.8876,-65.5073,-2.4819,0.300,NORMAL,1,ROUTE,,,,0.000,PREVIEW_DEFAULT
71.9876,-65.5319,-2.5788,0.300,NORMAL,1,ROUTE,,,,0.000,PREVIEW_DEFAULT
72.0876,-65.5568,-2.6757,0.300,NORMAL,1,ROUTE,,,,0.000,PREVIEW_DEFAULT
72.1875,-65.5817,-2.7725,0.300,NORMAL,1,ROUTE,,,,0.000,PREVIEW_DEFAULT
72.2876,-65.6071,-2.8692,0.300,NORMAL,1,ROUTE,,,,0.000,PREVIEW_DEFAULT
72.3875,-65.6328,-2.9659,0.300,NORMAL,1,ROUTE,,,,0.000,PREVIEW_DEFAULT
72.4875,-65.6587,-3.0624,0.300,NORMAL,1,ROUTE,,,,0.000,PREVIEW_DEFAULT
72.5875,-65.6849,-3.1589,0.300,NORMAL,1,ROUTE,,,,0.000,PREVIEW_DEFAULT
72.6875,-65.7113,-3.2553,0.300,NORMAL,1,ROUTE,,,,0.000,PREVIEW_DEFAULT
72.7875,-65.7379,-3.3518,0.300,NORMAL,1,ROUTE,,,,0.000,PREVIEW_DEFAULT
72.8874,-65.7645,-3.4481,0.300,NORMAL,1,ROUTE,,,,0.000,PREVIEW_DEFAULT
72.9874,-65.7911,-3.5444,0.300,NORMAL,1,ROUTE,,,,0.000,PREVIEW_DEFAULT
73.0874,-65.8177,-3.6408,0.300,NORMAL,1,ROUTE,,,,0.000,PREVIEW_DEFAULT
73.1873,-65.8441,-3.7372,0.300,NORMAL,1,ROUTE,,,,0.000,PREVIEW_DEFAULT
73.2874,-65.8704,-3.8338,0.300,NORMAL,1,ROUTE,,,,0.000,PREVIEW_DEFAULT
73.3874,-65.8963,-3.9304,0.300,NORMAL,1,ROUTE,,,,0.000,PREVIEW_DEFAULT
73.4874,-65.9220,-4.0270,0.300,NORMAL,1,ROUTE,,,,0.000,PREVIEW_DEFAULT
73.5874,-65.9472,-4.1237,0.300,NORMAL,1,ROUTE,,,,0.000,PREVIEW_DEFAULT
73.6873,-65.9721,-4.2205,0.300,NORMAL,1,ROUTE,,,,0.000,PREVIEW_DEFAULT
73.7873,-65.9968,-4.3174,0.300,NORMAL,1,ROUTE,,,,0.000,PREVIEW_DEFAULT
73.8873,-66.0210,-4.4144,0.300,NORMAL,1,ROUTE,,,,0.000,PREVIEW_DEFAULT
73.9873,-66.0450,-4.5115,0.300,NORMAL,1,ROUTE,,,,0.000,PREVIEW_DEFAULT
74.0872,-66.0687,-4.6086,0.300,NORMAL,1,ROUTE,,,,0.000,PREVIEW_DEFAULT
74.1873,-66.0921,-4.7059,0.300,NORMAL,1,ROUTE,,,,0.000,PREVIEW_DEFAULT
74.2872,-66.1153,-4.8031,0.300,NORMAL,1,ROUTE,,,,0.000,PREVIEW_DEFAULT
74.3872,-66.1382,-4.9004,0.300,NORMAL,1,ROUTE,,,,0.000,PREVIEW_DEFAULT
74.4871,-66.1610,-4.9977,0.300,NORMAL,1,ROUTE,,,,0.000,PREVIEW_DEFAULT
74.5872,-66.1835,-5.0952,0.300,NORMAL,1,ROUTE,,,,0.000,PREVIEW_DEFAULT
74.6871,-66.2056,-5.1927,0.300,NORMAL,1,ROUTE,,,,0.000,PREVIEW_DEFAULT
74.7871,-66.2276,-5.2902,0.300,NORMAL,1,ROUTE,,,,0.000,PREVIEW_DEFAULT
74.8871,-66.2493,-5.3878,0.300,NORMAL,1,ROUTE,,,,0.000,PREVIEW_DEFAULT
74.9871,-66.2705,-5.4855,0.300,NORMAL,1,ROUTE,,,,0.000,PREVIEW_DEFAULT
75.0870,-66.2914,-5.5832,0.300,NORMAL,1,ROUTE,,,,0.000,PREVIEW_DEFAULT
75.1870,-66.3118,-5.6812,0.300,NORMAL,1,ROUTE,,,,0.000,PREVIEW_DEFAULT
75.2870,-66.3316,-5.7792,0.300,NORMAL,1,ROUTE,,,,0.000,PREVIEW_DEFAULT
75.3870,-66.3510,-5.8773,0.300,NORMAL,1,ROUTE,,,,0.000,PREVIEW_DEFAULT
75.4869,-66.3695,-5.9755,0.300,NORMAL,1,ROUTE,,,,0.000,PREVIEW_DEFAULT
75.5870,-66.3874,-6.0739,0.300,NORMAL,1,ROUTE,,,,0.000,PREVIEW_DEFAULT
75.6870,-66.4046,-6.1724,0.300,NORMAL,1,ROUTE,,,,0.000,PREVIEW_DEFAULT
75.7870,-66.4208,-6.2711,0.300,NORMAL,1,ROUTE,,,,0.000,PREVIEW_DEFAULT
75.8869,-66.4363,-6.3698,0.300,NORMAL,1,ROUTE,,,,0.000,PREVIEW_DEFAULT
75.9869,-66.4506,-6.4688,0.300,NORMAL,1,ROUTE,,,,0.000,PREVIEW_DEFAULT
76.0869,-66.4641,-6.5678,0.300,NORMAL,1,ROUTE,,,,0.000,PREVIEW_DEFAULT
76.1868,-66.4765,-6.6670,0.300,NORMAL,1,ROUTE,,,,0.000,PREVIEW_DEFAULT
76.2868,-66.4879,-6.7663,0.300,NORMAL,1,ROUTE,,,,0.000,PREVIEW_DEFAULT
76.3868,-66.4983,-6.8658,0.300,NORMAL,1,ROUTE,,,,0.000,PREVIEW_DEFAULT
76.4868,-66.5076,-6.9654,0.300,NORMAL,1,ROUTE,,,,0.000,PREVIEW_DEFAULT
76.5868,-66.5159,-7.0650,0.300,NORMAL,1,ROUTE,,,,0.000,PREVIEW_DEFAULT
76.6868,-66.5231,-7.1647,0.300,NORMAL,1,ROUTE,,,,0.000,PREVIEW_DEFAULT
76.7867,-66.5295,-7.2645,0.300,NORMAL,1,ROUTE,,,,0.000,PREVIEW_DEFAULT
76.8868,-66.5350,-7.3643,0.300,NORMAL,1,ROUTE,,,,0.000,PREVIEW_DEFAULT
76.9867,-66.5397,-7.4642,0.300,NORMAL,1,ROUTE,,,,0.000,PREVIEW_DEFAULT
77.0867,-66.5436,-7.5641,0.300,NORMAL,1,ROUTE,,,,0.000,PREVIEW_DEFAULT
77.1866,-66.5466,-7.6640,0.300,NORMAL,1,ROUTE,,,,0.000,PREVIEW_DEFAULT
77.2866,-66.5489,-7.7640,0.300,NORMAL,1,ROUTE,,,,0.000,PREVIEW_DEFAULT
77.3867,-66.5505,-7.8640,0.300,NORMAL,1,ROUTE,,,,0.000,PREVIEW_DEFAULT
77.4866,-66.5513,-7.9639,0.300,NORMAL,1,ROUTE,,,,0.000,PREVIEW_DEFAULT
77.5866,-66.5514,-8.0639,0.300,NORMAL,1,ROUTE,,,,0.000,PREVIEW_DEFAULT
77.6866,-66.5507,-8.1639,0.300,NORMAL,1,ROUTE,,,,0.000,PREVIEW_DEFAULT
77.7866,-66.5491,-8.2639,0.300,NORMAL,1,ROUTE,,,,0.000,PREVIEW_DEFAULT
77.8866,-66.5468,-8.3639,0.300,NORMAL,1,ROUTE,,,,0.000,PREVIEW_DEFAULT
77.9865,-66.5435,-8.4637,0.300,NORMAL,1,ROUTE,,,,0.000,PREVIEW_DEFAULT
78.0865,-66.5392,-8.5637,0.300,NORMAL,1,ROUTE,,,,0.000,PREVIEW_DEFAULT
78.1865,-66.5340,-8.6635,0.300,NORMAL,1,ROUTE,,,,0.000,PREVIEW_DEFAULT
78.2865,-66.5276,-8.7633,0.300,NORMAL,1,ROUTE,,,,0.000,PREVIEW_DEFAULT
78.3865,-66.5200,-8.8630,0.300,NORMAL,1,ROUTE,,,,0.000,PREVIEW_DEFAULT
78.4864,-66.5113,-8.9626,0.300,NORMAL,1,ROUTE,,,,0.000,PREVIEW_DEFAULT
78.5864,-66.5013,-9.0620,0.300,NORMAL,1,ROUTE,,,,0.000,PREVIEW_DEFAULT
78.6865,-66.4899,-9.1614,0.300,NORMAL,1,ROUTE,,,,0.000,PREVIEW_DEFAULT
78.7864,-66.4773,-9.2606,0.300,NORMAL,1,ROUTE,,,,0.000,PREVIEW_DEFAULT
78.8864,-66.4634,-9.3596,0.300,NORMAL,1,ROUTE,,,,0.000,PREVIEW_DEFAULT
78.9864,-66.4482,-9.4584,0.300,NORMAL,1,ROUTE,,,,0.000,PREVIEW_DEFAULT
79.0863,-66.4317,-9.5570,0.300,NORMAL,1,ROUTE,,,,0.000,PREVIEW_DEFAULT
79.1863,-66.4141,-9.6554,0.300,NORMAL,1,ROUTE,,,,0.000,PREVIEW_DEFAULT
79.2864,-66.3955,-9.7537,0.300,NORMAL,1,ROUTE,,,,0.000,PREVIEW_DEFAULT
79.3863,-66.3757,-9.8517,0.300,NORMAL,1,ROUTE,,,,0.000,PREVIEW_DEFAULT
79.4863,-66.3550,-9.9495,0.300,NORMAL,1,ROUTE,,,,0.000,PREVIEW_DEFAULT
79.5863,-66.3334,-10.0471,0.300,NORMAL,1,ROUTE,,,,0.000,PREVIEW_DEFAULT
79.6863,-66.3109,-10.1446,0.300,NORMAL,1,ROUTE,,,,0.000,PREVIEW_DEFAULT
79.7862,-66.2876,-10.2417,0.300,NORMAL,1,ROUTE,,,,0.000,PREVIEW_DEFAULT
79.8862,-66.2635,-10.3388,0.300,NORMAL,1,ROUTE,,,,0.000,PREVIEW_DEFAULT
79.9862,-66.2386,-10.4356,0.300,NORMAL,1,ROUTE,,,,0.000,PREVIEW_DEFAULT
80.0862,-66.2132,-10.5323,0.300,NORMAL,1,ROUTE,,,,0.000,PREVIEW_DEFAULT
80.1862,-66.1870,-10.6288,0.300,NORMAL,1,ROUTE,,,,0.000,PREVIEW_DEFAULT
80.2861,-66.1601,-10.7251,0.300,NORMAL,1,ROUTE,,,,0.000,PREVIEW_DEFAULT
80.3861,-66.1325,-10.8212,0.300,NORMAL,1,ROUTE,,,,0.000,PREVIEW_DEFAULT
80.4862,-66.1043,-10.9172,0.300,NORMAL,1,ROUTE,,,,0.000,PREVIEW_DEFAULT
80.5861,-66.0754,-11.0129,0.300,NORMAL,1,ROUTE,,,,0.000,PREVIEW_DEFAULT
80.6861,-66.0458,-11.1084,0.300,NORMAL,1,ROUTE,,,,0.000,PREVIEW_DEFAULT
80.7861,-66.0154,-11.2036,0.300,NORMAL,1,ROUTE,,,,0.000,PREVIEW_DEFAULT
80.8860,-65.9840,-11.2985,0.300,NORMAL,1,ROUTE,,,,0.000,PREVIEW_DEFAULT
80.9860,-65.9519,-11.3932,0.300,NORMAL,1,ROUTE,,,,0.000,PREVIEW_DEFAULT
81.0860,-65.9187,-11.4876,0.300,NORMAL,1,ROUTE,,,,0.000,PREVIEW_DEFAULT
81.1860,-65.8846,-11.5815,0.300,NORMAL,1,ROUTE,,,,0.000,PREVIEW_DEFAULT
81.2860,-65.8494,-11.6751,0.300,NORMAL,1,ROUTE,,,,0.000,PREVIEW_DEFAULT
81.3860,-65.8129,-11.7682,0.300,NORMAL,1,ROUTE,,,,0.000,PREVIEW_DEFAULT
81.4859,-65.7752,-11.8608,0.300,NORMAL,1,ROUTE,,,,0.000,PREVIEW_DEFAULT
81.5859,-65.7361,-11.9528,0.300,NORMAL,1,ROUTE,,,,0.000,PREVIEW_DEFAULT
81.6859,-65.6957,-12.0442,0.300,NORMAL,1,ROUTE,,,,0.000,PREVIEW_DEFAULT
81.7859,-65.6538,-12.1350,0.300,NORMAL,1,ROUTE,,,,0.000,PREVIEW_DEFAULT
81.8858,-65.6103,-12.2251,0.300,NORMAL,1,ROUTE,,,,0.000,PREVIEW_DEFAULT
81.9858,-65.5655,-12.3144,0.300,NORMAL,1,ROUTE,,,,0.000,PREVIEW_DEFAULT
82.0858,-65.5189,-12.4029,0.300,NORMAL,1,ROUTE,,,,0.000,PREVIEW_DEFAULT
82.1858,-65.4709,-12.4906,0.300,NORMAL,1,ROUTE,,,,0.000,PREVIEW_DEFAULT
82.2858,-65.4212,-12.5774,0.300,NORMAL,1,ROUTE,,,,0.000,PREVIEW_DEFAULT
82.3858,-65.3701,-12.6633,0.300,NORMAL,1,ROUTE,,,,0.000,PREVIEW_DEFAULT
82.4858,-65.3173,-12.7482,0.300,NORMAL,1,ROUTE,,,,0.000,PREVIEW_DEFAULT
82.5857,-65.2629,-12.8320,0.300,NORMAL,1,ROUTE,,,,0.000,PREVIEW_DEFAULT
82.6858,-65.2069,-12.9150,0.300,NORMAL,1,ROUTE,,,,0.000,PREVIEW_DEFAULT
82.7857,-65.1495,-12.9968,0.300,NORMAL,1,ROUTE,,,,0.000,PREVIEW_DEFAULT
82.8857,-65.0907,-13.0776,0.300,NORMAL,1,ROUTE,,,,0.000,PREVIEW_DEFAULT
82.9857,-65.0303,-13.1574,0.300,NORMAL,1,ROUTE,,,,0.000,PREVIEW_DEFAULT
83.0856,-64.9687,-13.2360,0.300,NORMAL,1,ROUTE,,,,0.000,PREVIEW_DEFAULT
83.1856,-64.9056,-13.3136,0.300,NORMAL,1,ROUTE,,,,0.000,PREVIEW_DEFAULT
83.2856,-64.8413,-13.3901,0.300,NORMAL,1,ROUTE,,,,0.000,PREVIEW_DEFAULT
83.3856,-64.7757,-13.4656,0.300,NORMAL,1,ROUTE,,,,0.000,PREVIEW_DEFAULT
83.4856,-64.7089,-13.5401,0.300,NORMAL,1,ROUTE,,,,0.000,PREVIEW_DEFAULT
83.5855,-64.6411,-13.6135,0.300,NORMAL,1,ROUTE,,,,0.000,PREVIEW_DEFAULT
83.6856,-64.5722,-13.6860,0.300,NORMAL,1,ROUTE,,,,0.000,PREVIEW_DEFAULT
83.7855,-64.5023,-13.7575,0.300,NORMAL,1,ROUTE,,,,0.000,PREVIEW_DEFAULT
83.8855,-64.4315,-13.8280,0.300,NORMAL,1,ROUTE,,,,0.000,PREVIEW_DEFAULT
83.9854,-64.3598,-13.8977,0.300,NORMAL,1,ROUTE,,,,0.000,PREVIEW_DEFAULT
84.0855,-64.2873,-13.9667,0.300,NORMAL,1,ROUTE,,,,0.000,PREVIEW_DEFAULT
84.1854,-64.2142,-14.0348,0.300,NORMAL,1,ROUTE,,,,0.000,PREVIEW_DEFAULT
84.2854,-64.1403,-14.1021,0.300,NORMAL,1,ROUTE,,,,0.000,PREVIEW_DEFAULT
84.3854,-64.0658,-14.1688,0.300,NORMAL,1,ROUTE,,,,0.000,PREVIEW_DEFAULT
84.4854,-63.9908,-14.2349,0.300,NORMAL,1,ROUTE,,,,0.000,PREVIEW_DEFAULT
84.5854,-63.9153,-14.3005,0.300,NORMAL,1,ROUTE,,,,0.000,PREVIEW_DEFAULT
84.6854,-63.8395,-14.3656,0.300,NORMAL,1,ROUTE,,,,0.000,PREVIEW_DEFAULT
84.7853,-63.7632,-14.4303,0.300,NORMAL,1,ROUTE,,,,0.000,PREVIEW_DEFAULT
84.8853,-63.6866,-14.4946,0.300,NORMAL,1,ROUTE,,,,0.000,PREVIEW_DEFAULT
84.9853,-63.6098,-14.5586,0.300,NORMAL,1,ROUTE,,,,0.000,PREVIEW_DEFAULT
85.0853,-63.5327,-14.6222,0.300,NORMAL,1,ROUTE,,,,0.000,PREVIEW_DEFAULT
85.1853,-63.4553,-14.6855,0.300,NORMAL,1,ROUTE,,,,0.000,PREVIEW_DEFAULT
85.2853,-63.3777,-14.7486,0.300,NORMAL,1,ROUTE,,,,0.000,PREVIEW_DEFAULT
85.3852,-63.2999,-14.8113,0.300,NORMAL,1,ROUTE,,,,0.000,PREVIEW_DEFAULT
85.4852,-63.2217,-14.8737,0.300,NORMAL,1,ROUTE,,,,0.000,PREVIEW_DEFAULT
85.5852,-63.1432,-14.9356,0.300,NORMAL,1,ROUTE,,,,0.000,PREVIEW_DEFAULT
85.6852,-63.0644,-14.9971,0.300,NORMAL,1,ROUTE,,,,0.000,PREVIEW_DEFAULT
85.7852,-62.9852,-15.0581,0.300,NORMAL,1,ROUTE,,,,0.000,PREVIEW_DEFAULT
85.8852,-62.9056,-15.1187,0.300,NORMAL,1,ROUTE,,,,0.000,PREVIEW_DEFAULT
85.9851,-62.8255,-15.1785,0.300,NORMAL,1,ROUTE,,,,0.000,PREVIEW_DEFAULT
86.0851,-62.7450,-15.2378,0.300,NORMAL,1,ROUTE,,,,0.000,PREVIEW_DEFAULT
86.1851,-62.6640,-15.2964,0.300,NORMAL,1,ROUTE,,,,0.000,PREVIEW_DEFAULT
86.2851,-62.5826,-15.3545,0.300,NORMAL,1,ROUTE,,,,0.000,PREVIEW_DEFAULT
86.3851,-62.5006,-15.4118,0.300,NORMAL,1,ROUTE,,,,0.000,PREVIEW_DEFAULT
86.4851,-62.4183,-15.4686,0.300,NORMAL,1,ROUTE,,,,0.000,PREVIEW_DEFAULT
86.5851,-62.3357,-15.5247,0.300,NORMAL,1,ROUTE,,,,0.000,PREVIEW_DEFAULT
86.6851,-62.2526,-15.5804,0.300,NORMAL,1,ROUTE,,,,0.000,PREVIEW_DEFAULT
86.7850,-62.1692,-15.6355,0.300,NORMAL,1,ROUTE,,,,0.000,PREVIEW_DEFAULT
86.8850,-62.0855,-15.6902,0.300,NORMAL,1,ROUTE,,,,0.000,PREVIEW_DEFAULT
86.9849,-62.0015,-15.7443,0.300,NORMAL,1,ROUTE,,,,0.000,PREVIEW_DEFAULT
87.0850,-61.9172,-15.7982,0.300,NORMAL,1,ROUTE,,,,0.000,PREVIEW_DEFAULT
87.1849,-61.8328,-15.8516,0.300,NORMAL,1,ROUTE,,,,0.000,PREVIEW_DEFAULT
87.2849,-61.7480,-15.9047,0.300,NORMAL,1,ROUTE,,,,0.000,PREVIEW_DEFAULT
87.3849,-61.6632,-15.9576,0.300,NORMAL,1,ROUTE,,,,0.000,PREVIEW_DEFAULT
87.4848,-61.5781,-16.0101,0.300,NORMAL,1,ROUTE,,,,0.000,PREVIEW_DEFAULT
87.5848,-61.4929,-16.0625,0.300,NORMAL,1,ROUTE,,,,0.000,PREVIEW_DEFAULT
87.6848,-61.4076,-16.1146,0.300,NORMAL,1,ROUTE,,,,0.000,PREVIEW_DEFAULT
87.7849,-61.3221,-16.1665,0.300,NORMAL,1,ROUTE,,,,0.000,PREVIEW_DEFAULT
87.8848,-61.2366,-16.2183,0.300,NORMAL,1,ROUTE,,,,0.000,PREVIEW_DEFAULT
87.9847,-61.1509,-16.2698,0.300,NORMAL,1,ROUTE,,,,0.000,PREVIEW_DEFAULT
88.0848,-61.0651,-16.3212,0.300,NORMAL,1,ROUTE,,,,0.000,PREVIEW_DEFAULT
88.1847,-60.9793,-16.3724,0.300,NORMAL,1,ROUTE,,,,0.000,PREVIEW_DEFAULT
88.2848,-60.8933,-16.4236,0.300,NORMAL,1,ROUTE,,,,0.000,PREVIEW_DEFAULT
88.3847,-60.8073,-16.4744,0.300,NORMAL,1,ROUTE,,,,0.000,PREVIEW_DEFAULT
88.4847,-60.7211,-16.5252,0.300,NORMAL,1,ROUTE,,,,0.000,PREVIEW_DEFAULT
88.5825,-60.6367,-16.5746,0.300,NORMAL,1,BEND,BEND_START,ENTER_ZONE,,0.000,PREVIEW_DEFAULT
88.5847,-60.6348,-16.5757,0.300,NORMAL,1,BEND,,,,0.000,PREVIEW_DEFAULT
88.6846,-60.5485,-16.6261,0.300,NORMAL,1,BEND,,,,0.000,PREVIEW_DEFAULT
88.7847,-60.4619,-16.6762,0.300,NORMAL,1,BEND,,,,0.000,PREVIEW_DEFAULT
88.8846,-60.3753,-16.7261,0.300,NORMAL,1,BEND,,,,0.000,PREVIEW_DEFAULT
88.9846,-60.2885,-16.7756,0.300,NORMAL,1,BEND,,,,0.000,PREVIEW_DEFAULT
89.0846,-60.2014,-16.8248,0.300,NORMAL,1,BEND,,,,0.000,PREVIEW_DEFAULT
89.1845,-60.1141,-16.8735,0.300,NORMAL,1,BEND,,,,0.000,PREVIEW_DEFAULT
89.2846,-60.0264,-16.9216,0.300,NORMAL,1,BEND,,,,0.000,PREVIEW_DEFAULT
89.3845,-59.9386,-16.9693,0.300,NORMAL,1,BEND,,,,0.000,PREVIEW_DEFAULT
89.4845,-59.8503,-17.0163,0.300,NORMAL,1,BEND,,,,0.000,PREVIEW_DEFAULT
89.5845,-59.7617,-17.0627,0.300,NORMAL,1,BEND,,,,0.000,PREVIEW_DEFAULT
89.6845,-59.6728,-17.1082,0.300,NORMAL,1,BEND,,,,0.000,PREVIEW_DEFAULT
89.7844,-59.5834,-17.1530,0.300,NORMAL,1,BEND,,,,0.000,PREVIEW_DEFAULT
89.8844,-59.4936,-17.1969,0.300,NORMAL,1,BEND,,,,0.000,PREVIEW_DEFAULT
89.9845,-59.4033,-17.2399,0.300,NORMAL,1,BEND,,,,0.000,PREVIEW_DEFAULT
90.0845,-59.3125,-17.2820,0.300,NORMAL,1,BEND,,,,0.000,PREVIEW_DEFAULT
90.1845,-59.2213,-17.3230,0.300,NORMAL,1,BEND,,,,0.000,PREVIEW_DEFAULT
90.2844,-59.1297,-17.3628,0.300,NORMAL,1,BEND,,,,0.000,PREVIEW_DEFAULT
90.3844,-59.0375,-17.4015,0.300,NORMAL,1,BEND,,,,0.000,PREVIEW_DEFAULT
90.4844,-58.9448,-17.4391,0.300,NORMAL,1,BEND,,,,0.000,PREVIEW_DEFAULT
90.5844,-58.8517,-17.4754,0.300,NORMAL,1,BEND,,,,0.000,PREVIEW_DEFAULT
90.6844,-58.7580,-17.5104,0.300,NORMAL,1,BEND,,,,0.000,PREVIEW_DEFAULT
90.7843,-58.6639,-17.5442,0.300,NORMAL,1,BEND,,,,0.000,PREVIEW_DEFAULT
90.8843,-58.5693,-17.5766,0.300,NORMAL,1,BEND,,,,0.000,PREVIEW_DEFAULT
90.9842,-58.4744,-17.6077,0.300,NORMAL,1,BEND,,,,0.000,PREVIEW_DEFAULT
91.0843,-58.3789,-17.6377,0.300,NORMAL,1,BEND,,,,0.000,PREVIEW_DEFAULT
91.1842,-58.2832,-17.6664,0.300,NORMAL,1,BEND,,,,0.000,PREVIEW_DEFAULT
91.2842,-58.1871,-17.6941,0.300,NORMAL,1,BEND,,,,0.000,PREVIEW_DEFAULT
91.3842,-58.0907,-17.7207,0.300,NORMAL,1,BEND,,,,0.000,PREVIEW_DEFAULT
91.4841,-57.9942,-17.7465,0.300,NORMAL,1,BEND,,,,0.000,PREVIEW_DEFAULT
91.5842,-57.8973,-17.7714,0.300,NORMAL,1,BEND,,,,0.000,PREVIEW_DEFAULT
91.6841,-57.8003,-17.7958,0.300,NORMAL,1,BEND,,,,0.000,PREVIEW_DEFAULT
91.7841,-57.7032,-17.8195,0.300,NORMAL,1,BEND,,,,0.000,PREVIEW_DEFAULT
91.8841,-57.6060,-17.8428,0.300,NORMAL,1,BEND,,,,0.000,PREVIEW_DEFAULT
91.9841,-57.5087,-17.8656,0.300,NORMAL,1,BEND,,,,0.000,PREVIEW_DEFAULT
92.0840,-57.4113,-17.8882,0.300,NORMAL,1,BEND,,,,0.000,PREVIEW_DEFAULT
92.1841,-57.3137,-17.9106,0.300,NORMAL,1,BEND,,,,0.000,PREVIEW_DEFAULT
92.2841,-57.2163,-17.9327,0.300,NORMAL,1,BEND,,,,0.000,PREVIEW_DEFAULT
92.3840,-57.1187,-17.9547,0.300,NORMAL,1,BEND,,,,0.000,PREVIEW_DEFAULT
92.4840,-57.0211,-17.9764,0.300,NORMAL,1,BEND,,,,0.000,PREVIEW_DEFAULT
92.5840,-56.9235,-17.9980,0.300,NORMAL,1,BEND,,,,0.000,PREVIEW_DEFAULT
92.6840,-56.8258,-18.0193,0.300,NORMAL,1,BEND,,,,0.000,PREVIEW_DEFAULT
92.7839,-56.7281,-18.0405,0.300,NORMAL,1,BEND,,,,0.000,PREVIEW_DEFAULT
92.8840,-56.6303,-18.0614,0.300,NORMAL,1,BEND,,,,0.000,PREVIEW_DEFAULT
92.9839,-56.5325,-18.0819,0.300,NORMAL,1,BEND,,,,0.000,PREVIEW_DEFAULT
93.0839,-56.4346,-18.1023,0.300,NORMAL,1,BEND,,,,0.000,PREVIEW_DEFAULT
93.1839,-56.3366,-18.1221,0.300,NORMAL,1,BEND,,,,0.000,PREVIEW_DEFAULT
93.2839,-56.2385,-18.1414,0.300,NORMAL,1,BEND,,,,0.000,PREVIEW_DEFAULT
93.3838,-56.1404,-18.1604,0.300,NORMAL,1,BEND,,,,0.000,PREVIEW_DEFAULT
93.4839,-56.0420,-18.1787,0.300,NORMAL,1,BEND,,,,0.000,PREVIEW_DEFAULT
93.5838,-55.9436,-18.1964,0.300,NORMAL,1,BEND,,,,0.000,PREVIEW_DEFAULT
93.6838,-55.8451,-18.2134,0.300,NORMAL,1,BEND,,,,0.000,PREVIEW_DEFAULT
93.7838,-55.7465,-18.2298,0.300,NORMAL,1,BEND,,,,0.000,PREVIEW_DEFAULT
93.8838,-55.6477,-18.2456,0.300,NORMAL,1,BEND,,,,0.000,PREVIEW_DEFAULT
93.9837,-55.5489,-18.2607,0.300,NORMAL,1,BEND,,,,0.000,PREVIEW_DEFAULT
94.0837,-55.4500,-18.2750,0.300,NORMAL,1,BEND,,,,0.000,PREVIEW_DEFAULT
94.1837,-55.3509,-18.2887,0.300,NORMAL,1,BEND,,,,0.000,PREVIEW_DEFAULT
94.2837,-55.2518,-18.3016,0.300,NORMAL,1,BEND,,,,0.000,PREVIEW_DEFAULT
94.3837,-55.1526,-18.3140,0.300,NORMAL,1,BEND,,,,0.000,PREVIEW_DEFAULT
94.4837,-55.0533,-18.3257,0.300,NORMAL,1,BEND,,,,0.000,PREVIEW_DEFAULT
94.5836,-54.9539,-18.3368,0.300,NORMAL,1,BEND,,,,0.000,PREVIEW_DEFAULT
94.6837,-54.8545,-18.3475,0.300,NORMAL,1,BEND,,,,0.000,PREVIEW_DEFAULT
94.7836,-54.7551,-18.3576,0.300,NORMAL,1,BEND,,,,0.000,PREVIEW_DEFAULT
94.8836,-54.6555,-18.3672,0.300,NORMAL,1,BEND,,,,0.000,PREVIEW_DEFAULT
94.9836,-54.5559,-18.3763,0.300,NORMAL,1,BEND,,,,0.000,PREVIEW_DEFAULT
95.0835,-54.4564,-18.3850,0.300,NORMAL,1,BEND,,,,0.000,PREVIEW_DEFAULT
95.1836,-54.3567,-18.3931,0.300,NORMAL,1,BEND,,,,0.000,PREVIEW_DEFAULT
95.2836,-54.2570,-18.4008,0.300,NORMAL,1,BEND,,,,0.000,PREVIEW_DEFAULT
95.3835,-54.1573,-18.4077,0.300,NORMAL,1,BEND,,,,0.000,PREVIEW_DEFAULT
95.4834,-54.0575,-18.4139,0.300,NORMAL,1,BEND,,,,0.000,PREVIEW_DEFAULT
95.5835,-53.9576,-18.4191,0.300,NORMAL,1,BEND,,,,0.000,PREVIEW_DEFAULT
95.6834,-53.8577,-18.4234,0.300,NORMAL,1,BEND,,,,0.000,PREVIEW_DEFAULT
95.7834,-53.7578,-18.4263,0.300,NORMAL,1,BEND,,,,0.000,PREVIEW_DEFAULT
95.8834,-53.6578,-18.4280,0.300,NORMAL,1,BEND,,,,0.000,PREVIEW_DEFAULT
95.9834,-53.5579,-18.4280,0.300,NORMAL,1,BEND,,,,0.000,PREVIEW_DEFAULT
96.0834,-53.4579,-18.4262,0.300,NORMAL,1,BEND,,,,0.000,PREVIEW_DEFAULT
96.1834,-53.3579,-18.4226,0.300,NORMAL,1,BEND,,,,0.000,PREVIEW_DEFAULT
96.2834,-53.2581,-18.4169,0.300,NORMAL,1,BEND,,,,0.000,PREVIEW_DEFAULT
96.3834,-53.1584,-18.4090,0.300,NORMAL,1,BEND,,,,0.000,PREVIEW_DEFAULT
96.4833,-53.0590,-18.3989,0.300,NORMAL,1,BEND,,,,0.000,PREVIEW_DEFAULT
96.5833,-52.9598,-18.3865,0.300,NORMAL,1,BEND,,,,0.000,PREVIEW_DEFAULT
96.6833,-52.8609,-18.3716,0.300,NORMAL,1,BEND,,,,0.000,PREVIEW_DEFAULT
96.7833,-52.7625,-18.3540,0.300,NORMAL,1,BEND,,,,0.000,PREVIEW_DEFAULT
96.8832,-52.6646,-18.3339,0.300,NORMAL,1,BEND,,,,0.000,PREVIEW_DEFAULT
96.9832,-52.5672,-18.3110,0.300,NORMAL,1,BEND,,,,0.000,PREVIEW_DEFAULT
97.0832,-52.4706,-18.2853,0.300,NORMAL,1,BEND,,,,0.000,PREVIEW_DEFAULT
97.1832,-52.3748,-18.2568,0.300,NORMAL,1,BEND,,,,0.000,PREVIEW_DEFAULT
97.2832,-52.2799,-18.2253,0.300,NORMAL,1,BEND,,,,0.000,PREVIEW_DEFAULT
97.3832,-52.1860,-18.1910,0.300,NORMAL,1,BEND,,,,0.000,PREVIEW_DEFAULT
97.4831,-52.0932,-18.1537,0.300,NORMAL,1,BEND,,,,0.000,PREVIEW_DEFAULT
97.5831,-52.0017,-18.1135,0.300,NORMAL,1,BEND,,,,0.000,PREVIEW_DEFAULT
97.6830,-51.9115,-18.0704,0.300,NORMAL,1,BEND,,,,0.000,PREVIEW_DEFAULT
97.7830,-51.8228,-18.0243,0.300,NORMAL,1,BEND,,,,0.000,PREVIEW_DEFAULT
97.8830,-51.7356,-17.9754,0.300,NORMAL,1,BEND,,,,0.000,PREVIEW_DEFAULT
97.9830,-51.6499,-17.9238,0.300,NORMAL,1,BEND,,,,0.000,PREVIEW_DEFAULT
98.0830,-51.5660,-17.8695,0.300,NORMAL,1,BEND,,,,0.000,PREVIEW_DEFAULT
98.1830,-51.4837,-17.8126,0.300,NORMAL,1,BEND,,,,0.000,PREVIEW_DEFAULT
98.2829,-51.4034,-17.7532,0.300,NORMAL,1,BEND,,,,0.000,PREVIEW_DEFAULT
98.3829,-51.3248,-17.6914,0.300,NORMAL,1,BEND,,,,0.000,PREVIEW_DEFAULT
98.4828,-51.2481,-17.6273,0.300,NORMAL,1,BEND,,,,0.000,PREVIEW_DEFAULT
98.5829,-51.1733,-17.5609,0.300,NORMAL,1,BEND,,,,0.000,PREVIEW_DEFAULT
98.6828,-51.1005,-17.4924,0.300,NORMAL,1,BEND,,,,0.000,PREVIEW_DEFAULT
98.7828,-51.0296,-17.4219,0.300,NORMAL,1,BEND,,,,0.000,PREVIEW_DEFAULT
98.8828,-50.9606,-17.3495,0.300,NORMAL,1,BEND,,,,0.000,PREVIEW_DEFAULT
98.9828,-50.8935,-17.2754,0.300,NORMAL,1,BEND,,,,0.000,PREVIEW_DEFAULT
99.0828,-50.8283,-17.1996,0.300,NORMAL,1,BEND,,,,0.000,PREVIEW_DEFAULT
99.1828,-50.7649,-17.1223,0.300,NORMAL,1,BEND,,,,0.000,PREVIEW_DEFAULT
99.2827,-50.7034,-17.0435,0.300,NORMAL,1,BEND,,,,0.000,PREVIEW_DEFAULT
99.3827,-50.6435,-16.9634,0.300,NORMAL,1,BEND,,,,0.000,PREVIEW_DEFAULT
99.4827,-50.5855,-16.8820,0.300,NORMAL,1,BEND,,,,0.000,PREVIEW_DEFAULT
99.5826,-50.5291,-16.7995,0.300,NORMAL,1,BEND,,,,0.000,PREVIEW_DEFAULT
99.6827,-50.4742,-16.7158,0.300,NORMAL,1,BEND,,,,0.000,PREVIEW_DEFAULT
99.7827,-50.4211,-16.6311,0.300,NORMAL,1,BEND,,,,0.000,PREVIEW_DEFAULT
99.8826,-50.3695,-16.5455,0.300,NORMAL,1,BEND,,,,0.000,PREVIEW_DEFAULT
99.9826,-50.3193,-16.4590,0.300,NORMAL,1,BEND,,,,0.000,PREVIEW_DEFAULT
100.0826,-50.2706,-16.3718,0.300,NORMAL,1,BEND,,,,0.000,PREVIEW_DEFAULT
100.1826,-50.2232,-16.2836,0.300,NORMAL,1,BEND,,,,0.000,PREVIEW_DEFAULT
100.2825,-50.1773,-16.1949,0.300,NORMAL,1,BEND,,,,0.000,PREVIEW_DEFAULT
100.3826,-50.1326,-16.1054,0.300,NORMAL,1,BEND,,,,0.000,PREVIEW_DEFAULT
100.4825,-50.0894,-16.0153,0.300,NORMAL,1,BEND,,,,0.000,PREVIEW_DEFAULT
100.5825,-50.0475,-15.9245,0.300,NORMAL,1,BEND,,,,0.000,PREVIEW_DEFAULT
100.6824,-50.0069,-15.8332,0.300,NORMAL,1,BEND,,,,0.000,PREVIEW_DEFAULT
100.7825,-49.9675,-15.7412,0.300,NORMAL,1,BEND,,,,0.000,PREVIEW_DEFAULT
100.8824,-49.9296,-15.6487,0.300,NORMAL,1,BEND,,,,0.000,PREVIEW_DEFAULT
100.9825,-49.8928,-15.5557,0.300,NORMAL,1,BEND,,,,0.000,PREVIEW_DEFAULT
101.0824,-49.8575,-15.4622,0.300,NORMAL,1,BEND,,,,0.000,PREVIEW_DEFAULT
101.1824,-49.8234,-15.3683,0.300,NORMAL,1,BEND,,,,0.000,PREVIEW_DEFAULT
101.2824,-49.7906,-15.2737,0.300,NORMAL,1,BEND,,,,0.000,PREVIEW_DEFAULT
101.3823,-49.7591,-15.1789,0.300,NORMAL,1,BEND,,,,0.000,PREVIEW_DEFAULT
101.4823,-49.7286,-15.0837,0.300,NORMAL,1,BEND,,,,0.000,PREVIEW_DEFAULT
101.5824,-49.6994,-14.9880,0.300,NORMAL,1,BEND,,,,0.000,PREVIEW_DEFAULT
101.6823,-49.6713,-14.8920,0.300,NORMAL,1,BEND,,,,0.000,PREVIEW_DEFAULT
101.7822,-49.6441,-14.7959,0.300,NORMAL,1,BEND,,,,0.000,PREVIEW_DEFAULT
101.8823,-49.6178,-14.6994,0.300,NORMAL,1,BEND,,,,0.000,PREVIEW_DEFAULT
101.9823,-49.5924,-14.6027,0.300,NORMAL,1,BEND,,,,0.000,PREVIEW_DEFAULT
102.0823,-49.5678,-14.5058,0.300,NORMAL,1,BEND,,,,0.000,PREVIEW_DEFAULT
102.1823,-49.5438,-14.4087,0.300,NORMAL,1,BEND,,,,0.000,PREVIEW_DEFAULT
102.2822,-49.5204,-14.3115,0.300,NORMAL,1,BEND,,,,0.000,PREVIEW_DEFAULT
102.3822,-49.4975,-14.2142,0.300,NORMAL,1,BEND,,,,0.000,PREVIEW_DEFAULT
102.4822,-49.4750,-14.1167,0.300,NORMAL,1,BEND,,,,0.000,PREVIEW_DEFAULT
102.5822,-49.4529,-14.0193,0.300,NORMAL,1,BEND,,,,0.000,PREVIEW_DEFAULT
102.6821,-49.4310,-13.9217,0.300,NORMAL,1,BEND,,,,0.000,PREVIEW_DEFAULT
102.7821,-49.4093,-13.8241,0.300,NORMAL,1,BEND,,,,0.000,PREVIEW_DEFAULT
102.8820,-49.3877,-13.7266,0.300,NORMAL,1,BEND,,,,0.000,PREVIEW_DEFAULT
102.9821,-49.3661,-13.6289,0.300,NORMAL,1,BEND,,,,0.000,PREVIEW_DEFAULT
103.0820,-49.3444,-13.5313,0.300,NORMAL,1,BEND,,,,0.000,PREVIEW_DEFAULT
103.1820,-49.3227,-13.4337,0.300,NORMAL,1,BEND,,,,0.000,PREVIEW_DEFAULT
103.2821,-49.3009,-13.3361,0.300,NORMAL,1,BEND,,,,0.000,PREVIEW_DEFAULT
103.3820,-49.2789,-13.2385,0.300,NORMAL,1,BEND,,,,0.000,PREVIEW_DEFAULT
103.4820,-49.2566,-13.1411,0.300,NORMAL,1,BEND,,,,0.000,PREVIEW_DEFAULT
103.5819,-49.2343,-13.0437,0.300,NORMAL,1,BEND,,,,0.000,PREVIEW_DEFAULT
103.6819,-49.2116,-12.9463,0.300,NORMAL,1,BEND,,,,0.000,PREVIEW_DEFAULT
103.7820,-49.1887,-12.8489,0.300,NORMAL,1,BEND,,,,0.000,PREVIEW_DEFAULT
103.8820,-49.1655,-12.7516,0.300,NORMAL,1,BEND,,,,0.000,PREVIEW_DEFAULT
103.9819,-49.1423,-12.6544,0.300,NORMAL,1,BEND,,,,0.000,PREVIEW_DEFAULT
104.0819,-49.1187,-12.5572,0.300,NORMAL,1,BEND,,,,0.000,PREVIEW_DEFAULT
104.1818,-49.0951,-12.4602,0.300,NORMAL,1,BEND,,,,0.000,PREVIEW_DEFAULT
104.2819,-49.0715,-12.3629,0.300,NORMAL,1,BEND,,,,0.000,PREVIEW_DEFAULT
104.3819,-49.0477,-12.2658,0.300,NORMAL,1,BEND,,,,0.000,PREVIEW_DEFAULT
104.4818,-49.0240,-12.1687,0.300,NORMAL,1,BEND,,,,0.000,PREVIEW_DEFAULT
104.5818,-49.0005,-12.0715,0.300,NORMAL,1,BEND,,,,0.000,PREVIEW_DEFAULT
104.6818,-48.9769,-11.9743,0.300,NORMAL,1,BEND,,,,0.000,PREVIEW_DEFAULT
104.7817,-48.9535,-11.8772,0.300,NORMAL,1,BEND,,,,0.000,PREVIEW_DEFAULT
104.8818,-48.9303,-11.7799,0.300,NORMAL,1,BEND,,,,0.000,PREVIEW_DEFAULT
104.9817,-48.9073,-11.6826,0.300,NORMAL,1,BEND,,,,0.000,PREVIEW_DEFAULT
105.0818,-48.8844,-11.5853,0.300,NORMAL,1,BEND,,,,0.000,PREVIEW_DEFAULT
105.1817,-48.8617,-11.4880,0.300,NORMAL,1,BEND,,,,0.000,PREVIEW_DEFAULT
105.2816,-48.8391,-11.3906,0.300,NORMAL,1,BEND,,,,0.000,PREVIEW_DEFAULT
105.3817,-48.8166,-11.2931,0.300,NORMAL,1,BEND,,,,0.000,PREVIEW_DEFAULT
105.4816,-48.7942,-11.1957,0.300,NORMAL,1,BEND,,,,0.000,PREVIEW_DEFAULT
105.5816,-48.7718,-11.0982,0.300,NORMAL,1,BEND,,,,0.000,PREVIEW_DEFAULT
105.6816,-48.7496,-11.0007,0.300,NORMAL,1,BEND,,,,0.000,PREVIEW_DEFAULT
105.7816,-48.7272,-10.9033,0.300,NORMAL,1,BEND,,,,0.000,PREVIEW_DEFAULT
105.8816,-48.7048,-10.8059,0.300,NORMAL,1,BEND,,,,0.000,PREVIEW_DEFAULT
105.9815,-48.6822,-10.7085,0.300,NORMAL,1,BEND,,,,0.000,PREVIEW_DEFAULT
106.0815,-48.6594,-10.6112,0.300,NORMAL,1,BEND,,,,0.000,PREVIEW_DEFAULT
106.1815,-48.6363,-10.5139,0.300,NORMAL,1,BEND,,,,0.000,PREVIEW_DEFAULT
106.2815,-48.6129,-10.4166,0.300,NORMAL,1,BEND,,,,0.000,PREVIEW_DEFAULT
106.3816,-48.5893,-10.3194,0.300,NORMAL,1,BEND,,,,0.000,PREVIEW_DEFAULT
106.4815,-48.5653,-10.2224,0.300,NORMAL,1,BEND,,,,0.000,PREVIEW_DEFAULT
106.5814,-48.5409,-10.1255,0.300,NORMAL,1,BEND,,,,0.000,PREVIEW_DEFAULT
106.6815,-48.5162,-10.0286,0.300,NORMAL,1,BEND,,,,0.000,PREVIEW_DEFAULT
106.7814,-48.4912,-9.9318,0.300,NORMAL,1,BEND,,,,0.000,PREVIEW_DEFAULT
106.8814,-48.4659,-9.8350,0.300,NORMAL,1,BEND,,,,0.000,PREVIEW_DEFAULT
106.9814,-48.4403,-9.7384,0.300,NORMAL,1,BEND,,,,0.000,PREVIEW_DEFAULT
107.0814,-48.4145,-9.6418,0.300,NORMAL,1,BEND,,,,0.000,PREVIEW_DEFAULT
107.1814,-48.3885,-9.5453,0.300,NORMAL,1,BEND,,,,0.000,PREVIEW_DEFAULT
107.2814,-48.3623,-9.4487,0.300,NORMAL,1,BEND,,,,0.000,PREVIEW_DEFAULT
107.3814,-48.3359,-9.3522,0.300,NORMAL,1,BEND,,,,0.000,PREVIEW_DEFAULT
107.4813,-48.3095,-9.2559,0.300,NORMAL,1,BEND,,,,0.000,PREVIEW_DEFAULT
107.5813,-48.2829,-9.1594,0.300,NORMAL,1,BEND,,,,0.000,PREVIEW_DEFAULT
107.6813,-48.2563,-9.0631,0.300,NORMAL,1,BEND,,,,0.000,PREVIEW_DEFAULT
107.7813,-48.2296,-8.9668,0.300,NORMAL,1,BEND,,,,0.000,PREVIEW_DEFAULT
107.8813,-48.2028,-8.8704,0.300,NORMAL,1,BEND,,,,0.000,PREVIEW_DEFAULT
107.9812,-48.1759,-8.7741,0.300,NORMAL,1,BEND,,,,0.000,PREVIEW_DEFAULT
108.0812,-48.1491,-8.6779,0.300,NORMAL,1,BEND,,,,0.000,PREVIEW_DEFAULT
108.1812,-48.1222,-8.5816,0.300,NORMAL,1,BEND,,,,0.000,PREVIEW_DEFAULT
108.2812,-48.0951,-8.4853,0.300,NORMAL,1,BEND,,,,0.000,PREVIEW_DEFAULT
108.3812,-48.0680,-8.3890,0.300,NORMAL,1,BEND,,,,0.000,PREVIEW_DEFAULT
108.4811,-48.0408,-8.2929,0.300,NORMAL,1,BEND,,,,0.000,PREVIEW_DEFAULT
108.5811,-48.0135,-8.1967,0.300,NORMAL,1,BEND,,,,0.000,PREVIEW_DEFAULT
108.6811,-47.9860,-8.1006,0.300,NORMAL,1,BEND,,,,0.000,PREVIEW_DEFAULT
108.7811,-47.9582,-8.0045,0.300,NORMAL,1,BEND,,,,0.000,PREVIEW_DEFAULT
108.8811,-47.9300,-7.9086,0.300,NORMAL,1,BEND,,,,0.000,PREVIEW_DEFAULT
108.9811,-47.9015,-7.8127,0.300,NORMAL,1,BEND,,,,0.000,PREVIEW_DEFAULT
109.0810,-47.8722,-7.7172,0.300,NORMAL,1,BEND,,,,0.000,PREVIEW_DEFAULT
109.1810,-47.8422,-7.6217,0.300,NORMAL,1,BEND,,,,0.000,PREVIEW_DEFAULT
109.2810,-47.8113,-7.5267,0.300,NORMAL,1,BEND,,,,0.000,PREVIEW_DEFAULT
109.3810,-47.7792,-7.4319,0.300,NORMAL,1,BEND,,,,0.000,PREVIEW_DEFAULT
109.4810,-47.7457,-7.3378,0.300,NORMAL,1,BEND,,,,0.000,PREVIEW_DEFAULT
109.5809,-47.7106,-7.2442,0.300,NORMAL,1,BEND,,,,0.000,PREVIEW_DEFAULT
109.6809,-47.6736,-7.1513,0.300,NORMAL,1,BEND,,,,0.000,PREVIEW_DEFAULT
109.7809,-47.6343,-7.0593,0.300,NORMAL,1,BEND,,,,0.000,PREVIEW_DEFAULT
109.8809,-47.5928,-6.9684,0.300,NORMAL,1,BEND,,,,0.000,PREVIEW_DEFAULT
109.9808,-47.5487,-6.8787,0.300,NORMAL,1,BEND,,,,0.000,PREVIEW_DEFAULT
110.0808,-47.5019,-6.7904,0.300,NORMAL,1,BEND,,,,0.000,PREVIEW_DEFAULT
110.1808,-47.4523,-6.7035,0.300,NORMAL,1,BEND,,,,0.000,PREVIEW_DEFAULT
110.2808,-47.3998,-6.6184,0.300,NORMAL,1,BEND,,,,0.000,PREVIEW_DEFAULT
110.3808,-47.3445,-6.5351,0.300,NORMAL,1,BEND,,,,0.000,PREVIEW_DEFAULT
110.4807,-47.2863,-6.4538,0.300,NORMAL,1,BEND,,,,0.000,PREVIEW_DEFAULT
110.5807,-47.2251,-6.3748,0.300,NORMAL,1,BEND,,,,0.000,PREVIEW_DEFAULT
110.6807,-47.1610,-6.2980,0.300,NORMAL,1,BEND,,,,0.000,PREVIEW_DEFAULT
110.7807,-47.0941,-6.2238,0.300,NORMAL,1,BEND,,,,0.000,PREVIEW_DEFAULT
110.8807,-47.0244,-6.1520,0.300,NORMAL,1,BEND,,,,0.000,PREVIEW_DEFAULT
110.9806,-46.9520,-6.0832,0.300,NORMAL,1,BEND,,,,0.000,PREVIEW_DEFAULT
111.0806,-46.8770,-6.0171,0.300,NORMAL,1,BEND,,,,0.000,PREVIEW_DEFAULT
111.1806,-46.7995,-5.9539,0.300,NORMAL,1,BEND,,,,0.000,PREVIEW_DEFAULT
111.2806,-46.7196,-5.8938,0.300,NORMAL,1,BEND,,,,0.000,PREVIEW_DEFAULT
111.3806,-46.6375,-5.8367,0.300,NORMAL,1,BEND,,,,0.000,PREVIEW_DEFAULT
111.4805,-46.5532,-5.7829,0.300,NORMAL,1,BEND,,,,0.000,PREVIEW_DEFAULT
111.5805,-46.4670,-5.7323,0.300,NORMAL,1,BEND,,,,0.000,PREVIEW_DEFAULT
111.6805,-46.3789,-5.6851,0.300,NORMAL,1,BEND,,,,0.000,PREVIEW_DEFAULT
111.7805,-46.2890,-5.6412,0.300,NORMAL,1,BEND,,,,0.000,PREVIEW_DEFAULT
111.8805,-46.1976,-5.6008,0.300,NORMAL,1,BEND,,,,0.000,PREVIEW_DEFAULT
111.9805,-46.1047,-5.5639,0.300,NORMAL,1,BEND,,,,0.000,PREVIEW_DEFAULT
112.0804,-46.0105,-5.5302,0.300,NORMAL,1,BEND,,,,0.000,PREVIEW_DEFAULT
112.1803,-45.9153,-5.5000,0.300,NORMAL,1,BEND,,,,0.000,PREVIEW_DEFAULT
112.2804,-45.8189,-5.4730,0.300,NORMAL,1,BEND,,,,0.000,PREVIEW_DEFAULT
112.3803,-45.7219,-5.4491,0.300,NORMAL,1,BEND,,,,0.000,PREVIEW_DEFAULT
112.4803,-45.6241,-5.4282,0.300,NORMAL,1,BEND,,,,0.000,PREVIEW_DEFAULT
112.5803,-45.5258,-5.4103,0.300,NORMAL,1,BEND,,,,0.000,PREVIEW_DEFAULT
112.6803,-45.4269,-5.3951,0.300,NORMAL,1,BEND,,,,0.000,PREVIEW_DEFAULT
112.7802,-45.3278,-5.3824,0.300,NORMAL,1,BEND,,,,0.000,PREVIEW_DEFAULT
112.8803,-45.2283,-5.3721,0.300,NORMAL,1,BEND,,,,0.000,PREVIEW_DEFAULT
112.9802,-45.1287,-5.3640,0.300,NORMAL,1,BEND,,,,0.000,PREVIEW_DEFAULT
113.0802,-45.0289,-5.3579,0.300,NORMAL,1,BEND,,,,0.000,PREVIEW_DEFAULT
113.1801,-44.9290,-5.3535,0.300,NORMAL,1,BEND,,,,0.000,PREVIEW_DEFAULT
113.2801,-44.8291,-5.3508,0.300,NORMAL,1,BEND,,,,0.000,PREVIEW_DEFAULT
113.3801,-44.7291,-5.3493,0.300,NORMAL,1,BEND,,,,0.000,PREVIEW_DEFAULT
113.4801,-44.6291,-5.3491,0.300,NORMAL,1,BEND,,,,0.000,PREVIEW_DEFAULT
113.5801,-44.5291,-5.3500,0.300,NORMAL,1,BEND,,,,0.000,PREVIEW_DEFAULT
113.6801,-44.4292,-5.3519,0.300,NORMAL,1,BEND,,,,0.000,PREVIEW_DEFAULT
113.7801,-44.3292,-5.3544,0.300,NORMAL,1,BEND,,,,0.000,PREVIEW_DEFAULT
113.8800,-44.2293,-5.3577,0.300,NORMAL,1,BEND,,,,0.000,PREVIEW_DEFAULT
113.9800,-44.1294,-5.3617,0.300,NORMAL,1,BEND,,,,0.000,PREVIEW_DEFAULT
114.0800,-44.0295,-5.3661,0.300,NORMAL,1,BEND,,,,0.000,PREVIEW_DEFAULT
114.1800,-43.9296,-5.3709,0.300,NORMAL,1,BEND,,,,0.000,PREVIEW_DEFAULT
114.2800,-43.8298,-5.3762,0.300,NORMAL,1,BEND,,,,0.000,PREVIEW_DEFAULT
114.3800,-43.7300,-5.3816,0.300,NORMAL,1,BEND,,,,0.000,PREVIEW_DEFAULT
114.4799,-43.6301,-5.3874,0.300,NORMAL,1,BEND,,,,0.000,PREVIEW_DEFAULT
114.5800,-43.5303,-5.3934,0.300,NORMAL,1,BEND,,,,0.000,PREVIEW_DEFAULT
114.6799,-43.4305,-5.3995,0.300,NORMAL,1,BEND,,,,0.000,PREVIEW_DEFAULT
114.7799,-43.3307,-5.4058,0.300,NORMAL,1,BEND,,,,0.000,PREVIEW_DEFAULT
114.8799,-43.2310,-5.4122,0.300,NORMAL,1,BEND,,,,0.000,PREVIEW_DEFAULT
114.9798,-43.1312,-5.4186,0.300,NORMAL,1,BEND,,,,0.000,PREVIEW_DEFAULT
115.0798,-43.0315,-5.4252,0.300,NORMAL,1,BEND,,,,0.000,PREVIEW_DEFAULT
115.1798,-42.9317,-5.4318,0.300,NORMAL,1,BEND,,,,0.000,PREVIEW_DEFAULT
115.2798,-42.8319,-5.4385,0.300,NORMAL,1,BEND,,,,0.000,PREVIEW_DEFAULT
115.3798,-42.7322,-5.4452,0.300,NORMAL,1,BEND,,,,0.000,PREVIEW_DEFAULT
115.4798,-42.6324,-5.4521,0.300,NORMAL,1,BEND,,,,0.000,PREVIEW_DEFAULT
115.5798,-42.5326,-5.4591,0.300,NORMAL,1,BEND,,,,0.000,PREVIEW_DEFAULT
115.6798,-42.4329,-5.4663,0.300,NORMAL,1,BEND,,,,0.000,PREVIEW_DEFAULT
115.7798,-42.3332,-5.4737,0.300,NORMAL,1,BEND,,,,0.000,PREVIEW_DEFAULT
115.8797,-42.2335,-5.4812,0.300,NORMAL,1,BEND,,,,0.000,PREVIEW_DEFAULT
115.9797,-42.1339,-5.4891,0.300,NORMAL,1,BEND,,,,0.000,PREVIEW_DEFAULT
116.0797,-42.0342,-5.4971,0.300,NORMAL,1,BEND,,,,0.000,PREVIEW_DEFAULT
116.1796,-41.9346,-5.5055,0.300,NORMAL,1,BEND,,,,0.000,PREVIEW_DEFAULT
116.2796,-41.8350,-5.5142,0.300,NORMAL,1,BEND,,,,0.000,PREVIEW_DEFAULT
116.3796,-41.7354,-5.5232,0.300,NORMAL,1,BEND,,,,0.000,PREVIEW_DEFAULT
116.4796,-41.6358,-5.5325,0.300,NORMAL,1,BEND,,,,0.000,PREVIEW_DEFAULT
116.5796,-41.5364,-5.5422,0.300,NORMAL,1,BEND,,,,0.000,PREVIEW_DEFAULT
116.6796,-41.4368,-5.5523,0.300,NORMAL,1,BEND,,,,0.000,PREVIEW_DEFAULT
116.7795,-41.3374,-5.5627,0.300,NORMAL,1,BEND,,,,0.000,PREVIEW_DEFAULT
116.8795,-41.2380,-5.5736,0.300,NORMAL,1,BEND,,,,0.000,PREVIEW_DEFAULT
116.9795,-41.1387,-5.5848,0.300,NORMAL,1,BEND,,,,0.000,PREVIEW_DEFAULT
117.0795,-41.0394,-5.5966,0.300,NORMAL,1,BEND,,,,0.000,PREVIEW_DEFAULT
117.1794,-40.9402,-5.6088,0.300,NORMAL,1,BEND,,,,0.000,PREVIEW_DEFAULT
117.2794,-40.8410,-5.6215,0.300,NORMAL,1,BEND,,,,0.000,PREVIEW_DEFAULT
117.3794,-40.7419,-5.6348,0.300,NORMAL,1,BEND,,,,0.000,PREVIEW_DEFAULT
117.4794,-40.6429,-5.6486,0.300,NORMAL,1,BEND,,,,0.000,PREVIEW_DEFAULT
117.5794,-40.5439,-5.6630,0.300,NORMAL,1,BEND,,,,0.000,PREVIEW_DEFAULT
117.6793,-40.4451,-5.6781,0.300,NORMAL,1,BEND,,,,0.000,PREVIEW_DEFAULT
117.7793,-40.3464,-5.6938,0.300,NORMAL,1,BEND,,,,0.000,PREVIEW_DEFAULT
117.8794,-40.2477,-5.7103,0.300,NORMAL,1,BEND,,,,0.000,PREVIEW_DEFAULT
117.9793,-40.1493,-5.7276,0.300,NORMAL,1,BEND,,,,0.000,PREVIEW_DEFAULT
118.0793,-40.0509,-5.7454,0.300,NORMAL,1,BEND,,,,0.000,PREVIEW_DEFAULT
118.1793,-39.9526,-5.7640,0.300,NORMAL,1,BEND,,,,0.000,PREVIEW_DEFAULT
118.2793,-39.8545,-5.7834,0.300,NORMAL,1,BEND,,,,0.000,PREVIEW_DEFAULT
118.3793,-39.7566,-5.8035,0.300,NORMAL,1,BEND,,,,0.000,PREVIEW_DEFAULT
118.4792,-39.6588,-5.8242,0.300,NORMAL,1,BEND,,,,0.000,PREVIEW_DEFAULT
118.5792,-39.5611,-5.8455,0.300,NORMAL,1,BEND,,,,0.000,PREVIEW_DEFAULT
118.6792,-39.4635,-5.8672,0.300,NORMAL,1,BEND,,,,0.000,PREVIEW_DEFAULT
118.7792,-39.3660,-5.8894,0.300,NORMAL,1,BEND,,,,0.000,PREVIEW_DEFAULT
118.8792,-39.2686,-5.9118,0.300,NORMAL,1,BEND,,,,0.000,PREVIEW_DEFAULT
118.9792,-39.1712,-5.9345,0.300,NORMAL,1,BEND,,,,0.000,PREVIEW_DEFAULT
119.0792,-39.0738,-5.9571,0.300,NORMAL,1,BEND,,,,0.000,PREVIEW_DEFAULT
119.1791,-38.9764,-5.9796,0.300,NORMAL,1,BEND,,,,0.000,PREVIEW_DEFAULT
119.2791,-38.8789,-6.0018,0.300,NORMAL,1,BEND,,,,0.000,PREVIEW_DEFAULT
119.3752,-38.7851,-6.0225,0.300,NORMAL,1,BEND,BEND_END,EXIT_ZONE,,0.000,PREVIEW_DEFAULT
119.3791,-38.7812,-6.0234,0.300,NORMAL,1,BEND,,,,0.000,PREVIEW_DEFAULT
119.4791,-38.6835,-6.0443,0.300,NORMAL,1,BEND,,,,0.000,PREVIEW_DEFAULT
119.5791,-38.5856,-6.0646,0.300,NORMAL,1,BEND,,,,0.000,PREVIEW_DEFAULT
119.6791,-38.4876,-6.0845,0.300,NORMAL,1,ROUTE,,,,0.000,PREVIEW_DEFAULT
119.7790,-38.3896,-6.1042,0.300,NORMAL,1,ROUTE,,,,0.000,PREVIEW_DEFAULT
119.8790,-38.2916,-6.1239,0.300,NORMAL,1,ROUTE,,,,0.000,PREVIEW_DEFAULT
119.9790,-38.1935,-6.1435,0.300,NORMAL,1,ROUTE,,,,0.000,PREVIEW_DEFAULT
120.0790,-38.0955,-6.1633,0.300,NORMAL,1,ROUTE,,,,0.000,PREVIEW_DEFAULT
120.1790,-37.9975,-6.1833,0.300,NORMAL,1,ROUTE,,,,0.000,PREVIEW_DEFAULT
120.2790,-37.8996,-6.2035,0.300,NORMAL,1,ROUTE,,,,0.000,PREVIEW_DEFAULT
120.3789,-37.8018,-6.2239,0.300,NORMAL,1,ROUTE,,,,0.000,PREVIEW_DEFAULT
120.4789,-37.7040,-6.2448,0.300,NORMAL,1,ROUTE,,,,0.000,PREVIEW_DEFAULT
120.5789,-37.6063,-6.2659,0.300,NORMAL,1,ROUTE,,,,0.000,PREVIEW_DEFAULT
120.6789,-37.5086,-6.2874,0.300,NORMAL,1,ROUTE,,,,0.000,PREVIEW_DEFAULT
120.7789,-37.4110,-6.3090,0.300,NORMAL,1,ROUTE,,,,0.000,PREVIEW_DEFAULT
120.8789,-37.3134,-6.3310,0.300,NORMAL,1,ROUTE,,,,0.000,PREVIEW_DEFAULT
120.9788,-37.2160,-6.3530,0.300,NORMAL,1,ROUTE,,,,0.000,PREVIEW_DEFAULT
121.0788,-37.1185,-6.3752,0.300,NORMAL,1,ROUTE,,,,0.000,PREVIEW_DEFAULT
121.1788,-37.0210,-6.3975,0.300,NORMAL,1,ROUTE,,,,0.000,PREVIEW_DEFAULT
121.2788,-36.9235,-6.4199,0.300,NORMAL,1,ROUTE,,,,0.000,PREVIEW_DEFAULT
121.3787,-36.8262,-6.4424,0.300,NORMAL,1,ROUTE,,,,0.000,PREVIEW_DEFAULT
121.4788,-36.7287,-6.4649,0.300,NORMAL,1,ROUTE,,,,0.000,PREVIEW_DEFAULT
121.5787,-36.6313,-6.4875,0.300,NORMAL,1,ROUTE,,,,0.000,PREVIEW_DEFAULT
121.6787,-36.5339,-6.5102,0.300,NORMAL,1,ROUTE,,,,0.000,PREVIEW_DEFAULT
121.7787,-36.4365,-6.5329,0.300,NORMAL,1,ROUTE,,,,0.000,PREVIEW_DEFAULT
121.8787,-36.3392,-6.5557,0.300,NORMAL,1,ROUTE,,,,0.000,PREVIEW_DEFAULT
121.9787,-36.2418,-6.5786,0.300,NORMAL,1,ROUTE,,,,0.000,PREVIEW_DEFAULT
122.0787,-36.1446,-6.6016,0.300,NORMAL,1,ROUTE,,,,0.000,PREVIEW_DEFAULT
122.1786,-36.0474,-6.6248,0.300,NORMAL,1,ROUTE,,,,0.000,PREVIEW_DEFAULT
122.2786,-35.9501,-6.6481,0.300,NORMAL,1,ROUTE,,,,0.000,PREVIEW_DEFAULT
122.3786,-35.8529,-6.6717,0.300,NORMAL,1,ROUTE,,,,0.000,PREVIEW_DEFAULT
122.4786,-35.7558,-6.6955,0.300,NORMAL,1,ROUTE,,,,0.000,PREVIEW_DEFAULT
122.5786,-35.6587,-6.7195,0.300,NORMAL,1,ROUTE,,,,0.000,PREVIEW_DEFAULT
122.6785,-35.5618,-6.7437,0.300,NORMAL,1,ROUTE,,,,0.000,PREVIEW_DEFAULT
122.7785,-35.4648,-6.7682,0.300,NORMAL,1,ROUTE,,,,0.000,PREVIEW_DEFAULT
122.8785,-35.3680,-6.7932,0.300,NORMAL,1,ROUTE,,,,0.000,PREVIEW_DEFAULT
122.9785,-35.2713,-6.8184,0.300,NORMAL,1,ROUTE,,,,0.000,PREVIEW_DEFAULT
123.0785,-35.1746,-6.8440,0.300,NORMAL,1,ROUTE,,,,0.000,PREVIEW_DEFAULT
123.1784,-35.0781,-6.8700,0.300,NORMAL,1,ROUTE,,,,0.000,PREVIEW_DEFAULT
123.2784,-34.9817,-6.8965,0.300,NORMAL,1,ROUTE,,,,0.000,PREVIEW_DEFAULT
123.3784,-34.8854,-6.9234,0.300,NORMAL,1,ROUTE,,,,0.000,PREVIEW_DEFAULT
123.4784,-34.7892,-6.9508,0.300,NORMAL,1,ROUTE,,,,0.000,PREVIEW_DEFAULT
123.5784,-34.6932,-6.9788,0.300,NORMAL,1,ROUTE,,,,0.000,PREVIEW_DEFAULT
123.6784,-34.5974,-7.0074,0.300,NORMAL,1,ROUTE,,,,0.000,PREVIEW_DEFAULT
123.7783,-34.5018,-7.0365,0.300,NORMAL,1,ROUTE,,,,0.000,PREVIEW_DEFAULT
123.8784,-34.4063,-7.0664,0.300,NORMAL,1,ROUTE,,,,0.000,PREVIEW_DEFAULT
123.9783,-34.3112,-7.0970,0.300,NORMAL,1,ROUTE,,,,0.000,PREVIEW_DEFAULT
124.0783,-34.2163,-7.1283,0.300,NORMAL,1,ROUTE,,,,0.000,PREVIEW_DEFAULT
124.1783,-34.1216,-7.1605,0.300,NORMAL,1,ROUTE,,,,0.000,PREVIEW_DEFAULT
124.2783,-34.0272,-7.1936,0.300,NORMAL,1,ROUTE,,,,0.000,PREVIEW_DEFAULT
124.3782,-33.9332,-7.2276,0.300,NORMAL,1,ROUTE,,,,0.000,PREVIEW_DEFAULT
124.4782,-33.8395,-7.2626,0.300,NORMAL,1,ROUTE,,,,0.000,PREVIEW_DEFAULT
124.5782,-33.7463,-7.2987,0.300,NORMAL,1,ROUTE,,,,0.000,PREVIEW_DEFAULT
124.6782,-33.6535,-7.3359,0.300,NORMAL,1,ROUTE,,,,0.000,PREVIEW_DEFAULT
124.7782,-33.5611,-7.3743,0.300,NORMAL,1,ROUTE,,,,0.000,PREVIEW_DEFAULT
124.8781,-33.4694,-7.4139,0.300,NORMAL,1,ROUTE,,,,0.000,PREVIEW_DEFAULT
124.9781,-33.3781,-7.4547,0.300,NORMAL,1,ROUTE,,,,0.000,PREVIEW_DEFAULT
125.0781,-33.2876,-7.4970,0.300,NORMAL,1,ROUTE,,,,0.000,PREVIEW_DEFAULT
125.1781,-33.1975,-7.5405,0.300,NORMAL,1,ROUTE,,,,0.000,PREVIEW_DEFAULT
125.2781,-33.1082,-7.5855,0.300,NORMAL,1,ROUTE,,,,0.000,PREVIEW_DEFAULT
125.3781,-33.0197,-7.6320,0.300,NORMAL,1,ROUTE,,,,0.000,PREVIEW_DEFAULT
125.4780,-32.9319,-7.6797,0.300,NORMAL,1,ROUTE,,,,0.000,PREVIEW_DEFAULT
125.5781,-32.8449,-7.7291,0.300,NORMAL,1,ROUTE,,,,0.000,PREVIEW_DEFAULT
125.6780,-32.7588,-7.7798,0.300,NORMAL,1,ROUTE,,,,0.000,PREVIEW_DEFAULT
125.7780,-32.6735,-7.8320,0.300,NORMAL,1,ROUTE,,,,0.000,PREVIEW_DEFAULT
125.8780,-32.5891,-7.8858,0.300,NORMAL,1,ROUTE,,,,0.000,PREVIEW_DEFAULT
125.9780,-32.5057,-7.9408,0.300,NORMAL,1,ROUTE,,,,0.000,PREVIEW_DEFAULT
126.0779,-32.4233,-7.9974,0.300,NORMAL,1,ROUTE,,,,0.000,PREVIEW_DEFAULT
126.1780,-32.3418,-8.0554,0.300,NORMAL,1,ROUTE,,,,0.000,PREVIEW_DEFAULT
126.2778,-32.2615,-8.1148,0.300,NORMAL,1,ROUTE,,,,0.000,PREVIEW_DEFAULT
126.3778,-32.1821,-8.1756,0.300,NORMAL,1,ROUTE,,,,0.000,PREVIEW_DEFAULT
126.4779,-32.1037,-8.2377,0.300,NORMAL,1,ROUTE,,,,0.000,PREVIEW_DEFAULT
126.5778,-32.0264,-8.3011,0.300,NORMAL,1,ROUTE,,,,0.000,PREVIEW_DEFAULT
126.6778,-31.9501,-8.3657,0.300,NORMAL,1,ROUTE,,,,0.000,PREVIEW_DEFAULT
126.7778,-31.8748,-8.4315,0.300,NORMAL,1,ROUTE,,,,0.000,PREVIEW_DEFAULT
126.8778,-31.8006,-8.4985,0.300,NORMAL,1,ROUTE,,,,0.000,PREVIEW_DEFAULT
126.9777,-31.7273,-8.5665,0.300,NORMAL,1,ROUTE,,,,0.000,PREVIEW_DEFAULT
127.0777,-31.6549,-8.6354,0.300,NORMAL,1,ROUTE,,,,0.000,PREVIEW_DEFAULT
127.1778,-31.5835,-8.7055,0.300,NORMAL,1,ROUTE,,,,0.000,PREVIEW_DEFAULT
127.2777,-31.5131,-8.7764,0.300,NORMAL,1,ROUTE,,,,0.000,PREVIEW_DEFAULT
127.3777,-31.4435,-8.8483,0.300,NORMAL,1,ROUTE,,,,0.000,PREVIEW_DEFAULT
127.4777,-31.3750,-8.9210,0.300,NORMAL,1,ROUTE,,,,0.000,PREVIEW_DEFAULT
127.5777,-31.3073,-8.9947,0.300,NORMAL,1,ROUTE,,,,0.000,PREVIEW_DEFAULT
127.6776,-31.2407,-9.0692,0.300,NORMAL,1,ROUTE,,,,0.000,PREVIEW_DEFAULT
127.7776,-31.1750,-9.1446,0.300,NORMAL,1,ROUTE,,,,0.000,PREVIEW_DEFAULT
127.8776,-31.1104,-9.2208,0.300,NORMAL,1,ROUTE,,,,0.000,PREVIEW_DEFAULT
127.9776,-31.0467,-9.2980,0.300,NORMAL,1,ROUTE,,,,0.000,PREVIEW_DEFAULT
128.0776,-30.9840,-9.3759,0.300,NORMAL,1,ROUTE,,,,0.000,PREVIEW_DEFAULT
128.1776,-30.9225,-9.4547,0.300,NORMAL,1,ROUTE,,,,0.000,PREVIEW_DEFAULT
128.2775,-30.8621,-9.5343,0.300,NORMAL,1,ROUTE,,,,0.000,PREVIEW_DEFAULT
128.3776,-30.8028,-9.6149,0.300,NORMAL,1,ROUTE,,,,0.000,PREVIEW_DEFAULT
128.4775,-30.7448,-9.6963,0.300,NORMAL,1,ROUTE,,,,0.000,PREVIEW_DEFAULT
128.5775,-30.6882,-9.7787,0.300,NORMAL,1,ROUTE,,,,0.000,PREVIEW_DEFAULT
128.6775,-30.6329,-9.8620,0.300,NORMAL,1,ROUTE,,,,0.000,PREVIEW_DEFAULT
128.7775,-30.5791,-9.9463,0.300,NORMAL,1,ROUTE,,,,0.000,PREVIEW_DEFAULT
128.8774,-30.5268,-10.0315,0.300,NORMAL,1,ROUTE,,,,0.000,PREVIEW_DEFAULT
128.9774,-30.4762,-10.1177,0.300,NORMAL,1,ROUTE,,,,0.000,PREVIEW_DEFAULT
129.0774,-30.4272,-10.2049,0.300,NORMAL,1,ROUTE,,,,0.000,PREVIEW_DEFAULT
129.1774,-30.3799,-10.2929,0.300,NORMAL,1,ROUTE,,,,0.000,PREVIEW_DEFAULT
129.2773,-30.3343,-10.3819,0.300,NORMAL,1,ROUTE,,,,0.000,PREVIEW_DEFAULT
129.3773,-30.2904,-10.4717,0.300,NORMAL,1,ROUTE,,,,0.000,PREVIEW_DEFAULT
129.4773,-30.2482,-10.5623,0.300,NORMAL,1,ROUTE,,,,0.000,PREVIEW_DEFAULT
129.5773,-30.2076,-10.6537,0.300,NORMAL,1,ROUTE,,,,0.000,PREVIEW_DEFAULT
129.6773,-30.1686,-10.7459,0.300,NORMAL,1,ROUTE,,,,0.000,PREVIEW_DEFAULT
129.7773,-30.1314,-10.8386,0.300,NORMAL,1,ROUTE,,,,0.000,PREVIEW_DEFAULT
129.8773,-30.0957,-10.9320,0.300,NORMAL,1,ROUTE,,,,0.000,PREVIEW_DEFAULT
129.9772,-30.0616,-11.0260,0.300,NORMAL,1,ROUTE,,,,0.000,PREVIEW_DEFAULT
130.0773,-30.0291,-11.1206,0.300,NORMAL,1,ROUTE,,,,0.000,PREVIEW_DEFAULT
130.1772,-29.9981,-11.2157,0.300,NORMAL,1,ROUTE,,,,0.000,PREVIEW_DEFAULT
130.2772,-29.9687,-11.3112,0.300,NORMAL,1,ROUTE,,,,0.000,PREVIEW_DEFAULT
130.3772,-29.9407,-11.4072,0.300,NORMAL,1,ROUTE,,,,0.000,PREVIEW_DEFAULT
130.4771,-29.9142,-11.5035,0.300,NORMAL,1,ROUTE,,,,0.000,PREVIEW_DEFAULT
130.5772,-29.8891,-11.6004,0.300,NORMAL,1,ROUTE,,,,0.000,PREVIEW_DEFAULT
130.6771,-29.8655,-11.6975,0.300,NORMAL,1,ROUTE,,,,0.000,PREVIEW_DEFAULT
130.7771,-29.8433,-11.7950,0.300,NORMAL,1,ROUTE,,,,0.000,PREVIEW_DEFAULT
130.8771,-29.8224,-11.8928,0.300,NORMAL,1,ROUTE,,,,0.000,PREVIEW_DEFAULT
130.9770,-29.8029,-11.9908,0.300,NORMAL,1,ROUTE,,,,0.000,PREVIEW_DEFAULT
131.0771,-29.7846,-12.0891,0.300,NORMAL,1,ROUTE,,,,0.000,PREVIEW_DEFAULT
131.1770,-29.7675,-12.1876,0.300,NORMAL,1,ROUTE,,,,0.000,PREVIEW_DEFAULT
131.2770,-29.7516,-12.2864,0.300,NORMAL,1,ROUTE,,,,0.000,PREVIEW_DEFAULT
131.3770,-29.7369,-12.3852,0.300,NORMAL,1,ROUTE,,,,0.000,PREVIEW_DEFAULT
131.4770,-29.7232,-12.4843,0.300,NORMAL,1,ROUTE,,,,0.000,PREVIEW_DEFAULT
131.5769,-29.7106,-12.5834,0.300,NORMAL,1,ROUTE,,,,0.000,PREVIEW_DEFAULT
131.6769,-29.6988,-12.6827,0.300,NORMAL,1,ROUTE,,,,0.000,PREVIEW_DEFAULT
131.7769,-29.6881,-12.7822,0.300,NORMAL,1,ROUTE,,,,0.000,PREVIEW_DEFAULT
131.8769,-29.6783,-12.8817,0.300,NORMAL,1,ROUTE,,,,0.000,PREVIEW_DEFAULT
131.9769,-29.6693,-12.9812,0.300,NORMAL,1,ROUTE,,,,0.000,PREVIEW_DEFAULT
132.0769,-29.6610,-13.0809,0.300,NORMAL,1,ROUTE,,,,0.000,PREVIEW_DEFAULT
132.1769,-29.6535,-13.1806,0.300,NORMAL,1,ROUTE,,,,0.000,PREVIEW_DEFAULT
132.2768,-29.6467,-13.2803,0.300,NORMAL,1,ROUTE,,,,0.000,PREVIEW_DEFAULT
132.3768,-29.6405,-13.3801,0.300,NORMAL,1,ROUTE,,,,0.000,PREVIEW_DEFAULT
132.4768,-29.6350,-13.4800,0.300,NORMAL,1,ROUTE,,,,0.000,PREVIEW_DEFAULT
132.5768,-29.6301,-13.5798,0.300,NORMAL,1,ROUTE,,,,0.000,PREVIEW_DEFAULT
132.6768,-29.6258,-13.6797,0.300,NORMAL,1,ROUTE,,,,0.000,PREVIEW_DEFAULT
132.7767,-29.6223,-13.7796,0.300,NORMAL,1,ROUTE,,,,0.000,PREVIEW_DEFAULT
132.8767,-29.6193,-13.8795,0.300,NORMAL,1,ROUTE,,,,0.000,PREVIEW_DEFAULT
132.9767,-29.6171,-13.9795,0.300,NORMAL,1,ROUTE,,,,0.000,PREVIEW_DEFAULT
133.0767,-29.6156,-14.0794,0.300,NORMAL,1,ROUTE,,,,0.000,PREVIEW_DEFAULT
133.1767,-29.6149,-14.1794,0.300,NORMAL,1,ROUTE,,,,0.000,PREVIEW_DEFAULT
133.2766,-29.6149,-14.2794,0.300,NORMAL,1,ROUTE,,,,0.000,PREVIEW_DEFAULT
133.3767,-29.6158,-14.3795,0.300,NORMAL,1,ROUTE,,,,0.000,PREVIEW_DEFAULT
133.4766,-29.6175,-14.4794,0.300,NORMAL,1,ROUTE,,,,0.000,PREVIEW_DEFAULT
133.5766,-29.6199,-14.5794,0.300,NORMAL,1,ROUTE,,,,0.000,PREVIEW_DEFAULT
133.6766,-29.6232,-14.6793,0.300,NORMAL,1,ROUTE,,,,0.000,PREVIEW_DEFAULT
133.7766,-29.6272,-14.7792,0.300,NORMAL,1,ROUTE,,,,0.000,PREVIEW_DEFAULT
133.8766,-29.6321,-14.8791,0.300,NORMAL,1,ROUTE,,,,0.000,PREVIEW_DEFAULT
133.9766,-29.6375,-14.9789,0.300,NORMAL,1,ROUTE,,,,0.000,PREVIEW_DEFAULT
134.0766,-29.6437,-15.0787,0.300,NORMAL,1,ROUTE,,,,0.000,PREVIEW_DEFAULT
134.1765,-29.6505,-15.1784,0.300,NORMAL,1,ROUTE,,,,0.000,PREVIEW_DEFAULT
134.2765,-29.6579,-15.2782,0.300,NORMAL,1,ROUTE,,,,0.000,PREVIEW_DEFAULT
134.3765,-29.6657,-15.3778,0.300,NORMAL,1,ROUTE,,,,0.000,PREVIEW_DEFAULT
134.4765,-29.6740,-15.4775,0.300,NORMAL,1,ROUTE,,,,0.000,PREVIEW_DEFAULT
134.5764,-29.6827,-15.5770,0.300,NORMAL,1,ROUTE,,,,0.000,PREVIEW_DEFAULT
134.6764,-29.6918,-15.6766,0.300,NORMAL,1,ROUTE,,,,0.000,PREVIEW_DEFAULT
134.7764,-29.7011,-15.7762,0.300,NORMAL,1,ROUTE,,,,0.000,PREVIEW_DEFAULT
134.8764,-29.7107,-15.8757,0.300,NORMAL,1,ROUTE,,,,0.000,PREVIEW_DEFAULT
134.9764,-29.7207,-15.9752,0.300,NORMAL,1,ROUTE,,,,0.000,PREVIEW_DEFAULT
135.0763,-29.7307,-16.0746,0.300,NORMAL,1,ROUTE,,,,0.000,PREVIEW_DEFAULT
135.1764,-29.7411,-16.1741,0.300,NORMAL,1,ROUTE,,,,0.000,PREVIEW_DEFAULT
135.2763,-29.7515,-16.2735,0.300,NORMAL,1,ROUTE,,,,0.000,PREVIEW_DEFAULT
135.3763,-29.7623,-16.3729,0.300,NORMAL,1,ROUTE,,,,0.000,PREVIEW_DEFAULT
135.4763,-29.7732,-16.4723,0.300,NORMAL,1,ROUTE,,,,0.000,PREVIEW_DEFAULT
135.5763,-29.7845,-16.5717,0.300,NORMAL,1,ROUTE,,,,0.000,PREVIEW_DEFAULT
135.6763,-29.7959,-16.6710,0.300,NORMAL,1,ROUTE,,,,0.000,PREVIEW_DEFAULT
135.7762,-29.8076,-16.7703,0.300,NORMAL,1,ROUTE,,,,0.000,PREVIEW_DEFAULT
135.8762,-29.8197,-16.8695,0.300,NORMAL,1,ROUTE,,,,0.000,PREVIEW_DEFAULT
135.9762,-29.8320,-16.9687,0.300,NORMAL,1,ROUTE,,,,0.000,PREVIEW_DEFAULT
136.0761,-29.8446,-17.0679,0.300,NORMAL,1,ROUTE,,,,0.000,PREVIEW_DEFAULT
136.1761,-29.8576,-17.1670,0.300,NORMAL,1,ROUTE,,,,0.000,PREVIEW_DEFAULT
136.2761,-29.8709,-17.2661,0.300,NORMAL,1,ROUTE,,,,0.000,PREVIEW_DEFAULT
136.3761,-29.8844,-17.3652,0.300,NORMAL,1,ROUTE,,,,0.000,PREVIEW_DEFAULT
136.4761,-29.8983,-17.4642,0.300,NORMAL,1,ROUTE,,,,0.000,PREVIEW_DEFAULT
136.5761,-29.9125,-17.5632,0.300,NORMAL,1,ROUTE,,,,0.000,PREVIEW_DEFAULT
136.6761,-29.9269,-17.6622,0.300,NORMAL,1,ROUTE,,,,0.000,PREVIEW_DEFAULT
136.7760,-29.9416,-17.7610,0.300,NORMAL,1,ROUTE,,,,0.000,PREVIEW_DEFAULT
136.8760,-29.9566,-17.8599,0.300,NORMAL,1,ROUTE,,,,0.000,PREVIEW_DEFAULT
136.9761,-29.9717,-17.9588,0.300,NORMAL,1,ROUTE,,,,0.000,PREVIEW_DEFAULT
137.0760,-29.9870,-18.0575,0.300,NORMAL,1,ROUTE,,,,0.000,PREVIEW_DEFAULT
137.1760,-30.0025,-18.1563,0.300,NORMAL,1,ROUTE,,,,0.000,PREVIEW_DEFAULT
137.2760,-30.0180,-18.2551,0.300,NORMAL,1,ROUTE,,,,0.000,PREVIEW_DEFAULT
137.3760,-30.0338,-18.3538,0.300,NORMAL,1,ROUTE,,,,0.000,PREVIEW_DEFAULT
137.4759,-30.0494,-18.4525,0.300,NORMAL,1,ROUTE,,,,0.000,PREVIEW_DEFAULT
137.5759,-30.0652,-18.5513,0.300,NORMAL,1,ROUTE,,,,0.000,PREVIEW_DEFAULT
137.6759,-30.0809,-18.6501,0.300,NORMAL,1,ROUTE,,,,0.000,PREVIEW_DEFAULT
137.7759,-30.0965,-18.7488,0.300,NORMAL,1,ROUTE,,,,0.000,PREVIEW_DEFAULT
137.8758,-30.1122,-18.8475,0.300,NORMAL,1,ROUTE,,,,0.000,PREVIEW_DEFAULT
137.9758,-30.1277,-18.9463,0.300,NORMAL,1,ROUTE,,,,0.000,PREVIEW_DEFAULT
138.0758,-30.1432,-19.0451,0.300,NORMAL,1,ROUTE,,,,0.000,PREVIEW_DEFAULT
138.1759,-30.1585,-19.1439,0.300,NORMAL,1,ROUTE,,,,0.000,PREVIEW_DEFAULT
138.2758,-30.1739,-19.2427,0.300,NORMAL,1,ROUTE,,,,0.000,PREVIEW_DEFAULT
138.3758,-30.1892,-19.3415,0.300,NORMAL,1,ROUTE,,,,0.000,PREVIEW_DEFAULT
138.4757,-30.2045,-19.4403,0.300,NORMAL,1,ROUTE,,,,0.000,PREVIEW_DEFAULT
138.5758,-30.2199,-19.5391,0.300,NORMAL,1,ROUTE,,,,0.000,PREVIEW_DEFAULT
138.6757,-30.2353,-19.6379,0.300,NORMAL,1,ROUTE,,,,0.000,PREVIEW_DEFAULT
138.7757,-30.2509,-19.7367,0.300,NORMAL,1,ROUTE,,,,0.000,PREVIEW_DEFAULT
138.8757,-30.2666,-19.8354,0.300,NORMAL,1,ROUTE,,,,0.000,PREVIEW_DEFAULT
138.9756,-30.2825,-19.9341,0.300,NORMAL,1,ROUTE,,,,0.000,PREVIEW_DEFAULT
139.0756,-30.2985,-20.0328,0.300,NORMAL,1,ROUTE,,,,0.000,PREVIEW_DEFAULT
139.1756,-30.3148,-20.1314,0.300,NORMAL,1,ROUTE,,,,0.000,PREVIEW_DEFAULT
139.2756,-30.3312,-20.2301,0.300,NORMAL,1,ROUTE,,,,0.000,PREVIEW_DEFAULT
139.3756,-30.3477,-20.3287,0.300,NORMAL,1,ROUTE,,,,0.000,PREVIEW_DEFAULT
139.4756,-30.3643,-20.4273,0.300,NORMAL,1,ROUTE,,,,0.000,PREVIEW_DEFAULT
139.5755,-30.3810,-20.5258,0.300,NORMAL,1,ROUTE,,,,0.000,PREVIEW_DEFAULT
139.6756,-30.3977,-20.6245,0.300,NORMAL,1,ROUTE,,,,0.000,PREVIEW_DEFAULT
139.7756,-30.4145,-20.7230,0.300,NORMAL,1,ROUTE,,,,0.000,PREVIEW_DEFAULT
139.8756,-30.4314,-20.8216,0.300,NORMAL,1,ROUTE,,,,0.000,PREVIEW_DEFAULT
139.9755,-30.4483,-20.9201,0.300,NORMAL,1,ROUTE,,,,0.000,PREVIEW_DEFAULT
140.0755,-30.4652,-21.0186,0.300,NORMAL,1,ROUTE,,,,0.000,PREVIEW_DEFAULT
140.1755,-30.4822,-21.1171,0.300,NORMAL,1,ROUTE,,,,0.000,PREVIEW_DEFAULT
140.2755,-30.4993,-21.2157,0.300,NORMAL,1,ROUTE,,,,0.000,PREVIEW_DEFAULT
140.3754,-30.5166,-21.3141,0.300,NORMAL,1,ROUTE,,,,0.000,PREVIEW_DEFAULT
140.4754,-30.5339,-21.4126,0.300,NORMAL,1,ROUTE,,,,0.000,PREVIEW_DEFAULT
140.5700,-30.5505,-21.5057,0.300,TRAFFIC,1,TRAFFIC,TRAFFIC_1_RED_STOP,STOP_IF_CONDITION,TRAFFIC_LIGHT_RED,0.000,PREVIEW_DEFAULT
140.5754,-30.5514,-21.5110,0.300,TRAFFIC,1,TRAFFIC,,,TRAFFIC_LIGHT_RED,0.000,PREVIEW_DEFAULT
140.6754,-30.5692,-21.6095,0.300,TRAFFIC,1,TRAFFIC,,,TRAFFIC_LIGHT_RED,0.000,PREVIEW_DEFAULT
140.7753,-30.5871,-21.7078,0.300,TRAFFIC,1,TRAFFIC,,,TRAFFIC_LIGHT_RED,0.000,PREVIEW_DEFAULT
140.8754,-30.6051,-21.8062,0.300,TRAFFIC,1,TRAFFIC,,,TRAFFIC_LIGHT_RED,0.000,PREVIEW_DEFAULT
140.9753,-30.6234,-21.9044,0.300,TRAFFIC,1,TRAFFIC,,,TRAFFIC_LIGHT_RED,0.000,PREVIEW_DEFAULT
141.0753,-30.6415,-22.0028,0.300,TRAFFIC,1,TRAFFIC,,,TRAFFIC_LIGHT_RED,0.000,PREVIEW_DEFAULT
141.1753,-30.6598,-22.1011,0.300,TRAFFIC,1,TRAFFIC,,,TRAFFIC_LIGHT_RED,0.000,PREVIEW_DEFAULT
141.2753,-30.6782,-22.1994,0.300,TRAFFIC,1,TRAFFIC,,,TRAFFIC_LIGHT_RED,0.000,PREVIEW_DEFAULT
141.3753,-30.6966,-22.2976,0.300,TRAFFIC,1,TRAFFIC,,,TRAFFIC_LIGHT_RED,0.000,PREVIEW_DEFAULT
141.4752,-30.7151,-22.3958,0.300,TRAFFIC,1,TRAFFIC,,,TRAFFIC_LIGHT_RED,0.000,PREVIEW_DEFAULT
141.5753,-30.7336,-22.4942,0.300,TRAFFIC,1,TRAFFIC,,,TRAFFIC_LIGHT_RED,0.000,PREVIEW_DEFAULT
141.6752,-30.7521,-22.5924,0.300,TRAFFIC,1,TRAFFIC,,,TRAFFIC_LIGHT_RED,0.000,PREVIEW_DEFAULT
141.7752,-30.7707,-22.6906,0.300,TRAFFIC,1,TRAFFIC,,,TRAFFIC_LIGHT_RED,0.000,PREVIEW_DEFAULT
141.8751,-30.7894,-22.7888,0.300,TRAFFIC,1,TRAFFIC,,,TRAFFIC_LIGHT_RED,0.000,PREVIEW_DEFAULT
141.9752,-30.8082,-22.8871,0.300,TRAFFIC,1,TRAFFIC,,,TRAFFIC_LIGHT_RED,0.000,PREVIEW_DEFAULT
142.0751,-30.8271,-22.9852,0.300,TRAFFIC,1,TRAFFIC,,,TRAFFIC_LIGHT_RED,0.000,PREVIEW_DEFAULT
142.1752,-30.8462,-23.0834,0.300,TRAFFIC,1,TRAFFIC,,,TRAFFIC_LIGHT_RED,0.000,PREVIEW_DEFAULT
142.2751,-30.8654,-23.1815,0.300,TRAFFIC,1,TRAFFIC,,,TRAFFIC_LIGHT_RED,0.000,PREVIEW_DEFAULT
142.3751,-30.8848,-23.2796,0.300,TRAFFIC,1,TRAFFIC,,,TRAFFIC_LIGHT_RED,0.000,PREVIEW_DEFAULT
142.4751,-30.9045,-23.3776,0.300,TRAFFIC,1,TRAFFIC,,,TRAFFIC_LIGHT_RED,0.000,PREVIEW_DEFAULT
142.5751,-30.9244,-23.4756,0.300,TRAFFIC,1,TRAFFIC,,,TRAFFIC_LIGHT_RED,0.000,PREVIEW_DEFAULT
142.6750,-30.9447,-23.5735,0.300,TRAFFIC,1,TRAFFIC,,,TRAFFIC_LIGHT_RED,0.000,PREVIEW_DEFAULT
142.7210,-30.9540,-23.6184,0.300,TRAFFIC,1,TRAFFIC,TRAFFIC_1_RED_STOP_END,,TRAFFIC_LIGHT_RED,0.000,PREVIEW_DEFAULT
142.7751,-30.9651,-23.6714,0.300,TRAFFIC,1,TRAFFIC,,,TRAFFIC_LIGHT_RED,0.000,PREVIEW_DEFAULT
142.8750,-30.9858,-23.7692,0.300,TRAFFIC,1,TRAFFIC,,,TRAFFIC_LIGHT_RED,0.000,PREVIEW_DEFAULT
142.9354,-30.9980,-23.8283,0.300,NORMAL,1,ROUTE,,,,0.000,PREVIEW_DEFAULT
142.9751,-31.0058,-23.8672,0.300,NORMAL,1,ROUTE,,,,0.000,PREVIEW_DEFAULT
143.0750,-31.0246,-23.9654,0.300,NORMAL,1,ROUTE,,,,0.000,PREVIEW_DEFAULT
143.1749,-31.0425,-24.0637,0.300,NORMAL,1,ROUTE,,,,0.000,PREVIEW_DEFAULT
143.2750,-31.0597,-24.1622,0.300,NORMAL,1,ROUTE,,,,0.000,PREVIEW_DEFAULT
143.3749,-31.0761,-24.2608,0.300,NORMAL,1,ROUTE,,,,0.000,PREVIEW_DEFAULT
143.4749,-31.0918,-24.3595,0.300,NORMAL,1,ROUTE,,,,0.000,PREVIEW_DEFAULT
143.5749,-31.1070,-24.4583,0.300,NORMAL,1,ROUTE,,,,0.000,PREVIEW_DEFAULT
143.6749,-31.1218,-24.5573,0.300,NORMAL,1,ROUTE,,,,0.000,PREVIEW_DEFAULT
143.7748,-31.1361,-24.6562,0.300,NORMAL,1,ROUTE,,,,0.000,PREVIEW_DEFAULT
143.8748,-31.1500,-24.7552,0.300,NORMAL,1,ROUTE,,,,0.000,PREVIEW_DEFAULT
143.9748,-31.1638,-24.8542,0.300,NORMAL,1,ROUTE,,,,0.000,PREVIEW_DEFAULT
144.0748,-31.1773,-24.9533,0.300,NORMAL,1,ROUTE,,,,0.000,PREVIEW_DEFAULT
144.1748,-31.1908,-25.0524,0.300,NORMAL,1,ROUTE,,,,0.000,PREVIEW_DEFAULT
144.2747,-31.2043,-25.1514,0.300,NORMAL,1,ROUTE,,,,0.000,PREVIEW_DEFAULT
144.3747,-31.2179,-25.2505,0.300,NORMAL,1,ROUTE,,,,0.000,PREVIEW_DEFAULT
144.4748,-31.2319,-25.3495,0.300,NORMAL,1,ROUTE,,,,0.000,PREVIEW_DEFAULT
144.5748,-31.2460,-25.4485,0.300,NORMAL,1,ROUTE,,,,0.000,PREVIEW_DEFAULT
144.6747,-31.2605,-25.5474,0.300,NORMAL,1,ROUTE,,,,0.000,PREVIEW_DEFAULT
144.7747,-31.2754,-25.6463,0.300,NORMAL,1,ROUTE,,,,0.000,PREVIEW_DEFAULT
144.8747,-31.2907,-25.7451,0.300,NORMAL,1,ROUTE,,,,0.000,PREVIEW_DEFAULT
144.9747,-31.3064,-25.8438,0.300,NORMAL,1,ROUTE,,,,0.000,PREVIEW_DEFAULT
145.0746,-31.3226,-25.9424,0.300,NORMAL,1,ROUTE,,,,0.000,PREVIEW_DEFAULT
145.1746,-31.3392,-26.0411,0.300,NORMAL,1,ROUTE,,,,0.000,PREVIEW_DEFAULT
145.2746,-31.3561,-26.1396,0.300,NORMAL,1,ROUTE,,,,0.000,PREVIEW_DEFAULT
145.3746,-31.3733,-26.2381,0.300,NORMAL,1,ROUTE,,,,0.000,PREVIEW_DEFAULT
145.4746,-31.3908,-26.3366,0.300,NORMAL,1,ROUTE,,,,0.000,PREVIEW_DEFAULT
145.5745,-31.4085,-26.4349,0.300,NORMAL,1,ROUTE,,,,0.000,PREVIEW_DEFAULT
145.6745,-31.4263,-26.5333,0.300,NORMAL,1,ROUTE,,,,0.000,PREVIEW_DEFAULT
145.7745,-31.4443,-26.6317,0.300,NORMAL,1,ROUTE,,,,0.000,PREVIEW_DEFAULT
145.8745,-31.4625,-26.7301,0.300,NORMAL,1,ROUTE,,,,0.000,PREVIEW_DEFAULT
145.9745,-31.4807,-26.8283,0.300,NORMAL,1,ROUTE,,,,0.000,PREVIEW_DEFAULT
146.0745,-31.4989,-26.9267,0.300,NORMAL,1,ROUTE,,,,0.000,PREVIEW_DEFAULT
146.1745,-31.5173,-27.0250,0.300,NORMAL,1,ROUTE,,,,0.000,PREVIEW_DEFAULT
146.2744,-31.5357,-27.1232,0.300,NORMAL,1,ROUTE,,,,0.000,PREVIEW_DEFAULT
146.3744,-31.5542,-27.2215,0.300,NORMAL,1,ROUTE,,,,0.000,PREVIEW_DEFAULT
146.4744,-31.5727,-27.3197,0.300,NORMAL,1,ROUTE,,,,0.000,PREVIEW_DEFAULT
146.5744,-31.5912,-27.4180,0.300,NORMAL,1,ROUTE,,,,0.000,PREVIEW_DEFAULT
146.6743,-31.6096,-27.5162,0.300,NORMAL,1,ROUTE,,,,0.000,PREVIEW_DEFAULT
146.7744,-31.6281,-27.6145,0.300,NORMAL,1,ROUTE,,,,0.000,PREVIEW_DEFAULT
146.8743,-31.6464,-27.7128,0.300,NORMAL,1,ROUTE,,,,0.000,PREVIEW_DEFAULT
146.9743,-31.6647,-27.8111,0.300,NORMAL,1,ROUTE,,,,0.000,PREVIEW_DEFAULT
147.0743,-31.6829,-27.9094,0.300,NORMAL,1,ROUTE,,,,0.000,PREVIEW_DEFAULT
147.1743,-31.7009,-28.0077,0.300,NORMAL,1,ROUTE,,,,0.000,PREVIEW_DEFAULT
147.2743,-31.7187,-28.1061,0.300,NORMAL,1,ROUTE,,,,0.000,PREVIEW_DEFAULT
147.3743,-31.7364,-28.2046,0.300,NORMAL,1,ROUTE,,,,0.000,PREVIEW_DEFAULT
147.4742,-31.7539,-28.3030,0.300,NORMAL,1,ROUTE,,,,0.000,PREVIEW_DEFAULT
147.5742,-31.7712,-28.4014,0.300,NORMAL,1,ROUTE,,,,0.000,PREVIEW_DEFAULT
147.6742,-31.7883,-28.4999,0.300,NORMAL,1,ROUTE,,,,0.000,PREVIEW_DEFAULT
147.7742,-31.8051,-28.5985,0.300,NORMAL,1,ROUTE,,,,0.000,PREVIEW_DEFAULT
147.8742,-31.8217,-28.6971,0.300,NORMAL,1,ROUTE,,,,0.000,PREVIEW_DEFAULT
147.9742,-31.8381,-28.7958,0.300,NORMAL,1,ROUTE,,,,0.000,PREVIEW_DEFAULT
148.0741,-31.8542,-28.8944,0.300,NORMAL,1,ROUTE,,,,0.000,PREVIEW_DEFAULT
148.1741,-31.8702,-28.9931,0.300,NORMAL,1,ROUTE,,,,0.000,PREVIEW_DEFAULT
148.2741,-31.8859,-29.0918,0.300,NORMAL,1,ROUTE,,,,0.000,PREVIEW_DEFAULT
148.3741,-31.9016,-29.1906,0.300,NORMAL,1,ROUTE,,,,0.000,PREVIEW_DEFAULT
148.4741,-31.9170,-29.2894,0.300,NORMAL,1,ROUTE,,,,0.000,PREVIEW_DEFAULT
148.5741,-31.9323,-29.3882,0.300,NORMAL,1,ROUTE,,,,0.000,PREVIEW_DEFAULT
148.6741,-31.9475,-29.4871,0.300,NORMAL,1,ROUTE,,,,0.000,PREVIEW_DEFAULT
148.7740,-31.9626,-29.5859,0.300,NORMAL,1,ROUTE,,,,0.000,PREVIEW_DEFAULT
148.8740,-31.9776,-29.6847,0.300,NORMAL,1,ROUTE,,,,0.000,PREVIEW_DEFAULT
148.9739,-31.9926,-29.7835,0.300,NORMAL,1,ROUTE,,,,0.000,PREVIEW_DEFAULT
149.0739,-32.0076,-29.8824,0.300,NORMAL,1,ROUTE,,,,0.000,PREVIEW_DEFAULT
149.1739,-32.0226,-29.9812,0.300,NORMAL,1,ROUTE,,,,0.000,PREVIEW_DEFAULT
149.2739,-32.0376,-30.0801,0.300,NORMAL,1,ROUTE,,,,0.000,PREVIEW_DEFAULT
149.3739,-32.0526,-30.1790,0.300,NORMAL,1,ROUTE,,,,0.000,PREVIEW_DEFAULT
149.4739,-32.0676,-30.2778,0.300,NORMAL,1,ROUTE,,,,0.000,PREVIEW_DEFAULT
149.5739,-32.0827,-30.3767,0.300,NORMAL,1,ROUTE,,,,0.000,PREVIEW_DEFAULT
149.6738,-32.0978,-30.4755,0.300,NORMAL,1,ROUTE,,,,0.000,PREVIEW_DEFAULT
149.7738,-32.1129,-30.5743,0.300,NORMAL,1,ROUTE,,,,0.000,PREVIEW_DEFAULT
149.8738,-32.1283,-30.6731,0.300,NORMAL,1,ROUTE,,,,0.000,PREVIEW_DEFAULT
149.9738,-32.1435,-30.7719,0.300,NORMAL,1,ROUTE,,,,0.000,PREVIEW_DEFAULT
150.0738,-32.1588,-30.8708,0.300,NORMAL,1,ROUTE,,,,0.000,PREVIEW_DEFAULT
150.1738,-32.1740,-30.9696,0.300,NORMAL,1,ROUTE,,,,0.000,PREVIEW_DEFAULT
150.2737,-32.1893,-31.0683,0.300,NORMAL,1,ROUTE,,,,0.000,PREVIEW_DEFAULT
150.3737,-32.2045,-31.1671,0.300,NORMAL,1,ROUTE,,,,0.000,PREVIEW_DEFAULT
150.4737,-32.2197,-31.2660,0.300,NORMAL,1,ROUTE,,,,0.000,PREVIEW_DEFAULT
150.5737,-32.2348,-31.3649,0.300,NORMAL,1,ROUTE,,,,0.000,PREVIEW_DEFAULT
150.6736,-32.2498,-31.4636,0.300,NORMAL,1,ROUTE,,,,0.000,PREVIEW_DEFAULT
150.7737,-32.2647,-31.5626,0.300,NORMAL,1,ROUTE,,,,0.000,PREVIEW_DEFAULT
150.8736,-32.2794,-31.6614,0.300,NORMAL,1,ROUTE,,,,0.000,PREVIEW_DEFAULT
150.9736,-32.2940,-31.7604,0.300,NORMAL,1,ROUTE,,,,0.000,PREVIEW_DEFAULT
151.0736,-32.3083,-31.8593,0.300,NORMAL,1,ROUTE,,,,0.000,PREVIEW_DEFAULT
151.1736,-32.3226,-31.9582,0.300,NORMAL,1,ROUTE,,,,0.000,PREVIEW_DEFAULT
151.2736,-32.3366,-32.0573,0.300,NORMAL,1,ROUTE,,,,0.000,PREVIEW_DEFAULT
151.3735,-32.3505,-32.1562,0.300,NORMAL,1,ROUTE,,,,0.000,PREVIEW_DEFAULT
151.4736,-32.3642,-32.2553,0.300,NORMAL,1,ROUTE,,,,0.000,PREVIEW_DEFAULT
151.5736,-32.3778,-32.3544,0.300,NORMAL,1,ROUTE,,,,0.000,PREVIEW_DEFAULT
151.6735,-32.3914,-32.4534,0.300,NORMAL,1,ROUTE,,,,0.000,PREVIEW_DEFAULT
151.7734,-32.4049,-32.5524,0.300,NORMAL,1,ROUTE,,,,0.000,PREVIEW_DEFAULT
151.8735,-32.4185,-32.6515,0.300,NORMAL,1,ROUTE,,,,0.000,PREVIEW_DEFAULT
151.9735,-32.4321,-32.7506,0.300,NORMAL,1,ROUTE,,,,0.000,PREVIEW_DEFAULT
152.0734,-32.4459,-32.8496,0.300,NORMAL,1,ROUTE,,,,0.000,PREVIEW_DEFAULT
152.1734,-32.4598,-32.9487,0.300,NORMAL,1,ROUTE,,,,0.000,PREVIEW_DEFAULT
152.2734,-32.4739,-33.0477,0.300,NORMAL,1,ROUTE,,,,0.000,PREVIEW_DEFAULT
152.3734,-32.4882,-33.1466,0.300,NORMAL,1,ROUTE,,,,0.000,PREVIEW_DEFAULT
152.4734,-32.5027,-33.2455,0.300,NORMAL,1,ROUTE,,,,0.000,PREVIEW_DEFAULT
152.5734,-32.5172,-33.3444,0.300,NORMAL,1,ROUTE,,,,0.000,PREVIEW_DEFAULT
152.6734,-32.5320,-33.4434,0.300,NORMAL,1,ROUTE,,,,0.000,PREVIEW_DEFAULT
152.7733,-32.5467,-33.5422,0.300,NORMAL,1,ROUTE,,,,0.000,PREVIEW_DEFAULT
152.8733,-32.5616,-33.6411,0.300,NORMAL,1,ROUTE,,,,0.000,PREVIEW_DEFAULT
152.9733,-32.5764,-33.7399,0.300,NORMAL,1,ROUTE,,,,0.000,PREVIEW_DEFAULT
153.0733,-32.5912,-33.8389,0.300,NORMAL,1,ROUTE,,,,0.000,PREVIEW_DEFAULT
153.1733,-32.6059,-33.9378,0.300,NORMAL,1,ROUTE,,,,0.000,PREVIEW_DEFAULT
153.2733,-32.6205,-34.0367,0.300,NORMAL,1,ROUTE,,,,0.000,PREVIEW_DEFAULT
153.3732,-32.6350,-34.1355,0.300,NORMAL,1,ROUTE,,,,0.000,PREVIEW_DEFAULT
153.4732,-32.6494,-34.2345,0.300,NORMAL,1,ROUTE,,,,0.000,PREVIEW_DEFAULT
153.5732,-32.6636,-34.3335,0.300,NORMAL,1,ROUTE,,,,0.000,PREVIEW_DEFAULT
153.6731,-32.6779,-34.4324,0.300,NORMAL,1,ROUTE,,,,0.000,PREVIEW_DEFAULT
153.7731,-32.6919,-34.5314,0.300,NORMAL,1,ROUTE,,,,0.000,PREVIEW_DEFAULT
153.8731,-32.7059,-34.6304,0.300,NORMAL,1,ROUTE,,,,0.000,PREVIEW_DEFAULT
153.9732,-32.7198,-34.7295,0.300,NORMAL,1,ROUTE,,,,0.000,PREVIEW_DEFAULT
154.0731,-32.7337,-34.8284,0.300,NORMAL,1,ROUTE,,,,0.000,PREVIEW_DEFAULT
154.1731,-32.7476,-34.9275,0.300,NORMAL,1,ROUTE,,,,0.000,PREVIEW_DEFAULT
154.2731,-32.7615,-35.0265,0.300,NORMAL,1,ROUTE,,,,0.000,PREVIEW_DEFAULT
154.3730,-32.7755,-35.1255,0.300,NORMAL,1,ROUTE,,,,0.000,PREVIEW_DEFAULT
154.4730,-32.7896,-35.2245,0.300,NORMAL,1,ROUTE,,,,0.000,PREVIEW_DEFAULT
154.5730,-32.8039,-35.3234,0.300,NORMAL,1,ROUTE,,,,0.000,PREVIEW_DEFAULT
154.6730,-32.8184,-35.4223,0.300,NORMAL,1,ROUTE,,,,0.000,PREVIEW_DEFAULT
154.7729,-32.8329,-35.5212,0.300,NORMAL,1,ROUTE,,,,0.000,PREVIEW_DEFAULT
154.8730,-32.8478,-35.6202,0.300,NORMAL,1,ROUTE,,,,0.000,PREVIEW_DEFAULT
154.9729,-32.8628,-35.7190,0.300,NORMAL,1,ROUTE,,,,0.000,PREVIEW_DEFAULT
155.0729,-32.8780,-35.8178,0.300,NORMAL,1,ROUTE,,,,0.000,PREVIEW_DEFAULT
155.1730,-32.8934,-35.9166,0.300,NORMAL,1,ROUTE,,,,0.000,PREVIEW_DEFAULT
155.2729,-32.9090,-36.0153,0.300,NORMAL,1,ROUTE,,,,0.000,PREVIEW_DEFAULT
155.3729,-32.9246,-36.1141,0.300,NORMAL,1,ROUTE,,,,0.000,PREVIEW_DEFAULT
155.4729,-32.9404,-36.2129,0.300,NORMAL,1,ROUTE,,,,0.000,PREVIEW_DEFAULT
155.5728,-32.9562,-36.3115,0.300,NORMAL,1,ROUTE,,,,0.000,PREVIEW_DEFAULT
155.6729,-32.9722,-36.4103,0.300,NORMAL,1,ROUTE,,,,0.000,PREVIEW_DEFAULT
155.7728,-32.9882,-36.5090,0.300,NORMAL,1,ROUTE,,,,0.000,PREVIEW_DEFAULT
155.8728,-33.0043,-36.6076,0.300,NORMAL,1,ROUTE,,,,0.000,PREVIEW_DEFAULT
155.9728,-33.0204,-36.7063,0.300,NORMAL,1,ROUTE,,,,0.000,PREVIEW_DEFAULT
156.0728,-33.0368,-36.8050,0.300,NORMAL,1,ROUTE,,,,0.000,PREVIEW_DEFAULT
156.1727,-33.0532,-36.9036,0.300,NORMAL,1,ROUTE,,,,0.000,PREVIEW_DEFAULT
156.2727,-33.0698,-37.0022,0.300,NORMAL,1,ROUTE,,,,0.000,PREVIEW_DEFAULT
156.3727,-33.0866,-37.1007,0.300,NORMAL,1,ROUTE,,,,0.000,PREVIEW_DEFAULT
156.4727,-33.1035,-37.1993,0.300,NORMAL,1,ROUTE,,,,0.000,PREVIEW_DEFAULT
156.5727,-33.1207,-37.2978,0.300,NORMAL,1,ROUTE,,,,0.000,PREVIEW_DEFAULT
156.6727,-33.1381,-37.3962,0.300,NORMAL,1,ROUTE,,,,0.000,PREVIEW_DEFAULT
156.7727,-33.1557,-37.4947,0.300,NORMAL,1,ROUTE,,,,0.000,PREVIEW_DEFAULT
156.8726,-33.1735,-37.5930,0.300,NORMAL,1,ROUTE,,,,0.000,PREVIEW_DEFAULT
156.9726,-33.1916,-37.6914,0.300,NORMAL,1,ROUTE,,,,0.000,PREVIEW_DEFAULT
157.0726,-33.2100,-37.7896,0.300,NORMAL,1,ROUTE,,,,0.000,PREVIEW_DEFAULT
157.1725,-33.2285,-37.8879,0.300,NORMAL,1,ROUTE,,,,0.000,PREVIEW_DEFAULT
157.2726,-33.2472,-37.9861,0.300,NORMAL,1,ROUTE,,,,0.000,PREVIEW_DEFAULT
157.3726,-33.2660,-38.0843,0.300,NORMAL,1,ROUTE,,,,0.000,PREVIEW_DEFAULT
157.4725,-33.2851,-38.1825,0.300,NORMAL,1,ROUTE,,,,0.000,PREVIEW_DEFAULT
157.5725,-33.3041,-38.2806,0.300,NORMAL,1,ROUTE,,,,0.000,PREVIEW_DEFAULT
157.6725,-33.3233,-38.3787,0.300,NORMAL,1,ROUTE,,,,0.000,PREVIEW_DEFAULT
157.7725,-33.3423,-38.4769,0.300,NORMAL,1,ROUTE,,,,0.000,PREVIEW_DEFAULT
157.8725,-33.3613,-38.5751,0.300,NORMAL,1,ROUTE,,,,0.000,PREVIEW_DEFAULT
157.9724,-33.3800,-38.6732,0.300,NORMAL,1,ROUTE,,,,0.000,PREVIEW_DEFAULT
158.0724,-33.3986,-38.7715,0.300,NORMAL,1,ROUTE,,,,0.000,PREVIEW_DEFAULT
158.1725,-33.4169,-38.8699,0.300,NORMAL,1,ROUTE,,,,0.000,PREVIEW_DEFAULT
158.2724,-33.4349,-38.9682,0.300,NORMAL,1,ROUTE,,,,0.000,PREVIEW_DEFAULT
158.3724,-33.4525,-39.0666,0.300,NORMAL,1,ROUTE,,,,0.000,PREVIEW_DEFAULT
158.4723,-33.4698,-39.1651,0.300,NORMAL,1,ROUTE,,,,0.000,PREVIEW_DEFAULT
158.5723,-33.4866,-39.2636,0.300,NORMAL,1,ROUTE,,,,0.000,PREVIEW_DEFAULT
158.6723,-33.5030,-39.3623,0.300,NORMAL,1,ROUTE,,,,0.000,PREVIEW_DEFAULT
158.7723,-33.5189,-39.4610,0.300,NORMAL,1,ROUTE,,,,0.000,PREVIEW_DEFAULT
158.8723,-33.5344,-39.5597,0.300,NORMAL,1,ROUTE,,,,0.000,PREVIEW_DEFAULT
158.9723,-33.5497,-39.6586,0.300,NORMAL,1,ROUTE,,,,0.000,PREVIEW_DEFAULT
159.0722,-33.5644,-39.7574,0.300,NORMAL,1,ROUTE,,,,0.000,PREVIEW_DEFAULT
159.1722,-33.5789,-39.8564,0.300,NORMAL,1,ROUTE,,,,0.000,PREVIEW_DEFAULT
159.2722,-33.5932,-39.9553,0.300,NORMAL,1,ROUTE,,,,0.000,PREVIEW_DEFAULT
159.3722,-33.6072,-40.0543,0.300,NORMAL,1,ROUTE,,,,0.000,PREVIEW_DEFAULT
159.4721,-33.6211,-40.1533,0.300,NORMAL,1,ROUTE,,,,0.000,PREVIEW_DEFAULT
159.5722,-33.6348,-40.2524,0.300,NORMAL,1,ROUTE,,,,0.000,PREVIEW_DEFAULT
159.6721,-33.6485,-40.3514,0.300,NORMAL,1,ROUTE,,,,0.000,PREVIEW_DEFAULT
159.7721,-33.6621,-40.4505,0.300,NORMAL,1,ROUTE,,,,0.000,PREVIEW_DEFAULT
159.8721,-33.6759,-40.5495,0.300,NORMAL,1,ROUTE,,,,0.000,PREVIEW_DEFAULT
159.9721,-33.6896,-40.6486,0.300,NORMAL,1,ROUTE,,,,0.000,PREVIEW_DEFAULT
160.0720,-33.7034,-40.7475,0.300,NORMAL,1,ROUTE,,,,0.000,PREVIEW_DEFAULT
160.1721,-33.7175,-40.8466,0.300,NORMAL,1,ROUTE,,,,0.000,PREVIEW_DEFAULT
160.2720,-33.7316,-40.9455,0.300,NORMAL,1,ROUTE,,,,0.000,PREVIEW_DEFAULT
160.3720,-33.7461,-41.0444,0.300,NORMAL,1,ROUTE,,,,0.000,PREVIEW_DEFAULT
160.4720,-33.7608,-41.1433,0.300,NORMAL,1,ROUTE,,,,0.000,PREVIEW_DEFAULT
160.5720,-33.7757,-41.2422,0.300,NORMAL,1,ROUTE,,,,0.000,PREVIEW_DEFAULT
160.6720,-33.7910,-41.3410,0.300,NORMAL,1,ROUTE,,,,0.000,PREVIEW_DEFAULT
160.7720,-33.8065,-41.4398,0.300,NORMAL,1,ROUTE,,,,0.000,PREVIEW_DEFAULT
160.8719,-33.8224,-41.5385,0.300,NORMAL,1,ROUTE,,,,0.000,PREVIEW_DEFAULT
160.9719,-33.8385,-41.6372,0.300,NORMAL,1,ROUTE,,,,0.000,PREVIEW_DEFAULT
161.0719,-33.8550,-41.7358,0.300,NORMAL,1,ROUTE,,,,0.000,PREVIEW_DEFAULT
161.1719,-33.8718,-41.8343,0.300,NORMAL,1,ROUTE,,,,0.000,PREVIEW_DEFAULT
161.2718,-33.8888,-41.9328,0.300,NORMAL,1,ROUTE,,,,0.000,PREVIEW_DEFAULT
161.3718,-33.9062,-42.0313,0.300,NORMAL,1,ROUTE,,,,0.000,PREVIEW_DEFAULT
161.4718,-33.9238,-42.1298,0.300,NORMAL,1,ROUTE,,,,0.000,PREVIEW_DEFAULT
161.5718,-33.9416,-42.2281,0.300,NORMAL,1,ROUTE,,,,0.000,PREVIEW_DEFAULT
161.6718,-33.9597,-42.3264,0.300,NORMAL,1,ROUTE,,,,0.000,PREVIEW_DEFAULT
161.7718,-33.9779,-42.4248,0.300,NORMAL,1,ROUTE,,,,0.000,PREVIEW_DEFAULT
161.8718,-33.9962,-42.5231,0.300,NORMAL,1,ROUTE,,,,0.000,PREVIEW_DEFAULT
161.9718,-34.0146,-42.6214,0.300,NORMAL,1,ROUTE,,,,0.000,PREVIEW_DEFAULT
162.0717,-34.0331,-42.7196,0.300,NORMAL,1,ROUTE,,,,0.000,PREVIEW_DEFAULT
162.1717,-34.0517,-42.8178,0.300,NORMAL,1,ROUTE,,,,0.000,PREVIEW_DEFAULT
162.2717,-34.0702,-42.9161,0.300,NORMAL,1,ROUTE,,,,0.000,PREVIEW_DEFAULT
162.3717,-34.0887,-43.0144,0.300,NORMAL,1,ROUTE,,,,0.000,PREVIEW_DEFAULT
162.4716,-34.1072,-43.1126,0.300,NORMAL,1,ROUTE,,,,0.000,PREVIEW_DEFAULT
162.5717,-34.1257,-43.2109,0.300,NORMAL,1,ROUTE,,,,0.000,PREVIEW_DEFAULT
162.6716,-34.1440,-43.3092,0.300,NORMAL,1,ROUTE,,,,0.000,PREVIEW_DEFAULT
162.7716,-34.1623,-43.4074,0.300,NORMAL,1,ROUTE,,,,0.000,PREVIEW_DEFAULT
162.8716,-34.1805,-43.5058,0.300,NORMAL,1,ROUTE,,,,0.000,PREVIEW_DEFAULT
162.9716,-34.1986,-43.6041,0.300,NORMAL,1,ROUTE,,,,0.000,PREVIEW_DEFAULT
163.0715,-34.2166,-43.7024,0.300,NORMAL,1,ROUTE,,,,0.000,PREVIEW_DEFAULT
163.1715,-34.2345,-43.8008,0.300,NORMAL,1,ROUTE,,,,0.000,PREVIEW_DEFAULT
163.2715,-34.2521,-43.8993,0.300,NORMAL,1,ROUTE,,,,0.000,PREVIEW_DEFAULT
163.3715,-34.2699,-43.9976,0.300,NORMAL,1,ROUTE,,,,0.000,PREVIEW_DEFAULT
163.4715,-34.2874,-44.0960,0.300,NORMAL,1,ROUTE,,,,0.000,PREVIEW_DEFAULT
163.5715,-34.3050,-44.1945,0.300,NORMAL,1,ROUTE,,,,0.000,PREVIEW_DEFAULT
163.6715,-34.3224,-44.2929,0.300,NORMAL,1,ROUTE,,,,0.000,PREVIEW_DEFAULT
163.7714,-34.3399,-44.3913,0.300,NORMAL,1,ROUTE,,,,0.000,PREVIEW_DEFAULT
163.8715,-34.3574,-44.4899,0.300,NORMAL,1,ROUTE,,,,0.000,PREVIEW_DEFAULT
163.9714,-34.3749,-44.5882,0.300,NORMAL,1,ROUTE,,,,0.000,PREVIEW_DEFAULT
164.0714,-34.3924,-44.6867,0.300,NORMAL,1,ROUTE,,,,0.000,PREVIEW_DEFAULT
164.1713,-34.4100,-44.7851,0.300,NORMAL,1,ROUTE,,,,0.000,PREVIEW_DEFAULT
164.2713,-34.4276,-44.8835,0.300,NORMAL,1,ROUTE,,,,0.000,PREVIEW_DEFAULT
164.3714,-34.4454,-44.9820,0.300,NORMAL,1,ROUTE,,,,0.000,PREVIEW_DEFAULT
164.4713,-34.4631,-45.0803,0.300,NORMAL,1,ROUTE,,,,0.000,PREVIEW_DEFAULT
164.5713,-34.4810,-45.1787,0.300,NORMAL,1,ROUTE,,,,0.000,PREVIEW_DEFAULT
164.6713,-34.4990,-45.2770,0.300,NORMAL,1,ROUTE,,,,0.000,PREVIEW_DEFAULT
164.7712,-34.5171,-45.3754,0.300,NORMAL,1,ROUTE,,,,0.000,PREVIEW_DEFAULT
164.8713,-34.5353,-45.4737,0.300,NORMAL,1,ROUTE,,,,0.000,PREVIEW_DEFAULT
164.9713,-34.5534,-45.5721,0.300,NORMAL,1,ROUTE,,,,0.000,PREVIEW_DEFAULT
165.0712,-34.5717,-45.6703,0.300,NORMAL,1,ROUTE,,,,0.000,PREVIEW_DEFAULT
165.1712,-34.5901,-45.7686,0.300,NORMAL,1,ROUTE,,,,0.000,PREVIEW_DEFAULT
165.2712,-34.6085,-45.8669,0.300,NORMAL,1,ROUTE,,,,0.000,PREVIEW_DEFAULT
165.3712,-34.6270,-45.9651,0.300,NORMAL,1,ROUTE,,,,0.000,PREVIEW_DEFAULT
165.4712,-34.6454,-46.0634,0.300,NORMAL,1,ROUTE,,,,0.000,PREVIEW_DEFAULT
165.5711,-34.6637,-46.1617,0.300,NORMAL,1,ROUTE,,,,0.000,PREVIEW_DEFAULT
165.6711,-34.6821,-46.2600,0.300,NORMAL,1,ROUTE,,,,0.000,PREVIEW_DEFAULT
165.7711,-34.7003,-46.3582,0.300,NORMAL,1,ROUTE,,,,0.000,PREVIEW_DEFAULT
165.8711,-34.7184,-46.4566,0.300,NORMAL,1,ROUTE,,,,0.000,PREVIEW_DEFAULT
165.9710,-34.7364,-46.5549,0.300,NORMAL,1,ROUTE,,,,0.000,PREVIEW_DEFAULT
166.0710,-34.7544,-46.6533,0.300,NORMAL,1,ROUTE,,,,0.000,PREVIEW_DEFAULT
166.1710,-34.7722,-46.7517,0.300,NORMAL,1,ROUTE,,,,0.000,PREVIEW_DEFAULT
166.2710,-34.7899,-46.8501,0.300,NORMAL,1,ROUTE,,,,0.000,PREVIEW_DEFAULT
166.3710,-34.8075,-46.9485,0.300,NORMAL,1,ROUTE,,,,0.000,PREVIEW_DEFAULT
166.4709,-34.8249,-47.0469,0.300,NORMAL,1,ROUTE,,,,0.000,PREVIEW_DEFAULT
166.5709,-34.8423,-47.1454,0.300,NORMAL,1,ROUTE,,,,0.000,PREVIEW_DEFAULT
166.6710,-34.8595,-47.2440,0.300,NORMAL,1,ROUTE,,,,0.000,PREVIEW_DEFAULT
166.7709,-34.8767,-47.3424,0.300,NORMAL,1,ROUTE,,,,0.000,PREVIEW_DEFAULT
166.8709,-34.8938,-47.4409,0.300,NORMAL,1,ROUTE,,,,0.000,PREVIEW_DEFAULT
166.9709,-34.9110,-47.5395,0.300,NORMAL,1,ROUTE,,,,0.000,PREVIEW_DEFAULT
167.0709,-34.9281,-47.6380,0.300,NORMAL,1,ROUTE,,,,0.000,PREVIEW_DEFAULT
167.1709,-34.9451,-47.7365,0.300,NORMAL,1,ROUTE,,,,0.000,PREVIEW_DEFAULT
167.2708,-34.9622,-47.8349,0.300,NORMAL,1,ROUTE,,,,0.000,PREVIEW_DEFAULT
167.3708,-34.9795,-47.9335,0.300,NORMAL,1,ROUTE,,,,0.000,PREVIEW_DEFAULT
167.4708,-34.9967,-48.0319,0.300,NORMAL,1,ROUTE,,,,0.000,PREVIEW_DEFAULT
167.5708,-35.0140,-48.1304,0.300,NORMAL,1,ROUTE,,,,0.000,PREVIEW_DEFAULT
167.6707,-35.0314,-48.2288,0.300,NORMAL,1,ROUTE,,,,0.000,PREVIEW_DEFAULT
167.7708,-35.0488,-48.3273,0.300,NORMAL,1,ROUTE,,,,0.000,PREVIEW_DEFAULT
167.8707,-35.0664,-48.4258,0.300,NORMAL,1,ROUTE,,,,0.000,PREVIEW_DEFAULT
167.9708,-35.0838,-48.5242,0.300,NORMAL,1,ROUTE,,,,0.000,PREVIEW_DEFAULT
168.0707,-35.1012,-48.6226,0.300,NORMAL,1,ROUTE,,,,0.000,PREVIEW_DEFAULT
168.1707,-35.1187,-48.7211,0.300,NORMAL,1,ROUTE,,,,0.000,PREVIEW_DEFAULT
168.2707,-35.1360,-48.8196,0.300,NORMAL,1,ROUTE,,,,0.000,PREVIEW_DEFAULT
168.3706,-35.1532,-48.9181,0.300,NORMAL,1,ROUTE,,,,0.000,PREVIEW_DEFAULT
168.4706,-35.1704,-49.0166,0.300,NORMAL,1,ROUTE,,,,0.000,PREVIEW_DEFAULT
168.5706,-35.1874,-49.1151,0.300,NORMAL,1,ROUTE,,,,0.000,PREVIEW_DEFAULT
168.6706,-35.2042,-49.2136,0.300,NORMAL,1,ROUTE,,,,0.000,PREVIEW_DEFAULT
168.7705,-35.2209,-49.3122,0.300,NORMAL,1,ROUTE,,,,0.000,PREVIEW_DEFAULT
168.8705,-35.2375,-49.4108,0.300,NORMAL,1,ROUTE,,,,0.000,PREVIEW_DEFAULT
168.9706,-35.2540,-49.5095,0.300,NORMAL,1,ROUTE,,,,0.000,PREVIEW_DEFAULT
169.0706,-35.2702,-49.6081,0.300,NORMAL,1,ROUTE,,,,0.000,PREVIEW_DEFAULT
169.1705,-35.2865,-49.7068,0.300,NORMAL,1,ROUTE,,,,0.000,PREVIEW_DEFAULT
169.2705,-35.3027,-49.8054,0.300,NORMAL,1,ROUTE,,,,0.000,PREVIEW_DEFAULT
169.3705,-35.3188,-49.9041,0.300,NORMAL,1,ROUTE,,,,0.000,PREVIEW_DEFAULT
169.4704,-35.3349,-50.0027,0.300,NORMAL,1,ROUTE,,,,0.000,PREVIEW_DEFAULT
169.5705,-35.3511,-50.1014,0.300,NORMAL,1,ROUTE,,,,0.000,PREVIEW_DEFAULT
169.6704,-35.3673,-50.2001,0.300,NORMAL,1,ROUTE,,,,0.000,PREVIEW_DEFAULT
169.7704,-35.3836,-50.2987,0.300,NORMAL,1,ROUTE,,,,0.000,PREVIEW_DEFAULT
169.8704,-35.4000,-50.3974,0.300,NORMAL,1,ROUTE,,,,0.000,PREVIEW_DEFAULT
169.9704,-35.4165,-50.4960,0.300,NORMAL,1,ROUTE,,,,0.000,PREVIEW_DEFAULT
170.0703,-35.4332,-50.5945,0.300,NORMAL,1,ROUTE,,,,0.000,PREVIEW_DEFAULT
170.1703,-35.4500,-50.6931,0.300,NORMAL,1,ROUTE,,,,0.000,PREVIEW_DEFAULT
170.2703,-35.4669,-50.7917,0.300,NORMAL,1,ROUTE,,,,0.000,PREVIEW_DEFAULT
170.3703,-35.4840,-50.8902,0.300,NORMAL,1,ROUTE,,,,0.000,PREVIEW_DEFAULT
170.4703,-35.5013,-50.9886,0.300,NORMAL,1,ROUTE,,,,0.000,PREVIEW_DEFAULT
170.5703,-35.5188,-51.0871,0.300,NORMAL,1,ROUTE,,,,0.000,PREVIEW_DEFAULT
170.6703,-35.5363,-51.1856,0.300,NORMAL,1,ROUTE,,,,0.000,PREVIEW_DEFAULT
170.7702,-35.5540,-51.2839,0.300,NORMAL,1,ROUTE,,,,0.000,PREVIEW_DEFAULT
170.8703,-35.5718,-51.3824,0.300,NORMAL,1,ROUTE,,,,0.000,PREVIEW_DEFAULT
170.9702,-35.5896,-51.4806,0.300,NORMAL,1,ROUTE,,,,0.000,PREVIEW_DEFAULT
171.0702,-35.6076,-51.5790,0.300,NORMAL,1,ROUTE,,,,0.000,PREVIEW_DEFAULT
171.1702,-35.6257,-51.6774,0.300,NORMAL,1,ROUTE,,,,0.000,PREVIEW_DEFAULT
171.2702,-35.6439,-51.7757,0.300,NORMAL,1,ROUTE,,,,0.000,PREVIEW_DEFAULT
171.3701,-35.6621,-51.8740,0.300,NORMAL,1,ROUTE,,,,0.000,PREVIEW_DEFAULT
171.4702,-35.6804,-51.9724,0.300,NORMAL,1,ROUTE,,,,0.000,PREVIEW_DEFAULT
171.5701,-35.6987,-52.0706,0.300,NORMAL,1,ROUTE,,,,0.000,PREVIEW_DEFAULT
171.6701,-35.7171,-52.1688,0.300,NORMAL,1,ROUTE,,,,0.000,PREVIEW_DEFAULT
171.7701,-35.7355,-52.2671,0.300,NORMAL,1,ROUTE,,,,0.000,PREVIEW_DEFAULT
171.8701,-35.7540,-52.3654,0.300,NORMAL,1,ROUTE,,,,0.000,PREVIEW_DEFAULT
171.9700,-35.7724,-52.4636,0.300,NORMAL,1,ROUTE,,,,0.000,PREVIEW_DEFAULT
172.0701,-35.7909,-52.5620,0.300,NORMAL,1,ROUTE,,,,0.000,PREVIEW_DEFAULT
172.1700,-35.8095,-52.6602,0.300,NORMAL,1,ROUTE,,,,0.000,PREVIEW_DEFAULT
172.2700,-35.8280,-52.7584,0.300,NORMAL,1,ROUTE,,,,0.000,PREVIEW_DEFAULT
172.3699,-35.8466,-52.8566,0.300,NORMAL,1,ROUTE,,,,0.000,PREVIEW_DEFAULT
172.4699,-35.8652,-52.9549,0.300,NORMAL,1,ROUTE,,,,0.000,PREVIEW_DEFAULT
172.5699,-35.8838,-53.0531,0.300,NORMAL,1,ROUTE,,,,0.000,PREVIEW_DEFAULT
172.6700,-35.9025,-53.1514,0.300,NORMAL,1,ROUTE,,,,0.000,PREVIEW_DEFAULT
172.7699,-35.9212,-53.2495,0.300,NORMAL,1,ROUTE,,,,0.000,PREVIEW_DEFAULT
172.8699,-35.9401,-53.3477,0.300,NORMAL,1,ROUTE,,,,0.000,PREVIEW_DEFAULT
172.9699,-35.9591,-53.4460,0.300,NORMAL,1,ROUTE,,,,0.000,PREVIEW_DEFAULT
173.0698,-35.9782,-53.5440,0.300,NORMAL,1,ROUTE,,,,0.000,PREVIEW_DEFAULT
173.1699,-35.9975,-53.6422,0.300,NORMAL,1,ROUTE,,,,0.000,PREVIEW_DEFAULT
173.2698,-36.0170,-53.7402,0.300,NORMAL,1,ROUTE,,,,0.000,PREVIEW_DEFAULT
173.3698,-36.0366,-53.8383,0.300,NORMAL,1,ROUTE,,,,0.000,PREVIEW_DEFAULT
173.4698,-36.0565,-53.9363,0.300,NORMAL,1,ROUTE,,,,0.000,PREVIEW_DEFAULT
173.5698,-36.0766,-54.0342,0.300,NORMAL,1,ROUTE,,,,0.000,PREVIEW_DEFAULT
173.6698,-36.0968,-54.1321,0.300,NORMAL,1,ROUTE,,,,0.000,PREVIEW_DEFAULT
173.7697,-36.1174,-54.2300,0.300,NORMAL,1,ROUTE,,,,0.000,PREVIEW_DEFAULT
173.8697,-36.1380,-54.3277,0.300,NORMAL,1,ROUTE,,,,0.000,PREVIEW_DEFAULT
173.9697,-36.1590,-54.4256,0.300,NORMAL,1,ROUTE,,,,0.000,PREVIEW_DEFAULT
174.0697,-36.1802,-54.5233,0.300,NORMAL,1,ROUTE,,,,0.000,PREVIEW_DEFAULT
174.1697,-36.2016,-54.6209,0.300,NORMAL,1,ROUTE,,,,0.000,PREVIEW_DEFAULT
174.2697,-36.2232,-54.7186,0.300,NORMAL,1,ROUTE,,,,0.000,PREVIEW_DEFAULT
174.3696,-36.2452,-54.8160,0.300,NORMAL,1,ROUTE,,,,0.000,PREVIEW_DEFAULT
174.4696,-36.2674,-54.9135,0.300,NORMAL,1,ROUTE,,,,0.000,PREVIEW_DEFAULT
174.5696,-36.2901,-55.0109,0.300,NORMAL,1,ROUTE,,,,0.000,PREVIEW_DEFAULT
174.6696,-36.3132,-55.1082,0.300,NORMAL,1,ROUTE,,,,0.000,PREVIEW_DEFAULT
174.7696,-36.3365,-55.2054,0.300,NORMAL,1,ROUTE,,,,0.000,PREVIEW_DEFAULT
174.8695,-36.3604,-55.3025,0.300,NORMAL,1,ROUTE,,,,0.000,PREVIEW_DEFAULT
174.9696,-36.3847,-55.3995,0.300,NORMAL,1,ROUTE,,,,0.000,PREVIEW_DEFAULT
175.0695,-36.4094,-55.4964,0.300,NORMAL,1,ROUTE,,,,0.000,PREVIEW_DEFAULT
175.1695,-36.4345,-55.5932,0.300,NORMAL,1,ROUTE,,,,0.000,PREVIEW_DEFAULT
175.2695,-36.4603,-55.6898,0.300,NORMAL,1,ROUTE,,,,0.000,PREVIEW_DEFAULT
175.3695,-36.4865,-55.7863,0.300,NORMAL,1,ROUTE,,,,0.000,PREVIEW_DEFAULT
175.4694,-36.5132,-55.8826,0.300,NORMAL,1,ROUTE,,,,0.000,PREVIEW_DEFAULT
175.5694,-36.5405,-55.9788,0.300,NORMAL,1,ROUTE,,,,0.000,PREVIEW_DEFAULT
175.6694,-36.5686,-56.0747,0.300,NORMAL,1,ROUTE,,,,0.000,PREVIEW_DEFAULT
175.7693,-36.5973,-56.1705,0.300,NORMAL,1,ROUTE,,,,0.000,PREVIEW_DEFAULT
175.8694,-36.6268,-56.2660,0.300,NORMAL,1,ROUTE,,,,0.000,PREVIEW_DEFAULT
175.9693,-36.6573,-56.3612,0.300,NORMAL,1,ROUTE,,,,0.000,PREVIEW_DEFAULT
176.0693,-36.6887,-56.4562,0.300,NORMAL,1,ROUTE,,,,0.000,PREVIEW_DEFAULT
176.1693,-36.7213,-56.5507,0.300,NORMAL,1,ROUTE,,,,0.000,PREVIEW_DEFAULT
176.2693,-36.7550,-56.6449,0.300,NORMAL,1,ROUTE,,,,0.000,PREVIEW_DEFAULT
176.3693,-36.7901,-56.7384,0.300,NORMAL,1,ROUTE,,,,0.000,PREVIEW_DEFAULT
176.4693,-36.8267,-56.8315,0.300,NORMAL,1,ROUTE,,,,0.000,PREVIEW_DEFAULT
176.5693,-36.8648,-56.9240,0.300,NORMAL,1,ROUTE,,,,0.000,PREVIEW_DEFAULT
176.6692,-36.9044,-57.0157,0.300,NORMAL,1,ROUTE,,,,0.000,PREVIEW_DEFAULT
176.7692,-36.9459,-57.1067,0.300,NORMAL,1,ROUTE,,,,0.000,PREVIEW_DEFAULT
176.8692,-36.9890,-57.1969,0.300,NORMAL,1,ROUTE,,,,0.000,PREVIEW_DEFAULT
176.9692,-37.0339,-57.2863,0.300,NORMAL,1,ROUTE,,,,0.000,PREVIEW_DEFAULT
177.0692,-37.0808,-57.3746,0.300,NORMAL,1,ROUTE,,,,0.000,PREVIEW_DEFAULT
177.1691,-37.1293,-57.4619,0.300,NORMAL,1,ROUTE,,,,0.000,PREVIEW_DEFAULT
177.2691,-37.1799,-57.5482,0.300,NORMAL,1,ROUTE,,,,0.000,PREVIEW_DEFAULT
177.3692,-37.2324,-57.6333,0.300,NORMAL,1,ROUTE,,,,0.000,PREVIEW_DEFAULT
177.4691,-37.2868,-57.7172,0.300,NORMAL,1,ROUTE,,,,0.000,PREVIEW_DEFAULT
177.5691,-37.3432,-57.7998,0.300,NORMAL,1,ROUTE,,,,0.000,PREVIEW_DEFAULT
177.6690,-37.4014,-57.8810,0.300,NORMAL,1,ROUTE,,,,0.000,PREVIEW_DEFAULT
177.7690,-37.4617,-57.9608,0.300,NORMAL,1,ROUTE,,,,0.000,PREVIEW_DEFAULT
177.8690,-37.5238,-58.0392,0.300,NORMAL,1,ROUTE,,,,0.000,PREVIEW_DEFAULT
177.9689,-37.5878,-58.1159,0.300,NORMAL,1,ROUTE,,,,0.000,PREVIEW_DEFAULT
178.0690,-37.6538,-58.1911,0.300,NORMAL,1,ROUTE,,,,0.000,PREVIEW_DEFAULT
178.1689,-37.7215,-58.2646,0.300,NORMAL,1,ROUTE,,,,0.000,PREVIEW_DEFAULT
178.2689,-37.7912,-58.3363,0.300,NORMAL,1,ROUTE,,,,0.000,PREVIEW_DEFAULT
178.3689,-37.8625,-58.4063,0.300,NORMAL,1,ROUTE,,,,0.000,PREVIEW_DEFAULT
178.4689,-37.9357,-58.4744,0.300,NORMAL,1,ROUTE,,,,0.000,PREVIEW_DEFAULT
178.5689,-38.0107,-58.5407,0.300,NORMAL,1,ROUTE,,,,0.000,PREVIEW_DEFAULT
178.6688,-38.0874,-58.6048,0.300,NORMAL,1,ROUTE,,,,0.000,PREVIEW_DEFAULT
178.7688,-38.1658,-58.6668,0.300,NORMAL,1,ROUTE,,,,0.000,PREVIEW_DEFAULT
178.8687,-38.2459,-58.7265,0.300,NORMAL,1,ROUTE,,,,0.000,PREVIEW_DEFAULT
178.9688,-38.3278,-58.7839,0.300,NORMAL,1,ROUTE,,,,0.000,PREVIEW_DEFAULT
179.0688,-38.4113,-58.8389,0.300,NORMAL,1,ROUTE,,,,0.000,PREVIEW_DEFAULT
179.1688,-38.4965,-58.8912,0.300,NORMAL,1,ROUTE,,,,0.000,PREVIEW_DEFAULT
179.2688,-38.5834,-58.9409,0.300,NORMAL,1,ROUTE,,,,0.000,PREVIEW_DEFAULT
179.3687,-38.6717,-58.9876,0.300,NORMAL,1,ROUTE,,,,0.000,PREVIEW_DEFAULT
179.4687,-38.7616,-59.0314,0.300,NORMAL,1,ROUTE,,,,0.000,PREVIEW_DEFAULT
179.5686,-38.8529,-59.0721,0.300,NORMAL,1,ROUTE,,,,0.000,PREVIEW_DEFAULT
179.6686,-38.9456,-59.1095,0.300,NORMAL,1,ROUTE,,,,0.000,PREVIEW_DEFAULT
179.7687,-39.0397,-59.1435,0.300,NORMAL,1,ROUTE,,,,0.000,PREVIEW_DEFAULT
179.8686,-39.1348,-59.1742,0.300,NORMAL,1,ROUTE,,,,0.000,PREVIEW_DEFAULT
179.9686,-39.2310,-59.2014,0.300,NORMAL,1,ROUTE,,,,0.000,PREVIEW_DEFAULT
180.0686,-39.3281,-59.2253,0.300,NORMAL,1,ROUTE,,,,0.000,PREVIEW_DEFAULT
180.1685,-39.4259,-59.2458,0.300,NORMAL,1,ROUTE,,,,0.000,PREVIEW_DEFAULT
180.2685,-39.5244,-59.2630,0.300,NORMAL,1,ROUTE,,,,0.000,PREVIEW_DEFAULT
180.3685,-39.6234,-59.2771,0.300,NORMAL,1,ROUTE,,,,0.000,PREVIEW_DEFAULT
180.4685,-39.7228,-59.2881,0.300,NORMAL,1,ROUTE,,,,0.000,PREVIEW_DEFAULT
180.5684,-39.8224,-59.2961,0.300,NORMAL,1,ROUTE,,,,0.000,PREVIEW_DEFAULT
180.6684,-39.9223,-59.3015,0.300,NORMAL,1,ROUTE,,,,0.000,PREVIEW_DEFAULT
180.7684,-40.0222,-59.3042,0.300,NORMAL,1,ROUTE,,,,0.000,PREVIEW_DEFAULT
180.8684,-40.1222,-59.3044,0.300,NORMAL,1,ROUTE,,,,0.000,PREVIEW_DEFAULT
180.9683,-40.2221,-59.3022,0.300,NORMAL,1,ROUTE,,,,0.000,PREVIEW_DEFAULT
181.0684,-40.3220,-59.2977,0.300,NORMAL,1,ROUTE,,,,0.000,PREVIEW_DEFAULT
181.1683,-40.4218,-59.2909,0.300,NORMAL,1,ROUTE,,,,0.000,PREVIEW_DEFAULT
181.2683,-40.5213,-59.2820,0.300,NORMAL,1,ROUTE,,,,0.000,PREVIEW_DEFAULT
181.3683,-40.6208,-59.2710,0.300,NORMAL,1,ROUTE,,,,0.000,PREVIEW_DEFAULT
181.4682,-40.7198,-59.2580,0.300,NORMAL,1,ROUTE,,,,0.000,PREVIEW_DEFAULT
181.5682,-40.8187,-59.2430,0.300,NORMAL,1,ROUTE,,,,0.000,PREVIEW_DEFAULT
181.6682,-40.9172,-59.2262,0.300,NORMAL,1,ROUTE,,,,0.000,PREVIEW_DEFAULT
181.7682,-41.0155,-59.2076,0.300,NORMAL,1,ROUTE,,,,0.000,PREVIEW_DEFAULT
181.8682,-41.1134,-59.1872,0.300,NORMAL,1,ROUTE,,,,0.000,PREVIEW_DEFAULT
181.9682,-41.2109,-59.1653,0.300,NORMAL,1,ROUTE,,,,0.000,PREVIEW_DEFAULT
182.0682,-41.3082,-59.1420,0.300,NORMAL,1,ROUTE,,,,0.000,PREVIEW_DEFAULT
182.1682,-41.4050,-59.1171,0.300,NORMAL,1,ROUTE,,,,0.000,PREVIEW_DEFAULT
182.2681,-41.5015,-59.0909,0.300,NORMAL,1,ROUTE,,,,0.000,PREVIEW_DEFAULT
182.3681,-41.5976,-59.0633,0.300,NORMAL,1,ROUTE,,,,0.000,PREVIEW_DEFAULT
182.4681,-41.6934,-59.0346,0.300,NORMAL,1,ROUTE,,,,0.000,PREVIEW_DEFAULT
182.5681,-41.7888,-59.0047,0.300,NORMAL,1,ROUTE,,,,0.000,PREVIEW_DEFAULT
182.6680,-41.8838,-58.9737,0.300,NORMAL,1,ROUTE,,,,0.000,PREVIEW_DEFAULT
182.7680,-41.9786,-58.9418,0.300,NORMAL,1,ROUTE,,,,0.000,PREVIEW_DEFAULT
182.8680,-42.0729,-58.9088,0.300,NORMAL,1,ROUTE,,,,0.000,PREVIEW_DEFAULT
182.9679,-42.1670,-58.8749,0.300,NORMAL,1,ROUTE,,,,0.000,PREVIEW_DEFAULT
183.0680,-42.2607,-58.8400,0.300,NORMAL,1,ROUTE,,,,0.000,PREVIEW_DEFAULT
183.1680,-42.3541,-58.8043,0.300,NORMAL,1,ROUTE,,,,0.000,PREVIEW_DEFAULT
183.2679,-42.4472,-58.7679,0.300,NORMAL,1,ROUTE,,,,0.000,PREVIEW_DEFAULT
183.3679,-42.5399,-58.7305,0.300,NORMAL,1,ROUTE,,,,0.000,PREVIEW_DEFAULT
183.4679,-42.6324,-58.6924,0.300,NORMAL,1,ROUTE,,,,0.000,PREVIEW_DEFAULT
183.5679,-42.7244,-58.6535,0.300,NORMAL,1,ROUTE,,,,0.000,PREVIEW_DEFAULT
183.6678,-42.8162,-58.6138,0.300,NORMAL,1,ROUTE,,,,0.000,PREVIEW_DEFAULT
183.7678,-42.9076,-58.5733,0.300,NORMAL,1,ROUTE,,,,0.000,PREVIEW_DEFAULT
183.8679,-42.9987,-58.5319,0.300,NORMAL,1,ROUTE,,,,0.000,PREVIEW_DEFAULT
183.9679,-43.0894,-58.4897,0.300,NORMAL,1,ROUTE,,,,0.000,PREVIEW_DEFAULT
184.0678,-43.1795,-58.4466,0.300,NORMAL,1,ROUTE,,,,0.000,PREVIEW_DEFAULT
184.1678,-43.2693,-58.4026,0.300,NORMAL,1,ROUTE,,,,0.000,PREVIEW_DEFAULT
184.2677,-43.3585,-58.3576,0.300,NORMAL,1,ROUTE,,,,0.000,PREVIEW_DEFAULT
184.3678,-43.4474,-58.3116,0.300,NORMAL,1,ROUTE,,,,0.000,PREVIEW_DEFAULT
184.4678,-43.5356,-58.2644,0.300,NORMAL,1,ROUTE,,,,0.000,PREVIEW_DEFAULT
184.5677,-43.6231,-58.2162,0.300,NORMAL,1,ROUTE,,,,0.000,PREVIEW_DEFAULT
184.6677,-43.7100,-58.1667,0.300,NORMAL,1,ROUTE,,,,0.000,PREVIEW_DEFAULT
184.7677,-43.7961,-58.1159,0.300,NORMAL,1,ROUTE,,,,0.000,PREVIEW_DEFAULT
184.8677,-43.8815,-58.0638,0.300,NORMAL,1,ROUTE,,,,0.000,PREVIEW_DEFAULT
184.9677,-43.9659,-58.0103,0.300,NORMAL,1,ROUTE,,,,0.000,PREVIEW_DEFAULT
185.0676,-44.0494,-57.9553,0.300,NORMAL,1,ROUTE,,,,0.000,PREVIEW_DEFAULT
185.1676,-44.1318,-57.8988,0.300,NORMAL,1,ROUTE,,,,0.000,PREVIEW_DEFAULT
185.2675,-44.2132,-57.8407,0.300,NORMAL,1,ROUTE,,,,0.000,PREVIEW_DEFAULT
185.3676,-44.2935,-57.7810,0.300,NORMAL,1,ROUTE,,,,0.000,PREVIEW_DEFAULT
185.4676,-44.3725,-57.7198,0.300,NORMAL,1,ROUTE,,,,0.000,PREVIEW_DEFAULT
185.5675,-44.4502,-57.6569,0.300,NORMAL,1,ROUTE,,,,0.000,PREVIEW_DEFAULT
185.6675,-44.5266,-57.5925,0.300,NORMAL,1,ROUTE,,,,0.000,PREVIEW_DEFAULT
185.7675,-44.6017,-57.5264,0.300,NORMAL,1,ROUTE,,,,0.000,PREVIEW_DEFAULT
185.8675,-44.6753,-57.4587,0.300,NORMAL,1,ROUTE,,,,0.000,PREVIEW_DEFAULT
185.9675,-44.7476,-57.3896,0.300,NORMAL,1,ROUTE,,,,0.000,PREVIEW_DEFAULT
186.0675,-44.8183,-57.3189,0.300,NORMAL,1,ROUTE,,,,0.000,PREVIEW_DEFAULT
186.1674,-44.8876,-57.2469,0.300,NORMAL,1,ROUTE,,,,0.000,PREVIEW_DEFAULT
186.2674,-44.9556,-57.1735,0.300,NORMAL,1,ROUTE,,,,0.000,PREVIEW_DEFAULT
186.3673,-45.0220,-57.0989,0.300,NORMAL,1,ROUTE,,,,0.000,PREVIEW_DEFAULT
186.4674,-45.0874,-57.0232,0.300,NORMAL,1,ROUTE,,,,0.000,PREVIEW_DEFAULT
186.5674,-45.1513,-56.9463,0.300,NORMAL,1,ROUTE,,,,0.000,PREVIEW_DEFAULT
186.6673,-45.2140,-56.8685,0.300,NORMAL,1,ROUTE,,,,0.000,PREVIEW_DEFAULT
186.7673,-45.2755,-56.7896,0.300,NORMAL,1,ROUTE,,,,0.000,PREVIEW_DEFAULT
186.8673,-45.3358,-56.7098,0.300,NORMAL,1,ROUTE,,,,0.000,PREVIEW_DEFAULT
186.9673,-45.3950,-56.6293,0.300,NORMAL,1,ROUTE,,,,0.000,PREVIEW_DEFAULT
187.0673,-45.4530,-56.5478,0.300,NORMAL,1,ROUTE,,,,0.000,PREVIEW_DEFAULT
187.1673,-45.5099,-56.4656,0.300,NORMAL,1,ROUTE,,,,0.000,PREVIEW_DEFAULT
187.2673,-45.5655,-56.3825,0.300,NORMAL,1,ROUTE,,,,0.000,PREVIEW_DEFAULT
187.3672,-45.6200,-56.2987,0.300,NORMAL,1,ROUTE,,,,0.000,PREVIEW_DEFAULT
187.4672,-45.6735,-56.2142,0.300,NORMAL,1,ROUTE,,,,0.000,PREVIEW_DEFAULT
187.5672,-45.7256,-56.1289,0.300,NORMAL,1,ROUTE,,,,0.000,PREVIEW_DEFAULT
187.6672,-45.7766,-56.0429,0.300,NORMAL,1,ROUTE,,,,0.000,PREVIEW_DEFAULT
187.7672,-45.8265,-55.9562,0.300,NORMAL,1,ROUTE,,,,0.000,PREVIEW_DEFAULT
187.8671,-45.8753,-55.8690,0.300,NORMAL,1,ROUTE,,,,0.000,PREVIEW_DEFAULT
187.9671,-45.9231,-55.7812,0.300,NORMAL,1,ROUTE,,,,0.000,PREVIEW_DEFAULT
188.0671,-45.9700,-55.6929,0.300,NORMAL,1,ROUTE,,,,0.000,PREVIEW_DEFAULT
188.1671,-46.0160,-55.6041,0.300,NORMAL,1,ROUTE,,,,0.000,PREVIEW_DEFAULT
188.2670,-46.0611,-55.5149,0.300,NORMAL,1,ROUTE,,,,0.000,PREVIEW_DEFAULT
188.3670,-46.1056,-55.4254,0.300,NORMAL,1,ROUTE,,,,0.000,PREVIEW_DEFAULT
188.4670,-46.1493,-55.3354,0.300,NORMAL,1,ROUTE,,,,0.000,PREVIEW_DEFAULT
188.5670,-46.1924,-55.2452,0.300,NORMAL,1,ROUTE,,,,0.000,PREVIEW_DEFAULT
188.6670,-46.2350,-55.1548,0.300,NORMAL,1,ROUTE,,,,0.000,PREVIEW_DEFAULT
188.7670,-46.2770,-55.0640,0.300,NORMAL,1,ROUTE,,,,0.000,PREVIEW_DEFAULT
188.8670,-46.3184,-54.9730,0.300,NORMAL,1,ROUTE,,,,0.000,PREVIEW_DEFAULT
188.9669,-46.3592,-54.8818,0.300,NORMAL,1,ROUTE,,,,0.000,PREVIEW_DEFAULT
189.0669,-46.3993,-54.7902,0.300,NORMAL,1,ROUTE,,,,0.000,PREVIEW_DEFAULT
189.1669,-46.4388,-54.6983,0.300,NORMAL,1,ROUTE,,,,0.000,PREVIEW_DEFAULT
189.2669,-46.4775,-54.6061,0.300,NORMAL,1,ROUTE,,,,0.000,PREVIEW_DEFAULT
189.3669,-46.5154,-54.5136,0.300,NORMAL,1,ROUTE,,,,0.000,PREVIEW_DEFAULT
189.4669,-46.5525,-54.4207,0.300,NORMAL,1,ROUTE,,,,0.000,PREVIEW_DEFAULT
189.5668,-46.5884,-54.3275,0.300,NORMAL,1,ROUTE,,,,0.000,PREVIEW_DEFAULT
189.6669,-46.6233,-54.2337,0.300,NORMAL,1,ROUTE,,,,0.000,PREVIEW_DEFAULT
189.7668,-46.6570,-54.1396,0.300,NORMAL,1,ROUTE,,,,0.000,PREVIEW_DEFAULT
189.8668,-46.6894,-54.0450,0.300,NORMAL,1,ROUTE,,,,0.000,PREVIEW_DEFAULT
189.9667,-46.7203,-53.9500,0.300,NORMAL,1,ROUTE,,,,0.000,PREVIEW_DEFAULT
190.0668,-46.7498,-53.8544,0.300,NORMAL,1,ROUTE,,,,0.000,PREVIEW_DEFAULT
190.1667,-46.7778,-53.7584,0.300,NORMAL,1,ROUTE,,,,0.000,PREVIEW_DEFAULT
190.2667,-46.8042,-53.6620,0.300,NORMAL,1,ROUTE,,,,0.000,PREVIEW_DEFAULT
190.3667,-46.8291,-53.5652,0.300,NORMAL,1,ROUTE,,,,0.000,PREVIEW_DEFAULT
190.4667,-46.8526,-53.4680,0.300,NORMAL,1,ROUTE,,,,0.000,PREVIEW_DEFAULT
190.5667,-46.8746,-53.3704,0.300,NORMAL,1,ROUTE,,,,0.000,PREVIEW_DEFAULT
190.6666,-46.8952,-53.2726,0.300,NORMAL,1,ROUTE,,,,0.000,PREVIEW_DEFAULT
190.7666,-46.9145,-53.1745,0.300,NORMAL,1,ROUTE,,,,0.000,PREVIEW_DEFAULT
190.8666,-46.9327,-53.0762,0.300,NORMAL,1,ROUTE,,,,0.000,PREVIEW_DEFAULT
190.9666,-46.9499,-52.9777,0.300,NORMAL,1,ROUTE,,,,0.000,PREVIEW_DEFAULT
191.0665,-46.9661,-52.8791,0.300,NORMAL,1,ROUTE,,,,0.000,PREVIEW_DEFAULT
191.1665,-46.9814,-52.7802,0.300,NORMAL,1,ROUTE,,,,0.000,PREVIEW_DEFAULT
191.2665,-46.9960,-52.6814,0.300,NORMAL,1,ROUTE,,,,0.000,PREVIEW_DEFAULT
191.3665,-47.0101,-52.5824,0.300,NORMAL,1,ROUTE,,,,0.000,PREVIEW_DEFAULT
191.3864,-47.0129,-52.5626,0.300,S_OBSTACLE,1,S_CURVE,S_CURVE_START,ENTER_ZONE,,0.000,PREVIEW_DEFAULT
191.4665,-47.0237,-52.4833,0.300,S_OBSTACLE,1,S_CURVE,,,,0.000,PREVIEW_DEFAULT
191.5665,-47.0370,-52.3842,0.300,S_OBSTACLE,1,S_CURVE,,,,0.000,PREVIEW_DEFAULT
191.6665,-47.0498,-52.2850,0.300,S_OBSTACLE,1,S_CURVE,,,,0.000,PREVIEW_DEFAULT
191.7665,-47.0624,-52.1858,0.300,S_OBSTACLE,1,S_CURVE,,,,0.000,PREVIEW_DEFAULT
191.8664,-47.0749,-52.0867,0.300,S_OBSTACLE,1,S_CURVE,,,,0.000,PREVIEW_DEFAULT
191.9664,-47.0873,-51.9874,0.300,S_OBSTACLE,1,S_CURVE,,,,0.000,PREVIEW_DEFAULT
192.0664,-47.0995,-51.8882,0.300,S_OBSTACLE,1,S_CURVE,,,,0.000,PREVIEW_DEFAULT
192.1663,-47.1118,-51.7890,0.300,S_OBSTACLE,1,S_CURVE,,,,0.000,PREVIEW_DEFAULT
192.2664,-47.1243,-51.6898,0.300,S_OBSTACLE,1,S_CURVE,,,,0.000,PREVIEW_DEFAULT
192.3663,-47.1367,-51.5906,0.300,S_OBSTACLE,1,S_CURVE,,,,0.000,PREVIEW_DEFAULT
192.4663,-47.1493,-51.4914,0.300,S_OBSTACLE,1,S_CURVE,,,,0.000,PREVIEW_DEFAULT
192.5663,-47.1621,-51.3922,0.300,S_OBSTACLE,1,S_CURVE,,,,0.000,PREVIEW_DEFAULT
192.6663,-47.1751,-51.2931,0.300,S_OBSTACLE,1,S_CURVE,,,,0.000,PREVIEW_DEFAULT
192.7663,-47.1884,-51.1940,0.300,S_OBSTACLE,1,S_CURVE,,,,0.000,PREVIEW_DEFAULT
192.8662,-47.2018,-51.0950,0.300,S_OBSTACLE,1,S_CURVE,,,,0.000,PREVIEW_DEFAULT
192.9662,-47.2155,-50.9959,0.300,S_OBSTACLE,1,S_CURVE,,,,0.000,PREVIEW_DEFAULT
193.0662,-47.2293,-50.8968,0.300,S_OBSTACLE,1,S_CURVE,,,,0.000,PREVIEW_DEFAULT
193.1662,-47.2434,-50.7978,0.300,S_OBSTACLE,1,S_CURVE,,,,0.000,PREVIEW_DEFAULT
193.2661,-47.2574,-50.6989,0.300,S_OBSTACLE,1,S_CURVE,,,,0.000,PREVIEW_DEFAULT
193.3661,-47.2715,-50.5999,0.300,S_OBSTACLE,1,S_CURVE,,,,0.000,PREVIEW_DEFAULT
193.4661,-47.2855,-50.5009,0.300,S_OBSTACLE,1,S_CURVE,,,,0.000,PREVIEW_DEFAULT
193.5661,-47.2995,-50.4019,0.300,S_OBSTACLE,1,S_CURVE,,,,0.000,PREVIEW_DEFAULT
193.6661,-47.3135,-50.3029,0.300,S_OBSTACLE,1,S_CURVE,,,,0.000,PREVIEW_DEFAULT
193.7661,-47.3275,-50.2039,0.300,S_OBSTACLE,1,S_CURVE,,,,0.000,PREVIEW_DEFAULT
193.8660,-47.3413,-50.1049,0.300,S_OBSTACLE,1,S_CURVE,,,,0.000,PREVIEW_DEFAULT
193.9660,-47.3552,-50.0059,0.300,S_OBSTACLE,1,S_CURVE,,,,0.000,PREVIEW_DEFAULT
194.0660,-47.3691,-49.9068,0.300,S_OBSTACLE,1,S_CURVE,,,,0.000,PREVIEW_DEFAULT
194.1660,-47.3832,-49.8079,0.300,S_OBSTACLE,1,S_CURVE,,,,0.000,PREVIEW_DEFAULT
194.2660,-47.3976,-49.7089,0.300,S_OBSTACLE,1,S_CURVE,,,,0.000,PREVIEW_DEFAULT
194.3660,-47.4122,-49.6101,0.300,S_OBSTACLE,1,S_CURVE,,,,0.000,PREVIEW_DEFAULT
194.4660,-47.4273,-49.5112,0.300,S_OBSTACLE,1,S_CURVE,,,,0.000,PREVIEW_DEFAULT
194.5660,-47.4427,-49.4124,0.300,S_OBSTACLE,1,S_CURVE,,,,0.000,PREVIEW_DEFAULT
194.6659,-47.4586,-49.3137,0.300,S_OBSTACLE,1,S_CURVE,,,,0.000,PREVIEW_DEFAULT
194.7659,-47.4749,-49.2151,0.300,S_OBSTACLE,1,S_CURVE,,,,0.000,PREVIEW_DEFAULT
194.8659,-47.4916,-49.1165,0.300,S_OBSTACLE,1,S_CURVE,,,,0.000,PREVIEW_DEFAULT
194.9659,-47.5089,-49.0180,0.300,S_OBSTACLE,1,S_CURVE,,,,0.000,PREVIEW_DEFAULT
195.0659,-47.5267,-48.9196,0.300,S_OBSTACLE,1,S_CURVE,,,,0.000,PREVIEW_DEFAULT
195.1658,-47.5450,-48.8213,0.300,S_OBSTACLE,1,S_CURVE,,,,0.000,PREVIEW_DEFAULT
195.2659,-47.5638,-48.7231,0.300,S_OBSTACLE,1,S_CURVE,,,,0.000,PREVIEW_DEFAULT
195.3658,-47.5833,-48.6250,0.300,S_OBSTACLE,1,S_CURVE,,,,0.000,PREVIEW_DEFAULT
195.4658,-47.6033,-48.5271,0.300,S_OBSTACLE,1,S_CURVE,,,,0.000,PREVIEW_DEFAULT
195.5658,-47.6239,-48.4292,0.300,S_OBSTACLE,1,S_CURVE,,,,0.000,PREVIEW_DEFAULT
195.6657,-47.6453,-48.3316,0.300,S_OBSTACLE,1,S_CURVE,,,,0.000,PREVIEW_DEFAULT
195.7657,-47.6673,-48.2341,0.300,S_OBSTACLE,1,S_CURVE,,,,0.000,PREVIEW_DEFAULT
195.8657,-47.6902,-48.1367,0.300,S_OBSTACLE,1,S_CURVE,,,,0.000,PREVIEW_DEFAULT
195.9658,-47.7139,-48.0396,0.300,S_OBSTACLE,1,S_CURVE,,,,0.000,PREVIEW_DEFAULT
196.0657,-47.7385,-47.9427,0.300,S_OBSTACLE,1,S_CURVE,,,,0.000,PREVIEW_DEFAULT
196.1657,-47.7640,-47.8460,0.300,S_OBSTACLE,1,S_CURVE,,,,0.000,PREVIEW_DEFAULT
196.2657,-47.7905,-47.7495,0.300,S_OBSTACLE,1,S_CURVE,,,,0.000,PREVIEW_DEFAULT
196.3656,-47.8180,-47.6535,0.300,S_OBSTACLE,1,S_CURVE,,,,0.000,PREVIEW_DEFAULT
196.4657,-47.8467,-47.5576,0.300,S_OBSTACLE,1,S_CURVE,,,,0.000,PREVIEW_DEFAULT
196.5656,-47.8764,-47.4622,0.300,S_OBSTACLE,1,S_CURVE,,,,0.000,PREVIEW_DEFAULT
196.6656,-47.9073,-47.3671,0.300,S_OBSTACLE,1,S_CURVE,,,,0.000,PREVIEW_DEFAULT
196.7656,-47.9394,-47.2724,0.300,S_OBSTACLE,1,S_CURVE,,,,0.000,PREVIEW_DEFAULT
196.8655,-47.9727,-47.1782,0.300,S_OBSTACLE,1,S_CURVE,,,,0.000,PREVIEW_DEFAULT
196.9655,-48.0073,-47.0844,0.300,S_OBSTACLE,1,S_CURVE,,,,0.000,PREVIEW_DEFAULT
197.0655,-48.0431,-46.9910,0.300,S_OBSTACLE,1,S_CURVE,,,,0.000,PREVIEW_DEFAULT
197.1655,-48.0802,-46.8981,0.300,S_OBSTACLE,1,S_CURVE,,,,0.000,PREVIEW_DEFAULT
197.2655,-48.1185,-46.8058,0.300,S_OBSTACLE,1,S_CURVE,,,,0.000,PREVIEW_DEFAULT
197.3655,-48.1581,-46.7140,0.300,S_OBSTACLE,1,S_CURVE,,,,0.000,PREVIEW_DEFAULT
197.4655,-48.1988,-46.6226,0.300,S_OBSTACLE,1,S_CURVE,,,,0.000,PREVIEW_DEFAULT
197.5654,-48.2407,-46.5319,0.300,S_OBSTACLE,1,S_CURVE,,,,0.000,PREVIEW_DEFAULT
197.6654,-48.2837,-46.4416,0.300,S_OBSTACLE,1,S_CURVE,,,,0.000,PREVIEW_DEFAULT
197.7654,-48.3278,-46.3519,0.300,S_OBSTACLE,1,S_CURVE,,,,0.000,PREVIEW_DEFAULT
197.8654,-48.3730,-46.2627,0.300,S_OBSTACLE,1,S_CURVE,,,,0.000,PREVIEW_DEFAULT
197.9653,-48.4191,-46.1740,0.300,S_OBSTACLE,1,S_CURVE,,,,0.000,PREVIEW_DEFAULT
198.0653,-48.4662,-46.0858,0.300,S_OBSTACLE,1,S_CURVE,,,,0.000,PREVIEW_DEFAULT
198.1653,-48.5143,-45.9981,0.300,S_OBSTACLE,1,S_CURVE,,,,0.000,PREVIEW_DEFAULT
198.2653,-48.5631,-45.9109,0.300,S_OBSTACLE,1,S_CURVE,,,,0.000,PREVIEW_DEFAULT
198.3653,-48.6129,-45.8241,0.300,S_OBSTACLE,1,S_CURVE,,,,0.000,PREVIEW_DEFAULT
198.4652,-48.6633,-45.7379,0.300,S_OBSTACLE,1,S_CURVE,,,,0.000,PREVIEW_DEFAULT
198.5653,-48.7147,-45.6521,0.300,S_OBSTACLE,1,S_CURVE,,,,0.000,PREVIEW_DEFAULT
198.6653,-48.7667,-45.5667,0.300,S_OBSTACLE,1,S_CURVE,,,,0.000,PREVIEW_DEFAULT
198.7652,-48.8195,-45.4818,0.300,S_OBSTACLE,1,S_CURVE,,,,0.000,PREVIEW_DEFAULT
198.8652,-48.8729,-45.3973,0.300,S_OBSTACLE,1,S_CURVE,,,,0.000,PREVIEW_DEFAULT
198.9652,-48.9272,-45.3133,0.300,S_OBSTACLE,1,S_CURVE,,,,0.000,PREVIEW_DEFAULT
199.0651,-48.9820,-45.2297,0.300,S_OBSTACLE,1,S_CURVE,,,,0.000,PREVIEW_DEFAULT
199.1651,-49.0376,-45.1466,0.300,S_OBSTACLE,1,S_CURVE,,,,0.000,PREVIEW_DEFAULT
199.2652,-49.0939,-45.0639,0.300,S_OBSTACLE,1,S_CURVE,,,,0.000,PREVIEW_DEFAULT
199.3651,-49.1509,-44.9818,0.300,S_OBSTACLE,1,S_CURVE,,,,0.000,PREVIEW_DEFAULT
199.4651,-49.2086,-44.9001,0.300,S_OBSTACLE,1,S_CURVE,,,,0.000,PREVIEW_DEFAULT
199.5651,-49.2670,-44.8190,0.300,S_OBSTACLE,1,S_CURVE,,,,0.000,PREVIEW_DEFAULT
199.6650,-49.3263,-44.7385,0.300,S_OBSTACLE,1,S_CURVE,,,,0.000,PREVIEW_DEFAULT
199.7651,-49.3863,-44.6585,0.300,S_OBSTACLE,1,S_CURVE,,,,0.000,PREVIEW_DEFAULT
199.8650,-49.4472,-44.5793,0.300,S_OBSTACLE,1,S_CURVE,,,,0.000,PREVIEW_DEFAULT
199.9650,-49.5091,-44.5007,0.300,S_OBSTACLE,1,S_CURVE,,,,0.000,PREVIEW_DEFAULT
200.0650,-49.5718,-44.4229,0.300,S_OBSTACLE,1,S_CURVE,,,,0.000,PREVIEW_DEFAULT
200.1650,-49.6356,-44.3459,0.300,S_OBSTACLE,1,S_CURVE,,,,0.000,PREVIEW_DEFAULT
200.2650,-49.7004,-44.2697,0.300,S_OBSTACLE,1,S_CURVE,,,,0.000,PREVIEW_DEFAULT
200.3649,-49.7661,-44.1944,0.300,S_OBSTACLE,1,S_CURVE,,,,0.000,PREVIEW_DEFAULT
200.4649,-49.8329,-44.1201,0.300,S_OBSTACLE,1,S_CURVE,,,,0.000,PREVIEW_DEFAULT
200.5649,-49.9009,-44.0467,0.300,S_OBSTACLE,1,S_CURVE,,,,0.000,PREVIEW_DEFAULT
200.6649,-49.9699,-43.9743,0.300,S_OBSTACLE,1,S_CURVE,,,,0.000,PREVIEW_DEFAULT
200.7648,-50.0400,-43.9031,0.300,S_OBSTACLE,1,S_CURVE,,,,0.000,PREVIEW_DEFAULT
200.8648,-50.1112,-43.8328,0.300,S_OBSTACLE,1,S_CURVE,,,,0.000,PREVIEW_DEFAULT
200.9648,-50.1835,-43.7638,0.300,S_OBSTACLE,1,S_CURVE,,,,0.000,PREVIEW_DEFAULT
201.0648,-50.2569,-43.6958,0.300,S_OBSTACLE,1,S_CURVE,,,,0.000,PREVIEW_DEFAULT
201.1648,-50.3314,-43.6293,0.300,S_OBSTACLE,1,S_CURVE,,,,0.000,PREVIEW_DEFAULT
201.2648,-50.4070,-43.5639,0.300,S_OBSTACLE,1,S_CURVE,,,,0.000,PREVIEW_DEFAULT
201.3648,-50.4838,-43.4997,0.300,S_OBSTACLE,1,S_CURVE,,,,0.000,PREVIEW_DEFAULT
201.4647,-50.5616,-43.4370,0.300,S_OBSTACLE,1,S_CURVE,,,,0.000,PREVIEW_DEFAULT
201.5647,-50.6405,-43.3756,0.300,S_OBSTACLE,1,S_CURVE,,,,0.000,PREVIEW_DEFAULT
201.6647,-50.7206,-43.3156,0.300,S_OBSTACLE,1,S_CURVE,,,,0.000,PREVIEW_DEFAULT
201.7647,-50.8016,-43.2571,0.300,S_OBSTACLE,1,S_CURVE,,,,0.000,PREVIEW_DEFAULT
201.8647,-50.8837,-43.2000,0.300,S_OBSTACLE,1,S_CURVE,,,,0.000,PREVIEW_DEFAULT
201.9647,-50.9668,-43.1444,0.300,S_OBSTACLE,1,S_CURVE,,,,0.000,PREVIEW_DEFAULT
202.0646,-51.0508,-43.0904,0.300,S_OBSTACLE,1,S_CURVE,,,,0.000,PREVIEW_DEFAULT
202.1646,-51.1359,-43.0378,0.300,S_OBSTACLE,1,S_CURVE,,,,0.000,PREVIEW_DEFAULT
202.2645,-51.2219,-42.9868,0.300,S_OBSTACLE,1,S_CURVE,,,,0.000,PREVIEW_DEFAULT
202.3645,-51.3087,-42.9373,0.300,S_OBSTACLE,1,S_CURVE,,,,0.000,PREVIEW_DEFAULT
202.4646,-51.3965,-42.8892,0.300,S_OBSTACLE,1,S_CURVE,,,,0.000,PREVIEW_DEFAULT
202.5645,-51.4849,-42.8427,0.300,S_OBSTACLE,1,S_CURVE,,,,0.000,PREVIEW_DEFAULT
202.6645,-51.5742,-42.7975,0.300,S_OBSTACLE,1,S_CURVE,,,,0.000,PREVIEW_DEFAULT
202.7645,-51.6640,-42.7538,0.300,S_OBSTACLE,1,S_CURVE,,,,0.000,PREVIEW_DEFAULT
202.8645,-51.7546,-42.7112,0.300,S_OBSTACLE,1,S_CURVE,,,,0.000,PREVIEW_DEFAULT
202.9644,-51.8456,-42.6700,0.300,S_OBSTACLE,1,S_CURVE,,,,0.000,PREVIEW_DEFAULT
203.0645,-51.9373,-42.6299,0.300,S_OBSTACLE,1,S_CURVE,,,,0.000,PREVIEW_DEFAULT
203.1645,-52.0293,-42.5910,0.300,S_OBSTACLE,1,S_CURVE,,,,0.000,PREVIEW_DEFAULT
203.2644,-52.1218,-42.5530,0.300,S_OBSTACLE,1,S_CURVE,,,,0.000,PREVIEW_DEFAULT
203.3644,-52.2148,-42.5162,0.300,S_OBSTACLE,1,S_CURVE,,,,0.000,PREVIEW_DEFAULT
203.4644,-52.3080,-42.4803,0.300,S_OBSTACLE,1,S_CURVE,,,,0.000,PREVIEW_DEFAULT
203.5644,-52.4018,-42.4454,0.300,S_OBSTACLE,1,S_CURVE,,,,0.000,PREVIEW_DEFAULT
203.6643,-52.4957,-42.4114,0.300,S_OBSTACLE,1,S_CURVE,,,,0.000,PREVIEW_DEFAULT
203.7643,-52.5901,-42.3783,0.300,S_OBSTACLE,1,S_CURVE,,,,0.000,PREVIEW_DEFAULT
203.8643,-52.6848,-42.3461,0.300,S_OBSTACLE,1,S_CURVE,,,,0.000,PREVIEW_DEFAULT
203.9643,-52.7797,-42.3147,0.300,S_OBSTACLE,1,S_CURVE,,,,0.000,PREVIEW_DEFAULT
204.0643,-52.8750,-42.2844,0.300,S_OBSTACLE,1,S_CURVE,,,,0.000,PREVIEW_DEFAULT
204.1643,-52.9705,-42.2550,0.300,S_OBSTACLE,1,S_CURVE,,,,0.000,PREVIEW_DEFAULT
204.2642,-53.0663,-42.2264,0.300,S_OBSTACLE,1,S_CURVE,,,,0.000,PREVIEW_DEFAULT
204.3642,-53.1624,-42.1987,0.300,S_OBSTACLE,1,S_CURVE,,,,0.000,PREVIEW_DEFAULT
204.4642,-53.2588,-42.1721,0.300,S_OBSTACLE,1,S_CURVE,,,,0.000,PREVIEW_DEFAULT
204.5642,-53.3554,-42.1463,0.300,S_OBSTACLE,1,S_CURVE,,,,0.000,PREVIEW_DEFAULT
204.6642,-53.4523,-42.1217,0.300,S_OBSTACLE,1,S_CURVE,,,,0.000,PREVIEW_DEFAULT
204.7642,-53.5495,-42.0981,0.300,S_OBSTACLE,1,S_CURVE,,,,0.000,PREVIEW_DEFAULT
204.8641,-53.6469,-42.0756,0.300,S_OBSTACLE,1,S_CURVE,,,,0.000,PREVIEW_DEFAULT
204.9641,-53.7446,-42.0543,0.300,S_OBSTACLE,1,S_CURVE,,,,0.000,PREVIEW_DEFAULT
205.0641,-53.8425,-42.0341,0.300,S_OBSTACLE,1,S_CURVE,,,,0.000,PREVIEW_DEFAULT
205.1641,-53.9407,-42.0152,0.300,S_OBSTACLE,1,S_CURVE,,,,0.000,PREVIEW_DEFAULT
205.2641,-54.0391,-41.9975,0.300,S_OBSTACLE,1,S_CURVE,,,,0.000,PREVIEW_DEFAULT
205.3640,-54.1377,-41.9811,0.300,S_OBSTACLE,1,S_CURVE,,,,0.000,PREVIEW_DEFAULT
205.4640,-54.2366,-41.9660,0.300,S_OBSTACLE,1,S_CURVE,,,,0.000,PREVIEW_DEFAULT
205.5640,-54.3355,-41.9521,0.300,S_OBSTACLE,1,S_CURVE,,,,0.000,PREVIEW_DEFAULT
205.6640,-54.4347,-41.9394,0.300,S_OBSTACLE,1,S_CURVE,,,,0.000,PREVIEW_DEFAULT
205.7640,-54.5340,-41.9279,0.300,S_OBSTACLE,1,S_CURVE,,,,0.000,PREVIEW_DEFAULT
205.8640,-54.6335,-41.9175,0.300,S_OBSTACLE,1,S_CURVE,,,,0.000,PREVIEW_DEFAULT
205.9639,-54.7331,-41.9083,0.300,S_OBSTACLE,1,S_CURVE,,,,0.000,PREVIEW_DEFAULT
206.0639,-54.8327,-41.9002,0.300,S_OBSTACLE,1,S_CURVE,,,,0.000,PREVIEW_DEFAULT
206.1639,-54.9324,-41.8929,0.300,S_OBSTACLE,1,S_CURVE,,,,0.000,PREVIEW_DEFAULT
206.2638,-55.0322,-41.8868,0.300,S_OBSTACLE,1,S_CURVE,,,,0.000,PREVIEW_DEFAULT
206.3638,-55.1320,-41.8817,0.300,S_OBSTACLE,1,S_CURVE,,,,0.000,PREVIEW_DEFAULT
206.4639,-55.2320,-41.8775,0.300,S_OBSTACLE,1,S_CURVE,,,,0.000,PREVIEW_DEFAULT
206.5639,-55.3319,-41.8744,0.300,S_OBSTACLE,1,S_CURVE,,,,0.000,PREVIEW_DEFAULT
206.6638,-55.4318,-41.8723,0.300,S_OBSTACLE,1,S_CURVE,,,,0.000,PREVIEW_DEFAULT
206.7638,-55.5318,-41.8713,0.300,S_OBSTACLE,1,S_CURVE,,,,0.000,PREVIEW_DEFAULT
206.8638,-55.6318,-41.8715,0.300,S_OBSTACLE,1,S_CURVE,,,,0.000,PREVIEW_DEFAULT
206.9638,-55.7318,-41.8729,0.300,S_OBSTACLE,1,S_CURVE,,,,0.000,PREVIEW_DEFAULT
207.0637,-55.8317,-41.8754,0.300,S_OBSTACLE,1,S_CURVE,,,,0.000,PREVIEW_DEFAULT
207.1637,-55.9317,-41.8792,0.300,S_OBSTACLE,1,S_CURVE,,,,0.000,PREVIEW_DEFAULT
207.2637,-56.0315,-41.8844,0.300,S_OBSTACLE,1,S_CURVE,,,,0.000,PREVIEW_DEFAULT
207.3637,-56.1312,-41.8909,0.300,S_OBSTACLE,1,S_CURVE,,,,0.000,PREVIEW_DEFAULT
207.4637,-56.2310,-41.8989,0.300,S_OBSTACLE,1,S_CURVE,,,,0.000,PREVIEW_DEFAULT
207.5637,-56.3305,-41.9082,0.300,S_OBSTACLE,1,S_CURVE,,,,0.000,PREVIEW_DEFAULT
207.6637,-56.4299,-41.9191,0.300,S_OBSTACLE,1,S_CURVE,,,,0.000,PREVIEW_DEFAULT
207.7636,-56.5291,-41.9314,0.300,S_OBSTACLE,1,S_CURVE,,,,0.000,PREVIEW_DEFAULT
207.8636,-56.6282,-41.9450,0.300,S_OBSTACLE,1,S_CURVE,,,,0.000,PREVIEW_DEFAULT
207.9636,-56.7269,-41.9602,0.300,S_OBSTACLE,1,S_CURVE,,,,0.000,PREVIEW_DEFAULT
208.0636,-56.8256,-41.9767,0.300,S_OBSTACLE,1,S_CURVE,,,,0.000,PREVIEW_DEFAULT
208.1636,-56.9239,-41.9947,0.300,S_OBSTACLE,1,S_CURVE,,,,0.000,PREVIEW_DEFAULT
208.2635,-57.0220,-42.0139,0.300,S_OBSTACLE,1,S_CURVE,,,,0.000,PREVIEW_DEFAULT
208.3635,-57.1199,-42.0344,0.300,S_OBSTACLE,1,S_CURVE,,,,0.000,PREVIEW_DEFAULT
208.4635,-57.2175,-42.0561,0.300,S_OBSTACLE,1,S_CURVE,,,,0.000,PREVIEW_DEFAULT
208.5635,-57.3148,-42.0790,0.300,S_OBSTACLE,1,S_CURVE,,,,0.000,PREVIEW_DEFAULT
208.6634,-57.4119,-42.1028,0.300,S_OBSTACLE,1,S_CURVE,,,,0.000,PREVIEW_DEFAULT
208.7635,-57.5088,-42.1278,0.300,S_OBSTACLE,1,S_CURVE,,,,0.000,PREVIEW_DEFAULT
208.8634,-57.6053,-42.1535,0.300,S_OBSTACLE,1,S_CURVE,,,,0.000,PREVIEW_DEFAULT
208.9634,-57.7017,-42.1802,0.300,S_OBSTACLE,1,S_CURVE,,,,0.000,PREVIEW_DEFAULT
209.0634,-57.7979,-42.2077,0.300,S_OBSTACLE,1,S_CURVE,,,,0.000,PREVIEW_DEFAULT
209.1633,-57.8937,-42.2360,0.300,S_OBSTACLE,1,S_CURVE,,,,0.000,PREVIEW_DEFAULT
209.2633,-57.9894,-42.2649,0.300,S_OBSTACLE,1,S_CURVE,,,,0.000,PREVIEW_DEFAULT
209.3634,-58.0850,-42.2946,0.300,S_OBSTACLE,1,S_CURVE,,,,0.000,PREVIEW_DEFAULT
209.4633,-58.1802,-42.3249,0.300,S_OBSTACLE,1,S_CURVE,,,,0.000,PREVIEW_DEFAULT
209.5633,-58.2752,-42.3558,0.300,S_OBSTACLE,1,S_CURVE,,,,0.000,PREVIEW_DEFAULT
209.6633,-58.3701,-42.3874,0.300,S_OBSTACLE,1,S_CURVE,,,,0.000,PREVIEW_DEFAULT
209.7633,-58.4648,-42.4196,0.300,S_OBSTACLE,1,S_CURVE,,,,0.000,PREVIEW_DEFAULT
209.8633,-58.5593,-42.4523,0.300,S_OBSTACLE,1,S_CURVE,,,,0.000,PREVIEW_DEFAULT
209.9632,-58.6535,-42.4855,0.300,S_OBSTACLE,1,S_CURVE,,,,0.000,PREVIEW_DEFAULT
210.0632,-58.7477,-42.5193,0.300,S_OBSTACLE,1,S_CURVE,,,,0.000,PREVIEW_DEFAULT
210.1632,-58.8416,-42.5536,0.300,S_OBSTACLE,1,S_CURVE,,,,0.000,PREVIEW_DEFAULT
210.2632,-58.9354,-42.5883,0.300,S_OBSTACLE,1,S_CURVE,,,,0.000,PREVIEW_DEFAULT
210.3631,-59.0289,-42.6236,0.300,S_OBSTACLE,1,S_CURVE,,,,0.000,PREVIEW_DEFAULT
210.4632,-59.1224,-42.6592,0.300,S_OBSTACLE,1,S_CURVE,,,,0.000,PREVIEW_DEFAULT
210.5631,-59.2156,-42.6952,0.300,S_OBSTACLE,1,S_CURVE,,,,0.000,PREVIEW_DEFAULT
210.6631,-59.3088,-42.7315,0.300,S_OBSTACLE,1,S_CURVE,,,,0.000,PREVIEW_DEFAULT
210.7631,-59.4019,-42.7681,0.300,S_OBSTACLE,1,S_CURVE,,,,0.000,PREVIEW_DEFAULT
210.8631,-59.4948,-42.8048,0.300,S_OBSTACLE,1,S_CURVE,,,,0.000,PREVIEW_DEFAULT
210.9631,-59.5878,-42.8417,0.300,S_OBSTACLE,1,S_CURVE,,,,0.000,PREVIEW_DEFAULT
211.0631,-59.6807,-42.8787,0.300,S_OBSTACLE,1,S_CURVE,,,,0.000,PREVIEW_DEFAULT
211.1631,-59.7735,-42.9158,0.300,S_OBSTACLE,1,S_CURVE,,,,0.000,PREVIEW_DEFAULT
211.2630,-59.8663,-42.9529,0.300,S_OBSTACLE,1,S_CURVE,,,,0.000,PREVIEW_DEFAULT
211.3630,-59.9592,-42.9899,0.300,S_OBSTACLE,1,S_CURVE,,,,0.000,PREVIEW_DEFAULT
211.4630,-60.0521,-43.0268,0.300,S_OBSTACLE,1,S_CURVE,,,,0.000,PREVIEW_DEFAULT
211.5629,-60.1451,-43.0635,0.300,S_OBSTACLE,1,S_CURVE,,,,0.000,PREVIEW_DEFAULT
211.6629,-60.2382,-43.1000,0.300,S_OBSTACLE,1,S_CURVE,,,,0.000,PREVIEW_DEFAULT
211.7629,-60.3314,-43.1362,0.300,S_OBSTACLE,1,S_CURVE,,,,0.000,PREVIEW_DEFAULT
211.8629,-60.4247,-43.1721,0.300,S_OBSTACLE,1,S_CURVE,,,,0.000,PREVIEW_DEFAULT
211.9629,-60.5182,-43.2075,0.300,S_OBSTACLE,1,S_CURVE,,,,0.000,PREVIEW_DEFAULT
212.0629,-60.6120,-43.2425,0.300,S_OBSTACLE,1,S_CURVE,,,,0.000,PREVIEW_DEFAULT
212.1629,-60.7058,-43.2769,0.300,S_OBSTACLE,1,S_CURVE,,,,0.000,PREVIEW_DEFAULT
212.2628,-60.7999,-43.3107,0.300,S_OBSTACLE,1,S_CURVE,,,,0.000,PREVIEW_DEFAULT
212.3628,-60.8942,-43.3438,0.300,S_OBSTACLE,1,S_CURVE,,,,0.000,PREVIEW_DEFAULT
212.4628,-60.9888,-43.3762,0.300,S_OBSTACLE,1,S_CURVE,,,,0.000,PREVIEW_DEFAULT
212.5628,-61.0837,-43.4079,0.300,S_OBSTACLE,1,S_CURVE,,,,0.000,PREVIEW_DEFAULT
212.6628,-61.1787,-43.4388,0.300,S_OBSTACLE,1,S_CURVE,,,,0.000,PREVIEW_DEFAULT
212.7628,-61.2741,-43.4689,0.300,S_OBSTACLE,1,S_CURVE,,,,0.000,PREVIEW_DEFAULT
212.8628,-61.3697,-43.4982,0.300,S_OBSTACLE,1,S_CURVE,,,,0.000,PREVIEW_DEFAULT
212.9627,-61.4655,-43.5267,0.300,S_OBSTACLE,1,S_CURVE,,,,0.000,PREVIEW_DEFAULT
213.0627,-61.5616,-43.5543,0.300,S_OBSTACLE,1,S_CURVE,,,,0.000,PREVIEW_DEFAULT
213.1627,-61.6579,-43.5811,0.300,S_OBSTACLE,1,S_CURVE,,,,0.000,PREVIEW_DEFAULT
213.2627,-61.7544,-43.6072,0.300,S_OBSTACLE,1,S_CURVE,,,,0.000,PREVIEW_DEFAULT
213.3626,-61.8512,-43.6324,0.300,S_OBSTACLE,1,S_CURVE,,,,0.000,PREVIEW_DEFAULT
213.4626,-61.9481,-43.6568,0.300,S_OBSTACLE,1,S_CURVE,,,,0.000,PREVIEW_DEFAULT
213.5626,-62.0453,-43.6805,0.300,S_OBSTACLE,1,S_CURVE,,,,0.000,PREVIEW_DEFAULT
213.6626,-62.1426,-43.7034,0.300,S_OBSTACLE,1,S_CURVE,,,,0.000,PREVIEW_DEFAULT
213.7626,-62.2401,-43.7255,0.300,S_OBSTACLE,1,S_CURVE,,,,0.000,PREVIEW_DEFAULT
213.8625,-62.3377,-43.7469,0.300,S_OBSTACLE,1,S_CURVE,,,,0.000,PREVIEW_DEFAULT
213.9625,-62.4356,-43.7676,0.300,S_OBSTACLE,1,S_CURVE,,,,0.000,PREVIEW_DEFAULT
214.0625,-62.5336,-43.7874,0.300,S_OBSTACLE,1,S_CURVE,,,,0.000,PREVIEW_DEFAULT
214.1625,-62.6317,-43.8065,0.300,S_OBSTACLE,1,S_CURVE,,,,0.000,PREVIEW_DEFAULT
214.2625,-62.7301,-43.8248,0.300,S_OBSTACLE,1,S_CURVE,,,,0.000,PREVIEW_DEFAULT
214.3625,-62.8285,-43.8423,0.300,S_OBSTACLE,1,S_CURVE,,,,0.000,PREVIEW_DEFAULT
214.4625,-62.9271,-43.8589,0.300,S_OBSTACLE,1,S_CURVE,,,,0.000,PREVIEW_DEFAULT
214.5624,-63.0258,-43.8746,0.300,S_OBSTACLE,1,S_CURVE,,,,0.000,PREVIEW_DEFAULT
214.6624,-63.1247,-43.8893,0.300,S_OBSTACLE,1,S_CURVE,,,,0.000,PREVIEW_DEFAULT
214.7624,-63.2237,-43.9031,0.300,S_OBSTACLE,1,S_CURVE,,,,0.000,PREVIEW_DEFAULT
214.8624,-63.3229,-43.9157,0.300,S_OBSTACLE,1,S_CURVE,,,,0.000,PREVIEW_DEFAULT
214.9624,-63.4223,-43.9274,0.300,S_OBSTACLE,1,S_CURVE,,,,0.000,PREVIEW_DEFAULT
215.0624,-63.5217,-43.9378,0.300,S_OBSTACLE,1,S_CURVE,,,,0.000,PREVIEW_DEFAULT
215.1623,-63.6212,-43.9471,0.300,S_OBSTACLE,1,S_CURVE,,,,0.000,PREVIEW_DEFAULT
215.2623,-63.7208,-43.9551,0.300,S_OBSTACLE,1,S_CURVE,,,,0.000,PREVIEW_DEFAULT
215.3623,-63.8206,-43.9619,0.300,S_OBSTACLE,1,S_CURVE,,,,0.000,PREVIEW_DEFAULT
215.4623,-63.9205,-43.9674,0.300,S_OBSTACLE,1,S_CURVE,,,,0.000,PREVIEW_DEFAULT
215.5623,-64.0203,-43.9715,0.300,S_OBSTACLE,1,S_CURVE,,,,0.000,PREVIEW_DEFAULT
215.6623,-64.1203,-43.9744,0.300,S_OBSTACLE,1,S_CURVE,,,,0.000,PREVIEW_DEFAULT
215.7623,-64.2203,-43.9760,0.300,S_OBSTACLE,1,S_CURVE,,,,0.000,PREVIEW_DEFAULT
215.8622,-64.3202,-43.9763,0.300,S_OBSTACLE,1,S_CURVE,,,,0.000,PREVIEW_DEFAULT
215.9622,-64.4202,-43.9753,0.300,S_OBSTACLE,1,S_CURVE,,,,0.000,PREVIEW_DEFAULT
216.0622,-64.5202,-43.9731,0.300,S_OBSTACLE,1,S_CURVE,,,,0.000,PREVIEW_DEFAULT
216.1622,-64.6201,-43.9696,0.300,S_OBSTACLE,1,S_CURVE,,,,0.000,PREVIEW_DEFAULT
216.2621,-64.7199,-43.9648,0.300,S_OBSTACLE,1,S_CURVE,,,,0.000,PREVIEW_DEFAULT
216.3622,-64.8198,-43.9587,0.300,S_OBSTACLE,1,S_CURVE,,,,0.000,PREVIEW_DEFAULT
216.4621,-64.9195,-43.9515,0.300,S_OBSTACLE,1,S_CURVE,,,,0.000,PREVIEW_DEFAULT
216.5621,-65.0191,-43.9430,0.300,S_OBSTACLE,1,S_CURVE,,,,0.000,PREVIEW_DEFAULT
216.6621,-65.1187,-43.9332,0.300,S_OBSTACLE,1,S_CURVE,,,,0.000,PREVIEW_DEFAULT
216.7621,-65.2180,-43.9222,0.300,S_OBSTACLE,1,S_CURVE,,,,0.000,PREVIEW_DEFAULT
216.8620,-65.3172,-43.9098,0.300,S_OBSTACLE,1,S_CURVE,,,,0.000,PREVIEW_DEFAULT
216.9620,-65.4162,-43.8961,0.300,S_OBSTACLE,1,S_CURVE,,,,0.000,PREVIEW_DEFAULT
217.0620,-65.5151,-43.8811,0.300,S_OBSTACLE,1,S_CURVE,,,,0.000,PREVIEW_DEFAULT
217.1620,-65.6137,-43.8646,0.300,S_OBSTACLE,1,S_CURVE,,,,0.000,PREVIEW_DEFAULT
217.2620,-65.7120,-43.8468,0.300,S_OBSTACLE,1,S_CURVE,,,,0.000,PREVIEW_DEFAULT
217.3619,-65.8101,-43.8274,0.300,S_OBSTACLE,1,S_CURVE,,,,0.000,PREVIEW_DEFAULT
217.4620,-65.9080,-43.8065,0.300,S_OBSTACLE,1,S_CURVE,,,,0.000,PREVIEW_DEFAULT
217.5619,-66.0053,-43.7840,0.300,S_OBSTACLE,1,S_CURVE,,,,0.000,PREVIEW_DEFAULT
217.6618,-66.1023,-43.7599,0.300,S_OBSTACLE,1,S_CURVE,,,,0.000,PREVIEW_DEFAULT
217.7619,-66.1990,-43.7341,0.300,S_OBSTACLE,1,S_CURVE,,,,0.000,PREVIEW_DEFAULT
217.8619,-66.2951,-43.7066,0.300,S_OBSTACLE,1,S_CURVE,,,,0.000,PREVIEW_DEFAULT
217.9619,-66.3908,-43.6774,0.300,S_OBSTACLE,1,S_CURVE,,,,0.000,PREVIEW_DEFAULT
218.0618,-66.4858,-43.6465,0.300,S_OBSTACLE,1,S_CURVE,,,,0.000,PREVIEW_DEFAULT
218.1618,-66.5803,-43.6139,0.300,S_OBSTACLE,1,S_CURVE,,,,0.000,PREVIEW_DEFAULT
218.2618,-66.6743,-43.5797,0.300,S_OBSTACLE,1,S_CURVE,,,,0.000,PREVIEW_DEFAULT
218.3617,-66.7675,-43.5438,0.300,S_OBSTACLE,1,S_CURVE,,,,0.000,PREVIEW_DEFAULT
218.4618,-66.8602,-43.5062,0.300,S_OBSTACLE,1,S_CURVE,,,,0.000,PREVIEW_DEFAULT
218.5617,-66.9522,-43.4670,0.300,S_OBSTACLE,1,S_CURVE,,,,0.000,PREVIEW_DEFAULT
218.6617,-67.0435,-43.4261,0.300,S_OBSTACLE,1,S_CURVE,,,,0.000,PREVIEW_DEFAULT
218.7618,-67.1341,-43.3837,0.300,S_OBSTACLE,1,S_CURVE,,,,0.000,PREVIEW_DEFAULT
218.8617,-67.2238,-43.3399,0.300,S_OBSTACLE,1,S_CURVE,,,,0.000,PREVIEW_DEFAULT
218.9617,-67.3130,-43.2945,0.300,S_OBSTACLE,1,S_CURVE,,,,0.000,PREVIEW_DEFAULT
219.0617,-67.4013,-43.2478,0.300,S_OBSTACLE,1,S_CURVE,,,,0.000,PREVIEW_DEFAULT
219.1617,-67.4891,-43.1998,0.300,S_OBSTACLE,1,S_CURVE,,,,0.000,PREVIEW_DEFAULT
219.2616,-67.5761,-43.1505,0.300,S_OBSTACLE,1,S_CURVE,,,,0.000,PREVIEW_DEFAULT
219.3616,-67.6624,-43.1001,0.300,S_OBSTACLE,1,S_CURVE,,,,0.000,PREVIEW_DEFAULT
219.4616,-67.7481,-43.0486,0.300,S_OBSTACLE,1,S_CURVE,,,,0.000,PREVIEW_DEFAULT
219.5615,-67.8330,-42.9960,0.300,S_OBSTACLE,1,S_CURVE,,,,0.000,PREVIEW_DEFAULT
219.6615,-67.9174,-42.9423,0.300,S_OBSTACLE,1,S_CURVE,,,,0.000,PREVIEW_DEFAULT
219.7615,-68.0012,-42.8876,0.300,S_OBSTACLE,1,S_CURVE,,,,0.000,PREVIEW_DEFAULT
219.8615,-68.0843,-42.8321,0.300,S_OBSTACLE,1,S_CURVE,,,,0.000,PREVIEW_DEFAULT
219.9615,-68.1668,-42.7756,0.300,S_OBSTACLE,1,S_CURVE,,,,0.000,PREVIEW_DEFAULT
220.0615,-68.2487,-42.7182,0.300,S_OBSTACLE,1,S_CURVE,,,,0.000,PREVIEW_DEFAULT
220.1614,-68.3300,-42.6600,0.300,S_OBSTACLE,1,S_CURVE,,,,0.000,PREVIEW_DEFAULT
220.2614,-68.4106,-42.6009,0.300,S_OBSTACLE,1,S_CURVE,,,,0.000,PREVIEW_DEFAULT
220.3614,-68.4907,-42.5411,0.300,S_OBSTACLE,1,S_CURVE,,,,0.000,PREVIEW_DEFAULT
220.4614,-68.5702,-42.4804,0.300,S_OBSTACLE,1,S_CURVE,,,,0.000,PREVIEW_DEFAULT
220.5614,-68.6491,-42.4191,0.300,S_OBSTACLE,1,S_CURVE,,,,0.000,PREVIEW_DEFAULT
220.6614,-68.7273,-42.3568,0.300,S_OBSTACLE,1,S_CURVE,,,,0.000,PREVIEW_DEFAULT
220.7614,-68.8050,-42.2938,0.300,S_OBSTACLE,1,S_CURVE,,,,0.000,PREVIEW_DEFAULT
220.8613,-68.8820,-42.2300,0.300,S_OBSTACLE,1,S_CURVE,,,,0.000,PREVIEW_DEFAULT
220.9613,-68.9583,-42.1655,0.300,S_OBSTACLE,1,S_CURVE,,,,0.000,PREVIEW_DEFAULT
221.0613,-69.0340,-42.1002,0.300,S_OBSTACLE,1,S_CURVE,,,,0.000,PREVIEW_DEFAULT
221.1613,-69.1091,-42.0340,0.300,S_OBSTACLE,1,S_CURVE,,,,0.000,PREVIEW_DEFAULT
221.2613,-69.1835,-41.9672,0.300,S_OBSTACLE,1,S_CURVE,,,,0.000,PREVIEW_DEFAULT
221.3612,-69.2571,-41.8996,0.300,S_OBSTACLE,1,S_CURVE,,,,0.000,PREVIEW_DEFAULT
221.4612,-69.3301,-41.8313,0.300,S_OBSTACLE,1,S_CURVE,,,,0.000,PREVIEW_DEFAULT
221.5612,-69.4023,-41.7622,0.300,S_OBSTACLE,1,S_CURVE,,,,0.000,PREVIEW_DEFAULT
221.6612,-69.4738,-41.6922,0.300,S_OBSTACLE,1,S_CURVE,,,,0.000,PREVIEW_DEFAULT
221.7612,-69.5445,-41.6215,0.300,S_OBSTACLE,1,S_CURVE,,,,0.000,PREVIEW_DEFAULT
221.8612,-69.6143,-41.5499,0.300,S_OBSTACLE,1,S_CURVE,,,,0.000,PREVIEW_DEFAULT
221.9612,-69.6833,-41.4775,0.300,S_OBSTACLE,1,S_CURVE,,,,0.000,PREVIEW_DEFAULT
222.0612,-69.7512,-41.4042,0.300,S_OBSTACLE,1,S_CURVE,,,,0.000,PREVIEW_DEFAULT
222.1611,-69.8181,-41.3300,0.300,S_OBSTACLE,1,S_CURVE,,,,0.000,PREVIEW_DEFAULT
222.2611,-69.8840,-41.2547,0.300,S_OBSTACLE,1,S_CURVE,,,,0.000,PREVIEW_DEFAULT
222.3610,-69.9488,-41.1786,0.300,S_OBSTACLE,1,S_CURVE,,,,0.000,PREVIEW_DEFAULT
222.4611,-70.0125,-41.1015,0.300,S_OBSTACLE,1,S_CURVE,,,,0.000,PREVIEW_DEFAULT
222.5610,-70.0748,-41.0234,0.300,S_OBSTACLE,1,S_CURVE,,,,0.000,PREVIEW_DEFAULT
222.6611,-70.1361,-40.9443,0.300,S_OBSTACLE,1,S_CURVE,,,,0.000,PREVIEW_DEFAULT
222.7610,-70.1959,-40.8642,0.300,S_OBSTACLE,1,S_CURVE,,,,0.000,PREVIEW_DEFAULT
222.8610,-70.2545,-40.7832,0.300,S_OBSTACLE,1,S_CURVE,,,,0.000,PREVIEW_DEFAULT
222.9609,-70.3120,-40.7014,0.300,S_OBSTACLE,1,S_CURVE,,,,0.000,PREVIEW_DEFAULT
223.0609,-70.3682,-40.6187,0.300,S_OBSTACLE,1,S_CURVE,,,,0.000,PREVIEW_DEFAULT
223.1609,-70.4233,-40.5353,0.300,S_OBSTACLE,1,S_CURVE,,,,0.000,PREVIEW_DEFAULT
223.2609,-70.4774,-40.4513,0.300,S_OBSTACLE,1,S_CURVE,,,,0.000,PREVIEW_DEFAULT
223.3608,-70.5305,-40.3665,0.300,S_OBSTACLE,1,S_CURVE,,,,0.000,PREVIEW_DEFAULT
223.4609,-70.5827,-40.2812,0.300,S_OBSTACLE,1,S_CURVE,,,,0.000,PREVIEW_DEFAULT
223.5609,-70.6339,-40.1953,0.300,S_OBSTACLE,1,S_CURVE,,,,0.000,PREVIEW_DEFAULT
223.6608,-70.6844,-40.1091,0.300,S_OBSTACLE,1,S_CURVE,,,,0.000,PREVIEW_DEFAULT
223.7608,-70.7341,-40.0223,0.300,S_OBSTACLE,1,S_CURVE,,,,0.000,PREVIEW_DEFAULT
223.8608,-70.7830,-39.9351,0.300,S_OBSTACLE,1,S_CURVE,,,,0.000,PREVIEW_DEFAULT
223.9608,-70.8310,-39.8474,0.300,S_OBSTACLE,1,S_CURVE,,,,0.000,PREVIEW_DEFAULT
224.0608,-70.8784,-39.7593,0.300,S_OBSTACLE,1,S_CURVE,,,,0.000,PREVIEW_DEFAULT
224.1608,-70.9249,-39.6708,0.300,S_OBSTACLE,1,S_CURVE,,,,0.000,PREVIEW_DEFAULT
224.2608,-70.9706,-39.5819,0.300,S_OBSTACLE,1,S_CURVE,,,,0.000,PREVIEW_DEFAULT
224.3607,-71.0155,-39.4926,0.300,S_OBSTACLE,1,S_CURVE,,,,0.000,PREVIEW_DEFAULT
224.4606,-71.0595,-39.4028,0.300,S_OBSTACLE,1,S_CURVE,,,,0.000,PREVIEW_DEFAULT
224.5607,-71.1026,-39.3125,0.300,S_OBSTACLE,1,S_CURVE,,,,0.000,PREVIEW_DEFAULT
224.6607,-71.1447,-39.2219,0.300,S_OBSTACLE,1,S_CURVE,,,,0.000,PREVIEW_DEFAULT
224.7607,-71.1857,-39.1307,0.300,S_OBSTACLE,1,S_CURVE,,,,0.000,PREVIEW_DEFAULT
224.8606,-71.2258,-39.0391,0.300,S_OBSTACLE,1,S_CURVE,,,,0.000,PREVIEW_DEFAULT
224.9606,-71.2646,-38.9470,0.300,S_OBSTACLE,1,S_CURVE,,,,0.000,PREVIEW_DEFAULT
225.0606,-71.3023,-38.8543,0.300,S_OBSTACLE,1,S_CURVE,,,,0.000,PREVIEW_DEFAULT
225.1606,-71.3387,-38.7612,0.300,S_OBSTACLE,1,S_CURVE,,,,0.000,PREVIEW_DEFAULT
225.2606,-71.3738,-38.6676,0.300,S_OBSTACLE,1,S_CURVE,,,,0.000,PREVIEW_DEFAULT
225.3605,-71.4075,-38.5736,0.300,S_OBSTACLE,1,S_CURVE,,,,0.000,PREVIEW_DEFAULT
225.4605,-71.4398,-38.4789,0.300,S_OBSTACLE,1,S_CURVE,,,,0.000,PREVIEW_DEFAULT
225.5605,-71.4708,-38.3838,0.300,S_OBSTACLE,1,S_CURVE,,,,0.000,PREVIEW_DEFAULT
225.6605,-71.5002,-38.2882,0.300,S_OBSTACLE,1,S_CURVE,,,,0.000,PREVIEW_DEFAULT
225.7604,-71.5280,-38.1923,0.300,S_OBSTACLE,1,S_CURVE,,,,0.000,PREVIEW_DEFAULT
225.8604,-71.5544,-38.0958,0.300,S_OBSTACLE,1,S_CURVE,,,,0.000,PREVIEW_DEFAULT
225.9604,-71.5792,-37.9990,0.300,S_OBSTACLE,1,S_CURVE,,,,0.000,PREVIEW_DEFAULT
226.0604,-71.6025,-37.9017,0.300,S_OBSTACLE,1,S_CURVE,,,,0.000,PREVIEW_DEFAULT
226.1604,-71.6241,-37.8041,0.300,S_OBSTACLE,1,S_CURVE,,,,0.000,PREVIEW_DEFAULT
226.2604,-71.6441,-37.7061,0.300,S_OBSTACLE,1,S_CURVE,,,,0.000,PREVIEW_DEFAULT
226.3604,-71.6626,-37.6078,0.300,S_OBSTACLE,1,S_CURVE,,,,0.000,PREVIEW_DEFAULT
226.4603,-71.6795,-37.5094,0.300,S_OBSTACLE,1,S_CURVE,,,,0.000,PREVIEW_DEFAULT
226.5603,-71.6948,-37.4105,0.300,S_OBSTACLE,1,S_CURVE,,,,0.000,PREVIEW_DEFAULT
226.6603,-71.7086,-37.3115,0.300,S_OBSTACLE,1,S_CURVE,,,,0.000,PREVIEW_DEFAULT
226.7602,-71.7209,-37.2123,0.300,S_OBSTACLE,1,S_CURVE,,,,0.000,PREVIEW_DEFAULT
226.8602,-71.7318,-37.1129,0.300,S_OBSTACLE,1,S_CURVE,,,,0.000,PREVIEW_DEFAULT
226.9602,-71.7413,-37.0134,0.300,S_OBSTACLE,1,S_CURVE,,,,0.000,PREVIEW_DEFAULT
227.0602,-71.7493,-36.9137,0.300,S_OBSTACLE,1,S_CURVE,,,,0.000,PREVIEW_DEFAULT
227.1602,-71.7560,-36.8140,0.300,S_OBSTACLE,1,S_CURVE,,,,0.000,PREVIEW_DEFAULT
227.2602,-71.7615,-36.7141,0.300,S_OBSTACLE,1,S_CURVE,,,,0.000,PREVIEW_DEFAULT
227.3601,-71.7657,-36.6143,0.300,S_OBSTACLE,1,S_CURVE,,,,0.000,PREVIEW_DEFAULT
227.4601,-71.7688,-36.5143,0.300,S_OBSTACLE,1,S_CURVE,,,,0.000,PREVIEW_DEFAULT
227.5601,-71.7708,-36.4143,0.300,S_OBSTACLE,1,S_CURVE,,,,0.000,PREVIEW_DEFAULT
227.6600,-71.7718,-36.3144,0.300,S_OBSTACLE,1,S_CURVE,,,,0.000,PREVIEW_DEFAULT
227.7601,-71.7716,-36.2144,0.300,S_OBSTACLE,1,S_CURVE,,,,0.000,PREVIEW_DEFAULT
227.8601,-71.7704,-36.1144,0.300,S_OBSTACLE,1,S_CURVE,,,,0.000,PREVIEW_DEFAULT
227.9601,-71.7681,-36.0144,0.300,S_OBSTACLE,1,S_CURVE,,,,0.000,PREVIEW_DEFAULT
228.0600,-71.7646,-35.9145,0.300,S_OBSTACLE,1,S_CURVE,,,,0.000,PREVIEW_DEFAULT
228.1600,-71.7599,-35.8146,0.300,S_OBSTACLE,1,S_CURVE,,,,0.000,PREVIEW_DEFAULT
228.2600,-71.7538,-35.7148,0.300,S_OBSTACLE,1,S_CURVE,,,,0.000,PREVIEW_DEFAULT
228.3600,-71.7462,-35.6152,0.300,S_OBSTACLE,1,S_CURVE,,,,0.000,PREVIEW_DEFAULT
228.4600,-71.7372,-35.5155,0.300,S_OBSTACLE,1,S_CURVE,,,,0.000,PREVIEW_DEFAULT
228.5599,-71.7264,-35.4162,0.300,S_OBSTACLE,1,S_CURVE,,,,0.000,PREVIEW_DEFAULT
228.6599,-71.7137,-35.3170,0.300,S_OBSTACLE,1,S_CURVE,,,,0.000,PREVIEW_DEFAULT
228.7599,-71.6992,-35.2180,0.300,S_OBSTACLE,1,S_CURVE,,,,0.000,PREVIEW_DEFAULT
228.8252,-71.6887,-35.1536,0.300,S_OBSTACLE,1,S_CURVE,S_CURVE_END,EXIT_ZONE,,0.000,PREVIEW_DEFAULT
228.8599,-71.6827,-35.1194,0.300,S_OBSTACLE,1,S_CURVE,,,,0.000,PREVIEW_DEFAULT
228.9599,-71.6642,-35.0212,0.300,S_OBSTACLE,1,S_CURVE,,,,0.000,PREVIEW_DEFAULT
229.0598,-71.6438,-34.9234,0.300,S_OBSTACLE,1,S_CURVE,,,,0.000,PREVIEW_DEFAULT
229.1599,-71.6214,-34.8259,0.300,NORMAL,1,ROUTE,,,,0.000,PREVIEW_DEFAULT
229.2599,-71.5972,-34.7288,0.300,NORMAL,1,ROUTE,,,,0.000,PREVIEW_DEFAULT
229.3598,-71.5712,-34.6323,0.300,NORMAL,1,ROUTE,,,,0.000,PREVIEW_DEFAULT
229.4598,-71.5434,-34.5363,0.300,NORMAL,1,ROUTE,,,,0.000,PREVIEW_DEFAULT
229.5598,-71.5138,-34.4408,0.300,NORMAL,1,ROUTE,,,,0.000,PREVIEW_DEFAULT
229.6598,-71.4823,-34.3459,0.300,NORMAL,1,ROUTE,,,,0.000,PREVIEW_DEFAULT
229.7598,-71.4491,-34.2516,0.300,NORMAL,1,ROUTE,,,,0.000,PREVIEW_DEFAULT
229.8597,-71.4141,-34.1579,0.300,NORMAL,1,ROUTE,,,,0.000,PREVIEW_DEFAULT
229.9597,-71.3773,-34.0650,0.300,NORMAL,1,ROUTE,,,,0.000,PREVIEW_DEFAULT
230.0597,-71.3387,-33.9727,0.300,NORMAL,1,ROUTE,,,,0.000,PREVIEW_DEFAULT
230.1597,-71.2982,-33.8813,0.300,NORMAL,1,ROUTE,,,,0.000,PREVIEW_DEFAULT
230.2596,-71.2558,-33.7908,0.300,NORMAL,1,ROUTE,,,,0.000,PREVIEW_DEFAULT
230.3596,-71.2115,-33.7011,0.300,NORMAL,1,ROUTE,,,,0.000,PREVIEW_DEFAULT
230.4596,-71.1653,-33.6126,0.300,NORMAL,1,ROUTE,,,,0.000,PREVIEW_DEFAULT
230.5595,-71.1170,-33.5250,0.300,NORMAL,1,ROUTE,,,,0.000,PREVIEW_DEFAULT
230.6596,-71.0667,-33.4385,0.300,NORMAL,1,ROUTE,,,,0.000,PREVIEW_DEFAULT
230.7595,-71.0145,-33.3533,0.300,NORMAL,1,ROUTE,,,,0.000,PREVIEW_DEFAULT
230.8595,-70.9603,-33.2693,0.300,NORMAL,1,ROUTE,,,,0.000,PREVIEW_DEFAULT
230.9595,-70.9041,-33.1866,0.300,NORMAL,1,ROUTE,,,,0.000,PREVIEW_DEFAULT
231.0595,-70.8459,-33.1052,0.300,NORMAL,1,ROUTE,,,,0.000,PREVIEW_DEFAULT
231.1595,-70.7860,-33.0253,0.300,NORMAL,1,ROUTE,,,,0.000,PREVIEW_DEFAULT
231.2594,-70.7242,-32.9467,0.300,NORMAL,1,ROUTE,,,,0.000,PREVIEW_DEFAULT
231.3595,-70.6606,-32.8695,0.300,NORMAL,1,ROUTE,,,,0.000,PREVIEW_DEFAULT
231.4594,-70.5953,-32.7938,0.300,NORMAL,1,ROUTE,,,,0.000,PREVIEW_DEFAULT
231.5594,-70.5282,-32.7196,0.300,NORMAL,1,ROUTE,,,,0.000,PREVIEW_DEFAULT
231.6594,-70.4597,-32.6468,0.300,NORMAL,1,ROUTE,,,,0.000,PREVIEW_DEFAULT
231.7593,-70.3896,-32.5756,0.300,NORMAL,1,ROUTE,,,,0.000,PREVIEW_DEFAULT
231.8593,-70.3181,-32.5058,0.300,NORMAL,1,ROUTE,,,,0.000,PREVIEW_DEFAULT
231.9593,-70.2450,-32.4374,0.300,NORMAL,1,ROUTE,,,,0.000,PREVIEW_DEFAULT
232.0593,-70.1707,-32.3706,0.300,NORMAL,1,ROUTE,,,,0.000,PREVIEW_DEFAULT
232.1593,-70.0950,-32.3052,0.300,NORMAL,1,ROUTE,,,,0.000,PREVIEW_DEFAULT
232.2593,-70.0181,-32.2414,0.300,NORMAL,1,ROUTE,,,,0.000,PREVIEW_DEFAULT
232.3592,-69.9399,-32.1791,0.300,NORMAL,1,ROUTE,,,,0.000,PREVIEW_DEFAULT
232.4592,-69.8604,-32.1184,0.300,NORMAL,1,ROUTE,,,,0.000,PREVIEW_DEFAULT
232.5592,-69.7798,-32.0593,0.300,NORMAL,1,ROUTE,,,,0.000,PREVIEW_DEFAULT
232.6592,-69.6980,-32.0017,0.300,NORMAL,1,ROUTE,,,,0.000,PREVIEW_DEFAULT
232.7592,-69.6150,-31.9460,0.300,NORMAL,1,ROUTE,,,,0.000,PREVIEW_DEFAULT
232.8592,-69.5309,-31.8919,0.300,NORMAL,1,ROUTE,,,,0.000,PREVIEW_DEFAULT
232.9591,-69.4456,-31.8398,0.300,NORMAL,1,ROUTE,,,,0.000,PREVIEW_DEFAULT
233.0591,-69.3593,-31.7895,0.300,NORMAL,1,ROUTE,,,,0.000,PREVIEW_DEFAULT
233.1591,-69.2718,-31.7409,0.300,NORMAL,1,ROUTE,,,,0.000,PREVIEW_DEFAULT
233.2590,-69.1833,-31.6944,0.300,NORMAL,1,ROUTE,,,,0.000,PREVIEW_DEFAULT
233.3590,-69.0939,-31.6497,0.300,NORMAL,1,ROUTE,,,,0.000,PREVIEW_DEFAULT
233.4590,-69.0035,-31.6070,0.300,NORMAL,1,ROUTE,,,,0.000,PREVIEW_DEFAULT
233.5590,-68.9123,-31.5661,0.300,NORMAL,1,ROUTE,,,,0.000,PREVIEW_DEFAULT
233.6590,-68.8203,-31.5269,0.300,NORMAL,1,ROUTE,,,,0.000,PREVIEW_DEFAULT
233.7590,-68.7275,-31.4896,0.300,NORMAL,1,ROUTE,,,,0.000,PREVIEW_DEFAULT
233.8589,-68.6341,-31.4539,0.300,NORMAL,1,ROUTE,,,,0.000,PREVIEW_DEFAULT
233.9589,-68.5402,-31.4198,0.300,NORMAL,1,ROUTE,,,,0.000,PREVIEW_DEFAULT
234.0589,-68.4456,-31.3872,0.300,NORMAL,1,ROUTE,,,,0.000,PREVIEW_DEFAULT
234.1589,-68.3506,-31.3560,0.300,NORMAL,1,ROUTE,,,,0.000,PREVIEW_DEFAULT
234.2589,-68.2552,-31.3262,0.300,NORMAL,1,ROUTE,,,,0.000,PREVIEW_DEFAULT
234.3589,-68.1594,-31.2975,0.300,NORMAL,1,ROUTE,,,,0.000,PREVIEW_DEFAULT
234.4588,-68.0633,-31.2701,0.300,NORMAL,1,ROUTE,,,,0.000,PREVIEW_DEFAULT
234.5589,-67.9668,-31.2436,0.300,NORMAL,1,ROUTE,,,,0.000,PREVIEW_DEFAULT
234.6588,-67.8701,-31.2181,0.300,NORMAL,1,ROUTE,,,,0.000,PREVIEW_DEFAULT
234.7588,-67.7733,-31.1934,0.300,NORMAL,1,ROUTE,,,,0.000,PREVIEW_DEFAULT
234.8587,-67.6763,-31.1693,0.300,NORMAL,1,ROUTE,,,,0.000,PREVIEW_DEFAULT
234.9588,-67.5791,-31.1459,0.300,NORMAL,1,ROUTE,,,,0.000,PREVIEW_DEFAULT
235.0588,-67.4817,-31.1230,0.300,NORMAL,1,ROUTE,,,,0.000,PREVIEW_DEFAULT
235.1588,-67.3843,-31.1004,0.300,NORMAL,1,ROUTE,,,,0.000,PREVIEW_DEFAULT
235.2587,-67.2869,-31.0782,0.300,NORMAL,1,ROUTE,,,,0.000,PREVIEW_DEFAULT
235.3587,-67.1893,-31.0562,0.300,NORMAL,1,ROUTE,,,,0.000,PREVIEW_DEFAULT
235.4587,-67.0917,-31.0344,0.300,NORMAL,1,ROUTE,,,,0.000,PREVIEW_DEFAULT
235.5587,-66.9942,-31.0126,0.300,NORMAL,1,ROUTE,,,,0.000,PREVIEW_DEFAULT
235.6587,-66.8965,-30.9909,0.300,NORMAL,1,ROUTE,,,,0.000,PREVIEW_DEFAULT
235.7587,-66.7989,-30.9692,0.300,NORMAL,1,ROUTE,,,,0.000,PREVIEW_DEFAULT
235.8586,-66.7014,-30.9475,0.300,NORMAL,1,ROUTE,,,,0.000,PREVIEW_DEFAULT
235.9586,-66.6038,-30.9259,0.300,NORMAL,1,ROUTE,,,,0.000,PREVIEW_DEFAULT
236.0586,-66.5061,-30.9044,0.300,NORMAL,1,ROUTE,,,,0.000,PREVIEW_DEFAULT
236.1586,-66.4084,-30.8831,0.300,NORMAL,1,ROUTE,,,,0.000,PREVIEW_DEFAULT
236.2586,-66.3106,-30.8620,0.300,NORMAL,1,ROUTE,,,,0.000,PREVIEW_DEFAULT
236.3585,-66.2129,-30.8413,0.300,NORMAL,1,ROUTE,,,,0.000,PREVIEW_DEFAULT
236.4585,-66.1149,-30.8212,0.300,NORMAL,1,ROUTE,,,,0.000,PREVIEW_DEFAULT
236.5585,-66.0169,-30.8015,0.300,NORMAL,1,ROUTE,,,,0.000,PREVIEW_DEFAULT
236.6584,-65.9187,-30.7826,0.300,NORMAL,1,ROUTE,,,,0.000,PREVIEW_DEFAULT
236.7584,-65.8204,-30.7644,0.300,NORMAL,1,ROUTE,,,,0.000,PREVIEW_DEFAULT
236.8584,-65.7220,-30.7471,0.300,NORMAL,1,ROUTE,,,,0.000,PREVIEW_DEFAULT
236.9584,-65.6233,-30.7306,0.300,NORMAL,1,ROUTE,,,,0.000,PREVIEW_DEFAULT
237.0584,-65.5245,-30.7152,0.300,NORMAL,1,ROUTE,,,,0.000,PREVIEW_DEFAULT
237.1584,-65.4256,-30.7007,0.300,NORMAL,1,ROUTE,,,,0.000,PREVIEW_DEFAULT
237.2583,-65.3265,-30.6874,0.300,NORMAL,1,ROUTE,,,,0.000,PREVIEW_DEFAULT
237.3584,-65.2272,-30.6751,0.300,NORMAL,1,ROUTE,,,,0.000,PREVIEW_DEFAULT
237.4583,-65.1279,-30.6639,0.300,NORMAL,1,ROUTE,,,,0.000,PREVIEW_DEFAULT
237.5583,-65.0285,-30.6537,0.300,NORMAL,1,ROUTE,,,,0.000,PREVIEW_DEFAULT
237.6583,-64.9289,-30.6446,0.300,NORMAL,1,ROUTE,,,,0.000,PREVIEW_DEFAULT
237.7582,-64.8293,-30.6365,0.300,NORMAL,1,ROUTE,,,,0.000,PREVIEW_DEFAULT
237.8582,-64.7295,-30.6295,0.300,NORMAL,1,ROUTE,,,,0.000,PREVIEW_DEFAULT
237.9583,-64.6297,-30.6234,0.300,NORMAL,1,ROUTE,,,,0.000,PREVIEW_DEFAULT
238.0582,-64.5299,-30.6181,0.300,NORMAL,1,ROUTE,,,,0.000,PREVIEW_DEFAULT
238.1582,-64.4300,-30.6138,0.300,NORMAL,1,ROUTE,,,,0.000,PREVIEW_DEFAULT
238.2582,-64.3301,-30.6102,0.300,NORMAL,1,ROUTE,,,,0.000,PREVIEW_DEFAULT
238.3582,-64.2301,-30.6075,0.300,NORMAL,1,ROUTE,,,,0.000,PREVIEW_DEFAULT
238.4581,-64.1302,-30.6054,0.300,NORMAL,1,ROUTE,,,,0.000,PREVIEW_DEFAULT
238.5581,-64.0302,-30.6040,0.300,NORMAL,1,ROUTE,,,,0.000,PREVIEW_DEFAULT
238.6581,-63.9303,-30.6031,0.300,NORMAL,1,ROUTE,,,,0.000,PREVIEW_DEFAULT
238.7581,-63.8303,-30.6028,0.300,NORMAL,1,ROUTE,,,,0.000,PREVIEW_DEFAULT
238.8581,-63.7303,-30.6030,0.300,NORMAL,1,ROUTE,,,,0.000,PREVIEW_DEFAULT
238.9581,-63.6303,-30.6036,0.300,NORMAL,1,ROUTE,,,,0.000,PREVIEW_DEFAULT
239.0580,-63.5303,-30.6045,0.300,NORMAL,1,ROUTE,,,,0.000,PREVIEW_DEFAULT
239.1581,-63.4303,-30.6058,0.300,NORMAL,1,ROUTE,,,,0.000,PREVIEW_DEFAULT
239.2580,-63.3303,-30.6075,0.300,NORMAL,1,ROUTE,,,,0.000,PREVIEW_DEFAULT
239.3580,-63.2304,-30.6093,0.300,NORMAL,1,ROUTE,,,,0.000,PREVIEW_DEFAULT
239.4580,-63.1304,-30.6115,0.300,NORMAL,1,ROUTE,,,,0.000,PREVIEW_DEFAULT
239.5579,-63.0305,-30.6138,0.300,NORMAL,1,ROUTE,,,,0.000,PREVIEW_DEFAULT
239.6580,-62.9305,-30.6163,0.300,NORMAL,1,ROUTE,,,,0.000,PREVIEW_DEFAULT
239.7580,-62.8305,-30.6191,0.300,NORMAL,1,ROUTE,,,,0.000,PREVIEW_DEFAULT
239.8579,-62.7306,-30.6221,0.300,NORMAL,1,ROUTE,,,,0.000,PREVIEW_DEFAULT
239.9579,-62.6307,-30.6252,0.300,NORMAL,1,ROUTE,,,,0.000,PREVIEW_DEFAULT
240.0579,-62.5307,-30.6284,0.300,NORMAL,1,ROUTE,,,,0.000,PREVIEW_DEFAULT
240.1578,-62.4308,-30.6318,0.300,NORMAL,1,ROUTE,,,,0.000,PREVIEW_DEFAULT
240.2579,-62.3309,-30.6354,0.300,NORMAL,1,ROUTE,,,,0.000,PREVIEW_DEFAULT
240.3579,-62.2310,-30.6390,0.300,NORMAL,1,ROUTE,,,,0.000,PREVIEW_DEFAULT
240.4578,-62.1311,-30.6428,0.300,NORMAL,1,ROUTE,,,,0.000,PREVIEW_DEFAULT
240.5577,-62.0312,-30.6466,0.300,NORMAL,1,ROUTE,,,,0.000,PREVIEW_DEFAULT
240.6578,-61.9312,-30.6503,0.300,NORMAL,1,ROUTE,,,,0.000,PREVIEW_DEFAULT
240.7578,-61.8313,-30.6543,0.300,NORMAL,1,ROUTE,,,,0.000,PREVIEW_DEFAULT
240.8577,-61.7315,-30.6580,0.300,NORMAL,1,ROUTE,,,,0.000,PREVIEW_DEFAULT
240.9577,-61.6315,-30.6617,0.300,NORMAL,1,ROUTE,,,,0.000,PREVIEW_DEFAULT
241.0577,-61.5316,-30.6653,0.300,NORMAL,1,ROUTE,,,,0.000,PREVIEW_DEFAULT
241.1577,-61.4317,-30.6688,0.300,NORMAL,1,ROUTE,,,,0.000,PREVIEW_DEFAULT
241.2576,-61.3318,-30.6721,0.300,NORMAL,1,ROUTE,,,,0.000,PREVIEW_DEFAULT
241.3576,-61.2319,-30.6752,0.300,NORMAL,1,ROUTE,,,,0.000,PREVIEW_DEFAULT
241.4576,-61.1319,-30.6781,0.300,NORMAL,1,ROUTE,,,,0.000,PREVIEW_DEFAULT
241.5576,-61.0319,-30.6808,0.300,NORMAL,1,ROUTE,,,,0.000,PREVIEW_DEFAULT
241.6576,-60.9319,-30.6832,0.300,NORMAL,1,ROUTE,,,,0.000,PREVIEW_DEFAULT
241.7576,-60.8320,-30.6855,0.300,NORMAL,1,ROUTE,,,,0.000,PREVIEW_DEFAULT
241.8575,-60.7321,-30.6876,0.300,NORMAL,1,ROUTE,,,,0.000,PREVIEW_DEFAULT
241.9575,-60.6321,-30.6894,0.300,NORMAL,1,ROUTE,,,,0.000,PREVIEW_DEFAULT
242.0576,-60.5321,-30.6911,0.300,NORMAL,1,ROUTE,,,,0.000,PREVIEW_DEFAULT
242.1575,-60.4322,-30.6929,0.300,NORMAL,1,ROUTE,,,,0.000,PREVIEW_DEFAULT
242.2575,-60.3322,-30.6947,0.300,NORMAL,1,ROUTE,,,,0.000,PREVIEW_DEFAULT
242.3575,-60.2323,-30.6965,0.300,NORMAL,1,ROUTE,,,,0.000,PREVIEW_DEFAULT
242.4575,-60.1323,-30.6984,0.300,NORMAL,1,ROUTE,,,,0.000,PREVIEW_DEFAULT
242.5575,-60.0323,-30.7005,0.300,NORMAL,1,ROUTE,,,,0.000,PREVIEW_DEFAULT
242.6575,-59.9323,-30.7027,0.300,NORMAL,1,ROUTE,,,,0.000,PREVIEW_DEFAULT
242.7574,-59.8324,-30.7052,0.300,NORMAL,1,ROUTE,,,,0.000,PREVIEW_DEFAULT
242.8574,-59.7324,-30.7077,0.300,NORMAL,1,ROUTE,,,,0.000,PREVIEW_DEFAULT
242.9574,-59.6325,-30.7104,0.300,NORMAL,1,ROUTE,,,,0.000,PREVIEW_DEFAULT
243.0573,-59.5326,-30.7130,0.300,NORMAL,1,ROUTE,,,,0.000,PREVIEW_DEFAULT
243.1573,-59.4326,-30.7157,0.300,NORMAL,1,ROUTE,,,,0.000,PREVIEW_DEFAULT
243.2573,-59.3327,-30.7184,0.300,NORMAL,1,ROUTE,,,,0.000,PREVIEW_DEFAULT
243.3573,-59.2327,-30.7209,0.300,NORMAL,1,ROUTE,,,,0.000,PREVIEW_DEFAULT
243.4573,-59.1327,-30.7233,0.300,NORMAL,1,ROUTE,,,,0.000,PREVIEW_DEFAULT
243.5573,-59.0328,-30.7255,0.300,NORMAL,1,ROUTE,,,,0.000,PREVIEW_DEFAULT
243.6572,-58.9329,-30.7275,0.300,NORMAL,1,ROUTE,,,,0.000,PREVIEW_DEFAULT
243.7572,-58.8329,-30.7294,0.300,NORMAL,1,ROUTE,,,,0.000,PREVIEW_DEFAULT
243.8572,-58.7329,-30.7310,0.300,NORMAL,1,ROUTE,,,,0.000,PREVIEW_DEFAULT
243.9572,-58.6329,-30.7324,0.300,NORMAL,1,ROUTE,,,,0.000,PREVIEW_DEFAULT
244.0572,-58.5329,-30.7337,0.300,NORMAL,1,ROUTE,,,,0.000,PREVIEW_DEFAULT
244.1572,-58.4329,-30.7347,0.300,NORMAL,1,ROUTE,,,,0.000,PREVIEW_DEFAULT
244.2572,-58.3330,-30.7355,0.300,NORMAL,1,ROUTE,,,,0.000,PREVIEW_DEFAULT
244.3571,-58.2331,-30.7362,0.300,NORMAL,1,ROUTE,,,,0.000,PREVIEW_DEFAULT
244.4571,-58.1331,-30.7368,0.300,NORMAL,1,ROUTE,,,,0.000,PREVIEW_DEFAULT
244.5571,-58.0330,-30.7372,0.300,NORMAL,1,ROUTE,,,,0.000,PREVIEW_DEFAULT
244.6571,-57.9331,-30.7376,0.300,NORMAL,1,ROUTE,,,,0.000,PREVIEW_DEFAULT
244.7570,-57.8331,-30.7377,0.300,NORMAL,1,ROUTE,,,,0.000,PREVIEW_DEFAULT
244.8570,-57.7331,-30.7378,0.300,NORMAL,1,ROUTE,,,,0.000,PREVIEW_DEFAULT
244.9570,-57.6332,-30.7378,0.300,NORMAL,1,ROUTE,,,,0.000,PREVIEW_DEFAULT
245.0570,-57.5331,-30.7378,0.300,NORMAL,1,ROUTE,,,,0.000,PREVIEW_DEFAULT
245.1570,-57.4332,-30.7377,0.300,NORMAL,1,ROUTE,,,,0.000,PREVIEW_DEFAULT
245.2569,-57.3332,-30.7377,0.300,NORMAL,1,ROUTE,,,,0.000,PREVIEW_DEFAULT
245.3569,-57.2332,-30.7378,0.300,NORMAL,1,ROUTE,,,,0.000,PREVIEW_DEFAULT
245.4569,-57.1332,-30.7379,0.300,NORMAL,1,ROUTE,,,,0.000,PREVIEW_DEFAULT
245.5569,-57.0332,-30.7382,0.300,NORMAL,1,ROUTE,,,,0.000,PREVIEW_DEFAULT
245.6569,-56.9332,-30.7387,0.300,NORMAL,1,ROUTE,,,,0.000,PREVIEW_DEFAULT
245.7569,-56.8332,-30.7394,0.300,NORMAL,1,ROUTE,,,,0.000,PREVIEW_DEFAULT
245.8569,-56.7332,-30.7404,0.300,NORMAL,1,ROUTE,,,,0.000,PREVIEW_DEFAULT
245.9569,-56.6333,-30.7418,0.300,NORMAL,1,ROUTE,,,,0.000,PREVIEW_DEFAULT
246.0568,-56.5334,-30.7434,0.300,NORMAL,1,ROUTE,,,,0.000,PREVIEW_DEFAULT
246.1568,-56.4334,-30.7454,0.300,NORMAL,1,ROUTE,,,,0.000,PREVIEW_DEFAULT
246.2568,-56.3334,-30.7477,0.300,NORMAL,1,ROUTE,,,,0.000,PREVIEW_DEFAULT
246.3568,-56.2335,-30.7503,0.300,NORMAL,1,ROUTE,,,,0.000,PREVIEW_DEFAULT
246.4568,-56.1335,-30.7533,0.300,NORMAL,1,ROUTE,,,,0.000,PREVIEW_DEFAULT
246.5568,-56.0336,-30.7564,0.300,NORMAL,1,ROUTE,,,,0.000,PREVIEW_DEFAULT
246.6568,-55.9336,-30.7599,0.300,NORMAL,1,ROUTE,,,,0.000,PREVIEW_DEFAULT
246.7567,-55.8338,-30.7638,0.300,NORMAL,1,ROUTE,,,,0.000,PREVIEW_DEFAULT
246.8567,-55.7338,-30.7678,0.300,NORMAL,1,ROUTE,,,,0.000,PREVIEW_DEFAULT
246.9567,-55.6339,-30.7721,0.300,NORMAL,1,ROUTE,,,,0.000,PREVIEW_DEFAULT
247.0567,-55.5341,-30.7766,0.300,NORMAL,1,ROUTE,,,,0.000,PREVIEW_DEFAULT
247.1567,-55.4342,-30.7814,0.300,NORMAL,1,ROUTE,,,,0.000,PREVIEW_DEFAULT
247.2567,-55.3343,-30.7862,0.300,NORMAL,1,ROUTE,,,,0.000,PREVIEW_DEFAULT
247.3566,-55.2345,-30.7914,0.300,NORMAL,1,ROUTE,,,,0.000,PREVIEW_DEFAULT
247.4566,-55.1347,-30.7966,0.300,NORMAL,1,ROUTE,,,,0.000,PREVIEW_DEFAULT
247.5566,-55.0348,-30.8021,0.300,NORMAL,1,ROUTE,,,,0.000,PREVIEW_DEFAULT
247.6566,-54.9350,-30.8076,0.300,NORMAL,1,ROUTE,,,,0.000,PREVIEW_DEFAULT
247.7566,-54.8352,-30.8133,0.300,NORMAL,1,ROUTE,,,,0.000,PREVIEW_DEFAULT
247.8565,-54.7354,-30.8191,0.300,NORMAL,1,ROUTE,,,,0.000,PREVIEW_DEFAULT
247.9565,-54.6355,-30.8249,0.300,NORMAL,1,ROUTE,,,,0.000,PREVIEW_DEFAULT
248.0565,-54.5358,-30.8309,0.300,NORMAL,1,ROUTE,,,,0.000,PREVIEW_DEFAULT
248.1565,-54.4359,-30.8370,0.300,NORMAL,1,ROUTE,,,,0.000,PREVIEW_DEFAULT
248.2565,-54.3362,-30.8431,0.300,NORMAL,1,ROUTE,,,,0.000,PREVIEW_DEFAULT
248.3565,-54.2364,-30.8493,0.300,NORMAL,1,ROUTE,,,,0.000,PREVIEW_DEFAULT
248.4565,-54.1365,-30.8556,0.300,NORMAL,1,ROUTE,,,,0.000,PREVIEW_DEFAULT
248.5564,-54.0368,-30.8620,0.300,NORMAL,1,ROUTE,,,,0.000,PREVIEW_DEFAULT
248.6564,-53.9370,-30.8686,0.300,NORMAL,1,ROUTE,,,,0.000,PREVIEW_DEFAULT
248.7564,-53.8373,-30.8754,0.300,NORMAL,1,ROUTE,,,,0.000,PREVIEW_DEFAULT
248.8564,-53.7375,-30.8825,0.300,NORMAL,1,ROUTE,,,,0.000,PREVIEW_DEFAULT
248.9563,-53.6379,-30.8898,0.300,NORMAL,1,ROUTE,,,,0.000,PREVIEW_DEFAULT
249.0564,-53.5381,-30.8976,0.300,NORMAL,1,ROUTE,,,,0.000,PREVIEW_DEFAULT
249.1563,-53.4385,-30.9058,0.300,NORMAL,1,ROUTE,,,,0.000,PREVIEW_DEFAULT
249.2563,-53.3389,-30.9144,0.300,NORMAL,1,ROUTE,,,,0.000,PREVIEW_DEFAULT
249.3563,-53.2394,-30.9236,0.300,NORMAL,1,ROUTE,,,,0.000,PREVIEW_DEFAULT
249.4563,-53.1398,-30.9334,0.300,NORMAL,1,ROUTE,,,,0.000,PREVIEW_DEFAULT
249.5563,-53.0404,-30.9438,0.300,NORMAL,1,ROUTE,,,,0.000,PREVIEW_DEFAULT
249.6563,-52.9410,-30.9550,0.300,NORMAL,1,ROUTE,,,,0.000,PREVIEW_DEFAULT
249.7562,-52.8418,-30.9669,0.300,NORMAL,1,ROUTE,,,,0.000,PREVIEW_DEFAULT
249.8562,-52.7426,-30.9796,0.300,NORMAL,1,ROUTE,,,,0.000,PREVIEW_DEFAULT
249.9562,-52.6435,-30.9930,0.300,NORMAL,1,ROUTE,,,,0.000,PREVIEW_DEFAULT
250.0562,-52.5445,-31.0071,0.300,NORMAL,1,ROUTE,,,,0.000,PREVIEW_DEFAULT
250.1562,-52.4457,-31.0220,0.300,NORMAL,1,ROUTE,,,,0.000,PREVIEW_DEFAULT
250.2562,-52.3469,-31.0375,0.300,NORMAL,1,ROUTE,,,,0.000,PREVIEW_DEFAULT
250.3562,-52.2482,-31.0536,0.300,NORMAL,1,ROUTE,,,,0.000,PREVIEW_DEFAULT
250.4561,-52.1496,-31.0701,0.300,NORMAL,1,ROUTE,,,,0.000,PREVIEW_DEFAULT
250.5561,-52.0510,-31.0870,0.300,NORMAL,1,ROUTE,,,,0.000,PREVIEW_DEFAULT
250.6561,-51.9525,-31.1040,0.300,NORMAL,1,ROUTE,,,,0.000,PREVIEW_DEFAULT
250.7560,-51.8541,-31.1212,0.300,NORMAL,1,ROUTE,,,,0.000,PREVIEW_DEFAULT
250.8560,-51.7555,-31.1384,0.300,NORMAL,1,ROUTE,,,,0.000,PREVIEW_DEFAULT
250.9560,-51.6570,-31.1554,0.300,NORMAL,1,ROUTE,,,,0.000,PREVIEW_DEFAULT
251.0559,-51.5585,-31.1721,0.300,NORMAL,1,ROUTE,,,,0.000,PREVIEW_DEFAULT
251.1560,-51.4598,-31.1885,0.300,NORMAL,1,ROUTE,,,,0.000,PREVIEW_DEFAULT
251.2560,-51.3611,-31.2045,0.300,NORMAL,1,ROUTE,,,,0.000,PREVIEW_DEFAULT
251.3559,-51.2624,-31.2199,0.300,NORMAL,1,ROUTE,,,,0.000,PREVIEW_DEFAULT
251.4559,-51.1635,-31.2348,0.300,NORMAL,1,ROUTE,,,,0.000,PREVIEW_DEFAULT
251.5560,-51.0645,-31.2492,0.300,NORMAL,1,ROUTE,,,,0.000,PREVIEW_DEFAULT
251.6559,-50.9655,-31.2628,0.300,NORMAL,1,ROUTE,,,,0.000,PREVIEW_DEFAULT
251.7559,-50.8663,-31.2759,0.300,NORMAL,1,ROUTE,,,,0.000,PREVIEW_DEFAULT
251.8558,-50.7672,-31.2883,0.300,NORMAL,1,ROUTE,,,,0.000,PREVIEW_DEFAULT
251.9558,-50.6679,-31.3001,0.300,NORMAL,1,ROUTE,,,,0.000,PREVIEW_DEFAULT
252.0558,-50.5685,-31.3113,0.300,NORMAL,1,ROUTE,,,,0.000,PREVIEW_DEFAULT
252.1558,-50.4691,-31.3220,0.300,NORMAL,1,ROUTE,,,,0.000,PREVIEW_DEFAULT
252.2558,-50.3696,-31.3321,0.300,NORMAL,1,ROUTE,,,,0.000,PREVIEW_DEFAULT
252.3558,-50.2701,-31.3419,0.300,NORMAL,1,ROUTE,,,,0.000,PREVIEW_DEFAULT
252.4557,-50.1706,-31.3513,0.300,NORMAL,1,ROUTE,,,,0.000,PREVIEW_DEFAULT
252.5557,-50.0711,-31.3605,0.300,NORMAL,1,ROUTE,,,,0.000,PREVIEW_DEFAULT
252.6557,-49.9714,-31.3696,0.300,NORMAL,1,ROUTE,,,,0.000,PREVIEW_DEFAULT
252.7557,-49.8718,-31.3786,0.300,NORMAL,1,ROUTE,,,,0.000,PREVIEW_DEFAULT
252.8556,-49.7723,-31.3876,0.300,NORMAL,1,ROUTE,,,,0.000,PREVIEW_DEFAULT
252.9557,-49.6727,-31.3968,0.300,NORMAL,1,ROUTE,,,,0.000,PREVIEW_DEFAULT
253.0557,-49.5732,-31.4060,0.300,NORMAL,1,ROUTE,,,,0.000,PREVIEW_DEFAULT
253.1556,-49.4737,-31.4155,0.300,NORMAL,1,ROUTE,,,,0.000,PREVIEW_DEFAULT
253.2557,-49.3741,-31.4253,0.300,NORMAL,1,ROUTE,,,,0.000,PREVIEW_DEFAULT
253.3556,-49.2747,-31.4353,0.300,NORMAL,1,ROUTE,,,,0.000,PREVIEW_DEFAULT
253.4556,-49.1752,-31.4457,0.300,NORMAL,1,ROUTE,,,,0.000,PREVIEW_DEFAULT
253.5555,-49.0758,-31.4564,0.300,NORMAL,1,ROUTE,,,,0.000,PREVIEW_DEFAULT
253.6555,-48.9765,-31.4676,0.300,NORMAL,1,ROUTE,,,,0.000,PREVIEW_DEFAULT
253.7555,-48.8771,-31.4791,0.300,NORMAL,1,ROUTE,,,,0.000,PREVIEW_DEFAULT
253.8555,-48.7779,-31.4911,0.300,NORMAL,1,ROUTE,,,,0.000,PREVIEW_DEFAULT
253.9555,-48.6787,-31.5035,0.300,NORMAL,1,ROUTE,,,,0.000,PREVIEW_DEFAULT
254.0554,-48.5796,-31.5164,0.300,NORMAL,1,ROUTE,,,,0.000,PREVIEW_DEFAULT
254.1554,-48.4805,-31.5296,0.300,NORMAL,1,ROUTE,,,,0.000,PREVIEW_DEFAULT
254.2555,-48.3814,-31.5433,0.300,NORMAL,1,ROUTE,,,,0.000,PREVIEW_DEFAULT
254.3554,-48.2824,-31.5572,0.300,NORMAL,1,ROUTE,,,,0.000,PREVIEW_DEFAULT
254.4554,-48.1834,-31.5715,0.300,NORMAL,1,ROUTE,,,,0.000,PREVIEW_DEFAULT
254.5554,-48.0844,-31.5860,0.300,NORMAL,1,ROUTE,,,,0.000,PREVIEW_DEFAULT
254.6554,-47.9855,-31.6006,0.300,NORMAL,1,ROUTE,,,,0.000,PREVIEW_DEFAULT
254.7553,-47.8867,-31.6153,0.300,NORMAL,1,ROUTE,,,,0.000,PREVIEW_DEFAULT
254.8553,-47.7878,-31.6300,0.300,NORMAL,1,ROUTE,,,,0.000,PREVIEW_DEFAULT
254.9553,-47.6889,-31.6448,0.300,NORMAL,1,ROUTE,,,,0.000,PREVIEW_DEFAULT
255.0553,-47.5900,-31.6594,0.300,NORMAL,1,ROUTE,,,,0.000,PREVIEW_DEFAULT
255.1553,-47.4910,-31.6739,0.300,NORMAL,1,ROUTE,,,,0.000,PREVIEW_DEFAULT
255.2552,-47.3922,-31.6883,0.300,NORMAL,1,ROUTE,,,,0.000,PREVIEW_DEFAULT
255.3553,-47.2931,-31.7027,0.300,NORMAL,1,ROUTE,,,,0.000,PREVIEW_DEFAULT
255.4552,-47.1942,-31.7168,0.300,NORMAL,1,ROUTE,,,,0.000,PREVIEW_DEFAULT
255.5552,-47.0953,-31.7310,0.300,NORMAL,1,ROUTE,,,,0.000,PREVIEW_DEFAULT
255.6553,-46.9962,-31.7450,0.300,NORMAL,1,ROUTE,,,,0.000,PREVIEW_DEFAULT
255.7552,-46.8972,-31.7590,0.300,NORMAL,1,ROUTE,,,,0.000,PREVIEW_DEFAULT
255.8551,-46.7983,-31.7729,0.300,NORMAL,1,ROUTE,,,,0.000,PREVIEW_DEFAULT
255.9552,-46.6992,-31.7869,0.300,NORMAL,1,ROUTE,,,,0.000,PREVIEW_DEFAULT
256.0551,-46.6002,-31.8010,0.300,NORMAL,1,ROUTE,,,,0.000,PREVIEW_DEFAULT
256.1551,-46.5013,-31.8150,0.300,NORMAL,1,ROUTE,,,,0.000,PREVIEW_DEFAULT
256.2551,-46.4023,-31.8292,0.300,NORMAL,1,ROUTE,,,,0.000,PREVIEW_DEFAULT
256.3551,-46.3033,-31.8436,0.300,NORMAL,1,ROUTE,,,,0.000,PREVIEW_DEFAULT
256.4551,-46.2044,-31.8580,0.300,NORMAL,1,ROUTE,,,,0.000,PREVIEW_DEFAULT
256.5550,-46.1055,-31.8726,0.300,NORMAL,1,ROUTE,,,,0.000,PREVIEW_DEFAULT
256.6551,-46.0066,-31.8874,0.300,NORMAL,1,ROUTE,,,,0.000,PREVIEW_DEFAULT
256.7550,-45.9078,-31.9024,0.300,NORMAL,1,ROUTE,,,,0.000,PREVIEW_DEFAULT
256.8550,-45.8090,-31.9176,0.300,NORMAL,1,ROUTE,,,,0.000,PREVIEW_DEFAULT
256.9550,-45.7101,-31.9329,0.300,NORMAL,1,ROUTE,,,,0.000,PREVIEW_DEFAULT
257.0550,-45.6113,-31.9484,0.300,NORMAL,1,ROUTE,,,,0.000,PREVIEW_DEFAULT
257.1549,-45.5126,-31.9641,0.300,NORMAL,1,ROUTE,,,,0.000,PREVIEW_DEFAULT
257.2549,-45.4139,-31.9799,0.300,NORMAL,1,ROUTE,,,,0.000,PREVIEW_DEFAULT
257.3549,-45.3152,-31.9958,0.300,NORMAL,1,ROUTE,,,,0.000,PREVIEW_DEFAULT
257.4549,-45.2165,-32.0118,0.300,NORMAL,1,ROUTE,,,,0.000,PREVIEW_DEFAULT
257.5549,-45.1178,-32.0279,0.300,NORMAL,1,ROUTE,,,,0.000,PREVIEW_DEFAULT
257.6549,-45.0191,-32.0440,0.300,NORMAL,1,ROUTE,,,,0.000,PREVIEW_DEFAULT
257.7548,-44.9205,-32.0602,0.300,NORMAL,1,ROUTE,,,,0.000,PREVIEW_DEFAULT
257.8549,-44.8218,-32.0766,0.300,NORMAL,1,ROUTE,,,,0.000,PREVIEW_DEFAULT
257.9548,-44.7232,-32.0929,0.300,NORMAL,1,ROUTE,,,,0.000,PREVIEW_DEFAULT
258.0548,-44.6246,-32.1094,0.300,NORMAL,1,ROUTE,,,,0.000,PREVIEW_DEFAULT
258.1548,-44.5259,-32.1257,0.300,NORMAL,1,ROUTE,,,,0.000,PREVIEW_DEFAULT
258.2548,-44.4273,-32.1422,0.300,NORMAL,1,ROUTE,,,,0.000,PREVIEW_DEFAULT
258.3548,-44.3287,-32.1588,0.300,NORMAL,1,ROUTE,,,,0.000,PREVIEW_DEFAULT
258.4547,-44.2301,-32.1753,0.300,NORMAL,1,ROUTE,,,,0.000,PREVIEW_DEFAULT
258.5547,-44.1315,-32.1919,0.300,NORMAL,1,ROUTE,,,,0.000,PREVIEW_DEFAULT
258.6547,-44.0329,-32.2084,0.300,NORMAL,1,ROUTE,,,,0.000,PREVIEW_DEFAULT
258.7547,-43.9342,-32.2247,0.300,NORMAL,1,ROUTE,,,,0.000,PREVIEW_DEFAULT
258.8546,-43.8357,-32.2411,0.300,NORMAL,1,ROUTE,,,,0.000,PREVIEW_DEFAULT
258.9547,-43.7369,-32.2574,0.300,NORMAL,1,ROUTE,,,,0.000,PREVIEW_DEFAULT
259.0546,-43.6383,-32.2735,0.300,NORMAL,1,ROUTE,,,,0.000,PREVIEW_DEFAULT
259.1547,-43.5395,-32.2894,0.300,NORMAL,1,ROUTE,,,,0.000,PREVIEW_DEFAULT
259.2546,-43.4409,-32.3053,0.300,NORMAL,1,ROUTE,,,,0.000,PREVIEW_DEFAULT
259.3546,-43.3421,-32.3209,0.300,NORMAL,1,ROUTE,,,,0.000,PREVIEW_DEFAULT
259.4545,-43.2434,-32.3364,0.300,NORMAL,1,ROUTE,,,,0.000,PREVIEW_DEFAULT
259.5545,-43.1446,-32.3520,0.300,NORMAL,1,ROUTE,,,,0.000,PREVIEW_DEFAULT
259.6545,-43.0458,-32.3674,0.300,NORMAL,1,ROUTE,,,,0.000,PREVIEW_DEFAULT
259.7545,-42.9471,-32.3829,0.300,NORMAL,1,ROUTE,,,,0.000,PREVIEW_DEFAULT
259.8545,-42.8483,-32.3984,0.300,NORMAL,1,ROUTE,,,,0.000,PREVIEW_DEFAULT
259.9545,-42.7495,-32.4141,0.300,NORMAL,1,ROUTE,,,,0.000,PREVIEW_DEFAULT
260.0322,-42.6728,-32.4264,0.300,TRAFFIC,1,TRAFFIC,TRAFFIC_2_RED_STOP,STOP_IF_CONDITION,TRAFFIC_LIGHT_RED,0.000,PREVIEW_DEFAULT
260.0544,-42.6508,-32.4299,0.300,TRAFFIC,1,TRAFFIC,,,TRAFFIC_LIGHT_RED,0.000,PREVIEW_DEFAULT
260.1545,-42.5521,-32.4461,0.300,TRAFFIC,1,TRAFFIC,,,TRAFFIC_LIGHT_RED,0.000,PREVIEW_DEFAULT
260.2544,-42.4535,-32.4625,0.300,TRAFFIC,1,TRAFFIC,,,TRAFFIC_LIGHT_RED,0.000,PREVIEW_DEFAULT
260.3544,-42.3549,-32.4792,0.300,TRAFFIC,1,TRAFFIC,,,TRAFFIC_LIGHT_RED,0.000,PREVIEW_DEFAULT
260.4544,-42.2564,-32.4962,0.300,TRAFFIC,1,TRAFFIC,,,TRAFFIC_LIGHT_RED,0.000,PREVIEW_DEFAULT
260.5543,-42.1580,-32.5136,0.300,TRAFFIC,1,TRAFFIC,,,TRAFFIC_LIGHT_RED,0.000,PREVIEW_DEFAULT
260.6544,-42.0596,-32.5316,0.300,TRAFFIC,1,TRAFFIC,,,TRAFFIC_LIGHT_RED,0.000,PREVIEW_DEFAULT
260.7543,-41.9613,-32.5499,0.300,TRAFFIC,1,TRAFFIC,,,TRAFFIC_LIGHT_RED,0.000,PREVIEW_DEFAULT
260.8543,-41.8631,-32.5687,0.300,TRAFFIC,1,TRAFFIC,,,TRAFFIC_LIGHT_RED,0.000,PREVIEW_DEFAULT
260.9543,-41.7650,-32.5881,0.300,TRAFFIC,1,TRAFFIC,,,TRAFFIC_LIGHT_RED,0.000,PREVIEW_DEFAULT
261.0543,-41.6671,-32.6081,0.300,TRAFFIC,1,TRAFFIC,,,TRAFFIC_LIGHT_RED,0.000,PREVIEW_DEFAULT
261.1543,-41.5692,-32.6285,0.300,TRAFFIC,1,TRAFFIC,,,TRAFFIC_LIGHT_RED,0.000,PREVIEW_DEFAULT
261.2543,-41.4714,-32.6496,0.300,TRAFFIC,1,TRAFFIC,,,TRAFFIC_LIGHT_RED,0.000,PREVIEW_DEFAULT
261.3542,-41.3738,-32.6712,0.300,TRAFFIC,1,TRAFFIC,,,TRAFFIC_LIGHT_RED,0.000,PREVIEW_DEFAULT
261.4543,-41.2762,-32.6933,0.300,TRAFFIC,1,TRAFFIC,,,TRAFFIC_LIGHT_RED,0.000,PREVIEW_DEFAULT
261.5542,-41.1789,-32.7159,0.300,TRAFFIC,1,TRAFFIC,,,TRAFFIC_LIGHT_RED,0.000,PREVIEW_DEFAULT
261.6542,-41.0816,-32.7389,0.300,TRAFFIC,1,TRAFFIC,,,TRAFFIC_LIGHT_RED,0.000,PREVIEW_DEFAULT
261.7542,-40.9844,-32.7622,0.300,TRAFFIC,1,TRAFFIC,,,TRAFFIC_LIGHT_RED,0.000,PREVIEW_DEFAULT
261.8542,-40.8872,-32.7857,0.300,TRAFFIC,1,TRAFFIC,,,TRAFFIC_LIGHT_RED,0.000,PREVIEW_DEFAULT
261.9541,-40.7901,-32.8094,0.300,TRAFFIC,1,TRAFFIC,,,TRAFFIC_LIGHT_RED,0.000,PREVIEW_DEFAULT
262.0541,-40.6929,-32.8330,0.300,TRAFFIC,1,TRAFFIC,,,TRAFFIC_LIGHT_RED,0.000,PREVIEW_DEFAULT
262.1541,-40.5957,-32.8562,0.300,TRAFFIC,1,TRAFFIC,,,TRAFFIC_LIGHT_RED,0.000,PREVIEW_DEFAULT
262.2541,-40.4983,-32.8790,0.300,TRAFFIC,1,TRAFFIC,,,TRAFFIC_LIGHT_RED,0.000,PREVIEW_DEFAULT
262.3540,-40.4008,-32.9010,0.300,TRAFFIC,1,TRAFFIC,,,TRAFFIC_LIGHT_RED,0.000,PREVIEW_DEFAULT
262.4541,-40.3030,-32.9219,0.300,TRAFFIC,1,TRAFFIC,,,TRAFFIC_LIGHT_RED,0.000,PREVIEW_DEFAULT
262.5540,-40.2050,-32.9416,0.300,TRAFFIC,1,TRAFFIC,,,TRAFFIC_LIGHT_RED,0.000,PREVIEW_DEFAULT
262.6540,-40.1066,-32.9596,0.300,TRAFFIC,1,TRAFFIC,,,TRAFFIC_LIGHT_RED,0.000,PREVIEW_DEFAULT
262.7539,-40.0080,-32.9757,0.300,TRAFFIC,1,TRAFFIC,,,TRAFFIC_LIGHT_RED,0.000,PREVIEW_DEFAULT
262.8539,-39.9090,-32.9895,0.300,TRAFFIC,1,TRAFFIC,,,TRAFFIC_LIGHT_RED,0.000,PREVIEW_DEFAULT
262.9540,-39.8096,-33.0008,0.300,TRAFFIC,1,TRAFFIC,,,TRAFFIC_LIGHT_RED,0.000,PREVIEW_DEFAULT
263.0516,-39.7123,-33.0090,0.300,TRAFFIC,1,TRAFFIC,TRAFFIC_2_RED_STOP_END,,TRAFFIC_LIGHT_RED,0.000,PREVIEW_DEFAULT
263.0540,-39.7099,-33.0092,0.300,TRAFFIC,1,TRAFFIC,,,TRAFFIC_LIGHT_RED,0.000,PREVIEW_DEFAULT
263.1539,-39.6101,-33.0142,0.300,TRAFFIC,1,TRAFFIC,,,TRAFFIC_LIGHT_RED,0.000,PREVIEW_DEFAULT
263.2539,-39.5102,-33.0172,0.300,TRAFFIC,1,TRAFFIC,,,TRAFFIC_LIGHT_RED,0.000,PREVIEW_DEFAULT
263.3251,-39.4390,-33.0208,0.300,NORMAL,1,ROUTE,,,,0.000,PREVIEW_DEFAULT
263.3539,-39.4104,-33.0230,0.300,NORMAL,1,ROUTE,,,,0.000,PREVIEW_DEFAULT
263.4539,-39.3108,-33.0323,0.300,NORMAL,1,ROUTE,,,,0.000,PREVIEW_DEFAULT
263.5539,-39.2115,-33.0444,0.300,NORMAL,1,ROUTE,,,,0.000,PREVIEW_DEFAULT
263.6538,-39.1126,-33.0590,0.300,NORMAL,1,ROUTE,,,,0.000,PREVIEW_DEFAULT
263.7538,-39.0141,-33.0757,0.300,NORMAL,1,ROUTE,,,,0.000,PREVIEW_DEFAULT
263.8538,-38.9159,-33.0943,0.300,NORMAL,1,ROUTE,,,,0.000,PREVIEW_DEFAULT
263.9537,-38.8180,-33.1146,0.300,NORMAL,1,ROUTE,,,,0.000,PREVIEW_DEFAULT
264.0537,-38.7203,-33.1361,0.300,NORMAL,1,ROUTE,,,,0.000,PREVIEW_DEFAULT
264.1537,-38.6229,-33.1586,0.300,NORMAL,1,ROUTE,,,,0.000,PREVIEW_DEFAULT
264.2537,-38.5256,-33.1819,0.300,NORMAL,1,ROUTE,,,,0.000,PREVIEW_DEFAULT
264.3536,-38.4286,-33.2057,0.300,NORMAL,1,ROUTE,,,,0.000,PREVIEW_DEFAULT
264.4536,-38.3316,-33.2299,0.300,NORMAL,1,ROUTE,,,,0.000,PREVIEW_DEFAULT
264.5536,-38.2346,-33.2542,0.300,NORMAL,1,ROUTE,,,,0.000,PREVIEW_DEFAULT
264.6537,-38.1376,-33.2787,0.300,NORMAL,1,ROUTE,,,,0.000,PREVIEW_DEFAULT
264.7536,-38.0406,-33.3030,0.300,NORMAL,1,ROUTE,,,,0.000,PREVIEW_DEFAULT
264.8536,-37.9435,-33.3270,0.300,NORMAL,1,ROUTE,,,,0.000,PREVIEW_DEFAULT
264.9536,-37.8464,-33.3508,0.300,NORMAL,1,ROUTE,,,,0.000,PREVIEW_DEFAULT
265.0536,-37.7493,-33.3742,0.300,NORMAL,1,ROUTE,,,,0.000,PREVIEW_DEFAULT
265.1535,-37.6520,-33.3973,0.300,NORMAL,1,ROUTE,,,,0.000,PREVIEW_DEFAULT
265.2535,-37.5545,-33.4197,0.300,NORMAL,1,ROUTE,,,,0.000,PREVIEW_DEFAULT
265.3535,-37.4570,-33.4419,0.300,NORMAL,1,ROUTE,,,,0.000,PREVIEW_DEFAULT
265.4535,-37.3595,-33.4635,0.300,NORMAL,1,ROUTE,,,,0.000,PREVIEW_DEFAULT
265.5535,-37.2618,-33.4848,0.300,NORMAL,1,ROUTE,,,,0.000,PREVIEW_DEFAULT
265.6534,-37.1640,-33.5056,0.300,NORMAL,1,ROUTE,,,,0.000,PREVIEW_DEFAULT
265.7534,-37.0661,-33.5260,0.300,NORMAL,1,ROUTE,,,,0.000,PREVIEW_DEFAULT
265.8534,-36.9682,-33.5461,0.300,NORMAL,1,ROUTE,,,,0.000,PREVIEW_DEFAULT
265.9535,-36.8701,-33.5659,0.300,NORMAL,1,ROUTE,,,,0.000,PREVIEW_DEFAULT
266.0534,-36.7721,-33.5854,0.300,NORMAL,1,ROUTE,,,,0.000,PREVIEW_DEFAULT
266.1533,-36.6740,-33.6047,0.300,NORMAL,1,ROUTE,,,,0.000,PREVIEW_DEFAULT
266.2533,-36.5758,-33.6237,0.300,NORMAL,1,ROUTE,,,,0.000,PREVIEW_DEFAULT
266.3534,-36.4776,-33.6427,0.300,NORMAL,1,ROUTE,,,,0.000,PREVIEW_DEFAULT
266.4533,-36.3794,-33.6616,0.300,NORMAL,1,ROUTE,,,,0.000,PREVIEW_DEFAULT
266.5533,-36.2813,-33.6803,0.300,NORMAL,1,ROUTE,,,,0.000,PREVIEW_DEFAULT
266.6533,-36.1830,-33.6990,0.300,NORMAL,1,ROUTE,,,,0.000,PREVIEW_DEFAULT
266.7532,-36.0849,-33.7177,0.300,NORMAL,1,ROUTE,,,,0.000,PREVIEW_DEFAULT
266.8532,-35.9866,-33.7364,0.300,NORMAL,1,ROUTE,,,,0.000,PREVIEW_DEFAULT
266.9533,-35.8883,-33.7551,0.300,NORMAL,1,ROUTE,,,,0.000,PREVIEW_DEFAULT
267.0532,-35.7902,-33.7738,0.300,NORMAL,1,ROUTE,,,,0.000,PREVIEW_DEFAULT
267.1532,-35.6919,-33.7925,0.300,NORMAL,1,ROUTE,,,,0.000,PREVIEW_DEFAULT
267.2532,-35.5937,-33.8114,0.300,NORMAL,1,ROUTE,,,,0.000,PREVIEW_DEFAULT
267.3531,-35.4956,-33.8303,0.300,NORMAL,1,ROUTE,,,,0.000,PREVIEW_DEFAULT
267.4532,-35.3974,-33.8493,0.300,NORMAL,1,ROUTE,,,,0.000,PREVIEW_DEFAULT
267.5531,-35.2993,-33.8683,0.300,NORMAL,1,ROUTE,,,,0.000,PREVIEW_DEFAULT
267.6531,-35.2011,-33.8874,0.300,NORMAL,1,ROUTE,,,,0.000,PREVIEW_DEFAULT
267.7531,-35.1030,-33.9065,0.300,NORMAL,1,ROUTE,,,,0.000,PREVIEW_DEFAULT
267.8531,-35.0048,-33.9257,0.300,NORMAL,1,ROUTE,,,,0.000,PREVIEW_DEFAULT
267.9530,-34.9067,-33.9449,0.300,NORMAL,1,ROUTE,,,,0.000,PREVIEW_DEFAULT
268.0531,-34.8086,-33.9642,0.300,NORMAL,1,ROUTE,,,,0.000,PREVIEW_DEFAULT
268.1530,-34.7105,-33.9833,0.300,NORMAL,1,ROUTE,,,,0.000,PREVIEW_DEFAULT
268.2530,-34.6124,-34.0025,0.300,NORMAL,1,ROUTE,,,,0.000,PREVIEW_DEFAULT
268.3530,-34.5142,-34.0215,0.300,NORMAL,1,ROUTE,,,,0.000,PREVIEW_DEFAULT
268.4530,-34.4160,-34.0406,0.300,NORMAL,1,ROUTE,,,,0.000,PREVIEW_DEFAULT
268.5530,-34.3178,-34.0594,0.300,NORMAL,1,ROUTE,,,,0.000,PREVIEW_DEFAULT
268.6529,-34.2197,-34.0780,0.300,NORMAL,1,ROUTE,,,,0.000,PREVIEW_DEFAULT
268.7529,-34.1213,-34.0965,0.300,NORMAL,1,ROUTE,,,,0.000,PREVIEW_DEFAULT
268.8529,-34.0231,-34.1148,0.300,NORMAL,1,ROUTE,,,,0.000,PREVIEW_DEFAULT
268.9529,-33.9247,-34.1329,0.300,NORMAL,1,ROUTE,,,,0.000,PREVIEW_DEFAULT
269.0529,-33.8263,-34.1509,0.300,NORMAL,1,ROUTE,,,,0.000,PREVIEW_DEFAULT
269.1529,-33.7280,-34.1686,0.300,NORMAL,1,ROUTE,,,,0.000,PREVIEW_DEFAULT
269.2529,-33.6295,-34.1863,0.300,NORMAL,1,ROUTE,,,,0.000,PREVIEW_DEFAULT
269.3528,-33.5311,-34.2038,0.300,NORMAL,1,ROUTE,,,,0.000,PREVIEW_DEFAULT
269.4528,-33.4327,-34.2211,0.300,NORMAL,1,ROUTE,,,,0.000,PREVIEW_DEFAULT
269.5527,-33.3342,-34.2383,0.300,NORMAL,1,ROUTE,,,,0.000,PREVIEW_DEFAULT
269.6528,-33.2357,-34.2555,0.300,NORMAL,1,ROUTE,,,,0.000,PREVIEW_DEFAULT
269.7527,-33.1372,-34.2726,0.300,NORMAL,1,ROUTE,,,,0.000,PREVIEW_DEFAULT
269.8527,-33.0387,-34.2896,0.300,NORMAL,1,ROUTE,,,,0.000,PREVIEW_DEFAULT
269.9527,-32.9401,-34.3065,0.300,NORMAL,1,ROUTE,,,,0.000,PREVIEW_DEFAULT
270.0527,-32.8415,-34.3233,0.300,NORMAL,1,ROUTE,,,,0.000,PREVIEW_DEFAULT
270.1527,-32.7430,-34.3401,0.300,NORMAL,1,ROUTE,,,,0.000,PREVIEW_DEFAULT
270.2526,-32.6444,-34.3568,0.300,NORMAL,1,ROUTE,,,,0.000,PREVIEW_DEFAULT
270.3527,-32.5458,-34.3735,0.300,NORMAL,1,ROUTE,,,,0.000,PREVIEW_DEFAULT
270.4527,-32.4472,-34.3901,0.300,NORMAL,1,ROUTE,,,,0.000,PREVIEW_DEFAULT
270.5526,-32.3487,-34.4068,0.300,NORMAL,1,ROUTE,,,,0.000,PREVIEW_DEFAULT
270.6526,-32.2500,-34.4234,0.300,NORMAL,1,ROUTE,,,,0.000,PREVIEW_DEFAULT
270.7526,-32.1515,-34.4399,0.300,NORMAL,1,ROUTE,,,,0.000,PREVIEW_DEFAULT
270.8526,-32.0528,-34.4565,0.300,NORMAL,1,ROUTE,,,,0.000,PREVIEW_DEFAULT
270.9526,-31.9542,-34.4730,0.300,NORMAL,1,ROUTE,,,,0.000,PREVIEW_DEFAULT
271.0525,-31.8557,-34.4898,0.300,NORMAL,1,ROUTE,,,,0.000,PREVIEW_DEFAULT
271.1525,-31.7571,-34.5063,0.300,NORMAL,1,ROUTE,,,,0.000,PREVIEW_DEFAULT
271.2525,-31.6584,-34.5230,0.300,NORMAL,1,ROUTE,,,,0.000,PREVIEW_DEFAULT
271.3525,-31.5599,-34.5397,0.300,NORMAL,1,ROUTE,,,,0.000,PREVIEW_DEFAULT
271.4524,-31.4614,-34.5564,0.300,NORMAL,1,ROUTE,,,,0.000,PREVIEW_DEFAULT
271.5525,-31.3627,-34.5732,0.300,NORMAL,1,ROUTE,,,,0.000,PREVIEW_DEFAULT
271.6525,-31.2642,-34.5900,0.300,NORMAL,1,ROUTE,,,,0.000,PREVIEW_DEFAULT
271.7525,-31.1656,-34.6068,0.300,NORMAL,1,ROUTE,,,,0.000,PREVIEW_DEFAULT
271.8523,-31.0671,-34.6237,0.300,NORMAL,1,ROUTE,,,,0.000,PREVIEW_DEFAULT
271.9523,-30.9686,-34.6405,0.300,NORMAL,1,ROUTE,,,,0.000,PREVIEW_DEFAULT
272.0523,-30.8700,-34.6573,0.300,NORMAL,1,ROUTE,,,,0.000,PREVIEW_DEFAULT
272.1524,-30.7714,-34.6741,0.300,NORMAL,1,ROUTE,,,,0.000,PREVIEW_DEFAULT
272.2523,-30.6728,-34.6908,0.300,NORMAL,1,ROUTE,,,,0.000,PREVIEW_DEFAULT
272.3524,-30.5742,-34.7074,0.300,NORMAL,1,ROUTE,,,,0.000,PREVIEW_DEFAULT
272.4523,-30.4756,-34.7240,0.300,NORMAL,1,ROUTE,,,,0.000,PREVIEW_DEFAULT
272.5523,-30.3770,-34.7404,0.300,NORMAL,1,ROUTE,,,,0.000,PREVIEW_DEFAULT
272.6523,-30.2784,-34.7568,0.300,NORMAL,1,ROUTE,,,,0.000,PREVIEW_DEFAULT
272.7522,-30.1797,-34.7730,0.300,NORMAL,1,ROUTE,,,,0.000,PREVIEW_DEFAULT
272.8522,-30.0811,-34.7889,0.300,NORMAL,1,ROUTE,,,,0.000,PREVIEW_DEFAULT
272.9522,-29.9823,-34.8048,0.300,NORMAL,1,ROUTE,,,,0.000,PREVIEW_DEFAULT
273.0522,-29.8836,-34.8205,0.300,NORMAL,1,ROUTE,,,,0.000,PREVIEW_DEFAULT
273.1522,-29.7848,-34.8360,0.300,NORMAL,1,ROUTE,,,,0.000,PREVIEW_DEFAULT
273.2522,-29.6860,-34.8516,0.300,NORMAL,1,ROUTE,,,,0.000,PREVIEW_DEFAULT
273.3521,-29.5872,-34.8669,0.300,NORMAL,1,ROUTE,,,,0.000,PREVIEW_DEFAULT
273.4521,-29.4884,-34.8821,0.300,NORMAL,1,ROUTE,,,,0.000,PREVIEW_DEFAULT
273.5521,-29.3896,-34.8974,0.300,NORMAL,1,ROUTE,,,,0.000,PREVIEW_DEFAULT
273.6521,-29.2908,-34.9125,0.300,NORMAL,1,ROUTE,,,,0.000,PREVIEW_DEFAULT
273.7520,-29.1920,-34.9277,0.300,NORMAL,1,ROUTE,,,,0.000,PREVIEW_DEFAULT
273.8521,-29.0931,-34.9430,0.300,NORMAL,1,ROUTE,,,,0.000,PREVIEW_DEFAULT
273.9520,-28.9944,-34.9584,0.300,NORMAL,1,ROUTE,,,,0.000,PREVIEW_DEFAULT
274.0520,-28.8956,-34.9739,0.300,NORMAL,1,ROUTE,,,,0.000,PREVIEW_DEFAULT
274.1520,-28.7968,-34.9895,0.300,NORMAL,1,ROUTE,,,,0.000,PREVIEW_DEFAULT
274.2519,-28.6981,-35.0054,0.300,NORMAL,1,ROUTE,,,,0.000,PREVIEW_DEFAULT
274.3519,-28.5994,-35.0214,0.300,NORMAL,1,ROUTE,,,,0.000,PREVIEW_DEFAULT
274.4520,-28.5008,-35.0378,0.300,NORMAL,1,ROUTE,,,,0.000,PREVIEW_DEFAULT
274.5519,-28.4022,-35.0543,0.300,NORMAL,1,ROUTE,,,,0.000,PREVIEW_DEFAULT
274.6519,-28.3036,-35.0710,0.300,NORMAL,1,ROUTE,,,,0.000,PREVIEW_DEFAULT
274.7519,-28.2050,-35.0880,0.300,NORMAL,1,ROUTE,,,,0.000,PREVIEW_DEFAULT
274.8519,-28.1065,-35.1051,0.300,NORMAL,1,ROUTE,,,,0.000,PREVIEW_DEFAULT
274.9519,-28.0081,-35.1224,0.300,NORMAL,1,ROUTE,,,,0.000,PREVIEW_DEFAULT
275.0519,-27.9096,-35.1398,0.300,NORMAL,1,ROUTE,,,,0.000,PREVIEW_DEFAULT
275.1518,-27.8112,-35.1573,0.300,NORMAL,1,ROUTE,,,,0.000,PREVIEW_DEFAULT
275.2518,-27.7127,-35.1747,0.300,NORMAL,1,ROUTE,,,,0.000,PREVIEW_DEFAULT
275.3518,-27.6142,-35.1920,0.300,NORMAL,1,ROUTE,,,,0.000,PREVIEW_DEFAULT
275.4518,-27.5158,-35.2093,0.300,NORMAL,1,ROUTE,,,,0.000,PREVIEW_DEFAULT
275.5518,-27.4172,-35.2264,0.300,NORMAL,1,ROUTE,,,,0.000,PREVIEW_DEFAULT
275.6518,-27.3187,-35.2433,0.300,NORMAL,1,ROUTE,,,,0.000,PREVIEW_DEFAULT
275.7517,-27.2201,-35.2599,0.300,NORMAL,1,ROUTE,,,,0.000,PREVIEW_DEFAULT
275.8517,-27.1214,-35.2761,0.300,NORMAL,1,ROUTE,,,,0.000,PREVIEW_DEFAULT
275.9517,-27.0227,-35.2920,0.300,NORMAL,1,ROUTE,,,,0.000,PREVIEW_DEFAULT
276.0517,-26.9240,-35.3075,0.300,NORMAL,1,ROUTE,,,,0.000,PREVIEW_DEFAULT
276.1516,-26.8252,-35.3227,0.300,NORMAL,1,ROUTE,,,,0.000,PREVIEW_DEFAULT
276.2516,-26.7263,-35.3373,0.300,NORMAL,1,ROUTE,,,,0.000,PREVIEW_DEFAULT
276.3516,-26.6273,-35.3517,0.300,NORMAL,1,ROUTE,,,,0.000,PREVIEW_DEFAULT
276.4516,-26.5283,-35.3655,0.300,NORMAL,1,ROUTE,,,,0.000,PREVIEW_DEFAULT
276.5516,-26.4292,-35.3791,0.300,NORMAL,1,ROUTE,,,,0.000,PREVIEW_DEFAULT
276.6515,-26.3301,-35.3923,0.300,NORMAL,1,ROUTE,,,,0.000,PREVIEW_DEFAULT
276.7516,-26.2309,-35.4051,0.300,NORMAL,1,ROUTE,,,,0.000,PREVIEW_DEFAULT
276.8516,-26.1318,-35.4177,0.300,NORMAL,1,ROUTE,,,,0.000,PREVIEW_DEFAULT
276.9515,-26.0325,-35.4301,0.300,NORMAL,1,ROUTE,,,,0.000,PREVIEW_DEFAULT
277.0515,-25.9333,-35.4422,0.300,NORMAL,1,ROUTE,,,,0.000,PREVIEW_DEFAULT
277.1515,-25.8340,-35.4542,0.300,NORMAL,1,ROUTE,,,,0.000,PREVIEW_DEFAULT
277.2515,-25.7348,-35.4662,0.300,NORMAL,1,ROUTE,,,,0.000,PREVIEW_DEFAULT
277.3515,-25.6355,-35.4781,0.300,NORMAL,1,ROUTE,,,,0.000,PREVIEW_DEFAULT
277.4515,-25.5362,-35.4902,0.300,NORMAL,1,ROUTE,,,,0.000,PREVIEW_DEFAULT
277.5515,-25.4370,-35.5023,0.300,NORMAL,1,ROUTE,,,,0.000,PREVIEW_DEFAULT
277.6514,-25.3378,-35.5147,0.300,NORMAL,1,ROUTE,,,,0.000,PREVIEW_DEFAULT
277.7514,-25.2386,-35.5272,0.300,NORMAL,1,ROUTE,,,,0.000,PREVIEW_DEFAULT
277.8514,-25.1394,-35.5403,0.300,NORMAL,1,ROUTE,,,,0.000,PREVIEW_DEFAULT
277.9514,-25.0404,-35.5537,0.300,NORMAL,1,ROUTE,,,,0.000,PREVIEW_DEFAULT
278.0513,-24.9414,-35.5677,0.300,NORMAL,1,ROUTE,,,,0.000,PREVIEW_DEFAULT
278.1513,-24.8425,-35.5822,0.300,NORMAL,1,ROUTE,,,,0.000,PREVIEW_DEFAULT
278.2513,-24.7437,-35.5976,0.300,NORMAL,1,ROUTE,,,,0.000,PREVIEW_DEFAULT
278.3513,-24.6450,-35.6136,0.300,NORMAL,1,ROUTE,,,,0.000,PREVIEW_DEFAULT
278.4512,-24.5465,-35.6307,0.300,NORMAL,1,ROUTE,,,,0.000,PREVIEW_DEFAULT
278.5513,-24.4481,-35.6486,0.300,NORMAL,1,ROUTE,,,,0.000,PREVIEW_DEFAULT
278.6513,-24.3500,-35.6678,0.300,NORMAL,1,ROUTE,,,,0.000,PREVIEW_DEFAULT
278.7513,-24.2521,-35.6881,0.300,NORMAL,1,ROUTE,,,,0.000,PREVIEW_DEFAULT
278.8512,-24.1545,-35.7097,0.300,NORMAL,1,ROUTE,,,,0.000,PREVIEW_DEFAULT
278.9512,-24.0572,-35.7328,0.300,NORMAL,1,ROUTE,,,,0.000,PREVIEW_DEFAULT
279.0512,-23.9603,-35.7574,0.300,NORMAL,1,ROUTE,,,,0.000,PREVIEW_DEFAULT
279.1511,-23.8639,-35.7838,0.300,NORMAL,1,ROUTE,,,,0.000,PREVIEW_DEFAULT
279.2511,-23.7679,-35.8120,0.300,NORMAL,1,ROUTE,,,,0.000,PREVIEW_DEFAULT
279.3510,-23.6727,-35.8422,0.300,NORMAL,1,ROUTE,,,,0.000,PREVIEW_DEFAULT
279.4511,-23.5780,-35.8745,0.300,NORMAL,1,ROUTE,,,,0.000,PREVIEW_DEFAULT
279.5511,-23.4842,-35.9091,0.300,NORMAL,1,ROUTE,,,,0.000,PREVIEW_DEFAULT
279.6511,-23.3913,-35.9461,0.300,NORMAL,1,ROUTE,,,,0.000,PREVIEW_DEFAULT
279.7510,-23.2995,-35.9856,0.300,NORMAL,1,ROUTE,,,,0.000,PREVIEW_DEFAULT
279.8510,-23.2089,-36.0280,0.300,NORMAL,1,ROUTE,,,,0.000,PREVIEW_DEFAULT
279.9510,-23.1197,-36.0732,0.300,NORMAL,1,ROUTE,,,,0.000,PREVIEW_DEFAULT
280.0510,-23.0321,-36.1214,0.300,NORMAL,1,ROUTE,,,,0.000,PREVIEW_DEFAULT
280.1510,-22.9462,-36.1726,0.300,NORMAL,1,ROUTE,,,,0.000,PREVIEW_DEFAULT
280.2509,-22.8624,-36.2270,0.300,NORMAL,1,ROUTE,,,,0.000,PREVIEW_DEFAULT
280.3509,-22.7808,-36.2848,0.300,NORMAL,1,ROUTE,,,,0.000,PREVIEW_DEFAULT
280.4508,-22.7016,-36.3457,0.300,NORMAL,1,ROUTE,,,,0.000,PREVIEW_DEFAULT
280.5509,-22.6249,-36.4099,0.300,NORMAL,1,ROUTE,,,,0.000,PREVIEW_DEFAULT
280.6508,-22.5511,-36.4773,0.300,NORMAL,1,ROUTE,,,,0.000,PREVIEW_DEFAULT
280.7508,-22.4802,-36.5478,0.300,NORMAL,1,ROUTE,,,,0.000,PREVIEW_DEFAULT
280.8508,-22.4123,-36.6212,0.300,NORMAL,1,ROUTE,,,,0.000,PREVIEW_DEFAULT
280.9507,-22.3476,-36.6974,0.300,NORMAL,1,ROUTE,,,,0.000,PREVIEW_DEFAULT
281.0507,-22.2861,-36.7762,0.300,NORMAL,1,ROUTE,,,,0.000,PREVIEW_DEFAULT
281.1507,-22.2276,-36.8574,0.300,NORMAL,1,ROUTE,,,,0.000,PREVIEW_DEFAULT
281.2507,-22.1722,-36.9405,0.300,NORMAL,1,ROUTE,,,,0.000,PREVIEW_DEFAULT
281.3506,-22.1196,-37.0255,0.300,NORMAL,1,ROUTE,,,,0.000,PREVIEW_DEFAULT
281.4506,-22.0697,-37.1122,0.300,NORMAL,1,ROUTE,,,,0.000,PREVIEW_DEFAULT
281.5506,-22.0222,-37.2002,0.300,NORMAL,1,ROUTE,,,,0.000,PREVIEW_DEFAULT
281.6506,-21.9771,-37.2894,0.300,NORMAL,1,ROUTE,,,,0.000,PREVIEW_DEFAULT
281.7506,-21.9339,-37.3795,0.300,NORMAL,1,ROUTE,,,,0.000,PREVIEW_DEFAULT
281.8505,-21.8925,-37.4705,0.300,NORMAL,1,ROUTE,,,,0.000,PREVIEW_DEFAULT
281.9505,-21.8524,-37.5622,0.300,NORMAL,1,ROUTE,,,,0.000,PREVIEW_DEFAULT
282.0506,-21.8136,-37.6543,0.300,NORMAL,1,ROUTE,,,,0.000,PREVIEW_DEFAULT
282.1505,-21.7757,-37.7468,0.300,NORMAL,1,ROUTE,,,,0.000,PREVIEW_DEFAULT
282.2505,-21.7386,-37.8397,0.300,NORMAL,1,ROUTE,,,,0.000,PREVIEW_DEFAULT
282.3505,-21.7019,-37.9327,0.300,NORMAL,1,ROUTE,,,,0.000,PREVIEW_DEFAULT
282.4505,-21.6654,-38.0258,0.300,NORMAL,1,ROUTE,,,,0.000,PREVIEW_DEFAULT
282.5505,-21.6292,-38.1190,0.300,NORMAL,1,ROUTE,,,,0.000,PREVIEW_DEFAULT
282.6505,-21.5928,-38.2121,0.300,NORMAL,1,ROUTE,,,,0.000,PREVIEW_DEFAULT
282.7504,-21.5562,-38.3051,0.300,NORMAL,1,ROUTE,,,,0.000,PREVIEW_DEFAULT
282.8504,-21.5195,-38.3982,0.300,NORMAL,1,ROUTE,,,,0.000,PREVIEW_DEFAULT
282.9504,-21.4823,-38.4909,0.300,NORMAL,1,ROUTE,,,,0.000,PREVIEW_DEFAULT
283.0503,-21.4449,-38.5836,0.300,NORMAL,1,ROUTE,,,,0.000,PREVIEW_DEFAULT
283.1504,-21.4071,-38.6763,0.300,NORMAL,1,ROUTE,,,,0.000,PREVIEW_DEFAULT
283.2504,-21.3690,-38.7687,0.300,NORMAL,1,ROUTE,,,,0.000,PREVIEW_DEFAULT
283.3503,-21.3306,-38.8610,0.300,NORMAL,1,ROUTE,,,,0.000,PREVIEW_DEFAULT
283.4503,-21.2920,-38.9532,0.300,NORMAL,1,ROUTE,,,,0.000,PREVIEW_DEFAULT
283.5503,-21.2533,-39.0455,0.300,NORMAL,1,ROUTE,,,,0.000,PREVIEW_DEFAULT
283.6502,-21.2147,-39.1376,0.300,NORMAL,1,ROUTE,,,,0.000,PREVIEW_DEFAULT
283.7503,-21.1763,-39.2300,0.300,NORMAL,1,ROUTE,,,,0.000,PREVIEW_DEFAULT
283.8503,-21.1382,-39.3224,0.300,NORMAL,1,ROUTE,,,,0.000,PREVIEW_DEFAULT
283.9502,-21.1006,-39.4150,0.300,NORMAL,1,ROUTE,,,,0.000,PREVIEW_DEFAULT
284.0502,-21.0638,-39.5080,0.300,NORMAL,1,ROUTE,,,,0.000,PREVIEW_DEFAULT
284.1502,-21.0280,-39.6014,0.300,NORMAL,1,ROUTE,,,,0.000,PREVIEW_DEFAULT
284.2501,-20.9935,-39.6952,0.300,NORMAL,1,ROUTE,,,,0.000,PREVIEW_DEFAULT
284.3501,-20.9604,-39.7895,0.300,NORMAL,1,ROUTE,,,,0.000,PREVIEW_DEFAULT
284.4502,-20.9290,-39.8845,0.300,NORMAL,1,ROUTE,,,,0.000,PREVIEW_DEFAULT
284.5501,-20.8997,-39.9800,0.300,NORMAL,1,ROUTE,,,,0.000,PREVIEW_DEFAULT
284.6500,-20.8728,-40.0763,0.300,NORMAL,1,ROUTE,,,,0.000,PREVIEW_DEFAULT
284.7501,-20.8483,-40.1733,0.300,NORMAL,1,ROUTE,,,,0.000,PREVIEW_DEFAULT
284.8501,-20.8269,-40.2710,0.300,NORMAL,1,ROUTE,,,,0.000,PREVIEW_DEFAULT
284.8660,-20.8239,-40.2866,0.300,PERP_PARK,1,T_PARK,T_PARK_START,ENTER_ZONE,,0.000,PREVIEW_DEFAULT
284.9500,-20.8090,-40.3693,0.300,PERP_PARK,1,T_PARK,,,,0.000,PREVIEW_DEFAULT
285.0500,-20.7943,-40.4682,0.300,PERP_PARK,1,T_PARK,,,,0.000,PREVIEW_DEFAULT
285.1500,-20.7827,-40.5675,0.300,PERP_PARK,1,T_PARK,,,,0.000,PREVIEW_DEFAULT
285.2499,-20.7739,-40.6671,0.300,PERP_PARK,1,T_PARK,,,,0.000,PREVIEW_DEFAULT
285.3499,-20.7677,-40.7669,0.300,PERP_PARK,1,T_PARK,,,,0.000,PREVIEW_DEFAULT
285.4499,-20.7639,-40.8667,0.300,PERP_PARK,1,T_PARK,,,,0.000,PREVIEW_DEFAULT
285.5499,-20.7625,-40.9668,0.300,PERP_PARK,1,T_PARK,,,,0.000,PREVIEW_DEFAULT
285.6498,-20.7631,-41.0667,0.300,PERP_PARK,1,T_PARK,,,,0.000,PREVIEW_DEFAULT
285.7499,-20.7657,-41.1667,0.300,PERP_PARK,1,T_PARK,,,,0.000,PREVIEW_DEFAULT
285.8499,-20.7700,-41.2666,0.300,PERP_PARK,1,T_PARK,,,,0.000,PREVIEW_DEFAULT
285.9498,-20.7760,-41.3663,0.300,PERP_PARK,1,T_PARK,,,,0.000,PREVIEW_DEFAULT
286.0498,-20.7833,-41.4661,0.300,PERP_PARK,1,T_PARK,,,,0.000,PREVIEW_DEFAULT
286.1498,-20.7920,-41.5657,0.300,PERP_PARK,1,T_PARK,,,,0.000,PREVIEW_DEFAULT
286.2498,-20.8018,-41.6652,0.300,PERP_PARK,1,T_PARK,,,,0.000,PREVIEW_DEFAULT
286.3498,-20.8127,-41.7646,0.300,PERP_PARK,1,T_PARK,,,,0.000,PREVIEW_DEFAULT
286.4498,-20.8245,-41.8639,0.300,PERP_PARK,1,T_PARK,,,,0.000,PREVIEW_DEFAULT
286.5497,-20.8372,-41.9631,0.300,PERP_PARK,1,T_PARK,,,,0.000,PREVIEW_DEFAULT
286.6496,-20.8505,-42.0621,0.300,PERP_PARK,1,T_PARK,,,,0.000,PREVIEW_DEFAULT
286.7497,-20.8646,-42.1611,0.300,PERP_PARK,1,T_PARK,,,,0.000,PREVIEW_DEFAULT
286.8497,-20.8791,-42.2600,0.300,PERP_PARK,1,T_PARK,,,,0.000,PREVIEW_DEFAULT
286.9496,-20.8943,-42.3588,0.300,PERP_PARK,1,T_PARK,,,,0.000,PREVIEW_DEFAULT
287.0496,-20.9098,-42.4576,0.300,PERP_PARK,1,T_PARK,,,,0.000,PREVIEW_DEFAULT
287.1496,-20.9256,-42.5564,0.300,PERP_PARK,1,T_PARK,,,,0.000,PREVIEW_DEFAULT
287.2496,-20.9419,-42.6550,0.300,PERP_PARK,1,T_PARK,,,,0.000,PREVIEW_DEFAULT
287.3496,-20.9584,-42.7536,0.300,PERP_PARK,1,T_PARK,,,,0.000,PREVIEW_DEFAULT
287.4495,-20.9751,-42.8521,0.300,PERP_PARK,1,T_PARK,,,,0.000,PREVIEW_DEFAULT
287.5496,-20.9921,-42.9507,0.300,PERP_PARK,1,T_PARK,,,,0.000,PREVIEW_DEFAULT
287.6496,-21.0092,-43.0493,0.300,PERP_PARK,1,T_PARK,,,,0.000,PREVIEW_DEFAULT
287.7495,-21.0265,-43.1477,0.300,PERP_PARK,1,T_PARK,,,,0.000,PREVIEW_DEFAULT
287.8494,-21.0439,-43.2461,0.300,PERP_PARK,1,T_PARK,,,,0.000,PREVIEW_DEFAULT
287.9495,-21.0614,-43.3446,0.300,PERP_PARK,1,T_PARK,,,,0.000,PREVIEW_DEFAULT
288.0495,-21.0791,-43.4431,0.300,PERP_PARK,1,T_PARK,,,,0.000,PREVIEW_DEFAULT
288.1494,-21.0968,-43.5414,0.300,PERP_PARK,1,T_PARK,,,,0.000,PREVIEW_DEFAULT
288.2495,-21.1145,-43.6399,0.300,PERP_PARK,1,T_PARK,,,,0.000,PREVIEW_DEFAULT
288.3494,-21.1323,-43.7382,0.300,PERP_PARK,1,T_PARK,,,,0.000,PREVIEW_DEFAULT
288.4494,-21.1501,-43.8366,0.300,PERP_PARK,1,T_PARK,,,,0.000,PREVIEW_DEFAULT
288.5494,-21.1679,-43.9350,0.300,PERP_PARK,1,T_PARK,,,,0.000,PREVIEW_DEFAULT
288.6494,-21.1858,-44.0333,0.300,PERP_PARK,1,T_PARK,,,,0.000,PREVIEW_DEFAULT
288.7493,-21.2036,-44.1317,0.300,PERP_PARK,1,T_PARK,,,,0.000,PREVIEW_DEFAULT
288.8493,-21.2213,-44.2301,0.300,PERP_PARK,1,T_PARK,,,,0.000,PREVIEW_DEFAULT
288.9493,-21.2391,-44.3285,0.300,PERP_PARK,1,T_PARK,,,,0.000,PREVIEW_DEFAULT
289.0493,-21.2568,-44.4269,0.300,PERP_PARK,1,T_PARK,,,,0.000,PREVIEW_DEFAULT
289.1493,-21.2745,-44.5253,0.300,PERP_PARK,1,T_PARK,,,,0.000,PREVIEW_DEFAULT
289.2493,-21.2920,-44.6237,0.300,PERP_PARK,1,T_PARK,,,,0.000,PREVIEW_DEFAULT
289.3492,-21.3096,-44.7222,0.300,PERP_PARK,1,T_PARK,,,,0.000,PREVIEW_DEFAULT
289.4492,-21.3272,-44.8206,0.300,PERP_PARK,1,T_PARK,,,,0.000,PREVIEW_DEFAULT
289.5492,-21.3446,-44.9191,0.300,PERP_PARK,1,T_PARK,,,,0.000,PREVIEW_DEFAULT
289.6492,-21.3619,-45.0175,0.300,PERP_PARK,1,T_PARK,,,,0.000,PREVIEW_DEFAULT
289.7491,-21.3792,-45.1160,0.300,PERP_PARK,1,T_PARK,,,,0.000,PREVIEW_DEFAULT
289.8492,-21.3964,-45.2145,0.300,PERP_PARK,1,T_PARK,,,,0.000,PREVIEW_DEFAULT
289.9491,-21.4134,-45.3130,0.300,PERP_PARK,1,T_PARK,,,,0.000,PREVIEW_DEFAULT
290.0491,-21.4304,-45.4115,0.300,PERP_PARK,1,T_PARK,,,,0.000,PREVIEW_DEFAULT
290.1491,-21.4473,-45.5101,0.300,PERP_PARK,1,T_PARK,,,,0.000,PREVIEW_DEFAULT
290.2491,-21.4642,-45.6086,0.300,PERP_PARK,1,T_PARK,,,,0.000,PREVIEW_DEFAULT
290.3491,-21.4809,-45.7072,0.300,PERP_PARK,1,T_PARK,,,,0.000,PREVIEW_DEFAULT
290.4490,-21.4976,-45.8058,0.300,PERP_PARK,1,T_PARK,,,,0.000,PREVIEW_DEFAULT
290.5490,-21.5142,-45.9044,0.300,PERP_PARK,1,T_PARK,,,,0.000,PREVIEW_DEFAULT
290.6490,-21.5307,-46.0030,0.300,PERP_PARK,1,T_PARK,,,,0.000,PREVIEW_DEFAULT
290.7490,-21.5471,-46.1016,0.300,PERP_PARK,1,T_PARK,,,,0.000,PREVIEW_DEFAULT
290.8490,-21.5635,-46.2003,0.300,PERP_PARK,1,T_PARK,,,,0.000,PREVIEW_DEFAULT
290.9490,-21.5797,-46.2990,0.300,PERP_PARK,1,T_PARK,,,,0.000,PREVIEW_DEFAULT
291.0489,-21.5959,-46.3976,0.300,PERP_PARK,1,T_PARK,,,,0.000,PREVIEW_DEFAULT
291.1489,-21.6120,-46.4963,0.300,PERP_PARK,1,T_PARK,,,,0.000,PREVIEW_DEFAULT
291.2489,-21.6280,-46.5950,0.300,PERP_PARK,1,T_PARK,,,,0.000,PREVIEW_DEFAULT
291.3489,-21.6440,-46.6937,0.300,PERP_PARK,1,T_PARK,,,,0.000,PREVIEW_DEFAULT
291.4488,-21.6598,-46.7923,0.300,PERP_PARK,1,T_PARK,,,,0.000,PREVIEW_DEFAULT
291.5488,-21.6757,-46.8911,0.300,PERP_PARK,1,T_PARK,,,,0.000,PREVIEW_DEFAULT
291.6488,-21.6914,-46.9898,0.300,PERP_PARK,1,T_PARK,,,,0.000,PREVIEW_DEFAULT
291.7488,-21.7072,-47.0885,0.300,PERP_PARK,1,T_PARK,,,,0.000,PREVIEW_DEFAULT
291.8488,-21.7228,-47.1873,0.300,PERP_PARK,1,T_PARK,,,,0.000,PREVIEW_DEFAULT
291.9487,-21.7383,-47.2860,0.300,PERP_PARK,1,T_PARK,,,,0.000,PREVIEW_DEFAULT
292.0487,-21.7539,-47.3848,0.300,PERP_PARK,1,T_PARK,,,,0.000,PREVIEW_DEFAULT
292.1487,-21.7694,-47.4836,0.300,PERP_PARK,1,T_PARK,,,,0.000,PREVIEW_DEFAULT
292.2487,-21.7848,-47.5824,0.300,PERP_PARK,1,T_PARK,,,,0.000,PREVIEW_DEFAULT
292.3488,-21.8002,-47.6812,0.300,PERP_PARK,1,T_PARK,,,,0.000,PREVIEW_DEFAULT
292.4487,-21.8156,-47.7800,0.300,PERP_PARK,1,T_PARK,,,,0.000,PREVIEW_DEFAULT
292.5487,-21.8308,-47.8788,0.300,PERP_PARK,1,T_PARK,,,,0.000,PREVIEW_DEFAULT
292.6487,-21.8461,-47.9776,0.300,PERP_PARK,1,T_PARK,,,,0.000,PREVIEW_DEFAULT
292.7487,-21.8613,-48.0765,0.300,PERP_PARK,1,T_PARK,,,,0.000,PREVIEW_DEFAULT
292.8486,-21.8764,-48.1753,0.300,PERP_PARK,1,T_PARK,,,,0.000,PREVIEW_DEFAULT
292.9486,-21.8916,-48.2741,0.300,PERP_PARK,1,T_PARK,,,,0.000,PREVIEW_DEFAULT
293.0486,-21.9067,-48.3730,0.300,PERP_PARK,1,T_PARK,,,,0.000,PREVIEW_DEFAULT
293.1485,-21.9217,-48.4717,0.300,PERP_PARK,1,T_PARK,,,,0.000,PREVIEW_DEFAULT
293.2486,-21.9368,-48.5706,0.300,PERP_PARK,1,T_PARK,,,,0.000,PREVIEW_DEFAULT
293.3486,-21.9518,-48.6695,0.300,PERP_PARK,1,T_PARK,,,,0.000,PREVIEW_DEFAULT
293.4485,-21.9668,-48.7683,0.300,PERP_PARK,1,T_PARK,,,,0.000,PREVIEW_DEFAULT
293.5485,-21.9818,-48.8672,0.300,PERP_PARK,1,T_PARK,,,,0.000,PREVIEW_DEFAULT
293.6485,-21.9967,-48.9660,0.300,PERP_PARK,1,T_PARK,,,,0.000,PREVIEW_DEFAULT
293.7484,-22.0116,-49.0649,0.300,PERP_PARK,1,T_PARK,,,,0.000,PREVIEW_DEFAULT
293.8484,-22.0266,-49.1637,0.300,PERP_PARK,1,T_PARK,,,,0.000,PREVIEW_DEFAULT
293.9484,-22.0415,-49.2626,0.300,PERP_PARK,1,T_PARK,,,,0.000,PREVIEW_DEFAULT
294.0485,-22.0564,-49.3615,0.300,PERP_PARK,1,T_PARK,,,,0.000,PREVIEW_DEFAULT
294.1484,-22.0712,-49.4604,0.300,PERP_PARK,1,T_PARK,,,,0.000,PREVIEW_DEFAULT
294.2484,-22.0861,-49.5592,0.300,PERP_PARK,1,T_PARK,,,,0.000,PREVIEW_DEFAULT
294.3483,-22.1010,-49.6581,0.300,PERP_PARK,1,T_PARK,,,,0.000,PREVIEW_DEFAULT
294.4484,-22.1157,-49.7570,0.300,PERP_PARK,1,T_PARK,,,,0.000,PREVIEW_DEFAULT
294.5483,-22.1306,-49.8559,0.300,PERP_PARK,1,T_PARK,,,,0.000,PREVIEW_DEFAULT
294.6483,-22.1454,-49.9547,0.300,PERP_PARK,1,T_PARK,,,,0.000,PREVIEW_DEFAULT
294.7483,-22.1603,-50.0536,0.300,PERP_PARK,1,T_PARK,,,,0.000,PREVIEW_DEFAULT
294.8483,-22.1751,-50.1525,0.300,PERP_PARK,1,T_PARK,,,,0.000,PREVIEW_DEFAULT
294.9482,-22.1900,-50.2513,0.300,PERP_PARK,1,T_PARK,,,,0.000,PREVIEW_DEFAULT
295.0483,-22.2049,-50.3503,0.300,PERP_PARK,1,T_PARK,,,,0.000,PREVIEW_DEFAULT
295.1482,-22.2197,-50.4491,0.300,PERP_PARK,1,T_PARK,,,,0.000,PREVIEW_DEFAULT
295.2482,-22.2346,-50.5480,0.300,PERP_PARK,1,T_PARK,,,,0.000,PREVIEW_DEFAULT
295.3482,-22.2495,-50.6468,0.300,PERP_PARK,1,T_PARK,,,,0.000,PREVIEW_DEFAULT
295.4482,-22.2643,-50.7458,0.300,PERP_PARK,1,T_PARK,,,,0.000,PREVIEW_DEFAULT
295.5482,-22.2792,-50.8446,0.300,PERP_PARK,1,T_PARK,,,,0.000,PREVIEW_DEFAULT
295.6482,-22.2942,-50.9435,0.300,PERP_PARK,1,T_PARK,,,,0.000,PREVIEW_DEFAULT
295.7482,-22.3091,-51.0423,0.300,PERP_PARK,1,T_PARK,,,,0.000,PREVIEW_DEFAULT
295.8481,-22.3241,-51.1411,0.300,PERP_PARK,1,T_PARK,,,,0.000,PREVIEW_DEFAULT
295.9481,-22.3391,-51.2400,0.300,PERP_PARK,1,T_PARK,,,,0.000,PREVIEW_DEFAULT
296.0481,-22.3541,-51.3389,0.300,PERP_PARK,1,T_PARK,,,,0.000,PREVIEW_DEFAULT
296.1480,-22.3692,-51.4377,0.300,PERP_PARK,1,T_PARK,,,,0.000,PREVIEW_DEFAULT
296.2480,-22.3842,-51.5365,0.300,PERP_PARK,1,T_PARK,,,,0.000,PREVIEW_DEFAULT
296.3480,-22.3993,-51.6353,0.300,PERP_PARK,1,T_PARK,,,,0.000,PREVIEW_DEFAULT
296.4481,-22.4145,-51.7343,0.300,PERP_PARK,1,T_PARK,,,,0.000,PREVIEW_DEFAULT
296.5480,-22.4296,-51.8330,0.300,PERP_PARK,1,T_PARK,,,,0.000,PREVIEW_DEFAULT
296.6480,-22.4449,-51.9319,0.300,PERP_PARK,1,T_PARK,,,,0.000,PREVIEW_DEFAULT
296.7480,-22.4602,-52.0307,0.300,PERP_PARK,1,T_PARK,,,,0.000,PREVIEW_DEFAULT
296.8479,-22.4755,-52.1295,0.300,PERP_PARK,1,T_PARK,,,,0.000,PREVIEW_DEFAULT
296.9480,-22.4908,-52.2283,0.300,PERP_PARK,1,T_PARK,,,,0.000,PREVIEW_DEFAULT
297.0479,-22.5061,-52.3270,0.300,PERP_PARK,1,T_PARK,,,,0.000,PREVIEW_DEFAULT
297.1479,-22.5216,-52.4258,0.300,PERP_PARK,1,T_PARK,,,,0.000,PREVIEW_DEFAULT
297.2479,-22.5371,-52.5246,0.300,PERP_PARK,1,T_PARK,,,,0.000,PREVIEW_DEFAULT
297.3479,-22.5526,-52.6234,0.300,PERP_PARK,1,T_PARK,,,,0.000,PREVIEW_DEFAULT
297.4479,-22.5681,-52.7222,0.300,PERP_PARK,1,T_PARK,,,,0.000,PREVIEW_DEFAULT
297.5478,-22.5838,-52.8209,0.300,PERP_PARK,1,T_PARK,,,,0.000,PREVIEW_DEFAULT
297.6479,-22.5995,-52.9197,0.300,PERP_PARK,1,T_PARK,,,,0.000,PREVIEW_DEFAULT
297.7478,-22.6152,-53.0184,0.300,PERP_PARK,1,T_PARK,,,,0.000,PREVIEW_DEFAULT
297.8477,-22.6310,-53.1171,0.300,PERP_PARK,1,T_PARK,,,,0.000,PREVIEW_DEFAULT
297.9478,-22.6469,-53.2158,0.300,PERP_PARK,1,T_PARK,,,,0.000,PREVIEW_DEFAULT
298.0477,-22.6628,-53.3145,0.300,PERP_PARK,1,T_PARK,,,,0.000,PREVIEW_DEFAULT
298.1477,-22.6789,-53.4132,0.300,PERP_PARK,1,T_PARK,,,,0.000,PREVIEW_DEFAULT
298.2477,-22.6949,-53.5119,0.300,PERP_PARK,1,T_PARK,,,,0.000,PREVIEW_DEFAULT
298.3477,-22.7110,-53.6106,0.300,PERP_PARK,1,T_PARK,,,,0.000,PREVIEW_DEFAULT
298.4477,-22.7273,-53.7092,0.300,PERP_PARK,1,T_PARK,,,,0.000,PREVIEW_DEFAULT
298.5477,-22.7435,-53.8079,0.300,PERP_PARK,1,T_PARK,,,,0.000,PREVIEW_DEFAULT
298.6476,-22.7598,-53.9065,0.300,PERP_PARK,1,T_PARK,,,,0.000,PREVIEW_DEFAULT
298.7476,-22.7763,-54.0051,0.300,PERP_PARK,1,T_PARK,,,,0.000,PREVIEW_DEFAULT
298.8476,-22.7928,-54.1038,0.300,PERP_PARK,1,T_PARK,,,,0.000,PREVIEW_DEFAULT
298.9476,-22.8094,-54.2023,0.300,PERP_PARK,1,T_PARK,,,,0.000,PREVIEW_DEFAULT
299.0476,-22.8261,-54.3010,0.300,PERP_PARK,1,T_PARK,,,,0.000,PREVIEW_DEFAULT
299.1475,-22.8428,-54.3995,0.300,PERP_PARK,1,T_PARK,,,,0.000,PREVIEW_DEFAULT
299.2476,-22.8597,-54.4981,0.300,PERP_PARK,1,T_PARK,,,,0.000,PREVIEW_DEFAULT
299.3476,-22.8766,-54.5967,0.300,PERP_PARK,1,T_PARK,,,,0.000,PREVIEW_DEFAULT
299.4475,-22.8936,-54.6952,0.300,PERP_PARK,1,T_PARK,,,,0.000,PREVIEW_DEFAULT
299.5475,-22.9107,-54.7937,0.300,PERP_PARK,1,T_PARK,,,,0.000,PREVIEW_DEFAULT
299.6475,-22.9279,-54.8921,0.300,PERP_PARK,1,T_PARK,,,,0.000,PREVIEW_DEFAULT
299.7475,-22.9453,-54.9906,0.300,PERP_PARK,1,T_PARK,,,,0.000,PREVIEW_DEFAULT
299.8475,-22.9627,-55.0891,0.300,PERP_PARK,1,T_PARK,,,,0.000,PREVIEW_DEFAULT
299.9474,-22.9802,-55.1875,0.300,PERP_PARK,1,T_PARK,,,,0.000,PREVIEW_DEFAULT
300.0474,-22.9978,-55.2859,0.300,PERP_PARK,1,T_PARK,,,,0.000,PREVIEW_DEFAULT
300.1474,-23.0156,-55.3843,0.300,PERP_PARK,1,T_PARK,,,,0.000,PREVIEW_DEFAULT
300.2474,-23.0335,-55.4827,0.300,PERP_PARK,1,T_PARK,,,,0.000,PREVIEW_DEFAULT
300.3474,-23.0513,-55.5811,0.300,PERP_PARK,1,T_PARK,,,,0.000,PREVIEW_DEFAULT
300.4473,-23.0694,-55.6794,0.300,PERP_PARK,1,T_PARK,,,,0.000,PREVIEW_DEFAULT
300.5473,-23.0877,-55.7777,0.300,PERP_PARK,1,T_PARK,,,,0.000,PREVIEW_DEFAULT
300.6473,-23.1060,-55.8759,0.300,PERP_PARK,1,T_PARK,,,,0.000,PREVIEW_DEFAULT
300.7473,-23.1244,-55.9742,0.300,PERP_PARK,1,T_PARK,,,,0.000,PREVIEW_DEFAULT
300.8473,-23.1430,-56.0725,0.300,PERP_PARK,1,T_PARK,,,,0.000,PREVIEW_DEFAULT
300.9473,-23.1616,-56.1707,0.300,PERP_PARK,1,T_PARK,,,,0.000,PREVIEW_DEFAULT
301.0472,-23.1805,-56.2689,0.300,PERP_PARK,1,T_PARK,,,,0.000,PREVIEW_DEFAULT
301.1472,-23.1995,-56.3670,0.300,PERP_PARK,1,T_PARK,,,,0.000,PREVIEW_DEFAULT
301.2472,-23.2186,-56.4652,0.300,PERP_PARK,1,T_PARK,,,,0.000,PREVIEW_DEFAULT
301.3472,-23.2378,-56.5633,0.300,PERP_PARK,1,T_PARK,,,,0.000,PREVIEW_DEFAULT
301.4472,-23.2572,-56.6614,0.300,PERP_PARK,1,T_PARK,,,,0.000,PREVIEW_DEFAULT
301.5471,-23.2767,-56.7595,0.300,PERP_PARK,1,T_PARK,,,,0.000,PREVIEW_DEFAULT
301.6472,-23.2964,-56.8575,0.300,PERP_PARK,1,T_PARK,,,,0.000,PREVIEW_DEFAULT
301.7471,-23.3162,-56.9555,0.300,PERP_PARK,1,T_PARK,,,,0.000,PREVIEW_DEFAULT
301.8471,-23.3361,-57.0534,0.300,PERP_PARK,1,T_PARK,,,,0.000,PREVIEW_DEFAULT
301.9471,-23.3562,-57.1514,0.300,PERP_PARK,1,T_PARK,,,,0.000,PREVIEW_DEFAULT
302.0471,-23.3763,-57.2494,0.300,PERP_PARK,1,T_PARK,,,,0.000,PREVIEW_DEFAULT
302.1470,-23.3966,-57.3473,0.300,PERP_PARK,1,T_PARK,,,,0.000,PREVIEW_DEFAULT
302.2470,-23.4171,-57.4451,0.300,PERP_PARK,1,T_PARK,,,,0.000,PREVIEW_DEFAULT
302.3470,-23.4376,-57.5429,0.300,PERP_PARK,1,T_PARK,,,,0.000,PREVIEW_DEFAULT
302.4470,-23.4583,-57.6408,0.300,PERP_PARK,1,T_PARK,,,,0.000,PREVIEW_DEFAULT
302.5470,-23.4790,-57.7386,0.300,PERP_PARK,1,T_PARK,,,,0.000,PREVIEW_DEFAULT
302.6470,-23.4999,-57.8364,0.300,PERP_PARK,1,T_PARK,,,,0.000,PREVIEW_DEFAULT
302.7470,-23.5209,-57.9342,0.300,PERP_PARK,1,T_PARK,,,,0.000,PREVIEW_DEFAULT
302.8469,-23.5418,-58.0319,0.300,PERP_PARK,1,T_PARK,,,,0.000,PREVIEW_DEFAULT
302.9469,-23.5629,-58.1297,0.300,PERP_PARK,1,T_PARK,,,,0.000,PREVIEW_DEFAULT
303.0469,-23.5841,-58.2274,0.300,PERP_PARK,1,T_PARK,,,,0.000,PREVIEW_DEFAULT
303.1469,-23.6052,-58.3251,0.300,PERP_PARK,1,T_PARK,,,,0.000,PREVIEW_DEFAULT
303.2469,-23.6264,-58.4228,0.300,PERP_PARK,-1,T_PARK,T1_FORWARD_TO_REVERSE,SET_REVERSE,,0.000,T1_FORWARD_TO_REVERSE
303.3464,-23.5762,-58.3368,0.300,PERP_PARK,-1,T_PARK,,,,0.000,T1_FORWARD_TO_REVERSE
303.4460,-23.5275,-58.2500,0.300,PERP_PARK,-1,T_PARK,,,,0.000,T1_FORWARD_TO_REVERSE
303.5455,-23.4816,-58.1617,0.300,PERP_PARK,-1,T_PARK,,,,0.000,T1_FORWARD_TO_REVERSE
303.6451,-23.4383,-58.0720,0.300,PERP_PARK,-1,T_PARK,,,,0.000,T1_FORWARD_TO_REVERSE
303.7447,-23.3971,-57.9813,0.300,PERP_PARK,-1,T_PARK,,,,0.000,T1_FORWARD_TO_REVERSE
303.8442,-23.3578,-57.8899,0.300,PERP_PARK,-1,T_PARK,,,,0.000,T1_FORWARD_TO_REVERSE
303.9438,-23.3205,-57.7976,0.300,PERP_PARK,-1,T_PARK,,,,0.000,T1_FORWARD_TO_REVERSE
304.0433,-23.2848,-57.7046,0.300,PERP_PARK,-1,T_PARK,,,,0.000,T1_FORWARD_TO_REVERSE
304.1429,-23.2501,-57.6113,0.300,PERP_PARK,-1,T_PARK,,,,0.000,T1_FORWARD_TO_REVERSE
304.2425,-23.2161,-57.5177,0.300,PERP_PARK,-1,T_PARK,,,,0.000,T1_FORWARD_TO_REVERSE
304.3420,-23.1830,-57.4238,0.300,PERP_PARK,-1,T_PARK,,,,0.000,T1_FORWARD_TO_REVERSE
304.4416,-23.1503,-57.3298,0.300,PERP_PARK,-1,T_PARK,,,,0.000,T1_FORWARD_TO_REVERSE
304.5411,-23.1176,-57.2358,0.300,PERP_PARK,-1,T_PARK,,,,0.000,T1_FORWARD_TO_REVERSE
304.6408,-23.0849,-57.1417,0.300,PERP_PARK,-1,T_PARK,,,,0.000,T1_FORWARD_TO_REVERSE
304.7403,-23.0519,-57.0478,0.300,PERP_PARK,-1,T_PARK,,,,0.000,T1_FORWARD_TO_REVERSE
304.8398,-23.0183,-56.9541,0.300,PERP_PARK,-1,T_PARK,,,,0.000,T1_FORWARD_TO_REVERSE
304.9394,-22.9840,-56.8606,0.300,PERP_PARK,-1,T_PARK,,,,0.000,T1_FORWARD_TO_REVERSE
305.0389,-22.9486,-56.7676,0.300,PERP_PARK,-1,T_PARK,,,,0.000,T1_FORWARD_TO_REVERSE
305.1386,-22.9118,-56.6750,0.300,PERP_PARK,-1,T_PARK,,,,0.000,T1_FORWARD_TO_REVERSE
305.2381,-22.8740,-56.5829,0.300,PERP_PARK,-1,T_PARK,,,,0.000,T1_FORWARD_TO_REVERSE
305.3376,-22.8352,-56.4913,0.300,PERP_PARK,-1,T_PARK,,,,0.000,T1_FORWARD_TO_REVERSE
305.4372,-22.7955,-56.3999,0.300,PERP_PARK,-1,T_PARK,,,,0.000,T1_FORWARD_TO_REVERSE
305.5368,-22.7550,-56.3089,0.300,PERP_PARK,-1,T_PARK,,,,0.000,T1_FORWARD_TO_REVERSE
305.6363,-22.7136,-56.2184,0.300,PERP_PARK,-1,T_PARK,,,,0.000,T1_FORWARD_TO_REVERSE
305.7359,-22.6716,-56.1281,0.300,PERP_PARK,-1,T_PARK,,,,0.000,T1_FORWARD_TO_REVERSE
305.8355,-22.6289,-56.0382,0.300,PERP_PARK,-1,T_PARK,,,,0.000,T1_FORWARD_TO_REVERSE
305.9351,-22.5859,-55.9484,0.300,PERP_PARK,-1,T_PARK,,,,0.000,T1_FORWARD_TO_REVERSE
306.0346,-22.5425,-55.8588,0.300,PERP_PARK,-1,T_PARK,,,,0.000,T1_FORWARD_TO_REVERSE
306.1341,-22.4987,-55.7694,0.300,PERP_PARK,-1,T_PARK,,,,0.000,T1_FORWARD_TO_REVERSE
306.2337,-22.4546,-55.6801,0.300,PERP_PARK,-1,T_PARK,,,,0.000,T1_FORWARD_TO_REVERSE
306.3333,-22.4106,-55.5908,0.300,PERP_PARK,-1,T_PARK,,,,0.000,T1_FORWARD_TO_REVERSE
306.4329,-22.3664,-55.5015,0.300,PERP_PARK,-1,T_PARK,,,,0.000,T1_FORWARD_TO_REVERSE
306.5324,-22.3224,-55.4123,0.300,PERP_PARK,-1,T_PARK,,,,0.000,T1_FORWARD_TO_REVERSE
306.6320,-22.2785,-55.3229,0.300,PERP_PARK,-1,T_PARK,,,,0.000,T1_FORWARD_TO_REVERSE
306.7316,-22.2347,-55.2334,0.300,PERP_PARK,-1,T_PARK,,,,0.000,T1_FORWARD_TO_REVERSE
306.8311,-22.1907,-55.1442,0.300,PERP_PARK,-1,T_PARK,,,,0.000,T1_FORWARD_TO_REVERSE
306.9307,-22.1454,-55.0555,0.300,PERP_PARK,-1,T_PARK,,,,0.000,T1_FORWARD_TO_REVERSE
307.0302,-22.0983,-54.9678,0.300,PERP_PARK,-1,T_PARK,,,,0.000,T1_FORWARD_TO_REVERSE
307.1298,-22.0486,-54.8815,0.300,PERP_PARK,-1,T_PARK,,,,0.000,T1_FORWARD_TO_REVERSE
307.2293,-21.9949,-54.7977,0.300,PERP_PARK,-1,T_PARK,,,,0.000,T1_FORWARD_TO_REVERSE
307.3289,-21.9361,-54.7174,0.300,PERP_PARK,-1,T_PARK,,,,0.000,T1_FORWARD_TO_REVERSE
307.4284,-21.8724,-54.6409,0.300,PERP_PARK,-1,T_PARK,,,,0.000,T1_FORWARD_TO_REVERSE
307.5280,-21.8047,-54.5679,0.300,PERP_PARK,-1,T_PARK,,,,0.000,T1_FORWARD_TO_REVERSE
307.6275,-21.7333,-54.4986,0.300,PERP_PARK,-1,T_PARK,,,,0.000,T1_FORWARD_TO_REVERSE
307.7271,-21.6588,-54.4325,0.300,PERP_PARK,-1,T_PARK,,,,0.000,T1_FORWARD_TO_REVERSE
307.8267,-21.5809,-54.3704,0.300,PERP_PARK,-1,T_PARK,,,,0.000,T1_FORWARD_TO_REVERSE
307.9262,-21.4998,-54.3127,0.300,PERP_PARK,-1,T_PARK,,,,0.000,T1_FORWARD_TO_REVERSE
308.0258,-21.4159,-54.2591,0.300,PERP_PARK,-1,T_PARK,,,,0.000,T1_FORWARD_TO_REVERSE
308.1253,-21.3300,-54.2088,0.300,PERP_PARK,-1,T_PARK,,,,0.000,T1_FORWARD_TO_REVERSE
308.2249,-21.2425,-54.1614,0.300,PERP_PARK,-1,T_PARK,,,,0.000,T1_FORWARD_TO_REVERSE
308.3245,-21.1534,-54.1168,0.300,PERP_PARK,-1,T_PARK,,,,0.000,T1_FORWARD_TO_REVERSE
308.4240,-21.0631,-54.0750,0.300,PERP_PARK,-1,T_PARK,,,,0.000,T1_FORWARD_TO_REVERSE
308.5236,-20.9716,-54.0358,0.300,PERP_PARK,-1,T_PARK,,,,0.000,T1_FORWARD_TO_REVERSE
308.6232,-20.8792,-53.9985,0.300,PERP_PARK,-1,T_PARK,,,,0.000,T1_FORWARD_TO_REVERSE
308.7227,-20.7864,-53.9626,0.300,PERP_PARK,-1,T_PARK,,,,0.000,T1_FORWARD_TO_REVERSE
308.8223,-20.6931,-53.9278,0.300,PERP_PARK,-1,T_PARK,,,,0.000,T1_FORWARD_TO_REVERSE
308.9218,-20.5996,-53.8936,0.300,PERP_PARK,-1,T_PARK,,,,0.000,T1_FORWARD_TO_REVERSE
309.0213,-20.5059,-53.8600,0.300,PERP_PARK,-1,T_PARK,,,,0.000,T1_FORWARD_TO_REVERSE
309.1209,-20.4122,-53.8265,0.300,PERP_PARK,-1,T_PARK,,,,0.000,T1_FORWARD_TO_REVERSE
309.2205,-20.3186,-53.7927,0.300,PERP_PARK,-1,T_PARK,,,,0.000,T1_FORWARD_TO_REVERSE
309.3201,-20.2251,-53.7582,0.300,PERP_PARK,-1,T_PARK,,,,0.000,T1_FORWARD_TO_REVERSE
309.4196,-20.1320,-53.7230,0.300,PERP_PARK,-1,T_PARK,,,,0.000,T1_FORWARD_TO_REVERSE
309.5191,-20.0392,-53.6870,0.300,PERP_PARK,-1,T_PARK,,,,0.000,T1_FORWARD_TO_REVERSE
309.6187,-19.9466,-53.6503,0.300,PERP_PARK,-1,T_PARK,,,,0.000,T1_FORWARD_TO_REVERSE
309.7183,-19.8541,-53.6135,0.300,PERP_PARK,-1,T_PARK,,,,0.000,T1_FORWARD_TO_REVERSE
309.8178,-19.7615,-53.5770,0.300,PERP_PARK,-1,T_PARK,,,,0.000,T1_FORWARD_TO_REVERSE
309.9174,-19.6685,-53.5412,0.300,PERP_PARK,-1,T_PARK,,,,0.000,T1_FORWARD_TO_REVERSE
310.0170,-19.5752,-53.5065,0.300,PERP_PARK,-1,T_PARK,,,,0.000,T1_FORWARD_TO_REVERSE
310.1165,-19.4813,-53.4735,0.300,PERP_PARK,-1,T_PARK,,,,0.000,T1_FORWARD_TO_REVERSE
310.2161,-19.3867,-53.4427,0.300,PERP_PARK,-1,T_PARK,,,,0.000,T1_FORWARD_TO_REVERSE
310.3157,-19.2910,-53.4149,0.300,PERP_PARK,-1,T_PARK,,,,0.000,T1_FORWARD_TO_REVERSE
310.4152,-19.1944,-53.3907,0.300,PERP_PARK,-1,T_PARK,,,,0.000,T1_FORWARD_TO_REVERSE
310.5148,-19.0970,-53.3703,0.300,PERP_PARK,-1,T_PARK,,,,0.000,T1_FORWARD_TO_REVERSE
310.6143,-18.9987,-53.3545,0.300,PERP_PARK,-1,T_PARK,,,,0.000,T1_FORWARD_TO_REVERSE
310.7139,-18.8997,-53.3437,0.300,PERP_PARK,-1,T_PARK,,,,0.000,T1_FORWARD_TO_REVERSE
310.8134,-18.8004,-53.3382,0.300,PERP_PARK,-1,T_PARK,,,,0.000,T1_FORWARD_TO_REVERSE
310.9130,-18.7008,-53.3375,0.300,PERP_PARK,-1,T_PARK,,,,0.000,T1_FORWARD_TO_REVERSE
311.0126,-18.6013,-53.3411,0.300,PERP_PARK,-1,T_PARK,,,,0.000,T1_FORWARD_TO_REVERSE
311.1122,-18.5020,-53.3483,0.300,PERP_PARK,-1,T_PARK,,,,0.000,T1_FORWARD_TO_REVERSE
311.2117,-18.4030,-53.3589,0.300,PERP_PARK,-1,T_PARK,,,,0.000,T1_FORWARD_TO_REVERSE
311.3112,-18.3044,-53.3727,0.300,PERP_PARK,-1,T_PARK,,,,0.000,T1_FORWARD_TO_REVERSE
311.4108,-18.2063,-53.3894,0.300,PERP_PARK,-1,T_PARK,,,,0.000,T1_FORWARD_TO_REVERSE
311.5103,-18.1086,-53.4084,0.300,PERP_PARK,-1,T_PARK,,,,0.000,T1_FORWARD_TO_REVERSE
311.6100,-18.0111,-53.4294,0.300,PERP_PARK,-1,T_PARK,,,,0.000,T1_FORWARD_TO_REVERSE
311.7095,-17.9142,-53.4518,0.300,PERP_PARK,-1,T_PARK,,,,0.000,T1_FORWARD_TO_REVERSE
311.8090,-17.8175,-53.4755,0.300,PERP_PARK,-1,T_PARK,,,,0.000,T1_FORWARD_TO_REVERSE
311.9086,-17.7212,-53.5004,0.300,PERP_PARK,-1,T_PARK,,,,0.000,T1_FORWARD_TO_REVERSE
312.0081,-17.6251,-53.5265,0.300,PERP_PARK,-1,T_PARK,,,,0.000,T1_FORWARD_TO_REVERSE
312.1078,-17.5291,-53.5533,0.300,PERP_PARK,-1,T_PARK,,,,0.000,T1_FORWARD_TO_REVERSE
312.2073,-17.4334,-53.5807,0.300,PERP_PARK,-1,T_PARK,,,,0.000,T1_FORWARD_TO_REVERSE
312.3068,-17.3379,-53.6085,0.300,PERP_PARK,-1,T_PARK,,,,0.000,T1_FORWARD_TO_REVERSE
312.4064,-17.2423,-53.6366,0.300,PERP_PARK,-1,T_PARK,,,,0.000,T1_FORWARD_TO_REVERSE
312.5060,-17.1468,-53.6649,0.300,PERP_PARK,-1,T_PARK,,,,0.000,T1_FORWARD_TO_REVERSE
312.6055,-17.0514,-53.6932,0.300,PERP_PARK,-1,T_PARK,,,,0.000,T1_FORWARD_TO_REVERSE
312.7051,-16.9559,-53.7213,0.300,PERP_PARK,-1,T_PARK,,,,0.000,T1_FORWARD_TO_REVERSE
312.8046,-16.8603,-53.7491,0.300,PERP_PARK,-1,T_PARK,,,,0.000,T1_FORWARD_TO_REVERSE
312.9043,-16.7645,-53.7766,0.300,PERP_PARK,-1,T_PARK,,,,0.000,T1_FORWARD_TO_REVERSE
313.0037,-16.6687,-53.8032,0.300,PERP_PARK,-1,T_PARK,,,,0.000,T1_FORWARD_TO_REVERSE
313.1033,-16.5725,-53.8289,0.300,PERP_PARK,-1,T_PARK,,,,0.000,T1_FORWARD_TO_REVERSE
313.2029,-16.4760,-53.8536,0.300,PERP_PARK,-1,T_PARK,,,,0.000,T1_FORWARD_TO_REVERSE
313.3025,-16.3792,-53.8770,0.300,PERP_PARK,-1,T_PARK,,,,0.000,T1_FORWARD_TO_REVERSE
313.4020,-16.2822,-53.8991,0.300,PERP_PARK,-1,T_PARK,,,,0.000,T1_FORWARD_TO_REVERSE
313.5017,-16.1846,-53.9193,0.300,PERP_PARK,-1,T_PARK,,,,0.000,T1_FORWARD_TO_REVERSE
313.6012,-16.0869,-53.9384,0.300,PERP_PARK,1,T_PARK,T1_REVERSE_TO_FORWARD,SET_FORWARD,,0.000,T1_REVERSE_TO_FORWARD
313.7012,-16.1802,-53.9024,0.300,PERP_PARK,1,T_PARK,,,,0.000,T1_REVERSE_TO_FORWARD
313.8011,-16.2735,-53.8665,0.300,PERP_PARK,1,T_PARK,,,,0.000,T1_REVERSE_TO_FORWARD
313.9011,-16.3668,-53.8306,0.300,PERP_PARK,1,T_PARK,,,,0.000,T1_REVERSE_TO_FORWARD
314.0011,-16.4603,-53.7949,0.300,PERP_PARK,1,T_PARK,,,,0.000,T1_REVERSE_TO_FORWARD
314.1012,-16.5537,-53.7593,0.300,PERP_PARK,1,T_PARK,,,,0.000,T1_REVERSE_TO_FORWARD
314.2011,-16.6472,-53.7239,0.300,PERP_PARK,1,T_PARK,,,,0.000,T1_REVERSE_TO_FORWARD
314.3010,-16.7407,-53.6887,0.300,PERP_PARK,1,T_PARK,,,,0.000,T1_REVERSE_TO_FORWARD
314.4011,-16.8344,-53.6536,0.300,PERP_PARK,1,T_PARK,,,,0.000,T1_REVERSE_TO_FORWARD
314.5011,-16.9280,-53.6185,0.300,PERP_PARK,1,T_PARK,,,,0.000,T1_REVERSE_TO_FORWARD
314.6010,-17.0217,-53.5835,0.300,PERP_PARK,1,T_PARK,,,,0.000,T1_REVERSE_TO_FORWARD
314.7011,-17.1154,-53.5486,0.300,PERP_PARK,1,T_PARK,,,,0.000,T1_REVERSE_TO_FORWARD
314.8010,-17.2090,-53.5136,0.300,PERP_PARK,1,T_PARK,,,,0.000,T1_REVERSE_TO_FORWARD
314.9010,-17.3027,-53.4785,0.300,PERP_PARK,1,T_PARK,,,,0.000,T1_REVERSE_TO_FORWARD
315.0010,-17.3962,-53.4433,0.300,PERP_PARK,1,T_PARK,,,,0.000,T1_REVERSE_TO_FORWARD
315.1010,-17.4898,-53.4079,0.300,PERP_PARK,1,T_PARK,,,,0.000,T1_REVERSE_TO_FORWARD
315.2010,-17.5831,-53.3721,0.300,PERP_PARK,1,T_PARK,,,,0.000,T1_REVERSE_TO_FORWARD
315.3010,-17.6764,-53.3360,0.300,PERP_PARK,1,T_PARK,,,,0.000,T1_REVERSE_TO_FORWARD
315.4010,-17.7695,-53.2995,0.300,PERP_PARK,1,T_PARK,,,,0.000,T1_REVERSE_TO_FORWARD
315.5010,-17.8624,-53.2625,0.300,PERP_PARK,1,T_PARK,,,,0.000,T1_REVERSE_TO_FORWARD
315.6010,-17.9551,-53.2250,0.300,PERP_PARK,1,T_PARK,,,,0.000,T1_REVERSE_TO_FORWARD
315.7010,-18.0475,-53.1868,0.300,PERP_PARK,1,T_PARK,,,,0.000,T1_REVERSE_TO_FORWARD
315.8009,-18.1397,-53.1480,0.300,PERP_PARK,1,T_PARK,,,,0.000,T1_REVERSE_TO_FORWARD
315.9009,-18.2315,-53.1084,0.300,PERP_PARK,1,T_PARK,,,,0.000,T1_REVERSE_TO_FORWARD
316.0009,-18.3229,-53.0680,0.300,PERP_PARK,1,T_PARK,,,,0.000,T1_REVERSE_TO_FORWARD
316.1009,-18.4140,-53.0266,0.300,PERP_PARK,1,T_PARK,,,,0.000,T1_REVERSE_TO_FORWARD
316.2009,-18.5045,-52.9844,0.300,PERP_PARK,1,T_PARK,,,,0.000,T1_REVERSE_TO_FORWARD
316.3008,-18.5946,-52.9410,0.300,PERP_PARK,1,T_PARK,,,,0.000,T1_REVERSE_TO_FORWARD
316.4009,-18.6843,-52.8965,0.300,PERP_PARK,1,T_PARK,,,,0.000,T1_REVERSE_TO_FORWARD
316.5008,-18.7732,-52.8510,0.300,PERP_PARK,1,T_PARK,,,,0.000,T1_REVERSE_TO_FORWARD
316.6009,-18.8615,-52.8040,0.300,PERP_PARK,1,T_PARK,,,,0.000,T1_REVERSE_TO_FORWARD
316.7008,-18.9491,-52.7558,0.300,PERP_PARK,1,T_PARK,,,,0.000,T1_REVERSE_TO_FORWARD
316.8009,-19.0360,-52.7062,0.300,PERP_PARK,1,T_PARK,,,,0.000,T1_REVERSE_TO_FORWARD
316.9008,-19.1219,-52.6552,0.300,PERP_PARK,1,T_PARK,,,,0.000,T1_REVERSE_TO_FORWARD
317.0008,-19.2069,-52.6026,0.300,PERP_PARK,1,T_PARK,,,,0.000,T1_REVERSE_TO_FORWARD
317.1007,-19.2909,-52.5484,0.300,PERP_PARK,1,T_PARK,,,,0.000,T1_REVERSE_TO_FORWARD
317.2008,-19.3738,-52.4925,0.300,PERP_PARK,1,T_PARK,,,,0.000,T1_REVERSE_TO_FORWARD
317.3008,-19.4555,-52.4347,0.300,PERP_PARK,1,T_PARK,,,,0.000,T1_REVERSE_TO_FORWARD
317.4007,-19.5359,-52.3753,0.300,PERP_PARK,1,T_PARK,,,,0.000,T1_REVERSE_TO_FORWARD
317.5007,-19.6148,-52.3139,0.300,PERP_PARK,1,T_PARK,,,,0.000,T1_REVERSE_TO_FORWARD
317.6008,-19.6923,-52.2506,0.300,PERP_PARK,1,T_PARK,,,,0.000,T1_REVERSE_TO_FORWARD
317.7007,-19.7681,-52.1855,0.300,PERP_PARK,1,T_PARK,,,,0.000,T1_REVERSE_TO_FORWARD
317.8007,-19.8421,-52.1183,0.300,PERP_PARK,1,T_PARK,,,,0.000,T1_REVERSE_TO_FORWARD
317.9007,-19.9143,-52.0490,0.300,PERP_PARK,1,T_PARK,,,,0.000,T1_REVERSE_TO_FORWARD
318.0007,-19.9844,-51.9778,0.300,PERP_PARK,1,T_PARK,,,,0.000,T1_REVERSE_TO_FORWARD
318.1006,-20.0525,-51.9046,0.300,PERP_PARK,1,T_PARK,,,,0.000,T1_REVERSE_TO_FORWARD
318.2006,-20.1183,-51.8293,0.300,PERP_PARK,1,T_PARK,,,,0.000,T1_REVERSE_TO_FORWARD
318.3006,-20.1818,-51.7520,0.300,PERP_PARK,1,T_PARK,,,,0.000,T1_REVERSE_TO_FORWARD
318.4006,-20.2428,-51.6728,0.300,PERP_PARK,1,T_PARK,,,,0.000,T1_REVERSE_TO_FORWARD
318.5006,-20.3012,-51.5917,0.300,PERP_PARK,1,T_PARK,,,,0.000,T1_REVERSE_TO_FORWARD
318.6005,-20.3571,-51.5089,0.300,PERP_PARK,1,T_PARK,,,,0.000,T1_REVERSE_TO_FORWARD
318.7006,-20.4103,-51.4241,0.300,PERP_PARK,1,T_PARK,,,,0.000,T1_REVERSE_TO_FORWARD
318.8006,-20.4607,-51.3378,0.300,PERP_PARK,1,T_PARK,,,,0.000,T1_REVERSE_TO_FORWARD
318.9005,-20.5085,-51.2499,0.300,PERP_PARK,1,T_PARK,,,,0.000,T1_REVERSE_TO_FORWARD
319.0005,-20.5533,-51.1606,0.300,PERP_PARK,1,T_PARK,,,,0.000,T1_REVERSE_TO_FORWARD
319.1005,-20.5954,-51.0699,0.300,PERP_PARK,1,T_PARK,,,,0.000,T1_REVERSE_TO_FORWARD
319.2005,-20.6348,-50.9780,0.300,PERP_PARK,1,T_PARK,,,,0.000,T1_REVERSE_TO_FORWARD
319.3005,-20.6714,-50.8849,0.300,PERP_PARK,1,T_PARK,,,,0.000,T1_REVERSE_TO_FORWARD
319.4005,-20.7051,-50.7908,0.300,PERP_PARK,1,T_PARK,,,,0.000,T1_REVERSE_TO_FORWARD
319.5005,-20.7362,-50.6957,0.300,PERP_PARK,1,T_PARK,,,,0.000,T1_REVERSE_TO_FORWARD
319.6004,-20.7645,-50.5999,0.300,PERP_PARK,1,T_PARK,,,,0.000,T1_REVERSE_TO_FORWARD
319.7004,-20.7901,-50.5033,0.300,PERP_PARK,1,T_PARK,,,,0.000,T1_REVERSE_TO_FORWARD
319.8004,-20.8132,-50.4059,0.300,PERP_PARK,1,T_PARK,,,,0.000,T1_REVERSE_TO_FORWARD
319.9004,-20.8335,-50.3080,0.300,PERP_PARK,1,T_PARK,,,,0.000,T1_REVERSE_TO_FORWARD
320.0004,-20.8513,-50.2096,0.300,PERP_PARK,1,T_PARK,,,,0.000,T1_REVERSE_TO_FORWARD
320.1003,-20.8666,-50.1109,0.300,PERP_PARK,1,T_PARK,,,,0.000,T1_REVERSE_TO_FORWARD
320.2003,-20.8792,-50.0117,0.300,PERP_PARK,1,T_PARK,,,,0.000,T1_REVERSE_TO_FORWARD
320.3003,-20.8894,-49.9123,0.300,PERP_PARK,1,T_PARK,,,,0.000,T1_REVERSE_TO_FORWARD
320.4004,-20.8972,-49.8125,0.300,PERP_PARK,1,T_PARK,,,,0.000,T1_REVERSE_TO_FORWARD
320.5003,-20.9026,-49.7127,0.300,PERP_PARK,1,T_PARK,,,,0.000,T1_REVERSE_TO_FORWARD
320.6003,-20.9056,-49.6128,0.300,PERP_PARK,1,T_PARK,,,,0.000,T1_REVERSE_TO_FORWARD
320.7002,-20.9064,-49.5128,0.300,PERP_PARK,1,T_PARK,,,,0.000,T1_REVERSE_TO_FORWARD
320.8002,-20.9050,-49.4128,0.300,PERP_PARK,1,T_PARK,,,,0.000,T1_REVERSE_TO_FORWARD
320.9003,-20.9015,-49.3128,0.300,PERP_PARK,1,T_PARK,,,,0.000,T1_REVERSE_TO_FORWARD
321.0002,-20.8959,-49.2130,0.300,PERP_PARK,1,T_PARK,,,,0.000,T1_REVERSE_TO_FORWARD
321.1002,-20.8884,-49.1134,0.300,PERP_PARK,1,T_PARK,,,,0.000,T1_REVERSE_TO_FORWARD
321.2002,-20.8789,-49.0138,0.300,PERP_PARK,1,T_PARK,,,,0.000,T1_REVERSE_TO_FORWARD
321.3002,-20.8676,-48.9145,0.300,PERP_PARK,1,T_PARK,,,,0.000,T1_REVERSE_TO_FORWARD
321.4002,-20.8544,-48.8153,0.300,PERP_PARK,1,T_PARK,,,,0.000,T1_REVERSE_TO_FORWARD
321.5002,-20.8395,-48.7164,0.300,PERP_PARK,1,T_PARK,,,,0.000,T1_REVERSE_TO_FORWARD
321.6001,-20.8228,-48.6179,0.300,PERP_PARK,1,T_PARK,,,,0.000,T1_REVERSE_TO_FORWARD
321.7002,-20.8044,-48.5196,0.300,PERP_PARK,1,T_PARK,,,,0.000,T1_REVERSE_TO_FORWARD
321.8001,-20.7846,-48.4216,0.300,PERP_PARK,1,T_PARK,,,,0.000,T1_REVERSE_TO_FORWARD
321.9001,-20.7633,-48.3239,0.300,PERP_PARK,1,T_PARK,,,,0.000,T1_REVERSE_TO_FORWARD
322.0001,-20.7408,-48.2264,0.300,PERP_PARK,1,T_PARK,,,,0.000,T1_REVERSE_TO_FORWARD
322.1001,-20.7175,-48.1292,0.300,PERP_PARK,1,T_PARK,,,,0.000,T1_REVERSE_TO_FORWARD
322.2001,-20.6936,-48.0321,0.300,PERP_PARK,1,T_PARK,,,,0.000,T1_REVERSE_TO_FORWARD
322.3000,-20.6697,-47.9351,0.300,PERP_PARK,1,T_PARK,,,,0.000,T1_REVERSE_TO_FORWARD
322.4001,-20.6460,-47.8379,0.300,PERP_PARK,1,T_PARK,,,,0.000,T1_REVERSE_TO_FORWARD
322.5001,-20.6231,-47.7405,0.300,PERP_PARK,1,T_PARK,,,,0.000,T1_REVERSE_TO_FORWARD
322.6001,-20.6014,-47.6429,0.300,PERP_PARK,1,T_PARK,,,,0.000,T1_REVERSE_TO_FORWARD
322.7000,-20.5813,-47.5451,0.300,PERP_PARK,1,T_PARK,,,,0.000,T1_REVERSE_TO_FORWARD
322.8000,-20.5629,-47.4468,0.300,PERP_PARK,1,T_PARK,,,,0.000,T1_REVERSE_TO_FORWARD
322.9000,-20.5463,-47.3482,0.300,PERP_PARK,1,T_PARK,,,,0.000,T1_REVERSE_TO_FORWARD
323.0000,-20.5317,-47.2493,0.300,PERP_PARK,1,T_PARK,,,,0.000,T1_REVERSE_TO_FORWARD
323.1000,-20.5188,-47.1501,0.300,PERP_PARK,1,T_PARK,,,,0.000,T1_REVERSE_TO_FORWARD
323.2000,-20.5075,-47.0507,0.300,PERP_PARK,1,T_PARK,,,,0.000,T1_REVERSE_TO_FORWARD
323.3000,-20.4977,-46.9512,0.300,PERP_PARK,1,T_PARK,,,,0.000,T1_REVERSE_TO_FORWARD
323.3999,-20.4889,-46.8516,0.300,PERP_PARK,1,T_PARK,,,,0.000,T1_REVERSE_TO_FORWARD
323.4999,-20.4809,-46.7520,0.300,PERP_PARK,1,T_PARK,,,,0.000,T1_REVERSE_TO_FORWARD
323.6000,-20.4735,-46.6522,0.300,PERP_PARK,1,T_PARK,,,,0.000,T1_REVERSE_TO_FORWARD
323.6999,-20.4663,-46.5525,0.300,PERP_PARK,1,T_PARK,,,,0.000,T1_REVERSE_TO_FORWARD
323.7999,-20.4591,-46.4528,0.300,PERP_PARK,1,T_PARK,,,,0.000,T1_REVERSE_TO_FORWARD
323.8999,-20.4518,-46.3531,0.300,PERP_PARK,1,T_PARK,,,,0.000,T1_REVERSE_TO_FORWARD
323.9999,-20.4441,-46.2533,0.300,PERP_PARK,1,T_PARK,,,,0.000,T1_REVERSE_TO_FORWARD
324.0999,-20.4359,-46.1537,0.300,PERP_PARK,1,T_PARK,,,,0.000,T1_REVERSE_TO_FORWARD
324.1999,-20.4272,-46.0541,0.300,PERP_PARK,1,T_PARK,,,,0.000,T1_REVERSE_TO_FORWARD
324.2999,-20.4178,-45.9545,0.300,PERP_PARK,1,T_PARK,,,,0.000,T1_REVERSE_TO_FORWARD
324.3998,-20.4078,-45.8551,0.300,PERP_PARK,1,T_PARK,,,,0.000,T1_REVERSE_TO_FORWARD
324.4998,-20.3970,-45.7557,0.300,PERP_PARK,1,T_PARK,,,,0.000,T1_REVERSE_TO_FORWARD
324.5998,-20.3854,-45.6564,0.300,PERP_PARK,1,T_PARK,,,,0.000,T1_REVERSE_TO_FORWARD
324.6998,-20.3731,-45.5572,0.300,PERP_PARK,1,T_PARK,,,,0.000,T1_REVERSE_TO_FORWARD
324.7998,-20.3601,-45.4580,0.300,PERP_PARK,1,T_PARK,,,,0.000,T1_REVERSE_TO_FORWARD
324.8998,-20.3464,-45.3589,0.300,PERP_PARK,1,T_PARK,,,,0.000,T1_REVERSE_TO_FORWARD
324.9998,-20.3320,-45.2600,0.300,PERP_PARK,1,T_PARK,,,,0.000,T1_REVERSE_TO_FORWARD
325.0998,-20.3171,-45.1611,0.300,PERP_PARK,1,T_PARK,,,,0.000,T1_REVERSE_TO_FORWARD
325.1998,-20.3016,-45.0623,0.300,PERP_PARK,1,T_PARK,,,,0.000,T1_REVERSE_TO_FORWARD
325.2998,-20.2858,-44.9636,0.300,PERP_PARK,1,T_PARK,,,,0.000,T1_REVERSE_TO_FORWARD
325.3998,-20.2694,-44.8649,0.300,PERP_PARK,1,T_PARK,,,,0.000,T1_REVERSE_TO_FORWARD
325.4997,-20.2528,-44.7664,0.300,PERP_PARK,1,T_PARK,,,,0.000,T1_REVERSE_TO_FORWARD
325.5998,-20.2360,-44.6677,0.300,PERP_PARK,1,T_PARK,,,,0.000,T1_REVERSE_TO_FORWARD
325.6997,-20.2192,-44.5692,0.300,PERP_PARK,1,T_PARK,,,,0.000,T1_REVERSE_TO_FORWARD
325.7996,-20.2024,-44.4707,0.300,PERP_PARK,1,T_PARK,,,,0.000,T1_REVERSE_TO_FORWARD
325.8997,-20.1856,-44.3721,0.300,PERP_PARK,1,T_PARK,,,,0.000,T1_REVERSE_TO_FORWARD
325.9996,-20.1692,-44.2735,0.300,PERP_PARK,1,T_PARK,,,,0.000,T1_REVERSE_TO_FORWARD
326.0997,-20.1530,-44.1748,0.300,PERP_PARK,1,T_PARK,,,,0.000,T1_REVERSE_TO_FORWARD
326.1996,-20.1374,-44.0761,0.300,PERP_PARK,1,T_PARK,,,,0.000,T1_REVERSE_TO_FORWARD
326.2996,-20.1223,-43.9772,0.300,PERP_PARK,1,T_PARK,,,,0.000,T1_REVERSE_TO_FORWARD
326.3997,-20.1078,-43.8782,0.300,PERP_PARK,1,T_PARK,,,,0.000,T1_REVERSE_TO_FORWARD
326.4997,-20.0940,-43.7792,0.300,PERP_PARK,1,T_PARK,,,,0.000,T1_REVERSE_TO_FORWARD
326.5996,-20.0810,-43.6800,0.300,PERP_PARK,1,T_PARK,,,,0.000,T1_REVERSE_TO_FORWARD
326.6996,-20.0689,-43.5809,0.300,PERP_PARK,1,T_PARK,,,,0.000,T1_REVERSE_TO_FORWARD
326.7996,-20.0575,-43.4815,0.300,PERP_PARK,1,T_PARK,,,,0.000,T1_REVERSE_TO_FORWARD
326.8995,-20.0468,-43.3821,0.300,PERP_PARK,1,T_PARK,,,,0.000,T1_REVERSE_TO_FORWARD
326.9995,-20.0368,-43.2826,0.300,PERP_PARK,1,T_PARK,,,,0.000,T1_REVERSE_TO_FORWARD
327.0995,-20.0276,-43.1831,0.300,PERP_PARK,1,T_PARK,,,,0.000,T1_REVERSE_TO_FORWARD
327.1995,-20.0188,-43.0834,0.300,PERP_PARK,1,T_PARK,,,,0.000,T1_REVERSE_TO_FORWARD
327.2996,-20.0105,-42.9838,0.300,PERP_PARK,1,T_PARK,,,,0.000,T1_REVERSE_TO_FORWARD
327.3995,-20.0023,-42.8841,0.300,PERP_PARK,1,T_PARK,,,,0.000,T1_REVERSE_TO_FORWARD
327.4995,-19.9941,-42.7845,0.300,PERP_PARK,1,T_PARK,,,,0.000,T1_REVERSE_TO_FORWARD
327.5995,-19.9858,-42.6849,0.300,PERP_PARK,1,T_PARK,,,,0.000,T1_REVERSE_TO_FORWARD
327.6995,-19.9771,-42.5852,0.300,PERP_PARK,1,T_PARK,,,,0.000,T1_REVERSE_TO_FORWARD
327.7995,-19.9678,-42.4857,0.300,PERP_PARK,1,T_PARK,,,,0.000,T1_REVERSE_TO_FORWARD
327.8994,-19.9576,-42.3862,0.300,PERP_PARK,1,T_PARK,,,,0.000,T1_REVERSE_TO_FORWARD
327.9995,-19.9465,-42.2868,0.300,PERP_PARK,1,T_PARK,,,,0.000,T1_REVERSE_TO_FORWARD
328.0994,-19.9341,-42.1876,0.300,PERP_PARK,1,T_PARK,,,,0.000,T1_REVERSE_TO_FORWARD
328.1994,-19.9202,-42.0886,0.300,PERP_PARK,1,T_PARK,,,,0.000,T1_REVERSE_TO_FORWARD
328.2994,-19.9047,-41.9898,0.300,PERP_PARK,1,T_PARK,,,,0.000,T1_REVERSE_TO_FORWARD
328.3994,-19.8873,-41.8913,0.300,PERP_PARK,1,T_PARK,,,,0.000,T1_REVERSE_TO_FORWARD
328.4994,-19.8680,-41.7933,0.300,PERP_PARK,1,T_PARK,,,,0.000,T1_REVERSE_TO_FORWARD
328.5994,-19.8465,-41.6956,0.300,PERP_PARK,1,T_PARK,,,,0.000,T1_REVERSE_TO_FORWARD
328.6993,-19.8228,-41.5985,0.300,PERP_PARK,1,T_PARK,,,,0.000,T1_REVERSE_TO_FORWARD
328.7994,-19.7968,-41.5019,0.300,PERP_PARK,1,T_PARK,,,,0.000,T1_REVERSE_TO_FORWARD
328.8993,-19.7683,-41.4061,0.300,PERP_PARK,1,T_PARK,,,,0.000,T1_REVERSE_TO_FORWARD
328.9993,-19.7374,-41.3110,0.300,PERP_PARK,1,T_PARK,,,,0.000,T1_REVERSE_TO_FORWARD
329.0993,-19.7041,-41.2167,0.300,PERP_PARK,1,T_PARK,,,,0.000,T1_REVERSE_TO_FORWARD
329.1993,-19.6681,-41.1235,0.300,PERP_PARK,1,T_PARK,,,,0.000,T1_REVERSE_TO_FORWARD
329.2702,-19.6410,-41.0579,0.300,PERP_PARK,1,T_PARK,T_PARK_END,EXIT_ZONE,,0.000,T1_REVERSE_TO_FORWARD
329.2993,-19.6295,-41.0311,0.300,PERP_PARK,1,T_PARK,,,,0.000,T1_REVERSE_TO_FORWARD
329.3993,-19.5884,-40.9400,0.300,PERP_PARK,1,T_PARK,,,,0.000,T1_REVERSE_TO_FORWARD
329.4196,-19.5798,-40.9216,0.300,NORMAL,1,ROUTE,,,,0.000,T1_REVERSE_TO_FORWARD
329.4993,-19.5452,-40.8498,0.300,NORMAL,1,ROUTE,,,,0.000,T1_REVERSE_TO_FORWARD
329.5992,-19.4997,-40.7608,0.300,NORMAL,1,ROUTE,,,,0.000,T1_REVERSE_TO_FORWARD
329.6992,-19.4523,-40.6728,0.300,NORMAL,1,ROUTE,,,,0.000,T1_REVERSE_TO_FORWARD
329.7992,-19.4030,-40.5858,0.300,NORMAL,1,ROUTE,,,,0.000,T1_REVERSE_TO_FORWARD
329.8993,-19.3516,-40.5000,0.300,NORMAL,1,ROUTE,,,,0.000,T1_REVERSE_TO_FORWARD
329.9992,-19.2984,-40.4154,0.300,NORMAL,1,ROUTE,,,,0.000,T1_REVERSE_TO_FORWARD
330.0992,-19.2435,-40.3318,0.300,NORMAL,1,ROUTE,,,,0.000,T1_REVERSE_TO_FORWARD
330.1992,-19.1866,-40.2496,0.300,NORMAL,1,ROUTE,,,,0.000,T1_REVERSE_TO_FORWARD
330.2992,-19.1281,-40.1685,0.300,NORMAL,1,ROUTE,,,,0.000,T1_REVERSE_TO_FORWARD
330.3991,-19.0680,-40.0887,0.300,NORMAL,1,ROUTE,,,,0.000,T1_REVERSE_TO_FORWARD
330.4992,-19.0061,-40.0100,0.300,NORMAL,1,ROUTE,,,,0.000,T1_REVERSE_TO_FORWARD
330.5991,-18.9427,-39.9327,0.300,NORMAL,1,ROUTE,,,,0.000,T1_REVERSE_TO_FORWARD
330.6991,-18.8778,-39.8567,0.300,NORMAL,1,ROUTE,,,,0.000,T1_REVERSE_TO_FORWARD
330.7991,-18.8112,-39.7821,0.300,NORMAL,1,ROUTE,,,,0.000,T1_REVERSE_TO_FORWARD
330.8991,-18.7434,-39.7087,0.300,NORMAL,1,ROUTE,,,,0.000,T1_REVERSE_TO_FORWARD
330.9990,-18.6740,-39.6367,0.300,NORMAL,1,ROUTE,,,,0.000,T1_REVERSE_TO_FORWARD
331.0991,-18.6032,-39.5660,0.300,NORMAL,1,ROUTE,,,,0.000,T1_REVERSE_TO_FORWARD
331.1990,-18.5312,-39.4967,0.300,NORMAL,1,ROUTE,,,,0.000,T1_REVERSE_TO_FORWARD
331.2991,-18.4577,-39.4289,0.300,NORMAL,1,ROUTE,,,,0.000,T1_REVERSE_TO_FORWARD
331.3990,-18.3830,-39.3624,0.300,NORMAL,1,ROUTE,,,,0.000,T1_REVERSE_TO_FORWARD
331.4990,-18.3070,-39.2974,0.300,NORMAL,1,ROUTE,,,,0.000,T1_REVERSE_TO_FORWARD
331.5990,-18.2298,-39.2338,0.300,NORMAL,1,ROUTE,,,,0.000,T1_REVERSE_TO_FORWARD
331.6990,-18.1515,-39.1717,0.300,NORMAL,1,ROUTE,,,,0.000,T1_REVERSE_TO_FORWARD
331.7990,-18.0719,-39.1111,0.300,NORMAL,1,ROUTE,,,,0.000,T1_REVERSE_TO_FORWARD
331.8990,-17.9913,-39.0520,0.300,NORMAL,1,ROUTE,,,,0.000,T1_REVERSE_TO_FORWARD
331.9989,-17.9096,-38.9944,0.300,NORMAL,1,ROUTE,,,,0.000,T1_REVERSE_TO_FORWARD
332.0990,-17.8268,-38.9384,0.300,NORMAL,1,ROUTE,,,,0.000,T1_REVERSE_TO_FORWARD
332.1990,-17.7430,-38.8838,0.300,NORMAL,1,ROUTE,,,,0.000,T1_REVERSE_TO_FORWARD
332.2989,-17.6582,-38.8308,0.300,NORMAL,1,ROUTE,,,,0.000,T1_REVERSE_TO_FORWARD
332.3989,-17.5724,-38.7795,0.300,NORMAL,1,ROUTE,,,,0.000,T1_REVERSE_TO_FORWARD
332.4989,-17.4857,-38.7296,0.300,NORMAL,1,ROUTE,,,,0.000,T1_REVERSE_TO_FORWARD
332.5989,-17.3982,-38.6813,0.300,NORMAL,1,ROUTE,,,,0.000,T1_REVERSE_TO_FORWARD
332.6989,-17.3098,-38.6346,0.300,NORMAL,1,ROUTE,,,,0.000,T1_REVERSE_TO_FORWARD
332.7989,-17.2205,-38.5895,0.300,NORMAL,1,ROUTE,,,,0.000,T1_REVERSE_TO_FORWARD
332.8988,-17.1306,-38.5459,0.300,NORMAL,1,ROUTE,,,,0.000,T1_REVERSE_TO_FORWARD
332.9988,-17.0398,-38.5040,0.300,NORMAL,1,ROUTE,,,,0.000,T1_REVERSE_TO_FORWARD
333.0989,-16.9483,-38.4636,0.300,NORMAL,1,ROUTE,,,,0.000,T1_REVERSE_TO_FORWARD
333.1988,-16.8562,-38.4248,0.300,NORMAL,1,ROUTE,,,,0.000,T1_REVERSE_TO_FORWARD
333.2988,-16.7633,-38.3875,0.300,NORMAL,1,ROUTE,,,,0.000,T1_REVERSE_TO_FORWARD
333.3988,-16.6700,-38.3518,0.300,NORMAL,1,ROUTE,,,,0.000,T1_REVERSE_TO_FORWARD
333.4987,-16.5760,-38.3178,0.300,NORMAL,1,ROUTE,,,,0.000,T1_REVERSE_TO_FORWARD
333.5988,-16.4814,-38.2852,0.300,NORMAL,1,ROUTE,,,,0.000,T1_REVERSE_TO_FORWARD
333.6988,-16.3863,-38.2542,0.300,NORMAL,1,ROUTE,,,,0.000,T1_REVERSE_TO_FORWARD
333.7987,-16.2908,-38.2248,0.300,NORMAL,1,ROUTE,,,,0.000,T1_REVERSE_TO_FORWARD
333.8987,-16.1948,-38.1969,0.300,NORMAL,1,ROUTE,,,,0.000,T1_REVERSE_TO_FORWARD
333.9987,-16.0983,-38.1704,0.300,NORMAL,1,ROUTE,,,,0.000,T1_REVERSE_TO_FORWARD
334.0987,-16.0015,-38.1456,0.300,NORMAL,1,ROUTE,,,,0.000,T1_REVERSE_TO_FORWARD
334.1987,-15.9043,-38.1223,0.300,NORMAL,1,ROUTE,,,,0.000,T1_REVERSE_TO_FORWARD
334.2987,-15.8067,-38.1005,0.300,NORMAL,1,ROUTE,,,,0.000,T1_REVERSE_TO_FORWARD
334.3986,-15.7089,-38.0801,0.300,NORMAL,1,ROUTE,,,,0.000,T1_REVERSE_TO_FORWARD
334.4987,-15.6106,-38.0612,0.300,NORMAL,1,ROUTE,,,,0.000,T1_REVERSE_TO_FORWARD
334.5986,-15.5122,-38.0438,0.300,NORMAL,1,ROUTE,,,,0.000,T1_REVERSE_TO_FORWARD
334.6986,-15.4135,-38.0279,0.300,NORMAL,1,ROUTE,,,,0.000,T1_REVERSE_TO_FORWARD
334.7986,-15.3145,-38.0135,0.300,NORMAL,1,ROUTE,,,,0.000,T1_REVERSE_TO_FORWARD
334.8986,-15.2154,-38.0005,0.300,NORMAL,1,ROUTE,,,,0.000,T1_REVERSE_TO_FORWARD
334.9986,-15.1161,-37.9888,0.300,NORMAL,1,ROUTE,,,,0.000,T1_REVERSE_TO_FORWARD
335.0985,-15.0166,-37.9787,0.300,NORMAL,1,ROUTE,,,,0.000,T1_REVERSE_TO_FORWARD
335.1986,-14.9169,-37.9700,0.300,NORMAL,1,ROUTE,,,,0.000,T1_REVERSE_TO_FORWARD
335.2985,-14.8173,-37.9627,0.300,NORMAL,1,ROUTE,,,,0.000,T1_REVERSE_TO_FORWARD
335.3986,-14.7174,-37.9568,0.300,NORMAL,1,ROUTE,,,,0.000,T1_REVERSE_TO_FORWARD
335.4986,-14.6175,-37.9522,0.300,NORMAL,1,ROUTE,,,,0.000,T1_REVERSE_TO_FORWARD
335.5985,-14.5176,-37.9491,0.300,NORMAL,1,ROUTE,,,,0.000,T1_REVERSE_TO_FORWARD
335.6985,-14.4177,-37.9473,0.300,NORMAL,1,ROUTE,,,,0.000,T1_REVERSE_TO_FORWARD
335.7985,-14.3177,-37.9469,0.300,NORMAL,1,ROUTE,,,,0.000,T1_REVERSE_TO_FORWARD
335.8985,-14.2177,-37.9479,0.300,NORMAL,1,ROUTE,,,,0.000,T1_REVERSE_TO_FORWARD
335.9985,-14.1177,-37.9503,0.300,NORMAL,1,ROUTE,,,,0.000,T1_REVERSE_TO_FORWARD
336.0985,-14.0178,-37.9539,0.300,NORMAL,1,ROUTE,,,,0.000,T1_REVERSE_TO_FORWARD
336.1984,-13.9179,-37.9589,0.300,NORMAL,1,ROUTE,,,,0.000,T1_REVERSE_TO_FORWARD
336.2984,-13.8181,-37.9652,0.300,NORMAL,1,ROUTE,,,,0.000,T1_REVERSE_TO_FORWARD
336.3985,-13.7184,-37.9729,0.300,NORMAL,1,ROUTE,,,,0.000,T1_REVERSE_TO_FORWARD
336.4985,-13.6188,-37.9819,0.300,NORMAL,1,ROUTE,,,,0.000,T1_REVERSE_TO_FORWARD
336.5984,-13.5194,-37.9922,0.300,NORMAL,1,ROUTE,,,,0.000,T1_REVERSE_TO_FORWARD
336.6984,-13.4201,-38.0039,0.300,NORMAL,1,ROUTE,,,,0.000,T1_REVERSE_TO_FORWARD
336.7984,-13.3209,-38.0169,0.300,NORMAL,1,ROUTE,,,,0.000,T1_REVERSE_TO_FORWARD
336.8984,-13.2220,-38.0312,0.300,NORMAL,1,ROUTE,,,,0.000,T1_REVERSE_TO_FORWARD
336.9984,-13.1232,-38.0468,0.300,NORMAL,1,ROUTE,,,,0.000,T1_REVERSE_TO_FORWARD
337.0983,-13.0247,-38.0637,0.300,NORMAL,1,ROUTE,,,,0.000,T1_REVERSE_TO_FORWARD
337.1983,-12.9264,-38.0820,0.300,NORMAL,1,ROUTE,,,,0.000,T1_REVERSE_TO_FORWARD
337.2983,-12.8284,-38.1016,0.300,NORMAL,1,ROUTE,,,,0.000,T1_REVERSE_TO_FORWARD
337.3983,-12.7306,-38.1225,0.300,NORMAL,1,ROUTE,,,,0.000,T1_REVERSE_TO_FORWARD
337.4983,-12.6331,-38.1448,0.300,NORMAL,1,ROUTE,,,,0.000,T1_REVERSE_TO_FORWARD
337.5983,-12.5359,-38.1685,0.300,NORMAL,1,ROUTE,,,,0.000,T1_REVERSE_TO_FORWARD
337.6983,-12.4392,-38.1935,0.300,NORMAL,1,ROUTE,,,,0.000,T1_REVERSE_TO_FORWARD
337.7983,-12.3427,-38.2198,0.300,NORMAL,1,ROUTE,,,,0.000,T1_REVERSE_TO_FORWARD
337.8982,-12.2466,-38.2475,0.300,NORMAL,1,ROUTE,,,,0.000,T1_REVERSE_TO_FORWARD
337.9982,-12.1509,-38.2765,0.300,NORMAL,1,ROUTE,,,,0.000,T1_REVERSE_TO_FORWARD
338.0982,-12.0556,-38.3068,0.300,NORMAL,1,ROUTE,,,,0.000,T1_REVERSE_TO_FORWARD
338.1983,-11.9607,-38.3384,0.300,NORMAL,1,ROUTE,,,,0.000,T1_REVERSE_TO_FORWARD
338.2982,-11.8664,-38.3713,0.300,NORMAL,1,ROUTE,,,,0.000,T1_REVERSE_TO_FORWARD
338.3981,-11.7724,-38.4054,0.300,NORMAL,1,ROUTE,,,,0.000,T1_REVERSE_TO_FORWARD
338.4982,-11.6788,-38.4407,0.300,NORMAL,1,ROUTE,,,,0.000,T1_REVERSE_TO_FORWARD
338.5982,-11.5856,-38.4771,0.300,NORMAL,1,ROUTE,,,,0.000,T1_REVERSE_TO_FORWARD
338.6982,-11.4929,-38.5144,0.300,NORMAL,1,ROUTE,,,,0.000,T1_REVERSE_TO_FORWARD
338.7981,-11.4005,-38.5527,0.300,NORMAL,1,ROUTE,,,,0.000,T1_REVERSE_TO_FORWARD
338.8981,-11.3084,-38.5916,0.300,NORMAL,1,ROUTE,,,,0.000,T1_REVERSE_TO_FORWARD
338.9981,-11.2166,-38.6312,0.300,NORMAL,1,ROUTE,,,,0.000,T1_REVERSE_TO_FORWARD
339.0982,-11.1250,-38.6713,0.300,NORMAL,1,ROUTE,,,,0.000,T1_REVERSE_TO_FORWARD
339.1981,-11.0336,-38.7118,0.300,NORMAL,1,ROUTE,,,,0.000,T1_REVERSE_TO_FORWARD
339.2981,-10.9422,-38.7525,0.300,NORMAL,1,ROUTE,,,,0.000,T1_REVERSE_TO_FORWARD
339.3980,-10.8511,-38.7934,0.300,NORMAL,1,ROUTE,,,,0.000,T1_REVERSE_TO_FORWARD
339.4981,-10.7598,-38.8344,0.300,NORMAL,1,ROUTE,,,,0.000,T1_REVERSE_TO_FORWARD
339.5980,-10.6687,-38.8755,0.300,NORMAL,1,ROUTE,,,,0.000,T1_REVERSE_TO_FORWARD
339.6981,-10.5775,-38.9168,0.300,NORMAL,1,ROUTE,,,,0.000,T1_REVERSE_TO_FORWARD
339.7980,-10.4866,-38.9582,0.300,NORMAL,1,ROUTE,,,,0.000,T1_REVERSE_TO_FORWARD
339.8981,-10.3958,-39.0002,0.300,NORMAL,1,ROUTE,,,,0.000,T1_REVERSE_TO_FORWARD
339.9980,-10.3053,-39.0426,0.300,NORMAL,1,ROUTE,,,,0.000,T1_REVERSE_TO_FORWARD
340.0980,-10.2151,-39.0859,0.300,NORMAL,1,ROUTE,,,,0.000,T1_REVERSE_TO_FORWARD
340.1980,-10.1256,-39.1302,0.300,NORMAL,1,ROUTE,,,,0.000,T1_REVERSE_TO_FORWARD
340.2980,-10.0365,-39.1758,0.300,NORMAL,1,ROUTE,,,,0.000,T1_REVERSE_TO_FORWARD
340.3980,-9.9483,-39.2229,0.300,NORMAL,1,ROUTE,,,,0.000,T1_REVERSE_TO_FORWARD
340.4980,-9.8610,-39.2717,0.300,NORMAL,1,ROUTE,,,,0.000,T1_REVERSE_TO_FORWARD
340.5980,-9.7748,-39.3222,0.300,NORMAL,1,ROUTE,,,,0.000,T1_REVERSE_TO_FORWARD
340.6980,-9.6895,-39.3744,0.300,NORMAL,1,ROUTE,,,,0.000,T1_REVERSE_TO_FORWARD
340.7979,-9.6053,-39.4283,0.300,NORMAL,1,ROUTE,,,,0.000,T1_REVERSE_TO_FORWARD
340.8979,-9.5219,-39.4836,0.300,NORMAL,1,ROUTE,,,,0.000,T1_REVERSE_TO_FORWARD
340.9979,-9.4397,-39.5403,0.300,NORMAL,1,ROUTE,,,,0.000,T1_REVERSE_TO_FORWARD
341.0979,-9.3581,-39.5982,0.300,NORMAL,1,ROUTE,,,,0.000,T1_REVERSE_TO_FORWARD
341.1979,-9.2775,-39.6574,0.300,NORMAL,1,ROUTE,,,,0.000,T1_REVERSE_TO_FORWARD
341.2979,-9.1976,-39.7176,0.300,NORMAL,1,ROUTE,,,,0.000,T1_REVERSE_TO_FORWARD
341.3978,-9.1185,-39.7786,0.300,NORMAL,1,ROUTE,,,,0.000,T1_REVERSE_TO_FORWARD
341.4979,-9.0401,-39.8408,0.300,NORMAL,1,ROUTE,,,,0.000,T1_REVERSE_TO_FORWARD
341.5978,-8.9624,-39.9037,0.300,NORMAL,1,ROUTE,,,,0.000,T1_REVERSE_TO_FORWARD
341.6978,-8.8853,-39.9673,0.300,NORMAL,1,ROUTE,,,,0.000,T1_REVERSE_TO_FORWARD
341.7978,-8.8090,-40.0319,0.300,NORMAL,1,ROUTE,,,,0.000,T1_REVERSE_TO_FORWARD
341.8978,-8.7334,-40.0974,0.300,NORMAL,1,ROUTE,,,,0.000,T1_REVERSE_TO_FORWARD
341.9978,-8.6586,-40.1638,0.300,NORMAL,1,ROUTE,,,,0.000,T1_REVERSE_TO_FORWARD
342.0978,-8.5846,-40.2311,0.300,NORMAL,1,ROUTE,,,,0.000,T1_REVERSE_TO_FORWARD
342.1977,-8.5117,-40.2993,0.300,NORMAL,1,ROUTE,,,,0.000,T1_REVERSE_TO_FORWARD
342.2978,-8.4397,-40.3688,0.300,NORMAL,1,ROUTE,,,,0.000,T1_REVERSE_TO_FORWARD
342.3977,-8.3688,-40.4393,0.300,NORMAL,1,ROUTE,,,,0.000,T1_REVERSE_TO_FORWARD
342.4977,-8.2989,-40.5107,0.300,NORMAL,1,ROUTE,,,,0.000,T1_REVERSE_TO_FORWARD
342.5977,-8.2301,-40.5834,0.300,NORMAL,1,ROUTE,,,,0.000,T1_REVERSE_TO_FORWARD
342.6976,-8.1628,-40.6572,0.300,NORMAL,1,ROUTE,,,,0.000,T1_REVERSE_TO_FORWARD
342.7977,-8.0967,-40.7323,0.300,NORMAL,1,ROUTE,,,,0.000,T1_REVERSE_TO_FORWARD
342.8977,-8.0321,-40.8087,0.300,NORMAL,1,ROUTE,,,,0.000,T1_REVERSE_TO_FORWARD
342.9976,-7.9692,-40.8863,0.300,NORMAL,1,ROUTE,,,,0.000,T1_REVERSE_TO_FORWARD
343.0977,-7.9078,-40.9653,0.300,NORMAL,1,ROUTE,,,,0.000,T1_REVERSE_TO_FORWARD
343.1976,-7.8484,-41.0457,0.300,NORMAL,1,ROUTE,,,,0.000,T1_REVERSE_TO_FORWARD
343.2977,-7.7906,-41.1273,0.300,NORMAL,1,ROUTE,,,,0.000,T1_REVERSE_TO_FORWARD
343.3977,-7.7344,-41.2100,0.300,NORMAL,1,ROUTE,,,,0.000,T1_REVERSE_TO_FORWARD
343.4976,-7.6798,-41.2937,0.300,NORMAL,1,ROUTE,,,,0.000,T1_REVERSE_TO_FORWARD
343.5976,-7.6266,-41.3784,0.300,NORMAL,1,ROUTE,,,,0.000,T1_REVERSE_TO_FORWARD
343.6976,-7.5745,-41.4638,0.300,NORMAL,1,ROUTE,,,,0.000,T1_REVERSE_TO_FORWARD
343.7975,-7.5237,-41.5498,0.300,NORMAL,1,ROUTE,,,,0.000,T1_REVERSE_TO_FORWARD
343.8975,-7.4739,-41.6365,0.300,NORMAL,1,ROUTE,,,,0.000,T1_REVERSE_TO_FORWARD
343.9976,-7.4250,-41.7238,0.300,NORMAL,1,ROUTE,,,,0.000,T1_REVERSE_TO_FORWARD
344.0975,-7.3771,-41.8115,0.300,NORMAL,1,ROUTE,,,,0.000,T1_REVERSE_TO_FORWARD
344.1975,-7.3300,-41.8997,0.300,NORMAL,1,ROUTE,,,,0.000,T1_REVERSE_TO_FORWARD
344.2975,-7.2839,-41.9885,0.300,NORMAL,1,ROUTE,,,,0.000,T1_REVERSE_TO_FORWARD
344.3975,-7.2387,-42.0777,0.300,NORMAL,1,ROUTE,,,,0.000,T1_REVERSE_TO_FORWARD
344.4975,-7.1945,-42.1674,0.300,NORMAL,1,ROUTE,,,,0.000,T1_REVERSE_TO_FORWARD
344.5975,-7.1514,-42.2576,0.300,NORMAL,1,ROUTE,,,,0.000,T1_REVERSE_TO_FORWARD
344.6975,-7.1095,-42.3484,0.300,NORMAL,1,ROUTE,,,,0.000,T1_REVERSE_TO_FORWARD
344.7975,-7.0689,-42.4398,0.300,NORMAL,1,ROUTE,,,,0.000,T1_REVERSE_TO_FORWARD
344.8974,-7.0295,-42.5316,0.300,NORMAL,1,ROUTE,,,,0.000,T1_REVERSE_TO_FORWARD
344.9974,-6.9914,-42.6241,0.300,NORMAL,1,ROUTE,,,,0.000,T1_REVERSE_TO_FORWARD
345.0974,-6.9547,-42.7171,0.300,NORMAL,1,ROUTE,,,,0.000,T1_REVERSE_TO_FORWARD
345.1974,-6.9193,-42.8106,0.300,NORMAL,1,ROUTE,,,,0.000,T1_REVERSE_TO_FORWARD
345.2974,-6.8854,-42.9047,0.300,NORMAL,1,ROUTE,,,,0.000,T1_REVERSE_TO_FORWARD
345.3974,-6.8531,-42.9993,0.300,NORMAL,1,ROUTE,,,,0.000,T1_REVERSE_TO_FORWARD
345.4974,-6.8224,-43.0945,0.300,NORMAL,1,ROUTE,,,,0.000,T1_REVERSE_TO_FORWARD
345.5974,-6.7936,-43.1902,0.300,NORMAL,1,ROUTE,,,,0.000,T1_REVERSE_TO_FORWARD
345.6973,-6.7666,-43.2865,0.300,NORMAL,1,ROUTE,,,,0.000,T1_REVERSE_TO_FORWARD
345.7973,-6.7419,-43.3833,0.300,NORMAL,1,ROUTE,,,,0.000,T1_REVERSE_TO_FORWARD
345.8973,-6.7193,-43.4807,0.300,NORMAL,1,ROUTE,,,,0.000,T1_REVERSE_TO_FORWARD
345.9973,-6.6990,-43.5787,0.300,NORMAL,1,ROUTE,,,,0.000,T1_REVERSE_TO_FORWARD
346.0972,-6.6807,-43.6769,0.300,NORMAL,1,ROUTE,,,,0.000,T1_REVERSE_TO_FORWARD
346.1973,-6.6642,-43.7756,0.300,NORMAL,1,ROUTE,,,,0.000,T1_REVERSE_TO_FORWARD
346.2972,-6.6497,-43.8745,0.300,NORMAL,1,ROUTE,,,,0.000,T1_REVERSE_TO_FORWARD
346.3973,-6.6370,-43.9737,0.300,NORMAL,1,ROUTE,,,,0.000,T1_REVERSE_TO_FORWARD
346.4972,-6.6259,-44.0730,0.300,NORMAL,1,ROUTE,,,,0.000,T1_REVERSE_TO_FORWARD
346.5973,-6.6164,-44.1727,0.300,NORMAL,1,ROUTE,,,,0.000,T1_REVERSE_TO_FORWARD
346.6972,-6.6084,-44.2723,0.300,NORMAL,1,ROUTE,,,,0.000,T1_REVERSE_TO_FORWARD
346.7972,-6.6018,-44.3720,0.300,NORMAL,1,ROUTE,,,,0.000,T1_REVERSE_TO_FORWARD
346.8972,-6.5965,-44.4719,0.300,NORMAL,1,ROUTE,,,,0.000,T1_REVERSE_TO_FORWARD
346.9972,-6.5924,-44.5718,0.300,NORMAL,1,ROUTE,,,,0.000,T1_REVERSE_TO_FORWARD
347.0971,-6.5894,-44.6717,0.300,NORMAL,1,ROUTE,,,,0.000,T1_REVERSE_TO_FORWARD
347.1972,-6.5874,-44.7717,0.300,NORMAL,1,ROUTE,,,,0.000,T1_REVERSE_TO_FORWARD
347.2971,-6.5864,-44.8717,0.300,NORMAL,1,ROUTE,,,,0.000,T1_REVERSE_TO_FORWARD
347.3972,-6.5863,-44.9717,0.300,NORMAL,1,ROUTE,,,,0.000,T1_REVERSE_TO_FORWARD
347.4971,-6.5872,-45.0717,0.300,NORMAL,1,ROUTE,,,,0.000,T1_REVERSE_TO_FORWARD
347.5971,-6.5891,-45.1716,0.300,NORMAL,1,ROUTE,,,,0.000,T1_REVERSE_TO_FORWARD
347.6971,-6.5919,-45.2716,0.300,NORMAL,1,ROUTE,,,,0.000,T1_REVERSE_TO_FORWARD
347.7971,-6.5955,-45.3716,0.300,NORMAL,1,ROUTE,,,,0.000,T1_REVERSE_TO_FORWARD
347.8971,-6.6002,-45.4714,0.300,NORMAL,1,ROUTE,,,,0.000,T1_REVERSE_TO_FORWARD
347.9971,-6.6056,-45.5712,0.300,NORMAL,1,ROUTE,,,,0.000,T1_REVERSE_TO_FORWARD
348.0970,-6.6120,-45.6710,0.300,NORMAL,1,ROUTE,,,,0.000,T1_REVERSE_TO_FORWARD
348.1970,-6.6194,-45.7707,0.300,NORMAL,1,ROUTE,,,,0.000,T1_REVERSE_TO_FORWARD
348.2971,-6.6274,-45.8704,0.300,NORMAL,1,ROUTE,,,,0.000,T1_REVERSE_TO_FORWARD
348.3971,-6.6364,-45.9700,0.300,NORMAL,1,ROUTE,,,,0.000,T1_REVERSE_TO_FORWARD
348.4970,-6.6462,-46.0695,0.300,NORMAL,1,ROUTE,,,,0.000,T1_REVERSE_TO_FORWARD
348.5970,-6.6567,-46.1689,0.300,NORMAL,1,ROUTE,,,,0.000,T1_REVERSE_TO_FORWARD
348.6970,-6.6680,-46.2683,0.300,NORMAL,1,ROUTE,,,,0.000,T1_REVERSE_TO_FORWARD
348.7970,-6.6800,-46.3675,0.300,NORMAL,1,ROUTE,,,,0.000,T1_REVERSE_TO_FORWARD
348.8970,-6.6925,-46.4668,0.300,NORMAL,1,ROUTE,,,,0.000,T1_REVERSE_TO_FORWARD
348.9969,-6.7056,-46.5658,0.300,NORMAL,1,ROUTE,,,,0.000,T1_REVERSE_TO_FORWARD
349.0970,-6.7191,-46.6650,0.300,NORMAL,1,ROUTE,,,,0.000,T1_REVERSE_TO_FORWARD
349.1970,-6.7330,-46.7640,0.300,NORMAL,1,ROUTE,,,,0.000,T1_REVERSE_TO_FORWARD
349.2969,-6.7469,-46.8630,0.300,NORMAL,1,ROUTE,,,,0.000,T1_REVERSE_TO_FORWARD
349.3969,-6.7610,-46.9619,0.300,NORMAL,1,ROUTE,,,,0.000,T1_REVERSE_TO_FORWARD
349.4970,-6.7748,-47.0611,0.300,NORMAL,1,ROUTE,,,,0.000,T1_REVERSE_TO_FORWARD
349.5969,-6.7882,-47.1601,0.300,NORMAL,1,ROUTE,,,,0.000,T1_REVERSE_TO_FORWARD
349.6969,-6.8012,-47.2593,0.300,NORMAL,1,ROUTE,,,,0.000,T1_REVERSE_TO_FORWARD
349.7969,-6.8136,-47.3585,0.300,NORMAL,1,ROUTE,,,,0.000,T1_REVERSE_TO_FORWARD
349.8969,-6.8253,-47.4577,0.300,NORMAL,1,ROUTE,,,,0.000,T1_REVERSE_TO_FORWARD
349.9968,-6.8364,-47.5571,0.300,NORMAL,1,ROUTE,,,,0.000,T1_REVERSE_TO_FORWARD
350.0968,-6.8469,-47.6565,0.300,NORMAL,1,ROUTE,,,,0.000,T1_REVERSE_TO_FORWARD
350.1969,-6.8571,-47.7561,0.300,NORMAL,1,ROUTE,,,,0.000,T1_REVERSE_TO_FORWARD
350.2968,-6.8669,-47.8555,0.300,NORMAL,1,ROUTE,,,,0.000,T1_REVERSE_TO_FORWARD
350.3968,-6.8767,-47.9551,0.300,NORMAL,1,ROUTE,,,,0.000,T1_REVERSE_TO_FORWARD
350.4968,-6.8863,-48.0546,0.300,NORMAL,1,ROUTE,,,,0.000,T1_REVERSE_TO_FORWARD
350.5968,-6.8961,-48.1541,0.300,NORMAL,1,ROUTE,,,,0.000,T1_REVERSE_TO_FORWARD
350.6968,-6.9063,-48.2535,0.300,NORMAL,1,ROUTE,,,,0.000,T1_REVERSE_TO_FORWARD
350.7968,-6.9169,-48.3530,0.300,NORMAL,1,ROUTE,,,,0.000,T1_REVERSE_TO_FORWARD
350.8968,-6.9281,-48.4524,0.300,NORMAL,1,ROUTE,,,,0.000,T1_REVERSE_TO_FORWARD
350.9968,-6.9403,-48.5516,0.300,NORMAL,1,ROUTE,,,,0.000,T1_REVERSE_TO_FORWARD
351.0967,-6.9532,-48.6507,0.300,NORMAL,1,ROUTE,,,,0.000,T1_REVERSE_TO_FORWARD
351.1967,-6.9671,-48.7497,0.300,NORMAL,1,ROUTE,,,,0.000,T1_REVERSE_TO_FORWARD
351.2967,-6.9822,-48.8486,0.300,NORMAL,1,ROUTE,,,,0.000,T1_REVERSE_TO_FORWARD
351.3967,-6.9984,-48.9472,0.300,NORMAL,1,ROUTE,,,,0.000,T1_REVERSE_TO_FORWARD
351.4967,-7.0158,-49.0457,0.300,NORMAL,1,ROUTE,,,,0.000,T1_REVERSE_TO_FORWARD
351.5967,-7.0345,-49.1440,0.300,NORMAL,1,ROUTE,,,,0.000,T1_REVERSE_TO_FORWARD
351.6967,-7.0543,-49.2420,0.300,NORMAL,1,ROUTE,,,,0.000,T1_REVERSE_TO_FORWARD
351.7966,-7.0750,-49.3397,0.300,NORMAL,1,ROUTE,,,,0.000,T1_REVERSE_TO_FORWARD
351.8966,-7.0963,-49.4374,0.300,NORMAL,1,ROUTE,,,,0.000,T1_REVERSE_TO_FORWARD
351.9966,-7.1181,-49.5351,0.300,NORMAL,1,ROUTE,,,,0.000,T1_REVERSE_TO_FORWARD
352.0966,-7.1400,-49.6326,0.300,NORMAL,1,ROUTE,,,,0.000,T1_REVERSE_TO_FORWARD
352.1966,-7.1617,-49.7302,0.300,NORMAL,1,ROUTE,,,,0.000,T1_REVERSE_TO_FORWARD
352.2966,-7.1831,-49.8279,0.300,NORMAL,1,ROUTE,,,,0.000,T1_REVERSE_TO_FORWARD
352.3966,-7.2039,-49.9257,0.300,NORMAL,1,ROUTE,,,,0.000,T1_REVERSE_TO_FORWARD
352.4966,-7.2240,-50.0237,0.300,NORMAL,1,ROUTE,,,,0.000,T1_REVERSE_TO_FORWARD
352.5965,-7.2432,-50.1217,0.300,NORMAL,1,ROUTE,,,,0.000,T1_REVERSE_TO_FORWARD
352.6965,-7.2618,-50.2200,0.300,NORMAL,1,ROUTE,,,,0.000,T1_REVERSE_TO_FORWARD
352.7966,-7.2796,-50.3184,0.300,NORMAL,1,ROUTE,,,,0.000,T1_REVERSE_TO_FORWARD
352.8966,-7.2967,-50.4170,0.300,NORMAL,1,ROUTE,,,,0.000,T1_REVERSE_TO_FORWARD
352.9965,-7.3132,-50.5156,0.300,NORMAL,1,ROUTE,,,,0.000,T1_REVERSE_TO_FORWARD
353.0965,-7.3293,-50.6143,0.300,NORMAL,1,ROUTE,,,,0.000,T1_REVERSE_TO_FORWARD
353.1965,-7.3449,-50.7130,0.300,NORMAL,1,ROUTE,,,,0.000,T1_REVERSE_TO_FORWARD
353.2965,-7.3602,-50.8118,0.300,NORMAL,1,ROUTE,,,,0.000,T1_REVERSE_TO_FORWARD
353.3965,-7.3753,-50.9106,0.300,NORMAL,1,ROUTE,,,,0.000,T1_REVERSE_TO_FORWARD
353.4965,-7.3904,-51.0095,0.300,NORMAL,1,ROUTE,,,,0.000,T1_REVERSE_TO_FORWARD
353.5965,-7.4056,-51.1083,0.300,NORMAL,1,ROUTE,,,,0.000,T1_REVERSE_TO_FORWARD
353.6964,-7.4211,-51.2071,0.300,NORMAL,1,ROUTE,,,,0.000,T1_REVERSE_TO_FORWARD
353.7964,-7.4368,-51.3058,0.300,NORMAL,1,ROUTE,,,,0.000,T1_REVERSE_TO_FORWARD
353.8965,-7.4530,-51.4045,0.300,NORMAL,1,ROUTE,,,,0.000,T1_REVERSE_TO_FORWARD
353.9964,-7.4697,-51.5031,0.300,NORMAL,1,ROUTE,,,,0.000,T1_REVERSE_TO_FORWARD
354.0964,-7.4869,-51.6016,0.300,NORMAL,1,ROUTE,,,,0.000,T1_REVERSE_TO_FORWARD
354.1964,-7.5047,-51.7000,0.300,NORMAL,1,ROUTE,,,,0.000,T1_REVERSE_TO_FORWARD
354.2964,-7.5231,-51.7983,0.300,NORMAL,1,ROUTE,,,,0.000,T1_REVERSE_TO_FORWARD
354.3964,-7.5419,-51.8965,0.300,NORMAL,1,ROUTE,,,,0.000,T1_REVERSE_TO_FORWARD
354.4964,-7.5612,-51.9946,0.300,NORMAL,1,ROUTE,,,,0.000,T1_REVERSE_TO_FORWARD
354.5964,-7.5809,-52.0926,0.300,NORMAL,1,ROUTE,,,,0.000,T1_REVERSE_TO_FORWARD
354.6964,-7.6010,-52.1906,0.300,NORMAL,1,ROUTE,,,,0.000,T1_REVERSE_TO_FORWARD
354.7964,-7.6214,-52.2885,0.300,NORMAL,1,ROUTE,,,,0.000,T1_REVERSE_TO_FORWARD
354.8964,-7.6419,-52.3864,0.300,NORMAL,1,ROUTE,,,,0.000,T1_REVERSE_TO_FORWARD
354.9963,-7.6626,-52.4841,0.300,NORMAL,1,ROUTE,,,,0.000,T1_REVERSE_TO_FORWARD
355.0963,-7.6832,-52.5820,0.300,NORMAL,1,ROUTE,,,,0.000,T1_REVERSE_TO_FORWARD
355.1963,-7.7038,-52.6798,0.300,NORMAL,1,ROUTE,,,,0.000,T1_REVERSE_TO_FORWARD
355.2963,-7.7241,-52.7778,0.300,NORMAL,1,ROUTE,,,,0.000,T1_REVERSE_TO_FORWARD
355.3963,-7.7442,-52.8757,0.300,NORMAL,1,ROUTE,,,,0.000,T1_REVERSE_TO_FORWARD
355.4963,-7.7640,-52.9737,0.300,NORMAL,1,ROUTE,,,,0.000,T1_REVERSE_TO_FORWARD
355.5963,-7.7834,-53.0718,0.300,NORMAL,1,ROUTE,,,,0.000,T1_REVERSE_TO_FORWARD
355.6962,-7.8024,-53.1699,0.300,NORMAL,1,ROUTE,,,,0.000,T1_REVERSE_TO_FORWARD
355.7963,-7.8209,-53.2683,0.300,NORMAL,1,ROUTE,,,,0.000,T1_REVERSE_TO_FORWARD
355.8962,-7.8390,-53.3666,0.300,NORMAL,1,ROUTE,,,,0.000,T1_REVERSE_TO_FORWARD
355.9962,-7.8566,-53.4650,0.300,NORMAL,1,ROUTE,,,,0.000,T1_REVERSE_TO_FORWARD
356.0962,-7.8737,-53.5635,0.300,NORMAL,1,ROUTE,,,,0.000,T1_REVERSE_TO_FORWARD
356.1962,-7.8904,-53.6621,0.300,NORMAL,1,ROUTE,,,,0.000,T1_REVERSE_TO_FORWARD
356.2962,-7.9065,-53.7608,0.300,NORMAL,1,ROUTE,,,,0.000,T1_REVERSE_TO_FORWARD
356.3961,-7.9222,-53.8595,0.300,NORMAL,1,ROUTE,,,,0.000,T1_REVERSE_TO_FORWARD
356.4962,-7.9375,-53.9583,0.300,NORMAL,1,ROUTE,,,,0.000,T1_REVERSE_TO_FORWARD
356.5961,-7.9524,-54.0572,0.300,NORMAL,1,ROUTE,,,,0.000,T1_REVERSE_TO_FORWARD
356.6962,-7.9670,-54.1562,0.300,NORMAL,1,ROUTE,,,,0.000,T1_REVERSE_TO_FORWARD
356.7961,-7.9813,-54.2551,0.300,NORMAL,1,ROUTE,,,,0.000,T1_REVERSE_TO_FORWARD
356.8961,-7.9956,-54.3540,0.300,NORMAL,1,ROUTE,,,,0.000,T1_REVERSE_TO_FORWARD
356.9961,-8.0097,-54.4530,0.300,NORMAL,1,ROUTE,,,,0.000,T1_REVERSE_TO_FORWARD
357.0961,-8.0239,-54.5520,0.300,NORMAL,1,ROUTE,,,,0.000,T1_REVERSE_TO_FORWARD
357.1960,-8.0381,-54.6509,0.300,NORMAL,1,ROUTE,,,,0.000,T1_REVERSE_TO_FORWARD
357.2961,-8.0525,-54.7500,0.300,NORMAL,1,ROUTE,,,,0.000,T1_REVERSE_TO_FORWARD
357.3961,-8.0671,-54.8489,0.300,NORMAL,1,ROUTE,,,,0.000,T1_REVERSE_TO_FORWARD
357.4960,-8.0820,-54.9477,0.300,NORMAL,1,ROUTE,,,,0.000,T1_REVERSE_TO_FORWARD
357.5961,-8.0971,-55.0466,0.300,NORMAL,1,ROUTE,,,,0.000,T1_REVERSE_TO_FORWARD
357.6961,-8.1126,-55.1454,0.300,NORMAL,1,ROUTE,,,,0.000,T1_REVERSE_TO_FORWARD
357.7960,-8.1283,-55.2441,0.300,NORMAL,1,ROUTE,,,,0.000,T1_REVERSE_TO_FORWARD
357.8960,-8.1445,-55.3427,0.300,NORMAL,1,ROUTE,,,,0.000,T1_REVERSE_TO_FORWARD
357.9960,-8.1609,-55.4414,0.300,NORMAL,1,ROUTE,,,,0.000,T1_REVERSE_TO_FORWARD
358.0959,-8.1776,-55.5399,0.300,NORMAL,1,ROUTE,,,,0.000,T1_REVERSE_TO_FORWARD
358.1960,-8.1946,-55.6385,0.300,NORMAL,1,ROUTE,,,,0.000,T1_REVERSE_TO_FORWARD
358.2960,-8.2117,-55.7371,0.300,NORMAL,1,ROUTE,,,,0.000,T1_REVERSE_TO_FORWARD
358.3959,-8.2289,-55.8355,0.300,NORMAL,1,ROUTE,,,,0.000,T1_REVERSE_TO_FORWARD
358.4959,-8.2464,-55.9339,0.300,NORMAL,1,ROUTE,,,,0.000,T1_REVERSE_TO_FORWARD
358.5959,-8.2640,-56.0324,0.300,NORMAL,1,ROUTE,,,,0.000,T1_REVERSE_TO_FORWARD
358.6959,-8.2818,-56.1308,0.300,NORMAL,1,ROUTE,,,,0.000,T1_REVERSE_TO_FORWARD
358.7959,-8.2998,-56.2291,0.300,NORMAL,1,ROUTE,,,,0.000,T1_REVERSE_TO_FORWARD
358.8959,-8.3180,-56.3275,0.300,NORMAL,1,ROUTE,,,,0.000,T1_REVERSE_TO_FORWARD
358.9959,-8.3364,-56.4258,0.300,NORMAL,1,ROUTE,,,,0.000,T1_REVERSE_TO_FORWARD
359.0959,-8.3552,-56.5240,0.300,NORMAL,1,ROUTE,,,,0.000,T1_REVERSE_TO_FORWARD
359.1958,-8.3742,-56.6221,0.300,NORMAL,1,ROUTE,,,,0.000,T1_REVERSE_TO_FORWARD
359.2958,-8.3938,-56.7201,0.300,NORMAL,1,ROUTE,,,,0.000,T1_REVERSE_TO_FORWARD
359.3958,-8.4136,-56.8181,0.300,NORMAL,1,ROUTE,,,,0.000,T1_REVERSE_TO_FORWARD
359.4959,-8.4339,-56.9161,0.300,NORMAL,1,ROUTE,,,,0.000,T1_REVERSE_TO_FORWARD
359.5959,-8.4545,-57.0140,0.300,NORMAL,1,ROUTE,,,,0.000,T1_REVERSE_TO_FORWARD
359.6958,-8.4754,-57.1117,0.300,NORMAL,1,ROUTE,,,,0.000,T1_REVERSE_TO_FORWARD
359.7958,-8.4965,-57.2095,0.300,NORMAL,1,ROUTE,,,,0.000,T1_REVERSE_TO_FORWARD
359.8958,-8.5179,-57.3071,0.300,NORMAL,1,ROUTE,,,,0.000,T1_REVERSE_TO_FORWARD
359.9957,-8.5396,-57.4047,0.300,NORMAL,1,ROUTE,,,,0.000,T1_REVERSE_TO_FORWARD
360.0958,-8.5614,-57.5023,0.300,NORMAL,1,ROUTE,,,,0.000,T1_REVERSE_TO_FORWARD
360.1957,-8.5835,-57.5998,0.300,NORMAL,1,ROUTE,,,,0.000,T1_REVERSE_TO_FORWARD
360.2957,-8.6057,-57.6973,0.300,NORMAL,1,ROUTE,,,,0.000,T1_REVERSE_TO_FORWARD
360.3958,-8.6283,-57.7948,0.300,NORMAL,1,ROUTE,,,,0.000,T1_REVERSE_TO_FORWARD
360.4957,-8.6511,-57.8921,0.300,NORMAL,1,ROUTE,,,,0.000,T1_REVERSE_TO_FORWARD
360.5957,-8.6741,-57.9894,0.300,NORMAL,1,ROUTE,,,,0.000,T1_REVERSE_TO_FORWARD
360.6957,-8.6975,-58.0866,0.300,NORMAL,1,ROUTE,,,,0.000,T1_REVERSE_TO_FORWARD
360.7957,-8.7211,-58.1838,0.300,NORMAL,1,ROUTE,,,,0.000,T1_REVERSE_TO_FORWARD
360.8956,-8.7449,-58.2808,0.300,NORMAL,1,ROUTE,,,,0.000,T1_REVERSE_TO_FORWARD
360.9957,-8.7688,-58.3780,0.300,NORMAL,1,ROUTE,,,,0.000,T1_REVERSE_TO_FORWARD
361.0957,-8.7928,-58.4751,0.300,NORMAL,1,ROUTE,,,,0.000,T1_REVERSE_TO_FORWARD
361.1956,-8.8166,-58.5721,0.300,NORMAL,1,ROUTE,,,,0.000,T1_REVERSE_TO_FORWARD
361.2956,-8.8402,-58.6693,0.300,NORMAL,1,ROUTE,,,,0.000,T1_REVERSE_TO_FORWARD
361.3956,-8.8632,-58.7666,0.300,NORMAL,1,ROUTE,,,,0.000,T1_REVERSE_TO_FORWARD
361.4956,-8.8858,-58.8640,0.300,NORMAL,1,ROUTE,,,,0.000,T1_REVERSE_TO_FORWARD
361.5956,-8.9077,-58.9616,0.300,NORMAL,1,ROUTE,,,,0.000,T1_REVERSE_TO_FORWARD
361.6956,-8.9290,-59.0593,0.300,NORMAL,1,ROUTE,,,,0.000,T1_REVERSE_TO_FORWARD
361.7956,-8.9498,-59.1571,0.300,NORMAL,1,ROUTE,,,,0.000,T1_REVERSE_TO_FORWARD
361.8956,-8.9702,-59.2550,0.300,NORMAL,1,ROUTE,,,,0.000,T1_REVERSE_TO_FORWARD
361.9955,-8.9903,-59.3529,0.300,NORMAL,1,ROUTE,,,,0.000,T1_REVERSE_TO_FORWARD
362.0955,-9.0105,-59.4508,0.300,NORMAL,1,ROUTE,,,,0.000,T1_REVERSE_TO_FORWARD
362.1955,-9.0308,-59.5487,0.300,NORMAL,1,ROUTE,,,,0.000,T1_REVERSE_TO_FORWARD
362.2955,-9.0513,-59.6466,0.300,NORMAL,1,ROUTE,,,,0.000,T1_REVERSE_TO_FORWARD
362.3955,-9.0722,-59.7444,0.300,NORMAL,1,ROUTE,,,,0.000,T1_REVERSE_TO_FORWARD
362.4955,-9.0937,-59.8421,0.300,NORMAL,1,ROUTE,,,,0.000,T1_REVERSE_TO_FORWARD
362.5954,-9.1158,-59.9395,0.300,NORMAL,1,ROUTE,,,,0.000,T1_REVERSE_TO_FORWARD
362.6955,-9.1383,-60.0370,0.300,NORMAL,1,ROUTE,,,,0.000,T1_REVERSE_TO_FORWARD
362.7954,-9.1615,-60.1342,0.300,NORMAL,1,ROUTE,,,,0.000,T1_REVERSE_TO_FORWARD
362.8955,-9.1853,-60.2314,0.300,NORMAL,1,ROUTE,,,,0.000,T1_REVERSE_TO_FORWARD
362.9954,-9.2095,-60.3283,0.300,NORMAL,1,ROUTE,,,,0.000,T1_REVERSE_TO_FORWARD
363.0954,-9.2341,-60.4253,0.300,NORMAL,1,ROUTE,,,,0.000,T1_REVERSE_TO_FORWARD
363.1955,-9.2593,-60.5221,0.300,NORMAL,1,ROUTE,,,,0.000,T1_REVERSE_TO_FORWARD
363.2954,-9.2848,-60.6187,0.300,NORMAL,1,ROUTE,,,,0.000,T1_REVERSE_TO_FORWARD
363.3954,-9.3108,-60.7153,0.300,NORMAL,1,ROUTE,,,,0.000,T1_REVERSE_TO_FORWARD
363.4954,-9.3370,-60.8118,0.300,NORMAL,1,ROUTE,,,,0.000,T1_REVERSE_TO_FORWARD
363.5954,-9.3633,-60.9083,0.300,NORMAL,1,ROUTE,,,,0.000,T1_REVERSE_TO_FORWARD
363.6953,-9.3897,-61.0047,0.300,NORMAL,1,ROUTE,,,,0.000,T1_REVERSE_TO_FORWARD
363.7953,-9.4162,-61.1011,0.300,NORMAL,1,ROUTE,,,,0.000,T1_REVERSE_TO_FORWARD
363.8953,-9.4425,-61.1975,0.300,NORMAL,1,ROUTE,,,,0.000,T1_REVERSE_TO_FORWARD
363.9953,-9.4687,-61.2940,0.300,NORMAL,1,ROUTE,,,,0.000,T1_REVERSE_TO_FORWARD
364.0954,-9.4945,-61.3907,0.300,NORMAL,1,ROUTE,,,,0.000,T1_REVERSE_TO_FORWARD
364.1953,-9.5200,-61.4873,0.300,NORMAL,1,ROUTE,,,,0.000,T1_REVERSE_TO_FORWARD
364.2953,-9.5453,-61.5841,0.300,NORMAL,1,ROUTE,,,,0.000,T1_REVERSE_TO_FORWARD
364.3953,-9.5703,-61.6809,0.300,NORMAL,1,ROUTE,,,,0.000,T1_REVERSE_TO_FORWARD
364.4953,-9.5952,-61.7778,0.300,NORMAL,1,ROUTE,,,,0.000,T1_REVERSE_TO_FORWARD
364.5952,-9.6198,-61.8746,0.300,NORMAL,1,ROUTE,,,,0.000,T1_REVERSE_TO_FORWARD
364.6953,-9.6446,-61.9715,0.300,NORMAL,1,ROUTE,,,,0.000,T1_REVERSE_TO_FORWARD
364.7952,-9.6696,-62.0683,0.300,NORMAL,1,ROUTE,,,,0.000,T1_REVERSE_TO_FORWARD
364.8952,-9.6948,-62.1651,0.300,NORMAL,1,ROUTE,,,,0.000,T1_REVERSE_TO_FORWARD
364.9953,-9.7205,-62.2618,0.300,NORMAL,1,ROUTE,,,,0.000,T1_REVERSE_TO_FORWARD
365.0952,-9.7466,-62.3582,0.300,NORMAL,1,ROUTE,,,,0.000,T1_REVERSE_TO_FORWARD
365.1952,-9.7736,-62.4545,0.300,NORMAL,1,ROUTE,,,,0.000,T1_REVERSE_TO_FORWARD
365.2952,-9.8013,-62.5506,0.300,NORMAL,1,ROUTE,,,,0.000,T1_REVERSE_TO_FORWARD
365.3952,-9.8299,-62.6464,0.300,NORMAL,1,ROUTE,,,,0.000,T1_REVERSE_TO_FORWARD
365.4952,-9.8592,-62.7420,0.300,NORMAL,1,ROUTE,,,,0.000,T1_REVERSE_TO_FORWARD
365.5952,-9.8895,-62.8373,0.300,NORMAL,1,ROUTE,,,,0.000,T1_REVERSE_TO_FORWARD
365.6951,-9.9206,-62.9323,0.300,NORMAL,1,ROUTE,,,,0.000,T1_REVERSE_TO_FORWARD
365.7952,-9.9527,-63.0270,0.300,NORMAL,1,ROUTE,,,,0.000,T1_REVERSE_TO_FORWARD
365.8951,-9.9857,-63.1214,0.300,NORMAL,1,ROUTE,,,,0.000,T1_REVERSE_TO_FORWARD
365.9952,-10.0196,-63.2155,0.300,NORMAL,1,ROUTE,,,,0.000,T1_REVERSE_TO_FORWARD
366.0951,-10.0543,-63.3092,0.300,NORMAL,1,ROUTE,,,,0.000,T1_REVERSE_TO_FORWARD
366.1951,-10.0897,-63.4028,0.300,NORMAL,1,ROUTE,,,,0.000,T1_REVERSE_TO_FORWARD
366.2951,-10.1258,-63.4960,0.300,NORMAL,1,ROUTE,,,,0.000,T1_REVERSE_TO_FORWARD
366.3951,-10.1624,-63.5891,0.300,NORMAL,1,ROUTE,,,,0.000,T1_REVERSE_TO_FORWARD
366.4951,-10.1994,-63.6820,0.300,NORMAL,1,ROUTE,,,,0.000,T1_REVERSE_TO_FORWARD
366.5951,-10.2367,-63.7747,0.300,NORMAL,1,ROUTE,,,,0.000,T1_REVERSE_TO_FORWARD
366.6951,-10.2744,-63.8674,0.300,NORMAL,1,ROUTE,,,,0.000,T1_REVERSE_TO_FORWARD
366.7950,-10.3122,-63.9599,0.300,NORMAL,1,ROUTE,,,,0.000,T1_REVERSE_TO_FORWARD
366.8951,-10.3502,-64.0524,0.300,NORMAL,1,ROUTE,,,,0.000,T1_REVERSE_TO_FORWARD
366.9950,-10.3884,-64.1448,0.300,NORMAL,1,ROUTE,,,,0.000,T1_REVERSE_TO_FORWARD
367.0950,-10.4269,-64.2371,0.300,NORMAL,1,ROUTE,,,,0.000,T1_REVERSE_TO_FORWARD
367.1950,-10.4657,-64.3292,0.300,NORMAL,1,ROUTE,,,,0.000,T1_REVERSE_TO_FORWARD
367.2950,-10.5051,-64.4211,0.300,NORMAL,1,ROUTE,,,,0.000,T1_REVERSE_TO_FORWARD
367.3950,-10.5449,-64.5129,0.300,NORMAL,1,ROUTE,,,,0.000,T1_REVERSE_TO_FORWARD
367.4949,-10.5856,-64.6042,0.300,NORMAL,1,ROUTE,,,,0.000,T1_REVERSE_TO_FORWARD
367.5949,-10.6270,-64.6952,0.300,NORMAL,1,ROUTE,,,,0.000,T1_REVERSE_TO_FORWARD
367.6950,-10.6694,-64.7858,0.300,NORMAL,1,ROUTE,,,,0.000,T1_REVERSE_TO_FORWARD
367.7949,-10.7128,-64.8758,0.300,NORMAL,1,ROUTE,,,,0.000,T1_REVERSE_TO_FORWARD
367.8949,-10.7573,-64.9654,0.300,NORMAL,1,ROUTE,,,,0.000,T1_REVERSE_TO_FORWARD
367.9949,-10.8028,-65.0544,0.300,NORMAL,1,ROUTE,,,,0.000,T1_REVERSE_TO_FORWARD
368.0949,-10.8496,-65.1428,0.300,NORMAL,1,ROUTE,,,,0.000,T1_REVERSE_TO_FORWARD
368.1949,-10.8977,-65.2304,0.300,NORMAL,1,ROUTE,,,,0.000,T1_REVERSE_TO_FORWARD
368.2948,-10.9470,-65.3173,0.300,NORMAL,1,ROUTE,,,,0.000,T1_REVERSE_TO_FORWARD
368.3948,-10.9979,-65.4035,0.300,NORMAL,1,ROUTE,,,,0.000,T1_REVERSE_TO_FORWARD
368.4948,-11.0502,-65.4887,0.300,NORMAL,1,ROUTE,,,,0.000,T1_REVERSE_TO_FORWARD
368.5948,-11.1041,-65.5729,0.300,NORMAL,1,ROUTE,,,,0.000,T1_REVERSE_TO_FORWARD
368.6948,-11.1598,-65.6560,0.300,NORMAL,1,ROUTE,,,,0.000,T1_REVERSE_TO_FORWARD
368.7948,-11.2170,-65.7379,0.300,NORMAL,1,ROUTE,,,,0.000,T1_REVERSE_TO_FORWARD
368.8948,-11.2761,-65.8187,0.300,NORMAL,1,ROUTE,,,,0.000,T1_REVERSE_TO_FORWARD
368.9948,-11.3366,-65.8982,0.300,NORMAL,1,ROUTE,,,,0.000,T1_REVERSE_TO_FORWARD
369.0947,-11.3988,-65.9765,0.300,NORMAL,1,ROUTE,,,,0.000,T1_REVERSE_TO_FORWARD
369.1948,-11.4625,-66.0536,0.300,NORMAL,1,ROUTE,,,,0.000,T1_REVERSE_TO_FORWARD
369.2947,-11.5278,-66.1293,0.300,NORMAL,1,ROUTE,,,,0.000,T1_REVERSE_TO_FORWARD
369.3947,-11.5948,-66.2035,0.300,NORMAL,1,ROUTE,,,,0.000,T1_REVERSE_TO_FORWARD
369.4947,-11.6634,-66.2763,0.300,NORMAL,1,ROUTE,,,,0.000,T1_REVERSE_TO_FORWARD
369.5947,-11.7335,-66.3476,0.300,NORMAL,1,ROUTE,,,,0.000,T1_REVERSE_TO_FORWARD
369.6947,-11.8050,-66.4174,0.300,NORMAL,1,ROUTE,,,,0.000,T1_REVERSE_TO_FORWARD
369.7947,-11.8781,-66.4857,0.300,NORMAL,1,ROUTE,,,,0.000,T1_REVERSE_TO_FORWARD
369.8947,-11.9525,-66.5525,0.300,NORMAL,1,ROUTE,,,,0.000,T1_REVERSE_TO_FORWARD
369.9946,-12.0281,-66.6179,0.300,NORMAL,1,ROUTE,,,,0.000,T1_REVERSE_TO_FORWARD
370.0946,-12.1050,-66.6818,0.300,NORMAL,1,ROUTE,,,,0.000,T1_REVERSE_TO_FORWARD
370.1946,-12.1831,-66.7442,0.300,NORMAL,1,ROUTE,,,,0.000,T1_REVERSE_TO_FORWARD
370.2946,-12.2624,-66.8052,0.300,NORMAL,1,ROUTE,,,,0.000,T1_REVERSE_TO_FORWARD
370.3946,-12.3428,-66.8646,0.300,NORMAL,1,ROUTE,,,,0.000,T1_REVERSE_TO_FORWARD
370.4946,-12.4243,-66.9226,0.300,NORMAL,1,ROUTE,,,,0.000,T1_REVERSE_TO_FORWARD
370.5946,-12.5069,-66.9789,0.300,NORMAL,1,ROUTE,,,,0.000,T1_REVERSE_TO_FORWARD
370.6946,-12.5906,-67.0336,0.300,NORMAL,1,ROUTE,,,,0.000,T1_REVERSE_TO_FORWARD
370.7945,-12.6753,-67.0867,0.300,NORMAL,1,ROUTE,,,,0.000,T1_REVERSE_TO_FORWARD
370.8945,-12.7612,-67.1379,0.300,NORMAL,1,ROUTE,,,,0.000,T1_REVERSE_TO_FORWARD
370.9945,-12.8480,-67.1874,0.300,NORMAL,1,ROUTE,,,,0.000,T1_REVERSE_TO_FORWARD
371.0945,-12.9361,-67.2348,0.300,NORMAL,1,ROUTE,,,,0.000,T1_REVERSE_TO_FORWARD
371.1945,-13.0252,-67.2801,0.300,NORMAL,1,ROUTE,,,,0.000,T1_REVERSE_TO_FORWARD
371.2945,-13.1153,-67.3234,0.300,NORMAL,1,ROUTE,,,,0.000,T1_REVERSE_TO_FORWARD
371.3944,-13.2064,-67.3647,0.300,NORMAL,1,ROUTE,,,,0.000,T1_REVERSE_TO_FORWARD
371.4944,-13.2982,-67.4042,0.300,NORMAL,1,ROUTE,,,,0.000,T1_REVERSE_TO_FORWARD
371.5944,-13.3907,-67.4422,0.300,NORMAL,1,ROUTE,,,,0.000,T1_REVERSE_TO_FORWARD
371.6944,-13.4838,-67.4788,0.300,NORMAL,1,ROUTE,,,,0.000,T1_REVERSE_TO_FORWARD
371.7944,-13.5774,-67.5140,0.300,NORMAL,1,ROUTE,,,,0.000,T1_REVERSE_TO_FORWARD
371.8944,-13.6713,-67.5481,0.300,NORMAL,1,ROUTE,,,,0.000,T1_REVERSE_TO_FORWARD
371.9944,-13.7657,-67.5813,0.300,NORMAL,1,ROUTE,,,,0.000,T1_REVERSE_TO_FORWARD
372.0944,-13.8603,-67.6136,0.300,NORMAL,1,ROUTE,,,,0.000,T1_REVERSE_TO_FORWARD
372.1943,-13.9552,-67.6450,0.300,NORMAL,1,ROUTE,,,,0.000,T1_REVERSE_TO_FORWARD
372.2944,-14.0504,-67.6758,0.300,NORMAL,1,ROUTE,,,,0.000,T1_REVERSE_TO_FORWARD
372.3944,-14.1458,-67.7057,0.300,NORMAL,1,ROUTE,,,,0.000,T1_REVERSE_TO_FORWARD
372.4944,-14.2414,-67.7350,0.300,NORMAL,1,ROUTE,,,,0.000,T1_REVERSE_TO_FORWARD
372.5943,-14.3372,-67.7636,0.300,NORMAL,1,ROUTE,,,,0.000,T1_REVERSE_TO_FORWARD
372.6943,-14.4333,-67.7914,0.300,NORMAL,1,ROUTE,,,,0.000,T1_REVERSE_TO_FORWARD
372.7943,-14.5295,-67.8184,0.300,NORMAL,1,ROUTE,,,,0.000,T1_REVERSE_TO_FORWARD
372.8943,-14.6261,-67.8444,0.300,NORMAL,1,ROUTE,,,,0.000,T1_REVERSE_TO_FORWARD
372.9943,-14.7229,-67.8694,0.300,NORMAL,1,ROUTE,,,,0.000,T1_REVERSE_TO_FORWARD
373.0943,-14.8200,-67.8933,0.300,NORMAL,1,ROUTE,,,,0.000,T1_REVERSE_TO_FORWARD
373.1943,-14.9174,-67.9158,0.300,NORMAL,1,ROUTE,,,,0.000,T1_REVERSE_TO_FORWARD
373.2943,-15.0151,-67.9370,0.300,NORMAL,1,ROUTE,,,,0.000,T1_REVERSE_TO_FORWARD
373.3942,-15.1131,-67.9569,0.300,NORMAL,1,ROUTE,,,,0.000,T1_REVERSE_TO_FORWARD
373.4943,-15.2115,-67.9751,0.300,NORMAL,1,ROUTE,,,,0.000,T1_REVERSE_TO_FORWARD
373.5942,-15.3100,-67.9915,0.300,NORMAL,1,ROUTE,,,,0.000,T1_REVERSE_TO_FORWARD
373.6943,-15.4090,-68.0062,0.300,NORMAL,1,ROUTE,,,,0.000,T1_REVERSE_TO_FORWARD
373.7942,-15.5081,-68.0189,0.300,NORMAL,1,ROUTE,,,,0.000,T1_REVERSE_TO_FORWARD
373.8942,-15.6075,-68.0297,0.300,NORMAL,1,ROUTE,,,,0.000,T1_REVERSE_TO_FORWARD
373.9942,-15.7072,-68.0385,0.300,NORMAL,1,ROUTE,,,,0.000,T1_REVERSE_TO_FORWARD
374.0942,-15.8069,-68.0457,0.300,NORMAL,1,ROUTE,,,,0.000,T1_REVERSE_TO_FORWARD
374.1942,-15.9067,-68.0514,0.300,NORMAL,1,ROUTE,,,,0.000,T1_REVERSE_TO_FORWARD
374.2941,-16.0066,-68.0555,0.300,NORMAL,1,ROUTE,,,,0.000,T1_REVERSE_TO_FORWARD
374.3942,-16.1066,-68.0585,0.300,NORMAL,1,ROUTE,,,,0.000,T1_REVERSE_TO_FORWARD
374.4941,-16.2065,-68.0604,0.300,NORMAL,1,ROUTE,,,,0.000,T1_REVERSE_TO_FORWARD
374.5941,-16.3065,-68.0614,0.300,NORMAL,1,ROUTE,,,,0.000,T1_REVERSE_TO_FORWARD
374.6941,-16.4064,-68.0613,0.300,NORMAL,1,ROUTE,,,,0.000,T1_REVERSE_TO_FORWARD
374.7941,-16.5065,-68.0606,0.300,NORMAL,1,ROUTE,,,,0.000,T1_REVERSE_TO_FORWARD
374.8941,-16.6064,-68.0592,0.300,NORMAL,1,ROUTE,,,,0.000,T1_REVERSE_TO_FORWARD
374.9940,-16.7064,-68.0569,0.300,NORMAL,1,ROUTE,,,,0.000,T1_REVERSE_TO_FORWARD
375.0940,-16.8063,-68.0542,0.300,NORMAL,1,ROUTE,,,,0.000,T1_REVERSE_TO_FORWARD
375.1940,-16.9063,-68.0506,0.300,NORMAL,1,ROUTE,,,,0.000,T1_REVERSE_TO_FORWARD
375.2940,-17.0061,-68.0464,0.300,NORMAL,1,ROUTE,,,,0.000,T1_REVERSE_TO_FORWARD
375.3940,-17.1061,-68.0414,0.300,NORMAL,1,ROUTE,,,,0.000,T1_REVERSE_TO_FORWARD
375.4940,-17.2059,-68.0357,0.300,NORMAL,1,ROUTE,,,,0.000,T1_REVERSE_TO_FORWARD
375.5940,-17.3057,-68.0294,0.300,NORMAL,1,ROUTE,,,,0.000,T1_REVERSE_TO_FORWARD
375.6939,-17.4054,-68.0223,0.300,NORMAL,1,ROUTE,,,,0.000,T1_REVERSE_TO_FORWARD
375.7939,-17.5051,-68.0147,0.300,NORMAL,1,ROUTE,,,,0.000,T1_REVERSE_TO_FORWARD
375.8940,-17.6048,-68.0064,0.300,NORMAL,1,ROUTE,,,,0.000,T1_REVERSE_TO_FORWARD
375.9939,-17.7043,-67.9977,0.300,NORMAL,1,ROUTE,,,,0.000,T1_REVERSE_TO_FORWARD
376.0940,-17.8040,-67.9886,0.300,NORMAL,1,ROUTE,,,,0.000,T1_REVERSE_TO_FORWARD
376.1939,-17.9035,-67.9791,0.300,NORMAL,1,ROUTE,,,,0.000,T1_REVERSE_TO_FORWARD
376.2939,-18.0029,-67.9693,0.300,NORMAL,1,ROUTE,,,,0.000,T1_REVERSE_TO_FORWARD
376.3939,-18.1025,-67.9591,0.300,NORMAL,1,ROUTE,,,,0.000,T1_REVERSE_TO_FORWARD
376.4939,-18.2019,-67.9488,0.300,NORMAL,1,ROUTE,,,,0.000,T1_REVERSE_TO_FORWARD
376.5939,-18.3014,-67.9383,0.300,NORMAL,1,ROUTE,,,,0.000,T1_REVERSE_TO_FORWARD
376.6938,-18.4007,-67.9276,0.300,NORMAL,1,ROUTE,,,,0.000,T1_REVERSE_TO_FORWARD
376.7939,-18.5002,-67.9169,0.300,NORMAL,1,ROUTE,,,,0.000,T1_REVERSE_TO_FORWARD
376.8938,-18.5995,-67.9060,0.300,NORMAL,1,ROUTE,,,,0.000,T1_REVERSE_TO_FORWARD
376.9938,-18.6989,-67.8950,0.300,NORMAL,1,ROUTE,,,,0.000,T1_REVERSE_TO_FORWARD
377.0938,-18.7983,-67.8839,0.300,NORMAL,1,ROUTE,,,,0.000,T1_REVERSE_TO_FORWARD
377.1938,-18.8977,-67.8726,0.300,NORMAL,1,ROUTE,,,,0.000,T1_REVERSE_TO_FORWARD
377.2938,-18.9970,-67.8613,0.300,NORMAL,1,ROUTE,,,,0.000,T1_REVERSE_TO_FORWARD
377.3938,-19.0964,-67.8498,0.300,NORMAL,1,ROUTE,,,,0.000,T1_REVERSE_TO_FORWARD
377.4938,-19.1957,-67.8380,0.300,NORMAL,1,ROUTE,,,,0.000,T1_REVERSE_TO_FORWARD
377.5937,-19.2949,-67.8261,0.300,NORMAL,1,ROUTE,,,,0.000,T1_REVERSE_TO_FORWARD
377.6938,-19.3942,-67.8139,0.300,NORMAL,1,ROUTE,,,,0.000,T1_REVERSE_TO_FORWARD
377.7938,-19.4933,-67.8012,0.300,NORMAL,1,ROUTE,,,,0.000,T1_REVERSE_TO_FORWARD
377.8937,-19.5924,-67.7880,0.300,NORMAL,1,ROUTE,,,,0.000,T1_REVERSE_TO_FORWARD
377.9938,-19.6915,-67.7743,0.300,NORMAL,1,ROUTE,,,,0.000,T1_REVERSE_TO_FORWARD
378.0938,-19.7905,-67.7599,0.300,NORMAL,1,ROUTE,,,,0.000,T1_REVERSE_TO_FORWARD
378.1937,-19.8893,-67.7448,0.300,NORMAL,1,ROUTE,,,,0.000,T1_REVERSE_TO_FORWARD
378.2937,-19.9880,-67.7288,0.300,NORMAL,1,ROUTE,,,,0.000,T1_REVERSE_TO_FORWARD
378.3937,-20.0865,-67.7119,0.300,NORMAL,1,ROUTE,,,,0.000,T1_REVERSE_TO_FORWARD
378.4937,-20.1849,-67.6941,0.300,NORMAL,1,ROUTE,,,,0.000,T1_REVERSE_TO_FORWARD
378.5937,-20.2831,-67.6752,0.300,NORMAL,1,ROUTE,,,,0.000,T1_REVERSE_TO_FORWARD
378.6937,-20.3811,-67.6553,0.300,NORMAL,1,ROUTE,,,,0.000,T1_REVERSE_TO_FORWARD
378.7936,-20.4789,-67.6346,0.300,NORMAL,1,ROUTE,,,,0.000,T1_REVERSE_TO_FORWARD
378.8937,-20.5765,-67.6127,0.300,NORMAL,1,ROUTE,,,,0.000,T1_REVERSE_TO_FORWARD
378.9936,-20.6739,-67.5902,0.300,NORMAL,1,ROUTE,,,,0.000,T1_REVERSE_TO_FORWARD
379.0936,-20.7712,-67.5670,0.300,NORMAL,1,ROUTE,,,,0.000,T1_REVERSE_TO_FORWARD
379.1936,-20.8683,-67.5433,0.300,NORMAL,1,ROUTE,,,,0.000,T1_REVERSE_TO_FORWARD
379.2936,-20.9654,-67.5194,0.300,NORMAL,1,ROUTE,,,,0.000,T1_REVERSE_TO_FORWARD
379.3936,-21.0624,-67.4954,0.300,NORMAL,1,ROUTE,,,,0.000,T1_REVERSE_TO_FORWARD
379.4936,-21.1596,-67.4717,0.300,NORMAL,1,ROUTE,,,,0.000,T1_REVERSE_TO_FORWARD
379.5935,-21.2567,-67.4482,0.300,NORMAL,1,ROUTE,,,,0.000,T1_REVERSE_TO_FORWARD
379.6935,-21.3541,-67.4253,0.300,NORMAL,1,ROUTE,,,,0.000,T1_REVERSE_TO_FORWARD
379.7935,-21.4517,-67.4032,0.300,NORMAL,1,ROUTE,,,,0.000,T1_REVERSE_TO_FORWARD
379.8936,-21.5494,-67.3822,0.300,NORMAL,1,ROUTE,,,,0.000,T1_REVERSE_TO_FORWARD
379.9936,-21.6474,-67.3623,0.300,NORMAL,1,ROUTE,,,,0.000,T1_REVERSE_TO_FORWARD
380.0935,-21.7456,-67.3438,0.300,NORMAL,1,ROUTE,,,,0.000,T1_REVERSE_TO_FORWARD
380.1935,-21.8442,-67.3266,0.300,NORMAL,1,ROUTE,,,,0.000,T1_REVERSE_TO_FORWARD
380.2935,-21.9429,-67.3110,0.300,NORMAL,1,ROUTE,,,,0.000,T1_REVERSE_TO_FORWARD
380.3934,-22.0418,-67.2966,0.300,NORMAL,1,ROUTE,,,,0.000,T1_REVERSE_TO_FORWARD
380.4935,-22.1410,-67.2835,0.300,NORMAL,1,ROUTE,,,,0.000,T1_REVERSE_TO_FORWARD
380.5935,-22.2403,-67.2714,0.300,NORMAL,1,ROUTE,,,,0.000,T1_REVERSE_TO_FORWARD
380.6934,-22.3396,-67.2601,0.300,NORMAL,1,ROUTE,,,,0.000,T1_REVERSE_TO_FORWARD
380.7934,-22.4390,-67.2491,0.300,NORMAL,1,ROUTE,,,,0.000,T1_REVERSE_TO_FORWARD
380.8934,-22.5384,-67.2384,0.300,NORMAL,1,ROUTE,,,,0.000,T1_REVERSE_TO_FORWARD
380.9934,-22.6378,-67.2276,0.300,NORMAL,1,ROUTE,,,,0.000,T1_REVERSE_TO_FORWARD
381.0934,-22.7371,-67.2165,0.300,NORMAL,1,ROUTE,,,,0.000,T1_REVERSE_TO_FORWARD
381.1934,-22.8365,-67.2049,0.300,NORMAL,1,ROUTE,,,,0.000,T1_REVERSE_TO_FORWARD
381.2934,-22.9357,-67.1926,0.300,NORMAL,1,ROUTE,,,,0.000,T1_REVERSE_TO_FORWARD
381.3933,-23.0348,-67.1795,0.300,NORMAL,1,ROUTE,,,,0.000,T1_REVERSE_TO_FORWARD
381.4933,-23.1338,-67.1655,0.300,NORMAL,1,ROUTE,,,,0.000,T1_REVERSE_TO_FORWARD
381.5934,-23.2328,-67.1508,0.300,NORMAL,1,ROUTE,,,,0.000,T1_REVERSE_TO_FORWARD
381.6934,-23.3315,-67.1352,0.300,NORMAL,1,ROUTE,,,,0.000,T1_REVERSE_TO_FORWARD
381.7934,-23.4302,-67.1192,0.300,NORMAL,1,ROUTE,,,,0.000,T1_REVERSE_TO_FORWARD
381.8933,-23.5288,-67.1026,0.300,NORMAL,1,ROUTE,,,,0.000,T1_REVERSE_TO_FORWARD
381.9933,-23.6274,-67.0856,0.300,NORMAL,1,ROUTE,,,,0.000,T1_REVERSE_TO_FORWARD
382.0933,-23.7258,-67.0681,0.300,NORMAL,1,ROUTE,,,,0.000,T1_REVERSE_TO_FORWARD
382.1933,-23.8242,-67.0505,0.300,NORMAL,1,ROUTE,,,,0.000,T1_REVERSE_TO_FORWARD
382.2932,-23.9225,-67.0324,0.300,NORMAL,1,ROUTE,,,,0.000,T1_REVERSE_TO_FORWARD
382.3933,-24.0208,-67.0139,0.300,NORMAL,1,ROUTE,,,,0.000,T1_REVERSE_TO_FORWARD
382.4932,-24.1190,-66.9949,0.300,NORMAL,1,ROUTE,,,,0.000,T1_REVERSE_TO_FORWARD
382.5933,-24.2171,-66.9754,0.300,NORMAL,1,ROUTE,,,,0.000,T1_REVERSE_TO_FORWARD
382.6932,-24.3150,-66.9552,0.300,NORMAL,1,ROUTE,,,,0.000,T1_REVERSE_TO_FORWARD
382.7932,-24.4127,-66.9343,0.300,NORMAL,1,ROUTE,,,,0.000,T1_REVERSE_TO_FORWARD
382.8932,-24.5103,-66.9124,0.300,NORMAL,1,ROUTE,,,,0.000,T1_REVERSE_TO_FORWARD
382.9932,-24.6077,-66.8897,0.300,NORMAL,1,ROUTE,,,,0.000,T1_REVERSE_TO_FORWARD
383.0931,-24.7048,-66.8662,0.300,NORMAL,1,ROUTE,,,,0.000,T1_REVERSE_TO_FORWARD
383.1932,-24.8019,-66.8418,0.300,NORMAL,1,ROUTE,,,,0.000,T1_REVERSE_TO_FORWARD
383.2931,-24.8986,-66.8169,0.300,NORMAL,1,ROUTE,,,,0.000,T1_REVERSE_TO_FORWARD
383.3931,-24.9954,-66.7916,0.300,NORMAL,1,ROUTE,,,,0.000,T1_REVERSE_TO_FORWARD
383.4932,-25.0922,-66.7662,0.300,NORMAL,1,ROUTE,,,,0.000,T1_REVERSE_TO_FORWARD
383.5931,-25.1888,-66.7408,0.300,NORMAL,1,ROUTE,,,,0.000,T1_REVERSE_TO_FORWARD
383.6931,-25.2856,-66.7157,0.300,NORMAL,1,ROUTE,,,,0.000,T1_REVERSE_TO_FORWARD
383.7931,-25.3825,-66.6910,0.300,NORMAL,1,ROUTE,,,,0.000,T1_REVERSE_TO_FORWARD
383.8931,-25.4796,-66.6668,0.300,NORMAL,1,ROUTE,,,,0.000,T1_REVERSE_TO_FORWARD
383.9931,-25.5767,-66.6433,0.300,NORMAL,1,ROUTE,,,,0.000,T1_REVERSE_TO_FORWARD
384.0931,-25.6740,-66.6202,0.300,NORMAL,1,ROUTE,,,,0.000,T1_REVERSE_TO_FORWARD
384.1930,-25.7714,-66.5980,0.300,NORMAL,1,ROUTE,,,,0.000,T1_REVERSE_TO_FORWARD
384.2931,-25.8691,-66.5762,0.300,NORMAL,1,ROUTE,,,,0.000,T1_REVERSE_TO_FORWARD
384.3931,-25.9669,-66.5552,0.300,NORMAL,1,ROUTE,,,,0.000,T1_REVERSE_TO_FORWARD
384.4930,-26.0647,-66.5348,0.300,NORMAL,1,ROUTE,,,,0.000,T1_REVERSE_TO_FORWARD
384.5930,-26.1627,-66.5150,0.300,NORMAL,1,ROUTE,,,,0.000,T1_REVERSE_TO_FORWARD
384.6930,-26.2609,-66.4958,0.300,NORMAL,1,ROUTE,,,,0.000,T1_REVERSE_TO_FORWARD
384.7930,-26.3591,-66.4772,0.300,NORMAL,1,ROUTE,,,,0.000,T1_REVERSE_TO_FORWARD
384.8930,-26.4574,-66.4589,0.300,NORMAL,1,ROUTE,,,,0.000,T1_REVERSE_TO_FORWARD
384.9929,-26.5558,-66.4410,0.300,NORMAL,1,ROUTE,,,,0.000,T1_REVERSE_TO_FORWARD
385.0930,-26.6542,-66.4233,0.300,NORMAL,1,ROUTE,,,,0.000,T1_REVERSE_TO_FORWARD
385.1929,-26.7527,-66.4060,0.300,NORMAL,1,ROUTE,,,,0.000,T1_REVERSE_TO_FORWARD
385.2929,-26.8512,-66.3889,0.300,NORMAL,1,ROUTE,,,,0.000,T1_REVERSE_TO_FORWARD
385.3929,-26.9497,-66.3719,0.300,NORMAL,1,ROUTE,,,,0.000,T1_REVERSE_TO_FORWARD
385.4929,-27.0483,-66.3551,0.300,NORMAL,1,ROUTE,,,,0.000,T1_REVERSE_TO_FORWARD
385.5929,-27.1468,-66.3382,0.300,NORMAL,1,ROUTE,,,,0.000,T1_REVERSE_TO_FORWARD
385.6929,-27.2454,-66.3213,0.300,NORMAL,1,ROUTE,,,,0.000,T1_REVERSE_TO_FORWARD
385.7928,-27.3439,-66.3043,0.300,NORMAL,1,ROUTE,,,,0.000,T1_REVERSE_TO_FORWARD
385.8928,-27.4424,-66.2872,0.300,NORMAL,1,ROUTE,,,,0.000,T1_REVERSE_TO_FORWARD
385.9929,-27.5410,-66.2700,0.300,NORMAL,1,ROUTE,,,,0.000,T1_REVERSE_TO_FORWARD
386.0929,-27.6394,-66.2523,0.300,NORMAL,1,ROUTE,,,,0.000,T1_REVERSE_TO_FORWARD
386.1928,-27.7377,-66.2344,0.300,NORMAL,1,ROUTE,,,,0.000,T1_REVERSE_TO_FORWARD
386.2928,-27.8360,-66.2160,0.300,NORMAL,1,ROUTE,,,,0.000,T1_REVERSE_TO_FORWARD
386.3929,-27.9342,-66.1970,0.300,NORMAL,1,ROUTE,,,,0.000,T1_REVERSE_TO_FORWARD
386.4927,-28.0322,-66.1774,0.300,NORMAL,1,ROUTE,,,,0.000,T1_REVERSE_TO_FORWARD
386.5927,-28.1301,-66.1571,0.300,NORMAL,1,ROUTE,,,,0.000,T1_REVERSE_TO_FORWARD
386.6928,-28.2279,-66.1359,0.300,NORMAL,1,ROUTE,,,,0.000,T1_REVERSE_TO_FORWARD
386.7927,-28.3254,-66.1141,0.300,NORMAL,1,ROUTE,,,,0.000,T1_REVERSE_TO_FORWARD
386.8928,-28.4228,-66.0913,0.300,NORMAL,1,ROUTE,,,,0.000,T1_REVERSE_TO_FORWARD
386.9927,-28.5199,-66.0676,0.300,NORMAL,1,ROUTE,,,,0.000,T1_REVERSE_TO_FORWARD
387.0928,-28.6169,-66.0431,0.300,NORMAL,1,ROUTE,,,,0.000,T1_REVERSE_TO_FORWARD
387.1927,-28.7136,-66.0177,0.300,NORMAL,1,ROUTE,,,,0.000,T1_REVERSE_TO_FORWARD
387.2927,-28.8100,-65.9912,0.300,NORMAL,1,ROUTE,,,,0.000,T1_REVERSE_TO_FORWARD
387.3927,-28.9062,-65.9638,0.300,NORMAL,1,ROUTE,,,,0.000,T1_REVERSE_TO_FORWARD
387.4927,-29.0020,-65.9355,0.300,NORMAL,1,ROUTE,,,,0.000,T1_REVERSE_TO_FORWARD
387.5926,-29.0977,-65.9064,0.300,NORMAL,1,ROUTE,,,,0.000,T1_REVERSE_TO_FORWARD
387.6927,-29.1932,-65.8765,0.300,NORMAL,1,ROUTE,,,,0.000,T1_REVERSE_TO_FORWARD
387.7927,-29.2884,-65.8461,0.300,NORMAL,1,ROUTE,,,,0.000,T1_REVERSE_TO_FORWARD
387.8927,-29.3835,-65.8151,0.300,NORMAL,1,ROUTE,,,,0.000,T1_REVERSE_TO_FORWARD
387.9926,-29.4784,-65.7838,0.300,NORMAL,1,ROUTE,,,,0.000,T1_REVERSE_TO_FORWARD
388.0926,-29.5732,-65.7519,0.300,NORMAL,1,ROUTE,,,,0.000,T1_REVERSE_TO_FORWARD
388.1926,-29.6679,-65.7198,0.300,NORMAL,1,ROUTE,,,,0.000,T1_REVERSE_TO_FORWARD
388.2926,-29.7624,-65.6873,0.300,NORMAL,1,ROUTE,,,,0.000,T1_REVERSE_TO_FORWARD
388.3926,-29.8569,-65.6545,0.300,NORMAL,1,ROUTE,,,,0.000,T1_REVERSE_TO_FORWARD
388.4926,-29.9512,-65.6214,0.300,NORMAL,1,ROUTE,,,,0.000,T1_REVERSE_TO_FORWARD
388.5926,-30.0454,-65.5877,0.300,NORMAL,1,ROUTE,,,,0.000,T1_REVERSE_TO_FORWARD
388.6925,-30.1393,-65.5535,0.300,NORMAL,1,ROUTE,,,,0.000,T1_REVERSE_TO_FORWARD
388.7925,-30.2330,-65.5187,0.300,NORMAL,1,ROUTE,,,,0.000,T1_REVERSE_TO_FORWARD
388.8926,-30.3265,-65.4831,0.300,NORMAL,1,ROUTE,,,,0.000,T1_REVERSE_TO_FORWARD
388.9925,-30.4195,-65.4465,0.300,NORMAL,1,ROUTE,,,,0.000,T1_REVERSE_TO_FORWARD
389.0925,-30.5122,-65.4088,0.300,NORMAL,1,ROUTE,,,,0.000,T1_REVERSE_TO_FORWARD
389.1925,-30.6043,-65.3699,0.300,NORMAL,1,ROUTE,,,,0.000,T1_REVERSE_TO_FORWARD
389.2924,-30.6956,-65.3293,0.300,NORMAL,1,ROUTE,,,,0.000,T1_REVERSE_TO_FORWARD
389.3925,-30.7861,-65.2867,0.300,NORMAL,1,ROUTE,,,,0.000,T1_REVERSE_TO_FORWARD
389.4924,-30.8755,-65.2420,0.300,NORMAL,1,ROUTE,,,,0.000,T1_REVERSE_TO_FORWARD
389.5924,-30.9637,-65.1948,0.300,NORMAL,1,ROUTE,,,,0.000,T1_REVERSE_TO_FORWARD
389.6924,-31.0502,-65.1447,0.300,NORMAL,1,ROUTE,,,,0.000,T1_REVERSE_TO_FORWARD
389.7924,-31.1350,-65.0917,0.300,NORMAL,1,ROUTE,,,,0.000,T1_REVERSE_TO_FORWARD
389.8924,-31.2178,-65.0357,0.300,NORMAL,1,ROUTE,,,,0.000,T1_REVERSE_TO_FORWARD
389.9924,-31.2985,-64.9766,0.300,NORMAL,1,ROUTE,,,,0.000,T1_REVERSE_TO_FORWARD
390.0923,-31.3770,-64.9148,0.300,NORMAL,1,ROUTE,,,,0.000,T1_REVERSE_TO_FORWARD
390.1924,-31.4535,-64.8503,0.300,NORMAL,1,ROUTE,,,,0.000,T1_REVERSE_TO_FORWARD
390.2923,-31.5277,-64.7834,0.300,NORMAL,1,ROUTE,,,,0.000,T1_REVERSE_TO_FORWARD
390.3923,-31.5997,-64.7140,0.300,NORMAL,1,ROUTE,,,,0.000,T1_REVERSE_TO_FORWARD
390.4923,-31.6694,-64.6422,0.300,NORMAL,1,ROUTE,,,,0.000,T1_REVERSE_TO_FORWARD
390.5923,-31.7367,-64.5683,0.300,NORMAL,1,ROUTE,,,,0.000,T1_REVERSE_TO_FORWARD
390.6923,-31.8016,-64.4921,0.300,NORMAL,1,ROUTE,,,,0.000,T1_REVERSE_TO_FORWARD
390.7922,-31.8637,-64.4139,0.300,NORMAL,1,ROUTE,,,,0.000,T1_REVERSE_TO_FORWARD
390.8922,-31.9232,-64.3336,0.300,NORMAL,1,ROUTE,,,,0.000,T1_REVERSE_TO_FORWARD
390.9923,-31.9802,-64.2513,0.300,NORMAL,1,ROUTE,,,,0.000,T1_REVERSE_TO_FORWARD
391.0922,-32.0346,-64.1675,0.300,NORMAL,1,ROUTE,,,,0.000,T1_REVERSE_TO_FORWARD
391.1922,-32.0868,-64.0822,0.300,NORMAL,1,ROUTE,,,,0.000,T1_REVERSE_TO_FORWARD
391.2922,-32.1367,-63.9955,0.300,NORMAL,1,ROUTE,,,,0.000,T1_REVERSE_TO_FORWARD
391.3922,-32.1846,-63.9078,0.300,NORMAL,1,ROUTE,,,,0.000,T1_REVERSE_TO_FORWARD
391.4922,-32.2307,-63.8191,0.300,NORMAL,1,ROUTE,,,,0.000,T1_REVERSE_TO_FORWARD
391.5922,-32.2751,-63.7294,0.300,NORMAL,1,ROUTE,,,,0.000,T1_REVERSE_TO_FORWARD
391.6921,-32.3178,-63.6391,0.300,NORMAL,1,ROUTE,,,,0.000,T1_REVERSE_TO_FORWARD
391.7921,-32.3591,-63.5480,0.300,NORMAL,1,ROUTE,,,,0.000,T1_REVERSE_TO_FORWARD
391.8921,-32.3991,-63.4564,0.300,NORMAL,1,ROUTE,,,,0.000,T1_REVERSE_TO_FORWARD
391.9921,-32.4379,-63.3643,0.300,NORMAL,1,ROUTE,,,,0.000,T1_REVERSE_TO_FORWARD
392.0921,-32.4758,-63.2717,0.300,NORMAL,1,ROUTE,,,,0.000,T1_REVERSE_TO_FORWARD
392.1921,-32.5129,-63.1788,0.300,NORMAL,1,ROUTE,,,,0.000,T1_REVERSE_TO_FORWARD
392.2921,-32.5492,-63.0856,0.300,NORMAL,1,ROUTE,,,,0.000,T1_REVERSE_TO_FORWARD
392.3921,-32.5848,-62.9922,0.300,NORMAL,1,ROUTE,,,,0.000,T1_REVERSE_TO_FORWARD
392.4920,-32.6197,-62.8985,0.300,NORMAL,1,ROUTE,,,,0.000,T1_REVERSE_TO_FORWARD
392.5921,-32.6538,-62.8045,0.300,NORMAL,1,ROUTE,,,,0.000,T1_REVERSE_TO_FORWARD
392.6920,-32.6871,-62.7103,0.300,NORMAL,1,ROUTE,,,,0.000,T1_REVERSE_TO_FORWARD
392.7921,-32.7195,-62.6156,0.300,NORMAL,1,ROUTE,,,,0.000,T1_REVERSE_TO_FORWARD
392.8920,-32.7509,-62.5208,0.300,NORMAL,1,ROUTE,,,,0.000,T1_REVERSE_TO_FORWARD
392.9920,-32.7811,-62.4254,0.300,NORMAL,1,ROUTE,,,,0.000,T1_REVERSE_TO_FORWARD
393.0919,-32.8099,-62.3297,0.300,NORMAL,1,ROUTE,,,,0.000,T1_REVERSE_TO_FORWARD
393.1920,-32.8372,-62.2334,0.300,NORMAL,1,ROUTE,,,,0.000,T1_REVERSE_TO_FORWARD
393.2920,-32.8629,-62.1368,0.300,NORMAL,1,ROUTE,,,,0.000,T1_REVERSE_TO_FORWARD
393.3919,-32.8868,-62.0398,0.300,NORMAL,1,ROUTE,,,,0.000,T1_REVERSE_TO_FORWARD
393.4919,-32.9090,-61.9423,0.300,NORMAL,1,ROUTE,,,,0.000,T1_REVERSE_TO_FORWARD
393.5919,-32.9295,-61.8444,0.300,NORMAL,1,ROUTE,,,,0.000,T1_REVERSE_TO_FORWARD
393.6919,-32.9483,-61.7462,0.300,NORMAL,1,ROUTE,,,,0.000,T1_REVERSE_TO_FORWARD
393.7919,-32.9653,-61.6477,0.300,NORMAL,1,ROUTE,,,,0.000,T1_REVERSE_TO_FORWARD
393.8919,-32.9808,-61.5489,0.300,NORMAL,1,ROUTE,,,,0.000,T1_REVERSE_TO_FORWARD
393.9919,-32.9946,-61.4498,0.300,NORMAL,1,ROUTE,,,,0.000,T1_REVERSE_TO_FORWARD
394.0919,-33.0067,-61.3506,0.300,NORMAL,1,ROUTE,,,,0.000,T1_REVERSE_TO_FORWARD
394.1919,-33.0174,-61.2512,0.300,NORMAL,1,ROUTE,,,,0.000,T1_REVERSE_TO_FORWARD
394.2918,-33.0268,-61.1516,0.300,NORMAL,1,ROUTE,,,,0.000,T1_REVERSE_TO_FORWARD
394.3918,-33.0347,-61.0520,0.300,NORMAL,1,ROUTE,,,,0.000,T1_REVERSE_TO_FORWARD
394.4918,-33.0413,-60.9522,0.300,NORMAL,1,ROUTE,,,,0.000,T1_REVERSE_TO_FORWARD
394.5918,-33.0467,-60.8524,0.300,NORMAL,1,ROUTE,,,,0.000,T1_REVERSE_TO_FORWARD
394.6918,-33.0507,-60.7525,0.300,NORMAL,1,ROUTE,,,,0.000,T1_REVERSE_TO_FORWARD
394.7918,-33.0533,-60.6525,0.300,NORMAL,1,ROUTE,,,,0.000,T1_REVERSE_TO_FORWARD
394.8918,-33.0544,-60.5525,0.300,NORMAL,1,ROUTE,,,,0.000,T1_REVERSE_TO_FORWARD
394.9918,-33.0540,-60.4525,0.300,NORMAL,1,ROUTE,,,,0.000,T1_REVERSE_TO_FORWARD
395.0917,-33.0522,-60.3526,0.300,NORMAL,1,ROUTE,,,,0.000,T1_REVERSE_TO_FORWARD
395.1917,-33.0487,-60.2527,0.300,NORMAL,1,ROUTE,,,,0.000,T1_REVERSE_TO_FORWARD
395.2917,-33.0439,-60.1527,0.300,NORMAL,1,ROUTE,,,,0.000,T1_REVERSE_TO_FORWARD
395.3917,-33.0378,-60.0530,0.300,NORMAL,1,ROUTE,,,,0.000,T1_REVERSE_TO_FORWARD
395.4917,-33.0307,-59.9532,0.300,NORMAL,1,ROUTE,,,,0.000,T1_REVERSE_TO_FORWARD
395.5917,-33.0227,-59.8535,0.300,NORMAL,1,ROUTE,,,,0.000,T1_REVERSE_TO_FORWARD
395.6917,-33.0140,-59.7539,0.300,NORMAL,1,ROUTE,,,,0.000,T1_REVERSE_TO_FORWARD
395.7917,-33.0048,-59.6543,0.300,NORMAL,1,ROUTE,,,,0.000,T1_REVERSE_TO_FORWARD
395.8917,-32.9952,-59.5548,0.300,NORMAL,1,ROUTE,,,,0.000,T1_REVERSE_TO_FORWARD
395.9916,-32.9853,-59.4553,0.300,NORMAL,1,ROUTE,,,,0.000,T1_REVERSE_TO_FORWARD
396.0917,-32.9753,-59.3558,0.300,NORMAL,1,ROUTE,,,,0.000,T1_REVERSE_TO_FORWARD
396.1917,-32.9650,-59.2564,0.300,NORMAL,1,ROUTE,,,,0.000,T1_REVERSE_TO_FORWARD
396.2917,-32.9548,-59.1569,0.300,NORMAL,1,ROUTE,,,,0.000,T1_REVERSE_TO_FORWARD
396.3916,-32.9444,-59.0575,0.300,NORMAL,1,ROUTE,,,,0.000,T1_REVERSE_TO_FORWARD
396.4916,-32.9338,-58.9581,0.300,NORMAL,1,ROUTE,,,,0.000,T1_REVERSE_TO_FORWARD
396.5916,-32.9231,-58.8586,0.300,NORMAL,1,ROUTE,,,,0.000,T1_REVERSE_TO_FORWARD
396.6916,-32.9121,-58.7593,0.300,NORMAL,1,ROUTE,,,,0.000,T1_REVERSE_TO_FORWARD
396.7916,-32.9006,-58.6599,0.300,NORMAL,1,ROUTE,,,,0.000,T1_REVERSE_TO_FORWARD
396.8916,-32.8887,-58.5606,0.300,NORMAL,1,ROUTE,,,,0.000,T1_REVERSE_TO_FORWARD
396.9916,-32.8763,-58.4614,0.300,NORMAL,1,ROUTE,,,,0.000,T1_REVERSE_TO_FORWARD
397.0916,-32.8633,-58.3623,0.300,NORMAL,1,ROUTE,,,,0.000,T1_REVERSE_TO_FORWARD
397.1915,-32.8497,-58.2633,0.300,NORMAL,1,ROUTE,,,,0.000,T1_REVERSE_TO_FORWARD
397.2915,-32.8354,-58.1643,0.300,NORMAL,1,ROUTE,,,,0.000,T1_REVERSE_TO_FORWARD
397.3915,-32.8207,-58.0654,0.300,NORMAL,1,ROUTE,,,,0.000,T1_REVERSE_TO_FORWARD
397.4915,-32.8054,-57.9665,0.300,NORMAL,1,ROUTE,,,,0.000,T1_REVERSE_TO_FORWARD
397.5915,-32.7897,-57.8678,0.300,NORMAL,1,ROUTE,,,,0.000,T1_REVERSE_TO_FORWARD
397.6914,-32.7735,-57.7692,0.300,NORMAL,1,ROUTE,,,,0.000,T1_REVERSE_TO_FORWARD
397.7915,-32.7568,-57.6705,0.300,NORMAL,1,ROUTE,,,,0.000,T1_REVERSE_TO_FORWARD
397.8914,-32.7399,-57.5720,0.300,NORMAL,1,ROUTE,,,,0.000,T1_REVERSE_TO_FORWARD
397.9914,-32.7226,-57.4736,0.300,NORMAL,1,ROUTE,,,,0.000,T1_REVERSE_TO_FORWARD
398.0914,-32.7049,-57.3751,0.300,NORMAL,1,ROUTE,,,,0.000,T1_REVERSE_TO_FORWARD
398.1914,-32.6870,-57.2768,0.300,NORMAL,1,ROUTE,,,,0.000,T1_REVERSE_TO_FORWARD
398.2914,-32.6690,-57.1784,0.300,NORMAL,1,ROUTE,,,,0.000,T1_REVERSE_TO_FORWARD
398.3914,-32.6507,-57.0800,0.300,NORMAL,1,ROUTE,,,,0.000,T1_REVERSE_TO_FORWARD
398.4913,-32.6323,-56.9819,0.300,NORMAL,1,ROUTE,,,,0.000,T1_REVERSE_TO_FORWARD
398.5914,-32.6138,-56.8835,0.300,NORMAL,1,ROUTE,,,,0.000,T1_REVERSE_TO_FORWARD
398.6914,-32.5951,-56.7853,0.300,NORMAL,1,ROUTE,,,,0.000,T1_REVERSE_TO_FORWARD
398.7914,-32.5765,-56.6870,0.300,NORMAL,1,ROUTE,,,,0.000,T1_REVERSE_TO_FORWARD
398.8914,-32.5579,-56.5888,0.300,NORMAL,1,ROUTE,,,,0.000,T1_REVERSE_TO_FORWARD
398.9913,-32.5393,-56.4906,0.300,NORMAL,1,ROUTE,,,,0.000,T1_REVERSE_TO_FORWARD
399.0913,-32.5207,-56.3923,0.300,NORMAL,1,ROUTE,,,,0.000,T1_REVERSE_TO_FORWARD
399.1913,-32.5023,-56.2940,0.300,NORMAL,1,ROUTE,,,,0.000,T1_REVERSE_TO_FORWARD
399.2913,-32.4841,-56.1958,0.300,NORMAL,1,ROUTE,,,,0.000,T1_REVERSE_TO_FORWARD
399.3913,-32.4660,-56.0973,0.300,NORMAL,1,ROUTE,,,,0.000,T1_REVERSE_TO_FORWARD
399.4913,-32.4482,-55.9990,0.300,NORMAL,1,ROUTE,,,,0.000,T1_REVERSE_TO_FORWARD
399.5913,-32.4307,-55.9006,0.300,NORMAL,1,ROUTE,,,,0.000,T1_REVERSE_TO_FORWARD
399.6913,-32.4136,-55.8020,0.300,NORMAL,1,ROUTE,,,,0.000,T1_REVERSE_TO_FORWARD
399.7913,-32.3967,-55.7035,0.300,NORMAL,1,ROUTE,,,,0.000,T1_REVERSE_TO_FORWARD
399.8912,-32.3802,-55.6049,0.300,NORMAL,1,ROUTE,,,,0.000,T1_REVERSE_TO_FORWARD
399.9912,-32.3641,-55.5062,0.300,NORMAL,1,ROUTE,,,,0.000,T1_REVERSE_TO_FORWARD
400.0912,-32.3486,-55.4074,0.300,NORMAL,1,ROUTE,,,,0.000,T1_REVERSE_TO_FORWARD
400.1912,-32.3335,-55.3086,0.300,NORMAL,1,ROUTE,,,,0.000,T1_REVERSE_TO_FORWARD
400.2912,-32.3189,-55.2096,0.300,NORMAL,1,ROUTE,,,,0.000,T1_REVERSE_TO_FORWARD
400.3912,-32.3049,-55.1106,0.300,NORMAL,1,ROUTE,,,,0.000,T1_REVERSE_TO_FORWARD
400.4912,-32.2914,-55.0116,0.300,NORMAL,1,ROUTE,,,,0.000,T1_REVERSE_TO_FORWARD
400.5912,-32.2784,-54.9124,0.300,NORMAL,1,ROUTE,,,,0.000,T1_REVERSE_TO_FORWARD
400.6911,-32.2658,-54.8133,0.300,NORMAL,1,ROUTE,,,,0.000,T1_REVERSE_TO_FORWARD
400.7911,-32.2537,-54.7140,0.300,NORMAL,1,ROUTE,,,,0.000,T1_REVERSE_TO_FORWARD
400.8911,-32.2417,-54.6148,0.300,NORMAL,1,ROUTE,,,,0.000,T1_REVERSE_TO_FORWARD
400.9912,-32.2299,-54.5154,0.300,NORMAL,1,ROUTE,,,,0.000,T1_REVERSE_TO_FORWARD
401.0911,-32.2183,-54.4161,0.300,NORMAL,1,ROUTE,,,,0.000,T1_REVERSE_TO_FORWARD
401.1911,-32.2065,-54.3168,0.300,NORMAL,1,ROUTE,,,,0.000,T1_REVERSE_TO_FORWARD
401.2910,-32.1948,-54.2176,0.300,NORMAL,1,ROUTE,,,,0.000,T1_REVERSE_TO_FORWARD
401.3911,-32.1828,-54.1182,0.300,NORMAL,1,ROUTE,,,,0.000,T1_REVERSE_TO_FORWARD
401.4910,-32.1705,-54.0190,0.300,NORMAL,1,ROUTE,,,,0.000,T1_REVERSE_TO_FORWARD
401.5910,-32.1579,-53.9199,0.300,NORMAL,1,ROUTE,,,,0.000,T1_REVERSE_TO_FORWARD
401.6910,-32.1446,-53.8208,0.300,NORMAL,1,ROUTE,,,,0.000,T1_REVERSE_TO_FORWARD
401.7910,-32.1309,-53.7217,0.300,NORMAL,1,ROUTE,,,,0.000,T1_REVERSE_TO_FORWARD
401.8910,-32.1166,-53.6227,0.300,NORMAL,1,ROUTE,,,,0.000,T1_REVERSE_TO_FORWARD
401.9910,-32.1016,-53.5238,0.300,NORMAL,1,ROUTE,,,,0.000,T1_REVERSE_TO_FORWARD
402.0910,-32.0858,-53.4251,0.300,NORMAL,1,ROUTE,,,,0.000,T1_REVERSE_TO_FORWARD
402.1910,-32.0692,-53.3265,0.300,NORMAL,1,ROUTE,,,,0.000,T1_REVERSE_TO_FORWARD
402.2910,-32.0519,-53.2280,0.300,NORMAL,1,ROUTE,,,,0.000,T1_REVERSE_TO_FORWARD
402.3910,-32.0337,-53.1297,0.300,NORMAL,1,ROUTE,,,,0.000,T1_REVERSE_TO_FORWARD
402.4910,-32.0149,-53.0315,0.300,NORMAL,1,ROUTE,,,,0.000,T1_REVERSE_TO_FORWARD
402.5909,-31.9956,-52.9334,0.300,NORMAL,1,ROUTE,,,,0.000,T1_REVERSE_TO_FORWARD
402.6909,-31.9758,-52.8354,0.300,NORMAL,1,ROUTE,,,,0.000,T1_REVERSE_TO_FORWARD
402.7909,-31.9558,-52.7375,0.300,NORMAL,1,ROUTE,,,,0.000,T1_REVERSE_TO_FORWARD
402.8909,-31.9357,-52.6395,0.300,NORMAL,1,ROUTE,,,,0.000,T1_REVERSE_TO_FORWARD
402.9909,-31.9155,-52.5415,0.300,NORMAL,1,ROUTE,,,,0.000,T1_REVERSE_TO_FORWARD
403.0909,-31.8955,-52.4436,0.300,NORMAL,1,ROUTE,,,,0.000,T1_REVERSE_TO_FORWARD
403.1908,-31.8757,-52.3456,0.300,NORMAL,1,ROUTE,,,,0.000,T1_REVERSE_TO_FORWARD
403.2908,-31.8561,-52.2476,0.300,NORMAL,1,ROUTE,,,,0.000,T1_REVERSE_TO_FORWARD
403.3908,-31.8367,-52.1495,0.300,NORMAL,1,ROUTE,,,,0.000,T1_REVERSE_TO_FORWARD
403.4908,-31.8177,-52.0513,0.300,NORMAL,1,ROUTE,,,,0.000,T1_REVERSE_TO_FORWARD
403.5908,-31.7988,-51.9531,0.300,NORMAL,1,ROUTE,,,,0.000,T1_REVERSE_TO_FORWARD
403.6908,-31.7801,-51.8549,0.300,NORMAL,1,ROUTE,,,,0.000,T1_REVERSE_TO_FORWARD
403.7908,-31.7616,-51.7566,0.300,NORMAL,1,ROUTE,,,,0.000,T1_REVERSE_TO_FORWARD
403.8908,-31.7432,-51.6583,0.300,NORMAL,1,ROUTE,,,,0.000,T1_REVERSE_TO_FORWARD
403.9908,-31.7250,-51.5600,0.300,NORMAL,1,ROUTE,,,,0.000,T1_REVERSE_TO_FORWARD
404.0908,-31.7069,-51.4617,0.300,NORMAL,1,ROUTE,,,,0.000,T1_REVERSE_TO_FORWARD
404.1908,-31.6887,-51.3633,0.300,NORMAL,1,ROUTE,,,,0.000,T1_REVERSE_TO_FORWARD
404.2908,-31.6706,-51.2650,0.300,NORMAL,1,ROUTE,,,,0.000,T1_REVERSE_TO_FORWARD
404.3908,-31.6525,-51.1667,0.300,NORMAL,1,ROUTE,,,,0.000,T1_REVERSE_TO_FORWARD
404.4907,-31.6345,-51.0684,0.300,NORMAL,1,ROUTE,,,,0.000,T1_REVERSE_TO_FORWARD
404.5907,-31.6164,-50.9700,0.300,NORMAL,1,ROUTE,,,,0.000,T1_REVERSE_TO_FORWARD
404.6906,-31.5983,-50.8717,0.300,NORMAL,1,ROUTE,,,,0.000,T1_REVERSE_TO_FORWARD
404.7907,-31.5803,-50.7733,0.300,NORMAL,1,ROUTE,,,,0.000,T1_REVERSE_TO_FORWARD
404.8907,-31.5622,-50.6749,0.300,NORMAL,1,ROUTE,,,,0.000,T1_REVERSE_TO_FORWARD
404.9906,-31.5442,-50.5766,0.300,NORMAL,1,ROUTE,,,,0.000,T1_REVERSE_TO_FORWARD
405.0906,-31.5263,-50.4783,0.300,NORMAL,1,ROUTE,,,,0.000,T1_REVERSE_TO_FORWARD
405.1906,-31.5087,-50.3798,0.300,NORMAL,1,ROUTE,,,,0.000,T1_REVERSE_TO_FORWARD
405.2907,-31.4912,-50.2813,0.300,NORMAL,1,ROUTE,,,,0.000,T1_REVERSE_TO_FORWARD
405.3906,-31.4740,-50.1829,0.300,NORMAL,1,ROUTE,,,,0.000,T1_REVERSE_TO_FORWARD
405.4906,-31.4572,-50.0843,0.300,NORMAL,1,ROUTE,,,,0.000,T1_REVERSE_TO_FORWARD
405.5906,-31.4408,-49.9857,0.300,NORMAL,1,ROUTE,,,,0.000,T1_REVERSE_TO_FORWARD
405.6906,-31.4251,-49.8869,0.300,NORMAL,1,ROUTE,,,,0.000,T1_REVERSE_TO_FORWARD
405.7906,-31.4100,-49.7880,0.300,NORMAL,1,ROUTE,,,,0.000,T1_REVERSE_TO_FORWARD
405.8906,-31.3955,-49.6891,0.300,NORMAL,1,ROUTE,,,,0.000,T1_REVERSE_TO_FORWARD
405.9905,-31.3820,-49.5901,0.300,NORMAL,1,ROUTE,,,,0.000,T1_REVERSE_TO_FORWARD
406.0905,-31.3692,-49.4909,0.300,NORMAL,1,ROUTE,,,,0.000,T1_REVERSE_TO_FORWARD
406.1905,-31.3575,-49.3916,0.300,NORMAL,1,ROUTE,,,,0.000,T1_REVERSE_TO_FORWARD
406.2906,-31.3467,-49.2921,0.300,NORMAL,1,ROUTE,,,,0.000,T1_REVERSE_TO_FORWARD
406.3905,-31.3370,-49.1927,0.300,NORMAL,1,ROUTE,,,,0.000,T1_REVERSE_TO_FORWARD
406.4905,-31.3282,-49.0930,0.300,NORMAL,1,ROUTE,,,,0.000,T1_REVERSE_TO_FORWARD
406.5905,-31.3201,-48.9934,0.300,NORMAL,1,ROUTE,,,,0.000,T1_REVERSE_TO_FORWARD
406.6905,-31.3127,-48.8937,0.300,NORMAL,1,ROUTE,,,,0.000,T1_REVERSE_TO_FORWARD
406.7905,-31.3058,-48.7939,0.300,NORMAL,1,ROUTE,,,,0.000,T1_REVERSE_TO_FORWARD
406.8905,-31.2989,-48.6942,0.300,NORMAL,1,ROUTE,,,,0.000,T1_REVERSE_TO_FORWARD
406.9905,-31.2920,-48.5944,0.300,NORMAL,1,ROUTE,,,,0.000,T1_REVERSE_TO_FORWARD
407.0905,-31.2847,-48.4947,0.300,NORMAL,1,ROUTE,,,,0.000,T1_REVERSE_TO_FORWARD
407.1904,-31.2764,-48.3951,0.300,NORMAL,1,ROUTE,,,,0.000,T1_REVERSE_TO_FORWARD
407.2904,-31.2669,-48.2956,0.300,NORMAL,1,ROUTE,,,,0.000,T1_REVERSE_TO_FORWARD
407.3904,-31.2556,-48.1962,0.300,NORMAL,1,ROUTE,,,,0.000,T1_REVERSE_TO_FORWARD
407.4438,-31.2485,-48.1433,0.300,TRAFFIC,1,TRAFFIC,TRAFFIC_3_RED_STOP,STOP_IF_CONDITION,TRAFFIC_LIGHT_RED,0.000,T1_REVERSE_TO_FORWARD
407.4904,-31.2418,-48.0972,0.300,TRAFFIC,1,TRAFFIC,,,TRAFFIC_LIGHT_RED,0.000,T1_REVERSE_TO_FORWARD
407.5904,-31.2255,-47.9985,0.300,TRAFFIC,1,TRAFFIC,,,TRAFFIC_LIGHT_RED,0.000,T1_REVERSE_TO_FORWARD
407.6904,-31.2073,-47.9001,0.300,TRAFFIC,1,TRAFFIC,,,TRAFFIC_LIGHT_RED,0.000,T1_REVERSE_TO_FORWARD
407.7904,-31.1877,-47.8021,0.300,TRAFFIC,1,TRAFFIC,,,TRAFFIC_LIGHT_RED,0.000,T1_REVERSE_TO_FORWARD
407.8903,-31.1671,-47.7043,0.300,TRAFFIC,1,TRAFFIC,,,TRAFFIC_LIGHT_RED,0.000,T1_REVERSE_TO_FORWARD
407.9903,-31.1457,-47.6066,0.300,TRAFFIC,1,TRAFFIC,,,TRAFFIC_LIGHT_RED,0.000,T1_REVERSE_TO_FORWARD
408.0903,-31.1239,-47.5091,0.300,TRAFFIC,1,TRAFFIC,,,TRAFFIC_LIGHT_RED,0.000,T1_REVERSE_TO_FORWARD
408.1903,-31.1017,-47.4115,0.300,TRAFFIC,1,TRAFFIC,,,TRAFFIC_LIGHT_RED,0.000,T1_REVERSE_TO_FORWARD
408.2904,-31.0795,-47.3140,0.300,TRAFFIC,1,TRAFFIC,,,TRAFFIC_LIGHT_RED,0.000,T1_REVERSE_TO_FORWARD
408.3903,-31.0573,-47.2165,0.300,TRAFFIC,1,TRAFFIC,,,TRAFFIC_LIGHT_RED,0.000,T1_REVERSE_TO_FORWARD
408.4903,-31.0353,-47.1190,0.300,TRAFFIC,1,TRAFFIC,,,TRAFFIC_LIGHT_RED,0.000,T1_REVERSE_TO_FORWARD
408.5903,-31.0134,-47.0214,0.300,TRAFFIC,1,TRAFFIC,,,TRAFFIC_LIGHT_RED,0.000,T1_REVERSE_TO_FORWARD
408.6903,-30.9918,-46.9238,0.300,TRAFFIC,1,TRAFFIC,,,TRAFFIC_LIGHT_RED,0.000,T1_REVERSE_TO_FORWARD
408.7903,-30.9704,-46.8261,0.300,TRAFFIC,1,TRAFFIC,,,TRAFFIC_LIGHT_RED,0.000,T1_REVERSE_TO_FORWARD
408.8902,-30.9493,-46.7284,0.300,TRAFFIC,1,TRAFFIC,,,TRAFFIC_LIGHT_RED,0.000,T1_REVERSE_TO_FORWARD
408.9902,-30.9284,-46.6306,0.300,TRAFFIC,1,TRAFFIC,,,TRAFFIC_LIGHT_RED,0.000,T1_REVERSE_TO_FORWARD
409.0903,-30.9078,-46.5328,0.300,TRAFFIC,1,TRAFFIC,,,TRAFFIC_LIGHT_RED,0.000,T1_REVERSE_TO_FORWARD
409.1902,-30.8873,-46.4349,0.300,TRAFFIC,1,TRAFFIC,,,TRAFFIC_LIGHT_RED,0.000,T1_REVERSE_TO_FORWARD
409.2902,-30.8669,-46.3370,0.300,TRAFFIC,1,TRAFFIC,,,TRAFFIC_LIGHT_RED,0.000,T1_REVERSE_TO_FORWARD
409.3902,-30.8467,-46.2391,0.300,TRAFFIC,1,TRAFFIC,,,TRAFFIC_LIGHT_RED,0.000,T1_REVERSE_TO_FORWARD
409.4901,-30.8265,-46.1412,0.300,TRAFFIC,1,TRAFFIC,,,TRAFFIC_LIGHT_RED,0.000,T1_REVERSE_TO_FORWARD
409.5902,-30.8062,-46.0432,0.300,TRAFFIC,1,TRAFFIC,,,TRAFFIC_LIGHT_RED,0.000,T1_REVERSE_TO_FORWARD
409.6901,-30.7858,-45.9454,0.300,TRAFFIC,1,TRAFFIC,,,TRAFFIC_LIGHT_RED,0.000,T1_REVERSE_TO_FORWARD
409.7902,-30.7654,-45.8475,0.300,TRAFFIC,1,TRAFFIC,,,TRAFFIC_LIGHT_RED,0.000,T1_REVERSE_TO_FORWARD
409.8901,-30.7448,-45.7497,0.300,TRAFFIC,1,TRAFFIC,,,TRAFFIC_LIGHT_RED,0.000,T1_REVERSE_TO_FORWARD
409.9901,-30.7241,-45.6519,0.300,TRAFFIC,1,TRAFFIC,,,TRAFFIC_LIGHT_RED,0.000,T1_REVERSE_TO_FORWARD
410.0901,-30.7034,-45.5540,0.300,TRAFFIC,1,TRAFFIC,,,TRAFFIC_LIGHT_RED,0.000,T1_REVERSE_TO_FORWARD
410.1901,-30.6828,-45.4562,0.300,TRAFFIC,1,TRAFFIC,,,TRAFFIC_LIGHT_RED,0.000,T1_REVERSE_TO_FORWARD
410.2901,-30.6623,-45.3583,0.300,TRAFFIC,1,TRAFFIC,,,TRAFFIC_LIGHT_RED,0.000,T1_REVERSE_TO_FORWARD
410.3901,-30.6422,-45.2603,0.300,TRAFFIC,1,TRAFFIC,,,TRAFFIC_LIGHT_RED,0.000,T1_REVERSE_TO_FORWARD
410.4901,-30.6225,-45.1623,0.300,TRAFFIC,1,TRAFFIC,,,TRAFFIC_LIGHT_RED,0.000,T1_REVERSE_TO_FORWARD
410.5900,-30.6036,-45.0642,0.300,TRAFFIC,1,TRAFFIC,,,TRAFFIC_LIGHT_RED,0.000,T1_REVERSE_TO_FORWARD
410.6901,-30.5854,-44.9658,0.300,TRAFFIC,1,TRAFFIC,,,TRAFFIC_LIGHT_RED,0.000,T1_REVERSE_TO_FORWARD
410.7901,-30.5681,-44.8673,0.300,TRAFFIC,1,TRAFFIC,,,TRAFFIC_LIGHT_RED,0.000,T1_REVERSE_TO_FORWARD
410.8900,-30.5517,-44.7688,0.300,TRAFFIC,1,TRAFFIC,,,TRAFFIC_LIGHT_RED,0.000,T1_REVERSE_TO_FORWARD
410.9900,-30.5361,-44.6700,0.300,TRAFFIC,1,TRAFFIC,,,TRAFFIC_LIGHT_RED,0.000,T1_REVERSE_TO_FORWARD
411.0900,-30.5213,-44.5710,0.300,TRAFFIC,1,TRAFFIC,,,TRAFFIC_LIGHT_RED,0.000,T1_REVERSE_TO_FORWARD
411.1900,-30.5070,-44.4721,0.300,TRAFFIC,1,TRAFFIC,,,TRAFFIC_LIGHT_RED,0.000,T1_REVERSE_TO_FORWARD
411.2899,-30.4933,-44.3731,0.300,TRAFFIC,1,TRAFFIC,,,TRAFFIC_LIGHT_RED,0.000,T1_REVERSE_TO_FORWARD
411.3900,-30.4799,-44.2740,0.300,TRAFFIC,1,TRAFFIC,,,TRAFFIC_LIGHT_RED,0.000,T1_REVERSE_TO_FORWARD
411.4900,-30.4666,-44.1749,0.300,TRAFFIC,1,TRAFFIC,,,TRAFFIC_LIGHT_RED,0.000,T1_REVERSE_TO_FORWARD
411.5899,-30.4531,-44.0758,0.300,TRAFFIC,1,TRAFFIC,,,TRAFFIC_LIGHT_RED,0.000,T1_REVERSE_TO_FORWARD
411.6900,-30.4397,-43.9767,0.300,TRAFFIC,1,TRAFFIC,,,TRAFFIC_LIGHT_RED,0.000,T1_REVERSE_TO_FORWARD
411.7899,-30.4259,-43.8777,0.300,TRAFFIC,1,TRAFFIC,,,TRAFFIC_LIGHT_RED,0.000,T1_REVERSE_TO_FORWARD
411.8899,-30.4116,-43.7787,0.300,TRAFFIC,1,TRAFFIC,,,TRAFFIC_LIGHT_RED,0.000,T1_REVERSE_TO_FORWARD
411.9899,-30.3970,-43.6798,0.300,TRAFFIC,1,TRAFFIC,,,TRAFFIC_LIGHT_RED,0.000,T1_REVERSE_TO_FORWARD
412.0899,-30.3819,-43.5809,0.300,TRAFFIC,1,TRAFFIC,,,TRAFFIC_LIGHT_RED,0.000,T1_REVERSE_TO_FORWARD
412.1899,-30.3661,-43.4822,0.300,TRAFFIC,1,TRAFFIC,,,TRAFFIC_LIGHT_RED,0.000,T1_REVERSE_TO_FORWARD
412.2899,-30.3500,-43.3835,0.300,TRAFFIC,1,TRAFFIC,,,TRAFFIC_LIGHT_RED,0.000,T1_REVERSE_TO_FORWARD
412.3899,-30.3334,-43.2849,0.300,TRAFFIC,1,TRAFFIC,,,TRAFFIC_LIGHT_RED,0.000,T1_REVERSE_TO_FORWARD
412.4899,-30.3165,-43.1864,0.300,TRAFFIC,1,TRAFFIC,,,TRAFFIC_LIGHT_RED,0.000,T1_REVERSE_TO_FORWARD
412.5899,-30.2990,-43.0879,0.300,TRAFFIC,1,TRAFFIC,,,TRAFFIC_LIGHT_RED,0.000,T1_REVERSE_TO_FORWARD
412.6898,-30.2813,-42.9895,0.300,TRAFFIC,1,TRAFFIC,,,TRAFFIC_LIGHT_RED,0.000,T1_REVERSE_TO_FORWARD
412.7898,-30.2632,-42.8912,0.300,TRAFFIC,1,TRAFFIC,,,TRAFFIC_LIGHT_RED,0.000,T1_REVERSE_TO_FORWARD
412.8898,-30.2449,-42.7929,0.300,TRAFFIC,1,TRAFFIC,,,TRAFFIC_LIGHT_RED,0.000,T1_REVERSE_TO_FORWARD
412.9898,-30.2263,-42.6947,0.300,TRAFFIC,1,TRAFFIC,,,TRAFFIC_LIGHT_RED,0.000,T1_REVERSE_TO_FORWARD
413.0898,-30.2073,-42.5965,0.300,TRAFFIC,1,TRAFFIC,,,TRAFFIC_LIGHT_RED,0.000,T1_REVERSE_TO_FORWARD
413.1897,-30.1883,-42.4983,0.300,TRAFFIC,1,TRAFFIC,,,TRAFFIC_LIGHT_RED,0.000,T1_REVERSE_TO_FORWARD
413.2587,-30.1751,-42.4307,0.300,TRAFFIC,1,TRAFFIC,TRAFFIC_3_RED_STOP_END,,TRAFFIC_LIGHT_RED,0.000,T1_REVERSE_TO_FORWARD
413.2897,-30.1691,-42.4002,0.300,TRAFFIC,1,TRAFFIC,,,TRAFFIC_LIGHT_RED,0.000,T1_REVERSE_TO_FORWARD
413.3898,-30.1499,-42.3020,0.300,TRAFFIC,1,TRAFFIC,,,TRAFFIC_LIGHT_RED,0.000,T1_REVERSE_TO_FORWARD
413.4898,-30.1301,-42.2040,0.300,TRAFFIC,1,TRAFFIC,,,TRAFFIC_LIGHT_RED,0.000,T1_REVERSE_TO_FORWARD
413.5491,-30.1179,-42.1459,0.300,NORMAL,1,ROUTE,,,,0.000,T1_REVERSE_TO_FORWARD
413.5898,-30.1092,-42.1062,0.300,NORMAL,1,ROUTE,,,,0.000,T1_REVERSE_TO_FORWARD
413.6897,-30.0873,-42.0088,0.300,NORMAL,1,ROUTE,,,,0.000,T1_REVERSE_TO_FORWARD
413.7897,-30.0643,-41.9114,0.300,NORMAL,1,ROUTE,,,,0.000,T1_REVERSE_TO_FORWARD
413.8897,-30.0406,-41.8143,0.300,NORMAL,1,ROUTE,,,,0.000,T1_REVERSE_TO_FORWARD
413.9897,-30.0164,-41.7173,0.300,NORMAL,1,ROUTE,,,,0.000,T1_REVERSE_TO_FORWARD
414.0896,-29.9918,-41.6204,0.300,NORMAL,1,ROUTE,,,,0.000,T1_REVERSE_TO_FORWARD
414.1896,-29.9672,-41.5235,0.300,NORMAL,1,ROUTE,,,,0.000,T1_REVERSE_TO_FORWARD
414.2897,-29.9426,-41.4265,0.300,NORMAL,1,ROUTE,,,,0.000,T1_REVERSE_TO_FORWARD
414.3896,-29.9185,-41.3295,0.300,NORMAL,1,ROUTE,,,,0.000,T1_REVERSE_TO_FORWARD
414.4896,-29.8951,-41.2323,0.300,NORMAL,1,ROUTE,,,,0.000,T1_REVERSE_TO_FORWARD
414.5896,-29.8725,-41.1348,0.300,NORMAL,1,ROUTE,,,,0.000,T1_REVERSE_TO_FORWARD
414.6896,-29.8512,-41.0371,0.300,NORMAL,1,ROUTE,,,,0.000,T1_REVERSE_TO_FORWARD
414.7896,-29.8314,-40.9391,0.300,NORMAL,1,ROUTE,,,,0.000,T1_REVERSE_TO_FORWARD
414.8896,-29.8133,-40.8408,0.300,NORMAL,1,ROUTE,,,,0.000,T1_REVERSE_TO_FORWARD
414.9896,-29.7972,-40.7421,0.300,NORMAL,1,ROUTE,,,,0.000,T1_REVERSE_TO_FORWARD
415.0896,-29.7831,-40.6431,0.300,NORMAL,1,ROUTE,,,,0.000,T1_REVERSE_TO_FORWARD
415.1896,-29.7711,-40.5439,0.300,NORMAL,1,ROUTE,,,,0.000,T1_REVERSE_TO_FORWARD
415.2895,-29.7612,-40.4444,0.300,NORMAL,1,ROUTE,,,,0.000,T1_REVERSE_TO_FORWARD
415.3896,-29.7538,-40.3446,0.300,NORMAL,1,ROUTE,,,,0.000,T1_REVERSE_TO_FORWARD
415.4896,-29.7487,-40.2448,0.300,NORMAL,1,ROUTE,,,,0.000,T1_REVERSE_TO_FORWARD
415.5895,-29.7461,-40.1448,0.300,NORMAL,1,ROUTE,,,,0.000,T1_REVERSE_TO_FORWARD
415.6895,-29.7460,-40.0449,0.300,NORMAL,1,ROUTE,,,,0.000,T1_REVERSE_TO_FORWARD
415.7894,-29.7484,-39.9449,0.300,NORMAL,1,ROUTE,,,,0.000,T1_REVERSE_TO_FORWARD
415.8895,-29.7532,-39.8450,0.300,NORMAL,1,ROUTE,,,,0.000,T1_REVERSE_TO_FORWARD
415.9895,-29.7602,-39.7453,0.300,NORMAL,1,ROUTE,,,,0.000,T1_REVERSE_TO_FORWARD
416.0894,-29.7689,-39.6457,0.300,NORMAL,1,ROUTE,,,,0.000,T1_REVERSE_TO_FORWARD
416.1894,-29.7788,-39.5462,0.300,NORMAL,1,ROUTE,,,,0.000,T1_REVERSE_TO_FORWARD
416.2894,-29.7895,-39.4467,0.300,NORMAL,1,ROUTE,,,,0.000,T1_REVERSE_TO_FORWARD
416.3894,-29.8008,-39.3474,0.300,NORMAL,1,ROUTE,,,,0.000,T1_REVERSE_TO_FORWARD
416.4894,-29.8123,-39.2481,0.300,NORMAL,1,ROUTE,,,,0.000,T1_REVERSE_TO_FORWARD
416.5894,-29.8236,-39.1488,0.300,NORMAL,1,ROUTE,,,,0.000,T1_REVERSE_TO_FORWARD
416.6893,-29.8347,-39.0494,0.300,NORMAL,1,ROUTE,,,,0.000,T1_REVERSE_TO_FORWARD
416.7894,-29.8459,-38.9500,0.300,NORMAL,1,ROUTE,,,,0.000,T1_REVERSE_TO_FORWARD
416.8894,-29.8568,-38.8506,0.300,NORMAL,1,ROUTE,,,,0.000,T1_REVERSE_TO_FORWARD
416.9893,-29.8679,-38.7513,0.300,NORMAL,1,ROUTE,,,,0.000,T1_REVERSE_TO_FORWARD
417.0894,-29.8794,-38.6519,0.300,NORMAL,1,ROUTE,,,,0.000,T1_REVERSE_TO_FORWARD
417.1894,-29.8912,-38.5526,0.300,NORMAL,1,ROUTE,,,,0.000,T1_REVERSE_TO_FORWARD
417.2893,-29.9037,-38.4535,0.300,NORMAL,1,ROUTE,,,,0.000,T1_REVERSE_TO_FORWARD
417.3893,-29.9170,-38.3543,0.300,NORMAL,1,ROUTE,,,,0.000,T1_REVERSE_TO_FORWARD
417.4893,-29.9314,-38.2554,0.300,NORMAL,1,ROUTE,,,,0.000,T1_REVERSE_TO_FORWARD
417.5893,-29.9470,-38.1566,0.300,NORMAL,1,ROUTE,,,,0.000,T1_REVERSE_TO_FORWARD
417.6892,-29.9635,-38.0580,0.300,NORMAL,1,ROUTE,,,,0.000,T1_REVERSE_TO_FORWARD
417.7892,-29.9810,-37.9596,0.300,NORMAL,1,ROUTE,,,,0.000,T1_REVERSE_TO_FORWARD
417.8893,-29.9993,-37.8612,0.300,NORMAL,1,ROUTE,,,,0.000,T1_REVERSE_TO_FORWARD
417.9892,-30.0180,-37.7631,0.300,NORMAL,1,ROUTE,,,,0.000,T1_REVERSE_TO_FORWARD
418.0892,-30.0371,-37.6649,0.300,NORMAL,1,ROUTE,,,,0.000,T1_REVERSE_TO_FORWARD
418.1892,-30.0563,-37.5668,0.300,NORMAL,1,ROUTE,,,,0.000,T1_REVERSE_TO_FORWARD
418.2892,-30.0755,-37.4686,0.300,NORMAL,1,ROUTE,,,,0.000,T1_REVERSE_TO_FORWARD
418.3891,-30.0945,-37.3705,0.300,NORMAL,1,ROUTE,,,,0.000,T1_REVERSE_TO_FORWARD
418.4892,-30.1133,-37.2722,0.300,NORMAL,1,ROUTE,,,,0.000,T1_REVERSE_TO_FORWARD
418.5891,-30.1322,-37.1741,0.300,NORMAL,1,ROUTE,,,,0.000,T1_REVERSE_TO_FORWARD
418.6892,-30.1510,-37.0759,0.300,NORMAL,1,ROUTE,,,,0.000,T1_REVERSE_TO_FORWARD
418.7891,-30.1702,-36.9778,0.300,NORMAL,1,ROUTE,,,,0.000,T1_REVERSE_TO_FORWARD
418.8891,-30.1899,-36.8797,0.300,NORMAL,1,ROUTE,,,,0.000,T1_REVERSE_TO_FORWARD
418.9891,-30.2105,-36.7819,0.300,NORMAL,1,ROUTE,,,,0.000,T1_REVERSE_TO_FORWARD
419.0891,-30.2322,-36.6842,0.300,NORMAL,1,ROUTE,,,,0.000,T1_REVERSE_TO_FORWARD
419.1891,-30.2553,-36.5869,0.300,NORMAL,1,ROUTE,,,,0.000,T1_REVERSE_TO_FORWARD
419.2891,-30.2801,-36.4901,0.300,NORMAL,1,ROUTE,,,,0.000,T1_REVERSE_TO_FORWARD
419.3890,-30.3068,-36.3938,0.300,NORMAL,1,ROUTE,,,,0.000,T1_REVERSE_TO_FORWARD
419.4891,-30.3356,-36.2979,0.300,NORMAL,1,ROUTE,,,,0.000,T1_REVERSE_TO_FORWARD
419.5890,-30.3662,-36.2028,0.300,NORMAL,1,ROUTE,,,,0.000,T1_REVERSE_TO_FORWARD
419.6891,-30.3987,-36.1082,0.300,NORMAL,1,ROUTE,,,,0.000,T1_REVERSE_TO_FORWARD
419.7890,-30.4327,-36.0142,0.300,NORMAL,1,ROUTE,,,,0.000,T1_REVERSE_TO_FORWARD
419.8890,-30.4683,-35.9208,0.300,NORMAL,1,ROUTE,,,,0.000,T1_REVERSE_TO_FORWARD
419.9890,-30.5048,-35.8277,0.300,NORMAL,1,ROUTE,,,,0.000,T1_REVERSE_TO_FORWARD
420.0890,-30.5424,-35.7350,0.300,NORMAL,1,ROUTE,,,,0.000,T1_REVERSE_TO_FORWARD
420.1890,-30.5806,-35.6426,0.300,NORMAL,1,ROUTE,,,,0.000,T1_REVERSE_TO_FORWARD
420.2889,-30.6193,-35.5505,0.300,NORMAL,1,ROUTE,,,,0.000,T1_REVERSE_TO_FORWARD
420.3890,-30.6584,-35.4584,0.300,NORMAL,1,ROUTE,,,,0.000,T1_REVERSE_TO_FORWARD
420.4889,-30.6975,-35.3665,0.300,NORMAL,1,ROUTE,,,,0.000,T1_REVERSE_TO_FORWARD
420.5889,-30.7368,-35.2745,0.300,NORMAL,1,ROUTE,,,,0.000,T1_REVERSE_TO_FORWARD
420.6889,-30.7759,-35.1824,0.300,NORMAL,1,ROUTE,,,,0.000,T1_REVERSE_TO_FORWARD
420.7889,-30.8150,-35.0904,0.300,NORMAL,1,ROUTE,,,,0.000,T1_REVERSE_TO_FORWARD
420.8889,-30.8537,-34.9982,0.300,NORMAL,1,ROUTE,,,,0.000,T1_REVERSE_TO_FORWARD
420.9889,-30.8921,-34.9059,0.300,NORMAL,1,ROUTE,,,,0.000,T1_REVERSE_TO_FORWARD
421.0888,-30.9302,-34.8135,0.300,NORMAL,1,ROUTE,,,,0.000,T1_REVERSE_TO_FORWARD
421.1889,-30.9680,-34.7208,0.300,NORMAL,1,ROUTE,,,,0.000,T1_REVERSE_TO_FORWARD
421.2888,-31.0053,-34.6281,0.300,NORMAL,1,ROUTE,,,,0.000,T1_REVERSE_TO_FORWARD
421.3888,-31.0423,-34.5352,0.300,NORMAL,1,ROUTE,,,,0.000,T1_REVERSE_TO_FORWARD
421.4889,-31.0789,-34.4421,0.300,NORMAL,1,ROUTE,,,,0.000,T1_REVERSE_TO_FORWARD
421.5888,-31.1152,-34.3490,0.300,NORMAL,1,ROUTE,,,,0.000,T1_REVERSE_TO_FORWARD
421.6888,-31.1514,-34.2558,0.300,NORMAL,1,ROUTE,,,,0.000,T1_REVERSE_TO_FORWARD
421.7888,-31.1874,-34.1625,0.300,NORMAL,1,ROUTE,,,,0.000,T1_REVERSE_TO_FORWARD
421.8888,-31.2233,-34.0692,0.300,NORMAL,1,ROUTE,,,,0.000,T1_REVERSE_TO_FORWARD
421.9888,-31.2591,-33.9758,0.300,NORMAL,1,ROUTE,,,,0.000,T1_REVERSE_TO_FORWARD
422.0888,-31.2949,-33.8825,0.300,NORMAL,1,ROUTE,,,,0.000,T1_REVERSE_TO_FORWARD
422.1888,-31.3310,-33.7891,0.300,NORMAL,1,ROUTE,,,,0.000,T1_REVERSE_TO_FORWARD
422.2887,-31.3669,-33.6959,0.300,NORMAL,1,ROUTE,,,,0.000,T1_REVERSE_TO_FORWARD
422.3888,-31.4031,-33.6026,0.300,NORMAL,1,ROUTE,,,,0.000,T1_REVERSE_TO_FORWARD
422.4887,-31.4393,-33.5095,0.300,NORMAL,1,ROUTE,,,,0.000,T1_REVERSE_TO_FORWARD
422.5888,-31.4758,-33.4163,0.300,NORMAL,1,ROUTE,,,,0.000,T1_REVERSE_TO_FORWARD
422.6887,-31.5126,-33.3234,0.300,NORMAL,1,ROUTE,,,,0.000,T1_REVERSE_TO_FORWARD
422.7887,-31.5496,-33.2305,0.300,NORMAL,1,ROUTE,,,,0.000,T1_REVERSE_TO_FORWARD
422.8887,-31.5869,-33.1378,0.300,NORMAL,1,ROUTE,,,,0.000,T1_REVERSE_TO_FORWARD
422.9887,-31.6246,-33.0451,0.300,NORMAL,1,ROUTE,,,,0.000,T1_REVERSE_TO_FORWARD
423.0886,-31.6628,-32.9528,0.300,NORMAL,1,ROUTE,,,,0.000,T1_REVERSE_TO_FORWARD
423.1886,-31.7015,-32.8606,0.300,NORMAL,1,ROUTE,,,,0.000,T1_REVERSE_TO_FORWARD
423.2887,-31.7409,-32.7686,0.300,NORMAL,1,ROUTE,,,,0.000,T1_REVERSE_TO_FORWARD
423.3886,-31.7809,-32.6770,0.300,NORMAL,1,ROUTE,,,,0.000,T1_REVERSE_TO_FORWARD
423.4886,-31.8218,-32.5858,0.300,NORMAL,1,ROUTE,,,,0.000,T1_REVERSE_TO_FORWARD
423.5886,-31.8636,-32.4950,0.300,NORMAL,1,ROUTE,,,,0.000,T1_REVERSE_TO_FORWARD
423.6886,-31.9066,-32.4046,0.300,NORMAL,1,ROUTE,,,,0.000,T1_REVERSE_TO_FORWARD
423.7886,-31.9508,-32.3149,0.300,NORMAL,1,ROUTE,,,,0.000,T1_REVERSE_TO_FORWARD
423.8886,-31.9965,-32.2260,0.300,NORMAL,1,ROUTE,,,,0.000,T1_REVERSE_TO_FORWARD
423.9885,-32.0437,-32.1379,0.300,NORMAL,1,ROUTE,,,,0.000,T1_REVERSE_TO_FORWARD
424.0885,-32.0927,-32.0508,0.300,NORMAL,1,ROUTE,,,,0.000,T1_REVERSE_TO_FORWARD
424.1885,-32.1437,-31.9647,0.300,NORMAL,1,ROUTE,,,,0.000,T1_REVERSE_TO_FORWARD
424.2885,-32.1968,-31.8800,0.300,NORMAL,1,ROUTE,,,,0.000,T1_REVERSE_TO_FORWARD
424.3885,-32.2522,-31.7968,0.300,NORMAL,1,ROUTE,,,,0.000,T1_REVERSE_TO_FORWARD
424.4885,-32.3102,-31.7153,0.300,NORMAL,1,ROUTE,,,,0.000,T1_REVERSE_TO_FORWARD
424.5885,-32.3705,-31.6356,0.300,NORMAL,1,ROUTE,,,,0.000,T1_REVERSE_TO_FORWARD
424.6884,-32.4335,-31.5579,0.300,NORMAL,1,ROUTE,,,,0.000,T1_REVERSE_TO_FORWARD
424.7884,-32.4988,-31.4823,0.300,NORMAL,1,ROUTE,,,,0.000,T1_REVERSE_TO_FORWARD
424.8884,-32.5664,-31.4085,0.300,NORMAL,1,ROUTE,,,,0.000,T1_REVERSE_TO_FORWARD
424.9885,-32.6362,-31.3369,0.300,NORMAL,1,ROUTE,,,,0.000,T1_REVERSE_TO_FORWARD
425.0884,-32.7081,-31.2675,0.300,NORMAL,1,ROUTE,,,,0.000,T1_REVERSE_TO_FORWARD
425.1883,-32.7820,-31.2002,0.300,NORMAL,1,ROUTE,,,,0.000,T1_REVERSE_TO_FORWARD
425.2884,-32.8580,-31.1351,0.300,NORMAL,1,ROUTE,,,,0.000,T1_REVERSE_TO_FORWARD
425.3884,-32.9359,-31.0724,0.300,NORMAL,1,ROUTE,,,,0.000,T1_REVERSE_TO_FORWARD
425.4883,-33.0156,-31.0121,0.300,NORMAL,1,ROUTE,,,,0.000,T1_REVERSE_TO_FORWARD
425.5883,-33.0973,-30.9544,0.300,NORMAL,1,ROUTE,,,,0.000,T1_REVERSE_TO_FORWARD
425.6883,-33.1807,-30.8992,0.300,NORMAL,1,ROUTE,,,,0.000,T1_REVERSE_TO_FORWARD
425.7883,-33.2656,-30.8465,0.300,NORMAL,1,ROUTE,,,,0.000,T1_REVERSE_TO_FORWARD
425.8883,-33.3522,-30.7965,0.300,NORMAL,1,ROUTE,,,,0.000,T1_REVERSE_TO_FORWARD
425.9883,-33.4402,-30.7490,0.300,NORMAL,1,ROUTE,,,,0.000,T1_REVERSE_TO_FORWARD
426.0882,-33.5296,-30.7044,0.300,NORMAL,1,ROUTE,,,,0.000,T1_REVERSE_TO_FORWARD
426.1882,-33.6204,-30.6624,0.300,NORMAL,1,ROUTE,,,,0.000,T1_REVERSE_TO_FORWARD
426.2882,-33.7124,-30.6231,0.300,NORMAL,1,ROUTE,,,,0.000,T1_REVERSE_TO_FORWARD
426.3882,-33.8054,-30.5866,0.300,NORMAL,1,ROUTE,,,,0.000,T1_REVERSE_TO_FORWARD
426.4882,-33.8994,-30.5524,0.300,NORMAL,1,ROUTE,,,,0.000,T1_REVERSE_TO_FORWARD
426.5882,-33.9941,-30.5202,0.300,NORMAL,1,ROUTE,,,,0.000,T1_REVERSE_TO_FORWARD
426.6882,-34.0893,-30.4897,0.300,NORMAL,1,ROUTE,,,,0.000,T1_REVERSE_TO_FORWARD
426.7882,-34.1850,-30.4608,0.300,NORMAL,1,ROUTE,,,,0.000,T1_REVERSE_TO_FORWARD
426.8881,-34.2810,-30.4329,0.300,NORMAL,1,ROUTE,,,,0.000,T1_REVERSE_TO_FORWARD
426.9882,-34.3773,-30.4059,0.300,NORMAL,1,ROUTE,,,,0.000,T1_REVERSE_TO_FORWARD
427.0881,-34.4738,-30.3796,0.300,NORMAL,1,ROUTE,,,,0.000,T1_REVERSE_TO_FORWARD
427.1881,-34.5702,-30.3536,0.300,NORMAL,1,ROUTE,,,,0.000,T1_REVERSE_TO_FORWARD
427.2881,-34.6670,-30.3280,0.300,NORMAL,1,ROUTE,,,,0.000,T1_REVERSE_TO_FORWARD
427.3881,-34.7636,-30.3026,0.300,NORMAL,1,ROUTE,,,,0.000,T1_REVERSE_TO_FORWARD
427.4881,-34.8604,-30.2773,0.300,NORMAL,1,ROUTE,,,,0.000,T1_REVERSE_TO_FORWARD
427.5880,-34.9571,-30.2521,0.300,NORMAL,1,ROUTE,,,,0.000,T1_REVERSE_TO_FORWARD
427.6881,-35.0539,-30.2269,0.300,NORMAL,1,ROUTE,,,,0.000,T1_REVERSE_TO_FORWARD
427.7880,-35.1507,-30.2019,0.300,NORMAL,1,ROUTE,,,,0.000,T1_REVERSE_TO_FORWARD
427.8880,-35.2476,-30.1771,0.300,NORMAL,1,ROUTE,,,,0.000,T1_REVERSE_TO_FORWARD
427.9880,-35.3444,-30.1523,0.300,NORMAL,1,ROUTE,,,,0.000,T1_REVERSE_TO_FORWARD
428.0880,-35.4414,-30.1278,0.300,NORMAL,1,ROUTE,,,,0.000,T1_REVERSE_TO_FORWARD
428.1880,-35.5384,-30.1036,0.300,NORMAL,1,ROUTE,,,,0.000,T1_REVERSE_TO_FORWARD
428.2880,-35.6355,-30.0797,0.300,NORMAL,1,ROUTE,,,,0.000,T1_REVERSE_TO_FORWARD
428.3880,-35.7327,-30.0561,0.300,NORMAL,1,ROUTE,,,,0.000,T1_REVERSE_TO_FORWARD
428.4880,-35.8299,-30.0328,0.300,NORMAL,1,ROUTE,,,,0.000,T1_REVERSE_TO_FORWARD
428.5879,-35.9272,-30.0097,0.300,NORMAL,1,ROUTE,,,,0.000,T1_REVERSE_TO_FORWARD
428.6879,-36.0245,-29.9869,0.300,NORMAL,1,ROUTE,,,,0.000,T1_REVERSE_TO_FORWARD
428.7879,-36.1219,-29.9642,0.300,NORMAL,1,ROUTE,,,,0.000,T1_REVERSE_TO_FORWARD
428.8879,-36.2193,-29.9415,0.300,NORMAL,1,ROUTE,,,,0.000,T1_REVERSE_TO_FORWARD
428.9879,-36.3167,-29.9189,0.300,NORMAL,1,ROUTE,,,,0.000,T1_REVERSE_TO_FORWARD
429.0879,-36.4141,-29.8963,0.300,NORMAL,1,ROUTE,,,,0.000,T1_REVERSE_TO_FORWARD
429.1879,-36.5115,-29.8738,0.300,NORMAL,1,ROUTE,,,,0.000,T1_REVERSE_TO_FORWARD
429.2879,-36.6089,-29.8511,0.300,NORMAL,1,ROUTE,,,,0.000,T1_REVERSE_TO_FORWARD
429.3879,-36.7063,-29.8285,0.300,NORMAL,1,ROUTE,,,,0.000,T1_REVERSE_TO_FORWARD
429.4878,-36.8037,-29.8060,0.300,NORMAL,1,ROUTE,,,,0.000,T1_REVERSE_TO_FORWARD
429.5878,-36.9011,-29.7836,0.300,NORMAL,1,ROUTE,,,,0.000,T1_REVERSE_TO_FORWARD
429.6878,-36.9986,-29.7613,0.300,NORMAL,1,ROUTE,,,,0.000,T1_REVERSE_TO_FORWARD
429.7879,-37.0963,-29.7395,0.300,NORMAL,1,ROUTE,,,,0.000,T1_REVERSE_TO_FORWARD
429.8878,-37.1939,-29.7181,0.300,NORMAL,1,ROUTE,,,,0.000,T1_REVERSE_TO_FORWARD
429.9878,-37.2916,-29.6971,0.300,NORMAL,1,ROUTE,,,,0.000,T1_REVERSE_TO_FORWARD
430.0878,-37.3896,-29.6767,0.300,NORMAL,1,ROUTE,,,,0.000,T1_REVERSE_TO_FORWARD
430.1878,-37.4876,-29.6568,0.300,NORMAL,1,ROUTE,,,,0.000,T1_REVERSE_TO_FORWARD
430.2878,-37.5856,-29.6375,0.300,NORMAL,1,ROUTE,,,,0.000,T1_REVERSE_TO_FORWARD
430.3878,-37.6839,-29.6188,0.300,NORMAL,1,ROUTE,,,,0.000,T1_REVERSE_TO_FORWARD
430.4878,-37.7823,-29.6006,0.300,NORMAL,1,ROUTE,,,,0.000,T1_REVERSE_TO_FORWARD
430.5877,-37.8806,-29.5830,0.300,NORMAL,1,ROUTE,,,,0.000,T1_REVERSE_TO_FORWARD
430.6877,-37.9791,-29.5656,0.300,NORMAL,1,ROUTE,,,,0.000,T1_REVERSE_TO_FORWARD
430.7877,-38.0776,-29.5486,0.300,NORMAL,1,ROUTE,,,,0.000,T1_REVERSE_TO_FORWARD
430.8878,-38.1762,-29.5318,0.300,NORMAL,1,ROUTE,,,,0.000,T1_REVERSE_TO_FORWARD
430.9877,-38.2747,-29.5152,0.300,NORMAL,1,ROUTE,,,,0.000,T1_REVERSE_TO_FORWARD
431.0877,-38.3734,-29.4987,0.300,NORMAL,1,ROUTE,,,,0.000,T1_REVERSE_TO_FORWARD
431.1877,-38.4720,-29.4823,0.300,NORMAL,1,ROUTE,,,,0.000,T1_REVERSE_TO_FORWARD
431.2877,-38.5707,-29.4658,0.300,NORMAL,1,ROUTE,,,,0.000,T1_REVERSE_TO_FORWARD
431.3876,-38.6692,-29.4492,0.300,NORMAL,1,ROUTE,,,,0.000,T1_REVERSE_TO_FORWARD
431.4877,-38.7679,-29.4325,0.300,NORMAL,1,ROUTE,,,,0.000,T1_REVERSE_TO_FORWARD
431.5877,-38.8664,-29.4154,0.300,NORMAL,1,ROUTE,,,,0.000,T1_REVERSE_TO_FORWARD
431.6876,-38.9649,-29.3980,0.300,NORMAL,1,ROUTE,,,,0.000,T1_REVERSE_TO_FORWARD
431.7876,-39.0632,-29.3803,0.300,NORMAL,1,ROUTE,,,,0.000,T1_REVERSE_TO_FORWARD
431.8877,-39.1616,-29.3620,0.300,NORMAL,1,ROUTE,,,,0.000,T1_REVERSE_TO_FORWARD
431.9876,-39.2597,-29.3434,0.300,NORMAL,1,ROUTE,,,,0.000,T1_REVERSE_TO_FORWARD
432.0876,-39.3579,-29.3242,0.300,NORMAL,1,ROUTE,,,,0.000,T1_REVERSE_TO_FORWARD
432.1875,-39.4559,-29.3046,0.300,NORMAL,1,ROUTE,,,,0.000,T1_REVERSE_TO_FORWARD
432.2876,-39.5540,-29.2846,0.300,NORMAL,1,ROUTE,,,,0.000,T1_REVERSE_TO_FORWARD
432.3876,-39.6519,-29.2643,0.300,NORMAL,1,ROUTE,,,,0.000,T1_REVERSE_TO_FORWARD
432.4875,-39.7496,-29.2436,0.300,NORMAL,1,ROUTE,,,,0.000,T1_REVERSE_TO_FORWARD
432.5875,-39.8474,-29.2229,0.300,NORMAL,1,ROUTE,,,,0.000,T1_REVERSE_TO_FORWARD
432.6875,-39.9452,-29.2018,0.300,NORMAL,1,ROUTE,,,,0.000,T1_REVERSE_TO_FORWARD
432.7875,-40.0430,-29.1807,0.300,NORMAL,1,ROUTE,,,,0.000,T1_REVERSE_TO_FORWARD
432.8875,-40.1406,-29.1595,0.300,NORMAL,1,ROUTE,,,,0.000,T1_REVERSE_TO_FORWARD
432.9875,-40.2384,-29.1383,0.300,NORMAL,1,ROUTE,,,,0.000,T1_REVERSE_TO_FORWARD
433.0874,-40.3361,-29.1172,0.300,NORMAL,1,ROUTE,,,,0.000,T1_REVERSE_TO_FORWARD
433.1875,-40.4339,-29.0964,0.300,NORMAL,1,ROUTE,,,,0.000,T1_REVERSE_TO_FORWARD
433.2875,-40.5318,-29.0757,0.300,NORMAL,1,ROUTE,,,,0.000,T1_REVERSE_TO_FORWARD
433.3874,-40.6296,-29.0553,0.300,NORMAL,1,ROUTE,,,,0.000,T1_REVERSE_TO_FORWARD
433.4875,-40.7276,-29.0353,0.300,NORMAL,1,ROUTE,,,,0.000,T1_REVERSE_TO_FORWARD
433.5874,-40.8257,-29.0158,0.300,NORMAL,1,ROUTE,,,,0.000,T1_REVERSE_TO_FORWARD
433.6874,-40.9238,-28.9968,0.300,NORMAL,1,ROUTE,,,,0.000,T1_REVERSE_TO_FORWARD
433.7874,-41.0221,-28.9784,0.300,NORMAL,1,ROUTE,,,,0.000,T1_REVERSE_TO_FORWARD
433.8874,-41.1206,-28.9606,0.300,NORMAL,1,ROUTE,,,,0.000,T1_REVERSE_TO_FORWARD
433.9873,-41.2190,-28.9435,0.300,NORMAL,1,ROUTE,,,,0.000,T1_REVERSE_TO_FORWARD
434.0874,-41.3177,-28.9270,0.300,NORMAL,1,ROUTE,,,,0.000,T1_REVERSE_TO_FORWARD
434.1874,-41.4164,-28.9112,0.300,NORMAL,1,ROUTE,,,,0.000,T1_REVERSE_TO_FORWARD
434.2873,-41.5152,-28.8958,0.300,NORMAL,1,ROUTE,,,,0.000,T1_REVERSE_TO_FORWARD
434.3873,-41.6140,-28.8809,0.300,NORMAL,1,ROUTE,,,,0.000,T1_REVERSE_TO_FORWARD
434.4873,-41.7130,-28.8665,0.300,NORMAL,1,ROUTE,,,,0.000,T1_REVERSE_TO_FORWARD
434.5873,-41.8120,-28.8523,0.300,NORMAL,1,ROUTE,,,,0.000,T1_REVERSE_TO_FORWARD
434.6872,-41.9109,-28.8384,0.300,NORMAL,1,ROUTE,,,,0.000,T1_REVERSE_TO_FORWARD
434.7873,-42.0100,-28.8244,0.300,NORMAL,1,ROUTE,,,,0.000,T1_REVERSE_TO_FORWARD
434.8873,-42.1090,-28.8106,0.300,NORMAL,1,ROUTE,,,,0.000,T1_REVERSE_TO_FORWARD
434.9873,-42.2081,-28.7967,0.300,NORMAL,1,ROUTE,,,,0.000,T1_REVERSE_TO_FORWARD
435.0873,-42.3070,-28.7825,0.300,NORMAL,1,ROUTE,,,,0.000,T1_REVERSE_TO_FORWARD
435.1872,-42.4059,-28.7680,0.300,NORMAL,1,ROUTE,,,,0.000,T1_REVERSE_TO_FORWARD
435.2873,-42.5049,-28.7532,0.300,NORMAL,1,ROUTE,,,,0.000,T1_REVERSE_TO_FORWARD
435.3873,-42.6036,-28.7376,0.300,NORMAL,1,ROUTE,,,,0.000,T1_REVERSE_TO_FORWARD
435.4872,-42.7023,-28.7216,0.300,NORMAL,1,ROUTE,,,,0.000,T1_REVERSE_TO_FORWARD
435.5872,-42.8008,-28.7047,0.300,NORMAL,1,ROUTE,,,,0.000,T1_REVERSE_TO_FORWARD
435.6872,-42.8993,-28.6870,0.300,NORMAL,1,ROUTE,,,,0.000,T1_REVERSE_TO_FORWARD
435.7872,-42.9976,-28.6685,0.300,NORMAL,1,ROUTE,,,,0.000,T1_REVERSE_TO_FORWARD
435.8871,-43.0956,-28.6494,0.300,NORMAL,1,ROUTE,,,,0.000,T1_REVERSE_TO_FORWARD
435.9872,-43.1937,-28.6295,0.300,NORMAL,1,ROUTE,,,,0.000,T1_REVERSE_TO_FORWARD
436.0871,-43.2916,-28.6091,0.300,NORMAL,1,ROUTE,,,,0.000,T1_REVERSE_TO_FORWARD
436.1871,-43.3893,-28.5885,0.300,NORMAL,1,ROUTE,,,,0.000,T1_REVERSE_TO_FORWARD
436.2871,-43.4871,-28.5676,0.300,NORMAL,1,ROUTE,,,,0.000,T1_REVERSE_TO_FORWARD
436.3871,-43.5849,-28.5468,0.300,NORMAL,1,ROUTE,,,,0.000,T1_REVERSE_TO_FORWARD
436.4871,-43.6828,-28.5263,0.300,NORMAL,1,ROUTE,,,,0.000,T1_REVERSE_TO_FORWARD
436.5871,-43.7808,-28.5061,0.300,NORMAL,1,ROUTE,,,,0.000,T1_REVERSE_TO_FORWARD
436.6871,-43.8788,-28.4863,0.300,NORMAL,1,ROUTE,,,,0.000,T1_REVERSE_TO_FORWARD
436.7870,-43.9768,-28.4670,0.300,NORMAL,1,ROUTE,,,,0.000,T1_REVERSE_TO_FORWARD
436.8871,-44.0751,-28.4482,0.300,NORMAL,1,ROUTE,,,,0.000,T1_REVERSE_TO_FORWARD
436.9871,-44.1734,-28.4299,0.300,NORMAL,1,ROUTE,,,,0.000,T1_REVERSE_TO_FORWARD
437.0870,-44.2718,-28.4120,0.300,NORMAL,1,ROUTE,,,,0.000,T1_REVERSE_TO_FORWARD
437.1870,-44.3702,-28.3945,0.300,NORMAL,1,ROUTE,,,,0.000,T1_REVERSE_TO_FORWARD
437.2870,-44.4687,-28.3771,0.300,NORMAL,1,ROUTE,,,,0.000,T1_REVERSE_TO_FORWARD
437.3870,-44.5672,-28.3601,0.300,NORMAL,1,ROUTE,,,,0.000,T1_REVERSE_TO_FORWARD
437.4870,-44.6658,-28.3431,0.300,NORMAL,1,ROUTE,,,,0.000,T1_REVERSE_TO_FORWARD
437.5869,-44.7643,-28.3262,0.300,NORMAL,1,ROUTE,,,,0.000,T1_REVERSE_TO_FORWARD
437.6870,-44.8628,-28.3093,0.300,NORMAL,1,ROUTE,,,,0.000,T1_REVERSE_TO_FORWARD
437.7870,-44.9614,-28.2922,0.300,NORMAL,1,ROUTE,,,,0.000,T1_REVERSE_TO_FORWARD
437.8870,-45.0599,-28.2750,0.300,NORMAL,1,ROUTE,,,,0.000,T1_REVERSE_TO_FORWARD
437.9869,-45.1583,-28.2576,0.300,NORMAL,1,ROUTE,,,,0.000,T1_REVERSE_TO_FORWARD
438.0869,-45.2567,-28.2399,0.300,NORMAL,1,ROUTE,,,,0.000,T1_REVERSE_TO_FORWARD
438.1869,-45.3551,-28.2220,0.300,NORMAL,1,ROUTE,,,,0.000,T1_REVERSE_TO_FORWARD
438.2869,-45.4534,-28.2038,0.300,NORMAL,1,ROUTE,,,,0.000,T1_REVERSE_TO_FORWARD
438.3869,-45.5517,-28.1853,0.300,NORMAL,1,ROUTE,,,,0.000,T1_REVERSE_TO_FORWARD
438.4869,-45.6499,-28.1665,0.300,NORMAL,1,ROUTE,,,,0.000,T1_REVERSE_TO_FORWARD
438.5869,-45.7481,-28.1475,0.300,NORMAL,1,ROUTE,,,,0.000,T1_REVERSE_TO_FORWARD
438.6869,-45.8462,-28.1284,0.300,NORMAL,1,ROUTE,,,,0.000,T1_REVERSE_TO_FORWARD
438.7868,-45.9443,-28.1092,0.300,NORMAL,1,ROUTE,,,,0.000,T1_REVERSE_TO_FORWARD
438.8869,-46.0425,-28.0902,0.300,NORMAL,1,ROUTE,,,,0.000,T1_REVERSE_TO_FORWARD
438.9868,-46.1407,-28.0713,0.300,NORMAL,1,ROUTE,,,,0.000,T1_REVERSE_TO_FORWARD
439.0868,-46.2389,-28.0528,0.300,NORMAL,1,ROUTE,,,,0.000,T1_REVERSE_TO_FORWARD
439.1868,-46.3373,-28.0349,0.300,NORMAL,1,ROUTE,,,,0.000,T1_REVERSE_TO_FORWARD
439.2868,-46.4357,-28.0174,0.300,NORMAL,1,ROUTE,,,,0.000,T1_REVERSE_TO_FORWARD
439.3868,-46.5344,-28.0007,0.300,NORMAL,1,ROUTE,,,,0.000,T1_REVERSE_TO_FORWARD
439.4868,-46.6330,-27.9848,0.300,NORMAL,1,ROUTE,,,,0.000,T1_REVERSE_TO_FORWARD
439.5867,-46.7318,-27.9696,0.300,NORMAL,1,ROUTE,,,,0.000,T1_REVERSE_TO_FORWARD
439.6867,-46.8308,-27.9552,0.300,NORMAL,1,ROUTE,,,,0.000,T1_REVERSE_TO_FORWARD
439.7868,-46.9299,-27.9415,0.300,NORMAL,1,ROUTE,,,,0.000,T1_REVERSE_TO_FORWARD
439.8868,-47.0291,-27.9285,0.300,NORMAL,1,ROUTE,,,,0.000,T1_REVERSE_TO_FORWARD
439.9867,-47.1283,-27.9161,0.300,NORMAL,1,ROUTE,,,,0.000,T1_REVERSE_TO_FORWARD
440.0867,-47.2276,-27.9043,0.300,NORMAL,1,ROUTE,,,,0.000,T1_REVERSE_TO_FORWARD
440.1867,-47.3269,-27.8931,0.300,NORMAL,1,ROUTE,,,,0.000,T1_REVERSE_TO_FORWARD
440.2867,-47.4263,-27.8823,0.300,NORMAL,1,ROUTE,,,,0.000,T1_REVERSE_TO_FORWARD
440.3867,-47.5258,-27.8720,0.300,NORMAL,1,ROUTE,,,,0.000,T1_REVERSE_TO_FORWARD
440.4866,-47.6252,-27.8620,0.300,NORMAL,1,ROUTE,,,,0.000,T1_REVERSE_TO_FORWARD
440.5867,-47.7248,-27.8522,0.300,NORMAL,1,ROUTE,,,,0.000,T1_REVERSE_TO_FORWARD
440.6867,-47.8243,-27.8426,0.300,NORMAL,1,ROUTE,,,,0.000,T1_REVERSE_TO_FORWARD
440.7867,-47.9238,-27.8329,0.300,NORMAL,1,ROUTE,,,,0.000,T1_REVERSE_TO_FORWARD
440.8867,-48.0234,-27.8233,0.300,NORMAL,1,ROUTE,,,,0.000,T1_REVERSE_TO_FORWARD
440.9866,-48.1229,-27.8134,0.300,NORMAL,1,ROUTE,,,,0.000,T1_REVERSE_TO_FORWARD
441.0866,-48.2223,-27.8033,0.300,NORMAL,1,ROUTE,,,,0.000,T1_REVERSE_TO_FORWARD
441.1866,-48.3217,-27.7927,0.300,NORMAL,1,ROUTE,,,,0.000,T1_REVERSE_TO_FORWARD
441.2866,-48.4211,-27.7819,0.300,NORMAL,1,ROUTE,,,,0.000,T1_REVERSE_TO_FORWARD
441.3865,-48.5204,-27.7704,0.300,NORMAL,1,ROUTE,,,,0.000,T1_REVERSE_TO_FORWARD
441.4866,-48.6198,-27.7584,0.300,NORMAL,1,ROUTE,,,,0.000,T1_REVERSE_TO_FORWARD
441.5865,-48.7189,-27.7459,0.300,NORMAL,1,ROUTE,,,,0.000,T1_REVERSE_TO_FORWARD
441.6866,-48.8181,-27.7328,0.300,NORMAL,1,ROUTE,,,,0.000,T1_REVERSE_TO_FORWARD
441.7865,-48.9171,-27.7190,0.300,NORMAL,1,ROUTE,,,,0.000,T1_REVERSE_TO_FORWARD
441.8865,-49.0160,-27.7048,0.300,NORMAL,1,ROUTE,,,,0.000,T1_REVERSE_TO_FORWARD
441.9865,-49.1149,-27.6898,0.300,NORMAL,1,ROUTE,,,,0.000,T1_REVERSE_TO_FORWARD
442.0865,-49.2137,-27.6741,0.300,NORMAL,1,ROUTE,,,,0.000,T1_REVERSE_TO_FORWARD
442.1865,-49.3123,-27.6579,0.300,NORMAL,1,ROUTE,,,,0.000,T1_REVERSE_TO_FORWARD
442.2865,-49.4109,-27.6410,0.300,NORMAL,1,ROUTE,,,,0.000,T1_REVERSE_TO_FORWARD
442.3864,-49.5093,-27.6235,0.300,NORMAL,1,ROUTE,,,,0.000,T1_REVERSE_TO_FORWARD
442.4865,-49.6077,-27.6055,0.300,NORMAL,1,ROUTE,,,,0.000,T1_REVERSE_TO_FORWARD
442.5864,-49.7060,-27.5872,0.300,NORMAL,1,ROUTE,,,,0.000,T1_REVERSE_TO_FORWARD
442.6865,-49.8043,-27.5685,0.300,NORMAL,1,ROUTE,,,,0.000,T1_REVERSE_TO_FORWARD
442.7864,-49.9024,-27.5497,0.300,NORMAL,1,ROUTE,,,,0.000,T1_REVERSE_TO_FORWARD
442.8864,-50.0006,-27.5309,0.300,NORMAL,1,ROUTE,,,,0.000,T1_REVERSE_TO_FORWARD
442.9864,-50.0988,-27.5120,0.300,NORMAL,1,ROUTE,,,,0.000,T1_REVERSE_TO_FORWARD
443.0864,-50.1970,-27.4932,0.300,NORMAL,1,ROUTE,,,,0.000,T1_REVERSE_TO_FORWARD
443.1864,-50.2952,-27.4746,0.300,NORMAL,1,ROUTE,,,,0.000,T1_REVERSE_TO_FORWARD
443.2864,-50.3935,-27.4562,0.300,NORMAL,1,ROUTE,,,,0.000,T1_REVERSE_TO_FORWARD
443.3864,-50.4919,-27.4380,0.300,NORMAL,1,ROUTE,,,,0.000,T1_REVERSE_TO_FORWARD
443.4863,-50.5902,-27.4200,0.300,NORMAL,1,ROUTE,,,,0.000,T1_REVERSE_TO_FORWARD
443.5864,-50.6887,-27.4023,0.300,NORMAL,1,ROUTE,,,,0.000,T1_REVERSE_TO_FORWARD
443.6864,-50.7871,-27.3846,0.300,NORMAL,1,ROUTE,,,,0.000,T1_REVERSE_TO_FORWARD
443.7863,-50.8855,-27.3672,0.300,NORMAL,1,ROUTE,,,,0.000,T1_REVERSE_TO_FORWARD
443.8863,-50.9840,-27.3498,0.300,NORMAL,1,ROUTE,,,,0.000,T1_REVERSE_TO_FORWARD
443.9863,-51.0824,-27.3325,0.300,NORMAL,1,ROUTE,,,,0.000,T1_REVERSE_TO_FORWARD
444.0863,-51.1810,-27.3153,0.300,NORMAL,1,ROUTE,,,,0.000,T1_REVERSE_TO_FORWARD
444.1863,-51.2794,-27.2980,0.300,NORMAL,1,ROUTE,,,,0.000,T1_REVERSE_TO_FORWARD
444.2862,-51.3779,-27.2807,0.300,NORMAL,1,ROUTE,,,,0.000,T1_REVERSE_TO_FORWARD
444.3862,-51.4763,-27.2634,0.300,NORMAL,1,ROUTE,,,,0.000,T1_REVERSE_TO_FORWARD
444.4862,-51.5748,-27.2460,0.300,NORMAL,1,ROUTE,,,,0.000,T1_REVERSE_TO_FORWARD
444.5862,-51.6733,-27.2287,0.300,NORMAL,1,ROUTE,,,,0.000,T1_REVERSE_TO_FORWARD
444.6862,-51.7718,-27.2112,0.300,NORMAL,1,ROUTE,,,,0.000,T1_REVERSE_TO_FORWARD
444.7862,-51.8703,-27.1938,0.300,NORMAL,1,ROUTE,,,,0.000,T1_REVERSE_TO_FORWARD
444.8862,-51.9687,-27.1764,0.300,NORMAL,1,ROUTE,,,,0.000,T1_REVERSE_TO_FORWARD
444.9862,-52.0672,-27.1589,0.300,NORMAL,1,ROUTE,,,,0.000,T1_REVERSE_TO_FORWARD
445.0861,-52.1656,-27.1415,0.300,NORMAL,1,ROUTE,,,,0.000,T1_REVERSE_TO_FORWARD
445.1862,-52.2641,-27.1240,0.300,NORMAL,1,ROUTE,,,,0.000,T1_REVERSE_TO_FORWARD
445.2862,-52.3626,-27.1066,0.300,NORMAL,1,ROUTE,,,,0.000,T1_REVERSE_TO_FORWARD
445.3861,-52.4610,-27.0891,0.300,NORMAL,1,ROUTE,,,,0.000,T1_REVERSE_TO_FORWARD
445.4861,-52.5594,-27.0717,0.300,NORMAL,1,ROUTE,,,,0.000,T1_REVERSE_TO_FORWARD
445.5861,-52.6579,-27.0542,0.300,NORMAL,1,ROUTE,,,,0.000,T1_REVERSE_TO_FORWARD
445.6861,-52.7563,-27.0366,0.300,NORMAL,1,ROUTE,,,,0.000,T1_REVERSE_TO_FORWARD
445.7861,-52.8547,-27.0189,0.300,NORMAL,1,ROUTE,,,,0.000,T1_REVERSE_TO_FORWARD
445.8861,-52.9532,-27.0013,0.300,NORMAL,1,ROUTE,,,,0.000,T1_REVERSE_TO_FORWARD
445.9861,-53.0515,-26.9834,0.300,NORMAL,1,ROUTE,,,,0.000,T1_REVERSE_TO_FORWARD
446.0860,-53.1499,-26.9657,0.300,NORMAL,1,ROUTE,,,,0.000,T1_REVERSE_TO_FORWARD
446.1860,-53.2483,-26.9478,0.300,NORMAL,1,ROUTE,,,,0.000,T1_REVERSE_TO_FORWARD
446.2860,-53.3467,-26.9299,0.300,NORMAL,1,ROUTE,,,,0.000,T1_REVERSE_TO_FORWARD
446.3860,-53.4451,-26.9123,0.300,NORMAL,1,ROUTE,,,,0.000,T1_REVERSE_TO_FORWARD
446.4860,-53.5436,-26.8949,0.300,NORMAL,1,ROUTE,,,,0.000,T1_REVERSE_TO_FORWARD
446.5860,-53.6421,-26.8778,0.300,NORMAL,1,ROUTE,,,,0.000,T1_REVERSE_TO_FORWARD
446.6860,-53.7407,-26.8612,0.300,NORMAL,1,ROUTE,,,,0.000,T1_REVERSE_TO_FORWARD
446.7860,-53.8394,-26.8453,0.300,NORMAL,1,ROUTE,,,,0.000,T1_REVERSE_TO_FORWARD
446.8860,-53.9383,-26.8299,0.300,NORMAL,1,ROUTE,,,,0.000,T1_REVERSE_TO_FORWARD
446.9860,-54.0371,-26.8153,0.300,NORMAL,1,ROUTE,,,,0.000,T1_REVERSE_TO_FORWARD
447.0860,-54.1362,-26.8014,0.300,NORMAL,1,ROUTE,,,,0.000,T1_REVERSE_TO_FORWARD
447.1859,-54.2353,-26.7882,0.300,NORMAL,1,ROUTE,,,,0.000,T1_REVERSE_TO_FORWARD
447.2859,-54.3345,-26.7758,0.300,NORMAL,1,ROUTE,,,,0.000,T1_REVERSE_TO_FORWARD
447.3860,-54.4338,-26.7640,0.300,NORMAL,1,ROUTE,,,,0.000,T1_REVERSE_TO_FORWARD
447.4859,-54.5331,-26.7526,0.300,NORMAL,1,ROUTE,,,,0.000,T1_REVERSE_TO_FORWARD
447.5859,-54.6326,-26.7419,0.300,NORMAL,1,ROUTE,,,,0.000,T1_REVERSE_TO_FORWARD
447.6859,-54.7319,-26.7315,0.300,NORMAL,1,ROUTE,,,,0.000,T1_REVERSE_TO_FORWARD
447.7859,-54.8315,-26.7214,0.300,NORMAL,1,ROUTE,,,,0.000,T1_REVERSE_TO_FORWARD
447.8859,-54.9310,-26.7115,0.300,NORMAL,1,ROUTE,,,,0.000,T1_REVERSE_TO_FORWARD
447.9858,-55.0304,-26.7017,0.300,NORMAL,1,ROUTE,,,,0.000,T1_REVERSE_TO_FORWARD
448.0859,-55.1300,-26.6920,0.300,NORMAL,1,ROUTE,,,,0.000,T1_REVERSE_TO_FORWARD
448.1858,-55.2295,-26.6821,0.300,NORMAL,1,ROUTE,,,,0.000,T1_REVERSE_TO_FORWARD
448.2859,-55.3290,-26.6721,0.300,NORMAL,1,ROUTE,,,,0.000,T1_REVERSE_TO_FORWARD
448.3858,-55.4284,-26.6617,0.300,NORMAL,1,ROUTE,,,,0.000,T1_REVERSE_TO_FORWARD
448.4858,-55.5278,-26.6509,0.300,NORMAL,1,ROUTE,,,,0.000,T1_REVERSE_TO_FORWARD
448.5858,-55.6272,-26.6397,0.300,NORMAL,1,ROUTE,,,,0.000,T1_REVERSE_TO_FORWARD
448.6858,-55.7265,-26.6280,0.300,NORMAL,1,ROUTE,,,,0.000,T1_REVERSE_TO_FORWARD
448.7858,-55.8257,-26.6157,0.300,NORMAL,1,ROUTE,,,,0.000,T1_REVERSE_TO_FORWARD
448.8857,-55.9248,-26.6029,0.300,NORMAL,1,ROUTE,,,,0.000,T1_REVERSE_TO_FORWARD
448.9857,-56.0239,-26.5896,0.300,NORMAL,1,ROUTE,,,,0.000,T1_REVERSE_TO_FORWARD
449.0857,-56.1230,-26.5759,0.300,NORMAL,1,ROUTE,,,,0.000,T1_REVERSE_TO_FORWARD
449.1857,-56.2220,-26.5619,0.300,NORMAL,1,ROUTE,,,,0.000,T1_REVERSE_TO_FORWARD
449.2857,-56.3210,-26.5478,0.300,NORMAL,1,ROUTE,,,,0.000,T1_REVERSE_TO_FORWARD
449.3857,-56.4200,-26.5335,0.300,NORMAL,1,ROUTE,,,,0.000,T1_REVERSE_TO_FORWARD
449.4857,-56.5189,-26.5191,0.300,NORMAL,1,ROUTE,,,,0.000,T1_REVERSE_TO_FORWARD
449.5857,-56.6179,-26.5049,0.300,NORMAL,1,ROUTE,,,,0.000,T1_REVERSE_TO_FORWARD
449.6856,-56.7168,-26.4907,0.300,NORMAL,1,ROUTE,,,,0.000,T1_REVERSE_TO_FORWARD
449.7857,-56.8159,-26.4768,0.300,NORMAL,1,ROUTE,,,,0.000,T1_REVERSE_TO_FORWARD
449.8857,-56.9149,-26.4629,0.300,NORMAL,1,ROUTE,,,,0.000,T1_REVERSE_TO_FORWARD
449.9856,-57.0139,-26.4491,0.300,NORMAL,1,ROUTE,,,,0.000,T1_REVERSE_TO_FORWARD
450.0856,-57.1129,-26.4354,0.300,NORMAL,1,ROUTE,,,,0.000,T1_REVERSE_TO_FORWARD
450.1856,-57.2120,-26.4217,0.300,NORMAL,1,ROUTE,,,,0.000,T1_REVERSE_TO_FORWARD
450.2856,-57.3111,-26.4079,0.300,NORMAL,1,ROUTE,,,,0.000,T1_REVERSE_TO_FORWARD
450.3855,-57.4101,-26.3942,0.300,NORMAL,1,ROUTE,,,,0.000,T1_REVERSE_TO_FORWARD
450.4856,-57.5091,-26.3803,0.300,NORMAL,1,ROUTE,,,,0.000,T1_REVERSE_TO_FORWARD
450.5856,-57.6082,-26.3663,0.300,NORMAL,1,ROUTE,,,,0.000,T1_REVERSE_TO_FORWARD
450.6856,-57.7071,-26.3523,0.300,NORMAL,1,ROUTE,,,,0.000,T1_REVERSE_TO_FORWARD
450.7856,-57.8061,-26.3380,0.300,NORMAL,1,ROUTE,,,,0.000,T1_REVERSE_TO_FORWARD
450.8855,-57.9050,-26.3239,0.300,NORMAL,1,ROUTE,,,,0.000,T1_REVERSE_TO_FORWARD
450.9855,-58.0040,-26.3097,0.300,NORMAL,1,ROUTE,,,,0.000,T1_REVERSE_TO_FORWARD
451.0855,-58.1031,-26.2958,0.300,NORMAL,1,ROUTE,,,,0.000,T1_REVERSE_TO_FORWARD
451.1855,-58.2022,-26.2822,0.300,NORMAL,1,ROUTE,,,,0.000,T1_REVERSE_TO_FORWARD
451.2855,-58.3012,-26.2688,0.300,NORMAL,1,ROUTE,,,,0.000,T1_REVERSE_TO_FORWARD
451.3854,-58.4003,-26.2559,0.300,NORMAL,1,ROUTE,,,,0.000,T1_REVERSE_TO_FORWARD
451.4855,-58.4996,-26.2433,0.300,NORMAL,1,ROUTE,,,,0.000,T1_REVERSE_TO_FORWARD
451.5855,-58.5988,-26.2313,0.300,NORMAL,1,ROUTE,,,,0.000,T1_REVERSE_TO_FORWARD
451.6854,-58.6981,-26.2195,0.300,NORMAL,1,ROUTE,,,,0.000,T1_REVERSE_TO_FORWARD
451.7855,-58.7975,-26.2082,0.300,NORMAL,1,ROUTE,,,,0.000,T1_REVERSE_TO_FORWARD
451.8854,-58.8968,-26.1972,0.300,NORMAL,1,ROUTE,,,,0.000,T1_REVERSE_TO_FORWARD
451.9855,-58.9963,-26.1864,0.300,NORMAL,1,ROUTE,,,,0.000,T1_REVERSE_TO_FORWARD
452.0854,-59.0956,-26.1758,0.300,NORMAL,1,ROUTE,,,,0.000,T1_REVERSE_TO_FORWARD
452.1854,-59.1951,-26.1652,0.300,NORMAL,1,ROUTE,,,,0.000,T1_REVERSE_TO_FORWARD
452.2854,-59.2946,-26.1548,0.300,NORMAL,1,ROUTE,,,,0.000,T1_REVERSE_TO_FORWARD
452.3854,-59.3940,-26.1443,0.300,NORMAL,1,ROUTE,,,,0.000,T1_REVERSE_TO_FORWARD
452.4853,-59.4934,-26.1338,0.300,NORMAL,1,ROUTE,,,,0.000,T1_REVERSE_TO_FORWARD
452.5853,-59.5928,-26.1234,0.300,NORMAL,1,ROUTE,,,,0.000,T1_REVERSE_TO_FORWARD
452.6853,-59.6923,-26.1127,0.300,NORMAL,1,ROUTE,,,,0.000,T1_REVERSE_TO_FORWARD
452.7854,-59.7917,-26.1019,0.300,NORMAL,1,ROUTE,,,,0.000,T1_REVERSE_TO_FORWARD
452.8853,-59.8911,-26.0911,0.300,NORMAL,1,ROUTE,,,,0.000,T1_REVERSE_TO_FORWARD
452.9853,-59.9905,-26.0800,0.300,NORMAL,1,ROUTE,,,,0.000,T1_REVERSE_TO_FORWARD
453.0853,-60.0898,-26.0688,0.300,NORMAL,1,ROUTE,,,,0.000,T1_REVERSE_TO_FORWARD
453.1853,-60.1892,-26.0573,0.300,NORMAL,1,ROUTE,,,,0.000,T1_REVERSE_TO_FORWARD
453.2852,-60.2884,-26.0457,0.300,NORMAL,1,ROUTE,,,,0.000,T1_REVERSE_TO_FORWARD
453.3853,-60.3877,-26.0338,0.300,NORMAL,1,ROUTE,,,,0.000,T1_REVERSE_TO_FORWARD
453.4853,-60.4870,-26.0216,0.300,NORMAL,1,ROUTE,,,,0.000,T1_REVERSE_TO_FORWARD
453.5853,-60.5862,-26.0092,0.300,NORMAL,1,ROUTE,,,,0.000,T1_REVERSE_TO_FORWARD
453.6853,-60.6854,-25.9965,0.300,NORMAL,1,ROUTE,,,,0.000,T1_REVERSE_TO_FORWARD
453.7852,-60.7845,-25.9836,0.300,NORMAL,1,ROUTE,,,,0.000,T1_REVERSE_TO_FORWARD
453.8852,-60.8837,-25.9703,0.300,NORMAL,1,ROUTE,,,,0.000,T1_REVERSE_TO_FORWARD
453.9852,-60.9827,-25.9568,0.300,NORMAL,1,ROUTE,,,,0.000,T1_REVERSE_TO_FORWARD
454.0852,-61.0817,-25.9430,0.300,NORMAL,1,ROUTE,,,,0.000,T1_REVERSE_TO_FORWARD
454.1852,-61.1807,-25.9288,0.300,NORMAL,1,ROUTE,,,,0.000,T1_REVERSE_TO_FORWARD
454.2851,-61.2796,-25.9143,0.300,NORMAL,1,ROUTE,,,,0.000,T1_REVERSE_TO_FORWARD
454.3851,-61.3785,-25.8996,0.300,NORMAL,1,ROUTE,,,,0.000,T1_REVERSE_TO_FORWARD
454.4851,-61.4774,-25.8846,0.300,NORMAL,1,ROUTE,,,,0.000,T1_REVERSE_TO_FORWARD
454.5852,-61.5762,-25.8693,0.300,NORMAL,1,ROUTE,,,,0.000,T1_REVERSE_TO_FORWARD
454.6851,-61.6750,-25.8538,0.300,NORMAL,1,ROUTE,,,,0.000,T1_REVERSE_TO_FORWARD
454.7851,-61.7737,-25.8382,0.300,NORMAL,1,ROUTE,,,,0.000,T1_REVERSE_TO_FORWARD
454.8851,-61.8725,-25.8224,0.300,NORMAL,1,ROUTE,,,,0.000,T1_REVERSE_TO_FORWARD
454.9851,-61.9712,-25.8065,0.300,NORMAL,1,ROUTE,,,,0.000,T1_REVERSE_TO_FORWARD
455.0851,-62.0699,-25.7905,0.300,NORMAL,1,ROUTE,,,,0.000,T1_REVERSE_TO_FORWARD
455.1851,-62.1686,-25.7745,0.300,NORMAL,1,ROUTE,,,,0.000,T1_REVERSE_TO_FORWARD
455.2851,-62.2673,-25.7584,0.300,NORMAL,1,ROUTE,,,,0.000,T1_REVERSE_TO_FORWARD
455.3851,-62.3660,-25.7423,0.300,NORMAL,1,ROUTE,,,,0.000,T1_REVERSE_TO_FORWARD
455.4850,-62.4646,-25.7262,0.300,NORMAL,1,ROUTE,,,,0.000,T1_REVERSE_TO_FORWARD
455.5850,-62.5633,-25.7101,0.300,NORMAL,1,ROUTE,,,,0.000,T1_REVERSE_TO_FORWARD
455.6850,-62.6620,-25.6941,0.300,NORMAL,1,ROUTE,,,,0.000,T1_REVERSE_TO_FORWARD
455.7850,-62.7608,-25.6781,0.300,NORMAL,1,ROUTE,,,,0.000,T1_REVERSE_TO_FORWARD
455.8850,-62.8595,-25.6623,0.300,NORMAL,1,ROUTE,,,,0.000,T1_REVERSE_TO_FORWARD
455.9850,-62.9582,-25.6464,0.300,NORMAL,1,ROUTE,,,,0.000,T1_REVERSE_TO_FORWARD
456.0850,-63.0570,-25.6308,0.300,NORMAL,1,ROUTE,,,,0.000,T1_REVERSE_TO_FORWARD
456.1849,-63.1557,-25.6153,0.300,NORMAL,1,ROUTE,,,,0.000,T1_REVERSE_TO_FORWARD
456.2850,-63.2546,-25.5999,0.300,NORMAL,1,ROUTE,,,,0.000,T1_REVERSE_TO_FORWARD
456.3849,-63.3533,-25.5845,0.300,NORMAL,1,ROUTE,,,,0.000,T1_REVERSE_TO_FORWARD
456.4849,-63.4522,-25.5692,0.300,NORMAL,1,ROUTE,,,,0.000,T1_REVERSE_TO_FORWARD
456.5849,-63.5510,-25.5540,0.300,NORMAL,1,ROUTE,,,,0.000,T1_REVERSE_TO_FORWARD
456.6849,-63.6498,-25.5387,0.300,NORMAL,1,ROUTE,,,,0.000,T1_REVERSE_TO_FORWARD
456.7849,-63.7486,-25.5235,0.300,NORMAL,1,ROUTE,,,,0.000,T1_REVERSE_TO_FORWARD
456.8849,-63.8475,-25.5082,0.300,NORMAL,1,ROUTE,,,,0.000,T1_REVERSE_TO_FORWARD
456.9849,-63.9462,-25.4929,0.300,NORMAL,1,ROUTE,,,,0.000,T1_REVERSE_TO_FORWARD
457.0848,-64.0450,-25.4774,0.300,NORMAL,1,ROUTE,,,,0.000,T1_REVERSE_TO_FORWARD
457.1849,-64.1439,-25.4619,0.300,NORMAL,1,ROUTE,,,,0.000,T1_REVERSE_TO_FORWARD
457.2848,-64.2425,-25.4465,0.300,NORMAL,1,ROUTE,,,,0.000,T1_REVERSE_TO_FORWARD
457.3848,-64.3414,-25.4309,0.300,NORMAL,1,ROUTE,,,,0.000,T1_REVERSE_TO_FORWARD
457.4848,-64.4401,-25.4153,0.300,NORMAL,1,ROUTE,,,,0.000,T1_REVERSE_TO_FORWARD
457.5848,-64.5389,-25.3999,0.300,NORMAL,1,ROUTE,,,,0.000,T1_REVERSE_TO_FORWARD
457.6848,-64.6378,-25.3845,0.300,NORMAL,1,ROUTE,,,,0.000,T1_REVERSE_TO_FORWARD
457.7848,-64.7366,-25.3693,0.300,NORMAL,1,ROUTE,,,,0.000,T1_REVERSE_TO_FORWARD
457.8848,-64.8354,-25.3544,0.300,NORMAL,1,ROUTE,,,,0.000,T1_REVERSE_TO_FORWARD
457.9847,-64.9343,-25.3398,0.300,NORMAL,1,ROUTE,,,,0.000,T1_REVERSE_TO_FORWARD
458.0847,-65.0333,-25.3257,0.300,NORMAL,1,ROUTE,,,,0.000,T1_REVERSE_TO_FORWARD
458.1847,-65.1323,-25.3119,0.300,NORMAL,1,ROUTE,,,,0.000,T1_REVERSE_TO_FORWARD
458.2848,-65.2315,-25.2987,0.300,NORMAL,1,ROUTE,,,,0.000,T1_REVERSE_TO_FORWARD
458.3847,-65.3306,-25.2859,0.300,NORMAL,1,ROUTE,,,,0.000,T1_REVERSE_TO_FORWARD
458.4847,-65.4299,-25.2737,0.300,NORMAL,1,ROUTE,,,,0.000,T1_REVERSE_TO_FORWARD
458.5847,-65.5292,-25.2619,0.300,NORMAL,1,ROUTE,,,,0.000,T1_REVERSE_TO_FORWARD
458.6847,-65.6285,-25.2505,0.300,NORMAL,1,ROUTE,,,,0.000,T1_REVERSE_TO_FORWARD
458.7847,-65.7279,-25.2393,0.300,NORMAL,1,ROUTE,,,,0.000,T1_REVERSE_TO_FORWARD
458.8847,-65.8273,-25.2284,0.300,NORMAL,1,ROUTE,,,,0.000,T1_REVERSE_TO_FORWARD
458.9846,-65.9267,-25.2176,0.300,NORMAL,1,ROUTE,,,,0.000,T1_REVERSE_TO_FORWARD
459.0847,-66.0261,-25.2069,0.300,NORMAL,1,ROUTE,,,,0.000,T1_REVERSE_TO_FORWARD
459.1846,-66.1255,-25.1962,0.300,NORMAL,1,ROUTE,,,,0.000,T1_REVERSE_TO_FORWARD
459.2846,-66.2249,-25.1856,0.300,NORMAL,1,ROUTE,,,,0.000,T1_REVERSE_TO_FORWARD
459.3847,-66.3244,-25.1748,0.300,NORMAL,1,ROUTE,,,,0.000,T1_REVERSE_TO_FORWARD
459.4846,-66.4238,-25.1640,0.300,NORMAL,1,ROUTE,,,,0.000,T1_REVERSE_TO_FORWARD
459.5846,-66.5231,-25.1532,0.300,NORMAL,1,ROUTE,,,,0.000,T1_REVERSE_TO_FORWARD
459.6846,-66.6225,-25.1424,0.300,NORMAL,1,ROUTE,,,,0.000,T1_REVERSE_TO_FORWARD
459.7846,-66.7219,-25.1315,0.300,NORMAL,1,ROUTE,,,,0.000,T1_REVERSE_TO_FORWARD
459.8846,-66.8213,-25.1206,0.300,NORMAL,1,ROUTE,,,,0.000,T1_REVERSE_TO_FORWARD
459.9845,-66.9207,-25.1098,0.300,NORMAL,1,ROUTE,,,,0.000,T1_REVERSE_TO_FORWARD
460.0846,-67.0202,-25.0990,0.300,NORMAL,1,ROUTE,,,,0.000,T1_REVERSE_TO_FORWARD
460.1845,-67.1195,-25.0884,0.300,NORMAL,1,ROUTE,,,,0.000,T1_REVERSE_TO_FORWARD
460.2845,-67.2190,-25.0777,0.300,NORMAL,1,ROUTE,,,,0.000,T1_REVERSE_TO_FORWARD
460.3845,-67.3184,-25.0671,0.300,NORMAL,1,ROUTE,,,,0.000,T1_REVERSE_TO_FORWARD
460.4845,-67.4178,-25.0564,0.300,NORMAL,1,ROUTE,,,,0.000,T1_REVERSE_TO_FORWARD
460.5845,-67.5173,-25.0457,0.300,NORMAL,1,ROUTE,,,,0.000,T1_REVERSE_TO_FORWARD
460.6844,-67.6166,-25.0347,0.300,NORMAL,1,ROUTE,,,,0.000,T1_REVERSE_TO_FORWARD
460.7845,-67.7160,-25.0233,0.300,NORMAL,1,ROUTE,,,,0.000,T1_REVERSE_TO_FORWARD
460.8844,-67.8152,-25.0114,0.300,NORMAL,1,ROUTE,,,,0.000,T1_REVERSE_TO_FORWARD
460.9844,-67.9144,-24.9990,0.300,NORMAL,1,ROUTE,,,,0.000,T1_REVERSE_TO_FORWARD
461.0845,-68.0136,-24.9858,0.300,NORMAL,1,ROUTE,,,,0.000,T1_REVERSE_TO_FORWARD
461.1844,-68.1126,-24.9718,0.300,NORMAL,1,ROUTE,,,,0.000,T1_REVERSE_TO_FORWARD
461.2844,-68.2115,-24.9571,0.300,NORMAL,1,ROUTE,,,,0.000,T1_REVERSE_TO_FORWARD
461.3844,-68.3102,-24.9414,0.300,NORMAL,1,ROUTE,,,,0.000,T1_REVERSE_TO_FORWARD
461.4844,-68.4089,-24.9251,0.300,NORMAL,1,ROUTE,,,,0.000,T1_REVERSE_TO_FORWARD
461.5843,-68.5074,-24.9083,0.300,NORMAL,1,ROUTE,,,,0.000,T1_REVERSE_TO_FORWARD
461.6844,-68.6060,-24.8911,0.300,NORMAL,1,ROUTE,,,,0.000,T1_REVERSE_TO_FORWARD
461.7843,-68.7044,-24.8739,0.300,NORMAL,1,ROUTE,,,,0.000,T1_REVERSE_TO_FORWARD
461.8843,-68.8029,-24.8568,0.300,NORMAL,1,ROUTE,,,,0.000,T1_REVERSE_TO_FORWARD
461.9844,-68.9016,-24.8401,0.300,NORMAL,1,ROUTE,,,,0.000,T1_REVERSE_TO_FORWARD
462.0844,-69.0003,-24.8240,0.300,NORMAL,1,ROUTE,,,,0.000,T1_REVERSE_TO_FORWARD
462.1843,-69.0991,-24.8089,0.300,NORMAL,1,ROUTE,,,,0.000,T1_REVERSE_TO_FORWARD
462.2843,-69.1980,-24.7948,0.300,NORMAL,1,ROUTE,,,,0.000,T1_REVERSE_TO_FORWARD
462.3843,-69.2972,-24.7822,0.300,NORMAL,1,ROUTE,,,,0.000,T1_REVERSE_TO_FORWARD
462.4843,-69.3966,-24.7708,0.300,NORMAL,1,ROUTE,,,,0.000,T1_REVERSE_TO_FORWARD
462.5842,-69.4960,-24.7607,0.300,NORMAL,1,ROUTE,,,,0.000,T1_REVERSE_TO_FORWARD
462.6843,-69.5957,-24.7519,0.300,NORMAL,1,ROUTE,,,,0.000,T1_REVERSE_TO_FORWARD
462.7842,-69.6953,-24.7442,0.300,NORMAL,1,ROUTE,,,,0.000,T1_REVERSE_TO_FORWARD
462.8843,-69.7952,-24.7374,0.300,NORMAL,1,ROUTE,,,,0.000,T1_REVERSE_TO_FORWARD
462.9842,-69.8949,-24.7313,0.300,NORMAL,1,ROUTE,,,,0.000,T1_REVERSE_TO_FORWARD
463.0842,-69.9948,-24.7258,0.300,NORMAL,1,ROUTE,,,,0.000,T1_REVERSE_TO_FORWARD
463.1842,-70.0946,-24.7208,0.300,NORMAL,1,ROUTE,,,,0.000,T1_REVERSE_TO_FORWARD
463.2842,-70.1945,-24.7160,0.300,NORMAL,1,ROUTE,,,,0.000,T1_REVERSE_TO_FORWARD
463.3842,-70.2943,-24.7114,0.300,NORMAL,1,ROUTE,,,,0.000,T1_REVERSE_TO_FORWARD
463.4842,-70.3943,-24.7070,0.300,NORMAL,1,ROUTE,,,,0.000,T1_REVERSE_TO_FORWARD
463.5842,-70.4942,-24.7026,0.300,NORMAL,1,ROUTE,,,,0.000,T1_REVERSE_TO_FORWARD
463.6842,-70.5941,-24.6983,0.300,NORMAL,1,ROUTE,,,,0.000,T1_REVERSE_TO_FORWARD
463.7841,-70.6940,-24.6939,0.300,NORMAL,1,ROUTE,,,,0.000,T1_REVERSE_TO_FORWARD
463.8841,-70.7938,-24.6897,0.300,NORMAL,1,ROUTE,,,,0.000,T1_REVERSE_TO_FORWARD
463.9841,-70.8938,-24.6856,0.300,NORMAL,1,ROUTE,,,,0.000,T1_REVERSE_TO_FORWARD
464.0841,-70.9937,-24.6817,0.300,NORMAL,1,ROUTE,,,,0.000,T1_REVERSE_TO_FORWARD
464.1840,-71.0935,-24.6780,0.300,NORMAL,1,ROUTE,,,,0.000,T1_REVERSE_TO_FORWARD
464.2841,-71.1935,-24.6746,0.300,NORMAL,1,ROUTE,,,,0.000,T1_REVERSE_TO_FORWARD
464.3840,-71.2934,-24.6717,0.300,NORMAL,1,ROUTE,,,,0.000,T1_REVERSE_TO_FORWARD
464.4840,-71.3934,-24.6693,0.300,NORMAL,1,ROUTE,,,,0.000,T1_REVERSE_TO_FORWARD
464.5840,-71.4934,-24.6673,0.300,NORMAL,1,ROUTE,,,,0.000,T1_REVERSE_TO_FORWARD
464.6841,-71.5934,-24.6662,0.300,NORMAL,1,ROUTE,,,,0.000,T1_REVERSE_TO_FORWARD
464.7840,-71.6933,-24.6659,0.300,NORMAL,1,ROUTE,,,,0.000,T1_REVERSE_TO_FORWARD
464.8840,-71.7934,-24.6664,0.300,NORMAL,1,ROUTE,,,,0.000,T1_REVERSE_TO_FORWARD
464.9840,-71.8933,-24.6678,0.300,NORMAL,1,ROUTE,,,,0.000,T1_REVERSE_TO_FORWARD
465.0840,-71.9933,-24.6704,0.300,NORMAL,1,ROUTE,,,,0.000,T1_REVERSE_TO_FORWARD
465.1840,-72.0932,-24.6740,0.300,NORMAL,1,ROUTE,,,,0.000,T1_REVERSE_TO_FORWARD
465.2840,-72.1931,-24.6784,0.300,NORMAL,1,ROUTE,,,,0.000,T1_REVERSE_TO_FORWARD
465.3839,-72.2929,-24.6837,0.300,NORMAL,1,ROUTE,,,,0.000,T1_REVERSE_TO_FORWARD
465.4839,-72.3927,-24.6899,0.300,NORMAL,1,ROUTE,,,,0.000,T1_REVERSE_TO_FORWARD
465.5839,-72.4925,-24.6969,0.300,NORMAL,1,ROUTE,,,,0.000,T1_REVERSE_TO_FORWARD
465.6839,-72.5922,-24.7046,0.300,NORMAL,1,ROUTE,,,,0.000,T1_REVERSE_TO_FORWARD
465.7839,-72.6918,-24.7129,0.300,NORMAL,1,ROUTE,,,,0.000,T1_REVERSE_TO_FORWARD
465.8839,-72.7914,-24.7219,0.300,NORMAL,1,ROUTE,,,,0.000,T1_REVERSE_TO_FORWARD
465.9839,-72.8909,-24.7316,0.300,NORMAL,1,ROUTE,,,,0.000,T1_REVERSE_TO_FORWARD
466.0839,-72.9904,-24.7422,0.300,NORMAL,1,ROUTE,,,,0.000,T1_REVERSE_TO_FORWARD
466.1838,-73.0897,-24.7534,0.300,NORMAL,1,ROUTE,,,,0.000,T1_REVERSE_TO_FORWARD
466.2838,-73.1890,-24.7653,0.300,NORMAL,1,ROUTE,,,,0.000,T1_REVERSE_TO_FORWARD
466.3838,-73.2881,-24.7782,0.300,NORMAL,1,ROUTE,,,,0.000,T1_REVERSE_TO_FORWARD
466.4839,-73.3872,-24.7918,0.300,NORMAL,1,ROUTE,,,,0.000,T1_REVERSE_TO_FORWARD
466.5838,-73.4861,-24.8062,0.300,NORMAL,1,ROUTE,,,,0.000,T1_REVERSE_TO_FORWARD
466.6838,-73.5850,-24.8216,0.300,NORMAL,1,ROUTE,,,,0.000,T1_REVERSE_TO_FORWARD
466.7838,-73.6836,-24.8379,0.300,NORMAL,1,ROUTE,,,,0.000,T1_REVERSE_TO_FORWARD
466.8838,-73.7820,-24.8553,0.300,NORMAL,1,ROUTE,,,,0.000,T1_REVERSE_TO_FORWARD
466.9838,-73.8803,-24.8740,0.300,NORMAL,1,ROUTE,,,,0.000,T1_REVERSE_TO_FORWARD
467.0838,-73.9783,-24.8939,0.300,NORMAL,1,ROUTE,,,,0.000,T1_REVERSE_TO_FORWARD
467.1837,-74.0759,-24.9152,0.300,NORMAL,1,ROUTE,,,,0.000,T1_REVERSE_TO_FORWARD
467.2837,-74.1733,-24.9381,0.300,NORMAL,1,ROUTE,,,,0.000,T1_REVERSE_TO_FORWARD
467.3838,-74.2703,-24.9625,0.300,NORMAL,1,ROUTE,,,,0.000,T1_REVERSE_TO_FORWARD
467.4838,-74.3669,-24.9884,0.300,NORMAL,1,ROUTE,,,,0.000,T1_REVERSE_TO_FORWARD
467.5837,-74.4631,-25.0157,0.300,NORMAL,1,ROUTE,,,,0.000,T1_REVERSE_TO_FORWARD
467.6837,-74.5588,-25.0443,0.300,NORMAL,1,ROUTE,,,,0.000,T1_REVERSE_TO_FORWARD
467.7837,-74.6543,-25.0741,0.300,NORMAL,1,ROUTE,,,,0.000,T1_REVERSE_TO_FORWARD
467.8837,-74.7494,-25.1050,0.300,NORMAL,1,ROUTE,,,,0.000,T1_REVERSE_TO_FORWARD
467.9837,-74.8442,-25.1370,0.300,NORMAL,1,ROUTE,,,,0.000,T1_REVERSE_TO_FORWARD
468.0836,-74.9384,-25.1700,0.300,NORMAL,1,ROUTE,,,,0.000,T1_REVERSE_TO_FORWARD
468.1836,-75.0323,-25.2043,0.300,NORMAL,1,ROUTE,,,,0.000,T1_REVERSE_TO_FORWARD
468.2836,-75.1259,-25.2399,0.300,NORMAL,1,ROUTE,,,,0.000,T1_REVERSE_TO_FORWARD
468.3837,-75.2188,-25.2769,0.300,NORMAL,1,ROUTE,,,,0.000,T1_REVERSE_TO_FORWARD
468.4836,-75.3109,-25.3155,0.300,NORMAL,1,ROUTE,,,,0.000,T1_REVERSE_TO_FORWARD
468.5836,-75.4023,-25.3561,0.300,NORMAL,1,ROUTE,,,,0.000,T1_REVERSE_TO_FORWARD
468.6836,-75.4926,-25.3991,0.300,NORMAL,1,ROUTE,,,,0.000,T1_REVERSE_TO_FORWARD
468.7836,-75.5818,-25.4444,0.300,NORMAL,1,ROUTE,,,,0.000,T1_REVERSE_TO_FORWARD
468.8835,-75.6693,-25.4925,0.300,NORMAL,1,ROUTE,,,,0.000,T1_REVERSE_TO_FORWARD
468.9835,-75.7553,-25.5436,0.300,NORMAL,1,ROUTE,,,,0.000,T1_REVERSE_TO_FORWARD
469.0835,-75.8393,-25.5979,0.300,NORMAL,1,ROUTE,,,,0.000,T1_REVERSE_TO_FORWARD
469.1835,-75.9214,-25.6549,0.300,NORMAL,1,ROUTE,,,,0.000,T1_REVERSE_TO_FORWARD
469.2835,-76.0017,-25.7146,0.300,NORMAL,1,ROUTE,,,,0.000,T1_REVERSE_TO_FORWARD
469.3835,-76.0802,-25.7765,0.300,NORMAL,1,ROUTE,,,,0.000,T1_REVERSE_TO_FORWARD
469.4835,-76.1571,-25.8404,0.300,NORMAL,1,ROUTE,,,,0.000,T1_REVERSE_TO_FORWARD
469.5835,-76.2326,-25.9060,0.300,NORMAL,1,ROUTE,,,,0.000,T1_REVERSE_TO_FORWARD
469.6834,-76.3068,-25.9729,0.300,NORMAL,1,ROUTE,,,,0.000,T1_REVERSE_TO_FORWARD
469.7834,-76.3800,-26.0410,0.300,NORMAL,1,ROUTE,,,,0.000,T1_REVERSE_TO_FORWARD
469.8834,-76.4523,-26.1102,0.300,NORMAL,1,ROUTE,,,,0.000,T1_REVERSE_TO_FORWARD
469.9834,-76.5238,-26.1801,0.300,NORMAL,1,ROUTE,,,,0.000,T1_REVERSE_TO_FORWARD
470.0834,-76.5945,-26.2508,0.300,NORMAL,1,ROUTE,,,,0.000,T1_REVERSE_TO_FORWARD
470.1834,-76.6646,-26.3221,0.300,NORMAL,1,ROUTE,,,,0.000,T1_REVERSE_TO_FORWARD
470.2834,-76.7342,-26.3939,0.300,NORMAL,1,ROUTE,,,,0.000,T1_REVERSE_TO_FORWARD
470.3834,-76.8034,-26.4660,0.300,NORMAL,1,ROUTE,,,,0.000,T1_REVERSE_TO_FORWARD
470.4833,-76.8721,-26.5386,0.300,NORMAL,1,ROUTE,,,,0.000,T1_REVERSE_TO_FORWARD
470.5833,-76.9408,-26.6113,0.300,NORMAL,1,ROUTE,,,,0.000,T1_REVERSE_TO_FORWARD
470.6834,-77.0091,-26.6844,0.300,NORMAL,1,ROUTE,,,,0.000,T1_REVERSE_TO_FORWARD
470.7833,-77.0772,-26.7576,0.300,NORMAL,1,ROUTE,,,,0.000,T1_REVERSE_TO_FORWARD
470.8833,-77.1451,-26.8310,0.300,NORMAL,1,ROUTE,,,,0.000,T1_REVERSE_TO_FORWARD
470.9833,-77.2129,-26.9044,0.300,NORMAL,1,ROUTE,,,,0.000,T1_REVERSE_TO_FORWARD
471.0833,-77.2805,-26.9781,0.300,NORMAL,1,ROUTE,,,,0.000,T1_REVERSE_TO_FORWARD
471.1833,-77.3480,-27.0519,0.300,NORMAL,1,ROUTE,,,,0.000,T1_REVERSE_TO_FORWARD
471.2833,-77.4153,-27.1258,0.300,NORMAL,1,ROUTE,,,,0.000,T1_REVERSE_TO_FORWARD
471.3832,-77.4825,-27.1999,0.300,NORMAL,1,ROUTE,,,,0.000,T1_REVERSE_TO_FORWARD
471.4832,-77.5494,-27.2741,0.300,NORMAL,1,ROUTE,,,,0.000,T1_REVERSE_TO_FORWARD
471.5832,-77.6162,-27.3486,0.300,NORMAL,1,ROUTE,,,,0.000,T1_REVERSE_TO_FORWARD
471.6832,-77.6828,-27.4231,0.300,NORMAL,1,ROUTE,,,,0.000,T1_REVERSE_TO_FORWARD
471.7832,-77.7491,-27.4980,0.300,NORMAL,1,ROUTE,,,,0.000,T1_REVERSE_TO_FORWARD
471.8832,-77.8151,-27.5731,0.300,NORMAL,1,ROUTE,,,,0.000,T1_REVERSE_TO_FORWARD
471.9832,-77.8808,-27.6485,0.300,NORMAL,1,ROUTE,,,,0.000,T1_REVERSE_TO_FORWARD
472.0831,-77.9461,-27.7242,0.300,NORMAL,1,ROUTE,,,,0.000,T1_REVERSE_TO_FORWARD
472.1832,-78.0110,-27.8003,0.300,NORMAL,1,ROUTE,,,,0.000,T1_REVERSE_TO_FORWARD
472.2832,-78.0755,-27.8768,0.300,NORMAL,1,ROUTE,,,,0.000,T1_REVERSE_TO_FORWARD
472.3831,-78.1395,-27.9535,0.300,NORMAL,1,ROUTE,,,,0.000,T1_REVERSE_TO_FORWARD
472.4832,-78.2031,-28.0307,0.300,NORMAL,1,ROUTE,,,,0.000,T1_REVERSE_TO_FORWARD
472.5831,-78.2663,-28.1081,0.300,NORMAL,1,ROUTE,,,,0.000,T1_REVERSE_TO_FORWARD
472.6832,-78.3292,-28.1860,0.300,NORMAL,1,ROUTE,,,,0.000,T1_REVERSE_TO_FORWARD
472.7831,-78.3916,-28.2641,0.300,NORMAL,1,ROUTE,,,,0.000,T1_REVERSE_TO_FORWARD
472.8831,-78.4536,-28.3425,0.300,NORMAL,1,ROUTE,,,,0.000,T1_REVERSE_TO_FORWARD
472.9831,-78.5151,-28.4213,0.300,NORMAL,1,ROUTE,,,,0.000,T1_REVERSE_TO_FORWARD
473.0831,-78.5763,-28.5004,0.300,NORMAL,1,ROUTE,,,,0.000,T1_REVERSE_TO_FORWARD
473.1830,-78.6369,-28.5799,0.300,NORMAL,1,ROUTE,,,,0.000,T1_REVERSE_TO_FORWARD
473.2831,-78.6972,-28.6597,0.300,NORMAL,1,ROUTE,,,,0.000,T1_REVERSE_TO_FORWARD
473.3830,-78.7570,-28.7398,0.300,NORMAL,1,ROUTE,,,,0.000,T1_REVERSE_TO_FORWARD
473.4830,-78.8165,-28.8202,0.300,NORMAL,1,ROUTE,,,,0.000,T1_REVERSE_TO_FORWARD
473.5829,-78.8754,-28.9009,0.300,NORMAL,1,ROUTE,,,,0.000,T1_REVERSE_TO_FORWARD
473.6830,-78.9341,-28.9819,0.300,NORMAL,1,ROUTE,,,,0.000,T1_REVERSE_TO_FORWARD
473.7830,-78.9923,-29.0631,0.300,NORMAL,1,ROUTE,,,,0.000,T1_REVERSE_TO_FORWARD
473.8830,-79.0502,-29.1448,0.300,NORMAL,1,ROUTE,,,,0.000,T1_REVERSE_TO_FORWARD
473.9830,-79.1076,-29.2266,0.300,NORMAL,1,ROUTE,,,,0.000,T1_REVERSE_TO_FORWARD
474.0829,-79.1645,-29.3087,0.300,NORMAL,1,ROUTE,,,,0.000,T1_REVERSE_TO_FORWARD
474.1830,-79.2210,-29.3913,0.300,NORMAL,1,ROUTE,,,,0.000,T1_REVERSE_TO_FORWARD
474.2830,-79.2771,-29.4742,0.300,NORMAL,1,ROUTE,,,,0.000,T1_REVERSE_TO_FORWARD
474.3829,-79.3325,-29.5573,0.300,NORMAL,1,ROUTE,,,,0.000,T1_REVERSE_TO_FORWARD
474.4829,-79.3873,-29.6409,0.300,NORMAL,1,ROUTE,,,,0.000,T1_REVERSE_TO_FORWARD
474.5829,-79.4417,-29.7248,0.300,NORMAL,1,ROUTE,,,,0.000,T1_REVERSE_TO_FORWARD
474.6829,-79.4956,-29.8091,0.300,NORMAL,1,ROUTE,,,,0.000,T1_REVERSE_TO_FORWARD
474.7829,-79.5487,-29.8938,0.300,NORMAL,1,ROUTE,,,,0.000,T1_REVERSE_TO_FORWARD
474.8829,-79.6013,-29.9788,0.300,NORMAL,1,ROUTE,,,,0.000,T1_REVERSE_TO_FORWARD
474.9829,-79.6533,-30.0643,0.300,NORMAL,1,ROUTE,,,,0.000,T1_REVERSE_TO_FORWARD
475.0828,-79.7044,-30.1501,0.300,NORMAL,1,ROUTE,,,,0.000,T1_REVERSE_TO_FORWARD
475.1828,-79.7547,-30.2366,0.300,NORMAL,1,ROUTE,,,,0.000,T1_REVERSE_TO_FORWARD
475.2829,-79.8042,-30.3235,0.300,NORMAL,1,ROUTE,,,,0.000,T1_REVERSE_TO_FORWARD
475.3827,-79.8527,-30.4108,0.300,NORMAL,1,ROUTE,,,,0.000,T1_REVERSE_TO_FORWARD
475.4828,-79.9002,-30.4989,0.300,NORMAL,1,ROUTE,,,,0.000,T1_REVERSE_TO_FORWARD
475.5828,-79.9468,-30.5873,0.300,NORMAL,1,ROUTE,,,,0.000,T1_REVERSE_TO_FORWARD
475.6828,-79.9922,-30.6765,0.300,NORMAL,1,ROUTE,,,,0.000,T1_REVERSE_TO_FORWARD
475.7828,-80.0365,-30.7661,0.300,NORMAL,1,ROUTE,,,,0.000,T1_REVERSE_TO_FORWARD
475.8828,-80.0795,-30.8564,0.300,NORMAL,1,ROUTE,,,,0.000,T1_REVERSE_TO_FORWARD
475.9827,-80.1212,-30.9472,0.300,NORMAL,1,ROUTE,,,,0.000,T1_REVERSE_TO_FORWARD
476.0827,-80.1614,-31.0388,0.300,NORMAL,1,ROUTE,,,,0.000,T1_REVERSE_TO_FORWARD
476.1827,-80.2000,-31.1310,0.300,NORMAL,1,ROUTE,,,,0.000,T1_REVERSE_TO_FORWARD
476.2827,-80.2370,-31.2239,0.300,NORMAL,1,ROUTE,,,,0.000,T1_REVERSE_TO_FORWARD
476.3827,-80.2724,-31.3174,0.300,NORMAL,1,ROUTE,,,,0.000,T1_REVERSE_TO_FORWARD
476.4827,-80.3062,-31.4115,0.300,NORMAL,1,ROUTE,,,,0.000,T1_REVERSE_TO_FORWARD
476.5827,-80.3385,-31.5062,0.300,NORMAL,1,ROUTE,,,,0.000,T1_REVERSE_TO_FORWARD
476.6827,-80.3695,-31.6012,0.300,NORMAL,1,ROUTE,,,,0.000,T1_REVERSE_TO_FORWARD
476.7827,-80.3996,-31.6966,0.300,NORMAL,1,ROUTE,,,,0.000,T1_REVERSE_TO_FORWARD
476.8826,-80.4289,-31.7921,0.300,NORMAL,1,ROUTE,,,,0.000,T1_REVERSE_TO_FORWARD
476.9827,-80.4576,-31.8880,0.300,NORMAL,1,ROUTE,,,,0.000,T1_REVERSE_TO_FORWARD
477.0826,-80.4858,-31.9839,0.300,NORMAL,1,ROUTE,,,,0.000,T1_REVERSE_TO_FORWARD
477.1826,-80.5137,-32.0799,0.300,NORMAL,1,ROUTE,,,,0.000,T1_REVERSE_TO_FORWARD
477.2826,-80.5415,-32.1759,0.300,NORMAL,1,ROUTE,,,,0.000,T1_REVERSE_TO_FORWARD
477.3825,-80.5694,-32.2719,0.300,NORMAL,1,ROUTE,,,,0.000,T1_REVERSE_TO_FORWARD
477.4825,-80.5972,-32.3680,0.300,NORMAL,1,ROUTE,,,,0.000,T1_REVERSE_TO_FORWARD
477.5826,-80.6251,-32.4641,0.300,NORMAL,1,ROUTE,,,,0.000,T1_REVERSE_TO_FORWARD
477.6825,-80.6529,-32.5601,0.300,NORMAL,1,ROUTE,,,,0.000,T1_REVERSE_TO_FORWARD
477.7825,-80.6806,-32.6561,0.300,NORMAL,1,ROUTE,,,,0.000,T1_REVERSE_TO_FORWARD
477.8825,-80.7082,-32.7522,0.300,NORMAL,1,ROUTE,,,,0.000,T1_REVERSE_TO_FORWARD
477.9825,-80.7355,-32.8484,0.300,NORMAL,1,ROUTE,,,,0.000,T1_REVERSE_TO_FORWARD
478.0825,-80.7626,-32.9446,0.300,NORMAL,1,ROUTE,,,,0.000,T1_REVERSE_TO_FORWARD
478.1825,-80.7892,-33.0411,0.300,NORMAL,1,ROUTE,,,,0.000,T1_REVERSE_TO_FORWARD
478.2824,-80.8154,-33.1375,0.300,NORMAL,1,ROUTE,,,,0.000,T1_REVERSE_TO_FORWARD
478.3824,-80.8411,-33.2341,0.300,NORMAL,1,ROUTE,,,,0.000,T1_REVERSE_TO_FORWARD
478.4825,-80.8664,-33.3310,0.300,NORMAL,1,ROUTE,,,,0.000,T1_REVERSE_TO_FORWARD
478.5825,-80.8911,-33.4278,0.300,NORMAL,1,ROUTE,,,,0.000,T1_REVERSE_TO_FORWARD
478.6825,-80.9156,-33.5248,0.300,NORMAL,1,ROUTE,,,,0.000,T1_REVERSE_TO_FORWARD
478.7825,-80.9396,-33.6219,0.300,NORMAL,1,ROUTE,,,,0.000,T1_REVERSE_TO_FORWARD
478.8824,-80.9632,-33.7190,0.300,NORMAL,1,ROUTE,,,,0.000,T1_REVERSE_TO_FORWARD
478.9824,-80.9866,-33.8162,0.300,NORMAL,1,ROUTE,,,,0.000,T1_REVERSE_TO_FORWARD
479.0824,-81.0097,-33.9135,0.300,NORMAL,1,ROUTE,,,,0.000,T1_REVERSE_TO_FORWARD
479.1823,-81.0326,-34.0108,0.300,NORMAL,1,ROUTE,,,,0.000,T1_REVERSE_TO_FORWARD
479.2824,-81.0554,-34.1082,0.300,NORMAL,1,ROUTE,,,,0.000,T1_REVERSE_TO_FORWARD
479.3824,-81.0780,-34.2056,0.300,NORMAL,1,ROUTE,,,,0.000,T1_REVERSE_TO_FORWARD
479.4823,-81.1006,-34.3029,0.300,NORMAL,1,ROUTE,,,,0.000,T1_REVERSE_TO_FORWARD
479.5823,-81.1232,-34.4003,0.300,NORMAL,1,ROUTE,,,,0.000,T1_REVERSE_TO_FORWARD
479.6823,-81.1458,-34.4977,0.300,NORMAL,1,ROUTE,,,,0.000,T1_REVERSE_TO_FORWARD
479.7823,-81.1685,-34.5951,0.300,NORMAL,1,ROUTE,,,,0.000,T1_REVERSE_TO_FORWARD
479.8823,-81.1912,-34.6925,0.300,NORMAL,1,ROUTE,,,,0.000,T1_REVERSE_TO_FORWARD
479.9823,-81.2141,-34.7899,0.300,NORMAL,1,ROUTE,,,,0.000,T1_REVERSE_TO_FORWARD
480.0823,-81.2370,-34.8872,0.300,NORMAL,1,ROUTE,,,,0.000,T1_REVERSE_TO_FORWARD
480.1822,-81.2600,-34.9845,0.300,NORMAL,1,ROUTE,,,,0.000,T1_REVERSE_TO_FORWARD
480.2823,-81.2830,-35.0818,0.300,NORMAL,1,ROUTE,,,,0.000,T1_REVERSE_TO_FORWARD
480.3822,-81.3060,-35.1791,0.300,NORMAL,1,ROUTE,,,,0.000,T1_REVERSE_TO_FORWARD
480.4823,-81.3290,-35.2765,0.300,NORMAL,1,ROUTE,,,,0.000,T1_REVERSE_TO_FORWARD
480.5823,-81.3518,-35.3738,0.300,NORMAL,1,ROUTE,,,,0.000,T1_REVERSE_TO_FORWARD
480.6822,-81.3744,-35.4712,0.300,NORMAL,1,ROUTE,,,,0.000,T1_REVERSE_TO_FORWARD
480.7822,-81.3968,-35.5686,0.300,NORMAL,1,ROUTE,,,,0.000,T1_REVERSE_TO_FORWARD
480.8822,-81.4187,-35.6662,0.300,NORMAL,1,ROUTE,,,,0.000,T1_REVERSE_TO_FORWARD
480.9822,-81.4405,-35.7638,0.300,NORMAL,1,ROUTE,,,,0.000,T1_REVERSE_TO_FORWARD
481.0822,-81.4618,-35.8615,0.300,NORMAL,1,ROUTE,,,,0.000,T1_REVERSE_TO_FORWARD
481.1822,-81.4826,-35.9593,0.300,NORMAL,1,ROUTE,,,,0.000,T1_REVERSE_TO_FORWARD
481.2822,-81.5033,-36.0572,0.300,NORMAL,1,ROUTE,,,,0.000,T1_REVERSE_TO_FORWARD
481.3822,-81.5235,-36.1550,0.300,NORMAL,1,ROUTE,,,,0.000,T1_REVERSE_TO_FORWARD
481.4822,-81.5436,-36.2530,0.300,NORMAL,1,ROUTE,,,,0.000,T1_REVERSE_TO_FORWARD
481.5821,-81.5634,-36.3510,0.300,NORMAL,1,ROUTE,,,,0.000,T1_REVERSE_TO_FORWARD
481.6822,-81.5831,-36.4491,0.300,NORMAL,1,ROUTE,,,,0.000,T1_REVERSE_TO_FORWARD
481.7821,-81.6026,-36.5471,0.300,NORMAL,1,ROUTE,,,,0.000,T1_REVERSE_TO_FORWARD
481.8821,-81.6220,-36.6452,0.300,NORMAL,1,ROUTE,,,,0.000,T1_REVERSE_TO_FORWARD
481.9821,-81.6414,-36.7433,0.300,NORMAL,1,ROUTE,,,,0.000,T1_REVERSE_TO_FORWARD
482.0821,-81.6607,-36.8414,0.300,NORMAL,1,ROUTE,,,,0.000,T1_REVERSE_TO_FORWARD
482.1821,-81.6800,-36.9395,0.300,NORMAL,1,ROUTE,,,,0.000,T1_REVERSE_TO_FORWARD
482.2821,-81.6992,-37.0376,0.300,NORMAL,1,ROUTE,,,,0.000,T1_REVERSE_TO_FORWARD
482.3820,-81.7184,-37.1357,0.300,NORMAL,1,ROUTE,,,,0.000,T1_REVERSE_TO_FORWARD
482.4820,-81.7376,-37.2339,0.300,NORMAL,1,ROUTE,,,,0.000,T1_REVERSE_TO_FORWARD
482.5820,-81.7566,-37.3320,0.300,NORMAL,1,ROUTE,,,,0.000,T1_REVERSE_TO_FORWARD
482.6820,-81.7757,-37.4302,0.300,NORMAL,1,ROUTE,,,,0.000,T1_REVERSE_TO_FORWARD
482.7820,-81.7946,-37.5283,0.300,NORMAL,1,ROUTE,,,,0.000,T1_REVERSE_TO_FORWARD
482.8819,-81.8135,-37.6265,0.300,NORMAL,1,ROUTE,,,,0.000,T1_REVERSE_TO_FORWARD
482.9820,-81.8323,-37.7248,0.300,NORMAL,1,ROUTE,,,,0.000,T1_REVERSE_TO_FORWARD
483.0820,-81.8510,-37.8230,0.300,NORMAL,1,ROUTE,,,,0.000,T1_REVERSE_TO_FORWARD
483.1819,-81.8696,-37.9212,0.300,NORMAL,1,ROUTE,,,,0.000,T1_REVERSE_TO_FORWARD
483.2819,-81.8882,-38.0195,0.300,NORMAL,1,ROUTE,,,,0.000,T1_REVERSE_TO_FORWARD
483.3819,-81.9068,-38.1177,0.300,NORMAL,1,ROUTE,,,,0.000,T1_REVERSE_TO_FORWARD
483.4820,-81.9256,-38.2160,0.300,NORMAL,1,ROUTE,,,,0.000,T1_REVERSE_TO_FORWARD
483.5819,-81.9443,-38.3141,0.300,NORMAL,1,ROUTE,,,,0.000,T1_REVERSE_TO_FORWARD
483.6819,-81.9630,-38.4124,0.300,NORMAL,1,ROUTE,,,,0.000,T1_REVERSE_TO_FORWARD
483.7818,-81.9820,-38.5105,0.300,NORMAL,1,ROUTE,,,,0.000,T1_REVERSE_TO_FORWARD
483.8819,-82.0010,-38.6087,0.300,NORMAL,1,ROUTE,,,,0.000,T1_REVERSE_TO_FORWARD
483.9819,-82.0203,-38.7068,0.300,NORMAL,1,ROUTE,,,,0.000,T1_REVERSE_TO_FORWARD
484.0818,-82.0396,-38.8049,0.300,NORMAL,1,ROUTE,,,,0.000,T1_REVERSE_TO_FORWARD
484.1818,-82.0591,-38.9029,0.300,NORMAL,1,ROUTE,,,,0.000,T1_REVERSE_TO_FORWARD
484.2819,-82.0789,-39.0010,0.300,NORMAL,1,ROUTE,,,,0.000,T1_REVERSE_TO_FORWARD
484.3818,-82.0987,-39.0990,0.300,NORMAL,1,ROUTE,,,,0.000,T1_REVERSE_TO_FORWARD
484.4818,-82.1187,-39.1970,0.300,NORMAL,1,ROUTE,,,,0.000,T1_REVERSE_TO_FORWARD
484.5818,-82.1389,-39.2949,0.300,NORMAL,1,ROUTE,,,,0.000,T1_REVERSE_TO_FORWARD
484.6818,-82.1591,-39.3928,0.300,NORMAL,1,ROUTE,,,,0.000,T1_REVERSE_TO_FORWARD
484.7818,-82.1795,-39.4907,0.300,NORMAL,1,ROUTE,,,,0.000,T1_REVERSE_TO_FORWARD
484.8818,-82.1998,-39.5886,0.300,NORMAL,1,ROUTE,,,,0.000,T1_REVERSE_TO_FORWARD
484.9817,-82.2203,-39.6865,0.300,NORMAL,1,ROUTE,,,,0.000,T1_REVERSE_TO_FORWARD
485.0817,-82.2408,-39.7843,0.300,NORMAL,1,ROUTE,,,,0.000,T1_REVERSE_TO_FORWARD
485.1818,-82.2613,-39.8822,0.300,NORMAL,1,ROUTE,,,,0.000,T1_REVERSE_TO_FORWARD
485.2817,-82.2819,-39.9801,0.300,NORMAL,1,ROUTE,,,,0.000,T1_REVERSE_TO_FORWARD
485.3817,-82.3024,-40.0779,0.300,NORMAL,1,ROUTE,,,,0.000,T1_REVERSE_TO_FORWARD
485.4817,-82.3230,-40.1758,0.300,NORMAL,1,ROUTE,,,,0.000,T1_REVERSE_TO_FORWARD
485.5817,-82.3434,-40.2736,0.300,NORMAL,1,ROUTE,,,,0.000,T1_REVERSE_TO_FORWARD
485.6816,-82.3637,-40.3715,0.300,NORMAL,1,ROUTE,,,,0.000,T1_REVERSE_TO_FORWARD
485.7817,-82.3839,-40.4695,0.300,NORMAL,1,ROUTE,,,,0.000,T1_REVERSE_TO_FORWARD
485.8817,-82.4041,-40.5675,0.300,NORMAL,1,ROUTE,,,,0.000,T1_REVERSE_TO_FORWARD
485.9816,-82.4240,-40.6654,0.300,NORMAL,1,ROUTE,,,,0.000,T1_REVERSE_TO_FORWARD
486.0817,-82.4438,-40.7635,0.300,NORMAL,1,ROUTE,,,,0.000,T1_REVERSE_TO_FORWARD
486.1816,-82.4632,-40.8615,0.300,NORMAL,1,ROUTE,,,,0.000,T1_REVERSE_TO_FORWARD
486.2816,-82.4825,-40.9596,0.300,NORMAL,1,ROUTE,,,,0.000,T1_REVERSE_TO_FORWARD
486.3816,-82.5015,-41.0578,0.300,NORMAL,1,ROUTE,,,,0.000,T1_REVERSE_TO_FORWARD
486.4816,-82.5204,-41.1560,0.300,NORMAL,1,ROUTE,,,,0.000,T1_REVERSE_TO_FORWARD
486.5816,-82.5390,-41.2542,0.300,NORMAL,1,ROUTE,,,,0.000,T1_REVERSE_TO_FORWARD
486.6816,-82.5573,-41.3525,0.300,NORMAL,1,ROUTE,,,,0.000,T1_REVERSE_TO_FORWARD
486.7816,-82.5755,-41.4509,0.300,NORMAL,1,ROUTE,,,,0.000,T1_REVERSE_TO_FORWARD
486.8816,-82.5933,-41.5492,0.300,NORMAL,1,ROUTE,,,,0.000,T1_REVERSE_TO_FORWARD
486.9815,-82.6111,-41.6476,0.300,NORMAL,1,ROUTE,,,,0.000,T1_REVERSE_TO_FORWARD
487.0815,-82.6287,-41.7460,0.300,NORMAL,1,ROUTE,,,,0.000,T1_REVERSE_TO_FORWARD
487.1815,-82.6460,-41.8445,0.300,NORMAL,1,ROUTE,,,,0.000,T1_REVERSE_TO_FORWARD
487.2815,-82.6632,-41.9430,0.300,NORMAL,1,ROUTE,,,,0.000,T1_REVERSE_TO_FORWARD
487.3815,-82.6802,-42.0415,0.300,NORMAL,1,ROUTE,,,,0.000,T1_REVERSE_TO_FORWARD
487.4815,-82.6972,-42.1401,0.300,NORMAL,1,ROUTE,,,,0.000,T1_REVERSE_TO_FORWARD
487.5815,-82.7142,-42.2386,0.300,NORMAL,1,ROUTE,,,,0.000,T1_REVERSE_TO_FORWARD
487.6815,-82.7312,-42.3372,0.300,NORMAL,1,ROUTE,,,,0.000,T1_REVERSE_TO_FORWARD
487.7814,-82.7483,-42.4356,0.300,NORMAL,1,ROUTE,,,,0.000,T1_REVERSE_TO_FORWARD
487.8815,-82.7655,-42.5342,0.300,NORMAL,1,ROUTE,,,,0.000,T1_REVERSE_TO_FORWARD
487.9814,-82.7831,-42.6326,0.300,NORMAL,1,ROUTE,,,,0.000,T1_REVERSE_TO_FORWARD
488.0815,-82.8010,-42.7310,0.300,NORMAL,1,ROUTE,,,,0.000,T1_REVERSE_TO_FORWARD
488.1814,-82.8193,-42.8293,0.300,NORMAL,1,ROUTE,,,,0.000,T1_REVERSE_TO_FORWARD
488.2814,-82.8379,-42.9275,0.300,NORMAL,1,ROUTE,,,,0.000,T1_REVERSE_TO_FORWARD
488.3814,-82.8571,-43.0257,0.300,NORMAL,1,ROUTE,,,,0.000,T1_REVERSE_TO_FORWARD
488.4814,-82.8766,-43.1237,0.300,NORMAL,1,ROUTE,,,,0.000,T1_REVERSE_TO_FORWARD
488.5814,-82.8964,-43.2218,0.300,NORMAL,1,ROUTE,,,,0.000,T1_REVERSE_TO_FORWARD
488.6813,-82.9163,-43.3197,0.300,NORMAL,1,ROUTE,,,,0.000,T1_REVERSE_TO_FORWARD
488.7813,-82.9364,-43.4177,0.300,NORMAL,1,ROUTE,,,,0.000,T1_REVERSE_TO_FORWARD
488.8813,-82.9564,-43.5156,0.300,NORMAL,1,ROUTE,,,,0.000,T1_REVERSE_TO_FORWARD
488.9813,-82.9762,-43.6136,0.300,NORMAL,1,ROUTE,,,,0.000,T1_REVERSE_TO_FORWARD
489.0813,-82.9957,-43.7117,0.300,NORMAL,1,ROUTE,,,,0.000,T1_REVERSE_TO_FORWARD
489.1813,-83.0147,-43.8099,0.300,NORMAL,1,ROUTE,,,,0.000,T1_REVERSE_TO_FORWARD
489.2813,-83.0331,-43.9081,0.300,NORMAL,1,ROUTE,,,,0.000,T1_REVERSE_TO_FORWARD
489.3813,-83.0509,-44.0066,0.300,NORMAL,1,ROUTE,,,,0.000,T1_REVERSE_TO_FORWARD
489.4812,-83.0678,-44.1051,0.300,NORMAL,1,ROUTE,,,,0.000,T1_REVERSE_TO_FORWARD
489.5812,-83.0838,-44.2038,0.300,NORMAL,1,ROUTE,,,,0.000,T1_REVERSE_TO_FORWARD
489.6813,-83.0991,-44.3026,0.300,NORMAL,1,ROUTE,,,,0.000,T1_REVERSE_TO_FORWARD
489.7812,-83.1136,-44.4015,0.300,NORMAL,1,ROUTE,,,,0.000,T1_REVERSE_TO_FORWARD
489.8812,-83.1276,-44.5005,0.300,NORMAL,1,ROUTE,,,,0.000,T1_REVERSE_TO_FORWARD
489.9812,-83.1408,-44.5996,0.300,NORMAL,1,ROUTE,,,,0.000,T1_REVERSE_TO_FORWARD
490.0812,-83.1535,-44.6988,0.300,NORMAL,1,ROUTE,,,,0.000,T1_REVERSE_TO_FORWARD
490.1812,-83.1660,-44.7981,0.300,NORMAL,1,ROUTE,,,,0.000,T1_REVERSE_TO_FORWARD
490.2812,-83.1780,-44.8973,0.300,NORMAL,1,ROUTE,,,,0.000,T1_REVERSE_TO_FORWARD
490.3812,-83.1899,-44.9966,0.300,NORMAL,1,ROUTE,,,,0.000,T1_REVERSE_TO_FORWARD
490.4812,-83.2016,-45.0959,0.300,NORMAL,1,ROUTE,,,,0.000,T1_REVERSE_TO_FORWARD
490.5812,-83.2132,-45.1952,0.300,NORMAL,1,ROUTE,,,,0.000,T1_REVERSE_TO_FORWARD
490.6811,-83.2247,-45.2945,0.300,NORMAL,1,ROUTE,,,,0.000,T1_REVERSE_TO_FORWARD
490.7811,-83.2363,-45.3938,0.300,NORMAL,1,ROUTE,,,,0.000,T1_REVERSE_TO_FORWARD
490.8811,-83.2480,-45.4932,0.300,NORMAL,1,ROUTE,,,,0.000,T1_REVERSE_TO_FORWARD
490.9811,-83.2596,-45.5925,0.300,NORMAL,1,ROUTE,,,,0.000,T1_REVERSE_TO_FORWARD
491.0811,-83.2714,-45.6918,0.300,NORMAL,1,ROUTE,,,,0.000,T1_REVERSE_TO_FORWARD
491.1811,-83.2833,-45.7911,0.300,NORMAL,1,ROUTE,,,,0.000,T1_REVERSE_TO_FORWARD
491.2810,-83.2955,-45.8902,0.300,NORMAL,1,ROUTE,,,,0.000,T1_REVERSE_TO_FORWARD
491.3811,-83.3077,-45.9895,0.300,NORMAL,1,ROUTE,,,,0.000,T1_REVERSE_TO_FORWARD
491.4810,-83.3203,-46.0887,0.300,NORMAL,1,ROUTE,,,,0.000,T1_REVERSE_TO_FORWARD
491.5810,-83.3331,-46.1879,0.300,NORMAL,1,ROUTE,,,,0.000,T1_REVERSE_TO_FORWARD
491.6811,-83.3462,-46.2871,0.300,NORMAL,1,ROUTE,,,,0.000,T1_REVERSE_TO_FORWARD
491.7810,-83.3595,-46.3861,0.300,NORMAL,1,ROUTE,,,,0.000,T1_REVERSE_TO_FORWARD
491.8810,-83.3730,-46.4851,0.300,NORMAL,1,ROUTE,,,,0.000,T1_REVERSE_TO_FORWARD
491.9810,-83.3869,-46.5842,0.300,NORMAL,1,ROUTE,,,,0.000,T1_REVERSE_TO_FORWARD
492.0810,-83.4010,-46.6832,0.300,NORMAL,1,ROUTE,,,,0.000,T1_REVERSE_TO_FORWARD
492.1810,-83.4152,-46.7822,0.300,NORMAL,1,ROUTE,,,,0.000,T1_REVERSE_TO_FORWARD
492.2809,-83.4298,-46.8811,0.300,NORMAL,1,ROUTE,,,,0.000,T1_REVERSE_TO_FORWARD
492.3809,-83.4445,-46.9800,0.300,NORMAL,1,ROUTE,,,,0.000,T1_REVERSE_TO_FORWARD
492.4809,-83.4595,-47.0788,0.300,NORMAL,1,ROUTE,,,,0.000,T1_REVERSE_TO_FORWARD
492.5810,-83.4746,-47.1777,0.300,NORMAL,1,ROUTE,,,,0.000,T1_REVERSE_TO_FORWARD
492.6809,-83.4898,-47.2765,0.300,NORMAL,1,ROUTE,,,,0.000,T1_REVERSE_TO_FORWARD
492.7810,-83.5053,-47.3753,0.300,NORMAL,1,ROUTE,,,,0.000,T1_REVERSE_TO_FORWARD
492.8809,-83.5209,-47.4740,0.300,NORMAL,1,ROUTE,,,,0.000,T1_REVERSE_TO_FORWARD
492.9808,-83.5366,-47.5728,0.300,NORMAL,1,ROUTE,,,,0.000,T1_REVERSE_TO_FORWARD
493.0809,-83.5525,-47.6715,0.300,NORMAL,1,ROUTE,,,,0.000,T1_REVERSE_TO_FORWARD
493.1809,-83.5683,-47.7703,0.300,NORMAL,1,ROUTE,,,,0.000,T1_REVERSE_TO_FORWARD
493.2808,-83.5843,-47.8689,0.300,NORMAL,1,ROUTE,,,,0.000,T1_REVERSE_TO_FORWARD
493.3808,-83.6000,-47.9677,0.300,NORMAL,1,ROUTE,,,,0.000,T1_REVERSE_TO_FORWARD
493.4809,-83.6156,-48.0665,0.300,NORMAL,1,ROUTE,,,,0.000,T1_REVERSE_TO_FORWARD
493.5808,-83.6310,-48.1653,0.300,NORMAL,1,ROUTE,,,,0.000,T1_REVERSE_TO_FORWARD
493.6808,-83.6462,-48.2641,0.300,NORMAL,1,ROUTE,,,,0.000,T1_REVERSE_TO_FORWARD
493.7808,-83.6609,-48.3630,0.300,NORMAL,1,ROUTE,,,,0.000,T1_REVERSE_TO_FORWARD
493.8808,-83.6754,-48.4619,0.300,NORMAL,1,ROUTE,,,,0.000,T1_REVERSE_TO_FORWARD
493.9808,-83.6895,-48.5609,0.300,NORMAL,1,ROUTE,,,,0.000,T1_REVERSE_TO_FORWARD
494.0807,-83.7035,-48.6599,0.300,NORMAL,1,ROUTE,,,,0.000,T1_REVERSE_TO_FORWARD
494.1807,-83.7171,-48.7590,0.300,NORMAL,1,ROUTE,,,,0.000,T1_REVERSE_TO_FORWARD
494.2808,-83.7307,-48.8580,0.300,NORMAL,1,ROUTE,,,,0.000,T1_REVERSE_TO_FORWARD
494.3807,-83.7442,-48.9571,0.300,NORMAL,1,ROUTE,,,,0.000,T1_REVERSE_TO_FORWARD
494.4807,-83.7577,-49.0561,0.300,NORMAL,1,ROUTE,,,,0.000,T1_REVERSE_TO_FORWARD
494.5807,-83.7714,-49.1552,0.300,NORMAL,1,ROUTE,,,,0.000,T1_REVERSE_TO_FORWARD
494.6807,-83.7852,-49.2543,0.300,NORMAL,1,ROUTE,,,,0.000,T1_REVERSE_TO_FORWARD
494.7807,-83.7993,-49.3532,0.300,NORMAL,1,ROUTE,,,,0.000,T1_REVERSE_TO_FORWARD
494.8807,-83.8137,-49.4522,0.300,NORMAL,1,ROUTE,,,,0.000,T1_REVERSE_TO_FORWARD
494.9807,-83.8284,-49.5511,0.300,NORMAL,1,ROUTE,,,,0.000,T1_REVERSE_TO_FORWARD
495.0807,-83.8434,-49.6500,0.300,NORMAL,1,ROUTE,,,,0.000,T1_REVERSE_TO_FORWARD
495.1807,-83.8587,-49.7488,0.300,NORMAL,1,ROUTE,,,,0.000,T1_REVERSE_TO_FORWARD
495.2807,-83.8741,-49.8476,0.300,NORMAL,1,ROUTE,,,,0.000,T1_REVERSE_TO_FORWARD
495.3806,-83.8898,-49.9463,0.300,NORMAL,1,ROUTE,,,,0.000,T1_REVERSE_TO_FORWARD
495.4806,-83.9056,-50.0451,0.300,NORMAL,1,ROUTE,,,,0.000,T1_REVERSE_TO_FORWARD
495.5806,-83.9215,-50.1438,0.300,NORMAL,1,ROUTE,,,,0.000,T1_REVERSE_TO_FORWARD
495.6806,-83.9373,-50.2425,0.300,NORMAL,1,ROUTE,,,,0.000,T1_REVERSE_TO_FORWARD
495.7805,-83.9531,-50.3412,0.300,NORMAL,1,ROUTE,,,,0.000,T1_REVERSE_TO_FORWARD
495.8806,-83.9687,-50.4400,0.300,NORMAL,1,ROUTE,,,,0.000,T1_REVERSE_TO_FORWARD
495.9806,-83.9840,-50.5389,0.300,NORMAL,1,ROUTE,,,,0.000,T1_REVERSE_TO_FORWARD
496.0805,-83.9990,-50.6376,0.300,NORMAL,1,ROUTE,,,,0.000,T1_REVERSE_TO_FORWARD
496.1806,-84.0137,-50.7366,0.300,NORMAL,1,ROUTE,,,,0.000,T1_REVERSE_TO_FORWARD
496.2806,-84.0277,-50.8356,0.300,NORMAL,1,ROUTE,,,,0.000,T1_REVERSE_TO_FORWARD
496.3805,-84.0412,-50.9347,0.300,NORMAL,1,ROUTE,,,,0.000,T1_REVERSE_TO_FORWARD
496.4805,-84.0540,-51.0338,0.300,NORMAL,1,ROUTE,,,,0.000,T1_REVERSE_TO_FORWARD
496.5805,-84.0660,-51.1331,0.300,NORMAL,1,ROUTE,,,,0.000,T1_REVERSE_TO_FORWARD
496.6805,-84.0769,-51.2325,0.300,NORMAL,1,ROUTE,,,,0.000,T1_REVERSE_TO_FORWARD
496.7805,-84.0868,-51.3320,0.300,NORMAL,1,ROUTE,,,,0.000,T1_REVERSE_TO_FORWARD
496.8804,-84.0953,-51.4316,0.300,NORMAL,1,ROUTE,,,,0.000,T1_REVERSE_TO_FORWARD
496.9804,-84.1025,-51.5313,0.300,NORMAL,1,ROUTE,,,,0.000,T1_REVERSE_TO_FORWARD
497.0804,-84.1083,-51.6311,0.300,NORMAL,1,ROUTE,,,,0.000,T1_REVERSE_TO_FORWARD
497.1804,-84.1127,-51.7310,0.300,NORMAL,1,ROUTE,,,,0.000,T1_REVERSE_TO_FORWARD
497.2804,-84.1158,-51.8309,0.300,NORMAL,1,ROUTE,,,,0.000,T1_REVERSE_TO_FORWARD
497.3804,-84.1178,-51.9309,0.300,NORMAL,1,ROUTE,,,,0.000,T1_REVERSE_TO_FORWARD
497.4804,-84.1189,-52.0309,0.300,NORMAL,1,ROUTE,,,,0.000,T1_REVERSE_TO_FORWARD
497.5804,-84.1195,-52.1309,0.300,NORMAL,1,ROUTE,,,,0.000,T1_REVERSE_TO_FORWARD
497.6804,-84.1197,-52.2309,0.300,NORMAL,1,ROUTE,,,,0.000,T1_REVERSE_TO_FORWARD
497.7803,-84.1196,-52.3309,0.300,NORMAL,1,ROUTE,,,,0.000,T1_REVERSE_TO_FORWARD
497.8804,-84.1195,-52.4309,0.300,NORMAL,1,ROUTE,,,,0.000,T1_REVERSE_TO_FORWARD
497.9803,-84.1194,-52.5308,0.300,NORMAL,1,ROUTE,,,,0.000,T1_REVERSE_TO_FORWARD
498.0803,-84.1192,-52.6309,0.300,NORMAL,1,ROUTE,,,,0.000,T1_REVERSE_TO_FORWARD
498.1803,-84.1190,-52.7309,0.300,NORMAL,1,ROUTE,,,,0.000,T1_REVERSE_TO_FORWARD
498.2803,-84.1186,-52.8309,0.300,NORMAL,1,ROUTE,,,,0.000,T1_REVERSE_TO_FORWARD
498.3803,-84.1179,-52.9309,0.300,NORMAL,1,ROUTE,,,,0.000,T1_REVERSE_TO_FORWARD
498.4803,-84.1168,-53.0308,0.300,NORMAL,1,ROUTE,,,,0.000,T1_REVERSE_TO_FORWARD
498.5803,-84.1151,-53.1308,0.300,NORMAL,1,ROUTE,,,,0.000,T1_REVERSE_TO_FORWARD
498.6803,-84.1125,-53.2308,0.300,NORMAL,1,ROUTE,,,,0.000,T1_REVERSE_TO_FORWARD
498.7802,-84.1088,-53.3306,0.300,NORMAL,1,ROUTE,,,,0.000,T1_REVERSE_TO_FORWARD
498.8803,-84.1041,-53.4306,0.300,NORMAL,1,ROUTE,,,,0.000,T1_REVERSE_TO_FORWARD
498.9802,-84.0981,-53.5304,0.300,NORMAL,1,ROUTE,,,,0.000,T1_REVERSE_TO_FORWARD
499.0802,-84.0909,-53.6300,0.300,NORMAL,1,ROUTE,,,,0.000,T1_REVERSE_TO_FORWARD
499.1802,-84.0824,-53.7297,0.300,NORMAL,1,ROUTE,,,,0.000,T1_REVERSE_TO_FORWARD
499.2802,-84.0727,-53.8292,0.300,NORMAL,1,ROUTE,,,,0.000,T1_REVERSE_TO_FORWARD
499.3802,-84.0618,-53.9286,0.300,NORMAL,1,ROUTE,,,,0.000,T1_REVERSE_TO_FORWARD
499.4802,-84.0498,-54.0279,0.300,NORMAL,1,ROUTE,,,,0.000,T1_REVERSE_TO_FORWARD
499.5801,-84.0367,-54.1270,0.300,NORMAL,1,ROUTE,,,,0.000,T1_REVERSE_TO_FORWARD
499.6801,-84.0225,-54.2259,0.300,NORMAL,1,ROUTE,,,,0.000,T1_REVERSE_TO_FORWARD
499.7801,-84.0071,-54.3247,0.300,NORMAL,1,ROUTE,,,,0.000,T1_REVERSE_TO_FORWARD
499.8801,-83.9906,-54.4234,0.300,NORMAL,1,ROUTE,,,,0.000,T1_REVERSE_TO_FORWARD
499.9801,-83.9729,-54.5218,0.300,NORMAL,1,ROUTE,,,,0.000,T1_REVERSE_TO_FORWARD
500.0801,-83.9541,-54.6200,0.300,NORMAL,1,ROUTE,,,,0.000,T1_REVERSE_TO_FORWARD
500.1801,-83.9342,-54.7180,0.300,NORMAL,1,ROUTE,,,,0.000,T1_REVERSE_TO_FORWARD
500.2801,-83.9133,-54.8158,0.300,NORMAL,1,ROUTE,,,,0.000,T1_REVERSE_TO_FORWARD
500.3801,-83.8914,-54.9133,0.300,NORMAL,1,ROUTE,,,,0.000,T1_REVERSE_TO_FORWARD
500.4801,-83.8687,-55.0107,0.300,NORMAL,1,ROUTE,,,,0.000,T1_REVERSE_TO_FORWARD
500.5800,-83.8453,-55.1079,0.300,NORMAL,1,ROUTE,,,,0.000,T1_REVERSE_TO_FORWARD
500.6800,-83.8212,-55.2050,0.300,NORMAL,1,ROUTE,,,,0.000,T1_REVERSE_TO_FORWARD
500.7800,-83.7965,-55.3018,0.300,NORMAL,1,ROUTE,,,,0.000,T1_REVERSE_TO_FORWARD
500.8801,-83.7711,-55.3986,0.300,NORMAL,1,ROUTE,,,,0.000,T1_REVERSE_TO_FORWARD
500.9800,-83.7451,-55.4951,0.300,NORMAL,1,ROUTE,,,,0.000,T1_REVERSE_TO_FORWARD
501.0800,-83.7185,-55.5915,0.300,NORMAL,1,ROUTE,,,,0.000,T1_REVERSE_TO_FORWARD
501.1800,-83.6912,-55.6877,0.300,NORMAL,1,ROUTE,,,,0.000,T1_REVERSE_TO_FORWARD
501.2800,-83.6631,-55.7837,0.300,NORMAL,1,ROUTE,,,,0.000,T1_REVERSE_TO_FORWARD
501.3800,-83.6342,-55.8794,0.300,NORMAL,1,ROUTE,,,,0.000,T1_REVERSE_TO_FORWARD
501.4799,-83.6045,-55.9748,0.300,NORMAL,1,ROUTE,,,,0.000,T1_REVERSE_TO_FORWARD
501.5800,-83.5737,-56.0700,0.300,NORMAL,1,ROUTE,,,,0.000,T1_REVERSE_TO_FORWARD
501.6799,-83.5420,-56.1648,0.300,NORMAL,1,ROUTE,,,,0.000,T1_REVERSE_TO_FORWARD
501.7799,-83.5092,-56.2593,0.300,NORMAL,1,ROUTE,,,,0.000,T1_REVERSE_TO_FORWARD
501.8799,-83.4751,-56.3532,0.300,NORMAL,1,ROUTE,,,,0.000,T1_REVERSE_TO_FORWARD
501.9799,-83.4399,-56.4468,0.300,NORMAL,1,ROUTE,,,,0.000,T1_REVERSE_TO_FORWARD
502.0799,-83.4035,-56.5400,0.300,NORMAL,1,ROUTE,,,,0.000,T1_REVERSE_TO_FORWARD
502.1798,-83.3661,-56.6327,0.300,NORMAL,1,ROUTE,,,,0.000,T1_REVERSE_TO_FORWARD
502.2799,-83.3277,-56.7250,0.300,NORMAL,1,ROUTE,,,,0.000,T1_REVERSE_TO_FORWARD
502.3798,-83.2883,-56.8169,0.300,NORMAL,1,ROUTE,,,,0.000,T1_REVERSE_TO_FORWARD
502.4798,-83.2481,-56.9085,0.300,NORMAL,1,ROUTE,,,,0.000,T1_REVERSE_TO_FORWARD
502.5799,-83.2069,-56.9996,0.300,NORMAL,1,ROUTE,,,,0.000,T1_REVERSE_TO_FORWARD
502.6798,-83.1650,-57.0903,0.300,NORMAL,1,ROUTE,,,,0.000,T1_REVERSE_TO_FORWARD
502.7798,-83.1221,-57.1807,0.300,NORMAL,1,ROUTE,,,,0.000,T1_REVERSE_TO_FORWARD
502.8797,-83.0784,-57.2706,0.300,NORMAL,1,ROUTE,,,,0.000,T1_REVERSE_TO_FORWARD
502.9797,-83.0338,-57.3600,0.300,NORMAL,1,ROUTE,,,,0.000,T1_REVERSE_TO_FORWARD
503.0797,-82.9880,-57.4490,0.300,NORMAL,1,ROUTE,,,,0.000,T1_REVERSE_TO_FORWARD
503.1798,-82.9411,-57.5373,0.300,NORMAL,1,ROUTE,,,,0.000,T1_REVERSE_TO_FORWARD
503.2797,-82.8929,-57.6249,0.300,NORMAL,1,ROUTE,,,,0.000,T1_REVERSE_TO_FORWARD
503.3798,-82.8434,-57.7118,0.300,NORMAL,1,ROUTE,,,,0.000,T1_REVERSE_TO_FORWARD
503.4797,-82.7925,-57.7979,0.300,NORMAL,1,ROUTE,,,,0.000,T1_REVERSE_TO_FORWARD
503.5797,-82.7401,-57.8831,0.300,NORMAL,1,ROUTE,,,,0.000,T1_REVERSE_TO_FORWARD
503.6797,-82.6864,-57.9673,0.300,NORMAL,1,ROUTE,,,,0.000,T1_REVERSE_TO_FORWARD
503.7797,-82.6314,-58.0508,0.300,NORMAL,1,ROUTE,,,,0.000,T1_REVERSE_TO_FORWARD
503.8797,-82.5753,-58.1337,0.300,NORMAL,1,ROUTE,,,,0.000,T1_REVERSE_TO_FORWARD
503.9797,-82.5181,-58.2157,0.300,NORMAL,1,ROUTE,,,,0.000,T1_REVERSE_TO_FORWARD
504.0797,-82.4600,-58.2970,0.300,NORMAL,1,ROUTE,,,,0.000,T1_REVERSE_TO_FORWARD
504.1796,-82.4010,-58.3777,0.300,NORMAL,1,ROUTE,,,,0.000,T1_REVERSE_TO_FORWARD
504.2797,-82.3410,-58.4578,0.300,NORMAL,1,ROUTE,,,,0.000,T1_REVERSE_TO_FORWARD
504.3796,-82.2804,-58.5372,0.300,NORMAL,1,ROUTE,,,,0.000,T1_REVERSE_TO_FORWARD
504.4796,-82.2189,-58.6161,0.300,NORMAL,1,ROUTE,,,,0.000,T1_REVERSE_TO_FORWARD
504.5796,-82.1565,-58.6942,0.300,NORMAL,1,ROUTE,,,,0.000,T1_REVERSE_TO_FORWARD
504.6796,-82.0933,-58.7717,0.300,NORMAL,1,ROUTE,,,,0.000,T1_REVERSE_TO_FORWARD
504.7795,-82.0294,-58.8485,0.300,NORMAL,1,ROUTE,,,,0.000,T1_REVERSE_TO_FORWARD
504.8796,-81.9647,-58.9248,0.300,NORMAL,1,ROUTE,,,,0.000,T1_REVERSE_TO_FORWARD
504.9795,-81.8992,-59.0004,0.300,NORMAL,1,ROUTE,,,,0.000,T1_REVERSE_TO_FORWARD
505.0796,-81.8331,-59.0755,0.300,NORMAL,1,ROUTE,,,,0.000,T1_REVERSE_TO_FORWARD
505.1795,-81.7664,-59.1498,0.300,NORMAL,1,ROUTE,,,,0.000,T1_REVERSE_TO_FORWARD
505.2795,-81.6988,-59.2236,0.300,NORMAL,1,ROUTE,,,,0.000,T1_REVERSE_TO_FORWARD
505.3795,-81.6305,-59.2966,0.300,NORMAL,1,ROUTE,,,,0.000,T1_REVERSE_TO_FORWARD
505.4795,-81.5613,-59.3688,0.300,NORMAL,1,ROUTE,,,,0.000,T1_REVERSE_TO_FORWARD
505.5794,-81.4912,-59.4400,0.300,NORMAL,1,ROUTE,,,,0.000,T1_REVERSE_TO_FORWARD
505.6794,-81.4199,-59.5102,0.300,NORMAL,1,ROUTE,,,,0.000,T1_REVERSE_TO_FORWARD
505.7794,-81.3474,-59.5790,0.300,NORMAL,1,ROUTE,,,,0.000,T1_REVERSE_TO_FORWARD
505.8795,-81.2735,-59.6465,0.300,NORMAL,1,ROUTE,,,,0.000,T1_REVERSE_TO_FORWARD
505.9794,-81.1982,-59.7121,0.300,NORMAL,1,ROUTE,,,,0.000,T1_REVERSE_TO_FORWARD
506.0794,-81.1213,-59.7761,0.300,NORMAL,1,ROUTE,,,,0.000,T1_REVERSE_TO_FORWARD
506.1794,-81.0431,-59.8383,0.300,NORMAL,1,ROUTE,,,,0.000,T1_REVERSE_TO_FORWARD
506.2794,-80.9634,-59.8987,0.300,NORMAL,1,ROUTE,,,,0.000,T1_REVERSE_TO_FORWARD
506.3794,-80.8825,-59.9575,0.300,NORMAL,1,ROUTE,,,,0.000,T1_REVERSE_TO_FORWARD
506.4794,-80.8006,-60.0149,0.300,NORMAL,1,ROUTE,,,,0.000,T1_REVERSE_TO_FORWARD
506.5793,-80.7177,-60.0708,0.300,NORMAL,1,ROUTE,,,,0.000,T1_REVERSE_TO_FORWARD
506.6793,-80.6340,-60.1255,0.300,NORMAL,1,ROUTE,,,,0.000,T1_REVERSE_TO_FORWARD
506.7793,-80.5496,-60.1790,0.300,NORMAL,1,ROUTE,,,,0.000,T1_REVERSE_TO_FORWARD
506.8793,-80.4644,-60.2315,0.300,NORMAL,1,ROUTE,,,,0.000,T1_REVERSE_TO_FORWARD
506.9793,-80.3786,-60.2829,0.300,NORMAL,1,ROUTE,,,,0.000,T1_REVERSE_TO_FORWARD
507.0793,-80.2922,-60.3332,0.300,NORMAL,1,ROUTE,,,,0.000,T1_REVERSE_TO_FORWARD
507.1793,-80.2052,-60.3825,0.300,NORMAL,1,ROUTE,,,,0.000,T1_REVERSE_TO_FORWARD
507.2793,-80.1176,-60.4307,0.300,NORMAL,1,ROUTE,,,,0.000,T1_REVERSE_TO_FORWARD
507.3793,-80.0295,-60.4778,0.300,NORMAL,1,ROUTE,,,,0.000,T1_REVERSE_TO_FORWARD
507.4792,-79.9409,-60.5241,0.300,NORMAL,1,ROUTE,,,,0.000,T1_REVERSE_TO_FORWARD
507.5526,-79.8755,-60.5575,0.300,DUMMY,1,DUMMY,DUMMY_OBSTACLE_ZONE,STOP_THEN_HOLD,OBSTACLE_DETECTED,3.000,T1_REVERSE_TO_FORWARD
507.5792,-79.8518,-60.5695,0.300,DUMMY,1,DUMMY,,,OBSTACLE_DETECTED,3.000,T1_REVERSE_TO_FORWARD
507.6793,-79.7622,-60.6141,0.300,DUMMY,1,DUMMY,,,OBSTACLE_DETECTED,3.000,T1_REVERSE_TO_FORWARD
507.7792,-79.6723,-60.6578,0.300,DUMMY,1,DUMMY,,,OBSTACLE_DETECTED,3.000,T1_REVERSE_TO_FORWARD
507.8792,-79.5820,-60.7007,0.300,DUMMY,1,DUMMY,,,OBSTACLE_DETECTED,3.000,T1_REVERSE_TO_FORWARD
507.9792,-79.4913,-60.7427,0.300,DUMMY,1,DUMMY,,,OBSTACLE_DETECTED,3.000,T1_REVERSE_TO_FORWARD
508.0792,-79.4001,-60.7837,0.300,DUMMY,1,DUMMY,,,OBSTACLE_DETECTED,3.000,T1_REVERSE_TO_FORWARD
508.1792,-79.3084,-60.8236,0.300,DUMMY,1,DUMMY,,,OBSTACLE_DETECTED,3.000,T1_REVERSE_TO_FORWARD
508.2792,-79.2162,-60.8623,0.300,DUMMY,1,DUMMY,,,OBSTACLE_DETECTED,3.000,T1_REVERSE_TO_FORWARD
508.3791,-79.1235,-60.8998,0.300,DUMMY,1,DUMMY,,,OBSTACLE_DETECTED,3.000,T1_REVERSE_TO_FORWARD
508.4791,-79.0302,-60.9358,0.300,DUMMY,1,DUMMY,,,OBSTACLE_DETECTED,3.000,T1_REVERSE_TO_FORWARD
508.5792,-78.9363,-60.9703,0.300,DUMMY,1,DUMMY,,,OBSTACLE_DETECTED,3.000,T1_REVERSE_TO_FORWARD
508.6791,-78.8420,-61.0033,0.300,DUMMY,1,DUMMY,,,OBSTACLE_DETECTED,3.000,T1_REVERSE_TO_FORWARD
508.7791,-78.7471,-61.0349,0.300,DUMMY,1,DUMMY,,,OBSTACLE_DETECTED,3.000,T1_REVERSE_TO_FORWARD
508.8791,-78.6518,-61.0652,0.300,DUMMY,1,DUMMY,,,OBSTACLE_DETECTED,3.000,T1_REVERSE_TO_FORWARD
508.9790,-78.5563,-61.0944,0.300,DUMMY,1,DUMMY,,,OBSTACLE_DETECTED,3.000,T1_REVERSE_TO_FORWARD
509.0791,-78.4603,-61.1229,0.300,DUMMY,1,DUMMY,,,OBSTACLE_DETECTED,3.000,T1_REVERSE_TO_FORWARD
509.1791,-78.3643,-61.1508,0.300,DUMMY,1,DUMMY,,,OBSTACLE_DETECTED,3.000,T1_REVERSE_TO_FORWARD
509.2791,-78.2682,-61.1784,0.300,DUMMY,1,DUMMY,,,OBSTACLE_DETECTED,3.000,T1_REVERSE_TO_FORWARD
509.3791,-78.1721,-61.2060,0.300,DUMMY,1,DUMMY,,,OBSTACLE_DETECTED,3.000,T1_REVERSE_TO_FORWARD
509.4791,-78.0760,-61.2337,0.300,DUMMY,1,DUMMY,,,OBSTACLE_DETECTED,3.000,T1_REVERSE_TO_FORWARD
509.5790,-77.9801,-61.2618,0.300,DUMMY,1,DUMMY,,,OBSTACLE_DETECTED,3.000,T1_REVERSE_TO_FORWARD
509.6790,-77.8843,-61.2903,0.300,DUMMY,1,DUMMY,,,OBSTACLE_DETECTED,3.000,T1_REVERSE_TO_FORWARD
509.7789,-77.7887,-61.3193,0.300,DUMMY,1,DUMMY,,,OBSTACLE_DETECTED,3.000,T1_REVERSE_TO_FORWARD
509.8790,-77.6931,-61.3490,0.300,DUMMY,1,DUMMY,,,OBSTACLE_DETECTED,3.000,T1_REVERSE_TO_FORWARD
509.9789,-77.5978,-61.3790,0.300,DUMMY,1,DUMMY,,,OBSTACLE_DETECTED,3.000,T1_REVERSE_TO_FORWARD
510.0790,-77.5025,-61.4096,0.300,DUMMY,1,DUMMY,,,OBSTACLE_DETECTED,3.000,T1_REVERSE_TO_FORWARD
510.1789,-77.4075,-61.4406,0.300,DUMMY,1,DUMMY,,,OBSTACLE_DETECTED,3.000,T1_REVERSE_TO_FORWARD
510.2789,-77.3126,-61.4721,0.300,DUMMY,1,DUMMY,,,OBSTACLE_DETECTED,3.000,T1_REVERSE_TO_FORWARD
510.3789,-77.2178,-61.5040,0.300,DUMMY,1,DUMMY,,,OBSTACLE_DETECTED,3.000,T1_REVERSE_TO_FORWARD
510.4789,-77.1231,-61.5361,0.300,DUMMY,1,DUMMY,,,OBSTACLE_DETECTED,3.000,T1_REVERSE_TO_FORWARD
510.5789,-77.0285,-61.5684,0.300,DUMMY,1,DUMMY,,,OBSTACLE_DETECTED,3.000,T1_REVERSE_TO_FORWARD
510.6789,-76.9339,-61.6008,0.300,DUMMY,1,DUMMY,,,OBSTACLE_DETECTED,3.000,T1_REVERSE_TO_FORWARD
510.7789,-76.8393,-61.6333,0.300,DUMMY,1,DUMMY,,,OBSTACLE_DETECTED,3.000,T1_REVERSE_TO_FORWARD
510.8788,-76.7448,-61.6657,0.300,DUMMY,1,DUMMY,,,OBSTACLE_DETECTED,3.000,T1_REVERSE_TO_FORWARD
510.9788,-76.6501,-61.6979,0.300,DUMMY,1,DUMMY,,,OBSTACLE_DETECTED,3.000,T1_REVERSE_TO_FORWARD
511.0788,-76.5553,-61.7297,0.300,DUMMY,1,DUMMY,,,OBSTACLE_DETECTED,3.000,T1_REVERSE_TO_FORWARD
511.1788,-76.4604,-61.7610,0.300,DUMMY,1,DUMMY,,,OBSTACLE_DETECTED,3.000,T1_REVERSE_TO_FORWARD
511.2788,-76.3652,-61.7918,0.300,DUMMY,1,DUMMY,,,OBSTACLE_DETECTED,3.000,T1_REVERSE_TO_FORWARD
511.3788,-76.2698,-61.8216,0.300,DUMMY,1,DUMMY,,,OBSTACLE_DETECTED,3.000,T1_REVERSE_TO_FORWARD
511.4788,-76.1740,-61.8507,0.300,DUMMY,1,DUMMY,,,OBSTACLE_DETECTED,3.000,T1_REVERSE_TO_FORWARD
511.5788,-76.0781,-61.8788,0.300,DUMMY,1,DUMMY,,,OBSTACLE_DETECTED,3.000,T1_REVERSE_TO_FORWARD
511.6788,-75.9818,-61.9057,0.300,DUMMY,1,DUMMY,,,OBSTACLE_DETECTED,3.000,T1_REVERSE_TO_FORWARD
511.7788,-75.8852,-61.9317,0.300,DUMMY,1,DUMMY,,,OBSTACLE_DETECTED,3.000,T1_REVERSE_TO_FORWARD
511.8788,-75.7884,-61.9567,0.300,DUMMY,1,DUMMY,,,OBSTACLE_DETECTED,3.000,T1_REVERSE_TO_FORWARD
511.9788,-75.6913,-61.9807,0.300,DUMMY,1,DUMMY,,,OBSTACLE_DETECTED,3.000,T1_REVERSE_TO_FORWARD
512.0788,-75.5941,-62.0040,0.300,DUMMY,1,DUMMY,,,OBSTACLE_DETECTED,3.000,T1_REVERSE_TO_FORWARD
512.1787,-75.4967,-62.0266,0.300,DUMMY,1,DUMMY,,,OBSTACLE_DETECTED,3.000,T1_REVERSE_TO_FORWARD
512.2787,-75.3992,-62.0485,0.300,DUMMY,1,DUMMY,,,OBSTACLE_DETECTED,3.000,T1_REVERSE_TO_FORWARD
512.3787,-75.3016,-62.0699,0.300,DUMMY,1,DUMMY,,,OBSTACLE_DETECTED,3.000,T1_REVERSE_TO_FORWARD
512.4787,-75.2038,-62.0910,0.300,DUMMY,1,DUMMY,,,OBSTACLE_DETECTED,3.000,T1_REVERSE_TO_FORWARD
512.5787,-75.1059,-62.1116,0.300,DUMMY,1,DUMMY,,,OBSTACLE_DETECTED,3.000,T1_REVERSE_TO_FORWARD
512.6787,-75.0080,-62.1319,0.300,DUMMY,1,DUMMY,,,OBSTACLE_DETECTED,3.000,T1_REVERSE_TO_FORWARD
512.7786,-74.9101,-62.1519,0.300,DUMMY,1,DUMMY,,,OBSTACLE_DETECTED,3.000,T1_REVERSE_TO_FORWARD
512.8786,-74.8121,-62.1718,0.300,DUMMY,1,DUMMY,,,OBSTACLE_DETECTED,3.000,T1_REVERSE_TO_FORWARD
512.9787,-74.7140,-62.1916,0.300,DUMMY,1,DUMMY,,,OBSTACLE_DETECTED,3.000,T1_REVERSE_TO_FORWARD
513.0786,-74.6160,-62.2113,0.300,DUMMY,1,DUMMY,,,OBSTACLE_DETECTED,3.000,T1_REVERSE_TO_FORWARD
513.1786,-74.5180,-62.2310,0.300,DUMMY,1,DUMMY,,,OBSTACLE_DETECTED,3.000,T1_REVERSE_TO_FORWARD
513.2787,-74.4200,-62.2509,0.300,DUMMY,1,DUMMY,,,OBSTACLE_DETECTED,3.000,T1_REVERSE_TO_FORWARD
513.3786,-74.3220,-62.2709,0.300,DUMMY,1,DUMMY,,,OBSTACLE_DETECTED,3.000,T1_REVERSE_TO_FORWARD
513.4785,-74.2242,-62.2910,0.300,DUMMY,1,DUMMY,,,OBSTACLE_DETECTED,3.000,T1_REVERSE_TO_FORWARD
513.5786,-74.1262,-62.3115,0.300,DUMMY,1,DUMMY,,,OBSTACLE_DETECTED,3.000,T1_REVERSE_TO_FORWARD
513.6785,-74.0284,-62.3322,0.300,DUMMY,1,DUMMY,,,OBSTACLE_DETECTED,3.000,T1_REVERSE_TO_FORWARD
513.7785,-73.9307,-62.3533,0.300,DUMMY,1,DUMMY,,,OBSTACLE_DETECTED,3.000,T1_REVERSE_TO_FORWARD
513.8785,-73.8330,-62.3746,0.300,DUMMY,1,DUMMY,,,OBSTACLE_DETECTED,3.000,T1_REVERSE_TO_FORWARD
513.9785,-73.7353,-62.3961,0.300,DUMMY,1,DUMMY,,,OBSTACLE_DETECTED,3.000,T1_REVERSE_TO_FORWARD
514.0786,-73.6377,-62.4179,0.300,DUMMY,1,DUMMY,,,OBSTACLE_DETECTED,3.000,T1_REVERSE_TO_FORWARD
514.1786,-73.5402,-62.4399,0.300,DUMMY,1,DUMMY,,,OBSTACLE_DETECTED,3.000,T1_REVERSE_TO_FORWARD
514.2785,-73.4427,-62.4619,0.300,DUMMY,1,DUMMY,,,OBSTACLE_DETECTED,3.000,T1_REVERSE_TO_FORWARD
514.3785,-73.3452,-62.4842,0.300,DUMMY,1,DUMMY,,,OBSTACLE_DETECTED,3.000,T1_REVERSE_TO_FORWARD
514.4784,-73.2478,-62.5065,0.300,DUMMY,1,DUMMY,,,OBSTACLE_DETECTED,3.000,T1_REVERSE_TO_FORWARD
514.5785,-73.1502,-62.5288,0.300,DUMMY,1,DUMMY,,,OBSTACLE_DETECTED,3.000,T1_REVERSE_TO_FORWARD
514.6784,-73.0528,-62.5511,0.300,DUMMY,1,DUMMY,,,OBSTACLE_DETECTED,3.000,T1_REVERSE_TO_FORWARD
514.7785,-72.9553,-62.5735,0.300,DUMMY,1,DUMMY,,,OBSTACLE_DETECTED,3.000,T1_REVERSE_TO_FORWARD
514.8785,-72.8578,-62.5956,0.300,DUMMY,1,DUMMY,,,OBSTACLE_DETECTED,3.000,T1_REVERSE_TO_FORWARD
514.9784,-72.7603,-62.6178,0.300,DUMMY,1,DUMMY,,,OBSTACLE_DETECTED,3.000,T1_REVERSE_TO_FORWARD
515.0784,-72.6628,-62.6397,0.300,DUMMY,1,DUMMY,,,OBSTACLE_DETECTED,3.000,T1_REVERSE_TO_FORWARD
515.1784,-72.5652,-62.6617,0.300,DUMMY,1,DUMMY,,,OBSTACLE_DETECTED,3.000,T1_REVERSE_TO_FORWARD
515.2784,-72.4676,-62.6833,0.300,DUMMY,1,DUMMY,,,OBSTACLE_DETECTED,3.000,T1_REVERSE_TO_FORWARD
515.3784,-72.3699,-62.7048,0.300,DUMMY,1,DUMMY,,,OBSTACLE_DETECTED,3.000,T1_REVERSE_TO_FORWARD
515.4784,-72.2722,-62.7260,0.300,DUMMY,1,DUMMY,,,OBSTACLE_DETECTED,3.000,T1_REVERSE_TO_FORWARD
515.5783,-72.1745,-62.7471,0.300,DUMMY,1,DUMMY,,,OBSTACLE_DETECTED,3.000,T1_REVERSE_TO_FORWARD
515.6783,-72.0767,-62.7679,0.300,DUMMY,1,DUMMY,,,OBSTACLE_DETECTED,3.000,T1_REVERSE_TO_FORWARD
515.7784,-71.9788,-62.7886,0.300,DUMMY,1,DUMMY,,,OBSTACLE_DETECTED,3.000,T1_REVERSE_TO_FORWARD
515.8783,-71.8810,-62.8091,0.300,DUMMY,1,DUMMY,,,OBSTACLE_DETECTED,3.000,T1_REVERSE_TO_FORWARD
515.9783,-71.7831,-62.8294,0.300,DUMMY,1,DUMMY,,,OBSTACLE_DETECTED,3.000,T1_REVERSE_TO_FORWARD
516.0783,-71.6852,-62.8494,0.300,DUMMY,1,DUMMY,,,OBSTACLE_DETECTED,3.000,T1_REVERSE_TO_FORWARD
516.1783,-71.5871,-62.8692,0.300,DUMMY,1,DUMMY,,,OBSTACLE_DETECTED,3.000,T1_REVERSE_TO_FORWARD
516.2783,-71.4891,-62.8886,0.300,DUMMY,1,DUMMY,,,OBSTACLE_DETECTED,3.000,T1_REVERSE_TO_FORWARD
516.3783,-71.3909,-62.9078,0.300,DUMMY,1,DUMMY,,,OBSTACLE_DETECTED,3.000,T1_REVERSE_TO_FORWARD
516.4782,-71.2927,-62.9266,0.300,DUMMY,1,DUMMY,,,OBSTACLE_DETECTED,3.000,T1_REVERSE_TO_FORWARD
516.5782,-71.1944,-62.9449,0.300,DUMMY,1,DUMMY,,,OBSTACLE_DETECTED,3.000,T1_REVERSE_TO_FORWARD
516.6782,-71.0960,-62.9629,0.300,DUMMY,1,DUMMY,,,OBSTACLE_DETECTED,3.000,T1_REVERSE_TO_FORWARD
516.7782,-70.9976,-62.9802,0.300,DUMMY,1,DUMMY,,,OBSTACLE_DETECTED,3.000,T1_REVERSE_TO_FORWARD
516.8782,-70.8990,-62.9971,0.300,DUMMY,1,DUMMY,,,OBSTACLE_DETECTED,3.000,T1_REVERSE_TO_FORWARD
516.9782,-70.8004,-63.0135,0.300,DUMMY,1,DUMMY,,,OBSTACLE_DETECTED,3.000,T1_REVERSE_TO_FORWARD
517.0782,-70.7016,-63.0295,0.300,DUMMY,1,DUMMY,,,OBSTACLE_DETECTED,3.000,T1_REVERSE_TO_FORWARD
517.1782,-70.6029,-63.0451,0.300,DUMMY,1,DUMMY,,,OBSTACLE_DETECTED,3.000,T1_REVERSE_TO_FORWARD
517.2781,-70.5041,-63.0603,0.300,DUMMY,1,DUMMY,,,OBSTACLE_DETECTED,3.000,T1_REVERSE_TO_FORWARD
517.3781,-70.4053,-63.0752,0.300,DUMMY,1,DUMMY,,,OBSTACLE_DETECTED,3.000,T1_REVERSE_TO_FORWARD
517.4781,-70.3063,-63.0900,0.300,DUMMY,1,DUMMY,,,OBSTACLE_DETECTED,3.000,T1_REVERSE_TO_FORWARD
517.5782,-70.2074,-63.1046,0.300,DUMMY,1,DUMMY,,,OBSTACLE_DETECTED,3.000,T1_REVERSE_TO_FORWARD
517.6782,-70.1084,-63.1189,0.300,DUMMY,1,DUMMY,,,OBSTACLE_DETECTED,3.000,T1_REVERSE_TO_FORWARD
517.7781,-70.0095,-63.1333,0.300,DUMMY,1,DUMMY,,,OBSTACLE_DETECTED,3.000,T1_REVERSE_TO_FORWARD
517.8781,-69.9106,-63.1475,0.300,DUMMY,1,DUMMY,,,OBSTACLE_DETECTED,3.000,T1_REVERSE_TO_FORWARD
517.9781,-69.8116,-63.1619,0.300,DUMMY,1,DUMMY,,,OBSTACLE_DETECTED,3.000,T1_REVERSE_TO_FORWARD
518.0781,-69.7127,-63.1764,0.300,DUMMY,1,DUMMY,,,OBSTACLE_DETECTED,3.000,T1_REVERSE_TO_FORWARD
518.1781,-69.6137,-63.1908,0.300,DUMMY,1,DUMMY,,,OBSTACLE_DETECTED,3.000,T1_REVERSE_TO_FORWARD
518.2781,-69.5148,-63.2056,0.300,DUMMY,1,DUMMY,,,OBSTACLE_DETECTED,3.000,T1_REVERSE_TO_FORWARD
518.3781,-69.4159,-63.2205,0.300,DUMMY,1,DUMMY,,,OBSTACLE_DETECTED,3.000,T1_REVERSE_TO_FORWARD
518.4781,-69.3171,-63.2357,0.300,DUMMY,1,DUMMY,,,OBSTACLE_DETECTED,3.000,T1_REVERSE_TO_FORWARD
518.5780,-69.2183,-63.2511,0.300,DUMMY,1,DUMMY,,,OBSTACLE_DETECTED,3.000,T1_REVERSE_TO_FORWARD
518.6780,-69.1196,-63.2670,0.300,DUMMY,1,DUMMY,,,OBSTACLE_DETECTED,3.000,T1_REVERSE_TO_FORWARD
518.7780,-69.0209,-63.2830,0.300,DUMMY,1,DUMMY,,,OBSTACLE_DETECTED,3.000,T1_REVERSE_TO_FORWARD
518.8780,-68.9223,-63.2994,0.300,DUMMY,1,DUMMY,,,OBSTACLE_DETECTED,3.000,T1_REVERSE_TO_FORWARD
518.9780,-68.8237,-63.3161,0.300,DUMMY,1,DUMMY,,,OBSTACLE_DETECTED,3.000,T1_REVERSE_TO_FORWARD
519.0780,-68.7252,-63.3331,0.300,DUMMY,1,DUMMY,,,OBSTACLE_DETECTED,3.000,T1_REVERSE_TO_FORWARD
519.1780,-68.6266,-63.3504,0.300,DUMMY,1,DUMMY,,,OBSTACLE_DETECTED,3.000,T1_REVERSE_TO_FORWARD
519.2780,-68.5282,-63.3679,0.300,DUMMY,1,DUMMY,,,OBSTACLE_DETECTED,3.000,T1_REVERSE_TO_FORWARD
519.3780,-68.4298,-63.3858,0.300,DUMMY,1,DUMMY,,,OBSTACLE_DETECTED,3.000,T1_REVERSE_TO_FORWARD
519.4780,-68.3315,-63.4040,0.300,DUMMY,1,DUMMY,,,OBSTACLE_DETECTED,3.000,T1_REVERSE_TO_FORWARD
519.5779,-68.2333,-63.4224,0.300,DUMMY,1,DUMMY,,,OBSTACLE_DETECTED,3.000,T1_REVERSE_TO_FORWARD
519.6780,-68.1350,-63.4412,0.300,DUMMY,1,DUMMY,,,OBSTACLE_DETECTED,3.000,T1_REVERSE_TO_FORWARD
519.7779,-68.0369,-63.4602,0.300,DUMMY,1,DUMMY,,,OBSTACLE_DETECTED,3.000,T1_REVERSE_TO_FORWARD
519.8779,-67.9388,-63.4797,0.300,DUMMY,1,DUMMY,,,OBSTACLE_DETECTED,3.000,T1_REVERSE_TO_FORWARD
519.9779,-67.8407,-63.4995,0.300,DUMMY,1,DUMMY,,,OBSTACLE_DETECTED,3.000,T1_REVERSE_TO_FORWARD
520.0779,-67.7429,-63.5197,0.300,DUMMY,1,DUMMY,,,OBSTACLE_DETECTED,3.000,T1_REVERSE_TO_FORWARD
520.1778,-67.6451,-63.5405,0.300,DUMMY,1,DUMMY,,,OBSTACLE_DETECTED,3.000,T1_REVERSE_TO_FORWARD
520.2779,-67.5473,-63.5616,0.300,DUMMY,1,DUMMY,,,OBSTACLE_DETECTED,3.000,T1_REVERSE_TO_FORWARD
520.3778,-67.4497,-63.5833,0.300,DUMMY,1,DUMMY,,,OBSTACLE_DETECTED,3.000,T1_REVERSE_TO_FORWARD
520.4778,-67.3523,-63.6057,0.300,DUMMY,1,DUMMY,,,OBSTACLE_DETECTED,3.000,T1_REVERSE_TO_FORWARD
520.5778,-67.2549,-63.6286,0.300,DUMMY,1,DUMMY,,,OBSTACLE_DETECTED,3.000,T1_REVERSE_TO_FORWARD
520.6778,-67.1577,-63.6522,0.300,DUMMY,1,DUMMY,,,OBSTACLE_DETECTED,3.000,T1_REVERSE_TO_FORWARD
520.7778,-67.0607,-63.6762,0.300,DUMMY,1,DUMMY,,,OBSTACLE_DETECTED,3.000,T1_REVERSE_TO_FORWARD
520.8778,-66.9637,-63.7008,0.300,DUMMY,1,DUMMY,,,OBSTACLE_DETECTED,3.000,T1_REVERSE_TO_FORWARD
520.9777,-66.8670,-63.7257,0.300,DUMMY,1,DUMMY,,,OBSTACLE_DETECTED,3.000,T1_REVERSE_TO_FORWARD
521.0777,-66.7702,-63.7508,0.300,DUMMY,1,DUMMY,,,OBSTACLE_DETECTED,3.000,T1_REVERSE_TO_FORWARD
521.1778,-66.6734,-63.7759,0.300,DUMMY,1,DUMMY,,,OBSTACLE_DETECTED,3.000,T1_REVERSE_TO_FORWARD
521.2778,-66.5765,-63.8008,0.300,DUMMY,1,DUMMY,,,OBSTACLE_DETECTED,3.000,T1_REVERSE_TO_FORWARD
521.3777,-66.4796,-63.8254,0.300,DUMMY,1,DUMMY,,,OBSTACLE_DETECTED,3.000,T1_REVERSE_TO_FORWARD
521.4777,-66.3825,-63.8493,0.300,DUMMY,1,DUMMY,,,OBSTACLE_DETECTED,3.000,T1_REVERSE_TO_FORWARD
521.5777,-66.2853,-63.8726,0.300,DUMMY,1,DUMMY,,,OBSTACLE_DETECTED,3.000,T1_REVERSE_TO_FORWARD
521.6777,-66.1878,-63.8949,0.300,DUMMY,1,DUMMY,,,OBSTACLE_DETECTED,3.000,T1_REVERSE_TO_FORWARD
521.7777,-66.0901,-63.9160,0.300,DUMMY,1,DUMMY,,,OBSTACLE_DETECTED,3.000,T1_REVERSE_TO_FORWARD
521.8777,-65.9922,-63.9362,0.300,DUMMY,1,DUMMY,,,OBSTACLE_DETECTED,3.000,T1_REVERSE_TO_FORWARD
521.9777,-65.8939,-63.9551,0.300,DUMMY,1,DUMMY,,,OBSTACLE_DETECTED,3.000,T1_REVERSE_TO_FORWARD
522.0776,-65.7956,-63.9731,0.300,DUMMY,1,DUMMY,,,OBSTACLE_DETECTED,3.000,T1_REVERSE_TO_FORWARD
522.1776,-65.6971,-63.9902,0.300,DUMMY,1,DUMMY,,,OBSTACLE_DETECTED,3.000,T1_REVERSE_TO_FORWARD
522.2776,-65.5985,-64.0068,0.300,DUMMY,1,DUMMY,,,OBSTACLE_DETECTED,3.000,T1_REVERSE_TO_FORWARD
522.3777,-65.4998,-64.0233,0.300,DUMMY,1,DUMMY,,,OBSTACLE_DETECTED,3.000,T1_REVERSE_TO_FORWARD
522.4776,-65.4012,-64.0397,0.300,DUMMY,1,DUMMY,,,OBSTACLE_DETECTED,3.000,T1_REVERSE_TO_FORWARD
522.5776,-65.3027,-64.0566,0.300,DUMMY,1,DUMMY,,,OBSTACLE_DETECTED,3.000,T1_REVERSE_TO_FORWARD
522.6776,-65.2042,-64.0740,0.300,DUMMY,1,DUMMY,,,OBSTACLE_DETECTED,3.000,T1_REVERSE_TO_FORWARD
522.7776,-65.1059,-64.0920,0.300,DUMMY,1,DUMMY,,,OBSTACLE_DETECTED,3.000,T1_REVERSE_TO_FORWARD
522.8775,-65.0076,-64.1105,0.300,DUMMY,1,DUMMY,,,OBSTACLE_DETECTED,3.000,T1_REVERSE_TO_FORWARD
522.9775,-64.9095,-64.1296,0.300,DUMMY,1,DUMMY,,,OBSTACLE_DETECTED,3.000,T1_REVERSE_TO_FORWARD
523.0776,-64.8114,-64.1493,0.300,DUMMY,1,DUMMY,,,OBSTACLE_DETECTED,3.000,T1_REVERSE_TO_FORWARD
523.1776,-64.7135,-64.1694,0.300,DUMMY,1,DUMMY,,,OBSTACLE_DETECTED,3.000,T1_REVERSE_TO_FORWARD
523.2775,-64.6156,-64.1900,0.300,DUMMY,1,DUMMY,,,OBSTACLE_DETECTED,3.000,T1_REVERSE_TO_FORWARD
523.3775,-64.5178,-64.2107,0.300,DUMMY,1,DUMMY,,,OBSTACLE_DETECTED,3.000,T1_REVERSE_TO_FORWARD
523.4775,-64.4200,-64.2316,0.300,DUMMY,1,DUMMY,,,OBSTACLE_DETECTED,3.000,T1_REVERSE_TO_FORWARD
523.5774,-64.3223,-64.2527,0.300,DUMMY,1,DUMMY,,,OBSTACLE_DETECTED,3.000,T1_REVERSE_TO_FORWARD
523.6775,-64.2246,-64.2738,0.300,DUMMY,1,DUMMY,,,OBSTACLE_DETECTED,3.000,T1_REVERSE_TO_FORWARD
523.7775,-64.1268,-64.2949,0.300,DUMMY,1,DUMMY,,,OBSTACLE_DETECTED,3.000,T1_REVERSE_TO_FORWARD
523.8775,-64.0290,-64.3157,0.300,DUMMY,1,DUMMY,,,OBSTACLE_DETECTED,3.000,T1_REVERSE_TO_FORWARD
523.9775,-63.9312,-64.3365,0.300,DUMMY,1,DUMMY,,,OBSTACLE_DETECTED,3.000,T1_REVERSE_TO_FORWARD
524.0774,-63.8334,-64.3570,0.300,DUMMY,1,DUMMY,,,OBSTACLE_DETECTED,3.000,T1_REVERSE_TO_FORWARD
524.1774,-63.7355,-64.3773,0.300,DUMMY,1,DUMMY,,,OBSTACLE_DETECTED,3.000,T1_REVERSE_TO_FORWARD
524.2774,-63.6375,-64.3972,0.300,DUMMY,1,DUMMY,,,OBSTACLE_DETECTED,3.000,T1_REVERSE_TO_FORWARD
524.3774,-63.5393,-64.4166,0.300,DUMMY,1,DUMMY,,,OBSTACLE_DETECTED,3.000,T1_REVERSE_TO_FORWARD
524.4774,-63.4412,-64.4357,0.300,DUMMY,1,DUMMY,,,OBSTACLE_DETECTED,3.000,T1_REVERSE_TO_FORWARD
524.5774,-63.3430,-64.4543,0.300,DUMMY,1,DUMMY,,,OBSTACLE_DETECTED,3.000,T1_REVERSE_TO_FORWARD
524.6774,-63.2446,-64.4724,0.300,DUMMY,1,DUMMY,,,OBSTACLE_DETECTED,3.000,T1_REVERSE_TO_FORWARD
524.7773,-63.1462,-64.4899,0.300,DUMMY,1,DUMMY,,,OBSTACLE_DETECTED,3.000,T1_REVERSE_TO_FORWARD
524.8773,-63.0477,-64.5070,0.300,DUMMY,1,DUMMY,,,OBSTACLE_DETECTED,3.000,T1_REVERSE_TO_FORWARD
524.9773,-62.9491,-64.5236,0.300,DUMMY,1,DUMMY,,,OBSTACLE_DETECTED,3.000,T1_REVERSE_TO_FORWARD
525.0774,-62.8504,-64.5398,0.300,DUMMY,1,DUMMY,,,OBSTACLE_DETECTED,3.000,T1_REVERSE_TO_FORWARD
525.1773,-62.7517,-64.5554,0.300,DUMMY,1,DUMMY,,,OBSTACLE_DETECTED,3.000,T1_REVERSE_TO_FORWARD
525.2773,-62.6528,-64.5704,0.300,DUMMY,1,DUMMY,,,OBSTACLE_DETECTED,3.000,T1_REVERSE_TO_FORWARD
525.3773,-62.5539,-64.5850,0.300,DUMMY,1,DUMMY,,,OBSTACLE_DETECTED,3.000,T1_REVERSE_TO_FORWARD
525.4773,-62.4548,-64.5989,0.300,DUMMY,1,DUMMY,,,OBSTACLE_DETECTED,3.000,T1_REVERSE_TO_FORWARD
525.5773,-62.3557,-64.6122,0.300,DUMMY,1,DUMMY,,,OBSTACLE_DETECTED,3.000,T1_REVERSE_TO_FORWARD
525.6773,-62.2566,-64.6251,0.300,DUMMY,1,DUMMY,,,OBSTACLE_DETECTED,3.000,T1_REVERSE_TO_FORWARD
525.7772,-62.1574,-64.6375,0.300,DUMMY,1,DUMMY,,,OBSTACLE_DETECTED,3.000,T1_REVERSE_TO_FORWARD
525.8773,-62.0581,-64.6494,0.300,DUMMY,1,DUMMY,,,OBSTACLE_DETECTED,3.000,T1_REVERSE_TO_FORWARD
525.9772,-61.9588,-64.6611,0.300,DUMMY,1,DUMMY,,,OBSTACLE_DETECTED,3.000,T1_REVERSE_TO_FORWARD
526.0772,-61.8595,-64.6726,0.300,DUMMY,1,DUMMY,,,OBSTACLE_DETECTED,3.000,T1_REVERSE_TO_FORWARD
526.1772,-61.7601,-64.6842,0.300,DUMMY,1,DUMMY,,,OBSTACLE_DETECTED,3.000,T1_REVERSE_TO_FORWARD
526.2772,-61.6608,-64.6957,0.300,DUMMY,1,DUMMY,,,OBSTACLE_DETECTED,3.000,T1_REVERSE_TO_FORWARD
526.3772,-61.5615,-64.7074,0.300,DUMMY,1,DUMMY,,,OBSTACLE_DETECTED,3.000,T1_REVERSE_TO_FORWARD
526.4771,-61.4623,-64.7193,0.300,DUMMY,1,DUMMY,,,OBSTACLE_DETECTED,3.000,T1_REVERSE_TO_FORWARD
526.5771,-61.3631,-64.7317,0.300,DUMMY,1,DUMMY,,,OBSTACLE_DETECTED,3.000,T1_REVERSE_TO_FORWARD
526.6772,-61.2639,-64.7446,0.300,DUMMY,1,DUMMY,,,OBSTACLE_DETECTED,3.000,T1_REVERSE_TO_FORWARD
526.7772,-61.1647,-64.7579,0.300,DUMMY,1,DUMMY,,,OBSTACLE_DETECTED,3.000,T1_REVERSE_TO_FORWARD
526.8772,-61.0657,-64.7717,0.300,DUMMY,1,DUMMY,,,OBSTACLE_DETECTED,3.000,T1_REVERSE_TO_FORWARD
526.9771,-60.9668,-64.7861,0.300,DUMMY,1,DUMMY,,,OBSTACLE_DETECTED,3.000,T1_REVERSE_TO_FORWARD
527.0771,-60.8679,-64.8010,0.300,DUMMY,1,DUMMY,,,OBSTACLE_DETECTED,3.000,T1_REVERSE_TO_FORWARD
527.1771,-60.7691,-64.8163,0.300,DUMMY,1,DUMMY,,,OBSTACLE_DETECTED,3.000,T1_REVERSE_TO_FORWARD
527.2771,-60.6704,-64.8319,0.300,DUMMY,1,DUMMY,,,OBSTACLE_DETECTED,3.000,T1_REVERSE_TO_FORWARD
527.3771,-60.5716,-64.8479,0.300,DUMMY,1,DUMMY,,,OBSTACLE_DETECTED,3.000,T1_REVERSE_TO_FORWARD
527.4770,-60.4730,-64.8639,0.300,DUMMY,1,DUMMY,,,OBSTACLE_DETECTED,3.000,T1_REVERSE_TO_FORWARD
527.5771,-60.3743,-64.8801,0.300,DUMMY,1,DUMMY,,,OBSTACLE_DETECTED,3.000,T1_REVERSE_TO_FORWARD
527.6771,-60.2756,-64.8962,0.300,DUMMY,1,DUMMY,,,OBSTACLE_DETECTED,3.000,T1_REVERSE_TO_FORWARD
527.7771,-60.1769,-64.9122,0.300,DUMMY,1,DUMMY,,,OBSTACLE_DETECTED,3.000,T1_REVERSE_TO_FORWARD
527.8770,-60.0781,-64.9280,0.300,DUMMY,1,DUMMY,,,OBSTACLE_DETECTED,3.000,T1_REVERSE_TO_FORWARD
527.9770,-59.9794,-64.9433,0.300,DUMMY,1,DUMMY,,,OBSTACLE_DETECTED,3.000,T1_REVERSE_TO_FORWARD
528.0770,-59.8804,-64.9582,0.300,DUMMY,1,DUMMY,,,OBSTACLE_DETECTED,3.000,T1_REVERSE_TO_FORWARD
528.1770,-59.7815,-64.9722,0.300,DUMMY,1,DUMMY,,,OBSTACLE_DETECTED,3.000,T1_REVERSE_TO_FORWARD
528.2770,-59.6824,-64.9855,0.300,DUMMY,1,DUMMY,,,OBSTACLE_DETECTED,3.000,T1_REVERSE_TO_FORWARD
528.3770,-59.5831,-64.9979,0.300,DUMMY,1,DUMMY,,,OBSTACLE_DETECTED,3.000,T1_REVERSE_TO_FORWARD
528.4770,-59.4838,-65.0091,0.300,DUMMY,1,DUMMY,,,OBSTACLE_DETECTED,3.000,T1_REVERSE_TO_FORWARD
528.5770,-59.3843,-65.0191,0.300,DUMMY,1,DUMMY,,,OBSTACLE_DETECTED,3.000,T1_REVERSE_TO_FORWARD
528.6769,-59.2847,-65.0279,0.300,DUMMY,1,DUMMY,,,OBSTACLE_DETECTED,3.000,T1_REVERSE_TO_FORWARD
528.7769,-59.1850,-65.0355,0.300,DUMMY,1,DUMMY,,,OBSTACLE_DETECTED,3.000,T1_REVERSE_TO_FORWARD
528.8769,-59.0852,-65.0420,0.300,DUMMY,1,DUMMY,,,OBSTACLE_DETECTED,3.000,T1_REVERSE_TO_FORWARD
528.9769,-58.9854,-65.0478,0.300,DUMMY,1,DUMMY,,,OBSTACLE_DETECTED,3.000,T1_REVERSE_TO_FORWARD
529.0769,-58.8855,-65.0531,0.300,DUMMY,1,DUMMY,,,OBSTACLE_DETECTED,3.000,T1_REVERSE_TO_FORWARD
529.1769,-58.7857,-65.0584,0.300,DUMMY,1,DUMMY,,,OBSTACLE_DETECTED,3.000,T1_REVERSE_TO_FORWARD
529.2769,-58.6859,-65.0640,0.300,DUMMY,1,DUMMY,,,OBSTACLE_DETECTED,3.000,T1_REVERSE_TO_FORWARD
529.3769,-58.5861,-65.0702,0.300,DUMMY,1,DUMMY,,,OBSTACLE_DETECTED,3.000,T1_REVERSE_TO_FORWARD
529.4768,-58.4864,-65.0773,0.300,DUMMY,1,DUMMY,,,OBSTACLE_DETECTED,3.000,T1_REVERSE_TO_FORWARD
529.5768,-58.3867,-65.0854,0.300,DUMMY,1,DUMMY,,,OBSTACLE_DETECTED,3.000,T1_REVERSE_TO_FORWARD
529.6768,-58.2871,-65.0943,0.300,DUMMY,1,DUMMY,,,OBSTACLE_DETECTED,3.000,T1_REVERSE_TO_FORWARD
529.7768,-58.1876,-65.1041,0.300,DUMMY,1,DUMMY,,,OBSTACLE_DETECTED,3.000,T1_REVERSE_TO_FORWARD
529.8768,-58.0882,-65.1148,0.300,DUMMY,1,DUMMY,,,OBSTACLE_DETECTED,3.000,T1_REVERSE_TO_FORWARD
529.9767,-57.9888,-65.1259,0.300,DUMMY,1,DUMMY,,,OBSTACLE_DETECTED,3.000,T1_REVERSE_TO_FORWARD
530.0768,-57.8895,-65.1376,0.300,DUMMY,1,DUMMY,,,OBSTACLE_DETECTED,3.000,T1_REVERSE_TO_FORWARD
530.1767,-57.7902,-65.1495,0.300,DUMMY,1,DUMMY,,,OBSTACLE_DETECTED,3.000,T1_REVERSE_TO_FORWARD
530.2768,-57.6910,-65.1617,0.300,DUMMY,1,DUMMY,,,OBSTACLE_DETECTED,3.000,T1_REVERSE_TO_FORWARD
530.3767,-57.5918,-65.1739,0.300,DUMMY,1,DUMMY,,,OBSTACLE_DETECTED,3.000,T1_REVERSE_TO_FORWARD
530.4767,-57.4926,-65.1864,0.300,DUMMY,1,DUMMY,,,OBSTACLE_DETECTED,3.000,T1_REVERSE_TO_FORWARD
530.5768,-57.3933,-65.1989,0.300,DUMMY,1,DUMMY,,,OBSTACLE_DETECTED,3.000,T1_REVERSE_TO_FORWARD
530.6767,-57.2941,-65.2116,0.300,DUMMY,1,DUMMY,,,OBSTACLE_DETECTED,3.000,T1_REVERSE_TO_FORWARD
530.7767,-57.1950,-65.2245,0.300,DUMMY,1,DUMMY,,,OBSTACLE_DETECTED,3.000,T1_REVERSE_TO_FORWARD
530.8767,-57.0959,-65.2377,0.300,DUMMY,1,DUMMY,,,OBSTACLE_DETECTED,3.000,T1_REVERSE_TO_FORWARD
530.9767,-56.9968,-65.2512,0.300,DUMMY,1,DUMMY,,,OBSTACLE_DETECTED,3.000,T1_REVERSE_TO_FORWARD
531.0767,-56.8978,-65.2652,0.300,DUMMY,1,DUMMY,,,OBSTACLE_DETECTED,3.000,T1_REVERSE_TO_FORWARD
531.1767,-56.7989,-65.2798,0.300,DUMMY,1,DUMMY,,,OBSTACLE_DETECTED,3.000,T1_REVERSE_TO_FORWARD
531.2767,-56.7001,-65.2950,0.300,DUMMY,1,DUMMY,,,OBSTACLE_DETECTED,3.000,T1_REVERSE_TO_FORWARD
531.3766,-56.6014,-65.3110,0.300,DUMMY,1,DUMMY,,,OBSTACLE_DETECTED,3.000,T1_REVERSE_TO_FORWARD
531.4766,-56.5028,-65.3275,0.300,DUMMY,1,DUMMY,,,OBSTACLE_DETECTED,3.000,T1_REVERSE_TO_FORWARD
531.5766,-56.4043,-65.3447,0.300,DUMMY,1,DUMMY,,,OBSTACLE_DETECTED,3.000,T1_REVERSE_TO_FORWARD
531.6766,-56.3059,-65.3625,0.300,DUMMY,1,DUMMY,,,OBSTACLE_DETECTED,3.000,T1_REVERSE_TO_FORWARD
531.7766,-56.2075,-65.3807,0.300,DUMMY,1,DUMMY,,,OBSTACLE_DETECTED,3.000,T1_REVERSE_TO_FORWARD
531.8766,-56.1093,-65.3993,0.300,DUMMY,1,DUMMY,,,OBSTACLE_DETECTED,3.000,T1_REVERSE_TO_FORWARD
531.9765,-56.0111,-65.4181,0.300,DUMMY,1,DUMMY,,,OBSTACLE_DETECTED,3.000,T1_REVERSE_TO_FORWARD
532.0765,-55.9130,-65.4372,0.300,DUMMY,1,DUMMY,,,OBSTACLE_DETECTED,3.000,T1_REVERSE_TO_FORWARD
532.1766,-55.8148,-65.4564,0.300,DUMMY,1,DUMMY,,,OBSTACLE_DETECTED,3.000,T1_REVERSE_TO_FORWARD
532.2766,-55.7166,-65.4755,0.300,DUMMY,1,DUMMY,,,OBSTACLE_DETECTED,3.000,T1_REVERSE_TO_FORWARD
532.3765,-55.6186,-65.4948,0.300,DUMMY,1,DUMMY,,,OBSTACLE_DETECTED,3.000,T1_REVERSE_TO_FORWARD
532.4765,-55.5204,-65.5140,0.300,DUMMY,1,DUMMY,,,OBSTACLE_DETECTED,3.000,T1_REVERSE_TO_FORWARD
532.5765,-55.4223,-65.5331,0.300,DUMMY,1,DUMMY,,,OBSTACLE_DETECTED,3.000,T1_REVERSE_TO_FORWARD
532.6765,-55.3241,-65.5522,0.300,DUMMY,1,DUMMY,,,OBSTACLE_DETECTED,3.000,T1_REVERSE_TO_FORWARD
532.7765,-55.2260,-65.5713,0.300,DUMMY,1,DUMMY,,,OBSTACLE_DETECTED,3.000,T1_REVERSE_TO_FORWARD
532.8765,-55.1278,-65.5904,0.300,DUMMY,1,DUMMY,,,OBSTACLE_DETECTED,3.000,T1_REVERSE_TO_FORWARD
532.9765,-55.0297,-65.6096,0.300,DUMMY,1,DUMMY,,,OBSTACLE_DETECTED,3.000,T1_REVERSE_TO_FORWARD
533.0765,-54.9316,-65.6290,0.300,DUMMY,1,DUMMY,,,OBSTACLE_DETECTED,3.000,T1_REVERSE_TO_FORWARD
533.1764,-54.8336,-65.6487,0.300,DUMMY,1,DUMMY,,,OBSTACLE_DETECTED,3.000,T1_REVERSE_TO_FORWARD
533.2765,-54.7356,-65.6687,0.300,DUMMY,1,DUMMY,,,OBSTACLE_DETECTED,3.000,T1_REVERSE_TO_FORWARD
533.3764,-54.6378,-65.6890,0.300,DUMMY,1,DUMMY,,,OBSTACLE_DETECTED,3.000,T1_REVERSE_TO_FORWARD
533.4764,-54.5399,-65.7099,0.300,DUMMY,1,DUMMY,,,OBSTACLE_DETECTED,3.000,T1_REVERSE_TO_FORWARD
533.5764,-54.4422,-65.7310,0.300,DUMMY,1,DUMMY,,,OBSTACLE_DETECTED,3.000,T1_REVERSE_TO_FORWARD
533.6763,-54.3446,-65.7526,0.300,DUMMY,1,DUMMY,,,OBSTACLE_DETECTED,3.000,T1_REVERSE_TO_FORWARD
533.7764,-54.2470,-65.7745,0.300,DUMMY,1,DUMMY,,,OBSTACLE_DETECTED,3.000,T1_REVERSE_TO_FORWARD
533.8764,-54.1494,-65.7964,0.300,DUMMY,1,DUMMY,,,OBSTACLE_DETECTED,3.000,T1_REVERSE_TO_FORWARD
533.9764,-54.0519,-65.8184,0.300,DUMMY,1,DUMMY,,,OBSTACLE_DETECTED,3.000,T1_REVERSE_TO_FORWARD
534.0763,-53.9543,-65.8402,0.300,DUMMY,1,DUMMY,,,OBSTACLE_DETECTED,3.000,T1_REVERSE_TO_FORWARD
534.1763,-53.8567,-65.8617,0.300,DUMMY,1,DUMMY,,,OBSTACLE_DETECTED,3.000,T1_REVERSE_TO_FORWARD
534.2763,-53.7590,-65.8827,0.300,DUMMY,1,DUMMY,,,OBSTACLE_DETECTED,3.000,T1_REVERSE_TO_FORWARD
534.3763,-53.6610,-65.9032,0.300,DUMMY,1,DUMMY,,,OBSTACLE_DETECTED,3.000,T1_REVERSE_TO_FORWARD
534.4763,-53.5631,-65.9229,0.300,DUMMY,1,DUMMY,,,OBSTACLE_DETECTED,3.000,T1_REVERSE_TO_FORWARD
534.5763,-53.4648,-65.9418,0.300,DUMMY,1,DUMMY,,,OBSTACLE_DETECTED,3.000,T1_REVERSE_TO_FORWARD
534.6763,-53.3665,-65.9600,0.300,DUMMY,1,DUMMY,,,OBSTACLE_DETECTED,3.000,T1_REVERSE_TO_FORWARD
534.7762,-53.2681,-65.9774,0.300,DUMMY,1,DUMMY,,,OBSTACLE_DETECTED,3.000,T1_REVERSE_TO_FORWARD
534.8762,-53.1695,-65.9943,0.300,DUMMY,1,DUMMY,,,OBSTACLE_DETECTED,3.000,T1_REVERSE_TO_FORWARD
534.9763,-53.0709,-66.0107,0.300,DUMMY,1,DUMMY,,,OBSTACLE_DETECTED,3.000,T1_REVERSE_TO_FORWARD
535.0762,-52.9722,-66.0269,0.300,DUMMY,1,DUMMY,,,OBSTACLE_DETECTED,3.000,T1_REVERSE_TO_FORWARD
535.1762,-52.8735,-66.0428,0.300,DUMMY,1,DUMMY,,,OBSTACLE_DETECTED,3.000,T1_REVERSE_TO_FORWARD
535.2762,-52.7748,-66.0589,0.300,DUMMY,1,DUMMY,,,OBSTACLE_DETECTED,3.000,T1_REVERSE_TO_FORWARD
535.3762,-52.6761,-66.0750,0.300,DUMMY,1,DUMMY,,,OBSTACLE_DETECTED,3.000,T1_REVERSE_TO_FORWARD
535.4761,-52.5775,-66.0915,0.300,DUMMY,1,DUMMY,,,OBSTACLE_DETECTED,3.000,T1_REVERSE_TO_FORWARD
535.5762,-52.4790,-66.1084,0.300,DUMMY,1,DUMMY,,,OBSTACLE_DETECTED,3.000,T1_REVERSE_TO_FORWARD
535.6761,-52.3805,-66.1258,0.300,DUMMY,1,DUMMY,,,OBSTACLE_DETECTED,3.000,T1_REVERSE_TO_FORWARD
535.7761,-52.2821,-66.1436,0.300,DUMMY,1,DUMMY,,,OBSTACLE_DETECTED,3.000,T1_REVERSE_TO_FORWARD
535.8761,-52.1838,-66.1619,0.300,DUMMY,1,DUMMY,,,OBSTACLE_DETECTED,3.000,T1_REVERSE_TO_FORWARD
535.9761,-52.0856,-66.1807,0.300,DUMMY,1,DUMMY,,,OBSTACLE_DETECTED,3.000,T1_REVERSE_TO_FORWARD
536.0761,-51.9874,-66.1996,0.300,DUMMY,1,DUMMY,,,OBSTACLE_DETECTED,3.000,T1_REVERSE_TO_FORWARD
536.1761,-51.8893,-66.2189,0.300,DUMMY,1,DUMMY,,,OBSTACLE_DETECTED,3.000,T1_REVERSE_TO_FORWARD
536.2761,-51.7912,-66.2383,0.300,DUMMY,1,DUMMY,,,OBSTACLE_DETECTED,3.000,T1_REVERSE_TO_FORWARD
536.3761,-51.6931,-66.2577,0.300,DUMMY,1,DUMMY,,,OBSTACLE_DETECTED,3.000,T1_REVERSE_TO_FORWARD
536.4760,-51.5951,-66.2771,0.300,DUMMY,1,DUMMY,,,OBSTACLE_DETECTED,3.000,T1_REVERSE_TO_FORWARD
536.5761,-51.4969,-66.2964,0.300,DUMMY,1,DUMMY,,,OBSTACLE_DETECTED,3.000,T1_REVERSE_TO_FORWARD
536.6761,-51.3987,-66.3155,0.300,DUMMY,1,DUMMY,,,OBSTACLE_DETECTED,3.000,T1_REVERSE_TO_FORWARD
536.7761,-51.3005,-66.3343,0.300,DUMMY,1,DUMMY,,,OBSTACLE_DETECTED,3.000,T1_REVERSE_TO_FORWARD
536.8760,-51.2023,-66.3529,0.300,DUMMY,1,DUMMY,,,OBSTACLE_DETECTED,3.000,T1_REVERSE_TO_FORWARD
536.9760,-51.1040,-66.3713,0.300,DUMMY,1,DUMMY,,,OBSTACLE_DETECTED,3.000,T1_REVERSE_TO_FORWARD
537.0760,-51.0057,-66.3894,0.300,DUMMY,1,DUMMY,,,OBSTACLE_DETECTED,3.000,T1_REVERSE_TO_FORWARD
537.1760,-50.9074,-66.4074,0.300,DUMMY,1,DUMMY,,,OBSTACLE_DETECTED,3.000,T1_REVERSE_TO_FORWARD
537.2760,-50.8089,-66.4251,0.300,DUMMY,1,DUMMY,,,OBSTACLE_DETECTED,3.000,T1_REVERSE_TO_FORWARD
537.3760,-50.7105,-66.4428,0.300,DUMMY,1,DUMMY,,,OBSTACLE_DETECTED,3.000,T1_REVERSE_TO_FORWARD
537.4760,-50.6120,-66.4604,0.300,DUMMY,1,DUMMY,,,OBSTACLE_DETECTED,3.000,T1_REVERSE_TO_FORWARD
537.5760,-50.5136,-66.4780,0.300,DUMMY,1,DUMMY,,,OBSTACLE_DETECTED,3.000,T1_REVERSE_TO_FORWARD
537.6760,-50.4152,-66.4955,0.300,DUMMY,1,DUMMY,,,OBSTACLE_DETECTED,3.000,T1_REVERSE_TO_FORWARD
537.7759,-50.3168,-66.5131,0.300,DUMMY,1,DUMMY,,,OBSTACLE_DETECTED,3.000,T1_REVERSE_TO_FORWARD
537.8759,-50.2184,-66.5307,0.300,DUMMY,1,DUMMY,,,OBSTACLE_DETECTED,3.000,T1_REVERSE_TO_FORWARD
537.9759,-50.1200,-66.5485,0.300,DUMMY,1,DUMMY,,,OBSTACLE_DETECTED,3.000,T1_REVERSE_TO_FORWARD
538.0759,-50.0216,-66.5665,0.300,DUMMY,1,DUMMY,,,OBSTACLE_DETECTED,3.000,T1_REVERSE_TO_FORWARD
538.1759,-49.9233,-66.5846,0.300,DUMMY,1,DUMMY,,,OBSTACLE_DETECTED,3.000,T1_REVERSE_TO_FORWARD
538.2759,-49.8249,-66.6027,0.300,DUMMY,1,DUMMY,,,OBSTACLE_DETECTED,3.000,T1_REVERSE_TO_FORWARD
538.3759,-49.7266,-66.6210,0.300,DUMMY,1,DUMMY,,,OBSTACLE_DETECTED,3.000,T1_REVERSE_TO_FORWARD
538.4758,-49.6284,-66.6396,0.300,DUMMY,1,DUMMY,,,OBSTACLE_DETECTED,3.000,T1_REVERSE_TO_FORWARD
538.5758,-49.5302,-66.6582,0.300,DUMMY,1,DUMMY,,,OBSTACLE_DETECTED,3.000,T1_REVERSE_TO_FORWARD
538.6758,-49.4320,-66.6770,0.300,DUMMY,1,DUMMY,,,OBSTACLE_DETECTED,3.000,T1_REVERSE_TO_FORWARD
538.7758,-49.3338,-66.6959,0.300,DUMMY,1,DUMMY,,,OBSTACLE_DETECTED,3.000,T1_REVERSE_TO_FORWARD
538.8759,-49.2355,-66.7150,0.300,DUMMY,1,DUMMY,,,OBSTACLE_DETECTED,3.000,T1_REVERSE_TO_FORWARD
538.9758,-49.1374,-66.7340,0.300,DUMMY,1,DUMMY,,,OBSTACLE_DETECTED,3.000,T1_REVERSE_TO_FORWARD
539.0758,-49.0394,-66.7532,0.300,DUMMY,1,DUMMY,,,OBSTACLE_DETECTED,3.000,T1_REVERSE_TO_FORWARD
539.1758,-48.9412,-66.7724,0.300,DUMMY,1,DUMMY,,,OBSTACLE_DETECTED,3.000,T1_REVERSE_TO_FORWARD
539.2758,-48.8430,-66.7915,0.300,DUMMY,1,DUMMY,,,OBSTACLE_DETECTED,3.000,T1_REVERSE_TO_FORWARD
539.3758,-48.7448,-66.8105,0.300,DUMMY,1,DUMMY,,,OBSTACLE_DETECTED,3.000,T1_REVERSE_TO_FORWARD
539.4758,-48.6466,-66.8293,0.300,DUMMY,1,DUMMY,,,OBSTACLE_DETECTED,3.000,T1_REVERSE_TO_FORWARD
539.5757,-48.5484,-66.8479,0.300,DUMMY,1,DUMMY,,,OBSTACLE_DETECTED,3.000,T1_REVERSE_TO_FORWARD
539.6758,-48.4501,-66.8660,0.300,DUMMY,1,DUMMY,,,OBSTACLE_DETECTED,3.000,T1_REVERSE_TO_FORWARD
539.7757,-48.3517,-66.8838,0.300,DUMMY,1,DUMMY,,,OBSTACLE_DETECTED,3.000,T1_REVERSE_TO_FORWARD
539.8757,-48.2532,-66.9012,0.300,DUMMY,1,DUMMY,,,OBSTACLE_DETECTED,3.000,T1_REVERSE_TO_FORWARD
539.9757,-48.1547,-66.9180,0.300,DUMMY,1,DUMMY,,,OBSTACLE_DETECTED,3.000,T1_REVERSE_TO_FORWARD
540.0757,-48.0559,-66.9341,0.300,DUMMY,1,DUMMY,,,OBSTACLE_DETECTED,3.000,T1_REVERSE_TO_FORWARD
540.1757,-47.9572,-66.9499,0.300,DUMMY,1,DUMMY,,,OBSTACLE_DETECTED,3.000,T1_REVERSE_TO_FORWARD
540.2756,-47.8584,-66.9650,0.300,DUMMY,1,DUMMY,,,OBSTACLE_DETECTED,3.000,T1_REVERSE_TO_FORWARD
540.3757,-47.7595,-66.9797,0.300,DUMMY,1,DUMMY,,,OBSTACLE_DETECTED,3.000,T1_REVERSE_TO_FORWARD
540.4757,-47.6605,-66.9942,0.300,DUMMY,1,DUMMY,,,OBSTACLE_DETECTED,3.000,T1_REVERSE_TO_FORWARD
540.5756,-47.5616,-67.0085,0.300,DUMMY,1,DUMMY,,,OBSTACLE_DETECTED,3.000,T1_REVERSE_TO_FORWARD
540.6757,-47.4626,-67.0227,0.300,DUMMY,1,DUMMY,,,OBSTACLE_DETECTED,3.000,T1_REVERSE_TO_FORWARD
540.7756,-47.3637,-67.0371,0.300,DUMMY,1,DUMMY,,,OBSTACLE_DETECTED,3.000,T1_REVERSE_TO_FORWARD
540.8756,-47.2647,-67.0515,0.300,DUMMY,1,DUMMY,,,OBSTACLE_DETECTED,3.000,T1_REVERSE_TO_FORWARD
540.9756,-47.1659,-67.0663,0.300,DUMMY,1,DUMMY,,,OBSTACLE_DETECTED,3.000,T1_REVERSE_TO_FORWARD
541.0756,-47.0670,-67.0816,0.300,DUMMY,1,DUMMY,,,OBSTACLE_DETECTED,3.000,T1_REVERSE_TO_FORWARD
541.1755,-46.9683,-67.0970,0.300,DUMMY,1,DUMMY,,,OBSTACLE_DETECTED,3.000,T1_REVERSE_TO_FORWARD
541.2755,-46.8695,-67.1128,0.300,DUMMY,1,DUMMY,,,OBSTACLE_DETECTED,3.000,T1_REVERSE_TO_FORWARD
541.3755,-46.7708,-67.1289,0.300,DUMMY,1,DUMMY,,,OBSTACLE_DETECTED,3.000,T1_REVERSE_TO_FORWARD
541.4756,-46.6722,-67.1453,0.300,DUMMY,1,DUMMY,,,OBSTACLE_DETECTED,3.000,T1_REVERSE_TO_FORWARD
541.5756,-46.5735,-67.1618,0.300,DUMMY,1,DUMMY,,,OBSTACLE_DETECTED,3.000,T1_REVERSE_TO_FORWARD
541.6755,-46.4750,-67.1786,0.300,DUMMY,1,DUMMY,,,OBSTACLE_DETECTED,3.000,T1_REVERSE_TO_FORWARD
541.7756,-46.3764,-67.1956,0.300,DUMMY,1,DUMMY,,,OBSTACLE_DETECTED,3.000,T1_REVERSE_TO_FORWARD
541.8755,-46.2779,-67.2125,0.300,DUMMY,1,DUMMY,,,OBSTACLE_DETECTED,3.000,T1_REVERSE_TO_FORWARD
541.9754,-46.1794,-67.2295,0.300,DUMMY,1,DUMMY,,,OBSTACLE_DETECTED,3.000,T1_REVERSE_TO_FORWARD
542.0755,-46.0808,-67.2465,0.300,DUMMY,1,DUMMY,,,OBSTACLE_DETECTED,3.000,T1_REVERSE_TO_FORWARD
542.1755,-45.9823,-67.2635,0.300,DUMMY,1,DUMMY,,,OBSTACLE_DETECTED,3.000,T1_REVERSE_TO_FORWARD
542.2754,-45.8838,-67.2803,0.300,DUMMY,1,DUMMY,,,OBSTACLE_DETECTED,3.000,T1_REVERSE_TO_FORWARD
542.3754,-45.7852,-67.2971,0.300,DUMMY,1,DUMMY,,,OBSTACLE_DETECTED,3.000,T1_REVERSE_TO_FORWARD
542.4754,-45.6866,-67.3137,0.300,DUMMY,1,DUMMY,,,OBSTACLE_DETECTED,3.000,T1_REVERSE_TO_FORWARD
542.5755,-45.5879,-67.3302,0.300,DUMMY,1,DUMMY,,,OBSTACLE_DETECTED,3.000,T1_REVERSE_TO_FORWARD
542.6754,-45.4893,-67.3464,0.300,DUMMY,1,DUMMY,,,OBSTACLE_DETECTED,3.000,T1_REVERSE_TO_FORWARD
542.7754,-45.3906,-67.3624,0.300,DUMMY,1,DUMMY,,,OBSTACLE_DETECTED,3.000,T1_REVERSE_TO_FORWARD
542.8754,-45.2918,-67.3782,0.300,DUMMY,1,DUMMY,,,OBSTACLE_DETECTED,3.000,T1_REVERSE_TO_FORWARD
542.9754,-45.1931,-67.3937,0.300,DUMMY,1,DUMMY,,,OBSTACLE_DETECTED,3.000,T1_REVERSE_TO_FORWARD
543.0754,-45.0942,-67.4089,0.300,DUMMY,1,DUMMY,,,OBSTACLE_DETECTED,3.000,T1_REVERSE_TO_FORWARD
543.1753,-44.9954,-67.4240,0.300,DUMMY,1,DUMMY,,,OBSTACLE_DETECTED,3.000,T1_REVERSE_TO_FORWARD
543.2754,-44.8965,-67.4389,0.300,DUMMY,1,DUMMY,,,OBSTACLE_DETECTED,3.000,T1_REVERSE_TO_FORWARD
543.3753,-44.7977,-67.4537,0.300,DUMMY,1,DUMMY,,,OBSTACLE_DETECTED,3.000,T1_REVERSE_TO_FORWARD
543.4754,-44.6987,-67.4686,0.300,DUMMY,1,DUMMY,,,OBSTACLE_DETECTED,3.000,T1_REVERSE_TO_FORWARD
543.5753,-44.5999,-67.4835,0.300,DUMMY,1,DUMMY,,,OBSTACLE_DETECTED,3.000,T1_REVERSE_TO_FORWARD
543.6753,-44.5011,-67.4986,0.300,DUMMY,1,DUMMY,,,OBSTACLE_DETECTED,3.000,T1_REVERSE_TO_FORWARD
543.7753,-44.4023,-67.5140,0.300,DUMMY,1,DUMMY,,,OBSTACLE_DETECTED,3.000,T1_REVERSE_TO_FORWARD
543.8753,-44.3035,-67.5298,0.300,DUMMY,1,DUMMY,,,OBSTACLE_DETECTED,3.000,T1_REVERSE_TO_FORWARD
543.9753,-44.2049,-67.5463,0.300,DUMMY,1,DUMMY,,,OBSTACLE_DETECTED,3.000,T1_REVERSE_TO_FORWARD
544.0753,-44.1063,-67.5633,0.300,DUMMY,1,DUMMY,,,OBSTACLE_DETECTED,3.000,T1_REVERSE_TO_FORWARD
544.1753,-44.0080,-67.5812,0.300,DUMMY,1,DUMMY,,,OBSTACLE_DETECTED,3.000,T1_REVERSE_TO_FORWARD
544.2753,-43.9097,-67.5998,0.300,DUMMY,1,DUMMY,,,OBSTACLE_DETECTED,3.000,T1_REVERSE_TO_FORWARD
544.3753,-43.8116,-67.6192,0.300,DUMMY,1,DUMMY,,,OBSTACLE_DETECTED,3.000,T1_REVERSE_TO_FORWARD
544.4753,-43.7137,-67.6393,0.300,DUMMY,1,DUMMY,,,OBSTACLE_DETECTED,3.000,T1_REVERSE_TO_FORWARD
544.5752,-43.6159,-67.6600,0.300,DUMMY,1,DUMMY,,,OBSTACLE_DETECTED,3.000,T1_REVERSE_TO_FORWARD
544.6751,-43.5183,-67.6814,0.300,DUMMY,1,DUMMY,,,OBSTACLE_DETECTED,3.000,T1_REVERSE_TO_FORWARD
544.7752,-43.4206,-67.7031,0.300,DUMMY,1,DUMMY,,,OBSTACLE_DETECTED,3.000,T1_REVERSE_TO_FORWARD
544.8752,-43.3230,-67.7250,0.300,DUMMY,1,DUMMY,,,OBSTACLE_DETECTED,3.000,T1_REVERSE_TO_FORWARD
544.9751,-43.2255,-67.7471,0.300,DUMMY,1,DUMMY,,,OBSTACLE_DETECTED,3.000,T1_REVERSE_TO_FORWARD
545.0751,-43.1281,-67.7692,0.300,DUMMY,1,DUMMY,,,OBSTACLE_DETECTED,3.000,T1_REVERSE_TO_FORWARD
545.1752,-43.0304,-67.7912,0.300,DUMMY,1,DUMMY,,,OBSTACLE_DETECTED,3.000,T1_REVERSE_TO_FORWARD
545.2751,-42.9328,-67.8128,0.300,DUMMY,1,DUMMY,,,OBSTACLE_DETECTED,3.000,T1_REVERSE_TO_FORWARD
545.3751,-42.8351,-67.8341,0.300,DUMMY,1,DUMMY,,,OBSTACLE_DETECTED,3.000,T1_REVERSE_TO_FORWARD
545.4752,-42.7373,-67.8550,0.300,DUMMY,1,DUMMY,,,OBSTACLE_DETECTED,3.000,T1_REVERSE_TO_FORWARD
545.5752,-42.6394,-67.8753,0.300,DUMMY,1,DUMMY,,,OBSTACLE_DETECTED,3.000,T1_REVERSE_TO_FORWARD
545.6751,-42.5414,-67.8951,0.300,DUMMY,1,DUMMY,,,OBSTACLE_DETECTED,3.000,T1_REVERSE_TO_FORWARD
545.7751,-42.4433,-67.9143,0.300,DUMMY,1,DUMMY,,,OBSTACLE_DETECTED,3.000,T1_REVERSE_TO_FORWARD
545.8751,-42.3451,-67.9331,0.300,DUMMY,1,DUMMY,,,OBSTACLE_DETECTED,3.000,T1_REVERSE_TO_FORWARD
545.9751,-42.2468,-67.9511,0.300,DUMMY,1,DUMMY,,,OBSTACLE_DETECTED,3.000,T1_REVERSE_TO_FORWARD
546.0751,-42.1483,-67.9687,0.300,DUMMY,1,DUMMY,,,OBSTACLE_DETECTED,3.000,T1_REVERSE_TO_FORWARD
546.1750,-42.0499,-67.9856,0.300,DUMMY,1,DUMMY,,,OBSTACLE_DETECTED,3.000,T1_REVERSE_TO_FORWARD
546.2750,-41.9512,-68.0020,0.300,DUMMY,1,DUMMY,,,OBSTACLE_DETECTED,3.000,T1_REVERSE_TO_FORWARD
546.3750,-41.8524,-68.0176,0.300,DUMMY,1,DUMMY,,,OBSTACLE_DETECTED,3.000,T1_REVERSE_TO_FORWARD
546.4750,-41.7536,-68.0327,0.300,DUMMY,1,DUMMY,,,OBSTACLE_DETECTED,3.000,T1_REVERSE_TO_FORWARD
546.5750,-41.6546,-68.0472,0.300,DUMMY,1,DUMMY,,,OBSTACLE_DETECTED,3.000,T1_REVERSE_TO_FORWARD
546.6750,-41.5556,-68.0612,0.300,DUMMY,1,DUMMY,,,OBSTACLE_DETECTED,3.000,T1_REVERSE_TO_FORWARD
546.7749,-41.4566,-68.0748,0.300,DUMMY,1,DUMMY,,,OBSTACLE_DETECTED,3.000,T1_REVERSE_TO_FORWARD
546.8750,-41.3574,-68.0878,0.300,DUMMY,1,DUMMY,,,OBSTACLE_DETECTED,3.000,T1_REVERSE_TO_FORWARD
546.9749,-41.2583,-68.1007,0.300,DUMMY,1,DUMMY,,,OBSTACLE_DETECTED,3.000,T1_REVERSE_TO_FORWARD
547.0750,-41.1590,-68.1133,0.300,DUMMY,1,DUMMY,,,OBSTACLE_DETECTED,3.000,T1_REVERSE_TO_FORWARD
547.1749,-41.0599,-68.1259,0.300,DUMMY,1,DUMMY,,,OBSTACLE_DETECTED,3.000,T1_REVERSE_TO_FORWARD
547.2749,-40.9606,-68.1383,0.300,DUMMY,1,DUMMY,,,OBSTACLE_DETECTED,3.000,T1_REVERSE_TO_FORWARD
547.3749,-40.8614,-68.1508,0.300,DUMMY,1,DUMMY,,,OBSTACLE_DETECTED,3.000,T1_REVERSE_TO_FORWARD
547.4749,-40.7623,-68.1633,0.300,DUMMY,1,DUMMY,,,OBSTACLE_DETECTED,3.000,T1_REVERSE_TO_FORWARD
547.5749,-40.6631,-68.1759,0.300,DUMMY,1,DUMMY,,,OBSTACLE_DETECTED,3.000,T1_REVERSE_TO_FORWARD
547.6749,-40.5639,-68.1888,0.300,DUMMY,1,DUMMY,,,OBSTACLE_DETECTED,3.000,T1_REVERSE_TO_FORWARD
547.7748,-40.4648,-68.2018,0.300,DUMMY,1,DUMMY,,,OBSTACLE_DETECTED,3.000,T1_REVERSE_TO_FORWARD
547.8749,-40.3656,-68.2151,0.300,DUMMY,1,DUMMY,,,OBSTACLE_DETECTED,3.000,T1_REVERSE_TO_FORWARD
547.9748,-40.2666,-68.2285,0.300,DUMMY,1,DUMMY,,,OBSTACLE_DETECTED,3.000,T1_REVERSE_TO_FORWARD
548.0748,-40.1676,-68.2422,0.300,DUMMY,1,DUMMY,,,OBSTACLE_DETECTED,3.000,T1_REVERSE_TO_FORWARD
548.1748,-40.0685,-68.2562,0.300,DUMMY,1,DUMMY,,,OBSTACLE_DETECTED,3.000,T1_REVERSE_TO_FORWARD
548.2748,-39.9695,-68.2702,0.300,DUMMY,1,DUMMY,,,OBSTACLE_DETECTED,3.000,T1_REVERSE_TO_FORWARD
548.3748,-39.8706,-68.2846,0.300,DUMMY,1,DUMMY,,,OBSTACLE_DETECTED,3.000,T1_REVERSE_TO_FORWARD
548.4748,-39.7717,-68.2993,0.300,DUMMY,1,DUMMY,,,OBSTACLE_DETECTED,3.000,T1_REVERSE_TO_FORWARD
548.5748,-39.6728,-68.3140,0.300,DUMMY,1,DUMMY,,,OBSTACLE_DETECTED,3.000,T1_REVERSE_TO_FORWARD
548.6748,-39.5739,-68.3290,0.300,DUMMY,1,DUMMY,,,OBSTACLE_DETECTED,3.000,T1_REVERSE_TO_FORWARD
548.7747,-39.4752,-68.3444,0.300,DUMMY,1,DUMMY,,,OBSTACLE_DETECTED,3.000,T1_REVERSE_TO_FORWARD
548.8748,-39.3763,-68.3598,0.300,DUMMY,1,DUMMY,,,OBSTACLE_DETECTED,3.000,T1_REVERSE_TO_FORWARD
548.9747,-39.2776,-68.3754,0.300,DUMMY,1,DUMMY,,,OBSTACLE_DETECTED,3.000,T1_REVERSE_TO_FORWARD
549.0747,-39.1788,-68.3913,0.300,DUMMY,1,DUMMY,,,OBSTACLE_DETECTED,3.000,T1_REVERSE_TO_FORWARD
549.1747,-39.0801,-68.4071,0.300,DUMMY,1,DUMMY,,,OBSTACLE_DETECTED,3.000,T1_REVERSE_TO_FORWARD
549.2747,-38.9814,-68.4231,0.300,DUMMY,1,DUMMY,,,OBSTACLE_DETECTED,3.000,T1_REVERSE_TO_FORWARD
549.3747,-38.8826,-68.4389,0.300,DUMMY,1,DUMMY,,,OBSTACLE_DETECTED,3.000,T1_REVERSE_TO_FORWARD
549.4747,-38.7839,-68.4545,0.300,DUMMY,1,DUMMY,,,OBSTACLE_DETECTED,3.000,T1_REVERSE_TO_FORWARD
549.5747,-38.6851,-68.4701,0.300,DUMMY,1,DUMMY,,,OBSTACLE_DETECTED,3.000,T1_REVERSE_TO_FORWARD
549.6746,-38.5863,-68.4853,0.300,DUMMY,1,DUMMY,,,OBSTACLE_DETECTED,3.000,T1_REVERSE_TO_FORWARD
549.7746,-38.4875,-68.5002,0.300,DUMMY,1,DUMMY,,,OBSTACLE_DETECTED,3.000,T1_REVERSE_TO_FORWARD
549.8746,-38.3885,-68.5145,0.300,DUMMY,1,DUMMY,,,OBSTACLE_DETECTED,3.000,T1_REVERSE_TO_FORWARD
549.9746,-38.2895,-68.5285,0.300,DUMMY,1,DUMMY,,,OBSTACLE_DETECTED,3.000,T1_REVERSE_TO_FORWARD
550.0746,-38.1903,-68.5419,0.300,DUMMY,1,DUMMY,,,OBSTACLE_DETECTED,3.000,T1_REVERSE_TO_FORWARD
550.1746,-38.0912,-68.5547,0.300,DUMMY,1,DUMMY,,,OBSTACLE_DETECTED,3.000,T1_REVERSE_TO_FORWARD
550.2746,-37.9920,-68.5670,0.300,DUMMY,1,DUMMY,,,OBSTACLE_DETECTED,3.000,T1_REVERSE_TO_FORWARD
550.3746,-37.8927,-68.5788,0.300,DUMMY,1,DUMMY,,,OBSTACLE_DETECTED,3.000,T1_REVERSE_TO_FORWARD
550.4746,-37.7934,-68.5904,0.300,DUMMY,1,DUMMY,,,OBSTACLE_DETECTED,3.000,T1_REVERSE_TO_FORWARD
550.5746,-37.6940,-68.6017,0.300,DUMMY,1,DUMMY,,,OBSTACLE_DETECTED,3.000,T1_REVERSE_TO_FORWARD
550.6746,-37.5946,-68.6129,0.300,DUMMY,1,DUMMY,,,OBSTACLE_DETECTED,3.000,T1_REVERSE_TO_FORWARD
550.7745,-37.4954,-68.6242,0.300,DUMMY,1,DUMMY,,,OBSTACLE_DETECTED,3.000,T1_REVERSE_TO_FORWARD
550.8746,-37.3959,-68.6356,0.300,DUMMY,1,DUMMY,,,OBSTACLE_DETECTED,3.000,T1_REVERSE_TO_FORWARD
550.9745,-37.2967,-68.6472,0.300,DUMMY,1,DUMMY,,,OBSTACLE_DETECTED,3.000,T1_REVERSE_TO_FORWARD
551.0745,-37.1974,-68.6592,0.300,DUMMY,1,DUMMY,,,OBSTACLE_DETECTED,3.000,T1_REVERSE_TO_FORWARD
551.1745,-37.0982,-68.6717,0.300,DUMMY,1,DUMMY,,,OBSTACLE_DETECTED,3.000,T1_REVERSE_TO_FORWARD
551.2745,-36.9990,-68.6845,0.300,DUMMY,1,DUMMY,,,OBSTACLE_DETECTED,3.000,T1_REVERSE_TO_FORWARD
551.3745,-36.8999,-68.6977,0.300,DUMMY,1,DUMMY,,,OBSTACLE_DETECTED,3.000,T1_REVERSE_TO_FORWARD
551.4745,-36.8008,-68.7113,0.300,DUMMY,1,DUMMY,,,OBSTACLE_DETECTED,3.000,T1_REVERSE_TO_FORWARD
551.5745,-36.7018,-68.7251,0.300,DUMMY,1,DUMMY,,,OBSTACLE_DETECTED,3.000,T1_REVERSE_TO_FORWARD
551.6744,-36.6029,-68.7393,0.300,DUMMY,1,DUMMY,,,OBSTACLE_DETECTED,3.000,T1_REVERSE_TO_FORWARD
551.7745,-36.5039,-68.7536,0.300,DUMMY,1,DUMMY,,,OBSTACLE_DETECTED,3.000,T1_REVERSE_TO_FORWARD
551.8744,-36.4050,-68.7682,0.300,DUMMY,1,DUMMY,,,OBSTACLE_DETECTED,3.000,T1_REVERSE_TO_FORWARD
551.9744,-36.3061,-68.7829,0.300,DUMMY,1,DUMMY,,,OBSTACLE_DETECTED,3.000,T1_REVERSE_TO_FORWARD
552.0744,-36.2072,-68.7976,0.300,DUMMY,1,DUMMY,,,OBSTACLE_DETECTED,3.000,T1_REVERSE_TO_FORWARD
552.1744,-36.1083,-68.8125,0.300,DUMMY,1,DUMMY,,,OBSTACLE_DETECTED,3.000,T1_REVERSE_TO_FORWARD
552.2743,-36.0095,-68.8274,0.300,DUMMY,1,DUMMY,,,OBSTACLE_DETECTED,3.000,T1_REVERSE_TO_FORWARD
552.3743,-35.9106,-68.8424,0.300,DUMMY,1,DUMMY,,,OBSTACLE_DETECTED,3.000,T1_REVERSE_TO_FORWARD
552.4743,-35.8117,-68.8574,0.300,DUMMY,1,DUMMY,,,OBSTACLE_DETECTED,3.000,T1_REVERSE_TO_FORWARD
552.5743,-35.7129,-68.8725,0.300,DUMMY,1,DUMMY,,,OBSTACLE_DETECTED,3.000,T1_REVERSE_TO_FORWARD
552.6744,-35.6140,-68.8877,0.300,DUMMY,1,DUMMY,,,OBSTACLE_DETECTED,3.000,T1_REVERSE_TO_FORWARD
552.7743,-35.5153,-68.9030,0.300,DUMMY,1,DUMMY,,,OBSTACLE_DETECTED,3.000,T1_REVERSE_TO_FORWARD
552.8743,-35.4165,-68.9184,0.300,DUMMY,1,DUMMY,,,OBSTACLE_DETECTED,3.000,T1_REVERSE_TO_FORWARD
552.9743,-35.3177,-68.9340,0.300,DUMMY,1,DUMMY,,,OBSTACLE_DETECTED,3.000,T1_REVERSE_TO_FORWARD
553.0743,-35.2190,-68.9498,0.300,DUMMY,1,DUMMY,,,OBSTACLE_DETECTED,3.000,T1_REVERSE_TO_FORWARD
553.1742,-35.1203,-68.9657,0.300,DUMMY,1,DUMMY,,,OBSTACLE_DETECTED,3.000,T1_REVERSE_TO_FORWARD
553.2743,-35.0216,-68.9819,0.300,DUMMY,1,DUMMY,,,OBSTACLE_DETECTED,3.000,T1_REVERSE_TO_FORWARD
553.3742,-34.9229,-68.9982,0.300,DUMMY,1,DUMMY,,,OBSTACLE_DETECTED,3.000,T1_REVERSE_TO_FORWARD
553.4742,-34.8243,-69.0147,0.300,DUMMY,1,DUMMY,,,OBSTACLE_DETECTED,3.000,T1_REVERSE_TO_FORWARD
553.5742,-34.7257,-69.0312,0.300,DUMMY,1,DUMMY,,,OBSTACLE_DETECTED,3.000,T1_REVERSE_TO_FORWARD
553.6742,-34.6272,-69.0481,0.300,DUMMY,1,DUMMY,,,OBSTACLE_DETECTED,3.000,T1_REVERSE_TO_FORWARD
553.7742,-34.5286,-69.0650,0.300,DUMMY,1,DUMMY,,,OBSTACLE_DETECTED,3.000,T1_REVERSE_TO_FORWARD
553.8742,-34.4301,-69.0820,0.300,DUMMY,1,DUMMY,,,OBSTACLE_DETECTED,3.000,T1_REVERSE_TO_FORWARD
553.9742,-34.3315,-69.0992,0.300,DUMMY,1,DUMMY,,,OBSTACLE_DETECTED,3.000,T1_REVERSE_TO_FORWARD
554.0742,-34.2331,-69.1165,0.300,DUMMY,1,DUMMY,,,OBSTACLE_DETECTED,3.000,T1_REVERSE_TO_FORWARD
554.1742,-34.1346,-69.1341,0.300,DUMMY,1,DUMMY,,,OBSTACLE_DETECTED,3.000,T1_REVERSE_TO_FORWARD
554.2742,-34.0362,-69.1517,0.300,DUMMY,1,DUMMY,,,OBSTACLE_DETECTED,3.000,T1_REVERSE_TO_FORWARD
554.3742,-33.9378,-69.1696,0.300,DUMMY,1,DUMMY,,,OBSTACLE_DETECTED,3.000,T1_REVERSE_TO_FORWARD
554.4741,-33.8395,-69.1877,0.300,DUMMY,1,DUMMY,,,OBSTACLE_DETECTED,3.000,T1_REVERSE_TO_FORWARD
554.5741,-33.7411,-69.2059,0.300,DUMMY,1,DUMMY,,,OBSTACLE_DETECTED,3.000,T1_REVERSE_TO_FORWARD
554.6741,-33.6429,-69.2243,0.300,DUMMY,1,DUMMY,,,OBSTACLE_DETECTED,3.000,T1_REVERSE_TO_FORWARD
554.7741,-33.5446,-69.2429,0.300,DUMMY,1,DUMMY,,,OBSTACLE_DETECTED,3.000,T1_REVERSE_TO_FORWARD
554.8741,-33.4464,-69.2616,0.300,DUMMY,1,DUMMY,,,OBSTACLE_DETECTED,3.000,T1_REVERSE_TO_FORWARD
554.9741,-33.3482,-69.2805,0.300,DUMMY,1,DUMMY,,,OBSTACLE_DETECTED,3.000,T1_REVERSE_TO_FORWARD
555.0741,-33.2500,-69.2994,0.300,DUMMY,1,DUMMY,,,OBSTACLE_DETECTED,3.000,T1_REVERSE_TO_FORWARD
555.1740,-33.1519,-69.3184,0.300,DUMMY,1,DUMMY,,,OBSTACLE_DETECTED,3.000,T1_REVERSE_TO_FORWARD
555.2740,-33.0537,-69.3376,0.300,DUMMY,1,DUMMY,,,OBSTACLE_DETECTED,3.000,T1_REVERSE_TO_FORWARD
555.3740,-32.9556,-69.3567,0.300,DUMMY,1,DUMMY,,,OBSTACLE_DETECTED,3.000,T1_REVERSE_TO_FORWARD
555.4740,-32.8575,-69.3760,0.300,DUMMY,1,DUMMY,,,OBSTACLE_DETECTED,3.000,T1_REVERSE_TO_FORWARD
555.5740,-32.7594,-69.3951,0.300,DUMMY,1,DUMMY,,,OBSTACLE_DETECTED,3.000,T1_REVERSE_TO_FORWARD
555.6740,-32.6612,-69.4143,0.300,DUMMY,1,DUMMY,,,OBSTACLE_DETECTED,3.000,T1_REVERSE_TO_FORWARD
555.7740,-32.5631,-69.4333,0.300,DUMMY,1,DUMMY,,,OBSTACLE_DETECTED,3.000,T1_REVERSE_TO_FORWARD
555.8740,-32.4649,-69.4523,0.300,DUMMY,1,DUMMY,,,OBSTACLE_DETECTED,3.000,T1_REVERSE_TO_FORWARD
555.9739,-32.3667,-69.4710,0.300,DUMMY,1,DUMMY,,,OBSTACLE_DETECTED,3.000,T1_REVERSE_TO_FORWARD
556.0740,-32.2684,-69.4895,0.300,DUMMY,1,DUMMY,,,OBSTACLE_DETECTED,3.000,T1_REVERSE_TO_FORWARD
556.1740,-32.1700,-69.5077,0.300,DUMMY,1,DUMMY,,,OBSTACLE_DETECTED,3.000,T1_REVERSE_TO_FORWARD
556.2739,-32.0717,-69.5255,0.300,DUMMY,1,DUMMY,,,OBSTACLE_DETECTED,3.000,T1_REVERSE_TO_FORWARD
556.3739,-31.9732,-69.5428,0.300,DUMMY,1,DUMMY,,,OBSTACLE_DETECTED,3.000,T1_REVERSE_TO_FORWARD
556.4739,-31.8746,-69.5596,0.300,DUMMY,1,DUMMY,,,OBSTACLE_DETECTED,3.000,T1_REVERSE_TO_FORWARD
556.5739,-31.7759,-69.5757,0.300,DUMMY,1,DUMMY,,,OBSTACLE_DETECTED,3.000,T1_REVERSE_TO_FORWARD
556.6739,-31.6772,-69.5912,0.300,DUMMY,1,DUMMY,,,OBSTACLE_DETECTED,3.000,T1_REVERSE_TO_FORWARD
556.7739,-31.5782,-69.6059,0.300,DUMMY,1,DUMMY,,,OBSTACLE_DETECTED,3.000,T1_REVERSE_TO_FORWARD
556.8739,-31.4793,-69.6199,0.300,DUMMY,1,DUMMY,,,OBSTACLE_DETECTED,3.000,T1_REVERSE_TO_FORWARD
556.9739,-31.3801,-69.6333,0.300,DUMMY,1,DUMMY,,,OBSTACLE_DETECTED,3.000,T1_REVERSE_TO_FORWARD
557.0738,-31.2810,-69.6461,0.300,DUMMY,1,DUMMY,,,OBSTACLE_DETECTED,3.000,T1_REVERSE_TO_FORWARD
557.1738,-31.1818,-69.6585,0.300,DUMMY,1,DUMMY,,,OBSTACLE_DETECTED,3.000,T1_REVERSE_TO_FORWARD
557.2739,-31.0825,-69.6705,0.300,DUMMY,1,DUMMY,,,OBSTACLE_DETECTED,3.000,T1_REVERSE_TO_FORWARD
557.3738,-30.9833,-69.6823,0.300,DUMMY,1,DUMMY,,,OBSTACLE_DETECTED,3.000,T1_REVERSE_TO_FORWARD
557.4738,-30.8840,-69.6942,0.300,DUMMY,1,DUMMY,,,OBSTACLE_DETECTED,3.000,T1_REVERSE_TO_FORWARD
557.5738,-30.7847,-69.7060,0.300,DUMMY,1,DUMMY,,,OBSTACLE_DETECTED,3.000,T1_REVERSE_TO_FORWARD
557.6738,-30.6854,-69.7180,0.300,DUMMY,1,DUMMY,,,OBSTACLE_DETECTED,3.000,T1_REVERSE_TO_FORWARD
557.7737,-30.5862,-69.7304,0.300,DUMMY,1,DUMMY,,,OBSTACLE_DETECTED,3.000,T1_REVERSE_TO_FORWARD
557.8738,-30.4870,-69.7432,0.300,DUMMY,1,DUMMY,,,OBSTACLE_DETECTED,3.000,T1_REVERSE_TO_FORWARD
557.9738,-30.3879,-69.7565,0.300,DUMMY,1,DUMMY,,,OBSTACLE_DETECTED,3.000,T1_REVERSE_TO_FORWARD
558.0737,-30.2889,-69.7703,0.300,DUMMY,1,DUMMY,,,OBSTACLE_DETECTED,3.000,T1_REVERSE_TO_FORWARD
558.1737,-30.1900,-69.7846,0.300,DUMMY,1,DUMMY,,,OBSTACLE_DETECTED,3.000,T1_REVERSE_TO_FORWARD
558.2737,-30.0910,-69.7994,0.300,DUMMY,1,DUMMY,,,OBSTACLE_DETECTED,3.000,T1_REVERSE_TO_FORWARD
558.3737,-29.9923,-69.8148,0.300,DUMMY,1,DUMMY,,,OBSTACLE_DETECTED,3.000,T1_REVERSE_TO_FORWARD
558.4737,-29.8935,-69.8306,0.300,DUMMY,1,DUMMY,,,OBSTACLE_DETECTED,3.000,T1_REVERSE_TO_FORWARD
558.5737,-29.7948,-69.8470,0.300,DUMMY,1,DUMMY,,,OBSTACLE_DETECTED,3.000,T1_REVERSE_TO_FORWARD
558.6737,-29.6963,-69.8639,0.300,DUMMY,1,DUMMY,,,OBSTACLE_DETECTED,3.000,T1_REVERSE_TO_FORWARD
558.7737,-29.5978,-69.8812,0.300,DUMMY,1,DUMMY,,,OBSTACLE_DETECTED,3.000,T1_REVERSE_TO_FORWARD
558.8737,-29.4994,-69.8990,0.300,DUMMY,1,DUMMY,,,OBSTACLE_DETECTED,3.000,T1_REVERSE_TO_FORWARD
558.9736,-29.4012,-69.9173,0.300,DUMMY,1,DUMMY,,,OBSTACLE_DETECTED,3.000,T1_REVERSE_TO_FORWARD
559.0737,-29.3029,-69.9360,0.300,DUMMY,1,DUMMY,,,OBSTACLE_DETECTED,3.000,T1_REVERSE_TO_FORWARD
559.1737,-29.2047,-69.9551,0.300,DUMMY,1,DUMMY,,,OBSTACLE_DETECTED,3.000,T1_REVERSE_TO_FORWARD
559.2736,-29.1067,-69.9746,0.300,DUMMY,1,DUMMY,,,OBSTACLE_DETECTED,3.000,T1_REVERSE_TO_FORWARD
559.3736,-29.0086,-69.9943,0.300,DUMMY,1,DUMMY,,,OBSTACLE_DETECTED,3.000,T1_REVERSE_TO_FORWARD
559.4736,-28.9107,-70.0143,0.300,DUMMY,1,DUMMY,,,OBSTACLE_DETECTED,3.000,T1_REVERSE_TO_FORWARD
559.5735,-28.8128,-70.0346,0.300,DUMMY,1,DUMMY,,,OBSTACLE_DETECTED,3.000,T1_REVERSE_TO_FORWARD
559.6735,-28.7149,-70.0549,0.300,DUMMY,1,DUMMY,,,OBSTACLE_DETECTED,3.000,T1_REVERSE_TO_FORWARD
559.7736,-28.6170,-70.0753,0.300,DUMMY,1,DUMMY,,,OBSTACLE_DETECTED,3.000,T1_REVERSE_TO_FORWARD
559.8735,-28.5192,-70.0958,0.300,DUMMY,1,DUMMY,,,OBSTACLE_DETECTED,3.000,T1_REVERSE_TO_FORWARD
559.9735,-28.4212,-70.1162,0.300,DUMMY,1,DUMMY,,,OBSTACLE_DETECTED,3.000,T1_REVERSE_TO_FORWARD
560.0735,-28.3234,-70.1366,0.300,DUMMY,1,DUMMY,,,OBSTACLE_DETECTED,3.000,T1_REVERSE_TO_FORWARD
560.1735,-28.2255,-70.1571,0.300,DUMMY,1,DUMMY,,,OBSTACLE_DETECTED,3.000,T1_REVERSE_TO_FORWARD
560.2735,-28.1276,-70.1774,0.300,DUMMY,1,DUMMY,,,OBSTACLE_DETECTED,3.000,T1_REVERSE_TO_FORWARD
560.3735,-28.0297,-70.1976,0.300,DUMMY,1,DUMMY,,,OBSTACLE_DETECTED,3.000,T1_REVERSE_TO_FORWARD
560.4735,-27.9318,-70.2177,0.300,DUMMY,1,DUMMY,,,OBSTACLE_DETECTED,3.000,T1_REVERSE_TO_FORWARD
560.5735,-27.8337,-70.2377,0.300,DUMMY,1,DUMMY,,,OBSTACLE_DETECTED,3.000,T1_REVERSE_TO_FORWARD
560.6735,-27.7357,-70.2575,0.300,DUMMY,1,DUMMY,,,OBSTACLE_DETECTED,3.000,T1_REVERSE_TO_FORWARD
560.7735,-27.6377,-70.2771,0.300,DUMMY,1,DUMMY,,,OBSTACLE_DETECTED,3.000,T1_REVERSE_TO_FORWARD
560.8734,-27.5396,-70.2964,0.300,DUMMY,1,DUMMY,,,OBSTACLE_DETECTED,3.000,T1_REVERSE_TO_FORWARD
560.9734,-27.4415,-70.3154,0.300,DUMMY,1,DUMMY,,,OBSTACLE_DETECTED,3.000,T1_REVERSE_TO_FORWARD
561.0734,-27.3432,-70.3341,0.300,DUMMY,1,DUMMY,,,OBSTACLE_DETECTED,3.000,T1_REVERSE_TO_FORWARD
561.1734,-27.2449,-70.3524,0.300,DUMMY,1,DUMMY,,,OBSTACLE_DETECTED,3.000,T1_REVERSE_TO_FORWARD
561.2734,-27.1465,-70.3703,0.300,DUMMY,1,DUMMY,,,OBSTACLE_DETECTED,3.000,T1_REVERSE_TO_FORWARD
561.3734,-27.0481,-70.3877,0.300,DUMMY,1,DUMMY,,,OBSTACLE_DETECTED,3.000,T1_REVERSE_TO_FORWARD
561.4734,-26.9496,-70.4048,0.300,DUMMY,1,DUMMY,,,OBSTACLE_DETECTED,3.000,T1_REVERSE_TO_FORWARD
561.5733,-26.8509,-70.4214,0.300,DUMMY,1,DUMMY,,,OBSTACLE_DETECTED,3.000,T1_REVERSE_TO_FORWARD
561.6733,-26.7523,-70.4375,0.300,DUMMY,1,DUMMY,,,OBSTACLE_DETECTED,3.000,T1_REVERSE_TO_FORWARD
561.7733,-26.6535,-70.4535,0.300,DUMMY,1,DUMMY,,,OBSTACLE_DETECTED,3.000,T1_REVERSE_TO_FORWARD
561.8733,-26.5548,-70.4692,0.300,DUMMY,1,DUMMY,,,OBSTACLE_DETECTED,3.000,T1_REVERSE_TO_FORWARD
561.9733,-26.4560,-70.4847,0.300,DUMMY,1,DUMMY,,,OBSTACLE_DETECTED,3.000,T1_REVERSE_TO_FORWARD
562.0734,-26.3572,-70.5004,0.300,DUMMY,1,DUMMY,,,OBSTACLE_DETECTED,3.000,T1_REVERSE_TO_FORWARD
562.1733,-26.2585,-70.5160,0.300,DUMMY,1,DUMMY,,,OBSTACLE_DETECTED,3.000,T1_REVERSE_TO_FORWARD
562.2733,-26.1598,-70.5317,0.300,DUMMY,1,DUMMY,,,OBSTACLE_DETECTED,3.000,T1_REVERSE_TO_FORWARD
562.3733,-26.0610,-70.5479,0.300,DUMMY,1,DUMMY,,,OBSTACLE_DETECTED,3.000,T1_REVERSE_TO_FORWARD
562.4732,-25.9625,-70.5643,0.300,DUMMY,1,DUMMY,,,OBSTACLE_DETECTED,3.000,T1_REVERSE_TO_FORWARD
562.5733,-25.8638,-70.5810,0.300,DUMMY,1,DUMMY,,,OBSTACLE_DETECTED,3.000,T1_REVERSE_TO_FORWARD
562.6732,-25.7654,-70.5982,0.300,DUMMY,1,DUMMY,,,OBSTACLE_DETECTED,3.000,T1_REVERSE_TO_FORWARD
562.7732,-25.6670,-70.6159,0.300,DUMMY,1,DUMMY,,,OBSTACLE_DETECTED,3.000,T1_REVERSE_TO_FORWARD
562.8733,-25.5686,-70.6338,0.300,DUMMY,1,DUMMY,,,OBSTACLE_DETECTED,3.000,T1_REVERSE_TO_FORWARD
562.9732,-25.4703,-70.6521,0.300,DUMMY,1,DUMMY,,,OBSTACLE_DETECTED,3.000,T1_REVERSE_TO_FORWARD
563.0732,-25.3721,-70.6706,0.300,DUMMY,1,DUMMY,,,OBSTACLE_DETECTED,3.000,T1_REVERSE_TO_FORWARD
563.1732,-25.2739,-70.6895,0.300,DUMMY,1,DUMMY,,,OBSTACLE_DETECTED,3.000,T1_REVERSE_TO_FORWARD
563.2731,-25.1757,-70.7083,0.300,DUMMY,1,DUMMY,,,OBSTACLE_DETECTED,3.000,T1_REVERSE_TO_FORWARD
563.3732,-25.0775,-70.7273,0.300,DUMMY,1,DUMMY,,,OBSTACLE_DETECTED,3.000,T1_REVERSE_TO_FORWARD
563.4732,-24.9793,-70.7462,0.300,DUMMY,1,DUMMY,,,OBSTACLE_DETECTED,3.000,T1_REVERSE_TO_FORWARD
563.5731,-24.8811,-70.7650,0.300,DUMMY,1,DUMMY,,,OBSTACLE_DETECTED,3.000,T1_REVERSE_TO_FORWARD
563.6732,-24.7828,-70.7837,0.300,DUMMY,1,DUMMY,,,OBSTACLE_DETECTED,3.000,T1_REVERSE_TO_FORWARD
563.7731,-24.6846,-70.8022,0.300,DUMMY,1,DUMMY,,,OBSTACLE_DETECTED,3.000,T1_REVERSE_TO_FORWARD
563.8731,-24.5862,-70.8204,0.300,DUMMY,1,DUMMY,,,OBSTACLE_DETECTED,3.000,T1_REVERSE_TO_FORWARD
563.9731,-24.4879,-70.8384,0.300,DUMMY,1,DUMMY,,,OBSTACLE_DETECTED,3.000,T1_REVERSE_TO_FORWARD
564.0731,-24.3895,-70.8561,0.300,DUMMY,1,DUMMY,,,OBSTACLE_DETECTED,3.000,T1_REVERSE_TO_FORWARD
564.1731,-24.2910,-70.8735,0.300,DUMMY,1,DUMMY,,,OBSTACLE_DETECTED,3.000,T1_REVERSE_TO_FORWARD
564.2731,-24.1925,-70.8906,0.300,DUMMY,1,DUMMY,,,OBSTACLE_DETECTED,3.000,T1_REVERSE_TO_FORWARD
564.3730,-24.0940,-70.9075,0.300,DUMMY,1,DUMMY,,,OBSTACLE_DETECTED,3.000,T1_REVERSE_TO_FORWARD
564.4731,-23.9954,-70.9242,0.300,DUMMY,1,DUMMY,,,OBSTACLE_DETECTED,3.000,T1_REVERSE_TO_FORWARD
564.5730,-23.8968,-70.9407,0.300,DUMMY,1,DUMMY,,,OBSTACLE_DETECTED,3.000,T1_REVERSE_TO_FORWARD
564.6730,-23.7981,-70.9570,0.300,DUMMY,1,DUMMY,,,OBSTACLE_DETECTED,3.000,T1_REVERSE_TO_FORWARD
564.7730,-23.6994,-70.9731,0.300,DUMMY,1,DUMMY,,,OBSTACLE_DETECTED,3.000,T1_REVERSE_TO_FORWARD
564.8730,-23.6007,-70.9892,0.300,DUMMY,1,DUMMY,,,OBSTACLE_DETECTED,3.000,T1_REVERSE_TO_FORWARD
564.9730,-23.5021,-71.0051,0.300,DUMMY,1,DUMMY,,,OBSTACLE_DETECTED,3.000,T1_REVERSE_TO_FORWARD
565.0730,-23.4033,-71.0210,0.300,DUMMY,1,DUMMY,,,OBSTACLE_DETECTED,3.000,T1_REVERSE_TO_FORWARD
565.1729,-23.3046,-71.0369,0.300,DUMMY,1,DUMMY,,,OBSTACLE_DETECTED,3.000,T1_REVERSE_TO_FORWARD
565.2730,-23.2059,-71.0528,0.300,DUMMY,1,DUMMY,,,OBSTACLE_DETECTED,3.000,T1_REVERSE_TO_FORWARD
565.3729,-23.1072,-71.0689,0.300,DUMMY,1,DUMMY,,,OBSTACLE_DETECTED,3.000,T1_REVERSE_TO_FORWARD
565.4730,-23.0085,-71.0851,0.300,DUMMY,1,DUMMY,,,OBSTACLE_DETECTED,3.000,T1_REVERSE_TO_FORWARD
565.5729,-22.9099,-71.1016,0.300,DUMMY,1,DUMMY,,,OBSTACLE_DETECTED,3.000,T1_REVERSE_TO_FORWARD
565.6729,-22.8113,-71.1185,0.300,DUMMY,1,DUMMY,,,OBSTACLE_DETECTED,3.000,T1_REVERSE_TO_FORWARD
565.7729,-22.7129,-71.1358,0.300,DUMMY,1,DUMMY,,,OBSTACLE_DETECTED,3.000,T1_REVERSE_TO_FORWARD
565.8728,-22.6145,-71.1535,0.300,DUMMY,1,DUMMY,,,OBSTACLE_DETECTED,3.000,T1_REVERSE_TO_FORWARD
565.9729,-22.5162,-71.1718,0.300,DUMMY,1,DUMMY,,,OBSTACLE_DETECTED,3.000,T1_REVERSE_TO_FORWARD
566.0729,-22.4180,-71.1906,0.300,DUMMY,1,DUMMY,,,OBSTACLE_DETECTED,3.000,T1_REVERSE_TO_FORWARD
566.1728,-22.3199,-71.2101,0.300,DUMMY,1,DUMMY,,,OBSTACLE_DETECTED,3.000,T1_REVERSE_TO_FORWARD
566.2728,-22.2220,-71.2302,0.300,DUMMY,1,DUMMY,,,OBSTACLE_DETECTED,3.000,T1_REVERSE_TO_FORWARD
566.3728,-22.1241,-71.2508,0.300,DUMMY,1,DUMMY,,,OBSTACLE_DETECTED,3.000,T1_REVERSE_TO_FORWARD
566.4729,-22.0263,-71.2717,0.300,DUMMY,1,DUMMY,,,OBSTACLE_DETECTED,3.000,T1_REVERSE_TO_FORWARD
566.5729,-21.9286,-71.2930,0.300,DUMMY,1,DUMMY,,,OBSTACLE_DETECTED,3.000,T1_REVERSE_TO_FORWARD
566.6728,-21.8310,-71.3146,0.300,DUMMY,1,DUMMY,,,OBSTACLE_DETECTED,3.000,T1_REVERSE_TO_FORWARD
566.7728,-21.7333,-71.3363,0.300,DUMMY,1,DUMMY,,,OBSTACLE_DETECTED,3.000,T1_REVERSE_TO_FORWARD
566.8728,-21.6358,-71.3579,0.300,DUMMY,1,DUMMY,,,OBSTACLE_DETECTED,3.000,T1_REVERSE_TO_FORWARD
566.9727,-21.5382,-71.3795,0.300,DUMMY,1,DUMMY,,,OBSTACLE_DETECTED,3.000,T1_REVERSE_TO_FORWARD
567.0727,-21.4405,-71.4010,0.300,DUMMY,1,DUMMY,,,OBSTACLE_DETECTED,3.000,T1_REVERSE_TO_FORWARD
567.1728,-21.3427,-71.4222,0.300,DUMMY,1,DUMMY,,,OBSTACLE_DETECTED,3.000,T1_REVERSE_TO_FORWARD
567.2727,-21.2450,-71.4431,0.300,DUMMY,1,DUMMY,,,OBSTACLE_DETECTED,3.000,T1_REVERSE_TO_FORWARD
567.3727,-21.1472,-71.4637,0.300,DUMMY,1,DUMMY,,,OBSTACLE_DETECTED,3.000,T1_REVERSE_TO_FORWARD
567.4727,-21.0492,-71.4839,0.300,DUMMY,1,DUMMY,,,OBSTACLE_DETECTED,3.000,T1_REVERSE_TO_FORWARD
567.5727,-20.9512,-71.5037,0.300,DUMMY,1,DUMMY,,,OBSTACLE_DETECTED,3.000,T1_REVERSE_TO_FORWARD
567.6726,-20.8532,-71.5231,0.300,DUMMY,1,DUMMY,,,OBSTACLE_DETECTED,3.000,T1_REVERSE_TO_FORWARD
567.7727,-20.7550,-71.5424,0.300,DUMMY,1,DUMMY,,,OBSTACLE_DETECTED,3.000,T1_REVERSE_TO_FORWARD
567.8727,-20.6569,-71.5615,0.300,DUMMY,1,DUMMY,,,OBSTACLE_DETECTED,3.000,T1_REVERSE_TO_FORWARD
567.9727,-20.5586,-71.5805,0.300,DUMMY,1,DUMMY,,,OBSTACLE_DETECTED,3.000,T1_REVERSE_TO_FORWARD
568.0727,-20.4605,-71.5993,0.300,DUMMY,1,DUMMY,,,OBSTACLE_DETECTED,3.000,T1_REVERSE_TO_FORWARD
568.1727,-20.3623,-71.6181,0.300,DUMMY,1,DUMMY,,,OBSTACLE_DETECTED,3.000,T1_REVERSE_TO_FORWARD
568.2726,-20.2641,-71.6370,0.300,DUMMY,1,DUMMY,,,OBSTACLE_DETECTED,3.000,T1_REVERSE_TO_FORWARD
568.3727,-20.1659,-71.6559,0.300,DUMMY,1,DUMMY,,,OBSTACLE_DETECTED,3.000,T1_REVERSE_TO_FORWARD
568.4726,-20.0678,-71.6749,0.300,DUMMY,1,DUMMY,,,OBSTACLE_DETECTED,3.000,T1_REVERSE_TO_FORWARD
568.5726,-19.9696,-71.6940,0.300,DUMMY,1,DUMMY,,,OBSTACLE_DETECTED,3.000,T1_REVERSE_TO_FORWARD
568.6726,-19.8714,-71.7132,0.300,DUMMY,1,DUMMY,,,OBSTACLE_DETECTED,3.000,T1_REVERSE_TO_FORWARD
568.7726,-19.7734,-71.7325,0.300,DUMMY,1,DUMMY,,,OBSTACLE_DETECTED,3.000,T1_REVERSE_TO_FORWARD
568.8725,-19.6753,-71.7518,0.300,DUMMY,1,DUMMY,,,OBSTACLE_DETECTED,3.000,T1_REVERSE_TO_FORWARD
568.9726,-19.5771,-71.7711,0.300,DUMMY,1,DUMMY,,,OBSTACLE_DETECTED,3.000,T1_REVERSE_TO_FORWARD
569.0725,-19.4790,-71.7903,0.300,DUMMY,1,DUMMY,,,OBSTACLE_DETECTED,3.000,T1_REVERSE_TO_FORWARD
569.1725,-19.3809,-71.8093,0.300,DUMMY,1,DUMMY,,,OBSTACLE_DETECTED,3.000,T1_REVERSE_TO_FORWARD
569.2725,-19.2827,-71.8282,0.300,DUMMY,1,DUMMY,,,OBSTACLE_DETECTED,3.000,T1_REVERSE_TO_FORWARD
569.3726,-19.1844,-71.8468,0.300,DUMMY,1,DUMMY,,,OBSTACLE_DETECTED,3.000,T1_REVERSE_TO_FORWARD
569.4725,-19.0860,-71.8648,0.300,DUMMY,1,DUMMY,,,OBSTACLE_DETECTED,3.000,T1_REVERSE_TO_FORWARD
569.5725,-18.9877,-71.8826,0.300,DUMMY,1,DUMMY,,,OBSTACLE_DETECTED,3.000,T1_REVERSE_TO_FORWARD
569.6725,-18.8891,-71.8997,0.300,DUMMY,1,DUMMY,,,OBSTACLE_DETECTED,3.000,T1_REVERSE_TO_FORWARD
569.7725,-18.7905,-71.9163,0.300,DUMMY,1,DUMMY,,,OBSTACLE_DETECTED,3.000,T1_REVERSE_TO_FORWARD
569.8725,-18.6918,-71.9324,0.300,DUMMY,1,DUMMY,,,OBSTACLE_DETECTED,3.000,T1_REVERSE_TO_FORWARD
569.9724,-18.5931,-71.9478,0.300,DUMMY,1,DUMMY,,,OBSTACLE_DETECTED,3.000,T1_REVERSE_TO_FORWARD
570.0725,-18.4942,-71.9628,0.300,DUMMY,1,DUMMY,,,OBSTACLE_DETECTED,3.000,T1_REVERSE_TO_FORWARD
570.1724,-18.3953,-71.9774,0.300,DUMMY,1,DUMMY,,,OBSTACLE_DETECTED,3.000,T1_REVERSE_TO_FORWARD
570.2724,-18.2964,-71.9918,0.300,DUMMY,1,DUMMY,,,OBSTACLE_DETECTED,3.000,T1_REVERSE_TO_FORWARD
570.3724,-18.1974,-72.0060,0.300,DUMMY,1,DUMMY,,,OBSTACLE_DETECTED,3.000,T1_REVERSE_TO_FORWARD
570.4724,-18.0984,-72.0201,0.300,DUMMY,1,DUMMY,,,OBSTACLE_DETECTED,3.000,T1_REVERSE_TO_FORWARD
570.5724,-17.9994,-72.0344,0.300,DUMMY,1,DUMMY,,,OBSTACLE_DETECTED,3.000,T1_REVERSE_TO_FORWARD
570.6724,-17.9005,-72.0490,0.300,DUMMY,1,DUMMY,,,OBSTACLE_DETECTED,3.000,T1_REVERSE_TO_FORWARD
570.7723,-17.8016,-72.0638,0.300,DUMMY,1,DUMMY,,,OBSTACLE_DETECTED,3.000,T1_REVERSE_TO_FORWARD
570.8724,-17.7028,-72.0791,0.300,DUMMY,1,DUMMY,,,OBSTACLE_DETECTED,3.000,T1_REVERSE_TO_FORWARD
570.9723,-17.6041,-72.0947,0.300,DUMMY,1,DUMMY,,,OBSTACLE_DETECTED,3.000,T1_REVERSE_TO_FORWARD
571.0723,-17.5054,-72.1108,0.300,DUMMY,1,DUMMY,,,OBSTACLE_DETECTED,3.000,T1_REVERSE_TO_FORWARD
571.1724,-17.4067,-72.1272,0.300,DUMMY,1,DUMMY,,,OBSTACLE_DETECTED,3.000,T1_REVERSE_TO_FORWARD
571.2723,-17.3081,-72.1441,0.300,DUMMY,1,DUMMY,,,OBSTACLE_DETECTED,3.000,T1_REVERSE_TO_FORWARD
571.3723,-17.2096,-72.1611,0.300,DUMMY,1,DUMMY,,,OBSTACLE_DETECTED,3.000,T1_REVERSE_TO_FORWARD
571.4722,-17.1112,-72.1783,0.300,DUMMY,1,DUMMY,,,OBSTACLE_DETECTED,3.000,T1_REVERSE_TO_FORWARD
571.5723,-17.0126,-72.1955,0.300,DUMMY,1,DUMMY,,,OBSTACLE_DETECTED,3.000,T1_REVERSE_TO_FORWARD
571.6722,-16.9142,-72.2128,0.300,DUMMY,1,DUMMY,,,OBSTACLE_DETECTED,3.000,T1_REVERSE_TO_FORWARD
571.7722,-16.8156,-72.2297,0.300,DUMMY,1,DUMMY,,,OBSTACLE_DETECTED,3.000,T1_REVERSE_TO_FORWARD
571.8722,-16.7170,-72.2463,0.300,DUMMY,1,DUMMY,,,OBSTACLE_DETECTED,3.000,T1_REVERSE_TO_FORWARD
571.9722,-16.6183,-72.2622,0.300,DUMMY,1,DUMMY,,,OBSTACLE_DETECTED,3.000,T1_REVERSE_TO_FORWARD
572.0592,-16.5323,-72.2754,0.300,DUMMY,1,DUMMY,DUMMY_OBSTACLE_ZONE_END,,OBSTACLE_DETECTED,3.000,T1_REVERSE_TO_FORWARD
572.0722,-16.5194,-72.2773,0.300,DUMMY,1,DUMMY,,,OBSTACLE_DETECTED,3.000,T1_REVERSE_TO_FORWARD
572.1722,-16.4204,-72.2914,0.300,DUMMY,1,DUMMY,,,OBSTACLE_DETECTED,3.000,T1_REVERSE_TO_FORWARD
572.2722,-16.3213,-72.3047,0.300,DUMMY,1,DUMMY,,,OBSTACLE_DETECTED,3.000,T1_REVERSE_TO_FORWARD
572.3587,-16.2356,-72.3162,0.300,NORMAL,1,ROUTE,,,,0.000,T1_REVERSE_TO_FORWARD
572.3721,-16.2223,-72.3180,0.300,NORMAL,1,ROUTE,,,,0.000,T1_REVERSE_TO_FORWARD
572.4722,-16.1232,-72.3315,0.300,NORMAL,1,ROUTE,,,,0.000,T1_REVERSE_TO_FORWARD
572.5721,-16.0241,-72.3449,0.300,NORMAL,1,ROUTE,,,,0.000,T1_REVERSE_TO_FORWARD
572.6721,-15.9250,-72.3581,0.300,NORMAL,1,ROUTE,,,,0.000,T1_REVERSE_TO_FORWARD
572.7721,-15.8259,-72.3712,0.300,NORMAL,1,ROUTE,,,,0.000,T1_REVERSE_TO_FORWARD
572.8722,-15.7267,-72.3840,0.300,NORMAL,1,ROUTE,,,,0.000,T1_REVERSE_TO_FORWARD
572.9721,-15.6274,-72.3963,0.300,NORMAL,1,ROUTE,,,,0.000,T1_REVERSE_TO_FORWARD
573.0721,-15.5282,-72.4083,0.300,NORMAL,1,ROUTE,,,,0.000,T1_REVERSE_TO_FORWARD
573.1721,-15.4288,-72.4197,0.300,NORMAL,1,ROUTE,,,,0.000,T1_REVERSE_TO_FORWARD
573.2721,-15.3294,-72.4305,0.300,NORMAL,1,ROUTE,,,,0.000,T1_REVERSE_TO_FORWARD
573.3721,-15.2299,-72.4408,0.300,NORMAL,1,ROUTE,,,,0.000,T1_REVERSE_TO_FORWARD
573.4720,-15.1305,-72.4504,0.300,NORMAL,1,ROUTE,,,,0.000,T1_REVERSE_TO_FORWARD
573.5721,-15.0309,-72.4596,0.300,NORMAL,1,ROUTE,,,,0.000,T1_REVERSE_TO_FORWARD
573.6720,-14.9313,-72.4683,0.300,NORMAL,1,ROUTE,,,,0.000,T1_REVERSE_TO_FORWARD
573.7720,-14.8317,-72.4767,0.300,NORMAL,1,ROUTE,,,,0.000,T1_REVERSE_TO_FORWARD
573.8720,-14.7320,-72.4847,0.300,NORMAL,1,ROUTE,,,,0.000,T1_REVERSE_TO_FORWARD
573.9720,-14.6323,-72.4924,0.300,NORMAL,1,ROUTE,,,,0.000,T1_REVERSE_TO_FORWARD
574.0720,-14.5326,-72.4999,0.300,NORMAL,1,ROUTE,,,,0.000,T1_REVERSE_TO_FORWARD
574.1720,-14.4329,-72.5073,0.300,NORMAL,1,ROUTE,,,,0.000,T1_REVERSE_TO_FORWARD
574.2720,-14.3331,-72.5145,0.300,NORMAL,1,ROUTE,,,,0.000,T1_REVERSE_TO_FORWARD
574.3720,-14.2334,-72.5216,0.300,NORMAL,1,ROUTE,,,,0.000,T1_REVERSE_TO_FORWARD
574.4719,-14.1337,-72.5286,0.300,NORMAL,1,ROUTE,,,,0.000,T1_REVERSE_TO_FORWARD
574.5719,-14.0339,-72.5356,0.300,NORMAL,1,ROUTE,,,,0.000,T1_REVERSE_TO_FORWARD
574.6719,-13.9342,-72.5425,0.300,NORMAL,1,ROUTE,,,,0.000,T1_REVERSE_TO_FORWARD
574.7719,-13.8345,-72.5493,0.300,NORMAL,1,ROUTE,,,,0.000,T1_REVERSE_TO_FORWARD
574.8719,-13.7347,-72.5560,0.300,NORMAL,1,ROUTE,,,,0.000,T1_REVERSE_TO_FORWARD
574.9719,-13.6349,-72.5626,0.300,NORMAL,1,ROUTE,,,,0.000,T1_REVERSE_TO_FORWARD
575.0719,-13.5351,-72.5691,0.300,NORMAL,1,ROUTE,,,,0.000,T1_REVERSE_TO_FORWARD
575.1719,-13.4353,-72.5753,0.300,NORMAL,1,ROUTE,,,,0.000,T1_REVERSE_TO_FORWARD
575.2719,-13.3355,-72.5812,0.300,NORMAL,1,ROUTE,,,,0.000,T1_REVERSE_TO_FORWARD
575.3719,-13.2356,-72.5867,0.300,NORMAL,1,ROUTE,,,,0.000,T1_REVERSE_TO_FORWARD
575.4718,-13.1358,-72.5918,0.300,NORMAL,1,ROUTE,,,,0.000,T1_REVERSE_TO_FORWARD
575.5719,-13.0359,-72.5962,0.300,NORMAL,1,ROUTE,,,,0.000,T1_REVERSE_TO_FORWARD
575.6719,-12.9359,-72.5998,0.300,NORMAL,1,ROUTE,,,,0.000,T1_REVERSE_TO_FORWARD
575.7718,-12.8360,-72.6024,0.300,NORMAL,1,ROUTE,,,,0.000,T1_REVERSE_TO_FORWARD
575.8718,-12.7361,-72.6042,0.300,NORMAL,1,ROUTE,,,,0.000,T1_REVERSE_TO_FORWARD
575.9718,-12.6361,-72.6047,0.300,NORMAL,1,ROUTE,,,,0.000,T1_REVERSE_TO_FORWARD
576.0718,-12.5361,-72.6040,0.300,NORMAL,1,ROUTE,,,,0.000,T1_REVERSE_TO_FORWARD
576.1717,-12.4361,-72.6021,0.300,NORMAL,1,ROUTE,,,,0.000,T1_REVERSE_TO_FORWARD
576.2718,-12.3362,-72.5989,0.300,NORMAL,1,ROUTE,,,,0.000,T1_REVERSE_TO_FORWARD
576.3717,-12.2363,-72.5944,0.300,NORMAL,1,ROUTE,,,,0.000,T1_REVERSE_TO_FORWARD
576.4718,-12.1364,-72.5884,0.300,NORMAL,1,ROUTE,,,,0.000,T1_REVERSE_TO_FORWARD
576.5717,-12.0368,-72.5809,0.300,NORMAL,1,ROUTE,,,,0.000,T1_REVERSE_TO_FORWARD
576.6717,-11.9373,-72.5715,0.300,NORMAL,1,ROUTE,,,,0.000,T1_REVERSE_TO_FORWARD
576.7717,-11.8379,-72.5601,0.300,NORMAL,1,ROUTE,,,,0.000,T1_REVERSE_TO_FORWARD
576.8717,-11.7388,-72.5465,0.300,NORMAL,1,ROUTE,,,,0.000,T1_REVERSE_TO_FORWARD
576.9717,-11.6402,-72.5302,0.300,NORMAL,1,ROUTE,,,,0.000,T1_REVERSE_TO_FORWARD
577.0716,-11.5421,-72.5111,0.300,NORMAL,1,ROUTE,,,,0.000,T1_REVERSE_TO_FORWARD
577.1716,-11.4446,-72.4888,0.300,NORMAL,1,ROUTE,,,,0.000,T1_REVERSE_TO_FORWARD
577.2716,-11.3479,-72.4632,0.300,NORMAL,1,ROUTE,,,,0.000,T1_REVERSE_TO_FORWARD
577.3716,-11.2522,-72.4344,0.300,NORMAL,1,ROUTE,,,,0.000,T1_REVERSE_TO_FORWARD
577.4716,-11.1573,-72.4026,0.300,NORMAL,1,ROUTE,,,,0.000,T1_REVERSE_TO_FORWARD
577.5715,-11.0636,-72.3680,0.300,NORMAL,1,ROUTE,,,,0.000,T1_REVERSE_TO_FORWARD
577.6715,-10.9707,-72.3311,0.300,NORMAL,1,ROUTE,,,,0.000,T1_REVERSE_TO_FORWARD
577.7715,-10.8787,-72.2920,0.300,NORMAL,1,ROUTE,,,,0.000,T1_REVERSE_TO_FORWARD
577.8716,-10.7873,-72.2512,0.300,NORMAL,1,ROUTE,,,,0.000,T1_REVERSE_TO_FORWARD
577.9715,-10.6967,-72.2089,0.300,NORMAL,1,ROUTE,,,,0.000,T1_REVERSE_TO_FORWARD
578.0716,-10.6067,-72.1653,0.300,NORMAL,1,ROUTE,,,,0.000,T1_REVERSE_TO_FORWARD
578.1715,-10.5172,-72.1207,0.300,NORMAL,1,ROUTE,,,,0.000,T1_REVERSE_TO_FORWARD
578.2715,-10.4283,-72.0751,0.300,NORMAL,1,ROUTE,,,,0.000,T1_REVERSE_TO_FORWARD
578.3715,-10.3396,-72.0289,0.300,NORMAL,1,ROUTE,,,,0.000,T1_REVERSE_TO_FORWARD
578.4715,-10.2513,-71.9819,0.300,NORMAL,1,ROUTE,,,,0.000,T1_REVERSE_TO_FORWARD
578.5715,-10.1633,-71.9345,0.300,NORMAL,1,ROUTE,,,,0.000,T1_REVERSE_TO_FORWARD
578.6715,-10.0754,-71.8867,0.300,NORMAL,1,ROUTE,,,,0.000,T1_REVERSE_TO_FORWARD
578.7714,-9.9879,-71.8385,0.300,NORMAL,1,ROUTE,,,,0.000,T1_REVERSE_TO_FORWARD
578.8715,-9.9004,-71.7900,0.300,NORMAL,1,ROUTE,,,,0.000,T1_REVERSE_TO_FORWARD
578.9714,-9.8132,-71.7412,0.300,NORMAL,1,ROUTE,,,,0.000,T1_REVERSE_TO_FORWARD
579.0714,-9.7260,-71.6921,0.300,NORMAL,1,ROUTE,,,,0.000,T1_REVERSE_TO_FORWARD
579.1714,-9.6392,-71.6426,0.300,NORMAL,1,ROUTE,,,,0.000,T1_REVERSE_TO_FORWARD
579.2714,-9.5525,-71.5927,0.300,NORMAL,1,ROUTE,,,,0.000,T1_REVERSE_TO_FORWARD
579.3714,-9.4661,-71.5423,0.300,NORMAL,1,ROUTE,,,,0.000,T1_REVERSE_TO_FORWARD
579.4714,-9.3802,-71.4912,0.300,NORMAL,1,ROUTE,,,,0.000,T1_REVERSE_TO_FORWARD
579.5714,-9.2946,-71.4395,0.300,NORMAL,1,ROUTE,,,,0.000,T1_REVERSE_TO_FORWARD
579.6714,-9.2096,-71.3869,0.300,NORMAL,1,ROUTE,,,,0.000,T1_REVERSE_TO_FORWARD
579.7714,-9.1251,-71.3333,0.300,NORMAL,1,ROUTE,,,,0.000,T1_REVERSE_TO_FORWARD
579.8714,-9.0414,-71.2787,0.300,NORMAL,1,ROUTE,,,,0.000,T1_REVERSE_TO_FORWARD
579.9713,-8.9583,-71.2232,0.300,NORMAL,1,ROUTE,,,,0.000,T1_REVERSE_TO_FORWARD
580.0713,-8.8759,-71.1664,0.300,NORMAL,1,ROUTE,,,,0.000,T1_REVERSE_TO_FORWARD
580.1712,-8.7943,-71.1087,0.300,NORMAL,1,ROUTE,,,,0.000,T1_REVERSE_TO_FORWARD
580.2713,-8.7135,-71.0498,0.300,NORMAL,1,ROUTE,,,,0.000,T1_REVERSE_TO_FORWARD
580.3713,-8.6336,-70.9897,0.300,NORMAL,1,ROUTE,,,,0.000,T1_REVERSE_TO_FORWARD
580.4712,-8.5548,-70.9282,0.300,NORMAL,1,ROUTE,,,,0.000,T1_REVERSE_TO_FORWARD
580.5713,-8.4771,-70.8652,0.300,NORMAL,1,ROUTE,,,,0.000,T1_REVERSE_TO_FORWARD
580.6712,-8.4007,-70.8007,0.300,NORMAL,1,ROUTE,,,,0.000,T1_REVERSE_TO_FORWARD
580.7712,-8.3259,-70.7344,0.300,NORMAL,1,ROUTE,,,,0.000,T1_REVERSE_TO_FORWARD
580.8712,-8.2529,-70.6660,0.300,NORMAL,1,ROUTE,,,,0.000,T1_REVERSE_TO_FORWARD
580.9712,-8.1820,-70.5955,0.300,NORMAL,1,ROUTE,,,,0.000,T1_REVERSE_TO_FORWARD
581.0712,-8.1132,-70.5230,0.300,NORMAL,1,ROUTE,,,,0.000,T1_REVERSE_TO_FORWARD
581.1712,-8.0468,-70.4481,0.300,NORMAL,1,ROUTE,,,,0.000,T1_REVERSE_TO_FORWARD
581.2711,-7.9828,-70.3715,0.300,NORMAL,1,ROUTE,,,,0.000,T1_REVERSE_TO_FORWARD
581.3712,-7.9209,-70.2929,0.300,NORMAL,1,ROUTE,,,,0.000,T1_REVERSE_TO_FORWARD
581.4711,-7.8612,-70.2127,0.300,NORMAL,1,ROUTE,,,,0.000,T1_REVERSE_TO_FORWARD
581.5711,-7.8037,-70.1309,0.300,NORMAL,1,ROUTE,,,,0.000,T1_REVERSE_TO_FORWARD
581.6711,-7.7481,-70.0478,0.300,NORMAL,1,ROUTE,,,,0.000,T1_REVERSE_TO_FORWARD
581.7711,-7.6947,-69.9632,0.300,NORMAL,1,ROUTE,,,,0.000,T1_REVERSE_TO_FORWARD
581.8711,-7.6431,-69.8776,0.300,NORMAL,1,ROUTE,,,,0.000,T1_REVERSE_TO_FORWARD
581.9710,-7.5936,-69.7907,0.300,NORMAL,1,ROUTE,,,,0.000,T1_REVERSE_TO_FORWARD
582.0710,-7.5461,-69.7028,0.300,NORMAL,1,ROUTE,,,,0.000,T1_REVERSE_TO_FORWARD
582.1710,-7.5004,-69.6138,0.300,NORMAL,1,ROUTE,,,,0.000,T1_REVERSE_TO_FORWARD
582.2710,-7.4565,-69.5240,0.300,NORMAL,1,ROUTE,,,,0.000,T1_REVERSE_TO_FORWARD
582.3710,-7.4142,-69.4334,0.300,NORMAL,1,ROUTE,,,,0.000,T1_REVERSE_TO_FORWARD
582.4710,-7.3732,-69.3422,0.300,NORMAL,1,ROUTE,,,,0.000,T1_REVERSE_TO_FORWARD
582.5710,-7.3335,-69.2504,0.300,NORMAL,1,ROUTE,,,,0.000,T1_REVERSE_TO_FORWARD
582.6710,-7.2948,-69.1582,0.300,NORMAL,1,ROUTE,,,,0.000,T1_REVERSE_TO_FORWARD
582.7710,-7.2571,-69.0656,0.300,NORMAL,1,ROUTE,,,,0.000,T1_REVERSE_TO_FORWARD
582.8709,-7.2201,-68.9727,0.300,NORMAL,1,ROUTE,,,,0.000,T1_REVERSE_TO_FORWARD
582.9710,-7.1839,-68.8795,0.300,NORMAL,1,ROUTE,,,,0.000,T1_REVERSE_TO_FORWARD
583.0709,-7.1485,-68.7860,0.300,NORMAL,1,ROUTE,,,,0.000,T1_REVERSE_TO_FORWARD
583.1709,-7.1136,-68.6923,0.300,NORMAL,1,ROUTE,,,,0.000,T1_REVERSE_TO_FORWARD
583.2709,-7.0793,-68.5983,0.300,NORMAL,1,ROUTE,,,,0.000,T1_REVERSE_TO_FORWARD
583.3709,-7.0455,-68.5042,0.300,NORMAL,1,ROUTE,,,,0.000,T1_REVERSE_TO_FORWARD
583.4709,-7.0123,-68.4099,0.300,NORMAL,1,ROUTE,,,,0.000,T1_REVERSE_TO_FORWARD
583.5709,-6.9796,-68.3154,0.300,NORMAL,1,ROUTE,,,,0.000,T1_REVERSE_TO_FORWARD
583.6709,-6.9472,-68.2208,0.300,NORMAL,1,ROUTE,,,,0.000,T1_REVERSE_TO_FORWARD
583.7709,-6.9153,-68.1261,0.300,NORMAL,1,ROUTE,,,,0.000,T1_REVERSE_TO_FORWARD
583.8709,-6.8837,-68.0312,0.300,NORMAL,1,ROUTE,,,,0.000,T1_REVERSE_TO_FORWARD
583.9708,-6.8524,-67.9363,0.300,NORMAL,1,ROUTE,,,,0.000,T1_REVERSE_TO_FORWARD
584.0708,-6.8215,-67.8412,0.300,NORMAL,1,ROUTE,,,,0.000,T1_REVERSE_TO_FORWARD
584.1707,-6.7908,-67.7461,0.300,NORMAL,1,ROUTE,,,,0.000,T1_REVERSE_TO_FORWARD
584.2708,-6.7604,-67.6508,0.300,NORMAL,1,ROUTE,,,,0.000,T1_REVERSE_TO_FORWARD
584.3708,-6.7302,-67.5554,0.300,NORMAL,1,ROUTE,,,,0.000,T1_REVERSE_TO_FORWARD
584.4708,-6.7003,-67.4600,0.300,NORMAL,1,ROUTE,,,,0.000,T1_REVERSE_TO_FORWARD
584.5708,-6.6706,-67.3645,0.300,NORMAL,1,ROUTE,,,,0.000,T1_REVERSE_TO_FORWARD
584.6707,-6.6412,-67.2690,0.300,NORMAL,1,ROUTE,,,,0.000,T1_REVERSE_TO_FORWARD
584.7708,-6.6120,-67.1733,0.300,NORMAL,1,ROUTE,,,,0.000,T1_REVERSE_TO_FORWARD
584.8707,-6.5831,-67.0776,0.300,NORMAL,1,ROUTE,,,,0.000,T1_REVERSE_TO_FORWARD
584.9707,-6.5546,-66.9818,0.300,NORMAL,1,ROUTE,,,,0.000,T1_REVERSE_TO_FORWARD
585.0707,-6.5265,-66.8859,0.300,NORMAL,1,ROUTE,,,,0.000,T1_REVERSE_TO_FORWARD
585.1707,-6.4988,-66.7897,0.300,NORMAL,1,ROUTE,,,,0.000,T1_REVERSE_TO_FORWARD
585.2707,-6.4716,-66.6935,0.300,NORMAL,1,ROUTE,,,,0.000,T1_REVERSE_TO_FORWARD
585.3707,-6.4451,-66.5971,0.300,NORMAL,1,ROUTE,,,,0.000,T1_REVERSE_TO_FORWARD
585.4707,-6.4193,-66.5005,0.300,NORMAL,1,ROUTE,,,,0.000,T1_REVERSE_TO_FORWARD
585.5706,-6.3941,-66.4038,0.300,NORMAL,1,ROUTE,,,,0.000,T1_REVERSE_TO_FORWARD
585.6707,-6.3696,-66.3068,0.300,NORMAL,1,ROUTE,,,,0.000,T1_REVERSE_TO_FORWARD
585.7707,-6.3458,-66.2097,0.300,NORMAL,1,ROUTE,,,,0.000,T1_REVERSE_TO_FORWARD
585.8706,-6.3225,-66.1125,0.300,NORMAL,1,ROUTE,,,,0.000,T1_REVERSE_TO_FORWARD
585.9706,-6.2997,-66.0151,0.300,NORMAL,1,ROUTE,,,,0.000,T1_REVERSE_TO_FORWARD
586.0706,-6.2774,-65.9176,0.300,NORMAL,1,ROUTE,,,,0.000,T1_REVERSE_TO_FORWARD
586.1706,-6.2553,-65.8201,0.300,NORMAL,1,ROUTE,,,,0.000,T1_REVERSE_TO_FORWARD
586.2706,-6.2335,-65.7225,0.300,NORMAL,1,ROUTE,,,,0.000,T1_REVERSE_TO_FORWARD
586.3706,-6.2116,-65.6250,0.300,NORMAL,1,ROUTE,,,,0.000,T1_REVERSE_TO_FORWARD
586.4705,-6.1899,-65.5274,0.300,NORMAL,1,ROUTE,,,,0.000,T1_REVERSE_TO_FORWARD
586.5705,-6.1680,-65.4298,0.300,NORMAL,1,ROUTE,,,,0.000,T1_REVERSE_TO_FORWARD
586.6705,-6.1459,-65.3323,0.300,NORMAL,1,ROUTE,,,,0.000,T1_REVERSE_TO_FORWARD
586.7706,-6.1234,-65.2348,0.300,NORMAL,1,ROUTE,,,,0.000,T1_REVERSE_TO_FORWARD
586.8705,-6.1006,-65.1375,0.300,NORMAL,1,ROUTE,,,,0.000,T1_REVERSE_TO_FORWARD
586.9705,-6.0772,-65.0403,0.300,NORMAL,1,ROUTE,,,,0.000,T1_REVERSE_TO_FORWARD
587.0705,-6.0532,-64.9433,0.300,NORMAL,1,ROUTE,,,,0.000,T1_REVERSE_TO_FORWARD
587.1705,-6.0284,-64.8463,0.300,NORMAL,1,ROUTE,,,,0.000,T1_REVERSE_TO_FORWARD
587.2705,-6.0030,-64.7496,0.300,NORMAL,1,ROUTE,,,,0.000,T1_REVERSE_TO_FORWARD
587.3704,-5.9768,-64.6532,0.300,NORMAL,1,ROUTE,,,,0.000,T1_REVERSE_TO_FORWARD
587.4704,-5.9499,-64.5569,0.300,NORMAL,1,ROUTE,,,,0.000,T1_REVERSE_TO_FORWARD
587.5705,-5.9223,-64.4607,0.300,NORMAL,1,ROUTE,,,,0.000,T1_REVERSE_TO_FORWARD
587.6704,-5.8943,-64.3648,0.300,NORMAL,1,ROUTE,,,,0.000,T1_REVERSE_TO_FORWARD
587.7704,-5.8660,-64.2689,0.300,NORMAL,1,ROUTE,,,,0.000,T1_REVERSE_TO_FORWARD
587.8704,-5.8375,-64.1731,0.300,NORMAL,1,ROUTE,,,,0.000,T1_REVERSE_TO_FORWARD
587.9704,-5.8090,-64.0772,0.300,NORMAL,1,ROUTE,,,,0.000,T1_REVERSE_TO_FORWARD
588.0704,-5.7807,-63.9813,0.300,NORMAL,1,ROUTE,,,,0.000,T1_REVERSE_TO_FORWARD
588.1704,-5.7525,-63.8853,0.300,NORMAL,1,ROUTE,,,,0.000,T1_REVERSE_TO_FORWARD
588.2704,-5.7248,-63.7893,0.300,NORMAL,1,ROUTE,,,,0.000,T1_REVERSE_TO_FORWARD
588.3704,-5.6977,-63.6930,0.300,NORMAL,1,ROUTE,,,,0.000,T1_REVERSE_TO_FORWARD
588.4704,-5.6711,-63.5966,0.300,NORMAL,1,ROUTE,,,,0.000,T1_REVERSE_TO_FORWARD
588.5704,-5.6452,-63.5000,0.300,NORMAL,1,ROUTE,,,,0.000,T1_REVERSE_TO_FORWARD
588.6703,-5.6202,-63.4033,0.300,NORMAL,1,ROUTE,,,,0.000,T1_REVERSE_TO_FORWARD
588.7703,-5.5961,-63.3063,0.300,NORMAL,1,ROUTE,,,,0.000,T1_REVERSE_TO_FORWARD
588.8703,-5.5729,-63.2089,0.300,NORMAL,1,ROUTE,,,,0.000,T1_REVERSE_TO_FORWARD
588.9702,-5.5506,-63.1115,0.300,NORMAL,1,ROUTE,,,,0.000,T1_REVERSE_TO_FORWARD
589.0703,-5.5292,-63.0138,0.300,NORMAL,1,ROUTE,,,,0.000,T1_REVERSE_TO_FORWARD
589.1702,-5.5088,-62.9160,0.300,NORMAL,1,ROUTE,,,,0.000,T1_REVERSE_TO_FORWARD
589.2702,-5.4891,-62.8179,0.300,NORMAL,1,ROUTE,,,,0.000,T1_REVERSE_TO_FORWARD
589.3703,-5.4702,-62.7197,0.300,NORMAL,1,ROUTE,,,,0.000,T1_REVERSE_TO_FORWARD
589.4702,-5.4519,-62.6214,0.300,NORMAL,1,ROUTE,,,,0.000,T1_REVERSE_TO_FORWARD
589.5702,-5.4340,-62.5230,0.300,NORMAL,1,ROUTE,,,,0.000,T1_REVERSE_TO_FORWARD
589.6702,-5.4164,-62.4246,0.300,NORMAL,1,ROUTE,,,,0.000,T1_REVERSE_TO_FORWARD
589.7702,-5.3988,-62.3262,0.300,NORMAL,1,ROUTE,,,,0.000,T1_REVERSE_TO_FORWARD
589.8702,-5.3811,-62.2277,0.300,NORMAL,1,ROUTE,,,,0.000,T1_REVERSE_TO_FORWARD
589.9701,-5.3632,-62.1294,0.300,NORMAL,1,ROUTE,,,,0.000,T1_REVERSE_TO_FORWARD
590.0702,-5.3449,-62.0311,0.300,NORMAL,1,ROUTE,,,,0.000,T1_REVERSE_TO_FORWARD
590.1701,-5.3262,-61.9329,0.300,NORMAL,1,ROUTE,,,,0.000,T1_REVERSE_TO_FORWARD
590.2702,-5.3071,-61.8347,0.300,NORMAL,1,ROUTE,,,,0.000,T1_REVERSE_TO_FORWARD
590.3701,-5.2877,-61.7367,0.300,NORMAL,1,ROUTE,,,,0.000,T1_REVERSE_TO_FORWARD
590.4701,-5.2679,-61.6387,0.300,NORMAL,1,ROUTE,,,,0.000,T1_REVERSE_TO_FORWARD
590.5701,-5.2478,-61.5407,0.300,NORMAL,1,ROUTE,,,,0.000,T1_REVERSE_TO_FORWARD
590.6701,-5.2274,-61.4428,0.300,NORMAL,1,ROUTE,,,,0.000,T1_REVERSE_TO_FORWARD
590.7701,-5.2068,-61.3449,0.300,NORMAL,1,ROUTE,,,,0.000,T1_REVERSE_TO_FORWARD
590.8700,-5.1859,-61.2472,0.300,NORMAL,1,ROUTE,,,,0.000,T1_REVERSE_TO_FORWARD
590.9701,-5.1649,-61.1494,0.300,NORMAL,1,ROUTE,,,,0.000,T1_REVERSE_TO_FORWARD
591.0701,-5.1439,-61.0516,0.300,NORMAL,1,ROUTE,,,,0.000,T1_REVERSE_TO_FORWARD
591.1700,-5.1229,-60.9539,0.300,NORMAL,1,ROUTE,,,,0.000,T1_REVERSE_TO_FORWARD
591.2700,-5.1020,-60.8561,0.300,NORMAL,1,ROUTE,,,,0.000,T1_REVERSE_TO_FORWARD
591.3700,-5.0812,-60.7584,0.300,NORMAL,1,ROUTE,,,,0.000,T1_REVERSE_TO_FORWARD
591.4700,-5.0607,-60.6605,0.300,NORMAL,1,ROUTE,,,,0.000,T1_REVERSE_TO_FORWARD
591.5700,-5.0404,-60.5625,0.300,NORMAL,1,ROUTE,,,,0.000,T1_REVERSE_TO_FORWARD
591.6700,-5.0206,-60.4645,0.300,NORMAL,1,ROUTE,,,,0.000,T1_REVERSE_TO_FORWARD
591.7699,-5.0012,-60.3665,0.300,NORMAL,1,ROUTE,,,,0.000,T1_REVERSE_TO_FORWARD
591.8700,-4.9823,-60.2682,0.300,NORMAL,1,ROUTE,,,,0.000,T1_REVERSE_TO_FORWARD
591.9700,-4.9641,-60.1699,0.300,NORMAL,1,ROUTE,,,,0.000,T1_REVERSE_TO_FORWARD
592.0699,-4.9465,-60.0715,0.300,NORMAL,1,ROUTE,,,,0.000,T1_REVERSE_TO_FORWARD
592.1699,-4.9297,-59.9730,0.300,NORMAL,1,ROUTE,,,,0.000,T1_REVERSE_TO_FORWARD
592.2699,-4.9136,-59.8743,0.300,NORMAL,1,ROUTE,,,,0.000,T1_REVERSE_TO_FORWARD
592.3699,-4.8984,-59.7755,0.300,NORMAL,1,ROUTE,,,,0.000,T1_REVERSE_TO_FORWARD
592.4699,-4.8841,-59.6765,0.300,NORMAL,1,ROUTE,,,,0.000,T1_REVERSE_TO_FORWARD
592.5698,-4.8705,-59.5775,0.300,NORMAL,1,ROUTE,,,,0.000,T1_REVERSE_TO_FORWARD
592.6699,-4.8578,-59.4783,0.300,NORMAL,1,ROUTE,,,,0.000,T1_REVERSE_TO_FORWARD
592.7698,-4.8457,-59.3790,0.300,NORMAL,1,ROUTE,,,,0.000,T1_REVERSE_TO_FORWARD
592.8698,-4.8343,-59.2797,0.300,NORMAL,1,ROUTE,,,,0.000,T1_REVERSE_TO_FORWARD
592.9698,-4.8234,-59.1803,0.300,NORMAL,1,ROUTE,,,,0.000,T1_REVERSE_TO_FORWARD
593.0698,-4.8130,-59.0808,0.300,NORMAL,1,ROUTE,,,,0.000,T1_REVERSE_TO_FORWARD
593.1698,-4.8027,-58.9813,0.300,NORMAL,1,ROUTE,,,,0.000,T1_REVERSE_TO_FORWARD
593.2698,-4.7928,-58.8818,0.300,NORMAL,1,ROUTE,,,,0.000,T1_REVERSE_TO_FORWARD
593.3698,-4.7827,-58.7824,0.300,NORMAL,1,ROUTE,,,,0.000,T1_REVERSE_TO_FORWARD
593.4698,-4.7726,-58.6829,0.300,NORMAL,1,ROUTE,,,,0.000,T1_REVERSE_TO_FORWARD
593.5698,-4.7620,-58.5834,0.300,NORMAL,1,ROUTE,,,,0.000,T1_REVERSE_TO_FORWARD
593.6698,-4.7509,-58.4841,0.300,NORMAL,1,ROUTE,,,,0.000,T1_REVERSE_TO_FORWARD
593.7697,-4.7392,-58.3848,0.300,NORMAL,1,ROUTE,,,,0.000,T1_REVERSE_TO_FORWARD
593.8698,-4.7266,-58.2856,0.300,NORMAL,1,ROUTE,,,,0.000,T1_REVERSE_TO_FORWARD
593.9697,-4.7132,-58.1865,0.300,NORMAL,1,ROUTE,,,,0.000,T1_REVERSE_TO_FORWARD
594.0697,-4.6990,-58.0876,0.300,NORMAL,1,ROUTE,,,,0.000,T1_REVERSE_TO_FORWARD
594.1697,-4.6839,-57.9887,0.300,NORMAL,1,ROUTE,,,,0.000,T1_REVERSE_TO_FORWARD
594.2697,-4.6680,-57.8900,0.300,NORMAL,1,ROUTE,,,,0.000,T1_REVERSE_TO_FORWARD
594.3697,-4.6515,-57.7914,0.300,NORMAL,1,ROUTE,,,,0.000,T1_REVERSE_TO_FORWARD
594.4697,-4.6346,-57.6928,0.300,NORMAL,1,ROUTE,,,,0.000,T1_REVERSE_TO_FORWARD
594.5696,-4.6174,-57.5943,0.300,NORMAL,1,ROUTE,,,,0.000,T1_REVERSE_TO_FORWARD
594.6697,-4.6000,-57.4958,0.300,NORMAL,1,ROUTE,,,,0.000,T1_REVERSE_TO_FORWARD
594.7696,-4.5824,-57.3974,0.300,NORMAL,1,ROUTE,,,,0.000,T1_REVERSE_TO_FORWARD
594.8697,-4.5650,-57.2989,0.300,NORMAL,1,ROUTE,,,,0.000,T1_REVERSE_TO_FORWARD
594.9696,-4.5477,-57.2005,0.300,NORMAL,1,ROUTE,,,,0.000,T1_REVERSE_TO_FORWARD
595.0696,-4.5306,-57.1020,0.300,NORMAL,1,ROUTE,,,,0.000,T1_REVERSE_TO_FORWARD
595.1696,-4.5137,-57.0034,0.300,NORMAL,1,ROUTE,,,,0.000,T1_REVERSE_TO_FORWARD
595.2696,-4.4971,-56.9048,0.300,NORMAL,1,ROUTE,,,,0.000,T1_REVERSE_TO_FORWARD
595.3695,-4.4807,-56.8062,0.300,NORMAL,1,ROUTE,,,,0.000,T1_REVERSE_TO_FORWARD
595.4695,-4.4647,-56.7075,0.300,NORMAL,1,ROUTE,,,,0.000,T1_REVERSE_TO_FORWARD
595.5696,-4.4488,-56.6087,0.300,NORMAL,1,ROUTE,,,,0.000,T1_REVERSE_TO_FORWARD
595.6696,-4.4332,-56.5099,0.300,NORMAL,1,ROUTE,,,,0.000,T1_REVERSE_TO_FORWARD
595.7696,-4.4178,-56.4112,0.300,NORMAL,1,ROUTE,,,,0.000,T1_REVERSE_TO_FORWARD
595.8695,-4.4024,-56.3124,0.300,NORMAL,1,ROUTE,,,,0.000,T1_REVERSE_TO_FORWARD
595.9695,-4.3871,-56.2136,0.300,NORMAL,1,ROUTE,,,,0.000,T1_REVERSE_TO_FORWARD
596.0695,-4.3718,-56.1147,0.300,NORMAL,1,ROUTE,,,,0.000,T1_REVERSE_TO_FORWARD
596.1695,-4.3564,-56.0160,0.300,NORMAL,1,ROUTE,,,,0.000,T1_REVERSE_TO_FORWARD
596.2695,-4.3409,-55.9172,0.300,NORMAL,1,ROUTE,,,,0.000,T1_REVERSE_TO_FORWARD
596.3694,-4.3252,-55.8185,0.300,NORMAL,1,ROUTE,,,,0.000,T1_REVERSE_TO_FORWARD
596.4695,-4.3093,-55.7197,0.300,NORMAL,1,ROUTE,,,,0.000,T1_REVERSE_TO_FORWARD
596.5695,-4.2932,-55.6210,0.300,NORMAL,1,ROUTE,,,,0.000,T1_REVERSE_TO_FORWARD
596.6694,-4.2768,-55.5224,0.300,NORMAL,1,ROUTE,,,,0.000,T1_REVERSE_TO_FORWARD
596.7695,-4.2604,-55.4238,0.300,NORMAL,1,ROUTE,,,,0.000,T1_REVERSE_TO_FORWARD
596.8694,-4.2439,-55.3252,0.300,NORMAL,1,ROUTE,,,,0.000,T1_REVERSE_TO_FORWARD
596.9694,-4.2274,-55.2266,0.300,NORMAL,1,ROUTE,,,,0.000,T1_REVERSE_TO_FORWARD
597.0694,-4.2110,-55.1279,0.300,NORMAL,1,ROUTE,,,,0.000,T1_REVERSE_TO_FORWARD
597.1694,-4.1948,-55.0293,0.300,NORMAL,1,ROUTE,,,,0.000,T1_REVERSE_TO_FORWARD
597.2694,-4.1787,-54.9306,0.300,NORMAL,1,ROUTE,,,,0.000,T1_REVERSE_TO_FORWARD
597.3693,-4.1627,-54.8319,0.300,NORMAL,1,ROUTE,,,,0.000,T1_REVERSE_TO_FORWARD
597.4694,-4.1468,-54.7331,0.300,NORMAL,1,ROUTE,,,,0.000,T1_REVERSE_TO_FORWARD
597.5694,-4.1307,-54.6344,0.300,NORMAL,1,ROUTE,,,,0.000,T1_REVERSE_TO_FORWARD
597.6693,-4.1143,-54.5358,0.300,NORMAL,1,ROUTE,,,,0.000,T1_REVERSE_TO_FORWARD
597.7694,-4.0974,-54.4372,0.300,NORMAL,1,ROUTE,,,,0.000,T1_REVERSE_TO_FORWARD
597.8693,-4.0797,-54.3389,0.300,NORMAL,1,ROUTE,,,,0.000,T1_REVERSE_TO_FORWARD
597.9693,-4.0611,-54.2407,0.300,NORMAL,1,ROUTE,,,,0.000,T1_REVERSE_TO_FORWARD
598.0693,-4.0414,-54.1426,0.300,NORMAL,1,ROUTE,,,,0.000,T1_REVERSE_TO_FORWARD
598.1693,-4.0206,-54.0448,0.300,NORMAL,1,ROUTE,,,,0.000,T1_REVERSE_TO_FORWARD
598.2693,-3.9988,-53.9472,0.300,NORMAL,1,ROUTE,,,,0.000,T1_REVERSE_TO_FORWARD
598.3692,-3.9761,-53.8499,0.300,NORMAL,1,ROUTE,,,,0.000,T1_REVERSE_TO_FORWARD
598.4692,-3.9527,-53.7526,0.300,NORMAL,1,ROUTE,,,,0.000,T1_REVERSE_TO_FORWARD
598.5693,-3.9291,-53.6554,0.300,NORMAL,1,ROUTE,,,,0.000,T1_REVERSE_TO_FORWARD
598.6693,-3.9053,-53.5583,0.300,NORMAL,1,ROUTE,,,,0.000,T1_REVERSE_TO_FORWARD
598.7692,-3.8818,-53.4611,0.300,NORMAL,1,ROUTE,,,,0.000,T1_REVERSE_TO_FORWARD
598.8692,-3.8590,-53.3638,0.300,NORMAL,1,ROUTE,,,,0.000,T1_REVERSE_TO_FORWARD
598.9692,-3.8369,-53.2663,0.300,NORMAL,1,ROUTE,,,,0.000,T1_REVERSE_TO_FORWARD
599.0692,-3.8157,-53.1685,0.300,NORMAL,1,ROUTE,,,,0.000,T1_REVERSE_TO_FORWARD
599.1692,-3.7957,-53.0706,0.300,NORMAL,1,ROUTE,,,,0.000,T1_REVERSE_TO_FORWARD
599.2692,-3.7767,-52.9724,0.300,NORMAL,1,ROUTE,,,,0.000,T1_REVERSE_TO_FORWARD
599.3691,-3.7590,-52.8740,0.300,NORMAL,1,ROUTE,,,,0.000,T1_REVERSE_TO_FORWARD
599.4692,-3.7426,-52.7754,0.300,NORMAL,1,ROUTE,,,,0.000,T1_REVERSE_TO_FORWARD
599.5691,-3.7274,-52.6765,0.300,NORMAL,1,ROUTE,,,,0.000,T1_REVERSE_TO_FORWARD
599.6691,-3.7134,-52.5776,0.300,NORMAL,1,ROUTE,,,,0.000,T1_REVERSE_TO_FORWARD
599.7691,-3.7006,-52.4784,0.300,NORMAL,1,ROUTE,,,,0.000,T1_REVERSE_TO_FORWARD
599.8691,-3.6888,-52.3791,0.300,NORMAL,1,ROUTE,,,,0.000,T1_REVERSE_TO_FORWARD
599.9691,-3.6780,-52.2797,0.300,NORMAL,1,ROUTE,,,,0.000,T1_REVERSE_TO_FORWARD
600.0691,-3.6677,-52.1802,0.300,NORMAL,1,ROUTE,,,,0.000,T1_REVERSE_TO_FORWARD
600.1691,-3.6581,-52.0807,0.300,NORMAL,1,ROUTE,,,,0.000,T1_REVERSE_TO_FORWARD
600.2691,-3.6488,-51.9811,0.300,NORMAL,1,ROUTE,,,,0.000,T1_REVERSE_TO_FORWARD
600.3690,-3.6396,-51.8816,0.300,NORMAL,1,ROUTE,,,,0.000,T1_REVERSE_TO_FORWARD
600.4690,-3.6307,-51.7820,0.300,NORMAL,1,ROUTE,,,,0.000,T1_REVERSE_TO_FORWARD
600.5690,-3.6214,-51.6825,0.300,NORMAL,1,ROUTE,,,,0.000,T1_REVERSE_TO_FORWARD
600.6690,-3.6118,-51.5829,0.300,NORMAL,1,ROUTE,,,,0.000,T1_REVERSE_TO_FORWARD
600.7690,-3.6018,-51.4834,0.300,NORMAL,1,ROUTE,,,,0.000,T1_REVERSE_TO_FORWARD
600.8689,-3.5910,-51.3840,0.300,NORMAL,1,ROUTE,,,,0.000,T1_REVERSE_TO_FORWARD
600.9689,-3.5795,-51.2847,0.300,NORMAL,1,ROUTE,,,,0.000,T1_REVERSE_TO_FORWARD
601.0689,-3.5669,-51.1856,0.300,NORMAL,1,ROUTE,,,,0.000,T1_REVERSE_TO_FORWARD
601.1689,-3.5532,-51.0865,0.300,NORMAL,1,ROUTE,,,,0.000,T1_REVERSE_TO_FORWARD
601.2689,-3.5383,-50.9876,0.300,NORMAL,1,ROUTE,,,,0.000,T1_REVERSE_TO_FORWARD
601.3689,-3.5221,-50.8889,0.300,NORMAL,1,ROUTE,,,,0.000,T1_REVERSE_TO_FORWARD
601.4689,-3.5049,-50.7904,0.300,NORMAL,1,ROUTE,,,,0.000,T1_REVERSE_TO_FORWARD
601.5689,-3.4866,-50.6921,0.300,NORMAL,1,ROUTE,,,,0.000,T1_REVERSE_TO_FORWARD
601.6688,-3.4678,-50.5940,0.300,NORMAL,1,ROUTE,,,,0.000,T1_REVERSE_TO_FORWARD
601.7689,-3.4484,-50.4958,0.300,NORMAL,1,ROUTE,,,,0.000,T1_REVERSE_TO_FORWARD
601.8688,-3.4290,-50.3978,0.300,NORMAL,1,ROUTE,,,,0.000,T1_REVERSE_TO_FORWARD
601.9688,-3.4099,-50.2996,0.300,NORMAL,1,ROUTE,,,,0.000,T1_REVERSE_TO_FORWARD
602.0688,-3.3913,-50.2014,0.300,NORMAL,1,ROUTE,,,,0.000,T1_REVERSE_TO_FORWARD
602.1688,-3.3734,-50.1030,0.300,NORMAL,1,ROUTE,,,,0.000,T1_REVERSE_TO_FORWARD
602.2689,-3.3564,-50.0044,0.300,NORMAL,1,ROUTE,,,,0.000,T1_REVERSE_TO_FORWARD
602.3688,-3.3403,-49.9058,0.300,NORMAL,1,ROUTE,,,,0.000,T1_REVERSE_TO_FORWARD
602.4688,-3.3250,-49.8069,0.300,NORMAL,1,ROUTE,,,,0.000,T1_REVERSE_TO_FORWARD
602.5687,-3.3104,-49.7081,0.300,NORMAL,1,ROUTE,,,,0.000,T1_REVERSE_TO_FORWARD
602.6688,-3.2964,-49.6090,0.300,NORMAL,1,ROUTE,,,,0.000,T1_REVERSE_TO_FORWARD
602.7687,-3.2828,-49.5100,0.300,NORMAL,1,ROUTE,,,,0.000,T1_REVERSE_TO_FORWARD
602.8688,-3.2694,-49.4109,0.300,NORMAL,1,ROUTE,,,,0.000,T1_REVERSE_TO_FORWARD
602.9687,-3.2562,-49.3118,0.300,NORMAL,1,ROUTE,,,,0.000,T1_REVERSE_TO_FORWARD
603.0688,-3.2431,-49.2126,0.300,NORMAL,1,ROUTE,,,,0.000,T1_REVERSE_TO_FORWARD
603.1687,-3.2300,-49.1135,0.300,NORMAL,1,ROUTE,,,,0.000,T1_REVERSE_TO_FORWARD
603.2687,-3.2169,-49.0144,0.300,NORMAL,1,ROUTE,,,,0.000,T1_REVERSE_TO_FORWARD
603.3686,-3.2038,-48.9153,0.300,NORMAL,1,ROUTE,,,,0.000,T1_REVERSE_TO_FORWARD
603.4687,-3.1905,-48.8161,0.300,NORMAL,1,ROUTE,,,,0.000,T1_REVERSE_TO_FORWARD
603.5687,-3.1772,-48.7171,0.300,NORMAL,1,ROUTE,,,,0.000,T1_REVERSE_TO_FORWARD
603.6687,-3.1637,-48.6179,0.300,NORMAL,1,ROUTE,,,,0.000,T1_REVERSE_TO_FORWARD
603.7686,-3.1500,-48.5189,0.300,NORMAL,1,ROUTE,,,,0.000,T1_REVERSE_TO_FORWARD
603.8686,-3.1362,-48.4199,0.300,NORMAL,1,ROUTE,,,,0.000,T1_REVERSE_TO_FORWARD
603.9686,-3.1221,-48.3209,0.300,NORMAL,1,ROUTE,,,,0.000,T1_REVERSE_TO_FORWARD
604.0686,-3.1076,-48.2219,0.300,NORMAL,1,ROUTE,,,,0.000,T1_REVERSE_TO_FORWARD
604.1686,-3.0928,-48.1231,0.300,NORMAL,1,ROUTE,,,,0.000,T1_REVERSE_TO_FORWARD
604.2686,-3.0775,-48.0243,0.300,NORMAL,1,ROUTE,,,,0.000,T1_REVERSE_TO_FORWARD
604.3686,-3.0617,-47.9255,0.300,NORMAL,1,ROUTE,,,,0.000,T1_REVERSE_TO_FORWARD
604.4686,-3.0455,-47.8269,0.300,NORMAL,1,ROUTE,,,,0.000,T1_REVERSE_TO_FORWARD
604.5685,-3.0287,-47.7283,0.300,NORMAL,1,ROUTE,,,,0.000,T1_REVERSE_TO_FORWARD
604.6686,-3.0112,-47.6298,0.300,NORMAL,1,ROUTE,,,,0.000,T1_REVERSE_TO_FORWARD
604.7685,-2.9932,-47.5315,0.300,NORMAL,1,ROUTE,,,,0.000,T1_REVERSE_TO_FORWARD
604.8685,-2.9748,-47.4332,0.300,NORMAL,1,ROUTE,,,,0.000,T1_REVERSE_TO_FORWARD
604.9685,-2.9559,-47.3350,0.300,NORMAL,1,ROUTE,,,,0.000,T1_REVERSE_TO_FORWARD
605.0685,-2.9368,-47.2369,0.300,NORMAL,1,ROUTE,,,,0.000,T1_REVERSE_TO_FORWARD
605.1686,-2.9175,-47.1387,0.300,NORMAL,1,ROUTE,,,,0.000,T1_REVERSE_TO_FORWARD
605.2685,-2.8983,-47.0406,0.300,NORMAL,1,ROUTE,,,,0.000,T1_REVERSE_TO_FORWARD
605.3685,-2.8791,-46.9425,0.300,NORMAL,1,ROUTE,,,,0.000,T1_REVERSE_TO_FORWARD
605.4684,-2.8602,-46.8444,0.300,NORMAL,1,ROUTE,,,,0.000,T1_REVERSE_TO_FORWARD
605.5684,-2.8415,-46.7461,0.300,NORMAL,1,ROUTE,,,,0.000,T1_REVERSE_TO_FORWARD
605.6685,-2.8233,-46.6477,0.300,NORMAL,1,ROUTE,,,,0.000,T1_REVERSE_TO_FORWARD
605.7684,-2.8053,-46.5494,0.300,NORMAL,1,ROUTE,,,,0.000,T1_REVERSE_TO_FORWARD
605.8684,-2.7877,-46.4510,0.300,NORMAL,1,ROUTE,,,,0.000,T1_REVERSE_TO_FORWARD
605.9684,-2.7705,-46.3525,0.300,NORMAL,1,ROUTE,,,,0.000,T1_REVERSE_TO_FORWARD
606.0684,-2.7537,-46.2539,0.300,NORMAL,1,ROUTE,,,,0.000,T1_REVERSE_TO_FORWARD
606.1684,-2.7371,-46.1553,0.300,NORMAL,1,ROUTE,,,,0.000,T1_REVERSE_TO_FORWARD
606.2684,-2.7209,-46.0567,0.300,NORMAL,1,ROUTE,,,,0.000,T1_REVERSE_TO_FORWARD
606.3683,-2.7050,-45.9580,0.300,NORMAL,1,ROUTE,,,,0.000,T1_REVERSE_TO_FORWARD
606.4684,-2.6893,-45.8592,0.300,NORMAL,1,ROUTE,,,,0.000,T1_REVERSE_TO_FORWARD
606.5683,-2.6736,-45.7605,0.300,NORMAL,1,ROUTE,,,,0.000,T1_REVERSE_TO_FORWARD
606.6683,-2.6582,-45.6617,0.300,NORMAL,1,ROUTE,,,,0.000,T1_REVERSE_TO_FORWARD
606.7684,-2.6428,-45.5628,0.300,NORMAL,1,ROUTE,,,,0.000,T1_REVERSE_TO_FORWARD
606.8684,-2.6273,-45.4640,0.300,NORMAL,1,ROUTE,,,,0.000,T1_REVERSE_TO_FORWARD
606.9683,-2.6116,-45.3653,0.300,NORMAL,1,ROUTE,,,,0.000,T1_REVERSE_TO_FORWARD
607.0683,-2.5957,-45.2667,0.300,NORMAL,1,ROUTE,,,,0.000,T1_REVERSE_TO_FORWARD
607.1683,-2.5794,-45.1679,0.300,NORMAL,1,ROUTE,,,,0.000,T1_REVERSE_TO_FORWARD
607.2683,-2.5627,-45.0694,0.300,NORMAL,1,ROUTE,,,,0.000,T1_REVERSE_TO_FORWARD
607.3683,-2.5453,-44.9709,0.300,NORMAL,1,ROUTE,,,,0.000,T1_REVERSE_TO_FORWARD
607.4683,-2.5271,-44.8725,0.300,NORMAL,1,ROUTE,,,,0.000,T1_REVERSE_TO_FORWARD
607.5682,-2.5079,-44.7745,0.300,NORMAL,1,ROUTE,,,,0.000,T1_REVERSE_TO_FORWARD
607.6683,-2.4875,-44.6766,0.300,NORMAL,1,ROUTE,,,,0.000,T1_REVERSE_TO_FORWARD
607.7277,-2.4746,-44.6185,0.300,PARALLEL_PARK,1,PARALLEL_PARK,PARALLEL_PARK_START,ENTER_ZONE,,0.000,PARALLEL_1_BYPASS_FORWARD
607.8277,-2.4542,-44.5206,0.300,PARALLEL_PARK,1,PARALLEL_PARK,,,,0.000,PARALLEL_1_BYPASS_FORWARD
607.9277,-2.4362,-44.4223,0.300,PARALLEL_PARK,1,PARALLEL_PARK,,,,0.000,PARALLEL_1_BYPASS_FORWARD
608.0277,-2.4206,-44.3235,0.300,PARALLEL_PARK,1,PARALLEL_PARK,,,,0.000,PARALLEL_1_BYPASS_FORWARD
608.1277,-2.4074,-44.2244,0.300,PARALLEL_PARK,1,PARALLEL_PARK,,,,0.000,PARALLEL_1_BYPASS_FORWARD
608.2277,-2.3965,-44.1250,0.300,PARALLEL_PARK,1,PARALLEL_PARK,,,,0.000,PARALLEL_1_BYPASS_FORWARD
608.3277,-2.3880,-44.0253,0.300,PARALLEL_PARK,1,PARALLEL_PARK,,,,0.000,PARALLEL_1_BYPASS_FORWARD
608.4277,-2.3817,-43.9255,0.300,PARALLEL_PARK,1,PARALLEL_PARK,,,,0.000,PARALLEL_1_BYPASS_FORWARD
608.5277,-2.3778,-43.8256,0.300,PARALLEL_PARK,1,PARALLEL_PARK,,,,0.000,PARALLEL_1_BYPASS_FORWARD
608.6277,-2.3762,-43.7256,0.300,PARALLEL_PARK,1,PARALLEL_PARK,,,,0.000,PARALLEL_1_BYPASS_FORWARD
608.7277,-2.3768,-43.6256,0.300,PARALLEL_PARK,1,PARALLEL_PARK,,,,0.000,PARALLEL_1_BYPASS_FORWARD
608.8277,-2.3795,-43.5256,0.300,PARALLEL_PARK,1,PARALLEL_PARK,,,,0.000,PARALLEL_1_BYPASS_FORWARD
608.9277,-2.3844,-43.4257,0.300,PARALLEL_PARK,1,PARALLEL_PARK,,,,0.000,PARALLEL_1_BYPASS_FORWARD
609.0277,-2.3913,-43.3260,0.300,PARALLEL_PARK,1,PARALLEL_PARK,,,,0.000,PARALLEL_1_BYPASS_FORWARD
609.1276,-2.4002,-43.2265,0.300,PARALLEL_PARK,1,PARALLEL_PARK,,,,0.000,PARALLEL_1_BYPASS_FORWARD
609.2277,-2.4112,-43.1270,0.300,PARALLEL_PARK,1,PARALLEL_PARK,,,,0.000,PARALLEL_1_BYPASS_FORWARD
609.3277,-2.4241,-43.0278,0.300,PARALLEL_PARK,1,PARALLEL_PARK,,,,0.000,PARALLEL_1_BYPASS_FORWARD
609.4277,-2.4389,-42.9290,0.300,PARALLEL_PARK,1,PARALLEL_PARK,,,,0.000,PARALLEL_1_BYPASS_FORWARD
609.5277,-2.4555,-42.8303,0.300,PARALLEL_PARK,1,PARALLEL_PARK,,,,0.000,PARALLEL_1_BYPASS_FORWARD
609.6276,-2.4738,-42.7321,0.300,PARALLEL_PARK,1,PARALLEL_PARK,,,,0.000,PARALLEL_1_BYPASS_FORWARD
609.7276,-2.4941,-42.6341,0.300,PARALLEL_PARK,1,PARALLEL_PARK,,,,0.000,PARALLEL_1_BYPASS_FORWARD
609.8276,-2.5159,-42.5366,0.300,PARALLEL_PARK,1,PARALLEL_PARK,,,,0.000,PARALLEL_1_BYPASS_FORWARD
609.9277,-2.5393,-42.4393,0.300,PARALLEL_PARK,1,PARALLEL_PARK,,,,0.000,PARALLEL_1_BYPASS_FORWARD
610.0276,-2.5644,-42.3426,0.300,PARALLEL_PARK,1,PARALLEL_PARK,,,,0.000,PARALLEL_1_BYPASS_FORWARD
610.1277,-2.5911,-42.2461,0.300,PARALLEL_PARK,1,PARALLEL_PARK,,,,0.000,PARALLEL_1_BYPASS_FORWARD
610.2277,-2.6192,-42.1501,0.300,PARALLEL_PARK,1,PARALLEL_PARK,,,,0.000,PARALLEL_1_BYPASS_FORWARD
610.3276,-2.6487,-42.0547,0.300,PARALLEL_PARK,1,PARALLEL_PARK,,,,0.000,PARALLEL_1_BYPASS_FORWARD
610.4277,-2.6798,-41.9595,0.300,PARALLEL_PARK,1,PARALLEL_PARK,,,,0.000,PARALLEL_1_BYPASS_FORWARD
610.5276,-2.7121,-41.8650,0.300,PARALLEL_PARK,1,PARALLEL_PARK,,,,0.000,PARALLEL_1_BYPASS_FORWARD
610.6276,-2.7458,-41.7708,0.300,PARALLEL_PARK,1,PARALLEL_PARK,,,,0.000,PARALLEL_1_BYPASS_FORWARD
610.7277,-2.7808,-41.6771,0.300,PARALLEL_PARK,1,PARALLEL_PARK,,,,0.000,PARALLEL_1_BYPASS_FORWARD
610.8277,-2.8170,-41.5839,0.300,PARALLEL_PARK,1,PARALLEL_PARK,,,,0.000,PARALLEL_1_BYPASS_FORWARD
610.9276,-2.8545,-41.4912,0.300,PARALLEL_PARK,1,PARALLEL_PARK,,,,0.000,PARALLEL_1_BYPASS_FORWARD
611.0276,-2.8931,-41.3990,0.300,PARALLEL_PARK,1,PARALLEL_PARK,,,,0.000,PARALLEL_1_BYPASS_FORWARD
611.1277,-2.9329,-41.3072,0.300,PARALLEL_PARK,1,PARALLEL_PARK,,,,0.000,PARALLEL_1_BYPASS_FORWARD
611.2276,-2.9738,-41.2160,0.300,PARALLEL_PARK,1,PARALLEL_PARK,,,,0.000,PARALLEL_1_BYPASS_FORWARD
611.3276,-3.0157,-41.1252,0.300,PARALLEL_PARK,1,PARALLEL_PARK,,,,0.000,PARALLEL_1_BYPASS_FORWARD
611.4277,-3.0587,-41.0349,0.300,PARALLEL_PARK,1,PARALLEL_PARK,,,,0.000,PARALLEL_1_BYPASS_FORWARD
611.5277,-3.1027,-40.9451,0.300,PARALLEL_PARK,1,PARALLEL_PARK,,,,0.000,PARALLEL_1_BYPASS_FORWARD
611.6277,-3.1477,-40.8558,0.300,PARALLEL_PARK,1,PARALLEL_PARK,,,,0.000,PARALLEL_1_BYPASS_FORWARD
611.7276,-3.1937,-40.7670,0.300,PARALLEL_PARK,1,PARALLEL_PARK,,,,0.000,PARALLEL_1_BYPASS_FORWARD
611.8276,-3.2405,-40.6786,0.300,PARALLEL_PARK,1,PARALLEL_PARK,,,,0.000,PARALLEL_1_BYPASS_FORWARD
611.9277,-3.2883,-40.5908,0.300,PARALLEL_PARK,1,PARALLEL_PARK,,,,0.000,PARALLEL_1_BYPASS_FORWARD
612.0276,-3.3369,-40.5034,0.300,PARALLEL_PARK,1,PARALLEL_PARK,,,,0.000,PARALLEL_1_BYPASS_FORWARD
612.1277,-3.3864,-40.4165,0.300,PARALLEL_PARK,1,PARALLEL_PARK,,,,0.000,PARALLEL_1_BYPASS_FORWARD
612.2276,-3.4367,-40.3301,0.300,PARALLEL_PARK,1,PARALLEL_PARK,,,,0.000,PARALLEL_1_BYPASS_FORWARD
612.3277,-3.4879,-40.2441,0.300,PARALLEL_PARK,1,PARALLEL_PARK,,,,0.000,PARALLEL_1_BYPASS_FORWARD
612.4276,-3.5397,-40.1587,0.300,PARALLEL_PARK,1,PARALLEL_PARK,,,,0.000,PARALLEL_1_BYPASS_FORWARD
612.5277,-3.5925,-40.0737,0.300,PARALLEL_PARK,1,PARALLEL_PARK,,,,0.000,PARALLEL_1_BYPASS_FORWARD
612.6277,-3.6459,-39.9891,0.300,PARALLEL_PARK,1,PARALLEL_PARK,,,,0.000,PARALLEL_1_BYPASS_FORWARD
612.7277,-3.6999,-39.9050,0.300,PARALLEL_PARK,1,PARALLEL_PARK,,,,0.000,PARALLEL_1_BYPASS_FORWARD
612.8277,-3.7548,-39.8214,0.300,PARALLEL_PARK,1,PARALLEL_PARK,,,,0.000,PARALLEL_1_BYPASS_FORWARD
612.9277,-3.8104,-39.7382,0.300,PARALLEL_PARK,1,PARALLEL_PARK,,,,0.000,PARALLEL_1_BYPASS_FORWARD
613.0277,-3.8665,-39.6555,0.300,PARALLEL_PARK,1,PARALLEL_PARK,,,,0.000,PARALLEL_1_BYPASS_FORWARD
613.1277,-3.9234,-39.5732,0.300,PARALLEL_PARK,1,PARALLEL_PARK,,,,0.000,PARALLEL_1_BYPASS_FORWARD
613.2276,-3.9808,-39.4914,0.300,PARALLEL_PARK,1,PARALLEL_PARK,,,,0.000,PARALLEL_1_BYPASS_FORWARD
613.3276,-4.0389,-39.4100,0.300,PARALLEL_PARK,1,PARALLEL_PARK,,,,0.000,PARALLEL_1_BYPASS_FORWARD
613.4277,-4.0977,-39.3290,0.300,PARALLEL_PARK,1,PARALLEL_PARK,,,,0.000,PARALLEL_1_BYPASS_FORWARD
613.5277,-4.1569,-39.2485,0.300,PARALLEL_PARK,1,PARALLEL_PARK,,,,0.000,PARALLEL_1_BYPASS_FORWARD
613.6276,-4.2168,-39.1685,0.300,PARALLEL_PARK,1,PARALLEL_PARK,,,,0.000,PARALLEL_1_BYPASS_FORWARD
613.7277,-4.2772,-39.0887,0.300,PARALLEL_PARK,1,PARALLEL_PARK,,,,0.000,PARALLEL_1_BYPASS_FORWARD
613.8276,-4.3382,-39.0095,0.300,PARALLEL_PARK,1,PARALLEL_PARK,,,,0.000,PARALLEL_1_BYPASS_FORWARD
613.9276,-4.3996,-38.9307,0.300,PARALLEL_PARK,1,PARALLEL_PARK,,,,0.000,PARALLEL_1_BYPASS_FORWARD
614.0277,-4.4618,-38.8522,0.300,PARALLEL_PARK,1,PARALLEL_PARK,,,,0.000,PARALLEL_1_BYPASS_FORWARD
614.1277,-4.5243,-38.7742,0.300,PARALLEL_PARK,1,PARALLEL_PARK,,,,0.000,PARALLEL_1_BYPASS_FORWARD
614.2277,-4.5873,-38.6966,0.300,PARALLEL_PARK,1,PARALLEL_PARK,,,,0.000,PARALLEL_1_BYPASS_FORWARD
614.3277,-4.6509,-38.6194,0.300,PARALLEL_PARK,1,PARALLEL_PARK,,,,0.000,PARALLEL_1_BYPASS_FORWARD
614.4276,-4.7149,-38.5426,0.300,PARALLEL_PARK,1,PARALLEL_PARK,,,,0.000,PARALLEL_1_BYPASS_FORWARD
614.5277,-4.7795,-38.4662,0.300,PARALLEL_PARK,1,PARALLEL_PARK,,,,0.000,PARALLEL_1_BYPASS_FORWARD
614.6276,-4.8444,-38.3902,0.300,PARALLEL_PARK,1,PARALLEL_PARK,,,,0.000,PARALLEL_1_BYPASS_FORWARD
614.7276,-4.9098,-38.3145,0.300,PARALLEL_PARK,1,PARALLEL_PARK,,,,0.000,PARALLEL_1_BYPASS_FORWARD
614.8277,-4.9757,-38.2393,0.300,PARALLEL_PARK,1,PARALLEL_PARK,,,,0.000,PARALLEL_1_BYPASS_FORWARD
614.9276,-5.0419,-38.1644,0.300,PARALLEL_PARK,1,PARALLEL_PARK,,,,0.000,PARALLEL_1_BYPASS_FORWARD
615.0277,-5.1087,-38.0899,0.300,PARALLEL_PARK,1,PARALLEL_PARK,,,,0.000,PARALLEL_1_BYPASS_FORWARD
615.1276,-5.1758,-38.0158,0.300,PARALLEL_PARK,1,PARALLEL_PARK,,,,0.000,PARALLEL_1_BYPASS_FORWARD
615.2277,-5.2434,-37.9421,0.300,PARALLEL_PARK,1,PARALLEL_PARK,,,,0.000,PARALLEL_1_BYPASS_FORWARD
615.3276,-5.3114,-37.8688,0.300,PARALLEL_PARK,1,PARALLEL_PARK,,,,0.000,PARALLEL_1_BYPASS_FORWARD
615.4277,-5.3798,-37.7957,0.300,PARALLEL_PARK,1,PARALLEL_PARK,,,,0.000,PARALLEL_1_BYPASS_FORWARD
615.5276,-5.4485,-37.7231,0.300,PARALLEL_PARK,1,PARALLEL_PARK,,,,0.000,PARALLEL_1_BYPASS_FORWARD
615.6277,-5.5176,-37.6509,0.300,PARALLEL_PARK,1,PARALLEL_PARK,,,,0.000,PARALLEL_1_BYPASS_FORWARD
615.7276,-5.5871,-37.5790,0.300,PARALLEL_PARK,1,PARALLEL_PARK,,,,0.000,PARALLEL_1_BYPASS_FORWARD
615.8277,-5.6569,-37.5074,0.300,PARALLEL_PARK,1,PARALLEL_PARK,,,,0.000,PARALLEL_1_BYPASS_FORWARD
615.9277,-5.7272,-37.4362,0.300,PARALLEL_PARK,1,PARALLEL_PARK,,,,0.000,PARALLEL_1_BYPASS_FORWARD
616.0277,-5.7977,-37.3653,0.300,PARALLEL_PARK,1,PARALLEL_PARK,,,,0.000,PARALLEL_1_BYPASS_FORWARD
616.1277,-5.8687,-37.2949,0.300,PARALLEL_PARK,1,PARALLEL_PARK,,,,0.000,PARALLEL_1_BYPASS_FORWARD
616.2276,-5.9400,-37.2247,0.300,PARALLEL_PARK,1,PARALLEL_PARK,,,,0.000,PARALLEL_1_BYPASS_FORWARD
616.3277,-6.0116,-37.1550,0.300,PARALLEL_PARK,1,PARALLEL_PARK,,,,0.000,PARALLEL_1_BYPASS_FORWARD
616.4277,-6.0835,-37.0855,0.300,PARALLEL_PARK,1,PARALLEL_PARK,,,,0.000,PARALLEL_1_BYPASS_FORWARD
616.5276,-6.1559,-37.0165,0.300,PARALLEL_PARK,1,PARALLEL_PARK,,,,0.000,PARALLEL_1_BYPASS_FORWARD
616.6277,-6.2284,-36.9476,0.300,PARALLEL_PARK,1,PARALLEL_PARK,,,,0.000,PARALLEL_1_BYPASS_FORWARD
616.7276,-6.3013,-36.8793,0.300,PARALLEL_PARK,1,PARALLEL_PARK,,,,0.000,PARALLEL_1_BYPASS_FORWARD
616.8276,-6.3746,-36.8112,0.300,PARALLEL_PARK,1,PARALLEL_PARK,,,,0.000,PARALLEL_1_BYPASS_FORWARD
616.9277,-6.4482,-36.7434,0.300,PARALLEL_PARK,1,PARALLEL_PARK,,,,0.000,PARALLEL_1_BYPASS_FORWARD
617.0277,-6.5220,-36.6759,0.300,PARALLEL_PARK,1,PARALLEL_PARK,,,,0.000,PARALLEL_1_BYPASS_FORWARD
617.1277,-6.5962,-36.6089,0.300,PARALLEL_PARK,1,PARALLEL_PARK,,,,0.000,PARALLEL_1_BYPASS_FORWARD
617.2277,-6.6706,-36.5421,0.300,PARALLEL_PARK,1,PARALLEL_PARK,,,,0.000,PARALLEL_1_BYPASS_FORWARD
617.3277,-6.7454,-36.4757,0.300,PARALLEL_PARK,1,PARALLEL_PARK,,,,0.000,PARALLEL_1_BYPASS_FORWARD
617.4276,-6.8203,-36.4096,0.300,PARALLEL_PARK,1,PARALLEL_PARK,,,,0.000,PARALLEL_1_BYPASS_FORWARD
617.5277,-6.8957,-36.3438,0.300,PARALLEL_PARK,1,PARALLEL_PARK,,,,0.000,PARALLEL_1_BYPASS_FORWARD
617.6277,-6.9713,-36.2783,0.300,PARALLEL_PARK,1,PARALLEL_PARK,,,,0.000,PARALLEL_1_BYPASS_FORWARD
617.7277,-7.0471,-36.2131,0.300,PARALLEL_PARK,1,PARALLEL_PARK,,,,0.000,PARALLEL_1_BYPASS_FORWARD
617.8277,-7.1233,-36.1484,0.300,PARALLEL_PARK,1,PARALLEL_PARK,,,,0.000,PARALLEL_1_BYPASS_FORWARD
617.9277,-7.1998,-36.0839,0.300,PARALLEL_PARK,1,PARALLEL_PARK,,,,0.000,PARALLEL_1_BYPASS_FORWARD
618.0277,-7.2764,-36.0197,0.300,PARALLEL_PARK,1,PARALLEL_PARK,,,,0.000,PARALLEL_1_BYPASS_FORWARD
618.1276,-7.3534,-35.9558,0.300,PARALLEL_PARK,1,PARALLEL_PARK,,,,0.000,PARALLEL_1_BYPASS_FORWARD
618.2276,-7.4306,-35.8923,0.300,PARALLEL_PARK,1,PARALLEL_PARK,,,,0.000,PARALLEL_1_BYPASS_FORWARD
618.3277,-7.5081,-35.8291,0.300,PARALLEL_PARK,1,PARALLEL_PARK,,,,0.000,PARALLEL_1_BYPASS_FORWARD
618.4277,-7.5858,-35.7662,0.300,PARALLEL_PARK,1,PARALLEL_PARK,,,,0.000,PARALLEL_1_BYPASS_FORWARD
618.5276,-7.6638,-35.7036,0.300,PARALLEL_PARK,1,PARALLEL_PARK,,,,0.000,PARALLEL_1_BYPASS_FORWARD
618.6277,-7.7421,-35.6413,0.300,PARALLEL_PARK,1,PARALLEL_PARK,,,,0.000,PARALLEL_1_BYPASS_FORWARD
618.7276,-7.8205,-35.5794,0.300,PARALLEL_PARK,1,PARALLEL_PARK,,,,0.000,PARALLEL_1_BYPASS_FORWARD
618.8277,-7.8993,-35.5177,0.300,PARALLEL_PARK,1,PARALLEL_PARK,,,,0.000,PARALLEL_1_BYPASS_FORWARD
618.9277,-7.9782,-35.4563,0.300,PARALLEL_PARK,1,PARALLEL_PARK,,,,0.000,PARALLEL_1_BYPASS_FORWARD
619.0277,-8.0575,-35.3953,0.300,PARALLEL_PARK,1,PARALLEL_PARK,,,,0.000,PARALLEL_1_BYPASS_FORWARD
619.1277,-8.1369,-35.3345,0.300,PARALLEL_PARK,1,PARALLEL_PARK,,,,0.000,PARALLEL_1_BYPASS_FORWARD
619.2277,-8.2166,-35.2741,0.300,PARALLEL_PARK,1,PARALLEL_PARK,,,,0.000,PARALLEL_1_BYPASS_FORWARD
619.3276,-8.2965,-35.2141,0.300,PARALLEL_PARK,1,PARALLEL_PARK,,,,0.000,PARALLEL_1_BYPASS_FORWARD
619.4277,-8.3767,-35.1543,0.300,PARALLEL_PARK,1,PARALLEL_PARK,,,,0.000,PARALLEL_1_BYPASS_FORWARD
619.5277,-8.4571,-35.0947,0.300,PARALLEL_PARK,1,PARALLEL_PARK,,,,0.000,PARALLEL_1_BYPASS_FORWARD
619.6277,-8.5376,-35.0355,0.300,PARALLEL_PARK,1,PARALLEL_PARK,,,,0.000,PARALLEL_1_BYPASS_FORWARD
619.7276,-8.6185,-34.9767,0.300,PARALLEL_PARK,1,PARALLEL_PARK,,,,0.000,PARALLEL_1_BYPASS_FORWARD
619.8276,-8.6995,-34.9181,0.300,PARALLEL_PARK,1,PARALLEL_PARK,,,,0.000,PARALLEL_1_BYPASS_FORWARD
619.9276,-8.7808,-34.8599,0.300,PARALLEL_PARK,1,PARALLEL_PARK,,,,0.000,PARALLEL_1_BYPASS_FORWARD
620.0276,-8.8623,-34.8020,0.300,PARALLEL_PARK,1,PARALLEL_PARK,,,,0.000,PARALLEL_1_BYPASS_FORWARD
620.1277,-8.9441,-34.7443,0.300,PARALLEL_PARK,1,PARALLEL_PARK,,,,0.000,PARALLEL_1_BYPASS_FORWARD
620.2276,-9.0260,-34.6870,0.300,PARALLEL_PARK,1,PARALLEL_PARK,,,,0.000,PARALLEL_1_BYPASS_FORWARD
620.3276,-9.1081,-34.6300,0.300,PARALLEL_PARK,1,PARALLEL_PARK,,,,0.000,PARALLEL_1_BYPASS_FORWARD
620.4276,-9.1904,-34.5732,0.300,PARALLEL_PARK,1,PARALLEL_PARK,,,,0.000,PARALLEL_1_BYPASS_FORWARD
620.5276,-9.2731,-34.5169,0.300,PARALLEL_PARK,1,PARALLEL_PARK,,,,0.000,PARALLEL_1_BYPASS_FORWARD
620.6277,-9.3558,-34.4607,0.300,PARALLEL_PARK,1,PARALLEL_PARK,,,,0.000,PARALLEL_1_BYPASS_FORWARD
620.7277,-9.4389,-34.4049,0.300,PARALLEL_PARK,1,PARALLEL_PARK,,,,0.000,PARALLEL_1_BYPASS_FORWARD
620.8276,-9.5220,-34.3495,0.300,PARALLEL_PARK,1,PARALLEL_PARK,,,,0.000,PARALLEL_1_BYPASS_FORWARD
620.9277,-9.6055,-34.2943,0.300,PARALLEL_PARK,1,PARALLEL_PARK,,,,0.000,PARALLEL_1_BYPASS_FORWARD
621.0277,-9.6891,-34.2395,0.300,PARALLEL_PARK,1,PARALLEL_PARK,,,,0.000,PARALLEL_1_BYPASS_FORWARD
621.1276,-9.7729,-34.1850,0.300,PARALLEL_PARK,1,PARALLEL_PARK,,,,0.000,PARALLEL_1_BYPASS_FORWARD
621.2277,-9.8570,-34.1308,0.300,PARALLEL_PARK,1,PARALLEL_PARK,,,,0.000,PARALLEL_1_BYPASS_FORWARD
621.3277,-9.9412,-34.0768,0.300,PARALLEL_PARK,1,PARALLEL_PARK,,,,0.000,PARALLEL_1_BYPASS_FORWARD
621.4276,-10.0256,-34.0233,0.300,PARALLEL_PARK,1,PARALLEL_PARK,,,,0.000,PARALLEL_1_BYPASS_FORWARD
621.5276,-10.1102,-33.9700,0.300,PARALLEL_PARK,1,PARALLEL_PARK,,,,0.000,PARALLEL_1_BYPASS_FORWARD
621.6277,-10.1950,-33.9170,0.300,PARALLEL_PARK,1,PARALLEL_PARK,,,,0.000,PARALLEL_1_BYPASS_FORWARD
621.7277,-10.2801,-33.8644,0.300,PARALLEL_PARK,1,PARALLEL_PARK,,,,0.000,PARALLEL_1_BYPASS_FORWARD
621.8277,-10.3653,-33.8121,0.300,PARALLEL_PARK,1,PARALLEL_PARK,,,,0.000,PARALLEL_1_BYPASS_FORWARD
621.9276,-10.4507,-33.7601,0.300,PARALLEL_PARK,1,PARALLEL_PARK,,,,0.000,PARALLEL_1_BYPASS_FORWARD
622.0277,-10.5364,-33.7084,0.300,PARALLEL_PARK,1,PARALLEL_PARK,,,,0.000,PARALLEL_1_BYPASS_FORWARD
622.1277,-10.6222,-33.6570,0.300,PARALLEL_PARK,1,PARALLEL_PARK,,,,0.000,PARALLEL_1_BYPASS_FORWARD
622.2277,-10.7081,-33.6060,0.300,PARALLEL_PARK,1,PARALLEL_PARK,,,,0.000,PARALLEL_1_BYPASS_FORWARD
622.3277,-10.7943,-33.5553,0.300,PARALLEL_PARK,1,PARALLEL_PARK,,,,0.000,PARALLEL_1_BYPASS_FORWARD
622.4276,-10.8807,-33.5050,0.300,PARALLEL_PARK,1,PARALLEL_PARK,,,,0.000,PARALLEL_1_BYPASS_FORWARD
622.5277,-10.9673,-33.4549,0.300,PARALLEL_PARK,1,PARALLEL_PARK,,,,0.000,PARALLEL_1_BYPASS_FORWARD
622.6277,-11.0541,-33.4052,0.300,PARALLEL_PARK,1,PARALLEL_PARK,,,,0.000,PARALLEL_1_BYPASS_FORWARD
622.7277,-11.1410,-33.3558,0.300,PARALLEL_PARK,1,PARALLEL_PARK,,,,0.000,PARALLEL_1_BYPASS_FORWARD
622.8276,-11.2282,-33.3068,0.300,PARALLEL_PARK,1,PARALLEL_PARK,,,,0.000,PARALLEL_1_BYPASS_FORWARD
622.9277,-11.3155,-33.2581,0.300,PARALLEL_PARK,1,PARALLEL_PARK,,,,0.000,PARALLEL_1_BYPASS_FORWARD
623.0276,-11.4030,-33.2097,0.300,PARALLEL_PARK,1,PARALLEL_PARK,,,,0.000,PARALLEL_1_BYPASS_FORWARD
623.1276,-11.4908,-33.1618,0.300,PARALLEL_PARK,1,PARALLEL_PARK,,,,0.000,PARALLEL_1_BYPASS_FORWARD
623.2277,-11.5787,-33.1140,0.300,PARALLEL_PARK,1,PARALLEL_PARK,,,,0.000,PARALLEL_1_BYPASS_FORWARD
623.3276,-11.6668,-33.0667,0.300,PARALLEL_PARK,1,PARALLEL_PARK,,,,0.000,PARALLEL_1_BYPASS_FORWARD
623.4277,-11.7551,-33.0198,0.300,PARALLEL_PARK,1,PARALLEL_PARK,,,,0.000,PARALLEL_1_BYPASS_FORWARD
623.5277,-11.8436,-32.9731,0.300,PARALLEL_PARK,1,PARALLEL_PARK,,,,0.000,PARALLEL_1_BYPASS_FORWARD
623.6276,-11.9321,-32.9269,0.300,PARALLEL_PARK,1,PARALLEL_PARK,,,,0.000,PARALLEL_1_BYPASS_FORWARD
623.7277,-12.0211,-32.8810,0.300,PARALLEL_PARK,1,PARALLEL_PARK,,,,0.000,PARALLEL_1_BYPASS_FORWARD
623.8276,-12.1100,-32.8354,0.300,PARALLEL_PARK,1,PARALLEL_PARK,,,,0.000,PARALLEL_1_BYPASS_FORWARD
623.9277,-12.1993,-32.7903,0.300,PARALLEL_PARK,1,PARALLEL_PARK,,,,0.000,PARALLEL_1_BYPASS_FORWARD
624.0277,-12.2887,-32.7454,0.300,PARALLEL_PARK,1,PARALLEL_PARK,,,,0.000,PARALLEL_1_BYPASS_FORWARD
624.1277,-12.3783,-32.7010,0.300,PARALLEL_PARK,1,PARALLEL_PARK,,,,0.000,PARALLEL_1_BYPASS_FORWARD
624.2276,-12.4680,-32.6570,0.300,PARALLEL_PARK,1,PARALLEL_PARK,,,,0.000,PARALLEL_1_BYPASS_FORWARD
624.3277,-12.5580,-32.6133,0.300,PARALLEL_PARK,1,PARALLEL_PARK,,,,0.000,PARALLEL_1_BYPASS_FORWARD
624.4276,-12.6481,-32.5699,0.300,PARALLEL_PARK,1,PARALLEL_PARK,,,,0.000,PARALLEL_1_BYPASS_FORWARD
624.5276,-12.7384,-32.5270,0.300,PARALLEL_PARK,1,PARALLEL_PARK,,,,0.000,PARALLEL_1_BYPASS_FORWARD
624.6277,-12.8289,-32.4845,0.300,PARALLEL_PARK,1,PARALLEL_PARK,,,,0.000,PARALLEL_1_BYPASS_FORWARD
624.7277,-12.9196,-32.4424,0.300,PARALLEL_PARK,1,PARALLEL_PARK,,,,0.000,PARALLEL_1_BYPASS_FORWARD
624.8277,-13.0105,-32.4006,0.300,PARALLEL_PARK,1,PARALLEL_PARK,,,,0.000,PARALLEL_1_BYPASS_FORWARD
624.9277,-13.1016,-32.3593,0.300,PARALLEL_PARK,1,PARALLEL_PARK,,,,0.000,PARALLEL_1_BYPASS_FORWARD
625.0277,-13.1928,-32.3183,0.300,PARALLEL_PARK,1,PARALLEL_PARK,,,,0.000,PARALLEL_1_BYPASS_FORWARD
625.1276,-13.2842,-32.2778,0.300,PARALLEL_PARK,1,PARALLEL_PARK,,,,0.000,PARALLEL_1_BYPASS_FORWARD
625.2276,-13.3758,-32.2378,0.300,PARALLEL_PARK,1,PARALLEL_PARK,,,,0.000,PARALLEL_1_BYPASS_FORWARD
625.3277,-13.4676,-32.1981,0.300,PARALLEL_PARK,1,PARALLEL_PARK,,,,0.000,PARALLEL_1_BYPASS_FORWARD
625.4277,-13.5596,-32.1588,0.300,PARALLEL_PARK,1,PARALLEL_PARK,,,,0.000,PARALLEL_1_BYPASS_FORWARD
625.5277,-13.6518,-32.1200,0.300,PARALLEL_PARK,1,PARALLEL_PARK,,,,0.000,PARALLEL_1_BYPASS_FORWARD
625.6277,-13.7441,-32.0817,0.300,PARALLEL_PARK,1,PARALLEL_PARK,,,,0.000,PARALLEL_1_BYPASS_FORWARD
625.7276,-13.8366,-32.0437,0.300,PARALLEL_PARK,1,PARALLEL_PARK,,,,0.000,PARALLEL_1_BYPASS_FORWARD
625.8277,-13.9294,-32.0063,0.300,PARALLEL_PARK,1,PARALLEL_PARK,,,,0.000,PARALLEL_1_BYPASS_FORWARD
625.9277,-14.0223,-31.9693,0.300,PARALLEL_PARK,1,PARALLEL_PARK,,,,0.000,PARALLEL_1_BYPASS_FORWARD
626.0277,-14.1154,-31.9327,0.300,PARALLEL_PARK,1,PARALLEL_PARK,,,,0.000,PARALLEL_1_BYPASS_FORWARD
626.1276,-14.2086,-31.8966,0.300,PARALLEL_PARK,1,PARALLEL_PARK,,,,0.000,PARALLEL_1_BYPASS_FORWARD
626.2276,-14.3021,-31.8611,0.300,PARALLEL_PARK,1,PARALLEL_PARK,,,,0.000,PARALLEL_1_BYPASS_FORWARD
626.3276,-14.3957,-31.8260,0.300,PARALLEL_PARK,1,PARALLEL_PARK,,,,0.000,PARALLEL_1_BYPASS_FORWARD
626.4277,-14.4896,-31.7913,0.300,PARALLEL_PARK,1,PARALLEL_PARK,,,,0.000,PARALLEL_1_BYPASS_FORWARD
626.5277,-14.5835,-31.7572,0.300,PARALLEL_PARK,1,PARALLEL_PARK,,,,0.000,PARALLEL_1_BYPASS_FORWARD
626.6276,-14.6777,-31.7237,0.300,PARALLEL_PARK,1,PARALLEL_PARK,,,,0.000,PARALLEL_1_BYPASS_FORWARD
626.7277,-14.7721,-31.6906,0.300,PARALLEL_PARK,1,PARALLEL_PARK,,,,0.000,PARALLEL_1_BYPASS_FORWARD
626.8277,-14.8666,-31.6581,0.300,PARALLEL_PARK,1,PARALLEL_PARK,,,,0.000,PARALLEL_1_BYPASS_FORWARD
626.9277,-14.9614,-31.6261,0.300,PARALLEL_PARK,1,PARALLEL_PARK,,,,0.000,PARALLEL_1_BYPASS_FORWARD
627.0277,-15.0563,-31.5946,0.300,PARALLEL_PARK,1,PARALLEL_PARK,,,,0.000,PARALLEL_1_BYPASS_FORWARD
627.1277,-15.1514,-31.5638,0.300,PARALLEL_PARK,1,PARALLEL_PARK,,,,0.000,PARALLEL_1_BYPASS_FORWARD
627.2277,-15.2467,-31.5334,0.300,PARALLEL_PARK,1,PARALLEL_PARK,,,,0.000,PARALLEL_1_BYPASS_FORWARD
627.3276,-15.3421,-31.5036,0.300,PARALLEL_PARK,1,PARALLEL_PARK,,,,0.000,PARALLEL_1_BYPASS_FORWARD
627.4277,-15.4379,-31.4745,0.300,PARALLEL_PARK,1,PARALLEL_PARK,,,,0.000,PARALLEL_1_BYPASS_FORWARD
627.5277,-15.5337,-31.4460,0.300,PARALLEL_PARK,1,PARALLEL_PARK,,,,0.000,PARALLEL_1_BYPASS_FORWARD
627.6277,-15.6297,-31.4180,0.300,PARALLEL_PARK,1,PARALLEL_PARK,,,,0.000,PARALLEL_1_BYPASS_FORWARD
627.7276,-15.7259,-31.3908,0.300,PARALLEL_PARK,1,PARALLEL_PARK,,,,0.000,PARALLEL_1_BYPASS_FORWARD
627.8277,-15.8223,-31.3641,0.300,PARALLEL_PARK,1,PARALLEL_PARK,,,,0.000,PARALLEL_1_BYPASS_FORWARD
627.9276,-15.9188,-31.3381,0.300,PARALLEL_PARK,1,PARALLEL_PARK,,,,0.000,PARALLEL_1_BYPASS_FORWARD
628.0276,-16.0156,-31.3128,0.300,PARALLEL_PARK,1,PARALLEL_PARK,,,,0.000,PARALLEL_1_BYPASS_FORWARD
628.1276,-16.1125,-31.2882,0.300,PARALLEL_PARK,1,PARALLEL_PARK,,,,0.000,PARALLEL_1_BYPASS_FORWARD
628.2277,-16.2097,-31.2642,0.300,PARALLEL_PARK,1,PARALLEL_PARK,,,,0.000,PARALLEL_1_BYPASS_FORWARD
628.3276,-16.3068,-31.2410,0.300,PARALLEL_PARK,1,PARALLEL_PARK,,,,0.000,PARALLEL_1_BYPASS_FORWARD
628.4276,-16.4043,-31.2186,0.300,PARALLEL_PARK,1,PARALLEL_PARK,,,,0.000,PARALLEL_1_BYPASS_FORWARD
628.5276,-16.5019,-31.1968,0.300,PARALLEL_PARK,1,PARALLEL_PARK,,,,0.000,PARALLEL_1_BYPASS_FORWARD
628.6277,-16.5997,-31.1759,0.300,PARALLEL_PARK,1,PARALLEL_PARK,,,,0.000,PARALLEL_1_BYPASS_FORWARD
628.7277,-16.6977,-31.1558,0.300,PARALLEL_PARK,1,PARALLEL_PARK,,,,0.000,PARALLEL_1_BYPASS_FORWARD
628.8277,-16.7958,-31.1364,0.300,PARALLEL_PARK,1,PARALLEL_PARK,,,,0.000,PARALLEL_1_BYPASS_FORWARD
628.9276,-16.8940,-31.1179,0.300,PARALLEL_PARK,1,PARALLEL_PARK,,,,0.000,PARALLEL_1_BYPASS_FORWARD
629.0276,-16.9925,-31.1002,0.300,PARALLEL_PARK,1,PARALLEL_PARK,,,,0.000,PARALLEL_1_BYPASS_FORWARD
629.1277,-17.0911,-31.0836,0.300,PARALLEL_PARK,1,PARALLEL_PARK,,,,0.000,PARALLEL_1_BYPASS_FORWARD
629.2277,-17.1898,-31.0677,0.300,PARALLEL_PARK,1,PARALLEL_PARK,,,,0.000,PARALLEL_1_BYPASS_FORWARD
629.3276,-17.2887,-31.0528,0.300,PARALLEL_PARK,1,PARALLEL_PARK,,,,0.000,PARALLEL_1_BYPASS_FORWARD
629.4276,-17.3877,-31.0388,0.300,PARALLEL_PARK,1,PARALLEL_PARK,,,,0.000,PARALLEL_1_BYPASS_FORWARD
629.5277,-17.4869,-31.0259,0.300,PARALLEL_PARK,1,PARALLEL_PARK,,,,0.000,PARALLEL_1_BYPASS_FORWARD
629.6276,-17.5861,-31.0140,0.300,PARALLEL_PARK,1,PARALLEL_PARK,,,,0.000,PARALLEL_1_BYPASS_FORWARD
629.7276,-17.6855,-31.0030,0.300,PARALLEL_PARK,1,PARALLEL_PARK,,,,0.000,PARALLEL_1_BYPASS_FORWARD
629.8277,-17.7851,-30.9932,0.300,PARALLEL_PARK,1,PARALLEL_PARK,,,,0.000,PARALLEL_1_BYPASS_FORWARD
629.9277,-17.8847,-30.9845,0.300,PARALLEL_PARK,1,PARALLEL_PARK,,,,0.000,PARALLEL_1_BYPASS_FORWARD
630.0277,-17.9844,-30.9769,0.300,PARALLEL_PARK,1,PARALLEL_PARK,,,,0.000,PARALLEL_1_BYPASS_FORWARD
630.1276,-18.0841,-30.9706,0.300,PARALLEL_PARK,1,PARALLEL_PARK,,,,0.000,PARALLEL_1_BYPASS_FORWARD
630.2276,-18.1840,-30.9655,0.300,PARALLEL_PARK,1,PARALLEL_PARK,,,,0.000,PARALLEL_1_BYPASS_FORWARD
630.3277,-18.2840,-30.9616,0.300,PARALLEL_PARK,1,PARALLEL_PARK,,,,0.000,PARALLEL_1_BYPASS_FORWARD
630.4276,-18.3839,-30.9590,0.300,PARALLEL_PARK,1,PARALLEL_PARK,,,,0.000,PARALLEL_1_BYPASS_FORWARD
630.5276,-18.4839,-30.9579,0.300,PARALLEL_PARK,1,PARALLEL_PARK,,,,0.000,PARALLEL_1_BYPASS_FORWARD
630.6277,-18.5840,-30.9580,0.300,PARALLEL_PARK,1,PARALLEL_PARK,,,,0.000,PARALLEL_1_BYPASS_FORWARD
630.7277,-18.6840,-30.9597,0.300,PARALLEL_PARK,1,PARALLEL_PARK,,,,0.000,PARALLEL_1_BYPASS_FORWARD
630.8276,-18.7839,-30.9628,0.300,PARALLEL_PARK,1,PARALLEL_PARK,,,,0.000,PARALLEL_1_BYPASS_FORWARD
630.9276,-18.8838,-30.9676,0.300,PARALLEL_PARK,1,PARALLEL_PARK,,,,0.000,PARALLEL_1_BYPASS_FORWARD
631.0276,-18.9836,-30.9739,0.300,PARALLEL_PARK,1,PARALLEL_PARK,,,,0.000,PARALLEL_1_BYPASS_FORWARD
631.0610,-19.0168,-30.9763,0.300,PARALLEL_PARK,-1,PARALLEL_PARK,PARALLEL_1_FORWARD_TO_REVERSE,SET_REVERSE,,0.000,PARALLEL_1_PARK_REVERSE
631.0710,-19.0069,-30.9756,0.300,PARALLEL_PARK,-1,PARALLEL_PARK,,,,0.000,PARALLEL_1_PARK_REVERSE
631.1711,-18.9071,-30.9678,0.300,PARALLEL_PARK,-1,PARALLEL_PARK,,,,0.000,PARALLEL_1_PARK_REVERSE
631.2710,-18.8075,-30.9597,0.300,PARALLEL_PARK,-1,PARALLEL_PARK,,,,0.000,PARALLEL_1_PARK_REVERSE
631.3711,-18.7078,-30.9511,0.300,PARALLEL_PARK,-1,PARALLEL_PARK,,,,0.000,PARALLEL_1_PARK_REVERSE
631.4710,-18.6082,-30.9418,0.300,PARALLEL_PARK,-1,PARALLEL_PARK,,,,0.000,PARALLEL_1_PARK_REVERSE
631.5710,-18.5088,-30.9314,0.300,PARALLEL_PARK,-1,PARALLEL_PARK,,,,0.000,PARALLEL_1_PARK_REVERSE
631.6710,-18.4094,-30.9201,0.300,PARALLEL_PARK,-1,PARALLEL_PARK,,,,0.000,PARALLEL_1_PARK_REVERSE
631.7710,-18.3102,-30.9076,0.300,PARALLEL_PARK,-1,PARALLEL_PARK,,,,0.000,PARALLEL_1_PARK_REVERSE
631.8710,-18.2112,-30.8936,0.300,PARALLEL_PARK,-1,PARALLEL_PARK,,,,0.000,PARALLEL_1_PARK_REVERSE
631.9710,-18.1124,-30.8785,0.300,PARALLEL_PARK,-1,PARALLEL_PARK,,,,0.000,PARALLEL_1_PARK_REVERSE
632.0710,-18.0138,-30.8618,0.300,PARALLEL_PARK,-1,PARALLEL_PARK,,,,0.000,PARALLEL_1_PARK_REVERSE
632.1711,-17.9154,-30.8438,0.300,PARALLEL_PARK,-1,PARALLEL_PARK,,,,0.000,PARALLEL_1_PARK_REVERSE
632.2710,-17.8174,-30.8241,0.300,PARALLEL_PARK,-1,PARALLEL_PARK,,,,0.000,PARALLEL_1_PARK_REVERSE
632.3710,-17.7196,-30.8031,0.300,PARALLEL_PARK,-1,PARALLEL_PARK,,,,0.000,PARALLEL_1_PARK_REVERSE
632.4710,-17.6222,-30.7805,0.300,PARALLEL_PARK,-1,PARALLEL_PARK,,,,0.000,PARALLEL_1_PARK_REVERSE
632.5710,-17.5251,-30.7564,0.300,PARALLEL_PARK,-1,PARALLEL_PARK,,,,0.000,PARALLEL_1_PARK_REVERSE
632.6710,-17.4285,-30.7308,0.300,PARALLEL_PARK,-1,PARALLEL_PARK,,,,0.000,PARALLEL_1_PARK_REVERSE
632.7710,-17.3322,-30.7038,0.300,PARALLEL_PARK,-1,PARALLEL_PARK,,,,0.000,PARALLEL_1_PARK_REVERSE
632.8710,-17.2363,-30.6753,0.300,PARALLEL_PARK,-1,PARALLEL_PARK,,,,0.000,PARALLEL_1_PARK_REVERSE
632.9710,-17.1410,-30.6453,0.300,PARALLEL_PARK,-1,PARALLEL_PARK,,,,0.000,PARALLEL_1_PARK_REVERSE
633.0710,-17.0460,-30.6140,0.300,PARALLEL_PARK,-1,PARALLEL_PARK,,,,0.000,PARALLEL_1_PARK_REVERSE
633.1710,-16.9515,-30.5812,0.300,PARALLEL_PARK,-1,PARALLEL_PARK,,,,0.000,PARALLEL_1_PARK_REVERSE
633.2710,-16.8574,-30.5472,0.300,PARALLEL_PARK,-1,PARALLEL_PARK,,,,0.000,PARALLEL_1_PARK_REVERSE
633.3710,-16.7639,-30.5119,0.300,PARALLEL_PARK,-1,PARALLEL_PARK,,,,0.000,PARALLEL_1_PARK_REVERSE
633.4710,-16.6709,-30.4753,0.300,PARALLEL_PARK,-1,PARALLEL_PARK,,,,0.000,PARALLEL_1_PARK_REVERSE
633.5710,-16.5783,-30.4374,0.300,PARALLEL_PARK,-1,PARALLEL_PARK,,,,0.000,PARALLEL_1_PARK_REVERSE
633.6710,-16.4862,-30.3983,0.300,PARALLEL_PARK,-1,PARALLEL_PARK,,,,0.000,PARALLEL_1_PARK_REVERSE
633.7710,-16.3947,-30.3581,0.300,PARALLEL_PARK,-1,PARALLEL_PARK,,,,0.000,PARALLEL_1_PARK_REVERSE
633.8710,-16.3037,-30.3167,0.300,PARALLEL_PARK,-1,PARALLEL_PARK,,,,0.000,PARALLEL_1_PARK_REVERSE
633.9710,-16.2131,-30.2743,0.300,PARALLEL_PARK,-1,PARALLEL_PARK,,,,0.000,PARALLEL_1_PARK_REVERSE
634.0710,-16.1231,-30.2307,0.300,PARALLEL_PARK,-1,PARALLEL_PARK,,,,0.000,PARALLEL_1_PARK_REVERSE
634.1710,-16.0336,-30.1861,0.300,PARALLEL_PARK,-1,PARALLEL_PARK,,,,0.000,PARALLEL_1_PARK_REVERSE
634.2709,-15.9446,-30.1405,0.300,PARALLEL_PARK,-1,PARALLEL_PARK,,,,0.000,PARALLEL_1_PARK_REVERSE
634.3710,-15.8561,-30.0939,0.300,PARALLEL_PARK,-1,PARALLEL_PARK,,,,0.000,PARALLEL_1_PARK_REVERSE
634.4710,-15.7681,-30.0464,0.300,PARALLEL_PARK,-1,PARALLEL_PARK,,,,0.000,PARALLEL_1_PARK_REVERSE
634.5710,-15.6806,-29.9980,0.300,PARALLEL_PARK,-1,PARALLEL_PARK,,,,0.000,PARALLEL_1_PARK_REVERSE
634.6710,-15.5936,-29.9486,0.300,PARALLEL_PARK,-1,PARALLEL_PARK,,,,0.000,PARALLEL_1_PARK_REVERSE
634.7710,-15.5071,-29.8986,0.300,PARALLEL_PARK,-1,PARALLEL_PARK,,,,0.000,PARALLEL_1_PARK_REVERSE
634.8710,-15.4210,-29.8477,0.300,PARALLEL_PARK,-1,PARALLEL_PARK,,,,0.000,PARALLEL_1_PARK_REVERSE
634.9710,-15.3354,-29.7960,0.300,PARALLEL_PARK,-1,PARALLEL_PARK,,,,0.000,PARALLEL_1_PARK_REVERSE
635.0710,-15.2502,-29.7436,0.300,PARALLEL_PARK,-1,PARALLEL_PARK,,,,0.000,PARALLEL_1_PARK_REVERSE
635.1710,-15.1655,-29.6905,0.300,PARALLEL_PARK,-1,PARALLEL_PARK,,,,0.000,PARALLEL_1_PARK_REVERSE
635.2710,-15.0812,-29.6367,0.300,PARALLEL_PARK,-1,PARALLEL_PARK,,,,0.000,PARALLEL_1_PARK_REVERSE
635.3710,-14.9973,-29.5824,0.300,PARALLEL_PARK,-1,PARALLEL_PARK,,,,0.000,PARALLEL_1_PARK_REVERSE
635.4710,-14.9137,-29.5274,0.300,PARALLEL_PARK,-1,PARALLEL_PARK,,,,0.000,PARALLEL_1_PARK_REVERSE
635.5710,-14.8305,-29.4719,0.300,PARALLEL_PARK,-1,PARALLEL_PARK,,,,0.000,PARALLEL_1_PARK_REVERSE
635.6709,-14.7477,-29.4159,0.300,PARALLEL_PARK,-1,PARALLEL_PARK,,,,0.000,PARALLEL_1_PARK_REVERSE
635.7710,-14.6652,-29.3594,0.300,PARALLEL_PARK,-1,PARALLEL_PARK,,,,0.000,PARALLEL_1_PARK_REVERSE
635.8710,-14.5829,-29.3025,0.300,PARALLEL_PARK,-1,PARALLEL_PARK,,,,0.000,PARALLEL_1_PARK_REVERSE
635.9710,-14.5010,-29.2452,0.300,PARALLEL_PARK,-1,PARALLEL_PARK,,,,0.000,PARALLEL_1_PARK_REVERSE
636.0710,-14.4192,-29.1876,0.300,PARALLEL_PARK,-1,PARALLEL_PARK,,,,0.000,PARALLEL_1_PARK_REVERSE
636.1710,-14.3378,-29.1296,0.300,PARALLEL_PARK,-1,PARALLEL_PARK,,,,0.000,PARALLEL_1_PARK_REVERSE
636.2710,-14.2564,-29.0715,0.300,PARALLEL_PARK,-1,PARALLEL_PARK,,,,0.000,PARALLEL_1_PARK_REVERSE
636.3710,-14.1752,-29.0130,0.300,PARALLEL_PARK,-1,PARALLEL_PARK,,,,0.000,PARALLEL_1_PARK_REVERSE
636.4710,-14.0942,-28.9544,0.300,PARALLEL_PARK,-1,PARALLEL_PARK,,,,0.000,PARALLEL_1_PARK_REVERSE
636.5710,-14.0132,-28.8958,0.300,PARALLEL_PARK,-1,PARALLEL_PARK,,,,0.000,PARALLEL_1_PARK_REVERSE
636.6709,-13.9323,-28.8371,0.300,PARALLEL_PARK,-1,PARALLEL_PARK,,,,0.000,PARALLEL_1_PARK_REVERSE
636.7709,-13.8514,-28.7783,0.300,PARALLEL_PARK,-1,PARALLEL_PARK,,,,0.000,PARALLEL_1_PARK_REVERSE
636.8710,-13.7704,-28.7196,0.300,PARALLEL_PARK,-1,PARALLEL_PARK,,,,0.000,PARALLEL_1_PARK_REVERSE
636.9710,-13.6893,-28.6610,0.300,PARALLEL_PARK,-1,PARALLEL_PARK,,,,0.000,PARALLEL_1_PARK_REVERSE
637.0710,-13.6082,-28.6026,0.300,PARALLEL_PARK,-1,PARALLEL_PARK,,,,0.000,PARALLEL_1_PARK_REVERSE
637.1710,-13.5269,-28.5444,0.300,PARALLEL_PARK,-1,PARALLEL_PARK,,,,0.000,PARALLEL_1_PARK_REVERSE
637.2710,-13.4453,-28.4865,0.300,PARALLEL_PARK,-1,PARALLEL_PARK,,,,0.000,PARALLEL_1_PARK_REVERSE
637.3709,-13.3635,-28.4291,0.300,PARALLEL_PARK,-1,PARALLEL_PARK,,,,0.000,PARALLEL_1_PARK_REVERSE
637.4710,-13.2813,-28.3721,0.300,PARALLEL_PARK,-1,PARALLEL_PARK,,,,0.000,PARALLEL_1_PARK_REVERSE
637.5710,-13.1987,-28.3156,0.300,PARALLEL_PARK,-1,PARALLEL_PARK,,,,0.000,PARALLEL_1_PARK_REVERSE
637.6710,-13.1159,-28.2598,0.300,PARALLEL_PARK,-1,PARALLEL_PARK,,,,0.000,PARALLEL_1_PARK_REVERSE
637.7709,-13.0324,-28.2047,0.300,PARALLEL_PARK,-1,PARALLEL_PARK,,,,0.000,PARALLEL_1_PARK_REVERSE
637.8710,-12.9483,-28.1506,0.300,PARALLEL_PARK,-1,PARALLEL_PARK,,,,0.000,PARALLEL_1_PARK_REVERSE
637.9710,-12.8636,-28.0973,0.300,PARALLEL_PARK,-1,PARALLEL_PARK,,,,0.000,PARALLEL_1_PARK_REVERSE
638.0710,-12.7782,-28.0453,0.300,PARALLEL_PARK,-1,PARALLEL_PARK,,,,0.000,PARALLEL_1_PARK_REVERSE
638.1710,-12.6921,-27.9945,0.300,PARALLEL_PARK,-1,PARALLEL_PARK,,,,0.000,PARALLEL_1_PARK_REVERSE
638.2709,-12.6052,-27.9451,0.300,PARALLEL_PARK,-1,PARALLEL_PARK,,,,0.000,PARALLEL_1_PARK_REVERSE
638.3710,-12.5173,-27.8973,0.300,PARALLEL_PARK,-1,PARALLEL_PARK,,,,0.000,PARALLEL_1_PARK_REVERSE
638.4710,-12.4285,-27.8513,0.300,PARALLEL_PARK,-1,PARALLEL_PARK,,,,0.000,PARALLEL_1_PARK_REVERSE
638.5709,-12.3387,-27.8073,0.300,PARALLEL_PARK,-1,PARALLEL_PARK,,,,0.000,PARALLEL_1_PARK_REVERSE
638.6710,-12.2478,-27.7655,0.300,PARALLEL_PARK,-1,PARALLEL_PARK,,,,0.000,PARALLEL_1_PARK_REVERSE
638.7710,-12.1560,-27.7261,0.300,PARALLEL_PARK,-1,PARALLEL_PARK,,,,0.000,PARALLEL_1_PARK_REVERSE
638.8710,-12.0629,-27.6894,0.300,PARALLEL_PARK,-1,PARALLEL_PARK,,,,0.000,PARALLEL_1_PARK_REVERSE
638.9710,-11.9688,-27.6556,0.300,PARALLEL_PARK,-1,PARALLEL_PARK,,,,0.000,PARALLEL_1_PARK_REVERSE
639.0709,-11.8736,-27.6250,0.300,PARALLEL_PARK,-1,PARALLEL_PARK,,,,0.000,PARALLEL_1_PARK_REVERSE
639.1709,-11.7775,-27.5978,0.300,PARALLEL_PARK,-1,PARALLEL_PARK,,,,0.000,PARALLEL_1_PARK_REVERSE
639.2709,-11.6802,-27.5743,0.300,PARALLEL_PARK,-1,PARALLEL_PARK,,,,0.000,PARALLEL_1_PARK_REVERSE
639.3709,-11.5822,-27.5545,0.300,PARALLEL_PARK,-1,PARALLEL_PARK,,,,0.000,PARALLEL_1_PARK_REVERSE
639.4709,-11.4835,-27.5387,0.300,PARALLEL_PARK,-1,PARALLEL_PARK,,,,0.000,PARALLEL_1_PARK_REVERSE
639.5709,-11.3841,-27.5271,0.300,PARALLEL_PARK,-1,PARALLEL_PARK,,,,0.000,PARALLEL_1_PARK_REVERSE
639.6709,-11.2844,-27.5195,0.300,PARALLEL_PARK,-1,PARALLEL_PARK,,,,0.000,PARALLEL_1_PARK_REVERSE
639.7709,-11.1845,-27.5160,0.300,PARALLEL_PARK,-1,PARALLEL_PARK,,,,0.000,PARALLEL_1_PARK_REVERSE
639.8710,-11.0845,-27.5164,0.300,PARALLEL_PARK,-1,PARALLEL_PARK,,,,0.000,PARALLEL_1_PARK_REVERSE
639.9709,-10.9846,-27.5205,0.300,PARALLEL_PARK,-1,PARALLEL_PARK,,,,0.000,PARALLEL_1_PARK_REVERSE
640.0709,-10.8849,-27.5281,0.300,PARALLEL_PARK,-1,PARALLEL_PARK,,,,0.000,PARALLEL_1_PARK_REVERSE
640.1709,-10.7854,-27.5386,0.300,PARALLEL_PARK,-1,PARALLEL_PARK,,,,0.000,PARALLEL_1_PARK_REVERSE
640.2709,-10.6863,-27.5517,0.300,PARALLEL_PARK,-1,PARALLEL_PARK,,,,0.000,PARALLEL_1_PARK_REVERSE
640.3709,-10.5875,-27.5668,0.300,PARALLEL_PARK,-1,PARALLEL_PARK,,,,0.000,PARALLEL_1_PARK_REVERSE
640.4709,-10.4888,-27.5834,0.300,PARALLEL_PARK,-1,PARALLEL_PARK,,,,0.000,PARALLEL_1_PARK_REVERSE
640.5709,-10.3904,-27.6007,0.300,PARALLEL_PARK,-1,PARALLEL_PARK,,,,0.000,PARALLEL_1_PARK_REVERSE
640.6709,-10.2919,-27.6182,0.300,PARALLEL_PARK,-1,PARALLEL_PARK,,,,0.000,PARALLEL_1_PARK_REVERSE
640.7709,-10.1935,-27.6356,0.300,PARALLEL_PARK,-1,PARALLEL_PARK,,,,0.000,PARALLEL_1_PARK_REVERSE
640.8709,-10.0950,-27.6530,0.300,PARALLEL_PARK,-1,PARALLEL_PARK,,,,0.000,PARALLEL_1_PARK_REVERSE
640.9709,-9.9965,-27.6705,0.300,PARALLEL_PARK,-1,PARALLEL_PARK,,,,0.000,PARALLEL_1_PARK_REVERSE
641.0709,-9.8980,-27.6879,0.300,PARALLEL_PARK,-1,PARALLEL_PARK,,,,0.000,PARALLEL_1_PARK_REVERSE
641.1709,-9.7996,-27.7054,0.300,PARALLEL_PARK,-1,PARALLEL_PARK,,,,0.000,PARALLEL_1_PARK_REVERSE
641.2709,-9.7011,-27.7228,0.300,PARALLEL_PARK,-1,PARALLEL_PARK,,,,0.000,PARALLEL_1_PARK_REVERSE
641.3709,-9.6026,-27.7402,0.300,PARALLEL_PARK,-1,PARALLEL_PARK,,,,0.000,PARALLEL_1_PARK_REVERSE
641.4709,-9.5041,-27.7577,0.300,PARALLEL_PARK,-1,PARALLEL_PARK,,,,0.000,PARALLEL_1_PARK_REVERSE
641.5709,-9.4057,-27.7752,0.300,PARALLEL_PARK,-1,PARALLEL_PARK,,,,0.000,PARALLEL_1_PARK_REVERSE
641.6709,-9.3072,-27.7927,0.300,PARALLEL_PARK,-1,PARALLEL_PARK,,,,0.000,PARALLEL_1_PARK_REVERSE
641.7709,-9.2087,-27.8101,0.300,PARALLEL_PARK,-1,PARALLEL_PARK,,,,0.000,PARALLEL_1_PARK_REVERSE
641.8709,-9.1103,-27.8275,0.300,PARALLEL_PARK,-1,PARALLEL_PARK,,,,0.000,PARALLEL_1_PARK_REVERSE
641.9709,-9.0118,-27.8450,0.300,PARALLEL_PARK,1,PARALLEL_PARK,PARALLEL_1_PARK_COMPLETE|PARALLEL_1_REVERSE_TO_FORWARD,PARK_COMPLETE|SET_FORWARD,ALWAYS_ONCE,0.000,PARALLEL_1_PARK_EXIT_FORWARD
642.0709,-9.1103,-27.8275,0.300,PARALLEL_PARK,1,PARALLEL_PARK,,,,0.000,PARALLEL_1_PARK_EXIT_FORWARD
642.1708,-9.2087,-27.8101,0.300,PARALLEL_PARK,1,PARALLEL_PARK,,,,0.000,PARALLEL_1_PARK_EXIT_FORWARD
642.2709,-9.3072,-27.7927,0.300,PARALLEL_PARK,1,PARALLEL_PARK,,,,0.000,PARALLEL_1_PARK_EXIT_FORWARD
642.3709,-9.4057,-27.7752,0.300,PARALLEL_PARK,1,PARALLEL_PARK,,,,0.000,PARALLEL_1_PARK_EXIT_FORWARD
642.4709,-9.5041,-27.7577,0.300,PARALLEL_PARK,1,PARALLEL_PARK,,,,0.000,PARALLEL_1_PARK_EXIT_FORWARD
642.5709,-9.6026,-27.7402,0.300,PARALLEL_PARK,1,PARALLEL_PARK,,,,0.000,PARALLEL_1_PARK_EXIT_FORWARD
642.6709,-9.7011,-27.7228,0.300,PARALLEL_PARK,1,PARALLEL_PARK,,,,0.000,PARALLEL_1_PARK_EXIT_FORWARD
642.7709,-9.7996,-27.7054,0.300,PARALLEL_PARK,1,PARALLEL_PARK,,,,0.000,PARALLEL_1_PARK_EXIT_FORWARD
642.8709,-9.8980,-27.6879,0.300,PARALLEL_PARK,1,PARALLEL_PARK,,,,0.000,PARALLEL_1_PARK_EXIT_FORWARD
642.9709,-9.9965,-27.6705,0.300,PARALLEL_PARK,1,PARALLEL_PARK,,,,0.000,PARALLEL_1_PARK_EXIT_FORWARD
643.0709,-10.0950,-27.6530,0.300,PARALLEL_PARK,1,PARALLEL_PARK,,,,0.000,PARALLEL_1_PARK_EXIT_FORWARD
643.1709,-10.1935,-27.6356,0.300,PARALLEL_PARK,1,PARALLEL_PARK,,,,0.000,PARALLEL_1_PARK_EXIT_FORWARD
643.2709,-10.2919,-27.6182,0.300,PARALLEL_PARK,1,PARALLEL_PARK,,,,0.000,PARALLEL_1_PARK_EXIT_FORWARD
643.3709,-10.3904,-27.6007,0.300,PARALLEL_PARK,1,PARALLEL_PARK,,,,0.000,PARALLEL_1_PARK_EXIT_FORWARD
643.4709,-10.4888,-27.5834,0.300,PARALLEL_PARK,1,PARALLEL_PARK,,,,0.000,PARALLEL_1_PARK_EXIT_FORWARD
643.5709,-10.5875,-27.5668,0.300,PARALLEL_PARK,1,PARALLEL_PARK,,,,0.000,PARALLEL_1_PARK_EXIT_FORWARD
643.6709,-10.6863,-27.5517,0.300,PARALLEL_PARK,1,PARALLEL_PARK,,,,0.000,PARALLEL_1_PARK_EXIT_FORWARD
643.7708,-10.7854,-27.5386,0.300,PARALLEL_PARK,1,PARALLEL_PARK,,,,0.000,PARALLEL_1_PARK_EXIT_FORWARD
643.8709,-10.8849,-27.5281,0.300,PARALLEL_PARK,1,PARALLEL_PARK,,,,0.000,PARALLEL_1_PARK_EXIT_FORWARD
643.9709,-10.9846,-27.5205,0.300,PARALLEL_PARK,1,PARALLEL_PARK,,,,0.000,PARALLEL_1_PARK_EXIT_FORWARD
644.0708,-11.0845,-27.5164,0.300,PARALLEL_PARK,1,PARALLEL_PARK,,,,0.000,PARALLEL_1_PARK_EXIT_FORWARD
644.1709,-11.1845,-27.5160,0.300,PARALLEL_PARK,1,PARALLEL_PARK,,,,0.000,PARALLEL_1_PARK_EXIT_FORWARD
644.2709,-11.2844,-27.5195,0.300,PARALLEL_PARK,1,PARALLEL_PARK,,,,0.000,PARALLEL_1_PARK_EXIT_FORWARD
644.3709,-11.3841,-27.5271,0.300,PARALLEL_PARK,1,PARALLEL_PARK,,,,0.000,PARALLEL_1_PARK_EXIT_FORWARD
644.4709,-11.4835,-27.5387,0.300,PARALLEL_PARK,1,PARALLEL_PARK,,,,0.000,PARALLEL_1_PARK_EXIT_FORWARD
644.5708,-11.5822,-27.5545,0.300,PARALLEL_PARK,1,PARALLEL_PARK,,,,0.000,PARALLEL_1_PARK_EXIT_FORWARD
644.6709,-11.6802,-27.5743,0.300,PARALLEL_PARK,1,PARALLEL_PARK,,,,0.000,PARALLEL_1_PARK_EXIT_FORWARD
644.7709,-11.7775,-27.5978,0.300,PARALLEL_PARK,1,PARALLEL_PARK,,,,0.000,PARALLEL_1_PARK_EXIT_FORWARD
644.8708,-11.8736,-27.6250,0.300,PARALLEL_PARK,1,PARALLEL_PARK,,,,0.000,PARALLEL_1_PARK_EXIT_FORWARD
644.9708,-11.9688,-27.6556,0.300,PARALLEL_PARK,1,PARALLEL_PARK,,,,0.000,PARALLEL_1_PARK_EXIT_FORWARD
645.0708,-12.0629,-27.6894,0.300,PARALLEL_PARK,1,PARALLEL_PARK,,,,0.000,PARALLEL_1_PARK_EXIT_FORWARD
645.1708,-12.1560,-27.7261,0.300,PARALLEL_PARK,1,PARALLEL_PARK,,,,0.000,PARALLEL_1_PARK_EXIT_FORWARD
645.2708,-12.2478,-27.7655,0.300,PARALLEL_PARK,1,PARALLEL_PARK,,,,0.000,PARALLEL_1_PARK_EXIT_FORWARD
645.3708,-12.3387,-27.8073,0.300,PARALLEL_PARK,1,PARALLEL_PARK,,,,0.000,PARALLEL_1_PARK_EXIT_FORWARD
645.4708,-12.4285,-27.8513,0.300,PARALLEL_PARK,1,PARALLEL_PARK,,,,0.000,PARALLEL_1_PARK_EXIT_FORWARD
645.5708,-12.5173,-27.8973,0.300,PARALLEL_PARK,1,PARALLEL_PARK,,,,0.000,PARALLEL_1_PARK_EXIT_FORWARD
645.6708,-12.6052,-27.9451,0.300,PARALLEL_PARK,1,PARALLEL_PARK,,,,0.000,PARALLEL_1_PARK_EXIT_FORWARD
645.7708,-12.6921,-27.9945,0.300,PARALLEL_PARK,1,PARALLEL_PARK,,,,0.000,PARALLEL_1_PARK_EXIT_FORWARD
645.8708,-12.7782,-28.0453,0.300,PARALLEL_PARK,1,PARALLEL_PARK,,,,0.000,PARALLEL_1_PARK_EXIT_FORWARD
645.9708,-12.8636,-28.0973,0.300,PARALLEL_PARK,1,PARALLEL_PARK,,,,0.000,PARALLEL_1_PARK_EXIT_FORWARD
646.0708,-12.9483,-28.1506,0.300,PARALLEL_PARK,1,PARALLEL_PARK,,,,0.000,PARALLEL_1_PARK_EXIT_FORWARD
646.1708,-13.0324,-28.2047,0.300,PARALLEL_PARK,1,PARALLEL_PARK,,,,0.000,PARALLEL_1_PARK_EXIT_FORWARD
646.2708,-13.1159,-28.2598,0.300,PARALLEL_PARK,1,PARALLEL_PARK,,,,0.000,PARALLEL_1_PARK_EXIT_FORWARD
646.3708,-13.1987,-28.3156,0.300,PARALLEL_PARK,1,PARALLEL_PARK,,,,0.000,PARALLEL_1_PARK_EXIT_FORWARD
646.4708,-13.2813,-28.3721,0.300,PARALLEL_PARK,1,PARALLEL_PARK,,,,0.000,PARALLEL_1_PARK_EXIT_FORWARD
646.5708,-13.3635,-28.4291,0.300,PARALLEL_PARK,1,PARALLEL_PARK,,,,0.000,PARALLEL_1_PARK_EXIT_FORWARD
646.6708,-13.4453,-28.4865,0.300,PARALLEL_PARK,1,PARALLEL_PARK,,,,0.000,PARALLEL_1_PARK_EXIT_FORWARD
646.7708,-13.5269,-28.5444,0.300,PARALLEL_PARK,1,PARALLEL_PARK,,,,0.000,PARALLEL_1_PARK_EXIT_FORWARD
646.8708,-13.6082,-28.6026,0.300,PARALLEL_PARK,1,PARALLEL_PARK,,,,0.000,PARALLEL_1_PARK_EXIT_FORWARD
646.9708,-13.6893,-28.6610,0.300,PARALLEL_PARK,1,PARALLEL_PARK,,,,0.000,PARALLEL_1_PARK_EXIT_FORWARD
647.0708,-13.7704,-28.7196,0.300,PARALLEL_PARK,1,PARALLEL_PARK,,,,0.000,PARALLEL_1_PARK_EXIT_FORWARD
647.1708,-13.8514,-28.7783,0.300,PARALLEL_PARK,1,PARALLEL_PARK,,,,0.000,PARALLEL_1_PARK_EXIT_FORWARD
647.2709,-13.9323,-28.8371,0.300,PARALLEL_PARK,1,PARALLEL_PARK,,,,0.000,PARALLEL_1_PARK_EXIT_FORWARD
647.3708,-14.0132,-28.8958,0.300,PARALLEL_PARK,1,PARALLEL_PARK,,,,0.000,PARALLEL_1_PARK_EXIT_FORWARD
647.4708,-14.0942,-28.9544,0.300,PARALLEL_PARK,1,PARALLEL_PARK,,,,0.000,PARALLEL_1_PARK_EXIT_FORWARD
647.5708,-14.1752,-29.0130,0.300,PARALLEL_PARK,1,PARALLEL_PARK,,,,0.000,PARALLEL_1_PARK_EXIT_FORWARD
647.6708,-14.2564,-29.0715,0.300,PARALLEL_PARK,1,PARALLEL_PARK,,,,0.000,PARALLEL_1_PARK_EXIT_FORWARD
647.7708,-14.3378,-29.1296,0.300,PARALLEL_PARK,1,PARALLEL_PARK,,,,0.000,PARALLEL_1_PARK_EXIT_FORWARD
647.8708,-14.4192,-29.1876,0.300,PARALLEL_PARK,1,PARALLEL_PARK,,,,0.000,PARALLEL_1_PARK_EXIT_FORWARD
647.9708,-14.5010,-29.2452,0.300,PARALLEL_PARK,1,PARALLEL_PARK,,,,0.000,PARALLEL_1_PARK_EXIT_FORWARD
648.0708,-14.5829,-29.3025,0.300,PARALLEL_PARK,1,PARALLEL_PARK,,,,0.000,PARALLEL_1_PARK_EXIT_FORWARD
648.1708,-14.6652,-29.3594,0.300,PARALLEL_PARK,1,PARALLEL_PARK,,,,0.000,PARALLEL_1_PARK_EXIT_FORWARD
648.2709,-14.7477,-29.4159,0.300,PARALLEL_PARK,1,PARALLEL_PARK,,,,0.000,PARALLEL_1_PARK_EXIT_FORWARD
648.3708,-14.8305,-29.4719,0.300,PARALLEL_PARK,1,PARALLEL_PARK,,,,0.000,PARALLEL_1_PARK_EXIT_FORWARD
648.4708,-14.9137,-29.5274,0.300,PARALLEL_PARK,1,PARALLEL_PARK,,,,0.000,PARALLEL_1_PARK_EXIT_FORWARD
648.5708,-14.9973,-29.5824,0.300,PARALLEL_PARK,1,PARALLEL_PARK,,,,0.000,PARALLEL_1_PARK_EXIT_FORWARD
648.6708,-15.0812,-29.6367,0.300,PARALLEL_PARK,1,PARALLEL_PARK,,,,0.000,PARALLEL_1_PARK_EXIT_FORWARD
648.7708,-15.1655,-29.6905,0.300,PARALLEL_PARK,1,PARALLEL_PARK,,,,0.000,PARALLEL_1_PARK_EXIT_FORWARD
648.8708,-15.2502,-29.7436,0.300,PARALLEL_PARK,1,PARALLEL_PARK,,,,0.000,PARALLEL_1_PARK_EXIT_FORWARD
648.9708,-15.3354,-29.7960,0.300,PARALLEL_PARK,1,PARALLEL_PARK,,,,0.000,PARALLEL_1_PARK_EXIT_FORWARD
649.0708,-15.4210,-29.8477,0.300,PARALLEL_PARK,1,PARALLEL_PARK,,,,0.000,PARALLEL_1_PARK_EXIT_FORWARD
649.1708,-15.5071,-29.8986,0.300,PARALLEL_PARK,1,PARALLEL_PARK,,,,0.000,PARALLEL_1_PARK_EXIT_FORWARD
649.2708,-15.5936,-29.9486,0.300,PARALLEL_PARK,1,PARALLEL_PARK,,,,0.000,PARALLEL_1_PARK_EXIT_FORWARD
649.3708,-15.6806,-29.9980,0.300,PARALLEL_PARK,1,PARALLEL_PARK,,,,0.000,PARALLEL_1_PARK_EXIT_FORWARD
649.4708,-15.7681,-30.0464,0.300,PARALLEL_PARK,1,PARALLEL_PARK,,,,0.000,PARALLEL_1_PARK_EXIT_FORWARD
649.5708,-15.8561,-30.0939,0.300,PARALLEL_PARK,1,PARALLEL_PARK,,,,0.000,PARALLEL_1_PARK_EXIT_FORWARD
649.6708,-15.9446,-30.1405,0.300,PARALLEL_PARK,1,PARALLEL_PARK,,,,0.000,PARALLEL_1_PARK_EXIT_FORWARD
649.7708,-16.0336,-30.1861,0.300,PARALLEL_PARK,1,PARALLEL_PARK,,,,0.000,PARALLEL_1_PARK_EXIT_FORWARD
649.8708,-16.1231,-30.2307,0.300,PARALLEL_PARK,1,PARALLEL_PARK,,,,0.000,PARALLEL_1_PARK_EXIT_FORWARD
649.9708,-16.2131,-30.2743,0.300,PARALLEL_PARK,1,PARALLEL_PARK,,,,0.000,PARALLEL_1_PARK_EXIT_FORWARD
650.0708,-16.3037,-30.3167,0.300,PARALLEL_PARK,1,PARALLEL_PARK,,,,0.000,PARALLEL_1_PARK_EXIT_FORWARD
650.1708,-16.3947,-30.3581,0.300,PARALLEL_PARK,1,PARALLEL_PARK,,,,0.000,PARALLEL_1_PARK_EXIT_FORWARD
650.2708,-16.4862,-30.3983,0.300,PARALLEL_PARK,1,PARALLEL_PARK,,,,0.000,PARALLEL_1_PARK_EXIT_FORWARD
650.3708,-16.5783,-30.4374,0.300,PARALLEL_PARK,1,PARALLEL_PARK,,,,0.000,PARALLEL_1_PARK_EXIT_FORWARD
650.4708,-16.6709,-30.4753,0.300,PARALLEL_PARK,1,PARALLEL_PARK,,,,0.000,PARALLEL_1_PARK_EXIT_FORWARD
650.5708,-16.7639,-30.5119,0.300,PARALLEL_PARK,1,PARALLEL_PARK,,,,0.000,PARALLEL_1_PARK_EXIT_FORWARD
650.6708,-16.8574,-30.5472,0.300,PARALLEL_PARK,1,PARALLEL_PARK,,,,0.000,PARALLEL_1_PARK_EXIT_FORWARD
650.7708,-16.9515,-30.5812,0.300,PARALLEL_PARK,1,PARALLEL_PARK,,,,0.000,PARALLEL_1_PARK_EXIT_FORWARD
650.8708,-17.0460,-30.6140,0.300,PARALLEL_PARK,1,PARALLEL_PARK,,,,0.000,PARALLEL_1_PARK_EXIT_FORWARD
650.9708,-17.1410,-30.6453,0.300,PARALLEL_PARK,1,PARALLEL_PARK,,,,0.000,PARALLEL_1_PARK_EXIT_FORWARD
651.0708,-17.2363,-30.6753,0.300,PARALLEL_PARK,1,PARALLEL_PARK,,,,0.000,PARALLEL_1_PARK_EXIT_FORWARD
651.1708,-17.3322,-30.7038,0.300,PARALLEL_PARK,1,PARALLEL_PARK,,,,0.000,PARALLEL_1_PARK_EXIT_FORWARD
651.2708,-17.4285,-30.7308,0.300,PARALLEL_PARK,1,PARALLEL_PARK,,,,0.000,PARALLEL_1_PARK_EXIT_FORWARD
651.3708,-17.5251,-30.7564,0.300,PARALLEL_PARK,1,PARALLEL_PARK,,,,0.000,PARALLEL_1_PARK_EXIT_FORWARD
651.4708,-17.6222,-30.7805,0.300,PARALLEL_PARK,1,PARALLEL_PARK,,,,0.000,PARALLEL_1_PARK_EXIT_FORWARD
651.5708,-17.7196,-30.8031,0.300,PARALLEL_PARK,1,PARALLEL_PARK,,,,0.000,PARALLEL_1_PARK_EXIT_FORWARD
651.6708,-17.8174,-30.8241,0.300,PARALLEL_PARK,1,PARALLEL_PARK,,,,0.000,PARALLEL_1_PARK_EXIT_FORWARD
651.7707,-17.9154,-30.8438,0.300,PARALLEL_PARK,1,PARALLEL_PARK,,,,0.000,PARALLEL_1_PARK_EXIT_FORWARD
651.8708,-18.0138,-30.8618,0.300,PARALLEL_PARK,1,PARALLEL_PARK,,,,0.000,PARALLEL_1_PARK_EXIT_FORWARD
651.9708,-18.1124,-30.8785,0.300,PARALLEL_PARK,1,PARALLEL_PARK,,,,0.000,PARALLEL_1_PARK_EXIT_FORWARD
652.0707,-18.2112,-30.8936,0.300,PARALLEL_PARK,1,PARALLEL_PARK,,,,0.000,PARALLEL_1_PARK_EXIT_FORWARD
652.1707,-18.3102,-30.9076,0.300,PARALLEL_PARK,1,PARALLEL_PARK,,,,0.000,PARALLEL_1_PARK_EXIT_FORWARD
652.2708,-18.4094,-30.9201,0.300,PARALLEL_PARK,1,PARALLEL_PARK,,,,0.000,PARALLEL_1_PARK_EXIT_FORWARD
652.3708,-18.5088,-30.9314,0.300,PARALLEL_PARK,1,PARALLEL_PARK,,,,0.000,PARALLEL_1_PARK_EXIT_FORWARD
652.4708,-18.6082,-30.9418,0.300,PARALLEL_PARK,1,PARALLEL_PARK,,,,0.000,PARALLEL_1_PARK_EXIT_FORWARD
652.5707,-18.7078,-30.9511,0.300,PARALLEL_PARK,1,PARALLEL_PARK,,,,0.000,PARALLEL_1_PARK_EXIT_FORWARD
652.6708,-18.8075,-30.9597,0.300,PARALLEL_PARK,1,PARALLEL_PARK,,,,0.000,PARALLEL_1_PARK_EXIT_FORWARD
652.7707,-18.9071,-30.9678,0.300,PARALLEL_PARK,1,PARALLEL_PARK,,,,0.000,PARALLEL_1_PARK_EXIT_FORWARD
652.8708,-19.0069,-30.9756,0.300,PARALLEL_PARK,1,PARALLEL_PARK,,,,0.000,PARALLEL_1_PARK_EXIT_FORWARD
652.8808,-19.0168,-30.9763,0.300,PARALLEL_PARK,1,PARALLEL_PARK,PARALLEL_1_END,BRANCH_COMPLETE,,0.000,PARALLEL_1_PARK_EXIT_FORWARD
652.9621,-19.0981,-30.9780,0.300,NORMAL,1,ROUTE,,,,0.000,T1_REVERSE_TO_FORWARD
652.9808,-19.1168,-30.9784,0.300,NORMAL,1,ROUTE,,,,0.000,T1_REVERSE_TO_FORWARD
653.0808,-19.2168,-30.9798,0.300,NORMAL,1,ROUTE,,,,0.000,T1_REVERSE_TO_FORWARD
653.1808,-19.3168,-30.9806,0.300,NORMAL,1,ROUTE,,,,0.000,T1_REVERSE_TO_FORWARD
653.2808,-19.4168,-30.9810,0.300,NORMAL,1,ROUTE,,,,0.000,T1_REVERSE_TO_FORWARD
653.3807,-19.5167,-30.9805,0.300,NORMAL,1,ROUTE,,,,0.000,T1_REVERSE_TO_FORWARD
653.4808,-19.6168,-30.9796,0.300,NORMAL,1,ROUTE,,,,0.000,T1_REVERSE_TO_FORWARD
653.5808,-19.7168,-30.9782,0.300,NORMAL,1,ROUTE,,,,0.000,T1_REVERSE_TO_FORWARD
653.6807,-19.8167,-30.9760,0.300,NORMAL,1,ROUTE,,,,0.000,T1_REVERSE_TO_FORWARD
653.7807,-19.9166,-30.9735,0.300,NORMAL,1,ROUTE,,,,0.000,T1_REVERSE_TO_FORWARD
653.8807,-20.0166,-30.9702,0.300,NORMAL,1,ROUTE,,,,0.000,T1_REVERSE_TO_FORWARD
653.9808,-20.1165,-30.9664,0.300,NORMAL,1,ROUTE,,,,0.000,T1_REVERSE_TO_FORWARD
654.0807,-20.2163,-30.9620,0.300,NORMAL,1,ROUTE,,,,0.000,T1_REVERSE_TO_FORWARD
654.1807,-20.3163,-30.9571,0.300,NORMAL,1,ROUTE,,,,0.000,T1_REVERSE_TO_FORWARD
654.2807,-20.4161,-30.9516,0.300,NORMAL,1,ROUTE,,,,0.000,T1_REVERSE_TO_FORWARD
654.3807,-20.5159,-30.9455,0.300,NORMAL,1,ROUTE,,,,0.000,T1_REVERSE_TO_FORWARD
654.4807,-20.6157,-30.9388,0.300,NORMAL,1,ROUTE,,,,0.000,T1_REVERSE_TO_FORWARD
654.5807,-20.7154,-30.9315,0.300,NORMAL,1,ROUTE,,,,0.000,T1_REVERSE_TO_FORWARD
654.6806,-20.8151,-30.9237,0.300,NORMAL,1,ROUTE,,,,0.000,T1_REVERSE_TO_FORWARD
654.7806,-20.9147,-30.9153,0.300,NORMAL,1,ROUTE,,,,0.000,T1_REVERSE_TO_FORWARD
654.8806,-21.0143,-30.9064,0.300,NORMAL,1,ROUTE,,,,0.000,T1_REVERSE_TO_FORWARD
654.9805,-21.1138,-30.8970,0.300,NORMAL,1,ROUTE,,,,0.000,T1_REVERSE_TO_FORWARD
655.0805,-21.2133,-30.8870,0.300,NORMAL,1,ROUTE,,,,0.000,T1_REVERSE_TO_FORWARD
655.1806,-21.3128,-30.8766,0.300,NORMAL,1,ROUTE,,,,0.000,T1_REVERSE_TO_FORWARD
655.2806,-21.4122,-30.8658,0.300,NORMAL,1,ROUTE,,,,0.000,T1_REVERSE_TO_FORWARD
655.3805,-21.5115,-30.8547,0.300,NORMAL,1,ROUTE,,,,0.000,T1_REVERSE_TO_FORWARD
655.4805,-21.6109,-30.8434,0.300,NORMAL,1,ROUTE,,,,0.000,T1_REVERSE_TO_FORWARD
655.5805,-21.7102,-30.8320,0.300,NORMAL,1,ROUTE,,,,0.000,T1_REVERSE_TO_FORWARD
655.6806,-21.8096,-30.8206,0.300,NORMAL,1,ROUTE,,,,0.000,T1_REVERSE_TO_FORWARD
655.7806,-21.9090,-30.8094,0.300,NORMAL,1,ROUTE,,,,0.000,T1_REVERSE_TO_FORWARD
655.8805,-22.0084,-30.7986,0.300,NORMAL,1,ROUTE,,,,0.000,T1_REVERSE_TO_FORWARD
655.9805,-22.1078,-30.7884,0.300,NORMAL,1,ROUTE,,,,0.000,T1_REVERSE_TO_FORWARD
656.0804,-22.2073,-30.7789,0.300,NORMAL,1,ROUTE,,,,0.000,T1_REVERSE_TO_FORWARD
656.1805,-22.3070,-30.7706,0.300,NORMAL,1,ROUTE,,,,0.000,T1_REVERSE_TO_FORWARD
656.2804,-22.4067,-30.7633,0.300,NORMAL,1,ROUTE,,,,0.000,T1_REVERSE_TO_FORWARD
656.3804,-22.5065,-30.7575,0.300,NORMAL,1,ROUTE,,,,0.000,T1_REVERSE_TO_FORWARD
656.4804,-22.6064,-30.7531,0.300,NORMAL,1,ROUTE,,,,0.000,T1_REVERSE_TO_FORWARD
656.5805,-22.7064,-30.7502,0.300,NORMAL,1,ROUTE,,,,0.000,T1_REVERSE_TO_FORWARD
656.6804,-22.8063,-30.7486,0.300,NORMAL,1,ROUTE,,,,0.000,T1_REVERSE_TO_FORWARD
656.7804,-22.9063,-30.7483,0.300,NORMAL,1,ROUTE,,,,0.000,T1_REVERSE_TO_FORWARD
656.8804,-23.0063,-30.7491,0.300,NORMAL,1,ROUTE,,,,0.000,T1_REVERSE_TO_FORWARD
656.9804,-23.1063,-30.7506,0.300,NORMAL,1,ROUTE,,,,0.000,T1_REVERSE_TO_FORWARD
657.0804,-23.2063,-30.7527,0.300,NORMAL,1,ROUTE,,,,0.000,T1_REVERSE_TO_FORWARD
657.1803,-23.3062,-30.7553,0.300,NORMAL,1,ROUTE,,,,0.000,T1_REVERSE_TO_FORWARD
657.2803,-23.4062,-30.7579,0.300,NORMAL,1,ROUTE,,,,0.000,T1_REVERSE_TO_FORWARD
657.3803,-23.5061,-30.7604,0.300,NORMAL,1,ROUTE,,,,0.000,T1_REVERSE_TO_FORWARD
657.4803,-23.6061,-30.7624,0.300,NORMAL,1,ROUTE,,,,0.000,T1_REVERSE_TO_FORWARD
657.5803,-23.7061,-30.7639,0.300,NORMAL,1,ROUTE,,,,0.000,T1_REVERSE_TO_FORWARD
657.6804,-23.8061,-30.7644,0.300,NORMAL,1,ROUTE,,,,0.000,T1_REVERSE_TO_FORWARD
657.7803,-23.9061,-30.7636,0.300,NORMAL,1,ROUTE,,,,0.000,T1_REVERSE_TO_FORWARD
657.8803,-24.0060,-30.7612,0.300,NORMAL,1,ROUTE,,,,0.000,T1_REVERSE_TO_FORWARD
657.9803,-24.1059,-30.7569,0.300,NORMAL,1,ROUTE,,,,0.000,T1_REVERSE_TO_FORWARD
658.0803,-24.2057,-30.7503,0.300,NORMAL,1,ROUTE,,,,0.000,T1_REVERSE_TO_FORWARD
658.1803,-24.3053,-30.7413,0.300,NORMAL,1,ROUTE,,,,0.000,T1_REVERSE_TO_FORWARD
658.2802,-24.4045,-30.7293,0.300,NORMAL,1,ROUTE,,,,0.000,T1_REVERSE_TO_FORWARD
658.3802,-24.5034,-30.7146,0.300,NORMAL,1,ROUTE,,,,0.000,T1_REVERSE_TO_FORWARD
658.4802,-24.6019,-30.6970,0.300,NORMAL,1,ROUTE,,,,0.000,T1_REVERSE_TO_FORWARD
658.5802,-24.6997,-30.6768,0.300,NORMAL,1,ROUTE,,,,0.000,T1_REVERSE_TO_FORWARD
658.6802,-24.7971,-30.6539,0.300,NORMAL,1,ROUTE,,,,0.000,T1_REVERSE_TO_FORWARD
658.7802,-24.8938,-30.6286,0.300,NORMAL,1,ROUTE,,,,0.000,T1_REVERSE_TO_FORWARD
658.8802,-24.9898,-30.6007,0.300,NORMAL,1,ROUTE,,,,0.000,T1_REVERSE_TO_FORWARD
658.9802,-25.0851,-30.5703,0.300,NORMAL,1,ROUTE,,,,0.000,T1_REVERSE_TO_FORWARD
659.0801,-25.1795,-30.5373,0.300,NORMAL,1,ROUTE,,,,0.000,T1_REVERSE_TO_FORWARD
659.1801,-25.2729,-30.5014,0.300,NORMAL,1,ROUTE,,,,0.000,T1_REVERSE_TO_FORWARD
659.2801,-25.3650,-30.4626,0.300,NORMAL,1,ROUTE,,,,0.000,T1_REVERSE_TO_FORWARD
659.3801,-25.4557,-30.4205,0.300,NORMAL,1,ROUTE,,,,0.000,T1_REVERSE_TO_FORWARD
659.4801,-25.5447,-30.3750,0.300,NORMAL,1,ROUTE,,,,0.000,T1_REVERSE_TO_FORWARD
659.5800,-25.6317,-30.3258,0.300,NORMAL,1,ROUTE,,,,0.000,T1_REVERSE_TO_FORWARD
659.6800,-25.7165,-30.2729,0.300,NORMAL,1,ROUTE,,,,0.000,T1_REVERSE_TO_FORWARD
659.7800,-25.7989,-30.2163,0.300,NORMAL,1,ROUTE,,,,0.000,T1_REVERSE_TO_FORWARD
659.8800,-25.8785,-30.1557,0.300,NORMAL,1,ROUTE,,,,0.000,T1_REVERSE_TO_FORWARD
659.9799,-25.9550,-30.0913,0.300,NORMAL,1,ROUTE,,,,0.000,T1_REVERSE_TO_FORWARD
660.0800,-26.0279,-30.0229,0.300,NORMAL,1,ROUTE,,,,0.000,T1_REVERSE_TO_FORWARD
660.1799,-26.0966,-29.9503,0.300,NORMAL,1,ROUTE,,,,0.000,T1_REVERSE_TO_FORWARD
660.2799,-26.1607,-29.8735,0.300,NORMAL,1,ROUTE,,,,0.000,T1_REVERSE_TO_FORWARD
660.3799,-26.2198,-29.7929,0.300,NORMAL,1,ROUTE,,,,0.000,T1_REVERSE_TO_FORWARD
660.4798,-26.2737,-29.7088,0.300,NORMAL,1,ROUTE,,,,0.000,T1_REVERSE_TO_FORWARD
660.5798,-26.3227,-29.6216,0.300,NORMAL,1,ROUTE,,,,0.000,T1_REVERSE_TO_FORWARD
660.6798,-26.3671,-29.5321,0.300,NORMAL,1,ROUTE,,,,0.000,T1_REVERSE_TO_FORWARD
660.7798,-26.4075,-29.4405,0.300,NORMAL,1,ROUTE,,,,0.000,T1_REVERSE_TO_FORWARD
660.8798,-26.4445,-29.3476,0.300,NORMAL,1,ROUTE,,,,0.000,T1_REVERSE_TO_FORWARD
660.9797,-26.4784,-29.2536,0.300,NORMAL,1,ROUTE,,,,0.000,T1_REVERSE_TO_FORWARD
661.0797,-26.5098,-29.1587,0.300,NORMAL,1,ROUTE,,,,0.000,T1_REVERSE_TO_FORWARD
661.1797,-26.5389,-29.0630,0.300,NORMAL,1,ROUTE,,,,0.000,T1_REVERSE_TO_FORWARD
661.2797,-26.5661,-28.9668,0.300,NORMAL,1,ROUTE,,,,0.000,T1_REVERSE_TO_FORWARD
661.3797,-26.5917,-28.8701,0.300,NORMAL,1,ROUTE,,,,0.000,T1_REVERSE_TO_FORWARD
661.4797,-26.6158,-28.7730,0.300,NORMAL,1,ROUTE,,,,0.000,T1_REVERSE_TO_FORWARD
661.5796,-26.6385,-28.6758,0.300,NORMAL,1,ROUTE,,,,0.000,T1_REVERSE_TO_FORWARD
661.6796,-26.6601,-28.5781,0.300,NORMAL,1,ROUTE,,,,0.000,T1_REVERSE_TO_FORWARD
661.7796,-26.6805,-28.4802,0.300,NORMAL,1,ROUTE,,,,0.000,T1_REVERSE_TO_FORWARD
661.8797,-26.6998,-28.3821,0.300,NORMAL,1,ROUTE,,,,0.000,T1_REVERSE_TO_FORWARD
661.9796,-26.7179,-28.2838,0.300,NORMAL,1,ROUTE,,,,0.000,T1_REVERSE_TO_FORWARD
662.0797,-26.7346,-28.1851,0.300,NORMAL,1,ROUTE,,,,0.000,T1_REVERSE_TO_FORWARD
662.1796,-26.7498,-28.0864,0.300,NORMAL,1,ROUTE,,,,0.000,T1_REVERSE_TO_FORWARD
662.2796,-26.7635,-27.9873,0.300,NORMAL,1,ROUTE,,,,0.000,T1_REVERSE_TO_FORWARD
662.3796,-26.7755,-27.8881,0.300,NORMAL,1,ROUTE,,,,0.000,T1_REVERSE_TO_FORWARD
662.4795,-26.7857,-27.7886,0.300,NORMAL,1,ROUTE,,,,0.000,T1_REVERSE_TO_FORWARD
662.5796,-26.7943,-27.6889,0.300,NORMAL,1,ROUTE,,,,0.000,T1_REVERSE_TO_FORWARD
662.6795,-26.8011,-27.5892,0.300,NORMAL,1,ROUTE,,,,0.000,T1_REVERSE_TO_FORWARD
662.7796,-26.8064,-27.4893,0.300,NORMAL,1,ROUTE,,,,0.000,T1_REVERSE_TO_FORWARD
662.8795,-26.8101,-27.3894,0.300,NORMAL,1,ROUTE,,,,0.000,T1_REVERSE_TO_FORWARD
662.9795,-26.8122,-27.2895,0.300,NORMAL,1,ROUTE,,,,0.000,T1_REVERSE_TO_FORWARD
663.0795,-26.8128,-27.1895,0.300,NORMAL,1,ROUTE,,,,0.000,T1_REVERSE_TO_FORWARD
663.1795,-26.8119,-27.0895,0.300,NORMAL,1,ROUTE,,,,0.000,T1_REVERSE_TO_FORWARD
663.2795,-26.8095,-26.9895,0.300,NORMAL,1,ROUTE,,,,0.000,T1_REVERSE_TO_FORWARD
663.3795,-26.8056,-26.8896,0.300,NORMAL,1,ROUTE,,,,0.000,T1_REVERSE_TO_FORWARD
663.4795,-26.8003,-26.7898,0.300,NORMAL,1,ROUTE,,,,0.000,T1_REVERSE_TO_FORWARD
663.5794,-26.7935,-26.6900,0.300,NORMAL,1,ROUTE,,,,0.000,T1_REVERSE_TO_FORWARD
663.6794,-26.7855,-26.5904,0.300,NORMAL,1,ROUTE,,,,0.000,T1_REVERSE_TO_FORWARD
663.7794,-26.7764,-26.4908,0.300,NORMAL,1,ROUTE,,,,0.000,T1_REVERSE_TO_FORWARD
663.8794,-26.7667,-26.3913,0.300,NORMAL,1,ROUTE,,,,0.000,T1_REVERSE_TO_FORWARD
663.9794,-26.7563,-26.2918,0.300,NORMAL,1,ROUTE,,,,0.000,T1_REVERSE_TO_FORWARD
664.0794,-26.7456,-26.1924,0.300,NORMAL,1,ROUTE,,,,0.000,T1_REVERSE_TO_FORWARD
664.1794,-26.7349,-26.0930,0.300,NORMAL,1,ROUTE,,,,0.000,T1_REVERSE_TO_FORWARD
664.2794,-26.7242,-25.9935,0.300,NORMAL,1,ROUTE,,,,0.000,T1_REVERSE_TO_FORWARD
664.3794,-26.7139,-25.8941,0.300,NORMAL,1,ROUTE,,,,0.000,T1_REVERSE_TO_FORWARD
664.4793,-26.7041,-25.7946,0.300,NORMAL,1,ROUTE,,,,0.000,T1_REVERSE_TO_FORWARD
664.5793,-26.6949,-25.6951,0.300,NORMAL,1,ROUTE,,,,0.000,T1_REVERSE_TO_FORWARD
664.6793,-26.6863,-25.5955,0.300,NORMAL,1,ROUTE,,,,0.000,T1_REVERSE_TO_FORWARD
664.7793,-26.6783,-25.4958,0.300,NORMAL,1,ROUTE,,,,0.000,T1_REVERSE_TO_FORWARD
664.8793,-26.6710,-25.3960,0.300,NORMAL,1,ROUTE,,,,0.000,T1_REVERSE_TO_FORWARD
664.9793,-26.6642,-25.2962,0.300,NORMAL,1,ROUTE,,,,0.000,T1_REVERSE_TO_FORWARD
665.0793,-26.6579,-25.1965,0.300,NORMAL,1,ROUTE,,,,0.000,T1_REVERSE_TO_FORWARD
665.1793,-26.6519,-25.0966,0.300,NORMAL,1,ROUTE,,,,0.000,T1_REVERSE_TO_FORWARD
665.2793,-26.6462,-24.9968,0.300,NORMAL,1,ROUTE,,,,0.000,T1_REVERSE_TO_FORWARD
665.3792,-26.6404,-24.8970,0.300,NORMAL,1,ROUTE,,,,0.000,T1_REVERSE_TO_FORWARD
665.4792,-26.6342,-24.7972,0.300,NORMAL,1,ROUTE,,,,0.000,T1_REVERSE_TO_FORWARD
665.5792,-26.6275,-24.6974,0.300,NORMAL,1,ROUTE,,,,0.000,T1_REVERSE_TO_FORWARD
665.6792,-26.6197,-24.5978,0.300,NORMAL,1,ROUTE,,,,0.000,T1_REVERSE_TO_FORWARD
665.7792,-26.6108,-24.4982,0.300,NORMAL,1,ROUTE,,,,0.000,T1_REVERSE_TO_FORWARD
665.8792,-26.6002,-24.3988,0.300,NORMAL,1,ROUTE,,,,0.000,T1_REVERSE_TO_FORWARD
665.9792,-26.5878,-24.2995,0.300,NORMAL,1,ROUTE,,,,0.000,T1_REVERSE_TO_FORWARD
666.0792,-26.5736,-24.2006,0.300,NORMAL,1,ROUTE,,,,0.000,T1_REVERSE_TO_FORWARD
666.1792,-26.5573,-24.1019,0.300,NORMAL,1,ROUTE,,,,0.000,T1_REVERSE_TO_FORWARD
666.2791,-26.5393,-24.0036,0.300,NORMAL,1,ROUTE,,,,0.000,T1_REVERSE_TO_FORWARD
666.3791,-26.5199,-23.9055,0.300,NORMAL,1,ROUTE,,,,0.000,T1_REVERSE_TO_FORWARD
666.4792,-26.4992,-23.8076,0.300,NORMAL,1,ROUTE,,,,0.000,T1_REVERSE_TO_FORWARD
666.5791,-26.4778,-23.7100,0.300,NORMAL,1,ROUTE,,,,0.000,T1_REVERSE_TO_FORWARD
666.6790,-26.4559,-23.6125,0.300,NORMAL,1,ROUTE,,,,0.000,T1_REVERSE_TO_FORWARD
666.7791,-26.4338,-23.5149,0.300,NORMAL,1,ROUTE,,,,0.000,T1_REVERSE_TO_FORWARD
666.8790,-26.4117,-23.4174,0.300,NORMAL,1,ROUTE,,,,0.000,T1_REVERSE_TO_FORWARD
666.9791,-26.3897,-23.3198,0.300,NORMAL,1,ROUTE,,,,0.000,T1_REVERSE_TO_FORWARD
667.0790,-26.3679,-23.2223,0.300,NORMAL,1,ROUTE,,,,0.000,T1_REVERSE_TO_FORWARD
667.1790,-26.3460,-23.1247,0.300,NORMAL,1,ROUTE,,,,0.000,T1_REVERSE_TO_FORWARD
667.2790,-26.3242,-23.0272,0.300,NORMAL,1,ROUTE,,,,0.000,T1_REVERSE_TO_FORWARD
667.3791,-26.3020,-22.9296,0.300,NORMAL,1,ROUTE,,,,0.000,T1_REVERSE_TO_FORWARD
667.4791,-26.2793,-22.8322,0.300,NORMAL,1,ROUTE,,,,0.000,T1_REVERSE_TO_FORWARD
667.5790,-26.2560,-22.7350,0.300,NORMAL,1,ROUTE,,,,0.000,T1_REVERSE_TO_FORWARD
667.6790,-26.2316,-22.6381,0.300,NORMAL,1,ROUTE,,,,0.000,T1_REVERSE_TO_FORWARD
667.7790,-26.2060,-22.5414,0.300,NORMAL,1,ROUTE,,,,0.000,T1_REVERSE_TO_FORWARD
667.8790,-26.1791,-22.4451,0.300,NORMAL,1,ROUTE,,,,0.000,T1_REVERSE_TO_FORWARD
667.9790,-26.1508,-22.3492,0.300,NORMAL,1,ROUTE,,,,0.000,T1_REVERSE_TO_FORWARD
668.0790,-26.1210,-22.2537,0.300,NORMAL,1,ROUTE,,,,0.000,T1_REVERSE_TO_FORWARD
668.1789,-26.0899,-22.1587,0.300,NORMAL,1,ROUTE,,,,0.000,T1_REVERSE_TO_FORWARD
668.2789,-26.0572,-22.0643,0.300,NORMAL,1,ROUTE,,,,0.000,T1_REVERSE_TO_FORWARD
668.3789,-26.0232,-21.9702,0.300,NORMAL,1,ROUTE,,,,0.000,T1_REVERSE_TO_FORWARD
668.4789,-25.9878,-21.8766,0.300,NORMAL,1,ROUTE,,,,0.000,T1_REVERSE_TO_FORWARD
668.5789,-25.9509,-21.7838,0.300,NORMAL,1,ROUTE,,,,0.000,T1_REVERSE_TO_FORWARD
668.6789,-25.9125,-21.6914,0.300,NORMAL,1,ROUTE,,,,0.000,T1_REVERSE_TO_FORWARD
668.7789,-25.8726,-21.5997,0.300,NORMAL,1,ROUTE,,,,0.000,T1_REVERSE_TO_FORWARD
668.8789,-25.8311,-21.5088,0.300,NORMAL,1,ROUTE,,,,0.000,T1_REVERSE_TO_FORWARD
668.9788,-25.7880,-21.4186,0.300,NORMAL,1,ROUTE,,,,0.000,T1_REVERSE_TO_FORWARD
669.0789,-25.7435,-21.3289,0.300,NORMAL,1,ROUTE,,,,0.000,T1_REVERSE_TO_FORWARD
669.1788,-25.6977,-21.2401,0.300,NORMAL,1,ROUTE,,,,0.000,T1_REVERSE_TO_FORWARD
669.2788,-25.6503,-21.1521,0.300,NORMAL,1,ROUTE,,,,0.000,T1_REVERSE_TO_FORWARD
669.3788,-25.6016,-21.0647,0.300,NORMAL,1,ROUTE,,,,0.000,T1_REVERSE_TO_FORWARD
669.4788,-25.5515,-20.9783,0.300,NORMAL,1,ROUTE,,,,0.000,T1_REVERSE_TO_FORWARD
669.5787,-25.4998,-20.8927,0.300,NORMAL,1,ROUTE,,,,0.000,T1_REVERSE_TO_FORWARD
669.6788,-25.4466,-20.8080,0.300,NORMAL,1,ROUTE,,,,0.000,T1_REVERSE_TO_FORWARD
669.7787,-25.3917,-20.7245,0.300,NORMAL,1,ROUTE,,,,0.000,T1_REVERSE_TO_FORWARD
669.8787,-25.3351,-20.6420,0.300,NORMAL,1,ROUTE,,,,0.000,T1_REVERSE_TO_FORWARD
669.9787,-25.2769,-20.5608,0.300,NORMAL,1,ROUTE,,,,0.000,T1_REVERSE_TO_FORWARD
670.0787,-25.2169,-20.4807,0.300,NORMAL,1,ROUTE,,,,0.000,T1_REVERSE_TO_FORWARD
670.1787,-25.1553,-20.4020,0.300,NORMAL,1,ROUTE,,,,0.000,T1_REVERSE_TO_FORWARD
670.2787,-25.0922,-20.3244,0.300,NORMAL,1,ROUTE,,,,0.000,T1_REVERSE_TO_FORWARD
670.3787,-25.0275,-20.2481,0.300,NORMAL,1,ROUTE,,,,0.000,T1_REVERSE_TO_FORWARD
670.4787,-24.9614,-20.1732,0.300,NORMAL,1,ROUTE,,,,0.000,T1_REVERSE_TO_FORWARD
670.5786,-24.8937,-20.0996,0.300,NORMAL,1,ROUTE,,,,0.000,T1_REVERSE_TO_FORWARD
670.6786,-24.8243,-20.0276,0.300,NORMAL,1,ROUTE,,,,0.000,T1_REVERSE_TO_FORWARD
670.7786,-24.7531,-19.9574,0.300,NORMAL,1,ROUTE,,,,0.000,T1_REVERSE_TO_FORWARD
670.8786,-24.6801,-19.8891,0.300,NORMAL,1,ROUTE,,,,0.000,T1_REVERSE_TO_FORWARD
670.9786,-24.6051,-19.8229,0.300,NORMAL,1,ROUTE,,,,0.000,T1_REVERSE_TO_FORWARD
671.0786,-24.5281,-19.7592,0.300,NORMAL,1,ROUTE,,,,0.000,T1_REVERSE_TO_FORWARD
671.1786,-24.4490,-19.6980,0.300,NORMAL,1,ROUTE,,,,0.000,T1_REVERSE_TO_FORWARD
671.2785,-24.3679,-19.6395,0.300,NORMAL,1,ROUTE,,,,0.000,T1_REVERSE_TO_FORWARD
671.3785,-24.2849,-19.5838,0.300,NORMAL,1,ROUTE,,,,0.000,T1_REVERSE_TO_FORWARD
671.4785,-24.1999,-19.5311,0.300,NORMAL,1,ROUTE,,,,0.000,T1_REVERSE_TO_FORWARD
671.5163,-24.1674,-19.5119,0.300,END_LANE,1,END_LANE,END_LANE_DECISION_START,SELECT_ALLOWED_LANE,GREEN_ARROW_AND_RED_X,0.000,T1_REVERSE_TO_FORWARD
671.5785,-24.1132,-19.4814,0.300,END_LANE,1,END_LANE,,,GREEN_ARROW_AND_RED_X,0.000,T1_REVERSE_TO_FORWARD
671.6785,-24.0248,-19.4347,0.300,END_LANE,1,END_LANE,,,,0.000,T1_REVERSE_TO_FORWARD
671.7785,-23.9348,-19.3909,0.300,END_LANE,1,END_LANE,,,,0.000,T1_REVERSE_TO_FORWARD
671.8784,-23.8438,-19.3497,0.300,END_LANE,1,END_LANE,,,,0.000,T1_REVERSE_TO_FORWARD
671.9784,-23.7517,-19.3108,0.300,END_LANE,1,END_LANE,,,,0.000,T1_REVERSE_TO_FORWARD
672.0784,-23.6586,-19.2741,0.300,END_LANE,1,END_LANE,,,,0.000,T1_REVERSE_TO_FORWARD
672.1785,-23.5648,-19.2395,0.300,END_LANE,1,END_LANE,,,,0.000,T1_REVERSE_TO_FORWARD
672.2784,-23.4703,-19.2068,0.300,END_LANE,1,END_LANE,,,,0.000,T1_REVERSE_TO_FORWARD
672.3784,-23.3753,-19.1759,0.300,END_LANE,1,END_LANE,,,,0.000,T1_REVERSE_TO_FORWARD
672.4784,-23.2796,-19.1466,0.300,END_LANE,1,END_LANE,,,,0.000,T1_REVERSE_TO_FORWARD
672.5784,-23.1836,-19.1188,0.300,END_LANE,1,END_LANE,,,,0.000,T1_REVERSE_TO_FORWARD
672.6783,-23.0872,-19.0924,0.300,END_LANE,1,END_LANE,,,,0.000,T1_REVERSE_TO_FORWARD
672.7783,-22.9904,-19.0674,0.300,END_LANE,1,END_LANE,,,,0.000,T1_REVERSE_TO_FORWARD
672.8783,-22.8933,-19.0435,0.300,END_LANE,1,END_LANE,,,,0.000,T1_REVERSE_TO_FORWARD
672.9783,-22.7958,-19.0209,0.300,END_LANE,1,END_LANE,,,,0.000,T1_REVERSE_TO_FORWARD
673.0783,-22.6981,-18.9996,0.300,END_LANE,1,END_LANE,,,,0.000,T1_REVERSE_TO_FORWARD
673.1783,-22.6002,-18.9795,0.300,END_LANE,1,END_LANE,,,,0.000,T1_REVERSE_TO_FORWARD
673.2783,-22.5020,-18.9606,0.300,END_LANE,1,END_LANE,,,,0.000,T1_REVERSE_TO_FORWARD
673.3783,-22.4036,-18.9431,0.300,END_LANE,1,END_LANE,,,,0.000,T1_REVERSE_TO_FORWARD
673.4783,-22.3049,-18.9267,0.300,END_LANE,1,END_LANE,,,,0.000,T1_REVERSE_TO_FORWARD
673.5782,-22.2061,-18.9118,0.300,END_LANE,1,END_LANE,,,,0.000,T1_REVERSE_TO_FORWARD
673.6783,-22.1069,-18.8984,0.300,END_LANE,1,END_LANE,,,,0.000,T1_REVERSE_TO_FORWARD
673.7783,-22.0077,-18.8864,0.300,END_LANE,1,END_LANE,,,,0.000,T1_REVERSE_TO_FORWARD
673.8782,-21.9083,-18.8759,0.300,END_LANE,1,END_LANE,,,,0.000,T1_REVERSE_TO_FORWARD
673.9782,-21.8087,-18.8669,0.300,END_LANE,1,END_LANE,,,,0.000,T1_REVERSE_TO_FORWARD
674.0782,-21.7090,-18.8595,0.300,END_LANE,1,END_LANE,,,,0.000,T1_REVERSE_TO_FORWARD
674.1782,-21.6092,-18.8536,0.300,END_LANE,1,END_LANE,,,,0.000,T1_REVERSE_TO_FORWARD
674.2782,-21.5093,-18.8491,0.300,END_LANE,1,END_LANE,,,,0.000,T1_REVERSE_TO_FORWARD
674.3781,-21.4094,-18.8461,0.300,END_LANE,1,END_LANE,,,,0.000,T1_REVERSE_TO_FORWARD
674.4781,-21.3094,-18.8442,0.300,END_LANE,1,END_LANE,,,,0.000,T1_REVERSE_TO_FORWARD
674.5781,-21.2094,-18.8436,0.300,END_LANE,1,END_LANE,,,,0.000,T1_REVERSE_TO_FORWARD
674.6781,-21.1095,-18.8439,0.300,END_LANE,1,END_LANE,,,,0.000,T1_REVERSE_TO_FORWARD
674.7781,-21.0094,-18.8451,0.300,END_LANE,1,END_LANE,,,,0.000,T1_REVERSE_TO_FORWARD
674.8781,-20.9094,-18.8472,0.300,END_LANE,1,END_LANE,,,,0.000,T1_REVERSE_TO_FORWARD
674.9781,-20.8095,-18.8498,0.300,END_LANE,1,END_LANE,,,,0.000,T1_REVERSE_TO_FORWARD
675.0780,-20.7096,-18.8529,0.300,END_LANE,1,END_LANE,,,,0.000,T1_REVERSE_TO_FORWARD
675.1780,-20.6097,-18.8564,0.300,END_LANE,1,END_LANE,,,,0.000,T1_REVERSE_TO_FORWARD
675.2781,-20.5097,-18.8601,0.300,END_LANE,1,END_LANE,,,,0.000,T1_REVERSE_TO_FORWARD
675.3780,-20.4098,-18.8643,0.300,END_LANE,1,END_LANE,,,,0.000,T1_REVERSE_TO_FORWARD
675.4780,-20.3099,-18.8687,0.300,END_LANE,1,END_LANE,,,,0.000,T1_REVERSE_TO_FORWARD
675.5780,-20.2101,-18.8733,0.300,END_LANE,1,END_LANE,,,,0.000,T1_REVERSE_TO_FORWARD
675.6780,-20.1102,-18.8782,0.300,END_LANE,1,END_LANE,,,,0.000,T1_REVERSE_TO_FORWARD
675.7780,-20.0103,-18.8833,0.300,END_LANE,1,END_LANE,,,,0.000,T1_REVERSE_TO_FORWARD
675.8780,-19.9105,-18.8888,0.300,END_LANE,1,END_LANE,,,,0.000,T1_REVERSE_TO_FORWARD
675.9780,-19.8106,-18.8946,0.300,END_LANE,1,END_LANE,,,,0.000,T1_REVERSE_TO_FORWARD
676.0780,-19.7108,-18.9008,0.300,END_LANE,1,END_LANE,,,,0.000,T1_REVERSE_TO_FORWARD
676.1780,-19.6111,-18.9074,0.300,END_LANE,1,END_LANE,,,,0.000,T1_REVERSE_TO_FORWARD
676.2779,-19.5114,-18.9145,0.300,END_LANE,1,END_LANE,,,,0.000,T1_REVERSE_TO_FORWARD
676.3779,-19.4117,-18.9221,0.300,END_LANE,1,END_LANE,,,,0.000,T1_REVERSE_TO_FORWARD
676.4779,-19.3120,-18.9301,0.300,END_LANE,1,END_LANE,,,,0.000,T1_REVERSE_TO_FORWARD
676.5779,-19.2124,-18.9388,0.300,END_LANE,1,END_LANE,,,,0.000,T1_REVERSE_TO_FORWARD
676.6779,-19.1128,-18.9481,0.300,END_LANE,1,END_LANE,,,,0.000,T1_REVERSE_TO_FORWARD
676.7779,-19.0133,-18.9580,0.300,END_LANE,1,END_LANE,,,,0.000,T1_REVERSE_TO_FORWARD
676.8778,-18.9139,-18.9685,0.300,END_LANE,1,END_LANE,,,,0.000,T1_REVERSE_TO_FORWARD
676.9779,-18.8145,-18.9795,0.300,END_LANE,1,END_LANE,,,,0.000,T1_REVERSE_TO_FORWARD
677.0779,-18.7152,-18.9913,0.300,END_LANE,1,END_LANE,,,,0.000,T1_REVERSE_TO_FORWARD
677.1779,-18.6159,-19.0034,0.300,END_LANE,1,END_LANE,,,,0.000,T1_REVERSE_TO_FORWARD
677.2778,-18.5168,-19.0162,0.300,END_LANE,1,END_LANE,,,,0.000,T1_REVERSE_TO_FORWARD
677.3778,-18.4177,-19.0295,0.300,END_LANE,1,END_LANE,,,,0.000,T1_REVERSE_TO_FORWARD
677.4779,-18.3186,-19.0432,0.300,END_LANE,1,END_LANE,,,,0.000,T1_REVERSE_TO_FORWARD
677.5778,-18.2196,-19.0573,0.300,END_LANE,1,END_LANE,,,,0.000,T1_REVERSE_TO_FORWARD
677.6778,-18.1207,-19.0717,0.300,END_LANE,1,END_LANE,,,,0.000,T1_REVERSE_TO_FORWARD
677.7778,-18.0218,-19.0864,0.300,END_LANE,1,END_LANE,,,,0.000,T1_REVERSE_TO_FORWARD
677.8778,-17.9229,-19.1012,0.300,END_LANE,1,END_LANE,,,,0.000,T1_REVERSE_TO_FORWARD
677.9777,-17.8241,-19.1161,0.300,END_LANE,1,END_LANE,,,,0.000,T1_REVERSE_TO_FORWARD
678.0777,-17.7252,-19.1311,0.300,END_LANE,1,END_LANE,,,,0.000,T1_REVERSE_TO_FORWARD
678.1777,-17.6263,-19.1459,0.300,END_LANE,1,END_LANE,,,,0.000,T1_REVERSE_TO_FORWARD
678.2777,-17.5274,-19.1606,0.300,END_LANE,1,END_LANE,,,,0.000,T1_REVERSE_TO_FORWARD
678.3777,-17.4284,-19.1749,0.300,END_LANE,1,END_LANE,,,,0.000,T1_REVERSE_TO_FORWARD
678.4777,-17.3295,-19.1890,0.300,END_LANE,1,END_LANE,,,,0.000,T1_REVERSE_TO_FORWARD
678.5778,-17.2303,-19.2025,0.300,END_LANE,1,END_LANE,,,,0.000,T1_REVERSE_TO_FORWARD
678.6777,-17.1313,-19.2155,0.300,END_LANE,1,END_LANE,,,,0.000,T1_REVERSE_TO_FORWARD
678.7777,-17.0319,-19.2278,0.300,END_LANE,1,END_LANE,,,,0.000,T1_REVERSE_TO_FORWARD
678.8777,-16.9327,-19.2394,0.300,END_LANE,1,END_LANE,,,,0.000,T1_REVERSE_TO_FORWARD
678.9777,-16.8333,-19.2503,0.300,END_LANE,1,END_LANE,,,,0.000,T1_REVERSE_TO_FORWARD
679.0777,-16.7338,-19.2604,0.300,END_LANE,1,END_LANE,,,,0.000,T1_REVERSE_TO_FORWARD
679.1776,-16.6343,-19.2695,0.300,END_LANE,1,END_LANE,,,,0.000,T1_REVERSE_TO_FORWARD
679.2776,-16.5346,-19.2777,0.300,END_LANE,1,END_LANE,,,,0.000,T1_REVERSE_TO_FORWARD
679.3776,-16.4349,-19.2851,0.300,END_LANE,1,END_LANE,,,,0.000,T1_REVERSE_TO_FORWARD
679.4776,-16.3351,-19.2916,0.300,END_LANE,1,END_LANE,,,,0.000,T1_REVERSE_TO_FORWARD
679.5776,-16.2353,-19.2971,0.300,END_LANE,1,END_LANE,,,,0.000,T1_REVERSE_TO_FORWARD
679.6776,-16.1354,-19.3019,0.300,END_LANE,1,END_LANE,,,,0.000,T1_REVERSE_TO_FORWARD
679.7776,-16.0354,-19.3060,0.300,END_LANE,1,END_LANE,,,,0.000,T1_REVERSE_TO_FORWARD
679.8776,-15.9355,-19.3094,0.300,END_LANE,1,END_LANE,,,,0.000,T1_REVERSE_TO_FORWARD
679.9775,-15.8357,-19.3123,0.300,END_LANE,1,END_LANE,,,,0.000,T1_REVERSE_TO_FORWARD
680.0775,-15.7356,-19.3148,0.300,END_LANE,1,END_LANE,,,,0.000,T1_REVERSE_TO_FORWARD
680.1775,-15.6357,-19.3170,0.300,END_LANE,1,END_LANE,,,,0.000,T1_REVERSE_TO_FORWARD
680.2775,-15.5357,-19.3190,0.300,END_LANE,1,END_LANE,,,,0.000,T1_REVERSE_TO_FORWARD
680.3775,-15.4357,-19.3211,0.300,END_LANE,1,END_LANE,,,,0.000,T1_REVERSE_TO_FORWARD
680.4775,-15.3358,-19.3232,0.300,END_LANE,1,END_LANE,,,,0.000,T1_REVERSE_TO_FORWARD
680.5775,-15.2358,-19.3256,0.300,END_LANE,1,END_LANE,,,,0.000,T1_REVERSE_TO_FORWARD
680.6775,-15.1359,-19.3283,0.300,END_LANE,1,END_LANE,,,,0.000,T1_REVERSE_TO_FORWARD
680.7774,-15.0360,-19.3313,0.300,END_LANE,1,END_LANE,,,,0.000,T1_REVERSE_TO_FORWARD
680.8775,-14.9360,-19.3347,0.300,END_LANE,1,END_LANE,,,,0.000,T1_REVERSE_TO_FORWARD
680.9774,-14.8361,-19.3388,0.300,END_LANE,1,END_LANE,,,,0.000,T1_REVERSE_TO_FORWARD
681.0774,-14.7362,-19.3433,0.300,END_LANE,1,END_LANE,,,,0.000,T1_REVERSE_TO_FORWARD
681.1774,-14.6363,-19.3483,0.300,END_LANE,1,END_LANE,,,,0.000,T1_REVERSE_TO_FORWARD
681.2773,-14.5366,-19.3540,0.300,END_LANE,1,END_LANE,,,,0.000,T1_REVERSE_TO_FORWARD
681.3774,-14.4367,-19.3603,0.300,END_LANE,1,END_LANE,,,,0.000,T1_REVERSE_TO_FORWARD
681.4774,-14.3369,-19.3670,0.300,END_LANE,1,END_LANE,,,,0.000,T1_REVERSE_TO_FORWARD
681.5774,-14.2372,-19.3743,0.300,END_LANE,1,END_LANE,,,,0.000,T1_REVERSE_TO_FORWARD
681.6774,-14.1375,-19.3822,0.300,END_LANE,1,END_LANE,,,,0.000,T1_REVERSE_TO_FORWARD
681.7774,-14.0379,-19.3905,0.300,END_LANE,1,END_LANE,,,,0.000,T1_REVERSE_TO_FORWARD
681.8773,-13.9383,-19.3993,0.300,END_LANE,1,END_LANE,,,,0.000,T1_REVERSE_TO_FORWARD
681.9773,-13.8388,-19.4086,0.300,END_LANE,1,END_LANE,,,,0.000,T1_REVERSE_TO_FORWARD
682.0773,-13.7392,-19.4183,0.300,END_LANE,1,END_LANE,,,,0.000,T1_REVERSE_TO_FORWARD
682.1773,-13.6397,-19.4283,0.300,END_LANE,1,END_LANE,,,,0.000,T1_REVERSE_TO_FORWARD
682.2773,-13.5403,-19.4388,0.300,END_LANE,1,END_LANE,,,,0.000,T1_REVERSE_TO_FORWARD
682.3773,-13.4409,-19.4494,0.300,END_LANE,1,END_LANE,,,,0.000,T1_REVERSE_TO_FORWARD
682.4772,-13.3415,-19.4604,0.300,END_LANE,1,END_LANE,,,,0.000,T1_REVERSE_TO_FORWARD
682.5773,-13.2422,-19.4717,0.300,END_LANE,1,END_LANE,,,,0.000,T1_REVERSE_TO_FORWARD
682.6773,-13.1428,-19.4833,0.300,END_LANE,1,END_LANE,,,,0.000,T1_REVERSE_TO_FORWARD
682.7772,-13.0435,-19.4950,0.300,END_LANE,1,END_LANE,,,,0.000,T1_REVERSE_TO_FORWARD
682.8773,-12.9442,-19.5069,0.300,END_LANE,1,END_LANE,,,,0.000,T1_REVERSE_TO_FORWARD
682.9772,-12.8450,-19.5190,0.300,END_LANE,1,END_LANE,,,,0.000,T1_REVERSE_TO_FORWARD
683.0772,-12.7458,-19.5312,0.300,END_LANE,1,END_LANE,,,,0.000,T1_REVERSE_TO_FORWARD
683.1772,-12.6465,-19.5435,0.300,END_LANE,1,END_LANE,,,,0.000,T1_REVERSE_TO_FORWARD
683.2772,-12.5473,-19.5559,0.300,END_LANE,1,END_LANE,,,,0.000,T1_REVERSE_TO_FORWARD
683.3772,-12.4481,-19.5684,0.300,END_LANE,1,END_LANE,,,,0.000,T1_REVERSE_TO_FORWARD
683.4772,-12.3489,-19.5808,0.300,END_LANE,1,END_LANE,,,,0.000,T1_REVERSE_TO_FORWARD
683.5772,-12.2496,-19.5934,0.300,END_LANE,1,END_LANE,,,,0.000,T1_REVERSE_TO_FORWARD
683.6771,-12.1505,-19.6059,0.300,END_LANE,1,END_LANE,,,,0.000,T1_REVERSE_TO_FORWARD
683.7771,-12.0513,-19.6183,0.300,END_LANE,1,END_LANE,,,,0.000,T1_REVERSE_TO_FORWARD
683.8771,-11.9521,-19.6307,0.300,END_LANE,1,END_LANE,,,,0.000,T1_REVERSE_TO_FORWARD
683.9771,-11.8528,-19.6430,0.300,END_LANE,1,END_LANE,,,,0.000,T1_REVERSE_TO_FORWARD
684.0771,-11.7536,-19.6552,0.300,END_LANE,1,END_LANE,,,,0.000,T1_REVERSE_TO_FORWARD
684.1771,-11.6543,-19.6673,0.300,END_LANE,1,END_LANE,,,,0.000,T1_REVERSE_TO_FORWARD
684.2771,-11.5551,-19.6793,0.300,END_LANE,1,END_LANE,,,,0.000,T1_REVERSE_TO_FORWARD
684.3770,-11.4558,-19.6910,0.300,END_LANE,1,END_LANE,,,,0.000,T1_REVERSE_TO_FORWARD
684.4771,-11.3564,-19.7026,0.300,END_LANE,1,END_LANE,,,,0.000,T1_REVERSE_TO_FORWARD
684.5771,-11.2571,-19.7141,0.300,END_LANE,1,END_LANE,,,,0.000,T1_REVERSE_TO_FORWARD
684.6770,-11.1577,-19.7253,0.300,END_LANE,1,END_LANE,,,,0.000,T1_REVERSE_TO_FORWARD
684.7770,-11.0584,-19.7364,0.300,END_LANE,1,END_LANE,,,,0.000,T1_REVERSE_TO_FORWARD
684.8770,-10.9590,-19.7473,0.300,END_LANE,1,END_LANE,,,,0.000,T1_REVERSE_TO_FORWARD
684.9770,-10.8596,-19.7580,0.300,END_LANE,1,END_LANE,,,,0.000,T1_REVERSE_TO_FORWARD
685.0770,-10.7601,-19.7685,0.300,END_LANE,1,END_LANE,,,,0.000,T1_REVERSE_TO_FORWARD
685.1770,-10.6607,-19.7790,0.300,END_LANE,1,END_LANE,,,,0.000,T1_REVERSE_TO_FORWARD
685.2770,-10.5612,-19.7893,0.300,END_LANE,1,END_LANE,,,,0.000,T1_REVERSE_TO_FORWARD
685.3769,-10.4618,-19.7994,0.300,END_LANE,1,END_LANE,,,,0.000,T1_REVERSE_TO_FORWARD
685.4770,-10.3623,-19.8096,0.300,END_LANE,1,END_LANE,,,,0.000,T1_REVERSE_TO_FORWARD
685.5769,-10.2628,-19.8197,0.300,END_LANE,1,END_LANE,,,,0.000,T1_REVERSE_TO_FORWARD
685.6770,-10.1633,-19.8298,0.300,END_LANE,1,END_LANE,,,,0.000,T1_REVERSE_TO_FORWARD
685.7769,-10.0639,-19.8398,0.300,END_LANE,1,END_LANE,,,,0.000,T1_REVERSE_TO_FORWARD
685.8769,-9.9644,-19.8499,0.300,END_LANE,1,END_LANE,,,,0.000,T1_REVERSE_TO_FORWARD
685.9769,-9.8649,-19.8600,0.300,END_LANE,1,END_LANE,,,,0.000,T1_REVERSE_TO_FORWARD
686.0768,-9.7655,-19.8702,0.300,END_LANE,1,END_LANE,,,,0.000,T1_REVERSE_TO_FORWARD
686.1768,-9.6660,-19.8804,0.300,END_LANE,1,END_LANE,,,,0.000,T1_REVERSE_TO_FORWARD
686.2769,-9.5665,-19.8908,0.300,END_LANE,1,END_LANE,,,,0.000,T1_REVERSE_TO_FORWARD
686.3768,-9.4671,-19.9010,0.300,END_LANE,1,END_LANE,,,,0.000,T1_REVERSE_TO_FORWARD
686.4768,-9.3676,-19.9113,0.300,END_LANE,1,END_LANE,,,,0.000,T1_REVERSE_TO_FORWARD
686.5768,-9.2681,-19.9215,0.300,END_LANE,1,END_LANE,,,,0.000,T1_REVERSE_TO_FORWARD
686.6768,-9.1687,-19.9316,0.300,END_LANE,1,END_LANE,,,,0.000,T1_REVERSE_TO_FORWARD
686.7768,-9.0691,-19.9415,0.300,END_LANE,1,END_LANE,,,,0.000,T1_REVERSE_TO_FORWARD
686.8768,-8.9696,-19.9510,0.300,END_LANE,1,END_LANE,,,,0.000,T1_REVERSE_TO_FORWARD
686.9767,-8.8701,-19.9602,0.300,END_LANE,1,END_LANE,,,,0.000,T1_REVERSE_TO_FORWARD
687.0768,-8.7704,-19.9687,0.300,END_LANE,1,END_LANE,,,,0.000,T1_REVERSE_TO_FORWARD
687.1767,-8.6708,-19.9765,0.300,END_LANE,1,END_LANE,,,,0.000,T1_REVERSE_TO_FORWARD
687.2087,-8.6389,-19.9788,0.300,END_LANE,1,END_LANE,END_LANE_CHANGE_DEADLINE,COMPLETE_LANE_CHANGE,ALLOWED_LANE_LATCHED,0.000,T1_REVERSE_TO_FORWARD
687.2767,-8.5710,-19.9833,0.300,END_LANE,1,END_LANE,,,ALLOWED_LANE_LATCHED,0.000,T1_REVERSE_TO_FORWARD
687.3767,-8.4712,-19.9892,0.300,END_LANE,1,END_LANE,,,,0.000,T1_REVERSE_TO_FORWARD
687.4767,-8.3713,-19.9941,0.300,END_LANE,1,END_LANE,,,,0.000,T1_REVERSE_TO_FORWARD
687.5768,-8.2714,-19.9981,0.300,END_LANE,1,END_LANE,,,,0.000,T1_REVERSE_TO_FORWARD
687.6767,-8.1715,-20.0011,0.300,END_LANE,1,END_LANE,,,,0.000,T1_REVERSE_TO_FORWARD
687.7767,-8.0715,-20.0030,0.300,END_LANE,1,END_LANE,,,,0.000,T1_REVERSE_TO_FORWARD
687.8767,-7.9715,-20.0041,0.300,END_LANE,1,END_LANE,,,,0.000,T1_REVERSE_TO_FORWARD
687.9767,-7.8715,-20.0043,0.300,END_LANE,1,END_LANE,,,,0.000,T1_REVERSE_TO_FORWARD
688.0766,-7.7715,-20.0038,0.300,END_LANE,1,END_LANE,,,,0.000,T1_REVERSE_TO_FORWARD
688.1767,-7.6715,-20.0025,0.300,END_LANE,1,END_LANE,,,,0.000,T1_REVERSE_TO_FORWARD
688.2767,-7.5715,-20.0009,0.300,END_LANE,1,END_LANE,,,,0.000,T1_REVERSE_TO_FORWARD
688.3766,-7.4716,-19.9990,0.300,END_LANE,1,END_LANE,,,,0.000,T1_REVERSE_TO_FORWARD
688.4767,-7.3716,-19.9968,0.300,END_LANE,1,END_LANE,,,,0.000,T1_REVERSE_TO_FORWARD
688.5766,-7.2717,-19.9948,0.300,END_LANE,1,END_LANE,,,,0.000,T1_REVERSE_TO_FORWARD
688.6766,-7.1717,-19.9930,0.300,END_LANE,1,END_LANE,,,,0.000,T1_REVERSE_TO_FORWARD
688.7766,-7.0717,-19.9916,0.300,END_LANE,1,END_LANE,,,,0.000,T1_REVERSE_TO_FORWARD
688.8765,-6.9718,-19.9908,0.300,END_LANE,1,END_LANE,,,,0.000,T1_REVERSE_TO_FORWARD
688.9766,-6.8717,-19.9906,0.300,END_LANE,1,END_LANE,,,,0.000,T1_REVERSE_TO_FORWARD
689.0766,-6.7717,-19.9912,0.300,END_LANE,1,END_LANE,,,,0.000,T1_REVERSE_TO_FORWARD
689.1766,-6.6718,-19.9927,0.300,END_LANE,1,END_LANE,,,,0.000,T1_REVERSE_TO_FORWARD
689.2766,-6.5718,-19.9952,0.300,END_LANE,1,END_LANE,,,,0.000,T1_REVERSE_TO_FORWARD
689.3765,-6.4719,-19.9986,0.300,END_LANE,1,END_LANE,,,,0.000,T1_REVERSE_TO_FORWARD
689.4765,-6.3720,-20.0029,0.300,END_LANE,1,END_LANE,,,,0.000,T1_REVERSE_TO_FORWARD
689.5765,-6.2722,-20.0082,0.300,END_LANE,1,END_LANE,,,,0.000,T1_REVERSE_TO_FORWARD
689.6765,-6.1723,-20.0142,0.300,END_LANE,1,END_LANE,,,,0.000,T1_REVERSE_TO_FORWARD
689.7765,-6.0726,-20.0211,0.300,END_LANE,1,END_LANE,,,,0.000,T1_REVERSE_TO_FORWARD
689.8765,-5.9729,-20.0288,0.300,END_LANE,1,END_LANE,,,,0.000,T1_REVERSE_TO_FORWARD
689.9764,-5.8732,-20.0370,0.300,END_LANE,1,END_LANE,,,,0.000,T1_REVERSE_TO_FORWARD
690.0764,-5.7736,-20.0455,0.300,END_LANE,1,END_LANE,,,,0.000,T1_REVERSE_TO_FORWARD
690.1765,-5.6740,-20.0544,0.300,END_LANE,1,END_LANE,,,,0.000,T1_REVERSE_TO_FORWARD
690.2764,-5.5745,-20.0634,0.300,END_LANE,1,END_LANE,,,,0.000,T1_REVERSE_TO_FORWARD
690.3764,-5.4749,-20.0724,0.300,END_LANE,1,END_LANE,,,,0.000,T1_REVERSE_TO_FORWARD
690.4764,-5.3753,-20.0814,0.300,END_LANE,1,END_LANE,,,,0.000,T1_REVERSE_TO_FORWARD
690.5764,-5.2756,-20.0902,0.300,END_LANE,1,END_LANE,,,,0.000,T1_REVERSE_TO_FORWARD
690.6763,-5.1761,-20.0986,0.300,END_LANE,1,END_LANE,,,,0.000,T1_REVERSE_TO_FORWARD
690.7764,-5.0763,-20.1067,0.300,END_LANE,1,END_LANE,,,,0.000,T1_REVERSE_TO_FORWARD
690.8764,-4.9766,-20.1144,0.300,END_LANE,1,END_LANE,,,,0.000,T1_REVERSE_TO_FORWARD
690.9764,-4.8769,-20.1216,0.300,END_LANE,1,END_LANE,,,,0.000,T1_REVERSE_TO_FORWARD
691.0763,-4.7772,-20.1283,0.300,END_LANE,1,END_LANE,,,,0.000,T1_REVERSE_TO_FORWARD
691.1763,-4.6774,-20.1346,0.300,END_LANE,1,END_LANE,,,,0.000,T1_REVERSE_TO_FORWARD
691.2763,-4.5776,-20.1405,0.300,END_LANE,1,END_LANE,,,,0.000,T1_REVERSE_TO_FORWARD
691.3763,-4.4777,-20.1459,0.300,END_LANE,1,END_LANE,,,,0.000,T1_REVERSE_TO_FORWARD
691.4763,-4.3779,-20.1511,0.300,END_LANE,1,END_LANE,,,,0.000,T1_REVERSE_TO_FORWARD
691.5763,-4.2780,-20.1559,0.300,END_LANE,1,END_LANE,,,,0.000,T1_REVERSE_TO_FORWARD
691.6763,-4.1781,-20.1606,0.300,END_LANE,1,END_LANE,,,,0.000,T1_REVERSE_TO_FORWARD
691.7763,-4.0782,-20.1650,0.300,END_LANE,1,END_LANE,,,,0.000,T1_REVERSE_TO_FORWARD
691.8762,-3.9784,-20.1694,0.300,END_LANE,1,END_LANE,,,,0.000,T1_REVERSE_TO_FORWARD
691.9762,-3.8785,-20.1738,0.300,END_LANE,1,END_LANE,,,,0.000,T1_REVERSE_TO_FORWARD
692.0762,-3.7786,-20.1785,0.300,END_LANE,1,END_LANE,,,,0.000,T1_REVERSE_TO_FORWARD
692.1762,-3.6787,-20.1832,0.300,END_LANE,1,END_LANE,,,,0.000,T1_REVERSE_TO_FORWARD
692.2762,-3.5788,-20.1884,0.300,END_LANE,1,END_LANE,,,,0.000,T1_REVERSE_TO_FORWARD
692.3762,-3.4790,-20.1938,0.300,END_LANE,1,END_LANE,,,,0.000,T1_REVERSE_TO_FORWARD
692.4762,-3.3792,-20.1997,0.300,END_LANE,1,END_LANE,,,,0.000,T1_REVERSE_TO_FORWARD
692.5762,-3.2793,-20.2061,0.300,END_LANE,1,END_LANE,,,,0.000,T1_REVERSE_TO_FORWARD
692.6762,-3.1796,-20.2130,0.300,END_LANE,1,END_LANE,,,,0.000,T1_REVERSE_TO_FORWARD
692.7761,-3.0800,-20.2203,0.300,END_LANE,1,END_LANE,,,,0.000,T1_REVERSE_TO_FORWARD
692.8761,-2.9803,-20.2283,0.300,END_LANE,1,END_LANE,,,,0.000,T1_REVERSE_TO_FORWARD
692.9761,-2.8806,-20.2367,0.300,END_LANE,1,END_LANE,,,,0.000,T1_REVERSE_TO_FORWARD
693.0762,-2.7810,-20.2454,0.300,END_LANE,1,END_LANE,,,,0.000,T1_REVERSE_TO_FORWARD
693.1761,-2.6815,-20.2546,0.300,END_LANE,1,END_LANE,,,,0.000,T1_REVERSE_TO_FORWARD
693.2761,-2.5819,-20.2639,0.300,END_LANE,1,END_LANE,,,,0.000,T1_REVERSE_TO_FORWARD
693.3761,-2.4823,-20.2733,0.300,END_LANE,1,END_LANE,,,,0.000,T1_REVERSE_TO_FORWARD
693.4760,-2.3828,-20.2827,0.300,END_LANE,1,END_LANE,,,,0.000,T1_REVERSE_TO_FORWARD
693.5760,-2.2833,-20.2920,0.300,END_LANE,1,END_LANE,,,,0.000,T1_REVERSE_TO_FORWARD
693.6760,-2.1837,-20.3010,0.300,END_LANE,1,END_LANE,,,,0.000,T1_REVERSE_TO_FORWARD
693.7760,-2.0841,-20.3096,0.300,END_LANE,1,END_LANE,,,,0.000,T1_REVERSE_TO_FORWARD
693.8760,-1.9844,-20.3176,0.300,END_LANE,1,END_LANE,,,,0.000,T1_REVERSE_TO_FORWARD
693.9760,-1.8847,-20.3251,0.300,END_LANE,1,END_LANE,,,,0.000,T1_REVERSE_TO_FORWARD
694.0760,-1.7849,-20.3318,0.300,END_LANE,1,END_LANE,,,,0.000,T1_REVERSE_TO_FORWARD
694.0816,-1.7793,-20.3321,0.300,END_LANE,1,END_LANE,FINISH_LINE,CROSS_FINISH_LINE,,0.000,T1_REVERSE_TO_FORWARD
694.1759,-1.6851,-20.3375,0.300,END_LANE,1,END_LANE,,,,0.000,T1_REVERSE_TO_FORWARD
694.2310,-1.6301,-20.3406,0.300,NORMAL,1,ROUTE,,,,0.000,T1_REVERSE_TO_FORWARD
694.2760,-1.5852,-20.3431,0.300,NORMAL,1,ROUTE,,,,0.000,T1_REVERSE_TO_FORWARD
694.3759,-1.4855,-20.3492,0.300,NORMAL,1,ROUTE,,,,0.000,T1_REVERSE_TO_FORWARD
694.4760,-1.3856,-20.3556,0.300,NORMAL,1,ROUTE,,,,0.000,T1_REVERSE_TO_FORWARD
694.5760,-1.2859,-20.3625,0.300,NORMAL,1,ROUTE,,,,0.000,T1_REVERSE_TO_FORWARD
694.6759,-1.1862,-20.3700,0.300,NORMAL,1,ROUTE,,,,0.000,T1_REVERSE_TO_FORWARD
694.7759,-1.0865,-20.3779,0.300,NORMAL,1,ROUTE,,,,0.000,T1_REVERSE_TO_FORWARD
694.8759,-0.9869,-20.3864,0.300,NORMAL,1,ROUTE,,,,0.000,T1_REVERSE_TO_FORWARD
694.9759,-0.8873,-20.3954,0.300,NORMAL,1,ROUTE,,,,0.000,T1_REVERSE_TO_FORWARD
695.0759,-0.7878,-20.4049,0.300,NORMAL,1,ROUTE,,,,0.000,T1_REVERSE_TO_FORWARD
695.1759,-0.6883,-20.4151,0.300,NORMAL,1,ROUTE,,,,0.000,T1_REVERSE_TO_FORWARD
695.2759,-0.5888,-20.4255,0.300,NORMAL,1,ROUTE,,,,0.000,T1_REVERSE_TO_FORWARD
695.3759,-0.4894,-20.4363,0.300,NORMAL,1,ROUTE,,,,0.000,T1_REVERSE_TO_FORWARD
695.4758,-0.3901,-20.4474,0.300,NORMAL,1,ROUTE,,,,0.000,T1_REVERSE_TO_FORWARD
695.5758,-0.2907,-20.4586,0.000,FINISH,1,FINISH,ROUTE_COMPLETE,FULL_STOP,,0.000,T1_REVERSE_TO_FORWARD
