s_m,x_m,y_m,target_speed_mps,mission,direction,fsm_zone,fsm_event_ids,fsm_actions,fsm_conditions,fsm_hold_sec,direction_source
0.0000,-0.0000,0.0000,0.000,NORMAL,1,ROUTE,ROUTE_START,START,,,PREVIEW_DEFAULT
0.2934,-0.2765,0.0982,0.000,NORMAL,1,ROUTE,,,,,PREVIEW_DEFAULT
0.5867,-0.5529,0.1963,0.000,NORMAL,1,ROUTE,,,,,PREVIEW_DEFAULT
0.8801,-0.8294,0.2945,0.000,NORMAL,1,ROUTE,,,,,PREVIEW_DEFAULT
1.1735,-1.1058,0.3926,0.000,NORMAL,1,ROUTE,,,,,PREVIEW_DEFAULT
1.4668,-1.3823,0.4908,0.000,NORMAL,1,ROUTE,,,,,PREVIEW_DEFAULT
1.7659,-1.6641,0.5909,0.000,NORMAL,1,ROUTE,,,,,PREVIEW_DEFAULT
2.0649,-1.9459,0.6910,0.000,NORMAL,1,ROUTE,,,,,PREVIEW_DEFAULT
2.3640,-2.2277,0.7911,0.000,NORMAL,1,ROUTE,,,,,PREVIEW_DEFAULT
2.6630,-2.5095,0.8912,0.000,NORMAL,1,ROUTE,,,,,PREVIEW_DEFAULT
2.9621,-2.7913,0.9913,0.000,NORMAL,1,ROUTE,,,,,PREVIEW_DEFAULT
3.2328,-3.0374,1.1041,0.000,NORMAL,1,ROUTE,,,,,PREVIEW_DEFAULT
3.5035,-3.2834,1.2170,0.000,NORMAL,1,ROUTE,,,,,PREVIEW_DEFAULT
3.7742,-3.5295,1.3298,0.000,NORMAL,1,ROUTE,,,,,PREVIEW_DEFAULT
3.9758,-3.7198,1.3962,0.000,NORMAL,1,ROUTE,,,,,PREVIEW_DEFAULT
4.1773,-3.9101,1.4627,0.000,NORMAL,1,ROUTE,,,,,PREVIEW_DEFAULT
4.3789,-4.1004,1.5291,0.000,NORMAL,1,ROUTE,,,,,PREVIEW_DEFAULT
4.6055,-4.3137,1.6056,0.000,NORMAL,1,ROUTE,,,,,PREVIEW_DEFAULT
4.8322,-4.5271,1.6822,0.000,NORMAL,1,ROUTE,,,,,PREVIEW_DEFAULT
5.0588,-4.7404,1.7587,0.000,NORMAL,1,ROUTE,,,,,PREVIEW_DEFAULT
5.2909,-4.9660,1.8133,0.000,NORMAL,1,ROUTE,,,,,PREVIEW_DEFAULT
5.5230,-5.1915,1.8678,0.000,NORMAL,1,ROUTE,,,,,PREVIEW_DEFAULT
5.7551,-5.4171,1.9224,0.000,NORMAL,1,ROUTE,,,,,PREVIEW_DEFAULT
5.9649,-5.6149,1.9925,0.000,NORMAL,1,ROUTE,,,,,PREVIEW_DEFAULT
6.1748,-5.8128,2.0626,0.000,NORMAL,1,ROUTE,,,,,PREVIEW_DEFAULT
6.3847,-6.0106,2.1327,0.000,NORMAL,1,ROUTE,,,,,PREVIEW_DEFAULT
6.5883,-6.2056,2.1914,0.000,NORMAL,1,ROUTE,,,,,PREVIEW_DEFAULT
6.7920,-6.4006,2.2500,0.000,NORMAL,1,ROUTE,,,,,PREVIEW_DEFAULT
6.9956,-6.5956,2.3087,0.000,NORMAL,1,ROUTE,,,,,PREVIEW_DEFAULT
7.2443,-6.8325,2.3845,0.000,NORMAL,1,ROUTE,,,,,PREVIEW_DEFAULT
7.4930,-7.0693,2.4602,0.000,NORMAL,1,ROUTE,,,,,PREVIEW_DEFAULT
7.7417,-7.3062,2.5360,0.000,NORMAL,1,ROUTE,,,,,PREVIEW_DEFAULT
8.0344,-7.5838,2.6287,0.000,NORMAL,1,ROUTE,,,,,PREVIEW_DEFAULT
8.3271,-7.8615,2.7214,0.000,NORMAL,1,ROUTE,,,,,PREVIEW_DEFAULT
8.5520,-8.0657,2.8158,0.000,NORMAL,1,ROUTE,,,,,PREVIEW_DEFAULT
8.7770,-8.2698,2.9102,0.000,NORMAL,1,ROUTE,,,,,PREVIEW_DEFAULT
9.0019,-8.4740,3.0046,0.000,NORMAL,1,ROUTE,,,,,PREVIEW_DEFAULT
9.2083,-8.6724,3.0613,0.000,NORMAL,1,ROUTE,,,,,PREVIEW_DEFAULT
9.4147,-8.8709,3.1180,0.000,NORMAL,1,ROUTE,,,,,PREVIEW_DEFAULT
9.6210,-9.0693,3.1747,0.000,NORMAL,1,ROUTE,,,,,PREVIEW_DEFAULT
9.9182,-9.3531,3.2629,0.000,NORMAL,1,ROUTE,,,,,PREVIEW_DEFAULT
10.2154,-9.6369,3.3510,0.000,NORMAL,1,ROUTE,,,,,PREVIEW_DEFAULT
10.4889,-9.8906,3.4531,0.000,NORMAL,1,ROUTE,,,,,PREVIEW_DEFAULT
10.7623,-10.1443,3.5552,0.000,NORMAL,1,ROUTE,,,,,PREVIEW_DEFAULT
10.9686,-10.3380,3.6260,0.000,NORMAL,1,ROUTE,,,,,PREVIEW_DEFAULT
11.1748,-10.5317,3.6969,0.000,NORMAL,1,ROUTE,,,,,PREVIEW_DEFAULT
11.3811,-10.7254,3.7677,0.000,NORMAL,1,ROUTE,,,,,PREVIEW_DEFAULT
11.5963,-10.9228,3.8533,0.000,NORMAL,1,ROUTE,,,,,PREVIEW_DEFAULT
11.8115,-11.1203,3.9390,0.000,NORMAL,1,ROUTE,,,,,PREVIEW_DEFAULT
12.0267,-11.3177,4.0246,0.000,NORMAL,1,ROUTE,,,,,PREVIEW_DEFAULT
12.2458,-11.5273,4.0887,0.000,NORMAL,1,ROUTE,,,,,PREVIEW_DEFAULT
12.4650,-11.7368,4.1527,0.000,NORMAL,1,ROUTE,,,,,PREVIEW_DEFAULT
12.6841,-11.9464,4.2168,0.000,NORMAL,1,ROUTE,,,,,PREVIEW_DEFAULT
12.9068,-12.1511,4.3046,0.000,NORMAL,1,ROUTE,,,,,PREVIEW_DEFAULT
13.1296,-12.3558,4.3924,0.000,NORMAL,1,ROUTE,,,,,PREVIEW_DEFAULT
13.3523,-12.5605,4.4802,0.000,NORMAL,1,ROUTE,,,,,PREVIEW_DEFAULT
13.5736,-12.7693,4.5535,0.000,NORMAL,1,ROUTE,,,,,PREVIEW_DEFAULT
13.7949,-12.9780,4.6269,0.000,NORMAL,1,ROUTE,,,,,PREVIEW_DEFAULT
14.0161,-13.1868,4.7002,0.000,NORMAL,1,ROUTE,,,,,PREVIEW_DEFAULT
14.1765,-13.0418,4.6317,0.000,NORMAL,1,ROUTE,,,,,PREVIEW_DEFAULT
14.4699,-13.3213,4.7210,0.000,NORMAL,1,ROUTE,,,,,PREVIEW_DEFAULT
14.7634,-13.6009,4.8102,0.000,NORMAL,1,ROUTE,,,,,PREVIEW_DEFAULT
14.9748,-13.8058,4.8622,0.000,NORMAL,1,ROUTE,,,,,PREVIEW_DEFAULT
15.1862,-14.0108,4.9141,0.000,NORMAL,1,ROUTE,,,,,PREVIEW_DEFAULT
15.3977,-14.2157,4.9661,0.000,NORMAL,1,ROUTE,,,,,PREVIEW_DEFAULT
15.6105,-14.4094,5.0542,0.000,NORMAL,1,ROUTE,,,,,PREVIEW_DEFAULT
15.8233,-14.6032,5.1424,0.000,NORMAL,1,ROUTE,,,,,PREVIEW_DEFAULT
16.0362,-14.7969,5.2305,0.000,NORMAL,1,ROUTE,,,,,PREVIEW_DEFAULT
16.3148,-15.0615,5.3178,0.000,NORMAL,1,ROUTE,,,,,PREVIEW_DEFAULT
16.5934,-15.3261,5.4051,0.000,NORMAL,1,ROUTE,,,,,PREVIEW_DEFAULT
16.8024,-15.5277,5.4599,0.000,NORMAL,1,ROUTE,,,,,PREVIEW_DEFAULT
17.0113,-15.7294,5.5147,0.000,NORMAL,1,ROUTE,,,,,PREVIEW_DEFAULT
17.2203,-15.9310,5.5695,0.000,NORMAL,1,ROUTE,,,,,PREVIEW_DEFAULT
17.4569,-16.1476,5.6649,0.000,NORMAL,1,ROUTE,,,,,PREVIEW_DEFAULT
17.6936,-16.3642,5.7602,0.000,NORMAL,1,ROUTE,,,,,PREVIEW_DEFAULT
17.9303,-16.5808,5.8556,0.000,NORMAL,1,ROUTE,,,,,PREVIEW_DEFAULT
18.1362,-16.7764,5.9201,0.000,NORMAL,1,ROUTE,,,,,PREVIEW_DEFAULT
18.3422,-16.9720,5.9846,0.000,NORMAL,1,ROUTE,,,,,PREVIEW_DEFAULT
18.5482,-17.1676,6.0491,0.000,NORMAL,1,ROUTE,,,,,PREVIEW_DEFAULT
18.7919,-17.3947,6.1376,0.000,NORMAL,1,ROUTE,,,,,PREVIEW_DEFAULT
19.0357,-17.6219,6.2261,0.000,NORMAL,1,ROUTE,,,,,PREVIEW_DEFAULT
19.2794,-17.8490,6.3146,0.000,NORMAL,1,ROUTE,,,,,PREVIEW_DEFAULT
19.5446,-18.1029,6.3909,0.000,NORMAL,1,ROUTE,,,,,PREVIEW_DEFAULT
19.8097,-18.3569,6.4672,0.000,NORMAL,1,ROUTE,,,,,PREVIEW_DEFAULT
20.0749,-18.6108,6.5435,0.000,NORMAL,1,ROUTE,,,,,PREVIEW_DEFAULT
20.3164,-18.8426,6.6113,0.000,NORMAL,1,ROUTE,,,,,PREVIEW_DEFAULT
20.5580,-19.0745,6.6790,0.000,NORMAL,1,ROUTE,,,,,PREVIEW_DEFAULT
20.7995,-19.3063,6.7468,0.000,NORMAL,1,ROUTE,,,,,PREVIEW_DEFAULT
21.0989,-19.5857,6.8544,0.000,NORMAL,1,ROUTE,,,,,PREVIEW_DEFAULT
21.3983,-19.8650,6.9621,0.000,NORMAL,1,ROUTE,,,,,PREVIEW_DEFAULT
21.6977,-20.1444,7.0697,0.000,NORMAL,1,ROUTE,,,,,PREVIEW_DEFAULT
21.9309,-20.3638,7.1488,0.000,NORMAL,1,ROUTE,,,,,PREVIEW_DEFAULT
22.1641,-20.5832,7.2278,0.000,HILL,1,HILL,HILL_START,ENTER_ZONE,,,PREVIEW_DEFAULT
22.3973,-20.8026,7.3069,0.000,HILL,1,HILL,,,,,PREVIEW_DEFAULT
22.6493,-21.0465,7.3703,0.000,HILL,1,HILL,,,,,PREVIEW_DEFAULT
22.9014,-21.2905,7.4337,0.000,HILL,1,HILL,,,,,PREVIEW_DEFAULT
23.1534,-21.5344,7.4971,0.000,HILL,1,HILL,,,,,PREVIEW_DEFAULT
23.4094,-21.7706,7.5957,0.000,HILL,1,HILL,,,,,PREVIEW_DEFAULT
23.6654,-22.0069,7.6944,0.000,HILL,1,HILL,,,,,PREVIEW_DEFAULT
23.9214,-22.2431,7.7930,0.000,HILL,1,HILL,,,,,PREVIEW_DEFAULT
24.1494,-22.4576,7.8701,0.000,HILL,1,HILL,,,,,PREVIEW_DEFAULT
24.3774,-22.6722,7.9473,0.000,HILL,1,HILL,,,,,PREVIEW_DEFAULT
24.6054,-22.8867,8.0244,0.000,HILL,1,HILL,,,,,PREVIEW_DEFAULT
24.8334,-23.1013,8.1016,0.000,HILL,1,HILL,,,,,PREVIEW_DEFAULT
25.0509,-23.3041,8.1802,0.000,HILL,1,HILL,,,,,PREVIEW_DEFAULT
25.2684,-23.5069,8.2587,0.000,HILL,1,HILL,,,,,PREVIEW_DEFAULT
25.4859,-23.7097,8.3373,0.000,HILL,1,HILL,,,,,PREVIEW_DEFAULT
25.7028,-23.9223,8.3803,0.000,HILL,1,HILL,,,,,PREVIEW_DEFAULT
25.9197,-24.1350,8.4233,0.000,HILL,1,HILL,,,,,PREVIEW_DEFAULT
26.1367,-24.3476,8.4663,0.000,HILL,1,HILL,,,,,PREVIEW_DEFAULT
26.3730,-24.5728,8.5382,0.000,HILL,1,HILL,,,,,PREVIEW_DEFAULT
26.6094,-24.7979,8.6101,0.000,HILL,1,HILL,,,,,PREVIEW_DEFAULT
26.8458,-25.0231,8.6820,0.000,HILL,1,HILL,,,,,PREVIEW_DEFAULT
27.0558,-25.2142,8.7690,0.000,HILL,1,HILL,,,,,PREVIEW_DEFAULT
27.2658,-25.4054,8.8561,0.000,HILL,1,HILL,,,,,PREVIEW_DEFAULT
27.4758,-25.5965,8.9431,0.000,HILL,1,HILL,,,,,PREVIEW_DEFAULT
27.7151,-25.8289,9.0001,0.000,HILL,1,HILL,,,,,PREVIEW_DEFAULT
27.9544,-26.0613,9.0571,0.000,HILL,1,HILL,,,,,PREVIEW_DEFAULT
28.1937,-26.2937,9.1141,0.000,HILL,1,HILL,,,,,PREVIEW_DEFAULT
28.4666,-26.5507,9.2058,0.000,HILL,1,HILL,,,,,PREVIEW_DEFAULT
28.7395,-26.8077,9.2976,0.000,HILL,1,HILL,,,,,PREVIEW_DEFAULT
29.0124,-27.0648,9.3893,0.000,HILL,1,HILL,,,,,PREVIEW_DEFAULT
29.2853,-27.3218,9.4810,0.000,HILL,1,HILL,,,,,PREVIEW_DEFAULT
29.3296,-27.3492,9.4462,0.000,HILL,1,HILL,,,,,PREVIEW_DEFAULT
29.5328,-27.5489,9.4836,0.000,HILL,1,HILL,,,,,PREVIEW_DEFAULT
29.7360,-27.7487,9.5211,0.000,HILL,1,HILL,,,,,PREVIEW_DEFAULT
29.9392,-27.9484,9.5585,0.000,HILL,1,HILL,,,,,PREVIEW_DEFAULT
30.1934,-28.1770,9.6695,0.000,HILL,1,HILL,,,,,PREVIEW_DEFAULT
30.4475,-28.4057,9.7805,0.000,HILL,1,HILL,,,,,PREVIEW_DEFAULT
30.7017,-28.6343,9.8915,0.000,HILL,1,HILL,,,,,PREVIEW_DEFAULT
30.9541,-28.8682,9.9865,0.000,HILL,1,HILL,,,,,PREVIEW_DEFAULT
31.2066,-29.1021,10.0814,0.000,HILL,1,HILL,,,,,PREVIEW_DEFAULT
31.4590,-29.3360,10.1764,0.000,HILL,1,HILL,,,,,PREVIEW_DEFAULT
31.7035,-29.5660,10.2592,0.000,HILL,1,HILL,,,,,PREVIEW_DEFAULT
31.9479,-29.7960,10.3421,0.000,HILL,1,HILL,,,,,PREVIEW_DEFAULT
32.1924,-30.0260,10.4249,0.000,HILL,1,HILL,,,,,PREVIEW_DEFAULT
32.4802,-30.3014,10.5084,0.000,HILL,1,HILL,,,,,PREVIEW_DEFAULT
32.7680,-30.5768,10.5920,0.000,HILL,1,HILL,,,,,PREVIEW_DEFAULT
33.0202,-30.8196,10.6601,0.000,HILL,1,HILL,,,,,PREVIEW_DEFAULT
33.2724,-31.0625,10.7281,0.000,HILL,1,HILL,,,,,PREVIEW_DEFAULT
33.5598,-31.3443,10.7847,0.000,HILL,1,HILL,,,,,PREVIEW_DEFAULT
33.8473,-31.6261,10.8414,0.000,HILL,1,HILL,,,,,PREVIEW_DEFAULT
34.0799,-31.8455,10.9188,0.000,HILL,1,HILL,,,,,PREVIEW_DEFAULT
34.3125,-32.0648,10.9963,0.000,HILL,1,HILL,,,,,PREVIEW_DEFAULT
34.5452,-32.2842,11.0737,0.000,HILL,1,HILL,HILL_STOP,STOP,ALWAYS_ONCE,,PREVIEW_DEFAULT
34.7813,-32.5038,11.1607,0.000,HILL,1,HILL,,,,,PREVIEW_DEFAULT
35.0175,-32.7233,11.2478,0.000,HILL,1,HILL,,,,,PREVIEW_DEFAULT
35.2537,-32.9429,11.3348,0.000,HILL,1,HILL,,,,,PREVIEW_DEFAULT
35.4934,-33.1719,11.4056,0.000,HILL,1,HILL,,,,,PREVIEW_DEFAULT
35.7332,-33.4010,11.4764,0.000,HILL,1,HILL,,,,,PREVIEW_DEFAULT
35.9729,-33.6300,11.5472,0.000,HILL,1,HILL,,,,,PREVIEW_DEFAULT
36.2275,-33.8685,11.6363,0.000,HILL,1,HILL,,,,,PREVIEW_DEFAULT
36.4821,-34.1069,11.7255,0.000,HILL,1,HILL,,,,,PREVIEW_DEFAULT
36.7366,-34.3454,11.8146,0.000,HILL,1,HILL,,,,,PREVIEW_DEFAULT
36.9926,-34.5852,11.9041,0.000,HILL,1,HILL,,,,,PREVIEW_DEFAULT
37.2486,-34.8251,11.9936,0.000,HILL,1,HILL,,,,,PREVIEW_DEFAULT
37.5046,-35.0649,12.0831,0.000,HILL,1,HILL,,,,,PREVIEW_DEFAULT
37.7960,-35.3377,12.1855,0.000,HILL,1,HILL,,,,,PREVIEW_DEFAULT
38.0873,-35.6104,12.2880,0.000,HILL,1,HILL,,,,,PREVIEW_DEFAULT
38.3787,-35.8832,12.3904,0.000,HILL,1,HILL,,,,,PREVIEW_DEFAULT
38.5849,-36.0870,12.4220,0.000,HILL,1,HILL,,,,,PREVIEW_DEFAULT
38.7911,-36.2907,12.4535,0.000,HILL,1,HILL,,,,,PREVIEW_DEFAULT
38.9973,-36.4945,12.4851,0.000,HILL,1,HILL,,,,,PREVIEW_DEFAULT
39.2747,-36.7188,12.6484,0.000,HILL,1,HILL,,,,,PREVIEW_DEFAULT
39.5500,-36.5825,12.4093,0.000,HILL,1,HILL,,,,,PREVIEW_DEFAULT
39.8320,-36.8518,12.4930,0.000,HILL,1,HILL,,,,,PREVIEW_DEFAULT
40.1140,-37.1211,12.5766,0.000,HILL,1,HILL,,,,,PREVIEW_DEFAULT
40.3975,-37.3860,12.6777,0.000,HILL,1,HILL,,,,,PREVIEW_DEFAULT
40.6810,-37.6509,12.7788,0.000,HILL,1,HILL,,,,,PREVIEW_DEFAULT
40.8944,-37.8536,12.8455,0.000,HILL,1,HILL,,,,,PREVIEW_DEFAULT
41.1078,-38.0563,12.9121,0.000,HILL,1,HILL,,,,,PREVIEW_DEFAULT
41.3212,-38.2590,12.9788,0.000,HILL,1,HILL,,,,,PREVIEW_DEFAULT
41.5881,-38.5173,13.0460,0.000,HILL,1,HILL,,,,,PREVIEW_DEFAULT
41.8549,-38.7756,13.1131,0.000,HILL,1,HILL,,,,,PREVIEW_DEFAULT
42.1218,-39.0339,13.1803,0.000,HILL,1,HILL,,,,,PREVIEW_DEFAULT
42.3498,-39.2441,13.2684,0.000,HILL,1,HILL,,,,,PREVIEW_DEFAULT
42.5777,-39.4543,13.3566,0.000,HILL,1,HILL,,,,,PREVIEW_DEFAULT
42.8056,-39.6645,13.4447,0.000,HILL,1,HILL,,,,,PREVIEW_DEFAULT
43.0507,-39.8799,13.5616,0.000,HILL,1,HILL,,,,,PREVIEW_DEFAULT
43.2958,-40.0953,13.6784,0.000,HILL,1,HILL,,,,,PREVIEW_DEFAULT
43.5409,-40.3108,13.7953,0.000,HILL,1,HILL,,,,,PREVIEW_DEFAULT
43.7860,-40.5262,13.9122,0.000,HILL,1,HILL,,,,,PREVIEW_DEFAULT
44.0331,-40.7732,13.9032,0.000,HILL,1,HILL,,,,,PREVIEW_DEFAULT
44.2601,-40.9862,13.9818,0.000,HILL,1,HILL,,,,,PREVIEW_DEFAULT
44.4872,-41.1991,14.0604,0.000,HILL,1,HILL,,,,,PREVIEW_DEFAULT
44.7142,-41.4121,14.1390,0.000,HILL,1,HILL,,,,,PREVIEW_DEFAULT
44.9168,-41.6024,14.2084,0.000,HILL,1,HILL,,,,,PREVIEW_DEFAULT
45.1193,-41.7928,14.2778,0.000,HILL,1,HILL,,,,,PREVIEW_DEFAULT
45.3219,-41.9831,14.3472,0.000,HILL,1,HILL,,,,,PREVIEW_DEFAULT
45.6100,-42.2602,14.4261,0.000,HILL,1,HILL,,,,,PREVIEW_DEFAULT
45.8981,-42.5373,14.5049,0.000,HILL,1,HILL,,,,,PREVIEW_DEFAULT
46.1315,-42.7542,14.5910,0.000,HILL,1,HILL,,,,,PREVIEW_DEFAULT
46.3648,-42.9710,14.6771,0.000,HILL,1,HILL,,,,,PREVIEW_DEFAULT
46.5981,-43.1879,14.7632,0.000,HILL,1,HILL,,,,,PREVIEW_DEFAULT
46.8875,-43.4634,14.8515,0.000,HILL,1,HILL,,,,,PREVIEW_DEFAULT
47.1768,-43.7390,14.9398,0.000,HILL,1,HILL,,,,,PREVIEW_DEFAULT
47.4200,-43.9703,15.0147,0.000,HILL,1,HILL,,,,,PREVIEW_DEFAULT
47.6632,-44.2017,15.0896,0.000,HILL,1,HILL,,,,,PREVIEW_DEFAULT
47.9063,-44.4330,15.1645,0.000,HILL,1,HILL,,,,,PREVIEW_DEFAULT
48.1761,-44.6868,15.2558,0.000,HILL,1,HILL,,,,,PREVIEW_DEFAULT
48.4458,-44.9407,15.3470,0.000,HILL,1,HILL,,,,,PREVIEW_DEFAULT
48.7155,-45.1945,15.4383,0.000,HILL,1,HILL,,,,,PREVIEW_DEFAULT
48.9243,-45.3925,15.5042,0.000,HILL,1,HILL,,,,,PREVIEW_DEFAULT
49.1330,-45.5906,15.5702,0.000,HILL,1,HILL,,,,,PREVIEW_DEFAULT
49.3417,-45.7886,15.6361,0.000,HILL,1,HILL,,,,,PREVIEW_DEFAULT
49.5642,-45.9972,15.7137,0.000,HILL,1,HILL,,,,,PREVIEW_DEFAULT
49.7867,-46.2057,15.7912,0.000,HILL,1,HILL,,,,,PREVIEW_DEFAULT
50.0093,-46.4143,15.8688,0.000,HILL,1,HILL,,,,,PREVIEW_DEFAULT
50.2529,-46.6436,15.9512,0.000,HILL,1,HILL,,,,,PREVIEW_DEFAULT
50.4966,-46.8730,16.0335,0.000,HILL,1,HILL,,,,,PREVIEW_DEFAULT
50.7403,-47.1023,16.1159,0.000,HILL,1,HILL,,,,,PREVIEW_DEFAULT
50.9653,-47.3167,16.1843,0.000,HILL,1,HILL,,,,,PREVIEW_DEFAULT
51.1904,-47.5311,16.2526,0.000,HILL,1,HILL,,,,,PREVIEW_DEFAULT
51.4154,-47.7455,16.3210,0.000,HILL,1,HILL,,,,,PREVIEW_DEFAULT
51.6618,-47.9762,16.4075,0.000,HILL,1,HILL,,,,,PREVIEW_DEFAULT
51.9081,-48.2068,16.4941,0.000,HILL,1,HILL,,,,,PREVIEW_DEFAULT
52.1545,-48.4375,16.5806,0.000,HILL,1,HILL,,,,,PREVIEW_DEFAULT
52.4007,-48.6714,16.6574,0.000,HILL,1,HILL,,,,,PREVIEW_DEFAULT
52.6470,-48.9054,16.7343,0.000,HILL,1,HILL,,,,,PREVIEW_DEFAULT
52.8932,-49.1393,16.8111,0.000,HILL,1,HILL,,,,,PREVIEW_DEFAULT
53.1756,-49.3978,16.9250,0.000,HILL,1,HILL,,,,,PREVIEW_DEFAULT
53.4581,-49.6563,17.0388,0.000,HILL,1,HILL,,,,,PREVIEW_DEFAULT
53.7406,-49.9148,17.1527,0.000,HILL,1,HILL,,,,,PREVIEW_DEFAULT
53.9481,-50.1126,17.2156,0.000,HILL,1,HILL,,,,,PREVIEW_DEFAULT
54.1556,-50.3103,17.2785,0.000,HILL,1,HILL,,,,,PREVIEW_DEFAULT
54.3632,-50.5081,17.3414,0.000,HILL,1,HILL,,,,,PREVIEW_DEFAULT
54.6070,-50.7446,17.4006,0.000,HILL,1,HILL,,,,,PREVIEW_DEFAULT
54.8508,-50.9812,17.4597,0.000,HILL,1,HILL,,,,,PREVIEW_DEFAULT
55.0946,-51.2177,17.5189,0.000,HILL,1,HILL,,,,,PREVIEW_DEFAULT
55.3252,-51.4408,17.5771,0.000,HILL,1,HILL,,,,,PREVIEW_DEFAULT
55.5558,-51.6640,17.6352,0.000,HILL,1,HILL,,,,,PREVIEW_DEFAULT
55.7864,-51.8871,17.6934,0.000,HILL,1,HILL,,,,,PREVIEW_DEFAULT
56.0286,-52.1147,17.7761,0.000,HILL,1,HILL,,,,,PREVIEW_DEFAULT
56.2707,-52.3423,17.8588,0.000,HILL,1,HILL,,,,,PREVIEW_DEFAULT
56.5129,-52.5699,17.9415,0.000,HILL,1,HILL,,,,,PREVIEW_DEFAULT
56.7537,-52.7982,18.0180,0.000,HILL,1,HILL,,,,,PREVIEW_DEFAULT
56.9944,-53.0265,18.0945,0.000,HILL,1,HILL,,,,,PREVIEW_DEFAULT
57.2352,-53.2548,18.1710,0.000,HILL,1,HILL,,,,,PREVIEW_DEFAULT
57.4977,-53.5094,18.2350,0.000,HILL,1,HILL,,,,,PREVIEW_DEFAULT
57.7603,-53.7640,18.2990,0.000,HILL,1,HILL,HILL_END,EXIT_ZONE,,,PREVIEW_DEFAULT
58.0228,-54.0186,18.3630,0.000,NORMAL,1,ROUTE,,,,,PREVIEW_DEFAULT
58.2449,-54.2326,18.4224,0.000,NORMAL,1,ROUTE,,,,,PREVIEW_DEFAULT
58.4669,-54.4466,18.4817,0.000,NORMAL,1,ROUTE,,,,,PREVIEW_DEFAULT
58.6890,-54.6606,18.5411,0.000,NORMAL,1,ROUTE,,,,,PREVIEW_DEFAULT
58.9772,-54.9433,18.5974,0.000,NORMAL,1,ROUTE,,,,,PREVIEW_DEFAULT
59.2654,-55.2259,18.6536,0.000,NORMAL,1,ROUTE,,,,,PREVIEW_DEFAULT
59.5537,-55.5086,18.7099,0.000,NORMAL,1,ROUTE,,,,,PREVIEW_DEFAULT
59.8249,-55.7729,18.7707,0.000,NORMAL,1,ROUTE,,,,,PREVIEW_DEFAULT
60.0960,-56.0372,18.8314,0.000,NORMAL,1,ROUTE,,,,,PREVIEW_DEFAULT
60.3672,-56.3015,18.8922,0.000,NORMAL,1,ROUTE,,,,,PREVIEW_DEFAULT
60.6642,-56.5911,18.9582,0.000,NORMAL,1,ROUTE,,,,,PREVIEW_DEFAULT
60.9612,-56.8806,19.0243,0.000,NORMAL,1,ROUTE,,,,,PREVIEW_DEFAULT
61.2582,-57.1702,19.0903,0.000,NORMAL,1,ROUTE,,,,,PREVIEW_DEFAULT
61.5410,-57.4529,19.0919,0.000,NORMAL,1,ROUTE,,,,,PREVIEW_DEFAULT
61.8237,-57.7357,19.0934,0.000,NORMAL,1,ROUTE,,,,,PREVIEW_DEFAULT
62.1065,-58.0184,19.0950,0.000,NORMAL,1,ROUTE,,,,,PREVIEW_DEFAULT
62.3347,-58.2438,19.0588,0.000,NORMAL,1,ROUTE,,,,,PREVIEW_DEFAULT
62.5630,-58.4692,19.0227,0.000,NORMAL,1,ROUTE,,,,,PREVIEW_DEFAULT
62.7913,-58.6946,18.9865,0.000,NORMAL,1,ROUTE,,,,,PREVIEW_DEFAULT
63.0196,-58.9200,18.9504,0.000,NORMAL,1,ROUTE,,,,,PREVIEW_DEFAULT
63.2900,-59.1819,18.8829,0.000,NORMAL,1,ROUTE,,,,,PREVIEW_DEFAULT
63.5605,-59.4438,18.8153,0.000,NORMAL,1,ROUTE,,,,,PREVIEW_DEFAULT
63.8310,-59.7057,18.7478,0.000,NORMAL,1,ROUTE,,,,,PREVIEW_DEFAULT
64.0943,-59.9543,18.6609,0.000,NORMAL,1,ROUTE,,,,,PREVIEW_DEFAULT
64.3577,-60.2029,18.5741,0.000,NORMAL,1,ROUTE,,,,,PREVIEW_DEFAULT
64.6210,-60.4515,18.4872,0.000,NORMAL,1,ROUTE,,,,,PREVIEW_DEFAULT
64.8936,-60.6680,18.3215,0.000,NORMAL,1,ROUTE,,,,,PREVIEW_DEFAULT
65.1663,-60.8844,18.1557,0.000,NORMAL,1,ROUTE,,,,,PREVIEW_DEFAULT
65.4389,-61.1009,17.9900,0.000,NORMAL,1,ROUTE,,,,,PREVIEW_DEFAULT
65.6987,-61.3089,17.8342,0.000,NORMAL,1,ROUTE,,,,,PREVIEW_DEFAULT
65.9586,-61.5168,17.6784,0.000,NORMAL,1,ROUTE,,,,,PREVIEW_DEFAULT
66.2184,-61.7248,17.5226,0.000,NORMAL,1,ROUTE,,,,,PREVIEW_DEFAULT
66.4825,-61.9231,17.3482,0.000,NORMAL,1,ROUTE,,,,,PREVIEW_DEFAULT
66.7466,-62.1215,17.1738,0.000,NORMAL,1,ROUTE,,,,,PREVIEW_DEFAULT
67.0108,-62.3198,16.9994,0.000,NORMAL,1,ROUTE,,,,,PREVIEW_DEFAULT
67.3099,-62.5196,16.7768,0.000,NORMAL,1,ROUTE,,,,,PREVIEW_DEFAULT
67.6091,-62.7195,16.5541,0.000,NORMAL,1,ROUTE,,,,,PREVIEW_DEFAULT
67.9082,-62.9193,16.3315,0.000,NORMAL,1,ROUTE,,,,,PREVIEW_DEFAULT
68.2014,-63.0797,16.0861,0.000,NORMAL,1,ROUTE,,,,,PREVIEW_DEFAULT
68.4945,-63.2401,15.8408,0.000,NORMAL,1,ROUTE,,,,,PREVIEW_DEFAULT
68.7877,-63.4005,15.5954,0.000,NORMAL,1,ROUTE,,,,,PREVIEW_DEFAULT
69.0532,-63.5106,15.3537,0.000,NORMAL,1,ROUTE,,,,,PREVIEW_DEFAULT
69.3188,-63.6206,15.1121,0.000,NORMAL,1,ROUTE,,,,,PREVIEW_DEFAULT
69.5843,-63.7307,14.8704,0.000,NORMAL,1,ROUTE,,,,,PREVIEW_DEFAULT
69.8519,-63.8642,14.6386,0.000,NORMAL,1,ROUTE,,,,,PREVIEW_DEFAULT
70.1194,-63.9978,14.4067,0.000,NORMAL,1,ROUTE,,,,,PREVIEW_DEFAULT
70.3869,-64.1313,14.1749,0.000,NORMAL,1,ROUTE,,,,,PREVIEW_DEFAULT
70.6752,-64.2653,13.9197,0.000,NORMAL,1,ROUTE,,,,,PREVIEW_DEFAULT
70.9635,-64.3992,13.6644,0.000,NORMAL,1,ROUTE,,,,,PREVIEW_DEFAULT
71.2517,-64.5332,13.4092,0.000,NORMAL,1,ROUTE,,,,,PREVIEW_DEFAULT
71.4925,-64.6596,13.2043,0.000,NORMAL,1,ROUTE,,,,,PREVIEW_DEFAULT
71.7333,-64.7860,12.9993,0.000,NORMAL,1,ROUTE,,,,,PREVIEW_DEFAULT
71.9741,-64.9125,12.7943,0.000,NORMAL,1,ROUTE,,,,,PREVIEW_DEFAULT
72.2149,-65.0389,12.5894,0.000,NORMAL,1,ROUTE,,,,,PREVIEW_DEFAULT
72.4810,-65.1303,12.3395,0.000,NORMAL,1,ROUTE,,,,,PREVIEW_DEFAULT
72.7471,-65.2217,12.0897,0.000,NORMAL,1,ROUTE,,,,,PREVIEW_DEFAULT
73.0131,-65.3131,11.8398,0.000,NORMAL,1,ROUTE,,,,,PREVIEW_DEFAULT
73.2717,-65.4399,11.6145,0.000,NORMAL,1,ROUTE,,,,,PREVIEW_DEFAULT
73.5302,-65.5668,11.3892,0.000,NORMAL,1,ROUTE,,,,,PREVIEW_DEFAULT
73.7888,-65.6936,11.1639,0.000,NORMAL,1,ROUTE,,,,,PREVIEW_DEFAULT
74.0481,-65.8391,10.9492,0.000,NORMAL,1,ROUTE,,,,,PREVIEW_DEFAULT
74.3074,-65.9846,10.7346,0.000,NORMAL,1,ROUTE,,,,,PREVIEW_DEFAULT
74.5872,-66.0954,10.4777,0.000,NORMAL,1,ROUTE,,,,,PREVIEW_DEFAULT
74.8670,-66.2062,10.2208,0.000,NORMAL,1,ROUTE,,,,,PREVIEW_DEFAULT
75.1467,-66.3171,9.9639,0.000,NORMAL,1,ROUTE,,,,,PREVIEW_DEFAULT
75.4265,-66.4279,9.7070,0.000,NORMAL,1,ROUTE,,,,,PREVIEW_DEFAULT
75.6919,-66.5463,9.4695,0.000,NORMAL,1,ROUTE,,,,,PREVIEW_DEFAULT
75.9573,-66.6646,9.2320,0.000,NORMAL,1,ROUTE,,,,,PREVIEW_DEFAULT
76.2226,-66.7830,8.9945,0.000,NORMAL,1,ROUTE,,,,,PREVIEW_DEFAULT
76.4761,-66.8852,8.7625,0.000,NORMAL,1,ROUTE,,,,,PREVIEW_DEFAULT
76.7296,-66.9874,8.5305,0.000,NORMAL,1,ROUTE,,,,,PREVIEW_DEFAULT
76.9831,-67.0897,8.2986,0.000,NORMAL,1,ROUTE,,,,,PREVIEW_DEFAULT
77.2366,-67.1919,8.0666,0.000,NORMAL,1,ROUTE,,,,,PREVIEW_DEFAULT
77.5203,-67.2554,7.7902,0.000,NORMAL,1,ROUTE,,,,,PREVIEW_DEFAULT
77.8039,-67.3189,7.5137,0.000,NORMAL,1,ROUTE,,,,,PREVIEW_DEFAULT
78.0875,-67.3824,7.2373,0.000,NORMAL,1,ROUTE,,,,,PREVIEW_DEFAULT
78.3592,-67.4432,6.9725,0.000,NORMAL,1,ROUTE,,,,,PREVIEW_DEFAULT
78.6310,-67.5040,6.7076,0.000,NORMAL,1,ROUTE,,,,,PREVIEW_DEFAULT
78.9027,-67.5648,6.4428,0.000,NORMAL,1,ROUTE,,,,,PREVIEW_DEFAULT
79.1539,-67.6207,6.1979,0.000,NORMAL,1,ROUTE,,,,,PREVIEW_DEFAULT
79.4051,-67.6766,5.9530,0.000,NORMAL,1,ROUTE,,,,,PREVIEW_DEFAULT
79.6563,-67.7325,5.7081,0.000,NORMAL,1,ROUTE,,,,,PREVIEW_DEFAULT
79.9211,-67.7283,5.4433,0.000,NORMAL,1,ROUTE,,,,,PREVIEW_DEFAULT
80.1859,-67.7242,5.1785,0.000,NORMAL,1,ROUTE,,,,,PREVIEW_DEFAULT
80.4508,-67.7200,4.9137,0.000,NORMAL,1,ROUTE,,,,,PREVIEW_DEFAULT
80.7156,-67.7158,4.6489,0.000,NORMAL,1,ROUTE,,,,,PREVIEW_DEFAULT
80.9582,-67.7011,4.4068,0.000,NORMAL,1,ROUTE,,,,,PREVIEW_DEFAULT
81.2008,-67.6864,4.1646,0.000,NORMAL,1,ROUTE,,,,,PREVIEW_DEFAULT
81.4434,-67.6716,3.9224,0.000,NORMAL,1,ROUTE,,,,,PREVIEW_DEFAULT
81.6860,-67.6569,3.6803,0.000,NORMAL,1,ROUTE,,,,,PREVIEW_DEFAULT
81.9752,-67.6322,3.3922,0.000,NORMAL,1,ROUTE,,,,,PREVIEW_DEFAULT
82.2644,-67.6075,3.1040,0.000,NORMAL,1,ROUTE,,,,,PREVIEW_DEFAULT
82.5536,-67.5828,2.8159,0.000,NORMAL,1,ROUTE,,,,,PREVIEW_DEFAULT
82.8464,-67.5087,2.5326,0.000,NORMAL,1,ROUTE,,,,,PREVIEW_DEFAULT
83.1392,-67.4346,2.2494,0.000,NORMAL,1,ROUTE,,,,,PREVIEW_DEFAULT
83.4320,-67.3605,1.9661,0.000,NORMAL,1,ROUTE,,,,,PREVIEW_DEFAULT
83.7229,-67.2403,1.7011,0.000,NORMAL,1,ROUTE,,,,,PREVIEW_DEFAULT
84.0139,-67.1201,1.4362,0.000,NORMAL,1,ROUTE,,,,,PREVIEW_DEFAULT
84.3048,-66.9999,1.1712,0.000,NORMAL,1,ROUTE,,,,,PREVIEW_DEFAULT
84.5362,-66.8761,0.9758,0.000,NORMAL,1,ROUTE,,,,,PREVIEW_DEFAULT
84.7675,-66.7524,0.7803,0.000,NORMAL,1,ROUTE,,,,,PREVIEW_DEFAULT
84.9988,-66.6287,0.5848,0.000,NORMAL,1,ROUTE,,,,,PREVIEW_DEFAULT
85.2302,-66.5049,0.3894,0.000,NORMAL,1,ROUTE,,,,,PREVIEW_DEFAULT
85.5101,-66.3229,0.1767,0.000,NORMAL,1,ROUTE,,,,,PREVIEW_DEFAULT
85.7901,-66.1409,-0.0361,0.000,NORMAL,1,ROUTE,,,,,PREVIEW_DEFAULT
86.0701,-65.9589,-0.2488,0.000,NORMAL,1,ROUTE,,,,,PREVIEW_DEFAULT
86.3085,-65.8235,-0.4450,0.000,NORMAL,1,ROUTE,,,,,PREVIEW_DEFAULT
86.5469,-65.6881,-0.6412,0.000,NORMAL,1,ROUTE,,,,,PREVIEW_DEFAULT
86.7853,-65.5526,-0.8375,0.000,NORMAL,1,ROUTE,,,,,PREVIEW_DEFAULT
87.0237,-65.4172,-1.0337,0.000,NORMAL,1,ROUTE,,,,,PREVIEW_DEFAULT
87.2687,-65.2424,-1.2054,0.000,NORMAL,1,ROUTE,,,,,PREVIEW_DEFAULT
87.5137,-65.0677,-1.3771,0.000,NORMAL,1,ROUTE,,,,,PREVIEW_DEFAULT
87.7587,-64.8929,-1.5487,0.000,NORMAL,1,ROUTE,,,,,PREVIEW_DEFAULT
88.0037,-64.7181,-1.7204,0.000,NORMAL,1,ROUTE,,,,,PREVIEW_DEFAULT
88.2682,-64.5274,-1.9037,0.000,NORMAL,1,ROUTE,,,,,PREVIEW_DEFAULT
88.5328,-64.3367,-2.0871,0.000,NORMAL,1,ROUTE,,,,,PREVIEW_DEFAULT
88.7973,-64.1459,-2.2704,0.000,NORMAL,1,ROUTE,,,,,PREVIEW_DEFAULT
89.0619,-63.9552,-2.4537,0.000,NORMAL,1,ROUTE,,,,,PREVIEW_DEFAULT
89.3264,-63.7645,-2.6371,0.000,NORMAL,1,ROUTE,,,,,PREVIEW_DEFAULT
89.5910,-63.5738,-2.8204,0.000,NORMAL,1,BEND,BEND_START,ENTER_ZONE,,,PREVIEW_DEFAULT
89.8880,-63.3533,-3.0195,0.000,NORMAL,1,BEND,,,,,PREVIEW_DEFAULT
90.1851,-63.1327,-3.2185,0.000,NORMAL,1,BEND,,,,,PREVIEW_DEFAULT
90.4822,-62.9122,-3.4176,0.000,NORMAL,1,BEND,,,,,PREVIEW_DEFAULT
90.7509,-62.7038,-3.5872,0.000,NORMAL,1,BEND,,,,,PREVIEW_DEFAULT
91.0196,-62.4954,-3.7567,0.000,NORMAL,1,BEND,,,,,PREVIEW_DEFAULT
91.2882,-62.2870,-3.9263,0.000,NORMAL,1,BEND,,,,,PREVIEW_DEFAULT
91.5448,-62.0773,-4.0741,0.000,NORMAL,1,BEND,,,,,PREVIEW_DEFAULT
91.8013,-61.8676,-4.2219,0.000,NORMAL,1,BEND,,,,,PREVIEW_DEFAULT
92.0579,-61.6579,-4.3697,0.000,NORMAL,1,BEND,,,,,PREVIEW_DEFAULT
92.3243,-61.4106,-4.4686,0.000,NORMAL,1,BEND,,,,,PREVIEW_DEFAULT
92.5907,-61.1632,-4.5676,0.000,NORMAL,1,BEND,,,,,PREVIEW_DEFAULT
92.8570,-60.9159,-4.6665,0.000,NORMAL,1,BEND,,,,,PREVIEW_DEFAULT
93.1361,-60.6652,-4.7892,0.000,NORMAL,1,BEND,,,,,PREVIEW_DEFAULT
93.4153,-60.4146,-4.9120,0.000,NORMAL,1,BEND,,,,,PREVIEW_DEFAULT
93.6944,-60.1639,-5.0347,0.000,NORMAL,1,BEND,,,,,PREVIEW_DEFAULT
93.9755,-59.9123,-5.1602,0.000,NORMAL,1,BEND,,,,,PREVIEW_DEFAULT
94.2567,-59.6607,-5.2857,0.000,NORMAL,1,BEND,,,,,PREVIEW_DEFAULT
94.5378,-59.4091,-5.4112,0.000,NORMAL,1,BEND,,,,,PREVIEW_DEFAULT
94.8048,-59.1599,-5.5070,0.000,NORMAL,1,BEND,,,,,PREVIEW_DEFAULT
95.0717,-58.9108,-5.6028,0.000,NORMAL,1,BEND,,,,,PREVIEW_DEFAULT
95.3387,-58.6616,-5.6986,0.000,NORMAL,1,BEND,,,,,PREVIEW_DEFAULT
95.6351,-58.3732,-5.7671,0.000,NORMAL,1,BEND,,,,,PREVIEW_DEFAULT
95.9315,-58.0848,-5.8355,0.000,NORMAL,1,BEND,,,,,PREVIEW_DEFAULT
96.2279,-57.7964,-5.9040,0.000,NORMAL,1,BEND,,,,,PREVIEW_DEFAULT
96.4875,-57.5556,-6.0011,0.000,NORMAL,1,BEND,,,,,PREVIEW_DEFAULT
96.7471,-57.3149,-6.0981,0.000,NORMAL,1,BEND,,,,,PREVIEW_DEFAULT
97.0067,-57.0741,-6.1952,0.000,NORMAL,1,BEND,,,,,PREVIEW_DEFAULT
97.2854,-56.7970,-6.2249,0.000,NORMAL,1,BEND,,,,,PREVIEW_DEFAULT
97.5640,-56.5200,-6.2545,0.000,NORMAL,1,BEND,,,,,PREVIEW_DEFAULT
97.8427,-56.2429,-6.2842,0.000,NORMAL,1,BEND,,,,,PREVIEW_DEFAULT
98.0983,-55.9878,-6.2681,0.000,NORMAL,1,BEND,,,,,PREVIEW_DEFAULT
98.3539,-55.7327,-6.2519,0.000,NORMAL,1,BEND,,,,,PREVIEW_DEFAULT
98.6095,-55.4776,-6.2358,0.000,NORMAL,1,BEND,,,,,PREVIEW_DEFAULT
98.8429,-55.2597,-6.1522,0.000,NORMAL,1,BEND,,,,,PREVIEW_DEFAULT
99.0763,-55.0418,-6.0686,0.000,NORMAL,1,BEND,,,,,PREVIEW_DEFAULT
99.3098,-54.8238,-5.9849,0.000,NORMAL,1,BEND,,,,,PREVIEW_DEFAULT
99.5432,-54.6059,-5.9013,0.000,NORMAL,1,BEND,,,,,PREVIEW_DEFAULT
99.8421,-54.3658,-5.7232,0.000,NORMAL,1,BEND,,,,,PREVIEW_DEFAULT
100.1411,-54.1258,-5.5450,0.000,NORMAL,1,BEND,,,,,PREVIEW_DEFAULT
100.4400,-53.8857,-5.3669,0.000,NORMAL,1,BEND,,,,,PREVIEW_DEFAULT
100.6729,-53.7295,-5.1942,0.000,NORMAL,1,BEND,,,,,PREVIEW_DEFAULT
100.9058,-53.5734,-5.0214,0.000,NORMAL,1,BEND,,,,,PREVIEW_DEFAULT
101.1386,-53.4172,-4.8487,0.000,NORMAL,1,BEND,,,,,PREVIEW_DEFAULT
101.3715,-53.2610,-4.6759,0.000,NORMAL,1,BEND,,,,,PREVIEW_DEFAULT
101.5969,-53.1231,-4.4977,0.000,NORMAL,1,BEND,,,,,PREVIEW_DEFAULT
101.8223,-52.9851,-4.3194,0.000,NORMAL,1,BEND,,,,,PREVIEW_DEFAULT
102.0477,-52.8471,-4.1411,0.000,NORMAL,1,BEND,,,,,PREVIEW_DEFAULT
102.2731,-52.7092,-3.9629,0.000,NORMAL,1,BEND,,,,,PREVIEW_DEFAULT
102.4989,-52.6065,-3.7618,0.000,NORMAL,1,BEND,,,,,PREVIEW_DEFAULT
102.7247,-52.5038,-3.5607,0.000,NORMAL,1,BEND,,,,,PREVIEW_DEFAULT
102.9505,-52.4012,-3.3596,0.000,NORMAL,1,BEND,,,,,PREVIEW_DEFAULT
103.1763,-52.2985,-3.1585,0.000,NORMAL,1,BEND,,,,,PREVIEW_DEFAULT
103.4492,-52.1864,-2.9097,0.000,NORMAL,1,BEND,,,,,PREVIEW_DEFAULT
103.7221,-52.0743,-2.6608,0.000,NORMAL,1,BEND,,,,,PREVIEW_DEFAULT
103.9950,-51.9622,-2.4120,0.000,NORMAL,1,BEND,,,,,PREVIEW_DEFAULT
104.2823,-51.8434,-2.1505,0.000,NORMAL,1,BEND,,,,,PREVIEW_DEFAULT
104.5695,-51.7246,-1.8889,0.000,NORMAL,1,BEND,,,,,PREVIEW_DEFAULT
104.8568,-51.6058,-1.6274,0.000,NORMAL,1,BEND,,,,,PREVIEW_DEFAULT
105.1293,-51.4726,-1.3897,0.000,NORMAL,1,BEND,,,,,PREVIEW_DEFAULT
105.4017,-51.3394,-1.1520,0.000,NORMAL,1,BEND,,,,,PREVIEW_DEFAULT
105.6742,-51.2062,-0.9143,0.000,NORMAL,1,BEND,,,,,PREVIEW_DEFAULT
105.9705,-51.0794,-0.6465,0.000,NORMAL,1,BEND,,,,,PREVIEW_DEFAULT
106.2669,-50.9526,-0.3786,0.000,NORMAL,1,BEND,,,,,PREVIEW_DEFAULT
106.5632,-50.8258,-0.1108,0.000,NORMAL,1,BEND,,,,,PREVIEW_DEFAULT
106.8505,-50.7147,0.1541,0.000,NORMAL,1,BEND,,,,,PREVIEW_DEFAULT
107.1377,-50.6037,0.4190,0.000,NORMAL,1,BEND,,,,,PREVIEW_DEFAULT
107.4249,-50.4926,0.6839,0.000,NORMAL,1,BEND,,,,,PREVIEW_DEFAULT
107.6941,-50.3600,0.9181,0.000,NORMAL,1,BEND,,,,,PREVIEW_DEFAULT
107.9632,-50.2274,1.1523,0.000,NORMAL,1,BEND,,,,,PREVIEW_DEFAULT
108.2323,-50.0948,1.3865,0.000,NORMAL,1,BEND,,,,,PREVIEW_DEFAULT
108.4898,-49.9744,1.6141,0.000,NORMAL,1,BEND,,,,,PREVIEW_DEFAULT
108.7472,-49.8541,1.8416,0.000,NORMAL,1,BEND,,,,,PREVIEW_DEFAULT
109.0047,-49.7337,2.0692,0.000,NORMAL,1,BEND,,,,,PREVIEW_DEFAULT
109.2999,-49.5826,2.3229,0.000,NORMAL,1,BEND,,,,,PREVIEW_DEFAULT
109.5952,-49.4316,2.5766,0.000,NORMAL,1,BEND,,,,,PREVIEW_DEFAULT
109.8905,-49.2805,2.8304,0.000,NORMAL,1,BEND,,,,,PREVIEW_DEFAULT
110.1858,-49.1294,3.0841,0.000,NORMAL,1,BEND,,,,,PREVIEW_DEFAULT
110.4345,-49.0319,3.3129,0.000,NORMAL,1,BEND,,,,,PREVIEW_DEFAULT
110.6832,-48.9343,3.5416,0.000,NORMAL,1,BEND,,,,,PREVIEW_DEFAULT
110.9319,-48.8368,3.7704,0.000,NORMAL,1,BEND,,,,,PREVIEW_DEFAULT
111.1645,-48.6646,3.9268,0.000,NORMAL,1,BEND,,,,,PREVIEW_DEFAULT
111.3971,-48.4924,4.0831,0.000,NORMAL,1,BEND,,,,,PREVIEW_DEFAULT
111.6297,-48.3202,4.2395,0.000,NORMAL,1,BEND,,,,,PREVIEW_DEFAULT
111.8623,-48.1480,4.3959,0.000,NORMAL,1,BEND,,,,,PREVIEW_DEFAULT
112.1197,-47.9128,4.5002,0.000,NORMAL,1,BEND,,,,,PREVIEW_DEFAULT
112.3770,-47.6775,4.6045,0.000,NORMAL,1,BEND,,,,,PREVIEW_DEFAULT
112.6344,-47.4423,4.7089,0.000,NORMAL,1,BEND,,,,,PREVIEW_DEFAULT
112.8917,-47.2070,4.8132,0.000,NORMAL,1,BEND,,,,,PREVIEW_DEFAULT
113.1704,-46.9288,4.8286,0.000,NORMAL,1,BEND,,,,,PREVIEW_DEFAULT
113.4490,-46.6505,4.8440,0.000,NORMAL,1,BEND,,,,,PREVIEW_DEFAULT
113.7277,-46.3723,4.8594,0.000,NORMAL,1,BEND,,,,,PREVIEW_DEFAULT
113.9811,-46.1256,4.8016,0.000,NORMAL,1,BEND,,,,,PREVIEW_DEFAULT
114.2345,-45.8789,4.7437,0.000,NORMAL,1,BEND,,,,,PREVIEW_DEFAULT
114.4879,-45.6322,4.6859,0.000,NORMAL,1,BEND,,,,,PREVIEW_DEFAULT
114.7199,-45.4067,4.6310,0.000,NORMAL,1,BEND,,,,,PREVIEW_DEFAULT
114.9520,-45.1812,4.5761,0.000,NORMAL,1,BEND,,,,,PREVIEW_DEFAULT
115.1841,-44.9557,4.5212,0.000,NORMAL,1,BEND,,,,,PREVIEW_DEFAULT
115.4162,-44.7302,4.4663,0.000,NORMAL,1,BEND,,,,,PREVIEW_DEFAULT
115.7102,-44.4478,4.3846,0.000,NORMAL,1,BEND,,,,,PREVIEW_DEFAULT
116.0042,-44.1653,4.3030,0.000,NORMAL,1,BEND,,,,,PREVIEW_DEFAULT
116.2982,-43.8829,4.2213,0.000,NORMAL,1,BEND,,,,,PREVIEW_DEFAULT
116.5874,-43.6037,4.1458,0.000,NORMAL,1,BEND,,,,,PREVIEW_DEFAULT
116.8766,-43.3246,4.0702,0.000,NORMAL,1,BEND,,,,,PREVIEW_DEFAULT
117.1658,-43.0454,3.9947,0.000,NORMAL,1,BEND,,,,,PREVIEW_DEFAULT
117.4570,-42.7700,3.9002,0.000,NORMAL,1,BEND,,,,,PREVIEW_DEFAULT
117.7481,-42.4947,3.8056,0.000,NORMAL,1,BEND,,,,,PREVIEW_DEFAULT
118.0393,-42.2193,3.7111,0.000,NORMAL,1,BEND,,,,,PREVIEW_DEFAULT
118.3195,-41.9540,3.6206,0.000,NORMAL,1,BEND,,,,,PREVIEW_DEFAULT
118.5998,-41.6888,3.5301,0.000,NORMAL,1,BEND,,,,,PREVIEW_DEFAULT
118.8801,-41.4235,3.4396,0.000,NORMAL,1,BEND,,,,,PREVIEW_DEFAULT
119.1347,-41.1858,3.3483,0.000,NORMAL,1,BEND,,,,,PREVIEW_DEFAULT
119.3893,-40.9482,3.2570,0.000,NORMAL,1,BEND,,,,,PREVIEW_DEFAULT
119.6439,-40.7105,3.1657,0.000,NORMAL,1,BEND,,,,,PREVIEW_DEFAULT
119.9284,-40.4599,3.0311,0.000,NORMAL,1,BEND,,,,,PREVIEW_DEFAULT
120.2129,-40.2092,2.8964,0.000,NORMAL,1,BEND,,,,,PREVIEW_DEFAULT
120.4974,-39.9586,2.7618,0.000,NORMAL,1,BEND,BEND_END,EXIT_ZONE,,,PREVIEW_DEFAULT
120.7781,-39.6962,2.6621,0.000,NORMAL,1,ROUTE,,,,,PREVIEW_DEFAULT
121.0588,-39.4339,2.5623,0.000,NORMAL,1,ROUTE,,,,,PREVIEW_DEFAULT
121.3395,-39.1715,2.4626,0.000,NORMAL,1,ROUTE,,,,,PREVIEW_DEFAULT
121.5709,-38.9688,2.3509,0.000,NORMAL,1,ROUTE,,,,,PREVIEW_DEFAULT
121.8023,-38.7661,2.2393,0.000,NORMAL,1,ROUTE,,,,,PREVIEW_DEFAULT
122.0337,-38.5635,2.1276,0.000,NORMAL,1,ROUTE,,,,,PREVIEW_DEFAULT
122.2651,-38.3608,2.0159,0.000,NORMAL,1,ROUTE,,,,,PREVIEW_DEFAULT
122.5463,-38.1049,1.8993,0.000,NORMAL,1,ROUTE,,,,,PREVIEW_DEFAULT
122.8275,-37.8490,1.7826,0.000,NORMAL,1,ROUTE,,,,,PREVIEW_DEFAULT
123.1088,-37.5931,1.6660,0.000,NORMAL,1,ROUTE,,,,,PREVIEW_DEFAULT
123.3892,-37.3411,1.5429,0.000,NORMAL,1,ROUTE,,,,,PREVIEW_DEFAULT
123.6696,-37.0891,1.4199,0.000,NORMAL,1,ROUTE,,,,,PREVIEW_DEFAULT
123.9501,-36.8371,1.2968,0.000,NORMAL,1,ROUTE,,,,,PREVIEW_DEFAULT
124.2317,-36.5890,1.1636,0.000,NORMAL,1,ROUTE,,,,,PREVIEW_DEFAULT
124.5133,-36.3410,1.0303,0.000,NORMAL,1,ROUTE,,,,,PREVIEW_DEFAULT
124.7948,-36.0929,0.8971,0.000,NORMAL,1,ROUTE,,,,,PREVIEW_DEFAULT
125.0761,-35.8503,0.7549,0.000,NORMAL,1,ROUTE,,,,,PREVIEW_DEFAULT
125.3573,-35.6076,0.6126,0.000,NORMAL,1,ROUTE,,,,,PREVIEW_DEFAULT
125.6386,-35.3650,0.4704,0.000,NORMAL,1,ROUTE,,,,,PREVIEW_DEFAULT
125.8947,-35.1564,0.3217,0.000,NORMAL,1,ROUTE,,,,,PREVIEW_DEFAULT
126.1509,-34.9478,0.1731,0.000,NORMAL,1,ROUTE,,,,,PREVIEW_DEFAULT
126.4071,-34.7392,0.0244,0.000,NORMAL,1,ROUTE,,,,,PREVIEW_DEFAULT
126.6589,-34.5576,-0.1501,0.000,NORMAL,1,ROUTE,,,,,PREVIEW_DEFAULT
126.9106,-34.3761,-0.3246,0.000,NORMAL,1,ROUTE,,,,,PREVIEW_DEFAULT
127.1624,-34.1945,-0.4990,0.000,NORMAL,1,ROUTE,,,,,PREVIEW_DEFAULT
127.4142,-34.0130,-0.6735,0.000,NORMAL,1,ROUTE,,,,,PREVIEW_DEFAULT
127.7005,-33.8543,-0.9118,0.000,NORMAL,1,ROUTE,,,,,PREVIEW_DEFAULT
127.9868,-33.6956,-1.1500,0.000,NORMAL,1,ROUTE,,,,,PREVIEW_DEFAULT
128.2730,-33.5369,-1.3882,0.000,NORMAL,1,ROUTE,,,,,PREVIEW_DEFAULT
128.5593,-33.3782,-1.6265,0.000,NORMAL,1,ROUTE,,,,,PREVIEW_DEFAULT
128.8377,-33.2507,-1.8740,0.000,NORMAL,1,ROUTE,,,,,PREVIEW_DEFAULT
129.1161,-33.1232,-2.1215,0.000,NORMAL,1,ROUTE,,,,,PREVIEW_DEFAULT
129.3945,-32.9957,-2.3690,0.000,NORMAL,1,ROUTE,,,,,PREVIEW_DEFAULT
129.6395,-32.8920,-2.5909,0.000,NORMAL,1,ROUTE,,,,,PREVIEW_DEFAULT
129.8845,-32.7883,-2.8129,0.000,NORMAL,1,ROUTE,,,,,PREVIEW_DEFAULT
130.1294,-32.6846,-3.0348,0.000,NORMAL,1,ROUTE,,,,,PREVIEW_DEFAULT
130.3619,-32.6446,-3.2637,0.000,NORMAL,1,ROUTE,,,,,PREVIEW_DEFAULT
130.5943,-32.6047,-3.4927,0.000,NORMAL,1,ROUTE,,,,,PREVIEW_DEFAULT
130.8267,-32.5647,-3.7217,0.000,NORMAL,1,ROUTE,,,,,PREVIEW_DEFAULT
131.0591,-32.5247,-3.9506,0.000,NORMAL,1,ROUTE,,,,,PREVIEW_DEFAULT
131.3210,-32.5026,-4.2115,0.000,NORMAL,1,ROUTE,,,,,PREVIEW_DEFAULT
131.5828,-32.4806,-4.4725,0.000,NORMAL,1,ROUTE,,,,,PREVIEW_DEFAULT
131.8447,-32.4585,-4.7334,0.000,NORMAL,1,ROUTE,,,,,PREVIEW_DEFAULT
132.0933,-32.4738,-4.9816,0.000,NORMAL,1,ROUTE,,,,,PREVIEW_DEFAULT
132.3420,-32.4890,-5.2297,0.000,NORMAL,1,ROUTE,,,,,PREVIEW_DEFAULT
132.5906,-32.5042,-5.4779,0.000,NORMAL,1,ROUTE,,,,,PREVIEW_DEFAULT
132.8393,-32.5195,-5.7261,0.000,NORMAL,1,ROUTE,,,,,PREVIEW_DEFAULT
133.1016,-32.5666,-5.9842,0.000,NORMAL,1,ROUTE,,,,,PREVIEW_DEFAULT
133.3640,-32.6136,-6.2424,0.000,NORMAL,1,ROUTE,,,,,PREVIEW_DEFAULT
133.6264,-32.6607,-6.5005,0.000,NORMAL,1,ROUTE,,,,,PREVIEW_DEFAULT
133.8743,-32.6925,-6.7464,0.000,NORMAL,1,ROUTE,,,,,PREVIEW_DEFAULT
134.1223,-32.7244,-6.9922,0.000,NORMAL,1,ROUTE,,,,,PREVIEW_DEFAULT
134.3702,-32.7562,-7.2381,0.000,NORMAL,1,ROUTE,,,,,PREVIEW_DEFAULT
134.6443,-32.8268,-7.5030,0.000,NORMAL,1,ROUTE,,,,,PREVIEW_DEFAULT
134.9185,-32.8973,-7.7679,0.000,NORMAL,1,ROUTE,,,,,PREVIEW_DEFAULT
135.1926,-32.9679,-8.0328,0.000,NORMAL,1,ROUTE,,,,,PREVIEW_DEFAULT
135.4313,-33.0486,-8.2574,0.000,NORMAL,1,ROUTE,,,,,PREVIEW_DEFAULT
135.6699,-33.1294,-8.4820,0.000,NORMAL,1,ROUTE,,,,,PREVIEW_DEFAULT
135.9086,-33.2101,-8.7066,0.000,NORMAL,1,ROUTE,,,,,PREVIEW_DEFAULT
136.1556,-33.2830,-8.9425,0.000,NORMAL,1,ROUTE,,,,,PREVIEW_DEFAULT
136.4025,-33.3560,-9.1784,0.000,NORMAL,1,ROUTE,,,,,PREVIEW_DEFAULT
136.6494,-33.4290,-9.4144,0.000,NORMAL,1,ROUTE,,,,,PREVIEW_DEFAULT
136.8964,-33.5019,-9.6503,0.000,NORMAL,1,ROUTE,,,,,PREVIEW_DEFAULT
137.1284,-33.5791,-9.8691,0.000,NORMAL,1,ROUTE,,,,,PREVIEW_DEFAULT
137.3604,-33.6564,-10.0878,0.000,NORMAL,1,ROUTE,,,,,PREVIEW_DEFAULT
137.5924,-33.7336,-10.3066,0.000,NORMAL,1,ROUTE,,,,,PREVIEW_DEFAULT
137.8530,-33.8298,-10.5488,0.000,NORMAL,1,ROUTE,,,,,PREVIEW_DEFAULT
138.1136,-33.9260,-10.7910,0.000,NORMAL,1,ROUTE,,,,,PREVIEW_DEFAULT
138.3742,-34.0222,-11.0332,0.000,NORMAL,1,ROUTE,,,,,PREVIEW_DEFAULT
138.6582,-34.1339,-11.2943,0.000,NORMAL,1,ROUTE,,,,,PREVIEW_DEFAULT
138.9421,-34.2456,-11.5553,0.000,NORMAL,1,ROUTE,,,,,PREVIEW_DEFAULT
139.2261,-34.3573,-11.8164,0.000,NORMAL,1,ROUTE,,,,,PREVIEW_DEFAULT
139.5022,-34.4426,-12.0790,0.000,NORMAL,1,ROUTE,,,,,PREVIEW_DEFAULT
139.7784,-34.5279,-12.3417,0.000,NORMAL,1,ROUTE,,,,,PREVIEW_DEFAULT
140.0545,-34.6132,-12.6043,0.000,NORMAL,1,ROUTE,,,,,PREVIEW_DEFAULT
140.3170,-34.7240,-12.8423,0.000,NORMAL,1,ROUTE,,,,,PREVIEW_DEFAULT
140.5795,-34.8347,-13.0803,0.000,NORMAL,1,ROUTE,,,,,PREVIEW_DEFAULT
140.8420,-34.9455,-13.3183,0.000,NORMAL,1,ROUTE,,,,,PREVIEW_DEFAULT
141.1341,-35.0514,-13.5904,0.000,NORMAL,1,ROUTE,,,,,PREVIEW_DEFAULT
141.4261,-35.1574,-13.8626,0.000,NORMAL,1,ROUTE,,,,,PREVIEW_DEFAULT
141.7181,-35.2633,-14.1347,0.000,TRAFFIC,1,TRAFFIC,TRAFFIC_1_RED_STOP,STOP_IF_CONDITION,TRAFFIC_LIGHT_RED,,PREVIEW_DEFAULT
141.9554,-35.3595,-14.3516,0.000,TRAFFIC,1,TRAFFIC,,,TRAFFIC_LIGHT_RED,,PREVIEW_DEFAULT
142.1927,-35.4556,-14.5686,0.000,TRAFFIC,1,TRAFFIC,,,TRAFFIC_LIGHT_RED,,PREVIEW_DEFAULT
142.4300,-35.5518,-14.7855,0.000,TRAFFIC,1,TRAFFIC,,,TRAFFIC_LIGHT_RED,,PREVIEW_DEFAULT
142.6826,-35.6481,-15.0191,0.000,TRAFFIC,1,TRAFFIC,,,TRAFFIC_LIGHT_RED,,PREVIEW_DEFAULT
142.9352,-35.7444,-15.2526,0.000,TRAFFIC,1,TRAFFIC,,,TRAFFIC_LIGHT_RED,,PREVIEW_DEFAULT
143.1879,-35.8407,-15.4862,0.000,TRAFFIC,1,TRAFFIC,,,TRAFFIC_LIGHT_RED,,PREVIEW_DEFAULT
143.4405,-35.9370,-15.7197,0.000,TRAFFIC,1,TRAFFIC,,,TRAFFIC_LIGHT_RED,,PREVIEW_DEFAULT
143.6549,-36.0253,-15.9151,0.000,TRAFFIC,1,TRAFFIC,,,TRAFFIC_LIGHT_RED,,PREVIEW_DEFAULT
143.8693,-36.1137,-16.1104,0.000,TRAFFIC,1,TRAFFIC,TRAFFIC_1_RED_STOP_END,,TRAFFIC_LIGHT_RED,,PREVIEW_DEFAULT
144.0837,-36.2020,-16.3058,0.000,NORMAL,1,ROUTE,,,,,PREVIEW_DEFAULT
144.3665,-36.3110,-16.5667,0.000,NORMAL,1,ROUTE,,,,,PREVIEW_DEFAULT
144.6492,-36.4201,-16.8275,0.000,NORMAL,1,ROUTE,,,,,PREVIEW_DEFAULT
144.9319,-36.5291,-17.0884,0.000,NORMAL,1,ROUTE,,,,,PREVIEW_DEFAULT
145.2007,-36.6103,-17.3447,0.000,NORMAL,1,ROUTE,,,,,PREVIEW_DEFAULT
145.4696,-36.6916,-17.6009,0.000,NORMAL,1,ROUTE,,,,,PREVIEW_DEFAULT
145.7384,-36.7729,-17.8571,0.000,NORMAL,1,ROUTE,,,,,PREVIEW_DEFAULT
146.0072,-36.8541,-18.1134,0.000,NORMAL,1,ROUTE,,,,,PREVIEW_DEFAULT
146.2107,-36.9486,-18.2937,0.000,NORMAL,1,ROUTE,,,,,PREVIEW_DEFAULT
146.4143,-37.0431,-18.4739,0.000,NORMAL,1,ROUTE,,,,,PREVIEW_DEFAULT
146.6178,-37.1376,-18.6542,0.000,NORMAL,1,ROUTE,,,,,PREVIEW_DEFAULT
146.8964,-37.2394,-18.9136,0.000,NORMAL,1,ROUTE,,,,,PREVIEW_DEFAULT
147.1751,-37.3412,-19.1729,0.000,NORMAL,1,ROUTE,,,,,PREVIEW_DEFAULT
147.4537,-37.4430,-19.4323,0.000,NORMAL,1,ROUTE,,,,,PREVIEW_DEFAULT
147.6941,-37.5403,-19.6521,0.000,NORMAL,1,ROUTE,,,,,PREVIEW_DEFAULT
147.9345,-37.6376,-19.8719,0.000,NORMAL,1,ROUTE,,,,,PREVIEW_DEFAULT
148.1748,-37.7349,-20.0917,0.000,NORMAL,1,ROUTE,,,,,PREVIEW_DEFAULT
148.4360,-37.8371,-20.3320,0.000,NORMAL,1,ROUTE,,,,,PREVIEW_DEFAULT
148.6971,-37.9393,-20.5723,0.000,NORMAL,1,ROUTE,,,,,PREVIEW_DEFAULT
148.9582,-38.0415,-20.8126,0.000,NORMAL,1,ROUTE,,,,,PREVIEW_DEFAULT
149.2548,-38.1472,-21.0897,0.000,NORMAL,1,ROUTE,,,,,PREVIEW_DEFAULT
149.5513,-38.2528,-21.3668,0.000,NORMAL,1,ROUTE,,,,,PREVIEW_DEFAULT
149.8479,-38.3585,-21.6439,0.000,NORMAL,1,ROUTE,,,,,PREVIEW_DEFAULT
150.1257,-38.4564,-21.9039,0.000,NORMAL,1,ROUTE,,,,,PREVIEW_DEFAULT
150.4036,-38.5542,-22.1639,0.000,NORMAL,1,ROUTE,,,,,PREVIEW_DEFAULT
150.6814,-38.6520,-22.4240,0.000,NORMAL,1,ROUTE,,,,,PREVIEW_DEFAULT
150.9592,-38.7499,-22.6840,0.000,NORMAL,1,ROUTE,,,,,PREVIEW_DEFAULT
151.2192,-38.8481,-22.9247,0.000,NORMAL,1,ROUTE,,,,,PREVIEW_DEFAULT
151.4792,-38.9464,-23.1654,0.000,NORMAL,1,ROUTE,,,,,PREVIEW_DEFAULT
151.7392,-39.0446,-23.4062,0.000,NORMAL,1,ROUTE,,,,,PREVIEW_DEFAULT
151.9992,-39.1429,-23.6469,0.000,NORMAL,1,ROUTE,,,,,PREVIEW_DEFAULT
152.2592,-39.2411,-23.8876,0.000,NORMAL,1,ROUTE,,,,,PREVIEW_DEFAULT
152.5192,-39.3394,-24.1283,0.000,NORMAL,1,ROUTE,,,,,PREVIEW_DEFAULT
152.7880,-39.4160,-24.3860,0.000,NORMAL,1,ROUTE,,,,,PREVIEW_DEFAULT
153.0568,-39.4927,-24.6436,0.000,NORMAL,1,ROUTE,,,,,PREVIEW_DEFAULT
153.3256,-39.5693,-24.9013,0.000,NORMAL,1,ROUTE,,,,,PREVIEW_DEFAULT
153.6217,-39.6884,-25.1723,0.000,NORMAL,1,ROUTE,,,,,PREVIEW_DEFAULT
153.9177,-39.8076,-25.4433,0.000,NORMAL,1,ROUTE,,,,,PREVIEW_DEFAULT
154.2137,-39.9267,-25.7143,0.000,NORMAL,1,ROUTE,,,,,PREVIEW_DEFAULT
154.4905,-40.0242,-25.9733,0.000,NORMAL,1,ROUTE,,,,,PREVIEW_DEFAULT
154.7672,-40.1217,-26.2322,0.000,NORMAL,1,ROUTE,,,,,PREVIEW_DEFAULT
155.0439,-40.2192,-26.4912,0.000,NORMAL,1,ROUTE,,,,,PREVIEW_DEFAULT
155.3244,-40.3069,-26.7576,0.000,NORMAL,1,ROUTE,,,,,PREVIEW_DEFAULT
155.6048,-40.3945,-27.0241,0.000,NORMAL,1,ROUTE,,,,,PREVIEW_DEFAULT
155.8853,-40.4822,-27.2905,0.000,NORMAL,1,ROUTE,,,,,PREVIEW_DEFAULT
156.1530,-40.5905,-27.5353,0.000,NORMAL,1,ROUTE,,,,,PREVIEW_DEFAULT
156.4207,-40.6989,-27.7800,0.000,NORMAL,1,ROUTE,,,,,PREVIEW_DEFAULT
156.6883,-40.8072,-28.0248,0.000,NORMAL,1,ROUTE,,,,,PREVIEW_DEFAULT
156.9371,-40.8950,-28.2575,0.000,NORMAL,1,ROUTE,,,,,PREVIEW_DEFAULT
157.1858,-40.9827,-28.4903,0.000,NORMAL,1,ROUTE,,,,,PREVIEW_DEFAULT
157.4345,-41.0705,-28.7230,0.000,NORMAL,1,ROUTE,,,,,PREVIEW_DEFAULT
157.6985,-41.1658,-28.9691,0.000,NORMAL,1,ROUTE,,,,,PREVIEW_DEFAULT
157.9624,-41.2611,-29.2153,0.000,NORMAL,1,ROUTE,,,,,PREVIEW_DEFAULT
158.2264,-41.3564,-29.4614,0.000,NORMAL,1,ROUTE,,,,,PREVIEW_DEFAULT
158.4490,-41.4505,-29.6631,0.000,NORMAL,1,ROUTE,,,,,PREVIEW_DEFAULT
158.6716,-41.5447,-29.8649,0.000,NORMAL,1,ROUTE,,,,,PREVIEW_DEFAULT
158.8942,-41.6388,-30.0666,0.000,NORMAL,1,ROUTE,,,,,PREVIEW_DEFAULT
159.1643,-41.7528,-30.3114,0.000,NORMAL,1,ROUTE,,,,,PREVIEW_DEFAULT
159.4343,-41.8668,-30.5563,0.000,NORMAL,1,ROUTE,,,,,PREVIEW_DEFAULT
159.7044,-41.9808,-30.8011,0.000,NORMAL,1,ROUTE,,,,,PREVIEW_DEFAULT
159.9967,-42.0780,-31.0768,0.000,NORMAL,1,ROUTE,,,,,PREVIEW_DEFAULT
160.2890,-42.1751,-31.3524,0.000,NORMAL,1,ROUTE,,,,,PREVIEW_DEFAULT
160.5812,-42.2722,-31.6281,0.000,NORMAL,1,ROUTE,,,,,PREVIEW_DEFAULT
160.8735,-42.3694,-31.9037,0.000,NORMAL,1,ROUTE,,,,,PREVIEW_DEFAULT
161.1556,-42.4660,-32.1688,0.000,NORMAL,1,ROUTE,,,,,PREVIEW_DEFAULT
161.4378,-42.5625,-32.4339,0.000,NORMAL,1,ROUTE,,,,,PREVIEW_DEFAULT
161.7199,-42.6591,-32.6990,0.000,NORMAL,1,ROUTE,,,,,PREVIEW_DEFAULT
162.0076,-42.7676,-32.9654,0.000,NORMAL,1,ROUTE,,,,,PREVIEW_DEFAULT
162.2952,-42.8762,-33.2318,0.000,NORMAL,1,ROUTE,,,,,PREVIEW_DEFAULT
162.5829,-42.9847,-33.4982,0.000,NORMAL,1,ROUTE,,,,,PREVIEW_DEFAULT
162.8793,-43.1050,-33.7690,0.000,NORMAL,1,ROUTE,,,,,PREVIEW_DEFAULT
163.1756,-43.2254,-34.0399,0.000,NORMAL,1,ROUTE,,,,,PREVIEW_DEFAULT
163.4720,-43.3457,-34.3107,0.000,NORMAL,1,ROUTE,,,,,PREVIEW_DEFAULT
163.7190,-43.4432,-34.5377,0.000,NORMAL,1,ROUTE,,,,,PREVIEW_DEFAULT
163.9661,-43.5407,-34.7647,0.000,NORMAL,1,ROUTE,,,,,PREVIEW_DEFAULT
164.2131,-43.6382,-34.9917,0.000,NORMAL,1,ROUTE,,,,,PREVIEW_DEFAULT
164.4841,-43.7390,-35.2433,0.000,NORMAL,1,ROUTE,,,,,PREVIEW_DEFAULT
164.7551,-43.8398,-35.4948,0.000,NORMAL,1,ROUTE,,,,,PREVIEW_DEFAULT
165.0261,-43.9406,-35.7463,0.000,NORMAL,1,ROUTE,,,,,PREVIEW_DEFAULT
165.2971,-44.0414,-35.9979,0.000,NORMAL,1,ROUTE,,,,,PREVIEW_DEFAULT
165.5266,-44.1299,-36.2097,0.000,NORMAL,1,ROUTE,,,,,PREVIEW_DEFAULT
165.7561,-44.2183,-36.4215,0.000,NORMAL,1,ROUTE,,,,,PREVIEW_DEFAULT
165.9856,-44.3068,-36.6332,0.000,NORMAL,1,ROUTE,,,,,PREVIEW_DEFAULT
166.2151,-44.3952,-36.8450,0.000,NORMAL,1,ROUTE,,,,,PREVIEW_DEFAULT
166.4921,-44.5090,-37.0975,0.000,NORMAL,1,ROUTE,,,,,PREVIEW_DEFAULT
166.7690,-44.6227,-37.3499,0.000,NORMAL,1,ROUTE,,,,,PREVIEW_DEFAULT
167.0459,-44.7365,-37.6024,0.000,NORMAL,1,ROUTE,,,,,PREVIEW_DEFAULT
167.2751,-44.8234,-37.8145,0.000,NORMAL,1,ROUTE,,,,,PREVIEW_DEFAULT
167.5043,-44.9104,-38.0266,0.000,NORMAL,1,ROUTE,,,,,PREVIEW_DEFAULT
167.7335,-44.9973,-38.2386,0.000,NORMAL,1,ROUTE,,,,,PREVIEW_DEFAULT
167.9627,-45.0842,-38.4507,0.000,NORMAL,1,ROUTE,,,,,PREVIEW_DEFAULT
168.2114,-45.1717,-38.6835,0.000,NORMAL,1,ROUTE,,,,,PREVIEW_DEFAULT
168.4601,-45.2592,-38.9163,0.000,NORMAL,1,ROUTE,,,,,PREVIEW_DEFAULT
168.7088,-45.3467,-39.1491,0.000,NORMAL,1,ROUTE,,,,,PREVIEW_DEFAULT
168.9801,-45.4600,-39.3956,0.000,NORMAL,1,ROUTE,,,,,PREVIEW_DEFAULT
169.2513,-45.5732,-39.6421,0.000,NORMAL,1,ROUTE,,,,,PREVIEW_DEFAULT
169.5226,-45.6865,-39.8886,0.000,NORMAL,1,ROUTE,,,,,PREVIEW_DEFAULT
169.7900,-45.7854,-40.1371,0.000,NORMAL,1,ROUTE,,,,,PREVIEW_DEFAULT
170.0575,-45.8844,-40.3855,0.000,NORMAL,1,ROUTE,,,,,PREVIEW_DEFAULT
170.3249,-45.9833,-40.6340,0.000,NORMAL,1,ROUTE,,,,,PREVIEW_DEFAULT
170.5750,-46.0697,-40.8687,0.000,NORMAL,1,ROUTE,,,,,PREVIEW_DEFAULT
170.8251,-46.1562,-41.1033,0.000,NORMAL,1,ROUTE,,,,,PREVIEW_DEFAULT
171.0752,-46.2426,-41.3380,0.000,NORMAL,1,ROUTE,,,,,PREVIEW_DEFAULT
171.3027,-46.3323,-41.5472,0.000,NORMAL,1,ROUTE,,,,,PREVIEW_DEFAULT
171.5303,-46.4220,-41.7563,0.000,NORMAL,1,ROUTE,,,,,PREVIEW_DEFAULT
171.7579,-46.5118,-41.9654,0.000,NORMAL,1,ROUTE,,,,,PREVIEW_DEFAULT
171.9855,-46.6015,-42.1746,0.000,NORMAL,1,ROUTE,,,,,PREVIEW_DEFAULT
172.2594,-46.7080,-42.4269,0.000,NORMAL,1,ROUTE,,,,,PREVIEW_DEFAULT
172.5333,-46.8145,-42.6793,0.000,NORMAL,1,ROUTE,,,,,PREVIEW_DEFAULT
172.8072,-46.9210,-42.9316,0.000,NORMAL,1,ROUTE,,,,,PREVIEW_DEFAULT
173.0375,-47.0138,-43.1425,0.000,NORMAL,1,ROUTE,,,,,PREVIEW_DEFAULT
173.2679,-47.1065,-43.3534,0.000,NORMAL,1,ROUTE,,,,,PREVIEW_DEFAULT
173.4983,-47.1993,-43.5642,0.000,NORMAL,1,ROUTE,,,,,PREVIEW_DEFAULT
173.7287,-47.2921,-43.7751,0.000,NORMAL,1,ROUTE,,,,,PREVIEW_DEFAULT
173.9463,-47.3717,-43.9776,0.000,NORMAL,1,ROUTE,,,,,PREVIEW_DEFAULT
174.1639,-47.4514,-44.1801,0.000,NORMAL,1,ROUTE,,,,,PREVIEW_DEFAULT
174.3815,-47.5310,-44.3826,0.000,NORMAL,1,ROUTE,,,,,PREVIEW_DEFAULT
174.6195,-47.6353,-44.5966,0.000,NORMAL,1,ROUTE,,,,,PREVIEW_DEFAULT
174.8576,-47.7395,-44.8106,0.000,NORMAL,1,ROUTE,,,,,PREVIEW_DEFAULT
175.0956,-47.8438,-45.0246,0.000,NORMAL,1,ROUTE,,,,,PREVIEW_DEFAULT
175.3567,-47.9490,-45.2635,0.000,NORMAL,1,ROUTE,,,,,PREVIEW_DEFAULT
175.6177,-48.0542,-45.5024,0.000,NORMAL,1,ROUTE,,,,,PREVIEW_DEFAULT
175.8787,-48.1594,-45.7413,0.000,NORMAL,1,ROUTE,,,,,PREVIEW_DEFAULT
176.1623,-48.2987,-45.9883,0.000,NORMAL,1,ROUTE,,,,,PREVIEW_DEFAULT
176.4458,-48.4380,-46.2352,0.000,NORMAL,1,ROUTE,,,,,PREVIEW_DEFAULT
176.7294,-48.5773,-46.4822,0.000,NORMAL,1,ROUTE,,,,,PREVIEW_DEFAULT
176.9587,-48.6844,-46.6850,0.000,NORMAL,1,ROUTE,,,,,PREVIEW_DEFAULT
177.1880,-48.7916,-46.8877,0.000,NORMAL,1,ROUTE,,,,,PREVIEW_DEFAULT
177.4173,-48.8987,-47.0904,0.000,NORMAL,1,ROUTE,,,,,PREVIEW_DEFAULT
177.6466,-49.0058,-47.2932,0.000,NORMAL,1,ROUTE,,,,,PREVIEW_DEFAULT
177.8821,-49.1533,-47.4767,0.000,NORMAL,1,ROUTE,,,,,PREVIEW_DEFAULT
178.1175,-49.3009,-47.6602,0.000,NORMAL,1,ROUTE,,,,,PREVIEW_DEFAULT
178.3530,-49.4484,-47.8437,0.000,NORMAL,1,ROUTE,,,,,PREVIEW_DEFAULT
178.5921,-49.6238,-48.0063,0.000,NORMAL,1,ROUTE,,,,,PREVIEW_DEFAULT
178.8313,-49.7992,-48.1688,0.000,NORMAL,1,ROUTE,,,,,PREVIEW_DEFAULT
179.0704,-49.9746,-48.3314,0.000,NORMAL,1,ROUTE,,,,,PREVIEW_DEFAULT
179.3016,-50.1733,-48.4495,0.000,NORMAL,1,ROUTE,,,,,PREVIEW_DEFAULT
179.5328,-50.3721,-48.5677,0.000,NORMAL,1,ROUTE,,,,,PREVIEW_DEFAULT
179.7640,-50.5709,-48.6858,0.000,NORMAL,1,ROUTE,,,,,PREVIEW_DEFAULT
179.9952,-50.7696,-48.8039,0.000,NORMAL,1,ROUTE,,,,,PREVIEW_DEFAULT
180.2319,-50.9926,-48.8829,0.000,NORMAL,1,ROUTE,,,,,PREVIEW_DEFAULT
180.4685,-51.2157,-48.9620,0.000,NORMAL,1,ROUTE,,,,,PREVIEW_DEFAULT
180.7051,-51.4387,-49.0410,0.000,NORMAL,1,ROUTE,,,,,PREVIEW_DEFAULT
180.9418,-51.6618,-49.1200,0.000,NORMAL,1,ROUTE,,,,,PREVIEW_DEFAULT
181.2154,-51.9350,-49.1043,0.000,NORMAL,1,ROUTE,,,,,PREVIEW_DEFAULT
181.4890,-52.2081,-49.0886,0.000,NORMAL,1,ROUTE,,,,,PREVIEW_DEFAULT
181.7853,-52.4965,-49.0207,0.000,NORMAL,1,ROUTE,,,,,PREVIEW_DEFAULT
182.0816,-52.7850,-48.9528,0.000,NORMAL,1,ROUTE,,,,,PREVIEW_DEFAULT
182.3779,-53.0734,-48.8850,0.000,NORMAL,1,ROUTE,,,,,PREVIEW_DEFAULT
182.6742,-53.3618,-48.8171,0.000,NORMAL,1,ROUTE,,,,,PREVIEW_DEFAULT
182.9065,-53.5699,-48.7138,0.000,NORMAL,1,ROUTE,,,,,PREVIEW_DEFAULT
183.1387,-53.7779,-48.6106,0.000,NORMAL,1,ROUTE,,,,,PREVIEW_DEFAULT
183.3710,-53.9860,-48.5073,0.000,NORMAL,1,ROUTE,,,,,PREVIEW_DEFAULT
183.6033,-54.1940,-48.4040,0.000,NORMAL,1,ROUTE,,,,,PREVIEW_DEFAULT
183.8858,-54.4322,-48.2521,0.000,NORMAL,1,ROUTE,,,,,PREVIEW_DEFAULT
184.1683,-54.6704,-48.1002,0.000,NORMAL,1,ROUTE,,,,,PREVIEW_DEFAULT
184.4508,-54.9086,-47.9483,0.000,NORMAL,1,ROUTE,,,,,PREVIEW_DEFAULT
184.7325,-55.1359,-47.7819,0.000,NORMAL,1,ROUTE,,,,,PREVIEW_DEFAULT
185.0142,-55.3632,-47.6155,0.000,NORMAL,1,ROUTE,,,,,PREVIEW_DEFAULT
185.2959,-55.5905,-47.4491,0.000,NORMAL,1,ROUTE,,,,,PREVIEW_DEFAULT
185.5267,-55.7683,-47.3021,0.000,NORMAL,1,ROUTE,,,,,PREVIEW_DEFAULT
185.7574,-55.9462,-47.1550,0.000,NORMAL,1,ROUTE,,,,,PREVIEW_DEFAULT
185.9882,-56.1241,-47.0080,0.000,NORMAL,1,ROUTE,,,,,PREVIEW_DEFAULT
186.2190,-56.3019,-46.8609,0.000,NORMAL,1,ROUTE,,,,,PREVIEW_DEFAULT
186.4539,-56.4539,-46.6818,0.000,NORMAL,1,ROUTE,,,,,PREVIEW_DEFAULT
186.6888,-56.6059,-46.5026,0.000,NORMAL,1,ROUTE,,,,,PREVIEW_DEFAULT
186.9238,-56.7578,-46.3235,0.000,NORMAL,1,ROUTE,,,,,PREVIEW_DEFAULT
187.1587,-56.9098,-46.1443,0.000,NORMAL,1,ROUTE,,,,,PREVIEW_DEFAULT
187.4333,-57.0192,-45.8925,0.000,NORMAL,1,ROUTE,,,,,PREVIEW_DEFAULT
187.7078,-57.1287,-45.6407,0.000,NORMAL,1,ROUTE,,,,,PREVIEW_DEFAULT
187.9960,-57.2527,-45.3805,0.000,NORMAL,1,ROUTE,,,,,PREVIEW_DEFAULT
188.2842,-57.3767,-45.1204,0.000,NORMAL,1,ROUTE,,,,,PREVIEW_DEFAULT
188.5724,-57.5007,-44.8603,0.000,NORMAL,1,ROUTE,,,,,PREVIEW_DEFAULT
188.8606,-57.6247,-44.6001,0.000,NORMAL,1,ROUTE,,,,,PREVIEW_DEFAULT
189.0946,-57.6664,-44.3698,0.000,NORMAL,1,ROUTE,,,,,PREVIEW_DEFAULT
189.3286,-57.7081,-44.1395,0.000,NORMAL,1,ROUTE,,,,,PREVIEW_DEFAULT
189.5626,-57.7497,-43.9093,0.000,NORMAL,1,ROUTE,,,,,PREVIEW_DEFAULT
189.7966,-57.7914,-43.6790,0.000,NORMAL,1,ROUTE,,,,,PREVIEW_DEFAULT
190.0424,-57.8484,-43.4399,0.000,NORMAL,1,ROUTE,,,,,PREVIEW_DEFAULT
190.2882,-57.9055,-43.2009,0.000,NORMAL,1,ROUTE,,,,,PREVIEW_DEFAULT
190.5526,-57.9630,-42.9428,0.000,NORMAL,1,ROUTE,,,,,PREVIEW_DEFAULT
190.8170,-58.0206,-42.6847,0.000,NORMAL,1,ROUTE,,,,,PREVIEW_DEFAULT
191.0815,-58.0781,-42.4266,0.000,NORMAL,1,ROUTE,,,,,PREVIEW_DEFAULT
191.3459,-58.1356,-42.1685,0.000,NORMAL,1,ROUTE,,,,,PREVIEW_DEFAULT
191.5911,-58.1206,-41.9238,0.000,NORMAL,1,ROUTE,,,,,PREVIEW_DEFAULT
191.8362,-58.1055,-41.6791,0.000,NORMAL,1,ROUTE,,,,,PREVIEW_DEFAULT
192.0814,-58.0905,-41.4344,0.000,NORMAL,1,ROUTE,,,,,PREVIEW_DEFAULT
192.3265,-58.0755,-41.1897,0.000,NORMAL,1,ROUTE,,,,,PREVIEW_DEFAULT
192.6159,-58.0463,-40.9018,0.000,NORMAL,1,S_CURVE,S_CURVE_START,ENTER_ZONE,,,PREVIEW_DEFAULT
192.9052,-58.0171,-40.6140,0.000,NORMAL,1,S_CURVE,,,,,PREVIEW_DEFAULT
193.1946,-57.9879,-40.3261,0.000,NORMAL,1,S_CURVE,,,,,PREVIEW_DEFAULT
193.4289,-57.9611,-40.0933,0.000,NORMAL,1,S_CURVE,,,,,PREVIEW_DEFAULT
193.6632,-57.9342,-39.8606,0.000,NORMAL,1,S_CURVE,,,,,PREVIEW_DEFAULT
193.8975,-57.9074,-39.6278,0.000,NORMAL,1,S_CURVE,,,,,PREVIEW_DEFAULT
194.1318,-57.8805,-39.3950,0.000,NORMAL,1,S_CURVE,,,,,PREVIEW_DEFAULT
194.3713,-57.8882,-39.1557,0.000,NORMAL,1,S_CURVE,,,,,PREVIEW_DEFAULT
194.6108,-57.8960,-38.9163,0.000,NORMAL,1,S_CURVE,,,,,PREVIEW_DEFAULT
194.8502,-57.9037,-38.6770,0.000,NORMAL,1,S_CURVE,,,,,PREVIEW_DEFAULT
195.1067,-57.8588,-38.4245,0.000,NORMAL,1,S_CURVE,,,,,PREVIEW_DEFAULT
195.3632,-57.8138,-38.1719,0.000,NORMAL,1,S_CURVE,,,,,PREVIEW_DEFAULT
195.6197,-57.7689,-37.9194,0.000,NORMAL,1,S_CURVE,,,,,PREVIEW_DEFAULT
195.8542,-57.7689,-37.6849,0.000,NORMAL,1,S_CURVE,,,,,PREVIEW_DEFAULT
196.0887,-57.7690,-37.4504,0.000,NORMAL,1,S_CURVE,,,,,PREVIEW_DEFAULT
196.3232,-57.7690,-37.2159,0.000,NORMAL,1,S_CURVE,,,,,PREVIEW_DEFAULT
196.5515,-57.7640,-36.9877,0.000,NORMAL,1,S_CURVE,,,,,PREVIEW_DEFAULT
196.7797,-57.7591,-36.7595,0.000,NORMAL,1,S_CURVE,,,,,PREVIEW_DEFAULT
197.0079,-57.7541,-36.5314,0.000,NORMAL,1,S_CURVE,,,,,PREVIEW_DEFAULT
197.2361,-57.7491,-36.3032,0.000,NORMAL,1,S_CURVE,,,,,PREVIEW_DEFAULT
197.5330,-57.7651,-36.0068,0.000,NORMAL,1,S_CURVE,,,,,PREVIEW_DEFAULT
197.8298,-57.7812,-35.7104,0.000,NORMAL,1,S_CURVE,,,,,PREVIEW_DEFAULT
198.1266,-57.7972,-35.4140,0.000,NORMAL,1,S_CURVE,,,,,PREVIEW_DEFAULT
198.3805,-57.8474,-35.1652,0.000,NORMAL,1,S_CURVE,,,,,PREVIEW_DEFAULT
198.6343,-57.8976,-34.9163,0.000,NORMAL,1,S_CURVE,,,,,PREVIEW_DEFAULT
198.8882,-57.9478,-34.6675,0.000,NORMAL,1,S_CURVE,,,,,PREVIEW_DEFAULT
199.1183,-58.0154,-34.4475,0.000,NORMAL,1,S_CURVE,,,,,PREVIEW_DEFAULT
199.3485,-58.0831,-34.2275,0.000,NORMAL,1,S_CURVE,,,,,PREVIEW_DEFAULT
199.5787,-58.1507,-34.0075,0.000,NORMAL,1,S_CURVE,,,,,PREVIEW_DEFAULT
199.8088,-58.2183,-33.7875,0.000,NORMAL,1,S_CURVE,,,,,PREVIEW_DEFAULT
200.0397,-58.3022,-33.5724,0.000,NORMAL,1,S_CURVE,,,,,PREVIEW_DEFAULT
200.2706,-58.3862,-33.3573,0.000,NORMAL,1,S_CURVE,,,,,PREVIEW_DEFAULT
200.5015,-58.4701,-33.1422,0.000,NORMAL,1,S_CURVE,,,,,PREVIEW_DEFAULT
200.7324,-58.5540,-32.9271,0.000,NORMAL,1,S_CURVE,,,,,PREVIEW_DEFAULT
200.9733,-58.6486,-32.7055,0.000,NORMAL,1,S_CURVE,,,,,PREVIEW_DEFAULT
201.2143,-58.7433,-32.4839,0.000,NORMAL,1,S_CURVE,,,,,PREVIEW_DEFAULT
201.4553,-58.8379,-32.2623,0.000,NORMAL,1,S_CURVE,,,,,PREVIEW_DEFAULT
201.7340,-58.9854,-32.0258,0.000,NORMAL,1,S_CURVE,,,,,PREVIEW_DEFAULT
202.0127,-59.1329,-31.7893,0.000,NORMAL,1,S_CURVE,,,,,PREVIEW_DEFAULT
202.2914,-59.2804,-31.5528,0.000,NORMAL,1,S_CURVE,,,,,PREVIEW_DEFAULT
202.5900,-59.4635,-31.3171,0.000,NORMAL,1,S_CURVE,,,,,PREVIEW_DEFAULT
202.8885,-59.6467,-31.0813,0.000,NORMAL,1,S_CURVE,,,,,PREVIEW_DEFAULT
203.1246,-59.8064,-30.9074,0.000,NORMAL,1,S_CURVE,,,,,PREVIEW_DEFAULT
203.3607,-59.9660,-30.7334,0.000,NORMAL,1,S_CURVE,,,,,PREVIEW_DEFAULT
203.5968,-60.1257,-30.5595,0.000,NORMAL,1,S_CURVE,,,,,PREVIEW_DEFAULT
203.8885,-60.3653,-30.3931,0.000,NORMAL,1,S_CURVE,,,,,PREVIEW_DEFAULT
204.1802,-60.6049,-30.2268,0.000,NORMAL,1,S_CURVE,,,,,PREVIEW_DEFAULT
204.4719,-60.8445,-30.0605,0.000,NORMAL,1,S_CURVE,,,,,PREVIEW_DEFAULT
204.7636,-61.0841,-29.8941,0.000,NORMAL,1,S_CURVE,,,,,PREVIEW_DEFAULT
205.0164,-61.3009,-29.7639,0.000,NORMAL,1,S_CURVE,,,,,PREVIEW_DEFAULT
205.2693,-61.5176,-29.6337,0.000,NORMAL,1,S_CURVE,,,,,PREVIEW_DEFAULT
205.5222,-61.7344,-29.5035,0.000,NORMAL,1,S_CURVE,,,,,PREVIEW_DEFAULT
205.7845,-61.9663,-29.3808,0.000,NORMAL,1,S_CURVE,,,,,PREVIEW_DEFAULT
206.0468,-62.1982,-29.2582,0.000,NORMAL,1,S_CURVE,,,,,PREVIEW_DEFAULT
206.3092,-62.4301,-29.1355,0.000,NORMAL,1,S_CURVE,,,,,PREVIEW_DEFAULT
206.5715,-62.6620,-29.0129,0.000,NORMAL,1,S_CURVE,,,,,PREVIEW_DEFAULT
206.8156,-62.8976,-28.9489,0.000,NORMAL,1,S_CURVE,,,,,PREVIEW_DEFAULT
207.0597,-63.1332,-28.8849,0.000,NORMAL,1,S_CURVE,,,,,PREVIEW_DEFAULT
207.3039,-63.3687,-28.8209,0.000,NORMAL,1,S_CURVE,,,,,PREVIEW_DEFAULT
207.5480,-63.6043,-28.7569,0.000,NORMAL,1,S_CURVE,,,,,PREVIEW_DEFAULT
207.7797,-63.8280,-28.6961,0.000,NORMAL,1,S_CURVE,,,,,PREVIEW_DEFAULT
208.0115,-64.0516,-28.6353,0.000,NORMAL,1,S_CURVE,,,,,PREVIEW_DEFAULT
208.2433,-64.2752,-28.5745,0.000,NORMAL,1,S_CURVE,,,,,PREVIEW_DEFAULT
208.4750,-64.4989,-28.5137,0.000,NORMAL,1,S_CURVE,,,,,PREVIEW_DEFAULT
208.7512,-64.7732,-28.4817,0.000,NORMAL,1,S_CURVE,,,,,PREVIEW_DEFAULT
209.0274,-65.0476,-28.4496,0.000,NORMAL,1,S_CURVE,,,,,PREVIEW_DEFAULT
209.3036,-65.3219,-28.4176,0.000,NORMAL,1,S_CURVE,,,,,PREVIEW_DEFAULT
209.5331,-65.5511,-28.4287,0.000,NORMAL,1,S_CURVE,,,,,PREVIEW_DEFAULT
209.7626,-65.7804,-28.4398,0.000,NORMAL,1,S_CURVE,,,,,PREVIEW_DEFAULT
209.9921,-66.0096,-28.4509,0.000,NORMAL,1,S_CURVE,,,,,PREVIEW_DEFAULT
210.2433,-66.2602,-28.4672,0.000,NORMAL,1,S_CURVE,,,,,PREVIEW_DEFAULT
210.4944,-66.5108,-28.4836,0.000,NORMAL,1,S_CURVE,,,,,PREVIEW_DEFAULT
210.7455,-66.7614,-28.4999,0.000,NORMAL,1,S_CURVE,,,,,PREVIEW_DEFAULT
210.9707,-66.9857,-28.5199,0.000,NORMAL,1,S_CURVE,,,,,PREVIEW_DEFAULT
211.1959,-67.2100,-28.5399,0.000,NORMAL,1,S_CURVE,,,,,PREVIEW_DEFAULT
211.4211,-67.4343,-28.5599,0.000,NORMAL,1,S_CURVE,,,,,PREVIEW_DEFAULT
211.6660,-67.6759,-28.6003,0.000,NORMAL,1,S_CURVE,,,,,PREVIEW_DEFAULT
211.9110,-67.9175,-28.6407,0.000,NORMAL,1,S_CURVE,,,,,PREVIEW_DEFAULT
212.1559,-68.1590,-28.6812,0.000,NORMAL,1,S_CURVE,,,,,PREVIEW_DEFAULT
212.4008,-68.4006,-28.7216,0.000,NORMAL,1,S_CURVE,,,,,PREVIEW_DEFAULT
212.6818,-68.6782,-28.7652,0.000,NORMAL,1,S_CURVE,,,,,PREVIEW_DEFAULT
212.9628,-68.9558,-28.8088,0.000,NORMAL,1,S_CURVE,,,,,PREVIEW_DEFAULT
213.1990,-69.1885,-28.8492,0.000,NORMAL,1,S_CURVE,,,,,PREVIEW_DEFAULT
213.4351,-69.4211,-28.8895,0.000,NORMAL,1,S_CURVE,,,,,PREVIEW_DEFAULT
213.6713,-69.6538,-28.9299,0.000,NORMAL,1,S_CURVE,,,,,PREVIEW_DEFAULT
213.9262,-69.9083,-28.9460,0.000,NORMAL,1,S_CURVE,,,,,PREVIEW_DEFAULT
214.1812,-70.1627,-28.9622,0.000,NORMAL,1,S_CURVE,,,,,PREVIEW_DEFAULT
214.4362,-70.4172,-28.9783,0.000,NORMAL,1,S_CURVE,,,,,PREVIEW_DEFAULT
214.7310,-70.7120,-28.9758,0.000,NORMAL,1,S_CURVE,,,,,PREVIEW_DEFAULT
215.0258,-71.0068,-28.9734,0.000,NORMAL,1,S_CURVE,,,,,PREVIEW_DEFAULT
215.3206,-71.3016,-28.9709,0.000,NORMAL,1,S_CURVE,,,,,PREVIEW_DEFAULT
215.5808,-71.5616,-28.9610,0.000,NORMAL,1,S_CURVE,,,,,PREVIEW_DEFAULT
215.8411,-71.8217,-28.9510,0.000,NORMAL,1,S_CURVE,,,,,PREVIEW_DEFAULT
216.1013,-72.0817,-28.9411,0.000,NORMAL,1,S_CURVE,,,,,PREVIEW_DEFAULT
216.3615,-72.3417,-28.9311,0.000,NORMAL,1,S_CURVE,,,,,PREVIEW_DEFAULT
216.5798,-72.5565,-28.8922,0.000,NORMAL,1,S_CURVE,,,,,PREVIEW_DEFAULT
216.7980,-72.7712,-28.8532,0.000,NORMAL,1,S_CURVE,,,,,PREVIEW_DEFAULT
217.0163,-72.9860,-28.8143,0.000,NORMAL,1,S_CURVE,,,,,PREVIEW_DEFAULT
217.3044,-73.2627,-28.7340,0.000,NORMAL,1,S_CURVE,,,,,PREVIEW_DEFAULT
217.5925,-73.5393,-28.6536,0.000,NORMAL,1,S_CURVE,,,,,PREVIEW_DEFAULT
217.8806,-73.8160,-28.5733,0.000,NORMAL,1,S_CURVE,,,,,PREVIEW_DEFAULT
218.1370,-74.0563,-28.4839,0.000,NORMAL,1,S_CURVE,,,,,PREVIEW_DEFAULT
218.3933,-74.2965,-28.3944,0.000,NORMAL,1,S_CURVE,,,,,PREVIEW_DEFAULT
218.6497,-74.5368,-28.3049,0.000,NORMAL,1,S_CURVE,,,,,PREVIEW_DEFAULT
218.9061,-74.7771,-28.2155,0.000,NORMAL,1,S_CURVE,,,,,PREVIEW_DEFAULT
219.1569,-74.9908,-28.0842,0.000,NORMAL,1,S_CURVE,,,,,PREVIEW_DEFAULT
219.4076,-75.2044,-27.9530,0.000,NORMAL,1,S_CURVE,,,,,PREVIEW_DEFAULT
219.6583,-75.4180,-27.8218,0.000,NORMAL,1,S_CURVE,,,,,PREVIEW_DEFAULT
219.9091,-75.6317,-27.6905,0.000,NORMAL,1,S_CURVE,,,,,PREVIEW_DEFAULT
220.1844,-75.8321,-27.5018,0.000,NORMAL,1,S_CURVE,,,,,PREVIEW_DEFAULT
220.4596,-76.0326,-27.3131,0.000,NORMAL,1,S_CURVE,,,,,PREVIEW_DEFAULT
220.7349,-76.2330,-27.1244,0.000,NORMAL,1,S_CURVE,,,,,PREVIEW_DEFAULT
221.0102,-76.4334,-26.9357,0.000,NORMAL,1,S_CURVE,,,,,PREVIEW_DEFAULT
221.2653,-76.6026,-26.7448,0.000,NORMAL,1,S_CURVE,,,,,PREVIEW_DEFAULT
221.5204,-76.7719,-26.5539,0.000,NORMAL,1,S_CURVE,,,,,PREVIEW_DEFAULT
221.7755,-76.9411,-26.3630,0.000,NORMAL,1,S_CURVE,,,,,PREVIEW_DEFAULT
222.0306,-77.1103,-26.1721,0.000,NORMAL,1,S_CURVE,,,,,PREVIEW_DEFAULT
222.2740,-77.2482,-25.9716,0.000,NORMAL,1,S_CURVE,,,,,PREVIEW_DEFAULT
222.5173,-77.3861,-25.7711,0.000,NORMAL,1,S_CURVE,,,,,PREVIEW_DEFAULT
222.7606,-77.5240,-25.5707,0.000,NORMAL,1,S_CURVE,,,,,PREVIEW_DEFAULT
223.0039,-77.6619,-25.3702,0.000,NORMAL,1,S_CURVE,,,,,PREVIEW_DEFAULT
223.2393,-77.7883,-25.1716,0.000,NORMAL,1,S_CURVE,,,,,PREVIEW_DEFAULT
223.4747,-77.9147,-24.9731,0.000,NORMAL,1,S_CURVE,,,,,PREVIEW_DEFAULT
223.7101,-78.0412,-24.7746,0.000,NORMAL,1,S_CURVE,,,,,PREVIEW_DEFAULT
223.9455,-78.1676,-24.5760,0.000,NORMAL,1,S_CURVE,,,,,PREVIEW_DEFAULT
224.2344,-78.2473,-24.2983,0.000,NORMAL,1,S_CURVE,,,,,PREVIEW_DEFAULT
224.5233,-78.3269,-24.0206,0.000,NORMAL,1,S_CURVE,,,,,PREVIEW_DEFAULT
224.8122,-78.4066,-23.7429,0.000,NORMAL,1,S_CURVE,,,,,PREVIEW_DEFAULT
225.1099,-78.4948,-23.4585,0.000,NORMAL,1,S_CURVE,,,,,PREVIEW_DEFAULT
225.4077,-78.5829,-23.1741,0.000,NORMAL,1,S_CURVE,,,,,PREVIEW_DEFAULT
225.7054,-78.6711,-22.8897,0.000,NORMAL,1,S_CURVE,,,,,PREVIEW_DEFAULT
225.9949,-78.7326,-22.6069,0.000,NORMAL,1,S_CURVE,,,,,PREVIEW_DEFAULT
226.2843,-78.7940,-22.3240,0.000,NORMAL,1,S_CURVE,,,,,PREVIEW_DEFAULT
226.5737,-78.8555,-22.0412,0.000,NORMAL,1,S_CURVE,,,,,PREVIEW_DEFAULT
226.8630,-78.8731,-21.7525,0.000,NORMAL,1,S_CURVE,,,,,PREVIEW_DEFAULT
227.1523,-78.8907,-21.4637,0.000,NORMAL,1,S_CURVE,,,,,PREVIEW_DEFAULT
227.4415,-78.9083,-21.1750,0.000,NORMAL,1,S_CURVE,,,,,PREVIEW_DEFAULT
227.7143,-78.8881,-20.9030,0.000,NORMAL,1,S_CURVE,,,,,PREVIEW_DEFAULT
227.9870,-78.8680,-20.6310,0.000,NORMAL,1,S_CURVE,,,,,PREVIEW_DEFAULT
228.2598,-78.8478,-20.3590,0.000,NORMAL,1,S_CURVE,,,,,PREVIEW_DEFAULT
228.5506,-78.7738,-20.0777,0.000,NORMAL,1,S_CURVE,,,,,PREVIEW_DEFAULT
228.8415,-78.6998,-19.7965,0.000,NORMAL,1,S_CURVE,,,,,PREVIEW_DEFAULT
229.1323,-78.6258,-19.5152,0.000,NORMAL,1,S_CURVE,,,,,PREVIEW_DEFAULT
229.3760,-78.5809,-19.2757,0.000,NORMAL,1,S_CURVE,,,,,PREVIEW_DEFAULT
229.6197,-78.5359,-19.0361,0.000,NORMAL,1,S_CURVE,,,,,PREVIEW_DEFAULT
229.8634,-78.4910,-18.7966,0.000,NORMAL,1,S_CURVE,,,,,PREVIEW_DEFAULT
230.1136,-78.3785,-18.5731,0.000,NORMAL,1,S_CURVE,S_CURVE_END,EXIT_ZONE,,,PREVIEW_DEFAULT
230.3639,-78.2660,-18.3496,0.000,NORMAL,1,ROUTE,,,,,PREVIEW_DEFAULT
230.6141,-78.1535,-18.1261,0.000,NORMAL,1,ROUTE,,,,,PREVIEW_DEFAULT
230.8643,-78.0410,-17.9026,0.000,NORMAL,1,ROUTE,,,,,PREVIEW_DEFAULT
231.1187,-77.8991,-17.6915,0.000,NORMAL,1,ROUTE,,,,,PREVIEW_DEFAULT
231.3730,-77.7571,-17.4804,0.000,NORMAL,1,ROUTE,,,,,PREVIEW_DEFAULT
231.6274,-77.6152,-17.2694,0.000,NORMAL,1,ROUTE,,,,,PREVIEW_DEFAULT
231.8817,-77.4733,-17.0583,0.000,NORMAL,1,ROUTE,,,,,PREVIEW_DEFAULT
232.1512,-77.2703,-16.8811,0.000,NORMAL,1,ROUTE,,,,,PREVIEW_DEFAULT
232.4206,-77.0674,-16.7038,0.000,NORMAL,1,ROUTE,,,,,PREVIEW_DEFAULT
232.6901,-76.8644,-16.5266,0.000,NORMAL,1,ROUTE,,,,,PREVIEW_DEFAULT
232.9459,-76.6427,-16.3989,0.000,NORMAL,1,ROUTE,,,,,PREVIEW_DEFAULT
233.2018,-76.4211,-16.2711,0.000,NORMAL,1,ROUTE,,,,,PREVIEW_DEFAULT
233.4576,-76.1994,-16.1434,0.000,NORMAL,1,ROUTE,,,,,PREVIEW_DEFAULT
233.6997,-75.9809,-16.0393,0.000,NORMAL,1,ROUTE,,,,,PREVIEW_DEFAULT
233.9417,-75.7623,-15.9352,0.000,NORMAL,1,ROUTE,,,,,PREVIEW_DEFAULT
234.1838,-75.5437,-15.8311,0.000,NORMAL,1,ROUTE,,,,,PREVIEW_DEFAULT
234.4259,-75.3252,-15.7270,0.000,NORMAL,1,ROUTE,,,,,PREVIEW_DEFAULT
234.6635,-75.0907,-15.6891,0.000,NORMAL,1,ROUTE,,,,,PREVIEW_DEFAULT
234.9010,-74.8561,-15.6513,0.000,NORMAL,1,ROUTE,,,,,PREVIEW_DEFAULT
235.1386,-74.6216,-15.6135,0.000,NORMAL,1,ROUTE,,,,,PREVIEW_DEFAULT
235.3761,-74.3871,-15.5756,0.000,NORMAL,1,ROUTE,,,,,PREVIEW_DEFAULT
235.6056,-74.1577,-15.5697,0.000,NORMAL,1,ROUTE,,,,,PREVIEW_DEFAULT
235.8351,-73.9283,-15.5639,0.000,NORMAL,1,ROUTE,,,,,PREVIEW_DEFAULT
236.0646,-73.6989,-15.5580,0.000,NORMAL,1,ROUTE,,,,,PREVIEW_DEFAULT
236.2940,-73.4695,-15.5522,0.000,NORMAL,1,ROUTE,,,,,PREVIEW_DEFAULT
236.5642,-73.1997,-15.5665,0.000,NORMAL,1,ROUTE,,,,,PREVIEW_DEFAULT
236.8345,-72.9298,-15.5809,0.000,NORMAL,1,ROUTE,,,,,PREVIEW_DEFAULT
237.1047,-72.6600,-15.5952,0.000,NORMAL,1,ROUTE,,,,,PREVIEW_DEFAULT
237.3688,-72.3968,-15.5722,0.000,NORMAL,1,ROUTE,,,,,PREVIEW_DEFAULT
237.6330,-72.1337,-15.5492,0.000,NORMAL,1,ROUTE,,,,,PREVIEW_DEFAULT
237.8972,-71.8705,-15.5262,0.000,NORMAL,1,ROUTE,,,,,PREVIEW_DEFAULT
238.1516,-71.6164,-15.5396,0.000,NORMAL,1,ROUTE,,,,,PREVIEW_DEFAULT
238.4061,-71.3623,-15.5529,0.000,NORMAL,1,ROUTE,,,,,PREVIEW_DEFAULT
238.6605,-71.1082,-15.5663,0.000,NORMAL,1,ROUTE,,,,,PREVIEW_DEFAULT
238.9015,-70.8707,-15.6071,0.000,NORMAL,1,ROUTE,,,,,PREVIEW_DEFAULT
239.1425,-70.6332,-15.6479,0.000,NORMAL,1,ROUTE,,,,,PREVIEW_DEFAULT
239.3835,-70.3957,-15.6886,0.000,NORMAL,1,ROUTE,,,,,PREVIEW_DEFAULT
239.6244,-70.1582,-15.7294,0.000,NORMAL,1,ROUTE,,,,,PREVIEW_DEFAULT
239.8495,-69.9394,-15.7820,0.000,NORMAL,1,ROUTE,,,,,PREVIEW_DEFAULT
240.0745,-69.7206,-15.8347,0.000,NORMAL,1,ROUTE,,,,,PREVIEW_DEFAULT
240.2996,-69.5018,-15.8873,0.000,NORMAL,1,ROUTE,,,,,PREVIEW_DEFAULT
240.5246,-69.2830,-15.9400,0.000,NORMAL,1,ROUTE,,,,,PREVIEW_DEFAULT
240.7929,-69.0212,-15.9987,0.000,NORMAL,1,ROUTE,,,,,PREVIEW_DEFAULT
241.0612,-68.7594,-16.0574,0.000,NORMAL,1,ROUTE,,,,,PREVIEW_DEFAULT
241.3295,-68.4976,-16.1161,0.000,NORMAL,1,ROUTE,,,,,PREVIEW_DEFAULT
241.5548,-68.2800,-16.1745,0.000,NORMAL,1,ROUTE,,,,,PREVIEW_DEFAULT
241.7801,-68.0624,-16.2328,0.000,NORMAL,1,ROUTE,,,,,PREVIEW_DEFAULT
242.0054,-67.8448,-16.2911,0.000,NORMAL,1,ROUTE,,,,,PREVIEW_DEFAULT
242.2307,-67.6272,-16.3495,0.000,NORMAL,1,ROUTE,,,,,PREVIEW_DEFAULT
242.4973,-67.3714,-16.4248,0.000,NORMAL,1,ROUTE,,,,,PREVIEW_DEFAULT
242.7640,-67.1155,-16.5000,0.000,NORMAL,1,ROUTE,,,,,PREVIEW_DEFAULT
243.0307,-66.8597,-16.5753,0.000,NORMAL,1,ROUTE,,,,,PREVIEW_DEFAULT
243.3045,-66.5892,-16.6173,0.000,NORMAL,1,ROUTE,,,,,PREVIEW_DEFAULT
243.5782,-66.3186,-16.6593,0.000,NORMAL,1,ROUTE,,,,,PREVIEW_DEFAULT
243.8520,-66.0481,-16.7013,0.000,NORMAL,1,ROUTE,,,,,PREVIEW_DEFAULT
244.0794,-65.8315,-16.7705,0.000,NORMAL,1,ROUTE,,,,,PREVIEW_DEFAULT
244.3068,-65.6149,-16.8398,0.000,NORMAL,1,ROUTE,,,,,PREVIEW_DEFAULT
244.5342,-65.3983,-16.9090,0.000,NORMAL,1,ROUTE,,,,,PREVIEW_DEFAULT
244.7616,-65.1817,-16.9782,0.000,NORMAL,1,ROUTE,,,,,PREVIEW_DEFAULT
245.0448,-64.9044,-17.0356,0.000,NORMAL,1,ROUTE,,,,,PREVIEW_DEFAULT
245.3279,-64.6271,-17.0930,0.000,NORMAL,1,ROUTE,,,,,PREVIEW_DEFAULT
245.6111,-64.3498,-17.1504,0.000,NORMAL,1,ROUTE,,,,,PREVIEW_DEFAULT
245.8303,-64.1370,-17.2032,0.000,NORMAL,1,ROUTE,,,,,PREVIEW_DEFAULT
246.0495,-63.9243,-17.2559,0.000,NORMAL,1,ROUTE,,,,,PREVIEW_DEFAULT
246.2688,-63.7115,-17.3087,0.000,NORMAL,1,ROUTE,,,,,PREVIEW_DEFAULT
246.4984,-63.4858,-17.3513,0.000,NORMAL,1,ROUTE,,,,,PREVIEW_DEFAULT
246.7280,-63.2602,-17.3938,0.000,NORMAL,1,ROUTE,,,,,PREVIEW_DEFAULT
246.9576,-63.0346,-17.4364,0.000,NORMAL,1,ROUTE,,,,,PREVIEW_DEFAULT
247.1873,-62.8089,-17.4789,0.000,NORMAL,1,ROUTE,,,,,PREVIEW_DEFAULT
247.4654,-62.5404,-17.5517,0.000,NORMAL,1,ROUTE,,,,,PREVIEW_DEFAULT
247.7436,-62.2720,-17.6244,0.000,NORMAL,1,ROUTE,,,,,PREVIEW_DEFAULT
248.0217,-62.0035,-17.6972,0.000,NORMAL,1,ROUTE,,,,,PREVIEW_DEFAULT
248.2968,-61.7378,-17.7687,0.000,NORMAL,1,ROUTE,,,,,PREVIEW_DEFAULT
248.5720,-61.4722,-17.8402,0.000,NORMAL,1,ROUTE,,,,,PREVIEW_DEFAULT
248.8471,-61.2065,-17.9117,0.000,NORMAL,1,ROUTE,,,,,PREVIEW_DEFAULT
249.0784,-60.9858,-17.9809,0.000,NORMAL,1,ROUTE,,,,,PREVIEW_DEFAULT
249.3097,-60.7651,-18.0501,0.000,NORMAL,1,ROUTE,,,,,PREVIEW_DEFAULT
249.5410,-60.5444,-18.1193,0.000,NORMAL,1,ROUTE,,,,,PREVIEW_DEFAULT
249.7670,-60.3264,-18.1791,0.000,NORMAL,1,ROUTE,,,,,PREVIEW_DEFAULT
249.9931,-60.1084,-18.2388,0.000,NORMAL,1,ROUTE,,,,,PREVIEW_DEFAULT
250.2191,-59.8904,-18.2986,0.000,NORMAL,1,ROUTE,,,,,PREVIEW_DEFAULT
250.4452,-59.6724,-18.3584,0.000,NORMAL,1,ROUTE,,,,,PREVIEW_DEFAULT
250.7390,-59.3892,-18.4367,0.000,NORMAL,1,ROUTE,,,,,PREVIEW_DEFAULT
251.0328,-59.1060,-18.5151,0.000,NORMAL,1,ROUTE,,,,,PREVIEW_DEFAULT
251.3267,-58.8228,-18.5934,0.000,NORMAL,1,ROUTE,,,,,PREVIEW_DEFAULT
251.5929,-58.5840,-18.7112,0.000,NORMAL,1,ROUTE,,,,,PREVIEW_DEFAULT
251.8592,-58.3452,-18.8289,0.000,NORMAL,1,ROUTE,,,,,PREVIEW_DEFAULT
252.1255,-58.1063,-18.9467,0.000,NORMAL,1,ROUTE,,,,,PREVIEW_DEFAULT
252.3918,-57.8675,-19.0645,0.000,NORMAL,1,ROUTE,,,,,PREVIEW_DEFAULT
252.6367,-57.6386,-19.1516,0.000,NORMAL,1,ROUTE,,,,,PREVIEW_DEFAULT
252.8816,-57.4097,-19.2387,0.000,NORMAL,1,ROUTE,,,,,PREVIEW_DEFAULT
253.1265,-57.1808,-19.3258,0.000,NORMAL,1,ROUTE,,,,,PREVIEW_DEFAULT
253.3714,-56.9519,-19.4129,0.000,NORMAL,1,ROUTE,,,,,PREVIEW_DEFAULT
253.6533,-56.6774,-19.4770,0.000,NORMAL,1,ROUTE,,,,,PREVIEW_DEFAULT
253.9352,-56.4029,-19.5411,0.000,NORMAL,1,ROUTE,,,,,PREVIEW_DEFAULT
254.1396,-56.2085,-19.6043,0.000,NORMAL,1,ROUTE,,,,,PREVIEW_DEFAULT
254.3440,-56.0142,-19.6676,0.000,NORMAL,1,ROUTE,,,,,PREVIEW_DEFAULT
254.5484,-55.8198,-19.7308,0.000,NORMAL,1,ROUTE,,,,,PREVIEW_DEFAULT
254.7786,-55.6009,-19.8022,0.000,NORMAL,1,ROUTE,,,,,PREVIEW_DEFAULT
255.0089,-55.3820,-19.8736,0.000,NORMAL,1,ROUTE,,,,,PREVIEW_DEFAULT
255.2391,-55.1631,-19.9449,0.000,NORMAL,1,ROUTE,,,,,PREVIEW_DEFAULT
255.4694,-54.9442,-20.0163,0.000,NORMAL,1,ROUTE,,,,,PREVIEW_DEFAULT
255.7551,-54.6840,-20.1345,0.000,NORMAL,1,ROUTE,,,,,PREVIEW_DEFAULT
256.0409,-54.4238,-20.2526,0.000,NORMAL,1,ROUTE,,,,,PREVIEW_DEFAULT
256.3267,-54.1636,-20.3708,0.000,NORMAL,1,ROUTE,,,,,PREVIEW_DEFAULT
256.6138,-53.8918,-20.4632,0.000,NORMAL,1,ROUTE,,,,,PREVIEW_DEFAULT
256.9008,-53.6201,-20.5557,0.000,NORMAL,1,ROUTE,,,,,PREVIEW_DEFAULT
257.1879,-53.3483,-20.6481,0.000,NORMAL,1,ROUTE,,,,,PREVIEW_DEFAULT
257.4791,-53.0743,-20.7468,0.000,NORMAL,1,ROUTE,,,,,PREVIEW_DEFAULT
257.7704,-52.8002,-20.8454,0.000,NORMAL,1,ROUTE,,,,,PREVIEW_DEFAULT
258.0616,-52.5262,-20.9441,0.000,NORMAL,1,ROUTE,,,,,PREVIEW_DEFAULT
258.3011,-52.3061,-21.0386,0.000,NORMAL,1,ROUTE,,,,,PREVIEW_DEFAULT
258.5406,-52.0861,-21.1330,0.000,NORMAL,1,ROUTE,,,,,PREVIEW_DEFAULT
258.7801,-51.8660,-21.2275,0.000,NORMAL,1,ROUTE,,,,,PREVIEW_DEFAULT
259.0638,-51.6004,-21.3273,0.000,NORMAL,1,ROUTE,,,,,PREVIEW_DEFAULT
259.3475,-51.3349,-21.4272,0.000,NORMAL,1,ROUTE,,,,,PREVIEW_DEFAULT
259.6312,-51.0693,-21.5270,0.000,NORMAL,1,ROUTE,,,,,PREVIEW_DEFAULT
259.9303,-50.7962,-21.6490,0.000,NORMAL,1,ROUTE,,,,,PREVIEW_DEFAULT
260.2294,-50.5232,-21.7711,0.000,NORMAL,1,ROUTE,,,,,PREVIEW_DEFAULT
260.5285,-50.2501,-21.8931,0.000,NORMAL,1,ROUTE,,,,,PREVIEW_DEFAULT
260.8090,-49.9863,-21.9883,0.000,NORMAL,1,ROUTE,,,,,PREVIEW_DEFAULT
261.0895,-49.7224,-22.0835,0.000,NORMAL,1,ROUTE,,,,,PREVIEW_DEFAULT
261.3700,-49.4586,-22.1787,0.000,TRAFFIC,1,TRAFFIC,TRAFFIC_2_RED_STOP,STOP_IF_CONDITION,TRAFFIC_LIGHT_RED,,PREVIEW_DEFAULT
261.5955,-49.2489,-22.2617,0.000,TRAFFIC,1,TRAFFIC,,,TRAFFIC_LIGHT_RED,,PREVIEW_DEFAULT
261.8210,-49.0391,-22.3447,0.000,TRAFFIC,1,TRAFFIC,,,TRAFFIC_LIGHT_RED,,PREVIEW_DEFAULT
262.0466,-48.8294,-22.4276,0.000,TRAFFIC,1,TRAFFIC,,,TRAFFIC_LIGHT_RED,,PREVIEW_DEFAULT
262.2721,-48.6197,-22.5106,0.000,TRAFFIC,1,TRAFFIC,,,TRAFFIC_LIGHT_RED,,PREVIEW_DEFAULT
262.5569,-48.3557,-22.6173,0.000,TRAFFIC,1,TRAFFIC,,,TRAFFIC_LIGHT_RED,,PREVIEW_DEFAULT
262.8416,-48.0917,-22.7241,0.000,TRAFFIC,1,TRAFFIC,,,TRAFFIC_LIGHT_RED,,PREVIEW_DEFAULT
263.1264,-47.8277,-22.8308,0.000,TRAFFIC,1,TRAFFIC,,,TRAFFIC_LIGHT_RED,,PREVIEW_DEFAULT
263.3754,-47.6103,-22.9522,0.000,TRAFFIC,1,TRAFFIC,,,TRAFFIC_LIGHT_RED,,PREVIEW_DEFAULT
263.6244,-47.3929,-23.0736,0.000,TRAFFIC,1,TRAFFIC,,,TRAFFIC_LIGHT_RED,,PREVIEW_DEFAULT
263.8734,-47.1755,-23.1950,0.000,TRAFFIC,1,TRAFFIC,,,TRAFFIC_LIGHT_RED,,PREVIEW_DEFAULT
264.1224,-46.9581,-23.3164,0.000,TRAFFIC,1,TRAFFIC,,,TRAFFIC_LIGHT_RED,,PREVIEW_DEFAULT
264.3959,-46.6939,-23.3871,0.000,TRAFFIC,1,TRAFFIC,TRAFFIC_2_RED_STOP_END,,TRAFFIC_LIGHT_RED,,PREVIEW_DEFAULT
264.6694,-46.4296,-23.4577,0.000,NORMAL,1,ROUTE,,,,,PREVIEW_DEFAULT
264.9430,-46.1654,-23.5284,0.000,NORMAL,1,ROUTE,,,,,PREVIEW_DEFAULT
265.2083,-45.9342,-23.6585,0.000,NORMAL,1,ROUTE,,,,,PREVIEW_DEFAULT
265.4736,-45.7030,-23.7887,0.000,NORMAL,1,ROUTE,,,,,PREVIEW_DEFAULT
265.7389,-45.4718,-23.9188,0.000,NORMAL,1,ROUTE,,,,,PREVIEW_DEFAULT
265.9697,-45.2622,-24.0154,0.000,NORMAL,1,ROUTE,,,,,PREVIEW_DEFAULT
266.2005,-45.0525,-24.1120,0.000,NORMAL,1,ROUTE,,,,,PREVIEW_DEFAULT
266.4313,-44.8429,-24.2085,0.000,NORMAL,1,ROUTE,,,,,PREVIEW_DEFAULT
266.6621,-44.6333,-24.3051,0.000,NORMAL,1,ROUTE,,,,,PREVIEW_DEFAULT
266.9389,-44.3767,-24.4088,0.000,NORMAL,1,ROUTE,,,,,PREVIEW_DEFAULT
267.2156,-44.1200,-24.5124,0.000,NORMAL,1,ROUTE,,,,,PREVIEW_DEFAULT
267.4924,-43.8634,-24.6161,0.000,NORMAL,1,ROUTE,,,,,PREVIEW_DEFAULT
267.7906,-43.5895,-24.7340,0.000,NORMAL,1,ROUTE,,,,,PREVIEW_DEFAULT
268.0887,-43.3157,-24.8518,0.000,NORMAL,1,ROUTE,,,,,PREVIEW_DEFAULT
268.3869,-43.0418,-24.9697,0.000,NORMAL,1,ROUTE,,,,,PREVIEW_DEFAULT
268.6640,-42.7869,-25.0785,0.000,NORMAL,1,ROUTE,,,,,PREVIEW_DEFAULT
268.9412,-42.5321,-25.1874,0.000,NORMAL,1,ROUTE,,,,,PREVIEW_DEFAULT
269.2183,-42.2772,-25.2962,0.000,NORMAL,1,ROUTE,,,,,PREVIEW_DEFAULT
269.4928,-42.0289,-25.4134,0.000,NORMAL,1,ROUTE,,,,,PREVIEW_DEFAULT
269.7674,-41.7806,-25.5305,0.000,NORMAL,1,ROUTE,,,,,PREVIEW_DEFAULT
270.0420,-41.5323,-25.6477,0.000,NORMAL,1,ROUTE,,,,,PREVIEW_DEFAULT
270.3114,-41.2813,-25.7455,0.000,NORMAL,1,ROUTE,,,,,PREVIEW_DEFAULT
270.5808,-41.0302,-25.8433,0.000,NORMAL,1,ROUTE,,,,,PREVIEW_DEFAULT
270.8502,-40.7792,-25.9411,0.000,NORMAL,1,ROUTE,,,,,PREVIEW_DEFAULT
271.0941,-40.5544,-26.0357,0.000,NORMAL,1,ROUTE,,,,,PREVIEW_DEFAULT
271.3380,-40.3295,-26.1302,0.000,NORMAL,1,ROUTE,,,,,PREVIEW_DEFAULT
271.5819,-40.1047,-26.2248,0.000,NORMAL,1,ROUTE,,,,,PREVIEW_DEFAULT
271.8291,-39.8749,-26.3157,0.000,NORMAL,1,ROUTE,,,,,PREVIEW_DEFAULT
272.0763,-39.6450,-26.4066,0.000,NORMAL,1,ROUTE,,,,,PREVIEW_DEFAULT
272.3235,-39.4151,-26.4976,0.000,NORMAL,1,ROUTE,,,,,PREVIEW_DEFAULT
272.5706,-39.1853,-26.5885,0.000,NORMAL,1,ROUTE,,,,,PREVIEW_DEFAULT
272.8484,-38.9281,-26.6934,0.000,NORMAL,1,ROUTE,,,,,PREVIEW_DEFAULT
273.1262,-38.6708,-26.7983,0.000,NORMAL,1,ROUTE,,,,,PREVIEW_DEFAULT
273.4040,-38.4136,-26.9032,0.000,NORMAL,1,ROUTE,,,,,PREVIEW_DEFAULT
273.6514,-38.1865,-27.0012,0.000,NORMAL,1,ROUTE,,,,,PREVIEW_DEFAULT
273.8988,-37.9593,-27.0992,0.000,NORMAL,1,ROUTE,,,,,PREVIEW_DEFAULT
274.1462,-37.7322,-27.1972,0.000,NORMAL,1,ROUTE,,,,,PREVIEW_DEFAULT
274.4194,-37.4768,-27.2944,0.000,NORMAL,1,ROUTE,,,,,PREVIEW_DEFAULT
274.6927,-37.2215,-27.3917,0.000,NORMAL,1,ROUTE,,,,,PREVIEW_DEFAULT
274.9659,-36.9661,-27.4889,0.000,NORMAL,1,ROUTE,,,,,PREVIEW_DEFAULT
275.2200,-36.7264,-27.5731,0.000,NORMAL,1,ROUTE,,,,,PREVIEW_DEFAULT
275.4740,-36.4867,-27.6573,0.000,NORMAL,1,ROUTE,,,,,PREVIEW_DEFAULT
275.7281,-36.2470,-27.7415,0.000,NORMAL,1,ROUTE,,,,,PREVIEW_DEFAULT
276.0014,-35.9958,-27.8493,0.000,NORMAL,1,ROUTE,,,,,PREVIEW_DEFAULT
276.2748,-35.7447,-27.9572,0.000,NORMAL,1,ROUTE,,,,,PREVIEW_DEFAULT
276.5481,-35.4935,-28.0650,0.000,NORMAL,1,ROUTE,,,,,PREVIEW_DEFAULT
276.6979,-35.3522,-28.1147,0.000,NORMAL,1,ROUTE,,,,,PREVIEW_DEFAULT
276.8477,-35.2114,-28.1659,0.000,NORMAL,1,ROUTE,,,,,PREVIEW_DEFAULT
276.9974,-35.0712,-28.2185,0.000,NORMAL,1,ROUTE,,,,,PREVIEW_DEFAULT
277.1472,-34.9314,-28.2723,0.000,NORMAL,1,ROUTE,,,,,PREVIEW_DEFAULT
277.2970,-34.7921,-28.3272,0.000,NORMAL,1,ROUTE,,,,,PREVIEW_DEFAULT
277.4468,-34.6531,-28.3829,0.000,NORMAL,1,ROUTE,,,,,PREVIEW_DEFAULT
277.5966,-34.5143,-28.4394,0.000,NORMAL,1,ROUTE,,,,,PREVIEW_DEFAULT
277.7463,-34.3759,-28.4965,0.000,NORMAL,1,ROUTE,,,,,PREVIEW_DEFAULT
277.8961,-34.2375,-28.5540,0.000,NORMAL,1,ROUTE,,,,,PREVIEW_DEFAULT
278.0459,-34.0993,-28.6116,0.000,NORMAL,1,ROUTE,,,,,PREVIEW_DEFAULT
278.1957,-33.9611,-28.6694,0.000,NORMAL,1,ROUTE,,,,,PREVIEW_DEFAULT
278.3455,-33.8228,-28.7270,0.000,NORMAL,1,ROUTE,,,,,PREVIEW_DEFAULT
278.4952,-33.6845,-28.7843,0.000,NORMAL,1,ROUTE,,,,,PREVIEW_DEFAULT
278.6450,-33.5459,-28.8412,0.000,NORMAL,1,ROUTE,,,,,PREVIEW_DEFAULT
278.7948,-33.4071,-28.8974,0.000,NORMAL,1,ROUTE,,,,,PREVIEW_DEFAULT
278.9446,-33.2680,-28.9529,0.000,NORMAL,1,ROUTE,,,,,PREVIEW_DEFAULT
279.0943,-33.1285,-29.0074,0.000,NORMAL,1,ROUTE,,,,,PREVIEW_DEFAULT
279.2441,-32.9887,-29.0612,0.000,NORMAL,1,ROUTE,,,,,PREVIEW_DEFAULT
279.3939,-32.8488,-29.1147,0.000,NORMAL,1,ROUTE,,,,,PREVIEW_DEFAULT
279.5437,-32.7089,-29.1682,0.000,NORMAL,1,ROUTE,,,,,PREVIEW_DEFAULT
279.6935,-32.5691,-29.2221,0.000,NORMAL,1,ROUTE,,,,,PREVIEW_DEFAULT
279.8432,-32.4297,-29.2768,0.000,NORMAL,1,ROUTE,,,,,PREVIEW_DEFAULT
279.9930,-32.2907,-29.3327,0.000,NORMAL,1,ROUTE,,,,,PREVIEW_DEFAULT
280.1428,-32.1524,-29.3900,0.000,NORMAL,1,ROUTE,,,,,PREVIEW_DEFAULT
280.2926,-32.0148,-29.4492,0.000,NORMAL,1,ROUTE,,,,,PREVIEW_DEFAULT
280.4424,-31.8782,-29.5106,0.000,NORMAL,1,ROUTE,,,,,PREVIEW_DEFAULT
280.5921,-31.7427,-29.5745,0.000,NORMAL,1,ROUTE,,,,,PREVIEW_DEFAULT
280.7419,-31.6086,-29.6411,0.000,NORMAL,1,ROUTE,,,,,PREVIEW_DEFAULT
280.8917,-31.4761,-29.7111,0.000,NORMAL,1,ROUTE,,,,,PREVIEW_DEFAULT
281.0415,-31.3459,-29.7850,0.000,NORMAL,1,ROUTE,,,,,PREVIEW_DEFAULT
281.1912,-31.2184,-29.8637,0.000,NORMAL,1,ROUTE,,,,,PREVIEW_DEFAULT
281.3410,-31.0947,-29.9480,0.000,NORMAL,1,ROUTE,,,,,PREVIEW_DEFAULT
281.4908,-30.9754,-30.0386,0.000,NORMAL,1,ROUTE,,,,,PREVIEW_DEFAULT
281.6405,-30.8614,-30.1357,0.000,NORMAL,1,ROUTE,,,,,PREVIEW_DEFAULT
281.7903,-30.7537,-30.2397,0.000,NORMAL,1,ROUTE,,,,,PREVIEW_DEFAULT
281.9400,-30.6533,-30.3508,0.000,NORMAL,1,ROUTE,,,,,PREVIEW_DEFAULT
282.0897,-30.5614,-30.4691,0.000,NORMAL,1,ROUTE,,,,,PREVIEW_DEFAULT
282.2395,-30.4797,-30.5946,0.000,NORMAL,1,ROUTE,,,,,PREVIEW_DEFAULT
282.3892,-30.4097,-30.7269,0.000,NORMAL,1,ROUTE,,,,,PREVIEW_DEFAULT
282.5389,-30.3527,-30.8654,0.000,NORMAL,1,ROUTE,,,,,PREVIEW_DEFAULT
282.6887,-30.3084,-31.0084,0.000,NORMAL,1,ROUTE,,,,,PREVIEW_DEFAULT
282.8384,-30.2751,-31.1544,0.000,NORMAL,1,ROUTE,,,,,PREVIEW_DEFAULT
282.9882,-30.2511,-31.3022,0.000,NORMAL,1,ROUTE,,,,,PREVIEW_DEFAULT
283.1379,-30.2348,-31.4511,0.000,NORMAL,1,ROUTE,,,,,PREVIEW_DEFAULT
283.2877,-30.2246,-31.6005,0.000,NORMAL,1,ROUTE,,,,,PREVIEW_DEFAULT
283.4375,-30.2188,-31.7502,0.000,NORMAL,1,ROUTE,,,,,PREVIEW_DEFAULT
283.5873,-30.2162,-31.8999,0.000,NORMAL,1,ROUTE,,,,,PREVIEW_DEFAULT
283.7370,-30.2154,-32.0497,0.000,NORMAL,1,ROUTE,,,,,PREVIEW_DEFAULT
283.8868,-30.2152,-32.1995,0.000,NORMAL,1,ROUTE,,,,,PREVIEW_DEFAULT
284.0366,-30.2145,-32.3493,0.000,NORMAL,1,ROUTE,,,,,PREVIEW_DEFAULT
284.1864,-30.2118,-32.4990,0.000,NORMAL,1,ROUTE,,,,,PREVIEW_DEFAULT
284.3362,-30.2063,-32.6487,0.000,NORMAL,1,ROUTE,,,,,PREVIEW_DEFAULT
284.4859,-30.1971,-32.7982,0.000,NORMAL,1,ROUTE,,,,,PREVIEW_DEFAULT
284.6357,-30.1835,-32.9473,0.000,NORMAL,1,ROUTE,,,,,PREVIEW_DEFAULT
284.7855,-30.1647,-33.0959,0.000,NORMAL,1,ROUTE,,,,,PREVIEW_DEFAULT
284.9352,-30.1398,-33.2436,0.000,NORMAL,1,ROUTE,,,,,PREVIEW_DEFAULT
285.0850,-30.1081,-33.3900,0.000,NORMAL,1,ROUTE,,,,,PREVIEW_DEFAULT
285.2348,-30.0694,-33.5347,0.000,NORMAL,1,ROUTE,,,,,PREVIEW_DEFAULT
285.3845,-30.0255,-33.6779,0.000,NORMAL,1,ROUTE,,,,,PREVIEW_DEFAULT
285.5343,-29.9788,-33.8202,0.000,NORMAL,1,ROUTE,,,,,PREVIEW_DEFAULT
285.6841,-29.9315,-33.9623,0.000,NORMAL,1,ROUTE,,,,,PREVIEW_DEFAULT
285.8339,-29.8860,-34.1050,0.000,NORMAL,1,ROUTE,,,,,PREVIEW_DEFAULT
285.9836,-29.8448,-34.2490,0.000,NORMAL,1,ROUTE,,,,,PREVIEW_DEFAULT
286.1334,-29.8106,-34.3948,0.000,NORMAL,1,ROUTE,,,,,PREVIEW_DEFAULT
286.2831,-29.7864,-34.5426,0.000,PERP_PARK,1,T_PARK,T_PARK_START,ENTER_ZONE,,,PREVIEW_DEFAULT
286.4329,-29.7752,-34.6919,0.000,PERP_PARK,1,T_PARK,,,,,PREVIEW_DEFAULT
286.5826,-29.7771,-34.8416,0.000,PERP_PARK,1,T_PARK,,,,,PREVIEW_DEFAULT
286.7324,-29.7908,-34.9907,0.000,PERP_PARK,1,T_PARK,,,,,PREVIEW_DEFAULT
286.8821,-29.8146,-35.1385,0.000,PERP_PARK,1,T_PARK,,,,,PREVIEW_DEFAULT
287.0319,-29.8469,-35.2848,0.000,PERP_PARK,1,T_PARK,,,,,PREVIEW_DEFAULT
287.1816,-29.8864,-35.4293,0.000,PERP_PARK,1,T_PARK,,,,,PREVIEW_DEFAULT
287.3314,-29.9316,-35.5720,0.000,PERP_PARK,1,T_PARK,,,,,PREVIEW_DEFAULT
287.4812,-29.9817,-35.7132,0.000,PERP_PARK,1,T_PARK,,,,,PREVIEW_DEFAULT
287.6310,-30.0355,-35.8529,0.000,PERP_PARK,1,T_PARK,,,,,PREVIEW_DEFAULT
287.7807,-30.0924,-35.9915,0.000,PERP_PARK,1,T_PARK,,,,,PREVIEW_DEFAULT
287.9305,-30.1515,-36.1291,0.000,PERP_PARK,1,T_PARK,,,,,PREVIEW_DEFAULT
288.0803,-30.2122,-36.2661,0.000,PERP_PARK,1,T_PARK,,,,,PREVIEW_DEFAULT
288.2301,-30.2737,-36.4026,0.000,PERP_PARK,1,T_PARK,,,,,PREVIEW_DEFAULT
288.3799,-30.3356,-36.5390,0.000,PERP_PARK,1,T_PARK,,,,,PREVIEW_DEFAULT
288.5296,-30.3971,-36.6756,0.000,PERP_PARK,1,T_PARK,,,,,PREVIEW_DEFAULT
288.6794,-30.4581,-36.8124,0.000,PERP_PARK,1,T_PARK,,,,,PREVIEW_DEFAULT
288.8292,-30.5186,-36.9494,0.000,PERP_PARK,1,T_PARK,,,,,PREVIEW_DEFAULT
288.9790,-30.5786,-37.0866,0.000,PERP_PARK,1,T_PARK,,,,,PREVIEW_DEFAULT
289.1287,-30.6382,-37.2240,0.000,PERP_PARK,1,T_PARK,,,,,PREVIEW_DEFAULT
289.2785,-30.6974,-37.3616,0.000,PERP_PARK,1,T_PARK,,,,,PREVIEW_DEFAULT
289.4283,-30.7561,-37.4994,0.000,PERP_PARK,1,T_PARK,,,,,PREVIEW_DEFAULT
289.5781,-30.8145,-37.6374,0.000,PERP_PARK,1,T_PARK,,,,,PREVIEW_DEFAULT
289.7279,-30.8724,-37.7755,0.000,PERP_PARK,1,T_PARK,,,,,PREVIEW_DEFAULT
289.8776,-30.9300,-37.9138,0.000,PERP_PARK,1,T_PARK,,,,,PREVIEW_DEFAULT
290.0274,-30.9872,-38.0522,0.000,PERP_PARK,1,T_PARK,,,,,PREVIEW_DEFAULT
290.1772,-31.0440,-38.1908,0.000,PERP_PARK,1,T_PARK,,,,,PREVIEW_DEFAULT
290.3270,-31.1006,-38.3294,0.000,PERP_PARK,1,T_PARK,,,,,PREVIEW_DEFAULT
290.4768,-31.1568,-38.4683,0.000,PERP_PARK,1,T_PARK,,,,,PREVIEW_DEFAULT
290.6265,-31.2128,-38.6072,0.000,PERP_PARK,1,T_PARK,,,,,PREVIEW_DEFAULT
290.7763,-31.2685,-38.7462,0.000,PERP_PARK,1,T_PARK,,,,,PREVIEW_DEFAULT
290.9261,-31.3240,-38.8853,0.000,PERP_PARK,1,T_PARK,,,,,PREVIEW_DEFAULT
291.0759,-31.3793,-39.0246,0.000,PERP_PARK,1,T_PARK,,,,,PREVIEW_DEFAULT
291.2257,-31.4343,-39.1638,0.000,PERP_PARK,1,T_PARK,,,,,PREVIEW_DEFAULT
291.3754,-31.4892,-39.3032,0.000,PERP_PARK,1,T_PARK,,,,,PREVIEW_DEFAULT
291.5252,-31.5439,-39.4426,0.000,PERP_PARK,1,T_PARK,,,,,PREVIEW_DEFAULT
291.6750,-31.5985,-39.5821,0.000,PERP_PARK,1,T_PARK,,,,,PREVIEW_DEFAULT
291.8248,-31.6530,-39.7216,0.000,PERP_PARK,1,T_PARK,,,,,PREVIEW_DEFAULT
291.9746,-31.7073,-39.8612,0.000,PERP_PARK,1,T_PARK,,,,,PREVIEW_DEFAULT
292.1243,-31.7615,-40.0008,0.000,PERP_PARK,1,T_PARK,,,,,PREVIEW_DEFAULT
292.2741,-31.8157,-40.1405,0.000,PERP_PARK,1,T_PARK,,,,,PREVIEW_DEFAULT
292.4239,-31.8697,-40.2802,0.000,PERP_PARK,1,T_PARK,,,,,PREVIEW_DEFAULT
292.5737,-31.9236,-40.4199,0.000,PERP_PARK,1,T_PARK,,,,,PREVIEW_DEFAULT
292.7234,-31.9774,-40.5597,0.000,PERP_PARK,1,T_PARK,,,,,PREVIEW_DEFAULT
292.8732,-32.0312,-40.6995,0.000,PERP_PARK,1,T_PARK,,,,,PREVIEW_DEFAULT
293.0230,-32.0848,-40.8393,0.000,PERP_PARK,1,T_PARK,,,,,PREVIEW_DEFAULT
293.1728,-32.1384,-40.9792,0.000,PERP_PARK,1,T_PARK,,,,,PREVIEW_DEFAULT
293.3226,-32.1920,-41.1191,0.000,PERP_PARK,1,T_PARK,,,,,PREVIEW_DEFAULT
293.4723,-32.2454,-41.2590,0.000,PERP_PARK,1,T_PARK,,,,,PREVIEW_DEFAULT
293.6221,-32.2988,-41.3989,0.000,PERP_PARK,1,T_PARK,,,,,PREVIEW_DEFAULT
293.7719,-32.3522,-41.5389,0.000,PERP_PARK,1,T_PARK,,,,,PREVIEW_DEFAULT
293.9217,-32.4055,-41.6788,0.000,PERP_PARK,1,T_PARK,,,,,PREVIEW_DEFAULT
294.0715,-32.4588,-41.8188,0.000,PERP_PARK,1,T_PARK,,,,,PREVIEW_DEFAULT
294.2212,-32.5121,-41.9588,0.000,PERP_PARK,1,T_PARK,,,,,PREVIEW_DEFAULT
294.3710,-32.5653,-42.0988,0.000,PERP_PARK,1,T_PARK,,,,,PREVIEW_DEFAULT
294.5208,-32.6186,-42.2388,0.000,PERP_PARK,1,T_PARK,,,,,PREVIEW_DEFAULT
294.6706,-32.6718,-42.3788,0.000,PERP_PARK,1,T_PARK,,,,,PREVIEW_DEFAULT
294.8204,-32.7250,-42.5188,0.000,PERP_PARK,1,T_PARK,,,,,PREVIEW_DEFAULT
294.9701,-32.7782,-42.6589,0.000,PERP_PARK,1,T_PARK,,,,,PREVIEW_DEFAULT
295.1199,-32.8314,-42.7989,0.000,PERP_PARK,1,T_PARK,,,,,PREVIEW_DEFAULT
295.2697,-32.8846,-42.9389,0.000,PERP_PARK,1,T_PARK,,,,,PREVIEW_DEFAULT
295.4195,-32.9378,-43.0789,0.000,PERP_PARK,1,T_PARK,,,,,PREVIEW_DEFAULT
295.5693,-32.9911,-43.2189,0.000,PERP_PARK,1,T_PARK,,,,,PREVIEW_DEFAULT
295.7190,-33.0444,-43.3588,0.000,PERP_PARK,1,T_PARK,,,,,PREVIEW_DEFAULT
295.8688,-33.0977,-43.4988,0.000,PERP_PARK,1,T_PARK,,,,,PREVIEW_DEFAULT
296.0186,-33.1511,-43.6388,0.000,PERP_PARK,1,T_PARK,,,,,PREVIEW_DEFAULT
296.1684,-33.2045,-43.7787,0.000,PERP_PARK,1,T_PARK,,,,,PREVIEW_DEFAULT
296.3182,-33.2580,-43.9186,0.000,PERP_PARK,1,T_PARK,,,,,PREVIEW_DEFAULT
296.4679,-33.3115,-44.0585,0.000,PERP_PARK,1,T_PARK,,,,,PREVIEW_DEFAULT
296.6177,-33.3651,-44.1983,0.000,PERP_PARK,1,T_PARK,,,,,PREVIEW_DEFAULT
296.7675,-33.4187,-44.3382,0.000,PERP_PARK,1,T_PARK,,,,,PREVIEW_DEFAULT
296.9173,-33.4725,-44.4780,0.000,PERP_PARK,1,T_PARK,,,,,PREVIEW_DEFAULT
297.0670,-33.5263,-44.6178,0.000,PERP_PARK,1,T_PARK,,,,,PREVIEW_DEFAULT
297.2168,-33.5802,-44.7575,0.000,PERP_PARK,1,T_PARK,,,,,PREVIEW_DEFAULT
297.3666,-33.6342,-44.8972,0.000,PERP_PARK,1,T_PARK,,,,,PREVIEW_DEFAULT
297.5164,-33.6883,-45.0369,0.000,PERP_PARK,1,T_PARK,,,,,PREVIEW_DEFAULT
297.6662,-33.7425,-45.1765,0.000,PERP_PARK,1,T_PARK,,,,,PREVIEW_DEFAULT
297.8159,-33.7968,-45.3161,0.000,PERP_PARK,1,T_PARK,,,,,PREVIEW_DEFAULT
297.9657,-33.8513,-45.4556,0.000,PERP_PARK,1,T_PARK,,,,,PREVIEW_DEFAULT
298.1155,-33.9058,-45.5951,0.000,PERP_PARK,1,T_PARK,,,,,PREVIEW_DEFAULT
298.2653,-33.9605,-45.7345,0.000,PERP_PARK,1,T_PARK,,,,,PREVIEW_DEFAULT
298.4151,-34.0154,-45.8739,0.000,PERP_PARK,1,T_PARK,,,,,PREVIEW_DEFAULT
298.5648,-34.0703,-46.0133,0.000,PERP_PARK,1,T_PARK,,,,,PREVIEW_DEFAULT
298.7146,-34.1254,-46.1525,0.000,PERP_PARK,1,T_PARK,,,,,PREVIEW_DEFAULT
298.8644,-34.1807,-46.2917,0.000,PERP_PARK,1,T_PARK,,,,,PREVIEW_DEFAULT
299.0142,-34.2361,-46.4309,0.000,PERP_PARK,1,T_PARK,,,,,PREVIEW_DEFAULT
299.1640,-34.2917,-46.5700,0.000,PERP_PARK,1,T_PARK,,,,,PREVIEW_DEFAULT
299.3137,-34.3475,-46.7090,0.000,PERP_PARK,1,T_PARK,,,,,PREVIEW_DEFAULT
299.4635,-34.4034,-46.8479,0.000,PERP_PARK,1,T_PARK,,,,,PREVIEW_DEFAULT
299.6133,-34.4595,-46.9868,0.000,PERP_PARK,1,T_PARK,,,,,PREVIEW_DEFAULT
299.7631,-34.5158,-47.1256,0.000,PERP_PARK,1,T_PARK,,,,,PREVIEW_DEFAULT
299.9129,-34.5723,-47.2643,0.000,PERP_PARK,1,T_PARK,,,,,PREVIEW_DEFAULT
300.0626,-34.6290,-47.4029,0.000,PERP_PARK,1,T_PARK,,,,,PREVIEW_DEFAULT
300.2124,-34.6859,-47.5415,0.000,PERP_PARK,1,T_PARK,,,,,PREVIEW_DEFAULT
300.3622,-34.7430,-47.6799,0.000,PERP_PARK,1,T_PARK,,,,,PREVIEW_DEFAULT
300.5120,-34.8004,-47.8183,0.000,PERP_PARK,1,T_PARK,,,,,PREVIEW_DEFAULT
300.6618,-34.8579,-47.9566,0.000,PERP_PARK,1,T_PARK,,,,,PREVIEW_DEFAULT
300.8115,-34.9157,-48.0948,0.000,PERP_PARK,1,T_PARK,,,,,PREVIEW_DEFAULT
300.9613,-34.9737,-48.2329,0.000,PERP_PARK,1,T_PARK,,,,,PREVIEW_DEFAULT
301.1111,-35.0320,-48.3709,0.000,PERP_PARK,1,T_PARK,,,,,PREVIEW_DEFAULT
301.2609,-35.0905,-48.5087,0.000,PERP_PARK,1,T_PARK,,,,,PREVIEW_DEFAULT
301.4106,-35.1492,-48.6465,0.000,PERP_PARK,1,T_PARK,,,,,PREVIEW_DEFAULT
301.5604,-35.2082,-48.7842,0.000,PERP_PARK,1,T_PARK,,,,,PREVIEW_DEFAULT
301.7102,-35.2675,-48.9217,0.000,PERP_PARK,1,T_PARK,,,,,PREVIEW_DEFAULT
301.8600,-35.3270,-49.0592,0.000,PERP_PARK,1,T_PARK,,,,,PREVIEW_DEFAULT
302.0098,-35.3868,-49.1965,0.000,PERP_PARK,1,T_PARK,,,,,PREVIEW_DEFAULT
302.1595,-35.4469,-49.3337,0.000,PERP_PARK,1,T_PARK,,,,,PREVIEW_DEFAULT
302.3093,-35.5073,-49.4708,0.000,PERP_PARK,1,T_PARK,,,,,PREVIEW_DEFAULT
302.4591,-35.5680,-49.6077,0.000,PERP_PARK,1,T_PARK,,,,,PREVIEW_DEFAULT
302.6089,-35.6289,-49.7445,0.000,PERP_PARK,1,T_PARK,,,,,PREVIEW_DEFAULT
302.7587,-35.6902,-49.8812,0.000,PERP_PARK,1,T_PARK,,,,,PREVIEW_DEFAULT
302.9084,-35.7518,-50.0177,0.000,PERP_PARK,1,T_PARK,,,,,PREVIEW_DEFAULT
303.0582,-35.8137,-50.1541,0.000,PERP_PARK,1,T_PARK,,,,,PREVIEW_DEFAULT
303.2080,-35.8759,-50.2904,0.000,PERP_PARK,1,T_PARK,,,,,PREVIEW_DEFAULT
303.3578,-35.9384,-50.4265,0.000,PERP_PARK,1,T_PARK,,,,,PREVIEW_DEFAULT
303.5076,-36.0012,-50.5624,0.000,PERP_PARK,1,T_PARK,,,,,PREVIEW_DEFAULT
303.6573,-36.0644,-50.6982,0.000,PERP_PARK,1,T_PARK,,,,,PREVIEW_DEFAULT
303.8071,-36.1280,-50.8339,0.000,PERP_PARK,1,T_PARK,,,,,PREVIEW_DEFAULT
303.9569,-36.1918,-50.9694,0.000,PERP_PARK,1,T_PARK,,,,,PREVIEW_DEFAULT
304.1067,-36.2561,-51.1047,0.000,PERP_PARK,1,T_PARK,,,,,PREVIEW_DEFAULT
304.2565,-36.3207,-51.2398,0.000,PERP_PARK,1,T_PARK,,,,,PREVIEW_DEFAULT
304.4062,-36.3856,-51.3748,0.000,PERP_PARK,1,T_PARK,,,,,PREVIEW_DEFAULT
304.5560,-36.4509,-51.5095,0.000,PERP_PARK,1,T_PARK,,,,,PREVIEW_DEFAULT
304.7058,-36.5166,-51.6441,0.000,PERP_PARK,1,T_PARK,,,,,PREVIEW_DEFAULT
304.8556,-36.5827,-51.7786,0.000,PERP_PARK,1,T_PARK,,,,,PREVIEW_DEFAULT
305.0054,-36.6492,-51.9128,0.000,PERP_PARK,1,T_PARK,,,,,PREVIEW_DEFAULT
305.1551,-36.7160,-52.0468,0.000,PERP_PARK,1,T_PARK,,,,,PREVIEW_DEFAULT
305.3049,-36.7833,-52.1807,0.000,PERP_PARK,1,T_PARK,,,,,PREVIEW_DEFAULT
305.4547,-36.8509,-52.3143,0.000,PERP_PARK,1,T_PARK,,,,,PREVIEW_DEFAULT
305.6045,-36.9189,-52.4477,0.000,PERP_PARK,-1,T_PARK,T2_FORWARD_TO_REVERSE,SET_REVERSE,,,T2_FORWARD_TO_REVERSE
305.7539,-36.8394,-52.3213,0.000,PERP_PARK,-1,T_PARK,,,,,T2_FORWARD_TO_REVERSE
305.9032,-36.7590,-52.1954,0.000,PERP_PARK,-1,T_PARK,,,,,T2_FORWARD_TO_REVERSE
306.0526,-36.6775,-52.0701,0.000,PERP_PARK,-1,T_PARK,,,,,T2_FORWARD_TO_REVERSE
306.2020,-36.5952,-51.9455,0.000,PERP_PARK,-1,T_PARK,,,,,T2_FORWARD_TO_REVERSE
306.3514,-36.5120,-51.8214,0.000,PERP_PARK,-1,T_PARK,,,,,T2_FORWARD_TO_REVERSE
306.5008,-36.4280,-51.6979,0.000,PERP_PARK,-1,T_PARK,,,,,T2_FORWARD_TO_REVERSE
306.6502,-36.3432,-51.5749,0.000,PERP_PARK,-1,T_PARK,,,,,T2_FORWARD_TO_REVERSE
306.7996,-36.2576,-51.4524,0.000,PERP_PARK,-1,T_PARK,,,,,T2_FORWARD_TO_REVERSE
306.9490,-36.1713,-51.3305,0.000,PERP_PARK,-1,T_PARK,,,,,T2_FORWARD_TO_REVERSE
307.0984,-36.0843,-51.2090,0.000,PERP_PARK,-1,T_PARK,,,,,T2_FORWARD_TO_REVERSE
307.2478,-35.9967,-51.0881,0.000,PERP_PARK,-1,T_PARK,,,,,T2_FORWARD_TO_REVERSE
307.3972,-35.9084,-50.9675,0.000,PERP_PARK,-1,T_PARK,,,,,T2_FORWARD_TO_REVERSE
307.5465,-35.8196,-50.8474,0.000,PERP_PARK,-1,T_PARK,,,,,T2_FORWARD_TO_REVERSE
307.6959,-35.7303,-50.7277,0.000,PERP_PARK,-1,T_PARK,,,,,T2_FORWARD_TO_REVERSE
307.8453,-35.6404,-50.6083,0.000,PERP_PARK,-1,T_PARK,,,,,T2_FORWARD_TO_REVERSE
307.9947,-35.5501,-50.4894,0.000,PERP_PARK,-1,T_PARK,,,,,T2_FORWARD_TO_REVERSE
308.1441,-35.4593,-50.3707,0.000,PERP_PARK,-1,T_PARK,,,,,T2_FORWARD_TO_REVERSE
308.2935,-35.3681,-50.2524,0.000,PERP_PARK,-1,T_PARK,,,,,T2_FORWARD_TO_REVERSE
308.4429,-35.2766,-50.1343,0.000,PERP_PARK,-1,T_PARK,,,,,T2_FORWARD_TO_REVERSE
308.5923,-35.1847,-50.0165,0.000,PERP_PARK,-1,T_PARK,,,,,T2_FORWARD_TO_REVERSE
308.7417,-35.0926,-49.8989,0.000,PERP_PARK,-1,T_PARK,,,,,T2_FORWARD_TO_REVERSE
308.8911,-35.0002,-49.7815,0.000,PERP_PARK,-1,T_PARK,,,,,T2_FORWARD_TO_REVERSE
309.0405,-34.9075,-49.6643,0.000,PERP_PARK,-1,T_PARK,,,,,T2_FORWARD_TO_REVERSE
309.1899,-34.8147,-49.5473,0.000,PERP_PARK,-1,T_PARK,,,,,T2_FORWARD_TO_REVERSE
309.3392,-34.7217,-49.4303,0.000,PERP_PARK,-1,T_PARK,,,,,T2_FORWARD_TO_REVERSE
309.4886,-34.6287,-49.3135,0.000,PERP_PARK,-1,T_PARK,,,,,T2_FORWARD_TO_REVERSE
309.6380,-34.5356,-49.1966,0.000,PERP_PARK,-1,T_PARK,,,,,T2_FORWARD_TO_REVERSE
309.7874,-34.4424,-49.0798,0.000,PERP_PARK,-1,T_PARK,,,,,T2_FORWARD_TO_REVERSE
309.9368,-34.3494,-48.9629,0.000,PERP_PARK,-1,T_PARK,,,,,T2_FORWARD_TO_REVERSE
310.0862,-34.2564,-48.8460,0.000,PERP_PARK,-1,T_PARK,,,,,T2_FORWARD_TO_REVERSE
310.2356,-34.1636,-48.7289,0.000,PERP_PARK,-1,T_PARK,,,,,T2_FORWARD_TO_REVERSE
310.3850,-34.0710,-48.6117,0.000,PERP_PARK,-1,T_PARK,,,,,T2_FORWARD_TO_REVERSE
310.5344,-33.9787,-48.4942,0.000,PERP_PARK,-1,T_PARK,,,,,T2_FORWARD_TO_REVERSE
310.6838,-33.8867,-48.3766,0.000,PERP_PARK,-1,T_PARK,,,,,T2_FORWARD_TO_REVERSE
310.8332,-33.7952,-48.2585,0.000,PERP_PARK,-1,T_PARK,,,,,T2_FORWARD_TO_REVERSE
310.9825,-33.7054,-48.1390,0.000,PERP_PARK,-1,T_PARK,,,,,T2_FORWARD_TO_REVERSE
311.1319,-33.6194,-48.0169,0.000,PERP_PARK,-1,T_PARK,,,,,T2_FORWARD_TO_REVERSE
311.2813,-33.5392,-47.8909,0.000,PERP_PARK,-1,T_PARK,,,,,T2_FORWARD_TO_REVERSE
311.4307,-33.4668,-47.7603,0.000,PERP_PARK,-1,T_PARK,,,,,T2_FORWARD_TO_REVERSE
311.5800,-33.4023,-47.6255,0.000,PERP_PARK,-1,T_PARK,,,,,T2_FORWARD_TO_REVERSE
311.7294,-33.3438,-47.4881,0.000,PERP_PARK,-1,T_PARK,,,,,T2_FORWARD_TO_REVERSE
311.8788,-33.2894,-47.3489,0.000,PERP_PARK,-1,T_PARK,,,,,T2_FORWARD_TO_REVERSE
312.0282,-33.2371,-47.2090,0.000,PERP_PARK,-1,T_PARK,,,,,T2_FORWARD_TO_REVERSE
312.1776,-33.1849,-47.0691,0.000,PERP_PARK,-1,T_PARK,,,,,T2_FORWARD_TO_REVERSE
312.3270,-33.1308,-46.9298,0.000,PERP_PARK,-1,T_PARK,,,,,T2_FORWARD_TO_REVERSE
312.4764,-33.0730,-46.7920,0.000,PERP_PARK,-1,T_PARK,,,,,T2_FORWARD_TO_REVERSE
312.6257,-33.0094,-46.6569,0.000,PERP_PARK,-1,T_PARK,,,,,T2_FORWARD_TO_REVERSE
312.7751,-32.9379,-46.5257,0.000,PERP_PARK,-1,T_PARK,,,,,T2_FORWARD_TO_REVERSE
312.9244,-32.8568,-46.4003,0.000,PERP_PARK,-1,T_PARK,,,,,T2_FORWARD_TO_REVERSE
313.0738,-32.7648,-46.2827,0.000,PERP_PARK,-1,T_PARK,,,,,T2_FORWARD_TO_REVERSE
313.2231,-32.6620,-46.1744,0.000,PERP_PARK,-1,T_PARK,,,,,T2_FORWARD_TO_REVERSE
313.3725,-32.5499,-46.0757,0.000,PERP_PARK,-1,T_PARK,,,,,T2_FORWARD_TO_REVERSE
313.5218,-32.4299,-45.9867,0.000,PERP_PARK,-1,T_PARK,,,,,T2_FORWARD_TO_REVERSE
313.6712,-32.3032,-45.9077,0.000,PERP_PARK,-1,T_PARK,,,,,T2_FORWARD_TO_REVERSE
313.8205,-32.1707,-45.8388,0.000,PERP_PARK,-1,T_PARK,,,,,T2_FORWARD_TO_REVERSE
313.9699,-32.0333,-45.7802,0.000,PERP_PARK,-1,T_PARK,,,,,T2_FORWARD_TO_REVERSE
314.1192,-31.8919,-45.7323,0.000,PERP_PARK,-1,T_PARK,,,,,T2_FORWARD_TO_REVERSE
314.2686,-31.7471,-45.6954,0.000,PERP_PARK,-1,T_PARK,,,,,T2_FORWARD_TO_REVERSE
314.4179,-31.5999,-45.6702,0.000,PERP_PARK,-1,T_PARK,,,,,T2_FORWARD_TO_REVERSE
314.5673,-31.4511,-45.6573,0.000,PERP_PARK,-1,T_PARK,,,,,T2_FORWARD_TO_REVERSE
314.7166,-31.3018,-45.6574,0.000,PERP_PARK,-1,T_PARK,,,,,T2_FORWARD_TO_REVERSE
314.8660,-31.1531,-45.6715,0.000,PERP_PARK,-1,T_PARK,,,,,T2_FORWARD_TO_REVERSE
315.0153,-31.0061,-45.6977,0.000,PERP_PARK,-1,T_PARK,,,,,T2_FORWARD_TO_REVERSE
315.1647,-30.8605,-45.7314,0.000,PERP_PARK,-1,T_PARK,,,,,T2_FORWARD_TO_REVERSE
315.3141,-30.7157,-45.7681,0.000,PERP_PARK,-1,T_PARK,,,,,T2_FORWARD_TO_REVERSE
315.4635,-30.5705,-45.8032,0.000,PERP_PARK,-1,T_PARK,,,,,T2_FORWARD_TO_REVERSE
315.6128,-30.4240,-45.8324,0.000,PERP_PARK,-1,T_PARK,,,,,T2_FORWARD_TO_REVERSE
315.7622,-30.2761,-45.8530,0.000,PERP_PARK,-1,T_PARK,,,,,T2_FORWARD_TO_REVERSE
315.9116,-30.1274,-45.8677,0.000,PERP_PARK,-1,T_PARK,,,,,T2_FORWARD_TO_REVERSE
316.0610,-29.9786,-45.8805,0.000,PERP_PARK,-1,T_PARK,,,,,T2_FORWARD_TO_REVERSE
316.2104,-29.8299,-45.8952,0.000,PERP_PARK,-1,T_PARK,,,,,T2_FORWARD_TO_REVERSE
316.3598,-29.6819,-45.9150,0.000,PERP_PARK,-1,T_PARK,,,,,T2_FORWARD_TO_REVERSE
316.5092,-29.5347,-45.9405,0.000,PERP_PARK,-1,T_PARK,,,,,T2_FORWARD_TO_REVERSE
316.6585,-29.3885,-45.9713,0.000,PERP_PARK,-1,T_PARK,,,,,T2_FORWARD_TO_REVERSE
316.8079,-29.2435,-46.0071,0.000,PERP_PARK,-1,T_PARK,,,,,T2_FORWARD_TO_REVERSE
316.9573,-29.0997,-46.0476,0.000,PERP_PARK,-1,T_PARK,,,,,T2_FORWARD_TO_REVERSE
317.1067,-28.9572,-46.0924,0.000,PERP_PARK,-1,T_PARK,,,,,T2_FORWARD_TO_REVERSE
317.2561,-28.8159,-46.1411,0.000,PERP_PARK,-1,T_PARK,,,,,T2_FORWARD_TO_REVERSE
317.4055,-28.6760,-46.1934,0.000,PERP_PARK,-1,T_PARK,,,,,T2_FORWARD_TO_REVERSE
317.5549,-28.5373,-46.2489,0.000,PERP_PARK,-1,T_PARK,,,,,T2_FORWARD_TO_REVERSE
317.7042,-28.3997,-46.3071,0.000,PERP_PARK,-1,T_PARK,,,,,T2_FORWARD_TO_REVERSE
317.8536,-28.2627,-46.3667,0.000,PERP_PARK,-1,T_PARK,,,,,T2_FORWARD_TO_REVERSE
318.0030,-28.1254,-46.4255,0.000,PERP_PARK,-1,T_PARK,,,,,T2_FORWARD_TO_REVERSE
318.1524,-27.9870,-46.4817,0.000,PERP_PARK,-1,T_PARK,,,,,T2_FORWARD_TO_REVERSE
318.3018,-27.8467,-46.5331,0.000,PERP_PARK,-1,T_PARK,,,,,T2_FORWARD_TO_REVERSE
318.4512,-27.7041,-46.5775,0.000,PERP_PARK,-1,T_PARK,,,,,T2_FORWARD_TO_REVERSE
318.6005,-27.5590,-46.6126,0.000,PERP_PARK,-1,T_PARK,,,,,T2_FORWARD_TO_REVERSE
318.7499,-27.4115,-46.6363,0.000,PERP_PARK,-1,T_PARK,,,,,T2_FORWARD_TO_REVERSE
318.8992,-27.2625,-46.6465,0.000,PERP_PARK,1,T_PARK,T2_REVERSE_TO_FORWARD,SET_FORWARD,,,T2_REVERSE_TO_FORWARD
319.0486,-27.4082,-46.6133,0.000,PERP_PARK,1,T_PARK,,,,,T2_REVERSE_TO_FORWARD
319.1980,-27.5507,-46.5685,0.000,PERP_PARK,1,T_PARK,,,,,T2_REVERSE_TO_FORWARD
319.3474,-27.6901,-46.5148,0.000,PERP_PARK,1,T_PARK,,,,,T2_REVERSE_TO_FORWARD
319.4969,-27.8271,-46.4550,0.000,PERP_PARK,1,T_PARK,,,,,T2_REVERSE_TO_FORWARD
319.6463,-27.9626,-46.3919,0.000,PERP_PARK,1,T_PARK,,,,,T2_REVERSE_TO_FORWARD
319.7958,-28.0977,-46.3280,0.000,PERP_PARK,1,T_PARK,,,,,T2_REVERSE_TO_FORWARD
319.9452,-28.2336,-46.2659,0.000,PERP_PARK,1,T_PARK,,,,,T2_REVERSE_TO_FORWARD
320.0947,-28.3712,-46.2077,0.000,PERP_PARK,1,T_PARK,,,,,T2_REVERSE_TO_FORWARD
320.2441,-28.5104,-46.1532,0.000,PERP_PARK,1,T_PARK,,,,,T2_REVERSE_TO_FORWARD
320.3935,-28.6506,-46.1015,0.000,PERP_PARK,1,T_PARK,,,,,T2_REVERSE_TO_FORWARD
320.5430,-28.7915,-46.0516,0.000,PERP_PARK,1,T_PARK,,,,,T2_REVERSE_TO_FORWARD
320.6924,-28.9326,-46.0025,0.000,PERP_PARK,1,T_PARK,,,,,T2_REVERSE_TO_FORWARD
320.8419,-29.0738,-45.9535,0.000,PERP_PARK,1,T_PARK,,,,,T2_REVERSE_TO_FORWARD
320.9913,-29.2146,-45.9034,0.000,PERP_PARK,1,T_PARK,,,,,T2_REVERSE_TO_FORWARD
321.1408,-29.3547,-45.8514,0.000,PERP_PARK,1,T_PARK,,,,,T2_REVERSE_TO_FORWARD
321.2902,-29.4937,-45.7965,0.000,PERP_PARK,1,T_PARK,,,,,T2_REVERSE_TO_FORWARD
321.4396,-29.6312,-45.7380,0.000,PERP_PARK,1,T_PARK,,,,,T2_REVERSE_TO_FORWARD
321.5891,-29.7666,-45.6748,0.000,PERP_PARK,1,T_PARK,,,,,T2_REVERSE_TO_FORWARD
321.7385,-29.8993,-45.6061,0.000,PERP_PARK,1,T_PARK,,,,,T2_REVERSE_TO_FORWARD
321.8879,-30.0287,-45.5312,0.000,PERP_PARK,1,T_PARK,,,,,T2_REVERSE_TO_FORWARD
322.0374,-30.1542,-45.4502,0.000,PERP_PARK,1,T_PARK,,,,,T2_REVERSE_TO_FORWARD
322.1868,-30.2758,-45.3634,0.000,PERP_PARK,1,T_PARK,,,,,T2_REVERSE_TO_FORWARD
322.3362,-30.3933,-45.2710,0.000,PERP_PARK,1,T_PARK,,,,,T2_REVERSE_TO_FORWARD
322.4857,-30.5065,-45.1734,0.000,PERP_PARK,1,T_PARK,,,,,T2_REVERSE_TO_FORWARD
322.6351,-30.6152,-45.0709,0.000,PERP_PARK,1,T_PARK,,,,,T2_REVERSE_TO_FORWARD
322.7845,-30.7193,-44.9637,0.000,PERP_PARK,1,T_PARK,,,,,T2_REVERSE_TO_FORWARD
322.9340,-30.8186,-44.8520,0.000,PERP_PARK,1,T_PARK,,,,,T2_REVERSE_TO_FORWARD
323.0834,-30.9130,-44.7361,0.000,PERP_PARK,1,T_PARK,,,,,T2_REVERSE_TO_FORWARD
323.2328,-31.0022,-44.6163,0.000,PERP_PARK,1,T_PARK,,,,,T2_REVERSE_TO_FORWARD
323.3823,-31.0861,-44.4926,0.000,PERP_PARK,1,T_PARK,,,,,T2_REVERSE_TO_FORWARD
323.5317,-31.1644,-44.3654,0.000,PERP_PARK,1,T_PARK,,,,,T2_REVERSE_TO_FORWARD
323.6811,-31.2370,-44.2347,0.000,PERP_PARK,1,T_PARK,,,,,T2_REVERSE_TO_FORWARD
323.8306,-31.3034,-44.1009,0.000,PERP_PARK,1,T_PARK,,,,,T2_REVERSE_TO_FORWARD
323.9800,-31.3635,-43.9641,0.000,PERP_PARK,1,T_PARK,,,,,T2_REVERSE_TO_FORWARD
324.1294,-31.4169,-43.8245,0.000,PERP_PARK,1,T_PARK,,,,,T2_REVERSE_TO_FORWARD
324.2789,-31.4632,-43.6824,0.000,PERP_PARK,1,T_PARK,,,,,T2_REVERSE_TO_FORWARD
324.4283,-31.5022,-43.5382,0.000,PERP_PARK,1,T_PARK,,,,,T2_REVERSE_TO_FORWARD
324.5777,-31.5333,-43.3920,0.000,PERP_PARK,1,T_PARK,,,,,T2_REVERSE_TO_FORWARD
324.7272,-31.5564,-43.2444,0.000,PERP_PARK,1,T_PARK,,,,,T2_REVERSE_TO_FORWARD
324.8766,-31.5717,-43.0957,0.000,PERP_PARK,1,T_PARK,,,,,T2_REVERSE_TO_FORWARD
325.0260,-31.5795,-42.9465,0.000,PERP_PARK,1,T_PARK,,,,,T2_REVERSE_TO_FORWARD
325.1754,-31.5802,-42.7971,0.000,PERP_PARK,1,T_PARK,,,,,T2_REVERSE_TO_FORWARD
325.3249,-31.5742,-42.6478,0.000,PERP_PARK,1,T_PARK,,,,,T2_REVERSE_TO_FORWARD
325.4743,-31.5620,-42.4988,0.000,PERP_PARK,1,T_PARK,,,,,T2_REVERSE_TO_FORWARD
325.6238,-31.5439,-42.3505,0.000,PERP_PARK,1,T_PARK,,,,,T2_REVERSE_TO_FORWARD
325.7732,-31.5205,-42.2029,0.000,PERP_PARK,1,T_PARK,,,,,T2_REVERSE_TO_FORWARD
325.9226,-31.4923,-42.0562,0.000,PERP_PARK,1,T_PARK,,,,,T2_REVERSE_TO_FORWARD
326.0721,-31.4595,-41.9103,0.000,PERP_PARK,1,T_PARK,,,,,T2_REVERSE_TO_FORWARD
326.2215,-31.4227,-41.7655,0.000,PERP_PARK,1,T_PARK,,,,,T2_REVERSE_TO_FORWARD
326.3710,-31.3822,-41.6217,0.000,PERP_PARK,1,T_PARK,,,,,T2_REVERSE_TO_FORWARD
326.5204,-31.3384,-41.4788,0.000,PERP_PARK,1,T_PARK,,,,,T2_REVERSE_TO_FORWARD
326.6698,-31.2916,-41.3369,0.000,PERP_PARK,1,T_PARK,,,,,T2_REVERSE_TO_FORWARD
326.8193,-31.2421,-41.1958,0.000,PERP_PARK,1,T_PARK,,,,,T2_REVERSE_TO_FORWARD
326.9687,-31.1902,-41.0557,0.000,PERP_PARK,1,T_PARK,,,,,T2_REVERSE_TO_FORWARD
327.1182,-31.1362,-40.9163,0.000,PERP_PARK,1,T_PARK,,,,,T2_REVERSE_TO_FORWARD
327.2676,-31.0804,-40.7777,0.000,PERP_PARK,1,T_PARK,,,,,T2_REVERSE_TO_FORWARD
327.4171,-31.0229,-40.6398,0.000,PERP_PARK,1,T_PARK,,,,,T2_REVERSE_TO_FORWARD
327.5665,-30.9640,-40.5024,0.000,PERP_PARK,1,T_PARK,,,,,T2_REVERSE_TO_FORWARD
327.7160,-30.9039,-40.3656,0.000,PERP_PARK,1,T_PARK,,,,,T2_REVERSE_TO_FORWARD
327.8654,-30.8429,-40.2292,0.000,PERP_PARK,1,T_PARK,,,,,T2_REVERSE_TO_FORWARD
328.0148,-30.7812,-40.0931,0.000,PERP_PARK,1,T_PARK,,,,,T2_REVERSE_TO_FORWARD
328.1643,-30.7189,-39.9572,0.000,PERP_PARK,1,T_PARK,,,,,T2_REVERSE_TO_FORWARD
328.3137,-30.6564,-39.8215,0.000,PERP_PARK,1,T_PARK,,,,,T2_REVERSE_TO_FORWARD
328.4632,-30.5937,-39.6858,0.000,PERP_PARK,1,T_PARK,,,,,T2_REVERSE_TO_FORWARD
328.6126,-30.5311,-39.5501,0.000,PERP_PARK,1,T_PARK,,,,,T2_REVERSE_TO_FORWARD
328.7621,-30.4687,-39.4143,0.000,PERP_PARK,1,T_PARK,,,,,T2_REVERSE_TO_FORWARD
328.9115,-30.4064,-39.2785,0.000,PERP_PARK,1,T_PARK,,,,,T2_REVERSE_TO_FORWARD
329.0610,-30.3443,-39.1425,0.000,PERP_PARK,1,T_PARK,,,,,T2_REVERSE_TO_FORWARD
329.2104,-30.2825,-39.0065,0.000,PERP_PARK,1,T_PARK,,,,,T2_REVERSE_TO_FORWARD
329.3599,-30.2209,-38.8703,0.000,PERP_PARK,1,T_PARK,,,,,T2_REVERSE_TO_FORWARD
329.5093,-30.1595,-38.7341,0.000,PERP_PARK,1,T_PARK,,,,,T2_REVERSE_TO_FORWARD
329.6587,-30.0985,-38.5976,0.000,PERP_PARK,1,T_PARK,,,,,T2_REVERSE_TO_FORWARD
329.8082,-30.0378,-38.4611,0.000,PERP_PARK,1,T_PARK,,,,,T2_REVERSE_TO_FORWARD
329.9576,-29.9774,-38.3244,0.000,PERP_PARK,1,T_PARK,,,,,T2_REVERSE_TO_FORWARD
330.1071,-29.9174,-38.1875,0.000,PERP_PARK,1,T_PARK,,,,,T2_REVERSE_TO_FORWARD
330.2565,-29.8578,-38.0505,0.000,PERP_PARK,1,T_PARK,,,,,T2_REVERSE_TO_FORWARD
330.4060,-29.7986,-37.9132,0.000,PERP_PARK,1,T_PARK,,,,,T2_REVERSE_TO_FORWARD
330.5554,-29.7398,-37.7758,0.000,PERP_PARK,1,T_PARK,,,,,T2_REVERSE_TO_FORWARD
330.7049,-29.6815,-37.6383,0.000,PERP_PARK,1,T_PARK,,,,,T2_REVERSE_TO_FORWARD
330.8543,-29.6236,-37.5005,0.000,PERP_PARK,1,T_PARK,,,,,T2_REVERSE_TO_FORWARD
331.0038,-29.5661,-37.3625,0.000,PERP_PARK,1,T_PARK,,,,,T2_REVERSE_TO_FORWARD
331.1532,-29.5092,-37.2243,0.000,PERP_PARK,1,T_PARK,,,,,T2_REVERSE_TO_FORWARD
331.3027,-29.4528,-37.0859,0.000,PERP_PARK,1,T_PARK,,,,,T2_REVERSE_TO_FORWARD
331.4521,-29.3972,-36.9472,0.000,PERP_PARK,1,T_PARK,,,,,T2_REVERSE_TO_FORWARD
331.6015,-29.3425,-36.8081,0.000,PERP_PARK,1,T_PARK,,,,,T2_REVERSE_TO_FORWARD
331.7510,-29.2889,-36.6687,0.000,PERP_PARK,1,T_PARK,,,,,T2_REVERSE_TO_FORWARD
331.9004,-29.2365,-36.5287,0.000,PERP_PARK,1,T_PARK,,,,,T2_REVERSE_TO_FORWARD
332.0499,-29.1856,-36.3882,0.000,PERP_PARK,1,T_PARK,,,,,T2_REVERSE_TO_FORWARD
332.1993,-29.1361,-36.2472,0.000,PERP_PARK,1,T_PARK,,,,,T2_REVERSE_TO_FORWARD
332.3488,-29.0865,-36.1062,0.000,PERP_PARK,1,T_PARK,,,,,T2_REVERSE_TO_FORWARD
332.4982,-29.0351,-35.9659,0.000,PERP_PARK,1,T_PARK,,,,,T2_REVERSE_TO_FORWARD
332.6477,-28.9800,-35.8270,0.000,PERP_PARK,1,T_PARK,,,,,T2_REVERSE_TO_FORWARD
332.7971,-28.9191,-35.6905,0.000,PERP_PARK,1,T_PARK,,,,,T2_REVERSE_TO_FORWARD
332.9465,-28.8508,-35.5576,0.000,PERP_PARK,1,T_PARK,T_PARK_END,EXIT_ZONE,,,T2_REVERSE_TO_FORWARD
333.0959,-28.7735,-35.4298,0.000,NORMAL,1,ROUTE,,,,,T2_REVERSE_TO_FORWARD
333.2453,-28.6875,-35.3076,0.000,NORMAL,1,ROUTE,,,,,T2_REVERSE_TO_FORWARD
333.3948,-28.5939,-35.1910,0.000,NORMAL,1,ROUTE,,,,,T2_REVERSE_TO_FORWARD
333.5442,-28.4938,-35.0801,0.000,NORMAL,1,ROUTE,,,,,T2_REVERSE_TO_FORWARD
333.6936,-28.3881,-34.9745,0.000,NORMAL,1,ROUTE,,,,,T2_REVERSE_TO_FORWARD
333.8430,-28.2776,-34.8740,0.000,NORMAL,1,ROUTE,,,,,T2_REVERSE_TO_FORWARD
333.9925,-28.1629,-34.7782,0.000,NORMAL,1,ROUTE,,,,,T2_REVERSE_TO_FORWARD
334.1419,-28.0447,-34.6867,0.000,NORMAL,1,ROUTE,,,,,T2_REVERSE_TO_FORWARD
334.2914,-27.9234,-34.5994,0.000,NORMAL,1,ROUTE,,,,,T2_REVERSE_TO_FORWARD
334.4408,-27.7995,-34.5158,0.000,NORMAL,1,ROUTE,,,,,T2_REVERSE_TO_FORWARD
334.5902,-27.6735,-34.4356,0.000,NORMAL,1,ROUTE,,,,,T2_REVERSE_TO_FORWARD
334.7397,-27.5454,-34.3585,0.000,NORMAL,1,ROUTE,,,,,T2_REVERSE_TO_FORWARD
334.8891,-27.4155,-34.2847,0.000,NORMAL,1,ROUTE,,,,,T2_REVERSE_TO_FORWARD
335.0386,-27.2838,-34.2140,0.000,NORMAL,1,ROUTE,,,,,T2_REVERSE_TO_FORWARD
335.1880,-27.1504,-34.1466,0.000,NORMAL,1,ROUTE,,,,,T2_REVERSE_TO_FORWARD
335.3375,-27.0154,-34.0826,0.000,NORMAL,1,ROUTE,,,,,T2_REVERSE_TO_FORWARD
335.4869,-26.8789,-34.0218,0.000,NORMAL,1,ROUTE,,,,,T2_REVERSE_TO_FORWARD
335.6363,-26.7409,-33.9644,0.000,NORMAL,1,ROUTE,,,,,T2_REVERSE_TO_FORWARD
335.7858,-26.6015,-33.9105,0.000,NORMAL,1,ROUTE,,,,,T2_REVERSE_TO_FORWARD
335.9352,-26.4609,-33.8599,0.000,NORMAL,1,ROUTE,,,,,T2_REVERSE_TO_FORWARD
336.0847,-26.3190,-33.8129,0.000,NORMAL,1,ROUTE,,,,,T2_REVERSE_TO_FORWARD
336.2341,-26.1761,-33.7693,0.000,NORMAL,1,ROUTE,,,,,T2_REVERSE_TO_FORWARD
336.3835,-26.0321,-33.7292,0.000,NORMAL,1,ROUTE,,,,,T2_REVERSE_TO_FORWARD
336.5330,-25.8872,-33.6927,0.000,NORMAL,1,ROUTE,,,,,T2_REVERSE_TO_FORWARD
336.6824,-25.7414,-33.6597,0.000,NORMAL,1,ROUTE,,,,,T2_REVERSE_TO_FORWARD
336.8319,-25.5949,-33.6304,0.000,NORMAL,1,ROUTE,,,,,T2_REVERSE_TO_FORWARD
336.9813,-25.4477,-33.6046,0.000,NORMAL,1,ROUTE,,,,,T2_REVERSE_TO_FORWARD
337.1308,-25.2999,-33.5824,0.000,NORMAL,1,ROUTE,,,,,T2_REVERSE_TO_FORWARD
337.2802,-25.1517,-33.5638,0.000,NORMAL,1,ROUTE,,,,,T2_REVERSE_TO_FORWARD
337.4296,-25.0030,-33.5489,0.000,NORMAL,1,ROUTE,,,,,T2_REVERSE_TO_FORWARD
337.5791,-24.8540,-33.5376,0.000,NORMAL,1,ROUTE,,,,,T2_REVERSE_TO_FORWARD
337.7285,-24.7047,-33.5298,0.000,NORMAL,1,ROUTE,,,,,T2_REVERSE_TO_FORWARD
337.8780,-24.5553,-33.5257,0.000,NORMAL,1,ROUTE,,,,,T2_REVERSE_TO_FORWARD
338.0274,-24.4059,-33.5250,0.000,NORMAL,1,ROUTE,,,,,T2_REVERSE_TO_FORWARD
338.1769,-24.2565,-33.5279,0.000,NORMAL,1,ROUTE,,,,,T2_REVERSE_TO_FORWARD
338.3263,-24.1072,-33.5341,0.000,NORMAL,1,ROUTE,,,,,T2_REVERSE_TO_FORWARD
338.4757,-23.9580,-33.5437,0.000,NORMAL,1,ROUTE,,,,,T2_REVERSE_TO_FORWARD
338.6252,-23.8091,-33.5566,0.000,NORMAL,1,ROUTE,,,,,T2_REVERSE_TO_FORWARD
338.7746,-23.6606,-33.5728,0.000,NORMAL,1,ROUTE,,,,,T2_REVERSE_TO_FORWARD
338.9241,-23.5124,-33.5923,0.000,NORMAL,1,ROUTE,,,,,T2_REVERSE_TO_FORWARD
339.0735,-23.3647,-33.6149,0.000,NORMAL,1,ROUTE,,,,,T2_REVERSE_TO_FORWARD
339.2230,-23.2175,-33.6407,0.000,NORMAL,1,ROUTE,,,,,T2_REVERSE_TO_FORWARD
339.3724,-23.0709,-33.6696,0.000,NORMAL,1,ROUTE,,,,,T2_REVERSE_TO_FORWARD
339.5218,-22.9249,-33.7016,0.000,NORMAL,1,ROUTE,,,,,T2_REVERSE_TO_FORWARD
339.6713,-22.7796,-33.7366,0.000,NORMAL,1,ROUTE,,,,,T2_REVERSE_TO_FORWARD
339.8207,-22.6350,-33.7745,0.000,NORMAL,1,ROUTE,,,,,T2_REVERSE_TO_FORWARD
339.9702,-22.4913,-33.8154,0.000,NORMAL,1,ROUTE,,,,,T2_REVERSE_TO_FORWARD
340.1196,-22.3484,-33.8593,0.000,NORMAL,1,ROUTE,,,,,T2_REVERSE_TO_FORWARD
340.2691,-22.2065,-33.9059,0.000,NORMAL,1,ROUTE,,,,,T2_REVERSE_TO_FORWARD
340.4185,-22.0655,-33.9554,0.000,NORMAL,1,ROUTE,,,,,T2_REVERSE_TO_FORWARD
340.5679,-21.9255,-34.0077,0.000,NORMAL,1,ROUTE,,,,,T2_REVERSE_TO_FORWARD
340.7174,-21.7865,-34.0628,0.000,NORMAL,1,ROUTE,,,,,T2_REVERSE_TO_FORWARD
340.8668,-21.6487,-34.1206,0.000,NORMAL,1,ROUTE,,,,,T2_REVERSE_TO_FORWARD
341.0163,-21.5121,-34.1812,0.000,NORMAL,1,ROUTE,,,,,T2_REVERSE_TO_FORWARD
341.1657,-21.3767,-34.2444,0.000,NORMAL,1,ROUTE,,,,,T2_REVERSE_TO_FORWARD
341.3152,-21.2425,-34.3102,0.000,NORMAL,1,ROUTE,,,,,T2_REVERSE_TO_FORWARD
341.4646,-21.1097,-34.3787,0.000,NORMAL,1,ROUTE,,,,,T2_REVERSE_TO_FORWARD
341.6140,-20.9783,-34.4498,0.000,NORMAL,1,ROUTE,,,,,T2_REVERSE_TO_FORWARD
341.7635,-20.8483,-34.5235,0.000,NORMAL,1,ROUTE,,,,,T2_REVERSE_TO_FORWARD
341.9129,-20.7197,-34.5998,0.000,NORMAL,1,ROUTE,,,,,T2_REVERSE_TO_FORWARD
342.0624,-20.5928,-34.6786,0.000,NORMAL,1,ROUTE,,,,,T2_REVERSE_TO_FORWARD
342.2118,-20.4674,-34.7599,0.000,NORMAL,1,ROUTE,,,,,T2_REVERSE_TO_FORWARD
342.3613,-20.3437,-34.8438,0.000,NORMAL,1,ROUTE,,,,,T2_REVERSE_TO_FORWARD
342.5107,-20.2217,-34.9301,0.000,NORMAL,1,ROUTE,,,,,T2_REVERSE_TO_FORWARD
342.7987,-19.9942,-35.1067,0.000,NORMAL,1,ROUTE,,,,,T2_REVERSE_TO_FORWARD
343.0867,-19.7666,-35.2832,0.000,NORMAL,1,ROUTE,,,,,T2_REVERSE_TO_FORWARD
343.3747,-19.5391,-35.4598,0.000,NORMAL,1,ROUTE,,,,,T2_REVERSE_TO_FORWARD
343.6314,-19.3287,-35.6068,0.000,NORMAL,1,ROUTE,,,,,T2_REVERSE_TO_FORWARD
343.8881,-19.1183,-35.7538,0.000,NORMAL,1,ROUTE,,,,,T2_REVERSE_TO_FORWARD
344.1447,-18.9079,-35.9008,0.000,NORMAL,1,ROUTE,,,,,T2_REVERSE_TO_FORWARD
344.4025,-18.7368,-36.0936,0.000,NORMAL,1,ROUTE,,,,,T2_REVERSE_TO_FORWARD
344.6603,-18.5657,-36.2864,0.000,NORMAL,1,ROUTE,,,,,T2_REVERSE_TO_FORWARD
344.9180,-18.3946,-36.4792,0.000,NORMAL,1,ROUTE,,,,,T2_REVERSE_TO_FORWARD
345.2093,-18.2138,-36.7075,0.000,NORMAL,1,ROUTE,,,,,T2_REVERSE_TO_FORWARD
345.5005,-18.0330,-36.9359,0.000,NORMAL,1,ROUTE,,,,,T2_REVERSE_TO_FORWARD
345.7918,-17.8522,-37.1642,0.000,NORMAL,1,ROUTE,,,,,T2_REVERSE_TO_FORWARD
346.0408,-17.7227,-37.3769,0.000,NORMAL,1,ROUTE,,,,,T2_REVERSE_TO_FORWARD
346.2898,-17.5932,-37.5896,0.000,NORMAL,1,ROUTE,,,,,T2_REVERSE_TO_FORWARD
346.5388,-17.4637,-37.8023,0.000,NORMAL,1,ROUTE,,,,,T2_REVERSE_TO_FORWARD
346.7879,-17.3342,-38.0150,0.000,NORMAL,1,ROUTE,,,,,T2_REVERSE_TO_FORWARD
347.0323,-17.2584,-38.2474,0.000,NORMAL,1,ROUTE,,,,,T2_REVERSE_TO_FORWARD
347.2768,-17.1826,-38.4798,0.000,NORMAL,1,ROUTE,,,,,T2_REVERSE_TO_FORWARD
347.5212,-17.1068,-38.7122,0.000,NORMAL,1,ROUTE,,,,,T2_REVERSE_TO_FORWARD
347.8098,-17.0274,-38.9896,0.000,NORMAL,1,ROUTE,,,,,T2_REVERSE_TO_FORWARD
348.0983,-16.9480,-39.2670,0.000,NORMAL,1,ROUTE,,,,,T2_REVERSE_TO_FORWARD
348.3868,-16.8686,-39.5444,0.000,NORMAL,1,ROUTE,,,,,T2_REVERSE_TO_FORWARD
348.6603,-16.8314,-39.8154,0.000,NORMAL,1,ROUTE,,,,,T2_REVERSE_TO_FORWARD
348.9339,-16.7942,-40.0864,0.000,NORMAL,1,ROUTE,,,,,T2_REVERSE_TO_FORWARD
349.2074,-16.7569,-40.3573,0.000,NORMAL,1,ROUTE,,,,,T2_REVERSE_TO_FORWARD
349.4809,-16.7197,-40.6283,0.000,NORMAL,1,ROUTE,,,,,T2_REVERSE_TO_FORWARD
349.7611,-16.7428,-40.9076,0.000,NORMAL,1,ROUTE,,,,,T2_REVERSE_TO_FORWARD
350.0413,-16.7659,-41.1868,0.000,NORMAL,1,ROUTE,,,,,T2_REVERSE_TO_FORWARD
350.3216,-16.7890,-41.4661,0.000,NORMAL,1,ROUTE,,,,,T2_REVERSE_TO_FORWARD
350.5482,-16.8322,-41.6886,0.000,NORMAL,1,ROUTE,,,,,T2_REVERSE_TO_FORWARD
350.7749,-16.8753,-41.9111,0.000,NORMAL,1,ROUTE,,,,,T2_REVERSE_TO_FORWARD
351.0016,-16.9184,-42.1337,0.000,NORMAL,1,ROUTE,,,,,T2_REVERSE_TO_FORWARD
351.2283,-16.9616,-42.3562,0.000,NORMAL,1,ROUTE,,,,,T2_REVERSE_TO_FORWARD
351.4783,-17.0274,-42.5975,0.000,NORMAL,1,ROUTE,,,,,T2_REVERSE_TO_FORWARD
351.7284,-17.0932,-42.8387,0.000,NORMAL,1,ROUTE,,,,,T2_REVERSE_TO_FORWARD
351.9785,-17.1590,-43.0800,0.000,NORMAL,1,ROUTE,,,,,T2_REVERSE_TO_FORWARD
352.2540,-17.2477,-43.3409,0.000,NORMAL,1,ROUTE,,,,,T2_REVERSE_TO_FORWARD
352.5295,-17.3363,-43.6017,0.000,NORMAL,1,ROUTE,,,,,T2_REVERSE_TO_FORWARD
352.8051,-17.4250,-43.8626,0.000,NORMAL,1,ROUTE,,,,,T2_REVERSE_TO_FORWARD
353.0097,-17.5049,-44.0510,0.000,NORMAL,1,ROUTE,,,,,T2_REVERSE_TO_FORWARD
353.2144,-17.5847,-44.2395,0.000,NORMAL,1,ROUTE,,,,,T2_REVERSE_TO_FORWARD
353.4190,-17.6646,-44.4279,0.000,NORMAL,1,ROUTE,,,,,T2_REVERSE_TO_FORWARD
353.6703,-17.7389,-44.6680,0.000,NORMAL,1,ROUTE,,,,,T2_REVERSE_TO_FORWARD
353.9216,-17.8132,-44.9081,0.000,NORMAL,1,ROUTE,,,,,T2_REVERSE_TO_FORWARD
354.1729,-17.8874,-45.1481,0.000,NORMAL,1,ROUTE,,,,,T2_REVERSE_TO_FORWARD
354.4242,-17.9617,-45.3882,0.000,NORMAL,1,ROUTE,,,,,T2_REVERSE_TO_FORWARD
354.6962,-18.0507,-45.6452,0.000,NORMAL,1,ROUTE,,,,,T2_REVERSE_TO_FORWARD
354.9682,-18.1398,-45.9022,0.000,NORMAL,1,ROUTE,,,,,T2_REVERSE_TO_FORWARD
355.2402,-18.2288,-46.1592,0.000,NORMAL,1,ROUTE,,,,,T2_REVERSE_TO_FORWARD
355.5159,-18.3571,-46.4032,0.000,NORMAL,1,ROUTE,,,,,T2_REVERSE_TO_FORWARD
355.7916,-18.4855,-46.6472,0.000,NORMAL,1,ROUTE,,,,,T2_REVERSE_TO_FORWARD
356.0673,-18.6138,-46.8912,0.000,NORMAL,1,ROUTE,,,,,T2_REVERSE_TO_FORWARD
356.3394,-18.7135,-47.1444,0.000,NORMAL,1,ROUTE,,,,,T2_REVERSE_TO_FORWARD
356.6114,-18.8131,-47.3975,0.000,NORMAL,1,ROUTE,,,,,T2_REVERSE_TO_FORWARD
356.8835,-18.9128,-47.6507,0.000,NORMAL,1,ROUTE,,,,,T2_REVERSE_TO_FORWARD
357.1435,-19.0037,-47.8943,0.000,NORMAL,1,ROUTE,,,,,T2_REVERSE_TO_FORWARD
357.4035,-19.0946,-48.1379,0.000,NORMAL,1,ROUTE,,,,,T2_REVERSE_TO_FORWARD
357.6635,-19.1855,-48.3815,0.000,NORMAL,1,ROUTE,,,,,T2_REVERSE_TO_FORWARD
357.9097,-19.2847,-48.6068,0.000,NORMAL,1,ROUTE,,,,,T2_REVERSE_TO_FORWARD
358.1560,-19.3840,-48.8322,0.000,NORMAL,1,ROUTE,,,,,T2_REVERSE_TO_FORWARD
358.4022,-19.4832,-49.0575,0.000,NORMAL,1,ROUTE,,,,,T2_REVERSE_TO_FORWARD
358.6502,-19.5879,-49.2823,0.000,NORMAL,1,ROUTE,,,,,T2_REVERSE_TO_FORWARD
358.8982,-19.6926,-49.5072,0.000,NORMAL,1,ROUTE,,,,,T2_REVERSE_TO_FORWARD
359.1462,-19.7973,-49.7320,0.000,NORMAL,1,ROUTE,,,,,T2_REVERSE_TO_FORWARD
359.4412,-19.9115,-50.0040,0.000,NORMAL,1,ROUTE,,,,,T2_REVERSE_TO_FORWARD
359.7362,-20.0256,-50.2760,0.000,NORMAL,1,ROUTE,,,,,T2_REVERSE_TO_FORWARD
360.0312,-20.1398,-50.5480,0.000,NORMAL,1,ROUTE,,,,,T2_REVERSE_TO_FORWARD
360.2570,-20.2182,-50.7597,0.000,NORMAL,1,ROUTE,,,,,T2_REVERSE_TO_FORWARD
360.4828,-20.2966,-50.9715,0.000,NORMAL,1,ROUTE,,,,,T2_REVERSE_TO_FORWARD
360.7085,-20.3750,-51.1832,0.000,NORMAL,1,ROUTE,,,,,T2_REVERSE_TO_FORWARD
360.9339,-20.4538,-51.3944,0.000,NORMAL,1,ROUTE,,,,,T2_REVERSE_TO_FORWARD
361.1593,-20.5325,-51.6055,0.000,NORMAL,1,ROUTE,,,,,T2_REVERSE_TO_FORWARD
361.3847,-20.6113,-51.8167,0.000,NORMAL,1,ROUTE,,,,,T2_REVERSE_TO_FORWARD
361.6480,-20.7136,-52.0593,0.000,NORMAL,1,ROUTE,,,,,T2_REVERSE_TO_FORWARD
361.9113,-20.8158,-52.3020,0.000,NORMAL,1,ROUTE,,,,,T2_REVERSE_TO_FORWARD
362.1746,-20.9181,-52.5446,0.000,NORMAL,1,ROUTE,,,,,T2_REVERSE_TO_FORWARD
362.4390,-21.0183,-52.7893,0.000,NORMAL,1,ROUTE,,,,,T2_REVERSE_TO_FORWARD
362.7033,-21.1184,-53.0339,0.000,NORMAL,1,ROUTE,,,,,T2_REVERSE_TO_FORWARD
362.9677,-21.2186,-53.2786,0.000,NORMAL,1,ROUTE,,,,,T2_REVERSE_TO_FORWARD
363.2291,-21.3301,-53.5149,0.000,NORMAL,1,ROUTE,,,,,T2_REVERSE_TO_FORWARD
363.4904,-21.4417,-53.7513,0.000,NORMAL,1,ROUTE,,,,,T2_REVERSE_TO_FORWARD
363.7517,-21.5532,-53.9876,0.000,NORMAL,1,ROUTE,,,,,T2_REVERSE_TO_FORWARD
364.0177,-21.6635,-54.2296,0.000,NORMAL,1,ROUTE,,,,,T2_REVERSE_TO_FORWARD
364.2837,-21.7739,-54.4717,0.000,NORMAL,1,ROUTE,,,,,T2_REVERSE_TO_FORWARD
364.5497,-21.8842,-54.7137,0.000,NORMAL,1,ROUTE,,,,,T2_REVERSE_TO_FORWARD
364.7766,-21.9940,-54.9123,0.000,NORMAL,1,ROUTE,,,,,T2_REVERSE_TO_FORWARD
365.0036,-22.1037,-55.1110,0.000,NORMAL,1,ROUTE,,,,,T2_REVERSE_TO_FORWARD
365.2305,-22.2135,-55.3096,0.000,NORMAL,1,ROUTE,,,,,T2_REVERSE_TO_FORWARD
365.4991,-22.3137,-55.5588,0.000,NORMAL,1,ROUTE,,,,,T2_REVERSE_TO_FORWARD
365.7677,-22.4140,-55.8080,0.000,NORMAL,1,ROUTE,,,,,T2_REVERSE_TO_FORWARD
366.0363,-22.5142,-56.0572,0.000,NORMAL,1,ROUTE,,,,,T2_REVERSE_TO_FORWARD
366.2946,-22.6297,-56.2882,0.000,NORMAL,1,ROUTE,,,,,T2_REVERSE_TO_FORWARD
366.5529,-22.7452,-56.5192,0.000,NORMAL,1,ROUTE,,,,,T2_REVERSE_TO_FORWARD
366.8112,-22.8608,-56.7503,0.000,NORMAL,1,ROUTE,,,,,T2_REVERSE_TO_FORWARD
367.0695,-22.9763,-56.9813,0.000,NORMAL,1,ROUTE,,,,,T2_REVERSE_TO_FORWARD
367.3273,-23.1010,-57.2069,0.000,NORMAL,1,ROUTE,,,,,T2_REVERSE_TO_FORWARD
367.5850,-23.2258,-57.4324,0.000,NORMAL,1,ROUTE,,,,,T2_REVERSE_TO_FORWARD
367.8428,-23.3505,-57.6580,0.000,NORMAL,1,ROUTE,,,,,T2_REVERSE_TO_FORWARD
368.1030,-23.4644,-57.8919,0.000,NORMAL,1,ROUTE,,,,,T2_REVERSE_TO_FORWARD
368.3631,-23.5783,-58.1258,0.000,NORMAL,1,ROUTE,,,,,T2_REVERSE_TO_FORWARD
368.6233,-23.6922,-58.3597,0.000,NORMAL,1,ROUTE,,,,,T2_REVERSE_TO_FORWARD
368.8834,-23.8061,-58.5936,0.000,NORMAL,1,ROUTE,,,,,T2_REVERSE_TO_FORWARD
369.1543,-23.9426,-58.8275,0.000,NORMAL,1,ROUTE,,,,,T2_REVERSE_TO_FORWARD
369.4251,-24.0791,-59.0614,0.000,NORMAL,1,ROUTE,,,,,T2_REVERSE_TO_FORWARD
369.6959,-24.2156,-59.2953,0.000,NORMAL,1,ROUTE,,,,,T2_REVERSE_TO_FORWARD
369.9935,-24.3879,-59.5380,0.000,NORMAL,1,ROUTE,,,,,T2_REVERSE_TO_FORWARD
370.2912,-24.5603,-59.7806,0.000,NORMAL,1,ROUTE,,,,,T2_REVERSE_TO_FORWARD
370.5888,-24.7326,-60.0233,0.000,NORMAL,1,ROUTE,,,,,T2_REVERSE_TO_FORWARD
370.8312,-24.8686,-60.2240,0.000,NORMAL,1,ROUTE,,,,,T2_REVERSE_TO_FORWARD
371.0737,-25.0045,-60.4248,0.000,NORMAL,1,ROUTE,,,,,T2_REVERSE_TO_FORWARD
371.3161,-25.1405,-60.6255,0.000,NORMAL,1,ROUTE,,,,,T2_REVERSE_TO_FORWARD
371.5613,-25.3005,-60.8113,0.000,NORMAL,1,ROUTE,,,,,T2_REVERSE_TO_FORWARD
371.8065,-25.4605,-60.9972,0.000,NORMAL,1,ROUTE,,,,,T2_REVERSE_TO_FORWARD
372.0517,-25.6204,-61.1830,0.000,NORMAL,1,ROUTE,,,,,T2_REVERSE_TO_FORWARD
372.2969,-25.7804,-61.3688,0.000,NORMAL,1,ROUTE,,,,,T2_REVERSE_TO_FORWARD
372.5871,-26.0049,-61.5526,0.000,NORMAL,1,ROUTE,,,,,T2_REVERSE_TO_FORWARD
372.8772,-26.2294,-61.7364,0.000,NORMAL,1,ROUTE,,,,,T2_REVERSE_TO_FORWARD
373.1674,-26.4539,-61.9202,0.000,NORMAL,1,ROUTE,,,,,T2_REVERSE_TO_FORWARD
373.4250,-26.6798,-62.0441,0.000,NORMAL,1,ROUTE,,,,,T2_REVERSE_TO_FORWARD
373.6827,-26.9057,-62.1681,0.000,NORMAL,1,ROUTE,,,,,T2_REVERSE_TO_FORWARD
373.9403,-27.1316,-62.2920,0.000,NORMAL,1,ROUTE,,,,,T2_REVERSE_TO_FORWARD
374.1704,-27.3458,-62.3761,0.000,NORMAL,1,ROUTE,,,,,T2_REVERSE_TO_FORWARD
374.4005,-27.5600,-62.4601,0.000,NORMAL,1,ROUTE,,,,,T2_REVERSE_TO_FORWARD
374.6306,-27.7741,-62.5442,0.000,NORMAL,1,ROUTE,,,,,T2_REVERSE_TO_FORWARD
374.8607,-27.9883,-62.6283,0.000,NORMAL,1,ROUTE,,,,,T2_REVERSE_TO_FORWARD
375.1440,-28.2689,-62.6671,0.000,NORMAL,1,ROUTE,,,,,T2_REVERSE_TO_FORWARD
375.4272,-28.5495,-62.7059,0.000,NORMAL,1,ROUTE,,,,,T2_REVERSE_TO_FORWARD
375.7105,-28.8301,-62.7447,0.000,NORMAL,1,ROUTE,,,,,T2_REVERSE_TO_FORWARD
375.9392,-29.0579,-62.7642,0.000,NORMAL,1,ROUTE,,,,,T2_REVERSE_TO_FORWARD
376.1678,-29.2858,-62.7837,0.000,NORMAL,1,ROUTE,,,,,T2_REVERSE_TO_FORWARD
376.3965,-29.5136,-62.8033,0.000,NORMAL,1,ROUTE,,,,,T2_REVERSE_TO_FORWARD
376.6251,-29.7414,-62.8228,0.000,NORMAL,1,ROUTE,,,,,T2_REVERSE_TO_FORWARD
376.9189,-30.0352,-62.8235,0.000,NORMAL,1,ROUTE,,,,,T2_REVERSE_TO_FORWARD
377.2127,-30.3289,-62.8242,0.000,NORMAL,1,ROUTE,,,,,T2_REVERSE_TO_FORWARD
377.5064,-30.6227,-62.8249,0.000,NORMAL,1,ROUTE,,,,,T2_REVERSE_TO_FORWARD
377.7937,-30.9041,-62.7672,0.000,NORMAL,1,ROUTE,,,,,T2_REVERSE_TO_FORWARD
378.0810,-31.1855,-62.7094,0.000,NORMAL,1,ROUTE,,,,,T2_REVERSE_TO_FORWARD
378.3682,-31.4669,-62.6517,0.000,NORMAL,1,ROUTE,,,,,T2_REVERSE_TO_FORWARD
378.6381,-31.7296,-62.5899,0.000,NORMAL,1,ROUTE,,,,,T2_REVERSE_TO_FORWARD
378.9080,-31.9923,-62.5282,0.000,NORMAL,1,ROUTE,,,,,T2_REVERSE_TO_FORWARD
379.1778,-32.2550,-62.4664,0.000,NORMAL,1,ROUTE,,,,,T2_REVERSE_TO_FORWARD
379.4502,-32.5143,-62.3832,0.000,NORMAL,1,ROUTE,,,,,T2_REVERSE_TO_FORWARD
379.7225,-32.7737,-62.3001,0.000,NORMAL,1,ROUTE,,,,,T2_REVERSE_TO_FORWARD
379.9948,-33.0330,-62.2169,0.000,NORMAL,1,ROUTE,,,,,T2_REVERSE_TO_FORWARD
380.2370,-33.2623,-62.1391,0.000,NORMAL,1,ROUTE,,,,,T2_REVERSE_TO_FORWARD
380.4791,-33.4915,-62.0612,0.000,NORMAL,1,ROUTE,,,,,T2_REVERSE_TO_FORWARD
380.7212,-33.7208,-61.9834,0.000,NORMAL,1,ROUTE,,,,,T2_REVERSE_TO_FORWARD
380.9633,-33.9500,-61.9055,0.000,NORMAL,1,ROUTE,,,,,T2_REVERSE_TO_FORWARD
381.1887,-34.1627,-61.8308,0.000,NORMAL,1,ROUTE,,,,,T2_REVERSE_TO_FORWARD
381.4142,-34.3754,-61.7560,0.000,NORMAL,1,ROUTE,,,,,T2_REVERSE_TO_FORWARD
381.6396,-34.5881,-61.6812,0.000,NORMAL,1,ROUTE,,,,,T2_REVERSE_TO_FORWARD
381.8651,-34.8008,-61.6065,0.000,NORMAL,1,ROUTE,,,,,T2_REVERSE_TO_FORWARD
382.0668,-34.9881,-61.5316,0.000,NORMAL,1,ROUTE,,,,,T2_REVERSE_TO_FORWARD
382.2686,-35.1755,-61.4567,0.000,NORMAL,1,ROUTE,,,,,T2_REVERSE_TO_FORWARD
382.4703,-35.3628,-61.3818,0.000,NORMAL,1,ROUTE,,,,,T2_REVERSE_TO_FORWARD
382.6881,-35.5566,-61.2825,0.000,NORMAL,1,ROUTE,,,,,T2_REVERSE_TO_FORWARD
382.9058,-35.7503,-61.1832,0.000,NORMAL,1,ROUTE,,,,,T2_REVERSE_TO_FORWARD
383.1235,-35.9441,-61.0839,0.000,NORMAL,1,ROUTE,,,,,T2_REVERSE_TO_FORWARD
383.3881,-36.1803,-60.9648,0.000,NORMAL,1,ROUTE,,,,,T2_REVERSE_TO_FORWARD
383.6526,-36.4165,-60.8457,0.000,NORMAL,1,ROUTE,,,,,T2_REVERSE_TO_FORWARD
383.9171,-36.6527,-60.7266,0.000,NORMAL,1,ROUTE,,,,,T2_REVERSE_TO_FORWARD
384.1989,-36.9223,-60.6447,0.000,NORMAL,1,ROUTE,,,,,T2_REVERSE_TO_FORWARD
384.4807,-37.1919,-60.5627,0.000,NORMAL,1,ROUTE,,,,,T2_REVERSE_TO_FORWARD
384.7624,-37.4615,-60.4808,0.000,NORMAL,1,ROUTE,,,,,T2_REVERSE_TO_FORWARD
385.0442,-37.7311,-60.3989,0.000,NORMAL,1,ROUTE,,,,,T2_REVERSE_TO_FORWARD
385.2981,-37.9631,-60.2959,0.000,NORMAL,1,ROUTE,,,,,T2_REVERSE_TO_FORWARD
385.5519,-38.1951,-60.1928,0.000,NORMAL,1,ROUTE,,,,,T2_REVERSE_TO_FORWARD
385.8058,-38.4271,-60.0898,0.000,NORMAL,1,ROUTE,,,,,T2_REVERSE_TO_FORWARD
386.0384,-38.6432,-60.0038,0.000,NORMAL,1,ROUTE,,,,,T2_REVERSE_TO_FORWARD
386.2710,-38.8594,-59.9178,0.000,NORMAL,1,ROUTE,,,,,T2_REVERSE_TO_FORWARD
386.5036,-39.0755,-59.8318,0.000,NORMAL,1,ROUTE,,,,,T2_REVERSE_TO_FORWARD
386.7362,-39.2916,-59.7458,0.000,NORMAL,1,ROUTE,,,,,T2_REVERSE_TO_FORWARD
387.0336,-39.5474,-59.5940,0.000,NORMAL,1,ROUTE,,,,,T2_REVERSE_TO_FORWARD
387.3311,-39.8032,-59.4422,0.000,NORMAL,1,ROUTE,,,,,T2_REVERSE_TO_FORWARD
387.6165,-40.0614,-59.3207,0.000,NORMAL,1,ROUTE,,,,,T2_REVERSE_TO_FORWARD
387.9018,-40.3197,-59.1993,0.000,NORMAL,1,ROUTE,,,,,T2_REVERSE_TO_FORWARD
388.1872,-40.5779,-59.0778,0.000,NORMAL,1,ROUTE,,,,,T2_REVERSE_TO_FORWARD
388.4384,-40.8098,-58.9813,0.000,NORMAL,1,ROUTE,,,,,T2_REVERSE_TO_FORWARD
388.6896,-41.0418,-58.8848,0.000,NORMAL,1,ROUTE,,,,,T2_REVERSE_TO_FORWARD
388.9408,-41.2737,-58.7883,0.000,NORMAL,1,ROUTE,,,,,T2_REVERSE_TO_FORWARD
389.1920,-41.5056,-58.6918,0.000,NORMAL,1,ROUTE,,,,,T2_REVERSE_TO_FORWARD
389.4524,-41.7464,-58.5928,0.000,NORMAL,1,ROUTE,,,,,T2_REVERSE_TO_FORWARD
389.7127,-41.9872,-58.4937,0.000,NORMAL,1,ROUTE,,,,,T2_REVERSE_TO_FORWARD
389.9731,-42.2280,-58.3947,0.000,NORMAL,1,ROUTE,,,,,T2_REVERSE_TO_FORWARD
390.2335,-42.4688,-58.2957,0.000,NORMAL,1,ROUTE,,,,,T2_REVERSE_TO_FORWARD
390.5162,-42.7236,-58.1731,0.000,NORMAL,1,ROUTE,,,,,T2_REVERSE_TO_FORWARD
390.7989,-42.9783,-58.0505,0.000,NORMAL,1,ROUTE,,,,,T2_REVERSE_TO_FORWARD
391.0817,-43.2331,-57.9279,0.000,NORMAL,1,ROUTE,,,,,T2_REVERSE_TO_FORWARD
391.3515,-43.4631,-57.7867,0.000,NORMAL,1,ROUTE,,,,,T2_REVERSE_TO_FORWARD
391.6214,-43.6931,-57.6455,0.000,NORMAL,1,ROUTE,,,,,T2_REVERSE_TO_FORWARD
391.8912,-43.9230,-57.5044,0.000,NORMAL,1,ROUTE,,,,,T2_REVERSE_TO_FORWARD
392.1611,-44.1530,-57.3632,0.000,NORMAL,1,ROUTE,,,,,T2_REVERSE_TO_FORWARD
392.4310,-44.3830,-57.2220,0.000,NORMAL,1,ROUTE,,,,,T2_REVERSE_TO_FORWARD
392.6943,-44.5999,-57.0727,0.000,NORMAL,1,ROUTE,,,,,T2_REVERSE_TO_FORWARD
392.9575,-44.8167,-56.9234,0.000,NORMAL,1,ROUTE,,,,,T2_REVERSE_TO_FORWARD
393.2208,-45.0336,-56.7741,0.000,NORMAL,1,ROUTE,,,,,T2_REVERSE_TO_FORWARD
393.4841,-45.2505,-56.6248,0.000,NORMAL,1,ROUTE,,,,,T2_REVERSE_TO_FORWARD
393.7469,-45.3990,-56.4081,0.000,NORMAL,1,ROUTE,,,,,T2_REVERSE_TO_FORWARD
394.0096,-45.5475,-56.1913,0.000,NORMAL,1,ROUTE,,,,,T2_REVERSE_TO_FORWARD
394.2723,-45.6960,-55.9746,0.000,NORMAL,1,ROUTE,,,,,T2_REVERSE_TO_FORWARD
394.5350,-45.8445,-55.7579,0.000,NORMAL,1,ROUTE,,,,,T2_REVERSE_TO_FORWARD
394.8234,-45.9264,-55.4814,0.000,NORMAL,1,ROUTE,,,,,T2_REVERSE_TO_FORWARD
395.1118,-46.0084,-55.2049,0.000,NORMAL,1,ROUTE,,,,,T2_REVERSE_TO_FORWARD
395.4002,-46.0903,-54.9284,0.000,NORMAL,1,ROUTE,,,,,T2_REVERSE_TO_FORWARD
395.6118,-46.1221,-54.7191,0.000,NORMAL,1,ROUTE,,,,,T2_REVERSE_TO_FORWARD
395.8235,-46.1540,-54.5099,0.000,NORMAL,1,ROUTE,,,,,T2_REVERSE_TO_FORWARD
396.0352,-46.1858,-54.3006,0.000,NORMAL,1,ROUTE,,,,,T2_REVERSE_TO_FORWARD
396.3323,-46.2280,-54.0065,0.000,NORMAL,1,ROUTE,,,,,T2_REVERSE_TO_FORWARD
396.6295,-46.2702,-53.7123,0.000,NORMAL,1,ROUTE,,,,,T2_REVERSE_TO_FORWARD
396.9266,-46.3124,-53.4182,0.000,NORMAL,1,ROUTE,,,,,T2_REVERSE_TO_FORWARD
397.1700,-46.3063,-53.1749,0.000,NORMAL,1,ROUTE,,,,,T2_REVERSE_TO_FORWARD
397.4134,-46.3001,-52.9316,0.000,NORMAL,1,ROUTE,,,,,T2_REVERSE_TO_FORWARD
397.6568,-46.2940,-52.6883,0.000,NORMAL,1,ROUTE,,,,,T2_REVERSE_TO_FORWARD
397.9434,-46.2524,-52.4046,0.000,NORMAL,1,ROUTE,,,,,T2_REVERSE_TO_FORWARD
398.2301,-46.2109,-52.1210,0.000,NORMAL,1,ROUTE,,,,,T2_REVERSE_TO_FORWARD
398.5168,-46.1694,-51.8374,0.000,NORMAL,1,ROUTE,,,,,T2_REVERSE_TO_FORWARD
398.8035,-46.1278,-51.5537,0.000,NORMAL,1,ROUTE,,,,,T2_REVERSE_TO_FORWARD
399.0513,-46.0494,-51.3186,0.000,NORMAL,1,ROUTE,,,,,T2_REVERSE_TO_FORWARD
399.2992,-45.9710,-51.0834,0.000,NORMAL,1,ROUTE,,,,,T2_REVERSE_TO_FORWARD
399.5471,-45.8925,-50.8483,0.000,NORMAL,1,ROUTE,,,,,T2_REVERSE_TO_FORWARD
399.7950,-45.8141,-50.6131,0.000,NORMAL,1,ROUTE,,,,,T2_REVERSE_TO_FORWARD
400.0428,-45.7357,-50.3780,0.000,NORMAL,1,ROUTE,,,,,T2_REVERSE_TO_FORWARD
400.2627,-45.6705,-50.1680,0.000,NORMAL,1,ROUTE,,,,,T2_REVERSE_TO_FORWARD
400.4826,-45.6053,-49.9580,0.000,NORMAL,1,ROUTE,,,,,T2_REVERSE_TO_FORWARD
400.7025,-45.5401,-49.7480,0.000,NORMAL,1,ROUTE,,,,,T2_REVERSE_TO_FORWARD
400.9624,-45.4447,-49.5063,0.000,NORMAL,1,ROUTE,,,,,T2_REVERSE_TO_FORWARD
401.2223,-45.3492,-49.2645,0.000,NORMAL,1,ROUTE,,,,,T2_REVERSE_TO_FORWARD
401.4822,-45.2538,-49.0228,0.000,NORMAL,1,ROUTE,,,,,T2_REVERSE_TO_FORWARD
401.7517,-45.1496,-48.7743,0.000,NORMAL,1,ROUTE,,,,,T2_REVERSE_TO_FORWARD
402.0212,-45.0454,-48.5257,0.000,NORMAL,1,ROUTE,,,,,T2_REVERSE_TO_FORWARD
402.2906,-44.9412,-48.2772,0.000,NORMAL,1,ROUTE,,,,,T2_REVERSE_TO_FORWARD
402.5720,-44.8300,-48.0188,0.000,NORMAL,1,ROUTE,,,,,T2_REVERSE_TO_FORWARD
402.8533,-44.7188,-47.7604,0.000,NORMAL,1,ROUTE,,,,,T2_REVERSE_TO_FORWARD
403.1346,-44.6076,-47.5020,0.000,NORMAL,1,ROUTE,,,,,T2_REVERSE_TO_FORWARD
403.3840,-44.5134,-47.2711,0.000,NORMAL,1,ROUTE,,,,,T2_REVERSE_TO_FORWARD
403.6334,-44.4192,-47.0401,0.000,NORMAL,1,ROUTE,,,,,T2_REVERSE_TO_FORWARD
403.8828,-44.3250,-46.8092,0.000,NORMAL,1,ROUTE,,,,,T2_REVERSE_TO_FORWARD
404.1322,-44.2308,-46.5783,0.000,NORMAL,1,ROUTE,,,,,T2_REVERSE_TO_FORWARD
404.3889,-44.1477,-46.3354,0.000,NORMAL,1,ROUTE,,,,,T2_REVERSE_TO_FORWARD
404.6456,-44.0646,-46.0926,0.000,NORMAL,1,ROUTE,,,,,T2_REVERSE_TO_FORWARD
404.9023,-43.9815,-45.8497,0.000,NORMAL,1,ROUTE,,,,,T2_REVERSE_TO_FORWARD
405.1590,-43.8984,-45.6068,0.000,NORMAL,1,ROUTE,,,,,T2_REVERSE_TO_FORWARD
405.4427,-43.8017,-45.3401,0.000,NORMAL,1,ROUTE,,,,,T2_REVERSE_TO_FORWARD
405.7264,-43.7049,-45.0734,0.000,NORMAL,1,ROUTE,,,,,T2_REVERSE_TO_FORWARD
406.0101,-43.6082,-44.8067,0.000,NORMAL,1,ROUTE,,,,,T2_REVERSE_TO_FORWARD
406.2715,-43.4956,-44.5708,0.000,NORMAL,1,ROUTE,,,,,T2_REVERSE_TO_FORWARD
406.5328,-43.3831,-44.3349,0.000,NORMAL,1,ROUTE,,,,,T2_REVERSE_TO_FORWARD
406.7942,-43.2705,-44.0990,0.000,NORMAL,1,ROUTE,,,,,T2_REVERSE_TO_FORWARD
407.0434,-43.1740,-43.8692,0.000,NORMAL,1,ROUTE,,,,,T2_REVERSE_TO_FORWARD
407.2926,-43.0776,-43.6395,0.000,NORMAL,1,ROUTE,,,,,T2_REVERSE_TO_FORWARD
407.5418,-42.9811,-43.4098,0.000,NORMAL,1,ROUTE,,,,,T2_REVERSE_TO_FORWARD
407.7909,-42.8846,-43.1800,0.000,NORMAL,1,ROUTE,,,,,T2_REVERSE_TO_FORWARD
408.0332,-42.7909,-42.9566,0.000,NORMAL,1,ROUTE,,,,,T2_REVERSE_TO_FORWARD
408.2755,-42.6973,-42.7331,0.000,NORMAL,1,ROUTE,,,,,T2_REVERSE_TO_FORWARD
408.5178,-42.6036,-42.5097,0.000,NORMAL,1,ROUTE,,,,,T2_REVERSE_TO_FORWARD
408.7825,-42.5009,-42.2657,0.000,NORMAL,1,ROUTE,,,,,T2_REVERSE_TO_FORWARD
409.0471,-42.3983,-42.0218,0.000,NORMAL,1,ROUTE,,,,,T2_REVERSE_TO_FORWARD
409.3118,-42.2956,-41.7778,0.000,NORMAL,1,ROUTE,,,,,T2_REVERSE_TO_FORWARD
409.5634,-42.2036,-41.5437,0.000,NORMAL,1,ROUTE,,,,,T2_REVERSE_TO_FORWARD
409.8150,-42.1116,-41.3095,0.000,NORMAL,1,ROUTE,,,,,T2_REVERSE_TO_FORWARD
410.0665,-42.0196,-41.0754,0.000,NORMAL,1,ROUTE,,,,,T2_REVERSE_TO_FORWARD
410.3488,-41.9396,-40.8047,0.000,NORMAL,1,ROUTE,,,,,T2_REVERSE_TO_FORWARD
410.6311,-41.8595,-40.5340,0.000,NORMAL,1,ROUTE,,,,,T2_REVERSE_TO_FORWARD
410.9134,-41.7795,-40.2632,0.000,NORMAL,1,ROUTE,,,,,T2_REVERSE_TO_FORWARD
411.1957,-41.6995,-39.9925,0.000,TRAFFIC,1,TRAFFIC,TRAFFIC_3_RED_STOP,STOP_IF_CONDITION,TRAFFIC_LIGHT_RED,,T2_REVERSE_TO_FORWARD
411.4694,-41.5851,-39.7439,0.000,TRAFFIC,1,TRAFFIC,,,TRAFFIC_LIGHT_RED,,T2_REVERSE_TO_FORWARD
411.7430,-41.4708,-39.4953,0.000,TRAFFIC,1,TRAFFIC,,,TRAFFIC_LIGHT_RED,,T2_REVERSE_TO_FORWARD
412.0167,-41.3564,-39.2467,0.000,TRAFFIC,1,TRAFFIC,,,TRAFFIC_LIGHT_RED,,T2_REVERSE_TO_FORWARD
412.2892,-41.2439,-38.9984,0.000,TRAFFIC,1,TRAFFIC,,,TRAFFIC_LIGHT_RED,,T2_REVERSE_TO_FORWARD
412.5618,-41.1313,-38.7502,0.000,TRAFFIC,1,TRAFFIC,,,TRAFFIC_LIGHT_RED,,T2_REVERSE_TO_FORWARD
412.8344,-41.0188,-38.5019,0.000,TRAFFIC,1,TRAFFIC,,,TRAFFIC_LIGHT_RED,,T2_REVERSE_TO_FORWARD
413.0633,-40.9282,-38.2916,0.000,TRAFFIC,1,TRAFFIC,,,TRAFFIC_LIGHT_RED,,T2_REVERSE_TO_FORWARD
413.2923,-40.8376,-38.0814,0.000,TRAFFIC,1,TRAFFIC,,,TRAFFIC_LIGHT_RED,,T2_REVERSE_TO_FORWARD
413.5212,-40.7471,-37.8712,0.000,TRAFFIC,1,TRAFFIC,,,TRAFFIC_LIGHT_RED,,T2_REVERSE_TO_FORWARD
413.7501,-40.6565,-37.6609,0.000,TRAFFIC,1,TRAFFIC,,,TRAFFIC_LIGHT_RED,,T2_REVERSE_TO_FORWARD
414.0023,-40.5449,-37.4348,0.000,TRAFFIC,1,TRAFFIC,,,TRAFFIC_LIGHT_RED,,T2_REVERSE_TO_FORWARD
414.2544,-40.4332,-37.2088,0.000,TRAFFIC,1,TRAFFIC,,,TRAFFIC_LIGHT_RED,,T2_REVERSE_TO_FORWARD
414.5065,-40.3216,-36.9827,0.000,TRAFFIC,1,TRAFFIC,,,TRAFFIC_LIGHT_RED,,T2_REVERSE_TO_FORWARD
414.7799,-40.2327,-36.7242,0.000,TRAFFIC,1,TRAFFIC,,,TRAFFIC_LIGHT_RED,,T2_REVERSE_TO_FORWARD
415.0532,-40.1437,-36.4657,0.000,TRAFFIC,1,TRAFFIC,,,TRAFFIC_LIGHT_RED,,T2_REVERSE_TO_FORWARD
415.3265,-40.0548,-36.2073,0.000,TRAFFIC,1,TRAFFIC,,,TRAFFIC_LIGHT_RED,,T2_REVERSE_TO_FORWARD
415.5999,-39.9659,-35.9488,0.000,TRAFFIC,1,TRAFFIC,,,TRAFFIC_LIGHT_RED,,T2_REVERSE_TO_FORWARD
415.8805,-39.8581,-35.6897,0.000,TRAFFIC,1,TRAFFIC,,,TRAFFIC_LIGHT_RED,,T2_REVERSE_TO_FORWARD
416.1611,-39.7503,-35.4306,0.000,TRAFFIC,1,TRAFFIC,,,TRAFFIC_LIGHT_RED,,T2_REVERSE_TO_FORWARD
416.4418,-39.6425,-35.1715,0.000,TRAFFIC,1,TRAFFIC,,,TRAFFIC_LIGHT_RED,,T2_REVERSE_TO_FORWARD
416.7224,-39.5347,-34.9124,0.000,TRAFFIC,1,TRAFFIC,,,TRAFFIC_LIGHT_RED,,T2_REVERSE_TO_FORWARD
417.0129,-39.4173,-34.6467,0.000,TRAFFIC,1,TRAFFIC,TRAFFIC_3_RED_STOP_END,,TRAFFIC_LIGHT_RED,,T2_REVERSE_TO_FORWARD
417.3034,-39.2999,-34.3810,0.000,NORMAL,1,ROUTE,,,,,T2_REVERSE_TO_FORWARD
417.5939,-39.1825,-34.1153,0.000,NORMAL,1,ROUTE,,,,,T2_REVERSE_TO_FORWARD
417.8401,-39.0692,-33.8966,0.000,NORMAL,1,ROUTE,,,,,T2_REVERSE_TO_FORWARD
418.0864,-38.9559,-33.6780,0.000,NORMAL,1,ROUTE,,,,,T2_REVERSE_TO_FORWARD
418.3326,-38.8426,-33.4594,0.000,NORMAL,1,ROUTE,,,,,T2_REVERSE_TO_FORWARD
418.5789,-38.7293,-33.2407,0.000,NORMAL,1,ROUTE,,,,,T2_REVERSE_TO_FORWARD
418.8223,-38.6528,-33.0097,0.000,NORMAL,1,ROUTE,,,,,T2_REVERSE_TO_FORWARD
419.0656,-38.5764,-32.7786,0.000,NORMAL,1,ROUTE,,,,,T2_REVERSE_TO_FORWARD
419.3090,-38.4999,-32.5476,0.000,NORMAL,1,ROUTE,,,,,T2_REVERSE_TO_FORWARD
419.5523,-38.4234,-32.3166,0.000,NORMAL,1,ROUTE,,,,,T2_REVERSE_TO_FORWARD
419.7801,-38.4188,-32.0888,0.000,NORMAL,1,ROUTE,,,,,T2_REVERSE_TO_FORWARD
420.0079,-38.4141,-31.8611,0.000,NORMAL,1,ROUTE,,,,,T2_REVERSE_TO_FORWARD
420.2358,-38.4095,-31.6333,0.000,NORMAL,1,ROUTE,,,,,T2_REVERSE_TO_FORWARD
420.5003,-38.3683,-31.3720,0.000,NORMAL,1,ROUTE,,,,,T2_REVERSE_TO_FORWARD
420.7648,-38.3270,-31.1107,0.000,NORMAL,1,ROUTE,,,,,T2_REVERSE_TO_FORWARD
421.0293,-38.2858,-30.8495,0.000,NORMAL,1,ROUTE,,,,,T2_REVERSE_TO_FORWARD
421.2938,-38.2445,-30.5882,0.000,NORMAL,1,ROUTE,,,,,T2_REVERSE_TO_FORWARD
421.5678,-38.2539,-30.3144,0.000,NORMAL,1,ROUTE,,,,,T2_REVERSE_TO_FORWARD
421.8418,-38.2633,-30.0405,0.000,NORMAL,1,ROUTE,,,,,T2_REVERSE_TO_FORWARD
422.1158,-38.2727,-29.7667,0.000,NORMAL,1,ROUTE,,,,,T2_REVERSE_TO_FORWARD
422.3769,-38.2552,-29.5062,0.000,NORMAL,1,ROUTE,,,,,T2_REVERSE_TO_FORWARD
422.6380,-38.2378,-29.2457,0.000,NORMAL,1,ROUTE,,,,,T2_REVERSE_TO_FORWARD
422.8990,-38.2203,-28.9852,0.000,NORMAL,1,ROUTE,,,,,T2_REVERSE_TO_FORWARD
423.1601,-38.2028,-28.7247,0.000,NORMAL,1,ROUTE,,,,,T2_REVERSE_TO_FORWARD
423.4251,-38.2520,-28.4643,0.000,NORMAL,1,ROUTE,,,,,T2_REVERSE_TO_FORWARD
423.6902,-38.3013,-28.2039,0.000,NORMAL,1,ROUTE,,,,,T2_REVERSE_TO_FORWARD
423.9552,-38.3505,-27.9435,0.000,NORMAL,1,ROUTE,,,,,T2_REVERSE_TO_FORWARD
424.2012,-38.3952,-27.7015,0.000,NORMAL,1,ROUTE,,,,,T2_REVERSE_TO_FORWARD
424.4473,-38.4398,-27.4595,0.000,NORMAL,1,ROUTE,,,,,T2_REVERSE_TO_FORWARD
424.6934,-38.4844,-27.2175,0.000,NORMAL,1,ROUTE,,,,,T2_REVERSE_TO_FORWARD
424.9395,-38.5291,-26.9755,0.000,NORMAL,1,ROUTE,,,,,T2_REVERSE_TO_FORWARD
425.1752,-38.5629,-26.7422,0.000,NORMAL,1,ROUTE,,,,,T2_REVERSE_TO_FORWARD
425.4109,-38.5966,-26.5089,0.000,NORMAL,1,ROUTE,,,,,T2_REVERSE_TO_FORWARD
425.6466,-38.6304,-26.2757,0.000,NORMAL,1,ROUTE,,,,,T2_REVERSE_TO_FORWARD
425.8823,-38.6642,-26.0424,0.000,NORMAL,1,ROUTE,,,,,T2_REVERSE_TO_FORWARD
426.1739,-38.7109,-25.7546,0.000,NORMAL,1,ROUTE,,,,,T2_REVERSE_TO_FORWARD
426.4655,-38.7577,-25.4667,0.000,NORMAL,1,ROUTE,,,,,T2_REVERSE_TO_FORWARD
426.7571,-38.8044,-25.1789,0.000,NORMAL,1,ROUTE,,,,,T2_REVERSE_TO_FORWARD
427.0142,-38.8546,-24.9268,0.000,NORMAL,1,ROUTE,,,,,T2_REVERSE_TO_FORWARD
427.2712,-38.9047,-24.6747,0.000,NORMAL,1,ROUTE,,,,,T2_REVERSE_TO_FORWARD
427.5283,-38.9549,-24.4226,0.000,NORMAL,1,ROUTE,,,,,T2_REVERSE_TO_FORWARD
427.7828,-39.0260,-24.1782,0.000,NORMAL,1,ROUTE,,,,,T2_REVERSE_TO_FORWARD
428.0374,-39.0970,-23.9337,0.000,NORMAL,1,ROUTE,,,,,T2_REVERSE_TO_FORWARD
428.2919,-39.1681,-23.6893,0.000,NORMAL,1,ROUTE,,,,,T2_REVERSE_TO_FORWARD
428.5900,-39.3307,-23.4395,0.000,NORMAL,1,ROUTE,,,,,T2_REVERSE_TO_FORWARD
428.8880,-39.4933,-23.1898,0.000,NORMAL,1,ROUTE,,,,,T2_REVERSE_TO_FORWARD
429.1860,-39.6559,-22.9400,0.000,NORMAL,1,ROUTE,,,,,T2_REVERSE_TO_FORWARD
429.4650,-39.8565,-22.7462,0.000,NORMAL,1,ROUTE,,,,,T2_REVERSE_TO_FORWARD
429.7439,-40.0572,-22.5524,0.000,NORMAL,1,ROUTE,,,,,T2_REVERSE_TO_FORWARD
430.0229,-40.2578,-22.3586,0.000,NORMAL,1,ROUTE,,,,,T2_REVERSE_TO_FORWARD
430.2642,-40.4717,-22.2467,0.000,NORMAL,1,ROUTE,,,,,T2_REVERSE_TO_FORWARD
430.5056,-40.6855,-22.1348,0.000,NORMAL,1,ROUTE,,,,,T2_REVERSE_TO_FORWARD
430.7470,-40.8994,-22.0228,0.000,NORMAL,1,ROUTE,,,,,T2_REVERSE_TO_FORWARD
430.9884,-41.1132,-21.9109,0.000,NORMAL,1,ROUTE,,,,,T2_REVERSE_TO_FORWARD
431.2297,-41.3271,-21.7990,0.000,NORMAL,1,ROUTE,,,,,T2_REVERSE_TO_FORWARD
431.5017,-41.5671,-21.6709,0.000,NORMAL,1,ROUTE,,,,,T2_REVERSE_TO_FORWARD
431.7738,-41.8070,-21.5429,0.000,NORMAL,1,ROUTE,,,,,T2_REVERSE_TO_FORWARD
432.0458,-42.0470,-21.4148,0.000,NORMAL,1,ROUTE,,,,,T2_REVERSE_TO_FORWARD
432.3397,-42.3140,-21.2919,0.000,NORMAL,1,ROUTE,,,,,T2_REVERSE_TO_FORWARD
432.6336,-42.5811,-21.1691,0.000,NORMAL,1,ROUTE,,,,,T2_REVERSE_TO_FORWARD
432.9276,-42.8481,-21.0462,0.000,NORMAL,1,ROUTE,,,,,T2_REVERSE_TO_FORWARD
433.1675,-43.0633,-20.9402,0.000,NORMAL,1,ROUTE,,,,,T2_REVERSE_TO_FORWARD
433.4074,-43.2786,-20.8342,0.000,NORMAL,1,ROUTE,,,,,T2_REVERSE_TO_FORWARD
433.6474,-43.4938,-20.7281,0.000,NORMAL,1,ROUTE,,,,,T2_REVERSE_TO_FORWARD
433.8873,-43.7090,-20.6221,0.000,NORMAL,1,ROUTE,,,,,T2_REVERSE_TO_FORWARD
434.1132,-43.9183,-20.5369,0.000,NORMAL,1,ROUTE,,,,,T2_REVERSE_TO_FORWARD
434.3392,-44.1276,-20.4518,0.000,NORMAL,1,ROUTE,,,,,T2_REVERSE_TO_FORWARD
434.5652,-44.3369,-20.3666,0.000,NORMAL,1,ROUTE,,,,,T2_REVERSE_TO_FORWARD
434.7911,-44.5462,-20.2814,0.000,NORMAL,1,ROUTE,,,,,T2_REVERSE_TO_FORWARD
435.0212,-44.7599,-20.1961,0.000,NORMAL,1,ROUTE,,,,,T2_REVERSE_TO_FORWARD
435.2513,-44.9736,-20.1108,0.000,NORMAL,1,ROUTE,,,,,T2_REVERSE_TO_FORWARD
435.4813,-45.1872,-20.0256,0.000,NORMAL,1,ROUTE,,,,,T2_REVERSE_TO_FORWARD
435.7114,-45.4009,-19.9403,0.000,NORMAL,1,ROUTE,,,,,T2_REVERSE_TO_FORWARD
435.9398,-45.6085,-19.8450,0.000,NORMAL,1,ROUTE,,,,,T2_REVERSE_TO_FORWARD
436.1682,-45.8161,-19.7497,0.000,NORMAL,1,ROUTE,,,,,T2_REVERSE_TO_FORWARD
436.3966,-46.0236,-19.6544,0.000,NORMAL,1,ROUTE,,,,,T2_REVERSE_TO_FORWARD
436.6250,-46.2312,-19.5591,0.000,NORMAL,1,ROUTE,,,,,T2_REVERSE_TO_FORWARD
436.8859,-46.4684,-19.4505,0.000,NORMAL,1,ROUTE,,,,,T2_REVERSE_TO_FORWARD
437.1468,-46.7056,-19.3420,0.000,NORMAL,1,ROUTE,,,,,T2_REVERSE_TO_FORWARD
437.4076,-46.9428,-19.2334,0.000,NORMAL,1,ROUTE,,,,,T2_REVERSE_TO_FORWARD
437.6685,-47.1800,-19.1248,0.000,NORMAL,1,ROUTE,,,,,T2_REVERSE_TO_FORWARD
437.9659,-47.4583,-19.0198,0.000,NORMAL,1,ROUTE,,,,,T2_REVERSE_TO_FORWARD
438.2634,-47.7365,-18.9147,0.000,NORMAL,1,ROUTE,,,,,T2_REVERSE_TO_FORWARD
438.5608,-48.0148,-18.8097,0.000,NORMAL,1,ROUTE,,,,,T2_REVERSE_TO_FORWARD
438.8043,-48.2435,-18.7261,0.000,NORMAL,1,ROUTE,,,,,T2_REVERSE_TO_FORWARD
439.0477,-48.4721,-18.6424,0.000,NORMAL,1,ROUTE,,,,,T2_REVERSE_TO_FORWARD
439.2912,-48.7007,-18.5587,0.000,NORMAL,1,ROUTE,,,,,T2_REVERSE_TO_FORWARD
439.5347,-48.9294,-18.4751,0.000,NORMAL,1,ROUTE,,,,,T2_REVERSE_TO_FORWARD
439.8169,-49.1820,-18.3492,0.000,NORMAL,1,ROUTE,,,,,T2_REVERSE_TO_FORWARD
440.0991,-49.4346,-18.2234,0.000,NORMAL,1,ROUTE,,,,,T2_REVERSE_TO_FORWARD
440.3813,-49.6872,-18.0975,0.000,NORMAL,1,ROUTE,,,,,T2_REVERSE_TO_FORWARD
440.6533,-49.9396,-17.9963,0.000,NORMAL,1,ROUTE,,,,,T2_REVERSE_TO_FORWARD
440.9252,-50.1920,-17.8951,0.000,NORMAL,1,ROUTE,,,,,T2_REVERSE_TO_FORWARD
441.1972,-50.4445,-17.7939,0.000,NORMAL,1,ROUTE,,,,,T2_REVERSE_TO_FORWARD
441.4692,-50.6969,-17.6927,0.000,NORMAL,1,ROUTE,,,,,T2_REVERSE_TO_FORWARD
441.7416,-50.9490,-17.5894,0.000,NORMAL,1,ROUTE,,,,,T2_REVERSE_TO_FORWARD
442.0140,-51.2010,-17.4860,0.000,NORMAL,1,ROUTE,,,,,T2_REVERSE_TO_FORWARD
442.2864,-51.4531,-17.3827,0.000,NORMAL,1,ROUTE,,,,,T2_REVERSE_TO_FORWARD
442.5653,-51.7065,-17.2663,0.000,NORMAL,1,ROUTE,,,,,T2_REVERSE_TO_FORWARD
442.8441,-51.9599,-17.1499,0.000,NORMAL,1,ROUTE,,,,,T2_REVERSE_TO_FORWARD
443.1230,-52.2133,-17.0335,0.000,NORMAL,1,ROUTE,,,,,T2_REVERSE_TO_FORWARD
443.4187,-52.4916,-16.9337,0.000,NORMAL,1,ROUTE,,,,,T2_REVERSE_TO_FORWARD
443.7144,-52.7700,-16.8338,0.000,NORMAL,1,ROUTE,,,,,T2_REVERSE_TO_FORWARD
444.0101,-53.0483,-16.7340,0.000,NORMAL,1,ROUTE,,,,,T2_REVERSE_TO_FORWARD
444.2772,-53.3027,-16.6527,0.000,NORMAL,1,ROUTE,,,,,T2_REVERSE_TO_FORWARD
444.5443,-53.5572,-16.5714,0.000,NORMAL,1,ROUTE,,,,,T2_REVERSE_TO_FORWARD
444.8114,-53.8116,-16.4902,0.000,NORMAL,1,ROUTE,,,,,T2_REVERSE_TO_FORWARD
445.0785,-54.0660,-16.4089,0.000,NORMAL,1,ROUTE,,,,,T2_REVERSE_TO_FORWARD
445.3137,-54.2867,-16.3274,0.000,NORMAL,1,ROUTE,,,,,T2_REVERSE_TO_FORWARD
445.5489,-54.5073,-16.2460,0.000,NORMAL,1,ROUTE,,,,,T2_REVERSE_TO_FORWARD
445.7841,-54.7279,-16.1645,0.000,NORMAL,1,ROUTE,,,,,T2_REVERSE_TO_FORWARD
446.0193,-54.9486,-16.0830,0.000,NORMAL,1,ROUTE,,,,,T2_REVERSE_TO_FORWARD
446.2560,-55.1647,-15.9865,0.000,NORMAL,1,ROUTE,,,,,T2_REVERSE_TO_FORWARD
446.4926,-55.3807,-15.8899,0.000,NORMAL,1,ROUTE,,,,,T2_REVERSE_TO_FORWARD
446.7293,-55.5968,-15.7934,0.000,NORMAL,1,ROUTE,,,,,T2_REVERSE_TO_FORWARD
446.9659,-55.8129,-15.6969,0.000,NORMAL,1,ROUTE,,,,,T2_REVERSE_TO_FORWARD
447.2447,-56.0712,-15.5920,0.000,NORMAL,1,ROUTE,,,,,T2_REVERSE_TO_FORWARD
447.5234,-56.3294,-15.4870,0.000,NORMAL,1,ROUTE,,,,,T2_REVERSE_TO_FORWARD
447.8022,-56.5876,-15.3820,0.000,NORMAL,1,ROUTE,,,,,T2_REVERSE_TO_FORWARD
448.0810,-56.8459,-15.2771,0.000,NORMAL,1,ROUTE,,,,,T2_REVERSE_TO_FORWARD
448.3767,-57.1185,-15.1624,0.000,NORMAL,1,ROUTE,,,,,T2_REVERSE_TO_FORWARD
448.6725,-57.3911,-15.0477,0.000,NORMAL,1,ROUTE,,,,,T2_REVERSE_TO_FORWARD
448.9682,-57.6637,-14.9330,0.000,NORMAL,1,ROUTE,,,,,T2_REVERSE_TO_FORWARD
449.2663,-57.9400,-14.8211,0.000,NORMAL,1,ROUTE,,,,,T2_REVERSE_TO_FORWARD
449.5643,-58.2162,-14.7093,0.000,NORMAL,1,ROUTE,,,,,T2_REVERSE_TO_FORWARD
449.8624,-58.4925,-14.5974,0.000,NORMAL,1,ROUTE,,,,,T2_REVERSE_TO_FORWARD
450.1513,-58.7575,-14.4822,0.000,NORMAL,1,ROUTE,,,,,T2_REVERSE_TO_FORWARD
450.4403,-59.0224,-14.3669,0.000,NORMAL,1,ROUTE,,,,,T2_REVERSE_TO_FORWARD
450.7292,-59.2874,-14.2517,0.000,NORMAL,1,ROUTE,,,,,T2_REVERSE_TO_FORWARD
450.9649,-59.5108,-14.1768,0.000,NORMAL,1,ROUTE,,,,,T2_REVERSE_TO_FORWARD
451.2005,-59.7343,-14.1019,0.000,NORMAL,1,ROUTE,,,,,T2_REVERSE_TO_FORWARD
451.4362,-59.9577,-14.0270,0.000,NORMAL,1,ROUTE,,,,,T2_REVERSE_TO_FORWARD
451.6719,-60.1812,-13.9521,0.000,NORMAL,1,ROUTE,,,,,T2_REVERSE_TO_FORWARD
451.9468,-60.4434,-13.8696,0.000,NORMAL,1,ROUTE,,,,,T2_REVERSE_TO_FORWARD
452.2217,-60.7057,-13.7871,0.000,NORMAL,1,ROUTE,,,,,T2_REVERSE_TO_FORWARD
452.4966,-60.9679,-13.7046,0.000,NORMAL,1,ROUTE,,,,,T2_REVERSE_TO_FORWARD
452.7348,-61.1894,-13.6169,0.000,NORMAL,1,ROUTE,,,,,T2_REVERSE_TO_FORWARD
452.9730,-61.4108,-13.5292,0.000,NORMAL,1,ROUTE,,,,,T2_REVERSE_TO_FORWARD
453.2111,-61.6322,-13.4415,0.000,NORMAL,1,ROUTE,,,,,T2_REVERSE_TO_FORWARD
453.4493,-61.8537,-13.3538,0.000,NORMAL,1,ROUTE,,,,,T2_REVERSE_TO_FORWARD
453.6918,-62.0823,-13.2730,0.000,NORMAL,1,ROUTE,,,,,T2_REVERSE_TO_FORWARD
453.9343,-62.3110,-13.1923,0.000,NORMAL,1,ROUTE,,,,,T2_REVERSE_TO_FORWARD
454.1767,-62.5396,-13.1115,0.000,NORMAL,1,ROUTE,,,,,T2_REVERSE_TO_FORWARD
454.4192,-62.7682,-13.0308,0.000,NORMAL,1,ROUTE,,,,,T2_REVERSE_TO_FORWARD
454.6588,-62.9904,-12.9411,0.000,NORMAL,1,ROUTE,,,,,T2_REVERSE_TO_FORWARD
454.8984,-63.2126,-12.8515,0.000,NORMAL,1,ROUTE,,,,,T2_REVERSE_TO_FORWARD
455.1380,-63.4348,-12.7618,0.000,NORMAL,1,ROUTE,,,,,T2_REVERSE_TO_FORWARD
455.3677,-63.6531,-12.6901,0.000,NORMAL,1,ROUTE,,,,,T2_REVERSE_TO_FORWARD
455.5975,-63.8713,-12.6184,0.000,NORMAL,1,ROUTE,,,,,T2_REVERSE_TO_FORWARD
455.8272,-64.0896,-12.5467,0.000,NORMAL,1,ROUTE,,,,,T2_REVERSE_TO_FORWARD
456.0569,-64.3078,-12.4750,0.000,NORMAL,1,ROUTE,,,,,T2_REVERSE_TO_FORWARD
456.2931,-64.5315,-12.3991,0.000,NORMAL,1,ROUTE,,,,,T2_REVERSE_TO_FORWARD
456.5294,-64.7552,-12.3233,0.000,NORMAL,1,ROUTE,,,,,T2_REVERSE_TO_FORWARD
456.7656,-64.9790,-12.2475,0.000,NORMAL,1,ROUTE,,,,,T2_REVERSE_TO_FORWARD
457.0018,-65.2027,-12.1716,0.000,NORMAL,1,ROUTE,,,,,T2_REVERSE_TO_FORWARD
457.2363,-65.4235,-12.0925,0.000,NORMAL,1,ROUTE,,,,,T2_REVERSE_TO_FORWARD
457.4709,-65.6442,-12.0135,0.000,NORMAL,1,ROUTE,,,,,T2_REVERSE_TO_FORWARD
457.7054,-65.8650,-11.9345,0.000,NORMAL,1,ROUTE,,,,,T2_REVERSE_TO_FORWARD
457.9399,-66.0858,-11.8554,0.000,NORMAL,1,ROUTE,,,,,T2_REVERSE_TO_FORWARD
458.1841,-66.3131,-11.7658,0.000,NORMAL,1,ROUTE,,,,,T2_REVERSE_TO_FORWARD
458.4284,-66.5403,-11.6762,0.000,NORMAL,1,ROUTE,,,,,T2_REVERSE_TO_FORWARD
458.6727,-66.7675,-11.5867,0.000,NORMAL,1,ROUTE,,,,,T2_REVERSE_TO_FORWARD
458.9169,-66.9948,-11.4971,0.000,NORMAL,1,ROUTE,,,,,T2_REVERSE_TO_FORWARD
459.1661,-67.2261,-11.4044,0.000,NORMAL,1,ROUTE,,,,,T2_REVERSE_TO_FORWARD
459.4154,-67.4575,-11.3117,0.000,NORMAL,1,ROUTE,,,,,T2_REVERSE_TO_FORWARD
459.6646,-67.6889,-11.2190,0.000,NORMAL,1,ROUTE,,,,,T2_REVERSE_TO_FORWARD
459.9138,-67.9202,-11.1263,0.000,NORMAL,1,ROUTE,,,,,T2_REVERSE_TO_FORWARD
460.1841,-68.1726,-11.0298,0.000,NORMAL,1,ROUTE,,,,,T2_REVERSE_TO_FORWARD
460.4543,-68.4250,-10.9333,0.000,NORMAL,1,ROUTE,,,,,T2_REVERSE_TO_FORWARD
460.7245,-68.6774,-10.8367,0.000,NORMAL,1,ROUTE,,,,,T2_REVERSE_TO_FORWARD
460.9948,-68.9298,-10.7402,0.000,NORMAL,1,ROUTE,,,,,T2_REVERSE_TO_FORWARD
461.2639,-69.1797,-10.6404,0.000,NORMAL,1,ROUTE,,,,,T2_REVERSE_TO_FORWARD
461.5330,-69.4297,-10.5405,0.000,NORMAL,1,ROUTE,,,,,T2_REVERSE_TO_FORWARD
461.8021,-69.6796,-10.4407,0.000,NORMAL,1,ROUTE,,,,,T2_REVERSE_TO_FORWARD
462.0712,-69.9295,-10.3409,0.000,NORMAL,1,ROUTE,,,,,T2_REVERSE_TO_FORWARD
462.3418,-70.1866,-10.2566,0.000,NORMAL,1,ROUTE,,,,,T2_REVERSE_TO_FORWARD
462.6123,-70.4436,-10.1723,0.000,NORMAL,1,ROUTE,,,,,T2_REVERSE_TO_FORWARD
462.8828,-70.7006,-10.0880,0.000,NORMAL,1,ROUTE,,,,,T2_REVERSE_TO_FORWARD
463.1533,-70.9577,-10.0037,0.000,NORMAL,1,ROUTE,,,,,T2_REVERSE_TO_FORWARD
463.3919,-71.1826,-9.9241,0.000,NORMAL,1,ROUTE,,,,,T2_REVERSE_TO_FORWARD
463.6305,-71.4075,-9.8445,0.000,NORMAL,1,ROUTE,,,,,T2_REVERSE_TO_FORWARD
463.8690,-71.6324,-9.7650,0.000,NORMAL,1,ROUTE,,,,,T2_REVERSE_TO_FORWARD
464.1076,-71.8573,-9.6854,0.000,NORMAL,1,ROUTE,,,,,T2_REVERSE_TO_FORWARD
464.3490,-72.0874,-9.6124,0.000,NORMAL,1,ROUTE,,,,,T2_REVERSE_TO_FORWARD
464.5904,-72.3175,-9.5393,0.000,NORMAL,1,ROUTE,,,,,T2_REVERSE_TO_FORWARD
464.8318,-72.5476,-9.4663,0.000,NORMAL,1,ROUTE,,,,,T2_REVERSE_TO_FORWARD
465.0732,-72.7777,-9.3933,0.000,NORMAL,1,ROUTE,,,,,T2_REVERSE_TO_FORWARD
465.3462,-73.0265,-9.2810,0.000,NORMAL,1,ROUTE,,,,,T2_REVERSE_TO_FORWARD
465.6191,-73.2752,-9.1687,0.000,NORMAL,1,ROUTE,,,,,T2_REVERSE_TO_FORWARD
465.8921,-73.5240,-9.0564,0.000,NORMAL,1,ROUTE,,,,,T2_REVERSE_TO_FORWARD
466.1650,-73.7728,-8.9441,0.000,NORMAL,1,ROUTE,,,,,T2_REVERSE_TO_FORWARD
466.4098,-74.0097,-8.8827,0.000,NORMAL,1,ROUTE,,,,,T2_REVERSE_TO_FORWARD
466.6546,-74.2467,-8.8212,0.000,NORMAL,1,ROUTE,,,,,T2_REVERSE_TO_FORWARD
466.8994,-74.4837,-8.7598,0.000,NORMAL,1,ROUTE,,,,,T2_REVERSE_TO_FORWARD
467.1441,-74.7206,-8.6984,0.000,NORMAL,1,ROUTE,,,,,T2_REVERSE_TO_FORWARD
467.4079,-74.9749,-8.6283,0.000,NORMAL,1,ROUTE,,,,,T2_REVERSE_TO_FORWARD
467.6717,-75.2292,-8.5583,0.000,NORMAL,1,ROUTE,,,,,T2_REVERSE_TO_FORWARD
467.9355,-75.4835,-8.4882,0.000,NORMAL,1,ROUTE,,,,,T2_REVERSE_TO_FORWARD
468.2201,-75.7592,-8.4178,0.000,NORMAL,1,ROUTE,,,,,T2_REVERSE_TO_FORWARD
468.5046,-76.0350,-8.3473,0.000,NORMAL,1,ROUTE,,,,,T2_REVERSE_TO_FORWARD
468.7892,-76.3107,-8.2769,0.000,NORMAL,1,ROUTE,,,,,T2_REVERSE_TO_FORWARD
469.0798,-76.5986,-8.2369,0.000,NORMAL,1,ROUTE,,,,,T2_REVERSE_TO_FORWARD
469.3705,-76.8864,-8.1968,0.000,NORMAL,1,ROUTE,,,,,T2_REVERSE_TO_FORWARD
469.6611,-77.1743,-8.1567,0.000,NORMAL,1,ROUTE,,,,,T2_REVERSE_TO_FORWARD
469.9517,-77.4621,-8.1167,0.000,NORMAL,1,ROUTE,,,,,T2_REVERSE_TO_FORWARD
470.2375,-77.7473,-8.0975,0.000,NORMAL,1,ROUTE,,,,,T2_REVERSE_TO_FORWARD
470.5233,-78.0324,-8.0784,0.000,NORMAL,1,ROUTE,,,,,T2_REVERSE_TO_FORWARD
470.8091,-78.3175,-8.0592,0.000,NORMAL,1,ROUTE,,,,,T2_REVERSE_TO_FORWARD
471.0949,-78.6027,-8.0400,0.000,NORMAL,1,ROUTE,,,,,T2_REVERSE_TO_FORWARD
471.3225,-78.8286,-8.0681,0.000,NORMAL,1,ROUTE,,,,,T2_REVERSE_TO_FORWARD
471.5501,-79.0544,-8.0963,0.000,NORMAL,1,ROUTE,,,,,T2_REVERSE_TO_FORWARD
471.7777,-79.2802,-8.1244,0.000,NORMAL,1,ROUTE,,,,,T2_REVERSE_TO_FORWARD
472.0053,-79.5061,-8.1526,0.000,NORMAL,1,ROUTE,,,,,T2_REVERSE_TO_FORWARD
472.2692,-79.7674,-8.1894,0.000,NORMAL,1,ROUTE,,,,,T2_REVERSE_TO_FORWARD
472.5331,-80.0288,-8.2263,0.000,NORMAL,1,ROUTE,,,,,T2_REVERSE_TO_FORWARD
472.7970,-80.2901,-8.2631,0.000,NORMAL,1,ROUTE,,,,,T2_REVERSE_TO_FORWARD
473.0752,-80.5301,-8.4035,0.000,NORMAL,1,ROUTE,,,,,T2_REVERSE_TO_FORWARD
473.3533,-80.7702,-8.5440,0.000,NORMAL,1,ROUTE,,,,,T2_REVERSE_TO_FORWARD
473.6314,-81.0102,-8.6845,0.000,NORMAL,1,ROUTE,,,,,T2_REVERSE_TO_FORWARD
473.9095,-81.2503,-8.8249,0.000,NORMAL,1,ROUTE,,,,,T2_REVERSE_TO_FORWARD
474.1603,-81.4576,-8.9660,0.000,NORMAL,1,ROUTE,,,,,T2_REVERSE_TO_FORWARD
474.4110,-81.6650,-9.1071,0.000,NORMAL,1,ROUTE,,,,,T2_REVERSE_TO_FORWARD
474.6618,-81.8723,-9.2481,0.000,NORMAL,1,ROUTE,,,,,T2_REVERSE_TO_FORWARD
474.9126,-82.0796,-9.3892,0.000,NORMAL,1,ROUTE,,,,,T2_REVERSE_TO_FORWARD
475.1710,-82.2901,-9.5391,0.000,NORMAL,1,ROUTE,,,,,T2_REVERSE_TO_FORWARD
475.4295,-82.5007,-9.6890,0.000,NORMAL,1,ROUTE,,,,,T2_REVERSE_TO_FORWARD
475.6879,-82.7113,-9.8388,0.000,NORMAL,1,ROUTE,,,,,T2_REVERSE_TO_FORWARD
475.9464,-82.9218,-9.9887,0.000,NORMAL,1,ROUTE,,,,,T2_REVERSE_TO_FORWARD
476.1993,-83.1192,-10.1469,0.000,NORMAL,1,ROUTE,,,,,T2_REVERSE_TO_FORWARD
476.4522,-83.3166,-10.3050,0.000,NORMAL,1,ROUTE,,,,,T2_REVERSE_TO_FORWARD
476.7052,-83.5140,-10.4631,0.000,NORMAL,1,ROUTE,,,,,T2_REVERSE_TO_FORWARD
476.9581,-83.7114,-10.6213,0.000,NORMAL,1,ROUTE,,,,,T2_REVERSE_TO_FORWARD
477.2315,-83.9152,-10.8035,0.000,NORMAL,1,ROUTE,,,,,T2_REVERSE_TO_FORWARD
477.5049,-84.1191,-10.9857,0.000,NORMAL,1,ROUTE,,,,,T2_REVERSE_TO_FORWARD
477.7783,-84.3229,-11.1680,0.000,NORMAL,1,ROUTE,,,,,T2_REVERSE_TO_FORWARD
478.0517,-84.5267,-11.3502,0.000,NORMAL,1,ROUTE,,,,,T2_REVERSE_TO_FORWARD
478.2992,-84.7006,-11.5263,0.000,NORMAL,1,ROUTE,,,,,T2_REVERSE_TO_FORWARD
478.5466,-84.8744,-11.7023,0.000,NORMAL,1,ROUTE,,,,,T2_REVERSE_TO_FORWARD
478.7941,-85.0482,-11.8784,0.000,NORMAL,1,ROUTE,,,,,T2_REVERSE_TO_FORWARD
479.0415,-85.2221,-12.0545,0.000,NORMAL,1,ROUTE,,,,,T2_REVERSE_TO_FORWARD
479.3111,-85.3935,-12.2626,0.000,NORMAL,1,ROUTE,,,,,T2_REVERSE_TO_FORWARD
479.5807,-85.5648,-12.4708,0.000,NORMAL,1,ROUTE,,,,,T2_REVERSE_TO_FORWARD
479.8503,-85.7361,-12.6789,0.000,NORMAL,1,ROUTE,,,,,T2_REVERSE_TO_FORWARD
480.1199,-85.9075,-12.8870,0.000,NORMAL,1,ROUTE,,,,,T2_REVERSE_TO_FORWARD
480.3799,-86.0290,-13.1170,0.000,NORMAL,1,ROUTE,,,,,T2_REVERSE_TO_FORWARD
480.6400,-86.1505,-13.3469,0.000,NORMAL,1,ROUTE,,,,,T2_REVERSE_TO_FORWARD
480.9001,-86.2719,-13.5769,0.000,NORMAL,1,ROUTE,,,,,T2_REVERSE_TO_FORWARD
481.1602,-86.3934,-13.8069,0.000,NORMAL,1,ROUTE,,,,,T2_REVERSE_TO_FORWARD
481.4442,-86.5352,-14.0530,0.000,NORMAL,1,ROUTE,,,,,T2_REVERSE_TO_FORWARD
481.7283,-86.6769,-14.2992,0.000,NORMAL,1,ROUTE,,,,,T2_REVERSE_TO_FORWARD
482.0123,-86.8187,-14.5453,0.000,NORMAL,1,ROUTE,,,,,T2_REVERSE_TO_FORWARD
482.3101,-86.9499,-14.8127,0.000,NORMAL,1,ROUTE,,,,,T2_REVERSE_TO_FORWARD
482.6079,-87.0810,-15.0800,0.000,NORMAL,1,ROUTE,,,,,T2_REVERSE_TO_FORWARD
482.9057,-87.2122,-15.3474,0.000,NORMAL,1,ROUTE,,,,,T2_REVERSE_TO_FORWARD
483.1472,-87.3152,-15.5659,0.000,NORMAL,1,ROUTE,,,,,T2_REVERSE_TO_FORWARD
483.3888,-87.4181,-15.7843,0.000,NORMAL,1,ROUTE,,,,,T2_REVERSE_TO_FORWARD
483.6303,-87.5211,-16.0027,0.000,NORMAL,1,ROUTE,,,,,T2_REVERSE_TO_FORWARD
483.8718,-87.6241,-16.2212,0.000,NORMAL,1,ROUTE,,,,,T2_REVERSE_TO_FORWARD
484.0991,-87.7251,-16.4248,0.000,NORMAL,1,ROUTE,,,,,T2_REVERSE_TO_FORWARD
484.3264,-87.8261,-16.6285,0.000,NORMAL,1,ROUTE,,,,,T2_REVERSE_TO_FORWARD
484.5538,-87.9272,-16.8321,0.000,NORMAL,1,ROUTE,,,,,T2_REVERSE_TO_FORWARD
484.7811,-88.0282,-17.0358,0.000,NORMAL,1,ROUTE,,,,,T2_REVERSE_TO_FORWARD
485.0796,-88.1472,-17.3095,0.000,NORMAL,1,ROUTE,,,,,T2_REVERSE_TO_FORWARD
485.3781,-88.2663,-17.5833,0.000,NORMAL,1,ROUTE,,,,,T2_REVERSE_TO_FORWARD
485.6766,-88.3853,-17.8570,0.000,NORMAL,1,ROUTE,,,,,T2_REVERSE_TO_FORWARD
485.9406,-88.4917,-18.0986,0.000,NORMAL,1,ROUTE,,,,,T2_REVERSE_TO_FORWARD
486.2046,-88.5982,-18.3402,0.000,NORMAL,1,ROUTE,,,,,T2_REVERSE_TO_FORWARD
486.4686,-88.7047,-18.5818,0.000,NORMAL,1,ROUTE,,,,,T2_REVERSE_TO_FORWARD
486.7326,-88.8111,-18.8234,0.000,NORMAL,1,ROUTE,,,,,T2_REVERSE_TO_FORWARD
486.9924,-88.9126,-19.0626,0.000,NORMAL,1,ROUTE,,,,,T2_REVERSE_TO_FORWARD
487.2522,-89.0140,-19.3017,0.000,NORMAL,1,ROUTE,,,,,T2_REVERSE_TO_FORWARD
487.5120,-89.1155,-19.5409,0.000,NORMAL,1,ROUTE,,,,,T2_REVERSE_TO_FORWARD
487.7719,-89.2170,-19.7801,0.000,NORMAL,1,ROUTE,,,,,T2_REVERSE_TO_FORWARD
488.0272,-89.3214,-20.0130,0.000,NORMAL,1,ROUTE,,,,,T2_REVERSE_TO_FORWARD
488.2824,-89.4259,-20.2460,0.000,NORMAL,1,ROUTE,,,,,T2_REVERSE_TO_FORWARD
488.5377,-89.5303,-20.4790,0.000,NORMAL,1,ROUTE,,,,,T2_REVERSE_TO_FORWARD
488.7930,-89.6348,-20.7119,0.000,NORMAL,1,ROUTE,,,,,T2_REVERSE_TO_FORWARD
489.0893,-89.7569,-20.9819,0.000,NORMAL,1,ROUTE,,,,,T2_REVERSE_TO_FORWARD
489.3856,-89.8789,-21.2518,0.000,NORMAL,1,ROUTE,,,,,T2_REVERSE_TO_FORWARD
489.6818,-90.0010,-21.5217,0.000,NORMAL,1,ROUTE,,,,,T2_REVERSE_TO_FORWARD
489.9781,-90.1230,-21.7917,0.000,NORMAL,1,ROUTE,,,,,T2_REVERSE_TO_FORWARD
490.2628,-90.2345,-22.0537,0.000,NORMAL,1,ROUTE,,,,,T2_REVERSE_TO_FORWARD
490.5476,-90.3460,-22.3158,0.000,NORMAL,1,ROUTE,,,,,T2_REVERSE_TO_FORWARD
490.8323,-90.4574,-22.5778,0.000,NORMAL,1,ROUTE,,,,,T2_REVERSE_TO_FORWARD
491.1171,-90.5689,-22.8398,0.000,NORMAL,1,ROUTE,,,,,T2_REVERSE_TO_FORWARD
491.3675,-90.6613,-23.0726,0.000,NORMAL,1,ROUTE,,,,,T2_REVERSE_TO_FORWARD
491.6180,-90.7536,-23.3054,0.000,NORMAL,1,ROUTE,,,,,T2_REVERSE_TO_FORWARD
491.8685,-90.8460,-23.5382,0.000,NORMAL,1,ROUTE,,,,,T2_REVERSE_TO_FORWARD
492.1189,-90.9384,-23.7710,0.000,NORMAL,1,ROUTE,,,,,T2_REVERSE_TO_FORWARD
492.4082,-91.0602,-24.0334,0.000,NORMAL,1,ROUTE,,,,,T2_REVERSE_TO_FORWARD
492.6975,-91.1821,-24.2957,0.000,NORMAL,1,ROUTE,,,,,T2_REVERSE_TO_FORWARD
492.9868,-91.3040,-24.5581,0.000,NORMAL,1,ROUTE,,,,,T2_REVERSE_TO_FORWARD
493.2761,-91.4258,-24.8205,0.000,NORMAL,1,ROUTE,,,,,T2_REVERSE_TO_FORWARD
493.5161,-91.5048,-25.0472,0.000,NORMAL,1,ROUTE,,,,,T2_REVERSE_TO_FORWARD
493.7561,-91.5838,-25.2738,0.000,NORMAL,1,ROUTE,,,,,T2_REVERSE_TO_FORWARD
493.9962,-91.6629,-25.5005,0.000,NORMAL,1,ROUTE,,,,,T2_REVERSE_TO_FORWARD
494.2362,-91.7419,-25.7271,0.000,NORMAL,1,ROUTE,,,,,T2_REVERSE_TO_FORWARD
494.4763,-91.8209,-25.9538,0.000,NORMAL,1,ROUTE,,,,,T2_REVERSE_TO_FORWARD
494.7370,-91.9074,-26.1998,0.000,NORMAL,1,ROUTE,,,,,T2_REVERSE_TO_FORWARD
494.9978,-91.9939,-26.4458,0.000,NORMAL,1,ROUTE,,,,,T2_REVERSE_TO_FORWARD
495.2586,-92.0804,-26.6918,0.000,NORMAL,1,ROUTE,,,,,T2_REVERSE_TO_FORWARD
495.5193,-92.1669,-26.9378,0.000,NORMAL,1,ROUTE,,,,,T2_REVERSE_TO_FORWARD
495.7772,-92.2588,-27.1788,0.000,NORMAL,1,ROUTE,,,,,T2_REVERSE_TO_FORWARD
496.0352,-92.3507,-27.4198,0.000,NORMAL,1,ROUTE,,,,,T2_REVERSE_TO_FORWARD
496.2931,-92.4426,-27.6608,0.000,NORMAL,1,ROUTE,,,,,T2_REVERSE_TO_FORWARD
496.5510,-92.5345,-27.9018,0.000,NORMAL,1,ROUTE,,,,,T2_REVERSE_TO_FORWARD
496.8090,-92.6264,-28.1428,0.000,NORMAL,1,ROUTE,,,,,T2_REVERSE_TO_FORWARD
497.0823,-92.7303,-28.3956,0.000,NORMAL,1,ROUTE,,,,,T2_REVERSE_TO_FORWARD
497.3556,-92.8343,-28.6484,0.000,NORMAL,1,ROUTE,,,,,T2_REVERSE_TO_FORWARD
497.6290,-92.9382,-28.9012,0.000,NORMAL,1,ROUTE,,,,,T2_REVERSE_TO_FORWARD
497.8717,-93.0189,-29.1302,0.000,NORMAL,1,ROUTE,,,,,T2_REVERSE_TO_FORWARD
498.1145,-93.0996,-29.3591,0.000,NORMAL,1,ROUTE,,,,,T2_REVERSE_TO_FORWARD
498.3572,-93.1804,-29.5880,0.000,NORMAL,1,ROUTE,,,,,T2_REVERSE_TO_FORWARD
498.6000,-93.2611,-29.8170,0.000,NORMAL,1,ROUTE,,,,,T2_REVERSE_TO_FORWARD
498.8921,-93.3691,-30.0884,0.000,NORMAL,1,ROUTE,,,,,T2_REVERSE_TO_FORWARD
499.1842,-93.4770,-30.3599,0.000,NORMAL,1,ROUTE,,,,,T2_REVERSE_TO_FORWARD
499.4763,-93.5849,-30.6313,0.000,NORMAL,1,ROUTE,,,,,T2_REVERSE_TO_FORWARD
499.7684,-93.6929,-30.9027,0.000,NORMAL,1,ROUTE,,,,,T2_REVERSE_TO_FORWARD
500.0562,-93.7934,-31.1724,0.000,NORMAL,1,ROUTE,,,,,T2_REVERSE_TO_FORWARD
500.3440,-93.8939,-31.4421,0.000,NORMAL,1,ROUTE,,,,,T2_REVERSE_TO_FORWARD
500.6318,-93.9944,-31.7117,0.000,NORMAL,1,ROUTE,,,,,T2_REVERSE_TO_FORWARD
500.9196,-94.0949,-31.9814,0.000,NORMAL,1,ROUTE,,,,,T2_REVERSE_TO_FORWARD
501.1420,-94.1308,-32.2009,0.000,NORMAL,1,ROUTE,,,,,T2_REVERSE_TO_FORWARD
501.3644,-94.1666,-32.4203,0.000,NORMAL,1,ROUTE,,,,,T2_REVERSE_TO_FORWARD
501.5867,-94.2025,-32.6398,0.000,NORMAL,1,ROUTE,,,,,T2_REVERSE_TO_FORWARD
501.8640,-94.2682,-32.9091,0.000,NORMAL,1,ROUTE,,,,,T2_REVERSE_TO_FORWARD
502.1412,-94.3340,-33.1785,0.000,NORMAL,1,ROUTE,,,,,T2_REVERSE_TO_FORWARD
502.4185,-94.3997,-33.4479,0.000,NORMAL,1,ROUTE,,,,,T2_REVERSE_TO_FORWARD
502.6957,-94.4654,-33.7172,0.000,NORMAL,1,ROUTE,,,,,T2_REVERSE_TO_FORWARD
502.9837,-94.4916,-34.0039,0.000,NORMAL,1,ROUTE,,,,,T2_REVERSE_TO_FORWARD
503.2716,-94.5178,-34.2907,0.000,NORMAL,1,ROUTE,,,,,T2_REVERSE_TO_FORWARD
503.5596,-94.5439,-34.5774,0.000,NORMAL,1,ROUTE,,,,,T2_REVERSE_TO_FORWARD
503.8475,-94.5701,-34.8642,0.000,NORMAL,1,ROUTE,,,,,T2_REVERSE_TO_FORWARD
504.1090,-94.5621,-35.1255,0.000,NORMAL,1,ROUTE,,,,,T2_REVERSE_TO_FORWARD
504.3704,-94.5541,-35.3868,0.000,NORMAL,1,ROUTE,,,,,T2_REVERSE_TO_FORWARD
504.6319,-94.5462,-35.6482,0.000,NORMAL,1,ROUTE,,,,,T2_REVERSE_TO_FORWARD
504.8933,-94.5382,-35.9095,0.000,NORMAL,1,ROUTE,,,,,T2_REVERSE_TO_FORWARD
505.1569,-94.5207,-36.1725,0.000,NORMAL,1,ROUTE,,,,,T2_REVERSE_TO_FORWARD
505.4205,-94.5033,-36.4355,0.000,NORMAL,1,ROUTE,,,,,T2_REVERSE_TO_FORWARD
505.6840,-94.4858,-36.6985,0.000,NORMAL,1,ROUTE,,,,,T2_REVERSE_TO_FORWARD
505.8942,-94.4436,-36.9044,0.000,NORMAL,1,ROUTE,,,,,T2_REVERSE_TO_FORWARD
506.1044,-94.4015,-37.1103,0.000,NORMAL,1,ROUTE,,,,,T2_REVERSE_TO_FORWARD
506.3146,-94.3593,-37.3162,0.000,NORMAL,1,ROUTE,,,,,T2_REVERSE_TO_FORWARD
506.5543,-94.3061,-37.5499,0.000,NORMAL,1,ROUTE,,,,,T2_REVERSE_TO_FORWARD
506.7940,-94.2528,-37.7837,0.000,NORMAL,1,ROUTE,,,,,T2_REVERSE_TO_FORWARD
507.0337,-94.1996,-38.0174,0.000,NORMAL,1,ROUTE,,,,,T2_REVERSE_TO_FORWARD
507.2734,-94.1464,-38.2511,0.000,NORMAL,1,ROUTE,,,,,T2_REVERSE_TO_FORWARD
507.5673,-94.0289,-38.5205,0.000,NORMAL,1,ROUTE,,,,,T2_REVERSE_TO_FORWARD
507.8612,-93.9115,-38.7899,0.000,NORMAL,1,ROUTE,,,,,T2_REVERSE_TO_FORWARD
508.1551,-93.7940,-39.0593,0.000,NORMAL,1,ROUTE,,,,,T2_REVERSE_TO_FORWARD
508.4490,-93.6765,-39.3287,0.000,NORMAL,1,ROUTE,,,,,T2_REVERSE_TO_FORWARD
508.7293,-93.5364,-39.5715,0.000,NORMAL,1,ROUTE,,,,,T2_REVERSE_TO_FORWARD
509.0096,-93.3963,-39.8142,0.000,NORMAL,1,ROUTE,,,,,T2_REVERSE_TO_FORWARD
509.2899,-93.2562,-40.0570,0.000,NORMAL,1,ROUTE,,,,,T2_REVERSE_TO_FORWARD
509.5701,-93.1161,-40.2997,0.000,NORMAL,1,ROUTE,,,,,T2_REVERSE_TO_FORWARD
509.8504,-92.9760,-40.5425,0.000,NORMAL,1,ROUTE,,,,,T2_REVERSE_TO_FORWARD
510.1056,-92.7955,-40.7229,0.000,NORMAL,1,ROUTE,,,,,T2_REVERSE_TO_FORWARD
510.3608,-92.6150,-40.9033,0.000,NORMAL,1,ROUTE,,,,,T2_REVERSE_TO_FORWARD
510.6160,-92.4345,-41.0836,0.000,NORMAL,1,ROUTE,,,,,T2_REVERSE_TO_FORWARD
510.8711,-92.2540,-41.2640,0.000,NORMAL,1,ROUTE,,,,,T2_REVERSE_TO_FORWARD
511.1263,-92.0735,-41.4444,0.000,NORMAL,1,ROUTE,,,,,T2_REVERSE_TO_FORWARD
511.3955,-91.8601,-41.6084,0.000,DUMMY,1,DUMMY,DUMMY_OBSTACLE_ZONE,STOP_THEN_HOLD,OBSTACLE_DETECTED,3.0,T2_REVERSE_TO_FORWARD
511.6646,-91.6467,-41.7724,0.000,DUMMY,1,DUMMY,,,OBSTACLE_DETECTED,3.0,T2_REVERSE_TO_FORWARD
511.9337,-91.4333,-41.9364,0.000,DUMMY,1,DUMMY,,,OBSTACLE_DETECTED,3.0,T2_REVERSE_TO_FORWARD
512.2029,-91.2199,-42.1004,0.000,DUMMY,1,DUMMY,,,OBSTACLE_DETECTED,3.0,T2_REVERSE_TO_FORWARD
512.4720,-91.0065,-42.2644,0.000,DUMMY,1,DUMMY,,,OBSTACLE_DETECTED,3.0,T2_REVERSE_TO_FORWARD
512.7617,-90.7469,-42.3929,0.000,DUMMY,1,DUMMY,,,OBSTACLE_DETECTED,3.0,T2_REVERSE_TO_FORWARD
513.0514,-90.4872,-42.5213,0.000,DUMMY,1,DUMMY,,,OBSTACLE_DETECTED,3.0,T2_REVERSE_TO_FORWARD
513.3411,-90.2276,-42.6498,0.000,DUMMY,1,DUMMY,,,OBSTACLE_DETECTED,3.0,T2_REVERSE_TO_FORWARD
513.6129,-89.9943,-42.7894,0.000,DUMMY,1,DUMMY,,,OBSTACLE_DETECTED,3.0,T2_REVERSE_TO_FORWARD
513.8848,-89.7610,-42.9290,0.000,DUMMY,1,DUMMY,,,OBSTACLE_DETECTED,3.0,T2_REVERSE_TO_FORWARD
514.1567,-89.5276,-43.0685,0.000,DUMMY,1,DUMMY,,,OBSTACLE_DETECTED,3.0,T2_REVERSE_TO_FORWARD
514.4286,-89.2943,-43.2081,0.000,DUMMY,1,DUMMY,,,OBSTACLE_DETECTED,3.0,T2_REVERSE_TO_FORWARD
514.6779,-89.0824,-43.3395,0.000,DUMMY,1,DUMMY,,,OBSTACLE_DETECTED,3.0,T2_REVERSE_TO_FORWARD
514.9273,-88.8705,-43.4709,0.000,DUMMY,1,DUMMY,,,OBSTACLE_DETECTED,3.0,T2_REVERSE_TO_FORWARD
515.1767,-88.6585,-43.6023,0.000,DUMMY,1,DUMMY,,,OBSTACLE_DETECTED,3.0,T2_REVERSE_TO_FORWARD
515.4260,-88.4466,-43.7337,0.000,DUMMY,1,DUMMY,,,OBSTACLE_DETECTED,3.0,T2_REVERSE_TO_FORWARD
515.7127,-88.1866,-43.8546,0.000,DUMMY,1,DUMMY,,,OBSTACLE_DETECTED,3.0,T2_REVERSE_TO_FORWARD
515.9994,-87.9266,-43.9754,0.000,DUMMY,1,DUMMY,,,OBSTACLE_DETECTED,3.0,T2_REVERSE_TO_FORWARD
516.2861,-87.6667,-44.0962,0.000,DUMMY,1,DUMMY,,,OBSTACLE_DETECTED,3.0,T2_REVERSE_TO_FORWARD
516.5728,-87.4067,-44.2171,0.000,DUMMY,1,DUMMY,,,OBSTACLE_DETECTED,3.0,T2_REVERSE_TO_FORWARD
516.8666,-87.1372,-44.3343,0.000,DUMMY,1,DUMMY,,,OBSTACLE_DETECTED,3.0,T2_REVERSE_TO_FORWARD
517.1605,-86.8678,-44.4516,0.000,DUMMY,1,DUMMY,,,OBSTACLE_DETECTED,3.0,T2_REVERSE_TO_FORWARD
517.4544,-86.5983,-44.5688,0.000,DUMMY,1,DUMMY,,,OBSTACLE_DETECTED,3.0,T2_REVERSE_TO_FORWARD
517.7347,-86.3451,-44.6891,0.000,DUMMY,1,DUMMY,,,OBSTACLE_DETECTED,3.0,T2_REVERSE_TO_FORWARD
518.0149,-86.0920,-44.8094,0.000,DUMMY,1,DUMMY,,,OBSTACLE_DETECTED,3.0,T2_REVERSE_TO_FORWARD
518.2952,-85.8389,-44.9297,0.000,DUMMY,1,DUMMY,,,OBSTACLE_DETECTED,3.0,T2_REVERSE_TO_FORWARD
518.5755,-85.5857,-45.0501,0.000,DUMMY,1,DUMMY,,,OBSTACLE_DETECTED,3.0,T2_REVERSE_TO_FORWARD
518.8558,-85.3325,-45.1704,0.000,DUMMY,1,DUMMY,,,OBSTACLE_DETECTED,3.0,T2_REVERSE_TO_FORWARD
519.1361,-85.0794,-45.2907,0.000,DUMMY,1,DUMMY,,,OBSTACLE_DETECTED,3.0,T2_REVERSE_TO_FORWARD
519.4283,-84.8127,-45.4100,0.000,DUMMY,1,DUMMY,,,OBSTACLE_DETECTED,3.0,T2_REVERSE_TO_FORWARD
519.7205,-84.5460,-45.5294,0.000,DUMMY,1,DUMMY,,,OBSTACLE_DETECTED,3.0,T2_REVERSE_TO_FORWARD
520.0126,-84.2793,-45.6487,0.000,DUMMY,1,DUMMY,,,OBSTACLE_DETECTED,3.0,T2_REVERSE_TO_FORWARD
520.3048,-84.0126,-45.7681,0.000,DUMMY,1,DUMMY,,,OBSTACLE_DETECTED,3.0,T2_REVERSE_TO_FORWARD
520.5970,-83.7459,-45.8874,0.000,DUMMY,1,DUMMY,,,OBSTACLE_DETECTED,3.0,T2_REVERSE_TO_FORWARD
520.8447,-83.5145,-45.9758,0.000,DUMMY,1,DUMMY,,,OBSTACLE_DETECTED,3.0,T2_REVERSE_TO_FORWARD
521.0924,-83.2832,-46.0642,0.000,DUMMY,1,DUMMY,,,OBSTACLE_DETECTED,3.0,T2_REVERSE_TO_FORWARD
521.3401,-83.0518,-46.1526,0.000,DUMMY,1,DUMMY,,,OBSTACLE_DETECTED,3.0,T2_REVERSE_TO_FORWARD
521.5878,-82.8204,-46.2410,0.000,DUMMY,1,DUMMY,,,OBSTACLE_DETECTED,3.0,T2_REVERSE_TO_FORWARD
521.8560,-82.5693,-46.3354,0.000,DUMMY,1,DUMMY,,,OBSTACLE_DETECTED,3.0,T2_REVERSE_TO_FORWARD
522.1242,-82.3183,-46.4299,0.000,DUMMY,1,DUMMY,,,OBSTACLE_DETECTED,3.0,T2_REVERSE_TO_FORWARD
522.3925,-82.0672,-46.5243,0.000,DUMMY,1,DUMMY,,,OBSTACLE_DETECTED,3.0,T2_REVERSE_TO_FORWARD
522.6189,-81.8579,-46.6107,0.000,DUMMY,1,DUMMY,,,OBSTACLE_DETECTED,3.0,T2_REVERSE_TO_FORWARD
522.8454,-81.6486,-46.6972,0.000,DUMMY,1,DUMMY,,,OBSTACLE_DETECTED,3.0,T2_REVERSE_TO_FORWARD
523.0718,-81.4393,-46.7837,0.000,DUMMY,1,DUMMY,,,OBSTACLE_DETECTED,3.0,T2_REVERSE_TO_FORWARD
523.2983,-81.2300,-46.8701,0.000,DUMMY,1,DUMMY,,,OBSTACLE_DETECTED,3.0,T2_REVERSE_TO_FORWARD
523.5417,-81.0071,-46.9679,0.000,DUMMY,1,DUMMY,,,OBSTACLE_DETECTED,3.0,T2_REVERSE_TO_FORWARD
523.7852,-80.7841,-47.0657,0.000,DUMMY,1,DUMMY,,,OBSTACLE_DETECTED,3.0,T2_REVERSE_TO_FORWARD
524.0286,-80.5612,-47.1635,0.000,DUMMY,1,DUMMY,,,OBSTACLE_DETECTED,3.0,T2_REVERSE_TO_FORWARD
524.2721,-80.3382,-47.2613,0.000,DUMMY,1,DUMMY,,,OBSTACLE_DETECTED,3.0,T2_REVERSE_TO_FORWARD
524.5155,-80.1153,-47.3591,0.000,DUMMY,1,DUMMY,,,OBSTACLE_DETECTED,3.0,T2_REVERSE_TO_FORWARD
524.7658,-79.8949,-47.4776,0.000,DUMMY,1,DUMMY,,,OBSTACLE_DETECTED,3.0,T2_REVERSE_TO_FORWARD
525.0160,-79.6744,-47.5961,0.000,DUMMY,1,DUMMY,,,OBSTACLE_DETECTED,3.0,T2_REVERSE_TO_FORWARD
525.2663,-79.4540,-47.7145,0.000,DUMMY,1,DUMMY,,,OBSTACLE_DETECTED,3.0,T2_REVERSE_TO_FORWARD
525.5166,-79.2335,-47.8330,0.000,DUMMY,1,DUMMY,,,OBSTACLE_DETECTED,3.0,T2_REVERSE_TO_FORWARD
525.7668,-79.0131,-47.9515,0.000,DUMMY,1,DUMMY,,,OBSTACLE_DETECTED,3.0,T2_REVERSE_TO_FORWARD
525.9700,-78.8187,-48.0108,0.000,DUMMY,1,DUMMY,,,OBSTACLE_DETECTED,3.0,T2_REVERSE_TO_FORWARD
526.1732,-78.6244,-48.0700,0.000,DUMMY,1,DUMMY,,,OBSTACLE_DETECTED,3.0,T2_REVERSE_TO_FORWARD
526.3764,-78.4300,-48.1293,0.000,DUMMY,1,DUMMY,,,OBSTACLE_DETECTED,3.0,T2_REVERSE_TO_FORWARD
526.6453,-78.1869,-48.2440,0.000,DUMMY,1,DUMMY,,,OBSTACLE_DETECTED,3.0,T2_REVERSE_TO_FORWARD
526.9141,-77.9437,-48.3586,0.000,DUMMY,1,DUMMY,,,OBSTACLE_DETECTED,3.0,T2_REVERSE_TO_FORWARD
527.1829,-77.7006,-48.4733,0.000,DUMMY,1,DUMMY,,,OBSTACLE_DETECTED,3.0,T2_REVERSE_TO_FORWARD
527.4535,-77.4545,-48.5858,0.000,DUMMY,1,DUMMY,,,OBSTACLE_DETECTED,3.0,T2_REVERSE_TO_FORWARD
527.7241,-77.2083,-48.6982,0.000,DUMMY,1,DUMMY,,,OBSTACLE_DETECTED,3.0,T2_REVERSE_TO_FORWARD
527.9947,-76.9622,-48.8106,0.000,DUMMY,1,DUMMY,,,OBSTACLE_DETECTED,3.0,T2_REVERSE_TO_FORWARD
528.2653,-76.7161,-48.9231,0.000,DUMMY,1,DUMMY,,,OBSTACLE_DETECTED,3.0,T2_REVERSE_TO_FORWARD
528.5464,-76.4556,-49.0288,0.000,DUMMY,1,DUMMY,,,OBSTACLE_DETECTED,3.0,T2_REVERSE_TO_FORWARD
528.8276,-76.1951,-49.1345,0.000,DUMMY,1,DUMMY,,,OBSTACLE_DETECTED,3.0,T2_REVERSE_TO_FORWARD
529.1087,-75.9345,-49.2402,0.000,DUMMY,1,DUMMY,,,OBSTACLE_DETECTED,3.0,T2_REVERSE_TO_FORWARD
529.3899,-75.6740,-49.3459,0.000,DUMMY,1,DUMMY,,,OBSTACLE_DETECTED,3.0,T2_REVERSE_TO_FORWARD
529.6317,-75.4447,-49.4228,0.000,DUMMY,1,DUMMY,,,OBSTACLE_DETECTED,3.0,T2_REVERSE_TO_FORWARD
529.8735,-75.2154,-49.4996,0.000,DUMMY,1,DUMMY,,,OBSTACLE_DETECTED,3.0,T2_REVERSE_TO_FORWARD
530.1153,-74.9862,-49.5765,0.000,DUMMY,1,DUMMY,,,OBSTACLE_DETECTED,3.0,T2_REVERSE_TO_FORWARD
530.3572,-74.7569,-49.6533,0.000,DUMMY,1,DUMMY,,,OBSTACLE_DETECTED,3.0,T2_REVERSE_TO_FORWARD
530.5990,-74.5276,-49.7302,0.000,DUMMY,1,DUMMY,,,OBSTACLE_DETECTED,3.0,T2_REVERSE_TO_FORWARD
530.8828,-74.2640,-49.8354,0.000,DUMMY,1,DUMMY,,,OBSTACLE_DETECTED,3.0,T2_REVERSE_TO_FORWARD
531.1667,-74.0003,-49.9407,0.000,DUMMY,1,DUMMY,,,OBSTACLE_DETECTED,3.0,T2_REVERSE_TO_FORWARD
531.4505,-73.7367,-50.0459,0.000,DUMMY,1,DUMMY,,,OBSTACLE_DETECTED,3.0,T2_REVERSE_TO_FORWARD
531.7344,-73.4731,-50.1511,0.000,DUMMY,1,DUMMY,,,OBSTACLE_DETECTED,3.0,T2_REVERSE_TO_FORWARD
532.0202,-73.2077,-50.2573,0.000,DUMMY,1,DUMMY,,,OBSTACLE_DETECTED,3.0,T2_REVERSE_TO_FORWARD
532.3061,-72.9423,-50.3634,0.000,DUMMY,1,DUMMY,,,OBSTACLE_DETECTED,3.0,T2_REVERSE_TO_FORWARD
532.5919,-72.6769,-50.4696,0.000,DUMMY,1,DUMMY,,,OBSTACLE_DETECTED,3.0,T2_REVERSE_TO_FORWARD
532.8131,-72.4591,-50.5082,0.000,DUMMY,1,DUMMY,,,OBSTACLE_DETECTED,3.0,T2_REVERSE_TO_FORWARD
533.0344,-72.2412,-50.5467,0.000,DUMMY,1,DUMMY,,,OBSTACLE_DETECTED,3.0,T2_REVERSE_TO_FORWARD
533.2556,-72.0234,-50.5853,0.000,DUMMY,1,DUMMY,,,OBSTACLE_DETECTED,3.0,T2_REVERSE_TO_FORWARD
533.5289,-71.7691,-50.6853,0.000,DUMMY,1,DUMMY,,,OBSTACLE_DETECTED,3.0,T2_REVERSE_TO_FORWARD
533.8022,-71.5147,-50.7854,0.000,DUMMY,1,DUMMY,,,OBSTACLE_DETECTED,3.0,T2_REVERSE_TO_FORWARD
534.0755,-71.2604,-50.8854,0.000,DUMMY,1,DUMMY,,,OBSTACLE_DETECTED,3.0,T2_REVERSE_TO_FORWARD
534.3488,-71.0017,-50.9735,0.000,DUMMY,1,DUMMY,,,OBSTACLE_DETECTED,3.0,T2_REVERSE_TO_FORWARD
534.6221,-70.7430,-51.0617,0.000,DUMMY,1,DUMMY,,,OBSTACLE_DETECTED,3.0,T2_REVERSE_TO_FORWARD
534.8954,-70.4843,-51.1499,0.000,DUMMY,1,DUMMY,,,OBSTACLE_DETECTED,3.0,T2_REVERSE_TO_FORWARD
535.1687,-70.2256,-51.2380,0.000,DUMMY,1,DUMMY,,,OBSTACLE_DETECTED,3.0,T2_REVERSE_TO_FORWARD
535.4292,-69.9876,-51.3440,0.000,DUMMY,1,DUMMY,,,OBSTACLE_DETECTED,3.0,T2_REVERSE_TO_FORWARD
535.6898,-69.7496,-51.4499,0.000,DUMMY,1,DUMMY,,,OBSTACLE_DETECTED,3.0,T2_REVERSE_TO_FORWARD
535.9503,-69.5115,-51.5559,0.000,DUMMY,1,DUMMY,,,OBSTACLE_DETECTED,3.0,T2_REVERSE_TO_FORWARD
536.2109,-69.2735,-51.6618,0.000,DUMMY,1,DUMMY,,,OBSTACLE_DETECTED,3.0,T2_REVERSE_TO_FORWARD
536.4714,-69.0355,-51.7678,0.000,DUMMY,1,DUMMY,,,OBSTACLE_DETECTED,3.0,T2_REVERSE_TO_FORWARD
536.7575,-68.7709,-51.8766,0.000,DUMMY,1,DUMMY,,,OBSTACLE_DETECTED,3.0,T2_REVERSE_TO_FORWARD
537.0436,-68.5063,-51.9855,0.000,DUMMY,1,DUMMY,,,OBSTACLE_DETECTED,3.0,T2_REVERSE_TO_FORWARD
537.3297,-68.2417,-52.0943,0.000,DUMMY,1,DUMMY,,,OBSTACLE_DETECTED,3.0,T2_REVERSE_TO_FORWARD
537.5940,-68.0052,-52.2123,0.000,DUMMY,1,DUMMY,,,OBSTACLE_DETECTED,3.0,T2_REVERSE_TO_FORWARD
537.8582,-67.7688,-52.3302,0.000,DUMMY,1,DUMMY,,,OBSTACLE_DETECTED,3.0,T2_REVERSE_TO_FORWARD
538.1225,-67.5324,-52.4482,0.000,DUMMY,1,DUMMY,,,OBSTACLE_DETECTED,3.0,T2_REVERSE_TO_FORWARD
538.3867,-67.2959,-52.5662,0.000,DUMMY,1,DUMMY,,,OBSTACLE_DETECTED,3.0,T2_REVERSE_TO_FORWARD
538.6546,-67.0448,-52.6594,0.000,DUMMY,1,DUMMY,,,OBSTACLE_DETECTED,3.0,T2_REVERSE_TO_FORWARD
538.9224,-66.7937,-52.7527,0.000,DUMMY,1,DUMMY,,,OBSTACLE_DETECTED,3.0,T2_REVERSE_TO_FORWARD
539.1903,-66.5426,-52.8459,0.000,DUMMY,1,DUMMY,,,OBSTACLE_DETECTED,3.0,T2_REVERSE_TO_FORWARD
539.4581,-66.2915,-52.9391,0.000,DUMMY,1,DUMMY,,,OBSTACLE_DETECTED,3.0,T2_REVERSE_TO_FORWARD
539.7334,-66.0409,-53.0531,0.000,DUMMY,1,DUMMY,,,OBSTACLE_DETECTED,3.0,T2_REVERSE_TO_FORWARD
540.0087,-65.7903,-53.1671,0.000,DUMMY,1,DUMMY,,,OBSTACLE_DETECTED,3.0,T2_REVERSE_TO_FORWARD
540.2840,-65.5398,-53.2811,0.000,DUMMY,1,DUMMY,,,OBSTACLE_DETECTED,3.0,T2_REVERSE_TO_FORWARD
540.5593,-65.2892,-53.3951,0.000,DUMMY,1,DUMMY,,,OBSTACLE_DETECTED,3.0,T2_REVERSE_TO_FORWARD
540.8009,-65.0657,-53.4869,0.000,DUMMY,1,DUMMY,,,OBSTACLE_DETECTED,3.0,T2_REVERSE_TO_FORWARD
541.0425,-64.8422,-53.5787,0.000,DUMMY,1,DUMMY,,,OBSTACLE_DETECTED,3.0,T2_REVERSE_TO_FORWARD
541.2842,-64.6186,-53.6706,0.000,DUMMY,1,DUMMY,,,OBSTACLE_DETECTED,3.0,T2_REVERSE_TO_FORWARD
541.5258,-64.3951,-53.7624,0.000,DUMMY,1,DUMMY,,,OBSTACLE_DETECTED,3.0,T2_REVERSE_TO_FORWARD
541.7675,-64.1716,-53.8542,0.000,DUMMY,1,DUMMY,,,OBSTACLE_DETECTED,3.0,T2_REVERSE_TO_FORWARD
542.0261,-63.9336,-53.9556,0.000,DUMMY,1,DUMMY,,,OBSTACLE_DETECTED,3.0,T2_REVERSE_TO_FORWARD
542.2848,-63.6957,-54.0570,0.000,DUMMY,1,DUMMY,,,OBSTACLE_DETECTED,3.0,T2_REVERSE_TO_FORWARD
542.5435,-63.4577,-54.1583,0.000,DUMMY,1,DUMMY,,,OBSTACLE_DETECTED,3.0,T2_REVERSE_TO_FORWARD
542.8021,-63.2197,-54.2597,0.000,DUMMY,1,DUMMY,,,OBSTACLE_DETECTED,3.0,T2_REVERSE_TO_FORWARD
543.0894,-62.9569,-54.3756,0.000,DUMMY,1,DUMMY,,,OBSTACLE_DETECTED,3.0,T2_REVERSE_TO_FORWARD
543.3767,-62.6941,-54.4916,0.000,DUMMY,1,DUMMY,,,OBSTACLE_DETECTED,3.0,T2_REVERSE_TO_FORWARD
543.6639,-62.4312,-54.6075,0.000,DUMMY,1,DUMMY,,,OBSTACLE_DETECTED,3.0,T2_REVERSE_TO_FORWARD
543.9512,-62.1684,-54.7234,0.000,DUMMY,1,DUMMY,,,OBSTACLE_DETECTED,3.0,T2_REVERSE_TO_FORWARD
544.2271,-61.9079,-54.8145,0.000,DUMMY,1,DUMMY,,,OBSTACLE_DETECTED,3.0,T2_REVERSE_TO_FORWARD
544.5030,-61.6475,-54.9056,0.000,DUMMY,1,DUMMY,,,OBSTACLE_DETECTED,3.0,T2_REVERSE_TO_FORWARD
544.7790,-61.3870,-54.9967,0.000,DUMMY,1,DUMMY,,,OBSTACLE_DETECTED,3.0,T2_REVERSE_TO_FORWARD
545.0123,-61.1714,-55.0857,0.000,DUMMY,1,DUMMY,,,OBSTACLE_DETECTED,3.0,T2_REVERSE_TO_FORWARD
545.2456,-60.9557,-55.1748,0.000,DUMMY,1,DUMMY,,,OBSTACLE_DETECTED,3.0,T2_REVERSE_TO_FORWARD
545.4789,-60.7400,-55.2638,0.000,DUMMY,1,DUMMY,,,OBSTACLE_DETECTED,3.0,T2_REVERSE_TO_FORWARD
545.7122,-60.5244,-55.3529,0.000,DUMMY,1,DUMMY,,,OBSTACLE_DETECTED,3.0,T2_REVERSE_TO_FORWARD
545.9549,-60.2997,-55.4446,0.000,DUMMY,1,DUMMY,,,OBSTACLE_DETECTED,3.0,T2_REVERSE_TO_FORWARD
546.1976,-60.0750,-55.5363,0.000,DUMMY,1,DUMMY,,,OBSTACLE_DETECTED,3.0,T2_REVERSE_TO_FORWARD
546.4402,-59.8504,-55.6279,0.000,DUMMY,1,DUMMY,,,OBSTACLE_DETECTED,3.0,T2_REVERSE_TO_FORWARD
546.6829,-59.6257,-55.7196,0.000,DUMMY,1,DUMMY,,,OBSTACLE_DETECTED,3.0,T2_REVERSE_TO_FORWARD
546.9256,-59.4010,-55.8113,0.000,DUMMY,1,DUMMY,,,OBSTACLE_DETECTED,3.0,T2_REVERSE_TO_FORWARD
547.2235,-59.1219,-55.9155,0.000,DUMMY,1,DUMMY,,,OBSTACLE_DETECTED,3.0,T2_REVERSE_TO_FORWARD
547.5215,-58.8427,-56.0198,0.000,DUMMY,1,DUMMY,,,OBSTACLE_DETECTED,3.0,T2_REVERSE_TO_FORWARD
547.8195,-58.5635,-56.1240,0.000,DUMMY,1,DUMMY,,,OBSTACLE_DETECTED,3.0,T2_REVERSE_TO_FORWARD
548.1175,-58.2844,-56.2282,0.000,DUMMY,1,DUMMY,,,OBSTACLE_DETECTED,3.0,T2_REVERSE_TO_FORWARD
548.3968,-58.0333,-56.3507,0.000,DUMMY,1,DUMMY,,,OBSTACLE_DETECTED,3.0,T2_REVERSE_TO_FORWARD
548.6762,-57.7822,-56.4732,0.000,DUMMY,1,DUMMY,,,OBSTACLE_DETECTED,3.0,T2_REVERSE_TO_FORWARD
548.9555,-57.5312,-56.5957,0.000,DUMMY,1,DUMMY,,,OBSTACLE_DETECTED,3.0,T2_REVERSE_TO_FORWARD
549.2349,-57.2801,-56.7182,0.000,DUMMY,1,DUMMY,,,OBSTACLE_DETECTED,3.0,T2_REVERSE_TO_FORWARD
549.5008,-57.0352,-56.8220,0.000,DUMMY,1,DUMMY,,,OBSTACLE_DETECTED,3.0,T2_REVERSE_TO_FORWARD
549.7668,-56.7904,-56.9257,0.000,DUMMY,1,DUMMY,,,OBSTACLE_DETECTED,3.0,T2_REVERSE_TO_FORWARD
550.0327,-56.5455,-57.0295,0.000,DUMMY,1,DUMMY,,,OBSTACLE_DETECTED,3.0,T2_REVERSE_TO_FORWARD
550.2986,-56.3007,-57.1332,0.000,DUMMY,1,DUMMY,,,OBSTACLE_DETECTED,3.0,T2_REVERSE_TO_FORWARD
550.5406,-56.0725,-57.2137,0.000,DUMMY,1,DUMMY,,,OBSTACLE_DETECTED,3.0,T2_REVERSE_TO_FORWARD
550.7826,-55.8442,-57.2942,0.000,DUMMY,1,DUMMY,,,OBSTACLE_DETECTED,3.0,T2_REVERSE_TO_FORWARD
551.0247,-55.6160,-57.3747,0.000,DUMMY,1,DUMMY,,,OBSTACLE_DETECTED,3.0,T2_REVERSE_TO_FORWARD
551.2667,-55.3877,-57.4552,0.000,DUMMY,1,DUMMY,,,OBSTACLE_DETECTED,3.0,T2_REVERSE_TO_FORWARD
551.5087,-55.1595,-57.5357,0.000,DUMMY,1,DUMMY,,,OBSTACLE_DETECTED,3.0,T2_REVERSE_TO_FORWARD
551.7515,-54.9322,-57.6212,0.000,DUMMY,1,DUMMY,,,OBSTACLE_DETECTED,3.0,T2_REVERSE_TO_FORWARD
551.9943,-54.7049,-57.7066,0.000,DUMMY,1,DUMMY,,,OBSTACLE_DETECTED,3.0,T2_REVERSE_TO_FORWARD
552.2372,-54.4777,-57.7921,0.000,DUMMY,1,DUMMY,,,OBSTACLE_DETECTED,3.0,T2_REVERSE_TO_FORWARD
552.4800,-54.2504,-57.8775,0.000,DUMMY,1,DUMMY,,,OBSTACLE_DETECTED,3.0,T2_REVERSE_TO_FORWARD
552.7228,-54.0231,-57.9630,0.000,DUMMY,1,DUMMY,,,OBSTACLE_DETECTED,3.0,T2_REVERSE_TO_FORWARD
552.9742,-53.7899,-58.0570,0.000,DUMMY,1,DUMMY,,,OBSTACLE_DETECTED,3.0,T2_REVERSE_TO_FORWARD
553.2257,-53.5567,-58.1510,0.000,DUMMY,1,DUMMY,,,OBSTACLE_DETECTED,3.0,T2_REVERSE_TO_FORWARD
553.4771,-53.3235,-58.2450,0.000,DUMMY,1,DUMMY,,,OBSTACLE_DETECTED,3.0,T2_REVERSE_TO_FORWARD
553.7285,-53.0903,-58.3390,0.000,DUMMY,1,DUMMY,,,OBSTACLE_DETECTED,3.0,T2_REVERSE_TO_FORWARD
553.9800,-52.8571,-58.4330,0.000,DUMMY,1,DUMMY,,,OBSTACLE_DETECTED,3.0,T2_REVERSE_TO_FORWARD
554.2126,-52.6355,-58.5039,0.000,DUMMY,1,DUMMY,,,OBSTACLE_DETECTED,3.0,T2_REVERSE_TO_FORWARD
554.4453,-52.4139,-58.5748,0.000,DUMMY,1,DUMMY,,,OBSTACLE_DETECTED,3.0,T2_REVERSE_TO_FORWARD
554.6779,-52.1923,-58.6456,0.000,DUMMY,1,DUMMY,,,OBSTACLE_DETECTED,3.0,T2_REVERSE_TO_FORWARD
554.9106,-51.9707,-58.7165,0.000,DUMMY,1,DUMMY,,,OBSTACLE_DETECTED,3.0,T2_REVERSE_TO_FORWARD
555.1866,-51.7133,-58.8160,0.000,DUMMY,1,DUMMY,,,OBSTACLE_DETECTED,3.0,T2_REVERSE_TO_FORWARD
555.4626,-51.4558,-58.9156,0.000,DUMMY,1,DUMMY,,,OBSTACLE_DETECTED,3.0,T2_REVERSE_TO_FORWARD
555.7386,-51.1984,-59.0151,0.000,DUMMY,1,DUMMY,,,OBSTACLE_DETECTED,3.0,T2_REVERSE_TO_FORWARD
556.0146,-50.9410,-59.1146,0.000,DUMMY,1,DUMMY,,,OBSTACLE_DETECTED,3.0,T2_REVERSE_TO_FORWARD
556.2418,-50.7287,-59.1956,0.000,DUMMY,1,DUMMY,,,OBSTACLE_DETECTED,3.0,T2_REVERSE_TO_FORWARD
556.4690,-50.5165,-59.2766,0.000,DUMMY,1,DUMMY,,,OBSTACLE_DETECTED,3.0,T2_REVERSE_TO_FORWARD
556.6961,-50.3042,-59.3575,0.000,DUMMY,1,DUMMY,,,OBSTACLE_DETECTED,3.0,T2_REVERSE_TO_FORWARD
556.9233,-50.0919,-59.4385,0.000,DUMMY,1,DUMMY,,,OBSTACLE_DETECTED,3.0,T2_REVERSE_TO_FORWARD
557.2004,-49.8354,-59.5434,0.000,DUMMY,1,DUMMY,,,OBSTACLE_DETECTED,3.0,T2_REVERSE_TO_FORWARD
557.4775,-49.5790,-59.6483,0.000,DUMMY,1,DUMMY,,,OBSTACLE_DETECTED,3.0,T2_REVERSE_TO_FORWARD
557.7546,-49.3225,-59.7533,0.000,DUMMY,1,DUMMY,,,OBSTACLE_DETECTED,3.0,T2_REVERSE_TO_FORWARD
558.0317,-49.0661,-59.8582,0.000,DUMMY,1,DUMMY,,,OBSTACLE_DETECTED,3.0,T2_REVERSE_TO_FORWARD
558.3088,-48.8096,-59.9631,0.000,DUMMY,1,DUMMY,,,OBSTACLE_DETECTED,3.0,T2_REVERSE_TO_FORWARD
558.6074,-48.5356,-60.0816,0.000,DUMMY,1,DUMMY,,,OBSTACLE_DETECTED,3.0,T2_REVERSE_TO_FORWARD
558.9059,-48.2615,-60.2000,0.000,DUMMY,1,DUMMY,,,OBSTACLE_DETECTED,3.0,T2_REVERSE_TO_FORWARD
559.2045,-47.9875,-60.3185,0.000,DUMMY,1,DUMMY,,,OBSTACLE_DETECTED,3.0,T2_REVERSE_TO_FORWARD
559.5031,-47.7134,-60.4370,0.000,DUMMY,1,DUMMY,,,OBSTACLE_DETECTED,3.0,T2_REVERSE_TO_FORWARD
559.7837,-47.4558,-60.5483,0.000,DUMMY,1,DUMMY,,,OBSTACLE_DETECTED,3.0,T2_REVERSE_TO_FORWARD
560.0643,-47.1982,-60.6596,0.000,DUMMY,1,DUMMY,,,OBSTACLE_DETECTED,3.0,T2_REVERSE_TO_FORWARD
560.3449,-46.9406,-60.7709,0.000,DUMMY,1,DUMMY,,,OBSTACLE_DETECTED,3.0,T2_REVERSE_TO_FORWARD
560.6255,-46.6830,-60.8822,0.000,DUMMY,1,DUMMY,,,OBSTACLE_DETECTED,3.0,T2_REVERSE_TO_FORWARD
560.9060,-46.4170,-60.9712,0.000,DUMMY,1,DUMMY,,,OBSTACLE_DETECTED,3.0,T2_REVERSE_TO_FORWARD
561.1866,-46.1509,-61.0602,0.000,DUMMY,1,DUMMY,,,OBSTACLE_DETECTED,3.0,T2_REVERSE_TO_FORWARD
561.4671,-45.8849,-61.1492,0.000,DUMMY,1,DUMMY,,,OBSTACLE_DETECTED,3.0,T2_REVERSE_TO_FORWARD
561.7476,-45.6189,-61.2382,0.000,DUMMY,1,DUMMY,,,OBSTACLE_DETECTED,3.0,T2_REVERSE_TO_FORWARD
562.0151,-45.3704,-61.3375,0.000,DUMMY,1,DUMMY,,,OBSTACLE_DETECTED,3.0,T2_REVERSE_TO_FORWARD
562.2827,-45.1220,-61.4368,0.000,DUMMY,1,DUMMY,,,OBSTACLE_DETECTED,3.0,T2_REVERSE_TO_FORWARD
562.5503,-44.8736,-61.5361,0.000,DUMMY,1,DUMMY,,,OBSTACLE_DETECTED,3.0,T2_REVERSE_TO_FORWARD
562.8178,-44.6251,-61.6354,0.000,DUMMY,1,DUMMY,,,OBSTACLE_DETECTED,3.0,T2_REVERSE_TO_FORWARD
563.0958,-44.3717,-61.7496,0.000,DUMMY,1,DUMMY,,,OBSTACLE_DETECTED,3.0,T2_REVERSE_TO_FORWARD
563.3737,-44.1183,-61.8637,0.000,DUMMY,1,DUMMY,,,OBSTACLE_DETECTED,3.0,T2_REVERSE_TO_FORWARD
563.6517,-43.8648,-61.9779,0.000,DUMMY,1,DUMMY,,,OBSTACLE_DETECTED,3.0,T2_REVERSE_TO_FORWARD
563.9297,-43.6114,-62.0921,0.000,DUMMY,1,DUMMY,,,OBSTACLE_DETECTED,3.0,T2_REVERSE_TO_FORWARD
564.2028,-43.3617,-62.2028,0.000,DUMMY,1,DUMMY,,,OBSTACLE_DETECTED,3.0,T2_REVERSE_TO_FORWARD
564.4759,-43.1120,-62.3135,0.000,DUMMY,1,DUMMY,,,OBSTACLE_DETECTED,3.0,T2_REVERSE_TO_FORWARD
564.7491,-42.8623,-62.4243,0.000,DUMMY,1,DUMMY,,,OBSTACLE_DETECTED,3.0,T2_REVERSE_TO_FORWARD
565.0222,-42.6126,-62.5350,0.000,DUMMY,1,DUMMY,,,OBSTACLE_DETECTED,3.0,T2_REVERSE_TO_FORWARD
565.2954,-42.3629,-62.6457,0.000,DUMMY,1,DUMMY,,,OBSTACLE_DETECTED,3.0,T2_REVERSE_TO_FORWARD
565.5849,-42.0923,-62.7485,0.000,DUMMY,1,DUMMY,,,OBSTACLE_DETECTED,3.0,T2_REVERSE_TO_FORWARD
565.8744,-41.8217,-62.8513,0.000,DUMMY,1,DUMMY,,,OBSTACLE_DETECTED,3.0,T2_REVERSE_TO_FORWARD
566.1639,-41.5510,-62.9541,0.000,DUMMY,1,DUMMY,,,OBSTACLE_DETECTED,3.0,T2_REVERSE_TO_FORWARD
566.4534,-41.2804,-63.0569,0.000,DUMMY,1,DUMMY,,,OBSTACLE_DETECTED,3.0,T2_REVERSE_TO_FORWARD
566.7020,-41.0529,-63.1572,0.000,DUMMY,1,DUMMY,,,OBSTACLE_DETECTED,3.0,T2_REVERSE_TO_FORWARD
566.9506,-40.8254,-63.2575,0.000,DUMMY,1,DUMMY,,,OBSTACLE_DETECTED,3.0,T2_REVERSE_TO_FORWARD
567.1992,-40.5979,-63.3578,0.000,DUMMY,1,DUMMY,,,OBSTACLE_DETECTED,3.0,T2_REVERSE_TO_FORWARD
567.4479,-40.3704,-63.4581,0.000,DUMMY,1,DUMMY,,,OBSTACLE_DETECTED,3.0,T2_REVERSE_TO_FORWARD
567.6965,-40.1429,-63.5584,0.000,DUMMY,1,DUMMY,,,OBSTACLE_DETECTED,3.0,T2_REVERSE_TO_FORWARD
567.9598,-39.8989,-63.6572,0.000,DUMMY,1,DUMMY,,,OBSTACLE_DETECTED,3.0,T2_REVERSE_TO_FORWARD
568.2230,-39.6549,-63.7561,0.000,DUMMY,1,DUMMY,,,OBSTACLE_DETECTED,3.0,T2_REVERSE_TO_FORWARD
568.4863,-39.4109,-63.8550,0.000,DUMMY,1,DUMMY,,,OBSTACLE_DETECTED,3.0,T2_REVERSE_TO_FORWARD
568.7496,-39.1669,-63.9538,0.000,DUMMY,1,DUMMY,,,OBSTACLE_DETECTED,3.0,T2_REVERSE_TO_FORWARD
568.9924,-38.9410,-64.0429,0.000,DUMMY,1,DUMMY,,,OBSTACLE_DETECTED,3.0,T2_REVERSE_TO_FORWARD
569.2353,-38.7151,-64.1320,0.000,DUMMY,1,DUMMY,,,OBSTACLE_DETECTED,3.0,T2_REVERSE_TO_FORWARD
569.4781,-38.4891,-64.2211,0.000,DUMMY,1,DUMMY,,,OBSTACLE_DETECTED,3.0,T2_REVERSE_TO_FORWARD
569.7210,-38.2632,-64.3102,0.000,DUMMY,1,DUMMY,,,OBSTACLE_DETECTED,3.0,T2_REVERSE_TO_FORWARD
569.9638,-38.0373,-64.3993,0.000,DUMMY,1,DUMMY,,,OBSTACLE_DETECTED,3.0,T2_REVERSE_TO_FORWARD
570.2093,-37.8158,-64.5052,0.000,DUMMY,1,DUMMY,,,OBSTACLE_DETECTED,3.0,T2_REVERSE_TO_FORWARD
570.4549,-37.5943,-64.6112,0.000,DUMMY,1,DUMMY,,,OBSTACLE_DETECTED,3.0,T2_REVERSE_TO_FORWARD
570.7004,-37.3729,-64.7171,0.000,DUMMY,1,DUMMY,,,OBSTACLE_DETECTED,3.0,T2_REVERSE_TO_FORWARD
570.9459,-37.1514,-64.8231,0.000,DUMMY,1,DUMMY,,,OBSTACLE_DETECTED,3.0,T2_REVERSE_TO_FORWARD
571.1914,-36.9299,-64.9290,0.000,DUMMY,1,DUMMY,,,OBSTACLE_DETECTED,3.0,T2_REVERSE_TO_FORWARD
571.4893,-36.6555,-65.0450,0.000,DUMMY,1,DUMMY,,,OBSTACLE_DETECTED,3.0,T2_REVERSE_TO_FORWARD
571.7873,-36.3810,-65.1609,0.000,DUMMY,1,DUMMY,,,OBSTACLE_DETECTED,3.0,T2_REVERSE_TO_FORWARD
572.0852,-36.1065,-65.2769,0.000,DUMMY,1,DUMMY,,,OBSTACLE_DETECTED,3.0,T2_REVERSE_TO_FORWARD
572.3832,-35.8321,-65.3929,0.000,DUMMY,1,DUMMY,,,OBSTACLE_DETECTED,3.0,T2_REVERSE_TO_FORWARD
572.6438,-35.5939,-65.4987,0.000,DUMMY,1,DUMMY,,,OBSTACLE_DETECTED,3.0,T2_REVERSE_TO_FORWARD
572.9044,-35.3558,-65.6045,0.000,DUMMY,1,DUMMY,,,OBSTACLE_DETECTED,3.0,T2_REVERSE_TO_FORWARD
573.1650,-35.1176,-65.7102,0.000,DUMMY,1,DUMMY,,,OBSTACLE_DETECTED,3.0,T2_REVERSE_TO_FORWARD
573.4256,-34.8795,-65.8160,0.000,DUMMY,1,DUMMY,,,OBSTACLE_DETECTED,3.0,T2_REVERSE_TO_FORWARD
573.6862,-34.6413,-65.9218,0.000,DUMMY,1,DUMMY,,,OBSTACLE_DETECTED,3.0,T2_REVERSE_TO_FORWARD
573.9399,-34.4022,-66.0068,0.000,DUMMY,1,DUMMY,,,OBSTACLE_DETECTED,3.0,T2_REVERSE_TO_FORWARD
574.1936,-34.1632,-66.0917,0.000,DUMMY,1,DUMMY,,,OBSTACLE_DETECTED,3.0,T2_REVERSE_TO_FORWARD
574.4473,-33.9241,-66.1766,0.000,DUMMY,1,DUMMY,,,OBSTACLE_DETECTED,3.0,T2_REVERSE_TO_FORWARD
574.7010,-33.6850,-66.2616,0.000,DUMMY,1,DUMMY,,,OBSTACLE_DETECTED,3.0,T2_REVERSE_TO_FORWARD
574.9480,-33.4568,-66.3561,0.000,DUMMY,1,DUMMY,,,OBSTACLE_DETECTED,3.0,T2_REVERSE_TO_FORWARD
575.1949,-33.2287,-66.4505,0.000,DUMMY,1,DUMMY,,,OBSTACLE_DETECTED,3.0,T2_REVERSE_TO_FORWARD
575.4419,-33.0005,-66.5450,0.000,DUMMY,1,DUMMY,,,OBSTACLE_DETECTED,3.0,T2_REVERSE_TO_FORWARD
575.6888,-32.7724,-66.6394,0.000,DUMMY,1,DUMMY,,,OBSTACLE_DETECTED,3.0,T2_REVERSE_TO_FORWARD
575.9357,-32.5442,-66.7339,0.000,DUMMY,1,DUMMY,DUMMY_OBSTACLE_ZONE_END,,OBSTACLE_DETECTED,3.0,T2_REVERSE_TO_FORWARD
576.2353,-32.2633,-66.8379,0.000,NORMAL,1,ROUTE,,,,,T2_REVERSE_TO_FORWARD
576.5349,-31.9823,-66.9419,0.000,NORMAL,1,ROUTE,,,,,T2_REVERSE_TO_FORWARD
576.8344,-31.7014,-67.0459,0.000,NORMAL,1,ROUTE,,,,,T2_REVERSE_TO_FORWARD
577.1340,-31.4205,-67.1499,0.000,NORMAL,1,ROUTE,,,,,T2_REVERSE_TO_FORWARD
577.3805,-31.1843,-67.2204,0.000,NORMAL,1,ROUTE,,,,,T2_REVERSE_TO_FORWARD
577.6270,-30.9481,-67.2909,0.000,NORMAL,1,ROUTE,,,,,T2_REVERSE_TO_FORWARD
577.8735,-30.7118,-67.3613,0.000,NORMAL,1,ROUTE,,,,,T2_REVERSE_TO_FORWARD
578.1200,-30.4756,-67.4318,0.000,NORMAL,1,ROUTE,,,,,T2_REVERSE_TO_FORWARD
578.3665,-30.2394,-67.5023,0.000,NORMAL,1,ROUTE,,,,,T2_REVERSE_TO_FORWARD
578.6460,-29.9709,-67.5797,0.000,NORMAL,1,ROUTE,,,,,T2_REVERSE_TO_FORWARD
578.9254,-29.7024,-67.6572,0.000,NORMAL,1,ROUTE,,,,,T2_REVERSE_TO_FORWARD
579.2049,-29.4338,-67.7346,0.000,NORMAL,1,ROUTE,,,,,T2_REVERSE_TO_FORWARD
579.4844,-29.1653,-67.8121,0.000,NORMAL,1,ROUTE,,,,,T2_REVERSE_TO_FORWARD
579.7638,-28.8968,-67.8895,0.000,NORMAL,1,ROUTE,,,,,T2_REVERSE_TO_FORWARD
580.0310,-28.6326,-67.9295,0.000,NORMAL,1,ROUTE,,,,,T2_REVERSE_TO_FORWARD
580.2982,-28.3685,-67.9695,0.000,NORMAL,1,ROUTE,,,,,T2_REVERSE_TO_FORWARD
580.5654,-28.1043,-68.0096,0.000,NORMAL,1,ROUTE,,,,,T2_REVERSE_TO_FORWARD
580.8325,-27.8402,-68.0496,0.000,NORMAL,1,ROUTE,,,,,T2_REVERSE_TO_FORWARD
581.0997,-27.5760,-68.0896,0.000,NORMAL,1,ROUTE,,,,,T2_REVERSE_TO_FORWARD
581.3624,-27.3198,-68.0316,0.000,NORMAL,1,ROUTE,,,,,T2_REVERSE_TO_FORWARD
581.6251,-27.0636,-67.9735,0.000,NORMAL,1,ROUTE,,,,,T2_REVERSE_TO_FORWARD
581.8878,-26.8074,-67.9154,0.000,NORMAL,1,ROUTE,,,,,T2_REVERSE_TO_FORWARD
582.1505,-26.5512,-67.8574,0.000,NORMAL,1,ROUTE,,,,,T2_REVERSE_TO_FORWARD
582.4445,-26.2693,-67.7738,0.000,NORMAL,1,ROUTE,,,,,T2_REVERSE_TO_FORWARD
582.7386,-25.9874,-67.6902,0.000,NORMAL,1,ROUTE,,,,,T2_REVERSE_TO_FORWARD
583.0326,-25.7055,-67.6065,0.000,NORMAL,1,ROUTE,,,,,T2_REVERSE_TO_FORWARD
583.3266,-25.4236,-67.5229,0.000,NORMAL,1,ROUTE,,,,,T2_REVERSE_TO_FORWARD
583.6207,-25.1417,-67.4393,0.000,NORMAL,1,ROUTE,,,,,T2_REVERSE_TO_FORWARD
583.8757,-24.9095,-67.3340,0.000,NORMAL,1,ROUTE,,,,,T2_REVERSE_TO_FORWARD
584.1306,-24.6773,-67.2288,0.000,NORMAL,1,ROUTE,,,,,T2_REVERSE_TO_FORWARD
584.3856,-24.4450,-67.1235,0.000,NORMAL,1,ROUTE,,,,,T2_REVERSE_TO_FORWARD
584.6405,-24.2128,-67.0183,0.000,NORMAL,1,ROUTE,,,,,T2_REVERSE_TO_FORWARD
584.8955,-23.9806,-66.9130,0.000,NORMAL,1,ROUTE,,,,,T2_REVERSE_TO_FORWARD
585.1587,-23.7888,-66.7328,0.000,NORMAL,1,ROUTE,,,,,T2_REVERSE_TO_FORWARD
585.4218,-23.5969,-66.5527,0.000,NORMAL,1,ROUTE,,,,,T2_REVERSE_TO_FORWARD
585.6850,-23.4051,-66.3726,0.000,NORMAL,1,ROUTE,,,,,T2_REVERSE_TO_FORWARD
585.9481,-23.2133,-66.1924,0.000,NORMAL,1,ROUTE,,,,,T2_REVERSE_TO_FORWARD
586.2383,-23.0477,-65.9541,0.000,NORMAL,1,ROUTE,,,,,T2_REVERSE_TO_FORWARD
586.5285,-22.8820,-65.7159,0.000,NORMAL,1,ROUTE,,,,,T2_REVERSE_TO_FORWARD
586.8187,-22.7163,-65.4776,0.000,NORMAL,1,ROUTE,,,,,T2_REVERSE_TO_FORWARD
587.1089,-22.5507,-65.2393,0.000,NORMAL,1,ROUTE,,,,,T2_REVERSE_TO_FORWARD
587.3946,-22.4025,-64.9950,0.000,NORMAL,1,ROUTE,,,,,T2_REVERSE_TO_FORWARD
587.6804,-22.2544,-64.7507,0.000,NORMAL,1,ROUTE,,,,,T2_REVERSE_TO_FORWARD
587.9661,-22.1062,-64.5064,0.000,NORMAL,1,ROUTE,,,,,T2_REVERSE_TO_FORWARD
588.2566,-21.9629,-64.2536,0.000,NORMAL,1,ROUTE,,,,,T2_REVERSE_TO_FORWARD
588.5472,-21.8196,-64.0008,0.000,NORMAL,1,ROUTE,,,,,T2_REVERSE_TO_FORWARD
588.8378,-21.6764,-63.7481,0.000,NORMAL,1,ROUTE,,,,,T2_REVERSE_TO_FORWARD
589.1283,-21.5331,-63.4953,0.000,NORMAL,1,ROUTE,,,,,T2_REVERSE_TO_FORWARD
589.4189,-21.3898,-63.2425,0.000,NORMAL,1,ROUTE,,,,,T2_REVERSE_TO_FORWARD
589.6761,-21.2813,-63.0094,0.000,NORMAL,1,ROUTE,,,,,T2_REVERSE_TO_FORWARD
589.9332,-21.1728,-62.7762,0.000,NORMAL,1,ROUTE,,,,,T2_REVERSE_TO_FORWARD
590.1904,-21.0643,-62.5431,0.000,NORMAL,1,ROUTE,,,,,T2_REVERSE_TO_FORWARD
590.4475,-20.9557,-62.3099,0.000,NORMAL,1,ROUTE,,,,,T2_REVERSE_TO_FORWARD
590.7047,-20.8472,-62.0768,0.000,NORMAL,1,ROUTE,,,,,T2_REVERSE_TO_FORWARD
590.9618,-20.7387,-61.8436,0.000,NORMAL,1,ROUTE,,,,,T2_REVERSE_TO_FORWARD
591.2190,-20.6302,-61.6105,0.000,NORMAL,1,ROUTE,,,,,T2_REVERSE_TO_FORWARD
591.4217,-20.5272,-61.4359,0.000,NORMAL,1,ROUTE,,,,,T2_REVERSE_TO_FORWARD
591.6244,-20.4241,-61.2614,0.000,NORMAL,1,ROUTE,,,,,T2_REVERSE_TO_FORWARD
591.8271,-20.3211,-61.0868,0.000,NORMAL,1,ROUTE,,,,,T2_REVERSE_TO_FORWARD
592.0798,-20.2005,-60.8648,0.000,NORMAL,1,ROUTE,,,,,T2_REVERSE_TO_FORWARD
592.3324,-20.0798,-60.6429,0.000,NORMAL,1,ROUTE,,,,,T2_REVERSE_TO_FORWARD
592.5850,-19.9592,-60.4209,0.000,NORMAL,1,ROUTE,,,,,T2_REVERSE_TO_FORWARD
592.7953,-19.8693,-60.2308,0.000,NORMAL,1,ROUTE,,,,,T2_REVERSE_TO_FORWARD
593.0056,-19.7795,-60.0406,0.000,NORMAL,1,ROUTE,,,,,T2_REVERSE_TO_FORWARD
593.2159,-19.6896,-59.8505,0.000,NORMAL,1,ROUTE,,,,,T2_REVERSE_TO_FORWARD
593.4929,-19.5945,-59.5904,0.000,NORMAL,1,ROUTE,,,,,T2_REVERSE_TO_FORWARD
593.7699,-19.4994,-59.3302,0.000,NORMAL,1,ROUTE,,,,,T2_REVERSE_TO_FORWARD
594.0192,-19.3963,-59.1032,0.000,NORMAL,1,ROUTE,,,,,T2_REVERSE_TO_FORWARD
594.2685,-19.2933,-58.8762,0.000,NORMAL,1,ROUTE,,,,,T2_REVERSE_TO_FORWARD
594.5178,-19.1902,-58.6492,0.000,NORMAL,1,ROUTE,,,,,T2_REVERSE_TO_FORWARD
594.7671,-19.0871,-58.4222,0.000,NORMAL,1,ROUTE,,,,,T2_REVERSE_TO_FORWARD
595.0517,-18.9684,-58.1636,0.000,NORMAL,1,ROUTE,,,,,T2_REVERSE_TO_FORWARD
595.3362,-18.8497,-57.9050,0.000,NORMAL,1,ROUTE,,,,,T2_REVERSE_TO_FORWARD
595.6207,-18.7310,-57.6464,0.000,NORMAL,1,ROUTE,,,,,T2_REVERSE_TO_FORWARD
595.8516,-18.6409,-57.4339,0.000,NORMAL,1,ROUTE,,,,,T2_REVERSE_TO_FORWARD
596.0824,-18.5509,-57.2213,0.000,NORMAL,1,ROUTE,,,,,T2_REVERSE_TO_FORWARD
596.3132,-18.4608,-57.0088,0.000,NORMAL,1,ROUTE,,,,,T2_REVERSE_TO_FORWARD
596.5478,-18.3846,-56.7870,0.000,NORMAL,1,ROUTE,,,,,T2_REVERSE_TO_FORWARD
596.7824,-18.3083,-56.5651,0.000,NORMAL,1,ROUTE,,,,,T2_REVERSE_TO_FORWARD
597.0169,-18.2321,-56.3433,0.000,NORMAL,1,ROUTE,,,,,T2_REVERSE_TO_FORWARD
597.2858,-18.1534,-56.0862,0.000,NORMAL,1,ROUTE,,,,,T2_REVERSE_TO_FORWARD
597.5547,-18.0748,-55.8290,0.000,NORMAL,1,ROUTE,,,,,T2_REVERSE_TO_FORWARD
597.8236,-17.9961,-55.5719,0.000,NORMAL,1,ROUTE,,,,,T2_REVERSE_TO_FORWARD
598.0664,-17.8994,-55.3492,0.000,NORMAL,1,ROUTE,,,,,T2_REVERSE_TO_FORWARD
598.3091,-17.8028,-55.1265,0.000,NORMAL,1,ROUTE,,,,,T2_REVERSE_TO_FORWARD
598.5519,-17.7062,-54.9039,0.000,NORMAL,1,ROUTE,,,,,T2_REVERSE_TO_FORWARD
598.7946,-17.6095,-54.6812,0.000,NORMAL,1,ROUTE,,,,,T2_REVERSE_TO_FORWARD
599.0562,-17.5130,-54.4381,0.000,NORMAL,1,ROUTE,,,,,T2_REVERSE_TO_FORWARD
599.3177,-17.4165,-54.1950,0.000,NORMAL,1,ROUTE,,,,,T2_REVERSE_TO_FORWARD
599.5793,-17.3200,-53.9519,0.000,NORMAL,1,ROUTE,,,,,T2_REVERSE_TO_FORWARD
599.8616,-17.2211,-53.6875,0.000,NORMAL,1,ROUTE,,,,,T2_REVERSE_TO_FORWARD
600.1439,-17.1221,-53.4231,0.000,NORMAL,1,ROUTE,,,,,T2_REVERSE_TO_FORWARD
600.4262,-17.0232,-53.1587,0.000,NORMAL,1,ROUTE,,,,,T2_REVERSE_TO_FORWARD
600.6827,-16.9192,-52.9241,0.000,NORMAL,1,ROUTE,,,,,T2_REVERSE_TO_FORWARD
600.9393,-16.8153,-52.6896,0.000,NORMAL,1,ROUTE,,,,,T2_REVERSE_TO_FORWARD
601.1959,-16.7113,-52.4550,0.000,NORMAL,1,ROUTE,,,,,T2_REVERSE_TO_FORWARD
601.4721,-16.6217,-52.1938,0.000,NORMAL,1,ROUTE,,,,,T2_REVERSE_TO_FORWARD
601.7483,-16.5320,-51.9325,0.000,NORMAL,1,ROUTE,,,,,T2_REVERSE_TO_FORWARD
602.0244,-16.4424,-51.6713,0.000,NORMAL,1,ROUTE,,,,,T2_REVERSE_TO_FORWARD
602.2630,-16.3236,-51.4645,0.000,NORMAL,1,ROUTE,,,,,T2_REVERSE_TO_FORWARD
602.5015,-16.2047,-51.2576,0.000,NORMAL,1,ROUTE,,,,,T2_REVERSE_TO_FORWARD
602.7401,-16.0859,-51.0508,0.000,NORMAL,1,ROUTE,,,,,T2_REVERSE_TO_FORWARD
602.9913,-15.9870,-50.8198,0.000,NORMAL,1,ROUTE,,,,,T2_REVERSE_TO_FORWARD
603.2426,-15.8880,-50.5889,0.000,NORMAL,1,ROUTE,,,,,T2_REVERSE_TO_FORWARD
603.4939,-15.7891,-50.3579,0.000,NORMAL,1,ROUTE,,,,,T2_REVERSE_TO_FORWARD
603.7375,-15.7152,-50.1258,0.000,NORMAL,1,ROUTE,,,,,T2_REVERSE_TO_FORWARD
603.9811,-15.6413,-49.8937,0.000,NORMAL,1,ROUTE,,,,,T2_REVERSE_TO_FORWARD
604.2247,-15.5674,-49.6615,0.000,NORMAL,1,ROUTE,,,,,T2_REVERSE_TO_FORWARD
604.4683,-15.4935,-49.4294,0.000,NORMAL,1,ROUTE,,,,,T2_REVERSE_TO_FORWARD
604.7381,-15.4131,-49.1719,0.000,NORMAL,1,ROUTE,,,,,T2_REVERSE_TO_FORWARD
605.0079,-15.3326,-48.9143,0.000,NORMAL,1,ROUTE,,,,,T2_REVERSE_TO_FORWARD
605.2777,-15.2522,-48.6568,0.000,NORMAL,1,ROUTE,,,,,T2_REVERSE_TO_FORWARD
605.5417,-15.1291,-48.4232,0.000,NORMAL,1,ROUTE,,,,,T2_REVERSE_TO_FORWARD
605.8058,-15.0059,-48.1896,0.000,NORMAL,1,ROUTE,,,,,T2_REVERSE_TO_FORWARD
606.0699,-14.8828,-47.9560,0.000,NORMAL,1,ROUTE,,,,,T2_REVERSE_TO_FORWARD
606.3570,-14.7971,-47.6820,0.000,NORMAL,1,ROUTE,,,,,T2_REVERSE_TO_FORWARD
606.6441,-14.7114,-47.4080,0.000,NORMAL,1,ROUTE,,,,,T2_REVERSE_TO_FORWARD
606.8823,-14.6275,-47.1850,0.000,NORMAL,1,ROUTE,,,,,T2_REVERSE_TO_FORWARD
607.1206,-14.5437,-46.9620,0.000,NORMAL,1,ROUTE,,,,,T2_REVERSE_TO_FORWARD
607.3589,-14.4598,-46.7389,0.000,NORMAL,1,ROUTE,,,,,T2_REVERSE_TO_FORWARD
607.5971,-14.3760,-46.5159,0.000,NORMAL,1,ROUTE,,,,,T2_REVERSE_TO_FORWARD
607.8364,-14.2927,-46.2916,0.000,NORMAL,1,ROUTE,,,,,T2_REVERSE_TO_FORWARD
608.0757,-14.2095,-46.0673,0.000,NORMAL,1,ROUTE,,,,,T2_REVERSE_TO_FORWARD
608.3150,-14.1262,-45.8429,0.000,NORMAL,1,ROUTE,,,,,T2_REVERSE_TO_FORWARD
608.5543,-14.0429,-45.6186,0.000,NORMAL,1,ROUTE,,,,,T2_REVERSE_TO_FORWARD
608.8219,-13.9306,-45.3756,0.000,NORMAL,1,ROUTE,,,,,T2_REVERSE_TO_FORWARD
609.0896,-13.8184,-45.1327,0.000,NORMAL,1,ROUTE,,,,,T2_REVERSE_TO_FORWARD
609.3572,-13.7061,-44.8897,0.000,NORMAL,1,ROUTE,,,,,T2_REVERSE_TO_FORWARD
609.6041,-13.6127,-44.6612,0.000,NORMAL,1,ROUTE,,,,,T2_REVERSE_TO_FORWARD
609.8509,-13.5192,-44.4327,0.000,NORMAL,1,ROUTE,,,,,T2_REVERSE_TO_FORWARD
610.0978,-13.4258,-44.2042,0.000,NORMAL,1,ROUTE,,,,,T2_REVERSE_TO_FORWARD
610.3670,-13.3272,-43.9537,0.000,NORMAL,1,ROUTE,,,,,T2_REVERSE_TO_FORWARD
610.6361,-13.2287,-43.7033,0.000,NORMAL,1,ROUTE,,,,,T2_REVERSE_TO_FORWARD
610.9053,-13.1301,-43.4528,0.000,NORMAL,1,ROUTE,,,,,T2_REVERSE_TO_FORWARD
611.1530,-13.0346,-43.2242,0.000,NORMAL,1,ROUTE,,,,,T2_REVERSE_TO_FORWARD
611.4007,-12.9391,-42.9956,0.000,NORMAL,1,ROUTE,,,,,T2_REVERSE_TO_FORWARD
611.6485,-12.8436,-42.7671,0.000,PARALLEL_PARK,1,PARALLEL_PARK,PARALLEL_PARK_START,ENTER_ZONE,,,T2_REVERSE_TO_FORWARD
611.8962,-12.7481,-42.5385,0.000,PARALLEL_PARK,1,PARALLEL_PARK,,,,,T2_REVERSE_TO_FORWARD
612.0456,-12.6651,-42.4143,0.000,PARALLEL_PARK,1,PARALLEL_PARK,,,,,T2_REVERSE_TO_FORWARD
612.1950,-12.5875,-42.2866,0.000,PARALLEL_PARK,1,PARALLEL_PARK,,,,,T2_REVERSE_TO_FORWARD
612.3444,-12.5133,-42.1570,0.000,PARALLEL_PARK,1,PARALLEL_PARK,,,,,T2_REVERSE_TO_FORWARD
612.4938,-12.4415,-42.0259,0.000,PARALLEL_PARK,1,PARALLEL_PARK,,,,,T2_REVERSE_TO_FORWARD
612.6432,-12.3719,-41.8937,0.000,PARALLEL_PARK,1,PARALLEL_PARK,,,,,T2_REVERSE_TO_FORWARD
612.7926,-12.3040,-41.7606,0.000,PARALLEL_PARK,1,PARALLEL_PARK,,,,,T2_REVERSE_TO_FORWARD
612.9420,-12.2378,-41.6267,0.000,PARALLEL_PARK,1,PARALLEL_PARK,,,,,T2_REVERSE_TO_FORWARD
613.0914,-12.1731,-41.4920,0.000,PARALLEL_PARK,1,PARALLEL_PARK,,,,,T2_REVERSE_TO_FORWARD
613.2408,-12.1099,-41.3567,0.000,PARALLEL_PARK,1,PARALLEL_PARK,,,,,T2_REVERSE_TO_FORWARD
613.3902,-12.0481,-41.2206,0.000,PARALLEL_PARK,1,PARALLEL_PARK,,,,,T2_REVERSE_TO_FORWARD
613.5396,-11.9877,-41.0840,0.000,PARALLEL_PARK,1,PARALLEL_PARK,,,,,T2_REVERSE_TO_FORWARD
613.6890,-11.9287,-40.9467,0.000,PARALLEL_PARK,1,PARALLEL_PARK,,,,,T2_REVERSE_TO_FORWARD
613.8384,-11.8712,-40.8088,0.000,PARALLEL_PARK,1,PARALLEL_PARK,,,,,T2_REVERSE_TO_FORWARD
613.9878,-11.8152,-40.6703,0.000,PARALLEL_PARK,1,PARALLEL_PARK,,,,,T2_REVERSE_TO_FORWARD
614.1372,-11.7607,-40.5312,0.000,PARALLEL_PARK,1,PARALLEL_PARK,,,,,T2_REVERSE_TO_FORWARD
614.2866,-11.7078,-40.3915,0.000,PARALLEL_PARK,1,PARALLEL_PARK,,,,,T2_REVERSE_TO_FORWARD
614.4360,-11.6566,-40.2511,0.000,PARALLEL_PARK,1,PARALLEL_PARK,,,,,T2_REVERSE_TO_FORWARD
614.5854,-11.6072,-40.1101,0.000,PARALLEL_PARK,1,PARALLEL_PARK,,,,,T2_REVERSE_TO_FORWARD
614.7349,-11.5598,-39.9684,0.000,PARALLEL_PARK,1,PARALLEL_PARK,,,,,T2_REVERSE_TO_FORWARD
614.8843,-11.5145,-39.8260,0.000,PARALLEL_PARK,1,PARALLEL_PARK,,,,,T2_REVERSE_TO_FORWARD
615.0337,-11.4715,-39.6830,0.000,PARALLEL_PARK,1,PARALLEL_PARK,,,,,T2_REVERSE_TO_FORWARD
615.1831,-11.4310,-39.5391,0.000,PARALLEL_PARK,1,PARALLEL_PARK,,,,,T2_REVERSE_TO_FORWARD
615.3325,-11.3932,-39.3946,0.000,PARALLEL_PARK,1,PARALLEL_PARK,,,,,T2_REVERSE_TO_FORWARD
615.4819,-11.3582,-39.2494,0.000,PARALLEL_PARK,1,PARALLEL_PARK,,,,,T2_REVERSE_TO_FORWARD
615.6313,-11.3263,-39.1034,0.000,PARALLEL_PARK,1,PARALLEL_PARK,,,,,T2_REVERSE_TO_FORWARD
615.7807,-11.2976,-38.9568,0.000,PARALLEL_PARK,1,PARALLEL_PARK,,,,,T2_REVERSE_TO_FORWARD
615.9301,-11.2725,-38.8095,0.000,PARALLEL_PARK,1,PARALLEL_PARK,,,,,T2_REVERSE_TO_FORWARD
616.0795,-11.2511,-38.6616,0.000,PARALLEL_PARK,1,PARALLEL_PARK,,,,,T2_REVERSE_TO_FORWARD
616.2289,-11.2337,-38.5133,0.000,PARALLEL_PARK,1,PARALLEL_PARK,,,,,T2_REVERSE_TO_FORWARD
616.3783,-11.2203,-38.3645,0.000,PARALLEL_PARK,1,PARALLEL_PARK,,,,,T2_REVERSE_TO_FORWARD
616.5277,-11.2107,-38.2154,0.000,PARALLEL_PARK,1,PARALLEL_PARK,,,,,T2_REVERSE_TO_FORWARD
616.6771,-11.2050,-38.0661,0.000,PARALLEL_PARK,1,PARALLEL_PARK,,,,,T2_REVERSE_TO_FORWARD
616.8265,-11.2029,-37.9167,0.000,PARALLEL_PARK,1,PARALLEL_PARK,,,,,T2_REVERSE_TO_FORWARD
616.9759,-11.2044,-37.7673,0.000,PARALLEL_PARK,1,PARALLEL_PARK,,,,,T2_REVERSE_TO_FORWARD
617.1253,-11.2094,-37.6180,0.000,PARALLEL_PARK,1,PARALLEL_PARK,,,,,T2_REVERSE_TO_FORWARD
617.2747,-11.2177,-37.4688,0.000,PARALLEL_PARK,1,PARALLEL_PARK,,,,,T2_REVERSE_TO_FORWARD
617.4241,-11.2292,-37.3198,0.000,PARALLEL_PARK,1,PARALLEL_PARK,,,,,T2_REVERSE_TO_FORWARD
617.5735,-11.2437,-37.1711,0.000,PARALLEL_PARK,1,PARALLEL_PARK,,,,,T2_REVERSE_TO_FORWARD
617.7229,-11.2612,-37.0228,0.000,PARALLEL_PARK,1,PARALLEL_PARK,,,,,T2_REVERSE_TO_FORWARD
617.8723,-11.2815,-36.8748,0.000,PARALLEL_PARK,1,PARALLEL_PARK,,,,,T2_REVERSE_TO_FORWARD
618.0217,-11.3045,-36.7271,0.000,PARALLEL_PARK,1,PARALLEL_PARK,,,,,T2_REVERSE_TO_FORWARD
618.1711,-11.3300,-36.5799,0.000,PARALLEL_PARK,1,PARALLEL_PARK,,,,,T2_REVERSE_TO_FORWARD
618.3205,-11.3578,-36.4331,0.000,PARALLEL_PARK,1,PARALLEL_PARK,,,,,T2_REVERSE_TO_FORWARD
618.4699,-11.3879,-36.2868,0.000,PARALLEL_PARK,1,PARALLEL_PARK,,,,,T2_REVERSE_TO_FORWARD
618.6193,-11.4200,-36.1409,0.000,PARALLEL_PARK,1,PARALLEL_PARK,,,,,T2_REVERSE_TO_FORWARD
618.7687,-11.4542,-35.9954,0.000,PARALLEL_PARK,1,PARALLEL_PARK,,,,,T2_REVERSE_TO_FORWARD
618.9182,-11.4901,-35.8504,0.000,PARALLEL_PARK,1,PARALLEL_PARK,,,,,T2_REVERSE_TO_FORWARD
619.0676,-11.5278,-35.7058,0.000,PARALLEL_PARK,1,PARALLEL_PARK,,,,,T2_REVERSE_TO_FORWARD
619.2170,-11.5670,-35.5617,0.000,PARALLEL_PARK,1,PARALLEL_PARK,,,,,T2_REVERSE_TO_FORWARD
619.3664,-11.6077,-35.4179,0.000,PARALLEL_PARK,1,PARALLEL_PARK,,,,,T2_REVERSE_TO_FORWARD
619.5158,-11.6497,-35.2745,0.000,PARALLEL_PARK,1,PARALLEL_PARK,,,,,T2_REVERSE_TO_FORWARD
619.6652,-11.6929,-35.1315,0.000,PARALLEL_PARK,1,PARALLEL_PARK,,,,,T2_REVERSE_TO_FORWARD
619.8146,-11.7372,-34.9888,0.000,PARALLEL_PARK,1,PARALLEL_PARK,,,,,T2_REVERSE_TO_FORWARD
619.9640,-11.7826,-34.8464,0.000,PARALLEL_PARK,1,PARALLEL_PARK,,,,,T2_REVERSE_TO_FORWARD
620.1134,-11.8289,-34.7044,0.000,PARALLEL_PARK,1,PARALLEL_PARK,,,,,T2_REVERSE_TO_FORWARD
620.2628,-11.8761,-34.5626,0.000,PARALLEL_PARK,1,PARALLEL_PARK,,,,,T2_REVERSE_TO_FORWARD
620.4122,-11.9242,-34.4212,0.000,PARALLEL_PARK,1,PARALLEL_PARK,,,,,T2_REVERSE_TO_FORWARD
620.5616,-11.9731,-34.2800,0.000,PARALLEL_PARK,1,PARALLEL_PARK,,,,,T2_REVERSE_TO_FORWARD
620.7110,-12.0229,-34.1391,0.000,PARALLEL_PARK,1,PARALLEL_PARK,,,,,T2_REVERSE_TO_FORWARD
620.8604,-12.0733,-33.9985,0.000,PARALLEL_PARK,1,PARALLEL_PARK,,,,,T2_REVERSE_TO_FORWARD
621.0098,-12.1245,-33.8582,0.000,PARALLEL_PARK,1,PARALLEL_PARK,,,,,T2_REVERSE_TO_FORWARD
621.1592,-12.1763,-33.7180,0.000,PARALLEL_PARK,1,PARALLEL_PARK,,,,,T2_REVERSE_TO_FORWARD
621.3086,-12.2287,-33.5781,0.000,PARALLEL_PARK,1,PARALLEL_PARK,,,,,T2_REVERSE_TO_FORWARD
621.4581,-12.2817,-33.4384,0.000,PARALLEL_PARK,1,PARALLEL_PARK,,,,,T2_REVERSE_TO_FORWARD
621.6075,-12.3352,-33.2989,0.000,PARALLEL_PARK,1,PARALLEL_PARK,,,,,T2_REVERSE_TO_FORWARD
621.7569,-12.3891,-33.1596,0.000,PARALLEL_PARK,1,PARALLEL_PARK,,,,,T2_REVERSE_TO_FORWARD
621.9063,-12.4434,-33.0204,0.000,PARALLEL_PARK,1,PARALLEL_PARK,,,,,T2_REVERSE_TO_FORWARD
622.0557,-12.4981,-32.8814,0.000,PARALLEL_PARK,1,PARALLEL_PARK,,,,,T2_REVERSE_TO_FORWARD
622.2051,-12.5531,-32.7424,0.000,PARALLEL_PARK,1,PARALLEL_PARK,,,,,T2_REVERSE_TO_FORWARD
622.3545,-12.6084,-32.6036,0.000,PARALLEL_PARK,1,PARALLEL_PARK,,,,,T2_REVERSE_TO_FORWARD
622.5039,-12.6639,-32.4649,0.000,PARALLEL_PARK,1,PARALLEL_PARK,,,,,T2_REVERSE_TO_FORWARD
622.6533,-12.7195,-32.3263,0.000,PARALLEL_PARK,1,PARALLEL_PARK,,,,,T2_REVERSE_TO_FORWARD
622.8027,-12.7753,-32.1877,0.000,PARALLEL_PARK,1,PARALLEL_PARK,,,,,T2_REVERSE_TO_FORWARD
622.9521,-12.8312,-32.0491,0.000,PARALLEL_PARK,1,PARALLEL_PARK,,,,,T2_REVERSE_TO_FORWARD
623.1015,-12.8871,-31.9105,0.000,PARALLEL_PARK,1,PARALLEL_PARK,,,,,T2_REVERSE_TO_FORWARD
623.2509,-12.9429,-31.7720,0.000,PARALLEL_PARK,1,PARALLEL_PARK,,,,,T2_REVERSE_TO_FORWARD
623.4003,-12.9987,-31.6334,0.000,PARALLEL_PARK,1,PARALLEL_PARK,,,,,T2_REVERSE_TO_FORWARD
623.5497,-13.0544,-31.4947,0.000,PARALLEL_PARK,1,PARALLEL_PARK,,,,,T2_REVERSE_TO_FORWARD
623.6991,-13.1100,-31.3560,0.000,PARALLEL_PARK,1,PARALLEL_PARK,,,,,T2_REVERSE_TO_FORWARD
623.8486,-13.1653,-31.2173,0.000,PARALLEL_PARK,1,PARALLEL_PARK,,,,,T2_REVERSE_TO_FORWARD
623.9980,-13.2204,-31.0784,0.000,PARALLEL_PARK,1,PARALLEL_PARK,,,,,T2_REVERSE_TO_FORWARD
624.1474,-13.2753,-30.9394,0.000,PARALLEL_PARK,1,PARALLEL_PARK,,,,,T2_REVERSE_TO_FORWARD
624.2968,-13.3297,-30.8003,0.000,PARALLEL_PARK,1,PARALLEL_PARK,,,,,T2_REVERSE_TO_FORWARD
624.4462,-13.3838,-30.6610,0.000,PARALLEL_PARK,1,PARALLEL_PARK,,,,,T2_REVERSE_TO_FORWARD
624.5956,-13.4375,-30.5216,0.000,PARALLEL_PARK,1,PARALLEL_PARK,,,,,T2_REVERSE_TO_FORWARD
624.7450,-13.4907,-30.3820,0.000,PARALLEL_PARK,1,PARALLEL_PARK,,,,,T2_REVERSE_TO_FORWARD
624.8944,-13.5434,-30.2422,0.000,PARALLEL_PARK,1,PARALLEL_PARK,,,,,T2_REVERSE_TO_FORWARD
625.0438,-13.5955,-30.1021,0.000,PARALLEL_PARK,1,PARALLEL_PARK,,,,,T2_REVERSE_TO_FORWARD
625.1932,-13.6471,-29.9619,0.000,PARALLEL_PARK,1,PARALLEL_PARK,,,,,T2_REVERSE_TO_FORWARD
625.3426,-13.6980,-29.8214,0.000,PARALLEL_PARK,1,PARALLEL_PARK,,,,,T2_REVERSE_TO_FORWARD
625.4920,-13.7482,-29.6807,0.000,PARALLEL_PARK,1,PARALLEL_PARK,,,,,T2_REVERSE_TO_FORWARD
625.6414,-13.7977,-29.5398,0.000,PARALLEL_PARK,1,PARALLEL_PARK,,,,,T2_REVERSE_TO_FORWARD
625.7908,-13.8464,-29.3985,0.000,PARALLEL_PARK,1,PARALLEL_PARK,,,,,T2_REVERSE_TO_FORWARD
625.9402,-13.8943,-29.2570,0.000,PARALLEL_PARK,1,PARALLEL_PARK,,,,,T2_REVERSE_TO_FORWARD
626.0896,-13.9414,-29.1152,0.000,PARALLEL_PARK,1,PARALLEL_PARK,,,,,T2_REVERSE_TO_FORWARD
626.2391,-13.9876,-28.9731,0.000,PARALLEL_PARK,1,PARALLEL_PARK,,,,,T2_REVERSE_TO_FORWARD
626.3885,-14.0328,-28.8307,0.000,PARALLEL_PARK,1,PARALLEL_PARK,,,,,T2_REVERSE_TO_FORWARD
626.5379,-14.0771,-28.6880,0.000,PARALLEL_PARK,1,PARALLEL_PARK,,,,,T2_REVERSE_TO_FORWARD
626.6873,-14.1204,-28.5450,0.000,PARALLEL_PARK,1,PARALLEL_PARK,,,,,T2_REVERSE_TO_FORWARD
626.8367,-14.1627,-28.4017,0.000,PARALLEL_PARK,1,PARALLEL_PARK,,,,,T2_REVERSE_TO_FORWARD
626.9861,-14.2038,-28.2581,0.000,PARALLEL_PARK,1,PARALLEL_PARK,,,,,T2_REVERSE_TO_FORWARD
627.1355,-14.2439,-28.1142,0.000,PARALLEL_PARK,1,PARALLEL_PARK,,,,,T2_REVERSE_TO_FORWARD
627.2849,-14.2828,-27.9699,0.000,PARALLEL_PARK,1,PARALLEL_PARK,,,,,T2_REVERSE_TO_FORWARD
627.4343,-14.3205,-27.8254,0.000,PARALLEL_PARK,1,PARALLEL_PARK,,,,,T2_REVERSE_TO_FORWARD
627.5837,-14.3574,-27.6806,0.000,PARALLEL_PARK,1,PARALLEL_PARK,,,,,T2_REVERSE_TO_FORWARD
627.7331,-14.3937,-27.5357,0.000,PARALLEL_PARK,1,PARALLEL_PARK,,,,,T2_REVERSE_TO_FORWARD
627.8825,-14.4300,-27.3907,0.000,PARALLEL_PARK,1,PARALLEL_PARK,,,,,T2_REVERSE_TO_FORWARD
628.0319,-14.4668,-27.2459,0.000,PARALLEL_PARK,1,PARALLEL_PARK,,,,,T2_REVERSE_TO_FORWARD
628.1813,-14.5044,-27.1013,0.000,PARALLEL_PARK,1,PARALLEL_PARK,,,,,T2_REVERSE_TO_FORWARD
628.3307,-14.5434,-26.9571,0.000,PARALLEL_PARK,1,PARALLEL_PARK,,,,,T2_REVERSE_TO_FORWARD
628.4801,-14.5841,-26.8133,0.000,PARALLEL_PARK,1,PARALLEL_PARK,,,,,T2_REVERSE_TO_FORWARD
628.6295,-14.6272,-26.6703,0.000,PARALLEL_PARK,1,PARALLEL_PARK,,,,,T2_REVERSE_TO_FORWARD
628.7789,-14.6730,-26.5281,0.000,PARALLEL_PARK,1,PARALLEL_PARK,,,,,T2_REVERSE_TO_FORWARD
628.9284,-14.7222,-26.3870,0.000,PARALLEL_PARK,1,PARALLEL_PARK,,,,,T2_REVERSE_TO_FORWARD
629.0778,-14.7752,-26.2473,0.000,PARALLEL_PARK,1,PARALLEL_PARK,,,,,T2_REVERSE_TO_FORWARD
629.2272,-14.8326,-26.1094,0.000,PARALLEL_PARK,1,PARALLEL_PARK,,,,,T2_REVERSE_TO_FORWARD
629.3765,-14.8950,-25.9736,0.000,PARALLEL_PARK,1,PARALLEL_PARK,,,,,T2_REVERSE_TO_FORWARD
629.5259,-14.9629,-25.8406,0.000,PARALLEL_PARK,1,PARALLEL_PARK,,,,,T2_REVERSE_TO_FORWARD
629.6753,-15.0368,-25.7107,0.000,PARALLEL_PARK,1,PARALLEL_PARK,,,,,T2_REVERSE_TO_FORWARD
629.8247,-15.1170,-25.5847,0.000,PARALLEL_PARK,1,PARALLEL_PARK,,,,,T2_REVERSE_TO_FORWARD
629.9741,-15.2037,-25.4631,0.000,PARALLEL_PARK,1,PARALLEL_PARK,,,,,T2_REVERSE_TO_FORWARD
630.1235,-15.2967,-25.3462,0.000,PARALLEL_PARK,1,PARALLEL_PARK,,,,,T2_REVERSE_TO_FORWARD
630.2729,-15.3960,-25.2345,0.000,PARALLEL_PARK,1,PARALLEL_PARK,,,,,T2_REVERSE_TO_FORWARD
630.4223,-15.5015,-25.1288,0.000,PARALLEL_PARK,1,PARALLEL_PARK,,,,,T2_REVERSE_TO_FORWARD
630.5717,-15.6130,-25.0294,0.000,PARALLEL_PARK,1,PARALLEL_PARK,,,,,T2_REVERSE_TO_FORWARD
630.7210,-15.7306,-24.9372,0.000,PARALLEL_PARK,1,PARALLEL_PARK,,,,,T2_REVERSE_TO_FORWARD
630.8704,-15.8539,-24.8529,0.000,PARALLEL_PARK,1,PARALLEL_PARK,,,,,T2_REVERSE_TO_FORWARD
631.0198,-15.9827,-24.7773,0.000,PARALLEL_PARK,1,PARALLEL_PARK,,,,,T2_REVERSE_TO_FORWARD
631.1692,-16.1167,-24.7113,0.000,PARALLEL_PARK,1,PARALLEL_PARK,,,,,T2_REVERSE_TO_FORWARD
631.3185,-16.2554,-24.6558,0.000,PARALLEL_PARK,1,PARALLEL_PARK,,,,,T2_REVERSE_TO_FORWARD
631.4679,-16.3980,-24.6115,0.000,PARALLEL_PARK,1,PARALLEL_PARK,,,,,T2_REVERSE_TO_FORWARD
631.6173,-16.5437,-24.5784,0.000,PARALLEL_PARK,1,PARALLEL_PARK,,,,,T2_REVERSE_TO_FORWARD
631.7666,-16.6913,-24.5558,0.000,PARALLEL_PARK,1,PARALLEL_PARK,,,,,T2_REVERSE_TO_FORWARD
631.9160,-16.8402,-24.5433,0.000,PARALLEL_PARK,1,PARALLEL_PARK,,,,,T2_REVERSE_TO_FORWARD
632.0654,-16.9895,-24.5398,0.000,PARALLEL_PARK,1,PARALLEL_PARK,,,,,T2_REVERSE_TO_FORWARD
632.2148,-17.1389,-24.5448,0.000,PARALLEL_PARK,1,PARALLEL_PARK,,,,,T2_REVERSE_TO_FORWARD
632.3642,-17.2877,-24.5574,0.000,PARALLEL_PARK,1,PARALLEL_PARK,,,,,T2_REVERSE_TO_FORWARD
632.5136,-17.4358,-24.5769,0.000,PARALLEL_PARK,1,PARALLEL_PARK,,,,,T2_REVERSE_TO_FORWARD
632.6630,-17.5830,-24.6026,0.000,PARALLEL_PARK,1,PARALLEL_PARK,,,,,T2_REVERSE_TO_FORWARD
632.8124,-17.7291,-24.6340,0.000,PARALLEL_PARK,1,PARALLEL_PARK,,,,,T2_REVERSE_TO_FORWARD
632.9618,-17.8739,-24.6705,0.000,PARALLEL_PARK,1,PARALLEL_PARK,,,,,T2_REVERSE_TO_FORWARD
633.1112,-18.0175,-24.7117,0.000,PARALLEL_PARK,1,PARALLEL_PARK,,,,,T2_REVERSE_TO_FORWARD
633.2606,-18.1599,-24.7571,0.000,PARALLEL_PARK,1,PARALLEL_PARK,,,,,T2_REVERSE_TO_FORWARD
633.4100,-18.3009,-24.8064,0.000,PARALLEL_PARK,1,PARALLEL_PARK,,,,,T2_REVERSE_TO_FORWARD
633.5594,-18.4407,-24.8592,0.000,PARALLEL_PARK,1,PARALLEL_PARK,,,,,T2_REVERSE_TO_FORWARD
633.7088,-18.5792,-24.9151,0.000,PARALLEL_PARK,1,PARALLEL_PARK,,,,,T2_REVERSE_TO_FORWARD
633.8582,-18.7167,-24.9735,0.000,PARALLEL_PARK,1,PARALLEL_PARK,,,,,T2_REVERSE_TO_FORWARD
634.0076,-18.8534,-25.0338,0.000,PARALLEL_PARK,1,PARALLEL_PARK,,,,,T2_REVERSE_TO_FORWARD
634.1570,-18.9896,-25.0953,0.000,PARALLEL_PARK,1,PARALLEL_PARK,,,,,T2_REVERSE_TO_FORWARD
634.3064,-19.1254,-25.1576,0.000,PARALLEL_PARK,1,PARALLEL_PARK,,,,,T2_REVERSE_TO_FORWARD
634.4558,-19.2611,-25.2200,0.000,PARALLEL_PARK,1,PARALLEL_PARK,,,,,T2_REVERSE_TO_FORWARD
634.6052,-19.3971,-25.2820,0.000,PARALLEL_PARK,1,PARALLEL_PARK,,,,,T2_REVERSE_TO_FORWARD
634.7546,-19.5335,-25.3430,0.000,PARALLEL_PARK,1,PARALLEL_PARK,,,,,T2_REVERSE_TO_FORWARD
634.9040,-19.6705,-25.4024,0.000,PARALLEL_PARK,1,PARALLEL_PARK,,,,,T2_REVERSE_TO_FORWARD
635.0534,-19.8085,-25.4597,0.000,PARALLEL_PARK,1,PARALLEL_PARK,,,,,T2_REVERSE_TO_FORWARD
635.2028,-19.9475,-25.5146,0.000,PARALLEL_PARK,1,PARALLEL_PARK,,,,,T2_REVERSE_TO_FORWARD
635.3522,-20.0873,-25.5672,0.000,PARALLEL_PARK,1,PARALLEL_PARK,,,,,T2_REVERSE_TO_FORWARD
635.5016,-20.2280,-25.6174,0.000,PARALLEL_PARK,1,PARALLEL_PARK,,,,,T2_REVERSE_TO_FORWARD
635.6511,-20.3696,-25.6652,0.000,PARALLEL_PARK,1,PARALLEL_PARK,,,,,T2_REVERSE_TO_FORWARD
635.8005,-20.5119,-25.7107,0.000,PARALLEL_PARK,1,PARALLEL_PARK,,,,,T2_REVERSE_TO_FORWARD
635.9499,-20.6549,-25.7538,0.000,PARALLEL_PARK,1,PARALLEL_PARK,,,,,T2_REVERSE_TO_FORWARD
636.0993,-20.7987,-25.7946,0.000,PARALLEL_PARK,1,PARALLEL_PARK,,,,,T2_REVERSE_TO_FORWARD
636.2487,-20.9431,-25.8330,0.000,PARALLEL_PARK,1,PARALLEL_PARK,,,,,T2_REVERSE_TO_FORWARD
636.3981,-21.0881,-25.8690,0.000,PARALLEL_PARK,1,PARALLEL_PARK,,,,,T2_REVERSE_TO_FORWARD
636.5475,-21.2336,-25.9027,0.000,PARALLEL_PARK,1,PARALLEL_PARK,,,,,T2_REVERSE_TO_FORWARD
636.6969,-21.3797,-25.9340,0.000,PARALLEL_PARK,1,PARALLEL_PARK,,,,,T2_REVERSE_TO_FORWARD
636.8463,-21.5263,-25.9630,0.000,PARALLEL_PARK,1,PARALLEL_PARK,,,,,T2_REVERSE_TO_FORWARD
636.9957,-21.6733,-25.9898,0.000,PARALLEL_PARK,1,PARALLEL_PARK,,,,,T2_REVERSE_TO_FORWARD
637.1451,-21.8207,-26.0142,0.000,PARALLEL_PARK,1,PARALLEL_PARK,,,,,T2_REVERSE_TO_FORWARD
637.2945,-21.9684,-26.0364,0.000,PARALLEL_PARK,1,PARALLEL_PARK,,,,,T2_REVERSE_TO_FORWARD
637.4439,-22.1165,-26.0563,0.000,PARALLEL_PARK,1,PARALLEL_PARK,,,,,T2_REVERSE_TO_FORWARD
637.5933,-22.2648,-26.0741,0.000,PARALLEL_PARK,1,PARALLEL_PARK,,,,,T2_REVERSE_TO_FORWARD
637.7427,-22.4134,-26.0896,0.000,PARALLEL_PARK,1,PARALLEL_PARK,,,,,T2_REVERSE_TO_FORWARD
637.8921,-22.5622,-26.1030,0.000,PARALLEL_PARK,1,PARALLEL_PARK,,,,,T2_REVERSE_TO_FORWARD
638.0415,-22.7112,-26.1142,0.000,PARALLEL_PARK,1,PARALLEL_PARK,,,,,T2_REVERSE_TO_FORWARD
638.1909,-22.8603,-26.1233,0.000,PARALLEL_PARK,1,PARALLEL_PARK,,,,,T2_REVERSE_TO_FORWARD
638.3403,-23.0096,-26.1304,0.000,PARALLEL_PARK,1,PARALLEL_PARK,,,,,T2_REVERSE_TO_FORWARD
638.4897,-23.1589,-26.1354,0.000,PARALLEL_PARK,1,PARALLEL_PARK,,,,,T2_REVERSE_TO_FORWARD
638.6391,-23.3083,-26.1384,0.000,PARALLEL_PARK,1,PARALLEL_PARK,,,,,T2_REVERSE_TO_FORWARD
638.7886,-23.4577,-26.1394,0.000,PARALLEL_PARK,1,PARALLEL_PARK,,,,,T2_REVERSE_TO_FORWARD
638.9380,-23.6071,-26.1384,0.000,PARALLEL_PARK,1,PARALLEL_PARK,,,,,T2_REVERSE_TO_FORWARD
639.0874,-23.7564,-26.1356,0.000,PARALLEL_PARK,1,PARALLEL_PARK,,,,,T2_REVERSE_TO_FORWARD
639.2368,-23.9058,-26.1309,0.000,PARALLEL_PARK,1,PARALLEL_PARK,,,,,T2_REVERSE_TO_FORWARD
639.3862,-24.0550,-26.1243,0.000,PARALLEL_PARK,1,PARALLEL_PARK,,,,,T2_REVERSE_TO_FORWARD
639.5356,-24.2042,-26.1159,0.000,PARALLEL_PARK,1,PARALLEL_PARK,,,,,T2_REVERSE_TO_FORWARD
639.6850,-24.3533,-26.1057,0.000,PARALLEL_PARK,1,PARALLEL_PARK,,,,,T2_REVERSE_TO_FORWARD
639.8344,-24.5022,-26.0938,0.000,PARALLEL_PARK,1,PARALLEL_PARK,,,,,T2_REVERSE_TO_FORWARD
639.9838,-24.6510,-26.0802,0.000,PARALLEL_PARK,1,PARALLEL_PARK,,,,,T2_REVERSE_TO_FORWARD
640.1332,-24.7996,-26.0649,0.000,PARALLEL_PARK,1,PARALLEL_PARK,,,,,T2_REVERSE_TO_FORWARD
640.2826,-24.9480,-26.0480,0.000,PARALLEL_PARK,1,PARALLEL_PARK,,,,,T2_REVERSE_TO_FORWARD
640.4320,-25.0963,-26.0295,0.000,PARALLEL_PARK,1,PARALLEL_PARK,,,,,T2_REVERSE_TO_FORWARD
640.5814,-25.2443,-26.0094,0.000,PARALLEL_PARK,1,PARALLEL_PARK,,,,,T2_REVERSE_TO_FORWARD
640.7308,-25.3922,-25.9877,0.000,PARALLEL_PARK,1,PARALLEL_PARK,,,,,T2_REVERSE_TO_FORWARD
640.8802,-25.5398,-25.9646,0.000,PARALLEL_PARK,1,PARALLEL_PARK,,,,,T2_REVERSE_TO_FORWARD
641.0296,-25.6871,-25.9399,0.000,PARALLEL_PARK,1,PARALLEL_PARK,,,,,T2_REVERSE_TO_FORWARD
641.1790,-25.8342,-25.9139,0.000,PARALLEL_PARK,1,PARALLEL_PARK,,,,,T2_REVERSE_TO_FORWARD
641.3284,-25.9811,-25.8864,0.000,PARALLEL_PARK,1,PARALLEL_PARK,PARALLEL_1_END,BRANCH_COMPLETE,,,T2_REVERSE_TO_FORWARD
641.4779,-26.1277,-25.8575,0.000,NORMAL,1,ROUTE,,,,,T2_REVERSE_TO_FORWARD
641.6273,-26.2740,-25.8273,0.000,NORMAL,1,ROUTE,,,,,T2_REVERSE_TO_FORWARD
641.7767,-26.4200,-25.7957,0.000,NORMAL,1,ROUTE,,,,,T2_REVERSE_TO_FORWARD
641.9261,-26.5658,-25.7629,0.000,NORMAL,1,ROUTE,,,,,T2_REVERSE_TO_FORWARD
642.0755,-26.7113,-25.7288,0.000,NORMAL,1,ROUTE,,,,,T2_REVERSE_TO_FORWARD
642.2249,-26.8564,-25.6934,0.000,NORMAL,1,ROUTE,,,,,T2_REVERSE_TO_FORWARD
642.3743,-27.0013,-25.6569,0.000,NORMAL,1,ROUTE,,,,,T2_REVERSE_TO_FORWARD
642.5237,-27.1458,-25.6191,0.000,NORMAL,1,ROUTE,,,,,T2_REVERSE_TO_FORWARD
642.6731,-27.2901,-25.5802,0.000,NORMAL,1,ROUTE,,,,,T2_REVERSE_TO_FORWARD
642.8225,-27.4340,-25.5402,0.000,NORMAL,1,ROUTE,,,,,T2_REVERSE_TO_FORWARD
642.9719,-27.5777,-25.4991,0.000,NORMAL,1,ROUTE,,,,,T2_REVERSE_TO_FORWARD
643.1213,-27.7210,-25.4568,0.000,NORMAL,1,ROUTE,,,,,T2_REVERSE_TO_FORWARD
643.2707,-27.8640,-25.4136,0.000,NORMAL,1,ROUTE,,,,,T2_REVERSE_TO_FORWARD
643.4201,-28.0067,-25.3693,0.000,NORMAL,1,ROUTE,,,,,T2_REVERSE_TO_FORWARD
643.5695,-28.1490,-25.3240,0.000,NORMAL,1,ROUTE,,,,,T2_REVERSE_TO_FORWARD
643.7189,-28.2911,-25.2777,0.000,NORMAL,1,ROUTE,,,,,T2_REVERSE_TO_FORWARD
643.8683,-28.4328,-25.2304,0.000,NORMAL,1,ROUTE,,,,,T2_REVERSE_TO_FORWARD
644.0178,-28.5742,-25.1822,0.000,NORMAL,1,ROUTE,,,,,T2_REVERSE_TO_FORWARD
644.1672,-28.7153,-25.1331,0.000,NORMAL,1,ROUTE,,,,,T2_REVERSE_TO_FORWARD
644.3166,-28.8561,-25.0830,0.000,NORMAL,1,ROUTE,,,,,T2_REVERSE_TO_FORWARD
644.4660,-28.9966,-25.0321,0.000,NORMAL,1,ROUTE,,,,,T2_REVERSE_TO_FORWARD
644.6154,-29.1367,-24.9803,0.000,NORMAL,1,ROUTE,,,,,T2_REVERSE_TO_FORWARD
644.7648,-29.2766,-24.9277,0.000,NORMAL,1,ROUTE,,,,,T2_REVERSE_TO_FORWARD
644.9142,-29.4161,-24.8743,0.000,NORMAL,1,ROUTE,,,,,T2_REVERSE_TO_FORWARD
645.1840,-29.6812,-24.8244,0.000,NORMAL,1,ROUTE,,,,,T2_REVERSE_TO_FORWARD
645.4538,-29.9464,-24.7745,0.000,NORMAL,1,ROUTE,,,,,T2_REVERSE_TO_FORWARD
645.7236,-30.2115,-24.7246,0.000,NORMAL,1,ROUTE,,,,,T2_REVERSE_TO_FORWARD
645.9828,-30.4655,-24.6724,0.000,NORMAL,1,ROUTE,,,,,T2_REVERSE_TO_FORWARD
646.2421,-30.7195,-24.6203,0.000,NORMAL,1,ROUTE,,,,,T2_REVERSE_TO_FORWARD
646.5014,-30.9734,-24.5681,0.000,NORMAL,1,ROUTE,,,,,T2_REVERSE_TO_FORWARD
646.7606,-31.2274,-24.5160,0.000,NORMAL,1,ROUTE,,,,,T2_REVERSE_TO_FORWARD
647.0533,-31.4827,-24.3729,0.000,NORMAL,1,ROUTE,,,,,T2_REVERSE_TO_FORWARD
647.3460,-31.7381,-24.2299,0.000,NORMAL,1,ROUTE,,,,,T2_REVERSE_TO_FORWARD
647.6387,-31.9935,-24.0868,0.000,NORMAL,1,ROUTE,,,,,T2_REVERSE_TO_FORWARD
647.9314,-32.2488,-23.9438,0.000,NORMAL,1,ROUTE,,,,,T2_REVERSE_TO_FORWARD
648.1701,-32.4069,-23.7649,0.000,NORMAL,1,ROUTE,,,,,T2_REVERSE_TO_FORWARD
648.4088,-32.5649,-23.5860,0.000,NORMAL,1,ROUTE,,,,,T2_REVERSE_TO_FORWARD
648.6476,-32.7229,-23.4071,0.000,NORMAL,1,ROUTE,,,,,T2_REVERSE_TO_FORWARD
648.8863,-32.8810,-23.2282,0.000,NORMAL,1,ROUTE,,,,,T2_REVERSE_TO_FORWARD
649.1270,-32.9047,-22.9886,0.000,NORMAL,1,ROUTE,,,,,T2_REVERSE_TO_FORWARD
649.3677,-32.9284,-22.7491,0.000,NORMAL,1,ROUTE,,,,,T2_REVERSE_TO_FORWARD
649.6084,-32.9522,-22.5096,0.000,NORMAL,1,ROUTE,,,,,T2_REVERSE_TO_FORWARD
649.8492,-32.9759,-22.2700,0.000,NORMAL,1,ROUTE,,,,,T2_REVERSE_TO_FORWARD
650.1109,-32.9771,-22.0083,0.000,NORMAL,1,ROUTE,,,,,T2_REVERSE_TO_FORWARD
650.3727,-32.9783,-21.7465,0.000,NORMAL,1,ROUTE,,,,,T2_REVERSE_TO_FORWARD
650.6344,-32.9795,-21.4847,0.000,NORMAL,1,ROUTE,,,,,T2_REVERSE_TO_FORWARD
650.8962,-32.9807,-21.2230,0.000,NORMAL,1,ROUTE,,,,,T2_REVERSE_TO_FORWARD
651.1779,-32.9275,-20.9463,0.000,NORMAL,1,ROUTE,,,,,T2_REVERSE_TO_FORWARD
651.4596,-32.8743,-20.6697,0.000,NORMAL,1,ROUTE,,,,,T2_REVERSE_TO_FORWARD
651.7413,-32.8212,-20.3930,0.000,NORMAL,1,ROUTE,,,,,T2_REVERSE_TO_FORWARD
652.0230,-32.7680,-20.1164,0.000,NORMAL,1,ROUTE,,,,,T2_REVERSE_TO_FORWARD
652.2693,-32.6838,-19.8850,0.000,NORMAL,1,ROUTE,,,,,T2_REVERSE_TO_FORWARD
652.5155,-32.5996,-19.6536,0.000,NORMAL,1,ROUTE,,,,,T2_REVERSE_TO_FORWARD
652.7618,-32.5153,-19.4222,0.000,NORMAL,1,ROUTE,,,,,T2_REVERSE_TO_FORWARD
653.0080,-32.4311,-19.1908,0.000,NORMAL,1,ROUTE,,,,,T2_REVERSE_TO_FORWARD
653.2870,-32.3511,-18.9235,0.000,NORMAL,1,ROUTE,,,,,T2_REVERSE_TO_FORWARD
653.5660,-32.2712,-18.6562,0.000,NORMAL,1,ROUTE,,,,,T2_REVERSE_TO_FORWARD
653.8450,-32.1912,-18.3889,0.000,NORMAL,1,ROUTE,,,,,T2_REVERSE_TO_FORWARD
654.0962,-32.1345,-18.1442,0.000,NORMAL,1,ROUTE,,,,,T2_REVERSE_TO_FORWARD
654.3473,-32.0779,-17.8996,0.000,NORMAL,1,ROUTE,,,,,T2_REVERSE_TO_FORWARD
654.5985,-32.0212,-17.6549,0.000,NORMAL,1,ROUTE,,,,,T2_REVERSE_TO_FORWARD
654.8863,-31.8819,-17.4030,0.000,NORMAL,1,ROUTE,,,,,T2_REVERSE_TO_FORWARD
655.1742,-31.7427,-17.1510,0.000,NORMAL,1,ROUTE,,,,,T2_REVERSE_TO_FORWARD
655.4621,-31.6034,-16.8991,0.000,NORMAL,1,ROUTE,,,,,T2_REVERSE_TO_FORWARD
655.7488,-31.4955,-16.6334,0.000,NORMAL,1,ROUTE,,,,,T2_REVERSE_TO_FORWARD
656.0356,-31.3876,-16.3678,0.000,NORMAL,1,ROUTE,,,,,T2_REVERSE_TO_FORWARD
656.3223,-31.2797,-16.1021,0.000,NORMAL,1,ROUTE,,,,,T2_REVERSE_TO_FORWARD
656.5805,-31.1412,-15.8842,0.000,NORMAL,1,ROUTE,,,,,T2_REVERSE_TO_FORWARD
656.8387,-31.0026,-15.6663,0.000,NORMAL,1,ROUTE,,,,,T2_REVERSE_TO_FORWARD
657.0969,-30.8641,-15.4484,0.000,NORMAL,1,ROUTE,,,,,T2_REVERSE_TO_FORWARD
657.3551,-30.7256,-15.2305,0.000,NORMAL,1,ROUTE,,,,,T2_REVERSE_TO_FORWARD
657.6224,-30.5496,-15.0293,0.000,NORMAL,1,ROUTE,,,,,T2_REVERSE_TO_FORWARD
657.8897,-30.3736,-14.8282,0.000,NORMAL,1,ROUTE,,,,,T2_REVERSE_TO_FORWARD
658.1570,-30.1976,-14.6270,0.000,NORMAL,1,ROUTE,,,,,T2_REVERSE_TO_FORWARD
658.4243,-30.0216,-14.4258,0.000,NORMAL,1,ROUTE,,,,,T2_REVERSE_TO_FORWARD
658.6932,-29.8046,-14.2669,0.000,NORMAL,1,ROUTE,,,,,T2_REVERSE_TO_FORWARD
658.9621,-29.5877,-14.1081,0.000,NORMAL,1,ROUTE,,,,,T2_REVERSE_TO_FORWARD
659.2311,-29.3707,-13.9492,0.000,NORMAL,1,ROUTE,,,,,T2_REVERSE_TO_FORWARD
659.5000,-29.1537,-13.7903,0.000,NORMAL,1,ROUTE,,,,,T2_REVERSE_TO_FORWARD
659.6496,-29.0651,-13.6697,0.000,NORMAL,1,ROUTE,,,,,T2_REVERSE_TO_FORWARD
659.7992,-28.9658,-13.5578,0.000,NORMAL,1,ROUTE,,,,,T2_REVERSE_TO_FORWARD
659.9489,-28.8561,-13.4560,0.000,NORMAL,1,ROUTE,,,,,T2_REVERSE_TO_FORWARD
660.0985,-28.7370,-13.3655,0.000,NORMAL,1,ROUTE,,,,,T2_REVERSE_TO_FORWARD
660.2481,-28.6097,-13.2869,0.000,NORMAL,1,ROUTE,,,,,T2_REVERSE_TO_FORWARD
660.3978,-28.4756,-13.2204,0.000,END_LANE,1,END_LANE,END_LANE_DECISION_START,SELECT_ALLOWED_LANE,GREEN_ARROW_AND_RED_X,,T2_REVERSE_TO_FORWARD
660.5474,-28.3364,-13.1656,0.000,END_LANE,1,END_LANE,,,,,T2_REVERSE_TO_FORWARD
660.6970,-28.1933,-13.1217,0.000,END_LANE,1,END_LANE,,,,,T2_REVERSE_TO_FORWARD
660.8467,-28.0476,-13.0877,0.000,END_LANE,1,END_LANE,,,,,T2_REVERSE_TO_FORWARD
660.9964,-27.9000,-13.0625,0.000,END_LANE,1,END_LANE,,,,,T2_REVERSE_TO_FORWARD
661.1460,-27.7514,-13.0451,0.000,END_LANE,1,END_LANE,,,,,T2_REVERSE_TO_FORWARD
661.2957,-27.6021,-13.0345,0.000,END_LANE,1,END_LANE,,,,,T2_REVERSE_TO_FORWARD
661.4454,-27.4525,-13.0297,0.000,END_LANE,1,END_LANE,,,,,T2_REVERSE_TO_FORWARD
661.5951,-27.3028,-13.0300,0.000,END_LANE,1,END_LANE,,,,,T2_REVERSE_TO_FORWARD
661.7447,-27.1532,-13.0346,0.000,END_LANE,1,END_LANE,,,,,T2_REVERSE_TO_FORWARD
661.8944,-27.0038,-13.0429,0.000,END_LANE,1,END_LANE,,,,,T2_REVERSE_TO_FORWARD
662.0441,-26.8545,-13.0544,0.000,END_LANE,1,END_LANE,,,,,T2_REVERSE_TO_FORWARD
662.1938,-26.7055,-13.0685,0.000,END_LANE,1,END_LANE,,,,,T2_REVERSE_TO_FORWARD
662.3435,-26.5567,-13.0851,0.000,END_LANE,1,END_LANE,,,,,T2_REVERSE_TO_FORWARD
662.4932,-26.4082,-13.1039,0.000,END_LANE,1,END_LANE,,,,,T2_REVERSE_TO_FORWARD
662.6428,-26.2600,-13.1247,0.000,END_LANE,1,END_LANE,,,,,T2_REVERSE_TO_FORWARD
662.7925,-26.1121,-13.1474,0.000,END_LANE,1,END_LANE,,,,,T2_REVERSE_TO_FORWARD
662.9422,-25.9644,-13.1717,0.000,END_LANE,1,END_LANE,,,,,T2_REVERSE_TO_FORWARD
663.0919,-25.8169,-13.1975,0.000,END_LANE,1,END_LANE,,,,,T2_REVERSE_TO_FORWARD
663.2416,-25.6697,-13.2247,0.000,END_LANE,1,END_LANE,,,,,T2_REVERSE_TO_FORWARD
663.3912,-25.5228,-13.2531,0.000,END_LANE,1,END_LANE,,,,,T2_REVERSE_TO_FORWARD
663.5409,-25.3760,-13.2826,0.000,END_LANE,1,END_LANE,,,,,T2_REVERSE_TO_FORWARD
663.6906,-25.2295,-13.3130,0.000,END_LANE,1,END_LANE,,,,,T2_REVERSE_TO_FORWARD
663.8403,-25.0831,-13.3443,0.000,END_LANE,1,END_LANE,,,,,T2_REVERSE_TO_FORWARD
663.9900,-24.9369,-13.3763,0.000,END_LANE,1,END_LANE,,,,,T2_REVERSE_TO_FORWARD
664.1397,-24.7908,-13.4089,0.000,END_LANE,1,END_LANE,,,,,T2_REVERSE_TO_FORWARD
664.2893,-24.6448,-13.4421,0.000,END_LANE,1,END_LANE,,,,,T2_REVERSE_TO_FORWARD
664.4390,-24.4990,-13.4758,0.000,END_LANE,1,END_LANE,,,,,T2_REVERSE_TO_FORWARD
664.5887,-24.3532,-13.5097,0.000,END_LANE,1,END_LANE,,,,,T2_REVERSE_TO_FORWARD
664.7384,-24.2075,-13.5440,0.000,END_LANE,1,END_LANE,,,,,T2_REVERSE_TO_FORWARD
664.8881,-24.0618,-13.5783,0.000,END_LANE,1,END_LANE,,,,,T2_REVERSE_TO_FORWARD
665.0378,-23.9161,-13.6128,0.000,END_LANE,1,END_LANE,,,,,T2_REVERSE_TO_FORWARD
665.1874,-23.7704,-13.6472,0.000,END_LANE,1,END_LANE,,,,,T2_REVERSE_TO_FORWARD
665.3371,-23.6247,-13.6815,0.000,END_LANE,1,END_LANE,,,,,T2_REVERSE_TO_FORWARD
665.4868,-23.4790,-13.7156,0.000,END_LANE,1,END_LANE,,,,,T2_REVERSE_TO_FORWARD
665.6365,-23.3332,-13.7494,0.000,END_LANE,1,END_LANE,,,,,T2_REVERSE_TO_FORWARD
665.7862,-23.1873,-13.7829,0.000,END_LANE,1,END_LANE,,,,,T2_REVERSE_TO_FORWARD
665.9359,-23.0414,-13.8162,0.000,END_LANE,1,END_LANE,,,,,T2_REVERSE_TO_FORWARD
666.0855,-22.8953,-13.8491,0.000,END_LANE,1,END_LANE,,,,,T2_REVERSE_TO_FORWARD
666.2352,-22.7493,-13.8818,0.000,END_LANE,1,END_LANE,,,,,T2_REVERSE_TO_FORWARD
666.3849,-22.6031,-13.9142,0.000,END_LANE,1,END_LANE,,,,,T2_REVERSE_TO_FORWARD
666.5346,-22.4569,-13.9463,0.000,END_LANE,1,END_LANE,,,,,T2_REVERSE_TO_FORWARD
666.6843,-22.3107,-13.9781,0.000,END_LANE,1,END_LANE,,,,,T2_REVERSE_TO_FORWARD
666.8340,-22.1644,-14.0097,0.000,END_LANE,1,END_LANE,,,,,T2_REVERSE_TO_FORWARD
666.9837,-22.0180,-14.0410,0.000,END_LANE,1,END_LANE,,,,,T2_REVERSE_TO_FORWARD
667.1333,-21.8715,-14.0720,0.000,END_LANE,1,END_LANE,,,,,T2_REVERSE_TO_FORWARD
667.2830,-21.7250,-14.1027,0.000,END_LANE,1,END_LANE,,,,,T2_REVERSE_TO_FORWARD
667.4327,-21.5785,-14.1331,0.000,END_LANE,1,END_LANE,,,,,T2_REVERSE_TO_FORWARD
667.5824,-21.4319,-14.1633,0.000,END_LANE,1,END_LANE,,,,,T2_REVERSE_TO_FORWARD
667.7321,-21.2852,-14.1933,0.000,END_LANE,1,END_LANE,,,,,T2_REVERSE_TO_FORWARD
667.8818,-21.1385,-14.2229,0.000,END_LANE,1,END_LANE,,,,,T2_REVERSE_TO_FORWARD
668.0314,-20.9917,-14.2523,0.000,END_LANE,1,END_LANE,,,,,T2_REVERSE_TO_FORWARD
668.1811,-20.8449,-14.2815,0.000,END_LANE,1,END_LANE,,,,,T2_REVERSE_TO_FORWARD
668.3308,-20.6980,-14.3103,0.000,END_LANE,1,END_LANE,,,,,T2_REVERSE_TO_FORWARD
668.4805,-20.5511,-14.3390,0.000,END_LANE,1,END_LANE,,,,,T2_REVERSE_TO_FORWARD
668.6302,-20.4042,-14.3674,0.000,END_LANE,1,END_LANE,,,,,T2_REVERSE_TO_FORWARD
668.7799,-20.2571,-14.3955,0.000,END_LANE,1,END_LANE,,,,,T2_REVERSE_TO_FORWARD
668.9295,-20.1101,-14.4234,0.000,END_LANE,1,END_LANE,,,,,T2_REVERSE_TO_FORWARD
669.0792,-19.9630,-14.4511,0.000,END_LANE,1,END_LANE,,,,,T2_REVERSE_TO_FORWARD
669.2289,-19.8158,-14.4785,0.000,END_LANE,1,END_LANE,,,,,T2_REVERSE_TO_FORWARD
669.3786,-19.6686,-14.5057,0.000,END_LANE,1,END_LANE,,,,,T2_REVERSE_TO_FORWARD
669.5283,-19.5214,-14.5326,0.000,END_LANE,1,END_LANE,,,,,T2_REVERSE_TO_FORWARD
669.6780,-19.3741,-14.5594,0.000,END_LANE,1,END_LANE,,,,,T2_REVERSE_TO_FORWARD
669.8276,-19.2268,-14.5859,0.000,END_LANE,1,END_LANE,,,,,T2_REVERSE_TO_FORWARD
669.9773,-19.0795,-14.6122,0.000,END_LANE,1,END_LANE,,,,,T2_REVERSE_TO_FORWARD
670.1270,-18.9321,-14.6383,0.000,END_LANE,1,END_LANE,,,,,T2_REVERSE_TO_FORWARD
670.2767,-18.7846,-14.6642,0.000,END_LANE,1,END_LANE,,,,,T2_REVERSE_TO_FORWARD
670.4264,-18.6372,-14.6899,0.000,END_LANE,1,END_LANE,,,,,T2_REVERSE_TO_FORWARD
670.5761,-18.4897,-14.7154,0.000,END_LANE,1,END_LANE,,,,,T2_REVERSE_TO_FORWARD
670.7257,-18.3422,-14.7407,0.000,END_LANE,1,END_LANE,,,,,T2_REVERSE_TO_FORWARD
670.8754,-18.1946,-14.7658,0.000,END_LANE,1,END_LANE,,,,,T2_REVERSE_TO_FORWARD
671.0251,-18.0470,-14.7908,0.000,END_LANE,1,END_LANE,,,,,T2_REVERSE_TO_FORWARD
671.1748,-17.8994,-14.8155,0.000,END_LANE,1,END_LANE,,,,,T2_REVERSE_TO_FORWARD
671.3245,-17.7517,-14.8401,0.000,END_LANE,1,END_LANE,,,,,T2_REVERSE_TO_FORWARD
671.4742,-17.6040,-14.8645,0.000,END_LANE,1,END_LANE,,,,,T2_REVERSE_TO_FORWARD
671.6238,-17.4563,-14.8888,0.000,END_LANE,1,END_LANE,,,,,T2_REVERSE_TO_FORWARD
671.7735,-17.3086,-14.9129,0.000,END_LANE,1,END_LANE,,,,,T2_REVERSE_TO_FORWARD
671.9232,-17.1609,-14.9368,0.000,END_LANE,1,END_LANE,,,,,T2_REVERSE_TO_FORWARD
672.0729,-17.0131,-14.9606,0.000,END_LANE,1,END_LANE,,,,,T2_REVERSE_TO_FORWARD
672.2226,-16.8653,-14.9843,0.000,END_LANE,1,END_LANE,,,,,T2_REVERSE_TO_FORWARD
672.3723,-16.7174,-15.0078,0.000,END_LANE,1,END_LANE,,,,,T2_REVERSE_TO_FORWARD
672.5219,-16.5696,-15.0311,0.000,END_LANE,1,END_LANE,,,,,T2_REVERSE_TO_FORWARD
672.6716,-16.4217,-15.0543,0.000,END_LANE,1,END_LANE,,,,,T2_REVERSE_TO_FORWARD
672.8213,-16.2738,-15.0773,0.000,END_LANE,1,END_LANE,,,,,T2_REVERSE_TO_FORWARD
672.9710,-16.1259,-15.1002,0.000,END_LANE,1,END_LANE,,,,,T2_REVERSE_TO_FORWARD
673.1207,-15.9779,-15.1230,0.000,END_LANE,1,END_LANE,,,,,T2_REVERSE_TO_FORWARD
673.2704,-15.8300,-15.1456,0.000,END_LANE,1,END_LANE,,,,,T2_REVERSE_TO_FORWARD
673.4200,-15.6820,-15.1680,0.000,END_LANE,1,END_LANE,,,,,T2_REVERSE_TO_FORWARD
673.5697,-15.5340,-15.1903,0.000,END_LANE,1,END_LANE,,,,,T2_REVERSE_TO_FORWARD
673.7194,-15.3859,-15.2124,0.000,END_LANE,1,END_LANE,,,,,T2_REVERSE_TO_FORWARD
673.8691,-15.2379,-15.2344,0.000,END_LANE,1,END_LANE,,,,,T2_REVERSE_TO_FORWARD
674.0188,-15.0898,-15.2563,0.000,END_LANE,1,END_LANE,,,,,T2_REVERSE_TO_FORWARD
674.1685,-14.9417,-15.2780,0.000,END_LANE,1,END_LANE,,,,,T2_REVERSE_TO_FORWARD
674.3181,-14.7936,-15.2995,0.000,END_LANE,1,END_LANE,,,,,T2_REVERSE_TO_FORWARD
674.4678,-14.6454,-15.3209,0.000,END_LANE,1,END_LANE,,,,,T2_REVERSE_TO_FORWARD
674.6175,-14.4973,-15.3421,0.000,END_LANE,1,END_LANE,,,,,T2_REVERSE_TO_FORWARD
674.7672,-14.3491,-15.3632,0.000,END_LANE,1,END_LANE,,,,,T2_REVERSE_TO_FORWARD
674.9169,-14.2009,-15.3842,0.000,END_LANE,1,END_LANE,,,,,T2_REVERSE_TO_FORWARD
675.0666,-14.0526,-15.4050,0.000,END_LANE,1,END_LANE,,,,,T2_REVERSE_TO_FORWARD
675.2162,-13.9044,-15.4256,0.000,END_LANE,1,END_LANE,,,,,T2_REVERSE_TO_FORWARD
675.3659,-13.7561,-15.4461,0.000,END_LANE,1,END_LANE,,,,,T2_REVERSE_TO_FORWARD
675.5156,-13.6078,-15.4665,0.000,END_LANE,1,END_LANE,,,,,T2_REVERSE_TO_FORWARD
675.6653,-13.4595,-15.4867,0.000,END_LANE,1,END_LANE,,,,,T2_REVERSE_TO_FORWARD
675.8150,-13.3112,-15.5067,0.000,END_LANE,1,END_LANE,,,,,T2_REVERSE_TO_FORWARD
675.9647,-13.1628,-15.5267,0.000,END_LANE,1,END_LANE,,,,,T2_REVERSE_TO_FORWARD
676.1143,-13.0144,-15.5464,0.000,END_LANE,1,END_LANE,END_LANE_CHANGE_DEADLINE,COMPLETE_LANE_CHANGE,ALLOWED_LANE_LATCHED,,T2_REVERSE_TO_FORWARD
676.2640,-12.8660,-15.5660,0.000,END_LANE,1,END_LANE,,,,,T2_REVERSE_TO_FORWARD
676.4137,-12.7176,-15.5855,0.000,END_LANE,1,END_LANE,,,,,T2_REVERSE_TO_FORWARD
676.5634,-12.5692,-15.6048,0.000,END_LANE,1,END_LANE,,,,,T2_REVERSE_TO_FORWARD
676.7131,-12.4207,-15.6239,0.000,END_LANE,1,END_LANE,,,,,T2_REVERSE_TO_FORWARD
676.8628,-12.2723,-15.6430,0.000,END_LANE,1,END_LANE,,,,,T2_REVERSE_TO_FORWARD
677.0124,-12.1238,-15.6618,0.000,END_LANE,1,END_LANE,,,,,T2_REVERSE_TO_FORWARD
677.1621,-11.9753,-15.6805,0.000,END_LANE,1,END_LANE,,,,,T2_REVERSE_TO_FORWARD
677.3118,-11.8267,-15.6991,0.000,END_LANE,1,END_LANE,,,,,T2_REVERSE_TO_FORWARD
677.4615,-11.6782,-15.7175,0.000,END_LANE,1,END_LANE,,,,,T2_REVERSE_TO_FORWARD
677.6112,-11.5296,-15.7358,0.000,END_LANE,1,END_LANE,,,,,T2_REVERSE_TO_FORWARD
677.7609,-11.3810,-15.7539,0.000,END_LANE,1,END_LANE,,,,,T2_REVERSE_TO_FORWARD
677.9105,-11.2324,-15.7718,0.000,END_LANE,1,END_LANE,,,,,T2_REVERSE_TO_FORWARD
678.0602,-11.0838,-15.7896,0.000,END_LANE,1,END_LANE,,,,,T2_REVERSE_TO_FORWARD
678.2099,-10.9352,-15.8073,0.000,END_LANE,1,END_LANE,,,,,T2_REVERSE_TO_FORWARD
678.3596,-10.7865,-15.8248,0.000,END_LANE,1,END_LANE,,,,,T2_REVERSE_TO_FORWARD
678.5093,-10.6378,-15.8422,0.000,END_LANE,1,END_LANE,,,,,T2_REVERSE_TO_FORWARD
678.6590,-10.4892,-15.8594,0.000,END_LANE,1,END_LANE,,,,,T2_REVERSE_TO_FORWARD
678.8087,-10.3405,-15.8764,0.000,END_LANE,1,END_LANE,,,,,T2_REVERSE_TO_FORWARD
678.9583,-10.1917,-15.8933,0.000,END_LANE,1,END_LANE,,,,,T2_REVERSE_TO_FORWARD
679.1080,-10.0430,-15.9101,0.000,END_LANE,1,END_LANE,,,,,T2_REVERSE_TO_FORWARD
679.2577,-9.8942,-15.9267,0.000,END_LANE,1,END_LANE,,,,,T2_REVERSE_TO_FORWARD
679.4074,-9.7454,-15.9431,0.000,END_LANE,1,END_LANE,,,,,T2_REVERSE_TO_FORWARD
679.5571,-9.5967,-15.9594,0.000,END_LANE,1,END_LANE,,,,,T2_REVERSE_TO_FORWARD
679.7068,-9.4478,-15.9756,0.000,END_LANE,1,END_LANE,,,,,T2_REVERSE_TO_FORWARD
679.8564,-9.2990,-15.9916,0.000,END_LANE,1,END_LANE,,,,,T2_REVERSE_TO_FORWARD
680.0061,-9.1502,-16.0074,0.000,END_LANE,1,END_LANE,,,,,T2_REVERSE_TO_FORWARD
680.1558,-9.0013,-16.0231,0.000,END_LANE,1,END_LANE,,,,,T2_REVERSE_TO_FORWARD
680.3055,-8.8524,-16.0387,0.000,END_LANE,1,END_LANE,,,,,T2_REVERSE_TO_FORWARD
680.4552,-8.7035,-16.0540,0.000,END_LANE,1,END_LANE,,,,,T2_REVERSE_TO_FORWARD
680.6049,-8.5546,-16.0693,0.000,END_LANE,1,END_LANE,,,,,T2_REVERSE_TO_FORWARD
680.7545,-8.4057,-16.0843,0.000,END_LANE,1,END_LANE,,,,,T2_REVERSE_TO_FORWARD
680.9042,-8.2568,-16.0993,0.000,END_LANE,1,END_LANE,,,,,T2_REVERSE_TO_FORWARD
681.0539,-8.1078,-16.1140,0.000,END_LANE,1,END_LANE,,,,,T2_REVERSE_TO_FORWARD
681.2036,-7.9589,-16.1286,0.000,END_LANE,1,END_LANE,,,,,T2_REVERSE_TO_FORWARD
681.3533,-7.8099,-16.1431,0.000,END_LANE,1,END_LANE,,,,,T2_REVERSE_TO_FORWARD
681.5030,-7.6609,-16.1574,0.000,END_LANE,1,END_LANE,,,,,T2_REVERSE_TO_FORWARD
681.6526,-7.5119,-16.1715,0.000,END_LANE,1,END_LANE,,,,,T2_REVERSE_TO_FORWARD
681.8023,-7.3628,-16.1855,0.000,END_LANE,1,END_LANE,,,,,T2_REVERSE_TO_FORWARD
681.9520,-7.2138,-16.1993,0.000,END_LANE,1,END_LANE,,,,,T2_REVERSE_TO_FORWARD
682.1017,-7.0647,-16.2130,0.000,END_LANE,1,END_LANE,,,,,T2_REVERSE_TO_FORWARD
682.2514,-6.9157,-16.2265,0.000,END_LANE,1,END_LANE,,,,,T2_REVERSE_TO_FORWARD
682.4011,-6.7666,-16.2399,0.000,END_LANE,1,END_LANE,,,,,T2_REVERSE_TO_FORWARD
682.5507,-6.6175,-16.2530,0.000,END_LANE,1,END_LANE,,,,,T2_REVERSE_TO_FORWARD
682.7004,-6.4684,-16.2661,0.000,END_LANE,1,END_LANE,,,,,T2_REVERSE_TO_FORWARD
682.8501,-6.3192,-16.2790,0.000,END_LANE,1,END_LANE,,,,,T2_REVERSE_TO_FORWARD
682.9998,-6.1701,-16.2917,0.000,END_LANE,1,END_LANE,,,,,T2_REVERSE_TO_FORWARD
683.1495,-6.0209,-16.3042,0.000,END_LANE,1,END_LANE,FINISH_LINE,CROSS_FINISH_LINE,,,T2_REVERSE_TO_FORWARD
683.2992,-5.8718,-16.3166,0.000,NORMAL,1,ROUTE,,,,,T2_REVERSE_TO_FORWARD
683.4488,-5.7226,-16.3289,0.000,NORMAL,1,ROUTE,,,,,T2_REVERSE_TO_FORWARD
683.5985,-5.5734,-16.3409,0.000,NORMAL,1,ROUTE,,,,,T2_REVERSE_TO_FORWARD
683.7482,-5.4242,-16.3528,0.000,NORMAL,1,ROUTE,,,,,T2_REVERSE_TO_FORWARD
683.8979,-5.2749,-16.3646,0.000,NORMAL,1,ROUTE,,,,,T2_REVERSE_TO_FORWARD
684.0476,-5.1257,-16.3762,0.000,NORMAL,1,ROUTE,,,,,T2_REVERSE_TO_FORWARD
684.1973,-4.9765,-16.3876,0.000,NORMAL,1,ROUTE,,,,,T2_REVERSE_TO_FORWARD
684.3469,-4.8272,-16.3988,0.000,NORMAL,1,ROUTE,,,,,T2_REVERSE_TO_FORWARD
684.4966,-4.6779,-16.4099,0.000,NORMAL,1,ROUTE,,,,,T2_REVERSE_TO_FORWARD
684.6463,-4.5286,-16.4209,0.000,NORMAL,1,ROUTE,,,,,T2_REVERSE_TO_FORWARD
684.7960,-4.3794,-16.4316,0.000,NORMAL,1,ROUTE,,,,,T2_REVERSE_TO_FORWARD
684.9457,-4.2300,-16.4422,0.000,FINISH,1,FINISH,ROUTE_COMPLETE,FULL_STOP,,,T2_REVERSE_TO_FORWARD
