s_m,x_m,y_m,target_speed_mps,mission,direction,fsm_zone,fsm_event_ids,fsm_actions,fsm_conditions,fsm_hold_sec,direction_source
0.0000,0.0000,0.0000,0.000,NORMAL,1,ROUTE,ROUTE_START,START,,,PREVIEW_DEFAULT
0.1000,-0.0943,0.0332,0.000,NORMAL,1,ROUTE,,,,,PREVIEW_DEFAULT
0.1999,-0.1886,0.0664,0.000,NORMAL,1,ROUTE,,,,,PREVIEW_DEFAULT
0.2999,-0.2829,0.0996,0.000,NORMAL,1,ROUTE,,,,,PREVIEW_DEFAULT
0.3999,-0.3772,0.1328,0.000,NORMAL,1,ROUTE,,,,,PREVIEW_DEFAULT
0.4999,-0.4715,0.1660,0.000,NORMAL,1,ROUTE,,,,,PREVIEW_DEFAULT
0.5999,-0.5658,0.1993,0.000,NORMAL,1,ROUTE,,,,,PREVIEW_DEFAULT
0.6998,-0.6601,0.2325,0.000,NORMAL,1,ROUTE,,,,,PREVIEW_DEFAULT
0.7999,-0.7544,0.2658,0.000,NORMAL,1,ROUTE,,,,,PREVIEW_DEFAULT
0.8999,-0.8487,0.2992,0.000,NORMAL,1,ROUTE,,,,,PREVIEW_DEFAULT
0.9998,-0.9429,0.3325,0.000,NORMAL,1,ROUTE,,,,,PREVIEW_DEFAULT
1.0998,-1.0371,0.3660,0.000,NORMAL,1,ROUTE,,,,,PREVIEW_DEFAULT
1.1998,-1.1313,0.3995,0.000,NORMAL,1,ROUTE,,,,,PREVIEW_DEFAULT
1.2997,-1.2255,0.4330,0.000,NORMAL,1,ROUTE,,,,,PREVIEW_DEFAULT
1.3998,-1.3197,0.4667,0.000,NORMAL,1,ROUTE,,,,,PREVIEW_DEFAULT
1.4997,-1.4138,0.5004,0.000,NORMAL,1,ROUTE,,,,,PREVIEW_DEFAULT
1.5998,-1.5079,0.5343,0.000,NORMAL,1,ROUTE,,,,,PREVIEW_DEFAULT
1.6997,-1.6019,0.5683,0.000,NORMAL,1,ROUTE,,,,,PREVIEW_DEFAULT
1.7997,-1.6959,0.6024,0.000,NORMAL,1,ROUTE,,,,,PREVIEW_DEFAULT
1.8997,-1.7898,0.6367,0.000,NORMAL,1,ROUTE,,,,,PREVIEW_DEFAULT
1.9997,-1.8837,0.6711,0.000,NORMAL,1,ROUTE,,,,,PREVIEW_DEFAULT
2.0997,-1.9775,0.7058,0.000,NORMAL,1,ROUTE,,,,,PREVIEW_DEFAULT
2.1997,-2.0712,0.7406,0.000,NORMAL,1,ROUTE,,,,,PREVIEW_DEFAULT
2.2996,-2.1648,0.7756,0.000,NORMAL,1,ROUTE,,,,,PREVIEW_DEFAULT
2.3996,-2.2584,0.8109,0.000,NORMAL,1,ROUTE,,,,,PREVIEW_DEFAULT
2.4995,-2.3518,0.8464,0.000,NORMAL,1,ROUTE,,,,,PREVIEW_DEFAULT
2.5996,-2.4452,0.8822,0.000,NORMAL,1,ROUTE,,,,,PREVIEW_DEFAULT
2.6995,-2.5385,0.9181,0.000,NORMAL,1,ROUTE,,,,,PREVIEW_DEFAULT
2.7995,-2.6317,0.9543,0.000,NORMAL,1,ROUTE,,,,,PREVIEW_DEFAULT
2.8995,-2.7248,0.9907,0.000,NORMAL,1,ROUTE,,,,,PREVIEW_DEFAULT
2.9995,-2.8179,1.0273,0.000,NORMAL,1,ROUTE,,,,,PREVIEW_DEFAULT
3.0995,-2.9109,1.0640,0.000,NORMAL,1,ROUTE,,,,,PREVIEW_DEFAULT
3.1994,-3.0038,1.1008,0.000,NORMAL,1,ROUTE,,,,,PREVIEW_DEFAULT
3.2994,-3.0968,1.1376,0.000,NORMAL,1,ROUTE,,,,,PREVIEW_DEFAULT
3.3994,-3.1897,1.1745,0.000,NORMAL,1,ROUTE,,,,,PREVIEW_DEFAULT
3.4994,-3.2827,1.2112,0.000,NORMAL,1,ROUTE,,,,,PREVIEW_DEFAULT
3.5994,-3.3758,1.2477,0.000,NORMAL,1,ROUTE,,,,,PREVIEW_DEFAULT
3.6993,-3.4689,1.2841,0.000,NORMAL,1,ROUTE,,,,,PREVIEW_DEFAULT
3.7993,-3.5622,1.3201,0.000,NORMAL,1,ROUTE,,,,,PREVIEW_DEFAULT
3.8993,-3.6556,1.3558,0.000,NORMAL,1,ROUTE,,,,,PREVIEW_DEFAULT
3.9993,-3.7491,1.3912,0.000,NORMAL,1,ROUTE,,,,,PREVIEW_DEFAULT
4.0993,-3.8428,1.4261,0.000,NORMAL,1,ROUTE,,,,,PREVIEW_DEFAULT
4.1992,-3.9366,1.4606,0.000,NORMAL,1,ROUTE,,,,,PREVIEW_DEFAULT
4.2992,-4.0306,1.4947,0.000,NORMAL,1,ROUTE,,,,,PREVIEW_DEFAULT
4.3992,-4.1248,1.5283,0.000,NORMAL,1,ROUTE,,,,,PREVIEW_DEFAULT
4.4992,-4.2191,1.5615,0.000,NORMAL,1,ROUTE,,,,,PREVIEW_DEFAULT
4.5992,-4.3136,1.5942,0.000,NORMAL,1,ROUTE,,,,,PREVIEW_DEFAULT
4.6992,-4.4083,1.6264,0.000,NORMAL,1,ROUTE,,,,,PREVIEW_DEFAULT
4.7992,-4.5031,1.6581,0.000,NORMAL,1,ROUTE,,,,,PREVIEW_DEFAULT
4.8992,-4.5980,1.6895,0.000,NORMAL,1,ROUTE,,,,,PREVIEW_DEFAULT
4.9992,-4.6931,1.7204,0.000,NORMAL,1,ROUTE,,,,,PREVIEW_DEFAULT
5.0991,-4.7883,1.7508,0.000,NORMAL,1,ROUTE,,,,,PREVIEW_DEFAULT
5.1992,-4.8837,1.7810,0.000,NORMAL,1,ROUTE,,,,,PREVIEW_DEFAULT
5.2991,-4.9791,1.8108,0.000,NORMAL,1,ROUTE,,,,,PREVIEW_DEFAULT
5.3991,-5.0746,1.8404,0.000,NORMAL,1,ROUTE,,,,,PREVIEW_DEFAULT
5.4990,-5.1701,1.8698,0.000,NORMAL,1,ROUTE,,,,,PREVIEW_DEFAULT
5.5990,-5.2657,1.8991,0.000,NORMAL,1,ROUTE,,,,,PREVIEW_DEFAULT
5.6991,-5.3614,1.9283,0.000,NORMAL,1,ROUTE,,,,,PREVIEW_DEFAULT
5.7990,-5.4570,1.9575,0.000,NORMAL,1,ROUTE,,,,,PREVIEW_DEFAULT
5.8990,-5.5526,1.9867,0.000,NORMAL,1,ROUTE,,,,,PREVIEW_DEFAULT
5.9989,-5.6482,2.0159,0.000,NORMAL,1,ROUTE,,,,,PREVIEW_DEFAULT
6.0989,-5.7438,2.0452,0.000,NORMAL,1,ROUTE,,,,,PREVIEW_DEFAULT
6.1989,-5.8394,2.0746,0.000,NORMAL,1,ROUTE,,,,,PREVIEW_DEFAULT
6.2989,-5.9349,2.1041,0.000,NORMAL,1,ROUTE,,,,,PREVIEW_DEFAULT
6.3988,-6.0304,2.1336,0.000,NORMAL,1,ROUTE,,,,,PREVIEW_DEFAULT
6.4989,-6.1259,2.1633,0.000,NORMAL,1,ROUTE,,,,,PREVIEW_DEFAULT
6.5989,-6.2214,2.1931,0.000,NORMAL,1,ROUTE,,,,,PREVIEW_DEFAULT
6.6989,-6.3168,2.2230,0.000,NORMAL,1,ROUTE,,,,,PREVIEW_DEFAULT
6.7988,-6.4121,2.2531,0.000,NORMAL,1,ROUTE,,,,,PREVIEW_DEFAULT
6.8988,-6.5074,2.2834,0.000,NORMAL,1,ROUTE,,,,,PREVIEW_DEFAULT
6.9988,-6.6026,2.3138,0.000,NORMAL,1,ROUTE,,,,,PREVIEW_DEFAULT
7.0988,-6.6978,2.3445,0.000,NORMAL,1,ROUTE,,,,,PREVIEW_DEFAULT
7.1988,-6.7929,2.3754,0.000,NORMAL,1,ROUTE,,,,,PREVIEW_DEFAULT
7.2988,-6.8879,2.4066,0.000,NORMAL,1,ROUTE,,,,,PREVIEW_DEFAULT
7.3987,-6.9828,2.4379,0.000,NORMAL,1,ROUTE,,,,,PREVIEW_DEFAULT
7.4988,-7.0777,2.4696,0.000,NORMAL,1,ROUTE,,,,,PREVIEW_DEFAULT
7.5987,-7.1724,2.5015,0.000,NORMAL,1,ROUTE,,,,,PREVIEW_DEFAULT
7.6987,-7.2671,2.5338,0.000,NORMAL,1,ROUTE,,,,,PREVIEW_DEFAULT
7.7987,-7.3616,2.5663,0.000,NORMAL,1,ROUTE,,,,,PREVIEW_DEFAULT
7.8987,-7.4561,2.5990,0.000,NORMAL,1,ROUTE,,,,,PREVIEW_DEFAULT
7.9986,-7.5504,2.6321,0.000,NORMAL,1,ROUTE,,,,,PREVIEW_DEFAULT
8.0986,-7.6447,2.6654,0.000,NORMAL,1,ROUTE,,,,,PREVIEW_DEFAULT
8.1986,-7.7389,2.6989,0.000,NORMAL,1,ROUTE,,,,,PREVIEW_DEFAULT
8.2986,-7.8330,2.7327,0.000,NORMAL,1,ROUTE,,,,,PREVIEW_DEFAULT
8.3986,-7.9271,2.7666,0.000,NORMAL,1,ROUTE,,,,,PREVIEW_DEFAULT
8.4986,-8.0211,2.8006,0.000,NORMAL,1,ROUTE,,,,,PREVIEW_DEFAULT
8.5985,-8.1151,2.8346,0.000,NORMAL,1,ROUTE,,,,,PREVIEW_DEFAULT
8.6985,-8.2091,2.8687,0.000,NORMAL,1,ROUTE,,,,,PREVIEW_DEFAULT
8.7985,-8.3031,2.9027,0.000,NORMAL,1,ROUTE,,,,,PREVIEW_DEFAULT
8.8985,-8.3972,2.9366,0.000,NORMAL,1,ROUTE,,,,,PREVIEW_DEFAULT
8.9985,-8.4913,2.9704,0.000,NORMAL,1,ROUTE,,,,,PREVIEW_DEFAULT
9.0985,-8.5855,3.0039,0.000,NORMAL,1,ROUTE,,,,,PREVIEW_DEFAULT
9.1984,-8.6797,3.0373,0.000,NORMAL,1,ROUTE,,,,,PREVIEW_DEFAULT
9.2984,-8.7740,3.0705,0.000,NORMAL,1,ROUTE,,,,,PREVIEW_DEFAULT
9.3984,-8.8684,3.1036,0.000,NORMAL,1,ROUTE,,,,,PREVIEW_DEFAULT
9.4984,-8.9628,3.1365,0.000,NORMAL,1,ROUTE,,,,,PREVIEW_DEFAULT
9.5984,-9.0572,3.1695,0.000,NORMAL,1,ROUTE,,,,,PREVIEW_DEFAULT
9.6983,-9.1516,3.2023,0.000,NORMAL,1,ROUTE,,,,,PREVIEW_DEFAULT
9.7983,-9.2460,3.2353,0.000,NORMAL,1,ROUTE,,,,,PREVIEW_DEFAULT
9.8983,-9.3404,3.2683,0.000,NORMAL,1,ROUTE,,,,,PREVIEW_DEFAULT
9.9983,-9.4347,3.3014,0.000,NORMAL,1,ROUTE,,,,,PREVIEW_DEFAULT
10.0982,-9.5290,3.3346,0.000,NORMAL,1,ROUTE,,,,,PREVIEW_DEFAULT
10.1982,-9.6232,3.3681,0.000,NORMAL,1,ROUTE,,,,,PREVIEW_DEFAULT
10.2983,-9.7174,3.4018,0.000,NORMAL,1,ROUTE,,,,,PREVIEW_DEFAULT
10.3982,-9.8114,3.4357,0.000,NORMAL,1,ROUTE,,,,,PREVIEW_DEFAULT
10.4982,-9.9054,3.4698,0.000,NORMAL,1,ROUTE,,,,,PREVIEW_DEFAULT
10.5982,-9.9993,3.5041,0.000,NORMAL,1,ROUTE,,,,,PREVIEW_DEFAULT
10.6982,-10.0932,3.5387,0.000,NORMAL,1,ROUTE,,,,,PREVIEW_DEFAULT
10.7981,-10.1869,3.5734,0.000,NORMAL,1,ROUTE,,,,,PREVIEW_DEFAULT
10.8981,-10.2806,3.6083,0.000,NORMAL,1,ROUTE,,,,,PREVIEW_DEFAULT
10.9981,-10.3742,3.6434,0.000,NORMAL,1,ROUTE,,,,,PREVIEW_DEFAULT
11.0981,-10.4678,3.6787,0.000,NORMAL,1,ROUTE,,,,,PREVIEW_DEFAULT
11.1981,-10.5613,3.7141,0.000,NORMAL,1,ROUTE,,,,,PREVIEW_DEFAULT
11.2980,-10.6547,3.7496,0.000,NORMAL,1,ROUTE,,,,,PREVIEW_DEFAULT
11.3981,-10.7482,3.7852,0.000,NORMAL,1,ROUTE,,,,,PREVIEW_DEFAULT
11.4981,-10.8416,3.8209,0.000,NORMAL,1,ROUTE,,,,,PREVIEW_DEFAULT
11.5981,-10.9350,3.8566,0.000,NORMAL,1,ROUTE,,,,,PREVIEW_DEFAULT
11.6980,-11.0283,3.8923,0.000,NORMAL,1,ROUTE,,,,,PREVIEW_DEFAULT
11.7979,-11.1217,3.9280,0.000,NORMAL,1,ROUTE,,,,,PREVIEW_DEFAULT
11.8979,-11.2151,3.9637,0.000,NORMAL,1,ROUTE,,,,,PREVIEW_DEFAULT
11.9980,-11.3086,3.9993,0.000,NORMAL,1,ROUTE,,,,,PREVIEW_DEFAULT
12.0979,-11.4020,4.0348,0.000,NORMAL,1,ROUTE,,,,,PREVIEW_DEFAULT
12.1980,-11.4956,4.0702,0.000,NORMAL,1,ROUTE,,,,,PREVIEW_DEFAULT
12.2979,-11.5891,4.1054,0.000,NORMAL,1,ROUTE,,,,,PREVIEW_DEFAULT
12.3979,-11.6827,4.1406,0.000,NORMAL,1,ROUTE,,,,,PREVIEW_DEFAULT
12.4979,-11.7763,4.1758,0.000,NORMAL,1,ROUTE,,,,,PREVIEW_DEFAULT
12.5978,-11.8699,4.2108,0.000,NORMAL,1,ROUTE,,,,,PREVIEW_DEFAULT
12.6978,-11.9636,4.2457,0.000,NORMAL,1,ROUTE,,,,,PREVIEW_DEFAULT
12.7978,-12.0573,4.2806,0.000,NORMAL,1,ROUTE,,,,,PREVIEW_DEFAULT
12.8978,-12.1511,4.3154,0.000,NORMAL,1,ROUTE,,,,,PREVIEW_DEFAULT
12.9978,-12.2449,4.3500,0.000,NORMAL,1,ROUTE,,,,,PREVIEW_DEFAULT
13.0978,-12.3388,4.3844,0.000,NORMAL,1,ROUTE,,,,,PREVIEW_DEFAULT
13.1977,-12.4327,4.4185,0.000,NORMAL,1,ROUTE,,,,,PREVIEW_DEFAULT
13.2977,-12.5268,4.4524,0.000,NORMAL,1,ROUTE,,,,,PREVIEW_DEFAULT
13.3977,-12.6210,4.4859,0.000,NORMAL,1,ROUTE,,,,,PREVIEW_DEFAULT
13.4977,-12.7154,4.5189,0.000,NORMAL,1,ROUTE,,,,,PREVIEW_DEFAULT
13.5977,-12.8099,4.5516,0.000,NORMAL,1,ROUTE,,,,,PREVIEW_DEFAULT
13.6976,-12.9045,4.5838,0.000,NORMAL,1,ROUTE,,,,,PREVIEW_DEFAULT
13.7977,-12.9994,4.6155,0.000,NORMAL,1,ROUTE,,,,,PREVIEW_DEFAULT
13.8976,-13.0943,4.6467,0.000,NORMAL,1,ROUTE,,,,,PREVIEW_DEFAULT
13.9976,-13.1894,4.6775,0.000,NORMAL,1,ROUTE,,,,,PREVIEW_DEFAULT
14.0976,-13.2846,4.7081,0.000,NORMAL,1,ROUTE,,,,,PREVIEW_DEFAULT
14.1976,-13.3799,4.7384,0.000,NORMAL,1,ROUTE,,,,,PREVIEW_DEFAULT
14.2975,-13.4752,4.7686,0.000,NORMAL,1,ROUTE,,,,,PREVIEW_DEFAULT
14.3976,-13.5706,4.7987,0.000,NORMAL,1,ROUTE,,,,,PREVIEW_DEFAULT
14.4975,-13.6659,4.8289,0.000,NORMAL,1,ROUTE,,,,,PREVIEW_DEFAULT
14.5975,-13.7612,4.8591,0.000,NORMAL,1,ROUTE,,,,,PREVIEW_DEFAULT
14.6975,-13.8564,4.8896,0.000,NORMAL,1,ROUTE,,,,,PREVIEW_DEFAULT
14.7975,-13.9516,4.9202,0.000,NORMAL,1,ROUTE,,,,,PREVIEW_DEFAULT
14.8975,-14.0467,4.9512,0.000,NORMAL,1,ROUTE,,,,,PREVIEW_DEFAULT
14.9974,-14.1416,4.9824,0.000,NORMAL,1,ROUTE,,,,,PREVIEW_DEFAULT
15.0974,-14.2365,5.0140,0.000,NORMAL,1,ROUTE,,,,,PREVIEW_DEFAULT
15.1974,-14.3313,5.0459,0.000,NORMAL,1,ROUTE,,,,,PREVIEW_DEFAULT
15.2974,-14.4259,5.0781,0.000,NORMAL,1,ROUTE,,,,,PREVIEW_DEFAULT
15.3974,-14.5205,5.1105,0.000,NORMAL,1,ROUTE,,,,,PREVIEW_DEFAULT
15.4973,-14.6150,5.1431,0.000,NORMAL,1,ROUTE,,,,,PREVIEW_DEFAULT
15.5973,-14.7095,5.1758,0.000,NORMAL,1,ROUTE,,,,,PREVIEW_DEFAULT
15.6973,-14.8040,5.2085,0.000,NORMAL,1,ROUTE,,,,,PREVIEW_DEFAULT
15.7973,-14.8984,5.2413,0.000,NORMAL,1,ROUTE,,,,,PREVIEW_DEFAULT
15.8973,-14.9929,5.2742,0.000,NORMAL,1,ROUTE,,,,,PREVIEW_DEFAULT
15.9973,-15.0873,5.3070,0.000,NORMAL,1,ROUTE,,,,,PREVIEW_DEFAULT
16.0972,-15.1817,5.3399,0.000,NORMAL,1,ROUTE,,,,,PREVIEW_DEFAULT
16.1972,-15.2761,5.3728,0.000,NORMAL,1,ROUTE,,,,,PREVIEW_DEFAULT
16.2973,-15.3706,5.4057,0.000,NORMAL,1,ROUTE,,,,,PREVIEW_DEFAULT
16.3972,-15.4650,5.4386,0.000,NORMAL,1,ROUTE,,,,,PREVIEW_DEFAULT
16.4972,-15.5593,5.4717,0.000,NORMAL,1,ROUTE,,,,,PREVIEW_DEFAULT
16.5971,-15.6536,5.5048,0.000,NORMAL,1,ROUTE,,,,,PREVIEW_DEFAULT
16.6971,-15.7479,5.5381,0.000,NORMAL,1,ROUTE,,,,,PREVIEW_DEFAULT
16.7971,-15.8421,5.5716,0.000,NORMAL,1,ROUTE,,,,,PREVIEW_DEFAULT
16.8971,-15.9363,5.6053,0.000,NORMAL,1,ROUTE,,,,,PREVIEW_DEFAULT
16.9971,-16.0303,5.6392,0.000,NORMAL,1,ROUTE,,,,,PREVIEW_DEFAULT
17.0970,-16.1243,5.6732,0.000,NORMAL,1,ROUTE,,,,,PREVIEW_DEFAULT
17.1971,-16.2183,5.7074,0.000,NORMAL,1,ROUTE,,,,,PREVIEW_DEFAULT
17.2970,-16.3122,5.7417,0.000,NORMAL,1,ROUTE,,,,,PREVIEW_DEFAULT
17.3970,-16.4061,5.7761,0.000,NORMAL,1,ROUTE,,,,,PREVIEW_DEFAULT
17.4970,-16.5000,5.8105,0.000,NORMAL,1,ROUTE,,,,,PREVIEW_DEFAULT
17.5970,-16.5938,5.8450,0.000,NORMAL,1,ROUTE,,,,,PREVIEW_DEFAULT
17.6970,-16.6877,5.8794,0.000,NORMAL,1,ROUTE,,,,,PREVIEW_DEFAULT
17.7969,-16.7816,5.9137,0.000,NORMAL,1,ROUTE,,,,,PREVIEW_DEFAULT
17.8970,-16.8756,5.9479,0.000,NORMAL,1,ROUTE,,,,,PREVIEW_DEFAULT
17.9969,-16.9695,5.9820,0.000,NORMAL,1,ROUTE,,,,,PREVIEW_DEFAULT
18.0969,-17.0636,6.0160,0.000,NORMAL,1,ROUTE,,,,,PREVIEW_DEFAULT
18.1969,-17.1577,6.0499,0.000,NORMAL,1,ROUTE,,,,,PREVIEW_DEFAULT
18.2969,-17.2518,6.0836,0.000,NORMAL,1,ROUTE,,,,,PREVIEW_DEFAULT
18.3969,-17.3460,6.1171,0.000,NORMAL,1,ROUTE,,,,,PREVIEW_DEFAULT
18.4968,-17.4402,6.1504,0.000,NORMAL,1,ROUTE,,,,,PREVIEW_DEFAULT
18.5968,-17.5346,6.1835,0.000,NORMAL,1,ROUTE,,,,,PREVIEW_DEFAULT
18.6968,-17.6290,6.2164,0.000,NORMAL,1,ROUTE,,,,,PREVIEW_DEFAULT
18.7968,-17.7235,6.2490,0.000,NORMAL,1,ROUTE,,,,,PREVIEW_DEFAULT
18.8968,-17.8181,6.2814,0.000,NORMAL,1,ROUTE,,,,,PREVIEW_DEFAULT
18.9967,-17.9128,6.3135,0.000,NORMAL,1,ROUTE,,,,,PREVIEW_DEFAULT
19.0968,-18.0076,6.3454,0.000,NORMAL,1,ROUTE,,,,,PREVIEW_DEFAULT
19.1967,-18.1024,6.3771,0.000,NORMAL,1,ROUTE,,,,,PREVIEW_DEFAULT
19.2967,-18.1973,6.4085,0.000,NORMAL,1,ROUTE,,,,,PREVIEW_DEFAULT
19.3967,-18.2923,6.4398,0.000,NORMAL,1,ROUTE,,,,,PREVIEW_DEFAULT
19.4966,-18.3872,6.4710,0.000,NORMAL,1,ROUTE,,,,,PREVIEW_DEFAULT
19.5967,-18.4823,6.5021,0.000,NORMAL,1,ROUTE,,,,,PREVIEW_DEFAULT
19.6966,-18.5773,6.5332,0.000,NORMAL,1,ROUTE,,,,,PREVIEW_DEFAULT
19.7966,-18.6723,6.5644,0.000,NORMAL,1,ROUTE,,,,,PREVIEW_DEFAULT
19.8966,-18.7673,6.5956,0.000,NORMAL,1,ROUTE,,,,,PREVIEW_DEFAULT
19.9965,-18.8622,6.6269,0.000,NORMAL,1,ROUTE,,,,,PREVIEW_DEFAULT
20.0965,-18.9571,6.6584,0.000,NORMAL,1,ROUTE,,,,,PREVIEW_DEFAULT
20.1966,-19.0520,6.6901,0.000,NORMAL,1,ROUTE,,,,,PREVIEW_DEFAULT
20.2965,-19.1467,6.7220,0.000,NORMAL,1,ROUTE,,,,,PREVIEW_DEFAULT
20.3965,-19.2414,6.7542,0.000,NORMAL,1,ROUTE,,,,,PREVIEW_DEFAULT
20.4965,-19.3359,6.7867,0.000,NORMAL,1,ROUTE,,,,,PREVIEW_DEFAULT
20.5965,-19.4304,6.8195,0.000,NORMAL,1,ROUTE,,,,,PREVIEW_DEFAULT
20.6964,-19.5247,6.8525,0.000,NORMAL,1,ROUTE,,,,,PREVIEW_DEFAULT
20.7964,-19.6190,6.8858,0.000,NORMAL,1,ROUTE,,,,,PREVIEW_DEFAULT
20.8964,-19.7132,6.9193,0.000,NORMAL,1,ROUTE,,,,,PREVIEW_DEFAULT
20.9964,-19.8074,6.9529,0.000,NORMAL,1,ROUTE,,,,,PREVIEW_DEFAULT
21.0964,-19.9015,6.9866,0.000,NORMAL,1,ROUTE,,,,,PREVIEW_DEFAULT
21.1963,-19.9956,7.0204,0.000,NORMAL,1,ROUTE,,,,,PREVIEW_DEFAULT
21.2963,-20.0897,7.0542,0.000,NORMAL,1,ROUTE,,,,,PREVIEW_DEFAULT
21.3963,-20.1839,7.0878,0.000,NORMAL,1,ROUTE,,,,,PREVIEW_DEFAULT
21.4964,-20.2781,7.1214,0.000,NORMAL,1,ROUTE,,,,,PREVIEW_DEFAULT
21.5963,-20.3723,7.1547,0.000,NORMAL,1,ROUTE,,,,,PREVIEW_DEFAULT
21.6963,-20.4667,7.1877,0.000,NORMAL,1,ROUTE,,,,,PREVIEW_DEFAULT
21.7962,-20.5612,7.2203,0.000,NORMAL,1,ROUTE,,,,,PREVIEW_DEFAULT
21.8195,-20.5832,7.2278,0.000,HILL,1,HILL,HILL_START,ENTER_ZONE,,,PREVIEW_DEFAULT
21.8962,-20.6559,7.2524,0.000,HILL,1,HILL,,,,,PREVIEW_DEFAULT
21.9962,-20.7507,7.2841,0.000,HILL,1,HILL,,,,,PREVIEW_DEFAULT
22.0962,-20.8457,7.3155,0.000,HILL,1,HILL,,,,,PREVIEW_DEFAULT
22.1962,-20.9407,7.3466,0.000,HILL,1,HILL,,,,,PREVIEW_DEFAULT
22.2962,-21.0357,7.3777,0.000,HILL,1,HILL,,,,,PREVIEW_DEFAULT
22.3962,-21.1308,7.4087,0.000,HILL,1,HILL,,,,,PREVIEW_DEFAULT
22.4961,-21.2258,7.4397,0.000,HILL,1,HILL,,,,,PREVIEW_DEFAULT
22.5961,-21.3208,7.4710,0.000,HILL,1,HILL,,,,,PREVIEW_DEFAULT
22.6961,-21.4157,7.5024,0.000,HILL,1,HILL,,,,,PREVIEW_DEFAULT
22.7961,-21.5105,7.5341,0.000,HILL,1,HILL,,,,,PREVIEW_DEFAULT
22.8961,-21.6053,7.5661,0.000,HILL,1,HILL,,,,,PREVIEW_DEFAULT
22.9961,-21.6999,7.5984,0.000,HILL,1,HILL,,,,,PREVIEW_DEFAULT
23.0960,-21.7944,7.6310,0.000,HILL,1,HILL,,,,,PREVIEW_DEFAULT
23.1960,-21.8888,7.6639,0.000,HILL,1,HILL,,,,,PREVIEW_DEFAULT
23.2960,-21.9831,7.6970,0.000,HILL,1,HILL,,,,,PREVIEW_DEFAULT
23.3960,-22.0774,7.7304,0.000,HILL,1,HILL,,,,,PREVIEW_DEFAULT
23.4960,-22.1716,7.7640,0.000,HILL,1,HILL,,,,,PREVIEW_DEFAULT
23.5959,-22.2657,7.7976,0.000,HILL,1,HILL,,,,,PREVIEW_DEFAULT
23.6959,-22.3598,7.8314,0.000,HILL,1,HILL,,,,,PREVIEW_DEFAULT
23.7959,-22.4539,7.8652,0.000,HILL,1,HILL,,,,,PREVIEW_DEFAULT
23.8959,-22.5481,7.8989,0.000,HILL,1,HILL,,,,,PREVIEW_DEFAULT
23.9959,-22.6422,7.9326,0.000,HILL,1,HILL,,,,,PREVIEW_DEFAULT
24.0959,-22.7364,7.9661,0.000,HILL,1,HILL,,,,,PREVIEW_DEFAULT
24.1959,-22.8306,7.9996,0.000,HILL,1,HILL,,,,,PREVIEW_DEFAULT
24.2958,-22.9249,8.0328,0.000,HILL,1,HILL,,,,,PREVIEW_DEFAULT
24.3958,-23.0193,8.0658,0.000,HILL,1,HILL,,,,,PREVIEW_DEFAULT
24.4958,-23.1138,8.0985,0.000,HILL,1,HILL,,,,,PREVIEW_DEFAULT
24.5958,-23.2083,8.1310,0.000,HILL,1,HILL,,,,,PREVIEW_DEFAULT
24.6958,-23.3030,8.1631,0.000,HILL,1,HILL,,,,,PREVIEW_DEFAULT
24.7958,-23.3978,8.1950,0.000,HILL,1,HILL,,,,,PREVIEW_DEFAULT
24.8957,-23.4927,8.2264,0.000,HILL,1,HILL,,,,,PREVIEW_DEFAULT
24.9957,-23.5877,8.2575,0.000,HILL,1,HILL,,,,,PREVIEW_DEFAULT
25.0957,-23.6829,8.2882,0.000,HILL,1,HILL,,,,,PREVIEW_DEFAULT
25.1957,-23.7781,8.3186,0.000,HILL,1,HILL,,,,,PREVIEW_DEFAULT
25.2956,-23.8734,8.3488,0.000,HILL,1,HILL,,,,,PREVIEW_DEFAULT
25.3957,-23.9689,8.3787,0.000,HILL,1,HILL,,,,,PREVIEW_DEFAULT
25.4956,-24.0643,8.4084,0.000,HILL,1,HILL,,,,,PREVIEW_DEFAULT
25.5956,-24.1598,8.4381,0.000,HILL,1,HILL,,,,,PREVIEW_DEFAULT
25.6956,-24.2553,8.4677,0.000,HILL,1,HILL,,,,,PREVIEW_DEFAULT
25.7956,-24.3507,8.4975,0.000,HILL,1,HILL,,,,,PREVIEW_DEFAULT
25.8955,-24.4461,8.5274,0.000,HILL,1,HILL,,,,,PREVIEW_DEFAULT
25.9956,-24.5415,8.5575,0.000,HILL,1,HILL,,,,,PREVIEW_DEFAULT
26.0955,-24.6368,8.5877,0.000,HILL,1,HILL,,,,,PREVIEW_DEFAULT
26.1955,-24.7320,8.6183,0.000,HILL,1,HILL,,,,,PREVIEW_DEFAULT
26.2955,-24.8271,8.6490,0.000,HILL,1,HILL,,,,,PREVIEW_DEFAULT
26.3955,-24.9222,8.6800,0.000,HILL,1,HILL,,,,,PREVIEW_DEFAULT
26.4955,-25.0172,8.7112,0.000,HILL,1,HILL,,,,,PREVIEW_DEFAULT
26.5955,-25.1121,8.7426,0.000,HILL,1,HILL,,,,,PREVIEW_DEFAULT
26.6954,-25.2070,8.7740,0.000,HILL,1,HILL,,,,,PREVIEW_DEFAULT
26.7954,-25.3019,8.8055,0.000,HILL,1,HILL,,,,,PREVIEW_DEFAULT
26.8954,-25.3968,8.8370,0.000,HILL,1,HILL,,,,,PREVIEW_DEFAULT
26.9954,-25.4917,8.8684,0.000,HILL,1,HILL,,,,,PREVIEW_DEFAULT
27.0953,-25.5867,8.8996,0.000,HILL,1,HILL,,,,,PREVIEW_DEFAULT
27.1954,-25.6818,8.9306,0.000,HILL,1,HILL,,,,,PREVIEW_DEFAULT
27.2953,-25.7769,8.9614,0.000,HILL,1,HILL,,,,,PREVIEW_DEFAULT
27.3953,-25.8721,8.9920,0.000,HILL,1,HILL,,,,,PREVIEW_DEFAULT
27.4953,-25.9674,9.0222,0.000,HILL,1,HILL,,,,,PREVIEW_DEFAULT
27.5952,-26.0627,9.0523,0.000,HILL,1,HILL,,,,,PREVIEW_DEFAULT
27.6953,-26.1582,9.0822,0.000,HILL,1,HILL,,,,,PREVIEW_DEFAULT
27.7952,-26.2536,9.1118,0.000,HILL,1,HILL,,,,,PREVIEW_DEFAULT
27.8953,-26.3492,9.1413,0.000,HILL,1,HILL,,,,,PREVIEW_DEFAULT
27.9952,-26.4448,9.1706,0.000,HILL,1,HILL,,,,,PREVIEW_DEFAULT
28.0952,-26.5404,9.1997,0.000,HILL,1,HILL,,,,,PREVIEW_DEFAULT
28.1952,-26.6361,9.2287,0.000,HILL,1,HILL,,,,,PREVIEW_DEFAULT
28.2951,-26.7318,9.2576,0.000,HILL,1,HILL,,,,,PREVIEW_DEFAULT
28.3951,-26.8276,9.2863,0.000,HILL,1,HILL,,,,,PREVIEW_DEFAULT
28.4951,-26.9234,9.3149,0.000,HILL,1,HILL,,,,,PREVIEW_DEFAULT
28.5951,-27.0192,9.3434,0.000,HILL,1,HILL,,,,,PREVIEW_DEFAULT
28.6951,-27.1151,9.3719,0.000,HILL,1,HILL,,,,,PREVIEW_DEFAULT
28.7951,-27.2109,9.4004,0.000,HILL,1,HILL,,,,,PREVIEW_DEFAULT
28.8950,-27.3067,9.4289,0.000,HILL,1,HILL,,,,,PREVIEW_DEFAULT
28.9950,-27.4025,9.4577,0.000,HILL,1,HILL,,,,,PREVIEW_DEFAULT
29.0950,-27.4982,9.4867,0.000,HILL,1,HILL,,,,,PREVIEW_DEFAULT
29.1950,-27.5937,9.5162,0.000,HILL,1,HILL,,,,,PREVIEW_DEFAULT
29.2950,-27.6891,9.5462,0.000,HILL,1,HILL,,,,,PREVIEW_DEFAULT
29.3949,-27.7842,9.5769,0.000,HILL,1,HILL,,,,,PREVIEW_DEFAULT
29.4950,-27.8792,9.6082,0.000,HILL,1,HILL,,,,,PREVIEW_DEFAULT
29.5950,-27.9739,9.6403,0.000,HILL,1,HILL,,,,,PREVIEW_DEFAULT
29.6949,-28.0683,9.6732,0.000,HILL,1,HILL,,,,,PREVIEW_DEFAULT
29.7949,-28.1625,9.7068,0.000,HILL,1,HILL,,,,,PREVIEW_DEFAULT
29.8949,-28.2564,9.7411,0.000,HILL,1,HILL,,,,,PREVIEW_DEFAULT
29.9949,-28.3501,9.7760,0.000,HILL,1,HILL,,,,,PREVIEW_DEFAULT
30.0949,-28.4436,9.8114,0.000,HILL,1,HILL,,,,,PREVIEW_DEFAULT
30.1948,-28.5369,9.8473,0.000,HILL,1,HILL,,,,,PREVIEW_DEFAULT
30.2948,-28.6301,9.8834,0.000,HILL,1,HILL,,,,,PREVIEW_DEFAULT
30.3947,-28.7232,9.9198,0.000,HILL,1,HILL,,,,,PREVIEW_DEFAULT
30.4947,-28.8163,9.9563,0.000,HILL,1,HILL,,,,,PREVIEW_DEFAULT
30.5947,-28.9094,9.9928,0.000,HILL,1,HILL,,,,,PREVIEW_DEFAULT
30.6947,-29.0025,10.0293,0.000,HILL,1,HILL,,,,,PREVIEW_DEFAULT
30.7948,-29.0957,10.0656,0.000,HILL,1,HILL,,,,,PREVIEW_DEFAULT
30.8947,-29.1889,10.1017,0.000,HILL,1,HILL,,,,,PREVIEW_DEFAULT
30.9947,-29.2823,10.1375,0.000,HILL,1,HILL,,,,,PREVIEW_DEFAULT
31.0947,-29.3758,10.1729,0.000,HILL,1,HILL,,,,,PREVIEW_DEFAULT
31.1946,-29.4694,10.2079,0.000,HILL,1,HILL,,,,,PREVIEW_DEFAULT
31.2946,-29.5632,10.2424,0.000,HILL,1,HILL,,,,,PREVIEW_DEFAULT
31.3947,-29.6573,10.2765,0.000,HILL,1,HILL,,,,,PREVIEW_DEFAULT
31.4946,-29.7515,10.3099,0.000,HILL,1,HILL,,,,,PREVIEW_DEFAULT
31.5946,-29.8459,10.3428,0.000,HILL,1,HILL,,,,,PREVIEW_DEFAULT
31.6946,-29.9405,10.3751,0.000,HILL,1,HILL,,,,,PREVIEW_DEFAULT
31.7945,-30.0353,10.4068,0.000,HILL,1,HILL,,,,,PREVIEW_DEFAULT
31.8946,-30.1304,10.4379,0.000,HILL,1,HILL,,,,,PREVIEW_DEFAULT
31.9945,-30.2256,10.4684,0.000,HILL,1,HILL,,,,,PREVIEW_DEFAULT
32.0945,-30.3210,10.4983,0.000,HILL,1,HILL,,,,,PREVIEW_DEFAULT
32.1945,-30.4166,10.5276,0.000,HILL,1,HILL,,,,,PREVIEW_DEFAULT
32.2944,-30.5123,10.5564,0.000,HILL,1,HILL,,,,,PREVIEW_DEFAULT
32.3944,-30.6082,10.5847,0.000,HILL,1,HILL,,,,,PREVIEW_DEFAULT
32.4944,-30.7042,10.6126,0.000,HILL,1,HILL,,,,,PREVIEW_DEFAULT
32.5945,-30.8004,10.6401,0.000,HILL,1,HILL,,,,,PREVIEW_DEFAULT
32.6944,-30.8966,10.6672,0.000,HILL,1,HILL,,,,,PREVIEW_DEFAULT
32.7944,-30.9929,10.6941,0.000,HILL,1,HILL,,,,,PREVIEW_DEFAULT
32.8943,-31.0892,10.7209,0.000,HILL,1,HILL,,,,,PREVIEW_DEFAULT
32.9943,-31.1856,10.7475,0.000,HILL,1,HILL,,,,,PREVIEW_DEFAULT
33.0944,-31.2820,10.7742,0.000,HILL,1,HILL,,,,,PREVIEW_DEFAULT
33.1943,-31.3783,10.8009,0.000,HILL,1,HILL,,,,,PREVIEW_DEFAULT
33.2943,-31.4746,10.8279,0.000,HILL,1,HILL,,,,,PREVIEW_DEFAULT
33.3943,-31.5708,10.8551,0.000,HILL,1,HILL,,,,,PREVIEW_DEFAULT
33.4943,-31.6669,10.8827,0.000,HILL,1,HILL,,,,,PREVIEW_DEFAULT
33.5942,-31.7628,10.9108,0.000,HILL,1,HILL,,,,,PREVIEW_DEFAULT
33.6943,-31.8587,10.9393,0.000,HILL,1,HILL,,,,,PREVIEW_DEFAULT
33.7942,-31.9543,10.9684,0.000,HILL,1,HILL,,,,,PREVIEW_DEFAULT
33.8942,-32.0498,10.9981,0.000,HILL,1,HILL,,,,,PREVIEW_DEFAULT
33.9942,-32.1451,11.0283,0.000,HILL,1,HILL,,,,,PREVIEW_DEFAULT
34.0942,-32.2402,11.0592,0.000,HILL,1,HILL,,,,,PREVIEW_DEFAULT
34.1405,-32.2842,11.0737,0.000,HILL,1,HILL,HILL_STOP,STOP_THEN_HOLD,ALWAYS_ONCE,3.0,PREVIEW_DEFAULT
34.1942,-32.3351,11.0907,0.000,HILL,1,HILL,,,ALWAYS_ONCE,,PREVIEW_DEFAULT
34.2941,-32.4297,11.1229,0.000,HILL,1,HILL,,,ALWAYS_ONCE,,PREVIEW_DEFAULT
34.3941,-32.5242,11.1556,0.000,HILL,1,HILL,,,,,PREVIEW_DEFAULT
34.4942,-32.6186,11.1888,0.000,HILL,1,HILL,,,,,PREVIEW_DEFAULT
34.5941,-32.7128,11.2222,0.000,HILL,1,HILL,,,,,PREVIEW_DEFAULT
34.6941,-32.8069,11.2560,0.000,HILL,1,HILL,,,,,PREVIEW_DEFAULT
34.7940,-32.9009,11.2899,0.000,HILL,1,HILL,,,,,PREVIEW_DEFAULT
34.8940,-32.9949,11.3240,0.000,HILL,1,HILL,,,,,PREVIEW_DEFAULT
34.9940,-33.0889,11.3582,0.000,HILL,1,HILL,,,,,PREVIEW_DEFAULT
35.0940,-33.1828,11.3925,0.000,HILL,1,HILL,,,,,PREVIEW_DEFAULT
35.1940,-33.2767,11.4268,0.000,HILL,1,HILL,,,,,PREVIEW_DEFAULT
35.2940,-33.3706,11.4613,0.000,HILL,1,HILL,,,,,PREVIEW_DEFAULT
35.3939,-33.4644,11.4957,0.000,HILL,1,HILL,,,,,PREVIEW_DEFAULT
35.4939,-33.5582,11.5303,0.000,HILL,1,HILL,,,,,PREVIEW_DEFAULT
35.5939,-33.6520,11.5649,0.000,HILL,1,HILL,,,,,PREVIEW_DEFAULT
35.6939,-33.7458,11.5996,0.000,HILL,1,HILL,,,,,PREVIEW_DEFAULT
35.7939,-33.8396,11.6343,0.000,HILL,1,HILL,,,,,PREVIEW_DEFAULT
35.8939,-33.9333,11.6691,0.000,HILL,1,HILL,,,,,PREVIEW_DEFAULT
35.9938,-34.0270,11.7039,0.000,HILL,1,HILL,,,,,PREVIEW_DEFAULT
36.0938,-34.1207,11.7388,0.000,HILL,1,HILL,,,,,PREVIEW_DEFAULT
36.1937,-34.2144,11.7736,0.000,HILL,1,HILL,,,,,PREVIEW_DEFAULT
36.2938,-34.3082,11.8084,0.000,HILL,1,HILL,,,,,PREVIEW_DEFAULT
36.3937,-34.4019,11.8432,0.000,HILL,1,HILL,,,,,PREVIEW_DEFAULT
36.4937,-34.4957,11.8778,0.000,HILL,1,HILL,,,,,PREVIEW_DEFAULT
36.5938,-34.5896,11.9123,0.000,HILL,1,HILL,,,,,PREVIEW_DEFAULT
36.6937,-34.6835,11.9466,0.000,HILL,1,HILL,,,,,PREVIEW_DEFAULT
36.7937,-34.7774,11.9808,0.000,HILL,1,HILL,,,,,PREVIEW_DEFAULT
36.8937,-34.8715,12.0146,0.000,HILL,1,HILL,,,,,PREVIEW_DEFAULT
36.9936,-34.9657,12.0481,0.000,HILL,1,HILL,,,,,PREVIEW_DEFAULT
37.0937,-35.0601,12.0813,0.000,HILL,1,HILL,,,,,PREVIEW_DEFAULT
37.1936,-35.1545,12.1140,0.000,HILL,1,HILL,,,,,PREVIEW_DEFAULT
37.2936,-35.2492,12.1461,0.000,HILL,1,HILL,,,,,PREVIEW_DEFAULT
37.3936,-35.3441,12.1777,0.000,HILL,1,HILL,,,,,PREVIEW_DEFAULT
37.4936,-35.4392,12.2086,0.000,HILL,1,HILL,,,,,PREVIEW_DEFAULT
37.5936,-35.5345,12.2388,0.000,HILL,1,HILL,,,,,PREVIEW_DEFAULT
37.6936,-35.6301,12.2681,0.000,HILL,1,HILL,,,,,PREVIEW_DEFAULT
37.7936,-35.7260,12.2964,0.000,HILL,1,HILL,,,,,PREVIEW_DEFAULT
37.8935,-35.8221,12.3238,0.000,HILL,1,HILL,,,,,PREVIEW_DEFAULT
37.9935,-35.9186,12.3501,0.000,HILL,1,HILL,,,,,PREVIEW_DEFAULT
38.0935,-36.0154,12.3752,0.000,HILL,1,HILL,,,,,PREVIEW_DEFAULT
38.1935,-36.1124,12.3993,0.000,HILL,1,HILL,,,,,PREVIEW_DEFAULT
38.2934,-36.2097,12.4222,0.000,HILL,1,HILL,,,,,PREVIEW_DEFAULT
38.3935,-36.3073,12.4442,0.000,HILL,1,HILL,,,,,PREVIEW_DEFAULT
38.4934,-36.4050,12.4653,0.000,HILL,1,HILL,,,,,PREVIEW_DEFAULT
38.5934,-36.5029,12.4857,0.000,HILL,1,HILL,,,,,PREVIEW_DEFAULT
38.6934,-36.6009,12.5054,0.000,HILL,1,HILL,,,,,PREVIEW_DEFAULT
38.7933,-36.6989,12.5250,0.000,HILL,1,HILL,,,,,PREVIEW_DEFAULT
38.8933,-36.7969,12.5450,0.000,HILL,1,HILL,,,,,PREVIEW_DEFAULT
38.9934,-36.8947,12.5659,0.000,HILL,1,HILL,,,,,PREVIEW_DEFAULT
39.0933,-36.9922,12.5879,0.000,HILL,1,HILL,,,,,PREVIEW_DEFAULT
39.1933,-37.0895,12.6110,0.000,HILL,1,HILL,,,,,PREVIEW_DEFAULT
39.2933,-37.1865,12.6352,0.000,HILL,1,HILL,,,,,PREVIEW_DEFAULT
39.3932,-37.2832,12.6605,0.000,HILL,1,HILL,,,,,PREVIEW_DEFAULT
39.4933,-37.3797,12.6868,0.000,HILL,1,HILL,,,,,PREVIEW_DEFAULT
39.5932,-37.4759,12.7138,0.000,HILL,1,HILL,,,,,PREVIEW_DEFAULT
39.6932,-37.5720,12.7416,0.000,HILL,1,HILL,,,,,PREVIEW_DEFAULT
39.7932,-37.6679,12.7699,0.000,HILL,1,HILL,,,,,PREVIEW_DEFAULT
39.8932,-37.7636,12.7988,0.000,HILL,1,HILL,,,,,PREVIEW_DEFAULT
39.9931,-37.8592,12.8280,0.000,HILL,1,HILL,,,,,PREVIEW_DEFAULT
40.0931,-37.9547,12.8577,0.000,HILL,1,HILL,,,,,PREVIEW_DEFAULT
40.1931,-38.0501,12.8877,0.000,HILL,1,HILL,,,,,PREVIEW_DEFAULT
40.2931,-38.1453,12.9181,0.000,HILL,1,HILL,,,,,PREVIEW_DEFAULT
40.3931,-38.2405,12.9487,0.000,HILL,1,HILL,,,,,PREVIEW_DEFAULT
40.4930,-38.3355,12.9798,0.000,HILL,1,HILL,,,,,PREVIEW_DEFAULT
40.5931,-38.4305,13.0112,0.000,HILL,1,HILL,,,,,PREVIEW_DEFAULT
40.6930,-38.5252,13.0430,0.000,HILL,1,HILL,,,,,PREVIEW_DEFAULT
40.7930,-38.6199,13.0752,0.000,HILL,1,HILL,,,,,PREVIEW_DEFAULT
40.8930,-38.7144,13.1079,0.000,HILL,1,HILL,,,,,PREVIEW_DEFAULT
40.9929,-38.8086,13.1412,0.000,HILL,1,HILL,,,,,PREVIEW_DEFAULT
41.0929,-38.9027,13.1751,0.000,HILL,1,HILL,,,,,PREVIEW_DEFAULT
41.1930,-38.9966,13.2095,0.000,HILL,1,HILL,,,,,PREVIEW_DEFAULT
41.2929,-39.0902,13.2446,0.000,HILL,1,HILL,,,,,PREVIEW_DEFAULT
41.3929,-39.1836,13.2803,0.000,HILL,1,HILL,,,,,PREVIEW_DEFAULT
41.4929,-39.2768,13.3166,0.000,HILL,1,HILL,,,,,PREVIEW_DEFAULT
41.5928,-39.3697,13.3534,0.000,HILL,1,HILL,,,,,PREVIEW_DEFAULT
41.6929,-39.4625,13.3908,0.000,HILL,1,HILL,,,,,PREVIEW_DEFAULT
41.7928,-39.5550,13.4286,0.000,HILL,1,HILL,,,,,PREVIEW_DEFAULT
41.8928,-39.6474,13.4667,0.000,HILL,1,HILL,,,,,PREVIEW_DEFAULT
41.9927,-39.7397,13.5051,0.000,HILL,1,HILL,,,,,PREVIEW_DEFAULT
42.0928,-39.8320,13.5437,0.000,HILL,1,HILL,,,,,PREVIEW_DEFAULT
42.1927,-39.9242,13.5823,0.000,HILL,1,HILL,,,,,PREVIEW_DEFAULT
42.2928,-40.0165,13.6209,0.000,HILL,1,HILL,,,,,PREVIEW_DEFAULT
42.3927,-40.1088,13.6592,0.000,HILL,1,HILL,,,,,PREVIEW_DEFAULT
42.4928,-40.2013,13.6973,0.000,HILL,1,HILL,,,,,PREVIEW_DEFAULT
42.5927,-40.2939,13.7349,0.000,HILL,1,HILL,,,,,PREVIEW_DEFAULT
42.6926,-40.3867,13.7720,0.000,HILL,1,HILL,,,,,PREVIEW_DEFAULT
42.7927,-40.4798,13.8086,0.000,HILL,1,HILL,,,,,PREVIEW_DEFAULT
42.8927,-40.5731,13.8446,0.000,HILL,1,HILL,,,,,PREVIEW_DEFAULT
42.9926,-40.6666,13.8799,0.000,HILL,1,HILL,,,,,PREVIEW_DEFAULT
43.0926,-40.7603,13.9147,0.000,HILL,1,HILL,,,,,PREVIEW_DEFAULT
43.1926,-40.8542,13.9491,0.000,HILL,1,HILL,,,,,PREVIEW_DEFAULT
43.2926,-40.9483,13.9830,0.000,HILL,1,HILL,,,,,PREVIEW_DEFAULT
43.3925,-41.0424,14.0166,0.000,HILL,1,HILL,,,,,PREVIEW_DEFAULT
43.4926,-41.1367,14.0500,0.000,HILL,1,HILL,,,,,PREVIEW_DEFAULT
43.5925,-41.2310,14.0830,0.000,HILL,1,HILL,,,,,PREVIEW_DEFAULT
43.6925,-41.3255,14.1159,0.000,HILL,1,HILL,,,,,PREVIEW_DEFAULT
43.7925,-41.4200,14.1485,0.000,HILL,1,HILL,,,,,PREVIEW_DEFAULT
43.8924,-41.5145,14.1810,0.000,HILL,1,HILL,,,,,PREVIEW_DEFAULT
43.9924,-41.6091,14.2134,0.000,HILL,1,HILL,,,,,PREVIEW_DEFAULT
44.0925,-41.7038,14.2457,0.000,HILL,1,HILL,,,,,PREVIEW_DEFAULT
44.1924,-41.7984,14.2778,0.000,HILL,1,HILL,,,,,PREVIEW_DEFAULT
44.2924,-41.8931,14.3099,0.000,HILL,1,HILL,,,,,PREVIEW_DEFAULT
44.3924,-41.9879,14.3418,0.000,HILL,1,HILL,,,,,PREVIEW_DEFAULT
44.4924,-42.0826,14.3738,0.000,HILL,1,HILL,,,,,PREVIEW_DEFAULT
44.5924,-42.1774,14.4057,0.000,HILL,1,HILL,,,,,PREVIEW_DEFAULT
44.6923,-42.2721,14.4377,0.000,HILL,1,HILL,,,,,PREVIEW_DEFAULT
44.7923,-42.3668,14.4696,0.000,HILL,1,HILL,,,,,PREVIEW_DEFAULT
44.8924,-42.4616,14.5017,0.000,HILL,1,HILL,,,,,PREVIEW_DEFAULT
44.9923,-42.5562,14.5338,0.000,HILL,1,HILL,,,,,PREVIEW_DEFAULT
45.0922,-42.6509,14.5659,0.000,HILL,1,HILL,,,,,PREVIEW_DEFAULT
45.1923,-42.7456,14.5982,0.000,HILL,1,HILL,,,,,PREVIEW_DEFAULT
45.2923,-42.8402,14.6305,0.000,HILL,1,HILL,,,,,PREVIEW_DEFAULT
45.3922,-42.9348,14.6628,0.000,HILL,1,HILL,,,,,PREVIEW_DEFAULT
45.4922,-43.0294,14.6951,0.000,HILL,1,HILL,,,,,PREVIEW_DEFAULT
45.5922,-43.1240,14.7275,0.000,HILL,1,HILL,,,,,PREVIEW_DEFAULT
45.6921,-43.2186,14.7598,0.000,HILL,1,HILL,,,,,PREVIEW_DEFAULT
45.7922,-43.3133,14.7920,0.000,HILL,1,HILL,,,,,PREVIEW_DEFAULT
45.8921,-43.4079,14.8243,0.000,HILL,1,HILL,,,,,PREVIEW_DEFAULT
45.9921,-43.5026,14.8564,0.000,HILL,1,HILL,,,,,PREVIEW_DEFAULT
46.0921,-43.5973,14.8886,0.000,HILL,1,HILL,,,,,PREVIEW_DEFAULT
46.1920,-43.6919,14.9207,0.000,HILL,1,HILL,,,,,PREVIEW_DEFAULT
46.2920,-43.7866,14.9527,0.000,HILL,1,HILL,,,,,PREVIEW_DEFAULT
46.3920,-43.8813,14.9848,0.000,HILL,1,HILL,,,,,PREVIEW_DEFAULT
46.4920,-43.9760,15.0169,0.000,HILL,1,HILL,,,,,PREVIEW_DEFAULT
46.5920,-44.0707,15.0490,0.000,HILL,1,HILL,,,,,PREVIEW_DEFAULT
46.6920,-44.1654,15.0811,0.000,HILL,1,HILL,,,,,PREVIEW_DEFAULT
46.7920,-44.2601,15.1133,0.000,HILL,1,HILL,,,,,PREVIEW_DEFAULT
46.8919,-44.3547,15.1455,0.000,HILL,1,HILL,,,,,PREVIEW_DEFAULT
46.9920,-44.4494,15.1778,0.000,HILL,1,HILL,,,,,PREVIEW_DEFAULT
47.0920,-44.5440,15.2102,0.000,HILL,1,HILL,,,,,PREVIEW_DEFAULT
47.1919,-44.6385,15.2426,0.000,HILL,1,HILL,,,,,PREVIEW_DEFAULT
47.2919,-44.7331,15.2751,0.000,HILL,1,HILL,,,,,PREVIEW_DEFAULT
47.3919,-44.8276,15.3077,0.000,HILL,1,HILL,,,,,PREVIEW_DEFAULT
47.4919,-44.9221,15.3404,0.000,HILL,1,HILL,,,,,PREVIEW_DEFAULT
47.5919,-45.0166,15.3731,0.000,HILL,1,HILL,,,,,PREVIEW_DEFAULT
47.6918,-45.1110,15.4059,0.000,HILL,1,HILL,,,,,PREVIEW_DEFAULT
47.7918,-45.2054,15.4388,0.000,HILL,1,HILL,,,,,PREVIEW_DEFAULT
47.8917,-45.2998,15.4717,0.000,HILL,1,HILL,,,,,PREVIEW_DEFAULT
47.9917,-45.3942,15.5047,0.000,HILL,1,HILL,,,,,PREVIEW_DEFAULT
48.0917,-45.4886,15.5377,0.000,HILL,1,HILL,,,,,PREVIEW_DEFAULT
48.1918,-45.5830,15.5708,0.000,HILL,1,HILL,,,,,PREVIEW_DEFAULT
48.2917,-45.6773,15.6039,0.000,HILL,1,HILL,,,,,PREVIEW_DEFAULT
48.3917,-45.7716,15.6371,0.000,HILL,1,HILL,,,,,PREVIEW_DEFAULT
48.4917,-45.8659,15.6704,0.000,HILL,1,HILL,,,,,PREVIEW_DEFAULT
48.5917,-45.9602,15.7036,0.000,HILL,1,HILL,,,,,PREVIEW_DEFAULT
48.6916,-46.0544,15.7370,0.000,HILL,1,HILL,,,,,PREVIEW_DEFAULT
48.7916,-46.1487,15.7703,0.000,HILL,1,HILL,,,,,PREVIEW_DEFAULT
48.8917,-46.2430,15.8037,0.000,HILL,1,HILL,,,,,PREVIEW_DEFAULT
48.9916,-46.3372,15.8370,0.000,HILL,1,HILL,,,,,PREVIEW_DEFAULT
49.0916,-46.4315,15.8703,0.000,HILL,1,HILL,,,,,PREVIEW_DEFAULT
49.1916,-46.5258,15.9036,0.000,HILL,1,HILL,,,,,PREVIEW_DEFAULT
49.2915,-46.6200,15.9369,0.000,HILL,1,HILL,,,,,PREVIEW_DEFAULT
49.3915,-46.7143,15.9701,0.000,HILL,1,HILL,,,,,PREVIEW_DEFAULT
49.4916,-46.8087,16.0033,0.000,HILL,1,HILL,,,,,PREVIEW_DEFAULT
49.5915,-46.9030,16.0364,0.000,HILL,1,HILL,,,,,PREVIEW_DEFAULT
49.6915,-46.9974,16.0695,0.000,HILL,1,HILL,,,,,PREVIEW_DEFAULT
49.7914,-47.0917,16.1025,0.000,HILL,1,HILL,,,,,PREVIEW_DEFAULT
49.8914,-47.1861,16.1355,0.000,HILL,1,HILL,,,,,PREVIEW_DEFAULT
49.9914,-47.2805,16.1685,0.000,HILL,1,HILL,,,,,PREVIEW_DEFAULT
50.0914,-47.3749,16.2015,0.000,HILL,1,HILL,,,,,PREVIEW_DEFAULT
50.1914,-47.4693,16.2345,0.000,HILL,1,HILL,,,,,PREVIEW_DEFAULT
50.2913,-47.5636,16.2675,0.000,HILL,1,HILL,,,,,PREVIEW_DEFAULT
50.3913,-47.6579,16.3007,0.000,HILL,1,HILL,,,,,PREVIEW_DEFAULT
50.4913,-47.7522,16.3339,0.000,HILL,1,HILL,,,,,PREVIEW_DEFAULT
50.5913,-47.8465,16.3672,0.000,HILL,1,HILL,,,,,PREVIEW_DEFAULT
50.6913,-47.9407,16.4007,0.000,HILL,1,HILL,,,,,PREVIEW_DEFAULT
50.7913,-48.0349,16.4342,0.000,HILL,1,HILL,,,,,PREVIEW_DEFAULT
50.8913,-48.1291,16.4679,0.000,HILL,1,HILL,,,,,PREVIEW_DEFAULT
50.9913,-48.2232,16.5017,0.000,HILL,1,HILL,,,,,PREVIEW_DEFAULT
51.0912,-48.3172,16.5356,0.000,HILL,1,HILL,,,,,PREVIEW_DEFAULT
51.1912,-48.4112,16.5697,0.000,HILL,1,HILL,,,,,PREVIEW_DEFAULT
51.2912,-48.5052,16.6039,0.000,HILL,1,HILL,,,,,PREVIEW_DEFAULT
51.3912,-48.5991,16.6381,0.000,HILL,1,HILL,,,,,PREVIEW_DEFAULT
51.4912,-48.6930,16.6725,0.000,HILL,1,HILL,,,,,PREVIEW_DEFAULT
51.5912,-48.7868,16.7071,0.000,HILL,1,HILL,,,,,PREVIEW_DEFAULT
51.6911,-48.8806,16.7417,0.000,HILL,1,HILL,,,,,PREVIEW_DEFAULT
51.7911,-48.9744,16.7764,0.000,HILL,1,HILL,,,,,PREVIEW_DEFAULT
51.8911,-49.0681,16.8112,0.000,HILL,1,HILL,,,,,PREVIEW_DEFAULT
51.9911,-49.1618,16.8461,0.000,HILL,1,HILL,,,,,PREVIEW_DEFAULT
52.0910,-49.2555,16.8809,0.000,HILL,1,HILL,,,,,PREVIEW_DEFAULT
52.1910,-49.3492,16.9158,0.000,HILL,1,HILL,,,,,PREVIEW_DEFAULT
52.2910,-49.4430,16.9505,0.000,HILL,1,HILL,,,,,PREVIEW_DEFAULT
52.3910,-49.5368,16.9850,0.000,HILL,1,HILL,,,,,PREVIEW_DEFAULT
52.4910,-49.6307,17.0194,0.000,HILL,1,HILL,,,,,PREVIEW_DEFAULT
52.5910,-49.7247,17.0534,0.000,HILL,1,HILL,,,,,PREVIEW_DEFAULT
52.6910,-49.8189,17.0870,0.000,HILL,1,HILL,,,,,PREVIEW_DEFAULT
52.7909,-49.9132,17.1202,0.000,HILL,1,HILL,,,,,PREVIEW_DEFAULT
52.8910,-50.0077,17.1530,0.000,HILL,1,HILL,,,,,PREVIEW_DEFAULT
52.9909,-50.1023,17.1852,0.000,HILL,1,HILL,,,,,PREVIEW_DEFAULT
53.0910,-50.1972,17.2169,0.000,HILL,1,HILL,,,,,PREVIEW_DEFAULT
53.1909,-50.2922,17.2480,0.000,HILL,1,HILL,,,,,PREVIEW_DEFAULT
53.2908,-50.3873,17.2787,0.000,HILL,1,HILL,,,,,PREVIEW_DEFAULT
53.3909,-50.4827,17.3088,0.000,HILL,1,HILL,,,,,PREVIEW_DEFAULT
53.4909,-50.5782,17.3384,0.000,HILL,1,HILL,,,,,PREVIEW_DEFAULT
53.5908,-50.6738,17.3676,0.000,HILL,1,HILL,,,,,PREVIEW_DEFAULT
53.6908,-50.7695,17.3965,0.000,HILL,1,HILL,,,,,PREVIEW_DEFAULT
53.7907,-50.8653,17.4250,0.000,HILL,1,HILL,,,,,PREVIEW_DEFAULT
53.8907,-50.9612,17.4533,0.000,HILL,1,HILL,,,,,PREVIEW_DEFAULT
53.9908,-51.0572,17.4814,0.000,HILL,1,HILL,,,,,PREVIEW_DEFAULT
54.0907,-51.1531,17.5095,0.000,HILL,1,HILL,,,,,PREVIEW_DEFAULT
54.1907,-51.2491,17.5375,0.000,HILL,1,HILL,,,,,PREVIEW_DEFAULT
54.2907,-51.3451,17.5655,0.000,HILL,1,HILL,,,,,PREVIEW_DEFAULT
54.3907,-51.4410,17.5937,0.000,HILL,1,HILL,,,,,PREVIEW_DEFAULT
54.4906,-51.5369,17.6220,0.000,HILL,1,HILL,,,,,PREVIEW_DEFAULT
54.5906,-51.6327,17.6505,0.000,HILL,1,HILL,,,,,PREVIEW_DEFAULT
54.6906,-51.7285,17.6793,0.000,HILL,1,HILL,,,,,PREVIEW_DEFAULT
54.7907,-51.8242,17.7084,0.000,HILL,1,HILL,,,,,PREVIEW_DEFAULT
54.8905,-51.9197,17.7377,0.000,HILL,1,HILL,,,,,PREVIEW_DEFAULT
54.9905,-52.0152,17.7673,0.000,HILL,1,HILL,,,,,PREVIEW_DEFAULT
55.0906,-52.1107,17.7972,0.000,HILL,1,HILL,,,,,PREVIEW_DEFAULT
55.1905,-52.2060,17.8273,0.000,HILL,1,HILL,,,,,PREVIEW_DEFAULT
55.2905,-52.3013,17.8576,0.000,HILL,1,HILL,,,,,PREVIEW_DEFAULT
55.3905,-52.3965,17.8880,0.000,HILL,1,HILL,,,,,PREVIEW_DEFAULT
55.4904,-52.4917,17.9185,0.000,HILL,1,HILL,,,,,PREVIEW_DEFAULT
55.5905,-52.5870,17.9490,0.000,HILL,1,HILL,,,,,PREVIEW_DEFAULT
55.6904,-52.6822,17.9794,0.000,HILL,1,HILL,,,,,PREVIEW_DEFAULT
55.7904,-52.7775,18.0097,0.000,HILL,1,HILL,,,,,PREVIEW_DEFAULT
55.8904,-52.8728,18.0398,0.000,HILL,1,HILL,,,,,PREVIEW_DEFAULT
55.9905,-52.9683,18.0697,0.000,HILL,1,HILL,,,,,PREVIEW_DEFAULT
56.0904,-53.0638,18.0992,0.000,HILL,1,HILL,,,,,PREVIEW_DEFAULT
56.1903,-53.1594,18.1283,0.000,HILL,1,HILL,,,,,PREVIEW_DEFAULT
56.2903,-53.2552,18.1570,0.000,HILL,1,HILL,,,,,PREVIEW_DEFAULT
56.3904,-53.3512,18.1851,0.000,HILL,1,HILL,,,,,PREVIEW_DEFAULT
56.4903,-53.4472,18.2127,0.000,HILL,1,HILL,,,,,PREVIEW_DEFAULT
56.5903,-53.5435,18.2398,0.000,HILL,1,HILL,,,,,PREVIEW_DEFAULT
56.6903,-53.6400,18.2661,0.000,HILL,1,HILL,,,,,PREVIEW_DEFAULT
56.7903,-53.7366,18.2918,0.000,HILL,1,HILL,,,,,PREVIEW_DEFAULT
56.8186,-53.7640,18.2990,0.000,HILL,1,HILL,HILL_END,EXIT_ZONE,,,PREVIEW_DEFAULT
56.8903,-53.8334,18.3168,0.000,HILL,1,HILL,,,,,PREVIEW_DEFAULT
56.9902,-53.9304,18.3410,0.000,HILL,1,HILL,,,,,PREVIEW_DEFAULT
57.0811,-54.0186,18.3630,0.000,NORMAL,1,ROUTE,,,,,PREVIEW_DEFAULT
57.0902,-54.0274,18.3652,0.000,NORMAL,1,ROUTE,,,,,PREVIEW_DEFAULT
57.1902,-54.1244,18.3895,0.000,NORMAL,1,ROUTE,,,,,PREVIEW_DEFAULT
57.2901,-54.2213,18.4139,0.000,NORMAL,1,ROUTE,,,,,PREVIEW_DEFAULT
57.3901,-54.3183,18.4383,0.000,NORMAL,1,ROUTE,,,,,PREVIEW_DEFAULT
57.4902,-54.4153,18.4627,0.000,NORMAL,1,ROUTE,,,,,PREVIEW_DEFAULT
57.5901,-54.5123,18.4869,0.000,NORMAL,1,ROUTE,,,,,PREVIEW_DEFAULT
57.6901,-54.6093,18.5111,0.000,NORMAL,1,ROUTE,,,,,PREVIEW_DEFAULT
57.7901,-54.7063,18.5352,0.000,NORMAL,1,ROUTE,,,,,PREVIEW_DEFAULT
57.8901,-54.8034,18.5591,0.000,NORMAL,1,ROUTE,,,,,PREVIEW_DEFAULT
57.9900,-54.9005,18.5829,0.000,NORMAL,1,ROUTE,,,,,PREVIEW_DEFAULT
58.0901,-54.9977,18.6066,0.000,NORMAL,1,ROUTE,,,,,PREVIEW_DEFAULT
58.1900,-55.0948,18.6301,0.000,NORMAL,1,ROUTE,,,,,PREVIEW_DEFAULT
58.2900,-55.1920,18.6535,0.000,NORMAL,1,ROUTE,,,,,PREVIEW_DEFAULT
58.3900,-55.2893,18.6768,0.000,NORMAL,1,ROUTE,,,,,PREVIEW_DEFAULT
58.4899,-55.3865,18.7000,0.000,NORMAL,1,ROUTE,,,,,PREVIEW_DEFAULT
58.5899,-55.4838,18.7230,0.000,NORMAL,1,ROUTE,,,,,PREVIEW_DEFAULT
58.6899,-55.5811,18.7459,0.000,NORMAL,1,ROUTE,,,,,PREVIEW_DEFAULT
58.7899,-55.6785,18.7687,0.000,NORMAL,1,ROUTE,,,,,PREVIEW_DEFAULT
58.8899,-55.7759,18.7912,0.000,NORMAL,1,ROUTE,,,,,PREVIEW_DEFAULT
58.9899,-55.8734,18.8136,0.000,NORMAL,1,ROUTE,,,,,PREVIEW_DEFAULT
59.0899,-55.9709,18.8356,0.000,NORMAL,1,ROUTE,,,,,PREVIEW_DEFAULT
59.1899,-56.0685,18.8573,0.000,NORMAL,1,ROUTE,,,,,PREVIEW_DEFAULT
59.2899,-56.1662,18.8786,0.000,NORMAL,1,ROUTE,,,,,PREVIEW_DEFAULT
59.3898,-56.2640,18.8993,0.000,NORMAL,1,ROUTE,,,,,PREVIEW_DEFAULT
59.4898,-56.3619,18.9195,0.000,NORMAL,1,ROUTE,,,,,PREVIEW_DEFAULT
59.5898,-56.4600,18.9390,0.000,NORMAL,1,ROUTE,,,,,PREVIEW_DEFAULT
59.6898,-56.5582,18.9577,0.000,NORMAL,1,ROUTE,,,,,PREVIEW_DEFAULT
59.7897,-56.6566,18.9754,0.000,NORMAL,1,ROUTE,,,,,PREVIEW_DEFAULT
59.8897,-56.7552,18.9921,0.000,NORMAL,1,ROUTE,,,,,PREVIEW_DEFAULT
59.9897,-56.8539,19.0077,0.000,NORMAL,1,ROUTE,,,,,PREVIEW_DEFAULT
60.0897,-56.9529,19.0219,0.000,NORMAL,1,ROUTE,,,,,PREVIEW_DEFAULT
60.1897,-57.0521,19.0348,0.000,NORMAL,1,ROUTE,,,,,PREVIEW_DEFAULT
60.2897,-57.1514,19.0461,0.000,NORMAL,1,ROUTE,,,,,PREVIEW_DEFAULT
60.3896,-57.2509,19.0558,0.000,NORMAL,1,ROUTE,,,,,PREVIEW_DEFAULT
60.4897,-57.3506,19.0638,0.000,NORMAL,1,ROUTE,,,,,PREVIEW_DEFAULT
60.5897,-57.4504,19.0701,0.000,NORMAL,1,ROUTE,,,,,PREVIEW_DEFAULT
60.6896,-57.5502,19.0746,0.000,NORMAL,1,ROUTE,,,,,PREVIEW_DEFAULT
60.7896,-57.6502,19.0772,0.000,NORMAL,1,ROUTE,,,,,PREVIEW_DEFAULT
60.8896,-57.7502,19.0781,0.000,NORMAL,1,ROUTE,,,,,PREVIEW_DEFAULT
60.9895,-57.8501,19.0771,0.000,NORMAL,1,ROUTE,,,,,PREVIEW_DEFAULT
61.0895,-57.9501,19.0743,0.000,NORMAL,1,ROUTE,,,,,PREVIEW_DEFAULT
61.1895,-58.0500,19.0697,0.000,NORMAL,1,ROUTE,,,,,PREVIEW_DEFAULT
61.2894,-58.1497,19.0633,0.000,NORMAL,1,ROUTE,,,,,PREVIEW_DEFAULT
61.3895,-58.2494,19.0552,0.000,NORMAL,1,ROUTE,,,,,PREVIEW_DEFAULT
61.4895,-58.3489,19.0453,0.000,NORMAL,1,ROUTE,,,,,PREVIEW_DEFAULT
61.5894,-58.4482,19.0338,0.000,NORMAL,1,ROUTE,,,,,PREVIEW_DEFAULT
61.6894,-58.5473,19.0206,0.000,NORMAL,1,ROUTE,,,,,PREVIEW_DEFAULT
61.7894,-58.6462,19.0058,0.000,NORMAL,1,ROUTE,,,,,PREVIEW_DEFAULT
61.8893,-58.7448,18.9895,0.000,NORMAL,1,ROUTE,,,,,PREVIEW_DEFAULT
61.9893,-58.8432,18.9717,0.000,NORMAL,1,ROUTE,,,,,PREVIEW_DEFAULT
62.0893,-58.9413,18.9523,0.000,NORMAL,1,ROUTE,,,,,PREVIEW_DEFAULT
62.1894,-59.0391,18.9314,0.000,NORMAL,1,ROUTE,,,,,PREVIEW_DEFAULT
62.2893,-59.1365,18.9089,0.000,NORMAL,1,ROUTE,,,,,PREVIEW_DEFAULT
62.3893,-59.2336,18.8850,0.000,NORMAL,1,ROUTE,,,,,PREVIEW_DEFAULT
62.4893,-59.3303,18.8596,0.000,NORMAL,1,ROUTE,,,,,PREVIEW_DEFAULT
62.5892,-59.4265,18.8326,0.000,NORMAL,1,ROUTE,,,,,PREVIEW_DEFAULT
62.6892,-59.5223,18.8040,0.000,NORMAL,1,ROUTE,,,,,PREVIEW_DEFAULT
62.7893,-59.6177,18.7738,0.000,NORMAL,1,ROUTE,,,,,PREVIEW_DEFAULT
62.8892,-59.7124,18.7420,0.000,NORMAL,1,ROUTE,,,,,PREVIEW_DEFAULT
62.9891,-59.8066,18.7085,0.000,NORMAL,1,ROUTE,,,,,PREVIEW_DEFAULT
63.0891,-59.9002,18.6733,0.000,NORMAL,1,ROUTE,,,,,PREVIEW_DEFAULT
63.1891,-59.9931,18.6363,0.000,NORMAL,1,ROUTE,,,,,PREVIEW_DEFAULT
63.2891,-60.0853,18.5976,0.000,NORMAL,1,ROUTE,,,,,PREVIEW_DEFAULT
63.3891,-60.1767,18.5570,0.000,NORMAL,1,ROUTE,,,,,PREVIEW_DEFAULT
63.4891,-60.2672,18.5146,0.000,NORMAL,1,ROUTE,,,,,PREVIEW_DEFAULT
63.5891,-60.3569,18.4704,0.000,NORMAL,1,ROUTE,,,,,PREVIEW_DEFAULT
63.6891,-60.4457,18.4244,0.000,NORMAL,1,ROUTE,,,,,PREVIEW_DEFAULT
63.7890,-60.5335,18.3767,0.000,NORMAL,1,ROUTE,,,,,PREVIEW_DEFAULT
63.8890,-60.6204,18.3273,0.000,NORMAL,1,ROUTE,,,,,PREVIEW_DEFAULT
63.9890,-60.7064,18.2762,0.000,NORMAL,1,ROUTE,,,,,PREVIEW_DEFAULT
64.0890,-60.7915,18.2237,0.000,NORMAL,1,ROUTE,,,,,PREVIEW_DEFAULT
64.1889,-60.8757,18.1699,0.000,NORMAL,1,ROUTE,,,,,PREVIEW_DEFAULT
64.2889,-60.9591,18.1147,0.000,NORMAL,1,ROUTE,,,,,PREVIEW_DEFAULT
64.3889,-61.0417,18.0584,0.000,NORMAL,1,ROUTE,,,,,PREVIEW_DEFAULT
64.4889,-61.1236,18.0010,0.000,NORMAL,1,ROUTE,,,,,PREVIEW_DEFAULT
64.5889,-61.2047,17.9425,0.000,NORMAL,1,ROUTE,,,,,PREVIEW_DEFAULT
64.6889,-61.2851,17.8831,0.000,NORMAL,1,ROUTE,,,,,PREVIEW_DEFAULT
64.7888,-61.3649,17.8229,0.000,NORMAL,1,ROUTE,,,,,PREVIEW_DEFAULT
64.8888,-61.4440,17.7617,0.000,NORMAL,1,ROUTE,,,,,PREVIEW_DEFAULT
64.9889,-61.5225,17.6997,0.000,NORMAL,1,ROUTE,,,,,PREVIEW_DEFAULT
65.0888,-61.6003,17.6370,0.000,NORMAL,1,ROUTE,,,,,PREVIEW_DEFAULT
65.1887,-61.6774,17.5734,0.000,NORMAL,1,ROUTE,,,,,PREVIEW_DEFAULT
65.2887,-61.7539,17.5090,0.000,NORMAL,1,ROUTE,,,,,PREVIEW_DEFAULT
65.3888,-61.8297,17.4437,0.000,NORMAL,1,ROUTE,,,,,PREVIEW_DEFAULT
65.4888,-61.9048,17.3777,0.000,NORMAL,1,ROUTE,,,,,PREVIEW_DEFAULT
65.5887,-61.9791,17.3108,0.000,NORMAL,1,ROUTE,,,,,PREVIEW_DEFAULT
65.6887,-62.0527,17.2431,0.000,NORMAL,1,ROUTE,,,,,PREVIEW_DEFAULT
65.7886,-62.1254,17.1746,0.000,NORMAL,1,ROUTE,,,,,PREVIEW_DEFAULT
65.8886,-62.1973,17.1051,0.000,NORMAL,1,ROUTE,,,,,PREVIEW_DEFAULT
65.9887,-62.2684,17.0347,0.000,NORMAL,1,ROUTE,,,,,PREVIEW_DEFAULT
66.0886,-62.3385,16.9635,0.000,NORMAL,1,ROUTE,,,,,PREVIEW_DEFAULT
66.1886,-62.4076,16.8912,0.000,NORMAL,1,ROUTE,,,,,PREVIEW_DEFAULT
66.2885,-62.4757,16.8181,0.000,NORMAL,1,ROUTE,,,,,PREVIEW_DEFAULT
66.3886,-62.5428,16.7439,0.000,NORMAL,1,ROUTE,,,,,PREVIEW_DEFAULT
66.4885,-62.6088,16.6688,0.000,NORMAL,1,ROUTE,,,,,PREVIEW_DEFAULT
66.5885,-62.6737,16.5928,0.000,NORMAL,1,ROUTE,,,,,PREVIEW_DEFAULT
66.6885,-62.7375,16.5157,0.000,NORMAL,1,ROUTE,,,,,PREVIEW_DEFAULT
66.7885,-62.8001,16.4378,0.000,NORMAL,1,ROUTE,,,,,PREVIEW_DEFAULT
66.8885,-62.8614,16.3588,0.000,NORMAL,1,ROUTE,,,,,PREVIEW_DEFAULT
66.9884,-62.9216,16.2790,0.000,NORMAL,1,ROUTE,,,,,PREVIEW_DEFAULT
67.0884,-62.9805,16.1982,0.000,NORMAL,1,ROUTE,,,,,PREVIEW_DEFAULT
67.1884,-63.0383,16.1166,0.000,NORMAL,1,ROUTE,,,,,PREVIEW_DEFAULT
67.2884,-63.0948,16.0341,0.000,NORMAL,1,ROUTE,,,,,PREVIEW_DEFAULT
67.3884,-63.1502,15.9509,0.000,NORMAL,1,ROUTE,,,,,PREVIEW_DEFAULT
67.4883,-63.2044,15.8669,0.000,NORMAL,1,ROUTE,,,,,PREVIEW_DEFAULT
67.5884,-63.2576,15.7822,0.000,NORMAL,1,ROUTE,,,,,PREVIEW_DEFAULT
67.6883,-63.3097,15.6969,0.000,NORMAL,1,ROUTE,,,,,PREVIEW_DEFAULT
67.7883,-63.3609,15.6110,0.000,NORMAL,1,ROUTE,,,,,PREVIEW_DEFAULT
67.8883,-63.4112,15.5246,0.000,NORMAL,1,ROUTE,,,,,PREVIEW_DEFAULT
67.9883,-63.4607,15.4377,0.000,NORMAL,1,ROUTE,,,,,PREVIEW_DEFAULT
68.0883,-63.5095,15.3504,0.000,NORMAL,1,ROUTE,,,,,PREVIEW_DEFAULT
68.1883,-63.5576,15.2628,0.000,NORMAL,1,ROUTE,,,,,PREVIEW_DEFAULT
68.2882,-63.6053,15.1750,0.000,NORMAL,1,ROUTE,,,,,PREVIEW_DEFAULT
68.3882,-63.6526,15.0869,0.000,NORMAL,1,ROUTE,,,,,PREVIEW_DEFAULT
68.4882,-63.6997,14.9987,0.000,NORMAL,1,ROUTE,,,,,PREVIEW_DEFAULT
68.5882,-63.7465,14.9103,0.000,NORMAL,1,ROUTE,,,,,PREVIEW_DEFAULT
68.6882,-63.7932,14.8219,0.000,NORMAL,1,ROUTE,,,,,PREVIEW_DEFAULT
68.7881,-63.8399,14.7335,0.000,NORMAL,1,ROUTE,,,,,PREVIEW_DEFAULT
68.8881,-63.8866,14.6451,0.000,NORMAL,1,ROUTE,,,,,PREVIEW_DEFAULT
68.9881,-63.9334,14.5567,0.000,NORMAL,1,ROUTE,,,,,PREVIEW_DEFAULT
69.0880,-63.9801,14.4684,0.000,NORMAL,1,ROUTE,,,,,PREVIEW_DEFAULT
69.1881,-64.0270,14.3800,0.000,NORMAL,1,ROUTE,,,,,PREVIEW_DEFAULT
69.2880,-64.0740,14.2918,0.000,NORMAL,1,ROUTE,,,,,PREVIEW_DEFAULT
69.3880,-64.1211,14.2036,0.000,NORMAL,1,ROUTE,,,,,PREVIEW_DEFAULT
69.4880,-64.1682,14.1154,0.000,NORMAL,1,ROUTE,,,,,PREVIEW_DEFAULT
69.5880,-64.2155,14.0273,0.000,NORMAL,1,ROUTE,,,,,PREVIEW_DEFAULT
69.6880,-64.2628,13.9392,0.000,NORMAL,1,ROUTE,,,,,PREVIEW_DEFAULT
69.7880,-64.3103,13.8512,0.000,NORMAL,1,ROUTE,,,,,PREVIEW_DEFAULT
69.8879,-64.3578,13.7633,0.000,NORMAL,1,ROUTE,,,,,PREVIEW_DEFAULT
69.9879,-64.4053,13.6753,0.000,NORMAL,1,ROUTE,,,,,PREVIEW_DEFAULT
70.0879,-64.4530,13.5874,0.000,NORMAL,1,ROUTE,,,,,PREVIEW_DEFAULT
70.1879,-64.5006,13.4995,0.000,NORMAL,1,ROUTE,,,,,PREVIEW_DEFAULT
70.2879,-64.5483,13.4116,0.000,NORMAL,1,ROUTE,,,,,PREVIEW_DEFAULT
70.3879,-64.5959,13.3237,0.000,NORMAL,1,ROUTE,,,,,PREVIEW_DEFAULT
70.4879,-64.6434,13.2357,0.000,NORMAL,1,ROUTE,,,,,PREVIEW_DEFAULT
70.5878,-64.6908,13.1477,0.000,NORMAL,1,ROUTE,,,,,PREVIEW_DEFAULT
70.6878,-64.7380,13.0596,0.000,NORMAL,1,ROUTE,,,,,PREVIEW_DEFAULT
70.7878,-64.7851,12.9713,0.000,NORMAL,1,ROUTE,,,,,PREVIEW_DEFAULT
70.8878,-64.8318,12.8829,0.000,NORMAL,1,ROUTE,,,,,PREVIEW_DEFAULT
70.9878,-64.8783,12.7944,0.000,NORMAL,1,ROUTE,,,,,PREVIEW_DEFAULT
71.0877,-64.9244,12.7057,0.000,NORMAL,1,ROUTE,,,,,PREVIEW_DEFAULT
71.1877,-64.9702,12.6169,0.000,NORMAL,1,ROUTE,,,,,PREVIEW_DEFAULT
71.2877,-65.0157,12.5278,0.000,NORMAL,1,ROUTE,,,,,PREVIEW_DEFAULT
71.3877,-65.0609,12.4386,0.000,NORMAL,1,ROUTE,,,,,PREVIEW_DEFAULT
71.4877,-65.1059,12.3493,0.000,NORMAL,1,ROUTE,,,,,PREVIEW_DEFAULT
71.5876,-65.1507,12.2600,0.000,NORMAL,1,ROUTE,,,,,PREVIEW_DEFAULT
71.6877,-65.1954,12.1705,0.000,NORMAL,1,ROUTE,,,,,PREVIEW_DEFAULT
71.7876,-65.2401,12.0811,0.000,NORMAL,1,ROUTE,,,,,PREVIEW_DEFAULT
71.8876,-65.2849,11.9917,0.000,NORMAL,1,ROUTE,,,,,PREVIEW_DEFAULT
71.9876,-65.3298,11.9024,0.000,NORMAL,1,ROUTE,,,,,PREVIEW_DEFAULT
72.0876,-65.3750,11.8132,0.000,NORMAL,1,ROUTE,,,,,PREVIEW_DEFAULT
72.1875,-65.4203,11.7241,0.000,NORMAL,1,ROUTE,,,,,PREVIEW_DEFAULT
72.2876,-65.4660,11.6351,0.000,NORMAL,1,ROUTE,,,,,PREVIEW_DEFAULT
72.3875,-65.5119,11.5463,0.000,NORMAL,1,ROUTE,,,,,PREVIEW_DEFAULT
72.4875,-65.5581,11.4576,0.000,NORMAL,1,ROUTE,,,,,PREVIEW_DEFAULT
72.5875,-65.6045,11.3691,0.000,NORMAL,1,ROUTE,,,,,PREVIEW_DEFAULT
72.6875,-65.6511,11.2806,0.000,NORMAL,1,ROUTE,,,,,PREVIEW_DEFAULT
72.7875,-65.6979,11.1922,0.000,NORMAL,1,ROUTE,,,,,PREVIEW_DEFAULT
72.8874,-65.7447,11.1039,0.000,NORMAL,1,ROUTE,,,,,PREVIEW_DEFAULT
72.9874,-65.7915,11.0156,0.000,NORMAL,1,ROUTE,,,,,PREVIEW_DEFAULT
73.0874,-65.8383,10.9272,0.000,NORMAL,1,ROUTE,,,,,PREVIEW_DEFAULT
73.1873,-65.8849,10.8388,0.000,NORMAL,1,ROUTE,,,,,PREVIEW_DEFAULT
73.2874,-65.9314,10.7502,0.000,NORMAL,1,ROUTE,,,,,PREVIEW_DEFAULT
73.3874,-65.9776,10.6615,0.000,NORMAL,1,ROUTE,,,,,PREVIEW_DEFAULT
73.4874,-66.0235,10.5727,0.000,NORMAL,1,ROUTE,,,,,PREVIEW_DEFAULT
73.5874,-66.0691,10.4837,0.000,NORMAL,1,ROUTE,,,,,PREVIEW_DEFAULT
73.6873,-66.1143,10.3946,0.000,NORMAL,1,ROUTE,,,,,PREVIEW_DEFAULT
73.7873,-66.1593,10.3053,0.000,NORMAL,1,ROUTE,,,,,PREVIEW_DEFAULT
73.8873,-66.2039,10.2158,0.000,NORMAL,1,ROUTE,,,,,PREVIEW_DEFAULT
73.9873,-66.2483,10.1262,0.000,NORMAL,1,ROUTE,,,,,PREVIEW_DEFAULT
74.0872,-66.2924,10.0365,0.000,NORMAL,1,ROUTE,,,,,PREVIEW_DEFAULT
74.1873,-66.3363,9.9466,0.000,NORMAL,1,ROUTE,,,,,PREVIEW_DEFAULT
74.2872,-66.3799,9.8567,0.000,NORMAL,1,ROUTE,,,,,PREVIEW_DEFAULT
74.3872,-66.4233,9.7666,0.000,NORMAL,1,ROUTE,,,,,PREVIEW_DEFAULT
74.4871,-66.4666,9.6765,0.000,NORMAL,1,ROUTE,,,,,PREVIEW_DEFAULT
74.5872,-66.5096,9.5862,0.000,NORMAL,1,ROUTE,,,,,PREVIEW_DEFAULT
74.6871,-66.5523,9.4958,0.000,NORMAL,1,ROUTE,,,,,PREVIEW_DEFAULT
74.7871,-66.5948,9.4053,0.000,NORMAL,1,ROUTE,,,,,PREVIEW_DEFAULT
74.8871,-66.6371,9.3147,0.000,NORMAL,1,ROUTE,,,,,PREVIEW_DEFAULT
74.9871,-66.6789,9.2239,0.000,NORMAL,1,ROUTE,,,,,PREVIEW_DEFAULT
75.0870,-66.7204,9.1330,0.000,NORMAL,1,ROUTE,,,,,PREVIEW_DEFAULT
75.1870,-66.7615,9.0418,0.000,NORMAL,1,ROUTE,,,,,PREVIEW_DEFAULT
75.2870,-66.8020,8.9504,0.000,NORMAL,1,ROUTE,,,,,PREVIEW_DEFAULT
75.3870,-66.8421,8.8588,0.000,NORMAL,1,ROUTE,,,,,PREVIEW_DEFAULT
75.4869,-66.8814,8.7669,0.000,NORMAL,1,ROUTE,,,,,PREVIEW_DEFAULT
75.5870,-66.9202,8.6747,0.000,NORMAL,1,ROUTE,,,,,PREVIEW_DEFAULT
75.6870,-66.9582,8.5822,0.000,NORMAL,1,ROUTE,,,,,PREVIEW_DEFAULT
75.7870,-66.9954,8.4894,0.000,NORMAL,1,ROUTE,,,,,PREVIEW_DEFAULT
75.8869,-67.0318,8.3963,0.000,NORMAL,1,ROUTE,,,,,PREVIEW_DEFAULT
75.9869,-67.0672,8.3028,0.000,NORMAL,1,ROUTE,,,,,PREVIEW_DEFAULT
76.0869,-67.1018,8.2090,0.000,NORMAL,1,ROUTE,,,,,PREVIEW_DEFAULT
76.1868,-67.1353,8.1148,0.000,NORMAL,1,ROUTE,,,,,PREVIEW_DEFAULT
76.2868,-67.1679,8.0203,0.000,NORMAL,1,ROUTE,,,,,PREVIEW_DEFAULT
76.3868,-67.1995,7.9254,0.000,NORMAL,1,ROUTE,,,,,PREVIEW_DEFAULT
76.4868,-67.2301,7.8302,0.000,NORMAL,1,ROUTE,,,,,PREVIEW_DEFAULT
76.5868,-67.2597,7.7347,0.000,NORMAL,1,ROUTE,,,,,PREVIEW_DEFAULT
76.6868,-67.2883,7.6389,0.000,NORMAL,1,ROUTE,,,,,PREVIEW_DEFAULT
76.7867,-67.3161,7.5429,0.000,NORMAL,1,ROUTE,,,,,PREVIEW_DEFAULT
76.8868,-67.3431,7.4466,0.000,NORMAL,1,ROUTE,,,,,PREVIEW_DEFAULT
76.9867,-67.3692,7.3501,0.000,NORMAL,1,ROUTE,,,,,PREVIEW_DEFAULT
77.0867,-67.3946,7.2534,0.000,NORMAL,1,ROUTE,,,,,PREVIEW_DEFAULT
77.1866,-67.4191,7.1565,0.000,NORMAL,1,ROUTE,,,,,PREVIEW_DEFAULT
77.2866,-67.4430,7.0594,0.000,NORMAL,1,ROUTE,,,,,PREVIEW_DEFAULT
77.3867,-67.4661,6.9621,0.000,NORMAL,1,ROUTE,,,,,PREVIEW_DEFAULT
77.4866,-67.4885,6.8647,0.000,NORMAL,1,ROUTE,,,,,PREVIEW_DEFAULT
77.5866,-67.5102,6.7671,0.000,NORMAL,1,ROUTE,,,,,PREVIEW_DEFAULT
77.6866,-67.5311,6.6693,0.000,NORMAL,1,ROUTE,,,,,PREVIEW_DEFAULT
77.7866,-67.5512,6.5713,0.000,NORMAL,1,ROUTE,,,,,PREVIEW_DEFAULT
77.8866,-67.5705,6.4732,0.000,NORMAL,1,ROUTE,,,,,PREVIEW_DEFAULT
77.9865,-67.5889,6.3750,0.000,NORMAL,1,ROUTE,,,,,PREVIEW_DEFAULT
78.0865,-67.6063,6.2765,0.000,NORMAL,1,ROUTE,,,,,PREVIEW_DEFAULT
78.1865,-67.6227,6.1779,0.000,NORMAL,1,ROUTE,,,,,PREVIEW_DEFAULT
78.2865,-67.6380,6.0791,0.000,NORMAL,1,ROUTE,,,,,PREVIEW_DEFAULT
78.3865,-67.6522,5.9801,0.000,NORMAL,1,ROUTE,,,,,PREVIEW_DEFAULT
78.4864,-67.6652,5.8810,0.000,NORMAL,1,ROUTE,,,,,PREVIEW_DEFAULT
78.5864,-67.6769,5.7817,0.000,NORMAL,1,ROUTE,,,,,PREVIEW_DEFAULT
78.6865,-67.6873,5.6822,0.000,NORMAL,1,ROUTE,,,,,PREVIEW_DEFAULT
78.7864,-67.6964,5.5827,0.000,NORMAL,1,ROUTE,,,,,PREVIEW_DEFAULT
78.8864,-67.7042,5.4830,0.000,NORMAL,1,ROUTE,,,,,PREVIEW_DEFAULT
78.9864,-67.7107,5.3832,0.000,NORMAL,1,ROUTE,,,,,PREVIEW_DEFAULT
79.0863,-67.7159,5.2834,0.000,NORMAL,1,ROUTE,,,,,PREVIEW_DEFAULT
79.1863,-67.7200,5.1835,0.000,NORMAL,1,ROUTE,,,,,PREVIEW_DEFAULT
79.2864,-67.7230,5.0835,0.000,NORMAL,1,ROUTE,,,,,PREVIEW_DEFAULT
79.3863,-67.7249,4.9836,0.000,NORMAL,1,ROUTE,,,,,PREVIEW_DEFAULT
79.4863,-67.7258,4.8836,0.000,NORMAL,1,ROUTE,,,,,PREVIEW_DEFAULT
79.5863,-67.7258,4.7836,0.000,NORMAL,1,ROUTE,,,,,PREVIEW_DEFAULT
79.6863,-67.7249,4.6836,0.000,NORMAL,1,ROUTE,,,,,PREVIEW_DEFAULT
79.7862,-67.7231,4.5837,0.000,NORMAL,1,ROUTE,,,,,PREVIEW_DEFAULT
79.8862,-67.7206,4.4837,0.000,NORMAL,1,ROUTE,,,,,PREVIEW_DEFAULT
79.9862,-67.7172,4.3838,0.000,NORMAL,1,ROUTE,,,,,PREVIEW_DEFAULT
80.0862,-67.7132,4.2839,0.000,NORMAL,1,ROUTE,,,,,PREVIEW_DEFAULT
80.1862,-67.7085,4.1840,0.000,NORMAL,1,ROUTE,,,,,PREVIEW_DEFAULT
80.2861,-67.7031,4.0842,0.000,NORMAL,1,ROUTE,,,,,PREVIEW_DEFAULT
80.3861,-67.6969,3.9844,0.000,NORMAL,1,ROUTE,,,,,PREVIEW_DEFAULT
80.4862,-67.6901,3.8846,0.000,NORMAL,1,ROUTE,,,,,PREVIEW_DEFAULT
80.5861,-67.6825,3.7849,0.000,NORMAL,1,ROUTE,,,,,PREVIEW_DEFAULT
80.6861,-67.6742,3.6853,0.000,NORMAL,1,ROUTE,,,,,PREVIEW_DEFAULT
80.7861,-67.6651,3.5857,0.000,NORMAL,1,ROUTE,,,,,PREVIEW_DEFAULT
80.8860,-67.6550,3.4863,0.000,NORMAL,1,ROUTE,,,,,PREVIEW_DEFAULT
80.9860,-67.6441,3.3869,0.000,NORMAL,1,ROUTE,,,,,PREVIEW_DEFAULT
81.0860,-67.6321,3.2876,0.000,NORMAL,1,ROUTE,,,,,PREVIEW_DEFAULT
81.1860,-67.6191,3.1885,0.000,NORMAL,1,ROUTE,,,,,PREVIEW_DEFAULT
81.2860,-67.6049,3.0895,0.000,NORMAL,1,ROUTE,,,,,PREVIEW_DEFAULT
81.3860,-67.5894,2.9907,0.000,NORMAL,1,ROUTE,,,,,PREVIEW_DEFAULT
81.4859,-67.5726,2.8922,0.000,NORMAL,1,ROUTE,,,,,PREVIEW_DEFAULT
81.5859,-67.5543,2.7939,0.000,NORMAL,1,ROUTE,,,,,PREVIEW_DEFAULT
81.6859,-67.5346,2.6959,0.000,NORMAL,1,ROUTE,,,,,PREVIEW_DEFAULT
81.7859,-67.5133,2.5982,0.000,NORMAL,1,ROUTE,,,,,PREVIEW_DEFAULT
81.8858,-67.4903,2.5009,0.000,NORMAL,1,ROUTE,,,,,PREVIEW_DEFAULT
81.9858,-67.4658,2.4040,0.000,NORMAL,1,ROUTE,,,,,PREVIEW_DEFAULT
82.0858,-67.4395,2.3075,0.000,NORMAL,1,ROUTE,,,,,PREVIEW_DEFAULT
82.1858,-67.4115,2.2115,0.000,NORMAL,1,ROUTE,,,,,PREVIEW_DEFAULT
82.2858,-67.3818,2.1160,0.000,NORMAL,1,ROUTE,,,,,PREVIEW_DEFAULT
82.3858,-67.3504,2.0211,0.000,NORMAL,1,ROUTE,,,,,PREVIEW_DEFAULT
82.4858,-67.3172,1.9268,0.000,NORMAL,1,ROUTE,,,,,PREVIEW_DEFAULT
82.5857,-67.2822,1.8332,0.000,NORMAL,1,ROUTE,,,,,PREVIEW_DEFAULT
82.6858,-67.2455,1.7401,0.000,NORMAL,1,ROUTE,,,,,PREVIEW_DEFAULT
82.7857,-67.2071,1.6478,0.000,NORMAL,1,ROUTE,,,,,PREVIEW_DEFAULT
82.8857,-67.1671,1.5562,0.000,NORMAL,1,ROUTE,,,,,PREVIEW_DEFAULT
82.9857,-67.1254,1.4653,0.000,NORMAL,1,ROUTE,,,,,PREVIEW_DEFAULT
83.0856,-67.0822,1.3752,0.000,NORMAL,1,ROUTE,,,,,PREVIEW_DEFAULT
83.1856,-67.0374,1.2858,0.000,NORMAL,1,ROUTE,,,,,PREVIEW_DEFAULT
83.2856,-66.9911,1.1972,0.000,NORMAL,1,ROUTE,,,,,PREVIEW_DEFAULT
83.3856,-66.9434,1.1093,0.000,NORMAL,1,ROUTE,,,,,PREVIEW_DEFAULT
83.4856,-66.8943,1.0222,0.000,NORMAL,1,ROUTE,,,,,PREVIEW_DEFAULT
83.5855,-66.8439,0.9359,0.000,NORMAL,1,ROUTE,,,,,PREVIEW_DEFAULT
83.6856,-66.7923,0.8502,0.000,NORMAL,1,ROUTE,,,,,PREVIEW_DEFAULT
83.7855,-66.7395,0.7653,0.000,NORMAL,1,ROUTE,,,,,PREVIEW_DEFAULT
83.8855,-66.6856,0.6811,0.000,NORMAL,1,ROUTE,,,,,PREVIEW_DEFAULT
83.9854,-66.6307,0.5976,0.000,NORMAL,1,ROUTE,,,,,PREVIEW_DEFAULT
84.0855,-66.5748,0.5146,0.000,NORMAL,1,ROUTE,,,,,PREVIEW_DEFAULT
84.1854,-66.5181,0.4323,0.000,NORMAL,1,ROUTE,,,,,PREVIEW_DEFAULT
84.2854,-66.4605,0.3506,0.000,NORMAL,1,ROUTE,,,,,PREVIEW_DEFAULT
84.3854,-66.4022,0.2694,0.000,NORMAL,1,ROUTE,,,,,PREVIEW_DEFAULT
84.4854,-66.3432,0.1886,0.000,NORMAL,1,ROUTE,,,,,PREVIEW_DEFAULT
84.5854,-66.2837,0.1083,0.000,NORMAL,1,ROUTE,,,,,PREVIEW_DEFAULT
84.6854,-66.2237,0.0283,0.000,NORMAL,1,ROUTE,,,,,PREVIEW_DEFAULT
84.7853,-66.1632,-0.0513,0.000,NORMAL,1,ROUTE,,,,,PREVIEW_DEFAULT
84.8853,-66.1023,-0.1306,0.000,NORMAL,1,ROUTE,,,,,PREVIEW_DEFAULT
84.9853,-66.0411,-0.2097,0.000,NORMAL,1,ROUTE,,,,,PREVIEW_DEFAULT
85.0853,-65.9796,-0.2885,0.000,NORMAL,1,ROUTE,,,,,PREVIEW_DEFAULT
85.1853,-65.9177,-0.3670,0.000,NORMAL,1,ROUTE,,,,,PREVIEW_DEFAULT
85.2853,-65.8556,-0.4454,0.000,NORMAL,1,ROUTE,,,,,PREVIEW_DEFAULT
85.3852,-65.7931,-0.5234,0.000,NORMAL,1,ROUTE,,,,,PREVIEW_DEFAULT
85.4852,-65.7303,-0.6012,0.000,NORMAL,1,ROUTE,,,,,PREVIEW_DEFAULT
85.5852,-65.6670,-0.6786,0.000,NORMAL,1,ROUTE,,,,,PREVIEW_DEFAULT
85.6852,-65.6034,-0.7557,0.000,NORMAL,1,ROUTE,,,,,PREVIEW_DEFAULT
85.7852,-65.5392,-0.8324,0.000,NORMAL,1,ROUTE,,,,,PREVIEW_DEFAULT
85.8852,-65.4746,-0.9087,0.000,NORMAL,1,ROUTE,,,,,PREVIEW_DEFAULT
85.9851,-65.4093,-0.9844,0.000,NORMAL,1,ROUTE,,,,,PREVIEW_DEFAULT
86.0851,-65.3435,-1.0597,0.000,NORMAL,1,ROUTE,,,,,PREVIEW_DEFAULT
86.1851,-65.2771,-1.1344,0.000,NORMAL,1,ROUTE,,,,,PREVIEW_DEFAULT
86.2851,-65.2101,-1.2087,0.000,NORMAL,1,ROUTE,,,,,PREVIEW_DEFAULT
86.3851,-65.1425,-1.2824,0.000,NORMAL,1,ROUTE,,,,,PREVIEW_DEFAULT
86.4851,-65.0744,-1.3556,0.000,NORMAL,1,ROUTE,,,,,PREVIEW_DEFAULT
86.5851,-65.0058,-1.4283,0.000,NORMAL,1,ROUTE,,,,,PREVIEW_DEFAULT
86.6851,-64.9367,-1.5006,0.000,NORMAL,1,ROUTE,,,,,PREVIEW_DEFAULT
86.7850,-64.8672,-1.5724,0.000,NORMAL,1,ROUTE,,,,,PREVIEW_DEFAULT
86.8850,-64.7973,-1.6439,0.000,NORMAL,1,ROUTE,,,,,PREVIEW_DEFAULT
86.9849,-64.7270,-1.7149,0.000,NORMAL,1,ROUTE,,,,,PREVIEW_DEFAULT
87.0850,-64.6563,-1.7857,0.000,NORMAL,1,ROUTE,,,,,PREVIEW_DEFAULT
87.1849,-64.5854,-1.8561,0.000,NORMAL,1,ROUTE,,,,,PREVIEW_DEFAULT
87.2849,-64.5141,-1.9263,0.000,NORMAL,1,ROUTE,,,,,PREVIEW_DEFAULT
87.3849,-64.4427,-1.9962,0.000,NORMAL,1,ROUTE,,,,,PREVIEW_DEFAULT
87.4848,-64.3710,-2.0659,0.000,NORMAL,1,ROUTE,,,,,PREVIEW_DEFAULT
87.5848,-64.2991,-2.1354,0.000,NORMAL,1,ROUTE,,,,,PREVIEW_DEFAULT
87.6848,-64.2271,-2.2047,0.000,NORMAL,1,ROUTE,,,,,PREVIEW_DEFAULT
87.7849,-64.1548,-2.2739,0.000,NORMAL,1,ROUTE,,,,,PREVIEW_DEFAULT
87.8848,-64.0825,-2.3429,0.000,NORMAL,1,ROUTE,,,,,PREVIEW_DEFAULT
87.9847,-64.0100,-2.4117,0.000,NORMAL,1,ROUTE,,,,,PREVIEW_DEFAULT
88.0848,-63.9373,-2.4805,0.000,NORMAL,1,ROUTE,,,,,PREVIEW_DEFAULT
88.1847,-63.8646,-2.5490,0.000,NORMAL,1,ROUTE,,,,,PREVIEW_DEFAULT
88.2848,-63.7917,-2.6175,0.000,NORMAL,1,ROUTE,,,,,PREVIEW_DEFAULT
88.3847,-63.7187,-2.6857,0.000,NORMAL,1,ROUTE,,,,,PREVIEW_DEFAULT
88.4847,-63.6455,-2.7539,0.000,NORMAL,1,ROUTE,,,,,PREVIEW_DEFAULT
88.5825,-63.5738,-2.8204,0.000,NORMAL,1,BEND,BEND_START,ENTER_ZONE,,,PREVIEW_DEFAULT
88.5847,-63.5722,-2.8219,0.000,NORMAL,1,BEND,,,,,PREVIEW_DEFAULT
88.6846,-63.4988,-2.8897,0.000,NORMAL,1,BEND,,,,,PREVIEW_DEFAULT
88.7847,-63.4251,-2.9574,0.000,NORMAL,1,BEND,,,,,PREVIEW_DEFAULT
88.8846,-63.3513,-3.0248,0.000,NORMAL,1,BEND,,,,,PREVIEW_DEFAULT
88.9846,-63.2772,-3.0919,0.000,NORMAL,1,BEND,,,,,PREVIEW_DEFAULT
89.0846,-63.2028,-3.1587,0.000,NORMAL,1,BEND,,,,,PREVIEW_DEFAULT
89.1845,-63.1281,-3.2251,0.000,NORMAL,1,BEND,,,,,PREVIEW_DEFAULT
89.2846,-63.0529,-3.2911,0.000,NORMAL,1,BEND,,,,,PREVIEW_DEFAULT
89.3845,-62.9774,-3.3566,0.000,NORMAL,1,BEND,,,,,PREVIEW_DEFAULT
89.4845,-62.9014,-3.4216,0.000,NORMAL,1,BEND,,,,,PREVIEW_DEFAULT
89.5845,-62.8249,-3.4860,0.000,NORMAL,1,BEND,,,,,PREVIEW_DEFAULT
89.6845,-62.7479,-3.5497,0.000,NORMAL,1,BEND,,,,,PREVIEW_DEFAULT
89.7844,-62.6703,-3.6127,0.000,NORMAL,1,BEND,,,,,PREVIEW_DEFAULT
89.8844,-62.5921,-3.6750,0.000,NORMAL,1,BEND,,,,,PREVIEW_DEFAULT
89.9845,-62.5132,-3.7365,0.000,NORMAL,1,BEND,,,,,PREVIEW_DEFAULT
90.0845,-62.4337,-3.7972,0.000,NORMAL,1,BEND,,,,,PREVIEW_DEFAULT
90.1845,-62.3535,-3.8569,0.000,NORMAL,1,BEND,,,,,PREVIEW_DEFAULT
90.2844,-62.2726,-3.9156,0.000,NORMAL,1,BEND,,,,,PREVIEW_DEFAULT
90.3844,-62.1910,-3.9733,0.000,NORMAL,1,BEND,,,,,PREVIEW_DEFAULT
90.4844,-62.1086,-4.0300,0.000,NORMAL,1,BEND,,,,,PREVIEW_DEFAULT
90.5844,-62.0255,-4.0856,0.000,NORMAL,1,BEND,,,,,PREVIEW_DEFAULT
90.6844,-61.9416,-4.1400,0.000,NORMAL,1,BEND,,,,,PREVIEW_DEFAULT
90.7843,-61.8570,-4.1933,0.000,NORMAL,1,BEND,,,,,PREVIEW_DEFAULT
90.8843,-61.7717,-4.2454,0.000,NORMAL,1,BEND,,,,,PREVIEW_DEFAULT
90.9842,-61.6857,-4.2963,0.000,NORMAL,1,BEND,,,,,PREVIEW_DEFAULT
91.0843,-61.5990,-4.3462,0.000,NORMAL,1,BEND,,,,,PREVIEW_DEFAULT
91.1842,-61.5117,-4.3949,0.000,NORMAL,1,BEND,,,,,PREVIEW_DEFAULT
91.2842,-61.4239,-4.4427,0.000,NORMAL,1,BEND,,,,,PREVIEW_DEFAULT
91.3842,-61.3355,-4.4895,0.000,NORMAL,1,BEND,,,,,PREVIEW_DEFAULT
91.4841,-61.2468,-4.5355,0.000,NORMAL,1,BEND,,,,,PREVIEW_DEFAULT
91.5842,-61.1576,-4.5808,0.000,NORMAL,1,BEND,,,,,PREVIEW_DEFAULT
91.6841,-61.0682,-4.6255,0.000,NORMAL,1,BEND,,,,,PREVIEW_DEFAULT
91.7841,-60.9785,-4.6696,0.000,NORMAL,1,BEND,,,,,PREVIEW_DEFAULT
91.8841,-60.8886,-4.7134,0.000,NORMAL,1,BEND,,,,,PREVIEW_DEFAULT
91.9841,-60.7985,-4.7567,0.000,NORMAL,1,BEND,,,,,PREVIEW_DEFAULT
92.0840,-60.7083,-4.7998,0.000,NORMAL,1,BEND,,,,,PREVIEW_DEFAULT
92.1841,-60.6179,-4.8427,0.000,NORMAL,1,BEND,,,,,PREVIEW_DEFAULT
92.2841,-60.5275,-4.8854,0.000,NORMAL,1,BEND,,,,,PREVIEW_DEFAULT
92.3840,-60.4370,-4.9279,0.000,NORMAL,1,BEND,,,,,PREVIEW_DEFAULT
92.4840,-60.3464,-4.9702,0.000,NORMAL,1,BEND,,,,,PREVIEW_DEFAULT
92.5840,-60.2558,-5.0124,0.000,NORMAL,1,BEND,,,,,PREVIEW_DEFAULT
92.6840,-60.1650,-5.0543,0.000,NORMAL,1,BEND,,,,,PREVIEW_DEFAULT
92.7839,-60.0742,-5.0961,0.000,NORMAL,1,BEND,,,,,PREVIEW_DEFAULT
92.8840,-59.9832,-5.1376,0.000,NORMAL,1,BEND,,,,,PREVIEW_DEFAULT
92.9839,-59.8921,-5.1788,0.000,NORMAL,1,BEND,,,,,PREVIEW_DEFAULT
93.0839,-59.8009,-5.2198,0.000,NORMAL,1,BEND,,,,,PREVIEW_DEFAULT
93.1839,-59.7095,-5.2603,0.000,NORMAL,1,BEND,,,,,PREVIEW_DEFAULT
93.2839,-59.6179,-5.3004,0.000,NORMAL,1,BEND,,,,,PREVIEW_DEFAULT
93.3838,-59.5262,-5.3401,0.000,NORMAL,1,BEND,,,,,PREVIEW_DEFAULT
93.4839,-59.4341,-5.3792,0.000,NORMAL,1,BEND,,,,,PREVIEW_DEFAULT
93.5838,-59.3419,-5.4178,0.000,NORMAL,1,BEND,,,,,PREVIEW_DEFAULT
93.6838,-59.2494,-5.4557,0.000,NORMAL,1,BEND,,,,,PREVIEW_DEFAULT
93.7838,-59.1566,-5.4930,0.000,NORMAL,1,BEND,,,,,PREVIEW_DEFAULT
93.8838,-59.0636,-5.5297,0.000,NORMAL,1,BEND,,,,,PREVIEW_DEFAULT
93.9837,-58.9704,-5.5658,0.000,NORMAL,1,BEND,,,,,PREVIEW_DEFAULT
94.0837,-58.8769,-5.6012,0.000,NORMAL,1,BEND,,,,,PREVIEW_DEFAULT
94.1837,-58.7831,-5.6359,0.000,NORMAL,1,BEND,,,,,PREVIEW_DEFAULT
94.2837,-58.6891,-5.6700,0.000,NORMAL,1,BEND,,,,,PREVIEW_DEFAULT
94.3837,-58.5949,-5.7035,0.000,NORMAL,1,BEND,,,,,PREVIEW_DEFAULT
94.4837,-58.5005,-5.7364,0.000,NORMAL,1,BEND,,,,,PREVIEW_DEFAULT
94.5836,-58.4059,-5.7687,0.000,NORMAL,1,BEND,,,,,PREVIEW_DEFAULT
94.6837,-58.3111,-5.8006,0.000,NORMAL,1,BEND,,,,,PREVIEW_DEFAULT
94.7836,-58.2162,-5.8319,0.000,NORMAL,1,BEND,,,,,PREVIEW_DEFAULT
94.8836,-58.1211,-5.8628,0.000,NORMAL,1,BEND,,,,,PREVIEW_DEFAULT
94.9836,-58.0258,-5.8932,0.000,NORMAL,1,BEND,,,,,PREVIEW_DEFAULT
95.0835,-57.9305,-5.9232,0.000,NORMAL,1,BEND,,,,,PREVIEW_DEFAULT
95.1836,-57.8349,-5.9527,0.000,NORMAL,1,BEND,,,,,PREVIEW_DEFAULT
95.2836,-57.7392,-5.9817,0.000,NORMAL,1,BEND,,,,,PREVIEW_DEFAULT
95.3835,-57.6434,-6.0100,0.000,NORMAL,1,BEND,,,,,PREVIEW_DEFAULT
95.4834,-57.5473,-6.0376,0.000,NORMAL,1,BEND,,,,,PREVIEW_DEFAULT
95.5835,-57.4509,-6.0643,0.000,NORMAL,1,BEND,,,,,PREVIEW_DEFAULT
95.6834,-57.3543,-6.0900,0.000,NORMAL,1,BEND,,,,,PREVIEW_DEFAULT
95.7834,-57.2574,-6.1145,0.000,NORMAL,1,BEND,,,,,PREVIEW_DEFAULT
95.8834,-57.1601,-6.1377,0.000,NORMAL,1,BEND,,,,,PREVIEW_DEFAULT
95.9834,-57.0625,-6.1593,0.000,NORMAL,1,BEND,,,,,PREVIEW_DEFAULT
96.0834,-56.9645,-6.1792,0.000,NORMAL,1,BEND,,,,,PREVIEW_DEFAULT
96.1834,-56.8661,-6.1972,0.000,NORMAL,1,BEND,,,,,PREVIEW_DEFAULT
96.2834,-56.7674,-6.2132,0.000,NORMAL,1,BEND,,,,,PREVIEW_DEFAULT
96.3834,-56.6684,-6.2271,0.000,NORMAL,1,BEND,,,,,PREVIEW_DEFAULT
96.4833,-56.5691,-6.2387,0.000,NORMAL,1,BEND,,,,,PREVIEW_DEFAULT
96.5833,-56.4696,-6.2480,0.000,NORMAL,1,BEND,,,,,PREVIEW_DEFAULT
96.6833,-56.3698,-6.2548,0.000,NORMAL,1,BEND,,,,,PREVIEW_DEFAULT
96.7833,-56.2699,-6.2589,0.000,NORMAL,1,BEND,,,,,PREVIEW_DEFAULT
96.8832,-56.1700,-6.2604,0.000,NORMAL,1,BEND,,,,,PREVIEW_DEFAULT
96.9832,-56.0700,-6.2591,0.000,NORMAL,1,BEND,,,,,PREVIEW_DEFAULT
97.0832,-55.9701,-6.2549,0.000,NORMAL,1,BEND,,,,,PREVIEW_DEFAULT
97.1832,-55.8704,-6.2477,0.000,NORMAL,1,BEND,,,,,PREVIEW_DEFAULT
97.2832,-55.7709,-6.2375,0.000,NORMAL,1,BEND,,,,,PREVIEW_DEFAULT
97.3832,-55.6718,-6.2243,0.000,NORMAL,1,BEND,,,,,PREVIEW_DEFAULT
97.4831,-55.5732,-6.2079,0.000,NORMAL,1,BEND,,,,,PREVIEW_DEFAULT
97.5831,-55.4751,-6.1884,0.000,NORMAL,1,BEND,,,,,PREVIEW_DEFAULT
97.6830,-55.3778,-6.1658,0.000,NORMAL,1,BEND,,,,,PREVIEW_DEFAULT
97.7830,-55.2812,-6.1400,0.000,NORMAL,1,BEND,,,,,PREVIEW_DEFAULT
97.8830,-55.1855,-6.1111,0.000,NORMAL,1,BEND,,,,,PREVIEW_DEFAULT
97.9830,-55.0907,-6.0792,0.000,NORMAL,1,BEND,,,,,PREVIEW_DEFAULT
98.0830,-54.9970,-6.0443,0.000,NORMAL,1,BEND,,,,,PREVIEW_DEFAULT
98.1830,-54.9044,-6.0065,0.000,NORMAL,1,BEND,,,,,PREVIEW_DEFAULT
98.2829,-54.8131,-5.9659,0.000,NORMAL,1,BEND,,,,,PREVIEW_DEFAULT
98.3829,-54.7230,-5.9225,0.000,NORMAL,1,BEND,,,,,PREVIEW_DEFAULT
98.4828,-54.6343,-5.8765,0.000,NORMAL,1,BEND,,,,,PREVIEW_DEFAULT
98.5829,-54.5469,-5.8278,0.000,NORMAL,1,BEND,,,,,PREVIEW_DEFAULT
98.6828,-54.4610,-5.7767,0.000,NORMAL,1,BEND,,,,,PREVIEW_DEFAULT
98.7828,-54.3766,-5.7232,0.000,NORMAL,1,BEND,,,,,PREVIEW_DEFAULT
98.8828,-54.2936,-5.6674,0.000,NORMAL,1,BEND,,,,,PREVIEW_DEFAULT
98.9828,-54.2120,-5.6095,0.000,NORMAL,1,BEND,,,,,PREVIEW_DEFAULT
99.0828,-54.1320,-5.5496,0.000,NORMAL,1,BEND,,,,,PREVIEW_DEFAULT
99.1828,-54.0534,-5.4878,0.000,NORMAL,1,BEND,,,,,PREVIEW_DEFAULT
99.2827,-53.9763,-5.4242,0.000,NORMAL,1,BEND,,,,,PREVIEW_DEFAULT
99.3827,-53.9006,-5.3589,0.000,NORMAL,1,BEND,,,,,PREVIEW_DEFAULT
99.4827,-53.8263,-5.2920,0.000,NORMAL,1,BEND,,,,,PREVIEW_DEFAULT
99.5826,-53.7534,-5.2236,0.000,NORMAL,1,BEND,,,,,PREVIEW_DEFAULT
99.6827,-53.6818,-5.1537,0.000,NORMAL,1,BEND,,,,,PREVIEW_DEFAULT
99.7827,-53.6116,-5.0825,0.000,NORMAL,1,BEND,,,,,PREVIEW_DEFAULT
99.8826,-53.5427,-5.0101,0.000,NORMAL,1,BEND,,,,,PREVIEW_DEFAULT
99.9826,-53.4750,-4.9365,0.000,NORMAL,1,BEND,,,,,PREVIEW_DEFAULT
100.0826,-53.4086,-4.8618,0.000,NORMAL,1,BEND,,,,,PREVIEW_DEFAULT
100.1826,-53.3433,-4.7860,0.000,NORMAL,1,BEND,,,,,PREVIEW_DEFAULT
100.2825,-53.2793,-4.7093,0.000,NORMAL,1,BEND,,,,,PREVIEW_DEFAULT
100.3826,-53.2164,-4.6315,0.000,NORMAL,1,BEND,,,,,PREVIEW_DEFAULT
100.4825,-53.1547,-4.5529,0.000,NORMAL,1,BEND,,,,,PREVIEW_DEFAULT
100.5825,-53.0942,-4.4733,0.000,NORMAL,1,BEND,,,,,PREVIEW_DEFAULT
100.6824,-53.0348,-4.3929,0.000,NORMAL,1,BEND,,,,,PREVIEW_DEFAULT
100.7825,-52.9765,-4.3116,0.000,NORMAL,1,BEND,,,,,PREVIEW_DEFAULT
100.8824,-52.9195,-4.2295,0.000,NORMAL,1,BEND,,,,,PREVIEW_DEFAULT
100.9825,-52.8635,-4.1466,0.000,NORMAL,1,BEND,,,,,PREVIEW_DEFAULT
101.0824,-52.8088,-4.0630,0.000,NORMAL,1,BEND,,,,,PREVIEW_DEFAULT
101.1824,-52.7552,-3.9786,0.000,NORMAL,1,BEND,,,,,PREVIEW_DEFAULT
101.2824,-52.7028,-3.8934,0.000,NORMAL,1,BEND,,,,,PREVIEW_DEFAULT
101.3823,-52.6515,-3.8076,0.000,NORMAL,1,BEND,,,,,PREVIEW_DEFAULT
101.4823,-52.6012,-3.7212,0.000,NORMAL,1,BEND,,,,,PREVIEW_DEFAULT
101.5824,-52.5520,-3.6341,0.000,NORMAL,1,BEND,,,,,PREVIEW_DEFAULT
101.6823,-52.5038,-3.5465,0.000,NORMAL,1,BEND,,,,,PREVIEW_DEFAULT
101.7822,-52.4565,-3.4585,0.000,NORMAL,1,BEND,,,,,PREVIEW_DEFAULT
101.8823,-52.4100,-3.3699,0.000,NORMAL,1,BEND,,,,,PREVIEW_DEFAULT
101.9823,-52.3643,-3.2810,0.000,NORMAL,1,BEND,,,,,PREVIEW_DEFAULT
102.0823,-52.3193,-3.1917,0.000,NORMAL,1,BEND,,,,,PREVIEW_DEFAULT
102.1823,-52.2749,-3.1021,0.000,NORMAL,1,BEND,,,,,PREVIEW_DEFAULT
102.2822,-52.2311,-3.0123,0.000,NORMAL,1,BEND,,,,,PREVIEW_DEFAULT
102.3822,-52.1877,-2.9222,0.000,NORMAL,1,BEND,,,,,PREVIEW_DEFAULT
102.4822,-52.1447,-2.8319,0.000,NORMAL,1,BEND,,,,,PREVIEW_DEFAULT
102.5822,-52.1020,-2.7415,0.000,NORMAL,1,BEND,,,,,PREVIEW_DEFAULT
102.6821,-52.0596,-2.6510,0.000,NORMAL,1,BEND,,,,,PREVIEW_DEFAULT
102.7821,-52.0173,-2.5604,0.000,NORMAL,1,BEND,,,,,PREVIEW_DEFAULT
102.8820,-51.9751,-2.4698,0.000,NORMAL,1,BEND,,,,,PREVIEW_DEFAULT
102.9821,-51.9329,-2.3791,0.000,NORMAL,1,BEND,,,,,PREVIEW_DEFAULT
103.0820,-51.8907,-2.2885,0.000,NORMAL,1,BEND,,,,,PREVIEW_DEFAULT
103.1820,-51.8484,-2.1979,0.000,NORMAL,1,BEND,,,,,PREVIEW_DEFAULT
103.2821,-51.8060,-2.1073,0.000,NORMAL,1,BEND,,,,,PREVIEW_DEFAULT
103.3820,-51.7635,-2.0168,0.000,NORMAL,1,BEND,,,,,PREVIEW_DEFAULT
103.4820,-51.7207,-1.9265,0.000,NORMAL,1,BEND,,,,,PREVIEW_DEFAULT
103.5819,-51.6778,-1.8362,0.000,NORMAL,1,BEND,,,,,PREVIEW_DEFAULT
103.6819,-51.6346,-1.7460,0.000,NORMAL,1,BEND,,,,,PREVIEW_DEFAULT
103.7820,-51.5912,-1.6559,0.000,NORMAL,1,BEND,,,,,PREVIEW_DEFAULT
103.8820,-51.5476,-1.5659,0.000,NORMAL,1,BEND,,,,,PREVIEW_DEFAULT
103.9819,-51.5039,-1.4760,0.000,NORMAL,1,BEND,,,,,PREVIEW_DEFAULT
104.0819,-51.4599,-1.3862,0.000,NORMAL,1,BEND,,,,,PREVIEW_DEFAULT
104.1818,-51.4159,-1.2965,0.000,NORMAL,1,BEND,,,,,PREVIEW_DEFAULT
104.2819,-51.3718,-1.2067,0.000,NORMAL,1,BEND,,,,,PREVIEW_DEFAULT
104.3819,-51.3276,-1.1170,0.000,NORMAL,1,BEND,,,,,PREVIEW_DEFAULT
104.4818,-51.2835,-1.0273,0.000,NORMAL,1,BEND,,,,,PREVIEW_DEFAULT
104.5818,-51.2395,-0.9375,0.000,NORMAL,1,BEND,,,,,PREVIEW_DEFAULT
104.6818,-51.1955,-0.8477,0.000,NORMAL,1,BEND,,,,,PREVIEW_DEFAULT
104.7817,-51.1517,-0.7579,0.000,NORMAL,1,BEND,,,,,PREVIEW_DEFAULT
104.8818,-51.1080,-0.6679,0.000,NORMAL,1,BEND,,,,,PREVIEW_DEFAULT
104.9817,-51.0645,-0.5779,0.000,NORMAL,1,BEND,,,,,PREVIEW_DEFAULT
105.0818,-51.0211,-0.4878,0.000,NORMAL,1,BEND,,,,,PREVIEW_DEFAULT
105.1817,-50.9779,-0.3977,0.000,NORMAL,1,BEND,,,,,PREVIEW_DEFAULT
105.2816,-50.9348,-0.3075,0.000,NORMAL,1,BEND,,,,,PREVIEW_DEFAULT
105.3817,-50.8918,-0.2172,0.000,NORMAL,1,BEND,,,,,PREVIEW_DEFAULT
105.4816,-50.8489,-0.1269,0.000,NORMAL,1,BEND,,,,,PREVIEW_DEFAULT
105.5816,-50.8060,-0.0366,0.000,NORMAL,1,BEND,,,,,PREVIEW_DEFAULT
105.6816,-50.7632,0.0538,0.000,NORMAL,1,BEND,,,,,PREVIEW_DEFAULT
105.7816,-50.7203,0.1441,0.000,NORMAL,1,BEND,,,,,PREVIEW_DEFAULT
105.8816,-50.6774,0.2344,0.000,NORMAL,1,BEND,,,,,PREVIEW_DEFAULT
105.9815,-50.6343,0.3246,0.000,NORMAL,1,BEND,,,,,PREVIEW_DEFAULT
106.0815,-50.5910,0.4147,0.000,NORMAL,1,BEND,,,,,PREVIEW_DEFAULT
106.1815,-50.5474,0.5047,0.000,NORMAL,1,BEND,,,,,PREVIEW_DEFAULT
106.2815,-50.5036,0.5946,0.000,NORMAL,1,BEND,,,,,PREVIEW_DEFAULT
106.3816,-50.4595,0.6844,0.000,NORMAL,1,BEND,,,,,PREVIEW_DEFAULT
106.4815,-50.4151,0.7739,0.000,NORMAL,1,BEND,,,,,PREVIEW_DEFAULT
106.5814,-50.3704,0.8633,0.000,NORMAL,1,BEND,,,,,PREVIEW_DEFAULT
106.6815,-50.3253,0.9526,0.000,NORMAL,1,BEND,,,,,PREVIEW_DEFAULT
106.7814,-50.2800,1.0417,0.000,NORMAL,1,BEND,,,,,PREVIEW_DEFAULT
106.8814,-50.2344,1.1307,0.000,NORMAL,1,BEND,,,,,PREVIEW_DEFAULT
106.9814,-50.1885,1.2195,0.000,NORMAL,1,BEND,,,,,PREVIEW_DEFAULT
107.0814,-50.1425,1.3083,0.000,NORMAL,1,BEND,,,,,PREVIEW_DEFAULT
107.1814,-50.0962,1.3969,0.000,NORMAL,1,BEND,,,,,PREVIEW_DEFAULT
107.2814,-50.0498,1.4855,0.000,NORMAL,1,BEND,,,,,PREVIEW_DEFAULT
107.3814,-50.0032,1.5740,0.000,NORMAL,1,BEND,,,,,PREVIEW_DEFAULT
107.4813,-49.9566,1.6624,0.000,NORMAL,1,BEND,,,,,PREVIEW_DEFAULT
107.5813,-49.9098,1.7508,0.000,NORMAL,1,BEND,,,,,PREVIEW_DEFAULT
107.6813,-49.8630,1.8391,0.000,NORMAL,1,BEND,,,,,PREVIEW_DEFAULT
107.7813,-49.8161,1.9274,0.000,NORMAL,1,BEND,,,,,PREVIEW_DEFAULT
107.8813,-49.7691,2.0157,0.000,NORMAL,1,BEND,,,,,PREVIEW_DEFAULT
107.9812,-49.7221,2.1039,0.000,NORMAL,1,BEND,,,,,PREVIEW_DEFAULT
108.0812,-49.6751,2.1921,0.000,NORMAL,1,BEND,,,,,PREVIEW_DEFAULT
108.1812,-49.6280,2.2803,0.000,NORMAL,1,BEND,,,,,PREVIEW_DEFAULT
108.2812,-49.5808,2.3685,0.000,NORMAL,1,BEND,,,,,PREVIEW_DEFAULT
108.3812,-49.5335,2.4566,0.000,NORMAL,1,BEND,,,,,PREVIEW_DEFAULT
108.4811,-49.4862,2.5446,0.000,NORMAL,1,BEND,,,,,PREVIEW_DEFAULT
108.5811,-49.4387,2.6326,0.000,NORMAL,1,BEND,,,,,PREVIEW_DEFAULT
108.6811,-49.3911,2.7205,0.000,NORMAL,1,BEND,,,,,PREVIEW_DEFAULT
108.7811,-49.3432,2.8083,0.000,NORMAL,1,BEND,,,,,PREVIEW_DEFAULT
108.8811,-49.2950,2.8959,0.000,NORMAL,1,BEND,,,,,PREVIEW_DEFAULT
108.9811,-49.2464,2.9833,0.000,NORMAL,1,BEND,,,,,PREVIEW_DEFAULT
109.0810,-49.1972,3.0703,0.000,NORMAL,1,BEND,,,,,PREVIEW_DEFAULT
109.1810,-49.1473,3.1570,0.000,NORMAL,1,BEND,,,,,PREVIEW_DEFAULT
109.2810,-49.0966,3.2431,0.000,NORMAL,1,BEND,,,,,PREVIEW_DEFAULT
109.3810,-49.0448,3.3287,0.000,NORMAL,1,BEND,,,,,PREVIEW_DEFAULT
109.4810,-48.9917,3.4134,0.000,NORMAL,1,BEND,,,,,PREVIEW_DEFAULT
109.5809,-48.9372,3.4972,0.000,NORMAL,1,BEND,,,,,PREVIEW_DEFAULT
109.6809,-48.8810,3.5799,0.000,NORMAL,1,BEND,,,,,PREVIEW_DEFAULT
109.7809,-48.8228,3.6612,0.000,NORMAL,1,BEND,,,,,PREVIEW_DEFAULT
109.8809,-48.7626,3.7410,0.000,NORMAL,1,BEND,,,,,PREVIEW_DEFAULT
109.9808,-48.7002,3.8191,0.000,NORMAL,1,BEND,,,,,PREVIEW_DEFAULT
110.0808,-48.6354,3.8952,0.000,NORMAL,1,BEND,,,,,PREVIEW_DEFAULT
110.1808,-48.5682,3.9693,0.000,NORMAL,1,BEND,,,,,PREVIEW_DEFAULT
110.2808,-48.4986,4.0411,0.000,NORMAL,1,BEND,,,,,PREVIEW_DEFAULT
110.3808,-48.4266,4.1104,0.000,NORMAL,1,BEND,,,,,PREVIEW_DEFAULT
110.4807,-48.3522,4.1772,0.000,NORMAL,1,BEND,,,,,PREVIEW_DEFAULT
110.5807,-48.2754,4.2412,0.000,NORMAL,1,BEND,,,,,PREVIEW_DEFAULT
110.6807,-48.1962,4.3023,0.000,NORMAL,1,BEND,,,,,PREVIEW_DEFAULT
110.7807,-48.1148,4.3603,0.000,NORMAL,1,BEND,,,,,PREVIEW_DEFAULT
110.8807,-48.0313,4.4153,0.000,NORMAL,1,BEND,,,,,PREVIEW_DEFAULT
110.9806,-47.9457,4.4669,0.000,NORMAL,1,BEND,,,,,PREVIEW_DEFAULT
111.0806,-47.8582,4.5152,0.000,NORMAL,1,BEND,,,,,PREVIEW_DEFAULT
111.1806,-47.7689,4.5602,0.000,NORMAL,1,BEND,,,,,PREVIEW_DEFAULT
111.2806,-47.6779,4.6016,0.000,NORMAL,1,BEND,,,,,PREVIEW_DEFAULT
111.3806,-47.5854,4.6396,0.000,NORMAL,1,BEND,,,,,PREVIEW_DEFAULT
111.4805,-47.4915,4.6739,0.000,NORMAL,1,BEND,,,,,PREVIEW_DEFAULT
111.5805,-47.3964,4.7047,0.000,NORMAL,1,BEND,,,,,PREVIEW_DEFAULT
111.6805,-47.3001,4.7318,0.000,NORMAL,1,BEND,,,,,PREVIEW_DEFAULT
111.7805,-47.2029,4.7552,0.000,NORMAL,1,BEND,,,,,PREVIEW_DEFAULT
111.8805,-47.1049,4.7749,0.000,NORMAL,1,BEND,,,,,PREVIEW_DEFAULT
111.9805,-47.0062,4.7909,0.000,NORMAL,1,BEND,,,,,PREVIEW_DEFAULT
112.0804,-46.9070,4.8034,0.000,NORMAL,1,BEND,,,,,PREVIEW_DEFAULT
112.1803,-46.8075,4.8123,0.000,NORMAL,1,BEND,,,,,PREVIEW_DEFAULT
112.2804,-46.7076,4.8179,0.000,NORMAL,1,BEND,,,,,PREVIEW_DEFAULT
112.3803,-46.6077,4.8203,0.000,NORMAL,1,BEND,,,,,PREVIEW_DEFAULT
112.4803,-46.5077,4.8195,0.000,NORMAL,1,BEND,,,,,PREVIEW_DEFAULT
112.5803,-46.4078,4.8158,0.000,NORMAL,1,BEND,,,,,PREVIEW_DEFAULT
112.6803,-46.3080,4.8093,0.000,NORMAL,1,BEND,,,,,PREVIEW_DEFAULT
112.7802,-46.2085,4.8002,0.000,NORMAL,1,BEND,,,,,PREVIEW_DEFAULT
112.8803,-46.1091,4.7888,0.000,NORMAL,1,BEND,,,,,PREVIEW_DEFAULT
112.9802,-46.0101,4.7752,0.000,NORMAL,1,BEND,,,,,PREVIEW_DEFAULT
113.0802,-45.9113,4.7596,0.000,NORMAL,1,BEND,,,,,PREVIEW_DEFAULT
113.1801,-45.8129,4.7423,0.000,NORMAL,1,BEND,,,,,PREVIEW_DEFAULT
113.2801,-45.7147,4.7234,0.000,NORMAL,1,BEND,,,,,PREVIEW_DEFAULT
113.3801,-45.6168,4.7032,0.000,NORMAL,1,BEND,,,,,PREVIEW_DEFAULT
113.4801,-45.5191,4.6818,0.000,NORMAL,1,BEND,,,,,PREVIEW_DEFAULT
113.5801,-45.4217,4.6593,0.000,NORMAL,1,BEND,,,,,PREVIEW_DEFAULT
113.6801,-45.3245,4.6359,0.000,NORMAL,1,BEND,,,,,PREVIEW_DEFAULT
113.7801,-45.2274,4.6118,0.000,NORMAL,1,BEND,,,,,PREVIEW_DEFAULT
113.8800,-45.1306,4.5870,0.000,NORMAL,1,BEND,,,,,PREVIEW_DEFAULT
113.9800,-45.0339,4.5616,0.000,NORMAL,1,BEND,,,,,PREVIEW_DEFAULT
114.0800,-44.9373,4.5357,0.000,NORMAL,1,BEND,,,,,PREVIEW_DEFAULT
114.1800,-44.8408,4.5094,0.000,NORMAL,1,BEND,,,,,PREVIEW_DEFAULT
114.2800,-44.7445,4.4827,0.000,NORMAL,1,BEND,,,,,PREVIEW_DEFAULT
114.3800,-44.6482,4.4558,0.000,NORMAL,1,BEND,,,,,PREVIEW_DEFAULT
114.4799,-44.5520,4.4286,0.000,NORMAL,1,BEND,,,,,PREVIEW_DEFAULT
114.5800,-44.4558,4.4012,0.000,NORMAL,1,BEND,,,,,PREVIEW_DEFAULT
114.6799,-44.3597,4.3737,0.000,NORMAL,1,BEND,,,,,PREVIEW_DEFAULT
114.7799,-44.2636,4.3460,0.000,NORMAL,1,BEND,,,,,PREVIEW_DEFAULT
114.8799,-44.1676,4.3182,0.000,NORMAL,1,BEND,,,,,PREVIEW_DEFAULT
114.9798,-44.0716,4.2904,0.000,NORMAL,1,BEND,,,,,PREVIEW_DEFAULT
115.0798,-43.9756,4.2624,0.000,NORMAL,1,BEND,,,,,PREVIEW_DEFAULT
115.1798,-43.8796,4.2344,0.000,NORMAL,1,BEND,,,,,PREVIEW_DEFAULT
115.2798,-43.7836,4.2063,0.000,NORMAL,1,BEND,,,,,PREVIEW_DEFAULT
115.3798,-43.6877,4.1782,0.000,NORMAL,1,BEND,,,,,PREVIEW_DEFAULT
115.4798,-43.5918,4.1499,0.000,NORMAL,1,BEND,,,,,PREVIEW_DEFAULT
115.5798,-43.4959,4.1215,0.000,NORMAL,1,BEND,,,,,PREVIEW_DEFAULT
115.6798,-43.4001,4.0929,0.000,NORMAL,1,BEND,,,,,PREVIEW_DEFAULT
115.7798,-43.3043,4.0642,0.000,NORMAL,1,BEND,,,,,PREVIEW_DEFAULT
115.8797,-43.2086,4.0353,0.000,NORMAL,1,BEND,,,,,PREVIEW_DEFAULT
115.9797,-43.1130,4.0061,0.000,NORMAL,1,BEND,,,,,PREVIEW_DEFAULT
116.0797,-43.0174,3.9767,0.000,NORMAL,1,BEND,,,,,PREVIEW_DEFAULT
116.1796,-42.9220,3.9470,0.000,NORMAL,1,BEND,,,,,PREVIEW_DEFAULT
116.2796,-42.8266,3.9170,0.000,NORMAL,1,BEND,,,,,PREVIEW_DEFAULT
116.3796,-42.7313,3.8867,0.000,NORMAL,1,BEND,,,,,PREVIEW_DEFAULT
116.4796,-42.6361,3.8561,0.000,NORMAL,1,BEND,,,,,PREVIEW_DEFAULT
116.5796,-42.5411,3.8251,0.000,NORMAL,1,BEND,,,,,PREVIEW_DEFAULT
116.6796,-42.4461,3.7938,0.000,NORMAL,1,BEND,,,,,PREVIEW_DEFAULT
116.7795,-42.3513,3.7621,0.000,NORMAL,1,BEND,,,,,PREVIEW_DEFAULT
116.8795,-42.2566,3.7300,0.000,NORMAL,1,BEND,,,,,PREVIEW_DEFAULT
116.9795,-42.1620,3.6976,0.000,NORMAL,1,BEND,,,,,PREVIEW_DEFAULT
117.0795,-42.0676,3.6647,0.000,NORMAL,1,BEND,,,,,PREVIEW_DEFAULT
117.1794,-41.9734,3.6313,0.000,NORMAL,1,BEND,,,,,PREVIEW_DEFAULT
117.2794,-41.8793,3.5975,0.000,NORMAL,1,BEND,,,,,PREVIEW_DEFAULT
117.3794,-41.7854,3.5631,0.000,NORMAL,1,BEND,,,,,PREVIEW_DEFAULT
117.4794,-41.6917,3.5282,0.000,NORMAL,1,BEND,,,,,PREVIEW_DEFAULT
117.5794,-41.5982,3.4928,0.000,NORMAL,1,BEND,,,,,PREVIEW_DEFAULT
117.6793,-41.5050,3.4567,0.000,NORMAL,1,BEND,,,,,PREVIEW_DEFAULT
117.7793,-41.4120,3.4200,0.000,NORMAL,1,BEND,,,,,PREVIEW_DEFAULT
117.8794,-41.3192,3.3826,0.000,NORMAL,1,BEND,,,,,PREVIEW_DEFAULT
117.9793,-41.2268,3.3445,0.000,NORMAL,1,BEND,,,,,PREVIEW_DEFAULT
118.0793,-41.1346,3.3058,0.000,NORMAL,1,BEND,,,,,PREVIEW_DEFAULT
118.1793,-41.0427,3.2664,0.000,NORMAL,1,BEND,,,,,PREVIEW_DEFAULT
118.2793,-40.9511,3.2263,0.000,NORMAL,1,BEND,,,,,PREVIEW_DEFAULT
118.3793,-40.8598,3.1855,0.000,NORMAL,1,BEND,,,,,PREVIEW_DEFAULT
118.4792,-40.7688,3.1442,0.000,NORMAL,1,BEND,,,,,PREVIEW_DEFAULT
118.5792,-40.6780,3.1023,0.000,NORMAL,1,BEND,,,,,PREVIEW_DEFAULT
118.6792,-40.5874,3.0600,0.000,NORMAL,1,BEND,,,,,PREVIEW_DEFAULT
118.7792,-40.4970,3.0173,0.000,NORMAL,1,BEND,,,,,PREVIEW_DEFAULT
118.8792,-40.4067,2.9743,0.000,NORMAL,1,BEND,,,,,PREVIEW_DEFAULT
118.9792,-40.3165,2.9311,0.000,NORMAL,1,BEND,,,,,PREVIEW_DEFAULT
119.0792,-40.2263,2.8880,0.000,NORMAL,1,BEND,,,,,PREVIEW_DEFAULT
119.1791,-40.1361,2.8450,0.000,NORMAL,1,BEND,,,,,PREVIEW_DEFAULT
119.2791,-40.0457,2.8023,0.000,NORMAL,1,BEND,,,,,PREVIEW_DEFAULT
119.3752,-39.9586,2.7618,0.000,NORMAL,1,BEND,BEND_END,EXIT_ZONE,,,PREVIEW_DEFAULT
119.3791,-39.9550,2.7601,0.000,NORMAL,1,BEND,,,,,PREVIEW_DEFAULT
119.4791,-39.8641,2.7186,0.000,NORMAL,1,BEND,,,,,PREVIEW_DEFAULT
119.5791,-39.7729,2.6776,0.000,NORMAL,1,BEND,,,,,PREVIEW_DEFAULT
119.6791,-39.6815,2.6370,0.000,NORMAL,1,ROUTE,,,,,PREVIEW_DEFAULT
119.7790,-39.5901,2.5966,0.000,NORMAL,1,ROUTE,,,,,PREVIEW_DEFAULT
119.8790,-39.4986,2.5562,0.000,NORMAL,1,ROUTE,,,,,PREVIEW_DEFAULT
119.9790,-39.4071,2.5159,0.000,NORMAL,1,ROUTE,,,,,PREVIEW_DEFAULT
120.0790,-39.3157,2.4754,0.000,NORMAL,1,ROUTE,,,,,PREVIEW_DEFAULT
120.1790,-39.2243,2.4347,0.000,NORMAL,1,ROUTE,,,,,PREVIEW_DEFAULT
120.2790,-39.1331,2.3938,0.000,NORMAL,1,ROUTE,,,,,PREVIEW_DEFAULT
120.3789,-39.0420,2.3527,0.000,NORMAL,1,ROUTE,,,,,PREVIEW_DEFAULT
120.4789,-38.9510,2.3112,0.000,NORMAL,1,ROUTE,,,,,PREVIEW_DEFAULT
120.5789,-38.8602,2.2695,0.000,NORMAL,1,ROUTE,,,,,PREVIEW_DEFAULT
120.6789,-38.7694,2.2274,0.000,NORMAL,1,ROUTE,,,,,PREVIEW_DEFAULT
120.7789,-38.6788,2.1852,0.000,NORMAL,1,ROUTE,,,,,PREVIEW_DEFAULT
120.8789,-38.5883,2.1427,0.000,NORMAL,1,ROUTE,,,,,PREVIEW_DEFAULT
120.9788,-38.4979,2.1001,0.000,NORMAL,1,ROUTE,,,,,PREVIEW_DEFAULT
121.0788,-38.4075,2.0574,0.000,NORMAL,1,ROUTE,,,,,PREVIEW_DEFAULT
121.1788,-38.3171,2.0145,0.000,NORMAL,1,ROUTE,,,,,PREVIEW_DEFAULT
121.2788,-38.2268,1.9716,0.000,NORMAL,1,ROUTE,,,,,PREVIEW_DEFAULT
121.3787,-38.1366,1.9286,0.000,NORMAL,1,ROUTE,,,,,PREVIEW_DEFAULT
121.4788,-38.0463,1.8856,0.000,NORMAL,1,ROUTE,,,,,PREVIEW_DEFAULT
121.5787,-37.9561,1.8425,0.000,NORMAL,1,ROUTE,,,,,PREVIEW_DEFAULT
121.6787,-37.8659,1.7993,0.000,NORMAL,1,ROUTE,,,,,PREVIEW_DEFAULT
121.7787,-37.7757,1.7561,0.000,NORMAL,1,ROUTE,,,,,PREVIEW_DEFAULT
121.8787,-37.6856,1.7128,0.000,NORMAL,1,ROUTE,,,,,PREVIEW_DEFAULT
121.9787,-37.5955,1.6694,0.000,NORMAL,1,ROUTE,,,,,PREVIEW_DEFAULT
122.0787,-37.5055,1.6259,0.000,NORMAL,1,ROUTE,,,,,PREVIEW_DEFAULT
122.1786,-37.4156,1.5823,0.000,NORMAL,1,ROUTE,,,,,PREVIEW_DEFAULT
122.2786,-37.3257,1.5385,0.000,NORMAL,1,ROUTE,,,,,PREVIEW_DEFAULT
122.3786,-37.2359,1.4945,0.000,NORMAL,1,ROUTE,,,,,PREVIEW_DEFAULT
122.4786,-37.1462,1.4503,0.000,NORMAL,1,ROUTE,,,,,PREVIEW_DEFAULT
122.5786,-37.0566,1.4059,0.000,NORMAL,1,ROUTE,,,,,PREVIEW_DEFAULT
122.6785,-36.9672,1.3613,0.000,NORMAL,1,ROUTE,,,,,PREVIEW_DEFAULT
122.7785,-36.8778,1.3164,0.000,NORMAL,1,ROUTE,,,,,PREVIEW_DEFAULT
122.8785,-36.7887,1.2711,0.000,NORMAL,1,ROUTE,,,,,PREVIEW_DEFAULT
122.9785,-36.6997,1.2256,0.000,NORMAL,1,ROUTE,,,,,PREVIEW_DEFAULT
123.0785,-36.6108,1.1797,0.000,NORMAL,1,ROUTE,,,,,PREVIEW_DEFAULT
123.1784,-36.5222,1.1335,0.000,NORMAL,1,ROUTE,,,,,PREVIEW_DEFAULT
123.2784,-36.4338,1.0868,0.000,NORMAL,1,ROUTE,,,,,PREVIEW_DEFAULT
123.3784,-36.3456,1.0397,0.000,NORMAL,1,ROUTE,,,,,PREVIEW_DEFAULT
123.4784,-36.2576,0.9922,0.000,NORMAL,1,ROUTE,,,,,PREVIEW_DEFAULT
123.5784,-36.1699,0.9441,0.000,NORMAL,1,ROUTE,,,,,PREVIEW_DEFAULT
123.6784,-36.0825,0.8955,0.000,NORMAL,1,ROUTE,,,,,PREVIEW_DEFAULT
123.7783,-35.9955,0.8464,0.000,NORMAL,1,ROUTE,,,,,PREVIEW_DEFAULT
123.8784,-35.9087,0.7966,0.000,NORMAL,1,ROUTE,,,,,PREVIEW_DEFAULT
123.9783,-35.8224,0.7462,0.000,NORMAL,1,ROUTE,,,,,PREVIEW_DEFAULT
124.0783,-35.7365,0.6951,0.000,NORMAL,1,ROUTE,,,,,PREVIEW_DEFAULT
124.1783,-35.6510,0.6432,0.000,NORMAL,1,ROUTE,,,,,PREVIEW_DEFAULT
124.2783,-35.5660,0.5905,0.000,NORMAL,1,ROUTE,,,,,PREVIEW_DEFAULT
124.3782,-35.4816,0.5370,0.000,NORMAL,1,ROUTE,,,,,PREVIEW_DEFAULT
124.4782,-35.3977,0.4826,0.000,NORMAL,1,ROUTE,,,,,PREVIEW_DEFAULT
124.5782,-35.3145,0.4272,0.000,NORMAL,1,ROUTE,,,,,PREVIEW_DEFAULT
124.6782,-35.2319,0.3708,0.000,NORMAL,1,ROUTE,,,,,PREVIEW_DEFAULT
124.7782,-35.1500,0.3134,0.000,NORMAL,1,ROUTE,,,,,PREVIEW_DEFAULT
124.8781,-35.0690,0.2549,0.000,NORMAL,1,ROUTE,,,,,PREVIEW_DEFAULT
124.9781,-34.9887,0.1953,0.000,NORMAL,1,ROUTE,,,,,PREVIEW_DEFAULT
125.0781,-34.9094,0.1345,0.000,NORMAL,1,ROUTE,,,,,PREVIEW_DEFAULT
125.1781,-34.8309,0.0725,0.000,NORMAL,1,ROUTE,,,,,PREVIEW_DEFAULT
125.2781,-34.7534,0.0093,0.000,NORMAL,1,ROUTE,,,,,PREVIEW_DEFAULT
125.3781,-34.6770,-0.0552,0.000,NORMAL,1,ROUTE,,,,,PREVIEW_DEFAULT
125.4780,-34.6016,-0.1208,0.000,NORMAL,1,ROUTE,,,,,PREVIEW_DEFAULT
125.5781,-34.5273,-0.1878,0.000,NORMAL,1,ROUTE,,,,,PREVIEW_DEFAULT
125.6780,-34.4542,-0.2559,0.000,NORMAL,1,ROUTE,,,,,PREVIEW_DEFAULT
125.7780,-34.3822,-0.3253,0.000,NORMAL,1,ROUTE,,,,,PREVIEW_DEFAULT
125.8780,-34.3114,-0.3960,0.000,NORMAL,1,ROUTE,,,,,PREVIEW_DEFAULT
125.9780,-34.2419,-0.4678,0.000,NORMAL,1,ROUTE,,,,,PREVIEW_DEFAULT
126.0779,-34.1736,-0.5408,0.000,NORMAL,1,ROUTE,,,,,PREVIEW_DEFAULT
126.1780,-34.1066,-0.6151,0.000,NORMAL,1,ROUTE,,,,,PREVIEW_DEFAULT
126.2778,-34.0410,-0.6904,0.000,NORMAL,1,ROUTE,,,,,PREVIEW_DEFAULT
126.3778,-33.9766,-0.7669,0.000,NORMAL,1,ROUTE,,,,,PREVIEW_DEFAULT
126.4779,-33.9135,-0.8445,0.000,NORMAL,1,ROUTE,,,,,PREVIEW_DEFAULT
126.5778,-33.8517,-0.9231,0.000,NORMAL,1,ROUTE,,,,,PREVIEW_DEFAULT
126.6778,-33.7912,-1.0027,0.000,NORMAL,1,ROUTE,,,,,PREVIEW_DEFAULT
126.7778,-33.7319,-1.0832,0.000,NORMAL,1,ROUTE,,,,,PREVIEW_DEFAULT
126.8778,-33.6739,-1.1646,0.000,NORMAL,1,ROUTE,,,,,PREVIEW_DEFAULT
126.9777,-33.6170,-1.2468,0.000,NORMAL,1,ROUTE,,,,,PREVIEW_DEFAULT
127.0777,-33.5612,-1.3298,0.000,NORMAL,1,ROUTE,,,,,PREVIEW_DEFAULT
127.1778,-33.5066,-1.4136,0.000,NORMAL,1,ROUTE,,,,,PREVIEW_DEFAULT
127.2777,-33.4532,-1.4981,0.000,NORMAL,1,ROUTE,,,,,PREVIEW_DEFAULT
127.3777,-33.4008,-1.5833,0.000,NORMAL,1,ROUTE,,,,,PREVIEW_DEFAULT
127.4777,-33.3496,-1.6691,0.000,NORMAL,1,ROUTE,,,,,PREVIEW_DEFAULT
127.5777,-33.2995,-1.7557,0.000,NORMAL,1,ROUTE,,,,,PREVIEW_DEFAULT
127.6776,-33.2505,-1.8428,0.000,NORMAL,1,ROUTE,,,,,PREVIEW_DEFAULT
127.7776,-33.2027,-1.9306,0.000,NORMAL,1,ROUTE,,,,,PREVIEW_DEFAULT
127.8776,-33.1560,-2.0190,0.000,NORMAL,1,ROUTE,,,,,PREVIEW_DEFAULT
127.9776,-33.1105,-2.1081,0.000,NORMAL,1,ROUTE,,,,,PREVIEW_DEFAULT
128.0776,-33.0661,-2.1977,0.000,NORMAL,1,ROUTE,,,,,PREVIEW_DEFAULT
128.1776,-33.0231,-2.2879,0.000,NORMAL,1,ROUTE,,,,,PREVIEW_DEFAULT
128.2775,-32.9813,-2.3787,0.000,NORMAL,1,ROUTE,,,,,PREVIEW_DEFAULT
128.3776,-32.9408,-2.4702,0.000,NORMAL,1,ROUTE,,,,,PREVIEW_DEFAULT
128.4775,-32.9018,-2.5622,0.000,NORMAL,1,ROUTE,,,,,PREVIEW_DEFAULT
128.5775,-32.8643,-2.6549,0.000,NORMAL,1,ROUTE,,,,,PREVIEW_DEFAULT
128.6775,-32.8283,-2.7482,0.000,NORMAL,1,ROUTE,,,,,PREVIEW_DEFAULT
128.7775,-32.7940,-2.8421,0.000,NORMAL,1,ROUTE,,,,,PREVIEW_DEFAULT
128.8774,-32.7614,-2.9366,0.000,NORMAL,1,ROUTE,,,,,PREVIEW_DEFAULT
128.9774,-32.7306,-3.0317,0.000,NORMAL,1,ROUTE,,,,,PREVIEW_DEFAULT
129.0774,-32.7016,-3.1274,0.000,NORMAL,1,ROUTE,,,,,PREVIEW_DEFAULT
129.1774,-32.6744,-3.2236,0.000,NORMAL,1,ROUTE,,,,,PREVIEW_DEFAULT
129.2773,-32.6491,-3.3203,0.000,NORMAL,1,ROUTE,,,,,PREVIEW_DEFAULT
129.3773,-32.6256,-3.4175,0.000,NORMAL,1,ROUTE,,,,,PREVIEW_DEFAULT
129.4773,-32.6040,-3.5151,0.000,NORMAL,1,ROUTE,,,,,PREVIEW_DEFAULT
129.5773,-32.5841,-3.6131,0.000,NORMAL,1,ROUTE,,,,,PREVIEW_DEFAULT
129.6773,-32.5660,-3.7115,0.000,NORMAL,1,ROUTE,,,,,PREVIEW_DEFAULT
129.7773,-32.5497,-3.8101,0.000,NORMAL,1,ROUTE,,,,,PREVIEW_DEFAULT
129.8773,-32.5350,-3.9090,0.000,NORMAL,1,ROUTE,,,,,PREVIEW_DEFAULT
129.9772,-32.5220,-4.0081,0.000,NORMAL,1,ROUTE,,,,,PREVIEW_DEFAULT
130.0773,-32.5107,-4.1075,0.000,NORMAL,1,ROUTE,,,,,PREVIEW_DEFAULT
130.1772,-32.5010,-4.2070,0.000,NORMAL,1,ROUTE,,,,,PREVIEW_DEFAULT
130.2772,-32.4929,-4.3066,0.000,NORMAL,1,ROUTE,,,,,PREVIEW_DEFAULT
130.3772,-32.4863,-4.4064,0.000,NORMAL,1,ROUTE,,,,,PREVIEW_DEFAULT
130.4771,-32.4812,-4.5062,0.000,NORMAL,1,ROUTE,,,,,PREVIEW_DEFAULT
130.5772,-32.4777,-4.6062,0.000,NORMAL,1,ROUTE,,,,,PREVIEW_DEFAULT
130.6771,-32.4756,-4.7061,0.000,NORMAL,1,ROUTE,,,,,PREVIEW_DEFAULT
130.7771,-32.4750,-4.8061,0.000,NORMAL,1,ROUTE,,,,,PREVIEW_DEFAULT
130.8771,-32.4757,-4.9061,0.000,NORMAL,1,ROUTE,,,,,PREVIEW_DEFAULT
130.9770,-32.4778,-5.0060,0.000,NORMAL,1,ROUTE,,,,,PREVIEW_DEFAULT
131.0771,-32.4812,-5.1060,0.000,NORMAL,1,ROUTE,,,,,PREVIEW_DEFAULT
131.1770,-32.4858,-5.2058,0.000,NORMAL,1,ROUTE,,,,,PREVIEW_DEFAULT
131.2770,-32.4916,-5.3057,0.000,NORMAL,1,ROUTE,,,,,PREVIEW_DEFAULT
131.3770,-32.4986,-5.4054,0.000,NORMAL,1,ROUTE,,,,,PREVIEW_DEFAULT
131.4770,-32.5066,-5.5051,0.000,NORMAL,1,ROUTE,,,,,PREVIEW_DEFAULT
131.5769,-32.5157,-5.6046,0.000,NORMAL,1,ROUTE,,,,,PREVIEW_DEFAULT
131.6769,-32.5257,-5.7041,0.000,NORMAL,1,ROUTE,,,,,PREVIEW_DEFAULT
131.7769,-32.5367,-5.8035,0.000,NORMAL,1,ROUTE,,,,,PREVIEW_DEFAULT
131.8769,-32.5486,-5.9028,0.000,NORMAL,1,ROUTE,,,,,PREVIEW_DEFAULT
131.9769,-32.5613,-6.0019,0.000,NORMAL,1,ROUTE,,,,,PREVIEW_DEFAULT
132.0769,-32.5748,-6.1010,0.000,NORMAL,1,ROUTE,,,,,PREVIEW_DEFAULT
132.1769,-32.5890,-6.2000,0.000,NORMAL,1,ROUTE,,,,,PREVIEW_DEFAULT
132.2768,-32.6039,-6.2988,0.000,NORMAL,1,ROUTE,,,,,PREVIEW_DEFAULT
132.3768,-32.6194,-6.3976,0.000,NORMAL,1,ROUTE,,,,,PREVIEW_DEFAULT
132.4768,-32.6356,-6.4963,0.000,NORMAL,1,ROUTE,,,,,PREVIEW_DEFAULT
132.5768,-32.6524,-6.5948,0.000,NORMAL,1,ROUTE,,,,,PREVIEW_DEFAULT
132.6768,-32.6698,-6.6933,0.000,NORMAL,1,ROUTE,,,,,PREVIEW_DEFAULT
132.7767,-32.6879,-6.7916,0.000,NORMAL,1,ROUTE,,,,,PREVIEW_DEFAULT
132.8767,-32.7066,-6.8898,0.000,NORMAL,1,ROUTE,,,,,PREVIEW_DEFAULT
132.9767,-32.7260,-6.9879,0.000,NORMAL,1,ROUTE,,,,,PREVIEW_DEFAULT
133.0767,-32.7462,-7.0858,0.000,NORMAL,1,ROUTE,,,,,PREVIEW_DEFAULT
133.1767,-32.7671,-7.1836,0.000,NORMAL,1,ROUTE,,,,,PREVIEW_DEFAULT
133.2766,-32.7887,-7.2812,0.000,NORMAL,1,ROUTE,,,,,PREVIEW_DEFAULT
133.3767,-32.8112,-7.3787,0.000,NORMAL,1,ROUTE,,,,,PREVIEW_DEFAULT
133.4766,-32.8344,-7.4759,0.000,NORMAL,1,ROUTE,,,,,PREVIEW_DEFAULT
133.5766,-32.8584,-7.5730,0.000,NORMAL,1,ROUTE,,,,,PREVIEW_DEFAULT
133.6766,-32.8832,-7.6698,0.000,NORMAL,1,ROUTE,,,,,PREVIEW_DEFAULT
133.7766,-32.9087,-7.7665,0.000,NORMAL,1,ROUTE,,,,,PREVIEW_DEFAULT
133.8766,-32.9350,-7.8630,0.000,NORMAL,1,ROUTE,,,,,PREVIEW_DEFAULT
133.9766,-32.9619,-7.9593,0.000,NORMAL,1,ROUTE,,,,,PREVIEW_DEFAULT
134.0766,-32.9895,-8.0554,0.000,NORMAL,1,ROUTE,,,,,PREVIEW_DEFAULT
134.1765,-33.0177,-8.1513,0.000,NORMAL,1,ROUTE,,,,,PREVIEW_DEFAULT
134.2765,-33.0464,-8.2471,0.000,NORMAL,1,ROUTE,,,,,PREVIEW_DEFAULT
134.3765,-33.0756,-8.3427,0.000,NORMAL,1,ROUTE,,,,,PREVIEW_DEFAULT
134.4765,-33.1052,-8.4382,0.000,NORMAL,1,ROUTE,,,,,PREVIEW_DEFAULT
134.5764,-33.1352,-8.5335,0.000,NORMAL,1,ROUTE,,,,,PREVIEW_DEFAULT
134.6764,-33.1656,-8.6288,0.000,NORMAL,1,ROUTE,,,,,PREVIEW_DEFAULT
134.7764,-33.1962,-8.7240,0.000,NORMAL,1,ROUTE,,,,,PREVIEW_DEFAULT
134.8764,-33.2271,-8.8191,0.000,NORMAL,1,ROUTE,,,,,PREVIEW_DEFAULT
134.9764,-33.2583,-8.9141,0.000,NORMAL,1,ROUTE,,,,,PREVIEW_DEFAULT
135.0763,-33.2896,-9.0090,0.000,NORMAL,1,ROUTE,,,,,PREVIEW_DEFAULT
135.1764,-33.3212,-9.1039,0.000,NORMAL,1,ROUTE,,,,,PREVIEW_DEFAULT
135.2763,-33.3529,-9.1987,0.000,NORMAL,1,ROUTE,,,,,PREVIEW_DEFAULT
135.3763,-33.3849,-9.2934,0.000,NORMAL,1,ROUTE,,,,,PREVIEW_DEFAULT
135.4763,-33.4170,-9.3881,0.000,NORMAL,1,ROUTE,,,,,PREVIEW_DEFAULT
135.5763,-33.4495,-9.4827,0.000,NORMAL,1,ROUTE,,,,,PREVIEW_DEFAULT
135.6763,-33.4821,-9.5772,0.000,NORMAL,1,ROUTE,,,,,PREVIEW_DEFAULT
135.7762,-33.5150,-9.6716,0.000,NORMAL,1,ROUTE,,,,,PREVIEW_DEFAULT
135.8762,-33.5482,-9.7659,0.000,NORMAL,1,ROUTE,,,,,PREVIEW_DEFAULT
135.9762,-33.5817,-9.8601,0.000,NORMAL,1,ROUTE,,,,,PREVIEW_DEFAULT
136.0761,-33.6154,-9.9542,0.000,NORMAL,1,ROUTE,,,,,PREVIEW_DEFAULT
136.1761,-33.6495,-10.0482,0.000,NORMAL,1,ROUTE,,,,,PREVIEW_DEFAULT
136.2761,-33.6839,-10.1421,0.000,NORMAL,1,ROUTE,,,,,PREVIEW_DEFAULT
136.3761,-33.7185,-10.2359,0.000,NORMAL,1,ROUTE,,,,,PREVIEW_DEFAULT
136.4761,-33.7534,-10.3296,0.000,NORMAL,1,ROUTE,,,,,PREVIEW_DEFAULT
136.5761,-33.7887,-10.4232,0.000,NORMAL,1,ROUTE,,,,,PREVIEW_DEFAULT
136.6761,-33.8241,-10.5167,0.000,NORMAL,1,ROUTE,,,,,PREVIEW_DEFAULT
136.7760,-33.8598,-10.6100,0.000,NORMAL,1,ROUTE,,,,,PREVIEW_DEFAULT
136.8760,-33.8958,-10.7033,0.000,NORMAL,1,ROUTE,,,,,PREVIEW_DEFAULT
136.9761,-33.9319,-10.7966,0.000,NORMAL,1,ROUTE,,,,,PREVIEW_DEFAULT
137.0760,-33.9682,-10.8897,0.000,NORMAL,1,ROUTE,,,,,PREVIEW_DEFAULT
137.1760,-34.0047,-10.9828,0.000,NORMAL,1,ROUTE,,,,,PREVIEW_DEFAULT
137.2760,-34.0412,-11.0759,0.000,NORMAL,1,ROUTE,,,,,PREVIEW_DEFAULT
137.3760,-34.0779,-11.1689,0.000,NORMAL,1,ROUTE,,,,,PREVIEW_DEFAULT
137.4759,-34.1145,-11.2619,0.000,NORMAL,1,ROUTE,,,,,PREVIEW_DEFAULT
137.5759,-34.1512,-11.3549,0.000,NORMAL,1,ROUTE,,,,,PREVIEW_DEFAULT
137.6759,-34.1879,-11.4480,0.000,NORMAL,1,ROUTE,,,,,PREVIEW_DEFAULT
137.7759,-34.2245,-11.5410,0.000,NORMAL,1,ROUTE,,,,,PREVIEW_DEFAULT
137.8758,-34.2611,-11.6340,0.000,NORMAL,1,ROUTE,,,,,PREVIEW_DEFAULT
137.9758,-34.2976,-11.7271,0.000,NORMAL,1,ROUTE,,,,,PREVIEW_DEFAULT
138.0758,-34.3341,-11.8202,0.000,NORMAL,1,ROUTE,,,,,PREVIEW_DEFAULT
138.1759,-34.3704,-11.9134,0.000,NORMAL,1,ROUTE,,,,,PREVIEW_DEFAULT
138.2758,-34.4067,-12.0065,0.000,NORMAL,1,ROUTE,,,,,PREVIEW_DEFAULT
138.3758,-34.4430,-12.0997,0.000,NORMAL,1,ROUTE,,,,,PREVIEW_DEFAULT
138.4757,-34.4793,-12.1928,0.000,NORMAL,1,ROUTE,,,,,PREVIEW_DEFAULT
138.5758,-34.5157,-12.2860,0.000,NORMAL,1,ROUTE,,,,,PREVIEW_DEFAULT
138.6757,-34.5521,-12.3791,0.000,NORMAL,1,ROUTE,,,,,PREVIEW_DEFAULT
138.7757,-34.5886,-12.4722,0.000,NORMAL,1,ROUTE,,,,,PREVIEW_DEFAULT
138.8757,-34.6253,-12.5652,0.000,NORMAL,1,ROUTE,,,,,PREVIEW_DEFAULT
138.9756,-34.6621,-12.6581,0.000,NORMAL,1,ROUTE,,,,,PREVIEW_DEFAULT
139.0756,-34.6991,-12.7510,0.000,NORMAL,1,ROUTE,,,,,PREVIEW_DEFAULT
139.1756,-34.7363,-12.8438,0.000,NORMAL,1,ROUTE,,,,,PREVIEW_DEFAULT
139.2756,-34.7736,-12.9366,0.000,NORMAL,1,ROUTE,,,,,PREVIEW_DEFAULT
139.3756,-34.8110,-13.0293,0.000,NORMAL,1,ROUTE,,,,,PREVIEW_DEFAULT
139.4756,-34.8485,-13.1220,0.000,NORMAL,1,ROUTE,,,,,PREVIEW_DEFAULT
139.5755,-34.8861,-13.2146,0.000,NORMAL,1,ROUTE,,,,,PREVIEW_DEFAULT
139.6756,-34.9238,-13.3073,0.000,NORMAL,1,ROUTE,,,,,PREVIEW_DEFAULT
139.7756,-34.9615,-13.3999,0.000,NORMAL,1,ROUTE,,,,,PREVIEW_DEFAULT
139.8756,-34.9992,-13.4925,0.000,NORMAL,1,ROUTE,,,,,PREVIEW_DEFAULT
139.9755,-35.0370,-13.5850,0.000,NORMAL,1,ROUTE,,,,,PREVIEW_DEFAULT
140.0755,-35.0748,-13.6776,0.000,NORMAL,1,ROUTE,,,,,PREVIEW_DEFAULT
140.1755,-35.1127,-13.7701,0.000,NORMAL,1,ROUTE,,,,,PREVIEW_DEFAULT
140.2755,-35.1507,-13.8626,0.000,NORMAL,1,ROUTE,,,,,PREVIEW_DEFAULT
140.3754,-35.1888,-13.9550,0.000,NORMAL,1,ROUTE,,,,,PREVIEW_DEFAULT
140.4754,-35.2270,-14.0474,0.000,NORMAL,1,ROUTE,,,,,PREVIEW_DEFAULT
140.5700,-35.2633,-14.1347,0.000,TRAFFIC,1,TRAFFIC,TRAFFIC_1_RED_STOP,STOP_IF_CONDITION,TRAFFIC_LIGHT_RED,,PREVIEW_DEFAULT
140.5754,-35.2654,-14.1397,0.000,TRAFFIC,1,TRAFFIC,,,TRAFFIC_LIGHT_RED,,PREVIEW_DEFAULT
140.6754,-35.3040,-14.2320,0.000,TRAFFIC,1,TRAFFIC,,,TRAFFIC_LIGHT_RED,,PREVIEW_DEFAULT
140.7753,-35.3427,-14.3241,0.000,TRAFFIC,1,TRAFFIC,,,TRAFFIC_LIGHT_RED,,PREVIEW_DEFAULT
140.8754,-35.3816,-14.4163,0.000,TRAFFIC,1,TRAFFIC,,,TRAFFIC_LIGHT_RED,,PREVIEW_DEFAULT
140.9753,-35.4206,-14.5083,0.000,TRAFFIC,1,TRAFFIC,,,TRAFFIC_LIGHT_RED,,PREVIEW_DEFAULT
141.0753,-35.4596,-14.6004,0.000,TRAFFIC,1,TRAFFIC,,,TRAFFIC_LIGHT_RED,,PREVIEW_DEFAULT
141.1753,-35.4987,-14.6924,0.000,TRAFFIC,1,TRAFFIC,,,TRAFFIC_LIGHT_RED,,PREVIEW_DEFAULT
141.2753,-35.5379,-14.7844,0.000,TRAFFIC,1,TRAFFIC,,,TRAFFIC_LIGHT_RED,,PREVIEW_DEFAULT
141.3753,-35.5771,-14.8764,0.000,TRAFFIC,1,TRAFFIC,,,TRAFFIC_LIGHT_RED,,PREVIEW_DEFAULT
141.4752,-35.6163,-14.9683,0.000,TRAFFIC,1,TRAFFIC,,,TRAFFIC_LIGHT_RED,,PREVIEW_DEFAULT
141.5753,-35.6556,-15.0603,0.000,TRAFFIC,1,TRAFFIC,,,TRAFFIC_LIGHT_RED,,PREVIEW_DEFAULT
141.6752,-35.6949,-15.1522,0.000,TRAFFIC,1,TRAFFIC,,,TRAFFIC_LIGHT_RED,,PREVIEW_DEFAULT
141.7752,-35.7343,-15.2441,0.000,TRAFFIC,1,TRAFFIC,,,TRAFFIC_LIGHT_RED,,PREVIEW_DEFAULT
141.8751,-35.7738,-15.3359,0.000,TRAFFIC,1,TRAFFIC,,,TRAFFIC_LIGHT_RED,,PREVIEW_DEFAULT
141.9752,-35.8134,-15.4278,0.000,TRAFFIC,1,TRAFFIC,,,TRAFFIC_LIGHT_RED,,PREVIEW_DEFAULT
142.0751,-35.8530,-15.5195,0.000,TRAFFIC,1,TRAFFIC,,,TRAFFIC_LIGHT_RED,,PREVIEW_DEFAULT
142.1752,-35.8929,-15.6113,0.000,TRAFFIC,1,TRAFFIC,,,TRAFFIC_LIGHT_RED,,PREVIEW_DEFAULT
142.2751,-35.9328,-15.7029,0.000,TRAFFIC,1,TRAFFIC,,,TRAFFIC_LIGHT_RED,,PREVIEW_DEFAULT
142.3751,-35.9730,-15.7945,0.000,TRAFFIC,1,TRAFFIC,,,TRAFFIC_LIGHT_RED,,PREVIEW_DEFAULT
142.4751,-36.0134,-15.8859,0.000,TRAFFIC,1,TRAFFIC,,,TRAFFIC_LIGHT_RED,,PREVIEW_DEFAULT
142.5751,-36.0540,-15.9773,0.000,TRAFFIC,1,TRAFFIC,,,TRAFFIC_LIGHT_RED,,PREVIEW_DEFAULT
142.6750,-36.0949,-16.0685,0.000,TRAFFIC,1,TRAFFIC,,,TRAFFIC_LIGHT_RED,,PREVIEW_DEFAULT
142.7210,-36.1137,-16.1104,0.000,TRAFFIC,1,TRAFFIC,TRAFFIC_1_RED_STOP_END,,TRAFFIC_LIGHT_RED,,PREVIEW_DEFAULT
142.7751,-36.1360,-16.1597,0.000,TRAFFIC,1,TRAFFIC,,,TRAFFIC_LIGHT_RED,,PREVIEW_DEFAULT
142.8750,-36.1773,-16.2507,0.000,TRAFFIC,1,TRAFFIC,,,TRAFFIC_LIGHT_RED,,PREVIEW_DEFAULT
142.9354,-36.2020,-16.3058,0.000,NORMAL,1,ROUTE,,,,,PREVIEW_DEFAULT
142.9751,-36.2180,-16.3421,0.000,NORMAL,1,ROUTE,,,,,PREVIEW_DEFAULT
143.0750,-36.2576,-16.4339,0.000,NORMAL,1,ROUTE,,,,,PREVIEW_DEFAULT
143.1749,-36.2963,-16.5260,0.000,NORMAL,1,ROUTE,,,,,PREVIEW_DEFAULT
143.2750,-36.3344,-16.6185,0.000,NORMAL,1,ROUTE,,,,,PREVIEW_DEFAULT
143.3749,-36.3717,-16.7112,0.000,NORMAL,1,ROUTE,,,,,PREVIEW_DEFAULT
143.4749,-36.4084,-16.8042,0.000,NORMAL,1,ROUTE,,,,,PREVIEW_DEFAULT
143.5749,-36.4446,-16.8974,0.000,NORMAL,1,ROUTE,,,,,PREVIEW_DEFAULT
143.6749,-36.4804,-16.9908,0.000,NORMAL,1,ROUTE,,,,,PREVIEW_DEFAULT
143.7748,-36.5157,-17.0843,0.000,NORMAL,1,ROUTE,,,,,PREVIEW_DEFAULT
143.8748,-36.5507,-17.1780,0.000,NORMAL,1,ROUTE,,,,,PREVIEW_DEFAULT
143.9748,-36.5855,-17.2717,0.000,NORMAL,1,ROUTE,,,,,PREVIEW_DEFAULT
144.0748,-36.6201,-17.3655,0.000,NORMAL,1,ROUTE,,,,,PREVIEW_DEFAULT
144.1748,-36.6547,-17.4593,0.000,NORMAL,1,ROUTE,,,,,PREVIEW_DEFAULT
144.2747,-36.6893,-17.5531,0.000,NORMAL,1,ROUTE,,,,,PREVIEW_DEFAULT
144.3747,-36.7240,-17.6469,0.000,NORMAL,1,ROUTE,,,,,PREVIEW_DEFAULT
144.4748,-36.7590,-17.7406,0.000,NORMAL,1,ROUTE,,,,,PREVIEW_DEFAULT
144.5748,-36.7942,-17.8342,0.000,NORMAL,1,ROUTE,,,,,PREVIEW_DEFAULT
144.6747,-36.8297,-17.9276,0.000,NORMAL,1,ROUTE,,,,,PREVIEW_DEFAULT
144.7747,-36.8656,-18.0209,0.000,NORMAL,1,ROUTE,,,,,PREVIEW_DEFAULT
144.8747,-36.9019,-18.1141,0.000,NORMAL,1,ROUTE,,,,,PREVIEW_DEFAULT
144.9747,-36.9386,-18.2071,0.000,NORMAL,1,ROUTE,,,,,PREVIEW_DEFAULT
145.0746,-36.9757,-18.2999,0.000,NORMAL,1,ROUTE,,,,,PREVIEW_DEFAULT
145.1746,-37.0132,-18.3926,0.000,NORMAL,1,ROUTE,,,,,PREVIEW_DEFAULT
145.2746,-37.0510,-18.4852,0.000,NORMAL,1,ROUTE,,,,,PREVIEW_DEFAULT
145.3746,-37.0891,-18.5776,0.000,NORMAL,1,ROUTE,,,,,PREVIEW_DEFAULT
145.4746,-37.1274,-18.6700,0.000,NORMAL,1,ROUTE,,,,,PREVIEW_DEFAULT
145.5745,-37.1660,-18.7622,0.000,NORMAL,1,ROUTE,,,,,PREVIEW_DEFAULT
145.6745,-37.2046,-18.8544,0.000,NORMAL,1,ROUTE,,,,,PREVIEW_DEFAULT
145.7745,-37.2434,-18.9466,0.000,NORMAL,1,ROUTE,,,,,PREVIEW_DEFAULT
145.8745,-37.2824,-19.0387,0.000,NORMAL,1,ROUTE,,,,,PREVIEW_DEFAULT
145.9745,-37.3214,-19.1307,0.000,NORMAL,1,ROUTE,,,,,PREVIEW_DEFAULT
146.0745,-37.3605,-19.2228,0.000,NORMAL,1,ROUTE,,,,,PREVIEW_DEFAULT
146.1745,-37.3996,-19.3148,0.000,NORMAL,1,ROUTE,,,,,PREVIEW_DEFAULT
146.2744,-37.4388,-19.4067,0.000,NORMAL,1,ROUTE,,,,,PREVIEW_DEFAULT
146.3744,-37.4781,-19.4987,0.000,NORMAL,1,ROUTE,,,,,PREVIEW_DEFAULT
146.4744,-37.5174,-19.5906,0.000,NORMAL,1,ROUTE,,,,,PREVIEW_DEFAULT
146.5744,-37.5567,-19.6826,0.000,NORMAL,1,ROUTE,,,,,PREVIEW_DEFAULT
146.6743,-37.5959,-19.7745,0.000,NORMAL,1,ROUTE,,,,,PREVIEW_DEFAULT
146.7744,-37.6352,-19.8665,0.000,NORMAL,1,ROUTE,,,,,PREVIEW_DEFAULT
146.8743,-37.6743,-19.9585,0.000,NORMAL,1,ROUTE,,,,,PREVIEW_DEFAULT
146.9743,-37.7134,-20.0505,0.000,NORMAL,1,ROUTE,,,,,PREVIEW_DEFAULT
147.0743,-37.7524,-20.1426,0.000,NORMAL,1,ROUTE,,,,,PREVIEW_DEFAULT
147.1743,-37.7912,-20.2347,0.000,NORMAL,1,ROUTE,,,,,PREVIEW_DEFAULT
147.2743,-37.8299,-20.3269,0.000,NORMAL,1,ROUTE,,,,,PREVIEW_DEFAULT
147.3743,-37.8684,-20.4192,0.000,NORMAL,1,ROUTE,,,,,PREVIEW_DEFAULT
147.4742,-37.9068,-20.5115,0.000,NORMAL,1,ROUTE,,,,,PREVIEW_DEFAULT
147.5742,-37.9449,-20.6039,0.000,NORMAL,1,ROUTE,,,,,PREVIEW_DEFAULT
147.6742,-37.9829,-20.6964,0.000,NORMAL,1,ROUTE,,,,,PREVIEW_DEFAULT
147.7742,-38.0206,-20.7890,0.000,NORMAL,1,ROUTE,,,,,PREVIEW_DEFAULT
147.8742,-38.0581,-20.8817,0.000,NORMAL,1,ROUTE,,,,,PREVIEW_DEFAULT
147.9742,-38.0954,-20.9745,0.000,NORMAL,1,ROUTE,,,,,PREVIEW_DEFAULT
148.0741,-38.1325,-21.0673,0.000,NORMAL,1,ROUTE,,,,,PREVIEW_DEFAULT
148.1741,-38.1694,-21.1602,0.000,NORMAL,1,ROUTE,,,,,PREVIEW_DEFAULT
148.2741,-38.2061,-21.2532,0.000,NORMAL,1,ROUTE,,,,,PREVIEW_DEFAULT
148.3741,-38.2427,-21.3463,0.000,NORMAL,1,ROUTE,,,,,PREVIEW_DEFAULT
148.4741,-38.2791,-21.4394,0.000,NORMAL,1,ROUTE,,,,,PREVIEW_DEFAULT
148.5741,-38.3154,-21.5326,0.000,NORMAL,1,ROUTE,,,,,PREVIEW_DEFAULT
148.6741,-38.3516,-21.6258,0.000,NORMAL,1,ROUTE,,,,,PREVIEW_DEFAULT
148.7740,-38.3877,-21.7190,0.000,NORMAL,1,ROUTE,,,,,PREVIEW_DEFAULT
148.8740,-38.4237,-21.8123,0.000,NORMAL,1,ROUTE,,,,,PREVIEW_DEFAULT
148.9739,-38.4597,-21.9055,0.000,NORMAL,1,ROUTE,,,,,PREVIEW_DEFAULT
149.0739,-38.4957,-21.9988,0.000,NORMAL,1,ROUTE,,,,,PREVIEW_DEFAULT
149.1739,-38.5317,-22.0921,0.000,NORMAL,1,ROUTE,,,,,PREVIEW_DEFAULT
149.2739,-38.5677,-22.1854,0.000,NORMAL,1,ROUTE,,,,,PREVIEW_DEFAULT
149.3739,-38.6037,-22.2787,0.000,NORMAL,1,ROUTE,,,,,PREVIEW_DEFAULT
149.4739,-38.6397,-22.3719,0.000,NORMAL,1,ROUTE,,,,,PREVIEW_DEFAULT
149.5739,-38.6758,-22.4652,0.000,NORMAL,1,ROUTE,,,,,PREVIEW_DEFAULT
149.6738,-38.7119,-22.5584,0.000,NORMAL,1,ROUTE,,,,,PREVIEW_DEFAULT
149.7738,-38.7480,-22.6516,0.000,NORMAL,1,ROUTE,,,,,PREVIEW_DEFAULT
149.8738,-38.7843,-22.7448,0.000,NORMAL,1,ROUTE,,,,,PREVIEW_DEFAULT
149.9738,-38.8205,-22.8380,0.000,NORMAL,1,ROUTE,,,,,PREVIEW_DEFAULT
150.0738,-38.8568,-22.9312,0.000,NORMAL,1,ROUTE,,,,,PREVIEW_DEFAULT
150.1738,-38.8930,-23.0244,0.000,NORMAL,1,ROUTE,,,,,PREVIEW_DEFAULT
150.2737,-38.9293,-23.1175,0.000,NORMAL,1,ROUTE,,,,,PREVIEW_DEFAULT
150.3737,-38.9655,-23.2107,0.000,NORMAL,1,ROUTE,,,,,PREVIEW_DEFAULT
150.4737,-39.0017,-23.3039,0.000,NORMAL,1,ROUTE,,,,,PREVIEW_DEFAULT
150.5737,-39.0378,-23.3972,0.000,NORMAL,1,ROUTE,,,,,PREVIEW_DEFAULT
150.6736,-39.0738,-23.4904,0.000,NORMAL,1,ROUTE,,,,,PREVIEW_DEFAULT
150.7737,-39.1097,-23.5838,0.000,NORMAL,1,ROUTE,,,,,PREVIEW_DEFAULT
150.8736,-39.1454,-23.6771,0.000,NORMAL,1,ROUTE,,,,,PREVIEW_DEFAULT
150.9736,-39.1810,-23.7706,0.000,NORMAL,1,ROUTE,,,,,PREVIEW_DEFAULT
151.0736,-39.2164,-23.8641,0.000,NORMAL,1,ROUTE,,,,,PREVIEW_DEFAULT
151.1736,-39.2517,-23.9576,0.000,NORMAL,1,ROUTE,,,,,PREVIEW_DEFAULT
151.2736,-39.2868,-24.0513,0.000,NORMAL,1,ROUTE,,,,,PREVIEW_DEFAULT
151.3735,-39.3217,-24.1449,0.000,NORMAL,1,ROUTE,,,,,PREVIEW_DEFAULT
151.4736,-39.3565,-24.2387,0.000,NORMAL,1,ROUTE,,,,,PREVIEW_DEFAULT
151.5736,-39.3912,-24.3325,0.000,NORMAL,1,ROUTE,,,,,PREVIEW_DEFAULT
151.6735,-39.4258,-24.4262,0.000,NORMAL,1,ROUTE,,,,,PREVIEW_DEFAULT
151.7734,-39.4604,-24.5200,0.000,NORMAL,1,ROUTE,,,,,PREVIEW_DEFAULT
151.8735,-39.4951,-24.6138,0.000,NORMAL,1,ROUTE,,,,,PREVIEW_DEFAULT
151.9735,-39.5298,-24.7076,0.000,NORMAL,1,ROUTE,,,,,PREVIEW_DEFAULT
152.0734,-39.5646,-24.8013,0.000,NORMAL,1,ROUTE,,,,,PREVIEW_DEFAULT
152.1734,-39.5996,-24.8950,0.000,NORMAL,1,ROUTE,,,,,PREVIEW_DEFAULT
152.2734,-39.6348,-24.9886,0.000,NORMAL,1,ROUTE,,,,,PREVIEW_DEFAULT
152.3734,-39.6701,-25.0821,0.000,NORMAL,1,ROUTE,,,,,PREVIEW_DEFAULT
152.4734,-39.7056,-25.1756,0.000,NORMAL,1,ROUTE,,,,,PREVIEW_DEFAULT
152.5734,-39.7412,-25.2690,0.000,NORMAL,1,ROUTE,,,,,PREVIEW_DEFAULT
152.6734,-39.7770,-25.3624,0.000,NORMAL,1,ROUTE,,,,,PREVIEW_DEFAULT
152.7733,-39.8127,-25.4557,0.000,NORMAL,1,ROUTE,,,,,PREVIEW_DEFAULT
152.8733,-39.8486,-25.5491,0.000,NORMAL,1,ROUTE,,,,,PREVIEW_DEFAULT
152.9733,-39.8844,-25.6424,0.000,NORMAL,1,ROUTE,,,,,PREVIEW_DEFAULT
153.0733,-39.9202,-25.7358,0.000,NORMAL,1,ROUTE,,,,,PREVIEW_DEFAULT
153.1733,-39.9559,-25.8292,0.000,NORMAL,1,ROUTE,,,,,PREVIEW_DEFAULT
153.2733,-39.9916,-25.9226,0.000,NORMAL,1,ROUTE,,,,,PREVIEW_DEFAULT
153.3732,-40.0271,-26.0160,0.000,NORMAL,1,ROUTE,,,,,PREVIEW_DEFAULT
153.4732,-40.0625,-26.1095,0.000,NORMAL,1,ROUTE,,,,,PREVIEW_DEFAULT
153.5732,-40.0978,-26.2031,0.000,NORMAL,1,ROUTE,,,,,PREVIEW_DEFAULT
153.6731,-40.1331,-26.2966,0.000,NORMAL,1,ROUTE,,,,,PREVIEW_DEFAULT
153.7731,-40.1682,-26.3902,0.000,NORMAL,1,ROUTE,,,,,PREVIEW_DEFAULT
153.8731,-40.2032,-26.4839,0.000,NORMAL,1,ROUTE,,,,,PREVIEW_DEFAULT
153.9732,-40.2382,-26.5776,0.000,NORMAL,1,ROUTE,,,,,PREVIEW_DEFAULT
154.0731,-40.2731,-26.6712,0.000,NORMAL,1,ROUTE,,,,,PREVIEW_DEFAULT
154.1731,-40.3081,-26.7649,0.000,NORMAL,1,ROUTE,,,,,PREVIEW_DEFAULT
154.2731,-40.3431,-26.8586,0.000,NORMAL,1,ROUTE,,,,,PREVIEW_DEFAULT
154.3730,-40.3781,-26.9522,0.000,NORMAL,1,ROUTE,,,,,PREVIEW_DEFAULT
154.4730,-40.4133,-27.0458,0.000,NORMAL,1,ROUTE,,,,,PREVIEW_DEFAULT
154.5730,-40.4486,-27.1393,0.000,NORMAL,1,ROUTE,,,,,PREVIEW_DEFAULT
154.6730,-40.4841,-27.2328,0.000,NORMAL,1,ROUTE,,,,,PREVIEW_DEFAULT
154.7729,-40.5197,-27.3262,0.000,NORMAL,1,ROUTE,,,,,PREVIEW_DEFAULT
154.8730,-40.5556,-27.4196,0.000,NORMAL,1,ROUTE,,,,,PREVIEW_DEFAULT
154.9729,-40.5916,-27.5128,0.000,NORMAL,1,ROUTE,,,,,PREVIEW_DEFAULT
155.0729,-40.6278,-27.6060,0.000,NORMAL,1,ROUTE,,,,,PREVIEW_DEFAULT
155.1730,-40.6642,-27.6992,0.000,NORMAL,1,ROUTE,,,,,PREVIEW_DEFAULT
155.2729,-40.7007,-27.7922,0.000,NORMAL,1,ROUTE,,,,,PREVIEW_DEFAULT
155.3729,-40.7373,-27.8853,0.000,NORMAL,1,ROUTE,,,,,PREVIEW_DEFAULT
155.4729,-40.7740,-27.9783,0.000,NORMAL,1,ROUTE,,,,,PREVIEW_DEFAULT
155.5728,-40.8108,-28.0712,0.000,NORMAL,1,ROUTE,,,,,PREVIEW_DEFAULT
155.6729,-40.8477,-28.1642,0.000,NORMAL,1,ROUTE,,,,,PREVIEW_DEFAULT
155.7728,-40.8847,-28.2571,0.000,NORMAL,1,ROUTE,,,,,PREVIEW_DEFAULT
155.8728,-40.9217,-28.3499,0.000,NORMAL,1,ROUTE,,,,,PREVIEW_DEFAULT
155.9728,-40.9588,-28.4428,0.000,NORMAL,1,ROUTE,,,,,PREVIEW_DEFAULT
156.0728,-40.9961,-28.5356,0.000,NORMAL,1,ROUTE,,,,,PREVIEW_DEFAULT
156.1727,-41.0334,-28.6283,0.000,NORMAL,1,ROUTE,,,,,PREVIEW_DEFAULT
156.2727,-41.0709,-28.7210,0.000,NORMAL,1,ROUTE,,,,,PREVIEW_DEFAULT
156.3727,-41.1086,-28.8136,0.000,NORMAL,1,ROUTE,,,,,PREVIEW_DEFAULT
156.4727,-41.1464,-28.9062,0.000,NORMAL,1,ROUTE,,,,,PREVIEW_DEFAULT
156.5727,-41.1845,-28.9986,0.000,NORMAL,1,ROUTE,,,,,PREVIEW_DEFAULT
156.6727,-41.2227,-29.0910,0.000,NORMAL,1,ROUTE,,,,,PREVIEW_DEFAULT
156.7727,-41.2612,-29.1833,0.000,NORMAL,1,ROUTE,,,,,PREVIEW_DEFAULT
156.8726,-41.2998,-29.2755,0.000,NORMAL,1,ROUTE,,,,,PREVIEW_DEFAULT
156.9726,-41.3387,-29.3676,0.000,NORMAL,1,ROUTE,,,,,PREVIEW_DEFAULT
157.0726,-41.3779,-29.4596,0.000,NORMAL,1,ROUTE,,,,,PREVIEW_DEFAULT
157.1725,-41.4172,-29.5515,0.000,NORMAL,1,ROUTE,,,,,PREVIEW_DEFAULT
157.2726,-41.4567,-29.6434,0.000,NORMAL,1,ROUTE,,,,,PREVIEW_DEFAULT
157.3726,-41.4963,-29.7352,0.000,NORMAL,1,ROUTE,,,,,PREVIEW_DEFAULT
157.4725,-41.5361,-29.8269,0.000,NORMAL,1,ROUTE,,,,,PREVIEW_DEFAULT
157.5725,-41.5759,-29.9186,0.000,NORMAL,1,ROUTE,,,,,PREVIEW_DEFAULT
157.6725,-41.6158,-30.0103,0.000,NORMAL,1,ROUTE,,,,,PREVIEW_DEFAULT
157.7725,-41.6556,-30.1020,0.000,NORMAL,1,ROUTE,,,,,PREVIEW_DEFAULT
157.8725,-41.6953,-30.1938,0.000,NORMAL,1,ROUTE,,,,,PREVIEW_DEFAULT
157.9724,-41.7348,-30.2856,0.000,NORMAL,1,ROUTE,,,,,PREVIEW_DEFAULT
158.0724,-41.7742,-30.3775,0.000,NORMAL,1,ROUTE,,,,,PREVIEW_DEFAULT
158.1725,-41.8133,-30.4696,0.000,NORMAL,1,ROUTE,,,,,PREVIEW_DEFAULT
158.2724,-41.8521,-30.5617,0.000,NORMAL,1,ROUTE,,,,,PREVIEW_DEFAULT
158.3724,-41.8906,-30.6540,0.000,NORMAL,1,ROUTE,,,,,PREVIEW_DEFAULT
158.4723,-41.9287,-30.7464,0.000,NORMAL,1,ROUTE,,,,,PREVIEW_DEFAULT
158.5723,-41.9664,-30.8390,0.000,NORMAL,1,ROUTE,,,,,PREVIEW_DEFAULT
158.6723,-42.0037,-30.9318,0.000,NORMAL,1,ROUTE,,,,,PREVIEW_DEFAULT
158.7723,-42.0406,-31.0247,0.000,NORMAL,1,ROUTE,,,,,PREVIEW_DEFAULT
158.8723,-42.0771,-31.1178,0.000,NORMAL,1,ROUTE,,,,,PREVIEW_DEFAULT
158.9723,-42.1133,-31.2110,0.000,NORMAL,1,ROUTE,,,,,PREVIEW_DEFAULT
159.0722,-42.1491,-31.3043,0.000,NORMAL,1,ROUTE,,,,,PREVIEW_DEFAULT
159.1722,-42.1846,-31.3978,0.000,NORMAL,1,ROUTE,,,,,PREVIEW_DEFAULT
159.2722,-42.2199,-31.4913,0.000,NORMAL,1,ROUTE,,,,,PREVIEW_DEFAULT
159.3722,-42.2550,-31.5850,0.000,NORMAL,1,ROUTE,,,,,PREVIEW_DEFAULT
159.4721,-42.2899,-31.6786,0.000,NORMAL,1,ROUTE,,,,,PREVIEW_DEFAULT
159.5722,-42.3247,-31.7724,0.000,NORMAL,1,ROUTE,,,,,PREVIEW_DEFAULT
159.6721,-42.3595,-31.8661,0.000,NORMAL,1,ROUTE,,,,,PREVIEW_DEFAULT
159.7721,-42.3942,-31.9599,0.000,NORMAL,1,ROUTE,,,,,PREVIEW_DEFAULT
159.8721,-42.4290,-32.0536,0.000,NORMAL,1,ROUTE,,,,,PREVIEW_DEFAULT
159.9721,-42.4638,-32.1474,0.000,NORMAL,1,ROUTE,,,,,PREVIEW_DEFAULT
160.0720,-42.4987,-32.2410,0.000,NORMAL,1,ROUTE,,,,,PREVIEW_DEFAULT
160.1721,-42.5338,-32.3347,0.000,NORMAL,1,ROUTE,,,,,PREVIEW_DEFAULT
160.2720,-42.5690,-32.4282,0.000,NORMAL,1,ROUTE,,,,,PREVIEW_DEFAULT
160.3720,-42.6045,-32.5217,0.000,NORMAL,1,ROUTE,,,,,PREVIEW_DEFAULT
160.4720,-42.6402,-32.6151,0.000,NORMAL,1,ROUTE,,,,,PREVIEW_DEFAULT
160.5720,-42.6761,-32.7084,0.000,NORMAL,1,ROUTE,,,,,PREVIEW_DEFAULT
160.6720,-42.7124,-32.8016,0.000,NORMAL,1,ROUTE,,,,,PREVIEW_DEFAULT
160.7720,-42.7489,-32.8947,0.000,NORMAL,1,ROUTE,,,,,PREVIEW_DEFAULT
160.8719,-42.7857,-32.9876,0.000,NORMAL,1,ROUTE,,,,,PREVIEW_DEFAULT
160.9719,-42.8228,-33.0805,0.000,NORMAL,1,ROUTE,,,,,PREVIEW_DEFAULT
161.0719,-42.8602,-33.1732,0.000,NORMAL,1,ROUTE,,,,,PREVIEW_DEFAULT
161.1719,-42.8979,-33.2658,0.000,NORMAL,1,ROUTE,,,,,PREVIEW_DEFAULT
161.2718,-42.9358,-33.3583,0.000,NORMAL,1,ROUTE,,,,,PREVIEW_DEFAULT
161.3718,-42.9740,-33.4507,0.000,NORMAL,1,ROUTE,,,,,PREVIEW_DEFAULT
161.4718,-43.0125,-33.5430,0.000,NORMAL,1,ROUTE,,,,,PREVIEW_DEFAULT
161.5718,-43.0511,-33.6352,0.000,NORMAL,1,ROUTE,,,,,PREVIEW_DEFAULT
161.6718,-43.0900,-33.7273,0.000,NORMAL,1,ROUTE,,,,,PREVIEW_DEFAULT
161.7718,-43.1290,-33.8194,0.000,NORMAL,1,ROUTE,,,,,PREVIEW_DEFAULT
161.8718,-43.1681,-33.9114,0.000,NORMAL,1,ROUTE,,,,,PREVIEW_DEFAULT
161.9718,-43.2073,-34.0034,0.000,NORMAL,1,ROUTE,,,,,PREVIEW_DEFAULT
162.0717,-43.2466,-34.0953,0.000,NORMAL,1,ROUTE,,,,,PREVIEW_DEFAULT
162.1717,-43.2860,-34.1872,0.000,NORMAL,1,ROUTE,,,,,PREVIEW_DEFAULT
162.2717,-43.3253,-34.2792,0.000,NORMAL,1,ROUTE,,,,,PREVIEW_DEFAULT
162.3717,-43.3646,-34.3711,0.000,NORMAL,1,ROUTE,,,,,PREVIEW_DEFAULT
162.4716,-43.4039,-34.4630,0.000,NORMAL,1,ROUTE,,,,,PREVIEW_DEFAULT
162.5717,-43.4432,-34.5550,0.000,NORMAL,1,ROUTE,,,,,PREVIEW_DEFAULT
162.6716,-43.4823,-34.6470,0.000,NORMAL,1,ROUTE,,,,,PREVIEW_DEFAULT
162.7716,-43.5214,-34.7390,0.000,NORMAL,1,ROUTE,,,,,PREVIEW_DEFAULT
162.8716,-43.5604,-34.8311,0.000,NORMAL,1,ROUTE,,,,,PREVIEW_DEFAULT
162.9716,-43.5993,-34.9232,0.000,NORMAL,1,ROUTE,,,,,PREVIEW_DEFAULT
163.0715,-43.6381,-35.0153,0.000,NORMAL,1,ROUTE,,,,,PREVIEW_DEFAULT
163.1715,-43.6768,-35.1075,0.000,NORMAL,1,ROUTE,,,,,PREVIEW_DEFAULT
163.2715,-43.7153,-35.1998,0.000,NORMAL,1,ROUTE,,,,,PREVIEW_DEFAULT
163.3715,-43.7539,-35.2920,0.000,NORMAL,1,ROUTE,,,,,PREVIEW_DEFAULT
163.4715,-43.7923,-35.3843,0.000,NORMAL,1,ROUTE,,,,,PREVIEW_DEFAULT
163.5715,-43.8307,-35.4767,0.000,NORMAL,1,ROUTE,,,,,PREVIEW_DEFAULT
163.6715,-43.8690,-35.5690,0.000,NORMAL,1,ROUTE,,,,,PREVIEW_DEFAULT
163.7714,-43.9073,-35.6613,0.000,NORMAL,1,ROUTE,,,,,PREVIEW_DEFAULT
163.8715,-43.9457,-35.7537,0.000,NORMAL,1,ROUTE,,,,,PREVIEW_DEFAULT
163.9714,-43.9840,-35.8460,0.000,NORMAL,1,ROUTE,,,,,PREVIEW_DEFAULT
164.0714,-44.0224,-35.9383,0.000,NORMAL,1,ROUTE,,,,,PREVIEW_DEFAULT
164.1713,-44.0608,-36.0306,0.000,NORMAL,1,ROUTE,,,,,PREVIEW_DEFAULT
164.2713,-44.0993,-36.1229,0.000,NORMAL,1,ROUTE,,,,,PREVIEW_DEFAULT
164.3714,-44.1379,-36.2152,0.000,NORMAL,1,ROUTE,,,,,PREVIEW_DEFAULT
164.4713,-44.1765,-36.3074,0.000,NORMAL,1,ROUTE,,,,,PREVIEW_DEFAULT
164.5713,-44.2152,-36.3996,0.000,NORMAL,1,ROUTE,,,,,PREVIEW_DEFAULT
164.6713,-44.2540,-36.4917,0.000,NORMAL,1,ROUTE,,,,,PREVIEW_DEFAULT
164.7712,-44.2929,-36.5838,0.000,NORMAL,1,ROUTE,,,,,PREVIEW_DEFAULT
164.8713,-44.3319,-36.6759,0.000,NORMAL,1,ROUTE,,,,,PREVIEW_DEFAULT
164.9713,-44.3709,-36.7680,0.000,NORMAL,1,ROUTE,,,,,PREVIEW_DEFAULT
165.0712,-44.4100,-36.8600,0.000,NORMAL,1,ROUTE,,,,,PREVIEW_DEFAULT
165.1712,-44.4492,-36.9520,0.000,NORMAL,1,ROUTE,,,,,PREVIEW_DEFAULT
165.2712,-44.4884,-37.0440,0.000,NORMAL,1,ROUTE,,,,,PREVIEW_DEFAULT
165.3712,-44.5276,-37.1359,0.000,NORMAL,1,ROUTE,,,,,PREVIEW_DEFAULT
165.4712,-44.5668,-37.2279,0.000,NORMAL,1,ROUTE,,,,,PREVIEW_DEFAULT
165.5711,-44.6059,-37.3199,0.000,NORMAL,1,ROUTE,,,,,PREVIEW_DEFAULT
165.6711,-44.6451,-37.4119,0.000,NORMAL,1,ROUTE,,,,,PREVIEW_DEFAULT
165.7711,-44.6841,-37.5039,0.000,NORMAL,1,ROUTE,,,,,PREVIEW_DEFAULT
165.8711,-44.7231,-37.5960,0.000,NORMAL,1,ROUTE,,,,,PREVIEW_DEFAULT
165.9710,-44.7619,-37.6881,0.000,NORMAL,1,ROUTE,,,,,PREVIEW_DEFAULT
166.0710,-44.8007,-37.7803,0.000,NORMAL,1,ROUTE,,,,,PREVIEW_DEFAULT
166.1710,-44.8393,-37.8725,0.000,NORMAL,1,ROUTE,,,,,PREVIEW_DEFAULT
166.2710,-44.8779,-37.9648,0.000,NORMAL,1,ROUTE,,,,,PREVIEW_DEFAULT
166.3710,-44.9163,-38.0571,0.000,NORMAL,1,ROUTE,,,,,PREVIEW_DEFAULT
166.4709,-44.9546,-38.1494,0.000,NORMAL,1,ROUTE,,,,,PREVIEW_DEFAULT
166.5709,-44.9928,-38.2418,0.000,NORMAL,1,ROUTE,,,,,PREVIEW_DEFAULT
166.6710,-45.0309,-38.3343,0.000,NORMAL,1,ROUTE,,,,,PREVIEW_DEFAULT
166.7709,-45.0690,-38.4267,0.000,NORMAL,1,ROUTE,,,,,PREVIEW_DEFAULT
166.8709,-45.1070,-38.5192,0.000,NORMAL,1,ROUTE,,,,,PREVIEW_DEFAULT
166.9709,-45.1450,-38.6117,0.000,NORMAL,1,ROUTE,,,,,PREVIEW_DEFAULT
167.0709,-45.1830,-38.7042,0.000,NORMAL,1,ROUTE,,,,,PREVIEW_DEFAULT
167.1709,-45.2209,-38.7967,0.000,NORMAL,1,ROUTE,,,,,PREVIEW_DEFAULT
167.2708,-45.2589,-38.8891,0.000,NORMAL,1,ROUTE,,,,,PREVIEW_DEFAULT
167.3708,-45.2970,-38.9816,0.000,NORMAL,1,ROUTE,,,,,PREVIEW_DEFAULT
167.4708,-45.3351,-39.0740,0.000,NORMAL,1,ROUTE,,,,,PREVIEW_DEFAULT
167.5708,-45.3733,-39.1664,0.000,NORMAL,1,ROUTE,,,,,PREVIEW_DEFAULT
167.6707,-45.4115,-39.2588,0.000,NORMAL,1,ROUTE,,,,,PREVIEW_DEFAULT
167.7708,-45.4498,-39.3512,0.000,NORMAL,1,ROUTE,,,,,PREVIEW_DEFAULT
167.8707,-45.4882,-39.4435,0.000,NORMAL,1,ROUTE,,,,,PREVIEW_DEFAULT
167.9708,-45.5265,-39.5359,0.000,NORMAL,1,ROUTE,,,,,PREVIEW_DEFAULT
168.0707,-45.5648,-39.6282,0.000,NORMAL,1,ROUTE,,,,,PREVIEW_DEFAULT
168.1707,-45.6031,-39.7206,0.000,NORMAL,1,ROUTE,,,,,PREVIEW_DEFAULT
168.2707,-45.6413,-39.8130,0.000,NORMAL,1,ROUTE,,,,,PREVIEW_DEFAULT
168.3706,-45.6794,-39.9054,0.000,NORMAL,1,ROUTE,,,,,PREVIEW_DEFAULT
168.4706,-45.7174,-39.9979,0.000,NORMAL,1,ROUTE,,,,,PREVIEW_DEFAULT
168.5706,-45.7553,-40.0904,0.000,NORMAL,1,ROUTE,,,,,PREVIEW_DEFAULT
168.6706,-45.7930,-40.1830,0.000,NORMAL,1,ROUTE,,,,,PREVIEW_DEFAULT
168.7705,-45.8306,-40.2756,0.000,NORMAL,1,ROUTE,,,,,PREVIEW_DEFAULT
168.8705,-45.8681,-40.3683,0.000,NORMAL,1,ROUTE,,,,,PREVIEW_DEFAULT
168.9706,-45.9055,-40.4611,0.000,NORMAL,1,ROUTE,,,,,PREVIEW_DEFAULT
169.0706,-45.9427,-40.5539,0.000,NORMAL,1,ROUTE,,,,,PREVIEW_DEFAULT
169.1705,-45.9799,-40.6467,0.000,NORMAL,1,ROUTE,,,,,PREVIEW_DEFAULT
169.2705,-46.0170,-40.7395,0.000,NORMAL,1,ROUTE,,,,,PREVIEW_DEFAULT
169.3705,-46.0541,-40.8324,0.000,NORMAL,1,ROUTE,,,,,PREVIEW_DEFAULT
169.4704,-46.0911,-40.9252,0.000,NORMAL,1,ROUTE,,,,,PREVIEW_DEFAULT
169.5705,-46.1282,-41.0181,0.000,NORMAL,1,ROUTE,,,,,PREVIEW_DEFAULT
169.6704,-46.1654,-41.1109,0.000,NORMAL,1,ROUTE,,,,,PREVIEW_DEFAULT
169.7704,-46.2026,-41.2037,0.000,NORMAL,1,ROUTE,,,,,PREVIEW_DEFAULT
169.8704,-46.2399,-41.2965,0.000,NORMAL,1,ROUTE,,,,,PREVIEW_DEFAULT
169.9704,-46.2773,-41.3892,0.000,NORMAL,1,ROUTE,,,,,PREVIEW_DEFAULT
170.0703,-46.3149,-41.4818,0.000,NORMAL,1,ROUTE,,,,,PREVIEW_DEFAULT
170.1703,-46.3526,-41.5744,0.000,NORMAL,1,ROUTE,,,,,PREVIEW_DEFAULT
170.2703,-46.3904,-41.6670,0.000,NORMAL,1,ROUTE,,,,,PREVIEW_DEFAULT
170.3703,-46.4284,-41.7595,0.000,NORMAL,1,ROUTE,,,,,PREVIEW_DEFAULT
170.4703,-46.4666,-41.8519,0.000,NORMAL,1,ROUTE,,,,,PREVIEW_DEFAULT
170.5703,-46.5049,-41.9443,0.000,NORMAL,1,ROUTE,,,,,PREVIEW_DEFAULT
170.6703,-46.5433,-42.0366,0.000,NORMAL,1,ROUTE,,,,,PREVIEW_DEFAULT
170.7702,-46.5818,-42.1288,0.000,NORMAL,1,ROUTE,,,,,PREVIEW_DEFAULT
170.8703,-46.6204,-42.2211,0.000,NORMAL,1,ROUTE,,,,,PREVIEW_DEFAULT
170.9702,-46.6591,-42.3132,0.000,NORMAL,1,ROUTE,,,,,PREVIEW_DEFAULT
171.0702,-46.6979,-42.4054,0.000,NORMAL,1,ROUTE,,,,,PREVIEW_DEFAULT
171.1702,-46.7368,-42.4975,0.000,NORMAL,1,ROUTE,,,,,PREVIEW_DEFAULT
171.2702,-46.7758,-42.5896,0.000,NORMAL,1,ROUTE,,,,,PREVIEW_DEFAULT
171.3701,-46.8148,-42.6816,0.000,NORMAL,1,ROUTE,,,,,PREVIEW_DEFAULT
171.4702,-46.8539,-42.7737,0.000,NORMAL,1,ROUTE,,,,,PREVIEW_DEFAULT
171.5701,-46.8930,-42.8657,0.000,NORMAL,1,ROUTE,,,,,PREVIEW_DEFAULT
171.6701,-46.9322,-42.9576,0.000,NORMAL,1,ROUTE,,,,,PREVIEW_DEFAULT
171.7701,-46.9714,-43.0496,0.000,NORMAL,1,ROUTE,,,,,PREVIEW_DEFAULT
171.8701,-47.0107,-43.1416,0.000,NORMAL,1,ROUTE,,,,,PREVIEW_DEFAULT
171.9700,-47.0499,-43.2335,0.000,NORMAL,1,ROUTE,,,,,PREVIEW_DEFAULT
172.0701,-47.0892,-43.3255,0.000,NORMAL,1,ROUTE,,,,,PREVIEW_DEFAULT
172.1700,-47.1286,-43.4174,0.000,NORMAL,1,ROUTE,,,,,PREVIEW_DEFAULT
172.2700,-47.1679,-43.5093,0.000,NORMAL,1,ROUTE,,,,,PREVIEW_DEFAULT
172.3699,-47.2072,-43.6012,0.000,NORMAL,1,ROUTE,,,,,PREVIEW_DEFAULT
172.4699,-47.2466,-43.6931,0.000,NORMAL,1,ROUTE,,,,,PREVIEW_DEFAULT
172.5699,-47.2860,-43.7850,0.000,NORMAL,1,ROUTE,,,,,PREVIEW_DEFAULT
172.6700,-47.3255,-43.8769,0.000,NORMAL,1,ROUTE,,,,,PREVIEW_DEFAULT
172.7699,-47.3650,-43.9687,0.000,NORMAL,1,ROUTE,,,,,PREVIEW_DEFAULT
172.8699,-47.4046,-44.0605,0.000,NORMAL,1,ROUTE,,,,,PREVIEW_DEFAULT
172.9699,-47.4444,-44.1523,0.000,NORMAL,1,ROUTE,,,,,PREVIEW_DEFAULT
173.0698,-47.4842,-44.2439,0.000,NORMAL,1,ROUTE,,,,,PREVIEW_DEFAULT
173.1699,-47.5243,-44.3356,0.000,NORMAL,1,ROUTE,,,,,PREVIEW_DEFAULT
173.2698,-47.5645,-44.4271,0.000,NORMAL,1,ROUTE,,,,,PREVIEW_DEFAULT
173.3698,-47.6048,-44.5186,0.000,NORMAL,1,ROUTE,,,,,PREVIEW_DEFAULT
173.4698,-47.6454,-44.6100,0.000,NORMAL,1,ROUTE,,,,,PREVIEW_DEFAULT
173.5698,-47.6862,-44.7013,0.000,NORMAL,1,ROUTE,,,,,PREVIEW_DEFAULT
173.6698,-47.7271,-44.7925,0.000,NORMAL,1,ROUTE,,,,,PREVIEW_DEFAULT
173.7697,-47.7683,-44.8836,0.000,NORMAL,1,ROUTE,,,,,PREVIEW_DEFAULT
173.8697,-47.8096,-44.9746,0.000,NORMAL,1,ROUTE,,,,,PREVIEW_DEFAULT
173.9697,-47.8512,-45.0656,0.000,NORMAL,1,ROUTE,,,,,PREVIEW_DEFAULT
174.0697,-47.8930,-45.1564,0.000,NORMAL,1,ROUTE,,,,,PREVIEW_DEFAULT
174.1697,-47.9350,-45.2471,0.000,NORMAL,1,ROUTE,,,,,PREVIEW_DEFAULT
174.2697,-47.9772,-45.3378,0.000,NORMAL,1,ROUTE,,,,,PREVIEW_DEFAULT
174.3696,-48.0197,-45.4282,0.000,NORMAL,1,ROUTE,,,,,PREVIEW_DEFAULT
174.4696,-48.0625,-45.5186,0.000,NORMAL,1,ROUTE,,,,,PREVIEW_DEFAULT
174.5696,-48.1057,-45.6088,0.000,NORMAL,1,ROUTE,,,,,PREVIEW_DEFAULT
174.6696,-48.1492,-45.6988,0.000,NORMAL,1,ROUTE,,,,,PREVIEW_DEFAULT
174.7696,-48.1930,-45.7887,0.000,NORMAL,1,ROUTE,,,,,PREVIEW_DEFAULT
174.8695,-48.2373,-45.8783,0.000,NORMAL,1,ROUTE,,,,,PREVIEW_DEFAULT
174.9696,-48.2820,-45.9678,0.000,NORMAL,1,ROUTE,,,,,PREVIEW_DEFAULT
175.0695,-48.3270,-46.0570,0.000,NORMAL,1,ROUTE,,,,,PREVIEW_DEFAULT
175.1695,-48.3725,-46.1461,0.000,NORMAL,1,ROUTE,,,,,PREVIEW_DEFAULT
175.2695,-48.4185,-46.2349,0.000,NORMAL,1,ROUTE,,,,,PREVIEW_DEFAULT
175.3695,-48.4649,-46.3234,0.000,NORMAL,1,ROUTE,,,,,PREVIEW_DEFAULT
175.4694,-48.5118,-46.4117,0.000,NORMAL,1,ROUTE,,,,,PREVIEW_DEFAULT
175.5694,-48.5593,-46.4997,0.000,NORMAL,1,ROUTE,,,,,PREVIEW_DEFAULT
175.6694,-48.6074,-46.5873,0.000,NORMAL,1,ROUTE,,,,,PREVIEW_DEFAULT
175.7693,-48.6561,-46.6746,0.000,NORMAL,1,ROUTE,,,,,PREVIEW_DEFAULT
175.8694,-48.7056,-46.7615,0.000,NORMAL,1,ROUTE,,,,,PREVIEW_DEFAULT
175.9693,-48.7559,-46.8479,0.000,NORMAL,1,ROUTE,,,,,PREVIEW_DEFAULT
176.0693,-48.8071,-46.9338,0.000,NORMAL,1,ROUTE,,,,,PREVIEW_DEFAULT
176.1693,-48.8593,-47.0191,0.000,NORMAL,1,ROUTE,,,,,PREVIEW_DEFAULT
176.2693,-48.9126,-47.1037,0.000,NORMAL,1,ROUTE,,,,,PREVIEW_DEFAULT
176.3693,-48.9671,-47.1875,0.000,NORMAL,1,ROUTE,,,,,PREVIEW_DEFAULT
176.4693,-49.0229,-47.2705,0.000,NORMAL,1,ROUTE,,,,,PREVIEW_DEFAULT
176.5693,-49.0801,-47.3525,0.000,NORMAL,1,ROUTE,,,,,PREVIEW_DEFAULT
176.6692,-49.1386,-47.4335,0.000,NORMAL,1,ROUTE,,,,,PREVIEW_DEFAULT
176.7692,-49.1987,-47.5134,0.000,NORMAL,1,ROUTE,,,,,PREVIEW_DEFAULT
176.8692,-49.2603,-47.5922,0.000,NORMAL,1,ROUTE,,,,,PREVIEW_DEFAULT
176.9692,-49.3235,-47.6697,0.000,NORMAL,1,ROUTE,,,,,PREVIEW_DEFAULT
177.0692,-49.3883,-47.7458,0.000,NORMAL,1,ROUTE,,,,,PREVIEW_DEFAULT
177.1691,-49.4546,-47.8206,0.000,NORMAL,1,ROUTE,,,,,PREVIEW_DEFAULT
177.2691,-49.5226,-47.8939,0.000,NORMAL,1,ROUTE,,,,,PREVIEW_DEFAULT
177.3692,-49.5923,-47.9657,0.000,NORMAL,1,ROUTE,,,,,PREVIEW_DEFAULT
177.4691,-49.6635,-48.0358,0.000,NORMAL,1,ROUTE,,,,,PREVIEW_DEFAULT
177.5691,-49.7364,-48.1043,0.000,NORMAL,1,ROUTE,,,,,PREVIEW_DEFAULT
177.6690,-49.8108,-48.1710,0.000,NORMAL,1,ROUTE,,,,,PREVIEW_DEFAULT
177.7690,-49.8869,-48.2359,0.000,NORMAL,1,ROUTE,,,,,PREVIEW_DEFAULT
177.8690,-49.9644,-48.2990,0.000,NORMAL,1,ROUTE,,,,,PREVIEW_DEFAULT
177.9689,-50.0435,-48.3601,0.000,NORMAL,1,ROUTE,,,,,PREVIEW_DEFAULT
178.0690,-50.1242,-48.4193,0.000,NORMAL,1,ROUTE,,,,,PREVIEW_DEFAULT
178.1689,-50.2062,-48.4764,0.000,NORMAL,1,ROUTE,,,,,PREVIEW_DEFAULT
178.2689,-50.2897,-48.5314,0.000,NORMAL,1,ROUTE,,,,,PREVIEW_DEFAULT
178.3689,-50.3745,-48.5843,0.000,NORMAL,1,ROUTE,,,,,PREVIEW_DEFAULT
178.4689,-50.4607,-48.6350,0.000,NORMAL,1,ROUTE,,,,,PREVIEW_DEFAULT
178.5689,-50.5482,-48.6835,0.000,NORMAL,1,ROUTE,,,,,PREVIEW_DEFAULT
178.6688,-50.6369,-48.7295,0.000,NORMAL,1,ROUTE,,,,,PREVIEW_DEFAULT
178.7688,-50.7269,-48.7731,0.000,NORMAL,1,ROUTE,,,,,PREVIEW_DEFAULT
178.8687,-50.8180,-48.8141,0.000,NORMAL,1,ROUTE,,,,,PREVIEW_DEFAULT
178.9688,-50.9104,-48.8525,0.000,NORMAL,1,ROUTE,,,,,PREVIEW_DEFAULT
179.0688,-51.0038,-48.8881,0.000,NORMAL,1,ROUTE,,,,,PREVIEW_DEFAULT
179.1688,-51.0983,-48.9208,0.000,NORMAL,1,ROUTE,,,,,PREVIEW_DEFAULT
179.2688,-51.1938,-48.9505,0.000,NORMAL,1,ROUTE,,,,,PREVIEW_DEFAULT
179.3687,-51.2901,-48.9771,0.000,NORMAL,1,ROUTE,,,,,PREVIEW_DEFAULT
179.4687,-51.3874,-49.0004,0.000,NORMAL,1,ROUTE,,,,,PREVIEW_DEFAULT
179.5686,-51.4853,-49.0204,0.000,NORMAL,1,ROUTE,,,,,PREVIEW_DEFAULT
179.6686,-51.5839,-49.0369,0.000,NORMAL,1,ROUTE,,,,,PREVIEW_DEFAULT
179.7687,-51.6831,-49.0498,0.000,NORMAL,1,ROUTE,,,,,PREVIEW_DEFAULT
179.8686,-51.7826,-49.0592,0.000,NORMAL,1,ROUTE,,,,,PREVIEW_DEFAULT
179.9686,-51.8824,-49.0650,0.000,NORMAL,1,ROUTE,,,,,PREVIEW_DEFAULT
180.0686,-51.9824,-49.0673,0.000,NORMAL,1,ROUTE,,,,,PREVIEW_DEFAULT
180.1685,-52.0823,-49.0662,0.000,NORMAL,1,ROUTE,,,,,PREVIEW_DEFAULT
180.2685,-52.1822,-49.0617,0.000,NORMAL,1,ROUTE,,,,,PREVIEW_DEFAULT
180.3685,-52.2819,-49.0541,0.000,NORMAL,1,ROUTE,,,,,PREVIEW_DEFAULT
180.4685,-52.3813,-49.0434,0.000,NORMAL,1,ROUTE,,,,,PREVIEW_DEFAULT
180.5684,-52.4803,-49.0297,0.000,NORMAL,1,ROUTE,,,,,PREVIEW_DEFAULT
180.6684,-52.5790,-49.0134,0.000,NORMAL,1,ROUTE,,,,,PREVIEW_DEFAULT
180.7684,-52.6771,-48.9944,0.000,NORMAL,1,ROUTE,,,,,PREVIEW_DEFAULT
180.8684,-52.7748,-48.9730,0.000,NORMAL,1,ROUTE,,,,,PREVIEW_DEFAULT
180.9683,-52.8719,-48.9493,0.000,NORMAL,1,ROUTE,,,,,PREVIEW_DEFAULT
181.0684,-52.9685,-48.9233,0.000,NORMAL,1,ROUTE,,,,,PREVIEW_DEFAULT
181.1683,-53.0644,-48.8951,0.000,NORMAL,1,ROUTE,,,,,PREVIEW_DEFAULT
181.2683,-53.1597,-48.8649,0.000,NORMAL,1,ROUTE,,,,,PREVIEW_DEFAULT
181.3683,-53.2544,-48.8327,0.000,NORMAL,1,ROUTE,,,,,PREVIEW_DEFAULT
181.4682,-53.3483,-48.7986,0.000,NORMAL,1,ROUTE,,,,,PREVIEW_DEFAULT
181.5682,-53.4416,-48.7626,0.000,NORMAL,1,ROUTE,,,,,PREVIEW_DEFAULT
181.6682,-53.5342,-48.7249,0.000,NORMAL,1,ROUTE,,,,,PREVIEW_DEFAULT
181.7682,-53.6261,-48.6855,0.000,NORMAL,1,ROUTE,,,,,PREVIEW_DEFAULT
181.8682,-53.7173,-48.6445,0.000,NORMAL,1,ROUTE,,,,,PREVIEW_DEFAULT
181.9682,-53.8078,-48.6020,0.000,NORMAL,1,ROUTE,,,,,PREVIEW_DEFAULT
182.0682,-53.8977,-48.5582,0.000,NORMAL,1,ROUTE,,,,,PREVIEW_DEFAULT
182.1682,-53.9869,-48.5130,0.000,NORMAL,1,ROUTE,,,,,PREVIEW_DEFAULT
182.2681,-54.0754,-48.4666,0.000,NORMAL,1,ROUTE,,,,,PREVIEW_DEFAULT
182.3681,-54.1633,-48.4189,0.000,NORMAL,1,ROUTE,,,,,PREVIEW_DEFAULT
182.4681,-54.2506,-48.3702,0.000,NORMAL,1,ROUTE,,,,,PREVIEW_DEFAULT
182.5681,-54.3373,-48.3204,0.000,NORMAL,1,ROUTE,,,,,PREVIEW_DEFAULT
182.6680,-54.4234,-48.2696,0.000,NORMAL,1,ROUTE,,,,,PREVIEW_DEFAULT
182.7680,-54.5090,-48.2179,0.000,NORMAL,1,ROUTE,,,,,PREVIEW_DEFAULT
182.8680,-54.5940,-48.1653,0.000,NORMAL,1,ROUTE,,,,,PREVIEW_DEFAULT
182.9679,-54.6785,-48.1119,0.000,NORMAL,1,ROUTE,,,,,PREVIEW_DEFAULT
183.0680,-54.7625,-48.0576,0.000,NORMAL,1,ROUTE,,,,,PREVIEW_DEFAULT
183.1680,-54.8460,-48.0026,0.000,NORMAL,1,ROUTE,,,,,PREVIEW_DEFAULT
183.2679,-54.9290,-47.9469,0.000,NORMAL,1,ROUTE,,,,,PREVIEW_DEFAULT
183.3679,-55.0115,-47.8904,0.000,NORMAL,1,ROUTE,,,,,PREVIEW_DEFAULT
183.4679,-55.0935,-47.8332,0.000,NORMAL,1,ROUTE,,,,,PREVIEW_DEFAULT
183.5679,-55.1750,-47.7753,0.000,NORMAL,1,ROUTE,,,,,PREVIEW_DEFAULT
183.6678,-55.2560,-47.7167,0.000,NORMAL,1,ROUTE,,,,,PREVIEW_DEFAULT
183.7678,-55.3365,-47.6574,0.000,NORMAL,1,ROUTE,,,,,PREVIEW_DEFAULT
183.8679,-55.4165,-47.5973,0.000,NORMAL,1,ROUTE,,,,,PREVIEW_DEFAULT
183.9679,-55.4959,-47.5365,0.000,NORMAL,1,ROUTE,,,,,PREVIEW_DEFAULT
184.0678,-55.5746,-47.4750,0.000,NORMAL,1,ROUTE,,,,,PREVIEW_DEFAULT
184.1678,-55.6528,-47.4126,0.000,NORMAL,1,ROUTE,,,,,PREVIEW_DEFAULT
184.2677,-55.7302,-47.3494,0.000,NORMAL,1,ROUTE,,,,,PREVIEW_DEFAULT
184.3678,-55.8070,-47.2853,0.000,NORMAL,1,ROUTE,,,,,PREVIEW_DEFAULT
184.4678,-55.8829,-47.2202,0.000,NORMAL,1,ROUTE,,,,,PREVIEW_DEFAULT
184.5677,-55.9580,-47.1542,0.000,NORMAL,1,ROUTE,,,,,PREVIEW_DEFAULT
184.6677,-56.0321,-47.0871,0.000,NORMAL,1,ROUTE,,,,,PREVIEW_DEFAULT
184.7677,-56.1052,-47.0189,0.000,NORMAL,1,ROUTE,,,,,PREVIEW_DEFAULT
184.8677,-56.1773,-46.9496,0.000,NORMAL,1,ROUTE,,,,,PREVIEW_DEFAULT
184.9677,-56.2482,-46.8791,0.000,NORMAL,1,ROUTE,,,,,PREVIEW_DEFAULT
185.0676,-56.3178,-46.8074,0.000,NORMAL,1,ROUTE,,,,,PREVIEW_DEFAULT
185.1676,-56.3861,-46.7344,0.000,NORMAL,1,ROUTE,,,,,PREVIEW_DEFAULT
185.2675,-56.4530,-46.6601,0.000,NORMAL,1,ROUTE,,,,,PREVIEW_DEFAULT
185.3676,-56.5185,-46.5845,0.000,NORMAL,1,ROUTE,,,,,PREVIEW_DEFAULT
185.4676,-56.5824,-46.5076,0.000,NORMAL,1,ROUTE,,,,,PREVIEW_DEFAULT
185.5675,-56.6447,-46.4294,0.000,NORMAL,1,ROUTE,,,,,PREVIEW_DEFAULT
185.6675,-56.7054,-46.3500,0.000,NORMAL,1,ROUTE,,,,,PREVIEW_DEFAULT
185.7675,-56.7644,-46.2693,0.000,NORMAL,1,ROUTE,,,,,PREVIEW_DEFAULT
185.8675,-56.8217,-46.1873,0.000,NORMAL,1,ROUTE,,,,,PREVIEW_DEFAULT
185.9675,-56.8773,-46.1042,0.000,NORMAL,1,ROUTE,,,,,PREVIEW_DEFAULT
186.0675,-56.9311,-46.0199,0.000,NORMAL,1,ROUTE,,,,,PREVIEW_DEFAULT
186.1674,-56.9832,-45.9346,0.000,NORMAL,1,ROUTE,,,,,PREVIEW_DEFAULT
186.2674,-57.0337,-45.8483,0.000,NORMAL,1,ROUTE,,,,,PREVIEW_DEFAULT
186.3673,-57.0825,-45.7611,0.000,NORMAL,1,ROUTE,,,,,PREVIEW_DEFAULT
186.4674,-57.1299,-45.6730,0.000,NORMAL,1,ROUTE,,,,,PREVIEW_DEFAULT
186.5674,-57.1757,-45.5841,0.000,NORMAL,1,ROUTE,,,,,PREVIEW_DEFAULT
186.6673,-57.2201,-45.4946,0.000,NORMAL,1,ROUTE,,,,,PREVIEW_DEFAULT
186.7673,-57.2631,-45.4043,0.000,NORMAL,1,ROUTE,,,,,PREVIEW_DEFAULT
186.8673,-57.3048,-45.3134,0.000,NORMAL,1,ROUTE,,,,,PREVIEW_DEFAULT
186.9673,-57.3452,-45.2220,0.000,NORMAL,1,ROUTE,,,,,PREVIEW_DEFAULT
187.0673,-57.3842,-45.1299,0.000,NORMAL,1,ROUTE,,,,,PREVIEW_DEFAULT
187.1673,-57.4220,-45.0373,0.000,NORMAL,1,ROUTE,,,,,PREVIEW_DEFAULT
187.2673,-57.4584,-44.9442,0.000,NORMAL,1,ROUTE,,,,,PREVIEW_DEFAULT
187.3672,-57.4935,-44.8506,0.000,NORMAL,1,ROUTE,,,,,PREVIEW_DEFAULT
187.4672,-57.5274,-44.7565,0.000,NORMAL,1,ROUTE,,,,,PREVIEW_DEFAULT
187.5672,-57.5599,-44.6620,0.000,NORMAL,1,ROUTE,,,,,PREVIEW_DEFAULT
187.6672,-57.5911,-44.5670,0.000,NORMAL,1,ROUTE,,,,,PREVIEW_DEFAULT
187.7672,-57.6211,-44.4716,0.000,NORMAL,1,ROUTE,,,,,PREVIEW_DEFAULT
187.8671,-57.6499,-44.3759,0.000,NORMAL,1,ROUTE,,,,,PREVIEW_DEFAULT
187.9671,-57.6776,-44.2798,0.000,NORMAL,1,ROUTE,,,,,PREVIEW_DEFAULT
188.0671,-57.7043,-44.1835,0.000,NORMAL,1,ROUTE,,,,,PREVIEW_DEFAULT
188.1671,-57.7300,-44.0868,0.000,NORMAL,1,ROUTE,,,,,PREVIEW_DEFAULT
188.2670,-57.7548,-43.9900,0.000,NORMAL,1,ROUTE,,,,,PREVIEW_DEFAULT
188.3670,-57.7789,-43.8930,0.000,NORMAL,1,ROUTE,,,,,PREVIEW_DEFAULT
188.4670,-57.8022,-43.7957,0.000,NORMAL,1,ROUTE,,,,,PREVIEW_DEFAULT
188.5670,-57.8248,-43.6983,0.000,NORMAL,1,ROUTE,,,,,PREVIEW_DEFAULT
188.6670,-57.8468,-43.6008,0.000,NORMAL,1,ROUTE,,,,,PREVIEW_DEFAULT
188.7670,-57.8682,-43.5031,0.000,NORMAL,1,ROUTE,,,,,PREVIEW_DEFAULT
188.8670,-57.8890,-43.4053,0.000,NORMAL,1,ROUTE,,,,,PREVIEW_DEFAULT
188.9669,-57.9091,-43.3074,0.000,NORMAL,1,ROUTE,,,,,PREVIEW_DEFAULT
189.0669,-57.9285,-43.2093,0.000,NORMAL,1,ROUTE,,,,,PREVIEW_DEFAULT
189.1669,-57.9472,-43.1111,0.000,NORMAL,1,ROUTE,,,,,PREVIEW_DEFAULT
189.2669,-57.9651,-43.0127,0.000,NORMAL,1,ROUTE,,,,,PREVIEW_DEFAULT
189.3669,-57.9821,-42.9142,0.000,NORMAL,1,ROUTE,,,,,PREVIEW_DEFAULT
189.4669,-57.9982,-42.8155,0.000,NORMAL,1,ROUTE,,,,,PREVIEW_DEFAULT
189.5668,-58.0131,-42.7167,0.000,NORMAL,1,ROUTE,,,,,PREVIEW_DEFAULT
189.6669,-58.0270,-42.6176,0.000,NORMAL,1,ROUTE,,,,,PREVIEW_DEFAULT
189.7668,-58.0395,-42.5184,0.000,NORMAL,1,ROUTE,,,,,PREVIEW_DEFAULT
189.8668,-58.0507,-42.4191,0.000,NORMAL,1,ROUTE,,,,,PREVIEW_DEFAULT
189.9667,-58.0604,-42.3196,0.000,NORMAL,1,ROUTE,,,,,PREVIEW_DEFAULT
190.0668,-58.0685,-42.2199,0.000,NORMAL,1,ROUTE,,,,,PREVIEW_DEFAULT
190.1667,-58.0751,-42.1202,0.000,NORMAL,1,ROUTE,,,,,PREVIEW_DEFAULT
190.2667,-58.0801,-42.0203,0.000,NORMAL,1,ROUTE,,,,,PREVIEW_DEFAULT
190.3667,-58.0835,-41.9204,0.000,NORMAL,1,ROUTE,,,,,PREVIEW_DEFAULT
190.4667,-58.0854,-41.8204,0.000,NORMAL,1,ROUTE,,,,,PREVIEW_DEFAULT
190.5667,-58.0858,-41.7204,0.000,NORMAL,1,ROUTE,,,,,PREVIEW_DEFAULT
190.6666,-58.0848,-41.6205,0.000,NORMAL,1,ROUTE,,,,,PREVIEW_DEFAULT
190.7666,-58.0825,-41.5205,0.000,NORMAL,1,ROUTE,,,,,PREVIEW_DEFAULT
190.8666,-58.0790,-41.4206,0.000,NORMAL,1,ROUTE,,,,,PREVIEW_DEFAULT
190.9666,-58.0745,-41.3207,0.000,NORMAL,1,ROUTE,,,,,PREVIEW_DEFAULT
191.0665,-58.0690,-41.2209,0.000,NORMAL,1,ROUTE,,,,,PREVIEW_DEFAULT
191.1665,-58.0626,-41.1211,0.000,NORMAL,1,ROUTE,,,,,PREVIEW_DEFAULT
191.2665,-58.0555,-41.0214,0.000,NORMAL,1,ROUTE,,,,,PREVIEW_DEFAULT
191.3665,-58.0479,-40.9217,0.000,NORMAL,1,ROUTE,,,,,PREVIEW_DEFAULT
191.3864,-58.0463,-40.9018,0.000,NORMAL,1,S_CURVE,S_CURVE_START,ENTER_ZONE,,,PREVIEW_DEFAULT
191.4665,-58.0398,-40.8220,0.000,NORMAL,1,S_CURVE,,,,,PREVIEW_DEFAULT
191.5665,-58.0313,-40.7224,0.000,NORMAL,1,S_CURVE,,,,,PREVIEW_DEFAULT
191.6665,-58.0224,-40.6228,0.000,NORMAL,1,S_CURVE,,,,,PREVIEW_DEFAULT
191.7665,-58.0133,-40.5232,0.000,NORMAL,1,S_CURVE,,,,,PREVIEW_DEFAULT
191.8664,-58.0041,-40.4237,0.000,NORMAL,1,S_CURVE,,,,,PREVIEW_DEFAULT
191.9664,-57.9947,-40.3241,0.000,NORMAL,1,S_CURVE,,,,,PREVIEW_DEFAULT
192.0664,-57.9852,-40.2246,0.000,NORMAL,1,S_CURVE,,,,,PREVIEW_DEFAULT
192.1663,-57.9758,-40.1251,0.000,NORMAL,1,S_CURVE,,,,,PREVIEW_DEFAULT
192.2664,-57.9665,-40.0255,0.000,NORMAL,1,S_CURVE,,,,,PREVIEW_DEFAULT
192.3663,-57.9572,-39.9260,0.000,NORMAL,1,S_CURVE,,,,,PREVIEW_DEFAULT
192.4663,-57.9481,-39.8264,0.000,NORMAL,1,S_CURVE,,,,,PREVIEW_DEFAULT
192.5663,-57.9392,-39.7268,0.000,NORMAL,1,S_CURVE,,,,,PREVIEW_DEFAULT
192.6663,-57.9305,-39.6272,0.000,NORMAL,1,S_CURVE,,,,,PREVIEW_DEFAULT
192.7663,-57.9220,-39.5276,0.000,NORMAL,1,S_CURVE,,,,,PREVIEW_DEFAULT
192.8662,-57.9137,-39.4280,0.000,NORMAL,1,S_CURVE,,,,,PREVIEW_DEFAULT
192.9662,-57.9057,-39.3283,0.000,NORMAL,1,S_CURVE,,,,,PREVIEW_DEFAULT
193.0662,-57.8978,-39.2286,0.000,NORMAL,1,S_CURVE,,,,,PREVIEW_DEFAULT
193.1662,-57.8901,-39.1289,0.000,NORMAL,1,S_CURVE,,,,,PREVIEW_DEFAULT
193.2661,-57.8824,-39.0293,0.000,NORMAL,1,S_CURVE,,,,,PREVIEW_DEFAULT
193.3661,-57.8748,-38.9296,0.000,NORMAL,1,S_CURVE,,,,,PREVIEW_DEFAULT
193.4661,-57.8671,-38.8299,0.000,NORMAL,1,S_CURVE,,,,,PREVIEW_DEFAULT
193.5661,-57.8594,-38.7302,0.000,NORMAL,1,S_CURVE,,,,,PREVIEW_DEFAULT
193.6661,-57.8517,-38.6305,0.000,NORMAL,1,S_CURVE,,,,,PREVIEW_DEFAULT
193.7661,-57.8439,-38.5308,0.000,NORMAL,1,S_CURVE,,,,,PREVIEW_DEFAULT
193.8660,-57.8360,-38.4312,0.000,NORMAL,1,S_CURVE,,,,,PREVIEW_DEFAULT
193.9660,-57.8282,-38.3315,0.000,NORMAL,1,S_CURVE,,,,,PREVIEW_DEFAULT
194.0660,-57.8204,-38.2318,0.000,NORMAL,1,S_CURVE,,,,,PREVIEW_DEFAULT
194.1660,-57.8128,-38.1321,0.000,NORMAL,1,S_CURVE,,,,,PREVIEW_DEFAULT
194.2660,-57.8055,-38.0324,0.000,NORMAL,1,S_CURVE,,,,,PREVIEW_DEFAULT
194.3660,-57.7984,-37.9327,0.000,NORMAL,1,S_CURVE,,,,,PREVIEW_DEFAULT
194.4660,-57.7917,-37.8329,0.000,NORMAL,1,S_CURVE,,,,,PREVIEW_DEFAULT
194.5660,-57.7854,-37.7331,0.000,NORMAL,1,S_CURVE,,,,,PREVIEW_DEFAULT
194.6659,-57.7796,-37.6333,0.000,NORMAL,1,S_CURVE,,,,,PREVIEW_DEFAULT
194.7659,-57.7742,-37.5335,0.000,NORMAL,1,S_CURVE,,,,,PREVIEW_DEFAULT
194.8659,-57.7693,-37.4336,0.000,NORMAL,1,S_CURVE,,,,,PREVIEW_DEFAULT
194.9659,-57.7649,-37.3337,0.000,NORMAL,1,S_CURVE,,,,,PREVIEW_DEFAULT
195.0659,-57.7610,-37.2338,0.000,NORMAL,1,S_CURVE,,,,,PREVIEW_DEFAULT
195.1658,-57.7576,-37.1339,0.000,NORMAL,1,S_CURVE,,,,,PREVIEW_DEFAULT
195.2659,-57.7548,-37.0339,0.000,NORMAL,1,S_CURVE,,,,,PREVIEW_DEFAULT
195.3658,-57.7526,-36.9340,0.000,NORMAL,1,S_CURVE,,,,,PREVIEW_DEFAULT
195.4658,-57.7510,-36.8340,0.000,NORMAL,1,S_CURVE,,,,,PREVIEW_DEFAULT
195.5658,-57.7500,-36.7340,0.000,NORMAL,1,S_CURVE,,,,,PREVIEW_DEFAULT
195.6657,-57.7498,-36.6341,0.000,NORMAL,1,S_CURVE,,,,,PREVIEW_DEFAULT
195.7657,-57.7502,-36.5341,0.000,NORMAL,1,S_CURVE,,,,,PREVIEW_DEFAULT
195.8657,-57.7515,-36.4341,0.000,NORMAL,1,S_CURVE,,,,,PREVIEW_DEFAULT
195.9658,-57.7537,-36.3341,0.000,NORMAL,1,S_CURVE,,,,,PREVIEW_DEFAULT
196.0657,-57.7567,-36.2342,0.000,NORMAL,1,S_CURVE,,,,,PREVIEW_DEFAULT
196.1657,-57.7608,-36.1343,0.000,NORMAL,1,S_CURVE,,,,,PREVIEW_DEFAULT
196.2657,-57.7658,-36.0344,0.000,NORMAL,1,S_CURVE,,,,,PREVIEW_DEFAULT
196.3656,-57.7719,-35.9347,0.000,NORMAL,1,S_CURVE,,,,,PREVIEW_DEFAULT
196.4657,-57.7792,-35.8349,0.000,NORMAL,1,S_CURVE,,,,,PREVIEW_DEFAULT
196.5656,-57.7876,-35.7353,0.000,NORMAL,1,S_CURVE,,,,,PREVIEW_DEFAULT
196.6656,-57.7972,-35.6358,0.000,NORMAL,1,S_CURVE,,,,,PREVIEW_DEFAULT
196.7656,-57.8081,-35.5364,0.000,NORMAL,1,S_CURVE,,,,,PREVIEW_DEFAULT
196.8655,-57.8203,-35.4372,0.000,NORMAL,1,S_CURVE,,,,,PREVIEW_DEFAULT
196.9655,-57.8338,-35.3381,0.000,NORMAL,1,S_CURVE,,,,,PREVIEW_DEFAULT
197.0655,-57.8486,-35.2392,0.000,NORMAL,1,S_CURVE,,,,,PREVIEW_DEFAULT
197.1655,-57.8647,-35.1405,0.000,NORMAL,1,S_CURVE,,,,,PREVIEW_DEFAULT
197.2655,-57.8822,-35.0421,0.000,NORMAL,1,S_CURVE,,,,,PREVIEW_DEFAULT
197.3655,-57.9010,-34.9439,0.000,NORMAL,1,S_CURVE,,,,,PREVIEW_DEFAULT
197.4655,-57.9210,-34.8459,0.000,NORMAL,1,S_CURVE,,,,,PREVIEW_DEFAULT
197.5654,-57.9423,-34.7483,0.000,NORMAL,1,S_CURVE,,,,,PREVIEW_DEFAULT
197.6654,-57.9648,-34.6508,0.000,NORMAL,1,S_CURVE,,,,,PREVIEW_DEFAULT
197.7654,-57.9885,-34.5537,0.000,NORMAL,1,S_CURVE,,,,,PREVIEW_DEFAULT
197.8654,-58.0133,-34.4568,0.000,NORMAL,1,S_CURVE,,,,,PREVIEW_DEFAULT
197.9653,-58.0392,-34.3603,0.000,NORMAL,1,S_CURVE,,,,,PREVIEW_DEFAULT
198.0653,-58.0661,-34.2640,0.000,NORMAL,1,S_CURVE,,,,,PREVIEW_DEFAULT
198.1653,-58.0941,-34.1680,0.000,NORMAL,1,S_CURVE,,,,,PREVIEW_DEFAULT
198.2653,-58.1229,-34.0723,0.000,NORMAL,1,S_CURVE,,,,,PREVIEW_DEFAULT
198.3653,-58.1528,-33.9768,0.000,NORMAL,1,S_CURVE,,,,,PREVIEW_DEFAULT
198.4652,-58.1834,-33.8817,0.000,NORMAL,1,S_CURVE,,,,,PREVIEW_DEFAULT
198.5653,-58.2150,-33.7868,0.000,NORMAL,1,S_CURVE,,,,,PREVIEW_DEFAULT
198.6653,-58.2474,-33.6922,0.000,NORMAL,1,S_CURVE,,,,,PREVIEW_DEFAULT
198.7652,-58.2806,-33.5979,0.000,NORMAL,1,S_CURVE,,,,,PREVIEW_DEFAULT
198.8652,-58.3145,-33.5039,0.000,NORMAL,1,S_CURVE,,,,,PREVIEW_DEFAULT
198.9652,-58.3493,-33.4101,0.000,NORMAL,1,S_CURVE,,,,,PREVIEW_DEFAULT
199.0651,-58.3848,-33.3167,0.000,NORMAL,1,S_CURVE,,,,,PREVIEW_DEFAULT
199.1651,-58.4211,-33.2235,0.000,NORMAL,1,S_CURVE,,,,,PREVIEW_DEFAULT
199.2652,-58.4582,-33.1306,0.000,NORMAL,1,S_CURVE,,,,,PREVIEW_DEFAULT
199.3651,-58.4961,-33.0381,0.000,NORMAL,1,S_CURVE,,,,,PREVIEW_DEFAULT
199.4651,-58.5348,-32.9459,0.000,NORMAL,1,S_CURVE,,,,,PREVIEW_DEFAULT
199.5651,-58.5743,-32.8541,0.000,NORMAL,1,S_CURVE,,,,,PREVIEW_DEFAULT
199.6650,-58.6148,-32.7627,0.000,NORMAL,1,S_CURVE,,,,,PREVIEW_DEFAULT
199.7651,-58.6561,-32.6716,0.000,NORMAL,1,S_CURVE,,,,,PREVIEW_DEFAULT
199.8650,-58.6985,-32.5811,0.000,NORMAL,1,S_CURVE,,,,,PREVIEW_DEFAULT
199.9650,-58.7419,-32.4910,0.000,NORMAL,1,S_CURVE,,,,,PREVIEW_DEFAULT
200.0650,-58.7864,-32.4015,0.000,NORMAL,1,S_CURVE,,,,,PREVIEW_DEFAULT
200.1650,-58.8320,-32.3125,0.000,NORMAL,1,S_CURVE,,,,,PREVIEW_DEFAULT
200.2650,-58.8788,-32.2241,0.000,NORMAL,1,S_CURVE,,,,,PREVIEW_DEFAULT
200.3649,-58.9267,-32.1364,0.000,NORMAL,1,S_CURVE,,,,,PREVIEW_DEFAULT
200.4649,-58.9759,-32.0494,0.000,NORMAL,1,S_CURVE,,,,,PREVIEW_DEFAULT
200.5649,-59.0264,-31.9631,0.000,NORMAL,1,S_CURVE,,,,,PREVIEW_DEFAULT
200.6649,-59.0782,-31.8775,0.000,NORMAL,1,S_CURVE,,,,,PREVIEW_DEFAULT
200.7648,-59.1312,-31.7928,0.000,NORMAL,1,S_CURVE,,,,,PREVIEW_DEFAULT
200.8648,-59.1855,-31.7088,0.000,NORMAL,1,S_CURVE,,,,,PREVIEW_DEFAULT
200.9648,-59.2412,-31.6258,0.000,NORMAL,1,S_CURVE,,,,,PREVIEW_DEFAULT
201.0648,-59.2982,-31.5436,0.000,NORMAL,1,S_CURVE,,,,,PREVIEW_DEFAULT
201.1648,-59.3566,-31.4625,0.000,NORMAL,1,S_CURVE,,,,,PREVIEW_DEFAULT
201.2648,-59.4163,-31.3823,0.000,NORMAL,1,S_CURVE,,,,,PREVIEW_DEFAULT
201.3648,-59.4774,-31.3031,0.000,NORMAL,1,S_CURVE,,,,,PREVIEW_DEFAULT
201.4647,-59.5398,-31.2250,0.000,NORMAL,1,S_CURVE,,,,,PREVIEW_DEFAULT
201.5647,-59.6036,-31.1480,0.000,NORMAL,1,S_CURVE,,,,,PREVIEW_DEFAULT
201.6647,-59.6688,-31.0722,0.000,NORMAL,1,S_CURVE,,,,,PREVIEW_DEFAULT
201.7647,-59.7353,-30.9975,0.000,NORMAL,1,S_CURVE,,,,,PREVIEW_DEFAULT
201.8647,-59.8031,-30.9241,0.000,NORMAL,1,S_CURVE,,,,,PREVIEW_DEFAULT
201.9647,-59.8722,-30.8518,0.000,NORMAL,1,S_CURVE,,,,,PREVIEW_DEFAULT
202.0646,-59.9426,-30.7809,0.000,NORMAL,1,S_CURVE,,,,,PREVIEW_DEFAULT
202.1646,-60.0143,-30.7112,0.000,NORMAL,1,S_CURVE,,,,,PREVIEW_DEFAULT
202.2645,-60.0872,-30.6428,0.000,NORMAL,1,S_CURVE,,,,,PREVIEW_DEFAULT
202.3645,-60.1613,-30.5757,0.000,NORMAL,1,S_CURVE,,,,,PREVIEW_DEFAULT
202.4646,-60.2366,-30.5098,0.000,NORMAL,1,S_CURVE,,,,,PREVIEW_DEFAULT
202.5645,-60.3129,-30.4453,0.000,NORMAL,1,S_CURVE,,,,,PREVIEW_DEFAULT
202.6645,-60.3903,-30.3819,0.000,NORMAL,1,S_CURVE,,,,,PREVIEW_DEFAULT
202.7645,-60.4686,-30.3198,0.000,NORMAL,1,S_CURVE,,,,,PREVIEW_DEFAULT
202.8645,-60.5478,-30.2587,0.000,NORMAL,1,S_CURVE,,,,,PREVIEW_DEFAULT
202.9644,-60.6278,-30.1988,0.000,NORMAL,1,S_CURVE,,,,,PREVIEW_DEFAULT
203.0645,-60.7086,-30.1398,0.000,NORMAL,1,S_CURVE,,,,,PREVIEW_DEFAULT
203.1645,-60.7901,-30.0819,0.000,NORMAL,1,S_CURVE,,,,,PREVIEW_DEFAULT
203.2644,-60.8722,-30.0249,0.000,NORMAL,1,S_CURVE,,,,,PREVIEW_DEFAULT
203.3644,-60.9550,-29.9688,0.000,NORMAL,1,S_CURVE,,,,,PREVIEW_DEFAULT
203.4644,-61.0383,-29.9136,0.000,NORMAL,1,S_CURVE,,,,,PREVIEW_DEFAULT
203.5644,-61.1223,-29.8593,0.000,NORMAL,1,S_CURVE,,,,,PREVIEW_DEFAULT
203.6643,-61.2067,-29.8058,0.000,NORMAL,1,S_CURVE,,,,,PREVIEW_DEFAULT
203.7643,-61.2917,-29.7531,0.000,NORMAL,1,S_CURVE,,,,,PREVIEW_DEFAULT
203.8643,-61.3772,-29.7012,0.000,NORMAL,1,S_CURVE,,,,,PREVIEW_DEFAULT
203.9643,-61.4631,-29.6501,0.000,NORMAL,1,S_CURVE,,,,,PREVIEW_DEFAULT
204.0643,-61.5496,-29.5999,0.000,NORMAL,1,S_CURVE,,,,,PREVIEW_DEFAULT
204.1643,-61.6365,-29.5505,0.000,NORMAL,1,S_CURVE,,,,,PREVIEW_DEFAULT
204.2642,-61.7238,-29.5019,0.000,NORMAL,1,S_CURVE,,,,,PREVIEW_DEFAULT
204.3642,-61.8117,-29.4541,0.000,NORMAL,1,S_CURVE,,,,,PREVIEW_DEFAULT
204.4642,-61.9000,-29.4073,0.000,NORMAL,1,S_CURVE,,,,,PREVIEW_DEFAULT
204.5642,-61.9888,-29.3613,0.000,NORMAL,1,S_CURVE,,,,,PREVIEW_DEFAULT
204.6642,-62.0781,-29.3163,0.000,NORMAL,1,S_CURVE,,,,,PREVIEW_DEFAULT
204.7642,-62.1679,-29.2723,0.000,NORMAL,1,S_CURVE,,,,,PREVIEW_DEFAULT
204.8641,-62.2581,-29.2293,0.000,NORMAL,1,S_CURVE,,,,,PREVIEW_DEFAULT
204.9641,-62.3489,-29.1874,0.000,NORMAL,1,S_CURVE,,,,,PREVIEW_DEFAULT
205.0641,-62.4402,-29.1465,0.000,NORMAL,1,S_CURVE,,,,,PREVIEW_DEFAULT
205.1641,-62.5319,-29.1068,0.000,NORMAL,1,S_CURVE,,,,,PREVIEW_DEFAULT
205.2641,-62.6242,-29.0683,0.000,NORMAL,1,S_CURVE,,,,,PREVIEW_DEFAULT
205.3640,-62.7169,-29.0310,0.000,NORMAL,1,S_CURVE,,,,,PREVIEW_DEFAULT
205.4640,-62.8102,-28.9949,0.000,NORMAL,1,S_CURVE,,,,,PREVIEW_DEFAULT
205.5640,-62.9038,-28.9599,0.000,NORMAL,1,S_CURVE,,,,,PREVIEW_DEFAULT
205.6640,-62.9979,-28.9261,0.000,NORMAL,1,S_CURVE,,,,,PREVIEW_DEFAULT
205.7640,-63.0924,-28.8934,0.000,NORMAL,1,S_CURVE,,,,,PREVIEW_DEFAULT
205.8640,-63.1873,-28.8618,0.000,NORMAL,1,S_CURVE,,,,,PREVIEW_DEFAULT
205.9639,-63.2825,-28.8313,0.000,NORMAL,1,S_CURVE,,,,,PREVIEW_DEFAULT
206.0639,-63.3780,-28.8018,0.000,NORMAL,1,S_CURVE,,,,,PREVIEW_DEFAULT
206.1639,-63.4738,-28.7732,0.000,NORMAL,1,S_CURVE,,,,,PREVIEW_DEFAULT
206.2638,-63.5699,-28.7457,0.000,NORMAL,1,S_CURVE,,,,,PREVIEW_DEFAULT
206.3638,-63.6663,-28.7191,0.000,NORMAL,1,S_CURVE,,,,,PREVIEW_DEFAULT
206.4639,-63.7630,-28.6934,0.000,NORMAL,1,S_CURVE,,,,,PREVIEW_DEFAULT
206.5639,-63.8599,-28.6688,0.000,NORMAL,1,S_CURVE,,,,,PREVIEW_DEFAULT
206.6638,-63.9570,-28.6452,0.000,NORMAL,1,S_CURVE,,,,,PREVIEW_DEFAULT
206.7638,-64.0544,-28.6226,0.000,NORMAL,1,S_CURVE,,,,,PREVIEW_DEFAULT
206.8638,-64.1521,-28.6012,0.000,NORMAL,1,S_CURVE,,,,,PREVIEW_DEFAULT
206.9638,-64.2500,-28.5809,0.000,NORMAL,1,S_CURVE,,,,,PREVIEW_DEFAULT
207.0637,-64.3481,-28.5618,0.000,NORMAL,1,S_CURVE,,,,,PREVIEW_DEFAULT
207.1637,-64.4465,-28.5439,0.000,NORMAL,1,S_CURVE,,,,,PREVIEW_DEFAULT
207.2637,-64.5451,-28.5274,0.000,NORMAL,1,S_CURVE,,,,,PREVIEW_DEFAULT
207.3637,-64.6439,-28.5122,0.000,NORMAL,1,S_CURVE,,,,,PREVIEW_DEFAULT
207.4637,-64.7430,-28.4985,0.000,NORMAL,1,S_CURVE,,,,,PREVIEW_DEFAULT
207.5637,-64.8422,-28.4861,0.000,NORMAL,1,S_CURVE,,,,,PREVIEW_DEFAULT
207.6637,-64.9416,-28.4752,0.000,NORMAL,1,S_CURVE,,,,,PREVIEW_DEFAULT
207.7636,-65.0411,-28.4658,0.000,NORMAL,1,S_CURVE,,,,,PREVIEW_DEFAULT
207.8636,-65.1408,-28.4577,0.000,NORMAL,1,S_CURVE,,,,,PREVIEW_DEFAULT
207.9636,-65.2405,-28.4512,0.000,NORMAL,1,S_CURVE,,,,,PREVIEW_DEFAULT
208.0636,-65.3404,-28.4460,0.000,NORMAL,1,S_CURVE,,,,,PREVIEW_DEFAULT
208.1636,-65.4403,-28.4423,0.000,NORMAL,1,S_CURVE,,,,,PREVIEW_DEFAULT
208.2635,-65.5402,-28.4399,0.000,NORMAL,1,S_CURVE,,,,,PREVIEW_DEFAULT
208.3635,-65.6402,-28.4388,0.000,NORMAL,1,S_CURVE,,,,,PREVIEW_DEFAULT
208.4635,-65.7402,-28.4389,0.000,NORMAL,1,S_CURVE,,,,,PREVIEW_DEFAULT
208.5635,-65.8402,-28.4402,0.000,NORMAL,1,S_CURVE,,,,,PREVIEW_DEFAULT
208.6634,-65.9401,-28.4425,0.000,NORMAL,1,S_CURVE,,,,,PREVIEW_DEFAULT
208.7635,-66.0401,-28.4459,0.000,NORMAL,1,S_CURVE,,,,,PREVIEW_DEFAULT
208.8634,-66.1399,-28.4502,0.000,NORMAL,1,S_CURVE,,,,,PREVIEW_DEFAULT
208.9634,-66.2398,-28.4554,0.000,NORMAL,1,S_CURVE,,,,,PREVIEW_DEFAULT
209.0634,-66.3396,-28.4615,0.000,NORMAL,1,S_CURVE,,,,,PREVIEW_DEFAULT
209.1633,-66.4393,-28.4684,0.000,NORMAL,1,S_CURVE,,,,,PREVIEW_DEFAULT
209.2633,-66.5390,-28.4760,0.000,NORMAL,1,S_CURVE,,,,,PREVIEW_DEFAULT
209.3634,-66.6387,-28.4843,0.000,NORMAL,1,S_CURVE,,,,,PREVIEW_DEFAULT
209.4633,-66.7382,-28.4933,0.000,NORMAL,1,S_CURVE,,,,,PREVIEW_DEFAULT
209.5633,-66.8377,-28.5030,0.000,NORMAL,1,S_CURVE,,,,,PREVIEW_DEFAULT
209.6633,-66.9372,-28.5133,0.000,NORMAL,1,S_CURVE,,,,,PREVIEW_DEFAULT
209.7633,-67.0366,-28.5243,0.000,NORMAL,1,S_CURVE,,,,,PREVIEW_DEFAULT
209.8633,-67.1359,-28.5358,0.000,NORMAL,1,S_CURVE,,,,,PREVIEW_DEFAULT
209.9632,-67.2351,-28.5479,0.000,NORMAL,1,S_CURVE,,,,,PREVIEW_DEFAULT
210.0632,-67.3343,-28.5605,0.000,NORMAL,1,S_CURVE,,,,,PREVIEW_DEFAULT
210.1632,-67.4334,-28.5737,0.000,NORMAL,1,S_CURVE,,,,,PREVIEW_DEFAULT
210.2632,-67.5325,-28.5874,0.000,NORMAL,1,S_CURVE,,,,,PREVIEW_DEFAULT
210.3631,-67.6314,-28.6016,0.000,NORMAL,1,S_CURVE,,,,,PREVIEW_DEFAULT
210.4632,-67.7304,-28.6162,0.000,NORMAL,1,S_CURVE,,,,,PREVIEW_DEFAULT
210.5631,-67.8292,-28.6312,0.000,NORMAL,1,S_CURVE,,,,,PREVIEW_DEFAULT
210.6631,-67.9280,-28.6465,0.000,NORMAL,1,S_CURVE,,,,,PREVIEW_DEFAULT
210.7631,-68.0268,-28.6621,0.000,NORMAL,1,S_CURVE,,,,,PREVIEW_DEFAULT
210.8631,-68.1255,-28.6779,0.000,NORMAL,1,S_CURVE,,,,,PREVIEW_DEFAULT
210.9631,-68.2242,-28.6938,0.000,NORMAL,1,S_CURVE,,,,,PREVIEW_DEFAULT
211.0631,-68.3229,-28.7099,0.000,NORMAL,1,S_CURVE,,,,,PREVIEW_DEFAULT
211.1631,-68.4216,-28.7261,0.000,NORMAL,1,S_CURVE,,,,,PREVIEW_DEFAULT
211.2630,-68.5202,-28.7422,0.000,NORMAL,1,S_CURVE,,,,,PREVIEW_DEFAULT
211.3630,-68.6189,-28.7583,0.000,NORMAL,1,S_CURVE,,,,,PREVIEW_DEFAULT
211.4630,-68.7176,-28.7742,0.000,NORMAL,1,S_CURVE,,,,,PREVIEW_DEFAULT
211.5629,-68.8163,-28.7900,0.000,NORMAL,1,S_CURVE,,,,,PREVIEW_DEFAULT
211.6629,-68.9151,-28.8055,0.000,NORMAL,1,S_CURVE,,,,,PREVIEW_DEFAULT
211.7629,-69.0139,-28.8207,0.000,NORMAL,1,S_CURVE,,,,,PREVIEW_DEFAULT
211.8629,-69.1128,-28.8356,0.000,NORMAL,1,S_CURVE,,,,,PREVIEW_DEFAULT
211.9629,-69.2117,-28.8500,0.000,NORMAL,1,S_CURVE,,,,,PREVIEW_DEFAULT
212.0629,-69.3108,-28.8639,0.000,NORMAL,1,S_CURVE,,,,,PREVIEW_DEFAULT
212.1629,-69.4099,-28.8772,0.000,NORMAL,1,S_CURVE,,,,,PREVIEW_DEFAULT
212.2628,-69.5090,-28.8899,0.000,NORMAL,1,S_CURVE,,,,,PREVIEW_DEFAULT
212.3628,-69.6083,-28.9018,0.000,NORMAL,1,S_CURVE,,,,,PREVIEW_DEFAULT
212.4628,-69.7076,-28.9131,0.000,NORMAL,1,S_CURVE,,,,,PREVIEW_DEFAULT
212.5628,-69.8071,-28.9235,0.000,NORMAL,1,S_CURVE,,,,,PREVIEW_DEFAULT
212.6628,-69.9066,-28.9331,0.000,NORMAL,1,S_CURVE,,,,,PREVIEW_DEFAULT
212.7628,-70.0062,-28.9419,0.000,NORMAL,1,S_CURVE,,,,,PREVIEW_DEFAULT
212.8628,-70.1059,-28.9499,0.000,NORMAL,1,S_CURVE,,,,,PREVIEW_DEFAULT
212.9627,-70.2056,-28.9570,0.000,NORMAL,1,S_CURVE,,,,,PREVIEW_DEFAULT
213.0627,-70.3054,-28.9632,0.000,NORMAL,1,S_CURVE,,,,,PREVIEW_DEFAULT
213.1627,-70.4052,-28.9686,0.000,NORMAL,1,S_CURVE,,,,,PREVIEW_DEFAULT
213.2627,-70.5051,-28.9732,0.000,NORMAL,1,S_CURVE,,,,,PREVIEW_DEFAULT
213.3626,-70.6050,-28.9769,0.000,NORMAL,1,S_CURVE,,,,,PREVIEW_DEFAULT
213.4626,-70.7049,-28.9798,0.000,NORMAL,1,S_CURVE,,,,,PREVIEW_DEFAULT
213.5626,-70.8049,-28.9819,0.000,NORMAL,1,S_CURVE,,,,,PREVIEW_DEFAULT
213.6626,-70.9049,-28.9833,0.000,NORMAL,1,S_CURVE,,,,,PREVIEW_DEFAULT
213.7626,-71.0049,-28.9838,0.000,NORMAL,1,S_CURVE,,,,,PREVIEW_DEFAULT
213.8625,-71.1048,-28.9836,0.000,NORMAL,1,S_CURVE,,,,,PREVIEW_DEFAULT
213.9625,-71.2048,-28.9826,0.000,NORMAL,1,S_CURVE,,,,,PREVIEW_DEFAULT
214.0625,-71.3048,-28.9808,0.000,NORMAL,1,S_CURVE,,,,,PREVIEW_DEFAULT
214.1625,-71.4047,-28.9783,0.000,NORMAL,1,S_CURVE,,,,,PREVIEW_DEFAULT
214.2625,-71.5047,-28.9749,0.000,NORMAL,1,S_CURVE,,,,,PREVIEW_DEFAULT
214.3625,-71.6046,-28.9707,0.000,NORMAL,1,S_CURVE,,,,,PREVIEW_DEFAULT
214.4625,-71.7044,-28.9656,0.000,NORMAL,1,S_CURVE,,,,,PREVIEW_DEFAULT
214.5624,-71.8042,-28.9596,0.000,NORMAL,1,S_CURVE,,,,,PREVIEW_DEFAULT
214.6624,-71.9039,-28.9526,0.000,NORMAL,1,S_CURVE,,,,,PREVIEW_DEFAULT
214.7624,-72.0036,-28.9447,0.000,NORMAL,1,S_CURVE,,,,,PREVIEW_DEFAULT
214.8624,-72.1032,-28.9356,0.000,NORMAL,1,S_CURVE,,,,,PREVIEW_DEFAULT
214.9624,-72.2027,-28.9255,0.000,NORMAL,1,S_CURVE,,,,,PREVIEW_DEFAULT
215.0624,-72.3020,-28.9142,0.000,NORMAL,1,S_CURVE,,,,,PREVIEW_DEFAULT
215.1623,-72.4012,-28.9018,0.000,NORMAL,1,S_CURVE,,,,,PREVIEW_DEFAULT
215.2623,-72.5002,-28.8881,0.000,NORMAL,1,S_CURVE,,,,,PREVIEW_DEFAULT
215.3623,-72.5991,-28.8731,0.000,NORMAL,1,S_CURVE,,,,,PREVIEW_DEFAULT
215.4623,-72.6978,-28.8569,0.000,NORMAL,1,S_CURVE,,,,,PREVIEW_DEFAULT
215.5623,-72.7962,-28.8394,0.000,NORMAL,1,S_CURVE,,,,,PREVIEW_DEFAULT
215.6623,-72.8944,-28.8206,0.000,NORMAL,1,S_CURVE,,,,,PREVIEW_DEFAULT
215.7623,-72.9924,-28.8006,0.000,NORMAL,1,S_CURVE,,,,,PREVIEW_DEFAULT
215.8622,-73.0900,-28.7793,0.000,NORMAL,1,S_CURVE,,,,,PREVIEW_DEFAULT
215.9622,-73.1874,-28.7567,0.000,NORMAL,1,S_CURVE,,,,,PREVIEW_DEFAULT
216.0622,-73.2846,-28.7329,0.000,NORMAL,1,S_CURVE,,,,,PREVIEW_DEFAULT
216.1622,-73.3814,-28.7079,0.000,NORMAL,1,S_CURVE,,,,,PREVIEW_DEFAULT
216.2621,-73.4778,-28.6817,0.000,NORMAL,1,S_CURVE,,,,,PREVIEW_DEFAULT
216.3622,-73.5740,-28.6542,0.000,NORMAL,1,S_CURVE,,,,,PREVIEW_DEFAULT
216.4621,-73.6698,-28.6256,0.000,NORMAL,1,S_CURVE,,,,,PREVIEW_DEFAULT
216.5621,-73.7652,-28.5958,0.000,NORMAL,1,S_CURVE,,,,,PREVIEW_DEFAULT
216.6621,-73.8603,-28.5647,0.000,NORMAL,1,S_CURVE,,,,,PREVIEW_DEFAULT
216.7621,-73.9549,-28.5325,0.000,NORMAL,1,S_CURVE,,,,,PREVIEW_DEFAULT
216.8620,-74.0491,-28.4990,0.000,NORMAL,1,S_CURVE,,,,,PREVIEW_DEFAULT
216.9620,-74.1428,-28.4642,0.000,NORMAL,1,S_CURVE,,,,,PREVIEW_DEFAULT
217.0620,-74.2361,-28.4282,0.000,NORMAL,1,S_CURVE,,,,,PREVIEW_DEFAULT
217.1620,-74.3288,-28.3908,0.000,NORMAL,1,S_CURVE,,,,,PREVIEW_DEFAULT
217.2620,-74.4210,-28.3521,0.000,NORMAL,1,S_CURVE,,,,,PREVIEW_DEFAULT
217.3619,-74.5126,-28.3120,0.000,NORMAL,1,S_CURVE,,,,,PREVIEW_DEFAULT
217.4620,-74.6036,-28.2705,0.000,NORMAL,1,S_CURVE,,,,,PREVIEW_DEFAULT
217.5619,-74.6938,-28.2275,0.000,NORMAL,1,S_CURVE,,,,,PREVIEW_DEFAULT
217.6618,-74.7833,-28.1830,0.000,NORMAL,1,S_CURVE,,,,,PREVIEW_DEFAULT
217.7619,-74.8721,-28.1369,0.000,NORMAL,1,S_CURVE,,,,,PREVIEW_DEFAULT
217.8619,-74.9600,-28.0893,0.000,NORMAL,1,S_CURVE,,,,,PREVIEW_DEFAULT
217.9619,-75.0471,-28.0401,0.000,NORMAL,1,S_CURVE,,,,,PREVIEW_DEFAULT
218.0618,-75.1332,-27.9894,0.000,NORMAL,1,S_CURVE,,,,,PREVIEW_DEFAULT
218.1618,-75.2185,-27.9372,0.000,NORMAL,1,S_CURVE,,,,,PREVIEW_DEFAULT
218.2618,-75.3028,-27.8835,0.000,NORMAL,1,S_CURVE,,,,,PREVIEW_DEFAULT
218.3617,-75.3861,-27.8283,0.000,NORMAL,1,S_CURVE,,,,,PREVIEW_DEFAULT
218.4618,-75.4685,-27.7715,0.000,NORMAL,1,S_CURVE,,,,,PREVIEW_DEFAULT
218.5617,-75.5498,-27.7134,0.000,NORMAL,1,S_CURVE,,,,,PREVIEW_DEFAULT
218.6617,-75.6301,-27.6538,0.000,NORMAL,1,S_CURVE,,,,,PREVIEW_DEFAULT
218.7618,-75.7094,-27.5928,0.000,NORMAL,1,S_CURVE,,,,,PREVIEW_DEFAULT
218.8617,-75.7876,-27.5306,0.000,NORMAL,1,S_CURVE,,,,,PREVIEW_DEFAULT
218.9617,-75.8648,-27.4670,0.000,NORMAL,1,S_CURVE,,,,,PREVIEW_DEFAULT
219.0617,-75.9410,-27.4023,0.000,NORMAL,1,S_CURVE,,,,,PREVIEW_DEFAULT
219.1617,-76.0163,-27.3365,0.000,NORMAL,1,S_CURVE,,,,,PREVIEW_DEFAULT
219.2616,-76.0906,-27.2696,0.000,NORMAL,1,S_CURVE,,,,,PREVIEW_DEFAULT
219.3616,-76.1640,-27.2017,0.000,NORMAL,1,S_CURVE,,,,,PREVIEW_DEFAULT
219.4616,-76.2365,-27.1329,0.000,NORMAL,1,S_CURVE,,,,,PREVIEW_DEFAULT
219.5615,-76.3081,-27.0632,0.000,NORMAL,1,S_CURVE,,,,,PREVIEW_DEFAULT
219.6615,-76.3789,-26.9926,0.000,NORMAL,1,S_CURVE,,,,,PREVIEW_DEFAULT
219.7615,-76.4489,-26.9211,0.000,NORMAL,1,S_CURVE,,,,,PREVIEW_DEFAULT
219.8615,-76.5180,-26.8489,0.000,NORMAL,1,S_CURVE,,,,,PREVIEW_DEFAULT
219.9615,-76.5864,-26.7759,0.000,NORMAL,1,S_CURVE,,,,,PREVIEW_DEFAULT
220.0615,-76.6539,-26.7022,0.000,NORMAL,1,S_CURVE,,,,,PREVIEW_DEFAULT
220.1614,-76.7207,-26.6278,0.000,NORMAL,1,S_CURVE,,,,,PREVIEW_DEFAULT
220.2614,-76.7867,-26.5527,0.000,NORMAL,1,S_CURVE,,,,,PREVIEW_DEFAULT
220.3614,-76.8520,-26.4770,0.000,NORMAL,1,S_CURVE,,,,,PREVIEW_DEFAULT
220.4614,-76.9165,-26.4006,0.000,NORMAL,1,S_CURVE,,,,,PREVIEW_DEFAULT
220.5614,-76.9803,-26.3236,0.000,NORMAL,1,S_CURVE,,,,,PREVIEW_DEFAULT
220.6614,-77.0432,-26.2459,0.000,NORMAL,1,S_CURVE,,,,,PREVIEW_DEFAULT
220.7614,-77.1054,-26.1676,0.000,NORMAL,1,S_CURVE,,,,,PREVIEW_DEFAULT
220.8613,-77.1668,-26.0887,0.000,NORMAL,1,S_CURVE,,,,,PREVIEW_DEFAULT
220.9613,-77.2274,-26.0092,0.000,NORMAL,1,S_CURVE,,,,,PREVIEW_DEFAULT
221.0613,-77.2872,-25.9291,0.000,NORMAL,1,S_CURVE,,,,,PREVIEW_DEFAULT
221.1613,-77.3462,-25.8483,0.000,NORMAL,1,S_CURVE,,,,,PREVIEW_DEFAULT
221.2613,-77.4044,-25.7670,0.000,NORMAL,1,S_CURVE,,,,,PREVIEW_DEFAULT
221.3612,-77.4617,-25.6851,0.000,NORMAL,1,S_CURVE,,,,,PREVIEW_DEFAULT
221.4612,-77.5182,-25.6026,0.000,NORMAL,1,S_CURVE,,,,,PREVIEW_DEFAULT
221.5612,-77.5738,-25.5195,0.000,NORMAL,1,S_CURVE,,,,,PREVIEW_DEFAULT
221.6612,-77.6285,-25.4358,0.000,NORMAL,1,S_CURVE,,,,,PREVIEW_DEFAULT
221.7612,-77.6822,-25.3515,0.000,NORMAL,1,S_CURVE,,,,,PREVIEW_DEFAULT
221.8612,-77.7349,-25.2665,0.000,NORMAL,1,S_CURVE,,,,,PREVIEW_DEFAULT
221.9612,-77.7866,-25.1809,0.000,NORMAL,1,S_CURVE,,,,,PREVIEW_DEFAULT
222.0612,-77.8371,-25.0946,0.000,NORMAL,1,S_CURVE,,,,,PREVIEW_DEFAULT
222.1611,-77.8864,-25.0077,0.000,NORMAL,1,S_CURVE,,,,,PREVIEW_DEFAULT
222.2611,-77.9345,-24.9200,0.000,NORMAL,1,S_CURVE,,,,,PREVIEW_DEFAULT
222.3610,-77.9813,-24.8317,0.000,NORMAL,1,S_CURVE,,,,,PREVIEW_DEFAULT
222.4611,-78.0268,-24.7426,0.000,NORMAL,1,S_CURVE,,,,,PREVIEW_DEFAULT
222.5610,-78.0708,-24.6529,0.000,NORMAL,1,S_CURVE,,,,,PREVIEW_DEFAULT
222.6611,-78.1135,-24.5624,0.000,NORMAL,1,S_CURVE,,,,,PREVIEW_DEFAULT
222.7610,-78.1546,-24.4713,0.000,NORMAL,1,S_CURVE,,,,,PREVIEW_DEFAULT
222.8610,-78.1944,-24.3796,0.000,NORMAL,1,S_CURVE,,,,,PREVIEW_DEFAULT
222.9609,-78.2328,-24.2873,0.000,NORMAL,1,S_CURVE,,,,,PREVIEW_DEFAULT
223.0609,-78.2698,-24.1944,0.000,NORMAL,1,S_CURVE,,,,,PREVIEW_DEFAULT
223.1609,-78.3056,-24.1011,0.000,NORMAL,1,S_CURVE,,,,,PREVIEW_DEFAULT
223.2609,-78.3403,-24.0073,0.000,NORMAL,1,S_CURVE,,,,,PREVIEW_DEFAULT
223.3608,-78.3738,-23.9131,0.000,NORMAL,1,S_CURVE,,,,,PREVIEW_DEFAULT
223.4609,-78.4063,-23.8185,0.000,NORMAL,1,S_CURVE,,,,,PREVIEW_DEFAULT
223.5609,-78.4378,-23.7236,0.000,NORMAL,1,S_CURVE,,,,,PREVIEW_DEFAULT
223.6608,-78.4685,-23.6285,0.000,NORMAL,1,S_CURVE,,,,,PREVIEW_DEFAULT
223.7608,-78.4982,-23.5330,0.000,NORMAL,1,S_CURVE,,,,,PREVIEW_DEFAULT
223.8608,-78.5271,-23.4373,0.000,NORMAL,1,S_CURVE,,,,,PREVIEW_DEFAULT
223.9608,-78.5551,-23.3413,0.000,NORMAL,1,S_CURVE,,,,,PREVIEW_DEFAULT
224.0608,-78.5823,-23.2451,0.000,NORMAL,1,S_CURVE,,,,,PREVIEW_DEFAULT
224.1608,-78.6086,-23.1486,0.000,NORMAL,1,S_CURVE,,,,,PREVIEW_DEFAULT
224.2608,-78.6340,-23.0519,0.000,NORMAL,1,S_CURVE,,,,,PREVIEW_DEFAULT
224.3607,-78.6586,-22.9550,0.000,NORMAL,1,S_CURVE,,,,,PREVIEW_DEFAULT
224.4606,-78.6821,-22.8579,0.000,NORMAL,1,S_CURVE,,,,,PREVIEW_DEFAULT
224.5607,-78.7047,-22.7604,0.000,NORMAL,1,S_CURVE,,,,,PREVIEW_DEFAULT
224.6607,-78.7262,-22.6628,0.000,NORMAL,1,S_CURVE,,,,,PREVIEW_DEFAULT
224.7607,-78.7466,-22.5649,0.000,NORMAL,1,S_CURVE,,,,,PREVIEW_DEFAULT
224.8606,-78.7659,-22.4668,0.000,NORMAL,1,S_CURVE,,,,,PREVIEW_DEFAULT
224.9606,-78.7839,-22.3685,0.000,NORMAL,1,S_CURVE,,,,,PREVIEW_DEFAULT
225.0606,-78.8007,-22.2699,0.000,NORMAL,1,S_CURVE,,,,,PREVIEW_DEFAULT
225.1606,-78.8161,-22.1711,0.000,NORMAL,1,S_CURVE,,,,,PREVIEW_DEFAULT
225.2606,-78.8302,-22.0721,0.000,NORMAL,1,S_CURVE,,,,,PREVIEW_DEFAULT
225.3605,-78.8428,-21.9730,0.000,NORMAL,1,S_CURVE,,,,,PREVIEW_DEFAULT
225.4605,-78.8539,-21.8736,0.000,NORMAL,1,S_CURVE,,,,,PREVIEW_DEFAULT
225.5605,-78.8636,-21.7741,0.000,NORMAL,1,S_CURVE,,,,,PREVIEW_DEFAULT
225.6605,-78.8716,-21.6744,0.000,NORMAL,1,S_CURVE,,,,,PREVIEW_DEFAULT
225.7604,-78.8781,-21.5747,0.000,NORMAL,1,S_CURVE,,,,,PREVIEW_DEFAULT
225.8604,-78.8830,-21.4748,0.000,NORMAL,1,S_CURVE,,,,,PREVIEW_DEFAULT
225.9604,-78.8863,-21.3749,0.000,NORMAL,1,S_CURVE,,,,,PREVIEW_DEFAULT
226.0604,-78.8880,-21.2749,0.000,NORMAL,1,S_CURVE,,,,,PREVIEW_DEFAULT
226.1604,-78.8880,-21.1749,0.000,NORMAL,1,S_CURVE,,,,,PREVIEW_DEFAULT
226.2604,-78.8864,-21.0749,0.000,NORMAL,1,S_CURVE,,,,,PREVIEW_DEFAULT
226.3604,-78.8832,-20.9750,0.000,NORMAL,1,S_CURVE,,,,,PREVIEW_DEFAULT
226.4603,-78.8784,-20.8752,0.000,NORMAL,1,S_CURVE,,,,,PREVIEW_DEFAULT
226.5603,-78.8720,-20.7754,0.000,NORMAL,1,S_CURVE,,,,,PREVIEW_DEFAULT
226.6603,-78.8641,-20.6757,0.000,NORMAL,1,S_CURVE,,,,,PREVIEW_DEFAULT
226.7602,-78.8547,-20.5762,0.000,NORMAL,1,S_CURVE,,,,,PREVIEW_DEFAULT
226.8602,-78.8439,-20.4768,0.000,NORMAL,1,S_CURVE,,,,,PREVIEW_DEFAULT
226.9602,-78.8316,-20.3776,0.000,NORMAL,1,S_CURVE,,,,,PREVIEW_DEFAULT
227.0602,-78.8179,-20.2785,0.000,NORMAL,1,S_CURVE,,,,,PREVIEW_DEFAULT
227.1602,-78.8029,-20.1797,0.000,NORMAL,1,S_CURVE,,,,,PREVIEW_DEFAULT
227.2602,-78.7867,-20.0810,0.000,NORMAL,1,S_CURVE,,,,,PREVIEW_DEFAULT
227.3601,-78.7692,-19.9826,0.000,NORMAL,1,S_CURVE,,,,,PREVIEW_DEFAULT
227.4601,-78.7507,-19.8843,0.000,NORMAL,1,S_CURVE,,,,,PREVIEW_DEFAULT
227.5601,-78.7310,-19.7863,0.000,NORMAL,1,S_CURVE,,,,,PREVIEW_DEFAULT
227.6600,-78.7104,-19.6885,0.000,NORMAL,1,S_CURVE,,,,,PREVIEW_DEFAULT
227.7601,-78.6886,-19.5909,0.000,NORMAL,1,S_CURVE,,,,,PREVIEW_DEFAULT
227.8601,-78.6658,-19.4935,0.000,NORMAL,1,S_CURVE,,,,,PREVIEW_DEFAULT
227.9601,-78.6420,-19.3964,0.000,NORMAL,1,S_CURVE,,,,,PREVIEW_DEFAULT
228.0600,-78.6170,-19.2996,0.000,NORMAL,1,S_CURVE,,,,,PREVIEW_DEFAULT
228.1600,-78.5908,-19.2031,0.000,NORMAL,1,S_CURVE,,,,,PREVIEW_DEFAULT
228.2600,-78.5633,-19.1070,0.000,NORMAL,1,S_CURVE,,,,,PREVIEW_DEFAULT
228.3600,-78.5344,-19.0113,0.000,NORMAL,1,S_CURVE,,,,,PREVIEW_DEFAULT
228.4600,-78.5040,-18.9160,0.000,NORMAL,1,S_CURVE,,,,,PREVIEW_DEFAULT
228.5599,-78.4720,-18.8213,0.000,NORMAL,1,S_CURVE,,,,,PREVIEW_DEFAULT
228.6599,-78.4382,-18.7272,0.000,NORMAL,1,S_CURVE,,,,,PREVIEW_DEFAULT
228.7599,-78.4027,-18.6337,0.000,NORMAL,1,S_CURVE,,,,,PREVIEW_DEFAULT
228.8252,-78.3785,-18.5731,0.000,NORMAL,1,S_CURVE,S_CURVE_END,EXIT_ZONE,,,PREVIEW_DEFAULT
228.8599,-78.3653,-18.5410,0.000,NORMAL,1,S_CURVE,,,,,PREVIEW_DEFAULT
228.9599,-78.3260,-18.4491,0.000,NORMAL,1,S_CURVE,,,,,PREVIEW_DEFAULT
229.0598,-78.2849,-18.3580,0.000,NORMAL,1,S_CURVE,,,,,PREVIEW_DEFAULT
229.1599,-78.2420,-18.2676,0.000,NORMAL,1,ROUTE,,,,,PREVIEW_DEFAULT
229.2599,-78.1974,-18.1781,0.000,NORMAL,1,ROUTE,,,,,PREVIEW_DEFAULT
229.3598,-78.1512,-18.0895,0.000,NORMAL,1,ROUTE,,,,,PREVIEW_DEFAULT
229.4598,-78.1033,-18.0017,0.000,NORMAL,1,ROUTE,,,,,PREVIEW_DEFAULT
229.5598,-78.0537,-17.9149,0.000,NORMAL,1,ROUTE,,,,,PREVIEW_DEFAULT
229.6598,-78.0025,-17.8290,0.000,NORMAL,1,ROUTE,,,,,PREVIEW_DEFAULT
229.7598,-77.9497,-17.7441,0.000,NORMAL,1,ROUTE,,,,,PREVIEW_DEFAULT
229.8597,-77.8953,-17.6602,0.000,NORMAL,1,ROUTE,,,,,PREVIEW_DEFAULT
229.9597,-77.8393,-17.5774,0.000,NORMAL,1,ROUTE,,,,,PREVIEW_DEFAULT
230.0597,-77.7817,-17.4957,0.000,NORMAL,1,ROUTE,,,,,PREVIEW_DEFAULT
230.1597,-77.7224,-17.4152,0.000,NORMAL,1,ROUTE,,,,,PREVIEW_DEFAULT
230.2596,-77.6614,-17.3360,0.000,NORMAL,1,ROUTE,,,,,PREVIEW_DEFAULT
230.3596,-77.5988,-17.2580,0.000,NORMAL,1,ROUTE,,,,,PREVIEW_DEFAULT
230.4596,-77.5345,-17.1815,0.000,NORMAL,1,ROUTE,,,,,PREVIEW_DEFAULT
230.5595,-77.4685,-17.1064,0.000,NORMAL,1,ROUTE,,,,,PREVIEW_DEFAULT
230.6596,-77.4007,-17.0328,0.000,NORMAL,1,ROUTE,,,,,PREVIEW_DEFAULT
230.7595,-77.3313,-16.9609,0.000,NORMAL,1,ROUTE,,,,,PREVIEW_DEFAULT
230.8595,-77.2602,-16.8906,0.000,NORMAL,1,ROUTE,,,,,PREVIEW_DEFAULT
230.9595,-77.1875,-16.8220,0.000,NORMAL,1,ROUTE,,,,,PREVIEW_DEFAULT
231.0595,-77.1131,-16.7551,0.000,NORMAL,1,ROUTE,,,,,PREVIEW_DEFAULT
231.1595,-77.0373,-16.6900,0.000,NORMAL,1,ROUTE,,,,,PREVIEW_DEFAULT
231.2594,-76.9600,-16.6266,0.000,NORMAL,1,ROUTE,,,,,PREVIEW_DEFAULT
231.3595,-76.8812,-16.5650,0.000,NORMAL,1,ROUTE,,,,,PREVIEW_DEFAULT
231.4594,-76.8011,-16.5052,0.000,NORMAL,1,ROUTE,,,,,PREVIEW_DEFAULT
231.5594,-76.7196,-16.4472,0.000,NORMAL,1,ROUTE,,,,,PREVIEW_DEFAULT
231.6594,-76.6370,-16.3910,0.000,NORMAL,1,ROUTE,,,,,PREVIEW_DEFAULT
231.7593,-76.5531,-16.3366,0.000,NORMAL,1,ROUTE,,,,,PREVIEW_DEFAULT
231.8593,-76.4682,-16.2839,0.000,NORMAL,1,ROUTE,,,,,PREVIEW_DEFAULT
231.9593,-76.3821,-16.2329,0.000,NORMAL,1,ROUTE,,,,,PREVIEW_DEFAULT
232.0593,-76.2951,-16.1837,0.000,NORMAL,1,ROUTE,,,,,PREVIEW_DEFAULT
232.1593,-76.2071,-16.1362,0.000,NORMAL,1,ROUTE,,,,,PREVIEW_DEFAULT
232.2593,-76.1182,-16.0905,0.000,NORMAL,1,ROUTE,,,,,PREVIEW_DEFAULT
232.3592,-76.0284,-16.0466,0.000,NORMAL,1,ROUTE,,,,,PREVIEW_DEFAULT
232.4592,-75.9377,-16.0045,0.000,NORMAL,1,ROUTE,,,,,PREVIEW_DEFAULT
232.5592,-75.8462,-15.9642,0.000,NORMAL,1,ROUTE,,,,,PREVIEW_DEFAULT
232.6592,-75.7539,-15.9257,0.000,NORMAL,1,ROUTE,,,,,PREVIEW_DEFAULT
232.7592,-75.6608,-15.8892,0.000,NORMAL,1,ROUTE,,,,,PREVIEW_DEFAULT
232.8592,-75.5670,-15.8546,0.000,NORMAL,1,ROUTE,,,,,PREVIEW_DEFAULT
232.9591,-75.4725,-15.8221,0.000,NORMAL,1,ROUTE,,,,,PREVIEW_DEFAULT
233.0591,-75.3773,-15.7916,0.000,NORMAL,1,ROUTE,,,,,PREVIEW_DEFAULT
233.1591,-75.2814,-15.7631,0.000,NORMAL,1,ROUTE,,,,,PREVIEW_DEFAULT
233.2590,-75.1850,-15.7368,0.000,NORMAL,1,ROUTE,,,,,PREVIEW_DEFAULT
233.3590,-75.0880,-15.7125,0.000,NORMAL,1,ROUTE,,,,,PREVIEW_DEFAULT
233.4590,-74.9905,-15.6903,0.000,NORMAL,1,ROUTE,,,,,PREVIEW_DEFAULT
233.5590,-74.8926,-15.6701,0.000,NORMAL,1,ROUTE,,,,,PREVIEW_DEFAULT
233.6590,-74.7943,-15.6517,0.000,NORMAL,1,ROUTE,,,,,PREVIEW_DEFAULT
233.7590,-74.6957,-15.6353,0.000,NORMAL,1,ROUTE,,,,,PREVIEW_DEFAULT
233.8589,-74.5968,-15.6206,0.000,NORMAL,1,ROUTE,,,,,PREVIEW_DEFAULT
233.9589,-74.4977,-15.6076,0.000,NORMAL,1,ROUTE,,,,,PREVIEW_DEFAULT
234.0589,-74.3983,-15.5962,0.000,NORMAL,1,ROUTE,,,,,PREVIEW_DEFAULT
234.1589,-74.2988,-15.5863,0.000,NORMAL,1,ROUTE,,,,,PREVIEW_DEFAULT
234.2589,-74.1992,-15.5778,0.000,NORMAL,1,ROUTE,,,,,PREVIEW_DEFAULT
234.3589,-74.0995,-15.5705,0.000,NORMAL,1,ROUTE,,,,,PREVIEW_DEFAULT
234.4588,-73.9997,-15.5645,0.000,NORMAL,1,ROUTE,,,,,PREVIEW_DEFAULT
234.5589,-73.8998,-15.5595,0.000,NORMAL,1,ROUTE,,,,,PREVIEW_DEFAULT
234.6588,-73.7999,-15.5554,0.000,NORMAL,1,ROUTE,,,,,PREVIEW_DEFAULT
234.7588,-73.7000,-15.5522,0.000,NORMAL,1,ROUTE,,,,,PREVIEW_DEFAULT
234.8587,-73.6001,-15.5497,0.000,NORMAL,1,ROUTE,,,,,PREVIEW_DEFAULT
234.9588,-73.5001,-15.5478,0.000,NORMAL,1,ROUTE,,,,,PREVIEW_DEFAULT
235.0588,-73.4001,-15.5465,0.000,NORMAL,1,ROUTE,,,,,PREVIEW_DEFAULT
235.1588,-73.3001,-15.5455,0.000,NORMAL,1,ROUTE,,,,,PREVIEW_DEFAULT
235.2587,-73.2002,-15.5449,0.000,NORMAL,1,ROUTE,,,,,PREVIEW_DEFAULT
235.3587,-73.1002,-15.5444,0.000,NORMAL,1,ROUTE,,,,,PREVIEW_DEFAULT
235.4587,-73.0002,-15.5442,0.000,NORMAL,1,ROUTE,,,,,PREVIEW_DEFAULT
235.5587,-72.9002,-15.5440,0.000,NORMAL,1,ROUTE,,,,,PREVIEW_DEFAULT
235.6587,-72.8002,-15.5439,0.000,NORMAL,1,ROUTE,,,,,PREVIEW_DEFAULT
235.7587,-72.7002,-15.5438,0.000,NORMAL,1,ROUTE,,,,,PREVIEW_DEFAULT
235.8586,-72.6003,-15.5437,0.000,NORMAL,1,ROUTE,,,,,PREVIEW_DEFAULT
235.9586,-72.5003,-15.5437,0.000,NORMAL,1,ROUTE,,,,,PREVIEW_DEFAULT
236.0586,-72.4003,-15.5438,0.000,NORMAL,1,ROUTE,,,,,PREVIEW_DEFAULT
236.1586,-72.3003,-15.5441,0.000,NORMAL,1,ROUTE,,,,,PREVIEW_DEFAULT
236.2586,-72.2003,-15.5447,0.000,NORMAL,1,ROUTE,,,,,PREVIEW_DEFAULT
236.3585,-72.1004,-15.5456,0.000,NORMAL,1,ROUTE,,,,,PREVIEW_DEFAULT
236.4585,-72.0004,-15.5471,0.000,NORMAL,1,ROUTE,,,,,PREVIEW_DEFAULT
236.5585,-71.9004,-15.5491,0.000,NORMAL,1,ROUTE,,,,,PREVIEW_DEFAULT
236.6584,-71.8005,-15.5518,0.000,NORMAL,1,ROUTE,,,,,PREVIEW_DEFAULT
236.7584,-71.7006,-15.5553,0.000,NORMAL,1,ROUTE,,,,,PREVIEW_DEFAULT
236.8584,-71.6007,-15.5596,0.000,NORMAL,1,ROUTE,,,,,PREVIEW_DEFAULT
236.9584,-71.5008,-15.5649,0.000,NORMAL,1,ROUTE,,,,,PREVIEW_DEFAULT
237.0584,-71.4010,-15.5712,0.000,NORMAL,1,ROUTE,,,,,PREVIEW_DEFAULT
237.1584,-71.3013,-15.5784,0.000,NORMAL,1,ROUTE,,,,,PREVIEW_DEFAULT
237.2583,-71.2017,-15.5868,0.000,NORMAL,1,ROUTE,,,,,PREVIEW_DEFAULT
237.3584,-71.1021,-15.5962,0.000,NORMAL,1,ROUTE,,,,,PREVIEW_DEFAULT
237.4583,-71.0027,-15.6067,0.000,NORMAL,1,ROUTE,,,,,PREVIEW_DEFAULT
237.5583,-70.9034,-15.6183,0.000,NORMAL,1,ROUTE,,,,,PREVIEW_DEFAULT
237.6583,-70.8042,-15.6309,0.000,NORMAL,1,ROUTE,,,,,PREVIEW_DEFAULT
237.7582,-70.7052,-15.6445,0.000,NORMAL,1,ROUTE,,,,,PREVIEW_DEFAULT
237.8582,-70.6063,-15.6592,0.000,NORMAL,1,ROUTE,,,,,PREVIEW_DEFAULT
237.9583,-70.5075,-15.6748,0.000,NORMAL,1,ROUTE,,,,,PREVIEW_DEFAULT
238.0582,-70.4089,-15.6912,0.000,NORMAL,1,ROUTE,,,,,PREVIEW_DEFAULT
238.1582,-70.3104,-15.7086,0.000,NORMAL,1,ROUTE,,,,,PREVIEW_DEFAULT
238.2582,-70.2121,-15.7267,0.000,NORMAL,1,ROUTE,,,,,PREVIEW_DEFAULT
238.3582,-70.1139,-15.7456,0.000,NORMAL,1,ROUTE,,,,,PREVIEW_DEFAULT
238.4581,-70.0159,-15.7652,0.000,NORMAL,1,ROUTE,,,,,PREVIEW_DEFAULT
238.5581,-69.9180,-15.7854,0.000,NORMAL,1,ROUTE,,,,,PREVIEW_DEFAULT
238.6581,-69.8202,-15.8061,0.000,NORMAL,1,ROUTE,,,,,PREVIEW_DEFAULT
238.7581,-69.7225,-15.8274,0.000,NORMAL,1,ROUTE,,,,,PREVIEW_DEFAULT
238.8581,-69.6249,-15.8492,0.000,NORMAL,1,ROUTE,,,,,PREVIEW_DEFAULT
238.9581,-69.5274,-15.8714,0.000,NORMAL,1,ROUTE,,,,,PREVIEW_DEFAULT
239.0580,-69.4300,-15.8939,0.000,NORMAL,1,ROUTE,,,,,PREVIEW_DEFAULT
239.1581,-69.3326,-15.9168,0.000,NORMAL,1,ROUTE,,,,,PREVIEW_DEFAULT
239.2580,-69.2354,-15.9400,0.000,NORMAL,1,ROUTE,,,,,PREVIEW_DEFAULT
239.3580,-69.1382,-15.9634,0.000,NORMAL,1,ROUTE,,,,,PREVIEW_DEFAULT
239.4580,-69.0410,-15.9871,0.000,NORMAL,1,ROUTE,,,,,PREVIEW_DEFAULT
239.5579,-68.9440,-16.0109,0.000,NORMAL,1,ROUTE,,,,,PREVIEW_DEFAULT
239.6580,-68.8469,-16.0350,0.000,NORMAL,1,ROUTE,,,,,PREVIEW_DEFAULT
239.7580,-68.7499,-16.0593,0.000,NORMAL,1,ROUTE,,,,,PREVIEW_DEFAULT
239.8579,-68.6530,-16.0838,0.000,NORMAL,1,ROUTE,,,,,PREVIEW_DEFAULT
239.9579,-68.5561,-16.1084,0.000,NORMAL,1,ROUTE,,,,,PREVIEW_DEFAULT
240.0579,-68.4592,-16.1332,0.000,NORMAL,1,ROUTE,,,,,PREVIEW_DEFAULT
240.1578,-68.3624,-16.1581,0.000,NORMAL,1,ROUTE,,,,,PREVIEW_DEFAULT
240.2579,-68.2656,-16.1832,0.000,NORMAL,1,ROUTE,,,,,PREVIEW_DEFAULT
240.3579,-68.1688,-16.2083,0.000,NORMAL,1,ROUTE,,,,,PREVIEW_DEFAULT
240.4578,-68.0721,-16.2336,0.000,NORMAL,1,ROUTE,,,,,PREVIEW_DEFAULT
240.5577,-67.9754,-16.2588,0.000,NORMAL,1,ROUTE,,,,,PREVIEW_DEFAULT
240.6578,-67.8786,-16.2841,0.000,NORMAL,1,ROUTE,,,,,PREVIEW_DEFAULT
240.7578,-67.7819,-16.3095,0.000,NORMAL,1,ROUTE,,,,,PREVIEW_DEFAULT
240.8577,-67.6852,-16.3347,0.000,NORMAL,1,ROUTE,,,,,PREVIEW_DEFAULT
240.9577,-67.5884,-16.3599,0.000,NORMAL,1,ROUTE,,,,,PREVIEW_DEFAULT
241.0577,-67.4916,-16.3850,0.000,NORMAL,1,ROUTE,,,,,PREVIEW_DEFAULT
241.1577,-67.3948,-16.4100,0.000,NORMAL,1,ROUTE,,,,,PREVIEW_DEFAULT
241.2576,-67.2980,-16.4348,0.000,NORMAL,1,ROUTE,,,,,PREVIEW_DEFAULT
241.3576,-67.2011,-16.4595,0.000,NORMAL,1,ROUTE,,,,,PREVIEW_DEFAULT
241.4576,-67.1041,-16.4839,0.000,NORMAL,1,ROUTE,,,,,PREVIEW_DEFAULT
241.5576,-67.0071,-16.5081,0.000,NORMAL,1,ROUTE,,,,,PREVIEW_DEFAULT
241.6576,-66.9100,-16.5321,0.000,NORMAL,1,ROUTE,,,,,PREVIEW_DEFAULT
241.7576,-66.8129,-16.5559,0.000,NORMAL,1,ROUTE,,,,,PREVIEW_DEFAULT
241.8575,-66.7158,-16.5795,0.000,NORMAL,1,ROUTE,,,,,PREVIEW_DEFAULT
241.9575,-66.6186,-16.6029,0.000,NORMAL,1,ROUTE,,,,,PREVIEW_DEFAULT
242.0576,-66.5213,-16.6262,0.000,NORMAL,1,ROUTE,,,,,PREVIEW_DEFAULT
242.1575,-66.4241,-16.6495,0.000,NORMAL,1,ROUTE,,,,,PREVIEW_DEFAULT
242.2575,-66.3269,-16.6729,0.000,NORMAL,1,ROUTE,,,,,PREVIEW_DEFAULT
242.3575,-66.2297,-16.6962,0.000,NORMAL,1,ROUTE,,,,,PREVIEW_DEFAULT
242.4575,-66.1325,-16.7197,0.000,NORMAL,1,ROUTE,,,,,PREVIEW_DEFAULT
242.5575,-66.0353,-16.7433,0.000,NORMAL,1,ROUTE,,,,,PREVIEW_DEFAULT
242.6575,-65.9382,-16.7671,0.000,NORMAL,1,ROUTE,,,,,PREVIEW_DEFAULT
242.7574,-65.8412,-16.7911,0.000,NORMAL,1,ROUTE,,,,,PREVIEW_DEFAULT
242.8574,-65.7441,-16.8151,0.000,NORMAL,1,ROUTE,,,,,PREVIEW_DEFAULT
242.9574,-65.6471,-16.8393,0.000,NORMAL,1,ROUTE,,,,,PREVIEW_DEFAULT
243.0573,-65.5501,-16.8635,0.000,NORMAL,1,ROUTE,,,,,PREVIEW_DEFAULT
243.1573,-65.4531,-16.8877,0.000,NORMAL,1,ROUTE,,,,,PREVIEW_DEFAULT
243.2573,-65.3561,-16.9119,0.000,NORMAL,1,ROUTE,,,,,PREVIEW_DEFAULT
243.3573,-65.2590,-16.9360,0.000,NORMAL,1,ROUTE,,,,,PREVIEW_DEFAULT
243.4573,-65.1619,-16.9599,0.000,NORMAL,1,ROUTE,,,,,PREVIEW_DEFAULT
243.5573,-65.0648,-16.9837,0.000,NORMAL,1,ROUTE,,,,,PREVIEW_DEFAULT
243.6572,-64.9677,-17.0072,0.000,NORMAL,1,ROUTE,,,,,PREVIEW_DEFAULT
243.7572,-64.8705,-17.0306,0.000,NORMAL,1,ROUTE,,,,,PREVIEW_DEFAULT
243.8572,-64.7732,-17.0538,0.000,NORMAL,1,ROUTE,,,,,PREVIEW_DEFAULT
243.9572,-64.6759,-17.0768,0.000,NORMAL,1,ROUTE,,,,,PREVIEW_DEFAULT
244.0572,-64.5785,-17.0996,0.000,NORMAL,1,ROUTE,,,,,PREVIEW_DEFAULT
244.1572,-64.4811,-17.1222,0.000,NORMAL,1,ROUTE,,,,,PREVIEW_DEFAULT
244.2572,-64.3837,-17.1446,0.000,NORMAL,1,ROUTE,,,,,PREVIEW_DEFAULT
244.3571,-64.2863,-17.1669,0.000,NORMAL,1,ROUTE,,,,,PREVIEW_DEFAULT
244.4571,-64.1888,-17.1891,0.000,NORMAL,1,ROUTE,,,,,PREVIEW_DEFAULT
244.5571,-64.0912,-17.2111,0.000,NORMAL,1,ROUTE,,,,,PREVIEW_DEFAULT
244.6571,-63.9937,-17.2330,0.000,NORMAL,1,ROUTE,,,,,PREVIEW_DEFAULT
244.7570,-63.8961,-17.2547,0.000,NORMAL,1,ROUTE,,,,,PREVIEW_DEFAULT
244.8570,-63.7985,-17.2764,0.000,NORMAL,1,ROUTE,,,,,PREVIEW_DEFAULT
244.9570,-63.7009,-17.2980,0.000,NORMAL,1,ROUTE,,,,,PREVIEW_DEFAULT
245.0570,-63.6032,-17.3196,0.000,NORMAL,1,ROUTE,,,,,PREVIEW_DEFAULT
245.1570,-63.5056,-17.3411,0.000,NORMAL,1,ROUTE,,,,,PREVIEW_DEFAULT
245.2569,-63.4080,-17.3627,0.000,NORMAL,1,ROUTE,,,,,PREVIEW_DEFAULT
245.3569,-63.3104,-17.3844,0.000,NORMAL,1,ROUTE,,,,,PREVIEW_DEFAULT
245.4569,-63.2128,-17.4061,0.000,NORMAL,1,ROUTE,,,,,PREVIEW_DEFAULT
245.5569,-63.1152,-17.4280,0.000,NORMAL,1,ROUTE,,,,,PREVIEW_DEFAULT
245.6569,-63.0177,-17.4501,0.000,NORMAL,1,ROUTE,,,,,PREVIEW_DEFAULT
245.7569,-62.9202,-17.4724,0.000,NORMAL,1,ROUTE,,,,,PREVIEW_DEFAULT
245.8569,-62.8228,-17.4950,0.000,NORMAL,1,ROUTE,,,,,PREVIEW_DEFAULT
245.9569,-62.7255,-17.5179,0.000,NORMAL,1,ROUTE,,,,,PREVIEW_DEFAULT
246.0568,-62.6283,-17.5411,0.000,NORMAL,1,ROUTE,,,,,PREVIEW_DEFAULT
246.1568,-62.5311,-17.5646,0.000,NORMAL,1,ROUTE,,,,,PREVIEW_DEFAULT
246.2568,-62.4340,-17.5885,0.000,NORMAL,1,ROUTE,,,,,PREVIEW_DEFAULT
246.3568,-62.3370,-17.6126,0.000,NORMAL,1,ROUTE,,,,,PREVIEW_DEFAULT
246.4568,-62.2400,-17.6371,0.000,NORMAL,1,ROUTE,,,,,PREVIEW_DEFAULT
246.5568,-62.1431,-17.6618,0.000,NORMAL,1,ROUTE,,,,,PREVIEW_DEFAULT
246.6568,-62.0463,-17.6868,0.000,NORMAL,1,ROUTE,,,,,PREVIEW_DEFAULT
246.7567,-61.9496,-17.7121,0.000,NORMAL,1,ROUTE,,,,,PREVIEW_DEFAULT
246.8567,-61.8529,-17.7376,0.000,NORMAL,1,ROUTE,,,,,PREVIEW_DEFAULT
246.9567,-61.7563,-17.7634,0.000,NORMAL,1,ROUTE,,,,,PREVIEW_DEFAULT
247.0567,-61.6598,-17.7894,0.000,NORMAL,1,ROUTE,,,,,PREVIEW_DEFAULT
247.1567,-61.5633,-17.8156,0.000,NORMAL,1,ROUTE,,,,,PREVIEW_DEFAULT
247.2567,-61.4668,-17.8419,0.000,NORMAL,1,ROUTE,,,,,PREVIEW_DEFAULT
247.3566,-61.3705,-17.8685,0.000,NORMAL,1,ROUTE,,,,,PREVIEW_DEFAULT
247.4566,-61.2741,-17.8952,0.000,NORMAL,1,ROUTE,,,,,PREVIEW_DEFAULT
247.5566,-61.1778,-17.9221,0.000,NORMAL,1,ROUTE,,,,,PREVIEW_DEFAULT
247.6566,-61.0815,-17.9491,0.000,NORMAL,1,ROUTE,,,,,PREVIEW_DEFAULT
247.7566,-60.9853,-17.9762,0.000,NORMAL,1,ROUTE,,,,,PREVIEW_DEFAULT
247.8565,-60.8891,-18.0034,0.000,NORMAL,1,ROUTE,,,,,PREVIEW_DEFAULT
247.9565,-60.7929,-18.0307,0.000,NORMAL,1,ROUTE,,,,,PREVIEW_DEFAULT
248.0565,-60.6968,-18.0581,0.000,NORMAL,1,ROUTE,,,,,PREVIEW_DEFAULT
248.1565,-60.6006,-18.0856,0.000,NORMAL,1,ROUTE,,,,,PREVIEW_DEFAULT
248.2565,-60.5045,-18.1131,0.000,NORMAL,1,ROUTE,,,,,PREVIEW_DEFAULT
248.3565,-60.4084,-18.1407,0.000,NORMAL,1,ROUTE,,,,,PREVIEW_DEFAULT
248.4565,-60.3123,-18.1684,0.000,NORMAL,1,ROUTE,,,,,PREVIEW_DEFAULT
248.5564,-60.2163,-18.1962,0.000,NORMAL,1,ROUTE,,,,,PREVIEW_DEFAULT
248.6564,-60.1203,-18.2242,0.000,NORMAL,1,ROUTE,,,,,PREVIEW_DEFAULT
248.7564,-60.0244,-18.2524,0.000,NORMAL,1,ROUTE,,,,,PREVIEW_DEFAULT
248.8564,-59.9285,-18.2809,0.000,NORMAL,1,ROUTE,,,,,PREVIEW_DEFAULT
248.9563,-59.8328,-18.3096,0.000,NORMAL,1,ROUTE,,,,,PREVIEW_DEFAULT
249.0564,-59.7371,-18.3387,0.000,NORMAL,1,ROUTE,,,,,PREVIEW_DEFAULT
249.1563,-59.6416,-18.3682,0.000,NORMAL,1,ROUTE,,,,,PREVIEW_DEFAULT
249.2563,-59.5462,-18.3982,0.000,NORMAL,1,ROUTE,,,,,PREVIEW_DEFAULT
249.3563,-59.4510,-18.4287,0.000,NORMAL,1,ROUTE,,,,,PREVIEW_DEFAULT
249.4563,-59.3559,-18.4597,0.000,NORMAL,1,ROUTE,,,,,PREVIEW_DEFAULT
249.5563,-59.2611,-18.4914,0.000,NORMAL,1,ROUTE,,,,,PREVIEW_DEFAULT
249.6563,-59.1665,-18.5238,0.000,NORMAL,1,ROUTE,,,,,PREVIEW_DEFAULT
249.7562,-59.0722,-18.5568,0.000,NORMAL,1,ROUTE,,,,,PREVIEW_DEFAULT
249.8562,-58.9781,-18.5906,0.000,NORMAL,1,ROUTE,,,,,PREVIEW_DEFAULT
249.9562,-58.8842,-18.6251,0.000,NORMAL,1,ROUTE,,,,,PREVIEW_DEFAULT
250.0562,-58.7906,-18.6603,0.000,NORMAL,1,ROUTE,,,,,PREVIEW_DEFAULT
250.1562,-58.6973,-18.6962,0.000,NORMAL,1,ROUTE,,,,,PREVIEW_DEFAULT
250.2562,-58.6042,-18.7327,0.000,NORMAL,1,ROUTE,,,,,PREVIEW_DEFAULT
250.3562,-58.5113,-18.7697,0.000,NORMAL,1,ROUTE,,,,,PREVIEW_DEFAULT
250.4561,-58.4186,-18.8071,0.000,NORMAL,1,ROUTE,,,,,PREVIEW_DEFAULT
250.5561,-58.3260,-18.8449,0.000,NORMAL,1,ROUTE,,,,,PREVIEW_DEFAULT
250.6561,-58.2335,-18.8828,0.000,NORMAL,1,ROUTE,,,,,PREVIEW_DEFAULT
250.7560,-58.1411,-18.9209,0.000,NORMAL,1,ROUTE,,,,,PREVIEW_DEFAULT
250.8560,-58.0486,-18.9589,0.000,NORMAL,1,ROUTE,,,,,PREVIEW_DEFAULT
250.9560,-57.9561,-18.9968,0.000,NORMAL,1,ROUTE,,,,,PREVIEW_DEFAULT
251.0559,-57.8635,-19.0344,0.000,NORMAL,1,ROUTE,,,,,PREVIEW_DEFAULT
251.1560,-57.7707,-19.0717,0.000,NORMAL,1,ROUTE,,,,,PREVIEW_DEFAULT
251.2560,-57.6778,-19.1087,0.000,NORMAL,1,ROUTE,,,,,PREVIEW_DEFAULT
251.3559,-57.5847,-19.1451,0.000,NORMAL,1,ROUTE,,,,,PREVIEW_DEFAULT
251.4559,-57.4914,-19.1810,0.000,NORMAL,1,ROUTE,,,,,PREVIEW_DEFAULT
251.5560,-57.3978,-19.2164,0.000,NORMAL,1,ROUTE,,,,,PREVIEW_DEFAULT
251.6559,-57.3041,-19.2511,0.000,NORMAL,1,ROUTE,,,,,PREVIEW_DEFAULT
251.7559,-57.2101,-19.2853,0.000,NORMAL,1,ROUTE,,,,,PREVIEW_DEFAULT
251.8558,-57.1160,-19.3188,0.000,NORMAL,1,ROUTE,,,,,PREVIEW_DEFAULT
251.9558,-57.0216,-19.3518,0.000,NORMAL,1,ROUTE,,,,,PREVIEW_DEFAULT
252.0558,-56.9270,-19.3842,0.000,NORMAL,1,ROUTE,,,,,PREVIEW_DEFAULT
252.1558,-56.8322,-19.4161,0.000,NORMAL,1,ROUTE,,,,,PREVIEW_DEFAULT
252.2558,-56.7373,-19.4475,0.000,NORMAL,1,ROUTE,,,,,PREVIEW_DEFAULT
252.3558,-56.6422,-19.4785,0.000,NORMAL,1,ROUTE,,,,,PREVIEW_DEFAULT
252.4557,-56.5471,-19.5092,0.000,NORMAL,1,ROUTE,,,,,PREVIEW_DEFAULT
252.5557,-56.4519,-19.5397,0.000,NORMAL,1,ROUTE,,,,,PREVIEW_DEFAULT
252.6557,-56.3566,-19.5701,0.000,NORMAL,1,ROUTE,,,,,PREVIEW_DEFAULT
252.7557,-56.2613,-19.6004,0.000,NORMAL,1,ROUTE,,,,,PREVIEW_DEFAULT
252.8556,-56.1661,-19.6307,0.000,NORMAL,1,ROUTE,,,,,PREVIEW_DEFAULT
252.9557,-56.0708,-19.6612,0.000,NORMAL,1,ROUTE,,,,,PREVIEW_DEFAULT
253.0557,-55.9756,-19.6917,0.000,NORMAL,1,ROUTE,,,,,PREVIEW_DEFAULT
253.1556,-55.8805,-19.7225,0.000,NORMAL,1,ROUTE,,,,,PREVIEW_DEFAULT
253.2557,-55.7854,-19.7535,0.000,NORMAL,1,ROUTE,,,,,PREVIEW_DEFAULT
253.3556,-55.6905,-19.7848,0.000,NORMAL,1,ROUTE,,,,,PREVIEW_DEFAULT
253.4556,-55.5956,-19.8164,0.000,NORMAL,1,ROUTE,,,,,PREVIEW_DEFAULT
253.5555,-55.5009,-19.8483,0.000,NORMAL,1,ROUTE,,,,,PREVIEW_DEFAULT
253.6555,-55.4063,-19.8807,0.000,NORMAL,1,ROUTE,,,,,PREVIEW_DEFAULT
253.7555,-55.3118,-19.9134,0.000,NORMAL,1,ROUTE,,,,,PREVIEW_DEFAULT
253.8555,-55.2175,-19.9466,0.000,NORMAL,1,ROUTE,,,,,PREVIEW_DEFAULT
253.9555,-55.1233,-19.9801,0.000,NORMAL,1,ROUTE,,,,,PREVIEW_DEFAULT
254.0554,-55.0293,-20.0141,0.000,NORMAL,1,ROUTE,,,,,PREVIEW_DEFAULT
254.1554,-54.9354,-20.0484,0.000,NORMAL,1,ROUTE,,,,,PREVIEW_DEFAULT
254.2555,-54.8416,-20.0832,0.000,NORMAL,1,ROUTE,,,,,PREVIEW_DEFAULT
254.3554,-54.7480,-20.1182,0.000,NORMAL,1,ROUTE,,,,,PREVIEW_DEFAULT
254.4554,-54.6544,-20.1535,0.000,NORMAL,1,ROUTE,,,,,PREVIEW_DEFAULT
254.5554,-54.5609,-20.1890,0.000,NORMAL,1,ROUTE,,,,,PREVIEW_DEFAULT
254.6554,-54.4675,-20.2247,0.000,NORMAL,1,ROUTE,,,,,PREVIEW_DEFAULT
254.7553,-54.3742,-20.2604,0.000,NORMAL,1,ROUTE,,,,,PREVIEW_DEFAULT
254.8553,-54.2808,-20.2961,0.000,NORMAL,1,ROUTE,,,,,PREVIEW_DEFAULT
254.9553,-54.1874,-20.3319,0.000,NORMAL,1,ROUTE,,,,,PREVIEW_DEFAULT
255.0553,-54.0940,-20.3675,0.000,NORMAL,1,ROUTE,,,,,PREVIEW_DEFAULT
255.1553,-54.0005,-20.4031,0.000,NORMAL,1,ROUTE,,,,,PREVIEW_DEFAULT
255.2552,-53.9071,-20.4385,0.000,NORMAL,1,ROUTE,,,,,PREVIEW_DEFAULT
255.3553,-53.8135,-20.4739,0.000,NORMAL,1,ROUTE,,,,,PREVIEW_DEFAULT
255.4552,-53.7200,-20.5091,0.000,NORMAL,1,ROUTE,,,,,PREVIEW_DEFAULT
255.5552,-53.6264,-20.5443,0.000,NORMAL,1,ROUTE,,,,,PREVIEW_DEFAULT
255.6553,-53.5327,-20.5794,0.000,NORMAL,1,ROUTE,,,,,PREVIEW_DEFAULT
255.7552,-53.4391,-20.6144,0.000,NORMAL,1,ROUTE,,,,,PREVIEW_DEFAULT
255.8551,-53.3455,-20.6494,0.000,NORMAL,1,ROUTE,,,,,PREVIEW_DEFAULT
255.9552,-53.2518,-20.6845,0.000,NORMAL,1,ROUTE,,,,,PREVIEW_DEFAULT
256.0551,-53.1582,-20.7196,0.000,NORMAL,1,ROUTE,,,,,PREVIEW_DEFAULT
256.1551,-53.0646,-20.7547,0.000,NORMAL,1,ROUTE,,,,,PREVIEW_DEFAULT
256.2551,-52.9710,-20.7899,0.000,NORMAL,1,ROUTE,,,,,PREVIEW_DEFAULT
256.3551,-52.8775,-20.8253,0.000,NORMAL,1,ROUTE,,,,,PREVIEW_DEFAULT
256.4551,-52.7840,-20.8608,0.000,NORMAL,1,ROUTE,,,,,PREVIEW_DEFAULT
256.5550,-52.6906,-20.8964,0.000,NORMAL,1,ROUTE,,,,,PREVIEW_DEFAULT
256.6551,-52.5972,-20.9322,0.000,NORMAL,1,ROUTE,,,,,PREVIEW_DEFAULT
256.7550,-52.5040,-20.9682,0.000,NORMAL,1,ROUTE,,,,,PREVIEW_DEFAULT
256.8550,-52.4108,-21.0044,0.000,NORMAL,1,ROUTE,,,,,PREVIEW_DEFAULT
256.9550,-52.3176,-21.0407,0.000,NORMAL,1,ROUTE,,,,,PREVIEW_DEFAULT
257.0550,-52.2245,-21.0772,0.000,NORMAL,1,ROUTE,,,,,PREVIEW_DEFAULT
257.1549,-52.1315,-21.1138,0.000,NORMAL,1,ROUTE,,,,,PREVIEW_DEFAULT
257.2549,-52.0385,-21.1506,0.000,NORMAL,1,ROUTE,,,,,PREVIEW_DEFAULT
257.3549,-51.9456,-21.1874,0.000,NORMAL,1,ROUTE,,,,,PREVIEW_DEFAULT
257.4549,-51.8527,-21.2244,0.000,NORMAL,1,ROUTE,,,,,PREVIEW_DEFAULT
257.5549,-51.7598,-21.2614,0.000,NORMAL,1,ROUTE,,,,,PREVIEW_DEFAULT
257.6549,-51.6669,-21.2985,0.000,NORMAL,1,ROUTE,,,,,PREVIEW_DEFAULT
257.7548,-51.5741,-21.3356,0.000,NORMAL,1,ROUTE,,,,,PREVIEW_DEFAULT
257.8549,-51.4813,-21.3729,0.000,NORMAL,1,ROUTE,,,,,PREVIEW_DEFAULT
257.9548,-51.3885,-21.4101,0.000,NORMAL,1,ROUTE,,,,,PREVIEW_DEFAULT
258.0548,-51.2958,-21.4475,0.000,NORMAL,1,ROUTE,,,,,PREVIEW_DEFAULT
258.1548,-51.2030,-21.4848,0.000,NORMAL,1,ROUTE,,,,,PREVIEW_DEFAULT
258.2548,-51.1103,-21.5222,0.000,NORMAL,1,ROUTE,,,,,PREVIEW_DEFAULT
258.3548,-51.0176,-21.5597,0.000,NORMAL,1,ROUTE,,,,,PREVIEW_DEFAULT
258.4547,-50.9249,-21.5971,0.000,NORMAL,1,ROUTE,,,,,PREVIEW_DEFAULT
258.5547,-50.8322,-21.6346,0.000,NORMAL,1,ROUTE,,,,,PREVIEW_DEFAULT
258.6547,-50.7395,-21.6720,0.000,NORMAL,1,ROUTE,,,,,PREVIEW_DEFAULT
258.7547,-50.6467,-21.7093,0.000,NORMAL,1,ROUTE,,,,,PREVIEW_DEFAULT
258.8546,-50.5540,-21.7466,0.000,NORMAL,1,ROUTE,,,,,PREVIEW_DEFAULT
258.9547,-50.4611,-21.7838,0.000,NORMAL,1,ROUTE,,,,,PREVIEW_DEFAULT
259.0546,-50.3683,-21.8208,0.000,NORMAL,1,ROUTE,,,,,PREVIEW_DEFAULT
259.1547,-50.2753,-21.8577,0.000,NORMAL,1,ROUTE,,,,,PREVIEW_DEFAULT
259.2546,-50.1824,-21.8945,0.000,NORMAL,1,ROUTE,,,,,PREVIEW_DEFAULT
259.3546,-50.0893,-21.9311,0.000,NORMAL,1,ROUTE,,,,,PREVIEW_DEFAULT
259.4545,-49.9963,-21.9676,0.000,NORMAL,1,ROUTE,,,,,PREVIEW_DEFAULT
259.5545,-49.9032,-22.0041,0.000,NORMAL,1,ROUTE,,,,,PREVIEW_DEFAULT
259.6545,-49.8101,-22.0405,0.000,NORMAL,1,ROUTE,,,,,PREVIEW_DEFAULT
259.7545,-49.7170,-22.0770,0.000,NORMAL,1,ROUTE,,,,,PREVIEW_DEFAULT
259.8545,-49.6239,-22.1135,0.000,NORMAL,1,ROUTE,,,,,PREVIEW_DEFAULT
259.9545,-49.5308,-22.1501,0.000,NORMAL,1,ROUTE,,,,,PREVIEW_DEFAULT
260.0322,-49.4586,-22.1787,0.000,TRAFFIC,1,TRAFFIC,TRAFFIC_2_RED_STOP,STOP_IF_CONDITION,TRAFFIC_LIGHT_RED,,PREVIEW_DEFAULT
260.0544,-49.4379,-22.1869,0.000,TRAFFIC,1,TRAFFIC,,,TRAFFIC_LIGHT_RED,,PREVIEW_DEFAULT
260.1545,-49.3450,-22.2240,0.000,TRAFFIC,1,TRAFFIC,,,TRAFFIC_LIGHT_RED,,PREVIEW_DEFAULT
260.2544,-49.2523,-22.2613,0.000,TRAFFIC,1,TRAFFIC,,,TRAFFIC_LIGHT_RED,,PREVIEW_DEFAULT
260.3544,-49.1596,-22.2989,0.000,TRAFFIC,1,TRAFFIC,,,TRAFFIC_LIGHT_RED,,PREVIEW_DEFAULT
260.4544,-49.0671,-22.3368,0.000,TRAFFIC,1,TRAFFIC,,,TRAFFIC_LIGHT_RED,,PREVIEW_DEFAULT
260.5543,-48.9748,-22.3751,0.000,TRAFFIC,1,TRAFFIC,,,TRAFFIC_LIGHT_RED,,PREVIEW_DEFAULT
260.6544,-48.8826,-22.4139,0.000,TRAFFIC,1,TRAFFIC,,,TRAFFIC_LIGHT_RED,,PREVIEW_DEFAULT
260.7543,-48.7906,-22.4530,0.000,TRAFFIC,1,TRAFFIC,,,TRAFFIC_LIGHT_RED,,PREVIEW_DEFAULT
260.8543,-48.6988,-22.4926,0.000,TRAFFIC,1,TRAFFIC,,,TRAFFIC_LIGHT_RED,,PREVIEW_DEFAULT
260.9543,-48.6072,-22.5327,0.000,TRAFFIC,1,TRAFFIC,,,TRAFFIC_LIGHT_RED,,PREVIEW_DEFAULT
261.0543,-48.5159,-22.5734,0.000,TRAFFIC,1,TRAFFIC,,,TRAFFIC_LIGHT_RED,,PREVIEW_DEFAULT
261.1543,-48.4247,-22.6145,0.000,TRAFFIC,1,TRAFFIC,,,TRAFFIC_LIGHT_RED,,PREVIEW_DEFAULT
261.2543,-48.3338,-22.6562,0.000,TRAFFIC,1,TRAFFIC,,,TRAFFIC_LIGHT_RED,,PREVIEW_DEFAULT
261.3542,-48.2432,-22.6983,0.000,TRAFFIC,1,TRAFFIC,,,TRAFFIC_LIGHT_RED,,PREVIEW_DEFAULT
261.4543,-48.1527,-22.7410,0.000,TRAFFIC,1,TRAFFIC,,,TRAFFIC_LIGHT_RED,,PREVIEW_DEFAULT
261.5542,-48.0625,-22.7841,0.000,TRAFFIC,1,TRAFFIC,,,TRAFFIC_LIGHT_RED,,PREVIEW_DEFAULT
261.6542,-47.9725,-22.8276,0.000,TRAFFIC,1,TRAFFIC,,,TRAFFIC_LIGHT_RED,,PREVIEW_DEFAULT
261.7542,-47.8826,-22.8713,0.000,TRAFFIC,1,TRAFFIC,,,TRAFFIC_LIGHT_RED,,PREVIEW_DEFAULT
261.8542,-47.7928,-22.9153,0.000,TRAFFIC,1,TRAFFIC,,,TRAFFIC_LIGHT_RED,,PREVIEW_DEFAULT
261.9541,-47.7031,-22.9594,0.000,TRAFFIC,1,TRAFFIC,,,TRAFFIC_LIGHT_RED,,PREVIEW_DEFAULT
262.0541,-47.6133,-23.0034,0.000,TRAFFIC,1,TRAFFIC,,,TRAFFIC_LIGHT_RED,,PREVIEW_DEFAULT
262.1541,-47.5234,-23.0471,0.000,TRAFFIC,1,TRAFFIC,,,TRAFFIC_LIGHT_RED,,PREVIEW_DEFAULT
262.2541,-47.4332,-23.0904,0.000,TRAFFIC,1,TRAFFIC,,,TRAFFIC_LIGHT_RED,,PREVIEW_DEFAULT
262.3540,-47.3428,-23.1329,0.000,TRAFFIC,1,TRAFFIC,,,TRAFFIC_LIGHT_RED,,PREVIEW_DEFAULT
262.4541,-47.2518,-23.1745,0.000,TRAFFIC,1,TRAFFIC,,,TRAFFIC_LIGHT_RED,,PREVIEW_DEFAULT
262.5540,-47.1604,-23.2149,0.000,TRAFFIC,1,TRAFFIC,,,TRAFFIC_LIGHT_RED,,PREVIEW_DEFAULT
262.6540,-47.0682,-23.2537,0.000,TRAFFIC,1,TRAFFIC,,,TRAFFIC_LIGHT_RED,,PREVIEW_DEFAULT
262.7539,-46.9754,-23.2907,0.000,TRAFFIC,1,TRAFFIC,,,TRAFFIC_LIGHT_RED,,PREVIEW_DEFAULT
262.8539,-46.8817,-23.3256,0.000,TRAFFIC,1,TRAFFIC,,,TRAFFIC_LIGHT_RED,,PREVIEW_DEFAULT
262.9540,-46.7871,-23.3581,0.000,TRAFFIC,1,TRAFFIC,,,TRAFFIC_LIGHT_RED,,PREVIEW_DEFAULT
263.0516,-46.6939,-23.3871,0.000,TRAFFIC,1,TRAFFIC,TRAFFIC_2_RED_STOP_END,,TRAFFIC_LIGHT_RED,,PREVIEW_DEFAULT
263.0540,-46.6916,-23.3878,0.000,TRAFFIC,1,TRAFFIC,,,TRAFFIC_LIGHT_RED,,PREVIEW_DEFAULT
263.1539,-46.5952,-23.4143,0.000,TRAFFIC,1,TRAFFIC,,,TRAFFIC_LIGHT_RED,,PREVIEW_DEFAULT
263.2539,-46.4983,-23.4388,0.000,TRAFFIC,1,TRAFFIC,,,TRAFFIC_LIGHT_RED,,PREVIEW_DEFAULT
263.3251,-46.4296,-23.4577,0.000,NORMAL,1,ROUTE,,,,,PREVIEW_DEFAULT
263.3539,-46.4021,-23.4660,0.000,NORMAL,1,ROUTE,,,,,PREVIEW_DEFAULT
263.4539,-46.3069,-23.4966,0.000,NORMAL,1,ROUTE,,,,,PREVIEW_DEFAULT
263.5539,-46.2126,-23.5299,0.000,NORMAL,1,ROUTE,,,,,PREVIEW_DEFAULT
263.6538,-46.1192,-23.5655,0.000,NORMAL,1,ROUTE,,,,,PREVIEW_DEFAULT
263.7538,-46.0266,-23.6031,0.000,NORMAL,1,ROUTE,,,,,PREVIEW_DEFAULT
263.8538,-45.9347,-23.6425,0.000,NORMAL,1,ROUTE,,,,,PREVIEW_DEFAULT
263.9537,-45.8435,-23.6834,0.000,NORMAL,1,ROUTE,,,,,PREVIEW_DEFAULT
264.0537,-45.7528,-23.7255,0.000,NORMAL,1,ROUTE,,,,,PREVIEW_DEFAULT
264.1537,-45.6625,-23.7685,0.000,NORMAL,1,ROUTE,,,,,PREVIEW_DEFAULT
264.2537,-45.5726,-23.8123,0.000,NORMAL,1,ROUTE,,,,,PREVIEW_DEFAULT
264.3536,-45.4830,-23.8565,0.000,NORMAL,1,ROUTE,,,,,PREVIEW_DEFAULT
264.4536,-45.3935,-23.9011,0.000,NORMAL,1,ROUTE,,,,,PREVIEW_DEFAULT
264.5536,-45.3041,-23.9458,0.000,NORMAL,1,ROUTE,,,,,PREVIEW_DEFAULT
264.6537,-45.2146,-23.9906,0.000,NORMAL,1,ROUTE,,,,,PREVIEW_DEFAULT
264.7536,-45.1252,-24.0353,0.000,NORMAL,1,ROUTE,,,,,PREVIEW_DEFAULT
264.8536,-45.0356,-24.0797,0.000,NORMAL,1,ROUTE,,,,,PREVIEW_DEFAULT
264.9536,-44.9459,-24.1239,0.000,NORMAL,1,ROUTE,,,,,PREVIEW_DEFAULT
265.0536,-44.8561,-24.1678,0.000,NORMAL,1,ROUTE,,,,,PREVIEW_DEFAULT
265.1535,-44.7661,-24.2113,0.000,NORMAL,1,ROUTE,,,,,PREVIEW_DEFAULT
265.2535,-44.6758,-24.2543,0.000,NORMAL,1,ROUTE,,,,,PREVIEW_DEFAULT
265.3535,-44.5854,-24.2970,0.000,NORMAL,1,ROUTE,,,,,PREVIEW_DEFAULT
265.4535,-44.4948,-24.3392,0.000,NORMAL,1,ROUTE,,,,,PREVIEW_DEFAULT
265.5535,-44.4040,-24.3811,0.000,NORMAL,1,ROUTE,,,,,PREVIEW_DEFAULT
265.6534,-44.3130,-24.4225,0.000,NORMAL,1,ROUTE,,,,,PREVIEW_DEFAULT
265.7534,-44.2219,-24.4636,0.000,NORMAL,1,ROUTE,,,,,PREVIEW_DEFAULT
265.8534,-44.1306,-24.5044,0.000,NORMAL,1,ROUTE,,,,,PREVIEW_DEFAULT
265.9535,-44.0391,-24.5449,0.000,NORMAL,1,ROUTE,,,,,PREVIEW_DEFAULT
266.0534,-43.9476,-24.5851,0.000,NORMAL,1,ROUTE,,,,,PREVIEW_DEFAULT
266.1533,-43.8560,-24.6251,0.000,NORMAL,1,ROUTE,,,,,PREVIEW_DEFAULT
266.2533,-43.7643,-24.6649,0.000,NORMAL,1,ROUTE,,,,,PREVIEW_DEFAULT
266.3534,-43.6725,-24.7047,0.000,NORMAL,1,ROUTE,,,,,PREVIEW_DEFAULT
266.4533,-43.5807,-24.7443,0.000,NORMAL,1,ROUTE,,,,,PREVIEW_DEFAULT
266.5533,-43.4889,-24.7838,0.000,NORMAL,1,ROUTE,,,,,PREVIEW_DEFAULT
266.6533,-43.3970,-24.8233,0.000,NORMAL,1,ROUTE,,,,,PREVIEW_DEFAULT
266.7532,-43.3052,-24.8627,0.000,NORMAL,1,ROUTE,,,,,PREVIEW_DEFAULT
266.8532,-43.2133,-24.9022,0.000,NORMAL,1,ROUTE,,,,,PREVIEW_DEFAULT
266.9533,-43.1214,-24.9417,0.000,NORMAL,1,ROUTE,,,,,PREVIEW_DEFAULT
267.0532,-43.0296,-24.9812,0.000,NORMAL,1,ROUTE,,,,,PREVIEW_DEFAULT
267.1532,-42.9377,-25.0207,0.000,NORMAL,1,ROUTE,,,,,PREVIEW_DEFAULT
267.2532,-42.8459,-25.0603,0.000,NORMAL,1,ROUTE,,,,,PREVIEW_DEFAULT
267.3531,-42.7542,-25.1000,0.000,NORMAL,1,ROUTE,,,,,PREVIEW_DEFAULT
267.4532,-42.6624,-25.1397,0.000,NORMAL,1,ROUTE,,,,,PREVIEW_DEFAULT
267.5531,-42.5707,-25.1795,0.000,NORMAL,1,ROUTE,,,,,PREVIEW_DEFAULT
267.6531,-42.4790,-25.2193,0.000,NORMAL,1,ROUTE,,,,,PREVIEW_DEFAULT
267.7531,-42.3873,-25.2592,0.000,NORMAL,1,ROUTE,,,,,PREVIEW_DEFAULT
267.8531,-42.2956,-25.2991,0.000,NORMAL,1,ROUTE,,,,,PREVIEW_DEFAULT
267.9530,-42.2040,-25.3391,0.000,NORMAL,1,ROUTE,,,,,PREVIEW_DEFAULT
268.0531,-42.1123,-25.3791,0.000,NORMAL,1,ROUTE,,,,,PREVIEW_DEFAULT
268.1530,-42.0207,-25.4190,0.000,NORMAL,1,ROUTE,,,,,PREVIEW_DEFAULT
268.2530,-41.9290,-25.4589,0.000,NORMAL,1,ROUTE,,,,,PREVIEW_DEFAULT
268.3530,-41.8373,-25.4987,0.000,NORMAL,1,ROUTE,,,,,PREVIEW_DEFAULT
268.4530,-41.7455,-25.5385,0.000,NORMAL,1,ROUTE,,,,,PREVIEW_DEFAULT
268.5530,-41.6537,-25.5781,0.000,NORMAL,1,ROUTE,,,,,PREVIEW_DEFAULT
268.6529,-41.5619,-25.6175,0.000,NORMAL,1,ROUTE,,,,,PREVIEW_DEFAULT
268.7529,-41.4699,-25.6568,0.000,NORMAL,1,ROUTE,,,,,PREVIEW_DEFAULT
268.8529,-41.3779,-25.6959,0.000,NORMAL,1,ROUTE,,,,,PREVIEW_DEFAULT
268.9529,-41.2858,-25.7348,0.000,NORMAL,1,ROUTE,,,,,PREVIEW_DEFAULT
269.0529,-41.1936,-25.7736,0.000,NORMAL,1,ROUTE,,,,,PREVIEW_DEFAULT
269.1529,-41.1014,-25.8122,0.000,NORMAL,1,ROUTE,,,,,PREVIEW_DEFAULT
269.2529,-41.0091,-25.8507,0.000,NORMAL,1,ROUTE,,,,,PREVIEW_DEFAULT
269.3528,-40.9168,-25.8890,0.000,NORMAL,1,ROUTE,,,,,PREVIEW_DEFAULT
269.4528,-40.8244,-25.9272,0.000,NORMAL,1,ROUTE,,,,,PREVIEW_DEFAULT
269.5527,-40.7320,-25.9653,0.000,NORMAL,1,ROUTE,,,,,PREVIEW_DEFAULT
269.6528,-40.6395,-26.0034,0.000,NORMAL,1,ROUTE,,,,,PREVIEW_DEFAULT
269.7527,-40.5470,-26.0413,0.000,NORMAL,1,ROUTE,,,,,PREVIEW_DEFAULT
269.8527,-40.4545,-26.0792,0.000,NORMAL,1,ROUTE,,,,,PREVIEW_DEFAULT
269.9527,-40.3619,-26.1170,0.000,NORMAL,1,ROUTE,,,,,PREVIEW_DEFAULT
270.0527,-40.2693,-26.1547,0.000,NORMAL,1,ROUTE,,,,,PREVIEW_DEFAULT
270.1527,-40.1767,-26.1924,0.000,NORMAL,1,ROUTE,,,,,PREVIEW_DEFAULT
270.2526,-40.0841,-26.2300,0.000,NORMAL,1,ROUTE,,,,,PREVIEW_DEFAULT
270.3527,-39.9914,-26.2676,0.000,NORMAL,1,ROUTE,,,,,PREVIEW_DEFAULT
270.4527,-39.8987,-26.3051,0.000,NORMAL,1,ROUTE,,,,,PREVIEW_DEFAULT
270.5526,-39.8061,-26.3427,0.000,NORMAL,1,ROUTE,,,,,PREVIEW_DEFAULT
270.6526,-39.7134,-26.3802,0.000,NORMAL,1,ROUTE,,,,,PREVIEW_DEFAULT
270.7526,-39.6207,-26.4176,0.000,NORMAL,1,ROUTE,,,,,PREVIEW_DEFAULT
270.8526,-39.5280,-26.4551,0.000,NORMAL,1,ROUTE,,,,,PREVIEW_DEFAULT
270.9526,-39.4353,-26.4926,0.000,NORMAL,1,ROUTE,,,,,PREVIEW_DEFAULT
271.0525,-39.3427,-26.5302,0.000,NORMAL,1,ROUTE,,,,,PREVIEW_DEFAULT
271.1525,-39.2500,-26.5677,0.000,NORMAL,1,ROUTE,,,,,PREVIEW_DEFAULT
271.2525,-39.1573,-26.6053,0.000,NORMAL,1,ROUTE,,,,,PREVIEW_DEFAULT
271.3525,-39.0647,-26.6429,0.000,NORMAL,1,ROUTE,,,,,PREVIEW_DEFAULT
271.4524,-38.9721,-26.6805,0.000,NORMAL,1,ROUTE,,,,,PREVIEW_DEFAULT
271.5525,-38.8794,-26.7182,0.000,NORMAL,1,ROUTE,,,,,PREVIEW_DEFAULT
271.6525,-38.7868,-26.7559,0.000,NORMAL,1,ROUTE,,,,,PREVIEW_DEFAULT
271.7525,-38.6942,-26.7936,0.000,NORMAL,1,ROUTE,,,,,PREVIEW_DEFAULT
271.8523,-38.6017,-26.8313,0.000,NORMAL,1,ROUTE,,,,,PREVIEW_DEFAULT
271.9523,-38.5091,-26.8690,0.000,NORMAL,1,ROUTE,,,,,PREVIEW_DEFAULT
272.0523,-38.4165,-26.9067,0.000,NORMAL,1,ROUTE,,,,,PREVIEW_DEFAULT
272.1524,-38.3238,-26.9444,0.000,NORMAL,1,ROUTE,,,,,PREVIEW_DEFAULT
272.2523,-38.2312,-26.9820,0.000,NORMAL,1,ROUTE,,,,,PREVIEW_DEFAULT
272.3524,-38.1385,-27.0196,0.000,NORMAL,1,ROUTE,,,,,PREVIEW_DEFAULT
272.4523,-38.0458,-27.0571,0.000,NORMAL,1,ROUTE,,,,,PREVIEW_DEFAULT
272.5523,-37.9531,-27.0944,0.000,NORMAL,1,ROUTE,,,,,PREVIEW_DEFAULT
272.6523,-37.8603,-27.1317,0.000,NORMAL,1,ROUTE,,,,,PREVIEW_DEFAULT
272.7522,-37.7675,-27.1688,0.000,NORMAL,1,ROUTE,,,,,PREVIEW_DEFAULT
272.8522,-37.6746,-27.2057,0.000,NORMAL,1,ROUTE,,,,,PREVIEW_DEFAULT
272.9522,-37.5816,-27.2425,0.000,NORMAL,1,ROUTE,,,,,PREVIEW_DEFAULT
273.0522,-37.4886,-27.2792,0.000,NORMAL,1,ROUTE,,,,,PREVIEW_DEFAULT
273.1522,-37.3955,-27.3157,0.000,NORMAL,1,ROUTE,,,,,PREVIEW_DEFAULT
273.2522,-37.3024,-27.3522,0.000,NORMAL,1,ROUTE,,,,,PREVIEW_DEFAULT
273.3521,-37.2093,-27.3885,0.000,NORMAL,1,ROUTE,,,,,PREVIEW_DEFAULT
273.4521,-37.1161,-27.4247,0.000,NORMAL,1,ROUTE,,,,,PREVIEW_DEFAULT
273.5521,-37.0229,-27.4610,0.000,NORMAL,1,ROUTE,,,,,PREVIEW_DEFAULT
273.6521,-36.9297,-27.4971,0.000,NORMAL,1,ROUTE,,,,,PREVIEW_DEFAULT
273.7520,-36.8365,-27.5333,0.000,NORMAL,1,ROUTE,,,,,PREVIEW_DEFAULT
273.8521,-36.7433,-27.5696,0.000,NORMAL,1,ROUTE,,,,,PREVIEW_DEFAULT
273.9520,-36.6502,-27.6059,0.000,NORMAL,1,ROUTE,,,,,PREVIEW_DEFAULT
274.0520,-36.5571,-27.6424,0.000,NORMAL,1,ROUTE,,,,,PREVIEW_DEFAULT
274.1520,-36.4640,-27.6790,0.000,NORMAL,1,ROUTE,,,,,PREVIEW_DEFAULT
274.2519,-36.3711,-27.7158,0.000,NORMAL,1,ROUTE,,,,,PREVIEW_DEFAULT
274.3519,-36.2782,-27.7528,0.000,NORMAL,1,ROUTE,,,,,PREVIEW_DEFAULT
274.4520,-36.1854,-27.7901,0.000,NORMAL,1,ROUTE,,,,,PREVIEW_DEFAULT
274.5519,-36.0927,-27.8275,0.000,NORMAL,1,ROUTE,,,,,PREVIEW_DEFAULT
274.6519,-36.0001,-27.8651,0.000,NORMAL,1,ROUTE,,,,,PREVIEW_DEFAULT
274.7519,-35.9075,-27.9030,0.000,NORMAL,1,ROUTE,,,,,PREVIEW_DEFAULT
274.8519,-35.8150,-27.9410,0.000,NORMAL,1,ROUTE,,,,,PREVIEW_DEFAULT
274.9519,-35.7226,-27.9791,0.000,NORMAL,1,ROUTE,,,,,PREVIEW_DEFAULT
275.0519,-35.6302,-28.0174,0.000,NORMAL,1,ROUTE,,,,,PREVIEW_DEFAULT
275.1518,-35.5379,-28.0557,0.000,NORMAL,1,ROUTE,,,,,PREVIEW_DEFAULT
275.2518,-35.4455,-28.0940,0.000,NORMAL,1,ROUTE,,,,,PREVIEW_DEFAULT
275.3518,-35.3531,-28.1322,0.000,NORMAL,1,ROUTE,,,,,PREVIEW_DEFAULT
275.4518,-35.2607,-28.1703,0.000,NORMAL,1,ROUTE,,,,,PREVIEW_DEFAULT
275.5518,-35.1682,-28.2083,0.000,NORMAL,1,ROUTE,,,,,PREVIEW_DEFAULT
275.6518,-35.0756,-28.2461,0.000,NORMAL,1,ROUTE,,,,,PREVIEW_DEFAULT
275.7517,-34.9830,-28.2836,0.000,NORMAL,1,ROUTE,,,,,PREVIEW_DEFAULT
275.8517,-34.8901,-28.3207,0.000,NORMAL,1,ROUTE,,,,,PREVIEW_DEFAULT
275.9517,-34.7972,-28.3576,0.000,NORMAL,1,ROUTE,,,,,PREVIEW_DEFAULT
276.0517,-34.7041,-28.3941,0.000,NORMAL,1,ROUTE,,,,,PREVIEW_DEFAULT
276.1516,-34.6109,-28.4302,0.000,NORMAL,1,ROUTE,,,,,PREVIEW_DEFAULT
276.2516,-34.5175,-28.4659,0.000,NORMAL,1,ROUTE,,,,,PREVIEW_DEFAULT
276.3516,-34.4240,-28.5013,0.000,NORMAL,1,ROUTE,,,,,PREVIEW_DEFAULT
276.4516,-34.3303,-28.5362,0.000,NORMAL,1,ROUTE,,,,,PREVIEW_DEFAULT
276.5516,-34.2365,-28.5709,0.000,NORMAL,1,ROUTE,,,,,PREVIEW_DEFAULT
276.6515,-34.1426,-28.6051,0.000,NORMAL,1,ROUTE,,,,,PREVIEW_DEFAULT
276.7516,-34.0485,-28.6391,0.000,NORMAL,1,ROUTE,,,,,PREVIEW_DEFAULT
276.8516,-33.9544,-28.6728,0.000,NORMAL,1,ROUTE,,,,,PREVIEW_DEFAULT
276.9515,-33.8602,-28.7063,0.000,NORMAL,1,ROUTE,,,,,PREVIEW_DEFAULT
277.0515,-33.7659,-28.7396,0.000,NORMAL,1,ROUTE,,,,,PREVIEW_DEFAULT
277.1515,-33.6716,-28.7728,0.000,NORMAL,1,ROUTE,,,,,PREVIEW_DEFAULT
277.2515,-33.5773,-28.8059,0.000,NORMAL,1,ROUTE,,,,,PREVIEW_DEFAULT
277.3515,-33.4829,-28.8390,0.000,NORMAL,1,ROUTE,,,,,PREVIEW_DEFAULT
277.4515,-33.3886,-28.8722,0.000,NORMAL,1,ROUTE,,,,,PREVIEW_DEFAULT
277.5515,-33.2943,-28.9055,0.000,NORMAL,1,ROUTE,,,,,PREVIEW_DEFAULT
277.6514,-33.2001,-28.9390,0.000,NORMAL,1,ROUTE,,,,,PREVIEW_DEFAULT
277.7514,-33.1060,-28.9727,0.000,NORMAL,1,ROUTE,,,,,PREVIEW_DEFAULT
277.8514,-33.0120,-29.0069,0.000,NORMAL,1,ROUTE,,,,,PREVIEW_DEFAULT
277.9514,-32.9182,-29.0414,0.000,NORMAL,1,ROUTE,,,,,PREVIEW_DEFAULT
278.0513,-32.8246,-29.0764,0.000,NORMAL,1,ROUTE,,,,,PREVIEW_DEFAULT
278.1513,-32.7311,-29.1120,0.000,NORMAL,1,ROUTE,,,,,PREVIEW_DEFAULT
278.2513,-32.6380,-29.1483,0.000,NORMAL,1,ROUTE,,,,,PREVIEW_DEFAULT
278.3513,-32.5451,-29.1853,0.000,NORMAL,1,ROUTE,,,,,PREVIEW_DEFAULT
278.4512,-32.4526,-29.2232,0.000,NORMAL,1,ROUTE,,,,,PREVIEW_DEFAULT
278.5513,-32.3604,-29.2620,0.000,NORMAL,1,ROUTE,,,,,PREVIEW_DEFAULT
278.6513,-32.2687,-29.3019,0.000,NORMAL,1,ROUTE,,,,,PREVIEW_DEFAULT
278.7513,-32.1775,-29.3429,0.000,NORMAL,1,ROUTE,,,,,PREVIEW_DEFAULT
278.8512,-32.0869,-29.3851,0.000,NORMAL,1,ROUTE,,,,,PREVIEW_DEFAULT
278.9512,-31.9969,-29.4286,0.000,NORMAL,1,ROUTE,,,,,PREVIEW_DEFAULT
279.0512,-31.9076,-29.4736,0.000,NORMAL,1,ROUTE,,,,,PREVIEW_DEFAULT
279.1511,-31.8192,-29.5202,0.000,NORMAL,1,ROUTE,,,,,PREVIEW_DEFAULT
279.2511,-31.7316,-29.5685,0.000,NORMAL,1,ROUTE,,,,,PREVIEW_DEFAULT
279.3510,-31.6451,-29.6185,0.000,NORMAL,1,ROUTE,,,,,PREVIEW_DEFAULT
279.4511,-31.5596,-29.6705,0.000,NORMAL,1,ROUTE,,,,,PREVIEW_DEFAULT
279.5511,-31.4755,-29.7246,0.000,NORMAL,1,ROUTE,,,,,PREVIEW_DEFAULT
279.6511,-31.3928,-29.7808,0.000,NORMAL,1,ROUTE,,,,,PREVIEW_DEFAULT
279.7510,-31.3117,-29.8392,0.000,NORMAL,1,ROUTE,,,,,PREVIEW_DEFAULT
279.8510,-31.2324,-29.9001,0.000,NORMAL,1,ROUTE,,,,,PREVIEW_DEFAULT
279.9510,-31.1551,-29.9635,0.000,NORMAL,1,ROUTE,,,,,PREVIEW_DEFAULT
280.0510,-31.0800,-30.0295,0.000,NORMAL,1,ROUTE,,,,,PREVIEW_DEFAULT
280.1510,-31.0072,-30.0981,0.000,NORMAL,1,ROUTE,,,,,PREVIEW_DEFAULT
280.2509,-30.9371,-30.1693,0.000,NORMAL,1,ROUTE,,,,,PREVIEW_DEFAULT
280.3509,-30.8699,-30.2433,0.000,NORMAL,1,ROUTE,,,,,PREVIEW_DEFAULT
280.4508,-30.8057,-30.3199,0.000,NORMAL,1,ROUTE,,,,,PREVIEW_DEFAULT
280.5509,-30.7447,-30.3992,0.000,NORMAL,1,ROUTE,,,,,PREVIEW_DEFAULT
280.6508,-30.6872,-30.4809,0.000,NORMAL,1,ROUTE,,,,,PREVIEW_DEFAULT
280.7508,-30.6332,-30.5651,0.000,NORMAL,1,ROUTE,,,,,PREVIEW_DEFAULT
280.8508,-30.5828,-30.6514,0.000,NORMAL,1,ROUTE,,,,,PREVIEW_DEFAULT
280.9507,-30.5361,-30.7398,0.000,NORMAL,1,ROUTE,,,,,PREVIEW_DEFAULT
281.0507,-30.4930,-30.8300,0.000,NORMAL,1,ROUTE,,,,,PREVIEW_DEFAULT
281.1507,-30.4535,-30.9219,0.000,NORMAL,1,ROUTE,,,,,PREVIEW_DEFAULT
281.2507,-30.4173,-31.0151,0.000,NORMAL,1,ROUTE,,,,,PREVIEW_DEFAULT
281.3506,-30.3843,-31.1094,0.000,NORMAL,1,ROUTE,,,,,PREVIEW_DEFAULT
281.4506,-30.3543,-31.2048,0.000,NORMAL,1,ROUTE,,,,,PREVIEW_DEFAULT
281.5506,-30.3270,-31.3010,0.000,NORMAL,1,ROUTE,,,,,PREVIEW_DEFAULT
281.6506,-30.3022,-31.3979,0.000,NORMAL,1,ROUTE,,,,,PREVIEW_DEFAULT
281.7506,-30.2795,-31.4952,0.000,NORMAL,1,ROUTE,,,,,PREVIEW_DEFAULT
281.8505,-30.2587,-31.5930,0.000,NORMAL,1,ROUTE,,,,,PREVIEW_DEFAULT
281.9505,-30.2394,-31.6911,0.000,NORMAL,1,ROUTE,,,,,PREVIEW_DEFAULT
282.0506,-30.2214,-31.7895,0.000,NORMAL,1,ROUTE,,,,,PREVIEW_DEFAULT
282.1505,-30.2044,-31.8880,0.000,NORMAL,1,ROUTE,,,,,PREVIEW_DEFAULT
282.2505,-30.1882,-31.9867,0.000,NORMAL,1,ROUTE,,,,,PREVIEW_DEFAULT
282.3505,-30.1725,-32.0854,0.000,NORMAL,1,ROUTE,,,,,PREVIEW_DEFAULT
282.4505,-30.1570,-32.1842,0.000,NORMAL,1,ROUTE,,,,,PREVIEW_DEFAULT
282.5505,-30.1417,-32.2830,0.000,NORMAL,1,ROUTE,,,,,PREVIEW_DEFAULT
282.6505,-30.1263,-32.3818,0.000,NORMAL,1,ROUTE,,,,,PREVIEW_DEFAULT
282.7504,-30.1107,-32.4805,0.000,NORMAL,1,ROUTE,,,,,PREVIEW_DEFAULT
282.8504,-30.0949,-32.5793,0.000,NORMAL,1,ROUTE,,,,,PREVIEW_DEFAULT
282.9504,-30.0787,-32.6779,0.000,NORMAL,1,ROUTE,,,,,PREVIEW_DEFAULT
283.0503,-30.0622,-32.7765,0.000,NORMAL,1,ROUTE,,,,,PREVIEW_DEFAULT
283.1504,-30.0453,-32.8751,0.000,NORMAL,1,ROUTE,,,,,PREVIEW_DEFAULT
283.2504,-30.0280,-32.9736,0.000,NORMAL,1,ROUTE,,,,,PREVIEW_DEFAULT
283.3503,-30.0105,-33.0720,0.000,NORMAL,1,ROUTE,,,,,PREVIEW_DEFAULT
283.4503,-29.9927,-33.1704,0.000,NORMAL,1,ROUTE,,,,,PREVIEW_DEFAULT
283.5503,-29.9749,-33.2688,0.000,NORMAL,1,ROUTE,,,,,PREVIEW_DEFAULT
283.6502,-29.9571,-33.3671,0.000,NORMAL,1,ROUTE,,,,,PREVIEW_DEFAULT
283.7503,-29.9395,-33.4656,0.000,NORMAL,1,ROUTE,,,,,PREVIEW_DEFAULT
283.8503,-29.9223,-33.5641,0.000,NORMAL,1,ROUTE,,,,,PREVIEW_DEFAULT
283.9502,-29.9056,-33.6626,0.000,NORMAL,1,ROUTE,,,,,PREVIEW_DEFAULT
284.0502,-29.8898,-33.7614,0.000,NORMAL,1,ROUTE,,,,,PREVIEW_DEFAULT
284.1502,-29.8750,-33.8603,0.000,NORMAL,1,ROUTE,,,,,PREVIEW_DEFAULT
284.2501,-29.8616,-33.9593,0.000,NORMAL,1,ROUTE,,,,,PREVIEW_DEFAULT
284.3501,-29.8496,-34.0586,0.000,NORMAL,1,ROUTE,,,,,PREVIEW_DEFAULT
284.4502,-29.8395,-34.1581,0.000,NORMAL,1,ROUTE,,,,,PREVIEW_DEFAULT
284.5501,-29.8315,-34.2577,0.000,NORMAL,1,ROUTE,,,,,PREVIEW_DEFAULT
284.6500,-29.8260,-34.3575,0.000,NORMAL,1,ROUTE,,,,,PREVIEW_DEFAULT
284.7501,-29.8231,-34.4575,0.000,NORMAL,1,ROUTE,,,,,PREVIEW_DEFAULT
284.8501,-29.8233,-34.5575,0.000,NORMAL,1,ROUTE,,,,,PREVIEW_DEFAULT
284.8660,-29.8237,-34.5734,0.000,PERP_PARK,1,T_PARK,T_PARK_START,ENTER_ZONE,,,PREVIEW_DEFAULT
284.9500,-29.8271,-34.6574,0.000,PERP_PARK,1,T_PARK,,,,,PREVIEW_DEFAULT
285.0500,-29.8341,-34.7571,0.000,PERP_PARK,1,T_PARK,,,,,PREVIEW_DEFAULT
285.1500,-29.8442,-34.8566,0.000,PERP_PARK,1,T_PARK,,,,,PREVIEW_DEFAULT
285.2499,-29.8571,-34.9557,0.000,PERP_PARK,1,T_PARK,,,,,PREVIEW_DEFAULT
285.3499,-29.8726,-35.0545,0.000,PERP_PARK,1,T_PARK,,,,,PREVIEW_DEFAULT
285.4499,-29.8905,-35.1528,0.000,PERP_PARK,1,T_PARK,,,,,PREVIEW_DEFAULT
285.5499,-29.9107,-35.2508,0.000,PERP_PARK,1,T_PARK,,,,,PREVIEW_DEFAULT
285.6498,-29.9329,-35.3482,0.000,PERP_PARK,1,T_PARK,,,,,PREVIEW_DEFAULT
285.7499,-29.9570,-35.4453,0.000,PERP_PARK,1,T_PARK,,,,,PREVIEW_DEFAULT
285.8499,-29.9828,-35.5419,0.000,PERP_PARK,1,T_PARK,,,,,PREVIEW_DEFAULT
285.9498,-30.0102,-35.6380,0.000,PERP_PARK,1,T_PARK,,,,,PREVIEW_DEFAULT
286.0498,-30.0389,-35.7338,0.000,PERP_PARK,1,T_PARK,,,,,PREVIEW_DEFAULT
286.1498,-30.0689,-35.8292,0.000,PERP_PARK,1,T_PARK,,,,,PREVIEW_DEFAULT
286.2498,-30.1000,-35.9242,0.000,PERP_PARK,1,T_PARK,,,,,PREVIEW_DEFAULT
286.3498,-30.1321,-36.0189,0.000,PERP_PARK,1,T_PARK,,,,,PREVIEW_DEFAULT
286.4498,-30.1651,-36.1133,0.000,PERP_PARK,1,T_PARK,,,,,PREVIEW_DEFAULT
286.5497,-30.1989,-36.2074,0.000,PERP_PARK,1,T_PARK,,,,,PREVIEW_DEFAULT
286.6496,-30.2333,-36.3012,0.000,PERP_PARK,1,T_PARK,,,,,PREVIEW_DEFAULT
286.7497,-30.2684,-36.3949,0.000,PERP_PARK,1,T_PARK,,,,,PREVIEW_DEFAULT
286.8497,-30.3040,-36.4883,0.000,PERP_PARK,1,T_PARK,,,,,PREVIEW_DEFAULT
286.9496,-30.3401,-36.5815,0.000,PERP_PARK,1,T_PARK,,,,,PREVIEW_DEFAULT
287.0496,-30.3766,-36.6746,0.000,PERP_PARK,1,T_PARK,,,,,PREVIEW_DEFAULT
287.1496,-30.4134,-36.7676,0.000,PERP_PARK,1,T_PARK,,,,,PREVIEW_DEFAULT
287.2496,-30.4506,-36.8604,0.000,PERP_PARK,1,T_PARK,,,,,PREVIEW_DEFAULT
287.3496,-30.4880,-36.9531,0.000,PERP_PARK,1,T_PARK,,,,,PREVIEW_DEFAULT
287.4495,-30.5256,-37.0457,0.000,PERP_PARK,1,T_PARK,,,,,PREVIEW_DEFAULT
287.5496,-30.5635,-37.1383,0.000,PERP_PARK,1,T_PARK,,,,,PREVIEW_DEFAULT
287.6496,-30.6015,-37.2308,0.000,PERP_PARK,1,T_PARK,,,,,PREVIEW_DEFAULT
287.7495,-30.6397,-37.3232,0.000,PERP_PARK,1,T_PARK,,,,,PREVIEW_DEFAULT
287.8494,-30.6779,-37.4155,0.000,PERP_PARK,1,T_PARK,,,,,PREVIEW_DEFAULT
287.9495,-30.7163,-37.5079,0.000,PERP_PARK,1,T_PARK,,,,,PREVIEW_DEFAULT
288.0495,-30.7548,-37.6002,0.000,PERP_PARK,1,T_PARK,,,,,PREVIEW_DEFAULT
288.1494,-30.7933,-37.6924,0.000,PERP_PARK,1,T_PARK,,,,,PREVIEW_DEFAULT
288.2495,-30.8319,-37.7847,0.000,PERP_PARK,1,T_PARK,,,,,PREVIEW_DEFAULT
288.3494,-30.8705,-37.8769,0.000,PERP_PARK,1,T_PARK,,,,,PREVIEW_DEFAULT
288.4494,-30.9092,-37.9691,0.000,PERP_PARK,1,T_PARK,,,,,PREVIEW_DEFAULT
288.5494,-30.9478,-38.0613,0.000,PERP_PARK,1,T_PARK,,,,,PREVIEW_DEFAULT
288.6494,-30.9865,-38.1535,0.000,PERP_PARK,1,T_PARK,,,,,PREVIEW_DEFAULT
288.7493,-31.0251,-38.2457,0.000,PERP_PARK,1,T_PARK,,,,,PREVIEW_DEFAULT
288.8493,-31.0637,-38.3379,0.000,PERP_PARK,1,T_PARK,,,,,PREVIEW_DEFAULT
288.9493,-31.1023,-38.4302,0.000,PERP_PARK,1,T_PARK,,,,,PREVIEW_DEFAULT
289.0493,-31.1409,-38.5224,0.000,PERP_PARK,1,T_PARK,,,,,PREVIEW_DEFAULT
289.1493,-31.1794,-38.6147,0.000,PERP_PARK,1,T_PARK,,,,,PREVIEW_DEFAULT
289.2493,-31.2178,-38.7070,0.000,PERP_PARK,1,T_PARK,,,,,PREVIEW_DEFAULT
289.3492,-31.2562,-38.7993,0.000,PERP_PARK,1,T_PARK,,,,,PREVIEW_DEFAULT
289.4492,-31.2946,-38.8916,0.000,PERP_PARK,1,T_PARK,,,,,PREVIEW_DEFAULT
289.5492,-31.3329,-38.9840,0.000,PERP_PARK,1,T_PARK,,,,,PREVIEW_DEFAULT
289.6492,-31.3711,-39.0764,0.000,PERP_PARK,1,T_PARK,,,,,PREVIEW_DEFAULT
289.7491,-31.4092,-39.1688,0.000,PERP_PARK,1,T_PARK,,,,,PREVIEW_DEFAULT
289.8492,-31.4473,-39.2613,0.000,PERP_PARK,1,T_PARK,,,,,PREVIEW_DEFAULT
289.9491,-31.4852,-39.3538,0.000,PERP_PARK,1,T_PARK,,,,,PREVIEW_DEFAULT
290.0491,-31.5231,-39.4463,0.000,PERP_PARK,1,T_PARK,,,,,PREVIEW_DEFAULT
290.1491,-31.5609,-39.5389,0.000,PERP_PARK,1,T_PARK,,,,,PREVIEW_DEFAULT
290.2491,-31.5987,-39.6314,0.000,PERP_PARK,1,T_PARK,,,,,PREVIEW_DEFAULT
290.3491,-31.6363,-39.7241,0.000,PERP_PARK,1,T_PARK,,,,,PREVIEW_DEFAULT
290.4490,-31.6739,-39.8167,0.000,PERP_PARK,1,T_PARK,,,,,PREVIEW_DEFAULT
290.5490,-31.7114,-39.9094,0.000,PERP_PARK,1,T_PARK,,,,,PREVIEW_DEFAULT
290.6490,-31.7488,-40.0021,0.000,PERP_PARK,1,T_PARK,,,,,PREVIEW_DEFAULT
290.7490,-31.7861,-40.0949,0.000,PERP_PARK,1,T_PARK,,,,,PREVIEW_DEFAULT
290.8490,-31.8234,-40.1877,0.000,PERP_PARK,1,T_PARK,,,,,PREVIEW_DEFAULT
290.9490,-31.8606,-40.2805,0.000,PERP_PARK,1,T_PARK,,,,,PREVIEW_DEFAULT
291.0489,-31.8977,-40.3733,0.000,PERP_PARK,1,T_PARK,,,,,PREVIEW_DEFAULT
291.1489,-31.9347,-40.4662,0.000,PERP_PARK,1,T_PARK,,,,,PREVIEW_DEFAULT
291.2489,-31.9717,-40.5591,0.000,PERP_PARK,1,T_PARK,,,,,PREVIEW_DEFAULT
291.3489,-32.0086,-40.6520,0.000,PERP_PARK,1,T_PARK,,,,,PREVIEW_DEFAULT
291.4488,-32.0454,-40.7449,0.000,PERP_PARK,1,T_PARK,,,,,PREVIEW_DEFAULT
291.5488,-32.0822,-40.8379,0.000,PERP_PARK,1,T_PARK,,,,,PREVIEW_DEFAULT
291.6488,-32.1189,-40.9309,0.000,PERP_PARK,1,T_PARK,,,,,PREVIEW_DEFAULT
291.7488,-32.1556,-41.0239,0.000,PERP_PARK,1,T_PARK,,,,,PREVIEW_DEFAULT
291.8488,-32.1922,-41.1170,0.000,PERP_PARK,1,T_PARK,,,,,PREVIEW_DEFAULT
291.9487,-32.2287,-41.2100,0.000,PERP_PARK,1,T_PARK,,,,,PREVIEW_DEFAULT
292.0487,-32.2652,-41.3031,0.000,PERP_PARK,1,T_PARK,,,,,PREVIEW_DEFAULT
292.1487,-32.3017,-41.3962,0.000,PERP_PARK,1,T_PARK,,,,,PREVIEW_DEFAULT
292.2487,-32.3381,-41.4893,0.000,PERP_PARK,1,T_PARK,,,,,PREVIEW_DEFAULT
292.3488,-32.3745,-41.5825,0.000,PERP_PARK,1,T_PARK,,,,,PREVIEW_DEFAULT
292.4487,-32.4108,-41.6756,0.000,PERP_PARK,1,T_PARK,,,,,PREVIEW_DEFAULT
292.5487,-32.4470,-41.7688,0.000,PERP_PARK,1,T_PARK,,,,,PREVIEW_DEFAULT
292.6487,-32.4833,-41.8620,0.000,PERP_PARK,1,T_PARK,,,,,PREVIEW_DEFAULT
292.7487,-32.5195,-41.9552,0.000,PERP_PARK,1,T_PARK,,,,,PREVIEW_DEFAULT
292.8486,-32.5556,-42.0484,0.000,PERP_PARK,1,T_PARK,,,,,PREVIEW_DEFAULT
292.9486,-32.5918,-42.1416,0.000,PERP_PARK,1,T_PARK,,,,,PREVIEW_DEFAULT
293.0486,-32.6279,-42.2349,0.000,PERP_PARK,1,T_PARK,,,,,PREVIEW_DEFAULT
293.1485,-32.6639,-42.3281,0.000,PERP_PARK,1,T_PARK,,,,,PREVIEW_DEFAULT
293.2486,-32.7000,-42.4214,0.000,PERP_PARK,1,T_PARK,,,,,PREVIEW_DEFAULT
293.3486,-32.7360,-42.5147,0.000,PERP_PARK,1,T_PARK,,,,,PREVIEW_DEFAULT
293.4485,-32.7720,-42.6079,0.000,PERP_PARK,1,T_PARK,,,,,PREVIEW_DEFAULT
293.5485,-32.8080,-42.7012,0.000,PERP_PARK,1,T_PARK,,,,,PREVIEW_DEFAULT
293.6485,-32.8439,-42.7945,0.000,PERP_PARK,1,T_PARK,,,,,PREVIEW_DEFAULT
293.7484,-32.8798,-42.8878,0.000,PERP_PARK,1,T_PARK,,,,,PREVIEW_DEFAULT
293.8484,-32.9158,-42.9811,0.000,PERP_PARK,1,T_PARK,,,,,PREVIEW_DEFAULT
293.9484,-32.9517,-43.0744,0.000,PERP_PARK,1,T_PARK,,,,,PREVIEW_DEFAULT
294.0485,-32.9876,-43.1678,0.000,PERP_PARK,1,T_PARK,,,,,PREVIEW_DEFAULT
294.1484,-33.0234,-43.2611,0.000,PERP_PARK,1,T_PARK,,,,,PREVIEW_DEFAULT
294.2484,-33.0593,-43.3544,0.000,PERP_PARK,1,T_PARK,,,,,PREVIEW_DEFAULT
294.3483,-33.0952,-43.4477,0.000,PERP_PARK,1,T_PARK,,,,,PREVIEW_DEFAULT
294.4484,-33.1310,-43.5411,0.000,PERP_PARK,1,T_PARK,,,,,PREVIEW_DEFAULT
294.5483,-33.1669,-43.6344,0.000,PERP_PARK,1,T_PARK,,,,,PREVIEW_DEFAULT
294.6483,-33.2027,-43.7277,0.000,PERP_PARK,1,T_PARK,,,,,PREVIEW_DEFAULT
294.7483,-33.2386,-43.8211,0.000,PERP_PARK,1,T_PARK,,,,,PREVIEW_DEFAULT
294.8483,-33.2744,-43.9144,0.000,PERP_PARK,1,T_PARK,,,,,PREVIEW_DEFAULT
294.9482,-33.3103,-44.0077,0.000,PERP_PARK,1,T_PARK,,,,,PREVIEW_DEFAULT
295.0483,-33.3462,-44.1011,0.000,PERP_PARK,1,T_PARK,,,,,PREVIEW_DEFAULT
295.1482,-33.3820,-44.1944,0.000,PERP_PARK,1,T_PARK,,,,,PREVIEW_DEFAULT
295.2482,-33.4179,-44.2877,0.000,PERP_PARK,1,T_PARK,,,,,PREVIEW_DEFAULT
295.3482,-33.4538,-44.3810,0.000,PERP_PARK,1,T_PARK,,,,,PREVIEW_DEFAULT
295.4482,-33.4897,-44.4744,0.000,PERP_PARK,1,T_PARK,,,,,PREVIEW_DEFAULT
295.5482,-33.5256,-44.5677,0.000,PERP_PARK,1,T_PARK,,,,,PREVIEW_DEFAULT
295.6482,-33.5616,-44.6610,0.000,PERP_PARK,1,T_PARK,,,,,PREVIEW_DEFAULT
295.7482,-33.5975,-44.7543,0.000,PERP_PARK,1,T_PARK,,,,,PREVIEW_DEFAULT
295.8481,-33.6335,-44.8475,0.000,PERP_PARK,1,T_PARK,,,,,PREVIEW_DEFAULT
295.9481,-33.6695,-44.9408,0.000,PERP_PARK,1,T_PARK,,,,,PREVIEW_DEFAULT
296.0481,-33.7055,-45.0341,0.000,PERP_PARK,1,T_PARK,,,,,PREVIEW_DEFAULT
296.1480,-33.7416,-45.1273,0.000,PERP_PARK,1,T_PARK,,,,,PREVIEW_DEFAULT
296.2480,-33.7776,-45.2206,0.000,PERP_PARK,1,T_PARK,,,,,PREVIEW_DEFAULT
296.3480,-33.8137,-45.3138,0.000,PERP_PARK,1,T_PARK,,,,,PREVIEW_DEFAULT
296.4481,-33.8499,-45.4071,0.000,PERP_PARK,1,T_PARK,,,,,PREVIEW_DEFAULT
296.5480,-33.8860,-45.5003,0.000,PERP_PARK,1,T_PARK,,,,,PREVIEW_DEFAULT
296.6480,-33.9222,-45.5935,0.000,PERP_PARK,1,T_PARK,,,,,PREVIEW_DEFAULT
296.7480,-33.9585,-45.6867,0.000,PERP_PARK,1,T_PARK,,,,,PREVIEW_DEFAULT
296.8479,-33.9948,-45.7798,0.000,PERP_PARK,1,T_PARK,,,,,PREVIEW_DEFAULT
296.9480,-34.0311,-45.8730,0.000,PERP_PARK,1,T_PARK,,,,,PREVIEW_DEFAULT
297.0479,-34.0674,-45.9661,0.000,PERP_PARK,1,T_PARK,,,,,PREVIEW_DEFAULT
297.1479,-34.1038,-46.0592,0.000,PERP_PARK,1,T_PARK,,,,,PREVIEW_DEFAULT
297.2479,-34.1403,-46.1523,0.000,PERP_PARK,1,T_PARK,,,,,PREVIEW_DEFAULT
297.3479,-34.1768,-46.2454,0.000,PERP_PARK,1,T_PARK,,,,,PREVIEW_DEFAULT
297.4479,-34.2133,-46.3385,0.000,PERP_PARK,1,T_PARK,,,,,PREVIEW_DEFAULT
297.5478,-34.2499,-46.4315,0.000,PERP_PARK,1,T_PARK,,,,,PREVIEW_DEFAULT
297.6479,-34.2866,-46.5246,0.000,PERP_PARK,1,T_PARK,,,,,PREVIEW_DEFAULT
297.7478,-34.3233,-46.6176,0.000,PERP_PARK,1,T_PARK,,,,,PREVIEW_DEFAULT
297.8477,-34.3600,-46.7105,0.000,PERP_PARK,1,T_PARK,,,,,PREVIEW_DEFAULT
297.9478,-34.3969,-46.8035,0.000,PERP_PARK,1,T_PARK,,,,,PREVIEW_DEFAULT
298.0477,-34.4337,-46.8964,0.000,PERP_PARK,1,T_PARK,,,,,PREVIEW_DEFAULT
298.1477,-34.4707,-46.9893,0.000,PERP_PARK,1,T_PARK,,,,,PREVIEW_DEFAULT
298.2477,-34.5077,-47.0822,0.000,PERP_PARK,1,T_PARK,,,,,PREVIEW_DEFAULT
298.3477,-34.5447,-47.1751,0.000,PERP_PARK,1,T_PARK,,,,,PREVIEW_DEFAULT
298.4477,-34.5819,-47.2679,0.000,PERP_PARK,1,T_PARK,,,,,PREVIEW_DEFAULT
298.5477,-34.6191,-47.3607,0.000,PERP_PARK,1,T_PARK,,,,,PREVIEW_DEFAULT
298.6476,-34.6563,-47.4535,0.000,PERP_PARK,1,T_PARK,,,,,PREVIEW_DEFAULT
298.7476,-34.6937,-47.5462,0.000,PERP_PARK,1,T_PARK,,,,,PREVIEW_DEFAULT
298.8476,-34.7311,-47.6390,0.000,PERP_PARK,1,T_PARK,,,,,PREVIEW_DEFAULT
298.9476,-34.7686,-47.7316,0.000,PERP_PARK,1,T_PARK,,,,,PREVIEW_DEFAULT
299.0476,-34.8062,-47.8243,0.000,PERP_PARK,1,T_PARK,,,,,PREVIEW_DEFAULT
299.1475,-34.8438,-47.9169,0.000,PERP_PARK,1,T_PARK,,,,,PREVIEW_DEFAULT
299.2476,-34.8816,-48.0095,0.000,PERP_PARK,1,T_PARK,,,,,PREVIEW_DEFAULT
299.3476,-34.9194,-48.1021,0.000,PERP_PARK,1,T_PARK,,,,,PREVIEW_DEFAULT
299.4475,-34.9573,-48.1946,0.000,PERP_PARK,1,T_PARK,,,,,PREVIEW_DEFAULT
299.5475,-34.9953,-48.2871,0.000,PERP_PARK,1,T_PARK,,,,,PREVIEW_DEFAULT
299.6475,-35.0334,-48.3795,0.000,PERP_PARK,1,T_PARK,,,,,PREVIEW_DEFAULT
299.7475,-35.0716,-48.4719,0.000,PERP_PARK,1,T_PARK,,,,,PREVIEW_DEFAULT
299.8475,-35.1099,-48.5643,0.000,PERP_PARK,1,T_PARK,,,,,PREVIEW_DEFAULT
299.9474,-35.1482,-48.6566,0.000,PERP_PARK,1,T_PARK,,,,,PREVIEW_DEFAULT
300.0474,-35.1867,-48.7489,0.000,PERP_PARK,1,T_PARK,,,,,PREVIEW_DEFAULT
300.1474,-35.2253,-48.8411,0.000,PERP_PARK,1,T_PARK,,,,,PREVIEW_DEFAULT
300.2474,-35.2640,-48.9333,0.000,PERP_PARK,1,T_PARK,,,,,PREVIEW_DEFAULT
300.3474,-35.3027,-49.0255,0.000,PERP_PARK,1,T_PARK,,,,,PREVIEW_DEFAULT
300.4473,-35.3416,-49.1176,0.000,PERP_PARK,1,T_PARK,,,,,PREVIEW_DEFAULT
300.5473,-35.3807,-49.2096,0.000,PERP_PARK,1,T_PARK,,,,,PREVIEW_DEFAULT
300.6473,-35.4198,-49.3016,0.000,PERP_PARK,1,T_PARK,,,,,PREVIEW_DEFAULT
300.7473,-35.4590,-49.3936,0.000,PERP_PARK,1,T_PARK,,,,,PREVIEW_DEFAULT
300.8473,-35.4984,-49.4855,0.000,PERP_PARK,1,T_PARK,,,,,PREVIEW_DEFAULT
300.9473,-35.5378,-49.5774,0.000,PERP_PARK,1,T_PARK,,,,,PREVIEW_DEFAULT
301.0472,-35.5774,-49.6692,0.000,PERP_PARK,1,T_PARK,,,,,PREVIEW_DEFAULT
301.1472,-35.6172,-49.7609,0.000,PERP_PARK,1,T_PARK,,,,,PREVIEW_DEFAULT
301.2472,-35.6570,-49.8526,0.000,PERP_PARK,1,T_PARK,,,,,PREVIEW_DEFAULT
301.3472,-35.6970,-49.9443,0.000,PERP_PARK,1,T_PARK,,,,,PREVIEW_DEFAULT
301.4472,-35.7371,-50.0359,0.000,PERP_PARK,1,T_PARK,,,,,PREVIEW_DEFAULT
301.5471,-35.7773,-50.1274,0.000,PERP_PARK,1,T_PARK,,,,,PREVIEW_DEFAULT
301.6472,-35.8177,-50.2189,0.000,PERP_PARK,1,T_PARK,,,,,PREVIEW_DEFAULT
301.7471,-35.8582,-50.3103,0.000,PERP_PARK,1,T_PARK,,,,,PREVIEW_DEFAULT
301.8471,-35.8988,-50.4016,0.000,PERP_PARK,1,T_PARK,,,,,PREVIEW_DEFAULT
301.9471,-35.9396,-50.4929,0.000,PERP_PARK,1,T_PARK,,,,,PREVIEW_DEFAULT
302.0471,-35.9804,-50.5842,0.000,PERP_PARK,1,T_PARK,,,,,PREVIEW_DEFAULT
302.1470,-36.0214,-50.6754,0.000,PERP_PARK,1,T_PARK,,,,,PREVIEW_DEFAULT
302.2470,-36.0625,-50.7665,0.000,PERP_PARK,1,T_PARK,,,,,PREVIEW_DEFAULT
302.3470,-36.1037,-50.8576,0.000,PERP_PARK,1,T_PARK,,,,,PREVIEW_DEFAULT
302.4470,-36.1450,-50.9487,0.000,PERP_PARK,1,T_PARK,,,,,PREVIEW_DEFAULT
302.5470,-36.1864,-51.0397,0.000,PERP_PARK,1,T_PARK,,,,,PREVIEW_DEFAULT
302.6470,-36.2279,-51.1307,0.000,PERP_PARK,1,T_PARK,,,,,PREVIEW_DEFAULT
302.7470,-36.2695,-51.2216,0.000,PERP_PARK,1,T_PARK,,,,,PREVIEW_DEFAULT
302.8469,-36.3111,-51.3125,0.000,PERP_PARK,1,T_PARK,,,,,PREVIEW_DEFAULT
302.9469,-36.3528,-51.4034,0.000,PERP_PARK,1,T_PARK,,,,,PREVIEW_DEFAULT
303.0469,-36.3946,-51.4942,0.000,PERP_PARK,1,T_PARK,,,,,PREVIEW_DEFAULT
303.1469,-36.4363,-51.5851,0.000,PERP_PARK,1,T_PARK,,,,,PREVIEW_DEFAULT
303.2469,-36.4781,-51.6759,0.000,PERP_PARK,-1,T_PARK,T1_FORWARD_TO_REVERSE,SET_REVERSE,,,T1_FORWARD_TO_REVERSE
303.3464,-36.4105,-51.6028,0.000,PERP_PARK,-1,T_PARK,,,,,T1_FORWARD_TO_REVERSE
303.4460,-36.3442,-51.5285,0.000,PERP_PARK,-1,T_PARK,,,,,T1_FORWARD_TO_REVERSE
303.5455,-36.2803,-51.4522,0.000,PERP_PARK,-1,T_PARK,,,,,T1_FORWARD_TO_REVERSE
303.6451,-36.2187,-51.3740,0.000,PERP_PARK,-1,T_PARK,,,,,T1_FORWARD_TO_REVERSE
303.7447,-36.1588,-51.2944,0.000,PERP_PARK,-1,T_PARK,,,,,T1_FORWARD_TO_REVERSE
303.8442,-36.1007,-51.2136,0.000,PERP_PARK,-1,T_PARK,,,,,T1_FORWARD_TO_REVERSE
303.9438,-36.0444,-51.1315,0.000,PERP_PARK,-1,T_PARK,,,,,T1_FORWARD_TO_REVERSE
304.0433,-35.9894,-51.0485,0.000,PERP_PARK,-1,T_PARK,,,,,T1_FORWARD_TO_REVERSE
304.1429,-35.9354,-50.9649,0.000,PERP_PARK,-1,T_PARK,,,,,T1_FORWARD_TO_REVERSE
304.2425,-35.8820,-50.8808,0.000,PERP_PARK,-1,T_PARK,,,,,T1_FORWARD_TO_REVERSE
304.3420,-35.8294,-50.7963,0.000,PERP_PARK,-1,T_PARK,,,,,T1_FORWARD_TO_REVERSE
304.4416,-35.7771,-50.7116,0.000,PERP_PARK,-1,T_PARK,,,,,T1_FORWARD_TO_REVERSE
304.5411,-35.7249,-50.6268,0.000,PERP_PARK,-1,T_PARK,,,,,T1_FORWARD_TO_REVERSE
304.6408,-35.6726,-50.5420,0.000,PERP_PARK,-1,T_PARK,,,,,T1_FORWARD_TO_REVERSE
304.7403,-35.6201,-50.4575,0.000,PERP_PARK,-1,T_PARK,,,,,T1_FORWARD_TO_REVERSE
304.8398,-35.5671,-50.3732,0.000,PERP_PARK,-1,T_PARK,,,,,T1_FORWARD_TO_REVERSE
304.9394,-35.5134,-50.2894,0.000,PERP_PARK,-1,T_PARK,,,,,T1_FORWARD_TO_REVERSE
305.0389,-35.4587,-50.2062,0.000,PERP_PARK,-1,T_PARK,,,,,T1_FORWARD_TO_REVERSE
305.1386,-35.4028,-50.1237,0.000,PERP_PARK,-1,T_PARK,,,,,T1_FORWARD_TO_REVERSE
305.2381,-35.3460,-50.0420,0.000,PERP_PARK,-1,T_PARK,,,,,T1_FORWARD_TO_REVERSE
305.3376,-35.2883,-49.9609,0.000,PERP_PARK,-1,T_PARK,,,,,T1_FORWARD_TO_REVERSE
305.4372,-35.2298,-49.8803,0.000,PERP_PARK,-1,T_PARK,,,,,T1_FORWARD_TO_REVERSE
305.5368,-35.1706,-49.8002,0.000,PERP_PARK,-1,T_PARK,,,,,T1_FORWARD_TO_REVERSE
305.6363,-35.1106,-49.7208,0.000,PERP_PARK,-1,T_PARK,,,,,T1_FORWARD_TO_REVERSE
305.7359,-35.0501,-49.6417,0.000,PERP_PARK,-1,T_PARK,,,,,T1_FORWARD_TO_REVERSE
305.8355,-34.9890,-49.5631,0.000,PERP_PARK,-1,T_PARK,,,,,T1_FORWARD_TO_REVERSE
305.9351,-34.9276,-49.4847,0.000,PERP_PARK,-1,T_PARK,,,,,T1_FORWARD_TO_REVERSE
306.0346,-34.8659,-49.4066,0.000,PERP_PARK,-1,T_PARK,,,,,T1_FORWARD_TO_REVERSE
306.1341,-34.8038,-49.3288,0.000,PERP_PARK,-1,T_PARK,,,,,T1_FORWARD_TO_REVERSE
306.2337,-34.7415,-49.2511,0.000,PERP_PARK,-1,T_PARK,,,,,T1_FORWARD_TO_REVERSE
306.3333,-34.6792,-49.1734,0.000,PERP_PARK,-1,T_PARK,,,,,T1_FORWARD_TO_REVERSE
306.4329,-34.6168,-49.0958,0.000,PERP_PARK,-1,T_PARK,,,,,T1_FORWARD_TO_REVERSE
306.5324,-34.5545,-49.0182,0.000,PERP_PARK,-1,T_PARK,,,,,T1_FORWARD_TO_REVERSE
306.6320,-34.4923,-48.9404,0.000,PERP_PARK,-1,T_PARK,,,,,T1_FORWARD_TO_REVERSE
306.7316,-34.4303,-48.8625,0.000,PERP_PARK,-1,T_PARK,,,,,T1_FORWARD_TO_REVERSE
306.8311,-34.3680,-48.7849,0.000,PERP_PARK,-1,T_PARK,,,,,T1_FORWARD_TO_REVERSE
306.9307,-34.3046,-48.7081,0.000,PERP_PARK,-1,T_PARK,,,,,T1_FORWARD_TO_REVERSE
307.0302,-34.2397,-48.6326,0.000,PERP_PARK,-1,T_PARK,,,,,T1_FORWARD_TO_REVERSE
307.1298,-34.1725,-48.5591,0.000,PERP_PARK,-1,T_PARK,,,,,T1_FORWARD_TO_REVERSE
307.2293,-34.1020,-48.4889,0.000,PERP_PARK,-1,T_PARK,,,,,T1_FORWARD_TO_REVERSE
307.3289,-34.0272,-48.4232,0.000,PERP_PARK,-1,T_PARK,,,,,T1_FORWARD_TO_REVERSE
307.4284,-33.9485,-48.3622,0.000,PERP_PARK,-1,T_PARK,,,,,T1_FORWARD_TO_REVERSE
307.5280,-33.8666,-48.3056,0.000,PERP_PARK,-1,T_PARK,,,,,T1_FORWARD_TO_REVERSE
307.6275,-33.7819,-48.2533,0.000,PERP_PARK,-1,T_PARK,,,,,T1_FORWARD_TO_REVERSE
307.7271,-33.6949,-48.2049,0.000,PERP_PARK,-1,T_PARK,,,,,T1_FORWARD_TO_REVERSE
307.8267,-33.6055,-48.1611,0.000,PERP_PARK,-1,T_PARK,,,,,T1_FORWARD_TO_REVERSE
307.9262,-33.5138,-48.1223,0.000,PERP_PARK,-1,T_PARK,,,,,T1_FORWARD_TO_REVERSE
308.0258,-33.4203,-48.0881,0.000,PERP_PARK,-1,T_PARK,,,,,T1_FORWARD_TO_REVERSE
308.1253,-33.3256,-48.0575,0.000,PERP_PARK,-1,T_PARK,,,,,T1_FORWARD_TO_REVERSE
308.2249,-33.2299,-48.0301,0.000,PERP_PARK,-1,T_PARK,,,,,T1_FORWARD_TO_REVERSE
308.3245,-33.1333,-48.0058,0.000,PERP_PARK,-1,T_PARK,,,,,T1_FORWARD_TO_REVERSE
308.4240,-33.0361,-47.9845,0.000,PERP_PARK,-1,T_PARK,,,,,T1_FORWARD_TO_REVERSE
308.5236,-32.9382,-47.9660,0.000,PERP_PARK,-1,T_PARK,,,,,T1_FORWARD_TO_REVERSE
308.6232,-32.8400,-47.9496,0.000,PERP_PARK,-1,T_PARK,,,,,T1_FORWARD_TO_REVERSE
308.7227,-32.7416,-47.9346,0.000,PERP_PARK,-1,T_PARK,,,,,T1_FORWARD_TO_REVERSE
308.8223,-32.6430,-47.9207,0.000,PERP_PARK,-1,T_PARK,,,,,T1_FORWARD_TO_REVERSE
308.9218,-32.5443,-47.9076,0.000,PERP_PARK,-1,T_PARK,,,,,T1_FORWARD_TO_REVERSE
309.0213,-32.4456,-47.8950,0.000,PERP_PARK,-1,T_PARK,,,,,T1_FORWARD_TO_REVERSE
309.1209,-32.3468,-47.8825,0.000,PERP_PARK,-1,T_PARK,,,,,T1_FORWARD_TO_REVERSE
309.2205,-32.2481,-47.8697,0.000,PERP_PARK,-1,T_PARK,,,,,T1_FORWARD_TO_REVERSE
309.3201,-32.1494,-47.8563,0.000,PERP_PARK,-1,T_PARK,,,,,T1_FORWARD_TO_REVERSE
309.4196,-32.0509,-47.8420,0.000,PERP_PARK,-1,T_PARK,,,,,T1_FORWARD_TO_REVERSE
309.5191,-31.9525,-47.8269,0.000,PERP_PARK,-1,T_PARK,,,,,T1_FORWARD_TO_REVERSE
309.6187,-31.8542,-47.8111,0.000,PERP_PARK,-1,T_PARK,,,,,T1_FORWARD_TO_REVERSE
309.7183,-31.7559,-47.7951,0.000,PERP_PARK,-1,T_PARK,,,,,T1_FORWARD_TO_REVERSE
309.8178,-31.6576,-47.7795,0.000,PERP_PARK,-1,T_PARK,,,,,T1_FORWARD_TO_REVERSE
309.9174,-31.5591,-47.7646,0.000,PERP_PARK,-1,T_PARK,,,,,T1_FORWARD_TO_REVERSE
310.0170,-31.4605,-47.7509,0.000,PERP_PARK,-1,T_PARK,,,,,T1_FORWARD_TO_REVERSE
310.1165,-31.3617,-47.7389,0.000,PERP_PARK,-1,T_PARK,,,,,T1_FORWARD_TO_REVERSE
310.2161,-31.2626,-47.7293,0.000,PERP_PARK,-1,T_PARK,,,,,T1_FORWARD_TO_REVERSE
310.3157,-31.1632,-47.7229,0.000,PERP_PARK,-1,T_PARK,,,,,T1_FORWARD_TO_REVERSE
310.4152,-31.0637,-47.7201,0.000,PERP_PARK,-1,T_PARK,,,,,T1_FORWARD_TO_REVERSE
310.5148,-30.9641,-47.7212,0.000,PERP_PARK,-1,T_PARK,,,,,T1_FORWARD_TO_REVERSE
310.6143,-30.8648,-47.7270,0.000,PERP_PARK,-1,T_PARK,,,,,T1_FORWARD_TO_REVERSE
310.7139,-30.7658,-47.7379,0.000,PERP_PARK,-1,T_PARK,,,,,T1_FORWARD_TO_REVERSE
310.8134,-30.6676,-47.7540,0.000,PERP_PARK,-1,T_PARK,,,,,T1_FORWARD_TO_REVERSE
310.9130,-30.5702,-47.7748,0.000,PERP_PARK,-1,T_PARK,,,,,T1_FORWARD_TO_REVERSE
311.0126,-30.4738,-47.7998,0.000,PERP_PARK,-1,T_PARK,,,,,T1_FORWARD_TO_REVERSE
311.1122,-30.3784,-47.8283,0.000,PERP_PARK,-1,T_PARK,,,,,T1_FORWARD_TO_REVERSE
311.2117,-30.2841,-47.8600,0.000,PERP_PARK,-1,T_PARK,,,,,T1_FORWARD_TO_REVERSE
311.3112,-30.1908,-47.8948,0.000,PERP_PARK,-1,T_PARK,,,,,T1_FORWARD_TO_REVERSE
311.4108,-30.0986,-47.9323,0.000,PERP_PARK,-1,T_PARK,,,,,T1_FORWARD_TO_REVERSE
311.5103,-30.0073,-47.9720,0.000,PERP_PARK,-1,T_PARK,,,,,T1_FORWARD_TO_REVERSE
311.6100,-29.9167,-48.0135,0.000,PERP_PARK,-1,T_PARK,,,,,T1_FORWARD_TO_REVERSE
311.7095,-29.8269,-48.0563,0.000,PERP_PARK,-1,T_PARK,,,,,T1_FORWARD_TO_REVERSE
311.8090,-29.7376,-48.1003,0.000,PERP_PARK,-1,T_PARK,,,,,T1_FORWARD_TO_REVERSE
311.9086,-29.6489,-48.1455,0.000,PERP_PARK,-1,T_PARK,,,,,T1_FORWARD_TO_REVERSE
312.0081,-29.5607,-48.1917,0.000,PERP_PARK,-1,T_PARK,,,,,T1_FORWARD_TO_REVERSE
312.1078,-29.4728,-48.2386,0.000,PERP_PARK,-1,T_PARK,,,,,T1_FORWARD_TO_REVERSE
312.2073,-29.3853,-48.2860,0.000,PERP_PARK,-1,T_PARK,,,,,T1_FORWARD_TO_REVERSE
312.3068,-29.2980,-48.3338,0.000,PERP_PARK,-1,T_PARK,,,,,T1_FORWARD_TO_REVERSE
312.4064,-29.2108,-48.3819,0.000,PERP_PARK,-1,T_PARK,,,,,T1_FORWARD_TO_REVERSE
312.5060,-29.1237,-48.4302,0.000,PERP_PARK,-1,T_PARK,,,,,T1_FORWARD_TO_REVERSE
312.6055,-29.0366,-48.4784,0.000,PERP_PARK,-1,T_PARK,,,,,T1_FORWARD_TO_REVERSE
312.7051,-28.9494,-48.5265,0.000,PERP_PARK,-1,T_PARK,,,,,T1_FORWARD_TO_REVERSE
312.8046,-28.8621,-48.5743,0.000,PERP_PARK,-1,T_PARK,,,,,T1_FORWARD_TO_REVERSE
312.9043,-28.7745,-48.6218,0.000,PERP_PARK,-1,T_PARK,,,,,T1_FORWARD_TO_REVERSE
313.0037,-28.6867,-48.6685,0.000,PERP_PARK,-1,T_PARK,,,,,T1_FORWARD_TO_REVERSE
313.1033,-28.5983,-48.7144,0.000,PERP_PARK,-1,T_PARK,,,,,T1_FORWARD_TO_REVERSE
313.2029,-28.5094,-48.7593,0.000,PERP_PARK,-1,T_PARK,,,,,T1_FORWARD_TO_REVERSE
313.3025,-28.4200,-48.8031,0.000,PERP_PARK,-1,T_PARK,,,,,T1_FORWARD_TO_REVERSE
313.4020,-28.3300,-48.8456,0.000,PERP_PARK,-1,T_PARK,,,,,T1_FORWARD_TO_REVERSE
313.5017,-28.2391,-48.8864,0.000,PERP_PARK,-1,T_PARK,,,,,T1_FORWARD_TO_REVERSE
313.6012,-28.1479,-48.9262,0.000,PERP_PARK,1,T_PARK,T1_REVERSE_TO_FORWARD,SET_FORWARD,,,T1_REVERSE_TO_FORWARD
313.7011,-28.2313,-48.8711,0.000,PERP_PARK,1,T_PARK,,,,,T1_REVERSE_TO_FORWARD
313.8011,-28.3148,-48.8161,0.000,PERP_PARK,1,T_PARK,,,,,T1_REVERSE_TO_FORWARD
313.9011,-28.3983,-48.7611,0.000,PERP_PARK,1,T_PARK,,,,,T1_REVERSE_TO_FORWARD
314.0011,-28.4819,-48.7062,0.000,PERP_PARK,1,T_PARK,,,,,T1_REVERSE_TO_FORWARD
314.1011,-28.5655,-48.6514,0.000,PERP_PARK,1,T_PARK,,,,,T1_REVERSE_TO_FORWARD
314.2011,-28.6492,-48.5967,0.000,PERP_PARK,1,T_PARK,,,,,T1_REVERSE_TO_FORWARD
314.3010,-28.7329,-48.5421,0.000,PERP_PARK,1,T_PARK,,,,,T1_REVERSE_TO_FORWARD
314.4010,-28.8167,-48.4876,0.000,PERP_PARK,1,T_PARK,,,,,T1_REVERSE_TO_FORWARD
314.5010,-28.9006,-48.4332,0.000,PERP_PARK,1,T_PARK,,,,,T1_REVERSE_TO_FORWARD
314.6009,-28.9845,-48.3788,0.000,PERP_PARK,1,T_PARK,,,,,T1_REVERSE_TO_FORWARD
314.7009,-29.0683,-48.3244,0.000,PERP_PARK,1,T_PARK,,,,,T1_REVERSE_TO_FORWARD
314.8009,-29.1522,-48.2699,0.000,PERP_PARK,1,T_PARK,,,,,T1_REVERSE_TO_FORWARD
314.9008,-29.2359,-48.2154,0.000,PERP_PARK,1,T_PARK,,,,,T1_REVERSE_TO_FORWARD
315.0008,-29.3196,-48.1607,0.000,PERP_PARK,1,T_PARK,,,,,T1_REVERSE_TO_FORWARD
315.1008,-29.4032,-48.1058,0.000,PERP_PARK,1,T_PARK,,,,,T1_REVERSE_TO_FORWARD
315.2007,-29.4866,-48.0507,0.000,PERP_PARK,1,T_PARK,,,,,T1_REVERSE_TO_FORWARD
315.3007,-29.5698,-47.9953,0.000,PERP_PARK,1,T_PARK,,,,,T1_REVERSE_TO_FORWARD
315.4007,-29.6528,-47.9395,0.000,PERP_PARK,1,T_PARK,,,,,T1_REVERSE_TO_FORWARD
315.5008,-29.7355,-47.8832,0.000,PERP_PARK,1,T_PARK,,,,,T1_REVERSE_TO_FORWARD
315.6006,-29.8178,-47.8266,0.000,PERP_PARK,1,T_PARK,,,,,T1_REVERSE_TO_FORWARD
315.7007,-29.8998,-47.7693,0.000,PERP_PARK,1,T_PARK,,,,,T1_REVERSE_TO_FORWARD
315.8006,-29.9813,-47.7115,0.000,PERP_PARK,1,T_PARK,,,,,T1_REVERSE_TO_FORWARD
315.9006,-30.0624,-47.6530,0.000,PERP_PARK,1,T_PARK,,,,,T1_REVERSE_TO_FORWARD
316.0006,-30.1429,-47.5937,0.000,PERP_PARK,1,T_PARK,,,,,T1_REVERSE_TO_FORWARD
316.1006,-30.2229,-47.5337,0.000,PERP_PARK,1,T_PARK,,,,,T1_REVERSE_TO_FORWARD
316.2006,-30.3022,-47.4728,0.000,PERP_PARK,1,T_PARK,,,,,T1_REVERSE_TO_FORWARD
316.3005,-30.3808,-47.4110,0.000,PERP_PARK,1,T_PARK,,,,,T1_REVERSE_TO_FORWARD
316.4005,-30.4586,-47.3483,0.000,PERP_PARK,1,T_PARK,,,,,T1_REVERSE_TO_FORWARD
316.5005,-30.5356,-47.2845,0.000,PERP_PARK,1,T_PARK,,,,,T1_REVERSE_TO_FORWARD
316.6004,-30.6116,-47.2196,0.000,PERP_PARK,1,T_PARK,,,,,T1_REVERSE_TO_FORWARD
316.7004,-30.6867,-47.1536,0.000,PERP_PARK,1,T_PARK,,,,,T1_REVERSE_TO_FORWARD
316.8003,-30.7607,-47.0864,0.000,PERP_PARK,1,T_PARK,,,,,T1_REVERSE_TO_FORWARD
316.9003,-30.8335,-47.0179,0.000,PERP_PARK,1,T_PARK,,,,,T1_REVERSE_TO_FORWARD
317.0003,-30.9051,-46.9481,0.000,PERP_PARK,1,T_PARK,,,,,T1_REVERSE_TO_FORWARD
317.1003,-30.9753,-46.8769,0.000,PERP_PARK,1,T_PARK,,,,,T1_REVERSE_TO_FORWARD
317.2003,-31.0441,-46.8043,0.000,PERP_PARK,1,T_PARK,,,,,T1_REVERSE_TO_FORWARD
317.3003,-31.1113,-46.7303,0.000,PERP_PARK,1,T_PARK,,,,,T1_REVERSE_TO_FORWARD
317.4002,-31.1768,-46.6548,0.000,PERP_PARK,1,T_PARK,,,,,T1_REVERSE_TO_FORWARD
317.5002,-31.2405,-46.5778,0.000,PERP_PARK,1,T_PARK,,,,,T1_REVERSE_TO_FORWARD
317.6001,-31.3023,-46.4992,0.000,PERP_PARK,1,T_PARK,,,,,T1_REVERSE_TO_FORWARD
317.7001,-31.3621,-46.4191,0.000,PERP_PARK,1,T_PARK,,,,,T1_REVERSE_TO_FORWARD
317.8001,-31.4198,-46.3374,0.000,PERP_PARK,1,T_PARK,,,,,T1_REVERSE_TO_FORWARD
317.9001,-31.4752,-46.2542,0.000,PERP_PARK,1,T_PARK,,,,,T1_REVERSE_TO_FORWARD
318.0001,-31.5282,-46.1694,0.000,PERP_PARK,1,T_PARK,,,,,T1_REVERSE_TO_FORWARD
318.1001,-31.5787,-46.0831,0.000,PERP_PARK,1,T_PARK,,,,,T1_REVERSE_TO_FORWARD
318.2000,-31.6266,-45.9954,0.000,PERP_PARK,1,T_PARK,,,,,T1_REVERSE_TO_FORWARD
318.3000,-31.6718,-45.9062,0.000,PERP_PARK,1,T_PARK,,,,,T1_REVERSE_TO_FORWARD
318.4000,-31.7143,-45.8157,0.000,PERP_PARK,1,T_PARK,,,,,T1_REVERSE_TO_FORWARD
318.4999,-31.7538,-45.7239,0.000,PERP_PARK,1,T_PARK,,,,,T1_REVERSE_TO_FORWARD
318.5999,-31.7905,-45.6309,0.000,PERP_PARK,1,T_PARK,,,,,T1_REVERSE_TO_FORWARD
318.6998,-31.8242,-45.5368,0.000,PERP_PARK,1,T_PARK,,,,,T1_REVERSE_TO_FORWARD
318.7998,-31.8549,-45.4417,0.000,PERP_PARK,1,T_PARK,,,,,T1_REVERSE_TO_FORWARD
318.8998,-31.8826,-45.3456,0.000,PERP_PARK,1,T_PARK,,,,,T1_REVERSE_TO_FORWARD
318.9998,-31.9073,-45.2487,0.000,PERP_PARK,1,T_PARK,,,,,T1_REVERSE_TO_FORWARD
319.0997,-31.9289,-45.1511,0.000,PERP_PARK,1,T_PARK,,,,,T1_REVERSE_TO_FORWARD
319.1997,-31.9476,-45.0529,0.000,PERP_PARK,1,T_PARK,,,,,T1_REVERSE_TO_FORWARD
319.2997,-31.9633,-44.9542,0.000,PERP_PARK,1,T_PARK,,,,,T1_REVERSE_TO_FORWARD
319.3997,-31.9761,-44.8550,0.000,PERP_PARK,1,T_PARK,,,,,T1_REVERSE_TO_FORWARD
319.4996,-31.9860,-44.7556,0.000,PERP_PARK,1,T_PARK,,,,,T1_REVERSE_TO_FORWARD
319.5996,-31.9931,-44.6558,0.000,PERP_PARK,1,T_PARK,,,,,T1_REVERSE_TO_FORWARD
319.6996,-31.9973,-44.5559,0.000,PERP_PARK,1,T_PARK,,,,,T1_REVERSE_TO_FORWARD
319.7995,-31.9988,-44.4560,0.000,PERP_PARK,1,T_PARK,,,,,T1_REVERSE_TO_FORWARD
319.8995,-31.9976,-44.3560,0.000,PERP_PARK,1,T_PARK,,,,,T1_REVERSE_TO_FORWARD
319.9995,-31.9937,-44.2561,0.000,PERP_PARK,1,T_PARK,,,,,T1_REVERSE_TO_FORWARD
320.0994,-31.9871,-44.1564,0.000,PERP_PARK,1,T_PARK,,,,,T1_REVERSE_TO_FORWARD
320.1994,-31.9781,-44.0568,0.000,PERP_PARK,1,T_PARK,,,,,T1_REVERSE_TO_FORWARD
320.2994,-31.9665,-43.9575,0.000,PERP_PARK,1,T_PARK,,,,,T1_REVERSE_TO_FORWARD
320.3994,-31.9524,-43.8585,0.000,PERP_PARK,1,T_PARK,,,,,T1_REVERSE_TO_FORWARD
320.4994,-31.9360,-43.7599,0.000,PERP_PARK,1,T_PARK,,,,,T1_REVERSE_TO_FORWARD
320.5993,-31.9173,-43.6617,0.000,PERP_PARK,1,T_PARK,,,,,T1_REVERSE_TO_FORWARD
320.6993,-31.8963,-43.5640,0.000,PERP_PARK,1,T_PARK,,,,,T1_REVERSE_TO_FORWARD
320.7993,-31.8731,-43.4667,0.000,PERP_PARK,1,T_PARK,,,,,T1_REVERSE_TO_FORWARD
320.8992,-31.8479,-43.3700,0.000,PERP_PARK,1,T_PARK,,,,,T1_REVERSE_TO_FORWARD
320.9992,-31.8206,-43.2738,0.000,PERP_PARK,1,T_PARK,,,,,T1_REVERSE_TO_FORWARD
321.0991,-31.7915,-43.1782,0.000,PERP_PARK,1,T_PARK,,,,,T1_REVERSE_TO_FORWARD
321.1992,-31.7605,-43.0831,0.000,PERP_PARK,1,T_PARK,,,,,T1_REVERSE_TO_FORWARD
321.2991,-31.7277,-42.9887,0.000,PERP_PARK,1,T_PARK,,,,,T1_REVERSE_TO_FORWARD
321.3991,-31.6933,-42.8948,0.000,PERP_PARK,1,T_PARK,,,,,T1_REVERSE_TO_FORWARD
321.4991,-31.6572,-42.8016,0.000,PERP_PARK,1,T_PARK,,,,,T1_REVERSE_TO_FORWARD
321.5990,-31.6197,-42.7089,0.000,PERP_PARK,1,T_PARK,,,,,T1_REVERSE_TO_FORWARD
321.6991,-31.5807,-42.6168,0.000,PERP_PARK,1,T_PARK,,,,,T1_REVERSE_TO_FORWARD
321.7990,-31.5405,-42.5253,0.000,PERP_PARK,1,T_PARK,,,,,T1_REVERSE_TO_FORWARD
321.8989,-31.4992,-42.4343,0.000,PERP_PARK,1,T_PARK,,,,,T1_REVERSE_TO_FORWARD
321.9990,-31.4570,-42.3436,0.000,PERP_PARK,1,T_PARK,,,,,T1_REVERSE_TO_FORWARD
322.0989,-31.4141,-42.2533,0.000,PERP_PARK,1,T_PARK,,,,,T1_REVERSE_TO_FORWARD
322.1989,-31.3709,-42.1632,0.000,PERP_PARK,1,T_PARK,,,,,T1_REVERSE_TO_FORWARD
322.2988,-31.3276,-42.0731,0.000,PERP_PARK,1,T_PARK,,,,,T1_REVERSE_TO_FORWARD
322.3989,-31.2846,-41.9828,0.000,PERP_PARK,1,T_PARK,,,,,T1_REVERSE_TO_FORWARD
322.4989,-31.2422,-41.8922,0.000,PERP_PARK,1,T_PARK,,,,,T1_REVERSE_TO_FORWARD
322.5988,-31.2008,-41.8013,0.000,PERP_PARK,1,T_PARK,,,,,T1_REVERSE_TO_FORWARD
322.6987,-31.1605,-41.7098,0.000,PERP_PARK,1,T_PARK,,,,,T1_REVERSE_TO_FORWARD
322.7987,-31.1216,-41.6177,0.000,PERP_PARK,1,T_PARK,,,,,T1_REVERSE_TO_FORWARD
322.8987,-31.0841,-41.5250,0.000,PERP_PARK,1,T_PARK,,,,,T1_REVERSE_TO_FORWARD
322.9987,-31.0482,-41.4317,0.000,PERP_PARK,1,T_PARK,,,,,T1_REVERSE_TO_FORWARD
323.0987,-31.0136,-41.3379,0.000,PERP_PARK,1,T_PARK,,,,,T1_REVERSE_TO_FORWARD
323.1986,-30.9804,-41.2436,0.000,PERP_PARK,1,T_PARK,,,,,T1_REVERSE_TO_FORWARD
323.2986,-30.9484,-41.1489,0.000,PERP_PARK,1,T_PARK,,,,,T1_REVERSE_TO_FORWARD
323.3986,-30.9173,-41.0539,0.000,PERP_PARK,1,T_PARK,,,,,T1_REVERSE_TO_FORWARD
323.4986,-30.8870,-40.9586,0.000,PERP_PARK,1,T_PARK,,,,,T1_REVERSE_TO_FORWARD
323.5985,-30.8572,-40.8632,0.000,PERP_PARK,1,T_PARK,,,,,T1_REVERSE_TO_FORWARD
323.6986,-30.8277,-40.7676,0.000,PERP_PARK,1,T_PARK,,,,,T1_REVERSE_TO_FORWARD
323.7985,-30.7984,-40.6721,0.000,PERP_PARK,1,T_PARK,,,,,T1_REVERSE_TO_FORWARD
323.8985,-30.7690,-40.5765,0.000,PERP_PARK,1,T_PARK,,,,,T1_REVERSE_TO_FORWARD
323.9985,-30.7394,-40.4810,0.000,PERP_PARK,1,T_PARK,,,,,T1_REVERSE_TO_FORWARD
324.0984,-30.7095,-40.3856,0.000,PERP_PARK,1,T_PARK,,,,,T1_REVERSE_TO_FORWARD
324.1984,-30.6792,-40.2903,0.000,PERP_PARK,1,T_PARK,,,,,T1_REVERSE_TO_FORWARD
324.2984,-30.6484,-40.1952,0.000,PERP_PARK,1,T_PARK,,,,,T1_REVERSE_TO_FORWARD
324.3984,-30.6169,-40.1003,0.000,PERP_PARK,1,T_PARK,,,,,T1_REVERSE_TO_FORWARD
324.4983,-30.5849,-40.0056,0.000,PERP_PARK,1,T_PARK,,,,,T1_REVERSE_TO_FORWARD
324.5983,-30.5522,-39.9111,0.000,PERP_PARK,1,T_PARK,,,,,T1_REVERSE_TO_FORWARD
324.6983,-30.5189,-39.8169,0.000,PERP_PARK,1,T_PARK,,,,,T1_REVERSE_TO_FORWARD
324.7983,-30.4850,-39.7228,0.000,PERP_PARK,1,T_PARK,,,,,T1_REVERSE_TO_FORWARD
324.8983,-30.4504,-39.6290,0.000,PERP_PARK,1,T_PARK,,,,,T1_REVERSE_TO_FORWARD
324.9982,-30.4153,-39.5354,0.000,PERP_PARK,1,T_PARK,,,,,T1_REVERSE_TO_FORWARD
325.0982,-30.3796,-39.4420,0.000,PERP_PARK,1,T_PARK,,,,,T1_REVERSE_TO_FORWARD
325.1982,-30.3435,-39.3488,0.000,PERP_PARK,1,T_PARK,,,,,T1_REVERSE_TO_FORWARD
325.2981,-30.3069,-39.2558,0.000,PERP_PARK,1,T_PARK,,,,,T1_REVERSE_TO_FORWARD
325.3982,-30.2700,-39.1628,0.000,PERP_PARK,1,T_PARK,,,,,T1_REVERSE_TO_FORWARD
325.4981,-30.2329,-39.0700,0.000,PERP_PARK,1,T_PARK,,,,,T1_REVERSE_TO_FORWARD
325.5980,-30.1956,-38.9773,0.000,PERP_PARK,1,T_PARK,,,,,T1_REVERSE_TO_FORWARD
325.6981,-30.1582,-38.8845,0.000,PERP_PARK,1,T_PARK,,,,,T1_REVERSE_TO_FORWARD
325.7980,-30.1209,-38.7918,0.000,PERP_PARK,1,T_PARK,,,,,T1_REVERSE_TO_FORWARD
325.8980,-30.0837,-38.6990,0.000,PERP_PARK,1,T_PARK,,,,,T1_REVERSE_TO_FORWARD
325.9980,-30.0467,-38.6061,0.000,PERP_PARK,1,T_PARK,,,,,T1_REVERSE_TO_FORWARD
326.0979,-30.0100,-38.5131,0.000,PERP_PARK,1,T_PARK,,,,,T1_REVERSE_TO_FORWARD
326.1979,-29.9738,-38.4199,0.000,PERP_PARK,1,T_PARK,,,,,T1_REVERSE_TO_FORWARD
326.2979,-29.9380,-38.3266,0.000,PERP_PARK,1,T_PARK,,,,,T1_REVERSE_TO_FORWARD
326.3979,-29.9028,-38.2330,0.000,PERP_PARK,1,T_PARK,,,,,T1_REVERSE_TO_FORWARD
326.4978,-29.8683,-38.1392,0.000,PERP_PARK,1,T_PARK,,,,,T1_REVERSE_TO_FORWARD
326.5979,-29.8343,-38.0451,0.000,PERP_PARK,1,T_PARK,,,,,T1_REVERSE_TO_FORWARD
326.6977,-29.8011,-37.9509,0.000,PERP_PARK,1,T_PARK,,,,,T1_REVERSE_TO_FORWARD
326.7978,-29.7686,-37.8563,0.000,PERP_PARK,1,T_PARK,,,,,T1_REVERSE_TO_FORWARD
326.8977,-29.7367,-37.7616,0.000,PERP_PARK,1,T_PARK,,,,,T1_REVERSE_TO_FORWARD
326.9977,-29.7054,-37.6666,0.000,PERP_PARK,1,T_PARK,,,,,T1_REVERSE_TO_FORWARD
327.0977,-29.6746,-37.5715,0.000,PERP_PARK,1,T_PARK,,,,,T1_REVERSE_TO_FORWARD
327.1977,-29.6443,-37.4762,0.000,PERP_PARK,1,T_PARK,,,,,T1_REVERSE_TO_FORWARD
327.2976,-29.6142,-37.3809,0.000,PERP_PARK,1,T_PARK,,,,,T1_REVERSE_TO_FORWARD
327.3976,-29.5844,-37.2855,0.000,PERP_PARK,1,T_PARK,,,,,T1_REVERSE_TO_FORWARD
327.4975,-29.5545,-37.1901,0.000,PERP_PARK,1,T_PARK,,,,,T1_REVERSE_TO_FORWARD
327.5976,-29.5244,-37.0947,0.000,PERP_PARK,1,T_PARK,,,,,T1_REVERSE_TO_FORWARD
327.6975,-29.4939,-36.9995,0.000,PERP_PARK,1,T_PARK,,,,,T1_REVERSE_TO_FORWARD
327.7975,-29.4629,-36.9045,0.000,PERP_PARK,1,T_PARK,,,,,T1_REVERSE_TO_FORWARD
327.8974,-29.4312,-36.8097,0.000,PERP_PARK,1,T_PARK,,,,,T1_REVERSE_TO_FORWARD
327.9974,-29.3985,-36.7152,0.000,PERP_PARK,1,T_PARK,,,,,T1_REVERSE_TO_FORWARD
328.0975,-29.3646,-36.6211,0.000,PERP_PARK,1,T_PARK,,,,,T1_REVERSE_TO_FORWARD
328.1974,-29.3295,-36.5275,0.000,PERP_PARK,1,T_PARK,,,,,T1_REVERSE_TO_FORWARD
328.2974,-29.2928,-36.4345,0.000,PERP_PARK,1,T_PARK,,,,,T1_REVERSE_TO_FORWARD
328.3973,-29.2545,-36.3422,0.000,PERP_PARK,1,T_PARK,,,,,T1_REVERSE_TO_FORWARD
328.4973,-29.2144,-36.2506,0.000,PERP_PARK,1,T_PARK,,,,,T1_REVERSE_TO_FORWARD
328.5973,-29.1724,-36.1599,0.000,PERP_PARK,1,T_PARK,,,,,T1_REVERSE_TO_FORWARD
328.6973,-29.1284,-36.0701,0.000,PERP_PARK,1,T_PARK,,,,,T1_REVERSE_TO_FORWARD
328.7972,-29.0823,-35.9814,0.000,PERP_PARK,1,T_PARK,,,,,T1_REVERSE_TO_FORWARD
328.8972,-29.0340,-35.8939,0.000,PERP_PARK,1,T_PARK,,,,,T1_REVERSE_TO_FORWARD
328.9972,-28.9834,-35.8076,0.000,PERP_PARK,1,T_PARK,,,,,T1_REVERSE_TO_FORWARD
329.0971,-28.9306,-35.7228,0.000,PERP_PARK,1,T_PARK,,,,,T1_REVERSE_TO_FORWARD
329.1971,-28.8754,-35.6394,0.000,PERP_PARK,1,T_PARK,,,,,T1_REVERSE_TO_FORWARD
329.2671,-28.8354,-35.5820,0.000,PERP_PARK,1,T_PARK,T_PARK_END,EXIT_ZONE,,,T1_REVERSE_TO_FORWARD
329.2971,-28.8179,-35.5576,0.000,PERP_PARK,1,T_PARK,,,,,T1_REVERSE_TO_FORWARD
329.3971,-28.7580,-35.4776,0.000,PERP_PARK,1,T_PARK,,,,,T1_REVERSE_TO_FORWARD
329.4165,-28.7462,-35.4622,0.000,NORMAL,1,ROUTE,,,,,T1_REVERSE_TO_FORWARD
329.4971,-28.6963,-35.3989,0.000,NORMAL,1,ROUTE,,,,,T1_REVERSE_TO_FORWARD
329.5970,-28.6327,-35.3218,0.000,NORMAL,1,ROUTE,,,,,T1_REVERSE_TO_FORWARD
329.6970,-28.5674,-35.2461,0.000,NORMAL,1,ROUTE,,,,,T1_REVERSE_TO_FORWARD
329.7970,-28.5004,-35.1719,0.000,NORMAL,1,ROUTE,,,,,T1_REVERSE_TO_FORWARD
329.8969,-28.4318,-35.0992,0.000,NORMAL,1,ROUTE,,,,,T1_REVERSE_TO_FORWARD
329.9970,-28.3615,-35.0280,0.000,NORMAL,1,ROUTE,,,,,T1_REVERSE_TO_FORWARD
330.0969,-28.2898,-34.9584,0.000,NORMAL,1,ROUTE,,,,,T1_REVERSE_TO_FORWARD
330.1969,-28.2166,-34.8903,0.000,NORMAL,1,ROUTE,,,,,T1_REVERSE_TO_FORWARD
330.2969,-28.1419,-34.8238,0.000,NORMAL,1,ROUTE,,,,,T1_REVERSE_TO_FORWARD
330.3968,-28.0659,-34.7589,0.000,NORMAL,1,ROUTE,,,,,T1_REVERSE_TO_FORWARD
330.4968,-27.9886,-34.6955,0.000,NORMAL,1,ROUTE,,,,,T1_REVERSE_TO_FORWARD
330.5967,-27.9100,-34.6338,0.000,NORMAL,1,ROUTE,,,,,T1_REVERSE_TO_FORWARD
330.6968,-27.8301,-34.5736,0.000,NORMAL,1,ROUTE,,,,,T1_REVERSE_TO_FORWARD
330.7967,-27.7491,-34.5151,0.000,NORMAL,1,ROUTE,,,,,T1_REVERSE_TO_FORWARD
330.8967,-27.6669,-34.4581,0.000,NORMAL,1,ROUTE,,,,,T1_REVERSE_TO_FORWARD
330.9967,-27.5836,-34.4028,0.000,NORMAL,1,ROUTE,,,,,T1_REVERSE_TO_FORWARD
331.0966,-27.4993,-34.3492,0.000,NORMAL,1,ROUTE,,,,,T1_REVERSE_TO_FORWARD
331.1966,-27.4139,-34.2971,0.000,NORMAL,1,ROUTE,,,,,T1_REVERSE_TO_FORWARD
331.2966,-27.3275,-34.2468,0.000,NORMAL,1,ROUTE,,,,,T1_REVERSE_TO_FORWARD
331.3966,-27.2402,-34.1981,0.000,NORMAL,1,ROUTE,,,,,T1_REVERSE_TO_FORWARD
331.4966,-27.1520,-34.1510,0.000,NORMAL,1,ROUTE,,,,,T1_REVERSE_TO_FORWARD
331.5965,-27.0629,-34.1057,0.000,NORMAL,1,ROUTE,,,,,T1_REVERSE_TO_FORWARD
331.6965,-26.9730,-34.0620,0.000,NORMAL,1,ROUTE,,,,,T1_REVERSE_TO_FORWARD
331.7965,-26.8822,-34.0201,0.000,NORMAL,1,ROUTE,,,,,T1_REVERSE_TO_FORWARD
331.8965,-26.7907,-33.9798,0.000,NORMAL,1,ROUTE,,,,,T1_REVERSE_TO_FORWARD
331.9964,-26.6985,-33.9413,0.000,NORMAL,1,ROUTE,,,,,T1_REVERSE_TO_FORWARD
332.0963,-26.6056,-33.9044,0.000,NORMAL,1,ROUTE,,,,,T1_REVERSE_TO_FORWARD
332.1964,-26.5119,-33.8693,0.000,NORMAL,1,ROUTE,,,,,T1_REVERSE_TO_FORWARD
332.2963,-26.4177,-33.8359,0.000,NORMAL,1,ROUTE,,,,,T1_REVERSE_TO_FORWARD
332.3963,-26.3229,-33.8043,0.000,NORMAL,1,ROUTE,,,,,T1_REVERSE_TO_FORWARD
332.4963,-26.2275,-33.7743,0.000,NORMAL,1,ROUTE,,,,,T1_REVERSE_TO_FORWARD
332.5962,-26.1316,-33.7461,0.000,NORMAL,1,ROUTE,,,,,T1_REVERSE_TO_FORWARD
332.6962,-26.0352,-33.7196,0.000,NORMAL,1,ROUTE,,,,,T1_REVERSE_TO_FORWARD
332.7962,-25.9383,-33.6948,0.000,NORMAL,1,ROUTE,,,,,T1_REVERSE_TO_FORWARD
332.8961,-25.8411,-33.6718,0.000,NORMAL,1,ROUTE,,,,,T1_REVERSE_TO_FORWARD
332.9961,-25.7434,-33.6504,0.000,NORMAL,1,ROUTE,,,,,T1_REVERSE_TO_FORWARD
333.0961,-25.6454,-33.6307,0.000,NORMAL,1,ROUTE,,,,,T1_REVERSE_TO_FORWARD
333.1961,-25.5470,-33.6128,0.000,NORMAL,1,ROUTE,,,,,T1_REVERSE_TO_FORWARD
333.2961,-25.4484,-33.5964,0.000,NORMAL,1,ROUTE,,,,,T1_REVERSE_TO_FORWARD
333.3960,-25.3495,-33.5818,0.000,NORMAL,1,ROUTE,,,,,T1_REVERSE_TO_FORWARD
333.4960,-25.2504,-33.5688,0.000,NORMAL,1,ROUTE,,,,,T1_REVERSE_TO_FORWARD
333.5959,-25.1511,-33.5574,0.000,NORMAL,1,ROUTE,,,,,T1_REVERSE_TO_FORWARD
333.6959,-25.0516,-33.5477,0.000,NORMAL,1,ROUTE,,,,,T1_REVERSE_TO_FORWARD
333.7959,-24.9519,-33.5396,0.000,NORMAL,1,ROUTE,,,,,T1_REVERSE_TO_FORWARD
333.8959,-24.8521,-33.5331,0.000,NORMAL,1,ROUTE,,,,,T1_REVERSE_TO_FORWARD
333.9959,-24.7523,-33.5282,0.000,NORMAL,1,ROUTE,,,,,T1_REVERSE_TO_FORWARD
334.0958,-24.6524,-33.5248,0.000,NORMAL,1,ROUTE,,,,,T1_REVERSE_TO_FORWARD
334.1958,-24.5524,-33.5230,0.000,NORMAL,1,ROUTE,,,,,T1_REVERSE_TO_FORWARD
334.2958,-24.4524,-33.5228,0.000,NORMAL,1,ROUTE,,,,,T1_REVERSE_TO_FORWARD
334.3957,-24.3525,-33.5240,0.000,NORMAL,1,ROUTE,,,,,T1_REVERSE_TO_FORWARD
334.4958,-24.2525,-33.5268,0.000,NORMAL,1,ROUTE,,,,,T1_REVERSE_TO_FORWARD
334.5957,-24.1527,-33.5311,0.000,NORMAL,1,ROUTE,,,,,T1_REVERSE_TO_FORWARD
334.6957,-24.0528,-33.5369,0.000,NORMAL,1,ROUTE,,,,,T1_REVERSE_TO_FORWARD
334.7957,-23.9531,-33.5441,0.000,NORMAL,1,ROUTE,,,,,T1_REVERSE_TO_FORWARD
334.8957,-23.8535,-33.5528,0.000,NORMAL,1,ROUTE,,,,,T1_REVERSE_TO_FORWARD
334.9956,-23.7541,-33.5630,0.000,NORMAL,1,ROUTE,,,,,T1_REVERSE_TO_FORWARD
335.0956,-23.6548,-33.5746,0.000,NORMAL,1,ROUTE,,,,,T1_REVERSE_TO_FORWARD
335.1955,-23.5557,-33.5875,0.000,NORMAL,1,ROUTE,,,,,T1_REVERSE_TO_FORWARD
335.2956,-23.4567,-33.6019,0.000,NORMAL,1,ROUTE,,,,,T1_REVERSE_TO_FORWARD
335.3955,-23.3580,-33.6177,0.000,NORMAL,1,ROUTE,,,,,T1_REVERSE_TO_FORWARD
335.4955,-23.2595,-33.6349,0.000,NORMAL,1,ROUTE,,,,,T1_REVERSE_TO_FORWARD
335.5954,-23.1613,-33.6534,0.000,NORMAL,1,ROUTE,,,,,T1_REVERSE_TO_FORWARD
335.6954,-23.0633,-33.6732,0.000,NORMAL,1,ROUTE,,,,,T1_REVERSE_TO_FORWARD
335.7954,-22.9656,-33.6944,0.000,NORMAL,1,ROUTE,,,,,T1_REVERSE_TO_FORWARD
335.8954,-22.8682,-33.7170,0.000,NORMAL,1,ROUTE,,,,,T1_REVERSE_TO_FORWARD
335.9954,-22.7711,-33.7408,0.000,NORMAL,1,ROUTE,,,,,T1_REVERSE_TO_FORWARD
336.0954,-22.6743,-33.7660,0.000,NORMAL,1,ROUTE,,,,,T1_REVERSE_TO_FORWARD
336.1953,-22.5779,-33.7924,0.000,NORMAL,1,ROUTE,,,,,T1_REVERSE_TO_FORWARD
336.2953,-22.4819,-33.8202,0.000,NORMAL,1,ROUTE,,,,,T1_REVERSE_TO_FORWARD
336.3953,-22.3862,-33.8493,0.000,NORMAL,1,ROUTE,,,,,T1_REVERSE_TO_FORWARD
336.4952,-22.2910,-33.8796,0.000,NORMAL,1,ROUTE,,,,,T1_REVERSE_TO_FORWARD
336.5952,-22.1961,-33.9112,0.000,NORMAL,1,ROUTE,,,,,T1_REVERSE_TO_FORWARD
336.6952,-22.1017,-33.9440,0.000,NORMAL,1,ROUTE,,,,,T1_REVERSE_TO_FORWARD
336.7952,-22.0077,-33.9782,0.000,NORMAL,1,ROUTE,,,,,T1_REVERSE_TO_FORWARD
336.8952,-21.9142,-34.0136,0.000,NORMAL,1,ROUTE,,,,,T1_REVERSE_TO_FORWARD
336.9951,-21.8212,-34.0502,0.000,NORMAL,1,ROUTE,,,,,T1_REVERSE_TO_FORWARD
337.0951,-21.7287,-34.0882,0.000,NORMAL,1,ROUTE,,,,,T1_REVERSE_TO_FORWARD
337.1951,-21.6367,-34.1273,0.000,NORMAL,1,ROUTE,,,,,T1_REVERSE_TO_FORWARD
337.2950,-21.5453,-34.1678,0.000,NORMAL,1,ROUTE,,,,,T1_REVERSE_TO_FORWARD
337.3951,-21.4544,-34.2095,0.000,NORMAL,1,ROUTE,,,,,T1_REVERSE_TO_FORWARD
337.4950,-21.3641,-34.2524,0.000,NORMAL,1,ROUTE,,,,,T1_REVERSE_TO_FORWARD
337.5949,-21.2745,-34.2966,0.000,NORMAL,1,ROUTE,,,,,T1_REVERSE_TO_FORWARD
337.6949,-21.1854,-34.3420,0.000,NORMAL,1,ROUTE,,,,,T1_REVERSE_TO_FORWARD
337.7950,-21.0969,-34.3886,0.000,NORMAL,1,ROUTE,,,,,T1_REVERSE_TO_FORWARD
337.8948,-21.0092,-34.4364,0.000,NORMAL,1,ROUTE,,,,,T1_REVERSE_TO_FORWARD
337.9949,-20.9220,-34.4854,0.000,NORMAL,1,ROUTE,,,,,T1_REVERSE_TO_FORWARD
338.0949,-20.8355,-34.5356,0.000,NORMAL,1,ROUTE,,,,,T1_REVERSE_TO_FORWARD
338.1948,-20.7497,-34.5869,0.000,NORMAL,1,ROUTE,,,,,T1_REVERSE_TO_FORWARD
338.2948,-20.6646,-34.6393,0.000,NORMAL,1,ROUTE,,,,,T1_REVERSE_TO_FORWARD
338.3947,-20.5801,-34.6927,0.000,NORMAL,1,ROUTE,,,,,T1_REVERSE_TO_FORWARD
338.4947,-20.4962,-34.7470,0.000,NORMAL,1,ROUTE,,,,,T1_REVERSE_TO_FORWARD
338.5947,-20.4129,-34.8023,0.000,NORMAL,1,ROUTE,,,,,T1_REVERSE_TO_FORWARD
338.6947,-20.3301,-34.8585,0.000,NORMAL,1,ROUTE,,,,,T1_REVERSE_TO_FORWARD
338.7946,-20.2479,-34.9153,0.000,NORMAL,1,ROUTE,,,,,T1_REVERSE_TO_FORWARD
338.8947,-20.1661,-34.9729,0.000,NORMAL,1,ROUTE,,,,,T1_REVERSE_TO_FORWARD
338.9946,-20.0848,-35.0309,0.000,NORMAL,1,ROUTE,,,,,T1_REVERSE_TO_FORWARD
339.0945,-20.0038,-35.0895,0.000,NORMAL,1,ROUTE,,,,,T1_REVERSE_TO_FORWARD
339.1945,-19.9230,-35.1484,0.000,NORMAL,1,ROUTE,,,,,T1_REVERSE_TO_FORWARD
339.2945,-19.8425,-35.2077,0.000,NORMAL,1,ROUTE,,,,,T1_REVERSE_TO_FORWARD
339.3945,-19.7622,-35.2672,0.000,NORMAL,1,ROUTE,,,,,T1_REVERSE_TO_FORWARD
339.4945,-19.6820,-35.3270,0.000,NORMAL,1,ROUTE,,,,,T1_REVERSE_TO_FORWARD
339.5945,-19.6020,-35.3870,0.000,NORMAL,1,ROUTE,,,,,T1_REVERSE_TO_FORWARD
339.6944,-19.5223,-35.4473,0.000,NORMAL,1,ROUTE,,,,,T1_REVERSE_TO_FORWARD
339.7944,-19.4428,-35.5079,0.000,NORMAL,1,ROUTE,,,,,T1_REVERSE_TO_FORWARD
339.8944,-19.3636,-35.5689,0.000,NORMAL,1,ROUTE,,,,,T1_REVERSE_TO_FORWARD
339.9944,-19.2849,-35.6306,0.000,NORMAL,1,ROUTE,,,,,T1_REVERSE_TO_FORWARD
340.0943,-19.2067,-35.6929,0.000,NORMAL,1,ROUTE,,,,,T1_REVERSE_TO_FORWARD
340.1943,-19.1293,-35.7561,0.000,NORMAL,1,ROUTE,,,,,T1_REVERSE_TO_FORWARD
340.2943,-19.0527,-35.8204,0.000,NORMAL,1,ROUTE,,,,,T1_REVERSE_TO_FORWARD
340.3942,-18.9771,-35.8858,0.000,NORMAL,1,ROUTE,,,,,T1_REVERSE_TO_FORWARD
340.4942,-18.9026,-35.9525,0.000,NORMAL,1,ROUTE,,,,,T1_REVERSE_TO_FORWARD
340.5942,-18.8293,-36.0204,0.000,NORMAL,1,ROUTE,,,,,T1_REVERSE_TO_FORWARD
340.6942,-18.7572,-36.0897,0.000,NORMAL,1,ROUTE,,,,,T1_REVERSE_TO_FORWARD
340.7941,-18.6863,-36.1602,0.000,NORMAL,1,ROUTE,,,,,T1_REVERSE_TO_FORWARD
340.8941,-18.6167,-36.2319,0.000,NORMAL,1,ROUTE,,,,,T1_REVERSE_TO_FORWARD
340.9941,-18.5481,-36.3047,0.000,NORMAL,1,ROUTE,,,,,T1_REVERSE_TO_FORWARD
341.0940,-18.4807,-36.3785,0.000,NORMAL,1,ROUTE,,,,,T1_REVERSE_TO_FORWARD
341.1940,-18.4144,-36.4533,0.000,NORMAL,1,ROUTE,,,,,T1_REVERSE_TO_FORWARD
341.2940,-18.3490,-36.5290,0.000,NORMAL,1,ROUTE,,,,,T1_REVERSE_TO_FORWARD
341.3940,-18.2847,-36.6055,0.000,NORMAL,1,ROUTE,,,,,T1_REVERSE_TO_FORWARD
341.4939,-18.2213,-36.6828,0.000,NORMAL,1,ROUTE,,,,,T1_REVERSE_TO_FORWARD
341.5939,-18.1589,-36.7609,0.000,NORMAL,1,ROUTE,,,,,T1_REVERSE_TO_FORWARD
341.6939,-18.0973,-36.8397,0.000,NORMAL,1,ROUTE,,,,,T1_REVERSE_TO_FORWARD
341.7939,-18.0368,-36.9193,0.000,NORMAL,1,ROUTE,,,,,T1_REVERSE_TO_FORWARD
341.8938,-17.9772,-36.9995,0.000,NORMAL,1,ROUTE,,,,,T1_REVERSE_TO_FORWARD
341.9938,-17.9187,-37.0806,0.000,NORMAL,1,ROUTE,,,,,T1_REVERSE_TO_FORWARD
342.0938,-17.8613,-37.1624,0.000,NORMAL,1,ROUTE,,,,,T1_REVERSE_TO_FORWARD
342.1938,-17.8050,-37.2451,0.000,NORMAL,1,ROUTE,,,,,T1_REVERSE_TO_FORWARD
342.2937,-17.7500,-37.3285,0.000,NORMAL,1,ROUTE,,,,,T1_REVERSE_TO_FORWARD
342.3937,-17.6962,-37.4128,0.000,NORMAL,1,ROUTE,,,,,T1_REVERSE_TO_FORWARD
342.4937,-17.6438,-37.4979,0.000,NORMAL,1,ROUTE,,,,,T1_REVERSE_TO_FORWARD
342.5937,-17.5927,-37.5839,0.000,NORMAL,1,ROUTE,,,,,T1_REVERSE_TO_FORWARD
342.6936,-17.5432,-37.6707,0.000,NORMAL,1,ROUTE,,,,,T1_REVERSE_TO_FORWARD
342.7936,-17.4952,-37.7584,0.000,NORMAL,1,ROUTE,,,,,T1_REVERSE_TO_FORWARD
342.8936,-17.4488,-37.8470,0.000,NORMAL,1,ROUTE,,,,,T1_REVERSE_TO_FORWARD
342.9936,-17.4042,-37.9365,0.000,NORMAL,1,ROUTE,,,,,T1_REVERSE_TO_FORWARD
343.0935,-17.3614,-38.0268,0.000,NORMAL,1,ROUTE,,,,,T1_REVERSE_TO_FORWARD
343.1936,-17.3205,-38.1181,0.000,NORMAL,1,ROUTE,,,,,T1_REVERSE_TO_FORWARD
343.2935,-17.2814,-38.2101,0.000,NORMAL,1,ROUTE,,,,,T1_REVERSE_TO_FORWARD
343.3935,-17.2440,-38.3028,0.000,NORMAL,1,ROUTE,,,,,T1_REVERSE_TO_FORWARD
343.4935,-17.2083,-38.3962,0.000,NORMAL,1,ROUTE,,,,,T1_REVERSE_TO_FORWARD
343.5934,-17.1741,-38.4901,0.000,NORMAL,1,ROUTE,,,,,T1_REVERSE_TO_FORWARD
343.6934,-17.1412,-38.5845,0.000,NORMAL,1,ROUTE,,,,,T1_REVERSE_TO_FORWARD
343.7934,-17.1097,-38.6794,0.000,NORMAL,1,ROUTE,,,,,T1_REVERSE_TO_FORWARD
343.8934,-17.0794,-38.7747,0.000,NORMAL,1,ROUTE,,,,,T1_REVERSE_TO_FORWARD
343.9933,-17.0503,-38.8703,0.000,NORMAL,1,ROUTE,,,,,T1_REVERSE_TO_FORWARD
344.0933,-17.0223,-38.9663,0.000,NORMAL,1,ROUTE,,,,,T1_REVERSE_TO_FORWARD
344.1933,-16.9954,-39.0626,0.000,NORMAL,1,ROUTE,,,,,T1_REVERSE_TO_FORWARD
344.2932,-16.9695,-39.1591,0.000,NORMAL,1,ROUTE,,,,,T1_REVERSE_TO_FORWARD
344.3932,-16.9448,-39.2560,0.000,NORMAL,1,ROUTE,,,,,T1_REVERSE_TO_FORWARD
344.4932,-16.9212,-39.3532,0.000,NORMAL,1,ROUTE,,,,,T1_REVERSE_TO_FORWARD
344.5932,-16.8988,-39.4506,0.000,NORMAL,1,ROUTE,,,,,T1_REVERSE_TO_FORWARD
344.6931,-16.8777,-39.5483,0.000,NORMAL,1,ROUTE,,,,,T1_REVERSE_TO_FORWARD
344.7931,-16.8580,-39.6463,0.000,NORMAL,1,ROUTE,,,,,T1_REVERSE_TO_FORWARD
344.8931,-16.8396,-39.7446,0.000,NORMAL,1,ROUTE,,,,,T1_REVERSE_TO_FORWARD
344.9930,-16.8227,-39.8431,0.000,NORMAL,1,ROUTE,,,,,T1_REVERSE_TO_FORWARD
345.0931,-16.8072,-39.9419,0.000,NORMAL,1,ROUTE,,,,,T1_REVERSE_TO_FORWARD
345.1930,-16.7932,-40.0409,0.000,NORMAL,1,ROUTE,,,,,T1_REVERSE_TO_FORWARD
345.2930,-16.7808,-40.1401,0.000,NORMAL,1,ROUTE,,,,,T1_REVERSE_TO_FORWARD
345.3930,-16.7701,-40.2395,0.000,NORMAL,1,ROUTE,,,,,T1_REVERSE_TO_FORWARD
345.4929,-16.7611,-40.3390,0.000,NORMAL,1,ROUTE,,,,,T1_REVERSE_TO_FORWARD
345.5929,-16.7539,-40.4388,0.000,NORMAL,1,ROUTE,,,,,T1_REVERSE_TO_FORWARD
345.6929,-16.7487,-40.5386,0.000,NORMAL,1,ROUTE,,,,,T1_REVERSE_TO_FORWARD
345.7928,-16.7456,-40.6385,0.000,NORMAL,1,ROUTE,,,,,T1_REVERSE_TO_FORWARD
345.8928,-16.7446,-40.7385,0.000,NORMAL,1,ROUTE,,,,,T1_REVERSE_TO_FORWARD
345.9928,-16.7457,-40.8385,0.000,NORMAL,1,ROUTE,,,,,T1_REVERSE_TO_FORWARD
346.0928,-16.7488,-40.9384,0.000,NORMAL,1,ROUTE,,,,,T1_REVERSE_TO_FORWARD
346.1927,-16.7539,-41.0382,0.000,NORMAL,1,ROUTE,,,,,T1_REVERSE_TO_FORWARD
346.2928,-16.7607,-41.1380,0.000,NORMAL,1,ROUTE,,,,,T1_REVERSE_TO_FORWARD
346.3927,-16.7694,-41.2376,0.000,NORMAL,1,ROUTE,,,,,T1_REVERSE_TO_FORWARD
346.4927,-16.7797,-41.3370,0.000,NORMAL,1,ROUTE,,,,,T1_REVERSE_TO_FORWARD
346.5927,-16.7916,-41.4363,0.000,NORMAL,1,ROUTE,,,,,T1_REVERSE_TO_FORWARD
346.6927,-16.8050,-41.5354,0.000,NORMAL,1,ROUTE,,,,,T1_REVERSE_TO_FORWARD
346.7926,-16.8198,-41.6342,0.000,NORMAL,1,ROUTE,,,,,T1_REVERSE_TO_FORWARD
346.8926,-16.8360,-41.7329,0.000,NORMAL,1,ROUTE,,,,,T1_REVERSE_TO_FORWARD
346.9925,-16.8534,-41.8313,0.000,NORMAL,1,ROUTE,,,,,T1_REVERSE_TO_FORWARD
347.0926,-16.8719,-41.9296,0.000,NORMAL,1,ROUTE,,,,,T1_REVERSE_TO_FORWARD
347.1925,-16.8915,-42.0276,0.000,NORMAL,1,ROUTE,,,,,T1_REVERSE_TO_FORWARD
347.2924,-16.9121,-42.1254,0.000,NORMAL,1,ROUTE,,,,,T1_REVERSE_TO_FORWARD
347.3924,-16.9337,-42.2230,0.000,NORMAL,1,ROUTE,,,,,T1_REVERSE_TO_FORWARD
347.4924,-16.9563,-42.3204,0.000,NORMAL,1,ROUTE,,,,,T1_REVERSE_TO_FORWARD
347.5924,-16.9799,-42.4176,0.000,NORMAL,1,ROUTE,,,,,T1_REVERSE_TO_FORWARD
347.6924,-17.0044,-42.5145,0.000,NORMAL,1,ROUTE,,,,,T1_REVERSE_TO_FORWARD
347.7923,-17.0297,-42.6112,0.000,NORMAL,1,ROUTE,,,,,T1_REVERSE_TO_FORWARD
347.8923,-17.0560,-42.7077,0.000,NORMAL,1,ROUTE,,,,,T1_REVERSE_TO_FORWARD
347.9923,-17.0831,-42.8039,0.000,NORMAL,1,ROUTE,,,,,T1_REVERSE_TO_FORWARD
348.0923,-17.1111,-42.8999,0.000,NORMAL,1,ROUTE,,,,,T1_REVERSE_TO_FORWARD
348.1922,-17.1399,-42.9956,0.000,NORMAL,1,ROUTE,,,,,T1_REVERSE_TO_FORWARD
348.2922,-17.1694,-43.0911,0.000,NORMAL,1,ROUTE,,,,,T1_REVERSE_TO_FORWARD
348.3922,-17.1998,-43.1864,0.000,NORMAL,1,ROUTE,,,,,T1_REVERSE_TO_FORWARD
348.4921,-17.2308,-43.2814,0.000,NORMAL,1,ROUTE,,,,,T1_REVERSE_TO_FORWARD
348.5921,-17.2626,-43.3762,0.000,NORMAL,1,ROUTE,,,,,T1_REVERSE_TO_FORWARD
348.6921,-17.2949,-43.4708,0.000,NORMAL,1,ROUTE,,,,,T1_REVERSE_TO_FORWARD
348.7921,-17.3278,-43.5652,0.000,NORMAL,1,ROUTE,,,,,T1_REVERSE_TO_FORWARD
348.8921,-17.3613,-43.6595,0.000,NORMAL,1,ROUTE,,,,,T1_REVERSE_TO_FORWARD
348.9920,-17.3951,-43.7535,0.000,NORMAL,1,ROUTE,,,,,T1_REVERSE_TO_FORWARD
349.0920,-17.4293,-43.8475,0.000,NORMAL,1,ROUTE,,,,,T1_REVERSE_TO_FORWARD
349.1920,-17.4637,-43.9413,0.000,NORMAL,1,ROUTE,,,,,T1_REVERSE_TO_FORWARD
349.2920,-17.4983,-44.0352,0.000,NORMAL,1,ROUTE,,,,,T1_REVERSE_TO_FORWARD
349.3920,-17.5328,-44.1290,0.000,NORMAL,1,ROUTE,,,,,T1_REVERSE_TO_FORWARD
349.4919,-17.5672,-44.2228,0.000,NORMAL,1,ROUTE,,,,,T1_REVERSE_TO_FORWARD
349.5919,-17.6014,-44.3168,0.000,NORMAL,1,ROUTE,,,,,T1_REVERSE_TO_FORWARD
349.6919,-17.6352,-44.4109,0.000,NORMAL,1,ROUTE,,,,,T1_REVERSE_TO_FORWARD
349.7918,-17.6686,-44.5051,0.000,NORMAL,1,ROUTE,,,,,T1_REVERSE_TO_FORWARD
349.8918,-17.7015,-44.5995,0.000,NORMAL,1,ROUTE,,,,,T1_REVERSE_TO_FORWARD
349.9917,-17.7340,-44.6940,0.000,NORMAL,1,ROUTE,,,,,T1_REVERSE_TO_FORWARD
350.0918,-17.7662,-44.7887,0.000,NORMAL,1,ROUTE,,,,,T1_REVERSE_TO_FORWARD
350.1918,-17.7980,-44.8835,0.000,NORMAL,1,ROUTE,,,,,T1_REVERSE_TO_FORWARD
350.2917,-17.8296,-44.9783,0.000,NORMAL,1,ROUTE,,,,,T1_REVERSE_TO_FORWARD
350.3917,-17.8612,-45.0732,0.000,NORMAL,1,ROUTE,,,,,T1_REVERSE_TO_FORWARD
350.4917,-17.8928,-45.1681,0.000,NORMAL,1,ROUTE,,,,,T1_REVERSE_TO_FORWARD
350.5917,-17.9245,-45.2629,0.000,NORMAL,1,ROUTE,,,,,T1_REVERSE_TO_FORWARD
350.6916,-17.9566,-45.3575,0.000,NORMAL,1,ROUTE,,,,,T1_REVERSE_TO_FORWARD
350.7916,-17.9891,-45.4521,0.000,NORMAL,1,ROUTE,,,,,T1_REVERSE_TO_FORWARD
350.8915,-18.0221,-45.5464,0.000,NORMAL,1,ROUTE,,,,,T1_REVERSE_TO_FORWARD
350.9916,-18.0558,-45.6406,0.000,NORMAL,1,ROUTE,,,,,T1_REVERSE_TO_FORWARD
351.0915,-18.0903,-45.7344,0.000,NORMAL,1,ROUTE,,,,,T1_REVERSE_TO_FORWARD
351.1916,-18.1256,-45.8280,0.000,NORMAL,1,ROUTE,,,,,T1_REVERSE_TO_FORWARD
351.2915,-18.1618,-45.9212,0.000,NORMAL,1,ROUTE,,,,,T1_REVERSE_TO_FORWARD
351.3915,-18.1989,-46.0140,0.000,NORMAL,1,ROUTE,,,,,T1_REVERSE_TO_FORWARD
351.4914,-18.2370,-46.1064,0.000,NORMAL,1,ROUTE,,,,,T1_REVERSE_TO_FORWARD
351.5913,-18.2760,-46.1984,0.000,NORMAL,1,ROUTE,,,,,T1_REVERSE_TO_FORWARD
351.6914,-18.3159,-46.2901,0.000,NORMAL,1,ROUTE,,,,,T1_REVERSE_TO_FORWARD
351.7914,-18.3565,-46.3815,0.000,NORMAL,1,ROUTE,,,,,T1_REVERSE_TO_FORWARD
351.8913,-18.3977,-46.4726,0.000,NORMAL,1,ROUTE,,,,,T1_REVERSE_TO_FORWARD
351.9913,-18.4391,-46.5636,0.000,NORMAL,1,ROUTE,,,,,T1_REVERSE_TO_FORWARD
352.0913,-18.4808,-46.6545,0.000,NORMAL,1,ROUTE,,,,,T1_REVERSE_TO_FORWARD
352.1913,-18.5223,-46.7454,0.000,NORMAL,1,ROUTE,,,,,T1_REVERSE_TO_FORWARD
352.2912,-18.5637,-46.8364,0.000,NORMAL,1,ROUTE,,,,,T1_REVERSE_TO_FORWARD
352.3912,-18.6046,-46.9276,0.000,NORMAL,1,ROUTE,,,,,T1_REVERSE_TO_FORWARD
352.4912,-18.6451,-47.0190,0.000,NORMAL,1,ROUTE,,,,,T1_REVERSE_TO_FORWARD
352.5912,-18.6850,-47.1107,0.000,NORMAL,1,ROUTE,,,,,T1_REVERSE_TO_FORWARD
352.6911,-18.7243,-47.2026,0.000,NORMAL,1,ROUTE,,,,,T1_REVERSE_TO_FORWARD
352.7910,-18.7631,-47.2947,0.000,NORMAL,1,ROUTE,,,,,T1_REVERSE_TO_FORWARD
352.8911,-18.8014,-47.3871,0.000,NORMAL,1,ROUTE,,,,,T1_REVERSE_TO_FORWARD
352.9910,-18.8392,-47.4796,0.000,NORMAL,1,ROUTE,,,,,T1_REVERSE_TO_FORWARD
353.0911,-18.8767,-47.5724,0.000,NORMAL,1,ROUTE,,,,,T1_REVERSE_TO_FORWARD
353.1910,-18.9137,-47.6652,0.000,NORMAL,1,ROUTE,,,,,T1_REVERSE_TO_FORWARD
353.2909,-18.9506,-47.7581,0.000,NORMAL,1,ROUTE,,,,,T1_REVERSE_TO_FORWARD
353.3909,-18.9872,-47.8511,0.000,NORMAL,1,ROUTE,,,,,T1_REVERSE_TO_FORWARD
353.4910,-19.0239,-47.9442,0.000,NORMAL,1,ROUTE,,,,,T1_REVERSE_TO_FORWARD
353.5909,-19.0606,-48.0372,0.000,NORMAL,1,ROUTE,,,,,T1_REVERSE_TO_FORWARD
353.6909,-19.0974,-48.1301,0.000,NORMAL,1,ROUTE,,,,,T1_REVERSE_TO_FORWARD
353.7909,-19.1344,-48.2230,0.000,NORMAL,1,ROUTE,,,,,T1_REVERSE_TO_FORWARD
353.8908,-19.1718,-48.3157,0.000,NORMAL,1,ROUTE,,,,,T1_REVERSE_TO_FORWARD
353.9908,-19.2096,-48.4083,0.000,NORMAL,1,ROUTE,,,,,T1_REVERSE_TO_FORWARD
354.0907,-19.2478,-48.5006,0.000,NORMAL,1,ROUTE,,,,,T1_REVERSE_TO_FORWARD
354.1908,-19.2864,-48.5929,0.000,NORMAL,1,ROUTE,,,,,T1_REVERSE_TO_FORWARD
354.2907,-19.3255,-48.6849,0.000,NORMAL,1,ROUTE,,,,,T1_REVERSE_TO_FORWARD
354.3907,-19.3650,-48.7767,0.000,NORMAL,1,ROUTE,,,,,T1_REVERSE_TO_FORWARD
354.4906,-19.4048,-48.8684,0.000,NORMAL,1,ROUTE,,,,,T1_REVERSE_TO_FORWARD
354.5907,-19.4450,-48.9600,0.000,NORMAL,1,ROUTE,,,,,T1_REVERSE_TO_FORWARD
354.6907,-19.4855,-49.0514,0.000,NORMAL,1,ROUTE,,,,,T1_REVERSE_TO_FORWARD
354.7906,-19.5262,-49.1427,0.000,NORMAL,1,ROUTE,,,,,T1_REVERSE_TO_FORWARD
354.8906,-19.5671,-49.2339,0.000,NORMAL,1,ROUTE,,,,,T1_REVERSE_TO_FORWARD
354.9905,-19.6080,-49.3251,0.000,NORMAL,1,ROUTE,,,,,T1_REVERSE_TO_FORWARD
355.0905,-19.6490,-49.4163,0.000,NORMAL,1,ROUTE,,,,,T1_REVERSE_TO_FORWARD
355.1905,-19.6899,-49.5076,0.000,NORMAL,1,ROUTE,,,,,T1_REVERSE_TO_FORWARD
355.2905,-19.7307,-49.5988,0.000,NORMAL,1,ROUTE,,,,,T1_REVERSE_TO_FORWARD
355.3904,-19.7712,-49.6902,0.000,NORMAL,1,ROUTE,,,,,T1_REVERSE_TO_FORWARD
355.4904,-19.8115,-49.7817,0.000,NORMAL,1,ROUTE,,,,,T1_REVERSE_TO_FORWARD
355.5904,-19.8515,-49.8733,0.000,NORMAL,1,ROUTE,,,,,T1_REVERSE_TO_FORWARD
355.6903,-19.8911,-49.9651,0.000,NORMAL,1,ROUTE,,,,,T1_REVERSE_TO_FORWARD
355.7904,-19.9304,-50.0571,0.000,NORMAL,1,ROUTE,,,,,T1_REVERSE_TO_FORWARD
355.8903,-19.9692,-50.1492,0.000,NORMAL,1,ROUTE,,,,,T1_REVERSE_TO_FORWARD
355.9903,-20.0077,-50.2415,0.000,NORMAL,1,ROUTE,,,,,T1_REVERSE_TO_FORWARD
356.0902,-20.0457,-50.3339,0.000,NORMAL,1,ROUTE,,,,,T1_REVERSE_TO_FORWARD
356.1903,-20.0833,-50.4266,0.000,NORMAL,1,ROUTE,,,,,T1_REVERSE_TO_FORWARD
356.2903,-20.1205,-50.5194,0.000,NORMAL,1,ROUTE,,,,,T1_REVERSE_TO_FORWARD
356.3902,-20.1573,-50.6123,0.000,NORMAL,1,ROUTE,,,,,T1_REVERSE_TO_FORWARD
356.4902,-20.1938,-50.7054,0.000,NORMAL,1,ROUTE,,,,,T1_REVERSE_TO_FORWARD
356.5901,-20.2299,-50.7986,0.000,NORMAL,1,ROUTE,,,,,T1_REVERSE_TO_FORWARD
356.6902,-20.2657,-50.8920,0.000,NORMAL,1,ROUTE,,,,,T1_REVERSE_TO_FORWARD
356.7901,-20.3014,-50.9854,0.000,NORMAL,1,ROUTE,,,,,T1_REVERSE_TO_FORWARD
356.8901,-20.3369,-51.0788,0.000,NORMAL,1,ROUTE,,,,,T1_REVERSE_TO_FORWARD
356.9900,-20.3723,-51.1723,0.000,NORMAL,1,ROUTE,,,,,T1_REVERSE_TO_FORWARD
357.0900,-20.4077,-51.2658,0.000,NORMAL,1,ROUTE,,,,,T1_REVERSE_TO_FORWARD
357.1900,-20.4432,-51.3593,0.000,NORMAL,1,ROUTE,,,,,T1_REVERSE_TO_FORWARD
357.2899,-20.4787,-51.4527,0.000,NORMAL,1,ROUTE,,,,,T1_REVERSE_TO_FORWARD
357.3899,-20.5144,-51.5461,0.000,NORMAL,1,ROUTE,,,,,T1_REVERSE_TO_FORWARD
357.4899,-20.5503,-51.6394,0.000,NORMAL,1,ROUTE,,,,,T1_REVERSE_TO_FORWARD
357.5899,-20.5865,-51.7326,0.000,NORMAL,1,ROUTE,,,,,T1_REVERSE_TO_FORWARD
357.6899,-20.6229,-51.8257,0.000,NORMAL,1,ROUTE,,,,,T1_REVERSE_TO_FORWARD
357.7899,-20.6595,-51.9188,0.000,NORMAL,1,ROUTE,,,,,T1_REVERSE_TO_FORWARD
357.8899,-20.6965,-52.0117,0.000,NORMAL,1,ROUTE,,,,,T1_REVERSE_TO_FORWARD
357.9899,-20.7337,-52.1045,0.000,NORMAL,1,ROUTE,,,,,T1_REVERSE_TO_FORWARD
358.0898,-20.7711,-52.1972,0.000,NORMAL,1,ROUTE,,,,,T1_REVERSE_TO_FORWARD
358.1898,-20.8088,-52.2898,0.000,NORMAL,1,ROUTE,,,,,T1_REVERSE_TO_FORWARD
358.2897,-20.8466,-52.3823,0.000,NORMAL,1,ROUTE,,,,,T1_REVERSE_TO_FORWARD
358.3897,-20.8847,-52.4747,0.000,NORMAL,1,ROUTE,,,,,T1_REVERSE_TO_FORWARD
358.4897,-20.9229,-52.5671,0.000,NORMAL,1,ROUTE,,,,,T1_REVERSE_TO_FORWARD
358.5897,-20.9614,-52.6594,0.000,NORMAL,1,ROUTE,,,,,T1_REVERSE_TO_FORWARD
358.6896,-21.0000,-52.7516,0.000,NORMAL,1,ROUTE,,,,,T1_REVERSE_TO_FORWARD
358.7896,-21.0389,-52.8437,0.000,NORMAL,1,ROUTE,,,,,T1_REVERSE_TO_FORWARD
358.8895,-21.0779,-52.9357,0.000,NORMAL,1,ROUTE,,,,,T1_REVERSE_TO_FORWARD
358.9896,-21.1173,-53.0277,0.000,NORMAL,1,ROUTE,,,,,T1_REVERSE_TO_FORWARD
359.0895,-21.1569,-53.1194,0.000,NORMAL,1,ROUTE,,,,,T1_REVERSE_TO_FORWARD
359.1895,-21.1968,-53.2111,0.000,NORMAL,1,ROUTE,,,,,T1_REVERSE_TO_FORWARD
359.2895,-21.2371,-53.3026,0.000,NORMAL,1,ROUTE,,,,,T1_REVERSE_TO_FORWARD
359.3895,-21.2777,-53.3940,0.000,NORMAL,1,ROUTE,,,,,T1_REVERSE_TO_FORWARD
359.4894,-21.3186,-53.4852,0.000,NORMAL,1,ROUTE,,,,,T1_REVERSE_TO_FORWARD
359.5894,-21.3598,-53.5763,0.000,NORMAL,1,ROUTE,,,,,T1_REVERSE_TO_FORWARD
359.6893,-21.4013,-53.6672,0.000,NORMAL,1,ROUTE,,,,,T1_REVERSE_TO_FORWARD
359.7894,-21.4431,-53.7581,0.000,NORMAL,1,ROUTE,,,,,T1_REVERSE_TO_FORWARD
359.8894,-21.4851,-53.8488,0.000,NORMAL,1,ROUTE,,,,,T1_REVERSE_TO_FORWARD
359.9893,-21.5273,-53.9394,0.000,NORMAL,1,ROUTE,,,,,T1_REVERSE_TO_FORWARD
360.0893,-21.5698,-54.0299,0.000,NORMAL,1,ROUTE,,,,,T1_REVERSE_TO_FORWARD
360.1892,-21.6124,-54.1203,0.000,NORMAL,1,ROUTE,,,,,T1_REVERSE_TO_FORWARD
360.2892,-21.6552,-54.2107,0.000,NORMAL,1,ROUTE,,,,,T1_REVERSE_TO_FORWARD
360.3892,-21.6983,-54.3009,0.000,NORMAL,1,ROUTE,,,,,T1_REVERSE_TO_FORWARD
360.4892,-21.7415,-54.3911,0.000,NORMAL,1,ROUTE,,,,,T1_REVERSE_TO_FORWARD
360.5892,-21.7850,-54.4811,0.000,NORMAL,1,ROUTE,,,,,T1_REVERSE_TO_FORWARD
360.6892,-21.8286,-54.5711,0.000,NORMAL,1,ROUTE,,,,,T1_REVERSE_TO_FORWARD
360.7891,-21.8724,-54.6609,0.000,NORMAL,1,ROUTE,,,,,T1_REVERSE_TO_FORWARD
360.8890,-21.9163,-54.7507,0.000,NORMAL,1,ROUTE,,,,,T1_REVERSE_TO_FORWARD
360.9890,-21.9603,-54.8405,0.000,NORMAL,1,ROUTE,,,,,T1_REVERSE_TO_FORWARD
361.0890,-22.0043,-54.9303,0.000,NORMAL,1,ROUTE,,,,,T1_REVERSE_TO_FORWARD
361.1890,-22.0481,-55.0201,0.000,NORMAL,1,ROUTE,,,,,T1_REVERSE_TO_FORWARD
361.2890,-22.0918,-55.1101,0.000,NORMAL,1,ROUTE,,,,,T1_REVERSE_TO_FORWARD
361.3890,-22.1351,-55.2002,0.000,NORMAL,1,ROUTE,,,,,T1_REVERSE_TO_FORWARD
361.4890,-22.1781,-55.2905,0.000,NORMAL,1,ROUTE,,,,,T1_REVERSE_TO_FORWARD
361.5889,-22.2206,-55.3809,0.000,NORMAL,1,ROUTE,,,,,T1_REVERSE_TO_FORWARD
361.6889,-22.2627,-55.4716,0.000,NORMAL,1,ROUTE,,,,,T1_REVERSE_TO_FORWARD
361.7889,-22.3044,-55.5625,0.000,NORMAL,1,ROUTE,,,,,T1_REVERSE_TO_FORWARD
361.8889,-22.3460,-55.6534,0.000,NORMAL,1,ROUTE,,,,,T1_REVERSE_TO_FORWARD
361.9888,-22.3873,-55.7444,0.000,NORMAL,1,ROUTE,,,,,T1_REVERSE_TO_FORWARD
362.0888,-22.4286,-55.8355,0.000,NORMAL,1,ROUTE,,,,,T1_REVERSE_TO_FORWARD
362.1888,-22.4700,-55.9265,0.000,NORMAL,1,ROUTE,,,,,T1_REVERSE_TO_FORWARD
362.2888,-22.5117,-56.0174,0.000,NORMAL,1,ROUTE,,,,,T1_REVERSE_TO_FORWARD
362.3887,-22.5536,-56.1081,0.000,NORMAL,1,ROUTE,,,,,T1_REVERSE_TO_FORWARD
362.4887,-22.5959,-56.1987,0.000,NORMAL,1,ROUTE,,,,,T1_REVERSE_TO_FORWARD
362.5887,-22.6386,-56.2891,0.000,NORMAL,1,ROUTE,,,,,T1_REVERSE_TO_FORWARD
362.6887,-22.6818,-56.3793,0.000,NORMAL,1,ROUTE,,,,,T1_REVERSE_TO_FORWARD
362.7886,-22.7254,-56.4692,0.000,NORMAL,1,ROUTE,,,,,T1_REVERSE_TO_FORWARD
362.8886,-22.7694,-56.5590,0.000,NORMAL,1,ROUTE,,,,,T1_REVERSE_TO_FORWARD
362.9886,-22.8138,-56.6486,0.000,NORMAL,1,ROUTE,,,,,T1_REVERSE_TO_FORWARD
363.0885,-22.8586,-56.7379,0.000,NORMAL,1,ROUTE,,,,,T1_REVERSE_TO_FORWARD
363.1885,-22.9038,-56.8271,0.000,NORMAL,1,ROUTE,,,,,T1_REVERSE_TO_FORWARD
363.2885,-22.9493,-56.9161,0.000,NORMAL,1,ROUTE,,,,,T1_REVERSE_TO_FORWARD
363.3885,-22.9951,-57.0050,0.000,NORMAL,1,ROUTE,,,,,T1_REVERSE_TO_FORWARD
363.4884,-23.0411,-57.0937,0.000,NORMAL,1,ROUTE,,,,,T1_REVERSE_TO_FORWARD
363.5884,-23.0873,-57.1824,0.000,NORMAL,1,ROUTE,,,,,T1_REVERSE_TO_FORWARD
363.6884,-23.1336,-57.2710,0.000,NORMAL,1,ROUTE,,,,,T1_REVERSE_TO_FORWARD
363.7884,-23.1799,-57.3597,0.000,NORMAL,1,ROUTE,,,,,T1_REVERSE_TO_FORWARD
363.8883,-23.2261,-57.4483,0.000,NORMAL,1,ROUTE,,,,,T1_REVERSE_TO_FORWARD
363.9883,-23.2722,-57.5370,0.000,NORMAL,1,ROUTE,,,,,T1_REVERSE_TO_FORWARD
364.0883,-23.3182,-57.6258,0.000,NORMAL,1,ROUTE,,,,,T1_REVERSE_TO_FORWARD
364.1882,-23.3640,-57.7146,0.000,NORMAL,1,ROUTE,,,,,T1_REVERSE_TO_FORWARD
364.2883,-23.4097,-57.8036,0.000,NORMAL,1,ROUTE,,,,,T1_REVERSE_TO_FORWARD
364.3882,-23.4552,-57.8926,0.000,NORMAL,1,ROUTE,,,,,T1_REVERSE_TO_FORWARD
364.4882,-23.5006,-57.9817,0.000,NORMAL,1,ROUTE,,,,,T1_REVERSE_TO_FORWARD
364.5881,-23.5460,-58.0707,0.000,NORMAL,1,ROUTE,,,,,T1_REVERSE_TO_FORWARD
364.6882,-23.5915,-58.1598,0.000,NORMAL,1,ROUTE,,,,,T1_REVERSE_TO_FORWARD
364.7881,-23.6372,-58.2487,0.000,NORMAL,1,ROUTE,,,,,T1_REVERSE_TO_FORWARD
364.8881,-23.6831,-58.3375,0.000,NORMAL,1,ROUTE,,,,,T1_REVERSE_TO_FORWARD
364.9881,-23.7294,-58.4261,0.000,NORMAL,1,ROUTE,,,,,T1_REVERSE_TO_FORWARD
365.0880,-23.7762,-58.5144,0.000,NORMAL,1,ROUTE,,,,,T1_REVERSE_TO_FORWARD
365.1880,-23.8236,-58.6025,0.000,NORMAL,1,ROUTE,,,,,T1_REVERSE_TO_FORWARD
365.2880,-23.8716,-58.6902,0.000,NORMAL,1,ROUTE,,,,,T1_REVERSE_TO_FORWARD
365.3880,-23.9203,-58.7775,0.000,NORMAL,1,ROUTE,,,,,T1_REVERSE_TO_FORWARD
365.4879,-23.9697,-58.8644,0.000,NORMAL,1,ROUTE,,,,,T1_REVERSE_TO_FORWARD
365.5879,-24.0198,-58.9509,0.000,NORMAL,1,ROUTE,,,,,T1_REVERSE_TO_FORWARD
365.6879,-24.0706,-59.0370,0.000,NORMAL,1,ROUTE,,,,,T1_REVERSE_TO_FORWARD
365.7879,-24.1223,-59.1226,0.000,NORMAL,1,ROUTE,,,,,T1_REVERSE_TO_FORWARD
365.8879,-24.1746,-59.2078,0.000,NORMAL,1,ROUTE,,,,,T1_REVERSE_TO_FORWARD
365.9878,-24.2277,-59.2925,0.000,NORMAL,1,ROUTE,,,,,T1_REVERSE_TO_FORWARD
366.0878,-24.2814,-59.3768,0.000,NORMAL,1,ROUTE,,,,,T1_REVERSE_TO_FORWARD
366.1878,-24.3358,-59.4607,0.000,NORMAL,1,ROUTE,,,,,T1_REVERSE_TO_FORWARD
366.2877,-24.3907,-59.5442,0.000,NORMAL,1,ROUTE,,,,,T1_REVERSE_TO_FORWARD
366.3877,-24.4461,-59.6275,0.000,NORMAL,1,ROUTE,,,,,T1_REVERSE_TO_FORWARD
366.4877,-24.5020,-59.7104,0.000,NORMAL,1,ROUTE,,,,,T1_REVERSE_TO_FORWARD
366.5877,-24.5581,-59.7931,0.000,NORMAL,1,ROUTE,,,,,T1_REVERSE_TO_FORWARD
366.6876,-24.6146,-59.8756,0.000,NORMAL,1,ROUTE,,,,,T1_REVERSE_TO_FORWARD
366.7876,-24.6714,-59.9579,0.000,NORMAL,1,ROUTE,,,,,T1_REVERSE_TO_FORWARD
366.8876,-24.7284,-60.0400,0.000,NORMAL,1,ROUTE,,,,,T1_REVERSE_TO_FORWARD
366.9875,-24.7857,-60.1219,0.000,NORMAL,1,ROUTE,,,,,T1_REVERSE_TO_FORWARD
367.0876,-24.8434,-60.2036,0.000,NORMAL,1,ROUTE,,,,,T1_REVERSE_TO_FORWARD
367.1875,-24.9014,-60.2850,0.000,NORMAL,1,ROUTE,,,,,T1_REVERSE_TO_FORWARD
367.2875,-24.9598,-60.3661,0.000,NORMAL,1,ROUTE,,,,,T1_REVERSE_TO_FORWARD
367.3875,-25.0188,-60.4469,0.000,NORMAL,1,ROUTE,,,,,T1_REVERSE_TO_FORWARD
367.4874,-25.0784,-60.5271,0.000,NORMAL,1,ROUTE,,,,,T1_REVERSE_TO_FORWARD
367.5874,-25.1387,-60.6069,0.000,NORMAL,1,ROUTE,,,,,T1_REVERSE_TO_FORWARD
367.6874,-25.1998,-60.6860,0.000,NORMAL,1,ROUTE,,,,,T1_REVERSE_TO_FORWARD
367.7873,-25.2618,-60.7644,0.000,NORMAL,1,ROUTE,,,,,T1_REVERSE_TO_FORWARD
367.8873,-25.3247,-60.8421,0.000,NORMAL,1,ROUTE,,,,,T1_REVERSE_TO_FORWARD
367.9873,-25.3886,-60.9190,0.000,NORMAL,1,ROUTE,,,,,T1_REVERSE_TO_FORWARD
368.0872,-25.4535,-60.9950,0.000,NORMAL,1,ROUTE,,,,,T1_REVERSE_TO_FORWARD
368.1873,-25.5195,-61.0702,0.000,NORMAL,1,ROUTE,,,,,T1_REVERSE_TO_FORWARD
368.2873,-25.5866,-61.1443,0.000,NORMAL,1,ROUTE,,,,,T1_REVERSE_TO_FORWARD
368.3872,-25.6549,-61.2173,0.000,NORMAL,1,ROUTE,,,,,T1_REVERSE_TO_FORWARD
368.4872,-25.7245,-61.2891,0.000,NORMAL,1,ROUTE,,,,,T1_REVERSE_TO_FORWARD
368.5871,-25.7954,-61.3595,0.000,NORMAL,1,ROUTE,,,,,T1_REVERSE_TO_FORWARD
368.6871,-25.8676,-61.4286,0.000,NORMAL,1,ROUTE,,,,,T1_REVERSE_TO_FORWARD
368.7871,-25.9412,-61.4963,0.000,NORMAL,1,ROUTE,,,,,T1_REVERSE_TO_FORWARD
368.8870,-26.0161,-61.5625,0.000,NORMAL,1,ROUTE,,,,,T1_REVERSE_TO_FORWARD
368.9871,-26.0924,-61.6272,0.000,NORMAL,1,ROUTE,,,,,T1_REVERSE_TO_FORWARD
369.0870,-26.1699,-61.6903,0.000,NORMAL,1,ROUTE,,,,,T1_REVERSE_TO_FORWARD
369.1870,-26.2487,-61.7518,0.000,NORMAL,1,ROUTE,,,,,T1_REVERSE_TO_FORWARD
369.2870,-26.3288,-61.8117,0.000,NORMAL,1,ROUTE,,,,,T1_REVERSE_TO_FORWARD
369.3870,-26.4101,-61.8699,0.000,NORMAL,1,ROUTE,,,,,T1_REVERSE_TO_FORWARD
369.4869,-26.4926,-61.9263,0.000,NORMAL,1,ROUTE,,,,,T1_REVERSE_TO_FORWARD
369.5869,-26.5763,-61.9809,0.000,NORMAL,1,ROUTE,,,,,T1_REVERSE_TO_FORWARD
369.6869,-26.6612,-62.0338,0.000,NORMAL,1,ROUTE,,,,,T1_REVERSE_TO_FORWARD
369.7868,-26.7471,-62.0849,0.000,NORMAL,1,ROUTE,,,,,T1_REVERSE_TO_FORWARD
369.8868,-26.8341,-62.1342,0.000,NORMAL,1,ROUTE,,,,,T1_REVERSE_TO_FORWARD
369.9868,-26.9220,-62.1818,0.000,NORMAL,1,ROUTE,,,,,T1_REVERSE_TO_FORWARD
370.0868,-27.0108,-62.2277,0.000,NORMAL,1,ROUTE,,,,,T1_REVERSE_TO_FORWARD
370.1867,-27.1005,-62.2718,0.000,NORMAL,1,ROUTE,,,,,T1_REVERSE_TO_FORWARD
370.2867,-27.1911,-62.3142,0.000,NORMAL,1,ROUTE,,,,,T1_REVERSE_TO_FORWARD
370.3867,-27.2825,-62.3547,0.000,NORMAL,1,ROUTE,,,,,T1_REVERSE_TO_FORWARD
370.4867,-27.3746,-62.3935,0.000,NORMAL,1,ROUTE,,,,,T1_REVERSE_TO_FORWARD
370.5867,-27.4675,-62.4305,0.000,NORMAL,1,ROUTE,,,,,T1_REVERSE_TO_FORWARD
370.6866,-27.5611,-62.4656,0.000,NORMAL,1,ROUTE,,,,,T1_REVERSE_TO_FORWARD
370.7866,-27.6554,-62.4989,0.000,NORMAL,1,ROUTE,,,,,T1_REVERSE_TO_FORWARD
370.8866,-27.7503,-62.5302,0.000,NORMAL,1,ROUTE,,,,,T1_REVERSE_TO_FORWARD
370.9865,-27.8459,-62.5595,0.000,NORMAL,1,ROUTE,,,,,T1_REVERSE_TO_FORWARD
371.0865,-27.9421,-62.5867,0.000,NORMAL,1,ROUTE,,,,,T1_REVERSE_TO_FORWARD
371.1864,-28.0388,-62.6119,0.000,NORMAL,1,ROUTE,,,,,T1_REVERSE_TO_FORWARD
371.2864,-28.1361,-62.6349,0.000,NORMAL,1,ROUTE,,,,,T1_REVERSE_TO_FORWARD
371.3864,-28.2338,-62.6561,0.000,NORMAL,1,ROUTE,,,,,T1_REVERSE_TO_FORWARD
371.4864,-28.3319,-62.6754,0.000,NORMAL,1,ROUTE,,,,,T1_REVERSE_TO_FORWARD
371.5864,-28.4303,-62.6931,0.000,NORMAL,1,ROUTE,,,,,T1_REVERSE_TO_FORWARD
371.6864,-28.5290,-62.7092,0.000,NORMAL,1,ROUTE,,,,,T1_REVERSE_TO_FORWARD
371.7864,-28.6279,-62.7240,0.000,NORMAL,1,ROUTE,,,,,T1_REVERSE_TO_FORWARD
371.8863,-28.7269,-62.7376,0.000,NORMAL,1,ROUTE,,,,,T1_REVERSE_TO_FORWARD
371.9863,-28.8261,-62.7500,0.000,NORMAL,1,ROUTE,,,,,T1_REVERSE_TO_FORWARD
372.0862,-28.9254,-62.7614,0.000,NORMAL,1,ROUTE,,,,,T1_REVERSE_TO_FORWARD
372.1863,-29.0249,-62.7718,0.000,NORMAL,1,ROUTE,,,,,T1_REVERSE_TO_FORWARD
372.2862,-29.1244,-62.7813,0.000,NORMAL,1,ROUTE,,,,,T1_REVERSE_TO_FORWARD
372.3862,-29.2240,-62.7900,0.000,NORMAL,1,ROUTE,,,,,T1_REVERSE_TO_FORWARD
372.4861,-29.3236,-62.7979,0.000,NORMAL,1,ROUTE,,,,,T1_REVERSE_TO_FORWARD
372.5861,-29.4234,-62.8049,0.000,NORMAL,1,ROUTE,,,,,T1_REVERSE_TO_FORWARD
372.6861,-29.5232,-62.8110,0.000,NORMAL,1,ROUTE,,,,,T1_REVERSE_TO_FORWARD
372.7861,-29.6230,-62.8161,0.000,NORMAL,1,ROUTE,,,,,T1_REVERSE_TO_FORWARD
372.8861,-29.7229,-62.8203,0.000,NORMAL,1,ROUTE,,,,,T1_REVERSE_TO_FORWARD
372.9860,-29.8228,-62.8233,0.000,NORMAL,1,ROUTE,,,,,T1_REVERSE_TO_FORWARD
373.0860,-29.9228,-62.8251,0.000,NORMAL,1,ROUTE,,,,,T1_REVERSE_TO_FORWARD
373.1860,-30.0228,-62.8256,0.000,NORMAL,1,ROUTE,,,,,T1_REVERSE_TO_FORWARD
373.2859,-30.1227,-62.8247,0.000,NORMAL,1,ROUTE,,,,,T1_REVERSE_TO_FORWARD
373.3859,-30.2227,-62.8225,0.000,NORMAL,1,ROUTE,,,,,T1_REVERSE_TO_FORWARD
373.4859,-30.3226,-62.8186,0.000,NORMAL,1,ROUTE,,,,,T1_REVERSE_TO_FORWARD
373.5859,-30.4224,-62.8131,0.000,NORMAL,1,ROUTE,,,,,T1_REVERSE_TO_FORWARD
373.6858,-30.5221,-62.8059,0.000,NORMAL,1,ROUTE,,,,,T1_REVERSE_TO_FORWARD
373.7858,-30.6217,-62.7970,0.000,NORMAL,1,ROUTE,,,,,T1_REVERSE_TO_FORWARD
373.8858,-30.7211,-62.7862,0.000,NORMAL,1,ROUTE,,,,,T1_REVERSE_TO_FORWARD
373.9858,-30.8203,-62.7737,0.000,NORMAL,1,ROUTE,,,,,T1_REVERSE_TO_FORWARD
374.0857,-30.9192,-62.7596,0.000,NORMAL,1,ROUTE,,,,,T1_REVERSE_TO_FORWARD
374.1857,-31.0180,-62.7440,0.000,NORMAL,1,ROUTE,,,,,T1_REVERSE_TO_FORWARD
374.2857,-31.1165,-62.7270,0.000,NORMAL,1,ROUTE,,,,,T1_REVERSE_TO_FORWARD
374.3857,-31.2148,-62.7087,0.000,NORMAL,1,ROUTE,,,,,T1_REVERSE_TO_FORWARD
374.4856,-31.3129,-62.6894,0.000,NORMAL,1,ROUTE,,,,,T1_REVERSE_TO_FORWARD
374.5856,-31.4108,-62.6690,0.000,NORMAL,1,ROUTE,,,,,T1_REVERSE_TO_FORWARD
374.6855,-31.5084,-62.6477,0.000,NORMAL,1,ROUTE,,,,,T1_REVERSE_TO_FORWARD
374.7855,-31.6059,-62.6255,0.000,NORMAL,1,ROUTE,,,,,T1_REVERSE_TO_FORWARD
374.8855,-31.7032,-62.6025,0.000,NORMAL,1,ROUTE,,,,,T1_REVERSE_TO_FORWARD
374.9855,-31.8003,-62.5788,0.000,NORMAL,1,ROUTE,,,,,T1_REVERSE_TO_FORWARD
375.0855,-31.8973,-62.5544,0.000,NORMAL,1,ROUTE,,,,,T1_REVERSE_TO_FORWARD
375.1855,-31.9941,-62.5293,0.000,NORMAL,1,ROUTE,,,,,T1_REVERSE_TO_FORWARD
375.2854,-32.0906,-62.5034,0.000,NORMAL,1,ROUTE,,,,,T1_REVERSE_TO_FORWARD
375.3854,-32.1870,-62.4770,0.000,NORMAL,1,ROUTE,,,,,T1_REVERSE_TO_FORWARD
375.4854,-32.2833,-62.4498,0.000,NORMAL,1,ROUTE,,,,,T1_REVERSE_TO_FORWARD
375.5854,-32.3793,-62.4220,0.000,NORMAL,1,ROUTE,,,,,T1_REVERSE_TO_FORWARD
375.6853,-32.4751,-62.3936,0.000,NORMAL,1,ROUTE,,,,,T1_REVERSE_TO_FORWARD
375.7853,-32.5708,-62.3647,0.000,NORMAL,1,ROUTE,,,,,T1_REVERSE_TO_FORWARD
375.8853,-32.6664,-62.3352,0.000,NORMAL,1,ROUTE,,,,,T1_REVERSE_TO_FORWARD
375.9853,-32.7618,-62.3053,0.000,NORMAL,1,ROUTE,,,,,T1_REVERSE_TO_FORWARD
376.0853,-32.8571,-62.2750,0.000,NORMAL,1,ROUTE,,,,,T1_REVERSE_TO_FORWARD
376.1852,-32.9522,-62.2444,0.000,NORMAL,1,ROUTE,,,,,T1_REVERSE_TO_FORWARD
376.2852,-33.0473,-62.2134,0.000,NORMAL,1,ROUTE,,,,,T1_REVERSE_TO_FORWARD
376.3852,-33.1423,-62.1822,0.000,NORMAL,1,ROUTE,,,,,T1_REVERSE_TO_FORWARD
376.4852,-33.2372,-62.1508,0.000,NORMAL,1,ROUTE,,,,,T1_REVERSE_TO_FORWARD
376.5851,-33.3320,-62.1191,0.000,NORMAL,1,ROUTE,,,,,T1_REVERSE_TO_FORWARD
376.6851,-33.4268,-62.0873,0.000,NORMAL,1,ROUTE,,,,,T1_REVERSE_TO_FORWARD
376.7850,-33.5215,-62.0554,0.000,NORMAL,1,ROUTE,,,,,T1_REVERSE_TO_FORWARD
376.8850,-33.6162,-62.0233,0.000,NORMAL,1,ROUTE,,,,,T1_REVERSE_TO_FORWARD
376.9851,-33.7109,-61.9911,0.000,NORMAL,1,ROUTE,,,,,T1_REVERSE_TO_FORWARD
377.0850,-33.8055,-61.9588,0.000,NORMAL,1,ROUTE,,,,,T1_REVERSE_TO_FORWARD
377.1850,-33.9000,-61.9263,0.000,NORMAL,1,ROUTE,,,,,T1_REVERSE_TO_FORWARD
377.2850,-33.9945,-61.8936,0.000,NORMAL,1,ROUTE,,,,,T1_REVERSE_TO_FORWARD
377.3849,-34.0889,-61.8607,0.000,NORMAL,1,ROUTE,,,,,T1_REVERSE_TO_FORWARD
377.4849,-34.1832,-61.8276,0.000,NORMAL,1,ROUTE,,,,,T1_REVERSE_TO_FORWARD
377.5849,-34.2775,-61.7942,0.000,NORMAL,1,ROUTE,,,,,T1_REVERSE_TO_FORWARD
377.6849,-34.3716,-61.7605,0.000,NORMAL,1,ROUTE,,,,,T1_REVERSE_TO_FORWARD
377.7848,-34.4655,-61.7263,0.000,NORMAL,1,ROUTE,,,,,T1_REVERSE_TO_FORWARD
377.8848,-34.5593,-61.6916,0.000,NORMAL,1,ROUTE,,,,,T1_REVERSE_TO_FORWARD
377.9848,-34.6529,-61.6565,0.000,NORMAL,1,ROUTE,,,,,T1_REVERSE_TO_FORWARD
378.0847,-34.7462,-61.6206,0.000,NORMAL,1,ROUTE,,,,,T1_REVERSE_TO_FORWARD
378.1847,-34.8393,-61.5841,0.000,NORMAL,1,ROUTE,,,,,T1_REVERSE_TO_FORWARD
378.2847,-34.9321,-61.5469,0.000,NORMAL,1,ROUTE,,,,,T1_REVERSE_TO_FORWARD
378.3846,-35.0245,-61.5089,0.000,NORMAL,1,ROUTE,,,,,T1_REVERSE_TO_FORWARD
378.4847,-35.1167,-61.4700,0.000,NORMAL,1,ROUTE,,,,,T1_REVERSE_TO_FORWARD
378.5846,-35.2084,-61.4304,0.000,NORMAL,1,ROUTE,,,,,T1_REVERSE_TO_FORWARD
378.6846,-35.2998,-61.3899,0.000,NORMAL,1,ROUTE,,,,,T1_REVERSE_TO_FORWARD
378.7846,-35.3909,-61.3486,0.000,NORMAL,1,ROUTE,,,,,T1_REVERSE_TO_FORWARD
378.8845,-35.4816,-61.3066,0.000,NORMAL,1,ROUTE,,,,,T1_REVERSE_TO_FORWARD
378.9845,-35.5720,-61.2639,0.000,NORMAL,1,ROUTE,,,,,T1_REVERSE_TO_FORWARD
379.0845,-35.6622,-61.2208,0.000,NORMAL,1,ROUTE,,,,,T1_REVERSE_TO_FORWARD
379.1845,-35.7523,-61.1774,0.000,NORMAL,1,ROUTE,,,,,T1_REVERSE_TO_FORWARD
379.2844,-35.8422,-61.1338,0.000,NORMAL,1,ROUTE,,,,,T1_REVERSE_TO_FORWARD
379.3844,-35.9322,-61.0901,0.000,NORMAL,1,ROUTE,,,,,T1_REVERSE_TO_FORWARD
379.4844,-36.0222,-61.0466,0.000,NORMAL,1,ROUTE,,,,,T1_REVERSE_TO_FORWARD
379.5844,-36.1124,-61.0035,0.000,NORMAL,1,ROUTE,,,,,T1_REVERSE_TO_FORWARD
379.6844,-36.2028,-60.9608,0.000,NORMAL,1,ROUTE,,,,,T1_REVERSE_TO_FORWARD
379.7843,-36.2935,-60.9188,0.000,NORMAL,1,ROUTE,,,,,T1_REVERSE_TO_FORWARD
379.8843,-36.3846,-60.8776,0.000,NORMAL,1,ROUTE,,,,,T1_REVERSE_TO_FORWARD
379.9843,-36.4761,-60.8373,0.000,NORMAL,1,ROUTE,,,,,T1_REVERSE_TO_FORWARD
380.0843,-36.5681,-60.7981,0.000,NORMAL,1,ROUTE,,,,,T1_REVERSE_TO_FORWARD
380.1842,-36.6605,-60.7600,0.000,NORMAL,1,ROUTE,,,,,T1_REVERSE_TO_FORWARD
380.2842,-36.7534,-60.7231,0.000,NORMAL,1,ROUTE,,,,,T1_REVERSE_TO_FORWARD
380.3841,-36.8467,-60.6873,0.000,NORMAL,1,ROUTE,,,,,T1_REVERSE_TO_FORWARD
380.4841,-36.9404,-60.6524,0.000,NORMAL,1,ROUTE,,,,,T1_REVERSE_TO_FORWARD
380.5841,-37.0344,-60.6183,0.000,NORMAL,1,ROUTE,,,,,T1_REVERSE_TO_FORWARD
380.6840,-37.1286,-60.5849,0.000,NORMAL,1,ROUTE,,,,,T1_REVERSE_TO_FORWARD
380.7840,-37.2230,-60.5519,0.000,NORMAL,1,ROUTE,,,,,T1_REVERSE_TO_FORWARD
380.8841,-37.3175,-60.5191,0.000,NORMAL,1,ROUTE,,,,,T1_REVERSE_TO_FORWARD
380.9840,-37.4119,-60.4864,0.000,NORMAL,1,ROUTE,,,,,T1_REVERSE_TO_FORWARD
381.0839,-37.5063,-60.4535,0.000,NORMAL,1,ROUTE,,,,,T1_REVERSE_TO_FORWARD
381.1839,-37.6006,-60.4203,0.000,NORMAL,1,ROUTE,,,,,T1_REVERSE_TO_FORWARD
381.2840,-37.6948,-60.3866,0.000,NORMAL,1,ROUTE,,,,,T1_REVERSE_TO_FORWARD
381.3839,-37.7887,-60.3523,0.000,NORMAL,1,ROUTE,,,,,T1_REVERSE_TO_FORWARD
381.4839,-37.8824,-60.3174,0.000,NORMAL,1,ROUTE,,,,,T1_REVERSE_TO_FORWARD
381.5839,-37.9758,-60.2818,0.000,NORMAL,1,ROUTE,,,,,T1_REVERSE_TO_FORWARD
381.6838,-38.0690,-60.2457,0.000,NORMAL,1,ROUTE,,,,,T1_REVERSE_TO_FORWARD
381.7838,-38.1620,-60.2090,0.000,NORMAL,1,ROUTE,,,,,T1_REVERSE_TO_FORWARD
381.8838,-38.2548,-60.1718,0.000,NORMAL,1,ROUTE,,,,,T1_REVERSE_TO_FORWARD
381.9838,-38.3474,-60.1341,0.000,NORMAL,1,ROUTE,,,,,T1_REVERSE_TO_FORWARD
382.0837,-38.4398,-60.0960,0.000,NORMAL,1,ROUTE,,,,,T1_REVERSE_TO_FORWARD
382.1837,-38.5321,-60.0575,0.000,NORMAL,1,ROUTE,,,,,T1_REVERSE_TO_FORWARD
382.2837,-38.6242,-60.0185,0.000,NORMAL,1,ROUTE,,,,,T1_REVERSE_TO_FORWARD
382.3836,-38.7160,-59.9791,0.000,NORMAL,1,ROUTE,,,,,T1_REVERSE_TO_FORWARD
382.4836,-38.8077,-59.9392,0.000,NORMAL,1,ROUTE,,,,,T1_REVERSE_TO_FORWARD
382.5836,-38.8991,-59.8987,0.000,NORMAL,1,ROUTE,,,,,T1_REVERSE_TO_FORWARD
382.6835,-38.9902,-59.8576,0.000,NORMAL,1,ROUTE,,,,,T1_REVERSE_TO_FORWARD
382.7836,-39.0811,-59.8159,0.000,NORMAL,1,ROUTE,,,,,T1_REVERSE_TO_FORWARD
382.8835,-39.1716,-59.7734,0.000,NORMAL,1,ROUTE,,,,,T1_REVERSE_TO_FORWARD
382.9835,-39.2618,-59.7303,0.000,NORMAL,1,ROUTE,,,,,T1_REVERSE_TO_FORWARD
383.0835,-39.3517,-59.6866,0.000,NORMAL,1,ROUTE,,,,,T1_REVERSE_TO_FORWARD
383.1835,-39.4413,-59.6422,0.000,NORMAL,1,ROUTE,,,,,T1_REVERSE_TO_FORWARD
383.2835,-39.5307,-59.5974,0.000,NORMAL,1,ROUTE,,,,,T1_REVERSE_TO_FORWARD
383.3834,-39.6199,-59.5524,0.000,NORMAL,1,ROUTE,,,,,T1_REVERSE_TO_FORWARD
383.4834,-39.7091,-59.5072,0.000,NORMAL,1,ROUTE,,,,,T1_REVERSE_TO_FORWARD
383.5834,-39.7983,-59.4620,0.000,NORMAL,1,ROUTE,,,,,T1_REVERSE_TO_FORWARD
383.6834,-39.8876,-59.4170,0.000,NORMAL,1,ROUTE,,,,,T1_REVERSE_TO_FORWARD
383.7833,-39.9770,-59.3723,0.000,NORMAL,1,ROUTE,,,,,T1_REVERSE_TO_FORWARD
383.8833,-40.0666,-59.3280,0.000,NORMAL,1,ROUTE,,,,,T1_REVERSE_TO_FORWARD
383.9833,-40.1565,-59.2842,0.000,NORMAL,1,ROUTE,,,,,T1_REVERSE_TO_FORWARD
384.0832,-40.2465,-59.2408,0.000,NORMAL,1,ROUTE,,,,,T1_REVERSE_TO_FORWARD
384.1833,-40.3369,-59.1979,0.000,NORMAL,1,ROUTE,,,,,T1_REVERSE_TO_FORWARD
384.2832,-40.4275,-59.1556,0.000,NORMAL,1,ROUTE,,,,,T1_REVERSE_TO_FORWARD
384.3832,-40.5183,-59.1139,0.000,NORMAL,1,ROUTE,,,,,T1_REVERSE_TO_FORWARD
384.4831,-40.6094,-59.0727,0.000,NORMAL,1,ROUTE,,,,,T1_REVERSE_TO_FORWARD
384.5831,-40.7007,-59.0320,0.000,NORMAL,1,ROUTE,,,,,T1_REVERSE_TO_FORWARD
384.6831,-40.7923,-58.9919,0.000,NORMAL,1,ROUTE,,,,,T1_REVERSE_TO_FORWARD
384.7830,-40.8840,-58.9522,0.000,NORMAL,1,ROUTE,,,,,T1_REVERSE_TO_FORWARD
384.8831,-40.9760,-58.9129,0.000,NORMAL,1,ROUTE,,,,,T1_REVERSE_TO_FORWARD
384.9830,-41.0681,-58.8740,0.000,NORMAL,1,ROUTE,,,,,T1_REVERSE_TO_FORWARD
385.0830,-41.1603,-58.8354,0.000,NORMAL,1,ROUTE,,,,,T1_REVERSE_TO_FORWARD
385.1829,-41.2526,-58.7971,0.000,NORMAL,1,ROUTE,,,,,T1_REVERSE_TO_FORWARD
385.2830,-41.3451,-58.7589,0.000,NORMAL,1,ROUTE,,,,,T1_REVERSE_TO_FORWARD
385.3829,-41.4375,-58.7210,0.000,NORMAL,1,ROUTE,,,,,T1_REVERSE_TO_FORWARD
385.4828,-41.5300,-58.6831,0.000,NORMAL,1,ROUTE,,,,,T1_REVERSE_TO_FORWARD
385.5829,-41.6226,-58.6452,0.000,NORMAL,1,ROUTE,,,,,T1_REVERSE_TO_FORWARD
385.6829,-41.7151,-58.6073,0.000,NORMAL,1,ROUTE,,,,,T1_REVERSE_TO_FORWARD
385.7828,-41.8076,-58.5694,0.000,NORMAL,1,ROUTE,,,,,T1_REVERSE_TO_FORWARD
385.8828,-41.9000,-58.5313,0.000,NORMAL,1,ROUTE,,,,,T1_REVERSE_TO_FORWARD
385.9828,-41.9924,-58.4930,0.000,NORMAL,1,ROUTE,,,,,T1_REVERSE_TO_FORWARD
386.0827,-42.0846,-58.4544,0.000,NORMAL,1,ROUTE,,,,,T1_REVERSE_TO_FORWARD
386.1828,-42.1767,-58.4154,0.000,NORMAL,1,ROUTE,,,,,T1_REVERSE_TO_FORWARD
386.2827,-42.2686,-58.3760,0.000,NORMAL,1,ROUTE,,,,,T1_REVERSE_TO_FORWARD
386.3826,-42.3602,-58.3362,0.000,NORMAL,1,ROUTE,,,,,T1_REVERSE_TO_FORWARD
386.4827,-42.4517,-58.2957,0.000,NORMAL,1,ROUTE,,,,,T1_REVERSE_TO_FORWARD
386.5826,-42.5428,-58.2546,0.000,NORMAL,1,ROUTE,,,,,T1_REVERSE_TO_FORWARD
386.6826,-42.6336,-58.2128,0.000,NORMAL,1,ROUTE,,,,,T1_REVERSE_TO_FORWARD
386.7826,-42.7241,-58.1703,0.000,NORMAL,1,ROUTE,,,,,T1_REVERSE_TO_FORWARD
386.8826,-42.8143,-58.1271,0.000,NORMAL,1,ROUTE,,,,,T1_REVERSE_TO_FORWARD
386.9825,-42.9040,-58.0831,0.000,NORMAL,1,ROUTE,,,,,T1_REVERSE_TO_FORWARD
387.0825,-42.9934,-58.0383,0.000,NORMAL,1,ROUTE,,,,,T1_REVERSE_TO_FORWARD
387.1825,-43.0824,-57.9927,0.000,NORMAL,1,ROUTE,,,,,T1_REVERSE_TO_FORWARD
387.2825,-43.1710,-57.9464,0.000,NORMAL,1,ROUTE,,,,,T1_REVERSE_TO_FORWARD
387.3824,-43.2591,-57.8992,0.000,NORMAL,1,ROUTE,,,,,T1_REVERSE_TO_FORWARD
387.4823,-43.3468,-57.8513,0.000,NORMAL,1,ROUTE,,,,,T1_REVERSE_TO_FORWARD
387.5824,-43.4342,-57.8026,0.000,NORMAL,1,ROUTE,,,,,T1_REVERSE_TO_FORWARD
387.6823,-43.5212,-57.7534,0.000,NORMAL,1,ROUTE,,,,,T1_REVERSE_TO_FORWARD
387.7823,-43.6079,-57.7036,0.000,NORMAL,1,ROUTE,,,,,T1_REVERSE_TO_FORWARD
387.8823,-43.6943,-57.6533,0.000,NORMAL,1,ROUTE,,,,,T1_REVERSE_TO_FORWARD
387.9823,-43.7804,-57.6025,0.000,NORMAL,1,ROUTE,,,,,T1_REVERSE_TO_FORWARD
388.0822,-43.8663,-57.5514,0.000,NORMAL,1,ROUTE,,,,,T1_REVERSE_TO_FORWARD
388.1822,-43.9520,-57.4998,0.000,NORMAL,1,ROUTE,,,,,T1_REVERSE_TO_FORWARD
388.2822,-44.0374,-57.4479,0.000,NORMAL,1,ROUTE,,,,,T1_REVERSE_TO_FORWARD
388.3822,-44.1226,-57.3956,0.000,NORMAL,1,ROUTE,,,,,T1_REVERSE_TO_FORWARD
388.4822,-44.2076,-57.3429,0.000,NORMAL,1,ROUTE,,,,,T1_REVERSE_TO_FORWARD
388.5822,-44.2922,-57.2896,0.000,NORMAL,1,ROUTE,,,,,T1_REVERSE_TO_FORWARD
388.6821,-44.3764,-57.2358,0.000,NORMAL,1,ROUTE,,,,,T1_REVERSE_TO_FORWARD
388.7820,-44.4602,-57.1813,0.000,NORMAL,1,ROUTE,,,,,T1_REVERSE_TO_FORWARD
388.8821,-44.5435,-57.1259,0.000,NORMAL,1,ROUTE,,,,,T1_REVERSE_TO_FORWARD
388.9820,-44.6261,-57.0697,0.000,NORMAL,1,ROUTE,,,,,T1_REVERSE_TO_FORWARD
389.0820,-44.7080,-57.0123,0.000,NORMAL,1,ROUTE,,,,,T1_REVERSE_TO_FORWARD
389.1820,-44.7890,-56.9537,0.000,NORMAL,1,ROUTE,,,,,T1_REVERSE_TO_FORWARD
389.2820,-44.8689,-56.8936,0.000,NORMAL,1,ROUTE,,,,,T1_REVERSE_TO_FORWARD
389.3820,-44.9476,-56.8319,0.000,NORMAL,1,ROUTE,,,,,T1_REVERSE_TO_FORWARD
389.4818,-45.0247,-56.7684,0.000,NORMAL,1,ROUTE,,,,,T1_REVERSE_TO_FORWARD
389.5818,-45.1001,-56.7027,0.000,NORMAL,1,ROUTE,,,,,T1_REVERSE_TO_FORWARD
389.6818,-45.1735,-56.6348,0.000,NORMAL,1,ROUTE,,,,,T1_REVERSE_TO_FORWARD
389.7818,-45.2447,-56.5646,0.000,NORMAL,1,ROUTE,,,,,T1_REVERSE_TO_FORWARD
389.8817,-45.3133,-56.4920,0.000,NORMAL,1,ROUTE,,,,,T1_REVERSE_TO_FORWARD
389.9817,-45.3795,-56.4170,0.000,NORMAL,1,ROUTE,,,,,T1_REVERSE_TO_FORWARD
390.0817,-45.4430,-56.3398,0.000,NORMAL,1,ROUTE,,,,,T1_REVERSE_TO_FORWARD
390.1817,-45.5039,-56.2605,0.000,NORMAL,1,ROUTE,,,,,T1_REVERSE_TO_FORWARD
390.2817,-45.5622,-56.1793,0.000,NORMAL,1,ROUTE,,,,,T1_REVERSE_TO_FORWARD
390.3817,-45.6177,-56.0961,0.000,NORMAL,1,ROUTE,,,,,T1_REVERSE_TO_FORWARD
390.4816,-45.6704,-56.0112,0.000,NORMAL,1,ROUTE,,,,,T1_REVERSE_TO_FORWARD
390.5815,-45.7203,-55.9246,0.000,NORMAL,1,ROUTE,,,,,T1_REVERSE_TO_FORWARD
390.6816,-45.7673,-55.8363,0.000,NORMAL,1,ROUTE,,,,,T1_REVERSE_TO_FORWARD
390.7815,-45.8113,-55.7466,0.000,NORMAL,1,ROUTE,,,,,T1_REVERSE_TO_FORWARD
390.8815,-45.8525,-55.6555,0.000,NORMAL,1,ROUTE,,,,,T1_REVERSE_TO_FORWARD
390.9815,-45.8908,-55.5631,0.000,NORMAL,1,ROUTE,,,,,T1_REVERSE_TO_FORWARD
391.0814,-45.9264,-55.4697,0.000,NORMAL,1,ROUTE,,,,,T1_REVERSE_TO_FORWARD
391.1814,-45.9594,-55.3753,0.000,NORMAL,1,ROUTE,,,,,T1_REVERSE_TO_FORWARD
391.2814,-45.9901,-55.2802,0.000,NORMAL,1,ROUTE,,,,,T1_REVERSE_TO_FORWARD
391.3813,-46.0185,-55.1844,0.000,NORMAL,1,ROUTE,,,,,T1_REVERSE_TO_FORWARD
391.4813,-46.0449,-55.0879,0.000,NORMAL,1,ROUTE,,,,,T1_REVERSE_TO_FORWARD
391.5813,-46.0695,-54.9910,0.000,NORMAL,1,ROUTE,,,,,T1_REVERSE_TO_FORWARD
391.6812,-46.0922,-54.8937,0.000,NORMAL,1,ROUTE,,,,,T1_REVERSE_TO_FORWARD
391.7812,-46.1134,-54.7960,0.000,NORMAL,1,ROUTE,,,,,T1_REVERSE_TO_FORWARD
391.8812,-46.1331,-54.6980,0.000,NORMAL,1,ROUTE,,,,,T1_REVERSE_TO_FORWARD
391.9812,-46.1516,-54.5997,0.000,NORMAL,1,ROUTE,,,,,T1_REVERSE_TO_FORWARD
392.0812,-46.1689,-54.5012,0.000,NORMAL,1,ROUTE,,,,,T1_REVERSE_TO_FORWARD
392.1811,-46.1851,-54.4026,0.000,NORMAL,1,ROUTE,,,,,T1_REVERSE_TO_FORWARD
392.2811,-46.2005,-54.3038,0.000,NORMAL,1,ROUTE,,,,,T1_REVERSE_TO_FORWARD
392.3811,-46.2149,-54.2049,0.000,NORMAL,1,ROUTE,,,,,T1_REVERSE_TO_FORWARD
392.4811,-46.2284,-54.1058,0.000,NORMAL,1,ROUTE,,,,,T1_REVERSE_TO_FORWARD
392.5811,-46.2411,-54.0066,0.000,NORMAL,1,ROUTE,,,,,T1_REVERSE_TO_FORWARD
392.6810,-46.2528,-53.9074,0.000,NORMAL,1,ROUTE,,,,,T1_REVERSE_TO_FORWARD
392.7810,-46.2635,-53.8079,0.000,NORMAL,1,ROUTE,,,,,T1_REVERSE_TO_FORWARD
392.8810,-46.2730,-53.7084,0.000,NORMAL,1,ROUTE,,,,,T1_REVERSE_TO_FORWARD
392.9809,-46.2814,-53.6088,0.000,NORMAL,1,ROUTE,,,,,T1_REVERSE_TO_FORWARD
393.0809,-46.2883,-53.5091,0.000,NORMAL,1,ROUTE,,,,,T1_REVERSE_TO_FORWARD
393.1809,-46.2937,-53.4092,0.000,NORMAL,1,ROUTE,,,,,T1_REVERSE_TO_FORWARD
393.2809,-46.2976,-53.3093,0.000,NORMAL,1,ROUTE,,,,,T1_REVERSE_TO_FORWARD
393.3808,-46.2998,-53.2094,0.000,NORMAL,1,ROUTE,,,,,T1_REVERSE_TO_FORWARD
393.4808,-46.3004,-53.1094,0.000,NORMAL,1,ROUTE,,,,,T1_REVERSE_TO_FORWARD
393.5807,-46.2992,-53.0095,0.000,NORMAL,1,ROUTE,,,,,T1_REVERSE_TO_FORWARD
393.6808,-46.2964,-52.9095,0.000,NORMAL,1,ROUTE,,,,,T1_REVERSE_TO_FORWARD
393.7808,-46.2920,-52.8096,0.000,NORMAL,1,ROUTE,,,,,T1_REVERSE_TO_FORWARD
393.8807,-46.2858,-52.7099,0.000,NORMAL,1,ROUTE,,,,,T1_REVERSE_TO_FORWARD
393.9807,-46.2781,-52.6102,0.000,NORMAL,1,ROUTE,,,,,T1_REVERSE_TO_FORWARD
394.0806,-46.2687,-52.5107,0.000,NORMAL,1,ROUTE,,,,,T1_REVERSE_TO_FORWARD
394.1806,-46.2579,-52.4113,0.000,NORMAL,1,ROUTE,,,,,T1_REVERSE_TO_FORWARD
394.2806,-46.2456,-52.3121,0.000,NORMAL,1,ROUTE,,,,,T1_REVERSE_TO_FORWARD
394.3806,-46.2319,-52.2130,0.000,NORMAL,1,ROUTE,,,,,T1_REVERSE_TO_FORWARD
394.4805,-46.2168,-52.1142,0.000,NORMAL,1,ROUTE,,,,,T1_REVERSE_TO_FORWARD
394.5805,-46.2004,-52.0156,0.000,NORMAL,1,ROUTE,,,,,T1_REVERSE_TO_FORWARD
394.6805,-46.1826,-51.9172,0.000,NORMAL,1,ROUTE,,,,,T1_REVERSE_TO_FORWARD
394.7805,-46.1634,-51.8191,0.000,NORMAL,1,ROUTE,,,,,T1_REVERSE_TO_FORWARD
394.8805,-46.1429,-51.7212,0.000,NORMAL,1,ROUTE,,,,,T1_REVERSE_TO_FORWARD
394.9804,-46.1209,-51.6237,0.000,NORMAL,1,ROUTE,,,,,T1_REVERSE_TO_FORWARD
395.0804,-46.0976,-51.5265,0.000,NORMAL,1,ROUTE,,,,,T1_REVERSE_TO_FORWARD
395.1804,-46.0728,-51.4296,0.000,NORMAL,1,ROUTE,,,,,T1_REVERSE_TO_FORWARD
395.2803,-46.0469,-51.3331,0.000,NORMAL,1,ROUTE,,,,,T1_REVERSE_TO_FORWARD
395.3804,-46.0198,-51.2368,0.000,NORMAL,1,ROUTE,,,,,T1_REVERSE_TO_FORWARD
395.4803,-45.9918,-51.1409,0.000,NORMAL,1,ROUTE,,,,,T1_REVERSE_TO_FORWARD
395.5802,-45.9629,-51.0452,0.000,NORMAL,1,ROUTE,,,,,T1_REVERSE_TO_FORWARD
395.6802,-45.9333,-50.9497,0.000,NORMAL,1,ROUTE,,,,,T1_REVERSE_TO_FORWARD
395.7803,-45.9032,-50.8543,0.000,NORMAL,1,ROUTE,,,,,T1_REVERSE_TO_FORWARD
395.8802,-45.8726,-50.7592,0.000,NORMAL,1,ROUTE,,,,,T1_REVERSE_TO_FORWARD
395.9801,-45.8417,-50.6641,0.000,NORMAL,1,ROUTE,,,,,T1_REVERSE_TO_FORWARD
396.0801,-45.8105,-50.5691,0.000,NORMAL,1,ROUTE,,,,,T1_REVERSE_TO_FORWARD
396.1801,-45.7790,-50.4742,0.000,NORMAL,1,ROUTE,,,,,T1_REVERSE_TO_FORWARD
396.2801,-45.7474,-50.3794,0.000,NORMAL,1,ROUTE,,,,,T1_REVERSE_TO_FORWARD
396.3801,-45.7155,-50.2846,0.000,NORMAL,1,ROUTE,,,,,T1_REVERSE_TO_FORWARD
396.4800,-45.6835,-50.1899,0.000,NORMAL,1,ROUTE,,,,,T1_REVERSE_TO_FORWARD
396.5800,-45.6512,-50.0953,0.000,NORMAL,1,ROUTE,,,,,T1_REVERSE_TO_FORWARD
396.6800,-45.6186,-50.0008,0.000,NORMAL,1,ROUTE,,,,,T1_REVERSE_TO_FORWARD
396.7800,-45.5856,-49.9064,0.000,NORMAL,1,ROUTE,,,,,T1_REVERSE_TO_FORWARD
396.8800,-45.5523,-49.8121,0.000,NORMAL,1,ROUTE,,,,,T1_REVERSE_TO_FORWARD
396.9799,-45.5184,-49.7181,0.000,NORMAL,1,ROUTE,,,,,T1_REVERSE_TO_FORWARD
397.0799,-45.4841,-49.6242,0.000,NORMAL,1,ROUTE,,,,,T1_REVERSE_TO_FORWARD
397.1799,-45.4493,-49.5304,0.000,NORMAL,1,ROUTE,,,,,T1_REVERSE_TO_FORWARD
397.2799,-45.4140,-49.4369,0.000,NORMAL,1,ROUTE,,,,,T1_REVERSE_TO_FORWARD
397.3799,-45.3783,-49.3435,0.000,NORMAL,1,ROUTE,,,,,T1_REVERSE_TO_FORWARD
397.4798,-45.3420,-49.2504,0.000,NORMAL,1,ROUTE,,,,,T1_REVERSE_TO_FORWARD
397.5797,-45.3054,-49.1574,0.000,NORMAL,1,ROUTE,,,,,T1_REVERSE_TO_FORWARD
397.6798,-45.2683,-49.0645,0.000,NORMAL,1,ROUTE,,,,,T1_REVERSE_TO_FORWARD
397.7797,-45.2309,-48.9718,0.000,NORMAL,1,ROUTE,,,,,T1_REVERSE_TO_FORWARD
397.8796,-45.1931,-48.8793,0.000,NORMAL,1,ROUTE,,,,,T1_REVERSE_TO_FORWARD
397.9797,-45.1549,-48.7868,0.000,NORMAL,1,ROUTE,,,,,T1_REVERSE_TO_FORWARD
398.0797,-45.1166,-48.6945,0.000,NORMAL,1,ROUTE,,,,,T1_REVERSE_TO_FORWARD
398.1796,-45.0779,-48.6023,0.000,NORMAL,1,ROUTE,,,,,T1_REVERSE_TO_FORWARD
398.2796,-45.0391,-48.5102,0.000,NORMAL,1,ROUTE,,,,,T1_REVERSE_TO_FORWARD
398.3796,-45.0001,-48.4181,0.000,NORMAL,1,ROUTE,,,,,T1_REVERSE_TO_FORWARD
398.4796,-44.9610,-48.3261,0.000,NORMAL,1,ROUTE,,,,,T1_REVERSE_TO_FORWARD
398.5795,-44.9217,-48.2342,0.000,NORMAL,1,ROUTE,,,,,T1_REVERSE_TO_FORWARD
398.6795,-44.8824,-48.1423,0.000,NORMAL,1,ROUTE,,,,,T1_REVERSE_TO_FORWARD
398.7795,-44.8430,-48.0504,0.000,NORMAL,1,ROUTE,,,,,T1_REVERSE_TO_FORWARD
398.8794,-44.8037,-47.9585,0.000,NORMAL,1,ROUTE,,,,,T1_REVERSE_TO_FORWARD
398.9794,-44.7643,-47.8666,0.000,NORMAL,1,ROUTE,,,,,T1_REVERSE_TO_FORWARD
399.0794,-44.7251,-47.7746,0.000,NORMAL,1,ROUTE,,,,,T1_REVERSE_TO_FORWARD
399.1794,-44.6860,-47.6826,0.000,NORMAL,1,ROUTE,,,,,T1_REVERSE_TO_FORWARD
399.2794,-44.6470,-47.5905,0.000,NORMAL,1,ROUTE,,,,,T1_REVERSE_TO_FORWARD
399.3793,-44.6083,-47.4984,0.000,NORMAL,1,ROUTE,,,,,T1_REVERSE_TO_FORWARD
399.4793,-44.5698,-47.4061,0.000,NORMAL,1,ROUTE,,,,,T1_REVERSE_TO_FORWARD
399.5793,-44.5315,-47.3137,0.000,NORMAL,1,ROUTE,,,,,T1_REVERSE_TO_FORWARD
399.6793,-44.4936,-47.2212,0.000,NORMAL,1,ROUTE,,,,,T1_REVERSE_TO_FORWARD
399.7792,-44.4560,-47.1286,0.000,NORMAL,1,ROUTE,,,,,T1_REVERSE_TO_FORWARD
399.8792,-44.4187,-47.0358,0.000,NORMAL,1,ROUTE,,,,,T1_REVERSE_TO_FORWARD
399.9792,-44.3819,-46.9429,0.000,NORMAL,1,ROUTE,,,,,T1_REVERSE_TO_FORWARD
400.0792,-44.3454,-46.8498,0.000,NORMAL,1,ROUTE,,,,,T1_REVERSE_TO_FORWARD
400.1792,-44.3094,-46.7565,0.000,NORMAL,1,ROUTE,,,,,T1_REVERSE_TO_FORWARD
400.2791,-44.2738,-46.6631,0.000,NORMAL,1,ROUTE,,,,,T1_REVERSE_TO_FORWARD
400.3791,-44.2387,-46.5695,0.000,NORMAL,1,ROUTE,,,,,T1_REVERSE_TO_FORWARD
400.4791,-44.2041,-46.4757,0.000,NORMAL,1,ROUTE,,,,,T1_REVERSE_TO_FORWARD
400.5790,-44.1699,-46.3818,0.000,NORMAL,1,ROUTE,,,,,T1_REVERSE_TO_FORWARD
400.6790,-44.1360,-46.2877,0.000,NORMAL,1,ROUTE,,,,,T1_REVERSE_TO_FORWARD
400.7789,-44.1024,-46.1936,0.000,NORMAL,1,ROUTE,,,,,T1_REVERSE_TO_FORWARD
400.8790,-44.0690,-46.0993,0.000,NORMAL,1,ROUTE,,,,,T1_REVERSE_TO_FORWARD
400.9789,-44.0358,-46.0050,0.000,NORMAL,1,ROUTE,,,,,T1_REVERSE_TO_FORWARD
401.0789,-44.0027,-45.9107,0.000,NORMAL,1,ROUTE,,,,,T1_REVERSE_TO_FORWARD
401.1789,-43.9695,-45.8164,0.000,NORMAL,1,ROUTE,,,,,T1_REVERSE_TO_FORWARD
401.2789,-43.9362,-45.7221,0.000,NORMAL,1,ROUTE,,,,,T1_REVERSE_TO_FORWARD
401.3788,-43.9028,-45.6279,0.000,NORMAL,1,ROUTE,,,,,T1_REVERSE_TO_FORWARD
401.4788,-43.8691,-45.5338,0.000,NORMAL,1,ROUTE,,,,,T1_REVERSE_TO_FORWARD
401.5788,-43.8350,-45.4398,0.000,NORMAL,1,ROUTE,,,,,T1_REVERSE_TO_FORWARD
401.6788,-43.8005,-45.3459,0.000,NORMAL,1,ROUTE,,,,,T1_REVERSE_TO_FORWARD
401.7787,-43.7655,-45.2523,0.000,NORMAL,1,ROUTE,,,,,T1_REVERSE_TO_FORWARD
401.8787,-43.7300,-45.1588,0.000,NORMAL,1,ROUTE,,,,,T1_REVERSE_TO_FORWARD
401.9787,-43.6939,-45.0656,0.000,NORMAL,1,ROUTE,,,,,T1_REVERSE_TO_FORWARD
402.0787,-43.6572,-44.9726,0.000,NORMAL,1,ROUTE,,,,,T1_REVERSE_TO_FORWARD
402.1786,-43.6198,-44.8799,0.000,NORMAL,1,ROUTE,,,,,T1_REVERSE_TO_FORWARD
402.2786,-43.5818,-44.7874,0.000,NORMAL,1,ROUTE,,,,,T1_REVERSE_TO_FORWARD
402.3786,-43.5432,-44.6952,0.000,NORMAL,1,ROUTE,,,,,T1_REVERSE_TO_FORWARD
402.4786,-43.5040,-44.6032,0.000,NORMAL,1,ROUTE,,,,,T1_REVERSE_TO_FORWARD
402.5785,-43.4643,-44.5115,0.000,NORMAL,1,ROUTE,,,,,T1_REVERSE_TO_FORWARD
402.6785,-43.4243,-44.4199,0.000,NORMAL,1,ROUTE,,,,,T1_REVERSE_TO_FORWARD
402.7784,-43.3840,-44.3284,0.000,NORMAL,1,ROUTE,,,,,T1_REVERSE_TO_FORWARD
402.8785,-43.3436,-44.2369,0.000,NORMAL,1,ROUTE,,,,,T1_REVERSE_TO_FORWARD
402.9784,-43.3031,-44.1455,0.000,NORMAL,1,ROUTE,,,,,T1_REVERSE_TO_FORWARD
403.0784,-43.2626,-44.0541,0.000,NORMAL,1,ROUTE,,,,,T1_REVERSE_TO_FORWARD
403.1784,-43.2222,-43.9626,0.000,NORMAL,1,ROUTE,,,,,T1_REVERSE_TO_FORWARD
403.2784,-43.1820,-43.8711,0.000,NORMAL,1,ROUTE,,,,,T1_REVERSE_TO_FORWARD
403.3783,-43.1419,-43.7796,0.000,NORMAL,1,ROUTE,,,,,T1_REVERSE_TO_FORWARD
403.4783,-43.1019,-43.6879,0.000,NORMAL,1,ROUTE,,,,,T1_REVERSE_TO_FORWARD
403.5783,-43.0621,-43.5962,0.000,NORMAL,1,ROUTE,,,,,T1_REVERSE_TO_FORWARD
403.6783,-43.0225,-43.5044,0.000,NORMAL,1,ROUTE,,,,,T1_REVERSE_TO_FORWARD
403.7782,-42.9829,-43.4126,0.000,NORMAL,1,ROUTE,,,,,T1_REVERSE_TO_FORWARD
403.8782,-42.9435,-43.3207,0.000,NORMAL,1,ROUTE,,,,,T1_REVERSE_TO_FORWARD
403.9782,-42.9042,-43.2288,0.000,NORMAL,1,ROUTE,,,,,T1_REVERSE_TO_FORWARD
404.0782,-42.8650,-43.1368,0.000,NORMAL,1,ROUTE,,,,,T1_REVERSE_TO_FORWARD
404.1781,-42.8259,-43.0448,0.000,NORMAL,1,ROUTE,,,,,T1_REVERSE_TO_FORWARD
404.2781,-42.7868,-42.9528,0.000,NORMAL,1,ROUTE,,,,,T1_REVERSE_TO_FORWARD
404.3781,-42.7477,-42.8608,0.000,NORMAL,1,ROUTE,,,,,T1_REVERSE_TO_FORWARD
404.4781,-42.7087,-42.7687,0.000,NORMAL,1,ROUTE,,,,,T1_REVERSE_TO_FORWARD
404.5780,-42.6697,-42.6767,0.000,NORMAL,1,ROUTE,,,,,T1_REVERSE_TO_FORWARD
404.6780,-42.6308,-42.5846,0.000,NORMAL,1,ROUTE,,,,,T1_REVERSE_TO_FORWARD
404.7780,-42.5919,-42.4925,0.000,NORMAL,1,ROUTE,,,,,T1_REVERSE_TO_FORWARD
404.8780,-42.5531,-42.4003,0.000,NORMAL,1,ROUTE,,,,,T1_REVERSE_TO_FORWARD
404.9780,-42.5145,-42.3081,0.000,NORMAL,1,ROUTE,,,,,T1_REVERSE_TO_FORWARD
405.0779,-42.4760,-42.2159,0.000,NORMAL,1,ROUTE,,,,,T1_REVERSE_TO_FORWARD
405.1779,-42.4377,-42.1235,0.000,NORMAL,1,ROUTE,,,,,T1_REVERSE_TO_FORWARD
405.2779,-42.3997,-42.0310,0.000,NORMAL,1,ROUTE,,,,,T1_REVERSE_TO_FORWARD
405.3779,-42.3620,-41.9384,0.000,NORMAL,1,ROUTE,,,,,T1_REVERSE_TO_FORWARD
405.4778,-42.3247,-41.8457,0.000,NORMAL,1,ROUTE,,,,,T1_REVERSE_TO_FORWARD
405.5778,-42.2879,-41.7527,0.000,NORMAL,1,ROUTE,,,,,T1_REVERSE_TO_FORWARD
405.6777,-42.2517,-41.6596,0.000,NORMAL,1,ROUTE,,,,,T1_REVERSE_TO_FORWARD
405.7778,-42.2160,-41.5661,0.000,NORMAL,1,ROUTE,,,,,T1_REVERSE_TO_FORWARD
405.8777,-42.1811,-41.4725,0.000,NORMAL,1,ROUTE,,,,,T1_REVERSE_TO_FORWARD
405.9777,-42.1469,-41.3785,0.000,NORMAL,1,ROUTE,,,,,T1_REVERSE_TO_FORWARD
406.0777,-42.1134,-41.2843,0.000,NORMAL,1,ROUTE,,,,,T1_REVERSE_TO_FORWARD
406.1777,-42.0808,-41.1898,0.000,NORMAL,1,ROUTE,,,,,T1_REVERSE_TO_FORWARD
406.2776,-42.0490,-41.0950,0.000,NORMAL,1,ROUTE,,,,,T1_REVERSE_TO_FORWARD
406.3775,-42.0181,-41.0000,0.000,NORMAL,1,ROUTE,,,,,T1_REVERSE_TO_FORWARD
406.4775,-41.9878,-40.9047,0.000,NORMAL,1,ROUTE,,,,,T1_REVERSE_TO_FORWARD
406.5775,-41.9583,-40.8092,0.000,NORMAL,1,ROUTE,,,,,T1_REVERSE_TO_FORWARD
406.6776,-41.9291,-40.7135,0.000,NORMAL,1,ROUTE,,,,,T1_REVERSE_TO_FORWARD
406.7775,-41.9003,-40.6178,0.000,NORMAL,1,ROUTE,,,,,T1_REVERSE_TO_FORWARD
406.8775,-41.8716,-40.5220,0.000,NORMAL,1,ROUTE,,,,,T1_REVERSE_TO_FORWARD
406.9775,-41.8427,-40.4263,0.000,NORMAL,1,ROUTE,,,,,T1_REVERSE_TO_FORWARD
407.0774,-41.8133,-40.3308,0.000,NORMAL,1,ROUTE,,,,,T1_REVERSE_TO_FORWARD
407.1773,-41.7832,-40.2355,0.000,NORMAL,1,ROUTE,,,,,T1_REVERSE_TO_FORWARD
407.2774,-41.7519,-40.1405,0.000,NORMAL,1,ROUTE,,,,,T1_REVERSE_TO_FORWARD
407.3773,-41.7191,-40.0461,0.000,NORMAL,1,ROUTE,,,,,T1_REVERSE_TO_FORWARD
407.4344,-41.6995,-39.9925,0.000,TRAFFIC,1,TRAFFIC,TRAFFIC_3_RED_STOP,STOP_IF_CONDITION,TRAFFIC_LIGHT_RED,,T1_REVERSE_TO_FORWARD
407.4773,-41.6843,-39.9523,0.000,TRAFFIC,1,TRAFFIC,,,TRAFFIC_LIGHT_RED,,T1_REVERSE_TO_FORWARD
407.5773,-41.6474,-39.8594,0.000,TRAFFIC,1,TRAFFIC,,,TRAFFIC_LIGHT_RED,,T1_REVERSE_TO_FORWARD
407.6773,-41.6088,-39.7672,0.000,TRAFFIC,1,TRAFFIC,,,TRAFFIC_LIGHT_RED,,T1_REVERSE_TO_FORWARD
407.7772,-41.5690,-39.6755,0.000,TRAFFIC,1,TRAFFIC,,,TRAFFIC_LIGHT_RED,,T1_REVERSE_TO_FORWARD
407.8772,-41.5282,-39.5842,0.000,TRAFFIC,1,TRAFFIC,,,TRAFFIC_LIGHT_RED,,T1_REVERSE_TO_FORWARD
407.9771,-41.4867,-39.4933,0.000,TRAFFIC,1,TRAFFIC,,,TRAFFIC_LIGHT_RED,,T1_REVERSE_TO_FORWARD
408.0771,-41.4446,-39.4026,0.000,TRAFFIC,1,TRAFFIC,,,TRAFFIC_LIGHT_RED,,T1_REVERSE_TO_FORWARD
408.1772,-41.4022,-39.3120,0.000,TRAFFIC,1,TRAFFIC,,,TRAFFIC_LIGHT_RED,,T1_REVERSE_TO_FORWARD
408.2771,-41.3596,-39.2216,0.000,TRAFFIC,1,TRAFFIC,,,TRAFFIC_LIGHT_RED,,T1_REVERSE_TO_FORWARD
408.3770,-41.3170,-39.1312,0.000,TRAFFIC,1,TRAFFIC,,,TRAFFIC_LIGHT_RED,,T1_REVERSE_TO_FORWARD
408.4770,-41.2743,-39.0408,0.000,TRAFFIC,1,TRAFFIC,,,TRAFFIC_LIGHT_RED,,T1_REVERSE_TO_FORWARD
408.5770,-41.2317,-38.9503,0.000,TRAFFIC,1,TRAFFIC,,,TRAFFIC_LIGHT_RED,,T1_REVERSE_TO_FORWARD
408.6770,-41.1893,-38.8598,0.000,TRAFFIC,1,TRAFFIC,,,TRAFFIC_LIGHT_RED,,T1_REVERSE_TO_FORWARD
408.7769,-41.1471,-38.7692,0.000,TRAFFIC,1,TRAFFIC,,,TRAFFIC_LIGHT_RED,,T1_REVERSE_TO_FORWARD
408.8769,-41.1050,-38.6785,0.000,TRAFFIC,1,TRAFFIC,,,TRAFFIC_LIGHT_RED,,T1_REVERSE_TO_FORWARD
408.9769,-41.0631,-38.5877,0.000,TRAFFIC,1,TRAFFIC,,,TRAFFIC_LIGHT_RED,,T1_REVERSE_TO_FORWARD
409.0769,-41.0214,-38.4968,0.000,TRAFFIC,1,TRAFFIC,,,TRAFFIC_LIGHT_RED,,T1_REVERSE_TO_FORWARD
409.1769,-40.9799,-38.4059,0.000,TRAFFIC,1,TRAFFIC,,,TRAFFIC_LIGHT_RED,,T1_REVERSE_TO_FORWARD
409.2768,-40.9385,-38.3149,0.000,TRAFFIC,1,TRAFFIC,,,TRAFFIC_LIGHT_RED,,T1_REVERSE_TO_FORWARD
409.3769,-40.8972,-38.2238,0.000,TRAFFIC,1,TRAFFIC,,,TRAFFIC_LIGHT_RED,,T1_REVERSE_TO_FORWARD
409.4768,-40.8560,-38.1327,0.000,TRAFFIC,1,TRAFFIC,,,TRAFFIC_LIGHT_RED,,T1_REVERSE_TO_FORWARD
409.5768,-40.8148,-38.0416,0.000,TRAFFIC,1,TRAFFIC,,,TRAFFIC_LIGHT_RED,,T1_REVERSE_TO_FORWARD
409.6768,-40.7736,-37.9505,0.000,TRAFFIC,1,TRAFFIC,,,TRAFFIC_LIGHT_RED,,T1_REVERSE_TO_FORWARD
409.7767,-40.7325,-37.8594,0.000,TRAFFIC,1,TRAFFIC,,,TRAFFIC_LIGHT_RED,,T1_REVERSE_TO_FORWARD
409.8767,-40.6914,-37.7683,0.000,TRAFFIC,1,TRAFFIC,,,TRAFFIC_LIGHT_RED,,T1_REVERSE_TO_FORWARD
409.9766,-40.6503,-37.6772,0.000,TRAFFIC,1,TRAFFIC,,,TRAFFIC_LIGHT_RED,,T1_REVERSE_TO_FORWARD
410.0767,-40.6092,-37.5860,0.000,TRAFFIC,1,TRAFFIC,,,TRAFFIC_LIGHT_RED,,T1_REVERSE_TO_FORWARD
410.1766,-40.5683,-37.4948,0.000,TRAFFIC,1,TRAFFIC,,,TRAFFIC_LIGHT_RED,,T1_REVERSE_TO_FORWARD
410.2766,-40.5277,-37.4034,0.000,TRAFFIC,1,TRAFFIC,,,TRAFFIC_LIGHT_RED,,T1_REVERSE_TO_FORWARD
410.3766,-40.4873,-37.3120,0.000,TRAFFIC,1,TRAFFIC,,,TRAFFIC_LIGHT_RED,,T1_REVERSE_TO_FORWARD
410.4766,-40.4474,-37.2203,0.000,TRAFFIC,1,TRAFFIC,,,TRAFFIC_LIGHT_RED,,T1_REVERSE_TO_FORWARD
410.5765,-40.4081,-37.1284,0.000,TRAFFIC,1,TRAFFIC,,,TRAFFIC_LIGHT_RED,,T1_REVERSE_TO_FORWARD
410.6765,-40.3693,-37.0362,0.000,TRAFFIC,1,TRAFFIC,,,TRAFFIC_LIGHT_RED,,T1_REVERSE_TO_FORWARD
410.7765,-40.3312,-36.9438,0.000,TRAFFIC,1,TRAFFIC,,,TRAFFIC_LIGHT_RED,,T1_REVERSE_TO_FORWARD
410.8765,-40.2938,-36.8511,0.000,TRAFFIC,1,TRAFFIC,,,TRAFFIC_LIGHT_RED,,T1_REVERSE_TO_FORWARD
410.9764,-40.2571,-36.7581,0.000,TRAFFIC,1,TRAFFIC,,,TRAFFIC_LIGHT_RED,,T1_REVERSE_TO_FORWARD
411.0764,-40.2209,-36.6649,0.000,TRAFFIC,1,TRAFFIC,,,TRAFFIC_LIGHT_RED,,T1_REVERSE_TO_FORWARD
411.1764,-40.1852,-36.5715,0.000,TRAFFIC,1,TRAFFIC,,,TRAFFIC_LIGHT_RED,,T1_REVERSE_TO_FORWARD
411.2763,-40.1499,-36.4780,0.000,TRAFFIC,1,TRAFFIC,,,TRAFFIC_LIGHT_RED,,T1_REVERSE_TO_FORWARD
411.3764,-40.1149,-36.3843,0.000,TRAFFIC,1,TRAFFIC,,,TRAFFIC_LIGHT_RED,,T1_REVERSE_TO_FORWARD
411.4764,-40.0800,-36.2906,0.000,TRAFFIC,1,TRAFFIC,,,TRAFFIC_LIGHT_RED,,T1_REVERSE_TO_FORWARD
411.5763,-40.0452,-36.1969,0.000,TRAFFIC,1,TRAFFIC,,,TRAFFIC_LIGHT_RED,,T1_REVERSE_TO_FORWARD
411.6762,-40.0102,-36.1033,0.000,TRAFFIC,1,TRAFFIC,,,TRAFFIC_LIGHT_RED,,T1_REVERSE_TO_FORWARD
411.7762,-39.9750,-36.0097,0.000,TRAFFIC,1,TRAFFIC,,,TRAFFIC_LIGHT_RED,,T1_REVERSE_TO_FORWARD
411.8762,-39.9396,-35.9162,0.000,TRAFFIC,1,TRAFFIC,,,TRAFFIC_LIGHT_RED,,T1_REVERSE_TO_FORWARD
411.9762,-39.9038,-35.8229,0.000,TRAFFIC,1,TRAFFIC,,,TRAFFIC_LIGHT_RED,,T1_REVERSE_TO_FORWARD
412.0761,-39.8676,-35.7297,0.000,TRAFFIC,1,TRAFFIC,,,TRAFFIC_LIGHT_RED,,T1_REVERSE_TO_FORWARD
412.1761,-39.8311,-35.6366,0.000,TRAFFIC,1,TRAFFIC,,,TRAFFIC_LIGHT_RED,,T1_REVERSE_TO_FORWARD
412.2761,-39.7941,-35.5437,0.000,TRAFFIC,1,TRAFFIC,,,TRAFFIC_LIGHT_RED,,T1_REVERSE_TO_FORWARD
412.3761,-39.7568,-35.4510,0.000,TRAFFIC,1,TRAFFIC,,,TRAFFIC_LIGHT_RED,,T1_REVERSE_TO_FORWARD
412.4760,-39.7191,-35.3584,0.000,TRAFFIC,1,TRAFFIC,,,TRAFFIC_LIGHT_RED,,T1_REVERSE_TO_FORWARD
412.5761,-39.6810,-35.2659,0.000,TRAFFIC,1,TRAFFIC,,,TRAFFIC_LIGHT_RED,,T1_REVERSE_TO_FORWARD
412.6760,-39.6426,-35.1736,0.000,TRAFFIC,1,TRAFFIC,,,TRAFFIC_LIGHT_RED,,T1_REVERSE_TO_FORWARD
412.7760,-39.6039,-35.0814,0.000,TRAFFIC,1,TRAFFIC,,,TRAFFIC_LIGHT_RED,,T1_REVERSE_TO_FORWARD
412.8760,-39.5649,-34.9894,0.000,TRAFFIC,1,TRAFFIC,,,TRAFFIC_LIGHT_RED,,T1_REVERSE_TO_FORWARD
412.9760,-39.5257,-34.8974,0.000,TRAFFIC,1,TRAFFIC,,,TRAFFIC_LIGHT_RED,,T1_REVERSE_TO_FORWARD
413.0759,-39.4862,-34.8056,0.000,TRAFFIC,1,TRAFFIC,,,TRAFFIC_LIGHT_RED,,T1_REVERSE_TO_FORWARD
413.1759,-39.4465,-34.7138,0.000,TRAFFIC,1,TRAFFIC,,,TRAFFIC_LIGHT_RED,,T1_REVERSE_TO_FORWARD
413.2491,-39.4173,-34.6467,0.000,TRAFFIC,1,TRAFFIC,TRAFFIC_3_RED_STOP_END,,TRAFFIC_LIGHT_RED,,T1_REVERSE_TO_FORWARD
413.2758,-39.4066,-34.6222,0.000,TRAFFIC,1,TRAFFIC,,,TRAFFIC_LIGHT_RED,,T1_REVERSE_TO_FORWARD
413.3758,-39.3667,-34.5305,0.000,TRAFFIC,1,TRAFFIC,,,TRAFFIC_LIGHT_RED,,T1_REVERSE_TO_FORWARD
413.4758,-39.3262,-34.4391,0.000,TRAFFIC,1,TRAFFIC,,,TRAFFIC_LIGHT_RED,,T1_REVERSE_TO_FORWARD
413.5396,-39.2999,-34.3810,0.000,NORMAL,1,ROUTE,,,,,T1_REVERSE_TO_FORWARD
413.5758,-39.2847,-34.3481,0.000,NORMAL,1,ROUTE,,,,,T1_REVERSE_TO_FORWARD
413.6758,-39.2422,-34.2576,0.000,NORMAL,1,ROUTE,,,,,T1_REVERSE_TO_FORWARD
413.7757,-39.1989,-34.1676,0.000,NORMAL,1,ROUTE,,,,,T1_REVERSE_TO_FORWARD
413.8757,-39.1548,-34.0778,0.000,NORMAL,1,ROUTE,,,,,T1_REVERSE_TO_FORWARD
413.9757,-39.1104,-33.9882,0.000,NORMAL,1,ROUTE,,,,,T1_REVERSE_TO_FORWARD
414.0757,-39.0657,-33.8988,0.000,NORMAL,1,ROUTE,,,,,T1_REVERSE_TO_FORWARD
414.1756,-39.0210,-33.8094,0.000,NORMAL,1,ROUTE,,,,,T1_REVERSE_TO_FORWARD
414.2756,-38.9765,-33.7199,0.000,NORMAL,1,ROUTE,,,,,T1_REVERSE_TO_FORWARD
414.3756,-38.9323,-33.6302,0.000,NORMAL,1,ROUTE,,,,,T1_REVERSE_TO_FORWARD
414.4756,-38.8889,-33.5401,0.000,NORMAL,1,ROUTE,,,,,T1_REVERSE_TO_FORWARD
414.5755,-38.8463,-33.4497,0.000,NORMAL,1,ROUTE,,,,,T1_REVERSE_TO_FORWARD
414.6755,-38.8048,-33.3587,0.000,NORMAL,1,ROUTE,,,,,T1_REVERSE_TO_FORWARD
414.7754,-38.7647,-33.2672,0.000,NORMAL,1,ROUTE,,,,,T1_REVERSE_TO_FORWARD
414.8755,-38.7261,-33.1749,0.000,NORMAL,1,ROUTE,,,,,T1_REVERSE_TO_FORWARD
414.9754,-38.6893,-33.0820,0.000,NORMAL,1,ROUTE,,,,,T1_REVERSE_TO_FORWARD
415.0754,-38.6542,-32.9884,0.000,NORMAL,1,ROUTE,,,,,T1_REVERSE_TO_FORWARD
415.1754,-38.6212,-32.8940,0.000,NORMAL,1,ROUTE,,,,,T1_REVERSE_TO_FORWARD
415.2753,-38.5901,-32.7990,0.000,NORMAL,1,ROUTE,,,,,T1_REVERSE_TO_FORWARD
415.3753,-38.5612,-32.7033,0.000,NORMAL,1,ROUTE,,,,,T1_REVERSE_TO_FORWARD
415.4753,-38.5345,-32.6069,0.000,NORMAL,1,ROUTE,,,,,T1_REVERSE_TO_FORWARD
415.5753,-38.5100,-32.5100,0.000,NORMAL,1,ROUTE,,,,,T1_REVERSE_TO_FORWARD
415.6753,-38.4878,-32.4125,0.000,NORMAL,1,ROUTE,,,,,T1_REVERSE_TO_FORWARD
415.7752,-38.4679,-32.3146,0.000,NORMAL,1,ROUTE,,,,,T1_REVERSE_TO_FORWARD
415.8752,-38.4500,-32.2162,0.000,NORMAL,1,ROUTE,,,,,T1_REVERSE_TO_FORWARD
415.9752,-38.4341,-32.1175,0.000,NORMAL,1,ROUTE,,,,,T1_REVERSE_TO_FORWARD
416.0751,-38.4198,-32.0186,0.000,NORMAL,1,ROUTE,,,,,T1_REVERSE_TO_FORWARD
416.1751,-38.4068,-31.9194,0.000,NORMAL,1,ROUTE,,,,,T1_REVERSE_TO_FORWARD
416.2751,-38.3948,-31.8202,0.000,NORMAL,1,ROUTE,,,,,T1_REVERSE_TO_FORWARD
416.3750,-38.3834,-31.7209,0.000,NORMAL,1,ROUTE,,,,,T1_REVERSE_TO_FORWARD
416.4750,-38.3725,-31.6215,0.000,NORMAL,1,ROUTE,,,,,T1_REVERSE_TO_FORWARD
416.5750,-38.3619,-31.5221,0.000,NORMAL,1,ROUTE,,,,,T1_REVERSE_TO_FORWARD
416.6750,-38.3514,-31.4226,0.000,NORMAL,1,ROUTE,,,,,T1_REVERSE_TO_FORWARD
416.7750,-38.3410,-31.3232,0.000,NORMAL,1,ROUTE,,,,,T1_REVERSE_TO_FORWARD
416.8749,-38.3308,-31.2238,0.000,NORMAL,1,ROUTE,,,,,T1_REVERSE_TO_FORWARD
416.9749,-38.3208,-31.1243,0.000,NORMAL,1,ROUTE,,,,,T1_REVERSE_TO_FORWARD
417.0749,-38.3111,-31.0248,0.000,NORMAL,1,ROUTE,,,,,T1_REVERSE_TO_FORWARD
417.1749,-38.3019,-30.9252,0.000,NORMAL,1,ROUTE,,,,,T1_REVERSE_TO_FORWARD
417.2749,-38.2933,-30.8256,0.000,NORMAL,1,ROUTE,,,,,T1_REVERSE_TO_FORWARD
417.3748,-38.2854,-30.7260,0.000,NORMAL,1,ROUTE,,,,,T1_REVERSE_TO_FORWARD
417.4748,-38.2783,-30.6262,0.000,NORMAL,1,ROUTE,,,,,T1_REVERSE_TO_FORWARD
417.5747,-38.2720,-30.5265,0.000,NORMAL,1,ROUTE,,,,,T1_REVERSE_TO_FORWARD
417.6748,-38.2666,-30.4266,0.000,NORMAL,1,ROUTE,,,,,T1_REVERSE_TO_FORWARD
417.7747,-38.2619,-30.3268,0.000,NORMAL,1,ROUTE,,,,,T1_REVERSE_TO_FORWARD
417.8747,-38.2579,-30.2269,0.000,NORMAL,1,ROUTE,,,,,T1_REVERSE_TO_FORWARD
417.9746,-38.2544,-30.1270,0.000,NORMAL,1,ROUTE,,,,,T1_REVERSE_TO_FORWARD
418.0747,-38.2512,-30.0270,0.000,NORMAL,1,ROUTE,,,,,T1_REVERSE_TO_FORWARD
418.1746,-38.2483,-29.9271,0.000,NORMAL,1,ROUTE,,,,,T1_REVERSE_TO_FORWARD
418.2746,-38.2455,-29.8272,0.000,NORMAL,1,ROUTE,,,,,T1_REVERSE_TO_FORWARD
418.3746,-38.2428,-29.7272,0.000,NORMAL,1,ROUTE,,,,,T1_REVERSE_TO_FORWARD
418.4745,-38.2403,-29.6273,0.000,NORMAL,1,ROUTE,,,,,T1_REVERSE_TO_FORWARD
418.5746,-38.2379,-29.5273,0.000,NORMAL,1,ROUTE,,,,,T1_REVERSE_TO_FORWARD
418.6745,-38.2358,-29.4274,0.000,NORMAL,1,ROUTE,,,,,T1_REVERSE_TO_FORWARD
418.7745,-38.2341,-29.3274,0.000,NORMAL,1,ROUTE,,,,,T1_REVERSE_TO_FORWARD
418.8744,-38.2331,-29.2275,0.000,NORMAL,1,ROUTE,,,,,T1_REVERSE_TO_FORWARD
418.9744,-38.2330,-29.1275,0.000,NORMAL,1,ROUTE,,,,,T1_REVERSE_TO_FORWARD
419.0744,-38.2341,-29.0275,0.000,NORMAL,1,ROUTE,,,,,T1_REVERSE_TO_FORWARD
419.1743,-38.2364,-28.9276,0.000,NORMAL,1,ROUTE,,,,,T1_REVERSE_TO_FORWARD
419.2743,-38.2403,-28.8277,0.000,NORMAL,1,ROUTE,,,,,T1_REVERSE_TO_FORWARD
419.3744,-38.2459,-28.7278,0.000,NORMAL,1,ROUTE,,,,,T1_REVERSE_TO_FORWARD
419.4743,-38.2533,-28.6281,0.000,NORMAL,1,ROUTE,,,,,T1_REVERSE_TO_FORWARD
419.5743,-38.2624,-28.5286,0.000,NORMAL,1,ROUTE,,,,,T1_REVERSE_TO_FORWARD
419.6742,-38.2733,-28.4292,0.000,NORMAL,1,ROUTE,,,,,T1_REVERSE_TO_FORWARD
419.7742,-38.2856,-28.3300,0.000,NORMAL,1,ROUTE,,,,,T1_REVERSE_TO_FORWARD
419.8742,-38.2994,-28.2310,0.000,NORMAL,1,ROUTE,,,,,T1_REVERSE_TO_FORWARD
419.9742,-38.3142,-28.1321,0.000,NORMAL,1,ROUTE,,,,,T1_REVERSE_TO_FORWARD
420.0741,-38.3300,-28.0334,0.000,NORMAL,1,ROUTE,,,,,T1_REVERSE_TO_FORWARD
420.1741,-38.3466,-27.9348,0.000,NORMAL,1,ROUTE,,,,,T1_REVERSE_TO_FORWARD
420.2741,-38.3638,-27.8363,0.000,NORMAL,1,ROUTE,,,,,T1_REVERSE_TO_FORWARD
420.3741,-38.3814,-27.7379,0.000,NORMAL,1,ROUTE,,,,,T1_REVERSE_TO_FORWARD
420.4741,-38.3993,-27.6395,0.000,NORMAL,1,ROUTE,,,,,T1_REVERSE_TO_FORWARD
420.5740,-38.4174,-27.5412,0.000,NORMAL,1,ROUTE,,,,,T1_REVERSE_TO_FORWARD
420.6740,-38.4354,-27.4429,0.000,NORMAL,1,ROUTE,,,,,T1_REVERSE_TO_FORWARD
420.7740,-38.4534,-27.3445,0.000,NORMAL,1,ROUTE,,,,,T1_REVERSE_TO_FORWARD
420.8740,-38.4712,-27.2461,0.000,NORMAL,1,ROUTE,,,,,T1_REVERSE_TO_FORWARD
420.9739,-38.4887,-27.1477,0.000,NORMAL,1,ROUTE,,,,,T1_REVERSE_TO_FORWARD
421.0738,-38.5060,-27.0493,0.000,NORMAL,1,ROUTE,,,,,T1_REVERSE_TO_FORWARD
421.1739,-38.5229,-26.9507,0.000,NORMAL,1,ROUTE,,,,,T1_REVERSE_TO_FORWARD
421.2739,-38.5395,-26.8521,0.000,NORMAL,1,ROUTE,,,,,T1_REVERSE_TO_FORWARD
421.3738,-38.5557,-26.7535,0.000,NORMAL,1,ROUTE,,,,,T1_REVERSE_TO_FORWARD
421.4738,-38.5716,-26.6548,0.000,NORMAL,1,ROUTE,,,,,T1_REVERSE_TO_FORWARD
421.5738,-38.5872,-26.5560,0.000,NORMAL,1,ROUTE,,,,,T1_REVERSE_TO_FORWARD
421.6738,-38.6026,-26.4572,0.000,NORMAL,1,ROUTE,,,,,T1_REVERSE_TO_FORWARD
421.7737,-38.6178,-26.3584,0.000,NORMAL,1,ROUTE,,,,,T1_REVERSE_TO_FORWARD
421.8737,-38.6329,-26.2596,0.000,NORMAL,1,ROUTE,,,,,T1_REVERSE_TO_FORWARD
421.9737,-38.6478,-26.1607,0.000,NORMAL,1,ROUTE,,,,,T1_REVERSE_TO_FORWARD
422.0736,-38.6627,-26.0619,0.000,NORMAL,1,ROUTE,,,,,T1_REVERSE_TO_FORWARD
422.1736,-38.6776,-25.9630,0.000,NORMAL,1,ROUTE,,,,,T1_REVERSE_TO_FORWARD
422.2736,-38.6926,-25.8642,0.000,NORMAL,1,ROUTE,,,,,T1_REVERSE_TO_FORWARD
422.3735,-38.7077,-25.7654,0.000,NORMAL,1,ROUTE,,,,,T1_REVERSE_TO_FORWARD
422.4736,-38.7229,-25.6665,0.000,NORMAL,1,ROUTE,,,,,T1_REVERSE_TO_FORWARD
422.5735,-38.7383,-25.5678,0.000,NORMAL,1,ROUTE,,,,,T1_REVERSE_TO_FORWARD
422.6735,-38.7539,-25.4690,0.000,NORMAL,1,ROUTE,,,,,T1_REVERSE_TO_FORWARD
422.7735,-38.7699,-25.3703,0.000,NORMAL,1,ROUTE,,,,,T1_REVERSE_TO_FORWARD
422.8734,-38.7862,-25.2717,0.000,NORMAL,1,ROUTE,,,,,T1_REVERSE_TO_FORWARD
422.9734,-38.8029,-25.1731,0.000,NORMAL,1,ROUTE,,,,,T1_REVERSE_TO_FORWARD
423.0733,-38.8202,-25.0747,0.000,NORMAL,1,ROUTE,,,,,T1_REVERSE_TO_FORWARD
423.1734,-38.8381,-24.9763,0.000,NORMAL,1,ROUTE,,,,,T1_REVERSE_TO_FORWARD
423.2733,-38.8567,-24.8781,0.000,NORMAL,1,ROUTE,,,,,T1_REVERSE_TO_FORWARD
423.3733,-38.8761,-24.7800,0.000,NORMAL,1,ROUTE,,,,,T1_REVERSE_TO_FORWARD
423.4733,-38.8965,-24.6821,0.000,NORMAL,1,ROUTE,,,,,T1_REVERSE_TO_FORWARD
423.5732,-38.9180,-24.5845,0.000,NORMAL,1,ROUTE,,,,,T1_REVERSE_TO_FORWARD
423.6733,-38.9407,-24.4871,0.000,NORMAL,1,ROUTE,,,,,T1_REVERSE_TO_FORWARD
423.7732,-38.9648,-24.3901,0.000,NORMAL,1,ROUTE,,,,,T1_REVERSE_TO_FORWARD
423.8732,-38.9905,-24.2935,0.000,NORMAL,1,ROUTE,,,,,T1_REVERSE_TO_FORWARD
423.9731,-39.0180,-24.1974,0.000,NORMAL,1,ROUTE,,,,,T1_REVERSE_TO_FORWARD
424.0732,-39.0475,-24.1018,0.000,NORMAL,1,ROUTE,,,,,T1_REVERSE_TO_FORWARD
424.1731,-39.0790,-24.0070,0.000,NORMAL,1,ROUTE,,,,,T1_REVERSE_TO_FORWARD
424.2731,-39.1129,-23.9129,0.000,NORMAL,1,ROUTE,,,,,T1_REVERSE_TO_FORWARD
424.3730,-39.1492,-23.8198,0.000,NORMAL,1,ROUTE,,,,,T1_REVERSE_TO_FORWARD
424.4730,-39.1882,-23.7277,0.000,NORMAL,1,ROUTE,,,,,T1_REVERSE_TO_FORWARD
424.5730,-39.2299,-23.6368,0.000,NORMAL,1,ROUTE,,,,,T1_REVERSE_TO_FORWARD
424.6729,-39.2743,-23.5473,0.000,NORMAL,1,ROUTE,,,,,T1_REVERSE_TO_FORWARD
424.7729,-39.3215,-23.4592,0.000,NORMAL,1,ROUTE,,,,,T1_REVERSE_TO_FORWARD
424.8729,-39.3714,-23.3725,0.000,NORMAL,1,ROUTE,,,,,T1_REVERSE_TO_FORWARD
424.9729,-39.4239,-23.2874,0.000,NORMAL,1,ROUTE,,,,,T1_REVERSE_TO_FORWARD
425.0728,-39.4789,-23.2040,0.000,NORMAL,1,ROUTE,,,,,T1_REVERSE_TO_FORWARD
425.1728,-39.5364,-23.1222,0.000,NORMAL,1,ROUTE,,,,,T1_REVERSE_TO_FORWARD
425.2728,-39.5964,-23.0422,0.000,NORMAL,1,ROUTE,,,,,T1_REVERSE_TO_FORWARD
425.3728,-39.6589,-22.9642,0.000,NORMAL,1,ROUTE,,,,,T1_REVERSE_TO_FORWARD
425.4727,-39.7238,-22.8882,0.000,NORMAL,1,ROUTE,,,,,T1_REVERSE_TO_FORWARD
425.5727,-39.7911,-22.8142,0.000,NORMAL,1,ROUTE,,,,,T1_REVERSE_TO_FORWARD
425.6727,-39.8606,-22.7423,0.000,NORMAL,1,ROUTE,,,,,T1_REVERSE_TO_FORWARD
425.7726,-39.9322,-22.6726,0.000,NORMAL,1,ROUTE,,,,,T1_REVERSE_TO_FORWARD
425.8726,-40.0059,-22.6051,0.000,NORMAL,1,ROUTE,,,,,T1_REVERSE_TO_FORWARD
425.9726,-40.0816,-22.5398,0.000,NORMAL,1,ROUTE,,,,,T1_REVERSE_TO_FORWARD
426.0726,-40.1592,-22.4767,0.000,NORMAL,1,ROUTE,,,,,T1_REVERSE_TO_FORWARD
426.1725,-40.2386,-22.4160,0.000,NORMAL,1,ROUTE,,,,,T1_REVERSE_TO_FORWARD
426.2725,-40.3197,-22.3575,0.000,NORMAL,1,ROUTE,,,,,T1_REVERSE_TO_FORWARD
426.3725,-40.4023,-22.3012,0.000,NORMAL,1,ROUTE,,,,,T1_REVERSE_TO_FORWARD
426.4725,-40.4862,-22.2468,0.000,NORMAL,1,ROUTE,,,,,T1_REVERSE_TO_FORWARD
426.5724,-40.5712,-22.1943,0.000,NORMAL,1,ROUTE,,,,,T1_REVERSE_TO_FORWARD
426.6724,-40.6572,-22.1433,0.000,NORMAL,1,ROUTE,,,,,T1_REVERSE_TO_FORWARD
426.7724,-40.7440,-22.0936,0.000,NORMAL,1,ROUTE,,,,,T1_REVERSE_TO_FORWARD
426.8723,-40.8314,-22.0451,0.000,NORMAL,1,ROUTE,,,,,T1_REVERSE_TO_FORWARD
426.9724,-40.9193,-21.9974,0.000,NORMAL,1,ROUTE,,,,,T1_REVERSE_TO_FORWARD
427.0723,-41.0075,-21.9504,0.000,NORMAL,1,ROUTE,,,,,T1_REVERSE_TO_FORWARD
427.1723,-41.0960,-21.9039,0.000,NORMAL,1,ROUTE,,,,,T1_REVERSE_TO_FORWARD
427.2723,-41.1848,-21.8579,0.000,NORMAL,1,ROUTE,,,,,T1_REVERSE_TO_FORWARD
427.3722,-41.2737,-21.8122,0.000,NORMAL,1,ROUTE,,,,,T1_REVERSE_TO_FORWARD
427.4722,-41.3627,-21.7667,0.000,NORMAL,1,ROUTE,,,,,T1_REVERSE_TO_FORWARD
427.5721,-41.4518,-21.7214,0.000,NORMAL,1,ROUTE,,,,,T1_REVERSE_TO_FORWARD
427.6721,-41.5410,-21.6762,0.000,NORMAL,1,ROUTE,,,,,T1_REVERSE_TO_FORWARD
427.7721,-41.6303,-21.6312,0.000,NORMAL,1,ROUTE,,,,,T1_REVERSE_TO_FORWARD
427.8721,-41.7196,-21.5863,0.000,NORMAL,1,ROUTE,,,,,T1_REVERSE_TO_FORWARD
427.9720,-41.8090,-21.5416,0.000,NORMAL,1,ROUTE,,,,,T1_REVERSE_TO_FORWARD
428.0720,-41.8985,-21.4970,0.000,NORMAL,1,ROUTE,,,,,T1_REVERSE_TO_FORWARD
428.1720,-41.9881,-21.4526,0.000,NORMAL,1,ROUTE,,,,,T1_REVERSE_TO_FORWARD
428.2720,-42.0778,-21.4085,0.000,NORMAL,1,ROUTE,,,,,T1_REVERSE_TO_FORWARD
428.3720,-42.1676,-21.3645,0.000,NORMAL,1,ROUTE,,,,,T1_REVERSE_TO_FORWARD
428.4720,-42.2575,-21.3208,0.000,NORMAL,1,ROUTE,,,,,T1_REVERSE_TO_FORWARD
428.5719,-42.3475,-21.2773,0.000,NORMAL,1,ROUTE,,,,,T1_REVERSE_TO_FORWARD
428.6719,-42.4376,-21.2339,0.000,NORMAL,1,ROUTE,,,,,T1_REVERSE_TO_FORWARD
428.7719,-42.5277,-21.1906,0.000,NORMAL,1,ROUTE,,,,,T1_REVERSE_TO_FORWARD
428.8718,-42.6178,-21.1474,0.000,NORMAL,1,ROUTE,,,,,T1_REVERSE_TO_FORWARD
428.9718,-42.7080,-21.1042,0.000,NORMAL,1,ROUTE,,,,,T1_REVERSE_TO_FORWARD
429.0718,-42.7982,-21.0611,0.000,NORMAL,1,ROUTE,,,,,T1_REVERSE_TO_FORWARD
429.1718,-42.8884,-21.0180,0.000,NORMAL,1,ROUTE,,,,,T1_REVERSE_TO_FORWARD
429.2718,-42.9787,-20.9750,0.000,NORMAL,1,ROUTE,,,,,T1_REVERSE_TO_FORWARD
429.3717,-43.0690,-20.9321,0.000,NORMAL,1,ROUTE,,,,,T1_REVERSE_TO_FORWARD
429.4717,-43.1593,-20.8893,0.000,NORMAL,1,ROUTE,,,,,T1_REVERSE_TO_FORWARD
429.5716,-43.2497,-20.8466,0.000,NORMAL,1,ROUTE,,,,,T1_REVERSE_TO_FORWARD
429.6717,-43.3403,-20.8042,0.000,NORMAL,1,ROUTE,,,,,T1_REVERSE_TO_FORWARD
429.7716,-43.4309,-20.7620,0.000,NORMAL,1,ROUTE,,,,,T1_REVERSE_TO_FORWARD
429.8716,-43.5217,-20.7202,0.000,NORMAL,1,ROUTE,,,,,T1_REVERSE_TO_FORWARD
429.9716,-43.6127,-20.6788,0.000,NORMAL,1,ROUTE,,,,,T1_REVERSE_TO_FORWARD
430.0715,-43.7039,-20.6379,0.000,NORMAL,1,ROUTE,,,,,T1_REVERSE_TO_FORWARD
430.1716,-43.7954,-20.5974,0.000,NORMAL,1,ROUTE,,,,,T1_REVERSE_TO_FORWARD
430.2715,-43.8870,-20.5574,0.000,NORMAL,1,ROUTE,,,,,T1_REVERSE_TO_FORWARD
430.3715,-43.9788,-20.5179,0.000,NORMAL,1,ROUTE,,,,,T1_REVERSE_TO_FORWARD
430.4715,-44.0708,-20.4787,0.000,NORMAL,1,ROUTE,,,,,T1_REVERSE_TO_FORWARD
430.5715,-44.1630,-20.4400,0.000,NORMAL,1,ROUTE,,,,,T1_REVERSE_TO_FORWARD
430.6714,-44.2553,-20.4016,0.000,NORMAL,1,ROUTE,,,,,T1_REVERSE_TO_FORWARD
430.7714,-44.3477,-20.3635,0.000,NORMAL,1,ROUTE,,,,,T1_REVERSE_TO_FORWARD
430.8714,-44.4402,-20.3255,0.000,NORMAL,1,ROUTE,,,,,T1_REVERSE_TO_FORWARD
430.9714,-44.5328,-20.2878,0.000,NORMAL,1,ROUTE,,,,,T1_REVERSE_TO_FORWARD
431.0713,-44.6254,-20.2501,0.000,NORMAL,1,ROUTE,,,,,T1_REVERSE_TO_FORWARD
431.1713,-44.7180,-20.2125,0.000,NORMAL,1,ROUTE,,,,,T1_REVERSE_TO_FORWARD
431.2712,-44.8106,-20.1749,0.000,NORMAL,1,ROUTE,,,,,T1_REVERSE_TO_FORWARD
431.3712,-44.9032,-20.1371,0.000,NORMAL,1,ROUTE,,,,,T1_REVERSE_TO_FORWARD
431.4712,-44.9957,-20.0992,0.000,NORMAL,1,ROUTE,,,,,T1_REVERSE_TO_FORWARD
431.5711,-45.0881,-20.0611,0.000,NORMAL,1,ROUTE,,,,,T1_REVERSE_TO_FORWARD
431.6711,-45.1804,-20.0227,0.000,NORMAL,1,ROUTE,,,,,T1_REVERSE_TO_FORWARD
431.7712,-45.2726,-19.9839,0.000,NORMAL,1,ROUTE,,,,,T1_REVERSE_TO_FORWARD
431.8711,-45.3646,-19.9449,0.000,NORMAL,1,ROUTE,,,,,T1_REVERSE_TO_FORWARD
431.9711,-45.4565,-19.9054,0.000,NORMAL,1,ROUTE,,,,,T1_REVERSE_TO_FORWARD
432.0711,-45.5482,-19.8656,0.000,NORMAL,1,ROUTE,,,,,T1_REVERSE_TO_FORWARD
432.1710,-45.6397,-19.8254,0.000,NORMAL,1,ROUTE,,,,,T1_REVERSE_TO_FORWARD
432.2710,-45.7311,-19.7848,0.000,NORMAL,1,ROUTE,,,,,T1_REVERSE_TO_FORWARD
432.3710,-45.8224,-19.7440,0.000,NORMAL,1,ROUTE,,,,,T1_REVERSE_TO_FORWARD
432.4710,-45.9135,-19.7029,0.000,NORMAL,1,ROUTE,,,,,T1_REVERSE_TO_FORWARD
432.5709,-46.0046,-19.6617,0.000,NORMAL,1,ROUTE,,,,,T1_REVERSE_TO_FORWARD
432.6710,-46.0956,-19.6202,0.000,NORMAL,1,ROUTE,,,,,T1_REVERSE_TO_FORWARD
432.7709,-46.1865,-19.5787,0.000,NORMAL,1,ROUTE,,,,,T1_REVERSE_TO_FORWARD
432.8709,-46.2775,-19.5372,0.000,NORMAL,1,ROUTE,,,,,T1_REVERSE_TO_FORWARD
432.9708,-46.3684,-19.4957,0.000,NORMAL,1,ROUTE,,,,,T1_REVERSE_TO_FORWARD
433.0708,-46.4594,-19.4543,0.000,NORMAL,1,ROUTE,,,,,T1_REVERSE_TO_FORWARD
433.1708,-46.5505,-19.4130,0.000,NORMAL,1,ROUTE,,,,,T1_REVERSE_TO_FORWARD
433.2708,-46.6416,-19.3719,0.000,NORMAL,1,ROUTE,,,,,T1_REVERSE_TO_FORWARD
433.3707,-46.7329,-19.3312,0.000,NORMAL,1,ROUTE,,,,,T1_REVERSE_TO_FORWARD
433.4707,-46.8243,-19.2907,0.000,NORMAL,1,ROUTE,,,,,T1_REVERSE_TO_FORWARD
433.5707,-46.9159,-19.2507,0.000,NORMAL,1,ROUTE,,,,,T1_REVERSE_TO_FORWARD
433.6706,-47.0077,-19.2111,0.000,NORMAL,1,ROUTE,,,,,T1_REVERSE_TO_FORWARD
433.7706,-47.0997,-19.1720,0.000,NORMAL,1,ROUTE,,,,,T1_REVERSE_TO_FORWARD
433.8706,-47.1920,-19.1334,0.000,NORMAL,1,ROUTE,,,,,T1_REVERSE_TO_FORWARD
433.9706,-47.2844,-19.0954,0.000,NORMAL,1,ROUTE,,,,,T1_REVERSE_TO_FORWARD
434.0706,-47.3771,-19.0579,0.000,NORMAL,1,ROUTE,,,,,T1_REVERSE_TO_FORWARD
434.1705,-47.4700,-19.0209,0.000,NORMAL,1,ROUTE,,,,,T1_REVERSE_TO_FORWARD
434.2705,-47.5631,-18.9844,0.000,NORMAL,1,ROUTE,,,,,T1_REVERSE_TO_FORWARD
434.3705,-47.6563,-18.9482,0.000,NORMAL,1,ROUTE,,,,,T1_REVERSE_TO_FORWARD
434.4705,-47.7496,-18.9124,0.000,NORMAL,1,ROUTE,,,,,T1_REVERSE_TO_FORWARD
434.5704,-47.8430,-18.8768,0.000,NORMAL,1,ROUTE,,,,,T1_REVERSE_TO_FORWARD
434.6704,-47.9365,-18.8414,0.000,NORMAL,1,ROUTE,,,,,T1_REVERSE_TO_FORWARD
434.7704,-48.0301,-18.8061,0.000,NORMAL,1,ROUTE,,,,,T1_REVERSE_TO_FORWARD
434.8704,-48.1236,-18.7708,0.000,NORMAL,1,ROUTE,,,,,T1_REVERSE_TO_FORWARD
434.9704,-48.2171,-18.7354,0.000,NORMAL,1,ROUTE,,,,,T1_REVERSE_TO_FORWARD
435.0703,-48.3105,-18.6998,0.000,NORMAL,1,ROUTE,,,,,T1_REVERSE_TO_FORWARD
435.1703,-48.4038,-18.6639,0.000,NORMAL,1,ROUTE,,,,,T1_REVERSE_TO_FORWARD
435.2703,-48.4970,-18.6277,0.000,NORMAL,1,ROUTE,,,,,T1_REVERSE_TO_FORWARD
435.3702,-48.5900,-18.5910,0.000,NORMAL,1,ROUTE,,,,,T1_REVERSE_TO_FORWARD
435.4702,-48.6828,-18.5538,0.000,NORMAL,1,ROUTE,,,,,T1_REVERSE_TO_FORWARD
435.5702,-48.7754,-18.5160,0.000,NORMAL,1,ROUTE,,,,,T1_REVERSE_TO_FORWARD
435.6702,-48.8677,-18.4776,0.000,NORMAL,1,ROUTE,,,,,T1_REVERSE_TO_FORWARD
435.7701,-48.9597,-18.4386,0.000,NORMAL,1,ROUTE,,,,,T1_REVERSE_TO_FORWARD
435.8701,-49.0515,-18.3990,0.000,NORMAL,1,ROUTE,,,,,T1_REVERSE_TO_FORWARD
435.9701,-49.1431,-18.3590,0.000,NORMAL,1,ROUTE,,,,,T1_REVERSE_TO_FORWARD
436.0700,-49.2345,-18.3185,0.000,NORMAL,1,ROUTE,,,,,T1_REVERSE_TO_FORWARD
436.1700,-49.3258,-18.2778,0.000,NORMAL,1,ROUTE,,,,,T1_REVERSE_TO_FORWARD
436.2700,-49.4171,-18.2369,0.000,NORMAL,1,ROUTE,,,,,T1_REVERSE_TO_FORWARD
436.3700,-49.5083,-18.1960,0.000,NORMAL,1,ROUTE,,,,,T1_REVERSE_TO_FORWARD
436.4700,-49.5996,-18.1552,0.000,NORMAL,1,ROUTE,,,,,T1_REVERSE_TO_FORWARD
436.5700,-49.6910,-18.1146,0.000,NORMAL,1,ROUTE,,,,,T1_REVERSE_TO_FORWARD
436.6700,-49.7825,-18.0743,0.000,NORMAL,1,ROUTE,,,,,T1_REVERSE_TO_FORWARD
436.7699,-49.8741,-18.0344,0.000,NORMAL,1,ROUTE,,,,,T1_REVERSE_TO_FORWARD
436.8699,-49.9659,-17.9948,0.000,NORMAL,1,ROUTE,,,,,T1_REVERSE_TO_FORWARD
436.9698,-50.0578,-17.9555,0.000,NORMAL,1,ROUTE,,,,,T1_REVERSE_TO_FORWARD
437.0698,-50.1499,-17.9166,0.000,NORMAL,1,ROUTE,,,,,T1_REVERSE_TO_FORWARD
437.1698,-50.2421,-17.8779,0.000,NORMAL,1,ROUTE,,,,,T1_REVERSE_TO_FORWARD
437.2697,-50.3343,-17.8394,0.000,NORMAL,1,ROUTE,,,,,T1_REVERSE_TO_FORWARD
437.3698,-50.4267,-17.8010,0.000,NORMAL,1,ROUTE,,,,,T1_REVERSE_TO_FORWARD
437.4698,-50.5191,-17.7628,0.000,NORMAL,1,ROUTE,,,,,T1_REVERSE_TO_FORWARD
437.5697,-50.6115,-17.7246,0.000,NORMAL,1,ROUTE,,,,,T1_REVERSE_TO_FORWARD
437.6696,-50.7038,-17.6864,0.000,NORMAL,1,ROUTE,,,,,T1_REVERSE_TO_FORWARD
437.7696,-50.7962,-17.6482,0.000,NORMAL,1,ROUTE,,,,,T1_REVERSE_TO_FORWARD
437.8696,-50.8885,-17.6098,0.000,NORMAL,1,ROUTE,,,,,T1_REVERSE_TO_FORWARD
437.9696,-50.9808,-17.5713,0.000,NORMAL,1,ROUTE,,,,,T1_REVERSE_TO_FORWARD
438.0695,-51.0730,-17.5327,0.000,NORMAL,1,ROUTE,,,,,T1_REVERSE_TO_FORWARD
438.1695,-51.1651,-17.4938,0.000,NORMAL,1,ROUTE,,,,,T1_REVERSE_TO_FORWARD
438.2695,-51.2572,-17.4548,0.000,NORMAL,1,ROUTE,,,,,T1_REVERSE_TO_FORWARD
438.3695,-51.3492,-17.4156,0.000,NORMAL,1,ROUTE,,,,,T1_REVERSE_TO_FORWARD
438.4695,-51.4411,-17.3763,0.000,NORMAL,1,ROUTE,,,,,T1_REVERSE_TO_FORWARD
438.5694,-51.5329,-17.3368,0.000,NORMAL,1,ROUTE,,,,,T1_REVERSE_TO_FORWARD
438.6694,-51.6247,-17.2973,0.000,NORMAL,1,ROUTE,,,,,T1_REVERSE_TO_FORWARD
438.7694,-51.7166,-17.2578,0.000,NORMAL,1,ROUTE,,,,,T1_REVERSE_TO_FORWARD
438.8694,-51.8085,-17.2183,0.000,NORMAL,1,ROUTE,,,,,T1_REVERSE_TO_FORWARD
438.9693,-51.9004,-17.1792,0.000,NORMAL,1,ROUTE,,,,,T1_REVERSE_TO_FORWARD
439.0693,-51.9925,-17.1403,0.000,NORMAL,1,ROUTE,,,,,T1_REVERSE_TO_FORWARD
439.1693,-52.0848,-17.1018,0.000,NORMAL,1,ROUTE,,,,,T1_REVERSE_TO_FORWARD
439.2692,-52.1773,-17.0639,0.000,NORMAL,1,ROUTE,,,,,T1_REVERSE_TO_FORWARD
439.3692,-52.2700,-17.0265,0.000,NORMAL,1,ROUTE,,,,,T1_REVERSE_TO_FORWARD
439.4692,-52.3630,-16.9897,0.000,NORMAL,1,ROUTE,,,,,T1_REVERSE_TO_FORWARD
439.5692,-52.4562,-16.9536,0.000,NORMAL,1,ROUTE,,,,,T1_REVERSE_TO_FORWARD
439.6692,-52.5497,-16.9181,0.000,NORMAL,1,ROUTE,,,,,T1_REVERSE_TO_FORWARD
439.7691,-52.6434,-16.8833,0.000,NORMAL,1,ROUTE,,,,,T1_REVERSE_TO_FORWARD
439.8691,-52.7373,-16.8490,0.000,NORMAL,1,ROUTE,,,,,T1_REVERSE_TO_FORWARD
439.9691,-52.8315,-16.8154,0.000,NORMAL,1,ROUTE,,,,,T1_REVERSE_TO_FORWARD
440.0691,-52.9258,-16.7822,0.000,NORMAL,1,ROUTE,,,,,T1_REVERSE_TO_FORWARD
440.1691,-53.0203,-16.7496,0.000,NORMAL,1,ROUTE,,,,,T1_REVERSE_TO_FORWARD
440.2690,-53.1149,-16.7174,0.000,NORMAL,1,ROUTE,,,,,T1_REVERSE_TO_FORWARD
440.3690,-53.2097,-16.6856,0.000,NORMAL,1,ROUTE,,,,,T1_REVERSE_TO_FORWARD
440.4690,-53.3046,-16.6540,0.000,NORMAL,1,ROUTE,,,,,T1_REVERSE_TO_FORWARD
440.5689,-53.3995,-16.6227,0.000,NORMAL,1,ROUTE,,,,,T1_REVERSE_TO_FORWARD
440.6689,-53.4945,-16.5915,0.000,NORMAL,1,ROUTE,,,,,T1_REVERSE_TO_FORWARD
440.7689,-53.5895,-16.5603,0.000,NORMAL,1,ROUTE,,,,,T1_REVERSE_TO_FORWARD
440.8688,-53.6844,-16.5291,0.000,NORMAL,1,ROUTE,,,,,T1_REVERSE_TO_FORWARD
440.9689,-53.7794,-16.4977,0.000,NORMAL,1,ROUTE,,,,,T1_REVERSE_TO_FORWARD
441.0688,-53.8742,-16.4661,0.000,NORMAL,1,ROUTE,,,,,T1_REVERSE_TO_FORWARD
441.1688,-53.9690,-16.4342,0.000,NORMAL,1,ROUTE,,,,,T1_REVERSE_TO_FORWARD
441.2688,-54.0636,-16.4019,0.000,NORMAL,1,ROUTE,,,,,T1_REVERSE_TO_FORWARD
441.3688,-54.1581,-16.3692,0.000,NORMAL,1,ROUTE,,,,,T1_REVERSE_TO_FORWARD
441.4688,-54.2524,-16.3360,0.000,NORMAL,1,ROUTE,,,,,T1_REVERSE_TO_FORWARD
441.5687,-54.3465,-16.3023,0.000,NORMAL,1,ROUTE,,,,,T1_REVERSE_TO_FORWARD
441.6686,-54.4404,-16.2681,0.000,NORMAL,1,ROUTE,,,,,T1_REVERSE_TO_FORWARD
441.7687,-54.5342,-16.2333,0.000,NORMAL,1,ROUTE,,,,,T1_REVERSE_TO_FORWARD
441.8686,-54.6277,-16.1980,0.000,NORMAL,1,ROUTE,,,,,T1_REVERSE_TO_FORWARD
441.9686,-54.7210,-16.1621,0.000,NORMAL,1,ROUTE,,,,,T1_REVERSE_TO_FORWARD
442.0686,-54.8141,-16.1256,0.000,NORMAL,1,ROUTE,,,,,T1_REVERSE_TO_FORWARD
442.1686,-54.9070,-16.0886,0.000,NORMAL,1,ROUTE,,,,,T1_REVERSE_TO_FORWARD
442.2685,-54.9996,-16.0510,0.000,NORMAL,1,ROUTE,,,,,T1_REVERSE_TO_FORWARD
442.3685,-55.0921,-16.0130,0.000,NORMAL,1,ROUTE,,,,,T1_REVERSE_TO_FORWARD
442.4685,-55.1843,-15.9745,0.000,NORMAL,1,ROUTE,,,,,T1_REVERSE_TO_FORWARD
442.5685,-55.2765,-15.9357,0.000,NORMAL,1,ROUTE,,,,,T1_REVERSE_TO_FORWARD
442.6684,-55.3685,-15.8966,0.000,NORMAL,1,ROUTE,,,,,T1_REVERSE_TO_FORWARD
442.7684,-55.4604,-15.8573,0.000,NORMAL,1,ROUTE,,,,,T1_REVERSE_TO_FORWARD
442.8683,-55.5523,-15.8180,0.000,NORMAL,1,ROUTE,,,,,T1_REVERSE_TO_FORWARD
442.9684,-55.6442,-15.7785,0.000,NORMAL,1,ROUTE,,,,,T1_REVERSE_TO_FORWARD
443.0683,-55.7361,-15.7392,0.000,NORMAL,1,ROUTE,,,,,T1_REVERSE_TO_FORWARD
443.1683,-55.8280,-15.6999,0.000,NORMAL,1,ROUTE,,,,,T1_REVERSE_TO_FORWARD
443.2683,-55.9200,-15.6607,0.000,NORMAL,1,ROUTE,,,,,T1_REVERSE_TO_FORWARD
443.3682,-56.0120,-15.6217,0.000,NORMAL,1,ROUTE,,,,,T1_REVERSE_TO_FORWARD
443.4682,-56.1041,-15.5828,0.000,NORMAL,1,ROUTE,,,,,T1_REVERSE_TO_FORWARD
443.5682,-56.1963,-15.5441,0.000,NORMAL,1,ROUTE,,,,,T1_REVERSE_TO_FORWARD
443.6681,-56.2885,-15.5055,0.000,NORMAL,1,ROUTE,,,,,T1_REVERSE_TO_FORWARD
443.7681,-56.3808,-15.4670,0.000,NORMAL,1,ROUTE,,,,,T1_REVERSE_TO_FORWARD
443.8681,-56.4731,-15.4286,0.000,NORMAL,1,ROUTE,,,,,T1_REVERSE_TO_FORWARD
443.9681,-56.5655,-15.3903,0.000,NORMAL,1,ROUTE,,,,,T1_REVERSE_TO_FORWARD
444.0681,-56.6578,-15.3520,0.000,NORMAL,1,ROUTE,,,,,T1_REVERSE_TO_FORWARD
444.1681,-56.7502,-15.3137,0.000,NORMAL,1,ROUTE,,,,,T1_REVERSE_TO_FORWARD
444.2681,-56.8426,-15.2755,0.000,NORMAL,1,ROUTE,,,,,T1_REVERSE_TO_FORWARD
444.3680,-56.9349,-15.2373,0.000,NORMAL,1,ROUTE,,,,,T1_REVERSE_TO_FORWARD
444.4680,-57.0273,-15.1990,0.000,NORMAL,1,ROUTE,,,,,T1_REVERSE_TO_FORWARD
444.5679,-57.1196,-15.1607,0.000,NORMAL,1,ROUTE,,,,,T1_REVERSE_TO_FORWARD
444.6679,-57.2120,-15.1224,0.000,NORMAL,1,ROUTE,,,,,T1_REVERSE_TO_FORWARD
444.7679,-57.3043,-15.0841,0.000,NORMAL,1,ROUTE,,,,,T1_REVERSE_TO_FORWARD
444.8679,-57.3967,-15.0458,0.000,NORMAL,1,ROUTE,,,,,T1_REVERSE_TO_FORWARD
444.9679,-57.4890,-15.0074,0.000,NORMAL,1,ROUTE,,,,,T1_REVERSE_TO_FORWARD
445.0678,-57.5813,-14.9691,0.000,NORMAL,1,ROUTE,,,,,T1_REVERSE_TO_FORWARD
445.1678,-57.6736,-14.9307,0.000,NORMAL,1,ROUTE,,,,,T1_REVERSE_TO_FORWARD
445.2678,-57.7660,-14.8923,0.000,NORMAL,1,ROUTE,,,,,T1_REVERSE_TO_FORWARD
445.3678,-57.8583,-14.8540,0.000,NORMAL,1,ROUTE,,,,,T1_REVERSE_TO_FORWARD
445.4677,-57.9506,-14.8156,0.000,NORMAL,1,ROUTE,,,,,T1_REVERSE_TO_FORWARD
445.5677,-58.0429,-14.7771,0.000,NORMAL,1,ROUTE,,,,,T1_REVERSE_TO_FORWARD
445.6677,-58.1352,-14.7387,0.000,NORMAL,1,ROUTE,,,,,T1_REVERSE_TO_FORWARD
445.7676,-58.2274,-14.7002,0.000,NORMAL,1,ROUTE,,,,,T1_REVERSE_TO_FORWARD
445.8676,-58.3197,-14.6617,0.000,NORMAL,1,ROUTE,,,,,T1_REVERSE_TO_FORWARD
445.9675,-58.4119,-14.6232,0.000,NORMAL,1,ROUTE,,,,,T1_REVERSE_TO_FORWARD
446.0676,-58.5042,-14.5846,0.000,NORMAL,1,ROUTE,,,,,T1_REVERSE_TO_FORWARD
446.1676,-58.5965,-14.5462,0.000,NORMAL,1,ROUTE,,,,,T1_REVERSE_TO_FORWARD
446.2675,-58.6888,-14.5078,0.000,NORMAL,1,ROUTE,,,,,T1_REVERSE_TO_FORWARD
446.3675,-58.7812,-14.4696,0.000,NORMAL,1,ROUTE,,,,,T1_REVERSE_TO_FORWARD
446.4675,-58.8737,-14.4317,0.000,NORMAL,1,ROUTE,,,,,T1_REVERSE_TO_FORWARD
446.5674,-58.9663,-14.3941,0.000,NORMAL,1,ROUTE,,,,,T1_REVERSE_TO_FORWARD
446.6674,-59.0591,-14.3569,0.000,NORMAL,1,ROUTE,,,,,T1_REVERSE_TO_FORWARD
446.7674,-59.1521,-14.3202,0.000,NORMAL,1,ROUTE,,,,,T1_REVERSE_TO_FORWARD
446.8674,-59.2453,-14.2840,0.000,NORMAL,1,ROUTE,,,,,T1_REVERSE_TO_FORWARD
446.9674,-59.3388,-14.2485,0.000,NORMAL,1,ROUTE,,,,,T1_REVERSE_TO_FORWARD
447.0674,-59.4325,-14.2136,0.000,NORMAL,1,ROUTE,,,,,T1_REVERSE_TO_FORWARD
447.1674,-59.5264,-14.1792,0.000,NORMAL,1,ROUTE,,,,,T1_REVERSE_TO_FORWARD
447.2673,-59.6205,-14.1455,0.000,NORMAL,1,ROUTE,,,,,T1_REVERSE_TO_FORWARD
447.3673,-59.7148,-14.1123,0.000,NORMAL,1,ROUTE,,,,,T1_REVERSE_TO_FORWARD
447.4672,-59.8092,-14.0796,0.000,NORMAL,1,ROUTE,,,,,T1_REVERSE_TO_FORWARD
447.5672,-59.9038,-14.0472,0.000,NORMAL,1,ROUTE,,,,,T1_REVERSE_TO_FORWARD
447.6672,-59.9986,-14.0153,0.000,NORMAL,1,ROUTE,,,,,T1_REVERSE_TO_FORWARD
447.7672,-60.0934,-13.9835,0.000,NORMAL,1,ROUTE,,,,,T1_REVERSE_TO_FORWARD
447.8671,-60.1882,-13.9520,0.000,NORMAL,1,ROUTE,,,,,T1_REVERSE_TO_FORWARD
447.9672,-60.2832,-13.9206,0.000,NORMAL,1,ROUTE,,,,,T1_REVERSE_TO_FORWARD
448.0671,-60.3781,-13.8893,0.000,NORMAL,1,ROUTE,,,,,T1_REVERSE_TO_FORWARD
448.1671,-60.4730,-13.8578,0.000,NORMAL,1,ROUTE,,,,,T1_REVERSE_TO_FORWARD
448.2671,-60.5679,-13.8263,0.000,NORMAL,1,ROUTE,,,,,T1_REVERSE_TO_FORWARD
448.3670,-60.6626,-13.7944,0.000,NORMAL,1,ROUTE,,,,,T1_REVERSE_TO_FORWARD
448.4670,-60.7573,-13.7623,0.000,NORMAL,1,ROUTE,,,,,T1_REVERSE_TO_FORWARD
448.5670,-60.8519,-13.7299,0.000,NORMAL,1,ROUTE,,,,,T1_REVERSE_TO_FORWARD
448.6669,-60.9463,-13.6970,0.000,NORMAL,1,ROUTE,,,,,T1_REVERSE_TO_FORWARD
448.7669,-61.0405,-13.6637,0.000,NORMAL,1,ROUTE,,,,,T1_REVERSE_TO_FORWARD
448.8669,-61.1347,-13.6300,0.000,NORMAL,1,ROUTE,,,,,T1_REVERSE_TO_FORWARD
448.9668,-61.2286,-13.5959,0.000,NORMAL,1,ROUTE,,,,,T1_REVERSE_TO_FORWARD
449.0668,-61.3225,-13.5614,0.000,NORMAL,1,ROUTE,,,,,T1_REVERSE_TO_FORWARD
449.1669,-61.4163,-13.5267,0.000,NORMAL,1,ROUTE,,,,,T1_REVERSE_TO_FORWARD
449.2668,-61.5099,-13.4918,0.000,NORMAL,1,ROUTE,,,,,T1_REVERSE_TO_FORWARD
449.3668,-61.6036,-13.4568,0.000,NORMAL,1,ROUTE,,,,,T1_REVERSE_TO_FORWARD
449.4667,-61.6972,-13.4217,0.000,NORMAL,1,ROUTE,,,,,T1_REVERSE_TO_FORWARD
449.5667,-61.7908,-13.3865,0.000,NORMAL,1,ROUTE,,,,,T1_REVERSE_TO_FORWARD
449.6667,-61.8844,-13.3514,0.000,NORMAL,1,ROUTE,,,,,T1_REVERSE_TO_FORWARD
449.7667,-61.9780,-13.3163,0.000,NORMAL,1,ROUTE,,,,,T1_REVERSE_TO_FORWARD
449.8667,-62.0717,-13.2813,0.000,NORMAL,1,ROUTE,,,,,T1_REVERSE_TO_FORWARD
449.9666,-62.1653,-13.2464,0.000,NORMAL,1,ROUTE,,,,,T1_REVERSE_TO_FORWARD
450.0666,-62.2590,-13.2114,0.000,NORMAL,1,ROUTE,,,,,T1_REVERSE_TO_FORWARD
450.1666,-62.3527,-13.1765,0.000,NORMAL,1,ROUTE,,,,,T1_REVERSE_TO_FORWARD
450.2665,-62.4463,-13.1416,0.000,NORMAL,1,ROUTE,,,,,T1_REVERSE_TO_FORWARD
450.3665,-62.5400,-13.1067,0.000,NORMAL,1,ROUTE,,,,,T1_REVERSE_TO_FORWARD
450.4665,-62.6337,-13.0717,0.000,NORMAL,1,ROUTE,,,,,T1_REVERSE_TO_FORWARD
450.5665,-62.7273,-13.0366,0.000,NORMAL,1,ROUTE,,,,,T1_REVERSE_TO_FORWARD
450.6664,-62.8209,-13.0016,0.000,NORMAL,1,ROUTE,,,,,T1_REVERSE_TO_FORWARD
450.7664,-62.9145,-12.9665,0.000,NORMAL,1,ROUTE,,,,,T1_REVERSE_TO_FORWARD
450.8664,-63.0082,-12.9315,0.000,NORMAL,1,ROUTE,,,,,T1_REVERSE_TO_FORWARD
450.9664,-63.1019,-12.8965,0.000,NORMAL,1,ROUTE,,,,,T1_REVERSE_TO_FORWARD
451.0664,-63.1956,-12.8617,0.000,NORMAL,1,ROUTE,,,,,T1_REVERSE_TO_FORWARD
451.1663,-63.2894,-12.8272,0.000,NORMAL,1,ROUTE,,,,,T1_REVERSE_TO_FORWARD
451.2663,-63.3833,-12.7929,0.000,NORMAL,1,ROUTE,,,,,T1_REVERSE_TO_FORWARD
451.3662,-63.4773,-12.7589,0.000,NORMAL,1,ROUTE,,,,,T1_REVERSE_TO_FORWARD
451.4663,-63.5715,-12.7253,0.000,NORMAL,1,ROUTE,,,,,T1_REVERSE_TO_FORWARD
451.5662,-63.6658,-12.6921,0.000,NORMAL,1,ROUTE,,,,,T1_REVERSE_TO_FORWARD
451.6662,-63.7602,-12.6591,0.000,NORMAL,1,ROUTE,,,,,T1_REVERSE_TO_FORWARD
451.7662,-63.8547,-12.6264,0.000,NORMAL,1,ROUTE,,,,,T1_REVERSE_TO_FORWARD
451.8661,-63.9492,-12.5940,0.000,NORMAL,1,ROUTE,,,,,T1_REVERSE_TO_FORWARD
451.9661,-64.0439,-12.5619,0.000,NORMAL,1,ROUTE,,,,,T1_REVERSE_TO_FORWARD
452.0661,-64.1386,-12.5298,0.000,NORMAL,1,ROUTE,,,,,T1_REVERSE_TO_FORWARD
452.1660,-64.2333,-12.4979,0.000,NORMAL,1,ROUTE,,,,,T1_REVERSE_TO_FORWARD
452.2660,-64.3281,-12.4661,0.000,NORMAL,1,ROUTE,,,,,T1_REVERSE_TO_FORWARD
452.3660,-64.4229,-12.4343,0.000,NORMAL,1,ROUTE,,,,,T1_REVERSE_TO_FORWARD
452.4660,-64.5177,-12.4025,0.000,NORMAL,1,ROUTE,,,,,T1_REVERSE_TO_FORWARD
452.5659,-64.6124,-12.3706,0.000,NORMAL,1,ROUTE,,,,,T1_REVERSE_TO_FORWARD
452.6660,-64.7072,-12.3387,0.000,NORMAL,1,ROUTE,,,,,T1_REVERSE_TO_FORWARD
452.7659,-64.8019,-12.3067,0.000,NORMAL,1,ROUTE,,,,,T1_REVERSE_TO_FORWARD
452.8659,-64.8966,-12.2746,0.000,NORMAL,1,ROUTE,,,,,T1_REVERSE_TO_FORWARD
452.9659,-64.9912,-12.2423,0.000,NORMAL,1,ROUTE,,,,,T1_REVERSE_TO_FORWARD
453.0658,-65.0857,-12.2098,0.000,NORMAL,1,ROUTE,,,,,T1_REVERSE_TO_FORWARD
453.1658,-65.1802,-12.1772,0.000,NORMAL,1,ROUTE,,,,,T1_REVERSE_TO_FORWARD
453.2658,-65.2747,-12.1444,0.000,NORMAL,1,ROUTE,,,,,T1_REVERSE_TO_FORWARD
453.3657,-65.3690,-12.1113,0.000,NORMAL,1,ROUTE,,,,,T1_REVERSE_TO_FORWARD
453.4658,-65.4633,-12.0780,0.000,NORMAL,1,ROUTE,,,,,T1_REVERSE_TO_FORWARD
453.5658,-65.5575,-12.0444,0.000,NORMAL,1,ROUTE,,,,,T1_REVERSE_TO_FORWARD
453.6657,-65.6515,-12.0106,0.000,NORMAL,1,ROUTE,,,,,T1_REVERSE_TO_FORWARD
453.7656,-65.7455,-11.9766,0.000,NORMAL,1,ROUTE,,,,,T1_REVERSE_TO_FORWARD
453.8656,-65.8394,-11.9422,0.000,NORMAL,1,ROUTE,,,,,T1_REVERSE_TO_FORWARD
453.9656,-65.9332,-11.9076,0.000,NORMAL,1,ROUTE,,,,,T1_REVERSE_TO_FORWARD
454.0656,-66.0269,-11.8728,0.000,NORMAL,1,ROUTE,,,,,T1_REVERSE_TO_FORWARD
454.1656,-66.1205,-11.8376,0.000,NORMAL,1,ROUTE,,,,,T1_REVERSE_TO_FORWARD
454.2656,-66.2140,-11.8021,0.000,NORMAL,1,ROUTE,,,,,T1_REVERSE_TO_FORWARD
454.3656,-66.3074,-11.7664,0.000,NORMAL,1,ROUTE,,,,,T1_REVERSE_TO_FORWARD
454.4655,-66.4007,-11.7305,0.000,NORMAL,1,ROUTE,,,,,T1_REVERSE_TO_FORWARD
454.5655,-66.4939,-11.6944,0.000,NORMAL,1,ROUTE,,,,,T1_REVERSE_TO_FORWARD
454.6654,-66.5870,-11.6580,0.000,NORMAL,1,ROUTE,,,,,T1_REVERSE_TO_FORWARD
454.7654,-66.6801,-11.6215,0.000,NORMAL,1,ROUTE,,,,,T1_REVERSE_TO_FORWARD
454.8654,-66.7731,-11.5849,0.000,NORMAL,1,ROUTE,,,,,T1_REVERSE_TO_FORWARD
454.9654,-66.8661,-11.5481,0.000,NORMAL,1,ROUTE,,,,,T1_REVERSE_TO_FORWARD
455.0653,-66.9590,-11.5113,0.000,NORMAL,1,ROUTE,,,,,T1_REVERSE_TO_FORWARD
455.1653,-67.0519,-11.4744,0.000,NORMAL,1,ROUTE,,,,,T1_REVERSE_TO_FORWARD
455.2653,-67.1448,-11.4374,0.000,NORMAL,1,ROUTE,,,,,T1_REVERSE_TO_FORWARD
455.3653,-67.2377,-11.4004,0.000,NORMAL,1,ROUTE,,,,,T1_REVERSE_TO_FORWARD
455.4653,-67.3306,-11.3634,0.000,NORMAL,1,ROUTE,,,,,T1_REVERSE_TO_FORWARD
455.5653,-67.4235,-11.3264,0.000,NORMAL,1,ROUTE,,,,,T1_REVERSE_TO_FORWARD
455.6652,-67.5164,-11.2895,0.000,NORMAL,1,ROUTE,,,,,T1_REVERSE_TO_FORWARD
455.7652,-67.6093,-11.2526,0.000,NORMAL,1,ROUTE,,,,,T1_REVERSE_TO_FORWARD
455.8651,-67.7022,-11.2158,0.000,NORMAL,1,ROUTE,,,,,T1_REVERSE_TO_FORWARD
455.9651,-67.7952,-11.1790,0.000,NORMAL,1,ROUTE,,,,,T1_REVERSE_TO_FORWARD
456.0651,-67.8882,-11.1423,0.000,NORMAL,1,ROUTE,,,,,T1_REVERSE_TO_FORWARD
456.1650,-67.9812,-11.1057,0.000,NORMAL,1,ROUTE,,,,,T1_REVERSE_TO_FORWARD
456.2650,-68.0743,-11.0692,0.000,NORMAL,1,ROUTE,,,,,T1_REVERSE_TO_FORWARD
456.3650,-68.1674,-11.0328,0.000,NORMAL,1,ROUTE,,,,,T1_REVERSE_TO_FORWARD
456.4650,-68.2605,-10.9963,0.000,NORMAL,1,ROUTE,,,,,T1_REVERSE_TO_FORWARD
456.5649,-68.3536,-10.9600,0.000,NORMAL,1,ROUTE,,,,,T1_REVERSE_TO_FORWARD
456.6650,-68.4468,-10.9236,0.000,NORMAL,1,ROUTE,,,,,T1_REVERSE_TO_FORWARD
456.7649,-68.5399,-10.8873,0.000,NORMAL,1,ROUTE,,,,,T1_REVERSE_TO_FORWARD
456.8649,-68.6330,-10.8509,0.000,NORMAL,1,ROUTE,,,,,T1_REVERSE_TO_FORWARD
456.9649,-68.7262,-10.8146,0.000,NORMAL,1,ROUTE,,,,,T1_REVERSE_TO_FORWARD
457.0649,-68.8193,-10.7782,0.000,NORMAL,1,ROUTE,,,,,T1_REVERSE_TO_FORWARD
457.1648,-68.9124,-10.7418,0.000,NORMAL,1,ROUTE,,,,,T1_REVERSE_TO_FORWARD
457.2648,-69.0055,-10.7054,0.000,NORMAL,1,ROUTE,,,,,T1_REVERSE_TO_FORWARD
457.3648,-69.0986,-10.6690,0.000,NORMAL,1,ROUTE,,,,,T1_REVERSE_TO_FORWARD
457.4647,-69.1917,-10.6326,0.000,NORMAL,1,ROUTE,,,,,T1_REVERSE_TO_FORWARD
457.5647,-69.2849,-10.5964,0.000,NORMAL,1,ROUTE,,,,,T1_REVERSE_TO_FORWARD
457.6647,-69.3781,-10.5602,0.000,NORMAL,1,ROUTE,,,,,T1_REVERSE_TO_FORWARD
457.7646,-69.4714,-10.5243,0.000,NORMAL,1,ROUTE,,,,,T1_REVERSE_TO_FORWARD
457.8646,-69.5648,-10.4886,0.000,NORMAL,1,ROUTE,,,,,T1_REVERSE_TO_FORWARD
457.9647,-69.6583,-10.4531,0.000,NORMAL,1,ROUTE,,,,,T1_REVERSE_TO_FORWARD
458.0646,-69.7519,-10.4180,0.000,NORMAL,1,ROUTE,,,,,T1_REVERSE_TO_FORWARD
458.1645,-69.8456,-10.3833,0.000,NORMAL,1,ROUTE,,,,,T1_REVERSE_TO_FORWARD
458.2645,-69.9395,-10.3490,0.000,NORMAL,1,ROUTE,,,,,T1_REVERSE_TO_FORWARD
458.3645,-70.0336,-10.3151,0.000,NORMAL,1,ROUTE,,,,,T1_REVERSE_TO_FORWARD
458.4645,-70.1278,-10.2816,0.000,NORMAL,1,ROUTE,,,,,T1_REVERSE_TO_FORWARD
458.5645,-70.2221,-10.2484,0.000,NORMAL,1,ROUTE,,,,,T1_REVERSE_TO_FORWARD
458.6644,-70.3165,-10.2156,0.000,NORMAL,1,ROUTE,,,,,T1_REVERSE_TO_FORWARD
458.7645,-70.4111,-10.1830,0.000,NORMAL,1,ROUTE,,,,,T1_REVERSE_TO_FORWARD
458.8644,-70.5057,-10.1507,0.000,NORMAL,1,ROUTE,,,,,T1_REVERSE_TO_FORWARD
458.9643,-70.6003,-10.1186,0.000,NORMAL,1,ROUTE,,,,,T1_REVERSE_TO_FORWARD
459.0643,-70.6950,-10.0865,0.000,NORMAL,1,ROUTE,,,,,T1_REVERSE_TO_FORWARD
459.1644,-70.7898,-10.0545,0.000,NORMAL,1,ROUTE,,,,,T1_REVERSE_TO_FORWARD
459.2643,-70.8845,-10.0226,0.000,NORMAL,1,ROUTE,,,,,T1_REVERSE_TO_FORWARD
459.3642,-70.9792,-9.9907,0.000,NORMAL,1,ROUTE,,,,,T1_REVERSE_TO_FORWARD
459.4643,-71.0740,-9.9588,0.000,NORMAL,1,ROUTE,,,,,T1_REVERSE_TO_FORWARD
459.5642,-71.1687,-9.9268,0.000,NORMAL,1,ROUTE,,,,,T1_REVERSE_TO_FORWARD
459.6642,-71.2634,-9.8948,0.000,NORMAL,1,ROUTE,,,,,T1_REVERSE_TO_FORWARD
459.7642,-71.3582,-9.8629,0.000,NORMAL,1,ROUTE,,,,,T1_REVERSE_TO_FORWARD
459.8642,-71.4529,-9.8309,0.000,NORMAL,1,ROUTE,,,,,T1_REVERSE_TO_FORWARD
459.9641,-71.5476,-9.7989,0.000,NORMAL,1,ROUTE,,,,,T1_REVERSE_TO_FORWARD
460.0641,-71.6423,-9.7669,0.000,NORMAL,1,ROUTE,,,,,T1_REVERSE_TO_FORWARD
460.1640,-71.7370,-9.7349,0.000,NORMAL,1,ROUTE,,,,,T1_REVERSE_TO_FORWARD
460.2640,-71.8317,-9.7028,0.000,NORMAL,1,ROUTE,,,,,T1_REVERSE_TO_FORWARD
460.3640,-71.9264,-9.6707,0.000,NORMAL,1,ROUTE,,,,,T1_REVERSE_TO_FORWARD
460.4640,-72.0210,-9.6385,0.000,NORMAL,1,ROUTE,,,,,T1_REVERSE_TO_FORWARD
460.5640,-72.1156,-9.6061,0.000,NORMAL,1,ROUTE,,,,,T1_REVERSE_TO_FORWARD
460.6640,-72.2101,-9.5734,0.000,NORMAL,1,ROUTE,,,,,T1_REVERSE_TO_FORWARD
460.7639,-72.3045,-9.5405,0.000,NORMAL,1,ROUTE,,,,,T1_REVERSE_TO_FORWARD
460.8639,-72.3987,-9.5070,0.000,NORMAL,1,ROUTE,,,,,T1_REVERSE_TO_FORWARD
460.9639,-72.4928,-9.4731,0.000,NORMAL,1,ROUTE,,,,,T1_REVERSE_TO_FORWARD
461.0638,-72.5866,-9.4387,0.000,NORMAL,1,ROUTE,,,,,T1_REVERSE_TO_FORWARD
461.1638,-72.6802,-9.4036,0.000,NORMAL,1,ROUTE,,,,,T1_REVERSE_TO_FORWARD
461.2637,-72.7736,-9.3680,0.000,NORMAL,1,ROUTE,,,,,T1_REVERSE_TO_FORWARD
461.3638,-72.8668,-9.3317,0.000,NORMAL,1,ROUTE,,,,,T1_REVERSE_TO_FORWARD
461.4637,-72.9598,-9.2950,0.000,NORMAL,1,ROUTE,,,,,T1_REVERSE_TO_FORWARD
461.5637,-73.0526,-9.2578,0.000,NORMAL,1,ROUTE,,,,,T1_REVERSE_TO_FORWARD
461.6637,-73.1454,-9.2205,0.000,NORMAL,1,ROUTE,,,,,T1_REVERSE_TO_FORWARD
461.7637,-73.2381,-9.1831,0.000,NORMAL,1,ROUTE,,,,,T1_REVERSE_TO_FORWARD
461.8637,-73.3309,-9.1459,0.000,NORMAL,1,ROUTE,,,,,T1_REVERSE_TO_FORWARD
461.9636,-73.4238,-9.1090,0.000,NORMAL,1,ROUTE,,,,,T1_REVERSE_TO_FORWARD
462.0636,-73.5169,-9.0727,0.000,NORMAL,1,ROUTE,,,,,T1_REVERSE_TO_FORWARD
462.1635,-73.6103,-9.0371,0.000,NORMAL,1,ROUTE,,,,,T1_REVERSE_TO_FORWARD
462.2636,-73.7041,-9.0023,0.000,NORMAL,1,ROUTE,,,,,T1_REVERSE_TO_FORWARD
462.3635,-73.7982,-8.9686,0.000,NORMAL,1,ROUTE,,,,,T1_REVERSE_TO_FORWARD
462.4635,-73.8927,-8.9359,0.000,NORMAL,1,ROUTE,,,,,T1_REVERSE_TO_FORWARD
462.5635,-73.9875,-8.9042,0.000,NORMAL,1,ROUTE,,,,,T1_REVERSE_TO_FORWARD
462.6635,-74.0827,-8.8736,0.000,NORMAL,1,ROUTE,,,,,T1_REVERSE_TO_FORWARD
462.7634,-74.1781,-8.8439,0.000,NORMAL,1,ROUTE,,,,,T1_REVERSE_TO_FORWARD
462.8634,-74.2739,-8.8151,0.000,NORMAL,1,ROUTE,,,,,T1_REVERSE_TO_FORWARD
462.9634,-74.3698,-8.7869,0.000,NORMAL,1,ROUTE,,,,,T1_REVERSE_TO_FORWARD
463.0634,-74.4659,-8.7593,0.000,NORMAL,1,ROUTE,,,,,T1_REVERSE_TO_FORWARD
463.1633,-74.5621,-8.7322,0.000,NORMAL,1,ROUTE,,,,,T1_REVERSE_TO_FORWARD
463.2633,-74.6584,-8.7054,0.000,NORMAL,1,ROUTE,,,,,T1_REVERSE_TO_FORWARD
463.3632,-74.7548,-8.6790,0.000,NORMAL,1,ROUTE,,,,,T1_REVERSE_TO_FORWARD
463.4632,-74.8513,-8.6527,0.000,NORMAL,1,ROUTE,,,,,T1_REVERSE_TO_FORWARD
463.5632,-74.9478,-8.6267,0.000,NORMAL,1,ROUTE,,,,,T1_REVERSE_TO_FORWARD
463.6632,-75.0444,-8.6008,0.000,NORMAL,1,ROUTE,,,,,T1_REVERSE_TO_FORWARD
463.7632,-75.1410,-8.5750,0.000,NORMAL,1,ROUTE,,,,,T1_REVERSE_TO_FORWARD
463.8631,-75.2376,-8.5494,0.000,NORMAL,1,ROUTE,,,,,T1_REVERSE_TO_FORWARD
463.9631,-75.3343,-8.5240,0.000,NORMAL,1,ROUTE,,,,,T1_REVERSE_TO_FORWARD
464.0631,-75.4311,-8.4989,0.000,NORMAL,1,ROUTE,,,,,T1_REVERSE_TO_FORWARD
464.1631,-75.5279,-8.4740,0.000,NORMAL,1,ROUTE,,,,,T1_REVERSE_TO_FORWARD
464.2630,-75.6248,-8.4494,0.000,NORMAL,1,ROUTE,,,,,T1_REVERSE_TO_FORWARD
464.3630,-75.7218,-8.4252,0.000,NORMAL,1,ROUTE,,,,,T1_REVERSE_TO_FORWARD
464.4630,-75.8190,-8.4016,0.000,NORMAL,1,ROUTE,,,,,T1_REVERSE_TO_FORWARD
464.5630,-75.9162,-8.3784,0.000,NORMAL,1,ROUTE,,,,,T1_REVERSE_TO_FORWARD
464.6629,-76.0136,-8.3559,0.000,NORMAL,1,ROUTE,,,,,T1_REVERSE_TO_FORWARD
464.7629,-76.1112,-8.3342,0.000,NORMAL,1,ROUTE,,,,,T1_REVERSE_TO_FORWARD
464.8629,-76.2090,-8.3132,0.000,NORMAL,1,ROUTE,,,,,T1_REVERSE_TO_FORWARD
464.9629,-76.3069,-8.2931,0.000,NORMAL,1,ROUTE,,,,,T1_REVERSE_TO_FORWARD
465.0629,-76.4050,-8.2738,0.000,NORMAL,1,ROUTE,,,,,T1_REVERSE_TO_FORWARD
465.1628,-76.5033,-8.2555,0.000,NORMAL,1,ROUTE,,,,,T1_REVERSE_TO_FORWARD
465.2628,-76.6017,-8.2380,0.000,NORMAL,1,ROUTE,,,,,T1_REVERSE_TO_FORWARD
465.3628,-76.7003,-8.2214,0.000,NORMAL,1,ROUTE,,,,,T1_REVERSE_TO_FORWARD
465.4627,-76.7990,-8.2056,0.000,NORMAL,1,ROUTE,,,,,T1_REVERSE_TO_FORWARD
465.5627,-76.8978,-8.1905,0.000,NORMAL,1,ROUTE,,,,,T1_REVERSE_TO_FORWARD
465.6627,-76.9968,-8.1762,0.000,NORMAL,1,ROUTE,,,,,T1_REVERSE_TO_FORWARD
465.7626,-77.0958,-8.1626,0.000,NORMAL,1,ROUTE,,,,,T1_REVERSE_TO_FORWARD
465.8627,-77.1950,-8.1497,0.000,NORMAL,1,ROUTE,,,,,T1_REVERSE_TO_FORWARD
465.9626,-77.2942,-8.1376,0.000,NORMAL,1,ROUTE,,,,,T1_REVERSE_TO_FORWARD
466.0626,-77.3935,-8.1262,0.000,NORMAL,1,ROUTE,,,,,T1_REVERSE_TO_FORWARD
466.1626,-77.4930,-8.1157,0.000,NORMAL,1,ROUTE,,,,,T1_REVERSE_TO_FORWARD
466.2626,-77.5925,-8.1059,0.000,NORMAL,1,ROUTE,,,,,T1_REVERSE_TO_FORWARD
466.3625,-77.6920,-8.0970,0.000,NORMAL,1,ROUTE,,,,,T1_REVERSE_TO_FORWARD
466.4625,-77.7917,-8.0889,0.000,NORMAL,1,ROUTE,,,,,T1_REVERSE_TO_FORWARD
466.5625,-77.8914,-8.0817,0.000,NORMAL,1,ROUTE,,,,,T1_REVERSE_TO_FORWARD
466.6625,-77.9912,-8.0754,0.000,NORMAL,1,ROUTE,,,,,T1_REVERSE_TO_FORWARD
466.7624,-78.0910,-8.0702,0.000,NORMAL,1,ROUTE,,,,,T1_REVERSE_TO_FORWARD
466.8624,-78.1909,-8.0660,0.000,NORMAL,1,ROUTE,,,,,T1_REVERSE_TO_FORWARD
466.9623,-78.2908,-8.0630,0.000,NORMAL,1,ROUTE,,,,,T1_REVERSE_TO_FORWARD
467.0624,-78.3908,-8.0613,0.000,NORMAL,1,ROUTE,,,,,T1_REVERSE_TO_FORWARD
467.1624,-78.4908,-8.0609,0.000,NORMAL,1,ROUTE,,,,,T1_REVERSE_TO_FORWARD
467.2623,-78.5907,-8.0619,0.000,NORMAL,1,ROUTE,,,,,T1_REVERSE_TO_FORWARD
467.3623,-78.6907,-8.0644,0.000,NORMAL,1,ROUTE,,,,,T1_REVERSE_TO_FORWARD
467.4623,-78.7906,-8.0684,0.000,NORMAL,1,ROUTE,,,,,T1_REVERSE_TO_FORWARD
467.5622,-78.8904,-8.0738,0.000,NORMAL,1,ROUTE,,,,,T1_REVERSE_TO_FORWARD
467.6622,-78.9901,-8.0806,0.000,NORMAL,1,ROUTE,,,,,T1_REVERSE_TO_FORWARD
467.7622,-79.0898,-8.0887,0.000,NORMAL,1,ROUTE,,,,,T1_REVERSE_TO_FORWARD
467.8621,-79.1893,-8.0981,0.000,NORMAL,1,ROUTE,,,,,T1_REVERSE_TO_FORWARD
467.9621,-79.2887,-8.1088,0.000,NORMAL,1,ROUTE,,,,,T1_REVERSE_TO_FORWARD
468.0621,-79.3880,-8.1209,0.000,NORMAL,1,ROUTE,,,,,T1_REVERSE_TO_FORWARD
468.1621,-79.4870,-8.1344,0.000,NORMAL,1,ROUTE,,,,,T1_REVERSE_TO_FORWARD
468.2621,-79.5859,-8.1495,0.000,NORMAL,1,ROUTE,,,,,T1_REVERSE_TO_FORWARD
468.3620,-79.6844,-8.1662,0.000,NORMAL,1,ROUTE,,,,,T1_REVERSE_TO_FORWARD
468.4619,-79.7826,-8.1848,0.000,NORMAL,1,ROUTE,,,,,T1_REVERSE_TO_FORWARD
468.5619,-79.8804,-8.2056,0.000,NORMAL,1,ROUTE,,,,,T1_REVERSE_TO_FORWARD
468.6619,-79.9777,-8.2287,0.000,NORMAL,1,ROUTE,,,,,T1_REVERSE_TO_FORWARD
468.7619,-80.0743,-8.2544,0.000,NORMAL,1,ROUTE,,,,,T1_REVERSE_TO_FORWARD
468.8619,-80.1701,-8.2829,0.000,NORMAL,1,ROUTE,,,,,T1_REVERSE_TO_FORWARD
468.9618,-80.2650,-8.3144,0.000,NORMAL,1,ROUTE,,,,,T1_REVERSE_TO_FORWARD
469.0618,-80.3588,-8.3489,0.000,NORMAL,1,ROUTE,,,,,T1_REVERSE_TO_FORWARD
469.1618,-80.4515,-8.3864,0.000,NORMAL,1,ROUTE,,,,,T1_REVERSE_TO_FORWARD
469.2618,-80.5431,-8.4265,0.000,NORMAL,1,ROUTE,,,,,T1_REVERSE_TO_FORWARD
469.3618,-80.6335,-8.4692,0.000,NORMAL,1,ROUTE,,,,,T1_REVERSE_TO_FORWARD
469.4617,-80.7228,-8.5141,0.000,NORMAL,1,ROUTE,,,,,T1_REVERSE_TO_FORWARD
469.5617,-80.8112,-8.5609,0.000,NORMAL,1,ROUTE,,,,,T1_REVERSE_TO_FORWARD
469.6617,-80.8986,-8.6094,0.000,NORMAL,1,ROUTE,,,,,T1_REVERSE_TO_FORWARD
469.7616,-80.9852,-8.6593,0.000,NORMAL,1,ROUTE,,,,,T1_REVERSE_TO_FORWARD
469.8616,-81.0710,-8.7106,0.000,NORMAL,1,ROUTE,,,,,T1_REVERSE_TO_FORWARD
469.9616,-81.1562,-8.7629,0.000,NORMAL,1,ROUTE,,,,,T1_REVERSE_TO_FORWARD
470.0616,-81.2408,-8.8162,0.000,NORMAL,1,ROUTE,,,,,T1_REVERSE_TO_FORWARD
470.1615,-81.3249,-8.8702,0.000,NORMAL,1,ROUTE,,,,,T1_REVERSE_TO_FORWARD
470.2615,-81.4086,-8.9250,0.000,NORMAL,1,ROUTE,,,,,T1_REVERSE_TO_FORWARD
470.3615,-81.4918,-8.9803,0.000,NORMAL,1,ROUTE,,,,,T1_REVERSE_TO_FORWARD
470.4615,-81.5748,-9.0362,0.000,NORMAL,1,ROUTE,,,,,T1_REVERSE_TO_FORWARD
470.5614,-81.6574,-9.0924,0.000,NORMAL,1,ROUTE,,,,,T1_REVERSE_TO_FORWARD
470.6614,-81.7399,-9.1489,0.000,NORMAL,1,ROUTE,,,,,T1_REVERSE_TO_FORWARD
470.7613,-81.8221,-9.2057,0.000,NORMAL,1,ROUTE,,,,,T1_REVERSE_TO_FORWARD
470.8614,-81.9043,-9.2628,0.000,NORMAL,1,ROUTE,,,,,T1_REVERSE_TO_FORWARD
470.9613,-81.9862,-9.3200,0.000,NORMAL,1,ROUTE,,,,,T1_REVERSE_TO_FORWARD
471.0613,-82.0680,-9.3775,0.000,NORMAL,1,ROUTE,,,,,T1_REVERSE_TO_FORWARD
471.1613,-82.1497,-9.4351,0.000,NORMAL,1,ROUTE,,,,,T1_REVERSE_TO_FORWARD
471.2613,-82.2313,-9.4929,0.000,NORMAL,1,ROUTE,,,,,T1_REVERSE_TO_FORWARD
471.3612,-82.3127,-9.5509,0.000,NORMAL,1,ROUTE,,,,,T1_REVERSE_TO_FORWARD
471.4612,-82.3940,-9.6091,0.000,NORMAL,1,ROUTE,,,,,T1_REVERSE_TO_FORWARD
471.5612,-82.4752,-9.6675,0.000,NORMAL,1,ROUTE,,,,,T1_REVERSE_TO_FORWARD
471.6612,-82.5561,-9.7262,0.000,NORMAL,1,ROUTE,,,,,T1_REVERSE_TO_FORWARD
471.7612,-82.6369,-9.7851,0.000,NORMAL,1,ROUTE,,,,,T1_REVERSE_TO_FORWARD
471.8611,-82.7174,-9.8443,0.000,NORMAL,1,ROUTE,,,,,T1_REVERSE_TO_FORWARD
471.9610,-82.7977,-9.9038,0.000,NORMAL,1,ROUTE,,,,,T1_REVERSE_TO_FORWARD
472.0610,-82.8778,-9.9637,0.000,NORMAL,1,ROUTE,,,,,T1_REVERSE_TO_FORWARD
472.1610,-82.9575,-10.0240,0.000,NORMAL,1,ROUTE,,,,,T1_REVERSE_TO_FORWARD
472.2610,-83.0370,-10.0847,0.000,NORMAL,1,ROUTE,,,,,T1_REVERSE_TO_FORWARD
472.3610,-83.1161,-10.1458,0.000,NORMAL,1,ROUTE,,,,,T1_REVERSE_TO_FORWARD
472.4610,-83.1949,-10.2074,0.000,NORMAL,1,ROUTE,,,,,T1_REVERSE_TO_FORWARD
472.5610,-83.2734,-10.2693,0.000,NORMAL,1,ROUTE,,,,,T1_REVERSE_TO_FORWARD
472.6609,-83.3516,-10.3316,0.000,NORMAL,1,ROUTE,,,,,T1_REVERSE_TO_FORWARD
472.7609,-83.4294,-10.3943,0.000,NORMAL,1,ROUTE,,,,,T1_REVERSE_TO_FORWARD
472.8609,-83.5070,-10.4574,0.000,NORMAL,1,ROUTE,,,,,T1_REVERSE_TO_FORWARD
472.9608,-83.5841,-10.5210,0.000,NORMAL,1,ROUTE,,,,,T1_REVERSE_TO_FORWARD
473.0608,-83.6610,-10.5849,0.000,NORMAL,1,ROUTE,,,,,T1_REVERSE_TO_FORWARD
473.1608,-83.7375,-10.6493,0.000,NORMAL,1,ROUTE,,,,,T1_REVERSE_TO_FORWARD
473.2608,-83.8136,-10.7141,0.000,NORMAL,1,ROUTE,,,,,T1_REVERSE_TO_FORWARD
473.3607,-83.8895,-10.7792,0.000,NORMAL,1,ROUTE,,,,,T1_REVERSE_TO_FORWARD
473.4607,-83.9649,-10.8448,0.000,NORMAL,1,ROUTE,,,,,T1_REVERSE_TO_FORWARD
473.5607,-84.0401,-10.9108,0.000,NORMAL,1,ROUTE,,,,,T1_REVERSE_TO_FORWARD
473.6607,-84.1149,-10.9771,0.000,NORMAL,1,ROUTE,,,,,T1_REVERSE_TO_FORWARD
473.7606,-84.1893,-11.0438,0.000,NORMAL,1,ROUTE,,,,,T1_REVERSE_TO_FORWARD
473.8607,-84.2635,-11.1109,0.000,NORMAL,1,ROUTE,,,,,T1_REVERSE_TO_FORWARD
473.9606,-84.3373,-11.1783,0.000,NORMAL,1,ROUTE,,,,,T1_REVERSE_TO_FORWARD
474.0606,-84.4107,-11.2462,0.000,NORMAL,1,ROUTE,,,,,T1_REVERSE_TO_FORWARD
474.1606,-84.4837,-11.3145,0.000,NORMAL,1,ROUTE,,,,,T1_REVERSE_TO_FORWARD
474.2605,-84.5562,-11.3833,0.000,NORMAL,1,ROUTE,,,,,T1_REVERSE_TO_FORWARD
474.3605,-84.6284,-11.4525,0.000,NORMAL,1,ROUTE,,,,,T1_REVERSE_TO_FORWARD
474.4605,-84.7001,-11.5222,0.000,NORMAL,1,ROUTE,,,,,T1_REVERSE_TO_FORWARD
474.5604,-84.7713,-11.5923,0.000,NORMAL,1,ROUTE,,,,,T1_REVERSE_TO_FORWARD
474.6604,-84.8420,-11.6630,0.000,NORMAL,1,ROUTE,,,,,T1_REVERSE_TO_FORWARD
474.7604,-84.9122,-11.7342,0.000,NORMAL,1,ROUTE,,,,,T1_REVERSE_TO_FORWARD
474.8604,-84.9819,-11.8059,0.000,NORMAL,1,ROUTE,,,,,T1_REVERSE_TO_FORWARD
474.9603,-85.0509,-11.8782,0.000,NORMAL,1,ROUTE,,,,,T1_REVERSE_TO_FORWARD
475.0604,-85.1194,-11.9511,0.000,NORMAL,1,ROUTE,,,,,T1_REVERSE_TO_FORWARD
475.1603,-85.1871,-12.0246,0.000,NORMAL,1,ROUTE,,,,,T1_REVERSE_TO_FORWARD
475.2603,-85.2540,-12.0989,0.000,NORMAL,1,ROUTE,,,,,T1_REVERSE_TO_FORWARD
475.3603,-85.3201,-12.1739,0.000,NORMAL,1,ROUTE,,,,,T1_REVERSE_TO_FORWARD
475.4602,-85.3854,-12.2496,0.000,NORMAL,1,ROUTE,,,,,T1_REVERSE_TO_FORWARD
475.5602,-85.4497,-12.3261,0.000,NORMAL,1,ROUTE,,,,,T1_REVERSE_TO_FORWARD
475.6601,-85.5131,-12.4034,0.000,NORMAL,1,ROUTE,,,,,T1_REVERSE_TO_FORWARD
475.7601,-85.5755,-12.4815,0.000,NORMAL,1,ROUTE,,,,,T1_REVERSE_TO_FORWARD
475.8601,-85.6368,-12.5605,0.000,NORMAL,1,ROUTE,,,,,T1_REVERSE_TO_FORWARD
475.9601,-85.6970,-12.6403,0.000,NORMAL,1,ROUTE,,,,,T1_REVERSE_TO_FORWARD
476.0601,-85.7560,-12.7211,0.000,NORMAL,1,ROUTE,,,,,T1_REVERSE_TO_FORWARD
476.1600,-85.8136,-12.8027,0.000,NORMAL,1,ROUTE,,,,,T1_REVERSE_TO_FORWARD
476.2600,-85.8700,-12.8853,0.000,NORMAL,1,ROUTE,,,,,T1_REVERSE_TO_FORWARD
476.3600,-85.9250,-12.9688,0.000,NORMAL,1,ROUTE,,,,,T1_REVERSE_TO_FORWARD
476.4599,-85.9787,-13.0531,0.000,NORMAL,1,ROUTE,,,,,T1_REVERSE_TO_FORWARD
476.5600,-86.0313,-13.1382,0.000,NORMAL,1,ROUTE,,,,,T1_REVERSE_TO_FORWARD
476.6599,-86.0827,-13.2239,0.000,NORMAL,1,ROUTE,,,,,T1_REVERSE_TO_FORWARD
476.7599,-86.1333,-13.3101,0.000,NORMAL,1,ROUTE,,,,,T1_REVERSE_TO_FORWARD
476.8599,-86.1831,-13.3968,0.000,NORMAL,1,ROUTE,,,,,T1_REVERSE_TO_FORWARD
476.9599,-86.2324,-13.4838,0.000,NORMAL,1,ROUTE,,,,,T1_REVERSE_TO_FORWARD
477.0598,-86.2811,-13.5711,0.000,NORMAL,1,ROUTE,,,,,T1_REVERSE_TO_FORWARD
477.1598,-86.3295,-13.6586,0.000,NORMAL,1,ROUTE,,,,,T1_REVERSE_TO_FORWARD
477.2597,-86.3776,-13.7462,0.000,NORMAL,1,ROUTE,,,,,T1_REVERSE_TO_FORWARD
477.3597,-86.4256,-13.8339,0.000,NORMAL,1,ROUTE,,,,,T1_REVERSE_TO_FORWARD
477.4597,-86.4735,-13.9217,0.000,NORMAL,1,ROUTE,,,,,T1_REVERSE_TO_FORWARD
477.5597,-86.5212,-14.0095,0.000,NORMAL,1,ROUTE,,,,,T1_REVERSE_TO_FORWARD
477.6597,-86.5689,-14.0974,0.000,NORMAL,1,ROUTE,,,,,T1_REVERSE_TO_FORWARD
477.7596,-86.6164,-14.1853,0.000,NORMAL,1,ROUTE,,,,,T1_REVERSE_TO_FORWARD
477.8596,-86.6638,-14.2734,0.000,NORMAL,1,ROUTE,,,,,T1_REVERSE_TO_FORWARD
477.9595,-86.7109,-14.3615,0.000,NORMAL,1,ROUTE,,,,,T1_REVERSE_TO_FORWARD
478.0596,-86.7578,-14.4499,0.000,NORMAL,1,ROUTE,,,,,T1_REVERSE_TO_FORWARD
478.1595,-86.8044,-14.5383,0.000,NORMAL,1,ROUTE,,,,,T1_REVERSE_TO_FORWARD
478.2595,-86.8506,-14.6270,0.000,NORMAL,1,ROUTE,,,,,T1_REVERSE_TO_FORWARD
478.3595,-86.8964,-14.7158,0.000,NORMAL,1,ROUTE,,,,,T1_REVERSE_TO_FORWARD
478.4595,-86.9419,-14.8049,0.000,NORMAL,1,ROUTE,,,,,T1_REVERSE_TO_FORWARD
478.5595,-86.9870,-14.8941,0.000,NORMAL,1,ROUTE,,,,,T1_REVERSE_TO_FORWARD
478.6594,-87.0318,-14.9834,0.000,NORMAL,1,ROUTE,,,,,T1_REVERSE_TO_FORWARD
478.7594,-87.0763,-15.0730,0.000,NORMAL,1,ROUTE,,,,,T1_REVERSE_TO_FORWARD
478.8594,-87.1206,-15.1626,0.000,NORMAL,1,ROUTE,,,,,T1_REVERSE_TO_FORWARD
478.9593,-87.1645,-15.2524,0.000,NORMAL,1,ROUTE,,,,,T1_REVERSE_TO_FORWARD
479.0593,-87.2083,-15.3423,0.000,NORMAL,1,ROUTE,,,,,T1_REVERSE_TO_FORWARD
479.1593,-87.2519,-15.4323,0.000,NORMAL,1,ROUTE,,,,,T1_REVERSE_TO_FORWARD
479.2592,-87.2953,-15.5223,0.000,NORMAL,1,ROUTE,,,,,T1_REVERSE_TO_FORWARD
479.3592,-87.3387,-15.6124,0.000,NORMAL,1,ROUTE,,,,,T1_REVERSE_TO_FORWARD
479.4592,-87.3819,-15.7025,0.000,NORMAL,1,ROUTE,,,,,T1_REVERSE_TO_FORWARD
479.5592,-87.4251,-15.7927,0.000,NORMAL,1,ROUTE,,,,,T1_REVERSE_TO_FORWARD
479.6592,-87.4683,-15.8829,0.000,NORMAL,1,ROUTE,,,,,T1_REVERSE_TO_FORWARD
479.7591,-87.5115,-15.9730,0.000,NORMAL,1,ROUTE,,,,,T1_REVERSE_TO_FORWARD
479.8591,-87.5548,-16.0631,0.000,NORMAL,1,ROUTE,,,,,T1_REVERSE_TO_FORWARD
479.9591,-87.5981,-16.1533,0.000,NORMAL,1,ROUTE,,,,,T1_REVERSE_TO_FORWARD
480.0591,-87.6414,-16.2434,0.000,NORMAL,1,ROUTE,,,,,T1_REVERSE_TO_FORWARD
480.1591,-87.6847,-16.3335,0.000,NORMAL,1,ROUTE,,,,,T1_REVERSE_TO_FORWARD
480.2590,-87.7280,-16.4236,0.000,NORMAL,1,ROUTE,,,,,T1_REVERSE_TO_FORWARD
480.3590,-87.7713,-16.5137,0.000,NORMAL,1,ROUTE,,,,,T1_REVERSE_TO_FORWARD
480.4589,-87.8146,-16.6038,0.000,NORMAL,1,ROUTE,,,,,T1_REVERSE_TO_FORWARD
480.5589,-87.8577,-16.6940,0.000,NORMAL,1,ROUTE,,,,,T1_REVERSE_TO_FORWARD
480.6589,-87.9006,-16.7843,0.000,NORMAL,1,ROUTE,,,,,T1_REVERSE_TO_FORWARD
480.7589,-87.9433,-16.8747,0.000,NORMAL,1,ROUTE,,,,,T1_REVERSE_TO_FORWARD
480.8588,-87.9858,-16.9652,0.000,NORMAL,1,ROUTE,,,,,T1_REVERSE_TO_FORWARD
480.9588,-88.0280,-17.0558,0.000,NORMAL,1,ROUTE,,,,,T1_REVERSE_TO_FORWARD
481.0588,-88.0699,-17.1466,0.000,NORMAL,1,ROUTE,,,,,T1_REVERSE_TO_FORWARD
481.1588,-88.1115,-17.2375,0.000,NORMAL,1,ROUTE,,,,,T1_REVERSE_TO_FORWARD
481.2587,-88.1529,-17.3285,0.000,NORMAL,1,ROUTE,,,,,T1_REVERSE_TO_FORWARD
481.3587,-88.1939,-17.4197,0.000,NORMAL,1,ROUTE,,,,,T1_REVERSE_TO_FORWARD
481.4587,-88.2348,-17.5109,0.000,NORMAL,1,ROUTE,,,,,T1_REVERSE_TO_FORWARD
481.5587,-88.2755,-17.6023,0.000,NORMAL,1,ROUTE,,,,,T1_REVERSE_TO_FORWARD
481.6587,-88.3160,-17.6937,0.000,NORMAL,1,ROUTE,,,,,T1_REVERSE_TO_FORWARD
481.7586,-88.3563,-17.7851,0.000,NORMAL,1,ROUTE,,,,,T1_REVERSE_TO_FORWARD
481.8587,-88.3966,-17.8767,0.000,NORMAL,1,ROUTE,,,,,T1_REVERSE_TO_FORWARD
481.9586,-88.4367,-17.9682,0.000,NORMAL,1,ROUTE,,,,,T1_REVERSE_TO_FORWARD
482.0586,-88.4768,-18.0598,0.000,NORMAL,1,ROUTE,,,,,T1_REVERSE_TO_FORWARD
482.1585,-88.5168,-18.1514,0.000,NORMAL,1,ROUTE,,,,,T1_REVERSE_TO_FORWARD
482.2586,-88.5568,-18.2431,0.000,NORMAL,1,ROUTE,,,,,T1_REVERSE_TO_FORWARD
482.3585,-88.5967,-18.3347,0.000,NORMAL,1,ROUTE,,,,,T1_REVERSE_TO_FORWARD
482.4584,-88.6365,-18.4264,0.000,NORMAL,1,ROUTE,,,,,T1_REVERSE_TO_FORWARD
482.5584,-88.6763,-18.5181,0.000,NORMAL,1,ROUTE,,,,,T1_REVERSE_TO_FORWARD
482.6584,-88.7160,-18.6099,0.000,NORMAL,1,ROUTE,,,,,T1_REVERSE_TO_FORWARD
482.7584,-88.7557,-18.7017,0.000,NORMAL,1,ROUTE,,,,,T1_REVERSE_TO_FORWARD
482.8583,-88.7953,-18.7934,0.000,NORMAL,1,ROUTE,,,,,T1_REVERSE_TO_FORWARD
482.9584,-88.8349,-18.8853,0.000,NORMAL,1,ROUTE,,,,,T1_REVERSE_TO_FORWARD
483.0583,-88.8744,-18.9771,0.000,NORMAL,1,ROUTE,,,,,T1_REVERSE_TO_FORWARD
483.1583,-88.9138,-19.0690,0.000,NORMAL,1,ROUTE,,,,,T1_REVERSE_TO_FORWARD
483.2583,-88.9533,-19.1608,0.000,NORMAL,1,ROUTE,,,,,T1_REVERSE_TO_FORWARD
483.3583,-88.9928,-19.2527,0.000,NORMAL,1,ROUTE,,,,,T1_REVERSE_TO_FORWARD
483.4582,-89.0323,-19.3445,0.000,NORMAL,1,ROUTE,,,,,T1_REVERSE_TO_FORWARD
483.5582,-89.0718,-19.4363,0.000,NORMAL,1,ROUTE,,,,,T1_REVERSE_TO_FORWARD
483.6582,-89.1115,-19.5281,0.000,NORMAL,1,ROUTE,,,,,T1_REVERSE_TO_FORWARD
483.7581,-89.1512,-19.6198,0.000,NORMAL,1,ROUTE,,,,,T1_REVERSE_TO_FORWARD
483.8581,-89.1910,-19.7115,0.000,NORMAL,1,ROUTE,,,,,T1_REVERSE_TO_FORWARD
483.9581,-89.2310,-19.8032,0.000,NORMAL,1,ROUTE,,,,,T1_REVERSE_TO_FORWARD
484.0580,-89.2711,-19.8947,0.000,NORMAL,1,ROUTE,,,,,T1_REVERSE_TO_FORWARD
484.1581,-89.3114,-19.9863,0.000,NORMAL,1,ROUTE,,,,,T1_REVERSE_TO_FORWARD
484.2580,-89.3518,-20.0777,0.000,NORMAL,1,ROUTE,,,,,T1_REVERSE_TO_FORWARD
484.3580,-89.3923,-20.1691,0.000,NORMAL,1,ROUTE,,,,,T1_REVERSE_TO_FORWARD
484.4579,-89.4330,-20.2604,0.000,NORMAL,1,ROUTE,,,,,T1_REVERSE_TO_FORWARD
484.5579,-89.4738,-20.3517,0.000,NORMAL,1,ROUTE,,,,,T1_REVERSE_TO_FORWARD
484.6579,-89.5146,-20.4430,0.000,NORMAL,1,ROUTE,,,,,T1_REVERSE_TO_FORWARD
484.7579,-89.5556,-20.5342,0.000,NORMAL,1,ROUTE,,,,,T1_REVERSE_TO_FORWARD
484.8578,-89.5966,-20.6253,0.000,NORMAL,1,ROUTE,,,,,T1_REVERSE_TO_FORWARD
484.9579,-89.6377,-20.7165,0.000,NORMAL,1,ROUTE,,,,,T1_REVERSE_TO_FORWARD
485.0578,-89.6788,-20.8076,0.000,NORMAL,1,ROUTE,,,,,T1_REVERSE_TO_FORWARD
485.1578,-89.7199,-20.8987,0.000,NORMAL,1,ROUTE,,,,,T1_REVERSE_TO_FORWARD
485.2577,-89.7611,-20.9898,0.000,NORMAL,1,ROUTE,,,,,T1_REVERSE_TO_FORWARD
485.3578,-89.8022,-21.0810,0.000,NORMAL,1,ROUTE,,,,,T1_REVERSE_TO_FORWARD
485.4577,-89.8433,-21.1721,0.000,NORMAL,1,ROUTE,,,,,T1_REVERSE_TO_FORWARD
485.5577,-89.8843,-21.2633,0.000,NORMAL,1,ROUTE,,,,,T1_REVERSE_TO_FORWARD
485.6577,-89.9252,-21.3545,0.000,NORMAL,1,ROUTE,,,,,T1_REVERSE_TO_FORWARD
485.7576,-89.9661,-21.4457,0.000,NORMAL,1,ROUTE,,,,,T1_REVERSE_TO_FORWARD
485.8577,-90.0068,-21.5371,0.000,NORMAL,1,ROUTE,,,,,T1_REVERSE_TO_FORWARD
485.9575,-90.0473,-21.6284,0.000,NORMAL,1,ROUTE,,,,,T1_REVERSE_TO_FORWARD
486.0576,-90.0877,-21.7199,0.000,NORMAL,1,ROUTE,,,,,T1_REVERSE_TO_FORWARD
486.1575,-90.1279,-21.8114,0.000,NORMAL,1,ROUTE,,,,,T1_REVERSE_TO_FORWARD
486.2576,-90.1679,-21.9031,0.000,NORMAL,1,ROUTE,,,,,T1_REVERSE_TO_FORWARD
486.3575,-90.2077,-21.9948,0.000,NORMAL,1,ROUTE,,,,,T1_REVERSE_TO_FORWARD
486.4575,-90.2472,-22.0866,0.000,NORMAL,1,ROUTE,,,,,T1_REVERSE_TO_FORWARD
486.5574,-90.2866,-22.1785,0.000,NORMAL,1,ROUTE,,,,,T1_REVERSE_TO_FORWARD
486.6574,-90.3258,-22.2705,0.000,NORMAL,1,ROUTE,,,,,T1_REVERSE_TO_FORWARD
486.7574,-90.3648,-22.3625,0.000,NORMAL,1,ROUTE,,,,,T1_REVERSE_TO_FORWARD
486.8574,-90.4036,-22.4547,0.000,NORMAL,1,ROUTE,,,,,T1_REVERSE_TO_FORWARD
486.9574,-90.4422,-22.5469,0.000,NORMAL,1,ROUTE,,,,,T1_REVERSE_TO_FORWARD
487.0573,-90.4807,-22.6391,0.000,NORMAL,1,ROUTE,,,,,T1_REVERSE_TO_FORWARD
487.1573,-90.5191,-22.7315,0.000,NORMAL,1,ROUTE,,,,,T1_REVERSE_TO_FORWARD
487.2573,-90.5573,-22.8239,0.000,NORMAL,1,ROUTE,,,,,T1_REVERSE_TO_FORWARD
487.3573,-90.5954,-22.9163,0.000,NORMAL,1,ROUTE,,,,,T1_REVERSE_TO_FORWARD
487.4572,-90.6335,-23.0087,0.000,NORMAL,1,ROUTE,,,,,T1_REVERSE_TO_FORWARD
487.5572,-90.6716,-23.1011,0.000,NORMAL,1,ROUTE,,,,,T1_REVERSE_TO_FORWARD
487.6571,-90.7098,-23.1935,0.000,NORMAL,1,ROUTE,,,,,T1_REVERSE_TO_FORWARD
487.7571,-90.7480,-23.2859,0.000,NORMAL,1,ROUTE,,,,,T1_REVERSE_TO_FORWARD
487.8571,-90.7864,-23.3782,0.000,NORMAL,1,ROUTE,,,,,T1_REVERSE_TO_FORWARD
487.9571,-90.8250,-23.4704,0.000,NORMAL,1,ROUTE,,,,,T1_REVERSE_TO_FORWARD
488.0571,-90.8639,-23.5626,0.000,NORMAL,1,ROUTE,,,,,T1_REVERSE_TO_FORWARD
488.1571,-90.9030,-23.6546,0.000,NORMAL,1,ROUTE,,,,,T1_REVERSE_TO_FORWARD
488.2570,-90.9424,-23.7464,0.000,NORMAL,1,ROUTE,,,,,T1_REVERSE_TO_FORWARD
488.3570,-90.9821,-23.8382,0.000,NORMAL,1,ROUTE,,,,,T1_REVERSE_TO_FORWARD
488.4570,-91.0221,-23.9298,0.000,NORMAL,1,ROUTE,,,,,T1_REVERSE_TO_FORWARD
488.5570,-91.0623,-24.0214,0.000,NORMAL,1,ROUTE,,,,,T1_REVERSE_TO_FORWARD
488.6569,-91.1025,-24.1129,0.000,NORMAL,1,ROUTE,,,,,T1_REVERSE_TO_FORWARD
488.7570,-91.1429,-24.2044,0.000,NORMAL,1,ROUTE,,,,,T1_REVERSE_TO_FORWARD
488.8569,-91.1831,-24.2959,0.000,NORMAL,1,ROUTE,,,,,T1_REVERSE_TO_FORWARD
488.9569,-91.2232,-24.3875,0.000,NORMAL,1,ROUTE,,,,,T1_REVERSE_TO_FORWARD
489.0569,-91.2630,-24.4792,0.000,NORMAL,1,ROUTE,,,,,T1_REVERSE_TO_FORWARD
489.1567,-91.3024,-24.5710,0.000,NORMAL,1,ROUTE,,,,,T1_REVERSE_TO_FORWARD
489.2568,-91.3414,-24.6631,0.000,NORMAL,1,ROUTE,,,,,T1_REVERSE_TO_FORWARD
489.3567,-91.3797,-24.7554,0.000,NORMAL,1,ROUTE,,,,,T1_REVERSE_TO_FORWARD
489.4567,-91.4175,-24.8480,0.000,NORMAL,1,ROUTE,,,,,T1_REVERSE_TO_FORWARD
489.5567,-91.4545,-24.9409,0.000,NORMAL,1,ROUTE,,,,,T1_REVERSE_TO_FORWARD
489.6567,-91.4910,-25.0340,0.000,NORMAL,1,ROUTE,,,,,T1_REVERSE_TO_FORWARD
489.7566,-91.5268,-25.1273,0.000,NORMAL,1,ROUTE,,,,,T1_REVERSE_TO_FORWARD
489.8566,-91.5620,-25.2209,0.000,NORMAL,1,ROUTE,,,,,T1_REVERSE_TO_FORWARD
489.9567,-91.5967,-25.3147,0.000,NORMAL,1,ROUTE,,,,,T1_REVERSE_TO_FORWARD
490.0566,-91.6309,-25.4086,0.000,NORMAL,1,ROUTE,,,,,T1_REVERSE_TO_FORWARD
490.1565,-91.6648,-25.5026,0.000,NORMAL,1,ROUTE,,,,,T1_REVERSE_TO_FORWARD
490.2565,-91.6983,-25.5968,0.000,NORMAL,1,ROUTE,,,,,T1_REVERSE_TO_FORWARD
490.3565,-91.7316,-25.6911,0.000,NORMAL,1,ROUTE,,,,,T1_REVERSE_TO_FORWARD
490.4564,-91.7647,-25.7854,0.000,NORMAL,1,ROUTE,,,,,T1_REVERSE_TO_FORWARD
490.5564,-91.7977,-25.8798,0.000,NORMAL,1,ROUTE,,,,,T1_REVERSE_TO_FORWARD
490.6564,-91.8306,-25.9742,0.000,NORMAL,1,ROUTE,,,,,T1_REVERSE_TO_FORWARD
490.7563,-91.8634,-26.0686,0.000,NORMAL,1,ROUTE,,,,,T1_REVERSE_TO_FORWARD
490.8564,-91.8963,-26.1631,0.000,NORMAL,1,ROUTE,,,,,T1_REVERSE_TO_FORWARD
490.9564,-91.9292,-26.2575,0.000,NORMAL,1,ROUTE,,,,,T1_REVERSE_TO_FORWARD
491.0563,-91.9622,-26.3518,0.000,NORMAL,1,ROUTE,,,,,T1_REVERSE_TO_FORWARD
491.1563,-91.9954,-26.4461,0.000,NORMAL,1,ROUTE,,,,,T1_REVERSE_TO_FORWARD
491.2563,-92.0287,-26.5404,0.000,NORMAL,1,ROUTE,,,,,T1_REVERSE_TO_FORWARD
491.3562,-92.0621,-26.6346,0.000,NORMAL,1,ROUTE,,,,,T1_REVERSE_TO_FORWARD
491.4563,-92.0958,-26.7288,0.000,NORMAL,1,ROUTE,,,,,T1_REVERSE_TO_FORWARD
491.5562,-92.1296,-26.8228,0.000,NORMAL,1,ROUTE,,,,,T1_REVERSE_TO_FORWARD
491.6561,-92.1637,-26.9168,0.000,NORMAL,1,ROUTE,,,,,T1_REVERSE_TO_FORWARD
491.7562,-92.1981,-27.0107,0.000,NORMAL,1,ROUTE,,,,,T1_REVERSE_TO_FORWARD
491.8561,-92.2327,-27.1045,0.000,NORMAL,1,ROUTE,,,,,T1_REVERSE_TO_FORWARD
491.9561,-92.2675,-27.1982,0.000,NORMAL,1,ROUTE,,,,,T1_REVERSE_TO_FORWARD
492.0560,-92.3026,-27.2918,0.000,NORMAL,1,ROUTE,,,,,T1_REVERSE_TO_FORWARD
492.1560,-92.3378,-27.3854,0.000,NORMAL,1,ROUTE,,,,,T1_REVERSE_TO_FORWARD
492.2561,-92.3733,-27.4789,0.000,NORMAL,1,ROUTE,,,,,T1_REVERSE_TO_FORWARD
492.3560,-92.4090,-27.5722,0.000,NORMAL,1,ROUTE,,,,,T1_REVERSE_TO_FORWARD
492.4560,-92.4449,-27.6656,0.000,NORMAL,1,ROUTE,,,,,T1_REVERSE_TO_FORWARD
492.5559,-92.4809,-27.7588,0.000,NORMAL,1,ROUTE,,,,,T1_REVERSE_TO_FORWARD
492.6559,-92.5171,-27.8520,0.000,NORMAL,1,ROUTE,,,,,T1_REVERSE_TO_FORWARD
492.7559,-92.5534,-27.9452,0.000,NORMAL,1,ROUTE,,,,,T1_REVERSE_TO_FORWARD
492.8559,-92.5898,-28.0383,0.000,NORMAL,1,ROUTE,,,,,T1_REVERSE_TO_FORWARD
492.9558,-92.6263,-28.1313,0.000,NORMAL,1,ROUTE,,,,,T1_REVERSE_TO_FORWARD
493.0558,-92.6629,-28.2244,0.000,NORMAL,1,ROUTE,,,,,T1_REVERSE_TO_FORWARD
493.1558,-92.6996,-28.3174,0.000,NORMAL,1,ROUTE,,,,,T1_REVERSE_TO_FORWARD
493.2558,-92.7362,-28.4104,0.000,NORMAL,1,ROUTE,,,,,T1_REVERSE_TO_FORWARD
493.3558,-92.7727,-28.5035,0.000,NORMAL,1,ROUTE,,,,,T1_REVERSE_TO_FORWARD
493.4558,-92.8092,-28.5966,0.000,NORMAL,1,ROUTE,,,,,T1_REVERSE_TO_FORWARD
493.5557,-92.8455,-28.6897,0.000,NORMAL,1,ROUTE,,,,,T1_REVERSE_TO_FORWARD
493.6557,-92.8815,-28.7830,0.000,NORMAL,1,ROUTE,,,,,T1_REVERSE_TO_FORWARD
493.7557,-92.9174,-28.8763,0.000,NORMAL,1,ROUTE,,,,,T1_REVERSE_TO_FORWARD
493.8556,-92.9530,-28.9697,0.000,NORMAL,1,ROUTE,,,,,T1_REVERSE_TO_FORWARD
493.9556,-92.9884,-29.0632,0.000,NORMAL,1,ROUTE,,,,,T1_REVERSE_TO_FORWARD
494.0556,-93.0235,-29.1568,0.000,NORMAL,1,ROUTE,,,,,T1_REVERSE_TO_FORWARD
494.1555,-93.0586,-29.2504,0.000,NORMAL,1,ROUTE,,,,,T1_REVERSE_TO_FORWARD
494.2555,-93.0935,-29.3441,0.000,NORMAL,1,ROUTE,,,,,T1_REVERSE_TO_FORWARD
494.3555,-93.1284,-29.4378,0.000,NORMAL,1,ROUTE,,,,,T1_REVERSE_TO_FORWARD
494.4555,-93.1633,-29.5315,0.000,NORMAL,1,ROUTE,,,,,T1_REVERSE_TO_FORWARD
494.5555,-93.1984,-29.6251,0.000,NORMAL,1,ROUTE,,,,,T1_REVERSE_TO_FORWARD
494.6554,-93.2335,-29.7187,0.000,NORMAL,1,ROUTE,,,,,T1_REVERSE_TO_FORWARD
494.7554,-93.2689,-29.8122,0.000,NORMAL,1,ROUTE,,,,,T1_REVERSE_TO_FORWARD
494.8554,-93.3045,-29.9057,0.000,NORMAL,1,ROUTE,,,,,T1_REVERSE_TO_FORWARD
494.9554,-93.3403,-29.9990,0.000,NORMAL,1,ROUTE,,,,,T1_REVERSE_TO_FORWARD
495.0554,-93.3763,-30.0923,0.000,NORMAL,1,ROUTE,,,,,T1_REVERSE_TO_FORWARD
495.1553,-93.4125,-30.1854,0.000,NORMAL,1,ROUTE,,,,,T1_REVERSE_TO_FORWARD
495.2553,-93.4489,-30.2786,0.000,NORMAL,1,ROUTE,,,,,T1_REVERSE_TO_FORWARD
495.3552,-93.4854,-30.3716,0.000,NORMAL,1,ROUTE,,,,,T1_REVERSE_TO_FORWARD
495.4553,-93.5220,-30.4647,0.000,NORMAL,1,ROUTE,,,,,T1_REVERSE_TO_FORWARD
495.5552,-93.5586,-30.5577,0.000,NORMAL,1,ROUTE,,,,,T1_REVERSE_TO_FORWARD
495.6552,-93.5952,-30.6507,0.000,NORMAL,1,ROUTE,,,,,T1_REVERSE_TO_FORWARD
495.7552,-93.6317,-30.7438,0.000,NORMAL,1,ROUTE,,,,,T1_REVERSE_TO_FORWARD
495.8552,-93.6680,-30.8370,0.000,NORMAL,1,ROUTE,,,,,T1_REVERSE_TO_FORWARD
495.9551,-93.7040,-30.9302,0.000,NORMAL,1,ROUTE,,,,,T1_REVERSE_TO_FORWARD
496.0551,-93.7398,-31.0236,0.000,NORMAL,1,ROUTE,,,,,T1_REVERSE_TO_FORWARD
496.1550,-93.7751,-31.1171,0.000,NORMAL,1,ROUTE,,,,,T1_REVERSE_TO_FORWARD
496.2550,-93.8100,-31.2108,0.000,NORMAL,1,ROUTE,,,,,T1_REVERSE_TO_FORWARD
496.3550,-93.8442,-31.3047,0.000,NORMAL,1,ROUTE,,,,,T1_REVERSE_TO_FORWARD
496.4550,-93.8778,-31.3989,0.000,NORMAL,1,ROUTE,,,,,T1_REVERSE_TO_FORWARD
496.5550,-93.9107,-31.4933,0.000,NORMAL,1,ROUTE,,,,,T1_REVERSE_TO_FORWARD
496.6550,-93.9426,-31.5881,0.000,NORMAL,1,ROUTE,,,,,T1_REVERSE_TO_FORWARD
496.7549,-93.9736,-31.6831,0.000,NORMAL,1,ROUTE,,,,,T1_REVERSE_TO_FORWARD
496.8549,-94.0035,-31.7785,0.000,NORMAL,1,ROUTE,,,,,T1_REVERSE_TO_FORWARD
496.9549,-94.0323,-31.8743,0.000,NORMAL,1,ROUTE,,,,,T1_REVERSE_TO_FORWARD
497.0548,-94.0598,-31.9703,0.000,NORMAL,1,ROUTE,,,,,T1_REVERSE_TO_FORWARD
497.1549,-94.0863,-32.0668,0.000,NORMAL,1,ROUTE,,,,,T1_REVERSE_TO_FORWARD
497.2548,-94.1116,-32.1635,0.000,NORMAL,1,ROUTE,,,,,T1_REVERSE_TO_FORWARD
497.3547,-94.1359,-32.2604,0.000,NORMAL,1,ROUTE,,,,,T1_REVERSE_TO_FORWARD
497.4547,-94.1595,-32.3576,0.000,NORMAL,1,ROUTE,,,,,T1_REVERSE_TO_FORWARD
497.5547,-94.1824,-32.4549,0.000,NORMAL,1,ROUTE,,,,,T1_REVERSE_TO_FORWARD
497.6547,-94.2048,-32.5524,0.000,NORMAL,1,ROUTE,,,,,T1_REVERSE_TO_FORWARD
497.7547,-94.2268,-32.6499,0.000,NORMAL,1,ROUTE,,,,,T1_REVERSE_TO_FORWARD
497.8546,-94.2486,-32.7474,0.000,NORMAL,1,ROUTE,,,,,T1_REVERSE_TO_FORWARD
497.9545,-94.2702,-32.8450,0.000,NORMAL,1,ROUTE,,,,,T1_REVERSE_TO_FORWARD
498.0546,-94.2917,-32.9427,0.000,NORMAL,1,ROUTE,,,,,T1_REVERSE_TO_FORWARD
498.1546,-94.3129,-33.0404,0.000,NORMAL,1,ROUTE,,,,,T1_REVERSE_TO_FORWARD
498.2545,-94.3337,-33.1382,0.000,NORMAL,1,ROUTE,,,,,T1_REVERSE_TO_FORWARD
498.3545,-94.3542,-33.2360,0.000,NORMAL,1,ROUTE,,,,,T1_REVERSE_TO_FORWARD
498.4545,-94.3742,-33.3340,0.000,NORMAL,1,ROUTE,,,,,T1_REVERSE_TO_FORWARD
498.5545,-94.3936,-33.4321,0.000,NORMAL,1,ROUTE,,,,,T1_REVERSE_TO_FORWARD
498.6544,-94.4122,-33.5303,0.000,NORMAL,1,ROUTE,,,,,T1_REVERSE_TO_FORWARD
498.7544,-94.4299,-33.6287,0.000,NORMAL,1,ROUTE,,,,,T1_REVERSE_TO_FORWARD
498.8544,-94.4466,-33.7273,0.000,NORMAL,1,ROUTE,,,,,T1_REVERSE_TO_FORWARD
498.9543,-94.4622,-33.8260,0.000,NORMAL,1,ROUTE,,,,,T1_REVERSE_TO_FORWARD
499.0543,-94.4767,-33.9249,0.000,NORMAL,1,ROUTE,,,,,T1_REVERSE_TO_FORWARD
499.1543,-94.4900,-34.0240,0.000,NORMAL,1,ROUTE,,,,,T1_REVERSE_TO_FORWARD
499.2542,-94.5021,-34.1232,0.000,NORMAL,1,ROUTE,,,,,T1_REVERSE_TO_FORWARD
499.3542,-94.5131,-34.2226,0.000,NORMAL,1,ROUTE,,,,,T1_REVERSE_TO_FORWARD
499.4542,-94.5230,-34.3221,0.000,NORMAL,1,ROUTE,,,,,T1_REVERSE_TO_FORWARD
499.5542,-94.5318,-34.4217,0.000,NORMAL,1,ROUTE,,,,,T1_REVERSE_TO_FORWARD
499.6542,-94.5395,-34.5214,0.000,NORMAL,1,ROUTE,,,,,T1_REVERSE_TO_FORWARD
499.7541,-94.5461,-34.6211,0.000,NORMAL,1,ROUTE,,,,,T1_REVERSE_TO_FORWARD
499.8542,-94.5515,-34.7210,0.000,NORMAL,1,ROUTE,,,,,T1_REVERSE_TO_FORWARD
499.9541,-94.5558,-34.8208,0.000,NORMAL,1,ROUTE,,,,,T1_REVERSE_TO_FORWARD
500.0541,-94.5590,-34.9208,0.000,NORMAL,1,ROUTE,,,,,T1_REVERSE_TO_FORWARD
500.1540,-94.5611,-35.0207,0.000,NORMAL,1,ROUTE,,,,,T1_REVERSE_TO_FORWARD
500.2540,-94.5621,-35.1207,0.000,NORMAL,1,ROUTE,,,,,T1_REVERSE_TO_FORWARD
500.3540,-94.5622,-35.2207,0.000,NORMAL,1,ROUTE,,,,,T1_REVERSE_TO_FORWARD
500.4539,-94.5615,-35.3206,0.000,NORMAL,1,ROUTE,,,,,T1_REVERSE_TO_FORWARD
500.5540,-94.5599,-35.4206,0.000,NORMAL,1,ROUTE,,,,,T1_REVERSE_TO_FORWARD
500.6539,-94.5576,-35.5205,0.000,NORMAL,1,ROUTE,,,,,T1_REVERSE_TO_FORWARD
500.7539,-94.5545,-35.6205,0.000,NORMAL,1,ROUTE,,,,,T1_REVERSE_TO_FORWARD
500.8539,-94.5507,-35.7204,0.000,NORMAL,1,ROUTE,,,,,T1_REVERSE_TO_FORWARD
500.9538,-94.5462,-35.8202,0.000,NORMAL,1,ROUTE,,,,,T1_REVERSE_TO_FORWARD
501.0539,-94.5409,-35.9201,0.000,NORMAL,1,ROUTE,,,,,T1_REVERSE_TO_FORWARD
501.1538,-94.5349,-36.0199,0.000,NORMAL,1,ROUTE,,,,,T1_REVERSE_TO_FORWARD
501.2538,-94.5281,-36.1196,0.000,NORMAL,1,ROUTE,,,,,T1_REVERSE_TO_FORWARD
501.3538,-94.5204,-36.2193,0.000,NORMAL,1,ROUTE,,,,,T1_REVERSE_TO_FORWARD
501.4537,-94.5119,-36.3189,0.000,NORMAL,1,ROUTE,,,,,T1_REVERSE_TO_FORWARD
501.5537,-94.5023,-36.4184,0.000,NORMAL,1,ROUTE,,,,,T1_REVERSE_TO_FORWARD
501.6536,-94.4918,-36.5178,0.000,NORMAL,1,ROUTE,,,,,T1_REVERSE_TO_FORWARD
501.7536,-94.4801,-36.6171,0.000,NORMAL,1,ROUTE,,,,,T1_REVERSE_TO_FORWARD
501.8536,-94.4673,-36.7163,0.000,NORMAL,1,ROUTE,,,,,T1_REVERSE_TO_FORWARD
501.9536,-94.4533,-36.8153,0.000,NORMAL,1,ROUTE,,,,,T1_REVERSE_TO_FORWARD
502.0536,-94.4382,-36.9141,0.000,NORMAL,1,ROUTE,,,,,T1_REVERSE_TO_FORWARD
502.1535,-94.4220,-37.0127,0.000,NORMAL,1,ROUTE,,,,,T1_REVERSE_TO_FORWARD
502.2535,-94.4047,-37.1112,0.000,NORMAL,1,ROUTE,,,,,T1_REVERSE_TO_FORWARD
502.3535,-94.3863,-37.2095,0.000,NORMAL,1,ROUTE,,,,,T1_REVERSE_TO_FORWARD
502.4535,-94.3670,-37.3076,0.000,NORMAL,1,ROUTE,,,,,T1_REVERSE_TO_FORWARD
502.5535,-94.3466,-37.4055,0.000,NORMAL,1,ROUTE,,,,,T1_REVERSE_TO_FORWARD
502.6534,-94.3253,-37.5031,0.000,NORMAL,1,ROUTE,,,,,T1_REVERSE_TO_FORWARD
502.7534,-94.3029,-37.6006,0.000,NORMAL,1,ROUTE,,,,,T1_REVERSE_TO_FORWARD
502.8534,-94.2796,-37.6978,0.000,NORMAL,1,ROUTE,,,,,T1_REVERSE_TO_FORWARD
502.9533,-94.2551,-37.7947,0.000,NORMAL,1,ROUTE,,,,,T1_REVERSE_TO_FORWARD
503.0533,-94.2295,-37.8913,0.000,NORMAL,1,ROUTE,,,,,T1_REVERSE_TO_FORWARD
503.1533,-94.2026,-37.9876,0.000,NORMAL,1,ROUTE,,,,,T1_REVERSE_TO_FORWARD
503.2533,-94.1744,-38.0836,0.000,NORMAL,1,ROUTE,,,,,T1_REVERSE_TO_FORWARD
503.3533,-94.1448,-38.1791,0.000,NORMAL,1,ROUTE,,,,,T1_REVERSE_TO_FORWARD
503.4532,-94.1138,-38.2741,0.000,NORMAL,1,ROUTE,,,,,T1_REVERSE_TO_FORWARD
503.5532,-94.0813,-38.3686,0.000,NORMAL,1,ROUTE,,,,,T1_REVERSE_TO_FORWARD
503.6532,-94.0474,-38.4627,0.000,NORMAL,1,ROUTE,,,,,T1_REVERSE_TO_FORWARD
503.7532,-94.0122,-38.5563,0.000,NORMAL,1,ROUTE,,,,,T1_REVERSE_TO_FORWARD
503.8531,-93.9757,-38.6493,0.000,NORMAL,1,ROUTE,,,,,T1_REVERSE_TO_FORWARD
503.9530,-93.9381,-38.7419,0.000,NORMAL,1,ROUTE,,,,,T1_REVERSE_TO_FORWARD
504.0531,-93.8993,-38.8341,0.000,NORMAL,1,ROUTE,,,,,T1_REVERSE_TO_FORWARD
504.1531,-93.8594,-38.9258,0.000,NORMAL,1,ROUTE,,,,,T1_REVERSE_TO_FORWARD
504.2530,-93.8186,-39.0170,0.000,NORMAL,1,ROUTE,,,,,T1_REVERSE_TO_FORWARD
504.3529,-93.7768,-39.1078,0.000,NORMAL,1,ROUTE,,,,,T1_REVERSE_TO_FORWARD
504.4530,-93.7340,-39.1982,0.000,NORMAL,1,ROUTE,,,,,T1_REVERSE_TO_FORWARD
504.5530,-93.6902,-39.2881,0.000,NORMAL,1,ROUTE,,,,,T1_REVERSE_TO_FORWARD
504.6529,-93.6455,-39.3775,0.000,NORMAL,1,ROUTE,,,,,T1_REVERSE_TO_FORWARD
504.7529,-93.5999,-39.4665,0.000,NORMAL,1,ROUTE,,,,,T1_REVERSE_TO_FORWARD
504.8528,-93.5533,-39.5549,0.000,NORMAL,1,ROUTE,,,,,T1_REVERSE_TO_FORWARD
504.9528,-93.5058,-39.6429,0.000,NORMAL,1,ROUTE,,,,,T1_REVERSE_TO_FORWARD
505.0528,-93.4575,-39.7304,0.000,NORMAL,1,ROUTE,,,,,T1_REVERSE_TO_FORWARD
505.1528,-93.4082,-39.8174,0.000,NORMAL,1,ROUTE,,,,,T1_REVERSE_TO_FORWARD
505.2527,-93.3580,-39.9038,0.000,NORMAL,1,ROUTE,,,,,T1_REVERSE_TO_FORWARD
505.3527,-93.3068,-39.9897,0.000,NORMAL,1,ROUTE,,,,,T1_REVERSE_TO_FORWARD
505.4527,-93.2545,-40.0749,0.000,NORMAL,1,ROUTE,,,,,T1_REVERSE_TO_FORWARD
505.5527,-93.2010,-40.1594,0.000,NORMAL,1,ROUTE,,,,,T1_REVERSE_TO_FORWARD
505.6527,-93.1462,-40.2430,0.000,NORMAL,1,ROUTE,,,,,T1_REVERSE_TO_FORWARD
505.7526,-93.0899,-40.3256,0.000,NORMAL,1,ROUTE,,,,,T1_REVERSE_TO_FORWARD
505.8526,-93.0322,-40.4072,0.000,NORMAL,1,ROUTE,,,,,T1_REVERSE_TO_FORWARD
505.9526,-92.9728,-40.4877,0.000,NORMAL,1,ROUTE,,,,,T1_REVERSE_TO_FORWARD
506.0526,-92.9117,-40.5668,0.000,NORMAL,1,ROUTE,,,,,T1_REVERSE_TO_FORWARD
506.1526,-92.8490,-40.6447,0.000,NORMAL,1,ROUTE,,,,,T1_REVERSE_TO_FORWARD
506.2525,-92.7847,-40.7212,0.000,NORMAL,1,ROUTE,,,,,T1_REVERSE_TO_FORWARD
506.3525,-92.7189,-40.7965,0.000,NORMAL,1,ROUTE,,,,,T1_REVERSE_TO_FORWARD
506.4525,-92.6517,-40.8706,0.000,NORMAL,1,ROUTE,,,,,T1_REVERSE_TO_FORWARD
506.5524,-92.5834,-40.9435,0.000,NORMAL,1,ROUTE,,,,,T1_REVERSE_TO_FORWARD
506.6523,-92.5139,-41.0153,0.000,NORMAL,1,ROUTE,,,,,T1_REVERSE_TO_FORWARD
506.7524,-92.4433,-41.0862,0.000,NORMAL,1,ROUTE,,,,,T1_REVERSE_TO_FORWARD
506.8524,-92.3717,-41.1560,0.000,NORMAL,1,ROUTE,,,,,T1_REVERSE_TO_FORWARD
506.9523,-92.2993,-41.2249,0.000,NORMAL,1,ROUTE,,,,,T1_REVERSE_TO_FORWARD
507.0523,-92.2259,-41.2928,0.000,NORMAL,1,ROUTE,,,,,T1_REVERSE_TO_FORWARD
507.1523,-92.1517,-41.3598,0.000,NORMAL,1,ROUTE,,,,,T1_REVERSE_TO_FORWARD
507.2523,-92.0767,-41.4259,0.000,NORMAL,1,ROUTE,,,,,T1_REVERSE_TO_FORWARD
507.3523,-92.0009,-41.4911,0.000,NORMAL,1,ROUTE,,,,,T1_REVERSE_TO_FORWARD
507.4522,-91.9244,-41.5554,0.000,NORMAL,1,ROUTE,,,,,T1_REVERSE_TO_FORWARD
507.5355,-91.8601,-41.6084,0.000,DUMMY,1,DUMMY,DUMMY_OBSTACLE_ZONE,STOP_THEN_HOLD,OBSTACLE_DETECTED,3.0,T1_REVERSE_TO_FORWARD
507.5521,-91.8472,-41.6189,0.000,DUMMY,1,DUMMY,,,OBSTACLE_DETECTED,3.0,T1_REVERSE_TO_FORWARD
507.6521,-91.7694,-41.6817,0.000,DUMMY,1,DUMMY,,,OBSTACLE_DETECTED,3.0,T1_REVERSE_TO_FORWARD
507.7521,-91.6910,-41.7438,0.000,DUMMY,1,DUMMY,,,OBSTACLE_DETECTED,3.0,T1_REVERSE_TO_FORWARD
507.8522,-91.6119,-41.8050,0.000,DUMMY,1,DUMMY,,,OBSTACLE_DETECTED,3.0,T1_REVERSE_TO_FORWARD
507.9521,-91.5322,-41.8653,0.000,DUMMY,1,DUMMY,,,OBSTACLE_DETECTED,3.0,T1_REVERSE_TO_FORWARD
508.0520,-91.4519,-41.9248,0.000,DUMMY,1,DUMMY,,,OBSTACLE_DETECTED,3.0,T1_REVERSE_TO_FORWARD
508.1520,-91.3708,-41.9833,0.000,DUMMY,1,DUMMY,,,OBSTACLE_DETECTED,3.0,T1_REVERSE_TO_FORWARD
508.2520,-91.2890,-42.0407,0.000,DUMMY,1,DUMMY,,,OBSTACLE_DETECTED,3.0,T1_REVERSE_TO_FORWARD
508.3520,-91.2064,-42.0971,0.000,DUMMY,1,DUMMY,,,OBSTACLE_DETECTED,3.0,T1_REVERSE_TO_FORWARD
508.4520,-91.1231,-42.1524,0.000,DUMMY,1,DUMMY,,,OBSTACLE_DETECTED,3.0,T1_REVERSE_TO_FORWARD
508.5519,-91.0391,-42.2065,0.000,DUMMY,1,DUMMY,,,OBSTACLE_DETECTED,3.0,T1_REVERSE_TO_FORWARD
508.6519,-90.9542,-42.2594,0.000,DUMMY,1,DUMMY,,,OBSTACLE_DETECTED,3.0,T1_REVERSE_TO_FORWARD
508.7519,-90.8687,-42.3112,0.000,DUMMY,1,DUMMY,,,OBSTACLE_DETECTED,3.0,T1_REVERSE_TO_FORWARD
508.8518,-90.7826,-42.3619,0.000,DUMMY,1,DUMMY,,,OBSTACLE_DETECTED,3.0,T1_REVERSE_TO_FORWARD
508.9518,-90.6959,-42.4118,0.000,DUMMY,1,DUMMY,,,OBSTACLE_DETECTED,3.0,T1_REVERSE_TO_FORWARD
509.0518,-90.6089,-42.4610,0.000,DUMMY,1,DUMMY,,,OBSTACLE_DETECTED,3.0,T1_REVERSE_TO_FORWARD
509.1517,-90.5216,-42.5097,0.000,DUMMY,1,DUMMY,,,OBSTACLE_DETECTED,3.0,T1_REVERSE_TO_FORWARD
509.2517,-90.4341,-42.5581,0.000,DUMMY,1,DUMMY,,,OBSTACLE_DETECTED,3.0,T1_REVERSE_TO_FORWARD
509.3517,-90.3466,-42.6064,0.000,DUMMY,1,DUMMY,,,OBSTACLE_DETECTED,3.0,T1_REVERSE_TO_FORWARD
509.4517,-90.2591,-42.6548,0.000,DUMMY,1,DUMMY,,,OBSTACLE_DETECTED,3.0,T1_REVERSE_TO_FORWARD
509.5516,-90.1717,-42.7033,0.000,DUMMY,1,DUMMY,,,OBSTACLE_DETECTED,3.0,T1_REVERSE_TO_FORWARD
509.6517,-90.0844,-42.7521,0.000,DUMMY,1,DUMMY,,,OBSTACLE_DETECTED,3.0,T1_REVERSE_TO_FORWARD
509.7516,-89.9973,-42.8012,0.000,DUMMY,1,DUMMY,,,OBSTACLE_DETECTED,3.0,T1_REVERSE_TO_FORWARD
509.8516,-89.9105,-42.8507,0.000,DUMMY,1,DUMMY,,,OBSTACLE_DETECTED,3.0,T1_REVERSE_TO_FORWARD
509.9516,-89.8238,-42.9006,0.000,DUMMY,1,DUMMY,,,OBSTACLE_DETECTED,3.0,T1_REVERSE_TO_FORWARD
510.0515,-89.7374,-42.9508,0.000,DUMMY,1,DUMMY,,,OBSTACLE_DETECTED,3.0,T1_REVERSE_TO_FORWARD
510.1515,-89.6512,-43.0015,0.000,DUMMY,1,DUMMY,,,OBSTACLE_DETECTED,3.0,T1_REVERSE_TO_FORWARD
510.2515,-89.5652,-43.0524,0.000,DUMMY,1,DUMMY,,,OBSTACLE_DETECTED,3.0,T1_REVERSE_TO_FORWARD
510.3515,-89.4793,-43.1036,0.000,DUMMY,1,DUMMY,,,OBSTACLE_DETECTED,3.0,T1_REVERSE_TO_FORWARD
510.4514,-89.3936,-43.1550,0.000,DUMMY,1,DUMMY,,,OBSTACLE_DETECTED,3.0,T1_REVERSE_TO_FORWARD
510.5514,-89.3079,-43.2066,0.000,DUMMY,1,DUMMY,,,OBSTACLE_DETECTED,3.0,T1_REVERSE_TO_FORWARD
510.6513,-89.2224,-43.2583,0.000,DUMMY,1,DUMMY,,,OBSTACLE_DETECTED,3.0,T1_REVERSE_TO_FORWARD
510.7513,-89.1368,-43.3100,0.000,DUMMY,1,DUMMY,,,OBSTACLE_DETECTED,3.0,T1_REVERSE_TO_FORWARD
510.8513,-89.0512,-43.3616,0.000,DUMMY,1,DUMMY,,,OBSTACLE_DETECTED,3.0,T1_REVERSE_TO_FORWARD
510.9514,-88.9654,-43.4131,0.000,DUMMY,1,DUMMY,,,OBSTACLE_DETECTED,3.0,T1_REVERSE_TO_FORWARD
511.0513,-88.8795,-43.4642,0.000,DUMMY,1,DUMMY,,,OBSTACLE_DETECTED,3.0,T1_REVERSE_TO_FORWARD
511.1512,-88.7934,-43.5149,0.000,DUMMY,1,DUMMY,,,OBSTACLE_DETECTED,3.0,T1_REVERSE_TO_FORWARD
511.2512,-88.7069,-43.5651,0.000,DUMMY,1,DUMMY,,,OBSTACLE_DETECTED,3.0,T1_REVERSE_TO_FORWARD
511.3512,-88.6201,-43.6147,0.000,DUMMY,1,DUMMY,,,OBSTACLE_DETECTED,3.0,T1_REVERSE_TO_FORWARD
511.4512,-88.5329,-43.6636,0.000,DUMMY,1,DUMMY,,,OBSTACLE_DETECTED,3.0,T1_REVERSE_TO_FORWARD
511.5512,-88.4452,-43.7117,0.000,DUMMY,1,DUMMY,,,OBSTACLE_DETECTED,3.0,T1_REVERSE_TO_FORWARD
511.6512,-88.3571,-43.7589,0.000,DUMMY,1,DUMMY,,,OBSTACLE_DETECTED,3.0,T1_REVERSE_TO_FORWARD
511.7511,-88.2686,-43.8053,0.000,DUMMY,1,DUMMY,,,OBSTACLE_DETECTED,3.0,T1_REVERSE_TO_FORWARD
511.8511,-88.1796,-43.8509,0.000,DUMMY,1,DUMMY,,,OBSTACLE_DETECTED,3.0,T1_REVERSE_TO_FORWARD
511.9511,-88.0902,-43.8957,0.000,DUMMY,1,DUMMY,,,OBSTACLE_DETECTED,3.0,T1_REVERSE_TO_FORWARD
512.0510,-88.0005,-43.9398,0.000,DUMMY,1,DUMMY,,,OBSTACLE_DETECTED,3.0,T1_REVERSE_TO_FORWARD
512.1510,-87.9104,-43.9832,0.000,DUMMY,1,DUMMY,,,OBSTACLE_DETECTED,3.0,T1_REVERSE_TO_FORWARD
512.2510,-87.8201,-44.0261,0.000,DUMMY,1,DUMMY,,,OBSTACLE_DETECTED,3.0,T1_REVERSE_TO_FORWARD
512.3510,-87.7296,-44.0685,0.000,DUMMY,1,DUMMY,,,OBSTACLE_DETECTED,3.0,T1_REVERSE_TO_FORWARD
512.4510,-87.6388,-44.1104,0.000,DUMMY,1,DUMMY,,,OBSTACLE_DETECTED,3.0,T1_REVERSE_TO_FORWARD
512.5509,-87.5479,-44.1519,0.000,DUMMY,1,DUMMY,,,OBSTACLE_DETECTED,3.0,T1_REVERSE_TO_FORWARD
512.6509,-87.4568,-44.1932,0.000,DUMMY,1,DUMMY,,,OBSTACLE_DETECTED,3.0,T1_REVERSE_TO_FORWARD
512.7509,-87.3656,-44.2342,0.000,DUMMY,1,DUMMY,,,OBSTACLE_DETECTED,3.0,T1_REVERSE_TO_FORWARD
512.8509,-87.2743,-44.2750,0.000,DUMMY,1,DUMMY,,,OBSTACLE_DETECTED,3.0,T1_REVERSE_TO_FORWARD
512.9508,-87.1830,-44.3156,0.000,DUMMY,1,DUMMY,,,OBSTACLE_DETECTED,3.0,T1_REVERSE_TO_FORWARD
513.0507,-87.0917,-44.3562,0.000,DUMMY,1,DUMMY,,,OBSTACLE_DETECTED,3.0,T1_REVERSE_TO_FORWARD
513.1508,-87.0003,-44.3968,0.000,DUMMY,1,DUMMY,,,OBSTACLE_DETECTED,3.0,T1_REVERSE_TO_FORWARD
513.2508,-86.9089,-44.4374,0.000,DUMMY,1,DUMMY,,,OBSTACLE_DETECTED,3.0,T1_REVERSE_TO_FORWARD
513.3507,-86.8177,-44.4782,0.000,DUMMY,1,DUMMY,,,OBSTACLE_DETECTED,3.0,T1_REVERSE_TO_FORWARD
513.4507,-86.7264,-44.5191,0.000,DUMMY,1,DUMMY,,,OBSTACLE_DETECTED,3.0,T1_REVERSE_TO_FORWARD
513.5507,-86.6353,-44.5602,0.000,DUMMY,1,DUMMY,,,OBSTACLE_DETECTED,3.0,T1_REVERSE_TO_FORWARD
513.6506,-86.5443,-44.6015,0.000,DUMMY,1,DUMMY,,,OBSTACLE_DETECTED,3.0,T1_REVERSE_TO_FORWARD
513.7507,-86.4533,-44.6431,0.000,DUMMY,1,DUMMY,,,OBSTACLE_DETECTED,3.0,T1_REVERSE_TO_FORWARD
513.8506,-86.3625,-44.6848,0.000,DUMMY,1,DUMMY,,,OBSTACLE_DETECTED,3.0,T1_REVERSE_TO_FORWARD
513.9505,-86.2718,-44.7268,0.000,DUMMY,1,DUMMY,,,OBSTACLE_DETECTED,3.0,T1_REVERSE_TO_FORWARD
514.0506,-86.1811,-44.7690,0.000,DUMMY,1,DUMMY,,,OBSTACLE_DETECTED,3.0,T1_REVERSE_TO_FORWARD
514.1505,-86.0906,-44.8113,0.000,DUMMY,1,DUMMY,,,OBSTACLE_DETECTED,3.0,T1_REVERSE_TO_FORWARD
514.2504,-86.0001,-44.8538,0.000,DUMMY,1,DUMMY,,,OBSTACLE_DETECTED,3.0,T1_REVERSE_TO_FORWARD
514.3505,-85.9096,-44.8964,0.000,DUMMY,1,DUMMY,,,OBSTACLE_DETECTED,3.0,T1_REVERSE_TO_FORWARD
514.4504,-85.8192,-44.9391,0.000,DUMMY,1,DUMMY,,,OBSTACLE_DETECTED,3.0,T1_REVERSE_TO_FORWARD
514.5504,-85.7288,-44.9818,0.000,DUMMY,1,DUMMY,,,OBSTACLE_DETECTED,3.0,T1_REVERSE_TO_FORWARD
514.6504,-85.6384,-45.0246,0.000,DUMMY,1,DUMMY,,,OBSTACLE_DETECTED,3.0,T1_REVERSE_TO_FORWARD
514.7503,-85.5481,-45.0673,0.000,DUMMY,1,DUMMY,,,OBSTACLE_DETECTED,3.0,T1_REVERSE_TO_FORWARD
514.8503,-85.4577,-45.1100,0.000,DUMMY,1,DUMMY,,,OBSTACLE_DETECTED,3.0,T1_REVERSE_TO_FORWARD
514.9504,-85.3672,-45.1527,0.000,DUMMY,1,DUMMY,,,OBSTACLE_DETECTED,3.0,T1_REVERSE_TO_FORWARD
515.0503,-85.2768,-45.1952,0.000,DUMMY,1,DUMMY,,,OBSTACLE_DETECTED,3.0,T1_REVERSE_TO_FORWARD
515.1503,-85.1862,-45.2376,0.000,DUMMY,1,DUMMY,,,OBSTACLE_DETECTED,3.0,T1_REVERSE_TO_FORWARD
515.2502,-85.0956,-45.2798,0.000,DUMMY,1,DUMMY,,,OBSTACLE_DETECTED,3.0,T1_REVERSE_TO_FORWARD
515.3502,-85.0049,-45.3219,0.000,DUMMY,1,DUMMY,,,OBSTACLE_DETECTED,3.0,T1_REVERSE_TO_FORWARD
515.4502,-84.9142,-45.3639,0.000,DUMMY,1,DUMMY,,,OBSTACLE_DETECTED,3.0,T1_REVERSE_TO_FORWARD
515.5502,-84.8233,-45.4056,0.000,DUMMY,1,DUMMY,,,OBSTACLE_DETECTED,3.0,T1_REVERSE_TO_FORWARD
515.6501,-84.7324,-45.4471,0.000,DUMMY,1,DUMMY,,,OBSTACLE_DETECTED,3.0,T1_REVERSE_TO_FORWARD
515.7501,-84.6414,-45.4885,0.000,DUMMY,1,DUMMY,,,OBSTACLE_DETECTED,3.0,T1_REVERSE_TO_FORWARD
515.8501,-84.5502,-45.5296,0.000,DUMMY,1,DUMMY,,,OBSTACLE_DETECTED,3.0,T1_REVERSE_TO_FORWARD
515.9501,-84.4590,-45.5705,0.000,DUMMY,1,DUMMY,,,OBSTACLE_DETECTED,3.0,T1_REVERSE_TO_FORWARD
516.0500,-84.3677,-45.6112,0.000,DUMMY,1,DUMMY,,,OBSTACLE_DETECTED,3.0,T1_REVERSE_TO_FORWARD
516.1501,-84.2762,-45.6516,0.000,DUMMY,1,DUMMY,,,OBSTACLE_DETECTED,3.0,T1_REVERSE_TO_FORWARD
516.2500,-84.1847,-45.6917,0.000,DUMMY,1,DUMMY,,,OBSTACLE_DETECTED,3.0,T1_REVERSE_TO_FORWARD
516.3499,-84.0930,-45.7315,0.000,DUMMY,1,DUMMY,,,OBSTACLE_DETECTED,3.0,T1_REVERSE_TO_FORWARD
516.4500,-84.0011,-45.7710,0.000,DUMMY,1,DUMMY,,,OBSTACLE_DETECTED,3.0,T1_REVERSE_TO_FORWARD
516.5499,-83.9091,-45.8101,0.000,DUMMY,1,DUMMY,,,OBSTACLE_DETECTED,3.0,T1_REVERSE_TO_FORWARD
516.6499,-83.8169,-45.8488,0.000,DUMMY,1,DUMMY,,,OBSTACLE_DETECTED,3.0,T1_REVERSE_TO_FORWARD
516.7499,-83.7245,-45.8870,0.000,DUMMY,1,DUMMY,,,OBSTACLE_DETECTED,3.0,T1_REVERSE_TO_FORWARD
516.8498,-83.6320,-45.9248,0.000,DUMMY,1,DUMMY,,,OBSTACLE_DETECTED,3.0,T1_REVERSE_TO_FORWARD
516.9498,-83.5393,-45.9622,0.000,DUMMY,1,DUMMY,,,OBSTACLE_DETECTED,3.0,T1_REVERSE_TO_FORWARD
517.0498,-83.4464,-45.9992,0.000,DUMMY,1,DUMMY,,,OBSTACLE_DETECTED,3.0,T1_REVERSE_TO_FORWARD
517.1498,-83.3534,-46.0359,0.000,DUMMY,1,DUMMY,,,OBSTACLE_DETECTED,3.0,T1_REVERSE_TO_FORWARD
517.2497,-83.2603,-46.0723,0.000,DUMMY,1,DUMMY,,,OBSTACLE_DETECTED,3.0,T1_REVERSE_TO_FORWARD
517.3498,-83.1670,-46.1084,0.000,DUMMY,1,DUMMY,,,OBSTACLE_DETECTED,3.0,T1_REVERSE_TO_FORWARD
517.4497,-83.0737,-46.1443,0.000,DUMMY,1,DUMMY,,,OBSTACLE_DETECTED,3.0,T1_REVERSE_TO_FORWARD
517.5497,-82.9803,-46.1800,0.000,DUMMY,1,DUMMY,,,OBSTACLE_DETECTED,3.0,T1_REVERSE_TO_FORWARD
517.6497,-82.8869,-46.2156,0.000,DUMMY,1,DUMMY,,,OBSTACLE_DETECTED,3.0,T1_REVERSE_TO_FORWARD
517.7496,-82.7935,-46.2511,0.000,DUMMY,1,DUMMY,,,OBSTACLE_DETECTED,3.0,T1_REVERSE_TO_FORWARD
517.8496,-82.7000,-46.2865,0.000,DUMMY,1,DUMMY,,,OBSTACLE_DETECTED,3.0,T1_REVERSE_TO_FORWARD
517.9496,-82.6065,-46.3220,0.000,DUMMY,1,DUMMY,,,OBSTACLE_DETECTED,3.0,T1_REVERSE_TO_FORWARD
518.0495,-82.5131,-46.3575,0.000,DUMMY,1,DUMMY,,,OBSTACLE_DETECTED,3.0,T1_REVERSE_TO_FORWARD
518.1496,-82.4196,-46.3931,0.000,DUMMY,1,DUMMY,,,OBSTACLE_DETECTED,3.0,T1_REVERSE_TO_FORWARD
518.2495,-82.3263,-46.4289,0.000,DUMMY,1,DUMMY,,,OBSTACLE_DETECTED,3.0,T1_REVERSE_TO_FORWARD
518.3495,-82.2330,-46.4648,0.000,DUMMY,1,DUMMY,,,OBSTACLE_DETECTED,3.0,T1_REVERSE_TO_FORWARD
518.4494,-82.1398,-46.5010,0.000,DUMMY,1,DUMMY,,,OBSTACLE_DETECTED,3.0,T1_REVERSE_TO_FORWARD
518.5494,-82.0467,-46.5374,0.000,DUMMY,1,DUMMY,,,OBSTACLE_DETECTED,3.0,T1_REVERSE_TO_FORWARD
518.6494,-81.9536,-46.5740,0.000,DUMMY,1,DUMMY,,,OBSTACLE_DETECTED,3.0,T1_REVERSE_TO_FORWARD
518.7494,-81.8607,-46.6110,0.000,DUMMY,1,DUMMY,,,OBSTACLE_DETECTED,3.0,T1_REVERSE_TO_FORWARD
518.8493,-81.7680,-46.6482,0.000,DUMMY,1,DUMMY,,,OBSTACLE_DETECTED,3.0,T1_REVERSE_TO_FORWARD
518.9493,-81.6753,-46.6857,0.000,DUMMY,1,DUMMY,,,OBSTACLE_DETECTED,3.0,T1_REVERSE_TO_FORWARD
519.0493,-81.5827,-46.7235,0.000,DUMMY,1,DUMMY,,,OBSTACLE_DETECTED,3.0,T1_REVERSE_TO_FORWARD
519.1492,-81.4903,-46.7615,0.000,DUMMY,1,DUMMY,,,OBSTACLE_DETECTED,3.0,T1_REVERSE_TO_FORWARD
519.2492,-81.3980,-46.7999,0.000,DUMMY,1,DUMMY,,,OBSTACLE_DETECTED,3.0,T1_REVERSE_TO_FORWARD
519.3492,-81.3058,-46.8385,0.000,DUMMY,1,DUMMY,,,OBSTACLE_DETECTED,3.0,T1_REVERSE_TO_FORWARD
519.4492,-81.2137,-46.8775,0.000,DUMMY,1,DUMMY,,,OBSTACLE_DETECTED,3.0,T1_REVERSE_TO_FORWARD
519.5491,-81.1218,-46.9168,0.000,DUMMY,1,DUMMY,,,OBSTACLE_DETECTED,3.0,T1_REVERSE_TO_FORWARD
519.6491,-81.0300,-46.9564,0.000,DUMMY,1,DUMMY,,,OBSTACLE_DETECTED,3.0,T1_REVERSE_TO_FORWARD
519.7492,-80.9383,-46.9964,0.000,DUMMY,1,DUMMY,,,OBSTACLE_DETECTED,3.0,T1_REVERSE_TO_FORWARD
519.8491,-80.8468,-47.0367,0.000,DUMMY,1,DUMMY,,,OBSTACLE_DETECTED,3.0,T1_REVERSE_TO_FORWARD
519.9491,-80.7555,-47.0774,0.000,DUMMY,1,DUMMY,,,OBSTACLE_DETECTED,3.0,T1_REVERSE_TO_FORWARD
520.0490,-80.6644,-47.1185,0.000,DUMMY,1,DUMMY,,,OBSTACLE_DETECTED,3.0,T1_REVERSE_TO_FORWARD
520.1491,-80.5734,-47.1600,0.000,DUMMY,1,DUMMY,,,OBSTACLE_DETECTED,3.0,T1_REVERSE_TO_FORWARD
520.2490,-80.4827,-47.2019,0.000,DUMMY,1,DUMMY,,,OBSTACLE_DETECTED,3.0,T1_REVERSE_TO_FORWARD
520.3490,-80.3921,-47.2443,0.000,DUMMY,1,DUMMY,,,OBSTACLE_DETECTED,3.0,T1_REVERSE_TO_FORWARD
520.4489,-80.3018,-47.2871,0.000,DUMMY,1,DUMMY,,,OBSTACLE_DETECTED,3.0,T1_REVERSE_TO_FORWARD
520.5489,-80.2117,-47.3304,0.000,DUMMY,1,DUMMY,,,OBSTACLE_DETECTED,3.0,T1_REVERSE_TO_FORWARD
520.6489,-80.1218,-47.3742,0.000,DUMMY,1,DUMMY,,,OBSTACLE_DETECTED,3.0,T1_REVERSE_TO_FORWARD
520.7489,-80.0321,-47.4183,0.000,DUMMY,1,DUMMY,,,OBSTACLE_DETECTED,3.0,T1_REVERSE_TO_FORWARD
520.8488,-79.9426,-47.4628,0.000,DUMMY,1,DUMMY,,,OBSTACLE_DETECTED,3.0,T1_REVERSE_TO_FORWARD
520.9488,-79.8531,-47.5075,0.000,DUMMY,1,DUMMY,,,OBSTACLE_DETECTED,3.0,T1_REVERSE_TO_FORWARD
521.0488,-79.7638,-47.5524,0.000,DUMMY,1,DUMMY,,,OBSTACLE_DETECTED,3.0,T1_REVERSE_TO_FORWARD
521.1488,-79.6744,-47.5972,0.000,DUMMY,1,DUMMY,,,OBSTACLE_DETECTED,3.0,T1_REVERSE_TO_FORWARD
521.2487,-79.5850,-47.6419,0.000,DUMMY,1,DUMMY,,,OBSTACLE_DETECTED,3.0,T1_REVERSE_TO_FORWARD
521.3487,-79.4954,-47.6862,0.000,DUMMY,1,DUMMY,,,OBSTACLE_DETECTED,3.0,T1_REVERSE_TO_FORWARD
521.4487,-79.4056,-47.7301,0.000,DUMMY,1,DUMMY,,,OBSTACLE_DETECTED,3.0,T1_REVERSE_TO_FORWARD
521.5487,-79.3155,-47.7735,0.000,DUMMY,1,DUMMY,,,OBSTACLE_DETECTED,3.0,T1_REVERSE_TO_FORWARD
521.6487,-79.2250,-47.8161,0.000,DUMMY,1,DUMMY,,,OBSTACLE_DETECTED,3.0,T1_REVERSE_TO_FORWARD
521.7486,-79.1343,-47.8580,0.000,DUMMY,1,DUMMY,,,OBSTACLE_DETECTED,3.0,T1_REVERSE_TO_FORWARD
521.8486,-79.0431,-47.8990,0.000,DUMMY,1,DUMMY,,,OBSTACLE_DETECTED,3.0,T1_REVERSE_TO_FORWARD
521.9485,-78.9516,-47.9392,0.000,DUMMY,1,DUMMY,,,OBSTACLE_DETECTED,3.0,T1_REVERSE_TO_FORWARD
522.0486,-78.8597,-47.9787,0.000,DUMMY,1,DUMMY,,,OBSTACLE_DETECTED,3.0,T1_REVERSE_TO_FORWARD
522.1485,-78.7676,-48.0175,0.000,DUMMY,1,DUMMY,,,OBSTACLE_DETECTED,3.0,T1_REVERSE_TO_FORWARD
522.2486,-78.6752,-48.0559,0.000,DUMMY,1,DUMMY,,,OBSTACLE_DETECTED,3.0,T1_REVERSE_TO_FORWARD
522.3485,-78.5828,-48.0940,0.000,DUMMY,1,DUMMY,,,OBSTACLE_DETECTED,3.0,T1_REVERSE_TO_FORWARD
522.4485,-78.4904,-48.1322,0.000,DUMMY,1,DUMMY,,,OBSTACLE_DETECTED,3.0,T1_REVERSE_TO_FORWARD
522.5484,-78.3981,-48.1705,0.000,DUMMY,1,DUMMY,,,OBSTACLE_DETECTED,3.0,T1_REVERSE_TO_FORWARD
522.6484,-78.3059,-48.2092,0.000,DUMMY,1,DUMMY,,,OBSTACLE_DETECTED,3.0,T1_REVERSE_TO_FORWARD
522.7483,-78.2139,-48.2482,0.000,DUMMY,1,DUMMY,,,OBSTACLE_DETECTED,3.0,T1_REVERSE_TO_FORWARD
522.8483,-78.1220,-48.2876,0.000,DUMMY,1,DUMMY,,,OBSTACLE_DETECTED,3.0,T1_REVERSE_TO_FORWARD
522.9483,-78.0303,-48.3274,0.000,DUMMY,1,DUMMY,,,OBSTACLE_DETECTED,3.0,T1_REVERSE_TO_FORWARD
523.0483,-77.9387,-48.3676,0.000,DUMMY,1,DUMMY,,,OBSTACLE_DETECTED,3.0,T1_REVERSE_TO_FORWARD
523.1483,-77.8474,-48.4082,0.000,DUMMY,1,DUMMY,,,OBSTACLE_DETECTED,3.0,T1_REVERSE_TO_FORWARD
523.2483,-77.7561,-48.4490,0.000,DUMMY,1,DUMMY,,,OBSTACLE_DETECTED,3.0,T1_REVERSE_TO_FORWARD
523.3482,-77.6650,-48.4901,0.000,DUMMY,1,DUMMY,,,OBSTACLE_DETECTED,3.0,T1_REVERSE_TO_FORWARD
523.4482,-77.5739,-48.5313,0.000,DUMMY,1,DUMMY,,,OBSTACLE_DETECTED,3.0,T1_REVERSE_TO_FORWARD
523.5482,-77.4829,-48.5727,0.000,DUMMY,1,DUMMY,,,OBSTACLE_DETECTED,3.0,T1_REVERSE_TO_FORWARD
523.6481,-77.3919,-48.6141,0.000,DUMMY,1,DUMMY,,,OBSTACLE_DETECTED,3.0,T1_REVERSE_TO_FORWARD
523.7482,-77.3008,-48.6554,0.000,DUMMY,1,DUMMY,,,OBSTACLE_DETECTED,3.0,T1_REVERSE_TO_FORWARD
523.8481,-77.2098,-48.6968,0.000,DUMMY,1,DUMMY,,,OBSTACLE_DETECTED,3.0,T1_REVERSE_TO_FORWARD
523.9481,-77.1187,-48.7379,0.000,DUMMY,1,DUMMY,,,OBSTACLE_DETECTED,3.0,T1_REVERSE_TO_FORWARD
524.0481,-77.0275,-48.7789,0.000,DUMMY,1,DUMMY,,,OBSTACLE_DETECTED,3.0,T1_REVERSE_TO_FORWARD
524.1481,-76.9362,-48.8197,0.000,DUMMY,1,DUMMY,,,OBSTACLE_DETECTED,3.0,T1_REVERSE_TO_FORWARD
524.2480,-76.8448,-48.8602,0.000,DUMMY,1,DUMMY,,,OBSTACLE_DETECTED,3.0,T1_REVERSE_TO_FORWARD
524.3480,-76.7532,-48.9003,0.000,DUMMY,1,DUMMY,,,OBSTACLE_DETECTED,3.0,T1_REVERSE_TO_FORWARD
524.4480,-76.6615,-48.9400,0.000,DUMMY,1,DUMMY,,,OBSTACLE_DETECTED,3.0,T1_REVERSE_TO_FORWARD
524.5479,-76.5696,-48.9793,0.000,DUMMY,1,DUMMY,,,OBSTACLE_DETECTED,3.0,T1_REVERSE_TO_FORWARD
524.6479,-76.4775,-49.0182,0.000,DUMMY,1,DUMMY,,,OBSTACLE_DETECTED,3.0,T1_REVERSE_TO_FORWARD
524.7479,-76.3852,-49.0567,0.000,DUMMY,1,DUMMY,,,OBSTACLE_DETECTED,3.0,T1_REVERSE_TO_FORWARD
524.8479,-76.2927,-49.0947,0.000,DUMMY,1,DUMMY,,,OBSTACLE_DETECTED,3.0,T1_REVERSE_TO_FORWARD
524.9478,-76.2001,-49.1322,0.000,DUMMY,1,DUMMY,,,OBSTACLE_DETECTED,3.0,T1_REVERSE_TO_FORWARD
525.0478,-76.1072,-49.1693,0.000,DUMMY,1,DUMMY,,,OBSTACLE_DETECTED,3.0,T1_REVERSE_TO_FORWARD
525.1478,-76.0142,-49.2059,0.000,DUMMY,1,DUMMY,,,OBSTACLE_DETECTED,3.0,T1_REVERSE_TO_FORWARD
525.2478,-75.9209,-49.2419,0.000,DUMMY,1,DUMMY,,,OBSTACLE_DETECTED,3.0,T1_REVERSE_TO_FORWARD
525.3477,-75.8275,-49.2775,0.000,DUMMY,1,DUMMY,,,OBSTACLE_DETECTED,3.0,T1_REVERSE_TO_FORWARD
525.4477,-75.7339,-49.3127,0.000,DUMMY,1,DUMMY,,,OBSTACLE_DETECTED,3.0,T1_REVERSE_TO_FORWARD
525.5477,-75.6401,-49.3473,0.000,DUMMY,1,DUMMY,,,OBSTACLE_DETECTED,3.0,T1_REVERSE_TO_FORWARD
525.6476,-75.5462,-49.3815,0.000,DUMMY,1,DUMMY,,,OBSTACLE_DETECTED,3.0,T1_REVERSE_TO_FORWARD
525.7476,-75.4521,-49.4153,0.000,DUMMY,1,DUMMY,,,OBSTACLE_DETECTED,3.0,T1_REVERSE_TO_FORWARD
525.8476,-75.3579,-49.4488,0.000,DUMMY,1,DUMMY,,,OBSTACLE_DETECTED,3.0,T1_REVERSE_TO_FORWARD
525.9476,-75.2636,-49.4820,0.000,DUMMY,1,DUMMY,,,OBSTACLE_DETECTED,3.0,T1_REVERSE_TO_FORWARD
526.0475,-75.1693,-49.5151,0.000,DUMMY,1,DUMMY,,,OBSTACLE_DETECTED,3.0,T1_REVERSE_TO_FORWARD
526.1476,-75.0749,-49.5482,0.000,DUMMY,1,DUMMY,,,OBSTACLE_DETECTED,3.0,T1_REVERSE_TO_FORWARD
526.2475,-74.9806,-49.5813,0.000,DUMMY,1,DUMMY,,,OBSTACLE_DETECTED,3.0,T1_REVERSE_TO_FORWARD
526.3475,-74.8863,-49.6145,0.000,DUMMY,1,DUMMY,,,OBSTACLE_DETECTED,3.0,T1_REVERSE_TO_FORWARD
526.4474,-74.7921,-49.6479,0.000,DUMMY,1,DUMMY,,,OBSTACLE_DETECTED,3.0,T1_REVERSE_TO_FORWARD
526.5474,-74.6980,-49.6817,0.000,DUMMY,1,DUMMY,,,OBSTACLE_DETECTED,3.0,T1_REVERSE_TO_FORWARD
526.6474,-74.6040,-49.7157,0.000,DUMMY,1,DUMMY,,,OBSTACLE_DETECTED,3.0,T1_REVERSE_TO_FORWARD
526.7474,-74.5101,-49.7502,0.000,DUMMY,1,DUMMY,,,OBSTACLE_DETECTED,3.0,T1_REVERSE_TO_FORWARD
526.8474,-74.4164,-49.7851,0.000,DUMMY,1,DUMMY,,,OBSTACLE_DETECTED,3.0,T1_REVERSE_TO_FORWARD
526.9473,-74.3229,-49.8204,0.000,DUMMY,1,DUMMY,,,OBSTACLE_DETECTED,3.0,T1_REVERSE_TO_FORWARD
527.0473,-74.2295,-49.8561,0.000,DUMMY,1,DUMMY,,,OBSTACLE_DETECTED,3.0,T1_REVERSE_TO_FORWARD
527.1473,-74.1362,-49.8921,0.000,DUMMY,1,DUMMY,,,OBSTACLE_DETECTED,3.0,T1_REVERSE_TO_FORWARD
527.2473,-74.0431,-49.9284,0.000,DUMMY,1,DUMMY,,,OBSTACLE_DETECTED,3.0,T1_REVERSE_TO_FORWARD
527.3473,-73.9500,-49.9649,0.000,DUMMY,1,DUMMY,,,OBSTACLE_DETECTED,3.0,T1_REVERSE_TO_FORWARD
527.4472,-73.8570,-50.0015,0.000,DUMMY,1,DUMMY,,,OBSTACLE_DETECTED,3.0,T1_REVERSE_TO_FORWARD
527.5472,-73.7639,-50.0381,0.000,DUMMY,1,DUMMY,,,OBSTACLE_DETECTED,3.0,T1_REVERSE_TO_FORWARD
527.6472,-73.6709,-50.0747,0.000,DUMMY,1,DUMMY,,,OBSTACLE_DETECTED,3.0,T1_REVERSE_TO_FORWARD
527.7471,-73.5778,-50.1111,0.000,DUMMY,1,DUMMY,,,OBSTACLE_DETECTED,3.0,T1_REVERSE_TO_FORWARD
527.8471,-73.4846,-50.1473,0.000,DUMMY,1,DUMMY,,,OBSTACLE_DETECTED,3.0,T1_REVERSE_TO_FORWARD
527.9471,-73.3913,-50.1831,0.000,DUMMY,1,DUMMY,,,OBSTACLE_DETECTED,3.0,T1_REVERSE_TO_FORWARD
528.0470,-73.2978,-50.2185,0.000,DUMMY,1,DUMMY,,,OBSTACLE_DETECTED,3.0,T1_REVERSE_TO_FORWARD
528.1471,-73.2040,-50.2533,0.000,DUMMY,1,DUMMY,,,OBSTACLE_DETECTED,3.0,T1_REVERSE_TO_FORWARD
528.2470,-73.1100,-50.2873,0.000,DUMMY,1,DUMMY,,,OBSTACLE_DETECTED,3.0,T1_REVERSE_TO_FORWARD
528.3469,-73.0158,-50.3206,0.000,DUMMY,1,DUMMY,,,OBSTACLE_DETECTED,3.0,T1_REVERSE_TO_FORWARD
528.4469,-72.9212,-50.3530,0.000,DUMMY,1,DUMMY,,,OBSTACLE_DETECTED,3.0,T1_REVERSE_TO_FORWARD
528.5469,-72.8263,-50.3845,0.000,DUMMY,1,DUMMY,,,OBSTACLE_DETECTED,3.0,T1_REVERSE_TO_FORWARD
528.6469,-72.7311,-50.4150,0.000,DUMMY,1,DUMMY,,,OBSTACLE_DETECTED,3.0,T1_REVERSE_TO_FORWARD
528.7469,-72.6356,-50.4446,0.000,DUMMY,1,DUMMY,,,OBSTACLE_DETECTED,3.0,T1_REVERSE_TO_FORWARD
528.8468,-72.5399,-50.4734,0.000,DUMMY,1,DUMMY,,,OBSTACLE_DETECTED,3.0,T1_REVERSE_TO_FORWARD
528.9469,-72.4439,-50.5016,0.000,DUMMY,1,DUMMY,,,OBSTACLE_DETECTED,3.0,T1_REVERSE_TO_FORWARD
529.0468,-72.3479,-50.5293,0.000,DUMMY,1,DUMMY,,,OBSTACLE_DETECTED,3.0,T1_REVERSE_TO_FORWARD
529.1468,-72.2518,-50.5570,0.000,DUMMY,1,DUMMY,,,OBSTACLE_DETECTED,3.0,T1_REVERSE_TO_FORWARD
529.2468,-72.1558,-50.5848,0.000,DUMMY,1,DUMMY,,,OBSTACLE_DETECTED,3.0,T1_REVERSE_TO_FORWARD
529.3467,-72.0599,-50.6129,0.000,DUMMY,1,DUMMY,,,OBSTACLE_DETECTED,3.0,T1_REVERSE_TO_FORWARD
529.4467,-71.9641,-50.6416,0.000,DUMMY,1,DUMMY,,,OBSTACLE_DETECTED,3.0,T1_REVERSE_TO_FORWARD
529.5467,-71.8685,-50.6710,0.000,DUMMY,1,DUMMY,,,OBSTACLE_DETECTED,3.0,T1_REVERSE_TO_FORWARD
529.6467,-71.7732,-50.7011,0.000,DUMMY,1,DUMMY,,,OBSTACLE_DETECTED,3.0,T1_REVERSE_TO_FORWARD
529.7467,-71.6780,-50.7318,0.000,DUMMY,1,DUMMY,,,OBSTACLE_DETECTED,3.0,T1_REVERSE_TO_FORWARD
529.8466,-71.5831,-50.7631,0.000,DUMMY,1,DUMMY,,,OBSTACLE_DETECTED,3.0,T1_REVERSE_TO_FORWARD
529.9466,-71.4883,-50.7949,0.000,DUMMY,1,DUMMY,,,OBSTACLE_DETECTED,3.0,T1_REVERSE_TO_FORWARD
530.0466,-71.3937,-50.8272,0.000,DUMMY,1,DUMMY,,,OBSTACLE_DETECTED,3.0,T1_REVERSE_TO_FORWARD
530.1466,-71.2992,-50.8599,0.000,DUMMY,1,DUMMY,,,OBSTACLE_DETECTED,3.0,T1_REVERSE_TO_FORWARD
530.2465,-71.2048,-50.8928,0.000,DUMMY,1,DUMMY,,,OBSTACLE_DETECTED,3.0,T1_REVERSE_TO_FORWARD
530.3465,-71.1105,-50.9259,0.000,DUMMY,1,DUMMY,,,OBSTACLE_DETECTED,3.0,T1_REVERSE_TO_FORWARD
530.4464,-71.0163,-50.9593,0.000,DUMMY,1,DUMMY,,,OBSTACLE_DETECTED,3.0,T1_REVERSE_TO_FORWARD
530.5464,-70.9221,-50.9929,0.000,DUMMY,1,DUMMY,,,OBSTACLE_DETECTED,3.0,T1_REVERSE_TO_FORWARD
530.6464,-70.8280,-51.0268,0.000,DUMMY,1,DUMMY,,,OBSTACLE_DETECTED,3.0,T1_REVERSE_TO_FORWARD
530.7463,-70.7341,-51.0609,0.000,DUMMY,1,DUMMY,,,OBSTACLE_DETECTED,3.0,T1_REVERSE_TO_FORWARD
530.8464,-70.6402,-51.0954,0.000,DUMMY,1,DUMMY,,,OBSTACLE_DETECTED,3.0,T1_REVERSE_TO_FORWARD
530.9463,-70.5465,-51.1302,0.000,DUMMY,1,DUMMY,,,OBSTACLE_DETECTED,3.0,T1_REVERSE_TO_FORWARD
531.0463,-70.4529,-51.1654,0.000,DUMMY,1,DUMMY,,,OBSTACLE_DETECTED,3.0,T1_REVERSE_TO_FORWARD
531.1463,-70.3596,-51.2012,0.000,DUMMY,1,DUMMY,,,OBSTACLE_DETECTED,3.0,T1_REVERSE_TO_FORWARD
531.2463,-70.2664,-51.2374,0.000,DUMMY,1,DUMMY,,,OBSTACLE_DETECTED,3.0,T1_REVERSE_TO_FORWARD
531.3463,-70.1734,-51.2742,0.000,DUMMY,1,DUMMY,,,OBSTACLE_DETECTED,3.0,T1_REVERSE_TO_FORWARD
531.4462,-70.0807,-51.3116,0.000,DUMMY,1,DUMMY,,,OBSTACLE_DETECTED,3.0,T1_REVERSE_TO_FORWARD
531.5462,-69.9882,-51.3495,0.000,DUMMY,1,DUMMY,,,OBSTACLE_DETECTED,3.0,T1_REVERSE_TO_FORWARD
531.6461,-69.8959,-51.3878,0.000,DUMMY,1,DUMMY,,,OBSTACLE_DETECTED,3.0,T1_REVERSE_TO_FORWARD
531.7461,-69.8037,-51.4265,0.000,DUMMY,1,DUMMY,,,OBSTACLE_DETECTED,3.0,T1_REVERSE_TO_FORWARD
531.8461,-69.7117,-51.4656,0.000,DUMMY,1,DUMMY,,,OBSTACLE_DETECTED,3.0,T1_REVERSE_TO_FORWARD
531.9461,-69.6198,-51.5050,0.000,DUMMY,1,DUMMY,,,OBSTACLE_DETECTED,3.0,T1_REVERSE_TO_FORWARD
532.0460,-69.5280,-51.5446,0.000,DUMMY,1,DUMMY,,,OBSTACLE_DETECTED,3.0,T1_REVERSE_TO_FORWARD
532.1461,-69.4362,-51.5843,0.000,DUMMY,1,DUMMY,,,OBSTACLE_DETECTED,3.0,T1_REVERSE_TO_FORWARD
532.2460,-69.3446,-51.6242,0.000,DUMMY,1,DUMMY,,,OBSTACLE_DETECTED,3.0,T1_REVERSE_TO_FORWARD
532.3460,-69.2529,-51.6641,0.000,DUMMY,1,DUMMY,,,OBSTACLE_DETECTED,3.0,T1_REVERSE_TO_FORWARD
532.4459,-69.1613,-51.7041,0.000,DUMMY,1,DUMMY,,,OBSTACLE_DETECTED,3.0,T1_REVERSE_TO_FORWARD
532.5460,-69.0696,-51.7441,0.000,DUMMY,1,DUMMY,,,OBSTACLE_DETECTED,3.0,T1_REVERSE_TO_FORWARD
532.6459,-68.9780,-51.7841,0.000,DUMMY,1,DUMMY,,,OBSTACLE_DETECTED,3.0,T1_REVERSE_TO_FORWARD
532.7459,-68.8864,-51.8241,0.000,DUMMY,1,DUMMY,,,OBSTACLE_DETECTED,3.0,T1_REVERSE_TO_FORWARD
532.8459,-68.7948,-51.8642,0.000,DUMMY,1,DUMMY,,,OBSTACLE_DETECTED,3.0,T1_REVERSE_TO_FORWARD
532.9459,-68.7033,-51.9045,0.000,DUMMY,1,DUMMY,,,OBSTACLE_DETECTED,3.0,T1_REVERSE_TO_FORWARD
533.0458,-68.6119,-51.9449,0.000,DUMMY,1,DUMMY,,,OBSTACLE_DETECTED,3.0,T1_REVERSE_TO_FORWARD
533.1458,-68.5205,-51.9855,0.000,DUMMY,1,DUMMY,,,OBSTACLE_DETECTED,3.0,T1_REVERSE_TO_FORWARD
533.2458,-68.4292,-52.0263,0.000,DUMMY,1,DUMMY,,,OBSTACLE_DETECTED,3.0,T1_REVERSE_TO_FORWARD
533.3457,-68.3381,-52.0674,0.000,DUMMY,1,DUMMY,,,OBSTACLE_DETECTED,3.0,T1_REVERSE_TO_FORWARD
533.4457,-68.2471,-52.1088,0.000,DUMMY,1,DUMMY,,,OBSTACLE_DETECTED,3.0,T1_REVERSE_TO_FORWARD
533.5457,-68.1562,-52.1504,0.000,DUMMY,1,DUMMY,,,OBSTACLE_DETECTED,3.0,T1_REVERSE_TO_FORWARD
533.6457,-68.0654,-52.1923,0.000,DUMMY,1,DUMMY,,,OBSTACLE_DETECTED,3.0,T1_REVERSE_TO_FORWARD
533.7456,-67.9747,-52.2343,0.000,DUMMY,1,DUMMY,,,OBSTACLE_DETECTED,3.0,T1_REVERSE_TO_FORWARD
533.8456,-67.8840,-52.2764,0.000,DUMMY,1,DUMMY,,,OBSTACLE_DETECTED,3.0,T1_REVERSE_TO_FORWARD
533.9456,-67.7933,-52.3185,0.000,DUMMY,1,DUMMY,,,OBSTACLE_DETECTED,3.0,T1_REVERSE_TO_FORWARD
534.0455,-67.7026,-52.3604,0.000,DUMMY,1,DUMMY,,,OBSTACLE_DETECTED,3.0,T1_REVERSE_TO_FORWARD
534.1455,-67.6117,-52.4021,0.000,DUMMY,1,DUMMY,,,OBSTACLE_DETECTED,3.0,T1_REVERSE_TO_FORWARD
534.2455,-67.5207,-52.4434,0.000,DUMMY,1,DUMMY,,,OBSTACLE_DETECTED,3.0,T1_REVERSE_TO_FORWARD
534.3455,-67.4294,-52.4843,0.000,DUMMY,1,DUMMY,,,OBSTACLE_DETECTED,3.0,T1_REVERSE_TO_FORWARD
534.4455,-67.3379,-52.5246,0.000,DUMMY,1,DUMMY,,,OBSTACLE_DETECTED,3.0,T1_REVERSE_TO_FORWARD
534.5455,-67.2462,-52.5644,0.000,DUMMY,1,DUMMY,,,OBSTACLE_DETECTED,3.0,T1_REVERSE_TO_FORWARD
534.6454,-67.1543,-52.6036,0.000,DUMMY,1,DUMMY,,,OBSTACLE_DETECTED,3.0,T1_REVERSE_TO_FORWARD
534.7454,-67.0621,-52.6423,0.000,DUMMY,1,DUMMY,,,OBSTACLE_DETECTED,3.0,T1_REVERSE_TO_FORWARD
534.8454,-66.9697,-52.6805,0.000,DUMMY,1,DUMMY,,,OBSTACLE_DETECTED,3.0,T1_REVERSE_TO_FORWARD
534.9453,-66.8772,-52.7184,0.000,DUMMY,1,DUMMY,,,OBSTACLE_DETECTED,3.0,T1_REVERSE_TO_FORWARD
535.0454,-66.7845,-52.7560,0.000,DUMMY,1,DUMMY,,,OBSTACLE_DETECTED,3.0,T1_REVERSE_TO_FORWARD
535.1454,-66.6918,-52.7935,0.000,DUMMY,1,DUMMY,,,OBSTACLE_DETECTED,3.0,T1_REVERSE_TO_FORWARD
535.2452,-66.5992,-52.8309,0.000,DUMMY,1,DUMMY,,,OBSTACLE_DETECTED,3.0,T1_REVERSE_TO_FORWARD
535.3452,-66.5065,-52.8684,0.000,DUMMY,1,DUMMY,,,OBSTACLE_DETECTED,3.0,T1_REVERSE_TO_FORWARD
535.4452,-66.4139,-52.9061,0.000,DUMMY,1,DUMMY,,,OBSTACLE_DETECTED,3.0,T1_REVERSE_TO_FORWARD
535.5452,-66.3214,-52.9441,0.000,DUMMY,1,DUMMY,,,OBSTACLE_DETECTED,3.0,T1_REVERSE_TO_FORWARD
535.6452,-66.2290,-52.9823,0.000,DUMMY,1,DUMMY,,,OBSTACLE_DETECTED,3.0,T1_REVERSE_TO_FORWARD
535.7451,-66.1368,-53.0209,0.000,DUMMY,1,DUMMY,,,OBSTACLE_DETECTED,3.0,T1_REVERSE_TO_FORWARD
535.8451,-66.0447,-53.0598,0.000,DUMMY,1,DUMMY,,,OBSTACLE_DETECTED,3.0,T1_REVERSE_TO_FORWARD
535.9451,-65.9527,-53.0990,0.000,DUMMY,1,DUMMY,,,OBSTACLE_DETECTED,3.0,T1_REVERSE_TO_FORWARD
536.0451,-65.8609,-53.1385,0.000,DUMMY,1,DUMMY,,,OBSTACLE_DETECTED,3.0,T1_REVERSE_TO_FORWARD
536.1450,-65.7691,-53.1781,0.000,DUMMY,1,DUMMY,,,OBSTACLE_DETECTED,3.0,T1_REVERSE_TO_FORWARD
536.2450,-65.6774,-53.2178,0.000,DUMMY,1,DUMMY,,,OBSTACLE_DETECTED,3.0,T1_REVERSE_TO_FORWARD
536.3451,-65.5856,-53.2577,0.000,DUMMY,1,DUMMY,,,OBSTACLE_DETECTED,3.0,T1_REVERSE_TO_FORWARD
536.4450,-65.4939,-53.2975,0.000,DUMMY,1,DUMMY,,,OBSTACLE_DETECTED,3.0,T1_REVERSE_TO_FORWARD
536.5449,-65.4022,-53.3372,0.000,DUMMY,1,DUMMY,,,OBSTACLE_DETECTED,3.0,T1_REVERSE_TO_FORWARD
536.6450,-65.3104,-53.3769,0.000,DUMMY,1,DUMMY,,,OBSTACLE_DETECTED,3.0,T1_REVERSE_TO_FORWARD
536.7449,-65.2186,-53.4164,0.000,DUMMY,1,DUMMY,,,OBSTACLE_DETECTED,3.0,T1_REVERSE_TO_FORWARD
536.8449,-65.1267,-53.4558,0.000,DUMMY,1,DUMMY,,,OBSTACLE_DETECTED,3.0,T1_REVERSE_TO_FORWARD
536.9449,-65.0347,-53.4950,0.000,DUMMY,1,DUMMY,,,OBSTACLE_DETECTED,3.0,T1_REVERSE_TO_FORWARD
537.0448,-64.9427,-53.5340,0.000,DUMMY,1,DUMMY,,,OBSTACLE_DETECTED,3.0,T1_REVERSE_TO_FORWARD
537.1448,-64.8506,-53.5729,0.000,DUMMY,1,DUMMY,,,OBSTACLE_DETECTED,3.0,T1_REVERSE_TO_FORWARD
537.2448,-64.7584,-53.6116,0.000,DUMMY,1,DUMMY,,,OBSTACLE_DETECTED,3.0,T1_REVERSE_TO_FORWARD
537.3448,-64.6662,-53.6503,0.000,DUMMY,1,DUMMY,,,OBSTACLE_DETECTED,3.0,T1_REVERSE_TO_FORWARD
537.4447,-64.5740,-53.6889,0.000,DUMMY,1,DUMMY,,,OBSTACLE_DETECTED,3.0,T1_REVERSE_TO_FORWARD
537.5447,-64.4818,-53.7275,0.000,DUMMY,1,DUMMY,,,OBSTACLE_DETECTED,3.0,T1_REVERSE_TO_FORWARD
537.6446,-64.3896,-53.7661,0.000,DUMMY,1,DUMMY,,,OBSTACLE_DETECTED,3.0,T1_REVERSE_TO_FORWARD
537.7447,-64.2973,-53.8047,0.000,DUMMY,1,DUMMY,,,OBSTACLE_DETECTED,3.0,T1_REVERSE_TO_FORWARD
537.8446,-64.2051,-53.8433,0.000,DUMMY,1,DUMMY,,,OBSTACLE_DETECTED,3.0,T1_REVERSE_TO_FORWARD
537.9446,-64.1130,-53.8821,0.000,DUMMY,1,DUMMY,,,OBSTACLE_DETECTED,3.0,T1_REVERSE_TO_FORWARD
538.0446,-64.0208,-53.9209,0.000,DUMMY,1,DUMMY,,,OBSTACLE_DETECTED,3.0,T1_REVERSE_TO_FORWARD
538.1445,-63.9288,-53.9598,0.000,DUMMY,1,DUMMY,,,OBSTACLE_DETECTED,3.0,T1_REVERSE_TO_FORWARD
538.2446,-63.8367,-53.9989,0.000,DUMMY,1,DUMMY,,,OBSTACLE_DETECTED,3.0,T1_REVERSE_TO_FORWARD
538.3445,-63.7447,-54.0380,0.000,DUMMY,1,DUMMY,,,OBSTACLE_DETECTED,3.0,T1_REVERSE_TO_FORWARD
538.4445,-63.6528,-54.0773,0.000,DUMMY,1,DUMMY,,,OBSTACLE_DETECTED,3.0,T1_REVERSE_TO_FORWARD
538.5445,-63.5609,-54.1167,0.000,DUMMY,1,DUMMY,,,OBSTACLE_DETECTED,3.0,T1_REVERSE_TO_FORWARD
538.6444,-63.4691,-54.1562,0.000,DUMMY,1,DUMMY,,,OBSTACLE_DETECTED,3.0,T1_REVERSE_TO_FORWARD
538.7444,-63.3773,-54.1958,0.000,DUMMY,1,DUMMY,,,OBSTACLE_DETECTED,3.0,T1_REVERSE_TO_FORWARD
538.8444,-63.2855,-54.2354,0.000,DUMMY,1,DUMMY,,,OBSTACLE_DETECTED,3.0,T1_REVERSE_TO_FORWARD
538.9444,-63.1937,-54.2751,0.000,DUMMY,1,DUMMY,,,OBSTACLE_DETECTED,3.0,T1_REVERSE_TO_FORWARD
539.0443,-63.1020,-54.3149,0.000,DUMMY,1,DUMMY,,,OBSTACLE_DETECTED,3.0,T1_REVERSE_TO_FORWARD
539.1444,-63.0102,-54.3546,0.000,DUMMY,1,DUMMY,,,OBSTACLE_DETECTED,3.0,T1_REVERSE_TO_FORWARD
539.2442,-62.9185,-54.3942,0.000,DUMMY,1,DUMMY,,,OBSTACLE_DETECTED,3.0,T1_REVERSE_TO_FORWARD
539.3443,-62.8266,-54.4337,0.000,DUMMY,1,DUMMY,,,OBSTACLE_DETECTED,3.0,T1_REVERSE_TO_FORWARD
539.4442,-62.7347,-54.4730,0.000,DUMMY,1,DUMMY,,,OBSTACLE_DETECTED,3.0,T1_REVERSE_TO_FORWARD
539.5442,-62.6427,-54.5121,0.000,DUMMY,1,DUMMY,,,OBSTACLE_DETECTED,3.0,T1_REVERSE_TO_FORWARD
539.6442,-62.5506,-54.5510,0.000,DUMMY,1,DUMMY,,,OBSTACLE_DETECTED,3.0,T1_REVERSE_TO_FORWARD
539.7442,-62.4583,-54.5895,0.000,DUMMY,1,DUMMY,,,OBSTACLE_DETECTED,3.0,T1_REVERSE_TO_FORWARD
539.8441,-62.3659,-54.6276,0.000,DUMMY,1,DUMMY,,,OBSTACLE_DETECTED,3.0,T1_REVERSE_TO_FORWARD
539.9441,-62.2733,-54.6653,0.000,DUMMY,1,DUMMY,,,OBSTACLE_DETECTED,3.0,T1_REVERSE_TO_FORWARD
540.0441,-62.1805,-54.7025,0.000,DUMMY,1,DUMMY,,,OBSTACLE_DETECTED,3.0,T1_REVERSE_TO_FORWARD
540.1440,-62.0876,-54.7394,0.000,DUMMY,1,DUMMY,,,OBSTACLE_DETECTED,3.0,T1_REVERSE_TO_FORWARD
540.2440,-61.9945,-54.7758,0.000,DUMMY,1,DUMMY,,,OBSTACLE_DETECTED,3.0,T1_REVERSE_TO_FORWARD
540.3440,-61.9013,-54.8120,0.000,DUMMY,1,DUMMY,,,OBSTACLE_DETECTED,3.0,T1_REVERSE_TO_FORWARD
540.4440,-61.8079,-54.8478,0.000,DUMMY,1,DUMMY,,,OBSTACLE_DETECTED,3.0,T1_REVERSE_TO_FORWARD
540.5439,-61.7146,-54.8836,0.000,DUMMY,1,DUMMY,,,OBSTACLE_DETECTED,3.0,T1_REVERSE_TO_FORWARD
540.6439,-61.6212,-54.9192,0.000,DUMMY,1,DUMMY,,,OBSTACLE_DETECTED,3.0,T1_REVERSE_TO_FORWARD
540.7439,-61.5278,-54.9549,0.000,DUMMY,1,DUMMY,,,OBSTACLE_DETECTED,3.0,T1_REVERSE_TO_FORWARD
540.8439,-61.4344,-54.9907,0.000,DUMMY,1,DUMMY,,,OBSTACLE_DETECTED,3.0,T1_REVERSE_TO_FORWARD
540.9438,-61.3412,-55.0267,0.000,DUMMY,1,DUMMY,,,OBSTACLE_DETECTED,3.0,T1_REVERSE_TO_FORWARD
541.0438,-61.2480,-55.0629,0.000,DUMMY,1,DUMMY,,,OBSTACLE_DETECTED,3.0,T1_REVERSE_TO_FORWARD
541.1438,-61.1549,-55.0994,0.000,DUMMY,1,DUMMY,,,OBSTACLE_DETECTED,3.0,T1_REVERSE_TO_FORWARD
541.2438,-61.0619,-55.1361,0.000,DUMMY,1,DUMMY,,,OBSTACLE_DETECTED,3.0,T1_REVERSE_TO_FORWARD
541.3437,-60.9690,-55.1730,0.000,DUMMY,1,DUMMY,,,OBSTACLE_DETECTED,3.0,T1_REVERSE_TO_FORWARD
541.4438,-60.8761,-55.2101,0.000,DUMMY,1,DUMMY,,,OBSTACLE_DETECTED,3.0,T1_REVERSE_TO_FORWARD
541.5437,-60.7834,-55.2474,0.000,DUMMY,1,DUMMY,,,OBSTACLE_DETECTED,3.0,T1_REVERSE_TO_FORWARD
541.6437,-60.6907,-55.2848,0.000,DUMMY,1,DUMMY,,,OBSTACLE_DETECTED,3.0,T1_REVERSE_TO_FORWARD
541.7437,-60.5980,-55.3223,0.000,DUMMY,1,DUMMY,,,OBSTACLE_DETECTED,3.0,T1_REVERSE_TO_FORWARD
541.8436,-60.5054,-55.3599,0.000,DUMMY,1,DUMMY,,,OBSTACLE_DETECTED,3.0,T1_REVERSE_TO_FORWARD
541.9436,-60.4128,-55.3976,0.000,DUMMY,1,DUMMY,,,OBSTACLE_DETECTED,3.0,T1_REVERSE_TO_FORWARD
542.0436,-60.3202,-55.4353,0.000,DUMMY,1,DUMMY,,,OBSTACLE_DETECTED,3.0,T1_REVERSE_TO_FORWARD
542.1436,-60.2275,-55.4729,0.000,DUMMY,1,DUMMY,,,OBSTACLE_DETECTED,3.0,T1_REVERSE_TO_FORWARD
542.2435,-60.1349,-55.5104,0.000,DUMMY,1,DUMMY,,,OBSTACLE_DETECTED,3.0,T1_REVERSE_TO_FORWARD
542.3435,-60.0422,-55.5479,0.000,DUMMY,1,DUMMY,,,OBSTACLE_DETECTED,3.0,T1_REVERSE_TO_FORWARD
542.4435,-59.9495,-55.5853,0.000,DUMMY,1,DUMMY,,,OBSTACLE_DETECTED,3.0,T1_REVERSE_TO_FORWARD
542.5434,-59.8567,-55.6225,0.000,DUMMY,1,DUMMY,,,OBSTACLE_DETECTED,3.0,T1_REVERSE_TO_FORWARD
542.6435,-59.7638,-55.6596,0.000,DUMMY,1,DUMMY,,,OBSTACLE_DETECTED,3.0,T1_REVERSE_TO_FORWARD
542.7434,-59.6709,-55.6965,0.000,DUMMY,1,DUMMY,,,OBSTACLE_DETECTED,3.0,T1_REVERSE_TO_FORWARD
542.8434,-59.5779,-55.7332,0.000,DUMMY,1,DUMMY,,,OBSTACLE_DETECTED,3.0,T1_REVERSE_TO_FORWARD
542.9434,-59.4849,-55.7698,0.000,DUMMY,1,DUMMY,,,OBSTACLE_DETECTED,3.0,T1_REVERSE_TO_FORWARD
543.0433,-59.3918,-55.8062,0.000,DUMMY,1,DUMMY,,,OBSTACLE_DETECTED,3.0,T1_REVERSE_TO_FORWARD
543.1433,-59.2986,-55.8425,0.000,DUMMY,1,DUMMY,,,OBSTACLE_DETECTED,3.0,T1_REVERSE_TO_FORWARD
543.2433,-59.2054,-55.8786,0.000,DUMMY,1,DUMMY,,,OBSTACLE_DETECTED,3.0,T1_REVERSE_TO_FORWARD
543.3433,-59.1122,-55.9148,0.000,DUMMY,1,DUMMY,,,OBSTACLE_DETECTED,3.0,T1_REVERSE_TO_FORWARD
543.4432,-59.0190,-55.9510,0.000,DUMMY,1,DUMMY,,,OBSTACLE_DETECTED,3.0,T1_REVERSE_TO_FORWARD
543.5432,-58.9259,-55.9873,0.000,DUMMY,1,DUMMY,,,OBSTACLE_DETECTED,3.0,T1_REVERSE_TO_FORWARD
543.6432,-58.8328,-56.0238,0.000,DUMMY,1,DUMMY,,,OBSTACLE_DETECTED,3.0,T1_REVERSE_TO_FORWARD
543.7432,-58.7398,-56.0605,0.000,DUMMY,1,DUMMY,,,OBSTACLE_DETECTED,3.0,T1_REVERSE_TO_FORWARD
543.8431,-58.6470,-56.0977,0.000,DUMMY,1,DUMMY,,,OBSTACLE_DETECTED,3.0,T1_REVERSE_TO_FORWARD
543.9431,-58.5544,-56.1353,0.000,DUMMY,1,DUMMY,,,OBSTACLE_DETECTED,3.0,T1_REVERSE_TO_FORWARD
544.0431,-58.4619,-56.1734,0.000,DUMMY,1,DUMMY,,,OBSTACLE_DETECTED,3.0,T1_REVERSE_TO_FORWARD
544.1430,-58.3698,-56.2121,0.000,DUMMY,1,DUMMY,,,OBSTACLE_DETECTED,3.0,T1_REVERSE_TO_FORWARD
544.2430,-58.2779,-56.2515,0.000,DUMMY,1,DUMMY,,,OBSTACLE_DETECTED,3.0,T1_REVERSE_TO_FORWARD
544.3430,-58.1862,-56.2914,0.000,DUMMY,1,DUMMY,,,OBSTACLE_DETECTED,3.0,T1_REVERSE_TO_FORWARD
544.4430,-58.0948,-56.3320,0.000,DUMMY,1,DUMMY,,,OBSTACLE_DETECTED,3.0,T1_REVERSE_TO_FORWARD
544.5429,-58.0037,-56.3730,0.000,DUMMY,1,DUMMY,,,OBSTACLE_DETECTED,3.0,T1_REVERSE_TO_FORWARD
544.6429,-57.9127,-56.4145,0.000,DUMMY,1,DUMMY,,,OBSTACLE_DETECTED,3.0,T1_REVERSE_TO_FORWARD
544.7429,-57.8219,-56.4564,0.000,DUMMY,1,DUMMY,,,OBSTACLE_DETECTED,3.0,T1_REVERSE_TO_FORWARD
544.8429,-57.7312,-56.4985,0.000,DUMMY,1,DUMMY,,,OBSTACLE_DETECTED,3.0,T1_REVERSE_TO_FORWARD
544.9429,-57.6406,-56.5407,0.000,DUMMY,1,DUMMY,,,OBSTACLE_DETECTED,3.0,T1_REVERSE_TO_FORWARD
545.0428,-57.5500,-56.5829,0.000,DUMMY,1,DUMMY,,,OBSTACLE_DETECTED,3.0,T1_REVERSE_TO_FORWARD
545.1428,-57.4593,-56.6250,0.000,DUMMY,1,DUMMY,,,OBSTACLE_DETECTED,3.0,T1_REVERSE_TO_FORWARD
545.2428,-57.3686,-56.6670,0.000,DUMMY,1,DUMMY,,,OBSTACLE_DETECTED,3.0,T1_REVERSE_TO_FORWARD
545.3428,-57.2777,-56.7087,0.000,DUMMY,1,DUMMY,,,OBSTACLE_DETECTED,3.0,T1_REVERSE_TO_FORWARD
545.4427,-57.1867,-56.7500,0.000,DUMMY,1,DUMMY,,,OBSTACLE_DETECTED,3.0,T1_REVERSE_TO_FORWARD
545.5427,-57.0955,-56.7909,0.000,DUMMY,1,DUMMY,,,OBSTACLE_DETECTED,3.0,T1_REVERSE_TO_FORWARD
545.6427,-57.0040,-56.8314,0.000,DUMMY,1,DUMMY,,,OBSTACLE_DETECTED,3.0,T1_REVERSE_TO_FORWARD
545.7427,-56.9124,-56.8714,0.000,DUMMY,1,DUMMY,,,OBSTACLE_DETECTED,3.0,T1_REVERSE_TO_FORWARD
545.8426,-56.8206,-56.9109,0.000,DUMMY,1,DUMMY,,,OBSTACLE_DETECTED,3.0,T1_REVERSE_TO_FORWARD
545.9426,-56.7285,-56.9499,0.000,DUMMY,1,DUMMY,,,OBSTACLE_DETECTED,3.0,T1_REVERSE_TO_FORWARD
546.0426,-56.6363,-56.9884,0.000,DUMMY,1,DUMMY,,,OBSTACLE_DETECTED,3.0,T1_REVERSE_TO_FORWARD
546.1426,-56.5438,-57.0264,0.000,DUMMY,1,DUMMY,,,OBSTACLE_DETECTED,3.0,T1_REVERSE_TO_FORWARD
546.2426,-56.4510,-57.0637,0.000,DUMMY,1,DUMMY,,,OBSTACLE_DETECTED,3.0,T1_REVERSE_TO_FORWARD
546.3425,-56.3581,-57.1006,0.000,DUMMY,1,DUMMY,,,OBSTACLE_DETECTED,3.0,T1_REVERSE_TO_FORWARD
546.4425,-56.2649,-57.1369,0.000,DUMMY,1,DUMMY,,,OBSTACLE_DETECTED,3.0,T1_REVERSE_TO_FORWARD
546.5424,-56.1716,-57.1726,0.000,DUMMY,1,DUMMY,,,OBSTACLE_DETECTED,3.0,T1_REVERSE_TO_FORWARD
546.6424,-56.0781,-57.2079,0.000,DUMMY,1,DUMMY,,,OBSTACLE_DETECTED,3.0,T1_REVERSE_TO_FORWARD
546.7424,-55.9844,-57.2428,0.000,DUMMY,1,DUMMY,,,OBSTACLE_DETECTED,3.0,T1_REVERSE_TO_FORWARD
546.8424,-55.8905,-57.2773,0.000,DUMMY,1,DUMMY,,,OBSTACLE_DETECTED,3.0,T1_REVERSE_TO_FORWARD
546.9423,-55.7966,-57.3115,0.000,DUMMY,1,DUMMY,,,OBSTACLE_DETECTED,3.0,T1_REVERSE_TO_FORWARD
547.0423,-55.7026,-57.3456,0.000,DUMMY,1,DUMMY,,,OBSTACLE_DETECTED,3.0,T1_REVERSE_TO_FORWARD
547.1423,-55.6085,-57.3794,0.000,DUMMY,1,DUMMY,,,OBSTACLE_DETECTED,3.0,T1_REVERSE_TO_FORWARD
547.2423,-55.5144,-57.4132,0.000,DUMMY,1,DUMMY,,,OBSTACLE_DETECTED,3.0,T1_REVERSE_TO_FORWARD
547.3423,-55.4203,-57.4470,0.000,DUMMY,1,DUMMY,,,OBSTACLE_DETECTED,3.0,T1_REVERSE_TO_FORWARD
547.4422,-55.3263,-57.4808,0.000,DUMMY,1,DUMMY,,,OBSTACLE_DETECTED,3.0,T1_REVERSE_TO_FORWARD
547.5422,-55.2322,-57.5147,0.000,DUMMY,1,DUMMY,,,OBSTACLE_DETECTED,3.0,T1_REVERSE_TO_FORWARD
547.6422,-55.1382,-57.5487,0.000,DUMMY,1,DUMMY,,,OBSTACLE_DETECTED,3.0,T1_REVERSE_TO_FORWARD
547.7422,-55.0442,-57.5828,0.000,DUMMY,1,DUMMY,,,OBSTACLE_DETECTED,3.0,T1_REVERSE_TO_FORWARD
547.8422,-54.9503,-57.6172,0.000,DUMMY,1,DUMMY,,,OBSTACLE_DETECTED,3.0,T1_REVERSE_TO_FORWARD
547.9421,-54.8565,-57.6517,0.000,DUMMY,1,DUMMY,,,OBSTACLE_DETECTED,3.0,T1_REVERSE_TO_FORWARD
548.0421,-54.7627,-57.6864,0.000,DUMMY,1,DUMMY,,,OBSTACLE_DETECTED,3.0,T1_REVERSE_TO_FORWARD
548.1421,-54.6691,-57.7214,0.000,DUMMY,1,DUMMY,,,OBSTACLE_DETECTED,3.0,T1_REVERSE_TO_FORWARD
548.2420,-54.5755,-57.7565,0.000,DUMMY,1,DUMMY,,,OBSTACLE_DETECTED,3.0,T1_REVERSE_TO_FORWARD
548.3420,-54.4820,-57.7918,0.000,DUMMY,1,DUMMY,,,OBSTACLE_DETECTED,3.0,T1_REVERSE_TO_FORWARD
548.4420,-54.3885,-57.8274,0.000,DUMMY,1,DUMMY,,,OBSTACLE_DETECTED,3.0,T1_REVERSE_TO_FORWARD
548.5419,-54.2952,-57.8631,0.000,DUMMY,1,DUMMY,,,OBSTACLE_DETECTED,3.0,T1_REVERSE_TO_FORWARD
548.6419,-54.2019,-57.8991,0.000,DUMMY,1,DUMMY,,,OBSTACLE_DETECTED,3.0,T1_REVERSE_TO_FORWARD
548.7419,-54.1086,-57.9352,0.000,DUMMY,1,DUMMY,,,OBSTACLE_DETECTED,3.0,T1_REVERSE_TO_FORWARD
548.8419,-54.0155,-57.9715,0.000,DUMMY,1,DUMMY,,,OBSTACLE_DETECTED,3.0,T1_REVERSE_TO_FORWARD
548.9419,-53.9224,-58.0080,0.000,DUMMY,1,DUMMY,,,OBSTACLE_DETECTED,3.0,T1_REVERSE_TO_FORWARD
549.0419,-53.8293,-58.0445,0.000,DUMMY,1,DUMMY,,,OBSTACLE_DETECTED,3.0,T1_REVERSE_TO_FORWARD
549.1418,-53.7363,-58.0811,0.000,DUMMY,1,DUMMY,,,OBSTACLE_DETECTED,3.0,T1_REVERSE_TO_FORWARD
549.2418,-53.6433,-58.1177,0.000,DUMMY,1,DUMMY,,,OBSTACLE_DETECTED,3.0,T1_REVERSE_TO_FORWARD
549.3418,-53.5502,-58.1542,0.000,DUMMY,1,DUMMY,,,OBSTACLE_DETECTED,3.0,T1_REVERSE_TO_FORWARD
549.4417,-53.4571,-58.1906,0.000,DUMMY,1,DUMMY,,,OBSTACLE_DETECTED,3.0,T1_REVERSE_TO_FORWARD
549.5417,-53.3639,-58.2268,0.000,DUMMY,1,DUMMY,,,OBSTACLE_DETECTED,3.0,T1_REVERSE_TO_FORWARD
549.6417,-53.2706,-58.2628,0.000,DUMMY,1,DUMMY,,,OBSTACLE_DETECTED,3.0,T1_REVERSE_TO_FORWARD
549.7416,-53.1773,-58.2985,0.000,DUMMY,1,DUMMY,,,OBSTACLE_DETECTED,3.0,T1_REVERSE_TO_FORWARD
549.8417,-53.0837,-58.3339,0.000,DUMMY,1,DUMMY,,,OBSTACLE_DETECTED,3.0,T1_REVERSE_TO_FORWARD
549.9416,-52.9901,-58.3689,0.000,DUMMY,1,DUMMY,,,OBSTACLE_DETECTED,3.0,T1_REVERSE_TO_FORWARD
550.0416,-52.8963,-58.4034,0.000,DUMMY,1,DUMMY,,,OBSTACLE_DETECTED,3.0,T1_REVERSE_TO_FORWARD
550.1415,-52.8023,-58.4375,0.000,DUMMY,1,DUMMY,,,OBSTACLE_DETECTED,3.0,T1_REVERSE_TO_FORWARD
550.2415,-52.7082,-58.4712,0.000,DUMMY,1,DUMMY,,,OBSTACLE_DETECTED,3.0,T1_REVERSE_TO_FORWARD
550.3415,-52.6139,-58.5046,0.000,DUMMY,1,DUMMY,,,OBSTACLE_DETECTED,3.0,T1_REVERSE_TO_FORWARD
550.4415,-52.5196,-58.5377,0.000,DUMMY,1,DUMMY,,,OBSTACLE_DETECTED,3.0,T1_REVERSE_TO_FORWARD
550.5414,-52.4252,-58.5706,0.000,DUMMY,1,DUMMY,,,OBSTACLE_DETECTED,3.0,T1_REVERSE_TO_FORWARD
550.6415,-52.3307,-58.6034,0.000,DUMMY,1,DUMMY,,,OBSTACLE_DETECTED,3.0,T1_REVERSE_TO_FORWARD
550.7414,-52.2363,-58.6362,0.000,DUMMY,1,DUMMY,,,OBSTACLE_DETECTED,3.0,T1_REVERSE_TO_FORWARD
550.8414,-52.1419,-58.6691,0.000,DUMMY,1,DUMMY,,,OBSTACLE_DETECTED,3.0,T1_REVERSE_TO_FORWARD
550.9414,-52.0475,-58.7021,0.000,DUMMY,1,DUMMY,,,OBSTACLE_DETECTED,3.0,T1_REVERSE_TO_FORWARD
551.0413,-51.9533,-58.7354,0.000,DUMMY,1,DUMMY,,,OBSTACLE_DETECTED,3.0,T1_REVERSE_TO_FORWARD
551.1413,-51.8591,-58.7690,0.000,DUMMY,1,DUMMY,,,OBSTACLE_DETECTED,3.0,T1_REVERSE_TO_FORWARD
551.2413,-51.7650,-58.8029,0.000,DUMMY,1,DUMMY,,,OBSTACLE_DETECTED,3.0,T1_REVERSE_TO_FORWARD
551.3413,-51.6711,-58.8371,0.000,DUMMY,1,DUMMY,,,OBSTACLE_DETECTED,3.0,T1_REVERSE_TO_FORWARD
551.4413,-51.5772,-58.8715,0.000,DUMMY,1,DUMMY,,,OBSTACLE_DETECTED,3.0,T1_REVERSE_TO_FORWARD
551.5412,-51.4835,-58.9062,0.000,DUMMY,1,DUMMY,,,OBSTACLE_DETECTED,3.0,T1_REVERSE_TO_FORWARD
551.6412,-51.3898,-58.9412,0.000,DUMMY,1,DUMMY,,,OBSTACLE_DETECTED,3.0,T1_REVERSE_TO_FORWARD
551.7412,-51.2962,-58.9764,0.000,DUMMY,1,DUMMY,,,OBSTACLE_DETECTED,3.0,T1_REVERSE_TO_FORWARD
551.8412,-51.2027,-59.0117,0.000,DUMMY,1,DUMMY,,,OBSTACLE_DETECTED,3.0,T1_REVERSE_TO_FORWARD
551.9411,-51.1093,-59.0472,0.000,DUMMY,1,DUMMY,,,OBSTACLE_DETECTED,3.0,T1_REVERSE_TO_FORWARD
552.0411,-51.0158,-59.0828,0.000,DUMMY,1,DUMMY,,,OBSTACLE_DETECTED,3.0,T1_REVERSE_TO_FORWARD
552.1411,-50.9225,-59.1186,0.000,DUMMY,1,DUMMY,,,OBSTACLE_DETECTED,3.0,T1_REVERSE_TO_FORWARD
552.2411,-50.8291,-59.1544,0.000,DUMMY,1,DUMMY,,,OBSTACLE_DETECTED,3.0,T1_REVERSE_TO_FORWARD
552.3410,-50.7358,-59.1903,0.000,DUMMY,1,DUMMY,,,OBSTACLE_DETECTED,3.0,T1_REVERSE_TO_FORWARD
552.4410,-50.6426,-59.2264,0.000,DUMMY,1,DUMMY,,,OBSTACLE_DETECTED,3.0,T1_REVERSE_TO_FORWARD
552.5409,-50.5494,-59.2625,0.000,DUMMY,1,DUMMY,,,OBSTACLE_DETECTED,3.0,T1_REVERSE_TO_FORWARD
552.6409,-50.4562,-59.2987,0.000,DUMMY,1,DUMMY,,,OBSTACLE_DETECTED,3.0,T1_REVERSE_TO_FORWARD
552.7409,-50.3630,-59.3350,0.000,DUMMY,1,DUMMY,,,OBSTACLE_DETECTED,3.0,T1_REVERSE_TO_FORWARD
552.8409,-50.2699,-59.3714,0.000,DUMMY,1,DUMMY,,,OBSTACLE_DETECTED,3.0,T1_REVERSE_TO_FORWARD
552.9408,-50.1769,-59.4080,0.000,DUMMY,1,DUMMY,,,OBSTACLE_DETECTED,3.0,T1_REVERSE_TO_FORWARD
553.0409,-50.0839,-59.4448,0.000,DUMMY,1,DUMMY,,,OBSTACLE_DETECTED,3.0,T1_REVERSE_TO_FORWARD
553.1408,-49.9910,-59.4817,0.000,DUMMY,1,DUMMY,,,OBSTACLE_DETECTED,3.0,T1_REVERSE_TO_FORWARD
553.2408,-49.8981,-59.5187,0.000,DUMMY,1,DUMMY,,,OBSTACLE_DETECTED,3.0,T1_REVERSE_TO_FORWARD
553.3408,-49.8053,-59.5559,0.000,DUMMY,1,DUMMY,,,OBSTACLE_DETECTED,3.0,T1_REVERSE_TO_FORWARD
553.4408,-49.7126,-59.5933,0.000,DUMMY,1,DUMMY,,,OBSTACLE_DETECTED,3.0,T1_REVERSE_TO_FORWARD
553.5407,-49.6200,-59.6308,0.000,DUMMY,1,DUMMY,,,OBSTACLE_DETECTED,3.0,T1_REVERSE_TO_FORWARD
553.6407,-49.5273,-59.6685,0.000,DUMMY,1,DUMMY,,,OBSTACLE_DETECTED,3.0,T1_REVERSE_TO_FORWARD
553.7407,-49.4348,-59.7063,0.000,DUMMY,1,DUMMY,,,OBSTACLE_DETECTED,3.0,T1_REVERSE_TO_FORWARD
553.8406,-49.3423,-59.7442,0.000,DUMMY,1,DUMMY,,,OBSTACLE_DETECTED,3.0,T1_REVERSE_TO_FORWARD
553.9406,-49.2499,-59.7823,0.000,DUMMY,1,DUMMY,,,OBSTACLE_DETECTED,3.0,T1_REVERSE_TO_FORWARD
554.0406,-49.1575,-59.8206,0.000,DUMMY,1,DUMMY,,,OBSTACLE_DETECTED,3.0,T1_REVERSE_TO_FORWARD
554.1406,-49.0652,-59.8590,0.000,DUMMY,1,DUMMY,,,OBSTACLE_DETECTED,3.0,T1_REVERSE_TO_FORWARD
554.2406,-48.9729,-59.8975,0.000,DUMMY,1,DUMMY,,,OBSTACLE_DETECTED,3.0,T1_REVERSE_TO_FORWARD
554.3405,-48.8808,-59.9363,0.000,DUMMY,1,DUMMY,,,OBSTACLE_DETECTED,3.0,T1_REVERSE_TO_FORWARD
554.4405,-48.7887,-59.9752,0.000,DUMMY,1,DUMMY,,,OBSTACLE_DETECTED,3.0,T1_REVERSE_TO_FORWARD
554.5405,-48.6966,-60.0142,0.000,DUMMY,1,DUMMY,,,OBSTACLE_DETECTED,3.0,T1_REVERSE_TO_FORWARD
554.6404,-48.6047,-60.0534,0.000,DUMMY,1,DUMMY,,,OBSTACLE_DETECTED,3.0,T1_REVERSE_TO_FORWARD
554.7404,-48.5128,-60.0928,0.000,DUMMY,1,DUMMY,,,OBSTACLE_DETECTED,3.0,T1_REVERSE_TO_FORWARD
554.8404,-48.4209,-60.1323,0.000,DUMMY,1,DUMMY,,,OBSTACLE_DETECTED,3.0,T1_REVERSE_TO_FORWARD
554.9404,-48.3291,-60.1719,0.000,DUMMY,1,DUMMY,,,OBSTACLE_DETECTED,3.0,T1_REVERSE_TO_FORWARD
555.0403,-48.2374,-60.2116,0.000,DUMMY,1,DUMMY,,,OBSTACLE_DETECTED,3.0,T1_REVERSE_TO_FORWARD
555.1403,-48.1457,-60.2514,0.000,DUMMY,1,DUMMY,,,OBSTACLE_DETECTED,3.0,T1_REVERSE_TO_FORWARD
555.2403,-48.0540,-60.2912,0.000,DUMMY,1,DUMMY,,,OBSTACLE_DETECTED,3.0,T1_REVERSE_TO_FORWARD
555.3403,-47.9623,-60.3311,0.000,DUMMY,1,DUMMY,,,OBSTACLE_DETECTED,3.0,T1_REVERSE_TO_FORWARD
555.4402,-47.8706,-60.3709,0.000,DUMMY,1,DUMMY,,,OBSTACLE_DETECTED,3.0,T1_REVERSE_TO_FORWARD
555.5402,-47.7789,-60.4108,0.000,DUMMY,1,DUMMY,,,OBSTACLE_DETECTED,3.0,T1_REVERSE_TO_FORWARD
555.6402,-47.6872,-60.4505,0.000,DUMMY,1,DUMMY,,,OBSTACLE_DETECTED,3.0,T1_REVERSE_TO_FORWARD
555.7402,-47.5954,-60.4902,0.000,DUMMY,1,DUMMY,,,OBSTACLE_DETECTED,3.0,T1_REVERSE_TO_FORWARD
555.8401,-47.5036,-60.5297,0.000,DUMMY,1,DUMMY,,,OBSTACLE_DETECTED,3.0,T1_REVERSE_TO_FORWARD
555.9402,-47.4116,-60.5690,0.000,DUMMY,1,DUMMY,,,OBSTACLE_DETECTED,3.0,T1_REVERSE_TO_FORWARD
556.0401,-47.3196,-60.6080,0.000,DUMMY,1,DUMMY,,,OBSTACLE_DETECTED,3.0,T1_REVERSE_TO_FORWARD
556.1401,-47.2274,-60.6468,0.000,DUMMY,1,DUMMY,,,OBSTACLE_DETECTED,3.0,T1_REVERSE_TO_FORWARD
556.2401,-47.1351,-60.6852,0.000,DUMMY,1,DUMMY,,,OBSTACLE_DETECTED,3.0,T1_REVERSE_TO_FORWARD
556.3400,-47.0427,-60.7232,0.000,DUMMY,1,DUMMY,,,OBSTACLE_DETECTED,3.0,T1_REVERSE_TO_FORWARD
556.4400,-46.9500,-60.7607,0.000,DUMMY,1,DUMMY,,,OBSTACLE_DETECTED,3.0,T1_REVERSE_TO_FORWARD
556.5400,-46.8571,-60.7977,0.000,DUMMY,1,DUMMY,,,OBSTACLE_DETECTED,3.0,T1_REVERSE_TO_FORWARD
556.6400,-46.7640,-60.8341,0.000,DUMMY,1,DUMMY,,,OBSTACLE_DETECTED,3.0,T1_REVERSE_TO_FORWARD
556.7399,-46.6707,-60.8699,0.000,DUMMY,1,DUMMY,,,OBSTACLE_DETECTED,3.0,T1_REVERSE_TO_FORWARD
556.8399,-46.5771,-60.9052,0.000,DUMMY,1,DUMMY,,,OBSTACLE_DETECTED,3.0,T1_REVERSE_TO_FORWARD
556.9399,-46.4834,-60.9400,0.000,DUMMY,1,DUMMY,,,OBSTACLE_DETECTED,3.0,T1_REVERSE_TO_FORWARD
557.0398,-46.3895,-60.9742,0.000,DUMMY,1,DUMMY,,,OBSTACLE_DETECTED,3.0,T1_REVERSE_TO_FORWARD
557.1398,-46.2954,-61.0081,0.000,DUMMY,1,DUMMY,,,OBSTACLE_DETECTED,3.0,T1_REVERSE_TO_FORWARD
557.2398,-46.2013,-61.0417,0.000,DUMMY,1,DUMMY,,,OBSTACLE_DETECTED,3.0,T1_REVERSE_TO_FORWARD
557.3398,-46.1070,-61.0751,0.000,DUMMY,1,DUMMY,,,OBSTACLE_DETECTED,3.0,T1_REVERSE_TO_FORWARD
557.4397,-46.0128,-61.1085,0.000,DUMMY,1,DUMMY,,,OBSTACLE_DETECTED,3.0,T1_REVERSE_TO_FORWARD
557.5398,-45.9185,-61.1419,0.000,DUMMY,1,DUMMY,,,OBSTACLE_DETECTED,3.0,T1_REVERSE_TO_FORWARD
557.6397,-45.8244,-61.1754,0.000,DUMMY,1,DUMMY,,,OBSTACLE_DETECTED,3.0,T1_REVERSE_TO_FORWARD
557.7397,-45.7302,-61.2091,0.000,DUMMY,1,DUMMY,,,OBSTACLE_DETECTED,3.0,T1_REVERSE_TO_FORWARD
557.8397,-45.6362,-61.2432,0.000,DUMMY,1,DUMMY,,,OBSTACLE_DETECTED,3.0,T1_REVERSE_TO_FORWARD
557.9396,-45.5424,-61.2776,0.000,DUMMY,1,DUMMY,,,OBSTACLE_DETECTED,3.0,T1_REVERSE_TO_FORWARD
558.0396,-45.4487,-61.3125,0.000,DUMMY,1,DUMMY,,,OBSTACLE_DETECTED,3.0,T1_REVERSE_TO_FORWARD
558.1396,-45.3551,-61.3478,0.000,DUMMY,1,DUMMY,,,OBSTACLE_DETECTED,3.0,T1_REVERSE_TO_FORWARD
558.2395,-45.2618,-61.3835,0.000,DUMMY,1,DUMMY,,,OBSTACLE_DETECTED,3.0,T1_REVERSE_TO_FORWARD
558.3395,-45.1686,-61.4197,0.000,DUMMY,1,DUMMY,,,OBSTACLE_DETECTED,3.0,T1_REVERSE_TO_FORWARD
558.4395,-45.0756,-61.4564,0.000,DUMMY,1,DUMMY,,,OBSTACLE_DETECTED,3.0,T1_REVERSE_TO_FORWARD
558.5395,-44.9828,-61.4936,0.000,DUMMY,1,DUMMY,,,OBSTACLE_DETECTED,3.0,T1_REVERSE_TO_FORWARD
558.6395,-44.8901,-61.5311,0.000,DUMMY,1,DUMMY,,,OBSTACLE_DETECTED,3.0,T1_REVERSE_TO_FORWARD
558.7394,-44.7977,-61.5692,0.000,DUMMY,1,DUMMY,,,OBSTACLE_DETECTED,3.0,T1_REVERSE_TO_FORWARD
558.8394,-44.7054,-61.6077,0.000,DUMMY,1,DUMMY,,,OBSTACLE_DETECTED,3.0,T1_REVERSE_TO_FORWARD
558.9394,-44.6133,-61.6466,0.000,DUMMY,1,DUMMY,,,OBSTACLE_DETECTED,3.0,T1_REVERSE_TO_FORWARD
559.0394,-44.5214,-61.6859,0.000,DUMMY,1,DUMMY,,,OBSTACLE_DETECTED,3.0,T1_REVERSE_TO_FORWARD
559.1394,-44.4296,-61.7256,0.000,DUMMY,1,DUMMY,,,OBSTACLE_DETECTED,3.0,T1_REVERSE_TO_FORWARD
559.2393,-44.3380,-61.7656,0.000,DUMMY,1,DUMMY,,,OBSTACLE_DETECTED,3.0,T1_REVERSE_TO_FORWARD
559.3393,-44.2465,-61.8059,0.000,DUMMY,1,DUMMY,,,OBSTACLE_DETECTED,3.0,T1_REVERSE_TO_FORWARD
559.4393,-44.1551,-61.8465,0.000,DUMMY,1,DUMMY,,,OBSTACLE_DETECTED,3.0,T1_REVERSE_TO_FORWARD
559.5393,-44.0638,-61.8872,0.000,DUMMY,1,DUMMY,,,OBSTACLE_DETECTED,3.0,T1_REVERSE_TO_FORWARD
559.6392,-43.9726,-61.9280,0.000,DUMMY,1,DUMMY,,,OBSTACLE_DETECTED,3.0,T1_REVERSE_TO_FORWARD
559.7392,-43.8814,-61.9690,0.000,DUMMY,1,DUMMY,,,OBSTACLE_DETECTED,3.0,T1_REVERSE_TO_FORWARD
559.8391,-43.7903,-62.0101,0.000,DUMMY,1,DUMMY,,,OBSTACLE_DETECTED,3.0,T1_REVERSE_TO_FORWARD
559.9391,-43.6991,-62.0511,0.000,DUMMY,1,DUMMY,,,OBSTACLE_DETECTED,3.0,T1_REVERSE_TO_FORWARD
560.0391,-43.6079,-62.0922,0.000,DUMMY,1,DUMMY,,,OBSTACLE_DETECTED,3.0,T1_REVERSE_TO_FORWARD
560.1391,-43.5168,-62.1332,0.000,DUMMY,1,DUMMY,,,OBSTACLE_DETECTED,3.0,T1_REVERSE_TO_FORWARD
560.2390,-43.4256,-62.1742,0.000,DUMMY,1,DUMMY,,,OBSTACLE_DETECTED,3.0,T1_REVERSE_TO_FORWARD
560.3390,-43.3343,-62.2150,0.000,DUMMY,1,DUMMY,,,OBSTACLE_DETECTED,3.0,T1_REVERSE_TO_FORWARD
560.4390,-43.2430,-62.2558,0.000,DUMMY,1,DUMMY,,,OBSTACLE_DETECTED,3.0,T1_REVERSE_TO_FORWARD
560.5390,-43.1517,-62.2964,0.000,DUMMY,1,DUMMY,,,OBSTACLE_DETECTED,3.0,T1_REVERSE_TO_FORWARD
560.6390,-43.0602,-62.3368,0.000,DUMMY,1,DUMMY,,,OBSTACLE_DETECTED,3.0,T1_REVERSE_TO_FORWARD
560.7389,-42.9687,-62.3770,0.000,DUMMY,1,DUMMY,,,OBSTACLE_DETECTED,3.0,T1_REVERSE_TO_FORWARD
560.8389,-42.8770,-62.4169,0.000,DUMMY,1,DUMMY,,,OBSTACLE_DETECTED,3.0,T1_REVERSE_TO_FORWARD
560.9389,-42.7853,-62.4566,0.000,DUMMY,1,DUMMY,,,OBSTACLE_DETECTED,3.0,T1_REVERSE_TO_FORWARD
561.0389,-42.6934,-62.4961,0.000,DUMMY,1,DUMMY,,,OBSTACLE_DETECTED,3.0,T1_REVERSE_TO_FORWARD
561.1388,-42.6014,-62.5351,0.000,DUMMY,1,DUMMY,,,OBSTACLE_DETECTED,3.0,T1_REVERSE_TO_FORWARD
561.2388,-42.5092,-62.5739,0.000,DUMMY,1,DUMMY,,,OBSTACLE_DETECTED,3.0,T1_REVERSE_TO_FORWARD
561.3388,-42.4169,-62.6123,0.000,DUMMY,1,DUMMY,,,OBSTACLE_DETECTED,3.0,T1_REVERSE_TO_FORWARD
561.4387,-42.3245,-62.6503,0.000,DUMMY,1,DUMMY,,,OBSTACLE_DETECTED,3.0,T1_REVERSE_TO_FORWARD
561.5387,-42.2319,-62.6880,0.000,DUMMY,1,DUMMY,,,OBSTACLE_DETECTED,3.0,T1_REVERSE_TO_FORWARD
561.6387,-42.1392,-62.7254,0.000,DUMMY,1,DUMMY,,,OBSTACLE_DETECTED,3.0,T1_REVERSE_TO_FORWARD
561.7386,-42.0464,-62.7626,0.000,DUMMY,1,DUMMY,,,OBSTACLE_DETECTED,3.0,T1_REVERSE_TO_FORWARD
561.8386,-41.9535,-62.7996,0.000,DUMMY,1,DUMMY,,,OBSTACLE_DETECTED,3.0,T1_REVERSE_TO_FORWARD
561.9387,-41.8605,-62.8365,0.000,DUMMY,1,DUMMY,,,OBSTACLE_DETECTED,3.0,T1_REVERSE_TO_FORWARD
562.0386,-41.7676,-62.8733,0.000,DUMMY,1,DUMMY,,,OBSTACLE_DETECTED,3.0,T1_REVERSE_TO_FORWARD
562.1386,-41.6747,-62.9102,0.000,DUMMY,1,DUMMY,,,OBSTACLE_DETECTED,3.0,T1_REVERSE_TO_FORWARD
562.2386,-41.5818,-62.9472,0.000,DUMMY,1,DUMMY,,,OBSTACLE_DETECTED,3.0,T1_REVERSE_TO_FORWARD
562.3386,-41.4890,-62.9844,0.000,DUMMY,1,DUMMY,,,OBSTACLE_DETECTED,3.0,T1_REVERSE_TO_FORWARD
562.4385,-41.3963,-63.0218,0.000,DUMMY,1,DUMMY,,,OBSTACLE_DETECTED,3.0,T1_REVERSE_TO_FORWARD
562.5385,-41.3037,-63.0596,0.000,DUMMY,1,DUMMY,,,OBSTACLE_DETECTED,3.0,T1_REVERSE_TO_FORWARD
562.6384,-41.2113,-63.0976,0.000,DUMMY,1,DUMMY,,,OBSTACLE_DETECTED,3.0,T1_REVERSE_TO_FORWARD
562.7385,-41.1189,-63.1359,0.000,DUMMY,1,DUMMY,,,OBSTACLE_DETECTED,3.0,T1_REVERSE_TO_FORWARD
562.8384,-41.0267,-63.1745,0.000,DUMMY,1,DUMMY,,,OBSTACLE_DETECTED,3.0,T1_REVERSE_TO_FORWARD
562.9384,-40.9346,-63.2134,0.000,DUMMY,1,DUMMY,,,OBSTACLE_DETECTED,3.0,T1_REVERSE_TO_FORWARD
563.0383,-40.8426,-63.2524,0.000,DUMMY,1,DUMMY,,,OBSTACLE_DETECTED,3.0,T1_REVERSE_TO_FORWARD
563.1384,-40.7506,-63.2917,0.000,DUMMY,1,DUMMY,,,OBSTACLE_DETECTED,3.0,T1_REVERSE_TO_FORWARD
563.2383,-40.6587,-63.3311,0.000,DUMMY,1,DUMMY,,,OBSTACLE_DETECTED,3.0,T1_REVERSE_TO_FORWARD
563.3383,-40.5668,-63.3705,0.000,DUMMY,1,DUMMY,,,OBSTACLE_DETECTED,3.0,T1_REVERSE_TO_FORWARD
563.4382,-40.4750,-63.4099,0.000,DUMMY,1,DUMMY,,,OBSTACLE_DETECTED,3.0,T1_REVERSE_TO_FORWARD
563.5382,-40.3831,-63.4493,0.000,DUMMY,1,DUMMY,,,OBSTACLE_DETECTED,3.0,T1_REVERSE_TO_FORWARD
563.6382,-40.2911,-63.4885,0.000,DUMMY,1,DUMMY,,,OBSTACLE_DETECTED,3.0,T1_REVERSE_TO_FORWARD
563.7382,-40.1991,-63.5276,0.000,DUMMY,1,DUMMY,,,OBSTACLE_DETECTED,3.0,T1_REVERSE_TO_FORWARD
563.8382,-40.1070,-63.5666,0.000,DUMMY,1,DUMMY,,,OBSTACLE_DETECTED,3.0,T1_REVERSE_TO_FORWARD
563.9381,-40.0149,-63.6053,0.000,DUMMY,1,DUMMY,,,OBSTACLE_DETECTED,3.0,T1_REVERSE_TO_FORWARD
564.0381,-39.9226,-63.6438,0.000,DUMMY,1,DUMMY,,,OBSTACLE_DETECTED,3.0,T1_REVERSE_TO_FORWARD
564.1381,-39.8303,-63.6821,0.000,DUMMY,1,DUMMY,,,OBSTACLE_DETECTED,3.0,T1_REVERSE_TO_FORWARD
564.2381,-39.7378,-63.7202,0.000,DUMMY,1,DUMMY,,,OBSTACLE_DETECTED,3.0,T1_REVERSE_TO_FORWARD
564.3380,-39.6453,-63.7580,0.000,DUMMY,1,DUMMY,,,OBSTACLE_DETECTED,3.0,T1_REVERSE_TO_FORWARD
564.4380,-39.5527,-63.7957,0.000,DUMMY,1,DUMMY,,,OBSTACLE_DETECTED,3.0,T1_REVERSE_TO_FORWARD
564.5380,-39.4600,-63.8332,0.000,DUMMY,1,DUMMY,,,OBSTACLE_DETECTED,3.0,T1_REVERSE_TO_FORWARD
564.6379,-39.3673,-63.8705,0.000,DUMMY,1,DUMMY,,,OBSTACLE_DETECTED,3.0,T1_REVERSE_TO_FORWARD
564.7379,-39.2745,-63.9078,0.000,DUMMY,1,DUMMY,,,OBSTACLE_DETECTED,3.0,T1_REVERSE_TO_FORWARD
564.8380,-39.1816,-63.9449,0.000,DUMMY,1,DUMMY,,,OBSTACLE_DETECTED,3.0,T1_REVERSE_TO_FORWARD
564.9379,-39.0888,-63.9819,0.000,DUMMY,1,DUMMY,,,OBSTACLE_DETECTED,3.0,T1_REVERSE_TO_FORWARD
565.0379,-38.9959,-64.0190,0.000,DUMMY,1,DUMMY,,,OBSTACLE_DETECTED,3.0,T1_REVERSE_TO_FORWARD
565.1378,-38.9031,-64.0560,0.000,DUMMY,1,DUMMY,,,OBSTACLE_DETECTED,3.0,T1_REVERSE_TO_FORWARD
565.2378,-38.8102,-64.0931,0.000,DUMMY,1,DUMMY,,,OBSTACLE_DETECTED,3.0,T1_REVERSE_TO_FORWARD
565.3378,-38.7174,-64.1303,0.000,DUMMY,1,DUMMY,,,OBSTACLE_DETECTED,3.0,T1_REVERSE_TO_FORWARD
565.4378,-38.6247,-64.1677,0.000,DUMMY,1,DUMMY,,,OBSTACLE_DETECTED,3.0,T1_REVERSE_TO_FORWARD
565.5378,-38.5321,-64.2054,0.000,DUMMY,1,DUMMY,,,OBSTACLE_DETECTED,3.0,T1_REVERSE_TO_FORWARD
565.6377,-38.4396,-64.2433,0.000,DUMMY,1,DUMMY,,,OBSTACLE_DETECTED,3.0,T1_REVERSE_TO_FORWARD
565.7377,-38.3472,-64.2815,0.000,DUMMY,1,DUMMY,,,OBSTACLE_DETECTED,3.0,T1_REVERSE_TO_FORWARD
565.8377,-38.2550,-64.3202,0.000,DUMMY,1,DUMMY,,,OBSTACLE_DETECTED,3.0,T1_REVERSE_TO_FORWARD
565.9377,-38.1630,-64.3593,0.000,DUMMY,1,DUMMY,,,OBSTACLE_DETECTED,3.0,T1_REVERSE_TO_FORWARD
566.0376,-38.0712,-64.3989,0.000,DUMMY,1,DUMMY,,,OBSTACLE_DETECTED,3.0,T1_REVERSE_TO_FORWARD
566.1376,-37.9796,-64.4389,0.000,DUMMY,1,DUMMY,,,OBSTACLE_DETECTED,3.0,T1_REVERSE_TO_FORWARD
566.2376,-37.8882,-64.4794,0.000,DUMMY,1,DUMMY,,,OBSTACLE_DETECTED,3.0,T1_REVERSE_TO_FORWARD
566.3375,-37.7970,-64.5203,0.000,DUMMY,1,DUMMY,,,OBSTACLE_DETECTED,3.0,T1_REVERSE_TO_FORWARD
566.4375,-37.7059,-64.5615,0.000,DUMMY,1,DUMMY,,,OBSTACLE_DETECTED,3.0,T1_REVERSE_TO_FORWARD
566.5375,-37.6150,-64.6031,0.000,DUMMY,1,DUMMY,,,OBSTACLE_DETECTED,3.0,T1_REVERSE_TO_FORWARD
566.6375,-37.5241,-64.6448,0.000,DUMMY,1,DUMMY,,,OBSTACLE_DETECTED,3.0,T1_REVERSE_TO_FORWARD
566.7374,-37.4334,-64.6867,0.000,DUMMY,1,DUMMY,,,OBSTACLE_DETECTED,3.0,T1_REVERSE_TO_FORWARD
566.8374,-37.3426,-64.7287,0.000,DUMMY,1,DUMMY,,,OBSTACLE_DETECTED,3.0,T1_REVERSE_TO_FORWARD
566.9374,-37.2518,-64.7706,0.000,DUMMY,1,DUMMY,,,OBSTACLE_DETECTED,3.0,T1_REVERSE_TO_FORWARD
567.0374,-37.1610,-64.8124,0.000,DUMMY,1,DUMMY,,,OBSTACLE_DETECTED,3.0,T1_REVERSE_TO_FORWARD
567.1373,-37.0702,-64.8541,0.000,DUMMY,1,DUMMY,,,OBSTACLE_DETECTED,3.0,T1_REVERSE_TO_FORWARD
567.2373,-36.9792,-64.8956,0.000,DUMMY,1,DUMMY,,,OBSTACLE_DETECTED,3.0,T1_REVERSE_TO_FORWARD
567.3373,-36.8881,-64.9368,0.000,DUMMY,1,DUMMY,,,OBSTACLE_DETECTED,3.0,T1_REVERSE_TO_FORWARD
567.4373,-36.7969,-64.9778,0.000,DUMMY,1,DUMMY,,,OBSTACLE_DETECTED,3.0,T1_REVERSE_TO_FORWARD
567.5373,-36.7056,-65.0185,0.000,DUMMY,1,DUMMY,,,OBSTACLE_DETECTED,3.0,T1_REVERSE_TO_FORWARD
567.6372,-36.6142,-65.0590,0.000,DUMMY,1,DUMMY,,,OBSTACLE_DETECTED,3.0,T1_REVERSE_TO_FORWARD
567.7372,-36.5227,-65.0993,0.000,DUMMY,1,DUMMY,,,OBSTACLE_DETECTED,3.0,T1_REVERSE_TO_FORWARD
567.8372,-36.4311,-65.1394,0.000,DUMMY,1,DUMMY,,,OBSTACLE_DETECTED,3.0,T1_REVERSE_TO_FORWARD
567.9372,-36.3395,-65.1794,0.000,DUMMY,1,DUMMY,,,OBSTACLE_DETECTED,3.0,T1_REVERSE_TO_FORWARD
568.0372,-36.2478,-65.2193,0.000,DUMMY,1,DUMMY,,,OBSTACLE_DETECTED,3.0,T1_REVERSE_TO_FORWARD
568.1371,-36.1561,-65.2591,0.000,DUMMY,1,DUMMY,,,OBSTACLE_DETECTED,3.0,T1_REVERSE_TO_FORWARD
568.2371,-36.0644,-65.2989,0.000,DUMMY,1,DUMMY,,,OBSTACLE_DETECTED,3.0,T1_REVERSE_TO_FORWARD
568.3371,-35.9727,-65.3387,0.000,DUMMY,1,DUMMY,,,OBSTACLE_DETECTED,3.0,T1_REVERSE_TO_FORWARD
568.4370,-35.8810,-65.3785,0.000,DUMMY,1,DUMMY,,,OBSTACLE_DETECTED,3.0,T1_REVERSE_TO_FORWARD
568.5370,-35.7893,-65.4183,0.000,DUMMY,1,DUMMY,,,OBSTACLE_DETECTED,3.0,T1_REVERSE_TO_FORWARD
568.6370,-35.6976,-65.4582,0.000,DUMMY,1,DUMMY,,,OBSTACLE_DETECTED,3.0,T1_REVERSE_TO_FORWARD
568.7370,-35.6059,-65.4981,0.000,DUMMY,1,DUMMY,,,OBSTACLE_DETECTED,3.0,T1_REVERSE_TO_FORWARD
568.8369,-35.5143,-65.5379,0.000,DUMMY,1,DUMMY,,,OBSTACLE_DETECTED,3.0,T1_REVERSE_TO_FORWARD
568.9369,-35.4225,-65.5777,0.000,DUMMY,1,DUMMY,,,OBSTACLE_DETECTED,3.0,T1_REVERSE_TO_FORWARD
569.0369,-35.3308,-65.6174,0.000,DUMMY,1,DUMMY,,,OBSTACLE_DETECTED,3.0,T1_REVERSE_TO_FORWARD
569.1368,-35.2390,-65.6569,0.000,DUMMY,1,DUMMY,,,OBSTACLE_DETECTED,3.0,T1_REVERSE_TO_FORWARD
569.2369,-35.1470,-65.6963,0.000,DUMMY,1,DUMMY,,,OBSTACLE_DETECTED,3.0,T1_REVERSE_TO_FORWARD
569.3368,-35.0550,-65.7354,0.000,DUMMY,1,DUMMY,,,OBSTACLE_DETECTED,3.0,T1_REVERSE_TO_FORWARD
569.4367,-34.9629,-65.7741,0.000,DUMMY,1,DUMMY,,,OBSTACLE_DETECTED,3.0,T1_REVERSE_TO_FORWARD
569.5367,-34.8706,-65.8125,0.000,DUMMY,1,DUMMY,,,OBSTACLE_DETECTED,3.0,T1_REVERSE_TO_FORWARD
569.6367,-34.7781,-65.8505,0.000,DUMMY,1,DUMMY,,,OBSTACLE_DETECTED,3.0,T1_REVERSE_TO_FORWARD
569.7367,-34.6854,-65.8881,0.000,DUMMY,1,DUMMY,,,OBSTACLE_DETECTED,3.0,T1_REVERSE_TO_FORWARD
569.8367,-34.5926,-65.9252,0.000,DUMMY,1,DUMMY,,,OBSTACLE_DETECTED,3.0,T1_REVERSE_TO_FORWARD
569.9367,-34.4996,-65.9620,0.000,DUMMY,1,DUMMY,,,OBSTACLE_DETECTED,3.0,T1_REVERSE_TO_FORWARD
570.0366,-34.4065,-65.9983,0.000,DUMMY,1,DUMMY,,,OBSTACLE_DETECTED,3.0,T1_REVERSE_TO_FORWARD
570.1366,-34.3133,-66.0344,0.000,DUMMY,1,DUMMY,,,OBSTACLE_DETECTED,3.0,T1_REVERSE_TO_FORWARD
570.2366,-34.2199,-66.0702,0.000,DUMMY,1,DUMMY,,,OBSTACLE_DETECTED,3.0,T1_REVERSE_TO_FORWARD
570.3365,-34.1266,-66.1059,0.000,DUMMY,1,DUMMY,,,OBSTACLE_DETECTED,3.0,T1_REVERSE_TO_FORWARD
570.4365,-34.0332,-66.1416,0.000,DUMMY,1,DUMMY,,,OBSTACLE_DETECTED,3.0,T1_REVERSE_TO_FORWARD
570.5365,-33.9398,-66.1774,0.000,DUMMY,1,DUMMY,,,OBSTACLE_DETECTED,3.0,T1_REVERSE_TO_FORWARD
570.6365,-33.8465,-66.2133,0.000,DUMMY,1,DUMMY,,,OBSTACLE_DETECTED,3.0,T1_REVERSE_TO_FORWARD
570.7364,-33.7533,-66.2494,0.000,DUMMY,1,DUMMY,,,OBSTACLE_DETECTED,3.0,T1_REVERSE_TO_FORWARD
570.8364,-33.6602,-66.2858,0.000,DUMMY,1,DUMMY,,,OBSTACLE_DETECTED,3.0,T1_REVERSE_TO_FORWARD
570.9364,-33.5672,-66.3225,0.000,DUMMY,1,DUMMY,,,OBSTACLE_DETECTED,3.0,T1_REVERSE_TO_FORWARD
571.0364,-33.4743,-66.3595,0.000,DUMMY,1,DUMMY,,,OBSTACLE_DETECTED,3.0,T1_REVERSE_TO_FORWARD
571.1363,-33.3815,-66.3967,0.000,DUMMY,1,DUMMY,,,OBSTACLE_DETECTED,3.0,T1_REVERSE_TO_FORWARD
571.2364,-33.2888,-66.4343,0.000,DUMMY,1,DUMMY,,,OBSTACLE_DETECTED,3.0,T1_REVERSE_TO_FORWARD
571.3363,-33.1963,-66.4720,0.000,DUMMY,1,DUMMY,,,OBSTACLE_DETECTED,3.0,T1_REVERSE_TO_FORWARD
571.4363,-33.1037,-66.5098,0.000,DUMMY,1,DUMMY,,,OBSTACLE_DETECTED,3.0,T1_REVERSE_TO_FORWARD
571.5362,-33.0112,-66.5476,0.000,DUMMY,1,DUMMY,,,OBSTACLE_DETECTED,3.0,T1_REVERSE_TO_FORWARD
571.6362,-32.9186,-66.5853,0.000,DUMMY,1,DUMMY,,,OBSTACLE_DETECTED,3.0,T1_REVERSE_TO_FORWARD
571.7362,-32.8259,-66.6229,0.000,DUMMY,1,DUMMY,,,OBSTACLE_DETECTED,3.0,T1_REVERSE_TO_FORWARD
571.8362,-32.7331,-66.6601,0.000,DUMMY,1,DUMMY,,,OBSTACLE_DETECTED,3.0,T1_REVERSE_TO_FORWARD
571.9362,-32.6401,-66.6968,0.000,DUMMY,1,DUMMY,,,OBSTACLE_DETECTED,3.0,T1_REVERSE_TO_FORWARD
572.0361,-32.5469,-66.7329,0.000,DUMMY,1,DUMMY,,,OBSTACLE_DETECTED,3.0,T1_REVERSE_TO_FORWARD
572.0390,-32.5442,-66.7339,0.000,DUMMY,1,DUMMY,DUMMY_OBSTACLE_ZONE_END,,OBSTACLE_DETECTED,3.0,T1_REVERSE_TO_FORWARD
572.1361,-32.4533,-66.7681,0.000,DUMMY,1,DUMMY,,,OBSTACLE_DETECTED,3.0,T1_REVERSE_TO_FORWARD
572.2361,-32.3595,-66.8026,0.000,DUMMY,1,DUMMY,,,OBSTACLE_DETECTED,3.0,T1_REVERSE_TO_FORWARD
572.3361,-32.2656,-66.8370,0.000,DUMMY,1,DUMMY,,,OBSTACLE_DETECTED,3.0,T1_REVERSE_TO_FORWARD
572.3385,-32.2633,-66.8379,0.000,NORMAL,1,ROUTE,,,,,T1_REVERSE_TO_FORWARD
572.4360,-32.1718,-66.8715,0.000,NORMAL,1,ROUTE,,,,,T1_REVERSE_TO_FORWARD
572.5360,-32.0779,-66.9058,0.000,NORMAL,1,ROUTE,,,,,T1_REVERSE_TO_FORWARD
572.6359,-31.9840,-66.9400,0.000,NORMAL,1,ROUTE,,,,,T1_REVERSE_TO_FORWARD
572.7359,-31.8900,-66.9741,0.000,NORMAL,1,ROUTE,,,,,T1_REVERSE_TO_FORWARD
572.8360,-31.7958,-67.0078,0.000,NORMAL,1,ROUTE,,,,,T1_REVERSE_TO_FORWARD
572.9359,-31.7016,-67.0412,0.000,NORMAL,1,ROUTE,,,,,T1_REVERSE_TO_FORWARD
573.0358,-31.6073,-67.0742,0.000,NORMAL,1,ROUTE,,,,,T1_REVERSE_TO_FORWARD
573.1359,-31.5127,-67.1068,0.000,NORMAL,1,ROUTE,,,,,T1_REVERSE_TO_FORWARD
573.2358,-31.4181,-67.1390,0.000,NORMAL,1,ROUTE,,,,,T1_REVERSE_TO_FORWARD
573.3358,-31.3232,-67.1706,0.000,NORMAL,1,ROUTE,,,,,T1_REVERSE_TO_FORWARD
573.4358,-31.2282,-67.2018,0.000,NORMAL,1,ROUTE,,,,,T1_REVERSE_TO_FORWARD
573.5358,-31.1331,-67.2325,0.000,NORMAL,1,ROUTE,,,,,T1_REVERSE_TO_FORWARD
573.6358,-31.0378,-67.2628,0.000,NORMAL,1,ROUTE,,,,,T1_REVERSE_TO_FORWARD
573.7357,-30.9425,-67.2928,0.000,NORMAL,1,ROUTE,,,,,T1_REVERSE_TO_FORWARD
573.8357,-30.8470,-67.3225,0.000,NORMAL,1,ROUTE,,,,,T1_REVERSE_TO_FORWARD
573.9357,-30.7514,-67.3519,0.000,NORMAL,1,ROUTE,,,,,T1_REVERSE_TO_FORWARD
574.0356,-30.6558,-67.3810,0.000,NORMAL,1,ROUTE,,,,,T1_REVERSE_TO_FORWARD
574.1356,-30.5601,-67.4100,0.000,NORMAL,1,ROUTE,,,,,T1_REVERSE_TO_FORWARD
574.2356,-30.4644,-67.4389,0.000,NORMAL,1,ROUTE,,,,,T1_REVERSE_TO_FORWARD
574.3356,-30.3686,-67.4676,0.000,NORMAL,1,ROUTE,,,,,T1_REVERSE_TO_FORWARD
574.4356,-30.2728,-67.4962,0.000,NORMAL,1,ROUTE,,,,,T1_REVERSE_TO_FORWARD
574.5355,-30.1770,-67.5247,0.000,NORMAL,1,ROUTE,,,,,T1_REVERSE_TO_FORWARD
574.6354,-30.0812,-67.5531,0.000,NORMAL,1,ROUTE,,,,,T1_REVERSE_TO_FORWARD
574.7354,-29.9853,-67.5814,0.000,NORMAL,1,ROUTE,,,,,T1_REVERSE_TO_FORWARD
574.8354,-29.8894,-67.6096,0.000,NORMAL,1,ROUTE,,,,,T1_REVERSE_TO_FORWARD
574.9354,-29.7934,-67.6376,0.000,NORMAL,1,ROUTE,,,,,T1_REVERSE_TO_FORWARD
575.0353,-29.6974,-67.6654,0.000,NORMAL,1,ROUTE,,,,,T1_REVERSE_TO_FORWARD
575.1353,-29.6013,-67.6930,0.000,NORMAL,1,ROUTE,,,,,T1_REVERSE_TO_FORWARD
575.2353,-29.5051,-67.7203,0.000,NORMAL,1,ROUTE,,,,,T1_REVERSE_TO_FORWARD
575.3353,-29.4088,-67.7472,0.000,NORMAL,1,ROUTE,,,,,T1_REVERSE_TO_FORWARD
575.4353,-29.3124,-67.7736,0.000,NORMAL,1,ROUTE,,,,,T1_REVERSE_TO_FORWARD
575.5352,-29.2158,-67.7994,0.000,NORMAL,1,ROUTE,,,,,T1_REVERSE_TO_FORWARD
575.6352,-29.1190,-67.8245,0.000,NORMAL,1,ROUTE,,,,,T1_REVERSE_TO_FORWARD
575.7352,-29.0220,-67.8488,0.000,NORMAL,1,ROUTE,,,,,T1_REVERSE_TO_FORWARD
575.8352,-28.9248,-67.8720,0.000,NORMAL,1,ROUTE,,,,,T1_REVERSE_TO_FORWARD
575.9352,-28.8273,-67.8942,0.000,NORMAL,1,ROUTE,,,,,T1_REVERSE_TO_FORWARD
576.0351,-28.7296,-67.9152,0.000,NORMAL,1,ROUTE,,,,,T1_REVERSE_TO_FORWARD
576.1351,-28.6316,-67.9350,0.000,NORMAL,1,ROUTE,,,,,T1_REVERSE_TO_FORWARD
576.2351,-28.5333,-67.9534,0.000,NORMAL,1,ROUTE,,,,,T1_REVERSE_TO_FORWARD
576.3351,-28.4348,-67.9705,0.000,NORMAL,1,ROUTE,,,,,T1_REVERSE_TO_FORWARD
576.4351,-28.3360,-67.9859,0.000,NORMAL,1,ROUTE,,,,,T1_REVERSE_TO_FORWARD
576.5350,-28.2370,-67.9998,0.000,NORMAL,1,ROUTE,,,,,T1_REVERSE_TO_FORWARD
576.6350,-28.1378,-68.0118,0.000,NORMAL,1,ROUTE,,,,,T1_REVERSE_TO_FORWARD
576.7349,-28.0383,-68.0217,0.000,NORMAL,1,ROUTE,,,,,T1_REVERSE_TO_FORWARD
576.8349,-27.9386,-68.0294,0.000,NORMAL,1,ROUTE,,,,,T1_REVERSE_TO_FORWARD
576.9349,-27.8388,-68.0345,0.000,NORMAL,1,ROUTE,,,,,T1_REVERSE_TO_FORWARD
577.0349,-27.7388,-68.0370,0.000,NORMAL,1,ROUTE,,,,,T1_REVERSE_TO_FORWARD
577.1348,-27.6389,-68.0365,0.000,NORMAL,1,ROUTE,,,,,T1_REVERSE_TO_FORWARD
577.2348,-27.5390,-68.0329,0.000,NORMAL,1,ROUTE,,,,,T1_REVERSE_TO_FORWARD
577.3348,-27.4392,-68.0263,0.000,NORMAL,1,ROUTE,,,,,T1_REVERSE_TO_FORWARD
577.4347,-27.3397,-68.0167,0.000,NORMAL,1,ROUTE,,,,,T1_REVERSE_TO_FORWARD
577.5347,-27.2405,-68.0044,0.000,NORMAL,1,ROUTE,,,,,T1_REVERSE_TO_FORWARD
577.6347,-27.1416,-67.9896,0.000,NORMAL,1,ROUTE,,,,,T1_REVERSE_TO_FORWARD
577.7347,-27.0431,-67.9726,0.000,NORMAL,1,ROUTE,,,,,T1_REVERSE_TO_FORWARD
577.8347,-26.9449,-67.9537,0.000,NORMAL,1,ROUTE,,,,,T1_REVERSE_TO_FORWARD
577.9346,-26.8471,-67.9331,0.000,NORMAL,1,ROUTE,,,,,T1_REVERSE_TO_FORWARD
578.0346,-26.7496,-67.9110,0.000,NORMAL,1,ROUTE,,,,,T1_REVERSE_TO_FORWARD
578.1346,-26.6524,-67.8876,0.000,NORMAL,1,ROUTE,,,,,T1_REVERSE_TO_FORWARD
578.2345,-26.5555,-67.8631,0.000,NORMAL,1,ROUTE,,,,,T1_REVERSE_TO_FORWARD
578.3345,-26.4588,-67.8377,0.000,NORMAL,1,ROUTE,,,,,T1_REVERSE_TO_FORWARD
578.4345,-26.3623,-67.8115,0.000,NORMAL,1,ROUTE,,,,,T1_REVERSE_TO_FORWARD
578.5345,-26.2660,-67.7846,0.000,NORMAL,1,ROUTE,,,,,T1_REVERSE_TO_FORWARD
578.6344,-26.1699,-67.7571,0.000,NORMAL,1,ROUTE,,,,,T1_REVERSE_TO_FORWARD
578.7344,-26.0739,-67.7291,0.000,NORMAL,1,ROUTE,,,,,T1_REVERSE_TO_FORWARD
578.8343,-25.9781,-67.7007,0.000,NORMAL,1,ROUTE,,,,,T1_REVERSE_TO_FORWARD
578.9344,-25.8823,-67.6719,0.000,NORMAL,1,ROUTE,,,,,T1_REVERSE_TO_FORWARD
579.0344,-25.7867,-67.6426,0.000,NORMAL,1,ROUTE,,,,,T1_REVERSE_TO_FORWARD
579.1343,-25.6913,-67.6129,0.000,NORMAL,1,ROUTE,,,,,T1_REVERSE_TO_FORWARD
579.2343,-25.5960,-67.5827,0.000,NORMAL,1,ROUTE,,,,,T1_REVERSE_TO_FORWARD
579.3342,-25.5009,-67.5519,0.000,NORMAL,1,ROUTE,,,,,T1_REVERSE_TO_FORWARD
579.4342,-25.4060,-67.5204,0.000,NORMAL,1,ROUTE,,,,,T1_REVERSE_TO_FORWARD
579.5342,-25.3113,-67.4882,0.000,NORMAL,1,ROUTE,,,,,T1_REVERSE_TO_FORWARD
579.6342,-25.2170,-67.4550,0.000,NORMAL,1,ROUTE,,,,,T1_REVERSE_TO_FORWARD
579.7342,-25.1230,-67.4209,0.000,NORMAL,1,ROUTE,,,,,T1_REVERSE_TO_FORWARD
579.8341,-25.0295,-67.3857,0.000,NORMAL,1,ROUTE,,,,,T1_REVERSE_TO_FORWARD
579.9341,-24.9363,-67.3494,0.000,NORMAL,1,ROUTE,,,,,T1_REVERSE_TO_FORWARD
580.0341,-24.8437,-67.3118,0.000,NORMAL,1,ROUTE,,,,,T1_REVERSE_TO_FORWARD
580.1341,-24.7515,-67.2730,0.000,NORMAL,1,ROUTE,,,,,T1_REVERSE_TO_FORWARD
580.2340,-24.6600,-67.2329,0.000,NORMAL,1,ROUTE,,,,,T1_REVERSE_TO_FORWARD
580.3340,-24.5691,-67.1913,0.000,NORMAL,1,ROUTE,,,,,T1_REVERSE_TO_FORWARD
580.4340,-24.4789,-67.1481,0.000,NORMAL,1,ROUTE,,,,,T1_REVERSE_TO_FORWARD
580.5339,-24.3896,-67.1032,0.000,NORMAL,1,ROUTE,,,,,T1_REVERSE_TO_FORWARD
580.6339,-24.3012,-67.0565,0.000,NORMAL,1,ROUTE,,,,,T1_REVERSE_TO_FORWARD
580.7339,-24.2140,-67.0076,0.000,NORMAL,1,ROUTE,,,,,T1_REVERSE_TO_FORWARD
580.8339,-24.1280,-66.9566,0.000,NORMAL,1,ROUTE,,,,,T1_REVERSE_TO_FORWARD
580.9339,-24.0434,-66.9033,0.000,NORMAL,1,ROUTE,,,,,T1_REVERSE_TO_FORWARD
581.0338,-23.9605,-66.8475,0.000,NORMAL,1,ROUTE,,,,,T1_REVERSE_TO_FORWARD
581.1338,-23.8792,-66.7893,0.000,NORMAL,1,ROUTE,,,,,T1_REVERSE_TO_FORWARD
581.2338,-23.7996,-66.7288,0.000,NORMAL,1,ROUTE,,,,,T1_REVERSE_TO_FORWARD
581.3337,-23.7218,-66.6660,0.000,NORMAL,1,ROUTE,,,,,T1_REVERSE_TO_FORWARD
581.4337,-23.6458,-66.6011,0.000,NORMAL,1,ROUTE,,,,,T1_REVERSE_TO_FORWARD
581.5337,-23.5715,-66.5342,0.000,NORMAL,1,ROUTE,,,,,T1_REVERSE_TO_FORWARD
581.6337,-23.4988,-66.4655,0.000,NORMAL,1,ROUTE,,,,,T1_REVERSE_TO_FORWARD
581.7336,-23.4279,-66.3951,0.000,NORMAL,1,ROUTE,,,,,T1_REVERSE_TO_FORWARD
581.8335,-23.3587,-66.3230,0.000,NORMAL,1,ROUTE,,,,,T1_REVERSE_TO_FORWARD
581.9336,-23.2911,-66.2493,0.000,NORMAL,1,ROUTE,,,,,T1_REVERSE_TO_FORWARD
582.0335,-23.2252,-66.1741,0.000,NORMAL,1,ROUTE,,,,,T1_REVERSE_TO_FORWARD
582.1335,-23.1608,-66.0976,0.000,NORMAL,1,ROUTE,,,,,T1_REVERSE_TO_FORWARD
582.2335,-23.0980,-66.0198,0.000,NORMAL,1,ROUTE,,,,,T1_REVERSE_TO_FORWARD
582.3334,-23.0366,-65.9410,0.000,NORMAL,1,ROUTE,,,,,T1_REVERSE_TO_FORWARD
582.4335,-22.9764,-65.8611,0.000,NORMAL,1,ROUTE,,,,,T1_REVERSE_TO_FORWARD
582.5334,-22.9174,-65.7804,0.000,NORMAL,1,ROUTE,,,,,T1_REVERSE_TO_FORWARD
582.6334,-22.8593,-65.6991,0.000,NORMAL,1,ROUTE,,,,,T1_REVERSE_TO_FORWARD
582.7334,-22.8021,-65.6170,0.000,NORMAL,1,ROUTE,,,,,T1_REVERSE_TO_FORWARD
582.8333,-22.7458,-65.5345,0.000,NORMAL,1,ROUTE,,,,,T1_REVERSE_TO_FORWARD
582.9333,-22.6901,-65.4514,0.000,NORMAL,1,ROUTE,,,,,T1_REVERSE_TO_FORWARD
583.0333,-22.6352,-65.3679,0.000,NORMAL,1,ROUTE,,,,,T1_REVERSE_TO_FORWARD
583.1333,-22.5808,-65.2840,0.000,NORMAL,1,ROUTE,,,,,T1_REVERSE_TO_FORWARD
583.2333,-22.5270,-65.1997,0.000,NORMAL,1,ROUTE,,,,,T1_REVERSE_TO_FORWARD
583.3332,-22.4737,-65.1152,0.000,NORMAL,1,ROUTE,,,,,T1_REVERSE_TO_FORWARD
583.4332,-22.4208,-65.0303,0.000,NORMAL,1,ROUTE,,,,,T1_REVERSE_TO_FORWARD
583.5331,-22.3684,-64.9452,0.000,NORMAL,1,ROUTE,,,,,T1_REVERSE_TO_FORWARD
583.6331,-22.3164,-64.8598,0.000,NORMAL,1,ROUTE,,,,,T1_REVERSE_TO_FORWARD
583.7331,-22.2647,-64.7742,0.000,NORMAL,1,ROUTE,,,,,T1_REVERSE_TO_FORWARD
583.8331,-22.2134,-64.6884,0.000,NORMAL,1,ROUTE,,,,,T1_REVERSE_TO_FORWARD
583.9330,-22.1623,-64.6025,0.000,NORMAL,1,ROUTE,,,,,T1_REVERSE_TO_FORWARD
584.0330,-22.1116,-64.5163,0.000,NORMAL,1,ROUTE,,,,,T1_REVERSE_TO_FORWARD
584.1330,-22.0611,-64.4300,0.000,NORMAL,1,ROUTE,,,,,T1_REVERSE_TO_FORWARD
584.2330,-22.0109,-64.3436,0.000,NORMAL,1,ROUTE,,,,,T1_REVERSE_TO_FORWARD
584.3330,-21.9609,-64.2570,0.000,NORMAL,1,ROUTE,,,,,T1_REVERSE_TO_FORWARD
584.4329,-21.9112,-64.1703,0.000,NORMAL,1,ROUTE,,,,,T1_REVERSE_TO_FORWARD
584.5329,-21.8617,-64.0834,0.000,NORMAL,1,ROUTE,,,,,T1_REVERSE_TO_FORWARD
584.6329,-21.8124,-63.9964,0.000,NORMAL,1,ROUTE,,,,,T1_REVERSE_TO_FORWARD
584.7329,-21.7635,-63.9092,0.000,NORMAL,1,ROUTE,,,,,T1_REVERSE_TO_FORWARD
584.8328,-21.7148,-63.8219,0.000,NORMAL,1,ROUTE,,,,,T1_REVERSE_TO_FORWARD
584.9328,-21.6665,-63.7344,0.000,NORMAL,1,ROUTE,,,,,T1_REVERSE_TO_FORWARD
585.0328,-21.6185,-63.6467,0.000,NORMAL,1,ROUTE,,,,,T1_REVERSE_TO_FORWARD
585.1328,-21.5710,-63.5587,0.000,NORMAL,1,ROUTE,,,,,T1_REVERSE_TO_FORWARD
585.2328,-21.5239,-63.4705,0.000,NORMAL,1,ROUTE,,,,,T1_REVERSE_TO_FORWARD
585.3327,-21.4773,-63.3821,0.000,NORMAL,1,ROUTE,,,,,T1_REVERSE_TO_FORWARD
585.4327,-21.4312,-63.2933,0.000,NORMAL,1,ROUTE,,,,,T1_REVERSE_TO_FORWARD
585.5327,-21.3857,-63.2043,0.000,NORMAL,1,ROUTE,,,,,T1_REVERSE_TO_FORWARD
585.6326,-21.3408,-63.1150,0.000,NORMAL,1,ROUTE,,,,,T1_REVERSE_TO_FORWARD
585.7326,-21.2963,-63.0255,0.000,NORMAL,1,ROUTE,,,,,T1_REVERSE_TO_FORWARD
585.8326,-21.2524,-62.9357,0.000,NORMAL,1,ROUTE,,,,,T1_REVERSE_TO_FORWARD
585.9326,-21.2088,-62.8457,0.000,NORMAL,1,ROUTE,,,,,T1_REVERSE_TO_FORWARD
586.0326,-21.1656,-62.7555,0.000,NORMAL,1,ROUTE,,,,,T1_REVERSE_TO_FORWARD
586.1325,-21.1226,-62.6653,0.000,NORMAL,1,ROUTE,,,,,T1_REVERSE_TO_FORWARD
586.2325,-21.0798,-62.5749,0.000,NORMAL,1,ROUTE,,,,,T1_REVERSE_TO_FORWARD
586.3325,-21.0371,-62.4845,0.000,NORMAL,1,ROUTE,,,,,T1_REVERSE_TO_FORWARD
586.4324,-20.9943,-62.3942,0.000,NORMAL,1,ROUTE,,,,,T1_REVERSE_TO_FORWARD
586.5324,-20.9515,-62.3038,0.000,NORMAL,1,ROUTE,,,,,T1_REVERSE_TO_FORWARD
586.6324,-20.9085,-62.2136,0.000,NORMAL,1,ROUTE,,,,,T1_REVERSE_TO_FORWARD
586.7323,-20.8652,-62.1235,0.000,NORMAL,1,ROUTE,,,,,T1_REVERSE_TO_FORWARD
586.8323,-20.8216,-62.0335,0.000,NORMAL,1,ROUTE,,,,,T1_REVERSE_TO_FORWARD
586.9323,-20.7775,-61.9438,0.000,NORMAL,1,ROUTE,,,,,T1_REVERSE_TO_FORWARD
587.0322,-20.7330,-61.8543,0.000,NORMAL,1,ROUTE,,,,,T1_REVERSE_TO_FORWARD
587.1323,-20.6879,-61.7650,0.000,NORMAL,1,ROUTE,,,,,T1_REVERSE_TO_FORWARD
587.2322,-20.6423,-61.6761,0.000,NORMAL,1,ROUTE,,,,,T1_REVERSE_TO_FORWARD
587.3322,-20.5961,-61.5874,0.000,NORMAL,1,ROUTE,,,,,T1_REVERSE_TO_FORWARD
587.4322,-20.5493,-61.4990,0.000,NORMAL,1,ROUTE,,,,,T1_REVERSE_TO_FORWARD
587.5322,-20.5021,-61.4109,0.000,NORMAL,1,ROUTE,,,,,T1_REVERSE_TO_FORWARD
587.6321,-20.4545,-61.3230,0.000,NORMAL,1,ROUTE,,,,,T1_REVERSE_TO_FORWARD
587.7322,-20.4066,-61.2352,0.000,NORMAL,1,ROUTE,,,,,T1_REVERSE_TO_FORWARD
587.8321,-20.3586,-61.1475,0.000,NORMAL,1,ROUTE,,,,,T1_REVERSE_TO_FORWARD
587.9321,-20.3106,-61.0598,0.000,NORMAL,1,ROUTE,,,,,T1_REVERSE_TO_FORWARD
588.0320,-20.2627,-60.9721,0.000,NORMAL,1,ROUTE,,,,,T1_REVERSE_TO_FORWARD
588.1320,-20.2150,-60.8843,0.000,NORMAL,1,ROUTE,,,,,T1_REVERSE_TO_FORWARD
588.2321,-20.1675,-60.7962,0.000,NORMAL,1,ROUTE,,,,,T1_REVERSE_TO_FORWARD
588.3320,-20.1205,-60.7080,0.000,NORMAL,1,ROUTE,,,,,T1_REVERSE_TO_FORWARD
588.4320,-20.0740,-60.6195,0.000,NORMAL,1,ROUTE,,,,,T1_REVERSE_TO_FORWARD
588.5319,-20.0281,-60.5307,0.000,NORMAL,1,ROUTE,,,,,T1_REVERSE_TO_FORWARD
588.6318,-19.9829,-60.4416,0.000,NORMAL,1,ROUTE,,,,,T1_REVERSE_TO_FORWARD
588.7319,-19.9383,-60.3520,0.000,NORMAL,1,ROUTE,,,,,T1_REVERSE_TO_FORWARD
588.8318,-19.8945,-60.2622,0.000,NORMAL,1,ROUTE,,,,,T1_REVERSE_TO_FORWARD
588.9318,-19.8515,-60.1719,0.000,NORMAL,1,ROUTE,,,,,T1_REVERSE_TO_FORWARD
589.0318,-19.8092,-60.0813,0.000,NORMAL,1,ROUTE,,,,,T1_REVERSE_TO_FORWARD
589.1318,-19.7677,-59.9904,0.000,NORMAL,1,ROUTE,,,,,T1_REVERSE_TO_FORWARD
589.2317,-19.7268,-59.8992,0.000,NORMAL,1,ROUTE,,,,,T1_REVERSE_TO_FORWARD
589.3317,-19.6866,-59.8076,0.000,NORMAL,1,ROUTE,,,,,T1_REVERSE_TO_FORWARD
589.4317,-19.6469,-59.7159,0.000,NORMAL,1,ROUTE,,,,,T1_REVERSE_TO_FORWARD
589.5316,-19.6076,-59.6240,0.000,NORMAL,1,ROUTE,,,,,T1_REVERSE_TO_FORWARD
589.6317,-19.5685,-59.5319,0.000,NORMAL,1,ROUTE,,,,,T1_REVERSE_TO_FORWARD
589.7316,-19.5295,-59.4399,0.000,NORMAL,1,ROUTE,,,,,T1_REVERSE_TO_FORWARD
589.8316,-19.4906,-59.3478,0.000,NORMAL,1,ROUTE,,,,,T1_REVERSE_TO_FORWARD
589.9315,-19.4515,-59.2558,0.000,NORMAL,1,ROUTE,,,,,T1_REVERSE_TO_FORWARD
590.0315,-19.4122,-59.1639,0.000,NORMAL,1,ROUTE,,,,,T1_REVERSE_TO_FORWARD
590.1316,-19.3726,-59.0720,0.000,NORMAL,1,ROUTE,,,,,T1_REVERSE_TO_FORWARD
590.2315,-19.3328,-58.9803,0.000,NORMAL,1,ROUTE,,,,,T1_REVERSE_TO_FORWARD
590.3314,-19.2927,-58.8888,0.000,NORMAL,1,ROUTE,,,,,T1_REVERSE_TO_FORWARD
590.4315,-19.2523,-58.7973,0.000,NORMAL,1,ROUTE,,,,,T1_REVERSE_TO_FORWARD
590.5314,-19.2117,-58.7060,0.000,NORMAL,1,ROUTE,,,,,T1_REVERSE_TO_FORWARD
590.6314,-19.1708,-58.6147,0.000,NORMAL,1,ROUTE,,,,,T1_REVERSE_TO_FORWARD
590.7314,-19.1297,-58.5236,0.000,NORMAL,1,ROUTE,,,,,T1_REVERSE_TO_FORWARD
590.8313,-19.0885,-58.4325,0.000,NORMAL,1,ROUTE,,,,,T1_REVERSE_TO_FORWARD
590.9314,-19.0472,-58.3414,0.000,NORMAL,1,ROUTE,,,,,T1_REVERSE_TO_FORWARD
591.0313,-19.0058,-58.2504,0.000,NORMAL,1,ROUTE,,,,,T1_REVERSE_TO_FORWARD
591.1313,-18.9645,-58.1594,0.000,NORMAL,1,ROUTE,,,,,T1_REVERSE_TO_FORWARD
591.2312,-18.9232,-58.0684,0.000,NORMAL,1,ROUTE,,,,,T1_REVERSE_TO_FORWARD
591.3313,-18.8820,-57.9772,0.000,NORMAL,1,ROUTE,,,,,T1_REVERSE_TO_FORWARD
591.4312,-18.8411,-57.8860,0.000,NORMAL,1,ROUTE,,,,,T1_REVERSE_TO_FORWARD
591.5312,-18.8004,-57.7947,0.000,NORMAL,1,ROUTE,,,,,T1_REVERSE_TO_FORWARD
591.6312,-18.7601,-57.7032,0.000,NORMAL,1,ROUTE,,,,,T1_REVERSE_TO_FORWARD
591.7311,-18.7202,-57.6116,0.000,NORMAL,1,ROUTE,,,,,T1_REVERSE_TO_FORWARD
591.8311,-18.6808,-57.5197,0.000,NORMAL,1,ROUTE,,,,,T1_REVERSE_TO_FORWARD
591.9311,-18.6419,-57.4276,0.000,NORMAL,1,ROUTE,,,,,T1_REVERSE_TO_FORWARD
592.0311,-18.6036,-57.3352,0.000,NORMAL,1,ROUTE,,,,,T1_REVERSE_TO_FORWARD
592.1311,-18.5659,-57.2426,0.000,NORMAL,1,ROUTE,,,,,T1_REVERSE_TO_FORWARD
592.2310,-18.5290,-57.1497,0.000,NORMAL,1,ROUTE,,,,,T1_REVERSE_TO_FORWARD
592.3309,-18.4927,-57.0566,0.000,NORMAL,1,ROUTE,,,,,T1_REVERSE_TO_FORWARD
592.4310,-18.4572,-56.9631,0.000,NORMAL,1,ROUTE,,,,,T1_REVERSE_TO_FORWARD
592.5309,-18.4223,-56.8694,0.000,NORMAL,1,ROUTE,,,,,T1_REVERSE_TO_FORWARD
592.6309,-18.3881,-56.7755,0.000,NORMAL,1,ROUTE,,,,,T1_REVERSE_TO_FORWARD
592.7309,-18.3546,-56.6813,0.000,NORMAL,1,ROUTE,,,,,T1_REVERSE_TO_FORWARD
592.8309,-18.3215,-56.5869,0.000,NORMAL,1,ROUTE,,,,,T1_REVERSE_TO_FORWARD
592.9308,-18.2890,-56.4924,0.000,NORMAL,1,ROUTE,,,,,T1_REVERSE_TO_FORWARD
593.0308,-18.2568,-56.3978,0.000,NORMAL,1,ROUTE,,,,,T1_REVERSE_TO_FORWARD
593.1308,-18.2248,-56.3030,0.000,NORMAL,1,ROUTE,,,,,T1_REVERSE_TO_FORWARD
593.2307,-18.1930,-56.2083,0.000,NORMAL,1,ROUTE,,,,,T1_REVERSE_TO_FORWARD
593.3307,-18.1612,-56.1135,0.000,NORMAL,1,ROUTE,,,,,T1_REVERSE_TO_FORWARD
593.4307,-18.1293,-56.0187,0.000,NORMAL,1,ROUTE,,,,,T1_REVERSE_TO_FORWARD
593.5307,-18.0971,-55.9241,0.000,NORMAL,1,ROUTE,,,,,T1_REVERSE_TO_FORWARD
593.6306,-18.0645,-55.8296,0.000,NORMAL,1,ROUTE,,,,,T1_REVERSE_TO_FORWARD
593.7307,-18.0314,-55.7352,0.000,NORMAL,1,ROUTE,,,,,T1_REVERSE_TO_FORWARD
593.8306,-17.9977,-55.6411,0.000,NORMAL,1,ROUTE,,,,,T1_REVERSE_TO_FORWARD
593.9306,-17.9633,-55.5472,0.000,NORMAL,1,ROUTE,,,,,T1_REVERSE_TO_FORWARD
594.0306,-17.9282,-55.4536,0.000,NORMAL,1,ROUTE,,,,,T1_REVERSE_TO_FORWARD
594.1306,-17.8925,-55.3602,0.000,NORMAL,1,ROUTE,,,,,T1_REVERSE_TO_FORWARD
594.2305,-17.8562,-55.2671,0.000,NORMAL,1,ROUTE,,,,,T1_REVERSE_TO_FORWARD
594.3305,-17.8194,-55.1741,0.000,NORMAL,1,ROUTE,,,,,T1_REVERSE_TO_FORWARD
594.4305,-17.7822,-55.0813,0.000,NORMAL,1,ROUTE,,,,,T1_REVERSE_TO_FORWARD
594.5304,-17.7446,-54.9887,0.000,NORMAL,1,ROUTE,,,,,T1_REVERSE_TO_FORWARD
594.6304,-17.7068,-54.8961,0.000,NORMAL,1,ROUTE,,,,,T1_REVERSE_TO_FORWARD
594.7304,-17.6689,-54.8036,0.000,NORMAL,1,ROUTE,,,,,T1_REVERSE_TO_FORWARD
594.8304,-17.6310,-54.7111,0.000,NORMAL,1,ROUTE,,,,,T1_REVERSE_TO_FORWARD
594.9303,-17.5931,-54.6186,0.000,NORMAL,1,ROUTE,,,,,T1_REVERSE_TO_FORWARD
595.0303,-17.5553,-54.5261,0.000,NORMAL,1,ROUTE,,,,,T1_REVERSE_TO_FORWARD
595.1302,-17.5176,-54.4335,0.000,NORMAL,1,ROUTE,,,,,T1_REVERSE_TO_FORWARD
595.2302,-17.4801,-54.3408,0.000,NORMAL,1,ROUTE,,,,,T1_REVERSE_TO_FORWARD
595.3302,-17.4427,-54.2481,0.000,NORMAL,1,ROUTE,,,,,T1_REVERSE_TO_FORWARD
595.4302,-17.4056,-54.1552,0.000,NORMAL,1,ROUTE,,,,,T1_REVERSE_TO_FORWARD
595.5302,-17.3686,-54.0623,0.000,NORMAL,1,ROUTE,,,,,T1_REVERSE_TO_FORWARD
595.6302,-17.3318,-53.9694,0.000,NORMAL,1,ROUTE,,,,,T1_REVERSE_TO_FORWARD
595.7301,-17.2952,-53.8764,0.000,NORMAL,1,ROUTE,,,,,T1_REVERSE_TO_FORWARD
595.8301,-17.2586,-53.7833,0.000,NORMAL,1,ROUTE,,,,,T1_REVERSE_TO_FORWARD
595.9301,-17.2222,-53.6902,0.000,NORMAL,1,ROUTE,,,,,T1_REVERSE_TO_FORWARD
596.0301,-17.1857,-53.5971,0.000,NORMAL,1,ROUTE,,,,,T1_REVERSE_TO_FORWARD
596.1300,-17.1492,-53.5041,0.000,NORMAL,1,ROUTE,,,,,T1_REVERSE_TO_FORWARD
596.2300,-17.1127,-53.4110,0.000,NORMAL,1,ROUTE,,,,,T1_REVERSE_TO_FORWARD
596.3300,-17.0760,-53.3180,0.000,NORMAL,1,ROUTE,,,,,T1_REVERSE_TO_FORWARD
596.4300,-17.0392,-53.2250,0.000,NORMAL,1,ROUTE,,,,,T1_REVERSE_TO_FORWARD
596.5300,-17.0023,-53.1321,0.000,NORMAL,1,ROUTE,,,,,T1_REVERSE_TO_FORWARD
596.6299,-16.9653,-53.0393,0.000,NORMAL,1,ROUTE,,,,,T1_REVERSE_TO_FORWARD
596.7298,-16.9281,-52.9465,0.000,NORMAL,1,ROUTE,,,,,T1_REVERSE_TO_FORWARD
596.8299,-16.8908,-52.8537,0.000,NORMAL,1,ROUTE,,,,,T1_REVERSE_TO_FORWARD
596.9299,-16.8535,-52.7609,0.000,NORMAL,1,ROUTE,,,,,T1_REVERSE_TO_FORWARD
597.0298,-16.8162,-52.6682,0.000,NORMAL,1,ROUTE,,,,,T1_REVERSE_TO_FORWARD
597.1298,-16.7789,-52.5754,0.000,NORMAL,1,ROUTE,,,,,T1_REVERSE_TO_FORWARD
597.2297,-16.7416,-52.4827,0.000,NORMAL,1,ROUTE,,,,,T1_REVERSE_TO_FORWARD
597.3297,-16.7043,-52.3899,0.000,NORMAL,1,ROUTE,,,,,T1_REVERSE_TO_FORWARD
597.4297,-16.6669,-52.2972,0.000,NORMAL,1,ROUTE,,,,,T1_REVERSE_TO_FORWARD
597.5296,-16.6293,-52.2046,0.000,NORMAL,1,ROUTE,,,,,T1_REVERSE_TO_FORWARD
597.6296,-16.5914,-52.1121,0.000,NORMAL,1,ROUTE,,,,,T1_REVERSE_TO_FORWARD
597.7297,-16.5530,-52.0197,0.000,NORMAL,1,ROUTE,,,,,T1_REVERSE_TO_FORWARD
597.8296,-16.5141,-51.9277,0.000,NORMAL,1,ROUTE,,,,,T1_REVERSE_TO_FORWARD
597.9295,-16.4745,-51.8359,0.000,NORMAL,1,ROUTE,,,,,T1_REVERSE_TO_FORWARD
598.0296,-16.4341,-51.7444,0.000,NORMAL,1,ROUTE,,,,,T1_REVERSE_TO_FORWARD
598.1295,-16.3929,-51.6533,0.000,NORMAL,1,ROUTE,,,,,T1_REVERSE_TO_FORWARD
598.2295,-16.3510,-51.5625,0.000,NORMAL,1,ROUTE,,,,,T1_REVERSE_TO_FORWARD
598.3294,-16.3085,-51.4721,0.000,NORMAL,1,ROUTE,,,,,T1_REVERSE_TO_FORWARD
598.4295,-16.2655,-51.3818,0.000,NORMAL,1,ROUTE,,,,,T1_REVERSE_TO_FORWARD
598.5294,-16.2222,-51.2917,0.000,NORMAL,1,ROUTE,,,,,T1_REVERSE_TO_FORWARD
598.6294,-16.1790,-51.2015,0.000,NORMAL,1,ROUTE,,,,,T1_REVERSE_TO_FORWARD
598.7294,-16.1359,-51.1113,0.000,NORMAL,1,ROUTE,,,,,T1_REVERSE_TO_FORWARD
598.8294,-16.0932,-51.0209,0.000,NORMAL,1,ROUTE,,,,,T1_REVERSE_TO_FORWARD
598.9293,-16.0512,-50.9302,0.000,NORMAL,1,ROUTE,,,,,T1_REVERSE_TO_FORWARD
599.0293,-16.0098,-50.8392,0.000,NORMAL,1,ROUTE,,,,,T1_REVERSE_TO_FORWARD
599.1292,-15.9694,-50.7478,0.000,NORMAL,1,ROUTE,,,,,T1_REVERSE_TO_FORWARD
599.2293,-15.9298,-50.6559,0.000,NORMAL,1,ROUTE,,,,,T1_REVERSE_TO_FORWARD
599.3292,-15.8913,-50.5637,0.000,NORMAL,1,ROUTE,,,,,T1_REVERSE_TO_FORWARD
599.4293,-15.8537,-50.4710,0.000,NORMAL,1,ROUTE,,,,,T1_REVERSE_TO_FORWARD
599.5292,-15.8173,-50.3779,0.000,NORMAL,1,ROUTE,,,,,T1_REVERSE_TO_FORWARD
599.6291,-15.7818,-50.2845,0.000,NORMAL,1,ROUTE,,,,,T1_REVERSE_TO_FORWARD
599.7291,-15.7474,-50.1906,0.000,NORMAL,1,ROUTE,,,,,T1_REVERSE_TO_FORWARD
599.8291,-15.7138,-50.0964,0.000,NORMAL,1,ROUTE,,,,,T1_REVERSE_TO_FORWARD
599.9291,-15.6810,-50.0020,0.000,NORMAL,1,ROUTE,,,,,T1_REVERSE_TO_FORWARD
600.0291,-15.6489,-49.9073,0.000,NORMAL,1,ROUTE,,,,,T1_REVERSE_TO_FORWARD
600.1290,-15.6172,-49.8125,0.000,NORMAL,1,ROUTE,,,,,T1_REVERSE_TO_FORWARD
600.2290,-15.5859,-49.7176,0.000,NORMAL,1,ROUTE,,,,,T1_REVERSE_TO_FORWARD
600.3290,-15.5548,-49.6225,0.000,NORMAL,1,ROUTE,,,,,T1_REVERSE_TO_FORWARD
600.4290,-15.5237,-49.5275,0.000,NORMAL,1,ROUTE,,,,,T1_REVERSE_TO_FORWARD
600.5289,-15.4926,-49.4325,0.000,NORMAL,1,ROUTE,,,,,T1_REVERSE_TO_FORWARD
600.6289,-15.4611,-49.3376,0.000,NORMAL,1,ROUTE,,,,,T1_REVERSE_TO_FORWARD
600.7289,-15.4293,-49.2428,0.000,NORMAL,1,ROUTE,,,,,T1_REVERSE_TO_FORWARD
600.8289,-15.3970,-49.1482,0.000,NORMAL,1,ROUTE,,,,,T1_REVERSE_TO_FORWARD
600.9288,-15.3640,-49.0539,0.000,NORMAL,1,ROUTE,,,,,T1_REVERSE_TO_FORWARD
601.0288,-15.3302,-48.9598,0.000,NORMAL,1,ROUTE,,,,,T1_REVERSE_TO_FORWARD
601.1288,-15.2955,-48.8660,0.000,NORMAL,1,ROUTE,,,,,T1_REVERSE_TO_FORWARD
601.2287,-15.2600,-48.7726,0.000,NORMAL,1,ROUTE,,,,,T1_REVERSE_TO_FORWARD
601.3287,-15.2235,-48.6795,0.000,NORMAL,1,ROUTE,,,,,T1_REVERSE_TO_FORWARD
601.4288,-15.1861,-48.5867,0.000,NORMAL,1,ROUTE,,,,,T1_REVERSE_TO_FORWARD
601.5287,-15.1480,-48.4943,0.000,NORMAL,1,ROUTE,,,,,T1_REVERSE_TO_FORWARD
601.6287,-15.1094,-48.4021,0.000,NORMAL,1,ROUTE,,,,,T1_REVERSE_TO_FORWARD
601.7286,-15.0703,-48.3101,0.000,NORMAL,1,ROUTE,,,,,T1_REVERSE_TO_FORWARD
601.8286,-15.0311,-48.2181,0.000,NORMAL,1,ROUTE,,,,,T1_REVERSE_TO_FORWARD
601.9286,-14.9920,-48.1261,0.000,NORMAL,1,ROUTE,,,,,T1_REVERSE_TO_FORWARD
602.0285,-14.9532,-48.0340,0.000,NORMAL,1,ROUTE,,,,,T1_REVERSE_TO_FORWARD
602.1286,-14.9149,-47.9416,0.000,NORMAL,1,ROUTE,,,,,T1_REVERSE_TO_FORWARD
602.2285,-14.8771,-47.8491,0.000,NORMAL,1,ROUTE,,,,,T1_REVERSE_TO_FORWARD
602.3285,-14.8400,-47.7562,0.000,NORMAL,1,ROUTE,,,,,T1_REVERSE_TO_FORWARD
602.4284,-14.8035,-47.6632,0.000,NORMAL,1,ROUTE,,,,,T1_REVERSE_TO_FORWARD
602.5285,-14.7674,-47.5699,0.000,NORMAL,1,ROUTE,,,,,T1_REVERSE_TO_FORWARD
602.6284,-14.7319,-47.4765,0.000,NORMAL,1,ROUTE,,,,,T1_REVERSE_TO_FORWARD
602.7284,-14.6967,-47.3829,0.000,NORMAL,1,ROUTE,,,,,T1_REVERSE_TO_FORWARD
602.8284,-14.6618,-47.2892,0.000,NORMAL,1,ROUTE,,,,,T1_REVERSE_TO_FORWARD
602.9283,-14.6271,-47.1955,0.000,NORMAL,1,ROUTE,,,,,T1_REVERSE_TO_FORWARD
603.0283,-14.5926,-47.1016,0.000,NORMAL,1,ROUTE,,,,,T1_REVERSE_TO_FORWARD
603.1283,-14.5581,-47.0078,0.000,NORMAL,1,ROUTE,,,,,T1_REVERSE_TO_FORWARD
603.2283,-14.5237,-46.9139,0.000,NORMAL,1,ROUTE,,,,,T1_REVERSE_TO_FORWARD
603.3282,-14.4892,-46.8201,0.000,NORMAL,1,ROUTE,,,,,T1_REVERSE_TO_FORWARD
603.4283,-14.4547,-46.7262,0.000,NORMAL,1,ROUTE,,,,,T1_REVERSE_TO_FORWARD
603.5282,-14.4201,-46.6324,0.000,NORMAL,1,ROUTE,,,,,T1_REVERSE_TO_FORWARD
603.6282,-14.3854,-46.5387,0.000,NORMAL,1,ROUTE,,,,,T1_REVERSE_TO_FORWARD
603.7281,-14.3506,-46.4450,0.000,NORMAL,1,ROUTE,,,,,T1_REVERSE_TO_FORWARD
603.8281,-14.3155,-46.3514,0.000,NORMAL,1,ROUTE,,,,,T1_REVERSE_TO_FORWARD
603.9281,-14.2802,-46.2578,0.000,NORMAL,1,ROUTE,,,,,T1_REVERSE_TO_FORWARD
604.0281,-14.2446,-46.1644,0.000,NORMAL,1,ROUTE,,,,,T1_REVERSE_TO_FORWARD
604.1280,-14.2087,-46.0711,0.000,NORMAL,1,ROUTE,,,,,T1_REVERSE_TO_FORWARD
604.2280,-14.1724,-45.9780,0.000,NORMAL,1,ROUTE,,,,,T1_REVERSE_TO_FORWARD
604.3279,-14.1357,-45.8850,0.000,NORMAL,1,ROUTE,,,,,T1_REVERSE_TO_FORWARD
604.4280,-14.0985,-45.7921,0.000,NORMAL,1,ROUTE,,,,,T1_REVERSE_TO_FORWARD
604.5280,-14.0609,-45.6995,0.000,NORMAL,1,ROUTE,,,,,T1_REVERSE_TO_FORWARD
604.6279,-14.0228,-45.6071,0.000,NORMAL,1,ROUTE,,,,,T1_REVERSE_TO_FORWARD
604.7279,-13.9843,-45.5148,0.000,NORMAL,1,ROUTE,,,,,T1_REVERSE_TO_FORWARD
604.8279,-13.9454,-45.4227,0.000,NORMAL,1,ROUTE,,,,,T1_REVERSE_TO_FORWARD
604.9278,-13.9061,-45.3308,0.000,NORMAL,1,ROUTE,,,,,T1_REVERSE_TO_FORWARD
605.0278,-13.8667,-45.2389,0.000,NORMAL,1,ROUTE,,,,,T1_REVERSE_TO_FORWARD
605.1278,-13.8271,-45.1471,0.000,NORMAL,1,ROUTE,,,,,T1_REVERSE_TO_FORWARD
605.2278,-13.7875,-45.0553,0.000,NORMAL,1,ROUTE,,,,,T1_REVERSE_TO_FORWARD
605.3278,-13.7479,-44.9635,0.000,NORMAL,1,ROUTE,,,,,T1_REVERSE_TO_FORWARD
605.4277,-13.7085,-44.8716,0.000,NORMAL,1,ROUTE,,,,,T1_REVERSE_TO_FORWARD
605.5277,-13.6693,-44.7797,0.000,NORMAL,1,ROUTE,,,,,T1_REVERSE_TO_FORWARD
605.6277,-13.6303,-44.6876,0.000,NORMAL,1,ROUTE,,,,,T1_REVERSE_TO_FORWARD
605.7277,-13.5916,-44.5954,0.000,NORMAL,1,ROUTE,,,,,T1_REVERSE_TO_FORWARD
605.8276,-13.5533,-44.5031,0.000,NORMAL,1,ROUTE,,,,,T1_REVERSE_TO_FORWARD
605.9275,-13.5152,-44.4107,0.000,NORMAL,1,ROUTE,,,,,T1_REVERSE_TO_FORWARD
606.0276,-13.4774,-44.3181,0.000,NORMAL,1,ROUTE,,,,,T1_REVERSE_TO_FORWARD
606.1275,-13.4400,-44.2254,0.000,NORMAL,1,ROUTE,,,,,T1_REVERSE_TO_FORWARD
606.2275,-13.4028,-44.1326,0.000,NORMAL,1,ROUTE,,,,,T1_REVERSE_TO_FORWARD
606.3275,-13.3658,-44.0397,0.000,NORMAL,1,ROUTE,,,,,T1_REVERSE_TO_FORWARD
606.4275,-13.3290,-43.9467,0.000,NORMAL,1,ROUTE,,,,,T1_REVERSE_TO_FORWARD
606.5275,-13.2924,-43.8537,0.000,NORMAL,1,ROUTE,,,,,T1_REVERSE_TO_FORWARD
606.6275,-13.2559,-43.7606,0.000,NORMAL,1,ROUTE,,,,,T1_REVERSE_TO_FORWARD
606.7274,-13.2194,-43.6676,0.000,NORMAL,1,ROUTE,,,,,T1_REVERSE_TO_FORWARD
606.8274,-13.1828,-43.5745,0.000,NORMAL,1,ROUTE,,,,,T1_REVERSE_TO_FORWARD
606.9274,-13.1461,-43.4815,0.000,NORMAL,1,ROUTE,,,,,T1_REVERSE_TO_FORWARD
607.0274,-13.1091,-43.3886,0.000,NORMAL,1,ROUTE,,,,,T1_REVERSE_TO_FORWARD
607.1273,-13.0718,-43.2959,0.000,NORMAL,1,ROUTE,,,,,T1_REVERSE_TO_FORWARD
607.2273,-13.0341,-43.2033,0.000,NORMAL,1,ROUTE,,,,,T1_REVERSE_TO_FORWARD
607.3272,-12.9957,-43.1110,0.000,NORMAL,1,ROUTE,,,,,T1_REVERSE_TO_FORWARD
607.4272,-12.9567,-43.0190,0.000,NORMAL,1,ROUTE,,,,,T1_REVERSE_TO_FORWARD
607.5272,-12.9168,-42.9273,0.000,NORMAL,1,ROUTE,,,,,T1_REVERSE_TO_FORWARD
607.6272,-12.8757,-42.8361,0.000,NORMAL,1,ROUTE,,,,,T1_REVERSE_TO_FORWARD
607.7033,-12.8436,-42.7671,0.000,PARALLEL_PARK,1,PARALLEL_PARK,PARALLEL_PARK_START,ENTER_ZONE,,,PARALLEL_1_BYPASS_FORWARD
607.8033,-12.8025,-42.6759,0.000,PARALLEL_PARK,1,PARALLEL_PARK,,,,,PARALLEL_1_BYPASS_FORWARD
607.9033,-12.7637,-42.5838,0.000,PARALLEL_PARK,1,PARALLEL_PARK,,,,,PARALLEL_1_BYPASS_FORWARD
608.0033,-12.7272,-42.4907,0.000,PARALLEL_PARK,1,PARALLEL_PARK,,,,,PARALLEL_1_BYPASS_FORWARD
608.1032,-12.6929,-42.3968,0.000,PARALLEL_PARK,1,PARALLEL_PARK,,,,,PARALLEL_1_BYPASS_FORWARD
608.2033,-12.6608,-42.3020,0.000,PARALLEL_PARK,1,PARALLEL_PARK,,,,,PARALLEL_1_BYPASS_FORWARD
608.3033,-12.6310,-42.2066,0.000,PARALLEL_PARK,1,PARALLEL_PARK,,,,,PARALLEL_1_BYPASS_FORWARD
608.4033,-12.6034,-42.1105,0.000,PARALLEL_PARK,1,PARALLEL_PARK,,,,,PARALLEL_1_BYPASS_FORWARD
608.5033,-12.5780,-42.0137,0.000,PARALLEL_PARK,1,PARALLEL_PARK,,,,,PARALLEL_1_BYPASS_FORWARD
608.6033,-12.5548,-41.9165,0.000,PARALLEL_PARK,1,PARALLEL_PARK,,,,,PARALLEL_1_BYPASS_FORWARD
608.7033,-12.5337,-41.8187,0.000,PARALLEL_PARK,1,PARALLEL_PARK,,,,,PARALLEL_1_BYPASS_FORWARD
608.8033,-12.5148,-41.7205,0.000,PARALLEL_PARK,1,PARALLEL_PARK,,,,,PARALLEL_1_BYPASS_FORWARD
608.9032,-12.4980,-41.6220,0.000,PARALLEL_PARK,1,PARALLEL_PARK,,,,,PARALLEL_1_BYPASS_FORWARD
609.0033,-12.4832,-41.5231,0.000,PARALLEL_PARK,1,PARALLEL_PARK,,,,,PARALLEL_1_BYPASS_FORWARD
609.1033,-12.4704,-41.4239,0.000,PARALLEL_PARK,1,PARALLEL_PARK,,,,,PARALLEL_1_BYPASS_FORWARD
609.2033,-12.4596,-41.3245,0.000,PARALLEL_PARK,1,PARALLEL_PARK,,,,,PARALLEL_1_BYPASS_FORWARD
609.3033,-12.4507,-41.2249,0.000,PARALLEL_PARK,1,PARALLEL_PARK,,,,,PARALLEL_1_BYPASS_FORWARD
609.4033,-12.4438,-41.1251,0.000,PARALLEL_PARK,1,PARALLEL_PARK,,,,,PARALLEL_1_BYPASS_FORWARD
609.5032,-12.4386,-41.0253,0.000,PARALLEL_PARK,1,PARALLEL_PARK,,,,,PARALLEL_1_BYPASS_FORWARD
609.6033,-12.4353,-40.9253,0.000,PARALLEL_PARK,1,PARALLEL_PARK,,,,,PARALLEL_1_BYPASS_FORWARD
609.7033,-12.4338,-40.8253,0.000,PARALLEL_PARK,1,PARALLEL_PARK,,,,,PARALLEL_1_BYPASS_FORWARD
609.8033,-12.4340,-40.7253,0.000,PARALLEL_PARK,1,PARALLEL_PARK,,,,,PARALLEL_1_BYPASS_FORWARD
609.9033,-12.4359,-40.6253,0.000,PARALLEL_PARK,1,PARALLEL_PARK,,,,,PARALLEL_1_BYPASS_FORWARD
610.0033,-12.4394,-40.5254,0.000,PARALLEL_PARK,1,PARALLEL_PARK,,,,,PARALLEL_1_BYPASS_FORWARD
610.1033,-12.4445,-40.4255,0.000,PARALLEL_PARK,1,PARALLEL_PARK,,,,,PARALLEL_1_BYPASS_FORWARD
610.2032,-12.4512,-40.3258,0.000,PARALLEL_PARK,1,PARALLEL_PARK,,,,,PARALLEL_1_BYPASS_FORWARD
610.3033,-12.4594,-40.2261,0.000,PARALLEL_PARK,1,PARALLEL_PARK,,,,,PARALLEL_1_BYPASS_FORWARD
610.4032,-12.4691,-40.1266,0.000,PARALLEL_PARK,1,PARALLEL_PARK,,,,,PARALLEL_1_BYPASS_FORWARD
610.5033,-12.4802,-40.0272,0.000,PARALLEL_PARK,1,PARALLEL_PARK,,,,,PARALLEL_1_BYPASS_FORWARD
610.6032,-12.4927,-39.9280,0.000,PARALLEL_PARK,1,PARALLEL_PARK,,,,,PARALLEL_1_BYPASS_FORWARD
610.7033,-12.5065,-39.8289,0.000,PARALLEL_PARK,1,PARALLEL_PARK,,,,,PARALLEL_1_BYPASS_FORWARD
610.8033,-12.5217,-39.7301,0.000,PARALLEL_PARK,1,PARALLEL_PARK,,,,,PARALLEL_1_BYPASS_FORWARD
610.9032,-12.5382,-39.6315,0.000,PARALLEL_PARK,1,PARALLEL_PARK,,,,,PARALLEL_1_BYPASS_FORWARD
611.0033,-12.5559,-39.5330,0.000,PARALLEL_PARK,1,PARALLEL_PARK,,,,,PARALLEL_1_BYPASS_FORWARD
611.1032,-12.5748,-39.4349,0.000,PARALLEL_PARK,1,PARALLEL_PARK,,,,,PARALLEL_1_BYPASS_FORWARD
611.2033,-12.5950,-39.3369,0.000,PARALLEL_PARK,1,PARALLEL_PARK,,,,,PARALLEL_1_BYPASS_FORWARD
611.3032,-12.6162,-39.2392,0.000,PARALLEL_PARK,1,PARALLEL_PARK,,,,,PARALLEL_1_BYPASS_FORWARD
611.4033,-12.6386,-39.1417,0.000,PARALLEL_PARK,1,PARALLEL_PARK,,,,,PARALLEL_1_BYPASS_FORWARD
611.5033,-12.6621,-39.0445,0.000,PARALLEL_PARK,1,PARALLEL_PARK,,,,,PARALLEL_1_BYPASS_FORWARD
611.6033,-12.6867,-38.9476,0.000,PARALLEL_PARK,1,PARALLEL_PARK,,,,,PARALLEL_1_BYPASS_FORWARD
611.7033,-12.7123,-38.8509,0.000,PARALLEL_PARK,1,PARALLEL_PARK,,,,,PARALLEL_1_BYPASS_FORWARD
611.8033,-12.7389,-38.7545,0.000,PARALLEL_PARK,1,PARALLEL_PARK,,,,,PARALLEL_1_BYPASS_FORWARD
611.9033,-12.7664,-38.6584,0.000,PARALLEL_PARK,1,PARALLEL_PARK,,,,,PARALLEL_1_BYPASS_FORWARD
612.0032,-12.7950,-38.5626,0.000,PARALLEL_PARK,1,PARALLEL_PARK,,,,,PARALLEL_1_BYPASS_FORWARD
612.1033,-12.8245,-38.4670,0.000,PARALLEL_PARK,1,PARALLEL_PARK,,,,,PARALLEL_1_BYPASS_FORWARD
612.2033,-12.8548,-38.3717,0.000,PARALLEL_PARK,1,PARALLEL_PARK,,,,,PARALLEL_1_BYPASS_FORWARD
612.3033,-12.8861,-38.2767,0.000,PARALLEL_PARK,1,PARALLEL_PARK,,,,,PARALLEL_1_BYPASS_FORWARD
612.4032,-12.9182,-38.1821,0.000,PARALLEL_PARK,1,PARALLEL_PARK,,,,,PARALLEL_1_BYPASS_FORWARD
612.5033,-12.9512,-38.0876,0.000,PARALLEL_PARK,1,PARALLEL_PARK,,,,,PARALLEL_1_BYPASS_FORWARD
612.6033,-12.9850,-37.9935,0.000,PARALLEL_PARK,1,PARALLEL_PARK,,,,,PARALLEL_1_BYPASS_FORWARD
612.7033,-13.0196,-37.8997,0.000,PARALLEL_PARK,1,PARALLEL_PARK,,,,,PARALLEL_1_BYPASS_FORWARD
612.8032,-13.0550,-37.8062,0.000,PARALLEL_PARK,1,PARALLEL_PARK,,,,,PARALLEL_1_BYPASS_FORWARD
612.9032,-13.0912,-37.7130,0.000,PARALLEL_PARK,1,PARALLEL_PARK,,,,,PARALLEL_1_BYPASS_FORWARD
613.0033,-13.1281,-37.6200,0.000,PARALLEL_PARK,1,PARALLEL_PARK,,,,,PARALLEL_1_BYPASS_FORWARD
613.1032,-13.1657,-37.5274,0.000,PARALLEL_PARK,1,PARALLEL_PARK,,,,,PARALLEL_1_BYPASS_FORWARD
613.2033,-13.2041,-37.4350,0.000,PARALLEL_PARK,1,PARALLEL_PARK,,,,,PARALLEL_1_BYPASS_FORWARD
613.3032,-13.2431,-37.3430,0.000,PARALLEL_PARK,1,PARALLEL_PARK,,,,,PARALLEL_1_BYPASS_FORWARD
613.4033,-13.2829,-37.2512,0.000,PARALLEL_PARK,1,PARALLEL_PARK,,,,,PARALLEL_1_BYPASS_FORWARD
613.5033,-13.3233,-37.1597,0.000,PARALLEL_PARK,1,PARALLEL_PARK,,,,,PARALLEL_1_BYPASS_FORWARD
613.6033,-13.3643,-37.0685,0.000,PARALLEL_PARK,1,PARALLEL_PARK,,,,,PARALLEL_1_BYPASS_FORWARD
613.7033,-13.4060,-36.9776,0.000,PARALLEL_PARK,1,PARALLEL_PARK,,,,,PARALLEL_1_BYPASS_FORWARD
613.8033,-13.4484,-36.8870,0.000,PARALLEL_PARK,1,PARALLEL_PARK,,,,,PARALLEL_1_BYPASS_FORWARD
613.9033,-13.4913,-36.7967,0.000,PARALLEL_PARK,1,PARALLEL_PARK,,,,,PARALLEL_1_BYPASS_FORWARD
614.0033,-13.5349,-36.7067,0.000,PARALLEL_PARK,1,PARALLEL_PARK,,,,,PARALLEL_1_BYPASS_FORWARD
614.1032,-13.5790,-36.6170,0.000,PARALLEL_PARK,1,PARALLEL_PARK,,,,,PARALLEL_1_BYPASS_FORWARD
614.2033,-13.6237,-36.5275,0.000,PARALLEL_PARK,1,PARALLEL_PARK,,,,,PARALLEL_1_BYPASS_FORWARD
614.3032,-13.6690,-36.4384,0.000,PARALLEL_PARK,1,PARALLEL_PARK,,,,,PARALLEL_1_BYPASS_FORWARD
614.4033,-13.7149,-36.3495,0.000,PARALLEL_PARK,1,PARALLEL_PARK,,,,,PARALLEL_1_BYPASS_FORWARD
614.5033,-13.7613,-36.2609,0.000,PARALLEL_PARK,1,PARALLEL_PARK,,,,,PARALLEL_1_BYPASS_FORWARD
614.6033,-13.8082,-36.1726,0.000,PARALLEL_PARK,1,PARALLEL_PARK,,,,,PARALLEL_1_BYPASS_FORWARD
614.7032,-13.8556,-36.0846,0.000,PARALLEL_PARK,1,PARALLEL_PARK,,,,,PARALLEL_1_BYPASS_FORWARD
614.8032,-13.9036,-35.9969,0.000,PARALLEL_PARK,1,PARALLEL_PARK,,,,,PARALLEL_1_BYPASS_FORWARD
614.9033,-13.9521,-35.9094,0.000,PARALLEL_PARK,1,PARALLEL_PARK,,,,,PARALLEL_1_BYPASS_FORWARD
615.0033,-14.0011,-35.8222,0.000,PARALLEL_PARK,1,PARALLEL_PARK,,,,,PARALLEL_1_BYPASS_FORWARD
615.1032,-14.0505,-35.7353,0.000,PARALLEL_PARK,1,PARALLEL_PARK,,,,,PARALLEL_1_BYPASS_FORWARD
615.2032,-14.1005,-35.6487,0.000,PARALLEL_PARK,1,PARALLEL_PARK,,,,,PARALLEL_1_BYPASS_FORWARD
615.3033,-14.1509,-35.5623,0.000,PARALLEL_PARK,1,PARALLEL_PARK,,,,,PARALLEL_1_BYPASS_FORWARD
615.4033,-14.2018,-35.4762,0.000,PARALLEL_PARK,1,PARALLEL_PARK,,,,,PARALLEL_1_BYPASS_FORWARD
615.5033,-14.2531,-35.3904,0.000,PARALLEL_PARK,1,PARALLEL_PARK,,,,,PARALLEL_1_BYPASS_FORWARD
615.6032,-14.3049,-35.3049,0.000,PARALLEL_PARK,1,PARALLEL_PARK,,,,,PARALLEL_1_BYPASS_FORWARD
615.7033,-14.3572,-35.2196,0.000,PARALLEL_PARK,1,PARALLEL_PARK,,,,,PARALLEL_1_BYPASS_FORWARD
615.8033,-14.4099,-35.1346,0.000,PARALLEL_PARK,1,PARALLEL_PARK,,,,,PARALLEL_1_BYPASS_FORWARD
615.9033,-14.4630,-35.0499,0.000,PARALLEL_PARK,1,PARALLEL_PARK,,,,,PARALLEL_1_BYPASS_FORWARD
616.0033,-14.5165,-34.9654,0.000,PARALLEL_PARK,1,PARALLEL_PARK,,,,,PARALLEL_1_BYPASS_FORWARD
616.1033,-14.5705,-34.8812,0.000,PARALLEL_PARK,1,PARALLEL_PARK,,,,,PARALLEL_1_BYPASS_FORWARD
616.2033,-14.6249,-34.7973,0.000,PARALLEL_PARK,1,PARALLEL_PARK,,,,,PARALLEL_1_BYPASS_FORWARD
616.3032,-14.6796,-34.7137,0.000,PARALLEL_PARK,1,PARALLEL_PARK,,,,,PARALLEL_1_BYPASS_FORWARD
616.4032,-14.7348,-34.6303,0.000,PARALLEL_PARK,1,PARALLEL_PARK,,,,,PARALLEL_1_BYPASS_FORWARD
616.5033,-14.7904,-34.5471,0.000,PARALLEL_PARK,1,PARALLEL_PARK,,,,,PARALLEL_1_BYPASS_FORWARD
616.6033,-14.8463,-34.4642,0.000,PARALLEL_PARK,1,PARALLEL_PARK,,,,,PARALLEL_1_BYPASS_FORWARD
616.7033,-14.9027,-34.3816,0.000,PARALLEL_PARK,1,PARALLEL_PARK,,,,,PARALLEL_1_BYPASS_FORWARD
616.8032,-14.9594,-34.2993,0.000,PARALLEL_PARK,1,PARALLEL_PARK,,,,,PARALLEL_1_BYPASS_FORWARD
616.9032,-15.0165,-34.2172,0.000,PARALLEL_PARK,1,PARALLEL_PARK,,,,,PARALLEL_1_BYPASS_FORWARD
617.0032,-15.0740,-34.1354,0.000,PARALLEL_PARK,1,PARALLEL_PARK,,,,,PARALLEL_1_BYPASS_FORWARD
617.1032,-15.1318,-34.0538,0.000,PARALLEL_PARK,1,PARALLEL_PARK,,,,,PARALLEL_1_BYPASS_FORWARD
617.2032,-15.1900,-33.9725,0.000,PARALLEL_PARK,1,PARALLEL_PARK,,,,,PARALLEL_1_BYPASS_FORWARD
617.3033,-15.2486,-33.8914,0.000,PARALLEL_PARK,1,PARALLEL_PARK,,,,,PARALLEL_1_BYPASS_FORWARD
617.4032,-15.3075,-33.8106,0.000,PARALLEL_PARK,1,PARALLEL_PARK,,,,,PARALLEL_1_BYPASS_FORWARD
617.5033,-15.3668,-33.7300,0.000,PARALLEL_PARK,1,PARALLEL_PARK,,,,,PARALLEL_1_BYPASS_FORWARD
617.6032,-15.4264,-33.6498,0.000,PARALLEL_PARK,1,PARALLEL_PARK,,,,,PARALLEL_1_BYPASS_FORWARD
617.7032,-15.4863,-33.5697,0.000,PARALLEL_PARK,1,PARALLEL_PARK,,,,,PARALLEL_1_BYPASS_FORWARD
617.8033,-15.5466,-33.4899,0.000,PARALLEL_PARK,1,PARALLEL_PARK,,,,,PARALLEL_1_BYPASS_FORWARD
617.9032,-15.6072,-33.4104,0.000,PARALLEL_PARK,1,PARALLEL_PARK,,,,,PARALLEL_1_BYPASS_FORWARD
618.0033,-15.6682,-33.3311,0.000,PARALLEL_PARK,1,PARALLEL_PARK,,,,,PARALLEL_1_BYPASS_FORWARD
618.1033,-15.7295,-33.2521,0.000,PARALLEL_PARK,1,PARALLEL_PARK,,,,,PARALLEL_1_BYPASS_FORWARD
618.2033,-15.7911,-33.1733,0.000,PARALLEL_PARK,1,PARALLEL_PARK,,,,,PARALLEL_1_BYPASS_FORWARD
618.3033,-15.8530,-33.0948,0.000,PARALLEL_PARK,1,PARALLEL_PARK,,,,,PARALLEL_1_BYPASS_FORWARD
618.4033,-15.9152,-33.0165,0.000,PARALLEL_PARK,1,PARALLEL_PARK,,,,,PARALLEL_1_BYPASS_FORWARD
618.5033,-15.9778,-32.9385,0.000,PARALLEL_PARK,1,PARALLEL_PARK,,,,,PARALLEL_1_BYPASS_FORWARD
618.6032,-16.0407,-32.8608,0.000,PARALLEL_PARK,1,PARALLEL_PARK,,,,,PARALLEL_1_BYPASS_FORWARD
618.7032,-16.1039,-32.7833,0.000,PARALLEL_PARK,1,PARALLEL_PARK,,,,,PARALLEL_1_BYPASS_FORWARD
618.8033,-16.1674,-32.7060,0.000,PARALLEL_PARK,1,PARALLEL_PARK,,,,,PARALLEL_1_BYPASS_FORWARD
618.9033,-16.2312,-32.6290,0.000,PARALLEL_PARK,1,PARALLEL_PARK,,,,,PARALLEL_1_BYPASS_FORWARD
619.0033,-16.2953,-32.5522,0.000,PARALLEL_PARK,1,PARALLEL_PARK,,,,,PARALLEL_1_BYPASS_FORWARD
619.1033,-16.3597,-32.4757,0.000,PARALLEL_PARK,1,PARALLEL_PARK,,,,,PARALLEL_1_BYPASS_FORWARD
619.2033,-16.4244,-32.3995,0.000,PARALLEL_PARK,1,PARALLEL_PARK,,,,,PARALLEL_1_BYPASS_FORWARD
619.3032,-16.4893,-32.3235,0.000,PARALLEL_PARK,1,PARALLEL_PARK,,,,,PARALLEL_1_BYPASS_FORWARD
619.4033,-16.5546,-32.2477,0.000,PARALLEL_PARK,1,PARALLEL_PARK,,,,,PARALLEL_1_BYPASS_FORWARD
619.5032,-16.6202,-32.1723,0.000,PARALLEL_PARK,1,PARALLEL_PARK,,,,,PARALLEL_1_BYPASS_FORWARD
619.6033,-16.6861,-32.0970,0.000,PARALLEL_PARK,1,PARALLEL_PARK,,,,,PARALLEL_1_BYPASS_FORWARD
619.7032,-16.7522,-32.0220,0.000,PARALLEL_PARK,1,PARALLEL_PARK,,,,,PARALLEL_1_BYPASS_FORWARD
619.8033,-16.8187,-31.9473,0.000,PARALLEL_PARK,1,PARALLEL_PARK,,,,,PARALLEL_1_BYPASS_FORWARD
619.9032,-16.8854,-31.8728,0.000,PARALLEL_PARK,1,PARALLEL_PARK,,,,,PARALLEL_1_BYPASS_FORWARD
620.0032,-16.9524,-31.7986,0.000,PARALLEL_PARK,1,PARALLEL_PARK,,,,,PARALLEL_1_BYPASS_FORWARD
620.1032,-17.0197,-31.7246,0.000,PARALLEL_PARK,1,PARALLEL_PARK,,,,,PARALLEL_1_BYPASS_FORWARD
620.2033,-17.0873,-31.6509,0.000,PARALLEL_PARK,1,PARALLEL_PARK,,,,,PARALLEL_1_BYPASS_FORWARD
620.3033,-17.1551,-31.5774,0.000,PARALLEL_PARK,1,PARALLEL_PARK,,,,,PARALLEL_1_BYPASS_FORWARD
620.4032,-17.2232,-31.5042,0.000,PARALLEL_PARK,1,PARALLEL_PARK,,,,,PARALLEL_1_BYPASS_FORWARD
620.5032,-17.2916,-31.4313,0.000,PARALLEL_PARK,1,PARALLEL_PARK,,,,,PARALLEL_1_BYPASS_FORWARD
620.6032,-17.3603,-31.3586,0.000,PARALLEL_PARK,1,PARALLEL_PARK,,,,,PARALLEL_1_BYPASS_FORWARD
620.7032,-17.4292,-31.2861,0.000,PARALLEL_PARK,1,PARALLEL_PARK,,,,,PARALLEL_1_BYPASS_FORWARD
620.8032,-17.4985,-31.2140,0.000,PARALLEL_PARK,1,PARALLEL_PARK,,,,,PARALLEL_1_BYPASS_FORWARD
620.9032,-17.5679,-31.1420,0.000,PARALLEL_PARK,1,PARALLEL_PARK,,,,,PARALLEL_1_BYPASS_FORWARD
621.0032,-17.6377,-31.0704,0.000,PARALLEL_PARK,1,PARALLEL_PARK,,,,,PARALLEL_1_BYPASS_FORWARD
621.1032,-17.7077,-30.9990,0.000,PARALLEL_PARK,1,PARALLEL_PARK,,,,,PARALLEL_1_BYPASS_FORWARD
621.2032,-17.7780,-30.9279,0.000,PARALLEL_PARK,1,PARALLEL_PARK,,,,,PARALLEL_1_BYPASS_FORWARD
621.3033,-17.8486,-30.8570,0.000,PARALLEL_PARK,1,PARALLEL_PARK,,,,,PARALLEL_1_BYPASS_FORWARD
621.4033,-17.9194,-30.7864,0.000,PARALLEL_PARK,1,PARALLEL_PARK,,,,,PARALLEL_1_BYPASS_FORWARD
621.5032,-17.9905,-30.7161,0.000,PARALLEL_PARK,1,PARALLEL_PARK,,,,,PARALLEL_1_BYPASS_FORWARD
621.6032,-18.0618,-30.6460,0.000,PARALLEL_PARK,1,PARALLEL_PARK,,,,,PARALLEL_1_BYPASS_FORWARD
621.7032,-18.1334,-30.5762,0.000,PARALLEL_PARK,1,PARALLEL_PARK,,,,,PARALLEL_1_BYPASS_FORWARD
621.8032,-18.2053,-30.5067,0.000,PARALLEL_PARK,1,PARALLEL_PARK,,,,,PARALLEL_1_BYPASS_FORWARD
621.9033,-18.2775,-30.4374,0.000,PARALLEL_PARK,1,PARALLEL_PARK,,,,,PARALLEL_1_BYPASS_FORWARD
622.0032,-18.3498,-30.3684,0.000,PARALLEL_PARK,1,PARALLEL_PARK,,,,,PARALLEL_1_BYPASS_FORWARD
622.1033,-18.4225,-30.2997,0.000,PARALLEL_PARK,1,PARALLEL_PARK,,,,,PARALLEL_1_BYPASS_FORWARD
622.2032,-18.4954,-30.2313,0.000,PARALLEL_PARK,1,PARALLEL_PARK,,,,,PARALLEL_1_BYPASS_FORWARD
622.3032,-18.5686,-30.1632,0.000,PARALLEL_PARK,1,PARALLEL_PARK,,,,,PARALLEL_1_BYPASS_FORWARD
622.4032,-18.6420,-30.0953,0.000,PARALLEL_PARK,1,PARALLEL_PARK,,,,,PARALLEL_1_BYPASS_FORWARD
622.5032,-18.7157,-30.0277,0.000,PARALLEL_PARK,1,PARALLEL_PARK,,,,,PARALLEL_1_BYPASS_FORWARD
622.6032,-18.7897,-29.9604,0.000,PARALLEL_PARK,1,PARALLEL_PARK,,,,,PARALLEL_1_BYPASS_FORWARD
622.7032,-18.8639,-29.8934,0.000,PARALLEL_PARK,1,PARALLEL_PARK,,,,,PARALLEL_1_BYPASS_FORWARD
622.8033,-18.9384,-29.8266,0.000,PARALLEL_PARK,1,PARALLEL_PARK,,,,,PARALLEL_1_BYPASS_FORWARD
622.9032,-19.0131,-29.7602,0.000,PARALLEL_PARK,1,PARALLEL_PARK,,,,,PARALLEL_1_BYPASS_FORWARD
623.0033,-19.0881,-29.6940,0.000,PARALLEL_PARK,1,PARALLEL_PARK,,,,,PARALLEL_1_BYPASS_FORWARD
623.1032,-19.1634,-29.6282,0.000,PARALLEL_PARK,1,PARALLEL_PARK,,,,,PARALLEL_1_BYPASS_FORWARD
623.2033,-19.2389,-29.5626,0.000,PARALLEL_PARK,1,PARALLEL_PARK,,,,,PARALLEL_1_BYPASS_FORWARD
623.3033,-19.3147,-29.4974,0.000,PARALLEL_PARK,1,PARALLEL_PARK,,,,,PARALLEL_1_BYPASS_FORWARD
623.4033,-19.3907,-29.4324,0.000,PARALLEL_PARK,1,PARALLEL_PARK,,,,,PARALLEL_1_BYPASS_FORWARD
623.5032,-19.4670,-29.3678,0.000,PARALLEL_PARK,1,PARALLEL_PARK,,,,,PARALLEL_1_BYPASS_FORWARD
623.6033,-19.5436,-29.3034,0.000,PARALLEL_PARK,1,PARALLEL_PARK,,,,,PARALLEL_1_BYPASS_FORWARD
623.7033,-19.6204,-29.2394,0.000,PARALLEL_PARK,1,PARALLEL_PARK,,,,,PARALLEL_1_BYPASS_FORWARD
623.8032,-19.6974,-29.1757,0.000,PARALLEL_PARK,1,PARALLEL_PARK,,,,,PARALLEL_1_BYPASS_FORWARD
623.9033,-19.7748,-29.1123,0.000,PARALLEL_PARK,1,PARALLEL_PARK,,,,,PARALLEL_1_BYPASS_FORWARD
624.0033,-19.8524,-29.0492,0.000,PARALLEL_PARK,1,PARALLEL_PARK,,,,,PARALLEL_1_BYPASS_FORWARD
624.1032,-19.9302,-28.9865,0.000,PARALLEL_PARK,1,PARALLEL_PARK,,,,,PARALLEL_1_BYPASS_FORWARD
624.2033,-20.0084,-28.9240,0.000,PARALLEL_PARK,1,PARALLEL_PARK,,,,,PARALLEL_1_BYPASS_FORWARD
624.3032,-20.0867,-28.8619,0.000,PARALLEL_PARK,1,PARALLEL_PARK,,,,,PARALLEL_1_BYPASS_FORWARD
624.4032,-20.1654,-28.8002,0.000,PARALLEL_PARK,1,PARALLEL_PARK,,,,,PARALLEL_1_BYPASS_FORWARD
624.5032,-20.2443,-28.7388,0.000,PARALLEL_PARK,1,PARALLEL_PARK,,,,,PARALLEL_1_BYPASS_FORWARD
624.6032,-20.3235,-28.6777,0.000,PARALLEL_PARK,1,PARALLEL_PARK,,,,,PARALLEL_1_BYPASS_FORWARD
624.7033,-20.4029,-28.6169,0.000,PARALLEL_PARK,1,PARALLEL_PARK,,,,,PARALLEL_1_BYPASS_FORWARD
624.8032,-20.4826,-28.5566,0.000,PARALLEL_PARK,1,PARALLEL_PARK,,,,,PARALLEL_1_BYPASS_FORWARD
624.9033,-20.5626,-28.4965,0.000,PARALLEL_PARK,1,PARALLEL_PARK,,,,,PARALLEL_1_BYPASS_FORWARD
625.0033,-20.6429,-28.4369,0.000,PARALLEL_PARK,1,PARALLEL_PARK,,,,,PARALLEL_1_BYPASS_FORWARD
625.1032,-20.7234,-28.3776,0.000,PARALLEL_PARK,1,PARALLEL_PARK,,,,,PARALLEL_1_BYPASS_FORWARD
625.2033,-20.8042,-28.3186,0.000,PARALLEL_PARK,1,PARALLEL_PARK,,,,,PARALLEL_1_BYPASS_FORWARD
625.3032,-20.8852,-28.2601,0.000,PARALLEL_PARK,1,PARALLEL_PARK,,,,,PARALLEL_1_BYPASS_FORWARD
625.4033,-20.9666,-28.2019,0.000,PARALLEL_PARK,1,PARALLEL_PARK,,,,,PARALLEL_1_BYPASS_FORWARD
625.5033,-21.0482,-28.1441,0.000,PARALLEL_PARK,1,PARALLEL_PARK,,,,,PARALLEL_1_BYPASS_FORWARD
625.6033,-21.1301,-28.0867,0.000,PARALLEL_PARK,1,PARALLEL_PARK,,,,,PARALLEL_1_BYPASS_FORWARD
625.7032,-21.2122,-28.0297,0.000,PARALLEL_PARK,1,PARALLEL_PARK,,,,,PARALLEL_1_BYPASS_FORWARD
625.8033,-21.2947,-27.9731,0.000,PARALLEL_PARK,1,PARALLEL_PARK,,,,,PARALLEL_1_BYPASS_FORWARD
625.9033,-21.3774,-27.9169,0.000,PARALLEL_PARK,1,PARALLEL_PARK,,,,,PARALLEL_1_BYPASS_FORWARD
626.0032,-21.4604,-27.8612,0.000,PARALLEL_PARK,1,PARALLEL_PARK,,,,,PARALLEL_1_BYPASS_FORWARD
626.1033,-21.5437,-27.8058,0.000,PARALLEL_PARK,1,PARALLEL_PARK,,,,,PARALLEL_1_BYPASS_FORWARD
626.2033,-21.6273,-27.7509,0.000,PARALLEL_PARK,1,PARALLEL_PARK,,,,,PARALLEL_1_BYPASS_FORWARD
626.3032,-21.7111,-27.6965,0.000,PARALLEL_PARK,1,PARALLEL_PARK,,,,,PARALLEL_1_BYPASS_FORWARD
626.4033,-21.7953,-27.6424,0.000,PARALLEL_PARK,1,PARALLEL_PARK,,,,,PARALLEL_1_BYPASS_FORWARD
626.5032,-21.8797,-27.5889,0.000,PARALLEL_PARK,1,PARALLEL_PARK,,,,,PARALLEL_1_BYPASS_FORWARD
626.6032,-21.9645,-27.5358,0.000,PARALLEL_PARK,1,PARALLEL_PARK,,,,,PARALLEL_1_BYPASS_FORWARD
626.7033,-22.0495,-27.4831,0.000,PARALLEL_PARK,1,PARALLEL_PARK,,,,,PARALLEL_1_BYPASS_FORWARD
626.8032,-22.1348,-27.4310,0.000,PARALLEL_PARK,1,PARALLEL_PARK,,,,,PARALLEL_1_BYPASS_FORWARD
626.9032,-22.2204,-27.3793,0.000,PARALLEL_PARK,1,PARALLEL_PARK,,,,,PARALLEL_1_BYPASS_FORWARD
627.0033,-22.3064,-27.3281,0.000,PARALLEL_PARK,1,PARALLEL_PARK,,,,,PARALLEL_1_BYPASS_FORWARD
627.1033,-22.3926,-27.2775,0.000,PARALLEL_PARK,1,PARALLEL_PARK,,,,,PARALLEL_1_BYPASS_FORWARD
627.2033,-22.4791,-27.2273,0.000,PARALLEL_PARK,1,PARALLEL_PARK,,,,,PARALLEL_1_BYPASS_FORWARD
627.3032,-22.5659,-27.1777,0.000,PARALLEL_PARK,1,PARALLEL_PARK,,,,,PARALLEL_1_BYPASS_FORWARD
627.4033,-22.6531,-27.1287,0.000,PARALLEL_PARK,1,PARALLEL_PARK,,,,,PARALLEL_1_BYPASS_FORWARD
627.5032,-22.7405,-27.0802,0.000,PARALLEL_PARK,1,PARALLEL_PARK,,,,,PARALLEL_1_BYPASS_FORWARD
627.6033,-22.8283,-27.0322,0.000,PARALLEL_PARK,1,PARALLEL_PARK,,,,,PARALLEL_1_BYPASS_FORWARD
627.7032,-22.9163,-26.9849,0.000,PARALLEL_PARK,1,PARALLEL_PARK,,,,,PARALLEL_1_BYPASS_FORWARD
627.8032,-23.0047,-26.9381,0.000,PARALLEL_PARK,1,PARALLEL_PARK,,,,,PARALLEL_1_BYPASS_FORWARD
627.9032,-23.0934,-26.8919,0.000,PARALLEL_PARK,1,PARALLEL_PARK,,,,,PARALLEL_1_BYPASS_FORWARD
628.0033,-23.1825,-26.8464,0.000,PARALLEL_PARK,1,PARALLEL_PARK,,,,,PARALLEL_1_BYPASS_FORWARD
628.1032,-23.2718,-26.8015,0.000,PARALLEL_PARK,1,PARALLEL_PARK,,,,,PARALLEL_1_BYPASS_FORWARD
628.2032,-23.3615,-26.7573,0.000,PARALLEL_PARK,1,PARALLEL_PARK,,,,,PARALLEL_1_BYPASS_FORWARD
628.3032,-23.4515,-26.7137,0.000,PARALLEL_PARK,1,PARALLEL_PARK,,,,,PARALLEL_1_BYPASS_FORWARD
628.4032,-23.5418,-26.6708,0.000,PARALLEL_PARK,1,PARALLEL_PARK,,,,,PARALLEL_1_BYPASS_FORWARD
628.5032,-23.6325,-26.6286,0.000,PARALLEL_PARK,1,PARALLEL_PARK,,,,,PARALLEL_1_BYPASS_FORWARD
628.6032,-23.7235,-26.5872,0.000,PARALLEL_PARK,1,PARALLEL_PARK,,,,,PARALLEL_1_BYPASS_FORWARD
628.7033,-23.8149,-26.5464,0.000,PARALLEL_PARK,1,PARALLEL_PARK,,,,,PARALLEL_1_BYPASS_FORWARD
628.8032,-23.9065,-26.5065,0.000,PARALLEL_PARK,1,PARALLEL_PARK,,,,,PARALLEL_1_BYPASS_FORWARD
628.9032,-23.9985,-26.4673,0.000,PARALLEL_PARK,1,PARALLEL_PARK,,,,,PARALLEL_1_BYPASS_FORWARD
629.0032,-24.0909,-26.4290,0.000,PARALLEL_PARK,1,PARALLEL_PARK,,,,,PARALLEL_1_BYPASS_FORWARD
629.1032,-24.1836,-26.3915,0.000,PARALLEL_PARK,1,PARALLEL_PARK,,,,,PARALLEL_1_BYPASS_FORWARD
629.2032,-24.2766,-26.3548,0.000,PARALLEL_PARK,1,PARALLEL_PARK,,,,,PARALLEL_1_BYPASS_FORWARD
629.3032,-24.3700,-26.3191,0.000,PARALLEL_PARK,1,PARALLEL_PARK,,,,,PARALLEL_1_BYPASS_FORWARD
629.4032,-24.4637,-26.2842,0.000,PARALLEL_PARK,1,PARALLEL_PARK,,,,,PARALLEL_1_BYPASS_FORWARD
629.5032,-24.5578,-26.2503,0.000,PARALLEL_PARK,1,PARALLEL_PARK,,,,,PARALLEL_1_BYPASS_FORWARD
629.6032,-24.6522,-26.2174,0.000,PARALLEL_PARK,1,PARALLEL_PARK,,,,,PARALLEL_1_BYPASS_FORWARD
629.7032,-24.7470,-26.1854,0.000,PARALLEL_PARK,1,PARALLEL_PARK,,,,,PARALLEL_1_BYPASS_FORWARD
629.8032,-24.8421,-26.1545,0.000,PARALLEL_PARK,1,PARALLEL_PARK,,,,,PARALLEL_1_BYPASS_FORWARD
629.9033,-24.9376,-26.1247,0.000,PARALLEL_PARK,1,PARALLEL_PARK,,,,,PARALLEL_1_BYPASS_FORWARD
630.0033,-25.0334,-26.0960,0.000,PARALLEL_PARK,1,PARALLEL_PARK,,,,,PARALLEL_1_BYPASS_FORWARD
630.1032,-25.1295,-26.0685,0.000,PARALLEL_PARK,1,PARALLEL_PARK,,,,,PARALLEL_1_BYPASS_FORWARD
630.2033,-25.2260,-26.0421,0.000,PARALLEL_PARK,1,PARALLEL_PARK,,,,,PARALLEL_1_BYPASS_FORWARD
630.3032,-25.3227,-26.0170,0.000,PARALLEL_PARK,1,PARALLEL_PARK,,,,,PARALLEL_1_BYPASS_FORWARD
630.4033,-25.4199,-25.9931,0.000,PARALLEL_PARK,1,PARALLEL_PARK,,,,,PARALLEL_1_BYPASS_FORWARD
630.5033,-25.5173,-25.9706,0.000,PARALLEL_PARK,1,PARALLEL_PARK,,,,,PARALLEL_1_BYPASS_FORWARD
630.6032,-25.6150,-25.9495,0.000,PARALLEL_PARK,1,PARALLEL_PARK,,,,,PARALLEL_1_BYPASS_FORWARD
630.7033,-25.7131,-25.9298,0.000,PARALLEL_PARK,1,PARALLEL_PARK,,,,,PARALLEL_1_BYPASS_FORWARD
630.8032,-25.8114,-25.9116,0.000,PARALLEL_PARK,1,PARALLEL_PARK,,,,,PARALLEL_1_BYPASS_FORWARD
630.9032,-25.9100,-25.8949,0.000,PARALLEL_PARK,1,PARALLEL_PARK,,,,,PARALLEL_1_BYPASS_FORWARD
631.0032,-26.0088,-25.8798,0.000,PARALLEL_PARK,1,PARALLEL_PARK,,,,,PARALLEL_1_BYPASS_FORWARD
631.0266,-26.0320,-25.8765,0.000,PARALLEL_PARK,-1,PARALLEL_PARK,PARALLEL_1_FORWARD_TO_REVERSE,SET_REVERSE,,,PARALLEL_1_PARK_REVERSE
631.1220,-25.9375,-25.8897,0.000,PARALLEL_PARK,-1,PARALLEL_PARK,,,,,PARALLEL_1_PARK_REVERSE
631.2220,-25.8385,-25.9033,0.000,PARALLEL_PARK,-1,PARALLEL_PARK,,,,,PARALLEL_1_PARK_REVERSE
631.3220,-25.7393,-25.9164,0.000,PARALLEL_PARK,-1,PARALLEL_PARK,,,,,PARALLEL_1_PARK_REVERSE
631.4220,-25.6401,-25.9288,0.000,PARALLEL_PARK,-1,PARALLEL_PARK,,,,,PARALLEL_1_PARK_REVERSE
631.5220,-25.5408,-25.9403,0.000,PARALLEL_PARK,-1,PARALLEL_PARK,,,,,PARALLEL_1_PARK_REVERSE
631.6220,-25.4413,-25.9507,0.000,PARALLEL_PARK,-1,PARALLEL_PARK,,,,,PARALLEL_1_PARK_REVERSE
631.7220,-25.3417,-25.9599,0.000,PARALLEL_PARK,-1,PARALLEL_PARK,,,,,PARALLEL_1_PARK_REVERSE
631.8220,-25.2420,-25.9679,0.000,PARALLEL_PARK,-1,PARALLEL_PARK,,,,,PARALLEL_1_PARK_REVERSE
631.9220,-25.1423,-25.9745,0.000,PARALLEL_PARK,-1,PARALLEL_PARK,,,,,PARALLEL_1_PARK_REVERSE
632.0220,-25.0424,-25.9796,0.000,PARALLEL_PARK,-1,PARALLEL_PARK,,,,,PARALLEL_1_PARK_REVERSE
632.1220,-24.9425,-25.9833,0.000,PARALLEL_PARK,-1,PARALLEL_PARK,,,,,PARALLEL_1_PARK_REVERSE
632.2220,-24.8425,-25.9855,0.000,PARALLEL_PARK,-1,PARALLEL_PARK,,,,,PARALLEL_1_PARK_REVERSE
632.3220,-24.7425,-25.9861,0.000,PARALLEL_PARK,-1,PARALLEL_PARK,,,,,PARALLEL_1_PARK_REVERSE
632.4220,-24.6425,-25.9852,0.000,PARALLEL_PARK,-1,PARALLEL_PARK,,,,,PARALLEL_1_PARK_REVERSE
632.5220,-24.5425,-25.9827,0.000,PARALLEL_PARK,-1,PARALLEL_PARK,,,,,PARALLEL_1_PARK_REVERSE
632.6220,-24.4426,-25.9787,0.000,PARALLEL_PARK,-1,PARALLEL_PARK,,,,,PARALLEL_1_PARK_REVERSE
632.7220,-24.3428,-25.9732,0.000,PARALLEL_PARK,-1,PARALLEL_PARK,,,,,PARALLEL_1_PARK_REVERSE
632.8220,-24.2430,-25.9662,0.000,PARALLEL_PARK,-1,PARALLEL_PARK,,,,,PARALLEL_1_PARK_REVERSE
632.9220,-24.1434,-25.9577,0.000,PARALLEL_PARK,-1,PARALLEL_PARK,,,,,PARALLEL_1_PARK_REVERSE
633.0220,-24.0439,-25.9477,0.000,PARALLEL_PARK,-1,PARALLEL_PARK,,,,,PARALLEL_1_PARK_REVERSE
633.1220,-23.9445,-25.9362,0.000,PARALLEL_PARK,-1,PARALLEL_PARK,,,,,PARALLEL_1_PARK_REVERSE
633.2220,-23.8454,-25.9234,0.000,PARALLEL_PARK,-1,PARALLEL_PARK,,,,,PARALLEL_1_PARK_REVERSE
633.3220,-23.7464,-25.9092,0.000,PARALLEL_PARK,-1,PARALLEL_PARK,,,,,PARALLEL_1_PARK_REVERSE
633.4220,-23.6476,-25.8936,0.000,PARALLEL_PARK,-1,PARALLEL_PARK,,,,,PARALLEL_1_PARK_REVERSE
633.5220,-23.5490,-25.8767,0.000,PARALLEL_PARK,-1,PARALLEL_PARK,,,,,PARALLEL_1_PARK_REVERSE
633.6220,-23.4507,-25.8585,0.000,PARALLEL_PARK,-1,PARALLEL_PARK,,,,,PARALLEL_1_PARK_REVERSE
633.7220,-23.3526,-25.8390,0.000,PARALLEL_PARK,-1,PARALLEL_PARK,,,,,PARALLEL_1_PARK_REVERSE
633.8220,-23.2548,-25.8183,0.000,PARALLEL_PARK,-1,PARALLEL_PARK,,,,,PARALLEL_1_PARK_REVERSE
633.9220,-23.1572,-25.7964,0.000,PARALLEL_PARK,-1,PARALLEL_PARK,,,,,PARALLEL_1_PARK_REVERSE
634.0220,-23.0599,-25.7734,0.000,PARALLEL_PARK,-1,PARALLEL_PARK,,,,,PARALLEL_1_PARK_REVERSE
634.1220,-22.9629,-25.7492,0.000,PARALLEL_PARK,-1,PARALLEL_PARK,,,,,PARALLEL_1_PARK_REVERSE
634.2220,-22.8661,-25.7239,0.000,PARALLEL_PARK,-1,PARALLEL_PARK,,,,,PARALLEL_1_PARK_REVERSE
634.3219,-22.7697,-25.6976,0.000,PARALLEL_PARK,-1,PARALLEL_PARK,,,,,PARALLEL_1_PARK_REVERSE
634.4220,-22.6735,-25.6702,0.000,PARALLEL_PARK,-1,PARALLEL_PARK,,,,,PARALLEL_1_PARK_REVERSE
634.5220,-22.5776,-25.6418,0.000,PARALLEL_PARK,-1,PARALLEL_PARK,,,,,PARALLEL_1_PARK_REVERSE
634.6220,-22.4820,-25.6125,0.000,PARALLEL_PARK,-1,PARALLEL_PARK,,,,,PARALLEL_1_PARK_REVERSE
634.7219,-22.3867,-25.5823,0.000,PARALLEL_PARK,-1,PARALLEL_PARK,,,,,PARALLEL_1_PARK_REVERSE
634.8220,-22.2916,-25.5512,0.000,PARALLEL_PARK,-1,PARALLEL_PARK,,,,,PARALLEL_1_PARK_REVERSE
634.9220,-22.1969,-25.5192,0.000,PARALLEL_PARK,-1,PARALLEL_PARK,,,,,PARALLEL_1_PARK_REVERSE
635.0220,-22.1024,-25.4864,0.000,PARALLEL_PARK,-1,PARALLEL_PARK,,,,,PARALLEL_1_PARK_REVERSE
635.1220,-22.0082,-25.4528,0.000,PARALLEL_PARK,-1,PARALLEL_PARK,,,,,PARALLEL_1_PARK_REVERSE
635.2220,-21.9143,-25.4185,0.000,PARALLEL_PARK,-1,PARALLEL_PARK,,,,,PARALLEL_1_PARK_REVERSE
635.3220,-21.8206,-25.3835,0.000,PARALLEL_PARK,-1,PARALLEL_PARK,,,,,PARALLEL_1_PARK_REVERSE
635.4220,-21.7272,-25.3479,0.000,PARALLEL_PARK,-1,PARALLEL_PARK,,,,,PARALLEL_1_PARK_REVERSE
635.5220,-21.6340,-25.3116,0.000,PARALLEL_PARK,-1,PARALLEL_PARK,,,,,PARALLEL_1_PARK_REVERSE
635.6220,-21.5410,-25.2748,0.000,PARALLEL_PARK,-1,PARALLEL_PARK,,,,,PARALLEL_1_PARK_REVERSE
635.7220,-21.4482,-25.2374,0.000,PARALLEL_PARK,-1,PARALLEL_PARK,,,,,PARALLEL_1_PARK_REVERSE
635.8220,-21.3557,-25.1996,0.000,PARALLEL_PARK,-1,PARALLEL_PARK,,,,,PARALLEL_1_PARK_REVERSE
635.9220,-21.2633,-25.1613,0.000,PARALLEL_PARK,-1,PARALLEL_PARK,,,,,PARALLEL_1_PARK_REVERSE
636.0220,-21.1711,-25.1226,0.000,PARALLEL_PARK,-1,PARALLEL_PARK,,,,,PARALLEL_1_PARK_REVERSE
636.1220,-21.0790,-25.0836,0.000,PARALLEL_PARK,-1,PARALLEL_PARK,,,,,PARALLEL_1_PARK_REVERSE
636.2219,-20.9871,-25.0443,0.000,PARALLEL_PARK,-1,PARALLEL_PARK,,,,,PARALLEL_1_PARK_REVERSE
636.3220,-20.8952,-25.0047,0.000,PARALLEL_PARK,-1,PARALLEL_PARK,,,,,PARALLEL_1_PARK_REVERSE
636.4219,-20.8035,-24.9650,0.000,PARALLEL_PARK,-1,PARALLEL_PARK,,,,,PARALLEL_1_PARK_REVERSE
636.5219,-20.7118,-24.9251,0.000,PARALLEL_PARK,-1,PARALLEL_PARK,,,,,PARALLEL_1_PARK_REVERSE
636.6220,-20.6201,-24.8851,0.000,PARALLEL_PARK,-1,PARALLEL_PARK,,,,,PARALLEL_1_PARK_REVERSE
636.7220,-20.5284,-24.8452,0.000,PARALLEL_PARK,-1,PARALLEL_PARK,,,,,PARALLEL_1_PARK_REVERSE
636.8220,-20.4367,-24.8052,0.000,PARALLEL_PARK,-1,PARALLEL_PARK,,,,,PARALLEL_1_PARK_REVERSE
636.9220,-20.3450,-24.7654,0.000,PARALLEL_PARK,-1,PARALLEL_PARK,,,,,PARALLEL_1_PARK_REVERSE
637.0220,-20.2532,-24.7258,0.000,PARALLEL_PARK,-1,PARALLEL_PARK,,,,,PARALLEL_1_PARK_REVERSE
637.1220,-20.1612,-24.6865,0.000,PARALLEL_PARK,-1,PARALLEL_PARK,,,,,PARALLEL_1_PARK_REVERSE
637.2219,-20.0692,-24.6475,0.000,PARALLEL_PARK,-1,PARALLEL_PARK,,,,,PARALLEL_1_PARK_REVERSE
637.3220,-19.9769,-24.6090,0.000,PARALLEL_PARK,-1,PARALLEL_PARK,,,,,PARALLEL_1_PARK_REVERSE
637.4220,-19.8844,-24.5709,0.000,PARALLEL_PARK,-1,PARALLEL_PARK,,,,,PARALLEL_1_PARK_REVERSE
637.5220,-19.7917,-24.5335,0.000,PARALLEL_PARK,-1,PARALLEL_PARK,,,,,PARALLEL_1_PARK_REVERSE
637.6220,-19.6986,-24.4968,0.000,PARALLEL_PARK,-1,PARALLEL_PARK,,,,,PARALLEL_1_PARK_REVERSE
637.7220,-19.6053,-24.4610,0.000,PARALLEL_PARK,-1,PARALLEL_PARK,,,,,PARALLEL_1_PARK_REVERSE
637.8220,-19.5115,-24.4261,0.000,PARALLEL_PARK,-1,PARALLEL_PARK,,,,,PARALLEL_1_PARK_REVERSE
637.9220,-19.4174,-24.3924,0.000,PARALLEL_PARK,-1,PARALLEL_PARK,,,,,PARALLEL_1_PARK_REVERSE
638.0220,-19.3229,-24.3598,0.000,PARALLEL_PARK,-1,PARALLEL_PARK,,,,,PARALLEL_1_PARK_REVERSE
638.1220,-19.2278,-24.3287,0.000,PARALLEL_PARK,-1,PARALLEL_PARK,,,,,PARALLEL_1_PARK_REVERSE
638.2220,-19.1323,-24.2992,0.000,PARALLEL_PARK,-1,PARALLEL_PARK,,,,,PARALLEL_1_PARK_REVERSE
638.3220,-19.0362,-24.2714,0.000,PARALLEL_PARK,-1,PARALLEL_PARK,,,,,PARALLEL_1_PARK_REVERSE
638.4220,-18.9396,-24.2455,0.000,PARALLEL_PARK,-1,PARALLEL_PARK,,,,,PARALLEL_1_PARK_REVERSE
638.5220,-18.8425,-24.2218,0.000,PARALLEL_PARK,-1,PARALLEL_PARK,,,,,PARALLEL_1_PARK_REVERSE
638.6220,-18.7448,-24.2005,0.000,PARALLEL_PARK,-1,PARALLEL_PARK,,,,,PARALLEL_1_PARK_REVERSE
638.7219,-18.6466,-24.1817,0.000,PARALLEL_PARK,-1,PARALLEL_PARK,,,,,PARALLEL_1_PARK_REVERSE
638.8220,-18.5478,-24.1659,0.000,PARALLEL_PARK,-1,PARALLEL_PARK,,,,,PARALLEL_1_PARK_REVERSE
638.9219,-18.4487,-24.1531,0.000,PARALLEL_PARK,-1,PARALLEL_PARK,,,,,PARALLEL_1_PARK_REVERSE
639.0220,-18.3491,-24.1436,0.000,PARALLEL_PARK,-1,PARALLEL_PARK,,,,,PARALLEL_1_PARK_REVERSE
639.1219,-18.2493,-24.1378,0.000,PARALLEL_PARK,-1,PARALLEL_PARK,,,,,PARALLEL_1_PARK_REVERSE
639.2220,-18.1493,-24.1357,0.000,PARALLEL_PARK,-1,PARALLEL_PARK,,,,,PARALLEL_1_PARK_REVERSE
639.3219,-18.0494,-24.1375,0.000,PARALLEL_PARK,-1,PARALLEL_PARK,,,,,PARALLEL_1_PARK_REVERSE
639.4220,-17.9495,-24.1434,0.000,PARALLEL_PARK,-1,PARALLEL_PARK,,,,,PARALLEL_1_PARK_REVERSE
639.5220,-17.8500,-24.1535,0.000,PARALLEL_PARK,-1,PARALLEL_PARK,,,,,PARALLEL_1_PARK_REVERSE
639.6219,-17.7511,-24.1676,0.000,PARALLEL_PARK,-1,PARALLEL_PARK,,,,,PARALLEL_1_PARK_REVERSE
639.7219,-17.6527,-24.1858,0.000,PARALLEL_PARK,-1,PARALLEL_PARK,,,,,PARALLEL_1_PARK_REVERSE
639.8219,-17.5552,-24.2079,0.000,PARALLEL_PARK,-1,PARALLEL_PARK,,,,,PARALLEL_1_PARK_REVERSE
639.9219,-17.4586,-24.2336,0.000,PARALLEL_PARK,-1,PARALLEL_PARK,,,,,PARALLEL_1_PARK_REVERSE
640.0219,-17.3629,-24.2626,0.000,PARALLEL_PARK,-1,PARALLEL_PARK,,,,,PARALLEL_1_PARK_REVERSE
640.1219,-17.2681,-24.2945,0.000,PARALLEL_PARK,-1,PARALLEL_PARK,,,,,PARALLEL_1_PARK_REVERSE
640.2219,-17.1742,-24.3289,0.000,PARALLEL_PARK,-1,PARALLEL_PARK,,,,,PARALLEL_1_PARK_REVERSE
640.3219,-17.0810,-24.3651,0.000,PARALLEL_PARK,-1,PARALLEL_PARK,,,,,PARALLEL_1_PARK_REVERSE
640.4219,-16.9884,-24.4028,0.000,PARALLEL_PARK,-1,PARALLEL_PARK,,,,,PARALLEL_1_PARK_REVERSE
640.5219,-16.8960,-24.4411,0.000,PARALLEL_PARK,-1,PARALLEL_PARK,,,,,PARALLEL_1_PARK_REVERSE
640.6219,-16.8037,-24.4796,0.000,PARALLEL_PARK,-1,PARALLEL_PARK,,,,,PARALLEL_1_PARK_REVERSE
640.7219,-16.7114,-24.5180,0.000,PARALLEL_PARK,-1,PARALLEL_PARK,,,,,PARALLEL_1_PARK_REVERSE
640.8219,-16.6191,-24.5565,0.000,PARALLEL_PARK,-1,PARALLEL_PARK,,,,,PARALLEL_1_PARK_REVERSE
640.9219,-16.5268,-24.5950,0.000,PARALLEL_PARK,-1,PARALLEL_PARK,,,,,PARALLEL_1_PARK_REVERSE
641.0218,-16.4345,-24.6334,0.000,PARALLEL_PARK,-1,PARALLEL_PARK,,,,,PARALLEL_1_PARK_REVERSE
641.1219,-16.3422,-24.6719,0.000,PARALLEL_PARK,-1,PARALLEL_PARK,,,,,PARALLEL_1_PARK_REVERSE
641.2219,-16.2499,-24.7104,0.000,PARALLEL_PARK,-1,PARALLEL_PARK,,,,,PARALLEL_1_PARK_REVERSE
641.3218,-16.1576,-24.7488,0.000,PARALLEL_PARK,-1,PARALLEL_PARK,,,,,PARALLEL_1_PARK_REVERSE
641.4219,-16.0652,-24.7873,0.000,PARALLEL_PARK,-1,PARALLEL_PARK,,,,,PARALLEL_1_PARK_REVERSE
641.5219,-15.9729,-24.8258,0.000,PARALLEL_PARK,-1,PARALLEL_PARK,,,,,PARALLEL_1_PARK_REVERSE
641.6219,-15.8806,-24.8642,0.000,PARALLEL_PARK,-1,PARALLEL_PARK,,,,,PARALLEL_1_PARK_REVERSE
641.7219,-15.7883,-24.9027,0.000,PARALLEL_PARK,-1,PARALLEL_PARK,,,,,PARALLEL_1_PARK_REVERSE
641.8219,-15.6960,-24.9412,0.000,PARALLEL_PARK,-1,PARALLEL_PARK,,,,,PARALLEL_1_PARK_REVERSE
641.9219,-15.6037,-24.9796,0.000,PARALLEL_PARK,1,PARALLEL_PARK,PARALLEL_1_PARK_COMPLETE|PARALLEL_1_REVERSE_TO_FORWARD,PARK_COMPLETE|SET_FORWARD,ALWAYS_ONCE,,PARALLEL_1_PARK_EXIT_FORWARD
642.0219,-15.6960,-24.9412,0.000,PARALLEL_PARK,1,PARALLEL_PARK,,,,,PARALLEL_1_PARK_EXIT_FORWARD
642.1219,-15.7883,-24.9027,0.000,PARALLEL_PARK,1,PARALLEL_PARK,,,,,PARALLEL_1_PARK_EXIT_FORWARD
642.2219,-15.8806,-24.8642,0.000,PARALLEL_PARK,1,PARALLEL_PARK,,,,,PARALLEL_1_PARK_EXIT_FORWARD
642.3218,-15.9729,-24.8258,0.000,PARALLEL_PARK,1,PARALLEL_PARK,,,,,PARALLEL_1_PARK_EXIT_FORWARD
642.4219,-16.0652,-24.7873,0.000,PARALLEL_PARK,1,PARALLEL_PARK,,,,,PARALLEL_1_PARK_EXIT_FORWARD
642.5220,-16.1576,-24.7488,0.000,PARALLEL_PARK,1,PARALLEL_PARK,,,,,PARALLEL_1_PARK_EXIT_FORWARD
642.6219,-16.2499,-24.7104,0.000,PARALLEL_PARK,1,PARALLEL_PARK,,,,,PARALLEL_1_PARK_EXIT_FORWARD
642.7219,-16.3422,-24.6719,0.000,PARALLEL_PARK,1,PARALLEL_PARK,,,,,PARALLEL_1_PARK_EXIT_FORWARD
642.8219,-16.4345,-24.6334,0.000,PARALLEL_PARK,1,PARALLEL_PARK,,,,,PARALLEL_1_PARK_EXIT_FORWARD
642.9219,-16.5268,-24.5950,0.000,PARALLEL_PARK,1,PARALLEL_PARK,,,,,PARALLEL_1_PARK_EXIT_FORWARD
643.0219,-16.6191,-24.5565,0.000,PARALLEL_PARK,1,PARALLEL_PARK,,,,,PARALLEL_1_PARK_EXIT_FORWARD
643.1219,-16.7114,-24.5180,0.000,PARALLEL_PARK,1,PARALLEL_PARK,,,,,PARALLEL_1_PARK_EXIT_FORWARD
643.2219,-16.8037,-24.4796,0.000,PARALLEL_PARK,1,PARALLEL_PARK,,,,,PARALLEL_1_PARK_EXIT_FORWARD
643.3219,-16.8960,-24.4411,0.000,PARALLEL_PARK,1,PARALLEL_PARK,,,,,PARALLEL_1_PARK_EXIT_FORWARD
643.4219,-16.9884,-24.4028,0.000,PARALLEL_PARK,1,PARALLEL_PARK,,,,,PARALLEL_1_PARK_EXIT_FORWARD
643.5219,-17.0810,-24.3651,0.000,PARALLEL_PARK,1,PARALLEL_PARK,,,,,PARALLEL_1_PARK_EXIT_FORWARD
643.6219,-17.1742,-24.3289,0.000,PARALLEL_PARK,1,PARALLEL_PARK,,,,,PARALLEL_1_PARK_EXIT_FORWARD
643.7219,-17.2681,-24.2945,0.000,PARALLEL_PARK,1,PARALLEL_PARK,,,,,PARALLEL_1_PARK_EXIT_FORWARD
643.8219,-17.3629,-24.2626,0.000,PARALLEL_PARK,1,PARALLEL_PARK,,,,,PARALLEL_1_PARK_EXIT_FORWARD
643.9219,-17.4586,-24.2336,0.000,PARALLEL_PARK,1,PARALLEL_PARK,,,,,PARALLEL_1_PARK_EXIT_FORWARD
644.0219,-17.5552,-24.2079,0.000,PARALLEL_PARK,1,PARALLEL_PARK,,,,,PARALLEL_1_PARK_EXIT_FORWARD
644.1218,-17.6527,-24.1858,0.000,PARALLEL_PARK,1,PARALLEL_PARK,,,,,PARALLEL_1_PARK_EXIT_FORWARD
644.2219,-17.7511,-24.1676,0.000,PARALLEL_PARK,1,PARALLEL_PARK,,,,,PARALLEL_1_PARK_EXIT_FORWARD
644.3218,-17.8500,-24.1535,0.000,PARALLEL_PARK,1,PARALLEL_PARK,,,,,PARALLEL_1_PARK_EXIT_FORWARD
644.4218,-17.9495,-24.1434,0.000,PARALLEL_PARK,1,PARALLEL_PARK,,,,,PARALLEL_1_PARK_EXIT_FORWARD
644.5219,-18.0494,-24.1375,0.000,PARALLEL_PARK,1,PARALLEL_PARK,,,,,PARALLEL_1_PARK_EXIT_FORWARD
644.6218,-18.1493,-24.1357,0.000,PARALLEL_PARK,1,PARALLEL_PARK,,,,,PARALLEL_1_PARK_EXIT_FORWARD
644.7218,-18.2493,-24.1378,0.000,PARALLEL_PARK,1,PARALLEL_PARK,,,,,PARALLEL_1_PARK_EXIT_FORWARD
644.8218,-18.3491,-24.1436,0.000,PARALLEL_PARK,1,PARALLEL_PARK,,,,,PARALLEL_1_PARK_EXIT_FORWARD
644.9219,-18.4487,-24.1531,0.000,PARALLEL_PARK,1,PARALLEL_PARK,,,,,PARALLEL_1_PARK_EXIT_FORWARD
645.0218,-18.5478,-24.1659,0.000,PARALLEL_PARK,1,PARALLEL_PARK,,,,,PARALLEL_1_PARK_EXIT_FORWARD
645.1218,-18.6466,-24.1817,0.000,PARALLEL_PARK,1,PARALLEL_PARK,,,,,PARALLEL_1_PARK_EXIT_FORWARD
645.2218,-18.7448,-24.2005,0.000,PARALLEL_PARK,1,PARALLEL_PARK,,,,,PARALLEL_1_PARK_EXIT_FORWARD
645.3218,-18.8425,-24.2218,0.000,PARALLEL_PARK,1,PARALLEL_PARK,,,,,PARALLEL_1_PARK_EXIT_FORWARD
645.4218,-18.9396,-24.2455,0.000,PARALLEL_PARK,1,PARALLEL_PARK,,,,,PARALLEL_1_PARK_EXIT_FORWARD
645.5218,-19.0362,-24.2714,0.000,PARALLEL_PARK,1,PARALLEL_PARK,,,,,PARALLEL_1_PARK_EXIT_FORWARD
645.6218,-19.1323,-24.2992,0.000,PARALLEL_PARK,1,PARALLEL_PARK,,,,,PARALLEL_1_PARK_EXIT_FORWARD
645.7218,-19.2278,-24.3287,0.000,PARALLEL_PARK,1,PARALLEL_PARK,,,,,PARALLEL_1_PARK_EXIT_FORWARD
645.8218,-19.3229,-24.3598,0.000,PARALLEL_PARK,1,PARALLEL_PARK,,,,,PARALLEL_1_PARK_EXIT_FORWARD
645.9218,-19.4174,-24.3924,0.000,PARALLEL_PARK,1,PARALLEL_PARK,,,,,PARALLEL_1_PARK_EXIT_FORWARD
646.0217,-19.5115,-24.4261,0.000,PARALLEL_PARK,1,PARALLEL_PARK,,,,,PARALLEL_1_PARK_EXIT_FORWARD
646.1218,-19.6053,-24.4610,0.000,PARALLEL_PARK,1,PARALLEL_PARK,,,,,PARALLEL_1_PARK_EXIT_FORWARD
646.2218,-19.6986,-24.4968,0.000,PARALLEL_PARK,1,PARALLEL_PARK,,,,,PARALLEL_1_PARK_EXIT_FORWARD
646.3218,-19.7917,-24.5335,0.000,PARALLEL_PARK,1,PARALLEL_PARK,,,,,PARALLEL_1_PARK_EXIT_FORWARD
646.4218,-19.8844,-24.5709,0.000,PARALLEL_PARK,1,PARALLEL_PARK,,,,,PARALLEL_1_PARK_EXIT_FORWARD
646.5218,-19.9769,-24.6090,0.000,PARALLEL_PARK,1,PARALLEL_PARK,,,,,PARALLEL_1_PARK_EXIT_FORWARD
646.6218,-20.0692,-24.6475,0.000,PARALLEL_PARK,1,PARALLEL_PARK,,,,,PARALLEL_1_PARK_EXIT_FORWARD
646.7218,-20.1612,-24.6865,0.000,PARALLEL_PARK,1,PARALLEL_PARK,,,,,PARALLEL_1_PARK_EXIT_FORWARD
646.8218,-20.2532,-24.7258,0.000,PARALLEL_PARK,1,PARALLEL_PARK,,,,,PARALLEL_1_PARK_EXIT_FORWARD
646.9218,-20.3450,-24.7654,0.000,PARALLEL_PARK,1,PARALLEL_PARK,,,,,PARALLEL_1_PARK_EXIT_FORWARD
647.0217,-20.4367,-24.8052,0.000,PARALLEL_PARK,1,PARALLEL_PARK,,,,,PARALLEL_1_PARK_EXIT_FORWARD
647.1218,-20.5284,-24.8452,0.000,PARALLEL_PARK,1,PARALLEL_PARK,,,,,PARALLEL_1_PARK_EXIT_FORWARD
647.2218,-20.6201,-24.8851,0.000,PARALLEL_PARK,1,PARALLEL_PARK,,,,,PARALLEL_1_PARK_EXIT_FORWARD
647.3218,-20.7118,-24.9251,0.000,PARALLEL_PARK,1,PARALLEL_PARK,,,,,PARALLEL_1_PARK_EXIT_FORWARD
647.4218,-20.8035,-24.9650,0.000,PARALLEL_PARK,1,PARALLEL_PARK,,,,,PARALLEL_1_PARK_EXIT_FORWARD
647.5218,-20.8952,-25.0047,0.000,PARALLEL_PARK,1,PARALLEL_PARK,,,,,PARALLEL_1_PARK_EXIT_FORWARD
647.6218,-20.9871,-25.0443,0.000,PARALLEL_PARK,1,PARALLEL_PARK,,,,,PARALLEL_1_PARK_EXIT_FORWARD
647.7218,-21.0790,-25.0836,0.000,PARALLEL_PARK,1,PARALLEL_PARK,,,,,PARALLEL_1_PARK_EXIT_FORWARD
647.8218,-21.1711,-25.1226,0.000,PARALLEL_PARK,1,PARALLEL_PARK,,,,,PARALLEL_1_PARK_EXIT_FORWARD
647.9218,-21.2633,-25.1613,0.000,PARALLEL_PARK,1,PARALLEL_PARK,,,,,PARALLEL_1_PARK_EXIT_FORWARD
648.0218,-21.3557,-25.1996,0.000,PARALLEL_PARK,1,PARALLEL_PARK,,,,,PARALLEL_1_PARK_EXIT_FORWARD
648.1217,-21.4482,-25.2374,0.000,PARALLEL_PARK,1,PARALLEL_PARK,,,,,PARALLEL_1_PARK_EXIT_FORWARD
648.2218,-21.5410,-25.2748,0.000,PARALLEL_PARK,1,PARALLEL_PARK,,,,,PARALLEL_1_PARK_EXIT_FORWARD
648.3218,-21.6340,-25.3116,0.000,PARALLEL_PARK,1,PARALLEL_PARK,,,,,PARALLEL_1_PARK_EXIT_FORWARD
648.4218,-21.7272,-25.3479,0.000,PARALLEL_PARK,1,PARALLEL_PARK,,,,,PARALLEL_1_PARK_EXIT_FORWARD
648.5218,-21.8206,-25.3835,0.000,PARALLEL_PARK,1,PARALLEL_PARK,,,,,PARALLEL_1_PARK_EXIT_FORWARD
648.6218,-21.9143,-25.4185,0.000,PARALLEL_PARK,1,PARALLEL_PARK,,,,,PARALLEL_1_PARK_EXIT_FORWARD
648.7218,-22.0082,-25.4528,0.000,PARALLEL_PARK,1,PARALLEL_PARK,,,,,PARALLEL_1_PARK_EXIT_FORWARD
648.8218,-22.1024,-25.4864,0.000,PARALLEL_PARK,1,PARALLEL_PARK,,,,,PARALLEL_1_PARK_EXIT_FORWARD
648.9218,-22.1969,-25.5192,0.000,PARALLEL_PARK,1,PARALLEL_PARK,,,,,PARALLEL_1_PARK_EXIT_FORWARD
649.0218,-22.2916,-25.5512,0.000,PARALLEL_PARK,1,PARALLEL_PARK,,,,,PARALLEL_1_PARK_EXIT_FORWARD
649.1218,-22.3867,-25.5823,0.000,PARALLEL_PARK,1,PARALLEL_PARK,,,,,PARALLEL_1_PARK_EXIT_FORWARD
649.2218,-22.4820,-25.6125,0.000,PARALLEL_PARK,1,PARALLEL_PARK,,,,,PARALLEL_1_PARK_EXIT_FORWARD
649.3218,-22.5776,-25.6418,0.000,PARALLEL_PARK,1,PARALLEL_PARK,,,,,PARALLEL_1_PARK_EXIT_FORWARD
649.4218,-22.6735,-25.6702,0.000,PARALLEL_PARK,1,PARALLEL_PARK,,,,,PARALLEL_1_PARK_EXIT_FORWARD
649.5218,-22.7697,-25.6976,0.000,PARALLEL_PARK,1,PARALLEL_PARK,,,,,PARALLEL_1_PARK_EXIT_FORWARD
649.6218,-22.8661,-25.7239,0.000,PARALLEL_PARK,1,PARALLEL_PARK,,,,,PARALLEL_1_PARK_EXIT_FORWARD
649.7218,-22.9629,-25.7492,0.000,PARALLEL_PARK,1,PARALLEL_PARK,,,,,PARALLEL_1_PARK_EXIT_FORWARD
649.8218,-23.0599,-25.7734,0.000,PARALLEL_PARK,1,PARALLEL_PARK,,,,,PARALLEL_1_PARK_EXIT_FORWARD
649.9218,-23.1572,-25.7964,0.000,PARALLEL_PARK,1,PARALLEL_PARK,,,,,PARALLEL_1_PARK_EXIT_FORWARD
650.0218,-23.2548,-25.8183,0.000,PARALLEL_PARK,1,PARALLEL_PARK,,,,,PARALLEL_1_PARK_EXIT_FORWARD
650.1218,-23.3526,-25.8390,0.000,PARALLEL_PARK,1,PARALLEL_PARK,,,,,PARALLEL_1_PARK_EXIT_FORWARD
650.2218,-23.4507,-25.8585,0.000,PARALLEL_PARK,1,PARALLEL_PARK,,,,,PARALLEL_1_PARK_EXIT_FORWARD
650.3218,-23.5490,-25.8767,0.000,PARALLEL_PARK,1,PARALLEL_PARK,,,,,PARALLEL_1_PARK_EXIT_FORWARD
650.4218,-23.6476,-25.8936,0.000,PARALLEL_PARK,1,PARALLEL_PARK,,,,,PARALLEL_1_PARK_EXIT_FORWARD
650.5218,-23.7464,-25.9092,0.000,PARALLEL_PARK,1,PARALLEL_PARK,,,,,PARALLEL_1_PARK_EXIT_FORWARD
650.6218,-23.8454,-25.9234,0.000,PARALLEL_PARK,1,PARALLEL_PARK,,,,,PARALLEL_1_PARK_EXIT_FORWARD
650.7218,-23.9445,-25.9362,0.000,PARALLEL_PARK,1,PARALLEL_PARK,,,,,PARALLEL_1_PARK_EXIT_FORWARD
650.8218,-24.0439,-25.9477,0.000,PARALLEL_PARK,1,PARALLEL_PARK,,,,,PARALLEL_1_PARK_EXIT_FORWARD
650.9218,-24.1434,-25.9577,0.000,PARALLEL_PARK,1,PARALLEL_PARK,,,,,PARALLEL_1_PARK_EXIT_FORWARD
651.0218,-24.2430,-25.9662,0.000,PARALLEL_PARK,1,PARALLEL_PARK,,,,,PARALLEL_1_PARK_EXIT_FORWARD
651.1218,-24.3428,-25.9732,0.000,PARALLEL_PARK,1,PARALLEL_PARK,,,,,PARALLEL_1_PARK_EXIT_FORWARD
651.2218,-24.4426,-25.9787,0.000,PARALLEL_PARK,1,PARALLEL_PARK,,,,,PARALLEL_1_PARK_EXIT_FORWARD
651.3218,-24.5425,-25.9827,0.000,PARALLEL_PARK,1,PARALLEL_PARK,,,,,PARALLEL_1_PARK_EXIT_FORWARD
651.4218,-24.6425,-25.9852,0.000,PARALLEL_PARK,1,PARALLEL_PARK,,,,,PARALLEL_1_PARK_EXIT_FORWARD
651.5218,-24.7425,-25.9861,0.000,PARALLEL_PARK,1,PARALLEL_PARK,,,,,PARALLEL_1_PARK_EXIT_FORWARD
651.6218,-24.8425,-25.9855,0.000,PARALLEL_PARK,1,PARALLEL_PARK,,,,,PARALLEL_1_PARK_EXIT_FORWARD
651.7218,-24.9425,-25.9833,0.000,PARALLEL_PARK,1,PARALLEL_PARK,,,,,PARALLEL_1_PARK_EXIT_FORWARD
651.8218,-25.0424,-25.9796,0.000,PARALLEL_PARK,1,PARALLEL_PARK,,,,,PARALLEL_1_PARK_EXIT_FORWARD
651.9218,-25.1423,-25.9745,0.000,PARALLEL_PARK,1,PARALLEL_PARK,,,,,PARALLEL_1_PARK_EXIT_FORWARD
652.0217,-25.2420,-25.9679,0.000,PARALLEL_PARK,1,PARALLEL_PARK,,,,,PARALLEL_1_PARK_EXIT_FORWARD
652.1218,-25.3417,-25.9599,0.000,PARALLEL_PARK,1,PARALLEL_PARK,,,,,PARALLEL_1_PARK_EXIT_FORWARD
652.2218,-25.4413,-25.9507,0.000,PARALLEL_PARK,1,PARALLEL_PARK,,,,,PARALLEL_1_PARK_EXIT_FORWARD
652.3218,-25.5408,-25.9403,0.000,PARALLEL_PARK,1,PARALLEL_PARK,,,,,PARALLEL_1_PARK_EXIT_FORWARD
652.4218,-25.6401,-25.9288,0.000,PARALLEL_PARK,1,PARALLEL_PARK,,,,,PARALLEL_1_PARK_EXIT_FORWARD
652.5218,-25.7393,-25.9164,0.000,PARALLEL_PARK,1,PARALLEL_PARK,,,,,PARALLEL_1_PARK_EXIT_FORWARD
652.6218,-25.8385,-25.9033,0.000,PARALLEL_PARK,1,PARALLEL_PARK,,,,,PARALLEL_1_PARK_EXIT_FORWARD
652.7218,-25.9375,-25.8897,0.000,PARALLEL_PARK,1,PARALLEL_PARK,,,,,PARALLEL_1_PARK_EXIT_FORWARD
652.8172,-26.0320,-25.8765,0.000,PARALLEL_PARK,1,PARALLEL_PARK,PARALLEL_1_END,BRANCH_COMPLETE,,,PARALLEL_1_PARK_EXIT_FORWARD
652.9147,-26.1277,-25.8575,0.000,NORMAL,1,ROUTE,,,,,T1_REVERSE_TO_FORWARD
652.9172,-26.1301,-25.8570,0.000,NORMAL,1,ROUTE,,,,,T1_REVERSE_TO_FORWARD
653.0171,-26.2280,-25.8369,0.000,NORMAL,1,ROUTE,,,,,T1_REVERSE_TO_FORWARD
653.1171,-26.3258,-25.8162,0.000,NORMAL,1,ROUTE,,,,,T1_REVERSE_TO_FORWARD
653.2171,-26.4235,-25.7950,0.000,NORMAL,1,ROUTE,,,,,T1_REVERSE_TO_FORWARD
653.3171,-26.5211,-25.7731,0.000,NORMAL,1,ROUTE,,,,,T1_REVERSE_TO_FORWARD
653.4170,-26.6185,-25.7507,0.000,NORMAL,1,ROUTE,,,,,T1_REVERSE_TO_FORWARD
653.5170,-26.7158,-25.7277,0.000,NORMAL,1,ROUTE,,,,,T1_REVERSE_TO_FORWARD
653.6169,-26.8129,-25.7041,0.000,NORMAL,1,ROUTE,,,,,T1_REVERSE_TO_FORWARD
653.7169,-26.9099,-25.6800,0.000,NORMAL,1,ROUTE,,,,,T1_REVERSE_TO_FORWARD
653.8169,-27.0068,-25.6552,0.000,NORMAL,1,ROUTE,,,,,T1_REVERSE_TO_FORWARD
653.9169,-27.1035,-25.6299,0.000,NORMAL,1,ROUTE,,,,,T1_REVERSE_TO_FORWARD
654.0169,-27.2001,-25.6040,0.000,NORMAL,1,ROUTE,,,,,T1_REVERSE_TO_FORWARD
654.1168,-27.2965,-25.5776,0.000,NORMAL,1,ROUTE,,,,,T1_REVERSE_TO_FORWARD
654.2169,-27.3928,-25.5506,0.000,NORMAL,1,ROUTE,,,,,T1_REVERSE_TO_FORWARD
654.3168,-27.4889,-25.5230,0.000,NORMAL,1,ROUTE,,,,,T1_REVERSE_TO_FORWARD
654.4168,-27.5848,-25.4948,0.000,NORMAL,1,ROUTE,,,,,T1_REVERSE_TO_FORWARD
654.5168,-27.6806,-25.4661,0.000,NORMAL,1,ROUTE,,,,,T1_REVERSE_TO_FORWARD
654.6168,-27.7762,-25.4369,0.000,NORMAL,1,ROUTE,,,,,T1_REVERSE_TO_FORWARD
654.7167,-27.8716,-25.4072,0.000,NORMAL,1,ROUTE,,,,,T1_REVERSE_TO_FORWARD
654.8167,-27.9669,-25.3769,0.000,NORMAL,1,ROUTE,,,,,T1_REVERSE_TO_FORWARD
654.9167,-28.0621,-25.3463,0.000,NORMAL,1,ROUTE,,,,,T1_REVERSE_TO_FORWARD
655.0167,-28.1571,-25.3151,0.000,NORMAL,1,ROUTE,,,,,T1_REVERSE_TO_FORWARD
655.1166,-28.2520,-25.2837,0.000,NORMAL,1,ROUTE,,,,,T1_REVERSE_TO_FORWARD
655.2166,-28.3468,-25.2519,0.000,NORMAL,1,ROUTE,,,,,T1_REVERSE_TO_FORWARD
655.3166,-28.4415,-25.2199,0.000,NORMAL,1,ROUTE,,,,,T1_REVERSE_TO_FORWARD
655.4166,-28.5362,-25.1878,0.000,NORMAL,1,ROUTE,,,,,T1_REVERSE_TO_FORWARD
655.5165,-28.6308,-25.1557,0.000,NORMAL,1,ROUTE,,,,,T1_REVERSE_TO_FORWARD
655.6165,-28.7255,-25.1236,0.000,NORMAL,1,ROUTE,,,,,T1_REVERSE_TO_FORWARD
655.7164,-28.8203,-25.0919,0.000,NORMAL,1,ROUTE,,,,,T1_REVERSE_TO_FORWARD
655.8164,-28.9152,-25.0605,0.000,NORMAL,1,ROUTE,,,,,T1_REVERSE_TO_FORWARD
655.9164,-29.0103,-25.0296,0.000,NORMAL,1,ROUTE,,,,,T1_REVERSE_TO_FORWARD
656.0164,-29.1057,-24.9995,0.000,NORMAL,1,ROUTE,,,,,T1_REVERSE_TO_FORWARD
656.1164,-29.2013,-24.9702,0.000,NORMAL,1,ROUTE,,,,,T1_REVERSE_TO_FORWARD
656.2164,-29.2972,-24.9420,0.000,NORMAL,1,ROUTE,,,,,T1_REVERSE_TO_FORWARD
656.3163,-29.3934,-24.9149,0.000,NORMAL,1,ROUTE,,,,,T1_REVERSE_TO_FORWARD
656.4163,-29.4900,-24.8891,0.000,NORMAL,1,ROUTE,,,,,T1_REVERSE_TO_FORWARD
656.5163,-29.5869,-24.8645,0.000,NORMAL,1,ROUTE,,,,,T1_REVERSE_TO_FORWARD
656.6162,-29.6841,-24.8411,0.000,NORMAL,1,ROUTE,,,,,T1_REVERSE_TO_FORWARD
656.7162,-29.7815,-24.8187,0.000,NORMAL,1,ROUTE,,,,,T1_REVERSE_TO_FORWARD
656.8162,-29.8792,-24.7973,0.000,NORMAL,1,ROUTE,,,,,T1_REVERSE_TO_FORWARD
656.9162,-29.9770,-24.7766,0.000,NORMAL,1,ROUTE,,,,,T1_REVERSE_TO_FORWARD
657.0161,-30.0749,-24.7564,0.000,NORMAL,1,ROUTE,,,,,T1_REVERSE_TO_FORWARD
657.1161,-30.1729,-24.7366,0.000,NORMAL,1,ROUTE,,,,,T1_REVERSE_TO_FORWARD
657.2161,-30.2709,-24.7169,0.000,NORMAL,1,ROUTE,,,,,T1_REVERSE_TO_FORWARD
657.3161,-30.3689,-24.6971,0.000,NORMAL,1,ROUTE,,,,,T1_REVERSE_TO_FORWARD
657.4160,-30.4668,-24.6770,0.000,NORMAL,1,ROUTE,,,,,T1_REVERSE_TO_FORWARD
657.5160,-30.5646,-24.6562,0.000,NORMAL,1,ROUTE,,,,,T1_REVERSE_TO_FORWARD
657.6159,-30.6622,-24.6346,0.000,NORMAL,1,ROUTE,,,,,T1_REVERSE_TO_FORWARD
657.7160,-30.7596,-24.6118,0.000,NORMAL,1,ROUTE,,,,,T1_REVERSE_TO_FORWARD
657.8159,-30.8566,-24.5876,0.000,NORMAL,1,ROUTE,,,,,T1_REVERSE_TO_FORWARD
657.9159,-30.9531,-24.5617,0.000,NORMAL,1,ROUTE,,,,,T1_REVERSE_TO_FORWARD
658.0159,-31.0492,-24.5339,0.000,NORMAL,1,ROUTE,,,,,T1_REVERSE_TO_FORWARD
658.1158,-31.1445,-24.5038,0.000,NORMAL,1,ROUTE,,,,,T1_REVERSE_TO_FORWARD
658.2158,-31.2391,-24.4714,0.000,NORMAL,1,ROUTE,,,,,T1_REVERSE_TO_FORWARD
658.3158,-31.3327,-24.4364,0.000,NORMAL,1,ROUTE,,,,,T1_REVERSE_TO_FORWARD
658.4158,-31.4254,-24.3989,0.000,NORMAL,1,ROUTE,,,,,T1_REVERSE_TO_FORWARD
658.5157,-31.5170,-24.3589,0.000,NORMAL,1,ROUTE,,,,,T1_REVERSE_TO_FORWARD
658.6157,-31.6075,-24.3164,0.000,NORMAL,1,ROUTE,,,,,T1_REVERSE_TO_FORWARD
658.7157,-31.6968,-24.2715,0.000,NORMAL,1,ROUTE,,,,,T1_REVERSE_TO_FORWARD
658.8156,-31.7849,-24.2242,0.000,NORMAL,1,ROUTE,,,,,T1_REVERSE_TO_FORWARD
658.9156,-31.8716,-24.1744,0.000,NORMAL,1,ROUTE,,,,,T1_REVERSE_TO_FORWARD
659.0156,-31.9568,-24.1221,0.000,NORMAL,1,ROUTE,,,,,T1_REVERSE_TO_FORWARD
659.1156,-32.0403,-24.0671,0.000,NORMAL,1,ROUTE,,,,,T1_REVERSE_TO_FORWARD
659.2155,-32.1219,-24.0094,0.000,NORMAL,1,ROUTE,,,,,T1_REVERSE_TO_FORWARD
659.3155,-32.2013,-23.9487,0.000,NORMAL,1,ROUTE,,,,,T1_REVERSE_TO_FORWARD
659.4155,-32.2784,-23.8850,0.000,NORMAL,1,ROUTE,,,,,T1_REVERSE_TO_FORWARD
659.5154,-32.3526,-23.8181,0.000,NORMAL,1,ROUTE,,,,,T1_REVERSE_TO_FORWARD
659.6155,-32.4240,-23.7480,0.000,NORMAL,1,ROUTE,,,,,T1_REVERSE_TO_FORWARD
659.7154,-32.4920,-23.6748,0.000,NORMAL,1,ROUTE,,,,,T1_REVERSE_TO_FORWARD
659.8153,-32.5565,-23.5984,0.000,NORMAL,1,ROUTE,,,,,T1_REVERSE_TO_FORWARD
659.9153,-32.6171,-23.5189,0.000,NORMAL,1,ROUTE,,,,,T1_REVERSE_TO_FORWARD
660.0153,-32.6734,-23.4363,0.000,NORMAL,1,ROUTE,,,,,T1_REVERSE_TO_FORWARD
660.1152,-32.7250,-23.3507,0.000,NORMAL,1,ROUTE,,,,,T1_REVERSE_TO_FORWARD
660.2152,-32.7716,-23.2623,0.000,NORMAL,1,ROUTE,,,,,T1_REVERSE_TO_FORWARD
660.3152,-32.8129,-23.1712,0.000,NORMAL,1,ROUTE,,,,,T1_REVERSE_TO_FORWARD
660.4151,-32.8488,-23.0779,0.000,NORMAL,1,ROUTE,,,,,T1_REVERSE_TO_FORWARD
660.5151,-32.8796,-22.9828,0.000,NORMAL,1,ROUTE,,,,,T1_REVERSE_TO_FORWARD
660.6151,-32.9056,-22.8863,0.000,NORMAL,1,ROUTE,,,,,T1_REVERSE_TO_FORWARD
660.7150,-32.9273,-22.7887,0.000,NORMAL,1,ROUTE,,,,,T1_REVERSE_TO_FORWARD
660.8150,-32.9452,-22.6904,0.000,NORMAL,1,ROUTE,,,,,T1_REVERSE_TO_FORWARD
660.9149,-32.9598,-22.5915,0.000,NORMAL,1,ROUTE,,,,,T1_REVERSE_TO_FORWARD
661.0149,-32.9715,-22.4922,0.000,NORMAL,1,ROUTE,,,,,T1_REVERSE_TO_FORWARD
661.1149,-32.9806,-22.3926,0.000,NORMAL,1,ROUTE,,,,,T1_REVERSE_TO_FORWARD
661.2149,-32.9875,-22.2929,0.000,NORMAL,1,ROUTE,,,,,T1_REVERSE_TO_FORWARD
661.3149,-32.9923,-22.1930,0.000,NORMAL,1,ROUTE,,,,,T1_REVERSE_TO_FORWARD
661.4148,-32.9954,-22.0931,0.000,NORMAL,1,ROUTE,,,,,T1_REVERSE_TO_FORWARD
661.5148,-32.9969,-21.9931,0.000,NORMAL,1,ROUTE,,,,,T1_REVERSE_TO_FORWARD
661.6147,-32.9970,-21.8932,0.000,NORMAL,1,ROUTE,,,,,T1_REVERSE_TO_FORWARD
661.7147,-32.9956,-21.7932,0.000,NORMAL,1,ROUTE,,,,,T1_REVERSE_TO_FORWARD
661.8147,-32.9929,-21.6933,0.000,NORMAL,1,ROUTE,,,,,T1_REVERSE_TO_FORWARD
661.9147,-32.9888,-21.5934,0.000,NORMAL,1,ROUTE,,,,,T1_REVERSE_TO_FORWARD
662.0146,-32.9833,-21.4936,0.000,NORMAL,1,ROUTE,,,,,T1_REVERSE_TO_FORWARD
662.1147,-32.9763,-21.3938,0.000,NORMAL,1,ROUTE,,,,,T1_REVERSE_TO_FORWARD
662.2146,-32.9678,-21.2942,0.000,NORMAL,1,ROUTE,,,,,T1_REVERSE_TO_FORWARD
662.3146,-32.9577,-21.1947,0.000,NORMAL,1,ROUTE,,,,,T1_REVERSE_TO_FORWARD
662.4145,-32.9459,-21.0955,0.000,NORMAL,1,ROUTE,,,,,T1_REVERSE_TO_FORWARD
662.5145,-32.9325,-20.9964,0.000,NORMAL,1,ROUTE,,,,,T1_REVERSE_TO_FORWARD
662.6145,-32.9175,-20.8976,0.000,NORMAL,1,ROUTE,,,,,T1_REVERSE_TO_FORWARD
662.7144,-32.9010,-20.7990,0.000,NORMAL,1,ROUTE,,,,,T1_REVERSE_TO_FORWARD
662.8145,-32.8829,-20.7006,0.000,NORMAL,1,ROUTE,,,,,T1_REVERSE_TO_FORWARD
662.9144,-32.8634,-20.6026,0.000,NORMAL,1,ROUTE,,,,,T1_REVERSE_TO_FORWARD
663.0144,-32.8424,-20.5048,0.000,NORMAL,1,ROUTE,,,,,T1_REVERSE_TO_FORWARD
663.1144,-32.8200,-20.4074,0.000,NORMAL,1,ROUTE,,,,,T1_REVERSE_TO_FORWARD
663.2143,-32.7963,-20.3103,0.000,NORMAL,1,ROUTE,,,,,T1_REVERSE_TO_FORWARD
663.3143,-32.7712,-20.2135,0.000,NORMAL,1,ROUTE,,,,,T1_REVERSE_TO_FORWARD
663.4143,-32.7448,-20.1171,0.000,NORMAL,1,ROUTE,,,,,T1_REVERSE_TO_FORWARD
663.5143,-32.7172,-20.0210,0.000,NORMAL,1,ROUTE,,,,,T1_REVERSE_TO_FORWARD
663.6143,-32.6885,-19.9252,0.000,NORMAL,1,ROUTE,,,,,T1_REVERSE_TO_FORWARD
663.7143,-32.6589,-19.8297,0.000,NORMAL,1,ROUTE,,,,,T1_REVERSE_TO_FORWARD
663.8143,-32.6286,-19.7344,0.000,NORMAL,1,ROUTE,,,,,T1_REVERSE_TO_FORWARD
663.9142,-32.5978,-19.6393,0.000,NORMAL,1,ROUTE,,,,,T1_REVERSE_TO_FORWARD
664.0142,-32.5667,-19.5443,0.000,NORMAL,1,ROUTE,,,,,T1_REVERSE_TO_FORWARD
664.1141,-32.5354,-19.4494,0.000,NORMAL,1,ROUTE,,,,,T1_REVERSE_TO_FORWARD
664.2141,-32.5042,-19.3544,0.000,NORMAL,1,ROUTE,,,,,T1_REVERSE_TO_FORWARD
664.3141,-32.4731,-19.2594,0.000,NORMAL,1,ROUTE,,,,,T1_REVERSE_TO_FORWARD
664.4140,-32.4423,-19.1643,0.000,NORMAL,1,ROUTE,,,,,T1_REVERSE_TO_FORWARD
664.5141,-32.4119,-19.0690,0.000,NORMAL,1,ROUTE,,,,,T1_REVERSE_TO_FORWARD
664.6140,-32.3820,-18.9736,0.000,NORMAL,1,ROUTE,,,,,T1_REVERSE_TO_FORWARD
664.7140,-32.3525,-18.8781,0.000,NORMAL,1,ROUTE,,,,,T1_REVERSE_TO_FORWARD
664.8139,-32.3234,-18.7825,0.000,NORMAL,1,ROUTE,,,,,T1_REVERSE_TO_FORWARD
664.9139,-32.2947,-18.6867,0.000,NORMAL,1,ROUTE,,,,,T1_REVERSE_TO_FORWARD
665.0139,-32.2663,-18.5908,0.000,NORMAL,1,ROUTE,,,,,T1_REVERSE_TO_FORWARD
665.1139,-32.2382,-18.4949,0.000,NORMAL,1,ROUTE,,,,,T1_REVERSE_TO_FORWARD
665.2138,-32.2100,-18.3990,0.000,NORMAL,1,ROUTE,,,,,T1_REVERSE_TO_FORWARD
665.3138,-32.1818,-18.3031,0.000,NORMAL,1,ROUTE,,,,,T1_REVERSE_TO_FORWARD
665.4139,-32.1532,-18.2072,0.000,NORMAL,1,ROUTE,,,,,T1_REVERSE_TO_FORWARD
665.5138,-32.1242,-18.1116,0.000,NORMAL,1,ROUTE,,,,,T1_REVERSE_TO_FORWARD
665.6137,-32.0943,-18.0162,0.000,NORMAL,1,ROUTE,,,,,T1_REVERSE_TO_FORWARD
665.7137,-32.0634,-17.9211,0.000,NORMAL,1,ROUTE,,,,,T1_REVERSE_TO_FORWARD
665.8137,-32.0313,-17.8264,0.000,NORMAL,1,ROUTE,,,,,T1_REVERSE_TO_FORWARD
665.9137,-31.9979,-17.7322,0.000,NORMAL,1,ROUTE,,,,,T1_REVERSE_TO_FORWARD
666.0136,-31.9629,-17.6386,0.000,NORMAL,1,ROUTE,,,,,T1_REVERSE_TO_FORWARD
666.1136,-31.9264,-17.5455,0.000,NORMAL,1,ROUTE,,,,,T1_REVERSE_TO_FORWARD
666.2136,-31.8886,-17.4529,0.000,NORMAL,1,ROUTE,,,,,T1_REVERSE_TO_FORWARD
666.3136,-31.8496,-17.3609,0.000,NORMAL,1,ROUTE,,,,,T1_REVERSE_TO_FORWARD
666.4135,-31.8095,-17.2693,0.000,NORMAL,1,ROUTE,,,,,T1_REVERSE_TO_FORWARD
666.5135,-31.7687,-17.1780,0.000,NORMAL,1,ROUTE,,,,,T1_REVERSE_TO_FORWARD
666.6135,-31.7273,-17.0870,0.000,NORMAL,1,ROUTE,,,,,T1_REVERSE_TO_FORWARD
666.7135,-31.6855,-16.9962,0.000,NORMAL,1,ROUTE,,,,,T1_REVERSE_TO_FORWARD
666.8135,-31.6434,-16.9055,0.000,NORMAL,1,ROUTE,,,,,T1_REVERSE_TO_FORWARD
666.9134,-31.6012,-16.8149,0.000,NORMAL,1,ROUTE,,,,,T1_REVERSE_TO_FORWARD
667.0134,-31.5589,-16.7243,0.000,NORMAL,1,ROUTE,,,,,T1_REVERSE_TO_FORWARD
667.1134,-31.5164,-16.6338,0.000,NORMAL,1,ROUTE,,,,,T1_REVERSE_TO_FORWARD
667.2134,-31.4737,-16.5434,0.000,NORMAL,1,ROUTE,,,,,T1_REVERSE_TO_FORWARD
667.3133,-31.4306,-16.4532,0.000,NORMAL,1,ROUTE,,,,,T1_REVERSE_TO_FORWARD
667.4133,-31.3870,-16.3633,0.000,NORMAL,1,ROUTE,,,,,T1_REVERSE_TO_FORWARD
667.5133,-31.3427,-16.2736,0.000,NORMAL,1,ROUTE,,,,,T1_REVERSE_TO_FORWARD
667.6133,-31.2975,-16.1844,0.000,NORMAL,1,ROUTE,,,,,T1_REVERSE_TO_FORWARD
667.7133,-31.2514,-16.0957,0.000,NORMAL,1,ROUTE,,,,,T1_REVERSE_TO_FORWARD
667.8132,-31.2041,-16.0077,0.000,NORMAL,1,ROUTE,,,,,T1_REVERSE_TO_FORWARD
667.9132,-31.1556,-15.9202,0.000,NORMAL,1,ROUTE,,,,,T1_REVERSE_TO_FORWARD
668.0131,-31.1059,-15.8335,0.000,NORMAL,1,ROUTE,,,,,T1_REVERSE_TO_FORWARD
668.1131,-31.0549,-15.7475,0.000,NORMAL,1,ROUTE,,,,,T1_REVERSE_TO_FORWARD
668.2131,-31.0026,-15.6623,0.000,NORMAL,1,ROUTE,,,,,T1_REVERSE_TO_FORWARD
668.3130,-30.9491,-15.5779,0.000,NORMAL,1,ROUTE,,,,,T1_REVERSE_TO_FORWARD
668.4130,-30.8942,-15.4943,0.000,NORMAL,1,ROUTE,,,,,T1_REVERSE_TO_FORWARD
668.5130,-30.8380,-15.4116,0.000,NORMAL,1,ROUTE,,,,,T1_REVERSE_TO_FORWARD
668.6131,-30.7803,-15.3299,0.000,NORMAL,1,ROUTE,,,,,T1_REVERSE_TO_FORWARD
668.7129,-30.7213,-15.2493,0.000,NORMAL,1,ROUTE,,,,,T1_REVERSE_TO_FORWARD
668.8129,-30.6608,-15.1697,0.000,NORMAL,1,ROUTE,,,,,T1_REVERSE_TO_FORWARD
668.9130,-30.5989,-15.0911,0.000,NORMAL,1,ROUTE,,,,,T1_REVERSE_TO_FORWARD
669.0129,-30.5357,-15.0137,0.000,NORMAL,1,ROUTE,,,,,T1_REVERSE_TO_FORWARD
669.1129,-30.4711,-14.9374,0.000,NORMAL,1,ROUTE,,,,,T1_REVERSE_TO_FORWARD
669.2129,-30.4053,-14.8621,0.000,NORMAL,1,ROUTE,,,,,T1_REVERSE_TO_FORWARD
669.3128,-30.3383,-14.7879,0.000,NORMAL,1,ROUTE,,,,,T1_REVERSE_TO_FORWARD
669.4127,-30.2701,-14.7149,0.000,NORMAL,1,ROUTE,,,,,T1_REVERSE_TO_FORWARD
669.5127,-30.2007,-14.6429,0.000,NORMAL,1,ROUTE,,,,,T1_REVERSE_TO_FORWARD
669.6127,-30.1302,-14.5720,0.000,NORMAL,1,ROUTE,,,,,T1_REVERSE_TO_FORWARD
669.7127,-30.0587,-14.5021,0.000,NORMAL,1,ROUTE,,,,,T1_REVERSE_TO_FORWARD
669.8127,-29.9861,-14.4333,0.000,NORMAL,1,ROUTE,,,,,T1_REVERSE_TO_FORWARD
669.9127,-29.9127,-14.3655,0.000,NORMAL,1,ROUTE,,,,,T1_REVERSE_TO_FORWARD
670.0126,-29.8386,-14.2984,0.000,NORMAL,1,ROUTE,,,,,T1_REVERSE_TO_FORWARD
670.1126,-29.7638,-14.2320,0.000,NORMAL,1,ROUTE,,,,,T1_REVERSE_TO_FORWARD
670.2126,-29.6887,-14.1661,0.000,NORMAL,1,ROUTE,,,,,T1_REVERSE_TO_FORWARD
670.3126,-29.6133,-14.1004,0.000,NORMAL,1,ROUTE,,,,,T1_REVERSE_TO_FORWARD
670.4126,-29.5378,-14.0348,0.000,NORMAL,1,ROUTE,,,,,T1_REVERSE_TO_FORWARD
670.5125,-29.4623,-13.9693,0.000,NORMAL,1,ROUTE,,,,,T1_REVERSE_TO_FORWARD
670.6125,-29.3869,-13.9037,0.000,NORMAL,1,ROUTE,,,,,T1_REVERSE_TO_FORWARD
670.7125,-29.3115,-13.8380,0.000,NORMAL,1,ROUTE,,,,,T1_REVERSE_TO_FORWARD
670.8124,-29.2362,-13.7723,0.000,NORMAL,1,ROUTE,,,,,T1_REVERSE_TO_FORWARD
670.9124,-29.1607,-13.7068,0.000,NORMAL,1,ROUTE,,,,,T1_REVERSE_TO_FORWARD
671.0124,-29.0848,-13.6417,0.000,NORMAL,1,ROUTE,,,,,T1_REVERSE_TO_FORWARD
671.1123,-29.0083,-13.5774,0.000,NORMAL,1,ROUTE,,,,,T1_REVERSE_TO_FORWARD
671.2123,-28.9307,-13.5143,0.000,NORMAL,1,ROUTE,,,,,T1_REVERSE_TO_FORWARD
671.3123,-28.8516,-13.4531,0.000,NORMAL,1,ROUTE,,,,,T1_REVERSE_TO_FORWARD
671.4123,-28.7707,-13.3943,0.000,NORMAL,1,ROUTE,,,,,T1_REVERSE_TO_FORWARD
671.5122,-28.6878,-13.3386,0.000,NORMAL,1,ROUTE,,,,,T1_REVERSE_TO_FORWARD
671.6123,-28.6024,-13.2865,0.000,NORMAL,1,ROUTE,,,,,T1_REVERSE_TO_FORWARD
671.7122,-28.5144,-13.2391,0.000,NORMAL,1,ROUTE,,,,,T1_REVERSE_TO_FORWARD
671.7553,-28.4756,-13.2204,0.000,END_LANE,1,END_LANE,END_LANE_DECISION_START,SELECT_ALLOWED_LANE,GREEN_ARROW_AND_RED_X,,T1_REVERSE_TO_FORWARD
671.8122,-28.4236,-13.1973,0.000,END_LANE,1,END_LANE,,,GREEN_ARROW_AND_RED_X,,T1_REVERSE_TO_FORWARD
671.9121,-28.3305,-13.1611,0.000,END_LANE,1,END_LANE,,,,,T1_REVERSE_TO_FORWARD
672.0120,-28.2355,-13.1300,0.000,END_LANE,1,END_LANE,,,,,T1_REVERSE_TO_FORWARD
672.1121,-28.1390,-13.1037,0.000,END_LANE,1,END_LANE,,,,,T1_REVERSE_TO_FORWARD
672.2120,-28.0415,-13.0817,0.000,END_LANE,1,END_LANE,,,,,T1_REVERSE_TO_FORWARD
672.3120,-27.9431,-13.0638,0.000,END_LANE,1,END_LANE,,,,,T1_REVERSE_TO_FORWARD
672.4119,-27.8442,-13.0495,0.000,END_LANE,1,END_LANE,,,,,T1_REVERSE_TO_FORWARD
672.5119,-27.7448,-13.0386,0.000,END_LANE,1,END_LANE,,,,,T1_REVERSE_TO_FORWARD
672.6118,-27.6452,-13.0308,0.000,END_LANE,1,END_LANE,,,,,T1_REVERSE_TO_FORWARD
672.7119,-27.5453,-13.0257,0.000,END_LANE,1,END_LANE,,,,,T1_REVERSE_TO_FORWARD
672.8118,-27.4454,-13.0231,0.000,END_LANE,1,END_LANE,,,,,T1_REVERSE_TO_FORWARD
672.9118,-27.3454,-13.0229,0.000,END_LANE,1,END_LANE,,,,,T1_REVERSE_TO_FORWARD
673.0118,-27.2454,-13.0247,0.000,END_LANE,1,END_LANE,,,,,T1_REVERSE_TO_FORWARD
673.1118,-27.1455,-13.0284,0.000,END_LANE,1,END_LANE,,,,,T1_REVERSE_TO_FORWARD
673.2117,-27.0457,-13.0338,0.000,END_LANE,1,END_LANE,,,,,T1_REVERSE_TO_FORWARD
673.3117,-26.9460,-13.0408,0.000,END_LANE,1,END_LANE,,,,,T1_REVERSE_TO_FORWARD
673.4116,-26.8464,-13.0492,0.000,END_LANE,1,END_LANE,,,,,T1_REVERSE_TO_FORWARD
673.5116,-26.7469,-13.0588,0.000,END_LANE,1,END_LANE,,,,,T1_REVERSE_TO_FORWARD
673.6116,-26.6475,-13.0697,0.000,END_LANE,1,END_LANE,,,,,T1_REVERSE_TO_FORWARD
673.7116,-26.5482,-13.0816,0.000,END_LANE,1,END_LANE,,,,,T1_REVERSE_TO_FORWARD
673.8116,-26.4491,-13.0946,0.000,END_LANE,1,END_LANE,,,,,T1_REVERSE_TO_FORWARD
673.9115,-26.3501,-13.1084,0.000,END_LANE,1,END_LANE,,,,,T1_REVERSE_TO_FORWARD
674.0115,-26.2512,-13.1231,0.000,END_LANE,1,END_LANE,,,,,T1_REVERSE_TO_FORWARD
674.1115,-26.1524,-13.1385,0.000,END_LANE,1,END_LANE,,,,,T1_REVERSE_TO_FORWARD
674.2115,-26.0537,-13.1547,0.000,END_LANE,1,END_LANE,,,,,T1_REVERSE_TO_FORWARD
674.3114,-25.9552,-13.1715,0.000,END_LANE,1,END_LANE,,,,,T1_REVERSE_TO_FORWARD
674.4114,-25.8568,-13.1890,0.000,END_LANE,1,END_LANE,,,,,T1_REVERSE_TO_FORWARD
674.5114,-25.7584,-13.2070,0.000,END_LANE,1,END_LANE,,,,,T1_REVERSE_TO_FORWARD
674.6114,-25.6602,-13.2256,0.000,END_LANE,1,END_LANE,,,,,T1_REVERSE_TO_FORWARD
674.7114,-25.5620,-13.2447,0.000,END_LANE,1,END_LANE,,,,,T1_REVERSE_TO_FORWARD
674.8113,-25.4640,-13.2642,0.000,END_LANE,1,END_LANE,,,,,T1_REVERSE_TO_FORWARD
674.9113,-25.3660,-13.2842,0.000,END_LANE,1,END_LANE,,,,,T1_REVERSE_TO_FORWARD
675.0112,-25.2682,-13.3045,0.000,END_LANE,1,END_LANE,,,,,T1_REVERSE_TO_FORWARD
675.1112,-25.1704,-13.3253,0.000,END_LANE,1,END_LANE,,,,,T1_REVERSE_TO_FORWARD
675.2113,-25.0726,-13.3464,0.000,END_LANE,1,END_LANE,,,,,T1_REVERSE_TO_FORWARD
675.3112,-24.9750,-13.3677,0.000,END_LANE,1,END_LANE,,,,,T1_REVERSE_TO_FORWARD
675.4111,-24.8774,-13.3894,0.000,END_LANE,1,END_LANE,,,,,T1_REVERSE_TO_FORWARD
675.5112,-24.7798,-13.4113,0.000,END_LANE,1,END_LANE,,,,,T1_REVERSE_TO_FORWARD
675.6111,-24.6823,-13.4334,0.000,END_LANE,1,END_LANE,,,,,T1_REVERSE_TO_FORWARD
675.7111,-24.5849,-13.4557,0.000,END_LANE,1,END_LANE,,,,,T1_REVERSE_TO_FORWARD
675.8110,-24.4875,-13.4782,0.000,END_LANE,1,END_LANE,,,,,T1_REVERSE_TO_FORWARD
675.9110,-24.3901,-13.5008,0.000,END_LANE,1,END_LANE,,,,,T1_REVERSE_TO_FORWARD
676.0111,-24.2927,-13.5236,0.000,END_LANE,1,END_LANE,,,,,T1_REVERSE_TO_FORWARD
676.1110,-24.1954,-13.5464,0.000,END_LANE,1,END_LANE,,,,,T1_REVERSE_TO_FORWARD
676.2110,-24.0980,-13.5692,0.000,END_LANE,1,END_LANE,,,,,T1_REVERSE_TO_FORWARD
676.3110,-24.0007,-13.5921,0.000,END_LANE,1,END_LANE,,,,,T1_REVERSE_TO_FORWARD
676.4109,-23.9034,-13.6150,0.000,END_LANE,1,END_LANE,,,,,T1_REVERSE_TO_FORWARD
676.5109,-23.8061,-13.6379,0.000,END_LANE,1,END_LANE,,,,,T1_REVERSE_TO_FORWARD
676.6109,-23.7088,-13.6608,0.000,END_LANE,1,END_LANE,,,,,T1_REVERSE_TO_FORWARD
676.7109,-23.6114,-13.6836,0.000,END_LANE,1,END_LANE,,,,,T1_REVERSE_TO_FORWARD
676.8108,-23.5141,-13.7064,0.000,END_LANE,1,END_LANE,,,,,T1_REVERSE_TO_FORWARD
676.9108,-23.4167,-13.7291,0.000,END_LANE,1,END_LANE,,,,,T1_REVERSE_TO_FORWARD
677.0108,-23.3193,-13.7516,0.000,END_LANE,1,END_LANE,,,,,T1_REVERSE_TO_FORWARD
677.1108,-23.2219,-13.7741,0.000,END_LANE,1,END_LANE,,,,,T1_REVERSE_TO_FORWARD
677.2107,-23.1245,-13.7965,0.000,END_LANE,1,END_LANE,,,,,T1_REVERSE_TO_FORWARD
677.3107,-23.0270,-13.8187,0.000,END_LANE,1,END_LANE,,,,,T1_REVERSE_TO_FORWARD
677.4107,-22.9295,-13.8408,0.000,END_LANE,1,END_LANE,,,,,T1_REVERSE_TO_FORWARD
677.5106,-22.8320,-13.8628,0.000,END_LANE,1,END_LANE,,,,,T1_REVERSE_TO_FORWARD
677.6107,-22.7344,-13.8847,0.000,END_LANE,1,END_LANE,,,,,T1_REVERSE_TO_FORWARD
677.7106,-22.6368,-13.9064,0.000,END_LANE,1,END_LANE,,,,,T1_REVERSE_TO_FORWARD
677.8106,-22.5392,-13.9280,0.000,END_LANE,1,END_LANE,,,,,T1_REVERSE_TO_FORWARD
677.9105,-22.4416,-13.9494,0.000,END_LANE,1,END_LANE,,,,,T1_REVERSE_TO_FORWARD
678.0105,-22.3439,-13.9708,0.000,END_LANE,1,END_LANE,,,,,T1_REVERSE_TO_FORWARD
678.1105,-22.2462,-13.9920,0.000,END_LANE,1,END_LANE,,,,,T1_REVERSE_TO_FORWARD
678.2104,-22.1485,-14.0130,0.000,END_LANE,1,END_LANE,,,,,T1_REVERSE_TO_FORWARD
678.3104,-22.0507,-14.0339,0.000,END_LANE,1,END_LANE,,,,,T1_REVERSE_TO_FORWARD
678.4104,-21.9529,-14.0547,0.000,END_LANE,1,END_LANE,,,,,T1_REVERSE_TO_FORWARD
678.5104,-21.8551,-14.0754,0.000,END_LANE,1,END_LANE,,,,,T1_REVERSE_TO_FORWARD
678.6103,-21.7573,-14.0960,0.000,END_LANE,1,END_LANE,,,,,T1_REVERSE_TO_FORWARD
678.7104,-21.6594,-14.1164,0.000,END_LANE,1,END_LANE,,,,,T1_REVERSE_TO_FORWARD
678.8103,-21.5615,-14.1367,0.000,END_LANE,1,END_LANE,,,,,T1_REVERSE_TO_FORWARD
678.9103,-21.4636,-14.1568,0.000,END_LANE,1,END_LANE,,,,,T1_REVERSE_TO_FORWARD
679.0103,-21.3656,-14.1769,0.000,END_LANE,1,END_LANE,,,,,T1_REVERSE_TO_FORWARD
679.1102,-21.2677,-14.1968,0.000,END_LANE,1,END_LANE,,,,,T1_REVERSE_TO_FORWARD
679.2102,-21.1697,-14.2166,0.000,END_LANE,1,END_LANE,,,,,T1_REVERSE_TO_FORWARD
679.3102,-21.0717,-14.2363,0.000,END_LANE,1,END_LANE,,,,,T1_REVERSE_TO_FORWARD
679.4102,-20.9736,-14.2559,0.000,END_LANE,1,END_LANE,,,,,T1_REVERSE_TO_FORWARD
679.5101,-20.8756,-14.2754,0.000,END_LANE,1,END_LANE,,,,,T1_REVERSE_TO_FORWARD
679.6101,-20.7775,-14.2947,0.000,END_LANE,1,END_LANE,,,,,T1_REVERSE_TO_FORWARD
679.7101,-20.6794,-14.3140,0.000,END_LANE,1,END_LANE,,,,,T1_REVERSE_TO_FORWARD
679.8101,-20.5812,-14.3331,0.000,END_LANE,1,END_LANE,,,,,T1_REVERSE_TO_FORWARD
679.9100,-20.4831,-14.3521,0.000,END_LANE,1,END_LANE,,,,,T1_REVERSE_TO_FORWARD
680.0100,-20.3849,-14.3710,0.000,END_LANE,1,END_LANE,,,,,T1_REVERSE_TO_FORWARD
680.1100,-20.2867,-14.3898,0.000,END_LANE,1,END_LANE,,,,,T1_REVERSE_TO_FORWARD
680.2100,-20.1885,-14.4085,0.000,END_LANE,1,END_LANE,,,,,T1_REVERSE_TO_FORWARD
680.3099,-20.0903,-14.4271,0.000,END_LANE,1,END_LANE,,,,,T1_REVERSE_TO_FORWARD
680.4100,-19.9920,-14.4456,0.000,END_LANE,1,END_LANE,,,,,T1_REVERSE_TO_FORWARD
680.5099,-19.8938,-14.4640,0.000,END_LANE,1,END_LANE,,,,,T1_REVERSE_TO_FORWARD
680.6098,-19.7955,-14.4822,0.000,END_LANE,1,END_LANE,,,,,T1_REVERSE_TO_FORWARD
680.7099,-19.6971,-14.5004,0.000,END_LANE,1,END_LANE,,,,,T1_REVERSE_TO_FORWARD
680.8099,-19.5988,-14.5185,0.000,END_LANE,1,END_LANE,,,,,T1_REVERSE_TO_FORWARD
680.9098,-19.5005,-14.5364,0.000,END_LANE,1,END_LANE,,,,,T1_REVERSE_TO_FORWARD
681.0098,-19.4021,-14.5543,0.000,END_LANE,1,END_LANE,,,,,T1_REVERSE_TO_FORWARD
681.1098,-19.3037,-14.5721,0.000,END_LANE,1,END_LANE,,,,,T1_REVERSE_TO_FORWARD
681.2098,-19.2053,-14.5897,0.000,END_LANE,1,END_LANE,,,,,T1_REVERSE_TO_FORWARD
681.3097,-19.1069,-14.6073,0.000,END_LANE,1,END_LANE,,,,,T1_REVERSE_TO_FORWARD
681.4097,-19.0085,-14.6248,0.000,END_LANE,1,END_LANE,,,,,T1_REVERSE_TO_FORWARD
681.5097,-18.9100,-14.6422,0.000,END_LANE,1,END_LANE,,,,,T1_REVERSE_TO_FORWARD
681.6097,-18.8115,-14.6595,0.000,END_LANE,1,END_LANE,,,,,T1_REVERSE_TO_FORWARD
681.7096,-18.7131,-14.6767,0.000,END_LANE,1,END_LANE,,,,,T1_REVERSE_TO_FORWARD
681.8096,-18.6146,-14.6938,0.000,END_LANE,1,END_LANE,,,,,T1_REVERSE_TO_FORWARD
681.9095,-18.5161,-14.7108,0.000,END_LANE,1,END_LANE,,,,,T1_REVERSE_TO_FORWARD
682.0096,-18.4175,-14.7278,0.000,END_LANE,1,END_LANE,,,,,T1_REVERSE_TO_FORWARD
682.1095,-18.3190,-14.7446,0.000,END_LANE,1,END_LANE,,,,,T1_REVERSE_TO_FORWARD
682.2095,-18.2204,-14.7614,0.000,END_LANE,1,END_LANE,,,,,T1_REVERSE_TO_FORWARD
682.3094,-18.1219,-14.7781,0.000,END_LANE,1,END_LANE,,,,,T1_REVERSE_TO_FORWARD
682.4094,-18.0233,-14.7948,0.000,END_LANE,1,END_LANE,,,,,T1_REVERSE_TO_FORWARD
682.5094,-17.9247,-14.8113,0.000,END_LANE,1,END_LANE,,,,,T1_REVERSE_TO_FORWARD
682.6094,-17.8261,-14.8278,0.000,END_LANE,1,END_LANE,,,,,T1_REVERSE_TO_FORWARD
682.7094,-17.7274,-14.8441,0.000,END_LANE,1,END_LANE,,,,,T1_REVERSE_TO_FORWARD
682.8094,-17.6288,-14.8605,0.000,END_LANE,1,END_LANE,,,,,T1_REVERSE_TO_FORWARD
682.9093,-17.5302,-14.8767,0.000,END_LANE,1,END_LANE,,,,,T1_REVERSE_TO_FORWARD
683.0093,-17.4315,-14.8929,0.000,END_LANE,1,END_LANE,,,,,T1_REVERSE_TO_FORWARD
683.1093,-17.3328,-14.9090,0.000,END_LANE,1,END_LANE,,,,,T1_REVERSE_TO_FORWARD
683.2092,-17.2342,-14.9250,0.000,END_LANE,1,END_LANE,,,,,T1_REVERSE_TO_FORWARD
683.3092,-17.1355,-14.9410,0.000,END_LANE,1,END_LANE,,,,,T1_REVERSE_TO_FORWARD
683.4092,-17.0368,-14.9569,0.000,END_LANE,1,END_LANE,,,,,T1_REVERSE_TO_FORWARD
683.5092,-16.9380,-14.9727,0.000,END_LANE,1,END_LANE,,,,,T1_REVERSE_TO_FORWARD
683.6092,-16.8393,-14.9884,0.000,END_LANE,1,END_LANE,,,,,T1_REVERSE_TO_FORWARD
683.7091,-16.7406,-15.0041,0.000,END_LANE,1,END_LANE,,,,,T1_REVERSE_TO_FORWARD
683.8091,-16.6418,-15.0197,0.000,END_LANE,1,END_LANE,,,,,T1_REVERSE_TO_FORWARD
683.9090,-16.5431,-15.0353,0.000,END_LANE,1,END_LANE,,,,,T1_REVERSE_TO_FORWARD
684.0090,-16.4443,-15.0508,0.000,END_LANE,1,END_LANE,,,,,T1_REVERSE_TO_FORWARD
684.1090,-16.3455,-15.0662,0.000,END_LANE,1,END_LANE,,,,,T1_REVERSE_TO_FORWARD
684.2090,-16.2467,-15.0815,0.000,END_LANE,1,END_LANE,,,,,T1_REVERSE_TO_FORWARD
684.3090,-16.1479,-15.0968,0.000,END_LANE,1,END_LANE,,,,,T1_REVERSE_TO_FORWARD
684.4090,-16.0491,-15.1120,0.000,END_LANE,1,END_LANE,,,,,T1_REVERSE_TO_FORWARD
684.5089,-15.9503,-15.1272,0.000,END_LANE,1,END_LANE,,,,,T1_REVERSE_TO_FORWARD
684.6089,-15.8515,-15.1423,0.000,END_LANE,1,END_LANE,,,,,T1_REVERSE_TO_FORWARD
684.7089,-15.7526,-15.1573,0.000,END_LANE,1,END_LANE,,,,,T1_REVERSE_TO_FORWARD
684.8088,-15.6538,-15.1723,0.000,END_LANE,1,END_LANE,,,,,T1_REVERSE_TO_FORWARD
684.9088,-15.5549,-15.1871,0.000,END_LANE,1,END_LANE,,,,,T1_REVERSE_TO_FORWARD
685.0088,-15.4560,-15.2020,0.000,END_LANE,1,END_LANE,,,,,T1_REVERSE_TO_FORWARD
685.1087,-15.3572,-15.2167,0.000,END_LANE,1,END_LANE,,,,,T1_REVERSE_TO_FORWARD
685.2087,-15.2583,-15.2314,0.000,END_LANE,1,END_LANE,,,,,T1_REVERSE_TO_FORWARD
685.3087,-15.1594,-15.2460,0.000,END_LANE,1,END_LANE,,,,,T1_REVERSE_TO_FORWARD
685.4087,-15.0605,-15.2606,0.000,END_LANE,1,END_LANE,,,,,T1_REVERSE_TO_FORWARD
685.5087,-14.9615,-15.2750,0.000,END_LANE,1,END_LANE,,,,,T1_REVERSE_TO_FORWARD
685.6087,-14.8626,-15.2895,0.000,END_LANE,1,END_LANE,,,,,T1_REVERSE_TO_FORWARD
685.7086,-14.7637,-15.3038,0.000,END_LANE,1,END_LANE,,,,,T1_REVERSE_TO_FORWARD
685.8086,-14.6647,-15.3181,0.000,END_LANE,1,END_LANE,,,,,T1_REVERSE_TO_FORWARD
685.9085,-14.5658,-15.3323,0.000,END_LANE,1,END_LANE,,,,,T1_REVERSE_TO_FORWARD
686.0085,-14.4668,-15.3465,0.000,END_LANE,1,END_LANE,,,,,T1_REVERSE_TO_FORWARD
686.1085,-14.3678,-15.3606,0.000,END_LANE,1,END_LANE,,,,,T1_REVERSE_TO_FORWARD
686.2085,-14.2688,-15.3746,0.000,END_LANE,1,END_LANE,,,,,T1_REVERSE_TO_FORWARD
686.3085,-14.1698,-15.3885,0.000,END_LANE,1,END_LANE,,,,,T1_REVERSE_TO_FORWARD
686.4085,-14.0708,-15.4024,0.000,END_LANE,1,END_LANE,,,,,T1_REVERSE_TO_FORWARD
686.5084,-13.9718,-15.4162,0.000,END_LANE,1,END_LANE,,,,,T1_REVERSE_TO_FORWARD
686.6084,-13.8728,-15.4300,0.000,END_LANE,1,END_LANE,,,,,T1_REVERSE_TO_FORWARD
686.7083,-13.7738,-15.4437,0.000,END_LANE,1,END_LANE,,,,,T1_REVERSE_TO_FORWARD
686.8084,-13.6747,-15.4573,0.000,END_LANE,1,END_LANE,,,,,T1_REVERSE_TO_FORWARD
686.9083,-13.5757,-15.4709,0.000,END_LANE,1,END_LANE,,,,,T1_REVERSE_TO_FORWARD
687.0083,-13.4766,-15.4844,0.000,END_LANE,1,END_LANE,,,,,T1_REVERSE_TO_FORWARD
687.1083,-13.3775,-15.4978,0.000,END_LANE,1,END_LANE,,,,,T1_REVERSE_TO_FORWARD
687.2082,-13.2785,-15.5111,0.000,END_LANE,1,END_LANE,,,,,T1_REVERSE_TO_FORWARD
687.3082,-13.1794,-15.5244,0.000,END_LANE,1,END_LANE,,,,,T1_REVERSE_TO_FORWARD
687.4082,-13.0803,-15.5376,0.000,END_LANE,1,END_LANE,,,,,T1_REVERSE_TO_FORWARD
687.4746,-13.0144,-15.5464,0.000,END_LANE,1,END_LANE,END_LANE_CHANGE_DEADLINE,COMPLETE_LANE_CHANGE,ALLOWED_LANE_LATCHED,,T1_REVERSE_TO_FORWARD
687.5081,-12.9812,-15.5508,0.000,END_LANE,1,END_LANE,,,ALLOWED_LANE_LATCHED,,T1_REVERSE_TO_FORWARD
687.6082,-12.8820,-15.5639,0.000,END_LANE,1,END_LANE,,,ALLOWED_LANE_LATCHED,,T1_REVERSE_TO_FORWARD
687.7081,-12.7829,-15.5769,0.000,END_LANE,1,END_LANE,,,,,T1_REVERSE_TO_FORWARD
687.8081,-12.6838,-15.5899,0.000,END_LANE,1,END_LANE,,,,,T1_REVERSE_TO_FORWARD
687.9080,-12.5847,-15.6028,0.000,END_LANE,1,END_LANE,,,,,T1_REVERSE_TO_FORWARD
688.0081,-12.4855,-15.6156,0.000,END_LANE,1,END_LANE,,,,,T1_REVERSE_TO_FORWARD
688.1081,-12.3863,-15.6283,0.000,END_LANE,1,END_LANE,,,,,T1_REVERSE_TO_FORWARD
688.2080,-12.2872,-15.6410,0.000,END_LANE,1,END_LANE,,,,,T1_REVERSE_TO_FORWARD
688.3080,-12.1880,-15.6537,0.000,END_LANE,1,END_LANE,,,,,T1_REVERSE_TO_FORWARD
688.4080,-12.0888,-15.6662,0.000,END_LANE,1,END_LANE,,,,,T1_REVERSE_TO_FORWARD
688.5080,-11.9896,-15.6787,0.000,END_LANE,1,END_LANE,,,,,T1_REVERSE_TO_FORWARD
688.6079,-11.8904,-15.6911,0.000,END_LANE,1,END_LANE,,,,,T1_REVERSE_TO_FORWARD
688.7079,-11.7912,-15.7035,0.000,END_LANE,1,END_LANE,,,,,T1_REVERSE_TO_FORWARD
688.8079,-11.6920,-15.7158,0.000,END_LANE,1,END_LANE,,,,,T1_REVERSE_TO_FORWARD
688.9078,-11.5928,-15.7280,0.000,END_LANE,1,END_LANE,,,,,T1_REVERSE_TO_FORWARD
689.0079,-11.4935,-15.7402,0.000,END_LANE,1,END_LANE,,,,,T1_REVERSE_TO_FORWARD
689.1078,-11.3943,-15.7522,0.000,END_LANE,1,END_LANE,,,,,T1_REVERSE_TO_FORWARD
689.2077,-11.2951,-15.7643,0.000,END_LANE,1,END_LANE,,,,,T1_REVERSE_TO_FORWARD
689.3077,-11.1958,-15.7762,0.000,END_LANE,1,END_LANE,,,,,T1_REVERSE_TO_FORWARD
689.4077,-11.0965,-15.7881,0.000,END_LANE,1,END_LANE,,,,,T1_REVERSE_TO_FORWARD
689.5076,-10.9973,-15.7999,0.000,END_LANE,1,END_LANE,,,,,T1_REVERSE_TO_FORWARD
689.6076,-10.8980,-15.8117,0.000,END_LANE,1,END_LANE,,,,,T1_REVERSE_TO_FORWARD
689.7076,-10.7987,-15.8234,0.000,END_LANE,1,END_LANE,,,,,T1_REVERSE_TO_FORWARD
689.8076,-10.6994,-15.8350,0.000,END_LANE,1,END_LANE,,,,,T1_REVERSE_TO_FORWARD
689.9076,-10.6001,-15.8465,0.000,END_LANE,1,END_LANE,,,,,T1_REVERSE_TO_FORWARD
690.0075,-10.5008,-15.8580,0.000,END_LANE,1,END_LANE,,,,,T1_REVERSE_TO_FORWARD
690.1076,-10.4014,-15.8694,0.000,END_LANE,1,END_LANE,,,,,T1_REVERSE_TO_FORWARD
690.2075,-10.3021,-15.8808,0.000,END_LANE,1,END_LANE,,,,,T1_REVERSE_TO_FORWARD
690.3075,-10.2028,-15.8921,0.000,END_LANE,1,END_LANE,,,,,T1_REVERSE_TO_FORWARD
690.4075,-10.1034,-15.9033,0.000,END_LANE,1,END_LANE,,,,,T1_REVERSE_TO_FORWARD
690.5074,-10.0041,-15.9144,0.000,END_LANE,1,END_LANE,,,,,T1_REVERSE_TO_FORWARD
690.6074,-9.9047,-15.9255,0.000,END_LANE,1,END_LANE,,,,,T1_REVERSE_TO_FORWARD
690.7073,-9.8054,-15.9365,0.000,END_LANE,1,END_LANE,,,,,T1_REVERSE_TO_FORWARD
690.8073,-9.7060,-15.9475,0.000,END_LANE,1,END_LANE,,,,,T1_REVERSE_TO_FORWARD
690.9073,-9.6066,-15.9583,0.000,END_LANE,1,END_LANE,,,,,T1_REVERSE_TO_FORWARD
691.0073,-9.5072,-15.9691,0.000,END_LANE,1,END_LANE,,,,,T1_REVERSE_TO_FORWARD
691.1073,-9.4078,-15.9799,0.000,END_LANE,1,END_LANE,,,,,T1_REVERSE_TO_FORWARD
691.2073,-9.3084,-15.9906,0.000,END_LANE,1,END_LANE,,,,,T1_REVERSE_TO_FORWARD
691.3072,-9.2090,-16.0012,0.000,END_LANE,1,END_LANE,,,,,T1_REVERSE_TO_FORWARD
691.4072,-9.1096,-16.0117,0.000,END_LANE,1,END_LANE,,,,,T1_REVERSE_TO_FORWARD
691.5071,-9.0102,-16.0222,0.000,END_LANE,1,END_LANE,,,,,T1_REVERSE_TO_FORWARD
691.6072,-8.9107,-16.0326,0.000,END_LANE,1,END_LANE,,,,,T1_REVERSE_TO_FORWARD
691.7071,-8.8113,-16.0429,0.000,END_LANE,1,END_LANE,,,,,T1_REVERSE_TO_FORWARD
691.8071,-8.7118,-16.0532,0.000,END_LANE,1,END_LANE,,,,,T1_REVERSE_TO_FORWARD
691.9071,-8.6124,-16.0634,0.000,END_LANE,1,END_LANE,,,,,T1_REVERSE_TO_FORWARD
692.0071,-8.5129,-16.0735,0.000,END_LANE,1,END_LANE,,,,,T1_REVERSE_TO_FORWARD
692.1070,-8.4135,-16.0835,0.000,END_LANE,1,END_LANE,,,,,T1_REVERSE_TO_FORWARD
692.2070,-8.3140,-16.0935,0.000,END_LANE,1,END_LANE,,,,,T1_REVERSE_TO_FORWARD
692.3070,-8.2145,-16.1035,0.000,END_LANE,1,END_LANE,,,,,T1_REVERSE_TO_FORWARD
692.4070,-8.1150,-16.1133,0.000,END_LANE,1,END_LANE,,,,,T1_REVERSE_TO_FORWARD
692.5069,-8.0155,-16.1231,0.000,END_LANE,1,END_LANE,,,,,T1_REVERSE_TO_FORWARD
692.6069,-7.9160,-16.1328,0.000,END_LANE,1,END_LANE,,,,,T1_REVERSE_TO_FORWARD
692.7069,-7.8165,-16.1424,0.000,END_LANE,1,END_LANE,,,,,T1_REVERSE_TO_FORWARD
692.8068,-7.7170,-16.1520,0.000,END_LANE,1,END_LANE,,,,,T1_REVERSE_TO_FORWARD
692.9068,-7.6175,-16.1615,0.000,END_LANE,1,END_LANE,,,,,T1_REVERSE_TO_FORWARD
693.0068,-7.5179,-16.1709,0.000,END_LANE,1,END_LANE,,,,,T1_REVERSE_TO_FORWARD
693.1068,-7.4184,-16.1803,0.000,END_LANE,1,END_LANE,,,,,T1_REVERSE_TO_FORWARD
693.2067,-7.3189,-16.1896,0.000,END_LANE,1,END_LANE,,,,,T1_REVERSE_TO_FORWARD
693.3067,-7.2193,-16.1988,0.000,END_LANE,1,END_LANE,,,,,T1_REVERSE_TO_FORWARD
693.4068,-7.1197,-16.2079,0.000,END_LANE,1,END_LANE,,,,,T1_REVERSE_TO_FORWARD
693.5067,-7.0202,-16.2170,0.000,END_LANE,1,END_LANE,,,,,T1_REVERSE_TO_FORWARD
693.6067,-6.9206,-16.2260,0.000,END_LANE,1,END_LANE,,,,,T1_REVERSE_TO_FORWARD
693.7067,-6.8210,-16.2350,0.000,END_LANE,1,END_LANE,,,,,T1_REVERSE_TO_FORWARD
693.8066,-6.7215,-16.2438,0.000,END_LANE,1,END_LANE,,,,,T1_REVERSE_TO_FORWARD
693.9066,-6.6219,-16.2526,0.000,END_LANE,1,END_LANE,,,,,T1_REVERSE_TO_FORWARD
694.0065,-6.5223,-16.2614,0.000,END_LANE,1,END_LANE,,,,,T1_REVERSE_TO_FORWARD
694.1065,-6.4227,-16.2700,0.000,END_LANE,1,END_LANE,,,,,T1_REVERSE_TO_FORWARD
694.2065,-6.3231,-16.2786,0.000,END_LANE,1,END_LANE,,,,,T1_REVERSE_TO_FORWARD
694.3064,-6.2235,-16.2871,0.000,END_LANE,1,END_LANE,,,,,T1_REVERSE_TO_FORWARD
694.4065,-6.1238,-16.2955,0.000,END_LANE,1,END_LANE,,,,,T1_REVERSE_TO_FORWARD
694.5065,-6.0242,-16.3039,0.000,END_LANE,1,END_LANE,,,,,T1_REVERSE_TO_FORWARD
694.5098,-6.0209,-16.3042,0.000,END_LANE,1,END_LANE,FINISH_LINE,CROSS_FINISH_LINE,,,T1_REVERSE_TO_FORWARD
694.6064,-5.9246,-16.3122,0.000,END_LANE,1,END_LANE,,,,,T1_REVERSE_TO_FORWARD
694.6594,-5.8718,-16.3166,0.000,NORMAL,1,ROUTE,,,,,T1_REVERSE_TO_FORWARD
694.7063,-5.8250,-16.3205,0.000,NORMAL,1,ROUTE,,,,,T1_REVERSE_TO_FORWARD
694.8064,-5.7253,-16.3286,0.000,NORMAL,1,ROUTE,,,,,T1_REVERSE_TO_FORWARD
694.9063,-5.6257,-16.3366,0.000,NORMAL,1,ROUTE,,,,,T1_REVERSE_TO_FORWARD
695.0063,-5.5260,-16.3446,0.000,NORMAL,1,ROUTE,,,,,T1_REVERSE_TO_FORWARD
695.1063,-5.4263,-16.3525,0.000,NORMAL,1,ROUTE,,,,,T1_REVERSE_TO_FORWARD
695.2062,-5.3267,-16.3603,0.000,NORMAL,1,ROUTE,,,,,T1_REVERSE_TO_FORWARD
695.3062,-5.2270,-16.3681,0.000,NORMAL,1,ROUTE,,,,,T1_REVERSE_TO_FORWARD
695.4062,-5.1273,-16.3757,0.000,NORMAL,1,ROUTE,,,,,T1_REVERSE_TO_FORWARD
695.5062,-5.0276,-16.3833,0.000,NORMAL,1,ROUTE,,,,,T1_REVERSE_TO_FORWARD
695.6062,-4.9279,-16.3908,0.000,NORMAL,1,ROUTE,,,,,T1_REVERSE_TO_FORWARD
695.7062,-4.8282,-16.3983,0.000,NORMAL,1,ROUTE,,,,,T1_REVERSE_TO_FORWARD
695.8062,-4.7285,-16.4057,0.000,NORMAL,1,ROUTE,,,,,T1_REVERSE_TO_FORWARD
695.9061,-4.6288,-16.4131,0.000,NORMAL,1,ROUTE,,,,,T1_REVERSE_TO_FORWARD
696.0061,-4.5291,-16.4204,0.000,NORMAL,1,ROUTE,,,,,T1_REVERSE_TO_FORWARD
696.1061,-4.4294,-16.4277,0.000,NORMAL,1,ROUTE,,,,,T1_REVERSE_TO_FORWARD
696.2060,-4.3297,-16.4349,0.000,NORMAL,1,ROUTE,,,,,T1_REVERSE_TO_FORWARD
696.3060,-4.2300,-16.4422,0.000,FINISH,1,FINISH,ROUTE_COMPLETE,FULL_STOP,,,T1_REVERSE_TO_FORWARD
