s_m,x_m,y_m,target_speed_mps,mission,direction,fsm_zone,fsm_event_ids,fsm_actions,fsm_conditions,fsm_hold_sec,direction_source
0.0000,0.0000,0.0000,0.000,NORMAL,1,ROUTE,ROUTE_START,START,,,PREVIEW_DEFAULT
0.1000,-0.0943,0.0333,0.000,NORMAL,1,ROUTE,,,,,PREVIEW_DEFAULT
0.2000,-0.1886,0.0667,0.000,NORMAL,1,ROUTE,,,,,PREVIEW_DEFAULT
0.3000,-0.2828,0.1000,0.000,NORMAL,1,ROUTE,,,,,PREVIEW_DEFAULT
0.4000,-0.3771,0.1333,0.000,NORMAL,1,ROUTE,,,,,PREVIEW_DEFAULT
0.5000,-0.4714,0.1666,0.000,NORMAL,1,ROUTE,,,,,PREVIEW_DEFAULT
0.6000,-0.5657,0.2000,0.000,NORMAL,1,ROUTE,,,,,PREVIEW_DEFAULT
0.7000,-0.6600,0.2333,0.000,NORMAL,1,ROUTE,,,,,PREVIEW_DEFAULT
0.8000,-0.7543,0.2665,0.000,NORMAL,1,ROUTE,,,,,PREVIEW_DEFAULT
0.9000,-0.8486,0.2998,0.000,NORMAL,1,ROUTE,,,,,PREVIEW_DEFAULT
1.0000,-0.9429,0.3331,0.000,NORMAL,1,ROUTE,,,,,PREVIEW_DEFAULT
1.0999,-1.0371,0.3664,0.000,NORMAL,1,ROUTE,,,,,PREVIEW_DEFAULT
1.1999,-1.1314,0.3997,0.000,NORMAL,1,ROUTE,,,,,PREVIEW_DEFAULT
1.2999,-1.2257,0.4330,0.000,NORMAL,1,ROUTE,,,,,PREVIEW_DEFAULT
1.4000,-1.3200,0.4664,0.000,NORMAL,1,ROUTE,,,,,PREVIEW_DEFAULT
1.4999,-1.4142,0.4998,0.000,NORMAL,1,ROUTE,,,,,PREVIEW_DEFAULT
1.6000,-1.5085,0.5333,0.000,NORMAL,1,ROUTE,,,,,PREVIEW_DEFAULT
1.7000,-1.6027,0.5668,0.000,NORMAL,1,ROUTE,,,,,PREVIEW_DEFAULT
1.7999,-1.6968,0.6005,0.000,NORMAL,1,ROUTE,,,,,PREVIEW_DEFAULT
1.8999,-1.7909,0.6343,0.000,NORMAL,1,ROUTE,,,,,PREVIEW_DEFAULT
2.0000,-1.8850,0.6683,0.000,NORMAL,1,ROUTE,,,,,PREVIEW_DEFAULT
2.0999,-1.9789,0.7025,0.000,NORMAL,1,ROUTE,,,,,PREVIEW_DEFAULT
2.1999,-2.0728,0.7369,0.000,NORMAL,1,ROUTE,,,,,PREVIEW_DEFAULT
2.2999,-2.1666,0.7716,0.000,NORMAL,1,ROUTE,,,,,PREVIEW_DEFAULT
2.3999,-2.2603,0.8066,0.000,NORMAL,1,ROUTE,,,,,PREVIEW_DEFAULT
2.4999,-2.3538,0.8419,0.000,NORMAL,1,ROUTE,,,,,PREVIEW_DEFAULT
2.5999,-2.4473,0.8775,0.000,NORMAL,1,ROUTE,,,,,PREVIEW_DEFAULT
2.7000,-2.5406,0.9136,0.000,NORMAL,1,ROUTE,,,,,PREVIEW_DEFAULT
2.7999,-2.6337,0.9499,0.000,NORMAL,1,ROUTE,,,,,PREVIEW_DEFAULT
2.8999,-2.7267,0.9867,0.000,NORMAL,1,ROUTE,,,,,PREVIEW_DEFAULT
2.9999,-2.8195,1.0238,0.000,NORMAL,1,ROUTE,,,,,PREVIEW_DEFAULT
3.0999,-2.9123,1.0612,0.000,NORMAL,1,ROUTE,,,,,PREVIEW_DEFAULT
3.1999,-3.0049,1.0989,0.000,NORMAL,1,ROUTE,,,,,PREVIEW_DEFAULT
3.2999,-3.0975,1.1366,0.000,NORMAL,1,ROUTE,,,,,PREVIEW_DEFAULT
3.3999,-3.1901,1.1744,0.000,NORMAL,1,ROUTE,,,,,PREVIEW_DEFAULT
3.4999,-3.2827,1.2122,0.000,NORMAL,1,ROUTE,,,,,PREVIEW_DEFAULT
3.5999,-3.3754,1.2497,0.000,NORMAL,1,ROUTE,,,,,PREVIEW_DEFAULT
3.6999,-3.4682,1.2870,0.000,NORMAL,1,ROUTE,,,,,PREVIEW_DEFAULT
3.7999,-3.5611,1.3239,0.000,NORMAL,1,ROUTE,,,,,PREVIEW_DEFAULT
3.8999,-3.6542,1.3604,0.000,NORMAL,1,ROUTE,,,,,PREVIEW_DEFAULT
3.9998,-3.7475,1.3963,0.000,NORMAL,1,ROUTE,,,,,PREVIEW_DEFAULT
4.0998,-3.8410,1.4317,0.000,NORMAL,1,ROUTE,,,,,PREVIEW_DEFAULT
4.1999,-3.9348,1.4666,0.000,NORMAL,1,ROUTE,,,,,PREVIEW_DEFAULT
4.2999,-4.0287,1.5009,0.000,NORMAL,1,ROUTE,,,,,PREVIEW_DEFAULT
4.3999,-4.1228,1.5347,0.000,NORMAL,1,ROUTE,,,,,PREVIEW_DEFAULT
4.4999,-4.2172,1.5678,0.000,NORMAL,1,ROUTE,,,,,PREVIEW_DEFAULT
4.5999,-4.3117,1.6004,0.000,NORMAL,1,ROUTE,,,,,PREVIEW_DEFAULT
4.6998,-4.4064,1.6324,0.000,NORMAL,1,ROUTE,,,,,PREVIEW_DEFAULT
4.7999,-4.5014,1.6638,0.000,NORMAL,1,ROUTE,,,,,PREVIEW_DEFAULT
4.8998,-4.5965,1.6946,0.000,NORMAL,1,ROUTE,,,,,PREVIEW_DEFAULT
4.9998,-4.6918,1.7249,0.000,NORMAL,1,ROUTE,,,,,PREVIEW_DEFAULT
5.0999,-4.7873,1.7547,0.000,NORMAL,1,ROUTE,,,,,PREVIEW_DEFAULT
5.1998,-4.8828,1.7841,0.000,NORMAL,1,ROUTE,,,,,PREVIEW_DEFAULT
5.2998,-4.9785,1.8131,0.000,NORMAL,1,ROUTE,,,,,PREVIEW_DEFAULT
5.3998,-5.0743,1.8418,0.000,NORMAL,1,ROUTE,,,,,PREVIEW_DEFAULT
5.4998,-5.1701,1.8704,0.000,NORMAL,1,ROUTE,,,,,PREVIEW_DEFAULT
5.5998,-5.2660,1.8989,0.000,NORMAL,1,ROUTE,,,,,PREVIEW_DEFAULT
5.6998,-5.3618,1.9275,0.000,NORMAL,1,ROUTE,,,,,PREVIEW_DEFAULT
5.7998,-5.4576,1.9562,0.000,NORMAL,1,ROUTE,,,,,PREVIEW_DEFAULT
5.8998,-5.5534,1.9850,0.000,NORMAL,1,ROUTE,,,,,PREVIEW_DEFAULT
5.9998,-5.6491,2.0140,0.000,NORMAL,1,ROUTE,,,,,PREVIEW_DEFAULT
6.0998,-5.7447,2.0431,0.000,NORMAL,1,ROUTE,,,,,PREVIEW_DEFAULT
6.1998,-5.8403,2.0724,0.000,NORMAL,1,ROUTE,,,,,PREVIEW_DEFAULT
6.2998,-5.9359,2.1018,0.000,NORMAL,1,ROUTE,,,,,PREVIEW_DEFAULT
6.3998,-6.0314,2.1314,0.000,NORMAL,1,ROUTE,,,,,PREVIEW_DEFAULT
6.4998,-6.1269,2.1610,0.000,NORMAL,1,ROUTE,,,,,PREVIEW_DEFAULT
6.5998,-6.2224,2.1907,0.000,NORMAL,1,ROUTE,,,,,PREVIEW_DEFAULT
6.6998,-6.3179,2.2206,0.000,NORMAL,1,ROUTE,,,,,PREVIEW_DEFAULT
6.7998,-6.4133,2.2506,0.000,NORMAL,1,ROUTE,,,,,PREVIEW_DEFAULT
6.8998,-6.5086,2.2807,0.000,NORMAL,1,ROUTE,,,,,PREVIEW_DEFAULT
6.9998,-6.6039,2.3110,0.000,NORMAL,1,ROUTE,,,,,PREVIEW_DEFAULT
7.0997,-6.6991,2.3415,0.000,NORMAL,1,ROUTE,,,,,PREVIEW_DEFAULT
7.1998,-6.7943,2.3722,0.000,NORMAL,1,ROUTE,,,,,PREVIEW_DEFAULT
7.2998,-6.8894,2.4032,0.000,NORMAL,1,ROUTE,,,,,PREVIEW_DEFAULT
7.3997,-6.9843,2.4345,0.000,NORMAL,1,ROUTE,,,,,PREVIEW_DEFAULT
7.4998,-7.0792,2.4661,0.000,NORMAL,1,ROUTE,,,,,PREVIEW_DEFAULT
7.5998,-7.1740,2.4981,0.000,NORMAL,1,ROUTE,,,,,PREVIEW_DEFAULT
7.6998,-7.2686,2.5304,0.000,NORMAL,1,ROUTE,,,,,PREVIEW_DEFAULT
7.7998,-7.3631,2.5631,0.000,NORMAL,1,ROUTE,,,,,PREVIEW_DEFAULT
7.8997,-7.4574,2.5962,0.000,NORMAL,1,ROUTE,,,,,PREVIEW_DEFAULT
7.9998,-7.5517,2.6297,0.000,NORMAL,1,ROUTE,,,,,PREVIEW_DEFAULT
8.0997,-7.6457,2.6636,0.000,NORMAL,1,ROUTE,,,,,PREVIEW_DEFAULT
8.1997,-7.7397,2.6978,0.000,NORMAL,1,ROUTE,,,,,PREVIEW_DEFAULT
8.2997,-7.8335,2.7324,0.000,NORMAL,1,ROUTE,,,,,PREVIEW_DEFAULT
8.3998,-7.9273,2.7672,0.000,NORMAL,1,ROUTE,,,,,PREVIEW_DEFAULT
8.4998,-8.0210,2.8022,0.000,NORMAL,1,ROUTE,,,,,PREVIEW_DEFAULT
8.5997,-8.1146,2.8372,0.000,NORMAL,1,ROUTE,,,,,PREVIEW_DEFAULT
8.6997,-8.2083,2.8721,0.000,NORMAL,1,ROUTE,,,,,PREVIEW_DEFAULT
8.7997,-8.3021,2.9069,0.000,NORMAL,1,ROUTE,,,,,PREVIEW_DEFAULT
8.8997,-8.3959,2.9414,0.000,NORMAL,1,ROUTE,,,,,PREVIEW_DEFAULT
8.9997,-8.4900,2.9754,0.000,NORMAL,1,ROUTE,,,,,PREVIEW_DEFAULT
9.0997,-8.5841,3.0091,0.000,NORMAL,1,ROUTE,,,,,PREVIEW_DEFAULT
9.1997,-8.6784,3.0423,0.000,NORMAL,1,ROUTE,,,,,PREVIEW_DEFAULT
9.2997,-8.7729,3.0751,0.000,NORMAL,1,ROUTE,,,,,PREVIEW_DEFAULT
9.3997,-8.8675,3.1075,0.000,NORMAL,1,ROUTE,,,,,PREVIEW_DEFAULT
9.4997,-8.9622,3.1397,0.000,NORMAL,1,ROUTE,,,,,PREVIEW_DEFAULT
9.5997,-9.0569,3.1718,0.000,NORMAL,1,ROUTE,,,,,PREVIEW_DEFAULT
9.6996,-9.1516,3.2037,0.000,NORMAL,1,ROUTE,,,,,PREVIEW_DEFAULT
9.7997,-9.2464,3.2357,0.000,NORMAL,1,ROUTE,,,,,PREVIEW_DEFAULT
9.8997,-9.3411,3.2678,0.000,NORMAL,1,ROUTE,,,,,PREVIEW_DEFAULT
9.9997,-9.4357,3.3001,0.000,NORMAL,1,ROUTE,,,,,PREVIEW_DEFAULT
10.0997,-9.5303,3.3327,0.000,NORMAL,1,ROUTE,,,,,PREVIEW_DEFAULT
10.1997,-9.6247,3.3656,0.000,NORMAL,1,ROUTE,,,,,PREVIEW_DEFAULT
10.2997,-9.7190,3.3988,0.000,NORMAL,1,ROUTE,,,,,PREVIEW_DEFAULT
10.3997,-9.8132,3.4324,0.000,NORMAL,1,ROUTE,,,,,PREVIEW_DEFAULT
10.4996,-9.9072,3.4664,0.000,NORMAL,1,ROUTE,,,,,PREVIEW_DEFAULT
10.5997,-10.0012,3.5007,0.000,NORMAL,1,ROUTE,,,,,PREVIEW_DEFAULT
10.6997,-10.0950,3.5354,0.000,NORMAL,1,ROUTE,,,,,PREVIEW_DEFAULT
10.7997,-10.1887,3.5703,0.000,NORMAL,1,ROUTE,,,,,PREVIEW_DEFAULT
10.8997,-10.2823,3.6055,0.000,NORMAL,1,ROUTE,,,,,PREVIEW_DEFAULT
10.9997,-10.3758,3.6409,0.000,NORMAL,1,ROUTE,,,,,PREVIEW_DEFAULT
11.0996,-10.4692,3.6765,0.000,NORMAL,1,ROUTE,,,,,PREVIEW_DEFAULT
11.1996,-10.5626,3.7123,0.000,NORMAL,1,ROUTE,,,,,PREVIEW_DEFAULT
11.2996,-10.6559,3.7482,0.000,NORMAL,1,ROUTE,,,,,PREVIEW_DEFAULT
11.3996,-10.7492,3.7842,0.000,NORMAL,1,ROUTE,,,,,PREVIEW_DEFAULT
11.4997,-10.8425,3.8203,0.000,NORMAL,1,ROUTE,,,,,PREVIEW_DEFAULT
11.5996,-10.9357,3.8565,0.000,NORMAL,1,ROUTE,,,,,PREVIEW_DEFAULT
11.6997,-11.0290,3.8926,0.000,NORMAL,1,ROUTE,,,,,PREVIEW_DEFAULT
11.7996,-11.1222,3.9286,0.000,NORMAL,1,ROUTE,,,,,PREVIEW_DEFAULT
11.8996,-11.2156,3.9644,0.000,NORMAL,1,ROUTE,,,,,PREVIEW_DEFAULT
11.9996,-11.3090,4.0001,0.000,NORMAL,1,ROUTE,,,,,PREVIEW_DEFAULT
12.0996,-11.4025,4.0356,0.000,NORMAL,1,ROUTE,,,,,PREVIEW_DEFAULT
12.1996,-11.4960,4.0710,0.000,NORMAL,1,ROUTE,,,,,PREVIEW_DEFAULT
12.2996,-11.5896,4.1062,0.000,NORMAL,1,ROUTE,,,,,PREVIEW_DEFAULT
12.3996,-11.6832,4.1413,0.000,NORMAL,1,ROUTE,,,,,PREVIEW_DEFAULT
12.4996,-11.7769,4.1763,0.000,NORMAL,1,ROUTE,,,,,PREVIEW_DEFAULT
12.5996,-11.8705,4.2114,0.000,NORMAL,1,ROUTE,,,,,PREVIEW_DEFAULT
12.6996,-11.9642,4.2465,0.000,NORMAL,1,ROUTE,,,,,PREVIEW_DEFAULT
12.7996,-12.0578,4.2816,0.000,NORMAL,1,ROUTE,,,,,PREVIEW_DEFAULT
12.8995,-12.1514,4.3167,0.000,NORMAL,1,ROUTE,,,,,PREVIEW_DEFAULT
12.9996,-12.2451,4.3518,0.000,NORMAL,1,ROUTE,,,,,PREVIEW_DEFAULT
13.0996,-12.3388,4.3868,0.000,NORMAL,1,ROUTE,,,,,PREVIEW_DEFAULT
13.1996,-12.4325,4.4216,0.000,NORMAL,1,ROUTE,,,,,PREVIEW_DEFAULT
13.2996,-12.5264,4.4560,0.000,NORMAL,1,ROUTE,,,,,PREVIEW_DEFAULT
13.3995,-12.6204,4.4900,0.000,NORMAL,1,ROUTE,,,,,PREVIEW_DEFAULT
13.4995,-12.7146,4.5235,0.000,NORMAL,1,ROUTE,,,,,PREVIEW_DEFAULT
13.5996,-12.8091,4.5564,0.000,NORMAL,1,ROUTE,,,,,PREVIEW_DEFAULT
13.6996,-12.9038,4.5886,0.000,NORMAL,1,ROUTE,,,,,PREVIEW_DEFAULT
13.7996,-12.9987,4.6200,0.000,NORMAL,1,ROUTE,,,,,PREVIEW_DEFAULT
13.8996,-13.0939,4.6506,0.000,NORMAL,1,ROUTE,,,,,PREVIEW_DEFAULT
13.9995,-13.1893,4.6805,0.000,NORMAL,1,ROUTE,,,,,PREVIEW_DEFAULT
14.0995,-13.2848,4.7100,0.000,NORMAL,1,ROUTE,,,,,PREVIEW_DEFAULT
14.1996,-13.3805,4.7392,0.000,NORMAL,1,ROUTE,,,,,PREVIEW_DEFAULT
14.2996,-13.4762,4.7683,0.000,NORMAL,1,ROUTE,,,,,PREVIEW_DEFAULT
14.3995,-13.5718,4.7974,0.000,NORMAL,1,ROUTE,,,,,PREVIEW_DEFAULT
14.4996,-13.6675,4.8266,0.000,NORMAL,1,ROUTE,,,,,PREVIEW_DEFAULT
14.5995,-13.7630,4.8561,0.000,NORMAL,1,ROUTE,,,,,PREVIEW_DEFAULT
14.6996,-13.8585,4.8859,0.000,NORMAL,1,ROUTE,,,,,PREVIEW_DEFAULT
14.7996,-13.9538,4.9162,0.000,NORMAL,1,ROUTE,,,,,PREVIEW_DEFAULT
14.8995,-14.0489,4.9469,0.000,NORMAL,1,ROUTE,,,,,PREVIEW_DEFAULT
14.9995,-14.1439,4.9783,0.000,NORMAL,1,ROUTE,,,,,PREVIEW_DEFAULT
15.0995,-14.2387,5.0101,0.000,NORMAL,1,ROUTE,,,,,PREVIEW_DEFAULT
15.1995,-14.3333,5.0425,0.000,NORMAL,1,ROUTE,,,,,PREVIEW_DEFAULT
15.2995,-14.4277,5.0754,0.000,NORMAL,1,ROUTE,,,,,PREVIEW_DEFAULT
15.3995,-14.5221,5.1085,0.000,NORMAL,1,ROUTE,,,,,PREVIEW_DEFAULT
15.4994,-14.6163,5.1418,0.000,NORMAL,1,ROUTE,,,,,PREVIEW_DEFAULT
15.5995,-14.7106,5.1752,0.000,NORMAL,1,ROUTE,,,,,PREVIEW_DEFAULT
15.6995,-14.8049,5.2086,0.000,NORMAL,1,ROUTE,,,,,PREVIEW_DEFAULT
15.7995,-14.8992,5.2419,0.000,NORMAL,1,ROUTE,,,,,PREVIEW_DEFAULT
15.8995,-14.9935,5.2750,0.000,NORMAL,1,ROUTE,,,,,PREVIEW_DEFAULT
15.9995,-15.0879,5.3080,0.000,NORMAL,1,ROUTE,,,,,PREVIEW_DEFAULT
16.0995,-15.1824,5.3407,0.000,NORMAL,1,ROUTE,,,,,PREVIEW_DEFAULT
16.1994,-15.2769,5.3733,0.000,NORMAL,1,ROUTE,,,,,PREVIEW_DEFAULT
16.2995,-15.3715,5.4059,0.000,NORMAL,1,ROUTE,,,,,PREVIEW_DEFAULT
16.3995,-15.4661,5.4383,0.000,NORMAL,1,ROUTE,,,,,PREVIEW_DEFAULT
16.4994,-15.5606,5.4708,0.000,NORMAL,1,ROUTE,,,,,PREVIEW_DEFAULT
16.5995,-15.6552,5.5035,0.000,NORMAL,1,ROUTE,,,,,PREVIEW_DEFAULT
16.6995,-15.7496,5.5363,0.000,NORMAL,1,ROUTE,,,,,PREVIEW_DEFAULT
16.7994,-15.8439,5.5695,0.000,NORMAL,1,ROUTE,,,,,PREVIEW_DEFAULT
16.8995,-15.9382,5.6030,0.000,NORMAL,1,ROUTE,,,,,PREVIEW_DEFAULT
16.9994,-16.0322,5.6369,0.000,NORMAL,1,ROUTE,,,,,PREVIEW_DEFAULT
17.0995,-16.1262,5.6711,0.000,NORMAL,1,ROUTE,,,,,PREVIEW_DEFAULT
17.1995,-16.2201,5.7056,0.000,NORMAL,1,ROUTE,,,,,PREVIEW_DEFAULT
17.2994,-16.3138,5.7403,0.000,NORMAL,1,ROUTE,,,,,PREVIEW_DEFAULT
17.3994,-16.4075,5.7753,0.000,NORMAL,1,ROUTE,,,,,PREVIEW_DEFAULT
17.4995,-16.5012,5.8103,0.000,NORMAL,1,ROUTE,,,,,PREVIEW_DEFAULT
17.5995,-16.5949,5.8453,0.000,NORMAL,1,ROUTE,,,,,PREVIEW_DEFAULT
17.6995,-16.6886,5.8802,0.000,NORMAL,1,ROUTE,,,,,PREVIEW_DEFAULT
17.7995,-16.7823,5.9151,0.000,NORMAL,1,ROUTE,,,,,PREVIEW_DEFAULT
17.8995,-16.8761,5.9498,0.000,NORMAL,1,ROUTE,,,,,PREVIEW_DEFAULT
17.9995,-16.9699,5.9844,0.000,NORMAL,1,ROUTE,,,,,PREVIEW_DEFAULT
18.0994,-17.0637,6.0189,0.000,NORMAL,1,ROUTE,,,,,PREVIEW_DEFAULT
18.1995,-17.1577,6.0532,0.000,NORMAL,1,ROUTE,,,,,PREVIEW_DEFAULT
18.2995,-17.2517,6.0873,0.000,NORMAL,1,ROUTE,,,,,PREVIEW_DEFAULT
18.3994,-17.3457,6.1212,0.000,NORMAL,1,ROUTE,,,,,PREVIEW_DEFAULT
18.4994,-17.4399,6.1549,0.000,NORMAL,1,ROUTE,,,,,PREVIEW_DEFAULT
18.5994,-17.5342,6.1882,0.000,NORMAL,1,ROUTE,,,,,PREVIEW_DEFAULT
18.6994,-17.6285,6.2213,0.000,NORMAL,1,ROUTE,,,,,PREVIEW_DEFAULT
18.7995,-17.7231,6.2540,0.000,NORMAL,1,ROUTE,,,,,PREVIEW_DEFAULT
18.8994,-17.8177,6.2862,0.000,NORMAL,1,ROUTE,,,,,PREVIEW_DEFAULT
18.9994,-17.9125,6.3181,0.000,NORMAL,1,ROUTE,,,,,PREVIEW_DEFAULT
19.0994,-18.0074,6.3496,0.000,NORMAL,1,ROUTE,,,,,PREVIEW_DEFAULT
19.1994,-18.1024,6.3807,0.000,NORMAL,1,ROUTE,,,,,PREVIEW_DEFAULT
19.2994,-18.1976,6.4115,0.000,NORMAL,1,ROUTE,,,,,PREVIEW_DEFAULT
19.3994,-18.2928,6.4419,0.000,NORMAL,1,ROUTE,,,,,PREVIEW_DEFAULT
19.4994,-18.3881,6.4722,0.000,NORMAL,1,ROUTE,,,,,PREVIEW_DEFAULT
19.5994,-18.4835,6.5024,0.000,NORMAL,1,ROUTE,,,,,PREVIEW_DEFAULT
19.6993,-18.5788,6.5324,0.000,NORMAL,1,ROUTE,,,,,PREVIEW_DEFAULT
19.7994,-18.6742,6.5625,0.000,NORMAL,1,ROUTE,,,,,PREVIEW_DEFAULT
19.8994,-18.7695,6.5928,0.000,NORMAL,1,ROUTE,,,,,PREVIEW_DEFAULT
19.9994,-18.8648,6.6232,0.000,NORMAL,1,ROUTE,,,,,PREVIEW_DEFAULT
20.0993,-18.9599,6.6538,0.000,NORMAL,1,ROUTE,,,,,PREVIEW_DEFAULT
20.1994,-19.0550,6.6849,0.000,NORMAL,1,ROUTE,,,,,PREVIEW_DEFAULT
20.2993,-19.1499,6.7163,0.000,NORMAL,1,ROUTE,,,,,PREVIEW_DEFAULT
20.3993,-19.2447,6.7482,0.000,NORMAL,1,ROUTE,,,,,PREVIEW_DEFAULT
20.4993,-19.3393,6.7805,0.000,NORMAL,1,ROUTE,,,,,PREVIEW_DEFAULT
20.5994,-19.4338,6.8134,0.000,NORMAL,1,ROUTE,,,,,PREVIEW_DEFAULT
20.6994,-19.5281,6.8467,0.000,NORMAL,1,ROUTE,,,,,PREVIEW_DEFAULT
20.7993,-19.6222,6.8804,0.000,NORMAL,1,ROUTE,,,,,PREVIEW_DEFAULT
20.8993,-19.7162,6.9145,0.000,NORMAL,1,ROUTE,,,,,PREVIEW_DEFAULT
20.9993,-19.8101,6.9488,0.000,NORMAL,1,ROUTE,,,,,PREVIEW_DEFAULT
21.0994,-19.9040,6.9834,0.000,NORMAL,1,ROUTE,,,,,PREVIEW_DEFAULT
21.1993,-19.9978,7.0180,0.000,NORMAL,1,ROUTE,,,,,PREVIEW_DEFAULT
21.2993,-20.0916,7.0525,0.000,NORMAL,1,ROUTE,,,,,PREVIEW_DEFAULT
21.3993,-20.1855,7.0869,0.000,NORMAL,1,ROUTE,,,,,PREVIEW_DEFAULT
21.4993,-20.2795,7.1211,0.000,NORMAL,1,ROUTE,,,,,PREVIEW_DEFAULT
21.5993,-20.3736,7.1549,0.000,NORMAL,1,ROUTE,,,,,PREVIEW_DEFAULT
21.6993,-20.4679,7.1881,0.000,NORMAL,1,ROUTE,,,,,PREVIEW_DEFAULT
21.7993,-20.5624,7.2208,0.000,NORMAL,1,ROUTE,,,,,PREVIEW_DEFAULT
21.8212,-20.5832,7.2278,0.000,HILL,1,HILL,HILL_START,ENTER_ZONE,,,PREVIEW_DEFAULT
21.8993,-20.6573,7.2525,0.000,HILL,1,HILL,,,,,PREVIEW_DEFAULT
21.9993,-20.7523,7.2836,0.000,HILL,1,HILL,,,,,PREVIEW_DEFAULT
22.0994,-20.8476,7.3141,0.000,HILL,1,HILL,,,,,PREVIEW_DEFAULT
22.1993,-20.9429,7.3442,0.000,HILL,1,HILL,,,,,PREVIEW_DEFAULT
22.2993,-21.0383,7.3742,0.000,HILL,1,HILL,,,,,PREVIEW_DEFAULT
22.3993,-21.1337,7.4041,0.000,HILL,1,HILL,,,,,PREVIEW_DEFAULT
22.4993,-21.2291,7.4341,0.000,HILL,1,HILL,,,,,PREVIEW_DEFAULT
22.5993,-21.3244,7.4645,0.000,HILL,1,HILL,,,,,PREVIEW_DEFAULT
22.6993,-21.4195,7.4953,0.000,HILL,1,HILL,,,,,PREVIEW_DEFAULT
22.7993,-21.5145,7.5265,0.000,HILL,1,HILL,,,,,PREVIEW_DEFAULT
22.8993,-21.6093,7.5584,0.000,HILL,1,HILL,,,,,PREVIEW_DEFAULT
22.9993,-21.7039,7.5909,0.000,HILL,1,HILL,,,,,PREVIEW_DEFAULT
23.0992,-21.7982,7.6239,0.000,HILL,1,HILL,,,,,PREVIEW_DEFAULT
23.1992,-21.8924,7.6575,0.000,HILL,1,HILL,,,,,PREVIEW_DEFAULT
23.2993,-21.9865,7.6914,0.000,HILL,1,HILL,,,,,PREVIEW_DEFAULT
23.3993,-22.0804,7.7258,0.000,HILL,1,HILL,,,,,PREVIEW_DEFAULT
23.4992,-22.1742,7.7604,0.000,HILL,1,HILL,,,,,PREVIEW_DEFAULT
23.5993,-22.2680,7.7952,0.000,HILL,1,HILL,,,,,PREVIEW_DEFAULT
23.6993,-22.3617,7.8301,0.000,HILL,1,HILL,,,,,PREVIEW_DEFAULT
23.7993,-22.4554,7.8650,0.000,HILL,1,HILL,,,,,PREVIEW_DEFAULT
23.8993,-22.5491,7.8999,0.000,HILL,1,HILL,,,,,PREVIEW_DEFAULT
23.9993,-22.6429,7.9346,0.000,HILL,1,HILL,,,,,PREVIEW_DEFAULT
24.0992,-22.7367,7.9692,0.000,HILL,1,HILL,,,,,PREVIEW_DEFAULT
24.1992,-22.8306,8.0035,0.000,HILL,1,HILL,,,,,PREVIEW_DEFAULT
24.2992,-22.9246,8.0376,0.000,HILL,1,HILL,,,,,PREVIEW_DEFAULT
24.3993,-23.0188,8.0713,0.000,HILL,1,HILL,,,,,PREVIEW_DEFAULT
24.4993,-23.1131,8.1046,0.000,HILL,1,HILL,,,,,PREVIEW_DEFAULT
24.5992,-23.2075,8.1375,0.000,HILL,1,HILL,,,,,PREVIEW_DEFAULT
24.6992,-23.3021,8.1698,0.000,HILL,1,HILL,,,,,PREVIEW_DEFAULT
24.7992,-23.3969,8.2016,0.000,HILL,1,HILL,,,,,PREVIEW_DEFAULT
24.8992,-23.4919,8.2328,0.000,HILL,1,HILL,,,,,PREVIEW_DEFAULT
24.9992,-23.5871,8.2634,0.000,HILL,1,HILL,,,,,PREVIEW_DEFAULT
25.0992,-23.6825,8.2934,0.000,HILL,1,HILL,,,,,PREVIEW_DEFAULT
25.1992,-23.7781,8.3228,0.000,HILL,1,HILL,,,,,PREVIEW_DEFAULT
25.2992,-23.8738,8.3517,0.000,HILL,1,HILL,,,,,PREVIEW_DEFAULT
25.3992,-23.9697,8.3803,0.000,HILL,1,HILL,,,,,PREVIEW_DEFAULT
25.4992,-24.0656,8.4086,0.000,HILL,1,HILL,,,,,PREVIEW_DEFAULT
25.5992,-24.1615,8.4368,0.000,HILL,1,HILL,,,,,PREVIEW_DEFAULT
25.6992,-24.2574,8.4652,0.000,HILL,1,HILL,,,,,PREVIEW_DEFAULT
25.7992,-24.3532,8.4937,0.000,HILL,1,HILL,,,,,PREVIEW_DEFAULT
25.8992,-24.4489,8.5227,0.000,HILL,1,HILL,,,,,PREVIEW_DEFAULT
25.9992,-24.5445,8.5521,0.000,HILL,1,HILL,,,,,PREVIEW_DEFAULT
26.0991,-24.6399,8.5820,0.000,HILL,1,HILL,,,,,PREVIEW_DEFAULT
26.1992,-24.7352,8.6125,0.000,HILL,1,HILL,,,,,PREVIEW_DEFAULT
26.2991,-24.8302,8.6435,0.000,HILL,1,HILL,,,,,PREVIEW_DEFAULT
26.3992,-24.9251,8.6751,0.000,HILL,1,HILL,,,,,PREVIEW_DEFAULT
26.4991,-25.0198,8.7071,0.000,HILL,1,HILL,,,,,PREVIEW_DEFAULT
26.5991,-25.1144,8.7395,0.000,HILL,1,HILL,,,,,PREVIEW_DEFAULT
26.6991,-25.2089,8.7722,0.000,HILL,1,HILL,,,,,PREVIEW_DEFAULT
26.7991,-25.3034,8.8050,0.000,HILL,1,HILL,,,,,PREVIEW_DEFAULT
26.8992,-25.3979,8.8378,0.000,HILL,1,HILL,,,,,PREVIEW_DEFAULT
26.9991,-25.4924,8.8704,0.000,HILL,1,HILL,,,,,PREVIEW_DEFAULT
27.0991,-25.5870,8.9027,0.000,HILL,1,HILL,,,,,PREVIEW_DEFAULT
27.1992,-25.6818,8.9347,0.000,HILL,1,HILL,,,,,PREVIEW_DEFAULT
27.2991,-25.7767,8.9662,0.000,HILL,1,HILL,,,,,PREVIEW_DEFAULT
27.3991,-25.8717,8.9973,0.000,HILL,1,HILL,,,,,PREVIEW_DEFAULT
27.4991,-25.9669,9.0280,0.000,HILL,1,HILL,,,,,PREVIEW_DEFAULT
27.5991,-26.0622,9.0583,0.000,HILL,1,HILL,,,,,PREVIEW_DEFAULT
27.6991,-26.1576,9.0883,0.000,HILL,1,HILL,,,,,PREVIEW_DEFAULT
27.7992,-26.2531,9.1180,0.000,HILL,1,HILL,,,,,PREVIEW_DEFAULT
27.8991,-26.3486,9.1475,0.000,HILL,1,HILL,,,,,PREVIEW_DEFAULT
27.9991,-26.4442,9.1768,0.000,HILL,1,HILL,,,,,PREVIEW_DEFAULT
28.0991,-26.5399,9.2058,0.000,HILL,1,HILL,,,,,PREVIEW_DEFAULT
28.1991,-26.6357,9.2345,0.000,HILL,1,HILL,,,,,PREVIEW_DEFAULT
28.2991,-26.7316,9.2630,0.000,HILL,1,HILL,,,,,PREVIEW_DEFAULT
28.3991,-26.8275,9.2911,0.000,HILL,1,HILL,,,,,PREVIEW_DEFAULT
28.4991,-26.9236,9.3189,0.000,HILL,1,HILL,,,,,PREVIEW_DEFAULT
28.5991,-27.0197,9.3463,0.000,HILL,1,HILL,,,,,PREVIEW_DEFAULT
28.6991,-27.1160,9.3735,0.000,HILL,1,HILL,,,,,PREVIEW_DEFAULT
28.7991,-27.2123,9.4003,0.000,HILL,1,HILL,,,,,PREVIEW_DEFAULT
28.8991,-27.3087,9.4271,0.000,HILL,1,HILL,,,,,PREVIEW_DEFAULT
28.9991,-27.4050,9.4539,0.000,HILL,1,HILL,,,,,PREVIEW_DEFAULT
29.0990,-27.5012,9.4810,0.000,HILL,1,HILL,,,,,PREVIEW_DEFAULT
29.1990,-27.5973,9.5086,0.000,HILL,1,HILL,,,,,PREVIEW_DEFAULT
29.2990,-27.6932,9.5370,0.000,HILL,1,HILL,,,,,PREVIEW_DEFAULT
29.3991,-27.7888,9.5664,0.000,HILL,1,HILL,,,,,PREVIEW_DEFAULT
29.4991,-27.8841,9.5968,0.000,HILL,1,HILL,,,,,PREVIEW_DEFAULT
29.5990,-27.9789,9.6285,0.000,HILL,1,HILL,,,,,PREVIEW_DEFAULT
29.6990,-28.0733,9.6614,0.000,HILL,1,HILL,,,,,PREVIEW_DEFAULT
29.7990,-28.1673,9.6955,0.000,HILL,1,HILL,,,,,PREVIEW_DEFAULT
29.8991,-28.2610,9.7307,0.000,HILL,1,HILL,,,,,PREVIEW_DEFAULT
29.9990,-28.3542,9.7667,0.000,HILL,1,HILL,,,,,PREVIEW_DEFAULT
30.0991,-28.4472,9.8036,0.000,HILL,1,HILL,,,,,PREVIEW_DEFAULT
30.1990,-28.5399,9.8410,0.000,HILL,1,HILL,,,,,PREVIEW_DEFAULT
30.2990,-28.6325,9.8788,0.000,HILL,1,HILL,,,,,PREVIEW_DEFAULT
30.3990,-28.7249,9.9169,0.000,HILL,1,HILL,,,,,PREVIEW_DEFAULT
30.4991,-28.8174,9.9551,0.000,HILL,1,HILL,,,,,PREVIEW_DEFAULT
30.5990,-28.9098,9.9932,0.000,HILL,1,HILL,,,,,PREVIEW_DEFAULT
30.6990,-29.0023,10.0312,0.000,HILL,1,HILL,,,,,PREVIEW_DEFAULT
30.7990,-29.0949,10.0689,0.000,HILL,1,HILL,,,,,PREVIEW_DEFAULT
30.8991,-29.1877,10.1063,0.000,HILL,1,HILL,,,,,PREVIEW_DEFAULT
30.9990,-29.2806,10.1432,0.000,HILL,1,HILL,,,,,PREVIEW_DEFAULT
31.0990,-29.3737,10.1797,0.000,HILL,1,HILL,,,,,PREVIEW_DEFAULT
31.1990,-29.4671,10.2155,0.000,HILL,1,HILL,,,,,PREVIEW_DEFAULT
31.2990,-29.5606,10.2508,0.000,HILL,1,HILL,,,,,PREVIEW_DEFAULT
31.3990,-29.6545,10.2853,0.000,HILL,1,HILL,,,,,PREVIEW_DEFAULT
31.4989,-29.7485,10.3192,0.000,HILL,1,HILL,,,,,PREVIEW_DEFAULT
31.5990,-29.8429,10.3524,0.000,HILL,1,HILL,,,,,PREVIEW_DEFAULT
31.6990,-29.9375,10.3849,0.000,HILL,1,HILL,,,,,PREVIEW_DEFAULT
31.7990,-30.0323,10.4165,0.000,HILL,1,HILL,,,,,PREVIEW_DEFAULT
31.8990,-30.1274,10.4475,0.000,HILL,1,HILL,,,,,PREVIEW_DEFAULT
31.9989,-30.2227,10.4776,0.000,HILL,1,HILL,,,,,PREVIEW_DEFAULT
32.0990,-30.3183,10.5071,0.000,HILL,1,HILL,,,,,PREVIEW_DEFAULT
32.1990,-30.4141,10.5359,0.000,HILL,1,HILL,,,,,PREVIEW_DEFAULT
32.2989,-30.5100,10.5640,0.000,HILL,1,HILL,,,,,PREVIEW_DEFAULT
32.3989,-30.6061,10.5916,0.000,HILL,1,HILL,,,,,PREVIEW_DEFAULT
32.4989,-30.7024,10.6186,0.000,HILL,1,HILL,,,,,PREVIEW_DEFAULT
32.5989,-30.7988,10.6451,0.000,HILL,1,HILL,,,,,PREVIEW_DEFAULT
32.6990,-30.8954,10.6712,0.000,HILL,1,HILL,,,,,PREVIEW_DEFAULT
32.7990,-30.9920,10.6971,0.000,HILL,1,HILL,,,,,PREVIEW_DEFAULT
32.8989,-31.0886,10.7227,0.000,HILL,1,HILL,,,,,PREVIEW_DEFAULT
32.9990,-31.1853,10.7483,0.000,HILL,1,HILL,,,,,PREVIEW_DEFAULT
33.0989,-31.2819,10.7740,0.000,HILL,1,HILL,,,,,PREVIEW_DEFAULT
33.1989,-31.3785,10.7998,0.000,HILL,1,HILL,,,,,PREVIEW_DEFAULT
33.2989,-31.4750,10.8260,0.000,HILL,1,HILL,,,,,PREVIEW_DEFAULT
33.3989,-31.5714,10.8527,0.000,HILL,1,HILL,,,,,PREVIEW_DEFAULT
33.4989,-31.6676,10.8800,0.000,HILL,1,HILL,,,,,PREVIEW_DEFAULT
33.5989,-31.7636,10.9080,0.000,HILL,1,HILL,,,,,PREVIEW_DEFAULT
33.6989,-31.8594,10.9367,0.000,HILL,1,HILL,,,,,PREVIEW_DEFAULT
33.7990,-31.9550,10.9661,0.000,HILL,1,HILL,,,,,PREVIEW_DEFAULT
33.8989,-32.0503,10.9963,0.000,HILL,1,HILL,,,,,PREVIEW_DEFAULT
33.9989,-32.1454,11.0272,0.000,HILL,1,HILL,,,,,PREVIEW_DEFAULT
34.0989,-32.2403,11.0588,0.000,HILL,1,HILL,,,,,PREVIEW_DEFAULT
34.1453,-32.2842,11.0737,0.000,HILL,1,HILL,HILL_STOP,STOP_THEN_HOLD,ALWAYS_ONCE,3.0,PREVIEW_DEFAULT
34.1989,-32.3349,11.0911,0.000,HILL,1,HILL,,,ALWAYS_ONCE,,PREVIEW_DEFAULT
34.2989,-32.4293,11.1242,0.000,HILL,1,HILL,,,ALWAYS_ONCE,,PREVIEW_DEFAULT
34.3989,-32.5235,11.1577,0.000,HILL,1,HILL,,,,,PREVIEW_DEFAULT
34.4989,-32.6176,11.1916,0.000,HILL,1,HILL,,,,,PREVIEW_DEFAULT
34.5989,-32.7116,11.2256,0.000,HILL,1,HILL,,,,,PREVIEW_DEFAULT
34.6989,-32.8056,11.2598,0.000,HILL,1,HILL,,,,,PREVIEW_DEFAULT
34.7988,-32.8995,11.2939,0.000,HILL,1,HILL,,,,,PREVIEW_DEFAULT
34.8989,-32.9936,11.3280,0.000,HILL,1,HILL,,,,,PREVIEW_DEFAULT
34.9989,-33.0876,11.3621,0.000,HILL,1,HILL,,,,,PREVIEW_DEFAULT
35.0989,-33.1817,11.3960,0.000,HILL,1,HILL,,,,,PREVIEW_DEFAULT
35.1989,-33.2758,11.4298,0.000,HILL,1,HILL,,,,,PREVIEW_DEFAULT
35.2989,-33.3699,11.4636,0.000,HILL,1,HILL,,,,,PREVIEW_DEFAULT
35.3989,-33.4640,11.4974,0.000,HILL,1,HILL,,,,,PREVIEW_DEFAULT
35.4989,-33.5581,11.5312,0.000,HILL,1,HILL,,,,,PREVIEW_DEFAULT
35.5988,-33.6521,11.5652,0.000,HILL,1,HILL,,,,,PREVIEW_DEFAULT
35.6989,-33.7462,11.5992,0.000,HILL,1,HILL,,,,,PREVIEW_DEFAULT
35.7988,-33.8401,11.6334,0.000,HILL,1,HILL,,,,,PREVIEW_DEFAULT
35.8988,-33.9340,11.6678,0.000,HILL,1,HILL,,,,,PREVIEW_DEFAULT
35.9989,-34.0279,11.7023,0.000,HILL,1,HILL,,,,,PREVIEW_DEFAULT
36.0989,-34.1217,11.7370,0.000,HILL,1,HILL,,,,,PREVIEW_DEFAULT
36.1988,-34.2154,11.7717,0.000,HILL,1,HILL,,,,,PREVIEW_DEFAULT
36.2989,-34.3092,11.8066,0.000,HILL,1,HILL,,,,,PREVIEW_DEFAULT
36.3988,-34.4028,11.8416,0.000,HILL,1,HILL,,,,,PREVIEW_DEFAULT
36.4988,-34.4965,11.8766,0.000,HILL,1,HILL,,,,,PREVIEW_DEFAULT
36.5989,-34.5902,11.9116,0.000,HILL,1,HILL,,,,,PREVIEW_DEFAULT
36.6989,-34.6839,11.9466,0.000,HILL,1,HILL,,,,,PREVIEW_DEFAULT
36.7988,-34.7776,11.9814,0.000,HILL,1,HILL,,,,,PREVIEW_DEFAULT
36.8988,-34.8714,12.0161,0.000,HILL,1,HILL,,,,,PREVIEW_DEFAULT
36.9988,-34.9652,12.0506,0.000,HILL,1,HILL,,,,,PREVIEW_DEFAULT
37.0988,-35.0592,12.0848,0.000,HILL,1,HILL,,,,,PREVIEW_DEFAULT
37.1988,-35.1533,12.1185,0.000,HILL,1,HILL,,,,,PREVIEW_DEFAULT
37.2988,-35.2476,12.1519,0.000,HILL,1,HILL,,,,,PREVIEW_DEFAULT
37.3988,-35.3421,12.1846,0.000,HILL,1,HILL,,,,,PREVIEW_DEFAULT
37.4988,-35.4368,12.2166,0.000,HILL,1,HILL,,,,,PREVIEW_DEFAULT
37.5989,-35.5319,12.2478,0.000,HILL,1,HILL,,,,,PREVIEW_DEFAULT
37.6988,-35.6272,12.2780,0.000,HILL,1,HILL,,,,,PREVIEW_DEFAULT
37.7988,-35.7228,12.3072,0.000,HILL,1,HILL,,,,,PREVIEW_DEFAULT
37.8989,-35.8189,12.3351,0.000,HILL,1,HILL,,,,,PREVIEW_DEFAULT
37.9988,-35.9153,12.3616,0.000,HILL,1,HILL,,,,,PREVIEW_DEFAULT
38.0988,-36.0121,12.3866,0.000,HILL,1,HILL,,,,,PREVIEW_DEFAULT
38.1988,-36.1093,12.4101,0.000,HILL,1,HILL,,,,,PREVIEW_DEFAULT
38.2987,-36.2068,12.4320,0.000,HILL,1,HILL,,,,,PREVIEW_DEFAULT
38.3988,-36.3048,12.4523,0.000,HILL,1,HILL,,,,,PREVIEW_DEFAULT
38.4988,-36.4030,12.4712,0.000,HILL,1,HILL,,,,,PREVIEW_DEFAULT
38.5987,-36.5014,12.4886,0.000,HILL,1,HILL,,,,,PREVIEW_DEFAULT
38.6987,-36.6001,12.5046,0.000,HILL,1,HILL,,,,,PREVIEW_DEFAULT
38.7988,-36.6989,12.5202,0.000,HILL,1,HILL,,,,,PREVIEW_DEFAULT
38.8987,-36.7975,12.5368,0.000,HILL,1,HILL,,,,,PREVIEW_DEFAULT
38.9987,-36.8957,12.5556,0.000,HILL,1,HILL,,,,,PREVIEW_DEFAULT
39.0987,-36.9934,12.5767,0.000,HILL,1,HILL,,,,,PREVIEW_DEFAULT
39.1987,-37.0907,12.6000,0.000,HILL,1,HILL,,,,,PREVIEW_DEFAULT
39.2987,-37.1875,12.6251,0.000,HILL,1,HILL,,,,,PREVIEW_DEFAULT
39.3987,-37.2839,12.6517,0.000,HILL,1,HILL,,,,,PREVIEW_DEFAULT
39.4987,-37.3799,12.6795,0.000,HILL,1,HILL,,,,,PREVIEW_DEFAULT
39.5987,-37.4757,12.7081,0.000,HILL,1,HILL,,,,,PREVIEW_DEFAULT
39.6987,-37.5714,12.7374,0.000,HILL,1,HILL,,,,,PREVIEW_DEFAULT
39.7988,-37.6669,12.7671,0.000,HILL,1,HILL,,,,,PREVIEW_DEFAULT
39.8987,-37.7623,12.7970,0.000,HILL,1,HILL,,,,,PREVIEW_DEFAULT
39.9987,-37.8576,12.8271,0.000,HILL,1,HILL,,,,,PREVIEW_DEFAULT
40.0987,-37.9530,12.8573,0.000,HILL,1,HILL,,,,,PREVIEW_DEFAULT
40.1987,-38.0483,12.8876,0.000,HILL,1,HILL,,,,,PREVIEW_DEFAULT
40.2987,-38.1436,12.9178,0.000,HILL,1,HILL,,,,,PREVIEW_DEFAULT
40.3987,-38.2389,12.9481,0.000,HILL,1,HILL,,,,,PREVIEW_DEFAULT
40.4987,-38.3342,12.9785,0.000,HILL,1,HILL,,,,,PREVIEW_DEFAULT
40.5987,-38.4294,13.0090,0.000,HILL,1,HILL,,,,,PREVIEW_DEFAULT
40.6987,-38.5245,13.0398,0.000,HILL,1,HILL,,,,,PREVIEW_DEFAULT
40.7987,-38.6196,13.0709,0.000,HILL,1,HILL,,,,,PREVIEW_DEFAULT
40.8987,-38.7144,13.1025,0.000,HILL,1,HILL,,,,,PREVIEW_DEFAULT
40.9987,-38.8091,13.1347,0.000,HILL,1,HILL,,,,,PREVIEW_DEFAULT
41.0987,-38.9035,13.1677,0.000,HILL,1,HILL,,,,,PREVIEW_DEFAULT
41.1986,-38.9976,13.2014,0.000,HILL,1,HILL,,,,,PREVIEW_DEFAULT
41.2986,-39.0914,13.2361,0.000,HILL,1,HILL,,,,,PREVIEW_DEFAULT
41.3987,-39.1849,13.2717,0.000,HILL,1,HILL,,,,,PREVIEW_DEFAULT
41.4986,-39.2779,13.3083,0.000,HILL,1,HILL,,,,,PREVIEW_DEFAULT
41.5987,-39.3707,13.3457,0.000,HILL,1,HILL,,,,,PREVIEW_DEFAULT
41.6986,-39.4630,13.3840,0.000,HILL,1,HILL,,,,,PREVIEW_DEFAULT
41.7986,-39.5551,13.4230,0.000,HILL,1,HILL,,,,,PREVIEW_DEFAULT
41.8987,-39.6469,13.4627,0.000,HILL,1,HILL,,,,,PREVIEW_DEFAULT
41.9986,-39.7385,13.5028,0.000,HILL,1,HILL,,,,,PREVIEW_DEFAULT
42.0987,-39.8300,13.5432,0.000,HILL,1,HILL,,,,,PREVIEW_DEFAULT
42.1987,-39.9214,13.5838,0.000,HILL,1,HILL,,,,,PREVIEW_DEFAULT
42.2986,-40.0128,13.6242,0.000,HILL,1,HILL,,,,,PREVIEW_DEFAULT
42.3987,-40.1045,13.6642,0.000,HILL,1,HILL,,,,,PREVIEW_DEFAULT
42.4986,-40.1963,13.7037,0.000,HILL,1,HILL,,,,,PREVIEW_DEFAULT
42.5986,-40.2885,13.7425,0.000,HILL,1,HILL,,,,,PREVIEW_DEFAULT
42.6986,-40.3810,13.7804,0.000,HILL,1,HILL,,,,,PREVIEW_DEFAULT
42.7986,-40.4740,13.8173,0.000,HILL,1,HILL,,,,,PREVIEW_DEFAULT
42.8986,-40.5674,13.8530,0.000,HILL,1,HILL,,,,,PREVIEW_DEFAULT
42.9986,-40.6611,13.8878,0.000,HILL,1,HILL,,,,,PREVIEW_DEFAULT
43.0986,-40.7552,13.9217,0.000,HILL,1,HILL,,,,,PREVIEW_DEFAULT
43.1986,-40.8495,13.9550,0.000,HILL,1,HILL,,,,,PREVIEW_DEFAULT
43.2985,-40.9439,13.9878,0.000,HILL,1,HILL,,,,,PREVIEW_DEFAULT
43.3986,-41.0385,14.0203,0.000,HILL,1,HILL,,,,,PREVIEW_DEFAULT
43.4986,-41.1332,14.0525,0.000,HILL,1,HILL,,,,,PREVIEW_DEFAULT
43.5986,-41.2279,14.0846,0.000,HILL,1,HILL,,,,,PREVIEW_DEFAULT
43.6986,-41.3227,14.1165,0.000,HILL,1,HILL,,,,,PREVIEW_DEFAULT
43.7985,-41.4174,14.1484,0.000,HILL,1,HILL,,,,,PREVIEW_DEFAULT
43.8985,-41.5122,14.1802,0.000,HILL,1,HILL,,,,,PREVIEW_DEFAULT
43.9986,-41.6071,14.2120,0.000,HILL,1,HILL,,,,,PREVIEW_DEFAULT
44.0986,-41.7019,14.2437,0.000,HILL,1,HILL,,,,,PREVIEW_DEFAULT
44.1985,-41.7967,14.2754,0.000,HILL,1,HILL,,,,,PREVIEW_DEFAULT
44.2986,-41.8916,14.3071,0.000,HILL,1,HILL,,,,,PREVIEW_DEFAULT
44.3986,-41.9864,14.3388,0.000,HILL,1,HILL,,,,,PREVIEW_DEFAULT
44.4985,-42.0812,14.3705,0.000,HILL,1,HILL,,,,,PREVIEW_DEFAULT
44.5986,-42.1761,14.4023,0.000,HILL,1,HILL,,,,,PREVIEW_DEFAULT
44.6986,-42.2709,14.4341,0.000,HILL,1,HILL,,,,,PREVIEW_DEFAULT
44.7985,-42.3656,14.4660,0.000,HILL,1,HILL,,,,,PREVIEW_DEFAULT
44.8985,-42.4603,14.4982,0.000,HILL,1,HILL,,,,,PREVIEW_DEFAULT
44.9986,-42.5550,14.5304,0.000,HILL,1,HILL,,,,,PREVIEW_DEFAULT
45.0985,-42.6495,14.5629,0.000,HILL,1,HILL,,,,,PREVIEW_DEFAULT
45.1986,-42.7441,14.5955,0.000,HILL,1,HILL,,,,,PREVIEW_DEFAULT
45.2986,-42.8386,14.6283,0.000,HILL,1,HILL,,,,,PREVIEW_DEFAULT
45.3985,-42.9330,14.6611,0.000,HILL,1,HILL,,,,,PREVIEW_DEFAULT
45.4986,-43.0275,14.6939,0.000,HILL,1,HILL,,,,,PREVIEW_DEFAULT
45.5985,-43.1219,14.7267,0.000,HILL,1,HILL,,,,,PREVIEW_DEFAULT
45.6986,-43.2165,14.7594,0.000,HILL,1,HILL,,,,,PREVIEW_DEFAULT
45.7985,-43.3110,14.7919,0.000,HILL,1,HILL,,,,,PREVIEW_DEFAULT
45.8985,-43.4056,14.8243,0.000,HILL,1,HILL,,,,,PREVIEW_DEFAULT
45.9985,-43.5002,14.8566,0.000,HILL,1,HILL,,,,,PREVIEW_DEFAULT
46.0985,-43.5949,14.8888,0.000,HILL,1,HILL,,,,,PREVIEW_DEFAULT
46.1985,-43.6896,14.9208,0.000,HILL,1,HILL,,,,,PREVIEW_DEFAULT
46.2985,-43.7844,14.9528,0.000,HILL,1,HILL,,,,,PREVIEW_DEFAULT
46.3985,-43.8792,14.9847,0.000,HILL,1,HILL,,,,,PREVIEW_DEFAULT
46.4985,-43.9740,15.0165,0.000,HILL,1,HILL,,,,,PREVIEW_DEFAULT
46.5985,-44.0687,15.0484,0.000,HILL,1,HILL,,,,,PREVIEW_DEFAULT
46.6985,-44.1635,15.0803,0.000,HILL,1,HILL,,,,,PREVIEW_DEFAULT
46.7985,-44.2583,15.1123,0.000,HILL,1,HILL,,,,,PREVIEW_DEFAULT
46.8985,-44.3530,15.1443,0.000,HILL,1,HILL,,,,,PREVIEW_DEFAULT
46.9985,-44.4477,15.1765,0.000,HILL,1,HILL,,,,,PREVIEW_DEFAULT
47.0985,-44.5423,15.2087,0.000,HILL,1,HILL,,,,,PREVIEW_DEFAULT
47.1984,-44.6369,15.2411,0.000,HILL,1,HILL,,,,,PREVIEW_DEFAULT
47.2985,-44.7315,15.2736,0.000,HILL,1,HILL,,,,,PREVIEW_DEFAULT
47.3984,-44.8260,15.3062,0.000,HILL,1,HILL,,,,,PREVIEW_DEFAULT
47.4984,-44.9205,15.3389,0.000,HILL,1,HILL,,,,,PREVIEW_DEFAULT
47.5984,-45.0150,15.3716,0.000,HILL,1,HILL,,,,,PREVIEW_DEFAULT
47.6985,-45.1095,15.4045,0.000,HILL,1,HILL,,,,,PREVIEW_DEFAULT
47.7985,-45.2039,15.4374,0.000,HILL,1,HILL,,,,,PREVIEW_DEFAULT
47.8984,-45.2983,15.4703,0.000,HILL,1,HILL,,,,,PREVIEW_DEFAULT
47.9985,-45.3927,15.5034,0.000,HILL,1,HILL,,,,,PREVIEW_DEFAULT
48.0985,-45.4871,15.5365,0.000,HILL,1,HILL,,,,,PREVIEW_DEFAULT
48.1984,-45.5814,15.5696,0.000,HILL,1,HILL,,,,,PREVIEW_DEFAULT
48.2985,-45.6757,15.6029,0.000,HILL,1,HILL,,,,,PREVIEW_DEFAULT
48.3985,-45.7700,15.6362,0.000,HILL,1,HILL,,,,,PREVIEW_DEFAULT
48.4984,-45.8642,15.6697,0.000,HILL,1,HILL,,,,,PREVIEW_DEFAULT
48.5984,-45.9584,15.7032,0.000,HILL,1,HILL,,,,,PREVIEW_DEFAULT
48.6984,-46.0526,15.7368,0.000,HILL,1,HILL,,,,,PREVIEW_DEFAULT
48.7984,-46.1468,15.7704,0.000,HILL,1,HILL,,,,,PREVIEW_DEFAULT
48.8985,-46.2410,15.8040,0.000,HILL,1,HILL,,,,,PREVIEW_DEFAULT
48.9984,-46.3351,15.8376,0.000,HILL,1,HILL,,,,,PREVIEW_DEFAULT
49.0984,-46.4293,15.8712,0.000,HILL,1,HILL,,,,,PREVIEW_DEFAULT
49.1985,-46.5236,15.9047,0.000,HILL,1,HILL,,,,,PREVIEW_DEFAULT
49.2984,-46.6178,15.9381,0.000,HILL,1,HILL,,,,,PREVIEW_DEFAULT
49.3984,-46.7121,15.9714,0.000,HILL,1,HILL,,,,,PREVIEW_DEFAULT
49.4984,-46.8064,16.0045,0.000,HILL,1,HILL,,,,,PREVIEW_DEFAULT
49.5984,-46.9008,16.0376,0.000,HILL,1,HILL,,,,,PREVIEW_DEFAULT
49.6984,-46.9952,16.0705,0.000,HILL,1,HILL,,,,,PREVIEW_DEFAULT
49.7984,-47.0897,16.1033,0.000,HILL,1,HILL,,,,,PREVIEW_DEFAULT
49.8984,-47.1842,16.1360,0.000,HILL,1,HILL,,,,,PREVIEW_DEFAULT
49.9984,-47.2787,16.1686,0.000,HILL,1,HILL,,,,,PREVIEW_DEFAULT
50.0984,-47.3733,16.2012,0.000,HILL,1,HILL,,,,,PREVIEW_DEFAULT
50.1983,-47.4678,16.2337,0.000,HILL,1,HILL,,,,,PREVIEW_DEFAULT
50.2984,-47.5624,16.2663,0.000,HILL,1,HILL,,,,,PREVIEW_DEFAULT
50.3984,-47.6569,16.2990,0.000,HILL,1,HILL,,,,,PREVIEW_DEFAULT
50.4983,-47.7513,16.3318,0.000,HILL,1,HILL,,,,,PREVIEW_DEFAULT
50.5984,-47.8458,16.3647,0.000,HILL,1,HILL,,,,,PREVIEW_DEFAULT
50.6983,-47.9401,16.3978,0.000,HILL,1,HILL,,,,,PREVIEW_DEFAULT
50.7984,-48.0345,16.4310,0.000,HILL,1,HILL,,,,,PREVIEW_DEFAULT
50.8984,-48.1287,16.4644,0.000,HILL,1,HILL,,,,,PREVIEW_DEFAULT
50.9983,-48.2229,16.4979,0.000,HILL,1,HILL,,,,,PREVIEW_DEFAULT
51.0984,-48.3171,16.5316,0.000,HILL,1,HILL,,,,,PREVIEW_DEFAULT
51.1984,-48.4112,16.5654,0.000,HILL,1,HILL,,,,,PREVIEW_DEFAULT
51.2984,-48.5052,16.5995,0.000,HILL,1,HILL,,,,,PREVIEW_DEFAULT
51.3984,-48.5992,16.6336,0.000,HILL,1,HILL,,,,,PREVIEW_DEFAULT
51.4984,-48.6931,16.6680,0.000,HILL,1,HILL,,,,,PREVIEW_DEFAULT
51.5984,-48.7869,16.7027,0.000,HILL,1,HILL,,,,,PREVIEW_DEFAULT
51.6984,-48.8806,16.7376,0.000,HILL,1,HILL,,,,,PREVIEW_DEFAULT
51.7983,-48.9742,16.7727,0.000,HILL,1,HILL,,,,,PREVIEW_DEFAULT
51.8983,-49.0677,16.8081,0.000,HILL,1,HILL,,,,,PREVIEW_DEFAULT
51.9984,-49.1612,16.8437,0.000,HILL,1,HILL,,,,,PREVIEW_DEFAULT
52.0983,-49.2545,16.8795,0.000,HILL,1,HILL,,,,,PREVIEW_DEFAULT
52.1983,-49.3479,16.9154,0.000,HILL,1,HILL,,,,,PREVIEW_DEFAULT
52.2983,-49.4412,16.9513,0.000,HILL,1,HILL,,,,,PREVIEW_DEFAULT
52.3983,-49.5346,16.9871,0.000,HILL,1,HILL,,,,,PREVIEW_DEFAULT
52.4983,-49.6280,17.0226,0.000,HILL,1,HILL,,,,,PREVIEW_DEFAULT
52.5983,-49.7216,17.0578,0.000,HILL,1,HILL,,,,,PREVIEW_DEFAULT
52.6983,-49.8154,17.0925,0.000,HILL,1,HILL,,,,,PREVIEW_DEFAULT
52.7983,-49.9094,17.1266,0.000,HILL,1,HILL,,,,,PREVIEW_DEFAULT
52.8983,-50.0037,17.1600,0.000,HILL,1,HILL,,,,,PREVIEW_DEFAULT
52.9983,-50.0982,17.1927,0.000,HILL,1,HILL,,,,,PREVIEW_DEFAULT
53.0983,-50.1930,17.2245,0.000,HILL,1,HILL,,,,,PREVIEW_DEFAULT
53.1983,-50.2880,17.2556,0.000,HILL,1,HILL,,,,,PREVIEW_DEFAULT
53.2982,-50.3833,17.2858,0.000,HILL,1,HILL,,,,,PREVIEW_DEFAULT
53.3983,-50.4789,17.3154,0.000,HILL,1,HILL,,,,,PREVIEW_DEFAULT
53.4983,-50.5747,17.3441,0.000,HILL,1,HILL,,,,,PREVIEW_DEFAULT
53.5983,-50.6706,17.3723,0.000,HILL,1,HILL,,,,,PREVIEW_DEFAULT
53.6983,-50.7667,17.3999,0.000,HILL,1,HILL,,,,,PREVIEW_DEFAULT
53.7983,-50.8630,17.4271,0.000,HILL,1,HILL,,,,,PREVIEW_DEFAULT
53.8983,-50.9593,17.4539,0.000,HILL,1,HILL,,,,,PREVIEW_DEFAULT
53.9983,-51.0557,17.4805,0.000,HILL,1,HILL,,,,,PREVIEW_DEFAULT
54.0983,-51.1521,17.5071,0.000,HILL,1,HILL,,,,,PREVIEW_DEFAULT
54.1983,-51.2485,17.5337,0.000,HILL,1,HILL,,,,,PREVIEW_DEFAULT
54.2982,-51.3448,17.5604,0.000,HILL,1,HILL,,,,,PREVIEW_DEFAULT
54.3982,-51.4411,17.5874,0.000,HILL,1,HILL,,,,,PREVIEW_DEFAULT
54.4982,-51.5373,17.6147,0.000,HILL,1,HILL,,,,,PREVIEW_DEFAULT
54.5982,-51.6334,17.6424,0.000,HILL,1,HILL,,,,,PREVIEW_DEFAULT
54.6982,-51.7293,17.6706,0.000,HILL,1,HILL,,,,,PREVIEW_DEFAULT
54.7982,-51.8251,17.6993,0.000,HILL,1,HILL,,,,,PREVIEW_DEFAULT
54.8983,-51.9208,17.7285,0.000,HILL,1,HILL,,,,,PREVIEW_DEFAULT
54.9982,-52.0162,17.7583,0.000,HILL,1,HILL,,,,,PREVIEW_DEFAULT
55.0982,-52.1115,17.7885,0.000,HILL,1,HILL,,,,,PREVIEW_DEFAULT
55.1982,-52.2067,17.8191,0.000,HILL,1,HILL,,,,,PREVIEW_DEFAULT
55.2982,-52.3018,17.8501,0.000,HILL,1,HILL,,,,,PREVIEW_DEFAULT
55.3982,-52.3968,17.8813,0.000,HILL,1,HILL,,,,,PREVIEW_DEFAULT
55.4982,-52.4918,17.9126,0.000,HILL,1,HILL,,,,,PREVIEW_DEFAULT
55.5982,-52.5867,17.9440,0.000,HILL,1,HILL,,,,,PREVIEW_DEFAULT
55.6982,-52.6817,17.9753,0.000,HILL,1,HILL,,,,,PREVIEW_DEFAULT
55.7982,-52.7767,18.0064,0.000,HILL,1,HILL,,,,,PREVIEW_DEFAULT
55.8983,-52.8719,18.0373,0.000,HILL,1,HILL,,,,,PREVIEW_DEFAULT
55.9982,-52.9671,18.0678,0.000,HILL,1,HILL,,,,,PREVIEW_DEFAULT
56.0982,-53.0625,18.0978,0.000,HILL,1,HILL,,,,,PREVIEW_DEFAULT
56.1982,-53.1580,18.1274,0.000,HILL,1,HILL,,,,,PREVIEW_DEFAULT
56.2982,-53.2537,18.1564,0.000,HILL,1,HILL,,,,,PREVIEW_DEFAULT
56.3982,-53.3496,18.1847,0.000,HILL,1,HILL,,,,,PREVIEW_DEFAULT
56.4982,-53.4457,18.2124,0.000,HILL,1,HILL,,,,,PREVIEW_DEFAULT
56.5982,-53.5419,18.2395,0.000,HILL,1,HILL,,,,,PREVIEW_DEFAULT
56.6982,-53.6384,18.2658,0.000,HILL,1,HILL,,,,,PREVIEW_DEFAULT
56.7981,-53.7350,18.2915,0.000,HILL,1,HILL,,,,,PREVIEW_DEFAULT
56.8281,-53.7640,18.2990,0.000,HILL,1,HILL,HILL_END,EXIT_ZONE,,,PREVIEW_DEFAULT
56.8982,-53.8319,18.3163,0.000,HILL,1,HILL,,,,,PREVIEW_DEFAULT
56.9982,-53.9289,18.3406,0.000,HILL,1,HILL,,,,,PREVIEW_DEFAULT
57.0906,-54.0186,18.3630,0.000,NORMAL,1,ROUTE,,,,,PREVIEW_DEFAULT
57.0981,-54.0259,18.3648,0.000,NORMAL,1,ROUTE,,,,,PREVIEW_DEFAULT
57.1982,-54.1229,18.3893,0.000,NORMAL,1,ROUTE,,,,,PREVIEW_DEFAULT
57.2982,-54.2199,18.4137,0.000,NORMAL,1,ROUTE,,,,,PREVIEW_DEFAULT
57.3981,-54.3168,18.4382,0.000,NORMAL,1,ROUTE,,,,,PREVIEW_DEFAULT
57.4981,-54.4138,18.4625,0.000,NORMAL,1,ROUTE,,,,,PREVIEW_DEFAULT
57.5981,-54.5108,18.4867,0.000,NORMAL,1,ROUTE,,,,,PREVIEW_DEFAULT
57.6981,-54.6079,18.5106,0.000,NORMAL,1,ROUTE,,,,,PREVIEW_DEFAULT
57.7982,-54.7051,18.5343,0.000,NORMAL,1,ROUTE,,,,,PREVIEW_DEFAULT
57.8981,-54.8023,18.5577,0.000,NORMAL,1,ROUTE,,,,,PREVIEW_DEFAULT
57.9982,-54.8996,18.5809,0.000,NORMAL,1,ROUTE,,,,,PREVIEW_DEFAULT
58.0981,-54.9969,18.6038,0.000,NORMAL,1,ROUTE,,,,,PREVIEW_DEFAULT
58.1982,-55.0943,18.6266,0.000,NORMAL,1,ROUTE,,,,,PREVIEW_DEFAULT
58.2982,-55.1917,18.6493,0.000,NORMAL,1,ROUTE,,,,,PREVIEW_DEFAULT
58.3981,-55.2891,18.6718,0.000,NORMAL,1,ROUTE,,,,,PREVIEW_DEFAULT
58.4981,-55.3865,18.6943,0.000,NORMAL,1,ROUTE,,,,,PREVIEW_DEFAULT
58.5981,-55.4839,18.7168,0.000,NORMAL,1,ROUTE,,,,,PREVIEW_DEFAULT
58.6981,-55.5814,18.7393,0.000,NORMAL,1,ROUTE,,,,,PREVIEW_DEFAULT
58.7981,-55.6788,18.7619,0.000,NORMAL,1,ROUTE,,,,,PREVIEW_DEFAULT
58.8981,-55.7762,18.7844,0.000,NORMAL,1,ROUTE,,,,,PREVIEW_DEFAULT
58.9981,-55.8737,18.8069,0.000,NORMAL,1,ROUTE,,,,,PREVIEW_DEFAULT
59.0981,-55.9711,18.8293,0.000,NORMAL,1,ROUTE,,,,,PREVIEW_DEFAULT
59.1981,-56.0686,18.8516,0.000,NORMAL,1,ROUTE,,,,,PREVIEW_DEFAULT
59.2981,-56.1661,18.8737,0.000,NORMAL,1,ROUTE,,,,,PREVIEW_DEFAULT
59.3981,-56.2637,18.8954,0.000,NORMAL,1,ROUTE,,,,,PREVIEW_DEFAULT
59.4981,-56.3614,18.9168,0.000,NORMAL,1,ROUTE,,,,,PREVIEW_DEFAULT
59.5980,-56.4592,18.9375,0.000,NORMAL,1,ROUTE,,,,,PREVIEW_DEFAULT
59.6981,-56.5572,18.9576,0.000,NORMAL,1,ROUTE,,,,,PREVIEW_DEFAULT
59.7981,-56.6553,18.9769,0.000,NORMAL,1,ROUTE,,,,,PREVIEW_DEFAULT
59.8980,-56.7536,18.9951,0.000,NORMAL,1,ROUTE,,,,,PREVIEW_DEFAULT
59.9981,-56.8522,19.0121,0.000,NORMAL,1,ROUTE,,,,,PREVIEW_DEFAULT
60.0981,-56.9510,19.0276,0.000,NORMAL,1,ROUTE,,,,,PREVIEW_DEFAULT
60.1981,-57.0500,19.0417,0.000,NORMAL,1,ROUTE,,,,,PREVIEW_DEFAULT
60.2980,-57.1492,19.0539,0.000,NORMAL,1,ROUTE,,,,,PREVIEW_DEFAULT
60.3981,-57.2487,19.0643,0.000,NORMAL,1,ROUTE,,,,,PREVIEW_DEFAULT
60.4980,-57.3483,19.0728,0.000,NORMAL,1,ROUTE,,,,,PREVIEW_DEFAULT
60.5981,-57.4481,19.0792,0.000,NORMAL,1,ROUTE,,,,,PREVIEW_DEFAULT
60.6980,-57.5480,19.0836,0.000,NORMAL,1,ROUTE,,,,,PREVIEW_DEFAULT
60.7981,-57.6480,19.0859,0.000,NORMAL,1,ROUTE,,,,,PREVIEW_DEFAULT
60.8981,-57.7480,19.0862,0.000,NORMAL,1,ROUTE,,,,,PREVIEW_DEFAULT
60.9980,-57.8479,19.0845,0.000,NORMAL,1,ROUTE,,,,,PREVIEW_DEFAULT
61.0981,-57.9479,19.0808,0.000,NORMAL,1,ROUTE,,,,,PREVIEW_DEFAULT
61.1980,-58.0477,19.0752,0.000,NORMAL,1,ROUTE,,,,,PREVIEW_DEFAULT
61.2980,-58.1474,19.0677,0.000,NORMAL,1,ROUTE,,,,,PREVIEW_DEFAULT
61.3980,-58.2470,19.0584,0.000,NORMAL,1,ROUTE,,,,,PREVIEW_DEFAULT
61.4980,-58.3464,19.0474,0.000,NORMAL,1,ROUTE,,,,,PREVIEW_DEFAULT
61.5980,-58.4456,19.0348,0.000,NORMAL,1,ROUTE,,,,,PREVIEW_DEFAULT
61.6980,-58.5446,19.0207,0.000,NORMAL,1,ROUTE,,,,,PREVIEW_DEFAULT
61.7979,-58.6433,19.0052,0.000,NORMAL,1,ROUTE,,,,,PREVIEW_DEFAULT
61.8980,-58.7419,18.9882,0.000,NORMAL,1,ROUTE,,,,,PREVIEW_DEFAULT
61.9980,-58.8402,18.9700,0.000,NORMAL,1,ROUTE,,,,,PREVIEW_DEFAULT
62.0980,-58.9383,18.9503,0.000,NORMAL,1,ROUTE,,,,,PREVIEW_DEFAULT
62.1979,-59.0360,18.9294,0.000,NORMAL,1,ROUTE,,,,,PREVIEW_DEFAULT
62.2979,-59.1335,18.9072,0.000,NORMAL,1,ROUTE,,,,,PREVIEW_DEFAULT
62.3979,-59.2307,18.8837,0.000,NORMAL,1,ROUTE,,,,,PREVIEW_DEFAULT
62.4980,-59.3276,18.8589,0.000,NORMAL,1,ROUTE,,,,,PREVIEW_DEFAULT
62.5979,-59.4241,18.8327,0.000,NORMAL,1,ROUTE,,,,,PREVIEW_DEFAULT
62.6979,-59.5202,18.8051,0.000,NORMAL,1,ROUTE,,,,,PREVIEW_DEFAULT
62.7980,-59.6159,18.7760,0.000,NORMAL,1,ROUTE,,,,,PREVIEW_DEFAULT
62.8980,-59.7111,18.7453,0.000,NORMAL,1,ROUTE,,,,,PREVIEW_DEFAULT
62.9980,-59.8057,18.7130,0.000,NORMAL,1,ROUTE,,,,,PREVIEW_DEFAULT
63.0979,-59.8997,18.6789,0.000,NORMAL,1,ROUTE,,,,,PREVIEW_DEFAULT
63.1979,-59.9930,18.6429,0.000,NORMAL,1,ROUTE,,,,,PREVIEW_DEFAULT
63.2979,-60.0855,18.6050,0.000,NORMAL,1,ROUTE,,,,,PREVIEW_DEFAULT
63.3979,-60.1772,18.5651,0.000,NORMAL,1,ROUTE,,,,,PREVIEW_DEFAULT
63.4979,-60.2679,18.5230,0.000,NORMAL,1,ROUTE,,,,,PREVIEW_DEFAULT
63.5979,-60.3576,18.4789,0.000,NORMAL,1,ROUTE,,,,,PREVIEW_DEFAULT
63.6979,-60.4463,18.4326,0.000,NORMAL,1,ROUTE,,,,,PREVIEW_DEFAULT
63.7979,-60.5338,18.3842,0.000,NORMAL,1,ROUTE,,,,,PREVIEW_DEFAULT
63.8979,-60.6202,18.3339,0.000,NORMAL,1,ROUTE,,,,,PREVIEW_DEFAULT
63.9979,-60.7055,18.2817,0.000,NORMAL,1,ROUTE,,,,,PREVIEW_DEFAULT
64.0979,-60.7898,18.2279,0.000,NORMAL,1,ROUTE,,,,,PREVIEW_DEFAULT
64.1979,-60.8732,18.1727,0.000,NORMAL,1,ROUTE,,,,,PREVIEW_DEFAULT
64.2979,-60.9557,18.1163,0.000,NORMAL,1,ROUTE,,,,,PREVIEW_DEFAULT
64.3979,-61.0375,18.0587,0.000,NORMAL,1,ROUTE,,,,,PREVIEW_DEFAULT
64.4978,-61.1185,18.0002,0.000,NORMAL,1,ROUTE,,,,,PREVIEW_DEFAULT
64.5979,-61.1990,17.9408,0.000,NORMAL,1,ROUTE,,,,,PREVIEW_DEFAULT
64.6979,-61.2789,17.8806,0.000,NORMAL,1,ROUTE,,,,,PREVIEW_DEFAULT
64.7978,-61.3582,17.8198,0.000,NORMAL,1,ROUTE,,,,,PREVIEW_DEFAULT
64.8979,-61.4371,17.7583,0.000,NORMAL,1,ROUTE,,,,,PREVIEW_DEFAULT
64.9979,-61.5155,17.6962,0.000,NORMAL,1,ROUTE,,,,,PREVIEW_DEFAULT
65.0979,-61.5933,17.6334,0.000,NORMAL,1,ROUTE,,,,,PREVIEW_DEFAULT
65.1978,-61.6707,17.5701,0.000,NORMAL,1,ROUTE,,,,,PREVIEW_DEFAULT
65.2979,-61.7475,17.5060,0.000,NORMAL,1,ROUTE,,,,,PREVIEW_DEFAULT
65.3978,-61.8237,17.4413,0.000,NORMAL,1,ROUTE,,,,,PREVIEW_DEFAULT
65.4978,-61.8993,17.3759,0.000,NORMAL,1,ROUTE,,,,,PREVIEW_DEFAULT
65.5978,-61.9743,17.3098,0.000,NORMAL,1,ROUTE,,,,,PREVIEW_DEFAULT
65.6978,-62.0486,17.2428,0.000,NORMAL,1,ROUTE,,,,,PREVIEW_DEFAULT
65.7978,-62.1222,17.1751,0.000,NORMAL,1,ROUTE,,,,,PREVIEW_DEFAULT
65.8979,-62.1950,17.1065,0.000,NORMAL,1,ROUTE,,,,,PREVIEW_DEFAULT
65.9979,-62.2669,17.0370,0.000,NORMAL,1,ROUTE,,,,,PREVIEW_DEFAULT
66.0978,-62.3379,16.9666,0.000,NORMAL,1,ROUTE,,,,,PREVIEW_DEFAULT
66.1978,-62.4079,16.8952,0.000,NORMAL,1,ROUTE,,,,,PREVIEW_DEFAULT
66.2978,-62.4769,16.8228,0.000,NORMAL,1,ROUTE,,,,,PREVIEW_DEFAULT
66.3978,-62.5448,16.7494,0.000,NORMAL,1,ROUTE,,,,,PREVIEW_DEFAULT
66.4978,-62.6116,16.6750,0.000,NORMAL,1,ROUTE,,,,,PREVIEW_DEFAULT
66.5978,-62.6772,16.5996,0.000,NORMAL,1,ROUTE,,,,,PREVIEW_DEFAULT
66.6978,-62.7416,16.5231,0.000,NORMAL,1,ROUTE,,,,,PREVIEW_DEFAULT
66.7978,-62.8048,16.4455,0.000,NORMAL,1,ROUTE,,,,,PREVIEW_DEFAULT
66.8978,-62.8666,16.3669,0.000,NORMAL,1,ROUTE,,,,,PREVIEW_DEFAULT
66.9978,-62.9271,16.2873,0.000,NORMAL,1,ROUTE,,,,,PREVIEW_DEFAULT
67.0978,-62.9862,16.2066,0.000,NORMAL,1,ROUTE,,,,,PREVIEW_DEFAULT
67.1978,-63.0439,16.1250,0.000,NORMAL,1,ROUTE,,,,,PREVIEW_DEFAULT
67.2977,-63.1002,16.0424,0.000,NORMAL,1,ROUTE,,,,,PREVIEW_DEFAULT
67.3978,-63.1552,15.9588,0.000,NORMAL,1,ROUTE,,,,,PREVIEW_DEFAULT
67.4978,-63.2089,15.8745,0.000,NORMAL,1,ROUTE,,,,,PREVIEW_DEFAULT
67.5977,-63.2614,15.7894,0.000,NORMAL,1,ROUTE,,,,,PREVIEW_DEFAULT
67.6977,-63.3126,15.7035,0.000,NORMAL,1,ROUTE,,,,,PREVIEW_DEFAULT
67.7978,-63.3628,15.6170,0.000,NORMAL,1,ROUTE,,,,,PREVIEW_DEFAULT
67.8977,-63.4118,15.5299,0.000,NORMAL,1,ROUTE,,,,,PREVIEW_DEFAULT
67.9978,-63.4600,15.4422,0.000,NORMAL,1,ROUTE,,,,,PREVIEW_DEFAULT
68.0977,-63.5074,15.3542,0.000,NORMAL,1,ROUTE,,,,,PREVIEW_DEFAULT
68.1977,-63.5542,15.2658,0.000,NORMAL,1,ROUTE,,,,,PREVIEW_DEFAULT
68.2978,-63.6006,15.1772,0.000,NORMAL,1,ROUTE,,,,,PREVIEW_DEFAULT
68.3978,-63.6466,15.0884,0.000,NORMAL,1,ROUTE,,,,,PREVIEW_DEFAULT
68.4977,-63.6925,14.9996,0.000,NORMAL,1,ROUTE,,,,,PREVIEW_DEFAULT
68.5977,-63.7384,14.9108,0.000,NORMAL,1,ROUTE,,,,,PREVIEW_DEFAULT
68.6977,-63.7844,14.8220,0.000,NORMAL,1,ROUTE,,,,,PREVIEW_DEFAULT
68.7977,-63.8305,14.7333,0.000,NORMAL,1,ROUTE,,,,,PREVIEW_DEFAULT
68.8977,-63.8769,14.6447,0.000,NORMAL,1,ROUTE,,,,,PREVIEW_DEFAULT
68.9977,-63.9235,14.5562,0.000,NORMAL,1,ROUTE,,,,,PREVIEW_DEFAULT
69.0978,-63.9704,14.4678,0.000,NORMAL,1,ROUTE,,,,,PREVIEW_DEFAULT
69.1977,-64.0174,14.3796,0.000,NORMAL,1,ROUTE,,,,,PREVIEW_DEFAULT
69.2977,-64.0647,14.2915,0.000,NORMAL,1,ROUTE,,,,,PREVIEW_DEFAULT
69.3977,-64.1122,14.2035,0.000,NORMAL,1,ROUTE,,,,,PREVIEW_DEFAULT
69.4977,-64.1599,14.1156,0.000,NORMAL,1,ROUTE,,,,,PREVIEW_DEFAULT
69.5977,-64.2078,14.0278,0.000,NORMAL,1,ROUTE,,,,,PREVIEW_DEFAULT
69.6977,-64.2558,13.9401,0.000,NORMAL,1,ROUTE,,,,,PREVIEW_DEFAULT
69.7977,-64.3040,13.8525,0.000,NORMAL,1,ROUTE,,,,,PREVIEW_DEFAULT
69.8977,-64.3523,13.7649,0.000,NORMAL,1,ROUTE,,,,,PREVIEW_DEFAULT
69.9976,-64.4007,13.6775,0.000,NORMAL,1,ROUTE,,,,,PREVIEW_DEFAULT
70.0977,-64.4493,13.5900,0.000,NORMAL,1,ROUTE,,,,,PREVIEW_DEFAULT
70.1976,-64.4979,13.5027,0.000,NORMAL,1,ROUTE,,,,,PREVIEW_DEFAULT
70.2977,-64.5466,13.4153,0.000,NORMAL,1,ROUTE,,,,,PREVIEW_DEFAULT
70.3977,-64.5952,13.3279,0.000,NORMAL,1,ROUTE,,,,,PREVIEW_DEFAULT
70.4977,-64.6438,13.2405,0.000,NORMAL,1,ROUTE,,,,,PREVIEW_DEFAULT
70.5976,-64.6921,13.1530,0.000,NORMAL,1,ROUTE,,,,,PREVIEW_DEFAULT
70.6977,-64.7402,13.0653,0.000,NORMAL,1,ROUTE,,,,,PREVIEW_DEFAULT
70.7976,-64.7880,12.9775,0.000,NORMAL,1,ROUTE,,,,,PREVIEW_DEFAULT
70.8977,-64.8352,12.8893,0.000,NORMAL,1,ROUTE,,,,,PREVIEW_DEFAULT
70.9977,-64.8820,12.8009,0.000,NORMAL,1,ROUTE,,,,,PREVIEW_DEFAULT
71.0977,-64.9281,12.7122,0.000,NORMAL,1,ROUTE,,,,,PREVIEW_DEFAULT
71.1976,-64.9736,12.6232,0.000,NORMAL,1,ROUTE,,,,,PREVIEW_DEFAULT
71.2976,-65.0184,12.5338,0.000,NORMAL,1,ROUTE,,,,,PREVIEW_DEFAULT
71.3976,-65.0626,12.4441,0.000,NORMAL,1,ROUTE,,,,,PREVIEW_DEFAULT
71.4976,-65.1064,12.3542,0.000,NORMAL,1,ROUTE,,,,,PREVIEW_DEFAULT
71.5976,-65.1498,12.2641,0.000,NORMAL,1,ROUTE,,,,,PREVIEW_DEFAULT
71.6976,-65.1931,12.1740,0.000,NORMAL,1,ROUTE,,,,,PREVIEW_DEFAULT
71.7976,-65.2363,12.0838,0.000,NORMAL,1,ROUTE,,,,,PREVIEW_DEFAULT
71.8977,-65.2798,11.9937,0.000,NORMAL,1,ROUTE,,,,,PREVIEW_DEFAULT
71.9977,-65.3236,11.9038,0.000,NORMAL,1,ROUTE,,,,,PREVIEW_DEFAULT
72.0977,-65.3678,11.8141,0.000,NORMAL,1,ROUTE,,,,,PREVIEW_DEFAULT
72.1976,-65.4126,11.7247,0.000,NORMAL,1,ROUTE,,,,,PREVIEW_DEFAULT
72.2976,-65.4580,11.6356,0.000,NORMAL,1,ROUTE,,,,,PREVIEW_DEFAULT
72.3976,-65.5039,11.5468,0.000,NORMAL,1,ROUTE,,,,,PREVIEW_DEFAULT
72.4976,-65.5504,11.4583,0.000,NORMAL,1,ROUTE,,,,,PREVIEW_DEFAULT
72.5976,-65.5974,11.3700,0.000,NORMAL,1,ROUTE,,,,,PREVIEW_DEFAULT
72.6976,-65.6448,11.2820,0.000,NORMAL,1,ROUTE,,,,,PREVIEW_DEFAULT
72.7976,-65.6925,11.1941,0.000,NORMAL,1,ROUTE,,,,,PREVIEW_DEFAULT
72.8976,-65.7405,11.1063,0.000,NORMAL,1,ROUTE,,,,,PREVIEW_DEFAULT
72.9976,-65.7884,11.0186,0.000,NORMAL,1,ROUTE,,,,,PREVIEW_DEFAULT
73.0975,-65.8362,10.9308,0.000,NORMAL,1,ROUTE,,,,,PREVIEW_DEFAULT
73.1976,-65.8838,10.8428,0.000,NORMAL,1,ROUTE,,,,,PREVIEW_DEFAULT
73.2975,-65.9310,10.7547,0.000,NORMAL,1,ROUTE,,,,,PREVIEW_DEFAULT
73.3976,-65.9777,10.6662,0.000,NORMAL,1,ROUTE,,,,,PREVIEW_DEFAULT
73.4976,-66.0238,10.5775,0.000,NORMAL,1,ROUTE,,,,,PREVIEW_DEFAULT
73.5976,-66.0694,10.4885,0.000,NORMAL,1,ROUTE,,,,,PREVIEW_DEFAULT
73.6976,-66.1144,10.3992,0.000,NORMAL,1,ROUTE,,,,,PREVIEW_DEFAULT
73.7976,-66.1590,10.3097,0.000,NORMAL,1,ROUTE,,,,,PREVIEW_DEFAULT
73.8976,-66.2030,10.2199,0.000,NORMAL,1,ROUTE,,,,,PREVIEW_DEFAULT
73.9975,-66.2467,10.1300,0.000,NORMAL,1,ROUTE,,,,,PREVIEW_DEFAULT
74.0976,-66.2902,10.0399,0.000,NORMAL,1,ROUTE,,,,,PREVIEW_DEFAULT
74.1975,-66.3333,9.9497,0.000,NORMAL,1,ROUTE,,,,,PREVIEW_DEFAULT
74.2976,-66.3764,9.8594,0.000,NORMAL,1,ROUTE,,,,,PREVIEW_DEFAULT
74.3976,-66.4193,9.7691,0.000,NORMAL,1,ROUTE,,,,,PREVIEW_DEFAULT
74.4975,-66.4622,9.6788,0.000,NORMAL,1,ROUTE,,,,,PREVIEW_DEFAULT
74.5976,-66.5050,9.5884,0.000,NORMAL,1,ROUTE,,,,,PREVIEW_DEFAULT
74.6975,-66.5477,9.4980,0.000,NORMAL,1,ROUTE,,,,,PREVIEW_DEFAULT
74.7975,-66.5904,9.4076,0.000,NORMAL,1,ROUTE,,,,,PREVIEW_DEFAULT
74.8975,-66.6330,9.3171,0.000,NORMAL,1,ROUTE,,,,,PREVIEW_DEFAULT
74.9975,-66.6753,9.2265,0.000,NORMAL,1,ROUTE,,,,,PREVIEW_DEFAULT
75.0976,-66.7175,9.1358,0.000,NORMAL,1,ROUTE,,,,,PREVIEW_DEFAULT
75.1975,-66.7592,9.0450,0.000,NORMAL,1,ROUTE,,,,,PREVIEW_DEFAULT
75.2975,-66.8006,8.9539,0.000,NORMAL,1,ROUTE,,,,,PREVIEW_DEFAULT
75.3975,-66.8414,8.8627,0.000,NORMAL,1,ROUTE,,,,,PREVIEW_DEFAULT
75.4975,-66.8817,8.7711,0.000,NORMAL,1,ROUTE,,,,,PREVIEW_DEFAULT
75.5975,-66.9212,8.6793,0.000,NORMAL,1,ROUTE,,,,,PREVIEW_DEFAULT
75.6975,-66.9600,8.5871,0.000,NORMAL,1,ROUTE,,,,,PREVIEW_DEFAULT
75.7975,-66.9979,8.4946,0.000,NORMAL,1,ROUTE,,,,,PREVIEW_DEFAULT
75.8975,-67.0348,8.4016,0.000,NORMAL,1,ROUTE,,,,,PREVIEW_DEFAULT
75.9974,-67.0706,8.3083,0.000,NORMAL,1,ROUTE,,,,,PREVIEW_DEFAULT
76.0975,-67.1054,8.2145,0.000,NORMAL,1,ROUTE,,,,,PREVIEW_DEFAULT
76.1975,-67.1389,8.1203,0.000,NORMAL,1,ROUTE,,,,,PREVIEW_DEFAULT
76.2975,-67.1712,8.0256,0.000,NORMAL,1,ROUTE,,,,,PREVIEW_DEFAULT
76.3975,-67.2022,7.9306,0.000,NORMAL,1,ROUTE,,,,,PREVIEW_DEFAULT
76.4974,-67.2320,7.8352,0.000,NORMAL,1,ROUTE,,,,,PREVIEW_DEFAULT
76.5974,-67.2608,7.7394,0.000,NORMAL,1,ROUTE,,,,,PREVIEW_DEFAULT
76.6975,-67.2885,7.6433,0.000,NORMAL,1,ROUTE,,,,,PREVIEW_DEFAULT
76.7974,-67.3153,7.5470,0.000,NORMAL,1,ROUTE,,,,,PREVIEW_DEFAULT
76.8974,-67.3412,7.4504,0.000,NORMAL,1,ROUTE,,,,,PREVIEW_DEFAULT
76.9975,-67.3665,7.3536,0.000,NORMAL,1,ROUTE,,,,,PREVIEW_DEFAULT
77.0975,-67.3911,7.2567,0.000,NORMAL,1,ROUTE,,,,,PREVIEW_DEFAULT
77.1975,-67.4151,7.1596,0.000,NORMAL,1,ROUTE,,,,,PREVIEW_DEFAULT
77.2975,-67.4386,7.0624,0.000,NORMAL,1,ROUTE,,,,,PREVIEW_DEFAULT
77.3975,-67.4616,6.9651,0.000,NORMAL,1,ROUTE,,,,,PREVIEW_DEFAULT
77.4974,-67.4841,6.8677,0.000,NORMAL,1,ROUTE,,,,,PREVIEW_DEFAULT
77.5975,-67.5061,6.7701,0.000,NORMAL,1,ROUTE,,,,,PREVIEW_DEFAULT
77.6974,-67.5276,6.6725,0.000,NORMAL,1,ROUTE,,,,,PREVIEW_DEFAULT
77.7974,-67.5485,6.5747,0.000,NORMAL,1,ROUTE,,,,,PREVIEW_DEFAULT
77.8974,-67.5688,6.4768,0.000,NORMAL,1,ROUTE,,,,,PREVIEW_DEFAULT
77.9974,-67.5883,6.3787,0.000,NORMAL,1,ROUTE,,,,,PREVIEW_DEFAULT
78.0974,-67.6069,6.2805,0.000,NORMAL,1,ROUTE,,,,,PREVIEW_DEFAULT
78.1974,-67.6246,6.1820,0.000,NORMAL,1,ROUTE,,,,,PREVIEW_DEFAULT
78.2974,-67.6411,6.0834,0.000,NORMAL,1,ROUTE,,,,,PREVIEW_DEFAULT
78.3974,-67.6563,5.9846,0.000,NORMAL,1,ROUTE,,,,,PREVIEW_DEFAULT
78.4974,-67.6702,5.8855,0.000,NORMAL,1,ROUTE,,,,,PREVIEW_DEFAULT
78.5974,-67.6825,5.7863,0.000,NORMAL,1,ROUTE,,,,,PREVIEW_DEFAULT
78.6974,-67.6932,5.6869,0.000,NORMAL,1,ROUTE,,,,,PREVIEW_DEFAULT
78.7974,-67.7023,5.5873,0.000,NORMAL,1,ROUTE,,,,,PREVIEW_DEFAULT
78.8974,-67.7097,5.4876,0.000,NORMAL,1,ROUTE,,,,,PREVIEW_DEFAULT
78.9973,-67.7156,5.3878,0.000,NORMAL,1,ROUTE,,,,,PREVIEW_DEFAULT
79.0973,-67.7200,5.2879,0.000,NORMAL,1,ROUTE,,,,,PREVIEW_DEFAULT
79.1974,-67.7230,5.1879,0.000,NORMAL,1,ROUTE,,,,,PREVIEW_DEFAULT
79.2974,-67.7248,5.0879,0.000,NORMAL,1,ROUTE,,,,,PREVIEW_DEFAULT
79.3974,-67.7254,4.9879,0.000,NORMAL,1,ROUTE,,,,,PREVIEW_DEFAULT
79.4974,-67.7250,4.8879,0.000,NORMAL,1,ROUTE,,,,,PREVIEW_DEFAULT
79.5973,-67.7237,4.7880,0.000,NORMAL,1,ROUTE,,,,,PREVIEW_DEFAULT
79.6973,-67.7215,4.6880,0.000,NORMAL,1,ROUTE,,,,,PREVIEW_DEFAULT
79.7974,-67.7186,4.5880,0.000,NORMAL,1,ROUTE,,,,,PREVIEW_DEFAULT
79.8973,-67.7150,4.4881,0.000,NORMAL,1,ROUTE,,,,,PREVIEW_DEFAULT
79.9973,-67.7108,4.3882,0.000,NORMAL,1,ROUTE,,,,,PREVIEW_DEFAULT
80.0973,-67.7061,4.2883,0.000,NORMAL,1,ROUTE,,,,,PREVIEW_DEFAULT
80.1974,-67.7009,4.1884,0.000,NORMAL,1,ROUTE,,,,,PREVIEW_DEFAULT
80.2973,-67.6952,4.0886,0.000,NORMAL,1,ROUTE,,,,,PREVIEW_DEFAULT
80.3973,-67.6890,3.9888,0.000,NORMAL,1,ROUTE,,,,,PREVIEW_DEFAULT
80.4974,-67.6824,3.8890,0.000,NORMAL,1,ROUTE,,,,,PREVIEW_DEFAULT
80.5973,-67.6753,3.7893,0.000,NORMAL,1,ROUTE,,,,,PREVIEW_DEFAULT
80.6973,-67.6676,3.6896,0.000,NORMAL,1,ROUTE,,,,,PREVIEW_DEFAULT
80.7974,-67.6592,3.5899,0.000,NORMAL,1,ROUTE,,,,,PREVIEW_DEFAULT
80.8974,-67.6502,3.4903,0.000,NORMAL,1,ROUTE,,,,,PREVIEW_DEFAULT
80.9973,-67.6404,3.3908,0.000,NORMAL,1,ROUTE,,,,,PREVIEW_DEFAULT
81.0973,-67.6297,3.2914,0.000,NORMAL,1,ROUTE,,,,,PREVIEW_DEFAULT
81.1973,-67.6180,3.1921,0.000,NORMAL,1,ROUTE,,,,,PREVIEW_DEFAULT
81.2973,-67.6052,3.0929,0.000,NORMAL,1,ROUTE,,,,,PREVIEW_DEFAULT
81.3973,-67.5911,2.9939,0.000,NORMAL,1,ROUTE,,,,,PREVIEW_DEFAULT
81.4972,-67.5756,2.8952,0.000,NORMAL,1,ROUTE,,,,,PREVIEW_DEFAULT
81.5973,-67.5585,2.7966,0.000,NORMAL,1,ROUTE,,,,,PREVIEW_DEFAULT
81.6973,-67.5398,2.6984,0.000,NORMAL,1,ROUTE,,,,,PREVIEW_DEFAULT
81.7973,-67.5195,2.6005,0.000,NORMAL,1,ROUTE,,,,,PREVIEW_DEFAULT
81.8972,-67.4974,2.5030,0.000,NORMAL,1,ROUTE,,,,,PREVIEW_DEFAULT
81.9973,-67.4736,2.4058,0.000,NORMAL,1,ROUTE,,,,,PREVIEW_DEFAULT
82.0973,-67.4479,2.3092,0.000,NORMAL,1,ROUTE,,,,,PREVIEW_DEFAULT
82.1973,-67.4205,2.2130,0.000,NORMAL,1,ROUTE,,,,,PREVIEW_DEFAULT
82.2973,-67.3912,2.1174,0.000,NORMAL,1,ROUTE,,,,,PREVIEW_DEFAULT
82.3973,-67.3600,2.0224,0.000,NORMAL,1,ROUTE,,,,,PREVIEW_DEFAULT
82.4973,-67.3269,1.9280,0.000,NORMAL,1,ROUTE,,,,,PREVIEW_DEFAULT
82.5973,-67.2920,1.8343,0.000,NORMAL,1,ROUTE,,,,,PREVIEW_DEFAULT
82.6973,-67.2553,1.7413,0.000,NORMAL,1,ROUTE,,,,,PREVIEW_DEFAULT
82.7973,-67.2168,1.6490,0.000,NORMAL,1,ROUTE,,,,,PREVIEW_DEFAULT
82.8972,-67.1766,1.5575,0.000,NORMAL,1,ROUTE,,,,,PREVIEW_DEFAULT
82.9973,-67.1346,1.4667,0.000,NORMAL,1,ROUTE,,,,,PREVIEW_DEFAULT
83.0972,-67.0911,1.3767,0.000,NORMAL,1,ROUTE,,,,,PREVIEW_DEFAULT
83.1972,-67.0459,1.2875,0.000,NORMAL,1,ROUTE,,,,,PREVIEW_DEFAULT
83.2972,-66.9992,1.1991,0.000,NORMAL,1,ROUTE,,,,,PREVIEW_DEFAULT
83.3972,-66.9510,1.1115,0.000,NORMAL,1,ROUTE,,,,,PREVIEW_DEFAULT
83.4972,-66.9013,1.0247,0.000,NORMAL,1,ROUTE,,,,,PREVIEW_DEFAULT
83.5972,-66.8503,0.9387,0.000,NORMAL,1,ROUTE,,,,,PREVIEW_DEFAULT
83.6972,-66.7979,0.8535,0.000,NORMAL,1,ROUTE,,,,,PREVIEW_DEFAULT
83.7971,-66.7444,0.7691,0.000,NORMAL,1,ROUTE,,,,,PREVIEW_DEFAULT
83.8972,-66.6897,0.6853,0.000,NORMAL,1,ROUTE,,,,,PREVIEW_DEFAULT
83.9972,-66.6339,0.6023,0.000,NORMAL,1,ROUTE,,,,,PREVIEW_DEFAULT
84.0972,-66.5772,0.5200,0.000,NORMAL,1,ROUTE,,,,,PREVIEW_DEFAULT
84.1971,-66.5196,0.4383,0.000,NORMAL,1,ROUTE,,,,,PREVIEW_DEFAULT
84.2972,-66.4611,0.3571,0.000,NORMAL,1,ROUTE,,,,,PREVIEW_DEFAULT
84.3972,-66.4019,0.2765,0.000,NORMAL,1,ROUTE,,,,,PREVIEW_DEFAULT
84.4972,-66.3421,0.1964,0.000,NORMAL,1,ROUTE,,,,,PREVIEW_DEFAULT
84.5971,-66.2819,0.1166,0.000,NORMAL,1,ROUTE,,,,,PREVIEW_DEFAULT
84.6972,-66.2212,0.0371,0.000,NORMAL,1,ROUTE,,,,,PREVIEW_DEFAULT
84.7971,-66.1603,-0.0422,0.000,NORMAL,1,ROUTE,,,,,PREVIEW_DEFAULT
84.8971,-66.0993,-0.1214,0.000,NORMAL,1,ROUTE,,,,,PREVIEW_DEFAULT
84.9971,-66.0381,-0.2005,0.000,NORMAL,1,ROUTE,,,,,PREVIEW_DEFAULT
85.0971,-65.9768,-0.2795,0.000,NORMAL,1,ROUTE,,,,,PREVIEW_DEFAULT
85.1971,-65.9155,-0.3585,0.000,NORMAL,1,ROUTE,,,,,PREVIEW_DEFAULT
85.2971,-65.8541,-0.4374,0.000,NORMAL,1,ROUTE,,,,,PREVIEW_DEFAULT
85.3972,-65.7925,-0.5163,0.000,NORMAL,1,ROUTE,,,,,PREVIEW_DEFAULT
85.4972,-65.7307,-0.5949,0.000,NORMAL,1,ROUTE,,,,,PREVIEW_DEFAULT
85.5972,-65.6686,-0.6733,0.000,NORMAL,1,ROUTE,,,,,PREVIEW_DEFAULT
85.6971,-65.6061,-0.7513,0.000,NORMAL,1,ROUTE,,,,,PREVIEW_DEFAULT
85.7971,-65.5431,-0.8289,0.000,NORMAL,1,ROUTE,,,,,PREVIEW_DEFAULT
85.8971,-65.4794,-0.9060,0.000,NORMAL,1,ROUTE,,,,,PREVIEW_DEFAULT
85.9972,-65.4149,-0.9825,0.000,NORMAL,1,ROUTE,,,,,PREVIEW_DEFAULT
86.0971,-65.3497,-1.0583,0.000,NORMAL,1,ROUTE,,,,,PREVIEW_DEFAULT
86.1971,-65.2837,-1.1334,0.000,NORMAL,1,ROUTE,,,,,PREVIEW_DEFAULT
86.2971,-65.2169,-1.2078,0.000,NORMAL,1,ROUTE,,,,,PREVIEW_DEFAULT
86.3971,-65.1494,-1.2816,0.000,NORMAL,1,ROUTE,,,,,PREVIEW_DEFAULT
86.4971,-65.0811,-1.3546,0.000,NORMAL,1,ROUTE,,,,,PREVIEW_DEFAULT
86.5970,-65.0123,-1.4271,0.000,NORMAL,1,ROUTE,,,,,PREVIEW_DEFAULT
86.6970,-64.9428,-1.4990,0.000,NORMAL,1,ROUTE,,,,,PREVIEW_DEFAULT
86.7971,-64.8728,-1.5705,0.000,NORMAL,1,ROUTE,,,,,PREVIEW_DEFAULT
86.8971,-64.8024,-1.6415,0.000,NORMAL,1,ROUTE,,,,,PREVIEW_DEFAULT
86.9971,-64.7316,-1.7121,0.000,NORMAL,1,ROUTE,,,,,PREVIEW_DEFAULT
87.0971,-64.6604,-1.7823,0.000,NORMAL,1,ROUTE,,,,,PREVIEW_DEFAULT
87.1971,-64.5890,-1.8523,0.000,NORMAL,1,ROUTE,,,,,PREVIEW_DEFAULT
87.2970,-64.5174,-1.9221,0.000,NORMAL,1,ROUTE,,,,,PREVIEW_DEFAULT
87.3971,-64.4455,-1.9917,0.000,NORMAL,1,ROUTE,,,,,PREVIEW_DEFAULT
87.4970,-64.3736,-2.0611,0.000,NORMAL,1,ROUTE,,,,,PREVIEW_DEFAULT
87.5971,-64.3015,-2.1304,0.000,NORMAL,1,ROUTE,,,,,PREVIEW_DEFAULT
87.6971,-64.2293,-2.1996,0.000,NORMAL,1,ROUTE,,,,,PREVIEW_DEFAULT
87.7971,-64.1570,-2.2687,0.000,NORMAL,1,ROUTE,,,,,PREVIEW_DEFAULT
87.8971,-64.0847,-2.3378,0.000,NORMAL,1,ROUTE,,,,,PREVIEW_DEFAULT
87.9970,-64.0123,-2.4067,0.000,NORMAL,1,ROUTE,,,,,PREVIEW_DEFAULT
88.0970,-63.9398,-2.4756,0.000,NORMAL,1,ROUTE,,,,,PREVIEW_DEFAULT
88.1970,-63.8673,-2.5444,0.000,NORMAL,1,ROUTE,,,,,PREVIEW_DEFAULT
88.2970,-63.7946,-2.6131,0.000,NORMAL,1,ROUTE,,,,,PREVIEW_DEFAULT
88.3970,-63.7218,-2.6817,0.000,NORMAL,1,ROUTE,,,,,PREVIEW_DEFAULT
88.4971,-63.6489,-2.7502,0.000,NORMAL,1,ROUTE,,,,,PREVIEW_DEFAULT
88.5970,-63.5759,-2.8185,0.000,NORMAL,1,ROUTE,,,,,PREVIEW_DEFAULT
88.5999,-63.5738,-2.8204,0.000,NORMAL,1,BEND,BEND_START,ENTER_ZONE,,,PREVIEW_DEFAULT
88.6970,-63.5026,-2.8865,0.000,NORMAL,1,BEND,,,,,PREVIEW_DEFAULT
88.7970,-63.4292,-2.9544,0.000,NORMAL,1,BEND,,,,,PREVIEW_DEFAULT
88.8970,-63.3556,-3.0221,0.000,NORMAL,1,BEND,,,,,PREVIEW_DEFAULT
88.9970,-63.2817,-3.0894,0.000,NORMAL,1,BEND,,,,,PREVIEW_DEFAULT
89.0970,-63.2075,-3.1565,0.000,NORMAL,1,BEND,,,,,PREVIEW_DEFAULT
89.1970,-63.1330,-3.2232,0.000,NORMAL,1,BEND,,,,,PREVIEW_DEFAULT
89.2970,-63.0582,-3.2896,0.000,NORMAL,1,BEND,,,,,PREVIEW_DEFAULT
89.3970,-62.9830,-3.3555,0.000,NORMAL,1,BEND,,,,,PREVIEW_DEFAULT
89.4970,-62.9074,-3.4209,0.000,NORMAL,1,BEND,,,,,PREVIEW_DEFAULT
89.5970,-62.8313,-3.4858,0.000,NORMAL,1,BEND,,,,,PREVIEW_DEFAULT
89.6970,-62.7547,-3.5501,0.000,NORMAL,1,BEND,,,,,PREVIEW_DEFAULT
89.7970,-62.6776,-3.6138,0.000,NORMAL,1,BEND,,,,,PREVIEW_DEFAULT
89.8970,-62.5999,-3.6767,0.000,NORMAL,1,BEND,,,,,PREVIEW_DEFAULT
89.9970,-62.5216,-3.7389,0.000,NORMAL,1,BEND,,,,,PREVIEW_DEFAULT
90.0970,-62.4426,-3.8002,0.000,NORMAL,1,BEND,,,,,PREVIEW_DEFAULT
90.1970,-62.3629,-3.8606,0.000,NORMAL,1,BEND,,,,,PREVIEW_DEFAULT
90.2970,-62.2824,-3.9200,0.000,NORMAL,1,BEND,,,,,PREVIEW_DEFAULT
90.3969,-62.2012,-3.9782,0.000,NORMAL,1,BEND,,,,,PREVIEW_DEFAULT
90.4969,-62.1191,-4.0353,0.000,NORMAL,1,BEND,,,,,PREVIEW_DEFAULT
90.5970,-62.0361,-4.0912,0.000,NORMAL,1,BEND,,,,,PREVIEW_DEFAULT
90.6970,-61.9523,-4.1457,0.000,NORMAL,1,BEND,,,,,PREVIEW_DEFAULT
90.7970,-61.8676,-4.1989,0.000,NORMAL,1,BEND,,,,,PREVIEW_DEFAULT
90.8969,-61.7821,-4.2506,0.000,NORMAL,1,BEND,,,,,PREVIEW_DEFAULT
90.9970,-61.6956,-4.3009,0.000,NORMAL,1,BEND,,,,,PREVIEW_DEFAULT
91.0970,-61.6084,-4.3499,0.000,NORMAL,1,BEND,,,,,PREVIEW_DEFAULT
91.1969,-61.5205,-4.3974,0.000,NORMAL,1,BEND,,,,,PREVIEW_DEFAULT
91.2969,-61.4319,-4.4438,0.000,NORMAL,1,BEND,,,,,PREVIEW_DEFAULT
91.3969,-61.3427,-4.4890,0.000,NORMAL,1,BEND,,,,,PREVIEW_DEFAULT
91.4969,-61.2531,-4.5333,0.000,NORMAL,1,BEND,,,,,PREVIEW_DEFAULT
91.5969,-61.1631,-4.5769,0.000,NORMAL,1,BEND,,,,,PREVIEW_DEFAULT
91.6969,-61.0728,-4.6200,0.000,NORMAL,1,BEND,,,,,PREVIEW_DEFAULT
91.7969,-60.9824,-4.6627,0.000,NORMAL,1,BEND,,,,,PREVIEW_DEFAULT
91.8968,-60.8919,-4.7051,0.000,NORMAL,1,BEND,,,,,PREVIEW_DEFAULT
91.9969,-60.8013,-4.7475,0.000,NORMAL,1,BEND,,,,,PREVIEW_DEFAULT
92.0969,-60.7107,-4.7898,0.000,NORMAL,1,BEND,,,,,PREVIEW_DEFAULT
92.1969,-60.6201,-4.8322,0.000,NORMAL,1,BEND,,,,,PREVIEW_DEFAULT
92.2969,-60.5296,-4.8747,0.000,NORMAL,1,BEND,,,,,PREVIEW_DEFAULT
92.3969,-60.4391,-4.9172,0.000,NORMAL,1,BEND,,,,,PREVIEW_DEFAULT
92.4969,-60.3486,-4.9599,0.000,NORMAL,1,BEND,,,,,PREVIEW_DEFAULT
92.5969,-60.2582,-5.0026,0.000,NORMAL,1,BEND,,,,,PREVIEW_DEFAULT
92.6969,-60.1678,-5.0453,0.000,NORMAL,1,BEND,,,,,PREVIEW_DEFAULT
92.7969,-60.0774,-5.0880,0.000,NORMAL,1,BEND,,,,,PREVIEW_DEFAULT
92.8969,-59.9869,-5.1306,0.000,NORMAL,1,BEND,,,,,PREVIEW_DEFAULT
92.9969,-59.8963,-5.1729,0.000,NORMAL,1,BEND,,,,,PREVIEW_DEFAULT
93.0969,-59.8056,-5.2150,0.000,NORMAL,1,BEND,,,,,PREVIEW_DEFAULT
93.1969,-59.7147,-5.2567,0.000,NORMAL,1,BEND,,,,,PREVIEW_DEFAULT
93.2969,-59.6236,-5.2979,0.000,NORMAL,1,BEND,,,,,PREVIEW_DEFAULT
93.3969,-59.5322,-5.3385,0.000,NORMAL,1,BEND,,,,,PREVIEW_DEFAULT
93.4969,-59.4405,-5.3784,0.000,NORMAL,1,BEND,,,,,PREVIEW_DEFAULT
93.5968,-59.3485,-5.4175,0.000,NORMAL,1,BEND,,,,,PREVIEW_DEFAULT
93.6968,-59.2561,-5.4557,0.000,NORMAL,1,BEND,,,,,PREVIEW_DEFAULT
93.7969,-59.1633,-5.4931,0.000,NORMAL,1,BEND,,,,,PREVIEW_DEFAULT
93.8969,-59.0702,-5.5296,0.000,NORMAL,1,BEND,,,,,PREVIEW_DEFAULT
93.9968,-58.9768,-5.5651,0.000,NORMAL,1,BEND,,,,,PREVIEW_DEFAULT
94.0968,-58.8830,-5.5998,0.000,NORMAL,1,BEND,,,,,PREVIEW_DEFAULT
94.1969,-58.7888,-5.6336,0.000,NORMAL,1,BEND,,,,,PREVIEW_DEFAULT
94.2969,-58.6944,-5.6665,0.000,NORMAL,1,BEND,,,,,PREVIEW_DEFAULT
94.3969,-58.5997,-5.6986,0.000,NORMAL,1,BEND,,,,,PREVIEW_DEFAULT
94.4968,-58.5048,-5.7301,0.000,NORMAL,1,BEND,,,,,PREVIEW_DEFAULT
94.5968,-58.4097,-5.7610,0.000,NORMAL,1,BEND,,,,,PREVIEW_DEFAULT
94.6968,-58.3145,-5.7914,0.000,NORMAL,1,BEND,,,,,PREVIEW_DEFAULT
94.7968,-58.2191,-5.8215,0.000,NORMAL,1,BEND,,,,,PREVIEW_DEFAULT
94.8968,-58.1237,-5.8514,0.000,NORMAL,1,BEND,,,,,PREVIEW_DEFAULT
94.9968,-58.0282,-5.8811,0.000,NORMAL,1,BEND,,,,,PREVIEW_DEFAULT
95.0968,-57.9327,-5.9107,0.000,NORMAL,1,BEND,,,,,PREVIEW_DEFAULT
95.1968,-57.8372,-5.9403,0.000,NORMAL,1,BEND,,,,,PREVIEW_DEFAULT
95.2968,-57.7416,-5.9698,0.000,NORMAL,1,BEND,,,,,PREVIEW_DEFAULT
95.3968,-57.6460,-5.9990,0.000,NORMAL,1,BEND,,,,,PREVIEW_DEFAULT
95.4968,-57.5502,-6.0279,0.000,NORMAL,1,BEND,,,,,PREVIEW_DEFAULT
95.5968,-57.4543,-6.0562,0.000,NORMAL,1,BEND,,,,,PREVIEW_DEFAULT
95.6968,-57.3582,-6.0836,0.000,NORMAL,1,BEND,,,,,PREVIEW_DEFAULT
95.7968,-57.2617,-6.1100,0.000,NORMAL,1,BEND,,,,,PREVIEW_DEFAULT
95.8968,-57.1649,-6.1351,0.000,NORMAL,1,BEND,,,,,PREVIEW_DEFAULT
95.9968,-57.0677,-6.1586,0.000,NORMAL,1,BEND,,,,,PREVIEW_DEFAULT
96.0968,-56.9701,-6.1803,0.000,NORMAL,1,BEND,,,,,PREVIEW_DEFAULT
96.1967,-56.8721,-6.1999,0.000,NORMAL,1,BEND,,,,,PREVIEW_DEFAULT
96.2968,-56.7736,-6.2175,0.000,NORMAL,1,BEND,,,,,PREVIEW_DEFAULT
96.3967,-56.6748,-6.2327,0.000,NORMAL,1,BEND,,,,,PREVIEW_DEFAULT
96.4968,-56.5756,-6.2456,0.000,NORMAL,1,BEND,,,,,PREVIEW_DEFAULT
96.5967,-56.4762,-6.2559,0.000,NORMAL,1,BEND,,,,,PREVIEW_DEFAULT
96.6967,-56.3765,-6.2637,0.000,NORMAL,1,BEND,,,,,PREVIEW_DEFAULT
96.7967,-56.2766,-6.2688,0.000,NORMAL,1,BEND,,,,,PREVIEW_DEFAULT
96.8968,-56.1766,-6.2711,0.000,NORMAL,1,BEND,,,,,PREVIEW_DEFAULT
96.9967,-56.0767,-6.2704,0.000,NORMAL,1,BEND,,,,,PREVIEW_DEFAULT
97.0967,-55.9767,-6.2669,0.000,NORMAL,1,BEND,,,,,PREVIEW_DEFAULT
97.1967,-55.8770,-6.2603,0.000,NORMAL,1,BEND,,,,,PREVIEW_DEFAULT
97.2967,-55.7774,-6.2506,0.000,NORMAL,1,BEND,,,,,PREVIEW_DEFAULT
97.3967,-55.6783,-6.2378,0.000,NORMAL,1,BEND,,,,,PREVIEW_DEFAULT
97.4966,-55.5796,-6.2218,0.000,NORMAL,1,BEND,,,,,PREVIEW_DEFAULT
97.5967,-55.4814,-6.2025,0.000,NORMAL,1,BEND,,,,,PREVIEW_DEFAULT
97.6967,-55.3840,-6.1799,0.000,NORMAL,1,BEND,,,,,PREVIEW_DEFAULT
97.7967,-55.2874,-6.1541,0.000,NORMAL,1,BEND,,,,,PREVIEW_DEFAULT
97.8967,-55.1917,-6.1252,0.000,NORMAL,1,BEND,,,,,PREVIEW_DEFAULT
97.9966,-55.0970,-6.0932,0.000,NORMAL,1,BEND,,,,,PREVIEW_DEFAULT
98.0966,-55.0033,-6.0582,0.000,NORMAL,1,BEND,,,,,PREVIEW_DEFAULT
98.1966,-54.9108,-6.0203,0.000,NORMAL,1,BEND,,,,,PREVIEW_DEFAULT
98.2966,-54.8195,-5.9795,0.000,NORMAL,1,BEND,,,,,PREVIEW_DEFAULT
98.3966,-54.7295,-5.9359,0.000,NORMAL,1,BEND,,,,,PREVIEW_DEFAULT
98.4966,-54.6409,-5.8896,0.000,NORMAL,1,BEND,,,,,PREVIEW_DEFAULT
98.5966,-54.5537,-5.8406,0.000,NORMAL,1,BEND,,,,,PREVIEW_DEFAULT
98.6966,-54.4681,-5.7890,0.000,NORMAL,1,BEND,,,,,PREVIEW_DEFAULT
98.7966,-54.3839,-5.7350,0.000,NORMAL,1,BEND,,,,,PREVIEW_DEFAULT
98.8966,-54.3012,-5.6787,0.000,NORMAL,1,BEND,,,,,PREVIEW_DEFAULT
98.9967,-54.2200,-5.6203,0.000,NORMAL,1,BEND,,,,,PREVIEW_DEFAULT
99.0966,-54.1403,-5.5600,0.000,NORMAL,1,BEND,,,,,PREVIEW_DEFAULT
99.1966,-54.0621,-5.4977,0.000,NORMAL,1,BEND,,,,,PREVIEW_DEFAULT
99.2966,-53.9853,-5.4336,0.000,NORMAL,1,BEND,,,,,PREVIEW_DEFAULT
99.3965,-53.9100,-5.3679,0.000,NORMAL,1,BEND,,,,,PREVIEW_DEFAULT
99.4966,-53.8360,-5.3006,0.000,NORMAL,1,BEND,,,,,PREVIEW_DEFAULT
99.5965,-53.7635,-5.2318,0.000,NORMAL,1,BEND,,,,,PREVIEW_DEFAULT
99.6966,-53.6922,-5.1616,0.000,NORMAL,1,BEND,,,,,PREVIEW_DEFAULT
99.7965,-53.6222,-5.0903,0.000,NORMAL,1,BEND,,,,,PREVIEW_DEFAULT
99.8966,-53.5533,-5.0177,0.000,NORMAL,1,BEND,,,,,PREVIEW_DEFAULT
99.9966,-53.4856,-4.9441,0.000,NORMAL,1,BEND,,,,,PREVIEW_DEFAULT
100.0966,-53.4190,-4.8695,0.000,NORMAL,1,BEND,,,,,PREVIEW_DEFAULT
100.1965,-53.3535,-4.7940,0.000,NORMAL,1,BEND,,,,,PREVIEW_DEFAULT
100.2965,-53.2891,-4.7176,0.000,NORMAL,1,BEND,,,,,PREVIEW_DEFAULT
100.3965,-53.2257,-4.6402,0.000,NORMAL,1,BEND,,,,,PREVIEW_DEFAULT
100.4966,-53.1633,-4.5620,0.000,NORMAL,1,BEND,,,,,PREVIEW_DEFAULT
100.5966,-53.1020,-4.4830,0.000,NORMAL,1,BEND,,,,,PREVIEW_DEFAULT
100.6965,-53.0419,-4.4032,0.000,NORMAL,1,BEND,,,,,PREVIEW_DEFAULT
100.7965,-52.9828,-4.3225,0.000,NORMAL,1,BEND,,,,,PREVIEW_DEFAULT
100.8965,-52.9249,-4.2409,0.000,NORMAL,1,BEND,,,,,PREVIEW_DEFAULT
100.9965,-52.8682,-4.1586,0.000,NORMAL,1,BEND,,,,,PREVIEW_DEFAULT
101.0965,-52.8127,-4.0754,0.000,NORMAL,1,BEND,,,,,PREVIEW_DEFAULT
101.1965,-52.7586,-3.9913,0.000,NORMAL,1,BEND,,,,,PREVIEW_DEFAULT
101.2964,-52.7057,-3.9065,0.000,NORMAL,1,BEND,,,,,PREVIEW_DEFAULT
101.3965,-52.6541,-3.8208,0.000,NORMAL,1,BEND,,,,,PREVIEW_DEFAULT
101.4964,-52.6038,-3.7344,0.000,NORMAL,1,BEND,,,,,PREVIEW_DEFAULT
101.5964,-52.5547,-3.6473,0.000,NORMAL,1,BEND,,,,,PREVIEW_DEFAULT
101.6965,-52.5067,-3.5595,0.000,NORMAL,1,BEND,,,,,PREVIEW_DEFAULT
101.7964,-52.4597,-3.4713,0.000,NORMAL,1,BEND,,,,,PREVIEW_DEFAULT
101.8964,-52.4137,-3.3825,0.000,NORMAL,1,BEND,,,,,PREVIEW_DEFAULT
101.9965,-52.3686,-3.2932,0.000,NORMAL,1,BEND,,,,,PREVIEW_DEFAULT
102.0964,-52.3243,-3.2036,0.000,NORMAL,1,BEND,,,,,PREVIEW_DEFAULT
102.1964,-52.2807,-3.1136,0.000,NORMAL,1,BEND,,,,,PREVIEW_DEFAULT
102.2965,-52.2376,-3.0233,0.000,NORMAL,1,BEND,,,,,PREVIEW_DEFAULT
102.3964,-52.1951,-2.9329,0.000,NORMAL,1,BEND,,,,,PREVIEW_DEFAULT
102.4964,-52.1529,-2.8422,0.000,NORMAL,1,BEND,,,,,PREVIEW_DEFAULT
102.5964,-52.1110,-2.7514,0.000,NORMAL,1,BEND,,,,,PREVIEW_DEFAULT
102.6964,-52.0693,-2.6605,0.000,NORMAL,1,BEND,,,,,PREVIEW_DEFAULT
102.7965,-52.0278,-2.5695,0.000,NORMAL,1,BEND,,,,,PREVIEW_DEFAULT
102.8964,-51.9862,-2.4786,0.000,NORMAL,1,BEND,,,,,PREVIEW_DEFAULT
102.9964,-51.9446,-2.3877,0.000,NORMAL,1,BEND,,,,,PREVIEW_DEFAULT
103.0964,-51.9028,-2.2968,0.000,NORMAL,1,BEND,,,,,PREVIEW_DEFAULT
103.1964,-51.8609,-2.2060,0.000,NORMAL,1,BEND,,,,,PREVIEW_DEFAULT
103.2964,-51.8187,-2.1154,0.000,NORMAL,1,BEND,,,,,PREVIEW_DEFAULT
103.3964,-51.7761,-2.0249,0.000,NORMAL,1,BEND,,,,,PREVIEW_DEFAULT
103.4964,-51.7333,-1.9345,0.000,NORMAL,1,BEND,,,,,PREVIEW_DEFAULT
103.5964,-51.6900,-1.8444,0.000,NORMAL,1,BEND,,,,,PREVIEW_DEFAULT
103.6964,-51.6464,-1.7544,0.000,NORMAL,1,BEND,,,,,PREVIEW_DEFAULT
103.7964,-51.6023,-1.6646,0.000,NORMAL,1,BEND,,,,,PREVIEW_DEFAULT
103.8964,-51.5579,-1.5750,0.000,NORMAL,1,BEND,,,,,PREVIEW_DEFAULT
103.9964,-51.5132,-1.4856,0.000,NORMAL,1,BEND,,,,,PREVIEW_DEFAULT
104.0964,-51.4682,-1.3963,0.000,NORMAL,1,BEND,,,,,PREVIEW_DEFAULT
104.1964,-51.4230,-1.3071,0.000,NORMAL,1,BEND,,,,,PREVIEW_DEFAULT
104.2964,-51.3778,-1.2179,0.000,NORMAL,1,BEND,,,,,PREVIEW_DEFAULT
104.3964,-51.3325,-1.1287,0.000,NORMAL,1,BEND,,,,,PREVIEW_DEFAULT
104.4964,-51.2874,-1.0395,0.000,NORMAL,1,BEND,,,,,PREVIEW_DEFAULT
104.5964,-51.2424,-0.9502,0.000,NORMAL,1,BEND,,,,,PREVIEW_DEFAULT
104.6963,-51.1977,-0.8608,0.000,NORMAL,1,BEND,,,,,PREVIEW_DEFAULT
104.7964,-51.1532,-0.7712,0.000,NORMAL,1,BEND,,,,,PREVIEW_DEFAULT
104.8964,-51.1091,-0.6814,0.000,NORMAL,1,BEND,,,,,PREVIEW_DEFAULT
104.9964,-51.0654,-0.5915,0.000,NORMAL,1,BEND,,,,,PREVIEW_DEFAULT
105.0964,-51.0220,-0.5014,0.000,NORMAL,1,BEND,,,,,PREVIEW_DEFAULT
105.1963,-50.9790,-0.4112,0.000,NORMAL,1,BEND,,,,,PREVIEW_DEFAULT
105.2964,-50.9363,-0.3207,0.000,NORMAL,1,BEND,,,,,PREVIEW_DEFAULT
105.3964,-50.8938,-0.2302,0.000,NORMAL,1,BEND,,,,,PREVIEW_DEFAULT
105.4964,-50.8517,-0.1395,0.000,NORMAL,1,BEND,,,,,PREVIEW_DEFAULT
105.5964,-50.8096,-0.0488,0.000,NORMAL,1,BEND,,,,,PREVIEW_DEFAULT
105.6964,-50.7677,0.0420,0.000,NORMAL,1,BEND,,,,,PREVIEW_DEFAULT
105.7963,-50.7259,0.1328,0.000,NORMAL,1,BEND,,,,,PREVIEW_DEFAULT
105.8964,-50.6839,0.2236,0.000,NORMAL,1,BEND,,,,,PREVIEW_DEFAULT
105.9963,-50.6417,0.3142,0.000,NORMAL,1,BEND,,,,,PREVIEW_DEFAULT
106.0963,-50.5993,0.4048,0.000,NORMAL,1,BEND,,,,,PREVIEW_DEFAULT
106.1964,-50.5565,0.4952,0.000,NORMAL,1,BEND,,,,,PREVIEW_DEFAULT
106.2963,-50.5132,0.5853,0.000,NORMAL,1,BEND,,,,,PREVIEW_DEFAULT
106.3963,-50.4695,0.6752,0.000,NORMAL,1,BEND,,,,,PREVIEW_DEFAULT
106.4963,-50.4252,0.7649,0.000,NORMAL,1,BEND,,,,,PREVIEW_DEFAULT
106.5964,-50.3803,0.8543,0.000,NORMAL,1,BEND,,,,,PREVIEW_DEFAULT
106.6963,-50.3350,0.9434,0.000,NORMAL,1,BEND,,,,,PREVIEW_DEFAULT
106.7963,-50.2891,1.0322,0.000,NORMAL,1,BEND,,,,,PREVIEW_DEFAULT
106.8963,-50.2428,1.1209,0.000,NORMAL,1,BEND,,,,,PREVIEW_DEFAULT
106.9963,-50.1961,1.2093,0.000,NORMAL,1,BEND,,,,,PREVIEW_DEFAULT
107.0963,-50.1491,1.2976,0.000,NORMAL,1,BEND,,,,,PREVIEW_DEFAULT
107.1963,-50.1019,1.3857,0.000,NORMAL,1,BEND,,,,,PREVIEW_DEFAULT
107.2963,-50.0544,1.4737,0.000,NORMAL,1,BEND,,,,,PREVIEW_DEFAULT
107.3963,-50.0067,1.5616,0.000,NORMAL,1,BEND,,,,,PREVIEW_DEFAULT
107.4963,-49.9589,1.6494,0.000,NORMAL,1,BEND,,,,,PREVIEW_DEFAULT
107.5963,-49.9109,1.7372,0.000,NORMAL,1,BEND,,,,,PREVIEW_DEFAULT
107.6963,-49.8629,1.8249,0.000,NORMAL,1,BEND,,,,,PREVIEW_DEFAULT
107.7962,-49.8148,1.9125,0.000,NORMAL,1,BEND,,,,,PREVIEW_DEFAULT
107.8963,-49.7666,2.0002,0.000,NORMAL,1,BEND,,,,,PREVIEW_DEFAULT
107.9963,-49.7185,2.0878,0.000,NORMAL,1,BEND,,,,,PREVIEW_DEFAULT
108.0963,-49.6703,2.1755,0.000,NORMAL,1,BEND,,,,,PREVIEW_DEFAULT
108.1963,-49.6222,2.2631,0.000,NORMAL,1,BEND,,,,,PREVIEW_DEFAULT
108.2962,-49.5742,2.3508,0.000,NORMAL,1,BEND,,,,,PREVIEW_DEFAULT
108.3962,-49.5264,2.4386,0.000,NORMAL,1,BEND,,,,,PREVIEW_DEFAULT
108.4963,-49.4786,2.5265,0.000,NORMAL,1,BEND,,,,,PREVIEW_DEFAULT
108.5962,-49.4310,2.6144,0.000,NORMAL,1,BEND,,,,,PREVIEW_DEFAULT
108.6963,-49.3836,2.7025,0.000,NORMAL,1,BEND,,,,,PREVIEW_DEFAULT
108.7963,-49.3363,2.7906,0.000,NORMAL,1,BEND,,,,,PREVIEW_DEFAULT
108.8963,-49.2890,2.8787,0.000,NORMAL,1,BEND,,,,,PREVIEW_DEFAULT
108.9962,-49.2418,2.9668,0.000,NORMAL,1,BEND,,,,,PREVIEW_DEFAULT
109.0963,-49.1943,3.0549,0.000,NORMAL,1,BEND,,,,,PREVIEW_DEFAULT
109.1962,-49.1466,3.1427,0.000,NORMAL,1,BEND,,,,,PREVIEW_DEFAULT
109.2962,-49.0983,3.2303,0.000,NORMAL,1,BEND,,,,,PREVIEW_DEFAULT
109.3962,-49.0492,3.3174,0.000,NORMAL,1,BEND,,,,,PREVIEW_DEFAULT
109.4962,-48.9990,3.4039,0.000,NORMAL,1,BEND,,,,,PREVIEW_DEFAULT
109.5962,-48.9473,3.4895,0.000,NORMAL,1,BEND,,,,,PREVIEW_DEFAULT
109.6963,-48.8938,3.5740,0.000,NORMAL,1,BEND,,,,,PREVIEW_DEFAULT
109.7962,-48.8382,3.6571,0.000,NORMAL,1,BEND,,,,,PREVIEW_DEFAULT
109.8962,-48.7802,3.7385,0.000,NORMAL,1,BEND,,,,,PREVIEW_DEFAULT
109.9962,-48.7195,3.8180,0.000,NORMAL,1,BEND,,,,,PREVIEW_DEFAULT
110.0962,-48.6562,3.8954,0.000,NORMAL,1,BEND,,,,,PREVIEW_DEFAULT
110.1962,-48.5901,3.9704,0.000,NORMAL,1,BEND,,,,,PREVIEW_DEFAULT
110.2962,-48.5213,4.0430,0.000,NORMAL,1,BEND,,,,,PREVIEW_DEFAULT
110.3961,-48.4499,4.1129,0.000,NORMAL,1,BEND,,,,,PREVIEW_DEFAULT
110.4961,-48.3759,4.1802,0.000,NORMAL,1,BEND,,,,,PREVIEW_DEFAULT
110.5962,-48.2993,4.2445,0.000,NORMAL,1,BEND,,,,,PREVIEW_DEFAULT
110.6961,-48.2204,4.3059,0.000,NORMAL,1,BEND,,,,,PREVIEW_DEFAULT
110.7961,-48.1392,4.3642,0.000,NORMAL,1,BEND,,,,,PREVIEW_DEFAULT
110.8961,-48.0557,4.4193,0.000,NORMAL,1,BEND,,,,,PREVIEW_DEFAULT
110.9961,-47.9703,4.4712,0.000,NORMAL,1,BEND,,,,,PREVIEW_DEFAULT
111.0961,-47.8829,4.5199,0.000,NORMAL,1,BEND,,,,,PREVIEW_DEFAULT
111.1961,-47.7938,4.5652,0.000,NORMAL,1,BEND,,,,,PREVIEW_DEFAULT
111.2961,-47.7031,4.6073,0.000,NORMAL,1,BEND,,,,,PREVIEW_DEFAULT
111.3961,-47.6109,4.6460,0.000,NORMAL,1,BEND,,,,,PREVIEW_DEFAULT
111.4961,-47.5173,4.6813,0.000,NORMAL,1,BEND,,,,,PREVIEW_DEFAULT
111.5961,-47.4225,4.7131,0.000,NORMAL,1,BEND,,,,,PREVIEW_DEFAULT
111.6960,-47.3266,4.7413,0.000,NORMAL,1,BEND,,,,,PREVIEW_DEFAULT
111.7961,-47.2296,4.7658,0.000,NORMAL,1,BEND,,,,,PREVIEW_DEFAULT
111.8960,-47.1318,4.7864,0.000,NORMAL,1,BEND,,,,,PREVIEW_DEFAULT
111.9960,-47.0333,4.8033,0.000,NORMAL,1,BEND,,,,,PREVIEW_DEFAULT
112.0960,-46.9341,4.8163,0.000,NORMAL,1,BEND,,,,,PREVIEW_DEFAULT
112.1960,-46.8346,4.8257,0.000,NORMAL,1,BEND,,,,,PREVIEW_DEFAULT
112.2960,-46.7347,4.8315,0.000,NORMAL,1,BEND,,,,,PREVIEW_DEFAULT
112.3960,-46.6348,4.8338,0.000,NORMAL,1,BEND,,,,,PREVIEW_DEFAULT
112.4960,-46.5348,4.8327,0.000,NORMAL,1,BEND,,,,,PREVIEW_DEFAULT
112.5960,-46.4349,4.8285,0.000,NORMAL,1,BEND,,,,,PREVIEW_DEFAULT
112.6959,-46.3352,4.8211,0.000,NORMAL,1,BEND,,,,,PREVIEW_DEFAULT
112.7960,-46.2357,4.8109,0.000,NORMAL,1,BEND,,,,,PREVIEW_DEFAULT
112.8960,-46.1365,4.7981,0.000,NORMAL,1,BEND,,,,,PREVIEW_DEFAULT
112.9959,-46.0377,4.7830,0.000,NORMAL,1,BEND,,,,,PREVIEW_DEFAULT
113.0960,-45.9391,4.7659,0.000,NORMAL,1,BEND,,,,,PREVIEW_DEFAULT
113.1960,-45.8409,4.7471,0.000,NORMAL,1,BEND,,,,,PREVIEW_DEFAULT
113.2960,-45.7430,4.7268,0.000,NORMAL,1,BEND,,,,,PREVIEW_DEFAULT
113.3959,-45.6454,4.7052,0.000,NORMAL,1,BEND,,,,,PREVIEW_DEFAULT
113.4959,-45.5480,4.6825,0.000,NORMAL,1,BEND,,,,,PREVIEW_DEFAULT
113.5959,-45.4508,4.6590,0.000,NORMAL,1,BEND,,,,,PREVIEW_DEFAULT
113.6959,-45.3538,4.6347,0.000,NORMAL,1,BEND,,,,,PREVIEW_DEFAULT
113.7960,-45.2569,4.6099,0.000,NORMAL,1,BEND,,,,,PREVIEW_DEFAULT
113.8959,-45.1602,4.5846,0.000,NORMAL,1,BEND,,,,,PREVIEW_DEFAULT
113.9959,-45.0636,4.5588,0.000,NORMAL,1,BEND,,,,,PREVIEW_DEFAULT
114.0959,-44.9670,4.5328,0.000,NORMAL,1,BEND,,,,,PREVIEW_DEFAULT
114.1959,-44.8706,4.5064,0.000,NORMAL,1,BEND,,,,,PREVIEW_DEFAULT
114.2959,-44.7742,4.4799,0.000,NORMAL,1,BEND,,,,,PREVIEW_DEFAULT
114.3959,-44.6778,4.4531,0.000,NORMAL,1,BEND,,,,,PREVIEW_DEFAULT
114.4959,-44.5815,4.4262,0.000,NORMAL,1,BEND,,,,,PREVIEW_DEFAULT
114.5959,-44.4852,4.3992,0.000,NORMAL,1,BEND,,,,,PREVIEW_DEFAULT
114.6959,-44.3890,4.3721,0.000,NORMAL,1,BEND,,,,,PREVIEW_DEFAULT
114.7959,-44.2927,4.3449,0.000,NORMAL,1,BEND,,,,,PREVIEW_DEFAULT
114.8959,-44.1965,4.3176,0.000,NORMAL,1,BEND,,,,,PREVIEW_DEFAULT
114.9959,-44.1003,4.2903,0.000,NORMAL,1,BEND,,,,,PREVIEW_DEFAULT
115.0959,-44.0041,4.2630,0.000,NORMAL,1,BEND,,,,,PREVIEW_DEFAULT
115.1959,-43.9080,4.2356,0.000,NORMAL,1,BEND,,,,,PREVIEW_DEFAULT
115.2959,-43.8118,4.2082,0.000,NORMAL,1,BEND,,,,,PREVIEW_DEFAULT
115.3958,-43.7157,4.1807,0.000,NORMAL,1,BEND,,,,,PREVIEW_DEFAULT
115.4959,-43.6195,4.1532,0.000,NORMAL,1,BEND,,,,,PREVIEW_DEFAULT
115.5958,-43.5235,4.1254,0.000,NORMAL,1,BEND,,,,,PREVIEW_DEFAULT
115.6959,-43.4274,4.0976,0.000,NORMAL,1,BEND,,,,,PREVIEW_DEFAULT
115.7958,-43.3315,4.0695,0.000,NORMAL,1,BEND,,,,,PREVIEW_DEFAULT
115.8958,-43.2356,4.0411,0.000,NORMAL,1,BEND,,,,,PREVIEW_DEFAULT
115.9958,-43.1398,4.0124,0.000,NORMAL,1,BEND,,,,,PREVIEW_DEFAULT
116.0958,-43.0441,3.9835,0.000,NORMAL,1,BEND,,,,,PREVIEW_DEFAULT
116.1958,-42.9485,3.9541,0.000,NORMAL,1,BEND,,,,,PREVIEW_DEFAULT
116.2958,-42.8530,3.9245,0.000,NORMAL,1,BEND,,,,,PREVIEW_DEFAULT
116.3958,-42.7576,3.8945,0.000,NORMAL,1,BEND,,,,,PREVIEW_DEFAULT
116.4958,-42.6623,3.8641,0.000,NORMAL,1,BEND,,,,,PREVIEW_DEFAULT
116.5958,-42.5671,3.8335,0.000,NORMAL,1,BEND,,,,,PREVIEW_DEFAULT
116.6959,-42.4720,3.8025,0.000,NORMAL,1,BEND,,,,,PREVIEW_DEFAULT
116.7958,-42.3771,3.7712,0.000,NORMAL,1,BEND,,,,,PREVIEW_DEFAULT
116.8958,-42.2822,3.7396,0.000,NORMAL,1,BEND,,,,,PREVIEW_DEFAULT
116.9958,-42.1874,3.7077,0.000,NORMAL,1,BEND,,,,,PREVIEW_DEFAULT
117.0958,-42.0928,3.6754,0.000,NORMAL,1,BEND,,,,,PREVIEW_DEFAULT
117.1958,-41.9982,3.6429,0.000,NORMAL,1,BEND,,,,,PREVIEW_DEFAULT
117.2958,-41.9038,3.6099,0.000,NORMAL,1,BEND,,,,,PREVIEW_DEFAULT
117.3958,-41.8096,3.5764,0.000,NORMAL,1,BEND,,,,,PREVIEW_DEFAULT
117.4958,-41.7155,3.5425,0.000,NORMAL,1,BEND,,,,,PREVIEW_DEFAULT
117.5958,-41.6216,3.5081,0.000,NORMAL,1,BEND,,,,,PREVIEW_DEFAULT
117.6958,-41.5280,3.4730,0.000,NORMAL,1,BEND,,,,,PREVIEW_DEFAULT
117.7958,-41.4346,3.4373,0.000,NORMAL,1,BEND,,,,,PREVIEW_DEFAULT
117.8958,-41.3415,3.4008,0.000,NORMAL,1,BEND,,,,,PREVIEW_DEFAULT
117.9958,-41.2487,3.3635,0.000,NORMAL,1,BEND,,,,,PREVIEW_DEFAULT
118.0958,-41.1562,3.3255,0.000,NORMAL,1,BEND,,,,,PREVIEW_DEFAULT
118.1958,-41.0641,3.2865,0.000,NORMAL,1,BEND,,,,,PREVIEW_DEFAULT
118.2958,-40.9724,3.2467,0.000,NORMAL,1,BEND,,,,,PREVIEW_DEFAULT
118.3957,-40.8811,3.2060,0.000,NORMAL,1,BEND,,,,,PREVIEW_DEFAULT
118.4958,-40.7901,3.1644,0.000,NORMAL,1,BEND,,,,,PREVIEW_DEFAULT
118.5957,-40.6996,3.1220,0.000,NORMAL,1,BEND,,,,,PREVIEW_DEFAULT
118.6958,-40.6093,3.0789,0.000,NORMAL,1,BEND,,,,,PREVIEW_DEFAULT
118.7958,-40.5194,3.0352,0.000,NORMAL,1,BEND,,,,,PREVIEW_DEFAULT
118.8958,-40.4296,2.9911,0.000,NORMAL,1,BEND,,,,,PREVIEW_DEFAULT
118.9957,-40.3400,2.9468,0.000,NORMAL,1,BEND,,,,,PREVIEW_DEFAULT
119.0957,-40.2504,2.9024,0.000,NORMAL,1,BEND,,,,,PREVIEW_DEFAULT
119.1958,-40.1606,2.8583,0.000,NORMAL,1,BEND,,,,,PREVIEW_DEFAULT
119.2957,-40.0707,2.8147,0.000,NORMAL,1,BEND,,,,,PREVIEW_DEFAULT
119.3957,-39.9803,2.7719,0.000,NORMAL,1,BEND,,,,,PREVIEW_DEFAULT
119.4197,-39.9586,2.7618,0.000,NORMAL,1,BEND,BEND_END,EXIT_ZONE,,,PREVIEW_DEFAULT
119.4957,-39.8894,2.7303,0.000,NORMAL,1,BEND,,,,,PREVIEW_DEFAULT
119.5957,-39.7980,2.6897,0.000,NORMAL,1,BEND,,,,,PREVIEW_DEFAULT
119.6958,-39.7062,2.6499,0.000,NORMAL,1,BEND,,,,,PREVIEW_DEFAULT
119.7957,-39.6144,2.6104,0.000,NORMAL,1,ROUTE,,,,,PREVIEW_DEFAULT
119.8957,-39.5225,2.5710,0.000,NORMAL,1,ROUTE,,,,,PREVIEW_DEFAULT
119.9958,-39.4305,2.5316,0.000,NORMAL,1,ROUTE,,,,,PREVIEW_DEFAULT
120.0957,-39.3387,2.4920,0.000,NORMAL,1,ROUTE,,,,,PREVIEW_DEFAULT
120.1957,-39.2471,2.4520,0.000,NORMAL,1,ROUTE,,,,,PREVIEW_DEFAULT
120.2957,-39.1557,2.4114,0.000,NORMAL,1,ROUTE,,,,,PREVIEW_DEFAULT
120.3957,-39.0645,2.3704,0.000,NORMAL,1,ROUTE,,,,,PREVIEW_DEFAULT
120.4957,-38.9736,2.3287,0.000,NORMAL,1,ROUTE,,,,,PREVIEW_DEFAULT
120.5957,-38.8829,2.2865,0.000,NORMAL,1,ROUTE,,,,,PREVIEW_DEFAULT
120.6957,-38.7925,2.2439,0.000,NORMAL,1,ROUTE,,,,,PREVIEW_DEFAULT
120.7957,-38.7022,2.2009,0.000,NORMAL,1,ROUTE,,,,,PREVIEW_DEFAULT
120.8957,-38.6121,2.1575,0.000,NORMAL,1,ROUTE,,,,,PREVIEW_DEFAULT
120.9957,-38.5221,2.1140,0.000,NORMAL,1,ROUTE,,,,,PREVIEW_DEFAULT
121.0957,-38.4321,2.0703,0.000,NORMAL,1,ROUTE,,,,,PREVIEW_DEFAULT
121.1957,-38.3422,2.0266,0.000,NORMAL,1,ROUTE,,,,,PREVIEW_DEFAULT
121.2957,-38.2522,1.9829,0.000,NORMAL,1,ROUTE,,,,,PREVIEW_DEFAULT
121.3956,-38.1623,1.9393,0.000,NORMAL,1,ROUTE,,,,,PREVIEW_DEFAULT
121.4957,-38.0722,1.8957,0.000,NORMAL,1,ROUTE,,,,,PREVIEW_DEFAULT
121.5957,-37.9822,1.8523,0.000,NORMAL,1,ROUTE,,,,,PREVIEW_DEFAULT
121.6957,-37.8921,1.8088,0.000,NORMAL,1,ROUTE,,,,,PREVIEW_DEFAULT
121.7957,-37.8020,1.7654,0.000,NORMAL,1,ROUTE,,,,,PREVIEW_DEFAULT
121.8956,-37.7120,1.7220,0.000,NORMAL,1,ROUTE,,,,,PREVIEW_DEFAULT
121.9956,-37.6219,1.6786,0.000,NORMAL,1,ROUTE,,,,,PREVIEW_DEFAULT
122.0957,-37.5318,1.6351,0.000,NORMAL,1,ROUTE,,,,,PREVIEW_DEFAULT
122.1957,-37.4418,1.5915,0.000,NORMAL,1,ROUTE,,,,,PREVIEW_DEFAULT
122.2957,-37.3519,1.5478,0.000,NORMAL,1,ROUTE,,,,,PREVIEW_DEFAULT
122.3957,-37.2620,1.5040,0.000,NORMAL,1,ROUTE,,,,,PREVIEW_DEFAULT
122.4956,-37.1723,1.4599,0.000,NORMAL,1,ROUTE,,,,,PREVIEW_DEFAULT
122.5957,-37.0826,1.4156,0.000,NORMAL,1,ROUTE,,,,,PREVIEW_DEFAULT
122.6956,-36.9931,1.3711,0.000,NORMAL,1,ROUTE,,,,,PREVIEW_DEFAULT
122.7956,-36.9037,1.3263,0.000,NORMAL,1,ROUTE,,,,,PREVIEW_DEFAULT
122.8956,-36.8144,1.2812,0.000,NORMAL,1,ROUTE,,,,,PREVIEW_DEFAULT
122.9956,-36.7254,1.2357,0.000,NORMAL,1,ROUTE,,,,,PREVIEW_DEFAULT
123.0956,-36.6365,1.1899,0.000,NORMAL,1,ROUTE,,,,,PREVIEW_DEFAULT
123.1956,-36.5478,1.1438,0.000,NORMAL,1,ROUTE,,,,,PREVIEW_DEFAULT
123.2956,-36.4592,1.0973,0.000,NORMAL,1,ROUTE,,,,,PREVIEW_DEFAULT
123.3957,-36.3709,1.0503,0.000,NORMAL,1,ROUTE,,,,,PREVIEW_DEFAULT
123.4956,-36.2829,1.0030,0.000,NORMAL,1,ROUTE,,,,,PREVIEW_DEFAULT
123.5956,-36.1950,0.9552,0.000,NORMAL,1,ROUTE,,,,,PREVIEW_DEFAULT
123.6956,-36.1075,0.9069,0.000,NORMAL,1,ROUTE,,,,,PREVIEW_DEFAULT
123.7956,-36.0202,0.8581,0.000,NORMAL,1,ROUTE,,,,,PREVIEW_DEFAULT
123.8956,-35.9332,0.8087,0.000,NORMAL,1,ROUTE,,,,,PREVIEW_DEFAULT
123.9956,-35.8466,0.7588,0.000,NORMAL,1,ROUTE,,,,,PREVIEW_DEFAULT
124.0956,-35.7603,0.7082,0.000,NORMAL,1,ROUTE,,,,,PREVIEW_DEFAULT
124.1955,-35.6745,0.6570,0.000,NORMAL,1,ROUTE,,,,,PREVIEW_DEFAULT
124.2955,-35.5891,0.6050,0.000,NORMAL,1,ROUTE,,,,,PREVIEW_DEFAULT
124.3956,-35.5041,0.5521,0.000,NORMAL,1,ROUTE,,,,,PREVIEW_DEFAULT
124.4955,-35.4198,0.4985,0.000,NORMAL,1,ROUTE,,,,,PREVIEW_DEFAULT
124.5956,-35.3360,0.4438,0.000,NORMAL,1,ROUTE,,,,,PREVIEW_DEFAULT
124.6956,-35.2529,0.3882,0.000,NORMAL,1,ROUTE,,,,,PREVIEW_DEFAULT
124.7956,-35.1705,0.3316,0.000,NORMAL,1,ROUTE,,,,,PREVIEW_DEFAULT
124.8956,-35.0889,0.2738,0.000,NORMAL,1,ROUTE,,,,,PREVIEW_DEFAULT
124.9955,-35.0081,0.2149,0.000,NORMAL,1,ROUTE,,,,,PREVIEW_DEFAULT
125.0955,-34.9281,0.1549,0.000,NORMAL,1,ROUTE,,,,,PREVIEW_DEFAULT
125.1955,-34.8491,0.0936,0.000,NORMAL,1,ROUTE,,,,,PREVIEW_DEFAULT
125.2955,-34.7711,0.0310,0.000,NORMAL,1,ROUTE,,,,,PREVIEW_DEFAULT
125.3955,-34.6942,-0.0329,0.000,NORMAL,1,ROUTE,,,,,PREVIEW_DEFAULT
125.4955,-34.6183,-0.0980,0.000,NORMAL,1,ROUTE,,,,,PREVIEW_DEFAULT
125.5955,-34.5436,-0.1645,0.000,NORMAL,1,ROUTE,,,,,PREVIEW_DEFAULT
125.6955,-34.4701,-0.2323,0.000,NORMAL,1,ROUTE,,,,,PREVIEW_DEFAULT
125.7955,-34.3978,-0.3014,0.000,NORMAL,1,ROUTE,,,,,PREVIEW_DEFAULT
125.8955,-34.3267,-0.3717,0.000,NORMAL,1,ROUTE,,,,,PREVIEW_DEFAULT
125.9955,-34.2570,-0.4434,0.000,NORMAL,1,ROUTE,,,,,PREVIEW_DEFAULT
126.0955,-34.1886,-0.5163,0.000,NORMAL,1,ROUTE,,,,,PREVIEW_DEFAULT
126.1955,-34.1215,-0.5905,0.000,NORMAL,1,ROUTE,,,,,PREVIEW_DEFAULT
126.2955,-34.0559,-0.6659,0.000,NORMAL,1,ROUTE,,,,,PREVIEW_DEFAULT
126.3955,-33.9917,-0.7426,0.000,NORMAL,1,ROUTE,,,,,PREVIEW_DEFAULT
126.4955,-33.9289,-0.8204,0.000,NORMAL,1,ROUTE,,,,,PREVIEW_DEFAULT
126.5955,-33.8676,-0.8994,0.000,NORMAL,1,ROUTE,,,,,PREVIEW_DEFAULT
126.6955,-33.8075,-0.9793,0.000,NORMAL,1,ROUTE,,,,,PREVIEW_DEFAULT
126.7955,-33.7487,-1.0602,0.000,NORMAL,1,ROUTE,,,,,PREVIEW_DEFAULT
126.8954,-33.6911,-1.1419,0.000,NORMAL,1,ROUTE,,,,,PREVIEW_DEFAULT
126.9955,-33.6346,-1.2245,0.000,NORMAL,1,ROUTE,,,,,PREVIEW_DEFAULT
127.0955,-33.5793,-1.3078,0.000,NORMAL,1,ROUTE,,,,,PREVIEW_DEFAULT
127.1954,-33.5250,-1.3917,0.000,NORMAL,1,ROUTE,,,,,PREVIEW_DEFAULT
127.2955,-33.4717,-1.4764,0.000,NORMAL,1,ROUTE,,,,,PREVIEW_DEFAULT
127.3954,-33.4195,-1.5616,0.000,NORMAL,1,ROUTE,,,,,PREVIEW_DEFAULT
127.4955,-33.3682,-1.6475,0.000,NORMAL,1,ROUTE,,,,,PREVIEW_DEFAULT
127.5954,-33.3180,-1.7339,0.000,NORMAL,1,ROUTE,,,,,PREVIEW_DEFAULT
127.6954,-33.2687,-1.8209,0.000,NORMAL,1,ROUTE,,,,,PREVIEW_DEFAULT
127.7954,-33.2204,-1.9085,0.000,NORMAL,1,ROUTE,,,,,PREVIEW_DEFAULT
127.8954,-33.1731,-1.9966,0.000,NORMAL,1,ROUTE,,,,,PREVIEW_DEFAULT
127.9954,-33.1268,-2.0852,0.000,NORMAL,1,ROUTE,,,,,PREVIEW_DEFAULT
128.0954,-33.0815,-2.1744,0.000,NORMAL,1,ROUTE,,,,,PREVIEW_DEFAULT
128.1955,-33.0372,-2.2641,0.000,NORMAL,1,ROUTE,,,,,PREVIEW_DEFAULT
128.2954,-32.9942,-2.3543,0.000,NORMAL,1,ROUTE,,,,,PREVIEW_DEFAULT
128.3954,-32.9523,-2.4451,0.000,NORMAL,1,ROUTE,,,,,PREVIEW_DEFAULT
128.4955,-32.9118,-2.5366,0.000,NORMAL,1,ROUTE,,,,,PREVIEW_DEFAULT
128.5954,-32.8728,-2.6286,0.000,NORMAL,1,ROUTE,,,,,PREVIEW_DEFAULT
128.6954,-32.8353,-2.7213,0.000,NORMAL,1,ROUTE,,,,,PREVIEW_DEFAULT
128.7954,-32.7996,-2.8147,0.000,NORMAL,1,ROUTE,,,,,PREVIEW_DEFAULT
128.8954,-32.7656,-2.9088,0.000,NORMAL,1,ROUTE,,,,,PREVIEW_DEFAULT
128.9954,-32.7336,-3.0035,0.000,NORMAL,1,ROUTE,,,,,PREVIEW_DEFAULT
129.0954,-32.7037,-3.0989,0.000,NORMAL,1,ROUTE,,,,,PREVIEW_DEFAULT
129.1953,-32.6758,-3.1949,0.000,NORMAL,1,ROUTE,,,,,PREVIEW_DEFAULT
129.2953,-32.6500,-3.2915,0.000,NORMAL,1,ROUTE,,,,,PREVIEW_DEFAULT
129.3953,-32.6261,-3.3886,0.000,NORMAL,1,ROUTE,,,,,PREVIEW_DEFAULT
129.4954,-32.6042,-3.4862,0.000,NORMAL,1,ROUTE,,,,,PREVIEW_DEFAULT
129.5954,-32.5842,-3.5842,0.000,NORMAL,1,ROUTE,,,,,PREVIEW_DEFAULT
129.6953,-32.5660,-3.6825,0.000,NORMAL,1,ROUTE,,,,,PREVIEW_DEFAULT
129.7953,-32.5495,-3.7811,0.000,NORMAL,1,ROUTE,,,,,PREVIEW_DEFAULT
129.8953,-32.5348,-3.8800,0.000,NORMAL,1,ROUTE,,,,,PREVIEW_DEFAULT
129.9954,-32.5217,-3.9792,0.000,NORMAL,1,ROUTE,,,,,PREVIEW_DEFAULT
130.0953,-32.5102,-4.0785,0.000,NORMAL,1,ROUTE,,,,,PREVIEW_DEFAULT
130.1953,-32.5004,-4.1780,0.000,NORMAL,1,ROUTE,,,,,PREVIEW_DEFAULT
130.2954,-32.4920,-4.2777,0.000,NORMAL,1,ROUTE,,,,,PREVIEW_DEFAULT
130.3953,-32.4853,-4.3774,0.000,NORMAL,1,ROUTE,,,,,PREVIEW_DEFAULT
130.4953,-32.4800,-4.4773,0.000,NORMAL,1,ROUTE,,,,,PREVIEW_DEFAULT
130.5953,-32.4763,-4.5772,0.000,NORMAL,1,ROUTE,,,,,PREVIEW_DEFAULT
130.6953,-32.4740,-4.6772,0.000,NORMAL,1,ROUTE,,,,,PREVIEW_DEFAULT
130.7953,-32.4732,-4.7772,0.000,NORMAL,1,ROUTE,,,,,PREVIEW_DEFAULT
130.8953,-32.4739,-4.8772,0.000,NORMAL,1,ROUTE,,,,,PREVIEW_DEFAULT
130.9953,-32.4760,-4.9772,0.000,NORMAL,1,ROUTE,,,,,PREVIEW_DEFAULT
131.0953,-32.4795,-5.0771,0.000,NORMAL,1,ROUTE,,,,,PREVIEW_DEFAULT
131.1953,-32.4842,-5.1770,0.000,NORMAL,1,ROUTE,,,,,PREVIEW_DEFAULT
131.2953,-32.4902,-5.2768,0.000,NORMAL,1,ROUTE,,,,,PREVIEW_DEFAULT
131.3953,-32.4973,-5.3765,0.000,NORMAL,1,ROUTE,,,,,PREVIEW_DEFAULT
131.4953,-32.5055,-5.4762,0.000,NORMAL,1,ROUTE,,,,,PREVIEW_DEFAULT
131.5953,-32.5148,-5.5758,0.000,NORMAL,1,ROUTE,,,,,PREVIEW_DEFAULT
131.6953,-32.5251,-5.6752,0.000,NORMAL,1,ROUTE,,,,,PREVIEW_DEFAULT
131.7953,-32.5363,-5.7746,0.000,NORMAL,1,ROUTE,,,,,PREVIEW_DEFAULT
131.8953,-32.5484,-5.8739,0.000,NORMAL,1,ROUTE,,,,,PREVIEW_DEFAULT
131.9953,-32.5613,-5.9730,0.000,NORMAL,1,ROUTE,,,,,PREVIEW_DEFAULT
132.0953,-32.5749,-6.0721,0.000,NORMAL,1,ROUTE,,,,,PREVIEW_DEFAULT
132.1953,-32.5891,-6.1711,0.000,NORMAL,1,ROUTE,,,,,PREVIEW_DEFAULT
132.2953,-32.6039,-6.2700,0.000,NORMAL,1,ROUTE,,,,,PREVIEW_DEFAULT
132.3953,-32.6191,-6.3688,0.000,NORMAL,1,ROUTE,,,,,PREVIEW_DEFAULT
132.4953,-32.6348,-6.4676,0.000,NORMAL,1,ROUTE,,,,,PREVIEW_DEFAULT
132.5952,-32.6510,-6.5662,0.000,NORMAL,1,ROUTE,,,,,PREVIEW_DEFAULT
132.6952,-32.6676,-6.6648,0.000,NORMAL,1,ROUTE,,,,,PREVIEW_DEFAULT
132.7953,-32.6847,-6.7634,0.000,NORMAL,1,ROUTE,,,,,PREVIEW_DEFAULT
132.8953,-32.7024,-6.8618,0.000,NORMAL,1,ROUTE,,,,,PREVIEW_DEFAULT
132.9952,-32.7207,-6.9601,0.000,NORMAL,1,ROUTE,,,,,PREVIEW_DEFAULT
133.0953,-32.7397,-7.0583,0.000,NORMAL,1,ROUTE,,,,,PREVIEW_DEFAULT
133.1953,-32.7596,-7.1563,0.000,NORMAL,1,ROUTE,,,,,PREVIEW_DEFAULT
133.2952,-32.7803,-7.2541,0.000,NORMAL,1,ROUTE,,,,,PREVIEW_DEFAULT
133.3952,-32.8020,-7.3517,0.000,NORMAL,1,ROUTE,,,,,PREVIEW_DEFAULT
133.4952,-32.8246,-7.4491,0.000,NORMAL,1,ROUTE,,,,,PREVIEW_DEFAULT
133.5952,-32.8482,-7.5463,0.000,NORMAL,1,ROUTE,,,,,PREVIEW_DEFAULT
133.6952,-32.8728,-7.6432,0.000,NORMAL,1,ROUTE,,,,,PREVIEW_DEFAULT
133.7952,-32.8982,-7.7399,0.000,NORMAL,1,ROUTE,,,,,PREVIEW_DEFAULT
133.8952,-32.9246,-7.8364,0.000,NORMAL,1,ROUTE,,,,,PREVIEW_DEFAULT
133.9952,-32.9518,-7.9326,0.000,NORMAL,1,ROUTE,,,,,PREVIEW_DEFAULT
134.0952,-32.9798,-8.0286,0.000,NORMAL,1,ROUTE,,,,,PREVIEW_DEFAULT
134.1952,-33.0084,-8.1244,0.000,NORMAL,1,ROUTE,,,,,PREVIEW_DEFAULT
134.2952,-33.0378,-8.2200,0.000,NORMAL,1,ROUTE,,,,,PREVIEW_DEFAULT
134.3951,-33.0676,-8.3154,0.000,NORMAL,1,ROUTE,,,,,PREVIEW_DEFAULT
134.4952,-33.0979,-8.4108,0.000,NORMAL,1,ROUTE,,,,,PREVIEW_DEFAULT
134.5952,-33.1285,-8.5060,0.000,NORMAL,1,ROUTE,,,,,PREVIEW_DEFAULT
134.6952,-33.1593,-8.6011,0.000,NORMAL,1,ROUTE,,,,,PREVIEW_DEFAULT
134.7951,-33.1903,-8.6961,0.000,NORMAL,1,ROUTE,,,,,PREVIEW_DEFAULT
134.8952,-33.2214,-8.7912,0.000,NORMAL,1,ROUTE,,,,,PREVIEW_DEFAULT
134.9952,-33.2526,-8.8862,0.000,NORMAL,1,ROUTE,,,,,PREVIEW_DEFAULT
135.0952,-33.2839,-8.9812,0.000,NORMAL,1,ROUTE,,,,,PREVIEW_DEFAULT
135.1951,-33.3152,-9.0761,0.000,NORMAL,1,ROUTE,,,,,PREVIEW_DEFAULT
135.2952,-33.3466,-9.1711,0.000,NORMAL,1,ROUTE,,,,,PREVIEW_DEFAULT
135.3952,-33.3781,-9.2660,0.000,NORMAL,1,ROUTE,,,,,PREVIEW_DEFAULT
135.4951,-33.4098,-9.3608,0.000,NORMAL,1,ROUTE,,,,,PREVIEW_DEFAULT
135.5951,-33.4416,-9.4556,0.000,NORMAL,1,ROUTE,,,,,PREVIEW_DEFAULT
135.6952,-33.4736,-9.5504,0.000,NORMAL,1,ROUTE,,,,,PREVIEW_DEFAULT
135.7951,-33.5059,-9.6450,0.000,NORMAL,1,ROUTE,,,,,PREVIEW_DEFAULT
135.8951,-33.5385,-9.7395,0.000,NORMAL,1,ROUTE,,,,,PREVIEW_DEFAULT
135.9952,-33.5714,-9.8340,0.000,NORMAL,1,ROUTE,,,,,PREVIEW_DEFAULT
136.0952,-33.6047,-9.9283,0.000,NORMAL,1,ROUTE,,,,,PREVIEW_DEFAULT
136.1951,-33.6383,-10.0224,0.000,NORMAL,1,ROUTE,,,,,PREVIEW_DEFAULT
136.2952,-33.6724,-10.1165,0.000,NORMAL,1,ROUTE,,,,,PREVIEW_DEFAULT
136.3951,-33.7068,-10.2103,0.000,NORMAL,1,ROUTE,,,,,PREVIEW_DEFAULT
136.4951,-33.7416,-10.3041,0.000,NORMAL,1,ROUTE,,,,,PREVIEW_DEFAULT
136.5951,-33.7769,-10.3976,0.000,NORMAL,1,ROUTE,,,,,PREVIEW_DEFAULT
136.6951,-33.8124,-10.4911,0.000,NORMAL,1,ROUTE,,,,,PREVIEW_DEFAULT
136.7951,-33.8484,-10.5844,0.000,NORMAL,1,ROUTE,,,,,PREVIEW_DEFAULT
136.8951,-33.8846,-10.6776,0.000,NORMAL,1,ROUTE,,,,,PREVIEW_DEFAULT
136.9951,-33.9212,-10.7707,0.000,NORMAL,1,ROUTE,,,,,PREVIEW_DEFAULT
137.0951,-33.9579,-10.8637,0.000,NORMAL,1,ROUTE,,,,,PREVIEW_DEFAULT
137.1951,-33.9948,-10.9566,0.000,NORMAL,1,ROUTE,,,,,PREVIEW_DEFAULT
137.2951,-34.0319,-11.0495,0.000,NORMAL,1,ROUTE,,,,,PREVIEW_DEFAULT
137.3950,-34.0690,-11.1423,0.000,NORMAL,1,ROUTE,,,,,PREVIEW_DEFAULT
137.4951,-34.1062,-11.2352,0.000,NORMAL,1,ROUTE,,,,,PREVIEW_DEFAULT
137.5951,-34.1433,-11.3280,0.000,NORMAL,1,ROUTE,,,,,PREVIEW_DEFAULT
137.6950,-34.1803,-11.4209,0.000,NORMAL,1,ROUTE,,,,,PREVIEW_DEFAULT
137.7951,-34.2172,-11.5139,0.000,NORMAL,1,ROUTE,,,,,PREVIEW_DEFAULT
137.8951,-34.2539,-11.6069,0.000,NORMAL,1,ROUTE,,,,,PREVIEW_DEFAULT
137.9951,-34.2904,-11.7000,0.000,NORMAL,1,ROUTE,,,,,PREVIEW_DEFAULT
138.0951,-34.3267,-11.7932,0.000,NORMAL,1,ROUTE,,,,,PREVIEW_DEFAULT
138.1950,-34.3628,-11.8864,0.000,NORMAL,1,ROUTE,,,,,PREVIEW_DEFAULT
138.2951,-34.3986,-11.9798,0.000,NORMAL,1,ROUTE,,,,,PREVIEW_DEFAULT
138.3951,-34.4344,-12.0732,0.000,NORMAL,1,ROUTE,,,,,PREVIEW_DEFAULT
138.4951,-34.4701,-12.1666,0.000,NORMAL,1,ROUTE,,,,,PREVIEW_DEFAULT
138.5950,-34.5059,-12.2599,0.000,NORMAL,1,ROUTE,,,,,PREVIEW_DEFAULT
138.6950,-34.5417,-12.3533,0.000,NORMAL,1,ROUTE,,,,,PREVIEW_DEFAULT
138.7951,-34.5778,-12.4466,0.000,NORMAL,1,ROUTE,,,,,PREVIEW_DEFAULT
138.8950,-34.6141,-12.5397,0.000,NORMAL,1,ROUTE,,,,,PREVIEW_DEFAULT
138.9950,-34.6506,-12.6328,0.000,NORMAL,1,ROUTE,,,,,PREVIEW_DEFAULT
139.0951,-34.6875,-12.7258,0.000,NORMAL,1,ROUTE,,,,,PREVIEW_DEFAULT
139.1950,-34.7247,-12.8186,0.000,NORMAL,1,ROUTE,,,,,PREVIEW_DEFAULT
139.2950,-34.7622,-12.9113,0.000,NORMAL,1,ROUTE,,,,,PREVIEW_DEFAULT
139.3950,-34.7998,-13.0039,0.000,NORMAL,1,ROUTE,,,,,PREVIEW_DEFAULT
139.4950,-34.8376,-13.0965,0.000,NORMAL,1,ROUTE,,,,,PREVIEW_DEFAULT
139.5951,-34.8755,-13.1891,0.000,NORMAL,1,ROUTE,,,,,PREVIEW_DEFAULT
139.6950,-34.9134,-13.2816,0.000,NORMAL,1,ROUTE,,,,,PREVIEW_DEFAULT
139.7950,-34.9513,-13.3741,0.000,NORMAL,1,ROUTE,,,,,PREVIEW_DEFAULT
139.8950,-34.9892,-13.4667,0.000,NORMAL,1,ROUTE,,,,,PREVIEW_DEFAULT
139.9951,-35.0270,-13.5593,0.000,NORMAL,1,ROUTE,,,,,PREVIEW_DEFAULT
140.0950,-35.0648,-13.6518,0.000,NORMAL,1,ROUTE,,,,,PREVIEW_DEFAULT
140.1950,-35.1026,-13.7444,0.000,NORMAL,1,ROUTE,,,,,PREVIEW_DEFAULT
140.2950,-35.1404,-13.8370,0.000,NORMAL,1,ROUTE,,,,,PREVIEW_DEFAULT
140.3950,-35.1784,-13.9295,0.000,NORMAL,1,ROUTE,,,,,PREVIEW_DEFAULT
140.4950,-35.2165,-14.0219,0.000,NORMAL,1,ROUTE,,,,,PREVIEW_DEFAULT
140.5950,-35.2548,-14.1143,0.000,NORMAL,1,ROUTE,,,,,PREVIEW_DEFAULT
140.6171,-35.2633,-14.1347,0.000,TRAFFIC,1,TRAFFIC,TRAFFIC_1_RED_STOP,STOP_IF_CONDITION,TRAFFIC_LIGHT_RED,,PREVIEW_DEFAULT
140.6950,-35.2935,-14.2065,0.000,TRAFFIC,1,TRAFFIC,,,TRAFFIC_LIGHT_RED,,PREVIEW_DEFAULT
140.7950,-35.3324,-14.2986,0.000,TRAFFIC,1,TRAFFIC,,,TRAFFIC_LIGHT_RED,,PREVIEW_DEFAULT
140.8950,-35.3716,-14.3906,0.000,TRAFFIC,1,TRAFFIC,,,TRAFFIC_LIGHT_RED,,PREVIEW_DEFAULT
140.9950,-35.4108,-14.4826,0.000,TRAFFIC,1,TRAFFIC,,,TRAFFIC_LIGHT_RED,,PREVIEW_DEFAULT
141.0950,-35.4502,-14.5745,0.000,TRAFFIC,1,TRAFFIC,,,TRAFFIC_LIGHT_RED,,PREVIEW_DEFAULT
141.1949,-35.4896,-14.6664,0.000,TRAFFIC,1,TRAFFIC,,,TRAFFIC_LIGHT_RED,,PREVIEW_DEFAULT
141.2949,-35.5290,-14.7583,0.000,TRAFFIC,1,TRAFFIC,,,TRAFFIC_LIGHT_RED,,PREVIEW_DEFAULT
141.3950,-35.5684,-14.8503,0.000,TRAFFIC,1,TRAFFIC,,,TRAFFIC_LIGHT_RED,,PREVIEW_DEFAULT
141.4950,-35.6077,-14.9422,0.000,TRAFFIC,1,TRAFFIC,,,TRAFFIC_LIGHT_RED,,PREVIEW_DEFAULT
141.5949,-35.6470,-15.0341,0.000,TRAFFIC,1,TRAFFIC,,,TRAFFIC_LIGHT_RED,,PREVIEW_DEFAULT
141.6950,-35.6863,-15.1261,0.000,TRAFFIC,1,TRAFFIC,,,TRAFFIC_LIGHT_RED,,PREVIEW_DEFAULT
141.7950,-35.7255,-15.2181,0.000,TRAFFIC,1,TRAFFIC,,,TRAFFIC_LIGHT_RED,,PREVIEW_DEFAULT
141.8949,-35.7648,-15.3100,0.000,TRAFFIC,1,TRAFFIC,,,TRAFFIC_LIGHT_RED,,PREVIEW_DEFAULT
141.9950,-35.8041,-15.4020,0.000,TRAFFIC,1,TRAFFIC,,,TRAFFIC_LIGHT_RED,,PREVIEW_DEFAULT
142.0949,-35.8435,-15.4939,0.000,TRAFFIC,1,TRAFFIC,,,TRAFFIC_LIGHT_RED,,PREVIEW_DEFAULT
142.1949,-35.8831,-15.5857,0.000,TRAFFIC,1,TRAFFIC,,,TRAFFIC_LIGHT_RED,,PREVIEW_DEFAULT
142.2949,-35.9228,-15.6775,0.000,TRAFFIC,1,TRAFFIC,,,TRAFFIC_LIGHT_RED,,PREVIEW_DEFAULT
142.3949,-35.9626,-15.7692,0.000,TRAFFIC,1,TRAFFIC,,,TRAFFIC_LIGHT_RED,,PREVIEW_DEFAULT
142.4949,-36.0028,-15.8608,0.000,TRAFFIC,1,TRAFFIC,,,TRAFFIC_LIGHT_RED,,PREVIEW_DEFAULT
142.5949,-36.0431,-15.9523,0.000,TRAFFIC,1,TRAFFIC,,,TRAFFIC_LIGHT_RED,,PREVIEW_DEFAULT
142.6950,-36.0838,-16.0437,0.000,TRAFFIC,1,TRAFFIC,,,TRAFFIC_LIGHT_RED,,PREVIEW_DEFAULT
142.7681,-36.1137,-16.1104,0.000,TRAFFIC,1,TRAFFIC,TRAFFIC_1_RED_STOP_END,,TRAFFIC_LIGHT_RED,,PREVIEW_DEFAULT
142.7949,-36.1247,-16.1349,0.000,TRAFFIC,1,TRAFFIC,,,TRAFFIC_LIGHT_RED,,PREVIEW_DEFAULT
142.8949,-36.1661,-16.2259,0.000,TRAFFIC,1,TRAFFIC,,,TRAFFIC_LIGHT_RED,,PREVIEW_DEFAULT
142.9825,-36.2020,-16.3058,0.000,NORMAL,1,ROUTE,,,,,PREVIEW_DEFAULT
142.9949,-36.2070,-16.3172,0.000,NORMAL,1,ROUTE,,,,,PREVIEW_DEFAULT
143.0949,-36.2468,-16.4089,0.000,NORMAL,1,ROUTE,,,,,PREVIEW_DEFAULT
143.1949,-36.2856,-16.5011,0.000,NORMAL,1,ROUTE,,,,,PREVIEW_DEFAULT
143.2949,-36.3237,-16.5935,0.000,NORMAL,1,ROUTE,,,,,PREVIEW_DEFAULT
143.3949,-36.3609,-16.6863,0.000,NORMAL,1,ROUTE,,,,,PREVIEW_DEFAULT
143.4949,-36.3975,-16.7794,0.000,NORMAL,1,ROUTE,,,,,PREVIEW_DEFAULT
143.5949,-36.4335,-16.8727,0.000,NORMAL,1,ROUTE,,,,,PREVIEW_DEFAULT
143.6948,-36.4688,-16.9662,0.000,NORMAL,1,ROUTE,,,,,PREVIEW_DEFAULT
143.7949,-36.5037,-17.0600,0.000,NORMAL,1,ROUTE,,,,,PREVIEW_DEFAULT
143.8948,-36.5381,-17.1538,0.000,NORMAL,1,ROUTE,,,,,PREVIEW_DEFAULT
143.9949,-36.5722,-17.2479,0.000,NORMAL,1,ROUTE,,,,,PREVIEW_DEFAULT
144.0948,-36.6060,-17.3419,0.000,NORMAL,1,ROUTE,,,,,PREVIEW_DEFAULT
144.1949,-36.6398,-17.4361,0.000,NORMAL,1,ROUTE,,,,,PREVIEW_DEFAULT
144.2949,-36.6736,-17.5302,0.000,NORMAL,1,ROUTE,,,,,PREVIEW_DEFAULT
144.3948,-36.7076,-17.6242,0.000,NORMAL,1,ROUTE,,,,,PREVIEW_DEFAULT
144.4949,-36.7419,-17.7182,0.000,NORMAL,1,ROUTE,,,,,PREVIEW_DEFAULT
144.5948,-36.7766,-17.8119,0.000,NORMAL,1,ROUTE,,,,,PREVIEW_DEFAULT
144.6948,-36.8118,-17.9055,0.000,NORMAL,1,ROUTE,,,,,PREVIEW_DEFAULT
144.7948,-36.8475,-17.9989,0.000,NORMAL,1,ROUTE,,,,,PREVIEW_DEFAULT
144.8949,-36.8839,-18.0921,0.000,NORMAL,1,ROUTE,,,,,PREVIEW_DEFAULT
144.9948,-36.9210,-18.1849,0.000,NORMAL,1,ROUTE,,,,,PREVIEW_DEFAULT
145.0948,-36.9586,-18.2776,0.000,NORMAL,1,ROUTE,,,,,PREVIEW_DEFAULT
145.1948,-36.9968,-18.3700,0.000,NORMAL,1,ROUTE,,,,,PREVIEW_DEFAULT
145.2949,-37.0354,-18.4623,0.000,NORMAL,1,ROUTE,,,,,PREVIEW_DEFAULT
145.3949,-37.0743,-18.5544,0.000,NORMAL,1,ROUTE,,,,,PREVIEW_DEFAULT
145.4949,-37.1135,-18.6464,0.000,NORMAL,1,ROUTE,,,,,PREVIEW_DEFAULT
145.5948,-37.1527,-18.7383,0.000,NORMAL,1,ROUTE,,,,,PREVIEW_DEFAULT
145.6949,-37.1921,-18.8303,0.000,NORMAL,1,ROUTE,,,,,PREVIEW_DEFAULT
145.7948,-37.2315,-18.9222,0.000,NORMAL,1,ROUTE,,,,,PREVIEW_DEFAULT
145.8948,-37.2709,-19.0141,0.000,NORMAL,1,ROUTE,,,,,PREVIEW_DEFAULT
145.9948,-37.3103,-19.1060,0.000,NORMAL,1,ROUTE,,,,,PREVIEW_DEFAULT
146.0948,-37.3497,-19.1979,0.000,NORMAL,1,ROUTE,,,,,PREVIEW_DEFAULT
146.1948,-37.3891,-19.2898,0.000,NORMAL,1,ROUTE,,,,,PREVIEW_DEFAULT
146.2948,-37.4286,-19.3817,0.000,NORMAL,1,ROUTE,,,,,PREVIEW_DEFAULT
146.3949,-37.4681,-19.4736,0.000,NORMAL,1,ROUTE,,,,,PREVIEW_DEFAULT
146.4948,-37.5076,-19.5654,0.000,NORMAL,1,ROUTE,,,,,PREVIEW_DEFAULT
146.5948,-37.5471,-19.6573,0.000,NORMAL,1,ROUTE,,,,,PREVIEW_DEFAULT
146.6948,-37.5866,-19.7491,0.000,NORMAL,1,ROUTE,,,,,PREVIEW_DEFAULT
146.7948,-37.6261,-19.8410,0.000,NORMAL,1,ROUTE,,,,,PREVIEW_DEFAULT
146.8948,-37.6655,-19.9329,0.000,NORMAL,1,ROUTE,,,,,PREVIEW_DEFAULT
146.9947,-37.7048,-20.0248,0.000,NORMAL,1,ROUTE,,,,,PREVIEW_DEFAULT
147.0948,-37.7441,-20.1168,0.000,NORMAL,1,ROUTE,,,,,PREVIEW_DEFAULT
147.1948,-37.7831,-20.2089,0.000,NORMAL,1,ROUTE,,,,,PREVIEW_DEFAULT
147.2948,-37.8221,-20.3010,0.000,NORMAL,1,ROUTE,,,,,PREVIEW_DEFAULT
147.3948,-37.8608,-20.3932,0.000,NORMAL,1,ROUTE,,,,,PREVIEW_DEFAULT
147.4948,-37.8993,-20.4855,0.000,NORMAL,1,ROUTE,,,,,PREVIEW_DEFAULT
147.5947,-37.9376,-20.5778,0.000,NORMAL,1,ROUTE,,,,,PREVIEW_DEFAULT
147.6947,-37.9756,-20.6703,0.000,NORMAL,1,ROUTE,,,,,PREVIEW_DEFAULT
147.7947,-38.0133,-20.7629,0.000,NORMAL,1,ROUTE,,,,,PREVIEW_DEFAULT
147.8948,-38.0507,-20.8557,0.000,NORMAL,1,ROUTE,,,,,PREVIEW_DEFAULT
147.9948,-38.0879,-20.9485,0.000,NORMAL,1,ROUTE,,,,,PREVIEW_DEFAULT
148.0947,-38.1248,-21.0414,0.000,NORMAL,1,ROUTE,,,,,PREVIEW_DEFAULT
148.1948,-38.1615,-21.1345,0.000,NORMAL,1,ROUTE,,,,,PREVIEW_DEFAULT
148.2948,-38.1979,-21.2276,0.000,NORMAL,1,ROUTE,,,,,PREVIEW_DEFAULT
148.3947,-38.2341,-21.3208,0.000,NORMAL,1,ROUTE,,,,,PREVIEW_DEFAULT
148.4948,-38.2702,-21.4141,0.000,NORMAL,1,ROUTE,,,,,PREVIEW_DEFAULT
148.5947,-38.3061,-21.5074,0.000,NORMAL,1,ROUTE,,,,,PREVIEW_DEFAULT
148.6948,-38.3419,-21.6008,0.000,NORMAL,1,ROUTE,,,,,PREVIEW_DEFAULT
148.7948,-38.3776,-21.6942,0.000,NORMAL,1,ROUTE,,,,,PREVIEW_DEFAULT
148.8948,-38.4133,-21.7876,0.000,NORMAL,1,ROUTE,,,,,PREVIEW_DEFAULT
148.9947,-38.4489,-21.8810,0.000,NORMAL,1,ROUTE,,,,,PREVIEW_DEFAULT
149.0947,-38.4845,-21.9744,0.000,NORMAL,1,ROUTE,,,,,PREVIEW_DEFAULT
149.1947,-38.5202,-22.0679,0.000,NORMAL,1,ROUTE,,,,,PREVIEW_DEFAULT
149.2948,-38.5560,-22.1613,0.000,NORMAL,1,ROUTE,,,,,PREVIEW_DEFAULT
149.3947,-38.5918,-22.2546,0.000,NORMAL,1,ROUTE,,,,,PREVIEW_DEFAULT
149.4947,-38.6277,-22.3479,0.000,NORMAL,1,ROUTE,,,,,PREVIEW_DEFAULT
149.5947,-38.6638,-22.4412,0.000,NORMAL,1,ROUTE,,,,,PREVIEW_DEFAULT
149.6947,-38.6999,-22.5344,0.000,NORMAL,1,ROUTE,,,,,PREVIEW_DEFAULT
149.7947,-38.7363,-22.6276,0.000,NORMAL,1,ROUTE,,,,,PREVIEW_DEFAULT
149.8947,-38.7727,-22.7207,0.000,NORMAL,1,ROUTE,,,,,PREVIEW_DEFAULT
149.9947,-38.8093,-22.8138,0.000,NORMAL,1,ROUTE,,,,,PREVIEW_DEFAULT
150.0947,-38.8460,-22.9068,0.000,NORMAL,1,ROUTE,,,,,PREVIEW_DEFAULT
150.1947,-38.8827,-22.9998,0.000,NORMAL,1,ROUTE,,,,,PREVIEW_DEFAULT
150.2947,-38.9195,-23.0928,0.000,NORMAL,1,ROUTE,,,,,PREVIEW_DEFAULT
150.3947,-38.9562,-23.1858,0.000,NORMAL,1,ROUTE,,,,,PREVIEW_DEFAULT
150.4947,-38.9930,-23.2788,0.000,NORMAL,1,ROUTE,,,,,PREVIEW_DEFAULT
150.5947,-39.0296,-23.3719,0.000,NORMAL,1,ROUTE,,,,,PREVIEW_DEFAULT
150.6947,-39.0661,-23.4650,0.000,NORMAL,1,ROUTE,,,,,PREVIEW_DEFAULT
150.7946,-39.1024,-23.5581,0.000,NORMAL,1,ROUTE,,,,,PREVIEW_DEFAULT
150.8947,-39.1385,-23.6514,0.000,NORMAL,1,ROUTE,,,,,PREVIEW_DEFAULT
150.9947,-39.1743,-23.7448,0.000,NORMAL,1,ROUTE,,,,,PREVIEW_DEFAULT
151.0946,-39.2098,-23.8382,0.000,NORMAL,1,ROUTE,,,,,PREVIEW_DEFAULT
151.1946,-39.2450,-23.9318,0.000,NORMAL,1,ROUTE,,,,,PREVIEW_DEFAULT
151.2947,-39.2798,-24.0256,0.000,NORMAL,1,ROUTE,,,,,PREVIEW_DEFAULT
151.3947,-39.3144,-24.1194,0.000,NORMAL,1,ROUTE,,,,,PREVIEW_DEFAULT
151.4946,-39.3486,-24.2133,0.000,NORMAL,1,ROUTE,,,,,PREVIEW_DEFAULT
151.5947,-39.3827,-24.3074,0.000,NORMAL,1,ROUTE,,,,,PREVIEW_DEFAULT
151.6946,-39.4166,-24.4014,0.000,NORMAL,1,ROUTE,,,,,PREVIEW_DEFAULT
151.7946,-39.4504,-24.4955,0.000,NORMAL,1,ROUTE,,,,,PREVIEW_DEFAULT
151.8946,-39.4844,-24.5896,0.000,NORMAL,1,ROUTE,,,,,PREVIEW_DEFAULT
151.9946,-39.5185,-24.6836,0.000,NORMAL,1,ROUTE,,,,,PREVIEW_DEFAULT
152.0946,-39.5528,-24.7775,0.000,NORMAL,1,ROUTE,,,,,PREVIEW_DEFAULT
152.1946,-39.5874,-24.8713,0.000,NORMAL,1,ROUTE,,,,,PREVIEW_DEFAULT
152.2946,-39.6225,-24.9650,0.000,NORMAL,1,ROUTE,,,,,PREVIEW_DEFAULT
152.3946,-39.6579,-25.0585,0.000,NORMAL,1,ROUTE,,,,,PREVIEW_DEFAULT
152.4946,-39.6936,-25.1519,0.000,NORMAL,1,ROUTE,,,,,PREVIEW_DEFAULT
152.5947,-39.7297,-25.2452,0.000,NORMAL,1,ROUTE,,,,,PREVIEW_DEFAULT
152.6946,-39.7660,-25.3383,0.000,NORMAL,1,ROUTE,,,,,PREVIEW_DEFAULT
152.7945,-39.8024,-25.4314,0.000,NORMAL,1,ROUTE,,,,,PREVIEW_DEFAULT
152.8946,-39.8390,-25.5245,0.000,NORMAL,1,ROUTE,,,,,PREVIEW_DEFAULT
152.9946,-39.8755,-25.6176,0.000,NORMAL,1,ROUTE,,,,,PREVIEW_DEFAULT
153.0946,-39.9120,-25.7107,0.000,NORMAL,1,ROUTE,,,,,PREVIEW_DEFAULT
153.1946,-39.9483,-25.8039,0.000,NORMAL,1,ROUTE,,,,,PREVIEW_DEFAULT
153.2945,-39.9844,-25.8971,0.000,NORMAL,1,ROUTE,,,,,PREVIEW_DEFAULT
153.3946,-40.0203,-25.9905,0.000,NORMAL,1,ROUTE,,,,,PREVIEW_DEFAULT
153.4946,-40.0560,-26.0839,0.000,NORMAL,1,ROUTE,,,,,PREVIEW_DEFAULT
153.5946,-40.0914,-26.1774,0.000,NORMAL,1,ROUTE,,,,,PREVIEW_DEFAULT
153.6945,-40.1265,-26.2710,0.000,NORMAL,1,ROUTE,,,,,PREVIEW_DEFAULT
153.7946,-40.1615,-26.3647,0.000,NORMAL,1,ROUTE,,,,,PREVIEW_DEFAULT
153.8946,-40.1962,-26.4585,0.000,NORMAL,1,ROUTE,,,,,PREVIEW_DEFAULT
153.9945,-40.2307,-26.5523,0.000,NORMAL,1,ROUTE,,,,,PREVIEW_DEFAULT
154.0946,-40.2652,-26.6462,0.000,NORMAL,1,ROUTE,,,,,PREVIEW_DEFAULT
154.1946,-40.2996,-26.7401,0.000,NORMAL,1,ROUTE,,,,,PREVIEW_DEFAULT
154.2946,-40.3340,-26.8340,0.000,NORMAL,1,ROUTE,,,,,PREVIEW_DEFAULT
154.3946,-40.3685,-26.9279,0.000,NORMAL,1,ROUTE,,,,,PREVIEW_DEFAULT
154.4945,-40.4032,-27.0216,0.000,NORMAL,1,ROUTE,,,,,PREVIEW_DEFAULT
154.5946,-40.4381,-27.1154,0.000,NORMAL,1,ROUTE,,,,,PREVIEW_DEFAULT
154.6946,-40.4733,-27.2090,0.000,NORMAL,1,ROUTE,,,,,PREVIEW_DEFAULT
154.7945,-40.5088,-27.3024,0.000,NORMAL,1,ROUTE,,,,,PREVIEW_DEFAULT
154.8945,-40.5446,-27.3958,0.000,NORMAL,1,ROUTE,,,,,PREVIEW_DEFAULT
154.9945,-40.5807,-27.4890,0.000,NORMAL,1,ROUTE,,,,,PREVIEW_DEFAULT
155.0946,-40.6172,-27.5822,0.000,NORMAL,1,ROUTE,,,,,PREVIEW_DEFAULT
155.1945,-40.6538,-27.6752,0.000,NORMAL,1,ROUTE,,,,,PREVIEW_DEFAULT
155.2945,-40.6906,-27.7682,0.000,NORMAL,1,ROUTE,,,,,PREVIEW_DEFAULT
155.3945,-40.7275,-27.8611,0.000,NORMAL,1,ROUTE,,,,,PREVIEW_DEFAULT
155.4945,-40.7645,-27.9540,0.000,NORMAL,1,ROUTE,,,,,PREVIEW_DEFAULT
155.5946,-40.8014,-28.0470,0.000,NORMAL,1,ROUTE,,,,,PREVIEW_DEFAULT
155.6945,-40.8384,-28.1399,0.000,NORMAL,1,ROUTE,,,,,PREVIEW_DEFAULT
155.7945,-40.8753,-28.2328,0.000,NORMAL,1,ROUTE,,,,,PREVIEW_DEFAULT
155.8945,-40.9121,-28.3258,0.000,NORMAL,1,ROUTE,,,,,PREVIEW_DEFAULT
155.9945,-40.9490,-28.4187,0.000,NORMAL,1,ROUTE,,,,,PREVIEW_DEFAULT
156.0945,-40.9858,-28.5117,0.000,NORMAL,1,ROUTE,,,,,PREVIEW_DEFAULT
156.1945,-41.0227,-28.6046,0.000,NORMAL,1,ROUTE,,,,,PREVIEW_DEFAULT
156.2945,-41.0597,-28.6975,0.000,NORMAL,1,ROUTE,,,,,PREVIEW_DEFAULT
156.3945,-41.0968,-28.7904,0.000,NORMAL,1,ROUTE,,,,,PREVIEW_DEFAULT
156.4945,-41.1341,-28.8832,0.000,NORMAL,1,ROUTE,,,,,PREVIEW_DEFAULT
156.5945,-41.1716,-28.9759,0.000,NORMAL,1,ROUTE,,,,,PREVIEW_DEFAULT
156.6945,-41.2094,-29.0685,0.000,NORMAL,1,ROUTE,,,,,PREVIEW_DEFAULT
156.7945,-41.2475,-29.1609,0.000,NORMAL,1,ROUTE,,,,,PREVIEW_DEFAULT
156.8944,-41.2859,-29.2532,0.000,NORMAL,1,ROUTE,,,,,PREVIEW_DEFAULT
156.9944,-41.3246,-29.3454,0.000,NORMAL,1,ROUTE,,,,,PREVIEW_DEFAULT
157.0944,-41.3638,-29.4374,0.000,NORMAL,1,ROUTE,,,,,PREVIEW_DEFAULT
157.1945,-41.4033,-29.5293,0.000,NORMAL,1,ROUTE,,,,,PREVIEW_DEFAULT
157.2945,-41.4432,-29.6210,0.000,NORMAL,1,ROUTE,,,,,PREVIEW_DEFAULT
157.3945,-41.4834,-29.7126,0.000,NORMAL,1,ROUTE,,,,,PREVIEW_DEFAULT
157.4944,-41.5238,-29.8040,0.000,NORMAL,1,ROUTE,,,,,PREVIEW_DEFAULT
157.5944,-41.5644,-29.8954,0.000,NORMAL,1,ROUTE,,,,,PREVIEW_DEFAULT
157.6944,-41.6051,-29.9867,0.000,NORMAL,1,ROUTE,,,,,PREVIEW_DEFAULT
157.7944,-41.6459,-30.0780,0.000,NORMAL,1,ROUTE,,,,,PREVIEW_DEFAULT
157.8945,-41.6866,-30.1694,0.000,NORMAL,1,ROUTE,,,,,PREVIEW_DEFAULT
157.9945,-41.7272,-30.2608,0.000,NORMAL,1,ROUTE,,,,,PREVIEW_DEFAULT
158.0945,-41.7675,-30.3523,0.000,NORMAL,1,ROUTE,,,,,PREVIEW_DEFAULT
158.1944,-41.8075,-30.4439,0.000,NORMAL,1,ROUTE,,,,,PREVIEW_DEFAULT
158.2944,-41.8472,-30.5357,0.000,NORMAL,1,ROUTE,,,,,PREVIEW_DEFAULT
158.3944,-41.8864,-30.6277,0.000,NORMAL,1,ROUTE,,,,,PREVIEW_DEFAULT
158.4944,-41.9250,-30.7199,0.000,NORMAL,1,ROUTE,,,,,PREVIEW_DEFAULT
158.5944,-41.9631,-30.8124,0.000,NORMAL,1,ROUTE,,,,,PREVIEW_DEFAULT
158.6944,-42.0006,-30.9051,0.000,NORMAL,1,ROUTE,,,,,PREVIEW_DEFAULT
158.7945,-42.0375,-30.9981,0.000,NORMAL,1,ROUTE,,,,,PREVIEW_DEFAULT
158.8944,-42.0738,-31.0912,0.000,NORMAL,1,ROUTE,,,,,PREVIEW_DEFAULT
158.9944,-42.1096,-31.1846,0.000,NORMAL,1,ROUTE,,,,,PREVIEW_DEFAULT
159.0944,-42.1449,-31.2781,0.000,NORMAL,1,ROUTE,,,,,PREVIEW_DEFAULT
159.1944,-42.1799,-31.3718,0.000,NORMAL,1,ROUTE,,,,,PREVIEW_DEFAULT
159.2944,-42.2144,-31.4657,0.000,NORMAL,1,ROUTE,,,,,PREVIEW_DEFAULT
159.3944,-42.2488,-31.5596,0.000,NORMAL,1,ROUTE,,,,,PREVIEW_DEFAULT
159.4944,-42.2829,-31.6536,0.000,NORMAL,1,ROUTE,,,,,PREVIEW_DEFAULT
159.5944,-42.3169,-31.7476,0.000,NORMAL,1,ROUTE,,,,,PREVIEW_DEFAULT
159.6944,-42.3508,-31.8417,0.000,NORMAL,1,ROUTE,,,,,PREVIEW_DEFAULT
159.7944,-42.3847,-31.9358,0.000,NORMAL,1,ROUTE,,,,,PREVIEW_DEFAULT
159.8944,-42.4187,-32.0298,0.000,NORMAL,1,ROUTE,,,,,PREVIEW_DEFAULT
159.9944,-42.4528,-32.1238,0.000,NORMAL,1,ROUTE,,,,,PREVIEW_DEFAULT
160.0944,-42.4870,-32.2178,0.000,NORMAL,1,ROUTE,,,,,PREVIEW_DEFAULT
160.1943,-42.5215,-32.3116,0.000,NORMAL,1,ROUTE,,,,,PREVIEW_DEFAULT
160.2944,-42.5562,-32.4054,0.000,NORMAL,1,ROUTE,,,,,PREVIEW_DEFAULT
160.3944,-42.5912,-32.4991,0.000,NORMAL,1,ROUTE,,,,,PREVIEW_DEFAULT
160.4944,-42.6266,-32.5926,0.000,NORMAL,1,ROUTE,,,,,PREVIEW_DEFAULT
160.5944,-42.6623,-32.6860,0.000,NORMAL,1,ROUTE,,,,,PREVIEW_DEFAULT
160.6944,-42.6983,-32.7793,0.000,NORMAL,1,ROUTE,,,,,PREVIEW_DEFAULT
160.7944,-42.7348,-32.8724,0.000,NORMAL,1,ROUTE,,,,,PREVIEW_DEFAULT
160.8944,-42.7716,-32.9654,0.000,NORMAL,1,ROUTE,,,,,PREVIEW_DEFAULT
160.9943,-42.8088,-33.0582,0.000,NORMAL,1,ROUTE,,,,,PREVIEW_DEFAULT
161.0943,-42.8463,-33.1509,0.000,NORMAL,1,ROUTE,,,,,PREVIEW_DEFAULT
161.1943,-42.8843,-33.2434,0.000,NORMAL,1,ROUTE,,,,,PREVIEW_DEFAULT
161.2943,-42.9225,-33.3358,0.000,NORMAL,1,ROUTE,,,,,PREVIEW_DEFAULT
161.3944,-42.9611,-33.4281,0.000,NORMAL,1,ROUTE,,,,,PREVIEW_DEFAULT
161.4943,-42.9999,-33.5202,0.000,NORMAL,1,ROUTE,,,,,PREVIEW_DEFAULT
161.5943,-43.0391,-33.6122,0.000,NORMAL,1,ROUTE,,,,,PREVIEW_DEFAULT
161.6943,-43.0784,-33.7041,0.000,NORMAL,1,ROUTE,,,,,PREVIEW_DEFAULT
161.7943,-43.1180,-33.7960,0.000,NORMAL,1,ROUTE,,,,,PREVIEW_DEFAULT
161.8943,-43.1576,-33.8878,0.000,NORMAL,1,ROUTE,,,,,PREVIEW_DEFAULT
161.9943,-43.1974,-33.9795,0.000,NORMAL,1,ROUTE,,,,,PREVIEW_DEFAULT
162.0943,-43.2372,-34.0713,0.000,NORMAL,1,ROUTE,,,,,PREVIEW_DEFAULT
162.1943,-43.2771,-34.1630,0.000,NORMAL,1,ROUTE,,,,,PREVIEW_DEFAULT
162.2943,-43.3169,-34.2547,0.000,NORMAL,1,ROUTE,,,,,PREVIEW_DEFAULT
162.3943,-43.3566,-34.3465,0.000,NORMAL,1,ROUTE,,,,,PREVIEW_DEFAULT
162.4943,-43.3963,-34.4383,0.000,NORMAL,1,ROUTE,,,,,PREVIEW_DEFAULT
162.5943,-43.4358,-34.5301,0.000,NORMAL,1,ROUTE,,,,,PREVIEW_DEFAULT
162.6943,-43.4751,-34.6221,0.000,NORMAL,1,ROUTE,,,,,PREVIEW_DEFAULT
162.7942,-43.5143,-34.7140,0.000,NORMAL,1,ROUTE,,,,,PREVIEW_DEFAULT
162.8943,-43.5534,-34.8061,0.000,NORMAL,1,ROUTE,,,,,PREVIEW_DEFAULT
162.9943,-43.5922,-34.8983,0.000,NORMAL,1,ROUTE,,,,,PREVIEW_DEFAULT
163.0943,-43.6309,-34.9905,0.000,NORMAL,1,ROUTE,,,,,PREVIEW_DEFAULT
163.1943,-43.6694,-35.0828,0.000,NORMAL,1,ROUTE,,,,,PREVIEW_DEFAULT
163.2943,-43.7077,-35.1751,0.000,NORMAL,1,ROUTE,,,,,PREVIEW_DEFAULT
163.3943,-43.7459,-35.2676,0.000,NORMAL,1,ROUTE,,,,,PREVIEW_DEFAULT
163.4942,-43.7839,-35.3600,0.000,NORMAL,1,ROUTE,,,,,PREVIEW_DEFAULT
163.5942,-43.8219,-35.4525,0.000,NORMAL,1,ROUTE,,,,,PREVIEW_DEFAULT
163.6943,-43.8598,-35.5451,0.000,NORMAL,1,ROUTE,,,,,PREVIEW_DEFAULT
163.7943,-43.8977,-35.6376,0.000,NORMAL,1,ROUTE,,,,,PREVIEW_DEFAULT
163.8942,-43.9356,-35.7301,0.000,NORMAL,1,ROUTE,,,,,PREVIEW_DEFAULT
163.9943,-43.9735,-35.8227,0.000,NORMAL,1,ROUTE,,,,,PREVIEW_DEFAULT
164.0943,-44.0115,-35.9152,0.000,NORMAL,1,ROUTE,,,,,PREVIEW_DEFAULT
164.1942,-44.0496,-36.0076,0.000,NORMAL,1,ROUTE,,,,,PREVIEW_DEFAULT
164.2942,-44.0878,-36.1000,0.000,NORMAL,1,ROUTE,,,,,PREVIEW_DEFAULT
164.3942,-44.1261,-36.1924,0.000,NORMAL,1,ROUTE,,,,,PREVIEW_DEFAULT
164.4942,-44.1646,-36.2847,0.000,NORMAL,1,ROUTE,,,,,PREVIEW_DEFAULT
164.5942,-44.2032,-36.3769,0.000,NORMAL,1,ROUTE,,,,,PREVIEW_DEFAULT
164.6942,-44.2420,-36.4691,0.000,NORMAL,1,ROUTE,,,,,PREVIEW_DEFAULT
164.7942,-44.2810,-36.5612,0.000,NORMAL,1,ROUTE,,,,,PREVIEW_DEFAULT
164.8942,-44.3201,-36.6532,0.000,NORMAL,1,ROUTE,,,,,PREVIEW_DEFAULT
164.9942,-44.3593,-36.7452,0.000,NORMAL,1,ROUTE,,,,,PREVIEW_DEFAULT
165.0942,-44.3987,-36.8371,0.000,NORMAL,1,ROUTE,,,,,PREVIEW_DEFAULT
165.1942,-44.4382,-36.9290,0.000,NORMAL,1,ROUTE,,,,,PREVIEW_DEFAULT
165.2942,-44.4778,-37.0208,0.000,NORMAL,1,ROUTE,,,,,PREVIEW_DEFAULT
165.3942,-44.5174,-37.1126,0.000,NORMAL,1,ROUTE,,,,,PREVIEW_DEFAULT
165.4942,-44.5570,-37.2044,0.000,NORMAL,1,ROUTE,,,,,PREVIEW_DEFAULT
165.5942,-44.5966,-37.2963,0.000,NORMAL,1,ROUTE,,,,,PREVIEW_DEFAULT
165.6942,-44.6361,-37.3881,0.000,NORMAL,1,ROUTE,,,,,PREVIEW_DEFAULT
165.7942,-44.6755,-37.4800,0.000,NORMAL,1,ROUTE,,,,,PREVIEW_DEFAULT
165.8942,-44.7148,-37.5720,0.000,NORMAL,1,ROUTE,,,,,PREVIEW_DEFAULT
165.9942,-44.7539,-37.6640,0.000,NORMAL,1,ROUTE,,,,,PREVIEW_DEFAULT
166.0942,-44.7928,-37.7562,0.000,NORMAL,1,ROUTE,,,,,PREVIEW_DEFAULT
166.1942,-44.8315,-37.8484,0.000,NORMAL,1,ROUTE,,,,,PREVIEW_DEFAULT
166.2942,-44.8699,-37.9407,0.000,NORMAL,1,ROUTE,,,,,PREVIEW_DEFAULT
166.3941,-44.9082,-38.0330,0.000,NORMAL,1,ROUTE,,,,,PREVIEW_DEFAULT
166.4942,-44.9463,-38.1255,0.000,NORMAL,1,ROUTE,,,,,PREVIEW_DEFAULT
166.5942,-44.9843,-38.2180,0.000,NORMAL,1,ROUTE,,,,,PREVIEW_DEFAULT
166.6942,-45.0221,-38.3106,0.000,NORMAL,1,ROUTE,,,,,PREVIEW_DEFAULT
166.7942,-45.0598,-38.4032,0.000,NORMAL,1,ROUTE,,,,,PREVIEW_DEFAULT
166.8942,-45.0974,-38.4959,0.000,NORMAL,1,ROUTE,,,,,PREVIEW_DEFAULT
166.9941,-45.1349,-38.5885,0.000,NORMAL,1,ROUTE,,,,,PREVIEW_DEFAULT
167.0941,-45.1725,-38.6812,0.000,NORMAL,1,ROUTE,,,,,PREVIEW_DEFAULT
167.1942,-45.2101,-38.7739,0.000,NORMAL,1,ROUTE,,,,,PREVIEW_DEFAULT
167.2942,-45.2478,-38.8665,0.000,NORMAL,1,ROUTE,,,,,PREVIEW_DEFAULT
167.3941,-45.2857,-38.9590,0.000,NORMAL,1,ROUTE,,,,,PREVIEW_DEFAULT
167.4942,-45.3238,-39.0515,0.000,NORMAL,1,ROUTE,,,,,PREVIEW_DEFAULT
167.5941,-45.3620,-39.1439,0.000,NORMAL,1,ROUTE,,,,,PREVIEW_DEFAULT
167.6941,-45.4004,-39.2362,0.000,NORMAL,1,ROUTE,,,,,PREVIEW_DEFAULT
167.7942,-45.4390,-39.3285,0.000,NORMAL,1,ROUTE,,,,,PREVIEW_DEFAULT
167.8942,-45.4777,-39.4207,0.000,NORMAL,1,ROUTE,,,,,PREVIEW_DEFAULT
167.9941,-45.5166,-39.5128,0.000,NORMAL,1,ROUTE,,,,,PREVIEW_DEFAULT
168.0942,-45.5554,-39.6050,0.000,NORMAL,1,ROUTE,,,,,PREVIEW_DEFAULT
168.1941,-45.5942,-39.6971,0.000,NORMAL,1,ROUTE,,,,,PREVIEW_DEFAULT
168.2941,-45.6329,-39.7893,0.000,NORMAL,1,ROUTE,,,,,PREVIEW_DEFAULT
168.3941,-45.6715,-39.8816,0.000,NORMAL,1,ROUTE,,,,,PREVIEW_DEFAULT
168.4941,-45.7099,-39.9739,0.000,NORMAL,1,ROUTE,,,,,PREVIEW_DEFAULT
168.5941,-45.7480,-40.0663,0.000,NORMAL,1,ROUTE,,,,,PREVIEW_DEFAULT
168.6941,-45.7859,-40.1589,0.000,NORMAL,1,ROUTE,,,,,PREVIEW_DEFAULT
168.7941,-45.8236,-40.2515,0.000,NORMAL,1,ROUTE,,,,,PREVIEW_DEFAULT
168.8941,-45.8611,-40.3442,0.000,NORMAL,1,ROUTE,,,,,PREVIEW_DEFAULT
168.9941,-45.8983,-40.4370,0.000,NORMAL,1,ROUTE,,,,,PREVIEW_DEFAULT
169.0941,-45.9353,-40.5299,0.000,NORMAL,1,ROUTE,,,,,PREVIEW_DEFAULT
169.1941,-45.9722,-40.6229,0.000,NORMAL,1,ROUTE,,,,,PREVIEW_DEFAULT
169.2941,-46.0089,-40.7159,0.000,NORMAL,1,ROUTE,,,,,PREVIEW_DEFAULT
169.3941,-46.0455,-40.8090,0.000,NORMAL,1,ROUTE,,,,,PREVIEW_DEFAULT
169.4940,-46.0820,-40.9020,0.000,NORMAL,1,ROUTE,,,,,PREVIEW_DEFAULT
169.5941,-46.1186,-40.9951,0.000,NORMAL,1,ROUTE,,,,,PREVIEW_DEFAULT
169.6941,-46.1553,-41.0881,0.000,NORMAL,1,ROUTE,,,,,PREVIEW_DEFAULT
169.7940,-46.1920,-41.1811,0.000,NORMAL,1,ROUTE,,,,,PREVIEW_DEFAULT
169.8940,-46.2290,-41.2740,0.000,NORMAL,1,ROUTE,,,,,PREVIEW_DEFAULT
169.9941,-46.2661,-41.3669,0.000,NORMAL,1,ROUTE,,,,,PREVIEW_DEFAULT
170.0940,-46.3035,-41.4596,0.000,NORMAL,1,ROUTE,,,,,PREVIEW_DEFAULT
170.1941,-46.3411,-41.5523,0.000,NORMAL,1,ROUTE,,,,,PREVIEW_DEFAULT
170.2941,-46.3789,-41.6449,0.000,NORMAL,1,ROUTE,,,,,PREVIEW_DEFAULT
170.3941,-46.4169,-41.7374,0.000,NORMAL,1,ROUTE,,,,,PREVIEW_DEFAULT
170.4940,-46.4552,-41.8297,0.000,NORMAL,1,ROUTE,,,,,PREVIEW_DEFAULT
170.5941,-46.4936,-41.9221,0.000,NORMAL,1,ROUTE,,,,,PREVIEW_DEFAULT
170.6940,-46.5322,-42.0143,0.000,NORMAL,1,ROUTE,,,,,PREVIEW_DEFAULT
170.7940,-46.5709,-42.1065,0.000,NORMAL,1,ROUTE,,,,,PREVIEW_DEFAULT
170.8940,-46.6098,-42.1986,0.000,NORMAL,1,ROUTE,,,,,PREVIEW_DEFAULT
170.9940,-46.6488,-42.2907,0.000,NORMAL,1,ROUTE,,,,,PREVIEW_DEFAULT
171.0941,-46.6879,-42.3828,0.000,NORMAL,1,ROUTE,,,,,PREVIEW_DEFAULT
171.1940,-46.7270,-42.4748,0.000,NORMAL,1,ROUTE,,,,,PREVIEW_DEFAULT
171.2940,-46.7662,-42.5668,0.000,NORMAL,1,ROUTE,,,,,PREVIEW_DEFAULT
171.3940,-46.8055,-42.6587,0.000,NORMAL,1,ROUTE,,,,,PREVIEW_DEFAULT
171.4940,-46.8448,-42.7507,0.000,NORMAL,1,ROUTE,,,,,PREVIEW_DEFAULT
171.5940,-46.8841,-42.8426,0.000,NORMAL,1,ROUTE,,,,,PREVIEW_DEFAULT
171.6940,-46.9235,-42.9345,0.000,NORMAL,1,ROUTE,,,,,PREVIEW_DEFAULT
171.7940,-46.9629,-43.0264,0.000,NORMAL,1,ROUTE,,,,,PREVIEW_DEFAULT
171.8940,-47.0023,-43.1183,0.000,NORMAL,1,ROUTE,,,,,PREVIEW_DEFAULT
171.9940,-47.0417,-43.2103,0.000,NORMAL,1,ROUTE,,,,,PREVIEW_DEFAULT
172.0940,-47.0811,-43.3022,0.000,NORMAL,1,ROUTE,,,,,PREVIEW_DEFAULT
172.1940,-47.1205,-43.3941,0.000,NORMAL,1,ROUTE,,,,,PREVIEW_DEFAULT
172.2940,-47.1598,-43.4860,0.000,NORMAL,1,ROUTE,,,,,PREVIEW_DEFAULT
172.3940,-47.1991,-43.5780,0.000,NORMAL,1,ROUTE,,,,,PREVIEW_DEFAULT
172.4940,-47.2383,-43.6700,0.000,NORMAL,1,ROUTE,,,,,PREVIEW_DEFAULT
172.5940,-47.2776,-43.7619,0.000,NORMAL,1,ROUTE,,,,,PREVIEW_DEFAULT
172.6940,-47.3169,-43.8539,0.000,NORMAL,1,ROUTE,,,,,PREVIEW_DEFAULT
172.7939,-47.3561,-43.9458,0.000,NORMAL,1,ROUTE,,,,,PREVIEW_DEFAULT
172.8940,-47.3955,-44.0378,0.000,NORMAL,1,ROUTE,,,,,PREVIEW_DEFAULT
172.9939,-47.4350,-44.1296,0.000,NORMAL,1,ROUTE,,,,,PREVIEW_DEFAULT
173.0939,-47.4747,-44.2214,0.000,NORMAL,1,ROUTE,,,,,PREVIEW_DEFAULT
173.1940,-47.5146,-44.3131,0.000,NORMAL,1,ROUTE,,,,,PREVIEW_DEFAULT
173.2939,-47.5547,-44.4047,0.000,NORMAL,1,ROUTE,,,,,PREVIEW_DEFAULT
173.3939,-47.5950,-44.4962,0.000,NORMAL,1,ROUTE,,,,,PREVIEW_DEFAULT
173.4940,-47.6357,-44.5876,0.000,NORMAL,1,ROUTE,,,,,PREVIEW_DEFAULT
173.5939,-47.6765,-44.6788,0.000,NORMAL,1,ROUTE,,,,,PREVIEW_DEFAULT
173.6939,-47.7176,-44.7700,0.000,NORMAL,1,ROUTE,,,,,PREVIEW_DEFAULT
173.7940,-47.7590,-44.8611,0.000,NORMAL,1,ROUTE,,,,,PREVIEW_DEFAULT
173.8939,-47.8005,-44.9520,0.000,NORMAL,1,ROUTE,,,,,PREVIEW_DEFAULT
173.9940,-47.8423,-45.0429,0.000,NORMAL,1,ROUTE,,,,,PREVIEW_DEFAULT
174.0940,-47.8842,-45.1337,0.000,NORMAL,1,ROUTE,,,,,PREVIEW_DEFAULT
174.1939,-47.9264,-45.2243,0.000,NORMAL,1,ROUTE,,,,,PREVIEW_DEFAULT
174.2939,-47.9688,-45.3149,0.000,NORMAL,1,ROUTE,,,,,PREVIEW_DEFAULT
174.3939,-48.0115,-45.4053,0.000,NORMAL,1,ROUTE,,,,,PREVIEW_DEFAULT
174.4939,-48.0545,-45.4956,0.000,NORMAL,1,ROUTE,,,,,PREVIEW_DEFAULT
174.5939,-48.0978,-45.5857,0.000,NORMAL,1,ROUTE,,,,,PREVIEW_DEFAULT
174.6939,-48.1416,-45.6756,0.000,NORMAL,1,ROUTE,,,,,PREVIEW_DEFAULT
174.7939,-48.1858,-45.7653,0.000,NORMAL,1,ROUTE,,,,,PREVIEW_DEFAULT
174.8939,-48.2303,-45.8548,0.000,NORMAL,1,ROUTE,,,,,PREVIEW_DEFAULT
174.9939,-48.2753,-45.9442,0.000,NORMAL,1,ROUTE,,,,,PREVIEW_DEFAULT
175.0939,-48.3207,-46.0333,0.000,NORMAL,1,ROUTE,,,,,PREVIEW_DEFAULT
175.1939,-48.3664,-46.1222,0.000,NORMAL,1,ROUTE,,,,,PREVIEW_DEFAULT
175.2939,-48.4125,-46.2109,0.000,NORMAL,1,ROUTE,,,,,PREVIEW_DEFAULT
175.3939,-48.4589,-46.2995,0.000,NORMAL,1,ROUTE,,,,,PREVIEW_DEFAULT
175.4939,-48.5057,-46.3879,0.000,NORMAL,1,ROUTE,,,,,PREVIEW_DEFAULT
175.5939,-48.5528,-46.4761,0.000,NORMAL,1,ROUTE,,,,,PREVIEW_DEFAULT
175.6938,-48.6004,-46.5640,0.000,NORMAL,1,ROUTE,,,,,PREVIEW_DEFAULT
175.7938,-48.6484,-46.6517,0.000,NORMAL,1,ROUTE,,,,,PREVIEW_DEFAULT
175.8938,-48.6970,-46.7391,0.000,NORMAL,1,ROUTE,,,,,PREVIEW_DEFAULT
175.9939,-48.7463,-46.8262,0.000,NORMAL,1,ROUTE,,,,,PREVIEW_DEFAULT
176.0939,-48.7964,-46.9127,0.000,NORMAL,1,ROUTE,,,,,PREVIEW_DEFAULT
176.1938,-48.8473,-46.9987,0.000,NORMAL,1,ROUTE,,,,,PREVIEW_DEFAULT
176.2938,-48.8994,-47.0841,0.000,NORMAL,1,ROUTE,,,,,PREVIEW_DEFAULT
176.3939,-48.9526,-47.1688,0.000,NORMAL,1,ROUTE,,,,,PREVIEW_DEFAULT
176.4938,-49.0072,-47.2525,0.000,NORMAL,1,ROUTE,,,,,PREVIEW_DEFAULT
176.5938,-49.0633,-47.3353,0.000,NORMAL,1,ROUTE,,,,,PREVIEW_DEFAULT
176.6939,-49.1209,-47.4171,0.000,NORMAL,1,ROUTE,,,,,PREVIEW_DEFAULT
176.7938,-49.1802,-47.4976,0.000,NORMAL,1,ROUTE,,,,,PREVIEW_DEFAULT
176.8938,-49.2411,-47.5769,0.000,NORMAL,1,ROUTE,,,,,PREVIEW_DEFAULT
176.9938,-49.3036,-47.6549,0.000,NORMAL,1,ROUTE,,,,,PREVIEW_DEFAULT
177.0938,-49.3679,-47.7315,0.000,NORMAL,1,ROUTE,,,,,PREVIEW_DEFAULT
177.1938,-49.4339,-47.8066,0.000,NORMAL,1,ROUTE,,,,,PREVIEW_DEFAULT
177.2938,-49.5017,-47.8802,0.000,NORMAL,1,ROUTE,,,,,PREVIEW_DEFAULT
177.3938,-49.5711,-47.9521,0.000,NORMAL,1,ROUTE,,,,,PREVIEW_DEFAULT
177.4938,-49.6422,-48.0224,0.000,NORMAL,1,ROUTE,,,,,PREVIEW_DEFAULT
177.5938,-49.7150,-48.0910,0.000,NORMAL,1,ROUTE,,,,,PREVIEW_DEFAULT
177.6938,-49.7894,-48.1578,0.000,NORMAL,1,ROUTE,,,,,PREVIEW_DEFAULT
177.7938,-49.8654,-48.2228,0.000,NORMAL,1,ROUTE,,,,,PREVIEW_DEFAULT
177.8937,-49.9429,-48.2859,0.000,NORMAL,1,ROUTE,,,,,PREVIEW_DEFAULT
177.9938,-50.0220,-48.3472,0.000,NORMAL,1,ROUTE,,,,,PREVIEW_DEFAULT
178.0937,-50.1025,-48.4064,0.000,NORMAL,1,ROUTE,,,,,PREVIEW_DEFAULT
178.1938,-50.1845,-48.4637,0.000,NORMAL,1,ROUTE,,,,,PREVIEW_DEFAULT
178.2938,-50.2678,-48.5191,0.000,NORMAL,1,ROUTE,,,,,PREVIEW_DEFAULT
178.3937,-50.3523,-48.5724,0.000,NORMAL,1,ROUTE,,,,,PREVIEW_DEFAULT
178.4937,-50.4381,-48.6238,0.000,NORMAL,1,ROUTE,,,,,PREVIEW_DEFAULT
178.5937,-50.5251,-48.6731,0.000,NORMAL,1,ROUTE,,,,,PREVIEW_DEFAULT
178.6937,-50.6133,-48.7202,0.000,NORMAL,1,ROUTE,,,,,PREVIEW_DEFAULT
178.7937,-50.7027,-48.7651,0.000,NORMAL,1,ROUTE,,,,,PREVIEW_DEFAULT
178.8937,-50.7932,-48.8076,0.000,NORMAL,1,ROUTE,,,,,PREVIEW_DEFAULT
178.9937,-50.8848,-48.8477,0.000,NORMAL,1,ROUTE,,,,,PREVIEW_DEFAULT
179.0937,-50.9775,-48.8851,0.000,NORMAL,1,ROUTE,,,,,PREVIEW_DEFAULT
179.1937,-51.0713,-48.9198,0.000,NORMAL,1,ROUTE,,,,,PREVIEW_DEFAULT
179.2937,-51.1661,-48.9516,0.000,NORMAL,1,ROUTE,,,,,PREVIEW_DEFAULT
179.3937,-51.2619,-48.9803,0.000,NORMAL,1,ROUTE,,,,,PREVIEW_DEFAULT
179.4937,-51.3586,-49.0058,0.000,NORMAL,1,ROUTE,,,,,PREVIEW_DEFAULT
179.5937,-51.4561,-49.0278,0.000,NORMAL,1,ROUTE,,,,,PREVIEW_DEFAULT
179.6937,-51.5544,-49.0462,0.000,NORMAL,1,ROUTE,,,,,PREVIEW_DEFAULT
179.7937,-51.6534,-49.0607,0.000,NORMAL,1,ROUTE,,,,,PREVIEW_DEFAULT
179.8937,-51.7528,-49.0712,0.000,NORMAL,1,ROUTE,,,,,PREVIEW_DEFAULT
179.9937,-51.8526,-49.0778,0.000,NORMAL,1,ROUTE,,,,,PREVIEW_DEFAULT
180.0936,-51.9525,-49.0805,0.000,NORMAL,1,ROUTE,,,,,PREVIEW_DEFAULT
180.1936,-52.0525,-49.0795,0.000,NORMAL,1,ROUTE,,,,,PREVIEW_DEFAULT
180.2936,-52.1524,-49.0749,0.000,NORMAL,1,ROUTE,,,,,PREVIEW_DEFAULT
180.3936,-52.2520,-49.0668,0.000,NORMAL,1,ROUTE,,,,,PREVIEW_DEFAULT
180.4936,-52.3514,-49.0556,0.000,NORMAL,1,ROUTE,,,,,PREVIEW_DEFAULT
180.5936,-52.4504,-49.0415,0.000,NORMAL,1,ROUTE,,,,,PREVIEW_DEFAULT
180.6936,-52.5490,-49.0246,0.000,NORMAL,1,ROUTE,,,,,PREVIEW_DEFAULT
180.7936,-52.6471,-49.0052,0.000,NORMAL,1,ROUTE,,,,,PREVIEW_DEFAULT
180.8936,-52.7447,-48.9835,0.000,NORMAL,1,ROUTE,,,,,PREVIEW_DEFAULT
180.9936,-52.8418,-48.9596,0.000,NORMAL,1,ROUTE,,,,,PREVIEW_DEFAULT
181.0935,-52.9383,-48.9336,0.000,NORMAL,1,ROUTE,,,,,PREVIEW_DEFAULT
181.1935,-53.0343,-48.9056,0.000,NORMAL,1,ROUTE,,,,,PREVIEW_DEFAULT
181.2935,-53.1297,-48.8757,0.000,NORMAL,1,ROUTE,,,,,PREVIEW_DEFAULT
181.3935,-53.2245,-48.8438,0.000,NORMAL,1,ROUTE,,,,,PREVIEW_DEFAULT
181.4935,-53.3186,-48.8100,0.000,NORMAL,1,ROUTE,,,,,PREVIEW_DEFAULT
181.5935,-53.4120,-48.7743,0.000,NORMAL,1,ROUTE,,,,,PREVIEW_DEFAULT
181.6935,-53.5047,-48.7368,0.000,NORMAL,1,ROUTE,,,,,PREVIEW_DEFAULT
181.7936,-53.5967,-48.6975,0.000,NORMAL,1,ROUTE,,,,,PREVIEW_DEFAULT
181.8935,-53.6879,-48.6566,0.000,NORMAL,1,ROUTE,,,,,PREVIEW_DEFAULT
181.9935,-53.7785,-48.6142,0.000,NORMAL,1,ROUTE,,,,,PREVIEW_DEFAULT
182.0935,-53.8683,-48.5703,0.000,NORMAL,1,ROUTE,,,,,PREVIEW_DEFAULT
182.1935,-53.9575,-48.5250,0.000,NORMAL,1,ROUTE,,,,,PREVIEW_DEFAULT
182.2935,-54.0460,-48.4785,0.000,NORMAL,1,ROUTE,,,,,PREVIEW_DEFAULT
182.3935,-54.1338,-48.4307,0.000,NORMAL,1,ROUTE,,,,,PREVIEW_DEFAULT
182.4935,-54.2211,-48.3818,0.000,NORMAL,1,ROUTE,,,,,PREVIEW_DEFAULT
182.5935,-54.3077,-48.3318,0.000,NORMAL,1,ROUTE,,,,,PREVIEW_DEFAULT
182.6935,-54.3937,-48.2808,0.000,NORMAL,1,ROUTE,,,,,PREVIEW_DEFAULT
182.7935,-54.4791,-48.2289,0.000,NORMAL,1,ROUTE,,,,,PREVIEW_DEFAULT
182.8935,-54.5641,-48.1761,0.000,NORMAL,1,ROUTE,,,,,PREVIEW_DEFAULT
182.9935,-54.6485,-48.1225,0.000,NORMAL,1,ROUTE,,,,,PREVIEW_DEFAULT
183.0935,-54.7324,-48.0681,0.000,NORMAL,1,ROUTE,,,,,PREVIEW_DEFAULT
183.1935,-54.8159,-48.0131,0.000,NORMAL,1,ROUTE,,,,,PREVIEW_DEFAULT
183.2935,-54.8989,-47.9573,0.000,NORMAL,1,ROUTE,,,,,PREVIEW_DEFAULT
183.3934,-54.9814,-47.9009,0.000,NORMAL,1,ROUTE,,,,,PREVIEW_DEFAULT
183.4935,-55.0636,-47.8439,0.000,NORMAL,1,ROUTE,,,,,PREVIEW_DEFAULT
183.5935,-55.1453,-47.7862,0.000,NORMAL,1,ROUTE,,,,,PREVIEW_DEFAULT
183.6935,-55.2266,-47.7280,0.000,NORMAL,1,ROUTE,,,,,PREVIEW_DEFAULT
183.7935,-55.3074,-47.6691,0.000,NORMAL,1,ROUTE,,,,,PREVIEW_DEFAULT
183.8934,-55.3878,-47.6097,0.000,NORMAL,1,ROUTE,,,,,PREVIEW_DEFAULT
183.9935,-55.4678,-47.5496,0.000,NORMAL,1,ROUTE,,,,,PREVIEW_DEFAULT
184.0934,-55.5472,-47.4889,0.000,NORMAL,1,ROUTE,,,,,PREVIEW_DEFAULT
184.1935,-55.6261,-47.4274,0.000,NORMAL,1,ROUTE,,,,,PREVIEW_DEFAULT
184.2935,-55.7044,-47.3652,0.000,NORMAL,1,ROUTE,,,,,PREVIEW_DEFAULT
184.3934,-55.7821,-47.3023,0.000,NORMAL,1,ROUTE,,,,,PREVIEW_DEFAULT
184.4934,-55.8590,-47.2384,0.000,NORMAL,1,ROUTE,,,,,PREVIEW_DEFAULT
184.5934,-55.9352,-47.1737,0.000,NORMAL,1,ROUTE,,,,,PREVIEW_DEFAULT
184.6935,-56.0106,-47.1079,0.000,NORMAL,1,ROUTE,,,,,PREVIEW_DEFAULT
184.7934,-56.0850,-47.0411,0.000,NORMAL,1,ROUTE,,,,,PREVIEW_DEFAULT
184.8934,-56.1583,-46.9731,0.000,NORMAL,1,ROUTE,,,,,PREVIEW_DEFAULT
184.9934,-56.2305,-46.9039,0.000,NORMAL,1,ROUTE,,,,,PREVIEW_DEFAULT
185.0934,-56.3013,-46.8333,0.000,NORMAL,1,ROUTE,,,,,PREVIEW_DEFAULT
185.1934,-56.3708,-46.7614,0.000,NORMAL,1,ROUTE,,,,,PREVIEW_DEFAULT
185.2934,-56.4388,-46.6881,0.000,NORMAL,1,ROUTE,,,,,PREVIEW_DEFAULT
185.3934,-56.5053,-46.6134,0.000,NORMAL,1,ROUTE,,,,,PREVIEW_DEFAULT
185.4934,-56.5701,-46.5372,0.000,NORMAL,1,ROUTE,,,,,PREVIEW_DEFAULT
185.5934,-56.6331,-46.4596,0.000,NORMAL,1,ROUTE,,,,,PREVIEW_DEFAULT
185.6934,-56.6944,-46.3806,0.000,NORMAL,1,ROUTE,,,,,PREVIEW_DEFAULT
185.7933,-56.7539,-46.3003,0.000,NORMAL,1,ROUTE,,,,,PREVIEW_DEFAULT
185.8934,-56.8115,-46.2185,0.000,NORMAL,1,ROUTE,,,,,PREVIEW_DEFAULT
185.9934,-56.8671,-46.1354,0.000,NORMAL,1,ROUTE,,,,,PREVIEW_DEFAULT
186.0934,-56.9208,-46.0510,0.000,NORMAL,1,ROUTE,,,,,PREVIEW_DEFAULT
186.1934,-56.9726,-45.9655,0.000,NORMAL,1,ROUTE,,,,,PREVIEW_DEFAULT
186.2933,-57.0227,-45.8790,0.000,NORMAL,1,ROUTE,,,,,PREVIEW_DEFAULT
186.3933,-57.0711,-45.7915,0.000,NORMAL,1,ROUTE,,,,,PREVIEW_DEFAULT
186.4933,-57.1180,-45.7032,0.000,NORMAL,1,ROUTE,,,,,PREVIEW_DEFAULT
186.5933,-57.1635,-45.6141,0.000,NORMAL,1,ROUTE,,,,,PREVIEW_DEFAULT
186.6933,-57.2077,-45.5244,0.000,NORMAL,1,ROUTE,,,,,PREVIEW_DEFAULT
186.7934,-57.2507,-45.4341,0.000,NORMAL,1,ROUTE,,,,,PREVIEW_DEFAULT
186.8933,-57.2925,-45.3433,0.000,NORMAL,1,ROUTE,,,,,PREVIEW_DEFAULT
186.9933,-57.3331,-45.2519,0.000,NORMAL,1,ROUTE,,,,,PREVIEW_DEFAULT
187.0933,-57.3725,-45.1600,0.000,NORMAL,1,ROUTE,,,,,PREVIEW_DEFAULT
187.1933,-57.4107,-45.0676,0.000,NORMAL,1,ROUTE,,,,,PREVIEW_DEFAULT
187.2933,-57.4476,-44.9747,0.000,NORMAL,1,ROUTE,,,,,PREVIEW_DEFAULT
187.3933,-57.4832,-44.8812,0.000,NORMAL,1,ROUTE,,,,,PREVIEW_DEFAULT
187.4933,-57.5174,-44.7872,0.000,NORMAL,1,ROUTE,,,,,PREVIEW_DEFAULT
187.5933,-57.5501,-44.6927,0.000,NORMAL,1,ROUTE,,,,,PREVIEW_DEFAULT
187.6933,-57.5813,-44.5977,0.000,NORMAL,1,ROUTE,,,,,PREVIEW_DEFAULT
187.7933,-57.6110,-44.5023,0.000,NORMAL,1,ROUTE,,,,,PREVIEW_DEFAULT
187.8932,-57.6393,-44.4064,0.000,NORMAL,1,ROUTE,,,,,PREVIEW_DEFAULT
187.9932,-57.6662,-44.3101,0.000,NORMAL,1,ROUTE,,,,,PREVIEW_DEFAULT
188.0933,-57.6920,-44.2134,0.000,NORMAL,1,ROUTE,,,,,PREVIEW_DEFAULT
188.1932,-57.7168,-44.1166,0.000,NORMAL,1,ROUTE,,,,,PREVIEW_DEFAULT
188.2932,-57.7407,-44.0195,0.000,NORMAL,1,ROUTE,,,,,PREVIEW_DEFAULT
188.3933,-57.7639,-43.9222,0.000,NORMAL,1,ROUTE,,,,,PREVIEW_DEFAULT
188.4933,-57.7866,-43.8248,0.000,NORMAL,1,ROUTE,,,,,PREVIEW_DEFAULT
188.5933,-57.8088,-43.7273,0.000,NORMAL,1,ROUTE,,,,,PREVIEW_DEFAULT
188.6933,-57.8307,-43.6297,0.000,NORMAL,1,ROUTE,,,,,PREVIEW_DEFAULT
188.7933,-57.8524,-43.5321,0.000,NORMAL,1,ROUTE,,,,,PREVIEW_DEFAULT
188.8933,-57.8737,-43.4344,0.000,NORMAL,1,ROUTE,,,,,PREVIEW_DEFAULT
188.9932,-57.8948,-43.3367,0.000,NORMAL,1,ROUTE,,,,,PREVIEW_DEFAULT
189.0932,-57.9155,-43.2389,0.000,NORMAL,1,ROUTE,,,,,PREVIEW_DEFAULT
189.1933,-57.9359,-43.1409,0.000,NORMAL,1,ROUTE,,,,,PREVIEW_DEFAULT
189.2933,-57.9557,-43.0429,0.000,NORMAL,1,ROUTE,,,,,PREVIEW_DEFAULT
189.3932,-57.9749,-42.9448,0.000,NORMAL,1,ROUTE,,,,,PREVIEW_DEFAULT
189.4933,-57.9934,-42.8465,0.000,NORMAL,1,ROUTE,,,,,PREVIEW_DEFAULT
189.5932,-58.0109,-42.7481,0.000,NORMAL,1,ROUTE,,,,,PREVIEW_DEFAULT
189.6932,-58.0272,-42.6494,0.000,NORMAL,1,ROUTE,,,,,PREVIEW_DEFAULT
189.7932,-58.0423,-42.5506,0.000,NORMAL,1,ROUTE,,,,,PREVIEW_DEFAULT
189.8932,-58.0559,-42.4515,0.000,NORMAL,1,ROUTE,,,,,PREVIEW_DEFAULT
189.9932,-58.0677,-42.3522,0.000,NORMAL,1,ROUTE,,,,,PREVIEW_DEFAULT
190.0932,-58.0778,-42.2527,0.000,NORMAL,1,ROUTE,,,,,PREVIEW_DEFAULT
190.1932,-58.0858,-42.1530,0.000,NORMAL,1,ROUTE,,,,,PREVIEW_DEFAULT
190.2932,-58.0918,-42.0532,0.000,NORMAL,1,ROUTE,,,,,PREVIEW_DEFAULT
190.3932,-58.0958,-41.9533,0.000,NORMAL,1,ROUTE,,,,,PREVIEW_DEFAULT
190.4932,-58.0979,-41.8533,0.000,NORMAL,1,ROUTE,,,,,PREVIEW_DEFAULT
190.5932,-58.0980,-41.7533,0.000,NORMAL,1,ROUTE,,,,,PREVIEW_DEFAULT
190.6931,-58.0965,-41.6534,0.000,NORMAL,1,ROUTE,,,,,PREVIEW_DEFAULT
190.7932,-58.0935,-41.5534,0.000,NORMAL,1,ROUTE,,,,,PREVIEW_DEFAULT
190.8932,-58.0890,-41.4535,0.000,NORMAL,1,ROUTE,,,,,PREVIEW_DEFAULT
190.9931,-58.0833,-41.3537,0.000,NORMAL,1,ROUTE,,,,,PREVIEW_DEFAULT
191.0932,-58.0765,-41.2539,0.000,NORMAL,1,ROUTE,,,,,PREVIEW_DEFAULT
191.1932,-58.0687,-41.1542,0.000,NORMAL,1,ROUTE,,,,,PREVIEW_DEFAULT
191.2931,-58.0603,-41.0546,0.000,NORMAL,1,ROUTE,,,,,PREVIEW_DEFAULT
191.3931,-58.0513,-40.9550,0.000,NORMAL,1,ROUTE,,,,,PREVIEW_DEFAULT
191.4466,-58.0463,-40.9018,0.000,NORMAL,1,S_CURVE,S_CURVE_START,ENTER_ZONE,,,PREVIEW_DEFAULT
191.4932,-58.0419,-40.8554,0.000,NORMAL,1,S_CURVE,,,,,PREVIEW_DEFAULT
191.5932,-58.0322,-40.7559,0.000,NORMAL,1,S_CURVE,,,,,PREVIEW_DEFAULT
191.6931,-58.0223,-40.6564,0.000,NORMAL,1,S_CURVE,,,,,PREVIEW_DEFAULT
191.7932,-58.0123,-40.5569,0.000,NORMAL,1,S_CURVE,,,,,PREVIEW_DEFAULT
191.8932,-58.0022,-40.4574,0.000,NORMAL,1,S_CURVE,,,,,PREVIEW_DEFAULT
191.9932,-57.9921,-40.3579,0.000,NORMAL,1,S_CURVE,,,,,PREVIEW_DEFAULT
192.0932,-57.9821,-40.2584,0.000,NORMAL,1,S_CURVE,,,,,PREVIEW_DEFAULT
192.1932,-57.9723,-40.1589,0.000,NORMAL,1,S_CURVE,,,,,PREVIEW_DEFAULT
192.2931,-57.9626,-40.0594,0.000,NORMAL,1,S_CURVE,,,,,PREVIEW_DEFAULT
192.3932,-57.9533,-39.9598,0.000,NORMAL,1,S_CURVE,,,,,PREVIEW_DEFAULT
192.4932,-57.9443,-39.8602,0.000,NORMAL,1,S_CURVE,,,,,PREVIEW_DEFAULT
192.5931,-57.9357,-39.7606,0.000,NORMAL,1,S_CURVE,,,,,PREVIEW_DEFAULT
192.6931,-57.9275,-39.6610,0.000,NORMAL,1,S_CURVE,,,,,PREVIEW_DEFAULT
192.7931,-57.9197,-39.5613,0.000,NORMAL,1,S_CURVE,,,,,PREVIEW_DEFAULT
192.8932,-57.9123,-39.4615,0.000,NORMAL,1,S_CURVE,,,,,PREVIEW_DEFAULT
192.9931,-57.9054,-39.3618,0.000,NORMAL,1,S_CURVE,,,,,PREVIEW_DEFAULT
193.0931,-57.8987,-39.2620,0.000,NORMAL,1,S_CURVE,,,,,PREVIEW_DEFAULT
193.1931,-57.8923,-39.1622,0.000,NORMAL,1,S_CURVE,,,,,PREVIEW_DEFAULT
193.2931,-57.8859,-39.0624,0.000,NORMAL,1,S_CURVE,,,,,PREVIEW_DEFAULT
193.3931,-57.8795,-38.9626,0.000,NORMAL,1,S_CURVE,,,,,PREVIEW_DEFAULT
193.4930,-57.8729,-38.8629,0.000,NORMAL,1,S_CURVE,,,,,PREVIEW_DEFAULT
193.5931,-57.8661,-38.7631,0.000,NORMAL,1,S_CURVE,,,,,PREVIEW_DEFAULT
193.6930,-57.8588,-38.6634,0.000,NORMAL,1,S_CURVE,,,,,PREVIEW_DEFAULT
193.7930,-57.8512,-38.5637,0.000,NORMAL,1,S_CURVE,,,,,PREVIEW_DEFAULT
193.8930,-57.8433,-38.4640,0.000,NORMAL,1,S_CURVE,,,,,PREVIEW_DEFAULT
193.9931,-57.8351,-38.3643,0.000,NORMAL,1,S_CURVE,,,,,PREVIEW_DEFAULT
194.0930,-57.8268,-38.2647,0.000,NORMAL,1,S_CURVE,,,,,PREVIEW_DEFAULT
194.1931,-57.8185,-38.1650,0.000,NORMAL,1,S_CURVE,,,,,PREVIEW_DEFAULT
194.2931,-57.8104,-38.0653,0.000,NORMAL,1,S_CURVE,,,,,PREVIEW_DEFAULT
194.3931,-57.8027,-37.9656,0.000,NORMAL,1,S_CURVE,,,,,PREVIEW_DEFAULT
194.4931,-57.7954,-37.8659,0.000,NORMAL,1,S_CURVE,,,,,PREVIEW_DEFAULT
194.5931,-57.7886,-37.7661,0.000,NORMAL,1,S_CURVE,,,,,PREVIEW_DEFAULT
194.6931,-57.7824,-37.6663,0.000,NORMAL,1,S_CURVE,,,,,PREVIEW_DEFAULT
194.7931,-57.7767,-37.5665,0.000,NORMAL,1,S_CURVE,,,,,PREVIEW_DEFAULT
194.8931,-57.7717,-37.4666,0.000,NORMAL,1,S_CURVE,,,,,PREVIEW_DEFAULT
194.9931,-57.7672,-37.3667,0.000,NORMAL,1,S_CURVE,,,,,PREVIEW_DEFAULT
195.0931,-57.7632,-37.2668,0.000,NORMAL,1,S_CURVE,,,,,PREVIEW_DEFAULT
195.1930,-57.7597,-37.1669,0.000,NORMAL,1,S_CURVE,,,,,PREVIEW_DEFAULT
195.2931,-57.7567,-37.0669,0.000,NORMAL,1,S_CURVE,,,,,PREVIEW_DEFAULT
195.3930,-57.7542,-36.9670,0.000,NORMAL,1,S_CURVE,,,,,PREVIEW_DEFAULT
195.4930,-57.7523,-36.8670,0.000,NORMAL,1,S_CURVE,,,,,PREVIEW_DEFAULT
195.5930,-57.7509,-36.7670,0.000,NORMAL,1,S_CURVE,,,,,PREVIEW_DEFAULT
195.6930,-57.7500,-36.6670,0.000,NORMAL,1,S_CURVE,,,,,PREVIEW_DEFAULT
195.7930,-57.7499,-36.5670,0.000,NORMAL,1,S_CURVE,,,,,PREVIEW_DEFAULT
195.8930,-57.7504,-36.4670,0.000,NORMAL,1,S_CURVE,,,,,PREVIEW_DEFAULT
195.9930,-57.7517,-36.3670,0.000,NORMAL,1,S_CURVE,,,,,PREVIEW_DEFAULT
196.0930,-57.7538,-36.2671,0.000,NORMAL,1,S_CURVE,,,,,PREVIEW_DEFAULT
196.1930,-57.7569,-36.1671,0.000,NORMAL,1,S_CURVE,,,,,PREVIEW_DEFAULT
196.2930,-57.7610,-36.0672,0.000,NORMAL,1,S_CURVE,,,,,PREVIEW_DEFAULT
196.3930,-57.7661,-35.9673,0.000,NORMAL,1,S_CURVE,,,,,PREVIEW_DEFAULT
196.4930,-57.7724,-35.8675,0.000,NORMAL,1,S_CURVE,,,,,PREVIEW_DEFAULT
196.5930,-57.7798,-35.7678,0.000,NORMAL,1,S_CURVE,,,,,PREVIEW_DEFAULT
196.6930,-57.7886,-35.6682,0.000,NORMAL,1,S_CURVE,,,,,PREVIEW_DEFAULT
196.7930,-57.7986,-35.5687,0.000,NORMAL,1,S_CURVE,,,,,PREVIEW_DEFAULT
196.8930,-57.8101,-35.4694,0.000,NORMAL,1,S_CURVE,,,,,PREVIEW_DEFAULT
196.9930,-57.8231,-35.3702,0.000,NORMAL,1,S_CURVE,,,,,PREVIEW_DEFAULT
197.0929,-57.8375,-35.2713,0.000,NORMAL,1,S_CURVE,,,,,PREVIEW_DEFAULT
197.1930,-57.8533,-35.1725,0.000,NORMAL,1,S_CURVE,,,,,PREVIEW_DEFAULT
197.2929,-57.8707,-35.0741,0.000,NORMAL,1,S_CURVE,,,,,PREVIEW_DEFAULT
197.3930,-57.8894,-34.9758,0.000,NORMAL,1,S_CURVE,,,,,PREVIEW_DEFAULT
197.4929,-57.9096,-34.8779,0.000,NORMAL,1,S_CURVE,,,,,PREVIEW_DEFAULT
197.5930,-57.9311,-34.7802,0.000,NORMAL,1,S_CURVE,,,,,PREVIEW_DEFAULT
197.6929,-57.9540,-34.6829,0.000,NORMAL,1,S_CURVE,,,,,PREVIEW_DEFAULT
197.7930,-57.9781,-34.5858,0.000,NORMAL,1,S_CURVE,,,,,PREVIEW_DEFAULT
197.8929,-58.0034,-34.4891,0.000,NORMAL,1,S_CURVE,,,,,PREVIEW_DEFAULT
197.9929,-58.0298,-34.3927,0.000,NORMAL,1,S_CURVE,,,,,PREVIEW_DEFAULT
198.0929,-58.0573,-34.2965,0.000,NORMAL,1,S_CURVE,,,,,PREVIEW_DEFAULT
198.1929,-58.0857,-34.2007,0.000,NORMAL,1,S_CURVE,,,,,PREVIEW_DEFAULT
198.2929,-58.1151,-34.1051,0.000,NORMAL,1,S_CURVE,,,,,PREVIEW_DEFAULT
198.3929,-58.1454,-34.0098,0.000,NORMAL,1,S_CURVE,,,,,PREVIEW_DEFAULT
198.4929,-58.1765,-33.9147,0.000,NORMAL,1,S_CURVE,,,,,PREVIEW_DEFAULT
198.5930,-58.2084,-33.8199,0.000,NORMAL,1,S_CURVE,,,,,PREVIEW_DEFAULT
198.6929,-58.2410,-33.7254,0.000,NORMAL,1,S_CURVE,,,,,PREVIEW_DEFAULT
198.7929,-58.2743,-33.6311,0.000,NORMAL,1,S_CURVE,,,,,PREVIEW_DEFAULT
198.8929,-58.3084,-33.5371,0.000,NORMAL,1,S_CURVE,,,,,PREVIEW_DEFAULT
198.9929,-58.3431,-33.4433,0.000,NORMAL,1,S_CURVE,,,,,PREVIEW_DEFAULT
199.0929,-58.3784,-33.3498,0.000,NORMAL,1,S_CURVE,,,,,PREVIEW_DEFAULT
199.1929,-58.4144,-33.2565,0.000,NORMAL,1,S_CURVE,,,,,PREVIEW_DEFAULT
199.2928,-58.4510,-33.1635,0.000,NORMAL,1,S_CURVE,,,,,PREVIEW_DEFAULT
199.3929,-58.4883,-33.0707,0.000,NORMAL,1,S_CURVE,,,,,PREVIEW_DEFAULT
199.4929,-58.5263,-32.9782,0.000,NORMAL,1,S_CURVE,,,,,PREVIEW_DEFAULT
199.5928,-58.5650,-32.8860,0.000,NORMAL,1,S_CURVE,,,,,PREVIEW_DEFAULT
199.6929,-58.6046,-32.7941,0.000,NORMAL,1,S_CURVE,,,,,PREVIEW_DEFAULT
199.7928,-58.6450,-32.7027,0.000,NORMAL,1,S_CURVE,,,,,PREVIEW_DEFAULT
199.8929,-58.6863,-32.6116,0.000,NORMAL,1,S_CURVE,,,,,PREVIEW_DEFAULT
199.9929,-58.7287,-32.5210,0.000,NORMAL,1,S_CURVE,,,,,PREVIEW_DEFAULT
200.0928,-58.7721,-32.4310,0.000,NORMAL,1,S_CURVE,,,,,PREVIEW_DEFAULT
200.1928,-58.8167,-32.3415,0.000,NORMAL,1,S_CURVE,,,,,PREVIEW_DEFAULT
200.2928,-58.8625,-32.2526,0.000,NORMAL,1,S_CURVE,,,,,PREVIEW_DEFAULT
200.3928,-58.9096,-32.1644,0.000,NORMAL,1,S_CURVE,,,,,PREVIEW_DEFAULT
200.4928,-58.9580,-32.0769,0.000,NORMAL,1,S_CURVE,,,,,PREVIEW_DEFAULT
200.5928,-59.0077,-31.9901,0.000,NORMAL,1,S_CURVE,,,,,PREVIEW_DEFAULT
200.6928,-59.0587,-31.9041,0.000,NORMAL,1,S_CURVE,,,,,PREVIEW_DEFAULT
200.7929,-59.1110,-31.8188,0.000,NORMAL,1,S_CURVE,,,,,PREVIEW_DEFAULT
200.8928,-59.1646,-31.7344,0.000,NORMAL,1,S_CURVE,,,,,PREVIEW_DEFAULT
200.9928,-59.2195,-31.6509,0.000,NORMAL,1,S_CURVE,,,,,PREVIEW_DEFAULT
201.0928,-59.2758,-31.5682,0.000,NORMAL,1,S_CURVE,,,,,PREVIEW_DEFAULT
201.1928,-59.3335,-31.4865,0.000,NORMAL,1,S_CURVE,,,,,PREVIEW_DEFAULT
201.2928,-59.3925,-31.4058,0.000,NORMAL,1,S_CURVE,,,,,PREVIEW_DEFAULT
201.3928,-59.4529,-31.3261,0.000,NORMAL,1,S_CURVE,,,,,PREVIEW_DEFAULT
201.4928,-59.5146,-31.2474,0.000,NORMAL,1,S_CURVE,,,,,PREVIEW_DEFAULT
201.5928,-59.5777,-31.1699,0.000,NORMAL,1,S_CURVE,,,,,PREVIEW_DEFAULT
201.6928,-59.6422,-31.0934,0.000,NORMAL,1,S_CURVE,,,,,PREVIEW_DEFAULT
201.7928,-59.7081,-31.0182,0.000,NORMAL,1,S_CURVE,,,,,PREVIEW_DEFAULT
201.8928,-59.7754,-30.9442,0.000,NORMAL,1,S_CURVE,,,,,PREVIEW_DEFAULT
201.9928,-59.8440,-30.8715,0.000,NORMAL,1,S_CURVE,,,,,PREVIEW_DEFAULT
202.0928,-59.9141,-30.8002,0.000,NORMAL,1,S_CURVE,,,,,PREVIEW_DEFAULT
202.1928,-59.9855,-30.7302,0.000,NORMAL,1,S_CURVE,,,,,PREVIEW_DEFAULT
202.2927,-60.0582,-30.6616,0.000,NORMAL,1,S_CURVE,,,,,PREVIEW_DEFAULT
202.3928,-60.1323,-30.5944,0.000,NORMAL,1,S_CURVE,,,,,PREVIEW_DEFAULT
202.4928,-60.2077,-30.5287,0.000,NORMAL,1,S_CURVE,,,,,PREVIEW_DEFAULT
202.5927,-60.2842,-30.4644,0.000,NORMAL,1,S_CURVE,,,,,PREVIEW_DEFAULT
202.6927,-60.3619,-30.4014,0.000,NORMAL,1,S_CURVE,,,,,PREVIEW_DEFAULT
202.7927,-60.4406,-30.3397,0.000,NORMAL,1,S_CURVE,,,,,PREVIEW_DEFAULT
202.8927,-60.5202,-30.2792,0.000,NORMAL,1,S_CURVE,,,,,PREVIEW_DEFAULT
202.9927,-60.6006,-30.2197,0.000,NORMAL,1,S_CURVE,,,,,PREVIEW_DEFAULT
203.0928,-60.6818,-30.1613,0.000,NORMAL,1,S_CURVE,,,,,PREVIEW_DEFAULT
203.1927,-60.7636,-30.1038,0.000,NORMAL,1,S_CURVE,,,,,PREVIEW_DEFAULT
203.2927,-60.8460,-30.0472,0.000,NORMAL,1,S_CURVE,,,,,PREVIEW_DEFAULT
203.3927,-60.9290,-29.9914,0.000,NORMAL,1,S_CURVE,,,,,PREVIEW_DEFAULT
203.4927,-61.0124,-29.9363,0.000,NORMAL,1,S_CURVE,,,,,PREVIEW_DEFAULT
203.5927,-61.0964,-29.8820,0.000,NORMAL,1,S_CURVE,,,,,PREVIEW_DEFAULT
203.6927,-61.1808,-29.8284,0.000,NORMAL,1,S_CURVE,,,,,PREVIEW_DEFAULT
203.7927,-61.2657,-29.7755,0.000,NORMAL,1,S_CURVE,,,,,PREVIEW_DEFAULT
203.8927,-61.3510,-29.7233,0.000,NORMAL,1,S_CURVE,,,,,PREVIEW_DEFAULT
203.9927,-61.4367,-29.6718,0.000,NORMAL,1,S_CURVE,,,,,PREVIEW_DEFAULT
204.0927,-61.5228,-29.6209,0.000,NORMAL,1,S_CURVE,,,,,PREVIEW_DEFAULT
204.1927,-61.6093,-29.5708,0.000,NORMAL,1,S_CURVE,,,,,PREVIEW_DEFAULT
204.2926,-61.6962,-29.5214,0.000,NORMAL,1,S_CURVE,,,,,PREVIEW_DEFAULT
204.3927,-61.7836,-29.4727,0.000,NORMAL,1,S_CURVE,,,,,PREVIEW_DEFAULT
204.4927,-61.8714,-29.4249,0.000,NORMAL,1,S_CURVE,,,,,PREVIEW_DEFAULT
204.5927,-61.9597,-29.3779,0.000,NORMAL,1,S_CURVE,,,,,PREVIEW_DEFAULT
204.6927,-62.0484,-29.3318,0.000,NORMAL,1,S_CURVE,,,,,PREVIEW_DEFAULT
204.7927,-62.1377,-29.2867,0.000,NORMAL,1,S_CURVE,,,,,PREVIEW_DEFAULT
204.8926,-62.2274,-29.2427,0.000,NORMAL,1,S_CURVE,,,,,PREVIEW_DEFAULT
204.9927,-62.3178,-29.1998,0.000,NORMAL,1,S_CURVE,,,,,PREVIEW_DEFAULT
205.0927,-62.4087,-29.1581,0.000,NORMAL,1,S_CURVE,,,,,PREVIEW_DEFAULT
205.1926,-62.5001,-29.1177,0.000,NORMAL,1,S_CURVE,,,,,PREVIEW_DEFAULT
205.2927,-62.5922,-29.0786,0.000,NORMAL,1,S_CURVE,,,,,PREVIEW_DEFAULT
205.3926,-62.6848,-29.0410,0.000,NORMAL,1,S_CURVE,,,,,PREVIEW_DEFAULT
205.4926,-62.7780,-29.0048,0.000,NORMAL,1,S_CURVE,,,,,PREVIEW_DEFAULT
205.5927,-62.8718,-28.9699,0.000,NORMAL,1,S_CURVE,,,,,PREVIEW_DEFAULT
205.6927,-62.9660,-28.9364,0.000,NORMAL,1,S_CURVE,,,,,PREVIEW_DEFAULT
205.7926,-63.0606,-28.9041,0.000,NORMAL,1,S_CURVE,,,,,PREVIEW_DEFAULT
205.8926,-63.1556,-28.8729,0.000,NORMAL,1,S_CURVE,,,,,PREVIEW_DEFAULT
205.9926,-63.2509,-28.8427,0.000,NORMAL,1,S_CURVE,,,,,PREVIEW_DEFAULT
206.0926,-63.3466,-28.8135,0.000,NORMAL,1,S_CURVE,,,,,PREVIEW_DEFAULT
206.1927,-63.4425,-28.7851,0.000,NORMAL,1,S_CURVE,,,,,PREVIEW_DEFAULT
206.2926,-63.5386,-28.7576,0.000,NORMAL,1,S_CURVE,,,,,PREVIEW_DEFAULT
206.3926,-63.6349,-28.7308,0.000,NORMAL,1,S_CURVE,,,,,PREVIEW_DEFAULT
206.4926,-63.7315,-28.7048,0.000,NORMAL,1,S_CURVE,,,,,PREVIEW_DEFAULT
206.5926,-63.8282,-28.6795,0.000,NORMAL,1,S_CURVE,,,,,PREVIEW_DEFAULT
206.6926,-63.9252,-28.6551,0.000,NORMAL,1,S_CURVE,,,,,PREVIEW_DEFAULT
206.7926,-64.0224,-28.6315,0.000,NORMAL,1,S_CURVE,,,,,PREVIEW_DEFAULT
206.8926,-64.1198,-28.6088,0.000,NORMAL,1,S_CURVE,,,,,PREVIEW_DEFAULT
206.9926,-64.2174,-28.5872,0.000,NORMAL,1,S_CURVE,,,,,PREVIEW_DEFAULT
207.0926,-64.3153,-28.5667,0.000,NORMAL,1,S_CURVE,,,,,PREVIEW_DEFAULT
207.1926,-64.4134,-28.5474,0.000,NORMAL,1,S_CURVE,,,,,PREVIEW_DEFAULT
207.2926,-64.5118,-28.5295,0.000,NORMAL,1,S_CURVE,,,,,PREVIEW_DEFAULT
207.3926,-64.6104,-28.5130,0.000,NORMAL,1,S_CURVE,,,,,PREVIEW_DEFAULT
207.4926,-64.7093,-28.4981,0.000,NORMAL,1,S_CURVE,,,,,PREVIEW_DEFAULT
207.5926,-64.8084,-28.4847,0.000,NORMAL,1,S_CURVE,,,,,PREVIEW_DEFAULT
207.6926,-64.9077,-28.4729,0.000,NORMAL,1,S_CURVE,,,,,PREVIEW_DEFAULT
207.7925,-65.0071,-28.4627,0.000,NORMAL,1,S_CURVE,,,,,PREVIEW_DEFAULT
207.8926,-65.1068,-28.4541,0.000,NORMAL,1,S_CURVE,,,,,PREVIEW_DEFAULT
207.9925,-65.2065,-28.4471,0.000,NORMAL,1,S_CURVE,,,,,PREVIEW_DEFAULT
208.0926,-65.3064,-28.4418,0.000,NORMAL,1,S_CURVE,,,,,PREVIEW_DEFAULT
208.1925,-65.4063,-28.4381,0.000,NORMAL,1,S_CURVE,,,,,PREVIEW_DEFAULT
208.2926,-65.5063,-28.4359,0.000,NORMAL,1,S_CURVE,,,,,PREVIEW_DEFAULT
208.3926,-65.6063,-28.4351,0.000,NORMAL,1,S_CURVE,,,,,PREVIEW_DEFAULT
208.4926,-65.7063,-28.4356,0.000,NORMAL,1,S_CURVE,,,,,PREVIEW_DEFAULT
208.5925,-65.8062,-28.4373,0.000,NORMAL,1,S_CURVE,,,,,PREVIEW_DEFAULT
208.6925,-65.9062,-28.4401,0.000,NORMAL,1,S_CURVE,,,,,PREVIEW_DEFAULT
208.7925,-66.0061,-28.4439,0.000,NORMAL,1,S_CURVE,,,,,PREVIEW_DEFAULT
208.8925,-66.1060,-28.4485,0.000,NORMAL,1,S_CURVE,,,,,PREVIEW_DEFAULT
208.9926,-66.2059,-28.4540,0.000,NORMAL,1,S_CURVE,,,,,PREVIEW_DEFAULT
209.0925,-66.3057,-28.4602,0.000,NORMAL,1,S_CURVE,,,,,PREVIEW_DEFAULT
209.1925,-66.4054,-28.4670,0.000,NORMAL,1,S_CURVE,,,,,PREVIEW_DEFAULT
209.2925,-66.5051,-28.4745,0.000,NORMAL,1,S_CURVE,,,,,PREVIEW_DEFAULT
209.3925,-66.6048,-28.4825,0.000,NORMAL,1,S_CURVE,,,,,PREVIEW_DEFAULT
209.4924,-66.7044,-28.4911,0.000,NORMAL,1,S_CURVE,,,,,PREVIEW_DEFAULT
209.5925,-66.8040,-28.5003,0.000,NORMAL,1,S_CURVE,,,,,PREVIEW_DEFAULT
209.6925,-66.9035,-28.5101,0.000,NORMAL,1,S_CURVE,,,,,PREVIEW_DEFAULT
209.7925,-67.0030,-28.5204,0.000,NORMAL,1,S_CURVE,,,,,PREVIEW_DEFAULT
209.8925,-67.1024,-28.5313,0.000,NORMAL,1,S_CURVE,,,,,PREVIEW_DEFAULT
209.9924,-67.2017,-28.5428,0.000,NORMAL,1,S_CURVE,,,,,PREVIEW_DEFAULT
210.0925,-67.3010,-28.5548,0.000,NORMAL,1,S_CURVE,,,,,PREVIEW_DEFAULT
210.1925,-67.4002,-28.5675,0.000,NORMAL,1,S_CURVE,,,,,PREVIEW_DEFAULT
210.2925,-67.4993,-28.5807,0.000,NORMAL,1,S_CURVE,,,,,PREVIEW_DEFAULT
210.3924,-67.5983,-28.5945,0.000,NORMAL,1,S_CURVE,,,,,PREVIEW_DEFAULT
210.4925,-67.6973,-28.6089,0.000,NORMAL,1,S_CURVE,,,,,PREVIEW_DEFAULT
210.5925,-67.7962,-28.6237,0.000,NORMAL,1,S_CURVE,,,,,PREVIEW_DEFAULT
210.6924,-67.8950,-28.6390,0.000,NORMAL,1,S_CURVE,,,,,PREVIEW_DEFAULT
210.7925,-67.9938,-28.6546,0.000,NORMAL,1,S_CURVE,,,,,PREVIEW_DEFAULT
210.8924,-68.0925,-28.6705,0.000,NORMAL,1,S_CURVE,,,,,PREVIEW_DEFAULT
210.9924,-68.1912,-28.6867,0.000,NORMAL,1,S_CURVE,,,,,PREVIEW_DEFAULT
211.0924,-68.2898,-28.7030,0.000,NORMAL,1,S_CURVE,,,,,PREVIEW_DEFAULT
211.1925,-68.3885,-28.7195,0.000,NORMAL,1,S_CURVE,,,,,PREVIEW_DEFAULT
211.2924,-68.4871,-28.7361,0.000,NORMAL,1,S_CURVE,,,,,PREVIEW_DEFAULT
211.3924,-68.5857,-28.7526,0.000,NORMAL,1,S_CURVE,,,,,PREVIEW_DEFAULT
211.4924,-68.6843,-28.7691,0.000,NORMAL,1,S_CURVE,,,,,PREVIEW_DEFAULT
211.5924,-68.7830,-28.7855,0.000,NORMAL,1,S_CURVE,,,,,PREVIEW_DEFAULT
211.6925,-68.8817,-28.8017,0.000,NORMAL,1,S_CURVE,,,,,PREVIEW_DEFAULT
211.7924,-68.9804,-28.8176,0.000,NORMAL,1,S_CURVE,,,,,PREVIEW_DEFAULT
211.8925,-69.0792,-28.8332,0.000,NORMAL,1,S_CURVE,,,,,PREVIEW_DEFAULT
211.9924,-69.1780,-28.8484,0.000,NORMAL,1,S_CURVE,,,,,PREVIEW_DEFAULT
212.0924,-69.2769,-28.8630,0.000,NORMAL,1,S_CURVE,,,,,PREVIEW_DEFAULT
212.1924,-69.3759,-28.8770,0.000,NORMAL,1,S_CURVE,,,,,PREVIEW_DEFAULT
212.2924,-69.4750,-28.8903,0.000,NORMAL,1,S_CURVE,,,,,PREVIEW_DEFAULT
212.3923,-69.5742,-28.9028,0.000,NORMAL,1,S_CURVE,,,,,PREVIEW_DEFAULT
212.4924,-69.6736,-28.9145,0.000,NORMAL,1,S_CURVE,,,,,PREVIEW_DEFAULT
212.5924,-69.7730,-28.9251,0.000,NORMAL,1,S_CURVE,,,,,PREVIEW_DEFAULT
212.6924,-69.8725,-28.9349,0.000,NORMAL,1,S_CURVE,,,,,PREVIEW_DEFAULT
212.7924,-69.9721,-28.9436,0.000,NORMAL,1,S_CURVE,,,,,PREVIEW_DEFAULT
212.8924,-70.0718,-28.9514,0.000,NORMAL,1,S_CURVE,,,,,PREVIEW_DEFAULT
212.9924,-70.1716,-28.9583,0.000,NORMAL,1,S_CURVE,,,,,PREVIEW_DEFAULT
213.0924,-70.2714,-28.9642,0.000,NORMAL,1,S_CURVE,,,,,PREVIEW_DEFAULT
213.1924,-70.3713,-28.9692,0.000,NORMAL,1,S_CURVE,,,,,PREVIEW_DEFAULT
213.2924,-70.4712,-28.9732,0.000,NORMAL,1,S_CURVE,,,,,PREVIEW_DEFAULT
213.3923,-70.5711,-28.9765,0.000,NORMAL,1,S_CURVE,,,,,PREVIEW_DEFAULT
213.4924,-70.6711,-28.9789,0.000,NORMAL,1,S_CURVE,,,,,PREVIEW_DEFAULT
213.5924,-70.7711,-28.9806,0.000,NORMAL,1,S_CURVE,,,,,PREVIEW_DEFAULT
213.6924,-70.8711,-28.9815,0.000,NORMAL,1,S_CURVE,,,,,PREVIEW_DEFAULT
213.7924,-70.9711,-28.9818,0.000,NORMAL,1,S_CURVE,,,,,PREVIEW_DEFAULT
213.8924,-71.0711,-28.9815,0.000,NORMAL,1,S_CURVE,,,,,PREVIEW_DEFAULT
213.9924,-71.1711,-28.9805,0.000,NORMAL,1,S_CURVE,,,,,PREVIEW_DEFAULT
214.0923,-71.2710,-28.9788,0.000,NORMAL,1,S_CURVE,,,,,PREVIEW_DEFAULT
214.1923,-71.3710,-28.9765,0.000,NORMAL,1,S_CURVE,,,,,PREVIEW_DEFAULT
214.2924,-71.4710,-28.9736,0.000,NORMAL,1,S_CURVE,,,,,PREVIEW_DEFAULT
214.3923,-71.5709,-28.9700,0.000,NORMAL,1,S_CURVE,,,,,PREVIEW_DEFAULT
214.4923,-71.6708,-28.9656,0.000,NORMAL,1,S_CURVE,,,,,PREVIEW_DEFAULT
214.5924,-71.7707,-28.9604,0.000,NORMAL,1,S_CURVE,,,,,PREVIEW_DEFAULT
214.6923,-71.8705,-28.9544,0.000,NORMAL,1,S_CURVE,,,,,PREVIEW_DEFAULT
214.7923,-71.9702,-28.9474,0.000,NORMAL,1,S_CURVE,,,,,PREVIEW_DEFAULT
214.8923,-72.0699,-28.9394,0.000,NORMAL,1,S_CURVE,,,,,PREVIEW_DEFAULT
214.9923,-72.1695,-28.9302,0.000,NORMAL,1,S_CURVE,,,,,PREVIEW_DEFAULT
215.0923,-72.2689,-28.9198,0.000,NORMAL,1,S_CURVE,,,,,PREVIEW_DEFAULT
215.1923,-72.3682,-28.9082,0.000,NORMAL,1,S_CURVE,,,,,PREVIEW_DEFAULT
215.2923,-72.4674,-28.8951,0.000,NORMAL,1,S_CURVE,,,,,PREVIEW_DEFAULT
215.3923,-72.5663,-28.8807,0.000,NORMAL,1,S_CURVE,,,,,PREVIEW_DEFAULT
215.4923,-72.6651,-28.8648,0.000,NORMAL,1,S_CURVE,,,,,PREVIEW_DEFAULT
215.5923,-72.7636,-28.8476,0.000,NORMAL,1,S_CURVE,,,,,PREVIEW_DEFAULT
215.6923,-72.8618,-28.8289,0.000,NORMAL,1,S_CURVE,,,,,PREVIEW_DEFAULT
215.7923,-72.9598,-28.8089,0.000,NORMAL,1,S_CURVE,,,,,PREVIEW_DEFAULT
215.8923,-73.0575,-28.7875,0.000,NORMAL,1,S_CURVE,,,,,PREVIEW_DEFAULT
215.9922,-73.1548,-28.7648,0.000,NORMAL,1,S_CURVE,,,,,PREVIEW_DEFAULT
216.0922,-73.2519,-28.7409,0.000,NORMAL,1,S_CURVE,,,,,PREVIEW_DEFAULT
216.1923,-73.3487,-28.7157,0.000,NORMAL,1,S_CURVE,,,,,PREVIEW_DEFAULT
216.2923,-73.4452,-28.6894,0.000,NORMAL,1,S_CURVE,,,,,PREVIEW_DEFAULT
216.3922,-73.5413,-28.6620,0.000,NORMAL,1,S_CURVE,,,,,PREVIEW_DEFAULT
216.4923,-73.6372,-28.6335,0.000,NORMAL,1,S_CURVE,,,,,PREVIEW_DEFAULT
216.5922,-73.7327,-28.6039,0.000,NORMAL,1,S_CURVE,,,,,PREVIEW_DEFAULT
216.6923,-73.8279,-28.5732,0.000,NORMAL,1,S_CURVE,,,,,PREVIEW_DEFAULT
216.7922,-73.9227,-28.5415,0.000,NORMAL,1,S_CURVE,,,,,PREVIEW_DEFAULT
216.8923,-74.0172,-28.5086,0.000,NORMAL,1,S_CURVE,,,,,PREVIEW_DEFAULT
216.9922,-74.1112,-28.4746,0.000,NORMAL,1,S_CURVE,,,,,PREVIEW_DEFAULT
217.0922,-74.2048,-28.4395,0.000,NORMAL,1,S_CURVE,,,,,PREVIEW_DEFAULT
217.1922,-74.2980,-28.4032,0.000,NORMAL,1,S_CURVE,,,,,PREVIEW_DEFAULT
217.2922,-74.3907,-28.3657,0.000,NORMAL,1,S_CURVE,,,,,PREVIEW_DEFAULT
217.3922,-74.4828,-28.3268,0.000,NORMAL,1,S_CURVE,,,,,PREVIEW_DEFAULT
217.4922,-74.5743,-28.2865,0.000,NORMAL,1,S_CURVE,,,,,PREVIEW_DEFAULT
217.5922,-74.6652,-28.2447,0.000,NORMAL,1,S_CURVE,,,,,PREVIEW_DEFAULT
217.6922,-74.7553,-28.2013,0.000,NORMAL,1,S_CURVE,,,,,PREVIEW_DEFAULT
217.7922,-74.8446,-28.1564,0.000,NORMAL,1,S_CURVE,,,,,PREVIEW_DEFAULT
217.8922,-74.9331,-28.1098,0.000,NORMAL,1,S_CURVE,,,,,PREVIEW_DEFAULT
217.9922,-75.0206,-28.0615,0.000,NORMAL,1,S_CURVE,,,,,PREVIEW_DEFAULT
218.0922,-75.1073,-28.0116,0.000,NORMAL,1,S_CURVE,,,,,PREVIEW_DEFAULT
218.1922,-75.1930,-27.9601,0.000,NORMAL,1,S_CURVE,,,,,PREVIEW_DEFAULT
218.2922,-75.2777,-27.9069,0.000,NORMAL,1,S_CURVE,,,,,PREVIEW_DEFAULT
218.3922,-75.3614,-27.8522,0.000,NORMAL,1,S_CURVE,,,,,PREVIEW_DEFAULT
218.4922,-75.4440,-27.7959,0.000,NORMAL,1,S_CURVE,,,,,PREVIEW_DEFAULT
218.5921,-75.5255,-27.7380,0.000,NORMAL,1,S_CURVE,,,,,PREVIEW_DEFAULT
218.6922,-75.6059,-27.6785,0.000,NORMAL,1,S_CURVE,,,,,PREVIEW_DEFAULT
218.7922,-75.6852,-27.6175,0.000,NORMAL,1,S_CURVE,,,,,PREVIEW_DEFAULT
218.8922,-75.7633,-27.5551,0.000,NORMAL,1,S_CURVE,,,,,PREVIEW_DEFAULT
218.9922,-75.8404,-27.4914,0.000,NORMAL,1,S_CURVE,,,,,PREVIEW_DEFAULT
219.0921,-75.9164,-27.4265,0.000,NORMAL,1,S_CURVE,,,,,PREVIEW_DEFAULT
219.1921,-75.9914,-27.3604,0.000,NORMAL,1,S_CURVE,,,,,PREVIEW_DEFAULT
219.2921,-76.0655,-27.2932,0.000,NORMAL,1,S_CURVE,,,,,PREVIEW_DEFAULT
219.3922,-76.1387,-27.2250,0.000,NORMAL,1,S_CURVE,,,,,PREVIEW_DEFAULT
219.4921,-76.2110,-27.1560,0.000,NORMAL,1,S_CURVE,,,,,PREVIEW_DEFAULT
219.5921,-76.2825,-27.0861,0.000,NORMAL,1,S_CURVE,,,,,PREVIEW_DEFAULT
219.6922,-76.3532,-27.0153,0.000,NORMAL,1,S_CURVE,,,,,PREVIEW_DEFAULT
219.7921,-76.4231,-26.9438,0.000,NORMAL,1,S_CURVE,,,,,PREVIEW_DEFAULT
219.8922,-76.4922,-26.8715,0.000,NORMAL,1,S_CURVE,,,,,PREVIEW_DEFAULT
219.9921,-76.5605,-26.7985,0.000,NORMAL,1,S_CURVE,,,,,PREVIEW_DEFAULT
220.0921,-76.6281,-26.7249,0.000,NORMAL,1,S_CURVE,,,,,PREVIEW_DEFAULT
220.1921,-76.6950,-26.6505,0.000,NORMAL,1,S_CURVE,,,,,PREVIEW_DEFAULT
220.2921,-76.7612,-26.5756,0.000,NORMAL,1,S_CURVE,,,,,PREVIEW_DEFAULT
220.3921,-76.8267,-26.5000,0.000,NORMAL,1,S_CURVE,,,,,PREVIEW_DEFAULT
220.4921,-76.8914,-26.4238,0.000,NORMAL,1,S_CURVE,,,,,PREVIEW_DEFAULT
220.5921,-76.9555,-26.3470,0.000,NORMAL,1,S_CURVE,,,,,PREVIEW_DEFAULT
220.6921,-77.0188,-26.2696,0.000,NORMAL,1,S_CURVE,,,,,PREVIEW_DEFAULT
220.7920,-77.0813,-26.1916,0.000,NORMAL,1,S_CURVE,,,,,PREVIEW_DEFAULT
220.8921,-77.1431,-26.1129,0.000,NORMAL,1,S_CURVE,,,,,PREVIEW_DEFAULT
220.9921,-77.2041,-26.0337,0.000,NORMAL,1,S_CURVE,,,,,PREVIEW_DEFAULT
221.0920,-77.2643,-25.9539,0.000,NORMAL,1,S_CURVE,,,,,PREVIEW_DEFAULT
221.1921,-77.3238,-25.8735,0.000,NORMAL,1,S_CURVE,,,,,PREVIEW_DEFAULT
221.2920,-77.3825,-25.7926,0.000,NORMAL,1,S_CURVE,,,,,PREVIEW_DEFAULT
221.3921,-77.4406,-25.7111,0.000,NORMAL,1,S_CURVE,,,,,PREVIEW_DEFAULT
221.4921,-77.4978,-25.6291,0.000,NORMAL,1,S_CURVE,,,,,PREVIEW_DEFAULT
221.5921,-77.5543,-25.5466,0.000,NORMAL,1,S_CURVE,,,,,PREVIEW_DEFAULT
221.6920,-77.6100,-25.4636,0.000,NORMAL,1,S_CURVE,,,,,PREVIEW_DEFAULT
221.7920,-77.6649,-25.3800,0.000,NORMAL,1,S_CURVE,,,,,PREVIEW_DEFAULT
221.8920,-77.7188,-25.2958,0.000,NORMAL,1,S_CURVE,,,,,PREVIEW_DEFAULT
221.9920,-77.7717,-25.2109,0.000,NORMAL,1,S_CURVE,,,,,PREVIEW_DEFAULT
222.0920,-77.8235,-25.1254,0.000,NORMAL,1,S_CURVE,,,,,PREVIEW_DEFAULT
222.1920,-77.8742,-25.0392,0.000,NORMAL,1,S_CURVE,,,,,PREVIEW_DEFAULT
222.2920,-77.9235,-24.9522,0.000,NORMAL,1,S_CURVE,,,,,PREVIEW_DEFAULT
222.3920,-77.9714,-24.8644,0.000,NORMAL,1,S_CURVE,,,,,PREVIEW_DEFAULT
222.4920,-78.0178,-24.7758,0.000,NORMAL,1,S_CURVE,,,,,PREVIEW_DEFAULT
222.5920,-78.0625,-24.6864,0.000,NORMAL,1,S_CURVE,,,,,PREVIEW_DEFAULT
222.6920,-78.1055,-24.5961,0.000,NORMAL,1,S_CURVE,,,,,PREVIEW_DEFAULT
222.7920,-78.1467,-24.5050,0.000,NORMAL,1,S_CURVE,,,,,PREVIEW_DEFAULT
222.8920,-78.1862,-24.4131,0.000,NORMAL,1,S_CURVE,,,,,PREVIEW_DEFAULT
222.9920,-78.2240,-24.3206,0.000,NORMAL,1,S_CURVE,,,,,PREVIEW_DEFAULT
223.0920,-78.2603,-24.2274,0.000,NORMAL,1,S_CURVE,,,,,PREVIEW_DEFAULT
223.1920,-78.2951,-24.1336,0.000,NORMAL,1,S_CURVE,,,,,PREVIEW_DEFAULT
223.2919,-78.3287,-24.0395,0.000,NORMAL,1,S_CURVE,,,,,PREVIEW_DEFAULT
223.3920,-78.3612,-23.9449,0.000,NORMAL,1,S_CURVE,,,,,PREVIEW_DEFAULT
223.4919,-78.3926,-23.8500,0.000,NORMAL,1,S_CURVE,,,,,PREVIEW_DEFAULT
223.5920,-78.4233,-23.7548,0.000,NORMAL,1,S_CURVE,,,,,PREVIEW_DEFAULT
223.6920,-78.4532,-23.6593,0.000,NORMAL,1,S_CURVE,,,,,PREVIEW_DEFAULT
223.7920,-78.4824,-23.5637,0.000,NORMAL,1,S_CURVE,,,,,PREVIEW_DEFAULT
223.8920,-78.5110,-23.4679,0.000,NORMAL,1,S_CURVE,,,,,PREVIEW_DEFAULT
223.9920,-78.5390,-23.3719,0.000,NORMAL,1,S_CURVE,,,,,PREVIEW_DEFAULT
224.0920,-78.5664,-23.2757,0.000,NORMAL,1,S_CURVE,,,,,PREVIEW_DEFAULT
224.1920,-78.5932,-23.1794,0.000,NORMAL,1,S_CURVE,,,,,PREVIEW_DEFAULT
224.2919,-78.6193,-23.0829,0.000,NORMAL,1,S_CURVE,,,,,PREVIEW_DEFAULT
224.3919,-78.6447,-22.9862,0.000,NORMAL,1,S_CURVE,,,,,PREVIEW_DEFAULT
224.4920,-78.6693,-22.8892,0.000,NORMAL,1,S_CURVE,,,,,PREVIEW_DEFAULT
224.5919,-78.6931,-22.7921,0.000,NORMAL,1,S_CURVE,,,,,PREVIEW_DEFAULT
224.6920,-78.7159,-22.6947,0.000,NORMAL,1,S_CURVE,,,,,PREVIEW_DEFAULT
224.7920,-78.7377,-22.5971,0.000,NORMAL,1,S_CURVE,,,,,PREVIEW_DEFAULT
224.8919,-78.7584,-22.4993,0.000,NORMAL,1,S_CURVE,,,,,PREVIEW_DEFAULT
224.9920,-78.7779,-22.4012,0.000,NORMAL,1,S_CURVE,,,,,PREVIEW_DEFAULT
225.0920,-78.7962,-22.3029,0.000,NORMAL,1,S_CURVE,,,,,PREVIEW_DEFAULT
225.1919,-78.8131,-22.2044,0.000,NORMAL,1,S_CURVE,,,,,PREVIEW_DEFAULT
225.2919,-78.8286,-22.1056,0.000,NORMAL,1,S_CURVE,,,,,PREVIEW_DEFAULT
225.3919,-78.8426,-22.0066,0.000,NORMAL,1,S_CURVE,,,,,PREVIEW_DEFAULT
225.4919,-78.8549,-21.9073,0.000,NORMAL,1,S_CURVE,,,,,PREVIEW_DEFAULT
225.5919,-78.8657,-21.8079,0.000,NORMAL,1,S_CURVE,,,,,PREVIEW_DEFAULT
225.6919,-78.8747,-21.7083,0.000,NORMAL,1,S_CURVE,,,,,PREVIEW_DEFAULT
225.7919,-78.8821,-21.6086,0.000,NORMAL,1,S_CURVE,,,,,PREVIEW_DEFAULT
225.8919,-78.8878,-21.5088,0.000,NORMAL,1,S_CURVE,,,,,PREVIEW_DEFAULT
225.9919,-78.8917,-21.4089,0.000,NORMAL,1,S_CURVE,,,,,PREVIEW_DEFAULT
226.0919,-78.8939,-21.3089,0.000,NORMAL,1,S_CURVE,,,,,PREVIEW_DEFAULT
226.1919,-78.8943,-21.2089,0.000,NORMAL,1,S_CURVE,,,,,PREVIEW_DEFAULT
226.2919,-78.8929,-21.1089,0.000,NORMAL,1,S_CURVE,,,,,PREVIEW_DEFAULT
226.3918,-78.8898,-21.0090,0.000,NORMAL,1,S_CURVE,,,,,PREVIEW_DEFAULT
226.4919,-78.8848,-20.9091,0.000,NORMAL,1,S_CURVE,,,,,PREVIEW_DEFAULT
226.5919,-78.8782,-20.8093,0.000,NORMAL,1,S_CURVE,,,,,PREVIEW_DEFAULT
226.6918,-78.8698,-20.7097,0.000,NORMAL,1,S_CURVE,,,,,PREVIEW_DEFAULT
226.7918,-78.8598,-20.6102,0.000,NORMAL,1,S_CURVE,,,,,PREVIEW_DEFAULT
226.8918,-78.8483,-20.5109,0.000,NORMAL,1,S_CURVE,,,,,PREVIEW_DEFAULT
226.9919,-78.8352,-20.4117,0.000,NORMAL,1,S_CURVE,,,,,PREVIEW_DEFAULT
227.0918,-78.8206,-20.3128,0.000,NORMAL,1,S_CURVE,,,,,PREVIEW_DEFAULT
227.1918,-78.8046,-20.2141,0.000,NORMAL,1,S_CURVE,,,,,PREVIEW_DEFAULT
227.2918,-78.7875,-20.1156,0.000,NORMAL,1,S_CURVE,,,,,PREVIEW_DEFAULT
227.3918,-78.7692,-20.0173,0.000,NORMAL,1,S_CURVE,,,,,PREVIEW_DEFAULT
227.4919,-78.7499,-19.9191,0.000,NORMAL,1,S_CURVE,,,,,PREVIEW_DEFAULT
227.5918,-78.7298,-19.8212,0.000,NORMAL,1,S_CURVE,,,,,PREVIEW_DEFAULT
227.6918,-78.7089,-19.7234,0.000,NORMAL,1,S_CURVE,,,,,PREVIEW_DEFAULT
227.7918,-78.6873,-19.6258,0.000,NORMAL,1,S_CURVE,,,,,PREVIEW_DEFAULT
227.8918,-78.6649,-19.5283,0.000,NORMAL,1,S_CURVE,,,,,PREVIEW_DEFAULT
227.9918,-78.6418,-19.4310,0.000,NORMAL,1,S_CURVE,,,,,PREVIEW_DEFAULT
228.0918,-78.6179,-19.3339,0.000,NORMAL,1,S_CURVE,,,,,PREVIEW_DEFAULT
228.1918,-78.5930,-19.2371,0.000,NORMAL,1,S_CURVE,,,,,PREVIEW_DEFAULT
228.2918,-78.5671,-19.1405,0.000,NORMAL,1,S_CURVE,,,,,PREVIEW_DEFAULT
228.3918,-78.5398,-19.0443,0.000,NORMAL,1,S_CURVE,,,,,PREVIEW_DEFAULT
228.4918,-78.5111,-18.9485,0.000,NORMAL,1,S_CURVE,,,,,PREVIEW_DEFAULT
228.5918,-78.4807,-18.8532,0.000,NORMAL,1,S_CURVE,,,,,PREVIEW_DEFAULT
228.6917,-78.4485,-18.7586,0.000,NORMAL,1,S_CURVE,,,,,PREVIEW_DEFAULT
228.7918,-78.4142,-18.6646,0.000,NORMAL,1,S_CURVE,,,,,PREVIEW_DEFAULT
228.8900,-78.3785,-18.5731,0.000,NORMAL,1,S_CURVE,S_CURVE_END,EXIT_ZONE,,,PREVIEW_DEFAULT
228.8918,-78.3778,-18.5715,0.000,NORMAL,1,S_CURVE,,,,,PREVIEW_DEFAULT
228.9918,-78.3393,-18.4792,0.000,NORMAL,1,S_CURVE,,,,,PREVIEW_DEFAULT
229.0918,-78.2987,-18.3878,0.000,NORMAL,1,S_CURVE,,,,,PREVIEW_DEFAULT
229.1917,-78.2563,-18.2973,0.000,NORMAL,1,ROUTE,,,,,PREVIEW_DEFAULT
229.2918,-78.2120,-18.2076,0.000,NORMAL,1,ROUTE,,,,,PREVIEW_DEFAULT
229.3917,-78.1661,-18.1188,0.000,NORMAL,1,ROUTE,,,,,PREVIEW_DEFAULT
229.4917,-78.1186,-18.0308,0.000,NORMAL,1,ROUTE,,,,,PREVIEW_DEFAULT
229.5917,-78.0696,-17.9437,0.000,NORMAL,1,ROUTE,,,,,PREVIEW_DEFAULT
229.6918,-78.0189,-17.8574,0.000,NORMAL,1,ROUTE,,,,,PREVIEW_DEFAULT
229.7917,-77.9668,-17.7721,0.000,NORMAL,1,ROUTE,,,,,PREVIEW_DEFAULT
229.8917,-77.9132,-17.6877,0.000,NORMAL,1,ROUTE,,,,,PREVIEW_DEFAULT
229.9917,-77.8580,-17.6043,0.000,NORMAL,1,ROUTE,,,,,PREVIEW_DEFAULT
230.0917,-77.8013,-17.5219,0.000,NORMAL,1,ROUTE,,,,,PREVIEW_DEFAULT
230.1917,-77.7431,-17.4406,0.000,NORMAL,1,ROUTE,,,,,PREVIEW_DEFAULT
230.2917,-77.6833,-17.3605,0.000,NORMAL,1,ROUTE,,,,,PREVIEW_DEFAULT
230.3917,-77.6218,-17.2816,0.000,NORMAL,1,ROUTE,,,,,PREVIEW_DEFAULT
230.4917,-77.5585,-17.2042,0.000,NORMAL,1,ROUTE,,,,,PREVIEW_DEFAULT
230.5917,-77.4935,-17.1282,0.000,NORMAL,1,ROUTE,,,,,PREVIEW_DEFAULT
230.6917,-77.4266,-17.0539,0.000,NORMAL,1,ROUTE,,,,,PREVIEW_DEFAULT
230.7917,-77.3579,-16.9812,0.000,NORMAL,1,ROUTE,,,,,PREVIEW_DEFAULT
230.8917,-77.2874,-16.9103,0.000,NORMAL,1,ROUTE,,,,,PREVIEW_DEFAULT
230.9917,-77.2151,-16.8412,0.000,NORMAL,1,ROUTE,,,,,PREVIEW_DEFAULT
231.0917,-77.1411,-16.7740,0.000,NORMAL,1,ROUTE,,,,,PREVIEW_DEFAULT
231.1917,-77.0655,-16.7085,0.000,NORMAL,1,ROUTE,,,,,PREVIEW_DEFAULT
231.2916,-76.9884,-16.6449,0.000,NORMAL,1,ROUTE,,,,,PREVIEW_DEFAULT
231.3916,-76.9097,-16.5832,0.000,NORMAL,1,ROUTE,,,,,PREVIEW_DEFAULT
231.4917,-76.8296,-16.5233,0.000,NORMAL,1,ROUTE,,,,,PREVIEW_DEFAULT
231.5916,-76.7482,-16.4653,0.000,NORMAL,1,ROUTE,,,,,PREVIEW_DEFAULT
231.6916,-76.6656,-16.4090,0.000,NORMAL,1,ROUTE,,,,,PREVIEW_DEFAULT
231.7916,-76.5818,-16.3544,0.000,NORMAL,1,ROUTE,,,,,PREVIEW_DEFAULT
231.8916,-76.4969,-16.3015,0.000,NORMAL,1,ROUTE,,,,,PREVIEW_DEFAULT
231.9916,-76.4111,-16.2502,0.000,NORMAL,1,ROUTE,,,,,PREVIEW_DEFAULT
232.0916,-76.3243,-16.2005,0.000,NORMAL,1,ROUTE,,,,,PREVIEW_DEFAULT
232.1916,-76.2367,-16.1523,0.000,NORMAL,1,ROUTE,,,,,PREVIEW_DEFAULT
232.2916,-76.1482,-16.1058,0.000,NORMAL,1,ROUTE,,,,,PREVIEW_DEFAULT
232.3916,-76.0589,-16.0607,0.000,NORMAL,1,ROUTE,,,,,PREVIEW_DEFAULT
232.4916,-75.9688,-16.0173,0.000,NORMAL,1,ROUTE,,,,,PREVIEW_DEFAULT
232.5915,-75.8780,-15.9756,0.000,NORMAL,1,ROUTE,,,,,PREVIEW_DEFAULT
232.6916,-75.7863,-15.9355,0.000,NORMAL,1,ROUTE,,,,,PREVIEW_DEFAULT
232.7916,-75.6939,-15.8973,0.000,NORMAL,1,ROUTE,,,,,PREVIEW_DEFAULT
232.8916,-75.6008,-15.8609,0.000,NORMAL,1,ROUTE,,,,,PREVIEW_DEFAULT
232.9915,-75.5069,-15.8266,0.000,NORMAL,1,ROUTE,,,,,PREVIEW_DEFAULT
233.0916,-75.4122,-15.7944,0.000,NORMAL,1,ROUTE,,,,,PREVIEW_DEFAULT
233.1915,-75.3168,-15.7645,0.000,NORMAL,1,ROUTE,,,,,PREVIEW_DEFAULT
233.2915,-75.2207,-15.7369,0.000,NORMAL,1,ROUTE,,,,,PREVIEW_DEFAULT
233.3916,-75.1239,-15.7116,0.000,NORMAL,1,ROUTE,,,,,PREVIEW_DEFAULT
233.4915,-75.0266,-15.6887,0.000,NORMAL,1,ROUTE,,,,,PREVIEW_DEFAULT
233.5915,-74.9288,-15.6679,0.000,NORMAL,1,ROUTE,,,,,PREVIEW_DEFAULT
233.6916,-74.8305,-15.6493,0.000,NORMAL,1,ROUTE,,,,,PREVIEW_DEFAULT
233.7916,-74.7319,-15.6327,0.000,NORMAL,1,ROUTE,,,,,PREVIEW_DEFAULT
233.8915,-74.6330,-15.6181,0.000,NORMAL,1,ROUTE,,,,,PREVIEW_DEFAULT
233.9915,-74.5338,-15.6054,0.000,NORMAL,1,ROUTE,,,,,PREVIEW_DEFAULT
234.0915,-74.4344,-15.5945,0.000,NORMAL,1,ROUTE,,,,,PREVIEW_DEFAULT
234.1915,-74.3349,-15.5853,0.000,NORMAL,1,ROUTE,,,,,PREVIEW_DEFAULT
234.2916,-74.2351,-15.5776,0.000,NORMAL,1,ROUTE,,,,,PREVIEW_DEFAULT
234.3915,-74.1353,-15.5714,0.000,NORMAL,1,ROUTE,,,,,PREVIEW_DEFAULT
234.4915,-74.0355,-15.5665,0.000,NORMAL,1,ROUTE,,,,,PREVIEW_DEFAULT
234.5915,-73.9355,-15.5627,0.000,NORMAL,1,ROUTE,,,,,PREVIEW_DEFAULT
234.6915,-73.8356,-15.5599,0.000,NORMAL,1,ROUTE,,,,,PREVIEW_DEFAULT
234.7915,-73.7356,-15.5580,0.000,NORMAL,1,ROUTE,,,,,PREVIEW_DEFAULT
234.8915,-73.6356,-15.5568,0.000,NORMAL,1,ROUTE,,,,,PREVIEW_DEFAULT
234.9915,-73.5356,-15.5563,0.000,NORMAL,1,ROUTE,,,,,PREVIEW_DEFAULT
235.0915,-73.4356,-15.5562,0.000,NORMAL,1,ROUTE,,,,,PREVIEW_DEFAULT
235.1915,-73.3356,-15.5564,0.000,NORMAL,1,ROUTE,,,,,PREVIEW_DEFAULT
235.2915,-73.2356,-15.5568,0.000,NORMAL,1,ROUTE,,,,,PREVIEW_DEFAULT
235.3915,-73.1356,-15.5572,0.000,NORMAL,1,ROUTE,,,,,PREVIEW_DEFAULT
235.4915,-73.0356,-15.5576,0.000,NORMAL,1,ROUTE,,,,,PREVIEW_DEFAULT
235.5915,-72.9356,-15.5577,0.000,NORMAL,1,ROUTE,,,,,PREVIEW_DEFAULT
235.6914,-72.8357,-15.5576,0.000,NORMAL,1,ROUTE,,,,,PREVIEW_DEFAULT
235.7914,-72.7357,-15.5572,0.000,NORMAL,1,ROUTE,,,,,PREVIEW_DEFAULT
235.8914,-72.6357,-15.5563,0.000,NORMAL,1,ROUTE,,,,,PREVIEW_DEFAULT
235.9914,-72.5357,-15.5552,0.000,NORMAL,1,ROUTE,,,,,PREVIEW_DEFAULT
236.0914,-72.4357,-15.5538,0.000,NORMAL,1,ROUTE,,,,,PREVIEW_DEFAULT
236.1914,-72.3357,-15.5523,0.000,NORMAL,1,ROUTE,,,,,PREVIEW_DEFAULT
236.2915,-72.2357,-15.5508,0.000,NORMAL,1,ROUTE,,,,,PREVIEW_DEFAULT
236.3915,-72.1357,-15.5495,0.000,NORMAL,1,ROUTE,,,,,PREVIEW_DEFAULT
236.4915,-72.0357,-15.5487,0.000,NORMAL,1,ROUTE,,,,,PREVIEW_DEFAULT
236.5915,-71.9357,-15.5484,0.000,NORMAL,1,ROUTE,,,,,PREVIEW_DEFAULT
236.6915,-71.8357,-15.5490,0.000,NORMAL,1,ROUTE,,,,,PREVIEW_DEFAULT
236.7914,-71.7358,-15.5504,0.000,NORMAL,1,ROUTE,,,,,PREVIEW_DEFAULT
236.8914,-71.6358,-15.5529,0.000,NORMAL,1,ROUTE,,,,,PREVIEW_DEFAULT
236.9914,-71.5359,-15.5565,0.000,NORMAL,1,ROUTE,,,,,PREVIEW_DEFAULT
237.0914,-71.4360,-15.5614,0.000,NORMAL,1,ROUTE,,,,,PREVIEW_DEFAULT
237.1914,-71.3362,-15.5675,0.000,NORMAL,1,ROUTE,,,,,PREVIEW_DEFAULT
237.2915,-71.2364,-15.5749,0.000,NORMAL,1,ROUTE,,,,,PREVIEW_DEFAULT
237.3914,-71.1368,-15.5837,0.000,NORMAL,1,ROUTE,,,,,PREVIEW_DEFAULT
237.4914,-71.0374,-15.5938,0.000,NORMAL,1,ROUTE,,,,,PREVIEW_DEFAULT
237.5914,-70.9380,-15.6052,0.000,NORMAL,1,ROUTE,,,,,PREVIEW_DEFAULT
237.6914,-70.8388,-15.6179,0.000,NORMAL,1,ROUTE,,,,,PREVIEW_DEFAULT
237.7914,-70.7398,-15.6318,0.000,NORMAL,1,ROUTE,,,,,PREVIEW_DEFAULT
237.8914,-70.6409,-15.6468,0.000,NORMAL,1,ROUTE,,,,,PREVIEW_DEFAULT
237.9914,-70.5422,-15.6628,0.000,NORMAL,1,ROUTE,,,,,PREVIEW_DEFAULT
238.0914,-70.4437,-15.6798,0.000,NORMAL,1,ROUTE,,,,,PREVIEW_DEFAULT
238.1914,-70.3453,-15.6977,0.000,NORMAL,1,ROUTE,,,,,PREVIEW_DEFAULT
238.2914,-70.2471,-15.7165,0.000,NORMAL,1,ROUTE,,,,,PREVIEW_DEFAULT
238.3914,-70.1490,-15.7360,0.000,NORMAL,1,ROUTE,,,,,PREVIEW_DEFAULT
238.4913,-70.0511,-15.7562,0.000,NORMAL,1,ROUTE,,,,,PREVIEW_DEFAULT
238.5913,-69.9533,-15.7770,0.000,NORMAL,1,ROUTE,,,,,PREVIEW_DEFAULT
238.6913,-69.8556,-15.7983,0.000,NORMAL,1,ROUTE,,,,,PREVIEW_DEFAULT
238.7913,-69.7580,-15.8202,0.000,NORMAL,1,ROUTE,,,,,PREVIEW_DEFAULT
238.8913,-69.6605,-15.8423,0.000,NORMAL,1,ROUTE,,,,,PREVIEW_DEFAULT
238.9913,-69.5631,-15.8648,0.000,NORMAL,1,ROUTE,,,,,PREVIEW_DEFAULT
239.0913,-69.4657,-15.8876,0.000,NORMAL,1,ROUTE,,,,,PREVIEW_DEFAULT
239.1913,-69.3684,-15.9106,0.000,NORMAL,1,ROUTE,,,,,PREVIEW_DEFAULT
239.2913,-69.2711,-15.9338,0.000,NORMAL,1,ROUTE,,,,,PREVIEW_DEFAULT
239.3913,-69.1739,-15.9571,0.000,NORMAL,1,ROUTE,,,,,PREVIEW_DEFAULT
239.4913,-69.0767,-15.9806,0.000,NORMAL,1,ROUTE,,,,,PREVIEW_DEFAULT
239.5913,-68.9795,-16.0043,0.000,NORMAL,1,ROUTE,,,,,PREVIEW_DEFAULT
239.6913,-68.8824,-16.0281,0.000,NORMAL,1,ROUTE,,,,,PREVIEW_DEFAULT
239.7913,-68.7853,-16.0521,0.000,NORMAL,1,ROUTE,,,,,PREVIEW_DEFAULT
239.8913,-68.6883,-16.0762,0.000,NORMAL,1,ROUTE,,,,,PREVIEW_DEFAULT
239.9913,-68.5913,-16.1006,0.000,NORMAL,1,ROUTE,,,,,PREVIEW_DEFAULT
240.0913,-68.4944,-16.1252,0.000,NORMAL,1,ROUTE,,,,,PREVIEW_DEFAULT
240.1913,-68.3975,-16.1500,0.000,NORMAL,1,ROUTE,,,,,PREVIEW_DEFAULT
240.2913,-68.3007,-16.1750,0.000,NORMAL,1,ROUTE,,,,,PREVIEW_DEFAULT
240.3913,-68.2039,-16.2002,0.000,NORMAL,1,ROUTE,,,,,PREVIEW_DEFAULT
240.4913,-68.1072,-16.2256,0.000,NORMAL,1,ROUTE,,,,,PREVIEW_DEFAULT
240.5913,-68.0105,-16.2511,0.000,NORMAL,1,ROUTE,,,,,PREVIEW_DEFAULT
240.6913,-67.9138,-16.2767,0.000,NORMAL,1,ROUTE,,,,,PREVIEW_DEFAULT
240.7912,-67.8172,-16.3023,0.000,NORMAL,1,ROUTE,,,,,PREVIEW_DEFAULT
240.8913,-67.7205,-16.3280,0.000,NORMAL,1,ROUTE,,,,,PREVIEW_DEFAULT
240.9912,-67.6239,-16.3536,0.000,NORMAL,1,ROUTE,,,,,PREVIEW_DEFAULT
241.0912,-67.5272,-16.3791,0.000,NORMAL,1,ROUTE,,,,,PREVIEW_DEFAULT
241.1913,-67.4304,-16.4044,0.000,NORMAL,1,ROUTE,,,,,PREVIEW_DEFAULT
241.2913,-67.3336,-16.4296,0.000,NORMAL,1,ROUTE,,,,,PREVIEW_DEFAULT
241.3913,-67.2368,-16.4544,0.000,NORMAL,1,ROUTE,,,,,PREVIEW_DEFAULT
241.4913,-67.1398,-16.4789,0.000,NORMAL,1,ROUTE,,,,,PREVIEW_DEFAULT
241.5912,-67.0428,-16.5030,0.000,NORMAL,1,ROUTE,,,,,PREVIEW_DEFAULT
241.6913,-66.9456,-16.5266,0.000,NORMAL,1,ROUTE,,,,,PREVIEW_DEFAULT
241.7912,-66.8484,-16.5499,0.000,NORMAL,1,ROUTE,,,,,PREVIEW_DEFAULT
241.8913,-66.7510,-16.5728,0.000,NORMAL,1,ROUTE,,,,,PREVIEW_DEFAULT
241.9913,-66.6536,-16.5954,0.000,NORMAL,1,ROUTE,,,,,PREVIEW_DEFAULT
242.0912,-66.5562,-16.6178,0.000,NORMAL,1,ROUTE,,,,,PREVIEW_DEFAULT
242.1912,-66.4587,-16.6401,0.000,NORMAL,1,ROUTE,,,,,PREVIEW_DEFAULT
242.2913,-66.3612,-16.6625,0.000,NORMAL,1,ROUTE,,,,,PREVIEW_DEFAULT
242.3912,-66.2638,-16.6850,0.000,NORMAL,1,ROUTE,,,,,PREVIEW_DEFAULT
242.4912,-66.1665,-16.7079,0.000,NORMAL,1,ROUTE,,,,,PREVIEW_DEFAULT
242.5912,-66.0692,-16.7311,0.000,NORMAL,1,ROUTE,,,,,PREVIEW_DEFAULT
242.6912,-65.9720,-16.7547,0.000,NORMAL,1,ROUTE,,,,,PREVIEW_DEFAULT
242.7912,-65.8750,-16.7787,0.000,NORMAL,1,ROUTE,,,,,PREVIEW_DEFAULT
242.8912,-65.7780,-16.8031,0.000,NORMAL,1,ROUTE,,,,,PREVIEW_DEFAULT
242.9912,-65.6811,-16.8279,0.000,NORMAL,1,ROUTE,,,,,PREVIEW_DEFAULT
243.0913,-65.5842,-16.8528,0.000,NORMAL,1,ROUTE,,,,,PREVIEW_DEFAULT
243.1912,-65.4874,-16.8778,0.000,NORMAL,1,ROUTE,,,,,PREVIEW_DEFAULT
243.2912,-65.3906,-16.9029,0.000,NORMAL,1,ROUTE,,,,,PREVIEW_DEFAULT
243.3912,-65.2938,-16.9278,0.000,NORMAL,1,ROUTE,,,,,PREVIEW_DEFAULT
243.4912,-65.1969,-16.9526,0.000,NORMAL,1,ROUTE,,,,,PREVIEW_DEFAULT
243.5912,-65.1000,-16.9771,0.000,NORMAL,1,ROUTE,,,,,PREVIEW_DEFAULT
243.6912,-65.0029,-17.0013,0.000,NORMAL,1,ROUTE,,,,,PREVIEW_DEFAULT
243.7912,-64.9058,-17.0252,0.000,NORMAL,1,ROUTE,,,,,PREVIEW_DEFAULT
243.8911,-64.8087,-17.0487,0.000,NORMAL,1,ROUTE,,,,,PREVIEW_DEFAULT
243.9912,-64.7114,-17.0720,0.000,NORMAL,1,ROUTE,,,,,PREVIEW_DEFAULT
244.0911,-64.6141,-17.0949,0.000,NORMAL,1,ROUTE,,,,,PREVIEW_DEFAULT
244.1912,-64.5167,-17.1176,0.000,NORMAL,1,ROUTE,,,,,PREVIEW_DEFAULT
244.2912,-64.4192,-17.1401,0.000,NORMAL,1,ROUTE,,,,,PREVIEW_DEFAULT
244.3912,-64.3217,-17.1623,0.000,NORMAL,1,ROUTE,,,,,PREVIEW_DEFAULT
244.4912,-64.2242,-17.1844,0.000,NORMAL,1,ROUTE,,,,,PREVIEW_DEFAULT
244.5912,-64.1266,-17.2062,0.000,NORMAL,1,ROUTE,,,,,PREVIEW_DEFAULT
244.6912,-64.0290,-17.2279,0.000,NORMAL,1,ROUTE,,,,,PREVIEW_DEFAULT
244.7911,-63.9314,-17.2494,0.000,NORMAL,1,ROUTE,,,,,PREVIEW_DEFAULT
244.8911,-63.8337,-17.2708,0.000,NORMAL,1,ROUTE,,,,,PREVIEW_DEFAULT
244.9912,-63.7359,-17.2920,0.000,NORMAL,1,ROUTE,,,,,PREVIEW_DEFAULT
245.0911,-63.6382,-17.3130,0.000,NORMAL,1,ROUTE,,,,,PREVIEW_DEFAULT
245.1912,-63.5404,-17.3340,0.000,NORMAL,1,ROUTE,,,,,PREVIEW_DEFAULT
245.2912,-63.4426,-17.3549,0.000,NORMAL,1,ROUTE,,,,,PREVIEW_DEFAULT
245.3911,-63.3449,-17.3759,0.000,NORMAL,1,ROUTE,,,,,PREVIEW_DEFAULT
245.4911,-63.2471,-17.3969,0.000,NORMAL,1,ROUTE,,,,,PREVIEW_DEFAULT
245.5911,-63.1494,-17.4182,0.000,NORMAL,1,ROUTE,,,,,PREVIEW_DEFAULT
245.6911,-63.0517,-17.4396,0.000,NORMAL,1,ROUTE,,,,,PREVIEW_DEFAULT
245.7911,-62.9541,-17.4614,0.000,NORMAL,1,ROUTE,,,,,PREVIEW_DEFAULT
245.8911,-62.8566,-17.4835,0.000,NORMAL,1,ROUTE,,,,,PREVIEW_DEFAULT
245.9911,-62.7592,-17.5060,0.000,NORMAL,1,ROUTE,,,,,PREVIEW_DEFAULT
246.0911,-62.6619,-17.5290,0.000,NORMAL,1,ROUTE,,,,,PREVIEW_DEFAULT
246.1911,-62.5646,-17.5524,0.000,NORMAL,1,ROUTE,,,,,PREVIEW_DEFAULT
246.2911,-62.4675,-17.5763,0.000,NORMAL,1,ROUTE,,,,,PREVIEW_DEFAULT
246.3911,-62.3705,-17.6005,0.000,NORMAL,1,ROUTE,,,,,PREVIEW_DEFAULT
246.4911,-62.2736,-17.6252,0.000,NORMAL,1,ROUTE,,,,,PREVIEW_DEFAULT
246.5911,-62.1768,-17.6502,0.000,NORMAL,1,ROUTE,,,,,PREVIEW_DEFAULT
246.6911,-62.0801,-17.6756,0.000,NORMAL,1,ROUTE,,,,,PREVIEW_DEFAULT
246.7911,-61.9834,-17.7012,0.000,NORMAL,1,ROUTE,,,,,PREVIEW_DEFAULT
246.8911,-61.8868,-17.7272,0.000,NORMAL,1,ROUTE,,,,,PREVIEW_DEFAULT
246.9911,-61.7903,-17.7534,0.000,NORMAL,1,ROUTE,,,,,PREVIEW_DEFAULT
247.0911,-61.6939,-17.7798,0.000,NORMAL,1,ROUTE,,,,,PREVIEW_DEFAULT
247.1911,-61.5975,-17.8065,0.000,NORMAL,1,ROUTE,,,,,PREVIEW_DEFAULT
247.2911,-61.5012,-17.8334,0.000,NORMAL,1,ROUTE,,,,,PREVIEW_DEFAULT
247.3910,-61.4050,-17.8605,0.000,NORMAL,1,ROUTE,,,,,PREVIEW_DEFAULT
247.4911,-61.3087,-17.8877,0.000,NORMAL,1,ROUTE,,,,,PREVIEW_DEFAULT
247.5910,-61.2126,-17.9151,0.000,NORMAL,1,ROUTE,,,,,PREVIEW_DEFAULT
247.6911,-61.1164,-17.9426,0.000,NORMAL,1,ROUTE,,,,,PREVIEW_DEFAULT
247.7910,-61.0203,-17.9701,0.000,NORMAL,1,ROUTE,,,,,PREVIEW_DEFAULT
247.8911,-60.9242,-17.9978,0.000,NORMAL,1,ROUTE,,,,,PREVIEW_DEFAULT
247.9910,-60.8281,-18.0254,0.000,NORMAL,1,ROUTE,,,,,PREVIEW_DEFAULT
248.0910,-60.7320,-18.0529,0.000,NORMAL,1,ROUTE,,,,,PREVIEW_DEFAULT
248.1911,-60.6358,-18.0804,0.000,NORMAL,1,ROUTE,,,,,PREVIEW_DEFAULT
248.2910,-60.5397,-18.1079,0.000,NORMAL,1,ROUTE,,,,,PREVIEW_DEFAULT
248.3910,-60.4435,-18.1352,0.000,NORMAL,1,ROUTE,,,,,PREVIEW_DEFAULT
248.4911,-60.3472,-18.1624,0.000,NORMAL,1,ROUTE,,,,,PREVIEW_DEFAULT
248.5911,-60.2510,-18.1896,0.000,NORMAL,1,ROUTE,,,,,PREVIEW_DEFAULT
248.6910,-60.1548,-18.2167,0.000,NORMAL,1,ROUTE,,,,,PREVIEW_DEFAULT
248.7911,-60.0585,-18.2439,0.000,NORMAL,1,ROUTE,,,,,PREVIEW_DEFAULT
248.8910,-59.9623,-18.2711,0.000,NORMAL,1,ROUTE,,,,,PREVIEW_DEFAULT
248.9910,-59.8662,-18.2986,0.000,NORMAL,1,ROUTE,,,,,PREVIEW_DEFAULT
249.0910,-59.7701,-18.3262,0.000,NORMAL,1,ROUTE,,,,,PREVIEW_DEFAULT
249.1910,-59.6741,-18.3542,0.000,NORMAL,1,ROUTE,,,,,PREVIEW_DEFAULT
249.2910,-59.5782,-18.3826,0.000,NORMAL,1,ROUTE,,,,,PREVIEW_DEFAULT
249.3910,-59.4825,-18.4116,0.000,NORMAL,1,ROUTE,,,,,PREVIEW_DEFAULT
249.4910,-59.3870,-18.4412,0.000,NORMAL,1,ROUTE,,,,,PREVIEW_DEFAULT
249.5910,-59.2917,-18.4716,0.000,NORMAL,1,ROUTE,,,,,PREVIEW_DEFAULT
249.6910,-59.1967,-18.5028,0.000,NORMAL,1,ROUTE,,,,,PREVIEW_DEFAULT
249.7910,-59.1020,-18.5350,0.000,NORMAL,1,ROUTE,,,,,PREVIEW_DEFAULT
249.8910,-59.0077,-18.5681,0.000,NORMAL,1,ROUTE,,,,,PREVIEW_DEFAULT
249.9910,-58.9137,-18.6024,0.000,NORMAL,1,ROUTE,,,,,PREVIEW_DEFAULT
250.0910,-58.8202,-18.6377,0.000,NORMAL,1,ROUTE,,,,,PREVIEW_DEFAULT
250.1910,-58.7270,-18.6741,0.000,NORMAL,1,ROUTE,,,,,PREVIEW_DEFAULT
250.2910,-58.6343,-18.7115,0.000,NORMAL,1,ROUTE,,,,,PREVIEW_DEFAULT
250.3910,-58.5419,-18.7497,0.000,NORMAL,1,ROUTE,,,,,PREVIEW_DEFAULT
250.4909,-58.4498,-18.7886,0.000,NORMAL,1,ROUTE,,,,,PREVIEW_DEFAULT
250.5909,-58.3579,-18.8280,0.000,NORMAL,1,ROUTE,,,,,PREVIEW_DEFAULT
250.6910,-58.2661,-18.8678,0.000,NORMAL,1,ROUTE,,,,,PREVIEW_DEFAULT
250.7909,-58.1745,-18.9078,0.000,NORMAL,1,ROUTE,,,,,PREVIEW_DEFAULT
250.8910,-58.0828,-18.9478,0.000,NORMAL,1,ROUTE,,,,,PREVIEW_DEFAULT
250.9910,-57.9911,-18.9876,0.000,NORMAL,1,ROUTE,,,,,PREVIEW_DEFAULT
251.0909,-57.8992,-19.0270,0.000,NORMAL,1,ROUTE,,,,,PREVIEW_DEFAULT
251.1910,-57.8071,-19.0660,0.000,NORMAL,1,ROUTE,,,,,PREVIEW_DEFAULT
251.2909,-57.7148,-19.1044,0.000,NORMAL,1,ROUTE,,,,,PREVIEW_DEFAULT
251.3910,-57.6221,-19.1420,0.000,NORMAL,1,ROUTE,,,,,PREVIEW_DEFAULT
251.4909,-57.5292,-19.1789,0.000,NORMAL,1,ROUTE,,,,,PREVIEW_DEFAULT
251.5910,-57.4359,-19.2150,0.000,NORMAL,1,ROUTE,,,,,PREVIEW_DEFAULT
251.6909,-57.3423,-19.2501,0.000,NORMAL,1,ROUTE,,,,,PREVIEW_DEFAULT
251.7909,-57.2484,-19.2845,0.000,NORMAL,1,ROUTE,,,,,PREVIEW_DEFAULT
251.8910,-57.1541,-19.3179,0.000,NORMAL,1,ROUTE,,,,,PREVIEW_DEFAULT
251.9909,-57.0596,-19.3504,0.000,NORMAL,1,ROUTE,,,,,PREVIEW_DEFAULT
252.0910,-56.9647,-19.3821,0.000,NORMAL,1,ROUTE,,,,,PREVIEW_DEFAULT
252.1910,-56.8696,-19.4130,0.000,NORMAL,1,ROUTE,,,,,PREVIEW_DEFAULT
252.2909,-56.7743,-19.4432,0.000,NORMAL,1,ROUTE,,,,,PREVIEW_DEFAULT
252.3909,-56.6788,-19.4729,0.000,NORMAL,1,ROUTE,,,,,PREVIEW_DEFAULT
252.4909,-56.5832,-19.5022,0.000,NORMAL,1,ROUTE,,,,,PREVIEW_DEFAULT
252.5909,-56.4875,-19.5312,0.000,NORMAL,1,ROUTE,,,,,PREVIEW_DEFAULT
252.6909,-56.3918,-19.5600,0.000,NORMAL,1,ROUTE,,,,,PREVIEW_DEFAULT
252.7909,-56.2960,-19.5889,0.000,NORMAL,1,ROUTE,,,,,PREVIEW_DEFAULT
252.8909,-56.2003,-19.6178,0.000,NORMAL,1,ROUTE,,,,,PREVIEW_DEFAULT
252.9909,-56.1046,-19.6469,0.000,NORMAL,1,ROUTE,,,,,PREVIEW_DEFAULT
253.0908,-56.0091,-19.6763,0.000,NORMAL,1,ROUTE,,,,,PREVIEW_DEFAULT
253.1909,-55.9136,-19.7061,0.000,NORMAL,1,ROUTE,,,,,PREVIEW_DEFAULT
253.2909,-55.8182,-19.7362,0.000,NORMAL,1,ROUTE,,,,,PREVIEW_DEFAULT
253.3909,-55.7230,-19.7667,0.000,NORMAL,1,ROUTE,,,,,PREVIEW_DEFAULT
253.4908,-55.6280,-19.7977,0.000,NORMAL,1,ROUTE,,,,,PREVIEW_DEFAULT
253.5908,-55.5331,-19.8293,0.000,NORMAL,1,ROUTE,,,,,PREVIEW_DEFAULT
253.6909,-55.4383,-19.8614,0.000,NORMAL,1,ROUTE,,,,,PREVIEW_DEFAULT
253.7909,-55.3438,-19.8940,0.000,NORMAL,1,ROUTE,,,,,PREVIEW_DEFAULT
253.8909,-55.2495,-19.9272,0.000,NORMAL,1,ROUTE,,,,,PREVIEW_DEFAULT
253.9909,-55.1554,-19.9611,0.000,NORMAL,1,ROUTE,,,,,PREVIEW_DEFAULT
254.0909,-55.0615,-19.9955,0.000,NORMAL,1,ROUTE,,,,,PREVIEW_DEFAULT
254.1909,-54.9679,-20.0306,0.000,NORMAL,1,ROUTE,,,,,PREVIEW_DEFAULT
254.2909,-54.8744,-20.0661,0.000,NORMAL,1,ROUTE,,,,,PREVIEW_DEFAULT
254.3909,-54.7811,-20.1021,0.000,NORMAL,1,ROUTE,,,,,PREVIEW_DEFAULT
254.4908,-54.6880,-20.1385,0.000,NORMAL,1,ROUTE,,,,,PREVIEW_DEFAULT
254.5908,-54.5950,-20.1752,0.000,NORMAL,1,ROUTE,,,,,PREVIEW_DEFAULT
254.6908,-54.5020,-20.2120,0.000,NORMAL,1,ROUTE,,,,,PREVIEW_DEFAULT
254.7908,-54.4090,-20.2488,0.000,NORMAL,1,ROUTE,,,,,PREVIEW_DEFAULT
254.8908,-54.3160,-20.2855,0.000,NORMAL,1,ROUTE,,,,,PREVIEW_DEFAULT
254.9909,-54.2229,-20.3221,0.000,NORMAL,1,ROUTE,,,,,PREVIEW_DEFAULT
255.0908,-54.1298,-20.3584,0.000,NORMAL,1,ROUTE,,,,,PREVIEW_DEFAULT
255.1908,-54.0365,-20.3944,0.000,NORMAL,1,ROUTE,,,,,PREVIEW_DEFAULT
255.2908,-53.9431,-20.4301,0.000,NORMAL,1,ROUTE,,,,,PREVIEW_DEFAULT
255.3909,-53.8495,-20.4655,0.000,NORMAL,1,ROUTE,,,,,PREVIEW_DEFAULT
255.4908,-53.7559,-20.5006,0.000,NORMAL,1,ROUTE,,,,,PREVIEW_DEFAULT
255.5908,-53.6622,-20.5354,0.000,NORMAL,1,ROUTE,,,,,PREVIEW_DEFAULT
255.6908,-53.5683,-20.5700,0.000,NORMAL,1,ROUTE,,,,,PREVIEW_DEFAULT
255.7908,-53.4745,-20.6045,0.000,NORMAL,1,ROUTE,,,,,PREVIEW_DEFAULT
255.8908,-53.3806,-20.6388,0.000,NORMAL,1,ROUTE,,,,,PREVIEW_DEFAULT
255.9909,-53.2866,-20.6732,0.000,NORMAL,1,ROUTE,,,,,PREVIEW_DEFAULT
256.0908,-53.1927,-20.7075,0.000,NORMAL,1,ROUTE,,,,,PREVIEW_DEFAULT
256.1908,-53.0989,-20.7420,0.000,NORMAL,1,ROUTE,,,,,PREVIEW_DEFAULT
256.2908,-53.0050,-20.7765,0.000,NORMAL,1,ROUTE,,,,,PREVIEW_DEFAULT
256.3908,-52.9113,-20.8113,0.000,NORMAL,1,ROUTE,,,,,PREVIEW_DEFAULT
256.4908,-52.8176,-20.8463,0.000,NORMAL,1,ROUTE,,,,,PREVIEW_DEFAULT
256.5908,-52.7240,-20.8815,0.000,NORMAL,1,ROUTE,,,,,PREVIEW_DEFAULT
256.6908,-52.6305,-20.9169,0.000,NORMAL,1,ROUTE,,,,,PREVIEW_DEFAULT
256.7908,-52.5371,-20.9527,0.000,NORMAL,1,ROUTE,,,,,PREVIEW_DEFAULT
256.8908,-52.4438,-20.9888,0.000,NORMAL,1,ROUTE,,,,,PREVIEW_DEFAULT
256.9907,-52.3507,-21.0251,0.000,NORMAL,1,ROUTE,,,,,PREVIEW_DEFAULT
257.0907,-52.2576,-21.0616,0.000,NORMAL,1,ROUTE,,,,,PREVIEW_DEFAULT
257.1908,-52.1646,-21.0984,0.000,NORMAL,1,ROUTE,,,,,PREVIEW_DEFAULT
257.2907,-52.0717,-21.1353,0.000,NORMAL,1,ROUTE,,,,,PREVIEW_DEFAULT
257.3907,-51.9788,-21.1723,0.000,NORMAL,1,ROUTE,,,,,PREVIEW_DEFAULT
257.4908,-51.8859,-21.2095,0.000,NORMAL,1,ROUTE,,,,,PREVIEW_DEFAULT
257.5908,-51.7931,-21.2467,0.000,NORMAL,1,ROUTE,,,,,PREVIEW_DEFAULT
257.6908,-51.7003,-21.2840,0.000,NORMAL,1,ROUTE,,,,,PREVIEW_DEFAULT
257.7907,-51.6076,-21.3213,0.000,NORMAL,1,ROUTE,,,,,PREVIEW_DEFAULT
257.8907,-51.5149,-21.3588,0.000,NORMAL,1,ROUTE,,,,,PREVIEW_DEFAULT
257.9907,-51.4222,-21.3963,0.000,NORMAL,1,ROUTE,,,,,PREVIEW_DEFAULT
258.0907,-51.3295,-21.4339,0.000,NORMAL,1,ROUTE,,,,,PREVIEW_DEFAULT
258.1907,-51.2369,-21.4716,0.000,NORMAL,1,ROUTE,,,,,PREVIEW_DEFAULT
258.2907,-51.1443,-21.5094,0.000,NORMAL,1,ROUTE,,,,,PREVIEW_DEFAULT
258.3907,-51.0518,-21.5473,0.000,NORMAL,1,ROUTE,,,,,PREVIEW_DEFAULT
258.4907,-50.9593,-21.5853,0.000,NORMAL,1,ROUTE,,,,,PREVIEW_DEFAULT
258.5907,-50.8668,-21.6233,0.000,NORMAL,1,ROUTE,,,,,PREVIEW_DEFAULT
258.6907,-50.7743,-21.6614,0.000,NORMAL,1,ROUTE,,,,,PREVIEW_DEFAULT
258.7907,-50.6818,-21.6993,0.000,NORMAL,1,ROUTE,,,,,PREVIEW_DEFAULT
258.8907,-50.5893,-21.7372,0.000,NORMAL,1,ROUTE,,,,,PREVIEW_DEFAULT
258.9907,-50.4966,-21.7749,0.000,NORMAL,1,ROUTE,,,,,PREVIEW_DEFAULT
259.0907,-50.4039,-21.8124,0.000,NORMAL,1,ROUTE,,,,,PREVIEW_DEFAULT
259.1907,-50.3111,-21.8496,0.000,NORMAL,1,ROUTE,,,,,PREVIEW_DEFAULT
259.2907,-50.2182,-21.8865,0.000,NORMAL,1,ROUTE,,,,,PREVIEW_DEFAULT
259.3907,-50.1251,-21.9231,0.000,NORMAL,1,ROUTE,,,,,PREVIEW_DEFAULT
259.4907,-50.0319,-21.9594,0.000,NORMAL,1,ROUTE,,,,,PREVIEW_DEFAULT
259.5906,-49.9387,-21.9954,0.000,NORMAL,1,ROUTE,,,,,PREVIEW_DEFAULT
259.6907,-49.8453,-22.0312,0.000,NORMAL,1,ROUTE,,,,,PREVIEW_DEFAULT
259.7907,-49.7519,-22.0669,0.000,NORMAL,1,ROUTE,,,,,PREVIEW_DEFAULT
259.8907,-49.6584,-22.1025,0.000,NORMAL,1,ROUTE,,,,,PREVIEW_DEFAULT
259.9907,-49.5650,-22.1381,0.000,NORMAL,1,ROUTE,,,,,PREVIEW_DEFAULT
260.0906,-49.4716,-22.1737,0.000,NORMAL,1,ROUTE,,,,,PREVIEW_DEFAULT
260.1045,-49.4586,-22.1787,0.000,TRAFFIC,1,TRAFFIC,TRAFFIC_2_RED_STOP,STOP_IF_CONDITION,TRAFFIC_LIGHT_RED,,PREVIEW_DEFAULT
260.1907,-49.3782,-22.2096,0.000,TRAFFIC,1,TRAFFIC,,,TRAFFIC_LIGHT_RED,,PREVIEW_DEFAULT
260.2907,-49.2849,-22.2456,0.000,TRAFFIC,1,TRAFFIC,,,TRAFFIC_LIGHT_RED,,PREVIEW_DEFAULT
260.3907,-49.1917,-22.2818,0.000,TRAFFIC,1,TRAFFIC,,,TRAFFIC_LIGHT_RED,,PREVIEW_DEFAULT
260.4907,-49.0986,-22.3183,0.000,TRAFFIC,1,TRAFFIC,,,TRAFFIC_LIGHT_RED,,PREVIEW_DEFAULT
260.5907,-49.0056,-22.3551,0.000,TRAFFIC,1,TRAFFIC,,,TRAFFIC_LIGHT_RED,,PREVIEW_DEFAULT
260.6907,-48.9128,-22.3923,0.000,TRAFFIC,1,TRAFFIC,,,TRAFFIC_LIGHT_RED,,PREVIEW_DEFAULT
260.7907,-48.8201,-22.4298,0.000,TRAFFIC,1,TRAFFIC,,,TRAFFIC_LIGHT_RED,,PREVIEW_DEFAULT
260.8907,-48.7276,-22.4678,0.000,TRAFFIC,1,TRAFFIC,,,TRAFFIC_LIGHT_RED,,PREVIEW_DEFAULT
260.9907,-48.6353,-22.5063,0.000,TRAFFIC,1,TRAFFIC,,,TRAFFIC_LIGHT_RED,,PREVIEW_DEFAULT
261.0906,-48.5433,-22.5454,0.000,TRAFFIC,1,TRAFFIC,,,TRAFFIC_LIGHT_RED,,PREVIEW_DEFAULT
261.1906,-48.4515,-22.5850,0.000,TRAFFIC,1,TRAFFIC,,,TRAFFIC_LIGHT_RED,,PREVIEW_DEFAULT
261.2906,-48.3600,-22.6253,0.000,TRAFFIC,1,TRAFFIC,,,TRAFFIC_LIGHT_RED,,PREVIEW_DEFAULT
261.3907,-48.2687,-22.6663,0.000,TRAFFIC,1,TRAFFIC,,,TRAFFIC_LIGHT_RED,,PREVIEW_DEFAULT
261.4907,-48.1778,-22.7080,0.000,TRAFFIC,1,TRAFFIC,,,TRAFFIC_LIGHT_RED,,PREVIEW_DEFAULT
261.5906,-48.0873,-22.7503,0.000,TRAFFIC,1,TRAFFIC,,,TRAFFIC_LIGHT_RED,,PREVIEW_DEFAULT
261.6906,-47.9970,-22.7934,0.000,TRAFFIC,1,TRAFFIC,,,TRAFFIC_LIGHT_RED,,PREVIEW_DEFAULT
261.7906,-47.9071,-22.8372,0.000,TRAFFIC,1,TRAFFIC,,,TRAFFIC_LIGHT_RED,,PREVIEW_DEFAULT
261.8906,-47.8175,-22.8815,0.000,TRAFFIC,1,TRAFFIC,,,TRAFFIC_LIGHT_RED,,PREVIEW_DEFAULT
261.9906,-47.7281,-22.9264,0.000,TRAFFIC,1,TRAFFIC,,,TRAFFIC_LIGHT_RED,,PREVIEW_DEFAULT
262.0906,-47.6389,-22.9715,0.000,TRAFFIC,1,TRAFFIC,,,TRAFFIC_LIGHT_RED,,PREVIEW_DEFAULT
262.1906,-47.5497,-23.0167,0.000,TRAFFIC,1,TRAFFIC,,,TRAFFIC_LIGHT_RED,,PREVIEW_DEFAULT
262.2906,-47.4604,-23.0618,0.000,TRAFFIC,1,TRAFFIC,,,TRAFFIC_LIGHT_RED,,PREVIEW_DEFAULT
262.3906,-47.3709,-23.1064,0.000,TRAFFIC,1,TRAFFIC,,,TRAFFIC_LIGHT_RED,,PREVIEW_DEFAULT
262.4906,-47.2811,-23.1503,0.000,TRAFFIC,1,TRAFFIC,,,TRAFFIC_LIGHT_RED,,PREVIEW_DEFAULT
262.5906,-47.1907,-23.1931,0.000,TRAFFIC,1,TRAFFIC,,,TRAFFIC_LIGHT_RED,,PREVIEW_DEFAULT
262.6905,-47.0997,-23.2344,0.000,TRAFFIC,1,TRAFFIC,,,TRAFFIC_LIGHT_RED,,PREVIEW_DEFAULT
262.7906,-47.0078,-23.2739,0.000,TRAFFIC,1,TRAFFIC,,,TRAFFIC_LIGHT_RED,,PREVIEW_DEFAULT
262.8905,-46.9150,-23.3111,0.000,TRAFFIC,1,TRAFFIC,,,TRAFFIC_LIGHT_RED,,PREVIEW_DEFAULT
262.9906,-46.8211,-23.3457,0.000,TRAFFIC,1,TRAFFIC,,,TRAFFIC_LIGHT_RED,,PREVIEW_DEFAULT
263.0906,-46.7262,-23.3772,0.000,TRAFFIC,1,TRAFFIC,,,TRAFFIC_LIGHT_RED,,PREVIEW_DEFAULT
263.1244,-46.6939,-23.3871,0.000,TRAFFIC,1,TRAFFIC,TRAFFIC_2_RED_STOP_END,,TRAFFIC_LIGHT_RED,,PREVIEW_DEFAULT
263.1906,-46.6302,-23.4051,0.000,TRAFFIC,1,TRAFFIC,,,TRAFFIC_LIGHT_RED,,PREVIEW_DEFAULT
263.2906,-46.5332,-23.4295,0.000,TRAFFIC,1,TRAFFIC,,,TRAFFIC_LIGHT_RED,,PREVIEW_DEFAULT
263.3906,-46.4367,-23.4556,0.000,TRAFFIC,1,TRAFFIC,,,TRAFFIC_LIGHT_RED,,PREVIEW_DEFAULT
263.3980,-46.4296,-23.4577,0.000,NORMAL,1,ROUTE,,,,,PREVIEW_DEFAULT
263.4905,-46.3414,-23.4857,0.000,NORMAL,1,ROUTE,,,,,PREVIEW_DEFAULT
263.5905,-46.2471,-23.5190,0.000,NORMAL,1,ROUTE,,,,,PREVIEW_DEFAULT
263.6906,-46.1538,-23.5551,0.000,NORMAL,1,ROUTE,,,,,PREVIEW_DEFAULT
263.7905,-46.0616,-23.5936,0.000,NORMAL,1,ROUTE,,,,,PREVIEW_DEFAULT
263.8905,-45.9702,-23.6342,0.000,NORMAL,1,ROUTE,,,,,PREVIEW_DEFAULT
263.9905,-45.8795,-23.6764,0.000,NORMAL,1,ROUTE,,,,,PREVIEW_DEFAULT
264.0905,-45.7895,-23.7199,0.000,NORMAL,1,ROUTE,,,,,PREVIEW_DEFAULT
264.1905,-45.6999,-23.7643,0.000,NORMAL,1,ROUTE,,,,,PREVIEW_DEFAULT
264.2904,-45.6107,-23.8094,0.000,NORMAL,1,ROUTE,,,,,PREVIEW_DEFAULT
264.3905,-45.5216,-23.8549,0.000,NORMAL,1,ROUTE,,,,,PREVIEW_DEFAULT
264.4905,-45.4326,-23.9005,0.000,NORMAL,1,ROUTE,,,,,PREVIEW_DEFAULT
264.5904,-45.3436,-23.9460,0.000,NORMAL,1,ROUTE,,,,,PREVIEW_DEFAULT
264.6905,-45.2544,-23.9913,0.000,NORMAL,1,ROUTE,,,,,PREVIEW_DEFAULT
264.7904,-45.1651,-24.0362,0.000,NORMAL,1,ROUTE,,,,,PREVIEW_DEFAULT
264.8905,-45.0755,-24.0807,0.000,NORMAL,1,ROUTE,,,,,PREVIEW_DEFAULT
264.9905,-44.9857,-24.1247,0.000,NORMAL,1,ROUTE,,,,,PREVIEW_DEFAULT
265.0905,-44.8956,-24.1681,0.000,NORMAL,1,ROUTE,,,,,PREVIEW_DEFAULT
265.1905,-44.8052,-24.2109,0.000,NORMAL,1,ROUTE,,,,,PREVIEW_DEFAULT
265.2905,-44.7146,-24.2531,0.000,NORMAL,1,ROUTE,,,,,PREVIEW_DEFAULT
265.3905,-44.6237,-24.2948,0.000,NORMAL,1,ROUTE,,,,,PREVIEW_DEFAULT
265.4905,-44.5325,-24.3358,0.000,NORMAL,1,ROUTE,,,,,PREVIEW_DEFAULT
265.5905,-44.4411,-24.3764,0.000,NORMAL,1,ROUTE,,,,,PREVIEW_DEFAULT
265.6905,-44.3495,-24.4166,0.000,NORMAL,1,ROUTE,,,,,PREVIEW_DEFAULT
265.7904,-44.2578,-24.4563,0.000,NORMAL,1,ROUTE,,,,,PREVIEW_DEFAULT
265.8904,-44.1659,-24.4957,0.000,NORMAL,1,ROUTE,,,,,PREVIEW_DEFAULT
265.9904,-44.0739,-24.5349,0.000,NORMAL,1,ROUTE,,,,,PREVIEW_DEFAULT
266.0904,-43.9818,-24.5738,0.000,NORMAL,1,ROUTE,,,,,PREVIEW_DEFAULT
266.1905,-43.8896,-24.6127,0.000,NORMAL,1,ROUTE,,,,,PREVIEW_DEFAULT
266.2904,-43.7975,-24.6515,0.000,NORMAL,1,ROUTE,,,,,PREVIEW_DEFAULT
266.3904,-43.7053,-24.6902,0.000,NORMAL,1,ROUTE,,,,,PREVIEW_DEFAULT
266.4904,-43.6131,-24.7290,0.000,NORMAL,1,ROUTE,,,,,PREVIEW_DEFAULT
266.5905,-43.5209,-24.7678,0.000,NORMAL,1,ROUTE,,,,,PREVIEW_DEFAULT
266.6904,-43.4288,-24.8067,0.000,NORMAL,1,ROUTE,,,,,PREVIEW_DEFAULT
266.7904,-43.3367,-24.8456,0.000,NORMAL,1,ROUTE,,,,,PREVIEW_DEFAULT
266.8904,-43.2447,-24.8847,0.000,NORMAL,1,ROUTE,,,,,PREVIEW_DEFAULT
266.9904,-43.1527,-24.9239,0.000,NORMAL,1,ROUTE,,,,,PREVIEW_DEFAULT
267.0904,-43.0607,-24.9632,0.000,NORMAL,1,ROUTE,,,,,PREVIEW_DEFAULT
267.1904,-42.9688,-25.0026,0.000,NORMAL,1,ROUTE,,,,,PREVIEW_DEFAULT
267.2904,-42.8770,-25.0422,0.000,NORMAL,1,ROUTE,,,,,PREVIEW_DEFAULT
267.3904,-42.7852,-25.0819,0.000,NORMAL,1,ROUTE,,,,,PREVIEW_DEFAULT
267.4904,-42.6935,-25.1218,0.000,NORMAL,1,ROUTE,,,,,PREVIEW_DEFAULT
267.5904,-42.6019,-25.1618,0.000,NORMAL,1,ROUTE,,,,,PREVIEW_DEFAULT
267.6904,-42.5103,-25.2020,0.000,NORMAL,1,ROUTE,,,,,PREVIEW_DEFAULT
267.7903,-42.4188,-25.2422,0.000,NORMAL,1,ROUTE,,,,,PREVIEW_DEFAULT
267.8904,-42.3273,-25.2826,0.000,NORMAL,1,ROUTE,,,,,PREVIEW_DEFAULT
267.9903,-42.2359,-25.3231,0.000,NORMAL,1,ROUTE,,,,,PREVIEW_DEFAULT
268.0903,-42.1445,-25.3637,0.000,NORMAL,1,ROUTE,,,,,PREVIEW_DEFAULT
268.1903,-42.0531,-25.4042,0.000,NORMAL,1,ROUTE,,,,,PREVIEW_DEFAULT
268.2904,-41.9616,-25.4447,0.000,NORMAL,1,ROUTE,,,,,PREVIEW_DEFAULT
268.3903,-41.8702,-25.4851,0.000,NORMAL,1,ROUTE,,,,,PREVIEW_DEFAULT
268.4904,-41.7786,-25.5254,0.000,NORMAL,1,ROUTE,,,,,PREVIEW_DEFAULT
268.5904,-41.6870,-25.5655,0.000,NORMAL,1,ROUTE,,,,,PREVIEW_DEFAULT
268.6903,-41.5953,-25.6053,0.000,NORMAL,1,ROUTE,,,,,PREVIEW_DEFAULT
268.7903,-41.5035,-25.6449,0.000,NORMAL,1,ROUTE,,,,,PREVIEW_DEFAULT
268.8904,-41.4115,-25.6842,0.000,NORMAL,1,ROUTE,,,,,PREVIEW_DEFAULT
268.9903,-41.3195,-25.7233,0.000,NORMAL,1,ROUTE,,,,,PREVIEW_DEFAULT
269.0903,-41.2273,-25.7620,0.000,NORMAL,1,ROUTE,,,,,PREVIEW_DEFAULT
269.1904,-41.1350,-25.8006,0.000,NORMAL,1,ROUTE,,,,,PREVIEW_DEFAULT
269.2903,-41.0427,-25.8389,0.000,NORMAL,1,ROUTE,,,,,PREVIEW_DEFAULT
269.3903,-40.9502,-25.8770,0.000,NORMAL,1,ROUTE,,,,,PREVIEW_DEFAULT
269.4904,-40.8577,-25.9151,0.000,NORMAL,1,ROUTE,,,,,PREVIEW_DEFAULT
269.5903,-40.7652,-25.9530,0.000,NORMAL,1,ROUTE,,,,,PREVIEW_DEFAULT
269.6904,-40.6726,-25.9908,0.000,NORMAL,1,ROUTE,,,,,PREVIEW_DEFAULT
269.7904,-40.5800,-26.0286,0.000,NORMAL,1,ROUTE,,,,,PREVIEW_DEFAULT
269.8903,-40.4874,-26.0662,0.000,NORMAL,1,ROUTE,,,,,PREVIEW_DEFAULT
269.9903,-40.3948,-26.1039,0.000,NORMAL,1,ROUTE,,,,,PREVIEW_DEFAULT
270.0903,-40.3021,-26.1415,0.000,NORMAL,1,ROUTE,,,,,PREVIEW_DEFAULT
270.1903,-40.2094,-26.1790,0.000,NORMAL,1,ROUTE,,,,,PREVIEW_DEFAULT
270.2903,-40.1167,-26.2165,0.000,NORMAL,1,ROUTE,,,,,PREVIEW_DEFAULT
270.3903,-40.0240,-26.2539,0.000,NORMAL,1,ROUTE,,,,,PREVIEW_DEFAULT
270.4903,-39.9312,-26.2913,0.000,NORMAL,1,ROUTE,,,,,PREVIEW_DEFAULT
270.5903,-39.8385,-26.3286,0.000,NORMAL,1,ROUTE,,,,,PREVIEW_DEFAULT
270.6903,-39.7457,-26.3659,0.000,NORMAL,1,ROUTE,,,,,PREVIEW_DEFAULT
270.7903,-39.6529,-26.4033,0.000,NORMAL,1,ROUTE,,,,,PREVIEW_DEFAULT
270.8903,-39.5602,-26.4406,0.000,NORMAL,1,ROUTE,,,,,PREVIEW_DEFAULT
270.9903,-39.4674,-26.4780,0.000,NORMAL,1,ROUTE,,,,,PREVIEW_DEFAULT
271.0903,-39.3747,-26.5154,0.000,NORMAL,1,ROUTE,,,,,PREVIEW_DEFAULT
271.1902,-39.2820,-26.5528,0.000,NORMAL,1,ROUTE,,,,,PREVIEW_DEFAULT
271.2903,-39.1893,-26.5904,0.000,NORMAL,1,ROUTE,,,,,PREVIEW_DEFAULT
271.3903,-39.0966,-26.6280,0.000,NORMAL,1,ROUTE,,,,,PREVIEW_DEFAULT
271.4903,-39.0040,-26.6657,0.000,NORMAL,1,ROUTE,,,,,PREVIEW_DEFAULT
271.5902,-38.9115,-26.7035,0.000,NORMAL,1,ROUTE,,,,,PREVIEW_DEFAULT
271.6903,-38.8189,-26.7414,0.000,NORMAL,1,ROUTE,,,,,PREVIEW_DEFAULT
271.7903,-38.7264,-26.7794,0.000,NORMAL,1,ROUTE,,,,,PREVIEW_DEFAULT
271.8903,-38.6339,-26.8175,0.000,NORMAL,1,ROUTE,,,,,PREVIEW_DEFAULT
271.9902,-38.5415,-26.8556,0.000,NORMAL,1,ROUTE,,,,,PREVIEW_DEFAULT
272.0902,-38.4491,-26.8937,0.000,NORMAL,1,ROUTE,,,,,PREVIEW_DEFAULT
272.1903,-38.3566,-26.9319,0.000,NORMAL,1,ROUTE,,,,,PREVIEW_DEFAULT
272.2902,-38.2642,-26.9700,0.000,NORMAL,1,ROUTE,,,,,PREVIEW_DEFAULT
272.3903,-38.1717,-27.0081,0.000,NORMAL,1,ROUTE,,,,,PREVIEW_DEFAULT
272.4903,-38.0792,-27.0461,0.000,NORMAL,1,ROUTE,,,,,PREVIEW_DEFAULT
272.5902,-37.9867,-27.0840,0.000,NORMAL,1,ROUTE,,,,,PREVIEW_DEFAULT
272.6902,-37.8941,-27.1216,0.000,NORMAL,1,ROUTE,,,,,PREVIEW_DEFAULT
272.7903,-37.8013,-27.1591,0.000,NORMAL,1,ROUTE,,,,,PREVIEW_DEFAULT
272.8902,-37.7085,-27.1963,0.000,NORMAL,1,ROUTE,,,,,PREVIEW_DEFAULT
272.9902,-37.6156,-27.2333,0.000,NORMAL,1,ROUTE,,,,,PREVIEW_DEFAULT
273.0902,-37.5226,-27.2700,0.000,NORMAL,1,ROUTE,,,,,PREVIEW_DEFAULT
273.1902,-37.4295,-27.3064,0.000,NORMAL,1,ROUTE,,,,,PREVIEW_DEFAULT
273.2902,-37.3363,-27.3426,0.000,NORMAL,1,ROUTE,,,,,PREVIEW_DEFAULT
273.3903,-37.2429,-27.3786,0.000,NORMAL,1,ROUTE,,,,,PREVIEW_DEFAULT
273.4902,-37.1496,-27.4143,0.000,NORMAL,1,ROUTE,,,,,PREVIEW_DEFAULT
273.5902,-37.0561,-27.4499,0.000,NORMAL,1,ROUTE,,,,,PREVIEW_DEFAULT
273.6902,-36.9626,-27.4853,0.000,NORMAL,1,ROUTE,,,,,PREVIEW_DEFAULT
273.7902,-36.8690,-27.5206,0.000,NORMAL,1,ROUTE,,,,,PREVIEW_DEFAULT
273.8902,-36.7755,-27.5559,0.000,NORMAL,1,ROUTE,,,,,PREVIEW_DEFAULT
273.9902,-36.6819,-27.5912,0.000,NORMAL,1,ROUTE,,,,,PREVIEW_DEFAULT
274.0902,-36.5883,-27.6265,0.000,NORMAL,1,ROUTE,,,,,PREVIEW_DEFAULT
274.1902,-36.4948,-27.6619,0.000,NORMAL,1,ROUTE,,,,,PREVIEW_DEFAULT
274.2902,-36.4014,-27.6975,0.000,NORMAL,1,ROUTE,,,,,PREVIEW_DEFAULT
274.3901,-36.3080,-27.7332,0.000,NORMAL,1,ROUTE,,,,,PREVIEW_DEFAULT
274.4902,-36.2147,-27.7692,0.000,NORMAL,1,ROUTE,,,,,PREVIEW_DEFAULT
274.5902,-36.1214,-27.8053,0.000,NORMAL,1,ROUTE,,,,,PREVIEW_DEFAULT
274.6902,-36.0283,-27.8417,0.000,NORMAL,1,ROUTE,,,,,PREVIEW_DEFAULT
274.7902,-35.9352,-27.8782,0.000,NORMAL,1,ROUTE,,,,,PREVIEW_DEFAULT
274.8901,-35.8422,-27.9149,0.000,NORMAL,1,ROUTE,,,,,PREVIEW_DEFAULT
274.9901,-35.7492,-27.9516,0.000,NORMAL,1,ROUTE,,,,,PREVIEW_DEFAULT
275.0901,-35.6562,-27.9884,0.000,NORMAL,1,ROUTE,,,,,PREVIEW_DEFAULT
275.1902,-35.5632,-28.0253,0.000,NORMAL,1,ROUTE,,,,,PREVIEW_DEFAULT
275.2901,-35.4703,-28.0621,0.000,NORMAL,1,ROUTE,,,,,PREVIEW_DEFAULT
275.3902,-35.3773,-28.0990,0.000,NORMAL,1,ROUTE,,,,,PREVIEW_DEFAULT
275.4901,-35.2844,-28.1359,0.000,NORMAL,1,ROUTE,,,,,PREVIEW_DEFAULT
275.5902,-35.1914,-28.1728,0.000,NORMAL,1,ROUTE,,,,,PREVIEW_DEFAULT
275.6901,-35.0985,-28.2097,0.000,NORMAL,1,ROUTE,,,,,PREVIEW_DEFAULT
275.7901,-35.0056,-28.2467,0.000,NORMAL,1,ROUTE,,,,,PREVIEW_DEFAULT
275.8902,-34.9127,-28.2838,0.000,NORMAL,1,ROUTE,,,,,PREVIEW_DEFAULT
275.9901,-34.8199,-28.3209,0.000,NORMAL,1,ROUTE,,,,,PREVIEW_DEFAULT
276.0901,-34.7271,-28.3582,0.000,NORMAL,1,ROUTE,,,,,PREVIEW_DEFAULT
276.1901,-34.6343,-28.3955,0.000,NORMAL,1,ROUTE,,,,,PREVIEW_DEFAULT
276.2901,-34.5416,-28.4329,0.000,NORMAL,1,ROUTE,,,,,PREVIEW_DEFAULT
276.3901,-34.4489,-28.4704,0.000,NORMAL,1,ROUTE,,,,,PREVIEW_DEFAULT
276.4901,-34.3562,-28.5079,0.000,NORMAL,1,ROUTE,,,,,PREVIEW_DEFAULT
276.5901,-34.2635,-28.5455,0.000,NORMAL,1,ROUTE,,,,,PREVIEW_DEFAULT
276.6901,-34.1709,-28.5831,0.000,NORMAL,1,ROUTE,,,,,PREVIEW_DEFAULT
276.7901,-34.0782,-28.6207,0.000,NORMAL,1,ROUTE,,,,,PREVIEW_DEFAULT
276.8901,-33.9855,-28.6582,0.000,NORMAL,1,ROUTE,,,,,PREVIEW_DEFAULT
276.9901,-33.8928,-28.6956,0.000,NORMAL,1,ROUTE,,,,,PREVIEW_DEFAULT
277.0901,-33.8000,-28.7330,0.000,NORMAL,1,ROUTE,,,,,PREVIEW_DEFAULT
277.1901,-33.7072,-28.7702,0.000,NORMAL,1,ROUTE,,,,,PREVIEW_DEFAULT
277.2901,-33.6143,-28.8072,0.000,NORMAL,1,ROUTE,,,,,PREVIEW_DEFAULT
277.3900,-33.5214,-28.8441,0.000,NORMAL,1,ROUTE,,,,,PREVIEW_DEFAULT
277.4901,-33.4283,-28.8808,0.000,NORMAL,1,ROUTE,,,,,PREVIEW_DEFAULT
277.5900,-33.3353,-28.9173,0.000,NORMAL,1,ROUTE,,,,,PREVIEW_DEFAULT
277.6900,-33.2421,-28.9536,0.000,NORMAL,1,ROUTE,,,,,PREVIEW_DEFAULT
277.7900,-33.1489,-28.9898,0.000,NORMAL,1,ROUTE,,,,,PREVIEW_DEFAULT
277.8900,-33.0556,-29.0258,0.000,NORMAL,1,ROUTE,,,,,PREVIEW_DEFAULT
277.9900,-32.9623,-29.0618,0.000,NORMAL,1,ROUTE,,,,,PREVIEW_DEFAULT
278.0900,-32.8690,-29.0977,0.000,NORMAL,1,ROUTE,,,,,PREVIEW_DEFAULT
278.1901,-32.7756,-29.1337,0.000,NORMAL,1,ROUTE,,,,,PREVIEW_DEFAULT
278.2900,-32.6824,-29.1697,0.000,NORMAL,1,ROUTE,,,,,PREVIEW_DEFAULT
278.3900,-32.5892,-29.2060,0.000,NORMAL,1,ROUTE,,,,,PREVIEW_DEFAULT
278.4900,-32.4961,-29.2425,0.000,NORMAL,1,ROUTE,,,,,PREVIEW_DEFAULT
278.5900,-32.4032,-29.2794,0.000,NORMAL,1,ROUTE,,,,,PREVIEW_DEFAULT
278.6900,-32.3104,-29.3168,0.000,NORMAL,1,ROUTE,,,,,PREVIEW_DEFAULT
278.7901,-32.2179,-29.3548,0.000,NORMAL,1,ROUTE,,,,,PREVIEW_DEFAULT
278.8900,-32.1258,-29.3936,0.000,NORMAL,1,ROUTE,,,,,PREVIEW_DEFAULT
278.9900,-32.0340,-29.4333,0.000,NORMAL,1,ROUTE,,,,,PREVIEW_DEFAULT
279.0900,-31.9426,-29.4739,0.000,NORMAL,1,ROUTE,,,,,PREVIEW_DEFAULT
279.1900,-31.8518,-29.5158,0.000,NORMAL,1,ROUTE,,,,,PREVIEW_DEFAULT
279.2900,-31.7616,-29.5590,0.000,NORMAL,1,ROUTE,,,,,PREVIEW_DEFAULT
279.3900,-31.6721,-29.6036,0.000,NORMAL,1,ROUTE,,,,,PREVIEW_DEFAULT
279.4900,-31.5835,-29.6500,0.000,NORMAL,1,ROUTE,,,,,PREVIEW_DEFAULT
279.5900,-31.4959,-29.6981,0.000,NORMAL,1,ROUTE,,,,,PREVIEW_DEFAULT
279.6900,-31.4094,-29.7484,0.000,NORMAL,1,ROUTE,,,,,PREVIEW_DEFAULT
279.7900,-31.3243,-29.8008,0.000,NORMAL,1,ROUTE,,,,,PREVIEW_DEFAULT
279.8900,-31.2406,-29.8556,0.000,NORMAL,1,ROUTE,,,,,PREVIEW_DEFAULT
279.9900,-31.1587,-29.9129,0.000,NORMAL,1,ROUTE,,,,,PREVIEW_DEFAULT
280.0900,-31.0788,-29.9730,0.000,NORMAL,1,ROUTE,,,,,PREVIEW_DEFAULT
280.1899,-31.0011,-30.0359,0.000,NORMAL,1,ROUTE,,,,,PREVIEW_DEFAULT
280.2899,-30.9259,-30.1018,0.000,NORMAL,1,ROUTE,,,,,PREVIEW_DEFAULT
280.3899,-30.8535,-30.1708,0.000,NORMAL,1,ROUTE,,,,,PREVIEW_DEFAULT
280.4899,-30.7843,-30.2430,0.000,NORMAL,1,ROUTE,,,,,PREVIEW_DEFAULT
280.5899,-30.7185,-30.3182,0.000,NORMAL,1,ROUTE,,,,,PREVIEW_DEFAULT
280.6899,-30.6564,-30.3966,0.000,NORMAL,1,ROUTE,,,,,PREVIEW_DEFAULT
280.7899,-30.5983,-30.4780,0.000,NORMAL,1,ROUTE,,,,,PREVIEW_DEFAULT
280.8899,-30.5445,-30.5623,0.000,NORMAL,1,ROUTE,,,,,PREVIEW_DEFAULT
280.9899,-30.4952,-30.6493,0.000,NORMAL,1,ROUTE,,,,,PREVIEW_DEFAULT
281.0898,-30.4504,-30.7386,0.000,NORMAL,1,ROUTE,,,,,PREVIEW_DEFAULT
281.1898,-30.4102,-30.8302,0.000,NORMAL,1,ROUTE,,,,,PREVIEW_DEFAULT
281.2898,-30.3746,-30.9236,0.000,NORMAL,1,ROUTE,,,,,PREVIEW_DEFAULT
281.3898,-30.3434,-31.0186,0.000,NORMAL,1,ROUTE,,,,,PREVIEW_DEFAULT
281.4898,-30.3164,-31.1149,0.000,NORMAL,1,ROUTE,,,,,PREVIEW_DEFAULT
281.5898,-30.2934,-31.2122,0.000,NORMAL,1,ROUTE,,,,,PREVIEW_DEFAULT
281.6897,-30.2741,-31.3103,0.000,NORMAL,1,ROUTE,,,,,PREVIEW_DEFAULT
281.7898,-30.2580,-31.4090,0.000,NORMAL,1,ROUTE,,,,,PREVIEW_DEFAULT
281.8897,-30.2449,-31.5081,0.000,NORMAL,1,ROUTE,,,,,PREVIEW_DEFAULT
281.9898,-30.2342,-31.6076,0.000,NORMAL,1,ROUTE,,,,,PREVIEW_DEFAULT
282.0898,-30.2256,-31.7072,0.000,NORMAL,1,ROUTE,,,,,PREVIEW_DEFAULT
282.1898,-30.2187,-31.8070,0.000,NORMAL,1,ROUTE,,,,,PREVIEW_DEFAULT
282.2898,-30.2131,-31.9068,0.000,NORMAL,1,ROUTE,,,,,PREVIEW_DEFAULT
282.3898,-30.2083,-32.0067,0.000,NORMAL,1,ROUTE,,,,,PREVIEW_DEFAULT
282.4898,-30.2040,-32.1066,0.000,NORMAL,1,ROUTE,,,,,PREVIEW_DEFAULT
282.5897,-30.1998,-32.2065,0.000,NORMAL,1,ROUTE,,,,,PREVIEW_DEFAULT
282.6898,-30.1953,-32.3064,0.000,NORMAL,1,ROUTE,,,,,PREVIEW_DEFAULT
282.7897,-30.1901,-32.4062,0.000,NORMAL,1,ROUTE,,,,,PREVIEW_DEFAULT
282.8898,-30.1841,-32.5061,0.000,NORMAL,1,ROUTE,,,,,PREVIEW_DEFAULT
282.9897,-30.1768,-32.6058,0.000,NORMAL,1,ROUTE,,,,,PREVIEW_DEFAULT
283.0897,-30.1680,-32.7054,0.000,NORMAL,1,ROUTE,,,,,PREVIEW_DEFAULT
283.1897,-30.1575,-32.8048,0.000,NORMAL,1,ROUTE,,,,,PREVIEW_DEFAULT
283.2897,-30.1451,-32.9041,0.000,NORMAL,1,ROUTE,,,,,PREVIEW_DEFAULT
283.3897,-30.1308,-33.0030,0.000,NORMAL,1,ROUTE,,,,,PREVIEW_DEFAULT
283.4897,-30.1144,-33.1017,0.000,NORMAL,1,ROUTE,,,,,PREVIEW_DEFAULT
283.5897,-30.0959,-33.1999,0.000,NORMAL,1,ROUTE,,,,,PREVIEW_DEFAULT
283.6897,-30.0755,-33.2978,0.000,NORMAL,1,ROUTE,,,,,PREVIEW_DEFAULT
283.7897,-30.0533,-33.3953,0.000,NORMAL,1,ROUTE,,,,,PREVIEW_DEFAULT
283.8897,-30.0296,-33.4925,0.000,NORMAL,1,ROUTE,,,,,PREVIEW_DEFAULT
283.9897,-30.0045,-33.5893,0.000,NORMAL,1,ROUTE,,,,,PREVIEW_DEFAULT
284.0897,-29.9784,-33.6858,0.000,NORMAL,1,ROUTE,,,,,PREVIEW_DEFAULT
284.1897,-29.9518,-33.7822,0.000,NORMAL,1,ROUTE,,,,,PREVIEW_DEFAULT
284.2897,-29.9251,-33.8786,0.000,NORMAL,1,ROUTE,,,,,PREVIEW_DEFAULT
284.3896,-29.8988,-33.9750,0.000,NORMAL,1,ROUTE,,,,,PREVIEW_DEFAULT
284.4897,-29.8734,-34.0718,0.000,NORMAL,1,ROUTE,,,,,PREVIEW_DEFAULT
284.5897,-29.8497,-34.1689,0.000,NORMAL,1,ROUTE,,,,,PREVIEW_DEFAULT
284.6897,-29.8281,-34.2666,0.000,NORMAL,1,ROUTE,,,,,PREVIEW_DEFAULT
284.7897,-29.8095,-34.3648,0.000,NORMAL,1,ROUTE,,,,,PREVIEW_DEFAULT
284.8897,-29.7947,-34.4637,0.000,NORMAL,1,ROUTE,,,,,PREVIEW_DEFAULT
284.9690,-29.7864,-34.5426,0.000,PERP_PARK,1,T_PARK,T_PARK_START,ENTER_ZONE,,,PREVIEW_DEFAULT
284.9897,-29.7848,-34.5632,0.000,PERP_PARK,1,T_PARK,,,,,PREVIEW_DEFAULT
285.0896,-29.7801,-34.6630,0.000,PERP_PARK,1,T_PARK,,,,,PREVIEW_DEFAULT
285.1896,-29.7803,-34.7630,0.000,PERP_PARK,1,T_PARK,,,,,PREVIEW_DEFAULT
285.2896,-29.7852,-34.8629,0.000,PERP_PARK,1,T_PARK,,,,,PREVIEW_DEFAULT
285.3896,-29.7943,-34.9625,0.000,PERP_PARK,1,T_PARK,,,,,PREVIEW_DEFAULT
285.4896,-29.8075,-35.0616,0.000,PERP_PARK,1,T_PARK,,,,,PREVIEW_DEFAULT
285.5895,-29.8244,-35.1601,0.000,PERP_PARK,1,T_PARK,,,,,PREVIEW_DEFAULT
285.6896,-29.8447,-35.2581,0.000,PERP_PARK,1,T_PARK,,,,,PREVIEW_DEFAULT
285.7895,-29.8680,-35.3553,0.000,PERP_PARK,1,T_PARK,,,,,PREVIEW_DEFAULT
285.8895,-29.8941,-35.4518,0.000,PERP_PARK,1,T_PARK,,,,,PREVIEW_DEFAULT
285.9895,-29.9228,-35.5476,0.000,PERP_PARK,1,T_PARK,,,,,PREVIEW_DEFAULT
286.0895,-29.9537,-35.6427,0.000,PERP_PARK,1,T_PARK,,,,,PREVIEW_DEFAULT
286.1895,-29.9865,-35.7372,0.000,PERP_PARK,1,T_PARK,,,,,PREVIEW_DEFAULT
286.2895,-30.0210,-35.8310,0.000,PERP_PARK,1,T_PARK,,,,,PREVIEW_DEFAULT
286.3895,-30.0571,-35.9243,0.000,PERP_PARK,1,T_PARK,,,,,PREVIEW_DEFAULT
286.4895,-30.0944,-36.0171,0.000,PERP_PARK,1,T_PARK,,,,,PREVIEW_DEFAULT
286.5895,-30.1327,-36.1094,0.000,PERP_PARK,1,T_PARK,,,,,PREVIEW_DEFAULT
286.6895,-30.1720,-36.2014,0.000,PERP_PARK,1,T_PARK,,,,,PREVIEW_DEFAULT
286.7895,-30.2119,-36.2931,0.000,PERP_PARK,1,T_PARK,,,,,PREVIEW_DEFAULT
286.8895,-30.2524,-36.3845,0.000,PERP_PARK,1,T_PARK,,,,,PREVIEW_DEFAULT
286.9895,-30.2933,-36.4758,0.000,PERP_PARK,1,T_PARK,,,,,PREVIEW_DEFAULT
287.0895,-30.3344,-36.5669,0.000,PERP_PARK,1,T_PARK,,,,,PREVIEW_DEFAULT
287.1895,-30.3758,-36.6579,0.000,PERP_PARK,1,T_PARK,,,,,PREVIEW_DEFAULT
287.2895,-30.4172,-36.7490,0.000,PERP_PARK,1,T_PARK,,,,,PREVIEW_DEFAULT
287.3895,-30.4585,-36.8400,0.000,PERP_PARK,1,T_PARK,,,,,PREVIEW_DEFAULT
287.4895,-30.4998,-36.9311,0.000,PERP_PARK,1,T_PARK,,,,,PREVIEW_DEFAULT
287.5895,-30.5410,-37.0222,0.000,PERP_PARK,1,T_PARK,,,,,PREVIEW_DEFAULT
287.6895,-30.5820,-37.1134,0.000,PERP_PARK,1,T_PARK,,,,,PREVIEW_DEFAULT
287.7894,-30.6227,-37.2047,0.000,PERP_PARK,1,T_PARK,,,,,PREVIEW_DEFAULT
287.8895,-30.6633,-37.2962,0.000,PERP_PARK,1,T_PARK,,,,,PREVIEW_DEFAULT
287.9895,-30.7035,-37.3877,0.000,PERP_PARK,1,T_PARK,,,,,PREVIEW_DEFAULT
288.0894,-30.7435,-37.4793,0.000,PERP_PARK,1,T_PARK,,,,,PREVIEW_DEFAULT
288.1895,-30.7833,-37.5711,0.000,PERP_PARK,1,T_PARK,,,,,PREVIEW_DEFAULT
288.2895,-30.8228,-37.6630,0.000,PERP_PARK,1,T_PARK,,,,,PREVIEW_DEFAULT
288.3894,-30.8620,-37.7549,0.000,PERP_PARK,1,T_PARK,,,,,PREVIEW_DEFAULT
288.4894,-30.9010,-37.8470,0.000,PERP_PARK,1,T_PARK,,,,,PREVIEW_DEFAULT
288.5894,-30.9397,-37.9392,0.000,PERP_PARK,1,T_PARK,,,,,PREVIEW_DEFAULT
288.6894,-30.9782,-38.0315,0.000,PERP_PARK,1,T_PARK,,,,,PREVIEW_DEFAULT
288.7895,-31.0165,-38.1239,0.000,PERP_PARK,1,T_PARK,,,,,PREVIEW_DEFAULT
288.8894,-31.0546,-38.2163,0.000,PERP_PARK,1,T_PARK,,,,,PREVIEW_DEFAULT
288.9895,-31.0925,-38.3089,0.000,PERP_PARK,1,T_PARK,,,,,PREVIEW_DEFAULT
289.0894,-31.1302,-38.4015,0.000,PERP_PARK,1,T_PARK,,,,,PREVIEW_DEFAULT
289.1895,-31.1678,-38.4942,0.000,PERP_PARK,1,T_PARK,,,,,PREVIEW_DEFAULT
289.2894,-31.2052,-38.5869,0.000,PERP_PARK,1,T_PARK,,,,,PREVIEW_DEFAULT
289.3894,-31.2425,-38.6797,0.000,PERP_PARK,1,T_PARK,,,,,PREVIEW_DEFAULT
289.4894,-31.2797,-38.7725,0.000,PERP_PARK,1,T_PARK,,,,,PREVIEW_DEFAULT
289.5894,-31.3167,-38.8654,0.000,PERP_PARK,1,T_PARK,,,,,PREVIEW_DEFAULT
289.6894,-31.3536,-38.9583,0.000,PERP_PARK,1,T_PARK,,,,,PREVIEW_DEFAULT
289.7894,-31.3904,-39.0513,0.000,PERP_PARK,1,T_PARK,,,,,PREVIEW_DEFAULT
289.8894,-31.4272,-39.1443,0.000,PERP_PARK,1,T_PARK,,,,,PREVIEW_DEFAULT
289.9894,-31.4638,-39.2373,0.000,PERP_PARK,1,T_PARK,,,,,PREVIEW_DEFAULT
290.0894,-31.5004,-39.3304,0.000,PERP_PARK,1,T_PARK,,,,,PREVIEW_DEFAULT
290.1894,-31.5369,-39.4235,0.000,PERP_PARK,1,T_PARK,,,,,PREVIEW_DEFAULT
290.2894,-31.5733,-39.5166,0.000,PERP_PARK,1,T_PARK,,,,,PREVIEW_DEFAULT
290.3894,-31.6097,-39.6098,0.000,PERP_PARK,1,T_PARK,,,,,PREVIEW_DEFAULT
290.4893,-31.6460,-39.7029,0.000,PERP_PARK,1,T_PARK,,,,,PREVIEW_DEFAULT
290.5894,-31.6823,-39.7961,0.000,PERP_PARK,1,T_PARK,,,,,PREVIEW_DEFAULT
290.6893,-31.7185,-39.8893,0.000,PERP_PARK,1,T_PARK,,,,,PREVIEW_DEFAULT
290.7894,-31.7547,-39.9826,0.000,PERP_PARK,1,T_PARK,,,,,PREVIEW_DEFAULT
290.8894,-31.7908,-40.0758,0.000,PERP_PARK,1,T_PARK,,,,,PREVIEW_DEFAULT
290.9894,-31.8269,-40.1691,0.000,PERP_PARK,1,T_PARK,,,,,PREVIEW_DEFAULT
291.0894,-31.8629,-40.2624,0.000,PERP_PARK,1,T_PARK,,,,,PREVIEW_DEFAULT
291.1894,-31.8989,-40.3557,0.000,PERP_PARK,1,T_PARK,,,,,PREVIEW_DEFAULT
291.2894,-31.9348,-40.4490,0.000,PERP_PARK,1,T_PARK,,,,,PREVIEW_DEFAULT
291.3894,-31.9708,-40.5423,0.000,PERP_PARK,1,T_PARK,,,,,PREVIEW_DEFAULT
291.4893,-32.0066,-40.6356,0.000,PERP_PARK,1,T_PARK,,,,,PREVIEW_DEFAULT
291.5894,-32.0425,-40.7290,0.000,PERP_PARK,1,T_PARK,,,,,PREVIEW_DEFAULT
291.6893,-32.0783,-40.8223,0.000,PERP_PARK,1,T_PARK,,,,,PREVIEW_DEFAULT
291.7893,-32.1141,-40.9157,0.000,PERP_PARK,1,T_PARK,,,,,PREVIEW_DEFAULT
291.8893,-32.1498,-41.0091,0.000,PERP_PARK,1,T_PARK,,,,,PREVIEW_DEFAULT
291.9894,-32.1856,-41.1025,0.000,PERP_PARK,1,T_PARK,,,,,PREVIEW_DEFAULT
292.0893,-32.2213,-41.1959,0.000,PERP_PARK,1,T_PARK,,,,,PREVIEW_DEFAULT
292.1893,-32.2570,-41.2893,0.000,PERP_PARK,1,T_PARK,,,,,PREVIEW_DEFAULT
292.2893,-32.2926,-41.3827,0.000,PERP_PARK,1,T_PARK,,,,,PREVIEW_DEFAULT
292.3894,-32.3283,-41.4762,0.000,PERP_PARK,1,T_PARK,,,,,PREVIEW_DEFAULT
292.4893,-32.3639,-41.5696,0.000,PERP_PARK,1,T_PARK,,,,,PREVIEW_DEFAULT
292.5893,-32.3995,-41.6630,0.000,PERP_PARK,1,T_PARK,,,,,PREVIEW_DEFAULT
292.6893,-32.4351,-41.7565,0.000,PERP_PARK,1,T_PARK,,,,,PREVIEW_DEFAULT
292.7893,-32.4707,-41.8499,0.000,PERP_PARK,1,T_PARK,,,,,PREVIEW_DEFAULT
292.8893,-32.5062,-41.9434,0.000,PERP_PARK,1,T_PARK,,,,,PREVIEW_DEFAULT
292.9893,-32.5418,-42.0369,0.000,PERP_PARK,1,T_PARK,,,,,PREVIEW_DEFAULT
293.0893,-32.5773,-42.1303,0.000,PERP_PARK,1,T_PARK,,,,,PREVIEW_DEFAULT
293.1893,-32.6128,-42.2238,0.000,PERP_PARK,1,T_PARK,,,,,PREVIEW_DEFAULT
293.2893,-32.6484,-42.3173,0.000,PERP_PARK,1,T_PARK,,,,,PREVIEW_DEFAULT
293.3893,-32.6839,-42.4108,0.000,PERP_PARK,1,T_PARK,,,,,PREVIEW_DEFAULT
293.4893,-32.7194,-42.5042,0.000,PERP_PARK,1,T_PARK,,,,,PREVIEW_DEFAULT
293.5893,-32.7549,-42.5977,0.000,PERP_PARK,1,T_PARK,,,,,PREVIEW_DEFAULT
293.6893,-32.7905,-42.6912,0.000,PERP_PARK,1,T_PARK,,,,,PREVIEW_DEFAULT
293.7893,-32.8260,-42.7847,0.000,PERP_PARK,1,T_PARK,,,,,PREVIEW_DEFAULT
293.8892,-32.8615,-42.8781,0.000,PERP_PARK,1,T_PARK,,,,,PREVIEW_DEFAULT
293.9893,-32.8970,-42.9716,0.000,PERP_PARK,1,T_PARK,,,,,PREVIEW_DEFAULT
294.0893,-32.9326,-43.0651,0.000,PERP_PARK,1,T_PARK,,,,,PREVIEW_DEFAULT
294.1892,-32.9681,-43.1585,0.000,PERP_PARK,1,T_PARK,,,,,PREVIEW_DEFAULT
294.2893,-33.0037,-43.2520,0.000,PERP_PARK,1,T_PARK,,,,,PREVIEW_DEFAULT
294.3892,-33.0393,-43.3454,0.000,PERP_PARK,1,T_PARK,,,,,PREVIEW_DEFAULT
294.4893,-33.0749,-43.4389,0.000,PERP_PARK,1,T_PARK,,,,,PREVIEW_DEFAULT
294.5892,-33.1105,-43.5323,0.000,PERP_PARK,1,T_PARK,,,,,PREVIEW_DEFAULT
294.6893,-33.1461,-43.6258,0.000,PERP_PARK,1,T_PARK,,,,,PREVIEW_DEFAULT
294.7893,-33.1818,-43.7192,0.000,PERP_PARK,1,T_PARK,,,,,PREVIEW_DEFAULT
294.8893,-33.2175,-43.8126,0.000,PERP_PARK,1,T_PARK,,,,,PREVIEW_DEFAULT
294.9893,-33.2532,-43.9060,0.000,PERP_PARK,1,T_PARK,,,,,PREVIEW_DEFAULT
295.0892,-33.2889,-43.9994,0.000,PERP_PARK,1,T_PARK,,,,,PREVIEW_DEFAULT
295.1892,-33.3246,-44.0928,0.000,PERP_PARK,1,T_PARK,,,,,PREVIEW_DEFAULT
295.2893,-33.3604,-44.1862,0.000,PERP_PARK,1,T_PARK,,,,,PREVIEW_DEFAULT
295.3892,-33.3962,-44.2795,0.000,PERP_PARK,1,T_PARK,,,,,PREVIEW_DEFAULT
295.4893,-33.4321,-44.3729,0.000,PERP_PARK,1,T_PARK,,,,,PREVIEW_DEFAULT
295.5892,-33.4680,-44.4662,0.000,PERP_PARK,1,T_PARK,,,,,PREVIEW_DEFAULT
295.6892,-33.5039,-44.5595,0.000,PERP_PARK,1,T_PARK,,,,,PREVIEW_DEFAULT
295.7893,-33.5398,-44.6529,0.000,PERP_PARK,1,T_PARK,,,,,PREVIEW_DEFAULT
295.8892,-33.5758,-44.7461,0.000,PERP_PARK,1,T_PARK,,,,,PREVIEW_DEFAULT
295.9892,-33.6119,-44.8394,0.000,PERP_PARK,1,T_PARK,,,,,PREVIEW_DEFAULT
296.0892,-33.6479,-44.9327,0.000,PERP_PARK,1,T_PARK,,,,,PREVIEW_DEFAULT
296.1892,-33.6841,-45.0259,0.000,PERP_PARK,1,T_PARK,,,,,PREVIEW_DEFAULT
296.2892,-33.7202,-45.1192,0.000,PERP_PARK,1,T_PARK,,,,,PREVIEW_DEFAULT
296.3893,-33.7565,-45.2124,0.000,PERP_PARK,1,T_PARK,,,,,PREVIEW_DEFAULT
296.4891,-33.7927,-45.3055,0.000,PERP_PARK,1,T_PARK,,,,,PREVIEW_DEFAULT
296.5892,-33.8291,-45.3987,0.000,PERP_PARK,1,T_PARK,,,,,PREVIEW_DEFAULT
296.6892,-33.8654,-45.4919,0.000,PERP_PARK,1,T_PARK,,,,,PREVIEW_DEFAULT
296.7892,-33.9019,-45.5850,0.000,PERP_PARK,1,T_PARK,,,,,PREVIEW_DEFAULT
296.8892,-33.9384,-45.6781,0.000,PERP_PARK,1,T_PARK,,,,,PREVIEW_DEFAULT
296.9892,-33.9749,-45.7712,0.000,PERP_PARK,1,T_PARK,,,,,PREVIEW_DEFAULT
297.0892,-34.0115,-45.8642,0.000,PERP_PARK,1,T_PARK,,,,,PREVIEW_DEFAULT
297.1891,-34.0482,-45.9572,0.000,PERP_PARK,1,T_PARK,,,,,PREVIEW_DEFAULT
297.2891,-34.0849,-46.0502,0.000,PERP_PARK,1,T_PARK,,,,,PREVIEW_DEFAULT
297.3891,-34.1217,-46.1432,0.000,PERP_PARK,1,T_PARK,,,,,PREVIEW_DEFAULT
297.4892,-34.1586,-46.2362,0.000,PERP_PARK,1,T_PARK,,,,,PREVIEW_DEFAULT
297.5892,-34.1956,-46.3291,0.000,PERP_PARK,1,T_PARK,,,,,PREVIEW_DEFAULT
297.6892,-34.2326,-46.4220,0.000,PERP_PARK,1,T_PARK,,,,,PREVIEW_DEFAULT
297.7891,-34.2697,-46.5148,0.000,PERP_PARK,1,T_PARK,,,,,PREVIEW_DEFAULT
297.8892,-34.3068,-46.6077,0.000,PERP_PARK,1,T_PARK,,,,,PREVIEW_DEFAULT
297.9892,-34.3441,-46.7005,0.000,PERP_PARK,1,T_PARK,,,,,PREVIEW_DEFAULT
298.0892,-34.3814,-46.7933,0.000,PERP_PARK,1,T_PARK,,,,,PREVIEW_DEFAULT
298.1891,-34.4188,-46.8860,0.000,PERP_PARK,1,T_PARK,,,,,PREVIEW_DEFAULT
298.2891,-34.4563,-46.9787,0.000,PERP_PARK,1,T_PARK,,,,,PREVIEW_DEFAULT
298.3891,-34.4938,-47.0714,0.000,PERP_PARK,1,T_PARK,,,,,PREVIEW_DEFAULT
298.4891,-34.5315,-47.1640,0.000,PERP_PARK,1,T_PARK,,,,,PREVIEW_DEFAULT
298.5891,-34.5692,-47.2566,0.000,PERP_PARK,1,T_PARK,,,,,PREVIEW_DEFAULT
298.6891,-34.6070,-47.3492,0.000,PERP_PARK,1,T_PARK,,,,,PREVIEW_DEFAULT
298.7891,-34.6449,-47.4417,0.000,PERP_PARK,1,T_PARK,,,,,PREVIEW_DEFAULT
298.8891,-34.6829,-47.5342,0.000,PERP_PARK,1,T_PARK,,,,,PREVIEW_DEFAULT
298.9891,-34.7210,-47.6267,0.000,PERP_PARK,1,T_PARK,,,,,PREVIEW_DEFAULT
299.0891,-34.7592,-47.7191,0.000,PERP_PARK,1,T_PARK,,,,,PREVIEW_DEFAULT
299.1891,-34.7975,-47.8115,0.000,PERP_PARK,1,T_PARK,,,,,PREVIEW_DEFAULT
299.2891,-34.8359,-47.9038,0.000,PERP_PARK,1,T_PARK,,,,,PREVIEW_DEFAULT
299.3891,-34.8744,-47.9961,0.000,PERP_PARK,1,T_PARK,,,,,PREVIEW_DEFAULT
299.4891,-34.9130,-48.0883,0.000,PERP_PARK,1,T_PARK,,,,,PREVIEW_DEFAULT
299.5891,-34.9517,-48.1805,0.000,PERP_PARK,1,T_PARK,,,,,PREVIEW_DEFAULT
299.6891,-34.9905,-48.2727,0.000,PERP_PARK,1,T_PARK,,,,,PREVIEW_DEFAULT
299.7891,-35.0294,-48.3648,0.000,PERP_PARK,1,T_PARK,,,,,PREVIEW_DEFAULT
299.8891,-35.0684,-48.4569,0.000,PERP_PARK,1,T_PARK,,,,,PREVIEW_DEFAULT
299.9891,-35.1076,-48.5489,0.000,PERP_PARK,1,T_PARK,,,,,PREVIEW_DEFAULT
300.0891,-35.1468,-48.6409,0.000,PERP_PARK,1,T_PARK,,,,,PREVIEW_DEFAULT
300.1891,-35.1862,-48.7328,0.000,PERP_PARK,1,T_PARK,,,,,PREVIEW_DEFAULT
300.2891,-35.2256,-48.8247,0.000,PERP_PARK,1,T_PARK,,,,,PREVIEW_DEFAULT
300.3890,-35.2652,-48.9165,0.000,PERP_PARK,1,T_PARK,,,,,PREVIEW_DEFAULT
300.4891,-35.3049,-49.0083,0.000,PERP_PARK,1,T_PARK,,,,,PREVIEW_DEFAULT
300.5891,-35.3448,-49.1000,0.000,PERP_PARK,1,T_PARK,,,,,PREVIEW_DEFAULT
300.6891,-35.3847,-49.1917,0.000,PERP_PARK,1,T_PARK,,,,,PREVIEW_DEFAULT
300.7891,-35.4248,-49.2833,0.000,PERP_PARK,1,T_PARK,,,,,PREVIEW_DEFAULT
300.8891,-35.4650,-49.3749,0.000,PERP_PARK,1,T_PARK,,,,,PREVIEW_DEFAULT
300.9891,-35.5053,-49.4664,0.000,PERP_PARK,1,T_PARK,,,,,PREVIEW_DEFAULT
301.0891,-35.5458,-49.5578,0.000,PERP_PARK,1,T_PARK,,,,,PREVIEW_DEFAULT
301.1891,-35.5864,-49.6492,0.000,PERP_PARK,1,T_PARK,,,,,PREVIEW_DEFAULT
301.2890,-35.6271,-49.7405,0.000,PERP_PARK,1,T_PARK,,,,,PREVIEW_DEFAULT
301.3891,-35.6680,-49.8318,0.000,PERP_PARK,1,T_PARK,,,,,PREVIEW_DEFAULT
301.4891,-35.7090,-49.9230,0.000,PERP_PARK,1,T_PARK,,,,,PREVIEW_DEFAULT
301.5890,-35.7501,-50.0141,0.000,PERP_PARK,1,T_PARK,,,,,PREVIEW_DEFAULT
301.6890,-35.7914,-50.1052,0.000,PERP_PARK,1,T_PARK,,,,,PREVIEW_DEFAULT
301.7890,-35.8328,-50.1962,0.000,PERP_PARK,1,T_PARK,,,,,PREVIEW_DEFAULT
301.8891,-35.8744,-50.2872,0.000,PERP_PARK,1,T_PARK,,,,,PREVIEW_DEFAULT
301.9890,-35.9161,-50.3780,0.000,PERP_PARK,1,T_PARK,,,,,PREVIEW_DEFAULT
302.0890,-35.9580,-50.4688,0.000,PERP_PARK,1,T_PARK,,,,,PREVIEW_DEFAULT
302.1891,-36.0001,-50.5596,0.000,PERP_PARK,1,T_PARK,,,,,PREVIEW_DEFAULT
302.2890,-36.0423,-50.6502,0.000,PERP_PARK,1,T_PARK,,,,,PREVIEW_DEFAULT
302.3890,-36.0846,-50.7408,0.000,PERP_PARK,1,T_PARK,,,,,PREVIEW_DEFAULT
302.4890,-36.1271,-50.8313,0.000,PERP_PARK,1,T_PARK,,,,,PREVIEW_DEFAULT
302.5890,-36.1698,-50.9217,0.000,PERP_PARK,1,T_PARK,,,,,PREVIEW_DEFAULT
302.6890,-36.2127,-51.0121,0.000,PERP_PARK,1,T_PARK,,,,,PREVIEW_DEFAULT
302.7889,-36.2557,-51.1023,0.000,PERP_PARK,1,T_PARK,,,,,PREVIEW_DEFAULT
302.8890,-36.2989,-51.1925,0.000,PERP_PARK,1,T_PARK,,,,,PREVIEW_DEFAULT
302.9890,-36.3423,-51.2826,0.000,PERP_PARK,1,T_PARK,,,,,PREVIEW_DEFAULT
303.0890,-36.3858,-51.3727,0.000,PERP_PARK,1,T_PARK,,,,,PREVIEW_DEFAULT
303.1890,-36.4295,-51.4626,0.000,PERP_PARK,1,T_PARK,,,,,PREVIEW_DEFAULT
303.2890,-36.4734,-51.5525,0.000,PERP_PARK,1,T_PARK,,,,,PREVIEW_DEFAULT
303.3889,-36.5174,-51.6422,0.000,PERP_PARK,1,T_PARK,,,,,PREVIEW_DEFAULT
303.4890,-36.5616,-51.7320,0.000,PERP_PARK,1,T_PARK,,,,,PREVIEW_DEFAULT
303.5890,-36.6059,-51.8216,0.000,PERP_PARK,1,T_PARK,,,,,PREVIEW_DEFAULT
303.6890,-36.6504,-51.9112,0.000,PERP_PARK,1,T_PARK,,,,,PREVIEW_DEFAULT
303.7890,-36.6949,-52.0007,0.000,PERP_PARK,1,T_PARK,,,,,PREVIEW_DEFAULT
303.8890,-36.7396,-52.0902,0.000,PERP_PARK,1,T_PARK,,,,,PREVIEW_DEFAULT
303.9890,-36.7843,-52.1796,0.000,PERP_PARK,1,T_PARK,,,,,PREVIEW_DEFAULT
304.0890,-36.8292,-52.2690,0.000,PERP_PARK,1,T_PARK,,,,,PREVIEW_DEFAULT
304.1889,-36.8740,-52.3583,0.000,PERP_PARK,1,T_PARK,,,,,PREVIEW_DEFAULT
304.2890,-36.9189,-52.4477,0.000,PERP_PARK,-1,T_PARK,T2_FORWARD_TO_REVERSE,SET_REVERSE,,,T2_FORWARD_TO_REVERSE
304.3889,-36.8656,-52.3632,0.000,PERP_PARK,-1,T_PARK,,,,,T2_FORWARD_TO_REVERSE
304.4888,-36.8120,-52.2788,0.000,PERP_PARK,-1,T_PARK,,,,,T2_FORWARD_TO_REVERSE
304.5888,-36.7581,-52.1946,0.000,PERP_PARK,-1,T_PARK,,,,,T2_FORWARD_TO_REVERSE
304.6888,-36.7038,-52.1107,0.000,PERP_PARK,-1,T_PARK,,,,,T2_FORWARD_TO_REVERSE
304.7887,-36.6491,-52.0271,0.000,PERP_PARK,-1,T_PARK,,,,,T2_FORWARD_TO_REVERSE
304.8886,-36.5940,-51.9437,0.000,PERP_PARK,-1,T_PARK,,,,,T2_FORWARD_TO_REVERSE
304.9885,-36.5384,-51.8607,0.000,PERP_PARK,-1,T_PARK,,,,,T2_FORWARD_TO_REVERSE
305.0885,-36.4824,-51.7779,0.000,PERP_PARK,-1,T_PARK,,,,,T2_FORWARD_TO_REVERSE
305.1884,-36.4261,-51.6953,0.000,PERP_PARK,-1,T_PARK,,,,,T2_FORWARD_TO_REVERSE
305.2883,-36.3695,-51.6130,0.000,PERP_PARK,-1,T_PARK,,,,,T2_FORWARD_TO_REVERSE
305.3883,-36.3125,-51.5309,0.000,PERP_PARK,-1,T_PARK,,,,,T2_FORWARD_TO_REVERSE
305.4883,-36.2551,-51.4490,0.000,PERP_PARK,-1,T_PARK,,,,,T2_FORWARD_TO_REVERSE
305.5882,-36.1975,-51.3674,0.000,PERP_PARK,-1,T_PARK,,,,,T2_FORWARD_TO_REVERSE
305.6881,-36.1395,-51.2860,0.000,PERP_PARK,-1,T_PARK,,,,,T2_FORWARD_TO_REVERSE
305.7881,-36.0812,-51.2048,0.000,PERP_PARK,-1,T_PARK,,,,,T2_FORWARD_TO_REVERSE
305.8880,-36.0226,-51.1238,0.000,PERP_PARK,-1,T_PARK,,,,,T2_FORWARD_TO_REVERSE
305.9880,-35.9637,-51.0430,0.000,PERP_PARK,-1,T_PARK,,,,,T2_FORWARD_TO_REVERSE
306.0880,-35.9046,-50.9624,0.000,PERP_PARK,-1,T_PARK,,,,,T2_FORWARD_TO_REVERSE
306.1878,-35.8453,-50.8821,0.000,PERP_PARK,-1,T_PARK,,,,,T2_FORWARD_TO_REVERSE
306.2879,-35.7856,-50.8018,0.000,PERP_PARK,-1,T_PARK,,,,,T2_FORWARD_TO_REVERSE
306.3877,-35.7258,-50.7218,0.000,PERP_PARK,-1,T_PARK,,,,,T2_FORWARD_TO_REVERSE
306.4877,-35.6657,-50.6419,0.000,PERP_PARK,-1,T_PARK,,,,,T2_FORWARD_TO_REVERSE
306.5877,-35.6054,-50.5622,0.000,PERP_PARK,-1,T_PARK,,,,,T2_FORWARD_TO_REVERSE
306.6876,-35.5449,-50.4827,0.000,PERP_PARK,-1,T_PARK,,,,,T2_FORWARD_TO_REVERSE
306.7875,-35.4842,-50.4033,0.000,PERP_PARK,-1,T_PARK,,,,,T2_FORWARD_TO_REVERSE
306.8875,-35.4233,-50.3240,0.000,PERP_PARK,-1,T_PARK,,,,,T2_FORWARD_TO_REVERSE
306.9874,-35.3623,-50.2449,0.000,PERP_PARK,-1,T_PARK,,,,,T2_FORWARD_TO_REVERSE
307.0873,-35.3011,-50.1659,0.000,PERP_PARK,-1,T_PARK,,,,,T2_FORWARD_TO_REVERSE
307.1873,-35.2397,-50.0870,0.000,PERP_PARK,-1,T_PARK,,,,,T2_FORWARD_TO_REVERSE
307.2873,-35.1782,-50.0082,0.000,PERP_PARK,-1,T_PARK,,,,,T2_FORWARD_TO_REVERSE
307.3872,-35.1166,-49.9295,0.000,PERP_PARK,-1,T_PARK,,,,,T2_FORWARD_TO_REVERSE
307.4872,-35.0548,-49.8509,0.000,PERP_PARK,-1,T_PARK,,,,,T2_FORWARD_TO_REVERSE
307.5871,-34.9930,-49.7724,0.000,PERP_PARK,-1,T_PARK,,,,,T2_FORWARD_TO_REVERSE
307.6870,-34.9310,-49.6940,0.000,PERP_PARK,-1,T_PARK,,,,,T2_FORWARD_TO_REVERSE
307.7869,-34.8690,-49.6157,0.000,PERP_PARK,-1,T_PARK,,,,,T2_FORWARD_TO_REVERSE
307.8869,-34.8068,-49.5374,0.000,PERP_PARK,-1,T_PARK,,,,,T2_FORWARD_TO_REVERSE
307.9868,-34.7446,-49.4592,0.000,PERP_PARK,-1,T_PARK,,,,,T2_FORWARD_TO_REVERSE
308.0868,-34.6824,-49.3809,0.000,PERP_PARK,-1,T_PARK,,,,,T2_FORWARD_TO_REVERSE
308.1867,-34.6202,-49.3028,0.000,PERP_PARK,-1,T_PARK,,,,,T2_FORWARD_TO_REVERSE
308.2867,-34.5579,-49.2246,0.000,PERP_PARK,-1,T_PARK,,,,,T2_FORWARD_TO_REVERSE
308.3866,-34.4956,-49.1465,0.000,PERP_PARK,-1,T_PARK,,,,,T2_FORWARD_TO_REVERSE
308.4865,-34.4333,-49.0683,0.000,PERP_PARK,-1,T_PARK,,,,,T2_FORWARD_TO_REVERSE
308.5865,-34.3710,-48.9901,0.000,PERP_PARK,-1,T_PARK,,,,,T2_FORWARD_TO_REVERSE
308.6865,-34.3088,-48.9119,0.000,PERP_PARK,-1,T_PARK,,,,,T2_FORWARD_TO_REVERSE
308.7864,-34.2467,-48.8336,0.000,PERP_PARK,-1,T_PARK,,,,,T2_FORWARD_TO_REVERSE
308.8864,-34.1845,-48.7553,0.000,PERP_PARK,-1,T_PARK,,,,,T2_FORWARD_TO_REVERSE
308.9863,-34.1225,-48.6770,0.000,PERP_PARK,-1,T_PARK,,,,,T2_FORWARD_TO_REVERSE
309.0862,-34.0606,-48.5985,0.000,PERP_PARK,-1,T_PARK,,,,,T2_FORWARD_TO_REVERSE
309.1862,-33.9987,-48.5200,0.000,PERP_PARK,-1,T_PARK,,,,,T2_FORWARD_TO_REVERSE
309.2861,-33.9370,-48.4414,0.000,PERP_PARK,-1,T_PARK,,,,,T2_FORWARD_TO_REVERSE
309.3861,-33.8754,-48.3627,0.000,PERP_PARK,-1,T_PARK,,,,,T2_FORWARD_TO_REVERSE
309.4859,-33.8143,-48.2837,0.000,PERP_PARK,-1,T_PARK,,,,,T2_FORWARD_TO_REVERSE
309.5859,-33.7538,-48.2041,0.000,PERP_PARK,-1,T_PARK,,,,,T2_FORWARD_TO_REVERSE
309.6858,-33.6946,-48.1236,0.000,PERP_PARK,-1,T_PARK,,,,,T2_FORWARD_TO_REVERSE
309.7858,-33.6373,-48.0417,0.000,PERP_PARK,-1,T_PARK,,,,,T2_FORWARD_TO_REVERSE
309.8857,-33.5824,-47.9582,0.000,PERP_PARK,-1,T_PARK,,,,,T2_FORWARD_TO_REVERSE
309.9857,-33.5305,-47.8727,0.000,PERP_PARK,-1,T_PARK,,,,,T2_FORWARD_TO_REVERSE
310.0857,-33.4819,-47.7854,0.000,PERP_PARK,-1,T_PARK,,,,,T2_FORWARD_TO_REVERSE
310.1856,-33.4365,-47.6964,0.000,PERP_PARK,-1,T_PARK,,,,,T2_FORWARD_TO_REVERSE
310.2855,-33.3943,-47.6058,0.000,PERP_PARK,-1,T_PARK,,,,,T2_FORWARD_TO_REVERSE
310.3854,-33.3549,-47.5140,0.000,PERP_PARK,-1,T_PARK,,,,,T2_FORWARD_TO_REVERSE
310.4854,-33.3175,-47.4213,0.000,PERP_PARK,-1,T_PARK,,,,,T2_FORWARD_TO_REVERSE
310.5853,-33.2816,-47.3280,0.000,PERP_PARK,-1,T_PARK,,,,,T2_FORWARD_TO_REVERSE
310.6853,-33.2466,-47.2344,0.000,PERP_PARK,-1,T_PARK,,,,,T2_FORWARD_TO_REVERSE
310.7853,-33.2117,-47.1407,0.000,PERP_PARK,-1,T_PARK,,,,,T2_FORWARD_TO_REVERSE
310.8852,-33.1765,-47.0472,0.000,PERP_PARK,-1,T_PARK,,,,,T2_FORWARD_TO_REVERSE
310.9851,-33.1402,-46.9541,0.000,PERP_PARK,-1,T_PARK,,,,,T2_FORWARD_TO_REVERSE
311.0850,-33.1024,-46.8616,0.000,PERP_PARK,-1,T_PARK,,,,,T2_FORWARD_TO_REVERSE
311.1850,-33.0624,-46.7700,0.000,PERP_PARK,-1,T_PARK,,,,,T2_FORWARD_TO_REVERSE
311.2850,-33.0197,-46.6796,0.000,PERP_PARK,-1,T_PARK,,,,,T2_FORWARD_TO_REVERSE
311.3849,-32.9737,-46.5909,0.000,PERP_PARK,-1,T_PARK,,,,,T2_FORWARD_TO_REVERSE
311.4848,-32.9237,-46.5044,0.000,PERP_PARK,-1,T_PARK,,,,,T2_FORWARD_TO_REVERSE
311.5847,-32.8692,-46.4206,0.000,PERP_PARK,-1,T_PARK,,,,,T2_FORWARD_TO_REVERSE
311.6846,-32.8098,-46.3403,0.000,PERP_PARK,-1,T_PARK,,,,,T2_FORWARD_TO_REVERSE
311.7846,-32.7456,-46.2637,0.000,PERP_PARK,-1,T_PARK,,,,,T2_FORWARD_TO_REVERSE
311.8845,-32.6768,-46.1912,0.000,PERP_PARK,-1,T_PARK,,,,,T2_FORWARD_TO_REVERSE
311.9845,-32.6039,-46.1228,0.000,PERP_PARK,-1,T_PARK,,,,,T2_FORWARD_TO_REVERSE
312.0843,-32.5272,-46.0589,0.000,PERP_PARK,-1,T_PARK,,,,,T2_FORWARD_TO_REVERSE
312.1843,-32.4469,-45.9994,0.000,PERP_PARK,-1,T_PARK,,,,,T2_FORWARD_TO_REVERSE
312.2843,-32.3633,-45.9445,0.000,PERP_PARK,-1,T_PARK,,,,,T2_FORWARD_TO_REVERSE
312.3841,-32.2770,-45.8943,0.000,PERP_PARK,-1,T_PARK,,,,,T2_FORWARD_TO_REVERSE
312.4841,-32.1882,-45.8484,0.000,PERP_PARK,-1,T_PARK,,,,,T2_FORWARD_TO_REVERSE
312.5840,-32.0972,-45.8070,0.000,PERP_PARK,-1,T_PARK,,,,,T2_FORWARD_TO_REVERSE
312.6840,-32.0043,-45.7702,0.000,PERP_PARK,-1,T_PARK,,,,,T2_FORWARD_TO_REVERSE
312.7839,-31.9096,-45.7384,0.000,PERP_PARK,-1,T_PARK,,,,,T2_FORWARD_TO_REVERSE
312.8838,-31.8133,-45.7117,0.000,PERP_PARK,-1,T_PARK,,,,,T2_FORWARD_TO_REVERSE
312.9837,-31.7157,-45.6902,0.000,PERP_PARK,-1,T_PARK,,,,,T2_FORWARD_TO_REVERSE
313.0837,-31.6171,-45.6738,0.000,PERP_PARK,-1,T_PARK,,,,,T2_FORWARD_TO_REVERSE
313.1836,-31.5178,-45.6629,0.000,PERP_PARK,-1,T_PARK,,,,,T2_FORWARD_TO_REVERSE
313.2835,-31.4180,-45.6576,0.000,PERP_PARK,-1,T_PARK,,,,,T2_FORWARD_TO_REVERSE
313.3834,-31.3181,-45.6585,0.000,PERP_PARK,-1,T_PARK,,,,,T2_FORWARD_TO_REVERSE
313.4834,-31.2184,-45.6656,0.000,PERP_PARK,-1,T_PARK,,,,,T2_FORWARD_TO_REVERSE
313.5833,-31.1193,-45.6785,0.000,PERP_PARK,-1,T_PARK,,,,,T2_FORWARD_TO_REVERSE
313.6833,-31.0209,-45.6961,0.000,PERP_PARK,-1,T_PARK,,,,,T2_FORWARD_TO_REVERSE
313.7832,-30.9232,-45.7171,0.000,PERP_PARK,-1,T_PARK,,,,,T2_FORWARD_TO_REVERSE
313.8831,-30.8260,-45.7402,0.000,PERP_PARK,-1,T_PARK,,,,,T2_FORWARD_TO_REVERSE
313.9831,-30.7290,-45.7642,0.000,PERP_PARK,-1,T_PARK,,,,,T2_FORWARD_TO_REVERSE
314.0830,-30.6318,-45.7876,0.000,PERP_PARK,-1,T_PARK,,,,,T2_FORWARD_TO_REVERSE
314.1830,-30.5342,-45.8091,0.000,PERP_PARK,-1,T_PARK,,,,,T2_FORWARD_TO_REVERSE
314.2829,-30.4360,-45.8278,0.000,PERP_PARK,-1,T_PARK,,,,,T2_FORWARD_TO_REVERSE
314.3829,-30.3373,-45.8434,0.000,PERP_PARK,-1,T_PARK,,,,,T2_FORWARD_TO_REVERSE
314.4828,-30.2382,-45.8560,0.000,PERP_PARK,-1,T_PARK,,,,,T2_FORWARD_TO_REVERSE
314.5827,-30.1388,-45.8664,0.000,PERP_PARK,-1,T_PARK,,,,,T2_FORWARD_TO_REVERSE
314.6827,-30.0392,-45.8756,0.000,PERP_PARK,-1,T_PARK,,,,,T2_FORWARD_TO_REVERSE
314.7827,-29.9397,-45.8849,0.000,PERP_PARK,-1,T_PARK,,,,,T2_FORWARD_TO_REVERSE
314.8826,-29.8403,-45.8953,0.000,PERP_PARK,-1,T_PARK,,,,,T2_FORWARD_TO_REVERSE
314.9826,-29.7411,-45.9076,0.000,PERP_PARK,-1,T_PARK,,,,,T2_FORWARD_TO_REVERSE
315.0824,-29.6423,-45.9222,0.000,PERP_PARK,-1,T_PARK,,,,,T2_FORWARD_TO_REVERSE
315.1824,-29.5438,-45.9393,0.000,PERP_PARK,-1,T_PARK,,,,,T2_FORWARD_TO_REVERSE
315.2824,-29.4458,-45.9590,0.000,PERP_PARK,-1,T_PARK,,,,,T2_FORWARD_TO_REVERSE
315.3823,-29.3484,-45.9812,0.000,PERP_PARK,-1,T_PARK,,,,,T2_FORWARD_TO_REVERSE
315.4822,-29.2515,-46.0055,0.000,PERP_PARK,-1,T_PARK,,,,,T2_FORWARD_TO_REVERSE
315.5822,-29.1550,-46.0319,0.000,PERP_PARK,-1,T_PARK,,,,,T2_FORWARD_TO_REVERSE
315.6821,-29.0592,-46.0602,0.000,PERP_PARK,-1,T_PARK,,,,,T2_FORWARD_TO_REVERSE
315.7821,-28.9639,-46.0904,0.000,PERP_PARK,-1,T_PARK,,,,,T2_FORWARD_TO_REVERSE
315.8820,-28.8693,-46.1225,0.000,PERP_PARK,-1,T_PARK,,,,,T2_FORWARD_TO_REVERSE
315.9819,-28.7753,-46.1564,0.000,PERP_PARK,-1,T_PARK,,,,,T2_FORWARD_TO_REVERSE
316.0818,-28.6818,-46.1917,0.000,PERP_PARK,-1,T_PARK,,,,,T2_FORWARD_TO_REVERSE
316.1819,-28.5888,-46.2285,0.000,PERP_PARK,-1,T_PARK,,,,,T2_FORWARD_TO_REVERSE
316.2818,-28.4964,-46.2665,0.000,PERP_PARK,-1,T_PARK,,,,,T2_FORWARD_TO_REVERSE
316.3817,-28.4044,-46.3055,0.000,PERP_PARK,-1,T_PARK,,,,,T2_FORWARD_TO_REVERSE
316.4816,-28.3126,-46.3450,0.000,PERP_PARK,-1,T_PARK,,,,,T2_FORWARD_TO_REVERSE
316.5816,-28.2209,-46.3847,0.000,PERP_PARK,-1,T_PARK,,,,,T2_FORWARD_TO_REVERSE
316.6815,-28.1289,-46.4238,0.000,PERP_PARK,-1,T_PARK,,,,,T2_FORWARD_TO_REVERSE
316.7814,-28.0365,-46.4618,0.000,PERP_PARK,-1,T_PARK,,,,,T2_FORWARD_TO_REVERSE
316.8814,-27.9433,-46.4981,0.000,PERP_PARK,-1,T_PARK,,,,,T2_FORWARD_TO_REVERSE
316.9814,-27.8492,-46.5318,0.000,PERP_PARK,-1,T_PARK,,,,,T2_FORWARD_TO_REVERSE
317.0813,-27.7539,-46.5619,0.000,PERP_PARK,-1,T_PARK,,,,,T2_FORWARD_TO_REVERSE
317.1812,-27.6575,-46.5879,0.000,PERP_PARK,-1,T_PARK,,,,,T2_FORWARD_TO_REVERSE
317.2811,-27.5599,-46.6093,0.000,PERP_PARK,-1,T_PARK,,,,,T2_FORWARD_TO_REVERSE
317.3811,-27.4613,-46.6258,0.000,PERP_PARK,-1,T_PARK,,,,,T2_FORWARD_TO_REVERSE
317.4811,-27.3620,-46.6375,0.000,PERP_PARK,-1,T_PARK,,,,,T2_FORWARD_TO_REVERSE
317.5810,-27.2625,-46.6465,0.000,PERP_PARK,1,T_PARK,T2_REVERSE_TO_FORWARD,SET_FORWARD,,,T2_REVERSE_TO_FORWARD
317.6810,-27.3568,-46.6131,0.000,PERP_PARK,1,T_PARK,,,,,T2_REVERSE_TO_FORWARD
317.7809,-27.4509,-46.5795,0.000,PERP_PARK,1,T_PARK,,,,,T2_REVERSE_TO_FORWARD
317.8809,-27.5449,-46.5455,0.000,PERP_PARK,1,T_PARK,,,,,T2_REVERSE_TO_FORWARD
317.9809,-27.6387,-46.5108,0.000,PERP_PARK,1,T_PARK,,,,,T2_REVERSE_TO_FORWARD
318.0808,-27.7322,-46.4755,0.000,PERP_PARK,1,T_PARK,,,,,T2_REVERSE_TO_FORWARD
318.1809,-27.8256,-46.4396,0.000,PERP_PARK,1,T_PARK,,,,,T2_REVERSE_TO_FORWARD
318.2809,-27.9187,-46.4032,0.000,PERP_PARK,1,T_PARK,,,,,T2_REVERSE_TO_FORWARD
318.3808,-28.0116,-46.3664,0.000,PERP_PARK,1,T_PARK,,,,,T2_REVERSE_TO_FORWARD
318.4808,-28.1045,-46.3294,0.000,PERP_PARK,1,T_PARK,,,,,T2_REVERSE_TO_FORWARD
318.5808,-28.1974,-46.2924,0.000,PERP_PARK,1,T_PARK,,,,,T2_REVERSE_TO_FORWARD
318.6807,-28.2903,-46.2555,0.000,PERP_PARK,1,T_PARK,,,,,T2_REVERSE_TO_FORWARD
318.7807,-28.3834,-46.2190,0.000,PERP_PARK,1,T_PARK,,,,,T2_REVERSE_TO_FORWARD
318.8807,-28.4766,-46.1828,0.000,PERP_PARK,1,T_PARK,,,,,T2_REVERSE_TO_FORWARD
318.9807,-28.5700,-46.1470,0.000,PERP_PARK,1,T_PARK,,,,,T2_REVERSE_TO_FORWARD
319.0807,-28.6635,-46.1117,0.000,PERP_PARK,1,T_PARK,,,,,T2_REVERSE_TO_FORWARD
319.1807,-28.7571,-46.0766,0.000,PERP_PARK,1,T_PARK,,,,,T2_REVERSE_TO_FORWARD
319.2807,-28.8509,-46.0418,0.000,PERP_PARK,1,T_PARK,,,,,T2_REVERSE_TO_FORWARD
319.3806,-28.9446,-46.0071,0.000,PERP_PARK,1,T_PARK,,,,,T2_REVERSE_TO_FORWARD
319.4806,-29.0383,-45.9722,0.000,PERP_PARK,1,T_PARK,,,,,T2_REVERSE_TO_FORWARD
319.5806,-29.1319,-45.9370,0.000,PERP_PARK,1,T_PARK,,,,,T2_REVERSE_TO_FORWARD
319.6806,-29.2253,-45.9013,0.000,PERP_PARK,1,T_PARK,,,,,T2_REVERSE_TO_FORWARD
319.7805,-29.3183,-45.8647,0.000,PERP_PARK,1,T_PARK,,,,,T2_REVERSE_TO_FORWARD
319.8806,-29.4110,-45.8271,0.000,PERP_PARK,1,T_PARK,,,,,T2_REVERSE_TO_FORWARD
319.9806,-29.5031,-45.7882,0.000,PERP_PARK,1,T_PARK,,,,,T2_REVERSE_TO_FORWARD
320.0805,-29.5945,-45.7477,0.000,PERP_PARK,1,T_PARK,,,,,T2_REVERSE_TO_FORWARD
320.1806,-29.6852,-45.7055,0.000,PERP_PARK,1,T_PARK,,,,,T2_REVERSE_TO_FORWARD
320.2805,-29.7748,-45.6613,0.000,PERP_PARK,1,T_PARK,,,,,T2_REVERSE_TO_FORWARD
320.3805,-29.8635,-45.6150,0.000,PERP_PARK,1,T_PARK,,,,,T2_REVERSE_TO_FORWARD
320.4805,-29.9509,-45.5665,0.000,PERP_PARK,1,T_PARK,,,,,T2_REVERSE_TO_FORWARD
320.5804,-30.0369,-45.5156,0.000,PERP_PARK,1,T_PARK,,,,,T2_REVERSE_TO_FORWARD
320.6805,-30.1215,-45.4622,0.000,PERP_PARK,1,T_PARK,,,,,T2_REVERSE_TO_FORWARD
320.7804,-30.2044,-45.4064,0.000,PERP_PARK,1,T_PARK,,,,,T2_REVERSE_TO_FORWARD
320.8804,-30.2856,-45.3481,0.000,PERP_PARK,1,T_PARK,,,,,T2_REVERSE_TO_FORWARD
320.9803,-30.3650,-45.2874,0.000,PERP_PARK,1,T_PARK,,,,,T2_REVERSE_TO_FORWARD
321.0803,-30.4425,-45.2242,0.000,PERP_PARK,1,T_PARK,,,,,T2_REVERSE_TO_FORWARD
321.1803,-30.5181,-45.1587,0.000,PERP_PARK,1,T_PARK,,,,,T2_REVERSE_TO_FORWARD
321.2803,-30.5915,-45.0908,0.000,PERP_PARK,1,T_PARK,,,,,T2_REVERSE_TO_FORWARD
321.3802,-30.6628,-45.0208,0.000,PERP_PARK,1,T_PARK,,,,,T2_REVERSE_TO_FORWARD
321.4802,-30.7320,-44.9486,0.000,PERP_PARK,1,T_PARK,,,,,T2_REVERSE_TO_FORWARD
321.5802,-30.7989,-44.8743,0.000,PERP_PARK,1,T_PARK,,,,,T2_REVERSE_TO_FORWARD
321.6802,-30.8635,-44.7980,0.000,PERP_PARK,1,T_PARK,,,,,T2_REVERSE_TO_FORWARD
321.7802,-30.9258,-44.7198,0.000,PERP_PARK,1,T_PARK,,,,,T2_REVERSE_TO_FORWARD
321.8802,-30.9857,-44.6397,0.000,PERP_PARK,1,T_PARK,,,,,T2_REVERSE_TO_FORWARD
321.9801,-31.0431,-44.5579,0.000,PERP_PARK,1,T_PARK,,,,,T2_REVERSE_TO_FORWARD
322.0801,-31.0980,-44.4743,0.000,PERP_PARK,1,T_PARK,,,,,T2_REVERSE_TO_FORWARD
322.1801,-31.1503,-44.3891,0.000,PERP_PARK,1,T_PARK,,,,,T2_REVERSE_TO_FORWARD
322.2801,-31.1999,-44.3023,0.000,PERP_PARK,1,T_PARK,,,,,T2_REVERSE_TO_FORWARD
322.3801,-31.2468,-44.2140,0.000,PERP_PARK,1,T_PARK,,,,,T2_REVERSE_TO_FORWARD
322.4800,-31.2909,-44.1243,0.000,PERP_PARK,1,T_PARK,,,,,T2_REVERSE_TO_FORWARD
322.5801,-31.3320,-44.0331,0.000,PERP_PARK,1,T_PARK,,,,,T2_REVERSE_TO_FORWARD
322.6800,-31.3702,-43.9407,0.000,PERP_PARK,1,T_PARK,,,,,T2_REVERSE_TO_FORWARD
322.7800,-31.4052,-43.8471,0.000,PERP_PARK,1,T_PARK,,,,,T2_REVERSE_TO_FORWARD
322.8799,-31.4372,-43.7524,0.000,PERP_PARK,1,T_PARK,,,,,T2_REVERSE_TO_FORWARD
322.9799,-31.4659,-43.6566,0.000,PERP_PARK,1,T_PARK,,,,,T2_REVERSE_TO_FORWARD
323.0799,-31.4913,-43.5599,0.000,PERP_PARK,1,T_PARK,,,,,T2_REVERSE_TO_FORWARD
323.1799,-31.5135,-43.4624,0.000,PERP_PARK,1,T_PARK,,,,,T2_REVERSE_TO_FORWARD
323.2799,-31.5322,-43.3642,0.000,PERP_PARK,1,T_PARK,,,,,T2_REVERSE_TO_FORWARD
323.3799,-31.5477,-43.2654,0.000,PERP_PARK,1,T_PARK,,,,,T2_REVERSE_TO_FORWARD
323.4798,-31.5598,-43.1662,0.000,PERP_PARK,1,T_PARK,,,,,T2_REVERSE_TO_FORWARD
323.5798,-31.5686,-43.0666,0.000,PERP_PARK,1,T_PARK,,,,,T2_REVERSE_TO_FORWARD
323.6798,-31.5742,-42.9668,0.000,PERP_PARK,1,T_PARK,,,,,T2_REVERSE_TO_FORWARD
323.7798,-31.5766,-42.8668,0.000,PERP_PARK,1,T_PARK,,,,,T2_REVERSE_TO_FORWARD
323.8797,-31.5760,-42.7669,0.000,PERP_PARK,1,T_PARK,,,,,T2_REVERSE_TO_FORWARD
323.9798,-31.5724,-42.6669,0.000,PERP_PARK,1,T_PARK,,,,,T2_REVERSE_TO_FORWARD
324.0797,-31.5659,-42.5672,0.000,PERP_PARK,1,T_PARK,,,,,T2_REVERSE_TO_FORWARD
324.1797,-31.5568,-42.4676,0.000,PERP_PARK,1,T_PARK,,,,,T2_REVERSE_TO_FORWARD
324.2797,-31.5450,-42.3683,0.000,PERP_PARK,1,T_PARK,,,,,T2_REVERSE_TO_FORWARD
324.3796,-31.5308,-42.2694,0.000,PERP_PARK,1,T_PARK,,,,,T2_REVERSE_TO_FORWARD
324.4796,-31.5142,-42.1708,0.000,PERP_PARK,1,T_PARK,,,,,T2_REVERSE_TO_FORWARD
324.5796,-31.4954,-42.0726,0.000,PERP_PARK,1,T_PARK,,,,,T2_REVERSE_TO_FORWARD
324.6796,-31.4745,-41.9748,0.000,PERP_PARK,1,T_PARK,,,,,T2_REVERSE_TO_FORWARD
324.7796,-31.4517,-41.8774,0.000,PERP_PARK,1,T_PARK,,,,,T2_REVERSE_TO_FORWARD
324.8796,-31.4271,-41.7805,0.000,PERP_PARK,1,T_PARK,,,,,T2_REVERSE_TO_FORWARD
324.9795,-31.4008,-41.6841,0.000,PERP_PARK,1,T_PARK,,,,,T2_REVERSE_TO_FORWARD
325.0795,-31.3728,-41.5881,0.000,PERP_PARK,1,T_PARK,,,,,T2_REVERSE_TO_FORWARD
325.1795,-31.3434,-41.4925,0.000,PERP_PARK,1,T_PARK,,,,,T2_REVERSE_TO_FORWARD
325.2795,-31.3126,-41.3974,0.000,PERP_PARK,1,T_PARK,,,,,T2_REVERSE_TO_FORWARD
325.3795,-31.2805,-41.3027,0.000,PERP_PARK,1,T_PARK,,,,,T2_REVERSE_TO_FORWARD
325.4795,-31.2473,-41.2084,0.000,PERP_PARK,1,T_PARK,,,,,T2_REVERSE_TO_FORWARD
325.5795,-31.2129,-41.1145,0.000,PERP_PARK,1,T_PARK,,,,,T2_REVERSE_TO_FORWARD
325.6794,-31.1776,-41.0210,0.000,PERP_PARK,1,T_PARK,,,,,T2_REVERSE_TO_FORWARD
325.7794,-31.1413,-40.9278,0.000,PERP_PARK,1,T_PARK,,,,,T2_REVERSE_TO_FORWARD
325.8794,-31.1042,-40.8350,0.000,PERP_PARK,1,T_PARK,,,,,T2_REVERSE_TO_FORWARD
325.9794,-31.0664,-40.7424,0.000,PERP_PARK,1,T_PARK,,,,,T2_REVERSE_TO_FORWARD
326.0793,-31.0278,-40.6502,0.000,PERP_PARK,1,T_PARK,,,,,T2_REVERSE_TO_FORWARD
326.1793,-30.9886,-40.5582,0.000,PERP_PARK,1,T_PARK,,,,,T2_REVERSE_TO_FORWARD
326.2794,-30.9489,-40.4664,0.000,PERP_PARK,1,T_PARK,,,,,T2_REVERSE_TO_FORWARD
326.3793,-30.9088,-40.3749,0.000,PERP_PARK,1,T_PARK,,,,,T2_REVERSE_TO_FORWARD
326.4793,-30.8682,-40.2835,0.000,PERP_PARK,1,T_PARK,,,,,T2_REVERSE_TO_FORWARD
326.5793,-30.8272,-40.1923,0.000,PERP_PARK,1,T_PARK,,,,,T2_REVERSE_TO_FORWARD
326.6792,-30.7860,-40.1012,0.000,PERP_PARK,1,T_PARK,,,,,T2_REVERSE_TO_FORWARD
326.7793,-30.7445,-40.0102,0.000,PERP_PARK,1,T_PARK,,,,,T2_REVERSE_TO_FORWARD
326.8792,-30.7029,-39.9193,0.000,PERP_PARK,1,T_PARK,,,,,T2_REVERSE_TO_FORWARD
326.9792,-30.6611,-39.8285,0.000,PERP_PARK,1,T_PARK,,,,,T2_REVERSE_TO_FORWARD
327.0791,-30.6193,-39.7377,0.000,PERP_PARK,1,T_PARK,,,,,T2_REVERSE_TO_FORWARD
327.1792,-30.5774,-39.6469,0.000,PERP_PARK,1,T_PARK,,,,,T2_REVERSE_TO_FORWARD
327.2792,-30.5355,-39.5561,0.000,PERP_PARK,1,T_PARK,,,,,T2_REVERSE_TO_FORWARD
327.3792,-30.4936,-39.4653,0.000,PERP_PARK,1,T_PARK,,,,,T2_REVERSE_TO_FORWARD
327.4792,-30.4517,-39.3745,0.000,PERP_PARK,1,T_PARK,,,,,T2_REVERSE_TO_FORWARD
327.5791,-30.4099,-39.2837,0.000,PERP_PARK,1,T_PARK,,,,,T2_REVERSE_TO_FORWARD
327.6790,-30.3682,-39.1929,0.000,PERP_PARK,1,T_PARK,,,,,T2_REVERSE_TO_FORWARD
327.7791,-30.3266,-39.1019,0.000,PERP_PARK,1,T_PARK,,,,,T2_REVERSE_TO_FORWARD
327.8790,-30.2851,-39.0110,0.000,PERP_PARK,1,T_PARK,,,,,T2_REVERSE_TO_FORWARD
327.9790,-30.2437,-38.9200,0.000,PERP_PARK,1,T_PARK,,,,,T2_REVERSE_TO_FORWARD
328.0790,-30.2024,-38.8289,0.000,PERP_PARK,1,T_PARK,,,,,T2_REVERSE_TO_FORWARD
328.1790,-30.1613,-38.7378,0.000,PERP_PARK,1,T_PARK,,,,,T2_REVERSE_TO_FORWARD
328.2789,-30.1203,-38.6466,0.000,PERP_PARK,1,T_PARK,,,,,T2_REVERSE_TO_FORWARD
328.3790,-30.0794,-38.5553,0.000,PERP_PARK,1,T_PARK,,,,,T2_REVERSE_TO_FORWARD
328.4790,-30.0387,-38.4640,0.000,PERP_PARK,1,T_PARK,,,,,T2_REVERSE_TO_FORWARD
328.5789,-29.9982,-38.3726,0.000,PERP_PARK,1,T_PARK,,,,,T2_REVERSE_TO_FORWARD
328.6789,-29.9578,-38.2812,0.000,PERP_PARK,1,T_PARK,,,,,T2_REVERSE_TO_FORWARD
328.7789,-29.9176,-38.1896,0.000,PERP_PARK,1,T_PARK,,,,,T2_REVERSE_TO_FORWARD
328.8789,-29.8775,-38.0980,0.000,PERP_PARK,1,T_PARK,,,,,T2_REVERSE_TO_FORWARD
328.9788,-29.8377,-38.0063,0.000,PERP_PARK,1,T_PARK,,,,,T2_REVERSE_TO_FORWARD
329.0788,-29.7981,-37.9145,0.000,PERP_PARK,1,T_PARK,,,,,T2_REVERSE_TO_FORWARD
329.1788,-29.7588,-37.8226,0.000,PERP_PARK,1,T_PARK,,,,,T2_REVERSE_TO_FORWARD
329.2788,-29.7197,-37.7305,0.000,PERP_PARK,1,T_PARK,,,,,T2_REVERSE_TO_FORWARD
329.3788,-29.6809,-37.6384,0.000,PERP_PARK,1,T_PARK,,,,,T2_REVERSE_TO_FORWARD
329.4788,-29.6424,-37.5461,0.000,PERP_PARK,1,T_PARK,,,,,T2_REVERSE_TO_FORWARD
329.5787,-29.6043,-37.4537,0.000,PERP_PARK,1,T_PARK,,,,,T2_REVERSE_TO_FORWARD
329.6787,-29.5665,-37.3611,0.000,PERP_PARK,1,T_PARK,,,,,T2_REVERSE_TO_FORWARD
329.7788,-29.5292,-37.2683,0.000,PERP_PARK,1,T_PARK,,,,,T2_REVERSE_TO_FORWARD
329.8787,-29.4923,-37.1754,0.000,PERP_PARK,1,T_PARK,,,,,T2_REVERSE_TO_FORWARD
329.9786,-29.4560,-37.0823,0.000,PERP_PARK,1,T_PARK,,,,,T2_REVERSE_TO_FORWARD
330.0787,-29.4201,-36.9889,0.000,PERP_PARK,1,T_PARK,,,,,T2_REVERSE_TO_FORWARD
330.1787,-29.3847,-36.8954,0.000,PERP_PARK,1,T_PARK,,,,,T2_REVERSE_TO_FORWARD
330.2787,-29.3498,-36.8017,0.000,PERP_PARK,1,T_PARK,,,,,T2_REVERSE_TO_FORWARD
330.3786,-29.3154,-36.7079,0.000,PERP_PARK,1,T_PARK,,,,,T2_REVERSE_TO_FORWARD
330.4786,-29.2813,-36.6139,0.000,PERP_PARK,1,T_PARK,,,,,T2_REVERSE_TO_FORWARD
330.5785,-29.2476,-36.5198,0.000,PERP_PARK,1,T_PARK,,,,,T2_REVERSE_TO_FORWARD
330.6786,-29.2139,-36.4256,0.000,PERP_PARK,1,T_PARK,,,,,T2_REVERSE_TO_FORWARD
330.7785,-29.1802,-36.3315,0.000,PERP_PARK,1,T_PARK,,,,,T2_REVERSE_TO_FORWARD
330.8785,-29.1462,-36.2375,0.000,PERP_PARK,1,T_PARK,,,,,T2_REVERSE_TO_FORWARD
330.9786,-29.1116,-36.1436,0.000,PERP_PARK,1,T_PARK,,,,,T2_REVERSE_TO_FORWARD
331.0785,-29.0761,-36.0502,0.000,PERP_PARK,1,T_PARK,,,,,T2_REVERSE_TO_FORWARD
331.1785,-29.0393,-35.9572,0.000,PERP_PARK,1,T_PARK,,,,,T2_REVERSE_TO_FORWARD
331.2785,-29.0008,-35.8649,0.000,PERP_PARK,1,T_PARK,,,,,T2_REVERSE_TO_FORWARD
331.3785,-28.9603,-35.7735,0.000,PERP_PARK,1,T_PARK,,,,,T2_REVERSE_TO_FORWARD
331.4784,-28.9173,-35.6833,0.000,PERP_PARK,1,T_PARK,,,,,T2_REVERSE_TO_FORWARD
331.5784,-28.8713,-35.5945,0.000,PERP_PARK,1,T_PARK,,,,,T2_REVERSE_TO_FORWARD
331.6206,-28.8508,-35.5576,0.000,PERP_PARK,1,T_PARK,T_PARK_END,EXIT_ZONE,,,T2_REVERSE_TO_FORWARD
331.6784,-28.8219,-35.5076,0.000,PERP_PARK,1,T_PARK,,,,,T2_REVERSE_TO_FORWARD
331.7700,-28.7735,-35.4298,0.000,NORMAL,1,ROUTE,,,,,T2_REVERSE_TO_FORWARD
331.7784,-28.7689,-35.4228,0.000,NORMAL,1,ROUTE,,,,,T2_REVERSE_TO_FORWARD
331.8784,-28.7121,-35.3405,0.000,NORMAL,1,ROUTE,,,,,T2_REVERSE_TO_FORWARD
331.9783,-28.6518,-35.2608,0.000,NORMAL,1,ROUTE,,,,,T2_REVERSE_TO_FORWARD
332.0783,-28.5883,-35.1835,0.000,NORMAL,1,ROUTE,,,,,T2_REVERSE_TO_FORWARD
332.1783,-28.5220,-35.1087,0.000,NORMAL,1,ROUTE,,,,,T2_REVERSE_TO_FORWARD
332.2782,-28.4531,-35.0363,0.000,NORMAL,1,ROUTE,,,,,T2_REVERSE_TO_FORWARD
332.3782,-28.3818,-34.9662,0.000,NORMAL,1,ROUTE,,,,,T2_REVERSE_TO_FORWARD
332.4782,-28.3084,-34.8983,0.000,NORMAL,1,ROUTE,,,,,T2_REVERSE_TO_FORWARD
332.5782,-28.2330,-34.8326,0.000,NORMAL,1,ROUTE,,,,,T2_REVERSE_TO_FORWARD
332.6782,-28.1559,-34.7690,0.000,NORMAL,1,ROUTE,,,,,T2_REVERSE_TO_FORWARD
332.7782,-28.0772,-34.7073,0.000,NORMAL,1,ROUTE,,,,,T2_REVERSE_TO_FORWARD
332.8781,-27.9971,-34.6476,0.000,NORMAL,1,ROUTE,,,,,T2_REVERSE_TO_FORWARD
332.9781,-27.9156,-34.5896,0.000,NORMAL,1,ROUTE,,,,,T2_REVERSE_TO_FORWARD
333.0781,-27.8330,-34.5333,0.000,NORMAL,1,ROUTE,,,,,T2_REVERSE_TO_FORWARD
333.1781,-27.7492,-34.4787,0.000,NORMAL,1,ROUTE,,,,,T2_REVERSE_TO_FORWARD
333.2781,-27.6644,-34.4257,0.000,NORMAL,1,ROUTE,,,,,T2_REVERSE_TO_FORWARD
333.3780,-27.5787,-34.3743,0.000,NORMAL,1,ROUTE,,,,,T2_REVERSE_TO_FORWARD
333.4780,-27.4921,-34.3243,0.000,NORMAL,1,ROUTE,,,,,T2_REVERSE_TO_FORWARD
333.5780,-27.4047,-34.2758,0.000,NORMAL,1,ROUTE,,,,,T2_REVERSE_TO_FORWARD
333.6780,-27.3164,-34.2288,0.000,NORMAL,1,ROUTE,,,,,T2_REVERSE_TO_FORWARD
333.7780,-27.2274,-34.1832,0.000,NORMAL,1,ROUTE,,,,,T2_REVERSE_TO_FORWARD
333.8780,-27.1377,-34.1391,0.000,NORMAL,1,ROUTE,,,,,T2_REVERSE_TO_FORWARD
333.9779,-27.0473,-34.0964,0.000,NORMAL,1,ROUTE,,,,,T2_REVERSE_TO_FORWARD
334.0779,-26.9562,-34.0552,0.000,NORMAL,1,ROUTE,,,,,T2_REVERSE_TO_FORWARD
334.1779,-26.8645,-34.0154,0.000,NORMAL,1,ROUTE,,,,,T2_REVERSE_TO_FORWARD
334.2778,-26.7722,-33.9771,0.000,NORMAL,1,ROUTE,,,,,T2_REVERSE_TO_FORWARD
334.3779,-26.6792,-33.9402,0.000,NORMAL,1,ROUTE,,,,,T2_REVERSE_TO_FORWARD
334.4778,-26.5857,-33.9049,0.000,NORMAL,1,ROUTE,,,,,T2_REVERSE_TO_FORWARD
334.5778,-26.4916,-33.8711,0.000,NORMAL,1,ROUTE,,,,,T2_REVERSE_TO_FORWARD
334.6778,-26.3970,-33.8387,0.000,NORMAL,1,ROUTE,,,,,T2_REVERSE_TO_FORWARD
334.7777,-26.3019,-33.8080,0.000,NORMAL,1,ROUTE,,,,,T2_REVERSE_TO_FORWARD
334.8778,-26.2062,-33.7788,0.000,NORMAL,1,ROUTE,,,,,T2_REVERSE_TO_FORWARD
334.9777,-26.1102,-33.7511,0.000,NORMAL,1,ROUTE,,,,,T2_REVERSE_TO_FORWARD
335.0778,-26.0136,-33.7250,0.000,NORMAL,1,ROUTE,,,,,T2_REVERSE_TO_FORWARD
335.1777,-25.9167,-33.7005,0.000,NORMAL,1,ROUTE,,,,,T2_REVERSE_TO_FORWARD
335.2777,-25.8194,-33.6776,0.000,NORMAL,1,ROUTE,,,,,T2_REVERSE_TO_FORWARD
335.3777,-25.7217,-33.6562,0.000,NORMAL,1,ROUTE,,,,,T2_REVERSE_TO_FORWARD
335.4776,-25.6237,-33.6365,0.000,NORMAL,1,ROUTE,,,,,T2_REVERSE_TO_FORWARD
335.5776,-25.5254,-33.6184,0.000,NORMAL,1,ROUTE,,,,,T2_REVERSE_TO_FORWARD
335.6776,-25.4268,-33.6019,0.000,NORMAL,1,ROUTE,,,,,T2_REVERSE_TO_FORWARD
335.7776,-25.3279,-33.5870,0.000,NORMAL,1,ROUTE,,,,,T2_REVERSE_TO_FORWARD
335.8776,-25.2288,-33.5738,0.000,NORMAL,1,ROUTE,,,,,T2_REVERSE_TO_FORWARD
335.9775,-25.1295,-33.5621,0.000,NORMAL,1,ROUTE,,,,,T2_REVERSE_TO_FORWARD
336.0775,-25.0300,-33.5521,0.000,NORMAL,1,ROUTE,,,,,T2_REVERSE_TO_FORWARD
336.1775,-24.9304,-33.5437,0.000,NORMAL,1,ROUTE,,,,,T2_REVERSE_TO_FORWARD
336.2775,-24.8306,-33.5368,0.000,NORMAL,1,ROUTE,,,,,T2_REVERSE_TO_FORWARD
336.3775,-24.7308,-33.5316,0.000,NORMAL,1,ROUTE,,,,,T2_REVERSE_TO_FORWARD
336.4774,-24.6309,-33.5280,0.000,NORMAL,1,ROUTE,,,,,T2_REVERSE_TO_FORWARD
336.5775,-24.5309,-33.5259,0.000,NORMAL,1,ROUTE,,,,,T2_REVERSE_TO_FORWARD
336.6775,-24.4309,-33.5254,0.000,NORMAL,1,ROUTE,,,,,T2_REVERSE_TO_FORWARD
336.7774,-24.3310,-33.5265,0.000,NORMAL,1,ROUTE,,,,,T2_REVERSE_TO_FORWARD
336.8774,-24.2310,-33.5291,0.000,NORMAL,1,ROUTE,,,,,T2_REVERSE_TO_FORWARD
336.9774,-24.1311,-33.5332,0.000,NORMAL,1,ROUTE,,,,,T2_REVERSE_TO_FORWARD
337.0774,-24.0313,-33.5389,0.000,NORMAL,1,ROUTE,,,,,T2_REVERSE_TO_FORWARD
337.1773,-23.9316,-33.5461,0.000,NORMAL,1,ROUTE,,,,,T2_REVERSE_TO_FORWARD
337.2773,-23.8320,-33.5547,0.000,NORMAL,1,ROUTE,,,,,T2_REVERSE_TO_FORWARD
337.3773,-23.7325,-33.5649,0.000,NORMAL,1,ROUTE,,,,,T2_REVERSE_TO_FORWARD
337.4773,-23.6332,-33.5765,0.000,NORMAL,1,ROUTE,,,,,T2_REVERSE_TO_FORWARD
337.5772,-23.5341,-33.5895,0.000,NORMAL,1,ROUTE,,,,,T2_REVERSE_TO_FORWARD
337.6773,-23.4351,-33.6040,0.000,NORMAL,1,ROUTE,,,,,T2_REVERSE_TO_FORWARD
337.7773,-23.3364,-33.6199,0.000,NORMAL,1,ROUTE,,,,,T2_REVERSE_TO_FORWARD
337.8773,-23.2379,-33.6372,0.000,NORMAL,1,ROUTE,,,,,T2_REVERSE_TO_FORWARD
337.9772,-23.1397,-33.6559,0.000,NORMAL,1,ROUTE,,,,,T2_REVERSE_TO_FORWARD
338.0771,-23.0418,-33.6759,0.000,NORMAL,1,ROUTE,,,,,T2_REVERSE_TO_FORWARD
338.1772,-22.9441,-33.6974,0.000,NORMAL,1,ROUTE,,,,,T2_REVERSE_TO_FORWARD
338.2771,-22.8468,-33.7202,0.000,NORMAL,1,ROUTE,,,,,T2_REVERSE_TO_FORWARD
338.3772,-22.7497,-33.7443,0.000,NORMAL,1,ROUTE,,,,,T2_REVERSE_TO_FORWARD
338.4771,-22.6531,-33.7697,0.000,NORMAL,1,ROUTE,,,,,T2_REVERSE_TO_FORWARD
338.5771,-22.5567,-33.7965,0.000,NORMAL,1,ROUTE,,,,,T2_REVERSE_TO_FORWARD
338.6770,-22.4608,-33.8246,0.000,NORMAL,1,ROUTE,,,,,T2_REVERSE_TO_FORWARD
338.7771,-22.3652,-33.8540,0.000,NORMAL,1,ROUTE,,,,,T2_REVERSE_TO_FORWARD
338.8771,-22.2700,-33.8846,0.000,NORMAL,1,ROUTE,,,,,T2_REVERSE_TO_FORWARD
338.9770,-22.1753,-33.9166,0.000,NORMAL,1,ROUTE,,,,,T2_REVERSE_TO_FORWARD
339.0770,-22.0810,-33.9498,0.000,NORMAL,1,ROUTE,,,,,T2_REVERSE_TO_FORWARD
339.1770,-21.9871,-33.9843,0.000,NORMAL,1,ROUTE,,,,,T2_REVERSE_TO_FORWARD
339.2769,-21.8938,-34.0200,0.000,NORMAL,1,ROUTE,,,,,T2_REVERSE_TO_FORWARD
339.3769,-21.8009,-34.0570,0.000,NORMAL,1,ROUTE,,,,,T2_REVERSE_TO_FORWARD
339.4769,-21.7085,-34.0953,0.000,NORMAL,1,ROUTE,,,,,T2_REVERSE_TO_FORWARD
339.5770,-21.6166,-34.1348,0.000,NORMAL,1,ROUTE,,,,,T2_REVERSE_TO_FORWARD
339.6769,-21.5253,-34.1755,0.000,NORMAL,1,ROUTE,,,,,T2_REVERSE_TO_FORWARD
339.7769,-21.4346,-34.2175,0.000,NORMAL,1,ROUTE,,,,,T2_REVERSE_TO_FORWARD
339.8769,-21.3444,-34.2607,0.000,NORMAL,1,ROUTE,,,,,T2_REVERSE_TO_FORWARD
339.9768,-21.2549,-34.3051,0.000,NORMAL,1,ROUTE,,,,,T2_REVERSE_TO_FORWARD
340.0769,-21.1659,-34.3508,0.000,NORMAL,1,ROUTE,,,,,T2_REVERSE_TO_FORWARD
340.1768,-21.0776,-34.3977,0.000,NORMAL,1,ROUTE,,,,,T2_REVERSE_TO_FORWARD
340.2768,-20.9900,-34.4458,0.000,NORMAL,1,ROUTE,,,,,T2_REVERSE_TO_FORWARD
340.3768,-20.9030,-34.4951,0.000,NORMAL,1,ROUTE,,,,,T2_REVERSE_TO_FORWARD
340.4768,-20.8167,-34.5456,0.000,NORMAL,1,ROUTE,,,,,T2_REVERSE_TO_FORWARD
340.5768,-20.7311,-34.5973,0.000,NORMAL,1,ROUTE,,,,,T2_REVERSE_TO_FORWARD
340.6767,-20.6462,-34.6500,0.000,NORMAL,1,ROUTE,,,,,T2_REVERSE_TO_FORWARD
340.7767,-20.5619,-34.7039,0.000,NORMAL,1,ROUTE,,,,,T2_REVERSE_TO_FORWARD
340.8767,-20.4783,-34.7587,0.000,NORMAL,1,ROUTE,,,,,T2_REVERSE_TO_FORWARD
340.9767,-20.3953,-34.8145,0.000,NORMAL,1,ROUTE,,,,,T2_REVERSE_TO_FORWARD
341.0766,-20.3130,-34.8711,0.000,NORMAL,1,ROUTE,,,,,T2_REVERSE_TO_FORWARD
341.1766,-20.2311,-34.9285,0.000,NORMAL,1,ROUTE,,,,,T2_REVERSE_TO_FORWARD
341.2766,-20.1497,-34.9866,0.000,NORMAL,1,ROUTE,,,,,T2_REVERSE_TO_FORWARD
341.3765,-20.0687,-35.0451,0.000,NORMAL,1,ROUTE,,,,,T2_REVERSE_TO_FORWARD
341.4766,-19.9879,-35.1041,0.000,NORMAL,1,ROUTE,,,,,T2_REVERSE_TO_FORWARD
341.5766,-19.9074,-35.1634,0.000,NORMAL,1,ROUTE,,,,,T2_REVERSE_TO_FORWARD
341.6765,-19.8271,-35.2229,0.000,NORMAL,1,ROUTE,,,,,T2_REVERSE_TO_FORWARD
341.7765,-19.7468,-35.2825,0.000,NORMAL,1,ROUTE,,,,,T2_REVERSE_TO_FORWARD
341.8766,-19.6666,-35.3423,0.000,NORMAL,1,ROUTE,,,,,T2_REVERSE_TO_FORWARD
341.9765,-19.5865,-35.4021,0.000,NORMAL,1,ROUTE,,,,,T2_REVERSE_TO_FORWARD
342.0765,-19.5065,-35.4621,0.000,NORMAL,1,ROUTE,,,,,T2_REVERSE_TO_FORWARD
342.1765,-19.4267,-35.5223,0.000,NORMAL,1,ROUTE,,,,,T2_REVERSE_TO_FORWARD
342.2764,-19.3472,-35.5829,0.000,NORMAL,1,ROUTE,,,,,T2_REVERSE_TO_FORWARD
342.3765,-19.2680,-35.6440,0.000,NORMAL,1,ROUTE,,,,,T2_REVERSE_TO_FORWARD
342.4764,-19.1895,-35.7059,0.000,NORMAL,1,ROUTE,,,,,T2_REVERSE_TO_FORWARD
342.5764,-19.1117,-35.7687,0.000,NORMAL,1,ROUTE,,,,,T2_REVERSE_TO_FORWARD
342.6764,-19.0349,-35.8327,0.000,NORMAL,1,ROUTE,,,,,T2_REVERSE_TO_FORWARD
342.7764,-18.9592,-35.8980,0.000,NORMAL,1,ROUTE,,,,,T2_REVERSE_TO_FORWARD
342.8764,-18.8848,-35.9648,0.000,NORMAL,1,ROUTE,,,,,T2_REVERSE_TO_FORWARD
342.9763,-18.8118,-36.0331,0.000,NORMAL,1,ROUTE,,,,,T2_REVERSE_TO_FORWARD
343.0763,-18.7401,-36.1028,0.000,NORMAL,1,ROUTE,,,,,T2_REVERSE_TO_FORWARD
343.1763,-18.6698,-36.1739,0.000,NORMAL,1,ROUTE,,,,,T2_REVERSE_TO_FORWARD
343.2762,-18.6007,-36.2461,0.000,NORMAL,1,ROUTE,,,,,T2_REVERSE_TO_FORWARD
343.3762,-18.5328,-36.3195,0.000,NORMAL,1,ROUTE,,,,,T2_REVERSE_TO_FORWARD
343.4762,-18.4660,-36.3939,0.000,NORMAL,1,ROUTE,,,,,T2_REVERSE_TO_FORWARD
343.5762,-18.4003,-36.4693,0.000,NORMAL,1,ROUTE,,,,,T2_REVERSE_TO_FORWARD
343.6762,-18.3355,-36.5454,0.000,NORMAL,1,ROUTE,,,,,T2_REVERSE_TO_FORWARD
343.7762,-18.2717,-36.6224,0.000,NORMAL,1,ROUTE,,,,,T2_REVERSE_TO_FORWARD
343.8762,-18.2087,-36.7001,0.000,NORMAL,1,ROUTE,,,,,T2_REVERSE_TO_FORWARD
343.9761,-18.1466,-36.7784,0.000,NORMAL,1,ROUTE,,,,,T2_REVERSE_TO_FORWARD
344.0761,-18.0853,-36.8574,0.000,NORMAL,1,ROUTE,,,,,T2_REVERSE_TO_FORWARD
344.1761,-18.0250,-36.9371,0.000,NORMAL,1,ROUTE,,,,,T2_REVERSE_TO_FORWARD
344.2761,-17.9655,-37.0175,0.000,NORMAL,1,ROUTE,,,,,T2_REVERSE_TO_FORWARD
344.3761,-17.9070,-37.0986,0.000,NORMAL,1,ROUTE,,,,,T2_REVERSE_TO_FORWARD
344.4761,-17.8496,-37.1805,0.000,NORMAL,1,ROUTE,,,,,T2_REVERSE_TO_FORWARD
344.5760,-17.7934,-37.2631,0.000,NORMAL,1,ROUTE,,,,,T2_REVERSE_TO_FORWARD
344.6760,-17.7384,-37.3466,0.000,NORMAL,1,ROUTE,,,,,T2_REVERSE_TO_FORWARD
344.7760,-17.6846,-37.4309,0.000,NORMAL,1,ROUTE,,,,,T2_REVERSE_TO_FORWARD
344.8760,-17.6321,-37.5160,0.000,NORMAL,1,ROUTE,,,,,T2_REVERSE_TO_FORWARD
344.9760,-17.5810,-37.6020,0.000,NORMAL,1,ROUTE,,,,,T2_REVERSE_TO_FORWARD
345.0760,-17.5315,-37.6888,0.000,NORMAL,1,ROUTE,,,,,T2_REVERSE_TO_FORWARD
345.1759,-17.4835,-37.7765,0.000,NORMAL,1,ROUTE,,,,,T2_REVERSE_TO_FORWARD
345.2759,-17.4374,-37.8652,0.000,NORMAL,1,ROUTE,,,,,T2_REVERSE_TO_FORWARD
345.3759,-17.3930,-37.9548,0.000,NORMAL,1,ROUTE,,,,,T2_REVERSE_TO_FORWARD
345.4759,-17.3507,-38.0454,0.000,NORMAL,1,ROUTE,,,,,T2_REVERSE_TO_FORWARD
345.5759,-17.3104,-38.1369,0.000,NORMAL,1,ROUTE,,,,,T2_REVERSE_TO_FORWARD
345.6758,-17.2720,-38.2292,0.000,NORMAL,1,ROUTE,,,,,T2_REVERSE_TO_FORWARD
345.7758,-17.2354,-38.3222,0.000,NORMAL,1,ROUTE,,,,,T2_REVERSE_TO_FORWARD
345.8758,-17.2005,-38.4159,0.000,NORMAL,1,ROUTE,,,,,T2_REVERSE_TO_FORWARD
345.9758,-17.1670,-38.5102,0.000,NORMAL,1,ROUTE,,,,,T2_REVERSE_TO_FORWARD
346.0758,-17.1350,-38.6049,0.000,NORMAL,1,ROUTE,,,,,T2_REVERSE_TO_FORWARD
346.1758,-17.1042,-38.7000,0.000,NORMAL,1,ROUTE,,,,,T2_REVERSE_TO_FORWARD
346.2757,-17.0745,-38.7954,0.000,NORMAL,1,ROUTE,,,,,T2_REVERSE_TO_FORWARD
346.3757,-17.0458,-38.8912,0.000,NORMAL,1,ROUTE,,,,,T2_REVERSE_TO_FORWARD
346.4757,-17.0182,-38.9873,0.000,NORMAL,1,ROUTE,,,,,T2_REVERSE_TO_FORWARD
346.5757,-16.9916,-39.0837,0.000,NORMAL,1,ROUTE,,,,,T2_REVERSE_TO_FORWARD
346.6756,-16.9659,-39.1803,0.000,NORMAL,1,ROUTE,,,,,T2_REVERSE_TO_FORWARD
346.7756,-16.9413,-39.2772,0.000,NORMAL,1,ROUTE,,,,,T2_REVERSE_TO_FORWARD
346.8756,-16.9178,-39.3744,0.000,NORMAL,1,ROUTE,,,,,T2_REVERSE_TO_FORWARD
346.9756,-16.8954,-39.4719,0.000,NORMAL,1,ROUTE,,,,,T2_REVERSE_TO_FORWARD
347.0756,-16.8744,-39.5696,0.000,NORMAL,1,ROUTE,,,,,T2_REVERSE_TO_FORWARD
347.1755,-16.8547,-39.6676,0.000,NORMAL,1,ROUTE,,,,,T2_REVERSE_TO_FORWARD
347.2755,-16.8364,-39.7659,0.000,NORMAL,1,ROUTE,,,,,T2_REVERSE_TO_FORWARD
347.3756,-16.8195,-39.8645,0.000,NORMAL,1,ROUTE,,,,,T2_REVERSE_TO_FORWARD
347.4755,-16.8040,-39.9632,0.000,NORMAL,1,ROUTE,,,,,T2_REVERSE_TO_FORWARD
347.5755,-16.7900,-40.0622,0.000,NORMAL,1,ROUTE,,,,,T2_REVERSE_TO_FORWARD
347.6754,-16.7775,-40.1614,0.000,NORMAL,1,ROUTE,,,,,T2_REVERSE_TO_FORWARD
347.7754,-16.7667,-40.2608,0.000,NORMAL,1,ROUTE,,,,,T2_REVERSE_TO_FORWARD
347.8754,-16.7576,-40.3604,0.000,NORMAL,1,ROUTE,,,,,T2_REVERSE_TO_FORWARD
347.9754,-16.7505,-40.4601,0.000,NORMAL,1,ROUTE,,,,,T2_REVERSE_TO_FORWARD
348.0754,-16.7455,-40.5600,0.000,NORMAL,1,ROUTE,,,,,T2_REVERSE_TO_FORWARD
348.1754,-16.7426,-40.6599,0.000,NORMAL,1,ROUTE,,,,,T2_REVERSE_TO_FORWARD
348.2754,-16.7421,-40.7599,0.000,NORMAL,1,ROUTE,,,,,T2_REVERSE_TO_FORWARD
348.3754,-16.7438,-40.8599,0.000,NORMAL,1,ROUTE,,,,,T2_REVERSE_TO_FORWARD
348.4754,-16.7476,-40.9598,0.000,NORMAL,1,ROUTE,,,,,T2_REVERSE_TO_FORWARD
348.5753,-16.7533,-41.0596,0.000,NORMAL,1,ROUTE,,,,,T2_REVERSE_TO_FORWARD
348.6753,-16.7609,-41.1593,0.000,NORMAL,1,ROUTE,,,,,T2_REVERSE_TO_FORWARD
348.7752,-16.7702,-41.2588,0.000,NORMAL,1,ROUTE,,,,,T2_REVERSE_TO_FORWARD
348.8752,-16.7812,-41.3582,0.000,NORMAL,1,ROUTE,,,,,T2_REVERSE_TO_FORWARD
348.9752,-16.7938,-41.4574,0.000,NORMAL,1,ROUTE,,,,,T2_REVERSE_TO_FORWARD
349.0752,-16.8079,-41.5564,0.000,NORMAL,1,ROUTE,,,,,T2_REVERSE_TO_FORWARD
349.1752,-16.8233,-41.6552,0.000,NORMAL,1,ROUTE,,,,,T2_REVERSE_TO_FORWARD
349.2752,-16.8400,-41.7538,0.000,NORMAL,1,ROUTE,,,,,T2_REVERSE_TO_FORWARD
349.3751,-16.8578,-41.8521,0.000,NORMAL,1,ROUTE,,,,,T2_REVERSE_TO_FORWARD
349.4751,-16.8767,-41.9503,0.000,NORMAL,1,ROUTE,,,,,T2_REVERSE_TO_FORWARD
349.5751,-16.8965,-42.0483,0.000,NORMAL,1,ROUTE,,,,,T2_REVERSE_TO_FORWARD
349.6751,-16.9173,-42.1461,0.000,NORMAL,1,ROUTE,,,,,T2_REVERSE_TO_FORWARD
349.7751,-16.9391,-42.2437,0.000,NORMAL,1,ROUTE,,,,,T2_REVERSE_TO_FORWARD
349.8751,-16.9618,-42.3411,0.000,NORMAL,1,ROUTE,,,,,T2_REVERSE_TO_FORWARD
349.9750,-16.9854,-42.4382,0.000,NORMAL,1,ROUTE,,,,,T2_REVERSE_TO_FORWARD
350.0751,-17.0099,-42.5352,0.000,NORMAL,1,ROUTE,,,,,T2_REVERSE_TO_FORWARD
350.1751,-17.0353,-42.6319,0.000,NORMAL,1,ROUTE,,,,,T2_REVERSE_TO_FORWARD
350.2750,-17.0615,-42.7283,0.000,NORMAL,1,ROUTE,,,,,T2_REVERSE_TO_FORWARD
350.3750,-17.0886,-42.8246,0.000,NORMAL,1,ROUTE,,,,,T2_REVERSE_TO_FORWARD
350.4750,-17.1166,-42.9206,0.000,NORMAL,1,ROUTE,,,,,T2_REVERSE_TO_FORWARD
350.5750,-17.1454,-43.0163,0.000,NORMAL,1,ROUTE,,,,,T2_REVERSE_TO_FORWARD
350.6749,-17.1750,-43.1118,0.000,NORMAL,1,ROUTE,,,,,T2_REVERSE_TO_FORWARD
350.7750,-17.2054,-43.2071,0.000,NORMAL,1,ROUTE,,,,,T2_REVERSE_TO_FORWARD
350.8749,-17.2366,-43.3020,0.000,NORMAL,1,ROUTE,,,,,T2_REVERSE_TO_FORWARD
350.9749,-17.2686,-43.3968,0.000,NORMAL,1,ROUTE,,,,,T2_REVERSE_TO_FORWARD
351.0749,-17.3012,-43.4913,0.000,NORMAL,1,ROUTE,,,,,T2_REVERSE_TO_FORWARD
351.1749,-17.3344,-43.5856,0.000,NORMAL,1,ROUTE,,,,,T2_REVERSE_TO_FORWARD
351.2748,-17.3682,-43.6797,0.000,NORMAL,1,ROUTE,,,,,T2_REVERSE_TO_FORWARD
351.3748,-17.4025,-43.7736,0.000,NORMAL,1,ROUTE,,,,,T2_REVERSE_TO_FORWARD
351.4748,-17.4371,-43.8674,0.000,NORMAL,1,ROUTE,,,,,T2_REVERSE_TO_FORWARD
351.5748,-17.4720,-43.9611,0.000,NORMAL,1,ROUTE,,,,,T2_REVERSE_TO_FORWARD
351.6748,-17.5071,-44.0548,0.000,NORMAL,1,ROUTE,,,,,T2_REVERSE_TO_FORWARD
351.7748,-17.5421,-44.1484,0.000,NORMAL,1,ROUTE,,,,,T2_REVERSE_TO_FORWARD
351.8747,-17.5769,-44.2421,0.000,NORMAL,1,ROUTE,,,,,T2_REVERSE_TO_FORWARD
351.9747,-17.6113,-44.3360,0.000,NORMAL,1,ROUTE,,,,,T2_REVERSE_TO_FORWARD
352.0747,-17.6453,-44.4300,0.000,NORMAL,1,ROUTE,,,,,T2_REVERSE_TO_FORWARD
352.1747,-17.6787,-44.5243,0.000,NORMAL,1,ROUTE,,,,,T2_REVERSE_TO_FORWARD
352.2746,-17.7114,-44.6187,0.000,NORMAL,1,ROUTE,,,,,T2_REVERSE_TO_FORWARD
352.3747,-17.7437,-44.7134,0.000,NORMAL,1,ROUTE,,,,,T2_REVERSE_TO_FORWARD
352.4746,-17.7754,-44.8082,0.000,NORMAL,1,ROUTE,,,,,T2_REVERSE_TO_FORWARD
352.5746,-17.8067,-44.9031,0.000,NORMAL,1,ROUTE,,,,,T2_REVERSE_TO_FORWARD
352.6746,-17.8378,-44.9982,0.000,NORMAL,1,ROUTE,,,,,T2_REVERSE_TO_FORWARD
352.7746,-17.8688,-45.0932,0.000,NORMAL,1,ROUTE,,,,,T2_REVERSE_TO_FORWARD
352.8746,-17.8998,-45.1883,0.000,NORMAL,1,ROUTE,,,,,T2_REVERSE_TO_FORWARD
352.9745,-17.9309,-45.2833,0.000,NORMAL,1,ROUTE,,,,,T2_REVERSE_TO_FORWARD
353.0745,-17.9624,-45.3782,0.000,NORMAL,1,ROUTE,,,,,T2_REVERSE_TO_FORWARD
353.1745,-17.9944,-45.4729,0.000,NORMAL,1,ROUTE,,,,,T2_REVERSE_TO_FORWARD
353.2745,-18.0271,-45.5674,0.000,NORMAL,1,ROUTE,,,,,T2_REVERSE_TO_FORWARD
353.3745,-18.0605,-45.6617,0.000,NORMAL,1,ROUTE,,,,,T2_REVERSE_TO_FORWARD
353.4745,-18.0947,-45.7556,0.000,NORMAL,1,ROUTE,,,,,T2_REVERSE_TO_FORWARD
353.5745,-18.1299,-45.8492,0.000,NORMAL,1,ROUTE,,,,,T2_REVERSE_TO_FORWARD
353.6744,-18.1662,-45.9423,0.000,NORMAL,1,ROUTE,,,,,T2_REVERSE_TO_FORWARD
353.7744,-18.2036,-46.0351,0.000,NORMAL,1,ROUTE,,,,,T2_REVERSE_TO_FORWARD
353.8744,-18.2422,-46.1273,0.000,NORMAL,1,ROUTE,,,,,T2_REVERSE_TO_FORWARD
353.9744,-18.2818,-46.2191,0.000,NORMAL,1,ROUTE,,,,,T2_REVERSE_TO_FORWARD
354.0744,-18.3225,-46.3105,0.000,NORMAL,1,ROUTE,,,,,T2_REVERSE_TO_FORWARD
354.1743,-18.3639,-46.4014,0.000,NORMAL,1,ROUTE,,,,,T2_REVERSE_TO_FORWARD
354.2744,-18.4059,-46.4922,0.000,NORMAL,1,ROUTE,,,,,T2_REVERSE_TO_FORWARD
354.3743,-18.4482,-46.5828,0.000,NORMAL,1,ROUTE,,,,,T2_REVERSE_TO_FORWARD
354.4743,-18.4906,-46.6733,0.000,NORMAL,1,ROUTE,,,,,T2_REVERSE_TO_FORWARD
354.5743,-18.5329,-46.7639,0.000,NORMAL,1,ROUTE,,,,,T2_REVERSE_TO_FORWARD
354.6742,-18.5747,-46.8547,0.000,NORMAL,1,ROUTE,,,,,T2_REVERSE_TO_FORWARD
354.7743,-18.6160,-46.9458,0.000,NORMAL,1,ROUTE,,,,,T2_REVERSE_TO_FORWARD
354.8742,-18.6566,-47.0371,0.000,NORMAL,1,ROUTE,,,,,T2_REVERSE_TO_FORWARD
354.9742,-18.6965,-47.1288,0.000,NORMAL,1,ROUTE,,,,,T2_REVERSE_TO_FORWARD
355.0742,-18.7357,-47.2208,0.000,NORMAL,1,ROUTE,,,,,T2_REVERSE_TO_FORWARD
355.1742,-18.7742,-47.3131,0.000,NORMAL,1,ROUTE,,,,,T2_REVERSE_TO_FORWARD
355.2742,-18.8121,-47.4056,0.000,NORMAL,1,ROUTE,,,,,T2_REVERSE_TO_FORWARD
355.3742,-18.8494,-47.4984,0.000,NORMAL,1,ROUTE,,,,,T2_REVERSE_TO_FORWARD
355.4741,-18.8863,-47.5913,0.000,NORMAL,1,ROUTE,,,,,T2_REVERSE_TO_FORWARD
355.5742,-18.9229,-47.6844,0.000,NORMAL,1,ROUTE,,,,,T2_REVERSE_TO_FORWARD
355.6741,-18.9591,-47.7775,0.000,NORMAL,1,ROUTE,,,,,T2_REVERSE_TO_FORWARD
355.7741,-18.9953,-47.8708,0.000,NORMAL,1,ROUTE,,,,,T2_REVERSE_TO_FORWARD
355.8741,-19.0314,-47.9640,0.000,NORMAL,1,ROUTE,,,,,T2_REVERSE_TO_FORWARD
355.9741,-19.0676,-48.0572,0.000,NORMAL,1,ROUTE,,,,,T2_REVERSE_TO_FORWARD
356.0741,-19.1041,-48.1503,0.000,NORMAL,1,ROUTE,,,,,T2_REVERSE_TO_FORWARD
356.1740,-19.1408,-48.2432,0.000,NORMAL,1,ROUTE,,,,,T2_REVERSE_TO_FORWARD
356.2740,-19.1780,-48.3361,0.000,NORMAL,1,ROUTE,,,,,T2_REVERSE_TO_FORWARD
356.3740,-19.2157,-48.4287,0.000,NORMAL,1,ROUTE,,,,,T2_REVERSE_TO_FORWARD
356.4740,-19.2539,-48.5211,0.000,NORMAL,1,ROUTE,,,,,T2_REVERSE_TO_FORWARD
356.5739,-19.2927,-48.6132,0.000,NORMAL,1,ROUTE,,,,,T2_REVERSE_TO_FORWARD
356.6739,-19.3319,-48.7052,0.000,NORMAL,1,ROUTE,,,,,T2_REVERSE_TO_FORWARD
356.7739,-19.3716,-48.7970,0.000,NORMAL,1,ROUTE,,,,,T2_REVERSE_TO_FORWARD
356.8738,-19.4117,-48.8885,0.000,NORMAL,1,ROUTE,,,,,T2_REVERSE_TO_FORWARD
356.9738,-19.4522,-48.9799,0.000,NORMAL,1,ROUTE,,,,,T2_REVERSE_TO_FORWARD
357.0738,-19.4930,-49.0712,0.000,NORMAL,1,ROUTE,,,,,T2_REVERSE_TO_FORWARD
357.1739,-19.5341,-49.1624,0.000,NORMAL,1,ROUTE,,,,,T2_REVERSE_TO_FORWARD
357.2738,-19.5753,-49.2535,0.000,NORMAL,1,ROUTE,,,,,T2_REVERSE_TO_FORWARD
357.3738,-19.6166,-49.3445,0.000,NORMAL,1,ROUTE,,,,,T2_REVERSE_TO_FORWARD
357.4738,-19.6579,-49.4356,0.000,NORMAL,1,ROUTE,,,,,T2_REVERSE_TO_FORWARD
357.5738,-19.6991,-49.5267,0.000,NORMAL,1,ROUTE,,,,,T2_REVERSE_TO_FORWARD
357.6738,-19.7401,-49.6179,0.000,NORMAL,1,ROUTE,,,,,T2_REVERSE_TO_FORWARD
357.7737,-19.7808,-49.7092,0.000,NORMAL,1,ROUTE,,,,,T2_REVERSE_TO_FORWARD
357.8738,-19.8212,-49.8007,0.000,NORMAL,1,ROUTE,,,,,T2_REVERSE_TO_FORWARD
357.9737,-19.8612,-49.8923,0.000,NORMAL,1,ROUTE,,,,,T2_REVERSE_TO_FORWARD
358.0737,-19.9009,-49.9841,0.000,NORMAL,1,ROUTE,,,,,T2_REVERSE_TO_FORWARD
358.1736,-19.9401,-50.0760,0.000,NORMAL,1,ROUTE,,,,,T2_REVERSE_TO_FORWARD
358.2737,-19.9789,-50.1682,0.000,NORMAL,1,ROUTE,,,,,T2_REVERSE_TO_FORWARD
358.3736,-20.0172,-50.2605,0.000,NORMAL,1,ROUTE,,,,,T2_REVERSE_TO_FORWARD
358.4737,-20.0551,-50.3531,0.000,NORMAL,1,ROUTE,,,,,T2_REVERSE_TO_FORWARD
358.5737,-20.0926,-50.4458,0.000,NORMAL,1,ROUTE,,,,,T2_REVERSE_TO_FORWARD
358.6736,-20.1296,-50.5386,0.000,NORMAL,1,ROUTE,,,,,T2_REVERSE_TO_FORWARD
358.7736,-20.1661,-50.6317,0.000,NORMAL,1,ROUTE,,,,,T2_REVERSE_TO_FORWARD
358.8735,-20.2023,-50.7249,0.000,NORMAL,1,ROUTE,,,,,T2_REVERSE_TO_FORWARD
358.9735,-20.2382,-50.8182,0.000,NORMAL,1,ROUTE,,,,,T2_REVERSE_TO_FORWARD
359.0735,-20.2737,-50.9117,0.000,NORMAL,1,ROUTE,,,,,T2_REVERSE_TO_FORWARD
359.1735,-20.3091,-51.0052,0.000,NORMAL,1,ROUTE,,,,,T2_REVERSE_TO_FORWARD
359.2735,-20.3444,-51.0988,0.000,NORMAL,1,ROUTE,,,,,T2_REVERSE_TO_FORWARD
359.3734,-20.3796,-51.1923,0.000,NORMAL,1,ROUTE,,,,,T2_REVERSE_TO_FORWARD
359.4734,-20.4148,-51.2859,0.000,NORMAL,1,ROUTE,,,,,T2_REVERSE_TO_FORWARD
359.5734,-20.4501,-51.3794,0.000,NORMAL,1,ROUTE,,,,,T2_REVERSE_TO_FORWARD
359.6734,-20.4856,-51.4729,0.000,NORMAL,1,ROUTE,,,,,T2_REVERSE_TO_FORWARD
359.7734,-20.5213,-51.5663,0.000,NORMAL,1,ROUTE,,,,,T2_REVERSE_TO_FORWARD
359.8734,-20.5572,-51.6596,0.000,NORMAL,1,ROUTE,,,,,T2_REVERSE_TO_FORWARD
359.9733,-20.5934,-51.7528,0.000,NORMAL,1,ROUTE,,,,,T2_REVERSE_TO_FORWARD
360.0733,-20.6299,-51.8459,0.000,NORMAL,1,ROUTE,,,,,T2_REVERSE_TO_FORWARD
360.1733,-20.6667,-51.9389,0.000,NORMAL,1,ROUTE,,,,,T2_REVERSE_TO_FORWARD
360.2733,-20.7038,-52.0317,0.000,NORMAL,1,ROUTE,,,,,T2_REVERSE_TO_FORWARD
360.3733,-20.7412,-52.1244,0.000,NORMAL,1,ROUTE,,,,,T2_REVERSE_TO_FORWARD
360.4733,-20.7789,-52.2171,0.000,NORMAL,1,ROUTE,,,,,T2_REVERSE_TO_FORWARD
360.5732,-20.8167,-52.3096,0.000,NORMAL,1,ROUTE,,,,,T2_REVERSE_TO_FORWARD
360.6733,-20.8548,-52.4021,0.000,NORMAL,1,ROUTE,,,,,T2_REVERSE_TO_FORWARD
360.7732,-20.8929,-52.4945,0.000,NORMAL,1,ROUTE,,,,,T2_REVERSE_TO_FORWARD
360.8732,-20.9313,-52.5868,0.000,NORMAL,1,ROUTE,,,,,T2_REVERSE_TO_FORWARD
360.9732,-20.9697,-52.6791,0.000,NORMAL,1,ROUTE,,,,,T2_REVERSE_TO_FORWARD
361.0732,-21.0084,-52.7713,0.000,NORMAL,1,ROUTE,,,,,T2_REVERSE_TO_FORWARD
361.1732,-21.0472,-52.8635,0.000,NORMAL,1,ROUTE,,,,,T2_REVERSE_TO_FORWARD
361.2732,-21.0863,-52.9555,0.000,NORMAL,1,ROUTE,,,,,T2_REVERSE_TO_FORWARD
361.3731,-21.1256,-53.0474,0.000,NORMAL,1,ROUTE,,,,,T2_REVERSE_TO_FORWARD
361.4731,-21.1652,-53.1392,0.000,NORMAL,1,ROUTE,,,,,T2_REVERSE_TO_FORWARD
361.5731,-21.2051,-53.2309,0.000,NORMAL,1,ROUTE,,,,,T2_REVERSE_TO_FORWARD
361.6731,-21.2454,-53.3224,0.000,NORMAL,1,ROUTE,,,,,T2_REVERSE_TO_FORWARD
361.7730,-21.2860,-53.4137,0.000,NORMAL,1,ROUTE,,,,,T2_REVERSE_TO_FORWARD
361.8730,-21.3270,-53.5049,0.000,NORMAL,1,ROUTE,,,,,T2_REVERSE_TO_FORWARD
361.9730,-21.3683,-53.5960,0.000,NORMAL,1,ROUTE,,,,,T2_REVERSE_TO_FORWARD
362.0730,-21.4099,-53.6869,0.000,NORMAL,1,ROUTE,,,,,T2_REVERSE_TO_FORWARD
362.1729,-21.4517,-53.7777,0.000,NORMAL,1,ROUTE,,,,,T2_REVERSE_TO_FORWARD
362.2730,-21.4938,-53.8685,0.000,NORMAL,1,ROUTE,,,,,T2_REVERSE_TO_FORWARD
362.3730,-21.5360,-53.9591,0.000,NORMAL,1,ROUTE,,,,,T2_REVERSE_TO_FORWARD
362.4730,-21.5785,-54.0496,0.000,NORMAL,1,ROUTE,,,,,T2_REVERSE_TO_FORWARD
362.5729,-21.6211,-54.1400,0.000,NORMAL,1,ROUTE,,,,,T2_REVERSE_TO_FORWARD
362.6729,-21.6639,-54.2304,0.000,NORMAL,1,ROUTE,,,,,T2_REVERSE_TO_FORWARD
362.7729,-21.7070,-54.3206,0.000,NORMAL,1,ROUTE,,,,,T2_REVERSE_TO_FORWARD
362.8728,-21.7503,-54.4107,0.000,NORMAL,1,ROUTE,,,,,T2_REVERSE_TO_FORWARD
362.9728,-21.7939,-54.5007,0.000,NORMAL,1,ROUTE,,,,,T2_REVERSE_TO_FORWARD
363.0728,-21.8377,-54.5906,0.000,NORMAL,1,ROUTE,,,,,T2_REVERSE_TO_FORWARD
363.1728,-21.8817,-54.6804,0.000,NORMAL,1,ROUTE,,,,,T2_REVERSE_TO_FORWARD
363.2728,-21.9260,-54.7700,0.000,NORMAL,1,ROUTE,,,,,T2_REVERSE_TO_FORWARD
363.3728,-21.9704,-54.8596,0.000,NORMAL,1,ROUTE,,,,,T2_REVERSE_TO_FORWARD
363.4728,-22.0147,-54.9492,0.000,NORMAL,1,ROUTE,,,,,T2_REVERSE_TO_FORWARD
363.5727,-22.0589,-55.0389,0.000,NORMAL,1,ROUTE,,,,,T2_REVERSE_TO_FORWARD
363.6728,-22.1028,-55.1288,0.000,NORMAL,1,ROUTE,,,,,T2_REVERSE_TO_FORWARD
363.7727,-22.1462,-55.2188,0.000,NORMAL,1,ROUTE,,,,,T2_REVERSE_TO_FORWARD
363.8727,-22.1892,-55.3091,0.000,NORMAL,1,ROUTE,,,,,T2_REVERSE_TO_FORWARD
363.9727,-22.2316,-55.3996,0.000,NORMAL,1,ROUTE,,,,,T2_REVERSE_TO_FORWARD
364.0727,-22.2734,-55.4905,0.000,NORMAL,1,ROUTE,,,,,T2_REVERSE_TO_FORWARD
364.1727,-22.3148,-55.5815,0.000,NORMAL,1,ROUTE,,,,,T2_REVERSE_TO_FORWARD
364.2726,-22.3558,-55.6726,0.000,NORMAL,1,ROUTE,,,,,T2_REVERSE_TO_FORWARD
364.3726,-22.3967,-55.7639,0.000,NORMAL,1,ROUTE,,,,,T2_REVERSE_TO_FORWARD
364.4726,-22.4375,-55.8552,0.000,NORMAL,1,ROUTE,,,,,T2_REVERSE_TO_FORWARD
364.5725,-22.4785,-55.9463,0.000,NORMAL,1,ROUTE,,,,,T2_REVERSE_TO_FORWARD
364.6726,-22.5198,-56.0374,0.000,NORMAL,1,ROUTE,,,,,T2_REVERSE_TO_FORWARD
364.7726,-22.5615,-56.1283,0.000,NORMAL,1,ROUTE,,,,,T2_REVERSE_TO_FORWARD
364.8725,-22.6036,-56.2189,0.000,NORMAL,1,ROUTE,,,,,T2_REVERSE_TO_FORWARD
364.9725,-22.6463,-56.3094,0.000,NORMAL,1,ROUTE,,,,,T2_REVERSE_TO_FORWARD
365.0725,-22.6895,-56.3995,0.000,NORMAL,1,ROUTE,,,,,T2_REVERSE_TO_FORWARD
365.1725,-22.7332,-56.4895,0.000,NORMAL,1,ROUTE,,,,,T2_REVERSE_TO_FORWARD
365.2724,-22.7774,-56.5791,0.000,NORMAL,1,ROUTE,,,,,T2_REVERSE_TO_FORWARD
365.3725,-22.8221,-56.6686,0.000,NORMAL,1,ROUTE,,,,,T2_REVERSE_TO_FORWARD
365.4724,-22.8672,-56.7578,0.000,NORMAL,1,ROUTE,,,,,T2_REVERSE_TO_FORWARD
365.5724,-22.9128,-56.8468,0.000,NORMAL,1,ROUTE,,,,,T2_REVERSE_TO_FORWARD
365.6724,-22.9586,-56.9357,0.000,NORMAL,1,ROUTE,,,,,T2_REVERSE_TO_FORWARD
365.7723,-23.0048,-57.0243,0.000,NORMAL,1,ROUTE,,,,,T2_REVERSE_TO_FORWARD
365.8724,-23.0513,-57.1129,0.000,NORMAL,1,ROUTE,,,,,T2_REVERSE_TO_FORWARD
365.9723,-23.0979,-57.2013,0.000,NORMAL,1,ROUTE,,,,,T2_REVERSE_TO_FORWARD
366.0724,-23.1445,-57.2898,0.000,NORMAL,1,ROUTE,,,,,T2_REVERSE_TO_FORWARD
366.1723,-23.1911,-57.3782,0.000,NORMAL,1,ROUTE,,,,,T2_REVERSE_TO_FORWARD
366.2723,-23.2376,-57.4667,0.000,NORMAL,1,ROUTE,,,,,T2_REVERSE_TO_FORWARD
366.3722,-23.2839,-57.5553,0.000,NORMAL,1,ROUTE,,,,,T2_REVERSE_TO_FORWARD
366.4723,-23.3300,-57.6441,0.000,NORMAL,1,ROUTE,,,,,T2_REVERSE_TO_FORWARD
366.5723,-23.3758,-57.7330,0.000,NORMAL,1,ROUTE,,,,,T2_REVERSE_TO_FORWARD
366.6722,-23.4213,-57.8220,0.000,NORMAL,1,ROUTE,,,,,T2_REVERSE_TO_FORWARD
366.7722,-23.4665,-57.9111,0.000,NORMAL,1,ROUTE,,,,,T2_REVERSE_TO_FORWARD
366.8722,-23.5117,-58.0004,0.000,NORMAL,1,ROUTE,,,,,T2_REVERSE_TO_FORWARD
366.9721,-23.5567,-58.0896,0.000,NORMAL,1,ROUTE,,,,,T2_REVERSE_TO_FORWARD
367.0721,-23.6019,-58.1788,0.000,NORMAL,1,ROUTE,,,,,T2_REVERSE_TO_FORWARD
367.1722,-23.6472,-58.2680,0.000,NORMAL,1,ROUTE,,,,,T2_REVERSE_TO_FORWARD
367.2721,-23.6927,-58.3570,0.000,NORMAL,1,ROUTE,,,,,T2_REVERSE_TO_FORWARD
367.3721,-23.7387,-58.4457,0.000,NORMAL,1,ROUTE,,,,,T2_REVERSE_TO_FORWARD
367.4721,-23.7853,-58.5342,0.000,NORMAL,1,ROUTE,,,,,T2_REVERSE_TO_FORWARD
367.5721,-23.8325,-58.6224,0.000,NORMAL,1,ROUTE,,,,,T2_REVERSE_TO_FORWARD
367.6720,-23.8804,-58.7101,0.000,NORMAL,1,ROUTE,,,,,T2_REVERSE_TO_FORWARD
367.7720,-23.9291,-58.7974,0.000,NORMAL,1,ROUTE,,,,,T2_REVERSE_TO_FORWARD
367.8720,-23.9786,-58.8843,0.000,NORMAL,1,ROUTE,,,,,T2_REVERSE_TO_FORWARD
367.9720,-24.0290,-58.9707,0.000,NORMAL,1,ROUTE,,,,,T2_REVERSE_TO_FORWARD
368.0720,-24.0801,-59.0566,0.000,NORMAL,1,ROUTE,,,,,T2_REVERSE_TO_FORWARD
368.1719,-24.1320,-59.1420,0.000,NORMAL,1,ROUTE,,,,,T2_REVERSE_TO_FORWARD
368.2720,-24.1848,-59.2270,0.000,NORMAL,1,ROUTE,,,,,T2_REVERSE_TO_FORWARD
368.3719,-24.2383,-59.3114,0.000,NORMAL,1,ROUTE,,,,,T2_REVERSE_TO_FORWARD
368.4719,-24.2926,-59.3954,0.000,NORMAL,1,ROUTE,,,,,T2_REVERSE_TO_FORWARD
368.5719,-24.3475,-59.4789,0.000,NORMAL,1,ROUTE,,,,,T2_REVERSE_TO_FORWARD
368.6719,-24.4030,-59.5621,0.000,NORMAL,1,ROUTE,,,,,T2_REVERSE_TO_FORWARD
368.7719,-24.4589,-59.6450,0.000,NORMAL,1,ROUTE,,,,,T2_REVERSE_TO_FORWARD
368.8718,-24.5152,-59.7276,0.000,NORMAL,1,ROUTE,,,,,T2_REVERSE_TO_FORWARD
368.9718,-24.5717,-59.8101,0.000,NORMAL,1,ROUTE,,,,,T2_REVERSE_TO_FORWARD
369.0718,-24.6285,-59.8924,0.000,NORMAL,1,ROUTE,,,,,T2_REVERSE_TO_FORWARD
369.1718,-24.6855,-59.9745,0.000,NORMAL,1,ROUTE,,,,,T2_REVERSE_TO_FORWARD
369.2718,-24.7426,-60.0566,0.000,NORMAL,1,ROUTE,,,,,T2_REVERSE_TO_FORWARD
369.3717,-24.7999,-60.1385,0.000,NORMAL,1,ROUTE,,,,,T2_REVERSE_TO_FORWARD
369.4718,-24.8575,-60.2203,0.000,NORMAL,1,ROUTE,,,,,T2_REVERSE_TO_FORWARD
369.5718,-24.9154,-60.3018,0.000,NORMAL,1,ROUTE,,,,,T2_REVERSE_TO_FORWARD
369.6717,-24.9737,-60.3830,0.000,NORMAL,1,ROUTE,,,,,T2_REVERSE_TO_FORWARD
369.7716,-25.0325,-60.4638,0.000,NORMAL,1,ROUTE,,,,,T2_REVERSE_TO_FORWARD
369.8717,-25.0920,-60.5442,0.000,NORMAL,1,ROUTE,,,,,T2_REVERSE_TO_FORWARD
369.9717,-25.1523,-60.6240,0.000,NORMAL,1,ROUTE,,,,,T2_REVERSE_TO_FORWARD
370.0716,-25.2134,-60.7031,0.000,NORMAL,1,ROUTE,,,,,T2_REVERSE_TO_FORWARD
370.1717,-25.2754,-60.7816,0.000,NORMAL,1,ROUTE,,,,,T2_REVERSE_TO_FORWARD
370.2716,-25.3384,-60.8592,0.000,NORMAL,1,ROUTE,,,,,T2_REVERSE_TO_FORWARD
370.3716,-25.4023,-60.9361,0.000,NORMAL,1,ROUTE,,,,,T2_REVERSE_TO_FORWARD
370.4715,-25.4672,-61.0121,0.000,NORMAL,1,ROUTE,,,,,T2_REVERSE_TO_FORWARD
370.5716,-25.5333,-61.0872,0.000,NORMAL,1,ROUTE,,,,,T2_REVERSE_TO_FORWARD
370.6715,-25.6005,-61.1612,0.000,NORMAL,1,ROUTE,,,,,T2_REVERSE_TO_FORWARD
370.7715,-25.6689,-61.2341,0.000,NORMAL,1,ROUTE,,,,,T2_REVERSE_TO_FORWARD
370.8715,-25.7387,-61.3057,0.000,NORMAL,1,ROUTE,,,,,T2_REVERSE_TO_FORWARD
370.9715,-25.8098,-61.3760,0.000,NORMAL,1,ROUTE,,,,,T2_REVERSE_TO_FORWARD
371.0715,-25.8824,-61.4448,0.000,NORMAL,1,ROUTE,,,,,T2_REVERSE_TO_FORWARD
371.1715,-25.9563,-61.5121,0.000,NORMAL,1,ROUTE,,,,,T2_REVERSE_TO_FORWARD
371.2715,-26.0316,-61.5779,0.000,NORMAL,1,ROUTE,,,,,T2_REVERSE_TO_FORWARD
371.3714,-26.1081,-61.6422,0.000,NORMAL,1,ROUTE,,,,,T2_REVERSE_TO_FORWARD
371.4714,-26.1860,-61.7049,0.000,NORMAL,1,ROUTE,,,,,T2_REVERSE_TO_FORWARD
371.5713,-26.2651,-61.7660,0.000,NORMAL,1,ROUTE,,,,,T2_REVERSE_TO_FORWARD
371.6714,-26.3456,-61.8254,0.000,NORMAL,1,ROUTE,,,,,T2_REVERSE_TO_FORWARD
371.7713,-26.4272,-61.8831,0.000,NORMAL,1,ROUTE,,,,,T2_REVERSE_TO_FORWARD
371.8713,-26.5101,-61.9390,0.000,NORMAL,1,ROUTE,,,,,T2_REVERSE_TO_FORWARD
371.9713,-26.5942,-61.9931,0.000,NORMAL,1,ROUTE,,,,,T2_REVERSE_TO_FORWARD
372.0713,-26.6794,-62.0454,0.000,NORMAL,1,ROUTE,,,,,T2_REVERSE_TO_FORWARD
372.1713,-26.7657,-62.0960,0.000,NORMAL,1,ROUTE,,,,,T2_REVERSE_TO_FORWARD
372.2713,-26.8529,-62.1448,0.000,NORMAL,1,ROUTE,,,,,T2_REVERSE_TO_FORWARD
372.3712,-26.9410,-62.1920,0.000,NORMAL,1,ROUTE,,,,,T2_REVERSE_TO_FORWARD
372.4712,-27.0301,-62.2375,0.000,NORMAL,1,ROUTE,,,,,T2_REVERSE_TO_FORWARD
372.5712,-27.1200,-62.2812,0.000,NORMAL,1,ROUTE,,,,,T2_REVERSE_TO_FORWARD
372.6712,-27.2107,-62.3233,0.000,NORMAL,1,ROUTE,,,,,T2_REVERSE_TO_FORWARD
372.7712,-27.3022,-62.3636,0.000,NORMAL,1,ROUTE,,,,,T2_REVERSE_TO_FORWARD
372.8711,-27.3944,-62.4021,0.000,NORMAL,1,ROUTE,,,,,T2_REVERSE_TO_FORWARD
372.9711,-27.4874,-62.4389,0.000,NORMAL,1,ROUTE,,,,,T2_REVERSE_TO_FORWARD
373.0711,-27.5811,-62.4739,0.000,NORMAL,1,ROUTE,,,,,T2_REVERSE_TO_FORWARD
373.1711,-27.6754,-62.5070,0.000,NORMAL,1,ROUTE,,,,,T2_REVERSE_TO_FORWARD
373.2711,-27.7704,-62.5382,0.000,NORMAL,1,ROUTE,,,,,T2_REVERSE_TO_FORWARD
373.3711,-27.8661,-62.5672,0.000,NORMAL,1,ROUTE,,,,,T2_REVERSE_TO_FORWARD
373.4711,-27.9624,-62.5941,0.000,NORMAL,1,ROUTE,,,,,T2_REVERSE_TO_FORWARD
373.5710,-28.0593,-62.6187,0.000,NORMAL,1,ROUTE,,,,,T2_REVERSE_TO_FORWARD
373.6709,-28.1567,-62.6410,0.000,NORMAL,1,ROUTE,,,,,T2_REVERSE_TO_FORWARD
373.7709,-28.2546,-62.6614,0.000,NORMAL,1,ROUTE,,,,,T2_REVERSE_TO_FORWARD
373.8710,-28.3529,-62.6798,0.000,NORMAL,1,ROUTE,,,,,T2_REVERSE_TO_FORWARD
373.9709,-28.4514,-62.6966,0.000,NORMAL,1,ROUTE,,,,,T2_REVERSE_TO_FORWARD
374.0709,-28.5502,-62.7120,0.000,NORMAL,1,ROUTE,,,,,T2_REVERSE_TO_FORWARD
374.1709,-28.6492,-62.7260,0.000,NORMAL,1,ROUTE,,,,,T2_REVERSE_TO_FORWARD
374.2709,-28.7484,-62.7388,0.000,NORMAL,1,ROUTE,,,,,T2_REVERSE_TO_FORWARD
374.3709,-28.8477,-62.7506,0.000,NORMAL,1,ROUTE,,,,,T2_REVERSE_TO_FORWARD
374.4709,-28.9471,-62.7615,0.000,NORMAL,1,ROUTE,,,,,T2_REVERSE_TO_FORWARD
374.5709,-29.0466,-62.7715,0.000,NORMAL,1,ROUTE,,,,,T2_REVERSE_TO_FORWARD
374.6708,-29.1461,-62.7808,0.000,NORMAL,1,ROUTE,,,,,T2_REVERSE_TO_FORWARD
374.7708,-29.2457,-62.7893,0.000,NORMAL,1,ROUTE,,,,,T2_REVERSE_TO_FORWARD
374.8708,-29.3454,-62.7971,0.000,NORMAL,1,ROUTE,,,,,T2_REVERSE_TO_FORWARD
374.9707,-29.4451,-62.8041,0.000,NORMAL,1,ROUTE,,,,,T2_REVERSE_TO_FORWARD
375.0707,-29.5449,-62.8104,0.000,NORMAL,1,ROUTE,,,,,T2_REVERSE_TO_FORWARD
375.1708,-29.6448,-62.8158,0.000,NORMAL,1,ROUTE,,,,,T2_REVERSE_TO_FORWARD
375.2707,-29.7446,-62.8201,0.000,NORMAL,1,ROUTE,,,,,T2_REVERSE_TO_FORWARD
375.3707,-29.8446,-62.8234,0.000,NORMAL,1,ROUTE,,,,,T2_REVERSE_TO_FORWARD
375.4706,-29.9445,-62.8255,0.000,NORMAL,1,ROUTE,,,,,T2_REVERSE_TO_FORWARD
375.5706,-30.0445,-62.8263,0.000,NORMAL,1,ROUTE,,,,,T2_REVERSE_TO_FORWARD
375.6706,-30.1445,-62.8257,0.000,NORMAL,1,ROUTE,,,,,T2_REVERSE_TO_FORWARD
375.7707,-30.2445,-62.8235,0.000,NORMAL,1,ROUTE,,,,,T2_REVERSE_TO_FORWARD
375.8706,-30.3444,-62.8198,0.000,NORMAL,1,ROUTE,,,,,T2_REVERSE_TO_FORWARD
375.9706,-30.4442,-62.8143,0.000,NORMAL,1,ROUTE,,,,,T2_REVERSE_TO_FORWARD
376.0706,-30.5439,-62.8069,0.000,NORMAL,1,ROUTE,,,,,T2_REVERSE_TO_FORWARD
376.1705,-30.6434,-62.7975,0.000,NORMAL,1,ROUTE,,,,,T2_REVERSE_TO_FORWARD
376.2705,-30.7428,-62.7862,0.000,NORMAL,1,ROUTE,,,,,T2_REVERSE_TO_FORWARD
376.3705,-30.8419,-62.7730,0.000,NORMAL,1,ROUTE,,,,,T2_REVERSE_TO_FORWARD
376.4705,-30.9408,-62.7582,0.000,NORMAL,1,ROUTE,,,,,T2_REVERSE_TO_FORWARD
376.5705,-31.0394,-62.7418,0.000,NORMAL,1,ROUTE,,,,,T2_REVERSE_TO_FORWARD
376.6705,-31.1378,-62.7240,0.000,NORMAL,1,ROUTE,,,,,T2_REVERSE_TO_FORWARD
376.7705,-31.2360,-62.7051,0.000,NORMAL,1,ROUTE,,,,,T2_REVERSE_TO_FORWARD
376.8704,-31.3339,-62.6851,0.000,NORMAL,1,ROUTE,,,,,T2_REVERSE_TO_FORWARD
376.9704,-31.4317,-62.6643,0.000,NORMAL,1,ROUTE,,,,,T2_REVERSE_TO_FORWARD
377.0704,-31.5293,-62.6425,0.000,NORMAL,1,ROUTE,,,,,T2_REVERSE_TO_FORWARD
377.1704,-31.6267,-62.6200,0.000,NORMAL,1,ROUTE,,,,,T2_REVERSE_TO_FORWARD
377.2704,-31.7240,-62.5969,0.000,NORMAL,1,ROUTE,,,,,T2_REVERSE_TO_FORWARD
377.3704,-31.8211,-62.5730,0.000,NORMAL,1,ROUTE,,,,,T2_REVERSE_TO_FORWARD
377.4703,-31.9180,-62.5485,0.000,NORMAL,1,ROUTE,,,,,T2_REVERSE_TO_FORWARD
377.5703,-32.0148,-62.5233,0.000,NORMAL,1,ROUTE,,,,,T2_REVERSE_TO_FORWARD
377.6703,-32.1114,-62.4975,0.000,NORMAL,1,ROUTE,,,,,T2_REVERSE_TO_FORWARD
377.7703,-32.2078,-62.4709,0.000,NORMAL,1,ROUTE,,,,,T2_REVERSE_TO_FORWARD
377.8703,-32.3040,-62.4437,0.000,NORMAL,1,ROUTE,,,,,T2_REVERSE_TO_FORWARD
377.9703,-32.4000,-62.4158,0.000,NORMAL,1,ROUTE,,,,,T2_REVERSE_TO_FORWARD
378.0702,-32.4958,-62.3873,0.000,NORMAL,1,ROUTE,,,,,T2_REVERSE_TO_FORWARD
378.1702,-32.5914,-62.3581,0.000,NORMAL,1,ROUTE,,,,,T2_REVERSE_TO_FORWARD
378.2702,-32.6869,-62.3285,0.000,NORMAL,1,ROUTE,,,,,T2_REVERSE_TO_FORWARD
378.3702,-32.7823,-62.2984,0.000,NORMAL,1,ROUTE,,,,,T2_REVERSE_TO_FORWARD
378.4702,-32.8775,-62.2679,0.000,NORMAL,1,ROUTE,,,,,T2_REVERSE_TO_FORWARD
378.5701,-32.9726,-62.2370,0.000,NORMAL,1,ROUTE,,,,,T2_REVERSE_TO_FORWARD
378.6701,-33.0676,-62.2059,0.000,NORMAL,1,ROUTE,,,,,T2_REVERSE_TO_FORWARD
378.7701,-33.1625,-62.1745,0.000,NORMAL,1,ROUTE,,,,,T2_REVERSE_TO_FORWARD
378.8701,-33.2574,-62.1429,0.000,NORMAL,1,ROUTE,,,,,T2_REVERSE_TO_FORWARD
378.9701,-33.3522,-62.1111,0.000,NORMAL,1,ROUTE,,,,,T2_REVERSE_TO_FORWARD
379.0700,-33.4469,-62.0792,0.000,NORMAL,1,ROUTE,,,,,T2_REVERSE_TO_FORWARD
379.1700,-33.5416,-62.0472,0.000,NORMAL,1,ROUTE,,,,,T2_REVERSE_TO_FORWARD
379.2700,-33.6363,-62.0150,0.000,NORMAL,1,ROUTE,,,,,T2_REVERSE_TO_FORWARD
379.3700,-33.7310,-61.9828,0.000,NORMAL,1,ROUTE,,,,,T2_REVERSE_TO_FORWARD
379.4700,-33.8256,-61.9505,0.000,NORMAL,1,ROUTE,,,,,T2_REVERSE_TO_FORWARD
379.5700,-33.9202,-61.9181,0.000,NORMAL,1,ROUTE,,,,,T2_REVERSE_TO_FORWARD
379.6699,-34.0147,-61.8855,0.000,NORMAL,1,ROUTE,,,,,T2_REVERSE_TO_FORWARD
379.7699,-34.1092,-61.8528,0.000,NORMAL,1,ROUTE,,,,,T2_REVERSE_TO_FORWARD
379.8699,-34.2036,-61.8199,0.000,NORMAL,1,ROUTE,,,,,T2_REVERSE_TO_FORWARD
379.9699,-34.2979,-61.7867,0.000,NORMAL,1,ROUTE,,,,,T2_REVERSE_TO_FORWARD
380.0699,-34.3921,-61.7532,0.000,NORMAL,1,ROUTE,,,,,T2_REVERSE_TO_FORWARD
380.1699,-34.4862,-61.7193,0.000,NORMAL,1,ROUTE,,,,,T2_REVERSE_TO_FORWARD
380.2699,-34.5801,-61.6850,0.000,NORMAL,1,ROUTE,,,,,T2_REVERSE_TO_FORWARD
380.3698,-34.6738,-61.6501,0.000,NORMAL,1,ROUTE,,,,,T2_REVERSE_TO_FORWARD
380.4699,-34.7673,-61.6146,0.000,NORMAL,1,ROUTE,,,,,T2_REVERSE_TO_FORWARD
380.5698,-34.8604,-61.5783,0.000,NORMAL,1,ROUTE,,,,,T2_REVERSE_TO_FORWARD
380.6698,-34.9533,-61.5413,0.000,NORMAL,1,ROUTE,,,,,T2_REVERSE_TO_FORWARD
380.7698,-35.0458,-61.5033,0.000,NORMAL,1,ROUTE,,,,,T2_REVERSE_TO_FORWARD
380.8697,-35.1379,-61.4645,0.000,NORMAL,1,ROUTE,,,,,T2_REVERSE_TO_FORWARD
380.9698,-35.2297,-61.4247,0.000,NORMAL,1,ROUTE,,,,,T2_REVERSE_TO_FORWARD
381.0697,-35.3210,-61.3840,0.000,NORMAL,1,ROUTE,,,,,T2_REVERSE_TO_FORWARD
381.1697,-35.4119,-61.3424,0.000,NORMAL,1,ROUTE,,,,,T2_REVERSE_TO_FORWARD
381.2697,-35.5024,-61.2999,0.000,NORMAL,1,ROUTE,,,,,T2_REVERSE_TO_FORWARD
381.3696,-35.5925,-61.2567,0.000,NORMAL,1,ROUTE,,,,,T2_REVERSE_TO_FORWARD
381.4696,-35.6824,-61.2129,0.000,NORMAL,1,ROUTE,,,,,T2_REVERSE_TO_FORWARD
381.5696,-35.7721,-61.1688,0.000,NORMAL,1,ROUTE,,,,,T2_REVERSE_TO_FORWARD
381.6696,-35.8617,-61.1244,0.000,NORMAL,1,ROUTE,,,,,T2_REVERSE_TO_FORWARD
381.7696,-35.9513,-61.0800,0.000,NORMAL,1,ROUTE,,,,,T2_REVERSE_TO_FORWARD
381.8696,-36.0410,-61.0358,0.000,NORMAL,1,ROUTE,,,,,T2_REVERSE_TO_FORWARD
381.9696,-36.1309,-60.9920,0.000,NORMAL,1,ROUTE,,,,,T2_REVERSE_TO_FORWARD
382.0695,-36.2210,-60.9487,0.000,NORMAL,1,ROUTE,,,,,T2_REVERSE_TO_FORWARD
382.1695,-36.3115,-60.9062,0.000,NORMAL,1,ROUTE,,,,,T2_REVERSE_TO_FORWARD
382.2695,-36.4025,-60.8647,0.000,NORMAL,1,ROUTE,,,,,T2_REVERSE_TO_FORWARD
382.3695,-36.4939,-60.8243,0.000,NORMAL,1,ROUTE,,,,,T2_REVERSE_TO_FORWARD
382.4694,-36.5859,-60.7852,0.000,NORMAL,1,ROUTE,,,,,T2_REVERSE_TO_FORWARD
382.5694,-36.6785,-60.7475,0.000,NORMAL,1,ROUTE,,,,,T2_REVERSE_TO_FORWARD
382.6695,-36.7717,-60.7111,0.000,NORMAL,1,ROUTE,,,,,T2_REVERSE_TO_FORWARD
382.7694,-36.8653,-60.6760,0.000,NORMAL,1,ROUTE,,,,,T2_REVERSE_TO_FORWARD
382.8694,-36.9593,-60.6419,0.000,NORMAL,1,ROUTE,,,,,T2_REVERSE_TO_FORWARD
382.9694,-37.0536,-60.6088,0.000,NORMAL,1,ROUTE,,,,,T2_REVERSE_TO_FORWARD
383.0694,-37.1482,-60.5763,0.000,NORMAL,1,ROUTE,,,,,T2_REVERSE_TO_FORWARD
383.1694,-37.2429,-60.5442,0.000,NORMAL,1,ROUTE,,,,,T2_REVERSE_TO_FORWARD
383.2693,-37.3376,-60.5123,0.000,NORMAL,1,ROUTE,,,,,T2_REVERSE_TO_FORWARD
383.3693,-37.4323,-60.4802,0.000,NORMAL,1,ROUTE,,,,,T2_REVERSE_TO_FORWARD
383.4693,-37.5269,-60.4479,0.000,NORMAL,1,ROUTE,,,,,T2_REVERSE_TO_FORWARD
383.5692,-37.6213,-60.4150,0.000,NORMAL,1,ROUTE,,,,,T2_REVERSE_TO_FORWARD
383.6692,-37.7155,-60.3814,0.000,NORMAL,1,ROUTE,,,,,T2_REVERSE_TO_FORWARD
383.7692,-37.8094,-60.3470,0.000,NORMAL,1,ROUTE,,,,,T2_REVERSE_TO_FORWARD
383.8692,-37.9030,-60.3119,0.000,NORMAL,1,ROUTE,,,,,T2_REVERSE_TO_FORWARD
383.9692,-37.9963,-60.2760,0.000,NORMAL,1,ROUTE,,,,,T2_REVERSE_TO_FORWARD
384.0692,-38.0894,-60.2395,0.000,NORMAL,1,ROUTE,,,,,T2_REVERSE_TO_FORWARD
384.1692,-38.1823,-60.2024,0.000,NORMAL,1,ROUTE,,,,,T2_REVERSE_TO_FORWARD
384.2691,-38.2749,-60.1648,0.000,NORMAL,1,ROUTE,,,,,T2_REVERSE_TO_FORWARD
384.3691,-38.3674,-60.1269,0.000,NORMAL,1,ROUTE,,,,,T2_REVERSE_TO_FORWARD
384.4691,-38.4598,-60.0886,0.000,NORMAL,1,ROUTE,,,,,T2_REVERSE_TO_FORWARD
384.5691,-38.5520,-60.0500,0.000,NORMAL,1,ROUTE,,,,,T2_REVERSE_TO_FORWARD
384.6691,-38.6441,-60.0111,0.000,NORMAL,1,ROUTE,,,,,T2_REVERSE_TO_FORWARD
384.7691,-38.7360,-59.9717,0.000,NORMAL,1,ROUTE,,,,,T2_REVERSE_TO_FORWARD
384.8690,-38.8277,-59.9319,0.000,NORMAL,1,ROUTE,,,,,T2_REVERSE_TO_FORWARD
384.9690,-38.9192,-59.8916,0.000,NORMAL,1,ROUTE,,,,,T2_REVERSE_TO_FORWARD
385.0690,-39.0104,-59.8506,0.000,NORMAL,1,ROUTE,,,,,T2_REVERSE_TO_FORWARD
385.1690,-39.1013,-59.8088,0.000,NORMAL,1,ROUTE,,,,,T2_REVERSE_TO_FORWARD
385.2690,-39.1918,-59.7663,0.000,NORMAL,1,ROUTE,,,,,T2_REVERSE_TO_FORWARD
385.3689,-39.2818,-59.7229,0.000,NORMAL,1,ROUTE,,,,,T2_REVERSE_TO_FORWARD
385.4689,-39.3715,-59.6788,0.000,NORMAL,1,ROUTE,,,,,T2_REVERSE_TO_FORWARD
385.5689,-39.4609,-59.6339,0.000,NORMAL,1,ROUTE,,,,,T2_REVERSE_TO_FORWARD
385.6689,-39.5500,-59.5886,0.000,NORMAL,1,ROUTE,,,,,T2_REVERSE_TO_FORWARD
385.7689,-39.6390,-59.5430,0.000,NORMAL,1,ROUTE,,,,,T2_REVERSE_TO_FORWARD
385.8689,-39.7279,-59.4972,0.000,NORMAL,1,ROUTE,,,,,T2_REVERSE_TO_FORWARD
385.9688,-39.8168,-59.4516,0.000,NORMAL,1,ROUTE,,,,,T2_REVERSE_TO_FORWARD
386.0689,-39.9060,-59.4063,0.000,NORMAL,1,ROUTE,,,,,T2_REVERSE_TO_FORWARD
386.1689,-39.9953,-59.3613,0.000,NORMAL,1,ROUTE,,,,,T2_REVERSE_TO_FORWARD
386.2688,-40.0848,-59.3169,0.000,NORMAL,1,ROUTE,,,,,T2_REVERSE_TO_FORWARD
386.3688,-40.1746,-59.2729,0.000,NORMAL,1,ROUTE,,,,,T2_REVERSE_TO_FORWARD
386.4687,-40.2647,-59.2296,0.000,NORMAL,1,ROUTE,,,,,T2_REVERSE_TO_FORWARD
386.5687,-40.3551,-59.1868,0.000,NORMAL,1,ROUTE,,,,,T2_REVERSE_TO_FORWARD
386.6687,-40.4458,-59.1447,0.000,NORMAL,1,ROUTE,,,,,T2_REVERSE_TO_FORWARD
386.7687,-40.5367,-59.1031,0.000,NORMAL,1,ROUTE,,,,,T2_REVERSE_TO_FORWARD
386.8687,-40.6279,-59.0622,0.000,NORMAL,1,ROUTE,,,,,T2_REVERSE_TO_FORWARD
386.9687,-40.7194,-59.0218,0.000,NORMAL,1,ROUTE,,,,,T2_REVERSE_TO_FORWARD
387.0687,-40.8111,-58.9819,0.000,NORMAL,1,ROUTE,,,,,T2_REVERSE_TO_FORWARD
387.1687,-40.9030,-58.9425,0.000,NORMAL,1,ROUTE,,,,,T2_REVERSE_TO_FORWARD
387.2687,-40.9951,-58.9035,0.000,NORMAL,1,ROUTE,,,,,T2_REVERSE_TO_FORWARD
387.3686,-41.0873,-58.8649,0.000,NORMAL,1,ROUTE,,,,,T2_REVERSE_TO_FORWARD
387.4686,-41.1796,-58.8265,0.000,NORMAL,1,ROUTE,,,,,T2_REVERSE_TO_FORWARD
387.5686,-41.2720,-58.7883,0.000,NORMAL,1,ROUTE,,,,,T2_REVERSE_TO_FORWARD
387.6686,-41.3645,-58.7503,0.000,NORMAL,1,ROUTE,,,,,T2_REVERSE_TO_FORWARD
387.7685,-41.4570,-58.7125,0.000,NORMAL,1,ROUTE,,,,,T2_REVERSE_TO_FORWARD
387.8685,-41.5496,-58.6747,0.000,NORMAL,1,ROUTE,,,,,T2_REVERSE_TO_FORWARD
387.9685,-41.6422,-58.6370,0.000,NORMAL,1,ROUTE,,,,,T2_REVERSE_TO_FORWARD
388.0685,-41.7347,-58.5992,0.000,NORMAL,1,ROUTE,,,,,T2_REVERSE_TO_FORWARD
388.1685,-41.8273,-58.5613,0.000,NORMAL,1,ROUTE,,,,,T2_REVERSE_TO_FORWARD
388.2685,-41.9198,-58.5233,0.000,NORMAL,1,ROUTE,,,,,T2_REVERSE_TO_FORWARD
388.3685,-42.0122,-58.4851,0.000,NORMAL,1,ROUTE,,,,,T2_REVERSE_TO_FORWARD
388.4684,-42.1044,-58.4466,0.000,NORMAL,1,ROUTE,,,,,T2_REVERSE_TO_FORWARD
388.5684,-42.1965,-58.4077,0.000,NORMAL,1,ROUTE,,,,,T2_REVERSE_TO_FORWARD
388.6684,-42.2885,-58.3684,0.000,NORMAL,1,ROUTE,,,,,T2_REVERSE_TO_FORWARD
388.7684,-42.3802,-58.3286,0.000,NORMAL,1,ROUTE,,,,,T2_REVERSE_TO_FORWARD
388.8683,-42.4716,-58.2882,0.000,NORMAL,1,ROUTE,,,,,T2_REVERSE_TO_FORWARD
388.9684,-42.5628,-58.2471,0.000,NORMAL,1,ROUTE,,,,,T2_REVERSE_TO_FORWARD
389.0684,-42.6536,-58.2052,0.000,NORMAL,1,ROUTE,,,,,T2_REVERSE_TO_FORWARD
389.1683,-42.7440,-58.1626,0.000,NORMAL,1,ROUTE,,,,,T2_REVERSE_TO_FORWARD
389.2683,-42.8341,-58.1193,0.000,NORMAL,1,ROUTE,,,,,T2_REVERSE_TO_FORWARD
389.3683,-42.9238,-58.0751,0.000,NORMAL,1,ROUTE,,,,,T2_REVERSE_TO_FORWARD
389.4683,-43.0131,-58.0300,0.000,NORMAL,1,ROUTE,,,,,T2_REVERSE_TO_FORWARD
389.5683,-43.1019,-57.9841,0.000,NORMAL,1,ROUTE,,,,,T2_REVERSE_TO_FORWARD
389.6682,-43.1903,-57.9374,0.000,NORMAL,1,ROUTE,,,,,T2_REVERSE_TO_FORWARD
389.7682,-43.2782,-57.8897,0.000,NORMAL,1,ROUTE,,,,,T2_REVERSE_TO_FORWARD
389.8682,-43.3656,-57.8412,0.000,NORMAL,1,ROUTE,,,,,T2_REVERSE_TO_FORWARD
389.9682,-43.4526,-57.7920,0.000,NORMAL,1,ROUTE,,,,,T2_REVERSE_TO_FORWARD
390.0682,-43.5393,-57.7421,0.000,NORMAL,1,ROUTE,,,,,T2_REVERSE_TO_FORWARD
390.1681,-43.6256,-57.6917,0.000,NORMAL,1,ROUTE,,,,,T2_REVERSE_TO_FORWARD
390.2681,-43.7117,-57.6408,0.000,NORMAL,1,ROUTE,,,,,T2_REVERSE_TO_FORWARD
390.3681,-43.7975,-57.5895,0.000,NORMAL,1,ROUTE,,,,,T2_REVERSE_TO_FORWARD
390.4681,-43.8832,-57.5379,0.000,NORMAL,1,ROUTE,,,,,T2_REVERSE_TO_FORWARD
390.5681,-43.9686,-57.4860,0.000,NORMAL,1,ROUTE,,,,,T2_REVERSE_TO_FORWARD
390.6681,-44.0539,-57.4338,0.000,NORMAL,1,ROUTE,,,,,T2_REVERSE_TO_FORWARD
390.7680,-44.1390,-57.3814,0.000,NORMAL,1,ROUTE,,,,,T2_REVERSE_TO_FORWARD
390.8681,-44.2239,-57.3285,0.000,NORMAL,1,ROUTE,,,,,T2_REVERSE_TO_FORWARD
390.9680,-44.3085,-57.2753,0.000,NORMAL,1,ROUTE,,,,,T2_REVERSE_TO_FORWARD
391.0680,-44.3928,-57.2215,0.000,NORMAL,1,ROUTE,,,,,T2_REVERSE_TO_FORWARD
391.1679,-44.4767,-57.1672,0.000,NORMAL,1,ROUTE,,,,,T2_REVERSE_TO_FORWARD
391.2680,-44.5602,-57.1121,0.000,NORMAL,1,ROUTE,,,,,T2_REVERSE_TO_FORWARD
391.3680,-44.6431,-57.0562,0.000,NORMAL,1,ROUTE,,,,,T2_REVERSE_TO_FORWARD
391.4679,-44.7253,-56.9993,0.000,NORMAL,1,ROUTE,,,,,T2_REVERSE_TO_FORWARD
391.5679,-44.8066,-56.9411,0.000,NORMAL,1,ROUTE,,,,,T2_REVERSE_TO_FORWARD
391.6679,-44.8869,-56.8815,0.000,NORMAL,1,ROUTE,,,,,T2_REVERSE_TO_FORWARD
391.7678,-44.9658,-56.8202,0.000,NORMAL,1,ROUTE,,,,,T2_REVERSE_TO_FORWARD
391.8678,-45.0432,-56.7569,0.000,NORMAL,1,ROUTE,,,,,T2_REVERSE_TO_FORWARD
391.9678,-45.1187,-56.6914,0.000,NORMAL,1,ROUTE,,,,,T2_REVERSE_TO_FORWARD
392.0678,-45.1921,-56.6234,0.000,NORMAL,1,ROUTE,,,,,T2_REVERSE_TO_FORWARD
392.1678,-45.2629,-56.5529,0.000,NORMAL,1,ROUTE,,,,,T2_REVERSE_TO_FORWARD
392.2678,-45.3312,-56.4798,0.000,NORMAL,1,ROUTE,,,,,T2_REVERSE_TO_FORWARD
392.3677,-45.3967,-56.4043,0.000,NORMAL,1,ROUTE,,,,,T2_REVERSE_TO_FORWARD
392.4677,-45.4595,-56.3266,0.000,NORMAL,1,ROUTE,,,,,T2_REVERSE_TO_FORWARD
392.5677,-45.5197,-56.2467,0.000,NORMAL,1,ROUTE,,,,,T2_REVERSE_TO_FORWARD
392.6677,-45.5772,-56.1649,0.000,NORMAL,1,ROUTE,,,,,T2_REVERSE_TO_FORWARD
392.7676,-45.6320,-56.0813,0.000,NORMAL,1,ROUTE,,,,,T2_REVERSE_TO_FORWARD
392.8676,-45.6840,-55.9959,0.000,NORMAL,1,ROUTE,,,,,T2_REVERSE_TO_FORWARD
392.9676,-45.7332,-55.9089,0.000,NORMAL,1,ROUTE,,,,,T2_REVERSE_TO_FORWARD
393.0675,-45.7795,-55.8203,0.000,NORMAL,1,ROUTE,,,,,T2_REVERSE_TO_FORWARD
393.1676,-45.8227,-55.7301,0.000,NORMAL,1,ROUTE,,,,,T2_REVERSE_TO_FORWARD
393.2675,-45.8629,-55.6386,0.000,NORMAL,1,ROUTE,,,,,T2_REVERSE_TO_FORWARD
393.3675,-45.9002,-55.5458,0.000,NORMAL,1,ROUTE,,,,,T2_REVERSE_TO_FORWARD
393.4675,-45.9347,-55.4520,0.000,NORMAL,1,ROUTE,,,,,T2_REVERSE_TO_FORWARD
393.5675,-45.9667,-55.3572,0.000,NORMAL,1,ROUTE,,,,,T2_REVERSE_TO_FORWARD
393.6675,-45.9963,-55.2617,0.000,NORMAL,1,ROUTE,,,,,T2_REVERSE_TO_FORWARD
393.7674,-46.0238,-55.1656,0.000,NORMAL,1,ROUTE,,,,,T2_REVERSE_TO_FORWARD
393.8675,-46.0493,-55.0689,0.000,NORMAL,1,ROUTE,,,,,T2_REVERSE_TO_FORWARD
393.9674,-46.0729,-54.9718,0.000,NORMAL,1,ROUTE,,,,,T2_REVERSE_TO_FORWARD
394.0674,-46.0948,-54.8742,0.000,NORMAL,1,ROUTE,,,,,T2_REVERSE_TO_FORWARD
394.1674,-46.1152,-54.7763,0.000,NORMAL,1,ROUTE,,,,,T2_REVERSE_TO_FORWARD
394.2673,-46.1342,-54.6782,0.000,NORMAL,1,ROUTE,,,,,T2_REVERSE_TO_FORWARD
394.3673,-46.1521,-54.5798,0.000,NORMAL,1,ROUTE,,,,,T2_REVERSE_TO_FORWARD
394.4673,-46.1689,-54.4813,0.000,NORMAL,1,ROUTE,,,,,T2_REVERSE_TO_FORWARD
394.5673,-46.1849,-54.3826,0.000,NORMAL,1,ROUTE,,,,,T2_REVERSE_TO_FORWARD
394.6673,-46.2001,-54.2837,0.000,NORMAL,1,ROUTE,,,,,T2_REVERSE_TO_FORWARD
394.7673,-46.2145,-54.1848,0.000,NORMAL,1,ROUTE,,,,,T2_REVERSE_TO_FORWARD
394.8672,-46.2282,-54.0858,0.000,NORMAL,1,ROUTE,,,,,T2_REVERSE_TO_FORWARD
394.9672,-46.2411,-53.9866,0.000,NORMAL,1,ROUTE,,,,,T2_REVERSE_TO_FORWARD
395.0672,-46.2531,-53.8874,0.000,NORMAL,1,ROUTE,,,,,T2_REVERSE_TO_FORWARD
395.1672,-46.2642,-53.7880,0.000,NORMAL,1,ROUTE,,,,,T2_REVERSE_TO_FORWARD
395.2672,-46.2742,-53.6885,0.000,NORMAL,1,ROUTE,,,,,T2_REVERSE_TO_FORWARD
395.3672,-46.2828,-53.5889,0.000,NORMAL,1,ROUTE,,,,,T2_REVERSE_TO_FORWARD
395.4671,-46.2900,-53.4892,0.000,NORMAL,1,ROUTE,,,,,T2_REVERSE_TO_FORWARD
395.5672,-46.2956,-53.3893,0.000,NORMAL,1,ROUTE,,,,,T2_REVERSE_TO_FORWARD
395.6671,-46.2994,-53.2894,0.000,NORMAL,1,ROUTE,,,,,T2_REVERSE_TO_FORWARD
395.7671,-46.3015,-53.1895,0.000,NORMAL,1,ROUTE,,,,,T2_REVERSE_TO_FORWARD
395.8671,-46.3018,-53.0895,0.000,NORMAL,1,ROUTE,,,,,T2_REVERSE_TO_FORWARD
395.9671,-46.3003,-52.9895,0.000,NORMAL,1,ROUTE,,,,,T2_REVERSE_TO_FORWARD
396.0670,-46.2971,-52.8896,0.000,NORMAL,1,ROUTE,,,,,T2_REVERSE_TO_FORWARD
396.1670,-46.2923,-52.7897,0.000,NORMAL,1,ROUTE,,,,,T2_REVERSE_TO_FORWARD
396.2670,-46.2857,-52.6900,0.000,NORMAL,1,ROUTE,,,,,T2_REVERSE_TO_FORWARD
396.3670,-46.2774,-52.5903,0.000,NORMAL,1,ROUTE,,,,,T2_REVERSE_TO_FORWARD
396.4670,-46.2676,-52.4908,0.000,NORMAL,1,ROUTE,,,,,T2_REVERSE_TO_FORWARD
396.5669,-46.2563,-52.3915,0.000,NORMAL,1,ROUTE,,,,,T2_REVERSE_TO_FORWARD
396.6669,-46.2436,-52.2923,0.000,NORMAL,1,ROUTE,,,,,T2_REVERSE_TO_FORWARD
396.7669,-46.2296,-52.1933,0.000,NORMAL,1,ROUTE,,,,,T2_REVERSE_TO_FORWARD
396.8669,-46.2143,-52.0945,0.000,NORMAL,1,ROUTE,,,,,T2_REVERSE_TO_FORWARD
396.9669,-46.1977,-51.9959,0.000,NORMAL,1,ROUTE,,,,,T2_REVERSE_TO_FORWARD
397.0669,-46.1798,-51.8975,0.000,NORMAL,1,ROUTE,,,,,T2_REVERSE_TO_FORWARD
397.1669,-46.1605,-51.7994,0.000,NORMAL,1,ROUTE,,,,,T2_REVERSE_TO_FORWARD
397.2669,-46.1398,-51.7016,0.000,NORMAL,1,ROUTE,,,,,T2_REVERSE_TO_FORWARD
397.3668,-46.1175,-51.6042,0.000,NORMAL,1,ROUTE,,,,,T2_REVERSE_TO_FORWARD
397.4668,-46.0938,-51.5070,0.000,NORMAL,1,ROUTE,,,,,T2_REVERSE_TO_FORWARD
397.5667,-46.0686,-51.4103,0.000,NORMAL,1,ROUTE,,,,,T2_REVERSE_TO_FORWARD
397.6667,-46.0421,-51.3139,0.000,NORMAL,1,ROUTE,,,,,T2_REVERSE_TO_FORWARD
397.7667,-46.0145,-51.2178,0.000,NORMAL,1,ROUTE,,,,,T2_REVERSE_TO_FORWARD
397.8667,-45.9858,-51.1220,0.000,NORMAL,1,ROUTE,,,,,T2_REVERSE_TO_FORWARD
397.9667,-45.9564,-51.0264,0.000,NORMAL,1,ROUTE,,,,,T2_REVERSE_TO_FORWARD
398.0667,-45.9263,-50.9311,0.000,NORMAL,1,ROUTE,,,,,T2_REVERSE_TO_FORWARD
398.1666,-45.8958,-50.8359,0.000,NORMAL,1,ROUTE,,,,,T2_REVERSE_TO_FORWARD
398.2666,-45.8649,-50.7408,0.000,NORMAL,1,ROUTE,,,,,T2_REVERSE_TO_FORWARD
398.3666,-45.8337,-50.6458,0.000,NORMAL,1,ROUTE,,,,,T2_REVERSE_TO_FORWARD
398.4667,-45.8024,-50.5508,0.000,NORMAL,1,ROUTE,,,,,T2_REVERSE_TO_FORWARD
398.5666,-45.7710,-50.4559,0.000,NORMAL,1,ROUTE,,,,,T2_REVERSE_TO_FORWARD
398.6665,-45.7394,-50.3611,0.000,NORMAL,1,ROUTE,,,,,T2_REVERSE_TO_FORWARD
398.7666,-45.7078,-50.2662,0.000,NORMAL,1,ROUTE,,,,,T2_REVERSE_TO_FORWARD
398.8666,-45.6760,-50.1714,0.000,NORMAL,1,ROUTE,,,,,T2_REVERSE_TO_FORWARD
398.9665,-45.6440,-50.0767,0.000,NORMAL,1,ROUTE,,,,,T2_REVERSE_TO_FORWARD
399.0665,-45.6117,-49.9821,0.000,NORMAL,1,ROUTE,,,,,T2_REVERSE_TO_FORWARD
399.1665,-45.5790,-49.8876,0.000,NORMAL,1,ROUTE,,,,,T2_REVERSE_TO_FORWARD
399.2665,-45.5458,-49.7932,0.000,NORMAL,1,ROUTE,,,,,T2_REVERSE_TO_FORWARD
399.3665,-45.5122,-49.6991,0.000,NORMAL,1,ROUTE,,,,,T2_REVERSE_TO_FORWARD
399.4664,-45.4779,-49.6052,0.000,NORMAL,1,ROUTE,,,,,T2_REVERSE_TO_FORWARD
399.5664,-45.4432,-49.5114,0.000,NORMAL,1,ROUTE,,,,,T2_REVERSE_TO_FORWARD
399.6664,-45.4078,-49.4179,0.000,NORMAL,1,ROUTE,,,,,T2_REVERSE_TO_FORWARD
399.7664,-45.3720,-49.3246,0.000,NORMAL,1,ROUTE,,,,,T2_REVERSE_TO_FORWARD
399.8664,-45.3356,-49.2314,0.000,NORMAL,1,ROUTE,,,,,T2_REVERSE_TO_FORWARD
399.9663,-45.2988,-49.1385,0.000,NORMAL,1,ROUTE,,,,,T2_REVERSE_TO_FORWARD
400.0663,-45.2616,-49.0457,0.000,NORMAL,1,ROUTE,,,,,T2_REVERSE_TO_FORWARD
400.1663,-45.2240,-48.9530,0.000,NORMAL,1,ROUTE,,,,,T2_REVERSE_TO_FORWARD
400.2663,-45.1861,-48.8605,0.000,NORMAL,1,ROUTE,,,,,T2_REVERSE_TO_FORWARD
400.3663,-45.1478,-48.7681,0.000,NORMAL,1,ROUTE,,,,,T2_REVERSE_TO_FORWARD
400.4662,-45.1093,-48.6759,0.000,NORMAL,1,ROUTE,,,,,T2_REVERSE_TO_FORWARD
400.5662,-45.0706,-48.5837,0.000,NORMAL,1,ROUTE,,,,,T2_REVERSE_TO_FORWARD
400.6663,-45.0316,-48.4916,0.000,NORMAL,1,ROUTE,,,,,T2_REVERSE_TO_FORWARD
400.7662,-44.9925,-48.3996,0.000,NORMAL,1,ROUTE,,,,,T2_REVERSE_TO_FORWARD
400.8662,-44.9533,-48.3076,0.000,NORMAL,1,ROUTE,,,,,T2_REVERSE_TO_FORWARD
400.9662,-44.9140,-48.2157,0.000,NORMAL,1,ROUTE,,,,,T2_REVERSE_TO_FORWARD
401.0662,-44.8746,-48.1238,0.000,NORMAL,1,ROUTE,,,,,T2_REVERSE_TO_FORWARD
401.1662,-44.8351,-48.0319,0.000,NORMAL,1,ROUTE,,,,,T2_REVERSE_TO_FORWARD
401.2662,-44.7957,-47.9400,0.000,NORMAL,1,ROUTE,,,,,T2_REVERSE_TO_FORWARD
401.3662,-44.7563,-47.8481,0.000,NORMAL,1,ROUTE,,,,,T2_REVERSE_TO_FORWARD
401.4661,-44.7170,-47.7562,0.000,NORMAL,1,ROUTE,,,,,T2_REVERSE_TO_FORWARD
401.5661,-44.6778,-47.6642,0.000,NORMAL,1,ROUTE,,,,,T2_REVERSE_TO_FORWARD
401.6661,-44.6388,-47.5722,0.000,NORMAL,1,ROUTE,,,,,T2_REVERSE_TO_FORWARD
401.7661,-44.6000,-47.4800,0.000,NORMAL,1,ROUTE,,,,,T2_REVERSE_TO_FORWARD
401.8660,-44.5614,-47.3878,0.000,NORMAL,1,ROUTE,,,,,T2_REVERSE_TO_FORWARD
401.9661,-44.5231,-47.2954,0.000,NORMAL,1,ROUTE,,,,,T2_REVERSE_TO_FORWARD
402.0660,-44.4851,-47.2030,0.000,NORMAL,1,ROUTE,,,,,T2_REVERSE_TO_FORWARD
402.1659,-44.4474,-47.1104,0.000,NORMAL,1,ROUTE,,,,,T2_REVERSE_TO_FORWARD
402.2660,-44.4101,-47.0176,0.000,NORMAL,1,ROUTE,,,,,T2_REVERSE_TO_FORWARD
402.3659,-44.3732,-46.9247,0.000,NORMAL,1,ROUTE,,,,,T2_REVERSE_TO_FORWARD
402.4659,-44.3367,-46.8316,0.000,NORMAL,1,ROUTE,,,,,T2_REVERSE_TO_FORWARD
402.5659,-44.3007,-46.7383,0.000,NORMAL,1,ROUTE,,,,,T2_REVERSE_TO_FORWARD
402.6658,-44.2652,-46.6449,0.000,NORMAL,1,ROUTE,,,,,T2_REVERSE_TO_FORWARD
402.7659,-44.2302,-46.5512,0.000,NORMAL,1,ROUTE,,,,,T2_REVERSE_TO_FORWARD
402.8658,-44.1957,-46.4574,0.000,NORMAL,1,ROUTE,,,,,T2_REVERSE_TO_FORWARD
402.9659,-44.1616,-46.3633,0.000,NORMAL,1,ROUTE,,,,,T2_REVERSE_TO_FORWARD
403.0658,-44.1280,-46.2692,0.000,NORMAL,1,ROUTE,,,,,T2_REVERSE_TO_FORWARD
403.1658,-44.0947,-46.1749,0.000,NORMAL,1,ROUTE,,,,,T2_REVERSE_TO_FORWARD
403.2658,-44.0616,-46.0806,0.000,NORMAL,1,ROUTE,,,,,T2_REVERSE_TO_FORWARD
403.3658,-44.0287,-45.9861,0.000,NORMAL,1,ROUTE,,,,,T2_REVERSE_TO_FORWARD
403.4658,-43.9959,-45.8917,0.000,NORMAL,1,ROUTE,,,,,T2_REVERSE_TO_FORWARD
403.5657,-43.9630,-45.7973,0.000,NORMAL,1,ROUTE,,,,,T2_REVERSE_TO_FORWARD
403.6657,-43.9301,-45.7029,0.000,NORMAL,1,ROUTE,,,,,T2_REVERSE_TO_FORWARD
403.7657,-43.8969,-45.6086,0.000,NORMAL,1,ROUTE,,,,,T2_REVERSE_TO_FORWARD
403.8657,-43.8633,-45.5144,0.000,NORMAL,1,ROUTE,,,,,T2_REVERSE_TO_FORWARD
403.9657,-43.8295,-45.4203,0.000,NORMAL,1,ROUTE,,,,,T2_REVERSE_TO_FORWARD
404.0657,-43.7951,-45.3264,0.000,NORMAL,1,ROUTE,,,,,T2_REVERSE_TO_FORWARD
404.1657,-43.7602,-45.2327,0.000,NORMAL,1,ROUTE,,,,,T2_REVERSE_TO_FORWARD
404.2657,-43.7247,-45.1392,0.000,NORMAL,1,ROUTE,,,,,T2_REVERSE_TO_FORWARD
404.3656,-43.6886,-45.0460,0.000,NORMAL,1,ROUTE,,,,,T2_REVERSE_TO_FORWARD
404.4656,-43.6517,-44.9531,0.000,NORMAL,1,ROUTE,,,,,T2_REVERSE_TO_FORWARD
404.5656,-43.6141,-44.8604,0.000,NORMAL,1,ROUTE,,,,,T2_REVERSE_TO_FORWARD
404.6656,-43.5758,-44.7681,0.000,NORMAL,1,ROUTE,,,,,T2_REVERSE_TO_FORWARD
404.7655,-43.5367,-44.6761,0.000,NORMAL,1,ROUTE,,,,,T2_REVERSE_TO_FORWARD
404.8655,-43.4970,-44.5843,0.000,NORMAL,1,ROUTE,,,,,T2_REVERSE_TO_FORWARD
404.9655,-43.4569,-44.4927,0.000,NORMAL,1,ROUTE,,,,,T2_REVERSE_TO_FORWARD
405.0655,-43.4164,-44.4013,0.000,NORMAL,1,ROUTE,,,,,T2_REVERSE_TO_FORWARD
405.1655,-43.3757,-44.3100,0.000,NORMAL,1,ROUTE,,,,,T2_REVERSE_TO_FORWARD
405.2655,-43.3349,-44.2187,0.000,NORMAL,1,ROUTE,,,,,T2_REVERSE_TO_FORWARD
405.3655,-43.2941,-44.1274,0.000,NORMAL,1,ROUTE,,,,,T2_REVERSE_TO_FORWARD
405.4654,-43.2534,-44.0361,0.000,NORMAL,1,ROUTE,,,,,T2_REVERSE_TO_FORWARD
405.5654,-43.2129,-43.9447,0.000,NORMAL,1,ROUTE,,,,,T2_REVERSE_TO_FORWARD
405.6653,-43.1727,-43.8532,0.000,NORMAL,1,ROUTE,,,,,T2_REVERSE_TO_FORWARD
405.7654,-43.1326,-43.7615,0.000,NORMAL,1,ROUTE,,,,,T2_REVERSE_TO_FORWARD
405.8654,-43.0928,-43.6698,0.000,NORMAL,1,ROUTE,,,,,T2_REVERSE_TO_FORWARD
405.9654,-43.0532,-43.5780,0.000,NORMAL,1,ROUTE,,,,,T2_REVERSE_TO_FORWARD
406.0654,-43.0138,-43.4861,0.000,NORMAL,1,ROUTE,,,,,T2_REVERSE_TO_FORWARD
406.1653,-42.9745,-43.3942,0.000,NORMAL,1,ROUTE,,,,,T2_REVERSE_TO_FORWARD
406.2653,-42.9354,-43.3022,0.000,NORMAL,1,ROUTE,,,,,T2_REVERSE_TO_FORWARD
406.3653,-42.8963,-43.2101,0.000,NORMAL,1,ROUTE,,,,,T2_REVERSE_TO_FORWARD
406.4652,-42.8574,-43.1181,0.000,NORMAL,1,ROUTE,,,,,T2_REVERSE_TO_FORWARD
406.5652,-42.8184,-43.0260,0.000,NORMAL,1,ROUTE,,,,,T2_REVERSE_TO_FORWARD
406.6652,-42.7795,-42.9339,0.000,NORMAL,1,ROUTE,,,,,T2_REVERSE_TO_FORWARD
406.7652,-42.7406,-42.8418,0.000,NORMAL,1,ROUTE,,,,,T2_REVERSE_TO_FORWARD
406.8652,-42.7017,-42.7497,0.000,NORMAL,1,ROUTE,,,,,T2_REVERSE_TO_FORWARD
406.9652,-42.6628,-42.6575,0.000,NORMAL,1,ROUTE,,,,,T2_REVERSE_TO_FORWARD
407.0652,-42.6240,-42.5654,0.000,NORMAL,1,ROUTE,,,,,T2_REVERSE_TO_FORWARD
407.1651,-42.5851,-42.4733,0.000,NORMAL,1,ROUTE,,,,,T2_REVERSE_TO_FORWARD
407.2651,-42.5462,-42.3812,0.000,NORMAL,1,ROUTE,,,,,T2_REVERSE_TO_FORWARD
407.3652,-42.5074,-42.2890,0.000,NORMAL,1,ROUTE,,,,,T2_REVERSE_TO_FORWARD
407.4651,-42.4688,-42.1968,0.000,NORMAL,1,ROUTE,,,,,T2_REVERSE_TO_FORWARD
407.5651,-42.4302,-42.1046,0.000,NORMAL,1,ROUTE,,,,,T2_REVERSE_TO_FORWARD
407.6651,-42.3919,-42.0122,0.000,NORMAL,1,ROUTE,,,,,T2_REVERSE_TO_FORWARD
407.7651,-42.3539,-41.9197,0.000,NORMAL,1,ROUTE,,,,,T2_REVERSE_TO_FORWARD
407.8650,-42.3163,-41.8271,0.000,NORMAL,1,ROUTE,,,,,T2_REVERSE_TO_FORWARD
407.9650,-42.2791,-41.7343,0.000,NORMAL,1,ROUTE,,,,,T2_REVERSE_TO_FORWARD
408.0650,-42.2425,-41.6413,0.000,NORMAL,1,ROUTE,,,,,T2_REVERSE_TO_FORWARD
408.1650,-42.2064,-41.5480,0.000,NORMAL,1,ROUTE,,,,,T2_REVERSE_TO_FORWARD
408.2649,-42.1711,-41.4545,0.000,NORMAL,1,ROUTE,,,,,T2_REVERSE_TO_FORWARD
408.3649,-42.1366,-41.3607,0.000,NORMAL,1,ROUTE,,,,,T2_REVERSE_TO_FORWARD
408.4649,-42.1029,-41.2665,0.000,NORMAL,1,ROUTE,,,,,T2_REVERSE_TO_FORWARD
408.5649,-42.0701,-41.1721,0.000,NORMAL,1,ROUTE,,,,,T2_REVERSE_TO_FORWARD
408.6649,-42.0383,-41.0773,0.000,NORMAL,1,ROUTE,,,,,T2_REVERSE_TO_FORWARD
408.7648,-42.0074,-40.9822,0.000,NORMAL,1,ROUTE,,,,,T2_REVERSE_TO_FORWARD
408.8649,-41.9774,-40.8868,0.000,NORMAL,1,ROUTE,,,,,T2_REVERSE_TO_FORWARD
408.9648,-41.9482,-40.7912,0.000,NORMAL,1,ROUTE,,,,,T2_REVERSE_TO_FORWARD
409.0648,-41.9195,-40.6954,0.000,NORMAL,1,ROUTE,,,,,T2_REVERSE_TO_FORWARD
409.1648,-41.8912,-40.5995,0.000,NORMAL,1,ROUTE,,,,,T2_REVERSE_TO_FORWARD
409.2648,-41.8630,-40.5036,0.000,NORMAL,1,ROUTE,,,,,T2_REVERSE_TO_FORWARD
409.3648,-41.8347,-40.4077,0.000,NORMAL,1,ROUTE,,,,,T2_REVERSE_TO_FORWARD
409.4647,-41.8058,-40.3120,0.000,NORMAL,1,ROUTE,,,,,T2_REVERSE_TO_FORWARD
409.5647,-41.7761,-40.2165,0.000,NORMAL,1,ROUTE,,,,,T2_REVERSE_TO_FORWARD
409.6647,-41.7451,-40.1215,0.000,NORMAL,1,ROUTE,,,,,T2_REVERSE_TO_FORWARD
409.7646,-41.7122,-40.0271,0.000,NORMAL,1,ROUTE,,,,,T2_REVERSE_TO_FORWARD
409.8015,-41.6995,-39.9925,0.000,TRAFFIC,1,TRAFFIC,TRAFFIC_3_RED_STOP,STOP_IF_CONDITION,TRAFFIC_LIGHT_RED,,T2_REVERSE_TO_FORWARD
409.8646,-41.6770,-39.9335,0.000,TRAFFIC,1,TRAFFIC,,,TRAFFIC_LIGHT_RED,,T2_REVERSE_TO_FORWARD
409.9646,-41.6395,-39.8408,0.000,TRAFFIC,1,TRAFFIC,,,TRAFFIC_LIGHT_RED,,T2_REVERSE_TO_FORWARD
410.0647,-41.6002,-39.7488,0.000,TRAFFIC,1,TRAFFIC,,,TRAFFIC_LIGHT_RED,,T2_REVERSE_TO_FORWARD
410.1646,-41.5597,-39.6574,0.000,TRAFFIC,1,TRAFFIC,,,TRAFFIC_LIGHT_RED,,T2_REVERSE_TO_FORWARD
410.2646,-41.5183,-39.5664,0.000,TRAFFIC,1,TRAFFIC,,,TRAFFIC_LIGHT_RED,,T2_REVERSE_TO_FORWARD
410.3646,-41.4762,-39.4757,0.000,TRAFFIC,1,TRAFFIC,,,TRAFFIC_LIGHT_RED,,T2_REVERSE_TO_FORWARD
410.4646,-41.4338,-39.3852,0.000,TRAFFIC,1,TRAFFIC,,,TRAFFIC_LIGHT_RED,,T2_REVERSE_TO_FORWARD
410.5645,-41.3911,-39.2948,0.000,TRAFFIC,1,TRAFFIC,,,TRAFFIC_LIGHT_RED,,T2_REVERSE_TO_FORWARD
410.6646,-41.3483,-39.2044,0.000,TRAFFIC,1,TRAFFIC,,,TRAFFIC_LIGHT_RED,,T2_REVERSE_TO_FORWARD
410.7645,-41.3056,-39.1140,0.000,TRAFFIC,1,TRAFFIC,,,TRAFFIC_LIGHT_RED,,T2_REVERSE_TO_FORWARD
410.8646,-41.2630,-39.0235,0.000,TRAFFIC,1,TRAFFIC,,,TRAFFIC_LIGHT_RED,,T2_REVERSE_TO_FORWARD
410.9645,-41.2207,-38.9330,0.000,TRAFFIC,1,TRAFFIC,,,TRAFFIC_LIGHT_RED,,T2_REVERSE_TO_FORWARD
411.0645,-41.1785,-38.8423,0.000,TRAFFIC,1,TRAFFIC,,,TRAFFIC_LIGHT_RED,,T2_REVERSE_TO_FORWARD
411.1644,-41.1366,-38.7516,0.000,TRAFFIC,1,TRAFFIC,,,TRAFFIC_LIGHT_RED,,T2_REVERSE_TO_FORWARD
411.2644,-41.0949,-38.6607,0.000,TRAFFIC,1,TRAFFIC,,,TRAFFIC_LIGHT_RED,,T2_REVERSE_TO_FORWARD
411.3644,-41.0534,-38.5697,0.000,TRAFFIC,1,TRAFFIC,,,TRAFFIC_LIGHT_RED,,T2_REVERSE_TO_FORWARD
411.4645,-41.0121,-38.4786,0.000,TRAFFIC,1,TRAFFIC,,,TRAFFIC_LIGHT_RED,,T2_REVERSE_TO_FORWARD
411.5644,-40.9710,-38.3875,0.000,TRAFFIC,1,TRAFFIC,,,TRAFFIC_LIGHT_RED,,T2_REVERSE_TO_FORWARD
411.6644,-40.9300,-38.2963,0.000,TRAFFIC,1,TRAFFIC,,,TRAFFIC_LIGHT_RED,,T2_REVERSE_TO_FORWARD
411.7643,-40.8891,-38.2051,0.000,TRAFFIC,1,TRAFFIC,,,TRAFFIC_LIGHT_RED,,T2_REVERSE_TO_FORWARD
411.8643,-40.8482,-38.1139,0.000,TRAFFIC,1,TRAFFIC,,,TRAFFIC_LIGHT_RED,,T2_REVERSE_TO_FORWARD
411.9643,-40.8072,-38.0227,0.000,TRAFFIC,1,TRAFFIC,,,TRAFFIC_LIGHT_RED,,T2_REVERSE_TO_FORWARD
412.0643,-40.7662,-37.9315,0.000,TRAFFIC,1,TRAFFIC,,,TRAFFIC_LIGHT_RED,,T2_REVERSE_TO_FORWARD
412.1643,-40.7250,-37.8404,0.000,TRAFFIC,1,TRAFFIC,,,TRAFFIC_LIGHT_RED,,T2_REVERSE_TO_FORWARD
412.2642,-40.6838,-37.7493,0.000,TRAFFIC,1,TRAFFIC,,,TRAFFIC_LIGHT_RED,,T2_REVERSE_TO_FORWARD
412.3642,-40.6424,-37.6583,0.000,TRAFFIC,1,TRAFFIC,,,TRAFFIC_LIGHT_RED,,T2_REVERSE_TO_FORWARD
412.4642,-40.6011,-37.5672,0.000,TRAFFIC,1,TRAFFIC,,,TRAFFIC_LIGHT_RED,,T2_REVERSE_TO_FORWARD
412.5642,-40.5598,-37.4762,0.000,TRAFFIC,1,TRAFFIC,,,TRAFFIC_LIGHT_RED,,T2_REVERSE_TO_FORWARD
412.6642,-40.5187,-37.3850,0.000,TRAFFIC,1,TRAFFIC,,,TRAFFIC_LIGHT_RED,,T2_REVERSE_TO_FORWARD
412.7642,-40.4780,-37.2937,0.000,TRAFFIC,1,TRAFFIC,,,TRAFFIC_LIGHT_RED,,T2_REVERSE_TO_FORWARD
412.8641,-40.4377,-37.2022,0.000,TRAFFIC,1,TRAFFIC,,,TRAFFIC_LIGHT_RED,,T2_REVERSE_TO_FORWARD
412.9641,-40.3981,-37.1104,0.000,TRAFFIC,1,TRAFFIC,,,TRAFFIC_LIGHT_RED,,T2_REVERSE_TO_FORWARD
413.0641,-40.3592,-37.0183,0.000,TRAFFIC,1,TRAFFIC,,,TRAFFIC_LIGHT_RED,,T2_REVERSE_TO_FORWARD
413.1641,-40.3211,-36.9258,0.000,TRAFFIC,1,TRAFFIC,,,TRAFFIC_LIGHT_RED,,T2_REVERSE_TO_FORWARD
413.2641,-40.2839,-36.8330,0.000,TRAFFIC,1,TRAFFIC,,,TRAFFIC_LIGHT_RED,,T2_REVERSE_TO_FORWARD
413.3641,-40.2475,-36.7399,0.000,TRAFFIC,1,TRAFFIC,,,TRAFFIC_LIGHT_RED,,T2_REVERSE_TO_FORWARD
413.4641,-40.2118,-36.6465,0.000,TRAFFIC,1,TRAFFIC,,,TRAFFIC_LIGHT_RED,,T2_REVERSE_TO_FORWARD
413.5641,-40.1766,-36.5529,0.000,TRAFFIC,1,TRAFFIC,,,TRAFFIC_LIGHT_RED,,T2_REVERSE_TO_FORWARD
413.6640,-40.1419,-36.4592,0.000,TRAFFIC,1,TRAFFIC,,,TRAFFIC_LIGHT_RED,,T2_REVERSE_TO_FORWARD
413.7640,-40.1074,-36.3653,0.000,TRAFFIC,1,TRAFFIC,,,TRAFFIC_LIGHT_RED,,T2_REVERSE_TO_FORWARD
413.8639,-40.0730,-36.2715,0.000,TRAFFIC,1,TRAFFIC,,,TRAFFIC_LIGHT_RED,,T2_REVERSE_TO_FORWARD
413.9640,-40.0385,-36.1776,0.000,TRAFFIC,1,TRAFFIC,,,TRAFFIC_LIGHT_RED,,T2_REVERSE_TO_FORWARD
414.0640,-40.0039,-36.0838,0.000,TRAFFIC,1,TRAFFIC,,,TRAFFIC_LIGHT_RED,,T2_REVERSE_TO_FORWARD
414.1639,-39.9690,-35.9901,0.000,TRAFFIC,1,TRAFFIC,,,TRAFFIC_LIGHT_RED,,T2_REVERSE_TO_FORWARD
414.2639,-39.9337,-35.8966,0.000,TRAFFIC,1,TRAFFIC,,,TRAFFIC_LIGHT_RED,,T2_REVERSE_TO_FORWARD
414.3639,-39.8979,-35.8032,0.000,TRAFFIC,1,TRAFFIC,,,TRAFFIC_LIGHT_RED,,T2_REVERSE_TO_FORWARD
414.4639,-39.8617,-35.7100,0.000,TRAFFIC,1,TRAFFIC,,,TRAFFIC_LIGHT_RED,,T2_REVERSE_TO_FORWARD
414.5639,-39.8250,-35.6170,0.000,TRAFFIC,1,TRAFFIC,,,TRAFFIC_LIGHT_RED,,T2_REVERSE_TO_FORWARD
414.6638,-39.7879,-35.5242,0.000,TRAFFIC,1,TRAFFIC,,,TRAFFIC_LIGHT_RED,,T2_REVERSE_TO_FORWARD
414.7639,-39.7503,-35.4315,0.000,TRAFFIC,1,TRAFFIC,,,TRAFFIC_LIGHT_RED,,T2_REVERSE_TO_FORWARD
414.8638,-39.7124,-35.3390,0.000,TRAFFIC,1,TRAFFIC,,,TRAFFIC_LIGHT_RED,,T2_REVERSE_TO_FORWARD
414.9637,-39.6741,-35.2467,0.000,TRAFFIC,1,TRAFFIC,,,TRAFFIC_LIGHT_RED,,T2_REVERSE_TO_FORWARD
415.0638,-39.6354,-35.1544,0.000,TRAFFIC,1,TRAFFIC,,,TRAFFIC_LIGHT_RED,,T2_REVERSE_TO_FORWARD
415.1638,-39.5965,-35.0623,0.000,TRAFFIC,1,TRAFFIC,,,TRAFFIC_LIGHT_RED,,T2_REVERSE_TO_FORWARD
415.2637,-39.5573,-34.9704,0.000,TRAFFIC,1,TRAFFIC,,,TRAFFIC_LIGHT_RED,,T2_REVERSE_TO_FORWARD
415.3637,-39.5178,-34.8785,0.000,TRAFFIC,1,TRAFFIC,,,TRAFFIC_LIGHT_RED,,T2_REVERSE_TO_FORWARD
415.4637,-39.4782,-34.7867,0.000,TRAFFIC,1,TRAFFIC,,,TRAFFIC_LIGHT_RED,,T2_REVERSE_TO_FORWARD
415.5637,-39.4383,-34.6950,0.000,TRAFFIC,1,TRAFFIC,,,TRAFFIC_LIGHT_RED,,T2_REVERSE_TO_FORWARD
415.6164,-39.4173,-34.6467,0.000,TRAFFIC,1,TRAFFIC,TRAFFIC_3_RED_STOP_END,,TRAFFIC_LIGHT_RED,,T2_REVERSE_TO_FORWARD
415.6636,-39.3984,-34.6034,0.000,TRAFFIC,1,TRAFFIC,,,TRAFFIC_LIGHT_RED,,T2_REVERSE_TO_FORWARD
415.7637,-39.3584,-34.5117,0.000,TRAFFIC,1,TRAFFIC,,,TRAFFIC_LIGHT_RED,,T2_REVERSE_TO_FORWARD
415.8636,-39.3178,-34.4204,0.000,TRAFFIC,1,TRAFFIC,,,TRAFFIC_LIGHT_RED,,T2_REVERSE_TO_FORWARD
415.9069,-39.2999,-34.3810,0.000,NORMAL,1,ROUTE,,,,,T2_REVERSE_TO_FORWARD
415.9636,-39.2761,-34.3295,0.000,NORMAL,1,ROUTE,,,,,T2_REVERSE_TO_FORWARD
416.0636,-39.2334,-34.2391,0.000,NORMAL,1,ROUTE,,,,,T2_REVERSE_TO_FORWARD
416.1636,-39.1898,-34.1491,0.000,NORMAL,1,ROUTE,,,,,T2_REVERSE_TO_FORWARD
416.2636,-39.1456,-34.0594,0.000,NORMAL,1,ROUTE,,,,,T2_REVERSE_TO_FORWARD
416.3635,-39.1010,-33.9700,0.000,NORMAL,1,ROUTE,,,,,T2_REVERSE_TO_FORWARD
416.4636,-39.0560,-33.8806,0.000,NORMAL,1,ROUTE,,,,,T2_REVERSE_TO_FORWARD
416.5635,-39.0110,-33.7914,0.000,NORMAL,1,ROUTE,,,,,T2_REVERSE_TO_FORWARD
416.6635,-38.9662,-33.7020,0.000,NORMAL,1,ROUTE,,,,,T2_REVERSE_TO_FORWARD
416.7635,-38.9218,-33.6124,0.000,NORMAL,1,ROUTE,,,,,T2_REVERSE_TO_FORWARD
416.8635,-38.8780,-33.5225,0.000,NORMAL,1,ROUTE,,,,,T2_REVERSE_TO_FORWARD
416.9635,-38.8351,-33.4322,0.000,NORMAL,1,ROUTE,,,,,T2_REVERSE_TO_FORWARD
417.0634,-38.7935,-33.3413,0.000,NORMAL,1,ROUTE,,,,,T2_REVERSE_TO_FORWARD
417.1634,-38.7532,-33.2498,0.000,NORMAL,1,ROUTE,,,,,T2_REVERSE_TO_FORWARD
417.2634,-38.7146,-33.1576,0.000,NORMAL,1,ROUTE,,,,,T2_REVERSE_TO_FORWARD
417.3634,-38.6778,-33.0646,0.000,NORMAL,1,ROUTE,,,,,T2_REVERSE_TO_FORWARD
417.4634,-38.6429,-32.9709,0.000,NORMAL,1,ROUTE,,,,,T2_REVERSE_TO_FORWARD
417.5633,-38.6101,-32.8765,0.000,NORMAL,1,ROUTE,,,,,T2_REVERSE_TO_FORWARD
417.6633,-38.5794,-32.7813,0.000,NORMAL,1,ROUTE,,,,,T2_REVERSE_TO_FORWARD
417.7633,-38.5509,-32.6855,0.000,NORMAL,1,ROUTE,,,,,T2_REVERSE_TO_FORWARD
417.8633,-38.5247,-32.5890,0.000,NORMAL,1,ROUTE,,,,,T2_REVERSE_TO_FORWARD
417.9633,-38.5009,-32.4919,0.000,NORMAL,1,ROUTE,,,,,T2_REVERSE_TO_FORWARD
418.0633,-38.4796,-32.3942,0.000,NORMAL,1,ROUTE,,,,,T2_REVERSE_TO_FORWARD
418.1632,-38.4608,-32.2960,0.000,NORMAL,1,ROUTE,,,,,T2_REVERSE_TO_FORWARD
418.2632,-38.4443,-32.1974,0.000,NORMAL,1,ROUTE,,,,,T2_REVERSE_TO_FORWARD
418.3632,-38.4297,-32.0985,0.000,NORMAL,1,ROUTE,,,,,T2_REVERSE_TO_FORWARD
418.4632,-38.4169,-31.9993,0.000,NORMAL,1,ROUTE,,,,,T2_REVERSE_TO_FORWARD
418.5632,-38.4052,-31.9000,0.000,NORMAL,1,ROUTE,,,,,T2_REVERSE_TO_FORWARD
418.6632,-38.3943,-31.8006,0.000,NORMAL,1,ROUTE,,,,,T2_REVERSE_TO_FORWARD
418.7631,-38.3839,-31.7012,0.000,NORMAL,1,ROUTE,,,,,T2_REVERSE_TO_FORWARD
418.8632,-38.3736,-31.6017,0.000,NORMAL,1,ROUTE,,,,,T2_REVERSE_TO_FORWARD
418.9631,-38.3632,-31.5023,0.000,NORMAL,1,ROUTE,,,,,T2_REVERSE_TO_FORWARD
419.0631,-38.3526,-31.4029,0.000,NORMAL,1,ROUTE,,,,,T2_REVERSE_TO_FORWARD
419.1630,-38.3419,-31.3035,0.000,NORMAL,1,ROUTE,,,,,T2_REVERSE_TO_FORWARD
419.2630,-38.3312,-31.2041,0.000,NORMAL,1,ROUTE,,,,,T2_REVERSE_TO_FORWARD
419.3631,-38.3206,-31.1046,0.000,NORMAL,1,ROUTE,,,,,T2_REVERSE_TO_FORWARD
419.4630,-38.3103,-31.0052,0.000,NORMAL,1,ROUTE,,,,,T2_REVERSE_TO_FORWARD
419.5630,-38.3005,-30.9057,0.000,NORMAL,1,ROUTE,,,,,T2_REVERSE_TO_FORWARD
419.6630,-38.2915,-30.8061,0.000,NORMAL,1,ROUTE,,,,,T2_REVERSE_TO_FORWARD
419.7629,-38.2833,-30.7065,0.000,NORMAL,1,ROUTE,,,,,T2_REVERSE_TO_FORWARD
419.8630,-38.2762,-30.6067,0.000,NORMAL,1,ROUTE,,,,,T2_REVERSE_TO_FORWARD
419.9630,-38.2702,-30.5069,0.000,NORMAL,1,ROUTE,,,,,T2_REVERSE_TO_FORWARD
420.0629,-38.2652,-30.4071,0.000,NORMAL,1,ROUTE,,,,,T2_REVERSE_TO_FORWARD
420.1629,-38.2612,-30.3072,0.000,NORMAL,1,ROUTE,,,,,T2_REVERSE_TO_FORWARD
420.2628,-38.2579,-30.2073,0.000,NORMAL,1,ROUTE,,,,,T2_REVERSE_TO_FORWARD
420.3629,-38.2551,-30.1073,0.000,NORMAL,1,ROUTE,,,,,T2_REVERSE_TO_FORWARD
420.4628,-38.2526,-30.0074,0.000,NORMAL,1,ROUTE,,,,,T2_REVERSE_TO_FORWARD
420.5628,-38.2501,-29.9074,0.000,NORMAL,1,ROUTE,,,,,T2_REVERSE_TO_FORWARD
420.6628,-38.2477,-29.8075,0.000,NORMAL,1,ROUTE,,,,,T2_REVERSE_TO_FORWARD
420.7628,-38.2450,-29.7075,0.000,NORMAL,1,ROUTE,,,,,T2_REVERSE_TO_FORWARD
420.8627,-38.2422,-29.6076,0.000,NORMAL,1,ROUTE,,,,,T2_REVERSE_TO_FORWARD
420.9628,-38.2394,-29.5076,0.000,NORMAL,1,ROUTE,,,,,T2_REVERSE_TO_FORWARD
421.0627,-38.2366,-29.4077,0.000,NORMAL,1,ROUTE,,,,,T2_REVERSE_TO_FORWARD
421.1627,-38.2342,-29.3077,0.000,NORMAL,1,ROUTE,,,,,T2_REVERSE_TO_FORWARD
421.2627,-38.2324,-29.2078,0.000,NORMAL,1,ROUTE,,,,,T2_REVERSE_TO_FORWARD
421.3627,-38.2315,-29.1078,0.000,NORMAL,1,ROUTE,,,,,T2_REVERSE_TO_FORWARD
421.4627,-38.2318,-29.0078,0.000,NORMAL,1,ROUTE,,,,,T2_REVERSE_TO_FORWARD
421.5627,-38.2336,-28.9078,0.000,NORMAL,1,ROUTE,,,,,T2_REVERSE_TO_FORWARD
421.6626,-38.2372,-28.8079,0.000,NORMAL,1,ROUTE,,,,,T2_REVERSE_TO_FORWARD
421.7626,-38.2428,-28.7081,0.000,NORMAL,1,ROUTE,,,,,T2_REVERSE_TO_FORWARD
421.8626,-38.2505,-28.6084,0.000,NORMAL,1,ROUTE,,,,,T2_REVERSE_TO_FORWARD
421.9626,-38.2602,-28.5089,0.000,NORMAL,1,ROUTE,,,,,T2_REVERSE_TO_FORWARD
422.0625,-38.2718,-28.4096,0.000,NORMAL,1,ROUTE,,,,,T2_REVERSE_TO_FORWARD
422.1625,-38.2850,-28.3105,0.000,NORMAL,1,ROUTE,,,,,T2_REVERSE_TO_FORWARD
422.2625,-38.2996,-28.2116,0.000,NORMAL,1,ROUTE,,,,,T2_REVERSE_TO_FORWARD
422.3625,-38.3154,-28.1128,0.000,NORMAL,1,ROUTE,,,,,T2_REVERSE_TO_FORWARD
422.4625,-38.3322,-28.0143,0.000,NORMAL,1,ROUTE,,,,,T2_REVERSE_TO_FORWARD
422.5625,-38.3496,-27.9158,0.000,NORMAL,1,ROUTE,,,,,T2_REVERSE_TO_FORWARD
422.6624,-38.3676,-27.8175,0.000,NORMAL,1,ROUTE,,,,,T2_REVERSE_TO_FORWARD
422.7624,-38.3858,-27.7192,0.000,NORMAL,1,ROUTE,,,,,T2_REVERSE_TO_FORWARD
422.8624,-38.4042,-27.6209,0.000,NORMAL,1,ROUTE,,,,,T2_REVERSE_TO_FORWARD
422.9624,-38.4227,-27.5226,0.000,NORMAL,1,ROUTE,,,,,T2_REVERSE_TO_FORWARD
423.0624,-38.4410,-27.4243,0.000,NORMAL,1,ROUTE,,,,,T2_REVERSE_TO_FORWARD
423.1624,-38.4592,-27.3260,0.000,NORMAL,1,ROUTE,,,,,T2_REVERSE_TO_FORWARD
423.2624,-38.4770,-27.2276,0.000,NORMAL,1,ROUTE,,,,,T2_REVERSE_TO_FORWARD
423.3623,-38.4946,-27.1292,0.000,NORMAL,1,ROUTE,,,,,T2_REVERSE_TO_FORWARD
423.4623,-38.5117,-27.0307,0.000,NORMAL,1,ROUTE,,,,,T2_REVERSE_TO_FORWARD
423.5623,-38.5285,-26.9321,0.000,NORMAL,1,ROUTE,,,,,T2_REVERSE_TO_FORWARD
423.6623,-38.5448,-26.8335,0.000,NORMAL,1,ROUTE,,,,,T2_REVERSE_TO_FORWARD
423.7623,-38.5608,-26.7348,0.000,NORMAL,1,ROUTE,,,,,T2_REVERSE_TO_FORWARD
423.8623,-38.5764,-26.6360,0.000,NORMAL,1,ROUTE,,,,,T2_REVERSE_TO_FORWARD
423.9623,-38.5917,-26.5372,0.000,NORMAL,1,ROUTE,,,,,T2_REVERSE_TO_FORWARD
424.0622,-38.6069,-26.4384,0.000,NORMAL,1,ROUTE,,,,,T2_REVERSE_TO_FORWARD
424.1621,-38.6218,-26.3396,0.000,NORMAL,1,ROUTE,,,,,T2_REVERSE_TO_FORWARD
424.2622,-38.6367,-26.2407,0.000,NORMAL,1,ROUTE,,,,,T2_REVERSE_TO_FORWARD
424.3622,-38.6515,-26.1418,0.000,NORMAL,1,ROUTE,,,,,T2_REVERSE_TO_FORWARD
424.4622,-38.6664,-26.0429,0.000,NORMAL,1,ROUTE,,,,,T2_REVERSE_TO_FORWARD
424.5621,-38.6813,-25.9441,0.000,NORMAL,1,ROUTE,,,,,T2_REVERSE_TO_FORWARD
424.6621,-38.6963,-25.8452,0.000,NORMAL,1,ROUTE,,,,,T2_REVERSE_TO_FORWARD
424.7621,-38.7115,-25.7464,0.000,NORMAL,1,ROUTE,,,,,T2_REVERSE_TO_FORWARD
424.8621,-38.7268,-25.6476,0.000,NORMAL,1,ROUTE,,,,,T2_REVERSE_TO_FORWARD
424.9621,-38.7424,-25.5488,0.000,NORMAL,1,ROUTE,,,,,T2_REVERSE_TO_FORWARD
425.0621,-38.7582,-25.4501,0.000,NORMAL,1,ROUTE,,,,,T2_REVERSE_TO_FORWARD
425.1621,-38.7743,-25.3514,0.000,NORMAL,1,ROUTE,,,,,T2_REVERSE_TO_FORWARD
425.2620,-38.7908,-25.2528,0.000,NORMAL,1,ROUTE,,,,,T2_REVERSE_TO_FORWARD
425.3620,-38.8077,-25.1543,0.000,NORMAL,1,ROUTE,,,,,T2_REVERSE_TO_FORWARD
425.4620,-38.8251,-25.0558,0.000,NORMAL,1,ROUTE,,,,,T2_REVERSE_TO_FORWARD
425.5619,-38.8431,-24.9575,0.000,NORMAL,1,ROUTE,,,,,T2_REVERSE_TO_FORWARD
425.6620,-38.8617,-24.8592,0.000,NORMAL,1,ROUTE,,,,,T2_REVERSE_TO_FORWARD
425.7620,-38.8811,-24.7611,0.000,NORMAL,1,ROUTE,,,,,T2_REVERSE_TO_FORWARD
425.8619,-38.9014,-24.6633,0.000,NORMAL,1,ROUTE,,,,,T2_REVERSE_TO_FORWARD
425.9619,-38.9228,-24.5656,0.000,NORMAL,1,ROUTE,,,,,T2_REVERSE_TO_FORWARD
426.0619,-38.9454,-24.4682,0.000,NORMAL,1,ROUTE,,,,,T2_REVERSE_TO_FORWARD
426.1619,-38.9694,-24.3711,0.000,NORMAL,1,ROUTE,,,,,T2_REVERSE_TO_FORWARD
426.2618,-38.9950,-24.2745,0.000,NORMAL,1,ROUTE,,,,,T2_REVERSE_TO_FORWARD
426.3618,-39.0224,-24.1783,0.000,NORMAL,1,ROUTE,,,,,T2_REVERSE_TO_FORWARD
426.4618,-39.0517,-24.0827,0.000,NORMAL,1,ROUTE,,,,,T2_REVERSE_TO_FORWARD
426.5617,-39.0832,-23.9879,0.000,NORMAL,1,ROUTE,,,,,T2_REVERSE_TO_FORWARD
426.6618,-39.1172,-23.8938,0.000,NORMAL,1,ROUTE,,,,,T2_REVERSE_TO_FORWARD
426.7618,-39.1537,-23.8007,0.000,NORMAL,1,ROUTE,,,,,T2_REVERSE_TO_FORWARD
426.8618,-39.1931,-23.7088,0.000,NORMAL,1,ROUTE,,,,,T2_REVERSE_TO_FORWARD
426.9617,-39.2353,-23.6182,0.000,NORMAL,1,ROUTE,,,,,T2_REVERSE_TO_FORWARD
427.0617,-39.2804,-23.5290,0.000,NORMAL,1,ROUTE,,,,,T2_REVERSE_TO_FORWARD
427.1617,-39.3283,-23.4412,0.000,NORMAL,1,ROUTE,,,,,T2_REVERSE_TO_FORWARD
427.2616,-39.3789,-23.3550,0.000,NORMAL,1,ROUTE,,,,,T2_REVERSE_TO_FORWARD
427.3616,-39.4320,-23.2703,0.000,NORMAL,1,ROUTE,,,,,T2_REVERSE_TO_FORWARD
427.4616,-39.4876,-23.1872,0.000,NORMAL,1,ROUTE,,,,,T2_REVERSE_TO_FORWARD
427.5615,-39.5456,-23.1058,0.000,NORMAL,1,ROUTE,,,,,T2_REVERSE_TO_FORWARD
427.6615,-39.6061,-23.0262,0.000,NORMAL,1,ROUTE,,,,,T2_REVERSE_TO_FORWARD
427.7615,-39.6690,-22.9485,0.000,NORMAL,1,ROUTE,,,,,T2_REVERSE_TO_FORWARD
427.8615,-39.7343,-22.8728,0.000,NORMAL,1,ROUTE,,,,,T2_REVERSE_TO_FORWARD
427.9615,-39.8019,-22.7991,0.000,NORMAL,1,ROUTE,,,,,T2_REVERSE_TO_FORWARD
428.0615,-39.8718,-22.7276,0.000,NORMAL,1,ROUTE,,,,,T2_REVERSE_TO_FORWARD
428.1614,-39.9437,-22.6582,0.000,NORMAL,1,ROUTE,,,,,T2_REVERSE_TO_FORWARD
428.2614,-40.0178,-22.5910,0.000,NORMAL,1,ROUTE,,,,,T2_REVERSE_TO_FORWARD
428.3614,-40.0938,-22.5260,0.000,NORMAL,1,ROUTE,,,,,T2_REVERSE_TO_FORWARD
428.4614,-40.1718,-22.4634,0.000,NORMAL,1,ROUTE,,,,,T2_REVERSE_TO_FORWARD
428.5614,-40.2516,-22.4032,0.000,NORMAL,1,ROUTE,,,,,T2_REVERSE_TO_FORWARD
428.6613,-40.3331,-22.3454,0.000,NORMAL,1,ROUTE,,,,,T2_REVERSE_TO_FORWARD
428.7613,-40.4163,-22.2899,0.000,NORMAL,1,ROUTE,,,,,T2_REVERSE_TO_FORWARD
428.8613,-40.5008,-22.2364,0.000,NORMAL,1,ROUTE,,,,,T2_REVERSE_TO_FORWARD
428.9613,-40.5864,-22.1848,0.000,NORMAL,1,ROUTE,,,,,T2_REVERSE_TO_FORWARD
429.0613,-40.6729,-22.1347,0.000,NORMAL,1,ROUTE,,,,,T2_REVERSE_TO_FORWARD
429.1613,-40.7602,-22.0859,0.000,NORMAL,1,ROUTE,,,,,T2_REVERSE_TO_FORWARD
429.2612,-40.8479,-22.0380,0.000,NORMAL,1,ROUTE,,,,,T2_REVERSE_TO_FORWARD
429.3612,-40.9361,-21.9909,0.000,NORMAL,1,ROUTE,,,,,T2_REVERSE_TO_FORWARD
429.4612,-41.0246,-21.9444,0.000,NORMAL,1,ROUTE,,,,,T2_REVERSE_TO_FORWARD
429.5612,-41.1133,-21.8982,0.000,NORMAL,1,ROUTE,,,,,T2_REVERSE_TO_FORWARD
429.6612,-41.2022,-21.8524,0.000,NORMAL,1,ROUTE,,,,,T2_REVERSE_TO_FORWARD
429.7611,-41.2911,-21.8067,0.000,NORMAL,1,ROUTE,,,,,T2_REVERSE_TO_FORWARD
429.8611,-41.3801,-21.7611,0.000,NORMAL,1,ROUTE,,,,,T2_REVERSE_TO_FORWARD
429.9611,-41.4691,-21.7156,0.000,NORMAL,1,ROUTE,,,,,T2_REVERSE_TO_FORWARD
430.0611,-41.5582,-21.6702,0.000,NORMAL,1,ROUTE,,,,,T2_REVERSE_TO_FORWARD
430.1611,-41.6473,-21.6248,0.000,NORMAL,1,ROUTE,,,,,T2_REVERSE_TO_FORWARD
430.2611,-41.7365,-21.5796,0.000,NORMAL,1,ROUTE,,,,,T2_REVERSE_TO_FORWARD
430.3610,-41.8257,-21.5346,0.000,NORMAL,1,ROUTE,,,,,T2_REVERSE_TO_FORWARD
430.4610,-41.9151,-21.4898,0.000,NORMAL,1,ROUTE,,,,,T2_REVERSE_TO_FORWARD
430.5610,-42.0046,-21.4452,0.000,NORMAL,1,ROUTE,,,,,T2_REVERSE_TO_FORWARD
430.6610,-42.0943,-21.4009,0.000,NORMAL,1,ROUTE,,,,,T2_REVERSE_TO_FORWARD
430.7610,-42.1841,-21.3570,0.000,NORMAL,1,ROUTE,,,,,T2_REVERSE_TO_FORWARD
430.8609,-42.2740,-21.3133,0.000,NORMAL,1,ROUTE,,,,,T2_REVERSE_TO_FORWARD
430.9609,-42.3640,-21.2698,0.000,NORMAL,1,ROUTE,,,,,T2_REVERSE_TO_FORWARD
431.0609,-42.4541,-21.2265,0.000,NORMAL,1,ROUTE,,,,,T2_REVERSE_TO_FORWARD
431.1609,-42.5443,-21.1833,0.000,NORMAL,1,ROUTE,,,,,T2_REVERSE_TO_FORWARD
431.2609,-42.6345,-21.1401,0.000,NORMAL,1,ROUTE,,,,,T2_REVERSE_TO_FORWARD
431.3609,-42.7247,-21.0970,0.000,NORMAL,1,ROUTE,,,,,T2_REVERSE_TO_FORWARD
431.4608,-42.8149,-21.0539,0.000,NORMAL,1,ROUTE,,,,,T2_REVERSE_TO_FORWARD
431.5608,-42.9051,-21.0108,0.000,NORMAL,1,ROUTE,,,,,T2_REVERSE_TO_FORWARD
431.6608,-42.9953,-20.9676,0.000,NORMAL,1,ROUTE,,,,,T2_REVERSE_TO_FORWARD
431.7608,-43.0855,-20.9245,0.000,NORMAL,1,ROUTE,,,,,T2_REVERSE_TO_FORWARD
431.8608,-43.1758,-20.8815,0.000,NORMAL,1,ROUTE,,,,,T2_REVERSE_TO_FORWARD
431.9608,-43.2661,-20.8386,0.000,NORMAL,1,ROUTE,,,,,T2_REVERSE_TO_FORWARD
432.0607,-43.3565,-20.7959,0.000,NORMAL,1,ROUTE,,,,,T2_REVERSE_TO_FORWARD
432.1608,-43.4471,-20.7535,0.000,NORMAL,1,ROUTE,,,,,T2_REVERSE_TO_FORWARD
432.2607,-43.5378,-20.7115,0.000,NORMAL,1,ROUTE,,,,,T2_REVERSE_TO_FORWARD
432.3607,-43.6288,-20.6700,0.000,NORMAL,1,ROUTE,,,,,T2_REVERSE_TO_FORWARD
432.4606,-43.7199,-20.6290,0.000,NORMAL,1,ROUTE,,,,,T2_REVERSE_TO_FORWARD
432.5607,-43.8114,-20.5885,0.000,NORMAL,1,ROUTE,,,,,T2_REVERSE_TO_FORWARD
432.6607,-43.9031,-20.5486,0.000,NORMAL,1,ROUTE,,,,,T2_REVERSE_TO_FORWARD
432.7606,-43.9949,-20.5092,0.000,NORMAL,1,ROUTE,,,,,T2_REVERSE_TO_FORWARD
432.8606,-44.0870,-20.4703,0.000,NORMAL,1,ROUTE,,,,,T2_REVERSE_TO_FORWARD
432.9606,-44.1793,-20.4318,0.000,NORMAL,1,ROUTE,,,,,T2_REVERSE_TO_FORWARD
433.0605,-44.2717,-20.3937,0.000,NORMAL,1,ROUTE,,,,,T2_REVERSE_TO_FORWARD
433.1606,-44.3643,-20.3558,0.000,NORMAL,1,ROUTE,,,,,T2_REVERSE_TO_FORWARD
433.2605,-44.4569,-20.3182,0.000,NORMAL,1,ROUTE,,,,,T2_REVERSE_TO_FORWARD
433.3605,-44.5496,-20.2807,0.000,NORMAL,1,ROUTE,,,,,T2_REVERSE_TO_FORWARD
433.4605,-44.6423,-20.2433,0.000,NORMAL,1,ROUTE,,,,,T2_REVERSE_TO_FORWARD
433.5605,-44.7351,-20.2060,0.000,NORMAL,1,ROUTE,,,,,T2_REVERSE_TO_FORWARD
433.6605,-44.8278,-20.1686,0.000,NORMAL,1,ROUTE,,,,,T2_REVERSE_TO_FORWARD
433.7605,-44.9205,-20.1311,0.000,NORMAL,1,ROUTE,,,,,T2_REVERSE_TO_FORWARD
433.8605,-45.0131,-20.0934,0.000,NORMAL,1,ROUTE,,,,,T2_REVERSE_TO_FORWARD
433.9605,-45.1056,-20.0554,0.000,NORMAL,1,ROUTE,,,,,T2_REVERSE_TO_FORWARD
434.0604,-45.1979,-20.0171,0.000,NORMAL,1,ROUTE,,,,,T2_REVERSE_TO_FORWARD
434.1604,-45.2901,-19.9784,0.000,NORMAL,1,ROUTE,,,,,T2_REVERSE_TO_FORWARD
434.2604,-45.3822,-19.9394,0.000,NORMAL,1,ROUTE,,,,,T2_REVERSE_TO_FORWARD
434.3604,-45.4740,-19.8998,0.000,NORMAL,1,ROUTE,,,,,T2_REVERSE_TO_FORWARD
434.4604,-45.5657,-19.8599,0.000,NORMAL,1,ROUTE,,,,,T2_REVERSE_TO_FORWARD
434.5603,-45.6571,-19.8195,0.000,NORMAL,1,ROUTE,,,,,T2_REVERSE_TO_FORWARD
434.6603,-45.7484,-19.7788,0.000,NORMAL,1,ROUTE,,,,,T2_REVERSE_TO_FORWARD
434.7603,-45.8396,-19.7377,0.000,NORMAL,1,ROUTE,,,,,T2_REVERSE_TO_FORWARD
434.8603,-45.9307,-19.6964,0.000,NORMAL,1,ROUTE,,,,,T2_REVERSE_TO_FORWARD
434.9603,-46.0216,-19.6549,0.000,NORMAL,1,ROUTE,,,,,T2_REVERSE_TO_FORWARD
435.0603,-46.1125,-19.6132,0.000,NORMAL,1,ROUTE,,,,,T2_REVERSE_TO_FORWARD
435.1603,-46.2034,-19.5715,0.000,NORMAL,1,ROUTE,,,,,T2_REVERSE_TO_FORWARD
435.2602,-46.2942,-19.5297,0.000,NORMAL,1,ROUTE,,,,,T2_REVERSE_TO_FORWARD
435.3602,-46.3850,-19.4879,0.000,NORMAL,1,ROUTE,,,,,T2_REVERSE_TO_FORWARD
435.4602,-46.4759,-19.4462,0.000,NORMAL,1,ROUTE,,,,,T2_REVERSE_TO_FORWARD
435.5602,-46.5669,-19.4047,0.000,NORMAL,1,ROUTE,,,,,T2_REVERSE_TO_FORWARD
435.6601,-46.6579,-19.3634,0.000,NORMAL,1,ROUTE,,,,,T2_REVERSE_TO_FORWARD
435.7601,-46.7491,-19.3224,0.000,NORMAL,1,ROUTE,,,,,T2_REVERSE_TO_FORWARD
435.8602,-46.8405,-19.2818,0.000,NORMAL,1,ROUTE,,,,,T2_REVERSE_TO_FORWARD
435.9601,-46.9320,-19.2416,0.000,NORMAL,1,ROUTE,,,,,T2_REVERSE_TO_FORWARD
436.0601,-47.0238,-19.2019,0.000,NORMAL,1,ROUTE,,,,,T2_REVERSE_TO_FORWARD
436.1601,-47.1158,-19.1628,0.000,NORMAL,1,ROUTE,,,,,T2_REVERSE_TO_FORWARD
436.2601,-47.2081,-19.1243,0.000,NORMAL,1,ROUTE,,,,,T2_REVERSE_TO_FORWARD
436.3600,-47.3006,-19.0864,0.000,NORMAL,1,ROUTE,,,,,T2_REVERSE_TO_FORWARD
436.4601,-47.3934,-19.0491,0.000,NORMAL,1,ROUTE,,,,,T2_REVERSE_TO_FORWARD
436.5600,-47.4864,-19.0124,0.000,NORMAL,1,ROUTE,,,,,T2_REVERSE_TO_FORWARD
436.6599,-47.5795,-18.9762,0.000,NORMAL,1,ROUTE,,,,,T2_REVERSE_TO_FORWARD
436.7600,-47.6729,-18.9404,0.000,NORMAL,1,ROUTE,,,,,T2_REVERSE_TO_FORWARD
436.8600,-47.7664,-18.9049,0.000,NORMAL,1,ROUTE,,,,,T2_REVERSE_TO_FORWARD
436.9600,-47.8600,-18.8697,0.000,NORMAL,1,ROUTE,,,,,T2_REVERSE_TO_FORWARD
437.0599,-47.9536,-18.8347,0.000,NORMAL,1,ROUTE,,,,,T2_REVERSE_TO_FORWARD
437.1599,-48.0473,-18.7998,0.000,NORMAL,1,ROUTE,,,,,T2_REVERSE_TO_FORWARD
437.2599,-48.1410,-18.7649,0.000,NORMAL,1,ROUTE,,,,,T2_REVERSE_TO_FORWARD
437.3599,-48.2347,-18.7299,0.000,NORMAL,1,ROUTE,,,,,T2_REVERSE_TO_FORWARD
437.4598,-48.3282,-18.6946,0.000,NORMAL,1,ROUTE,,,,,T2_REVERSE_TO_FORWARD
437.5599,-48.4217,-18.6591,0.000,NORMAL,1,ROUTE,,,,,T2_REVERSE_TO_FORWARD
437.6598,-48.5149,-18.6231,0.000,NORMAL,1,ROUTE,,,,,T2_REVERSE_TO_FORWARD
437.7598,-48.6080,-18.5866,0.000,NORMAL,1,ROUTE,,,,,T2_REVERSE_TO_FORWARD
437.8597,-48.7008,-18.5494,0.000,NORMAL,1,ROUTE,,,,,T2_REVERSE_TO_FORWARD
437.9598,-48.7934,-18.5115,0.000,NORMAL,1,ROUTE,,,,,T2_REVERSE_TO_FORWARD
438.0598,-48.8856,-18.4729,0.000,NORMAL,1,ROUTE,,,,,T2_REVERSE_TO_FORWARD
438.1597,-48.9775,-18.4336,0.000,NORMAL,1,ROUTE,,,,,T2_REVERSE_TO_FORWARD
438.2597,-49.0691,-18.3935,0.000,NORMAL,1,ROUTE,,,,,T2_REVERSE_TO_FORWARD
438.3597,-49.1605,-18.3529,0.000,NORMAL,1,ROUTE,,,,,T2_REVERSE_TO_FORWARD
438.4596,-49.2516,-18.3118,0.000,NORMAL,1,ROUTE,,,,,T2_REVERSE_TO_FORWARD
438.5597,-49.3427,-18.2704,0.000,NORMAL,1,ROUTE,,,,,T2_REVERSE_TO_FORWARD
438.6596,-49.4336,-18.2290,0.000,NORMAL,1,ROUTE,,,,,T2_REVERSE_TO_FORWARD
438.7597,-49.5247,-18.1876,0.000,NORMAL,1,ROUTE,,,,,T2_REVERSE_TO_FORWARD
438.8596,-49.6158,-18.1464,0.000,NORMAL,1,ROUTE,,,,,T2_REVERSE_TO_FORWARD
438.9596,-49.7070,-18.1056,0.000,NORMAL,1,ROUTE,,,,,T2_REVERSE_TO_FORWARD
439.0596,-49.7985,-18.0652,0.000,NORMAL,1,ROUTE,,,,,T2_REVERSE_TO_FORWARD
439.1595,-49.8901,-18.0252,0.000,NORMAL,1,ROUTE,,,,,T2_REVERSE_TO_FORWARD
439.2595,-49.9820,-17.9858,0.000,NORMAL,1,ROUTE,,,,,T2_REVERSE_TO_FORWARD
439.3595,-50.0740,-17.9467,0.000,NORMAL,1,ROUTE,,,,,T2_REVERSE_TO_FORWARD
439.4595,-50.1662,-17.9080,0.000,NORMAL,1,ROUTE,,,,,T2_REVERSE_TO_FORWARD
439.5595,-50.2586,-17.8697,0.000,NORMAL,1,ROUTE,,,,,T2_REVERSE_TO_FORWARD
439.6594,-50.3510,-17.8316,0.000,NORMAL,1,ROUTE,,,,,T2_REVERSE_TO_FORWARD
439.7594,-50.4435,-17.7936,0.000,NORMAL,1,ROUTE,,,,,T2_REVERSE_TO_FORWARD
439.8595,-50.5361,-17.7558,0.000,NORMAL,1,ROUTE,,,,,T2_REVERSE_TO_FORWARD
439.9594,-50.6286,-17.7180,0.000,NORMAL,1,ROUTE,,,,,T2_REVERSE_TO_FORWARD
440.0594,-50.7212,-17.6801,0.000,NORMAL,1,ROUTE,,,,,T2_REVERSE_TO_FORWARD
440.1594,-50.8136,-17.6421,0.000,NORMAL,1,ROUTE,,,,,T2_REVERSE_TO_FORWARD
440.2594,-50.9061,-17.6040,0.000,NORMAL,1,ROUTE,,,,,T2_REVERSE_TO_FORWARD
440.3593,-50.9984,-17.5657,0.000,NORMAL,1,ROUTE,,,,,T2_REVERSE_TO_FORWARD
440.4593,-51.0907,-17.5272,0.000,NORMAL,1,ROUTE,,,,,T2_REVERSE_TO_FORWARD
440.5593,-51.1828,-17.4884,0.000,NORMAL,1,ROUTE,,,,,T2_REVERSE_TO_FORWARD
440.6593,-51.2749,-17.4493,0.000,NORMAL,1,ROUTE,,,,,T2_REVERSE_TO_FORWARD
440.7593,-51.3668,-17.4100,0.000,NORMAL,1,ROUTE,,,,,T2_REVERSE_TO_FORWARD
440.8593,-51.4586,-17.3704,0.000,NORMAL,1,ROUTE,,,,,T2_REVERSE_TO_FORWARD
440.9593,-51.5504,-17.3307,0.000,NORMAL,1,ROUTE,,,,,T2_REVERSE_TO_FORWARD
441.0592,-51.6420,-17.2908,0.000,NORMAL,1,ROUTE,,,,,T2_REVERSE_TO_FORWARD
441.1592,-51.7337,-17.2509,0.000,NORMAL,1,ROUTE,,,,,T2_REVERSE_TO_FORWARD
441.2592,-51.8254,-17.2111,0.000,NORMAL,1,ROUTE,,,,,T2_REVERSE_TO_FORWARD
441.3591,-51.9172,-17.1715,0.000,NORMAL,1,ROUTE,,,,,T2_REVERSE_TO_FORWARD
441.4591,-52.0092,-17.1323,0.000,NORMAL,1,ROUTE,,,,,T2_REVERSE_TO_FORWARD
441.5592,-52.1014,-17.0935,0.000,NORMAL,1,ROUTE,,,,,T2_REVERSE_TO_FORWARD
441.6592,-52.1938,-17.0553,0.000,NORMAL,1,ROUTE,,,,,T2_REVERSE_TO_FORWARD
441.7591,-52.2865,-17.0179,0.000,NORMAL,1,ROUTE,,,,,T2_REVERSE_TO_FORWARD
441.8591,-52.3795,-16.9811,0.000,NORMAL,1,ROUTE,,,,,T2_REVERSE_TO_FORWARD
441.9591,-52.4727,-16.9450,0.000,NORMAL,1,ROUTE,,,,,T2_REVERSE_TO_FORWARD
442.0590,-52.5662,-16.9097,0.000,NORMAL,1,ROUTE,,,,,T2_REVERSE_TO_FORWARD
442.1590,-52.6600,-16.8750,0.000,NORMAL,1,ROUTE,,,,,T2_REVERSE_TO_FORWARD
442.2590,-52.7540,-16.8410,0.000,NORMAL,1,ROUTE,,,,,T2_REVERSE_TO_FORWARD
442.3590,-52.8483,-16.8076,0.000,NORMAL,1,ROUTE,,,,,T2_REVERSE_TO_FORWARD
442.4590,-52.9427,-16.7747,0.000,NORMAL,1,ROUTE,,,,,T2_REVERSE_TO_FORWARD
442.5590,-53.0373,-16.7423,0.000,NORMAL,1,ROUTE,,,,,T2_REVERSE_TO_FORWARD
442.6589,-53.1320,-16.7104,0.000,NORMAL,1,ROUTE,,,,,T2_REVERSE_TO_FORWARD
442.7589,-53.2269,-16.6789,0.000,NORMAL,1,ROUTE,,,,,T2_REVERSE_TO_FORWARD
442.8589,-53.3219,-16.6477,0.000,NORMAL,1,ROUTE,,,,,T2_REVERSE_TO_FORWARD
442.9589,-53.4170,-16.6167,0.000,NORMAL,1,ROUTE,,,,,T2_REVERSE_TO_FORWARD
443.0589,-53.5121,-16.5858,0.000,NORMAL,1,ROUTE,,,,,T2_REVERSE_TO_FORWARD
443.1588,-53.6071,-16.5549,0.000,NORMAL,1,ROUTE,,,,,T2_REVERSE_TO_FORWARD
443.2588,-53.7022,-16.5239,0.000,NORMAL,1,ROUTE,,,,,T2_REVERSE_TO_FORWARD
443.3588,-53.7972,-16.4927,0.000,NORMAL,1,ROUTE,,,,,T2_REVERSE_TO_FORWARD
443.4588,-53.8921,-16.4613,0.000,NORMAL,1,ROUTE,,,,,T2_REVERSE_TO_FORWARD
443.5588,-53.9869,-16.4295,0.000,NORMAL,1,ROUTE,,,,,T2_REVERSE_TO_FORWARD
443.6588,-54.0816,-16.3973,0.000,NORMAL,1,ROUTE,,,,,T2_REVERSE_TO_FORWARD
443.7588,-54.1761,-16.3646,0.000,NORMAL,1,ROUTE,,,,,T2_REVERSE_TO_FORWARD
443.8588,-54.2704,-16.3314,0.000,NORMAL,1,ROUTE,,,,,T2_REVERSE_TO_FORWARD
443.9588,-54.3645,-16.2976,0.000,NORMAL,1,ROUTE,,,,,T2_REVERSE_TO_FORWARD
444.0587,-54.4584,-16.2633,0.000,NORMAL,1,ROUTE,,,,,T2_REVERSE_TO_FORWARD
444.1587,-54.5521,-16.2284,0.000,NORMAL,1,ROUTE,,,,,T2_REVERSE_TO_FORWARD
444.2587,-54.6456,-16.1929,0.000,NORMAL,1,ROUTE,,,,,T2_REVERSE_TO_FORWARD
444.3587,-54.7388,-16.1569,0.000,NORMAL,1,ROUTE,,,,,T2_REVERSE_TO_FORWARD
444.4586,-54.8318,-16.1202,0.000,NORMAL,1,ROUTE,,,,,T2_REVERSE_TO_FORWARD
444.5587,-54.9246,-16.0829,0.000,NORMAL,1,ROUTE,,,,,T2_REVERSE_TO_FORWARD
444.6586,-55.0171,-16.0450,0.000,NORMAL,1,ROUTE,,,,,T2_REVERSE_TO_FORWARD
444.7586,-55.1094,-16.0066,0.000,NORMAL,1,ROUTE,,,,,T2_REVERSE_TO_FORWARD
444.8586,-55.2016,-15.9678,0.000,NORMAL,1,ROUTE,,,,,T2_REVERSE_TO_FORWARD
444.9586,-55.2936,-15.9286,0.000,NORMAL,1,ROUTE,,,,,T2_REVERSE_TO_FORWARD
445.0585,-55.3854,-15.8892,0.000,NORMAL,1,ROUTE,,,,,T2_REVERSE_TO_FORWARD
445.1585,-55.4772,-15.8496,0.000,NORMAL,1,ROUTE,,,,,T2_REVERSE_TO_FORWARD
445.2585,-55.5690,-15.8099,0.000,NORMAL,1,ROUTE,,,,,T2_REVERSE_TO_FORWARD
445.3585,-55.6608,-15.7703,0.000,NORMAL,1,ROUTE,,,,,T2_REVERSE_TO_FORWARD
445.4585,-55.7527,-15.7308,0.000,NORMAL,1,ROUTE,,,,,T2_REVERSE_TO_FORWARD
445.5585,-55.8446,-15.6915,0.000,NORMAL,1,ROUTE,,,,,T2_REVERSE_TO_FORWARD
445.6585,-55.9366,-15.6523,0.000,NORMAL,1,ROUTE,,,,,T2_REVERSE_TO_FORWARD
445.7584,-56.0286,-15.6133,0.000,NORMAL,1,ROUTE,,,,,T2_REVERSE_TO_FORWARD
445.8584,-56.1208,-15.5746,0.000,NORMAL,1,ROUTE,,,,,T2_REVERSE_TO_FORWARD
445.9583,-56.2130,-15.5360,0.000,NORMAL,1,ROUTE,,,,,T2_REVERSE_TO_FORWARD
446.0584,-56.3054,-15.4975,0.000,NORMAL,1,ROUTE,,,,,T2_REVERSE_TO_FORWARD
446.1584,-56.3977,-15.4592,0.000,NORMAL,1,ROUTE,,,,,T2_REVERSE_TO_FORWARD
446.2584,-56.4901,-15.4210,0.000,NORMAL,1,ROUTE,,,,,T2_REVERSE_TO_FORWARD
446.3583,-56.5825,-15.3829,0.000,NORMAL,1,ROUTE,,,,,T2_REVERSE_TO_FORWARD
446.4583,-56.6749,-15.3447,0.000,NORMAL,1,ROUTE,,,,,T2_REVERSE_TO_FORWARD
446.5583,-56.7674,-15.3066,0.000,NORMAL,1,ROUTE,,,,,T2_REVERSE_TO_FORWARD
446.6583,-56.8598,-15.2685,0.000,NORMAL,1,ROUTE,,,,,T2_REVERSE_TO_FORWARD
446.7583,-56.9522,-15.2303,0.000,NORMAL,1,ROUTE,,,,,T2_REVERSE_TO_FORWARD
446.8582,-57.0446,-15.1921,0.000,NORMAL,1,ROUTE,,,,,T2_REVERSE_TO_FORWARD
446.9583,-57.1370,-15.1538,0.000,NORMAL,1,ROUTE,,,,,T2_REVERSE_TO_FORWARD
447.0582,-57.2293,-15.1155,0.000,NORMAL,1,ROUTE,,,,,T2_REVERSE_TO_FORWARD
447.1582,-57.3217,-15.0772,0.000,NORMAL,1,ROUTE,,,,,T2_REVERSE_TO_FORWARD
447.2582,-57.4140,-15.0389,0.000,NORMAL,1,ROUTE,,,,,T2_REVERSE_TO_FORWARD
447.3582,-57.5064,-15.0006,0.000,NORMAL,1,ROUTE,,,,,T2_REVERSE_TO_FORWARD
447.4582,-57.5988,-14.9623,0.000,NORMAL,1,ROUTE,,,,,T2_REVERSE_TO_FORWARD
447.5581,-57.6911,-14.9241,0.000,NORMAL,1,ROUTE,,,,,T2_REVERSE_TO_FORWARD
447.6581,-57.7835,-14.8858,0.000,NORMAL,1,ROUTE,,,,,T2_REVERSE_TO_FORWARD
447.7580,-57.8758,-14.8475,0.000,NORMAL,1,ROUTE,,,,,T2_REVERSE_TO_FORWARD
447.8581,-57.9682,-14.8092,0.000,NORMAL,1,ROUTE,,,,,T2_REVERSE_TO_FORWARD
447.9580,-58.0605,-14.7708,0.000,NORMAL,1,ROUTE,,,,,T2_REVERSE_TO_FORWARD
448.0580,-58.1528,-14.7324,0.000,NORMAL,1,ROUTE,,,,,T2_REVERSE_TO_FORWARD
448.1580,-58.2451,-14.6939,0.000,NORMAL,1,ROUTE,,,,,T2_REVERSE_TO_FORWARD
448.2580,-58.3373,-14.6553,0.000,NORMAL,1,ROUTE,,,,,T2_REVERSE_TO_FORWARD
448.3580,-58.4296,-14.6167,0.000,NORMAL,1,ROUTE,,,,,T2_REVERSE_TO_FORWARD
448.4580,-58.5218,-14.5780,0.000,NORMAL,1,ROUTE,,,,,T2_REVERSE_TO_FORWARD
448.5579,-58.6139,-14.5393,0.000,NORMAL,1,ROUTE,,,,,T2_REVERSE_TO_FORWARD
448.6580,-58.7062,-14.5007,0.000,NORMAL,1,ROUTE,,,,,T2_REVERSE_TO_FORWARD
448.7580,-58.7985,-14.4622,0.000,NORMAL,1,ROUTE,,,,,T2_REVERSE_TO_FORWARD
448.8579,-58.8908,-14.4240,0.000,NORMAL,1,ROUTE,,,,,T2_REVERSE_TO_FORWARD
448.9579,-58.9834,-14.3861,0.000,NORMAL,1,ROUTE,,,,,T2_REVERSE_TO_FORWARD
449.0579,-59.0761,-14.3486,0.000,NORMAL,1,ROUTE,,,,,T2_REVERSE_TO_FORWARD
449.1578,-59.1690,-14.3118,0.000,NORMAL,1,ROUTE,,,,,T2_REVERSE_TO_FORWARD
449.2579,-59.2622,-14.2755,0.000,NORMAL,1,ROUTE,,,,,T2_REVERSE_TO_FORWARD
449.3578,-59.3556,-14.2400,0.000,NORMAL,1,ROUTE,,,,,T2_REVERSE_TO_FORWARD
449.4579,-59.4494,-14.2051,0.000,NORMAL,1,ROUTE,,,,,T2_REVERSE_TO_FORWARD
449.5578,-59.5433,-14.1710,0.000,NORMAL,1,ROUTE,,,,,T2_REVERSE_TO_FORWARD
449.6577,-59.6375,-14.1375,0.000,NORMAL,1,ROUTE,,,,,T2_REVERSE_TO_FORWARD
449.7577,-59.7319,-14.1046,0.000,NORMAL,1,ROUTE,,,,,T2_REVERSE_TO_FORWARD
449.8577,-59.8265,-14.0722,0.000,NORMAL,1,ROUTE,,,,,T2_REVERSE_TO_FORWARD
449.9578,-59.9213,-14.0402,0.000,NORMAL,1,ROUTE,,,,,T2_REVERSE_TO_FORWARD
450.0577,-60.0161,-14.0086,0.000,NORMAL,1,ROUTE,,,,,T2_REVERSE_TO_FORWARD
450.1577,-60.1111,-13.9773,0.000,NORMAL,1,ROUTE,,,,,T2_REVERSE_TO_FORWARD
450.2577,-60.2061,-13.9462,0.000,NORMAL,1,ROUTE,,,,,T2_REVERSE_TO_FORWARD
450.3576,-60.3011,-13.9151,0.000,NORMAL,1,ROUTE,,,,,T2_REVERSE_TO_FORWARD
450.4577,-60.3962,-13.8841,0.000,NORMAL,1,ROUTE,,,,,T2_REVERSE_TO_FORWARD
450.5576,-60.4912,-13.8530,0.000,NORMAL,1,ROUTE,,,,,T2_REVERSE_TO_FORWARD
450.6575,-60.5861,-13.8217,0.000,NORMAL,1,ROUTE,,,,,T2_REVERSE_TO_FORWARD
450.7576,-60.6810,-13.7900,0.000,NORMAL,1,ROUTE,,,,,T2_REVERSE_TO_FORWARD
450.8576,-60.7757,-13.7580,0.000,NORMAL,1,ROUTE,,,,,T2_REVERSE_TO_FORWARD
450.9576,-60.8703,-13.7255,0.000,NORMAL,1,ROUTE,,,,,T2_REVERSE_TO_FORWARD
451.0576,-60.9647,-13.6925,0.000,NORMAL,1,ROUTE,,,,,T2_REVERSE_TO_FORWARD
451.1576,-61.0589,-13.6590,0.000,NORMAL,1,ROUTE,,,,,T2_REVERSE_TO_FORWARD
451.2575,-61.1529,-13.6250,0.000,NORMAL,1,ROUTE,,,,,T2_REVERSE_TO_FORWARD
451.3574,-61.2467,-13.5906,0.000,NORMAL,1,ROUTE,,,,,T2_REVERSE_TO_FORWARD
451.4575,-61.3405,-13.5558,0.000,NORMAL,1,ROUTE,,,,,T2_REVERSE_TO_FORWARD
451.5574,-61.4341,-13.5207,0.000,NORMAL,1,ROUTE,,,,,T2_REVERSE_TO_FORWARD
451.6575,-61.5277,-13.4854,0.000,NORMAL,1,ROUTE,,,,,T2_REVERSE_TO_FORWARD
451.7574,-61.6212,-13.4501,0.000,NORMAL,1,ROUTE,,,,,T2_REVERSE_TO_FORWARD
451.8574,-61.7147,-13.4147,0.000,NORMAL,1,ROUTE,,,,,T2_REVERSE_TO_FORWARD
451.9574,-61.8083,-13.3794,0.000,NORMAL,1,ROUTE,,,,,T2_REVERSE_TO_FORWARD
452.0573,-61.9018,-13.3443,0.000,NORMAL,1,ROUTE,,,,,T2_REVERSE_TO_FORWARD
452.1574,-61.9955,-13.3092,0.000,NORMAL,1,ROUTE,,,,,T2_REVERSE_TO_FORWARD
452.2574,-62.0892,-13.2743,0.000,NORMAL,1,ROUTE,,,,,T2_REVERSE_TO_FORWARD
452.3573,-62.1829,-13.2394,0.000,NORMAL,1,ROUTE,,,,,T2_REVERSE_TO_FORWARD
452.4573,-62.2766,-13.2046,0.000,NORMAL,1,ROUTE,,,,,T2_REVERSE_TO_FORWARD
452.5573,-62.3704,-13.1699,0.000,NORMAL,1,ROUTE,,,,,T2_REVERSE_TO_FORWARD
452.6573,-62.4641,-13.1351,0.000,NORMAL,1,ROUTE,,,,,T2_REVERSE_TO_FORWARD
452.7572,-62.5578,-13.1002,0.000,NORMAL,1,ROUTE,,,,,T2_REVERSE_TO_FORWARD
452.8572,-62.6515,-13.0653,0.000,NORMAL,1,ROUTE,,,,,T2_REVERSE_TO_FORWARD
452.9572,-62.7451,-13.0302,0.000,NORMAL,1,ROUTE,,,,,T2_REVERSE_TO_FORWARD
453.0572,-62.8387,-12.9951,0.000,NORMAL,1,ROUTE,,,,,T2_REVERSE_TO_FORWARD
453.1572,-62.9323,-12.9599,0.000,NORMAL,1,ROUTE,,,,,T2_REVERSE_TO_FORWARD
453.2572,-63.0259,-12.9246,0.000,NORMAL,1,ROUTE,,,,,T2_REVERSE_TO_FORWARD
453.3572,-63.1195,-12.8895,0.000,NORMAL,1,ROUTE,,,,,T2_REVERSE_TO_FORWARD
453.4571,-63.2131,-12.8545,0.000,NORMAL,1,ROUTE,,,,,T2_REVERSE_TO_FORWARD
453.5571,-63.3069,-12.8198,0.000,NORMAL,1,ROUTE,,,,,T2_REVERSE_TO_FORWARD
453.6571,-63.4008,-12.7855,0.000,NORMAL,1,ROUTE,,,,,T2_REVERSE_TO_FORWARD
453.7570,-63.4948,-12.7515,0.000,NORMAL,1,ROUTE,,,,,T2_REVERSE_TO_FORWARD
453.8571,-63.5890,-12.7179,0.000,NORMAL,1,ROUTE,,,,,T2_REVERSE_TO_FORWARD
453.9570,-63.6833,-12.6847,0.000,NORMAL,1,ROUTE,,,,,T2_REVERSE_TO_FORWARD
454.0571,-63.7778,-12.6519,0.000,NORMAL,1,ROUTE,,,,,T2_REVERSE_TO_FORWARD
454.1570,-63.8723,-12.6194,0.000,NORMAL,1,ROUTE,,,,,T2_REVERSE_TO_FORWARD
454.2570,-63.9670,-12.5872,0.000,NORMAL,1,ROUTE,,,,,T2_REVERSE_TO_FORWARD
454.3570,-64.0617,-12.5552,0.000,NORMAL,1,ROUTE,,,,,T2_REVERSE_TO_FORWARD
454.4570,-64.1565,-12.5234,0.000,NORMAL,1,ROUTE,,,,,T2_REVERSE_TO_FORWARD
454.5570,-64.2513,-12.4916,0.000,NORMAL,1,ROUTE,,,,,T2_REVERSE_TO_FORWARD
454.6569,-64.3461,-12.4599,0.000,NORMAL,1,ROUTE,,,,,T2_REVERSE_TO_FORWARD
454.7569,-64.4410,-12.4283,0.000,NORMAL,1,ROUTE,,,,,T2_REVERSE_TO_FORWARD
454.8569,-64.5358,-12.3965,0.000,NORMAL,1,ROUTE,,,,,T2_REVERSE_TO_FORWARD
454.9569,-64.6306,-12.3648,0.000,NORMAL,1,ROUTE,,,,,T2_REVERSE_TO_FORWARD
455.0568,-64.7253,-12.3329,0.000,NORMAL,1,ROUTE,,,,,T2_REVERSE_TO_FORWARD
455.1569,-64.8201,-12.3009,0.000,NORMAL,1,ROUTE,,,,,T2_REVERSE_TO_FORWARD
455.2569,-64.9148,-12.2688,0.000,NORMAL,1,ROUTE,,,,,T2_REVERSE_TO_FORWARD
455.3568,-65.0094,-12.2365,0.000,NORMAL,1,ROUTE,,,,,T2_REVERSE_TO_FORWARD
455.4567,-65.1039,-12.2041,0.000,NORMAL,1,ROUTE,,,,,T2_REVERSE_TO_FORWARD
455.5567,-65.1984,-12.1714,0.000,NORMAL,1,ROUTE,,,,,T2_REVERSE_TO_FORWARD
455.6568,-65.2929,-12.1385,0.000,NORMAL,1,ROUTE,,,,,T2_REVERSE_TO_FORWARD
455.7567,-65.3872,-12.1054,0.000,NORMAL,1,ROUTE,,,,,T2_REVERSE_TO_FORWARD
455.8567,-65.4815,-12.0721,0.000,NORMAL,1,ROUTE,,,,,T2_REVERSE_TO_FORWARD
455.9567,-65.5756,-12.0385,0.000,NORMAL,1,ROUTE,,,,,T2_REVERSE_TO_FORWARD
456.0567,-65.6697,-12.0046,0.000,NORMAL,1,ROUTE,,,,,T2_REVERSE_TO_FORWARD
456.1567,-65.7637,-11.9705,0.000,NORMAL,1,ROUTE,,,,,T2_REVERSE_TO_FORWARD
456.2566,-65.8576,-11.9362,0.000,NORMAL,1,ROUTE,,,,,T2_REVERSE_TO_FORWARD
456.3566,-65.9514,-11.9015,0.000,NORMAL,1,ROUTE,,,,,T2_REVERSE_TO_FORWARD
456.4566,-66.0451,-11.8666,0.000,NORMAL,1,ROUTE,,,,,T2_REVERSE_TO_FORWARD
456.5566,-66.1386,-11.8313,0.000,NORMAL,1,ROUTE,,,,,T2_REVERSE_TO_FORWARD
456.6566,-66.2321,-11.7958,0.000,NORMAL,1,ROUTE,,,,,T2_REVERSE_TO_FORWARD
456.7566,-66.3254,-11.7599,0.000,NORMAL,1,ROUTE,,,,,T2_REVERSE_TO_FORWARD
456.8566,-66.4187,-11.7239,0.000,NORMAL,1,ROUTE,,,,,T2_REVERSE_TO_FORWARD
456.9566,-66.5119,-11.6876,0.000,NORMAL,1,ROUTE,,,,,T2_REVERSE_TO_FORWARD
457.0565,-66.6050,-11.6512,0.000,NORMAL,1,ROUTE,,,,,T2_REVERSE_TO_FORWARD
457.1565,-66.6980,-11.6146,0.000,NORMAL,1,ROUTE,,,,,T2_REVERSE_TO_FORWARD
457.2565,-66.7910,-11.5778,0.000,NORMAL,1,ROUTE,,,,,T2_REVERSE_TO_FORWARD
457.3564,-66.8839,-11.5410,0.000,NORMAL,1,ROUTE,,,,,T2_REVERSE_TO_FORWARD
457.4564,-66.9768,-11.5040,0.000,NORMAL,1,ROUTE,,,,,T2_REVERSE_TO_FORWARD
457.5564,-67.0697,-11.4670,0.000,NORMAL,1,ROUTE,,,,,T2_REVERSE_TO_FORWARD
457.6564,-67.1626,-11.4300,0.000,NORMAL,1,ROUTE,,,,,T2_REVERSE_TO_FORWARD
457.7564,-67.2555,-11.3930,0.000,NORMAL,1,ROUTE,,,,,T2_REVERSE_TO_FORWARD
457.8564,-67.3483,-11.3559,0.000,NORMAL,1,ROUTE,,,,,T2_REVERSE_TO_FORWARD
457.9564,-67.4412,-11.3189,0.000,NORMAL,1,ROUTE,,,,,T2_REVERSE_TO_FORWARD
458.0564,-67.5341,-11.2819,0.000,NORMAL,1,ROUTE,,,,,T2_REVERSE_TO_FORWARD
458.1563,-67.6270,-11.2451,0.000,NORMAL,1,ROUTE,,,,,T2_REVERSE_TO_FORWARD
458.2563,-67.7200,-11.2082,0.000,NORMAL,1,ROUTE,,,,,T2_REVERSE_TO_FORWARD
458.3563,-67.8130,-11.1715,0.000,NORMAL,1,ROUTE,,,,,T2_REVERSE_TO_FORWARD
458.4563,-67.9060,-11.1349,0.000,NORMAL,1,ROUTE,,,,,T2_REVERSE_TO_FORWARD
458.5563,-67.9991,-11.0984,0.000,NORMAL,1,ROUTE,,,,,T2_REVERSE_TO_FORWARD
458.6562,-68.0922,-11.0620,0.000,NORMAL,1,ROUTE,,,,,T2_REVERSE_TO_FORWARD
458.7562,-68.1854,-11.0257,0.000,NORMAL,1,ROUTE,,,,,T2_REVERSE_TO_FORWARD
458.8562,-68.2786,-10.9895,0.000,NORMAL,1,ROUTE,,,,,T2_REVERSE_TO_FORWARD
458.9562,-68.3718,-10.9532,0.000,NORMAL,1,ROUTE,,,,,T2_REVERSE_TO_FORWARD
459.0561,-68.4649,-10.9170,0.000,NORMAL,1,ROUTE,,,,,T2_REVERSE_TO_FORWARD
459.1561,-68.5581,-10.8808,0.000,NORMAL,1,ROUTE,,,,,T2_REVERSE_TO_FORWARD
459.2561,-68.6513,-10.8445,0.000,NORMAL,1,ROUTE,,,,,T2_REVERSE_TO_FORWARD
459.3561,-68.7444,-10.8081,0.000,NORMAL,1,ROUTE,,,,,T2_REVERSE_TO_FORWARD
459.4561,-68.8376,-10.7717,0.000,NORMAL,1,ROUTE,,,,,T2_REVERSE_TO_FORWARD
459.5561,-68.9307,-10.7353,0.000,NORMAL,1,ROUTE,,,,,T2_REVERSE_TO_FORWARD
459.6561,-69.0238,-10.6988,0.000,NORMAL,1,ROUTE,,,,,T2_REVERSE_TO_FORWARD
459.7560,-69.1168,-10.6623,0.000,NORMAL,1,ROUTE,,,,,T2_REVERSE_TO_FORWARD
459.8561,-69.2099,-10.6257,0.000,NORMAL,1,ROUTE,,,,,T2_REVERSE_TO_FORWARD
459.9560,-69.3030,-10.5893,0.000,NORMAL,1,ROUTE,,,,,T2_REVERSE_TO_FORWARD
460.0560,-69.3962,-10.5530,0.000,NORMAL,1,ROUTE,,,,,T2_REVERSE_TO_FORWARD
460.1560,-69.4894,-10.5168,0.000,NORMAL,1,ROUTE,,,,,T2_REVERSE_TO_FORWARD
460.2560,-69.5827,-10.4810,0.000,NORMAL,1,ROUTE,,,,,T2_REVERSE_TO_FORWARD
460.3559,-69.6761,-10.4454,0.000,NORMAL,1,ROUTE,,,,,T2_REVERSE_TO_FORWARD
460.4559,-69.7697,-10.4102,0.000,NORMAL,1,ROUTE,,,,,T2_REVERSE_TO_FORWARD
460.5559,-69.8635,-10.3755,0.000,NORMAL,1,ROUTE,,,,,T2_REVERSE_TO_FORWARD
460.6559,-69.9574,-10.3412,0.000,NORMAL,1,ROUTE,,,,,T2_REVERSE_TO_FORWARD
460.7559,-70.0515,-10.3074,0.000,NORMAL,1,ROUTE,,,,,T2_REVERSE_TO_FORWARD
460.8559,-70.1458,-10.2741,0.000,NORMAL,1,ROUTE,,,,,T2_REVERSE_TO_FORWARD
460.9558,-70.2402,-10.2412,0.000,NORMAL,1,ROUTE,,,,,T2_REVERSE_TO_FORWARD
461.0558,-70.3347,-10.2086,0.000,NORMAL,1,ROUTE,,,,,T2_REVERSE_TO_FORWARD
461.1558,-70.4293,-10.1763,0.000,NORMAL,1,ROUTE,,,,,T2_REVERSE_TO_FORWARD
461.2558,-70.5240,-10.1441,0.000,NORMAL,1,ROUTE,,,,,T2_REVERSE_TO_FORWARD
461.3557,-70.6187,-10.1122,0.000,NORMAL,1,ROUTE,,,,,T2_REVERSE_TO_FORWARD
461.4558,-70.7135,-10.0803,0.000,NORMAL,1,ROUTE,,,,,T2_REVERSE_TO_FORWARD
461.5558,-70.8083,-10.0484,0.000,NORMAL,1,ROUTE,,,,,T2_REVERSE_TO_FORWARD
461.6557,-70.9030,-10.0165,0.000,NORMAL,1,ROUTE,,,,,T2_REVERSE_TO_FORWARD
461.7558,-70.9978,-9.9845,0.000,NORMAL,1,ROUTE,,,,,T2_REVERSE_TO_FORWARD
461.8557,-71.0925,-9.9525,0.000,NORMAL,1,ROUTE,,,,,T2_REVERSE_TO_FORWARD
461.9557,-71.1872,-9.9205,0.000,NORMAL,1,ROUTE,,,,,T2_REVERSE_TO_FORWARD
462.0557,-71.2819,-9.8884,0.000,NORMAL,1,ROUTE,,,,,T2_REVERSE_TO_FORWARD
462.1557,-71.3766,-9.8563,0.000,NORMAL,1,ROUTE,,,,,T2_REVERSE_TO_FORWARD
462.2557,-71.4713,-9.8242,0.000,NORMAL,1,ROUTE,,,,,T2_REVERSE_TO_FORWARD
462.3556,-71.5660,-9.7922,0.000,NORMAL,1,ROUTE,,,,,T2_REVERSE_TO_FORWARD
462.4556,-71.6607,-9.7602,0.000,NORMAL,1,ROUTE,,,,,T2_REVERSE_TO_FORWARD
462.5556,-71.7555,-9.7283,0.000,NORMAL,1,ROUTE,,,,,T2_REVERSE_TO_FORWARD
462.6556,-71.8503,-9.6965,0.000,NORMAL,1,ROUTE,,,,,T2_REVERSE_TO_FORWARD
462.7555,-71.9450,-9.6646,0.000,NORMAL,1,ROUTE,,,,,T2_REVERSE_TO_FORWARD
462.8555,-72.0398,-9.6327,0.000,NORMAL,1,ROUTE,,,,,T2_REVERSE_TO_FORWARD
462.9555,-72.1345,-9.6007,0.000,NORMAL,1,ROUTE,,,,,T2_REVERSE_TO_FORWARD
463.0555,-72.2292,-9.5685,0.000,NORMAL,1,ROUTE,,,,,T2_REVERSE_TO_FORWARD
463.1555,-72.3237,-9.5359,0.000,NORMAL,1,ROUTE,,,,,T2_REVERSE_TO_FORWARD
463.2554,-72.4180,-9.5028,0.000,NORMAL,1,ROUTE,,,,,T2_REVERSE_TO_FORWARD
463.3554,-72.5122,-9.4692,0.000,NORMAL,1,ROUTE,,,,,T2_REVERSE_TO_FORWARD
463.4555,-72.6061,-9.4348,0.000,NORMAL,1,ROUTE,,,,,T2_REVERSE_TO_FORWARD
463.5554,-72.6997,-9.3997,0.000,NORMAL,1,ROUTE,,,,,T2_REVERSE_TO_FORWARD
463.6554,-72.7930,-9.3638,0.000,NORMAL,1,ROUTE,,,,,T2_REVERSE_TO_FORWARD
463.7554,-72.8860,-9.3271,0.000,NORMAL,1,ROUTE,,,,,T2_REVERSE_TO_FORWARD
463.8554,-72.9788,-9.2898,0.000,NORMAL,1,ROUTE,,,,,T2_REVERSE_TO_FORWARD
463.9553,-73.0713,-9.2520,0.000,NORMAL,1,ROUTE,,,,,T2_REVERSE_TO_FORWARD
464.0553,-73.1638,-9.2139,0.000,NORMAL,1,ROUTE,,,,,T2_REVERSE_TO_FORWARD
464.1553,-73.2562,-9.1758,0.000,NORMAL,1,ROUTE,,,,,T2_REVERSE_TO_FORWARD
464.2553,-73.3487,-9.1378,0.000,NORMAL,1,ROUTE,,,,,T2_REVERSE_TO_FORWARD
464.3553,-73.4414,-9.1003,0.000,NORMAL,1,ROUTE,,,,,T2_REVERSE_TO_FORWARD
464.4553,-73.5343,-9.0634,0.000,NORMAL,1,ROUTE,,,,,T2_REVERSE_TO_FORWARD
464.5553,-73.6276,-9.0274,0.000,NORMAL,1,ROUTE,,,,,T2_REVERSE_TO_FORWARD
464.6552,-73.7213,-8.9925,0.000,NORMAL,1,ROUTE,,,,,T2_REVERSE_TO_FORWARD
464.7552,-73.8154,-8.9589,0.000,NORMAL,1,ROUTE,,,,,T2_REVERSE_TO_FORWARD
464.8552,-73.9100,-8.9265,0.000,NORMAL,1,ROUTE,,,,,T2_REVERSE_TO_FORWARD
464.9551,-74.0050,-8.8953,0.000,NORMAL,1,ROUTE,,,,,T2_REVERSE_TO_FORWARD
465.0551,-74.1004,-8.8654,0.000,NORMAL,1,ROUTE,,,,,T2_REVERSE_TO_FORWARD
465.1551,-74.1961,-8.8364,0.000,NORMAL,1,ROUTE,,,,,T2_REVERSE_TO_FORWARD
465.2552,-74.2921,-8.8083,0.000,NORMAL,1,ROUTE,,,,,T2_REVERSE_TO_FORWARD
465.3551,-74.3882,-8.7808,0.000,NORMAL,1,ROUTE,,,,,T2_REVERSE_TO_FORWARD
465.4551,-74.4845,-8.7540,0.000,NORMAL,1,ROUTE,,,,,T2_REVERSE_TO_FORWARD
465.5550,-74.5809,-8.7275,0.000,NORMAL,1,ROUTE,,,,,T2_REVERSE_TO_FORWARD
465.6550,-74.6774,-8.7013,0.000,NORMAL,1,ROUTE,,,,,T2_REVERSE_TO_FORWARD
465.7551,-74.7740,-8.6753,0.000,NORMAL,1,ROUTE,,,,,T2_REVERSE_TO_FORWARD
465.8550,-74.8705,-8.6494,0.000,NORMAL,1,ROUTE,,,,,T2_REVERSE_TO_FORWARD
465.9550,-74.9671,-8.6235,0.000,NORMAL,1,ROUTE,,,,,T2_REVERSE_TO_FORWARD
466.0550,-75.0637,-8.5977,0.000,NORMAL,1,ROUTE,,,,,T2_REVERSE_TO_FORWARD
466.1550,-75.1603,-8.5719,0.000,NORMAL,1,ROUTE,,,,,T2_REVERSE_TO_FORWARD
466.2549,-75.2569,-8.5462,0.000,NORMAL,1,ROUTE,,,,,T2_REVERSE_TO_FORWARD
466.3549,-75.3536,-8.5207,0.000,NORMAL,1,ROUTE,,,,,T2_REVERSE_TO_FORWARD
466.4549,-75.4503,-8.4953,0.000,NORMAL,1,ROUTE,,,,,T2_REVERSE_TO_FORWARD
466.5549,-75.5471,-8.4701,0.000,NORMAL,1,ROUTE,,,,,T2_REVERSE_TO_FORWARD
466.6549,-75.6439,-8.4453,0.000,NORMAL,1,ROUTE,,,,,T2_REVERSE_TO_FORWARD
466.7549,-75.7409,-8.4209,0.000,NORMAL,1,ROUTE,,,,,T2_REVERSE_TO_FORWARD
466.8549,-75.8380,-8.3970,0.000,NORMAL,1,ROUTE,,,,,T2_REVERSE_TO_FORWARD
466.9548,-75.9352,-8.3737,0.000,NORMAL,1,ROUTE,,,,,T2_REVERSE_TO_FORWARD
467.0548,-76.0326,-8.3511,0.000,NORMAL,1,ROUTE,,,,,T2_REVERSE_TO_FORWARD
467.1548,-76.1301,-8.3292,0.000,NORMAL,1,ROUTE,,,,,T2_REVERSE_TO_FORWARD
467.2548,-76.2279,-8.3083,0.000,NORMAL,1,ROUTE,,,,,T2_REVERSE_TO_FORWARD
467.3548,-76.3259,-8.2883,0.000,NORMAL,1,ROUTE,,,,,T2_REVERSE_TO_FORWARD
467.4547,-76.4240,-8.2693,0.000,NORMAL,1,ROUTE,,,,,T2_REVERSE_TO_FORWARD
467.5547,-76.5224,-8.2513,0.000,NORMAL,1,ROUTE,,,,,T2_REVERSE_TO_FORWARD
467.6547,-76.6209,-8.2342,0.000,NORMAL,1,ROUTE,,,,,T2_REVERSE_TO_FORWARD
467.7547,-76.7195,-8.2179,0.000,NORMAL,1,ROUTE,,,,,T2_REVERSE_TO_FORWARD
467.8547,-76.8183,-8.2025,0.000,NORMAL,1,ROUTE,,,,,T2_REVERSE_TO_FORWARD
467.9546,-76.9172,-8.1878,0.000,NORMAL,1,ROUTE,,,,,T2_REVERSE_TO_FORWARD
468.0546,-77.0162,-8.1738,0.000,NORMAL,1,ROUTE,,,,,T2_REVERSE_TO_FORWARD
468.1546,-77.1153,-8.1606,0.000,NORMAL,1,ROUTE,,,,,T2_REVERSE_TO_FORWARD
468.2546,-77.2145,-8.1480,0.000,NORMAL,1,ROUTE,,,,,T2_REVERSE_TO_FORWARD
468.3546,-77.3138,-8.1361,0.000,NORMAL,1,ROUTE,,,,,T2_REVERSE_TO_FORWARD
468.4545,-77.4131,-8.1249,0.000,NORMAL,1,ROUTE,,,,,T2_REVERSE_TO_FORWARD
468.5546,-77.5126,-8.1144,0.000,NORMAL,1,ROUTE,,,,,T2_REVERSE_TO_FORWARD
468.6546,-77.6121,-8.1048,0.000,NORMAL,1,ROUTE,,,,,T2_REVERSE_TO_FORWARD
468.7545,-77.7117,-8.0960,0.000,NORMAL,1,ROUTE,,,,,T2_REVERSE_TO_FORWARD
468.8545,-77.8113,-8.0879,0.000,NORMAL,1,ROUTE,,,,,T2_REVERSE_TO_FORWARD
468.9545,-77.9111,-8.0808,0.000,NORMAL,1,ROUTE,,,,,T2_REVERSE_TO_FORWARD
469.0545,-78.0109,-8.0745,0.000,NORMAL,1,ROUTE,,,,,T2_REVERSE_TO_FORWARD
469.1545,-78.1107,-8.0693,0.000,NORMAL,1,ROUTE,,,,,T2_REVERSE_TO_FORWARD
469.2544,-78.2106,-8.0652,0.000,NORMAL,1,ROUTE,,,,,T2_REVERSE_TO_FORWARD
469.3544,-78.3105,-8.0623,0.000,NORMAL,1,ROUTE,,,,,T2_REVERSE_TO_FORWARD
469.4544,-78.4105,-8.0607,0.000,NORMAL,1,ROUTE,,,,,T2_REVERSE_TO_FORWARD
469.5544,-78.5105,-8.0607,0.000,NORMAL,1,ROUTE,,,,,T2_REVERSE_TO_FORWARD
469.6544,-78.6105,-8.0622,0.000,NORMAL,1,ROUTE,,,,,T2_REVERSE_TO_FORWARD
469.7544,-78.7104,-8.0653,0.000,NORMAL,1,ROUTE,,,,,T2_REVERSE_TO_FORWARD
469.8544,-78.8103,-8.0699,0.000,NORMAL,1,ROUTE,,,,,T2_REVERSE_TO_FORWARD
469.9543,-78.9101,-8.0760,0.000,NORMAL,1,ROUTE,,,,,T2_REVERSE_TO_FORWARD
470.0543,-79.0098,-8.0834,0.000,NORMAL,1,ROUTE,,,,,T2_REVERSE_TO_FORWARD
470.1543,-79.1094,-8.0920,0.000,NORMAL,1,ROUTE,,,,,T2_REVERSE_TO_FORWARD
470.2543,-79.2089,-8.1018,0.000,NORMAL,1,ROUTE,,,,,T2_REVERSE_TO_FORWARD
470.3543,-79.3083,-8.1128,0.000,NORMAL,1,ROUTE,,,,,T2_REVERSE_TO_FORWARD
470.4542,-79.4075,-8.1249,0.000,NORMAL,1,ROUTE,,,,,T2_REVERSE_TO_FORWARD
470.5542,-79.5066,-8.1383,0.000,NORMAL,1,ROUTE,,,,,T2_REVERSE_TO_FORWARD
470.6542,-79.6055,-8.1530,0.000,NORMAL,1,ROUTE,,,,,T2_REVERSE_TO_FORWARD
470.7541,-79.7041,-8.1693,0.000,NORMAL,1,ROUTE,,,,,T2_REVERSE_TO_FORWARD
470.8541,-79.8024,-8.1875,0.000,NORMAL,1,ROUTE,,,,,T2_REVERSE_TO_FORWARD
470.9541,-79.9003,-8.2077,0.000,NORMAL,1,ROUTE,,,,,T2_REVERSE_TO_FORWARD
471.0541,-79.9977,-8.2304,0.000,NORMAL,1,ROUTE,,,,,T2_REVERSE_TO_FORWARD
471.1541,-80.0944,-8.2559,0.000,NORMAL,1,ROUTE,,,,,T2_REVERSE_TO_FORWARD
471.2540,-80.1902,-8.2844,0.000,NORMAL,1,ROUTE,,,,,T2_REVERSE_TO_FORWARD
471.3540,-80.2850,-8.3162,0.000,NORMAL,1,ROUTE,,,,,T2_REVERSE_TO_FORWARD
471.4540,-80.3786,-8.3513,0.000,NORMAL,1,ROUTE,,,,,T2_REVERSE_TO_FORWARD
471.5541,-80.4710,-8.3897,0.000,NORMAL,1,ROUTE,,,,,T2_REVERSE_TO_FORWARD
471.6539,-80.5620,-8.4309,0.000,NORMAL,1,ROUTE,,,,,T2_REVERSE_TO_FORWARD
471.7539,-80.6519,-8.4747,0.000,NORMAL,1,ROUTE,,,,,T2_REVERSE_TO_FORWARD
471.8540,-80.7407,-8.5207,0.000,NORMAL,1,ROUTE,,,,,T2_REVERSE_TO_FORWARD
471.9540,-80.8285,-8.5686,0.000,NORMAL,1,ROUTE,,,,,T2_REVERSE_TO_FORWARD
472.0539,-80.9153,-8.6181,0.000,NORMAL,1,ROUTE,,,,,T2_REVERSE_TO_FORWARD
472.1539,-81.0014,-8.6689,0.000,NORMAL,1,ROUTE,,,,,T2_REVERSE_TO_FORWARD
472.2539,-81.0868,-8.7209,0.000,NORMAL,1,ROUTE,,,,,T2_REVERSE_TO_FORWARD
472.3538,-81.1716,-8.7738,0.000,NORMAL,1,ROUTE,,,,,T2_REVERSE_TO_FORWARD
472.4538,-81.2559,-8.8276,0.000,NORMAL,1,ROUTE,,,,,T2_REVERSE_TO_FORWARD
472.5538,-81.3397,-8.8822,0.000,NORMAL,1,ROUTE,,,,,T2_REVERSE_TO_FORWARD
472.6539,-81.4232,-8.9373,0.000,NORMAL,1,ROUTE,,,,,T2_REVERSE_TO_FORWARD
472.7538,-81.5063,-8.9929,0.000,NORMAL,1,ROUTE,,,,,T2_REVERSE_TO_FORWARD
472.8538,-81.5891,-9.0489,0.000,NORMAL,1,ROUTE,,,,,T2_REVERSE_TO_FORWARD
472.9538,-81.6717,-9.1052,0.000,NORMAL,1,ROUTE,,,,,T2_REVERSE_TO_FORWARD
473.0537,-81.7541,-9.1617,0.000,NORMAL,1,ROUTE,,,,,T2_REVERSE_TO_FORWARD
473.1537,-81.8364,-9.2185,0.000,NORMAL,1,ROUTE,,,,,T2_REVERSE_TO_FORWARD
473.2537,-81.9186,-9.2755,0.000,NORMAL,1,ROUTE,,,,,T2_REVERSE_TO_FORWARD
473.3536,-82.0006,-9.3326,0.000,NORMAL,1,ROUTE,,,,,T2_REVERSE_TO_FORWARD
473.4537,-82.0826,-9.3899,0.000,NORMAL,1,ROUTE,,,,,T2_REVERSE_TO_FORWARD
473.5537,-82.1644,-9.4474,0.000,NORMAL,1,ROUTE,,,,,T2_REVERSE_TO_FORWARD
473.6537,-82.2461,-9.5051,0.000,NORMAL,1,ROUTE,,,,,T2_REVERSE_TO_FORWARD
473.7536,-82.3276,-9.5629,0.000,NORMAL,1,ROUTE,,,,,T2_REVERSE_TO_FORWARD
473.8536,-82.4090,-9.6210,0.000,NORMAL,1,ROUTE,,,,,T2_REVERSE_TO_FORWARD
473.9536,-82.4903,-9.6792,0.000,NORMAL,1,ROUTE,,,,,T2_REVERSE_TO_FORWARD
474.0536,-82.5714,-9.7377,0.000,NORMAL,1,ROUTE,,,,,T2_REVERSE_TO_FORWARD
474.1535,-82.6522,-9.7965,0.000,NORMAL,1,ROUTE,,,,,T2_REVERSE_TO_FORWARD
474.2535,-82.7329,-9.8556,0.000,NORMAL,1,ROUTE,,,,,T2_REVERSE_TO_FORWARD
474.3535,-82.8132,-9.9151,0.000,NORMAL,1,ROUTE,,,,,T2_REVERSE_TO_FORWARD
474.4535,-82.8933,-9.9750,0.000,NORMAL,1,ROUTE,,,,,T2_REVERSE_TO_FORWARD
474.5534,-82.9730,-10.0353,0.000,NORMAL,1,ROUTE,,,,,T2_REVERSE_TO_FORWARD
474.6534,-83.0524,-10.0961,0.000,NORMAL,1,ROUTE,,,,,T2_REVERSE_TO_FORWARD
474.7535,-83.1315,-10.1573,0.000,NORMAL,1,ROUTE,,,,,T2_REVERSE_TO_FORWARD
474.8535,-83.2103,-10.2189,0.000,NORMAL,1,ROUTE,,,,,T2_REVERSE_TO_FORWARD
474.9534,-83.2887,-10.2809,0.000,NORMAL,1,ROUTE,,,,,T2_REVERSE_TO_FORWARD
475.0534,-83.3668,-10.3433,0.000,NORMAL,1,ROUTE,,,,,T2_REVERSE_TO_FORWARD
475.1534,-83.4445,-10.4062,0.000,NORMAL,1,ROUTE,,,,,T2_REVERSE_TO_FORWARD
475.2534,-83.5220,-10.4694,0.000,NORMAL,1,ROUTE,,,,,T2_REVERSE_TO_FORWARD
475.3534,-83.5991,-10.5331,0.000,NORMAL,1,ROUTE,,,,,T2_REVERSE_TO_FORWARD
475.4533,-83.6758,-10.5972,0.000,NORMAL,1,ROUTE,,,,,T2_REVERSE_TO_FORWARD
475.5533,-83.7522,-10.6617,0.000,NORMAL,1,ROUTE,,,,,T2_REVERSE_TO_FORWARD
475.6533,-83.8282,-10.7267,0.000,NORMAL,1,ROUTE,,,,,T2_REVERSE_TO_FORWARD
475.7533,-83.9039,-10.7920,0.000,NORMAL,1,ROUTE,,,,,T2_REVERSE_TO_FORWARD
475.8532,-83.9792,-10.8577,0.000,NORMAL,1,ROUTE,,,,,T2_REVERSE_TO_FORWARD
475.9532,-84.0542,-10.9238,0.000,NORMAL,1,ROUTE,,,,,T2_REVERSE_TO_FORWARD
476.0532,-84.1289,-10.9903,0.000,NORMAL,1,ROUTE,,,,,T2_REVERSE_TO_FORWARD
476.1532,-84.2033,-11.0571,0.000,NORMAL,1,ROUTE,,,,,T2_REVERSE_TO_FORWARD
476.2532,-84.2774,-11.1243,0.000,NORMAL,1,ROUTE,,,,,T2_REVERSE_TO_FORWARD
476.3532,-84.3511,-11.1918,0.000,NORMAL,1,ROUTE,,,,,T2_REVERSE_TO_FORWARD
476.4532,-84.4244,-11.2598,0.000,NORMAL,1,ROUTE,,,,,T2_REVERSE_TO_FORWARD
476.5532,-84.4974,-11.3282,0.000,NORMAL,1,ROUTE,,,,,T2_REVERSE_TO_FORWARD
476.6531,-84.5698,-11.3970,0.000,NORMAL,1,ROUTE,,,,,T2_REVERSE_TO_FORWARD
476.7531,-84.6419,-11.4663,0.000,NORMAL,1,ROUTE,,,,,T2_REVERSE_TO_FORWARD
476.8531,-84.7135,-11.5361,0.000,NORMAL,1,ROUTE,,,,,T2_REVERSE_TO_FORWARD
476.9531,-84.7846,-11.6064,0.000,NORMAL,1,ROUTE,,,,,T2_REVERSE_TO_FORWARD
477.0530,-84.8553,-11.6771,0.000,NORMAL,1,ROUTE,,,,,T2_REVERSE_TO_FORWARD
477.1530,-84.9255,-11.7483,0.000,NORMAL,1,ROUTE,,,,,T2_REVERSE_TO_FORWARD
477.2530,-84.9952,-11.8200,0.000,NORMAL,1,ROUTE,,,,,T2_REVERSE_TO_FORWARD
477.3530,-85.0642,-11.8923,0.000,NORMAL,1,ROUTE,,,,,T2_REVERSE_TO_FORWARD
477.4530,-85.1327,-11.9652,0.000,NORMAL,1,ROUTE,,,,,T2_REVERSE_TO_FORWARD
477.5530,-85.2004,-12.0388,0.000,NORMAL,1,ROUTE,,,,,T2_REVERSE_TO_FORWARD
477.6529,-85.2673,-12.1130,0.000,NORMAL,1,ROUTE,,,,,T2_REVERSE_TO_FORWARD
477.7529,-85.3335,-12.1880,0.000,NORMAL,1,ROUTE,,,,,T2_REVERSE_TO_FORWARD
477.8529,-85.3988,-12.2637,0.000,NORMAL,1,ROUTE,,,,,T2_REVERSE_TO_FORWARD
477.9529,-85.4632,-12.3402,0.000,NORMAL,1,ROUTE,,,,,T2_REVERSE_TO_FORWARD
478.0529,-85.5266,-12.4175,0.000,NORMAL,1,ROUTE,,,,,T2_REVERSE_TO_FORWARD
478.1528,-85.5891,-12.4955,0.000,NORMAL,1,ROUTE,,,,,T2_REVERSE_TO_FORWARD
478.2529,-85.6505,-12.5745,0.000,NORMAL,1,ROUTE,,,,,T2_REVERSE_TO_FORWARD
478.3528,-85.7106,-12.6543,0.000,NORMAL,1,ROUTE,,,,,T2_REVERSE_TO_FORWARD
478.4528,-85.7695,-12.7351,0.000,NORMAL,1,ROUTE,,,,,T2_REVERSE_TO_FORWARD
478.5528,-85.8270,-12.8169,0.000,NORMAL,1,ROUTE,,,,,T2_REVERSE_TO_FORWARD
478.6528,-85.8830,-12.8998,0.000,NORMAL,1,ROUTE,,,,,T2_REVERSE_TO_FORWARD
478.7528,-85.9375,-12.9836,0.000,NORMAL,1,ROUTE,,,,,T2_REVERSE_TO_FORWARD
478.8527,-85.9906,-13.0683,0.000,NORMAL,1,ROUTE,,,,,T2_REVERSE_TO_FORWARD
478.9528,-86.0425,-13.1538,0.000,NORMAL,1,ROUTE,,,,,T2_REVERSE_TO_FORWARD
479.0527,-86.0932,-13.2399,0.000,NORMAL,1,ROUTE,,,,,T2_REVERSE_TO_FORWARD
479.1527,-86.1431,-13.3266,0.000,NORMAL,1,ROUTE,,,,,T2_REVERSE_TO_FORWARD
479.2527,-86.1922,-13.4137,0.000,NORMAL,1,ROUTE,,,,,T2_REVERSE_TO_FORWARD
479.3526,-86.2408,-13.5010,0.000,NORMAL,1,ROUTE,,,,,T2_REVERSE_TO_FORWARD
479.4526,-86.2890,-13.5886,0.000,NORMAL,1,ROUTE,,,,,T2_REVERSE_TO_FORWARD
479.5526,-86.3371,-13.6763,0.000,NORMAL,1,ROUTE,,,,,T2_REVERSE_TO_FORWARD
479.6526,-86.3850,-13.7641,0.000,NORMAL,1,ROUTE,,,,,T2_REVERSE_TO_FORWARD
479.7526,-86.4329,-13.8518,0.000,NORMAL,1,ROUTE,,,,,T2_REVERSE_TO_FORWARD
479.8526,-86.4808,-13.9396,0.000,NORMAL,1,ROUTE,,,,,T2_REVERSE_TO_FORWARD
479.9526,-86.5287,-14.0274,0.000,NORMAL,1,ROUTE,,,,,T2_REVERSE_TO_FORWARD
480.0525,-86.5766,-14.1151,0.000,NORMAL,1,ROUTE,,,,,T2_REVERSE_TO_FORWARD
480.1525,-86.6244,-14.2029,0.000,NORMAL,1,ROUTE,,,,,T2_REVERSE_TO_FORWARD
480.2525,-86.6720,-14.2908,0.000,NORMAL,1,ROUTE,,,,,T2_REVERSE_TO_FORWARD
480.3525,-86.7195,-14.3788,0.000,NORMAL,1,ROUTE,,,,,T2_REVERSE_TO_FORWARD
480.4525,-86.7666,-14.4670,0.000,NORMAL,1,ROUTE,,,,,T2_REVERSE_TO_FORWARD
480.5525,-86.8134,-14.5554,0.000,NORMAL,1,ROUTE,,,,,T2_REVERSE_TO_FORWARD
480.6524,-86.8598,-14.6439,0.000,NORMAL,1,ROUTE,,,,,T2_REVERSE_TO_FORWARD
480.7525,-86.9057,-14.7328,0.000,NORMAL,1,ROUTE,,,,,T2_REVERSE_TO_FORWARD
480.8524,-86.9512,-14.8218,0.000,NORMAL,1,ROUTE,,,,,T2_REVERSE_TO_FORWARD
480.9524,-86.9963,-14.9110,0.000,NORMAL,1,ROUTE,,,,,T2_REVERSE_TO_FORWARD
481.0523,-87.0410,-15.0004,0.000,NORMAL,1,ROUTE,,,,,T2_REVERSE_TO_FORWARD
481.1523,-87.0854,-15.0900,0.000,NORMAL,1,ROUTE,,,,,T2_REVERSE_TO_FORWARD
481.2524,-87.1295,-15.1798,0.000,NORMAL,1,ROUTE,,,,,T2_REVERSE_TO_FORWARD
481.3524,-87.1733,-15.2697,0.000,NORMAL,1,ROUTE,,,,,T2_REVERSE_TO_FORWARD
481.4522,-87.2168,-15.3596,0.000,NORMAL,1,ROUTE,,,,,T2_REVERSE_TO_FORWARD
481.5522,-87.2602,-15.4497,0.000,NORMAL,1,ROUTE,,,,,T2_REVERSE_TO_FORWARD
481.6523,-87.3035,-15.5399,0.000,NORMAL,1,ROUTE,,,,,T2_REVERSE_TO_FORWARD
481.7523,-87.3466,-15.6301,0.000,NORMAL,1,ROUTE,,,,,T2_REVERSE_TO_FORWARD
481.8522,-87.3897,-15.7203,0.000,NORMAL,1,ROUTE,,,,,T2_REVERSE_TO_FORWARD
481.9522,-87.4328,-15.8105,0.000,NORMAL,1,ROUTE,,,,,T2_REVERSE_TO_FORWARD
482.0522,-87.4759,-15.9007,0.000,NORMAL,1,ROUTE,,,,,T2_REVERSE_TO_FORWARD
482.1522,-87.5191,-15.9909,0.000,NORMAL,1,ROUTE,,,,,T2_REVERSE_TO_FORWARD
482.2522,-87.5623,-16.0811,0.000,NORMAL,1,ROUTE,,,,,T2_REVERSE_TO_FORWARD
482.3522,-87.6057,-16.1712,0.000,NORMAL,1,ROUTE,,,,,T2_REVERSE_TO_FORWARD
482.4521,-87.6491,-16.2612,0.000,NORMAL,1,ROUTE,,,,,T2_REVERSE_TO_FORWARD
482.5521,-87.6925,-16.3513,0.000,NORMAL,1,ROUTE,,,,,T2_REVERSE_TO_FORWARD
482.6521,-87.7360,-16.4413,0.000,NORMAL,1,ROUTE,,,,,T2_REVERSE_TO_FORWARD
482.7520,-87.7795,-16.5313,0.000,NORMAL,1,ROUTE,,,,,T2_REVERSE_TO_FORWARD
482.8521,-87.8229,-16.6214,0.000,NORMAL,1,ROUTE,,,,,T2_REVERSE_TO_FORWARD
482.9520,-87.8662,-16.7115,0.000,NORMAL,1,ROUTE,,,,,T2_REVERSE_TO_FORWARD
483.0520,-87.9093,-16.8017,0.000,NORMAL,1,ROUTE,,,,,T2_REVERSE_TO_FORWARD
483.1520,-87.9521,-16.8921,0.000,NORMAL,1,ROUTE,,,,,T2_REVERSE_TO_FORWARD
483.2520,-87.9947,-16.9826,0.000,NORMAL,1,ROUTE,,,,,T2_REVERSE_TO_FORWARD
483.3520,-88.0369,-17.0732,0.000,NORMAL,1,ROUTE,,,,,T2_REVERSE_TO_FORWARD
483.4519,-88.0787,-17.1640,0.000,NORMAL,1,ROUTE,,,,,T2_REVERSE_TO_FORWARD
483.5520,-88.1202,-17.2550,0.000,NORMAL,1,ROUTE,,,,,T2_REVERSE_TO_FORWARD
483.6519,-88.1614,-17.3461,0.000,NORMAL,1,ROUTE,,,,,T2_REVERSE_TO_FORWARD
483.7519,-88.2024,-17.4373,0.000,NORMAL,1,ROUTE,,,,,T2_REVERSE_TO_FORWARD
483.8519,-88.2431,-17.5286,0.000,NORMAL,1,ROUTE,,,,,T2_REVERSE_TO_FORWARD
483.9519,-88.2836,-17.6200,0.000,NORMAL,1,ROUTE,,,,,T2_REVERSE_TO_FORWARD
484.0518,-88.3239,-17.7115,0.000,NORMAL,1,ROUTE,,,,,T2_REVERSE_TO_FORWARD
484.1518,-88.3642,-17.8030,0.000,NORMAL,1,ROUTE,,,,,T2_REVERSE_TO_FORWARD
484.2518,-88.4043,-17.8946,0.000,NORMAL,1,ROUTE,,,,,T2_REVERSE_TO_FORWARD
484.3518,-88.4444,-17.9862,0.000,NORMAL,1,ROUTE,,,,,T2_REVERSE_TO_FORWARD
484.4518,-88.4845,-18.0778,0.000,NORMAL,1,ROUTE,,,,,T2_REVERSE_TO_FORWARD
484.5518,-88.5245,-18.1694,0.000,NORMAL,1,ROUTE,,,,,T2_REVERSE_TO_FORWARD
484.6518,-88.5645,-18.2611,0.000,NORMAL,1,ROUTE,,,,,T2_REVERSE_TO_FORWARD
484.7517,-88.6044,-18.3527,0.000,NORMAL,1,ROUTE,,,,,T2_REVERSE_TO_FORWARD
484.8517,-88.6443,-18.4444,0.000,NORMAL,1,ROUTE,,,,,T2_REVERSE_TO_FORWARD
484.9517,-88.6841,-18.5361,0.000,NORMAL,1,ROUTE,,,,,T2_REVERSE_TO_FORWARD
485.0516,-88.7239,-18.6278,0.000,NORMAL,1,ROUTE,,,,,T2_REVERSE_TO_FORWARD
485.1517,-88.7636,-18.7196,0.000,NORMAL,1,ROUTE,,,,,T2_REVERSE_TO_FORWARD
485.2516,-88.8032,-18.8114,0.000,NORMAL,1,ROUTE,,,,,T2_REVERSE_TO_FORWARD
485.3516,-88.8428,-18.9032,0.000,NORMAL,1,ROUTE,,,,,T2_REVERSE_TO_FORWARD
485.4516,-88.8822,-18.9951,0.000,NORMAL,1,ROUTE,,,,,T2_REVERSE_TO_FORWARD
485.5516,-88.9217,-19.0870,0.000,NORMAL,1,ROUTE,,,,,T2_REVERSE_TO_FORWARD
485.6516,-88.9611,-19.1789,0.000,NORMAL,1,ROUTE,,,,,T2_REVERSE_TO_FORWARD
485.7515,-89.0005,-19.2707,0.000,NORMAL,1,ROUTE,,,,,T2_REVERSE_TO_FORWARD
485.8515,-89.0399,-19.3626,0.000,NORMAL,1,ROUTE,,,,,T2_REVERSE_TO_FORWARD
485.9515,-89.0794,-19.4545,0.000,NORMAL,1,ROUTE,,,,,T2_REVERSE_TO_FORWARD
486.0515,-89.1190,-19.5463,0.000,NORMAL,1,ROUTE,,,,,T2_REVERSE_TO_FORWARD
486.1515,-89.1587,-19.6381,0.000,NORMAL,1,ROUTE,,,,,T2_REVERSE_TO_FORWARD
486.2515,-89.1985,-19.7298,0.000,NORMAL,1,ROUTE,,,,,T2_REVERSE_TO_FORWARD
486.3515,-89.2385,-19.8214,0.000,NORMAL,1,ROUTE,,,,,T2_REVERSE_TO_FORWARD
486.4514,-89.2786,-19.9130,0.000,NORMAL,1,ROUTE,,,,,T2_REVERSE_TO_FORWARD
486.5514,-89.3189,-20.0045,0.000,NORMAL,1,ROUTE,,,,,T2_REVERSE_TO_FORWARD
486.6514,-89.3593,-20.0959,0.000,NORMAL,1,ROUTE,,,,,T2_REVERSE_TO_FORWARD
486.7514,-89.3999,-20.1873,0.000,NORMAL,1,ROUTE,,,,,T2_REVERSE_TO_FORWARD
486.8513,-89.4406,-20.2786,0.000,NORMAL,1,ROUTE,,,,,T2_REVERSE_TO_FORWARD
486.9514,-89.4815,-20.3699,0.000,NORMAL,1,ROUTE,,,,,T2_REVERSE_TO_FORWARD
487.0513,-89.5224,-20.4611,0.000,NORMAL,1,ROUTE,,,,,T2_REVERSE_TO_FORWARD
487.1513,-89.5634,-20.5523,0.000,NORMAL,1,ROUTE,,,,,T2_REVERSE_TO_FORWARD
487.2513,-89.6045,-20.6435,0.000,NORMAL,1,ROUTE,,,,,T2_REVERSE_TO_FORWARD
487.3513,-89.6456,-20.7346,0.000,NORMAL,1,ROUTE,,,,,T2_REVERSE_TO_FORWARD
487.4513,-89.6868,-20.8257,0.000,NORMAL,1,ROUTE,,,,,T2_REVERSE_TO_FORWARD
487.5513,-89.7280,-20.9168,0.000,NORMAL,1,ROUTE,,,,,T2_REVERSE_TO_FORWARD
487.6512,-89.7692,-21.0079,0.000,NORMAL,1,ROUTE,,,,,T2_REVERSE_TO_FORWARD
487.7512,-89.8103,-21.0990,0.000,NORMAL,1,ROUTE,,,,,T2_REVERSE_TO_FORWARD
487.8513,-89.8515,-21.1902,0.000,NORMAL,1,ROUTE,,,,,T2_REVERSE_TO_FORWARD
487.9512,-89.8926,-21.2813,0.000,NORMAL,1,ROUTE,,,,,T2_REVERSE_TO_FORWARD
488.0512,-89.9336,-21.3725,0.000,NORMAL,1,ROUTE,,,,,T2_REVERSE_TO_FORWARD
488.1511,-89.9745,-21.4637,0.000,NORMAL,1,ROUTE,,,,,T2_REVERSE_TO_FORWARD
488.2511,-90.0152,-21.5550,0.000,NORMAL,1,ROUTE,,,,,T2_REVERSE_TO_FORWARD
488.3511,-90.0558,-21.6464,0.000,NORMAL,1,ROUTE,,,,,T2_REVERSE_TO_FORWARD
488.4511,-90.0963,-21.7378,0.000,NORMAL,1,ROUTE,,,,,T2_REVERSE_TO_FORWARD
488.5511,-90.1365,-21.8294,0.000,NORMAL,1,ROUTE,,,,,T2_REVERSE_TO_FORWARD
488.6510,-90.1764,-21.9210,0.000,NORMAL,1,ROUTE,,,,,T2_REVERSE_TO_FORWARD
488.7511,-90.2162,-22.0128,0.000,NORMAL,1,ROUTE,,,,,T2_REVERSE_TO_FORWARD
488.8511,-90.2558,-22.1046,0.000,NORMAL,1,ROUTE,,,,,T2_REVERSE_TO_FORWARD
488.9510,-90.2951,-22.1965,0.000,NORMAL,1,ROUTE,,,,,T2_REVERSE_TO_FORWARD
489.0510,-90.3342,-22.2885,0.000,NORMAL,1,ROUTE,,,,,T2_REVERSE_TO_FORWARD
489.1510,-90.3732,-22.3806,0.000,NORMAL,1,ROUTE,,,,,T2_REVERSE_TO_FORWARD
489.2510,-90.4119,-22.4728,0.000,NORMAL,1,ROUTE,,,,,T2_REVERSE_TO_FORWARD
489.3509,-90.4505,-22.5650,0.000,NORMAL,1,ROUTE,,,,,T2_REVERSE_TO_FORWARD
489.4510,-90.4888,-22.6574,0.000,NORMAL,1,ROUTE,,,,,T2_REVERSE_TO_FORWARD
489.5510,-90.5270,-22.7498,0.000,NORMAL,1,ROUTE,,,,,T2_REVERSE_TO_FORWARD
489.6509,-90.5650,-22.8422,0.000,NORMAL,1,ROUTE,,,,,T2_REVERSE_TO_FORWARD
489.7509,-90.6030,-22.9347,0.000,NORMAL,1,ROUTE,,,,,T2_REVERSE_TO_FORWARD
489.8509,-90.6408,-23.0273,0.000,NORMAL,1,ROUTE,,,,,T2_REVERSE_TO_FORWARD
489.9508,-90.6787,-23.1198,0.000,NORMAL,1,ROUTE,,,,,T2_REVERSE_TO_FORWARD
490.0509,-90.7165,-23.2124,0.000,NORMAL,1,ROUTE,,,,,T2_REVERSE_TO_FORWARD
490.1508,-90.7545,-23.3048,0.000,NORMAL,1,ROUTE,,,,,T2_REVERSE_TO_FORWARD
490.2508,-90.7927,-23.3972,0.000,NORMAL,1,ROUTE,,,,,T2_REVERSE_TO_FORWARD
490.3508,-90.8312,-23.4895,0.000,NORMAL,1,ROUTE,,,,,T2_REVERSE_TO_FORWARD
490.4508,-90.8699,-23.5817,0.000,NORMAL,1,ROUTE,,,,,T2_REVERSE_TO_FORWARD
490.5508,-90.9091,-23.6737,0.000,NORMAL,1,ROUTE,,,,,T2_REVERSE_TO_FORWARD
490.6507,-90.9486,-23.7655,0.000,NORMAL,1,ROUTE,,,,,T2_REVERSE_TO_FORWARD
490.7507,-90.9885,-23.8572,0.000,NORMAL,1,ROUTE,,,,,T2_REVERSE_TO_FORWARD
490.8507,-91.0287,-23.9488,0.000,NORMAL,1,ROUTE,,,,,T2_REVERSE_TO_FORWARD
490.9507,-91.0692,-24.0402,0.000,NORMAL,1,ROUTE,,,,,T2_REVERSE_TO_FORWARD
491.0507,-91.1099,-24.1315,0.000,NORMAL,1,ROUTE,,,,,T2_REVERSE_TO_FORWARD
491.1507,-91.1507,-24.2228,0.000,NORMAL,1,ROUTE,,,,,T2_REVERSE_TO_FORWARD
491.2506,-91.1914,-24.3141,0.000,NORMAL,1,ROUTE,,,,,T2_REVERSE_TO_FORWARD
491.3506,-91.2319,-24.4055,0.000,NORMAL,1,ROUTE,,,,,T2_REVERSE_TO_FORWARD
491.4506,-91.2721,-24.4971,0.000,NORMAL,1,ROUTE,,,,,T2_REVERSE_TO_FORWARD
491.5506,-91.3118,-24.5888,0.000,NORMAL,1,ROUTE,,,,,T2_REVERSE_TO_FORWARD
491.6505,-91.3509,-24.6808,0.000,NORMAL,1,ROUTE,,,,,T2_REVERSE_TO_FORWARD
491.7505,-91.3894,-24.7731,0.000,NORMAL,1,ROUTE,,,,,T2_REVERSE_TO_FORWARD
491.8505,-91.4271,-24.8657,0.000,NORMAL,1,ROUTE,,,,,T2_REVERSE_TO_FORWARD
491.9505,-91.4640,-24.9586,0.000,NORMAL,1,ROUTE,,,,,T2_REVERSE_TO_FORWARD
492.0505,-91.5002,-25.0518,0.000,NORMAL,1,ROUTE,,,,,T2_REVERSE_TO_FORWARD
492.1505,-91.5357,-25.1453,0.000,NORMAL,1,ROUTE,,,,,T2_REVERSE_TO_FORWARD
492.2504,-91.5705,-25.2390,0.000,NORMAL,1,ROUTE,,,,,T2_REVERSE_TO_FORWARD
492.3505,-91.6048,-25.3330,0.000,NORMAL,1,ROUTE,,,,,T2_REVERSE_TO_FORWARD
492.4504,-91.6387,-25.4270,0.000,NORMAL,1,ROUTE,,,,,T2_REVERSE_TO_FORWARD
492.5504,-91.6722,-25.5212,0.000,NORMAL,1,ROUTE,,,,,T2_REVERSE_TO_FORWARD
492.6504,-91.7054,-25.6155,0.000,NORMAL,1,ROUTE,,,,,T2_REVERSE_TO_FORWARD
492.7504,-91.7384,-25.7099,0.000,NORMAL,1,ROUTE,,,,,T2_REVERSE_TO_FORWARD
492.8504,-91.7712,-25.8044,0.000,NORMAL,1,ROUTE,,,,,T2_REVERSE_TO_FORWARD
492.9503,-91.8040,-25.8988,0.000,NORMAL,1,ROUTE,,,,,T2_REVERSE_TO_FORWARD
493.0503,-91.8367,-25.9933,0.000,NORMAL,1,ROUTE,,,,,T2_REVERSE_TO_FORWARD
493.1504,-91.8695,-26.0878,0.000,NORMAL,1,ROUTE,,,,,T2_REVERSE_TO_FORWARD
493.2503,-91.9023,-26.1822,0.000,NORMAL,1,ROUTE,,,,,T2_REVERSE_TO_FORWARD
493.3502,-91.9351,-26.2766,0.000,NORMAL,1,ROUTE,,,,,T2_REVERSE_TO_FORWARD
493.4502,-91.9681,-26.3710,0.000,NORMAL,1,ROUTE,,,,,T2_REVERSE_TO_FORWARD
493.5503,-92.0012,-26.4654,0.000,NORMAL,1,ROUTE,,,,,T2_REVERSE_TO_FORWARD
493.6502,-92.0345,-26.5596,0.000,NORMAL,1,ROUTE,,,,,T2_REVERSE_TO_FORWARD
493.7502,-92.0680,-26.6538,0.000,NORMAL,1,ROUTE,,,,,T2_REVERSE_TO_FORWARD
493.8502,-92.1017,-26.7480,0.000,NORMAL,1,ROUTE,,,,,T2_REVERSE_TO_FORWARD
493.9501,-92.1356,-26.8420,0.000,NORMAL,1,ROUTE,,,,,T2_REVERSE_TO_FORWARD
494.0502,-92.1698,-26.9360,0.000,NORMAL,1,ROUTE,,,,,T2_REVERSE_TO_FORWARD
494.1502,-92.2042,-27.0299,0.000,NORMAL,1,ROUTE,,,,,T2_REVERSE_TO_FORWARD
494.2501,-92.2389,-27.1236,0.000,NORMAL,1,ROUTE,,,,,T2_REVERSE_TO_FORWARD
494.3501,-92.2739,-27.2173,0.000,NORMAL,1,ROUTE,,,,,T2_REVERSE_TO_FORWARD
494.4501,-92.3090,-27.3109,0.000,NORMAL,1,ROUTE,,,,,T2_REVERSE_TO_FORWARD
494.5500,-92.3444,-27.4044,0.000,NORMAL,1,ROUTE,,,,,T2_REVERSE_TO_FORWARD
494.6501,-92.3800,-27.4979,0.000,NORMAL,1,ROUTE,,,,,T2_REVERSE_TO_FORWARD
494.7500,-92.4158,-27.5912,0.000,NORMAL,1,ROUTE,,,,,T2_REVERSE_TO_FORWARD
494.8500,-92.4517,-27.6845,0.000,NORMAL,1,ROUTE,,,,,T2_REVERSE_TO_FORWARD
494.9500,-92.4878,-27.7778,0.000,NORMAL,1,ROUTE,,,,,T2_REVERSE_TO_FORWARD
495.0500,-92.5241,-27.8709,0.000,NORMAL,1,ROUTE,,,,,T2_REVERSE_TO_FORWARD
495.1500,-92.5606,-27.9640,0.000,NORMAL,1,ROUTE,,,,,T2_REVERSE_TO_FORWARD
495.2500,-92.5972,-28.0571,0.000,NORMAL,1,ROUTE,,,,,T2_REVERSE_TO_FORWARD
495.3500,-92.6339,-28.1501,0.000,NORMAL,1,ROUTE,,,,,T2_REVERSE_TO_FORWARD
495.4499,-92.6707,-28.2430,0.000,NORMAL,1,ROUTE,,,,,T2_REVERSE_TO_FORWARD
495.5499,-92.7075,-28.3360,0.000,NORMAL,1,ROUTE,,,,,T2_REVERSE_TO_FORWARD
495.6499,-92.7443,-28.4290,0.000,NORMAL,1,ROUTE,,,,,T2_REVERSE_TO_FORWARD
495.7498,-92.7810,-28.5219,0.000,NORMAL,1,ROUTE,,,,,T2_REVERSE_TO_FORWARD
495.8499,-92.8176,-28.6150,0.000,NORMAL,1,ROUTE,,,,,T2_REVERSE_TO_FORWARD
495.9498,-92.8540,-28.7081,0.000,NORMAL,1,ROUTE,,,,,T2_REVERSE_TO_FORWARD
496.0499,-92.8901,-28.8014,0.000,NORMAL,1,ROUTE,,,,,T2_REVERSE_TO_FORWARD
496.1498,-92.9259,-28.8947,0.000,NORMAL,1,ROUTE,,,,,T2_REVERSE_TO_FORWARD
496.2498,-92.9613,-28.9882,0.000,NORMAL,1,ROUTE,,,,,T2_REVERSE_TO_FORWARD
496.3498,-92.9965,-29.0818,0.000,NORMAL,1,ROUTE,,,,,T2_REVERSE_TO_FORWARD
496.4498,-93.0314,-29.1755,0.000,NORMAL,1,ROUTE,,,,,T2_REVERSE_TO_FORWARD
496.5498,-93.0661,-29.2693,0.000,NORMAL,1,ROUTE,,,,,T2_REVERSE_TO_FORWARD
496.6497,-93.1007,-29.3631,0.000,NORMAL,1,ROUTE,,,,,T2_REVERSE_TO_FORWARD
496.7497,-93.1353,-29.4569,0.000,NORMAL,1,ROUTE,,,,,T2_REVERSE_TO_FORWARD
496.8497,-93.1699,-29.5507,0.000,NORMAL,1,ROUTE,,,,,T2_REVERSE_TO_FORWARD
496.9497,-93.2047,-29.6444,0.000,NORMAL,1,ROUTE,,,,,T2_REVERSE_TO_FORWARD
497.0496,-93.2396,-29.7381,0.000,NORMAL,1,ROUTE,,,,,T2_REVERSE_TO_FORWARD
497.1496,-93.2748,-29.8317,0.000,NORMAL,1,ROUTE,,,,,T2_REVERSE_TO_FORWARD
497.2496,-93.3102,-29.9252,0.000,NORMAL,1,ROUTE,,,,,T2_REVERSE_TO_FORWARD
497.3496,-93.3460,-30.0185,0.000,NORMAL,1,ROUTE,,,,,T2_REVERSE_TO_FORWARD
497.4496,-93.3820,-30.1118,0.000,NORMAL,1,ROUTE,,,,,T2_REVERSE_TO_FORWARD
497.5496,-93.4183,-30.2050,0.000,NORMAL,1,ROUTE,,,,,T2_REVERSE_TO_FORWARD
497.6496,-93.4548,-30.2981,0.000,NORMAL,1,ROUTE,,,,,T2_REVERSE_TO_FORWARD
497.7495,-93.4914,-30.3911,0.000,NORMAL,1,ROUTE,,,,,T2_REVERSE_TO_FORWARD
497.8495,-93.5281,-30.4841,0.000,NORMAL,1,ROUTE,,,,,T2_REVERSE_TO_FORWARD
497.9495,-93.5649,-30.5771,0.000,NORMAL,1,ROUTE,,,,,T2_REVERSE_TO_FORWARD
498.0494,-93.6017,-30.6700,0.000,NORMAL,1,ROUTE,,,,,T2_REVERSE_TO_FORWARD
498.1494,-93.6384,-30.7630,0.000,NORMAL,1,ROUTE,,,,,T2_REVERSE_TO_FORWARD
498.2494,-93.6749,-30.8561,0.000,NORMAL,1,ROUTE,,,,,T2_REVERSE_TO_FORWARD
498.3495,-93.7113,-30.9493,0.000,NORMAL,1,ROUTE,,,,,T2_REVERSE_TO_FORWARD
498.4494,-93.7472,-31.0426,0.000,NORMAL,1,ROUTE,,,,,T2_REVERSE_TO_FORWARD
498.5494,-93.7828,-31.1360,0.000,NORMAL,1,ROUTE,,,,,T2_REVERSE_TO_FORWARD
498.6494,-93.8179,-31.2296,0.000,NORMAL,1,ROUTE,,,,,T2_REVERSE_TO_FORWARD
498.7493,-93.8525,-31.3234,0.000,NORMAL,1,ROUTE,,,,,T2_REVERSE_TO_FORWARD
498.8493,-93.8863,-31.4175,0.000,NORMAL,1,ROUTE,,,,,T2_REVERSE_TO_FORWARD
498.9493,-93.9193,-31.5119,0.000,NORMAL,1,ROUTE,,,,,T2_REVERSE_TO_FORWARD
499.0493,-93.9513,-31.6066,0.000,NORMAL,1,ROUTE,,,,,T2_REVERSE_TO_FORWARD
499.1493,-93.9823,-31.7017,0.000,NORMAL,1,ROUTE,,,,,T2_REVERSE_TO_FORWARD
499.2492,-94.0120,-31.7971,0.000,NORMAL,1,ROUTE,,,,,T2_REVERSE_TO_FORWARD
499.3493,-94.0405,-31.8930,0.000,NORMAL,1,ROUTE,,,,,T2_REVERSE_TO_FORWARD
499.4492,-94.0675,-31.9892,0.000,NORMAL,1,ROUTE,,,,,T2_REVERSE_TO_FORWARD
499.5493,-94.0933,-32.0859,0.000,NORMAL,1,ROUTE,,,,,T2_REVERSE_TO_FORWARD
499.6492,-94.1178,-32.1828,0.000,NORMAL,1,ROUTE,,,,,T2_REVERSE_TO_FORWARD
499.7492,-94.1412,-32.2800,0.000,NORMAL,1,ROUTE,,,,,T2_REVERSE_TO_FORWARD
499.8492,-94.1639,-32.3774,0.000,NORMAL,1,ROUTE,,,,,T2_REVERSE_TO_FORWARD
499.9492,-94.1859,-32.4749,0.000,NORMAL,1,ROUTE,,,,,T2_REVERSE_TO_FORWARD
500.0491,-94.2076,-32.5725,0.000,NORMAL,1,ROUTE,,,,,T2_REVERSE_TO_FORWARD
500.1491,-94.2292,-32.6701,0.000,NORMAL,1,ROUTE,,,,,T2_REVERSE_TO_FORWARD
500.2491,-94.2507,-32.7678,0.000,NORMAL,1,ROUTE,,,,,T2_REVERSE_TO_FORWARD
500.3491,-94.2721,-32.8654,0.000,NORMAL,1,ROUTE,,,,,T2_REVERSE_TO_FORWARD
500.4491,-94.2936,-32.9631,0.000,NORMAL,1,ROUTE,,,,,T2_REVERSE_TO_FORWARD
500.5490,-94.3150,-33.0607,0.000,NORMAL,1,ROUTE,,,,,T2_REVERSE_TO_FORWARD
500.6490,-94.3362,-33.1584,0.000,NORMAL,1,ROUTE,,,,,T2_REVERSE_TO_FORWARD
500.7490,-94.3571,-33.2562,0.000,NORMAL,1,ROUTE,,,,,T2_REVERSE_TO_FORWARD
500.8490,-94.3775,-33.3541,0.000,NORMAL,1,ROUTE,,,,,T2_REVERSE_TO_FORWARD
500.9490,-94.3973,-33.4521,0.000,NORMAL,1,ROUTE,,,,,T2_REVERSE_TO_FORWARD
501.0490,-94.4163,-33.5503,0.000,NORMAL,1,ROUTE,,,,,T2_REVERSE_TO_FORWARD
501.1489,-94.4342,-33.6486,0.000,NORMAL,1,ROUTE,,,,,T2_REVERSE_TO_FORWARD
501.2489,-94.4510,-33.7472,0.000,NORMAL,1,ROUTE,,,,,T2_REVERSE_TO_FORWARD
501.3489,-94.4666,-33.8459,0.000,NORMAL,1,ROUTE,,,,,T2_REVERSE_TO_FORWARD
501.4489,-94.4809,-33.9449,0.000,NORMAL,1,ROUTE,,,,,T2_REVERSE_TO_FORWARD
501.5489,-94.4940,-34.0440,0.000,NORMAL,1,ROUTE,,,,,T2_REVERSE_TO_FORWARD
501.6489,-94.5059,-34.1433,0.000,NORMAL,1,ROUTE,,,,,T2_REVERSE_TO_FORWARD
501.7489,-94.5167,-34.2427,0.000,NORMAL,1,ROUTE,,,,,T2_REVERSE_TO_FORWARD
501.8488,-94.5263,-34.3422,0.000,NORMAL,1,ROUTE,,,,,T2_REVERSE_TO_FORWARD
501.9488,-94.5348,-34.4418,0.000,NORMAL,1,ROUTE,,,,,T2_REVERSE_TO_FORWARD
502.0487,-94.5421,-34.5415,0.000,NORMAL,1,ROUTE,,,,,T2_REVERSE_TO_FORWARD
502.1487,-94.5484,-34.6413,0.000,NORMAL,1,ROUTE,,,,,T2_REVERSE_TO_FORWARD
502.2488,-94.5534,-34.7412,0.000,NORMAL,1,ROUTE,,,,,T2_REVERSE_TO_FORWARD
502.3487,-94.5573,-34.8411,0.000,NORMAL,1,ROUTE,,,,,T2_REVERSE_TO_FORWARD
502.4487,-94.5600,-34.9410,0.000,NORMAL,1,ROUTE,,,,,T2_REVERSE_TO_FORWARD
502.5487,-94.5616,-35.0410,0.000,NORMAL,1,ROUTE,,,,,T2_REVERSE_TO_FORWARD
502.6487,-94.5622,-35.1410,0.000,NORMAL,1,ROUTE,,,,,T2_REVERSE_TO_FORWARD
502.7487,-94.5618,-35.2410,0.000,NORMAL,1,ROUTE,,,,,T2_REVERSE_TO_FORWARD
502.8486,-94.5606,-35.3409,0.000,NORMAL,1,ROUTE,,,,,T2_REVERSE_TO_FORWARD
502.9486,-94.5587,-35.4409,0.000,NORMAL,1,ROUTE,,,,,T2_REVERSE_TO_FORWARD
503.0487,-94.5560,-35.5409,0.000,NORMAL,1,ROUTE,,,,,T2_REVERSE_TO_FORWARD
503.1486,-94.5527,-35.6408,0.000,NORMAL,1,ROUTE,,,,,T2_REVERSE_TO_FORWARD
503.2486,-94.5488,-35.7407,0.000,NORMAL,1,ROUTE,,,,,T2_REVERSE_TO_FORWARD
503.3486,-94.5442,-35.8406,0.000,NORMAL,1,ROUTE,,,,,T2_REVERSE_TO_FORWARD
503.4485,-94.5389,-35.9404,0.000,NORMAL,1,ROUTE,,,,,T2_REVERSE_TO_FORWARD
503.5485,-94.5329,-36.0402,0.000,NORMAL,1,ROUTE,,,,,T2_REVERSE_TO_FORWARD
503.6485,-94.5262,-36.1400,0.000,NORMAL,1,ROUTE,,,,,T2_REVERSE_TO_FORWARD
503.7485,-94.5186,-36.2397,0.000,NORMAL,1,ROUTE,,,,,T2_REVERSE_TO_FORWARD
503.8485,-94.5100,-36.3393,0.000,NORMAL,1,ROUTE,,,,,T2_REVERSE_TO_FORWARD
503.9485,-94.5005,-36.4388,0.000,NORMAL,1,ROUTE,,,,,T2_REVERSE_TO_FORWARD
504.0484,-94.4899,-36.5382,0.000,NORMAL,1,ROUTE,,,,,T2_REVERSE_TO_FORWARD
504.1484,-94.4781,-36.6375,0.000,NORMAL,1,ROUTE,,,,,T2_REVERSE_TO_FORWARD
504.2484,-94.4650,-36.7366,0.000,NORMAL,1,ROUTE,,,,,T2_REVERSE_TO_FORWARD
504.3484,-94.4507,-36.8356,0.000,NORMAL,1,ROUTE,,,,,T2_REVERSE_TO_FORWARD
504.4484,-94.4352,-36.9344,0.000,NORMAL,1,ROUTE,,,,,T2_REVERSE_TO_FORWARD
504.5484,-94.4186,-37.0330,0.000,NORMAL,1,ROUTE,,,,,T2_REVERSE_TO_FORWARD
504.6484,-94.4009,-37.1314,0.000,NORMAL,1,ROUTE,,,,,T2_REVERSE_TO_FORWARD
504.7483,-94.3822,-37.2296,0.000,NORMAL,1,ROUTE,,,,,T2_REVERSE_TO_FORWARD
504.8483,-94.3626,-37.3276,0.000,NORMAL,1,ROUTE,,,,,T2_REVERSE_TO_FORWARD
504.9483,-94.3420,-37.4255,0.000,NORMAL,1,ROUTE,,,,,T2_REVERSE_TO_FORWARD
505.0483,-94.3205,-37.5231,0.000,NORMAL,1,ROUTE,,,,,T2_REVERSE_TO_FORWARD
505.1482,-94.2981,-37.6205,0.000,NORMAL,1,ROUTE,,,,,T2_REVERSE_TO_FORWARD
505.2483,-94.2748,-37.7178,0.000,NORMAL,1,ROUTE,,,,,T2_REVERSE_TO_FORWARD
505.3482,-94.2503,-37.8147,0.000,NORMAL,1,ROUTE,,,,,T2_REVERSE_TO_FORWARD
505.4482,-94.2248,-37.9114,0.000,NORMAL,1,ROUTE,,,,,T2_REVERSE_TO_FORWARD
505.5482,-94.1979,-38.0077,0.000,NORMAL,1,ROUTE,,,,,T2_REVERSE_TO_FORWARD
505.6482,-94.1697,-38.1036,0.000,NORMAL,1,ROUTE,,,,,T2_REVERSE_TO_FORWARD
505.7482,-94.1400,-38.1991,0.000,NORMAL,1,ROUTE,,,,,T2_REVERSE_TO_FORWARD
505.8481,-94.1086,-38.2940,0.000,NORMAL,1,ROUTE,,,,,T2_REVERSE_TO_FORWARD
505.9481,-94.0758,-38.3884,0.000,NORMAL,1,ROUTE,,,,,T2_REVERSE_TO_FORWARD
506.0481,-94.0414,-38.4823,0.000,NORMAL,1,ROUTE,,,,,T2_REVERSE_TO_FORWARD
506.1481,-94.0056,-38.5757,0.000,NORMAL,1,ROUTE,,,,,T2_REVERSE_TO_FORWARD
506.2480,-93.9686,-38.6685,0.000,NORMAL,1,ROUTE,,,,,T2_REVERSE_TO_FORWARD
506.3480,-93.9303,-38.7609,0.000,NORMAL,1,ROUTE,,,,,T2_REVERSE_TO_FORWARD
506.4481,-93.8910,-38.8529,0.000,NORMAL,1,ROUTE,,,,,T2_REVERSE_TO_FORWARD
506.5481,-93.8507,-38.9444,0.000,NORMAL,1,ROUTE,,,,,T2_REVERSE_TO_FORWARD
506.6479,-93.8095,-39.0354,0.000,NORMAL,1,ROUTE,,,,,T2_REVERSE_TO_FORWARD
506.7480,-93.7672,-39.1261,0.000,NORMAL,1,ROUTE,,,,,T2_REVERSE_TO_FORWARD
506.8479,-93.7241,-39.2162,0.000,NORMAL,1,ROUTE,,,,,T2_REVERSE_TO_FORWARD
506.9479,-93.6800,-39.3060,0.000,NORMAL,1,ROUTE,,,,,T2_REVERSE_TO_FORWARD
507.0479,-93.6350,-39.3952,0.000,NORMAL,1,ROUTE,,,,,T2_REVERSE_TO_FORWARD
507.1479,-93.5890,-39.4841,0.000,NORMAL,1,ROUTE,,,,,T2_REVERSE_TO_FORWARD
507.2479,-93.5422,-39.5724,0.000,NORMAL,1,ROUTE,,,,,T2_REVERSE_TO_FORWARD
507.3478,-93.4946,-39.6603,0.000,NORMAL,1,ROUTE,,,,,T2_REVERSE_TO_FORWARD
507.4478,-93.4462,-39.7478,0.000,NORMAL,1,ROUTE,,,,,T2_REVERSE_TO_FORWARD
507.5478,-93.3970,-39.8348,0.000,NORMAL,1,ROUTE,,,,,T2_REVERSE_TO_FORWARD
507.6478,-93.3469,-39.9214,0.000,NORMAL,1,ROUTE,,,,,T2_REVERSE_TO_FORWARD
507.7478,-93.2959,-40.0074,0.000,NORMAL,1,ROUTE,,,,,T2_REVERSE_TO_FORWARD
507.8478,-93.2438,-40.0927,0.000,NORMAL,1,ROUTE,,,,,T2_REVERSE_TO_FORWARD
507.9478,-93.1906,-40.1774,0.000,NORMAL,1,ROUTE,,,,,T2_REVERSE_TO_FORWARD
508.0478,-93.1361,-40.2612,0.000,NORMAL,1,ROUTE,,,,,T2_REVERSE_TO_FORWARD
508.1477,-93.0800,-40.3439,0.000,NORMAL,1,ROUTE,,,,,T2_REVERSE_TO_FORWARD
508.2477,-93.0223,-40.4256,0.000,NORMAL,1,ROUTE,,,,,T2_REVERSE_TO_FORWARD
508.3477,-92.9627,-40.5059,0.000,NORMAL,1,ROUTE,,,,,T2_REVERSE_TO_FORWARD
508.4477,-92.9013,-40.5848,0.000,NORMAL,1,ROUTE,,,,,T2_REVERSE_TO_FORWARD
508.5476,-92.8381,-40.6622,0.000,NORMAL,1,ROUTE,,,,,T2_REVERSE_TO_FORWARD
508.6476,-92.7732,-40.7383,0.000,NORMAL,1,ROUTE,,,,,T2_REVERSE_TO_FORWARD
508.7476,-92.7068,-40.8130,0.000,NORMAL,1,ROUTE,,,,,T2_REVERSE_TO_FORWARD
508.8476,-92.6390,-40.8866,0.000,NORMAL,1,ROUTE,,,,,T2_REVERSE_TO_FORWARD
508.9476,-92.5701,-40.9590,0.000,NORMAL,1,ROUTE,,,,,T2_REVERSE_TO_FORWARD
509.0476,-92.5000,-41.0303,0.000,NORMAL,1,ROUTE,,,,,T2_REVERSE_TO_FORWARD
509.1476,-92.4290,-41.1007,0.000,NORMAL,1,ROUTE,,,,,T2_REVERSE_TO_FORWARD
509.2476,-92.3571,-41.1702,0.000,NORMAL,1,ROUTE,,,,,T2_REVERSE_TO_FORWARD
509.3474,-92.2844,-41.2387,0.000,NORMAL,1,ROUTE,,,,,T2_REVERSE_TO_FORWARD
509.4475,-92.2108,-41.3064,0.000,NORMAL,1,ROUTE,,,,,T2_REVERSE_TO_FORWARD
509.5474,-92.1364,-41.3732,0.000,NORMAL,1,ROUTE,,,,,T2_REVERSE_TO_FORWARD
509.6474,-92.0612,-41.4391,0.000,NORMAL,1,ROUTE,,,,,T2_REVERSE_TO_FORWARD
509.7475,-91.9852,-41.5042,0.000,NORMAL,1,ROUTE,,,,,T2_REVERSE_TO_FORWARD
509.8474,-91.9086,-41.5684,0.000,NORMAL,1,ROUTE,,,,,T2_REVERSE_TO_FORWARD
509.9103,-91.8601,-41.6084,0.000,DUMMY,1,DUMMY,DUMMY_OBSTACLE_ZONE,STOP_THEN_HOLD,OBSTACLE_DETECTED,3.0,T2_REVERSE_TO_FORWARD
509.9474,-91.8314,-41.6319,0.000,DUMMY,1,DUMMY,,,OBSTACLE_DETECTED,3.0,T2_REVERSE_TO_FORWARD
510.0474,-91.7536,-41.6947,0.000,DUMMY,1,DUMMY,,,OBSTACLE_DETECTED,3.0,T2_REVERSE_TO_FORWARD
510.1474,-91.6752,-41.7568,0.000,DUMMY,1,DUMMY,,,OBSTACLE_DETECTED,3.0,T2_REVERSE_TO_FORWARD
510.2473,-91.5963,-41.8181,0.000,DUMMY,1,DUMMY,,,OBSTACLE_DETECTED,3.0,T2_REVERSE_TO_FORWARD
510.3473,-91.5167,-41.8786,0.000,DUMMY,1,DUMMY,,,OBSTACLE_DETECTED,3.0,T2_REVERSE_TO_FORWARD
510.4473,-91.4364,-41.9382,0.000,DUMMY,1,DUMMY,,,OBSTACLE_DETECTED,3.0,T2_REVERSE_TO_FORWARD
510.5473,-91.3554,-41.9969,0.000,DUMMY,1,DUMMY,,,OBSTACLE_DETECTED,3.0,T2_REVERSE_TO_FORWARD
510.6473,-91.2737,-42.0545,0.000,DUMMY,1,DUMMY,,,OBSTACLE_DETECTED,3.0,T2_REVERSE_TO_FORWARD
510.7473,-91.1912,-42.1110,0.000,DUMMY,1,DUMMY,,,OBSTACLE_DETECTED,3.0,T2_REVERSE_TO_FORWARD
510.8473,-91.1078,-42.1662,0.000,DUMMY,1,DUMMY,,,OBSTACLE_DETECTED,3.0,T2_REVERSE_TO_FORWARD
510.9472,-91.0236,-42.2200,0.000,DUMMY,1,DUMMY,,,OBSTACLE_DETECTED,3.0,T2_REVERSE_TO_FORWARD
511.0472,-90.9385,-42.2725,0.000,DUMMY,1,DUMMY,,,OBSTACLE_DETECTED,3.0,T2_REVERSE_TO_FORWARD
511.1472,-90.8526,-42.3237,0.000,DUMMY,1,DUMMY,,,OBSTACLE_DETECTED,3.0,T2_REVERSE_TO_FORWARD
511.2471,-90.7661,-42.3737,0.000,DUMMY,1,DUMMY,,,OBSTACLE_DETECTED,3.0,T2_REVERSE_TO_FORWARD
511.3471,-90.6790,-42.4228,0.000,DUMMY,1,DUMMY,,,OBSTACLE_DETECTED,3.0,T2_REVERSE_TO_FORWARD
511.4471,-90.5915,-42.4712,0.000,DUMMY,1,DUMMY,,,OBSTACLE_DETECTED,3.0,T2_REVERSE_TO_FORWARD
511.5472,-90.5037,-42.5192,0.000,DUMMY,1,DUMMY,,,OBSTACLE_DETECTED,3.0,T2_REVERSE_TO_FORWARD
511.6471,-90.4159,-42.5669,0.000,DUMMY,1,DUMMY,,,OBSTACLE_DETECTED,3.0,T2_REVERSE_TO_FORWARD
511.7471,-90.3280,-42.6145,0.000,DUMMY,1,DUMMY,,,OBSTACLE_DETECTED,3.0,T2_REVERSE_TO_FORWARD
511.8471,-90.2402,-42.6624,0.000,DUMMY,1,DUMMY,,,OBSTACLE_DETECTED,3.0,T2_REVERSE_TO_FORWARD
511.9471,-90.1526,-42.7106,0.000,DUMMY,1,DUMMY,,,OBSTACLE_DETECTED,3.0,T2_REVERSE_TO_FORWARD
512.0471,-90.0652,-42.7592,0.000,DUMMY,1,DUMMY,,,OBSTACLE_DETECTED,3.0,T2_REVERSE_TO_FORWARD
512.1470,-89.9781,-42.8082,0.000,DUMMY,1,DUMMY,,,OBSTACLE_DETECTED,3.0,T2_REVERSE_TO_FORWARD
512.2470,-89.8913,-42.8578,0.000,DUMMY,1,DUMMY,,,OBSTACLE_DETECTED,3.0,T2_REVERSE_TO_FORWARD
512.3470,-89.8047,-42.9078,0.000,DUMMY,1,DUMMY,,,OBSTACLE_DETECTED,3.0,T2_REVERSE_TO_FORWARD
512.4470,-89.7184,-42.9583,0.000,DUMMY,1,DUMMY,,,OBSTACLE_DETECTED,3.0,T2_REVERSE_TO_FORWARD
512.5470,-89.6323,-43.0092,0.000,DUMMY,1,DUMMY,,,OBSTACLE_DETECTED,3.0,T2_REVERSE_TO_FORWARD
512.6469,-89.5465,-43.0604,0.000,DUMMY,1,DUMMY,,,OBSTACLE_DETECTED,3.0,T2_REVERSE_TO_FORWARD
512.7469,-89.4608,-43.1120,0.000,DUMMY,1,DUMMY,,,OBSTACLE_DETECTED,3.0,T2_REVERSE_TO_FORWARD
512.8469,-89.3753,-43.1638,0.000,DUMMY,1,DUMMY,,,OBSTACLE_DETECTED,3.0,T2_REVERSE_TO_FORWARD
512.9469,-89.2899,-43.2158,0.000,DUMMY,1,DUMMY,,,OBSTACLE_DETECTED,3.0,T2_REVERSE_TO_FORWARD
513.0469,-89.2046,-43.2680,0.000,DUMMY,1,DUMMY,,,OBSTACLE_DETECTED,3.0,T2_REVERSE_TO_FORWARD
513.1468,-89.1193,-43.3201,0.000,DUMMY,1,DUMMY,,,OBSTACLE_DETECTED,3.0,T2_REVERSE_TO_FORWARD
513.2469,-89.0339,-43.3722,0.000,DUMMY,1,DUMMY,,,OBSTACLE_DETECTED,3.0,T2_REVERSE_TO_FORWARD
513.3468,-88.9484,-43.4240,0.000,DUMMY,1,DUMMY,,,OBSTACLE_DETECTED,3.0,T2_REVERSE_TO_FORWARD
513.4468,-88.8627,-43.4755,0.000,DUMMY,1,DUMMY,,,OBSTACLE_DETECTED,3.0,T2_REVERSE_TO_FORWARD
513.5468,-88.7768,-43.5266,0.000,DUMMY,1,DUMMY,,,OBSTACLE_DETECTED,3.0,T2_REVERSE_TO_FORWARD
513.6468,-88.6905,-43.5771,0.000,DUMMY,1,DUMMY,,,OBSTACLE_DETECTED,3.0,T2_REVERSE_TO_FORWARD
513.7467,-88.6038,-43.6268,0.000,DUMMY,1,DUMMY,,,OBSTACLE_DETECTED,3.0,T2_REVERSE_TO_FORWARD
513.8467,-88.5166,-43.6758,0.000,DUMMY,1,DUMMY,,,OBSTACLE_DETECTED,3.0,T2_REVERSE_TO_FORWARD
513.9467,-88.4289,-43.7238,0.000,DUMMY,1,DUMMY,,,OBSTACLE_DETECTED,3.0,T2_REVERSE_TO_FORWARD
514.0467,-88.3407,-43.7709,0.000,DUMMY,1,DUMMY,,,OBSTACLE_DETECTED,3.0,T2_REVERSE_TO_FORWARD
514.1467,-88.2519,-43.8169,0.000,DUMMY,1,DUMMY,,,OBSTACLE_DETECTED,3.0,T2_REVERSE_TO_FORWARD
514.2466,-88.1628,-43.8621,0.000,DUMMY,1,DUMMY,,,OBSTACLE_DETECTED,3.0,T2_REVERSE_TO_FORWARD
514.3466,-88.0732,-43.9065,0.000,DUMMY,1,DUMMY,,,OBSTACLE_DETECTED,3.0,T2_REVERSE_TO_FORWARD
514.4466,-87.9832,-43.9502,0.000,DUMMY,1,DUMMY,,,OBSTACLE_DETECTED,3.0,T2_REVERSE_TO_FORWARD
514.5466,-87.8930,-43.9932,0.000,DUMMY,1,DUMMY,,,OBSTACLE_DETECTED,3.0,T2_REVERSE_TO_FORWARD
514.6466,-87.8024,-44.0356,0.000,DUMMY,1,DUMMY,,,OBSTACLE_DETECTED,3.0,T2_REVERSE_TO_FORWARD
514.7466,-87.7117,-44.0776,0.000,DUMMY,1,DUMMY,,,OBSTACLE_DETECTED,3.0,T2_REVERSE_TO_FORWARD
514.8466,-87.6207,-44.1192,0.000,DUMMY,1,DUMMY,,,OBSTACLE_DETECTED,3.0,T2_REVERSE_TO_FORWARD
514.9465,-87.5297,-44.1604,0.000,DUMMY,1,DUMMY,,,OBSTACLE_DETECTED,3.0,T2_REVERSE_TO_FORWARD
515.0466,-87.4384,-44.2013,0.000,DUMMY,1,DUMMY,,,OBSTACLE_DETECTED,3.0,T2_REVERSE_TO_FORWARD
515.1465,-87.3471,-44.2420,0.000,DUMMY,1,DUMMY,,,OBSTACLE_DETECTED,3.0,T2_REVERSE_TO_FORWARD
515.2465,-87.2557,-44.2826,0.000,DUMMY,1,DUMMY,,,OBSTACLE_DETECTED,3.0,T2_REVERSE_TO_FORWARD
515.3465,-87.1643,-44.3230,0.000,DUMMY,1,DUMMY,,,OBSTACLE_DETECTED,3.0,T2_REVERSE_TO_FORWARD
515.4465,-87.0728,-44.3635,0.000,DUMMY,1,DUMMY,,,OBSTACLE_DETECTED,3.0,T2_REVERSE_TO_FORWARD
515.5464,-86.9814,-44.4039,0.000,DUMMY,1,DUMMY,,,OBSTACLE_DETECTED,3.0,T2_REVERSE_TO_FORWARD
515.6464,-86.8900,-44.4444,0.000,DUMMY,1,DUMMY,,,OBSTACLE_DETECTED,3.0,T2_REVERSE_TO_FORWARD
515.7464,-86.7987,-44.4851,0.000,DUMMY,1,DUMMY,,,OBSTACLE_DETECTED,3.0,T2_REVERSE_TO_FORWARD
515.8463,-86.7075,-44.5260,0.000,DUMMY,1,DUMMY,,,OBSTACLE_DETECTED,3.0,T2_REVERSE_TO_FORWARD
515.9464,-86.6163,-44.5672,0.000,DUMMY,1,DUMMY,,,OBSTACLE_DETECTED,3.0,T2_REVERSE_TO_FORWARD
516.0464,-86.5253,-44.6086,0.000,DUMMY,1,DUMMY,,,OBSTACLE_DETECTED,3.0,T2_REVERSE_TO_FORWARD
516.1464,-86.4344,-44.6503,0.000,DUMMY,1,DUMMY,,,OBSTACLE_DETECTED,3.0,T2_REVERSE_TO_FORWARD
516.2463,-86.3437,-44.6922,0.000,DUMMY,1,DUMMY,,,OBSTACLE_DETECTED,3.0,T2_REVERSE_TO_FORWARD
516.3463,-86.2530,-44.7343,0.000,DUMMY,1,DUMMY,,,OBSTACLE_DETECTED,3.0,T2_REVERSE_TO_FORWARD
516.4463,-86.1624,-44.7767,0.000,DUMMY,1,DUMMY,,,OBSTACLE_DETECTED,3.0,T2_REVERSE_TO_FORWARD
516.5462,-86.0720,-44.8192,0.000,DUMMY,1,DUMMY,,,OBSTACLE_DETECTED,3.0,T2_REVERSE_TO_FORWARD
516.6463,-85.9815,-44.8619,0.000,DUMMY,1,DUMMY,,,OBSTACLE_DETECTED,3.0,T2_REVERSE_TO_FORWARD
516.7462,-85.8912,-44.9047,0.000,DUMMY,1,DUMMY,,,OBSTACLE_DETECTED,3.0,T2_REVERSE_TO_FORWARD
516.8462,-85.8008,-44.9475,0.000,DUMMY,1,DUMMY,,,OBSTACLE_DETECTED,3.0,T2_REVERSE_TO_FORWARD
516.9462,-85.7105,-44.9904,0.000,DUMMY,1,DUMMY,,,OBSTACLE_DETECTED,3.0,T2_REVERSE_TO_FORWARD
517.0461,-85.6202,-45.0332,0.000,DUMMY,1,DUMMY,,,OBSTACLE_DETECTED,3.0,T2_REVERSE_TO_FORWARD
517.1462,-85.5298,-45.0760,0.000,DUMMY,1,DUMMY,,,OBSTACLE_DETECTED,3.0,T2_REVERSE_TO_FORWARD
517.2462,-85.4394,-45.1188,0.000,DUMMY,1,DUMMY,,,OBSTACLE_DETECTED,3.0,T2_REVERSE_TO_FORWARD
517.3461,-85.3490,-45.1614,0.000,DUMMY,1,DUMMY,,,OBSTACLE_DETECTED,3.0,T2_REVERSE_TO_FORWARD
517.4461,-85.2585,-45.2040,0.000,DUMMY,1,DUMMY,,,OBSTACLE_DETECTED,3.0,T2_REVERSE_TO_FORWARD
517.5461,-85.1680,-45.2464,0.000,DUMMY,1,DUMMY,,,OBSTACLE_DETECTED,3.0,T2_REVERSE_TO_FORWARD
517.6461,-85.0773,-45.2886,0.000,DUMMY,1,DUMMY,,,OBSTACLE_DETECTED,3.0,T2_REVERSE_TO_FORWARD
517.7461,-84.9866,-45.3306,0.000,DUMMY,1,DUMMY,,,OBSTACLE_DETECTED,3.0,T2_REVERSE_TO_FORWARD
517.8461,-84.8958,-45.3725,0.000,DUMMY,1,DUMMY,,,OBSTACLE_DETECTED,3.0,T2_REVERSE_TO_FORWARD
517.9460,-84.8049,-45.4141,0.000,DUMMY,1,DUMMY,,,OBSTACLE_DETECTED,3.0,T2_REVERSE_TO_FORWARD
518.0460,-84.7139,-45.4556,0.000,DUMMY,1,DUMMY,,,OBSTACLE_DETECTED,3.0,T2_REVERSE_TO_FORWARD
518.1460,-84.6229,-45.4969,0.000,DUMMY,1,DUMMY,,,OBSTACLE_DETECTED,3.0,T2_REVERSE_TO_FORWARD
518.2459,-84.5318,-45.5380,0.000,DUMMY,1,DUMMY,,,OBSTACLE_DETECTED,3.0,T2_REVERSE_TO_FORWARD
518.3460,-84.4405,-45.5790,0.000,DUMMY,1,DUMMY,,,OBSTACLE_DETECTED,3.0,T2_REVERSE_TO_FORWARD
518.4459,-84.3492,-45.6196,0.000,DUMMY,1,DUMMY,,,OBSTACLE_DETECTED,3.0,T2_REVERSE_TO_FORWARD
518.5459,-84.2578,-45.6601,0.000,DUMMY,1,DUMMY,,,OBSTACLE_DETECTED,3.0,T2_REVERSE_TO_FORWARD
518.6459,-84.1662,-45.7003,0.000,DUMMY,1,DUMMY,,,OBSTACLE_DETECTED,3.0,T2_REVERSE_TO_FORWARD
518.7459,-84.0745,-45.7401,0.000,DUMMY,1,DUMMY,,,OBSTACLE_DETECTED,3.0,T2_REVERSE_TO_FORWARD
518.8458,-83.9827,-45.7796,0.000,DUMMY,1,DUMMY,,,OBSTACLE_DETECTED,3.0,T2_REVERSE_TO_FORWARD
518.9458,-83.8907,-45.8187,0.000,DUMMY,1,DUMMY,,,OBSTACLE_DETECTED,3.0,T2_REVERSE_TO_FORWARD
519.0459,-83.7984,-45.8574,0.000,DUMMY,1,DUMMY,,,OBSTACLE_DETECTED,3.0,T2_REVERSE_TO_FORWARD
519.1458,-83.7061,-45.8956,0.000,DUMMY,1,DUMMY,,,OBSTACLE_DETECTED,3.0,T2_REVERSE_TO_FORWARD
519.2458,-83.6135,-45.9333,0.000,DUMMY,1,DUMMY,,,OBSTACLE_DETECTED,3.0,T2_REVERSE_TO_FORWARD
519.3458,-83.5207,-45.9706,0.000,DUMMY,1,DUMMY,,,OBSTACLE_DETECTED,3.0,T2_REVERSE_TO_FORWARD
519.4457,-83.4278,-46.0075,0.000,DUMMY,1,DUMMY,,,OBSTACLE_DETECTED,3.0,T2_REVERSE_TO_FORWARD
519.5457,-83.3347,-46.0440,0.000,DUMMY,1,DUMMY,,,OBSTACLE_DETECTED,3.0,T2_REVERSE_TO_FORWARD
519.6457,-83.2415,-46.0802,0.000,DUMMY,1,DUMMY,,,OBSTACLE_DETECTED,3.0,T2_REVERSE_TO_FORWARD
519.7457,-83.1482,-46.1161,0.000,DUMMY,1,DUMMY,,,OBSTACLE_DETECTED,3.0,T2_REVERSE_TO_FORWARD
519.8457,-83.0548,-46.1519,0.000,DUMMY,1,DUMMY,,,OBSTACLE_DETECTED,3.0,T2_REVERSE_TO_FORWARD
519.9457,-82.9613,-46.1874,0.000,DUMMY,1,DUMMY,,,OBSTACLE_DETECTED,3.0,T2_REVERSE_TO_FORWARD
520.0456,-82.8679,-46.2229,0.000,DUMMY,1,DUMMY,,,OBSTACLE_DETECTED,3.0,T2_REVERSE_TO_FORWARD
520.1457,-82.7743,-46.2583,0.000,DUMMY,1,DUMMY,,,OBSTACLE_DETECTED,3.0,T2_REVERSE_TO_FORWARD
520.2457,-82.6808,-46.2936,0.000,DUMMY,1,DUMMY,,,OBSTACLE_DETECTED,3.0,T2_REVERSE_TO_FORWARD
520.3456,-82.5873,-46.3290,0.000,DUMMY,1,DUMMY,,,OBSTACLE_DETECTED,3.0,T2_REVERSE_TO_FORWARD
520.4456,-82.4938,-46.3645,0.000,DUMMY,1,DUMMY,,,OBSTACLE_DETECTED,3.0,T2_REVERSE_TO_FORWARD
520.5456,-82.4004,-46.4001,0.000,DUMMY,1,DUMMY,,,OBSTACLE_DETECTED,3.0,T2_REVERSE_TO_FORWARD
520.6456,-82.3070,-46.4358,0.000,DUMMY,1,DUMMY,,,OBSTACLE_DETECTED,3.0,T2_REVERSE_TO_FORWARD
520.7456,-82.2137,-46.4718,0.000,DUMMY,1,DUMMY,,,OBSTACLE_DETECTED,3.0,T2_REVERSE_TO_FORWARD
520.8456,-82.1205,-46.5080,0.000,DUMMY,1,DUMMY,,,OBSTACLE_DETECTED,3.0,T2_REVERSE_TO_FORWARD
520.9455,-82.0274,-46.5444,0.000,DUMMY,1,DUMMY,,,OBSTACLE_DETECTED,3.0,T2_REVERSE_TO_FORWARD
521.0455,-81.9345,-46.5812,0.000,DUMMY,1,DUMMY,,,OBSTACLE_DETECTED,3.0,T2_REVERSE_TO_FORWARD
521.1455,-81.8416,-46.6183,0.000,DUMMY,1,DUMMY,,,OBSTACLE_DETECTED,3.0,T2_REVERSE_TO_FORWARD
521.2455,-81.7488,-46.6556,0.000,DUMMY,1,DUMMY,,,OBSTACLE_DETECTED,3.0,T2_REVERSE_TO_FORWARD
521.3455,-81.6562,-46.6932,0.000,DUMMY,1,DUMMY,,,OBSTACLE_DETECTED,3.0,T2_REVERSE_TO_FORWARD
521.4454,-81.5637,-46.7311,0.000,DUMMY,1,DUMMY,,,OBSTACLE_DETECTED,3.0,T2_REVERSE_TO_FORWARD
521.5454,-81.4713,-46.7693,0.000,DUMMY,1,DUMMY,,,OBSTACLE_DETECTED,3.0,T2_REVERSE_TO_FORWARD
521.6454,-81.3790,-46.8077,0.000,DUMMY,1,DUMMY,,,OBSTACLE_DETECTED,3.0,T2_REVERSE_TO_FORWARD
521.7454,-81.2868,-46.8464,0.000,DUMMY,1,DUMMY,,,OBSTACLE_DETECTED,3.0,T2_REVERSE_TO_FORWARD
521.8454,-81.1947,-46.8854,0.000,DUMMY,1,DUMMY,,,OBSTACLE_DETECTED,3.0,T2_REVERSE_TO_FORWARD
521.9453,-81.1028,-46.9246,0.000,DUMMY,1,DUMMY,,,OBSTACLE_DETECTED,3.0,T2_REVERSE_TO_FORWARD
522.0454,-81.0109,-46.9642,0.000,DUMMY,1,DUMMY,,,OBSTACLE_DETECTED,3.0,T2_REVERSE_TO_FORWARD
522.1454,-80.9192,-47.0041,0.000,DUMMY,1,DUMMY,,,OBSTACLE_DETECTED,3.0,T2_REVERSE_TO_FORWARD
522.2453,-80.8277,-47.0443,0.000,DUMMY,1,DUMMY,,,OBSTACLE_DETECTED,3.0,T2_REVERSE_TO_FORWARD
522.3453,-80.7363,-47.0849,0.000,DUMMY,1,DUMMY,,,OBSTACLE_DETECTED,3.0,T2_REVERSE_TO_FORWARD
522.4453,-80.6451,-47.1258,0.000,DUMMY,1,DUMMY,,,OBSTACLE_DETECTED,3.0,T2_REVERSE_TO_FORWARD
522.5452,-80.5541,-47.1672,0.000,DUMMY,1,DUMMY,,,OBSTACLE_DETECTED,3.0,T2_REVERSE_TO_FORWARD
522.6452,-80.4633,-47.2090,0.000,DUMMY,1,DUMMY,,,OBSTACLE_DETECTED,3.0,T2_REVERSE_TO_FORWARD
522.7452,-80.3727,-47.2514,0.000,DUMMY,1,DUMMY,,,OBSTACLE_DETECTED,3.0,T2_REVERSE_TO_FORWARD
522.8452,-80.2824,-47.2942,0.000,DUMMY,1,DUMMY,,,OBSTACLE_DETECTED,3.0,T2_REVERSE_TO_FORWARD
522.9452,-80.1923,-47.3377,0.000,DUMMY,1,DUMMY,,,OBSTACLE_DETECTED,3.0,T2_REVERSE_TO_FORWARD
523.0451,-80.1026,-47.3817,0.000,DUMMY,1,DUMMY,,,OBSTACLE_DETECTED,3.0,T2_REVERSE_TO_FORWARD
523.1452,-80.0130,-47.4262,0.000,DUMMY,1,DUMMY,,,OBSTACLE_DETECTED,3.0,T2_REVERSE_TO_FORWARD
523.2452,-79.9237,-47.4712,0.000,DUMMY,1,DUMMY,,,OBSTACLE_DETECTED,3.0,T2_REVERSE_TO_FORWARD
523.3451,-79.8346,-47.5165,0.000,DUMMY,1,DUMMY,,,OBSTACLE_DETECTED,3.0,T2_REVERSE_TO_FORWARD
523.4451,-79.7455,-47.5619,0.000,DUMMY,1,DUMMY,,,OBSTACLE_DETECTED,3.0,T2_REVERSE_TO_FORWARD
523.5451,-79.6564,-47.6073,0.000,DUMMY,1,DUMMY,,,OBSTACLE_DETECTED,3.0,T2_REVERSE_TO_FORWARD
523.6450,-79.5673,-47.6525,0.000,DUMMY,1,DUMMY,,,OBSTACLE_DETECTED,3.0,T2_REVERSE_TO_FORWARD
523.7451,-79.4779,-47.6974,0.000,DUMMY,1,DUMMY,,,OBSTACLE_DETECTED,3.0,T2_REVERSE_TO_FORWARD
523.8450,-79.3883,-47.7417,0.000,DUMMY,1,DUMMY,,,OBSTACLE_DETECTED,3.0,T2_REVERSE_TO_FORWARD
523.9450,-79.2983,-47.7853,0.000,DUMMY,1,DUMMY,,,OBSTACLE_DETECTED,3.0,T2_REVERSE_TO_FORWARD
524.0450,-79.2079,-47.8280,0.000,DUMMY,1,DUMMY,,,OBSTACLE_DETECTED,3.0,T2_REVERSE_TO_FORWARD
524.1449,-79.1171,-47.8697,0.000,DUMMY,1,DUMMY,,,OBSTACLE_DETECTED,3.0,T2_REVERSE_TO_FORWARD
524.2450,-79.0257,-47.9104,0.000,DUMMY,1,DUMMY,,,OBSTACLE_DETECTED,3.0,T2_REVERSE_TO_FORWARD
524.3450,-78.9339,-47.9500,0.000,DUMMY,1,DUMMY,,,OBSTACLE_DETECTED,3.0,T2_REVERSE_TO_FORWARD
524.4449,-78.8417,-47.9887,0.000,DUMMY,1,DUMMY,,,OBSTACLE_DETECTED,3.0,T2_REVERSE_TO_FORWARD
524.5449,-78.7492,-48.0267,0.000,DUMMY,1,DUMMY,,,OBSTACLE_DETECTED,3.0,T2_REVERSE_TO_FORWARD
524.6448,-78.6566,-48.0642,0.000,DUMMY,1,DUMMY,,,OBSTACLE_DETECTED,3.0,T2_REVERSE_TO_FORWARD
524.7449,-78.5638,-48.1015,0.000,DUMMY,1,DUMMY,,,OBSTACLE_DETECTED,3.0,T2_REVERSE_TO_FORWARD
524.8449,-78.4711,-48.1390,0.000,DUMMY,1,DUMMY,,,OBSTACLE_DETECTED,3.0,T2_REVERSE_TO_FORWARD
524.9449,-78.3785,-48.1768,0.000,DUMMY,1,DUMMY,,,OBSTACLE_DETECTED,3.0,T2_REVERSE_TO_FORWARD
525.0448,-78.2862,-48.2151,0.000,DUMMY,1,DUMMY,,,OBSTACLE_DETECTED,3.0,T2_REVERSE_TO_FORWARD
525.1448,-78.1941,-48.2539,0.000,DUMMY,1,DUMMY,,,OBSTACLE_DETECTED,3.0,T2_REVERSE_TO_FORWARD
525.2448,-78.1022,-48.2934,0.000,DUMMY,1,DUMMY,,,OBSTACLE_DETECTED,3.0,T2_REVERSE_TO_FORWARD
525.3448,-78.0105,-48.3333,0.000,DUMMY,1,DUMMY,,,OBSTACLE_DETECTED,3.0,T2_REVERSE_TO_FORWARD
525.4447,-77.9191,-48.3737,0.000,DUMMY,1,DUMMY,,,OBSTACLE_DETECTED,3.0,T2_REVERSE_TO_FORWARD
525.5447,-77.8278,-48.4145,0.000,DUMMY,1,DUMMY,,,OBSTACLE_DETECTED,3.0,T2_REVERSE_TO_FORWARD
525.6447,-77.7367,-48.4557,0.000,DUMMY,1,DUMMY,,,OBSTACLE_DETECTED,3.0,T2_REVERSE_TO_FORWARD
525.7447,-77.6457,-48.4971,0.000,DUMMY,1,DUMMY,,,OBSTACLE_DETECTED,3.0,T2_REVERSE_TO_FORWARD
525.8446,-77.5548,-48.5387,0.000,DUMMY,1,DUMMY,,,OBSTACLE_DETECTED,3.0,T2_REVERSE_TO_FORWARD
525.9447,-77.4639,-48.5804,0.000,DUMMY,1,DUMMY,,,OBSTACLE_DETECTED,3.0,T2_REVERSE_TO_FORWARD
526.0447,-77.3730,-48.6221,0.000,DUMMY,1,DUMMY,,,OBSTACLE_DETECTED,3.0,T2_REVERSE_TO_FORWARD
526.1446,-77.2821,-48.6637,0.000,DUMMY,1,DUMMY,,,OBSTACLE_DETECTED,3.0,T2_REVERSE_TO_FORWARD
526.2446,-77.1912,-48.7053,0.000,DUMMY,1,DUMMY,,,OBSTACLE_DETECTED,3.0,T2_REVERSE_TO_FORWARD
526.3446,-77.1001,-48.7466,0.000,DUMMY,1,DUMMY,,,OBSTACLE_DETECTED,3.0,T2_REVERSE_TO_FORWARD
526.4446,-77.0090,-48.7878,0.000,DUMMY,1,DUMMY,,,OBSTACLE_DETECTED,3.0,T2_REVERSE_TO_FORWARD
526.5446,-76.9178,-48.8287,0.000,DUMMY,1,DUMMY,,,OBSTACLE_DETECTED,3.0,T2_REVERSE_TO_FORWARD
526.6445,-76.8264,-48.8692,0.000,DUMMY,1,DUMMY,,,OBSTACLE_DETECTED,3.0,T2_REVERSE_TO_FORWARD
526.7446,-76.7348,-48.9094,0.000,DUMMY,1,DUMMY,,,OBSTACLE_DETECTED,3.0,T2_REVERSE_TO_FORWARD
526.8445,-76.6431,-48.9491,0.000,DUMMY,1,DUMMY,,,OBSTACLE_DETECTED,3.0,T2_REVERSE_TO_FORWARD
526.9445,-76.5511,-48.9884,0.000,DUMMY,1,DUMMY,,,OBSTACLE_DETECTED,3.0,T2_REVERSE_TO_FORWARD
527.0445,-76.4590,-49.0273,0.000,DUMMY,1,DUMMY,,,OBSTACLE_DETECTED,3.0,T2_REVERSE_TO_FORWARD
527.1445,-76.3667,-49.0657,0.000,DUMMY,1,DUMMY,,,OBSTACLE_DETECTED,3.0,T2_REVERSE_TO_FORWARD
527.2444,-76.2742,-49.1036,0.000,DUMMY,1,DUMMY,,,OBSTACLE_DETECTED,3.0,T2_REVERSE_TO_FORWARD
527.3444,-76.1815,-49.1411,0.000,DUMMY,1,DUMMY,,,OBSTACLE_DETECTED,3.0,T2_REVERSE_TO_FORWARD
527.4444,-76.0886,-49.1781,0.000,DUMMY,1,DUMMY,,,OBSTACLE_DETECTED,3.0,T2_REVERSE_TO_FORWARD
527.5443,-75.9956,-49.2146,0.000,DUMMY,1,DUMMY,,,OBSTACLE_DETECTED,3.0,T2_REVERSE_TO_FORWARD
527.6443,-75.9023,-49.2506,0.000,DUMMY,1,DUMMY,,,OBSTACLE_DETECTED,3.0,T2_REVERSE_TO_FORWARD
527.7444,-75.8088,-49.2861,0.000,DUMMY,1,DUMMY,,,OBSTACLE_DETECTED,3.0,T2_REVERSE_TO_FORWARD
527.8444,-75.7151,-49.3211,0.000,DUMMY,1,DUMMY,,,OBSTACLE_DETECTED,3.0,T2_REVERSE_TO_FORWARD
527.9444,-75.6212,-49.3555,0.000,DUMMY,1,DUMMY,,,OBSTACLE_DETECTED,3.0,T2_REVERSE_TO_FORWARD
528.0443,-75.5272,-49.3894,0.000,DUMMY,1,DUMMY,,,OBSTACLE_DETECTED,3.0,T2_REVERSE_TO_FORWARD
528.1442,-75.4330,-49.4228,0.000,DUMMY,1,DUMMY,,,OBSTACLE_DETECTED,3.0,T2_REVERSE_TO_FORWARD
528.2443,-75.3386,-49.4560,0.000,DUMMY,1,DUMMY,,,OBSTACLE_DETECTED,3.0,T2_REVERSE_TO_FORWARD
528.3443,-75.2442,-49.4888,0.000,DUMMY,1,DUMMY,,,OBSTACLE_DETECTED,3.0,T2_REVERSE_TO_FORWARD
528.4443,-75.1497,-49.5215,0.000,DUMMY,1,DUMMY,,,OBSTACLE_DETECTED,3.0,T2_REVERSE_TO_FORWARD
528.5442,-75.0552,-49.5542,0.000,DUMMY,1,DUMMY,,,OBSTACLE_DETECTED,3.0,T2_REVERSE_TO_FORWARD
528.6442,-74.9608,-49.5870,0.000,DUMMY,1,DUMMY,,,OBSTACLE_DETECTED,3.0,T2_REVERSE_TO_FORWARD
528.7442,-74.8664,-49.6199,0.000,DUMMY,1,DUMMY,,,OBSTACLE_DETECTED,3.0,T2_REVERSE_TO_FORWARD
528.8442,-74.7720,-49.6531,0.000,DUMMY,1,DUMMY,,,OBSTACLE_DETECTED,3.0,T2_REVERSE_TO_FORWARD
528.9441,-74.6779,-49.6866,0.000,DUMMY,1,DUMMY,,,OBSTACLE_DETECTED,3.0,T2_REVERSE_TO_FORWARD
529.0442,-74.5838,-49.7206,0.000,DUMMY,1,DUMMY,,,OBSTACLE_DETECTED,3.0,T2_REVERSE_TO_FORWARD
529.1441,-74.4900,-49.7551,0.000,DUMMY,1,DUMMY,,,OBSTACLE_DETECTED,3.0,T2_REVERSE_TO_FORWARD
529.2441,-74.3963,-49.7900,0.000,DUMMY,1,DUMMY,,,OBSTACLE_DETECTED,3.0,T2_REVERSE_TO_FORWARD
529.3441,-74.3028,-49.8255,0.000,DUMMY,1,DUMMY,,,OBSTACLE_DETECTED,3.0,T2_REVERSE_TO_FORWARD
529.4441,-74.2095,-49.8614,0.000,DUMMY,1,DUMMY,,,OBSTACLE_DETECTED,3.0,T2_REVERSE_TO_FORWARD
529.5441,-74.1163,-49.8977,0.000,DUMMY,1,DUMMY,,,OBSTACLE_DETECTED,3.0,T2_REVERSE_TO_FORWARD
529.6440,-74.0233,-49.9343,0.000,DUMMY,1,DUMMY,,,OBSTACLE_DETECTED,3.0,T2_REVERSE_TO_FORWARD
529.7440,-73.9304,-49.9712,0.000,DUMMY,1,DUMMY,,,OBSTACLE_DETECTED,3.0,T2_REVERSE_TO_FORWARD
529.8440,-73.8375,-50.0082,0.000,DUMMY,1,DUMMY,,,OBSTACLE_DETECTED,3.0,T2_REVERSE_TO_FORWARD
529.9439,-73.7447,-50.0453,0.000,DUMMY,1,DUMMY,,,OBSTACLE_DETECTED,3.0,T2_REVERSE_TO_FORWARD
530.0440,-73.6518,-50.0824,0.000,DUMMY,1,DUMMY,,,OBSTACLE_DETECTED,3.0,T2_REVERSE_TO_FORWARD
530.1439,-73.5589,-50.1193,0.000,DUMMY,1,DUMMY,,,OBSTACLE_DETECTED,3.0,T2_REVERSE_TO_FORWARD
530.2440,-73.4658,-50.1559,0.000,DUMMY,1,DUMMY,,,OBSTACLE_DETECTED,3.0,T2_REVERSE_TO_FORWARD
530.3439,-73.3727,-50.1922,0.000,DUMMY,1,DUMMY,,,OBSTACLE_DETECTED,3.0,T2_REVERSE_TO_FORWARD
530.4439,-73.2793,-50.2279,0.000,DUMMY,1,DUMMY,,,OBSTACLE_DETECTED,3.0,T2_REVERSE_TO_FORWARD
530.5438,-73.1857,-50.2630,0.000,DUMMY,1,DUMMY,,,OBSTACLE_DETECTED,3.0,T2_REVERSE_TO_FORWARD
530.6439,-73.0917,-50.2973,0.000,DUMMY,1,DUMMY,,,OBSTACLE_DETECTED,3.0,T2_REVERSE_TO_FORWARD
530.7438,-72.9975,-50.3306,0.000,DUMMY,1,DUMMY,,,OBSTACLE_DETECTED,3.0,T2_REVERSE_TO_FORWARD
530.8438,-72.9029,-50.3629,0.000,DUMMY,1,DUMMY,,,OBSTACLE_DETECTED,3.0,T2_REVERSE_TO_FORWARD
530.9438,-72.8079,-50.3941,0.000,DUMMY,1,DUMMY,,,OBSTACLE_DETECTED,3.0,T2_REVERSE_TO_FORWARD
531.0438,-72.7125,-50.4241,0.000,DUMMY,1,DUMMY,,,OBSTACLE_DETECTED,3.0,T2_REVERSE_TO_FORWARD
531.1438,-72.6167,-50.4529,0.000,DUMMY,1,DUMMY,,,OBSTACLE_DETECTED,3.0,T2_REVERSE_TO_FORWARD
531.2438,-72.5207,-50.4808,0.000,DUMMY,1,DUMMY,,,OBSTACLE_DETECTED,3.0,T2_REVERSE_TO_FORWARD
531.3437,-72.4245,-50.5079,0.000,DUMMY,1,DUMMY,,,OBSTACLE_DETECTED,3.0,T2_REVERSE_TO_FORWARD
531.4437,-72.3282,-50.5347,0.000,DUMMY,1,DUMMY,,,OBSTACLE_DETECTED,3.0,T2_REVERSE_TO_FORWARD
531.5437,-72.2318,-50.5614,0.000,DUMMY,1,DUMMY,,,OBSTACLE_DETECTED,3.0,T2_REVERSE_TO_FORWARD
531.6437,-72.1356,-50.5885,0.000,DUMMY,1,DUMMY,,,OBSTACLE_DETECTED,3.0,T2_REVERSE_TO_FORWARD
531.7437,-72.0395,-50.6162,0.000,DUMMY,1,DUMMY,,,OBSTACLE_DETECTED,3.0,T2_REVERSE_TO_FORWARD
531.8437,-71.9437,-50.6448,0.000,DUMMY,1,DUMMY,,,OBSTACLE_DETECTED,3.0,T2_REVERSE_TO_FORWARD
531.9436,-71.8482,-50.6743,0.000,DUMMY,1,DUMMY,,,OBSTACLE_DETECTED,3.0,T2_REVERSE_TO_FORWARD
532.0436,-71.7529,-50.7046,0.000,DUMMY,1,DUMMY,,,OBSTACLE_DETECTED,3.0,T2_REVERSE_TO_FORWARD
532.1436,-71.6579,-50.7358,0.000,DUMMY,1,DUMMY,,,OBSTACLE_DETECTED,3.0,T2_REVERSE_TO_FORWARD
532.2436,-71.5631,-50.7677,0.000,DUMMY,1,DUMMY,,,OBSTACLE_DETECTED,3.0,T2_REVERSE_TO_FORWARD
532.3436,-71.4686,-50.8002,0.000,DUMMY,1,DUMMY,,,OBSTACLE_DETECTED,3.0,T2_REVERSE_TO_FORWARD
532.4436,-71.3741,-50.8330,0.000,DUMMY,1,DUMMY,,,OBSTACLE_DETECTED,3.0,T2_REVERSE_TO_FORWARD
532.5436,-71.2798,-50.8662,0.000,DUMMY,1,DUMMY,,,OBSTACLE_DETECTED,3.0,T2_REVERSE_TO_FORWARD
532.6435,-71.1856,-50.8995,0.000,DUMMY,1,DUMMY,,,OBSTACLE_DETECTED,3.0,T2_REVERSE_TO_FORWARD
532.7435,-71.0913,-50.9330,0.000,DUMMY,1,DUMMY,,,OBSTACLE_DETECTED,3.0,T2_REVERSE_TO_FORWARD
532.8435,-70.9972,-50.9666,0.000,DUMMY,1,DUMMY,,,OBSTACLE_DETECTED,3.0,T2_REVERSE_TO_FORWARD
532.9435,-70.9030,-51.0002,0.000,DUMMY,1,DUMMY,,,OBSTACLE_DETECTED,3.0,T2_REVERSE_TO_FORWARD
533.0435,-70.8089,-51.0341,0.000,DUMMY,1,DUMMY,,,OBSTACLE_DETECTED,3.0,T2_REVERSE_TO_FORWARD
533.1435,-70.7149,-51.0681,0.000,DUMMY,1,DUMMY,,,OBSTACLE_DETECTED,3.0,T2_REVERSE_TO_FORWARD
533.2434,-70.6210,-51.1024,0.000,DUMMY,1,DUMMY,,,OBSTACLE_DETECTED,3.0,T2_REVERSE_TO_FORWARD
533.3434,-70.5272,-51.1371,0.000,DUMMY,1,DUMMY,,,OBSTACLE_DETECTED,3.0,T2_REVERSE_TO_FORWARD
533.4434,-70.4336,-51.1722,0.000,DUMMY,1,DUMMY,,,OBSTACLE_DETECTED,3.0,T2_REVERSE_TO_FORWARD
533.5434,-70.3402,-51.2079,0.000,DUMMY,1,DUMMY,,,OBSTACLE_DETECTED,3.0,T2_REVERSE_TO_FORWARD
533.6433,-70.2471,-51.2442,0.000,DUMMY,1,DUMMY,,,OBSTACLE_DETECTED,3.0,T2_REVERSE_TO_FORWARD
533.7434,-70.1541,-51.2811,0.000,DUMMY,1,DUMMY,,,OBSTACLE_DETECTED,3.0,T2_REVERSE_TO_FORWARD
533.8433,-70.0615,-51.3186,0.000,DUMMY,1,DUMMY,,,OBSTACLE_DETECTED,3.0,T2_REVERSE_TO_FORWARD
533.9433,-69.9690,-51.3567,0.000,DUMMY,1,DUMMY,,,OBSTACLE_DETECTED,3.0,T2_REVERSE_TO_FORWARD
534.0433,-69.8768,-51.3953,0.000,DUMMY,1,DUMMY,,,OBSTACLE_DETECTED,3.0,T2_REVERSE_TO_FORWARD
534.1432,-69.7848,-51.4344,0.000,DUMMY,1,DUMMY,,,OBSTACLE_DETECTED,3.0,T2_REVERSE_TO_FORWARD
534.2432,-69.6929,-51.4738,0.000,DUMMY,1,DUMMY,,,OBSTACLE_DETECTED,3.0,T2_REVERSE_TO_FORWARD
534.3432,-69.6011,-51.5134,0.000,DUMMY,1,DUMMY,,,OBSTACLE_DETECTED,3.0,T2_REVERSE_TO_FORWARD
534.4432,-69.5094,-51.5532,0.000,DUMMY,1,DUMMY,,,OBSTACLE_DETECTED,3.0,T2_REVERSE_TO_FORWARD
534.5432,-69.4177,-51.5932,0.000,DUMMY,1,DUMMY,,,OBSTACLE_DETECTED,3.0,T2_REVERSE_TO_FORWARD
534.6431,-69.3261,-51.6331,0.000,DUMMY,1,DUMMY,,,OBSTACLE_DETECTED,3.0,T2_REVERSE_TO_FORWARD
534.7432,-69.2344,-51.6731,0.000,DUMMY,1,DUMMY,,,OBSTACLE_DETECTED,3.0,T2_REVERSE_TO_FORWARD
534.8432,-69.1427,-51.7130,0.000,DUMMY,1,DUMMY,,,OBSTACLE_DETECTED,3.0,T2_REVERSE_TO_FORWARD
534.9432,-69.0510,-51.7529,0.000,DUMMY,1,DUMMY,,,OBSTACLE_DETECTED,3.0,T2_REVERSE_TO_FORWARD
535.0431,-68.9593,-51.7927,0.000,DUMMY,1,DUMMY,,,OBSTACLE_DETECTED,3.0,T2_REVERSE_TO_FORWARD
535.1431,-68.8676,-51.8325,0.000,DUMMY,1,DUMMY,,,OBSTACLE_DETECTED,3.0,T2_REVERSE_TO_FORWARD
535.2431,-68.7759,-51.8724,0.000,DUMMY,1,DUMMY,,,OBSTACLE_DETECTED,3.0,T2_REVERSE_TO_FORWARD
535.3430,-68.6843,-51.9123,0.000,DUMMY,1,DUMMY,,,OBSTACLE_DETECTED,3.0,T2_REVERSE_TO_FORWARD
535.4431,-68.5927,-51.9525,0.000,DUMMY,1,DUMMY,,,OBSTACLE_DETECTED,3.0,T2_REVERSE_TO_FORWARD
535.5431,-68.5012,-51.9929,0.000,DUMMY,1,DUMMY,,,OBSTACLE_DETECTED,3.0,T2_REVERSE_TO_FORWARD
535.6430,-68.4099,-52.0336,0.000,DUMMY,1,DUMMY,,,OBSTACLE_DETECTED,3.0,T2_REVERSE_TO_FORWARD
535.7430,-68.3188,-52.0747,0.000,DUMMY,1,DUMMY,,,OBSTACLE_DETECTED,3.0,T2_REVERSE_TO_FORWARD
535.8430,-68.2278,-52.1162,0.000,DUMMY,1,DUMMY,,,OBSTACLE_DETECTED,3.0,T2_REVERSE_TO_FORWARD
535.9430,-68.1370,-52.1580,0.000,DUMMY,1,DUMMY,,,OBSTACLE_DETECTED,3.0,T2_REVERSE_TO_FORWARD
536.0429,-68.0464,-52.2002,0.000,DUMMY,1,DUMMY,,,OBSTACLE_DETECTED,3.0,T2_REVERSE_TO_FORWARD
536.1429,-67.9558,-52.2426,0.000,DUMMY,1,DUMMY,,,OBSTACLE_DETECTED,3.0,T2_REVERSE_TO_FORWARD
536.2429,-67.8653,-52.2851,0.000,DUMMY,1,DUMMY,,,OBSTACLE_DETECTED,3.0,T2_REVERSE_TO_FORWARD
536.3429,-67.7748,-52.3276,0.000,DUMMY,1,DUMMY,,,OBSTACLE_DETECTED,3.0,T2_REVERSE_TO_FORWARD
536.4429,-67.6842,-52.3700,0.000,DUMMY,1,DUMMY,,,OBSTACLE_DETECTED,3.0,T2_REVERSE_TO_FORWARD
536.5429,-67.5935,-52.4120,0.000,DUMMY,1,DUMMY,,,OBSTACLE_DETECTED,3.0,T2_REVERSE_TO_FORWARD
536.6429,-67.5026,-52.4536,0.000,DUMMY,1,DUMMY,,,OBSTACLE_DETECTED,3.0,T2_REVERSE_TO_FORWARD
536.7428,-67.4114,-52.4946,0.000,DUMMY,1,DUMMY,,,OBSTACLE_DETECTED,3.0,T2_REVERSE_TO_FORWARD
536.8429,-67.3199,-52.5350,0.000,DUMMY,1,DUMMY,,,OBSTACLE_DETECTED,3.0,T2_REVERSE_TO_FORWARD
536.9428,-67.2282,-52.5746,0.000,DUMMY,1,DUMMY,,,OBSTACLE_DETECTED,3.0,T2_REVERSE_TO_FORWARD
537.0427,-67.1361,-52.6135,0.000,DUMMY,1,DUMMY,,,OBSTACLE_DETECTED,3.0,T2_REVERSE_TO_FORWARD
537.1428,-67.0437,-52.6518,0.000,DUMMY,1,DUMMY,,,OBSTACLE_DETECTED,3.0,T2_REVERSE_TO_FORWARD
537.2427,-66.9511,-52.6895,0.000,DUMMY,1,DUMMY,,,OBSTACLE_DETECTED,3.0,T2_REVERSE_TO_FORWARD
537.3427,-66.8583,-52.7268,0.000,DUMMY,1,DUMMY,,,OBSTACLE_DETECTED,3.0,T2_REVERSE_TO_FORWARD
537.4427,-66.7655,-52.7639,0.000,DUMMY,1,DUMMY,,,OBSTACLE_DETECTED,3.0,T2_REVERSE_TO_FORWARD
537.5427,-66.6726,-52.8008,0.000,DUMMY,1,DUMMY,,,OBSTACLE_DETECTED,3.0,T2_REVERSE_TO_FORWARD
537.6426,-66.5797,-52.8378,0.000,DUMMY,1,DUMMY,,,OBSTACLE_DETECTED,3.0,T2_REVERSE_TO_FORWARD
537.7427,-66.4868,-52.8749,0.000,DUMMY,1,DUMMY,,,OBSTACLE_DETECTED,3.0,T2_REVERSE_TO_FORWARD
537.8427,-66.3941,-52.9124,0.000,DUMMY,1,DUMMY,,,OBSTACLE_DETECTED,3.0,T2_REVERSE_TO_FORWARD
537.9426,-66.3016,-52.9502,0.000,DUMMY,1,DUMMY,,,OBSTACLE_DETECTED,3.0,T2_REVERSE_TO_FORWARD
538.0426,-66.2092,-52.9885,0.000,DUMMY,1,DUMMY,,,OBSTACLE_DETECTED,3.0,T2_REVERSE_TO_FORWARD
538.1426,-66.1170,-53.0272,0.000,DUMMY,1,DUMMY,,,OBSTACLE_DETECTED,3.0,T2_REVERSE_TO_FORWARD
538.2426,-66.0250,-53.0663,0.000,DUMMY,1,DUMMY,,,OBSTACLE_DETECTED,3.0,T2_REVERSE_TO_FORWARD
538.3425,-65.9332,-53.1058,0.000,DUMMY,1,DUMMY,,,OBSTACLE_DETECTED,3.0,T2_REVERSE_TO_FORWARD
538.4426,-65.8414,-53.1456,0.000,DUMMY,1,DUMMY,,,OBSTACLE_DETECTED,3.0,T2_REVERSE_TO_FORWARD
538.5425,-65.7498,-53.1856,0.000,DUMMY,1,DUMMY,,,OBSTACLE_DETECTED,3.0,T2_REVERSE_TO_FORWARD
538.6425,-65.6582,-53.2257,0.000,DUMMY,1,DUMMY,,,OBSTACLE_DETECTED,3.0,T2_REVERSE_TO_FORWARD
538.7425,-65.5667,-53.2659,0.000,DUMMY,1,DUMMY,,,OBSTACLE_DETECTED,3.0,T2_REVERSE_TO_FORWARD
538.8425,-65.4751,-53.3060,0.000,DUMMY,1,DUMMY,,,OBSTACLE_DETECTED,3.0,T2_REVERSE_TO_FORWARD
538.9424,-65.3835,-53.3460,0.000,DUMMY,1,DUMMY,,,OBSTACLE_DETECTED,3.0,T2_REVERSE_TO_FORWARD
539.0424,-65.2918,-53.3858,0.000,DUMMY,1,DUMMY,,,OBSTACLE_DETECTED,3.0,T2_REVERSE_TO_FORWARD
539.1424,-65.2000,-53.4254,0.000,DUMMY,1,DUMMY,,,OBSTACLE_DETECTED,3.0,T2_REVERSE_TO_FORWARD
539.2424,-65.1080,-53.4648,0.000,DUMMY,1,DUMMY,,,OBSTACLE_DETECTED,3.0,T2_REVERSE_TO_FORWARD
539.3424,-65.0160,-53.5040,0.000,DUMMY,1,DUMMY,,,OBSTACLE_DETECTED,3.0,T2_REVERSE_TO_FORWARD
539.4423,-64.9240,-53.5429,0.000,DUMMY,1,DUMMY,,,OBSTACLE_DETECTED,3.0,T2_REVERSE_TO_FORWARD
539.5424,-64.8318,-53.5817,0.000,DUMMY,1,DUMMY,,,OBSTACLE_DETECTED,3.0,T2_REVERSE_TO_FORWARD
539.6423,-64.7396,-53.6203,0.000,DUMMY,1,DUMMY,,,OBSTACLE_DETECTED,3.0,T2_REVERSE_TO_FORWARD
539.7423,-64.6473,-53.6587,0.000,DUMMY,1,DUMMY,,,OBSTACLE_DETECTED,3.0,T2_REVERSE_TO_FORWARD
539.8423,-64.5550,-53.6972,0.000,DUMMY,1,DUMMY,,,OBSTACLE_DETECTED,3.0,T2_REVERSE_TO_FORWARD
539.9423,-64.4627,-53.7356,0.000,DUMMY,1,DUMMY,,,OBSTACLE_DETECTED,3.0,T2_REVERSE_TO_FORWARD
540.0423,-64.3703,-53.7740,0.000,DUMMY,1,DUMMY,,,OBSTACLE_DETECTED,3.0,T2_REVERSE_TO_FORWARD
540.1422,-64.2781,-53.8124,0.000,DUMMY,1,DUMMY,,,OBSTACLE_DETECTED,3.0,T2_REVERSE_TO_FORWARD
540.2422,-64.1858,-53.8509,0.000,DUMMY,1,DUMMY,,,OBSTACLE_DETECTED,3.0,T2_REVERSE_TO_FORWARD
540.3422,-64.0936,-53.8896,0.000,DUMMY,1,DUMMY,,,OBSTACLE_DETECTED,3.0,T2_REVERSE_TO_FORWARD
540.4422,-64.0014,-53.9283,0.000,DUMMY,1,DUMMY,,,OBSTACLE_DETECTED,3.0,T2_REVERSE_TO_FORWARD
540.5422,-63.9093,-53.9672,0.000,DUMMY,1,DUMMY,,,OBSTACLE_DETECTED,3.0,T2_REVERSE_TO_FORWARD
540.6422,-63.8172,-54.0062,0.000,DUMMY,1,DUMMY,,,OBSTACLE_DETECTED,3.0,T2_REVERSE_TO_FORWARD
540.7422,-63.7252,-54.0454,0.000,DUMMY,1,DUMMY,,,OBSTACLE_DETECTED,3.0,T2_REVERSE_TO_FORWARD
540.8421,-63.6333,-54.0847,0.000,DUMMY,1,DUMMY,,,OBSTACLE_DETECTED,3.0,T2_REVERSE_TO_FORWARD
540.9421,-63.5414,-54.1241,0.000,DUMMY,1,DUMMY,,,OBSTACLE_DETECTED,3.0,T2_REVERSE_TO_FORWARD
541.0421,-63.4496,-54.1637,0.000,DUMMY,1,DUMMY,,,OBSTACLE_DETECTED,3.0,T2_REVERSE_TO_FORWARD
541.1421,-63.3578,-54.2034,0.000,DUMMY,1,DUMMY,,,OBSTACLE_DETECTED,3.0,T2_REVERSE_TO_FORWARD
541.2421,-63.2661,-54.2432,0.000,DUMMY,1,DUMMY,,,OBSTACLE_DETECTED,3.0,T2_REVERSE_TO_FORWARD
541.3420,-63.1744,-54.2830,0.000,DUMMY,1,DUMMY,,,OBSTACLE_DETECTED,3.0,T2_REVERSE_TO_FORWARD
541.4421,-63.0827,-54.3229,0.000,DUMMY,1,DUMMY,,,OBSTACLE_DETECTED,3.0,T2_REVERSE_TO_FORWARD
541.5420,-62.9911,-54.3629,0.000,DUMMY,1,DUMMY,,,OBSTACLE_DETECTED,3.0,T2_REVERSE_TO_FORWARD
541.6420,-62.8994,-54.4027,0.000,DUMMY,1,DUMMY,,,OBSTACLE_DETECTED,3.0,T2_REVERSE_TO_FORWARD
541.7420,-62.8076,-54.4424,0.000,DUMMY,1,DUMMY,,,OBSTACLE_DETECTED,3.0,T2_REVERSE_TO_FORWARD
541.8420,-62.7158,-54.4820,0.000,DUMMY,1,DUMMY,,,OBSTACLE_DETECTED,3.0,T2_REVERSE_TO_FORWARD
541.9419,-62.6239,-54.5213,0.000,DUMMY,1,DUMMY,,,OBSTACLE_DETECTED,3.0,T2_REVERSE_TO_FORWARD
542.0419,-62.5318,-54.5603,0.000,DUMMY,1,DUMMY,,,OBSTACLE_DETECTED,3.0,T2_REVERSE_TO_FORWARD
542.1419,-62.4396,-54.5989,0.000,DUMMY,1,DUMMY,,,OBSTACLE_DETECTED,3.0,T2_REVERSE_TO_FORWARD
542.2419,-62.3471,-54.6370,0.000,DUMMY,1,DUMMY,,,OBSTACLE_DETECTED,3.0,T2_REVERSE_TO_FORWARD
542.3419,-62.2545,-54.6746,0.000,DUMMY,1,DUMMY,,,OBSTACLE_DETECTED,3.0,T2_REVERSE_TO_FORWARD
542.4418,-62.1617,-54.7117,0.000,DUMMY,1,DUMMY,,,OBSTACLE_DETECTED,3.0,T2_REVERSE_TO_FORWARD
542.5418,-62.0686,-54.7483,0.000,DUMMY,1,DUMMY,,,OBSTACLE_DETECTED,3.0,T2_REVERSE_TO_FORWARD
542.6418,-61.9754,-54.7844,0.000,DUMMY,1,DUMMY,,,OBSTACLE_DETECTED,3.0,T2_REVERSE_TO_FORWARD
542.7418,-61.8820,-54.8202,0.000,DUMMY,1,DUMMY,,,OBSTACLE_DETECTED,3.0,T2_REVERSE_TO_FORWARD
542.8418,-61.7885,-54.8556,0.000,DUMMY,1,DUMMY,,,OBSTACLE_DETECTED,3.0,T2_REVERSE_TO_FORWARD
542.9418,-61.6950,-54.8910,0.000,DUMMY,1,DUMMY,,,OBSTACLE_DETECTED,3.0,T2_REVERSE_TO_FORWARD
543.0418,-61.6014,-54.9263,0.000,DUMMY,1,DUMMY,,,OBSTACLE_DETECTED,3.0,T2_REVERSE_TO_FORWARD
543.1418,-61.5079,-54.9617,0.000,DUMMY,1,DUMMY,,,OBSTACLE_DETECTED,3.0,T2_REVERSE_TO_FORWARD
543.2417,-61.4145,-54.9972,0.000,DUMMY,1,DUMMY,,,OBSTACLE_DETECTED,3.0,T2_REVERSE_TO_FORWARD
543.3417,-61.3212,-55.0331,0.000,DUMMY,1,DUMMY,,,OBSTACLE_DETECTED,3.0,T2_REVERSE_TO_FORWARD
543.4417,-61.2279,-55.0693,0.000,DUMMY,1,DUMMY,,,OBSTACLE_DETECTED,3.0,T2_REVERSE_TO_FORWARD
543.5416,-61.1349,-55.1057,0.000,DUMMY,1,DUMMY,,,OBSTACLE_DETECTED,3.0,T2_REVERSE_TO_FORWARD
543.6416,-61.0419,-55.1425,0.000,DUMMY,1,DUMMY,,,OBSTACLE_DETECTED,3.0,T2_REVERSE_TO_FORWARD
543.7417,-60.9490,-55.1796,0.000,DUMMY,1,DUMMY,,,OBSTACLE_DETECTED,3.0,T2_REVERSE_TO_FORWARD
543.8416,-60.8563,-55.2169,0.000,DUMMY,1,DUMMY,,,OBSTACLE_DETECTED,3.0,T2_REVERSE_TO_FORWARD
543.9416,-60.7636,-55.2544,0.000,DUMMY,1,DUMMY,,,OBSTACLE_DETECTED,3.0,T2_REVERSE_TO_FORWARD
544.0416,-60.6710,-55.2921,0.000,DUMMY,1,DUMMY,,,OBSTACLE_DETECTED,3.0,T2_REVERSE_TO_FORWARD
544.1416,-60.5784,-55.3299,0.000,DUMMY,1,DUMMY,,,OBSTACLE_DETECTED,3.0,T2_REVERSE_TO_FORWARD
544.2415,-60.4859,-55.3677,0.000,DUMMY,1,DUMMY,,,OBSTACLE_DETECTED,3.0,T2_REVERSE_TO_FORWARD
544.3416,-60.3933,-55.4056,0.000,DUMMY,1,DUMMY,,,OBSTACLE_DETECTED,3.0,T2_REVERSE_TO_FORWARD
544.4415,-60.3008,-55.4435,0.000,DUMMY,1,DUMMY,,,OBSTACLE_DETECTED,3.0,T2_REVERSE_TO_FORWARD
544.5415,-60.2083,-55.4813,0.000,DUMMY,1,DUMMY,,,OBSTACLE_DETECTED,3.0,T2_REVERSE_TO_FORWARD
544.6415,-60.1157,-55.5191,0.000,DUMMY,1,DUMMY,,,OBSTACLE_DETECTED,3.0,T2_REVERSE_TO_FORWARD
544.7414,-60.0231,-55.5567,0.000,DUMMY,1,DUMMY,,,OBSTACLE_DETECTED,3.0,T2_REVERSE_TO_FORWARD
544.8414,-59.9304,-55.5942,0.000,DUMMY,1,DUMMY,,,OBSTACLE_DETECTED,3.0,T2_REVERSE_TO_FORWARD
544.9414,-59.8376,-55.6315,0.000,DUMMY,1,DUMMY,,,OBSTACLE_DETECTED,3.0,T2_REVERSE_TO_FORWARD
545.0414,-59.7448,-55.6687,0.000,DUMMY,1,DUMMY,,,OBSTACLE_DETECTED,3.0,T2_REVERSE_TO_FORWARD
545.1414,-59.6519,-55.7056,0.000,DUMMY,1,DUMMY,,,OBSTACLE_DETECTED,3.0,T2_REVERSE_TO_FORWARD
545.2413,-59.5589,-55.7423,0.000,DUMMY,1,DUMMY,,,OBSTACLE_DETECTED,3.0,T2_REVERSE_TO_FORWARD
545.3413,-59.4658,-55.7788,0.000,DUMMY,1,DUMMY,,,OBSTACLE_DETECTED,3.0,T2_REVERSE_TO_FORWARD
545.4413,-59.3726,-55.8150,0.000,DUMMY,1,DUMMY,,,OBSTACLE_DETECTED,3.0,T2_REVERSE_TO_FORWARD
545.5414,-59.2793,-55.8511,0.000,DUMMY,1,DUMMY,,,OBSTACLE_DETECTED,3.0,T2_REVERSE_TO_FORWARD
545.6413,-59.1860,-55.8870,0.000,DUMMY,1,DUMMY,,,OBSTACLE_DETECTED,3.0,T2_REVERSE_TO_FORWARD
545.7413,-59.0927,-55.9228,0.000,DUMMY,1,DUMMY,,,OBSTACLE_DETECTED,3.0,T2_REVERSE_TO_FORWARD
545.8413,-58.9993,-55.9586,0.000,DUMMY,1,DUMMY,,,OBSTACLE_DETECTED,3.0,T2_REVERSE_TO_FORWARD
545.9413,-58.9060,-55.9945,0.000,DUMMY,1,DUMMY,,,OBSTACLE_DETECTED,3.0,T2_REVERSE_TO_FORWARD
546.0413,-58.8128,-56.0307,0.000,DUMMY,1,DUMMY,,,OBSTACLE_DETECTED,3.0,T2_REVERSE_TO_FORWARD
546.1412,-58.7197,-56.0671,0.000,DUMMY,1,DUMMY,,,OBSTACLE_DETECTED,3.0,T2_REVERSE_TO_FORWARD
546.2412,-58.6268,-56.1040,0.000,DUMMY,1,DUMMY,,,OBSTACLE_DETECTED,3.0,T2_REVERSE_TO_FORWARD
546.3412,-58.5340,-56.1414,0.000,DUMMY,1,DUMMY,,,OBSTACLE_DETECTED,3.0,T2_REVERSE_TO_FORWARD
546.4412,-58.4415,-56.1794,0.000,DUMMY,1,DUMMY,,,OBSTACLE_DETECTED,3.0,T2_REVERSE_TO_FORWARD
546.5411,-58.3494,-56.2181,0.000,DUMMY,1,DUMMY,,,OBSTACLE_DETECTED,3.0,T2_REVERSE_TO_FORWARD
546.6411,-58.2575,-56.2575,0.000,DUMMY,1,DUMMY,,,OBSTACLE_DETECTED,3.0,T2_REVERSE_TO_FORWARD
546.7412,-58.1659,-56.2977,0.000,DUMMY,1,DUMMY,,,OBSTACLE_DETECTED,3.0,T2_REVERSE_TO_FORWARD
546.8411,-58.0747,-56.3386,0.000,DUMMY,1,DUMMY,,,OBSTACLE_DETECTED,3.0,T2_REVERSE_TO_FORWARD
546.9411,-57.9837,-56.3800,0.000,DUMMY,1,DUMMY,,,OBSTACLE_DETECTED,3.0,T2_REVERSE_TO_FORWARD
547.0411,-57.8929,-56.4220,0.000,DUMMY,1,DUMMY,,,OBSTACLE_DETECTED,3.0,T2_REVERSE_TO_FORWARD
547.1411,-57.8023,-56.4643,0.000,DUMMY,1,DUMMY,,,OBSTACLE_DETECTED,3.0,T2_REVERSE_TO_FORWARD
547.2410,-57.7119,-56.5068,0.000,DUMMY,1,DUMMY,,,OBSTACLE_DETECTED,3.0,T2_REVERSE_TO_FORWARD
547.3411,-57.6214,-56.5495,0.000,DUMMY,1,DUMMY,,,OBSTACLE_DETECTED,3.0,T2_REVERSE_TO_FORWARD
547.4410,-57.5310,-56.5921,0.000,DUMMY,1,DUMMY,,,OBSTACLE_DETECTED,3.0,T2_REVERSE_TO_FORWARD
547.5409,-57.4405,-56.6345,0.000,DUMMY,1,DUMMY,,,OBSTACLE_DETECTED,3.0,T2_REVERSE_TO_FORWARD
547.6410,-57.3498,-56.6768,0.000,DUMMY,1,DUMMY,,,OBSTACLE_DETECTED,3.0,T2_REVERSE_TO_FORWARD
547.7410,-57.2590,-56.7186,0.000,DUMMY,1,DUMMY,,,OBSTACLE_DETECTED,3.0,T2_REVERSE_TO_FORWARD
547.8410,-57.1680,-56.7601,0.000,DUMMY,1,DUMMY,,,OBSTACLE_DETECTED,3.0,T2_REVERSE_TO_FORWARD
547.9409,-57.0768,-56.8010,0.000,DUMMY,1,DUMMY,,,OBSTACLE_DETECTED,3.0,T2_REVERSE_TO_FORWARD
548.0409,-56.9854,-56.8415,0.000,DUMMY,1,DUMMY,,,OBSTACLE_DETECTED,3.0,T2_REVERSE_TO_FORWARD
548.1408,-56.8938,-56.8814,0.000,DUMMY,1,DUMMY,,,OBSTACLE_DETECTED,3.0,T2_REVERSE_TO_FORWARD
548.2409,-56.8019,-56.9209,0.000,DUMMY,1,DUMMY,,,OBSTACLE_DETECTED,3.0,T2_REVERSE_TO_FORWARD
548.3408,-56.7098,-56.9598,0.000,DUMMY,1,DUMMY,,,OBSTACLE_DETECTED,3.0,T2_REVERSE_TO_FORWARD
548.4409,-56.6174,-56.9981,0.000,DUMMY,1,DUMMY,,,OBSTACLE_DETECTED,3.0,T2_REVERSE_TO_FORWARD
548.5408,-56.5249,-57.0359,0.000,DUMMY,1,DUMMY,,,OBSTACLE_DETECTED,3.0,T2_REVERSE_TO_FORWARD
548.6408,-56.4321,-57.0731,0.000,DUMMY,1,DUMMY,,,OBSTACLE_DETECTED,3.0,T2_REVERSE_TO_FORWARD
548.7408,-56.3390,-57.1097,0.000,DUMMY,1,DUMMY,,,OBSTACLE_DETECTED,3.0,T2_REVERSE_TO_FORWARD
548.8408,-56.2457,-57.1457,0.000,DUMMY,1,DUMMY,,,OBSTACLE_DETECTED,3.0,T2_REVERSE_TO_FORWARD
548.9407,-56.1523,-57.1812,0.000,DUMMY,1,DUMMY,,,OBSTACLE_DETECTED,3.0,T2_REVERSE_TO_FORWARD
549.0408,-56.0586,-57.2162,0.000,DUMMY,1,DUMMY,,,OBSTACLE_DETECTED,3.0,T2_REVERSE_TO_FORWARD
549.1407,-55.9648,-57.2507,0.000,DUMMY,1,DUMMY,,,OBSTACLE_DETECTED,3.0,T2_REVERSE_TO_FORWARD
549.2407,-55.8708,-57.2849,0.000,DUMMY,1,DUMMY,,,OBSTACLE_DETECTED,3.0,T2_REVERSE_TO_FORWARD
549.3407,-55.7768,-57.3189,0.000,DUMMY,1,DUMMY,,,OBSTACLE_DETECTED,3.0,T2_REVERSE_TO_FORWARD
549.4406,-55.6827,-57.3526,0.000,DUMMY,1,DUMMY,,,OBSTACLE_DETECTED,3.0,T2_REVERSE_TO_FORWARD
549.5407,-55.5885,-57.3863,0.000,DUMMY,1,DUMMY,,,OBSTACLE_DETECTED,3.0,T2_REVERSE_TO_FORWARD
549.6406,-55.4944,-57.4199,0.000,DUMMY,1,DUMMY,,,OBSTACLE_DETECTED,3.0,T2_REVERSE_TO_FORWARD
549.7406,-55.4002,-57.4535,0.000,DUMMY,1,DUMMY,,,OBSTACLE_DETECTED,3.0,T2_REVERSE_TO_FORWARD
549.8407,-55.3060,-57.4872,0.000,DUMMY,1,DUMMY,,,OBSTACLE_DETECTED,3.0,T2_REVERSE_TO_FORWARD
549.9406,-55.2120,-57.5210,0.000,DUMMY,1,DUMMY,,,OBSTACLE_DETECTED,3.0,T2_REVERSE_TO_FORWARD
550.0406,-55.1179,-57.5549,0.000,DUMMY,1,DUMMY,,,OBSTACLE_DETECTED,3.0,T2_REVERSE_TO_FORWARD
550.1406,-55.0239,-57.5891,0.000,DUMMY,1,DUMMY,,,OBSTACLE_DETECTED,3.0,T2_REVERSE_TO_FORWARD
550.2405,-54.9301,-57.6234,0.000,DUMMY,1,DUMMY,,,OBSTACLE_DETECTED,3.0,T2_REVERSE_TO_FORWARD
550.3405,-54.8362,-57.6580,0.000,DUMMY,1,DUMMY,,,OBSTACLE_DETECTED,3.0,T2_REVERSE_TO_FORWARD
550.4405,-54.7425,-57.6928,0.000,DUMMY,1,DUMMY,,,OBSTACLE_DETECTED,3.0,T2_REVERSE_TO_FORWARD
550.5405,-54.6488,-57.7278,0.000,DUMMY,1,DUMMY,,,OBSTACLE_DETECTED,3.0,T2_REVERSE_TO_FORWARD
550.6405,-54.5552,-57.7630,0.000,DUMMY,1,DUMMY,,,OBSTACLE_DETECTED,3.0,T2_REVERSE_TO_FORWARD
550.7405,-54.4617,-57.7984,0.000,DUMMY,1,DUMMY,,,OBSTACLE_DETECTED,3.0,T2_REVERSE_TO_FORWARD
550.8405,-54.3683,-57.8340,0.000,DUMMY,1,DUMMY,,,OBSTACLE_DETECTED,3.0,T2_REVERSE_TO_FORWARD
550.9404,-54.2750,-57.8698,0.000,DUMMY,1,DUMMY,,,OBSTACLE_DETECTED,3.0,T2_REVERSE_TO_FORWARD
551.0404,-54.1817,-57.9059,0.000,DUMMY,1,DUMMY,,,OBSTACLE_DETECTED,3.0,T2_REVERSE_TO_FORWARD
551.1404,-54.0886,-57.9422,0.000,DUMMY,1,DUMMY,,,OBSTACLE_DETECTED,3.0,T2_REVERSE_TO_FORWARD
551.2403,-53.9955,-57.9786,0.000,DUMMY,1,DUMMY,,,OBSTACLE_DETECTED,3.0,T2_REVERSE_TO_FORWARD
551.3404,-53.9024,-58.0152,0.000,DUMMY,1,DUMMY,,,OBSTACLE_DETECTED,3.0,T2_REVERSE_TO_FORWARD
551.4404,-53.8094,-58.0520,0.000,DUMMY,1,DUMMY,,,OBSTACLE_DETECTED,3.0,T2_REVERSE_TO_FORWARD
551.5403,-53.7165,-58.0888,0.000,DUMMY,1,DUMMY,,,OBSTACLE_DETECTED,3.0,T2_REVERSE_TO_FORWARD
551.6403,-53.6235,-58.1257,0.000,DUMMY,1,DUMMY,,,OBSTACLE_DETECTED,3.0,T2_REVERSE_TO_FORWARD
551.7402,-53.5306,-58.1624,0.000,DUMMY,1,DUMMY,,,OBSTACLE_DETECTED,3.0,T2_REVERSE_TO_FORWARD
551.8403,-53.4375,-58.1991,0.000,DUMMY,1,DUMMY,,,OBSTACLE_DETECTED,3.0,T2_REVERSE_TO_FORWARD
551.9403,-53.3444,-58.2356,0.000,DUMMY,1,DUMMY,,,OBSTACLE_DETECTED,3.0,T2_REVERSE_TO_FORWARD
552.0403,-53.2512,-58.2717,0.000,DUMMY,1,DUMMY,,,OBSTACLE_DETECTED,3.0,T2_REVERSE_TO_FORWARD
552.1402,-53.1579,-58.3076,0.000,DUMMY,1,DUMMY,,,OBSTACLE_DETECTED,3.0,T2_REVERSE_TO_FORWARD
552.2402,-53.0644,-58.3430,0.000,DUMMY,1,DUMMY,,,OBSTACLE_DETECTED,3.0,T2_REVERSE_TO_FORWARD
552.3402,-52.9707,-58.3779,0.000,DUMMY,1,DUMMY,,,OBSTACLE_DETECTED,3.0,T2_REVERSE_TO_FORWARD
552.4402,-52.8768,-58.4123,0.000,DUMMY,1,DUMMY,,,OBSTACLE_DETECTED,3.0,T2_REVERSE_TO_FORWARD
552.5401,-52.7828,-58.4462,0.000,DUMMY,1,DUMMY,,,OBSTACLE_DETECTED,3.0,T2_REVERSE_TO_FORWARD
552.6402,-52.6885,-58.4796,0.000,DUMMY,1,DUMMY,,,OBSTACLE_DETECTED,3.0,T2_REVERSE_TO_FORWARD
552.7401,-52.5942,-58.5126,0.000,DUMMY,1,DUMMY,,,OBSTACLE_DETECTED,3.0,T2_REVERSE_TO_FORWARD
552.8401,-52.4997,-58.5453,0.000,DUMMY,1,DUMMY,,,OBSTACLE_DETECTED,3.0,T2_REVERSE_TO_FORWARD
552.9401,-52.4051,-58.5778,0.000,DUMMY,1,DUMMY,,,OBSTACLE_DETECTED,3.0,T2_REVERSE_TO_FORWARD
553.0401,-52.3105,-58.6102,0.000,DUMMY,1,DUMMY,,,OBSTACLE_DETECTED,3.0,T2_REVERSE_TO_FORWARD
553.1400,-52.2160,-58.6427,0.000,DUMMY,1,DUMMY,,,OBSTACLE_DETECTED,3.0,T2_REVERSE_TO_FORWARD
553.2400,-52.1215,-58.6753,0.000,DUMMY,1,DUMMY,,,OBSTACLE_DETECTED,3.0,T2_REVERSE_TO_FORWARD
553.3400,-52.0270,-58.7082,0.000,DUMMY,1,DUMMY,,,OBSTACLE_DETECTED,3.0,T2_REVERSE_TO_FORWARD
553.4400,-51.9327,-58.7414,0.000,DUMMY,1,DUMMY,,,OBSTACLE_DETECTED,3.0,T2_REVERSE_TO_FORWARD
553.5399,-51.8386,-58.7750,0.000,DUMMY,1,DUMMY,,,OBSTACLE_DETECTED,3.0,T2_REVERSE_TO_FORWARD
553.6400,-51.7445,-58.8090,0.000,DUMMY,1,DUMMY,,,OBSTACLE_DETECTED,3.0,T2_REVERSE_TO_FORWARD
553.7400,-51.6506,-58.8433,0.000,DUMMY,1,DUMMY,,,OBSTACLE_DETECTED,3.0,T2_REVERSE_TO_FORWARD
553.8399,-51.5569,-58.8780,0.000,DUMMY,1,DUMMY,,,OBSTACLE_DETECTED,3.0,T2_REVERSE_TO_FORWARD
553.9399,-51.4632,-58.9130,0.000,DUMMY,1,DUMMY,,,OBSTACLE_DETECTED,3.0,T2_REVERSE_TO_FORWARD
554.0399,-51.3696,-58.9482,0.000,DUMMY,1,DUMMY,,,OBSTACLE_DETECTED,3.0,T2_REVERSE_TO_FORWARD
554.1399,-51.2761,-58.9836,0.000,DUMMY,1,DUMMY,,,OBSTACLE_DETECTED,3.0,T2_REVERSE_TO_FORWARD
554.2398,-51.1827,-59.0191,0.000,DUMMY,1,DUMMY,,,OBSTACLE_DETECTED,3.0,T2_REVERSE_TO_FORWARD
554.3398,-51.0893,-59.0548,0.000,DUMMY,1,DUMMY,,,OBSTACLE_DETECTED,3.0,T2_REVERSE_TO_FORWARD
554.4398,-50.9959,-59.0906,0.000,DUMMY,1,DUMMY,,,OBSTACLE_DETECTED,3.0,T2_REVERSE_TO_FORWARD
554.5398,-50.9026,-59.1265,0.000,DUMMY,1,DUMMY,,,OBSTACLE_DETECTED,3.0,T2_REVERSE_TO_FORWARD
554.6397,-50.8093,-59.1624,0.000,DUMMY,1,DUMMY,,,OBSTACLE_DETECTED,3.0,T2_REVERSE_TO_FORWARD
554.7398,-50.7160,-59.1984,0.000,DUMMY,1,DUMMY,,,OBSTACLE_DETECTED,3.0,T2_REVERSE_TO_FORWARD
554.8398,-50.6227,-59.2344,0.000,DUMMY,1,DUMMY,,,OBSTACLE_DETECTED,3.0,T2_REVERSE_TO_FORWARD
554.9397,-50.5295,-59.2705,0.000,DUMMY,1,DUMMY,,,OBSTACLE_DETECTED,3.0,T2_REVERSE_TO_FORWARD
555.0397,-50.4363,-59.3067,0.000,DUMMY,1,DUMMY,,,OBSTACLE_DETECTED,3.0,T2_REVERSE_TO_FORWARD
555.1397,-50.3431,-59.3430,0.000,DUMMY,1,DUMMY,,,OBSTACLE_DETECTED,3.0,T2_REVERSE_TO_FORWARD
555.2397,-50.2500,-59.3794,0.000,DUMMY,1,DUMMY,,,OBSTACLE_DETECTED,3.0,T2_REVERSE_TO_FORWARD
555.3397,-50.1569,-59.4160,0.000,DUMMY,1,DUMMY,,,OBSTACLE_DETECTED,3.0,T2_REVERSE_TO_FORWARD
555.4396,-50.0640,-59.4527,0.000,DUMMY,1,DUMMY,,,OBSTACLE_DETECTED,3.0,T2_REVERSE_TO_FORWARD
555.5396,-49.9710,-59.4896,0.000,DUMMY,1,DUMMY,,,OBSTACLE_DETECTED,3.0,T2_REVERSE_TO_FORWARD
555.6396,-49.8782,-59.5267,0.000,DUMMY,1,DUMMY,,,OBSTACLE_DETECTED,3.0,T2_REVERSE_TO_FORWARD
555.7396,-49.7854,-59.5640,0.000,DUMMY,1,DUMMY,,,OBSTACLE_DETECTED,3.0,T2_REVERSE_TO_FORWARD
555.8396,-49.6927,-59.6014,0.000,DUMMY,1,DUMMY,,,OBSTACLE_DETECTED,3.0,T2_REVERSE_TO_FORWARD
555.9396,-49.6000,-59.6389,0.000,DUMMY,1,DUMMY,,,OBSTACLE_DETECTED,3.0,T2_REVERSE_TO_FORWARD
556.0395,-49.5074,-59.6766,0.000,DUMMY,1,DUMMY,,,OBSTACLE_DETECTED,3.0,T2_REVERSE_TO_FORWARD
556.1396,-49.4148,-59.7144,0.000,DUMMY,1,DUMMY,,,OBSTACLE_DETECTED,3.0,T2_REVERSE_TO_FORWARD
556.2395,-49.3223,-59.7523,0.000,DUMMY,1,DUMMY,,,OBSTACLE_DETECTED,3.0,T2_REVERSE_TO_FORWARD
556.3395,-49.2299,-59.7904,0.000,DUMMY,1,DUMMY,,,OBSTACLE_DETECTED,3.0,T2_REVERSE_TO_FORWARD
556.4395,-49.1375,-59.8286,0.000,DUMMY,1,DUMMY,,,OBSTACLE_DETECTED,3.0,T2_REVERSE_TO_FORWARD
556.5394,-49.0452,-59.8670,0.000,DUMMY,1,DUMMY,,,OBSTACLE_DETECTED,3.0,T2_REVERSE_TO_FORWARD
556.6394,-48.9529,-59.9055,0.000,DUMMY,1,DUMMY,,,OBSTACLE_DETECTED,3.0,T2_REVERSE_TO_FORWARD
556.7394,-48.8607,-59.9442,0.000,DUMMY,1,DUMMY,,,OBSTACLE_DETECTED,3.0,T2_REVERSE_TO_FORWARD
556.8394,-48.7686,-59.9831,0.000,DUMMY,1,DUMMY,,,OBSTACLE_DETECTED,3.0,T2_REVERSE_TO_FORWARD
556.9394,-48.6766,-60.0222,0.000,DUMMY,1,DUMMY,,,OBSTACLE_DETECTED,3.0,T2_REVERSE_TO_FORWARD
557.0394,-48.5846,-60.0614,0.000,DUMMY,1,DUMMY,,,OBSTACLE_DETECTED,3.0,T2_REVERSE_TO_FORWARD
557.1394,-48.4927,-60.1008,0.000,DUMMY,1,DUMMY,,,OBSTACLE_DETECTED,3.0,T2_REVERSE_TO_FORWARD
557.2394,-48.4008,-60.1403,0.000,DUMMY,1,DUMMY,,,OBSTACLE_DETECTED,3.0,T2_REVERSE_TO_FORWARD
557.3394,-48.3090,-60.1799,0.000,DUMMY,1,DUMMY,,,OBSTACLE_DETECTED,3.0,T2_REVERSE_TO_FORWARD
557.4393,-48.2173,-60.2196,0.000,DUMMY,1,DUMMY,,,OBSTACLE_DETECTED,3.0,T2_REVERSE_TO_FORWARD
557.5393,-48.1256,-60.2594,0.000,DUMMY,1,DUMMY,,,OBSTACLE_DETECTED,3.0,T2_REVERSE_TO_FORWARD
557.6393,-48.0339,-60.2993,0.000,DUMMY,1,DUMMY,,,OBSTACLE_DETECTED,3.0,T2_REVERSE_TO_FORWARD
557.7393,-47.9422,-60.3392,0.000,DUMMY,1,DUMMY,,,OBSTACLE_DETECTED,3.0,T2_REVERSE_TO_FORWARD
557.8392,-47.8506,-60.3792,0.000,DUMMY,1,DUMMY,,,OBSTACLE_DETECTED,3.0,T2_REVERSE_TO_FORWARD
557.9392,-47.7589,-60.4191,0.000,DUMMY,1,DUMMY,,,OBSTACLE_DETECTED,3.0,T2_REVERSE_TO_FORWARD
558.0392,-47.6672,-60.4590,0.000,DUMMY,1,DUMMY,,,OBSTACLE_DETECTED,3.0,T2_REVERSE_TO_FORWARD
558.1392,-47.5755,-60.4988,0.000,DUMMY,1,DUMMY,,,OBSTACLE_DETECTED,3.0,T2_REVERSE_TO_FORWARD
558.2392,-47.4837,-60.5385,0.000,DUMMY,1,DUMMY,,,OBSTACLE_DETECTED,3.0,T2_REVERSE_TO_FORWARD
558.3391,-47.3919,-60.5780,0.000,DUMMY,1,DUMMY,,,OBSTACLE_DETECTED,3.0,T2_REVERSE_TO_FORWARD
558.4392,-47.2999,-60.6173,0.000,DUMMY,1,DUMMY,,,OBSTACLE_DETECTED,3.0,T2_REVERSE_TO_FORWARD
558.5391,-47.2079,-60.6562,0.000,DUMMY,1,DUMMY,,,OBSTACLE_DETECTED,3.0,T2_REVERSE_TO_FORWARD
558.6391,-47.1156,-60.6948,0.000,DUMMY,1,DUMMY,,,OBSTACLE_DETECTED,3.0,T2_REVERSE_TO_FORWARD
558.7391,-47.0232,-60.7330,0.000,DUMMY,1,DUMMY,,,OBSTACLE_DETECTED,3.0,T2_REVERSE_TO_FORWARD
558.8390,-46.9306,-60.7706,0.000,DUMMY,1,DUMMY,,,OBSTACLE_DETECTED,3.0,T2_REVERSE_TO_FORWARD
558.9390,-46.8377,-60.8076,0.000,DUMMY,1,DUMMY,,,OBSTACLE_DETECTED,3.0,T2_REVERSE_TO_FORWARD
559.0390,-46.7446,-60.8440,0.000,DUMMY,1,DUMMY,,,OBSTACLE_DETECTED,3.0,T2_REVERSE_TO_FORWARD
559.1390,-46.6512,-60.8797,0.000,DUMMY,1,DUMMY,,,OBSTACLE_DETECTED,3.0,T2_REVERSE_TO_FORWARD
559.2391,-46.5575,-60.9148,0.000,DUMMY,1,DUMMY,,,OBSTACLE_DETECTED,3.0,T2_REVERSE_TO_FORWARD
559.3390,-46.4637,-60.9492,0.000,DUMMY,1,DUMMY,,,OBSTACLE_DETECTED,3.0,T2_REVERSE_TO_FORWARD
559.4390,-46.3696,-60.9830,0.000,DUMMY,1,DUMMY,,,OBSTACLE_DETECTED,3.0,T2_REVERSE_TO_FORWARD
559.5389,-46.2754,-61.0165,0.000,DUMMY,1,DUMMY,,,OBSTACLE_DETECTED,3.0,T2_REVERSE_TO_FORWARD
559.6389,-46.1811,-61.0497,0.000,DUMMY,1,DUMMY,,,OBSTACLE_DETECTED,3.0,T2_REVERSE_TO_FORWARD
559.7389,-46.0867,-61.0827,0.000,DUMMY,1,DUMMY,,,OBSTACLE_DETECTED,3.0,T2_REVERSE_TO_FORWARD
559.8389,-45.9923,-61.1156,0.000,DUMMY,1,DUMMY,,,OBSTACLE_DETECTED,3.0,T2_REVERSE_TO_FORWARD
559.9389,-45.8979,-61.1487,0.000,DUMMY,1,DUMMY,,,OBSTACLE_DETECTED,3.0,T2_REVERSE_TO_FORWARD
560.0389,-45.8036,-61.1819,0.000,DUMMY,1,DUMMY,,,OBSTACLE_DETECTED,3.0,T2_REVERSE_TO_FORWARD
560.1389,-45.7094,-61.2154,0.000,DUMMY,1,DUMMY,,,OBSTACLE_DETECTED,3.0,T2_REVERSE_TO_FORWARD
560.2388,-45.6154,-61.2494,0.000,DUMMY,1,DUMMY,,,OBSTACLE_DETECTED,3.0,T2_REVERSE_TO_FORWARD
560.3388,-45.5215,-61.2838,0.000,DUMMY,1,DUMMY,,,OBSTACLE_DETECTED,3.0,T2_REVERSE_TO_FORWARD
560.4388,-45.4278,-61.3187,0.000,DUMMY,1,DUMMY,,,OBSTACLE_DETECTED,3.0,T2_REVERSE_TO_FORWARD
560.5388,-45.3343,-61.3541,0.000,DUMMY,1,DUMMY,,,OBSTACLE_DETECTED,3.0,T2_REVERSE_TO_FORWARD
560.6387,-45.2410,-61.3899,0.000,DUMMY,1,DUMMY,,,OBSTACLE_DETECTED,3.0,T2_REVERSE_TO_FORWARD
560.7388,-45.1478,-61.4263,0.000,DUMMY,1,DUMMY,,,OBSTACLE_DETECTED,3.0,T2_REVERSE_TO_FORWARD
560.8387,-45.0549,-61.4631,0.000,DUMMY,1,DUMMY,,,OBSTACLE_DETECTED,3.0,T2_REVERSE_TO_FORWARD
560.9388,-44.9621,-61.5005,0.000,DUMMY,1,DUMMY,,,OBSTACLE_DETECTED,3.0,T2_REVERSE_TO_FORWARD
561.0386,-44.8696,-61.5382,0.000,DUMMY,1,DUMMY,,,OBSTACLE_DETECTED,3.0,T2_REVERSE_TO_FORWARD
561.1386,-44.7772,-61.5764,0.000,DUMMY,1,DUMMY,,,OBSTACLE_DETECTED,3.0,T2_REVERSE_TO_FORWARD
561.2386,-44.6850,-61.6151,0.000,DUMMY,1,DUMMY,,,OBSTACLE_DETECTED,3.0,T2_REVERSE_TO_FORWARD
561.3386,-44.5930,-61.6542,0.000,DUMMY,1,DUMMY,,,OBSTACLE_DETECTED,3.0,T2_REVERSE_TO_FORWARD
561.4387,-44.5011,-61.6938,0.000,DUMMY,1,DUMMY,,,OBSTACLE_DETECTED,3.0,T2_REVERSE_TO_FORWARD
561.5387,-44.4094,-61.7337,0.000,DUMMY,1,DUMMY,,,OBSTACLE_DETECTED,3.0,T2_REVERSE_TO_FORWARD
561.6386,-44.3179,-61.7739,0.000,DUMMY,1,DUMMY,,,OBSTACLE_DETECTED,3.0,T2_REVERSE_TO_FORWARD
561.7386,-44.2265,-61.8144,0.000,DUMMY,1,DUMMY,,,OBSTACLE_DETECTED,3.0,T2_REVERSE_TO_FORWARD
561.8385,-44.1352,-61.8551,0.000,DUMMY,1,DUMMY,,,OBSTACLE_DETECTED,3.0,T2_REVERSE_TO_FORWARD
561.9386,-44.0439,-61.8960,0.000,DUMMY,1,DUMMY,,,OBSTACLE_DETECTED,3.0,T2_REVERSE_TO_FORWARD
562.0386,-43.9527,-61.9370,0.000,DUMMY,1,DUMMY,,,OBSTACLE_DETECTED,3.0,T2_REVERSE_TO_FORWARD
562.1385,-43.8616,-61.9780,0.000,DUMMY,1,DUMMY,,,OBSTACLE_DETECTED,3.0,T2_REVERSE_TO_FORWARD
562.2385,-43.7704,-62.0192,0.000,DUMMY,1,DUMMY,,,OBSTACLE_DETECTED,3.0,T2_REVERSE_TO_FORWARD
562.3385,-43.6793,-62.0603,0.000,DUMMY,1,DUMMY,,,OBSTACLE_DETECTED,3.0,T2_REVERSE_TO_FORWARD
562.4384,-43.5882,-62.1014,0.000,DUMMY,1,DUMMY,,,OBSTACLE_DETECTED,3.0,T2_REVERSE_TO_FORWARD
562.5385,-43.4970,-62.1425,0.000,DUMMY,1,DUMMY,,,OBSTACLE_DETECTED,3.0,T2_REVERSE_TO_FORWARD
562.6385,-43.4058,-62.1835,0.000,DUMMY,1,DUMMY,,,OBSTACLE_DETECTED,3.0,T2_REVERSE_TO_FORWARD
562.7384,-43.3146,-62.2244,0.000,DUMMY,1,DUMMY,,,OBSTACLE_DETECTED,3.0,T2_REVERSE_TO_FORWARD
562.8384,-43.2233,-62.2652,0.000,DUMMY,1,DUMMY,,,OBSTACLE_DETECTED,3.0,T2_REVERSE_TO_FORWARD
562.9383,-43.1320,-62.3058,0.000,DUMMY,1,DUMMY,,,OBSTACLE_DETECTED,3.0,T2_REVERSE_TO_FORWARD
563.0384,-43.0405,-62.3463,0.000,DUMMY,1,DUMMY,,,OBSTACLE_DETECTED,3.0,T2_REVERSE_TO_FORWARD
563.1384,-42.9490,-62.3866,0.000,DUMMY,1,DUMMY,,,OBSTACLE_DETECTED,3.0,T2_REVERSE_TO_FORWARD
563.2383,-42.8574,-62.4266,0.000,DUMMY,1,DUMMY,,,OBSTACLE_DETECTED,3.0,T2_REVERSE_TO_FORWARD
563.3383,-42.7657,-62.4664,0.000,DUMMY,1,DUMMY,,,OBSTACLE_DETECTED,3.0,T2_REVERSE_TO_FORWARD
563.4383,-42.6738,-62.5058,0.000,DUMMY,1,DUMMY,,,OBSTACLE_DETECTED,3.0,T2_REVERSE_TO_FORWARD
563.5382,-42.5818,-62.5449,0.000,DUMMY,1,DUMMY,,,OBSTACLE_DETECTED,3.0,T2_REVERSE_TO_FORWARD
563.6382,-42.4896,-62.5836,0.000,DUMMY,1,DUMMY,,,OBSTACLE_DETECTED,3.0,T2_REVERSE_TO_FORWARD
563.7382,-42.3972,-62.6218,0.000,DUMMY,1,DUMMY,,,OBSTACLE_DETECTED,3.0,T2_REVERSE_TO_FORWARD
563.8382,-42.3047,-62.6597,0.000,DUMMY,1,DUMMY,,,OBSTACLE_DETECTED,3.0,T2_REVERSE_TO_FORWARD
563.9382,-42.2120,-62.6972,0.000,DUMMY,1,DUMMY,,,OBSTACLE_DETECTED,3.0,T2_REVERSE_TO_FORWARD
564.0382,-42.1191,-62.7343,0.000,DUMMY,1,DUMMY,,,OBSTACLE_DETECTED,3.0,T2_REVERSE_TO_FORWARD
564.1381,-42.0262,-62.7711,0.000,DUMMY,1,DUMMY,,,OBSTACLE_DETECTED,3.0,T2_REVERSE_TO_FORWARD
564.2381,-41.9332,-62.8078,0.000,DUMMY,1,DUMMY,,,OBSTACLE_DETECTED,3.0,T2_REVERSE_TO_FORWARD
564.3381,-41.8401,-62.8443,0.000,DUMMY,1,DUMMY,,,OBSTACLE_DETECTED,3.0,T2_REVERSE_TO_FORWARD
564.4382,-41.7470,-62.8809,0.000,DUMMY,1,DUMMY,,,OBSTACLE_DETECTED,3.0,T2_REVERSE_TO_FORWARD
564.5381,-41.6540,-62.9175,0.000,DUMMY,1,DUMMY,,,OBSTACLE_DETECTED,3.0,T2_REVERSE_TO_FORWARD
564.6381,-41.5610,-62.9542,0.000,DUMMY,1,DUMMY,,,OBSTACLE_DETECTED,3.0,T2_REVERSE_TO_FORWARD
564.7381,-41.4681,-62.9913,0.000,DUMMY,1,DUMMY,,,OBSTACLE_DETECTED,3.0,T2_REVERSE_TO_FORWARD
564.8380,-41.3754,-63.0286,0.000,DUMMY,1,DUMMY,,,OBSTACLE_DETECTED,3.0,T2_REVERSE_TO_FORWARD
564.9380,-41.2828,-63.0663,0.000,DUMMY,1,DUMMY,,,OBSTACLE_DETECTED,3.0,T2_REVERSE_TO_FORWARD
565.0380,-41.1903,-63.1044,0.000,DUMMY,1,DUMMY,,,OBSTACLE_DETECTED,3.0,T2_REVERSE_TO_FORWARD
565.1380,-41.0981,-63.1429,0.000,DUMMY,1,DUMMY,,,OBSTACLE_DETECTED,3.0,T2_REVERSE_TO_FORWARD
565.2380,-41.0059,-63.1817,0.000,DUMMY,1,DUMMY,,,OBSTACLE_DETECTED,3.0,T2_REVERSE_TO_FORWARD
565.3380,-40.9139,-63.2208,0.000,DUMMY,1,DUMMY,,,OBSTACLE_DETECTED,3.0,T2_REVERSE_TO_FORWARD
565.4379,-40.8220,-63.2602,0.000,DUMMY,1,DUMMY,,,OBSTACLE_DETECTED,3.0,T2_REVERSE_TO_FORWARD
565.5379,-40.7302,-63.2998,0.000,DUMMY,1,DUMMY,,,OBSTACLE_DETECTED,3.0,T2_REVERSE_TO_FORWARD
565.6379,-40.6384,-63.3394,0.000,DUMMY,1,DUMMY,,,OBSTACLE_DETECTED,3.0,T2_REVERSE_TO_FORWARD
565.7379,-40.5466,-63.3791,0.000,DUMMY,1,DUMMY,,,OBSTACLE_DETECTED,3.0,T2_REVERSE_TO_FORWARD
565.8378,-40.4549,-63.4188,0.000,DUMMY,1,DUMMY,,,OBSTACLE_DETECTED,3.0,T2_REVERSE_TO_FORWARD
565.9378,-40.3631,-63.4584,0.000,DUMMY,1,DUMMY,,,OBSTACLE_DETECTED,3.0,T2_REVERSE_TO_FORWARD
566.0379,-40.2712,-63.4979,0.000,DUMMY,1,DUMMY,,,OBSTACLE_DETECTED,3.0,T2_REVERSE_TO_FORWARD
566.1379,-40.1792,-63.5371,0.000,DUMMY,1,DUMMY,,,OBSTACLE_DETECTED,3.0,T2_REVERSE_TO_FORWARD
566.2378,-40.0872,-63.5761,0.000,DUMMY,1,DUMMY,,,OBSTACLE_DETECTED,3.0,T2_REVERSE_TO_FORWARD
566.3378,-39.9950,-63.6149,0.000,DUMMY,1,DUMMY,,,OBSTACLE_DETECTED,3.0,T2_REVERSE_TO_FORWARD
566.4378,-39.9027,-63.6534,0.000,DUMMY,1,DUMMY,,,OBSTACLE_DETECTED,3.0,T2_REVERSE_TO_FORWARD
566.5377,-39.8104,-63.6916,0.000,DUMMY,1,DUMMY,,,OBSTACLE_DETECTED,3.0,T2_REVERSE_TO_FORWARD
566.6377,-39.7179,-63.7296,0.000,DUMMY,1,DUMMY,,,OBSTACLE_DETECTED,3.0,T2_REVERSE_TO_FORWARD
566.7377,-39.6253,-63.7674,0.000,DUMMY,1,DUMMY,,,OBSTACLE_DETECTED,3.0,T2_REVERSE_TO_FORWARD
566.8377,-39.5327,-63.8050,0.000,DUMMY,1,DUMMY,,,OBSTACLE_DETECTED,3.0,T2_REVERSE_TO_FORWARD
566.9377,-39.4399,-63.8424,0.000,DUMMY,1,DUMMY,,,OBSTACLE_DETECTED,3.0,T2_REVERSE_TO_FORWARD
567.0377,-39.3471,-63.8796,0.000,DUMMY,1,DUMMY,,,OBSTACLE_DETECTED,3.0,T2_REVERSE_TO_FORWARD
567.1376,-39.2543,-63.9167,0.000,DUMMY,1,DUMMY,,,OBSTACLE_DETECTED,3.0,T2_REVERSE_TO_FORWARD
567.2376,-39.1614,-63.9536,0.000,DUMMY,1,DUMMY,,,OBSTACLE_DETECTED,3.0,T2_REVERSE_TO_FORWARD
567.3377,-39.0684,-63.9905,0.000,DUMMY,1,DUMMY,,,OBSTACLE_DETECTED,3.0,T2_REVERSE_TO_FORWARD
567.4376,-38.9755,-64.0273,0.000,DUMMY,1,DUMMY,,,OBSTACLE_DETECTED,3.0,T2_REVERSE_TO_FORWARD
567.5376,-38.8825,-64.0642,0.000,DUMMY,1,DUMMY,,,OBSTACLE_DETECTED,3.0,T2_REVERSE_TO_FORWARD
567.6376,-38.7896,-64.1011,0.000,DUMMY,1,DUMMY,,,OBSTACLE_DETECTED,3.0,T2_REVERSE_TO_FORWARD
567.7376,-38.6967,-64.1381,0.000,DUMMY,1,DUMMY,,,OBSTACLE_DETECTED,3.0,T2_REVERSE_TO_FORWARD
567.8376,-38.6039,-64.1753,0.000,DUMMY,1,DUMMY,,,OBSTACLE_DETECTED,3.0,T2_REVERSE_TO_FORWARD
567.9376,-38.5112,-64.2128,0.000,DUMMY,1,DUMMY,,,OBSTACLE_DETECTED,3.0,T2_REVERSE_TO_FORWARD
568.0375,-38.4187,-64.2505,0.000,DUMMY,1,DUMMY,,,OBSTACLE_DETECTED,3.0,T2_REVERSE_TO_FORWARD
568.1375,-38.3262,-64.2887,0.000,DUMMY,1,DUMMY,,,OBSTACLE_DETECTED,3.0,T2_REVERSE_TO_FORWARD
568.2375,-38.2340,-64.3273,0.000,DUMMY,1,DUMMY,,,OBSTACLE_DETECTED,3.0,T2_REVERSE_TO_FORWARD
568.3375,-38.1420,-64.3664,0.000,DUMMY,1,DUMMY,,,OBSTACLE_DETECTED,3.0,T2_REVERSE_TO_FORWARD
568.4375,-38.0502,-64.4061,0.000,DUMMY,1,DUMMY,,,OBSTACLE_DETECTED,3.0,T2_REVERSE_TO_FORWARD
568.5374,-37.9587,-64.4463,0.000,DUMMY,1,DUMMY,,,OBSTACLE_DETECTED,3.0,T2_REVERSE_TO_FORWARD
568.6374,-37.8674,-64.4871,0.000,DUMMY,1,DUMMY,,,OBSTACLE_DETECTED,3.0,T2_REVERSE_TO_FORWARD
568.7374,-37.7763,-64.5283,0.000,DUMMY,1,DUMMY,,,OBSTACLE_DETECTED,3.0,T2_REVERSE_TO_FORWARD
568.8374,-37.6854,-64.5700,0.000,DUMMY,1,DUMMY,,,OBSTACLE_DETECTED,3.0,T2_REVERSE_TO_FORWARD
568.9374,-37.5946,-64.6119,0.000,DUMMY,1,DUMMY,,,OBSTACLE_DETECTED,3.0,T2_REVERSE_TO_FORWARD
569.0373,-37.5040,-64.6540,0.000,DUMMY,1,DUMMY,,,OBSTACLE_DETECTED,3.0,T2_REVERSE_TO_FORWARD
569.1373,-37.4133,-64.6962,0.000,DUMMY,1,DUMMY,,,OBSTACLE_DETECTED,3.0,T2_REVERSE_TO_FORWARD
569.2373,-37.3227,-64.7385,0.000,DUMMY,1,DUMMY,,,OBSTACLE_DETECTED,3.0,T2_REVERSE_TO_FORWARD
569.3373,-37.2321,-64.7807,0.000,DUMMY,1,DUMMY,,,OBSTACLE_DETECTED,3.0,T2_REVERSE_TO_FORWARD
569.4372,-37.1414,-64.8227,0.000,DUMMY,1,DUMMY,,,OBSTACLE_DETECTED,3.0,T2_REVERSE_TO_FORWARD
569.5373,-37.0505,-64.8645,0.000,DUMMY,1,DUMMY,,,OBSTACLE_DETECTED,3.0,T2_REVERSE_TO_FORWARD
569.6372,-36.9596,-64.9060,0.000,DUMMY,1,DUMMY,,,OBSTACLE_DETECTED,3.0,T2_REVERSE_TO_FORWARD
569.7373,-36.8684,-64.9472,0.000,DUMMY,1,DUMMY,,,OBSTACLE_DETECTED,3.0,T2_REVERSE_TO_FORWARD
569.8372,-36.7772,-64.9880,0.000,DUMMY,1,DUMMY,,,OBSTACLE_DETECTED,3.0,T2_REVERSE_TO_FORWARD
569.9372,-36.6858,-65.0285,0.000,DUMMY,1,DUMMY,,,OBSTACLE_DETECTED,3.0,T2_REVERSE_TO_FORWARD
570.0372,-36.5942,-65.0687,0.000,DUMMY,1,DUMMY,,,OBSTACLE_DETECTED,3.0,T2_REVERSE_TO_FORWARD
570.1371,-36.5026,-65.1087,0.000,DUMMY,1,DUMMY,,,OBSTACLE_DETECTED,3.0,T2_REVERSE_TO_FORWARD
570.2372,-36.4109,-65.1486,0.000,DUMMY,1,DUMMY,,,OBSTACLE_DETECTED,3.0,T2_REVERSE_TO_FORWARD
570.3371,-36.3191,-65.1882,0.000,DUMMY,1,DUMMY,,,OBSTACLE_DETECTED,3.0,T2_REVERSE_TO_FORWARD
570.4371,-36.2273,-65.2279,0.000,DUMMY,1,DUMMY,,,OBSTACLE_DETECTED,3.0,T2_REVERSE_TO_FORWARD
570.5371,-36.1355,-65.2675,0.000,DUMMY,1,DUMMY,,,OBSTACLE_DETECTED,3.0,T2_REVERSE_TO_FORWARD
570.6371,-36.0437,-65.3071,0.000,DUMMY,1,DUMMY,,,OBSTACLE_DETECTED,3.0,T2_REVERSE_TO_FORWARD
570.7370,-35.9520,-65.3468,0.000,DUMMY,1,DUMMY,,,OBSTACLE_DETECTED,3.0,T2_REVERSE_TO_FORWARD
570.8370,-35.8602,-65.3865,0.000,DUMMY,1,DUMMY,,,OBSTACLE_DETECTED,3.0,T2_REVERSE_TO_FORWARD
570.9370,-35.7685,-65.4264,0.000,DUMMY,1,DUMMY,,,OBSTACLE_DETECTED,3.0,T2_REVERSE_TO_FORWARD
571.0370,-35.6769,-65.4664,0.000,DUMMY,1,DUMMY,,,OBSTACLE_DETECTED,3.0,T2_REVERSE_TO_FORWARD
571.1370,-35.5853,-65.5064,0.000,DUMMY,1,DUMMY,,,OBSTACLE_DETECTED,3.0,T2_REVERSE_TO_FORWARD
571.2370,-35.4936,-65.5464,0.000,DUMMY,1,DUMMY,,,OBSTACLE_DETECTED,3.0,T2_REVERSE_TO_FORWARD
571.3369,-35.4020,-65.5864,0.000,DUMMY,1,DUMMY,,,OBSTACLE_DETECTED,3.0,T2_REVERSE_TO_FORWARD
571.4369,-35.3104,-65.6264,0.000,DUMMY,1,DUMMY,,,OBSTACLE_DETECTED,3.0,T2_REVERSE_TO_FORWARD
571.5370,-35.2186,-65.6662,0.000,DUMMY,1,DUMMY,,,OBSTACLE_DETECTED,3.0,T2_REVERSE_TO_FORWARD
571.6369,-35.1268,-65.7058,0.000,DUMMY,1,DUMMY,,,OBSTACLE_DETECTED,3.0,T2_REVERSE_TO_FORWARD
571.7369,-35.0349,-65.7451,0.000,DUMMY,1,DUMMY,,,OBSTACLE_DETECTED,3.0,T2_REVERSE_TO_FORWARD
571.8369,-34.9428,-65.7840,0.000,DUMMY,1,DUMMY,,,OBSTACLE_DETECTED,3.0,T2_REVERSE_TO_FORWARD
571.9369,-34.8505,-65.8225,0.000,DUMMY,1,DUMMY,,,OBSTACLE_DETECTED,3.0,T2_REVERSE_TO_FORWARD
572.0368,-34.7581,-65.8605,0.000,DUMMY,1,DUMMY,,,OBSTACLE_DETECTED,3.0,T2_REVERSE_TO_FORWARD
572.1368,-34.6654,-65.8980,0.000,DUMMY,1,DUMMY,,,OBSTACLE_DETECTED,3.0,T2_REVERSE_TO_FORWARD
572.2368,-34.5724,-65.9349,0.000,DUMMY,1,DUMMY,,,OBSTACLE_DETECTED,3.0,T2_REVERSE_TO_FORWARD
572.3368,-34.4793,-65.9713,0.000,DUMMY,1,DUMMY,,,OBSTACLE_DETECTED,3.0,T2_REVERSE_TO_FORWARD
572.4368,-34.3860,-66.0073,0.000,DUMMY,1,DUMMY,,,OBSTACLE_DETECTED,3.0,T2_REVERSE_TO_FORWARD
572.5368,-34.2926,-66.0429,0.000,DUMMY,1,DUMMY,,,OBSTACLE_DETECTED,3.0,T2_REVERSE_TO_FORWARD
572.6367,-34.1991,-66.0783,0.000,DUMMY,1,DUMMY,,,OBSTACLE_DETECTED,3.0,T2_REVERSE_TO_FORWARD
572.7367,-34.1055,-66.1135,0.000,DUMMY,1,DUMMY,,,OBSTACLE_DETECTED,3.0,T2_REVERSE_TO_FORWARD
572.8367,-34.0119,-66.1487,0.000,DUMMY,1,DUMMY,,,OBSTACLE_DETECTED,3.0,T2_REVERSE_TO_FORWARD
572.9367,-33.9184,-66.1841,0.000,DUMMY,1,DUMMY,,,OBSTACLE_DETECTED,3.0,T2_REVERSE_TO_FORWARD
573.0366,-33.8250,-66.2196,0.000,DUMMY,1,DUMMY,,,OBSTACLE_DETECTED,3.0,T2_REVERSE_TO_FORWARD
573.1367,-33.7316,-66.2555,0.000,DUMMY,1,DUMMY,,,OBSTACLE_DETECTED,3.0,T2_REVERSE_TO_FORWARD
573.2366,-33.6385,-66.2917,0.000,DUMMY,1,DUMMY,,,OBSTACLE_DETECTED,3.0,T2_REVERSE_TO_FORWARD
573.3367,-33.5454,-66.3284,0.000,DUMMY,1,DUMMY,,,OBSTACLE_DETECTED,3.0,T2_REVERSE_TO_FORWARD
573.4366,-33.4526,-66.3654,0.000,DUMMY,1,DUMMY,,,OBSTACLE_DETECTED,3.0,T2_REVERSE_TO_FORWARD
573.5365,-33.3599,-66.4028,0.000,DUMMY,1,DUMMY,,,OBSTACLE_DETECTED,3.0,T2_REVERSE_TO_FORWARD
573.6365,-33.2673,-66.4406,0.000,DUMMY,1,DUMMY,,,OBSTACLE_DETECTED,3.0,T2_REVERSE_TO_FORWARD
573.7365,-33.1748,-66.4785,0.000,DUMMY,1,DUMMY,,,OBSTACLE_DETECTED,3.0,T2_REVERSE_TO_FORWARD
573.8365,-33.0823,-66.5166,0.000,DUMMY,1,DUMMY,,,OBSTACLE_DETECTED,3.0,T2_REVERSE_TO_FORWARD
573.9365,-32.9899,-66.5547,0.000,DUMMY,1,DUMMY,,,OBSTACLE_DETECTED,3.0,T2_REVERSE_TO_FORWARD
574.0365,-32.8974,-66.5928,0.000,DUMMY,1,DUMMY,,,OBSTACLE_DETECTED,3.0,T2_REVERSE_TO_FORWARD
574.1364,-32.8049,-66.6306,0.000,DUMMY,1,DUMMY,,,OBSTACLE_DETECTED,3.0,T2_REVERSE_TO_FORWARD
574.2364,-32.7122,-66.6680,0.000,DUMMY,1,DUMMY,,,OBSTACLE_DETECTED,3.0,T2_REVERSE_TO_FORWARD
574.3364,-32.6192,-66.7048,0.000,DUMMY,1,DUMMY,,,OBSTACLE_DETECTED,3.0,T2_REVERSE_TO_FORWARD
574.4169,-32.5442,-66.7339,0.000,DUMMY,1,DUMMY,DUMMY_OBSTACLE_ZONE_END,,OBSTACLE_DETECTED,3.0,T2_REVERSE_TO_FORWARD
574.4365,-32.5259,-66.7409,0.000,DUMMY,1,DUMMY,,,OBSTACLE_DETECTED,3.0,T2_REVERSE_TO_FORWARD
574.5364,-32.4323,-66.7760,0.000,DUMMY,1,DUMMY,,,OBSTACLE_DETECTED,3.0,T2_REVERSE_TO_FORWARD
574.6364,-32.3384,-66.8104,0.000,DUMMY,1,DUMMY,,,OBSTACLE_DETECTED,3.0,T2_REVERSE_TO_FORWARD
574.7164,-32.2633,-66.8379,0.000,NORMAL,1,ROUTE,,,,,T2_REVERSE_TO_FORWARD
574.7363,-32.2446,-66.8448,0.000,NORMAL,1,ROUTE,,,,,T2_REVERSE_TO_FORWARD
574.8364,-32.1507,-66.8793,0.000,NORMAL,1,ROUTE,,,,,T2_REVERSE_TO_FORWARD
574.9363,-32.0569,-66.9138,0.000,NORMAL,1,ROUTE,,,,,T2_REVERSE_TO_FORWARD
575.0363,-31.9630,-66.9482,0.000,NORMAL,1,ROUTE,,,,,T2_REVERSE_TO_FORWARD
575.1363,-31.8690,-66.9823,0.000,NORMAL,1,ROUTE,,,,,T2_REVERSE_TO_FORWARD
575.2363,-31.7749,-67.0162,0.000,NORMAL,1,ROUTE,,,,,T2_REVERSE_TO_FORWARD
575.3363,-31.6807,-67.0497,0.000,NORMAL,1,ROUTE,,,,,T2_REVERSE_TO_FORWARD
575.4362,-31.5864,-67.0827,0.000,NORMAL,1,ROUTE,,,,,T2_REVERSE_TO_FORWARD
575.5363,-31.4918,-67.1153,0.000,NORMAL,1,ROUTE,,,,,T2_REVERSE_TO_FORWARD
575.6362,-31.3971,-67.1473,0.000,NORMAL,1,ROUTE,,,,,T2_REVERSE_TO_FORWARD
575.7362,-31.3022,-67.1787,0.000,NORMAL,1,ROUTE,,,,,T2_REVERSE_TO_FORWARD
575.8362,-31.2071,-67.2097,0.000,NORMAL,1,ROUTE,,,,,T2_REVERSE_TO_FORWARD
575.9362,-31.1119,-67.2401,0.000,NORMAL,1,ROUTE,,,,,T2_REVERSE_TO_FORWARD
576.0362,-31.0165,-67.2701,0.000,NORMAL,1,ROUTE,,,,,T2_REVERSE_TO_FORWARD
576.1362,-30.9210,-67.2998,0.000,NORMAL,1,ROUTE,,,,,T2_REVERSE_TO_FORWARD
576.2361,-30.8255,-67.3291,0.000,NORMAL,1,ROUTE,,,,,T2_REVERSE_TO_FORWARD
576.3361,-30.7298,-67.3582,0.000,NORMAL,1,ROUTE,,,,,T2_REVERSE_TO_FORWARD
576.4360,-30.6341,-67.3870,0.000,NORMAL,1,ROUTE,,,,,T2_REVERSE_TO_FORWARD
576.5361,-30.5383,-67.4157,0.000,NORMAL,1,ROUTE,,,,,T2_REVERSE_TO_FORWARD
576.6360,-30.4425,-67.4443,0.000,NORMAL,1,ROUTE,,,,,T2_REVERSE_TO_FORWARD
576.7361,-30.3466,-67.4728,0.000,NORMAL,1,ROUTE,,,,,T2_REVERSE_TO_FORWARD
576.8360,-30.2508,-67.5012,0.000,NORMAL,1,ROUTE,,,,,T2_REVERSE_TO_FORWARD
576.9360,-30.1549,-67.5295,0.000,NORMAL,1,ROUTE,,,,,T2_REVERSE_TO_FORWARD
577.0360,-30.0590,-67.5578,0.000,NORMAL,1,ROUTE,,,,,T2_REVERSE_TO_FORWARD
577.1359,-29.9631,-67.5860,0.000,NORMAL,1,ROUTE,,,,,T2_REVERSE_TO_FORWARD
577.2360,-29.8671,-67.6141,0.000,NORMAL,1,ROUTE,,,,,T2_REVERSE_TO_FORWARD
577.3360,-29.7711,-67.6421,0.000,NORMAL,1,ROUTE,,,,,T2_REVERSE_TO_FORWARD
577.4359,-29.6751,-67.6699,0.000,NORMAL,1,ROUTE,,,,,T2_REVERSE_TO_FORWARD
577.5359,-29.5790,-67.6975,0.000,NORMAL,1,ROUTE,,,,,T2_REVERSE_TO_FORWARD
577.6359,-29.4828,-67.7249,0.000,NORMAL,1,ROUTE,,,,,T2_REVERSE_TO_FORWARD
577.7359,-29.3865,-67.7518,0.000,NORMAL,1,ROUTE,,,,,T2_REVERSE_TO_FORWARD
577.8359,-29.2901,-67.7782,0.000,NORMAL,1,ROUTE,,,,,T2_REVERSE_TO_FORWARD
577.9358,-29.1935,-67.8040,0.000,NORMAL,1,ROUTE,,,,,T2_REVERSE_TO_FORWARD
578.0358,-29.0967,-67.8291,0.000,NORMAL,1,ROUTE,,,,,T2_REVERSE_TO_FORWARD
578.1358,-28.9997,-67.8533,0.000,NORMAL,1,ROUTE,,,,,T2_REVERSE_TO_FORWARD
578.2357,-28.9025,-67.8764,0.000,NORMAL,1,ROUTE,,,,,T2_REVERSE_TO_FORWARD
578.3358,-28.8049,-67.8985,0.000,NORMAL,1,ROUTE,,,,,T2_REVERSE_TO_FORWARD
578.4358,-28.7071,-67.9193,0.000,NORMAL,1,ROUTE,,,,,T2_REVERSE_TO_FORWARD
578.5357,-28.6091,-67.9390,0.000,NORMAL,1,ROUTE,,,,,T2_REVERSE_TO_FORWARD
578.6357,-28.5108,-67.9574,0.000,NORMAL,1,ROUTE,,,,,T2_REVERSE_TO_FORWARD
578.7357,-28.4123,-67.9745,0.000,NORMAL,1,ROUTE,,,,,T2_REVERSE_TO_FORWARD
578.8356,-28.3136,-67.9901,0.000,NORMAL,1,ROUTE,,,,,T2_REVERSE_TO_FORWARD
578.9356,-28.2146,-68.0042,0.000,NORMAL,1,ROUTE,,,,,T2_REVERSE_TO_FORWARD
579.0356,-28.1154,-68.0164,0.000,NORMAL,1,ROUTE,,,,,T2_REVERSE_TO_FORWARD
579.1356,-28.0159,-68.0267,0.000,NORMAL,1,ROUTE,,,,,T2_REVERSE_TO_FORWARD
579.2356,-27.9162,-68.0346,0.000,NORMAL,1,ROUTE,,,,,T2_REVERSE_TO_FORWARD
579.3356,-27.8164,-68.0399,0.000,NORMAL,1,ROUTE,,,,,T2_REVERSE_TO_FORWARD
579.4356,-27.7164,-68.0422,0.000,NORMAL,1,ROUTE,,,,,T2_REVERSE_TO_FORWARD
579.5355,-27.6165,-68.0412,0.000,NORMAL,1,ROUTE,,,,,T2_REVERSE_TO_FORWARD
579.6355,-27.5166,-68.0370,0.000,NORMAL,1,ROUTE,,,,,T2_REVERSE_TO_FORWARD
579.7355,-27.4169,-68.0293,0.000,NORMAL,1,ROUTE,,,,,T2_REVERSE_TO_FORWARD
579.8355,-27.3175,-68.0185,0.000,NORMAL,1,ROUTE,,,,,T2_REVERSE_TO_FORWARD
579.9354,-27.2185,-68.0049,0.000,NORMAL,1,ROUTE,,,,,T2_REVERSE_TO_FORWARD
580.0354,-27.1198,-67.9887,0.000,NORMAL,1,ROUTE,,,,,T2_REVERSE_TO_FORWARD
580.1354,-27.0215,-67.9703,0.000,NORMAL,1,ROUTE,,,,,T2_REVERSE_TO_FORWARD
580.2354,-26.9236,-67.9501,0.000,NORMAL,1,ROUTE,,,,,T2_REVERSE_TO_FORWARD
580.3354,-26.8260,-67.9283,0.000,NORMAL,1,ROUTE,,,,,T2_REVERSE_TO_FORWARD
580.4353,-26.7288,-67.9051,0.000,NORMAL,1,ROUTE,,,,,T2_REVERSE_TO_FORWARD
580.5353,-26.6318,-67.8808,0.000,NORMAL,1,ROUTE,,,,,T2_REVERSE_TO_FORWARD
580.6354,-26.5350,-67.8555,0.000,NORMAL,1,ROUTE,,,,,T2_REVERSE_TO_FORWARD
580.7353,-26.4385,-67.8294,0.000,NORMAL,1,ROUTE,,,,,T2_REVERSE_TO_FORWARD
580.8353,-26.3422,-67.8027,0.000,NORMAL,1,ROUTE,,,,,T2_REVERSE_TO_FORWARD
580.9353,-26.2460,-67.7753,0.000,NORMAL,1,ROUTE,,,,,T2_REVERSE_TO_FORWARD
581.0352,-26.1500,-67.7476,0.000,NORMAL,1,ROUTE,,,,,T2_REVERSE_TO_FORWARD
581.1353,-26.0540,-67.7194,0.000,NORMAL,1,ROUTE,,,,,T2_REVERSE_TO_FORWARD
581.2352,-25.9582,-67.6909,0.000,NORMAL,1,ROUTE,,,,,T2_REVERSE_TO_FORWARD
581.3353,-25.8624,-67.6621,0.000,NORMAL,1,ROUTE,,,,,T2_REVERSE_TO_FORWARD
581.4352,-25.7668,-67.6330,0.000,NORMAL,1,ROUTE,,,,,T2_REVERSE_TO_FORWARD
581.5352,-25.6713,-67.6034,0.000,NORMAL,1,ROUTE,,,,,T2_REVERSE_TO_FORWARD
581.6352,-25.5759,-67.5734,0.000,NORMAL,1,ROUTE,,,,,T2_REVERSE_TO_FORWARD
581.7352,-25.4807,-67.5428,0.000,NORMAL,1,ROUTE,,,,,T2_REVERSE_TO_FORWARD
581.8351,-25.3858,-67.5116,0.000,NORMAL,1,ROUTE,,,,,T2_REVERSE_TO_FORWARD
581.9351,-25.2911,-67.4795,0.000,NORMAL,1,ROUTE,,,,,T2_REVERSE_TO_FORWARD
582.0351,-25.1967,-67.4464,0.000,NORMAL,1,ROUTE,,,,,T2_REVERSE_TO_FORWARD
582.1351,-25.1027,-67.4123,0.000,NORMAL,1,ROUTE,,,,,T2_REVERSE_TO_FORWARD
582.2350,-25.0092,-67.3770,0.000,NORMAL,1,ROUTE,,,,,T2_REVERSE_TO_FORWARD
582.3350,-24.9161,-67.3406,0.000,NORMAL,1,ROUTE,,,,,T2_REVERSE_TO_FORWARD
582.4350,-24.8234,-67.3030,0.000,NORMAL,1,ROUTE,,,,,T2_REVERSE_TO_FORWARD
582.5350,-24.7313,-67.2641,0.000,NORMAL,1,ROUTE,,,,,T2_REVERSE_TO_FORWARD
582.6350,-24.6397,-67.2240,0.000,NORMAL,1,ROUTE,,,,,T2_REVERSE_TO_FORWARD
582.7349,-24.5488,-67.1825,0.000,NORMAL,1,ROUTE,,,,,T2_REVERSE_TO_FORWARD
582.8349,-24.4586,-67.1394,0.000,NORMAL,1,ROUTE,,,,,T2_REVERSE_TO_FORWARD
582.9349,-24.3692,-67.0946,0.000,NORMAL,1,ROUTE,,,,,T2_REVERSE_TO_FORWARD
583.0349,-24.2807,-67.0480,0.000,NORMAL,1,ROUTE,,,,,T2_REVERSE_TO_FORWARD
583.1348,-24.1935,-66.9992,0.000,NORMAL,1,ROUTE,,,,,T2_REVERSE_TO_FORWARD
583.2349,-24.1075,-66.9481,0.000,NORMAL,1,ROUTE,,,,,T2_REVERSE_TO_FORWARD
583.3349,-24.0231,-66.8945,0.000,NORMAL,1,ROUTE,,,,,T2_REVERSE_TO_FORWARD
583.4348,-23.9405,-66.8382,0.000,NORMAL,1,ROUTE,,,,,T2_REVERSE_TO_FORWARD
583.5348,-23.8596,-66.7795,0.000,NORMAL,1,ROUTE,,,,,T2_REVERSE_TO_FORWARD
583.6348,-23.7805,-66.7182,0.000,NORMAL,1,ROUTE,,,,,T2_REVERSE_TO_FORWARD
583.7347,-23.7033,-66.6548,0.000,NORMAL,1,ROUTE,,,,,T2_REVERSE_TO_FORWARD
583.8348,-23.6278,-66.5892,0.000,NORMAL,1,ROUTE,,,,,T2_REVERSE_TO_FORWARD
583.9347,-23.5541,-66.5217,0.000,NORMAL,1,ROUTE,,,,,T2_REVERSE_TO_FORWARD
584.0348,-23.4820,-66.4523,0.000,NORMAL,1,ROUTE,,,,,T2_REVERSE_TO_FORWARD
584.1347,-23.4117,-66.3813,0.000,NORMAL,1,ROUTE,,,,,T2_REVERSE_TO_FORWARD
584.2346,-23.3430,-66.3087,0.000,NORMAL,1,ROUTE,,,,,T2_REVERSE_TO_FORWARD
584.3346,-23.2760,-66.2345,0.000,NORMAL,1,ROUTE,,,,,T2_REVERSE_TO_FORWARD
584.4347,-23.2106,-66.1588,0.000,NORMAL,1,ROUTE,,,,,T2_REVERSE_TO_FORWARD
584.5346,-23.1469,-66.0818,0.000,NORMAL,1,ROUTE,,,,,T2_REVERSE_TO_FORWARD
584.6346,-23.0847,-66.0035,0.000,NORMAL,1,ROUTE,,,,,T2_REVERSE_TO_FORWARD
584.7346,-23.0239,-65.9241,0.000,NORMAL,1,ROUTE,,,,,T2_REVERSE_TO_FORWARD
584.8345,-22.9643,-65.8439,0.000,NORMAL,1,ROUTE,,,,,T2_REVERSE_TO_FORWARD
584.9346,-22.9057,-65.7628,0.000,NORMAL,1,ROUTE,,,,,T2_REVERSE_TO_FORWARD
585.0345,-22.8481,-65.6811,0.000,NORMAL,1,ROUTE,,,,,T2_REVERSE_TO_FORWARD
585.1345,-22.7913,-65.5989,0.000,NORMAL,1,ROUTE,,,,,T2_REVERSE_TO_FORWARD
585.2345,-22.7352,-65.5161,0.000,NORMAL,1,ROUTE,,,,,T2_REVERSE_TO_FORWARD
585.3345,-22.6797,-65.4329,0.000,NORMAL,1,ROUTE,,,,,T2_REVERSE_TO_FORWARD
585.4344,-22.6249,-65.3493,0.000,NORMAL,1,ROUTE,,,,,T2_REVERSE_TO_FORWARD
585.5345,-22.5706,-65.2653,0.000,NORMAL,1,ROUTE,,,,,T2_REVERSE_TO_FORWARD
585.6344,-22.5169,-65.1810,0.000,NORMAL,1,ROUTE,,,,,T2_REVERSE_TO_FORWARD
585.7343,-22.4637,-65.0964,0.000,NORMAL,1,ROUTE,,,,,T2_REVERSE_TO_FORWARD
585.8344,-22.4109,-65.0114,0.000,NORMAL,1,ROUTE,,,,,T2_REVERSE_TO_FORWARD
585.9344,-22.3585,-64.9263,0.000,NORMAL,1,ROUTE,,,,,T2_REVERSE_TO_FORWARD
586.0343,-22.3065,-64.8409,0.000,NORMAL,1,ROUTE,,,,,T2_REVERSE_TO_FORWARD
586.1344,-22.2549,-64.7552,0.000,NORMAL,1,ROUTE,,,,,T2_REVERSE_TO_FORWARD
586.2343,-22.2036,-64.6694,0.000,NORMAL,1,ROUTE,,,,,T2_REVERSE_TO_FORWARD
586.3343,-22.1525,-64.5835,0.000,NORMAL,1,ROUTE,,,,,T2_REVERSE_TO_FORWARD
586.4343,-22.1017,-64.4973,0.000,NORMAL,1,ROUTE,,,,,T2_REVERSE_TO_FORWARD
586.5343,-22.0513,-64.4110,0.000,NORMAL,1,ROUTE,,,,,T2_REVERSE_TO_FORWARD
586.6343,-22.0010,-64.3246,0.000,NORMAL,1,ROUTE,,,,,T2_REVERSE_TO_FORWARD
586.7343,-21.9510,-64.2380,0.000,NORMAL,1,ROUTE,,,,,T2_REVERSE_TO_FORWARD
586.8342,-21.9012,-64.1513,0.000,NORMAL,1,ROUTE,,,,,T2_REVERSE_TO_FORWARD
586.9342,-21.8516,-64.0645,0.000,NORMAL,1,ROUTE,,,,,T2_REVERSE_TO_FORWARD
587.0342,-21.8022,-63.9776,0.000,NORMAL,1,ROUTE,,,,,T2_REVERSE_TO_FORWARD
587.1342,-21.7531,-63.8905,0.000,NORMAL,1,ROUTE,,,,,T2_REVERSE_TO_FORWARD
587.2341,-21.7042,-63.8033,0.000,NORMAL,1,ROUTE,,,,,T2_REVERSE_TO_FORWARD
587.3341,-21.6557,-63.7159,0.000,NORMAL,1,ROUTE,,,,,T2_REVERSE_TO_FORWARD
587.4342,-21.6075,-63.6282,0.000,NORMAL,1,ROUTE,,,,,T2_REVERSE_TO_FORWARD
587.5341,-21.5598,-63.5404,0.000,NORMAL,1,ROUTE,,,,,T2_REVERSE_TO_FORWARD
587.6341,-21.5125,-63.4523,0.000,NORMAL,1,ROUTE,,,,,T2_REVERSE_TO_FORWARD
587.7341,-21.4658,-63.3639,0.000,NORMAL,1,ROUTE,,,,,T2_REVERSE_TO_FORWARD
587.8340,-21.4197,-63.2752,0.000,NORMAL,1,ROUTE,,,,,T2_REVERSE_TO_FORWARD
587.9340,-21.3743,-63.1861,0.000,NORMAL,1,ROUTE,,,,,T2_REVERSE_TO_FORWARD
588.0340,-21.3295,-63.0967,0.000,NORMAL,1,ROUTE,,,,,T2_REVERSE_TO_FORWARD
588.1340,-21.2853,-63.0070,0.000,NORMAL,1,ROUTE,,,,,T2_REVERSE_TO_FORWARD
588.2340,-21.2416,-62.9171,0.000,NORMAL,1,ROUTE,,,,,T2_REVERSE_TO_FORWARD
588.3339,-21.1983,-62.8270,0.000,NORMAL,1,ROUTE,,,,,T2_REVERSE_TO_FORWARD
588.4340,-21.1555,-62.7366,0.000,NORMAL,1,ROUTE,,,,,T2_REVERSE_TO_FORWARD
588.5339,-21.1129,-62.6462,0.000,NORMAL,1,ROUTE,,,,,T2_REVERSE_TO_FORWARD
588.6339,-21.0705,-62.5556,0.000,NORMAL,1,ROUTE,,,,,T2_REVERSE_TO_FORWARD
588.7340,-21.0281,-62.4650,0.000,NORMAL,1,ROUTE,,,,,T2_REVERSE_TO_FORWARD
588.8339,-20.9858,-62.3745,0.000,NORMAL,1,ROUTE,,,,,T2_REVERSE_TO_FORWARD
588.9339,-20.9434,-62.2839,0.000,NORMAL,1,ROUTE,,,,,T2_REVERSE_TO_FORWARD
589.0339,-20.9007,-62.1935,0.000,NORMAL,1,ROUTE,,,,,T2_REVERSE_TO_FORWARD
589.1339,-20.8577,-62.1032,0.000,NORMAL,1,ROUTE,,,,,T2_REVERSE_TO_FORWARD
589.2338,-20.8143,-62.0132,0.000,NORMAL,1,ROUTE,,,,,T2_REVERSE_TO_FORWARD
589.3338,-20.7705,-61.9233,0.000,NORMAL,1,ROUTE,,,,,T2_REVERSE_TO_FORWARD
589.4337,-20.7260,-61.8338,0.000,NORMAL,1,ROUTE,,,,,T2_REVERSE_TO_FORWARD
589.5338,-20.6809,-61.7445,0.000,NORMAL,1,ROUTE,,,,,T2_REVERSE_TO_FORWARD
589.6337,-20.6352,-61.6556,0.000,NORMAL,1,ROUTE,,,,,T2_REVERSE_TO_FORWARD
589.7337,-20.5887,-61.5671,0.000,NORMAL,1,ROUTE,,,,,T2_REVERSE_TO_FORWARD
589.8337,-20.5416,-61.4789,0.000,NORMAL,1,ROUTE,,,,,T2_REVERSE_TO_FORWARD
589.9337,-20.4939,-61.3910,0.000,NORMAL,1,ROUTE,,,,,T2_REVERSE_TO_FORWARD
590.0337,-20.4458,-61.3034,0.000,NORMAL,1,ROUTE,,,,,T2_REVERSE_TO_FORWARD
590.1336,-20.3974,-61.2159,0.000,NORMAL,1,ROUTE,,,,,T2_REVERSE_TO_FORWARD
590.2336,-20.3489,-61.1285,0.000,NORMAL,1,ROUTE,,,,,T2_REVERSE_TO_FORWARD
590.3336,-20.3003,-61.0411,0.000,NORMAL,1,ROUTE,,,,,T2_REVERSE_TO_FORWARD
590.4336,-20.2519,-60.9536,0.000,NORMAL,1,ROUTE,,,,,T2_REVERSE_TO_FORWARD
590.5336,-20.2038,-60.8659,0.000,NORMAL,1,ROUTE,,,,,T2_REVERSE_TO_FORWARD
590.6336,-20.1560,-60.7781,0.000,NORMAL,1,ROUTE,,,,,T2_REVERSE_TO_FORWARD
590.7336,-20.1087,-60.6900,0.000,NORMAL,1,ROUTE,,,,,T2_REVERSE_TO_FORWARD
590.8336,-20.0620,-60.6016,0.000,NORMAL,1,ROUTE,,,,,T2_REVERSE_TO_FORWARD
590.9335,-20.0159,-60.5129,0.000,NORMAL,1,ROUTE,,,,,T2_REVERSE_TO_FORWARD
591.0335,-19.9706,-60.4238,0.000,NORMAL,1,ROUTE,,,,,T2_REVERSE_TO_FORWARD
591.1335,-19.9261,-60.3342,0.000,NORMAL,1,ROUTE,,,,,T2_REVERSE_TO_FORWARD
591.2334,-19.8825,-60.2443,0.000,NORMAL,1,ROUTE,,,,,T2_REVERSE_TO_FORWARD
591.3335,-19.8397,-60.1539,0.000,NORMAL,1,ROUTE,,,,,T2_REVERSE_TO_FORWARD
591.4335,-19.7978,-60.0631,0.000,NORMAL,1,ROUTE,,,,,T2_REVERSE_TO_FORWARD
591.5334,-19.7567,-59.9720,0.000,NORMAL,1,ROUTE,,,,,T2_REVERSE_TO_FORWARD
591.6334,-19.7164,-59.8805,0.000,NORMAL,1,ROUTE,,,,,T2_REVERSE_TO_FORWARD
591.7334,-19.6767,-59.7887,0.000,NORMAL,1,ROUTE,,,,,T2_REVERSE_TO_FORWARD
591.8334,-19.6376,-59.6967,0.000,NORMAL,1,ROUTE,,,,,T2_REVERSE_TO_FORWARD
591.9333,-19.5990,-59.6045,0.000,NORMAL,1,ROUTE,,,,,T2_REVERSE_TO_FORWARD
592.0333,-19.5605,-59.5122,0.000,NORMAL,1,ROUTE,,,,,T2_REVERSE_TO_FORWARD
592.1333,-19.5221,-59.4199,0.000,NORMAL,1,ROUTE,,,,,T2_REVERSE_TO_FORWARD
592.2333,-19.4835,-59.3276,0.000,NORMAL,1,ROUTE,,,,,T2_REVERSE_TO_FORWARD
592.3332,-19.4448,-59.2355,0.000,NORMAL,1,ROUTE,,,,,T2_REVERSE_TO_FORWARD
592.4332,-19.4056,-59.1435,0.000,NORMAL,1,ROUTE,,,,,T2_REVERSE_TO_FORWARD
592.5332,-19.3662,-59.0516,0.000,NORMAL,1,ROUTE,,,,,T2_REVERSE_TO_FORWARD
592.6332,-19.3264,-58.9599,0.000,NORMAL,1,ROUTE,,,,,T2_REVERSE_TO_FORWARD
592.7332,-19.2862,-58.8683,0.000,NORMAL,1,ROUTE,,,,,T2_REVERSE_TO_FORWARD
592.8332,-19.2456,-58.7769,0.000,NORMAL,1,ROUTE,,,,,T2_REVERSE_TO_FORWARD
592.9332,-19.2048,-58.6857,0.000,NORMAL,1,ROUTE,,,,,T2_REVERSE_TO_FORWARD
593.0332,-19.1637,-58.5945,0.000,NORMAL,1,ROUTE,,,,,T2_REVERSE_TO_FORWARD
593.1331,-19.1225,-58.5035,0.000,NORMAL,1,ROUTE,,,,,T2_REVERSE_TO_FORWARD
593.2331,-19.0810,-58.4125,0.000,NORMAL,1,ROUTE,,,,,T2_REVERSE_TO_FORWARD
593.3332,-19.0394,-58.3215,0.000,NORMAL,1,ROUTE,,,,,T2_REVERSE_TO_FORWARD
593.4331,-18.9978,-58.2306,0.000,NORMAL,1,ROUTE,,,,,T2_REVERSE_TO_FORWARD
593.5331,-18.9561,-58.1397,0.000,NORMAL,1,ROUTE,,,,,T2_REVERSE_TO_FORWARD
593.6331,-18.9146,-58.0488,0.000,NORMAL,1,ROUTE,,,,,T2_REVERSE_TO_FORWARD
593.7330,-18.8732,-57.9578,0.000,NORMAL,1,ROUTE,,,,,T2_REVERSE_TO_FORWARD
593.8330,-18.8320,-57.8667,0.000,NORMAL,1,ROUTE,,,,,T2_REVERSE_TO_FORWARD
593.9330,-18.7910,-57.7755,0.000,NORMAL,1,ROUTE,,,,,T2_REVERSE_TO_FORWARD
594.0330,-18.7505,-57.6841,0.000,NORMAL,1,ROUTE,,,,,T2_REVERSE_TO_FORWARD
594.1330,-18.7104,-57.5925,0.000,NORMAL,1,ROUTE,,,,,T2_REVERSE_TO_FORWARD
594.2329,-18.6709,-57.5007,0.000,NORMAL,1,ROUTE,,,,,T2_REVERSE_TO_FORWARD
594.3329,-18.6319,-57.4086,0.000,NORMAL,1,ROUTE,,,,,T2_REVERSE_TO_FORWARD
594.4329,-18.5935,-57.3163,0.000,NORMAL,1,ROUTE,,,,,T2_REVERSE_TO_FORWARD
594.5329,-18.5558,-57.2237,0.000,NORMAL,1,ROUTE,,,,,T2_REVERSE_TO_FORWARD
594.6329,-18.5189,-57.1307,0.000,NORMAL,1,ROUTE,,,,,T2_REVERSE_TO_FORWARD
594.7329,-18.4827,-57.0375,0.000,NORMAL,1,ROUTE,,,,,T2_REVERSE_TO_FORWARD
594.8329,-18.4474,-56.9440,0.000,NORMAL,1,ROUTE,,,,,T2_REVERSE_TO_FORWARD
594.9328,-18.4128,-56.8502,0.000,NORMAL,1,ROUTE,,,,,T2_REVERSE_TO_FORWARD
595.0329,-18.3789,-56.7561,0.000,NORMAL,1,ROUTE,,,,,T2_REVERSE_TO_FORWARD
595.1328,-18.3457,-56.6618,0.000,NORMAL,1,ROUTE,,,,,T2_REVERSE_TO_FORWARD
595.2328,-18.3132,-56.5673,0.000,NORMAL,1,ROUTE,,,,,T2_REVERSE_TO_FORWARD
595.3327,-18.2811,-56.4726,0.000,NORMAL,1,ROUTE,,,,,T2_REVERSE_TO_FORWARD
595.4327,-18.2494,-56.3778,0.000,NORMAL,1,ROUTE,,,,,T2_REVERSE_TO_FORWARD
595.5328,-18.2180,-56.2828,0.000,NORMAL,1,ROUTE,,,,,T2_REVERSE_TO_FORWARD
595.6327,-18.1868,-56.1879,0.000,NORMAL,1,ROUTE,,,,,T2_REVERSE_TO_FORWARD
595.7327,-18.1555,-56.0929,0.000,NORMAL,1,ROUTE,,,,,T2_REVERSE_TO_FORWARD
595.8327,-18.1240,-55.9980,0.000,NORMAL,1,ROUTE,,,,,T2_REVERSE_TO_FORWARD
595.9327,-18.0922,-55.9032,0.000,NORMAL,1,ROUTE,,,,,T2_REVERSE_TO_FORWARD
596.0326,-18.0599,-55.8086,0.000,NORMAL,1,ROUTE,,,,,T2_REVERSE_TO_FORWARD
596.1326,-18.0270,-55.7142,0.000,NORMAL,1,ROUTE,,,,,T2_REVERSE_TO_FORWARD
596.2326,-17.9933,-55.6200,0.000,NORMAL,1,ROUTE,,,,,T2_REVERSE_TO_FORWARD
596.3326,-17.9587,-55.5262,0.000,NORMAL,1,ROUTE,,,,,T2_REVERSE_TO_FORWARD
596.4326,-17.9233,-55.4327,0.000,NORMAL,1,ROUTE,,,,,T2_REVERSE_TO_FORWARD
596.5325,-17.8872,-55.3395,0.000,NORMAL,1,ROUTE,,,,,T2_REVERSE_TO_FORWARD
596.6326,-17.8504,-55.2465,0.000,NORMAL,1,ROUTE,,,,,T2_REVERSE_TO_FORWARD
596.7325,-17.8130,-55.1538,0.000,NORMAL,1,ROUTE,,,,,T2_REVERSE_TO_FORWARD
596.8325,-17.7752,-55.0612,0.000,NORMAL,1,ROUTE,,,,,T2_REVERSE_TO_FORWARD
596.9325,-17.7370,-54.9688,0.000,NORMAL,1,ROUTE,,,,,T2_REVERSE_TO_FORWARD
597.0325,-17.6987,-54.8765,0.000,NORMAL,1,ROUTE,,,,,T2_REVERSE_TO_FORWARD
597.1325,-17.6604,-54.7841,0.000,NORMAL,1,ROUTE,,,,,T2_REVERSE_TO_FORWARD
597.2324,-17.6221,-54.6918,0.000,NORMAL,1,ROUTE,,,,,T2_REVERSE_TO_FORWARD
597.3324,-17.5839,-54.5994,0.000,NORMAL,1,ROUTE,,,,,T2_REVERSE_TO_FORWARD
597.4324,-17.5459,-54.5069,0.000,NORMAL,1,ROUTE,,,,,T2_REVERSE_TO_FORWARD
597.5324,-17.5082,-54.4143,0.000,NORMAL,1,ROUTE,,,,,T2_REVERSE_TO_FORWARD
597.6324,-17.4707,-54.3216,0.000,NORMAL,1,ROUTE,,,,,T2_REVERSE_TO_FORWARD
597.7324,-17.4334,-54.2288,0.000,NORMAL,1,ROUTE,,,,,T2_REVERSE_TO_FORWARD
597.8324,-17.3964,-54.1359,0.000,NORMAL,1,ROUTE,,,,,T2_REVERSE_TO_FORWARD
597.9323,-17.3596,-54.0430,0.000,NORMAL,1,ROUTE,,,,,T2_REVERSE_TO_FORWARD
598.0323,-17.3231,-53.9499,0.000,NORMAL,1,ROUTE,,,,,T2_REVERSE_TO_FORWARD
598.1323,-17.2866,-53.8568,0.000,NORMAL,1,ROUTE,,,,,T2_REVERSE_TO_FORWARD
598.2323,-17.2503,-53.7636,0.000,NORMAL,1,ROUTE,,,,,T2_REVERSE_TO_FORWARD
598.3322,-17.2141,-53.6705,0.000,NORMAL,1,ROUTE,,,,,T2_REVERSE_TO_FORWARD
598.4322,-17.1778,-53.5773,0.000,NORMAL,1,ROUTE,,,,,T2_REVERSE_TO_FORWARD
598.5322,-17.1414,-53.4842,0.000,NORMAL,1,ROUTE,,,,,T2_REVERSE_TO_FORWARD
598.6322,-17.1049,-53.3911,0.000,NORMAL,1,ROUTE,,,,,T2_REVERSE_TO_FORWARD
598.7322,-17.0682,-53.2981,0.000,NORMAL,1,ROUTE,,,,,T2_REVERSE_TO_FORWARD
598.8322,-17.0314,-53.2051,0.000,NORMAL,1,ROUTE,,,,,T2_REVERSE_TO_FORWARD
598.9321,-16.9943,-53.1123,0.000,NORMAL,1,ROUTE,,,,,T2_REVERSE_TO_FORWARD
599.0322,-16.9570,-53.0195,0.000,NORMAL,1,ROUTE,,,,,T2_REVERSE_TO_FORWARD
599.1321,-16.9197,-52.9268,0.000,NORMAL,1,ROUTE,,,,,T2_REVERSE_TO_FORWARD
599.2321,-16.8822,-52.8341,0.000,NORMAL,1,ROUTE,,,,,T2_REVERSE_TO_FORWARD
599.3321,-16.8448,-52.7413,0.000,NORMAL,1,ROUTE,,,,,T2_REVERSE_TO_FORWARD
599.4321,-16.8075,-52.6486,0.000,NORMAL,1,ROUTE,,,,,T2_REVERSE_TO_FORWARD
599.5320,-16.7703,-52.5558,0.000,NORMAL,1,ROUTE,,,,,T2_REVERSE_TO_FORWARD
599.6320,-16.7333,-52.4629,0.000,NORMAL,1,ROUTE,,,,,T2_REVERSE_TO_FORWARD
599.7320,-16.6964,-52.3700,0.000,NORMAL,1,ROUTE,,,,,T2_REVERSE_TO_FORWARD
599.8320,-16.6595,-52.2770,0.000,NORMAL,1,ROUTE,,,,,T2_REVERSE_TO_FORWARD
599.9320,-16.6225,-52.1841,0.000,NORMAL,1,ROUTE,,,,,T2_REVERSE_TO_FORWARD
600.0320,-16.5852,-52.0914,0.000,NORMAL,1,ROUTE,,,,,T2_REVERSE_TO_FORWARD
600.1320,-16.5473,-51.9988,0.000,NORMAL,1,ROUTE,,,,,T2_REVERSE_TO_FORWARD
600.2319,-16.5088,-51.9066,0.000,NORMAL,1,ROUTE,,,,,T2_REVERSE_TO_FORWARD
600.3319,-16.4694,-51.8147,0.000,NORMAL,1,ROUTE,,,,,T2_REVERSE_TO_FORWARD
600.4319,-16.4290,-51.7233,0.000,NORMAL,1,ROUTE,,,,,T2_REVERSE_TO_FORWARD
600.5319,-16.3875,-51.6323,0.000,NORMAL,1,ROUTE,,,,,T2_REVERSE_TO_FORWARD
600.6318,-16.3451,-51.5418,0.000,NORMAL,1,ROUTE,,,,,T2_REVERSE_TO_FORWARD
600.7319,-16.3018,-51.4516,0.000,NORMAL,1,ROUTE,,,,,T2_REVERSE_TO_FORWARD
600.8319,-16.2580,-51.3617,0.000,NORMAL,1,ROUTE,,,,,T2_REVERSE_TO_FORWARD
600.9318,-16.2139,-51.2720,0.000,NORMAL,1,ROUTE,,,,,T2_REVERSE_TO_FORWARD
601.0318,-16.1697,-51.1823,0.000,NORMAL,1,ROUTE,,,,,T2_REVERSE_TO_FORWARD
601.1317,-16.1259,-51.0925,0.000,NORMAL,1,ROUTE,,,,,T2_REVERSE_TO_FORWARD
601.2317,-16.0825,-51.0024,0.000,NORMAL,1,ROUTE,,,,,T2_REVERSE_TO_FORWARD
601.3318,-16.0399,-50.9119,0.000,NORMAL,1,ROUTE,,,,,T2_REVERSE_TO_FORWARD
601.4317,-15.9982,-50.8211,0.000,NORMAL,1,ROUTE,,,,,T2_REVERSE_TO_FORWARD
601.5318,-15.9574,-50.7297,0.000,NORMAL,1,ROUTE,,,,,T2_REVERSE_TO_FORWARD
601.6317,-15.9178,-50.6380,0.000,NORMAL,1,ROUTE,,,,,T2_REVERSE_TO_FORWARD
601.7317,-15.8793,-50.5457,0.000,NORMAL,1,ROUTE,,,,,T2_REVERSE_TO_FORWARD
601.8317,-15.8420,-50.4529,0.000,NORMAL,1,ROUTE,,,,,T2_REVERSE_TO_FORWARD
601.9316,-15.8059,-50.3597,0.000,NORMAL,1,ROUTE,,,,,T2_REVERSE_TO_FORWARD
602.0317,-15.7709,-50.2660,0.000,NORMAL,1,ROUTE,,,,,T2_REVERSE_TO_FORWARD
602.1316,-15.7370,-50.1720,0.000,NORMAL,1,ROUTE,,,,,T2_REVERSE_TO_FORWARD
602.2316,-15.7041,-50.0775,0.000,NORMAL,1,ROUTE,,,,,T2_REVERSE_TO_FORWARD
602.3316,-15.6720,-49.9828,0.000,NORMAL,1,ROUTE,,,,,T2_REVERSE_TO_FORWARD
602.4316,-15.6406,-49.8879,0.000,NORMAL,1,ROUTE,,,,,T2_REVERSE_TO_FORWARD
602.5316,-15.6097,-49.7928,0.000,NORMAL,1,ROUTE,,,,,T2_REVERSE_TO_FORWARD
602.6316,-15.5792,-49.6976,0.000,NORMAL,1,ROUTE,,,,,T2_REVERSE_TO_FORWARD
602.7315,-15.5488,-49.6024,0.000,NORMAL,1,ROUTE,,,,,T2_REVERSE_TO_FORWARD
602.8315,-15.5184,-49.5071,0.000,NORMAL,1,ROUTE,,,,,T2_REVERSE_TO_FORWARD
602.9315,-15.4879,-49.4119,0.000,NORMAL,1,ROUTE,,,,,T2_REVERSE_TO_FORWARD
603.0315,-15.4570,-49.3168,0.000,NORMAL,1,ROUTE,,,,,T2_REVERSE_TO_FORWARD
603.1314,-15.4257,-49.2219,0.000,NORMAL,1,ROUTE,,,,,T2_REVERSE_TO_FORWARD
603.2315,-15.3937,-49.1271,0.000,NORMAL,1,ROUTE,,,,,T2_REVERSE_TO_FORWARD
603.3314,-15.3609,-49.0327,0.000,NORMAL,1,ROUTE,,,,,T2_REVERSE_TO_FORWARD
603.4314,-15.3271,-48.9386,0.000,NORMAL,1,ROUTE,,,,,T2_REVERSE_TO_FORWARD
603.5313,-15.2923,-48.8449,0.000,NORMAL,1,ROUTE,,,,,T2_REVERSE_TO_FORWARD
603.6313,-15.2564,-48.7516,0.000,NORMAL,1,ROUTE,,,,,T2_REVERSE_TO_FORWARD
603.7314,-15.2192,-48.6587,0.000,NORMAL,1,ROUTE,,,,,T2_REVERSE_TO_FORWARD
603.8313,-15.1811,-48.5663,0.000,NORMAL,1,ROUTE,,,,,T2_REVERSE_TO_FORWARD
603.9313,-15.1420,-48.4743,0.000,NORMAL,1,ROUTE,,,,,T2_REVERSE_TO_FORWARD
604.0313,-15.1023,-48.3825,0.000,NORMAL,1,ROUTE,,,,,T2_REVERSE_TO_FORWARD
604.1313,-15.0622,-48.2909,0.000,NORMAL,1,ROUTE,,,,,T2_REVERSE_TO_FORWARD
604.2312,-15.0221,-48.1994,0.000,NORMAL,1,ROUTE,,,,,T2_REVERSE_TO_FORWARD
604.3312,-14.9822,-48.1077,0.000,NORMAL,1,ROUTE,,,,,T2_REVERSE_TO_FORWARD
604.4312,-14.9429,-48.0158,0.000,NORMAL,1,ROUTE,,,,,T2_REVERSE_TO_FORWARD
604.5312,-14.9042,-47.9235,0.000,NORMAL,1,ROUTE,,,,,T2_REVERSE_TO_FORWARD
604.6312,-14.8664,-47.8310,0.000,NORMAL,1,ROUTE,,,,,T2_REVERSE_TO_FORWARD
604.7312,-14.8294,-47.7381,0.000,NORMAL,1,ROUTE,,,,,T2_REVERSE_TO_FORWARD
604.8312,-14.7931,-47.6449,0.000,NORMAL,1,ROUTE,,,,,T2_REVERSE_TO_FORWARD
604.9311,-14.7575,-47.5515,0.000,NORMAL,1,ROUTE,,,,,T2_REVERSE_TO_FORWARD
605.0311,-14.7225,-47.4579,0.000,NORMAL,1,ROUTE,,,,,T2_REVERSE_TO_FORWARD
605.1311,-14.6878,-47.3641,0.000,NORMAL,1,ROUTE,,,,,T2_REVERSE_TO_FORWARD
605.2311,-14.6533,-47.2702,0.000,NORMAL,1,ROUTE,,,,,T2_REVERSE_TO_FORWARD
605.3311,-14.6190,-47.1763,0.000,NORMAL,1,ROUTE,,,,,T2_REVERSE_TO_FORWARD
605.4310,-14.5848,-47.0824,0.000,NORMAL,1,ROUTE,,,,,T2_REVERSE_TO_FORWARD
605.5311,-14.5506,-46.9884,0.000,NORMAL,1,ROUTE,,,,,T2_REVERSE_TO_FORWARD
605.6310,-14.5164,-46.8945,0.000,NORMAL,1,ROUTE,,,,,T2_REVERSE_TO_FORWARD
605.7310,-14.4822,-46.8005,0.000,NORMAL,1,ROUTE,,,,,T2_REVERSE_TO_FORWARD
605.8310,-14.4479,-46.7066,0.000,NORMAL,1,ROUTE,,,,,T2_REVERSE_TO_FORWARD
605.9309,-14.4134,-46.6128,0.000,NORMAL,1,ROUTE,,,,,T2_REVERSE_TO_FORWARD
606.0310,-14.3789,-46.5189,0.000,NORMAL,1,ROUTE,,,,,T2_REVERSE_TO_FORWARD
606.1309,-14.3441,-46.4252,0.000,NORMAL,1,ROUTE,,,,,T2_REVERSE_TO_FORWARD
606.2309,-14.3092,-46.3315,0.000,NORMAL,1,ROUTE,,,,,T2_REVERSE_TO_FORWARD
606.3309,-14.2740,-46.2379,0.000,NORMAL,1,ROUTE,,,,,T2_REVERSE_TO_FORWARD
606.4308,-14.2385,-46.1445,0.000,NORMAL,1,ROUTE,,,,,T2_REVERSE_TO_FORWARD
606.5309,-14.2026,-46.0511,0.000,NORMAL,1,ROUTE,,,,,T2_REVERSE_TO_FORWARD
606.6308,-14.1663,-45.9580,0.000,NORMAL,1,ROUTE,,,,,T2_REVERSE_TO_FORWARD
606.7308,-14.1296,-45.8650,0.000,NORMAL,1,ROUTE,,,,,T2_REVERSE_TO_FORWARD
606.8308,-14.0924,-45.7722,0.000,NORMAL,1,ROUTE,,,,,T2_REVERSE_TO_FORWARD
606.9308,-14.0546,-45.6796,0.000,NORMAL,1,ROUTE,,,,,T2_REVERSE_TO_FORWARD
607.0308,-14.0163,-45.5872,0.000,NORMAL,1,ROUTE,,,,,T2_REVERSE_TO_FORWARD
607.1308,-13.9775,-45.4951,0.000,NORMAL,1,ROUTE,,,,,T2_REVERSE_TO_FORWARD
607.2307,-13.9382,-45.4032,0.000,NORMAL,1,ROUTE,,,,,T2_REVERSE_TO_FORWARD
607.3307,-13.8986,-45.3114,0.000,NORMAL,1,ROUTE,,,,,T2_REVERSE_TO_FORWARD
607.4307,-13.8587,-45.2197,0.000,NORMAL,1,ROUTE,,,,,T2_REVERSE_TO_FORWARD
607.5307,-13.8187,-45.1280,0.000,NORMAL,1,ROUTE,,,,,T2_REVERSE_TO_FORWARD
607.6307,-13.7787,-45.0364,0.000,NORMAL,1,ROUTE,,,,,T2_REVERSE_TO_FORWARD
607.7306,-13.7389,-44.9447,0.000,NORMAL,1,ROUTE,,,,,T2_REVERSE_TO_FORWARD
607.8307,-13.6992,-44.8529,0.000,NORMAL,1,ROUTE,,,,,T2_REVERSE_TO_FORWARD
607.9307,-13.6598,-44.7610,0.000,NORMAL,1,ROUTE,,,,,T2_REVERSE_TO_FORWARD
608.0306,-13.6207,-44.6690,0.000,NORMAL,1,ROUTE,,,,,T2_REVERSE_TO_FORWARD
608.1306,-13.5819,-44.5769,0.000,NORMAL,1,ROUTE,,,,,T2_REVERSE_TO_FORWARD
608.2305,-13.5435,-44.4846,0.000,NORMAL,1,ROUTE,,,,,T2_REVERSE_TO_FORWARD
608.3306,-13.5054,-44.3921,0.000,NORMAL,1,ROUTE,,,,,T2_REVERSE_TO_FORWARD
608.4305,-13.4677,-44.2995,0.000,NORMAL,1,ROUTE,,,,,T2_REVERSE_TO_FORWARD
608.5305,-13.4303,-44.2068,0.000,NORMAL,1,ROUTE,,,,,T2_REVERSE_TO_FORWARD
608.6305,-13.3931,-44.1140,0.000,NORMAL,1,ROUTE,,,,,T2_REVERSE_TO_FORWARD
608.7305,-13.3562,-44.0210,0.000,NORMAL,1,ROUTE,,,,,T2_REVERSE_TO_FORWARD
608.8305,-13.3196,-43.9280,0.000,NORMAL,1,ROUTE,,,,,T2_REVERSE_TO_FORWARD
608.9304,-13.2830,-43.8350,0.000,NORMAL,1,ROUTE,,,,,T2_REVERSE_TO_FORWARD
609.0304,-13.2466,-43.7419,0.000,NORMAL,1,ROUTE,,,,,T2_REVERSE_TO_FORWARD
609.1304,-13.2102,-43.6487,0.000,NORMAL,1,ROUTE,,,,,T2_REVERSE_TO_FORWARD
609.2303,-13.1737,-43.5557,0.000,NORMAL,1,ROUTE,,,,,T2_REVERSE_TO_FORWARD
609.3304,-13.1370,-43.4626,0.000,NORMAL,1,ROUTE,,,,,T2_REVERSE_TO_FORWARD
609.4303,-13.1002,-43.3697,0.000,NORMAL,1,ROUTE,,,,,T2_REVERSE_TO_FORWARD
609.5303,-13.0630,-43.2769,0.000,NORMAL,1,ROUTE,,,,,T2_REVERSE_TO_FORWARD
609.6303,-13.0253,-43.1843,0.000,NORMAL,1,ROUTE,,,,,T2_REVERSE_TO_FORWARD
609.7303,-12.9870,-43.0919,0.000,NORMAL,1,ROUTE,,,,,T2_REVERSE_TO_FORWARD
609.8303,-12.9480,-42.9998,0.000,NORMAL,1,ROUTE,,,,,T2_REVERSE_TO_FORWARD
609.9303,-12.9081,-42.9082,0.000,NORMAL,1,ROUTE,,,,,T2_REVERSE_TO_FORWARD
610.0302,-12.8669,-42.8171,0.000,NORMAL,1,ROUTE,,,,,T2_REVERSE_TO_FORWARD
610.0854,-12.8436,-42.7671,0.000,PARALLEL_PARK,1,PARALLEL_PARK,PARALLEL_PARK_START,ENTER_ZONE,,,PARALLEL_1_BYPASS_FORWARD
610.1854,-12.8025,-42.6759,0.000,PARALLEL_PARK,1,PARALLEL_PARK,,,,,PARALLEL_1_BYPASS_FORWARD
610.2854,-12.7636,-42.5838,0.000,PARALLEL_PARK,1,PARALLEL_PARK,,,,,PARALLEL_1_BYPASS_FORWARD
610.3854,-12.7270,-42.4908,0.000,PARALLEL_PARK,1,PARALLEL_PARK,,,,,PARALLEL_1_BYPASS_FORWARD
610.4854,-12.6927,-42.3968,0.000,PARALLEL_PARK,1,PARALLEL_PARK,,,,,PARALLEL_1_BYPASS_FORWARD
610.5854,-12.6606,-42.3021,0.000,PARALLEL_PARK,1,PARALLEL_PARK,,,,,PARALLEL_1_BYPASS_FORWARD
610.6854,-12.6307,-42.2067,0.000,PARALLEL_PARK,1,PARALLEL_PARK,,,,,PARALLEL_1_BYPASS_FORWARD
610.7854,-12.6031,-42.1106,0.000,PARALLEL_PARK,1,PARALLEL_PARK,,,,,PARALLEL_1_BYPASS_FORWARD
610.8853,-12.5777,-42.0139,0.000,PARALLEL_PARK,1,PARALLEL_PARK,,,,,PARALLEL_1_BYPASS_FORWARD
610.9854,-12.5544,-41.9166,0.000,PARALLEL_PARK,1,PARALLEL_PARK,,,,,PARALLEL_1_BYPASS_FORWARD
611.0853,-12.5334,-41.8189,0.000,PARALLEL_PARK,1,PARALLEL_PARK,,,,,PARALLEL_1_BYPASS_FORWARD
611.1854,-12.5144,-41.7207,0.000,PARALLEL_PARK,1,PARALLEL_PARK,,,,,PARALLEL_1_BYPASS_FORWARD
611.2854,-12.4976,-41.6221,0.000,PARALLEL_PARK,1,PARALLEL_PARK,,,,,PARALLEL_1_BYPASS_FORWARD
611.3854,-12.4828,-41.5232,0.000,PARALLEL_PARK,1,PARALLEL_PARK,,,,,PARALLEL_1_BYPASS_FORWARD
611.4854,-12.4700,-41.4240,0.000,PARALLEL_PARK,1,PARALLEL_PARK,,,,,PARALLEL_1_BYPASS_FORWARD
611.5854,-12.4592,-41.3246,0.000,PARALLEL_PARK,1,PARALLEL_PARK,,,,,PARALLEL_1_BYPASS_FORWARD
611.6854,-12.4504,-41.2250,0.000,PARALLEL_PARK,1,PARALLEL_PARK,,,,,PARALLEL_1_BYPASS_FORWARD
611.7853,-12.4434,-41.1253,0.000,PARALLEL_PARK,1,PARALLEL_PARK,,,,,PARALLEL_1_BYPASS_FORWARD
611.8853,-12.4383,-41.0254,0.000,PARALLEL_PARK,1,PARALLEL_PARK,,,,,PARALLEL_1_BYPASS_FORWARD
611.9854,-12.4351,-40.9254,0.000,PARALLEL_PARK,1,PARALLEL_PARK,,,,,PARALLEL_1_BYPASS_FORWARD
612.0853,-12.4336,-40.8255,0.000,PARALLEL_PARK,1,PARALLEL_PARK,,,,,PARALLEL_1_BYPASS_FORWARD
612.1853,-12.4338,-40.7255,0.000,PARALLEL_PARK,1,PARALLEL_PARK,,,,,PARALLEL_1_BYPASS_FORWARD
612.2853,-12.4357,-40.6255,0.000,PARALLEL_PARK,1,PARALLEL_PARK,,,,,PARALLEL_1_BYPASS_FORWARD
612.3854,-12.4393,-40.5255,0.000,PARALLEL_PARK,1,PARALLEL_PARK,,,,,PARALLEL_1_BYPASS_FORWARD
612.4853,-12.4445,-40.4257,0.000,PARALLEL_PARK,1,PARALLEL_PARK,,,,,PARALLEL_1_BYPASS_FORWARD
612.5854,-12.4512,-40.3259,0.000,PARALLEL_PARK,1,PARALLEL_PARK,,,,,PARALLEL_1_BYPASS_FORWARD
612.6854,-12.4594,-40.2262,0.000,PARALLEL_PARK,1,PARALLEL_PARK,,,,,PARALLEL_1_BYPASS_FORWARD
612.7854,-12.4692,-40.1267,0.000,PARALLEL_PARK,1,PARALLEL_PARK,,,,,PARALLEL_1_BYPASS_FORWARD
612.8854,-12.4803,-40.0273,0.000,PARALLEL_PARK,1,PARALLEL_PARK,,,,,PARALLEL_1_BYPASS_FORWARD
612.9854,-12.4929,-39.9281,0.000,PARALLEL_PARK,1,PARALLEL_PARK,,,,,PARALLEL_1_BYPASS_FORWARD
613.0854,-12.5068,-39.8291,0.000,PARALLEL_PARK,1,PARALLEL_PARK,,,,,PARALLEL_1_BYPASS_FORWARD
613.1853,-12.5221,-39.7303,0.000,PARALLEL_PARK,1,PARALLEL_PARK,,,,,PARALLEL_1_BYPASS_FORWARD
613.2853,-12.5386,-39.6317,0.000,PARALLEL_PARK,1,PARALLEL_PARK,,,,,PARALLEL_1_BYPASS_FORWARD
613.3853,-12.5564,-39.5333,0.000,PARALLEL_PARK,1,PARALLEL_PARK,,,,,PARALLEL_1_BYPASS_FORWARD
613.4853,-12.5754,-39.4351,0.000,PARALLEL_PARK,1,PARALLEL_PARK,,,,,PARALLEL_1_BYPASS_FORWARD
613.5854,-12.5956,-39.3371,0.000,PARALLEL_PARK,1,PARALLEL_PARK,,,,,PARALLEL_1_BYPASS_FORWARD
613.6853,-12.6170,-39.2395,0.000,PARALLEL_PARK,1,PARALLEL_PARK,,,,,PARALLEL_1_BYPASS_FORWARD
613.7854,-12.6395,-39.1420,0.000,PARALLEL_PARK,1,PARALLEL_PARK,,,,,PARALLEL_1_BYPASS_FORWARD
613.8854,-12.6630,-39.0448,0.000,PARALLEL_PARK,1,PARALLEL_PARK,,,,,PARALLEL_1_BYPASS_FORWARD
613.9854,-12.6877,-38.9479,0.000,PARALLEL_PARK,1,PARALLEL_PARK,,,,,PARALLEL_1_BYPASS_FORWARD
614.0853,-12.7134,-38.8513,0.000,PARALLEL_PARK,1,PARALLEL_PARK,,,,,PARALLEL_1_BYPASS_FORWARD
614.1853,-12.7400,-38.7549,0.000,PARALLEL_PARK,1,PARALLEL_PARK,,,,,PARALLEL_1_BYPASS_FORWARD
614.2853,-12.7677,-38.6588,0.000,PARALLEL_PARK,1,PARALLEL_PARK,,,,,PARALLEL_1_BYPASS_FORWARD
614.3853,-12.7963,-38.5630,0.000,PARALLEL_PARK,1,PARALLEL_PARK,,,,,PARALLEL_1_BYPASS_FORWARD
614.4853,-12.8259,-38.4675,0.000,PARALLEL_PARK,1,PARALLEL_PARK,,,,,PARALLEL_1_BYPASS_FORWARD
614.5854,-12.8564,-38.3722,0.000,PARALLEL_PARK,1,PARALLEL_PARK,,,,,PARALLEL_1_BYPASS_FORWARD
614.6853,-12.8877,-38.2773,0.000,PARALLEL_PARK,1,PARALLEL_PARK,,,,,PARALLEL_1_BYPASS_FORWARD
614.7853,-12.9200,-38.1826,0.000,PARALLEL_PARK,1,PARALLEL_PARK,,,,,PARALLEL_1_BYPASS_FORWARD
614.8853,-12.9530,-38.0882,0.000,PARALLEL_PARK,1,PARALLEL_PARK,,,,,PARALLEL_1_BYPASS_FORWARD
614.9854,-12.9869,-37.9941,0.000,PARALLEL_PARK,1,PARALLEL_PARK,,,,,PARALLEL_1_BYPASS_FORWARD
615.0853,-13.0216,-37.9004,0.000,PARALLEL_PARK,1,PARALLEL_PARK,,,,,PARALLEL_1_BYPASS_FORWARD
615.1853,-13.0571,-37.8069,0.000,PARALLEL_PARK,1,PARALLEL_PARK,,,,,PARALLEL_1_BYPASS_FORWARD
615.2853,-13.0934,-37.7137,0.000,PARALLEL_PARK,1,PARALLEL_PARK,,,,,PARALLEL_1_BYPASS_FORWARD
615.3853,-13.1304,-37.6208,0.000,PARALLEL_PARK,1,PARALLEL_PARK,,,,,PARALLEL_1_BYPASS_FORWARD
615.4853,-13.1681,-37.5282,0.000,PARALLEL_PARK,1,PARALLEL_PARK,,,,,PARALLEL_1_BYPASS_FORWARD
615.5854,-13.2066,-37.4358,0.000,PARALLEL_PARK,1,PARALLEL_PARK,,,,,PARALLEL_1_BYPASS_FORWARD
615.6854,-13.2457,-37.3438,0.000,PARALLEL_PARK,1,PARALLEL_PARK,,,,,PARALLEL_1_BYPASS_FORWARD
615.7854,-13.2856,-37.2521,0.000,PARALLEL_PARK,1,PARALLEL_PARK,,,,,PARALLEL_1_BYPASS_FORWARD
615.8853,-13.3261,-37.1607,0.000,PARALLEL_PARK,1,PARALLEL_PARK,,,,,PARALLEL_1_BYPASS_FORWARD
615.9854,-13.3672,-37.0695,0.000,PARALLEL_PARK,1,PARALLEL_PARK,,,,,PARALLEL_1_BYPASS_FORWARD
616.0853,-13.4090,-36.9787,0.000,PARALLEL_PARK,1,PARALLEL_PARK,,,,,PARALLEL_1_BYPASS_FORWARD
616.1854,-13.4514,-36.8881,0.000,PARALLEL_PARK,1,PARALLEL_PARK,,,,,PARALLEL_1_BYPASS_FORWARD
616.2853,-13.4945,-36.7979,0.000,PARALLEL_PARK,1,PARALLEL_PARK,,,,,PARALLEL_1_BYPASS_FORWARD
616.3853,-13.5381,-36.7079,0.000,PARALLEL_PARK,1,PARALLEL_PARK,,,,,PARALLEL_1_BYPASS_FORWARD
616.4854,-13.5824,-36.6182,0.000,PARALLEL_PARK,1,PARALLEL_PARK,,,,,PARALLEL_1_BYPASS_FORWARD
616.5854,-13.6272,-36.5288,0.000,PARALLEL_PARK,1,PARALLEL_PARK,,,,,PARALLEL_1_BYPASS_FORWARD
616.6854,-13.6726,-36.4397,0.000,PARALLEL_PARK,1,PARALLEL_PARK,,,,,PARALLEL_1_BYPASS_FORWARD
616.7853,-13.7185,-36.3509,0.000,PARALLEL_PARK,1,PARALLEL_PARK,,,,,PARALLEL_1_BYPASS_FORWARD
616.8853,-13.7650,-36.2624,0.000,PARALLEL_PARK,1,PARALLEL_PARK,,,,,PARALLEL_1_BYPASS_FORWARD
616.9853,-13.8120,-36.1741,0.000,PARALLEL_PARK,1,PARALLEL_PARK,,,,,PARALLEL_1_BYPASS_FORWARD
617.0854,-13.8596,-36.0861,0.000,PARALLEL_PARK,1,PARALLEL_PARK,,,,,PARALLEL_1_BYPASS_FORWARD
617.1854,-13.9076,-35.9984,0.000,PARALLEL_PARK,1,PARALLEL_PARK,,,,,PARALLEL_1_BYPASS_FORWARD
617.2854,-13.9562,-35.9110,0.000,PARALLEL_PARK,1,PARALLEL_PARK,,,,,PARALLEL_1_BYPASS_FORWARD
617.3853,-14.0053,-35.8239,0.000,PARALLEL_PARK,1,PARALLEL_PARK,,,,,PARALLEL_1_BYPASS_FORWARD
617.4854,-14.0548,-35.7370,0.000,PARALLEL_PARK,1,PARALLEL_PARK,,,,,PARALLEL_1_BYPASS_FORWARD
617.5853,-14.1049,-35.6505,0.000,PARALLEL_PARK,1,PARALLEL_PARK,,,,,PARALLEL_1_BYPASS_FORWARD
617.6853,-14.1554,-35.5642,0.000,PARALLEL_PARK,1,PARALLEL_PARK,,,,,PARALLEL_1_BYPASS_FORWARD
617.7854,-14.2064,-35.4781,0.000,PARALLEL_PARK,1,PARALLEL_PARK,,,,,PARALLEL_1_BYPASS_FORWARD
617.8853,-14.2578,-35.3924,0.000,PARALLEL_PARK,1,PARALLEL_PARK,,,,,PARALLEL_1_BYPASS_FORWARD
617.9853,-14.3097,-35.3069,0.000,PARALLEL_PARK,1,PARALLEL_PARK,,,,,PARALLEL_1_BYPASS_FORWARD
618.0854,-14.3621,-35.2217,0.000,PARALLEL_PARK,1,PARALLEL_PARK,,,,,PARALLEL_1_BYPASS_FORWARD
618.1853,-14.4148,-35.1368,0.000,PARALLEL_PARK,1,PARALLEL_PARK,,,,,PARALLEL_1_BYPASS_FORWARD
618.2853,-14.4680,-35.0521,0.000,PARALLEL_PARK,1,PARALLEL_PARK,,,,,PARALLEL_1_BYPASS_FORWARD
618.3853,-14.5217,-34.9677,0.000,PARALLEL_PARK,1,PARALLEL_PARK,,,,,PARALLEL_1_BYPASS_FORWARD
618.4854,-14.5757,-34.8835,0.000,PARALLEL_PARK,1,PARALLEL_PARK,,,,,PARALLEL_1_BYPASS_FORWARD
618.5853,-14.6302,-34.7997,0.000,PARALLEL_PARK,1,PARALLEL_PARK,,,,,PARALLEL_1_BYPASS_FORWARD
618.6853,-14.6850,-34.7161,0.000,PARALLEL_PARK,1,PARALLEL_PARK,,,,,PARALLEL_1_BYPASS_FORWARD
618.7854,-14.7403,-34.6327,0.000,PARALLEL_PARK,1,PARALLEL_PARK,,,,,PARALLEL_1_BYPASS_FORWARD
618.8853,-14.7959,-34.5496,0.000,PARALLEL_PARK,1,PARALLEL_PARK,,,,,PARALLEL_1_BYPASS_FORWARD
618.9854,-14.8520,-34.4668,0.000,PARALLEL_PARK,1,PARALLEL_PARK,,,,,PARALLEL_1_BYPASS_FORWARD
619.0853,-14.9084,-34.3843,0.000,PARALLEL_PARK,1,PARALLEL_PARK,,,,,PARALLEL_1_BYPASS_FORWARD
619.1853,-14.9652,-34.3020,0.000,PARALLEL_PARK,1,PARALLEL_PARK,,,,,PARALLEL_1_BYPASS_FORWARD
619.2854,-15.0224,-34.2199,0.000,PARALLEL_PARK,1,PARALLEL_PARK,,,,,PARALLEL_1_BYPASS_FORWARD
619.3853,-15.0800,-34.1382,0.000,PARALLEL_PARK,1,PARALLEL_PARK,,,,,PARALLEL_1_BYPASS_FORWARD
619.4854,-15.1379,-34.0566,0.000,PARALLEL_PARK,1,PARALLEL_PARK,,,,,PARALLEL_1_BYPASS_FORWARD
619.5853,-15.1962,-33.9754,0.000,PARALLEL_PARK,1,PARALLEL_PARK,,,,,PARALLEL_1_BYPASS_FORWARD
619.6853,-15.2548,-33.8944,0.000,PARALLEL_PARK,1,PARALLEL_PARK,,,,,PARALLEL_1_BYPASS_FORWARD
619.7854,-15.3138,-33.8136,0.000,PARALLEL_PARK,1,PARALLEL_PARK,,,,,PARALLEL_1_BYPASS_FORWARD
619.8853,-15.3731,-33.7331,0.000,PARALLEL_PARK,1,PARALLEL_PARK,,,,,PARALLEL_1_BYPASS_FORWARD
619.9853,-15.4328,-33.6529,0.000,PARALLEL_PARK,1,PARALLEL_PARK,,,,,PARALLEL_1_BYPASS_FORWARD
620.0854,-15.4929,-33.5729,0.000,PARALLEL_PARK,1,PARALLEL_PARK,,,,,PARALLEL_1_BYPASS_FORWARD
620.1853,-15.5532,-33.4932,0.000,PARALLEL_PARK,1,PARALLEL_PARK,,,,,PARALLEL_1_BYPASS_FORWARD
620.2853,-15.6139,-33.4137,0.000,PARALLEL_PARK,1,PARALLEL_PARK,,,,,PARALLEL_1_BYPASS_FORWARD
620.3853,-15.6749,-33.3345,0.000,PARALLEL_PARK,1,PARALLEL_PARK,,,,,PARALLEL_1_BYPASS_FORWARD
620.4854,-15.7363,-33.2555,0.000,PARALLEL_PARK,1,PARALLEL_PARK,,,,,PARALLEL_1_BYPASS_FORWARD
620.5854,-15.7980,-33.1768,0.000,PARALLEL_PARK,1,PARALLEL_PARK,,,,,PARALLEL_1_BYPASS_FORWARD
620.6853,-15.8600,-33.0984,0.000,PARALLEL_PARK,1,PARALLEL_PARK,,,,,PARALLEL_1_BYPASS_FORWARD
620.7853,-15.9223,-33.0202,0.000,PARALLEL_PARK,1,PARALLEL_PARK,,,,,PARALLEL_1_BYPASS_FORWARD
620.8853,-15.9849,-32.9422,0.000,PARALLEL_PARK,1,PARALLEL_PARK,,,,,PARALLEL_1_BYPASS_FORWARD
620.9854,-16.0479,-32.8645,0.000,PARALLEL_PARK,1,PARALLEL_PARK,,,,,PARALLEL_1_BYPASS_FORWARD
621.0854,-16.1111,-32.7870,0.000,PARALLEL_PARK,1,PARALLEL_PARK,,,,,PARALLEL_1_BYPASS_FORWARD
621.1854,-16.1747,-32.7098,0.000,PARALLEL_PARK,1,PARALLEL_PARK,,,,,PARALLEL_1_BYPASS_FORWARD
621.2853,-16.2385,-32.6329,0.000,PARALLEL_PARK,1,PARALLEL_PARK,,,,,PARALLEL_1_BYPASS_FORWARD
621.3853,-16.3027,-32.5562,0.000,PARALLEL_PARK,1,PARALLEL_PARK,,,,,PARALLEL_1_BYPASS_FORWARD
621.4854,-16.3672,-32.4797,0.000,PARALLEL_PARK,1,PARALLEL_PARK,,,,,PARALLEL_1_BYPASS_FORWARD
621.5853,-16.4319,-32.4035,0.000,PARALLEL_PARK,1,PARALLEL_PARK,,,,,PARALLEL_1_BYPASS_FORWARD
621.6853,-16.4970,-32.3276,0.000,PARALLEL_PARK,1,PARALLEL_PARK,,,,,PARALLEL_1_BYPASS_FORWARD
621.7853,-16.5623,-32.2519,0.000,PARALLEL_PARK,1,PARALLEL_PARK,,,,,PARALLEL_1_BYPASS_FORWARD
621.8853,-16.6280,-32.1765,0.000,PARALLEL_PARK,1,PARALLEL_PARK,,,,,PARALLEL_1_BYPASS_FORWARD
621.9853,-16.6939,-32.1013,0.000,PARALLEL_PARK,1,PARALLEL_PARK,,,,,PARALLEL_1_BYPASS_FORWARD
622.0853,-16.7601,-32.0263,0.000,PARALLEL_PARK,1,PARALLEL_PARK,,,,,PARALLEL_1_BYPASS_FORWARD
622.1854,-16.8266,-31.9516,0.000,PARALLEL_PARK,1,PARALLEL_PARK,,,,,PARALLEL_1_BYPASS_FORWARD
622.2853,-16.8934,-31.8772,0.000,PARALLEL_PARK,1,PARALLEL_PARK,,,,,PARALLEL_1_BYPASS_FORWARD
622.3854,-16.9605,-31.8030,0.000,PARALLEL_PARK,1,PARALLEL_PARK,,,,,PARALLEL_1_BYPASS_FORWARD
622.4853,-17.0278,-31.7291,0.000,PARALLEL_PARK,1,PARALLEL_PARK,,,,,PARALLEL_1_BYPASS_FORWARD
622.5853,-17.0954,-31.6554,0.000,PARALLEL_PARK,1,PARALLEL_PARK,,,,,PARALLEL_1_BYPASS_FORWARD
622.6853,-17.1633,-31.5820,0.000,PARALLEL_PARK,1,PARALLEL_PARK,,,,,PARALLEL_1_BYPASS_FORWARD
622.7853,-17.2315,-31.5089,0.000,PARALLEL_PARK,1,PARALLEL_PARK,,,,,PARALLEL_1_BYPASS_FORWARD
622.8853,-17.2999,-31.4360,0.000,PARALLEL_PARK,1,PARALLEL_PARK,,,,,PARALLEL_1_BYPASS_FORWARD
622.9854,-17.3687,-31.3633,0.000,PARALLEL_PARK,1,PARALLEL_PARK,,,,,PARALLEL_1_BYPASS_FORWARD
623.0854,-17.4377,-31.2909,0.000,PARALLEL_PARK,1,PARALLEL_PARK,,,,,PARALLEL_1_BYPASS_FORWARD
623.1853,-17.5069,-31.2188,0.000,PARALLEL_PARK,1,PARALLEL_PARK,,,,,PARALLEL_1_BYPASS_FORWARD
623.2854,-17.5765,-31.1469,0.000,PARALLEL_PARK,1,PARALLEL_PARK,,,,,PARALLEL_1_BYPASS_FORWARD
623.3854,-17.6463,-31.0753,0.000,PARALLEL_PARK,1,PARALLEL_PARK,,,,,PARALLEL_1_BYPASS_FORWARD
623.4853,-17.7163,-31.0040,0.000,PARALLEL_PARK,1,PARALLEL_PARK,,,,,PARALLEL_1_BYPASS_FORWARD
623.5854,-17.7867,-30.9329,0.000,PARALLEL_PARK,1,PARALLEL_PARK,,,,,PARALLEL_1_BYPASS_FORWARD
623.6853,-17.8573,-30.8621,0.000,PARALLEL_PARK,1,PARALLEL_PARK,,,,,PARALLEL_1_BYPASS_FORWARD
623.7853,-17.9281,-30.7915,0.000,PARALLEL_PARK,1,PARALLEL_PARK,,,,,PARALLEL_1_BYPASS_FORWARD
623.8854,-17.9993,-30.7212,0.000,PARALLEL_PARK,1,PARALLEL_PARK,,,,,PARALLEL_1_BYPASS_FORWARD
623.9853,-18.0706,-30.6512,0.000,PARALLEL_PARK,1,PARALLEL_PARK,,,,,PARALLEL_1_BYPASS_FORWARD
624.0854,-18.1423,-30.5814,0.000,PARALLEL_PARK,1,PARALLEL_PARK,,,,,PARALLEL_1_BYPASS_FORWARD
624.1853,-18.2142,-30.5120,0.000,PARALLEL_PARK,1,PARALLEL_PARK,,,,,PARALLEL_1_BYPASS_FORWARD
624.2854,-18.2864,-30.4427,0.000,PARALLEL_PARK,1,PARALLEL_PARK,,,,,PARALLEL_1_BYPASS_FORWARD
624.3853,-18.3588,-30.3738,0.000,PARALLEL_PARK,1,PARALLEL_PARK,,,,,PARALLEL_1_BYPASS_FORWARD
624.4853,-18.4315,-30.3051,0.000,PARALLEL_PARK,1,PARALLEL_PARK,,,,,PARALLEL_1_BYPASS_FORWARD
624.5854,-18.5045,-30.2367,0.000,PARALLEL_PARK,1,PARALLEL_PARK,,,,,PARALLEL_1_BYPASS_FORWARD
624.6854,-18.5777,-30.1686,0.000,PARALLEL_PARK,1,PARALLEL_PARK,,,,,PARALLEL_1_BYPASS_FORWARD
624.7853,-18.6511,-30.1008,0.000,PARALLEL_PARK,1,PARALLEL_PARK,,,,,PARALLEL_1_BYPASS_FORWARD
624.8854,-18.7249,-30.0332,0.000,PARALLEL_PARK,1,PARALLEL_PARK,,,,,PARALLEL_1_BYPASS_FORWARD
624.9853,-18.7989,-29.9660,0.000,PARALLEL_PARK,1,PARALLEL_PARK,,,,,PARALLEL_1_BYPASS_FORWARD
625.0853,-18.8731,-29.8990,0.000,PARALLEL_PARK,1,PARALLEL_PARK,,,,,PARALLEL_1_BYPASS_FORWARD
625.1853,-18.9476,-29.8323,0.000,PARALLEL_PARK,1,PARALLEL_PARK,,,,,PARALLEL_1_BYPASS_FORWARD
625.2854,-19.0224,-29.7658,0.000,PARALLEL_PARK,1,PARALLEL_PARK,,,,,PARALLEL_1_BYPASS_FORWARD
625.3853,-19.0974,-29.6997,0.000,PARALLEL_PARK,1,PARALLEL_PARK,,,,,PARALLEL_1_BYPASS_FORWARD
625.4853,-19.1727,-29.6339,0.000,PARALLEL_PARK,1,PARALLEL_PARK,,,,,PARALLEL_1_BYPASS_FORWARD
625.5853,-19.2482,-29.5684,0.000,PARALLEL_PARK,1,PARALLEL_PARK,,,,,PARALLEL_1_BYPASS_FORWARD
625.6853,-19.3240,-29.5031,0.000,PARALLEL_PARK,1,PARALLEL_PARK,,,,,PARALLEL_1_BYPASS_FORWARD
625.7854,-19.4001,-29.4382,0.000,PARALLEL_PARK,1,PARALLEL_PARK,,,,,PARALLEL_1_BYPASS_FORWARD
625.8853,-19.4764,-29.3736,0.000,PARALLEL_PARK,1,PARALLEL_PARK,,,,,PARALLEL_1_BYPASS_FORWARD
625.9853,-19.5529,-29.3093,0.000,PARALLEL_PARK,1,PARALLEL_PARK,,,,,PARALLEL_1_BYPASS_FORWARD
626.0854,-19.6298,-29.2452,0.000,PARALLEL_PARK,1,PARALLEL_PARK,,,,,PARALLEL_1_BYPASS_FORWARD
626.1854,-19.7069,-29.1815,0.000,PARALLEL_PARK,1,PARALLEL_PARK,,,,,PARALLEL_1_BYPASS_FORWARD
626.2853,-19.7842,-29.1182,0.000,PARALLEL_PARK,1,PARALLEL_PARK,,,,,PARALLEL_1_BYPASS_FORWARD
626.3853,-19.8618,-29.0551,0.000,PARALLEL_PARK,1,PARALLEL_PARK,,,,,PARALLEL_1_BYPASS_FORWARD
626.4853,-19.9397,-28.9924,0.000,PARALLEL_PARK,1,PARALLEL_PARK,,,,,PARALLEL_1_BYPASS_FORWARD
626.5853,-20.0178,-28.9299,0.000,PARALLEL_PARK,1,PARALLEL_PARK,,,,,PARALLEL_1_BYPASS_FORWARD
626.6853,-20.0962,-28.8679,0.000,PARALLEL_PARK,1,PARALLEL_PARK,,,,,PARALLEL_1_BYPASS_FORWARD
626.7854,-20.1749,-28.8061,0.000,PARALLEL_PARK,1,PARALLEL_PARK,,,,,PARALLEL_1_BYPASS_FORWARD
626.8853,-20.2538,-28.7447,0.000,PARALLEL_PARK,1,PARALLEL_PARK,,,,,PARALLEL_1_BYPASS_FORWARD
626.9854,-20.3330,-28.6836,0.000,PARALLEL_PARK,1,PARALLEL_PARK,,,,,PARALLEL_1_BYPASS_FORWARD
627.0853,-20.4124,-28.6229,0.000,PARALLEL_PARK,1,PARALLEL_PARK,,,,,PARALLEL_1_BYPASS_FORWARD
627.1853,-20.4921,-28.5625,0.000,PARALLEL_PARK,1,PARALLEL_PARK,,,,,PARALLEL_1_BYPASS_FORWARD
627.2853,-20.5721,-28.5025,0.000,PARALLEL_PARK,1,PARALLEL_PARK,,,,,PARALLEL_1_BYPASS_FORWARD
627.3853,-20.6523,-28.4428,0.000,PARALLEL_PARK,1,PARALLEL_PARK,,,,,PARALLEL_1_BYPASS_FORWARD
627.4854,-20.7329,-28.3835,0.000,PARALLEL_PARK,1,PARALLEL_PARK,,,,,PARALLEL_1_BYPASS_FORWARD
627.5853,-20.8136,-28.3246,0.000,PARALLEL_PARK,1,PARALLEL_PARK,,,,,PARALLEL_1_BYPASS_FORWARD
627.6853,-20.8947,-28.2660,0.000,PARALLEL_PARK,1,PARALLEL_PARK,,,,,PARALLEL_1_BYPASS_FORWARD
627.7853,-20.9760,-28.2078,0.000,PARALLEL_PARK,1,PARALLEL_PARK,,,,,PARALLEL_1_BYPASS_FORWARD
627.8853,-21.0576,-28.1500,0.000,PARALLEL_PARK,1,PARALLEL_PARK,,,,,PARALLEL_1_BYPASS_FORWARD
627.9853,-21.1395,-28.0926,0.000,PARALLEL_PARK,1,PARALLEL_PARK,,,,,PARALLEL_1_BYPASS_FORWARD
628.0853,-21.2217,-28.0356,0.000,PARALLEL_PARK,1,PARALLEL_PARK,,,,,PARALLEL_1_BYPASS_FORWARD
628.1853,-21.3041,-27.9790,0.000,PARALLEL_PARK,1,PARALLEL_PARK,,,,,PARALLEL_1_BYPASS_FORWARD
628.2853,-21.3868,-27.9228,0.000,PARALLEL_PARK,1,PARALLEL_PARK,,,,,PARALLEL_1_BYPASS_FORWARD
628.3853,-21.4698,-27.8670,0.000,PARALLEL_PARK,1,PARALLEL_PARK,,,,,PARALLEL_1_BYPASS_FORWARD
628.4854,-21.5531,-27.8116,0.000,PARALLEL_PARK,1,PARALLEL_PARK,,,,,PARALLEL_1_BYPASS_FORWARD
628.5853,-21.6366,-27.7567,0.000,PARALLEL_PARK,1,PARALLEL_PARK,,,,,PARALLEL_1_BYPASS_FORWARD
628.6853,-21.7204,-27.7021,0.000,PARALLEL_PARK,1,PARALLEL_PARK,,,,,PARALLEL_1_BYPASS_FORWARD
628.7853,-21.8046,-27.6481,0.000,PARALLEL_PARK,1,PARALLEL_PARK,,,,,PARALLEL_1_BYPASS_FORWARD
628.8853,-21.8890,-27.5945,0.000,PARALLEL_PARK,1,PARALLEL_PARK,,,,,PARALLEL_1_BYPASS_FORWARD
628.9853,-21.9737,-27.5413,0.000,PARALLEL_PARK,1,PARALLEL_PARK,,,,,PARALLEL_1_BYPASS_FORWARD
629.0854,-22.0587,-27.4886,0.000,PARALLEL_PARK,1,PARALLEL_PARK,,,,,PARALLEL_1_BYPASS_FORWARD
629.1854,-22.1440,-27.4364,0.000,PARALLEL_PARK,1,PARALLEL_PARK,,,,,PARALLEL_1_BYPASS_FORWARD
629.2854,-22.2296,-27.3847,0.000,PARALLEL_PARK,1,PARALLEL_PARK,,,,,PARALLEL_1_BYPASS_FORWARD
629.3854,-22.3155,-27.3335,0.000,PARALLEL_PARK,1,PARALLEL_PARK,,,,,PARALLEL_1_BYPASS_FORWARD
629.4853,-22.4016,-27.2828,0.000,PARALLEL_PARK,1,PARALLEL_PARK,,,,,PARALLEL_1_BYPASS_FORWARD
629.5853,-22.4881,-27.2326,0.000,PARALLEL_PARK,1,PARALLEL_PARK,,,,,PARALLEL_1_BYPASS_FORWARD
629.6853,-22.5749,-27.1829,0.000,PARALLEL_PARK,1,PARALLEL_PARK,,,,,PARALLEL_1_BYPASS_FORWARD
629.7853,-22.6620,-27.1338,0.000,PARALLEL_PARK,1,PARALLEL_PARK,,,,,PARALLEL_1_BYPASS_FORWARD
629.8853,-22.7494,-27.0852,0.000,PARALLEL_PARK,1,PARALLEL_PARK,,,,,PARALLEL_1_BYPASS_FORWARD
629.9853,-22.8371,-27.0372,0.000,PARALLEL_PARK,1,PARALLEL_PARK,,,,,PARALLEL_1_BYPASS_FORWARD
630.0854,-22.9252,-26.9897,0.000,PARALLEL_PARK,1,PARALLEL_PARK,,,,,PARALLEL_1_BYPASS_FORWARD
630.1853,-23.0135,-26.9429,0.000,PARALLEL_PARK,1,PARALLEL_PARK,,,,,PARALLEL_1_BYPASS_FORWARD
630.2854,-23.1022,-26.8966,0.000,PARALLEL_PARK,1,PARALLEL_PARK,,,,,PARALLEL_1_BYPASS_FORWARD
630.3853,-23.1911,-26.8510,0.000,PARALLEL_PARK,1,PARALLEL_PARK,,,,,PARALLEL_1_BYPASS_FORWARD
630.4853,-23.2804,-26.8060,0.000,PARALLEL_PARK,1,PARALLEL_PARK,,,,,PARALLEL_1_BYPASS_FORWARD
630.5854,-23.3701,-26.7616,0.000,PARALLEL_PARK,1,PARALLEL_PARK,,,,,PARALLEL_1_BYPASS_FORWARD
630.6853,-23.4600,-26.7179,0.000,PARALLEL_PARK,1,PARALLEL_PARK,,,,,PARALLEL_1_BYPASS_FORWARD
630.7853,-23.5503,-26.6749,0.000,PARALLEL_PARK,1,PARALLEL_PARK,,,,,PARALLEL_1_BYPASS_FORWARD
630.8853,-23.6409,-26.6326,0.000,PARALLEL_PARK,1,PARALLEL_PARK,,,,,PARALLEL_1_BYPASS_FORWARD
630.9853,-23.7318,-26.5910,0.000,PARALLEL_PARK,1,PARALLEL_PARK,,,,,PARALLEL_1_BYPASS_FORWARD
631.0853,-23.8231,-26.5502,0.000,PARALLEL_PARK,1,PARALLEL_PARK,,,,,PARALLEL_1_BYPASS_FORWARD
631.1853,-23.9147,-26.5101,0.000,PARALLEL_PARK,1,PARALLEL_PARK,,,,,PARALLEL_1_BYPASS_FORWARD
631.2853,-24.0067,-26.4708,0.000,PARALLEL_PARK,1,PARALLEL_PARK,,,,,PARALLEL_1_BYPASS_FORWARD
631.3854,-24.0990,-26.4322,0.000,PARALLEL_PARK,1,PARALLEL_PARK,,,,,PARALLEL_1_BYPASS_FORWARD
631.4853,-24.1916,-26.3946,0.000,PARALLEL_PARK,1,PARALLEL_PARK,,,,,PARALLEL_1_BYPASS_FORWARD
631.5854,-24.2846,-26.3577,0.000,PARALLEL_PARK,1,PARALLEL_PARK,,,,,PARALLEL_1_BYPASS_FORWARD
631.6853,-24.3779,-26.3218,0.000,PARALLEL_PARK,1,PARALLEL_PARK,,,,,PARALLEL_1_BYPASS_FORWARD
631.7853,-24.4715,-26.2868,0.000,PARALLEL_PARK,1,PARALLEL_PARK,,,,,PARALLEL_1_BYPASS_FORWARD
631.8853,-24.5655,-26.2526,0.000,PARALLEL_PARK,1,PARALLEL_PARK,,,,,PARALLEL_1_BYPASS_FORWARD
631.9853,-24.6599,-26.2195,0.000,PARALLEL_PARK,1,PARALLEL_PARK,,,,,PARALLEL_1_BYPASS_FORWARD
632.0853,-24.7546,-26.1874,0.000,PARALLEL_PARK,1,PARALLEL_PARK,,,,,PARALLEL_1_BYPASS_FORWARD
632.1853,-24.8496,-26.1562,0.000,PARALLEL_PARK,1,PARALLEL_PARK,,,,,PARALLEL_1_BYPASS_FORWARD
632.2853,-24.9450,-26.1262,0.000,PARALLEL_PARK,1,PARALLEL_PARK,,,,,PARALLEL_1_BYPASS_FORWARD
632.3853,-25.0407,-26.0973,0.000,PARALLEL_PARK,1,PARALLEL_PARK,,,,,PARALLEL_1_BYPASS_FORWARD
632.4854,-25.1368,-26.0694,0.000,PARALLEL_PARK,1,PARALLEL_PARK,,,,,PARALLEL_1_BYPASS_FORWARD
632.5854,-25.2332,-26.0428,0.000,PARALLEL_PARK,1,PARALLEL_PARK,,,,,PARALLEL_1_BYPASS_FORWARD
632.6853,-25.3299,-26.0174,0.000,PARALLEL_PARK,1,PARALLEL_PARK,,,,,PARALLEL_1_BYPASS_FORWARD
632.7853,-25.4269,-25.9933,0.000,PARALLEL_PARK,1,PARALLEL_PARK,,,,,PARALLEL_1_BYPASS_FORWARD
632.8853,-25.5243,-25.9705,0.000,PARALLEL_PARK,1,PARALLEL_PARK,,,,,PARALLEL_1_BYPASS_FORWARD
632.9854,-25.6220,-25.9490,0.000,PARALLEL_PARK,1,PARALLEL_PARK,,,,,PARALLEL_1_BYPASS_FORWARD
633.0853,-25.7199,-25.9290,0.000,PARALLEL_PARK,1,PARALLEL_PARK,,,,,PARALLEL_1_BYPASS_FORWARD
633.1853,-25.8182,-25.9104,0.000,PARALLEL_PARK,1,PARALLEL_PARK,,,,,PARALLEL_1_BYPASS_FORWARD
633.2853,-25.9167,-25.8934,0.000,PARALLEL_PARK,1,PARALLEL_PARK,,,,,PARALLEL_1_BYPASS_FORWARD
633.3853,-26.0155,-25.8780,0.000,PARALLEL_PARK,1,PARALLEL_PARK,,,,,PARALLEL_1_BYPASS_FORWARD
633.4206,-26.0505,-25.8729,0.000,PARALLEL_PARK,-1,PARALLEL_PARK,PARALLEL_1_FORWARD_TO_REVERSE,SET_REVERSE,,,PARALLEL_1_PARK_REVERSE
633.4332,-26.0381,-25.8747,0.000,PARALLEL_PARK,-1,PARALLEL_PARK,,,,,PARALLEL_1_PARK_REVERSE
633.5331,-25.9391,-25.8886,0.000,PARALLEL_PARK,-1,PARALLEL_PARK,,,,,PARALLEL_1_PARK_REVERSE
633.6331,-25.8401,-25.9023,0.000,PARALLEL_PARK,-1,PARALLEL_PARK,,,,,PARALLEL_1_PARK_REVERSE
633.7331,-25.7409,-25.9154,0.000,PARALLEL_PARK,-1,PARALLEL_PARK,,,,,PARALLEL_1_PARK_REVERSE
633.8331,-25.6417,-25.9278,0.000,PARALLEL_PARK,-1,PARALLEL_PARK,,,,,PARALLEL_1_PARK_REVERSE
633.9332,-25.5423,-25.9392,0.000,PARALLEL_PARK,-1,PARALLEL_PARK,,,,,PARALLEL_1_PARK_REVERSE
634.0331,-25.4429,-25.9496,0.000,PARALLEL_PARK,-1,PARALLEL_PARK,,,,,PARALLEL_1_PARK_REVERSE
634.1331,-25.3433,-25.9587,0.000,PARALLEL_PARK,-1,PARALLEL_PARK,,,,,PARALLEL_1_PARK_REVERSE
634.2331,-25.2436,-25.9666,0.000,PARALLEL_PARK,-1,PARALLEL_PARK,,,,,PARALLEL_1_PARK_REVERSE
634.3331,-25.1438,-25.9731,0.000,PARALLEL_PARK,-1,PARALLEL_PARK,,,,,PARALLEL_1_PARK_REVERSE
634.4331,-25.0440,-25.9781,0.000,PARALLEL_PARK,-1,PARALLEL_PARK,,,,,PARALLEL_1_PARK_REVERSE
634.5331,-24.9440,-25.9817,0.000,PARALLEL_PARK,-1,PARALLEL_PARK,,,,,PARALLEL_1_PARK_REVERSE
634.6332,-24.8440,-25.9837,0.000,PARALLEL_PARK,-1,PARALLEL_PARK,,,,,PARALLEL_1_PARK_REVERSE
634.7332,-24.7440,-25.9842,0.000,PARALLEL_PARK,-1,PARALLEL_PARK,,,,,PARALLEL_1_PARK_REVERSE
634.8331,-24.6441,-25.9832,0.000,PARALLEL_PARK,-1,PARALLEL_PARK,,,,,PARALLEL_1_PARK_REVERSE
634.9331,-24.5441,-25.9806,0.000,PARALLEL_PARK,-1,PARALLEL_PARK,,,,,PARALLEL_1_PARK_REVERSE
635.0331,-24.4442,-25.9765,0.000,PARALLEL_PARK,-1,PARALLEL_PARK,,,,,PARALLEL_1_PARK_REVERSE
635.1331,-24.3443,-25.9709,0.000,PARALLEL_PARK,-1,PARALLEL_PARK,,,,,PARALLEL_1_PARK_REVERSE
635.2331,-24.2446,-25.9637,0.000,PARALLEL_PARK,-1,PARALLEL_PARK,,,,,PARALLEL_1_PARK_REVERSE
635.3331,-24.1450,-25.9551,0.000,PARALLEL_PARK,-1,PARALLEL_PARK,,,,,PARALLEL_1_PARK_REVERSE
635.4331,-24.0455,-25.9450,0.000,PARALLEL_PARK,-1,PARALLEL_PARK,,,,,PARALLEL_1_PARK_REVERSE
635.5331,-23.9461,-25.9335,0.000,PARALLEL_PARK,-1,PARALLEL_PARK,,,,,PARALLEL_1_PARK_REVERSE
635.6331,-23.8470,-25.9205,0.000,PARALLEL_PARK,-1,PARALLEL_PARK,,,,,PARALLEL_1_PARK_REVERSE
635.7331,-23.7480,-25.9062,0.000,PARALLEL_PARK,-1,PARALLEL_PARK,,,,,PARALLEL_1_PARK_REVERSE
635.8332,-23.6492,-25.8905,0.000,PARALLEL_PARK,-1,PARALLEL_PARK,,,,,PARALLEL_1_PARK_REVERSE
635.9331,-23.5507,-25.8736,0.000,PARALLEL_PARK,-1,PARALLEL_PARK,,,,,PARALLEL_1_PARK_REVERSE
636.0331,-23.4524,-25.8553,0.000,PARALLEL_PARK,-1,PARALLEL_PARK,,,,,PARALLEL_1_PARK_REVERSE
636.1331,-23.3543,-25.8358,0.000,PARALLEL_PARK,-1,PARALLEL_PARK,,,,,PARALLEL_1_PARK_REVERSE
636.2331,-23.2565,-25.8150,0.000,PARALLEL_PARK,-1,PARALLEL_PARK,,,,,PARALLEL_1_PARK_REVERSE
636.3331,-23.1589,-25.7931,0.000,PARALLEL_PARK,-1,PARALLEL_PARK,,,,,PARALLEL_1_PARK_REVERSE
636.4331,-23.0616,-25.7700,0.000,PARALLEL_PARK,-1,PARALLEL_PARK,,,,,PARALLEL_1_PARK_REVERSE
636.5331,-22.9646,-25.7458,0.000,PARALLEL_PARK,-1,PARALLEL_PARK,,,,,PARALLEL_1_PARK_REVERSE
636.6331,-22.8679,-25.7205,0.000,PARALLEL_PARK,-1,PARALLEL_PARK,,,,,PARALLEL_1_PARK_REVERSE
636.7331,-22.7714,-25.6941,0.000,PARALLEL_PARK,-1,PARALLEL_PARK,,,,,PARALLEL_1_PARK_REVERSE
636.8331,-22.6752,-25.6667,0.000,PARALLEL_PARK,-1,PARALLEL_PARK,,,,,PARALLEL_1_PARK_REVERSE
636.9331,-22.5793,-25.6383,0.000,PARALLEL_PARK,-1,PARALLEL_PARK,,,,,PARALLEL_1_PARK_REVERSE
637.0331,-22.4837,-25.6090,0.000,PARALLEL_PARK,-1,PARALLEL_PARK,,,,,PARALLEL_1_PARK_REVERSE
637.1331,-22.3884,-25.5788,0.000,PARALLEL_PARK,-1,PARALLEL_PARK,,,,,PARALLEL_1_PARK_REVERSE
637.2331,-22.2934,-25.5476,0.000,PARALLEL_PARK,-1,PARALLEL_PARK,,,,,PARALLEL_1_PARK_REVERSE
637.3331,-22.1986,-25.5157,0.000,PARALLEL_PARK,-1,PARALLEL_PARK,,,,,PARALLEL_1_PARK_REVERSE
637.4331,-22.1041,-25.4829,0.000,PARALLEL_PARK,-1,PARALLEL_PARK,,,,,PARALLEL_1_PARK_REVERSE
637.5331,-22.0099,-25.4494,0.000,PARALLEL_PARK,-1,PARALLEL_PARK,,,,,PARALLEL_1_PARK_REVERSE
637.6331,-21.9160,-25.4151,0.000,PARALLEL_PARK,-1,PARALLEL_PARK,,,,,PARALLEL_1_PARK_REVERSE
637.7331,-21.8223,-25.3801,0.000,PARALLEL_PARK,-1,PARALLEL_PARK,,,,,PARALLEL_1_PARK_REVERSE
637.8331,-21.7289,-25.3445,0.000,PARALLEL_PARK,-1,PARALLEL_PARK,,,,,PARALLEL_1_PARK_REVERSE
637.9331,-21.6357,-25.3083,0.000,PARALLEL_PARK,-1,PARALLEL_PARK,,,,,PARALLEL_1_PARK_REVERSE
638.0331,-21.5427,-25.2715,0.000,PARALLEL_PARK,-1,PARALLEL_PARK,,,,,PARALLEL_1_PARK_REVERSE
638.1331,-21.4499,-25.2342,0.000,PARALLEL_PARK,-1,PARALLEL_PARK,,,,,PARALLEL_1_PARK_REVERSE
638.2331,-21.3573,-25.1964,0.000,PARALLEL_PARK,-1,PARALLEL_PARK,,,,,PARALLEL_1_PARK_REVERSE
638.3331,-21.2649,-25.1582,0.000,PARALLEL_PARK,-1,PARALLEL_PARK,,,,,PARALLEL_1_PARK_REVERSE
638.4330,-21.1727,-25.1196,0.000,PARALLEL_PARK,-1,PARALLEL_PARK,,,,,PARALLEL_1_PARK_REVERSE
638.5331,-21.0806,-25.0806,0.000,PARALLEL_PARK,-1,PARALLEL_PARK,,,,,PARALLEL_1_PARK_REVERSE
638.6331,-20.9886,-25.0414,0.000,PARALLEL_PARK,-1,PARALLEL_PARK,,,,,PARALLEL_1_PARK_REVERSE
638.7331,-20.8967,-25.0019,0.000,PARALLEL_PARK,-1,PARALLEL_PARK,,,,,PARALLEL_1_PARK_REVERSE
638.8331,-20.8049,-24.9622,0.000,PARALLEL_PARK,-1,PARALLEL_PARK,,,,,PARALLEL_1_PARK_REVERSE
638.9331,-20.7132,-24.9224,0.000,PARALLEL_PARK,-1,PARALLEL_PARK,,,,,PARALLEL_1_PARK_REVERSE
639.0330,-20.6215,-24.8826,0.000,PARALLEL_PARK,-1,PARALLEL_PARK,,,,,PARALLEL_1_PARK_REVERSE
639.1331,-20.5297,-24.8427,0.000,PARALLEL_PARK,-1,PARALLEL_PARK,,,,,PARALLEL_1_PARK_REVERSE
639.2331,-20.4380,-24.8029,0.000,PARALLEL_PARK,-1,PARALLEL_PARK,,,,,PARALLEL_1_PARK_REVERSE
639.3331,-20.3462,-24.7632,0.000,PARALLEL_PARK,-1,PARALLEL_PARK,,,,,PARALLEL_1_PARK_REVERSE
639.4331,-20.2544,-24.7237,0.000,PARALLEL_PARK,-1,PARALLEL_PARK,,,,,PARALLEL_1_PARK_REVERSE
639.5331,-20.1624,-24.6845,0.000,PARALLEL_PARK,-1,PARALLEL_PARK,,,,,PARALLEL_1_PARK_REVERSE
639.6331,-20.0702,-24.6456,0.000,PARALLEL_PARK,-1,PARALLEL_PARK,,,,,PARALLEL_1_PARK_REVERSE
639.7331,-19.9779,-24.6072,0.000,PARALLEL_PARK,-1,PARALLEL_PARK,,,,,PARALLEL_1_PARK_REVERSE
639.8331,-19.8854,-24.5693,0.000,PARALLEL_PARK,-1,PARALLEL_PARK,,,,,PARALLEL_1_PARK_REVERSE
639.9331,-19.7926,-24.5320,0.000,PARALLEL_PARK,-1,PARALLEL_PARK,,,,,PARALLEL_1_PARK_REVERSE
640.0331,-19.6995,-24.4954,0.000,PARALLEL_PARK,-1,PARALLEL_PARK,,,,,PARALLEL_1_PARK_REVERSE
640.1331,-19.6061,-24.4597,0.000,PARALLEL_PARK,-1,PARALLEL_PARK,,,,,PARALLEL_1_PARK_REVERSE
640.2331,-19.5123,-24.4250,0.000,PARALLEL_PARK,-1,PARALLEL_PARK,,,,,PARALLEL_1_PARK_REVERSE
640.3331,-19.4181,-24.3914,0.000,PARALLEL_PARK,-1,PARALLEL_PARK,,,,,PARALLEL_1_PARK_REVERSE
640.4331,-19.3235,-24.3590,0.000,PARALLEL_PARK,-1,PARALLEL_PARK,,,,,PARALLEL_1_PARK_REVERSE
640.5331,-19.2285,-24.3280,0.000,PARALLEL_PARK,-1,PARALLEL_PARK,,,,,PARALLEL_1_PARK_REVERSE
640.6331,-19.1329,-24.2986,0.000,PARALLEL_PARK,-1,PARALLEL_PARK,,,,,PARALLEL_1_PARK_REVERSE
640.7331,-19.0368,-24.2710,0.000,PARALLEL_PARK,-1,PARALLEL_PARK,,,,,PARALLEL_1_PARK_REVERSE
640.8331,-18.9401,-24.2453,0.000,PARALLEL_PARK,-1,PARALLEL_PARK,,,,,PARALLEL_1_PARK_REVERSE
640.9330,-18.8430,-24.2217,0.000,PARALLEL_PARK,-1,PARALLEL_PARK,,,,,PARALLEL_1_PARK_REVERSE
641.0331,-18.7452,-24.2005,0.000,PARALLEL_PARK,-1,PARALLEL_PARK,,,,,PARALLEL_1_PARK_REVERSE
641.1331,-18.6470,-24.1819,0.000,PARALLEL_PARK,-1,PARALLEL_PARK,,,,,PARALLEL_1_PARK_REVERSE
641.2331,-18.5482,-24.1662,0.000,PARALLEL_PARK,-1,PARALLEL_PARK,,,,,PARALLEL_1_PARK_REVERSE
641.3331,-18.4490,-24.1536,0.000,PARALLEL_PARK,-1,PARALLEL_PARK,,,,,PARALLEL_1_PARK_REVERSE
641.4330,-18.3495,-24.1443,0.000,PARALLEL_PARK,-1,PARALLEL_PARK,,,,,PARALLEL_1_PARK_REVERSE
641.5331,-18.2496,-24.1385,0.000,PARALLEL_PARK,-1,PARALLEL_PARK,,,,,PARALLEL_1_PARK_REVERSE
641.6330,-18.1497,-24.1365,0.000,PARALLEL_PARK,-1,PARALLEL_PARK,,,,,PARALLEL_1_PARK_REVERSE
641.7330,-18.0497,-24.1384,0.000,PARALLEL_PARK,-1,PARALLEL_PARK,,,,,PARALLEL_1_PARK_REVERSE
641.8330,-17.9499,-24.1444,0.000,PARALLEL_PARK,-1,PARALLEL_PARK,,,,,PARALLEL_1_PARK_REVERSE
641.9330,-17.8504,-24.1544,0.000,PARALLEL_PARK,-1,PARALLEL_PARK,,,,,PARALLEL_1_PARK_REVERSE
642.0330,-17.7514,-24.1686,0.000,PARALLEL_PARK,-1,PARALLEL_PARK,,,,,PARALLEL_1_PARK_REVERSE
642.1330,-17.6531,-24.1868,0.000,PARALLEL_PARK,-1,PARALLEL_PARK,,,,,PARALLEL_1_PARK_REVERSE
642.2331,-17.5555,-24.2088,0.000,PARALLEL_PARK,-1,PARALLEL_PARK,,,,,PARALLEL_1_PARK_REVERSE
642.3330,-17.4589,-24.2344,0.000,PARALLEL_PARK,-1,PARALLEL_PARK,,,,,PARALLEL_1_PARK_REVERSE
642.4330,-17.3632,-24.2633,0.000,PARALLEL_PARK,-1,PARALLEL_PARK,,,,,PARALLEL_1_PARK_REVERSE
642.5330,-17.2683,-24.2951,0.000,PARALLEL_PARK,-1,PARALLEL_PARK,,,,,PARALLEL_1_PARK_REVERSE
642.6330,-17.1744,-24.3293,0.000,PARALLEL_PARK,-1,PARALLEL_PARK,,,,,PARALLEL_1_PARK_REVERSE
642.7330,-17.0811,-24.3654,0.000,PARALLEL_PARK,-1,PARALLEL_PARK,,,,,PARALLEL_1_PARK_REVERSE
642.8330,-16.9884,-24.4029,0.000,PARALLEL_PARK,-1,PARALLEL_PARK,,,,,PARALLEL_1_PARK_REVERSE
642.9330,-16.8960,-24.4411,0.000,PARALLEL_PARK,-1,PARALLEL_PARK,,,,,PARALLEL_1_PARK_REVERSE
643.0330,-16.8036,-24.4794,0.000,PARALLEL_PARK,-1,PARALLEL_PARK,,,,,PARALLEL_1_PARK_REVERSE
643.1330,-16.7113,-24.5177,0.000,PARALLEL_PARK,-1,PARALLEL_PARK,,,,,PARALLEL_1_PARK_REVERSE
643.2330,-16.6189,-24.5560,0.000,PARALLEL_PARK,-1,PARALLEL_PARK,,,,,PARALLEL_1_PARK_REVERSE
643.3330,-16.5265,-24.5943,0.000,PARALLEL_PARK,-1,PARALLEL_PARK,,,,,PARALLEL_1_PARK_REVERSE
643.4330,-16.4341,-24.6326,0.000,PARALLEL_PARK,-1,PARALLEL_PARK,,,,,PARALLEL_1_PARK_REVERSE
643.5330,-16.3418,-24.6709,0.000,PARALLEL_PARK,-1,PARALLEL_PARK,,,,,PARALLEL_1_PARK_REVERSE
643.6330,-16.2494,-24.7092,0.000,PARALLEL_PARK,-1,PARALLEL_PARK,,,,,PARALLEL_1_PARK_REVERSE
643.7330,-16.1570,-24.7475,0.000,PARALLEL_PARK,-1,PARALLEL_PARK,,,,,PARALLEL_1_PARK_REVERSE
643.8331,-16.0646,-24.7859,0.000,PARALLEL_PARK,-1,PARALLEL_PARK,,,,,PARALLEL_1_PARK_REVERSE
643.9330,-15.9723,-24.8242,0.000,PARALLEL_PARK,-1,PARALLEL_PARK,,,,,PARALLEL_1_PARK_REVERSE
644.0330,-15.8799,-24.8625,0.000,PARALLEL_PARK,-1,PARALLEL_PARK,,,,,PARALLEL_1_PARK_REVERSE
644.1330,-15.7875,-24.9008,0.000,PARALLEL_PARK,-1,PARALLEL_PARK,,,,,PARALLEL_1_PARK_REVERSE
644.2330,-15.6952,-24.9391,0.000,PARALLEL_PARK,-1,PARALLEL_PARK,,,,,PARALLEL_1_PARK_REVERSE
644.3330,-15.6028,-24.9774,0.000,PARALLEL_PARK,1,PARALLEL_PARK,PARALLEL_1_PARK_COMPLETE|PARALLEL_1_REVERSE_TO_FORWARD,PARK_COMPLETE|SET_FORWARD,ALWAYS_ONCE,,PARALLEL_1_PARK_EXIT_FORWARD
644.4330,-15.6952,-24.9391,0.000,PARALLEL_PARK,1,PARALLEL_PARK,,,,,PARALLEL_1_PARK_EXIT_FORWARD
644.5329,-15.7875,-24.9008,0.000,PARALLEL_PARK,1,PARALLEL_PARK,,,,,PARALLEL_1_PARK_EXIT_FORWARD
644.6330,-15.8799,-24.8625,0.000,PARALLEL_PARK,1,PARALLEL_PARK,,,,,PARALLEL_1_PARK_EXIT_FORWARD
644.7330,-15.9723,-24.8242,0.000,PARALLEL_PARK,1,PARALLEL_PARK,,,,,PARALLEL_1_PARK_EXIT_FORWARD
644.8329,-16.0646,-24.7859,0.000,PARALLEL_PARK,1,PARALLEL_PARK,,,,,PARALLEL_1_PARK_EXIT_FORWARD
644.9330,-16.1570,-24.7475,0.000,PARALLEL_PARK,1,PARALLEL_PARK,,,,,PARALLEL_1_PARK_EXIT_FORWARD
645.0330,-16.2494,-24.7092,0.000,PARALLEL_PARK,1,PARALLEL_PARK,,,,,PARALLEL_1_PARK_EXIT_FORWARD
645.1330,-16.3418,-24.6709,0.000,PARALLEL_PARK,1,PARALLEL_PARK,,,,,PARALLEL_1_PARK_EXIT_FORWARD
645.2330,-16.4341,-24.6326,0.000,PARALLEL_PARK,1,PARALLEL_PARK,,,,,PARALLEL_1_PARK_EXIT_FORWARD
645.3330,-16.5265,-24.5943,0.000,PARALLEL_PARK,1,PARALLEL_PARK,,,,,PARALLEL_1_PARK_EXIT_FORWARD
645.4330,-16.6189,-24.5560,0.000,PARALLEL_PARK,1,PARALLEL_PARK,,,,,PARALLEL_1_PARK_EXIT_FORWARD
645.5330,-16.7113,-24.5177,0.000,PARALLEL_PARK,1,PARALLEL_PARK,,,,,PARALLEL_1_PARK_EXIT_FORWARD
645.6330,-16.8036,-24.4794,0.000,PARALLEL_PARK,1,PARALLEL_PARK,,,,,PARALLEL_1_PARK_EXIT_FORWARD
645.7330,-16.8960,-24.4411,0.000,PARALLEL_PARK,1,PARALLEL_PARK,,,,,PARALLEL_1_PARK_EXIT_FORWARD
645.8330,-16.9884,-24.4029,0.000,PARALLEL_PARK,1,PARALLEL_PARK,,,,,PARALLEL_1_PARK_EXIT_FORWARD
645.9330,-17.0811,-24.3654,0.000,PARALLEL_PARK,1,PARALLEL_PARK,,,,,PARALLEL_1_PARK_EXIT_FORWARD
646.0330,-17.1744,-24.3293,0.000,PARALLEL_PARK,1,PARALLEL_PARK,,,,,PARALLEL_1_PARK_EXIT_FORWARD
646.1329,-17.2683,-24.2951,0.000,PARALLEL_PARK,1,PARALLEL_PARK,,,,,PARALLEL_1_PARK_EXIT_FORWARD
646.2330,-17.3632,-24.2633,0.000,PARALLEL_PARK,1,PARALLEL_PARK,,,,,PARALLEL_1_PARK_EXIT_FORWARD
646.3330,-17.4589,-24.2344,0.000,PARALLEL_PARK,1,PARALLEL_PARK,,,,,PARALLEL_1_PARK_EXIT_FORWARD
646.4329,-17.5555,-24.2088,0.000,PARALLEL_PARK,1,PARALLEL_PARK,,,,,PARALLEL_1_PARK_EXIT_FORWARD
646.5330,-17.6531,-24.1868,0.000,PARALLEL_PARK,1,PARALLEL_PARK,,,,,PARALLEL_1_PARK_EXIT_FORWARD
646.6330,-17.7514,-24.1686,0.000,PARALLEL_PARK,1,PARALLEL_PARK,,,,,PARALLEL_1_PARK_EXIT_FORWARD
646.7330,-17.8504,-24.1544,0.000,PARALLEL_PARK,1,PARALLEL_PARK,,,,,PARALLEL_1_PARK_EXIT_FORWARD
646.8330,-17.9499,-24.1444,0.000,PARALLEL_PARK,1,PARALLEL_PARK,,,,,PARALLEL_1_PARK_EXIT_FORWARD
646.9329,-18.0497,-24.1384,0.000,PARALLEL_PARK,1,PARALLEL_PARK,,,,,PARALLEL_1_PARK_EXIT_FORWARD
647.0330,-18.1497,-24.1365,0.000,PARALLEL_PARK,1,PARALLEL_PARK,,,,,PARALLEL_1_PARK_EXIT_FORWARD
647.1329,-18.2496,-24.1385,0.000,PARALLEL_PARK,1,PARALLEL_PARK,,,,,PARALLEL_1_PARK_EXIT_FORWARD
647.2330,-18.3495,-24.1443,0.000,PARALLEL_PARK,1,PARALLEL_PARK,,,,,PARALLEL_1_PARK_EXIT_FORWARD
647.3329,-18.4490,-24.1536,0.000,PARALLEL_PARK,1,PARALLEL_PARK,,,,,PARALLEL_1_PARK_EXIT_FORWARD
647.4329,-18.5482,-24.1662,0.000,PARALLEL_PARK,1,PARALLEL_PARK,,,,,PARALLEL_1_PARK_EXIT_FORWARD
647.5329,-18.6470,-24.1819,0.000,PARALLEL_PARK,1,PARALLEL_PARK,,,,,PARALLEL_1_PARK_EXIT_FORWARD
647.6329,-18.7452,-24.2005,0.000,PARALLEL_PARK,1,PARALLEL_PARK,,,,,PARALLEL_1_PARK_EXIT_FORWARD
647.7329,-18.8430,-24.2217,0.000,PARALLEL_PARK,1,PARALLEL_PARK,,,,,PARALLEL_1_PARK_EXIT_FORWARD
647.8329,-18.9401,-24.2453,0.000,PARALLEL_PARK,1,PARALLEL_PARK,,,,,PARALLEL_1_PARK_EXIT_FORWARD
647.9329,-19.0368,-24.2710,0.000,PARALLEL_PARK,1,PARALLEL_PARK,,,,,PARALLEL_1_PARK_EXIT_FORWARD
648.0329,-19.1329,-24.2986,0.000,PARALLEL_PARK,1,PARALLEL_PARK,,,,,PARALLEL_1_PARK_EXIT_FORWARD
648.1329,-19.2285,-24.3280,0.000,PARALLEL_PARK,1,PARALLEL_PARK,,,,,PARALLEL_1_PARK_EXIT_FORWARD
648.2329,-19.3235,-24.3590,0.000,PARALLEL_PARK,1,PARALLEL_PARK,,,,,PARALLEL_1_PARK_EXIT_FORWARD
648.3329,-19.4181,-24.3914,0.000,PARALLEL_PARK,1,PARALLEL_PARK,,,,,PARALLEL_1_PARK_EXIT_FORWARD
648.4329,-19.5123,-24.4250,0.000,PARALLEL_PARK,1,PARALLEL_PARK,,,,,PARALLEL_1_PARK_EXIT_FORWARD
648.5329,-19.6061,-24.4597,0.000,PARALLEL_PARK,1,PARALLEL_PARK,,,,,PARALLEL_1_PARK_EXIT_FORWARD
648.6329,-19.6995,-24.4954,0.000,PARALLEL_PARK,1,PARALLEL_PARK,,,,,PARALLEL_1_PARK_EXIT_FORWARD
648.7329,-19.7926,-24.5320,0.000,PARALLEL_PARK,1,PARALLEL_PARK,,,,,PARALLEL_1_PARK_EXIT_FORWARD
648.8329,-19.8854,-24.5693,0.000,PARALLEL_PARK,1,PARALLEL_PARK,,,,,PARALLEL_1_PARK_EXIT_FORWARD
648.9329,-19.9779,-24.6072,0.000,PARALLEL_PARK,1,PARALLEL_PARK,,,,,PARALLEL_1_PARK_EXIT_FORWARD
649.0329,-20.0702,-24.6456,0.000,PARALLEL_PARK,1,PARALLEL_PARK,,,,,PARALLEL_1_PARK_EXIT_FORWARD
649.1329,-20.1624,-24.6845,0.000,PARALLEL_PARK,1,PARALLEL_PARK,,,,,PARALLEL_1_PARK_EXIT_FORWARD
649.2329,-20.2544,-24.7237,0.000,PARALLEL_PARK,1,PARALLEL_PARK,,,,,PARALLEL_1_PARK_EXIT_FORWARD
649.3329,-20.3462,-24.7632,0.000,PARALLEL_PARK,1,PARALLEL_PARK,,,,,PARALLEL_1_PARK_EXIT_FORWARD
649.4329,-20.4380,-24.8029,0.000,PARALLEL_PARK,1,PARALLEL_PARK,,,,,PARALLEL_1_PARK_EXIT_FORWARD
649.5328,-20.5297,-24.8427,0.000,PARALLEL_PARK,1,PARALLEL_PARK,,,,,PARALLEL_1_PARK_EXIT_FORWARD
649.6329,-20.6215,-24.8826,0.000,PARALLEL_PARK,1,PARALLEL_PARK,,,,,PARALLEL_1_PARK_EXIT_FORWARD
649.7329,-20.7132,-24.9224,0.000,PARALLEL_PARK,1,PARALLEL_PARK,,,,,PARALLEL_1_PARK_EXIT_FORWARD
649.8329,-20.8049,-24.9622,0.000,PARALLEL_PARK,1,PARALLEL_PARK,,,,,PARALLEL_1_PARK_EXIT_FORWARD
649.9329,-20.8967,-25.0019,0.000,PARALLEL_PARK,1,PARALLEL_PARK,,,,,PARALLEL_1_PARK_EXIT_FORWARD
650.0329,-20.9886,-25.0414,0.000,PARALLEL_PARK,1,PARALLEL_PARK,,,,,PARALLEL_1_PARK_EXIT_FORWARD
650.1329,-21.0806,-25.0806,0.000,PARALLEL_PARK,1,PARALLEL_PARK,,,,,PARALLEL_1_PARK_EXIT_FORWARD
650.2329,-21.1727,-25.1196,0.000,PARALLEL_PARK,1,PARALLEL_PARK,,,,,PARALLEL_1_PARK_EXIT_FORWARD
650.3329,-21.2649,-25.1582,0.000,PARALLEL_PARK,1,PARALLEL_PARK,,,,,PARALLEL_1_PARK_EXIT_FORWARD
650.4329,-21.3573,-25.1964,0.000,PARALLEL_PARK,1,PARALLEL_PARK,,,,,PARALLEL_1_PARK_EXIT_FORWARD
650.5329,-21.4499,-25.2342,0.000,PARALLEL_PARK,1,PARALLEL_PARK,,,,,PARALLEL_1_PARK_EXIT_FORWARD
650.6329,-21.5427,-25.2715,0.000,PARALLEL_PARK,1,PARALLEL_PARK,,,,,PARALLEL_1_PARK_EXIT_FORWARD
650.7329,-21.6357,-25.3083,0.000,PARALLEL_PARK,1,PARALLEL_PARK,,,,,PARALLEL_1_PARK_EXIT_FORWARD
650.8329,-21.7289,-25.3445,0.000,PARALLEL_PARK,1,PARALLEL_PARK,,,,,PARALLEL_1_PARK_EXIT_FORWARD
650.9329,-21.8223,-25.3801,0.000,PARALLEL_PARK,1,PARALLEL_PARK,,,,,PARALLEL_1_PARK_EXIT_FORWARD
651.0329,-21.9160,-25.4151,0.000,PARALLEL_PARK,1,PARALLEL_PARK,,,,,PARALLEL_1_PARK_EXIT_FORWARD
651.1329,-22.0099,-25.4494,0.000,PARALLEL_PARK,1,PARALLEL_PARK,,,,,PARALLEL_1_PARK_EXIT_FORWARD
651.2328,-22.1041,-25.4829,0.000,PARALLEL_PARK,1,PARALLEL_PARK,,,,,PARALLEL_1_PARK_EXIT_FORWARD
651.3329,-22.1986,-25.5157,0.000,PARALLEL_PARK,1,PARALLEL_PARK,,,,,PARALLEL_1_PARK_EXIT_FORWARD
651.4329,-22.2934,-25.5476,0.000,PARALLEL_PARK,1,PARALLEL_PARK,,,,,PARALLEL_1_PARK_EXIT_FORWARD
651.5329,-22.3884,-25.5788,0.000,PARALLEL_PARK,1,PARALLEL_PARK,,,,,PARALLEL_1_PARK_EXIT_FORWARD
651.6329,-22.4837,-25.6090,0.000,PARALLEL_PARK,1,PARALLEL_PARK,,,,,PARALLEL_1_PARK_EXIT_FORWARD
651.7328,-22.5793,-25.6383,0.000,PARALLEL_PARK,1,PARALLEL_PARK,,,,,PARALLEL_1_PARK_EXIT_FORWARD
651.8329,-22.6752,-25.6667,0.000,PARALLEL_PARK,1,PARALLEL_PARK,,,,,PARALLEL_1_PARK_EXIT_FORWARD
651.9329,-22.7714,-25.6941,0.000,PARALLEL_PARK,1,PARALLEL_PARK,,,,,PARALLEL_1_PARK_EXIT_FORWARD
652.0329,-22.8679,-25.7205,0.000,PARALLEL_PARK,1,PARALLEL_PARK,,,,,PARALLEL_1_PARK_EXIT_FORWARD
652.1329,-22.9646,-25.7458,0.000,PARALLEL_PARK,1,PARALLEL_PARK,,,,,PARALLEL_1_PARK_EXIT_FORWARD
652.2329,-23.0616,-25.7700,0.000,PARALLEL_PARK,1,PARALLEL_PARK,,,,,PARALLEL_1_PARK_EXIT_FORWARD
652.3329,-23.1589,-25.7931,0.000,PARALLEL_PARK,1,PARALLEL_PARK,,,,,PARALLEL_1_PARK_EXIT_FORWARD
652.4329,-23.2565,-25.8150,0.000,PARALLEL_PARK,1,PARALLEL_PARK,,,,,PARALLEL_1_PARK_EXIT_FORWARD
652.5329,-23.3543,-25.8358,0.000,PARALLEL_PARK,1,PARALLEL_PARK,,,,,PARALLEL_1_PARK_EXIT_FORWARD
652.6329,-23.4524,-25.8553,0.000,PARALLEL_PARK,1,PARALLEL_PARK,,,,,PARALLEL_1_PARK_EXIT_FORWARD
652.7329,-23.5507,-25.8736,0.000,PARALLEL_PARK,1,PARALLEL_PARK,,,,,PARALLEL_1_PARK_EXIT_FORWARD
652.8328,-23.6492,-25.8905,0.000,PARALLEL_PARK,1,PARALLEL_PARK,,,,,PARALLEL_1_PARK_EXIT_FORWARD
652.9329,-23.7480,-25.9062,0.000,PARALLEL_PARK,1,PARALLEL_PARK,,,,,PARALLEL_1_PARK_EXIT_FORWARD
653.0329,-23.8470,-25.9205,0.000,PARALLEL_PARK,1,PARALLEL_PARK,,,,,PARALLEL_1_PARK_EXIT_FORWARD
653.1328,-23.9461,-25.9335,0.000,PARALLEL_PARK,1,PARALLEL_PARK,,,,,PARALLEL_1_PARK_EXIT_FORWARD
653.2329,-24.0455,-25.9450,0.000,PARALLEL_PARK,1,PARALLEL_PARK,,,,,PARALLEL_1_PARK_EXIT_FORWARD
653.3329,-24.1450,-25.9551,0.000,PARALLEL_PARK,1,PARALLEL_PARK,,,,,PARALLEL_1_PARK_EXIT_FORWARD
653.4329,-24.2446,-25.9637,0.000,PARALLEL_PARK,1,PARALLEL_PARK,,,,,PARALLEL_1_PARK_EXIT_FORWARD
653.5328,-24.3443,-25.9709,0.000,PARALLEL_PARK,1,PARALLEL_PARK,,,,,PARALLEL_1_PARK_EXIT_FORWARD
653.6329,-24.4442,-25.9765,0.000,PARALLEL_PARK,1,PARALLEL_PARK,,,,,PARALLEL_1_PARK_EXIT_FORWARD
653.7329,-24.5441,-25.9806,0.000,PARALLEL_PARK,1,PARALLEL_PARK,,,,,PARALLEL_1_PARK_EXIT_FORWARD
653.8329,-24.6441,-25.9832,0.000,PARALLEL_PARK,1,PARALLEL_PARK,,,,,PARALLEL_1_PARK_EXIT_FORWARD
653.9328,-24.7440,-25.9842,0.000,PARALLEL_PARK,1,PARALLEL_PARK,,,,,PARALLEL_1_PARK_EXIT_FORWARD
654.0328,-24.8440,-25.9837,0.000,PARALLEL_PARK,1,PARALLEL_PARK,,,,,PARALLEL_1_PARK_EXIT_FORWARD
654.1328,-24.9440,-25.9817,0.000,PARALLEL_PARK,1,PARALLEL_PARK,,,,,PARALLEL_1_PARK_EXIT_FORWARD
654.2329,-25.0440,-25.9781,0.000,PARALLEL_PARK,1,PARALLEL_PARK,,,,,PARALLEL_1_PARK_EXIT_FORWARD
654.3328,-25.1438,-25.9731,0.000,PARALLEL_PARK,1,PARALLEL_PARK,,,,,PARALLEL_1_PARK_EXIT_FORWARD
654.4328,-25.2436,-25.9666,0.000,PARALLEL_PARK,1,PARALLEL_PARK,,,,,PARALLEL_1_PARK_EXIT_FORWARD
654.5329,-25.3433,-25.9587,0.000,PARALLEL_PARK,1,PARALLEL_PARK,,,,,PARALLEL_1_PARK_EXIT_FORWARD
654.6329,-25.4429,-25.9496,0.000,PARALLEL_PARK,1,PARALLEL_PARK,,,,,PARALLEL_1_PARK_EXIT_FORWARD
654.7328,-25.5423,-25.9392,0.000,PARALLEL_PARK,1,PARALLEL_PARK,,,,,PARALLEL_1_PARK_EXIT_FORWARD
654.8329,-25.6417,-25.9278,0.000,PARALLEL_PARK,1,PARALLEL_PARK,,,,,PARALLEL_1_PARK_EXIT_FORWARD
654.9328,-25.7409,-25.9154,0.000,PARALLEL_PARK,1,PARALLEL_PARK,,,,,PARALLEL_1_PARK_EXIT_FORWARD
655.0329,-25.8401,-25.9023,0.000,PARALLEL_PARK,1,PARALLEL_PARK,,,,,PARALLEL_1_PARK_EXIT_FORWARD
655.1328,-25.9391,-25.8886,0.000,PARALLEL_PARK,1,PARALLEL_PARK,,,,,PARALLEL_1_PARK_EXIT_FORWARD
655.2328,-26.0381,-25.8747,0.000,PARALLEL_PARK,1,PARALLEL_PARK,,,,,PARALLEL_1_PARK_EXIT_FORWARD
655.2453,-26.0505,-25.8729,0.000,PARALLEL_PARK,1,PARALLEL_PARK,PARALLEL_1_END,BRANCH_COMPLETE,,,PARALLEL_1_PARK_EXIT_FORWARD
655.3241,-26.1277,-25.8575,0.000,NORMAL,1,ROUTE,,,,,T2_REVERSE_TO_FORWARD
655.3454,-26.1486,-25.8533,0.000,NORMAL,1,ROUTE,,,,,T2_REVERSE_TO_FORWARD
655.4453,-26.2465,-25.8331,0.000,NORMAL,1,ROUTE,,,,,T2_REVERSE_TO_FORWARD
655.5453,-26.3443,-25.8123,0.000,NORMAL,1,ROUTE,,,,,T2_REVERSE_TO_FORWARD
655.6454,-26.4420,-25.7909,0.000,NORMAL,1,ROUTE,,,,,T2_REVERSE_TO_FORWARD
655.7453,-26.5395,-25.7690,0.000,NORMAL,1,ROUTE,,,,,T2_REVERSE_TO_FORWARD
655.8452,-26.6369,-25.7465,0.000,NORMAL,1,ROUTE,,,,,T2_REVERSE_TO_FORWARD
655.9452,-26.7342,-25.7234,0.000,NORMAL,1,ROUTE,,,,,T2_REVERSE_TO_FORWARD
656.0453,-26.8314,-25.6997,0.000,NORMAL,1,ROUTE,,,,,T2_REVERSE_TO_FORWARD
656.1453,-26.9284,-25.6755,0.000,NORMAL,1,ROUTE,,,,,T2_REVERSE_TO_FORWARD
656.2452,-27.0252,-25.6508,0.000,NORMAL,1,ROUTE,,,,,T2_REVERSE_TO_FORWARD
656.3452,-27.1220,-25.6255,0.000,NORMAL,1,ROUTE,,,,,T2_REVERSE_TO_FORWARD
656.4452,-27.2186,-25.5996,0.000,NORMAL,1,ROUTE,,,,,T2_REVERSE_TO_FORWARD
656.5452,-27.3150,-25.5732,0.000,NORMAL,1,ROUTE,,,,,T2_REVERSE_TO_FORWARD
656.6452,-27.4113,-25.5462,0.000,NORMAL,1,ROUTE,,,,,T2_REVERSE_TO_FORWARD
656.7452,-27.5074,-25.5187,0.000,NORMAL,1,ROUTE,,,,,T2_REVERSE_TO_FORWARD
656.8451,-27.6033,-25.4906,0.000,NORMAL,1,ROUTE,,,,,T2_REVERSE_TO_FORWARD
656.9451,-27.6991,-25.4620,0.000,NORMAL,1,ROUTE,,,,,T2_REVERSE_TO_FORWARD
657.0451,-27.7948,-25.4328,0.000,NORMAL,1,ROUTE,,,,,T2_REVERSE_TO_FORWARD
657.1450,-27.8902,-25.4031,0.000,NORMAL,1,ROUTE,,,,,T2_REVERSE_TO_FORWARD
657.2450,-27.9855,-25.3728,0.000,NORMAL,1,ROUTE,,,,,T2_REVERSE_TO_FORWARD
657.3451,-28.0807,-25.3421,0.000,NORMAL,1,ROUTE,,,,,T2_REVERSE_TO_FORWARD
657.4450,-28.1756,-25.3109,0.000,NORMAL,1,ROUTE,,,,,T2_REVERSE_TO_FORWARD
657.5450,-28.2705,-25.2792,0.000,NORMAL,1,ROUTE,,,,,T2_REVERSE_TO_FORWARD
657.6450,-28.3652,-25.2472,0.000,NORMAL,1,ROUTE,,,,,T2_REVERSE_TO_FORWARD
657.7449,-28.4598,-25.2149,0.000,NORMAL,1,ROUTE,,,,,T2_REVERSE_TO_FORWARD
657.8450,-28.5544,-25.1824,0.000,NORMAL,1,ROUTE,,,,,T2_REVERSE_TO_FORWARD
657.9449,-28.6489,-25.1498,0.000,NORMAL,1,ROUTE,,,,,T2_REVERSE_TO_FORWARD
658.0449,-28.7434,-25.1172,0.000,NORMAL,1,ROUTE,,,,,T2_REVERSE_TO_FORWARD
658.1449,-28.8380,-25.0849,0.000,NORMAL,1,ROUTE,,,,,T2_REVERSE_TO_FORWARD
658.2448,-28.9327,-25.0529,0.000,NORMAL,1,ROUTE,,,,,T2_REVERSE_TO_FORWARD
658.3449,-29.0277,-25.0214,0.000,NORMAL,1,ROUTE,,,,,T2_REVERSE_TO_FORWARD
658.4448,-29.1228,-24.9907,0.000,NORMAL,1,ROUTE,,,,,T2_REVERSE_TO_FORWARD
658.5449,-29.2183,-24.9610,0.000,NORMAL,1,ROUTE,,,,,T2_REVERSE_TO_FORWARD
658.6448,-29.3141,-24.9324,0.000,NORMAL,1,ROUTE,,,,,T2_REVERSE_TO_FORWARD
658.7448,-29.4103,-24.9052,0.000,NORMAL,1,ROUTE,,,,,T2_REVERSE_TO_FORWARD
658.8448,-29.5069,-24.8794,0.000,NORMAL,1,ROUTE,,,,,T2_REVERSE_TO_FORWARD
658.9447,-29.6038,-24.8550,0.000,NORMAL,1,ROUTE,,,,,T2_REVERSE_TO_FORWARD
659.0447,-29.7011,-24.8319,0.000,NORMAL,1,ROUTE,,,,,T2_REVERSE_TO_FORWARD
659.1447,-29.7987,-24.8100,0.000,NORMAL,1,ROUTE,,,,,T2_REVERSE_TO_FORWARD
659.2447,-29.8965,-24.7892,0.000,NORMAL,1,ROUTE,,,,,T2_REVERSE_TO_FORWARD
659.3447,-29.9944,-24.7691,0.000,NORMAL,1,ROUTE,,,,,T2_REVERSE_TO_FORWARD
659.4447,-30.0925,-24.7496,0.000,NORMAL,1,ROUTE,,,,,T2_REVERSE_TO_FORWARD
659.5446,-30.1906,-24.7305,0.000,NORMAL,1,ROUTE,,,,,T2_REVERSE_TO_FORWARD
659.6447,-30.2888,-24.7114,0.000,NORMAL,1,ROUTE,,,,,T2_REVERSE_TO_FORWARD
659.7446,-30.3869,-24.6922,0.000,NORMAL,1,ROUTE,,,,,T2_REVERSE_TO_FORWARD
659.8446,-30.4849,-24.6727,0.000,NORMAL,1,ROUTE,,,,,T2_REVERSE_TO_FORWARD
659.9445,-30.5828,-24.6524,0.000,NORMAL,1,ROUTE,,,,,T2_REVERSE_TO_FORWARD
660.0446,-30.6806,-24.6312,0.000,NORMAL,1,ROUTE,,,,,T2_REVERSE_TO_FORWARD
660.1446,-30.7780,-24.6088,0.000,NORMAL,1,ROUTE,,,,,T2_REVERSE_TO_FORWARD
660.2446,-30.8751,-24.5849,0.000,NORMAL,1,ROUTE,,,,,T2_REVERSE_TO_FORWARD
660.3445,-30.9716,-24.5590,0.000,NORMAL,1,ROUTE,,,,,T2_REVERSE_TO_FORWARD
660.4445,-31.0676,-24.5310,0.000,NORMAL,1,ROUTE,,,,,T2_REVERSE_TO_FORWARD
660.5445,-31.1629,-24.5006,0.000,NORMAL,1,ROUTE,,,,,T2_REVERSE_TO_FORWARD
660.6444,-31.2572,-24.4675,0.000,NORMAL,1,ROUTE,,,,,T2_REVERSE_TO_FORWARD
660.7444,-31.3505,-24.4316,0.000,NORMAL,1,ROUTE,,,,,T2_REVERSE_TO_FORWARD
660.8444,-31.4428,-24.3932,0.000,NORMAL,1,ROUTE,,,,,T2_REVERSE_TO_FORWARD
660.9444,-31.5340,-24.3522,0.000,NORMAL,1,ROUTE,,,,,T2_REVERSE_TO_FORWARD
661.0444,-31.6241,-24.3088,0.000,NORMAL,1,ROUTE,,,,,T2_REVERSE_TO_FORWARD
661.1443,-31.7130,-24.2631,0.000,NORMAL,1,ROUTE,,,,,T2_REVERSE_TO_FORWARD
661.2443,-31.8007,-24.2151,0.000,NORMAL,1,ROUTE,,,,,T2_REVERSE_TO_FORWARD
661.3443,-31.8871,-24.1648,0.000,NORMAL,1,ROUTE,,,,,T2_REVERSE_TO_FORWARD
661.4443,-31.9721,-24.1121,0.000,NORMAL,1,ROUTE,,,,,T2_REVERSE_TO_FORWARD
661.5443,-32.0555,-24.0569,0.000,NORMAL,1,ROUTE,,,,,T2_REVERSE_TO_FORWARD
661.6442,-32.1370,-23.9991,0.000,NORMAL,1,ROUTE,,,,,T2_REVERSE_TO_FORWARD
661.7442,-32.2164,-23.9383,0.000,NORMAL,1,ROUTE,,,,,T2_REVERSE_TO_FORWARD
661.8442,-32.2934,-23.8745,0.000,NORMAL,1,ROUTE,,,,,T2_REVERSE_TO_FORWARD
661.9442,-32.3677,-23.8076,0.000,NORMAL,1,ROUTE,,,,,T2_REVERSE_TO_FORWARD
662.0441,-32.4390,-23.7376,0.000,NORMAL,1,ROUTE,,,,,T2_REVERSE_TO_FORWARD
662.1442,-32.5072,-23.6644,0.000,NORMAL,1,ROUTE,,,,,T2_REVERSE_TO_FORWARD
662.2441,-32.5717,-23.5881,0.000,NORMAL,1,ROUTE,,,,,T2_REVERSE_TO_FORWARD
662.3441,-32.6324,-23.5086,0.000,NORMAL,1,ROUTE,,,,,T2_REVERSE_TO_FORWARD
662.4440,-32.6886,-23.4260,0.000,NORMAL,1,ROUTE,,,,,T2_REVERSE_TO_FORWARD
662.5440,-32.7399,-23.3402,0.000,NORMAL,1,ROUTE,,,,,T2_REVERSE_TO_FORWARD
662.6439,-32.7858,-23.2514,0.000,NORMAL,1,ROUTE,,,,,T2_REVERSE_TO_FORWARD
662.7439,-32.8259,-23.1598,0.000,NORMAL,1,ROUTE,,,,,T2_REVERSE_TO_FORWARD
662.8439,-32.8603,-23.0659,0.000,NORMAL,1,ROUTE,,,,,T2_REVERSE_TO_FORWARD
662.9439,-32.8892,-22.9702,0.000,NORMAL,1,ROUTE,,,,,T2_REVERSE_TO_FORWARD
663.0438,-32.9132,-22.8732,0.000,NORMAL,1,ROUTE,,,,,T2_REVERSE_TO_FORWARD
663.1439,-32.9328,-22.7751,0.000,NORMAL,1,ROUTE,,,,,T2_REVERSE_TO_FORWARD
663.2438,-32.9487,-22.6764,0.000,NORMAL,1,ROUTE,,,,,T2_REVERSE_TO_FORWARD
663.3438,-32.9614,-22.5773,0.000,NORMAL,1,ROUTE,,,,,T2_REVERSE_TO_FORWARD
663.4438,-32.9715,-22.4778,0.000,NORMAL,1,ROUTE,,,,,T2_REVERSE_TO_FORWARD
663.5438,-32.9792,-22.3781,0.000,NORMAL,1,ROUTE,,,,,T2_REVERSE_TO_FORWARD
663.6437,-32.9850,-22.2783,0.000,NORMAL,1,ROUTE,,,,,T2_REVERSE_TO_FORWARD
663.7437,-32.9890,-22.1784,0.000,NORMAL,1,ROUTE,,,,,T2_REVERSE_TO_FORWARD
663.8437,-32.9916,-22.0784,0.000,NORMAL,1,ROUTE,,,,,T2_REVERSE_TO_FORWARD
663.9437,-32.9928,-21.9785,0.000,NORMAL,1,ROUTE,,,,,T2_REVERSE_TO_FORWARD
664.0437,-32.9927,-21.8785,0.000,NORMAL,1,ROUTE,,,,,T2_REVERSE_TO_FORWARD
664.1437,-32.9915,-21.7785,0.000,NORMAL,1,ROUTE,,,,,T2_REVERSE_TO_FORWARD
664.2436,-32.9891,-21.6786,0.000,NORMAL,1,ROUTE,,,,,T2_REVERSE_TO_FORWARD
664.3437,-32.9854,-21.5786,0.000,NORMAL,1,ROUTE,,,,,T2_REVERSE_TO_FORWARD
664.4436,-32.9804,-21.4788,0.000,NORMAL,1,ROUTE,,,,,T2_REVERSE_TO_FORWARD
664.5436,-32.9739,-21.3790,0.000,NORMAL,1,ROUTE,,,,,T2_REVERSE_TO_FORWARD
664.6435,-32.9658,-21.2794,0.000,NORMAL,1,ROUTE,,,,,T2_REVERSE_TO_FORWARD
664.7435,-32.9561,-21.1799,0.000,NORMAL,1,ROUTE,,,,,T2_REVERSE_TO_FORWARD
664.8436,-32.9445,-21.0805,0.000,NORMAL,1,ROUTE,,,,,T2_REVERSE_TO_FORWARD
664.9435,-32.9313,-20.9814,0.000,NORMAL,1,ROUTE,,,,,T2_REVERSE_TO_FORWARD
665.0435,-32.9164,-20.8826,0.000,NORMAL,1,ROUTE,,,,,T2_REVERSE_TO_FORWARD
665.1434,-32.8999,-20.7840,0.000,NORMAL,1,ROUTE,,,,,T2_REVERSE_TO_FORWARD
665.2435,-32.8819,-20.6856,0.000,NORMAL,1,ROUTE,,,,,T2_REVERSE_TO_FORWARD
665.3434,-32.8623,-20.5876,0.000,NORMAL,1,ROUTE,,,,,T2_REVERSE_TO_FORWARD
665.4434,-32.8413,-20.4898,0.000,NORMAL,1,ROUTE,,,,,T2_REVERSE_TO_FORWARD
665.5434,-32.8189,-20.3924,0.000,NORMAL,1,ROUTE,,,,,T2_REVERSE_TO_FORWARD
665.6434,-32.7949,-20.2953,0.000,NORMAL,1,ROUTE,,,,,T2_REVERSE_TO_FORWARD
665.7434,-32.7695,-20.1986,0.000,NORMAL,1,ROUTE,,,,,T2_REVERSE_TO_FORWARD
665.8433,-32.7427,-20.1023,0.000,NORMAL,1,ROUTE,,,,,T2_REVERSE_TO_FORWARD
665.9433,-32.7145,-20.0064,0.000,NORMAL,1,ROUTE,,,,,T2_REVERSE_TO_FORWARD
666.0433,-32.6851,-19.9108,0.000,NORMAL,1,ROUTE,,,,,T2_REVERSE_TO_FORWARD
666.1433,-32.6548,-19.8155,0.000,NORMAL,1,ROUTE,,,,,T2_REVERSE_TO_FORWARD
666.2433,-32.6237,-19.7205,0.000,NORMAL,1,ROUTE,,,,,T2_REVERSE_TO_FORWARD
666.3432,-32.5920,-19.6257,0.000,NORMAL,1,ROUTE,,,,,T2_REVERSE_TO_FORWARD
666.4433,-32.5601,-19.5309,0.000,NORMAL,1,ROUTE,,,,,T2_REVERSE_TO_FORWARD
666.5432,-32.5282,-19.4362,0.000,NORMAL,1,ROUTE,,,,,T2_REVERSE_TO_FORWARD
666.6432,-32.4963,-19.3414,0.000,NORMAL,1,ROUTE,,,,,T2_REVERSE_TO_FORWARD
666.7432,-32.4648,-19.2465,0.000,NORMAL,1,ROUTE,,,,,T2_REVERSE_TO_FORWARD
666.8432,-32.4337,-19.1515,0.000,NORMAL,1,ROUTE,,,,,T2_REVERSE_TO_FORWARD
666.9431,-32.4032,-19.0563,0.000,NORMAL,1,ROUTE,,,,,T2_REVERSE_TO_FORWARD
667.0431,-32.3733,-18.9609,0.000,NORMAL,1,ROUTE,,,,,T2_REVERSE_TO_FORWARD
667.1431,-32.3440,-18.8653,0.000,NORMAL,1,ROUTE,,,,,T2_REVERSE_TO_FORWARD
667.2431,-32.3153,-18.7695,0.000,NORMAL,1,ROUTE,,,,,T2_REVERSE_TO_FORWARD
667.3431,-32.2872,-18.6735,0.000,NORMAL,1,ROUTE,,,,,T2_REVERSE_TO_FORWARD
667.4430,-32.2595,-18.5775,0.000,NORMAL,1,ROUTE,,,,,T2_REVERSE_TO_FORWARD
667.5431,-32.2321,-18.4813,0.000,NORMAL,1,ROUTE,,,,,T2_REVERSE_TO_FORWARD
667.6430,-32.2049,-18.3851,0.000,NORMAL,1,ROUTE,,,,,T2_REVERSE_TO_FORWARD
667.7430,-32.1777,-18.2889,0.000,NORMAL,1,ROUTE,,,,,T2_REVERSE_TO_FORWARD
667.8430,-32.1501,-18.1928,0.000,NORMAL,1,ROUTE,,,,,T2_REVERSE_TO_FORWARD
667.9429,-32.1220,-18.0969,0.000,NORMAL,1,ROUTE,,,,,T2_REVERSE_TO_FORWARD
668.0430,-32.0929,-18.0012,0.000,NORMAL,1,ROUTE,,,,,T2_REVERSE_TO_FORWARD
668.1430,-32.0626,-17.9059,0.000,NORMAL,1,ROUTE,,,,,T2_REVERSE_TO_FORWARD
668.2430,-32.0308,-17.8111,0.000,NORMAL,1,ROUTE,,,,,T2_REVERSE_TO_FORWARD
668.3429,-31.9973,-17.7169,0.000,NORMAL,1,ROUTE,,,,,T2_REVERSE_TO_FORWARD
668.4429,-31.9619,-17.6234,0.000,NORMAL,1,ROUTE,,,,,T2_REVERSE_TO_FORWARD
668.5429,-31.9246,-17.5306,0.000,NORMAL,1,ROUTE,,,,,T2_REVERSE_TO_FORWARD
668.6429,-31.8858,-17.4385,0.000,NORMAL,1,ROUTE,,,,,T2_REVERSE_TO_FORWARD
668.7428,-31.8456,-17.3470,0.000,NORMAL,1,ROUTE,,,,,T2_REVERSE_TO_FORWARD
668.8428,-31.8043,-17.2559,0.000,NORMAL,1,ROUTE,,,,,T2_REVERSE_TO_FORWARD
668.9428,-31.7623,-17.1652,0.000,NORMAL,1,ROUTE,,,,,T2_REVERSE_TO_FORWARD
669.0429,-31.7198,-17.0746,0.000,NORMAL,1,ROUTE,,,,,T2_REVERSE_TO_FORWARD
669.1428,-31.6772,-16.9842,0.000,NORMAL,1,ROUTE,,,,,T2_REVERSE_TO_FORWARD
669.2428,-31.6345,-16.8938,0.000,NORMAL,1,ROUTE,,,,,T2_REVERSE_TO_FORWARD
669.3427,-31.5920,-16.8033,0.000,NORMAL,1,ROUTE,,,,,T2_REVERSE_TO_FORWARD
669.4427,-31.5495,-16.7128,0.000,NORMAL,1,ROUTE,,,,,T2_REVERSE_TO_FORWARD
669.5427,-31.5072,-16.6222,0.000,NORMAL,1,ROUTE,,,,,T2_REVERSE_TO_FORWARD
669.6427,-31.4647,-16.5317,0.000,NORMAL,1,ROUTE,,,,,T2_REVERSE_TO_FORWARD
669.7427,-31.4220,-16.4413,0.000,NORMAL,1,ROUTE,,,,,T2_REVERSE_TO_FORWARD
669.8426,-31.3789,-16.3511,0.000,NORMAL,1,ROUTE,,,,,T2_REVERSE_TO_FORWARD
669.9426,-31.3350,-16.2613,0.000,NORMAL,1,ROUTE,,,,,T2_REVERSE_TO_FORWARD
670.0426,-31.2902,-16.1719,0.000,NORMAL,1,ROUTE,,,,,T2_REVERSE_TO_FORWARD
670.1426,-31.2444,-16.0830,0.000,NORMAL,1,ROUTE,,,,,T2_REVERSE_TO_FORWARD
670.2426,-31.1973,-15.9948,0.000,NORMAL,1,ROUTE,,,,,T2_REVERSE_TO_FORWARD
670.3426,-31.1488,-15.9073,0.000,NORMAL,1,ROUTE,,,,,T2_REVERSE_TO_FORWARD
670.4425,-31.0992,-15.8206,0.000,NORMAL,1,ROUTE,,,,,T2_REVERSE_TO_FORWARD
670.5425,-31.0482,-15.7346,0.000,NORMAL,1,ROUTE,,,,,T2_REVERSE_TO_FORWARD
670.6426,-30.9959,-15.6493,0.000,NORMAL,1,ROUTE,,,,,T2_REVERSE_TO_FORWARD
670.7425,-30.9424,-15.5649,0.000,NORMAL,1,ROUTE,,,,,T2_REVERSE_TO_FORWARD
670.8425,-30.8876,-15.4813,0.000,NORMAL,1,ROUTE,,,,,T2_REVERSE_TO_FORWARD
670.9425,-30.8315,-15.3985,0.000,NORMAL,1,ROUTE,,,,,T2_REVERSE_TO_FORWARD
671.0425,-30.7740,-15.3167,0.000,NORMAL,1,ROUTE,,,,,T2_REVERSE_TO_FORWARD
671.1425,-30.7152,-15.2358,0.000,NORMAL,1,ROUTE,,,,,T2_REVERSE_TO_FORWARD
671.2424,-30.6550,-15.1560,0.000,NORMAL,1,ROUTE,,,,,T2_REVERSE_TO_FORWARD
671.3424,-30.5935,-15.0772,0.000,NORMAL,1,ROUTE,,,,,T2_REVERSE_TO_FORWARD
671.4424,-30.5307,-14.9994,0.000,NORMAL,1,ROUTE,,,,,T2_REVERSE_TO_FORWARD
671.5423,-30.4667,-14.9226,0.000,NORMAL,1,ROUTE,,,,,T2_REVERSE_TO_FORWARD
671.6423,-30.4014,-14.8469,0.000,NORMAL,1,ROUTE,,,,,T2_REVERSE_TO_FORWARD
671.7423,-30.3350,-14.7721,0.000,NORMAL,1,ROUTE,,,,,T2_REVERSE_TO_FORWARD
671.8423,-30.2673,-14.6985,0.000,NORMAL,1,ROUTE,,,,,T2_REVERSE_TO_FORWARD
671.9423,-30.1984,-14.6261,0.000,NORMAL,1,ROUTE,,,,,T2_REVERSE_TO_FORWARD
672.0423,-30.1281,-14.5550,0.000,NORMAL,1,ROUTE,,,,,T2_REVERSE_TO_FORWARD
672.1422,-30.0565,-14.4853,0.000,NORMAL,1,ROUTE,,,,,T2_REVERSE_TO_FORWARD
672.2422,-29.9834,-14.4170,0.000,NORMAL,1,ROUTE,,,,,T2_REVERSE_TO_FORWARD
672.3422,-29.9089,-14.3503,0.000,NORMAL,1,ROUTE,,,,,T2_REVERSE_TO_FORWARD
672.4422,-29.8330,-14.2852,0.000,NORMAL,1,ROUTE,,,,,T2_REVERSE_TO_FORWARD
672.5422,-29.7559,-14.2216,0.000,NORMAL,1,ROUTE,,,,,T2_REVERSE_TO_FORWARD
672.6422,-29.6775,-14.1595,0.000,NORMAL,1,ROUTE,,,,,T2_REVERSE_TO_FORWARD
672.7422,-29.5979,-14.0990,0.000,NORMAL,1,ROUTE,,,,,T2_REVERSE_TO_FORWARD
672.8421,-29.5171,-14.0402,0.000,NORMAL,1,ROUTE,,,,,T2_REVERSE_TO_FORWARD
672.9422,-29.4350,-13.9830,0.000,NORMAL,1,ROUTE,,,,,T2_REVERSE_TO_FORWARD
673.0421,-29.3517,-13.9278,0.000,NORMAL,1,ROUTE,,,,,T2_REVERSE_TO_FORWARD
673.1421,-29.2670,-13.8746,0.000,NORMAL,1,ROUTE,,,,,T2_REVERSE_TO_FORWARD
673.2420,-29.1810,-13.8237,0.000,NORMAL,1,ROUTE,,,,,T2_REVERSE_TO_FORWARD
673.3420,-29.0935,-13.7754,0.000,NORMAL,1,ROUTE,,,,,T2_REVERSE_TO_FORWARD
673.4419,-29.0045,-13.7299,0.000,NORMAL,1,ROUTE,,,,,T2_REVERSE_TO_FORWARD
673.5420,-28.9140,-13.6872,0.000,NORMAL,1,ROUTE,,,,,T2_REVERSE_TO_FORWARD
673.6419,-28.8222,-13.6477,0.000,NORMAL,1,ROUTE,,,,,T2_REVERSE_TO_FORWARD
673.7419,-28.7291,-13.6113,0.000,NORMAL,1,ROUTE,,,,,T2_REVERSE_TO_FORWARD
673.8419,-28.6347,-13.5782,0.000,NORMAL,1,ROUTE,,,,,T2_REVERSE_TO_FORWARD
673.8782,-28.6002,-13.5670,0.000,END_LANE,1,END_LANE,END_LANE_DECISION_START,SELECT_ALLOWED_LANE,GREEN_ARROW_AND_RED_X,,T2_REVERSE_TO_FORWARD
673.9419,-28.5393,-13.5484,0.000,END_LANE,1,END_LANE,,,GREEN_ARROW_AND_RED_X,,T2_REVERSE_TO_FORWARD
674.0418,-28.4429,-13.5221,0.000,END_LANE,1,END_LANE,,,,,T2_REVERSE_TO_FORWARD
674.1419,-28.3456,-13.4987,0.000,END_LANE,1,END_LANE,,,,,T2_REVERSE_TO_FORWARD
674.2418,-28.2478,-13.4782,0.000,END_LANE,1,END_LANE,,,,,T2_REVERSE_TO_FORWARD
674.3419,-28.1494,-13.4602,0.000,END_LANE,1,END_LANE,,,,,T2_REVERSE_TO_FORWARD
674.4418,-28.0507,-13.4445,0.000,END_LANE,1,END_LANE,,,,,T2_REVERSE_TO_FORWARD
674.5418,-27.9516,-13.4311,0.000,END_LANE,1,END_LANE,,,,,T2_REVERSE_TO_FORWARD
674.6418,-27.8523,-13.4196,0.000,END_LANE,1,END_LANE,,,,,T2_REVERSE_TO_FORWARD
674.7417,-27.7528,-13.4099,0.000,END_LANE,1,END_LANE,,,,,T2_REVERSE_TO_FORWARD
674.8417,-27.6531,-13.4020,0.000,END_LANE,1,END_LANE,,,,,T2_REVERSE_TO_FORWARD
674.9417,-27.5533,-13.3956,0.000,END_LANE,1,END_LANE,,,,,T2_REVERSE_TO_FORWARD
675.0417,-27.4535,-13.3907,0.000,END_LANE,1,END_LANE,,,,,T2_REVERSE_TO_FORWARD
675.1416,-27.3536,-13.3871,0.000,END_LANE,1,END_LANE,,,,,T2_REVERSE_TO_FORWARD
675.2417,-27.2536,-13.3849,0.000,END_LANE,1,END_LANE,,,,,T2_REVERSE_TO_FORWARD
675.3417,-27.1536,-13.3839,0.000,END_LANE,1,END_LANE,,,,,T2_REVERSE_TO_FORWARD
675.4417,-27.0536,-13.3842,0.000,END_LANE,1,END_LANE,,,,,T2_REVERSE_TO_FORWARD
675.5416,-26.9537,-13.3858,0.000,END_LANE,1,END_LANE,,,,,T2_REVERSE_TO_FORWARD
675.6416,-26.8537,-13.3886,0.000,END_LANE,1,END_LANE,,,,,T2_REVERSE_TO_FORWARD
675.7416,-26.7538,-13.3927,0.000,END_LANE,1,END_LANE,,,,,T2_REVERSE_TO_FORWARD
675.8415,-26.6540,-13.3981,0.000,END_LANE,1,END_LANE,,,,,T2_REVERSE_TO_FORWARD
675.9416,-26.5542,-13.4049,0.000,END_LANE,1,END_LANE,,,,,T2_REVERSE_TO_FORWARD
676.0415,-26.4546,-13.4132,0.000,END_LANE,1,END_LANE,,,,,T2_REVERSE_TO_FORWARD
676.1415,-26.3551,-13.4229,0.000,END_LANE,1,END_LANE,,,,,T2_REVERSE_TO_FORWARD
676.2414,-26.2558,-13.4342,0.000,END_LANE,1,END_LANE,,,,,T2_REVERSE_TO_FORWARD
676.3415,-26.1566,-13.4470,0.000,END_LANE,1,END_LANE,,,,,T2_REVERSE_TO_FORWARD
676.4415,-26.0576,-13.4613,0.000,END_LANE,1,END_LANE,,,,,T2_REVERSE_TO_FORWARD
676.5414,-25.9589,-13.4771,0.000,END_LANE,1,END_LANE,,,,,T2_REVERSE_TO_FORWARD
676.6414,-25.8604,-13.4943,0.000,END_LANE,1,END_LANE,,,,,T2_REVERSE_TO_FORWARD
676.7414,-25.7622,-13.5129,0.000,END_LANE,1,END_LANE,,,,,T2_REVERSE_TO_FORWARD
676.8414,-25.6642,-13.5328,0.000,END_LANE,1,END_LANE,,,,,T2_REVERSE_TO_FORWARD
676.9414,-25.5664,-13.5537,0.000,END_LANE,1,END_LANE,,,,,T2_REVERSE_TO_FORWARD
677.0413,-25.4689,-13.5757,0.000,END_LANE,1,END_LANE,,,,,T2_REVERSE_TO_FORWARD
677.1413,-25.3716,-13.5985,0.000,END_LANE,1,END_LANE,,,,,T2_REVERSE_TO_FORWARD
677.2413,-25.2744,-13.6221,0.000,END_LANE,1,END_LANE,,,,,T2_REVERSE_TO_FORWARD
677.3412,-25.1774,-13.6462,0.000,END_LANE,1,END_LANE,,,,,T2_REVERSE_TO_FORWARD
677.4412,-25.0805,-13.6708,0.000,END_LANE,1,END_LANE,,,,,T2_REVERSE_TO_FORWARD
677.5413,-24.9836,-13.6958,0.000,END_LANE,1,END_LANE,,,,,T2_REVERSE_TO_FORWARD
677.6412,-24.8869,-13.7211,0.000,END_LANE,1,END_LANE,,,,,T2_REVERSE_TO_FORWARD
677.7412,-24.7903,-13.7468,0.000,END_LANE,1,END_LANE,,,,,T2_REVERSE_TO_FORWARD
677.8412,-24.6937,-13.7726,0.000,END_LANE,1,END_LANE,,,,,T2_REVERSE_TO_FORWARD
677.9412,-24.5972,-13.7987,0.000,END_LANE,1,END_LANE,,,,,T2_REVERSE_TO_FORWARD
678.0412,-24.5007,-13.8250,0.000,END_LANE,1,END_LANE,,,,,T2_REVERSE_TO_FORWARD
678.1411,-24.4044,-13.8517,0.000,END_LANE,1,END_LANE,,,,,T2_REVERSE_TO_FORWARD
678.2411,-24.3081,-13.8786,0.000,END_LANE,1,END_LANE,,,,,T2_REVERSE_TO_FORWARD
678.3411,-24.2119,-13.9058,0.000,END_LANE,1,END_LANE,,,,,T2_REVERSE_TO_FORWARD
678.4411,-24.1158,-13.9334,0.000,END_LANE,1,END_LANE,,,,,T2_REVERSE_TO_FORWARD
678.5411,-24.0198,-13.9614,0.000,END_LANE,1,END_LANE,,,,,T2_REVERSE_TO_FORWARD
678.6411,-23.9239,-13.9899,0.000,END_LANE,1,END_LANE,,,,,T2_REVERSE_TO_FORWARD
678.7411,-23.8282,-14.0188,0.000,END_LANE,1,END_LANE,,,,,T2_REVERSE_TO_FORWARD
678.8410,-23.7327,-14.0483,0.000,END_LANE,1,END_LANE,,,,,T2_REVERSE_TO_FORWARD
678.9410,-23.6373,-14.0783,0.000,END_LANE,1,END_LANE,,,,,T2_REVERSE_TO_FORWARD
679.0410,-23.5421,-14.1089,0.000,END_LANE,1,END_LANE,,,,,T2_REVERSE_TO_FORWARD
679.1410,-23.4471,-14.1400,0.000,END_LANE,1,END_LANE,,,,,T2_REVERSE_TO_FORWARD
679.2409,-23.3523,-14.1717,0.000,END_LANE,1,END_LANE,,,,,T2_REVERSE_TO_FORWARD
679.3409,-23.2577,-14.2040,0.000,END_LANE,1,END_LANE,,,,,T2_REVERSE_TO_FORWARD
679.4409,-23.1632,-14.2368,0.000,END_LANE,1,END_LANE,,,,,T2_REVERSE_TO_FORWARD
679.5409,-23.0690,-14.2702,0.000,END_LANE,1,END_LANE,,,,,T2_REVERSE_TO_FORWARD
679.6409,-22.9749,-14.3041,0.000,END_LANE,1,END_LANE,,,,,T2_REVERSE_TO_FORWARD
679.7409,-22.8810,-14.3385,0.000,END_LANE,1,END_LANE,,,,,T2_REVERSE_TO_FORWARD
679.8409,-22.7873,-14.3733,0.000,END_LANE,1,END_LANE,,,,,T2_REVERSE_TO_FORWARD
679.9408,-22.6937,-14.4084,0.000,END_LANE,1,END_LANE,,,,,T2_REVERSE_TO_FORWARD
680.0408,-22.6002,-14.4439,0.000,END_LANE,1,END_LANE,,,,,T2_REVERSE_TO_FORWARD
680.1408,-22.5068,-14.4795,0.000,END_LANE,1,END_LANE,,,,,T2_REVERSE_TO_FORWARD
680.2408,-22.4135,-14.5154,0.000,END_LANE,1,END_LANE,,,,,T2_REVERSE_TO_FORWARD
680.3407,-22.3202,-14.5513,0.000,END_LANE,1,END_LANE,,,,,T2_REVERSE_TO_FORWARD
680.4407,-22.2269,-14.5873,0.000,END_LANE,1,END_LANE,,,,,T2_REVERSE_TO_FORWARD
680.5408,-22.1335,-14.6231,0.000,END_LANE,1,END_LANE,,,,,T2_REVERSE_TO_FORWARD
680.6407,-22.0401,-14.6588,0.000,END_LANE,1,END_LANE,,,,,T2_REVERSE_TO_FORWARD
680.7407,-21.9466,-14.6942,0.000,END_LANE,1,END_LANE,,,,,T2_REVERSE_TO_FORWARD
680.8407,-21.8530,-14.7292,0.000,END_LANE,1,END_LANE,,,,,T2_REVERSE_TO_FORWARD
680.9406,-21.7592,-14.7638,0.000,END_LANE,1,END_LANE,,,,,T2_REVERSE_TO_FORWARD
681.0406,-21.6652,-14.7979,0.000,END_LANE,1,END_LANE,,,,,T2_REVERSE_TO_FORWARD
681.1406,-21.5710,-14.8314,0.000,END_LANE,1,END_LANE,,,,,T2_REVERSE_TO_FORWARD
681.2406,-21.4765,-14.8642,0.000,END_LANE,1,END_LANE,,,,,T2_REVERSE_TO_FORWARD
681.3406,-21.3818,-14.8963,0.000,END_LANE,1,END_LANE,,,,,T2_REVERSE_TO_FORWARD
681.4406,-21.2869,-14.9276,0.000,END_LANE,1,END_LANE,,,,,T2_REVERSE_TO_FORWARD
681.5406,-21.1916,-14.9580,0.000,END_LANE,1,END_LANE,,,,,T2_REVERSE_TO_FORWARD
681.6406,-21.0961,-14.9876,0.000,END_LANE,1,END_LANE,,,,,T2_REVERSE_TO_FORWARD
681.7405,-21.0004,-15.0163,0.000,END_LANE,1,END_LANE,,,,,T2_REVERSE_TO_FORWARD
681.8405,-20.9043,-15.0441,0.000,END_LANE,1,END_LANE,,,,,T2_REVERSE_TO_FORWARD
681.9405,-20.8081,-15.0712,0.000,END_LANE,1,END_LANE,,,,,T2_REVERSE_TO_FORWARD
682.0405,-20.7116,-15.0974,0.000,END_LANE,1,END_LANE,,,,,T2_REVERSE_TO_FORWARD
682.1405,-20.6149,-15.1229,0.000,END_LANE,1,END_LANE,,,,,T2_REVERSE_TO_FORWARD
682.2404,-20.5181,-15.1479,0.000,END_LANE,1,END_LANE,,,,,T2_REVERSE_TO_FORWARD
682.3405,-20.4211,-15.1723,0.000,END_LANE,1,END_LANE,,,,,T2_REVERSE_TO_FORWARD
682.4404,-20.3241,-15.1963,0.000,END_LANE,1,END_LANE,,,,,T2_REVERSE_TO_FORWARD
682.5403,-20.2270,-15.2200,0.000,END_LANE,1,END_LANE,,,,,T2_REVERSE_TO_FORWARD
682.6404,-20.1298,-15.2437,0.000,END_LANE,1,END_LANE,,,,,T2_REVERSE_TO_FORWARD
682.7404,-20.0326,-15.2672,0.000,END_LANE,1,END_LANE,,,,,T2_REVERSE_TO_FORWARD
682.8403,-19.9355,-15.2909,0.000,END_LANE,1,END_LANE,,,,,T2_REVERSE_TO_FORWARD
682.9403,-19.8384,-15.3148,0.000,END_LANE,1,END_LANE,,,,,T2_REVERSE_TO_FORWARD
683.0403,-19.7414,-15.3390,0.000,END_LANE,1,END_LANE,,,,,T2_REVERSE_TO_FORWARD
683.1403,-19.6445,-15.3635,0.000,END_LANE,1,END_LANE,,,,,T2_REVERSE_TO_FORWARD
683.2402,-19.5477,-15.3885,0.000,END_LANE,1,END_LANE,,,,,T2_REVERSE_TO_FORWARD
683.3402,-19.4510,-15.4140,0.000,END_LANE,1,END_LANE,,,,,T2_REVERSE_TO_FORWARD
683.4403,-19.3544,-15.4400,0.000,END_LANE,1,END_LANE,,,,,T2_REVERSE_TO_FORWARD
683.5402,-19.2581,-15.4666,0.000,END_LANE,1,END_LANE,,,,,T2_REVERSE_TO_FORWARD
683.6402,-19.1618,-15.4937,0.000,END_LANE,1,END_LANE,,,,,T2_REVERSE_TO_FORWARD
683.7402,-19.0657,-15.5213,0.000,END_LANE,1,END_LANE,,,,,T2_REVERSE_TO_FORWARD
683.8402,-18.9698,-15.5495,0.000,END_LANE,1,END_LANE,,,,,T2_REVERSE_TO_FORWARD
683.9402,-18.8740,-15.5782,0.000,END_LANE,1,END_LANE,,,,,T2_REVERSE_TO_FORWARD
684.0401,-18.7784,-15.6074,0.000,END_LANE,1,END_LANE,,,,,T2_REVERSE_TO_FORWARD
684.1401,-18.6829,-15.6371,0.000,END_LANE,1,END_LANE,,,,,T2_REVERSE_TO_FORWARD
684.2401,-18.5876,-15.6672,0.000,END_LANE,1,END_LANE,,,,,T2_REVERSE_TO_FORWARD
684.3401,-18.4924,-15.6977,0.000,END_LANE,1,END_LANE,,,,,T2_REVERSE_TO_FORWARD
684.4401,-18.3973,-15.7287,0.000,END_LANE,1,END_LANE,,,,,T2_REVERSE_TO_FORWARD
684.5401,-18.3023,-15.7600,0.000,END_LANE,1,END_LANE,,,,,T2_REVERSE_TO_FORWARD
684.6400,-18.2075,-15.7916,0.000,END_LANE,1,END_LANE,,,,,T2_REVERSE_TO_FORWARD
684.7400,-18.1128,-15.8236,0.000,END_LANE,1,END_LANE,,,,,T2_REVERSE_TO_FORWARD
684.8400,-18.0181,-15.8558,0.000,END_LANE,1,END_LANE,,,,,T2_REVERSE_TO_FORWARD
684.9399,-17.9236,-15.8883,0.000,END_LANE,1,END_LANE,,,,,T2_REVERSE_TO_FORWARD
685.0399,-17.8291,-15.9210,0.000,END_LANE,1,END_LANE,,,,,T2_REVERSE_TO_FORWARD
685.1399,-17.7347,-15.9539,0.000,END_LANE,1,END_LANE,,,,,T2_REVERSE_TO_FORWARD
685.2400,-17.6403,-15.9870,0.000,END_LANE,1,END_LANE,,,,,T2_REVERSE_TO_FORWARD
685.3399,-17.5460,-16.0202,0.000,END_LANE,1,END_LANE,,,,,T2_REVERSE_TO_FORWARD
685.4399,-17.4517,-16.0535,0.000,END_LANE,1,END_LANE,,,,,T2_REVERSE_TO_FORWARD
685.5399,-17.3575,-16.0870,0.000,END_LANE,1,END_LANE,,,,,T2_REVERSE_TO_FORWARD
685.6399,-17.2633,-16.1205,0.000,END_LANE,1,END_LANE,,,,,T2_REVERSE_TO_FORWARD
685.7398,-17.1692,-16.1541,0.000,END_LANE,1,END_LANE,,,,,T2_REVERSE_TO_FORWARD
685.8399,-17.0750,-16.1878,0.000,END_LANE,1,END_LANE,,,,,T2_REVERSE_TO_FORWARD
685.9398,-16.9809,-16.2214,0.000,END_LANE,1,END_LANE,,,,,T2_REVERSE_TO_FORWARD
686.0398,-16.8867,-16.2550,0.000,END_LANE,1,END_LANE,,,,,T2_REVERSE_TO_FORWARD
686.1398,-16.7925,-16.2886,0.000,END_LANE,1,END_LANE,,,,,T2_REVERSE_TO_FORWARD
686.2398,-16.6983,-16.3222,0.000,END_LANE,1,END_LANE,,,,,T2_REVERSE_TO_FORWARD
686.3398,-16.6041,-16.3556,0.000,END_LANE,1,END_LANE,,,,,T2_REVERSE_TO_FORWARD
686.4397,-16.5099,-16.3890,0.000,END_LANE,1,END_LANE,,,,,T2_REVERSE_TO_FORWARD
686.5397,-16.4156,-16.4222,0.000,END_LANE,1,END_LANE,,,,,T2_REVERSE_TO_FORWARD
686.6397,-16.3212,-16.4553,0.000,END_LANE,1,END_LANE,,,,,T2_REVERSE_TO_FORWARD
686.7397,-16.2268,-16.4883,0.000,END_LANE,1,END_LANE,,,,,T2_REVERSE_TO_FORWARD
686.8397,-16.1324,-16.5211,0.000,END_LANE,1,END_LANE,,,,,T2_REVERSE_TO_FORWARD
686.9396,-16.0379,-16.5537,0.000,END_LANE,1,END_LANE,,,,,T2_REVERSE_TO_FORWARD
687.0396,-15.9433,-16.5861,0.000,END_LANE,1,END_LANE,,,,,T2_REVERSE_TO_FORWARD
687.1396,-15.8487,-16.6184,0.000,END_LANE,1,END_LANE,,,,,T2_REVERSE_TO_FORWARD
687.2396,-15.7540,-16.6505,0.000,END_LANE,1,END_LANE,,,,,T2_REVERSE_TO_FORWARD
687.3396,-15.6592,-16.6824,0.000,END_LANE,1,END_LANE,,,,,T2_REVERSE_TO_FORWARD
687.4396,-15.5644,-16.7142,0.000,END_LANE,1,END_LANE,,,,,T2_REVERSE_TO_FORWARD
687.5395,-15.4696,-16.7459,0.000,END_LANE,1,END_LANE,,,,,T2_REVERSE_TO_FORWARD
687.6395,-15.3747,-16.7774,0.000,END_LANE,1,END_LANE,,,,,T2_REVERSE_TO_FORWARD
687.7395,-15.2798,-16.8088,0.000,END_LANE,1,END_LANE,,,,,T2_REVERSE_TO_FORWARD
687.8395,-15.1849,-16.8402,0.000,END_LANE,1,END_LANE,,,,,T2_REVERSE_TO_FORWARD
687.9395,-15.0899,-16.8716,0.000,END_LANE,1,END_LANE,,,,,T2_REVERSE_TO_FORWARD
688.0394,-14.9950,-16.9029,0.000,END_LANE,1,END_LANE,,,,,T2_REVERSE_TO_FORWARD
688.1395,-14.9000,-16.9342,0.000,END_LANE,1,END_LANE,,,,,T2_REVERSE_TO_FORWARD
688.2394,-14.8051,-16.9655,0.000,END_LANE,1,END_LANE,,,,,T2_REVERSE_TO_FORWARD
688.3394,-14.7101,-16.9969,0.000,END_LANE,1,END_LANE,,,,,T2_REVERSE_TO_FORWARD
688.4394,-14.6152,-17.0283,0.000,END_LANE,1,END_LANE,,,,,T2_REVERSE_TO_FORWARD
688.5394,-14.5203,-17.0598,0.000,END_LANE,1,END_LANE,,,,,T2_REVERSE_TO_FORWARD
688.6394,-14.4254,-17.0913,0.000,END_LANE,1,END_LANE,,,,,T2_REVERSE_TO_FORWARD
688.7393,-14.3306,-17.1229,0.000,END_LANE,1,END_LANE,,,,,T2_REVERSE_TO_FORWARD
688.8393,-14.2357,-17.1544,0.000,END_LANE,1,END_LANE,,,,,T2_REVERSE_TO_FORWARD
688.9393,-14.1408,-17.1859,0.000,END_LANE,1,END_LANE,,,,,T2_REVERSE_TO_FORWARD
689.0393,-14.0458,-17.2172,0.000,END_LANE,1,END_LANE,,,,,T2_REVERSE_TO_FORWARD
689.1393,-13.9508,-17.2483,0.000,END_LANE,1,END_LANE,,,,,T2_REVERSE_TO_FORWARD
689.2393,-13.8557,-17.2792,0.000,END_LANE,1,END_LANE,,,,,T2_REVERSE_TO_FORWARD
689.3392,-13.7605,-17.3096,0.000,END_LANE,1,END_LANE,,,,,T2_REVERSE_TO_FORWARD
689.4392,-13.6650,-17.3394,0.000,END_LANE,1,END_LANE,,,,,T2_REVERSE_TO_FORWARD
689.5392,-13.5694,-17.3685,0.000,END_LANE,1,END_LANE,,,,,T2_REVERSE_TO_FORWARD
689.5706,-13.5393,-17.3775,0.000,END_LANE,1,END_LANE,END_LANE_CHANGE_DEADLINE,COMPLETE_LANE_CHANGE,ALLOWED_LANE_LATCHED,,T2_REVERSE_TO_FORWARD
689.6392,-13.4735,-17.3968,0.000,END_LANE,1,END_LANE,,,ALLOWED_LANE_LATCHED,,T2_REVERSE_TO_FORWARD
689.7392,-13.3773,-17.4241,0.000,END_LANE,1,END_LANE,,,,,T2_REVERSE_TO_FORWARD
689.8391,-13.2809,-17.4505,0.000,END_LANE,1,END_LANE,,,,,T2_REVERSE_TO_FORWARD
689.9391,-13.1842,-17.4759,0.000,END_LANE,1,END_LANE,,,,,T2_REVERSE_TO_FORWARD
690.0391,-13.0872,-17.5004,0.000,END_LANE,1,END_LANE,,,,,T2_REVERSE_TO_FORWARD
690.1391,-12.9900,-17.5239,0.000,END_LANE,1,END_LANE,,,,,T2_REVERSE_TO_FORWARD
690.2390,-12.8927,-17.5465,0.000,END_LANE,1,END_LANE,,,,,T2_REVERSE_TO_FORWARD
690.3390,-12.7951,-17.5683,0.000,END_LANE,1,END_LANE,,,,,T2_REVERSE_TO_FORWARD
690.4391,-12.6973,-17.5894,0.000,END_LANE,1,END_LANE,,,,,T2_REVERSE_TO_FORWARD
690.5390,-12.5995,-17.6098,0.000,END_LANE,1,END_LANE,,,,,T2_REVERSE_TO_FORWARD
690.6390,-12.5015,-17.6298,0.000,END_LANE,1,END_LANE,,,,,T2_REVERSE_TO_FORWARD
690.7390,-12.4035,-17.6495,0.000,END_LANE,1,END_LANE,,,,,T2_REVERSE_TO_FORWARD
690.8390,-12.3054,-17.6690,0.000,END_LANE,1,END_LANE,,,,,T2_REVERSE_TO_FORWARD
690.9389,-12.2074,-17.6886,0.000,END_LANE,1,END_LANE,,,,,T2_REVERSE_TO_FORWARD
691.0389,-12.1094,-17.7085,0.000,END_LANE,1,END_LANE,,,,,T2_REVERSE_TO_FORWARD
691.1389,-12.0115,-17.7287,0.000,END_LANE,1,END_LANE,,,,,T2_REVERSE_TO_FORWARD
691.2389,-11.9137,-17.7495,0.000,END_LANE,1,END_LANE,,,,,T2_REVERSE_TO_FORWARD
691.3389,-11.8160,-17.7709,0.000,END_LANE,1,END_LANE,,,,,T2_REVERSE_TO_FORWARD
691.4389,-11.7185,-17.7931,0.000,END_LANE,1,END_LANE,,,,,T2_REVERSE_TO_FORWARD
691.5389,-11.6212,-17.8162,0.000,END_LANE,1,END_LANE,,,,,T2_REVERSE_TO_FORWARD
691.6388,-11.5242,-17.8401,0.000,END_LANE,1,END_LANE,,,,,T2_REVERSE_TO_FORWARD
691.7389,-11.4273,-17.8651,0.000,END_LANE,1,END_LANE,,,,,T2_REVERSE_TO_FORWARD
691.8389,-11.3307,-17.8909,0.000,END_LANE,1,END_LANE,,,,,T2_REVERSE_TO_FORWARD
691.9388,-11.2344,-17.9176,0.000,END_LANE,1,END_LANE,,,,,T2_REVERSE_TO_FORWARD
692.0388,-11.1383,-17.9451,0.000,END_LANE,1,END_LANE,,,,,T2_REVERSE_TO_FORWARD
692.1387,-11.0424,-17.9734,0.000,END_LANE,1,END_LANE,,,,,T2_REVERSE_TO_FORWARD
692.2387,-10.9467,-18.0024,0.000,END_LANE,1,END_LANE,,,,,T2_REVERSE_TO_FORWARD
692.3387,-10.8512,-18.0319,0.000,END_LANE,1,END_LANE,,,,,T2_REVERSE_TO_FORWARD
692.4387,-10.7558,-18.0618,0.000,END_LANE,1,END_LANE,,,,,T2_REVERSE_TO_FORWARD
692.5387,-10.6604,-18.0920,0.000,END_LANE,1,END_LANE,,,,,T2_REVERSE_TO_FORWARD
692.6386,-10.5652,-18.1223,0.000,END_LANE,1,END_LANE,,,,,T2_REVERSE_TO_FORWARD
692.7386,-10.4699,-18.1526,0.000,END_LANE,1,END_LANE,,,,,T2_REVERSE_TO_FORWARD
692.8386,-10.3746,-18.1829,0.000,END_LANE,1,END_LANE,,,,,T2_REVERSE_TO_FORWARD
692.9387,-10.2792,-18.2130,0.000,END_LANE,1,END_LANE,,,,,T2_REVERSE_TO_FORWARD
693.0386,-10.1838,-18.2427,0.000,END_LANE,1,END_LANE,,,,,T2_REVERSE_TO_FORWARD
693.1386,-10.0882,-18.2721,0.000,END_LANE,1,END_LANE,,,,,T2_REVERSE_TO_FORWARD
693.2385,-9.9926,-18.3012,0.000,END_LANE,1,END_LANE,,,,,T2_REVERSE_TO_FORWARD
693.3386,-9.8967,-18.3297,0.000,END_LANE,1,END_LANE,,,,,T2_REVERSE_TO_FORWARD
693.4385,-9.8008,-18.3579,0.000,END_LANE,1,END_LANE,,,,,T2_REVERSE_TO_FORWARD
693.5386,-9.7047,-18.3856,0.000,END_LANE,1,END_LANE,,,,,T2_REVERSE_TO_FORWARD
693.6385,-9.6086,-18.4129,0.000,END_LANE,1,END_LANE,,,,,T2_REVERSE_TO_FORWARD
693.7384,-9.5123,-18.4398,0.000,END_LANE,1,END_LANE,,,,,T2_REVERSE_TO_FORWARD
693.8385,-9.4159,-18.4664,0.000,END_LANE,1,END_LANE,,,,,T2_REVERSE_TO_FORWARD
693.9384,-9.3194,-18.4926,0.000,END_LANE,1,END_LANE,,,,,T2_REVERSE_TO_FORWARD
694.0384,-9.2229,-18.5187,0.000,END_LANE,1,END_LANE,,,,,T2_REVERSE_TO_FORWARD
694.1384,-9.1263,-18.5447,0.000,END_LANE,1,END_LANE,,,,,T2_REVERSE_TO_FORWARD
694.2385,-9.0297,-18.5706,0.000,END_LANE,1,END_LANE,,,,,T2_REVERSE_TO_FORWARD
694.3384,-8.9332,-18.5965,0.000,END_LANE,1,END_LANE,,,,,T2_REVERSE_TO_FORWARD
694.4383,-8.8367,-18.6225,0.000,END_LANE,1,END_LANE,,,,,T2_REVERSE_TO_FORWARD
694.5383,-8.7402,-18.6488,0.000,END_LANE,1,END_LANE,,,,,T2_REVERSE_TO_FORWARD
694.6383,-8.6438,-18.6753,0.000,END_LANE,1,END_LANE,,,,,T2_REVERSE_TO_FORWARD
694.7383,-8.5475,-18.7022,0.000,END_LANE,1,END_LANE,,,,,T2_REVERSE_TO_FORWARD
694.8383,-8.4513,-18.7295,0.000,END_LANE,1,END_LANE,,,,,T2_REVERSE_TO_FORWARD
694.9382,-8.3553,-18.7573,0.000,END_LANE,1,END_LANE,,,,,T2_REVERSE_TO_FORWARD
695.0382,-8.2594,-18.7856,0.000,END_LANE,1,END_LANE,,,,,T2_REVERSE_TO_FORWARD
695.1383,-8.1636,-18.8144,0.000,END_LANE,1,END_LANE,,,,,T2_REVERSE_TO_FORWARD
695.2382,-8.0680,-18.8436,0.000,END_LANE,1,END_LANE,,,,,T2_REVERSE_TO_FORWARD
695.3382,-7.9725,-18.8733,0.000,END_LANE,1,END_LANE,,,,,T2_REVERSE_TO_FORWARD
695.4382,-7.8772,-18.9034,0.000,END_LANE,1,END_LANE,,,,,T2_REVERSE_TO_FORWARD
695.5382,-7.7819,-18.9338,0.000,END_LANE,1,END_LANE,,,,,T2_REVERSE_TO_FORWARD
695.6381,-7.6868,-18.9645,0.000,END_LANE,1,END_LANE,,,,,T2_REVERSE_TO_FORWARD
695.7382,-7.5916,-18.9952,0.000,END_LANE,1,END_LANE,,,,,T2_REVERSE_TO_FORWARD
695.8381,-7.4965,-19.0259,0.000,END_LANE,1,END_LANE,,,,,T2_REVERSE_TO_FORWARD
695.9381,-7.4013,-19.0564,0.000,END_LANE,1,END_LANE,,,,,T2_REVERSE_TO_FORWARD
696.0381,-7.3060,-19.0867,0.000,END_LANE,1,END_LANE,,,,,T2_REVERSE_TO_FORWARD
696.1381,-7.2106,-19.1167,0.000,END_LANE,1,END_LANE,,,,,T2_REVERSE_TO_FORWARD
696.2381,-7.1150,-19.1461,0.000,END_LANE,1,END_LANE,,,,,T2_REVERSE_TO_FORWARD
696.3380,-7.0193,-19.1749,0.000,END_LANE,1,END_LANE,,,,,T2_REVERSE_TO_FORWARD
696.4380,-6.9233,-19.2029,0.000,END_LANE,1,END_LANE,,,,,T2_REVERSE_TO_FORWARD
696.4435,-6.9180,-19.2044,0.000,END_LANE,1,END_LANE,FINISH_LINE,CROSS_FINISH_LINE,,,T2_REVERSE_TO_FORWARD
696.5380,-6.8271,-19.2300,0.000,END_LANE,1,END_LANE,,,,,T2_REVERSE_TO_FORWARD
696.5929,-6.7742,-19.2449,0.000,NORMAL,1,ROUTE,,,,,T2_REVERSE_TO_FORWARD
696.6380,-6.7308,-19.2572,0.000,NORMAL,1,ROUTE,,,,,T2_REVERSE_TO_FORWARD
696.7380,-6.6347,-19.2846,0.000,NORMAL,1,ROUTE,,,,,T2_REVERSE_TO_FORWARD
696.8379,-6.5387,-19.3125,0.000,NORMAL,1,ROUTE,,,,,T2_REVERSE_TO_FORWARD
696.9379,-6.4428,-19.3407,0.000,NORMAL,1,ROUTE,,,,,T2_REVERSE_TO_FORWARD
697.0379,-6.3470,-19.3695,0.000,NORMAL,1,ROUTE,,,,,T2_REVERSE_TO_FORWARD
697.1379,-6.2514,-19.3988,0.000,NORMAL,1,ROUTE,,,,,T2_REVERSE_TO_FORWARD
697.2379,-6.1560,-19.4286,0.000,NORMAL,1,ROUTE,,,,,T2_REVERSE_TO_FORWARD
697.3379,-6.0607,-19.4589,0.000,NORMAL,1,ROUTE,,,,,T2_REVERSE_TO_FORWARD
697.4379,-5.9656,-19.4898,0.000,NORMAL,1,ROUTE,,,,,T2_REVERSE_TO_FORWARD
697.5379,-5.8706,-19.5211,0.000,NORMAL,1,ROUTE,,,,,T2_REVERSE_TO_FORWARD
697.6379,-5.7758,-19.5528,0.000,NORMAL,1,ROUTE,,,,,T2_REVERSE_TO_FORWARD
697.7378,-5.6811,-19.5848,0.000,NORMAL,1,ROUTE,,,,,T2_REVERSE_TO_FORWARD
697.8378,-5.5865,-19.6171,0.000,NORMAL,1,ROUTE,,,,,T2_REVERSE_TO_FORWARD
697.9378,-5.4919,-19.6495,0.000,FINISH,1,FINISH,ROUTE_COMPLETE,FULL_STOP,,,T2_REVERSE_TO_FORWARD
