s_m,x_m,y_m,target_speed_mps,mission,direction,fsm_zone,fsm_event_ids,fsm_actions,fsm_conditions,fsm_hold_sec,direction_source
0.0000,0.0000,0.0000,0.000,NORMAL,1,ROUTE,ROUTE_START,START,,,PREVIEW_DEFAULT
0.1000,-0.0943,0.0332,0.000,NORMAL,1,ROUTE,,,,,PREVIEW_DEFAULT
0.1999,-0.1886,0.0664,0.000,NORMAL,1,ROUTE,,,,,PREVIEW_DEFAULT
0.2999,-0.2829,0.0996,0.000,NORMAL,1,ROUTE,,,,,PREVIEW_DEFAULT
0.3999,-0.3772,0.1328,0.000,NORMAL,1,ROUTE,,,,,PREVIEW_DEFAULT
0.4999,-0.4715,0.1660,0.000,NORMAL,1,ROUTE,,,,,PREVIEW_DEFAULT
0.5999,-0.5658,0.1993,0.000,NORMAL,1,ROUTE,,,,,PREVIEW_DEFAULT
0.6998,-0.6601,0.2325,0.000,NORMAL,1,ROUTE,,,,,PREVIEW_DEFAULT
0.7999,-0.7544,0.2658,0.000,NORMAL,1,ROUTE,,,,,PREVIEW_DEFAULT
0.8999,-0.8487,0.2992,0.000,NORMAL,1,ROUTE,,,,,PREVIEW_DEFAULT
0.9998,-0.9429,0.3325,0.000,NORMAL,1,ROUTE,,,,,PREVIEW_DEFAULT
1.0998,-1.0371,0.3660,0.000,NORMAL,1,ROUTE,,,,,PREVIEW_DEFAULT
1.1998,-1.1313,0.3995,0.000,NORMAL,1,ROUTE,,,,,PREVIEW_DEFAULT
1.2997,-1.2255,0.4330,0.000,NORMAL,1,ROUTE,,,,,PREVIEW_DEFAULT
1.3998,-1.3197,0.4667,0.000,NORMAL,1,ROUTE,,,,,PREVIEW_DEFAULT
1.4997,-1.4138,0.5004,0.000,NORMAL,1,ROUTE,,,,,PREVIEW_DEFAULT
1.5998,-1.5079,0.5343,0.000,NORMAL,1,ROUTE,,,,,PREVIEW_DEFAULT
1.6997,-1.6019,0.5683,0.000,NORMAL,1,ROUTE,,,,,PREVIEW_DEFAULT
1.7997,-1.6959,0.6024,0.000,NORMAL,1,ROUTE,,,,,PREVIEW_DEFAULT
1.8997,-1.7898,0.6367,0.000,NORMAL,1,ROUTE,,,,,PREVIEW_DEFAULT
1.9997,-1.8837,0.6711,0.000,NORMAL,1,ROUTE,,,,,PREVIEW_DEFAULT
2.0997,-1.9775,0.7058,0.000,NORMAL,1,ROUTE,,,,,PREVIEW_DEFAULT
2.1997,-2.0712,0.7406,0.000,NORMAL,1,ROUTE,,,,,PREVIEW_DEFAULT
2.2996,-2.1648,0.7756,0.000,NORMAL,1,ROUTE,,,,,PREVIEW_DEFAULT
2.3996,-2.2584,0.8109,0.000,NORMAL,1,ROUTE,,,,,PREVIEW_DEFAULT
2.4995,-2.3518,0.8464,0.000,NORMAL,1,ROUTE,,,,,PREVIEW_DEFAULT
2.5996,-2.4452,0.8822,0.000,NORMAL,1,ROUTE,,,,,PREVIEW_DEFAULT
2.6995,-2.5385,0.9181,0.000,NORMAL,1,ROUTE,,,,,PREVIEW_DEFAULT
2.7995,-2.6317,0.9543,0.000,NORMAL,1,ROUTE,,,,,PREVIEW_DEFAULT
2.8995,-2.7248,0.9907,0.000,NORMAL,1,ROUTE,,,,,PREVIEW_DEFAULT
2.9995,-2.8179,1.0273,0.000,NORMAL,1,ROUTE,,,,,PREVIEW_DEFAULT
3.0995,-2.9109,1.0640,0.000,NORMAL,1,ROUTE,,,,,PREVIEW_DEFAULT
3.1994,-3.0038,1.1008,0.000,NORMAL,1,ROUTE,,,,,PREVIEW_DEFAULT
3.2994,-3.0968,1.1376,0.000,NORMAL,1,ROUTE,,,,,PREVIEW_DEFAULT
3.3994,-3.1897,1.1745,0.000,NORMAL,1,ROUTE,,,,,PREVIEW_DEFAULT
3.4994,-3.2827,1.2112,0.000,NORMAL,1,ROUTE,,,,,PREVIEW_DEFAULT
3.5994,-3.3758,1.2477,0.000,NORMAL,1,ROUTE,,,,,PREVIEW_DEFAULT
3.6993,-3.4689,1.2841,0.000,NORMAL,1,ROUTE,,,,,PREVIEW_DEFAULT
3.7993,-3.5622,1.3201,0.000,NORMAL,1,ROUTE,,,,,PREVIEW_DEFAULT
3.8993,-3.6556,1.3558,0.000,NORMAL,1,ROUTE,,,,,PREVIEW_DEFAULT
3.9993,-3.7491,1.3912,0.000,NORMAL,1,ROUTE,,,,,PREVIEW_DEFAULT
4.0993,-3.8428,1.4261,0.000,NORMAL,1,ROUTE,,,,,PREVIEW_DEFAULT
4.1992,-3.9366,1.4606,0.000,NORMAL,1,ROUTE,,,,,PREVIEW_DEFAULT
4.2992,-4.0306,1.4947,0.000,NORMAL,1,ROUTE,,,,,PREVIEW_DEFAULT
4.3992,-4.1248,1.5283,0.000,NORMAL,1,ROUTE,,,,,PREVIEW_DEFAULT
4.4992,-4.2191,1.5615,0.000,NORMAL,1,ROUTE,,,,,PREVIEW_DEFAULT
4.5992,-4.3136,1.5942,0.000,NORMAL,1,ROUTE,,,,,PREVIEW_DEFAULT
4.6992,-4.4083,1.6264,0.000,NORMAL,1,ROUTE,,,,,PREVIEW_DEFAULT
4.7992,-4.5031,1.6581,0.000,NORMAL,1,ROUTE,,,,,PREVIEW_DEFAULT
4.8992,-4.5980,1.6895,0.000,NORMAL,1,ROUTE,,,,,PREVIEW_DEFAULT
4.9992,-4.6931,1.7204,0.000,NORMAL,1,ROUTE,,,,,PREVIEW_DEFAULT
5.0991,-4.7883,1.7508,0.000,NORMAL,1,ROUTE,,,,,PREVIEW_DEFAULT
5.1992,-4.8837,1.7810,0.000,NORMAL,1,ROUTE,,,,,PREVIEW_DEFAULT
5.2991,-4.9791,1.8108,0.000,NORMAL,1,ROUTE,,,,,PREVIEW_DEFAULT
5.3991,-5.0746,1.8404,0.000,NORMAL,1,ROUTE,,,,,PREVIEW_DEFAULT
5.4990,-5.1701,1.8698,0.000,NORMAL,1,ROUTE,,,,,PREVIEW_DEFAULT
5.5990,-5.2657,1.8991,0.000,NORMAL,1,ROUTE,,,,,PREVIEW_DEFAULT
5.6991,-5.3614,1.9283,0.000,NORMAL,1,ROUTE,,,,,PREVIEW_DEFAULT
5.7990,-5.4570,1.9575,0.000,NORMAL,1,ROUTE,,,,,PREVIEW_DEFAULT
5.8990,-5.5526,1.9867,0.000,NORMAL,1,ROUTE,,,,,PREVIEW_DEFAULT
5.9989,-5.6482,2.0159,0.000,NORMAL,1,ROUTE,,,,,PREVIEW_DEFAULT
6.0989,-5.7438,2.0452,0.000,NORMAL,1,ROUTE,,,,,PREVIEW_DEFAULT
6.1989,-5.8394,2.0746,0.000,NORMAL,1,ROUTE,,,,,PREVIEW_DEFAULT
6.2989,-5.9349,2.1041,0.000,NORMAL,1,ROUTE,,,,,PREVIEW_DEFAULT
6.3988,-6.0304,2.1336,0.000,NORMAL,1,ROUTE,,,,,PREVIEW_DEFAULT
6.4989,-6.1259,2.1633,0.000,NORMAL,1,ROUTE,,,,,PREVIEW_DEFAULT
6.5989,-6.2214,2.1931,0.000,NORMAL,1,ROUTE,,,,,PREVIEW_DEFAULT
6.6989,-6.3168,2.2230,0.000,NORMAL,1,ROUTE,,,,,PREVIEW_DEFAULT
6.7988,-6.4121,2.2531,0.000,NORMAL,1,ROUTE,,,,,PREVIEW_DEFAULT
6.8988,-6.5074,2.2834,0.000,NORMAL,1,ROUTE,,,,,PREVIEW_DEFAULT
6.9988,-6.6026,2.3138,0.000,NORMAL,1,ROUTE,,,,,PREVIEW_DEFAULT
7.0988,-6.6978,2.3445,0.000,NORMAL,1,ROUTE,,,,,PREVIEW_DEFAULT
7.1988,-6.7929,2.3754,0.000,NORMAL,1,ROUTE,,,,,PREVIEW_DEFAULT
7.2988,-6.8879,2.4066,0.000,NORMAL,1,ROUTE,,,,,PREVIEW_DEFAULT
7.3987,-6.9828,2.4379,0.000,NORMAL,1,ROUTE,,,,,PREVIEW_DEFAULT
7.4988,-7.0777,2.4696,0.000,NORMAL,1,ROUTE,,,,,PREVIEW_DEFAULT
7.5987,-7.1724,2.5015,0.000,NORMAL,1,ROUTE,,,,,PREVIEW_DEFAULT
7.6987,-7.2671,2.5338,0.000,NORMAL,1,ROUTE,,,,,PREVIEW_DEFAULT
7.7987,-7.3616,2.5663,0.000,NORMAL,1,ROUTE,,,,,PREVIEW_DEFAULT
7.8987,-7.4561,2.5990,0.000,NORMAL,1,ROUTE,,,,,PREVIEW_DEFAULT
7.9986,-7.5504,2.6321,0.000,NORMAL,1,ROUTE,,,,,PREVIEW_DEFAULT
8.0986,-7.6447,2.6654,0.000,NORMAL,1,ROUTE,,,,,PREVIEW_DEFAULT
8.1986,-7.7389,2.6989,0.000,NORMAL,1,ROUTE,,,,,PREVIEW_DEFAULT
8.2986,-7.8330,2.7327,0.000,NORMAL,1,ROUTE,,,,,PREVIEW_DEFAULT
8.3986,-7.9271,2.7666,0.000,NORMAL,1,ROUTE,,,,,PREVIEW_DEFAULT
8.4986,-8.0211,2.8006,0.000,NORMAL,1,ROUTE,,,,,PREVIEW_DEFAULT
8.5985,-8.1151,2.8346,0.000,NORMAL,1,ROUTE,,,,,PREVIEW_DEFAULT
8.6985,-8.2091,2.8687,0.000,NORMAL,1,ROUTE,,,,,PREVIEW_DEFAULT
8.7985,-8.3031,2.9027,0.000,NORMAL,1,ROUTE,,,,,PREVIEW_DEFAULT
8.8985,-8.3972,2.9366,0.000,NORMAL,1,ROUTE,,,,,PREVIEW_DEFAULT
8.9985,-8.4913,2.9704,0.000,NORMAL,1,ROUTE,,,,,PREVIEW_DEFAULT
9.0985,-8.5855,3.0039,0.000,NORMAL,1,ROUTE,,,,,PREVIEW_DEFAULT
9.1984,-8.6797,3.0373,0.000,NORMAL,1,ROUTE,,,,,PREVIEW_DEFAULT
9.2984,-8.7740,3.0705,0.000,NORMAL,1,ROUTE,,,,,PREVIEW_DEFAULT
9.3984,-8.8684,3.1036,0.000,NORMAL,1,ROUTE,,,,,PREVIEW_DEFAULT
9.4984,-8.9628,3.1365,0.000,NORMAL,1,ROUTE,,,,,PREVIEW_DEFAULT
9.5984,-9.0572,3.1695,0.000,NORMAL,1,ROUTE,,,,,PREVIEW_DEFAULT
9.6983,-9.1516,3.2023,0.000,NORMAL,1,ROUTE,,,,,PREVIEW_DEFAULT
9.7983,-9.2460,3.2353,0.000,NORMAL,1,ROUTE,,,,,PREVIEW_DEFAULT
9.8983,-9.3404,3.2683,0.000,NORMAL,1,ROUTE,,,,,PREVIEW_DEFAULT
9.9983,-9.4347,3.3014,0.000,NORMAL,1,ROUTE,,,,,PREVIEW_DEFAULT
10.0982,-9.5290,3.3346,0.000,NORMAL,1,ROUTE,,,,,PREVIEW_DEFAULT
10.1982,-9.6232,3.3681,0.000,NORMAL,1,ROUTE,,,,,PREVIEW_DEFAULT
10.2983,-9.7174,3.4018,0.000,NORMAL,1,ROUTE,,,,,PREVIEW_DEFAULT
10.3982,-9.8114,3.4357,0.000,NORMAL,1,ROUTE,,,,,PREVIEW_DEFAULT
10.4982,-9.9054,3.4698,0.000,NORMAL,1,ROUTE,,,,,PREVIEW_DEFAULT
10.5982,-9.9993,3.5041,0.000,NORMAL,1,ROUTE,,,,,PREVIEW_DEFAULT
10.6982,-10.0932,3.5387,0.000,NORMAL,1,ROUTE,,,,,PREVIEW_DEFAULT
10.7981,-10.1869,3.5734,0.000,NORMAL,1,ROUTE,,,,,PREVIEW_DEFAULT
10.8981,-10.2806,3.6083,0.000,NORMAL,1,ROUTE,,,,,PREVIEW_DEFAULT
10.9981,-10.3742,3.6434,0.000,NORMAL,1,ROUTE,,,,,PREVIEW_DEFAULT
11.0981,-10.4678,3.6787,0.000,NORMAL,1,ROUTE,,,,,PREVIEW_DEFAULT
11.1981,-10.5613,3.7141,0.000,NORMAL,1,ROUTE,,,,,PREVIEW_DEFAULT
11.2980,-10.6547,3.7496,0.000,NORMAL,1,ROUTE,,,,,PREVIEW_DEFAULT
11.3981,-10.7482,3.7852,0.000,NORMAL,1,ROUTE,,,,,PREVIEW_DEFAULT
11.4981,-10.8416,3.8209,0.000,NORMAL,1,ROUTE,,,,,PREVIEW_DEFAULT
11.5981,-10.9350,3.8566,0.000,NORMAL,1,ROUTE,,,,,PREVIEW_DEFAULT
11.6980,-11.0283,3.8923,0.000,NORMAL,1,ROUTE,,,,,PREVIEW_DEFAULT
11.7979,-11.1217,3.9280,0.000,NORMAL,1,ROUTE,,,,,PREVIEW_DEFAULT
11.8979,-11.2151,3.9637,0.000,NORMAL,1,ROUTE,,,,,PREVIEW_DEFAULT
11.9980,-11.3086,3.9993,0.000,NORMAL,1,ROUTE,,,,,PREVIEW_DEFAULT
12.0979,-11.4020,4.0348,0.000,NORMAL,1,ROUTE,,,,,PREVIEW_DEFAULT
12.1980,-11.4956,4.0702,0.000,NORMAL,1,ROUTE,,,,,PREVIEW_DEFAULT
12.2979,-11.5891,4.1054,0.000,NORMAL,1,ROUTE,,,,,PREVIEW_DEFAULT
12.3979,-11.6827,4.1406,0.000,NORMAL,1,ROUTE,,,,,PREVIEW_DEFAULT
12.4979,-11.7763,4.1758,0.000,NORMAL,1,ROUTE,,,,,PREVIEW_DEFAULT
12.5978,-11.8699,4.2108,0.000,NORMAL,1,ROUTE,,,,,PREVIEW_DEFAULT
12.6978,-11.9636,4.2457,0.000,NORMAL,1,ROUTE,,,,,PREVIEW_DEFAULT
12.7978,-12.0573,4.2806,0.000,NORMAL,1,ROUTE,,,,,PREVIEW_DEFAULT
12.8978,-12.1511,4.3154,0.000,NORMAL,1,ROUTE,,,,,PREVIEW_DEFAULT
12.9978,-12.2449,4.3500,0.000,NORMAL,1,ROUTE,,,,,PREVIEW_DEFAULT
13.0978,-12.3388,4.3844,0.000,NORMAL,1,ROUTE,,,,,PREVIEW_DEFAULT
13.1977,-12.4327,4.4185,0.000,NORMAL,1,ROUTE,,,,,PREVIEW_DEFAULT
13.2977,-12.5268,4.4524,0.000,NORMAL,1,ROUTE,,,,,PREVIEW_DEFAULT
13.3977,-12.6210,4.4859,0.000,NORMAL,1,ROUTE,,,,,PREVIEW_DEFAULT
13.4977,-12.7154,4.5189,0.000,NORMAL,1,ROUTE,,,,,PREVIEW_DEFAULT
13.5977,-12.8099,4.5516,0.000,NORMAL,1,ROUTE,,,,,PREVIEW_DEFAULT
13.6976,-12.9045,4.5838,0.000,NORMAL,1,ROUTE,,,,,PREVIEW_DEFAULT
13.7977,-12.9994,4.6155,0.000,NORMAL,1,ROUTE,,,,,PREVIEW_DEFAULT
13.8976,-13.0943,4.6467,0.000,NORMAL,1,ROUTE,,,,,PREVIEW_DEFAULT
13.9976,-13.1894,4.6775,0.000,NORMAL,1,ROUTE,,,,,PREVIEW_DEFAULT
14.0976,-13.2846,4.7081,0.000,NORMAL,1,ROUTE,,,,,PREVIEW_DEFAULT
14.1976,-13.3799,4.7384,0.000,NORMAL,1,ROUTE,,,,,PREVIEW_DEFAULT
14.2975,-13.4752,4.7686,0.000,NORMAL,1,ROUTE,,,,,PREVIEW_DEFAULT
14.3976,-13.5706,4.7987,0.000,NORMAL,1,ROUTE,,,,,PREVIEW_DEFAULT
14.4975,-13.6659,4.8289,0.000,NORMAL,1,ROUTE,,,,,PREVIEW_DEFAULT
14.5975,-13.7612,4.8591,0.000,NORMAL,1,ROUTE,,,,,PREVIEW_DEFAULT
14.6975,-13.8564,4.8896,0.000,NORMAL,1,ROUTE,,,,,PREVIEW_DEFAULT
14.7975,-13.9516,4.9202,0.000,NORMAL,1,ROUTE,,,,,PREVIEW_DEFAULT
14.8975,-14.0467,4.9512,0.000,NORMAL,1,ROUTE,,,,,PREVIEW_DEFAULT
14.9974,-14.1416,4.9824,0.000,NORMAL,1,ROUTE,,,,,PREVIEW_DEFAULT
15.0974,-14.2365,5.0140,0.000,NORMAL,1,ROUTE,,,,,PREVIEW_DEFAULT
15.1974,-14.3313,5.0459,0.000,NORMAL,1,ROUTE,,,,,PREVIEW_DEFAULT
15.2974,-14.4259,5.0781,0.000,NORMAL,1,ROUTE,,,,,PREVIEW_DEFAULT
15.3974,-14.5205,5.1105,0.000,NORMAL,1,ROUTE,,,,,PREVIEW_DEFAULT
15.4973,-14.6150,5.1431,0.000,NORMAL,1,ROUTE,,,,,PREVIEW_DEFAULT
15.5973,-14.7095,5.1758,0.000,NORMAL,1,ROUTE,,,,,PREVIEW_DEFAULT
15.6973,-14.8040,5.2085,0.000,NORMAL,1,ROUTE,,,,,PREVIEW_DEFAULT
15.7973,-14.8984,5.2413,0.000,NORMAL,1,ROUTE,,,,,PREVIEW_DEFAULT
15.8973,-14.9929,5.2742,0.000,NORMAL,1,ROUTE,,,,,PREVIEW_DEFAULT
15.9973,-15.0873,5.3070,0.000,NORMAL,1,ROUTE,,,,,PREVIEW_DEFAULT
16.0972,-15.1817,5.3399,0.000,NORMAL,1,ROUTE,,,,,PREVIEW_DEFAULT
16.1972,-15.2761,5.3728,0.000,NORMAL,1,ROUTE,,,,,PREVIEW_DEFAULT
16.2973,-15.3706,5.4057,0.000,NORMAL,1,ROUTE,,,,,PREVIEW_DEFAULT
16.3972,-15.4650,5.4386,0.000,NORMAL,1,ROUTE,,,,,PREVIEW_DEFAULT
16.4972,-15.5593,5.4717,0.000,NORMAL,1,ROUTE,,,,,PREVIEW_DEFAULT
16.5971,-15.6536,5.5048,0.000,NORMAL,1,ROUTE,,,,,PREVIEW_DEFAULT
16.6971,-15.7479,5.5381,0.000,NORMAL,1,ROUTE,,,,,PREVIEW_DEFAULT
16.7971,-15.8421,5.5716,0.000,NORMAL,1,ROUTE,,,,,PREVIEW_DEFAULT
16.8971,-15.9363,5.6053,0.000,NORMAL,1,ROUTE,,,,,PREVIEW_DEFAULT
16.9971,-16.0303,5.6392,0.000,NORMAL,1,ROUTE,,,,,PREVIEW_DEFAULT
17.0970,-16.1243,5.6732,0.000,NORMAL,1,ROUTE,,,,,PREVIEW_DEFAULT
17.1971,-16.2183,5.7074,0.000,NORMAL,1,ROUTE,,,,,PREVIEW_DEFAULT
17.2970,-16.3122,5.7417,0.000,NORMAL,1,ROUTE,,,,,PREVIEW_DEFAULT
17.3970,-16.4061,5.7761,0.000,NORMAL,1,ROUTE,,,,,PREVIEW_DEFAULT
17.4970,-16.5000,5.8105,0.000,NORMAL,1,ROUTE,,,,,PREVIEW_DEFAULT
17.5970,-16.5938,5.8450,0.000,NORMAL,1,ROUTE,,,,,PREVIEW_DEFAULT
17.6970,-16.6877,5.8794,0.000,NORMAL,1,ROUTE,,,,,PREVIEW_DEFAULT
17.7969,-16.7816,5.9137,0.000,NORMAL,1,ROUTE,,,,,PREVIEW_DEFAULT
17.8970,-16.8756,5.9479,0.000,NORMAL,1,ROUTE,,,,,PREVIEW_DEFAULT
17.9969,-16.9695,5.9820,0.000,NORMAL,1,ROUTE,,,,,PREVIEW_DEFAULT
18.0969,-17.0636,6.0160,0.000,NORMAL,1,ROUTE,,,,,PREVIEW_DEFAULT
18.1969,-17.1577,6.0499,0.000,NORMAL,1,ROUTE,,,,,PREVIEW_DEFAULT
18.2969,-17.2518,6.0836,0.000,NORMAL,1,ROUTE,,,,,PREVIEW_DEFAULT
18.3969,-17.3460,6.1171,0.000,NORMAL,1,ROUTE,,,,,PREVIEW_DEFAULT
18.4968,-17.4402,6.1504,0.000,NORMAL,1,ROUTE,,,,,PREVIEW_DEFAULT
18.5968,-17.5346,6.1835,0.000,NORMAL,1,ROUTE,,,,,PREVIEW_DEFAULT
18.6968,-17.6290,6.2164,0.000,NORMAL,1,ROUTE,,,,,PREVIEW_DEFAULT
18.7968,-17.7235,6.2490,0.000,NORMAL,1,ROUTE,,,,,PREVIEW_DEFAULT
18.8968,-17.8181,6.2814,0.000,NORMAL,1,ROUTE,,,,,PREVIEW_DEFAULT
18.9967,-17.9128,6.3135,0.000,NORMAL,1,ROUTE,,,,,PREVIEW_DEFAULT
19.0968,-18.0076,6.3454,0.000,NORMAL,1,ROUTE,,,,,PREVIEW_DEFAULT
19.1967,-18.1024,6.3771,0.000,NORMAL,1,ROUTE,,,,,PREVIEW_DEFAULT
19.2967,-18.1973,6.4085,0.000,NORMAL,1,ROUTE,,,,,PREVIEW_DEFAULT
19.3967,-18.2923,6.4398,0.000,NORMAL,1,ROUTE,,,,,PREVIEW_DEFAULT
19.4966,-18.3872,6.4710,0.000,NORMAL,1,ROUTE,,,,,PREVIEW_DEFAULT
19.5967,-18.4823,6.5021,0.000,NORMAL,1,ROUTE,,,,,PREVIEW_DEFAULT
19.6966,-18.5773,6.5332,0.000,NORMAL,1,ROUTE,,,,,PREVIEW_DEFAULT
19.7966,-18.6723,6.5644,0.000,NORMAL,1,ROUTE,,,,,PREVIEW_DEFAULT
19.8966,-18.7673,6.5956,0.000,NORMAL,1,ROUTE,,,,,PREVIEW_DEFAULT
19.9965,-18.8622,6.6269,0.000,NORMAL,1,ROUTE,,,,,PREVIEW_DEFAULT
20.0965,-18.9571,6.6584,0.000,NORMAL,1,ROUTE,,,,,PREVIEW_DEFAULT
20.1966,-19.0520,6.6901,0.000,NORMAL,1,ROUTE,,,,,PREVIEW_DEFAULT
20.2965,-19.1467,6.7220,0.000,NORMAL,1,ROUTE,,,,,PREVIEW_DEFAULT
20.3965,-19.2414,6.7542,0.000,NORMAL,1,ROUTE,,,,,PREVIEW_DEFAULT
20.4965,-19.3359,6.7867,0.000,NORMAL,1,ROUTE,,,,,PREVIEW_DEFAULT
20.5965,-19.4304,6.8195,0.000,NORMAL,1,ROUTE,,,,,PREVIEW_DEFAULT
20.6964,-19.5247,6.8525,0.000,NORMAL,1,ROUTE,,,,,PREVIEW_DEFAULT
20.7964,-19.6190,6.8858,0.000,NORMAL,1,ROUTE,,,,,PREVIEW_DEFAULT
20.8964,-19.7132,6.9193,0.000,NORMAL,1,ROUTE,,,,,PREVIEW_DEFAULT
20.9964,-19.8074,6.9529,0.000,NORMAL,1,ROUTE,,,,,PREVIEW_DEFAULT
21.0964,-19.9015,6.9866,0.000,NORMAL,1,ROUTE,,,,,PREVIEW_DEFAULT
21.1963,-19.9956,7.0204,0.000,NORMAL,1,ROUTE,,,,,PREVIEW_DEFAULT
21.2963,-20.0897,7.0542,0.000,NORMAL,1,ROUTE,,,,,PREVIEW_DEFAULT
21.3963,-20.1839,7.0878,0.000,NORMAL,1,ROUTE,,,,,PREVIEW_DEFAULT
21.4964,-20.2781,7.1214,0.000,NORMAL,1,ROUTE,,,,,PREVIEW_DEFAULT
21.5963,-20.3723,7.1547,0.000,NORMAL,1,ROUTE,,,,,PREVIEW_DEFAULT
21.6963,-20.4667,7.1877,0.000,NORMAL,1,ROUTE,,,,,PREVIEW_DEFAULT
21.7962,-20.5612,7.2203,0.000,NORMAL,1,ROUTE,,,,,PREVIEW_DEFAULT
21.8195,-20.5832,7.2278,0.000,HILL,1,HILL,HILL_START,ENTER_ZONE,,,PREVIEW_DEFAULT
21.8962,-20.6559,7.2524,0.000,HILL,1,HILL,,,,,PREVIEW_DEFAULT
21.9962,-20.7507,7.2841,0.000,HILL,1,HILL,,,,,PREVIEW_DEFAULT
22.0962,-20.8457,7.3155,0.000,HILL,1,HILL,,,,,PREVIEW_DEFAULT
22.1962,-20.9407,7.3466,0.000,HILL,1,HILL,,,,,PREVIEW_DEFAULT
22.2962,-21.0357,7.3777,0.000,HILL,1,HILL,,,,,PREVIEW_DEFAULT
22.3962,-21.1308,7.4087,0.000,HILL,1,HILL,,,,,PREVIEW_DEFAULT
22.4961,-21.2258,7.4397,0.000,HILL,1,HILL,,,,,PREVIEW_DEFAULT
22.5961,-21.3208,7.4710,0.000,HILL,1,HILL,,,,,PREVIEW_DEFAULT
22.6961,-21.4157,7.5024,0.000,HILL,1,HILL,,,,,PREVIEW_DEFAULT
22.7961,-21.5105,7.5341,0.000,HILL,1,HILL,,,,,PREVIEW_DEFAULT
22.8961,-21.6053,7.5661,0.000,HILL,1,HILL,,,,,PREVIEW_DEFAULT
22.9961,-21.6999,7.5984,0.000,HILL,1,HILL,,,,,PREVIEW_DEFAULT
23.0960,-21.7944,7.6310,0.000,HILL,1,HILL,,,,,PREVIEW_DEFAULT
23.1960,-21.8888,7.6639,0.000,HILL,1,HILL,,,,,PREVIEW_DEFAULT
23.2960,-21.9831,7.6970,0.000,HILL,1,HILL,,,,,PREVIEW_DEFAULT
23.3960,-22.0774,7.7304,0.000,HILL,1,HILL,,,,,PREVIEW_DEFAULT
23.4960,-22.1716,7.7640,0.000,HILL,1,HILL,,,,,PREVIEW_DEFAULT
23.5959,-22.2657,7.7976,0.000,HILL,1,HILL,,,,,PREVIEW_DEFAULT
23.6959,-22.3598,7.8314,0.000,HILL,1,HILL,,,,,PREVIEW_DEFAULT
23.7959,-22.4539,7.8652,0.000,HILL,1,HILL,,,,,PREVIEW_DEFAULT
23.8959,-22.5481,7.8989,0.000,HILL,1,HILL,,,,,PREVIEW_DEFAULT
23.9959,-22.6422,7.9326,0.000,HILL,1,HILL,,,,,PREVIEW_DEFAULT
24.0959,-22.7364,7.9661,0.000,HILL,1,HILL,,,,,PREVIEW_DEFAULT
24.1959,-22.8306,7.9996,0.000,HILL,1,HILL,,,,,PREVIEW_DEFAULT
24.2958,-22.9249,8.0328,0.000,HILL,1,HILL,,,,,PREVIEW_DEFAULT
24.3958,-23.0193,8.0658,0.000,HILL,1,HILL,,,,,PREVIEW_DEFAULT
24.4958,-23.1138,8.0985,0.000,HILL,1,HILL,,,,,PREVIEW_DEFAULT
24.5958,-23.2083,8.1310,0.000,HILL,1,HILL,,,,,PREVIEW_DEFAULT
24.6958,-23.3030,8.1631,0.000,HILL,1,HILL,,,,,PREVIEW_DEFAULT
24.7958,-23.3978,8.1950,0.000,HILL,1,HILL,,,,,PREVIEW_DEFAULT
24.8957,-23.4927,8.2264,0.000,HILL,1,HILL,,,,,PREVIEW_DEFAULT
24.9957,-23.5877,8.2575,0.000,HILL,1,HILL,,,,,PREVIEW_DEFAULT
25.0957,-23.6829,8.2882,0.000,HILL,1,HILL,,,,,PREVIEW_DEFAULT
25.1957,-23.7781,8.3186,0.000,HILL,1,HILL,,,,,PREVIEW_DEFAULT
25.2956,-23.8734,8.3488,0.000,HILL,1,HILL,,,,,PREVIEW_DEFAULT
25.3957,-23.9689,8.3787,0.000,HILL,1,HILL,,,,,PREVIEW_DEFAULT
25.4956,-24.0643,8.4084,0.000,HILL,1,HILL,,,,,PREVIEW_DEFAULT
25.5956,-24.1598,8.4381,0.000,HILL,1,HILL,,,,,PREVIEW_DEFAULT
25.6956,-24.2553,8.4677,0.000,HILL,1,HILL,,,,,PREVIEW_DEFAULT
25.7956,-24.3507,8.4975,0.000,HILL,1,HILL,,,,,PREVIEW_DEFAULT
25.8955,-24.4461,8.5274,0.000,HILL,1,HILL,,,,,PREVIEW_DEFAULT
25.9956,-24.5415,8.5575,0.000,HILL,1,HILL,,,,,PREVIEW_DEFAULT
26.0955,-24.6368,8.5877,0.000,HILL,1,HILL,,,,,PREVIEW_DEFAULT
26.1955,-24.7320,8.6183,0.000,HILL,1,HILL,,,,,PREVIEW_DEFAULT
26.2955,-24.8271,8.6490,0.000,HILL,1,HILL,,,,,PREVIEW_DEFAULT
26.3955,-24.9222,8.6800,0.000,HILL,1,HILL,,,,,PREVIEW_DEFAULT
26.4955,-25.0172,8.7112,0.000,HILL,1,HILL,,,,,PREVIEW_DEFAULT
26.5955,-25.1121,8.7426,0.000,HILL,1,HILL,,,,,PREVIEW_DEFAULT
26.6954,-25.2070,8.7740,0.000,HILL,1,HILL,,,,,PREVIEW_DEFAULT
26.7954,-25.3019,8.8055,0.000,HILL,1,HILL,,,,,PREVIEW_DEFAULT
26.8954,-25.3968,8.8370,0.000,HILL,1,HILL,,,,,PREVIEW_DEFAULT
26.9954,-25.4917,8.8684,0.000,HILL,1,HILL,,,,,PREVIEW_DEFAULT
27.0953,-25.5867,8.8996,0.000,HILL,1,HILL,,,,,PREVIEW_DEFAULT
27.1954,-25.6818,8.9306,0.000,HILL,1,HILL,,,,,PREVIEW_DEFAULT
27.2953,-25.7769,8.9614,0.000,HILL,1,HILL,,,,,PREVIEW_DEFAULT
27.3953,-25.8721,8.9920,0.000,HILL,1,HILL,,,,,PREVIEW_DEFAULT
27.4953,-25.9674,9.0222,0.000,HILL,1,HILL,,,,,PREVIEW_DEFAULT
27.5952,-26.0627,9.0523,0.000,HILL,1,HILL,,,,,PREVIEW_DEFAULT
27.6953,-26.1582,9.0822,0.000,HILL,1,HILL,,,,,PREVIEW_DEFAULT
27.7952,-26.2536,9.1118,0.000,HILL,1,HILL,,,,,PREVIEW_DEFAULT
27.8953,-26.3492,9.1413,0.000,HILL,1,HILL,,,,,PREVIEW_DEFAULT
27.9952,-26.4448,9.1706,0.000,HILL,1,HILL,,,,,PREVIEW_DEFAULT
28.0952,-26.5404,9.1997,0.000,HILL,1,HILL,,,,,PREVIEW_DEFAULT
28.1952,-26.6361,9.2287,0.000,HILL,1,HILL,,,,,PREVIEW_DEFAULT
28.2951,-26.7318,9.2576,0.000,HILL,1,HILL,,,,,PREVIEW_DEFAULT
28.3951,-26.8276,9.2863,0.000,HILL,1,HILL,,,,,PREVIEW_DEFAULT
28.4951,-26.9234,9.3149,0.000,HILL,1,HILL,,,,,PREVIEW_DEFAULT
28.5951,-27.0192,9.3434,0.000,HILL,1,HILL,,,,,PREVIEW_DEFAULT
28.6951,-27.1151,9.3719,0.000,HILL,1,HILL,,,,,PREVIEW_DEFAULT
28.7951,-27.2109,9.4004,0.000,HILL,1,HILL,,,,,PREVIEW_DEFAULT
28.8950,-27.3067,9.4289,0.000,HILL,1,HILL,,,,,PREVIEW_DEFAULT
28.9950,-27.4025,9.4577,0.000,HILL,1,HILL,,,,,PREVIEW_DEFAULT
29.0950,-27.4982,9.4867,0.000,HILL,1,HILL,,,,,PREVIEW_DEFAULT
29.1950,-27.5937,9.5162,0.000,HILL,1,HILL,,,,,PREVIEW_DEFAULT
29.2950,-27.6891,9.5462,0.000,HILL,1,HILL,,,,,PREVIEW_DEFAULT
29.3949,-27.7842,9.5769,0.000,HILL,1,HILL,,,,,PREVIEW_DEFAULT
29.4950,-27.8792,9.6082,0.000,HILL,1,HILL,,,,,PREVIEW_DEFAULT
29.5950,-27.9739,9.6403,0.000,HILL,1,HILL,,,,,PREVIEW_DEFAULT
29.6949,-28.0683,9.6732,0.000,HILL,1,HILL,,,,,PREVIEW_DEFAULT
29.7949,-28.1625,9.7068,0.000,HILL,1,HILL,,,,,PREVIEW_DEFAULT
29.8949,-28.2564,9.7411,0.000,HILL,1,HILL,,,,,PREVIEW_DEFAULT
29.9949,-28.3501,9.7760,0.000,HILL,1,HILL,,,,,PREVIEW_DEFAULT
30.0949,-28.4436,9.8114,0.000,HILL,1,HILL,,,,,PREVIEW_DEFAULT
30.1948,-28.5369,9.8473,0.000,HILL,1,HILL,,,,,PREVIEW_DEFAULT
30.2948,-28.6301,9.8834,0.000,HILL,1,HILL,,,,,PREVIEW_DEFAULT
30.3947,-28.7232,9.9198,0.000,HILL,1,HILL,,,,,PREVIEW_DEFAULT
30.4947,-28.8163,9.9563,0.000,HILL,1,HILL,,,,,PREVIEW_DEFAULT
30.5947,-28.9094,9.9928,0.000,HILL,1,HILL,,,,,PREVIEW_DEFAULT
30.6947,-29.0025,10.0293,0.000,HILL,1,HILL,,,,,PREVIEW_DEFAULT
30.7948,-29.0957,10.0656,0.000,HILL,1,HILL,,,,,PREVIEW_DEFAULT
30.8947,-29.1889,10.1017,0.000,HILL,1,HILL,,,,,PREVIEW_DEFAULT
30.9947,-29.2823,10.1375,0.000,HILL,1,HILL,,,,,PREVIEW_DEFAULT
31.0947,-29.3758,10.1729,0.000,HILL,1,HILL,,,,,PREVIEW_DEFAULT
31.1946,-29.4694,10.2079,0.000,HILL,1,HILL,,,,,PREVIEW_DEFAULT
31.2946,-29.5632,10.2424,0.000,HILL,1,HILL,,,,,PREVIEW_DEFAULT
31.3947,-29.6573,10.2765,0.000,HILL,1,HILL,,,,,PREVIEW_DEFAULT
31.4946,-29.7515,10.3099,0.000,HILL,1,HILL,,,,,PREVIEW_DEFAULT
31.5946,-29.8459,10.3428,0.000,HILL,1,HILL,,,,,PREVIEW_DEFAULT
31.6946,-29.9405,10.3751,0.000,HILL,1,HILL,,,,,PREVIEW_DEFAULT
31.7945,-30.0353,10.4068,0.000,HILL,1,HILL,,,,,PREVIEW_DEFAULT
31.8946,-30.1304,10.4379,0.000,HILL,1,HILL,,,,,PREVIEW_DEFAULT
31.9945,-30.2256,10.4684,0.000,HILL,1,HILL,,,,,PREVIEW_DEFAULT
32.0945,-30.3210,10.4983,0.000,HILL,1,HILL,,,,,PREVIEW_DEFAULT
32.1945,-30.4166,10.5276,0.000,HILL,1,HILL,,,,,PREVIEW_DEFAULT
32.2944,-30.5123,10.5564,0.000,HILL,1,HILL,,,,,PREVIEW_DEFAULT
32.3944,-30.6082,10.5847,0.000,HILL,1,HILL,,,,,PREVIEW_DEFAULT
32.4944,-30.7042,10.6126,0.000,HILL,1,HILL,,,,,PREVIEW_DEFAULT
32.5945,-30.8004,10.6401,0.000,HILL,1,HILL,,,,,PREVIEW_DEFAULT
32.6944,-30.8966,10.6672,0.000,HILL,1,HILL,,,,,PREVIEW_DEFAULT
32.7944,-30.9929,10.6941,0.000,HILL,1,HILL,,,,,PREVIEW_DEFAULT
32.8943,-31.0892,10.7209,0.000,HILL,1,HILL,,,,,PREVIEW_DEFAULT
32.9943,-31.1856,10.7475,0.000,HILL,1,HILL,,,,,PREVIEW_DEFAULT
33.0944,-31.2820,10.7742,0.000,HILL,1,HILL,,,,,PREVIEW_DEFAULT
33.1943,-31.3783,10.8009,0.000,HILL,1,HILL,,,,,PREVIEW_DEFAULT
33.2943,-31.4746,10.8279,0.000,HILL,1,HILL,,,,,PREVIEW_DEFAULT
33.3943,-31.5708,10.8551,0.000,HILL,1,HILL,,,,,PREVIEW_DEFAULT
33.4943,-31.6669,10.8827,0.000,HILL,1,HILL,,,,,PREVIEW_DEFAULT
33.5942,-31.7628,10.9108,0.000,HILL,1,HILL,,,,,PREVIEW_DEFAULT
33.6943,-31.8587,10.9393,0.000,HILL,1,HILL,,,,,PREVIEW_DEFAULT
33.7942,-31.9543,10.9684,0.000,HILL,1,HILL,,,,,PREVIEW_DEFAULT
33.8942,-32.0498,10.9981,0.000,HILL,1,HILL,,,,,PREVIEW_DEFAULT
33.9942,-32.1451,11.0283,0.000,HILL,1,HILL,,,,,PREVIEW_DEFAULT
34.0942,-32.2402,11.0592,0.000,HILL,1,HILL,,,,,PREVIEW_DEFAULT
34.1405,-32.2842,11.0737,0.000,HILL,1,HILL,HILL_STOP,STOP_THEN_HOLD,ALWAYS_ONCE,3.0,PREVIEW_DEFAULT
34.1942,-32.3351,11.0907,0.000,HILL,1,HILL,,,ALWAYS_ONCE,,PREVIEW_DEFAULT
34.2941,-32.4297,11.1229,0.000,HILL,1,HILL,,,ALWAYS_ONCE,,PREVIEW_DEFAULT
34.3941,-32.5242,11.1556,0.000,HILL,1,HILL,,,,,PREVIEW_DEFAULT
34.4942,-32.6186,11.1888,0.000,HILL,1,HILL,,,,,PREVIEW_DEFAULT
34.5941,-32.7128,11.2222,0.000,HILL,1,HILL,,,,,PREVIEW_DEFAULT
34.6941,-32.8069,11.2560,0.000,HILL,1,HILL,,,,,PREVIEW_DEFAULT
34.7940,-32.9009,11.2899,0.000,HILL,1,HILL,,,,,PREVIEW_DEFAULT
34.8940,-32.9949,11.3240,0.000,HILL,1,HILL,,,,,PREVIEW_DEFAULT
34.9940,-33.0889,11.3582,0.000,HILL,1,HILL,,,,,PREVIEW_DEFAULT
35.0940,-33.1828,11.3925,0.000,HILL,1,HILL,,,,,PREVIEW_DEFAULT
35.1940,-33.2767,11.4268,0.000,HILL,1,HILL,,,,,PREVIEW_DEFAULT
35.2940,-33.3706,11.4613,0.000,HILL,1,HILL,,,,,PREVIEW_DEFAULT
35.3939,-33.4644,11.4957,0.000,HILL,1,HILL,,,,,PREVIEW_DEFAULT
35.4939,-33.5582,11.5303,0.000,HILL,1,HILL,,,,,PREVIEW_DEFAULT
35.5939,-33.6520,11.5649,0.000,HILL,1,HILL,,,,,PREVIEW_DEFAULT
35.6939,-33.7458,11.5996,0.000,HILL,1,HILL,,,,,PREVIEW_DEFAULT
35.7939,-33.8396,11.6343,0.000,HILL,1,HILL,,,,,PREVIEW_DEFAULT
35.8939,-33.9333,11.6691,0.000,HILL,1,HILL,,,,,PREVIEW_DEFAULT
35.9938,-34.0270,11.7039,0.000,HILL,1,HILL,,,,,PREVIEW_DEFAULT
36.0938,-34.1207,11.7388,0.000,HILL,1,HILL,,,,,PREVIEW_DEFAULT
36.1937,-34.2144,11.7736,0.000,HILL,1,HILL,,,,,PREVIEW_DEFAULT
36.2938,-34.3082,11.8084,0.000,HILL,1,HILL,,,,,PREVIEW_DEFAULT
36.3937,-34.4019,11.8432,0.000,HILL,1,HILL,,,,,PREVIEW_DEFAULT
36.4937,-34.4957,11.8778,0.000,HILL,1,HILL,,,,,PREVIEW_DEFAULT
36.5938,-34.5896,11.9123,0.000,HILL,1,HILL,,,,,PREVIEW_DEFAULT
36.6937,-34.6835,11.9466,0.000,HILL,1,HILL,,,,,PREVIEW_DEFAULT
36.7937,-34.7774,11.9808,0.000,HILL,1,HILL,,,,,PREVIEW_DEFAULT
36.8937,-34.8715,12.0146,0.000,HILL,1,HILL,,,,,PREVIEW_DEFAULT
36.9936,-34.9657,12.0481,0.000,HILL,1,HILL,,,,,PREVIEW_DEFAULT
37.0937,-35.0601,12.0813,0.000,HILL,1,HILL,,,,,PREVIEW_DEFAULT
37.1936,-35.1545,12.1140,0.000,HILL,1,HILL,,,,,PREVIEW_DEFAULT
37.2936,-35.2492,12.1461,0.000,HILL,1,HILL,,,,,PREVIEW_DEFAULT
37.3936,-35.3441,12.1777,0.000,HILL,1,HILL,,,,,PREVIEW_DEFAULT
37.4936,-35.4392,12.2086,0.000,HILL,1,HILL,,,,,PREVIEW_DEFAULT
37.5936,-35.5345,12.2388,0.000,HILL,1,HILL,,,,,PREVIEW_DEFAULT
37.6936,-35.6301,12.2681,0.000,HILL,1,HILL,,,,,PREVIEW_DEFAULT
37.7936,-35.7260,12.2964,0.000,HILL,1,HILL,,,,,PREVIEW_DEFAULT
37.8935,-35.8221,12.3238,0.000,HILL,1,HILL,,,,,PREVIEW_DEFAULT
37.9935,-35.9186,12.3501,0.000,HILL,1,HILL,,,,,PREVIEW_DEFAULT
38.0935,-36.0154,12.3752,0.000,HILL,1,HILL,,,,,PREVIEW_DEFAULT
38.1935,-36.1124,12.3993,0.000,HILL,1,HILL,,,,,PREVIEW_DEFAULT
38.2934,-36.2097,12.4222,0.000,HILL,1,HILL,,,,,PREVIEW_DEFAULT
38.3935,-36.3073,12.4442,0.000,HILL,1,HILL,,,,,PREVIEW_DEFAULT
38.4934,-36.4050,12.4653,0.000,HILL,1,HILL,,,,,PREVIEW_DEFAULT
38.5934,-36.5029,12.4857,0.000,HILL,1,HILL,,,,,PREVIEW_DEFAULT
38.6934,-36.6009,12.5054,0.000,HILL,1,HILL,,,,,PREVIEW_DEFAULT
38.7933,-36.6989,12.5250,0.000,HILL,1,HILL,,,,,PREVIEW_DEFAULT
38.8933,-36.7969,12.5450,0.000,HILL,1,HILL,,,,,PREVIEW_DEFAULT
38.9934,-36.8947,12.5659,0.000,HILL,1,HILL,,,,,PREVIEW_DEFAULT
39.0933,-36.9922,12.5879,0.000,HILL,1,HILL,,,,,PREVIEW_DEFAULT
39.1933,-37.0895,12.6110,0.000,HILL,1,HILL,,,,,PREVIEW_DEFAULT
39.2933,-37.1865,12.6352,0.000,HILL,1,HILL,,,,,PREVIEW_DEFAULT
39.3932,-37.2832,12.6605,0.000,HILL,1,HILL,,,,,PREVIEW_DEFAULT
39.4933,-37.3797,12.6868,0.000,HILL,1,HILL,,,,,PREVIEW_DEFAULT
39.5932,-37.4759,12.7138,0.000,HILL,1,HILL,,,,,PREVIEW_DEFAULT
39.6932,-37.5720,12.7416,0.000,HILL,1,HILL,,,,,PREVIEW_DEFAULT
39.7932,-37.6679,12.7699,0.000,HILL,1,HILL,,,,,PREVIEW_DEFAULT
39.8932,-37.7636,12.7988,0.000,HILL,1,HILL,,,,,PREVIEW_DEFAULT
39.9931,-37.8592,12.8280,0.000,HILL,1,HILL,,,,,PREVIEW_DEFAULT
40.0931,-37.9547,12.8577,0.000,HILL,1,HILL,,,,,PREVIEW_DEFAULT
40.1931,-38.0501,12.8877,0.000,HILL,1,HILL,,,,,PREVIEW_DEFAULT
40.2931,-38.1453,12.9181,0.000,HILL,1,HILL,,,,,PREVIEW_DEFAULT
40.3931,-38.2405,12.9487,0.000,HILL,1,HILL,,,,,PREVIEW_DEFAULT
40.4930,-38.3355,12.9798,0.000,HILL,1,HILL,,,,,PREVIEW_DEFAULT
40.5931,-38.4305,13.0112,0.000,HILL,1,HILL,,,,,PREVIEW_DEFAULT
40.6930,-38.5252,13.0430,0.000,HILL,1,HILL,,,,,PREVIEW_DEFAULT
40.7930,-38.6199,13.0752,0.000,HILL,1,HILL,,,,,PREVIEW_DEFAULT
40.8930,-38.7144,13.1079,0.000,HILL,1,HILL,,,,,PREVIEW_DEFAULT
40.9929,-38.8086,13.1412,0.000,HILL,1,HILL,,,,,PREVIEW_DEFAULT
41.0929,-38.9027,13.1751,0.000,HILL,1,HILL,,,,,PREVIEW_DEFAULT
41.1930,-38.9966,13.2095,0.000,HILL,1,HILL,,,,,PREVIEW_DEFAULT
41.2929,-39.0902,13.2446,0.000,HILL,1,HILL,,,,,PREVIEW_DEFAULT
41.3929,-39.1836,13.2803,0.000,HILL,1,HILL,,,,,PREVIEW_DEFAULT
41.4929,-39.2768,13.3166,0.000,HILL,1,HILL,,,,,PREVIEW_DEFAULT
41.5928,-39.3697,13.3534,0.000,HILL,1,HILL,,,,,PREVIEW_DEFAULT
41.6929,-39.4625,13.3908,0.000,HILL,1,HILL,,,,,PREVIEW_DEFAULT
41.7928,-39.5550,13.4286,0.000,HILL,1,HILL,,,,,PREVIEW_DEFAULT
41.8928,-39.6474,13.4667,0.000,HILL,1,HILL,,,,,PREVIEW_DEFAULT
41.9927,-39.7397,13.5051,0.000,HILL,1,HILL,,,,,PREVIEW_DEFAULT
42.0928,-39.8320,13.5437,0.000,HILL,1,HILL,,,,,PREVIEW_DEFAULT
42.1927,-39.9242,13.5823,0.000,HILL,1,HILL,,,,,PREVIEW_DEFAULT
42.2928,-40.0165,13.6209,0.000,HILL,1,HILL,,,,,PREVIEW_DEFAULT
42.3927,-40.1088,13.6592,0.000,HILL,1,HILL,,,,,PREVIEW_DEFAULT
42.4928,-40.2013,13.6973,0.000,HILL,1,HILL,,,,,PREVIEW_DEFAULT
42.5927,-40.2939,13.7349,0.000,HILL,1,HILL,,,,,PREVIEW_DEFAULT
42.6926,-40.3867,13.7720,0.000,HILL,1,HILL,,,,,PREVIEW_DEFAULT
42.7927,-40.4798,13.8086,0.000,HILL,1,HILL,,,,,PREVIEW_DEFAULT
42.8927,-40.5731,13.8446,0.000,HILL,1,HILL,,,,,PREVIEW_DEFAULT
42.9926,-40.6666,13.8799,0.000,HILL,1,HILL,,,,,PREVIEW_DEFAULT
43.0926,-40.7603,13.9147,0.000,HILL,1,HILL,,,,,PREVIEW_DEFAULT
43.1926,-40.8542,13.9491,0.000,HILL,1,HILL,,,,,PREVIEW_DEFAULT
43.2926,-40.9483,13.9830,0.000,HILL,1,HILL,,,,,PREVIEW_DEFAULT
43.3925,-41.0424,14.0166,0.000,HILL,1,HILL,,,,,PREVIEW_DEFAULT
43.4926,-41.1367,14.0500,0.000,HILL,1,HILL,,,,,PREVIEW_DEFAULT
43.5925,-41.2310,14.0830,0.000,HILL,1,HILL,,,,,PREVIEW_DEFAULT
43.6925,-41.3255,14.1159,0.000,HILL,1,HILL,,,,,PREVIEW_DEFAULT
43.7925,-41.4200,14.1485,0.000,HILL,1,HILL,,,,,PREVIEW_DEFAULT
43.8924,-41.5145,14.1810,0.000,HILL,1,HILL,,,,,PREVIEW_DEFAULT
43.9924,-41.6091,14.2134,0.000,HILL,1,HILL,,,,,PREVIEW_DEFAULT
44.0925,-41.7038,14.2457,0.000,HILL,1,HILL,,,,,PREVIEW_DEFAULT
44.1924,-41.7984,14.2778,0.000,HILL,1,HILL,,,,,PREVIEW_DEFAULT
44.2924,-41.8931,14.3099,0.000,HILL,1,HILL,,,,,PREVIEW_DEFAULT
44.3924,-41.9879,14.3418,0.000,HILL,1,HILL,,,,,PREVIEW_DEFAULT
44.4924,-42.0826,14.3738,0.000,HILL,1,HILL,,,,,PREVIEW_DEFAULT
44.5924,-42.1774,14.4057,0.000,HILL,1,HILL,,,,,PREVIEW_DEFAULT
44.6923,-42.2721,14.4377,0.000,HILL,1,HILL,,,,,PREVIEW_DEFAULT
44.7923,-42.3668,14.4696,0.000,HILL,1,HILL,,,,,PREVIEW_DEFAULT
44.8924,-42.4616,14.5017,0.000,HILL,1,HILL,,,,,PREVIEW_DEFAULT
44.9923,-42.5562,14.5338,0.000,HILL,1,HILL,,,,,PREVIEW_DEFAULT
45.0922,-42.6509,14.5659,0.000,HILL,1,HILL,,,,,PREVIEW_DEFAULT
45.1923,-42.7456,14.5982,0.000,HILL,1,HILL,,,,,PREVIEW_DEFAULT
45.2923,-42.8402,14.6305,0.000,HILL,1,HILL,,,,,PREVIEW_DEFAULT
45.3922,-42.9348,14.6628,0.000,HILL,1,HILL,,,,,PREVIEW_DEFAULT
45.4922,-43.0294,14.6951,0.000,HILL,1,HILL,,,,,PREVIEW_DEFAULT
45.5922,-43.1240,14.7275,0.000,HILL,1,HILL,,,,,PREVIEW_DEFAULT
45.6921,-43.2186,14.7598,0.000,HILL,1,HILL,,,,,PREVIEW_DEFAULT
45.7922,-43.3133,14.7920,0.000,HILL,1,HILL,,,,,PREVIEW_DEFAULT
45.8921,-43.4079,14.8243,0.000,HILL,1,HILL,,,,,PREVIEW_DEFAULT
45.9921,-43.5026,14.8564,0.000,HILL,1,HILL,,,,,PREVIEW_DEFAULT
46.0921,-43.5973,14.8886,0.000,HILL,1,HILL,,,,,PREVIEW_DEFAULT
46.1920,-43.6919,14.9207,0.000,HILL,1,HILL,,,,,PREVIEW_DEFAULT
46.2920,-43.7866,14.9527,0.000,HILL,1,HILL,,,,,PREVIEW_DEFAULT
46.3920,-43.8813,14.9848,0.000,HILL,1,HILL,,,,,PREVIEW_DEFAULT
46.4920,-43.9760,15.0169,0.000,HILL,1,HILL,,,,,PREVIEW_DEFAULT
46.5920,-44.0707,15.0490,0.000,HILL,1,HILL,,,,,PREVIEW_DEFAULT
46.6920,-44.1654,15.0811,0.000,HILL,1,HILL,,,,,PREVIEW_DEFAULT
46.7920,-44.2601,15.1133,0.000,HILL,1,HILL,,,,,PREVIEW_DEFAULT
46.8919,-44.3547,15.1455,0.000,HILL,1,HILL,,,,,PREVIEW_DEFAULT
46.9920,-44.4494,15.1778,0.000,HILL,1,HILL,,,,,PREVIEW_DEFAULT
47.0920,-44.5440,15.2102,0.000,HILL,1,HILL,,,,,PREVIEW_DEFAULT
47.1919,-44.6385,15.2426,0.000,HILL,1,HILL,,,,,PREVIEW_DEFAULT
47.2919,-44.7331,15.2751,0.000,HILL,1,HILL,,,,,PREVIEW_DEFAULT
47.3919,-44.8276,15.3077,0.000,HILL,1,HILL,,,,,PREVIEW_DEFAULT
47.4919,-44.9221,15.3404,0.000,HILL,1,HILL,,,,,PREVIEW_DEFAULT
47.5919,-45.0166,15.3731,0.000,HILL,1,HILL,,,,,PREVIEW_DEFAULT
47.6918,-45.1110,15.4059,0.000,HILL,1,HILL,,,,,PREVIEW_DEFAULT
47.7918,-45.2054,15.4388,0.000,HILL,1,HILL,,,,,PREVIEW_DEFAULT
47.8917,-45.2998,15.4717,0.000,HILL,1,HILL,,,,,PREVIEW_DEFAULT
47.9917,-45.3942,15.5047,0.000,HILL,1,HILL,,,,,PREVIEW_DEFAULT
48.0917,-45.4886,15.5377,0.000,HILL,1,HILL,,,,,PREVIEW_DEFAULT
48.1918,-45.5830,15.5708,0.000,HILL,1,HILL,,,,,PREVIEW_DEFAULT
48.2917,-45.6773,15.6039,0.000,HILL,1,HILL,,,,,PREVIEW_DEFAULT
48.3917,-45.7716,15.6371,0.000,HILL,1,HILL,,,,,PREVIEW_DEFAULT
48.4917,-45.8659,15.6704,0.000,HILL,1,HILL,,,,,PREVIEW_DEFAULT
48.5917,-45.9602,15.7036,0.000,HILL,1,HILL,,,,,PREVIEW_DEFAULT
48.6916,-46.0544,15.7370,0.000,HILL,1,HILL,,,,,PREVIEW_DEFAULT
48.7916,-46.1487,15.7703,0.000,HILL,1,HILL,,,,,PREVIEW_DEFAULT
48.8917,-46.2430,15.8037,0.000,HILL,1,HILL,,,,,PREVIEW_DEFAULT
48.9916,-46.3372,15.8370,0.000,HILL,1,HILL,,,,,PREVIEW_DEFAULT
49.0916,-46.4315,15.8703,0.000,HILL,1,HILL,,,,,PREVIEW_DEFAULT
49.1916,-46.5258,15.9036,0.000,HILL,1,HILL,,,,,PREVIEW_DEFAULT
49.2915,-46.6200,15.9369,0.000,HILL,1,HILL,,,,,PREVIEW_DEFAULT
49.3915,-46.7143,15.9701,0.000,HILL,1,HILL,,,,,PREVIEW_DEFAULT
49.4916,-46.8087,16.0033,0.000,HILL,1,HILL,,,,,PREVIEW_DEFAULT
49.5915,-46.9030,16.0364,0.000,HILL,1,HILL,,,,,PREVIEW_DEFAULT
49.6915,-46.9974,16.0695,0.000,HILL,1,HILL,,,,,PREVIEW_DEFAULT
49.7914,-47.0917,16.1025,0.000,HILL,1,HILL,,,,,PREVIEW_DEFAULT
49.8914,-47.1861,16.1355,0.000,HILL,1,HILL,,,,,PREVIEW_DEFAULT
49.9914,-47.2805,16.1685,0.000,HILL,1,HILL,,,,,PREVIEW_DEFAULT
50.0914,-47.3749,16.2015,0.000,HILL,1,HILL,,,,,PREVIEW_DEFAULT
50.1914,-47.4693,16.2345,0.000,HILL,1,HILL,,,,,PREVIEW_DEFAULT
50.2913,-47.5636,16.2675,0.000,HILL,1,HILL,,,,,PREVIEW_DEFAULT
50.3913,-47.6579,16.3007,0.000,HILL,1,HILL,,,,,PREVIEW_DEFAULT
50.4913,-47.7522,16.3339,0.000,HILL,1,HILL,,,,,PREVIEW_DEFAULT
50.5913,-47.8465,16.3672,0.000,HILL,1,HILL,,,,,PREVIEW_DEFAULT
50.6913,-47.9407,16.4007,0.000,HILL,1,HILL,,,,,PREVIEW_DEFAULT
50.7913,-48.0349,16.4342,0.000,HILL,1,HILL,,,,,PREVIEW_DEFAULT
50.8913,-48.1291,16.4679,0.000,HILL,1,HILL,,,,,PREVIEW_DEFAULT
50.9913,-48.2232,16.5017,0.000,HILL,1,HILL,,,,,PREVIEW_DEFAULT
51.0912,-48.3172,16.5356,0.000,HILL,1,HILL,,,,,PREVIEW_DEFAULT
51.1912,-48.4112,16.5697,0.000,HILL,1,HILL,,,,,PREVIEW_DEFAULT
51.2912,-48.5052,16.6039,0.000,HILL,1,HILL,,,,,PREVIEW_DEFAULT
51.3912,-48.5991,16.6381,0.000,HILL,1,HILL,,,,,PREVIEW_DEFAULT
51.4912,-48.6930,16.6725,0.000,HILL,1,HILL,,,,,PREVIEW_DEFAULT
51.5912,-48.7868,16.7071,0.000,HILL,1,HILL,,,,,PREVIEW_DEFAULT
51.6911,-48.8806,16.7417,0.000,HILL,1,HILL,,,,,PREVIEW_DEFAULT
51.7911,-48.9744,16.7764,0.000,HILL,1,HILL,,,,,PREVIEW_DEFAULT
51.8911,-49.0681,16.8112,0.000,HILL,1,HILL,,,,,PREVIEW_DEFAULT
51.9911,-49.1618,16.8461,0.000,HILL,1,HILL,,,,,PREVIEW_DEFAULT
52.0910,-49.2555,16.8809,0.000,HILL,1,HILL,,,,,PREVIEW_DEFAULT
52.1910,-49.3492,16.9158,0.000,HILL,1,HILL,,,,,PREVIEW_DEFAULT
52.2910,-49.4430,16.9505,0.000,HILL,1,HILL,,,,,PREVIEW_DEFAULT
52.3910,-49.5368,16.9850,0.000,HILL,1,HILL,,,,,PREVIEW_DEFAULT
52.4910,-49.6307,17.0194,0.000,HILL,1,HILL,,,,,PREVIEW_DEFAULT
52.5910,-49.7247,17.0534,0.000,HILL,1,HILL,,,,,PREVIEW_DEFAULT
52.6910,-49.8189,17.0870,0.000,HILL,1,HILL,,,,,PREVIEW_DEFAULT
52.7909,-49.9132,17.1202,0.000,HILL,1,HILL,,,,,PREVIEW_DEFAULT
52.8910,-50.0077,17.1530,0.000,HILL,1,HILL,,,,,PREVIEW_DEFAULT
52.9909,-50.1023,17.1852,0.000,HILL,1,HILL,,,,,PREVIEW_DEFAULT
53.0910,-50.1972,17.2169,0.000,HILL,1,HILL,,,,,PREVIEW_DEFAULT
53.1909,-50.2922,17.2480,0.000,HILL,1,HILL,,,,,PREVIEW_DEFAULT
53.2908,-50.3873,17.2787,0.000,HILL,1,HILL,,,,,PREVIEW_DEFAULT
53.3909,-50.4827,17.3088,0.000,HILL,1,HILL,,,,,PREVIEW_DEFAULT
53.4909,-50.5782,17.3384,0.000,HILL,1,HILL,,,,,PREVIEW_DEFAULT
53.5908,-50.6738,17.3676,0.000,HILL,1,HILL,,,,,PREVIEW_DEFAULT
53.6908,-50.7695,17.3965,0.000,HILL,1,HILL,,,,,PREVIEW_DEFAULT
53.7907,-50.8653,17.4250,0.000,HILL,1,HILL,,,,,PREVIEW_DEFAULT
53.8907,-50.9612,17.4533,0.000,HILL,1,HILL,,,,,PREVIEW_DEFAULT
53.9908,-51.0572,17.4814,0.000,HILL,1,HILL,,,,,PREVIEW_DEFAULT
54.0907,-51.1531,17.5095,0.000,HILL,1,HILL,,,,,PREVIEW_DEFAULT
54.1907,-51.2491,17.5375,0.000,HILL,1,HILL,,,,,PREVIEW_DEFAULT
54.2907,-51.3451,17.5655,0.000,HILL,1,HILL,,,,,PREVIEW_DEFAULT
54.3907,-51.4410,17.5937,0.000,HILL,1,HILL,,,,,PREVIEW_DEFAULT
54.4906,-51.5369,17.6220,0.000,HILL,1,HILL,,,,,PREVIEW_DEFAULT
54.5906,-51.6327,17.6505,0.000,HILL,1,HILL,,,,,PREVIEW_DEFAULT
54.6906,-51.7285,17.6793,0.000,HILL,1,HILL,,,,,PREVIEW_DEFAULT
54.7907,-51.8242,17.7084,0.000,HILL,1,HILL,,,,,PREVIEW_DEFAULT
54.8905,-51.9197,17.7377,0.000,HILL,1,HILL,,,,,PREVIEW_DEFAULT
54.9905,-52.0152,17.7673,0.000,HILL,1,HILL,,,,,PREVIEW_DEFAULT
55.0906,-52.1107,17.7972,0.000,HILL,1,HILL,,,,,PREVIEW_DEFAULT
55.1905,-52.2060,17.8273,0.000,HILL,1,HILL,,,,,PREVIEW_DEFAULT
55.2905,-52.3013,17.8576,0.000,HILL,1,HILL,,,,,PREVIEW_DEFAULT
55.3905,-52.3965,17.8880,0.000,HILL,1,HILL,,,,,PREVIEW_DEFAULT
55.4904,-52.4917,17.9185,0.000,HILL,1,HILL,,,,,PREVIEW_DEFAULT
55.5905,-52.5870,17.9490,0.000,HILL,1,HILL,,,,,PREVIEW_DEFAULT
55.6904,-52.6822,17.9794,0.000,HILL,1,HILL,,,,,PREVIEW_DEFAULT
55.7904,-52.7775,18.0097,0.000,HILL,1,HILL,,,,,PREVIEW_DEFAULT
55.8904,-52.8728,18.0398,0.000,HILL,1,HILL,,,,,PREVIEW_DEFAULT
55.9905,-52.9683,18.0697,0.000,HILL,1,HILL,,,,,PREVIEW_DEFAULT
56.0904,-53.0638,18.0992,0.000,HILL,1,HILL,,,,,PREVIEW_DEFAULT
56.1903,-53.1594,18.1283,0.000,HILL,1,HILL,,,,,PREVIEW_DEFAULT
56.2903,-53.2552,18.1570,0.000,HILL,1,HILL,,,,,PREVIEW_DEFAULT
56.3904,-53.3512,18.1851,0.000,HILL,1,HILL,,,,,PREVIEW_DEFAULT
56.4903,-53.4472,18.2127,0.000,HILL,1,HILL,,,,,PREVIEW_DEFAULT
56.5903,-53.5435,18.2398,0.000,HILL,1,HILL,,,,,PREVIEW_DEFAULT
56.6903,-53.6400,18.2661,0.000,HILL,1,HILL,,,,,PREVIEW_DEFAULT
56.7903,-53.7366,18.2918,0.000,HILL,1,HILL,,,,,PREVIEW_DEFAULT
56.8186,-53.7640,18.2990,0.000,HILL,1,HILL,HILL_END,EXIT_ZONE,,,PREVIEW_DEFAULT
56.8903,-53.8334,18.3168,0.000,HILL,1,HILL,,,,,PREVIEW_DEFAULT
56.9902,-53.9304,18.3410,0.000,HILL,1,HILL,,,,,PREVIEW_DEFAULT
57.0811,-54.0186,18.3630,0.000,NORMAL,1,ROUTE,,,,,PREVIEW_DEFAULT
57.0902,-54.0274,18.3652,0.000,NORMAL,1,ROUTE,,,,,PREVIEW_DEFAULT
57.1902,-54.1244,18.3895,0.000,NORMAL,1,ROUTE,,,,,PREVIEW_DEFAULT
57.2901,-54.2213,18.4139,0.000,NORMAL,1,ROUTE,,,,,PREVIEW_DEFAULT
57.3901,-54.3183,18.4383,0.000,NORMAL,1,ROUTE,,,,,PREVIEW_DEFAULT
57.4902,-54.4153,18.4627,0.000,NORMAL,1,ROUTE,,,,,PREVIEW_DEFAULT
57.5901,-54.5123,18.4869,0.000,NORMAL,1,ROUTE,,,,,PREVIEW_DEFAULT
57.6901,-54.6093,18.5111,0.000,NORMAL,1,ROUTE,,,,,PREVIEW_DEFAULT
57.7901,-54.7063,18.5352,0.000,NORMAL,1,ROUTE,,,,,PREVIEW_DEFAULT
57.8901,-54.8034,18.5591,0.000,NORMAL,1,ROUTE,,,,,PREVIEW_DEFAULT
57.9900,-54.9005,18.5829,0.000,NORMAL,1,ROUTE,,,,,PREVIEW_DEFAULT
58.0901,-54.9977,18.6066,0.000,NORMAL,1,ROUTE,,,,,PREVIEW_DEFAULT
58.1900,-55.0948,18.6301,0.000,NORMAL,1,ROUTE,,,,,PREVIEW_DEFAULT
58.2900,-55.1920,18.6535,0.000,NORMAL,1,ROUTE,,,,,PREVIEW_DEFAULT
58.3900,-55.2893,18.6768,0.000,NORMAL,1,ROUTE,,,,,PREVIEW_DEFAULT
58.4899,-55.3865,18.7000,0.000,NORMAL,1,ROUTE,,,,,PREVIEW_DEFAULT
58.5899,-55.4838,18.7230,0.000,NORMAL,1,ROUTE,,,,,PREVIEW_DEFAULT
58.6899,-55.5811,18.7459,0.000,NORMAL,1,ROUTE,,,,,PREVIEW_DEFAULT
58.7899,-55.6785,18.7687,0.000,NORMAL,1,ROUTE,,,,,PREVIEW_DEFAULT
58.8899,-55.7759,18.7912,0.000,NORMAL,1,ROUTE,,,,,PREVIEW_DEFAULT
58.9899,-55.8734,18.8136,0.000,NORMAL,1,ROUTE,,,,,PREVIEW_DEFAULT
59.0899,-55.9709,18.8356,0.000,NORMAL,1,ROUTE,,,,,PREVIEW_DEFAULT
59.1899,-56.0685,18.8573,0.000,NORMAL,1,ROUTE,,,,,PREVIEW_DEFAULT
59.2899,-56.1662,18.8786,0.000,NORMAL,1,ROUTE,,,,,PREVIEW_DEFAULT
59.3898,-56.2640,18.8993,0.000,NORMAL,1,ROUTE,,,,,PREVIEW_DEFAULT
59.4898,-56.3619,18.9195,0.000,NORMAL,1,ROUTE,,,,,PREVIEW_DEFAULT
59.5898,-56.4600,18.9390,0.000,NORMAL,1,ROUTE,,,,,PREVIEW_DEFAULT
59.6898,-56.5582,18.9577,0.000,NORMAL,1,ROUTE,,,,,PREVIEW_DEFAULT
59.7897,-56.6566,18.9754,0.000,NORMAL,1,ROUTE,,,,,PREVIEW_DEFAULT
59.8897,-56.7552,18.9921,0.000,NORMAL,1,ROUTE,,,,,PREVIEW_DEFAULT
59.9897,-56.8539,19.0077,0.000,NORMAL,1,ROUTE,,,,,PREVIEW_DEFAULT
60.0897,-56.9529,19.0219,0.000,NORMAL,1,ROUTE,,,,,PREVIEW_DEFAULT
60.1897,-57.0521,19.0348,0.000,NORMAL,1,ROUTE,,,,,PREVIEW_DEFAULT
60.2897,-57.1514,19.0461,0.000,NORMAL,1,ROUTE,,,,,PREVIEW_DEFAULT
60.3896,-57.2509,19.0558,0.000,NORMAL,1,ROUTE,,,,,PREVIEW_DEFAULT
60.4897,-57.3506,19.0638,0.000,NORMAL,1,ROUTE,,,,,PREVIEW_DEFAULT
60.5897,-57.4504,19.0701,0.000,NORMAL,1,ROUTE,,,,,PREVIEW_DEFAULT
60.6896,-57.5502,19.0746,0.000,NORMAL,1,ROUTE,,,,,PREVIEW_DEFAULT
60.7896,-57.6502,19.0772,0.000,NORMAL,1,ROUTE,,,,,PREVIEW_DEFAULT
60.8896,-57.7502,19.0781,0.000,NORMAL,1,ROUTE,,,,,PREVIEW_DEFAULT
60.9895,-57.8501,19.0771,0.000,NORMAL,1,ROUTE,,,,,PREVIEW_DEFAULT
61.0895,-57.9501,19.0743,0.000,NORMAL,1,ROUTE,,,,,PREVIEW_DEFAULT
61.1895,-58.0500,19.0697,0.000,NORMAL,1,ROUTE,,,,,PREVIEW_DEFAULT
61.2894,-58.1497,19.0633,0.000,NORMAL,1,ROUTE,,,,,PREVIEW_DEFAULT
61.3895,-58.2494,19.0552,0.000,NORMAL,1,ROUTE,,,,,PREVIEW_DEFAULT
61.4895,-58.3489,19.0453,0.000,NORMAL,1,ROUTE,,,,,PREVIEW_DEFAULT
61.5894,-58.4482,19.0338,0.000,NORMAL,1,ROUTE,,,,,PREVIEW_DEFAULT
61.6894,-58.5473,19.0206,0.000,NORMAL,1,ROUTE,,,,,PREVIEW_DEFAULT
61.7894,-58.6462,19.0058,0.000,NORMAL,1,ROUTE,,,,,PREVIEW_DEFAULT
61.8893,-58.7448,18.9895,0.000,NORMAL,1,ROUTE,,,,,PREVIEW_DEFAULT
61.9893,-58.8432,18.9717,0.000,NORMAL,1,ROUTE,,,,,PREVIEW_DEFAULT
62.0893,-58.9413,18.9523,0.000,NORMAL,1,ROUTE,,,,,PREVIEW_DEFAULT
62.1894,-59.0391,18.9314,0.000,NORMAL,1,ROUTE,,,,,PREVIEW_DEFAULT
62.2893,-59.1365,18.9089,0.000,NORMAL,1,ROUTE,,,,,PREVIEW_DEFAULT
62.3893,-59.2336,18.8850,0.000,NORMAL,1,ROUTE,,,,,PREVIEW_DEFAULT
62.4893,-59.3303,18.8596,0.000,NORMAL,1,ROUTE,,,,,PREVIEW_DEFAULT
62.5892,-59.4265,18.8326,0.000,NORMAL,1,ROUTE,,,,,PREVIEW_DEFAULT
62.6892,-59.5223,18.8040,0.000,NORMAL,1,ROUTE,,,,,PREVIEW_DEFAULT
62.7893,-59.6177,18.7738,0.000,NORMAL,1,ROUTE,,,,,PREVIEW_DEFAULT
62.8892,-59.7124,18.7420,0.000,NORMAL,1,ROUTE,,,,,PREVIEW_DEFAULT
62.9891,-59.8066,18.7085,0.000,NORMAL,1,ROUTE,,,,,PREVIEW_DEFAULT
63.0891,-59.9002,18.6733,0.000,NORMAL,1,ROUTE,,,,,PREVIEW_DEFAULT
63.1891,-59.9931,18.6363,0.000,NORMAL,1,ROUTE,,,,,PREVIEW_DEFAULT
63.2891,-60.0853,18.5976,0.000,NORMAL,1,ROUTE,,,,,PREVIEW_DEFAULT
63.3891,-60.1767,18.5570,0.000,NORMAL,1,ROUTE,,,,,PREVIEW_DEFAULT
63.4891,-60.2672,18.5146,0.000,NORMAL,1,ROUTE,,,,,PREVIEW_DEFAULT
63.5891,-60.3569,18.4704,0.000,NORMAL,1,ROUTE,,,,,PREVIEW_DEFAULT
63.6891,-60.4457,18.4244,0.000,NORMAL,1,ROUTE,,,,,PREVIEW_DEFAULT
63.7890,-60.5335,18.3767,0.000,NORMAL,1,ROUTE,,,,,PREVIEW_DEFAULT
63.8890,-60.6204,18.3273,0.000,NORMAL,1,ROUTE,,,,,PREVIEW_DEFAULT
63.9890,-60.7064,18.2762,0.000,NORMAL,1,ROUTE,,,,,PREVIEW_DEFAULT
64.0890,-60.7915,18.2237,0.000,NORMAL,1,ROUTE,,,,,PREVIEW_DEFAULT
64.1889,-60.8757,18.1699,0.000,NORMAL,1,ROUTE,,,,,PREVIEW_DEFAULT
64.2889,-60.9591,18.1147,0.000,NORMAL,1,ROUTE,,,,,PREVIEW_DEFAULT
64.3889,-61.0417,18.0584,0.000,NORMAL,1,ROUTE,,,,,PREVIEW_DEFAULT
64.4889,-61.1236,18.0010,0.000,NORMAL,1,ROUTE,,,,,PREVIEW_DEFAULT
64.5889,-61.2047,17.9425,0.000,NORMAL,1,ROUTE,,,,,PREVIEW_DEFAULT
64.6889,-61.2851,17.8831,0.000,NORMAL,1,ROUTE,,,,,PREVIEW_DEFAULT
64.7888,-61.3649,17.8229,0.000,NORMAL,1,ROUTE,,,,,PREVIEW_DEFAULT
64.8888,-61.4440,17.7617,0.000,NORMAL,1,ROUTE,,,,,PREVIEW_DEFAULT
64.9889,-61.5225,17.6997,0.000,NORMAL,1,ROUTE,,,,,PREVIEW_DEFAULT
65.0888,-61.6003,17.6370,0.000,NORMAL,1,ROUTE,,,,,PREVIEW_DEFAULT
65.1887,-61.6774,17.5734,0.000,NORMAL,1,ROUTE,,,,,PREVIEW_DEFAULT
65.2887,-61.7539,17.5090,0.000,NORMAL,1,ROUTE,,,,,PREVIEW_DEFAULT
65.3888,-61.8297,17.4437,0.000,NORMAL,1,ROUTE,,,,,PREVIEW_DEFAULT
65.4888,-61.9048,17.3777,0.000,NORMAL,1,ROUTE,,,,,PREVIEW_DEFAULT
65.5887,-61.9791,17.3108,0.000,NORMAL,1,ROUTE,,,,,PREVIEW_DEFAULT
65.6887,-62.0527,17.2431,0.000,NORMAL,1,ROUTE,,,,,PREVIEW_DEFAULT
65.7886,-62.1254,17.1746,0.000,NORMAL,1,ROUTE,,,,,PREVIEW_DEFAULT
65.8886,-62.1973,17.1051,0.000,NORMAL,1,ROUTE,,,,,PREVIEW_DEFAULT
65.9887,-62.2684,17.0347,0.000,NORMAL,1,ROUTE,,,,,PREVIEW_DEFAULT
66.0886,-62.3385,16.9635,0.000,NORMAL,1,ROUTE,,,,,PREVIEW_DEFAULT
66.1886,-62.4076,16.8912,0.000,NORMAL,1,ROUTE,,,,,PREVIEW_DEFAULT
66.2885,-62.4757,16.8181,0.000,NORMAL,1,ROUTE,,,,,PREVIEW_DEFAULT
66.3886,-62.5428,16.7439,0.000,NORMAL,1,ROUTE,,,,,PREVIEW_DEFAULT
66.4885,-62.6088,16.6688,0.000,NORMAL,1,ROUTE,,,,,PREVIEW_DEFAULT
66.5885,-62.6737,16.5928,0.000,NORMAL,1,ROUTE,,,,,PREVIEW_DEFAULT
66.6885,-62.7375,16.5157,0.000,NORMAL,1,ROUTE,,,,,PREVIEW_DEFAULT
66.7885,-62.8001,16.4378,0.000,NORMAL,1,ROUTE,,,,,PREVIEW_DEFAULT
66.8885,-62.8614,16.3588,0.000,NORMAL,1,ROUTE,,,,,PREVIEW_DEFAULT
66.9884,-62.9216,16.2790,0.000,NORMAL,1,ROUTE,,,,,PREVIEW_DEFAULT
67.0884,-62.9805,16.1982,0.000,NORMAL,1,ROUTE,,,,,PREVIEW_DEFAULT
67.1884,-63.0383,16.1166,0.000,NORMAL,1,ROUTE,,,,,PREVIEW_DEFAULT
67.2884,-63.0948,16.0341,0.000,NORMAL,1,ROUTE,,,,,PREVIEW_DEFAULT
67.3884,-63.1502,15.9509,0.000,NORMAL,1,ROUTE,,,,,PREVIEW_DEFAULT
67.4883,-63.2044,15.8669,0.000,NORMAL,1,ROUTE,,,,,PREVIEW_DEFAULT
67.5884,-63.2576,15.7822,0.000,NORMAL,1,ROUTE,,,,,PREVIEW_DEFAULT
67.6883,-63.3097,15.6969,0.000,NORMAL,1,ROUTE,,,,,PREVIEW_DEFAULT
67.7883,-63.3609,15.6110,0.000,NORMAL,1,ROUTE,,,,,PREVIEW_DEFAULT
67.8883,-63.4112,15.5246,0.000,NORMAL,1,ROUTE,,,,,PREVIEW_DEFAULT
67.9883,-63.4607,15.4377,0.000,NORMAL,1,ROUTE,,,,,PREVIEW_DEFAULT
68.0883,-63.5095,15.3504,0.000,NORMAL,1,ROUTE,,,,,PREVIEW_DEFAULT
68.1883,-63.5576,15.2628,0.000,NORMAL,1,ROUTE,,,,,PREVIEW_DEFAULT
68.2882,-63.6053,15.1750,0.000,NORMAL,1,ROUTE,,,,,PREVIEW_DEFAULT
68.3882,-63.6526,15.0869,0.000,NORMAL,1,ROUTE,,,,,PREVIEW_DEFAULT
68.4882,-63.6997,14.9987,0.000,NORMAL,1,ROUTE,,,,,PREVIEW_DEFAULT
68.5882,-63.7465,14.9103,0.000,NORMAL,1,ROUTE,,,,,PREVIEW_DEFAULT
68.6882,-63.7932,14.8219,0.000,NORMAL,1,ROUTE,,,,,PREVIEW_DEFAULT
68.7881,-63.8399,14.7335,0.000,NORMAL,1,ROUTE,,,,,PREVIEW_DEFAULT
68.8881,-63.8866,14.6451,0.000,NORMAL,1,ROUTE,,,,,PREVIEW_DEFAULT
68.9881,-63.9334,14.5567,0.000,NORMAL,1,ROUTE,,,,,PREVIEW_DEFAULT
69.0880,-63.9801,14.4684,0.000,NORMAL,1,ROUTE,,,,,PREVIEW_DEFAULT
69.1881,-64.0270,14.3800,0.000,NORMAL,1,ROUTE,,,,,PREVIEW_DEFAULT
69.2880,-64.0740,14.2918,0.000,NORMAL,1,ROUTE,,,,,PREVIEW_DEFAULT
69.3880,-64.1211,14.2036,0.000,NORMAL,1,ROUTE,,,,,PREVIEW_DEFAULT
69.4880,-64.1682,14.1154,0.000,NORMAL,1,ROUTE,,,,,PREVIEW_DEFAULT
69.5880,-64.2155,14.0273,0.000,NORMAL,1,ROUTE,,,,,PREVIEW_DEFAULT
69.6880,-64.2628,13.9392,0.000,NORMAL,1,ROUTE,,,,,PREVIEW_DEFAULT
69.7880,-64.3103,13.8512,0.000,NORMAL,1,ROUTE,,,,,PREVIEW_DEFAULT
69.8879,-64.3578,13.7633,0.000,NORMAL,1,ROUTE,,,,,PREVIEW_DEFAULT
69.9879,-64.4053,13.6753,0.000,NORMAL,1,ROUTE,,,,,PREVIEW_DEFAULT
70.0879,-64.4530,13.5874,0.000,NORMAL,1,ROUTE,,,,,PREVIEW_DEFAULT
70.1879,-64.5006,13.4995,0.000,NORMAL,1,ROUTE,,,,,PREVIEW_DEFAULT
70.2879,-64.5483,13.4116,0.000,NORMAL,1,ROUTE,,,,,PREVIEW_DEFAULT
70.3879,-64.5959,13.3237,0.000,NORMAL,1,ROUTE,,,,,PREVIEW_DEFAULT
70.4879,-64.6434,13.2357,0.000,NORMAL,1,ROUTE,,,,,PREVIEW_DEFAULT
70.5878,-64.6908,13.1477,0.000,NORMAL,1,ROUTE,,,,,PREVIEW_DEFAULT
70.6878,-64.7380,13.0596,0.000,NORMAL,1,ROUTE,,,,,PREVIEW_DEFAULT
70.7878,-64.7851,12.9713,0.000,NORMAL,1,ROUTE,,,,,PREVIEW_DEFAULT
70.8878,-64.8318,12.8829,0.000,NORMAL,1,ROUTE,,,,,PREVIEW_DEFAULT
70.9878,-64.8783,12.7944,0.000,NORMAL,1,ROUTE,,,,,PREVIEW_DEFAULT
71.0877,-64.9244,12.7057,0.000,NORMAL,1,ROUTE,,,,,PREVIEW_DEFAULT
71.1877,-64.9702,12.6169,0.000,NORMAL,1,ROUTE,,,,,PREVIEW_DEFAULT
71.2877,-65.0157,12.5278,0.000,NORMAL,1,ROUTE,,,,,PREVIEW_DEFAULT
71.3877,-65.0609,12.4386,0.000,NORMAL,1,ROUTE,,,,,PREVIEW_DEFAULT
71.4877,-65.1059,12.3493,0.000,NORMAL,1,ROUTE,,,,,PREVIEW_DEFAULT
71.5876,-65.1507,12.2600,0.000,NORMAL,1,ROUTE,,,,,PREVIEW_DEFAULT
71.6877,-65.1954,12.1705,0.000,NORMAL,1,ROUTE,,,,,PREVIEW_DEFAULT
71.7876,-65.2401,12.0811,0.000,NORMAL,1,ROUTE,,,,,PREVIEW_DEFAULT
71.8876,-65.2849,11.9917,0.000,NORMAL,1,ROUTE,,,,,PREVIEW_DEFAULT
71.9876,-65.3298,11.9024,0.000,NORMAL,1,ROUTE,,,,,PREVIEW_DEFAULT
72.0876,-65.3750,11.8132,0.000,NORMAL,1,ROUTE,,,,,PREVIEW_DEFAULT
72.1875,-65.4203,11.7241,0.000,NORMAL,1,ROUTE,,,,,PREVIEW_DEFAULT
72.2876,-65.4660,11.6351,0.000,NORMAL,1,ROUTE,,,,,PREVIEW_DEFAULT
72.3875,-65.5119,11.5463,0.000,NORMAL,1,ROUTE,,,,,PREVIEW_DEFAULT
72.4875,-65.5581,11.4576,0.000,NORMAL,1,ROUTE,,,,,PREVIEW_DEFAULT
72.5875,-65.6045,11.3691,0.000,NORMAL,1,ROUTE,,,,,PREVIEW_DEFAULT
72.6875,-65.6511,11.2806,0.000,NORMAL,1,ROUTE,,,,,PREVIEW_DEFAULT
72.7875,-65.6979,11.1922,0.000,NORMAL,1,ROUTE,,,,,PREVIEW_DEFAULT
72.8874,-65.7447,11.1039,0.000,NORMAL,1,ROUTE,,,,,PREVIEW_DEFAULT
72.9874,-65.7915,11.0156,0.000,NORMAL,1,ROUTE,,,,,PREVIEW_DEFAULT
73.0874,-65.8383,10.9272,0.000,NORMAL,1,ROUTE,,,,,PREVIEW_DEFAULT
73.1873,-65.8849,10.8388,0.000,NORMAL,1,ROUTE,,,,,PREVIEW_DEFAULT
73.2874,-65.9314,10.7502,0.000,NORMAL,1,ROUTE,,,,,PREVIEW_DEFAULT
73.3874,-65.9776,10.6615,0.000,NORMAL,1,ROUTE,,,,,PREVIEW_DEFAULT
73.4874,-66.0235,10.5727,0.000,NORMAL,1,ROUTE,,,,,PREVIEW_DEFAULT
73.5874,-66.0691,10.4837,0.000,NORMAL,1,ROUTE,,,,,PREVIEW_DEFAULT
73.6873,-66.1143,10.3946,0.000,NORMAL,1,ROUTE,,,,,PREVIEW_DEFAULT
73.7873,-66.1593,10.3053,0.000,NORMAL,1,ROUTE,,,,,PREVIEW_DEFAULT
73.8873,-66.2039,10.2158,0.000,NORMAL,1,ROUTE,,,,,PREVIEW_DEFAULT
73.9873,-66.2483,10.1262,0.000,NORMAL,1,ROUTE,,,,,PREVIEW_DEFAULT
74.0872,-66.2924,10.0365,0.000,NORMAL,1,ROUTE,,,,,PREVIEW_DEFAULT
74.1873,-66.3363,9.9466,0.000,NORMAL,1,ROUTE,,,,,PREVIEW_DEFAULT
74.2872,-66.3799,9.8567,0.000,NORMAL,1,ROUTE,,,,,PREVIEW_DEFAULT
74.3872,-66.4233,9.7666,0.000,NORMAL,1,ROUTE,,,,,PREVIEW_DEFAULT
74.4871,-66.4666,9.6765,0.000,NORMAL,1,ROUTE,,,,,PREVIEW_DEFAULT
74.5872,-66.5096,9.5862,0.000,NORMAL,1,ROUTE,,,,,PREVIEW_DEFAULT
74.6871,-66.5523,9.4958,0.000,NORMAL,1,ROUTE,,,,,PREVIEW_DEFAULT
74.7871,-66.5948,9.4053,0.000,NORMAL,1,ROUTE,,,,,PREVIEW_DEFAULT
74.8871,-66.6371,9.3147,0.000,NORMAL,1,ROUTE,,,,,PREVIEW_DEFAULT
74.9871,-66.6789,9.2239,0.000,NORMAL,1,ROUTE,,,,,PREVIEW_DEFAULT
75.0870,-66.7204,9.1330,0.000,NORMAL,1,ROUTE,,,,,PREVIEW_DEFAULT
75.1870,-66.7615,9.0418,0.000,NORMAL,1,ROUTE,,,,,PREVIEW_DEFAULT
75.2870,-66.8020,8.9504,0.000,NORMAL,1,ROUTE,,,,,PREVIEW_DEFAULT
75.3870,-66.8421,8.8588,0.000,NORMAL,1,ROUTE,,,,,PREVIEW_DEFAULT
75.4869,-66.8814,8.7669,0.000,NORMAL,1,ROUTE,,,,,PREVIEW_DEFAULT
75.5870,-66.9202,8.6747,0.000,NORMAL,1,ROUTE,,,,,PREVIEW_DEFAULT
75.6870,-66.9582,8.5822,0.000,NORMAL,1,ROUTE,,,,,PREVIEW_DEFAULT
75.7870,-66.9954,8.4894,0.000,NORMAL,1,ROUTE,,,,,PREVIEW_DEFAULT
75.8869,-67.0318,8.3963,0.000,NORMAL,1,ROUTE,,,,,PREVIEW_DEFAULT
75.9869,-67.0672,8.3028,0.000,NORMAL,1,ROUTE,,,,,PREVIEW_DEFAULT
76.0869,-67.1018,8.2090,0.000,NORMAL,1,ROUTE,,,,,PREVIEW_DEFAULT
76.1868,-67.1353,8.1148,0.000,NORMAL,1,ROUTE,,,,,PREVIEW_DEFAULT
76.2868,-67.1679,8.0203,0.000,NORMAL,1,ROUTE,,,,,PREVIEW_DEFAULT
76.3868,-67.1995,7.9254,0.000,NORMAL,1,ROUTE,,,,,PREVIEW_DEFAULT
76.4868,-67.2301,7.8302,0.000,NORMAL,1,ROUTE,,,,,PREVIEW_DEFAULT
76.5868,-67.2597,7.7347,0.000,NORMAL,1,ROUTE,,,,,PREVIEW_DEFAULT
76.6868,-67.2883,7.6389,0.000,NORMAL,1,ROUTE,,,,,PREVIEW_DEFAULT
76.7867,-67.3161,7.5429,0.000,NORMAL,1,ROUTE,,,,,PREVIEW_DEFAULT
76.8868,-67.3431,7.4466,0.000,NORMAL,1,ROUTE,,,,,PREVIEW_DEFAULT
76.9867,-67.3692,7.3501,0.000,NORMAL,1,ROUTE,,,,,PREVIEW_DEFAULT
77.0867,-67.3946,7.2534,0.000,NORMAL,1,ROUTE,,,,,PREVIEW_DEFAULT
77.1866,-67.4191,7.1565,0.000,NORMAL,1,ROUTE,,,,,PREVIEW_DEFAULT
77.2866,-67.4430,7.0594,0.000,NORMAL,1,ROUTE,,,,,PREVIEW_DEFAULT
77.3867,-67.4661,6.9621,0.000,NORMAL,1,ROUTE,,,,,PREVIEW_DEFAULT
77.4866,-67.4885,6.8647,0.000,NORMAL,1,ROUTE,,,,,PREVIEW_DEFAULT
77.5866,-67.5102,6.7671,0.000,NORMAL,1,ROUTE,,,,,PREVIEW_DEFAULT
77.6866,-67.5311,6.6693,0.000,NORMAL,1,ROUTE,,,,,PREVIEW_DEFAULT
77.7866,-67.5512,6.5713,0.000,NORMAL,1,ROUTE,,,,,PREVIEW_DEFAULT
77.8866,-67.5705,6.4732,0.000,NORMAL,1,ROUTE,,,,,PREVIEW_DEFAULT
77.9865,-67.5889,6.3750,0.000,NORMAL,1,ROUTE,,,,,PREVIEW_DEFAULT
78.0865,-67.6063,6.2765,0.000,NORMAL,1,ROUTE,,,,,PREVIEW_DEFAULT
78.1865,-67.6227,6.1779,0.000,NORMAL,1,ROUTE,,,,,PREVIEW_DEFAULT
78.2865,-67.6380,6.0791,0.000,NORMAL,1,ROUTE,,,,,PREVIEW_DEFAULT
78.3865,-67.6522,5.9801,0.000,NORMAL,1,ROUTE,,,,,PREVIEW_DEFAULT
78.4864,-67.6652,5.8810,0.000,NORMAL,1,ROUTE,,,,,PREVIEW_DEFAULT
78.5864,-67.6769,5.7817,0.000,NORMAL,1,ROUTE,,,,,PREVIEW_DEFAULT
78.6865,-67.6873,5.6822,0.000,NORMAL,1,ROUTE,,,,,PREVIEW_DEFAULT
78.7864,-67.6964,5.5827,0.000,NORMAL,1,ROUTE,,,,,PREVIEW_DEFAULT
78.8864,-67.7042,5.4830,0.000,NORMAL,1,ROUTE,,,,,PREVIEW_DEFAULT
78.9864,-67.7107,5.3832,0.000,NORMAL,1,ROUTE,,,,,PREVIEW_DEFAULT
79.0863,-67.7159,5.2834,0.000,NORMAL,1,ROUTE,,,,,PREVIEW_DEFAULT
79.1863,-67.7200,5.1835,0.000,NORMAL,1,ROUTE,,,,,PREVIEW_DEFAULT
79.2864,-67.7230,5.0835,0.000,NORMAL,1,ROUTE,,,,,PREVIEW_DEFAULT
79.3863,-67.7249,4.9836,0.000,NORMAL,1,ROUTE,,,,,PREVIEW_DEFAULT
79.4863,-67.7258,4.8836,0.000,NORMAL,1,ROUTE,,,,,PREVIEW_DEFAULT
79.5863,-67.7258,4.7836,0.000,NORMAL,1,ROUTE,,,,,PREVIEW_DEFAULT
79.6863,-67.7249,4.6836,0.000,NORMAL,1,ROUTE,,,,,PREVIEW_DEFAULT
79.7862,-67.7231,4.5837,0.000,NORMAL,1,ROUTE,,,,,PREVIEW_DEFAULT
79.8862,-67.7206,4.4837,0.000,NORMAL,1,ROUTE,,,,,PREVIEW_DEFAULT
79.9862,-67.7172,4.3838,0.000,NORMAL,1,ROUTE,,,,,PREVIEW_DEFAULT
80.0862,-67.7132,4.2839,0.000,NORMAL,1,ROUTE,,,,,PREVIEW_DEFAULT
80.1862,-67.7085,4.1840,0.000,NORMAL,1,ROUTE,,,,,PREVIEW_DEFAULT
80.2861,-67.7031,4.0842,0.000,NORMAL,1,ROUTE,,,,,PREVIEW_DEFAULT
80.3861,-67.6969,3.9844,0.000,NORMAL,1,ROUTE,,,,,PREVIEW_DEFAULT
80.4862,-67.6901,3.8846,0.000,NORMAL,1,ROUTE,,,,,PREVIEW_DEFAULT
80.5861,-67.6825,3.7849,0.000,NORMAL,1,ROUTE,,,,,PREVIEW_DEFAULT
80.6861,-67.6742,3.6853,0.000,NORMAL,1,ROUTE,,,,,PREVIEW_DEFAULT
80.7861,-67.6651,3.5857,0.000,NORMAL,1,ROUTE,,,,,PREVIEW_DEFAULT
80.8860,-67.6550,3.4863,0.000,NORMAL,1,ROUTE,,,,,PREVIEW_DEFAULT
80.9860,-67.6441,3.3869,0.000,NORMAL,1,ROUTE,,,,,PREVIEW_DEFAULT
81.0860,-67.6321,3.2876,0.000,NORMAL,1,ROUTE,,,,,PREVIEW_DEFAULT
81.1860,-67.6191,3.1885,0.000,NORMAL,1,ROUTE,,,,,PREVIEW_DEFAULT
81.2860,-67.6049,3.0895,0.000,NORMAL,1,ROUTE,,,,,PREVIEW_DEFAULT
81.3860,-67.5894,2.9907,0.000,NORMAL,1,ROUTE,,,,,PREVIEW_DEFAULT
81.4859,-67.5726,2.8922,0.000,NORMAL,1,ROUTE,,,,,PREVIEW_DEFAULT
81.5859,-67.5543,2.7939,0.000,NORMAL,1,ROUTE,,,,,PREVIEW_DEFAULT
81.6859,-67.5346,2.6959,0.000,NORMAL,1,ROUTE,,,,,PREVIEW_DEFAULT
81.7859,-67.5133,2.5982,0.000,NORMAL,1,ROUTE,,,,,PREVIEW_DEFAULT
81.8858,-67.4903,2.5009,0.000,NORMAL,1,ROUTE,,,,,PREVIEW_DEFAULT
81.9858,-67.4658,2.4040,0.000,NORMAL,1,ROUTE,,,,,PREVIEW_DEFAULT
82.0858,-67.4395,2.3075,0.000,NORMAL,1,ROUTE,,,,,PREVIEW_DEFAULT
82.1858,-67.4115,2.2115,0.000,NORMAL,1,ROUTE,,,,,PREVIEW_DEFAULT
82.2858,-67.3818,2.1160,0.000,NORMAL,1,ROUTE,,,,,PREVIEW_DEFAULT
82.3858,-67.3504,2.0211,0.000,NORMAL,1,ROUTE,,,,,PREVIEW_DEFAULT
82.4858,-67.3172,1.9268,0.000,NORMAL,1,ROUTE,,,,,PREVIEW_DEFAULT
82.5857,-67.2822,1.8332,0.000,NORMAL,1,ROUTE,,,,,PREVIEW_DEFAULT
82.6858,-67.2455,1.7401,0.000,NORMAL,1,ROUTE,,,,,PREVIEW_DEFAULT
82.7857,-67.2071,1.6478,0.000,NORMAL,1,ROUTE,,,,,PREVIEW_DEFAULT
82.8857,-67.1671,1.5562,0.000,NORMAL,1,ROUTE,,,,,PREVIEW_DEFAULT
82.9857,-67.1254,1.4653,0.000,NORMAL,1,ROUTE,,,,,PREVIEW_DEFAULT
83.0856,-67.0822,1.3752,0.000,NORMAL,1,ROUTE,,,,,PREVIEW_DEFAULT
83.1856,-67.0374,1.2858,0.000,NORMAL,1,ROUTE,,,,,PREVIEW_DEFAULT
83.2856,-66.9911,1.1972,0.000,NORMAL,1,ROUTE,,,,,PREVIEW_DEFAULT
83.3856,-66.9434,1.1093,0.000,NORMAL,1,ROUTE,,,,,PREVIEW_DEFAULT
83.4856,-66.8943,1.0222,0.000,NORMAL,1,ROUTE,,,,,PREVIEW_DEFAULT
83.5855,-66.8439,0.9359,0.000,NORMAL,1,ROUTE,,,,,PREVIEW_DEFAULT
83.6856,-66.7923,0.8502,0.000,NORMAL,1,ROUTE,,,,,PREVIEW_DEFAULT
83.7855,-66.7395,0.7653,0.000,NORMAL,1,ROUTE,,,,,PREVIEW_DEFAULT
83.8855,-66.6856,0.6811,0.000,NORMAL,1,ROUTE,,,,,PREVIEW_DEFAULT
83.9854,-66.6307,0.5976,0.000,NORMAL,1,ROUTE,,,,,PREVIEW_DEFAULT
84.0855,-66.5748,0.5146,0.000,NORMAL,1,ROUTE,,,,,PREVIEW_DEFAULT
84.1854,-66.5181,0.4323,0.000,NORMAL,1,ROUTE,,,,,PREVIEW_DEFAULT
84.2854,-66.4605,0.3506,0.000,NORMAL,1,ROUTE,,,,,PREVIEW_DEFAULT
84.3854,-66.4022,0.2694,0.000,NORMAL,1,ROUTE,,,,,PREVIEW_DEFAULT
84.4854,-66.3432,0.1886,0.000,NORMAL,1,ROUTE,,,,,PREVIEW_DEFAULT
84.5854,-66.2837,0.1083,0.000,NORMAL,1,ROUTE,,,,,PREVIEW_DEFAULT
84.6854,-66.2237,0.0283,0.000,NORMAL,1,ROUTE,,,,,PREVIEW_DEFAULT
84.7853,-66.1632,-0.0513,0.000,NORMAL,1,ROUTE,,,,,PREVIEW_DEFAULT
84.8853,-66.1023,-0.1306,0.000,NORMAL,1,ROUTE,,,,,PREVIEW_DEFAULT
84.9853,-66.0411,-0.2097,0.000,NORMAL,1,ROUTE,,,,,PREVIEW_DEFAULT
85.0853,-65.9796,-0.2885,0.000,NORMAL,1,ROUTE,,,,,PREVIEW_DEFAULT
85.1853,-65.9177,-0.3670,0.000,NORMAL,1,ROUTE,,,,,PREVIEW_DEFAULT
85.2853,-65.8556,-0.4454,0.000,NORMAL,1,ROUTE,,,,,PREVIEW_DEFAULT
85.3852,-65.7931,-0.5234,0.000,NORMAL,1,ROUTE,,,,,PREVIEW_DEFAULT
85.4852,-65.7303,-0.6012,0.000,NORMAL,1,ROUTE,,,,,PREVIEW_DEFAULT
85.5852,-65.6670,-0.6786,0.000,NORMAL,1,ROUTE,,,,,PREVIEW_DEFAULT
85.6852,-65.6034,-0.7557,0.000,NORMAL,1,ROUTE,,,,,PREVIEW_DEFAULT
85.7852,-65.5392,-0.8324,0.000,NORMAL,1,ROUTE,,,,,PREVIEW_DEFAULT
85.8852,-65.4746,-0.9087,0.000,NORMAL,1,ROUTE,,,,,PREVIEW_DEFAULT
85.9851,-65.4093,-0.9844,0.000,NORMAL,1,ROUTE,,,,,PREVIEW_DEFAULT
86.0851,-65.3435,-1.0597,0.000,NORMAL,1,ROUTE,,,,,PREVIEW_DEFAULT
86.1851,-65.2771,-1.1344,0.000,NORMAL,1,ROUTE,,,,,PREVIEW_DEFAULT
86.2851,-65.2101,-1.2087,0.000,NORMAL,1,ROUTE,,,,,PREVIEW_DEFAULT
86.3851,-65.1425,-1.2824,0.000,NORMAL,1,ROUTE,,,,,PREVIEW_DEFAULT
86.4851,-65.0744,-1.3556,0.000,NORMAL,1,ROUTE,,,,,PREVIEW_DEFAULT
86.5851,-65.0058,-1.4283,0.000,NORMAL,1,ROUTE,,,,,PREVIEW_DEFAULT
86.6851,-64.9367,-1.5006,0.000,NORMAL,1,ROUTE,,,,,PREVIEW_DEFAULT
86.7850,-64.8672,-1.5724,0.000,NORMAL,1,ROUTE,,,,,PREVIEW_DEFAULT
86.8850,-64.7973,-1.6439,0.000,NORMAL,1,ROUTE,,,,,PREVIEW_DEFAULT
86.9849,-64.7270,-1.7149,0.000,NORMAL,1,ROUTE,,,,,PREVIEW_DEFAULT
87.0850,-64.6563,-1.7857,0.000,NORMAL,1,ROUTE,,,,,PREVIEW_DEFAULT
87.1849,-64.5854,-1.8561,0.000,NORMAL,1,ROUTE,,,,,PREVIEW_DEFAULT
87.2849,-64.5141,-1.9263,0.000,NORMAL,1,ROUTE,,,,,PREVIEW_DEFAULT
87.3849,-64.4427,-1.9962,0.000,NORMAL,1,ROUTE,,,,,PREVIEW_DEFAULT
87.4848,-64.3710,-2.0659,0.000,NORMAL,1,ROUTE,,,,,PREVIEW_DEFAULT
87.5848,-64.2991,-2.1354,0.000,NORMAL,1,ROUTE,,,,,PREVIEW_DEFAULT
87.6848,-64.2271,-2.2047,0.000,NORMAL,1,ROUTE,,,,,PREVIEW_DEFAULT
87.7849,-64.1548,-2.2739,0.000,NORMAL,1,ROUTE,,,,,PREVIEW_DEFAULT
87.8848,-64.0825,-2.3429,0.000,NORMAL,1,ROUTE,,,,,PREVIEW_DEFAULT
87.9847,-64.0100,-2.4117,0.000,NORMAL,1,ROUTE,,,,,PREVIEW_DEFAULT
88.0848,-63.9373,-2.4805,0.000,NORMAL,1,ROUTE,,,,,PREVIEW_DEFAULT
88.1847,-63.8646,-2.5490,0.000,NORMAL,1,ROUTE,,,,,PREVIEW_DEFAULT
88.2848,-63.7917,-2.6175,0.000,NORMAL,1,ROUTE,,,,,PREVIEW_DEFAULT
88.3847,-63.7187,-2.6857,0.000,NORMAL,1,ROUTE,,,,,PREVIEW_DEFAULT
88.4847,-63.6455,-2.7539,0.000,NORMAL,1,ROUTE,,,,,PREVIEW_DEFAULT
88.5825,-63.5738,-2.8204,0.000,NORMAL,1,BEND,BEND_START,ENTER_ZONE,,,PREVIEW_DEFAULT
88.5847,-63.5722,-2.8219,0.000,NORMAL,1,BEND,,,,,PREVIEW_DEFAULT
88.6846,-63.4988,-2.8897,0.000,NORMAL,1,BEND,,,,,PREVIEW_DEFAULT
88.7847,-63.4251,-2.9574,0.000,NORMAL,1,BEND,,,,,PREVIEW_DEFAULT
88.8846,-63.3513,-3.0248,0.000,NORMAL,1,BEND,,,,,PREVIEW_DEFAULT
88.9846,-63.2772,-3.0919,0.000,NORMAL,1,BEND,,,,,PREVIEW_DEFAULT
89.0846,-63.2028,-3.1587,0.000,NORMAL,1,BEND,,,,,PREVIEW_DEFAULT
89.1845,-63.1281,-3.2251,0.000,NORMAL,1,BEND,,,,,PREVIEW_DEFAULT
89.2846,-63.0529,-3.2911,0.000,NORMAL,1,BEND,,,,,PREVIEW_DEFAULT
89.3845,-62.9774,-3.3566,0.000,NORMAL,1,BEND,,,,,PREVIEW_DEFAULT
89.4845,-62.9014,-3.4216,0.000,NORMAL,1,BEND,,,,,PREVIEW_DEFAULT
89.5845,-62.8249,-3.4860,0.000,NORMAL,1,BEND,,,,,PREVIEW_DEFAULT
89.6845,-62.7479,-3.5497,0.000,NORMAL,1,BEND,,,,,PREVIEW_DEFAULT
89.7844,-62.6703,-3.6127,0.000,NORMAL,1,BEND,,,,,PREVIEW_DEFAULT
89.8844,-62.5921,-3.6750,0.000,NORMAL,1,BEND,,,,,PREVIEW_DEFAULT
89.9845,-62.5132,-3.7365,0.000,NORMAL,1,BEND,,,,,PREVIEW_DEFAULT
90.0845,-62.4337,-3.7972,0.000,NORMAL,1,BEND,,,,,PREVIEW_DEFAULT
90.1845,-62.3535,-3.8569,0.000,NORMAL,1,BEND,,,,,PREVIEW_DEFAULT
90.2844,-62.2726,-3.9156,0.000,NORMAL,1,BEND,,,,,PREVIEW_DEFAULT
90.3844,-62.1910,-3.9733,0.000,NORMAL,1,BEND,,,,,PREVIEW_DEFAULT
90.4844,-62.1086,-4.0300,0.000,NORMAL,1,BEND,,,,,PREVIEW_DEFAULT
90.5844,-62.0255,-4.0856,0.000,NORMAL,1,BEND,,,,,PREVIEW_DEFAULT
90.6844,-61.9416,-4.1400,0.000,NORMAL,1,BEND,,,,,PREVIEW_DEFAULT
90.7843,-61.8570,-4.1933,0.000,NORMAL,1,BEND,,,,,PREVIEW_DEFAULT
90.8843,-61.7717,-4.2454,0.000,NORMAL,1,BEND,,,,,PREVIEW_DEFAULT
90.9842,-61.6857,-4.2963,0.000,NORMAL,1,BEND,,,,,PREVIEW_DEFAULT
91.0843,-61.5990,-4.3462,0.000,NORMAL,1,BEND,,,,,PREVIEW_DEFAULT
91.1842,-61.5117,-4.3949,0.000,NORMAL,1,BEND,,,,,PREVIEW_DEFAULT
91.2842,-61.4239,-4.4427,0.000,NORMAL,1,BEND,,,,,PREVIEW_DEFAULT
91.3842,-61.3355,-4.4895,0.000,NORMAL,1,BEND,,,,,PREVIEW_DEFAULT
91.4841,-61.2468,-4.5355,0.000,NORMAL,1,BEND,,,,,PREVIEW_DEFAULT
91.5842,-61.1576,-4.5808,0.000,NORMAL,1,BEND,,,,,PREVIEW_DEFAULT
91.6841,-61.0682,-4.6255,0.000,NORMAL,1,BEND,,,,,PREVIEW_DEFAULT
91.7841,-60.9785,-4.6696,0.000,NORMAL,1,BEND,,,,,PREVIEW_DEFAULT
91.8841,-60.8886,-4.7134,0.000,NORMAL,1,BEND,,,,,PREVIEW_DEFAULT
91.9841,-60.7985,-4.7567,0.000,NORMAL,1,BEND,,,,,PREVIEW_DEFAULT
92.0840,-60.7083,-4.7998,0.000,NORMAL,1,BEND,,,,,PREVIEW_DEFAULT
92.1841,-60.6179,-4.8427,0.000,NORMAL,1,BEND,,,,,PREVIEW_DEFAULT
92.2841,-60.5275,-4.8854,0.000,NORMAL,1,BEND,,,,,PREVIEW_DEFAULT
92.3840,-60.4370,-4.9279,0.000,NORMAL,1,BEND,,,,,PREVIEW_DEFAULT
92.4840,-60.3464,-4.9702,0.000,NORMAL,1,BEND,,,,,PREVIEW_DEFAULT
92.5840,-60.2558,-5.0124,0.000,NORMAL,1,BEND,,,,,PREVIEW_DEFAULT
92.6840,-60.1650,-5.0543,0.000,NORMAL,1,BEND,,,,,PREVIEW_DEFAULT
92.7839,-60.0742,-5.0961,0.000,NORMAL,1,BEND,,,,,PREVIEW_DEFAULT
92.8840,-59.9832,-5.1376,0.000,NORMAL,1,BEND,,,,,PREVIEW_DEFAULT
92.9839,-59.8921,-5.1788,0.000,NORMAL,1,BEND,,,,,PREVIEW_DEFAULT
93.0839,-59.8009,-5.2198,0.000,NORMAL,1,BEND,,,,,PREVIEW_DEFAULT
93.1839,-59.7095,-5.2603,0.000,NORMAL,1,BEND,,,,,PREVIEW_DEFAULT
93.2839,-59.6179,-5.3004,0.000,NORMAL,1,BEND,,,,,PREVIEW_DEFAULT
93.3838,-59.5262,-5.3401,0.000,NORMAL,1,BEND,,,,,PREVIEW_DEFAULT
93.4839,-59.4341,-5.3792,0.000,NORMAL,1,BEND,,,,,PREVIEW_DEFAULT
93.5838,-59.3419,-5.4178,0.000,NORMAL,1,BEND,,,,,PREVIEW_DEFAULT
93.6838,-59.2494,-5.4557,0.000,NORMAL,1,BEND,,,,,PREVIEW_DEFAULT
93.7838,-59.1566,-5.4930,0.000,NORMAL,1,BEND,,,,,PREVIEW_DEFAULT
93.8838,-59.0636,-5.5297,0.000,NORMAL,1,BEND,,,,,PREVIEW_DEFAULT
93.9837,-58.9704,-5.5658,0.000,NORMAL,1,BEND,,,,,PREVIEW_DEFAULT
94.0837,-58.8769,-5.6012,0.000,NORMAL,1,BEND,,,,,PREVIEW_DEFAULT
94.1837,-58.7831,-5.6359,0.000,NORMAL,1,BEND,,,,,PREVIEW_DEFAULT
94.2837,-58.6891,-5.6700,0.000,NORMAL,1,BEND,,,,,PREVIEW_DEFAULT
94.3837,-58.5949,-5.7035,0.000,NORMAL,1,BEND,,,,,PREVIEW_DEFAULT
94.4837,-58.5005,-5.7364,0.000,NORMAL,1,BEND,,,,,PREVIEW_DEFAULT
94.5836,-58.4059,-5.7687,0.000,NORMAL,1,BEND,,,,,PREVIEW_DEFAULT
94.6837,-58.3111,-5.8006,0.000,NORMAL,1,BEND,,,,,PREVIEW_DEFAULT
94.7836,-58.2162,-5.8319,0.000,NORMAL,1,BEND,,,,,PREVIEW_DEFAULT
94.8836,-58.1211,-5.8628,0.000,NORMAL,1,BEND,,,,,PREVIEW_DEFAULT
94.9836,-58.0258,-5.8932,0.000,NORMAL,1,BEND,,,,,PREVIEW_DEFAULT
95.0835,-57.9305,-5.9232,0.000,NORMAL,1,BEND,,,,,PREVIEW_DEFAULT
95.1836,-57.8349,-5.9527,0.000,NORMAL,1,BEND,,,,,PREVIEW_DEFAULT
95.2836,-57.7392,-5.9817,0.000,NORMAL,1,BEND,,,,,PREVIEW_DEFAULT
95.3835,-57.6434,-6.0100,0.000,NORMAL,1,BEND,,,,,PREVIEW_DEFAULT
95.4834,-57.5473,-6.0376,0.000,NORMAL,1,BEND,,,,,PREVIEW_DEFAULT
95.5835,-57.4509,-6.0643,0.000,NORMAL,1,BEND,,,,,PREVIEW_DEFAULT
95.6834,-57.3543,-6.0900,0.000,NORMAL,1,BEND,,,,,PREVIEW_DEFAULT
95.7834,-57.2574,-6.1145,0.000,NORMAL,1,BEND,,,,,PREVIEW_DEFAULT
95.8834,-57.1601,-6.1377,0.000,NORMAL,1,BEND,,,,,PREVIEW_DEFAULT
95.9834,-57.0625,-6.1593,0.000,NORMAL,1,BEND,,,,,PREVIEW_DEFAULT
96.0834,-56.9645,-6.1792,0.000,NORMAL,1,BEND,,,,,PREVIEW_DEFAULT
96.1834,-56.8661,-6.1972,0.000,NORMAL,1,BEND,,,,,PREVIEW_DEFAULT
96.2834,-56.7674,-6.2132,0.000,NORMAL,1,BEND,,,,,PREVIEW_DEFAULT
96.3834,-56.6684,-6.2271,0.000,NORMAL,1,BEND,,,,,PREVIEW_DEFAULT
96.4833,-56.5691,-6.2387,0.000,NORMAL,1,BEND,,,,,PREVIEW_DEFAULT
96.5833,-56.4696,-6.2480,0.000,NORMAL,1,BEND,,,,,PREVIEW_DEFAULT
96.6833,-56.3698,-6.2548,0.000,NORMAL,1,BEND,,,,,PREVIEW_DEFAULT
96.7833,-56.2699,-6.2589,0.000,NORMAL,1,BEND,,,,,PREVIEW_DEFAULT
96.8832,-56.1700,-6.2604,0.000,NORMAL,1,BEND,,,,,PREVIEW_DEFAULT
96.9832,-56.0700,-6.2591,0.000,NORMAL,1,BEND,,,,,PREVIEW_DEFAULT
97.0832,-55.9701,-6.2549,0.000,NORMAL,1,BEND,,,,,PREVIEW_DEFAULT
97.1832,-55.8704,-6.2477,0.000,NORMAL,1,BEND,,,,,PREVIEW_DEFAULT
97.2832,-55.7709,-6.2375,0.000,NORMAL,1,BEND,,,,,PREVIEW_DEFAULT
97.3832,-55.6718,-6.2243,0.000,NORMAL,1,BEND,,,,,PREVIEW_DEFAULT
97.4831,-55.5732,-6.2079,0.000,NORMAL,1,BEND,,,,,PREVIEW_DEFAULT
97.5831,-55.4751,-6.1884,0.000,NORMAL,1,BEND,,,,,PREVIEW_DEFAULT
97.6830,-55.3778,-6.1658,0.000,NORMAL,1,BEND,,,,,PREVIEW_DEFAULT
97.7830,-55.2812,-6.1400,0.000,NORMAL,1,BEND,,,,,PREVIEW_DEFAULT
97.8830,-55.1855,-6.1111,0.000,NORMAL,1,BEND,,,,,PREVIEW_DEFAULT
97.9830,-55.0907,-6.0792,0.000,NORMAL,1,BEND,,,,,PREVIEW_DEFAULT
98.0830,-54.9970,-6.0443,0.000,NORMAL,1,BEND,,,,,PREVIEW_DEFAULT
98.1830,-54.9044,-6.0065,0.000,NORMAL,1,BEND,,,,,PREVIEW_DEFAULT
98.2829,-54.8131,-5.9659,0.000,NORMAL,1,BEND,,,,,PREVIEW_DEFAULT
98.3829,-54.7230,-5.9225,0.000,NORMAL,1,BEND,,,,,PREVIEW_DEFAULT
98.4828,-54.6343,-5.8765,0.000,NORMAL,1,BEND,,,,,PREVIEW_DEFAULT
98.5829,-54.5469,-5.8278,0.000,NORMAL,1,BEND,,,,,PREVIEW_DEFAULT
98.6828,-54.4610,-5.7767,0.000,NORMAL,1,BEND,,,,,PREVIEW_DEFAULT
98.7828,-54.3766,-5.7232,0.000,NORMAL,1,BEND,,,,,PREVIEW_DEFAULT
98.8828,-54.2936,-5.6674,0.000,NORMAL,1,BEND,,,,,PREVIEW_DEFAULT
98.9828,-54.2120,-5.6095,0.000,NORMAL,1,BEND,,,,,PREVIEW_DEFAULT
99.0828,-54.1320,-5.5496,0.000,NORMAL,1,BEND,,,,,PREVIEW_DEFAULT
99.1828,-54.0534,-5.4878,0.000,NORMAL,1,BEND,,,,,PREVIEW_DEFAULT
99.2827,-53.9763,-5.4242,0.000,NORMAL,1,BEND,,,,,PREVIEW_DEFAULT
99.3827,-53.9006,-5.3589,0.000,NORMAL,1,BEND,,,,,PREVIEW_DEFAULT
99.4827,-53.8263,-5.2920,0.000,NORMAL,1,BEND,,,,,PREVIEW_DEFAULT
99.5826,-53.7534,-5.2236,0.000,NORMAL,1,BEND,,,,,PREVIEW_DEFAULT
99.6827,-53.6818,-5.1537,0.000,NORMAL,1,BEND,,,,,PREVIEW_DEFAULT
99.7827,-53.6116,-5.0825,0.000,NORMAL,1,BEND,,,,,PREVIEW_DEFAULT
99.8826,-53.5427,-5.0101,0.000,NORMAL,1,BEND,,,,,PREVIEW_DEFAULT
99.9826,-53.4750,-4.9365,0.000,NORMAL,1,BEND,,,,,PREVIEW_DEFAULT
100.0826,-53.4086,-4.8618,0.000,NORMAL,1,BEND,,,,,PREVIEW_DEFAULT
100.1826,-53.3433,-4.7860,0.000,NORMAL,1,BEND,,,,,PREVIEW_DEFAULT
100.2825,-53.2793,-4.7093,0.000,NORMAL,1,BEND,,,,,PREVIEW_DEFAULT
100.3826,-53.2164,-4.6315,0.000,NORMAL,1,BEND,,,,,PREVIEW_DEFAULT
100.4825,-53.1547,-4.5529,0.000,NORMAL,1,BEND,,,,,PREVIEW_DEFAULT
100.5825,-53.0942,-4.4733,0.000,NORMAL,1,BEND,,,,,PREVIEW_DEFAULT
100.6824,-53.0348,-4.3929,0.000,NORMAL,1,BEND,,,,,PREVIEW_DEFAULT
100.7825,-52.9765,-4.3116,0.000,NORMAL,1,BEND,,,,,PREVIEW_DEFAULT
100.8824,-52.9195,-4.2295,0.000,NORMAL,1,BEND,,,,,PREVIEW_DEFAULT
100.9825,-52.8635,-4.1466,0.000,NORMAL,1,BEND,,,,,PREVIEW_DEFAULT
101.0824,-52.8088,-4.0630,0.000,NORMAL,1,BEND,,,,,PREVIEW_DEFAULT
101.1824,-52.7552,-3.9786,0.000,NORMAL,1,BEND,,,,,PREVIEW_DEFAULT
101.2824,-52.7028,-3.8934,0.000,NORMAL,1,BEND,,,,,PREVIEW_DEFAULT
101.3823,-52.6515,-3.8076,0.000,NORMAL,1,BEND,,,,,PREVIEW_DEFAULT
101.4823,-52.6012,-3.7212,0.000,NORMAL,1,BEND,,,,,PREVIEW_DEFAULT
101.5824,-52.5520,-3.6341,0.000,NORMAL,1,BEND,,,,,PREVIEW_DEFAULT
101.6823,-52.5038,-3.5465,0.000,NORMAL,1,BEND,,,,,PREVIEW_DEFAULT
101.7822,-52.4565,-3.4585,0.000,NORMAL,1,BEND,,,,,PREVIEW_DEFAULT
101.8823,-52.4100,-3.3699,0.000,NORMAL,1,BEND,,,,,PREVIEW_DEFAULT
101.9823,-52.3643,-3.2810,0.000,NORMAL,1,BEND,,,,,PREVIEW_DEFAULT
102.0823,-52.3193,-3.1917,0.000,NORMAL,1,BEND,,,,,PREVIEW_DEFAULT
102.1823,-52.2749,-3.1021,0.000,NORMAL,1,BEND,,,,,PREVIEW_DEFAULT
102.2822,-52.2311,-3.0123,0.000,NORMAL,1,BEND,,,,,PREVIEW_DEFAULT
102.3822,-52.1877,-2.9222,0.000,NORMAL,1,BEND,,,,,PREVIEW_DEFAULT
102.4822,-52.1447,-2.8319,0.000,NORMAL,1,BEND,,,,,PREVIEW_DEFAULT
102.5822,-52.1020,-2.7415,0.000,NORMAL,1,BEND,,,,,PREVIEW_DEFAULT
102.6821,-52.0596,-2.6510,0.000,NORMAL,1,BEND,,,,,PREVIEW_DEFAULT
102.7821,-52.0173,-2.5604,0.000,NORMAL,1,BEND,,,,,PREVIEW_DEFAULT
102.8820,-51.9751,-2.4698,0.000,NORMAL,1,BEND,,,,,PREVIEW_DEFAULT
102.9821,-51.9329,-2.3791,0.000,NORMAL,1,BEND,,,,,PREVIEW_DEFAULT
103.0820,-51.8907,-2.2885,0.000,NORMAL,1,BEND,,,,,PREVIEW_DEFAULT
103.1820,-51.8484,-2.1979,0.000,NORMAL,1,BEND,,,,,PREVIEW_DEFAULT
103.2821,-51.8060,-2.1073,0.000,NORMAL,1,BEND,,,,,PREVIEW_DEFAULT
103.3820,-51.7635,-2.0168,0.000,NORMAL,1,BEND,,,,,PREVIEW_DEFAULT
103.4820,-51.7207,-1.9265,0.000,NORMAL,1,BEND,,,,,PREVIEW_DEFAULT
103.5819,-51.6778,-1.8362,0.000,NORMAL,1,BEND,,,,,PREVIEW_DEFAULT
103.6819,-51.6346,-1.7460,0.000,NORMAL,1,BEND,,,,,PREVIEW_DEFAULT
103.7820,-51.5912,-1.6559,0.000,NORMAL,1,BEND,,,,,PREVIEW_DEFAULT
103.8820,-51.5476,-1.5659,0.000,NORMAL,1,BEND,,,,,PREVIEW_DEFAULT
103.9819,-51.5039,-1.4760,0.000,NORMAL,1,BEND,,,,,PREVIEW_DEFAULT
104.0819,-51.4599,-1.3862,0.000,NORMAL,1,BEND,,,,,PREVIEW_DEFAULT
104.1818,-51.4159,-1.2965,0.000,NORMAL,1,BEND,,,,,PREVIEW_DEFAULT
104.2819,-51.3718,-1.2067,0.000,NORMAL,1,BEND,,,,,PREVIEW_DEFAULT
104.3819,-51.3276,-1.1170,0.000,NORMAL,1,BEND,,,,,PREVIEW_DEFAULT
104.4818,-51.2835,-1.0273,0.000,NORMAL,1,BEND,,,,,PREVIEW_DEFAULT
104.5818,-51.2395,-0.9375,0.000,NORMAL,1,BEND,,,,,PREVIEW_DEFAULT
104.6818,-51.1955,-0.8477,0.000,NORMAL,1,BEND,,,,,PREVIEW_DEFAULT
104.7817,-51.1517,-0.7579,0.000,NORMAL,1,BEND,,,,,PREVIEW_DEFAULT
104.8818,-51.1080,-0.6679,0.000,NORMAL,1,BEND,,,,,PREVIEW_DEFAULT
104.9817,-51.0645,-0.5779,0.000,NORMAL,1,BEND,,,,,PREVIEW_DEFAULT
105.0818,-51.0211,-0.4878,0.000,NORMAL,1,BEND,,,,,PREVIEW_DEFAULT
105.1817,-50.9779,-0.3977,0.000,NORMAL,1,BEND,,,,,PREVIEW_DEFAULT
105.2816,-50.9348,-0.3075,0.000,NORMAL,1,BEND,,,,,PREVIEW_DEFAULT
105.3817,-50.8918,-0.2172,0.000,NORMAL,1,BEND,,,,,PREVIEW_DEFAULT
105.4816,-50.8489,-0.1269,0.000,NORMAL,1,BEND,,,,,PREVIEW_DEFAULT
105.5816,-50.8060,-0.0366,0.000,NORMAL,1,BEND,,,,,PREVIEW_DEFAULT
105.6816,-50.7632,0.0538,0.000,NORMAL,1,BEND,,,,,PREVIEW_DEFAULT
105.7816,-50.7203,0.1441,0.000,NORMAL,1,BEND,,,,,PREVIEW_DEFAULT
105.8816,-50.6774,0.2344,0.000,NORMAL,1,BEND,,,,,PREVIEW_DEFAULT
105.9815,-50.6343,0.3246,0.000,NORMAL,1,BEND,,,,,PREVIEW_DEFAULT
106.0815,-50.5910,0.4147,0.000,NORMAL,1,BEND,,,,,PREVIEW_DEFAULT
106.1815,-50.5474,0.5047,0.000,NORMAL,1,BEND,,,,,PREVIEW_DEFAULT
106.2815,-50.5036,0.5946,0.000,NORMAL,1,BEND,,,,,PREVIEW_DEFAULT
106.3816,-50.4595,0.6844,0.000,NORMAL,1,BEND,,,,,PREVIEW_DEFAULT
106.4815,-50.4151,0.7739,0.000,NORMAL,1,BEND,,,,,PREVIEW_DEFAULT
106.5814,-50.3704,0.8633,0.000,NORMAL,1,BEND,,,,,PREVIEW_DEFAULT
106.6815,-50.3253,0.9526,0.000,NORMAL,1,BEND,,,,,PREVIEW_DEFAULT
106.7814,-50.2800,1.0417,0.000,NORMAL,1,BEND,,,,,PREVIEW_DEFAULT
106.8814,-50.2344,1.1307,0.000,NORMAL,1,BEND,,,,,PREVIEW_DEFAULT
106.9814,-50.1885,1.2195,0.000,NORMAL,1,BEND,,,,,PREVIEW_DEFAULT
107.0814,-50.1425,1.3083,0.000,NORMAL,1,BEND,,,,,PREVIEW_DEFAULT
107.1814,-50.0962,1.3969,0.000,NORMAL,1,BEND,,,,,PREVIEW_DEFAULT
107.2814,-50.0498,1.4855,0.000,NORMAL,1,BEND,,,,,PREVIEW_DEFAULT
107.3814,-50.0032,1.5740,0.000,NORMAL,1,BEND,,,,,PREVIEW_DEFAULT
107.4813,-49.9566,1.6624,0.000,NORMAL,1,BEND,,,,,PREVIEW_DEFAULT
107.5813,-49.9098,1.7508,0.000,NORMAL,1,BEND,,,,,PREVIEW_DEFAULT
107.6813,-49.8630,1.8391,0.000,NORMAL,1,BEND,,,,,PREVIEW_DEFAULT
107.7813,-49.8161,1.9274,0.000,NORMAL,1,BEND,,,,,PREVIEW_DEFAULT
107.8813,-49.7691,2.0157,0.000,NORMAL,1,BEND,,,,,PREVIEW_DEFAULT
107.9812,-49.7221,2.1039,0.000,NORMAL,1,BEND,,,,,PREVIEW_DEFAULT
108.0812,-49.6751,2.1921,0.000,NORMAL,1,BEND,,,,,PREVIEW_DEFAULT
108.1812,-49.6280,2.2803,0.000,NORMAL,1,BEND,,,,,PREVIEW_DEFAULT
108.2812,-49.5808,2.3685,0.000,NORMAL,1,BEND,,,,,PREVIEW_DEFAULT
108.3812,-49.5335,2.4566,0.000,NORMAL,1,BEND,,,,,PREVIEW_DEFAULT
108.4811,-49.4862,2.5446,0.000,NORMAL,1,BEND,,,,,PREVIEW_DEFAULT
108.5811,-49.4387,2.6326,0.000,NORMAL,1,BEND,,,,,PREVIEW_DEFAULT
108.6811,-49.3911,2.7205,0.000,NORMAL,1,BEND,,,,,PREVIEW_DEFAULT
108.7811,-49.3432,2.8083,0.000,NORMAL,1,BEND,,,,,PREVIEW_DEFAULT
108.8811,-49.2950,2.8959,0.000,NORMAL,1,BEND,,,,,PREVIEW_DEFAULT
108.9811,-49.2464,2.9833,0.000,NORMAL,1,BEND,,,,,PREVIEW_DEFAULT
109.0810,-49.1972,3.0703,0.000,NORMAL,1,BEND,,,,,PREVIEW_DEFAULT
109.1810,-49.1473,3.1570,0.000,NORMAL,1,BEND,,,,,PREVIEW_DEFAULT
109.2810,-49.0966,3.2431,0.000,NORMAL,1,BEND,,,,,PREVIEW_DEFAULT
109.3810,-49.0448,3.3287,0.000,NORMAL,1,BEND,,,,,PREVIEW_DEFAULT
109.4810,-48.9917,3.4134,0.000,NORMAL,1,BEND,,,,,PREVIEW_DEFAULT
109.5809,-48.9372,3.4972,0.000,NORMAL,1,BEND,,,,,PREVIEW_DEFAULT
109.6809,-48.8810,3.5799,0.000,NORMAL,1,BEND,,,,,PREVIEW_DEFAULT
109.7809,-48.8228,3.6612,0.000,NORMAL,1,BEND,,,,,PREVIEW_DEFAULT
109.8809,-48.7626,3.7410,0.000,NORMAL,1,BEND,,,,,PREVIEW_DEFAULT
109.9808,-48.7002,3.8191,0.000,NORMAL,1,BEND,,,,,PREVIEW_DEFAULT
110.0808,-48.6354,3.8952,0.000,NORMAL,1,BEND,,,,,PREVIEW_DEFAULT
110.1808,-48.5682,3.9693,0.000,NORMAL,1,BEND,,,,,PREVIEW_DEFAULT
110.2808,-48.4986,4.0411,0.000,NORMAL,1,BEND,,,,,PREVIEW_DEFAULT
110.3808,-48.4266,4.1104,0.000,NORMAL,1,BEND,,,,,PREVIEW_DEFAULT
110.4807,-48.3522,4.1772,0.000,NORMAL,1,BEND,,,,,PREVIEW_DEFAULT
110.5807,-48.2754,4.2412,0.000,NORMAL,1,BEND,,,,,PREVIEW_DEFAULT
110.6807,-48.1962,4.3023,0.000,NORMAL,1,BEND,,,,,PREVIEW_DEFAULT
110.7807,-48.1148,4.3603,0.000,NORMAL,1,BEND,,,,,PREVIEW_DEFAULT
110.8807,-48.0313,4.4153,0.000,NORMAL,1,BEND,,,,,PREVIEW_DEFAULT
110.9806,-47.9457,4.4669,0.000,NORMAL,1,BEND,,,,,PREVIEW_DEFAULT
111.0806,-47.8582,4.5152,0.000,NORMAL,1,BEND,,,,,PREVIEW_DEFAULT
111.1806,-47.7689,4.5602,0.000,NORMAL,1,BEND,,,,,PREVIEW_DEFAULT
111.2806,-47.6779,4.6016,0.000,NORMAL,1,BEND,,,,,PREVIEW_DEFAULT
111.3806,-47.5854,4.6396,0.000,NORMAL,1,BEND,,,,,PREVIEW_DEFAULT
111.4805,-47.4915,4.6739,0.000,NORMAL,1,BEND,,,,,PREVIEW_DEFAULT
111.5805,-47.3964,4.7047,0.000,NORMAL,1,BEND,,,,,PREVIEW_DEFAULT
111.6805,-47.3001,4.7318,0.000,NORMAL,1,BEND,,,,,PREVIEW_DEFAULT
111.7805,-47.2029,4.7552,0.000,NORMAL,1,BEND,,,,,PREVIEW_DEFAULT
111.8805,-47.1049,4.7749,0.000,NORMAL,1,BEND,,,,,PREVIEW_DEFAULT
111.9805,-47.0062,4.7909,0.000,NORMAL,1,BEND,,,,,PREVIEW_DEFAULT
112.0804,-46.9070,4.8034,0.000,NORMAL,1,BEND,,,,,PREVIEW_DEFAULT
112.1803,-46.8075,4.8123,0.000,NORMAL,1,BEND,,,,,PREVIEW_DEFAULT
112.2804,-46.7076,4.8179,0.000,NORMAL,1,BEND,,,,,PREVIEW_DEFAULT
112.3803,-46.6077,4.8203,0.000,NORMAL,1,BEND,,,,,PREVIEW_DEFAULT
112.4803,-46.5077,4.8195,0.000,NORMAL,1,BEND,,,,,PREVIEW_DEFAULT
112.5803,-46.4078,4.8158,0.000,NORMAL,1,BEND,,,,,PREVIEW_DEFAULT
112.6803,-46.3080,4.8093,0.000,NORMAL,1,BEND,,,,,PREVIEW_DEFAULT
112.7802,-46.2085,4.8002,0.000,NORMAL,1,BEND,,,,,PREVIEW_DEFAULT
112.8803,-46.1091,4.7888,0.000,NORMAL,1,BEND,,,,,PREVIEW_DEFAULT
112.9802,-46.0101,4.7752,0.000,NORMAL,1,BEND,,,,,PREVIEW_DEFAULT
113.0802,-45.9113,4.7596,0.000,NORMAL,1,BEND,,,,,PREVIEW_DEFAULT
113.1801,-45.8129,4.7423,0.000,NORMAL,1,BEND,,,,,PREVIEW_DEFAULT
113.2801,-45.7147,4.7234,0.000,NORMAL,1,BEND,,,,,PREVIEW_DEFAULT
113.3801,-45.6168,4.7032,0.000,NORMAL,1,BEND,,,,,PREVIEW_DEFAULT
113.4801,-45.5191,4.6818,0.000,NORMAL,1,BEND,,,,,PREVIEW_DEFAULT
113.5801,-45.4217,4.6593,0.000,NORMAL,1,BEND,,,,,PREVIEW_DEFAULT
113.6801,-45.3245,4.6359,0.000,NORMAL,1,BEND,,,,,PREVIEW_DEFAULT
113.7801,-45.2274,4.6118,0.000,NORMAL,1,BEND,,,,,PREVIEW_DEFAULT
113.8800,-45.1306,4.5870,0.000,NORMAL,1,BEND,,,,,PREVIEW_DEFAULT
113.9800,-45.0339,4.5616,0.000,NORMAL,1,BEND,,,,,PREVIEW_DEFAULT
114.0800,-44.9373,4.5357,0.000,NORMAL,1,BEND,,,,,PREVIEW_DEFAULT
114.1800,-44.8408,4.5094,0.000,NORMAL,1,BEND,,,,,PREVIEW_DEFAULT
114.2800,-44.7445,4.4827,0.000,NORMAL,1,BEND,,,,,PREVIEW_DEFAULT
114.3800,-44.6482,4.4558,0.000,NORMAL,1,BEND,,,,,PREVIEW_DEFAULT
114.4799,-44.5520,4.4286,0.000,NORMAL,1,BEND,,,,,PREVIEW_DEFAULT
114.5800,-44.4558,4.4012,0.000,NORMAL,1,BEND,,,,,PREVIEW_DEFAULT
114.6799,-44.3597,4.3737,0.000,NORMAL,1,BEND,,,,,PREVIEW_DEFAULT
114.7799,-44.2636,4.3460,0.000,NORMAL,1,BEND,,,,,PREVIEW_DEFAULT
114.8799,-44.1676,4.3182,0.000,NORMAL,1,BEND,,,,,PREVIEW_DEFAULT
114.9798,-44.0716,4.2904,0.000,NORMAL,1,BEND,,,,,PREVIEW_DEFAULT
115.0798,-43.9756,4.2624,0.000,NORMAL,1,BEND,,,,,PREVIEW_DEFAULT
115.1798,-43.8796,4.2344,0.000,NORMAL,1,BEND,,,,,PREVIEW_DEFAULT
115.2798,-43.7836,4.2063,0.000,NORMAL,1,BEND,,,,,PREVIEW_DEFAULT
115.3798,-43.6877,4.1782,0.000,NORMAL,1,BEND,,,,,PREVIEW_DEFAULT
115.4798,-43.5918,4.1499,0.000,NORMAL,1,BEND,,,,,PREVIEW_DEFAULT
115.5798,-43.4959,4.1215,0.000,NORMAL,1,BEND,,,,,PREVIEW_DEFAULT
115.6798,-43.4001,4.0929,0.000,NORMAL,1,BEND,,,,,PREVIEW_DEFAULT
115.7798,-43.3043,4.0642,0.000,NORMAL,1,BEND,,,,,PREVIEW_DEFAULT
115.8797,-43.2086,4.0353,0.000,NORMAL,1,BEND,,,,,PREVIEW_DEFAULT
115.9797,-43.1130,4.0061,0.000,NORMAL,1,BEND,,,,,PREVIEW_DEFAULT
116.0797,-43.0174,3.9767,0.000,NORMAL,1,BEND,,,,,PREVIEW_DEFAULT
116.1796,-42.9220,3.9470,0.000,NORMAL,1,BEND,,,,,PREVIEW_DEFAULT
116.2796,-42.8266,3.9170,0.000,NORMAL,1,BEND,,,,,PREVIEW_DEFAULT
116.3796,-42.7313,3.8867,0.000,NORMAL,1,BEND,,,,,PREVIEW_DEFAULT
116.4796,-42.6361,3.8561,0.000,NORMAL,1,BEND,,,,,PREVIEW_DEFAULT
116.5796,-42.5411,3.8251,0.000,NORMAL,1,BEND,,,,,PREVIEW_DEFAULT
116.6796,-42.4461,3.7938,0.000,NORMAL,1,BEND,,,,,PREVIEW_DEFAULT
116.7795,-42.3513,3.7621,0.000,NORMAL,1,BEND,,,,,PREVIEW_DEFAULT
116.8795,-42.2566,3.7300,0.000,NORMAL,1,BEND,,,,,PREVIEW_DEFAULT
116.9795,-42.1620,3.6976,0.000,NORMAL,1,BEND,,,,,PREVIEW_DEFAULT
117.0795,-42.0676,3.6647,0.000,NORMAL,1,BEND,,,,,PREVIEW_DEFAULT
117.1794,-41.9734,3.6313,0.000,NORMAL,1,BEND,,,,,PREVIEW_DEFAULT
117.2794,-41.8793,3.5975,0.000,NORMAL,1,BEND,,,,,PREVIEW_DEFAULT
117.3794,-41.7854,3.5631,0.000,NORMAL,1,BEND,,,,,PREVIEW_DEFAULT
117.4794,-41.6917,3.5282,0.000,NORMAL,1,BEND,,,,,PREVIEW_DEFAULT
117.5794,-41.5982,3.4928,0.000,NORMAL,1,BEND,,,,,PREVIEW_DEFAULT
117.6793,-41.5050,3.4567,0.000,NORMAL,1,BEND,,,,,PREVIEW_DEFAULT
117.7793,-41.4120,3.4200,0.000,NORMAL,1,BEND,,,,,PREVIEW_DEFAULT
117.8794,-41.3192,3.3826,0.000,NORMAL,1,BEND,,,,,PREVIEW_DEFAULT
117.9793,-41.2268,3.3445,0.000,NORMAL,1,BEND,,,,,PREVIEW_DEFAULT
118.0793,-41.1346,3.3058,0.000,NORMAL,1,BEND,,,,,PREVIEW_DEFAULT
118.1793,-41.0427,3.2664,0.000,NORMAL,1,BEND,,,,,PREVIEW_DEFAULT
118.2793,-40.9511,3.2263,0.000,NORMAL,1,BEND,,,,,PREVIEW_DEFAULT
118.3793,-40.8598,3.1855,0.000,NORMAL,1,BEND,,,,,PREVIEW_DEFAULT
118.4792,-40.7688,3.1442,0.000,NORMAL,1,BEND,,,,,PREVIEW_DEFAULT
118.5792,-40.6780,3.1023,0.000,NORMAL,1,BEND,,,,,PREVIEW_DEFAULT
118.6792,-40.5874,3.0600,0.000,NORMAL,1,BEND,,,,,PREVIEW_DEFAULT
118.7792,-40.4970,3.0173,0.000,NORMAL,1,BEND,,,,,PREVIEW_DEFAULT
118.8792,-40.4067,2.9743,0.000,NORMAL,1,BEND,,,,,PREVIEW_DEFAULT
118.9792,-40.3165,2.9311,0.000,NORMAL,1,BEND,,,,,PREVIEW_DEFAULT
119.0792,-40.2263,2.8880,0.000,NORMAL,1,BEND,,,,,PREVIEW_DEFAULT
119.1791,-40.1361,2.8450,0.000,NORMAL,1,BEND,,,,,PREVIEW_DEFAULT
119.2791,-40.0457,2.8023,0.000,NORMAL,1,BEND,,,,,PREVIEW_DEFAULT
119.3752,-39.9586,2.7618,0.000,NORMAL,1,BEND,BEND_END,EXIT_ZONE,,,PREVIEW_DEFAULT
119.3791,-39.9550,2.7601,0.000,NORMAL,1,BEND,,,,,PREVIEW_DEFAULT
119.4791,-39.8641,2.7186,0.000,NORMAL,1,BEND,,,,,PREVIEW_DEFAULT
119.5791,-39.7729,2.6776,0.000,NORMAL,1,BEND,,,,,PREVIEW_DEFAULT
119.6791,-39.6815,2.6370,0.000,NORMAL,1,ROUTE,,,,,PREVIEW_DEFAULT
119.7790,-39.5901,2.5966,0.000,NORMAL,1,ROUTE,,,,,PREVIEW_DEFAULT
119.8790,-39.4986,2.5562,0.000,NORMAL,1,ROUTE,,,,,PREVIEW_DEFAULT
119.9790,-39.4071,2.5159,0.000,NORMAL,1,ROUTE,,,,,PREVIEW_DEFAULT
120.0790,-39.3157,2.4754,0.000,NORMAL,1,ROUTE,,,,,PREVIEW_DEFAULT
120.1790,-39.2243,2.4347,0.000,NORMAL,1,ROUTE,,,,,PREVIEW_DEFAULT
120.2790,-39.1331,2.3938,0.000,NORMAL,1,ROUTE,,,,,PREVIEW_DEFAULT
120.3789,-39.0420,2.3527,0.000,NORMAL,1,ROUTE,,,,,PREVIEW_DEFAULT
120.4789,-38.9510,2.3112,0.000,NORMAL,1,ROUTE,,,,,PREVIEW_DEFAULT
120.5789,-38.8602,2.2695,0.000,NORMAL,1,ROUTE,,,,,PREVIEW_DEFAULT
120.6789,-38.7694,2.2274,0.000,NORMAL,1,ROUTE,,,,,PREVIEW_DEFAULT
120.7789,-38.6788,2.1852,0.000,NORMAL,1,ROUTE,,,,,PREVIEW_DEFAULT
120.8789,-38.5883,2.1427,0.000,NORMAL,1,ROUTE,,,,,PREVIEW_DEFAULT
120.9788,-38.4979,2.1001,0.000,NORMAL,1,ROUTE,,,,,PREVIEW_DEFAULT
121.0788,-38.4075,2.0574,0.000,NORMAL,1,ROUTE,,,,,PREVIEW_DEFAULT
121.1788,-38.3171,2.0145,0.000,NORMAL,1,ROUTE,,,,,PREVIEW_DEFAULT
121.2788,-38.2268,1.9716,0.000,NORMAL,1,ROUTE,,,,,PREVIEW_DEFAULT
121.3787,-38.1366,1.9286,0.000,NORMAL,1,ROUTE,,,,,PREVIEW_DEFAULT
121.4788,-38.0463,1.8856,0.000,NORMAL,1,ROUTE,,,,,PREVIEW_DEFAULT
121.5787,-37.9561,1.8425,0.000,NORMAL,1,ROUTE,,,,,PREVIEW_DEFAULT
121.6787,-37.8659,1.7993,0.000,NORMAL,1,ROUTE,,,,,PREVIEW_DEFAULT
121.7787,-37.7757,1.7561,0.000,NORMAL,1,ROUTE,,,,,PREVIEW_DEFAULT
121.8787,-37.6856,1.7128,0.000,NORMAL,1,ROUTE,,,,,PREVIEW_DEFAULT
121.9787,-37.5955,1.6694,0.000,NORMAL,1,ROUTE,,,,,PREVIEW_DEFAULT
122.0787,-37.5055,1.6259,0.000,NORMAL,1,ROUTE,,,,,PREVIEW_DEFAULT
122.1786,-37.4156,1.5823,0.000,NORMAL,1,ROUTE,,,,,PREVIEW_DEFAULT
122.2786,-37.3257,1.5385,0.000,NORMAL,1,ROUTE,,,,,PREVIEW_DEFAULT
122.3786,-37.2359,1.4945,0.000,NORMAL,1,ROUTE,,,,,PREVIEW_DEFAULT
122.4786,-37.1462,1.4503,0.000,NORMAL,1,ROUTE,,,,,PREVIEW_DEFAULT
122.5786,-37.0566,1.4059,0.000,NORMAL,1,ROUTE,,,,,PREVIEW_DEFAULT
122.6785,-36.9672,1.3613,0.000,NORMAL,1,ROUTE,,,,,PREVIEW_DEFAULT
122.7785,-36.8778,1.3164,0.000,NORMAL,1,ROUTE,,,,,PREVIEW_DEFAULT
122.8785,-36.7887,1.2711,0.000,NORMAL,1,ROUTE,,,,,PREVIEW_DEFAULT
122.9785,-36.6997,1.2256,0.000,NORMAL,1,ROUTE,,,,,PREVIEW_DEFAULT
123.0785,-36.6108,1.1797,0.000,NORMAL,1,ROUTE,,,,,PREVIEW_DEFAULT
123.1784,-36.5222,1.1335,0.000,NORMAL,1,ROUTE,,,,,PREVIEW_DEFAULT
123.2784,-36.4338,1.0868,0.000,NORMAL,1,ROUTE,,,,,PREVIEW_DEFAULT
123.3784,-36.3456,1.0397,0.000,NORMAL,1,ROUTE,,,,,PREVIEW_DEFAULT
123.4784,-36.2576,0.9922,0.000,NORMAL,1,ROUTE,,,,,PREVIEW_DEFAULT
123.5784,-36.1699,0.9441,0.000,NORMAL,1,ROUTE,,,,,PREVIEW_DEFAULT
123.6784,-36.0825,0.8955,0.000,NORMAL,1,ROUTE,,,,,PREVIEW_DEFAULT
123.7783,-35.9955,0.8464,0.000,NORMAL,1,ROUTE,,,,,PREVIEW_DEFAULT
123.8784,-35.9087,0.7966,0.000,NORMAL,1,ROUTE,,,,,PREVIEW_DEFAULT
123.9783,-35.8224,0.7462,0.000,NORMAL,1,ROUTE,,,,,PREVIEW_DEFAULT
124.0783,-35.7365,0.6951,0.000,NORMAL,1,ROUTE,,,,,PREVIEW_DEFAULT
124.1783,-35.6510,0.6432,0.000,NORMAL,1,ROUTE,,,,,PREVIEW_DEFAULT
124.2783,-35.5660,0.5905,0.000,NORMAL,1,ROUTE,,,,,PREVIEW_DEFAULT
124.3782,-35.4816,0.5370,0.000,NORMAL,1,ROUTE,,,,,PREVIEW_DEFAULT
124.4782,-35.3977,0.4826,0.000,NORMAL,1,ROUTE,,,,,PREVIEW_DEFAULT
124.5782,-35.3145,0.4272,0.000,NORMAL,1,ROUTE,,,,,PREVIEW_DEFAULT
124.6782,-35.2319,0.3708,0.000,NORMAL,1,ROUTE,,,,,PREVIEW_DEFAULT
124.7782,-35.1500,0.3134,0.000,NORMAL,1,ROUTE,,,,,PREVIEW_DEFAULT
124.8781,-35.0690,0.2549,0.000,NORMAL,1,ROUTE,,,,,PREVIEW_DEFAULT
124.9781,-34.9887,0.1953,0.000,NORMAL,1,ROUTE,,,,,PREVIEW_DEFAULT
125.0781,-34.9094,0.1345,0.000,NORMAL,1,ROUTE,,,,,PREVIEW_DEFAULT
125.1781,-34.8309,0.0725,0.000,NORMAL,1,ROUTE,,,,,PREVIEW_DEFAULT
125.2781,-34.7534,0.0093,0.000,NORMAL,1,ROUTE,,,,,PREVIEW_DEFAULT
125.3781,-34.6770,-0.0552,0.000,NORMAL,1,ROUTE,,,,,PREVIEW_DEFAULT
125.4780,-34.6016,-0.1208,0.000,NORMAL,1,ROUTE,,,,,PREVIEW_DEFAULT
125.5781,-34.5273,-0.1878,0.000,NORMAL,1,ROUTE,,,,,PREVIEW_DEFAULT
125.6780,-34.4542,-0.2559,0.000,NORMAL,1,ROUTE,,,,,PREVIEW_DEFAULT
125.7780,-34.3822,-0.3253,0.000,NORMAL,1,ROUTE,,,,,PREVIEW_DEFAULT
125.8780,-34.3114,-0.3960,0.000,NORMAL,1,ROUTE,,,,,PREVIEW_DEFAULT
125.9780,-34.2419,-0.4678,0.000,NORMAL,1,ROUTE,,,,,PREVIEW_DEFAULT
126.0779,-34.1736,-0.5408,0.000,NORMAL,1,ROUTE,,,,,PREVIEW_DEFAULT
126.1780,-34.1066,-0.6151,0.000,NORMAL,1,ROUTE,,,,,PREVIEW_DEFAULT
126.2778,-34.0410,-0.6904,0.000,NORMAL,1,ROUTE,,,,,PREVIEW_DEFAULT
126.3778,-33.9766,-0.7669,0.000,NORMAL,1,ROUTE,,,,,PREVIEW_DEFAULT
126.4779,-33.9135,-0.8445,0.000,NORMAL,1,ROUTE,,,,,PREVIEW_DEFAULT
126.5778,-33.8517,-0.9231,0.000,NORMAL,1,ROUTE,,,,,PREVIEW_DEFAULT
126.6778,-33.7912,-1.0027,0.000,NORMAL,1,ROUTE,,,,,PREVIEW_DEFAULT
126.7778,-33.7319,-1.0832,0.000,NORMAL,1,ROUTE,,,,,PREVIEW_DEFAULT
126.8778,-33.6739,-1.1646,0.000,NORMAL,1,ROUTE,,,,,PREVIEW_DEFAULT
126.9777,-33.6170,-1.2468,0.000,NORMAL,1,ROUTE,,,,,PREVIEW_DEFAULT
127.0777,-33.5612,-1.3298,0.000,NORMAL,1,ROUTE,,,,,PREVIEW_DEFAULT
127.1778,-33.5066,-1.4136,0.000,NORMAL,1,ROUTE,,,,,PREVIEW_DEFAULT
127.2777,-33.4532,-1.4981,0.000,NORMAL,1,ROUTE,,,,,PREVIEW_DEFAULT
127.3777,-33.4008,-1.5833,0.000,NORMAL,1,ROUTE,,,,,PREVIEW_DEFAULT
127.4777,-33.3496,-1.6691,0.000,NORMAL,1,ROUTE,,,,,PREVIEW_DEFAULT
127.5777,-33.2995,-1.7557,0.000,NORMAL,1,ROUTE,,,,,PREVIEW_DEFAULT
127.6776,-33.2505,-1.8428,0.000,NORMAL,1,ROUTE,,,,,PREVIEW_DEFAULT
127.7776,-33.2027,-1.9306,0.000,NORMAL,1,ROUTE,,,,,PREVIEW_DEFAULT
127.8776,-33.1560,-2.0190,0.000,NORMAL,1,ROUTE,,,,,PREVIEW_DEFAULT
127.9776,-33.1105,-2.1081,0.000,NORMAL,1,ROUTE,,,,,PREVIEW_DEFAULT
128.0776,-33.0661,-2.1977,0.000,NORMAL,1,ROUTE,,,,,PREVIEW_DEFAULT
128.1776,-33.0231,-2.2879,0.000,NORMAL,1,ROUTE,,,,,PREVIEW_DEFAULT
128.2775,-32.9813,-2.3787,0.000,NORMAL,1,ROUTE,,,,,PREVIEW_DEFAULT
128.3776,-32.9408,-2.4702,0.000,NORMAL,1,ROUTE,,,,,PREVIEW_DEFAULT
128.4775,-32.9018,-2.5622,0.000,NORMAL,1,ROUTE,,,,,PREVIEW_DEFAULT
128.5775,-32.8643,-2.6549,0.000,NORMAL,1,ROUTE,,,,,PREVIEW_DEFAULT
128.6775,-32.8283,-2.7482,0.000,NORMAL,1,ROUTE,,,,,PREVIEW_DEFAULT
128.7775,-32.7940,-2.8421,0.000,NORMAL,1,ROUTE,,,,,PREVIEW_DEFAULT
128.8774,-32.7614,-2.9366,0.000,NORMAL,1,ROUTE,,,,,PREVIEW_DEFAULT
128.9774,-32.7306,-3.0317,0.000,NORMAL,1,ROUTE,,,,,PREVIEW_DEFAULT
129.0774,-32.7016,-3.1274,0.000,NORMAL,1,ROUTE,,,,,PREVIEW_DEFAULT
129.1774,-32.6744,-3.2236,0.000,NORMAL,1,ROUTE,,,,,PREVIEW_DEFAULT
129.2773,-32.6491,-3.3203,0.000,NORMAL,1,ROUTE,,,,,PREVIEW_DEFAULT
129.3773,-32.6256,-3.4175,0.000,NORMAL,1,ROUTE,,,,,PREVIEW_DEFAULT
129.4773,-32.6040,-3.5151,0.000,NORMAL,1,ROUTE,,,,,PREVIEW_DEFAULT
129.5773,-32.5841,-3.6131,0.000,NORMAL,1,ROUTE,,,,,PREVIEW_DEFAULT
129.6773,-32.5660,-3.7115,0.000,NORMAL,1,ROUTE,,,,,PREVIEW_DEFAULT
129.7773,-32.5497,-3.8101,0.000,NORMAL,1,ROUTE,,,,,PREVIEW_DEFAULT
129.8773,-32.5350,-3.9090,0.000,NORMAL,1,ROUTE,,,,,PREVIEW_DEFAULT
129.9772,-32.5220,-4.0081,0.000,NORMAL,1,ROUTE,,,,,PREVIEW_DEFAULT
130.0773,-32.5107,-4.1075,0.000,NORMAL,1,ROUTE,,,,,PREVIEW_DEFAULT
130.1772,-32.5010,-4.2070,0.000,NORMAL,1,ROUTE,,,,,PREVIEW_DEFAULT
130.2772,-32.4929,-4.3066,0.000,NORMAL,1,ROUTE,,,,,PREVIEW_DEFAULT
130.3772,-32.4863,-4.4064,0.000,NORMAL,1,ROUTE,,,,,PREVIEW_DEFAULT
130.4771,-32.4812,-4.5062,0.000,NORMAL,1,ROUTE,,,,,PREVIEW_DEFAULT
130.5772,-32.4777,-4.6062,0.000,NORMAL,1,ROUTE,,,,,PREVIEW_DEFAULT
130.6771,-32.4756,-4.7061,0.000,NORMAL,1,ROUTE,,,,,PREVIEW_DEFAULT
130.7771,-32.4750,-4.8061,0.000,NORMAL,1,ROUTE,,,,,PREVIEW_DEFAULT
130.8771,-32.4757,-4.9061,0.000,NORMAL,1,ROUTE,,,,,PREVIEW_DEFAULT
130.9770,-32.4778,-5.0060,0.000,NORMAL,1,ROUTE,,,,,PREVIEW_DEFAULT
131.0771,-32.4812,-5.1060,0.000,NORMAL,1,ROUTE,,,,,PREVIEW_DEFAULT
131.1770,-32.4858,-5.2058,0.000,NORMAL,1,ROUTE,,,,,PREVIEW_DEFAULT
131.2770,-32.4916,-5.3057,0.000,NORMAL,1,ROUTE,,,,,PREVIEW_DEFAULT
131.3770,-32.4986,-5.4054,0.000,NORMAL,1,ROUTE,,,,,PREVIEW_DEFAULT
131.4770,-32.5066,-5.5051,0.000,NORMAL,1,ROUTE,,,,,PREVIEW_DEFAULT
131.5769,-32.5157,-5.6046,0.000,NORMAL,1,ROUTE,,,,,PREVIEW_DEFAULT
131.6769,-32.5257,-5.7041,0.000,NORMAL,1,ROUTE,,,,,PREVIEW_DEFAULT
131.7769,-32.5367,-5.8035,0.000,NORMAL,1,ROUTE,,,,,PREVIEW_DEFAULT
131.8769,-32.5486,-5.9028,0.000,NORMAL,1,ROUTE,,,,,PREVIEW_DEFAULT
131.9769,-32.5613,-6.0019,0.000,NORMAL,1,ROUTE,,,,,PREVIEW_DEFAULT
132.0769,-32.5748,-6.1010,0.000,NORMAL,1,ROUTE,,,,,PREVIEW_DEFAULT
132.1769,-32.5890,-6.2000,0.000,NORMAL,1,ROUTE,,,,,PREVIEW_DEFAULT
132.2768,-32.6039,-6.2988,0.000,NORMAL,1,ROUTE,,,,,PREVIEW_DEFAULT
132.3768,-32.6194,-6.3976,0.000,NORMAL,1,ROUTE,,,,,PREVIEW_DEFAULT
132.4768,-32.6356,-6.4963,0.000,NORMAL,1,ROUTE,,,,,PREVIEW_DEFAULT
132.5768,-32.6524,-6.5948,0.000,NORMAL,1,ROUTE,,,,,PREVIEW_DEFAULT
132.6768,-32.6698,-6.6933,0.000,NORMAL,1,ROUTE,,,,,PREVIEW_DEFAULT
132.7767,-32.6879,-6.7916,0.000,NORMAL,1,ROUTE,,,,,PREVIEW_DEFAULT
132.8767,-32.7066,-6.8898,0.000,NORMAL,1,ROUTE,,,,,PREVIEW_DEFAULT
132.9767,-32.7260,-6.9879,0.000,NORMAL,1,ROUTE,,,,,PREVIEW_DEFAULT
133.0767,-32.7462,-7.0858,0.000,NORMAL,1,ROUTE,,,,,PREVIEW_DEFAULT
133.1767,-32.7671,-7.1836,0.000,NORMAL,1,ROUTE,,,,,PREVIEW_DEFAULT
133.2766,-32.7887,-7.2812,0.000,NORMAL,1,ROUTE,,,,,PREVIEW_DEFAULT
133.3767,-32.8112,-7.3787,0.000,NORMAL,1,ROUTE,,,,,PREVIEW_DEFAULT
133.4766,-32.8344,-7.4759,0.000,NORMAL,1,ROUTE,,,,,PREVIEW_DEFAULT
133.5766,-32.8584,-7.5730,0.000,NORMAL,1,ROUTE,,,,,PREVIEW_DEFAULT
133.6766,-32.8832,-7.6698,0.000,NORMAL,1,ROUTE,,,,,PREVIEW_DEFAULT
133.7766,-32.9087,-7.7665,0.000,NORMAL,1,ROUTE,,,,,PREVIEW_DEFAULT
133.8766,-32.9350,-7.8630,0.000,NORMAL,1,ROUTE,,,,,PREVIEW_DEFAULT
133.9766,-32.9619,-7.9593,0.000,NORMAL,1,ROUTE,,,,,PREVIEW_DEFAULT
134.0766,-32.9895,-8.0554,0.000,NORMAL,1,ROUTE,,,,,PREVIEW_DEFAULT
134.1765,-33.0177,-8.1513,0.000,NORMAL,1,ROUTE,,,,,PREVIEW_DEFAULT
134.2765,-33.0464,-8.2471,0.000,NORMAL,1,ROUTE,,,,,PREVIEW_DEFAULT
134.3765,-33.0756,-8.3427,0.000,NORMAL,1,ROUTE,,,,,PREVIEW_DEFAULT
134.4765,-33.1052,-8.4382,0.000,NORMAL,1,ROUTE,,,,,PREVIEW_DEFAULT
134.5764,-33.1352,-8.5335,0.000,NORMAL,1,ROUTE,,,,,PREVIEW_DEFAULT
134.6764,-33.1656,-8.6288,0.000,NORMAL,1,ROUTE,,,,,PREVIEW_DEFAULT
134.7764,-33.1962,-8.7240,0.000,NORMAL,1,ROUTE,,,,,PREVIEW_DEFAULT
134.8764,-33.2271,-8.8191,0.000,NORMAL,1,ROUTE,,,,,PREVIEW_DEFAULT
134.9764,-33.2583,-8.9141,0.000,NORMAL,1,ROUTE,,,,,PREVIEW_DEFAULT
135.0763,-33.2896,-9.0090,0.000,NORMAL,1,ROUTE,,,,,PREVIEW_DEFAULT
135.1764,-33.3212,-9.1039,0.000,NORMAL,1,ROUTE,,,,,PREVIEW_DEFAULT
135.2763,-33.3529,-9.1987,0.000,NORMAL,1,ROUTE,,,,,PREVIEW_DEFAULT
135.3763,-33.3849,-9.2934,0.000,NORMAL,1,ROUTE,,,,,PREVIEW_DEFAULT
135.4763,-33.4170,-9.3881,0.000,NORMAL,1,ROUTE,,,,,PREVIEW_DEFAULT
135.5763,-33.4495,-9.4827,0.000,NORMAL,1,ROUTE,,,,,PREVIEW_DEFAULT
135.6763,-33.4821,-9.5772,0.000,NORMAL,1,ROUTE,,,,,PREVIEW_DEFAULT
135.7762,-33.5150,-9.6716,0.000,NORMAL,1,ROUTE,,,,,PREVIEW_DEFAULT
135.8762,-33.5482,-9.7659,0.000,NORMAL,1,ROUTE,,,,,PREVIEW_DEFAULT
135.9762,-33.5817,-9.8601,0.000,NORMAL,1,ROUTE,,,,,PREVIEW_DEFAULT
136.0761,-33.6154,-9.9542,0.000,NORMAL,1,ROUTE,,,,,PREVIEW_DEFAULT
136.1761,-33.6495,-10.0482,0.000,NORMAL,1,ROUTE,,,,,PREVIEW_DEFAULT
136.2761,-33.6839,-10.1421,0.000,NORMAL,1,ROUTE,,,,,PREVIEW_DEFAULT
136.3761,-33.7185,-10.2359,0.000,NORMAL,1,ROUTE,,,,,PREVIEW_DEFAULT
136.4761,-33.7534,-10.3296,0.000,NORMAL,1,ROUTE,,,,,PREVIEW_DEFAULT
136.5761,-33.7887,-10.4232,0.000,NORMAL,1,ROUTE,,,,,PREVIEW_DEFAULT
136.6761,-33.8241,-10.5167,0.000,NORMAL,1,ROUTE,,,,,PREVIEW_DEFAULT
136.7760,-33.8598,-10.6100,0.000,NORMAL,1,ROUTE,,,,,PREVIEW_DEFAULT
136.8760,-33.8958,-10.7033,0.000,NORMAL,1,ROUTE,,,,,PREVIEW_DEFAULT
136.9761,-33.9319,-10.7966,0.000,NORMAL,1,ROUTE,,,,,PREVIEW_DEFAULT
137.0760,-33.9682,-10.8897,0.000,NORMAL,1,ROUTE,,,,,PREVIEW_DEFAULT
137.1760,-34.0047,-10.9828,0.000,NORMAL,1,ROUTE,,,,,PREVIEW_DEFAULT
137.2760,-34.0412,-11.0759,0.000,NORMAL,1,ROUTE,,,,,PREVIEW_DEFAULT
137.3760,-34.0779,-11.1689,0.000,NORMAL,1,ROUTE,,,,,PREVIEW_DEFAULT
137.4759,-34.1145,-11.2619,0.000,NORMAL,1,ROUTE,,,,,PREVIEW_DEFAULT
137.5759,-34.1512,-11.3549,0.000,NORMAL,1,ROUTE,,,,,PREVIEW_DEFAULT
137.6759,-34.1879,-11.4480,0.000,NORMAL,1,ROUTE,,,,,PREVIEW_DEFAULT
137.7759,-34.2245,-11.5410,0.000,NORMAL,1,ROUTE,,,,,PREVIEW_DEFAULT
137.8758,-34.2611,-11.6340,0.000,NORMAL,1,ROUTE,,,,,PREVIEW_DEFAULT
137.9758,-34.2976,-11.7271,0.000,NORMAL,1,ROUTE,,,,,PREVIEW_DEFAULT
138.0758,-34.3341,-11.8202,0.000,NORMAL,1,ROUTE,,,,,PREVIEW_DEFAULT
138.1759,-34.3704,-11.9134,0.000,NORMAL,1,ROUTE,,,,,PREVIEW_DEFAULT
138.2758,-34.4067,-12.0065,0.000,NORMAL,1,ROUTE,,,,,PREVIEW_DEFAULT
138.3758,-34.4430,-12.0997,0.000,NORMAL,1,ROUTE,,,,,PREVIEW_DEFAULT
138.4757,-34.4793,-12.1928,0.000,NORMAL,1,ROUTE,,,,,PREVIEW_DEFAULT
138.5758,-34.5157,-12.2860,0.000,NORMAL,1,ROUTE,,,,,PREVIEW_DEFAULT
138.6757,-34.5521,-12.3791,0.000,NORMAL,1,ROUTE,,,,,PREVIEW_DEFAULT
138.7757,-34.5886,-12.4722,0.000,NORMAL,1,ROUTE,,,,,PREVIEW_DEFAULT
138.8757,-34.6253,-12.5652,0.000,NORMAL,1,ROUTE,,,,,PREVIEW_DEFAULT
138.9756,-34.6621,-12.6581,0.000,NORMAL,1,ROUTE,,,,,PREVIEW_DEFAULT
139.0756,-34.6991,-12.7510,0.000,NORMAL,1,ROUTE,,,,,PREVIEW_DEFAULT
139.1756,-34.7363,-12.8438,0.000,NORMAL,1,ROUTE,,,,,PREVIEW_DEFAULT
139.2756,-34.7736,-12.9366,0.000,NORMAL,1,ROUTE,,,,,PREVIEW_DEFAULT
139.3756,-34.8110,-13.0293,0.000,NORMAL,1,ROUTE,,,,,PREVIEW_DEFAULT
139.4756,-34.8485,-13.1220,0.000,NORMAL,1,ROUTE,,,,,PREVIEW_DEFAULT
139.5755,-34.8861,-13.2146,0.000,NORMAL,1,ROUTE,,,,,PREVIEW_DEFAULT
139.6756,-34.9238,-13.3073,0.000,NORMAL,1,ROUTE,,,,,PREVIEW_DEFAULT
139.7756,-34.9615,-13.3999,0.000,NORMAL,1,ROUTE,,,,,PREVIEW_DEFAULT
139.8756,-34.9992,-13.4925,0.000,NORMAL,1,ROUTE,,,,,PREVIEW_DEFAULT
139.9755,-35.0370,-13.5850,0.000,NORMAL,1,ROUTE,,,,,PREVIEW_DEFAULT
140.0755,-35.0748,-13.6776,0.000,NORMAL,1,ROUTE,,,,,PREVIEW_DEFAULT
140.1755,-35.1127,-13.7701,0.000,NORMAL,1,ROUTE,,,,,PREVIEW_DEFAULT
140.2755,-35.1507,-13.8626,0.000,NORMAL,1,ROUTE,,,,,PREVIEW_DEFAULT
140.3754,-35.1888,-13.9550,0.000,NORMAL,1,ROUTE,,,,,PREVIEW_DEFAULT
140.4754,-35.2270,-14.0474,0.000,NORMAL,1,ROUTE,,,,,PREVIEW_DEFAULT
140.5700,-35.2633,-14.1347,0.000,TRAFFIC,1,TRAFFIC,TRAFFIC_1_RED_STOP,STOP_IF_CONDITION,TRAFFIC_LIGHT_RED,,PREVIEW_DEFAULT
140.5754,-35.2654,-14.1397,0.000,TRAFFIC,1,TRAFFIC,,,TRAFFIC_LIGHT_RED,,PREVIEW_DEFAULT
140.6754,-35.3040,-14.2320,0.000,TRAFFIC,1,TRAFFIC,,,TRAFFIC_LIGHT_RED,,PREVIEW_DEFAULT
140.7753,-35.3427,-14.3241,0.000,TRAFFIC,1,TRAFFIC,,,TRAFFIC_LIGHT_RED,,PREVIEW_DEFAULT
140.8754,-35.3816,-14.4163,0.000,TRAFFIC,1,TRAFFIC,,,TRAFFIC_LIGHT_RED,,PREVIEW_DEFAULT
140.9753,-35.4206,-14.5083,0.000,TRAFFIC,1,TRAFFIC,,,TRAFFIC_LIGHT_RED,,PREVIEW_DEFAULT
141.0753,-35.4596,-14.6004,0.000,TRAFFIC,1,TRAFFIC,,,TRAFFIC_LIGHT_RED,,PREVIEW_DEFAULT
141.1753,-35.4987,-14.6924,0.000,TRAFFIC,1,TRAFFIC,,,TRAFFIC_LIGHT_RED,,PREVIEW_DEFAULT
141.2753,-35.5379,-14.7844,0.000,TRAFFIC,1,TRAFFIC,,,TRAFFIC_LIGHT_RED,,PREVIEW_DEFAULT
141.3753,-35.5771,-14.8764,0.000,TRAFFIC,1,TRAFFIC,,,TRAFFIC_LIGHT_RED,,PREVIEW_DEFAULT
141.4752,-35.6163,-14.9683,0.000,TRAFFIC,1,TRAFFIC,,,TRAFFIC_LIGHT_RED,,PREVIEW_DEFAULT
141.5753,-35.6556,-15.0603,0.000,TRAFFIC,1,TRAFFIC,,,TRAFFIC_LIGHT_RED,,PREVIEW_DEFAULT
141.6752,-35.6949,-15.1522,0.000,TRAFFIC,1,TRAFFIC,,,TRAFFIC_LIGHT_RED,,PREVIEW_DEFAULT
141.7752,-35.7343,-15.2441,0.000,TRAFFIC,1,TRAFFIC,,,TRAFFIC_LIGHT_RED,,PREVIEW_DEFAULT
141.8751,-35.7738,-15.3359,0.000,TRAFFIC,1,TRAFFIC,,,TRAFFIC_LIGHT_RED,,PREVIEW_DEFAULT
141.9752,-35.8134,-15.4278,0.000,TRAFFIC,1,TRAFFIC,,,TRAFFIC_LIGHT_RED,,PREVIEW_DEFAULT
142.0751,-35.8530,-15.5195,0.000,TRAFFIC,1,TRAFFIC,,,TRAFFIC_LIGHT_RED,,PREVIEW_DEFAULT
142.1752,-35.8929,-15.6113,0.000,TRAFFIC,1,TRAFFIC,,,TRAFFIC_LIGHT_RED,,PREVIEW_DEFAULT
142.2751,-35.9328,-15.7029,0.000,TRAFFIC,1,TRAFFIC,,,TRAFFIC_LIGHT_RED,,PREVIEW_DEFAULT
142.3751,-35.9730,-15.7945,0.000,TRAFFIC,1,TRAFFIC,,,TRAFFIC_LIGHT_RED,,PREVIEW_DEFAULT
142.4751,-36.0134,-15.8859,0.000,TRAFFIC,1,TRAFFIC,,,TRAFFIC_LIGHT_RED,,PREVIEW_DEFAULT
142.5751,-36.0540,-15.9773,0.000,TRAFFIC,1,TRAFFIC,,,TRAFFIC_LIGHT_RED,,PREVIEW_DEFAULT
142.6750,-36.0949,-16.0685,0.000,TRAFFIC,1,TRAFFIC,,,TRAFFIC_LIGHT_RED,,PREVIEW_DEFAULT
142.7210,-36.1137,-16.1104,0.000,TRAFFIC,1,TRAFFIC,TRAFFIC_1_RED_STOP_END,,TRAFFIC_LIGHT_RED,,PREVIEW_DEFAULT
142.7751,-36.1360,-16.1597,0.000,TRAFFIC,1,TRAFFIC,,,TRAFFIC_LIGHT_RED,,PREVIEW_DEFAULT
142.8750,-36.1773,-16.2507,0.000,TRAFFIC,1,TRAFFIC,,,TRAFFIC_LIGHT_RED,,PREVIEW_DEFAULT
142.9354,-36.2020,-16.3058,0.000,NORMAL,1,ROUTE,,,,,PREVIEW_DEFAULT
142.9751,-36.2180,-16.3421,0.000,NORMAL,1,ROUTE,,,,,PREVIEW_DEFAULT
143.0750,-36.2576,-16.4339,0.000,NORMAL,1,ROUTE,,,,,PREVIEW_DEFAULT
143.1749,-36.2963,-16.5260,0.000,NORMAL,1,ROUTE,,,,,PREVIEW_DEFAULT
143.2750,-36.3344,-16.6185,0.000,NORMAL,1,ROUTE,,,,,PREVIEW_DEFAULT
143.3749,-36.3717,-16.7112,0.000,NORMAL,1,ROUTE,,,,,PREVIEW_DEFAULT
143.4749,-36.4084,-16.8042,0.000,NORMAL,1,ROUTE,,,,,PREVIEW_DEFAULT
143.5749,-36.4446,-16.8974,0.000,NORMAL,1,ROUTE,,,,,PREVIEW_DEFAULT
143.6749,-36.4804,-16.9908,0.000,NORMAL,1,ROUTE,,,,,PREVIEW_DEFAULT
143.7748,-36.5157,-17.0843,0.000,NORMAL,1,ROUTE,,,,,PREVIEW_DEFAULT
143.8748,-36.5507,-17.1780,0.000,NORMAL,1,ROUTE,,,,,PREVIEW_DEFAULT
143.9748,-36.5855,-17.2717,0.000,NORMAL,1,ROUTE,,,,,PREVIEW_DEFAULT
144.0748,-36.6201,-17.3655,0.000,NORMAL,1,ROUTE,,,,,PREVIEW_DEFAULT
144.1748,-36.6547,-17.4593,0.000,NORMAL,1,ROUTE,,,,,PREVIEW_DEFAULT
144.2747,-36.6893,-17.5531,0.000,NORMAL,1,ROUTE,,,,,PREVIEW_DEFAULT
144.3747,-36.7240,-17.6469,0.000,NORMAL,1,ROUTE,,,,,PREVIEW_DEFAULT
144.4748,-36.7590,-17.7406,0.000,NORMAL,1,ROUTE,,,,,PREVIEW_DEFAULT
144.5748,-36.7942,-17.8342,0.000,NORMAL,1,ROUTE,,,,,PREVIEW_DEFAULT
144.6747,-36.8297,-17.9276,0.000,NORMAL,1,ROUTE,,,,,PREVIEW_DEFAULT
144.7747,-36.8656,-18.0209,0.000,NORMAL,1,ROUTE,,,,,PREVIEW_DEFAULT
144.8747,-36.9019,-18.1141,0.000,NORMAL,1,ROUTE,,,,,PREVIEW_DEFAULT
144.9747,-36.9386,-18.2071,0.000,NORMAL,1,ROUTE,,,,,PREVIEW_DEFAULT
145.0746,-36.9757,-18.2999,0.000,NORMAL,1,ROUTE,,,,,PREVIEW_DEFAULT
145.1746,-37.0132,-18.3926,0.000,NORMAL,1,ROUTE,,,,,PREVIEW_DEFAULT
145.2746,-37.0510,-18.4852,0.000,NORMAL,1,ROUTE,,,,,PREVIEW_DEFAULT
145.3746,-37.0891,-18.5776,0.000,NORMAL,1,ROUTE,,,,,PREVIEW_DEFAULT
145.4746,-37.1274,-18.6700,0.000,NORMAL,1,ROUTE,,,,,PREVIEW_DEFAULT
145.5745,-37.1660,-18.7622,0.000,NORMAL,1,ROUTE,,,,,PREVIEW_DEFAULT
145.6745,-37.2046,-18.8544,0.000,NORMAL,1,ROUTE,,,,,PREVIEW_DEFAULT
145.7745,-37.2434,-18.9466,0.000,NORMAL,1,ROUTE,,,,,PREVIEW_DEFAULT
145.8745,-37.2824,-19.0387,0.000,NORMAL,1,ROUTE,,,,,PREVIEW_DEFAULT
145.9745,-37.3214,-19.1307,0.000,NORMAL,1,ROUTE,,,,,PREVIEW_DEFAULT
146.0745,-37.3605,-19.2228,0.000,NORMAL,1,ROUTE,,,,,PREVIEW_DEFAULT
146.1745,-37.3996,-19.3148,0.000,NORMAL,1,ROUTE,,,,,PREVIEW_DEFAULT
146.2744,-37.4388,-19.4067,0.000,NORMAL,1,ROUTE,,,,,PREVIEW_DEFAULT
146.3744,-37.4781,-19.4987,0.000,NORMAL,1,ROUTE,,,,,PREVIEW_DEFAULT
146.4744,-37.5174,-19.5906,0.000,NORMAL,1,ROUTE,,,,,PREVIEW_DEFAULT
146.5744,-37.5567,-19.6826,0.000,NORMAL,1,ROUTE,,,,,PREVIEW_DEFAULT
146.6743,-37.5959,-19.7745,0.000,NORMAL,1,ROUTE,,,,,PREVIEW_DEFAULT
146.7744,-37.6352,-19.8665,0.000,NORMAL,1,ROUTE,,,,,PREVIEW_DEFAULT
146.8743,-37.6743,-19.9585,0.000,NORMAL,1,ROUTE,,,,,PREVIEW_DEFAULT
146.9743,-37.7134,-20.0505,0.000,NORMAL,1,ROUTE,,,,,PREVIEW_DEFAULT
147.0743,-37.7524,-20.1426,0.000,NORMAL,1,ROUTE,,,,,PREVIEW_DEFAULT
147.1743,-37.7912,-20.2347,0.000,NORMAL,1,ROUTE,,,,,PREVIEW_DEFAULT
147.2743,-37.8299,-20.3269,0.000,NORMAL,1,ROUTE,,,,,PREVIEW_DEFAULT
147.3743,-37.8684,-20.4192,0.000,NORMAL,1,ROUTE,,,,,PREVIEW_DEFAULT
147.4742,-37.9068,-20.5115,0.000,NORMAL,1,ROUTE,,,,,PREVIEW_DEFAULT
147.5742,-37.9449,-20.6039,0.000,NORMAL,1,ROUTE,,,,,PREVIEW_DEFAULT
147.6742,-37.9829,-20.6964,0.000,NORMAL,1,ROUTE,,,,,PREVIEW_DEFAULT
147.7742,-38.0206,-20.7890,0.000,NORMAL,1,ROUTE,,,,,PREVIEW_DEFAULT
147.8742,-38.0581,-20.8817,0.000,NORMAL,1,ROUTE,,,,,PREVIEW_DEFAULT
147.9742,-38.0954,-20.9745,0.000,NORMAL,1,ROUTE,,,,,PREVIEW_DEFAULT
148.0741,-38.1325,-21.0673,0.000,NORMAL,1,ROUTE,,,,,PREVIEW_DEFAULT
148.1741,-38.1694,-21.1602,0.000,NORMAL,1,ROUTE,,,,,PREVIEW_DEFAULT
148.2741,-38.2061,-21.2532,0.000,NORMAL,1,ROUTE,,,,,PREVIEW_DEFAULT
148.3741,-38.2427,-21.3463,0.000,NORMAL,1,ROUTE,,,,,PREVIEW_DEFAULT
148.4741,-38.2791,-21.4394,0.000,NORMAL,1,ROUTE,,,,,PREVIEW_DEFAULT
148.5741,-38.3154,-21.5326,0.000,NORMAL,1,ROUTE,,,,,PREVIEW_DEFAULT
148.6741,-38.3516,-21.6258,0.000,NORMAL,1,ROUTE,,,,,PREVIEW_DEFAULT
148.7740,-38.3877,-21.7190,0.000,NORMAL,1,ROUTE,,,,,PREVIEW_DEFAULT
148.8740,-38.4237,-21.8123,0.000,NORMAL,1,ROUTE,,,,,PREVIEW_DEFAULT
148.9739,-38.4597,-21.9055,0.000,NORMAL,1,ROUTE,,,,,PREVIEW_DEFAULT
149.0739,-38.4957,-21.9988,0.000,NORMAL,1,ROUTE,,,,,PREVIEW_DEFAULT
149.1739,-38.5317,-22.0921,0.000,NORMAL,1,ROUTE,,,,,PREVIEW_DEFAULT
149.2739,-38.5677,-22.1854,0.000,NORMAL,1,ROUTE,,,,,PREVIEW_DEFAULT
149.3739,-38.6037,-22.2787,0.000,NORMAL,1,ROUTE,,,,,PREVIEW_DEFAULT
149.4739,-38.6397,-22.3719,0.000,NORMAL,1,ROUTE,,,,,PREVIEW_DEFAULT
149.5739,-38.6758,-22.4652,0.000,NORMAL,1,ROUTE,,,,,PREVIEW_DEFAULT
149.6738,-38.7119,-22.5584,0.000,NORMAL,1,ROUTE,,,,,PREVIEW_DEFAULT
149.7738,-38.7480,-22.6516,0.000,NORMAL,1,ROUTE,,,,,PREVIEW_DEFAULT
149.8738,-38.7843,-22.7448,0.000,NORMAL,1,ROUTE,,,,,PREVIEW_DEFAULT
149.9738,-38.8205,-22.8380,0.000,NORMAL,1,ROUTE,,,,,PREVIEW_DEFAULT
150.0738,-38.8568,-22.9312,0.000,NORMAL,1,ROUTE,,,,,PREVIEW_DEFAULT
150.1738,-38.8930,-23.0244,0.000,NORMAL,1,ROUTE,,,,,PREVIEW_DEFAULT
150.2737,-38.9293,-23.1175,0.000,NORMAL,1,ROUTE,,,,,PREVIEW_DEFAULT
150.3737,-38.9655,-23.2107,0.000,NORMAL,1,ROUTE,,,,,PREVIEW_DEFAULT
150.4737,-39.0017,-23.3039,0.000,NORMAL,1,ROUTE,,,,,PREVIEW_DEFAULT
150.5737,-39.0378,-23.3972,0.000,NORMAL,1,ROUTE,,,,,PREVIEW_DEFAULT
150.6736,-39.0738,-23.4904,0.000,NORMAL,1,ROUTE,,,,,PREVIEW_DEFAULT
150.7737,-39.1097,-23.5838,0.000,NORMAL,1,ROUTE,,,,,PREVIEW_DEFAULT
150.8736,-39.1454,-23.6771,0.000,NORMAL,1,ROUTE,,,,,PREVIEW_DEFAULT
150.9736,-39.1810,-23.7706,0.000,NORMAL,1,ROUTE,,,,,PREVIEW_DEFAULT
151.0736,-39.2164,-23.8641,0.000,NORMAL,1,ROUTE,,,,,PREVIEW_DEFAULT
151.1736,-39.2517,-23.9576,0.000,NORMAL,1,ROUTE,,,,,PREVIEW_DEFAULT
151.2736,-39.2868,-24.0513,0.000,NORMAL,1,ROUTE,,,,,PREVIEW_DEFAULT
151.3735,-39.3217,-24.1449,0.000,NORMAL,1,ROUTE,,,,,PREVIEW_DEFAULT
151.4736,-39.3565,-24.2387,0.000,NORMAL,1,ROUTE,,,,,PREVIEW_DEFAULT
151.5736,-39.3912,-24.3325,0.000,NORMAL,1,ROUTE,,,,,PREVIEW_DEFAULT
151.6735,-39.4258,-24.4262,0.000,NORMAL,1,ROUTE,,,,,PREVIEW_DEFAULT
151.7734,-39.4604,-24.5200,0.000,NORMAL,1,ROUTE,,,,,PREVIEW_DEFAULT
151.8735,-39.4951,-24.6138,0.000,NORMAL,1,ROUTE,,,,,PREVIEW_DEFAULT
151.9735,-39.5298,-24.7076,0.000,NORMAL,1,ROUTE,,,,,PREVIEW_DEFAULT
152.0734,-39.5646,-24.8013,0.000,NORMAL,1,ROUTE,,,,,PREVIEW_DEFAULT
152.1734,-39.5996,-24.8950,0.000,NORMAL,1,ROUTE,,,,,PREVIEW_DEFAULT
152.2734,-39.6348,-24.9886,0.000,NORMAL,1,ROUTE,,,,,PREVIEW_DEFAULT
152.3734,-39.6701,-25.0821,0.000,NORMAL,1,ROUTE,,,,,PREVIEW_DEFAULT
152.4734,-39.7056,-25.1756,0.000,NORMAL,1,ROUTE,,,,,PREVIEW_DEFAULT
152.5734,-39.7412,-25.2690,0.000,NORMAL,1,ROUTE,,,,,PREVIEW_DEFAULT
152.6734,-39.7770,-25.3624,0.000,NORMAL,1,ROUTE,,,,,PREVIEW_DEFAULT
152.7733,-39.8127,-25.4557,0.000,NORMAL,1,ROUTE,,,,,PREVIEW_DEFAULT
152.8733,-39.8486,-25.5491,0.000,NORMAL,1,ROUTE,,,,,PREVIEW_DEFAULT
152.9733,-39.8844,-25.6424,0.000,NORMAL,1,ROUTE,,,,,PREVIEW_DEFAULT
153.0733,-39.9202,-25.7358,0.000,NORMAL,1,ROUTE,,,,,PREVIEW_DEFAULT
153.1733,-39.9559,-25.8292,0.000,NORMAL,1,ROUTE,,,,,PREVIEW_DEFAULT
153.2733,-39.9916,-25.9226,0.000,NORMAL,1,ROUTE,,,,,PREVIEW_DEFAULT
153.3732,-40.0271,-26.0160,0.000,NORMAL,1,ROUTE,,,,,PREVIEW_DEFAULT
153.4732,-40.0625,-26.1095,0.000,NORMAL,1,ROUTE,,,,,PREVIEW_DEFAULT
153.5732,-40.0978,-26.2031,0.000,NORMAL,1,ROUTE,,,,,PREVIEW_DEFAULT
153.6731,-40.1331,-26.2966,0.000,NORMAL,1,ROUTE,,,,,PREVIEW_DEFAULT
153.7731,-40.1682,-26.3902,0.000,NORMAL,1,ROUTE,,,,,PREVIEW_DEFAULT
153.8731,-40.2032,-26.4839,0.000,NORMAL,1,ROUTE,,,,,PREVIEW_DEFAULT
153.9732,-40.2382,-26.5776,0.000,NORMAL,1,ROUTE,,,,,PREVIEW_DEFAULT
154.0731,-40.2731,-26.6712,0.000,NORMAL,1,ROUTE,,,,,PREVIEW_DEFAULT
154.1731,-40.3081,-26.7649,0.000,NORMAL,1,ROUTE,,,,,PREVIEW_DEFAULT
154.2731,-40.3431,-26.8586,0.000,NORMAL,1,ROUTE,,,,,PREVIEW_DEFAULT
154.3730,-40.3781,-26.9522,0.000,NORMAL,1,ROUTE,,,,,PREVIEW_DEFAULT
154.4730,-40.4133,-27.0458,0.000,NORMAL,1,ROUTE,,,,,PREVIEW_DEFAULT
154.5730,-40.4486,-27.1393,0.000,NORMAL,1,ROUTE,,,,,PREVIEW_DEFAULT
154.6730,-40.4841,-27.2328,0.000,NORMAL,1,ROUTE,,,,,PREVIEW_DEFAULT
154.7729,-40.5197,-27.3262,0.000,NORMAL,1,ROUTE,,,,,PREVIEW_DEFAULT
154.8730,-40.5556,-27.4196,0.000,NORMAL,1,ROUTE,,,,,PREVIEW_DEFAULT
154.9729,-40.5916,-27.5128,0.000,NORMAL,1,ROUTE,,,,,PREVIEW_DEFAULT
155.0729,-40.6278,-27.6060,0.000,NORMAL,1,ROUTE,,,,,PREVIEW_DEFAULT
155.1730,-40.6642,-27.6992,0.000,NORMAL,1,ROUTE,,,,,PREVIEW_DEFAULT
155.2729,-40.7007,-27.7922,0.000,NORMAL,1,ROUTE,,,,,PREVIEW_DEFAULT
155.3729,-40.7373,-27.8853,0.000,NORMAL,1,ROUTE,,,,,PREVIEW_DEFAULT
155.4729,-40.7740,-27.9783,0.000,NORMAL,1,ROUTE,,,,,PREVIEW_DEFAULT
155.5728,-40.8108,-28.0712,0.000,NORMAL,1,ROUTE,,,,,PREVIEW_DEFAULT
155.6729,-40.8477,-28.1642,0.000,NORMAL,1,ROUTE,,,,,PREVIEW_DEFAULT
155.7728,-40.8847,-28.2571,0.000,NORMAL,1,ROUTE,,,,,PREVIEW_DEFAULT
155.8728,-40.9217,-28.3499,0.000,NORMAL,1,ROUTE,,,,,PREVIEW_DEFAULT
155.9728,-40.9588,-28.4428,0.000,NORMAL,1,ROUTE,,,,,PREVIEW_DEFAULT
156.0728,-40.9961,-28.5356,0.000,NORMAL,1,ROUTE,,,,,PREVIEW_DEFAULT
156.1727,-41.0334,-28.6283,0.000,NORMAL,1,ROUTE,,,,,PREVIEW_DEFAULT
156.2727,-41.0709,-28.7210,0.000,NORMAL,1,ROUTE,,,,,PREVIEW_DEFAULT
156.3727,-41.1086,-28.8136,0.000,NORMAL,1,ROUTE,,,,,PREVIEW_DEFAULT
156.4727,-41.1464,-28.9062,0.000,NORMAL,1,ROUTE,,,,,PREVIEW_DEFAULT
156.5727,-41.1845,-28.9986,0.000,NORMAL,1,ROUTE,,,,,PREVIEW_DEFAULT
156.6727,-41.2227,-29.0910,0.000,NORMAL,1,ROUTE,,,,,PREVIEW_DEFAULT
156.7727,-41.2612,-29.1833,0.000,NORMAL,1,ROUTE,,,,,PREVIEW_DEFAULT
156.8726,-41.2998,-29.2755,0.000,NORMAL,1,ROUTE,,,,,PREVIEW_DEFAULT
156.9726,-41.3387,-29.3676,0.000,NORMAL,1,ROUTE,,,,,PREVIEW_DEFAULT
157.0726,-41.3779,-29.4596,0.000,NORMAL,1,ROUTE,,,,,PREVIEW_DEFAULT
157.1725,-41.4172,-29.5515,0.000,NORMAL,1,ROUTE,,,,,PREVIEW_DEFAULT
157.2726,-41.4567,-29.6434,0.000,NORMAL,1,ROUTE,,,,,PREVIEW_DEFAULT
157.3726,-41.4963,-29.7352,0.000,NORMAL,1,ROUTE,,,,,PREVIEW_DEFAULT
157.4725,-41.5361,-29.8269,0.000,NORMAL,1,ROUTE,,,,,PREVIEW_DEFAULT
157.5725,-41.5759,-29.9186,0.000,NORMAL,1,ROUTE,,,,,PREVIEW_DEFAULT
157.6725,-41.6158,-30.0103,0.000,NORMAL,1,ROUTE,,,,,PREVIEW_DEFAULT
157.7725,-41.6556,-30.1020,0.000,NORMAL,1,ROUTE,,,,,PREVIEW_DEFAULT
157.8725,-41.6953,-30.1938,0.000,NORMAL,1,ROUTE,,,,,PREVIEW_DEFAULT
157.9724,-41.7348,-30.2856,0.000,NORMAL,1,ROUTE,,,,,PREVIEW_DEFAULT
158.0724,-41.7742,-30.3775,0.000,NORMAL,1,ROUTE,,,,,PREVIEW_DEFAULT
158.1725,-41.8133,-30.4696,0.000,NORMAL,1,ROUTE,,,,,PREVIEW_DEFAULT
158.2724,-41.8521,-30.5617,0.000,NORMAL,1,ROUTE,,,,,PREVIEW_DEFAULT
158.3724,-41.8906,-30.6540,0.000,NORMAL,1,ROUTE,,,,,PREVIEW_DEFAULT
158.4723,-41.9287,-30.7464,0.000,NORMAL,1,ROUTE,,,,,PREVIEW_DEFAULT
158.5723,-41.9664,-30.8390,0.000,NORMAL,1,ROUTE,,,,,PREVIEW_DEFAULT
158.6723,-42.0037,-30.9318,0.000,NORMAL,1,ROUTE,,,,,PREVIEW_DEFAULT
158.7723,-42.0406,-31.0247,0.000,NORMAL,1,ROUTE,,,,,PREVIEW_DEFAULT
158.8723,-42.0771,-31.1178,0.000,NORMAL,1,ROUTE,,,,,PREVIEW_DEFAULT
158.9723,-42.1133,-31.2110,0.000,NORMAL,1,ROUTE,,,,,PREVIEW_DEFAULT
159.0722,-42.1491,-31.3043,0.000,NORMAL,1,ROUTE,,,,,PREVIEW_DEFAULT
159.1722,-42.1846,-31.3978,0.000,NORMAL,1,ROUTE,,,,,PREVIEW_DEFAULT
159.2722,-42.2199,-31.4913,0.000,NORMAL,1,ROUTE,,,,,PREVIEW_DEFAULT
159.3722,-42.2550,-31.5850,0.000,NORMAL,1,ROUTE,,,,,PREVIEW_DEFAULT
159.4721,-42.2899,-31.6786,0.000,NORMAL,1,ROUTE,,,,,PREVIEW_DEFAULT
159.5722,-42.3247,-31.7724,0.000,NORMAL,1,ROUTE,,,,,PREVIEW_DEFAULT
159.6721,-42.3595,-31.8661,0.000,NORMAL,1,ROUTE,,,,,PREVIEW_DEFAULT
159.7721,-42.3942,-31.9599,0.000,NORMAL,1,ROUTE,,,,,PREVIEW_DEFAULT
159.8721,-42.4290,-32.0536,0.000,NORMAL,1,ROUTE,,,,,PREVIEW_DEFAULT
159.9721,-42.4638,-32.1474,0.000,NORMAL,1,ROUTE,,,,,PREVIEW_DEFAULT
160.0720,-42.4987,-32.2410,0.000,NORMAL,1,ROUTE,,,,,PREVIEW_DEFAULT
160.1721,-42.5338,-32.3347,0.000,NORMAL,1,ROUTE,,,,,PREVIEW_DEFAULT
160.2720,-42.5690,-32.4282,0.000,NORMAL,1,ROUTE,,,,,PREVIEW_DEFAULT
160.3720,-42.6045,-32.5217,0.000,NORMAL,1,ROUTE,,,,,PREVIEW_DEFAULT
160.4720,-42.6402,-32.6151,0.000,NORMAL,1,ROUTE,,,,,PREVIEW_DEFAULT
160.5720,-42.6761,-32.7084,0.000,NORMAL,1,ROUTE,,,,,PREVIEW_DEFAULT
160.6720,-42.7124,-32.8016,0.000,NORMAL,1,ROUTE,,,,,PREVIEW_DEFAULT
160.7720,-42.7489,-32.8947,0.000,NORMAL,1,ROUTE,,,,,PREVIEW_DEFAULT
160.8719,-42.7857,-32.9876,0.000,NORMAL,1,ROUTE,,,,,PREVIEW_DEFAULT
160.9719,-42.8228,-33.0805,0.000,NORMAL,1,ROUTE,,,,,PREVIEW_DEFAULT
161.0719,-42.8602,-33.1732,0.000,NORMAL,1,ROUTE,,,,,PREVIEW_DEFAULT
161.1719,-42.8979,-33.2658,0.000,NORMAL,1,ROUTE,,,,,PREVIEW_DEFAULT
161.2718,-42.9358,-33.3583,0.000,NORMAL,1,ROUTE,,,,,PREVIEW_DEFAULT
161.3718,-42.9740,-33.4507,0.000,NORMAL,1,ROUTE,,,,,PREVIEW_DEFAULT
161.4718,-43.0125,-33.5430,0.000,NORMAL,1,ROUTE,,,,,PREVIEW_DEFAULT
161.5718,-43.0511,-33.6352,0.000,NORMAL,1,ROUTE,,,,,PREVIEW_DEFAULT
161.6718,-43.0900,-33.7273,0.000,NORMAL,1,ROUTE,,,,,PREVIEW_DEFAULT
161.7718,-43.1290,-33.8194,0.000,NORMAL,1,ROUTE,,,,,PREVIEW_DEFAULT
161.8718,-43.1681,-33.9114,0.000,NORMAL,1,ROUTE,,,,,PREVIEW_DEFAULT
161.9718,-43.2073,-34.0034,0.000,NORMAL,1,ROUTE,,,,,PREVIEW_DEFAULT
162.0717,-43.2466,-34.0953,0.000,NORMAL,1,ROUTE,,,,,PREVIEW_DEFAULT
162.1717,-43.2860,-34.1872,0.000,NORMAL,1,ROUTE,,,,,PREVIEW_DEFAULT
162.2717,-43.3253,-34.2792,0.000,NORMAL,1,ROUTE,,,,,PREVIEW_DEFAULT
162.3717,-43.3646,-34.3711,0.000,NORMAL,1,ROUTE,,,,,PREVIEW_DEFAULT
162.4716,-43.4039,-34.4630,0.000,NORMAL,1,ROUTE,,,,,PREVIEW_DEFAULT
162.5717,-43.4432,-34.5550,0.000,NORMAL,1,ROUTE,,,,,PREVIEW_DEFAULT
162.6716,-43.4823,-34.6470,0.000,NORMAL,1,ROUTE,,,,,PREVIEW_DEFAULT
162.7716,-43.5214,-34.7390,0.000,NORMAL,1,ROUTE,,,,,PREVIEW_DEFAULT
162.8716,-43.5604,-34.8311,0.000,NORMAL,1,ROUTE,,,,,PREVIEW_DEFAULT
162.9716,-43.5993,-34.9232,0.000,NORMAL,1,ROUTE,,,,,PREVIEW_DEFAULT
163.0715,-43.6381,-35.0153,0.000,NORMAL,1,ROUTE,,,,,PREVIEW_DEFAULT
163.1715,-43.6768,-35.1075,0.000,NORMAL,1,ROUTE,,,,,PREVIEW_DEFAULT
163.2715,-43.7153,-35.1998,0.000,NORMAL,1,ROUTE,,,,,PREVIEW_DEFAULT
163.3715,-43.7539,-35.2920,0.000,NORMAL,1,ROUTE,,,,,PREVIEW_DEFAULT
163.4715,-43.7923,-35.3843,0.000,NORMAL,1,ROUTE,,,,,PREVIEW_DEFAULT
163.5715,-43.8307,-35.4767,0.000,NORMAL,1,ROUTE,,,,,PREVIEW_DEFAULT
163.6715,-43.8690,-35.5690,0.000,NORMAL,1,ROUTE,,,,,PREVIEW_DEFAULT
163.7714,-43.9073,-35.6613,0.000,NORMAL,1,ROUTE,,,,,PREVIEW_DEFAULT
163.8715,-43.9457,-35.7537,0.000,NORMAL,1,ROUTE,,,,,PREVIEW_DEFAULT
163.9714,-43.9840,-35.8460,0.000,NORMAL,1,ROUTE,,,,,PREVIEW_DEFAULT
164.0714,-44.0224,-35.9383,0.000,NORMAL,1,ROUTE,,,,,PREVIEW_DEFAULT
164.1713,-44.0608,-36.0306,0.000,NORMAL,1,ROUTE,,,,,PREVIEW_DEFAULT
164.2713,-44.0993,-36.1229,0.000,NORMAL,1,ROUTE,,,,,PREVIEW_DEFAULT
164.3714,-44.1379,-36.2152,0.000,NORMAL,1,ROUTE,,,,,PREVIEW_DEFAULT
164.4713,-44.1765,-36.3074,0.000,NORMAL,1,ROUTE,,,,,PREVIEW_DEFAULT
164.5713,-44.2152,-36.3996,0.000,NORMAL,1,ROUTE,,,,,PREVIEW_DEFAULT
164.6713,-44.2540,-36.4917,0.000,NORMAL,1,ROUTE,,,,,PREVIEW_DEFAULT
164.7712,-44.2929,-36.5838,0.000,NORMAL,1,ROUTE,,,,,PREVIEW_DEFAULT
164.8713,-44.3319,-36.6759,0.000,NORMAL,1,ROUTE,,,,,PREVIEW_DEFAULT
164.9713,-44.3709,-36.7680,0.000,NORMAL,1,ROUTE,,,,,PREVIEW_DEFAULT
165.0712,-44.4100,-36.8600,0.000,NORMAL,1,ROUTE,,,,,PREVIEW_DEFAULT
165.1712,-44.4492,-36.9520,0.000,NORMAL,1,ROUTE,,,,,PREVIEW_DEFAULT
165.2712,-44.4884,-37.0440,0.000,NORMAL,1,ROUTE,,,,,PREVIEW_DEFAULT
165.3712,-44.5276,-37.1359,0.000,NORMAL,1,ROUTE,,,,,PREVIEW_DEFAULT
165.4712,-44.5668,-37.2279,0.000,NORMAL,1,ROUTE,,,,,PREVIEW_DEFAULT
165.5711,-44.6059,-37.3199,0.000,NORMAL,1,ROUTE,,,,,PREVIEW_DEFAULT
165.6711,-44.6451,-37.4119,0.000,NORMAL,1,ROUTE,,,,,PREVIEW_DEFAULT
165.7711,-44.6841,-37.5039,0.000,NORMAL,1,ROUTE,,,,,PREVIEW_DEFAULT
165.8711,-44.7231,-37.5960,0.000,NORMAL,1,ROUTE,,,,,PREVIEW_DEFAULT
165.9710,-44.7619,-37.6881,0.000,NORMAL,1,ROUTE,,,,,PREVIEW_DEFAULT
166.0710,-44.8007,-37.7803,0.000,NORMAL,1,ROUTE,,,,,PREVIEW_DEFAULT
166.1710,-44.8393,-37.8725,0.000,NORMAL,1,ROUTE,,,,,PREVIEW_DEFAULT
166.2710,-44.8779,-37.9648,0.000,NORMAL,1,ROUTE,,,,,PREVIEW_DEFAULT
166.3710,-44.9163,-38.0571,0.000,NORMAL,1,ROUTE,,,,,PREVIEW_DEFAULT
166.4709,-44.9546,-38.1494,0.000,NORMAL,1,ROUTE,,,,,PREVIEW_DEFAULT
166.5709,-44.9928,-38.2418,0.000,NORMAL,1,ROUTE,,,,,PREVIEW_DEFAULT
166.6710,-45.0309,-38.3343,0.000,NORMAL,1,ROUTE,,,,,PREVIEW_DEFAULT
166.7709,-45.0690,-38.4267,0.000,NORMAL,1,ROUTE,,,,,PREVIEW_DEFAULT
166.8709,-45.1070,-38.5192,0.000,NORMAL,1,ROUTE,,,,,PREVIEW_DEFAULT
166.9709,-45.1450,-38.6117,0.000,NORMAL,1,ROUTE,,,,,PREVIEW_DEFAULT
167.0709,-45.1830,-38.7042,0.000,NORMAL,1,ROUTE,,,,,PREVIEW_DEFAULT
167.1709,-45.2209,-38.7967,0.000,NORMAL,1,ROUTE,,,,,PREVIEW_DEFAULT
167.2708,-45.2589,-38.8891,0.000,NORMAL,1,ROUTE,,,,,PREVIEW_DEFAULT
167.3708,-45.2970,-38.9816,0.000,NORMAL,1,ROUTE,,,,,PREVIEW_DEFAULT
167.4708,-45.3351,-39.0740,0.000,NORMAL,1,ROUTE,,,,,PREVIEW_DEFAULT
167.5708,-45.3733,-39.1664,0.000,NORMAL,1,ROUTE,,,,,PREVIEW_DEFAULT
167.6707,-45.4115,-39.2588,0.000,NORMAL,1,ROUTE,,,,,PREVIEW_DEFAULT
167.7708,-45.4498,-39.3512,0.000,NORMAL,1,ROUTE,,,,,PREVIEW_DEFAULT
167.8707,-45.4882,-39.4435,0.000,NORMAL,1,ROUTE,,,,,PREVIEW_DEFAULT
167.9708,-45.5265,-39.5359,0.000,NORMAL,1,ROUTE,,,,,PREVIEW_DEFAULT
168.0707,-45.5648,-39.6282,0.000,NORMAL,1,ROUTE,,,,,PREVIEW_DEFAULT
168.1707,-45.6031,-39.7206,0.000,NORMAL,1,ROUTE,,,,,PREVIEW_DEFAULT
168.2707,-45.6413,-39.8130,0.000,NORMAL,1,ROUTE,,,,,PREVIEW_DEFAULT
168.3706,-45.6794,-39.9054,0.000,NORMAL,1,ROUTE,,,,,PREVIEW_DEFAULT
168.4706,-45.7174,-39.9979,0.000,NORMAL,1,ROUTE,,,,,PREVIEW_DEFAULT
168.5706,-45.7553,-40.0904,0.000,NORMAL,1,ROUTE,,,,,PREVIEW_DEFAULT
168.6706,-45.7930,-40.1830,0.000,NORMAL,1,ROUTE,,,,,PREVIEW_DEFAULT
168.7705,-45.8306,-40.2756,0.000,NORMAL,1,ROUTE,,,,,PREVIEW_DEFAULT
168.8705,-45.8681,-40.3683,0.000,NORMAL,1,ROUTE,,,,,PREVIEW_DEFAULT
168.9706,-45.9055,-40.4611,0.000,NORMAL,1,ROUTE,,,,,PREVIEW_DEFAULT
169.0706,-45.9427,-40.5539,0.000,NORMAL,1,ROUTE,,,,,PREVIEW_DEFAULT
169.1705,-45.9799,-40.6467,0.000,NORMAL,1,ROUTE,,,,,PREVIEW_DEFAULT
169.2705,-46.0170,-40.7395,0.000,NORMAL,1,ROUTE,,,,,PREVIEW_DEFAULT
169.3705,-46.0541,-40.8324,0.000,NORMAL,1,ROUTE,,,,,PREVIEW_DEFAULT
169.4704,-46.0911,-40.9252,0.000,NORMAL,1,ROUTE,,,,,PREVIEW_DEFAULT
169.5705,-46.1282,-41.0181,0.000,NORMAL,1,ROUTE,,,,,PREVIEW_DEFAULT
169.6704,-46.1654,-41.1109,0.000,NORMAL,1,ROUTE,,,,,PREVIEW_DEFAULT
169.7704,-46.2026,-41.2037,0.000,NORMAL,1,ROUTE,,,,,PREVIEW_DEFAULT
169.8704,-46.2399,-41.2965,0.000,NORMAL,1,ROUTE,,,,,PREVIEW_DEFAULT
169.9704,-46.2773,-41.3892,0.000,NORMAL,1,ROUTE,,,,,PREVIEW_DEFAULT
170.0703,-46.3149,-41.4818,0.000,NORMAL,1,ROUTE,,,,,PREVIEW_DEFAULT
170.1703,-46.3526,-41.5744,0.000,NORMAL,1,ROUTE,,,,,PREVIEW_DEFAULT
170.2703,-46.3904,-41.6670,0.000,NORMAL,1,ROUTE,,,,,PREVIEW_DEFAULT
170.3703,-46.4284,-41.7595,0.000,NORMAL,1,ROUTE,,,,,PREVIEW_DEFAULT
170.4703,-46.4666,-41.8519,0.000,NORMAL,1,ROUTE,,,,,PREVIEW_DEFAULT
170.5703,-46.5049,-41.9443,0.000,NORMAL,1,ROUTE,,,,,PREVIEW_DEFAULT
170.6703,-46.5433,-42.0366,0.000,NORMAL,1,ROUTE,,,,,PREVIEW_DEFAULT
170.7702,-46.5818,-42.1288,0.000,NORMAL,1,ROUTE,,,,,PREVIEW_DEFAULT
170.8703,-46.6204,-42.2211,0.000,NORMAL,1,ROUTE,,,,,PREVIEW_DEFAULT
170.9702,-46.6591,-42.3132,0.000,NORMAL,1,ROUTE,,,,,PREVIEW_DEFAULT
171.0702,-46.6979,-42.4054,0.000,NORMAL,1,ROUTE,,,,,PREVIEW_DEFAULT
171.1702,-46.7368,-42.4975,0.000,NORMAL,1,ROUTE,,,,,PREVIEW_DEFAULT
171.2702,-46.7758,-42.5896,0.000,NORMAL,1,ROUTE,,,,,PREVIEW_DEFAULT
171.3701,-46.8148,-42.6816,0.000,NORMAL,1,ROUTE,,,,,PREVIEW_DEFAULT
171.4702,-46.8539,-42.7737,0.000,NORMAL,1,ROUTE,,,,,PREVIEW_DEFAULT
171.5701,-46.8930,-42.8657,0.000,NORMAL,1,ROUTE,,,,,PREVIEW_DEFAULT
171.6701,-46.9322,-42.9576,0.000,NORMAL,1,ROUTE,,,,,PREVIEW_DEFAULT
171.7701,-46.9714,-43.0496,0.000,NORMAL,1,ROUTE,,,,,PREVIEW_DEFAULT
171.8701,-47.0107,-43.1416,0.000,NORMAL,1,ROUTE,,,,,PREVIEW_DEFAULT
171.9700,-47.0499,-43.2335,0.000,NORMAL,1,ROUTE,,,,,PREVIEW_DEFAULT
172.0701,-47.0892,-43.3255,0.000,NORMAL,1,ROUTE,,,,,PREVIEW_DEFAULT
172.1700,-47.1286,-43.4174,0.000,NORMAL,1,ROUTE,,,,,PREVIEW_DEFAULT
172.2700,-47.1679,-43.5093,0.000,NORMAL,1,ROUTE,,,,,PREVIEW_DEFAULT
172.3699,-47.2072,-43.6012,0.000,NORMAL,1,ROUTE,,,,,PREVIEW_DEFAULT
172.4699,-47.2466,-43.6931,0.000,NORMAL,1,ROUTE,,,,,PREVIEW_DEFAULT
172.5699,-47.2860,-43.7850,0.000,NORMAL,1,ROUTE,,,,,PREVIEW_DEFAULT
172.6700,-47.3255,-43.8769,0.000,NORMAL,1,ROUTE,,,,,PREVIEW_DEFAULT
172.7699,-47.3650,-43.9687,0.000,NORMAL,1,ROUTE,,,,,PREVIEW_DEFAULT
172.8699,-47.4046,-44.0605,0.000,NORMAL,1,ROUTE,,,,,PREVIEW_DEFAULT
172.9699,-47.4444,-44.1523,0.000,NORMAL,1,ROUTE,,,,,PREVIEW_DEFAULT
173.0698,-47.4842,-44.2439,0.000,NORMAL,1,ROUTE,,,,,PREVIEW_DEFAULT
173.1699,-47.5243,-44.3356,0.000,NORMAL,1,ROUTE,,,,,PREVIEW_DEFAULT
173.2698,-47.5645,-44.4271,0.000,NORMAL,1,ROUTE,,,,,PREVIEW_DEFAULT
173.3698,-47.6048,-44.5186,0.000,NORMAL,1,ROUTE,,,,,PREVIEW_DEFAULT
173.4698,-47.6454,-44.6100,0.000,NORMAL,1,ROUTE,,,,,PREVIEW_DEFAULT
173.5698,-47.6862,-44.7013,0.000,NORMAL,1,ROUTE,,,,,PREVIEW_DEFAULT
173.6698,-47.7271,-44.7925,0.000,NORMAL,1,ROUTE,,,,,PREVIEW_DEFAULT
173.7697,-47.7683,-44.8836,0.000,NORMAL,1,ROUTE,,,,,PREVIEW_DEFAULT
173.8697,-47.8096,-44.9746,0.000,NORMAL,1,ROUTE,,,,,PREVIEW_DEFAULT
173.9697,-47.8512,-45.0656,0.000,NORMAL,1,ROUTE,,,,,PREVIEW_DEFAULT
174.0697,-47.8930,-45.1564,0.000,NORMAL,1,ROUTE,,,,,PREVIEW_DEFAULT
174.1697,-47.9350,-45.2471,0.000,NORMAL,1,ROUTE,,,,,PREVIEW_DEFAULT
174.2697,-47.9772,-45.3378,0.000,NORMAL,1,ROUTE,,,,,PREVIEW_DEFAULT
174.3696,-48.0197,-45.4282,0.000,NORMAL,1,ROUTE,,,,,PREVIEW_DEFAULT
174.4696,-48.0625,-45.5186,0.000,NORMAL,1,ROUTE,,,,,PREVIEW_DEFAULT
174.5696,-48.1057,-45.6088,0.000,NORMAL,1,ROUTE,,,,,PREVIEW_DEFAULT
174.6696,-48.1492,-45.6988,0.000,NORMAL,1,ROUTE,,,,,PREVIEW_DEFAULT
174.7696,-48.1930,-45.7887,0.000,NORMAL,1,ROUTE,,,,,PREVIEW_DEFAULT
174.8695,-48.2373,-45.8783,0.000,NORMAL,1,ROUTE,,,,,PREVIEW_DEFAULT
174.9696,-48.2820,-45.9678,0.000,NORMAL,1,ROUTE,,,,,PREVIEW_DEFAULT
175.0695,-48.3270,-46.0570,0.000,NORMAL,1,ROUTE,,,,,PREVIEW_DEFAULT
175.1695,-48.3725,-46.1461,0.000,NORMAL,1,ROUTE,,,,,PREVIEW_DEFAULT
175.2695,-48.4185,-46.2349,0.000,NORMAL,1,ROUTE,,,,,PREVIEW_DEFAULT
175.3695,-48.4649,-46.3234,0.000,NORMAL,1,ROUTE,,,,,PREVIEW_DEFAULT
175.4694,-48.5118,-46.4117,0.000,NORMAL,1,ROUTE,,,,,PREVIEW_DEFAULT
175.5694,-48.5593,-46.4997,0.000,NORMAL,1,ROUTE,,,,,PREVIEW_DEFAULT
175.6694,-48.6074,-46.5873,0.000,NORMAL,1,ROUTE,,,,,PREVIEW_DEFAULT
175.7693,-48.6561,-46.6746,0.000,NORMAL,1,ROUTE,,,,,PREVIEW_DEFAULT
175.8694,-48.7056,-46.7615,0.000,NORMAL,1,ROUTE,,,,,PREVIEW_DEFAULT
175.9693,-48.7559,-46.8479,0.000,NORMAL,1,ROUTE,,,,,PREVIEW_DEFAULT
176.0693,-48.8071,-46.9338,0.000,NORMAL,1,ROUTE,,,,,PREVIEW_DEFAULT
176.1693,-48.8593,-47.0191,0.000,NORMAL,1,ROUTE,,,,,PREVIEW_DEFAULT
176.2693,-48.9126,-47.1037,0.000,NORMAL,1,ROUTE,,,,,PREVIEW_DEFAULT
176.3693,-48.9671,-47.1875,0.000,NORMAL,1,ROUTE,,,,,PREVIEW_DEFAULT
176.4693,-49.0229,-47.2705,0.000,NORMAL,1,ROUTE,,,,,PREVIEW_DEFAULT
176.5693,-49.0801,-47.3525,0.000,NORMAL,1,ROUTE,,,,,PREVIEW_DEFAULT
176.6692,-49.1386,-47.4335,0.000,NORMAL,1,ROUTE,,,,,PREVIEW_DEFAULT
176.7692,-49.1987,-47.5134,0.000,NORMAL,1,ROUTE,,,,,PREVIEW_DEFAULT
176.8692,-49.2603,-47.5922,0.000,NORMAL,1,ROUTE,,,,,PREVIEW_DEFAULT
176.9692,-49.3235,-47.6697,0.000,NORMAL,1,ROUTE,,,,,PREVIEW_DEFAULT
177.0692,-49.3883,-47.7458,0.000,NORMAL,1,ROUTE,,,,,PREVIEW_DEFAULT
177.1691,-49.4546,-47.8206,0.000,NORMAL,1,ROUTE,,,,,PREVIEW_DEFAULT
177.2691,-49.5226,-47.8939,0.000,NORMAL,1,ROUTE,,,,,PREVIEW_DEFAULT
177.3692,-49.5923,-47.9657,0.000,NORMAL,1,ROUTE,,,,,PREVIEW_DEFAULT
177.4691,-49.6635,-48.0358,0.000,NORMAL,1,ROUTE,,,,,PREVIEW_DEFAULT
177.5691,-49.7364,-48.1043,0.000,NORMAL,1,ROUTE,,,,,PREVIEW_DEFAULT
177.6690,-49.8108,-48.1710,0.000,NORMAL,1,ROUTE,,,,,PREVIEW_DEFAULT
177.7690,-49.8869,-48.2359,0.000,NORMAL,1,ROUTE,,,,,PREVIEW_DEFAULT
177.8690,-49.9644,-48.2990,0.000,NORMAL,1,ROUTE,,,,,PREVIEW_DEFAULT
177.9689,-50.0435,-48.3601,0.000,NORMAL,1,ROUTE,,,,,PREVIEW_DEFAULT
178.0690,-50.1242,-48.4193,0.000,NORMAL,1,ROUTE,,,,,PREVIEW_DEFAULT
178.1689,-50.2062,-48.4764,0.000,NORMAL,1,ROUTE,,,,,PREVIEW_DEFAULT
178.2689,-50.2897,-48.5314,0.000,NORMAL,1,ROUTE,,,,,PREVIEW_DEFAULT
178.3689,-50.3745,-48.5843,0.000,NORMAL,1,ROUTE,,,,,PREVIEW_DEFAULT
178.4689,-50.4607,-48.6350,0.000,NORMAL,1,ROUTE,,,,,PREVIEW_DEFAULT
178.5689,-50.5482,-48.6835,0.000,NORMAL,1,ROUTE,,,,,PREVIEW_DEFAULT
178.6688,-50.6369,-48.7295,0.000,NORMAL,1,ROUTE,,,,,PREVIEW_DEFAULT
178.7688,-50.7269,-48.7731,0.000,NORMAL,1,ROUTE,,,,,PREVIEW_DEFAULT
178.8687,-50.8180,-48.8141,0.000,NORMAL,1,ROUTE,,,,,PREVIEW_DEFAULT
178.9688,-50.9104,-48.8525,0.000,NORMAL,1,ROUTE,,,,,PREVIEW_DEFAULT
179.0688,-51.0038,-48.8881,0.000,NORMAL,1,ROUTE,,,,,PREVIEW_DEFAULT
179.1688,-51.0983,-48.9208,0.000,NORMAL,1,ROUTE,,,,,PREVIEW_DEFAULT
179.2688,-51.1938,-48.9505,0.000,NORMAL,1,ROUTE,,,,,PREVIEW_DEFAULT
179.3687,-51.2901,-48.9771,0.000,NORMAL,1,ROUTE,,,,,PREVIEW_DEFAULT
179.4687,-51.3874,-49.0004,0.000,NORMAL,1,ROUTE,,,,,PREVIEW_DEFAULT
179.5686,-51.4853,-49.0204,0.000,NORMAL,1,ROUTE,,,,,PREVIEW_DEFAULT
179.6686,-51.5839,-49.0369,0.000,NORMAL,1,ROUTE,,,,,PREVIEW_DEFAULT
179.7687,-51.6831,-49.0498,0.000,NORMAL,1,ROUTE,,,,,PREVIEW_DEFAULT
179.8686,-51.7826,-49.0592,0.000,NORMAL,1,ROUTE,,,,,PREVIEW_DEFAULT
179.9686,-51.8824,-49.0650,0.000,NORMAL,1,ROUTE,,,,,PREVIEW_DEFAULT
180.0686,-51.9824,-49.0673,0.000,NORMAL,1,ROUTE,,,,,PREVIEW_DEFAULT
180.1685,-52.0823,-49.0662,0.000,NORMAL,1,ROUTE,,,,,PREVIEW_DEFAULT
180.2685,-52.1822,-49.0617,0.000,NORMAL,1,ROUTE,,,,,PREVIEW_DEFAULT
180.3685,-52.2819,-49.0541,0.000,NORMAL,1,ROUTE,,,,,PREVIEW_DEFAULT
180.4685,-52.3813,-49.0434,0.000,NORMAL,1,ROUTE,,,,,PREVIEW_DEFAULT
180.5684,-52.4803,-49.0297,0.000,NORMAL,1,ROUTE,,,,,PREVIEW_DEFAULT
180.6684,-52.5790,-49.0134,0.000,NORMAL,1,ROUTE,,,,,PREVIEW_DEFAULT
180.7684,-52.6771,-48.9944,0.000,NORMAL,1,ROUTE,,,,,PREVIEW_DEFAULT
180.8684,-52.7748,-48.9730,0.000,NORMAL,1,ROUTE,,,,,PREVIEW_DEFAULT
180.9683,-52.8719,-48.9493,0.000,NORMAL,1,ROUTE,,,,,PREVIEW_DEFAULT
181.0684,-52.9685,-48.9233,0.000,NORMAL,1,ROUTE,,,,,PREVIEW_DEFAULT
181.1683,-53.0644,-48.8951,0.000,NORMAL,1,ROUTE,,,,,PREVIEW_DEFAULT
181.2683,-53.1597,-48.8649,0.000,NORMAL,1,ROUTE,,,,,PREVIEW_DEFAULT
181.3683,-53.2544,-48.8327,0.000,NORMAL,1,ROUTE,,,,,PREVIEW_DEFAULT
181.4682,-53.3483,-48.7986,0.000,NORMAL,1,ROUTE,,,,,PREVIEW_DEFAULT
181.5682,-53.4416,-48.7626,0.000,NORMAL,1,ROUTE,,,,,PREVIEW_DEFAULT
181.6682,-53.5342,-48.7249,0.000,NORMAL,1,ROUTE,,,,,PREVIEW_DEFAULT
181.7682,-53.6261,-48.6855,0.000,NORMAL,1,ROUTE,,,,,PREVIEW_DEFAULT
181.8682,-53.7173,-48.6445,0.000,NORMAL,1,ROUTE,,,,,PREVIEW_DEFAULT
181.9682,-53.8078,-48.6020,0.000,NORMAL,1,ROUTE,,,,,PREVIEW_DEFAULT
182.0682,-53.8977,-48.5582,0.000,NORMAL,1,ROUTE,,,,,PREVIEW_DEFAULT
182.1682,-53.9869,-48.5130,0.000,NORMAL,1,ROUTE,,,,,PREVIEW_DEFAULT
182.2681,-54.0754,-48.4666,0.000,NORMAL,1,ROUTE,,,,,PREVIEW_DEFAULT
182.3681,-54.1633,-48.4189,0.000,NORMAL,1,ROUTE,,,,,PREVIEW_DEFAULT
182.4681,-54.2506,-48.3702,0.000,NORMAL,1,ROUTE,,,,,PREVIEW_DEFAULT
182.5681,-54.3373,-48.3204,0.000,NORMAL,1,ROUTE,,,,,PREVIEW_DEFAULT
182.6680,-54.4234,-48.2696,0.000,NORMAL,1,ROUTE,,,,,PREVIEW_DEFAULT
182.7680,-54.5090,-48.2179,0.000,NORMAL,1,ROUTE,,,,,PREVIEW_DEFAULT
182.8680,-54.5940,-48.1653,0.000,NORMAL,1,ROUTE,,,,,PREVIEW_DEFAULT
182.9679,-54.6785,-48.1119,0.000,NORMAL,1,ROUTE,,,,,PREVIEW_DEFAULT
183.0680,-54.7625,-48.0576,0.000,NORMAL,1,ROUTE,,,,,PREVIEW_DEFAULT
183.1680,-54.8460,-48.0026,0.000,NORMAL,1,ROUTE,,,,,PREVIEW_DEFAULT
183.2679,-54.9290,-47.9469,0.000,NORMAL,1,ROUTE,,,,,PREVIEW_DEFAULT
183.3679,-55.0115,-47.8904,0.000,NORMAL,1,ROUTE,,,,,PREVIEW_DEFAULT
183.4679,-55.0935,-47.8332,0.000,NORMAL,1,ROUTE,,,,,PREVIEW_DEFAULT
183.5679,-55.1750,-47.7753,0.000,NORMAL,1,ROUTE,,,,,PREVIEW_DEFAULT
183.6678,-55.2560,-47.7167,0.000,NORMAL,1,ROUTE,,,,,PREVIEW_DEFAULT
183.7678,-55.3365,-47.6574,0.000,NORMAL,1,ROUTE,,,,,PREVIEW_DEFAULT
183.8679,-55.4165,-47.5973,0.000,NORMAL,1,ROUTE,,,,,PREVIEW_DEFAULT
183.9679,-55.4959,-47.5365,0.000,NORMAL,1,ROUTE,,,,,PREVIEW_DEFAULT
184.0678,-55.5746,-47.4750,0.000,NORMAL,1,ROUTE,,,,,PREVIEW_DEFAULT
184.1678,-55.6528,-47.4126,0.000,NORMAL,1,ROUTE,,,,,PREVIEW_DEFAULT
184.2677,-55.7302,-47.3494,0.000,NORMAL,1,ROUTE,,,,,PREVIEW_DEFAULT
184.3678,-55.8070,-47.2853,0.000,NORMAL,1,ROUTE,,,,,PREVIEW_DEFAULT
184.4678,-55.8829,-47.2202,0.000,NORMAL,1,ROUTE,,,,,PREVIEW_DEFAULT
184.5677,-55.9580,-47.1542,0.000,NORMAL,1,ROUTE,,,,,PREVIEW_DEFAULT
184.6677,-56.0321,-47.0871,0.000,NORMAL,1,ROUTE,,,,,PREVIEW_DEFAULT
184.7677,-56.1052,-47.0189,0.000,NORMAL,1,ROUTE,,,,,PREVIEW_DEFAULT
184.8677,-56.1773,-46.9496,0.000,NORMAL,1,ROUTE,,,,,PREVIEW_DEFAULT
184.9677,-56.2482,-46.8791,0.000,NORMAL,1,ROUTE,,,,,PREVIEW_DEFAULT
185.0676,-56.3178,-46.8074,0.000,NORMAL,1,ROUTE,,,,,PREVIEW_DEFAULT
185.1676,-56.3861,-46.7344,0.000,NORMAL,1,ROUTE,,,,,PREVIEW_DEFAULT
185.2675,-56.4530,-46.6601,0.000,NORMAL,1,ROUTE,,,,,PREVIEW_DEFAULT
185.3676,-56.5185,-46.5845,0.000,NORMAL,1,ROUTE,,,,,PREVIEW_DEFAULT
185.4676,-56.5824,-46.5076,0.000,NORMAL,1,ROUTE,,,,,PREVIEW_DEFAULT
185.5675,-56.6447,-46.4294,0.000,NORMAL,1,ROUTE,,,,,PREVIEW_DEFAULT
185.6675,-56.7054,-46.3500,0.000,NORMAL,1,ROUTE,,,,,PREVIEW_DEFAULT
185.7675,-56.7644,-46.2693,0.000,NORMAL,1,ROUTE,,,,,PREVIEW_DEFAULT
185.8675,-56.8217,-46.1873,0.000,NORMAL,1,ROUTE,,,,,PREVIEW_DEFAULT
185.9675,-56.8773,-46.1042,0.000,NORMAL,1,ROUTE,,,,,PREVIEW_DEFAULT
186.0675,-56.9311,-46.0199,0.000,NORMAL,1,ROUTE,,,,,PREVIEW_DEFAULT
186.1674,-56.9832,-45.9346,0.000,NORMAL,1,ROUTE,,,,,PREVIEW_DEFAULT
186.2674,-57.0337,-45.8483,0.000,NORMAL,1,ROUTE,,,,,PREVIEW_DEFAULT
186.3673,-57.0825,-45.7611,0.000,NORMAL,1,ROUTE,,,,,PREVIEW_DEFAULT
186.4674,-57.1299,-45.6730,0.000,NORMAL,1,ROUTE,,,,,PREVIEW_DEFAULT
186.5674,-57.1757,-45.5841,0.000,NORMAL,1,ROUTE,,,,,PREVIEW_DEFAULT
186.6673,-57.2201,-45.4946,0.000,NORMAL,1,ROUTE,,,,,PREVIEW_DEFAULT
186.7673,-57.2631,-45.4043,0.000,NORMAL,1,ROUTE,,,,,PREVIEW_DEFAULT
186.8673,-57.3048,-45.3134,0.000,NORMAL,1,ROUTE,,,,,PREVIEW_DEFAULT
186.9673,-57.3452,-45.2220,0.000,NORMAL,1,ROUTE,,,,,PREVIEW_DEFAULT
187.0673,-57.3842,-45.1299,0.000,NORMAL,1,ROUTE,,,,,PREVIEW_DEFAULT
187.1673,-57.4220,-45.0373,0.000,NORMAL,1,ROUTE,,,,,PREVIEW_DEFAULT
187.2673,-57.4584,-44.9442,0.000,NORMAL,1,ROUTE,,,,,PREVIEW_DEFAULT
187.3672,-57.4935,-44.8506,0.000,NORMAL,1,ROUTE,,,,,PREVIEW_DEFAULT
187.4672,-57.5274,-44.7565,0.000,NORMAL,1,ROUTE,,,,,PREVIEW_DEFAULT
187.5672,-57.5599,-44.6620,0.000,NORMAL,1,ROUTE,,,,,PREVIEW_DEFAULT
187.6672,-57.5911,-44.5670,0.000,NORMAL,1,ROUTE,,,,,PREVIEW_DEFAULT
187.7672,-57.6211,-44.4716,0.000,NORMAL,1,ROUTE,,,,,PREVIEW_DEFAULT
187.8671,-57.6499,-44.3759,0.000,NORMAL,1,ROUTE,,,,,PREVIEW_DEFAULT
187.9671,-57.6776,-44.2798,0.000,NORMAL,1,ROUTE,,,,,PREVIEW_DEFAULT
188.0671,-57.7043,-44.1835,0.000,NORMAL,1,ROUTE,,,,,PREVIEW_DEFAULT
188.1671,-57.7300,-44.0868,0.000,NORMAL,1,ROUTE,,,,,PREVIEW_DEFAULT
188.2670,-57.7548,-43.9900,0.000,NORMAL,1,ROUTE,,,,,PREVIEW_DEFAULT
188.3670,-57.7789,-43.8930,0.000,NORMAL,1,ROUTE,,,,,PREVIEW_DEFAULT
188.4670,-57.8022,-43.7957,0.000,NORMAL,1,ROUTE,,,,,PREVIEW_DEFAULT
188.5670,-57.8248,-43.6983,0.000,NORMAL,1,ROUTE,,,,,PREVIEW_DEFAULT
188.6670,-57.8468,-43.6008,0.000,NORMAL,1,ROUTE,,,,,PREVIEW_DEFAULT
188.7670,-57.8682,-43.5031,0.000,NORMAL,1,ROUTE,,,,,PREVIEW_DEFAULT
188.8670,-57.8890,-43.4053,0.000,NORMAL,1,ROUTE,,,,,PREVIEW_DEFAULT
188.9669,-57.9091,-43.3074,0.000,NORMAL,1,ROUTE,,,,,PREVIEW_DEFAULT
189.0669,-57.9285,-43.2093,0.000,NORMAL,1,ROUTE,,,,,PREVIEW_DEFAULT
189.1669,-57.9472,-43.1111,0.000,NORMAL,1,ROUTE,,,,,PREVIEW_DEFAULT
189.2669,-57.9651,-43.0127,0.000,NORMAL,1,ROUTE,,,,,PREVIEW_DEFAULT
189.3669,-57.9821,-42.9142,0.000,NORMAL,1,ROUTE,,,,,PREVIEW_DEFAULT
189.4669,-57.9982,-42.8155,0.000,NORMAL,1,ROUTE,,,,,PREVIEW_DEFAULT
189.5668,-58.0131,-42.7167,0.000,NORMAL,1,ROUTE,,,,,PREVIEW_DEFAULT
189.6669,-58.0270,-42.6176,0.000,NORMAL,1,ROUTE,,,,,PREVIEW_DEFAULT
189.7668,-58.0395,-42.5184,0.000,NORMAL,1,ROUTE,,,,,PREVIEW_DEFAULT
189.8668,-58.0507,-42.4191,0.000,NORMAL,1,ROUTE,,,,,PREVIEW_DEFAULT
189.9667,-58.0604,-42.3196,0.000,NORMAL,1,ROUTE,,,,,PREVIEW_DEFAULT
190.0668,-58.0685,-42.2199,0.000,NORMAL,1,ROUTE,,,,,PREVIEW_DEFAULT
190.1667,-58.0751,-42.1202,0.000,NORMAL,1,ROUTE,,,,,PREVIEW_DEFAULT
190.2667,-58.0801,-42.0203,0.000,NORMAL,1,ROUTE,,,,,PREVIEW_DEFAULT
190.3667,-58.0835,-41.9204,0.000,NORMAL,1,ROUTE,,,,,PREVIEW_DEFAULT
190.4667,-58.0854,-41.8204,0.000,NORMAL,1,ROUTE,,,,,PREVIEW_DEFAULT
190.5667,-58.0858,-41.7204,0.000,NORMAL,1,ROUTE,,,,,PREVIEW_DEFAULT
190.6666,-58.0848,-41.6205,0.000,NORMAL,1,ROUTE,,,,,PREVIEW_DEFAULT
190.7666,-58.0825,-41.5205,0.000,NORMAL,1,ROUTE,,,,,PREVIEW_DEFAULT
190.8666,-58.0790,-41.4206,0.000,NORMAL,1,ROUTE,,,,,PREVIEW_DEFAULT
190.9666,-58.0745,-41.3207,0.000,NORMAL,1,ROUTE,,,,,PREVIEW_DEFAULT
191.0665,-58.0690,-41.2209,0.000,NORMAL,1,ROUTE,,,,,PREVIEW_DEFAULT
191.1665,-58.0626,-41.1211,0.000,NORMAL,1,ROUTE,,,,,PREVIEW_DEFAULT
191.2665,-58.0555,-41.0214,0.000,NORMAL,1,ROUTE,,,,,PREVIEW_DEFAULT
191.3665,-58.0479,-40.9217,0.000,NORMAL,1,ROUTE,,,,,PREVIEW_DEFAULT
191.3864,-58.0463,-40.9018,0.000,NORMAL,1,S_CURVE,S_CURVE_START,ENTER_ZONE,,,PREVIEW_DEFAULT
191.4665,-58.0398,-40.8220,0.000,NORMAL,1,S_CURVE,,,,,PREVIEW_DEFAULT
191.5665,-58.0313,-40.7224,0.000,NORMAL,1,S_CURVE,,,,,PREVIEW_DEFAULT
191.6665,-58.0224,-40.6228,0.000,NORMAL,1,S_CURVE,,,,,PREVIEW_DEFAULT
191.7665,-58.0133,-40.5232,0.000,NORMAL,1,S_CURVE,,,,,PREVIEW_DEFAULT
191.8664,-58.0041,-40.4237,0.000,NORMAL,1,S_CURVE,,,,,PREVIEW_DEFAULT
191.9664,-57.9947,-40.3241,0.000,NORMAL,1,S_CURVE,,,,,PREVIEW_DEFAULT
192.0664,-57.9852,-40.2246,0.000,NORMAL,1,S_CURVE,,,,,PREVIEW_DEFAULT
192.1663,-57.9758,-40.1251,0.000,NORMAL,1,S_CURVE,,,,,PREVIEW_DEFAULT
192.2664,-57.9665,-40.0255,0.000,NORMAL,1,S_CURVE,,,,,PREVIEW_DEFAULT
192.3663,-57.9572,-39.9260,0.000,NORMAL,1,S_CURVE,,,,,PREVIEW_DEFAULT
192.4663,-57.9481,-39.8264,0.000,NORMAL,1,S_CURVE,,,,,PREVIEW_DEFAULT
192.5663,-57.9392,-39.7268,0.000,NORMAL,1,S_CURVE,,,,,PREVIEW_DEFAULT
192.6663,-57.9305,-39.6272,0.000,NORMAL,1,S_CURVE,,,,,PREVIEW_DEFAULT
192.7663,-57.9220,-39.5276,0.000,NORMAL,1,S_CURVE,,,,,PREVIEW_DEFAULT
192.8662,-57.9137,-39.4280,0.000,NORMAL,1,S_CURVE,,,,,PREVIEW_DEFAULT
192.9662,-57.9057,-39.3283,0.000,NORMAL,1,S_CURVE,,,,,PREVIEW_DEFAULT
193.0662,-57.8978,-39.2286,0.000,NORMAL,1,S_CURVE,,,,,PREVIEW_DEFAULT
193.1662,-57.8901,-39.1289,0.000,NORMAL,1,S_CURVE,,,,,PREVIEW_DEFAULT
193.2661,-57.8824,-39.0293,0.000,NORMAL,1,S_CURVE,,,,,PREVIEW_DEFAULT
193.3661,-57.8748,-38.9296,0.000,NORMAL,1,S_CURVE,,,,,PREVIEW_DEFAULT
193.4661,-57.8671,-38.8299,0.000,NORMAL,1,S_CURVE,,,,,PREVIEW_DEFAULT
193.5661,-57.8594,-38.7302,0.000,NORMAL,1,S_CURVE,,,,,PREVIEW_DEFAULT
193.6661,-57.8517,-38.6305,0.000,NORMAL,1,S_CURVE,,,,,PREVIEW_DEFAULT
193.7661,-57.8439,-38.5308,0.000,NORMAL,1,S_CURVE,,,,,PREVIEW_DEFAULT
193.8660,-57.8360,-38.4312,0.000,NORMAL,1,S_CURVE,,,,,PREVIEW_DEFAULT
193.9660,-57.8282,-38.3315,0.000,NORMAL,1,S_CURVE,,,,,PREVIEW_DEFAULT
194.0660,-57.8204,-38.2318,0.000,NORMAL,1,S_CURVE,,,,,PREVIEW_DEFAULT
194.1660,-57.8128,-38.1321,0.000,NORMAL,1,S_CURVE,,,,,PREVIEW_DEFAULT
194.2660,-57.8055,-38.0324,0.000,NORMAL,1,S_CURVE,,,,,PREVIEW_DEFAULT
194.3660,-57.7984,-37.9327,0.000,NORMAL,1,S_CURVE,,,,,PREVIEW_DEFAULT
194.4660,-57.7917,-37.8329,0.000,NORMAL,1,S_CURVE,,,,,PREVIEW_DEFAULT
194.5660,-57.7854,-37.7331,0.000,NORMAL,1,S_CURVE,,,,,PREVIEW_DEFAULT
194.6659,-57.7796,-37.6333,0.000,NORMAL,1,S_CURVE,,,,,PREVIEW_DEFAULT
194.7659,-57.7742,-37.5335,0.000,NORMAL,1,S_CURVE,,,,,PREVIEW_DEFAULT
194.8659,-57.7693,-37.4336,0.000,NORMAL,1,S_CURVE,,,,,PREVIEW_DEFAULT
194.9659,-57.7649,-37.3337,0.000,NORMAL,1,S_CURVE,,,,,PREVIEW_DEFAULT
195.0659,-57.7610,-37.2338,0.000,NORMAL,1,S_CURVE,,,,,PREVIEW_DEFAULT
195.1658,-57.7576,-37.1339,0.000,NORMAL,1,S_CURVE,,,,,PREVIEW_DEFAULT
195.2659,-57.7548,-37.0339,0.000,NORMAL,1,S_CURVE,,,,,PREVIEW_DEFAULT
195.3658,-57.7526,-36.9340,0.000,NORMAL,1,S_CURVE,,,,,PREVIEW_DEFAULT
195.4658,-57.7510,-36.8340,0.000,NORMAL,1,S_CURVE,,,,,PREVIEW_DEFAULT
195.5658,-57.7500,-36.7340,0.000,NORMAL,1,S_CURVE,,,,,PREVIEW_DEFAULT
195.6657,-57.7498,-36.6341,0.000,NORMAL,1,S_CURVE,,,,,PREVIEW_DEFAULT
195.7657,-57.7502,-36.5341,0.000,NORMAL,1,S_CURVE,,,,,PREVIEW_DEFAULT
195.8657,-57.7515,-36.4341,0.000,NORMAL,1,S_CURVE,,,,,PREVIEW_DEFAULT
195.9658,-57.7537,-36.3341,0.000,NORMAL,1,S_CURVE,,,,,PREVIEW_DEFAULT
196.0657,-57.7567,-36.2342,0.000,NORMAL,1,S_CURVE,,,,,PREVIEW_DEFAULT
196.1657,-57.7608,-36.1343,0.000,NORMAL,1,S_CURVE,,,,,PREVIEW_DEFAULT
196.2657,-57.7658,-36.0344,0.000,NORMAL,1,S_CURVE,,,,,PREVIEW_DEFAULT
196.3656,-57.7719,-35.9347,0.000,NORMAL,1,S_CURVE,,,,,PREVIEW_DEFAULT
196.4657,-57.7792,-35.8349,0.000,NORMAL,1,S_CURVE,,,,,PREVIEW_DEFAULT
196.5656,-57.7876,-35.7353,0.000,NORMAL,1,S_CURVE,,,,,PREVIEW_DEFAULT
196.6656,-57.7972,-35.6358,0.000,NORMAL,1,S_CURVE,,,,,PREVIEW_DEFAULT
196.7656,-57.8081,-35.5364,0.000,NORMAL,1,S_CURVE,,,,,PREVIEW_DEFAULT
196.8655,-57.8203,-35.4372,0.000,NORMAL,1,S_CURVE,,,,,PREVIEW_DEFAULT
196.9655,-57.8338,-35.3381,0.000,NORMAL,1,S_CURVE,,,,,PREVIEW_DEFAULT
197.0655,-57.8486,-35.2392,0.000,NORMAL,1,S_CURVE,,,,,PREVIEW_DEFAULT
197.1655,-57.8647,-35.1405,0.000,NORMAL,1,S_CURVE,,,,,PREVIEW_DEFAULT
197.2655,-57.8822,-35.0421,0.000,NORMAL,1,S_CURVE,,,,,PREVIEW_DEFAULT
197.3655,-57.9010,-34.9439,0.000,NORMAL,1,S_CURVE,,,,,PREVIEW_DEFAULT
197.4655,-57.9210,-34.8459,0.000,NORMAL,1,S_CURVE,,,,,PREVIEW_DEFAULT
197.5654,-57.9423,-34.7483,0.000,NORMAL,1,S_CURVE,,,,,PREVIEW_DEFAULT
197.6654,-57.9648,-34.6508,0.000,NORMAL,1,S_CURVE,,,,,PREVIEW_DEFAULT
197.7654,-57.9885,-34.5537,0.000,NORMAL,1,S_CURVE,,,,,PREVIEW_DEFAULT
197.8654,-58.0133,-34.4568,0.000,NORMAL,1,S_CURVE,,,,,PREVIEW_DEFAULT
197.9653,-58.0392,-34.3603,0.000,NORMAL,1,S_CURVE,,,,,PREVIEW_DEFAULT
198.0653,-58.0661,-34.2640,0.000,NORMAL,1,S_CURVE,,,,,PREVIEW_DEFAULT
198.1653,-58.0941,-34.1680,0.000,NORMAL,1,S_CURVE,,,,,PREVIEW_DEFAULT
198.2653,-58.1229,-34.0723,0.000,NORMAL,1,S_CURVE,,,,,PREVIEW_DEFAULT
198.3653,-58.1528,-33.9768,0.000,NORMAL,1,S_CURVE,,,,,PREVIEW_DEFAULT
198.4652,-58.1834,-33.8817,0.000,NORMAL,1,S_CURVE,,,,,PREVIEW_DEFAULT
198.5653,-58.2150,-33.7868,0.000,NORMAL,1,S_CURVE,,,,,PREVIEW_DEFAULT
198.6653,-58.2474,-33.6922,0.000,NORMAL,1,S_CURVE,,,,,PREVIEW_DEFAULT
198.7652,-58.2806,-33.5979,0.000,NORMAL,1,S_CURVE,,,,,PREVIEW_DEFAULT
198.8652,-58.3145,-33.5039,0.000,NORMAL,1,S_CURVE,,,,,PREVIEW_DEFAULT
198.9652,-58.3493,-33.4101,0.000,NORMAL,1,S_CURVE,,,,,PREVIEW_DEFAULT
199.0651,-58.3848,-33.3167,0.000,NORMAL,1,S_CURVE,,,,,PREVIEW_DEFAULT
199.1651,-58.4211,-33.2235,0.000,NORMAL,1,S_CURVE,,,,,PREVIEW_DEFAULT
199.2652,-58.4582,-33.1306,0.000,NORMAL,1,S_CURVE,,,,,PREVIEW_DEFAULT
199.3651,-58.4961,-33.0381,0.000,NORMAL,1,S_CURVE,,,,,PREVIEW_DEFAULT
199.4651,-58.5348,-32.9459,0.000,NORMAL,1,S_CURVE,,,,,PREVIEW_DEFAULT
199.5651,-58.5743,-32.8541,0.000,NORMAL,1,S_CURVE,,,,,PREVIEW_DEFAULT
199.6650,-58.6148,-32.7627,0.000,NORMAL,1,S_CURVE,,,,,PREVIEW_DEFAULT
199.7651,-58.6561,-32.6716,0.000,NORMAL,1,S_CURVE,,,,,PREVIEW_DEFAULT
199.8650,-58.6985,-32.5811,0.000,NORMAL,1,S_CURVE,,,,,PREVIEW_DEFAULT
199.9650,-58.7419,-32.4910,0.000,NORMAL,1,S_CURVE,,,,,PREVIEW_DEFAULT
200.0650,-58.7864,-32.4015,0.000,NORMAL,1,S_CURVE,,,,,PREVIEW_DEFAULT
200.1650,-58.8320,-32.3125,0.000,NORMAL,1,S_CURVE,,,,,PREVIEW_DEFAULT
200.2650,-58.8788,-32.2241,0.000,NORMAL,1,S_CURVE,,,,,PREVIEW_DEFAULT
200.3649,-58.9267,-32.1364,0.000,NORMAL,1,S_CURVE,,,,,PREVIEW_DEFAULT
200.4649,-58.9759,-32.0494,0.000,NORMAL,1,S_CURVE,,,,,PREVIEW_DEFAULT
200.5649,-59.0264,-31.9631,0.000,NORMAL,1,S_CURVE,,,,,PREVIEW_DEFAULT
200.6649,-59.0782,-31.8775,0.000,NORMAL,1,S_CURVE,,,,,PREVIEW_DEFAULT
200.7648,-59.1312,-31.7928,0.000,NORMAL,1,S_CURVE,,,,,PREVIEW_DEFAULT
200.8648,-59.1855,-31.7088,0.000,NORMAL,1,S_CURVE,,,,,PREVIEW_DEFAULT
200.9648,-59.2412,-31.6258,0.000,NORMAL,1,S_CURVE,,,,,PREVIEW_DEFAULT
201.0648,-59.2982,-31.5436,0.000,NORMAL,1,S_CURVE,,,,,PREVIEW_DEFAULT
201.1648,-59.3566,-31.4625,0.000,NORMAL,1,S_CURVE,,,,,PREVIEW_DEFAULT
201.2648,-59.4163,-31.3823,0.000,NORMAL,1,S_CURVE,,,,,PREVIEW_DEFAULT
201.3648,-59.4774,-31.3031,0.000,NORMAL,1,S_CURVE,,,,,PREVIEW_DEFAULT
201.4647,-59.5398,-31.2250,0.000,NORMAL,1,S_CURVE,,,,,PREVIEW_DEFAULT
201.5647,-59.6036,-31.1480,0.000,NORMAL,1,S_CURVE,,,,,PREVIEW_DEFAULT
201.6647,-59.6688,-31.0722,0.000,NORMAL,1,S_CURVE,,,,,PREVIEW_DEFAULT
201.7647,-59.7353,-30.9975,0.000,NORMAL,1,S_CURVE,,,,,PREVIEW_DEFAULT
201.8647,-59.8031,-30.9241,0.000,NORMAL,1,S_CURVE,,,,,PREVIEW_DEFAULT
201.9647,-59.8722,-30.8518,0.000,NORMAL,1,S_CURVE,,,,,PREVIEW_DEFAULT
202.0646,-59.9426,-30.7809,0.000,NORMAL,1,S_CURVE,,,,,PREVIEW_DEFAULT
202.1646,-60.0143,-30.7112,0.000,NORMAL,1,S_CURVE,,,,,PREVIEW_DEFAULT
202.2645,-60.0872,-30.6428,0.000,NORMAL,1,S_CURVE,,,,,PREVIEW_DEFAULT
202.3645,-60.1613,-30.5757,0.000,NORMAL,1,S_CURVE,,,,,PREVIEW_DEFAULT
202.4646,-60.2366,-30.5098,0.000,NORMAL,1,S_CURVE,,,,,PREVIEW_DEFAULT
202.5645,-60.3129,-30.4453,0.000,NORMAL,1,S_CURVE,,,,,PREVIEW_DEFAULT
202.6645,-60.3903,-30.3819,0.000,NORMAL,1,S_CURVE,,,,,PREVIEW_DEFAULT
202.7645,-60.4686,-30.3198,0.000,NORMAL,1,S_CURVE,,,,,PREVIEW_DEFAULT
202.8645,-60.5478,-30.2587,0.000,NORMAL,1,S_CURVE,,,,,PREVIEW_DEFAULT
202.9644,-60.6278,-30.1988,0.000,NORMAL,1,S_CURVE,,,,,PREVIEW_DEFAULT
203.0645,-60.7086,-30.1398,0.000,NORMAL,1,S_CURVE,,,,,PREVIEW_DEFAULT
203.1645,-60.7901,-30.0819,0.000,NORMAL,1,S_CURVE,,,,,PREVIEW_DEFAULT
203.2644,-60.8722,-30.0249,0.000,NORMAL,1,S_CURVE,,,,,PREVIEW_DEFAULT
203.3644,-60.9550,-29.9688,0.000,NORMAL,1,S_CURVE,,,,,PREVIEW_DEFAULT
203.4644,-61.0383,-29.9136,0.000,NORMAL,1,S_CURVE,,,,,PREVIEW_DEFAULT
203.5644,-61.1223,-29.8593,0.000,NORMAL,1,S_CURVE,,,,,PREVIEW_DEFAULT
203.6643,-61.2067,-29.8058,0.000,NORMAL,1,S_CURVE,,,,,PREVIEW_DEFAULT
203.7643,-61.2917,-29.7531,0.000,NORMAL,1,S_CURVE,,,,,PREVIEW_DEFAULT
203.8643,-61.3772,-29.7012,0.000,NORMAL,1,S_CURVE,,,,,PREVIEW_DEFAULT
203.9643,-61.4631,-29.6501,0.000,NORMAL,1,S_CURVE,,,,,PREVIEW_DEFAULT
204.0643,-61.5496,-29.5999,0.000,NORMAL,1,S_CURVE,,,,,PREVIEW_DEFAULT
204.1643,-61.6365,-29.5505,0.000,NORMAL,1,S_CURVE,,,,,PREVIEW_DEFAULT
204.2642,-61.7238,-29.5019,0.000,NORMAL,1,S_CURVE,,,,,PREVIEW_DEFAULT
204.3642,-61.8117,-29.4541,0.000,NORMAL,1,S_CURVE,,,,,PREVIEW_DEFAULT
204.4642,-61.9000,-29.4073,0.000,NORMAL,1,S_CURVE,,,,,PREVIEW_DEFAULT
204.5642,-61.9888,-29.3613,0.000,NORMAL,1,S_CURVE,,,,,PREVIEW_DEFAULT
204.6642,-62.0781,-29.3163,0.000,NORMAL,1,S_CURVE,,,,,PREVIEW_DEFAULT
204.7642,-62.1679,-29.2723,0.000,NORMAL,1,S_CURVE,,,,,PREVIEW_DEFAULT
204.8641,-62.2581,-29.2293,0.000,NORMAL,1,S_CURVE,,,,,PREVIEW_DEFAULT
204.9641,-62.3489,-29.1874,0.000,NORMAL,1,S_CURVE,,,,,PREVIEW_DEFAULT
205.0641,-62.4402,-29.1465,0.000,NORMAL,1,S_CURVE,,,,,PREVIEW_DEFAULT
205.1641,-62.5319,-29.1068,0.000,NORMAL,1,S_CURVE,,,,,PREVIEW_DEFAULT
205.2641,-62.6242,-29.0683,0.000,NORMAL,1,S_CURVE,,,,,PREVIEW_DEFAULT
205.3640,-62.7169,-29.0310,0.000,NORMAL,1,S_CURVE,,,,,PREVIEW_DEFAULT
205.4640,-62.8102,-28.9949,0.000,NORMAL,1,S_CURVE,,,,,PREVIEW_DEFAULT
205.5640,-62.9038,-28.9599,0.000,NORMAL,1,S_CURVE,,,,,PREVIEW_DEFAULT
205.6640,-62.9979,-28.9261,0.000,NORMAL,1,S_CURVE,,,,,PREVIEW_DEFAULT
205.7640,-63.0924,-28.8934,0.000,NORMAL,1,S_CURVE,,,,,PREVIEW_DEFAULT
205.8640,-63.1873,-28.8618,0.000,NORMAL,1,S_CURVE,,,,,PREVIEW_DEFAULT
205.9639,-63.2825,-28.8313,0.000,NORMAL,1,S_CURVE,,,,,PREVIEW_DEFAULT
206.0639,-63.3780,-28.8018,0.000,NORMAL,1,S_CURVE,,,,,PREVIEW_DEFAULT
206.1639,-63.4738,-28.7732,0.000,NORMAL,1,S_CURVE,,,,,PREVIEW_DEFAULT
206.2638,-63.5699,-28.7457,0.000,NORMAL,1,S_CURVE,,,,,PREVIEW_DEFAULT
206.3638,-63.6663,-28.7191,0.000,NORMAL,1,S_CURVE,,,,,PREVIEW_DEFAULT
206.4639,-63.7630,-28.6934,0.000,NORMAL,1,S_CURVE,,,,,PREVIEW_DEFAULT
206.5639,-63.8599,-28.6688,0.000,NORMAL,1,S_CURVE,,,,,PREVIEW_DEFAULT
206.6638,-63.9570,-28.6452,0.000,NORMAL,1,S_CURVE,,,,,PREVIEW_DEFAULT
206.7638,-64.0544,-28.6226,0.000,NORMAL,1,S_CURVE,,,,,PREVIEW_DEFAULT
206.8638,-64.1521,-28.6012,0.000,NORMAL,1,S_CURVE,,,,,PREVIEW_DEFAULT
206.9638,-64.2500,-28.5809,0.000,NORMAL,1,S_CURVE,,,,,PREVIEW_DEFAULT
207.0637,-64.3481,-28.5618,0.000,NORMAL,1,S_CURVE,,,,,PREVIEW_DEFAULT
207.1637,-64.4465,-28.5439,0.000,NORMAL,1,S_CURVE,,,,,PREVIEW_DEFAULT
207.2637,-64.5451,-28.5274,0.000,NORMAL,1,S_CURVE,,,,,PREVIEW_DEFAULT
207.3637,-64.6439,-28.5122,0.000,NORMAL,1,S_CURVE,,,,,PREVIEW_DEFAULT
207.4637,-64.7430,-28.4985,0.000,NORMAL,1,S_CURVE,,,,,PREVIEW_DEFAULT
207.5637,-64.8422,-28.4861,0.000,NORMAL,1,S_CURVE,,,,,PREVIEW_DEFAULT
207.6637,-64.9416,-28.4752,0.000,NORMAL,1,S_CURVE,,,,,PREVIEW_DEFAULT
207.7636,-65.0411,-28.4658,0.000,NORMAL,1,S_CURVE,,,,,PREVIEW_DEFAULT
207.8636,-65.1408,-28.4577,0.000,NORMAL,1,S_CURVE,,,,,PREVIEW_DEFAULT
207.9636,-65.2405,-28.4512,0.000,NORMAL,1,S_CURVE,,,,,PREVIEW_DEFAULT
208.0636,-65.3404,-28.4460,0.000,NORMAL,1,S_CURVE,,,,,PREVIEW_DEFAULT
208.1636,-65.4403,-28.4423,0.000,NORMAL,1,S_CURVE,,,,,PREVIEW_DEFAULT
208.2635,-65.5402,-28.4399,0.000,NORMAL,1,S_CURVE,,,,,PREVIEW_DEFAULT
208.3635,-65.6402,-28.4388,0.000,NORMAL,1,S_CURVE,,,,,PREVIEW_DEFAULT
208.4635,-65.7402,-28.4389,0.000,NORMAL,1,S_CURVE,,,,,PREVIEW_DEFAULT
208.5635,-65.8402,-28.4402,0.000,NORMAL,1,S_CURVE,,,,,PREVIEW_DEFAULT
208.6634,-65.9401,-28.4425,0.000,NORMAL,1,S_CURVE,,,,,PREVIEW_DEFAULT
208.7635,-66.0401,-28.4459,0.000,NORMAL,1,S_CURVE,,,,,PREVIEW_DEFAULT
208.8634,-66.1399,-28.4502,0.000,NORMAL,1,S_CURVE,,,,,PREVIEW_DEFAULT
208.9634,-66.2398,-28.4554,0.000,NORMAL,1,S_CURVE,,,,,PREVIEW_DEFAULT
209.0634,-66.3396,-28.4615,0.000,NORMAL,1,S_CURVE,,,,,PREVIEW_DEFAULT
209.1633,-66.4393,-28.4684,0.000,NORMAL,1,S_CURVE,,,,,PREVIEW_DEFAULT
209.2633,-66.5390,-28.4760,0.000,NORMAL,1,S_CURVE,,,,,PREVIEW_DEFAULT
209.3634,-66.6387,-28.4843,0.000,NORMAL,1,S_CURVE,,,,,PREVIEW_DEFAULT
209.4633,-66.7382,-28.4933,0.000,NORMAL,1,S_CURVE,,,,,PREVIEW_DEFAULT
209.5633,-66.8377,-28.5030,0.000,NORMAL,1,S_CURVE,,,,,PREVIEW_DEFAULT
209.6633,-66.9372,-28.5133,0.000,NORMAL,1,S_CURVE,,,,,PREVIEW_DEFAULT
209.7633,-67.0366,-28.5243,0.000,NORMAL,1,S_CURVE,,,,,PREVIEW_DEFAULT
209.8633,-67.1359,-28.5358,0.000,NORMAL,1,S_CURVE,,,,,PREVIEW_DEFAULT
209.9632,-67.2351,-28.5479,0.000,NORMAL,1,S_CURVE,,,,,PREVIEW_DEFAULT
210.0632,-67.3343,-28.5605,0.000,NORMAL,1,S_CURVE,,,,,PREVIEW_DEFAULT
210.1632,-67.4334,-28.5737,0.000,NORMAL,1,S_CURVE,,,,,PREVIEW_DEFAULT
210.2632,-67.5325,-28.5874,0.000,NORMAL,1,S_CURVE,,,,,PREVIEW_DEFAULT
210.3631,-67.6314,-28.6016,0.000,NORMAL,1,S_CURVE,,,,,PREVIEW_DEFAULT
210.4632,-67.7304,-28.6162,0.000,NORMAL,1,S_CURVE,,,,,PREVIEW_DEFAULT
210.5631,-67.8292,-28.6312,0.000,NORMAL,1,S_CURVE,,,,,PREVIEW_DEFAULT
210.6631,-67.9280,-28.6465,0.000,NORMAL,1,S_CURVE,,,,,PREVIEW_DEFAULT
210.7631,-68.0268,-28.6621,0.000,NORMAL,1,S_CURVE,,,,,PREVIEW_DEFAULT
210.8631,-68.1255,-28.6779,0.000,NORMAL,1,S_CURVE,,,,,PREVIEW_DEFAULT
210.9631,-68.2242,-28.6938,0.000,NORMAL,1,S_CURVE,,,,,PREVIEW_DEFAULT
211.0631,-68.3229,-28.7099,0.000,NORMAL,1,S_CURVE,,,,,PREVIEW_DEFAULT
211.1631,-68.4216,-28.7261,0.000,NORMAL,1,S_CURVE,,,,,PREVIEW_DEFAULT
211.2630,-68.5202,-28.7422,0.000,NORMAL,1,S_CURVE,,,,,PREVIEW_DEFAULT
211.3630,-68.6189,-28.7583,0.000,NORMAL,1,S_CURVE,,,,,PREVIEW_DEFAULT
211.4630,-68.7176,-28.7742,0.000,NORMAL,1,S_CURVE,,,,,PREVIEW_DEFAULT
211.5629,-68.8163,-28.7900,0.000,NORMAL,1,S_CURVE,,,,,PREVIEW_DEFAULT
211.6629,-68.9151,-28.8055,0.000,NORMAL,1,S_CURVE,,,,,PREVIEW_DEFAULT
211.7629,-69.0139,-28.8207,0.000,NORMAL,1,S_CURVE,,,,,PREVIEW_DEFAULT
211.8629,-69.1128,-28.8356,0.000,NORMAL,1,S_CURVE,,,,,PREVIEW_DEFAULT
211.9629,-69.2117,-28.8500,0.000,NORMAL,1,S_CURVE,,,,,PREVIEW_DEFAULT
212.0629,-69.3108,-28.8639,0.000,NORMAL,1,S_CURVE,,,,,PREVIEW_DEFAULT
212.1629,-69.4099,-28.8772,0.000,NORMAL,1,S_CURVE,,,,,PREVIEW_DEFAULT
212.2628,-69.5090,-28.8899,0.000,NORMAL,1,S_CURVE,,,,,PREVIEW_DEFAULT
212.3628,-69.6083,-28.9018,0.000,NORMAL,1,S_CURVE,,,,,PREVIEW_DEFAULT
212.4628,-69.7076,-28.9131,0.000,NORMAL,1,S_CURVE,,,,,PREVIEW_DEFAULT
212.5628,-69.8071,-28.9235,0.000,NORMAL,1,S_CURVE,,,,,PREVIEW_DEFAULT
212.6628,-69.9066,-28.9331,0.000,NORMAL,1,S_CURVE,,,,,PREVIEW_DEFAULT
212.7628,-70.0062,-28.9419,0.000,NORMAL,1,S_CURVE,,,,,PREVIEW_DEFAULT
212.8628,-70.1059,-28.9499,0.000,NORMAL,1,S_CURVE,,,,,PREVIEW_DEFAULT
212.9627,-70.2056,-28.9570,0.000,NORMAL,1,S_CURVE,,,,,PREVIEW_DEFAULT
213.0627,-70.3054,-28.9632,0.000,NORMAL,1,S_CURVE,,,,,PREVIEW_DEFAULT
213.1627,-70.4052,-28.9686,0.000,NORMAL,1,S_CURVE,,,,,PREVIEW_DEFAULT
213.2627,-70.5051,-28.9732,0.000,NORMAL,1,S_CURVE,,,,,PREVIEW_DEFAULT
213.3626,-70.6050,-28.9769,0.000,NORMAL,1,S_CURVE,,,,,PREVIEW_DEFAULT
213.4626,-70.7049,-28.9798,0.000,NORMAL,1,S_CURVE,,,,,PREVIEW_DEFAULT
213.5626,-70.8049,-28.9819,0.000,NORMAL,1,S_CURVE,,,,,PREVIEW_DEFAULT
213.6626,-70.9049,-28.9833,0.000,NORMAL,1,S_CURVE,,,,,PREVIEW_DEFAULT
213.7626,-71.0049,-28.9838,0.000,NORMAL,1,S_CURVE,,,,,PREVIEW_DEFAULT
213.8625,-71.1048,-28.9836,0.000,NORMAL,1,S_CURVE,,,,,PREVIEW_DEFAULT
213.9625,-71.2048,-28.9826,0.000,NORMAL,1,S_CURVE,,,,,PREVIEW_DEFAULT
214.0625,-71.3048,-28.9808,0.000,NORMAL,1,S_CURVE,,,,,PREVIEW_DEFAULT
214.1625,-71.4047,-28.9783,0.000,NORMAL,1,S_CURVE,,,,,PREVIEW_DEFAULT
214.2625,-71.5047,-28.9749,0.000,NORMAL,1,S_CURVE,,,,,PREVIEW_DEFAULT
214.3625,-71.6046,-28.9707,0.000,NORMAL,1,S_CURVE,,,,,PREVIEW_DEFAULT
214.4625,-71.7044,-28.9656,0.000,NORMAL,1,S_CURVE,,,,,PREVIEW_DEFAULT
214.5624,-71.8042,-28.9596,0.000,NORMAL,1,S_CURVE,,,,,PREVIEW_DEFAULT
214.6624,-71.9039,-28.9526,0.000,NORMAL,1,S_CURVE,,,,,PREVIEW_DEFAULT
214.7624,-72.0036,-28.9447,0.000,NORMAL,1,S_CURVE,,,,,PREVIEW_DEFAULT
214.8624,-72.1032,-28.9356,0.000,NORMAL,1,S_CURVE,,,,,PREVIEW_DEFAULT
214.9624,-72.2027,-28.9255,0.000,NORMAL,1,S_CURVE,,,,,PREVIEW_DEFAULT
215.0624,-72.3020,-28.9142,0.000,NORMAL,1,S_CURVE,,,,,PREVIEW_DEFAULT
215.1623,-72.4012,-28.9018,0.000,NORMAL,1,S_CURVE,,,,,PREVIEW_DEFAULT
215.2623,-72.5002,-28.8881,0.000,NORMAL,1,S_CURVE,,,,,PREVIEW_DEFAULT
215.3623,-72.5991,-28.8731,0.000,NORMAL,1,S_CURVE,,,,,PREVIEW_DEFAULT
215.4623,-72.6978,-28.8569,0.000,NORMAL,1,S_CURVE,,,,,PREVIEW_DEFAULT
215.5623,-72.7962,-28.8394,0.000,NORMAL,1,S_CURVE,,,,,PREVIEW_DEFAULT
215.6623,-72.8944,-28.8206,0.000,NORMAL,1,S_CURVE,,,,,PREVIEW_DEFAULT
215.7623,-72.9924,-28.8006,0.000,NORMAL,1,S_CURVE,,,,,PREVIEW_DEFAULT
215.8622,-73.0900,-28.7793,0.000,NORMAL,1,S_CURVE,,,,,PREVIEW_DEFAULT
215.9622,-73.1874,-28.7567,0.000,NORMAL,1,S_CURVE,,,,,PREVIEW_DEFAULT
216.0622,-73.2846,-28.7329,0.000,NORMAL,1,S_CURVE,,,,,PREVIEW_DEFAULT
216.1622,-73.3814,-28.7079,0.000,NORMAL,1,S_CURVE,,,,,PREVIEW_DEFAULT
216.2621,-73.4778,-28.6817,0.000,NORMAL,1,S_CURVE,,,,,PREVIEW_DEFAULT
216.3622,-73.5740,-28.6542,0.000,NORMAL,1,S_CURVE,,,,,PREVIEW_DEFAULT
216.4621,-73.6698,-28.6256,0.000,NORMAL,1,S_CURVE,,,,,PREVIEW_DEFAULT
216.5621,-73.7652,-28.5958,0.000,NORMAL,1,S_CURVE,,,,,PREVIEW_DEFAULT
216.6621,-73.8603,-28.5647,0.000,NORMAL,1,S_CURVE,,,,,PREVIEW_DEFAULT
216.7621,-73.9549,-28.5325,0.000,NORMAL,1,S_CURVE,,,,,PREVIEW_DEFAULT
216.8620,-74.0491,-28.4990,0.000,NORMAL,1,S_CURVE,,,,,PREVIEW_DEFAULT
216.9620,-74.1428,-28.4642,0.000,NORMAL,1,S_CURVE,,,,,PREVIEW_DEFAULT
217.0620,-74.2361,-28.4282,0.000,NORMAL,1,S_CURVE,,,,,PREVIEW_DEFAULT
217.1620,-74.3288,-28.3908,0.000,NORMAL,1,S_CURVE,,,,,PREVIEW_DEFAULT
217.2620,-74.4210,-28.3521,0.000,NORMAL,1,S_CURVE,,,,,PREVIEW_DEFAULT
217.3619,-74.5126,-28.3120,0.000,NORMAL,1,S_CURVE,,,,,PREVIEW_DEFAULT
217.4620,-74.6036,-28.2705,0.000,NORMAL,1,S_CURVE,,,,,PREVIEW_DEFAULT
217.5619,-74.6938,-28.2275,0.000,NORMAL,1,S_CURVE,,,,,PREVIEW_DEFAULT
217.6618,-74.7833,-28.1830,0.000,NORMAL,1,S_CURVE,,,,,PREVIEW_DEFAULT
217.7619,-74.8721,-28.1369,0.000,NORMAL,1,S_CURVE,,,,,PREVIEW_DEFAULT
217.8619,-74.9600,-28.0893,0.000,NORMAL,1,S_CURVE,,,,,PREVIEW_DEFAULT
217.9619,-75.0471,-28.0401,0.000,NORMAL,1,S_CURVE,,,,,PREVIEW_DEFAULT
218.0618,-75.1332,-27.9894,0.000,NORMAL,1,S_CURVE,,,,,PREVIEW_DEFAULT
218.1618,-75.2185,-27.9372,0.000,NORMAL,1,S_CURVE,,,,,PREVIEW_DEFAULT
218.2618,-75.3028,-27.8835,0.000,NORMAL,1,S_CURVE,,,,,PREVIEW_DEFAULT
218.3617,-75.3861,-27.8283,0.000,NORMAL,1,S_CURVE,,,,,PREVIEW_DEFAULT
218.4618,-75.4685,-27.7715,0.000,NORMAL,1,S_CURVE,,,,,PREVIEW_DEFAULT
218.5617,-75.5498,-27.7134,0.000,NORMAL,1,S_CURVE,,,,,PREVIEW_DEFAULT
218.6617,-75.6301,-27.6538,0.000,NORMAL,1,S_CURVE,,,,,PREVIEW_DEFAULT
218.7618,-75.7094,-27.5928,0.000,NORMAL,1,S_CURVE,,,,,PREVIEW_DEFAULT
218.8617,-75.7876,-27.5306,0.000,NORMAL,1,S_CURVE,,,,,PREVIEW_DEFAULT
218.9617,-75.8648,-27.4670,0.000,NORMAL,1,S_CURVE,,,,,PREVIEW_DEFAULT
219.0617,-75.9410,-27.4023,0.000,NORMAL,1,S_CURVE,,,,,PREVIEW_DEFAULT
219.1617,-76.0163,-27.3365,0.000,NORMAL,1,S_CURVE,,,,,PREVIEW_DEFAULT
219.2616,-76.0906,-27.2696,0.000,NORMAL,1,S_CURVE,,,,,PREVIEW_DEFAULT
219.3616,-76.1640,-27.2017,0.000,NORMAL,1,S_CURVE,,,,,PREVIEW_DEFAULT
219.4616,-76.2365,-27.1329,0.000,NORMAL,1,S_CURVE,,,,,PREVIEW_DEFAULT
219.5615,-76.3081,-27.0632,0.000,NORMAL,1,S_CURVE,,,,,PREVIEW_DEFAULT
219.6615,-76.3789,-26.9926,0.000,NORMAL,1,S_CURVE,,,,,PREVIEW_DEFAULT
219.7615,-76.4489,-26.9211,0.000,NORMAL,1,S_CURVE,,,,,PREVIEW_DEFAULT
219.8615,-76.5180,-26.8489,0.000,NORMAL,1,S_CURVE,,,,,PREVIEW_DEFAULT
219.9615,-76.5864,-26.7759,0.000,NORMAL,1,S_CURVE,,,,,PREVIEW_DEFAULT
220.0615,-76.6539,-26.7022,0.000,NORMAL,1,S_CURVE,,,,,PREVIEW_DEFAULT
220.1614,-76.7207,-26.6278,0.000,NORMAL,1,S_CURVE,,,,,PREVIEW_DEFAULT
220.2614,-76.7867,-26.5527,0.000,NORMAL,1,S_CURVE,,,,,PREVIEW_DEFAULT
220.3614,-76.8520,-26.4770,0.000,NORMAL,1,S_CURVE,,,,,PREVIEW_DEFAULT
220.4614,-76.9165,-26.4006,0.000,NORMAL,1,S_CURVE,,,,,PREVIEW_DEFAULT
220.5614,-76.9803,-26.3236,0.000,NORMAL,1,S_CURVE,,,,,PREVIEW_DEFAULT
220.6614,-77.0432,-26.2459,0.000,NORMAL,1,S_CURVE,,,,,PREVIEW_DEFAULT
220.7614,-77.1054,-26.1676,0.000,NORMAL,1,S_CURVE,,,,,PREVIEW_DEFAULT
220.8613,-77.1668,-26.0887,0.000,NORMAL,1,S_CURVE,,,,,PREVIEW_DEFAULT
220.9613,-77.2274,-26.0092,0.000,NORMAL,1,S_CURVE,,,,,PREVIEW_DEFAULT
221.0613,-77.2872,-25.9291,0.000,NORMAL,1,S_CURVE,,,,,PREVIEW_DEFAULT
221.1613,-77.3462,-25.8483,0.000,NORMAL,1,S_CURVE,,,,,PREVIEW_DEFAULT
221.2613,-77.4044,-25.7670,0.000,NORMAL,1,S_CURVE,,,,,PREVIEW_DEFAULT
221.3612,-77.4617,-25.6851,0.000,NORMAL,1,S_CURVE,,,,,PREVIEW_DEFAULT
221.4612,-77.5182,-25.6026,0.000,NORMAL,1,S_CURVE,,,,,PREVIEW_DEFAULT
221.5612,-77.5738,-25.5195,0.000,NORMAL,1,S_CURVE,,,,,PREVIEW_DEFAULT
221.6612,-77.6285,-25.4358,0.000,NORMAL,1,S_CURVE,,,,,PREVIEW_DEFAULT
221.7612,-77.6822,-25.3515,0.000,NORMAL,1,S_CURVE,,,,,PREVIEW_DEFAULT
221.8612,-77.7349,-25.2665,0.000,NORMAL,1,S_CURVE,,,,,PREVIEW_DEFAULT
221.9612,-77.7866,-25.1809,0.000,NORMAL,1,S_CURVE,,,,,PREVIEW_DEFAULT
222.0612,-77.8371,-25.0946,0.000,NORMAL,1,S_CURVE,,,,,PREVIEW_DEFAULT
222.1611,-77.8864,-25.0077,0.000,NORMAL,1,S_CURVE,,,,,PREVIEW_DEFAULT
222.2611,-77.9345,-24.9200,0.000,NORMAL,1,S_CURVE,,,,,PREVIEW_DEFAULT
222.3610,-77.9813,-24.8317,0.000,NORMAL,1,S_CURVE,,,,,PREVIEW_DEFAULT
222.4611,-78.0268,-24.7426,0.000,NORMAL,1,S_CURVE,,,,,PREVIEW_DEFAULT
222.5610,-78.0708,-24.6529,0.000,NORMAL,1,S_CURVE,,,,,PREVIEW_DEFAULT
222.6611,-78.1135,-24.5624,0.000,NORMAL,1,S_CURVE,,,,,PREVIEW_DEFAULT
222.7610,-78.1546,-24.4713,0.000,NORMAL,1,S_CURVE,,,,,PREVIEW_DEFAULT
222.8610,-78.1944,-24.3796,0.000,NORMAL,1,S_CURVE,,,,,PREVIEW_DEFAULT
222.9609,-78.2328,-24.2873,0.000,NORMAL,1,S_CURVE,,,,,PREVIEW_DEFAULT
223.0609,-78.2698,-24.1944,0.000,NORMAL,1,S_CURVE,,,,,PREVIEW_DEFAULT
223.1609,-78.3056,-24.1011,0.000,NORMAL,1,S_CURVE,,,,,PREVIEW_DEFAULT
223.2609,-78.3403,-24.0073,0.000,NORMAL,1,S_CURVE,,,,,PREVIEW_DEFAULT
223.3608,-78.3738,-23.9131,0.000,NORMAL,1,S_CURVE,,,,,PREVIEW_DEFAULT
223.4609,-78.4063,-23.8185,0.000,NORMAL,1,S_CURVE,,,,,PREVIEW_DEFAULT
223.5609,-78.4378,-23.7236,0.000,NORMAL,1,S_CURVE,,,,,PREVIEW_DEFAULT
223.6608,-78.4685,-23.6285,0.000,NORMAL,1,S_CURVE,,,,,PREVIEW_DEFAULT
223.7608,-78.4982,-23.5330,0.000,NORMAL,1,S_CURVE,,,,,PREVIEW_DEFAULT
223.8608,-78.5271,-23.4373,0.000,NORMAL,1,S_CURVE,,,,,PREVIEW_DEFAULT
223.9608,-78.5551,-23.3413,0.000,NORMAL,1,S_CURVE,,,,,PREVIEW_DEFAULT
224.0608,-78.5823,-23.2451,0.000,NORMAL,1,S_CURVE,,,,,PREVIEW_DEFAULT
224.1608,-78.6086,-23.1486,0.000,NORMAL,1,S_CURVE,,,,,PREVIEW_DEFAULT
224.2608,-78.6340,-23.0519,0.000,NORMAL,1,S_CURVE,,,,,PREVIEW_DEFAULT
224.3607,-78.6586,-22.9550,0.000,NORMAL,1,S_CURVE,,,,,PREVIEW_DEFAULT
224.4606,-78.6821,-22.8579,0.000,NORMAL,1,S_CURVE,,,,,PREVIEW_DEFAULT
224.5607,-78.7047,-22.7604,0.000,NORMAL,1,S_CURVE,,,,,PREVIEW_DEFAULT
224.6607,-78.7262,-22.6628,0.000,NORMAL,1,S_CURVE,,,,,PREVIEW_DEFAULT
224.7607,-78.7466,-22.5649,0.000,NORMAL,1,S_CURVE,,,,,PREVIEW_DEFAULT
224.8606,-78.7659,-22.4668,0.000,NORMAL,1,S_CURVE,,,,,PREVIEW_DEFAULT
224.9606,-78.7839,-22.3685,0.000,NORMAL,1,S_CURVE,,,,,PREVIEW_DEFAULT
225.0606,-78.8007,-22.2699,0.000,NORMAL,1,S_CURVE,,,,,PREVIEW_DEFAULT
225.1606,-78.8161,-22.1711,0.000,NORMAL,1,S_CURVE,,,,,PREVIEW_DEFAULT
225.2606,-78.8302,-22.0721,0.000,NORMAL,1,S_CURVE,,,,,PREVIEW_DEFAULT
225.3605,-78.8428,-21.9730,0.000,NORMAL,1,S_CURVE,,,,,PREVIEW_DEFAULT
225.4605,-78.8539,-21.8736,0.000,NORMAL,1,S_CURVE,,,,,PREVIEW_DEFAULT
225.5605,-78.8636,-21.7741,0.000,NORMAL,1,S_CURVE,,,,,PREVIEW_DEFAULT
225.6605,-78.8716,-21.6744,0.000,NORMAL,1,S_CURVE,,,,,PREVIEW_DEFAULT
225.7604,-78.8781,-21.5747,0.000,NORMAL,1,S_CURVE,,,,,PREVIEW_DEFAULT
225.8604,-78.8830,-21.4748,0.000,NORMAL,1,S_CURVE,,,,,PREVIEW_DEFAULT
225.9604,-78.8863,-21.3749,0.000,NORMAL,1,S_CURVE,,,,,PREVIEW_DEFAULT
226.0604,-78.8880,-21.2749,0.000,NORMAL,1,S_CURVE,,,,,PREVIEW_DEFAULT
226.1604,-78.8880,-21.1749,0.000,NORMAL,1,S_CURVE,,,,,PREVIEW_DEFAULT
226.2604,-78.8864,-21.0749,0.000,NORMAL,1,S_CURVE,,,,,PREVIEW_DEFAULT
226.3604,-78.8832,-20.9750,0.000,NORMAL,1,S_CURVE,,,,,PREVIEW_DEFAULT
226.4603,-78.8784,-20.8752,0.000,NORMAL,1,S_CURVE,,,,,PREVIEW_DEFAULT
226.5603,-78.8720,-20.7754,0.000,NORMAL,1,S_CURVE,,,,,PREVIEW_DEFAULT
226.6603,-78.8641,-20.6757,0.000,NORMAL,1,S_CURVE,,,,,PREVIEW_DEFAULT
226.7602,-78.8547,-20.5762,0.000,NORMAL,1,S_CURVE,,,,,PREVIEW_DEFAULT
226.8602,-78.8439,-20.4768,0.000,NORMAL,1,S_CURVE,,,,,PREVIEW_DEFAULT
226.9602,-78.8316,-20.3776,0.000,NORMAL,1,S_CURVE,,,,,PREVIEW_DEFAULT
227.0602,-78.8179,-20.2785,0.000,NORMAL,1,S_CURVE,,,,,PREVIEW_DEFAULT
227.1602,-78.8029,-20.1797,0.000,NORMAL,1,S_CURVE,,,,,PREVIEW_DEFAULT
227.2602,-78.7867,-20.0810,0.000,NORMAL,1,S_CURVE,,,,,PREVIEW_DEFAULT
227.3601,-78.7692,-19.9826,0.000,NORMAL,1,S_CURVE,,,,,PREVIEW_DEFAULT
227.4601,-78.7507,-19.8843,0.000,NORMAL,1,S_CURVE,,,,,PREVIEW_DEFAULT
227.5601,-78.7310,-19.7863,0.000,NORMAL,1,S_CURVE,,,,,PREVIEW_DEFAULT
227.6600,-78.7104,-19.6885,0.000,NORMAL,1,S_CURVE,,,,,PREVIEW_DEFAULT
227.7601,-78.6886,-19.5909,0.000,NORMAL,1,S_CURVE,,,,,PREVIEW_DEFAULT
227.8601,-78.6658,-19.4935,0.000,NORMAL,1,S_CURVE,,,,,PREVIEW_DEFAULT
227.9601,-78.6420,-19.3964,0.000,NORMAL,1,S_CURVE,,,,,PREVIEW_DEFAULT
228.0600,-78.6170,-19.2996,0.000,NORMAL,1,S_CURVE,,,,,PREVIEW_DEFAULT
228.1600,-78.5908,-19.2031,0.000,NORMAL,1,S_CURVE,,,,,PREVIEW_DEFAULT
228.2600,-78.5633,-19.1070,0.000,NORMAL,1,S_CURVE,,,,,PREVIEW_DEFAULT
228.3600,-78.5344,-19.0113,0.000,NORMAL,1,S_CURVE,,,,,PREVIEW_DEFAULT
228.4600,-78.5040,-18.9160,0.000,NORMAL,1,S_CURVE,,,,,PREVIEW_DEFAULT
228.5599,-78.4720,-18.8213,0.000,NORMAL,1,S_CURVE,,,,,PREVIEW_DEFAULT
228.6599,-78.4382,-18.7272,0.000,NORMAL,1,S_CURVE,,,,,PREVIEW_DEFAULT
228.7599,-78.4027,-18.6337,0.000,NORMAL,1,S_CURVE,,,,,PREVIEW_DEFAULT
228.8252,-78.3785,-18.5731,0.000,NORMAL,1,S_CURVE,S_CURVE_END,EXIT_ZONE,,,PREVIEW_DEFAULT
228.8599,-78.3653,-18.5410,0.000,NORMAL,1,S_CURVE,,,,,PREVIEW_DEFAULT
228.9599,-78.3260,-18.4491,0.000,NORMAL,1,S_CURVE,,,,,PREVIEW_DEFAULT
229.0598,-78.2849,-18.3580,0.000,NORMAL,1,S_CURVE,,,,,PREVIEW_DEFAULT
229.1599,-78.2420,-18.2676,0.000,NORMAL,1,ROUTE,,,,,PREVIEW_DEFAULT
229.2599,-78.1974,-18.1781,0.000,NORMAL,1,ROUTE,,,,,PREVIEW_DEFAULT
229.3598,-78.1512,-18.0895,0.000,NORMAL,1,ROUTE,,,,,PREVIEW_DEFAULT
229.4598,-78.1033,-18.0017,0.000,NORMAL,1,ROUTE,,,,,PREVIEW_DEFAULT
229.5598,-78.0537,-17.9149,0.000,NORMAL,1,ROUTE,,,,,PREVIEW_DEFAULT
229.6598,-78.0025,-17.8290,0.000,NORMAL,1,ROUTE,,,,,PREVIEW_DEFAULT
229.7598,-77.9497,-17.7441,0.000,NORMAL,1,ROUTE,,,,,PREVIEW_DEFAULT
229.8597,-77.8953,-17.6602,0.000,NORMAL,1,ROUTE,,,,,PREVIEW_DEFAULT
229.9597,-77.8393,-17.5774,0.000,NORMAL,1,ROUTE,,,,,PREVIEW_DEFAULT
230.0597,-77.7817,-17.4957,0.000,NORMAL,1,ROUTE,,,,,PREVIEW_DEFAULT
230.1597,-77.7224,-17.4152,0.000,NORMAL,1,ROUTE,,,,,PREVIEW_DEFAULT
230.2596,-77.6614,-17.3360,0.000,NORMAL,1,ROUTE,,,,,PREVIEW_DEFAULT
230.3596,-77.5988,-17.2580,0.000,NORMAL,1,ROUTE,,,,,PREVIEW_DEFAULT
230.4596,-77.5345,-17.1815,0.000,NORMAL,1,ROUTE,,,,,PREVIEW_DEFAULT
230.5595,-77.4685,-17.1064,0.000,NORMAL,1,ROUTE,,,,,PREVIEW_DEFAULT
230.6596,-77.4007,-17.0328,0.000,NORMAL,1,ROUTE,,,,,PREVIEW_DEFAULT
230.7595,-77.3313,-16.9609,0.000,NORMAL,1,ROUTE,,,,,PREVIEW_DEFAULT
230.8595,-77.2602,-16.8906,0.000,NORMAL,1,ROUTE,,,,,PREVIEW_DEFAULT
230.9595,-77.1875,-16.8220,0.000,NORMAL,1,ROUTE,,,,,PREVIEW_DEFAULT
231.0595,-77.1131,-16.7551,0.000,NORMAL,1,ROUTE,,,,,PREVIEW_DEFAULT
231.1595,-77.0373,-16.6900,0.000,NORMAL,1,ROUTE,,,,,PREVIEW_DEFAULT
231.2594,-76.9600,-16.6266,0.000,NORMAL,1,ROUTE,,,,,PREVIEW_DEFAULT
231.3595,-76.8812,-16.5650,0.000,NORMAL,1,ROUTE,,,,,PREVIEW_DEFAULT
231.4594,-76.8011,-16.5052,0.000,NORMAL,1,ROUTE,,,,,PREVIEW_DEFAULT
231.5594,-76.7196,-16.4472,0.000,NORMAL,1,ROUTE,,,,,PREVIEW_DEFAULT
231.6594,-76.6370,-16.3910,0.000,NORMAL,1,ROUTE,,,,,PREVIEW_DEFAULT
231.7593,-76.5531,-16.3366,0.000,NORMAL,1,ROUTE,,,,,PREVIEW_DEFAULT
231.8593,-76.4682,-16.2839,0.000,NORMAL,1,ROUTE,,,,,PREVIEW_DEFAULT
231.9593,-76.3821,-16.2329,0.000,NORMAL,1,ROUTE,,,,,PREVIEW_DEFAULT
232.0593,-76.2951,-16.1837,0.000,NORMAL,1,ROUTE,,,,,PREVIEW_DEFAULT
232.1593,-76.2071,-16.1362,0.000,NORMAL,1,ROUTE,,,,,PREVIEW_DEFAULT
232.2593,-76.1182,-16.0905,0.000,NORMAL,1,ROUTE,,,,,PREVIEW_DEFAULT
232.3592,-76.0284,-16.0466,0.000,NORMAL,1,ROUTE,,,,,PREVIEW_DEFAULT
232.4592,-75.9377,-16.0045,0.000,NORMAL,1,ROUTE,,,,,PREVIEW_DEFAULT
232.5592,-75.8462,-15.9642,0.000,NORMAL,1,ROUTE,,,,,PREVIEW_DEFAULT
232.6592,-75.7539,-15.9257,0.000,NORMAL,1,ROUTE,,,,,PREVIEW_DEFAULT
232.7592,-75.6608,-15.8892,0.000,NORMAL,1,ROUTE,,,,,PREVIEW_DEFAULT
232.8592,-75.5670,-15.8546,0.000,NORMAL,1,ROUTE,,,,,PREVIEW_DEFAULT
232.9591,-75.4725,-15.8221,0.000,NORMAL,1,ROUTE,,,,,PREVIEW_DEFAULT
233.0591,-75.3773,-15.7916,0.000,NORMAL,1,ROUTE,,,,,PREVIEW_DEFAULT
233.1591,-75.2814,-15.7631,0.000,NORMAL,1,ROUTE,,,,,PREVIEW_DEFAULT
233.2590,-75.1850,-15.7368,0.000,NORMAL,1,ROUTE,,,,,PREVIEW_DEFAULT
233.3590,-75.0880,-15.7125,0.000,NORMAL,1,ROUTE,,,,,PREVIEW_DEFAULT
233.4590,-74.9905,-15.6903,0.000,NORMAL,1,ROUTE,,,,,PREVIEW_DEFAULT
233.5590,-74.8926,-15.6701,0.000,NORMAL,1,ROUTE,,,,,PREVIEW_DEFAULT
233.6590,-74.7943,-15.6517,0.000,NORMAL,1,ROUTE,,,,,PREVIEW_DEFAULT
233.7590,-74.6957,-15.6353,0.000,NORMAL,1,ROUTE,,,,,PREVIEW_DEFAULT
233.8589,-74.5968,-15.6206,0.000,NORMAL,1,ROUTE,,,,,PREVIEW_DEFAULT
233.9589,-74.4977,-15.6076,0.000,NORMAL,1,ROUTE,,,,,PREVIEW_DEFAULT
234.0589,-74.3983,-15.5962,0.000,NORMAL,1,ROUTE,,,,,PREVIEW_DEFAULT
234.1589,-74.2988,-15.5863,0.000,NORMAL,1,ROUTE,,,,,PREVIEW_DEFAULT
234.2589,-74.1992,-15.5778,0.000,NORMAL,1,ROUTE,,,,,PREVIEW_DEFAULT
234.3589,-74.0995,-15.5705,0.000,NORMAL,1,ROUTE,,,,,PREVIEW_DEFAULT
234.4588,-73.9997,-15.5645,0.000,NORMAL,1,ROUTE,,,,,PREVIEW_DEFAULT
234.5589,-73.8998,-15.5595,0.000,NORMAL,1,ROUTE,,,,,PREVIEW_DEFAULT
234.6588,-73.7999,-15.5554,0.000,NORMAL,1,ROUTE,,,,,PREVIEW_DEFAULT
234.7588,-73.7000,-15.5522,0.000,NORMAL,1,ROUTE,,,,,PREVIEW_DEFAULT
234.8587,-73.6001,-15.5497,0.000,NORMAL,1,ROUTE,,,,,PREVIEW_DEFAULT
234.9588,-73.5001,-15.5478,0.000,NORMAL,1,ROUTE,,,,,PREVIEW_DEFAULT
235.0588,-73.4001,-15.5465,0.000,NORMAL,1,ROUTE,,,,,PREVIEW_DEFAULT
235.1588,-73.3001,-15.5455,0.000,NORMAL,1,ROUTE,,,,,PREVIEW_DEFAULT
235.2587,-73.2002,-15.5449,0.000,NORMAL,1,ROUTE,,,,,PREVIEW_DEFAULT
235.3587,-73.1002,-15.5444,0.000,NORMAL,1,ROUTE,,,,,PREVIEW_DEFAULT
235.4587,-73.0002,-15.5442,0.000,NORMAL,1,ROUTE,,,,,PREVIEW_DEFAULT
235.5587,-72.9002,-15.5440,0.000,NORMAL,1,ROUTE,,,,,PREVIEW_DEFAULT
235.6587,-72.8002,-15.5439,0.000,NORMAL,1,ROUTE,,,,,PREVIEW_DEFAULT
235.7587,-72.7002,-15.5438,0.000,NORMAL,1,ROUTE,,,,,PREVIEW_DEFAULT
235.8586,-72.6003,-15.5437,0.000,NORMAL,1,ROUTE,,,,,PREVIEW_DEFAULT
235.9586,-72.5003,-15.5437,0.000,NORMAL,1,ROUTE,,,,,PREVIEW_DEFAULT
236.0586,-72.4003,-15.5438,0.000,NORMAL,1,ROUTE,,,,,PREVIEW_DEFAULT
236.1586,-72.3003,-15.5441,0.000,NORMAL,1,ROUTE,,,,,PREVIEW_DEFAULT
236.2586,-72.2003,-15.5447,0.000,NORMAL,1,ROUTE,,,,,PREVIEW_DEFAULT
236.3585,-72.1004,-15.5456,0.000,NORMAL,1,ROUTE,,,,,PREVIEW_DEFAULT
236.4585,-72.0004,-15.5471,0.000,NORMAL,1,ROUTE,,,,,PREVIEW_DEFAULT
236.5585,-71.9004,-15.5491,0.000,NORMAL,1,ROUTE,,,,,PREVIEW_DEFAULT
236.6584,-71.8005,-15.5518,0.000,NORMAL,1,ROUTE,,,,,PREVIEW_DEFAULT
236.7584,-71.7006,-15.5553,0.000,NORMAL,1,ROUTE,,,,,PREVIEW_DEFAULT
236.8584,-71.6007,-15.5596,0.000,NORMAL,1,ROUTE,,,,,PREVIEW_DEFAULT
236.9584,-71.5008,-15.5649,0.000,NORMAL,1,ROUTE,,,,,PREVIEW_DEFAULT
237.0584,-71.4010,-15.5712,0.000,NORMAL,1,ROUTE,,,,,PREVIEW_DEFAULT
237.1584,-71.3013,-15.5784,0.000,NORMAL,1,ROUTE,,,,,PREVIEW_DEFAULT
237.2583,-71.2017,-15.5868,0.000,NORMAL,1,ROUTE,,,,,PREVIEW_DEFAULT
237.3584,-71.1021,-15.5962,0.000,NORMAL,1,ROUTE,,,,,PREVIEW_DEFAULT
237.4583,-71.0027,-15.6067,0.000,NORMAL,1,ROUTE,,,,,PREVIEW_DEFAULT
237.5583,-70.9034,-15.6183,0.000,NORMAL,1,ROUTE,,,,,PREVIEW_DEFAULT
237.6583,-70.8042,-15.6309,0.000,NORMAL,1,ROUTE,,,,,PREVIEW_DEFAULT
237.7582,-70.7052,-15.6445,0.000,NORMAL,1,ROUTE,,,,,PREVIEW_DEFAULT
237.8582,-70.6063,-15.6592,0.000,NORMAL,1,ROUTE,,,,,PREVIEW_DEFAULT
237.9583,-70.5075,-15.6748,0.000,NORMAL,1,ROUTE,,,,,PREVIEW_DEFAULT
238.0582,-70.4089,-15.6912,0.000,NORMAL,1,ROUTE,,,,,PREVIEW_DEFAULT
238.1582,-70.3104,-15.7086,0.000,NORMAL,1,ROUTE,,,,,PREVIEW_DEFAULT
238.2582,-70.2121,-15.7267,0.000,NORMAL,1,ROUTE,,,,,PREVIEW_DEFAULT
238.3582,-70.1139,-15.7456,0.000,NORMAL,1,ROUTE,,,,,PREVIEW_DEFAULT
238.4581,-70.0159,-15.7652,0.000,NORMAL,1,ROUTE,,,,,PREVIEW_DEFAULT
238.5581,-69.9180,-15.7854,0.000,NORMAL,1,ROUTE,,,,,PREVIEW_DEFAULT
238.6581,-69.8202,-15.8061,0.000,NORMAL,1,ROUTE,,,,,PREVIEW_DEFAULT
238.7581,-69.7225,-15.8274,0.000,NORMAL,1,ROUTE,,,,,PREVIEW_DEFAULT
238.8581,-69.6249,-15.8492,0.000,NORMAL,1,ROUTE,,,,,PREVIEW_DEFAULT
238.9581,-69.5274,-15.8714,0.000,NORMAL,1,ROUTE,,,,,PREVIEW_DEFAULT
239.0580,-69.4300,-15.8939,0.000,NORMAL,1,ROUTE,,,,,PREVIEW_DEFAULT
239.1581,-69.3326,-15.9168,0.000,NORMAL,1,ROUTE,,,,,PREVIEW_DEFAULT
239.2580,-69.2354,-15.9400,0.000,NORMAL,1,ROUTE,,,,,PREVIEW_DEFAULT
239.3580,-69.1382,-15.9634,0.000,NORMAL,1,ROUTE,,,,,PREVIEW_DEFAULT
239.4580,-69.0410,-15.9871,0.000,NORMAL,1,ROUTE,,,,,PREVIEW_DEFAULT
239.5579,-68.9440,-16.0109,0.000,NORMAL,1,ROUTE,,,,,PREVIEW_DEFAULT
239.6580,-68.8469,-16.0350,0.000,NORMAL,1,ROUTE,,,,,PREVIEW_DEFAULT
239.7580,-68.7499,-16.0593,0.000,NORMAL,1,ROUTE,,,,,PREVIEW_DEFAULT
239.8579,-68.6530,-16.0838,0.000,NORMAL,1,ROUTE,,,,,PREVIEW_DEFAULT
239.9579,-68.5561,-16.1084,0.000,NORMAL,1,ROUTE,,,,,PREVIEW_DEFAULT
240.0579,-68.4592,-16.1332,0.000,NORMAL,1,ROUTE,,,,,PREVIEW_DEFAULT
240.1578,-68.3624,-16.1581,0.000,NORMAL,1,ROUTE,,,,,PREVIEW_DEFAULT
240.2579,-68.2656,-16.1832,0.000,NORMAL,1,ROUTE,,,,,PREVIEW_DEFAULT
240.3579,-68.1688,-16.2083,0.000,NORMAL,1,ROUTE,,,,,PREVIEW_DEFAULT
240.4578,-68.0721,-16.2336,0.000,NORMAL,1,ROUTE,,,,,PREVIEW_DEFAULT
240.5577,-67.9754,-16.2588,0.000,NORMAL,1,ROUTE,,,,,PREVIEW_DEFAULT
240.6578,-67.8786,-16.2841,0.000,NORMAL,1,ROUTE,,,,,PREVIEW_DEFAULT
240.7578,-67.7819,-16.3095,0.000,NORMAL,1,ROUTE,,,,,PREVIEW_DEFAULT
240.8577,-67.6852,-16.3347,0.000,NORMAL,1,ROUTE,,,,,PREVIEW_DEFAULT
240.9577,-67.5884,-16.3599,0.000,NORMAL,1,ROUTE,,,,,PREVIEW_DEFAULT
241.0577,-67.4916,-16.3850,0.000,NORMAL,1,ROUTE,,,,,PREVIEW_DEFAULT
241.1577,-67.3948,-16.4100,0.000,NORMAL,1,ROUTE,,,,,PREVIEW_DEFAULT
241.2576,-67.2980,-16.4348,0.000,NORMAL,1,ROUTE,,,,,PREVIEW_DEFAULT
241.3576,-67.2011,-16.4595,0.000,NORMAL,1,ROUTE,,,,,PREVIEW_DEFAULT
241.4576,-67.1041,-16.4839,0.000,NORMAL,1,ROUTE,,,,,PREVIEW_DEFAULT
241.5576,-67.0071,-16.5081,0.000,NORMAL,1,ROUTE,,,,,PREVIEW_DEFAULT
241.6576,-66.9100,-16.5321,0.000,NORMAL,1,ROUTE,,,,,PREVIEW_DEFAULT
241.7576,-66.8129,-16.5559,0.000,NORMAL,1,ROUTE,,,,,PREVIEW_DEFAULT
241.8575,-66.7158,-16.5795,0.000,NORMAL,1,ROUTE,,,,,PREVIEW_DEFAULT
241.9575,-66.6186,-16.6029,0.000,NORMAL,1,ROUTE,,,,,PREVIEW_DEFAULT
242.0576,-66.5213,-16.6262,0.000,NORMAL,1,ROUTE,,,,,PREVIEW_DEFAULT
242.1575,-66.4241,-16.6495,0.000,NORMAL,1,ROUTE,,,,,PREVIEW_DEFAULT
242.2575,-66.3269,-16.6729,0.000,NORMAL,1,ROUTE,,,,,PREVIEW_DEFAULT
242.3575,-66.2297,-16.6962,0.000,NORMAL,1,ROUTE,,,,,PREVIEW_DEFAULT
242.4575,-66.1325,-16.7197,0.000,NORMAL,1,ROUTE,,,,,PREVIEW_DEFAULT
242.5575,-66.0353,-16.7433,0.000,NORMAL,1,ROUTE,,,,,PREVIEW_DEFAULT
242.6575,-65.9382,-16.7671,0.000,NORMAL,1,ROUTE,,,,,PREVIEW_DEFAULT
242.7574,-65.8412,-16.7911,0.000,NORMAL,1,ROUTE,,,,,PREVIEW_DEFAULT
242.8574,-65.7441,-16.8151,0.000,NORMAL,1,ROUTE,,,,,PREVIEW_DEFAULT
242.9574,-65.6471,-16.8393,0.000,NORMAL,1,ROUTE,,,,,PREVIEW_DEFAULT
243.0573,-65.5501,-16.8635,0.000,NORMAL,1,ROUTE,,,,,PREVIEW_DEFAULT
243.1573,-65.4531,-16.8877,0.000,NORMAL,1,ROUTE,,,,,PREVIEW_DEFAULT
243.2573,-65.3561,-16.9119,0.000,NORMAL,1,ROUTE,,,,,PREVIEW_DEFAULT
243.3573,-65.2590,-16.9360,0.000,NORMAL,1,ROUTE,,,,,PREVIEW_DEFAULT
243.4573,-65.1619,-16.9599,0.000,NORMAL,1,ROUTE,,,,,PREVIEW_DEFAULT
243.5573,-65.0648,-16.9837,0.000,NORMAL,1,ROUTE,,,,,PREVIEW_DEFAULT
243.6572,-64.9677,-17.0072,0.000,NORMAL,1,ROUTE,,,,,PREVIEW_DEFAULT
243.7572,-64.8705,-17.0306,0.000,NORMAL,1,ROUTE,,,,,PREVIEW_DEFAULT
243.8572,-64.7732,-17.0538,0.000,NORMAL,1,ROUTE,,,,,PREVIEW_DEFAULT
243.9572,-64.6759,-17.0768,0.000,NORMAL,1,ROUTE,,,,,PREVIEW_DEFAULT
244.0572,-64.5785,-17.0996,0.000,NORMAL,1,ROUTE,,,,,PREVIEW_DEFAULT
244.1572,-64.4811,-17.1222,0.000,NORMAL,1,ROUTE,,,,,PREVIEW_DEFAULT
244.2572,-64.3837,-17.1446,0.000,NORMAL,1,ROUTE,,,,,PREVIEW_DEFAULT
244.3571,-64.2863,-17.1669,0.000,NORMAL,1,ROUTE,,,,,PREVIEW_DEFAULT
244.4571,-64.1888,-17.1891,0.000,NORMAL,1,ROUTE,,,,,PREVIEW_DEFAULT
244.5571,-64.0912,-17.2111,0.000,NORMAL,1,ROUTE,,,,,PREVIEW_DEFAULT
244.6571,-63.9937,-17.2330,0.000,NORMAL,1,ROUTE,,,,,PREVIEW_DEFAULT
244.7570,-63.8961,-17.2547,0.000,NORMAL,1,ROUTE,,,,,PREVIEW_DEFAULT
244.8570,-63.7985,-17.2764,0.000,NORMAL,1,ROUTE,,,,,PREVIEW_DEFAULT
244.9570,-63.7009,-17.2980,0.000,NORMAL,1,ROUTE,,,,,PREVIEW_DEFAULT
245.0570,-63.6032,-17.3196,0.000,NORMAL,1,ROUTE,,,,,PREVIEW_DEFAULT
245.1570,-63.5056,-17.3411,0.000,NORMAL,1,ROUTE,,,,,PREVIEW_DEFAULT
245.2569,-63.4080,-17.3627,0.000,NORMAL,1,ROUTE,,,,,PREVIEW_DEFAULT
245.3569,-63.3104,-17.3844,0.000,NORMAL,1,ROUTE,,,,,PREVIEW_DEFAULT
245.4569,-63.2128,-17.4061,0.000,NORMAL,1,ROUTE,,,,,PREVIEW_DEFAULT
245.5569,-63.1152,-17.4280,0.000,NORMAL,1,ROUTE,,,,,PREVIEW_DEFAULT
245.6569,-63.0177,-17.4501,0.000,NORMAL,1,ROUTE,,,,,PREVIEW_DEFAULT
245.7569,-62.9202,-17.4724,0.000,NORMAL,1,ROUTE,,,,,PREVIEW_DEFAULT
245.8569,-62.8228,-17.4950,0.000,NORMAL,1,ROUTE,,,,,PREVIEW_DEFAULT
245.9569,-62.7255,-17.5179,0.000,NORMAL,1,ROUTE,,,,,PREVIEW_DEFAULT
246.0568,-62.6283,-17.5411,0.000,NORMAL,1,ROUTE,,,,,PREVIEW_DEFAULT
246.1568,-62.5311,-17.5646,0.000,NORMAL,1,ROUTE,,,,,PREVIEW_DEFAULT
246.2568,-62.4340,-17.5885,0.000,NORMAL,1,ROUTE,,,,,PREVIEW_DEFAULT
246.3568,-62.3370,-17.6126,0.000,NORMAL,1,ROUTE,,,,,PREVIEW_DEFAULT
246.4568,-62.2400,-17.6371,0.000,NORMAL,1,ROUTE,,,,,PREVIEW_DEFAULT
246.5568,-62.1431,-17.6618,0.000,NORMAL,1,ROUTE,,,,,PREVIEW_DEFAULT
246.6568,-62.0463,-17.6868,0.000,NORMAL,1,ROUTE,,,,,PREVIEW_DEFAULT
246.7567,-61.9496,-17.7121,0.000,NORMAL,1,ROUTE,,,,,PREVIEW_DEFAULT
246.8567,-61.8529,-17.7376,0.000,NORMAL,1,ROUTE,,,,,PREVIEW_DEFAULT
246.9567,-61.7563,-17.7634,0.000,NORMAL,1,ROUTE,,,,,PREVIEW_DEFAULT
247.0567,-61.6598,-17.7894,0.000,NORMAL,1,ROUTE,,,,,PREVIEW_DEFAULT
247.1567,-61.5633,-17.8156,0.000,NORMAL,1,ROUTE,,,,,PREVIEW_DEFAULT
247.2567,-61.4668,-17.8419,0.000,NORMAL,1,ROUTE,,,,,PREVIEW_DEFAULT
247.3566,-61.3705,-17.8685,0.000,NORMAL,1,ROUTE,,,,,PREVIEW_DEFAULT
247.4566,-61.2741,-17.8952,0.000,NORMAL,1,ROUTE,,,,,PREVIEW_DEFAULT
247.5566,-61.1778,-17.9221,0.000,NORMAL,1,ROUTE,,,,,PREVIEW_DEFAULT
247.6566,-61.0815,-17.9491,0.000,NORMAL,1,ROUTE,,,,,PREVIEW_DEFAULT
247.7566,-60.9853,-17.9762,0.000,NORMAL,1,ROUTE,,,,,PREVIEW_DEFAULT
247.8565,-60.8891,-18.0034,0.000,NORMAL,1,ROUTE,,,,,PREVIEW_DEFAULT
247.9565,-60.7929,-18.0307,0.000,NORMAL,1,ROUTE,,,,,PREVIEW_DEFAULT
248.0565,-60.6968,-18.0581,0.000,NORMAL,1,ROUTE,,,,,PREVIEW_DEFAULT
248.1565,-60.6006,-18.0856,0.000,NORMAL,1,ROUTE,,,,,PREVIEW_DEFAULT
248.2565,-60.5045,-18.1131,0.000,NORMAL,1,ROUTE,,,,,PREVIEW_DEFAULT
248.3565,-60.4084,-18.1407,0.000,NORMAL,1,ROUTE,,,,,PREVIEW_DEFAULT
248.4565,-60.3123,-18.1684,0.000,NORMAL,1,ROUTE,,,,,PREVIEW_DEFAULT
248.5564,-60.2163,-18.1962,0.000,NORMAL,1,ROUTE,,,,,PREVIEW_DEFAULT
248.6564,-60.1203,-18.2242,0.000,NORMAL,1,ROUTE,,,,,PREVIEW_DEFAULT
248.7564,-60.0244,-18.2524,0.000,NORMAL,1,ROUTE,,,,,PREVIEW_DEFAULT
248.8564,-59.9285,-18.2809,0.000,NORMAL,1,ROUTE,,,,,PREVIEW_DEFAULT
248.9563,-59.8328,-18.3096,0.000,NORMAL,1,ROUTE,,,,,PREVIEW_DEFAULT
249.0564,-59.7371,-18.3387,0.000,NORMAL,1,ROUTE,,,,,PREVIEW_DEFAULT
249.1563,-59.6416,-18.3682,0.000,NORMAL,1,ROUTE,,,,,PREVIEW_DEFAULT
249.2563,-59.5462,-18.3982,0.000,NORMAL,1,ROUTE,,,,,PREVIEW_DEFAULT
249.3563,-59.4510,-18.4287,0.000,NORMAL,1,ROUTE,,,,,PREVIEW_DEFAULT
249.4563,-59.3559,-18.4597,0.000,NORMAL,1,ROUTE,,,,,PREVIEW_DEFAULT
249.5563,-59.2611,-18.4914,0.000,NORMAL,1,ROUTE,,,,,PREVIEW_DEFAULT
249.6563,-59.1665,-18.5238,0.000,NORMAL,1,ROUTE,,,,,PREVIEW_DEFAULT
249.7562,-59.0722,-18.5568,0.000,NORMAL,1,ROUTE,,,,,PREVIEW_DEFAULT
249.8562,-58.9781,-18.5906,0.000,NORMAL,1,ROUTE,,,,,PREVIEW_DEFAULT
249.9562,-58.8842,-18.6251,0.000,NORMAL,1,ROUTE,,,,,PREVIEW_DEFAULT
250.0562,-58.7906,-18.6603,0.000,NORMAL,1,ROUTE,,,,,PREVIEW_DEFAULT
250.1562,-58.6973,-18.6962,0.000,NORMAL,1,ROUTE,,,,,PREVIEW_DEFAULT
250.2562,-58.6042,-18.7327,0.000,NORMAL,1,ROUTE,,,,,PREVIEW_DEFAULT
250.3562,-58.5113,-18.7697,0.000,NORMAL,1,ROUTE,,,,,PREVIEW_DEFAULT
250.4561,-58.4186,-18.8071,0.000,NORMAL,1,ROUTE,,,,,PREVIEW_DEFAULT
250.5561,-58.3260,-18.8449,0.000,NORMAL,1,ROUTE,,,,,PREVIEW_DEFAULT
250.6561,-58.2335,-18.8828,0.000,NORMAL,1,ROUTE,,,,,PREVIEW_DEFAULT
250.7560,-58.1411,-18.9209,0.000,NORMAL,1,ROUTE,,,,,PREVIEW_DEFAULT
250.8560,-58.0486,-18.9589,0.000,NORMAL,1,ROUTE,,,,,PREVIEW_DEFAULT
250.9560,-57.9561,-18.9968,0.000,NORMAL,1,ROUTE,,,,,PREVIEW_DEFAULT
251.0559,-57.8635,-19.0344,0.000,NORMAL,1,ROUTE,,,,,PREVIEW_DEFAULT
251.1560,-57.7707,-19.0717,0.000,NORMAL,1,ROUTE,,,,,PREVIEW_DEFAULT
251.2560,-57.6778,-19.1087,0.000,NORMAL,1,ROUTE,,,,,PREVIEW_DEFAULT
251.3559,-57.5847,-19.1451,0.000,NORMAL,1,ROUTE,,,,,PREVIEW_DEFAULT
251.4559,-57.4914,-19.1810,0.000,NORMAL,1,ROUTE,,,,,PREVIEW_DEFAULT
251.5560,-57.3978,-19.2164,0.000,NORMAL,1,ROUTE,,,,,PREVIEW_DEFAULT
251.6559,-57.3041,-19.2511,0.000,NORMAL,1,ROUTE,,,,,PREVIEW_DEFAULT
251.7559,-57.2101,-19.2853,0.000,NORMAL,1,ROUTE,,,,,PREVIEW_DEFAULT
251.8558,-57.1160,-19.3188,0.000,NORMAL,1,ROUTE,,,,,PREVIEW_DEFAULT
251.9558,-57.0216,-19.3518,0.000,NORMAL,1,ROUTE,,,,,PREVIEW_DEFAULT
252.0558,-56.9270,-19.3842,0.000,NORMAL,1,ROUTE,,,,,PREVIEW_DEFAULT
252.1558,-56.8322,-19.4161,0.000,NORMAL,1,ROUTE,,,,,PREVIEW_DEFAULT
252.2558,-56.7373,-19.4475,0.000,NORMAL,1,ROUTE,,,,,PREVIEW_DEFAULT
252.3558,-56.6422,-19.4785,0.000,NORMAL,1,ROUTE,,,,,PREVIEW_DEFAULT
252.4557,-56.5471,-19.5092,0.000,NORMAL,1,ROUTE,,,,,PREVIEW_DEFAULT
252.5557,-56.4519,-19.5397,0.000,NORMAL,1,ROUTE,,,,,PREVIEW_DEFAULT
252.6557,-56.3566,-19.5701,0.000,NORMAL,1,ROUTE,,,,,PREVIEW_DEFAULT
252.7557,-56.2613,-19.6004,0.000,NORMAL,1,ROUTE,,,,,PREVIEW_DEFAULT
252.8556,-56.1661,-19.6307,0.000,NORMAL,1,ROUTE,,,,,PREVIEW_DEFAULT
252.9557,-56.0708,-19.6612,0.000,NORMAL,1,ROUTE,,,,,PREVIEW_DEFAULT
253.0557,-55.9756,-19.6917,0.000,NORMAL,1,ROUTE,,,,,PREVIEW_DEFAULT
253.1556,-55.8805,-19.7225,0.000,NORMAL,1,ROUTE,,,,,PREVIEW_DEFAULT
253.2557,-55.7854,-19.7535,0.000,NORMAL,1,ROUTE,,,,,PREVIEW_DEFAULT
253.3556,-55.6905,-19.7848,0.000,NORMAL,1,ROUTE,,,,,PREVIEW_DEFAULT
253.4556,-55.5956,-19.8164,0.000,NORMAL,1,ROUTE,,,,,PREVIEW_DEFAULT
253.5555,-55.5009,-19.8483,0.000,NORMAL,1,ROUTE,,,,,PREVIEW_DEFAULT
253.6555,-55.4063,-19.8807,0.000,NORMAL,1,ROUTE,,,,,PREVIEW_DEFAULT
253.7555,-55.3118,-19.9134,0.000,NORMAL,1,ROUTE,,,,,PREVIEW_DEFAULT
253.8555,-55.2175,-19.9466,0.000,NORMAL,1,ROUTE,,,,,PREVIEW_DEFAULT
253.9555,-55.1233,-19.9801,0.000,NORMAL,1,ROUTE,,,,,PREVIEW_DEFAULT
254.0554,-55.0293,-20.0141,0.000,NORMAL,1,ROUTE,,,,,PREVIEW_DEFAULT
254.1554,-54.9354,-20.0484,0.000,NORMAL,1,ROUTE,,,,,PREVIEW_DEFAULT
254.2555,-54.8416,-20.0832,0.000,NORMAL,1,ROUTE,,,,,PREVIEW_DEFAULT
254.3554,-54.7480,-20.1182,0.000,NORMAL,1,ROUTE,,,,,PREVIEW_DEFAULT
254.4554,-54.6544,-20.1535,0.000,NORMAL,1,ROUTE,,,,,PREVIEW_DEFAULT
254.5554,-54.5609,-20.1890,0.000,NORMAL,1,ROUTE,,,,,PREVIEW_DEFAULT
254.6554,-54.4675,-20.2247,0.000,NORMAL,1,ROUTE,,,,,PREVIEW_DEFAULT
254.7553,-54.3742,-20.2604,0.000,NORMAL,1,ROUTE,,,,,PREVIEW_DEFAULT
254.8553,-54.2808,-20.2961,0.000,NORMAL,1,ROUTE,,,,,PREVIEW_DEFAULT
254.9553,-54.1874,-20.3319,0.000,NORMAL,1,ROUTE,,,,,PREVIEW_DEFAULT
255.0553,-54.0940,-20.3675,0.000,NORMAL,1,ROUTE,,,,,PREVIEW_DEFAULT
255.1553,-54.0005,-20.4031,0.000,NORMAL,1,ROUTE,,,,,PREVIEW_DEFAULT
255.2552,-53.9071,-20.4385,0.000,NORMAL,1,ROUTE,,,,,PREVIEW_DEFAULT
255.3553,-53.8135,-20.4739,0.000,NORMAL,1,ROUTE,,,,,PREVIEW_DEFAULT
255.4552,-53.7200,-20.5091,0.000,NORMAL,1,ROUTE,,,,,PREVIEW_DEFAULT
255.5552,-53.6264,-20.5443,0.000,NORMAL,1,ROUTE,,,,,PREVIEW_DEFAULT
255.6553,-53.5327,-20.5794,0.000,NORMAL,1,ROUTE,,,,,PREVIEW_DEFAULT
255.7552,-53.4391,-20.6144,0.000,NORMAL,1,ROUTE,,,,,PREVIEW_DEFAULT
255.8551,-53.3455,-20.6494,0.000,NORMAL,1,ROUTE,,,,,PREVIEW_DEFAULT
255.9552,-53.2518,-20.6845,0.000,NORMAL,1,ROUTE,,,,,PREVIEW_DEFAULT
256.0551,-53.1582,-20.7196,0.000,NORMAL,1,ROUTE,,,,,PREVIEW_DEFAULT
256.1551,-53.0646,-20.7547,0.000,NORMAL,1,ROUTE,,,,,PREVIEW_DEFAULT
256.2551,-52.9710,-20.7899,0.000,NORMAL,1,ROUTE,,,,,PREVIEW_DEFAULT
256.3551,-52.8775,-20.8253,0.000,NORMAL,1,ROUTE,,,,,PREVIEW_DEFAULT
256.4551,-52.7840,-20.8608,0.000,NORMAL,1,ROUTE,,,,,PREVIEW_DEFAULT
256.5550,-52.6906,-20.8964,0.000,NORMAL,1,ROUTE,,,,,PREVIEW_DEFAULT
256.6551,-52.5972,-20.9322,0.000,NORMAL,1,ROUTE,,,,,PREVIEW_DEFAULT
256.7550,-52.5040,-20.9682,0.000,NORMAL,1,ROUTE,,,,,PREVIEW_DEFAULT
256.8550,-52.4108,-21.0044,0.000,NORMAL,1,ROUTE,,,,,PREVIEW_DEFAULT
256.9550,-52.3176,-21.0407,0.000,NORMAL,1,ROUTE,,,,,PREVIEW_DEFAULT
257.0550,-52.2245,-21.0772,0.000,NORMAL,1,ROUTE,,,,,PREVIEW_DEFAULT
257.1549,-52.1315,-21.1138,0.000,NORMAL,1,ROUTE,,,,,PREVIEW_DEFAULT
257.2549,-52.0385,-21.1506,0.000,NORMAL,1,ROUTE,,,,,PREVIEW_DEFAULT
257.3549,-51.9456,-21.1874,0.000,NORMAL,1,ROUTE,,,,,PREVIEW_DEFAULT
257.4549,-51.8527,-21.2244,0.000,NORMAL,1,ROUTE,,,,,PREVIEW_DEFAULT
257.5549,-51.7598,-21.2614,0.000,NORMAL,1,ROUTE,,,,,PREVIEW_DEFAULT
257.6549,-51.6669,-21.2985,0.000,NORMAL,1,ROUTE,,,,,PREVIEW_DEFAULT
257.7548,-51.5741,-21.3356,0.000,NORMAL,1,ROUTE,,,,,PREVIEW_DEFAULT
257.8549,-51.4813,-21.3729,0.000,NORMAL,1,ROUTE,,,,,PREVIEW_DEFAULT
257.9548,-51.3885,-21.4101,0.000,NORMAL,1,ROUTE,,,,,PREVIEW_DEFAULT
258.0548,-51.2958,-21.4475,0.000,NORMAL,1,ROUTE,,,,,PREVIEW_DEFAULT
258.1548,-51.2030,-21.4848,0.000,NORMAL,1,ROUTE,,,,,PREVIEW_DEFAULT
258.2548,-51.1103,-21.5222,0.000,NORMAL,1,ROUTE,,,,,PREVIEW_DEFAULT
258.3548,-51.0176,-21.5597,0.000,NORMAL,1,ROUTE,,,,,PREVIEW_DEFAULT
258.4547,-50.9249,-21.5971,0.000,NORMAL,1,ROUTE,,,,,PREVIEW_DEFAULT
258.5547,-50.8322,-21.6346,0.000,NORMAL,1,ROUTE,,,,,PREVIEW_DEFAULT
258.6547,-50.7395,-21.6720,0.000,NORMAL,1,ROUTE,,,,,PREVIEW_DEFAULT
258.7547,-50.6467,-21.7093,0.000,NORMAL,1,ROUTE,,,,,PREVIEW_DEFAULT
258.8546,-50.5540,-21.7466,0.000,NORMAL,1,ROUTE,,,,,PREVIEW_DEFAULT
258.9547,-50.4611,-21.7838,0.000,NORMAL,1,ROUTE,,,,,PREVIEW_DEFAULT
259.0546,-50.3683,-21.8208,0.000,NORMAL,1,ROUTE,,,,,PREVIEW_DEFAULT
259.1547,-50.2753,-21.8577,0.000,NORMAL,1,ROUTE,,,,,PREVIEW_DEFAULT
259.2546,-50.1824,-21.8945,0.000,NORMAL,1,ROUTE,,,,,PREVIEW_DEFAULT
259.3546,-50.0893,-21.9311,0.000,NORMAL,1,ROUTE,,,,,PREVIEW_DEFAULT
259.4545,-49.9963,-21.9676,0.000,NORMAL,1,ROUTE,,,,,PREVIEW_DEFAULT
259.5545,-49.9032,-22.0041,0.000,NORMAL,1,ROUTE,,,,,PREVIEW_DEFAULT
259.6545,-49.8101,-22.0405,0.000,NORMAL,1,ROUTE,,,,,PREVIEW_DEFAULT
259.7545,-49.7170,-22.0770,0.000,NORMAL,1,ROUTE,,,,,PREVIEW_DEFAULT
259.8545,-49.6239,-22.1135,0.000,NORMAL,1,ROUTE,,,,,PREVIEW_DEFAULT
259.9545,-49.5308,-22.1501,0.000,NORMAL,1,ROUTE,,,,,PREVIEW_DEFAULT
260.0322,-49.4586,-22.1787,0.000,TRAFFIC,1,TRAFFIC,TRAFFIC_2_RED_STOP,STOP_IF_CONDITION,TRAFFIC_LIGHT_RED,,PREVIEW_DEFAULT
260.0544,-49.4379,-22.1869,0.000,TRAFFIC,1,TRAFFIC,,,TRAFFIC_LIGHT_RED,,PREVIEW_DEFAULT
260.1545,-49.3450,-22.2240,0.000,TRAFFIC,1,TRAFFIC,,,TRAFFIC_LIGHT_RED,,PREVIEW_DEFAULT
260.2544,-49.2523,-22.2613,0.000,TRAFFIC,1,TRAFFIC,,,TRAFFIC_LIGHT_RED,,PREVIEW_DEFAULT
260.3544,-49.1596,-22.2989,0.000,TRAFFIC,1,TRAFFIC,,,TRAFFIC_LIGHT_RED,,PREVIEW_DEFAULT
260.4544,-49.0671,-22.3368,0.000,TRAFFIC,1,TRAFFIC,,,TRAFFIC_LIGHT_RED,,PREVIEW_DEFAULT
260.5543,-48.9748,-22.3751,0.000,TRAFFIC,1,TRAFFIC,,,TRAFFIC_LIGHT_RED,,PREVIEW_DEFAULT
260.6544,-48.8826,-22.4139,0.000,TRAFFIC,1,TRAFFIC,,,TRAFFIC_LIGHT_RED,,PREVIEW_DEFAULT
260.7543,-48.7906,-22.4530,0.000,TRAFFIC,1,TRAFFIC,,,TRAFFIC_LIGHT_RED,,PREVIEW_DEFAULT
260.8543,-48.6988,-22.4926,0.000,TRAFFIC,1,TRAFFIC,,,TRAFFIC_LIGHT_RED,,PREVIEW_DEFAULT
260.9543,-48.6072,-22.5327,0.000,TRAFFIC,1,TRAFFIC,,,TRAFFIC_LIGHT_RED,,PREVIEW_DEFAULT
261.0543,-48.5159,-22.5734,0.000,TRAFFIC,1,TRAFFIC,,,TRAFFIC_LIGHT_RED,,PREVIEW_DEFAULT
261.1543,-48.4247,-22.6145,0.000,TRAFFIC,1,TRAFFIC,,,TRAFFIC_LIGHT_RED,,PREVIEW_DEFAULT
261.2543,-48.3338,-22.6562,0.000,TRAFFIC,1,TRAFFIC,,,TRAFFIC_LIGHT_RED,,PREVIEW_DEFAULT
261.3542,-48.2432,-22.6983,0.000,TRAFFIC,1,TRAFFIC,,,TRAFFIC_LIGHT_RED,,PREVIEW_DEFAULT
261.4543,-48.1527,-22.7410,0.000,TRAFFIC,1,TRAFFIC,,,TRAFFIC_LIGHT_RED,,PREVIEW_DEFAULT
261.5542,-48.0625,-22.7841,0.000,TRAFFIC,1,TRAFFIC,,,TRAFFIC_LIGHT_RED,,PREVIEW_DEFAULT
261.6542,-47.9725,-22.8276,0.000,TRAFFIC,1,TRAFFIC,,,TRAFFIC_LIGHT_RED,,PREVIEW_DEFAULT
261.7542,-47.8826,-22.8713,0.000,TRAFFIC,1,TRAFFIC,,,TRAFFIC_LIGHT_RED,,PREVIEW_DEFAULT
261.8542,-47.7928,-22.9153,0.000,TRAFFIC,1,TRAFFIC,,,TRAFFIC_LIGHT_RED,,PREVIEW_DEFAULT
261.9541,-47.7031,-22.9594,0.000,TRAFFIC,1,TRAFFIC,,,TRAFFIC_LIGHT_RED,,PREVIEW_DEFAULT
262.0541,-47.6133,-23.0034,0.000,TRAFFIC,1,TRAFFIC,,,TRAFFIC_LIGHT_RED,,PREVIEW_DEFAULT
262.1541,-47.5234,-23.0471,0.000,TRAFFIC,1,TRAFFIC,,,TRAFFIC_LIGHT_RED,,PREVIEW_DEFAULT
262.2541,-47.4332,-23.0904,0.000,TRAFFIC,1,TRAFFIC,,,TRAFFIC_LIGHT_RED,,PREVIEW_DEFAULT
262.3540,-47.3428,-23.1329,0.000,TRAFFIC,1,TRAFFIC,,,TRAFFIC_LIGHT_RED,,PREVIEW_DEFAULT
262.4541,-47.2518,-23.1745,0.000,TRAFFIC,1,TRAFFIC,,,TRAFFIC_LIGHT_RED,,PREVIEW_DEFAULT
262.5540,-47.1604,-23.2149,0.000,TRAFFIC,1,TRAFFIC,,,TRAFFIC_LIGHT_RED,,PREVIEW_DEFAULT
262.6540,-47.0682,-23.2537,0.000,TRAFFIC,1,TRAFFIC,,,TRAFFIC_LIGHT_RED,,PREVIEW_DEFAULT
262.7539,-46.9754,-23.2907,0.000,TRAFFIC,1,TRAFFIC,,,TRAFFIC_LIGHT_RED,,PREVIEW_DEFAULT
262.8539,-46.8817,-23.3256,0.000,TRAFFIC,1,TRAFFIC,,,TRAFFIC_LIGHT_RED,,PREVIEW_DEFAULT
262.9540,-46.7871,-23.3581,0.000,TRAFFIC,1,TRAFFIC,,,TRAFFIC_LIGHT_RED,,PREVIEW_DEFAULT
263.0516,-46.6939,-23.3871,0.000,TRAFFIC,1,TRAFFIC,TRAFFIC_2_RED_STOP_END,,TRAFFIC_LIGHT_RED,,PREVIEW_DEFAULT
263.0540,-46.6916,-23.3878,0.000,TRAFFIC,1,TRAFFIC,,,TRAFFIC_LIGHT_RED,,PREVIEW_DEFAULT
263.1539,-46.5952,-23.4143,0.000,TRAFFIC,1,TRAFFIC,,,TRAFFIC_LIGHT_RED,,PREVIEW_DEFAULT
263.2539,-46.4983,-23.4388,0.000,TRAFFIC,1,TRAFFIC,,,TRAFFIC_LIGHT_RED,,PREVIEW_DEFAULT
263.3251,-46.4296,-23.4577,0.000,NORMAL,1,ROUTE,,,,,PREVIEW_DEFAULT
263.3539,-46.4021,-23.4660,0.000,NORMAL,1,ROUTE,,,,,PREVIEW_DEFAULT
263.4539,-46.3069,-23.4966,0.000,NORMAL,1,ROUTE,,,,,PREVIEW_DEFAULT
263.5539,-46.2126,-23.5299,0.000,NORMAL,1,ROUTE,,,,,PREVIEW_DEFAULT
263.6538,-46.1192,-23.5655,0.000,NORMAL,1,ROUTE,,,,,PREVIEW_DEFAULT
263.7538,-46.0266,-23.6031,0.000,NORMAL,1,ROUTE,,,,,PREVIEW_DEFAULT
263.8538,-45.9347,-23.6425,0.000,NORMAL,1,ROUTE,,,,,PREVIEW_DEFAULT
263.9537,-45.8435,-23.6834,0.000,NORMAL,1,ROUTE,,,,,PREVIEW_DEFAULT
264.0537,-45.7528,-23.7255,0.000,NORMAL,1,ROUTE,,,,,PREVIEW_DEFAULT
264.1537,-45.6625,-23.7685,0.000,NORMAL,1,ROUTE,,,,,PREVIEW_DEFAULT
264.2537,-45.5726,-23.8123,0.000,NORMAL,1,ROUTE,,,,,PREVIEW_DEFAULT
264.3536,-45.4830,-23.8565,0.000,NORMAL,1,ROUTE,,,,,PREVIEW_DEFAULT
264.4536,-45.3935,-23.9011,0.000,NORMAL,1,ROUTE,,,,,PREVIEW_DEFAULT
264.5536,-45.3041,-23.9458,0.000,NORMAL,1,ROUTE,,,,,PREVIEW_DEFAULT
264.6537,-45.2146,-23.9906,0.000,NORMAL,1,ROUTE,,,,,PREVIEW_DEFAULT
264.7536,-45.1252,-24.0353,0.000,NORMAL,1,ROUTE,,,,,PREVIEW_DEFAULT
264.8536,-45.0356,-24.0797,0.000,NORMAL,1,ROUTE,,,,,PREVIEW_DEFAULT
264.9536,-44.9459,-24.1239,0.000,NORMAL,1,ROUTE,,,,,PREVIEW_DEFAULT
265.0536,-44.8561,-24.1678,0.000,NORMAL,1,ROUTE,,,,,PREVIEW_DEFAULT
265.1535,-44.7661,-24.2113,0.000,NORMAL,1,ROUTE,,,,,PREVIEW_DEFAULT
265.2535,-44.6758,-24.2543,0.000,NORMAL,1,ROUTE,,,,,PREVIEW_DEFAULT
265.3535,-44.5854,-24.2970,0.000,NORMAL,1,ROUTE,,,,,PREVIEW_DEFAULT
265.4535,-44.4948,-24.3392,0.000,NORMAL,1,ROUTE,,,,,PREVIEW_DEFAULT
265.5535,-44.4040,-24.3811,0.000,NORMAL,1,ROUTE,,,,,PREVIEW_DEFAULT
265.6534,-44.3130,-24.4225,0.000,NORMAL,1,ROUTE,,,,,PREVIEW_DEFAULT
265.7534,-44.2219,-24.4636,0.000,NORMAL,1,ROUTE,,,,,PREVIEW_DEFAULT
265.8534,-44.1306,-24.5044,0.000,NORMAL,1,ROUTE,,,,,PREVIEW_DEFAULT
265.9535,-44.0391,-24.5449,0.000,NORMAL,1,ROUTE,,,,,PREVIEW_DEFAULT
266.0534,-43.9476,-24.5851,0.000,NORMAL,1,ROUTE,,,,,PREVIEW_DEFAULT
266.1533,-43.8560,-24.6251,0.000,NORMAL,1,ROUTE,,,,,PREVIEW_DEFAULT
266.2533,-43.7643,-24.6649,0.000,NORMAL,1,ROUTE,,,,,PREVIEW_DEFAULT
266.3534,-43.6725,-24.7047,0.000,NORMAL,1,ROUTE,,,,,PREVIEW_DEFAULT
266.4533,-43.5807,-24.7443,0.000,NORMAL,1,ROUTE,,,,,PREVIEW_DEFAULT
266.5533,-43.4889,-24.7838,0.000,NORMAL,1,ROUTE,,,,,PREVIEW_DEFAULT
266.6533,-43.3970,-24.8233,0.000,NORMAL,1,ROUTE,,,,,PREVIEW_DEFAULT
266.7532,-43.3052,-24.8627,0.000,NORMAL,1,ROUTE,,,,,PREVIEW_DEFAULT
266.8532,-43.2133,-24.9022,0.000,NORMAL,1,ROUTE,,,,,PREVIEW_DEFAULT
266.9533,-43.1214,-24.9417,0.000,NORMAL,1,ROUTE,,,,,PREVIEW_DEFAULT
267.0532,-43.0296,-24.9812,0.000,NORMAL,1,ROUTE,,,,,PREVIEW_DEFAULT
267.1532,-42.9377,-25.0207,0.000,NORMAL,1,ROUTE,,,,,PREVIEW_DEFAULT
267.2532,-42.8459,-25.0603,0.000,NORMAL,1,ROUTE,,,,,PREVIEW_DEFAULT
267.3531,-42.7542,-25.1000,0.000,NORMAL,1,ROUTE,,,,,PREVIEW_DEFAULT
267.4532,-42.6624,-25.1397,0.000,NORMAL,1,ROUTE,,,,,PREVIEW_DEFAULT
267.5531,-42.5707,-25.1795,0.000,NORMAL,1,ROUTE,,,,,PREVIEW_DEFAULT
267.6531,-42.4790,-25.2193,0.000,NORMAL,1,ROUTE,,,,,PREVIEW_DEFAULT
267.7531,-42.3873,-25.2592,0.000,NORMAL,1,ROUTE,,,,,PREVIEW_DEFAULT
267.8531,-42.2956,-25.2991,0.000,NORMAL,1,ROUTE,,,,,PREVIEW_DEFAULT
267.9530,-42.2040,-25.3391,0.000,NORMAL,1,ROUTE,,,,,PREVIEW_DEFAULT
268.0531,-42.1123,-25.3791,0.000,NORMAL,1,ROUTE,,,,,PREVIEW_DEFAULT
268.1530,-42.0207,-25.4190,0.000,NORMAL,1,ROUTE,,,,,PREVIEW_DEFAULT
268.2530,-41.9290,-25.4589,0.000,NORMAL,1,ROUTE,,,,,PREVIEW_DEFAULT
268.3530,-41.8373,-25.4987,0.000,NORMAL,1,ROUTE,,,,,PREVIEW_DEFAULT
268.4530,-41.7455,-25.5385,0.000,NORMAL,1,ROUTE,,,,,PREVIEW_DEFAULT
268.5530,-41.6537,-25.5781,0.000,NORMAL,1,ROUTE,,,,,PREVIEW_DEFAULT
268.6529,-41.5619,-25.6175,0.000,NORMAL,1,ROUTE,,,,,PREVIEW_DEFAULT
268.7529,-41.4699,-25.6568,0.000,NORMAL,1,ROUTE,,,,,PREVIEW_DEFAULT
268.8529,-41.3779,-25.6959,0.000,NORMAL,1,ROUTE,,,,,PREVIEW_DEFAULT
268.9529,-41.2858,-25.7348,0.000,NORMAL,1,ROUTE,,,,,PREVIEW_DEFAULT
269.0529,-41.1936,-25.7736,0.000,NORMAL,1,ROUTE,,,,,PREVIEW_DEFAULT
269.1529,-41.1014,-25.8122,0.000,NORMAL,1,ROUTE,,,,,PREVIEW_DEFAULT
269.2529,-41.0091,-25.8507,0.000,NORMAL,1,ROUTE,,,,,PREVIEW_DEFAULT
269.3528,-40.9168,-25.8890,0.000,NORMAL,1,ROUTE,,,,,PREVIEW_DEFAULT
269.4528,-40.8244,-25.9272,0.000,NORMAL,1,ROUTE,,,,,PREVIEW_DEFAULT
269.5527,-40.7320,-25.9653,0.000,NORMAL,1,ROUTE,,,,,PREVIEW_DEFAULT
269.6528,-40.6395,-26.0034,0.000,NORMAL,1,ROUTE,,,,,PREVIEW_DEFAULT
269.7527,-40.5470,-26.0413,0.000,NORMAL,1,ROUTE,,,,,PREVIEW_DEFAULT
269.8527,-40.4545,-26.0792,0.000,NORMAL,1,ROUTE,,,,,PREVIEW_DEFAULT
269.9527,-40.3619,-26.1170,0.000,NORMAL,1,ROUTE,,,,,PREVIEW_DEFAULT
270.0527,-40.2693,-26.1547,0.000,NORMAL,1,ROUTE,,,,,PREVIEW_DEFAULT
270.1527,-40.1767,-26.1924,0.000,NORMAL,1,ROUTE,,,,,PREVIEW_DEFAULT
270.2526,-40.0841,-26.2300,0.000,NORMAL,1,ROUTE,,,,,PREVIEW_DEFAULT
270.3527,-39.9914,-26.2676,0.000,NORMAL,1,ROUTE,,,,,PREVIEW_DEFAULT
270.4527,-39.8987,-26.3051,0.000,NORMAL,1,ROUTE,,,,,PREVIEW_DEFAULT
270.5526,-39.8061,-26.3427,0.000,NORMAL,1,ROUTE,,,,,PREVIEW_DEFAULT
270.6526,-39.7134,-26.3802,0.000,NORMAL,1,ROUTE,,,,,PREVIEW_DEFAULT
270.7526,-39.6207,-26.4176,0.000,NORMAL,1,ROUTE,,,,,PREVIEW_DEFAULT
270.8526,-39.5280,-26.4551,0.000,NORMAL,1,ROUTE,,,,,PREVIEW_DEFAULT
270.9526,-39.4353,-26.4926,0.000,NORMAL,1,ROUTE,,,,,PREVIEW_DEFAULT
271.0525,-39.3427,-26.5302,0.000,NORMAL,1,ROUTE,,,,,PREVIEW_DEFAULT
271.1525,-39.2500,-26.5677,0.000,NORMAL,1,ROUTE,,,,,PREVIEW_DEFAULT
271.2525,-39.1573,-26.6053,0.000,NORMAL,1,ROUTE,,,,,PREVIEW_DEFAULT
271.3525,-39.0647,-26.6429,0.000,NORMAL,1,ROUTE,,,,,PREVIEW_DEFAULT
271.4524,-38.9721,-26.6805,0.000,NORMAL,1,ROUTE,,,,,PREVIEW_DEFAULT
271.5525,-38.8794,-26.7182,0.000,NORMAL,1,ROUTE,,,,,PREVIEW_DEFAULT
271.6525,-38.7868,-26.7559,0.000,NORMAL,1,ROUTE,,,,,PREVIEW_DEFAULT
271.7525,-38.6942,-26.7936,0.000,NORMAL,1,ROUTE,,,,,PREVIEW_DEFAULT
271.8523,-38.6017,-26.8313,0.000,NORMAL,1,ROUTE,,,,,PREVIEW_DEFAULT
271.9523,-38.5091,-26.8690,0.000,NORMAL,1,ROUTE,,,,,PREVIEW_DEFAULT
272.0523,-38.4165,-26.9067,0.000,NORMAL,1,ROUTE,,,,,PREVIEW_DEFAULT
272.1524,-38.3238,-26.9444,0.000,NORMAL,1,ROUTE,,,,,PREVIEW_DEFAULT
272.2523,-38.2312,-26.9820,0.000,NORMAL,1,ROUTE,,,,,PREVIEW_DEFAULT
272.3524,-38.1385,-27.0196,0.000,NORMAL,1,ROUTE,,,,,PREVIEW_DEFAULT
272.4523,-38.0458,-27.0571,0.000,NORMAL,1,ROUTE,,,,,PREVIEW_DEFAULT
272.5523,-37.9531,-27.0944,0.000,NORMAL,1,ROUTE,,,,,PREVIEW_DEFAULT
272.6523,-37.8603,-27.1317,0.000,NORMAL,1,ROUTE,,,,,PREVIEW_DEFAULT
272.7522,-37.7675,-27.1688,0.000,NORMAL,1,ROUTE,,,,,PREVIEW_DEFAULT
272.8522,-37.6746,-27.2057,0.000,NORMAL,1,ROUTE,,,,,PREVIEW_DEFAULT
272.9522,-37.5816,-27.2425,0.000,NORMAL,1,ROUTE,,,,,PREVIEW_DEFAULT
273.0522,-37.4886,-27.2792,0.000,NORMAL,1,ROUTE,,,,,PREVIEW_DEFAULT
273.1522,-37.3955,-27.3157,0.000,NORMAL,1,ROUTE,,,,,PREVIEW_DEFAULT
273.2522,-37.3024,-27.3522,0.000,NORMAL,1,ROUTE,,,,,PREVIEW_DEFAULT
273.3521,-37.2093,-27.3885,0.000,NORMAL,1,ROUTE,,,,,PREVIEW_DEFAULT
273.4521,-37.1161,-27.4247,0.000,NORMAL,1,ROUTE,,,,,PREVIEW_DEFAULT
273.5521,-37.0229,-27.4610,0.000,NORMAL,1,ROUTE,,,,,PREVIEW_DEFAULT
273.6521,-36.9297,-27.4971,0.000,NORMAL,1,ROUTE,,,,,PREVIEW_DEFAULT
273.7520,-36.8365,-27.5333,0.000,NORMAL,1,ROUTE,,,,,PREVIEW_DEFAULT
273.8521,-36.7433,-27.5696,0.000,NORMAL,1,ROUTE,,,,,PREVIEW_DEFAULT
273.9520,-36.6502,-27.6059,0.000,NORMAL,1,ROUTE,,,,,PREVIEW_DEFAULT
274.0520,-36.5571,-27.6424,0.000,NORMAL,1,ROUTE,,,,,PREVIEW_DEFAULT
274.1520,-36.4640,-27.6790,0.000,NORMAL,1,ROUTE,,,,,PREVIEW_DEFAULT
274.2519,-36.3711,-27.7158,0.000,NORMAL,1,ROUTE,,,,,PREVIEW_DEFAULT
274.3519,-36.2782,-27.7528,0.000,NORMAL,1,ROUTE,,,,,PREVIEW_DEFAULT
274.4520,-36.1854,-27.7901,0.000,NORMAL,1,ROUTE,,,,,PREVIEW_DEFAULT
274.5519,-36.0927,-27.8275,0.000,NORMAL,1,ROUTE,,,,,PREVIEW_DEFAULT
274.6519,-36.0001,-27.8651,0.000,NORMAL,1,ROUTE,,,,,PREVIEW_DEFAULT
274.7519,-35.9075,-27.9030,0.000,NORMAL,1,ROUTE,,,,,PREVIEW_DEFAULT
274.8519,-35.8150,-27.9410,0.000,NORMAL,1,ROUTE,,,,,PREVIEW_DEFAULT
274.9519,-35.7226,-27.9791,0.000,NORMAL,1,ROUTE,,,,,PREVIEW_DEFAULT
275.0519,-35.6302,-28.0174,0.000,NORMAL,1,ROUTE,,,,,PREVIEW_DEFAULT
275.1518,-35.5379,-28.0557,0.000,NORMAL,1,ROUTE,,,,,PREVIEW_DEFAULT
275.2518,-35.4455,-28.0940,0.000,NORMAL,1,ROUTE,,,,,PREVIEW_DEFAULT
275.3518,-35.3531,-28.1322,0.000,NORMAL,1,ROUTE,,,,,PREVIEW_DEFAULT
275.4518,-35.2607,-28.1703,0.000,NORMAL,1,ROUTE,,,,,PREVIEW_DEFAULT
275.5518,-35.1682,-28.2083,0.000,NORMAL,1,ROUTE,,,,,PREVIEW_DEFAULT
275.6518,-35.0756,-28.2461,0.000,NORMAL,1,ROUTE,,,,,PREVIEW_DEFAULT
275.7517,-34.9830,-28.2836,0.000,NORMAL,1,ROUTE,,,,,PREVIEW_DEFAULT
275.8517,-34.8901,-28.3207,0.000,NORMAL,1,ROUTE,,,,,PREVIEW_DEFAULT
275.9517,-34.7972,-28.3576,0.000,NORMAL,1,ROUTE,,,,,PREVIEW_DEFAULT
276.0517,-34.7041,-28.3941,0.000,NORMAL,1,ROUTE,,,,,PREVIEW_DEFAULT
276.1516,-34.6109,-28.4302,0.000,NORMAL,1,ROUTE,,,,,PREVIEW_DEFAULT
276.2516,-34.5175,-28.4659,0.000,NORMAL,1,ROUTE,,,,,PREVIEW_DEFAULT
276.3516,-34.4240,-28.5013,0.000,NORMAL,1,ROUTE,,,,,PREVIEW_DEFAULT
276.4516,-34.3303,-28.5362,0.000,NORMAL,1,ROUTE,,,,,PREVIEW_DEFAULT
276.5516,-34.2365,-28.5709,0.000,NORMAL,1,ROUTE,,,,,PREVIEW_DEFAULT
276.6515,-34.1426,-28.6051,0.000,NORMAL,1,ROUTE,,,,,PREVIEW_DEFAULT
276.7516,-34.0485,-28.6391,0.000,NORMAL,1,ROUTE,,,,,PREVIEW_DEFAULT
276.8516,-33.9544,-28.6728,0.000,NORMAL,1,ROUTE,,,,,PREVIEW_DEFAULT
276.9515,-33.8602,-28.7063,0.000,NORMAL,1,ROUTE,,,,,PREVIEW_DEFAULT
277.0515,-33.7659,-28.7396,0.000,NORMAL,1,ROUTE,,,,,PREVIEW_DEFAULT
277.1515,-33.6716,-28.7728,0.000,NORMAL,1,ROUTE,,,,,PREVIEW_DEFAULT
277.2515,-33.5773,-28.8059,0.000,NORMAL,1,ROUTE,,,,,PREVIEW_DEFAULT
277.3515,-33.4829,-28.8390,0.000,NORMAL,1,ROUTE,,,,,PREVIEW_DEFAULT
277.4515,-33.3886,-28.8722,0.000,NORMAL,1,ROUTE,,,,,PREVIEW_DEFAULT
277.5515,-33.2943,-28.9055,0.000,NORMAL,1,ROUTE,,,,,PREVIEW_DEFAULT
277.6514,-33.2001,-28.9390,0.000,NORMAL,1,ROUTE,,,,,PREVIEW_DEFAULT
277.7514,-33.1060,-28.9727,0.000,NORMAL,1,ROUTE,,,,,PREVIEW_DEFAULT
277.8514,-33.0120,-29.0069,0.000,NORMAL,1,ROUTE,,,,,PREVIEW_DEFAULT
277.9514,-32.9182,-29.0414,0.000,NORMAL,1,ROUTE,,,,,PREVIEW_DEFAULT
278.0513,-32.8246,-29.0764,0.000,NORMAL,1,ROUTE,,,,,PREVIEW_DEFAULT
278.1513,-32.7311,-29.1120,0.000,NORMAL,1,ROUTE,,,,,PREVIEW_DEFAULT
278.2513,-32.6380,-29.1483,0.000,NORMAL,1,ROUTE,,,,,PREVIEW_DEFAULT
278.3513,-32.5451,-29.1853,0.000,NORMAL,1,ROUTE,,,,,PREVIEW_DEFAULT
278.4512,-32.4526,-29.2232,0.000,NORMAL,1,ROUTE,,,,,PREVIEW_DEFAULT
278.5513,-32.3604,-29.2620,0.000,NORMAL,1,ROUTE,,,,,PREVIEW_DEFAULT
278.6513,-32.2687,-29.3019,0.000,NORMAL,1,ROUTE,,,,,PREVIEW_DEFAULT
278.7513,-32.1775,-29.3429,0.000,NORMAL,1,ROUTE,,,,,PREVIEW_DEFAULT
278.8512,-32.0869,-29.3851,0.000,NORMAL,1,ROUTE,,,,,PREVIEW_DEFAULT
278.9512,-31.9969,-29.4286,0.000,NORMAL,1,ROUTE,,,,,PREVIEW_DEFAULT
279.0512,-31.9076,-29.4736,0.000,NORMAL,1,ROUTE,,,,,PREVIEW_DEFAULT
279.1511,-31.8192,-29.5202,0.000,NORMAL,1,ROUTE,,,,,PREVIEW_DEFAULT
279.2511,-31.7316,-29.5685,0.000,NORMAL,1,ROUTE,,,,,PREVIEW_DEFAULT
279.3510,-31.6451,-29.6185,0.000,NORMAL,1,ROUTE,,,,,PREVIEW_DEFAULT
279.4511,-31.5596,-29.6705,0.000,NORMAL,1,ROUTE,,,,,PREVIEW_DEFAULT
279.5511,-31.4755,-29.7246,0.000,NORMAL,1,ROUTE,,,,,PREVIEW_DEFAULT
279.6511,-31.3928,-29.7808,0.000,NORMAL,1,ROUTE,,,,,PREVIEW_DEFAULT
279.7510,-31.3117,-29.8392,0.000,NORMAL,1,ROUTE,,,,,PREVIEW_DEFAULT
279.8510,-31.2324,-29.9001,0.000,NORMAL,1,ROUTE,,,,,PREVIEW_DEFAULT
279.9510,-31.1551,-29.9635,0.000,NORMAL,1,ROUTE,,,,,PREVIEW_DEFAULT
280.0510,-31.0800,-30.0295,0.000,NORMAL,1,ROUTE,,,,,PREVIEW_DEFAULT
280.1510,-31.0072,-30.0981,0.000,NORMAL,1,ROUTE,,,,,PREVIEW_DEFAULT
280.2509,-30.9371,-30.1693,0.000,NORMAL,1,ROUTE,,,,,PREVIEW_DEFAULT
280.3509,-30.8699,-30.2433,0.000,NORMAL,1,ROUTE,,,,,PREVIEW_DEFAULT
280.4508,-30.8057,-30.3199,0.000,NORMAL,1,ROUTE,,,,,PREVIEW_DEFAULT
280.5509,-30.7447,-30.3992,0.000,NORMAL,1,ROUTE,,,,,PREVIEW_DEFAULT
280.6508,-30.6872,-30.4809,0.000,NORMAL,1,ROUTE,,,,,PREVIEW_DEFAULT
280.7508,-30.6332,-30.5651,0.000,NORMAL,1,ROUTE,,,,,PREVIEW_DEFAULT
280.8508,-30.5828,-30.6514,0.000,NORMAL,1,ROUTE,,,,,PREVIEW_DEFAULT
280.9507,-30.5361,-30.7398,0.000,NORMAL,1,ROUTE,,,,,PREVIEW_DEFAULT
281.0507,-30.4930,-30.8300,0.000,NORMAL,1,ROUTE,,,,,PREVIEW_DEFAULT
281.1507,-30.4535,-30.9219,0.000,NORMAL,1,ROUTE,,,,,PREVIEW_DEFAULT
281.2507,-30.4173,-31.0151,0.000,NORMAL,1,ROUTE,,,,,PREVIEW_DEFAULT
281.3506,-30.3843,-31.1094,0.000,NORMAL,1,ROUTE,,,,,PREVIEW_DEFAULT
281.4506,-30.3543,-31.2048,0.000,NORMAL,1,ROUTE,,,,,PREVIEW_DEFAULT
281.5506,-30.3270,-31.3010,0.000,NORMAL,1,ROUTE,,,,,PREVIEW_DEFAULT
281.6506,-30.3022,-31.3979,0.000,NORMAL,1,ROUTE,,,,,PREVIEW_DEFAULT
281.7506,-30.2795,-31.4952,0.000,NORMAL,1,ROUTE,,,,,PREVIEW_DEFAULT
281.8505,-30.2587,-31.5930,0.000,NORMAL,1,ROUTE,,,,,PREVIEW_DEFAULT
281.9505,-30.2394,-31.6911,0.000,NORMAL,1,ROUTE,,,,,PREVIEW_DEFAULT
282.0506,-30.2214,-31.7895,0.000,NORMAL,1,ROUTE,,,,,PREVIEW_DEFAULT
282.1505,-30.2044,-31.8880,0.000,NORMAL,1,ROUTE,,,,,PREVIEW_DEFAULT
282.2505,-30.1882,-31.9867,0.000,NORMAL,1,ROUTE,,,,,PREVIEW_DEFAULT
282.3505,-30.1725,-32.0854,0.000,NORMAL,1,ROUTE,,,,,PREVIEW_DEFAULT
282.4505,-30.1570,-32.1842,0.000,NORMAL,1,ROUTE,,,,,PREVIEW_DEFAULT
282.5505,-30.1417,-32.2830,0.000,NORMAL,1,ROUTE,,,,,PREVIEW_DEFAULT
282.6505,-30.1263,-32.3818,0.000,NORMAL,1,ROUTE,,,,,PREVIEW_DEFAULT
282.7504,-30.1107,-32.4805,0.000,NORMAL,1,ROUTE,,,,,PREVIEW_DEFAULT
282.8504,-30.0949,-32.5793,0.000,NORMAL,1,ROUTE,,,,,PREVIEW_DEFAULT
282.9504,-30.0787,-32.6779,0.000,NORMAL,1,ROUTE,,,,,PREVIEW_DEFAULT
283.0503,-30.0622,-32.7765,0.000,NORMAL,1,ROUTE,,,,,PREVIEW_DEFAULT
283.1504,-30.0453,-32.8751,0.000,NORMAL,1,ROUTE,,,,,PREVIEW_DEFAULT
283.2504,-30.0280,-32.9736,0.000,NORMAL,1,ROUTE,,,,,PREVIEW_DEFAULT
283.3503,-30.0105,-33.0720,0.000,NORMAL,1,ROUTE,,,,,PREVIEW_DEFAULT
283.4503,-29.9927,-33.1704,0.000,NORMAL,1,ROUTE,,,,,PREVIEW_DEFAULT
283.5503,-29.9749,-33.2688,0.000,NORMAL,1,ROUTE,,,,,PREVIEW_DEFAULT
283.6502,-29.9571,-33.3671,0.000,NORMAL,1,ROUTE,,,,,PREVIEW_DEFAULT
283.7503,-29.9395,-33.4656,0.000,NORMAL,1,ROUTE,,,,,PREVIEW_DEFAULT
283.8503,-29.9223,-33.5641,0.000,NORMAL,1,ROUTE,,,,,PREVIEW_DEFAULT
283.9502,-29.9056,-33.6626,0.000,NORMAL,1,ROUTE,,,,,PREVIEW_DEFAULT
284.0502,-29.8898,-33.7614,0.000,NORMAL,1,ROUTE,,,,,PREVIEW_DEFAULT
284.1502,-29.8750,-33.8603,0.000,NORMAL,1,ROUTE,,,,,PREVIEW_DEFAULT
284.2501,-29.8616,-33.9593,0.000,NORMAL,1,ROUTE,,,,,PREVIEW_DEFAULT
284.3501,-29.8496,-34.0586,0.000,NORMAL,1,ROUTE,,,,,PREVIEW_DEFAULT
284.4502,-29.8395,-34.1581,0.000,NORMAL,1,ROUTE,,,,,PREVIEW_DEFAULT
284.5501,-29.8315,-34.2577,0.000,NORMAL,1,ROUTE,,,,,PREVIEW_DEFAULT
284.6500,-29.8260,-34.3575,0.000,NORMAL,1,ROUTE,,,,,PREVIEW_DEFAULT
284.7501,-29.8231,-34.4575,0.000,NORMAL,1,ROUTE,,,,,PREVIEW_DEFAULT
284.8501,-29.8233,-34.5575,0.000,NORMAL,1,ROUTE,,,,,PREVIEW_DEFAULT
284.8660,-29.8237,-34.5734,0.000,PERP_PARK,1,T_PARK,T_PARK_START,ENTER_ZONE,,,PREVIEW_DEFAULT
284.9500,-29.8271,-34.6574,0.000,PERP_PARK,1,T_PARK,,,,,PREVIEW_DEFAULT
285.0500,-29.8341,-34.7571,0.000,PERP_PARK,1,T_PARK,,,,,PREVIEW_DEFAULT
285.1500,-29.8442,-34.8566,0.000,PERP_PARK,1,T_PARK,,,,,PREVIEW_DEFAULT
285.2499,-29.8571,-34.9557,0.000,PERP_PARK,1,T_PARK,,,,,PREVIEW_DEFAULT
285.3499,-29.8726,-35.0545,0.000,PERP_PARK,1,T_PARK,,,,,PREVIEW_DEFAULT
285.4499,-29.8905,-35.1528,0.000,PERP_PARK,1,T_PARK,,,,,PREVIEW_DEFAULT
285.5499,-29.9107,-35.2508,0.000,PERP_PARK,1,T_PARK,,,,,PREVIEW_DEFAULT
285.6498,-29.9329,-35.3482,0.000,PERP_PARK,1,T_PARK,,,,,PREVIEW_DEFAULT
285.7499,-29.9570,-35.4453,0.000,PERP_PARK,1,T_PARK,,,,,PREVIEW_DEFAULT
285.8499,-29.9828,-35.5419,0.000,PERP_PARK,1,T_PARK,,,,,PREVIEW_DEFAULT
285.9498,-30.0102,-35.6380,0.000,PERP_PARK,1,T_PARK,,,,,PREVIEW_DEFAULT
286.0498,-30.0389,-35.7338,0.000,PERP_PARK,1,T_PARK,,,,,PREVIEW_DEFAULT
286.1498,-30.0689,-35.8292,0.000,PERP_PARK,1,T_PARK,,,,,PREVIEW_DEFAULT
286.2498,-30.1000,-35.9242,0.000,PERP_PARK,1,T_PARK,,,,,PREVIEW_DEFAULT
286.3498,-30.1321,-36.0189,0.000,PERP_PARK,1,T_PARK,,,,,PREVIEW_DEFAULT
286.4498,-30.1651,-36.1133,0.000,PERP_PARK,1,T_PARK,,,,,PREVIEW_DEFAULT
286.5497,-30.1989,-36.2074,0.000,PERP_PARK,1,T_PARK,,,,,PREVIEW_DEFAULT
286.6496,-30.2333,-36.3012,0.000,PERP_PARK,1,T_PARK,,,,,PREVIEW_DEFAULT
286.7497,-30.2684,-36.3949,0.000,PERP_PARK,1,T_PARK,,,,,PREVIEW_DEFAULT
286.8497,-30.3040,-36.4883,0.000,PERP_PARK,1,T_PARK,,,,,PREVIEW_DEFAULT
286.9496,-30.3401,-36.5815,0.000,PERP_PARK,1,T_PARK,,,,,PREVIEW_DEFAULT
287.0496,-30.3766,-36.6746,0.000,PERP_PARK,1,T_PARK,,,,,PREVIEW_DEFAULT
287.1496,-30.4134,-36.7676,0.000,PERP_PARK,1,T_PARK,,,,,PREVIEW_DEFAULT
287.2496,-30.4506,-36.8604,0.000,PERP_PARK,1,T_PARK,,,,,PREVIEW_DEFAULT
287.3496,-30.4880,-36.9531,0.000,PERP_PARK,1,T_PARK,,,,,PREVIEW_DEFAULT
287.4495,-30.5256,-37.0457,0.000,PERP_PARK,1,T_PARK,,,,,PREVIEW_DEFAULT
287.5496,-30.5635,-37.1383,0.000,PERP_PARK,1,T_PARK,,,,,PREVIEW_DEFAULT
287.6496,-30.6015,-37.2308,0.000,PERP_PARK,1,T_PARK,,,,,PREVIEW_DEFAULT
287.7495,-30.6397,-37.3232,0.000,PERP_PARK,1,T_PARK,,,,,PREVIEW_DEFAULT
287.8494,-30.6779,-37.4155,0.000,PERP_PARK,1,T_PARK,,,,,PREVIEW_DEFAULT
287.9495,-30.7163,-37.5079,0.000,PERP_PARK,1,T_PARK,,,,,PREVIEW_DEFAULT
288.0495,-30.7548,-37.6002,0.000,PERP_PARK,1,T_PARK,,,,,PREVIEW_DEFAULT
288.1494,-30.7933,-37.6924,0.000,PERP_PARK,1,T_PARK,,,,,PREVIEW_DEFAULT
288.2495,-30.8319,-37.7847,0.000,PERP_PARK,1,T_PARK,,,,,PREVIEW_DEFAULT
288.3494,-30.8705,-37.8769,0.000,PERP_PARK,1,T_PARK,,,,,PREVIEW_DEFAULT
288.4494,-30.9092,-37.9691,0.000,PERP_PARK,1,T_PARK,,,,,PREVIEW_DEFAULT
288.5494,-30.9478,-38.0613,0.000,PERP_PARK,1,T_PARK,,,,,PREVIEW_DEFAULT
288.6494,-30.9865,-38.1535,0.000,PERP_PARK,1,T_PARK,,,,,PREVIEW_DEFAULT
288.7493,-31.0251,-38.2457,0.000,PERP_PARK,1,T_PARK,,,,,PREVIEW_DEFAULT
288.8493,-31.0637,-38.3379,0.000,PERP_PARK,1,T_PARK,,,,,PREVIEW_DEFAULT
288.9493,-31.1023,-38.4302,0.000,PERP_PARK,1,T_PARK,,,,,PREVIEW_DEFAULT
289.0493,-31.1409,-38.5224,0.000,PERP_PARK,1,T_PARK,,,,,PREVIEW_DEFAULT
289.1493,-31.1794,-38.6147,0.000,PERP_PARK,1,T_PARK,,,,,PREVIEW_DEFAULT
289.2493,-31.2178,-38.7070,0.000,PERP_PARK,1,T_PARK,,,,,PREVIEW_DEFAULT
289.3492,-31.2562,-38.7993,0.000,PERP_PARK,1,T_PARK,,,,,PREVIEW_DEFAULT
289.4492,-31.2946,-38.8916,0.000,PERP_PARK,1,T_PARK,,,,,PREVIEW_DEFAULT
289.5492,-31.3329,-38.9840,0.000,PERP_PARK,1,T_PARK,,,,,PREVIEW_DEFAULT
289.6492,-31.3711,-39.0764,0.000,PERP_PARK,1,T_PARK,,,,,PREVIEW_DEFAULT
289.7491,-31.4092,-39.1688,0.000,PERP_PARK,1,T_PARK,,,,,PREVIEW_DEFAULT
289.8492,-31.4473,-39.2613,0.000,PERP_PARK,1,T_PARK,,,,,PREVIEW_DEFAULT
289.9491,-31.4852,-39.3538,0.000,PERP_PARK,1,T_PARK,,,,,PREVIEW_DEFAULT
290.0491,-31.5231,-39.4463,0.000,PERP_PARK,1,T_PARK,,,,,PREVIEW_DEFAULT
290.1491,-31.5609,-39.5389,0.000,PERP_PARK,1,T_PARK,,,,,PREVIEW_DEFAULT
290.2491,-31.5987,-39.6314,0.000,PERP_PARK,1,T_PARK,,,,,PREVIEW_DEFAULT
290.3491,-31.6363,-39.7241,0.000,PERP_PARK,1,T_PARK,,,,,PREVIEW_DEFAULT
290.4490,-31.6739,-39.8167,0.000,PERP_PARK,1,T_PARK,,,,,PREVIEW_DEFAULT
290.5490,-31.7114,-39.9094,0.000,PERP_PARK,1,T_PARK,,,,,PREVIEW_DEFAULT
290.6490,-31.7488,-40.0021,0.000,PERP_PARK,1,T_PARK,,,,,PREVIEW_DEFAULT
290.7490,-31.7861,-40.0949,0.000,PERP_PARK,1,T_PARK,,,,,PREVIEW_DEFAULT
290.8490,-31.8234,-40.1877,0.000,PERP_PARK,1,T_PARK,,,,,PREVIEW_DEFAULT
290.9490,-31.8606,-40.2805,0.000,PERP_PARK,1,T_PARK,,,,,PREVIEW_DEFAULT
291.0489,-31.8977,-40.3733,0.000,PERP_PARK,1,T_PARK,,,,,PREVIEW_DEFAULT
291.1489,-31.9347,-40.4662,0.000,PERP_PARK,1,T_PARK,,,,,PREVIEW_DEFAULT
291.2489,-31.9717,-40.5591,0.000,PERP_PARK,1,T_PARK,,,,,PREVIEW_DEFAULT
291.3489,-32.0086,-40.6520,0.000,PERP_PARK,1,T_PARK,,,,,PREVIEW_DEFAULT
291.4488,-32.0454,-40.7449,0.000,PERP_PARK,1,T_PARK,,,,,PREVIEW_DEFAULT
291.5488,-32.0822,-40.8379,0.000,PERP_PARK,1,T_PARK,,,,,PREVIEW_DEFAULT
291.6488,-32.1189,-40.9309,0.000,PERP_PARK,1,T_PARK,,,,,PREVIEW_DEFAULT
291.7488,-32.1556,-41.0239,0.000,PERP_PARK,1,T_PARK,,,,,PREVIEW_DEFAULT
291.8488,-32.1922,-41.1170,0.000,PERP_PARK,1,T_PARK,,,,,PREVIEW_DEFAULT
291.9487,-32.2287,-41.2100,0.000,PERP_PARK,1,T_PARK,,,,,PREVIEW_DEFAULT
292.0487,-32.2652,-41.3031,0.000,PERP_PARK,1,T_PARK,,,,,PREVIEW_DEFAULT
292.1487,-32.3017,-41.3962,0.000,PERP_PARK,1,T_PARK,,,,,PREVIEW_DEFAULT
292.2487,-32.3381,-41.4893,0.000,PERP_PARK,1,T_PARK,,,,,PREVIEW_DEFAULT
292.3488,-32.3745,-41.5825,0.000,PERP_PARK,1,T_PARK,,,,,PREVIEW_DEFAULT
292.4487,-32.4108,-41.6756,0.000,PERP_PARK,1,T_PARK,,,,,PREVIEW_DEFAULT
292.5487,-32.4470,-41.7688,0.000,PERP_PARK,1,T_PARK,,,,,PREVIEW_DEFAULT
292.6487,-32.4833,-41.8620,0.000,PERP_PARK,1,T_PARK,,,,,PREVIEW_DEFAULT
292.7487,-32.5195,-41.9552,0.000,PERP_PARK,1,T_PARK,,,,,PREVIEW_DEFAULT
292.8486,-32.5556,-42.0484,0.000,PERP_PARK,1,T_PARK,,,,,PREVIEW_DEFAULT
292.9486,-32.5918,-42.1416,0.000,PERP_PARK,1,T_PARK,,,,,PREVIEW_DEFAULT
293.0486,-32.6279,-42.2349,0.000,PERP_PARK,1,T_PARK,,,,,PREVIEW_DEFAULT
293.1485,-32.6639,-42.3281,0.000,PERP_PARK,1,T_PARK,,,,,PREVIEW_DEFAULT
293.2486,-32.7000,-42.4214,0.000,PERP_PARK,1,T_PARK,,,,,PREVIEW_DEFAULT
293.3486,-32.7360,-42.5147,0.000,PERP_PARK,1,T_PARK,,,,,PREVIEW_DEFAULT
293.4485,-32.7720,-42.6079,0.000,PERP_PARK,1,T_PARK,,,,,PREVIEW_DEFAULT
293.5485,-32.8080,-42.7012,0.000,PERP_PARK,1,T_PARK,,,,,PREVIEW_DEFAULT
293.6485,-32.8439,-42.7945,0.000,PERP_PARK,1,T_PARK,,,,,PREVIEW_DEFAULT
293.7484,-32.8798,-42.8878,0.000,PERP_PARK,1,T_PARK,,,,,PREVIEW_DEFAULT
293.8484,-32.9158,-42.9811,0.000,PERP_PARK,1,T_PARK,,,,,PREVIEW_DEFAULT
293.9484,-32.9517,-43.0744,0.000,PERP_PARK,1,T_PARK,,,,,PREVIEW_DEFAULT
294.0485,-32.9876,-43.1678,0.000,PERP_PARK,1,T_PARK,,,,,PREVIEW_DEFAULT
294.1484,-33.0234,-43.2611,0.000,PERP_PARK,1,T_PARK,,,,,PREVIEW_DEFAULT
294.2484,-33.0593,-43.3544,0.000,PERP_PARK,1,T_PARK,,,,,PREVIEW_DEFAULT
294.3483,-33.0952,-43.4477,0.000,PERP_PARK,1,T_PARK,,,,,PREVIEW_DEFAULT
294.4484,-33.1310,-43.5411,0.000,PERP_PARK,1,T_PARK,,,,,PREVIEW_DEFAULT
294.5483,-33.1669,-43.6344,0.000,PERP_PARK,1,T_PARK,,,,,PREVIEW_DEFAULT
294.6483,-33.2027,-43.7277,0.000,PERP_PARK,1,T_PARK,,,,,PREVIEW_DEFAULT
294.7483,-33.2386,-43.8211,0.000,PERP_PARK,1,T_PARK,,,,,PREVIEW_DEFAULT
294.8483,-33.2744,-43.9144,0.000,PERP_PARK,1,T_PARK,,,,,PREVIEW_DEFAULT
294.9482,-33.3103,-44.0077,0.000,PERP_PARK,1,T_PARK,,,,,PREVIEW_DEFAULT
295.0483,-33.3462,-44.1011,0.000,PERP_PARK,1,T_PARK,,,,,PREVIEW_DEFAULT
295.1482,-33.3820,-44.1944,0.000,PERP_PARK,1,T_PARK,,,,,PREVIEW_DEFAULT
295.2482,-33.4179,-44.2877,0.000,PERP_PARK,1,T_PARK,,,,,PREVIEW_DEFAULT
295.3482,-33.4538,-44.3810,0.000,PERP_PARK,1,T_PARK,,,,,PREVIEW_DEFAULT
295.4482,-33.4897,-44.4744,0.000,PERP_PARK,1,T_PARK,,,,,PREVIEW_DEFAULT
295.5482,-33.5256,-44.5677,0.000,PERP_PARK,1,T_PARK,,,,,PREVIEW_DEFAULT
295.6482,-33.5616,-44.6610,0.000,PERP_PARK,1,T_PARK,,,,,PREVIEW_DEFAULT
295.7482,-33.5975,-44.7543,0.000,PERP_PARK,1,T_PARK,,,,,PREVIEW_DEFAULT
295.8481,-33.6335,-44.8475,0.000,PERP_PARK,1,T_PARK,,,,,PREVIEW_DEFAULT
295.9481,-33.6695,-44.9408,0.000,PERP_PARK,1,T_PARK,,,,,PREVIEW_DEFAULT
296.0481,-33.7055,-45.0341,0.000,PERP_PARK,1,T_PARK,,,,,PREVIEW_DEFAULT
296.1480,-33.7416,-45.1273,0.000,PERP_PARK,1,T_PARK,,,,,PREVIEW_DEFAULT
296.2480,-33.7776,-45.2206,0.000,PERP_PARK,1,T_PARK,,,,,PREVIEW_DEFAULT
296.3480,-33.8137,-45.3138,0.000,PERP_PARK,1,T_PARK,,,,,PREVIEW_DEFAULT
296.4481,-33.8499,-45.4071,0.000,PERP_PARK,1,T_PARK,,,,,PREVIEW_DEFAULT
296.5480,-33.8860,-45.5003,0.000,PERP_PARK,1,T_PARK,,,,,PREVIEW_DEFAULT
296.6480,-33.9222,-45.5935,0.000,PERP_PARK,1,T_PARK,,,,,PREVIEW_DEFAULT
296.7480,-33.9585,-45.6867,0.000,PERP_PARK,1,T_PARK,,,,,PREVIEW_DEFAULT
296.8479,-33.9948,-45.7798,0.000,PERP_PARK,1,T_PARK,,,,,PREVIEW_DEFAULT
296.9480,-34.0311,-45.8730,0.000,PERP_PARK,1,T_PARK,,,,,PREVIEW_DEFAULT
297.0479,-34.0674,-45.9661,0.000,PERP_PARK,1,T_PARK,,,,,PREVIEW_DEFAULT
297.1479,-34.1038,-46.0592,0.000,PERP_PARK,1,T_PARK,,,,,PREVIEW_DEFAULT
297.2479,-34.1403,-46.1523,0.000,PERP_PARK,1,T_PARK,,,,,PREVIEW_DEFAULT
297.3479,-34.1768,-46.2454,0.000,PERP_PARK,1,T_PARK,,,,,PREVIEW_DEFAULT
297.4479,-34.2133,-46.3385,0.000,PERP_PARK,1,T_PARK,,,,,PREVIEW_DEFAULT
297.5478,-34.2499,-46.4315,0.000,PERP_PARK,1,T_PARK,,,,,PREVIEW_DEFAULT
297.6479,-34.2866,-46.5246,0.000,PERP_PARK,1,T_PARK,,,,,PREVIEW_DEFAULT
297.7478,-34.3233,-46.6176,0.000,PERP_PARK,1,T_PARK,,,,,PREVIEW_DEFAULT
297.8477,-34.3600,-46.7105,0.000,PERP_PARK,1,T_PARK,,,,,PREVIEW_DEFAULT
297.9478,-34.3969,-46.8035,0.000,PERP_PARK,1,T_PARK,,,,,PREVIEW_DEFAULT
298.0477,-34.4337,-46.8964,0.000,PERP_PARK,1,T_PARK,,,,,PREVIEW_DEFAULT
298.1477,-34.4707,-46.9893,0.000,PERP_PARK,1,T_PARK,,,,,PREVIEW_DEFAULT
298.2477,-34.5077,-47.0822,0.000,PERP_PARK,1,T_PARK,,,,,PREVIEW_DEFAULT
298.3477,-34.5447,-47.1751,0.000,PERP_PARK,1,T_PARK,,,,,PREVIEW_DEFAULT
298.4477,-34.5819,-47.2679,0.000,PERP_PARK,1,T_PARK,,,,,PREVIEW_DEFAULT
298.5477,-34.6191,-47.3607,0.000,PERP_PARK,1,T_PARK,,,,,PREVIEW_DEFAULT
298.6476,-34.6563,-47.4535,0.000,PERP_PARK,1,T_PARK,,,,,PREVIEW_DEFAULT
298.7476,-34.6937,-47.5462,0.000,PERP_PARK,1,T_PARK,,,,,PREVIEW_DEFAULT
298.8476,-34.7311,-47.6390,0.000,PERP_PARK,1,T_PARK,,,,,PREVIEW_DEFAULT
298.9476,-34.7686,-47.7316,0.000,PERP_PARK,1,T_PARK,,,,,PREVIEW_DEFAULT
299.0476,-34.8062,-47.8243,0.000,PERP_PARK,1,T_PARK,,,,,PREVIEW_DEFAULT
299.1475,-34.8438,-47.9169,0.000,PERP_PARK,1,T_PARK,,,,,PREVIEW_DEFAULT
299.2476,-34.8816,-48.0095,0.000,PERP_PARK,1,T_PARK,,,,,PREVIEW_DEFAULT
299.3476,-34.9194,-48.1021,0.000,PERP_PARK,1,T_PARK,,,,,PREVIEW_DEFAULT
299.4475,-34.9573,-48.1946,0.000,PERP_PARK,1,T_PARK,,,,,PREVIEW_DEFAULT
299.5475,-34.9953,-48.2871,0.000,PERP_PARK,1,T_PARK,,,,,PREVIEW_DEFAULT
299.6475,-35.0334,-48.3795,0.000,PERP_PARK,1,T_PARK,,,,,PREVIEW_DEFAULT
299.7475,-35.0716,-48.4719,0.000,PERP_PARK,1,T_PARK,,,,,PREVIEW_DEFAULT
299.8475,-35.1099,-48.5643,0.000,PERP_PARK,1,T_PARK,,,,,PREVIEW_DEFAULT
299.9474,-35.1482,-48.6566,0.000,PERP_PARK,1,T_PARK,,,,,PREVIEW_DEFAULT
300.0474,-35.1867,-48.7489,0.000,PERP_PARK,1,T_PARK,,,,,PREVIEW_DEFAULT
300.1474,-35.2253,-48.8411,0.000,PERP_PARK,1,T_PARK,,,,,PREVIEW_DEFAULT
300.2474,-35.2640,-48.9333,0.000,PERP_PARK,1,T_PARK,,,,,PREVIEW_DEFAULT
300.3474,-35.3027,-49.0255,0.000,PERP_PARK,1,T_PARK,,,,,PREVIEW_DEFAULT
300.4473,-35.3416,-49.1176,0.000,PERP_PARK,1,T_PARK,,,,,PREVIEW_DEFAULT
300.5473,-35.3807,-49.2096,0.000,PERP_PARK,1,T_PARK,,,,,PREVIEW_DEFAULT
300.6473,-35.4198,-49.3016,0.000,PERP_PARK,1,T_PARK,,,,,PREVIEW_DEFAULT
300.7473,-35.4590,-49.3936,0.000,PERP_PARK,1,T_PARK,,,,,PREVIEW_DEFAULT
300.8473,-35.4984,-49.4855,0.000,PERP_PARK,1,T_PARK,,,,,PREVIEW_DEFAULT
300.9473,-35.5378,-49.5774,0.000,PERP_PARK,1,T_PARK,,,,,PREVIEW_DEFAULT
301.0472,-35.5774,-49.6692,0.000,PERP_PARK,1,T_PARK,,,,,PREVIEW_DEFAULT
301.1472,-35.6172,-49.7609,0.000,PERP_PARK,1,T_PARK,,,,,PREVIEW_DEFAULT
301.2472,-35.6570,-49.8526,0.000,PERP_PARK,1,T_PARK,,,,,PREVIEW_DEFAULT
301.3472,-35.6970,-49.9443,0.000,PERP_PARK,1,T_PARK,,,,,PREVIEW_DEFAULT
301.4472,-35.7371,-50.0359,0.000,PERP_PARK,1,T_PARK,,,,,PREVIEW_DEFAULT
301.5471,-35.7773,-50.1274,0.000,PERP_PARK,1,T_PARK,,,,,PREVIEW_DEFAULT
301.6472,-35.8177,-50.2189,0.000,PERP_PARK,1,T_PARK,,,,,PREVIEW_DEFAULT
301.7471,-35.8582,-50.3103,0.000,PERP_PARK,1,T_PARK,,,,,PREVIEW_DEFAULT
301.8471,-35.8988,-50.4016,0.000,PERP_PARK,1,T_PARK,,,,,PREVIEW_DEFAULT
301.9471,-35.9396,-50.4929,0.000,PERP_PARK,1,T_PARK,,,,,PREVIEW_DEFAULT
302.0471,-35.9804,-50.5842,0.000,PERP_PARK,1,T_PARK,,,,,PREVIEW_DEFAULT
302.1470,-36.0214,-50.6754,0.000,PERP_PARK,1,T_PARK,,,,,PREVIEW_DEFAULT
302.2470,-36.0625,-50.7665,0.000,PERP_PARK,1,T_PARK,,,,,PREVIEW_DEFAULT
302.3470,-36.1037,-50.8576,0.000,PERP_PARK,1,T_PARK,,,,,PREVIEW_DEFAULT
302.4470,-36.1450,-50.9487,0.000,PERP_PARK,1,T_PARK,,,,,PREVIEW_DEFAULT
302.5470,-36.1864,-51.0397,0.000,PERP_PARK,1,T_PARK,,,,,PREVIEW_DEFAULT
302.6470,-36.2279,-51.1307,0.000,PERP_PARK,1,T_PARK,,,,,PREVIEW_DEFAULT
302.7470,-36.2695,-51.2216,0.000,PERP_PARK,1,T_PARK,,,,,PREVIEW_DEFAULT
302.8469,-36.3111,-51.3125,0.000,PERP_PARK,1,T_PARK,,,,,PREVIEW_DEFAULT
302.9469,-36.3528,-51.4034,0.000,PERP_PARK,1,T_PARK,,,,,PREVIEW_DEFAULT
303.0469,-36.3946,-51.4942,0.000,PERP_PARK,1,T_PARK,,,,,PREVIEW_DEFAULT
303.1469,-36.4363,-51.5851,0.000,PERP_PARK,1,T_PARK,,,,,PREVIEW_DEFAULT
303.2469,-36.4781,-51.6759,0.000,PERP_PARK,-1,T_PARK,T1_FORWARD_TO_REVERSE,SET_REVERSE,,,T1_FORWARD_TO_REVERSE
303.3464,-36.4105,-51.6028,0.000,PERP_PARK,-1,T_PARK,,,,,T1_FORWARD_TO_REVERSE
303.4460,-36.3442,-51.5285,0.000,PERP_PARK,-1,T_PARK,,,,,T1_FORWARD_TO_REVERSE
303.5455,-36.2803,-51.4522,0.000,PERP_PARK,-1,T_PARK,,,,,T1_FORWARD_TO_REVERSE
303.6451,-36.2187,-51.3740,0.000,PERP_PARK,-1,T_PARK,,,,,T1_FORWARD_TO_REVERSE
303.7447,-36.1588,-51.2944,0.000,PERP_PARK,-1,T_PARK,,,,,T1_FORWARD_TO_REVERSE
303.8442,-36.1007,-51.2136,0.000,PERP_PARK,-1,T_PARK,,,,,T1_FORWARD_TO_REVERSE
303.9438,-36.0444,-51.1315,0.000,PERP_PARK,-1,T_PARK,,,,,T1_FORWARD_TO_REVERSE
304.0433,-35.9894,-51.0485,0.000,PERP_PARK,-1,T_PARK,,,,,T1_FORWARD_TO_REVERSE
304.1429,-35.9354,-50.9649,0.000,PERP_PARK,-1,T_PARK,,,,,T1_FORWARD_TO_REVERSE
304.2425,-35.8820,-50.8808,0.000,PERP_PARK,-1,T_PARK,,,,,T1_FORWARD_TO_REVERSE
304.3420,-35.8294,-50.7963,0.000,PERP_PARK,-1,T_PARK,,,,,T1_FORWARD_TO_REVERSE
304.4416,-35.7771,-50.7116,0.000,PERP_PARK,-1,T_PARK,,,,,T1_FORWARD_TO_REVERSE
304.5411,-35.7249,-50.6268,0.000,PERP_PARK,-1,T_PARK,,,,,T1_FORWARD_TO_REVERSE
304.6408,-35.6726,-50.5420,0.000,PERP_PARK,-1,T_PARK,,,,,T1_FORWARD_TO_REVERSE
304.7403,-35.6201,-50.4575,0.000,PERP_PARK,-1,T_PARK,,,,,T1_FORWARD_TO_REVERSE
304.8398,-35.5671,-50.3732,0.000,PERP_PARK,-1,T_PARK,,,,,T1_FORWARD_TO_REVERSE
304.9394,-35.5134,-50.2894,0.000,PERP_PARK,-1,T_PARK,,,,,T1_FORWARD_TO_REVERSE
305.0389,-35.4587,-50.2062,0.000,PERP_PARK,-1,T_PARK,,,,,T1_FORWARD_TO_REVERSE
305.1386,-35.4028,-50.1237,0.000,PERP_PARK,-1,T_PARK,,,,,T1_FORWARD_TO_REVERSE
305.2381,-35.3460,-50.0420,0.000,PERP_PARK,-1,T_PARK,,,,,T1_FORWARD_TO_REVERSE
305.3376,-35.2883,-49.9609,0.000,PERP_PARK,-1,T_PARK,,,,,T1_FORWARD_TO_REVERSE
305.4372,-35.2298,-49.8803,0.000,PERP_PARK,-1,T_PARK,,,,,T1_FORWARD_TO_REVERSE
305.5368,-35.1706,-49.8002,0.000,PERP_PARK,-1,T_PARK,,,,,T1_FORWARD_TO_REVERSE
305.6363,-35.1106,-49.7208,0.000,PERP_PARK,-1,T_PARK,,,,,T1_FORWARD_TO_REVERSE
305.7359,-35.0501,-49.6417,0.000,PERP_PARK,-1,T_PARK,,,,,T1_FORWARD_TO_REVERSE
305.8355,-34.9890,-49.5631,0.000,PERP_PARK,-1,T_PARK,,,,,T1_FORWARD_TO_REVERSE
305.9351,-34.9276,-49.4847,0.000,PERP_PARK,-1,T_PARK,,,,,T1_FORWARD_TO_REVERSE
306.0346,-34.8659,-49.4066,0.000,PERP_PARK,-1,T_PARK,,,,,T1_FORWARD_TO_REVERSE
306.1341,-34.8038,-49.3288,0.000,PERP_PARK,-1,T_PARK,,,,,T1_FORWARD_TO_REVERSE
306.2337,-34.7415,-49.2511,0.000,PERP_PARK,-1,T_PARK,,,,,T1_FORWARD_TO_REVERSE
306.3333,-34.6792,-49.1734,0.000,PERP_PARK,-1,T_PARK,,,,,T1_FORWARD_TO_REVERSE
306.4329,-34.6168,-49.0958,0.000,PERP_PARK,-1,T_PARK,,,,,T1_FORWARD_TO_REVERSE
306.5324,-34.5545,-49.0182,0.000,PERP_PARK,-1,T_PARK,,,,,T1_FORWARD_TO_REVERSE
306.6320,-34.4923,-48.9404,0.000,PERP_PARK,-1,T_PARK,,,,,T1_FORWARD_TO_REVERSE
306.7316,-34.4303,-48.8625,0.000,PERP_PARK,-1,T_PARK,,,,,T1_FORWARD_TO_REVERSE
306.8311,-34.3680,-48.7849,0.000,PERP_PARK,-1,T_PARK,,,,,T1_FORWARD_TO_REVERSE
306.9307,-34.3046,-48.7081,0.000,PERP_PARK,-1,T_PARK,,,,,T1_FORWARD_TO_REVERSE
307.0302,-34.2397,-48.6326,0.000,PERP_PARK,-1,T_PARK,,,,,T1_FORWARD_TO_REVERSE
307.1298,-34.1725,-48.5591,0.000,PERP_PARK,-1,T_PARK,,,,,T1_FORWARD_TO_REVERSE
307.2293,-34.1020,-48.4889,0.000,PERP_PARK,-1,T_PARK,,,,,T1_FORWARD_TO_REVERSE
307.3289,-34.0272,-48.4232,0.000,PERP_PARK,-1,T_PARK,,,,,T1_FORWARD_TO_REVERSE
307.4284,-33.9485,-48.3622,0.000,PERP_PARK,-1,T_PARK,,,,,T1_FORWARD_TO_REVERSE
307.5280,-33.8666,-48.3056,0.000,PERP_PARK,-1,T_PARK,,,,,T1_FORWARD_TO_REVERSE
307.6275,-33.7819,-48.2533,0.000,PERP_PARK,-1,T_PARK,,,,,T1_FORWARD_TO_REVERSE
307.7271,-33.6949,-48.2049,0.000,PERP_PARK,-1,T_PARK,,,,,T1_FORWARD_TO_REVERSE
307.8267,-33.6055,-48.1611,0.000,PERP_PARK,-1,T_PARK,,,,,T1_FORWARD_TO_REVERSE
307.9262,-33.5138,-48.1223,0.000,PERP_PARK,-1,T_PARK,,,,,T1_FORWARD_TO_REVERSE
308.0258,-33.4203,-48.0881,0.000,PERP_PARK,-1,T_PARK,,,,,T1_FORWARD_TO_REVERSE
308.1253,-33.3256,-48.0575,0.000,PERP_PARK,-1,T_PARK,,,,,T1_FORWARD_TO_REVERSE
308.2249,-33.2299,-48.0301,0.000,PERP_PARK,-1,T_PARK,,,,,T1_FORWARD_TO_REVERSE
308.3245,-33.1333,-48.0058,0.000,PERP_PARK,-1,T_PARK,,,,,T1_FORWARD_TO_REVERSE
308.4240,-33.0361,-47.9845,0.000,PERP_PARK,-1,T_PARK,,,,,T1_FORWARD_TO_REVERSE
308.5236,-32.9382,-47.9660,0.000,PERP_PARK,-1,T_PARK,,,,,T1_FORWARD_TO_REVERSE
308.6232,-32.8400,-47.9496,0.000,PERP_PARK,-1,T_PARK,,,,,T1_FORWARD_TO_REVERSE
308.7227,-32.7416,-47.9346,0.000,PERP_PARK,-1,T_PARK,,,,,T1_FORWARD_TO_REVERSE
308.8223,-32.6430,-47.9207,0.000,PERP_PARK,-1,T_PARK,,,,,T1_FORWARD_TO_REVERSE
308.9218,-32.5443,-47.9076,0.000,PERP_PARK,-1,T_PARK,,,,,T1_FORWARD_TO_REVERSE
309.0213,-32.4456,-47.8950,0.000,PERP_PARK,-1,T_PARK,,,,,T1_FORWARD_TO_REVERSE
309.1209,-32.3468,-47.8825,0.000,PERP_PARK,-1,T_PARK,,,,,T1_FORWARD_TO_REVERSE
309.2205,-32.2481,-47.8697,0.000,PERP_PARK,-1,T_PARK,,,,,T1_FORWARD_TO_REVERSE
309.3201,-32.1494,-47.8563,0.000,PERP_PARK,-1,T_PARK,,,,,T1_FORWARD_TO_REVERSE
309.4196,-32.0509,-47.8420,0.000,PERP_PARK,-1,T_PARK,,,,,T1_FORWARD_TO_REVERSE
309.5191,-31.9525,-47.8269,0.000,PERP_PARK,-1,T_PARK,,,,,T1_FORWARD_TO_REVERSE
309.6187,-31.8542,-47.8111,0.000,PERP_PARK,-1,T_PARK,,,,,T1_FORWARD_TO_REVERSE
309.7183,-31.7559,-47.7951,0.000,PERP_PARK,-1,T_PARK,,,,,T1_FORWARD_TO_REVERSE
309.8178,-31.6576,-47.7795,0.000,PERP_PARK,-1,T_PARK,,,,,T1_FORWARD_TO_REVERSE
309.9174,-31.5591,-47.7646,0.000,PERP_PARK,-1,T_PARK,,,,,T1_FORWARD_TO_REVERSE
310.0170,-31.4605,-47.7509,0.000,PERP_PARK,-1,T_PARK,,,,,T1_FORWARD_TO_REVERSE
310.1165,-31.3617,-47.7389,0.000,PERP_PARK,-1,T_PARK,,,,,T1_FORWARD_TO_REVERSE
310.2161,-31.2626,-47.7293,0.000,PERP_PARK,-1,T_PARK,,,,,T1_FORWARD_TO_REVERSE
310.3157,-31.1632,-47.7229,0.000,PERP_PARK,-1,T_PARK,,,,,T1_FORWARD_TO_REVERSE
310.4152,-31.0637,-47.7201,0.000,PERP_PARK,-1,T_PARK,,,,,T1_FORWARD_TO_REVERSE
310.5148,-30.9641,-47.7212,0.000,PERP_PARK,-1,T_PARK,,,,,T1_FORWARD_TO_REVERSE
310.6143,-30.8648,-47.7270,0.000,PERP_PARK,-1,T_PARK,,,,,T1_FORWARD_TO_REVERSE
310.7139,-30.7658,-47.7379,0.000,PERP_PARK,-1,T_PARK,,,,,T1_FORWARD_TO_REVERSE
310.8134,-30.6676,-47.7540,0.000,PERP_PARK,-1,T_PARK,,,,,T1_FORWARD_TO_REVERSE
310.9130,-30.5702,-47.7748,0.000,PERP_PARK,-1,T_PARK,,,,,T1_FORWARD_TO_REVERSE
311.0126,-30.4738,-47.7998,0.000,PERP_PARK,-1,T_PARK,,,,,T1_FORWARD_TO_REVERSE
311.1122,-30.3784,-47.8283,0.000,PERP_PARK,-1,T_PARK,,,,,T1_FORWARD_TO_REVERSE
311.2117,-30.2841,-47.8600,0.000,PERP_PARK,-1,T_PARK,,,,,T1_FORWARD_TO_REVERSE
311.3112,-30.1908,-47.8948,0.000,PERP_PARK,-1,T_PARK,,,,,T1_FORWARD_TO_REVERSE
311.4108,-30.0986,-47.9323,0.000,PERP_PARK,-1,T_PARK,,,,,T1_FORWARD_TO_REVERSE
311.5103,-30.0073,-47.9720,0.000,PERP_PARK,-1,T_PARK,,,,,T1_FORWARD_TO_REVERSE
311.6100,-29.9167,-48.0135,0.000,PERP_PARK,-1,T_PARK,,,,,T1_FORWARD_TO_REVERSE
311.7095,-29.8269,-48.0563,0.000,PERP_PARK,-1,T_PARK,,,,,T1_FORWARD_TO_REVERSE
311.8090,-29.7376,-48.1003,0.000,PERP_PARK,-1,T_PARK,,,,,T1_FORWARD_TO_REVERSE
311.9086,-29.6489,-48.1455,0.000,PERP_PARK,-1,T_PARK,,,,,T1_FORWARD_TO_REVERSE
312.0081,-29.5607,-48.1917,0.000,PERP_PARK,-1,T_PARK,,,,,T1_FORWARD_TO_REVERSE
312.1078,-29.4728,-48.2386,0.000,PERP_PARK,-1,T_PARK,,,,,T1_FORWARD_TO_REVERSE
312.2073,-29.3853,-48.2860,0.000,PERP_PARK,-1,T_PARK,,,,,T1_FORWARD_TO_REVERSE
312.3068,-29.2980,-48.3338,0.000,PERP_PARK,-1,T_PARK,,,,,T1_FORWARD_TO_REVERSE
312.4064,-29.2108,-48.3819,0.000,PERP_PARK,-1,T_PARK,,,,,T1_FORWARD_TO_REVERSE
312.5060,-29.1237,-48.4302,0.000,PERP_PARK,-1,T_PARK,,,,,T1_FORWARD_TO_REVERSE
312.6055,-29.0366,-48.4784,0.000,PERP_PARK,-1,T_PARK,,,,,T1_FORWARD_TO_REVERSE
312.7051,-28.9494,-48.5265,0.000,PERP_PARK,-1,T_PARK,,,,,T1_FORWARD_TO_REVERSE
312.8046,-28.8621,-48.5743,0.000,PERP_PARK,-1,T_PARK,,,,,T1_FORWARD_TO_REVERSE
312.9043,-28.7745,-48.6218,0.000,PERP_PARK,-1,T_PARK,,,,,T1_FORWARD_TO_REVERSE
313.0037,-28.6867,-48.6685,0.000,PERP_PARK,-1,T_PARK,,,,,T1_FORWARD_TO_REVERSE
313.1033,-28.5983,-48.7144,0.000,PERP_PARK,-1,T_PARK,,,,,T1_FORWARD_TO_REVERSE
313.2029,-28.5094,-48.7593,0.000,PERP_PARK,-1,T_PARK,,,,,T1_FORWARD_TO_REVERSE
313.3025,-28.4200,-48.8031,0.000,PERP_PARK,-1,T_PARK,,,,,T1_FORWARD_TO_REVERSE
313.4020,-28.3300,-48.8456,0.000,PERP_PARK,-1,T_PARK,,,,,T1_FORWARD_TO_REVERSE
313.5017,-28.2391,-48.8864,0.000,PERP_PARK,-1,T_PARK,,,,,T1_FORWARD_TO_REVERSE
313.6012,-28.1479,-48.9262,0.000,PERP_PARK,1,T_PARK,T1_REVERSE_TO_FORWARD,SET_FORWARD,,,T1_REVERSE_TO_FORWARD
313.7011,-28.2313,-48.8711,0.000,PERP_PARK,1,T_PARK,,,,,T1_REVERSE_TO_FORWARD
313.8011,-28.3148,-48.8161,0.000,PERP_PARK,1,T_PARK,,,,,T1_REVERSE_TO_FORWARD
313.9011,-28.3983,-48.7611,0.000,PERP_PARK,1,T_PARK,,,,,T1_REVERSE_TO_FORWARD
314.0011,-28.4819,-48.7062,0.000,PERP_PARK,1,T_PARK,,,,,T1_REVERSE_TO_FORWARD
314.1011,-28.5655,-48.6514,0.000,PERP_PARK,1,T_PARK,,,,,T1_REVERSE_TO_FORWARD
314.2011,-28.6492,-48.5967,0.000,PERP_PARK,1,T_PARK,,,,,T1_REVERSE_TO_FORWARD
314.3010,-28.7329,-48.5421,0.000,PERP_PARK,1,T_PARK,,,,,T1_REVERSE_TO_FORWARD
314.4010,-28.8167,-48.4876,0.000,PERP_PARK,1,T_PARK,,,,,T1_REVERSE_TO_FORWARD
314.5010,-28.9006,-48.4332,0.000,PERP_PARK,1,T_PARK,,,,,T1_REVERSE_TO_FORWARD
314.6009,-28.9844,-48.3788,0.000,PERP_PARK,1,T_PARK,,,,,T1_REVERSE_TO_FORWARD
314.7009,-29.0683,-48.3244,0.000,PERP_PARK,1,T_PARK,,,,,T1_REVERSE_TO_FORWARD
314.8008,-29.1521,-48.2699,0.000,PERP_PARK,1,T_PARK,,,,,T1_REVERSE_TO_FORWARD
314.9008,-29.2359,-48.2154,0.000,PERP_PARK,1,T_PARK,,,,,T1_REVERSE_TO_FORWARD
315.0008,-29.3196,-48.1607,0.000,PERP_PARK,1,T_PARK,,,,,T1_REVERSE_TO_FORWARD
315.1008,-29.4032,-48.1058,0.000,PERP_PARK,1,T_PARK,,,,,T1_REVERSE_TO_FORWARD
315.2007,-29.4866,-48.0507,0.000,PERP_PARK,1,T_PARK,,,,,T1_REVERSE_TO_FORWARD
315.3007,-29.5698,-47.9953,0.000,PERP_PARK,1,T_PARK,,,,,T1_REVERSE_TO_FORWARD
315.4007,-29.6528,-47.9395,0.000,PERP_PARK,1,T_PARK,,,,,T1_REVERSE_TO_FORWARD
315.5006,-29.7354,-47.8833,0.000,PERP_PARK,1,T_PARK,,,,,T1_REVERSE_TO_FORWARD
315.6006,-29.8178,-47.8266,0.000,PERP_PARK,1,T_PARK,,,,,T1_REVERSE_TO_FORWARD
315.7006,-29.8997,-47.7693,0.000,PERP_PARK,1,T_PARK,,,,,T1_REVERSE_TO_FORWARD
315.8006,-29.9813,-47.7115,0.000,PERP_PARK,1,T_PARK,,,,,T1_REVERSE_TO_FORWARD
315.9005,-30.0623,-47.6530,0.000,PERP_PARK,1,T_PARK,,,,,T1_REVERSE_TO_FORWARD
316.0005,-30.1429,-47.5938,0.000,PERP_PARK,1,T_PARK,,,,,T1_REVERSE_TO_FORWARD
316.1005,-30.2228,-47.5337,0.000,PERP_PARK,1,T_PARK,,,,,T1_REVERSE_TO_FORWARD
316.2004,-30.3021,-47.4729,0.000,PERP_PARK,1,T_PARK,,,,,T1_REVERSE_TO_FORWARD
316.3004,-30.3807,-47.4111,0.000,PERP_PARK,1,T_PARK,,,,,T1_REVERSE_TO_FORWARD
316.4004,-30.4585,-47.3483,0.000,PERP_PARK,1,T_PARK,,,,,T1_REVERSE_TO_FORWARD
316.5004,-30.5355,-47.2845,0.000,PERP_PARK,1,T_PARK,,,,,T1_REVERSE_TO_FORWARD
316.6003,-30.6116,-47.2197,0.000,PERP_PARK,1,T_PARK,,,,,T1_REVERSE_TO_FORWARD
316.7004,-30.6867,-47.1536,0.000,PERP_PARK,1,T_PARK,,,,,T1_REVERSE_TO_FORWARD
316.8003,-30.7607,-47.0864,0.000,PERP_PARK,1,T_PARK,,,,,T1_REVERSE_TO_FORWARD
316.9003,-30.8335,-47.0179,0.000,PERP_PARK,1,T_PARK,,,,,T1_REVERSE_TO_FORWARD
317.0002,-30.9050,-46.9481,0.000,PERP_PARK,1,T_PARK,,,,,T1_REVERSE_TO_FORWARD
317.1002,-30.9753,-46.8770,0.000,PERP_PARK,1,T_PARK,,,,,T1_REVERSE_TO_FORWARD
317.2002,-31.0440,-46.8044,0.000,PERP_PARK,1,T_PARK,,,,,T1_REVERSE_TO_FORWARD
317.3001,-31.1112,-46.7304,0.000,PERP_PARK,1,T_PARK,,,,,T1_REVERSE_TO_FORWARD
317.4002,-31.1767,-46.6548,0.000,PERP_PARK,1,T_PARK,,,,,T1_REVERSE_TO_FORWARD
317.5001,-31.2405,-46.5778,0.000,PERP_PARK,1,T_PARK,,,,,T1_REVERSE_TO_FORWARD
317.6001,-31.3023,-46.4993,0.000,PERP_PARK,1,T_PARK,,,,,T1_REVERSE_TO_FORWARD
317.7001,-31.3621,-46.4191,0.000,PERP_PARK,1,T_PARK,,,,,T1_REVERSE_TO_FORWARD
317.8000,-31.4197,-46.3375,0.000,PERP_PARK,1,T_PARK,,,,,T1_REVERSE_TO_FORWARD
317.9000,-31.4751,-46.2542,0.000,PERP_PARK,1,T_PARK,,,,,T1_REVERSE_TO_FORWARD
317.9999,-31.5281,-46.1695,0.000,PERP_PARK,1,T_PARK,,,,,T1_REVERSE_TO_FORWARD
318.0999,-31.5786,-46.0832,0.000,PERP_PARK,1,T_PARK,,,,,T1_REVERSE_TO_FORWARD
318.1999,-31.6266,-45.9955,0.000,PERP_PARK,1,T_PARK,,,,,T1_REVERSE_TO_FORWARD
318.2999,-31.6718,-45.9063,0.000,PERP_PARK,1,T_PARK,,,,,T1_REVERSE_TO_FORWARD
318.3998,-31.7142,-45.8158,0.000,PERP_PARK,1,T_PARK,,,,,T1_REVERSE_TO_FORWARD
318.4998,-31.7538,-45.7240,0.000,PERP_PARK,1,T_PARK,,,,,T1_REVERSE_TO_FORWARD
318.5998,-31.7905,-45.6310,0.000,PERP_PARK,1,T_PARK,,,,,T1_REVERSE_TO_FORWARD
318.6997,-31.8242,-45.5369,0.000,PERP_PARK,1,T_PARK,,,,,T1_REVERSE_TO_FORWARD
318.7997,-31.8549,-45.4418,0.000,PERP_PARK,1,T_PARK,,,,,T1_REVERSE_TO_FORWARD
318.8997,-31.8826,-45.3457,0.000,PERP_PARK,1,T_PARK,,,,,T1_REVERSE_TO_FORWARD
318.9997,-31.9073,-45.2488,0.000,PERP_PARK,1,T_PARK,,,,,T1_REVERSE_TO_FORWARD
319.0997,-31.9289,-45.1512,0.000,PERP_PARK,1,T_PARK,,,,,T1_REVERSE_TO_FORWARD
319.1996,-31.9476,-45.0530,0.000,PERP_PARK,1,T_PARK,,,,,T1_REVERSE_TO_FORWARD
319.2996,-31.9633,-44.9543,0.000,PERP_PARK,1,T_PARK,,,,,T1_REVERSE_TO_FORWARD
319.3996,-31.9761,-44.8551,0.000,PERP_PARK,1,T_PARK,,,,,T1_REVERSE_TO_FORWARD
319.4995,-31.9860,-44.7557,0.000,PERP_PARK,1,T_PARK,,,,,T1_REVERSE_TO_FORWARD
319.5995,-31.9931,-44.6559,0.000,PERP_PARK,1,T_PARK,,,,,T1_REVERSE_TO_FORWARD
319.6994,-31.9973,-44.5561,0.000,PERP_PARK,1,T_PARK,,,,,T1_REVERSE_TO_FORWARD
319.7994,-31.9988,-44.4561,0.000,PERP_PARK,1,T_PARK,,,,,T1_REVERSE_TO_FORWARD
319.8994,-31.9976,-44.3561,0.000,PERP_PARK,1,T_PARK,,,,,T1_REVERSE_TO_FORWARD
319.9994,-31.9937,-44.2562,0.000,PERP_PARK,1,T_PARK,,,,,T1_REVERSE_TO_FORWARD
320.0993,-31.9872,-44.1565,0.000,PERP_PARK,1,T_PARK,,,,,T1_REVERSE_TO_FORWARD
320.1993,-31.9781,-44.0569,0.000,PERP_PARK,1,T_PARK,,,,,T1_REVERSE_TO_FORWARD
320.2993,-31.9665,-43.9576,0.000,PERP_PARK,1,T_PARK,,,,,T1_REVERSE_TO_FORWARD
320.3992,-31.9525,-43.8587,0.000,PERP_PARK,1,T_PARK,,,,,T1_REVERSE_TO_FORWARD
320.4993,-31.9360,-43.7600,0.000,PERP_PARK,1,T_PARK,,,,,T1_REVERSE_TO_FORWARD
320.5992,-31.9173,-43.6618,0.000,PERP_PARK,1,T_PARK,,,,,T1_REVERSE_TO_FORWARD
320.6992,-31.8963,-43.5641,0.000,PERP_PARK,1,T_PARK,,,,,T1_REVERSE_TO_FORWARD
320.7992,-31.8731,-43.4668,0.000,PERP_PARK,1,T_PARK,,,,,T1_REVERSE_TO_FORWARD
320.8991,-31.8479,-43.3701,0.000,PERP_PARK,1,T_PARK,,,,,T1_REVERSE_TO_FORWARD
320.9991,-31.8207,-43.2739,0.000,PERP_PARK,1,T_PARK,,,,,T1_REVERSE_TO_FORWARD
321.0990,-31.7915,-43.1783,0.000,PERP_PARK,1,T_PARK,,,,,T1_REVERSE_TO_FORWARD
321.1990,-31.7605,-43.0833,0.000,PERP_PARK,1,T_PARK,,,,,T1_REVERSE_TO_FORWARD
321.2990,-31.7278,-42.9888,0.000,PERP_PARK,1,T_PARK,,,,,T1_REVERSE_TO_FORWARD
321.3990,-31.6933,-42.8949,0.000,PERP_PARK,1,T_PARK,,,,,T1_REVERSE_TO_FORWARD
321.4989,-31.6573,-42.8017,0.000,PERP_PARK,1,T_PARK,,,,,T1_REVERSE_TO_FORWARD
321.5990,-31.6197,-42.7090,0.000,PERP_PARK,1,T_PARK,,,,,T1_REVERSE_TO_FORWARD
321.6988,-31.5808,-42.6170,0.000,PERP_PARK,1,T_PARK,,,,,T1_REVERSE_TO_FORWARD
321.7988,-31.5406,-42.5255,0.000,PERP_PARK,1,T_PARK,,,,,T1_REVERSE_TO_FORWARD
321.8989,-31.4992,-42.4344,0.000,PERP_PARK,1,T_PARK,,,,,T1_REVERSE_TO_FORWARD
321.9988,-31.4570,-42.3438,0.000,PERP_PARK,1,T_PARK,,,,,T1_REVERSE_TO_FORWARD
322.0987,-31.4142,-42.2535,0.000,PERP_PARK,1,T_PARK,,,,,T1_REVERSE_TO_FORWARD
322.1988,-31.3709,-42.1633,0.000,PERP_PARK,1,T_PARK,,,,,T1_REVERSE_TO_FORWARD
322.2987,-31.3277,-42.0732,0.000,PERP_PARK,1,T_PARK,,,,,T1_REVERSE_TO_FORWARD
322.3987,-31.2847,-41.9829,0.000,PERP_PARK,1,T_PARK,,,,,T1_REVERSE_TO_FORWARD
322.4987,-31.2423,-41.8924,0.000,PERP_PARK,1,T_PARK,,,,,T1_REVERSE_TO_FORWARD
322.5987,-31.2008,-41.8014,0.000,PERP_PARK,1,T_PARK,,,,,T1_REVERSE_TO_FORWARD
322.6986,-31.1606,-41.7099,0.000,PERP_PARK,1,T_PARK,,,,,T1_REVERSE_TO_FORWARD
322.7986,-31.1216,-41.6178,0.000,PERP_PARK,1,T_PARK,,,,,T1_REVERSE_TO_FORWARD
322.8986,-31.0842,-41.5251,0.000,PERP_PARK,1,T_PARK,,,,,T1_REVERSE_TO_FORWARD
322.9985,-31.0482,-41.4319,0.000,PERP_PARK,1,T_PARK,,,,,T1_REVERSE_TO_FORWARD
323.0985,-31.0137,-41.3380,0.000,PERP_PARK,1,T_PARK,,,,,T1_REVERSE_TO_FORWARD
323.1984,-30.9805,-41.2438,0.000,PERP_PARK,1,T_PARK,,,,,T1_REVERSE_TO_FORWARD
323.2984,-30.9485,-41.1491,0.000,PERP_PARK,1,T_PARK,,,,,T1_REVERSE_TO_FORWARD
323.3984,-30.9174,-41.0540,0.000,PERP_PARK,1,T_PARK,,,,,T1_REVERSE_TO_FORWARD
323.4984,-30.8870,-40.9588,0.000,PERP_PARK,1,T_PARK,,,,,T1_REVERSE_TO_FORWARD
323.5984,-30.8573,-40.8633,0.000,PERP_PARK,1,T_PARK,,,,,T1_REVERSE_TO_FORWARD
323.6983,-30.8278,-40.7678,0.000,PERP_PARK,1,T_PARK,,,,,T1_REVERSE_TO_FORWARD
323.7983,-30.7985,-40.6722,0.000,PERP_PARK,1,T_PARK,,,,,T1_REVERSE_TO_FORWARD
323.8983,-30.7691,-40.5767,0.000,PERP_PARK,1,T_PARK,,,,,T1_REVERSE_TO_FORWARD
323.9982,-30.7395,-40.4812,0.000,PERP_PARK,1,T_PARK,,,,,T1_REVERSE_TO_FORWARD
324.0982,-30.7096,-40.3858,0.000,PERP_PARK,1,T_PARK,,,,,T1_REVERSE_TO_FORWARD
324.1982,-30.6793,-40.2905,0.000,PERP_PARK,1,T_PARK,,,,,T1_REVERSE_TO_FORWARD
324.2982,-30.6484,-40.1954,0.000,PERP_PARK,1,T_PARK,,,,,T1_REVERSE_TO_FORWARD
324.3982,-30.6170,-40.1005,0.000,PERP_PARK,1,T_PARK,,,,,T1_REVERSE_TO_FORWARD
324.4981,-30.5850,-40.0058,0.000,PERP_PARK,1,T_PARK,,,,,T1_REVERSE_TO_FORWARD
324.5981,-30.5523,-39.9113,0.000,PERP_PARK,1,T_PARK,,,,,T1_REVERSE_TO_FORWARD
324.6980,-30.5190,-39.8171,0.000,PERP_PARK,1,T_PARK,,,,,T1_REVERSE_TO_FORWARD
324.7981,-30.4851,-39.7230,0.000,PERP_PARK,1,T_PARK,,,,,T1_REVERSE_TO_FORWARD
324.8980,-30.4505,-39.6292,0.000,PERP_PARK,1,T_PARK,,,,,T1_REVERSE_TO_FORWARD
324.9980,-30.4154,-39.5356,0.000,PERP_PARK,1,T_PARK,,,,,T1_REVERSE_TO_FORWARD
325.0980,-30.3797,-39.4422,0.000,PERP_PARK,1,T_PARK,,,,,T1_REVERSE_TO_FORWARD
325.1980,-30.3435,-39.3490,0.000,PERP_PARK,1,T_PARK,,,,,T1_REVERSE_TO_FORWARD
325.2979,-30.3070,-39.2560,0.000,PERP_PARK,1,T_PARK,,,,,T1_REVERSE_TO_FORWARD
325.3978,-30.2701,-39.1631,0.000,PERP_PARK,1,T_PARK,,,,,T1_REVERSE_TO_FORWARD
325.4979,-30.2330,-39.0702,0.000,PERP_PARK,1,T_PARK,,,,,T1_REVERSE_TO_FORWARD
325.5978,-30.1957,-38.9775,0.000,PERP_PARK,1,T_PARK,,,,,T1_REVERSE_TO_FORWARD
325.6978,-30.1583,-38.8848,0.000,PERP_PARK,1,T_PARK,,,,,T1_REVERSE_TO_FORWARD
325.7978,-30.1210,-38.7920,0.000,PERP_PARK,1,T_PARK,,,,,T1_REVERSE_TO_FORWARD
325.8978,-30.0838,-38.6992,0.000,PERP_PARK,1,T_PARK,,,,,T1_REVERSE_TO_FORWARD
325.9977,-30.0468,-38.6063,0.000,PERP_PARK,1,T_PARK,,,,,T1_REVERSE_TO_FORWARD
326.0977,-30.0101,-38.5133,0.000,PERP_PARK,1,T_PARK,,,,,T1_REVERSE_TO_FORWARD
326.1976,-29.9739,-38.4202,0.000,PERP_PARK,1,T_PARK,,,,,T1_REVERSE_TO_FORWARD
326.2976,-29.9381,-38.3268,0.000,PERP_PARK,1,T_PARK,,,,,T1_REVERSE_TO_FORWARD
326.3976,-29.9029,-38.2332,0.000,PERP_PARK,1,T_PARK,,,,,T1_REVERSE_TO_FORWARD
326.4976,-29.8683,-38.1394,0.000,PERP_PARK,1,T_PARK,,,,,T1_REVERSE_TO_FORWARD
326.5975,-29.8344,-38.0454,0.000,PERP_PARK,1,T_PARK,,,,,T1_REVERSE_TO_FORWARD
326.6975,-29.8012,-37.9511,0.000,PERP_PARK,1,T_PARK,,,,,T1_REVERSE_TO_FORWARD
326.7975,-29.7687,-37.8566,0.000,PERP_PARK,1,T_PARK,,,,,T1_REVERSE_TO_FORWARD
326.8975,-29.7368,-37.7618,0.000,PERP_PARK,1,T_PARK,,,,,T1_REVERSE_TO_FORWARD
326.9974,-29.7055,-37.6669,0.000,PERP_PARK,1,T_PARK,,,,,T1_REVERSE_TO_FORWARD
327.0975,-29.6747,-37.5717,0.000,PERP_PARK,1,T_PARK,,,,,T1_REVERSE_TO_FORWARD
327.1974,-29.6444,-37.4765,0.000,PERP_PARK,1,T_PARK,,,,,T1_REVERSE_TO_FORWARD
327.2974,-29.6143,-37.3811,0.000,PERP_PARK,1,T_PARK,,,,,T1_REVERSE_TO_FORWARD
327.3974,-29.5844,-37.2857,0.000,PERP_PARK,1,T_PARK,,,,,T1_REVERSE_TO_FORWARD
327.4974,-29.5545,-37.1903,0.000,PERP_PARK,1,T_PARK,,,,,T1_REVERSE_TO_FORWARD
327.5973,-29.5245,-37.0950,0.000,PERP_PARK,1,T_PARK,,,,,T1_REVERSE_TO_FORWARD
327.6972,-29.4940,-36.9998,0.000,PERP_PARK,1,T_PARK,,,,,T1_REVERSE_TO_FORWARD
327.7973,-29.4630,-36.9047,0.000,PERP_PARK,1,T_PARK,,,,,T1_REVERSE_TO_FORWARD
327.8972,-29.4313,-36.8099,0.000,PERP_PARK,1,T_PARK,,,,,T1_REVERSE_TO_FORWARD
327.9971,-29.3986,-36.7155,0.000,PERP_PARK,1,T_PARK,,,,,T1_REVERSE_TO_FORWARD
328.0971,-29.3647,-36.6214,0.000,PERP_PARK,1,T_PARK,,,,,T1_REVERSE_TO_FORWARD
328.1971,-29.3295,-36.5278,0.000,PERP_PARK,1,T_PARK,,,,,T1_REVERSE_TO_FORWARD
328.2971,-29.2929,-36.4348,0.000,PERP_PARK,1,T_PARK,,,,,T1_REVERSE_TO_FORWARD
328.3971,-29.2546,-36.3424,0.000,PERP_PARK,1,T_PARK,,,,,T1_REVERSE_TO_FORWARD
328.4970,-29.2145,-36.2509,0.000,PERP_PARK,1,T_PARK,,,,,T1_REVERSE_TO_FORWARD
328.5971,-29.1725,-36.1601,0.000,PERP_PARK,1,T_PARK,,,,,T1_REVERSE_TO_FORWARD
328.6970,-29.1285,-36.0704,0.000,PERP_PARK,1,T_PARK,,,,,T1_REVERSE_TO_FORWARD
328.7969,-29.0824,-35.9817,0.000,PERP_PARK,1,T_PARK,,,,,T1_REVERSE_TO_FORWARD
328.8970,-29.0341,-35.8941,0.000,PERP_PARK,1,T_PARK,,,,,T1_REVERSE_TO_FORWARD
328.9969,-28.9836,-35.8079,0.000,PERP_PARK,1,T_PARK,,,,,T1_REVERSE_TO_FORWARD
329.0969,-28.9307,-35.7230,0.000,PERP_PARK,1,T_PARK,,,,,T1_REVERSE_TO_FORWARD
329.1969,-28.8756,-35.6396,0.000,PERP_PARK,1,T_PARK,,,,,T1_REVERSE_TO_FORWARD
329.2671,-28.8354,-35.5820,0.000,PERP_PARK,1,T_PARK,T_PARK_END,EXIT_ZONE,,,T1_REVERSE_TO_FORWARD
329.2968,-28.8180,-35.5579,0.000,PERP_PARK,1,T_PARK,,,,,T1_REVERSE_TO_FORWARD
329.3968,-28.7582,-35.4778,0.000,PERP_PARK,1,T_PARK,,,,,T1_REVERSE_TO_FORWARD
329.4165,-28.7462,-35.4622,0.000,NORMAL,1,ROUTE,,,,,T1_REVERSE_TO_FORWARD
329.4967,-28.6965,-35.3992,0.000,NORMAL,1,ROUTE,,,,,T1_REVERSE_TO_FORWARD
329.5967,-28.6329,-35.3220,0.000,NORMAL,1,ROUTE,,,,,T1_REVERSE_TO_FORWARD
329.6967,-28.5676,-35.2463,0.000,NORMAL,1,ROUTE,,,,,T1_REVERSE_TO_FORWARD
329.7967,-28.5006,-35.1721,0.000,NORMAL,1,ROUTE,,,,,T1_REVERSE_TO_FORWARD
329.8966,-28.4320,-35.0994,0.000,NORMAL,1,ROUTE,,,,,T1_REVERSE_TO_FORWARD
329.9965,-28.3618,-35.0283,0.000,NORMAL,1,ROUTE,,,,,T1_REVERSE_TO_FORWARD
330.0966,-28.2900,-34.9586,0.000,NORMAL,1,ROUTE,,,,,T1_REVERSE_TO_FORWARD
330.1965,-28.2168,-34.8906,0.000,NORMAL,1,ROUTE,,,,,T1_REVERSE_TO_FORWARD
330.2965,-28.1422,-34.8240,0.000,NORMAL,1,ROUTE,,,,,T1_REVERSE_TO_FORWARD
330.3965,-28.0662,-34.7591,0.000,NORMAL,1,ROUTE,,,,,T1_REVERSE_TO_FORWARD
330.4965,-27.9888,-34.6957,0.000,NORMAL,1,ROUTE,,,,,T1_REVERSE_TO_FORWARD
330.5964,-27.9102,-34.6340,0.000,NORMAL,1,ROUTE,,,,,T1_REVERSE_TO_FORWARD
330.6964,-27.8304,-34.5738,0.000,NORMAL,1,ROUTE,,,,,T1_REVERSE_TO_FORWARD
330.7963,-27.7494,-34.5153,0.000,NORMAL,1,ROUTE,,,,,T1_REVERSE_TO_FORWARD
330.8964,-27.6672,-34.4583,0.000,NORMAL,1,ROUTE,,,,,T1_REVERSE_TO_FORWARD
330.9963,-27.5839,-34.4030,0.000,NORMAL,1,ROUTE,,,,,T1_REVERSE_TO_FORWARD
331.0963,-27.4996,-34.3493,0.000,NORMAL,1,ROUTE,,,,,T1_REVERSE_TO_FORWARD
331.1963,-27.4142,-34.2973,0.000,NORMAL,1,ROUTE,,,,,T1_REVERSE_TO_FORWARD
331.2963,-27.3278,-34.2469,0.000,NORMAL,1,ROUTE,,,,,T1_REVERSE_TO_FORWARD
331.3963,-27.2405,-34.1982,0.000,NORMAL,1,ROUTE,,,,,T1_REVERSE_TO_FORWARD
331.4962,-27.1523,-34.1512,0.000,NORMAL,1,ROUTE,,,,,T1_REVERSE_TO_FORWARD
331.5962,-27.0632,-34.1058,0.000,NORMAL,1,ROUTE,,,,,T1_REVERSE_TO_FORWARD
331.6961,-26.9733,-34.0622,0.000,NORMAL,1,ROUTE,,,,,T1_REVERSE_TO_FORWARD
331.7961,-26.8826,-34.0202,0.000,NORMAL,1,ROUTE,,,,,T1_REVERSE_TO_FORWARD
331.8961,-26.7911,-33.9799,0.000,NORMAL,1,ROUTE,,,,,T1_REVERSE_TO_FORWARD
331.9961,-26.6988,-33.9414,0.000,NORMAL,1,ROUTE,,,,,T1_REVERSE_TO_FORWARD
332.0960,-26.6059,-33.9046,0.000,NORMAL,1,ROUTE,,,,,T1_REVERSE_TO_FORWARD
332.1960,-26.5123,-33.8694,0.000,NORMAL,1,ROUTE,,,,,T1_REVERSE_TO_FORWARD
332.2960,-26.4180,-33.8360,0.000,NORMAL,1,ROUTE,,,,,T1_REVERSE_TO_FORWARD
332.3960,-26.3232,-33.8044,0.000,NORMAL,1,ROUTE,,,,,T1_REVERSE_TO_FORWARD
332.4960,-26.2278,-33.7744,0.000,NORMAL,1,ROUTE,,,,,T1_REVERSE_TO_FORWARD
332.5959,-26.1319,-33.7462,0.000,NORMAL,1,ROUTE,,,,,T1_REVERSE_TO_FORWARD
332.6959,-26.0355,-33.7197,0.000,NORMAL,1,ROUTE,,,,,T1_REVERSE_TO_FORWARD
332.7958,-25.9387,-33.6949,0.000,NORMAL,1,ROUTE,,,,,T1_REVERSE_TO_FORWARD
332.8958,-25.8414,-33.6719,0.000,NORMAL,1,ROUTE,,,,,T1_REVERSE_TO_FORWARD
332.9957,-25.7438,-33.6505,0.000,NORMAL,1,ROUTE,,,,,T1_REVERSE_TO_FORWARD
333.0958,-25.6457,-33.6308,0.000,NORMAL,1,ROUTE,,,,,T1_REVERSE_TO_FORWARD
333.1957,-25.5474,-33.6128,0.000,NORMAL,1,ROUTE,,,,,T1_REVERSE_TO_FORWARD
333.2957,-25.4488,-33.5965,0.000,NORMAL,1,ROUTE,,,,,T1_REVERSE_TO_FORWARD
333.3956,-25.3499,-33.5818,0.000,NORMAL,1,ROUTE,,,,,T1_REVERSE_TO_FORWARD
333.4956,-25.2508,-33.5688,0.000,NORMAL,1,ROUTE,,,,,T1_REVERSE_TO_FORWARD
333.5956,-25.1514,-33.5575,0.000,NORMAL,1,ROUTE,,,,,T1_REVERSE_TO_FORWARD
333.6956,-25.0519,-33.5477,0.000,NORMAL,1,ROUTE,,,,,T1_REVERSE_TO_FORWARD
333.7955,-24.9523,-33.5396,0.000,NORMAL,1,ROUTE,,,,,T1_REVERSE_TO_FORWARD
333.8955,-24.8525,-33.5331,0.000,NORMAL,1,ROUTE,,,,,T1_REVERSE_TO_FORWARD
333.9955,-24.7527,-33.5282,0.000,NORMAL,1,ROUTE,,,,,T1_REVERSE_TO_FORWARD
334.0954,-24.6528,-33.5248,0.000,NORMAL,1,ROUTE,,,,,T1_REVERSE_TO_FORWARD
334.1954,-24.5528,-33.5230,0.000,NORMAL,1,ROUTE,,,,,T1_REVERSE_TO_FORWARD
334.2954,-24.4528,-33.5228,0.000,NORMAL,1,ROUTE,,,,,T1_REVERSE_TO_FORWARD
334.3954,-24.3529,-33.5240,0.000,NORMAL,1,ROUTE,,,,,T1_REVERSE_TO_FORWARD
334.4954,-24.2529,-33.5268,0.000,NORMAL,1,ROUTE,,,,,T1_REVERSE_TO_FORWARD
334.5953,-24.1531,-33.5311,0.000,NORMAL,1,ROUTE,,,,,T1_REVERSE_TO_FORWARD
334.6954,-24.0532,-33.5369,0.000,NORMAL,1,ROUTE,,,,,T1_REVERSE_TO_FORWARD
334.7953,-23.9535,-33.5441,0.000,NORMAL,1,ROUTE,,,,,T1_REVERSE_TO_FORWARD
334.8953,-23.8539,-33.5528,0.000,NORMAL,1,ROUTE,,,,,T1_REVERSE_TO_FORWARD
334.9952,-23.7545,-33.5629,0.000,NORMAL,1,ROUTE,,,,,T1_REVERSE_TO_FORWARD
335.0952,-23.6552,-33.5745,0.000,NORMAL,1,ROUTE,,,,,T1_REVERSE_TO_FORWARD
335.1951,-23.5561,-33.5875,0.000,NORMAL,1,ROUTE,,,,,T1_REVERSE_TO_FORWARD
335.2952,-23.4571,-33.6019,0.000,NORMAL,1,ROUTE,,,,,T1_REVERSE_TO_FORWARD
335.3951,-23.3584,-33.6176,0.000,NORMAL,1,ROUTE,,,,,T1_REVERSE_TO_FORWARD
335.4951,-23.2599,-33.6348,0.000,NORMAL,1,ROUTE,,,,,T1_REVERSE_TO_FORWARD
335.5950,-23.1617,-33.6533,0.000,NORMAL,1,ROUTE,,,,,T1_REVERSE_TO_FORWARD
335.6950,-23.0637,-33.6731,0.000,NORMAL,1,ROUTE,,,,,T1_REVERSE_TO_FORWARD
335.7950,-22.9660,-33.6943,0.000,NORMAL,1,ROUTE,,,,,T1_REVERSE_TO_FORWARD
335.8950,-22.8686,-33.7169,0.000,NORMAL,1,ROUTE,,,,,T1_REVERSE_TO_FORWARD
335.9949,-22.7715,-33.7407,0.000,NORMAL,1,ROUTE,,,,,T1_REVERSE_TO_FORWARD
336.0950,-22.6747,-33.7659,0.000,NORMAL,1,ROUTE,,,,,T1_REVERSE_TO_FORWARD
336.1949,-22.5783,-33.7923,0.000,NORMAL,1,ROUTE,,,,,T1_REVERSE_TO_FORWARD
336.2949,-22.4823,-33.8201,0.000,NORMAL,1,ROUTE,,,,,T1_REVERSE_TO_FORWARD
336.3949,-22.3866,-33.8491,0.000,NORMAL,1,ROUTE,,,,,T1_REVERSE_TO_FORWARD
336.4948,-22.2914,-33.8794,0.000,NORMAL,1,ROUTE,,,,,T1_REVERSE_TO_FORWARD
336.5948,-22.1965,-33.9110,0.000,NORMAL,1,ROUTE,,,,,T1_REVERSE_TO_FORWARD
336.6948,-22.1021,-33.9439,0.000,NORMAL,1,ROUTE,,,,,T1_REVERSE_TO_FORWARD
336.7948,-22.0081,-33.9780,0.000,NORMAL,1,ROUTE,,,,,T1_REVERSE_TO_FORWARD
336.8947,-21.9146,-34.0134,0.000,NORMAL,1,ROUTE,,,,,T1_REVERSE_TO_FORWARD
336.9947,-21.8216,-34.0501,0.000,NORMAL,1,ROUTE,,,,,T1_REVERSE_TO_FORWARD
337.0947,-21.7291,-34.0880,0.000,NORMAL,1,ROUTE,,,,,T1_REVERSE_TO_FORWARD
337.1947,-21.6371,-34.1272,0.000,NORMAL,1,ROUTE,,,,,T1_REVERSE_TO_FORWARD
337.2946,-21.5457,-34.1676,0.000,NORMAL,1,ROUTE,,,,,T1_REVERSE_TO_FORWARD
337.3946,-21.4548,-34.2093,0.000,NORMAL,1,ROUTE,,,,,T1_REVERSE_TO_FORWARD
337.4945,-21.3646,-34.2522,0.000,NORMAL,1,ROUTE,,,,,T1_REVERSE_TO_FORWARD
337.5945,-21.2749,-34.2964,0.000,NORMAL,1,ROUTE,,,,,T1_REVERSE_TO_FORWARD
337.6944,-21.1858,-34.3417,0.000,NORMAL,1,ROUTE,,,,,T1_REVERSE_TO_FORWARD
337.7944,-21.0974,-34.3884,0.000,NORMAL,1,ROUTE,,,,,T1_REVERSE_TO_FORWARD
337.8944,-21.0096,-34.4362,0.000,NORMAL,1,ROUTE,,,,,T1_REVERSE_TO_FORWARD
337.9944,-20.9224,-34.4852,0.000,NORMAL,1,ROUTE,,,,,T1_REVERSE_TO_FORWARD
338.0944,-20.8359,-34.5354,0.000,NORMAL,1,ROUTE,,,,,T1_REVERSE_TO_FORWARD
338.1943,-20.7501,-34.5866,0.000,NORMAL,1,ROUTE,,,,,T1_REVERSE_TO_FORWARD
338.2943,-20.6650,-34.6390,0.000,NORMAL,1,ROUTE,,,,,T1_REVERSE_TO_FORWARD
338.3942,-20.5805,-34.6924,0.000,NORMAL,1,ROUTE,,,,,T1_REVERSE_TO_FORWARD
338.4942,-20.4966,-34.7468,0.000,NORMAL,1,ROUTE,,,,,T1_REVERSE_TO_FORWARD
338.5942,-20.4133,-34.8021,0.000,NORMAL,1,ROUTE,,,,,T1_REVERSE_TO_FORWARD
338.6942,-20.3305,-34.8582,0.000,NORMAL,1,ROUTE,,,,,T1_REVERSE_TO_FORWARD
338.7942,-20.2483,-34.9150,0.000,NORMAL,1,ROUTE,,,,,T1_REVERSE_TO_FORWARD
338.8942,-20.1665,-34.9726,0.000,NORMAL,1,ROUTE,,,,,T1_REVERSE_TO_FORWARD
338.9941,-20.0852,-35.0307,0.000,NORMAL,1,ROUTE,,,,,T1_REVERSE_TO_FORWARD
339.0941,-20.0041,-35.0892,0.000,NORMAL,1,ROUTE,,,,,T1_REVERSE_TO_FORWARD
339.1941,-19.9234,-35.1482,0.000,NORMAL,1,ROUTE,,,,,T1_REVERSE_TO_FORWARD
339.2940,-19.8429,-35.2074,0.000,NORMAL,1,ROUTE,,,,,T1_REVERSE_TO_FORWARD
339.3940,-19.7625,-35.2669,0.000,NORMAL,1,ROUTE,,,,,T1_REVERSE_TO_FORWARD
339.4940,-19.6824,-35.3267,0.000,NORMAL,1,ROUTE,,,,,T1_REVERSE_TO_FORWARD
339.5940,-19.6024,-35.3867,0.000,NORMAL,1,ROUTE,,,,,T1_REVERSE_TO_FORWARD
339.6939,-19.5227,-35.4470,0.000,NORMAL,1,ROUTE,,,,,T1_REVERSE_TO_FORWARD
339.7939,-19.4432,-35.5076,0.000,NORMAL,1,ROUTE,,,,,T1_REVERSE_TO_FORWARD
339.8939,-19.3640,-35.5686,0.000,NORMAL,1,ROUTE,,,,,T1_REVERSE_TO_FORWARD
339.9938,-19.2853,-35.6302,0.000,NORMAL,1,ROUTE,,,,,T1_REVERSE_TO_FORWARD
340.0939,-19.2071,-35.6926,0.000,NORMAL,1,ROUTE,,,,,T1_REVERSE_TO_FORWARD
340.1938,-19.1297,-35.7558,0.000,NORMAL,1,ROUTE,,,,,T1_REVERSE_TO_FORWARD
340.2937,-19.0531,-35.8200,0.000,NORMAL,1,ROUTE,,,,,T1_REVERSE_TO_FORWARD
340.3937,-18.9775,-35.8854,0.000,NORMAL,1,ROUTE,,,,,T1_REVERSE_TO_FORWARD
340.4937,-18.9030,-35.9521,0.000,NORMAL,1,ROUTE,,,,,T1_REVERSE_TO_FORWARD
340.5937,-18.8297,-36.0201,0.000,NORMAL,1,ROUTE,,,,,T1_REVERSE_TO_FORWARD
340.6937,-18.7576,-36.0894,0.000,NORMAL,1,ROUTE,,,,,T1_REVERSE_TO_FORWARD
340.7937,-18.6867,-36.1599,0.000,NORMAL,1,ROUTE,,,,,T1_REVERSE_TO_FORWARD
340.8937,-18.6170,-36.2316,0.000,NORMAL,1,ROUTE,,,,,T1_REVERSE_TO_FORWARD
340.9935,-18.5485,-36.3043,0.000,NORMAL,1,ROUTE,,,,,T1_REVERSE_TO_FORWARD
341.0936,-18.4811,-36.3782,0.000,NORMAL,1,ROUTE,,,,,T1_REVERSE_TO_FORWARD
341.1935,-18.4147,-36.4529,0.000,NORMAL,1,ROUTE,,,,,T1_REVERSE_TO_FORWARD
341.2935,-18.3494,-36.5286,0.000,NORMAL,1,ROUTE,,,,,T1_REVERSE_TO_FORWARD
341.3935,-18.2850,-36.6051,0.000,NORMAL,1,ROUTE,,,,,T1_REVERSE_TO_FORWARD
341.4934,-18.2216,-36.6824,0.000,NORMAL,1,ROUTE,,,,,T1_REVERSE_TO_FORWARD
341.5934,-18.1592,-36.7605,0.000,NORMAL,1,ROUTE,,,,,T1_REVERSE_TO_FORWARD
341.6934,-18.0977,-36.8393,0.000,NORMAL,1,ROUTE,,,,,T1_REVERSE_TO_FORWARD
341.7933,-18.0371,-36.9188,0.000,NORMAL,1,ROUTE,,,,,T1_REVERSE_TO_FORWARD
341.8933,-17.9775,-36.9991,0.000,NORMAL,1,ROUTE,,,,,T1_REVERSE_TO_FORWARD
341.9933,-17.9190,-37.0802,0.000,NORMAL,1,ROUTE,,,,,T1_REVERSE_TO_FORWARD
342.0933,-17.8616,-37.1620,0.000,NORMAL,1,ROUTE,,,,,T1_REVERSE_TO_FORWARD
342.1932,-17.8053,-37.2446,0.000,NORMAL,1,ROUTE,,,,,T1_REVERSE_TO_FORWARD
342.2932,-17.7503,-37.3281,0.000,NORMAL,1,ROUTE,,,,,T1_REVERSE_TO_FORWARD
342.3932,-17.6965,-37.4124,0.000,NORMAL,1,ROUTE,,,,,T1_REVERSE_TO_FORWARD
342.4932,-17.6441,-37.4975,0.000,NORMAL,1,ROUTE,,,,,T1_REVERSE_TO_FORWARD
342.5931,-17.5930,-37.5834,0.000,NORMAL,1,ROUTE,,,,,T1_REVERSE_TO_FORWARD
342.6932,-17.5434,-37.6703,0.000,NORMAL,1,ROUTE,,,,,T1_REVERSE_TO_FORWARD
342.7931,-17.4954,-37.7579,0.000,NORMAL,1,ROUTE,,,,,T1_REVERSE_TO_FORWARD
342.8930,-17.4491,-37.8465,0.000,NORMAL,1,ROUTE,,,,,T1_REVERSE_TO_FORWARD
342.9930,-17.4045,-37.9360,0.000,NORMAL,1,ROUTE,,,,,T1_REVERSE_TO_FORWARD
343.0929,-17.3617,-38.0263,0.000,NORMAL,1,ROUTE,,,,,T1_REVERSE_TO_FORWARD
343.1929,-17.3207,-38.1175,0.000,NORMAL,1,ROUTE,,,,,T1_REVERSE_TO_FORWARD
343.2929,-17.2816,-38.2095,0.000,NORMAL,1,ROUTE,,,,,T1_REVERSE_TO_FORWARD
343.3930,-17.2442,-38.3023,0.000,NORMAL,1,ROUTE,,,,,T1_REVERSE_TO_FORWARD
343.4929,-17.2085,-38.3956,0.000,NORMAL,1,ROUTE,,,,,T1_REVERSE_TO_FORWARD
343.5928,-17.1742,-38.4895,0.000,NORMAL,1,ROUTE,,,,,T1_REVERSE_TO_FORWARD
343.6929,-17.1414,-38.5840,0.000,NORMAL,1,ROUTE,,,,,T1_REVERSE_TO_FORWARD
343.7928,-17.1099,-38.6789,0.000,NORMAL,1,ROUTE,,,,,T1_REVERSE_TO_FORWARD
343.8928,-17.0796,-38.7741,0.000,NORMAL,1,ROUTE,,,,,T1_REVERSE_TO_FORWARD
343.9928,-17.0505,-38.8698,0.000,NORMAL,1,ROUTE,,,,,T1_REVERSE_TO_FORWARD
344.0927,-17.0225,-38.9657,0.000,NORMAL,1,ROUTE,,,,,T1_REVERSE_TO_FORWARD
344.1927,-16.9955,-39.0620,0.000,NORMAL,1,ROUTE,,,,,T1_REVERSE_TO_FORWARD
344.2927,-16.9697,-39.1586,0.000,NORMAL,1,ROUTE,,,,,T1_REVERSE_TO_FORWARD
344.3926,-16.9449,-39.2554,0.000,NORMAL,1,ROUTE,,,,,T1_REVERSE_TO_FORWARD
344.4926,-16.9213,-39.3526,0.000,NORMAL,1,ROUTE,,,,,T1_REVERSE_TO_FORWARD
344.5926,-16.8990,-39.4500,0.000,NORMAL,1,ROUTE,,,,,T1_REVERSE_TO_FORWARD
344.6925,-16.8779,-39.5477,0.000,NORMAL,1,ROUTE,,,,,T1_REVERSE_TO_FORWARD
344.7925,-16.8581,-39.6457,0.000,NORMAL,1,ROUTE,,,,,T1_REVERSE_TO_FORWARD
344.8925,-16.8397,-39.7440,0.000,NORMAL,1,ROUTE,,,,,T1_REVERSE_TO_FORWARD
344.9924,-16.8228,-39.8425,0.000,NORMAL,1,ROUTE,,,,,T1_REVERSE_TO_FORWARD
345.0924,-16.8073,-39.9413,0.000,NORMAL,1,ROUTE,,,,,T1_REVERSE_TO_FORWARD
345.1924,-16.7933,-40.0403,0.000,NORMAL,1,ROUTE,,,,,T1_REVERSE_TO_FORWARD
345.2924,-16.7809,-40.1395,0.000,NORMAL,1,ROUTE,,,,,T1_REVERSE_TO_FORWARD
345.3924,-16.7701,-40.2389,0.000,NORMAL,1,ROUTE,,,,,T1_REVERSE_TO_FORWARD
345.4923,-16.7611,-40.3384,0.000,NORMAL,1,ROUTE,,,,,T1_REVERSE_TO_FORWARD
345.5923,-16.7539,-40.4382,0.000,NORMAL,1,ROUTE,,,,,T1_REVERSE_TO_FORWARD
345.6923,-16.7487,-40.5380,0.000,NORMAL,1,ROUTE,,,,,T1_REVERSE_TO_FORWARD
345.7922,-16.7456,-40.6379,0.000,NORMAL,1,ROUTE,,,,,T1_REVERSE_TO_FORWARD
345.8922,-16.7446,-40.7379,0.000,NORMAL,1,ROUTE,,,,,T1_REVERSE_TO_FORWARD
345.9922,-16.7457,-40.8379,0.000,NORMAL,1,ROUTE,,,,,T1_REVERSE_TO_FORWARD
346.0922,-16.7488,-40.9378,0.000,NORMAL,1,ROUTE,,,,,T1_REVERSE_TO_FORWARD
346.1921,-16.7538,-41.0376,0.000,NORMAL,1,ROUTE,,,,,T1_REVERSE_TO_FORWARD
346.2922,-16.7607,-41.1374,0.000,NORMAL,1,ROUTE,,,,,T1_REVERSE_TO_FORWARD
346.3921,-16.7693,-41.2370,0.000,NORMAL,1,ROUTE,,,,,T1_REVERSE_TO_FORWARD
346.4921,-16.7796,-41.3364,0.000,NORMAL,1,ROUTE,,,,,T1_REVERSE_TO_FORWARD
346.5921,-16.7915,-41.4357,0.000,NORMAL,1,ROUTE,,,,,T1_REVERSE_TO_FORWARD
346.6920,-16.8049,-41.5347,0.000,NORMAL,1,ROUTE,,,,,T1_REVERSE_TO_FORWARD
346.7920,-16.8197,-41.6336,0.000,NORMAL,1,ROUTE,,,,,T1_REVERSE_TO_FORWARD
346.8920,-16.8359,-41.7323,0.000,NORMAL,1,ROUTE,,,,,T1_REVERSE_TO_FORWARD
346.9919,-16.8533,-41.8307,0.000,NORMAL,1,ROUTE,,,,,T1_REVERSE_TO_FORWARD
347.0919,-16.8718,-41.9290,0.000,NORMAL,1,ROUTE,,,,,T1_REVERSE_TO_FORWARD
347.1919,-16.8914,-42.0270,0.000,NORMAL,1,ROUTE,,,,,T1_REVERSE_TO_FORWARD
347.2918,-16.9120,-42.1248,0.000,NORMAL,1,ROUTE,,,,,T1_REVERSE_TO_FORWARD
347.3918,-16.9336,-42.2224,0.000,NORMAL,1,ROUTE,,,,,T1_REVERSE_TO_FORWARD
347.4918,-16.9562,-42.3198,0.000,NORMAL,1,ROUTE,,,,,T1_REVERSE_TO_FORWARD
347.5918,-16.9797,-42.4170,0.000,NORMAL,1,ROUTE,,,,,T1_REVERSE_TO_FORWARD
347.6917,-17.0042,-42.5139,0.000,NORMAL,1,ROUTE,,,,,T1_REVERSE_TO_FORWARD
347.7917,-17.0296,-42.6106,0.000,NORMAL,1,ROUTE,,,,,T1_REVERSE_TO_FORWARD
347.8917,-17.0558,-42.7071,0.000,NORMAL,1,ROUTE,,,,,T1_REVERSE_TO_FORWARD
347.9917,-17.0830,-42.8033,0.000,NORMAL,1,ROUTE,,,,,T1_REVERSE_TO_FORWARD
348.0916,-17.1109,-42.8993,0.000,NORMAL,1,ROUTE,,,,,T1_REVERSE_TO_FORWARD
348.1916,-17.1397,-42.9950,0.000,NORMAL,1,ROUTE,,,,,T1_REVERSE_TO_FORWARD
348.2915,-17.1692,-43.0905,0.000,NORMAL,1,ROUTE,,,,,T1_REVERSE_TO_FORWARD
348.3916,-17.1996,-43.1858,0.000,NORMAL,1,ROUTE,,,,,T1_REVERSE_TO_FORWARD
348.4915,-17.2306,-43.2808,0.000,NORMAL,1,ROUTE,,,,,T1_REVERSE_TO_FORWARD
348.5915,-17.2624,-43.3756,0.000,NORMAL,1,ROUTE,,,,,T1_REVERSE_TO_FORWARD
348.6915,-17.2947,-43.4702,0.000,NORMAL,1,ROUTE,,,,,T1_REVERSE_TO_FORWARD
348.7914,-17.3276,-43.5646,0.000,NORMAL,1,ROUTE,,,,,T1_REVERSE_TO_FORWARD
348.8914,-17.3610,-43.6588,0.000,NORMAL,1,ROUTE,,,,,T1_REVERSE_TO_FORWARD
348.9914,-17.3949,-43.7529,0.000,NORMAL,1,ROUTE,,,,,T1_REVERSE_TO_FORWARD
349.0913,-17.4291,-43.8468,0.000,NORMAL,1,ROUTE,,,,,T1_REVERSE_TO_FORWARD
349.1913,-17.4635,-43.9407,0.000,NORMAL,1,ROUTE,,,,,T1_REVERSE_TO_FORWARD
349.2913,-17.4980,-44.0345,0.000,NORMAL,1,ROUTE,,,,,T1_REVERSE_TO_FORWARD
349.3912,-17.5326,-44.1283,0.000,NORMAL,1,ROUTE,,,,,T1_REVERSE_TO_FORWARD
349.4912,-17.5670,-44.2222,0.000,NORMAL,1,ROUTE,,,,,T1_REVERSE_TO_FORWARD
349.5912,-17.6012,-44.3161,0.000,NORMAL,1,ROUTE,,,,,T1_REVERSE_TO_FORWARD
349.6912,-17.6350,-44.4102,0.000,NORMAL,1,ROUTE,,,,,T1_REVERSE_TO_FORWARD
349.7912,-17.6684,-44.5045,0.000,NORMAL,1,ROUTE,,,,,T1_REVERSE_TO_FORWARD
349.8912,-17.7013,-44.5989,0.000,NORMAL,1,ROUTE,,,,,T1_REVERSE_TO_FORWARD
349.9911,-17.7338,-44.6934,0.000,NORMAL,1,ROUTE,,,,,T1_REVERSE_TO_FORWARD
350.0911,-17.7659,-44.7881,0.000,NORMAL,1,ROUTE,,,,,T1_REVERSE_TO_FORWARD
350.1910,-17.7978,-44.8828,0.000,NORMAL,1,ROUTE,,,,,T1_REVERSE_TO_FORWARD
350.2911,-17.8294,-44.9777,0.000,NORMAL,1,ROUTE,,,,,T1_REVERSE_TO_FORWARD
350.3910,-17.8609,-45.0725,0.000,NORMAL,1,ROUTE,,,,,T1_REVERSE_TO_FORWARD
350.4910,-17.8925,-45.1674,0.000,NORMAL,1,ROUTE,,,,,T1_REVERSE_TO_FORWARD
350.5910,-17.9243,-45.2622,0.000,NORMAL,1,ROUTE,,,,,T1_REVERSE_TO_FORWARD
350.6909,-17.9563,-45.3569,0.000,NORMAL,1,ROUTE,,,,,T1_REVERSE_TO_FORWARD
350.7909,-17.9888,-45.4514,0.000,NORMAL,1,ROUTE,,,,,T1_REVERSE_TO_FORWARD
350.8909,-18.0219,-45.5458,0.000,NORMAL,1,ROUTE,,,,,T1_REVERSE_TO_FORWARD
350.9908,-18.0556,-45.6399,0.000,NORMAL,1,ROUTE,,,,,T1_REVERSE_TO_FORWARD
351.0908,-18.0900,-45.7337,0.000,NORMAL,1,ROUTE,,,,,T1_REVERSE_TO_FORWARD
351.1908,-18.1253,-45.8273,0.000,NORMAL,1,ROUTE,,,,,T1_REVERSE_TO_FORWARD
351.2908,-18.1615,-45.9205,0.000,NORMAL,1,ROUTE,,,,,T1_REVERSE_TO_FORWARD
351.3907,-18.1986,-46.0133,0.000,NORMAL,1,ROUTE,,,,,T1_REVERSE_TO_FORWARD
351.4907,-18.2367,-46.1057,0.000,NORMAL,1,ROUTE,,,,,T1_REVERSE_TO_FORWARD
351.5907,-18.2758,-46.1978,0.000,NORMAL,1,ROUTE,,,,,T1_REVERSE_TO_FORWARD
351.6906,-18.3157,-46.2894,0.000,NORMAL,1,ROUTE,,,,,T1_REVERSE_TO_FORWARD
351.7906,-18.3563,-46.3808,0.000,NORMAL,1,ROUTE,,,,,T1_REVERSE_TO_FORWARD
351.8906,-18.3974,-46.4719,0.000,NORMAL,1,ROUTE,,,,,T1_REVERSE_TO_FORWARD
351.9906,-18.4389,-46.5629,0.000,NORMAL,1,ROUTE,,,,,T1_REVERSE_TO_FORWARD
352.0906,-18.4805,-46.6538,0.000,NORMAL,1,ROUTE,,,,,T1_REVERSE_TO_FORWARD
352.1905,-18.5220,-46.7447,0.000,NORMAL,1,ROUTE,,,,,T1_REVERSE_TO_FORWARD
352.2905,-18.5634,-46.8357,0.000,NORMAL,1,ROUTE,,,,,T1_REVERSE_TO_FORWARD
352.3904,-18.6043,-46.9269,0.000,NORMAL,1,ROUTE,,,,,T1_REVERSE_TO_FORWARD
352.4905,-18.6448,-47.0184,0.000,NORMAL,1,ROUTE,,,,,T1_REVERSE_TO_FORWARD
352.5904,-18.6847,-47.1100,0.000,NORMAL,1,ROUTE,,,,,T1_REVERSE_TO_FORWARD
352.6904,-18.7241,-47.2019,0.000,NORMAL,1,ROUTE,,,,,T1_REVERSE_TO_FORWARD
352.7903,-18.7629,-47.2940,0.000,NORMAL,1,ROUTE,,,,,T1_REVERSE_TO_FORWARD
352.8903,-18.8012,-47.3864,0.000,NORMAL,1,ROUTE,,,,,T1_REVERSE_TO_FORWARD
352.9903,-18.8390,-47.4789,0.000,NORMAL,1,ROUTE,,,,,T1_REVERSE_TO_FORWARD
353.0903,-18.8764,-47.5717,0.000,NORMAL,1,ROUTE,,,,,T1_REVERSE_TO_FORWARD
353.1903,-18.9135,-47.6645,0.000,NORMAL,1,ROUTE,,,,,T1_REVERSE_TO_FORWARD
353.2902,-18.9503,-47.7574,0.000,NORMAL,1,ROUTE,,,,,T1_REVERSE_TO_FORWARD
353.3902,-18.9870,-47.8504,0.000,NORMAL,1,ROUTE,,,,,T1_REVERSE_TO_FORWARD
353.4902,-19.0236,-47.9435,0.000,NORMAL,1,ROUTE,,,,,T1_REVERSE_TO_FORWARD
353.5902,-19.0603,-48.0365,0.000,NORMAL,1,ROUTE,,,,,T1_REVERSE_TO_FORWARD
353.6901,-19.0971,-48.1294,0.000,NORMAL,1,ROUTE,,,,,T1_REVERSE_TO_FORWARD
353.7901,-19.1342,-48.2223,0.000,NORMAL,1,ROUTE,,,,,T1_REVERSE_TO_FORWARD
353.8901,-19.1715,-48.3150,0.000,NORMAL,1,ROUTE,,,,,T1_REVERSE_TO_FORWARD
353.9900,-19.2093,-48.4075,0.000,NORMAL,1,ROUTE,,,,,T1_REVERSE_TO_FORWARD
354.0900,-19.2475,-48.4999,0.000,NORMAL,1,ROUTE,,,,,T1_REVERSE_TO_FORWARD
354.1899,-19.2861,-48.5921,0.000,NORMAL,1,ROUTE,,,,,T1_REVERSE_TO_FORWARD
354.2900,-19.3252,-48.6842,0.000,NORMAL,1,ROUTE,,,,,T1_REVERSE_TO_FORWARD
354.3899,-19.3647,-48.7760,0.000,NORMAL,1,ROUTE,,,,,T1_REVERSE_TO_FORWARD
354.4899,-19.4045,-48.8677,0.000,NORMAL,1,ROUTE,,,,,T1_REVERSE_TO_FORWARD
354.5899,-19.4447,-48.9593,0.000,NORMAL,1,ROUTE,,,,,T1_REVERSE_TO_FORWARD
354.6899,-19.4852,-49.0507,0.000,NORMAL,1,ROUTE,,,,,T1_REVERSE_TO_FORWARD
354.7899,-19.5259,-49.1420,0.000,NORMAL,1,ROUTE,,,,,T1_REVERSE_TO_FORWARD
354.8898,-19.5667,-49.2332,0.000,NORMAL,1,ROUTE,,,,,T1_REVERSE_TO_FORWARD
354.9898,-19.6077,-49.3244,0.000,NORMAL,1,ROUTE,,,,,T1_REVERSE_TO_FORWARD
355.0897,-19.6487,-49.4156,0.000,NORMAL,1,ROUTE,,,,,T1_REVERSE_TO_FORWARD
355.1897,-19.6896,-49.5068,0.000,NORMAL,1,ROUTE,,,,,T1_REVERSE_TO_FORWARD
355.2897,-19.7303,-49.5981,0.000,NORMAL,1,ROUTE,,,,,T1_REVERSE_TO_FORWARD
355.3897,-19.7709,-49.6895,0.000,NORMAL,1,ROUTE,,,,,T1_REVERSE_TO_FORWARD
355.4897,-19.8112,-49.7810,0.000,NORMAL,1,ROUTE,,,,,T1_REVERSE_TO_FORWARD
355.5896,-19.8512,-49.8726,0.000,NORMAL,1,ROUTE,,,,,T1_REVERSE_TO_FORWARD
355.6896,-19.8908,-49.9644,0.000,NORMAL,1,ROUTE,,,,,T1_REVERSE_TO_FORWARD
355.7895,-19.9301,-50.0563,0.000,NORMAL,1,ROUTE,,,,,T1_REVERSE_TO_FORWARD
355.8895,-19.9689,-50.1484,0.000,NORMAL,1,ROUTE,,,,,T1_REVERSE_TO_FORWARD
355.9895,-20.0074,-50.2407,0.000,NORMAL,1,ROUTE,,,,,T1_REVERSE_TO_FORWARD
356.0895,-20.0454,-50.3332,0.000,NORMAL,1,ROUTE,,,,,T1_REVERSE_TO_FORWARD
356.1894,-20.0830,-50.4258,0.000,NORMAL,1,ROUTE,,,,,T1_REVERSE_TO_FORWARD
356.2894,-20.1202,-50.5186,0.000,NORMAL,1,ROUTE,,,,,T1_REVERSE_TO_FORWARD
356.3894,-20.1570,-50.6116,0.000,NORMAL,1,ROUTE,,,,,T1_REVERSE_TO_FORWARD
356.4894,-20.1935,-50.7047,0.000,NORMAL,1,ROUTE,,,,,T1_REVERSE_TO_FORWARD
356.5894,-20.2296,-50.7979,0.000,NORMAL,1,ROUTE,,,,,T1_REVERSE_TO_FORWARD
356.6893,-20.2654,-50.8912,0.000,NORMAL,1,ROUTE,,,,,T1_REVERSE_TO_FORWARD
356.7893,-20.3011,-50.9846,0.000,NORMAL,1,ROUTE,,,,,T1_REVERSE_TO_FORWARD
356.8893,-20.3366,-51.0781,0.000,NORMAL,1,ROUTE,,,,,T1_REVERSE_TO_FORWARD
356.9892,-20.3720,-51.1715,0.000,NORMAL,1,ROUTE,,,,,T1_REVERSE_TO_FORWARD
357.0892,-20.4074,-51.2650,0.000,NORMAL,1,ROUTE,,,,,T1_REVERSE_TO_FORWARD
357.1892,-20.4429,-51.3585,0.000,NORMAL,1,ROUTE,,,,,T1_REVERSE_TO_FORWARD
357.2891,-20.4784,-51.4519,0.000,NORMAL,1,ROUTE,,,,,T1_REVERSE_TO_FORWARD
357.3891,-20.5141,-51.5453,0.000,NORMAL,1,ROUTE,,,,,T1_REVERSE_TO_FORWARD
357.4891,-20.5500,-51.6386,0.000,NORMAL,1,ROUTE,,,,,T1_REVERSE_TO_FORWARD
357.5891,-20.5862,-51.7319,0.000,NORMAL,1,ROUTE,,,,,T1_REVERSE_TO_FORWARD
357.6891,-20.6226,-51.8250,0.000,NORMAL,1,ROUTE,,,,,T1_REVERSE_TO_FORWARD
357.7890,-20.6592,-51.9180,0.000,NORMAL,1,ROUTE,,,,,T1_REVERSE_TO_FORWARD
357.8890,-20.6961,-52.0109,0.000,NORMAL,1,ROUTE,,,,,T1_REVERSE_TO_FORWARD
357.9890,-20.7333,-52.1037,0.000,NORMAL,1,ROUTE,,,,,T1_REVERSE_TO_FORWARD
358.0890,-20.7708,-52.1964,0.000,NORMAL,1,ROUTE,,,,,T1_REVERSE_TO_FORWARD
358.1889,-20.8084,-52.2890,0.000,NORMAL,1,ROUTE,,,,,T1_REVERSE_TO_FORWARD
358.2889,-20.8463,-52.3815,0.000,NORMAL,1,ROUTE,,,,,T1_REVERSE_TO_FORWARD
358.3889,-20.8844,-52.4740,0.000,NORMAL,1,ROUTE,,,,,T1_REVERSE_TO_FORWARD
358.4888,-20.9226,-52.5663,0.000,NORMAL,1,ROUTE,,,,,T1_REVERSE_TO_FORWARD
358.5888,-20.9611,-52.6586,0.000,NORMAL,1,ROUTE,,,,,T1_REVERSE_TO_FORWARD
358.6888,-20.9997,-52.7508,0.000,NORMAL,1,ROUTE,,,,,T1_REVERSE_TO_FORWARD
358.7887,-21.0385,-52.8429,0.000,NORMAL,1,ROUTE,,,,,T1_REVERSE_TO_FORWARD
358.8888,-21.0776,-52.9350,0.000,NORMAL,1,ROUTE,,,,,T1_REVERSE_TO_FORWARD
358.9887,-21.1169,-53.0269,0.000,NORMAL,1,ROUTE,,,,,T1_REVERSE_TO_FORWARD
359.0887,-21.1566,-53.1187,0.000,NORMAL,1,ROUTE,,,,,T1_REVERSE_TO_FORWARD
359.1886,-21.1965,-53.2103,0.000,NORMAL,1,ROUTE,,,,,T1_REVERSE_TO_FORWARD
359.2886,-21.2368,-53.3018,0.000,NORMAL,1,ROUTE,,,,,T1_REVERSE_TO_FORWARD
359.3886,-21.2773,-53.3932,0.000,NORMAL,1,ROUTE,,,,,T1_REVERSE_TO_FORWARD
359.4886,-21.3183,-53.4844,0.000,NORMAL,1,ROUTE,,,,,T1_REVERSE_TO_FORWARD
359.5886,-21.3595,-53.5755,0.000,NORMAL,1,ROUTE,,,,,T1_REVERSE_TO_FORWARD
359.6885,-21.4010,-53.6664,0.000,NORMAL,1,ROUTE,,,,,T1_REVERSE_TO_FORWARD
359.7885,-21.4427,-53.7573,0.000,NORMAL,1,ROUTE,,,,,T1_REVERSE_TO_FORWARD
359.8885,-21.4847,-53.8480,0.000,NORMAL,1,ROUTE,,,,,T1_REVERSE_TO_FORWARD
359.9884,-21.5270,-53.9386,0.000,NORMAL,1,ROUTE,,,,,T1_REVERSE_TO_FORWARD
360.0884,-21.5694,-54.0291,0.000,NORMAL,1,ROUTE,,,,,T1_REVERSE_TO_FORWARD
360.1883,-21.6120,-54.1195,0.000,NORMAL,1,ROUTE,,,,,T1_REVERSE_TO_FORWARD
360.2884,-21.6549,-54.2099,0.000,NORMAL,1,ROUTE,,,,,T1_REVERSE_TO_FORWARD
360.3883,-21.6979,-54.3001,0.000,NORMAL,1,ROUTE,,,,,T1_REVERSE_TO_FORWARD
360.4883,-21.7411,-54.3903,0.000,NORMAL,1,ROUTE,,,,,T1_REVERSE_TO_FORWARD
360.5883,-21.7846,-54.4803,0.000,NORMAL,1,ROUTE,,,,,T1_REVERSE_TO_FORWARD
360.6882,-21.8282,-54.5702,0.000,NORMAL,1,ROUTE,,,,,T1_REVERSE_TO_FORWARD
360.7882,-21.8720,-54.6601,0.000,NORMAL,1,ROUTE,,,,,T1_REVERSE_TO_FORWARD
360.8882,-21.9159,-54.7499,0.000,NORMAL,1,ROUTE,,,,,T1_REVERSE_TO_FORWARD
360.9882,-21.9599,-54.8397,0.000,NORMAL,1,ROUTE,,,,,T1_REVERSE_TO_FORWARD
361.0882,-22.0039,-54.9295,0.000,NORMAL,1,ROUTE,,,,,T1_REVERSE_TO_FORWARD
361.1881,-22.0477,-55.0193,0.000,NORMAL,1,ROUTE,,,,,T1_REVERSE_TO_FORWARD
361.2881,-22.0914,-55.1093,0.000,NORMAL,1,ROUTE,,,,,T1_REVERSE_TO_FORWARD
361.3881,-22.1347,-55.1994,0.000,NORMAL,1,ROUTE,,,,,T1_REVERSE_TO_FORWARD
361.4880,-22.1777,-55.2896,0.000,NORMAL,1,ROUTE,,,,,T1_REVERSE_TO_FORWARD
361.5880,-22.2202,-55.3801,0.000,NORMAL,1,ROUTE,,,,,T1_REVERSE_TO_FORWARD
361.6880,-22.2623,-55.4708,0.000,NORMAL,1,ROUTE,,,,,T1_REVERSE_TO_FORWARD
361.7879,-22.3041,-55.5616,0.000,NORMAL,1,ROUTE,,,,,T1_REVERSE_TO_FORWARD
361.8880,-22.3456,-55.6526,0.000,NORMAL,1,ROUTE,,,,,T1_REVERSE_TO_FORWARD
361.9879,-22.3869,-55.7436,0.000,NORMAL,1,ROUTE,,,,,T1_REVERSE_TO_FORWARD
362.0878,-22.4282,-55.8346,0.000,NORMAL,1,ROUTE,,,,,T1_REVERSE_TO_FORWARD
362.1878,-22.4697,-55.9256,0.000,NORMAL,1,ROUTE,,,,,T1_REVERSE_TO_FORWARD
362.2878,-22.5113,-56.0165,0.000,NORMAL,1,ROUTE,,,,,T1_REVERSE_TO_FORWARD
362.3878,-22.5532,-56.1073,0.000,NORMAL,1,ROUTE,,,,,T1_REVERSE_TO_FORWARD
362.4878,-22.5955,-56.1979,0.000,NORMAL,1,ROUTE,,,,,T1_REVERSE_TO_FORWARD
362.5877,-22.6382,-56.2882,0.000,NORMAL,1,ROUTE,,,,,T1_REVERSE_TO_FORWARD
362.6877,-22.6814,-56.3784,0.000,NORMAL,1,ROUTE,,,,,T1_REVERSE_TO_FORWARD
362.7877,-22.7250,-56.4684,0.000,NORMAL,1,ROUTE,,,,,T1_REVERSE_TO_FORWARD
362.8877,-22.7690,-56.5582,0.000,NORMAL,1,ROUTE,,,,,T1_REVERSE_TO_FORWARD
362.9876,-22.8134,-56.6477,0.000,NORMAL,1,ROUTE,,,,,T1_REVERSE_TO_FORWARD
363.0876,-22.8582,-56.7371,0.000,NORMAL,1,ROUTE,,,,,T1_REVERSE_TO_FORWARD
363.1876,-22.9034,-56.8263,0.000,NORMAL,1,ROUTE,,,,,T1_REVERSE_TO_FORWARD
363.2876,-22.9489,-56.9153,0.000,NORMAL,1,ROUTE,,,,,T1_REVERSE_TO_FORWARD
363.3876,-22.9947,-57.0042,0.000,NORMAL,1,ROUTE,,,,,T1_REVERSE_TO_FORWARD
363.4875,-23.0407,-57.0929,0.000,NORMAL,1,ROUTE,,,,,T1_REVERSE_TO_FORWARD
363.5875,-23.0869,-57.1816,0.000,NORMAL,1,ROUTE,,,,,T1_REVERSE_TO_FORWARD
363.6874,-23.1331,-57.2702,0.000,NORMAL,1,ROUTE,,,,,T1_REVERSE_TO_FORWARD
363.7874,-23.1794,-57.3588,0.000,NORMAL,1,ROUTE,,,,,T1_REVERSE_TO_FORWARD
363.8874,-23.2257,-57.4475,0.000,NORMAL,1,ROUTE,,,,,T1_REVERSE_TO_FORWARD
363.9874,-23.2718,-57.5362,0.000,NORMAL,1,ROUTE,,,,,T1_REVERSE_TO_FORWARD
364.0873,-23.3178,-57.6249,0.000,NORMAL,1,ROUTE,,,,,T1_REVERSE_TO_FORWARD
364.1873,-23.3636,-57.7138,0.000,NORMAL,1,ROUTE,,,,,T1_REVERSE_TO_FORWARD
364.2872,-23.4092,-57.8027,0.000,NORMAL,1,ROUTE,,,,,T1_REVERSE_TO_FORWARD
364.3873,-23.4547,-57.8918,0.000,NORMAL,1,ROUTE,,,,,T1_REVERSE_TO_FORWARD
364.4872,-23.5001,-57.9808,0.000,NORMAL,1,ROUTE,,,,,T1_REVERSE_TO_FORWARD
364.5872,-23.5456,-58.0699,0.000,NORMAL,1,ROUTE,,,,,T1_REVERSE_TO_FORWARD
364.6872,-23.5911,-58.1589,0.000,NORMAL,1,ROUTE,,,,,T1_REVERSE_TO_FORWARD
364.7871,-23.6367,-58.2478,0.000,NORMAL,1,ROUTE,,,,,T1_REVERSE_TO_FORWARD
364.8871,-23.6827,-58.3366,0.000,NORMAL,1,ROUTE,,,,,T1_REVERSE_TO_FORWARD
364.9871,-23.7290,-58.4252,0.000,NORMAL,1,ROUTE,,,,,T1_REVERSE_TO_FORWARD
365.0871,-23.7758,-58.5136,0.000,NORMAL,1,ROUTE,,,,,T1_REVERSE_TO_FORWARD
365.1870,-23.8231,-58.6016,0.000,NORMAL,1,ROUTE,,,,,T1_REVERSE_TO_FORWARD
365.2870,-23.8711,-58.6893,0.000,NORMAL,1,ROUTE,,,,,T1_REVERSE_TO_FORWARD
365.3870,-23.9198,-58.7766,0.000,NORMAL,1,ROUTE,,,,,T1_REVERSE_TO_FORWARD
365.4870,-23.9692,-58.8636,0.000,NORMAL,1,ROUTE,,,,,T1_REVERSE_TO_FORWARD
365.5870,-24.0193,-58.9501,0.000,NORMAL,1,ROUTE,,,,,T1_REVERSE_TO_FORWARD
365.6869,-24.0701,-59.0361,0.000,NORMAL,1,ROUTE,,,,,T1_REVERSE_TO_FORWARD
365.7869,-24.1217,-59.1218,0.000,NORMAL,1,ROUTE,,,,,T1_REVERSE_TO_FORWARD
365.8869,-24.1741,-59.2070,0.000,NORMAL,1,ROUTE,,,,,T1_REVERSE_TO_FORWARD
365.9868,-24.2271,-59.2917,0.000,NORMAL,1,ROUTE,,,,,T1_REVERSE_TO_FORWARD
366.0868,-24.2809,-59.3760,0.000,NORMAL,1,ROUTE,,,,,T1_REVERSE_TO_FORWARD
366.1868,-24.3352,-59.4599,0.000,NORMAL,1,ROUTE,,,,,T1_REVERSE_TO_FORWARD
366.2868,-24.3902,-59.5434,0.000,NORMAL,1,ROUTE,,,,,T1_REVERSE_TO_FORWARD
366.3867,-24.4456,-59.6266,0.000,NORMAL,1,ROUTE,,,,,T1_REVERSE_TO_FORWARD
366.4867,-24.5014,-59.7096,0.000,NORMAL,1,ROUTE,,,,,T1_REVERSE_TO_FORWARD
366.5867,-24.5576,-59.7923,0.000,NORMAL,1,ROUTE,,,,,T1_REVERSE_TO_FORWARD
366.6866,-24.6141,-59.8747,0.000,NORMAL,1,ROUTE,,,,,T1_REVERSE_TO_FORWARD
366.7866,-24.6708,-59.9570,0.000,NORMAL,1,ROUTE,,,,,T1_REVERSE_TO_FORWARD
366.8866,-24.7278,-60.0392,0.000,NORMAL,1,ROUTE,,,,,T1_REVERSE_TO_FORWARD
366.9865,-24.7851,-60.1211,0.000,NORMAL,1,ROUTE,,,,,T1_REVERSE_TO_FORWARD
367.0866,-24.8428,-60.2028,0.000,NORMAL,1,ROUTE,,,,,T1_REVERSE_TO_FORWARD
367.1865,-24.9008,-60.2842,0.000,NORMAL,1,ROUTE,,,,,T1_REVERSE_TO_FORWARD
367.2865,-24.9592,-60.3653,0.000,NORMAL,1,ROUTE,,,,,T1_REVERSE_TO_FORWARD
367.3865,-25.0182,-60.4461,0.000,NORMAL,1,ROUTE,,,,,T1_REVERSE_TO_FORWARD
367.4864,-25.0778,-60.5263,0.000,NORMAL,1,ROUTE,,,,,T1_REVERSE_TO_FORWARD
367.5864,-25.1381,-60.6061,0.000,NORMAL,1,ROUTE,,,,,T1_REVERSE_TO_FORWARD
367.6864,-25.1992,-60.6852,0.000,NORMAL,1,ROUTE,,,,,T1_REVERSE_TO_FORWARD
367.7863,-25.2612,-60.7636,0.000,NORMAL,1,ROUTE,,,,,T1_REVERSE_TO_FORWARD
367.8863,-25.3241,-60.8413,0.000,NORMAL,1,ROUTE,,,,,T1_REVERSE_TO_FORWARD
367.9863,-25.3880,-60.9182,0.000,NORMAL,1,ROUTE,,,,,T1_REVERSE_TO_FORWARD
368.0863,-25.4528,-60.9943,0.000,NORMAL,1,ROUTE,,,,,T1_REVERSE_TO_FORWARD
368.1862,-25.5188,-61.0694,0.000,NORMAL,1,ROUTE,,,,,T1_REVERSE_TO_FORWARD
368.2862,-25.5859,-61.1435,0.000,NORMAL,1,ROUTE,,,,,T1_REVERSE_TO_FORWARD
368.3862,-25.6542,-61.2165,0.000,NORMAL,1,ROUTE,,,,,T1_REVERSE_TO_FORWARD
368.4862,-25.7238,-61.2883,0.000,NORMAL,1,ROUTE,,,,,T1_REVERSE_TO_FORWARD
368.5861,-25.7946,-61.3588,0.000,NORMAL,1,ROUTE,,,,,T1_REVERSE_TO_FORWARD
368.6861,-25.8669,-61.4279,0.000,NORMAL,1,ROUTE,,,,,T1_REVERSE_TO_FORWARD
368.7860,-25.9404,-61.4956,0.000,NORMAL,1,ROUTE,,,,,T1_REVERSE_TO_FORWARD
368.8860,-26.0153,-61.5618,0.000,NORMAL,1,ROUTE,,,,,T1_REVERSE_TO_FORWARD
368.9860,-26.0916,-61.6265,0.000,NORMAL,1,ROUTE,,,,,T1_REVERSE_TO_FORWARD
369.0860,-26.1691,-61.6897,0.000,NORMAL,1,ROUTE,,,,,T1_REVERSE_TO_FORWARD
369.1860,-26.2479,-61.7512,0.000,NORMAL,1,ROUTE,,,,,T1_REVERSE_TO_FORWARD
369.2859,-26.3279,-61.8111,0.000,NORMAL,1,ROUTE,,,,,T1_REVERSE_TO_FORWARD
369.3859,-26.4092,-61.8693,0.000,NORMAL,1,ROUTE,,,,,T1_REVERSE_TO_FORWARD
369.4858,-26.4917,-61.9257,0.000,NORMAL,1,ROUTE,,,,,T1_REVERSE_TO_FORWARD
369.5858,-26.5754,-61.9803,0.000,NORMAL,1,ROUTE,,,,,T1_REVERSE_TO_FORWARD
369.6858,-26.6603,-62.0332,0.000,NORMAL,1,ROUTE,,,,,T1_REVERSE_TO_FORWARD
369.7858,-26.7462,-62.0843,0.000,NORMAL,1,ROUTE,,,,,T1_REVERSE_TO_FORWARD
369.8857,-26.8331,-62.1337,0.000,NORMAL,1,ROUTE,,,,,T1_REVERSE_TO_FORWARD
369.9857,-26.9210,-62.1813,0.000,NORMAL,1,ROUTE,,,,,T1_REVERSE_TO_FORWARD
370.0856,-27.0098,-62.2272,0.000,NORMAL,1,ROUTE,,,,,T1_REVERSE_TO_FORWARD
370.1857,-27.0996,-62.2713,0.000,NORMAL,1,ROUTE,,,,,T1_REVERSE_TO_FORWARD
370.2856,-27.1901,-62.3137,0.000,NORMAL,1,ROUTE,,,,,T1_REVERSE_TO_FORWARD
370.3856,-27.2815,-62.3543,0.000,NORMAL,1,ROUTE,,,,,T1_REVERSE_TO_FORWARD
370.4856,-27.3736,-62.3931,0.000,NORMAL,1,ROUTE,,,,,T1_REVERSE_TO_FORWARD
370.5856,-27.4665,-62.4301,0.000,NORMAL,1,ROUTE,,,,,T1_REVERSE_TO_FORWARD
370.6855,-27.5601,-62.4652,0.000,NORMAL,1,ROUTE,,,,,T1_REVERSE_TO_FORWARD
370.7854,-27.6543,-62.4985,0.000,NORMAL,1,ROUTE,,,,,T1_REVERSE_TO_FORWARD
370.8855,-27.7493,-62.5299,0.000,NORMAL,1,ROUTE,,,,,T1_REVERSE_TO_FORWARD
370.9854,-27.8448,-62.5592,0.000,NORMAL,1,ROUTE,,,,,T1_REVERSE_TO_FORWARD
371.0854,-27.9410,-62.5865,0.000,NORMAL,1,ROUTE,,,,,T1_REVERSE_TO_FORWARD
371.1854,-28.0378,-62.6116,0.000,NORMAL,1,ROUTE,,,,,T1_REVERSE_TO_FORWARD
371.2853,-28.1350,-62.6347,0.000,NORMAL,1,ROUTE,,,,,T1_REVERSE_TO_FORWARD
371.3853,-28.2327,-62.6559,0.000,NORMAL,1,ROUTE,,,,,T1_REVERSE_TO_FORWARD
371.4853,-28.3308,-62.6752,0.000,NORMAL,1,ROUTE,,,,,T1_REVERSE_TO_FORWARD
371.5852,-28.4292,-62.6929,0.000,NORMAL,1,ROUTE,,,,,T1_REVERSE_TO_FORWARD
371.6853,-28.5279,-62.7091,0.000,NORMAL,1,ROUTE,,,,,T1_REVERSE_TO_FORWARD
371.7853,-28.6268,-62.7239,0.000,NORMAL,1,ROUTE,,,,,T1_REVERSE_TO_FORWARD
371.8852,-28.7258,-62.7374,0.000,NORMAL,1,ROUTE,,,,,T1_REVERSE_TO_FORWARD
371.9852,-28.8250,-62.7499,0.000,NORMAL,1,ROUTE,,,,,T1_REVERSE_TO_FORWARD
372.0851,-28.9243,-62.7612,0.000,NORMAL,1,ROUTE,,,,,T1_REVERSE_TO_FORWARD
372.1851,-29.0237,-62.7717,0.000,NORMAL,1,ROUTE,,,,,T1_REVERSE_TO_FORWARD
372.2851,-29.1233,-62.7812,0.000,NORMAL,1,ROUTE,,,,,T1_REVERSE_TO_FORWARD
372.3851,-29.2229,-62.7899,0.000,NORMAL,1,ROUTE,,,,,T1_REVERSE_TO_FORWARD
372.4850,-29.3225,-62.7978,0.000,NORMAL,1,ROUTE,,,,,T1_REVERSE_TO_FORWARD
372.5849,-29.4222,-62.8048,0.000,NORMAL,1,ROUTE,,,,,T1_REVERSE_TO_FORWARD
372.6849,-29.5220,-62.8109,0.000,NORMAL,1,ROUTE,,,,,T1_REVERSE_TO_FORWARD
372.7850,-29.6219,-62.8161,0.000,NORMAL,1,ROUTE,,,,,T1_REVERSE_TO_FORWARD
372.8850,-29.7218,-62.8202,0.000,NORMAL,1,ROUTE,,,,,T1_REVERSE_TO_FORWARD
372.9849,-29.8217,-62.8232,0.000,NORMAL,1,ROUTE,,,,,T1_REVERSE_TO_FORWARD
373.0848,-29.9216,-62.8250,0.000,NORMAL,1,ROUTE,,,,,T1_REVERSE_TO_FORWARD
373.1848,-30.0216,-62.8256,0.000,NORMAL,1,ROUTE,,,,,T1_REVERSE_TO_FORWARD
373.2848,-30.1216,-62.8248,0.000,NORMAL,1,ROUTE,,,,,T1_REVERSE_TO_FORWARD
373.3847,-30.2215,-62.8225,0.000,NORMAL,1,ROUTE,,,,,T1_REVERSE_TO_FORWARD
373.4847,-30.3214,-62.8187,0.000,NORMAL,1,ROUTE,,,,,T1_REVERSE_TO_FORWARD
373.5848,-30.4213,-62.8132,0.000,NORMAL,1,ROUTE,,,,,T1_REVERSE_TO_FORWARD
373.6847,-30.5210,-62.8060,0.000,NORMAL,1,ROUTE,,,,,T1_REVERSE_TO_FORWARD
373.7846,-30.6205,-62.7971,0.000,NORMAL,1,ROUTE,,,,,T1_REVERSE_TO_FORWARD
373.8846,-30.7199,-62.7863,0.000,NORMAL,1,ROUTE,,,,,T1_REVERSE_TO_FORWARD
373.9846,-30.8191,-62.7739,0.000,NORMAL,1,ROUTE,,,,,T1_REVERSE_TO_FORWARD
374.0846,-30.9181,-62.7598,0.000,NORMAL,1,ROUTE,,,,,T1_REVERSE_TO_FORWARD
374.1845,-31.0168,-62.7442,0.000,NORMAL,1,ROUTE,,,,,T1_REVERSE_TO_FORWARD
374.2846,-31.1154,-62.7272,0.000,NORMAL,1,ROUTE,,,,,T1_REVERSE_TO_FORWARD
374.3845,-31.2137,-62.7090,0.000,NORMAL,1,ROUTE,,,,,T1_REVERSE_TO_FORWARD
374.4844,-31.3117,-62.6896,0.000,NORMAL,1,ROUTE,,,,,T1_REVERSE_TO_FORWARD
374.5844,-31.4096,-62.6692,0.000,NORMAL,1,ROUTE,,,,,T1_REVERSE_TO_FORWARD
374.6844,-31.5073,-62.6479,0.000,NORMAL,1,ROUTE,,,,,T1_REVERSE_TO_FORWARD
374.7844,-31.6048,-62.6258,0.000,NORMAL,1,ROUTE,,,,,T1_REVERSE_TO_FORWARD
374.8844,-31.7021,-62.6028,0.000,NORMAL,1,ROUTE,,,,,T1_REVERSE_TO_FORWARD
374.9843,-31.7992,-62.5791,0.000,NORMAL,1,ROUTE,,,,,T1_REVERSE_TO_FORWARD
375.0843,-31.8961,-62.5547,0.000,NORMAL,1,ROUTE,,,,,T1_REVERSE_TO_FORWARD
375.1843,-31.9929,-62.5295,0.000,NORMAL,1,ROUTE,,,,,T1_REVERSE_TO_FORWARD
375.2843,-32.0895,-62.5037,0.000,NORMAL,1,ROUTE,,,,,T1_REVERSE_TO_FORWARD
375.3842,-32.1859,-62.4773,0.000,NORMAL,1,ROUTE,,,,,T1_REVERSE_TO_FORWARD
375.4842,-32.2821,-62.4501,0.000,NORMAL,1,ROUTE,,,,,T1_REVERSE_TO_FORWARD
375.5841,-32.3781,-62.4223,0.000,NORMAL,1,ROUTE,,,,,T1_REVERSE_TO_FORWARD
375.6842,-32.4740,-62.3939,0.000,NORMAL,1,ROUTE,,,,,T1_REVERSE_TO_FORWARD
375.7841,-32.5697,-62.3650,0.000,NORMAL,1,ROUTE,,,,,T1_REVERSE_TO_FORWARD
375.8840,-32.6652,-62.3356,0.000,NORMAL,1,ROUTE,,,,,T1_REVERSE_TO_FORWARD
375.9840,-32.7606,-62.3057,0.000,NORMAL,1,ROUTE,,,,,T1_REVERSE_TO_FORWARD
376.0840,-32.8559,-62.2754,0.000,NORMAL,1,ROUTE,,,,,T1_REVERSE_TO_FORWARD
376.1840,-32.9511,-62.2447,0.000,NORMAL,1,ROUTE,,,,,T1_REVERSE_TO_FORWARD
376.2839,-33.0461,-62.2138,0.000,NORMAL,1,ROUTE,,,,,T1_REVERSE_TO_FORWARD
376.3839,-33.1411,-62.1826,0.000,NORMAL,1,ROUTE,,,,,T1_REVERSE_TO_FORWARD
376.4839,-33.2360,-62.1511,0.000,NORMAL,1,ROUTE,,,,,T1_REVERSE_TO_FORWARD
376.5840,-33.3309,-62.1195,0.000,NORMAL,1,ROUTE,,,,,T1_REVERSE_TO_FORWARD
376.6839,-33.4256,-62.0877,0.000,NORMAL,1,ROUTE,,,,,T1_REVERSE_TO_FORWARD
376.7839,-33.5204,-62.0558,0.000,NORMAL,1,ROUTE,,,,,T1_REVERSE_TO_FORWARD
376.8839,-33.6151,-62.0237,0.000,NORMAL,1,ROUTE,,,,,T1_REVERSE_TO_FORWARD
376.9838,-33.7097,-61.9915,0.000,NORMAL,1,ROUTE,,,,,T1_REVERSE_TO_FORWARD
377.0838,-33.8043,-61.9592,0.000,NORMAL,1,ROUTE,,,,,T1_REVERSE_TO_FORWARD
377.1838,-33.8989,-61.9267,0.000,NORMAL,1,ROUTE,,,,,T1_REVERSE_TO_FORWARD
377.2837,-33.9933,-61.8940,0.000,NORMAL,1,ROUTE,,,,,T1_REVERSE_TO_FORWARD
377.3837,-34.0878,-61.8612,0.000,NORMAL,1,ROUTE,,,,,T1_REVERSE_TO_FORWARD
377.4837,-34.1821,-61.8280,0.000,NORMAL,1,ROUTE,,,,,T1_REVERSE_TO_FORWARD
377.5836,-34.2763,-61.7946,0.000,NORMAL,1,ROUTE,,,,,T1_REVERSE_TO_FORWARD
377.6836,-34.3704,-61.7609,0.000,NORMAL,1,ROUTE,,,,,T1_REVERSE_TO_FORWARD
377.7836,-34.4644,-61.7267,0.000,NORMAL,1,ROUTE,,,,,T1_REVERSE_TO_FORWARD
377.8835,-34.5581,-61.6921,0.000,NORMAL,1,ROUTE,,,,,T1_REVERSE_TO_FORWARD
377.9835,-34.6517,-61.6569,0.000,NORMAL,1,ROUTE,,,,,T1_REVERSE_TO_FORWARD
378.0835,-34.7451,-61.6211,0.000,NORMAL,1,ROUTE,,,,,T1_REVERSE_TO_FORWARD
378.1834,-34.8381,-61.5846,0.000,NORMAL,1,ROUTE,,,,,T1_REVERSE_TO_FORWARD
378.2834,-34.9309,-61.5474,0.000,NORMAL,1,ROUTE,,,,,T1_REVERSE_TO_FORWARD
378.3834,-35.0234,-61.5094,0.000,NORMAL,1,ROUTE,,,,,T1_REVERSE_TO_FORWARD
378.4834,-35.1155,-61.4705,0.000,NORMAL,1,ROUTE,,,,,T1_REVERSE_TO_FORWARD
378.5834,-35.2073,-61.4309,0.000,NORMAL,1,ROUTE,,,,,T1_REVERSE_TO_FORWARD
378.6833,-35.2987,-61.3904,0.000,NORMAL,1,ROUTE,,,,,T1_REVERSE_TO_FORWARD
378.7833,-35.3897,-61.3491,0.000,NORMAL,1,ROUTE,,,,,T1_REVERSE_TO_FORWARD
378.8833,-35.4805,-61.3071,0.000,NORMAL,1,ROUTE,,,,,T1_REVERSE_TO_FORWARD
378.9833,-35.5709,-61.2645,0.000,NORMAL,1,ROUTE,,,,,T1_REVERSE_TO_FORWARD
379.0832,-35.6611,-61.2214,0.000,NORMAL,1,ROUTE,,,,,T1_REVERSE_TO_FORWARD
379.1832,-35.7511,-61.1779,0.000,NORMAL,1,ROUTE,,,,,T1_REVERSE_TO_FORWARD
379.2832,-35.8411,-61.1343,0.000,NORMAL,1,ROUTE,,,,,T1_REVERSE_TO_FORWARD
379.3831,-35.9310,-61.0907,0.000,NORMAL,1,ROUTE,,,,,T1_REVERSE_TO_FORWARD
379.4832,-36.0211,-61.0472,0.000,NORMAL,1,ROUTE,,,,,T1_REVERSE_TO_FORWARD
379.5831,-36.1112,-61.0040,0.000,NORMAL,1,ROUTE,,,,,T1_REVERSE_TO_FORWARD
379.6831,-36.2016,-60.9613,0.000,NORMAL,1,ROUTE,,,,,T1_REVERSE_TO_FORWARD
379.7830,-36.2923,-60.9193,0.000,NORMAL,1,ROUTE,,,,,T1_REVERSE_TO_FORWARD
379.8830,-36.3834,-60.8781,0.000,NORMAL,1,ROUTE,,,,,T1_REVERSE_TO_FORWARD
379.9830,-36.4749,-60.8378,0.000,NORMAL,1,ROUTE,,,,,T1_REVERSE_TO_FORWARD
380.0830,-36.5669,-60.7986,0.000,NORMAL,1,ROUTE,,,,,T1_REVERSE_TO_FORWARD
380.1829,-36.6593,-60.7605,0.000,NORMAL,1,ROUTE,,,,,T1_REVERSE_TO_FORWARD
380.2829,-36.7522,-60.7236,0.000,NORMAL,1,ROUTE,,,,,T1_REVERSE_TO_FORWARD
380.3828,-36.8455,-60.6877,0.000,NORMAL,1,ROUTE,,,,,T1_REVERSE_TO_FORWARD
380.4828,-36.9392,-60.6528,0.000,NORMAL,1,ROUTE,,,,,T1_REVERSE_TO_FORWARD
380.5828,-37.0332,-60.6187,0.000,NORMAL,1,ROUTE,,,,,T1_REVERSE_TO_FORWARD
380.6828,-37.1274,-60.5853,0.000,NORMAL,1,ROUTE,,,,,T1_REVERSE_TO_FORWARD
380.7828,-37.2218,-60.5523,0.000,NORMAL,1,ROUTE,,,,,T1_REVERSE_TO_FORWARD
380.8827,-37.3162,-60.5195,0.000,NORMAL,1,ROUTE,,,,,T1_REVERSE_TO_FORWARD
380.9827,-37.4107,-60.4868,0.000,NORMAL,1,ROUTE,,,,,T1_REVERSE_TO_FORWARD
381.0827,-37.5051,-60.4539,0.000,NORMAL,1,ROUTE,,,,,T1_REVERSE_TO_FORWARD
381.1827,-37.5994,-60.4207,0.000,NORMAL,1,ROUTE,,,,,T1_REVERSE_TO_FORWARD
381.2826,-37.6935,-60.3870,0.000,NORMAL,1,ROUTE,,,,,T1_REVERSE_TO_FORWARD
381.3826,-37.7874,-60.3527,0.000,NORMAL,1,ROUTE,,,,,T1_REVERSE_TO_FORWARD
381.4826,-37.8811,-60.3178,0.000,NORMAL,1,ROUTE,,,,,T1_REVERSE_TO_FORWARD
381.5826,-37.9746,-60.2823,0.000,NORMAL,1,ROUTE,,,,,T1_REVERSE_TO_FORWARD
381.6825,-38.0678,-60.2462,0.000,NORMAL,1,ROUTE,,,,,T1_REVERSE_TO_FORWARD
381.7825,-38.1608,-60.2095,0.000,NORMAL,1,ROUTE,,,,,T1_REVERSE_TO_FORWARD
381.8825,-38.2536,-60.1723,0.000,NORMAL,1,ROUTE,,,,,T1_REVERSE_TO_FORWARD
381.9825,-38.3462,-60.1346,0.000,NORMAL,1,ROUTE,,,,,T1_REVERSE_TO_FORWARD
382.0824,-38.4386,-60.0965,0.000,NORMAL,1,ROUTE,,,,,T1_REVERSE_TO_FORWARD
382.1824,-38.5309,-60.0580,0.000,NORMAL,1,ROUTE,,,,,T1_REVERSE_TO_FORWARD
382.2823,-38.6229,-60.0190,0.000,NORMAL,1,ROUTE,,,,,T1_REVERSE_TO_FORWARD
382.3823,-38.7148,-59.9796,0.000,NORMAL,1,ROUTE,,,,,T1_REVERSE_TO_FORWARD
382.4823,-38.8065,-59.9397,0.000,NORMAL,1,ROUTE,,,,,T1_REVERSE_TO_FORWARD
382.5823,-38.8979,-59.8992,0.000,NORMAL,1,ROUTE,,,,,T1_REVERSE_TO_FORWARD
382.6822,-38.9890,-59.8581,0.000,NORMAL,1,ROUTE,,,,,T1_REVERSE_TO_FORWARD
382.7823,-39.0799,-59.8164,0.000,NORMAL,1,ROUTE,,,,,T1_REVERSE_TO_FORWARD
382.8822,-39.1704,-59.7740,0.000,NORMAL,1,ROUTE,,,,,T1_REVERSE_TO_FORWARD
382.9822,-39.2606,-59.7309,0.000,NORMAL,1,ROUTE,,,,,T1_REVERSE_TO_FORWARD
383.0822,-39.3505,-59.6871,0.000,NORMAL,1,ROUTE,,,,,T1_REVERSE_TO_FORWARD
383.1821,-39.4401,-59.6428,0.000,NORMAL,1,ROUTE,,,,,T1_REVERSE_TO_FORWARD
383.2821,-39.5295,-59.5980,0.000,NORMAL,1,ROUTE,,,,,T1_REVERSE_TO_FORWARD
383.3820,-39.6187,-59.5530,0.000,NORMAL,1,ROUTE,,,,,T1_REVERSE_TO_FORWARD
383.4820,-39.7079,-59.5078,0.000,NORMAL,1,ROUTE,,,,,T1_REVERSE_TO_FORWARD
383.5820,-39.7971,-59.4626,0.000,NORMAL,1,ROUTE,,,,,T1_REVERSE_TO_FORWARD
383.6820,-39.8864,-59.4176,0.000,NORMAL,1,ROUTE,,,,,T1_REVERSE_TO_FORWARD
383.7820,-39.9758,-59.3729,0.000,NORMAL,1,ROUTE,,,,,T1_REVERSE_TO_FORWARD
383.8819,-40.0654,-59.3286,0.000,NORMAL,1,ROUTE,,,,,T1_REVERSE_TO_FORWARD
383.9820,-40.1553,-59.2847,0.000,NORMAL,1,ROUTE,,,,,T1_REVERSE_TO_FORWARD
384.0818,-40.2453,-59.2414,0.000,NORMAL,1,ROUTE,,,,,T1_REVERSE_TO_FORWARD
384.1818,-40.3356,-59.1985,0.000,NORMAL,1,ROUTE,,,,,T1_REVERSE_TO_FORWARD
384.2818,-40.4262,-59.1562,0.000,NORMAL,1,ROUTE,,,,,T1_REVERSE_TO_FORWARD
384.3819,-40.5171,-59.1144,0.000,NORMAL,1,ROUTE,,,,,T1_REVERSE_TO_FORWARD
384.4818,-40.6081,-59.0732,0.000,NORMAL,1,ROUTE,,,,,T1_REVERSE_TO_FORWARD
384.5818,-40.6995,-59.0326,0.000,NORMAL,1,ROUTE,,,,,T1_REVERSE_TO_FORWARD
384.6817,-40.7910,-58.9924,0.000,NORMAL,1,ROUTE,,,,,T1_REVERSE_TO_FORWARD
384.7817,-40.8828,-58.9527,0.000,NORMAL,1,ROUTE,,,,,T1_REVERSE_TO_FORWARD
384.8816,-40.9747,-58.9135,0.000,NORMAL,1,ROUTE,,,,,T1_REVERSE_TO_FORWARD
384.9816,-41.0668,-58.8746,0.000,NORMAL,1,ROUTE,,,,,T1_REVERSE_TO_FORWARD
385.0816,-41.1590,-58.8360,0.000,NORMAL,1,ROUTE,,,,,T1_REVERSE_TO_FORWARD
385.1816,-41.2514,-58.7976,0.000,NORMAL,1,ROUTE,,,,,T1_REVERSE_TO_FORWARD
385.2816,-41.3438,-58.7595,0.000,NORMAL,1,ROUTE,,,,,T1_REVERSE_TO_FORWARD
385.3816,-41.4363,-58.7215,0.000,NORMAL,1,ROUTE,,,,,T1_REVERSE_TO_FORWARD
385.4815,-41.5288,-58.6836,0.000,NORMAL,1,ROUTE,,,,,T1_REVERSE_TO_FORWARD
385.5815,-41.6213,-58.6457,0.000,NORMAL,1,ROUTE,,,,,T1_REVERSE_TO_FORWARD
385.6815,-41.7138,-58.6078,0.000,NORMAL,1,ROUTE,,,,,T1_REVERSE_TO_FORWARD
385.7814,-41.8063,-58.5699,0.000,NORMAL,1,ROUTE,,,,,T1_REVERSE_TO_FORWARD
385.8814,-41.8987,-58.5318,0.000,NORMAL,1,ROUTE,,,,,T1_REVERSE_TO_FORWARD
385.9814,-41.9911,-58.4935,0.000,NORMAL,1,ROUTE,,,,,T1_REVERSE_TO_FORWARD
386.0814,-42.0833,-58.4549,0.000,NORMAL,1,ROUTE,,,,,T1_REVERSE_TO_FORWARD
386.1813,-42.1754,-58.4160,0.000,NORMAL,1,ROUTE,,,,,T1_REVERSE_TO_FORWARD
386.2813,-42.2673,-58.3766,0.000,NORMAL,1,ROUTE,,,,,T1_REVERSE_TO_FORWARD
386.3813,-42.3590,-58.3367,0.000,NORMAL,1,ROUTE,,,,,T1_REVERSE_TO_FORWARD
386.4813,-42.4504,-58.2963,0.000,NORMAL,1,ROUTE,,,,,T1_REVERSE_TO_FORWARD
386.5812,-42.5415,-58.2552,0.000,NORMAL,1,ROUTE,,,,,T1_REVERSE_TO_FORWARD
386.6812,-42.6323,-58.2134,0.000,NORMAL,1,ROUTE,,,,,T1_REVERSE_TO_FORWARD
386.7811,-42.7228,-58.1709,0.000,NORMAL,1,ROUTE,,,,,T1_REVERSE_TO_FORWARD
386.8811,-42.8130,-58.1277,0.000,NORMAL,1,ROUTE,,,,,T1_REVERSE_TO_FORWARD
386.9811,-42.9028,-58.0837,0.000,NORMAL,1,ROUTE,,,,,T1_REVERSE_TO_FORWARD
387.0811,-42.9922,-58.0389,0.000,NORMAL,1,ROUTE,,,,,T1_REVERSE_TO_FORWARD
387.1810,-43.0811,-57.9934,0.000,NORMAL,1,ROUTE,,,,,T1_REVERSE_TO_FORWARD
387.2810,-43.1697,-57.9470,0.000,NORMAL,1,ROUTE,,,,,T1_REVERSE_TO_FORWARD
387.3810,-43.2579,-57.8999,0.000,NORMAL,1,ROUTE,,,,,T1_REVERSE_TO_FORWARD
387.4810,-43.3456,-57.8519,0.000,NORMAL,1,ROUTE,,,,,T1_REVERSE_TO_FORWARD
387.5810,-43.4330,-57.8033,0.000,NORMAL,1,ROUTE,,,,,T1_REVERSE_TO_FORWARD
387.6809,-43.5200,-57.7541,0.000,NORMAL,1,ROUTE,,,,,T1_REVERSE_TO_FORWARD
387.7809,-43.6067,-57.7043,0.000,NORMAL,1,ROUTE,,,,,T1_REVERSE_TO_FORWARD
387.8808,-43.6930,-57.6540,0.000,NORMAL,1,ROUTE,,,,,T1_REVERSE_TO_FORWARD
387.9809,-43.7792,-57.6032,0.000,NORMAL,1,ROUTE,,,,,T1_REVERSE_TO_FORWARD
388.0808,-43.8651,-57.5521,0.000,NORMAL,1,ROUTE,,,,,T1_REVERSE_TO_FORWARD
388.1808,-43.9508,-57.5006,0.000,NORMAL,1,ROUTE,,,,,T1_REVERSE_TO_FORWARD
388.2807,-44.0362,-57.4487,0.000,NORMAL,1,ROUTE,,,,,T1_REVERSE_TO_FORWARD
388.3807,-44.1214,-57.3964,0.000,NORMAL,1,ROUTE,,,,,T1_REVERSE_TO_FORWARD
388.4807,-44.2063,-57.3436,0.000,NORMAL,1,ROUTE,,,,,T1_REVERSE_TO_FORWARD
388.5807,-44.2910,-57.2904,0.000,NORMAL,1,ROUTE,,,,,T1_REVERSE_TO_FORWARD
388.6806,-44.3752,-57.2366,0.000,NORMAL,1,ROUTE,,,,,T1_REVERSE_TO_FORWARD
388.7806,-44.4590,-57.1821,0.000,NORMAL,1,ROUTE,,,,,T1_REVERSE_TO_FORWARD
388.8806,-44.5423,-57.1267,0.000,NORMAL,1,ROUTE,,,,,T1_REVERSE_TO_FORWARD
388.9805,-44.6249,-57.0705,0.000,NORMAL,1,ROUTE,,,,,T1_REVERSE_TO_FORWARD
389.0805,-44.7068,-57.0132,0.000,NORMAL,1,ROUTE,,,,,T1_REVERSE_TO_FORWARD
389.1805,-44.7878,-56.9546,0.000,NORMAL,1,ROUTE,,,,,T1_REVERSE_TO_FORWARD
389.2805,-44.8678,-56.8946,0.000,NORMAL,1,ROUTE,,,,,T1_REVERSE_TO_FORWARD
389.3805,-44.9465,-56.8329,0.000,NORMAL,1,ROUTE,,,,,T1_REVERSE_TO_FORWARD
389.4804,-45.0236,-56.7693,0.000,NORMAL,1,ROUTE,,,,,T1_REVERSE_TO_FORWARD
389.5804,-45.0991,-56.7037,0.000,NORMAL,1,ROUTE,,,,,T1_REVERSE_TO_FORWARD
389.6804,-45.1725,-56.6359,0.000,NORMAL,1,ROUTE,,,,,T1_REVERSE_TO_FORWARD
389.7803,-45.2437,-56.5657,0.000,NORMAL,1,ROUTE,,,,,T1_REVERSE_TO_FORWARD
389.8803,-45.3124,-56.4931,0.000,NORMAL,1,ROUTE,,,,,T1_REVERSE_TO_FORWARD
389.9803,-45.3786,-56.4182,0.000,NORMAL,1,ROUTE,,,,,T1_REVERSE_TO_FORWARD
390.0803,-45.4422,-56.3410,0.000,NORMAL,1,ROUTE,,,,,T1_REVERSE_TO_FORWARD
390.1802,-45.5031,-56.2618,0.000,NORMAL,1,ROUTE,,,,,T1_REVERSE_TO_FORWARD
390.2802,-45.5613,-56.1805,0.000,NORMAL,1,ROUTE,,,,,T1_REVERSE_TO_FORWARD
390.3802,-45.6169,-56.0974,0.000,NORMAL,1,ROUTE,,,,,T1_REVERSE_TO_FORWARD
390.4801,-45.6696,-56.0125,0.000,NORMAL,1,ROUTE,,,,,T1_REVERSE_TO_FORWARD
390.5801,-45.7196,-55.9259,0.000,NORMAL,1,ROUTE,,,,,T1_REVERSE_TO_FORWARD
390.6800,-45.7666,-55.8377,0.000,NORMAL,1,ROUTE,,,,,T1_REVERSE_TO_FORWARD
390.7800,-45.8107,-55.7480,0.000,NORMAL,1,ROUTE,,,,,T1_REVERSE_TO_FORWARD
390.8800,-45.8519,-55.6569,0.000,NORMAL,1,ROUTE,,,,,T1_REVERSE_TO_FORWARD
390.9800,-45.8902,-55.5645,0.000,NORMAL,1,ROUTE,,,,,T1_REVERSE_TO_FORWARD
391.0799,-45.9258,-55.4711,0.000,NORMAL,1,ROUTE,,,,,T1_REVERSE_TO_FORWARD
391.1799,-45.9589,-55.3768,0.000,NORMAL,1,ROUTE,,,,,T1_REVERSE_TO_FORWARD
391.2799,-45.9896,-55.2816,0.000,NORMAL,1,ROUTE,,,,,T1_REVERSE_TO_FORWARD
391.3799,-46.0181,-55.1858,0.000,NORMAL,1,ROUTE,,,,,T1_REVERSE_TO_FORWARD
391.4798,-46.0445,-55.0894,0.000,NORMAL,1,ROUTE,,,,,T1_REVERSE_TO_FORWARD
391.5798,-46.0691,-54.9925,0.000,NORMAL,1,ROUTE,,,,,T1_REVERSE_TO_FORWARD
391.6798,-46.0919,-54.8951,0.000,NORMAL,1,ROUTE,,,,,T1_REVERSE_TO_FORWARD
391.7798,-46.1131,-54.7974,0.000,NORMAL,1,ROUTE,,,,,T1_REVERSE_TO_FORWARD
391.8798,-46.1328,-54.6994,0.000,NORMAL,1,ROUTE,,,,,T1_REVERSE_TO_FORWARD
391.9797,-46.1513,-54.6012,0.000,NORMAL,1,ROUTE,,,,,T1_REVERSE_TO_FORWARD
392.0797,-46.1686,-54.5027,0.000,NORMAL,1,ROUTE,,,,,T1_REVERSE_TO_FORWARD
392.1796,-46.1849,-54.4041,0.000,NORMAL,1,ROUTE,,,,,T1_REVERSE_TO_FORWARD
392.2796,-46.2002,-54.3053,0.000,NORMAL,1,ROUTE,,,,,T1_REVERSE_TO_FORWARD
392.3796,-46.2147,-54.2064,0.000,NORMAL,1,ROUTE,,,,,T1_REVERSE_TO_FORWARD
392.4796,-46.2282,-54.1073,0.000,NORMAL,1,ROUTE,,,,,T1_REVERSE_TO_FORWARD
392.5795,-46.2409,-54.0082,0.000,NORMAL,1,ROUTE,,,,,T1_REVERSE_TO_FORWARD
392.6795,-46.2526,-53.9089,0.000,NORMAL,1,ROUTE,,,,,T1_REVERSE_TO_FORWARD
392.7794,-46.2633,-53.8095,0.000,NORMAL,1,ROUTE,,,,,T1_REVERSE_TO_FORWARD
392.8794,-46.2729,-53.7100,0.000,NORMAL,1,ROUTE,,,,,T1_REVERSE_TO_FORWARD
392.9795,-46.2813,-53.6103,0.000,NORMAL,1,ROUTE,,,,,T1_REVERSE_TO_FORWARD
393.0794,-46.2882,-53.5106,0.000,NORMAL,1,ROUTE,,,,,T1_REVERSE_TO_FORWARD
393.1794,-46.2937,-53.4108,0.000,NORMAL,1,ROUTE,,,,,T1_REVERSE_TO_FORWARD
393.2793,-46.2976,-53.3109,0.000,NORMAL,1,ROUTE,,,,,T1_REVERSE_TO_FORWARD
393.3794,-46.2998,-53.2109,0.000,NORMAL,1,ROUTE,,,,,T1_REVERSE_TO_FORWARD
393.4793,-46.3004,-53.1110,0.000,NORMAL,1,ROUTE,,,,,T1_REVERSE_TO_FORWARD
393.5793,-46.2993,-53.0110,0.000,NORMAL,1,ROUTE,,,,,T1_REVERSE_TO_FORWARD
393.6792,-46.2965,-52.9111,0.000,NORMAL,1,ROUTE,,,,,T1_REVERSE_TO_FORWARD
393.7792,-46.2921,-52.8112,0.000,NORMAL,1,ROUTE,,,,,T1_REVERSE_TO_FORWARD
393.8792,-46.2860,-52.7114,0.000,NORMAL,1,ROUTE,,,,,T1_REVERSE_TO_FORWARD
393.9792,-46.2782,-52.6117,0.000,NORMAL,1,ROUTE,,,,,T1_REVERSE_TO_FORWARD
394.0791,-46.2689,-52.5122,0.000,NORMAL,1,ROUTE,,,,,T1_REVERSE_TO_FORWARD
394.1791,-46.2581,-52.4128,0.000,NORMAL,1,ROUTE,,,,,T1_REVERSE_TO_FORWARD
394.2791,-46.2458,-52.3136,0.000,NORMAL,1,ROUTE,,,,,T1_REVERSE_TO_FORWARD
394.3790,-46.2321,-52.2146,0.000,NORMAL,1,ROUTE,,,,,T1_REVERSE_TO_FORWARD
394.4790,-46.2171,-52.1157,0.000,NORMAL,1,ROUTE,,,,,T1_REVERSE_TO_FORWARD
394.5790,-46.2006,-52.0171,0.000,NORMAL,1,ROUTE,,,,,T1_REVERSE_TO_FORWARD
394.6789,-46.1829,-51.9188,0.000,NORMAL,1,ROUTE,,,,,T1_REVERSE_TO_FORWARD
394.7790,-46.1637,-51.8206,0.000,NORMAL,1,ROUTE,,,,,T1_REVERSE_TO_FORWARD
394.8789,-46.1432,-51.7228,0.000,NORMAL,1,ROUTE,,,,,T1_REVERSE_TO_FORWARD
394.9788,-46.1212,-51.6253,0.000,NORMAL,1,ROUTE,,,,,T1_REVERSE_TO_FORWARD
395.0789,-46.0979,-51.5280,0.000,NORMAL,1,ROUTE,,,,,T1_REVERSE_TO_FORWARD
395.1788,-46.0732,-51.4312,0.000,NORMAL,1,ROUTE,,,,,T1_REVERSE_TO_FORWARD
395.2788,-46.0473,-51.3346,0.000,NORMAL,1,ROUTE,,,,,T1_REVERSE_TO_FORWARD
395.3787,-46.0202,-51.2384,0.000,NORMAL,1,ROUTE,,,,,T1_REVERSE_TO_FORWARD
395.4787,-45.9922,-51.1424,0.000,NORMAL,1,ROUTE,,,,,T1_REVERSE_TO_FORWARD
395.5787,-45.9633,-51.0467,0.000,NORMAL,1,ROUTE,,,,,T1_REVERSE_TO_FORWARD
395.6787,-45.9338,-50.9512,0.000,NORMAL,1,ROUTE,,,,,T1_REVERSE_TO_FORWARD
395.7786,-45.9037,-50.8559,0.000,NORMAL,1,ROUTE,,,,,T1_REVERSE_TO_FORWARD
395.8786,-45.8731,-50.7607,0.000,NORMAL,1,ROUTE,,,,,T1_REVERSE_TO_FORWARD
395.9786,-45.8422,-50.6656,0.000,NORMAL,1,ROUTE,,,,,T1_REVERSE_TO_FORWARD
396.0786,-45.8110,-50.5706,0.000,NORMAL,1,ROUTE,,,,,T1_REVERSE_TO_FORWARD
396.1786,-45.7795,-50.4757,0.000,NORMAL,1,ROUTE,,,,,T1_REVERSE_TO_FORWARD
396.2785,-45.7479,-50.3809,0.000,NORMAL,1,ROUTE,,,,,T1_REVERSE_TO_FORWARD
396.3785,-45.7161,-50.2861,0.000,NORMAL,1,ROUTE,,,,,T1_REVERSE_TO_FORWARD
396.4785,-45.6840,-50.1914,0.000,NORMAL,1,ROUTE,,,,,T1_REVERSE_TO_FORWARD
396.5784,-45.6517,-50.0968,0.000,NORMAL,1,ROUTE,,,,,T1_REVERSE_TO_FORWARD
396.6784,-45.6191,-50.0023,0.000,NORMAL,1,ROUTE,,,,,T1_REVERSE_TO_FORWARD
396.7784,-45.5862,-49.9079,0.000,NORMAL,1,ROUTE,,,,,T1_REVERSE_TO_FORWARD
396.8783,-45.5528,-49.8137,0.000,NORMAL,1,ROUTE,,,,,T1_REVERSE_TO_FORWARD
396.9783,-45.5190,-49.7196,0.000,NORMAL,1,ROUTE,,,,,T1_REVERSE_TO_FORWARD
397.0783,-45.4847,-49.6257,0.000,NORMAL,1,ROUTE,,,,,T1_REVERSE_TO_FORWARD
397.1782,-45.4499,-49.5320,0.000,NORMAL,1,ROUTE,,,,,T1_REVERSE_TO_FORWARD
397.2783,-45.4146,-49.4384,0.000,NORMAL,1,ROUTE,,,,,T1_REVERSE_TO_FORWARD
397.3782,-45.3789,-49.3451,0.000,NORMAL,1,ROUTE,,,,,T1_REVERSE_TO_FORWARD
397.4782,-45.3426,-49.2519,0.000,NORMAL,1,ROUTE,,,,,T1_REVERSE_TO_FORWARD
397.5781,-45.3060,-49.1589,0.000,NORMAL,1,ROUTE,,,,,T1_REVERSE_TO_FORWARD
397.6782,-45.2689,-49.0660,0.000,NORMAL,1,ROUTE,,,,,T1_REVERSE_TO_FORWARD
397.7781,-45.2315,-48.9733,0.000,NORMAL,1,ROUTE,,,,,T1_REVERSE_TO_FORWARD
397.8781,-45.1937,-48.8808,0.000,NORMAL,1,ROUTE,,,,,T1_REVERSE_TO_FORWARD
397.9781,-45.1556,-48.7883,0.000,NORMAL,1,ROUTE,,,,,T1_REVERSE_TO_FORWARD
398.0781,-45.1172,-48.6960,0.000,NORMAL,1,ROUTE,,,,,T1_REVERSE_TO_FORWARD
398.1780,-45.0786,-48.6038,0.000,NORMAL,1,ROUTE,,,,,T1_REVERSE_TO_FORWARD
398.2780,-45.0397,-48.5117,0.000,NORMAL,1,ROUTE,,,,,T1_REVERSE_TO_FORWARD
398.3780,-45.0007,-48.4196,0.000,NORMAL,1,ROUTE,,,,,T1_REVERSE_TO_FORWARD
398.4779,-44.9616,-48.3277,0.000,NORMAL,1,ROUTE,,,,,T1_REVERSE_TO_FORWARD
398.5779,-44.9223,-48.2357,0.000,NORMAL,1,ROUTE,,,,,T1_REVERSE_TO_FORWARD
398.6779,-44.8830,-48.1438,0.000,NORMAL,1,ROUTE,,,,,T1_REVERSE_TO_FORWARD
398.7778,-44.8437,-48.0519,0.000,NORMAL,1,ROUTE,,,,,T1_REVERSE_TO_FORWARD
398.8778,-44.8043,-47.9600,0.000,NORMAL,1,ROUTE,,,,,T1_REVERSE_TO_FORWARD
398.9778,-44.7650,-47.8681,0.000,NORMAL,1,ROUTE,,,,,T1_REVERSE_TO_FORWARD
399.0778,-44.7257,-47.7761,0.000,NORMAL,1,ROUTE,,,,,T1_REVERSE_TO_FORWARD
399.1778,-44.6866,-47.6841,0.000,NORMAL,1,ROUTE,,,,,T1_REVERSE_TO_FORWARD
399.2777,-44.6477,-47.5921,0.000,NORMAL,1,ROUTE,,,,,T1_REVERSE_TO_FORWARD
399.3777,-44.6089,-47.4999,0.000,NORMAL,1,ROUTE,,,,,T1_REVERSE_TO_FORWARD
399.4777,-44.5704,-47.4076,0.000,NORMAL,1,ROUTE,,,,,T1_REVERSE_TO_FORWARD
399.5776,-44.5322,-47.3153,0.000,NORMAL,1,ROUTE,,,,,T1_REVERSE_TO_FORWARD
399.6776,-44.4942,-47.2228,0.000,NORMAL,1,ROUTE,,,,,T1_REVERSE_TO_FORWARD
399.7775,-44.4566,-47.1302,0.000,NORMAL,1,ROUTE,,,,,T1_REVERSE_TO_FORWARD
399.8775,-44.4193,-47.0374,0.000,NORMAL,1,ROUTE,,,,,T1_REVERSE_TO_FORWARD
399.9775,-44.3825,-46.9445,0.000,NORMAL,1,ROUTE,,,,,T1_REVERSE_TO_FORWARD
400.0775,-44.3460,-46.8514,0.000,NORMAL,1,ROUTE,,,,,T1_REVERSE_TO_FORWARD
400.1775,-44.3100,-46.7581,0.000,NORMAL,1,ROUTE,,,,,T1_REVERSE_TO_FORWARD
400.2774,-44.2744,-46.6647,0.000,NORMAL,1,ROUTE,,,,,T1_REVERSE_TO_FORWARD
400.3774,-44.2393,-46.5711,0.000,NORMAL,1,ROUTE,,,,,T1_REVERSE_TO_FORWARD
400.4774,-44.2047,-46.4773,0.000,NORMAL,1,ROUTE,,,,,T1_REVERSE_TO_FORWARD
400.5773,-44.1704,-46.3834,0.000,NORMAL,1,ROUTE,,,,,T1_REVERSE_TO_FORWARD
400.6774,-44.1365,-46.2893,0.000,NORMAL,1,ROUTE,,,,,T1_REVERSE_TO_FORWARD
400.7773,-44.1030,-46.1951,0.000,NORMAL,1,ROUTE,,,,,T1_REVERSE_TO_FORWARD
400.8773,-44.0696,-46.1009,0.000,NORMAL,1,ROUTE,,,,,T1_REVERSE_TO_FORWARD
400.9773,-44.0364,-46.0066,0.000,NORMAL,1,ROUTE,,,,,T1_REVERSE_TO_FORWARD
401.0772,-44.0032,-45.9123,0.000,NORMAL,1,ROUTE,,,,,T1_REVERSE_TO_FORWARD
401.1772,-43.9701,-45.8180,0.000,NORMAL,1,ROUTE,,,,,T1_REVERSE_TO_FORWARD
401.2772,-43.9368,-45.7237,0.000,NORMAL,1,ROUTE,,,,,T1_REVERSE_TO_FORWARD
401.3771,-43.9034,-45.6295,0.000,NORMAL,1,ROUTE,,,,,T1_REVERSE_TO_FORWARD
401.4771,-43.8696,-45.5354,0.000,NORMAL,1,ROUTE,,,,,T1_REVERSE_TO_FORWARD
401.5771,-43.8356,-45.4414,0.000,NORMAL,1,ROUTE,,,,,T1_REVERSE_TO_FORWARD
401.6770,-43.8011,-45.3476,0.000,NORMAL,1,ROUTE,,,,,T1_REVERSE_TO_FORWARD
401.7770,-43.7661,-45.2539,0.000,NORMAL,1,ROUTE,,,,,T1_REVERSE_TO_FORWARD
401.8771,-43.7306,-45.1604,0.000,NORMAL,1,ROUTE,,,,,T1_REVERSE_TO_FORWARD
401.9770,-43.6945,-45.0672,0.000,NORMAL,1,ROUTE,,,,,T1_REVERSE_TO_FORWARD
402.0770,-43.6578,-44.9742,0.000,NORMAL,1,ROUTE,,,,,T1_REVERSE_TO_FORWARD
402.1769,-43.6205,-44.8815,0.000,NORMAL,1,ROUTE,,,,,T1_REVERSE_TO_FORWARD
402.2769,-43.5825,-44.7890,0.000,NORMAL,1,ROUTE,,,,,T1_REVERSE_TO_FORWARD
402.3769,-43.5438,-44.6968,0.000,NORMAL,1,ROUTE,,,,,T1_REVERSE_TO_FORWARD
402.4769,-43.5046,-44.6048,0.000,NORMAL,1,ROUTE,,,,,T1_REVERSE_TO_FORWARD
402.5768,-43.4650,-44.5131,0.000,NORMAL,1,ROUTE,,,,,T1_REVERSE_TO_FORWARD
402.6768,-43.4250,-44.4214,0.000,NORMAL,1,ROUTE,,,,,T1_REVERSE_TO_FORWARD
402.7768,-43.3847,-44.3299,0.000,NORMAL,1,ROUTE,,,,,T1_REVERSE_TO_FORWARD
402.8767,-43.3443,-44.2385,0.000,NORMAL,1,ROUTE,,,,,T1_REVERSE_TO_FORWARD
402.9767,-43.3038,-44.1471,0.000,NORMAL,1,ROUTE,,,,,T1_REVERSE_TO_FORWARD
403.0767,-43.2633,-44.0557,0.000,NORMAL,1,ROUTE,,,,,T1_REVERSE_TO_FORWARD
403.1767,-43.2229,-43.9642,0.000,NORMAL,1,ROUTE,,,,,T1_REVERSE_TO_FORWARD
403.2766,-43.1827,-43.8727,0.000,NORMAL,1,ROUTE,,,,,T1_REVERSE_TO_FORWARD
403.3766,-43.1426,-43.7811,0.000,NORMAL,1,ROUTE,,,,,T1_REVERSE_TO_FORWARD
403.4766,-43.1026,-43.6895,0.000,NORMAL,1,ROUTE,,,,,T1_REVERSE_TO_FORWARD
403.5766,-43.0628,-43.5978,0.000,NORMAL,1,ROUTE,,,,,T1_REVERSE_TO_FORWARD
403.6765,-43.0232,-43.5060,0.000,NORMAL,1,ROUTE,,,,,T1_REVERSE_TO_FORWARD
403.7765,-42.9836,-43.4142,0.000,NORMAL,1,ROUTE,,,,,T1_REVERSE_TO_FORWARD
403.8765,-42.9442,-43.3223,0.000,NORMAL,1,ROUTE,,,,,T1_REVERSE_TO_FORWARD
403.9765,-42.9049,-43.2304,0.000,NORMAL,1,ROUTE,,,,,T1_REVERSE_TO_FORWARD
404.0765,-42.8657,-43.1384,0.000,NORMAL,1,ROUTE,,,,,T1_REVERSE_TO_FORWARD
404.1765,-42.8265,-43.0464,0.000,NORMAL,1,ROUTE,,,,,T1_REVERSE_TO_FORWARD
404.2764,-42.7874,-42.9544,0.000,NORMAL,1,ROUTE,,,,,T1_REVERSE_TO_FORWARD
404.3763,-42.7484,-42.8624,0.000,NORMAL,1,ROUTE,,,,,T1_REVERSE_TO_FORWARD
404.4763,-42.7094,-42.7704,0.000,NORMAL,1,ROUTE,,,,,T1_REVERSE_TO_FORWARD
404.5763,-42.6704,-42.6783,0.000,NORMAL,1,ROUTE,,,,,T1_REVERSE_TO_FORWARD
404.6763,-42.6314,-42.5862,0.000,NORMAL,1,ROUTE,,,,,T1_REVERSE_TO_FORWARD
404.7762,-42.5926,-42.4941,0.000,NORMAL,1,ROUTE,,,,,T1_REVERSE_TO_FORWARD
404.8762,-42.5538,-42.4020,0.000,NORMAL,1,ROUTE,,,,,T1_REVERSE_TO_FORWARD
404.9762,-42.5151,-42.3098,0.000,NORMAL,1,ROUTE,,,,,T1_REVERSE_TO_FORWARD
405.0762,-42.4766,-42.2175,0.000,NORMAL,1,ROUTE,,,,,T1_REVERSE_TO_FORWARD
405.1761,-42.4384,-42.1252,0.000,NORMAL,1,ROUTE,,,,,T1_REVERSE_TO_FORWARD
405.2761,-42.4003,-42.0327,0.000,NORMAL,1,ROUTE,,,,,T1_REVERSE_TO_FORWARD
405.3761,-42.3627,-41.9401,0.000,NORMAL,1,ROUTE,,,,,T1_REVERSE_TO_FORWARD
405.4761,-42.3254,-41.8473,0.000,NORMAL,1,ROUTE,,,,,T1_REVERSE_TO_FORWARD
405.5760,-42.2886,-41.7544,0.000,NORMAL,1,ROUTE,,,,,T1_REVERSE_TO_FORWARD
405.6760,-42.2523,-41.6612,0.000,NORMAL,1,ROUTE,,,,,T1_REVERSE_TO_FORWARD
405.7760,-42.2167,-41.5678,0.000,NORMAL,1,ROUTE,,,,,T1_REVERSE_TO_FORWARD
405.8759,-42.1817,-41.4742,0.000,NORMAL,1,ROUTE,,,,,T1_REVERSE_TO_FORWARD
405.9759,-42.1475,-41.3802,0.000,NORMAL,1,ROUTE,,,,,T1_REVERSE_TO_FORWARD
406.0759,-42.1140,-41.2860,0.000,NORMAL,1,ROUTE,,,,,T1_REVERSE_TO_FORWARD
406.1759,-42.0814,-41.1915,0.000,NORMAL,1,ROUTE,,,,,T1_REVERSE_TO_FORWARD
406.2759,-42.0496,-41.0967,0.000,NORMAL,1,ROUTE,,,,,T1_REVERSE_TO_FORWARD
406.3758,-42.0186,-41.0017,0.000,NORMAL,1,ROUTE,,,,,T1_REVERSE_TO_FORWARD
406.4758,-41.9884,-40.9064,0.000,NORMAL,1,ROUTE,,,,,T1_REVERSE_TO_FORWARD
406.5757,-41.9588,-40.8109,0.000,NORMAL,1,ROUTE,,,,,T1_REVERSE_TO_FORWARD
406.6757,-41.9297,-40.7153,0.000,NORMAL,1,ROUTE,,,,,T1_REVERSE_TO_FORWARD
406.7757,-41.9008,-40.6195,0.000,NORMAL,1,ROUTE,,,,,T1_REVERSE_TO_FORWARD
406.8757,-41.8721,-40.5238,0.000,NORMAL,1,ROUTE,,,,,T1_REVERSE_TO_FORWARD
406.9756,-41.8432,-40.4281,0.000,NORMAL,1,ROUTE,,,,,T1_REVERSE_TO_FORWARD
407.0756,-41.8138,-40.3325,0.000,NORMAL,1,ROUTE,,,,,T1_REVERSE_TO_FORWARD
407.1756,-41.7837,-40.2372,0.000,NORMAL,1,ROUTE,,,,,T1_REVERSE_TO_FORWARD
407.2756,-41.7525,-40.1422,0.000,NORMAL,1,ROUTE,,,,,T1_REVERSE_TO_FORWARD
407.3755,-41.7197,-40.0478,0.000,NORMAL,1,ROUTE,,,,,T1_REVERSE_TO_FORWARD
407.4344,-41.6995,-39.9925,0.000,TRAFFIC,1,TRAFFIC,TRAFFIC_3_RED_STOP,STOP_IF_CONDITION,TRAFFIC_LIGHT_RED,,T1_REVERSE_TO_FORWARD
407.4756,-41.6849,-39.9540,0.000,TRAFFIC,1,TRAFFIC,,,TRAFFIC_LIGHT_RED,,T1_REVERSE_TO_FORWARD
407.5755,-41.6481,-39.8611,0.000,TRAFFIC,1,TRAFFIC,,,TRAFFIC_LIGHT_RED,,T1_REVERSE_TO_FORWARD
407.6754,-41.6095,-39.7689,0.000,TRAFFIC,1,TRAFFIC,,,TRAFFIC_LIGHT_RED,,T1_REVERSE_TO_FORWARD
407.7754,-41.5697,-39.6772,0.000,TRAFFIC,1,TRAFFIC,,,TRAFFIC_LIGHT_RED,,T1_REVERSE_TO_FORWARD
407.8754,-41.5289,-39.5859,0.000,TRAFFIC,1,TRAFFIC,,,TRAFFIC_LIGHT_RED,,T1_REVERSE_TO_FORWARD
407.9754,-41.4874,-39.4949,0.000,TRAFFIC,1,TRAFFIC,,,TRAFFIC_LIGHT_RED,,T1_REVERSE_TO_FORWARD
408.0754,-41.4454,-39.4042,0.000,TRAFFIC,1,TRAFFIC,,,TRAFFIC_LIGHT_RED,,T1_REVERSE_TO_FORWARD
408.1753,-41.4030,-39.3137,0.000,TRAFFIC,1,TRAFFIC,,,TRAFFIC_LIGHT_RED,,T1_REVERSE_TO_FORWARD
408.2753,-41.3604,-39.2232,0.000,TRAFFIC,1,TRAFFIC,,,TRAFFIC_LIGHT_RED,,T1_REVERSE_TO_FORWARD
408.3753,-41.3177,-39.1328,0.000,TRAFFIC,1,TRAFFIC,,,TRAFFIC_LIGHT_RED,,T1_REVERSE_TO_FORWARD
408.4752,-41.2751,-39.0424,0.000,TRAFFIC,1,TRAFFIC,,,TRAFFIC_LIGHT_RED,,T1_REVERSE_TO_FORWARD
408.5752,-41.2325,-38.9520,0.000,TRAFFIC,1,TRAFFIC,,,TRAFFIC_LIGHT_RED,,T1_REVERSE_TO_FORWARD
408.6752,-41.1901,-38.8614,0.000,TRAFFIC,1,TRAFFIC,,,TRAFFIC_LIGHT_RED,,T1_REVERSE_TO_FORWARD
408.7752,-41.1479,-38.7708,0.000,TRAFFIC,1,TRAFFIC,,,TRAFFIC_LIGHT_RED,,T1_REVERSE_TO_FORWARD
408.8752,-41.1058,-38.6801,0.000,TRAFFIC,1,TRAFFIC,,,TRAFFIC_LIGHT_RED,,T1_REVERSE_TO_FORWARD
408.9751,-41.0639,-38.5894,0.000,TRAFFIC,1,TRAFFIC,,,TRAFFIC_LIGHT_RED,,T1_REVERSE_TO_FORWARD
409.0751,-41.0222,-38.4985,0.000,TRAFFIC,1,TRAFFIC,,,TRAFFIC_LIGHT_RED,,T1_REVERSE_TO_FORWARD
409.1750,-40.9806,-38.4076,0.000,TRAFFIC,1,TRAFFIC,,,TRAFFIC_LIGHT_RED,,T1_REVERSE_TO_FORWARD
409.2750,-40.9393,-38.3166,0.000,TRAFFIC,1,TRAFFIC,,,TRAFFIC_LIGHT_RED,,T1_REVERSE_TO_FORWARD
409.3750,-40.8980,-38.2255,0.000,TRAFFIC,1,TRAFFIC,,,TRAFFIC_LIGHT_RED,,T1_REVERSE_TO_FORWARD
409.4750,-40.8567,-38.1344,0.000,TRAFFIC,1,TRAFFIC,,,TRAFFIC_LIGHT_RED,,T1_REVERSE_TO_FORWARD
409.5750,-40.8156,-38.0433,0.000,TRAFFIC,1,TRAFFIC,,,TRAFFIC_LIGHT_RED,,T1_REVERSE_TO_FORWARD
409.6749,-40.7744,-37.9522,0.000,TRAFFIC,1,TRAFFIC,,,TRAFFIC_LIGHT_RED,,T1_REVERSE_TO_FORWARD
409.7749,-40.7333,-37.8611,0.000,TRAFFIC,1,TRAFFIC,,,TRAFFIC_LIGHT_RED,,T1_REVERSE_TO_FORWARD
409.8749,-40.6921,-37.7700,0.000,TRAFFIC,1,TRAFFIC,,,TRAFFIC_LIGHT_RED,,T1_REVERSE_TO_FORWARD
409.9748,-40.6510,-37.6789,0.000,TRAFFIC,1,TRAFFIC,,,TRAFFIC_LIGHT_RED,,T1_REVERSE_TO_FORWARD
410.0748,-40.6100,-37.5877,0.000,TRAFFIC,1,TRAFFIC,,,TRAFFIC_LIGHT_RED,,T1_REVERSE_TO_FORWARD
410.1748,-40.5691,-37.4965,0.000,TRAFFIC,1,TRAFFIC,,,TRAFFIC_LIGHT_RED,,T1_REVERSE_TO_FORWARD
410.2748,-40.5284,-37.4051,0.000,TRAFFIC,1,TRAFFIC,,,TRAFFIC_LIGHT_RED,,T1_REVERSE_TO_FORWARD
410.3747,-40.4881,-37.3137,0.000,TRAFFIC,1,TRAFFIC,,,TRAFFIC_LIGHT_RED,,T1_REVERSE_TO_FORWARD
410.4747,-40.4482,-37.2220,0.000,TRAFFIC,1,TRAFFIC,,,TRAFFIC_LIGHT_RED,,T1_REVERSE_TO_FORWARD
410.5747,-40.4088,-37.1301,0.000,TRAFFIC,1,TRAFFIC,,,TRAFFIC_LIGHT_RED,,T1_REVERSE_TO_FORWARD
410.6746,-40.3700,-37.0380,0.000,TRAFFIC,1,TRAFFIC,,,TRAFFIC_LIGHT_RED,,T1_REVERSE_TO_FORWARD
410.7746,-40.3319,-36.9456,0.000,TRAFFIC,1,TRAFFIC,,,TRAFFIC_LIGHT_RED,,T1_REVERSE_TO_FORWARD
410.8746,-40.2945,-36.8528,0.000,TRAFFIC,1,TRAFFIC,,,TRAFFIC_LIGHT_RED,,T1_REVERSE_TO_FORWARD
410.9746,-40.2577,-36.7599,0.000,TRAFFIC,1,TRAFFIC,,,TRAFFIC_LIGHT_RED,,T1_REVERSE_TO_FORWARD
411.0745,-40.2216,-36.6667,0.000,TRAFFIC,1,TRAFFIC,,,TRAFFIC_LIGHT_RED,,T1_REVERSE_TO_FORWARD
411.1745,-40.1859,-36.5733,0.000,TRAFFIC,1,TRAFFIC,,,TRAFFIC_LIGHT_RED,,T1_REVERSE_TO_FORWARD
411.2745,-40.1506,-36.4797,0.000,TRAFFIC,1,TRAFFIC,,,TRAFFIC_LIGHT_RED,,T1_REVERSE_TO_FORWARD
411.3745,-40.1156,-36.3861,0.000,TRAFFIC,1,TRAFFIC,,,TRAFFIC_LIGHT_RED,,T1_REVERSE_TO_FORWARD
411.4744,-40.0807,-36.2924,0.000,TRAFFIC,1,TRAFFIC,,,TRAFFIC_LIGHT_RED,,T1_REVERSE_TO_FORWARD
411.5744,-40.0458,-36.1987,0.000,TRAFFIC,1,TRAFFIC,,,TRAFFIC_LIGHT_RED,,T1_REVERSE_TO_FORWARD
411.6743,-40.0109,-36.1051,0.000,TRAFFIC,1,TRAFFIC,,,TRAFFIC_LIGHT_RED,,T1_REVERSE_TO_FORWARD
411.7743,-39.9757,-36.0115,0.000,TRAFFIC,1,TRAFFIC,,,TRAFFIC_LIGHT_RED,,T1_REVERSE_TO_FORWARD
411.8743,-39.9403,-35.9180,0.000,TRAFFIC,1,TRAFFIC,,,TRAFFIC_LIGHT_RED,,T1_REVERSE_TO_FORWARD
411.9743,-39.9045,-35.8246,0.000,TRAFFIC,1,TRAFFIC,,,TRAFFIC_LIGHT_RED,,T1_REVERSE_TO_FORWARD
412.0743,-39.8683,-35.7314,0.000,TRAFFIC,1,TRAFFIC,,,TRAFFIC_LIGHT_RED,,T1_REVERSE_TO_FORWARD
412.1742,-39.8318,-35.6384,0.000,TRAFFIC,1,TRAFFIC,,,TRAFFIC_LIGHT_RED,,T1_REVERSE_TO_FORWARD
412.2742,-39.7948,-35.5455,0.000,TRAFFIC,1,TRAFFIC,,,TRAFFIC_LIGHT_RED,,T1_REVERSE_TO_FORWARD
412.3742,-39.7575,-35.4527,0.000,TRAFFIC,1,TRAFFIC,,,TRAFFIC_LIGHT_RED,,T1_REVERSE_TO_FORWARD
412.4741,-39.7198,-35.3602,0.000,TRAFFIC,1,TRAFFIC,,,TRAFFIC_LIGHT_RED,,T1_REVERSE_TO_FORWARD
412.5742,-39.6817,-35.2677,0.000,TRAFFIC,1,TRAFFIC,,,TRAFFIC_LIGHT_RED,,T1_REVERSE_TO_FORWARD
412.6741,-39.6434,-35.1754,0.000,TRAFFIC,1,TRAFFIC,,,TRAFFIC_LIGHT_RED,,T1_REVERSE_TO_FORWARD
412.7741,-39.6047,-35.0832,0.000,TRAFFIC,1,TRAFFIC,,,TRAFFIC_LIGHT_RED,,T1_REVERSE_TO_FORWARD
412.8740,-39.5657,-34.9912,0.000,TRAFFIC,1,TRAFFIC,,,TRAFFIC_LIGHT_RED,,T1_REVERSE_TO_FORWARD
412.9741,-39.5264,-34.8992,0.000,TRAFFIC,1,TRAFFIC,,,TRAFFIC_LIGHT_RED,,T1_REVERSE_TO_FORWARD
413.0740,-39.4869,-34.8074,0.000,TRAFFIC,1,TRAFFIC,,,TRAFFIC_LIGHT_RED,,T1_REVERSE_TO_FORWARD
413.1740,-39.4473,-34.7156,0.000,TRAFFIC,1,TRAFFIC,,,TRAFFIC_LIGHT_RED,,T1_REVERSE_TO_FORWARD
413.2491,-39.4173,-34.6467,0.000,TRAFFIC,1,TRAFFIC,TRAFFIC_3_RED_STOP_END,,TRAFFIC_LIGHT_RED,,T1_REVERSE_TO_FORWARD
413.2740,-39.4074,-34.6239,0.000,TRAFFIC,1,TRAFFIC,,,TRAFFIC_LIGHT_RED,,T1_REVERSE_TO_FORWARD
413.3739,-39.3675,-34.5323,0.000,TRAFFIC,1,TRAFFIC,,,TRAFFIC_LIGHT_RED,,T1_REVERSE_TO_FORWARD
413.4740,-39.3270,-34.4408,0.000,TRAFFIC,1,TRAFFIC,,,TRAFFIC_LIGHT_RED,,T1_REVERSE_TO_FORWARD
413.5396,-39.2999,-34.3810,0.000,NORMAL,1,ROUTE,,,,,T1_REVERSE_TO_FORWARD
413.5738,-39.2856,-34.3499,0.000,NORMAL,1,ROUTE,,,,,T1_REVERSE_TO_FORWARD
413.6738,-39.2431,-34.2594,0.000,NORMAL,1,ROUTE,,,,,T1_REVERSE_TO_FORWARD
413.7738,-39.1997,-34.1693,0.000,NORMAL,1,ROUTE,,,,,T1_REVERSE_TO_FORWARD
413.8738,-39.1557,-34.0795,0.000,NORMAL,1,ROUTE,,,,,T1_REVERSE_TO_FORWARD
413.9737,-39.1113,-33.9900,0.000,NORMAL,1,ROUTE,,,,,T1_REVERSE_TO_FORWARD
414.0738,-39.0666,-33.9005,0.000,NORMAL,1,ROUTE,,,,,T1_REVERSE_TO_FORWARD
414.1737,-39.0219,-33.8111,0.000,NORMAL,1,ROUTE,,,,,T1_REVERSE_TO_FORWARD
414.2737,-38.9773,-33.7216,0.000,NORMAL,1,ROUTE,,,,,T1_REVERSE_TO_FORWARD
414.3737,-38.9332,-33.6319,0.000,NORMAL,1,ROUTE,,,,,T1_REVERSE_TO_FORWARD
414.4736,-38.8897,-33.5419,0.000,NORMAL,1,ROUTE,,,,,T1_REVERSE_TO_FORWARD
414.5736,-38.8471,-33.4515,0.000,NORMAL,1,ROUTE,,,,,T1_REVERSE_TO_FORWARD
414.6736,-38.8056,-33.3605,0.000,NORMAL,1,ROUTE,,,,,T1_REVERSE_TO_FORWARD
414.7736,-38.7655,-33.2689,0.000,NORMAL,1,ROUTE,,,,,T1_REVERSE_TO_FORWARD
414.8735,-38.7269,-33.1767,0.000,NORMAL,1,ROUTE,,,,,T1_REVERSE_TO_FORWARD
414.9735,-38.6900,-33.0838,0.000,NORMAL,1,ROUTE,,,,,T1_REVERSE_TO_FORWARD
415.0735,-38.6549,-32.9902,0.000,NORMAL,1,ROUTE,,,,,T1_REVERSE_TO_FORWARD
415.1734,-38.6218,-32.8959,0.000,NORMAL,1,ROUTE,,,,,T1_REVERSE_TO_FORWARD
415.2735,-38.5907,-32.8008,0.000,NORMAL,1,ROUTE,,,,,T1_REVERSE_TO_FORWARD
415.3733,-38.5618,-32.7052,0.000,NORMAL,1,ROUTE,,,,,T1_REVERSE_TO_FORWARD
415.4734,-38.5350,-32.6088,0.000,NORMAL,1,ROUTE,,,,,T1_REVERSE_TO_FORWARD
415.5733,-38.5105,-32.5119,0.000,NORMAL,1,ROUTE,,,,,T1_REVERSE_TO_FORWARD
415.6733,-38.4882,-32.4145,0.000,NORMAL,1,ROUTE,,,,,T1_REVERSE_TO_FORWARD
415.7733,-38.4682,-32.3165,0.000,NORMAL,1,ROUTE,,,,,T1_REVERSE_TO_FORWARD
415.8733,-38.4503,-32.2181,0.000,NORMAL,1,ROUTE,,,,,T1_REVERSE_TO_FORWARD
415.9732,-38.4344,-32.1195,0.000,NORMAL,1,ROUTE,,,,,T1_REVERSE_TO_FORWARD
416.0732,-38.4200,-32.0205,0.000,NORMAL,1,ROUTE,,,,,T1_REVERSE_TO_FORWARD
416.1732,-38.4070,-31.9214,0.000,NORMAL,1,ROUTE,,,,,T1_REVERSE_TO_FORWARD
416.2731,-38.3950,-31.8222,0.000,NORMAL,1,ROUTE,,,,,T1_REVERSE_TO_FORWARD
416.3731,-38.3836,-31.7228,0.000,NORMAL,1,ROUTE,,,,,T1_REVERSE_TO_FORWARD
416.4731,-38.3727,-31.6234,0.000,NORMAL,1,ROUTE,,,,,T1_REVERSE_TO_FORWARD
416.5731,-38.3621,-31.5240,0.000,NORMAL,1,ROUTE,,,,,T1_REVERSE_TO_FORWARD
416.6730,-38.3516,-31.4246,0.000,NORMAL,1,ROUTE,,,,,T1_REVERSE_TO_FORWARD
416.7730,-38.3412,-31.3252,0.000,NORMAL,1,ROUTE,,,,,T1_REVERSE_TO_FORWARD
416.8730,-38.3309,-31.2257,0.000,NORMAL,1,ROUTE,,,,,T1_REVERSE_TO_FORWARD
416.9729,-38.3209,-31.1263,0.000,NORMAL,1,ROUTE,,,,,T1_REVERSE_TO_FORWARD
417.0729,-38.3113,-31.0268,0.000,NORMAL,1,ROUTE,,,,,T1_REVERSE_TO_FORWARD
417.1729,-38.3021,-30.9272,0.000,NORMAL,1,ROUTE,,,,,T1_REVERSE_TO_FORWARD
417.2729,-38.2934,-30.8276,0.000,NORMAL,1,ROUTE,,,,,T1_REVERSE_TO_FORWARD
417.3728,-38.2855,-30.7280,0.000,NORMAL,1,ROUTE,,,,,T1_REVERSE_TO_FORWARD
417.4729,-38.2784,-30.6282,0.000,NORMAL,1,ROUTE,,,,,T1_REVERSE_TO_FORWARD
417.5727,-38.2721,-30.5285,0.000,NORMAL,1,ROUTE,,,,,T1_REVERSE_TO_FORWARD
417.6728,-38.2667,-30.4286,0.000,NORMAL,1,ROUTE,,,,,T1_REVERSE_TO_FORWARD
417.7727,-38.2620,-30.3288,0.000,NORMAL,1,ROUTE,,,,,T1_REVERSE_TO_FORWARD
417.8727,-38.2580,-30.2289,0.000,NORMAL,1,ROUTE,,,,,T1_REVERSE_TO_FORWARD
417.9727,-38.2544,-30.1290,0.000,NORMAL,1,ROUTE,,,,,T1_REVERSE_TO_FORWARD
418.0726,-38.2513,-30.0291,0.000,NORMAL,1,ROUTE,,,,,T1_REVERSE_TO_FORWARD
418.1726,-38.2484,-29.9291,0.000,NORMAL,1,ROUTE,,,,,T1_REVERSE_TO_FORWARD
418.2726,-38.2456,-29.8292,0.000,NORMAL,1,ROUTE,,,,,T1_REVERSE_TO_FORWARD
418.3726,-38.2429,-29.7292,0.000,NORMAL,1,ROUTE,,,,,T1_REVERSE_TO_FORWARD
418.4726,-38.2403,-29.6293,0.000,NORMAL,1,ROUTE,,,,,T1_REVERSE_TO_FORWARD
418.5725,-38.2379,-29.5294,0.000,NORMAL,1,ROUTE,,,,,T1_REVERSE_TO_FORWARD
418.6725,-38.2358,-29.4294,0.000,NORMAL,1,ROUTE,,,,,T1_REVERSE_TO_FORWARD
418.7724,-38.2342,-29.3295,0.000,NORMAL,1,ROUTE,,,,,T1_REVERSE_TO_FORWARD
418.8724,-38.2332,-29.2295,0.000,NORMAL,1,ROUTE,,,,,T1_REVERSE_TO_FORWARD
418.9724,-38.2330,-29.1295,0.000,NORMAL,1,ROUTE,,,,,T1_REVERSE_TO_FORWARD
419.0724,-38.2340,-29.0295,0.000,NORMAL,1,ROUTE,,,,,T1_REVERSE_TO_FORWARD
419.1724,-38.2364,-28.9296,0.000,NORMAL,1,ROUTE,,,,,T1_REVERSE_TO_FORWARD
419.2723,-38.2402,-28.8297,0.000,NORMAL,1,ROUTE,,,,,T1_REVERSE_TO_FORWARD
419.3723,-38.2458,-28.7299,0.000,NORMAL,1,ROUTE,,,,,T1_REVERSE_TO_FORWARD
419.4722,-38.2531,-28.6302,0.000,NORMAL,1,ROUTE,,,,,T1_REVERSE_TO_FORWARD
419.5723,-38.2623,-28.5306,0.000,NORMAL,1,ROUTE,,,,,T1_REVERSE_TO_FORWARD
419.6723,-38.2731,-28.4312,0.000,NORMAL,1,ROUTE,,,,,T1_REVERSE_TO_FORWARD
419.7722,-38.2854,-28.3320,0.000,NORMAL,1,ROUTE,,,,,T1_REVERSE_TO_FORWARD
419.8722,-38.2991,-28.2330,0.000,NORMAL,1,ROUTE,,,,,T1_REVERSE_TO_FORWARD
419.9722,-38.3139,-28.1341,0.000,NORMAL,1,ROUTE,,,,,T1_REVERSE_TO_FORWARD
420.0721,-38.3297,-28.0354,0.000,NORMAL,1,ROUTE,,,,,T1_REVERSE_TO_FORWARD
420.1721,-38.3463,-27.9368,0.000,NORMAL,1,ROUTE,,,,,T1_REVERSE_TO_FORWARD
420.2721,-38.3635,-27.8383,0.000,NORMAL,1,ROUTE,,,,,T1_REVERSE_TO_FORWARD
420.3721,-38.3811,-27.7399,0.000,NORMAL,1,ROUTE,,,,,T1_REVERSE_TO_FORWARD
420.4720,-38.3990,-27.6416,0.000,NORMAL,1,ROUTE,,,,,T1_REVERSE_TO_FORWARD
420.5720,-38.4170,-27.5432,0.000,NORMAL,1,ROUTE,,,,,T1_REVERSE_TO_FORWARD
420.6719,-38.4350,-27.4449,0.000,NORMAL,1,ROUTE,,,,,T1_REVERSE_TO_FORWARD
420.7719,-38.4530,-27.3466,0.000,NORMAL,1,ROUTE,,,,,T1_REVERSE_TO_FORWARD
420.8719,-38.4708,-27.2482,0.000,NORMAL,1,ROUTE,,,,,T1_REVERSE_TO_FORWARD
420.9718,-38.4883,-27.1498,0.000,NORMAL,1,ROUTE,,,,,T1_REVERSE_TO_FORWARD
421.0718,-38.5056,-27.0513,0.000,NORMAL,1,ROUTE,,,,,T1_REVERSE_TO_FORWARD
421.1718,-38.5225,-26.9528,0.000,NORMAL,1,ROUTE,,,,,T1_REVERSE_TO_FORWARD
421.2718,-38.5391,-26.8542,0.000,NORMAL,1,ROUTE,,,,,T1_REVERSE_TO_FORWARD
421.3718,-38.5554,-26.7555,0.000,NORMAL,1,ROUTE,,,,,T1_REVERSE_TO_FORWARD
421.4718,-38.5713,-26.6568,0.000,NORMAL,1,ROUTE,,,,,T1_REVERSE_TO_FORWARD
421.5717,-38.5869,-26.5581,0.000,NORMAL,1,ROUTE,,,,,T1_REVERSE_TO_FORWARD
421.6717,-38.6023,-26.4593,0.000,NORMAL,1,ROUTE,,,,,T1_REVERSE_TO_FORWARD
421.7716,-38.6175,-26.3605,0.000,NORMAL,1,ROUTE,,,,,T1_REVERSE_TO_FORWARD
421.8716,-38.6325,-26.2617,0.000,NORMAL,1,ROUTE,,,,,T1_REVERSE_TO_FORWARD
421.9716,-38.6475,-26.1628,0.000,NORMAL,1,ROUTE,,,,,T1_REVERSE_TO_FORWARD
422.0715,-38.6624,-26.0640,0.000,NORMAL,1,ROUTE,,,,,T1_REVERSE_TO_FORWARD
422.1715,-38.6773,-25.9651,0.000,NORMAL,1,ROUTE,,,,,T1_REVERSE_TO_FORWARD
422.2715,-38.6923,-25.8663,0.000,NORMAL,1,ROUTE,,,,,T1_REVERSE_TO_FORWARD
422.3715,-38.7074,-25.7674,0.000,NORMAL,1,ROUTE,,,,,T1_REVERSE_TO_FORWARD
422.4715,-38.7226,-25.6686,0.000,NORMAL,1,ROUTE,,,,,T1_REVERSE_TO_FORWARD
422.5715,-38.7379,-25.5698,0.000,NORMAL,1,ROUTE,,,,,T1_REVERSE_TO_FORWARD
422.6714,-38.7536,-25.4711,0.000,NORMAL,1,ROUTE,,,,,T1_REVERSE_TO_FORWARD
422.7714,-38.7695,-25.3724,0.000,NORMAL,1,ROUTE,,,,,T1_REVERSE_TO_FORWARD
422.8713,-38.7858,-25.2738,0.000,NORMAL,1,ROUTE,,,,,T1_REVERSE_TO_FORWARD
422.9713,-38.8026,-25.1752,0.000,NORMAL,1,ROUTE,,,,,T1_REVERSE_TO_FORWARD
423.0713,-38.8198,-25.0767,0.000,NORMAL,1,ROUTE,,,,,T1_REVERSE_TO_FORWARD
423.1712,-38.8377,-24.9784,0.000,NORMAL,1,ROUTE,,,,,T1_REVERSE_TO_FORWARD
423.2713,-38.8563,-24.8801,0.000,NORMAL,1,ROUTE,,,,,T1_REVERSE_TO_FORWARD
423.3712,-38.8757,-24.7821,0.000,NORMAL,1,ROUTE,,,,,T1_REVERSE_TO_FORWARD
423.4712,-38.8961,-24.6842,0.000,NORMAL,1,ROUTE,,,,,T1_REVERSE_TO_FORWARD
423.5712,-38.9175,-24.5865,0.000,NORMAL,1,ROUTE,,,,,T1_REVERSE_TO_FORWARD
423.6711,-38.9402,-24.4892,0.000,NORMAL,1,ROUTE,,,,,T1_REVERSE_TO_FORWARD
423.7712,-38.9643,-24.3921,0.000,NORMAL,1,ROUTE,,,,,T1_REVERSE_TO_FORWARD
423.8711,-38.9899,-24.2955,0.000,NORMAL,1,ROUTE,,,,,T1_REVERSE_TO_FORWARD
423.9711,-39.0174,-24.1994,0.000,NORMAL,1,ROUTE,,,,,T1_REVERSE_TO_FORWARD
424.0711,-39.0468,-24.1038,0.000,NORMAL,1,ROUTE,,,,,T1_REVERSE_TO_FORWARD
424.1710,-39.0783,-24.0090,0.000,NORMAL,1,ROUTE,,,,,T1_REVERSE_TO_FORWARD
424.2710,-39.1121,-23.9149,0.000,NORMAL,1,ROUTE,,,,,T1_REVERSE_TO_FORWARD
424.3710,-39.1484,-23.8217,0.000,NORMAL,1,ROUTE,,,,,T1_REVERSE_TO_FORWARD
424.4710,-39.1873,-23.7296,0.000,NORMAL,1,ROUTE,,,,,T1_REVERSE_TO_FORWARD
424.5708,-39.2289,-23.6388,0.000,NORMAL,1,ROUTE,,,,,T1_REVERSE_TO_FORWARD
424.6708,-39.2733,-23.5492,0.000,NORMAL,1,ROUTE,,,,,T1_REVERSE_TO_FORWARD
424.7709,-39.3205,-23.4610,0.000,NORMAL,1,ROUTE,,,,,T1_REVERSE_TO_FORWARD
424.8708,-39.3703,-23.3744,0.000,NORMAL,1,ROUTE,,,,,T1_REVERSE_TO_FORWARD
424.9708,-39.4227,-23.2892,0.000,NORMAL,1,ROUTE,,,,,T1_REVERSE_TO_FORWARD
425.0708,-39.4777,-23.2057,0.000,NORMAL,1,ROUTE,,,,,T1_REVERSE_TO_FORWARD
425.1707,-39.5352,-23.1240,0.000,NORMAL,1,ROUTE,,,,,T1_REVERSE_TO_FORWARD
425.2707,-39.5952,-23.0440,0.000,NORMAL,1,ROUTE,,,,,T1_REVERSE_TO_FORWARD
425.3706,-39.6576,-22.9659,0.000,NORMAL,1,ROUTE,,,,,T1_REVERSE_TO_FORWARD
425.4706,-39.7224,-22.8898,0.000,NORMAL,1,ROUTE,,,,,T1_REVERSE_TO_FORWARD
425.5706,-39.7896,-22.8158,0.000,NORMAL,1,ROUTE,,,,,T1_REVERSE_TO_FORWARD
425.6706,-39.8591,-22.7439,0.000,NORMAL,1,ROUTE,,,,,T1_REVERSE_TO_FORWARD
425.7705,-39.9307,-22.6742,0.000,NORMAL,1,ROUTE,,,,,T1_REVERSE_TO_FORWARD
425.8705,-40.0044,-22.6066,0.000,NORMAL,1,ROUTE,,,,,T1_REVERSE_TO_FORWARD
425.9704,-40.0800,-22.5412,0.000,NORMAL,1,ROUTE,,,,,T1_REVERSE_TO_FORWARD
426.0704,-40.1576,-22.4782,0.000,NORMAL,1,ROUTE,,,,,T1_REVERSE_TO_FORWARD
426.1704,-40.2369,-22.4173,0.000,NORMAL,1,ROUTE,,,,,T1_REVERSE_TO_FORWARD
426.2704,-40.3180,-22.3588,0.000,NORMAL,1,ROUTE,,,,,T1_REVERSE_TO_FORWARD
426.3703,-40.4005,-22.3024,0.000,NORMAL,1,ROUTE,,,,,T1_REVERSE_TO_FORWARD
426.4703,-40.4844,-22.2480,0.000,NORMAL,1,ROUTE,,,,,T1_REVERSE_TO_FORWARD
426.5702,-40.5694,-22.1955,0.000,NORMAL,1,ROUTE,,,,,T1_REVERSE_TO_FORWARD
426.6703,-40.6554,-22.1444,0.000,NORMAL,1,ROUTE,,,,,T1_REVERSE_TO_FORWARD
426.7703,-40.7422,-22.0947,0.000,NORMAL,1,ROUTE,,,,,T1_REVERSE_TO_FORWARD
426.8702,-40.8295,-22.0461,0.000,NORMAL,1,ROUTE,,,,,T1_REVERSE_TO_FORWARD
426.9702,-40.9174,-21.9984,0.000,NORMAL,1,ROUTE,,,,,T1_REVERSE_TO_FORWARD
427.0701,-41.0056,-21.9514,0.000,NORMAL,1,ROUTE,,,,,T1_REVERSE_TO_FORWARD
427.1701,-41.0941,-21.9050,0.000,NORMAL,1,ROUTE,,,,,T1_REVERSE_TO_FORWARD
427.2701,-41.1829,-21.8589,0.000,NORMAL,1,ROUTE,,,,,T1_REVERSE_TO_FORWARD
427.3701,-41.2718,-21.8132,0.000,NORMAL,1,ROUTE,,,,,T1_REVERSE_TO_FORWARD
427.4700,-41.3608,-21.7677,0.000,NORMAL,1,ROUTE,,,,,T1_REVERSE_TO_FORWARD
427.5700,-41.4499,-21.7224,0.000,NORMAL,1,ROUTE,,,,,T1_REVERSE_TO_FORWARD
427.6700,-41.5391,-21.6772,0.000,NORMAL,1,ROUTE,,,,,T1_REVERSE_TO_FORWARD
427.7699,-41.6283,-21.6321,0.000,NORMAL,1,ROUTE,,,,,T1_REVERSE_TO_FORWARD
427.8700,-41.7177,-21.5872,0.000,NORMAL,1,ROUTE,,,,,T1_REVERSE_TO_FORWARD
427.9699,-41.8071,-21.5425,0.000,NORMAL,1,ROUTE,,,,,T1_REVERSE_TO_FORWARD
428.0699,-41.8966,-21.4979,0.000,NORMAL,1,ROUTE,,,,,T1_REVERSE_TO_FORWARD
428.1698,-41.9861,-21.4536,0.000,NORMAL,1,ROUTE,,,,,T1_REVERSE_TO_FORWARD
428.2698,-42.0758,-21.4094,0.000,NORMAL,1,ROUTE,,,,,T1_REVERSE_TO_FORWARD
428.3697,-42.1656,-21.3655,0.000,NORMAL,1,ROUTE,,,,,T1_REVERSE_TO_FORWARD
428.4697,-42.2555,-21.3218,0.000,NORMAL,1,ROUTE,,,,,T1_REVERSE_TO_FORWARD
428.5697,-42.3455,-21.2782,0.000,NORMAL,1,ROUTE,,,,,T1_REVERSE_TO_FORWARD
428.6697,-42.4356,-21.2348,0.000,NORMAL,1,ROUTE,,,,,T1_REVERSE_TO_FORWARD
428.7697,-42.5257,-21.1915,0.000,NORMAL,1,ROUTE,,,,,T1_REVERSE_TO_FORWARD
428.8697,-42.6159,-21.1483,0.000,NORMAL,1,ROUTE,,,,,T1_REVERSE_TO_FORWARD
428.9696,-42.7060,-21.1052,0.000,NORMAL,1,ROUTE,,,,,T1_REVERSE_TO_FORWARD
429.0696,-42.7962,-21.0620,0.000,NORMAL,1,ROUTE,,,,,T1_REVERSE_TO_FORWARD
429.1696,-42.8865,-21.0190,0.000,NORMAL,1,ROUTE,,,,,T1_REVERSE_TO_FORWARD
429.2695,-42.9767,-20.9760,0.000,NORMAL,1,ROUTE,,,,,T1_REVERSE_TO_FORWARD
429.3695,-43.0670,-20.9330,0.000,NORMAL,1,ROUTE,,,,,T1_REVERSE_TO_FORWARD
429.4695,-43.1573,-20.8902,0.000,NORMAL,1,ROUTE,,,,,T1_REVERSE_TO_FORWARD
429.5694,-43.2477,-20.8475,0.000,NORMAL,1,ROUTE,,,,,T1_REVERSE_TO_FORWARD
429.6695,-43.3383,-20.8051,0.000,NORMAL,1,ROUTE,,,,,T1_REVERSE_TO_FORWARD
429.7694,-43.4289,-20.7629,0.000,NORMAL,1,ROUTE,,,,,T1_REVERSE_TO_FORWARD
429.8694,-43.5197,-20.7211,0.000,NORMAL,1,ROUTE,,,,,T1_REVERSE_TO_FORWARD
429.9694,-43.6107,-20.6797,0.000,NORMAL,1,ROUTE,,,,,T1_REVERSE_TO_FORWARD
430.0693,-43.7019,-20.6388,0.000,NORMAL,1,ROUTE,,,,,T1_REVERSE_TO_FORWARD
430.1693,-43.7933,-20.5983,0.000,NORMAL,1,ROUTE,,,,,T1_REVERSE_TO_FORWARD
430.2692,-43.8849,-20.5583,0.000,NORMAL,1,ROUTE,,,,,T1_REVERSE_TO_FORWARD
430.3693,-43.9768,-20.5187,0.000,NORMAL,1,ROUTE,,,,,T1_REVERSE_TO_FORWARD
430.4693,-44.0688,-20.4796,0.000,NORMAL,1,ROUTE,,,,,T1_REVERSE_TO_FORWARD
430.5692,-44.1609,-20.4409,0.000,NORMAL,1,ROUTE,,,,,T1_REVERSE_TO_FORWARD
430.6692,-44.2532,-20.4024,0.000,NORMAL,1,ROUTE,,,,,T1_REVERSE_TO_FORWARD
430.7691,-44.3456,-20.3643,0.000,NORMAL,1,ROUTE,,,,,T1_REVERSE_TO_FORWARD
430.8691,-44.4381,-20.3264,0.000,NORMAL,1,ROUTE,,,,,T1_REVERSE_TO_FORWARD
430.9691,-44.5307,-20.2886,0.000,NORMAL,1,ROUTE,,,,,T1_REVERSE_TO_FORWARD
431.0690,-44.6233,-20.2510,0.000,NORMAL,1,ROUTE,,,,,T1_REVERSE_TO_FORWARD
431.1690,-44.7159,-20.2134,0.000,NORMAL,1,ROUTE,,,,,T1_REVERSE_TO_FORWARD
431.2691,-44.8086,-20.1757,0.000,NORMAL,1,ROUTE,,,,,T1_REVERSE_TO_FORWARD
431.3690,-44.9011,-20.1380,0.000,NORMAL,1,ROUTE,,,,,T1_REVERSE_TO_FORWARD
431.4689,-44.9936,-20.1001,0.000,NORMAL,1,ROUTE,,,,,T1_REVERSE_TO_FORWARD
431.5690,-45.0861,-20.0619,0.000,NORMAL,1,ROUTE,,,,,T1_REVERSE_TO_FORWARD
431.6690,-45.1784,-20.0235,0.000,NORMAL,1,ROUTE,,,,,T1_REVERSE_TO_FORWARD
431.7689,-45.2705,-19.9848,0.000,NORMAL,1,ROUTE,,,,,T1_REVERSE_TO_FORWARD
431.8689,-45.3626,-19.9457,0.000,NORMAL,1,ROUTE,,,,,T1_REVERSE_TO_FORWARD
431.9688,-45.4544,-19.9063,0.000,NORMAL,1,ROUTE,,,,,T1_REVERSE_TO_FORWARD
432.0688,-45.5461,-19.8665,0.000,NORMAL,1,ROUTE,,,,,T1_REVERSE_TO_FORWARD
432.1687,-45.6376,-19.8263,0.000,NORMAL,1,ROUTE,,,,,T1_REVERSE_TO_FORWARD
432.2687,-45.7290,-19.7858,0.000,NORMAL,1,ROUTE,,,,,T1_REVERSE_TO_FORWARD
432.3687,-45.8203,-19.7449,0.000,NORMAL,1,ROUTE,,,,,T1_REVERSE_TO_FORWARD
432.4686,-45.9114,-19.7039,0.000,NORMAL,1,ROUTE,,,,,T1_REVERSE_TO_FORWARD
432.5687,-46.0025,-19.6626,0.000,NORMAL,1,ROUTE,,,,,T1_REVERSE_TO_FORWARD
432.6686,-46.0935,-19.6212,0.000,NORMAL,1,ROUTE,,,,,T1_REVERSE_TO_FORWARD
432.7687,-46.1845,-19.5797,0.000,NORMAL,1,ROUTE,,,,,T1_REVERSE_TO_FORWARD
432.8686,-46.2754,-19.5381,0.000,NORMAL,1,ROUTE,,,,,T1_REVERSE_TO_FORWARD
432.9685,-46.3663,-19.4966,0.000,NORMAL,1,ROUTE,,,,,T1_REVERSE_TO_FORWARD
433.0685,-46.4573,-19.4552,0.000,NORMAL,1,ROUTE,,,,,T1_REVERSE_TO_FORWARD
433.1685,-46.5484,-19.4139,0.000,NORMAL,1,ROUTE,,,,,T1_REVERSE_TO_FORWARD
433.2684,-46.6395,-19.3729,0.000,NORMAL,1,ROUTE,,,,,T1_REVERSE_TO_FORWARD
433.3684,-46.7308,-19.3321,0.000,NORMAL,1,ROUTE,,,,,T1_REVERSE_TO_FORWARD
433.4684,-46.8222,-19.2916,0.000,NORMAL,1,ROUTE,,,,,T1_REVERSE_TO_FORWARD
433.5684,-46.9138,-19.2516,0.000,NORMAL,1,ROUTE,,,,,T1_REVERSE_TO_FORWARD
433.6683,-47.0056,-19.2120,0.000,NORMAL,1,ROUTE,,,,,T1_REVERSE_TO_FORWARD
433.7683,-47.0976,-19.1729,0.000,NORMAL,1,ROUTE,,,,,T1_REVERSE_TO_FORWARD
433.8684,-47.1899,-19.1343,0.000,NORMAL,1,ROUTE,,,,,T1_REVERSE_TO_FORWARD
433.9683,-47.2823,-19.0963,0.000,NORMAL,1,ROUTE,,,,,T1_REVERSE_TO_FORWARD
434.0683,-47.3750,-19.0588,0.000,NORMAL,1,ROUTE,,,,,T1_REVERSE_TO_FORWARD
434.1683,-47.4679,-19.0218,0.000,NORMAL,1,ROUTE,,,,,T1_REVERSE_TO_FORWARD
434.2682,-47.5609,-18.9852,0.000,NORMAL,1,ROUTE,,,,,T1_REVERSE_TO_FORWARD
434.3681,-47.6541,-18.9491,0.000,NORMAL,1,ROUTE,,,,,T1_REVERSE_TO_FORWARD
434.4682,-47.7475,-18.9132,0.000,NORMAL,1,ROUTE,,,,,T1_REVERSE_TO_FORWARD
434.5682,-47.8409,-18.8776,0.000,NORMAL,1,ROUTE,,,,,T1_REVERSE_TO_FORWARD
434.6681,-47.9344,-18.8422,0.000,NORMAL,1,ROUTE,,,,,T1_REVERSE_TO_FORWARD
434.7681,-48.0279,-18.8069,0.000,NORMAL,1,ROUTE,,,,,T1_REVERSE_TO_FORWARD
434.8680,-48.1214,-18.7716,0.000,NORMAL,1,ROUTE,,,,,T1_REVERSE_TO_FORWARD
434.9680,-48.2149,-18.7362,0.000,NORMAL,1,ROUTE,,,,,T1_REVERSE_TO_FORWARD
435.0680,-48.3083,-18.7006,0.000,NORMAL,1,ROUTE,,,,,T1_REVERSE_TO_FORWARD
435.1680,-48.4017,-18.6647,0.000,NORMAL,1,ROUTE,,,,,T1_REVERSE_TO_FORWARD
435.2679,-48.4948,-18.6285,0.000,NORMAL,1,ROUTE,,,,,T1_REVERSE_TO_FORWARD
435.3679,-48.5878,-18.5918,0.000,NORMAL,1,ROUTE,,,,,T1_REVERSE_TO_FORWARD
435.4678,-48.6806,-18.5547,0.000,NORMAL,1,ROUTE,,,,,T1_REVERSE_TO_FORWARD
435.5678,-48.7732,-18.5169,0.000,NORMAL,1,ROUTE,,,,,T1_REVERSE_TO_FORWARD
435.6678,-48.8655,-18.4785,0.000,NORMAL,1,ROUTE,,,,,T1_REVERSE_TO_FORWARD
435.7678,-48.9576,-18.4395,0.000,NORMAL,1,ROUTE,,,,,T1_REVERSE_TO_FORWARD
435.8678,-49.0494,-18.4000,0.000,NORMAL,1,ROUTE,,,,,T1_REVERSE_TO_FORWARD
435.9678,-49.1410,-18.3599,0.000,NORMAL,1,ROUTE,,,,,T1_REVERSE_TO_FORWARD
436.0677,-49.2324,-18.3194,0.000,NORMAL,1,ROUTE,,,,,T1_REVERSE_TO_FORWARD
436.1677,-49.3237,-18.2787,0.000,NORMAL,1,ROUTE,,,,,T1_REVERSE_TO_FORWARD
436.2676,-49.4149,-18.2378,0.000,NORMAL,1,ROUTE,,,,,T1_REVERSE_TO_FORWARD
436.3677,-49.5062,-18.1969,0.000,NORMAL,1,ROUTE,,,,,T1_REVERSE_TO_FORWARD
436.4676,-49.5974,-18.1562,0.000,NORMAL,1,ROUTE,,,,,T1_REVERSE_TO_FORWARD
436.5676,-49.6888,-18.1156,0.000,NORMAL,1,ROUTE,,,,,T1_REVERSE_TO_FORWARD
436.6676,-49.7803,-18.0753,0.000,NORMAL,1,ROUTE,,,,,T1_REVERSE_TO_FORWARD
436.7676,-49.8720,-18.0353,0.000,NORMAL,1,ROUTE,,,,,T1_REVERSE_TO_FORWARD
436.8675,-49.9637,-17.9957,0.000,NORMAL,1,ROUTE,,,,,T1_REVERSE_TO_FORWARD
436.9675,-50.0557,-17.9565,0.000,NORMAL,1,ROUTE,,,,,T1_REVERSE_TO_FORWARD
437.0674,-50.1477,-17.9175,0.000,NORMAL,1,ROUTE,,,,,T1_REVERSE_TO_FORWARD
437.1674,-50.2399,-17.8788,0.000,NORMAL,1,ROUTE,,,,,T1_REVERSE_TO_FORWARD
437.2674,-50.3322,-17.8403,0.000,NORMAL,1,ROUTE,,,,,T1_REVERSE_TO_FORWARD
437.3674,-50.4245,-17.8019,0.000,NORMAL,1,ROUTE,,,,,T1_REVERSE_TO_FORWARD
437.4674,-50.5169,-17.7637,0.000,NORMAL,1,ROUTE,,,,,T1_REVERSE_TO_FORWARD
437.5674,-50.6093,-17.7255,0.000,NORMAL,1,ROUTE,,,,,T1_REVERSE_TO_FORWARD
437.6673,-50.7017,-17.6873,0.000,NORMAL,1,ROUTE,,,,,T1_REVERSE_TO_FORWARD
437.7672,-50.7940,-17.6491,0.000,NORMAL,1,ROUTE,,,,,T1_REVERSE_TO_FORWARD
437.8673,-50.8864,-17.6107,0.000,NORMAL,1,ROUTE,,,,,T1_REVERSE_TO_FORWARD
437.9672,-50.9786,-17.5722,0.000,NORMAL,1,ROUTE,,,,,T1_REVERSE_TO_FORWARD
438.0672,-51.0708,-17.5336,0.000,NORMAL,1,ROUTE,,,,,T1_REVERSE_TO_FORWARD
438.1672,-51.1630,-17.4948,0.000,NORMAL,1,ROUTE,,,,,T1_REVERSE_TO_FORWARD
438.2671,-51.2550,-17.4558,0.000,NORMAL,1,ROUTE,,,,,T1_REVERSE_TO_FORWARD
438.3671,-51.3470,-17.4166,0.000,NORMAL,1,ROUTE,,,,,T1_REVERSE_TO_FORWARD
438.4671,-51.4389,-17.3772,0.000,NORMAL,1,ROUTE,,,,,T1_REVERSE_TO_FORWARD
438.5670,-51.5307,-17.3377,0.000,NORMAL,1,ROUTE,,,,,T1_REVERSE_TO_FORWARD
438.6671,-51.6226,-17.2982,0.000,NORMAL,1,ROUTE,,,,,T1_REVERSE_TO_FORWARD
438.7670,-51.7144,-17.2587,0.000,NORMAL,1,ROUTE,,,,,T1_REVERSE_TO_FORWARD
438.8670,-51.8063,-17.2193,0.000,NORMAL,1,ROUTE,,,,,T1_REVERSE_TO_FORWARD
438.9669,-51.8982,-17.1801,0.000,NORMAL,1,ROUTE,,,,,T1_REVERSE_TO_FORWARD
439.0669,-51.9903,-17.1412,0.000,NORMAL,1,ROUTE,,,,,T1_REVERSE_TO_FORWARD
439.1669,-52.0826,-17.1027,0.000,NORMAL,1,ROUTE,,,,,T1_REVERSE_TO_FORWARD
439.2669,-52.1751,-17.0648,0.000,NORMAL,1,ROUTE,,,,,T1_REVERSE_TO_FORWARD
439.3668,-52.2678,-17.0274,0.000,NORMAL,1,ROUTE,,,,,T1_REVERSE_TO_FORWARD
439.4668,-52.3608,-16.9906,0.000,NORMAL,1,ROUTE,,,,,T1_REVERSE_TO_FORWARD
439.5668,-52.4540,-16.9545,0.000,NORMAL,1,ROUTE,,,,,T1_REVERSE_TO_FORWARD
439.6668,-52.5475,-16.9190,0.000,NORMAL,1,ROUTE,,,,,T1_REVERSE_TO_FORWARD
439.7668,-52.6412,-16.8841,0.000,NORMAL,1,ROUTE,,,,,T1_REVERSE_TO_FORWARD
439.8667,-52.7351,-16.8499,0.000,NORMAL,1,ROUTE,,,,,T1_REVERSE_TO_FORWARD
439.9667,-52.8292,-16.8162,0.000,NORMAL,1,ROUTE,,,,,T1_REVERSE_TO_FORWARD
440.0666,-52.9235,-16.7830,0.000,NORMAL,1,ROUTE,,,,,T1_REVERSE_TO_FORWARD
440.1666,-53.0180,-16.7504,0.000,NORMAL,1,ROUTE,,,,,T1_REVERSE_TO_FORWARD
440.2666,-53.1127,-16.7182,0.000,NORMAL,1,ROUTE,,,,,T1_REVERSE_TO_FORWARD
440.3666,-53.2074,-16.6863,0.000,NORMAL,1,ROUTE,,,,,T1_REVERSE_TO_FORWARD
440.4666,-53.3023,-16.6548,0.000,NORMAL,1,ROUTE,,,,,T1_REVERSE_TO_FORWARD
440.5665,-53.3972,-16.6234,0.000,NORMAL,1,ROUTE,,,,,T1_REVERSE_TO_FORWARD
440.6665,-53.4922,-16.5922,0.000,NORMAL,1,ROUTE,,,,,T1_REVERSE_TO_FORWARD
440.7665,-53.5872,-16.5611,0.000,NORMAL,1,ROUTE,,,,,T1_REVERSE_TO_FORWARD
440.8665,-53.6822,-16.5298,0.000,NORMAL,1,ROUTE,,,,,T1_REVERSE_TO_FORWARD
440.9664,-53.7771,-16.4985,0.000,NORMAL,1,ROUTE,,,,,T1_REVERSE_TO_FORWARD
441.0664,-53.8719,-16.4669,0.000,NORMAL,1,ROUTE,,,,,T1_REVERSE_TO_FORWARD
441.1664,-53.9667,-16.4350,0.000,NORMAL,1,ROUTE,,,,,T1_REVERSE_TO_FORWARD
441.2663,-54.0613,-16.4027,0.000,NORMAL,1,ROUTE,,,,,T1_REVERSE_TO_FORWARD
441.3663,-54.1558,-16.3700,0.000,NORMAL,1,ROUTE,,,,,T1_REVERSE_TO_FORWARD
441.4663,-54.2501,-16.3368,0.000,NORMAL,1,ROUTE,,,,,T1_REVERSE_TO_FORWARD
441.5663,-54.3442,-16.3031,0.000,NORMAL,1,ROUTE,,,,,T1_REVERSE_TO_FORWARD
441.6662,-54.4381,-16.2689,0.000,NORMAL,1,ROUTE,,,,,T1_REVERSE_TO_FORWARD
441.7662,-54.5319,-16.2341,0.000,NORMAL,1,ROUTE,,,,,T1_REVERSE_TO_FORWARD
441.8662,-54.6254,-16.1988,0.000,NORMAL,1,ROUTE,,,,,T1_REVERSE_TO_FORWARD
441.9662,-54.7187,-16.1629,0.000,NORMAL,1,ROUTE,,,,,T1_REVERSE_TO_FORWARD
442.0661,-54.8118,-16.1265,0.000,NORMAL,1,ROUTE,,,,,T1_REVERSE_TO_FORWARD
442.1661,-54.9047,-16.0895,0.000,NORMAL,1,ROUTE,,,,,T1_REVERSE_TO_FORWARD
442.2661,-54.9973,-16.0519,0.000,NORMAL,1,ROUTE,,,,,T1_REVERSE_TO_FORWARD
442.3661,-55.0898,-16.0139,0.000,NORMAL,1,ROUTE,,,,,T1_REVERSE_TO_FORWARD
442.4660,-55.1821,-15.9755,0.000,NORMAL,1,ROUTE,,,,,T1_REVERSE_TO_FORWARD
442.5660,-55.2742,-15.9366,0.000,NORMAL,1,ROUTE,,,,,T1_REVERSE_TO_FORWARD
442.6659,-55.3662,-15.8976,0.000,NORMAL,1,ROUTE,,,,,T1_REVERSE_TO_FORWARD
442.7660,-55.4582,-15.8583,0.000,NORMAL,1,ROUTE,,,,,T1_REVERSE_TO_FORWARD
442.8660,-55.5501,-15.8189,0.000,NORMAL,1,ROUTE,,,,,T1_REVERSE_TO_FORWARD
442.9659,-55.6419,-15.7795,0.000,NORMAL,1,ROUTE,,,,,T1_REVERSE_TO_FORWARD
443.0658,-55.7338,-15.7401,0.000,NORMAL,1,ROUTE,,,,,T1_REVERSE_TO_FORWARD
443.1658,-55.8257,-15.7008,0.000,NORMAL,1,ROUTE,,,,,T1_REVERSE_TO_FORWARD
443.2658,-55.9177,-15.6617,0.000,NORMAL,1,ROUTE,,,,,T1_REVERSE_TO_FORWARD
443.3658,-56.0098,-15.6226,0.000,NORMAL,1,ROUTE,,,,,T1_REVERSE_TO_FORWARD
443.4658,-56.1019,-15.5838,0.000,NORMAL,1,ROUTE,,,,,T1_REVERSE_TO_FORWARD
443.5657,-56.1940,-15.5450,0.000,NORMAL,1,ROUTE,,,,,T1_REVERSE_TO_FORWARD
443.6657,-56.2863,-15.5064,0.000,NORMAL,1,ROUTE,,,,,T1_REVERSE_TO_FORWARD
443.7657,-56.3785,-15.4679,0.000,NORMAL,1,ROUTE,,,,,T1_REVERSE_TO_FORWARD
443.8656,-56.4708,-15.4295,0.000,NORMAL,1,ROUTE,,,,,T1_REVERSE_TO_FORWARD
443.9657,-56.5632,-15.3912,0.000,NORMAL,1,ROUTE,,,,,T1_REVERSE_TO_FORWARD
444.0656,-56.6555,-15.3529,0.000,NORMAL,1,ROUTE,,,,,T1_REVERSE_TO_FORWARD
444.1656,-56.7479,-15.3147,0.000,NORMAL,1,ROUTE,,,,,T1_REVERSE_TO_FORWARD
444.2656,-56.8403,-15.2765,0.000,NORMAL,1,ROUTE,,,,,T1_REVERSE_TO_FORWARD
444.3655,-56.9326,-15.2382,0.000,NORMAL,1,ROUTE,,,,,T1_REVERSE_TO_FORWARD
444.4655,-57.0250,-15.1999,0.000,NORMAL,1,ROUTE,,,,,T1_REVERSE_TO_FORWARD
444.5654,-57.1173,-15.1617,0.000,NORMAL,1,ROUTE,,,,,T1_REVERSE_TO_FORWARD
444.6654,-57.2097,-15.1234,0.000,NORMAL,1,ROUTE,,,,,T1_REVERSE_TO_FORWARD
444.7654,-57.3020,-15.0850,0.000,NORMAL,1,ROUTE,,,,,T1_REVERSE_TO_FORWARD
444.8654,-57.3944,-15.0467,0.000,NORMAL,1,ROUTE,,,,,T1_REVERSE_TO_FORWARD
444.9653,-57.4867,-15.0084,0.000,NORMAL,1,ROUTE,,,,,T1_REVERSE_TO_FORWARD
445.0653,-57.5790,-14.9700,0.000,NORMAL,1,ROUTE,,,,,T1_REVERSE_TO_FORWARD
445.1652,-57.6713,-14.9317,0.000,NORMAL,1,ROUTE,,,,,T1_REVERSE_TO_FORWARD
445.2653,-57.7637,-14.8933,0.000,NORMAL,1,ROUTE,,,,,T1_REVERSE_TO_FORWARD
445.3653,-57.8560,-14.8549,0.000,NORMAL,1,ROUTE,,,,,T1_REVERSE_TO_FORWARD
445.4652,-57.9483,-14.8165,0.000,NORMAL,1,ROUTE,,,,,T1_REVERSE_TO_FORWARD
445.5652,-58.0406,-14.7781,0.000,NORMAL,1,ROUTE,,,,,T1_REVERSE_TO_FORWARD
445.6652,-58.1329,-14.7397,0.000,NORMAL,1,ROUTE,,,,,T1_REVERSE_TO_FORWARD
445.7651,-58.2251,-14.7012,0.000,NORMAL,1,ROUTE,,,,,T1_REVERSE_TO_FORWARD
445.8651,-58.3174,-14.6627,0.000,NORMAL,1,ROUTE,,,,,T1_REVERSE_TO_FORWARD
445.9651,-58.4096,-14.6241,0.000,NORMAL,1,ROUTE,,,,,T1_REVERSE_TO_FORWARD
446.0651,-58.5019,-14.5856,0.000,NORMAL,1,ROUTE,,,,,T1_REVERSE_TO_FORWARD
446.1651,-58.5942,-14.5471,0.000,NORMAL,1,ROUTE,,,,,T1_REVERSE_TO_FORWARD
446.2650,-58.6865,-14.5088,0.000,NORMAL,1,ROUTE,,,,,T1_REVERSE_TO_FORWARD
446.3650,-58.7789,-14.4706,0.000,NORMAL,1,ROUTE,,,,,T1_REVERSE_TO_FORWARD
446.4650,-58.8714,-14.4327,0.000,NORMAL,1,ROUTE,,,,,T1_REVERSE_TO_FORWARD
446.5649,-58.9640,-14.3950,0.000,NORMAL,1,ROUTE,,,,,T1_REVERSE_TO_FORWARD
446.6649,-59.0568,-14.3578,0.000,NORMAL,1,ROUTE,,,,,T1_REVERSE_TO_FORWARD
446.7649,-59.1498,-14.3211,0.000,NORMAL,1,ROUTE,,,,,T1_REVERSE_TO_FORWARD
446.8648,-59.2430,-14.2850,0.000,NORMAL,1,ROUTE,,,,,T1_REVERSE_TO_FORWARD
446.9648,-59.3364,-14.2494,0.000,NORMAL,1,ROUTE,,,,,T1_REVERSE_TO_FORWARD
447.0648,-59.4301,-14.2144,0.000,NORMAL,1,ROUTE,,,,,T1_REVERSE_TO_FORWARD
447.1648,-59.5240,-14.1801,0.000,NORMAL,1,ROUTE,,,,,T1_REVERSE_TO_FORWARD
447.2648,-59.6181,-14.1463,0.000,NORMAL,1,ROUTE,,,,,T1_REVERSE_TO_FORWARD
447.3647,-59.7124,-14.1131,0.000,NORMAL,1,ROUTE,,,,,T1_REVERSE_TO_FORWARD
447.4647,-59.8068,-14.0804,0.000,NORMAL,1,ROUTE,,,,,T1_REVERSE_TO_FORWARD
447.5646,-59.9014,-14.0480,0.000,NORMAL,1,ROUTE,,,,,T1_REVERSE_TO_FORWARD
447.6646,-59.9961,-14.0161,0.000,NORMAL,1,ROUTE,,,,,T1_REVERSE_TO_FORWARD
447.7646,-60.0910,-13.9844,0.000,NORMAL,1,ROUTE,,,,,T1_REVERSE_TO_FORWARD
447.8646,-60.1858,-13.9528,0.000,NORMAL,1,ROUTE,,,,,T1_REVERSE_TO_FORWARD
447.9645,-60.2807,-13.9214,0.000,NORMAL,1,ROUTE,,,,,T1_REVERSE_TO_FORWARD
448.0645,-60.3757,-13.8901,0.000,NORMAL,1,ROUTE,,,,,T1_REVERSE_TO_FORWARD
448.1645,-60.4706,-13.8586,0.000,NORMAL,1,ROUTE,,,,,T1_REVERSE_TO_FORWARD
448.2644,-60.5654,-13.8271,0.000,NORMAL,1,ROUTE,,,,,T1_REVERSE_TO_FORWARD
448.3644,-60.6602,-13.7953,0.000,NORMAL,1,ROUTE,,,,,T1_REVERSE_TO_FORWARD
448.4644,-60.7549,-13.7632,0.000,NORMAL,1,ROUTE,,,,,T1_REVERSE_TO_FORWARD
448.5643,-60.8494,-13.7307,0.000,NORMAL,1,ROUTE,,,,,T1_REVERSE_TO_FORWARD
448.6644,-60.9439,-13.6978,0.000,NORMAL,1,ROUTE,,,,,T1_REVERSE_TO_FORWARD
448.7643,-61.0381,-13.6645,0.000,NORMAL,1,ROUTE,,,,,T1_REVERSE_TO_FORWARD
448.8643,-61.1322,-13.6308,0.000,NORMAL,1,ROUTE,,,,,T1_REVERSE_TO_FORWARD
448.9643,-61.2262,-13.5967,0.000,NORMAL,1,ROUTE,,,,,T1_REVERSE_TO_FORWARD
449.0643,-61.3201,-13.5623,0.000,NORMAL,1,ROUTE,,,,,T1_REVERSE_TO_FORWARD
449.1642,-61.4138,-13.5276,0.000,NORMAL,1,ROUTE,,,,,T1_REVERSE_TO_FORWARD
449.2642,-61.5075,-13.4927,0.000,NORMAL,1,ROUTE,,,,,T1_REVERSE_TO_FORWARD
449.3642,-61.6012,-13.4577,0.000,NORMAL,1,ROUTE,,,,,T1_REVERSE_TO_FORWARD
449.4642,-61.6948,-13.4226,0.000,NORMAL,1,ROUTE,,,,,T1_REVERSE_TO_FORWARD
449.5642,-61.7884,-13.3874,0.000,NORMAL,1,ROUTE,,,,,T1_REVERSE_TO_FORWARD
449.6641,-61.8820,-13.3523,0.000,NORMAL,1,ROUTE,,,,,T1_REVERSE_TO_FORWARD
449.7641,-61.9756,-13.3172,0.000,NORMAL,1,ROUTE,,,,,T1_REVERSE_TO_FORWARD
449.8640,-62.0692,-13.2822,0.000,NORMAL,1,ROUTE,,,,,T1_REVERSE_TO_FORWARD
449.9640,-62.1629,-13.2473,0.000,NORMAL,1,ROUTE,,,,,T1_REVERSE_TO_FORWARD
450.0640,-62.2566,-13.2123,0.000,NORMAL,1,ROUTE,,,,,T1_REVERSE_TO_FORWARD
450.1639,-62.3502,-13.1774,0.000,NORMAL,1,ROUTE,,,,,T1_REVERSE_TO_FORWARD
450.2639,-62.4439,-13.1425,0.000,NORMAL,1,ROUTE,,,,,T1_REVERSE_TO_FORWARD
450.3639,-62.5376,-13.1076,0.000,NORMAL,1,ROUTE,,,,,T1_REVERSE_TO_FORWARD
450.4638,-62.6312,-13.0726,0.000,NORMAL,1,ROUTE,,,,,T1_REVERSE_TO_FORWARD
450.5639,-62.7249,-13.0375,0.000,NORMAL,1,ROUTE,,,,,T1_REVERSE_TO_FORWARD
450.6638,-62.8185,-13.0025,0.000,NORMAL,1,ROUTE,,,,,T1_REVERSE_TO_FORWARD
450.7638,-62.9121,-12.9674,0.000,NORMAL,1,ROUTE,,,,,T1_REVERSE_TO_FORWARD
450.8637,-63.0057,-12.9324,0.000,NORMAL,1,ROUTE,,,,,T1_REVERSE_TO_FORWARD
450.9637,-63.0994,-12.8974,0.000,NORMAL,1,ROUTE,,,,,T1_REVERSE_TO_FORWARD
451.0637,-63.1931,-12.8626,0.000,NORMAL,1,ROUTE,,,,,T1_REVERSE_TO_FORWARD
451.1636,-63.2869,-12.8281,0.000,NORMAL,1,ROUTE,,,,,T1_REVERSE_TO_FORWARD
451.2637,-63.3809,-12.7938,0.000,NORMAL,1,ROUTE,,,,,T1_REVERSE_TO_FORWARD
451.3637,-63.4749,-12.7598,0.000,NORMAL,1,ROUTE,,,,,T1_REVERSE_TO_FORWARD
451.4636,-63.5690,-12.7262,0.000,NORMAL,1,ROUTE,,,,,T1_REVERSE_TO_FORWARD
451.5636,-63.6633,-12.6929,0.000,NORMAL,1,ROUTE,,,,,T1_REVERSE_TO_FORWARD
451.6636,-63.7577,-12.6600,0.000,NORMAL,1,ROUTE,,,,,T1_REVERSE_TO_FORWARD
451.7636,-63.8522,-12.6273,0.000,NORMAL,1,ROUTE,,,,,T1_REVERSE_TO_FORWARD
451.8635,-63.9467,-12.5949,0.000,NORMAL,1,ROUTE,,,,,T1_REVERSE_TO_FORWARD
451.9635,-64.0414,-12.5627,0.000,NORMAL,1,ROUTE,,,,,T1_REVERSE_TO_FORWARD
452.0634,-64.1361,-12.5307,0.000,NORMAL,1,ROUTE,,,,,T1_REVERSE_TO_FORWARD
452.1634,-64.2308,-12.4988,0.000,NORMAL,1,ROUTE,,,,,T1_REVERSE_TO_FORWARD
452.2634,-64.3256,-12.4669,0.000,NORMAL,1,ROUTE,,,,,T1_REVERSE_TO_FORWARD
452.3634,-64.4204,-12.4351,0.000,NORMAL,1,ROUTE,,,,,T1_REVERSE_TO_FORWARD
452.4634,-64.5152,-12.4033,0.000,NORMAL,1,ROUTE,,,,,T1_REVERSE_TO_FORWARD
452.5633,-64.6099,-12.3715,0.000,NORMAL,1,ROUTE,,,,,T1_REVERSE_TO_FORWARD
452.6633,-64.7047,-12.3395,0.000,NORMAL,1,ROUTE,,,,,T1_REVERSE_TO_FORWARD
452.7633,-64.7994,-12.3075,0.000,NORMAL,1,ROUTE,,,,,T1_REVERSE_TO_FORWARD
452.8633,-64.8941,-12.2754,0.000,NORMAL,1,ROUTE,,,,,T1_REVERSE_TO_FORWARD
452.9632,-64.9887,-12.2431,0.000,NORMAL,1,ROUTE,,,,,T1_REVERSE_TO_FORWARD
453.0631,-65.0832,-12.2107,0.000,NORMAL,1,ROUTE,,,,,T1_REVERSE_TO_FORWARD
453.1631,-65.1777,-12.1781,0.000,NORMAL,1,ROUTE,,,,,T1_REVERSE_TO_FORWARD
453.2632,-65.2722,-12.1452,0.000,NORMAL,1,ROUTE,,,,,T1_REVERSE_TO_FORWARD
453.3631,-65.3665,-12.1122,0.000,NORMAL,1,ROUTE,,,,,T1_REVERSE_TO_FORWARD
453.4631,-65.4608,-12.0789,0.000,NORMAL,1,ROUTE,,,,,T1_REVERSE_TO_FORWARD
453.5631,-65.5550,-12.0453,0.000,NORMAL,1,ROUTE,,,,,T1_REVERSE_TO_FORWARD
453.6630,-65.6490,-12.0115,0.000,NORMAL,1,ROUTE,,,,,T1_REVERSE_TO_FORWARD
453.7629,-65.7430,-11.9775,0.000,NORMAL,1,ROUTE,,,,,T1_REVERSE_TO_FORWARD
453.8629,-65.8369,-11.9432,0.000,NORMAL,1,ROUTE,,,,,T1_REVERSE_TO_FORWARD
453.9629,-65.9307,-11.9086,0.000,NORMAL,1,ROUTE,,,,,T1_REVERSE_TO_FORWARD
454.0629,-66.0244,-11.8737,0.000,NORMAL,1,ROUTE,,,,,T1_REVERSE_TO_FORWARD
454.1629,-66.1180,-11.8385,0.000,NORMAL,1,ROUTE,,,,,T1_REVERSE_TO_FORWARD
454.2629,-66.2115,-11.8031,0.000,NORMAL,1,ROUTE,,,,,T1_REVERSE_TO_FORWARD
454.3629,-66.3049,-11.7674,0.000,NORMAL,1,ROUTE,,,,,T1_REVERSE_TO_FORWARD
454.4628,-66.3982,-11.7315,0.000,NORMAL,1,ROUTE,,,,,T1_REVERSE_TO_FORWARD
454.5628,-66.4914,-11.6953,0.000,NORMAL,1,ROUTE,,,,,T1_REVERSE_TO_FORWARD
454.6627,-66.5845,-11.6590,0.000,NORMAL,1,ROUTE,,,,,T1_REVERSE_TO_FORWARD
454.7627,-66.6776,-11.6225,0.000,NORMAL,1,ROUTE,,,,,T1_REVERSE_TO_FORWARD
454.8627,-66.7706,-11.5859,0.000,NORMAL,1,ROUTE,,,,,T1_REVERSE_TO_FORWARD
454.9627,-66.8636,-11.5491,0.000,NORMAL,1,ROUTE,,,,,T1_REVERSE_TO_FORWARD
455.0626,-66.9565,-11.5123,0.000,NORMAL,1,ROUTE,,,,,T1_REVERSE_TO_FORWARD
455.1626,-67.0494,-11.4754,0.000,NORMAL,1,ROUTE,,,,,T1_REVERSE_TO_FORWARD
455.2626,-67.1423,-11.4384,0.000,NORMAL,1,ROUTE,,,,,T1_REVERSE_TO_FORWARD
455.3626,-67.2352,-11.4014,0.000,NORMAL,1,ROUTE,,,,,T1_REVERSE_TO_FORWARD
455.4626,-67.3281,-11.3644,0.000,NORMAL,1,ROUTE,,,,,T1_REVERSE_TO_FORWARD
455.5626,-67.4210,-11.3274,0.000,NORMAL,1,ROUTE,,,,,T1_REVERSE_TO_FORWARD
455.6625,-67.5139,-11.2905,0.000,NORMAL,1,ROUTE,,,,,T1_REVERSE_TO_FORWARD
455.7625,-67.6068,-11.2536,0.000,NORMAL,1,ROUTE,,,,,T1_REVERSE_TO_FORWARD
455.8624,-67.6997,-11.2168,0.000,NORMAL,1,ROUTE,,,,,T1_REVERSE_TO_FORWARD
455.9624,-67.7927,-11.1800,0.000,NORMAL,1,ROUTE,,,,,T1_REVERSE_TO_FORWARD
456.0624,-67.8857,-11.1433,0.000,NORMAL,1,ROUTE,,,,,T1_REVERSE_TO_FORWARD
456.1623,-67.9787,-11.1067,0.000,NORMAL,1,ROUTE,,,,,T1_REVERSE_TO_FORWARD
456.2623,-68.0718,-11.0702,0.000,NORMAL,1,ROUTE,,,,,T1_REVERSE_TO_FORWARD
456.3623,-68.1649,-11.0337,0.000,NORMAL,1,ROUTE,,,,,T1_REVERSE_TO_FORWARD
456.4623,-68.2580,-10.9973,0.000,NORMAL,1,ROUTE,,,,,T1_REVERSE_TO_FORWARD
456.5622,-68.3511,-10.9610,0.000,NORMAL,1,ROUTE,,,,,T1_REVERSE_TO_FORWARD
456.6622,-68.4442,-10.9246,0.000,NORMAL,1,ROUTE,,,,,T1_REVERSE_TO_FORWARD
456.7622,-68.5374,-10.8883,0.000,NORMAL,1,ROUTE,,,,,T1_REVERSE_TO_FORWARD
456.8622,-68.6305,-10.8519,0.000,NORMAL,1,ROUTE,,,,,T1_REVERSE_TO_FORWARD
456.9621,-68.7236,-10.8155,0.000,NORMAL,1,ROUTE,,,,,T1_REVERSE_TO_FORWARD
457.0621,-68.8167,-10.7792,0.000,NORMAL,1,ROUTE,,,,,T1_REVERSE_TO_FORWARD
457.1620,-68.9098,-10.7428,0.000,NORMAL,1,ROUTE,,,,,T1_REVERSE_TO_FORWARD
457.2620,-69.0029,-10.7063,0.000,NORMAL,1,ROUTE,,,,,T1_REVERSE_TO_FORWARD
457.3621,-69.0961,-10.6699,0.000,NORMAL,1,ROUTE,,,,,T1_REVERSE_TO_FORWARD
457.4620,-69.1892,-10.6336,0.000,NORMAL,1,ROUTE,,,,,T1_REVERSE_TO_FORWARD
457.5620,-69.2824,-10.5973,0.000,NORMAL,1,ROUTE,,,,,T1_REVERSE_TO_FORWARD
457.6620,-69.3756,-10.5612,0.000,NORMAL,1,ROUTE,,,,,T1_REVERSE_TO_FORWARD
457.7619,-69.4689,-10.5253,0.000,NORMAL,1,ROUTE,,,,,T1_REVERSE_TO_FORWARD
457.8619,-69.5622,-10.4895,0.000,NORMAL,1,ROUTE,,,,,T1_REVERSE_TO_FORWARD
457.9619,-69.6557,-10.4541,0.000,NORMAL,1,ROUTE,,,,,T1_REVERSE_TO_FORWARD
458.0618,-69.7493,-10.4190,0.000,NORMAL,1,ROUTE,,,,,T1_REVERSE_TO_FORWARD
458.1618,-69.8431,-10.3843,0.000,NORMAL,1,ROUTE,,,,,T1_REVERSE_TO_FORWARD
458.2618,-69.9370,-10.3499,0.000,NORMAL,1,ROUTE,,,,,T1_REVERSE_TO_FORWARD
458.3618,-70.0310,-10.3160,0.000,NORMAL,1,ROUTE,,,,,T1_REVERSE_TO_FORWARD
458.4617,-70.1252,-10.2825,0.000,NORMAL,1,ROUTE,,,,,T1_REVERSE_TO_FORWARD
458.5617,-70.2195,-10.2493,0.000,NORMAL,1,ROUTE,,,,,T1_REVERSE_TO_FORWARD
458.6616,-70.3139,-10.2165,0.000,NORMAL,1,ROUTE,,,,,T1_REVERSE_TO_FORWARD
458.7617,-70.4085,-10.1839,0.000,NORMAL,1,ROUTE,,,,,T1_REVERSE_TO_FORWARD
458.8617,-70.5031,-10.1516,0.000,NORMAL,1,ROUTE,,,,,T1_REVERSE_TO_FORWARD
458.9616,-70.5977,-10.1194,0.000,NORMAL,1,ROUTE,,,,,T1_REVERSE_TO_FORWARD
459.0616,-70.6924,-10.0874,0.000,NORMAL,1,ROUTE,,,,,T1_REVERSE_TO_FORWARD
459.1615,-70.7871,-10.0554,0.000,NORMAL,1,ROUTE,,,,,T1_REVERSE_TO_FORWARD
459.2615,-70.8819,-10.0235,0.000,NORMAL,1,ROUTE,,,,,T1_REVERSE_TO_FORWARD
459.3615,-70.9766,-9.9916,0.000,NORMAL,1,ROUTE,,,,,T1_REVERSE_TO_FORWARD
459.4614,-71.0713,-9.9596,0.000,NORMAL,1,ROUTE,,,,,T1_REVERSE_TO_FORWARD
459.5615,-71.1661,-9.9277,0.000,NORMAL,1,ROUTE,,,,,T1_REVERSE_TO_FORWARD
459.6614,-71.2608,-9.8957,0.000,NORMAL,1,ROUTE,,,,,T1_REVERSE_TO_FORWARD
459.7614,-71.3555,-9.8637,0.000,NORMAL,1,ROUTE,,,,,T1_REVERSE_TO_FORWARD
459.8613,-71.4502,-9.8317,0.000,NORMAL,1,ROUTE,,,,,T1_REVERSE_TO_FORWARD
459.9614,-71.5450,-9.7998,0.000,NORMAL,1,ROUTE,,,,,T1_REVERSE_TO_FORWARD
460.0613,-71.6397,-9.7678,0.000,NORMAL,1,ROUTE,,,,,T1_REVERSE_TO_FORWARD
460.1613,-71.7344,-9.7357,0.000,NORMAL,1,ROUTE,,,,,T1_REVERSE_TO_FORWARD
460.2613,-71.8291,-9.7037,0.000,NORMAL,1,ROUTE,,,,,T1_REVERSE_TO_FORWARD
460.3613,-71.9238,-9.6716,0.000,NORMAL,1,ROUTE,,,,,T1_REVERSE_TO_FORWARD
460.4612,-72.0184,-9.6394,0.000,NORMAL,1,ROUTE,,,,,T1_REVERSE_TO_FORWARD
460.5612,-72.1130,-9.6070,0.000,NORMAL,1,ROUTE,,,,,T1_REVERSE_TO_FORWARD
460.6612,-72.2075,-9.5744,0.000,NORMAL,1,ROUTE,,,,,T1_REVERSE_TO_FORWARD
460.7612,-72.3019,-9.5414,0.000,NORMAL,1,ROUTE,,,,,T1_REVERSE_TO_FORWARD
460.8611,-72.3961,-9.5080,0.000,NORMAL,1,ROUTE,,,,,T1_REVERSE_TO_FORWARD
460.9610,-72.4901,-9.4741,0.000,NORMAL,1,ROUTE,,,,,T1_REVERSE_TO_FORWARD
461.0610,-72.5840,-9.4397,0.000,NORMAL,1,ROUTE,,,,,T1_REVERSE_TO_FORWARD
461.1610,-72.6776,-9.4047,0.000,NORMAL,1,ROUTE,,,,,T1_REVERSE_TO_FORWARD
461.2610,-72.7710,-9.3690,0.000,NORMAL,1,ROUTE,,,,,T1_REVERSE_TO_FORWARD
461.3609,-72.8642,-9.3328,0.000,NORMAL,1,ROUTE,,,,,T1_REVERSE_TO_FORWARD
461.4610,-72.9572,-9.2960,0.000,NORMAL,1,ROUTE,,,,,T1_REVERSE_TO_FORWARD
461.5609,-73.0500,-9.2589,0.000,NORMAL,1,ROUTE,,,,,T1_REVERSE_TO_FORWARD
461.6609,-73.1428,-9.2216,0.000,NORMAL,1,ROUTE,,,,,T1_REVERSE_TO_FORWARD
461.7609,-73.2355,-9.1842,0.000,NORMAL,1,ROUTE,,,,,T1_REVERSE_TO_FORWARD
461.8608,-73.3283,-9.1470,0.000,NORMAL,1,ROUTE,,,,,T1_REVERSE_TO_FORWARD
461.9608,-73.4212,-9.1101,0.000,NORMAL,1,ROUTE,,,,,T1_REVERSE_TO_FORWARD
462.0608,-73.5143,-9.0737,0.000,NORMAL,1,ROUTE,,,,,T1_REVERSE_TO_FORWARD
462.1607,-73.6077,-9.0381,0.000,NORMAL,1,ROUTE,,,,,T1_REVERSE_TO_FORWARD
462.2607,-73.7014,-9.0033,0.000,NORMAL,1,ROUTE,,,,,T1_REVERSE_TO_FORWARD
462.3607,-73.7955,-8.9695,0.000,NORMAL,1,ROUTE,,,,,T1_REVERSE_TO_FORWARD
462.4607,-73.8900,-8.9368,0.000,NORMAL,1,ROUTE,,,,,T1_REVERSE_TO_FORWARD
462.5606,-73.9848,-8.9052,0.000,NORMAL,1,ROUTE,,,,,T1_REVERSE_TO_FORWARD
462.6606,-74.0800,-8.8745,0.000,NORMAL,1,ROUTE,,,,,T1_REVERSE_TO_FORWARD
462.7605,-74.1754,-8.8448,0.000,NORMAL,1,ROUTE,,,,,T1_REVERSE_TO_FORWARD
462.8605,-74.2711,-8.8159,0.000,NORMAL,1,ROUTE,,,,,T1_REVERSE_TO_FORWARD
462.9606,-74.3671,-8.7877,0.000,NORMAL,1,ROUTE,,,,,T1_REVERSE_TO_FORWARD
463.0605,-74.4631,-8.7601,0.000,NORMAL,1,ROUTE,,,,,T1_REVERSE_TO_FORWARD
463.1605,-74.5594,-8.7330,0.000,NORMAL,1,ROUTE,,,,,T1_REVERSE_TO_FORWARD
463.2605,-74.6557,-8.7062,0.000,NORMAL,1,ROUTE,,,,,T1_REVERSE_TO_FORWARD
463.3604,-74.7521,-8.6797,0.000,NORMAL,1,ROUTE,,,,,T1_REVERSE_TO_FORWARD
463.4604,-74.8486,-8.6535,0.000,NORMAL,1,ROUTE,,,,,T1_REVERSE_TO_FORWARD
463.5604,-74.9451,-8.6274,0.000,NORMAL,1,ROUTE,,,,,T1_REVERSE_TO_FORWARD
463.6603,-75.0416,-8.6015,0.000,NORMAL,1,ROUTE,,,,,T1_REVERSE_TO_FORWARD
463.7603,-75.1382,-8.5758,0.000,NORMAL,1,ROUTE,,,,,T1_REVERSE_TO_FORWARD
463.8603,-75.2349,-8.5502,0.000,NORMAL,1,ROUTE,,,,,T1_REVERSE_TO_FORWARD
463.9603,-75.3316,-8.5248,0.000,NORMAL,1,ROUTE,,,,,T1_REVERSE_TO_FORWARD
464.0602,-75.4283,-8.4996,0.000,NORMAL,1,ROUTE,,,,,T1_REVERSE_TO_FORWARD
464.1602,-75.5251,-8.4747,0.000,NORMAL,1,ROUTE,,,,,T1_REVERSE_TO_FORWARD
464.2602,-75.6221,-8.4501,0.000,NORMAL,1,ROUTE,,,,,T1_REVERSE_TO_FORWARD
464.3602,-75.7191,-8.4259,0.000,NORMAL,1,ROUTE,,,,,T1_REVERSE_TO_FORWARD
464.4601,-75.8162,-8.4022,0.000,NORMAL,1,ROUTE,,,,,T1_REVERSE_TO_FORWARD
464.5601,-75.9134,-8.3791,0.000,NORMAL,1,ROUTE,,,,,T1_REVERSE_TO_FORWARD
464.6601,-76.0109,-8.3566,0.000,NORMAL,1,ROUTE,,,,,T1_REVERSE_TO_FORWARD
464.7600,-76.1084,-8.3348,0.000,NORMAL,1,ROUTE,,,,,T1_REVERSE_TO_FORWARD
464.8601,-76.2062,-8.3138,0.000,NORMAL,1,ROUTE,,,,,T1_REVERSE_TO_FORWARD
464.9600,-76.3041,-8.2937,0.000,NORMAL,1,ROUTE,,,,,T1_REVERSE_TO_FORWARD
465.0600,-76.4022,-8.2744,0.000,NORMAL,1,ROUTE,,,,,T1_REVERSE_TO_FORWARD
465.1600,-76.5005,-8.2560,0.000,NORMAL,1,ROUTE,,,,,T1_REVERSE_TO_FORWARD
465.2599,-76.5989,-8.2385,0.000,NORMAL,1,ROUTE,,,,,T1_REVERSE_TO_FORWARD
465.3599,-76.6975,-8.2219,0.000,NORMAL,1,ROUTE,,,,,T1_REVERSE_TO_FORWARD
465.4599,-76.7962,-8.2060,0.000,NORMAL,1,ROUTE,,,,,T1_REVERSE_TO_FORWARD
465.5598,-76.8950,-8.1909,0.000,NORMAL,1,ROUTE,,,,,T1_REVERSE_TO_FORWARD
465.6598,-76.9939,-8.1766,0.000,NORMAL,1,ROUTE,,,,,T1_REVERSE_TO_FORWARD
465.7598,-77.0930,-8.1630,0.000,NORMAL,1,ROUTE,,,,,T1_REVERSE_TO_FORWARD
465.8597,-77.1921,-8.1501,0.000,NORMAL,1,ROUTE,,,,,T1_REVERSE_TO_FORWARD
465.9598,-77.2914,-8.1380,0.000,NORMAL,1,ROUTE,,,,,T1_REVERSE_TO_FORWARD
466.0597,-77.3907,-8.1266,0.000,NORMAL,1,ROUTE,,,,,T1_REVERSE_TO_FORWARD
466.1597,-77.4901,-8.1160,0.000,NORMAL,1,ROUTE,,,,,T1_REVERSE_TO_FORWARD
466.2597,-77.5896,-8.1062,0.000,NORMAL,1,ROUTE,,,,,T1_REVERSE_TO_FORWARD
466.3596,-77.6891,-8.0972,0.000,NORMAL,1,ROUTE,,,,,T1_REVERSE_TO_FORWARD
466.4596,-77.7888,-8.0891,0.000,NORMAL,1,ROUTE,,,,,T1_REVERSE_TO_FORWARD
466.5596,-77.8885,-8.0819,0.000,NORMAL,1,ROUTE,,,,,T1_REVERSE_TO_FORWARD
466.6596,-77.9883,-8.0756,0.000,NORMAL,1,ROUTE,,,,,T1_REVERSE_TO_FORWARD
466.7595,-78.0881,-8.0703,0.000,NORMAL,1,ROUTE,,,,,T1_REVERSE_TO_FORWARD
466.8595,-78.1880,-8.0661,0.000,NORMAL,1,ROUTE,,,,,T1_REVERSE_TO_FORWARD
466.9594,-78.2879,-8.0631,0.000,NORMAL,1,ROUTE,,,,,T1_REVERSE_TO_FORWARD
467.0594,-78.3879,-8.0613,0.000,NORMAL,1,ROUTE,,,,,T1_REVERSE_TO_FORWARD
467.1594,-78.4879,-8.0609,0.000,NORMAL,1,ROUTE,,,,,T1_REVERSE_TO_FORWARD
467.2594,-78.5878,-8.0619,0.000,NORMAL,1,ROUTE,,,,,T1_REVERSE_TO_FORWARD
467.3594,-78.6878,-8.0643,0.000,NORMAL,1,ROUTE,,,,,T1_REVERSE_TO_FORWARD
467.4594,-78.7877,-8.0683,0.000,NORMAL,1,ROUTE,,,,,T1_REVERSE_TO_FORWARD
467.5593,-78.8875,-8.0736,0.000,NORMAL,1,ROUTE,,,,,T1_REVERSE_TO_FORWARD
467.6592,-78.9872,-8.0804,0.000,NORMAL,1,ROUTE,,,,,T1_REVERSE_TO_FORWARD
467.7593,-79.0869,-8.0885,0.000,NORMAL,1,ROUTE,,,,,T1_REVERSE_TO_FORWARD
467.8592,-79.1864,-8.0978,0.000,NORMAL,1,ROUTE,,,,,T1_REVERSE_TO_FORWARD
467.9592,-79.2858,-8.1085,0.000,NORMAL,1,ROUTE,,,,,T1_REVERSE_TO_FORWARD
468.0591,-79.3850,-8.1206,0.000,NORMAL,1,ROUTE,,,,,T1_REVERSE_TO_FORWARD
468.1591,-79.4841,-8.1340,0.000,NORMAL,1,ROUTE,,,,,T1_REVERSE_TO_FORWARD
468.2591,-79.5829,-8.1491,0.000,NORMAL,1,ROUTE,,,,,T1_REVERSE_TO_FORWARD
468.3591,-79.6815,-8.1658,0.000,NORMAL,1,ROUTE,,,,,T1_REVERSE_TO_FORWARD
468.4590,-79.7797,-8.1844,0.000,NORMAL,1,ROUTE,,,,,T1_REVERSE_TO_FORWARD
468.5590,-79.8775,-8.2051,0.000,NORMAL,1,ROUTE,,,,,T1_REVERSE_TO_FORWARD
468.6590,-79.9748,-8.2281,0.000,NORMAL,1,ROUTE,,,,,T1_REVERSE_TO_FORWARD
468.7590,-80.0715,-8.2537,0.000,NORMAL,1,ROUTE,,,,,T1_REVERSE_TO_FORWARD
468.8589,-80.1673,-8.2822,0.000,NORMAL,1,ROUTE,,,,,T1_REVERSE_TO_FORWARD
468.9589,-80.2622,-8.3136,0.000,NORMAL,1,ROUTE,,,,,T1_REVERSE_TO_FORWARD
469.0589,-80.3561,-8.3480,0.000,NORMAL,1,ROUTE,,,,,T1_REVERSE_TO_FORWARD
469.1588,-80.4488,-8.3853,0.000,NORMAL,1,ROUTE,,,,,T1_REVERSE_TO_FORWARD
469.2588,-80.5404,-8.4254,0.000,NORMAL,1,ROUTE,,,,,T1_REVERSE_TO_FORWARD
469.3587,-80.6308,-8.4680,0.000,NORMAL,1,ROUTE,,,,,T1_REVERSE_TO_FORWARD
469.4587,-80.7202,-8.5128,0.000,NORMAL,1,ROUTE,,,,,T1_REVERSE_TO_FORWARD
469.5588,-80.8086,-8.5596,0.000,NORMAL,1,ROUTE,,,,,T1_REVERSE_TO_FORWARD
469.6587,-80.8960,-8.6080,0.000,NORMAL,1,ROUTE,,,,,T1_REVERSE_TO_FORWARD
469.7586,-80.9826,-8.6579,0.000,NORMAL,1,ROUTE,,,,,T1_REVERSE_TO_FORWARD
469.8586,-81.0685,-8.7091,0.000,NORMAL,1,ROUTE,,,,,T1_REVERSE_TO_FORWARD
469.9586,-81.1537,-8.7614,0.000,NORMAL,1,ROUTE,,,,,T1_REVERSE_TO_FORWARD
470.0586,-81.2384,-8.8146,0.000,NORMAL,1,ROUTE,,,,,T1_REVERSE_TO_FORWARD
470.1586,-81.3225,-8.8686,0.000,NORMAL,1,ROUTE,,,,,T1_REVERSE_TO_FORWARD
470.2585,-81.4061,-8.9234,0.000,NORMAL,1,ROUTE,,,,,T1_REVERSE_TO_FORWARD
470.3585,-81.4894,-8.9787,0.000,NORMAL,1,ROUTE,,,,,T1_REVERSE_TO_FORWARD
470.4584,-81.5723,-9.0345,0.000,NORMAL,1,ROUTE,,,,,T1_REVERSE_TO_FORWARD
470.5584,-81.6550,-9.0907,0.000,NORMAL,1,ROUTE,,,,,T1_REVERSE_TO_FORWARD
470.6584,-81.7375,-9.1472,0.000,NORMAL,1,ROUTE,,,,,T1_REVERSE_TO_FORWARD
470.7583,-81.8197,-9.2040,0.000,NORMAL,1,ROUTE,,,,,T1_REVERSE_TO_FORWARD
470.8583,-81.9018,-9.2611,0.000,NORMAL,1,ROUTE,,,,,T1_REVERSE_TO_FORWARD
470.9583,-81.9838,-9.3183,0.000,NORMAL,1,ROUTE,,,,,T1_REVERSE_TO_FORWARD
471.0583,-82.0656,-9.3758,0.000,NORMAL,1,ROUTE,,,,,T1_REVERSE_TO_FORWARD
471.1583,-82.1473,-9.4334,0.000,NORMAL,1,ROUTE,,,,,T1_REVERSE_TO_FORWARD
471.2583,-82.2289,-9.4912,0.000,NORMAL,1,ROUTE,,,,,T1_REVERSE_TO_FORWARD
471.3582,-82.3103,-9.5492,0.000,NORMAL,1,ROUTE,,,,,T1_REVERSE_TO_FORWARD
471.4582,-82.3916,-9.6074,0.000,NORMAL,1,ROUTE,,,,,T1_REVERSE_TO_FORWARD
471.5582,-82.4728,-9.6658,0.000,NORMAL,1,ROUTE,,,,,T1_REVERSE_TO_FORWARD
471.6581,-82.5537,-9.7244,0.000,NORMAL,1,ROUTE,,,,,T1_REVERSE_TO_FORWARD
471.7581,-82.6345,-9.7833,0.000,NORMAL,1,ROUTE,,,,,T1_REVERSE_TO_FORWARD
471.8581,-82.7151,-9.8425,0.000,NORMAL,1,ROUTE,,,,,T1_REVERSE_TO_FORWARD
471.9581,-82.7954,-9.9021,0.000,NORMAL,1,ROUTE,,,,,T1_REVERSE_TO_FORWARD
472.0580,-82.8754,-9.9620,0.000,NORMAL,1,ROUTE,,,,,T1_REVERSE_TO_FORWARD
472.1581,-82.9552,-10.0223,0.000,NORMAL,1,ROUTE,,,,,T1_REVERSE_TO_FORWARD
472.2579,-83.0346,-10.0829,0.000,NORMAL,1,ROUTE,,,,,T1_REVERSE_TO_FORWARD
472.3579,-83.1137,-10.1440,0.000,NORMAL,1,ROUTE,,,,,T1_REVERSE_TO_FORWARD
472.4579,-83.1926,-10.2055,0.000,NORMAL,1,ROUTE,,,,,T1_REVERSE_TO_FORWARD
472.5579,-83.2711,-10.2674,0.000,NORMAL,1,ROUTE,,,,,T1_REVERSE_TO_FORWARD
472.6578,-83.3492,-10.3297,0.000,NORMAL,1,ROUTE,,,,,T1_REVERSE_TO_FORWARD
472.7578,-83.4271,-10.3924,0.000,NORMAL,1,ROUTE,,,,,T1_REVERSE_TO_FORWARD
472.8578,-83.5046,-10.4556,0.000,NORMAL,1,ROUTE,,,,,T1_REVERSE_TO_FORWARD
472.9578,-83.5818,-10.5191,0.000,NORMAL,1,ROUTE,,,,,T1_REVERSE_TO_FORWARD
473.0578,-83.6587,-10.5830,0.000,NORMAL,1,ROUTE,,,,,T1_REVERSE_TO_FORWARD
473.1578,-83.7352,-10.6474,0.000,NORMAL,1,ROUTE,,,,,T1_REVERSE_TO_FORWARD
473.2577,-83.8114,-10.7121,0.000,NORMAL,1,ROUTE,,,,,T1_REVERSE_TO_FORWARD
473.3577,-83.8872,-10.7773,0.000,NORMAL,1,ROUTE,,,,,T1_REVERSE_TO_FORWARD
473.4577,-83.9627,-10.8428,0.000,NORMAL,1,ROUTE,,,,,T1_REVERSE_TO_FORWARD
473.5576,-84.0378,-10.9088,0.000,NORMAL,1,ROUTE,,,,,T1_REVERSE_TO_FORWARD
473.6576,-84.1126,-10.9751,0.000,NORMAL,1,ROUTE,,,,,T1_REVERSE_TO_FORWARD
473.7576,-84.1871,-11.0418,0.000,NORMAL,1,ROUTE,,,,,T1_REVERSE_TO_FORWARD
473.8576,-84.2613,-11.1088,0.000,NORMAL,1,ROUTE,,,,,T1_REVERSE_TO_FORWARD
473.9576,-84.3351,-11.1763,0.000,NORMAL,1,ROUTE,,,,,T1_REVERSE_TO_FORWARD
474.0575,-84.4085,-11.2441,0.000,NORMAL,1,ROUTE,,,,,T1_REVERSE_TO_FORWARD
474.1575,-84.4815,-11.3124,0.000,NORMAL,1,ROUTE,,,,,T1_REVERSE_TO_FORWARD
474.2575,-84.5541,-11.3812,0.000,NORMAL,1,ROUTE,,,,,T1_REVERSE_TO_FORWARD
474.3574,-84.6262,-11.4504,0.000,NORMAL,1,ROUTE,,,,,T1_REVERSE_TO_FORWARD
474.4573,-84.6979,-11.5200,0.000,NORMAL,1,ROUTE,,,,,T1_REVERSE_TO_FORWARD
474.5574,-84.7692,-11.5902,0.000,NORMAL,1,ROUTE,,,,,T1_REVERSE_TO_FORWARD
474.6573,-84.8399,-11.6608,0.000,NORMAL,1,ROUTE,,,,,T1_REVERSE_TO_FORWARD
474.7573,-84.9101,-11.7320,0.000,NORMAL,1,ROUTE,,,,,T1_REVERSE_TO_FORWARD
474.8573,-84.9798,-11.8037,0.000,NORMAL,1,ROUTE,,,,,T1_REVERSE_TO_FORWARD
474.9572,-85.0489,-11.8759,0.000,NORMAL,1,ROUTE,,,,,T1_REVERSE_TO_FORWARD
475.0572,-85.1173,-11.9488,0.000,NORMAL,1,ROUTE,,,,,T1_REVERSE_TO_FORWARD
475.1572,-85.1850,-12.0224,0.000,NORMAL,1,ROUTE,,,,,T1_REVERSE_TO_FORWARD
475.2572,-85.2520,-12.0966,0.000,NORMAL,1,ROUTE,,,,,T1_REVERSE_TO_FORWARD
475.3571,-85.3181,-12.1716,0.000,NORMAL,1,ROUTE,,,,,T1_REVERSE_TO_FORWARD
475.4571,-85.3834,-12.2473,0.000,NORMAL,1,ROUTE,,,,,T1_REVERSE_TO_FORWARD
475.5571,-85.4478,-12.3238,0.000,NORMAL,1,ROUTE,,,,,T1_REVERSE_TO_FORWARD
475.6570,-85.5112,-12.4010,0.000,NORMAL,1,ROUTE,,,,,T1_REVERSE_TO_FORWARD
475.7570,-85.5736,-12.4791,0.000,NORMAL,1,ROUTE,,,,,T1_REVERSE_TO_FORWARD
475.8570,-85.6350,-12.5581,0.000,NORMAL,1,ROUTE,,,,,T1_REVERSE_TO_FORWARD
475.9570,-85.6952,-12.6379,0.000,NORMAL,1,ROUTE,,,,,T1_REVERSE_TO_FORWARD
476.0570,-85.7542,-12.7186,0.000,NORMAL,1,ROUTE,,,,,T1_REVERSE_TO_FORWARD
476.1569,-85.8119,-12.8002,0.000,NORMAL,1,ROUTE,,,,,T1_REVERSE_TO_FORWARD
476.2569,-85.8683,-12.8828,0.000,NORMAL,1,ROUTE,,,,,T1_REVERSE_TO_FORWARD
476.3568,-85.9233,-12.9662,0.000,NORMAL,1,ROUTE,,,,,T1_REVERSE_TO_FORWARD
476.4568,-85.9771,-13.0505,0.000,NORMAL,1,ROUTE,,,,,T1_REVERSE_TO_FORWARD
476.5569,-86.0297,-13.1356,0.000,NORMAL,1,ROUTE,,,,,T1_REVERSE_TO_FORWARD
476.6568,-86.0812,-13.2212,0.000,NORMAL,1,ROUTE,,,,,T1_REVERSE_TO_FORWARD
476.7568,-86.1318,-13.3075,0.000,NORMAL,1,ROUTE,,,,,T1_REVERSE_TO_FORWARD
476.8567,-86.1816,-13.3941,0.000,NORMAL,1,ROUTE,,,,,T1_REVERSE_TO_FORWARD
476.9567,-86.2308,-13.4811,0.000,NORMAL,1,ROUTE,,,,,T1_REVERSE_TO_FORWARD
477.0567,-86.2796,-13.5684,0.000,NORMAL,1,ROUTE,,,,,T1_REVERSE_TO_FORWARD
477.1567,-86.3280,-13.6559,0.000,NORMAL,1,ROUTE,,,,,T1_REVERSE_TO_FORWARD
477.2566,-86.3762,-13.7435,0.000,NORMAL,1,ROUTE,,,,,T1_REVERSE_TO_FORWARD
477.3566,-86.4241,-13.8312,0.000,NORMAL,1,ROUTE,,,,,T1_REVERSE_TO_FORWARD
477.4566,-86.4720,-13.9190,0.000,NORMAL,1,ROUTE,,,,,T1_REVERSE_TO_FORWARD
477.5566,-86.5198,-14.0068,0.000,NORMAL,1,ROUTE,,,,,T1_REVERSE_TO_FORWARD
477.6565,-86.5674,-14.0947,0.000,NORMAL,1,ROUTE,,,,,T1_REVERSE_TO_FORWARD
477.7564,-86.6149,-14.1826,0.000,NORMAL,1,ROUTE,,,,,T1_REVERSE_TO_FORWARD
477.8565,-86.6623,-14.2707,0.000,NORMAL,1,ROUTE,,,,,T1_REVERSE_TO_FORWARD
477.9564,-86.7095,-14.3588,0.000,NORMAL,1,ROUTE,,,,,T1_REVERSE_TO_FORWARD
478.0564,-86.7563,-14.4471,0.000,NORMAL,1,ROUTE,,,,,T1_REVERSE_TO_FORWARD
478.1564,-86.8029,-14.5356,0.000,NORMAL,1,ROUTE,,,,,T1_REVERSE_TO_FORWARD
478.2564,-86.8491,-14.6243,0.000,NORMAL,1,ROUTE,,,,,T1_REVERSE_TO_FORWARD
478.3564,-86.8950,-14.7131,0.000,NORMAL,1,ROUTE,,,,,T1_REVERSE_TO_FORWARD
478.4563,-86.9405,-14.8021,0.000,NORMAL,1,ROUTE,,,,,T1_REVERSE_TO_FORWARD
478.5563,-86.9856,-14.8913,0.000,NORMAL,1,ROUTE,,,,,T1_REVERSE_TO_FORWARD
478.6563,-87.0304,-14.9807,0.000,NORMAL,1,ROUTE,,,,,T1_REVERSE_TO_FORWARD
478.7562,-87.0749,-15.0702,0.000,NORMAL,1,ROUTE,,,,,T1_REVERSE_TO_FORWARD
478.8562,-87.1192,-15.1598,0.000,NORMAL,1,ROUTE,,,,,T1_REVERSE_TO_FORWARD
478.9562,-87.1632,-15.2496,0.000,NORMAL,1,ROUTE,,,,,T1_REVERSE_TO_FORWARD
479.0561,-87.2069,-15.3395,0.000,NORMAL,1,ROUTE,,,,,T1_REVERSE_TO_FORWARD
479.1561,-87.2505,-15.4295,0.000,NORMAL,1,ROUTE,,,,,T1_REVERSE_TO_FORWARD
479.2561,-87.2940,-15.5195,0.000,NORMAL,1,ROUTE,,,,,T1_REVERSE_TO_FORWARD
479.3561,-87.3373,-15.6096,0.000,NORMAL,1,ROUTE,,,,,T1_REVERSE_TO_FORWARD
479.4560,-87.3806,-15.6997,0.000,NORMAL,1,ROUTE,,,,,T1_REVERSE_TO_FORWARD
479.5560,-87.4238,-15.7899,0.000,NORMAL,1,ROUTE,,,,,T1_REVERSE_TO_FORWARD
479.6560,-87.4670,-15.8800,0.000,NORMAL,1,ROUTE,,,,,T1_REVERSE_TO_FORWARD
479.7560,-87.5102,-15.9702,0.000,NORMAL,1,ROUTE,,,,,T1_REVERSE_TO_FORWARD
479.8559,-87.5534,-16.0603,0.000,NORMAL,1,ROUTE,,,,,T1_REVERSE_TO_FORWARD
479.9559,-87.5967,-16.1505,0.000,NORMAL,1,ROUTE,,,,,T1_REVERSE_TO_FORWARD
480.0559,-87.6400,-16.2406,0.000,NORMAL,1,ROUTE,,,,,T1_REVERSE_TO_FORWARD
480.1559,-87.6834,-16.3307,0.000,NORMAL,1,ROUTE,,,,,T1_REVERSE_TO_FORWARD
480.2559,-87.7267,-16.4208,0.000,NORMAL,1,ROUTE,,,,,T1_REVERSE_TO_FORWARD
480.3558,-87.7700,-16.5109,0.000,NORMAL,1,ROUTE,,,,,T1_REVERSE_TO_FORWARD
480.4558,-87.8132,-16.6010,0.000,NORMAL,1,ROUTE,,,,,T1_REVERSE_TO_FORWARD
480.5557,-87.8563,-16.6912,0.000,NORMAL,1,ROUTE,,,,,T1_REVERSE_TO_FORWARD
480.6557,-87.8992,-16.7815,0.000,NORMAL,1,ROUTE,,,,,T1_REVERSE_TO_FORWARD
480.7557,-87.9420,-16.8719,0.000,NORMAL,1,ROUTE,,,,,T1_REVERSE_TO_FORWARD
480.8557,-87.9845,-16.9624,0.000,NORMAL,1,ROUTE,,,,,T1_REVERSE_TO_FORWARD
480.9556,-88.0267,-17.0530,0.000,NORMAL,1,ROUTE,,,,,T1_REVERSE_TO_FORWARD
481.0557,-88.0686,-17.1438,0.000,NORMAL,1,ROUTE,,,,,T1_REVERSE_TO_FORWARD
481.1556,-88.1102,-17.2347,0.000,NORMAL,1,ROUTE,,,,,T1_REVERSE_TO_FORWARD
481.2556,-88.1516,-17.3257,0.000,NORMAL,1,ROUTE,,,,,T1_REVERSE_TO_FORWARD
481.3555,-88.1926,-17.4168,0.000,NORMAL,1,ROUTE,,,,,T1_REVERSE_TO_FORWARD
481.4555,-88.2335,-17.5081,0.000,NORMAL,1,ROUTE,,,,,T1_REVERSE_TO_FORWARD
481.5555,-88.2742,-17.5994,0.000,NORMAL,1,ROUTE,,,,,T1_REVERSE_TO_FORWARD
481.6555,-88.3147,-17.6908,0.000,NORMAL,1,ROUTE,,,,,T1_REVERSE_TO_FORWARD
481.7554,-88.3550,-17.7823,0.000,NORMAL,1,ROUTE,,,,,T1_REVERSE_TO_FORWARD
481.8554,-88.3953,-17.8738,0.000,NORMAL,1,ROUTE,,,,,T1_REVERSE_TO_FORWARD
481.9554,-88.4355,-17.9653,0.000,NORMAL,1,ROUTE,,,,,T1_REVERSE_TO_FORWARD
482.0553,-88.4755,-18.0569,0.000,NORMAL,1,ROUTE,,,,,T1_REVERSE_TO_FORWARD
482.1553,-88.5155,-18.1485,0.000,NORMAL,1,ROUTE,,,,,T1_REVERSE_TO_FORWARD
482.2553,-88.5555,-18.2402,0.000,NORMAL,1,ROUTE,,,,,T1_REVERSE_TO_FORWARD
482.3552,-88.5954,-18.3318,0.000,NORMAL,1,ROUTE,,,,,T1_REVERSE_TO_FORWARD
482.4552,-88.6352,-18.4235,0.000,NORMAL,1,ROUTE,,,,,T1_REVERSE_TO_FORWARD
482.5552,-88.6750,-18.5152,0.000,NORMAL,1,ROUTE,,,,,T1_REVERSE_TO_FORWARD
482.6552,-88.7148,-18.6070,0.000,NORMAL,1,ROUTE,,,,,T1_REVERSE_TO_FORWARD
482.7551,-88.7544,-18.6987,0.000,NORMAL,1,ROUTE,,,,,T1_REVERSE_TO_FORWARD
482.8551,-88.7940,-18.7905,0.000,NORMAL,1,ROUTE,,,,,T1_REVERSE_TO_FORWARD
482.9551,-88.8336,-18.8823,0.000,NORMAL,1,ROUTE,,,,,T1_REVERSE_TO_FORWARD
483.0551,-88.8731,-18.9742,0.000,NORMAL,1,ROUTE,,,,,T1_REVERSE_TO_FORWARD
483.1550,-88.9126,-19.0660,0.000,NORMAL,1,ROUTE,,,,,T1_REVERSE_TO_FORWARD
483.2551,-88.9521,-19.1579,0.000,NORMAL,1,ROUTE,,,,,T1_REVERSE_TO_FORWARD
483.3550,-88.9915,-19.2497,0.000,NORMAL,1,ROUTE,,,,,T1_REVERSE_TO_FORWARD
483.4550,-89.0310,-19.3416,0.000,NORMAL,1,ROUTE,,,,,T1_REVERSE_TO_FORWARD
483.5550,-89.0706,-19.4334,0.000,NORMAL,1,ROUTE,,,,,T1_REVERSE_TO_FORWARD
483.6549,-89.1102,-19.5252,0.000,NORMAL,1,ROUTE,,,,,T1_REVERSE_TO_FORWARD
483.7549,-89.1499,-19.6169,0.000,NORMAL,1,ROUTE,,,,,T1_REVERSE_TO_FORWARD
483.8549,-89.1898,-19.7086,0.000,NORMAL,1,ROUTE,,,,,T1_REVERSE_TO_FORWARD
483.9548,-89.2297,-19.8002,0.000,NORMAL,1,ROUTE,,,,,T1_REVERSE_TO_FORWARD
484.0548,-89.2699,-19.8918,0.000,NORMAL,1,ROUTE,,,,,T1_REVERSE_TO_FORWARD
484.1548,-89.3101,-19.9833,0.000,NORMAL,1,ROUTE,,,,,T1_REVERSE_TO_FORWARD
484.2548,-89.3505,-20.0748,0.000,NORMAL,1,ROUTE,,,,,T1_REVERSE_TO_FORWARD
484.3547,-89.3910,-20.1662,0.000,NORMAL,1,ROUTE,,,,,T1_REVERSE_TO_FORWARD
484.4547,-89.4317,-20.2575,0.000,NORMAL,1,ROUTE,,,,,T1_REVERSE_TO_FORWARD
484.5547,-89.4725,-20.3488,0.000,NORMAL,1,ROUTE,,,,,T1_REVERSE_TO_FORWARD
484.6546,-89.5133,-20.4400,0.000,NORMAL,1,ROUTE,,,,,T1_REVERSE_TO_FORWARD
484.7546,-89.5543,-20.5312,0.000,NORMAL,1,ROUTE,,,,,T1_REVERSE_TO_FORWARD
484.8546,-89.5953,-20.6224,0.000,NORMAL,1,ROUTE,,,,,T1_REVERSE_TO_FORWARD
484.9545,-89.6363,-20.7135,0.000,NORMAL,1,ROUTE,,,,,T1_REVERSE_TO_FORWARD
485.0546,-89.6775,-20.8047,0.000,NORMAL,1,ROUTE,,,,,T1_REVERSE_TO_FORWARD
485.1545,-89.7186,-20.8958,0.000,NORMAL,1,ROUTE,,,,,T1_REVERSE_TO_FORWARD
485.2545,-89.7597,-20.9869,0.000,NORMAL,1,ROUTE,,,,,T1_REVERSE_TO_FORWARD
485.3544,-89.8009,-21.0780,0.000,NORMAL,1,ROUTE,,,,,T1_REVERSE_TO_FORWARD
485.4544,-89.8419,-21.1692,0.000,NORMAL,1,ROUTE,,,,,T1_REVERSE_TO_FORWARD
485.5544,-89.8830,-21.2603,0.000,NORMAL,1,ROUTE,,,,,T1_REVERSE_TO_FORWARD
485.6543,-89.9239,-21.3515,0.000,NORMAL,1,ROUTE,,,,,T1_REVERSE_TO_FORWARD
485.7544,-89.9648,-21.4428,0.000,NORMAL,1,ROUTE,,,,,T1_REVERSE_TO_FORWARD
485.8543,-90.0055,-21.5341,0.000,NORMAL,1,ROUTE,,,,,T1_REVERSE_TO_FORWARD
485.9543,-90.0460,-21.6255,0.000,NORMAL,1,ROUTE,,,,,T1_REVERSE_TO_FORWARD
486.0542,-90.0864,-21.7169,0.000,NORMAL,1,ROUTE,,,,,T1_REVERSE_TO_FORWARD
486.1543,-90.1266,-21.8085,0.000,NORMAL,1,ROUTE,,,,,T1_REVERSE_TO_FORWARD
486.2542,-90.1666,-21.9001,0.000,NORMAL,1,ROUTE,,,,,T1_REVERSE_TO_FORWARD
486.3542,-90.2064,-21.9918,0.000,NORMAL,1,ROUTE,,,,,T1_REVERSE_TO_FORWARD
486.4542,-90.2460,-22.0836,0.000,NORMAL,1,ROUTE,,,,,T1_REVERSE_TO_FORWARD
486.5541,-90.2853,-22.1755,0.000,NORMAL,1,ROUTE,,,,,T1_REVERSE_TO_FORWARD
486.6541,-90.3245,-22.2675,0.000,NORMAL,1,ROUTE,,,,,T1_REVERSE_TO_FORWARD
486.7540,-90.3635,-22.3595,0.000,NORMAL,1,ROUTE,,,,,T1_REVERSE_TO_FORWARD
486.8541,-90.4023,-22.4517,0.000,NORMAL,1,ROUTE,,,,,T1_REVERSE_TO_FORWARD
486.9541,-90.4410,-22.5439,0.000,NORMAL,1,ROUTE,,,,,T1_REVERSE_TO_FORWARD
487.0540,-90.4795,-22.6361,0.000,NORMAL,1,ROUTE,,,,,T1_REVERSE_TO_FORWARD
487.1540,-90.5178,-22.7285,0.000,NORMAL,1,ROUTE,,,,,T1_REVERSE_TO_FORWARD
487.2539,-90.5560,-22.8208,0.000,NORMAL,1,ROUTE,,,,,T1_REVERSE_TO_FORWARD
487.3540,-90.5942,-22.9133,0.000,NORMAL,1,ROUTE,,,,,T1_REVERSE_TO_FORWARD
487.4539,-90.6323,-23.0057,0.000,NORMAL,1,ROUTE,,,,,T1_REVERSE_TO_FORWARD
487.5539,-90.6704,-23.0981,0.000,NORMAL,1,ROUTE,,,,,T1_REVERSE_TO_FORWARD
487.6538,-90.7085,-23.1905,0.000,NORMAL,1,ROUTE,,,,,T1_REVERSE_TO_FORWARD
487.7538,-90.7468,-23.2829,0.000,NORMAL,1,ROUTE,,,,,T1_REVERSE_TO_FORWARD
487.8538,-90.7851,-23.3752,0.000,NORMAL,1,ROUTE,,,,,T1_REVERSE_TO_FORWARD
487.9538,-90.8238,-23.4674,0.000,NORMAL,1,ROUTE,,,,,T1_REVERSE_TO_FORWARD
488.0537,-90.8626,-23.5595,0.000,NORMAL,1,ROUTE,,,,,T1_REVERSE_TO_FORWARD
488.1537,-90.9017,-23.6515,0.000,NORMAL,1,ROUTE,,,,,T1_REVERSE_TO_FORWARD
488.2537,-90.9411,-23.7434,0.000,NORMAL,1,ROUTE,,,,,T1_REVERSE_TO_FORWARD
488.3537,-90.9808,-23.8352,0.000,NORMAL,1,ROUTE,,,,,T1_REVERSE_TO_FORWARD
488.4536,-91.0208,-23.9268,0.000,NORMAL,1,ROUTE,,,,,T1_REVERSE_TO_FORWARD
488.5537,-91.0610,-24.0184,0.000,NORMAL,1,ROUTE,,,,,T1_REVERSE_TO_FORWARD
488.6536,-91.1012,-24.1099,0.000,NORMAL,1,ROUTE,,,,,T1_REVERSE_TO_FORWARD
488.7535,-91.1416,-24.2013,0.000,NORMAL,1,ROUTE,,,,,T1_REVERSE_TO_FORWARD
488.8536,-91.1818,-24.2929,0.000,NORMAL,1,ROUTE,,,,,T1_REVERSE_TO_FORWARD
488.9535,-91.2219,-24.3844,0.000,NORMAL,1,ROUTE,,,,,T1_REVERSE_TO_FORWARD
489.0534,-91.2617,-24.4761,0.000,NORMAL,1,ROUTE,,,,,T1_REVERSE_TO_FORWARD
489.1534,-91.3011,-24.5680,0.000,NORMAL,1,ROUTE,,,,,T1_REVERSE_TO_FORWARD
489.2534,-91.3401,-24.6601,0.000,NORMAL,1,ROUTE,,,,,T1_REVERSE_TO_FORWARD
489.3534,-91.3785,-24.7524,0.000,NORMAL,1,ROUTE,,,,,T1_REVERSE_TO_FORWARD
489.4534,-91.4163,-24.8450,0.000,NORMAL,1,ROUTE,,,,,T1_REVERSE_TO_FORWARD
489.5533,-91.4533,-24.9378,0.000,NORMAL,1,ROUTE,,,,,T1_REVERSE_TO_FORWARD
489.6533,-91.4898,-25.0309,0.000,NORMAL,1,ROUTE,,,,,T1_REVERSE_TO_FORWARD
489.7533,-91.5256,-25.1242,0.000,NORMAL,1,ROUTE,,,,,T1_REVERSE_TO_FORWARD
489.8533,-91.5608,-25.2178,0.000,NORMAL,1,ROUTE,,,,,T1_REVERSE_TO_FORWARD
489.9532,-91.5955,-25.3115,0.000,NORMAL,1,ROUTE,,,,,T1_REVERSE_TO_FORWARD
490.0532,-91.6298,-25.4055,0.000,NORMAL,1,ROUTE,,,,,T1_REVERSE_TO_FORWARD
490.1532,-91.6637,-25.4995,0.000,NORMAL,1,ROUTE,,,,,T1_REVERSE_TO_FORWARD
490.2531,-91.6972,-25.5937,0.000,NORMAL,1,ROUTE,,,,,T1_REVERSE_TO_FORWARD
490.3532,-91.7305,-25.6880,0.000,NORMAL,1,ROUTE,,,,,T1_REVERSE_TO_FORWARD
490.4531,-91.7636,-25.7823,0.000,NORMAL,1,ROUTE,,,,,T1_REVERSE_TO_FORWARD
490.5531,-91.7966,-25.8767,0.000,NORMAL,1,ROUTE,,,,,T1_REVERSE_TO_FORWARD
490.6531,-91.8295,-25.9711,0.000,NORMAL,1,ROUTE,,,,,T1_REVERSE_TO_FORWARD
490.7530,-91.8623,-26.0655,0.000,NORMAL,1,ROUTE,,,,,T1_REVERSE_TO_FORWARD
490.8530,-91.8952,-26.1599,0.000,NORMAL,1,ROUTE,,,,,T1_REVERSE_TO_FORWARD
490.9529,-91.9281,-26.2543,0.000,NORMAL,1,ROUTE,,,,,T1_REVERSE_TO_FORWARD
491.0529,-91.9611,-26.3487,0.000,NORMAL,1,ROUTE,,,,,T1_REVERSE_TO_FORWARD
491.1529,-91.9943,-26.4430,0.000,NORMAL,1,ROUTE,,,,,T1_REVERSE_TO_FORWARD
491.2529,-92.0275,-26.5373,0.000,NORMAL,1,ROUTE,,,,,T1_REVERSE_TO_FORWARD
491.3529,-92.0610,-26.6315,0.000,NORMAL,1,ROUTE,,,,,T1_REVERSE_TO_FORWARD
491.4528,-92.0946,-26.7256,0.000,NORMAL,1,ROUTE,,,,,T1_REVERSE_TO_FORWARD
491.5528,-92.1285,-26.8197,0.000,NORMAL,1,ROUTE,,,,,T1_REVERSE_TO_FORWARD
491.6528,-92.1626,-26.9137,0.000,NORMAL,1,ROUTE,,,,,T1_REVERSE_TO_FORWARD
491.7528,-92.1969,-27.0076,0.000,NORMAL,1,ROUTE,,,,,T1_REVERSE_TO_FORWARD
491.8527,-92.2315,-27.1014,0.000,NORMAL,1,ROUTE,,,,,T1_REVERSE_TO_FORWARD
491.9527,-92.2663,-27.1951,0.000,NORMAL,1,ROUTE,,,,,T1_REVERSE_TO_FORWARD
492.0527,-92.3014,-27.2887,0.000,NORMAL,1,ROUTE,,,,,T1_REVERSE_TO_FORWARD
492.1527,-92.3367,-27.3823,0.000,NORMAL,1,ROUTE,,,,,T1_REVERSE_TO_FORWARD
492.2526,-92.3721,-27.4757,0.000,NORMAL,1,ROUTE,,,,,T1_REVERSE_TO_FORWARD
492.3526,-92.4078,-27.5691,0.000,NORMAL,1,ROUTE,,,,,T1_REVERSE_TO_FORWARD
492.4525,-92.4437,-27.6624,0.000,NORMAL,1,ROUTE,,,,,T1_REVERSE_TO_FORWARD
492.5525,-92.4797,-27.7557,0.000,NORMAL,1,ROUTE,,,,,T1_REVERSE_TO_FORWARD
492.6525,-92.5159,-27.8489,0.000,NORMAL,1,ROUTE,,,,,T1_REVERSE_TO_FORWARD
492.7525,-92.5522,-27.9420,0.000,NORMAL,1,ROUTE,,,,,T1_REVERSE_TO_FORWARD
492.8524,-92.5886,-28.0351,0.000,NORMAL,1,ROUTE,,,,,T1_REVERSE_TO_FORWARD
492.9524,-92.6251,-28.1282,0.000,NORMAL,1,ROUTE,,,,,T1_REVERSE_TO_FORWARD
493.0524,-92.6617,-28.2212,0.000,NORMAL,1,ROUTE,,,,,T1_REVERSE_TO_FORWARD
493.1523,-92.6984,-28.3142,0.000,NORMAL,1,ROUTE,,,,,T1_REVERSE_TO_FORWARD
493.2524,-92.7350,-28.4073,0.000,NORMAL,1,ROUTE,,,,,T1_REVERSE_TO_FORWARD
493.3523,-92.7715,-28.5003,0.000,NORMAL,1,ROUTE,,,,,T1_REVERSE_TO_FORWARD
493.4523,-92.8080,-28.5934,0.000,NORMAL,1,ROUTE,,,,,T1_REVERSE_TO_FORWARD
493.5523,-92.8443,-28.6866,0.000,NORMAL,1,ROUTE,,,,,T1_REVERSE_TO_FORWARD
493.6522,-92.8803,-28.7798,0.000,NORMAL,1,ROUTE,,,,,T1_REVERSE_TO_FORWARD
493.7522,-92.9162,-28.8731,0.000,NORMAL,1,ROUTE,,,,,T1_REVERSE_TO_FORWARD
493.8522,-92.9518,-28.9666,0.000,NORMAL,1,ROUTE,,,,,T1_REVERSE_TO_FORWARD
493.9522,-92.9872,-29.0601,0.000,NORMAL,1,ROUTE,,,,,T1_REVERSE_TO_FORWARD
494.0521,-93.0224,-29.1536,0.000,NORMAL,1,ROUTE,,,,,T1_REVERSE_TO_FORWARD
494.1521,-93.0574,-29.2473,0.000,NORMAL,1,ROUTE,,,,,T1_REVERSE_TO_FORWARD
494.2520,-93.0923,-29.3409,0.000,NORMAL,1,ROUTE,,,,,T1_REVERSE_TO_FORWARD
494.3521,-93.1273,-29.4346,0.000,NORMAL,1,ROUTE,,,,,T1_REVERSE_TO_FORWARD
494.4520,-93.1622,-29.5283,0.000,NORMAL,1,ROUTE,,,,,T1_REVERSE_TO_FORWARD
494.5520,-93.1972,-29.6219,0.000,NORMAL,1,ROUTE,,,,,T1_REVERSE_TO_FORWARD
494.6520,-93.2324,-29.7155,0.000,NORMAL,1,ROUTE,,,,,T1_REVERSE_TO_FORWARD
494.7519,-93.2677,-29.8090,0.000,NORMAL,1,ROUTE,,,,,T1_REVERSE_TO_FORWARD
494.8520,-93.3033,-29.9025,0.000,NORMAL,1,ROUTE,,,,,T1_REVERSE_TO_FORWARD
494.9519,-93.3391,-29.9958,0.000,NORMAL,1,ROUTE,,,,,T1_REVERSE_TO_FORWARD
495.0519,-93.3751,-30.0891,0.000,NORMAL,1,ROUTE,,,,,T1_REVERSE_TO_FORWARD
495.1519,-93.4113,-30.1823,0.000,NORMAL,1,ROUTE,,,,,T1_REVERSE_TO_FORWARD
495.2518,-93.4476,-30.2754,0.000,NORMAL,1,ROUTE,,,,,T1_REVERSE_TO_FORWARD
495.3518,-93.4841,-30.3685,0.000,NORMAL,1,ROUTE,,,,,T1_REVERSE_TO_FORWARD
495.4518,-93.5207,-30.4615,0.000,NORMAL,1,ROUTE,,,,,T1_REVERSE_TO_FORWARD
495.5517,-93.5573,-30.5545,0.000,NORMAL,1,ROUTE,,,,,T1_REVERSE_TO_FORWARD
495.6517,-93.5939,-30.6476,0.000,NORMAL,1,ROUTE,,,,,T1_REVERSE_TO_FORWARD
495.7516,-93.6304,-30.7406,0.000,NORMAL,1,ROUTE,,,,,T1_REVERSE_TO_FORWARD
495.8517,-93.6667,-30.8338,0.000,NORMAL,1,ROUTE,,,,,T1_REVERSE_TO_FORWARD
495.9516,-93.7028,-30.9270,0.000,NORMAL,1,ROUTE,,,,,T1_REVERSE_TO_FORWARD
496.0516,-93.7386,-31.0204,0.000,NORMAL,1,ROUTE,,,,,T1_REVERSE_TO_FORWARD
496.1516,-93.7739,-31.1139,0.000,NORMAL,1,ROUTE,,,,,T1_REVERSE_TO_FORWARD
496.2516,-93.8088,-31.2076,0.000,NORMAL,1,ROUTE,,,,,T1_REVERSE_TO_FORWARD
496.3515,-93.8431,-31.3015,0.000,NORMAL,1,ROUTE,,,,,T1_REVERSE_TO_FORWARD
496.4515,-93.8767,-31.3957,0.000,NORMAL,1,ROUTE,,,,,T1_REVERSE_TO_FORWARD
496.5515,-93.9095,-31.4901,0.000,NORMAL,1,ROUTE,,,,,T1_REVERSE_TO_FORWARD
496.6514,-93.9415,-31.5848,0.000,NORMAL,1,ROUTE,,,,,T1_REVERSE_TO_FORWARD
496.7514,-93.9725,-31.6798,0.000,NORMAL,1,ROUTE,,,,,T1_REVERSE_TO_FORWARD
496.8514,-94.0025,-31.7752,0.000,NORMAL,1,ROUTE,,,,,T1_REVERSE_TO_FORWARD
496.9513,-94.0313,-31.8709,0.000,NORMAL,1,ROUTE,,,,,T1_REVERSE_TO_FORWARD
497.0513,-94.0589,-31.9670,0.000,NORMAL,1,ROUTE,,,,,T1_REVERSE_TO_FORWARD
497.1513,-94.0854,-32.0634,0.000,NORMAL,1,ROUTE,,,,,T1_REVERSE_TO_FORWARD
497.2512,-94.1107,-32.1601,0.000,NORMAL,1,ROUTE,,,,,T1_REVERSE_TO_FORWARD
497.3513,-94.1351,-32.2571,0.000,NORMAL,1,ROUTE,,,,,T1_REVERSE_TO_FORWARD
497.4512,-94.1587,-32.3542,0.000,NORMAL,1,ROUTE,,,,,T1_REVERSE_TO_FORWARD
497.5512,-94.1816,-32.4516,0.000,NORMAL,1,ROUTE,,,,,T1_REVERSE_TO_FORWARD
497.6512,-94.2040,-32.5490,0.000,NORMAL,1,ROUTE,,,,,T1_REVERSE_TO_FORWARD
497.7511,-94.2261,-32.6465,0.000,NORMAL,1,ROUTE,,,,,T1_REVERSE_TO_FORWARD
497.8512,-94.2479,-32.7441,0.000,NORMAL,1,ROUTE,,,,,T1_REVERSE_TO_FORWARD
497.9511,-94.2695,-32.8417,0.000,NORMAL,1,ROUTE,,,,,T1_REVERSE_TO_FORWARD
498.0511,-94.2910,-32.9393,0.000,NORMAL,1,ROUTE,,,,,T1_REVERSE_TO_FORWARD
498.1510,-94.3122,-33.0370,0.000,NORMAL,1,ROUTE,,,,,T1_REVERSE_TO_FORWARD
498.2510,-94.3331,-33.1348,0.000,NORMAL,1,ROUTE,,,,,T1_REVERSE_TO_FORWARD
498.3510,-94.3536,-33.2326,0.000,NORMAL,1,ROUTE,,,,,T1_REVERSE_TO_FORWARD
498.4510,-94.3736,-33.3306,0.000,NORMAL,1,ROUTE,,,,,T1_REVERSE_TO_FORWARD
498.5509,-94.3930,-33.4286,0.000,NORMAL,1,ROUTE,,,,,T1_REVERSE_TO_FORWARD
498.6509,-94.4116,-33.5269,0.000,NORMAL,1,ROUTE,,,,,T1_REVERSE_TO_FORWARD
498.7509,-94.4294,-33.6253,0.000,NORMAL,1,ROUTE,,,,,T1_REVERSE_TO_FORWARD
498.8508,-94.4461,-33.7238,0.000,NORMAL,1,ROUTE,,,,,T1_REVERSE_TO_FORWARD
498.9509,-94.4617,-33.8226,0.000,NORMAL,1,ROUTE,,,,,T1_REVERSE_TO_FORWARD
499.0508,-94.4762,-33.9215,0.000,NORMAL,1,ROUTE,,,,,T1_REVERSE_TO_FORWARD
499.1508,-94.4895,-34.0206,0.000,NORMAL,1,ROUTE,,,,,T1_REVERSE_TO_FORWARD
499.2507,-94.5017,-34.1198,0.000,NORMAL,1,ROUTE,,,,,T1_REVERSE_TO_FORWARD
499.3507,-94.5128,-34.2191,0.000,NORMAL,1,ROUTE,,,,,T1_REVERSE_TO_FORWARD
499.4507,-94.5227,-34.3186,0.000,NORMAL,1,ROUTE,,,,,T1_REVERSE_TO_FORWARD
499.5507,-94.5316,-34.4182,0.000,NORMAL,1,ROUTE,,,,,T1_REVERSE_TO_FORWARD
499.6507,-94.5393,-34.5179,0.000,NORMAL,1,ROUTE,,,,,T1_REVERSE_TO_FORWARD
499.7506,-94.5459,-34.6176,0.000,NORMAL,1,ROUTE,,,,,T1_REVERSE_TO_FORWARD
499.8506,-94.5514,-34.7175,0.000,NORMAL,1,ROUTE,,,,,T1_REVERSE_TO_FORWARD
499.9505,-94.5557,-34.8173,0.000,NORMAL,1,ROUTE,,,,,T1_REVERSE_TO_FORWARD
500.0506,-94.5589,-34.9173,0.000,NORMAL,1,ROUTE,,,,,T1_REVERSE_TO_FORWARD
500.1505,-94.5610,-35.0172,0.000,NORMAL,1,ROUTE,,,,,T1_REVERSE_TO_FORWARD
500.2505,-94.5621,-35.1172,0.000,NORMAL,1,ROUTE,,,,,T1_REVERSE_TO_FORWARD
500.3504,-94.5623,-35.2171,0.000,NORMAL,1,ROUTE,,,,,T1_REVERSE_TO_FORWARD
500.4504,-94.5616,-35.3171,0.000,NORMAL,1,ROUTE,,,,,T1_REVERSE_TO_FORWARD
500.5504,-94.5600,-35.4171,0.000,NORMAL,1,ROUTE,,,,,T1_REVERSE_TO_FORWARD
500.6503,-94.5577,-35.5170,0.000,NORMAL,1,ROUTE,,,,,T1_REVERSE_TO_FORWARD
500.7503,-94.5547,-35.6169,0.000,NORMAL,1,ROUTE,,,,,T1_REVERSE_TO_FORWARD
500.8503,-94.5509,-35.7168,0.000,NORMAL,1,ROUTE,,,,,T1_REVERSE_TO_FORWARD
500.9503,-94.5464,-35.8167,0.000,NORMAL,1,ROUTE,,,,,T1_REVERSE_TO_FORWARD
501.0503,-94.5412,-35.9166,0.000,NORMAL,1,ROUTE,,,,,T1_REVERSE_TO_FORWARD
501.1503,-94.5352,-36.0164,0.000,NORMAL,1,ROUTE,,,,,T1_REVERSE_TO_FORWARD
501.2502,-94.5284,-36.1161,0.000,NORMAL,1,ROUTE,,,,,T1_REVERSE_TO_FORWARD
501.3502,-94.5207,-36.2158,0.000,NORMAL,1,ROUTE,,,,,T1_REVERSE_TO_FORWARD
501.4502,-94.5122,-36.3154,0.000,NORMAL,1,ROUTE,,,,,T1_REVERSE_TO_FORWARD
501.5501,-94.5027,-36.4149,0.000,NORMAL,1,ROUTE,,,,,T1_REVERSE_TO_FORWARD
501.6501,-94.4922,-36.5143,0.000,NORMAL,1,ROUTE,,,,,T1_REVERSE_TO_FORWARD
501.7500,-94.4806,-36.6136,0.000,NORMAL,1,ROUTE,,,,,T1_REVERSE_TO_FORWARD
501.8501,-94.4678,-36.7128,0.000,NORMAL,1,ROUTE,,,,,T1_REVERSE_TO_FORWARD
501.9500,-94.4539,-36.8118,0.000,NORMAL,1,ROUTE,,,,,T1_REVERSE_TO_FORWARD
502.0500,-94.4388,-36.9106,0.000,NORMAL,1,ROUTE,,,,,T1_REVERSE_TO_FORWARD
502.1499,-94.4226,-37.0092,0.000,NORMAL,1,ROUTE,,,,,T1_REVERSE_TO_FORWARD
502.2499,-94.4053,-37.1077,0.000,NORMAL,1,ROUTE,,,,,T1_REVERSE_TO_FORWARD
502.3499,-94.3870,-37.2060,0.000,NORMAL,1,ROUTE,,,,,T1_REVERSE_TO_FORWARD
502.4499,-94.3677,-37.3041,0.000,NORMAL,1,ROUTE,,,,,T1_REVERSE_TO_FORWARD
502.5499,-94.3474,-37.4020,0.000,NORMAL,1,ROUTE,,,,,T1_REVERSE_TO_FORWARD
502.6499,-94.3261,-37.4997,0.000,NORMAL,1,ROUTE,,,,,T1_REVERSE_TO_FORWARD
502.7498,-94.3038,-37.5971,0.000,NORMAL,1,ROUTE,,,,,T1_REVERSE_TO_FORWARD
502.8498,-94.2804,-37.6943,0.000,NORMAL,1,ROUTE,,,,,T1_REVERSE_TO_FORWARD
502.9498,-94.2560,-37.7913,0.000,NORMAL,1,ROUTE,,,,,T1_REVERSE_TO_FORWARD
503.0497,-94.2304,-37.8879,0.000,NORMAL,1,ROUTE,,,,,T1_REVERSE_TO_FORWARD
503.1497,-94.2036,-37.9842,0.000,NORMAL,1,ROUTE,,,,,T1_REVERSE_TO_FORWARD
503.2496,-94.1755,-38.0801,0.000,NORMAL,1,ROUTE,,,,,T1_REVERSE_TO_FORWARD
503.3497,-94.1459,-38.1757,0.000,NORMAL,1,ROUTE,,,,,T1_REVERSE_TO_FORWARD
503.4496,-94.1150,-38.2707,0.000,NORMAL,1,ROUTE,,,,,T1_REVERSE_TO_FORWARD
503.5496,-94.0825,-38.3653,0.000,NORMAL,1,ROUTE,,,,,T1_REVERSE_TO_FORWARD
503.6495,-94.0487,-38.4593,0.000,NORMAL,1,ROUTE,,,,,T1_REVERSE_TO_FORWARD
503.7495,-94.0135,-38.5529,0.000,NORMAL,1,ROUTE,,,,,T1_REVERSE_TO_FORWARD
503.8495,-93.9771,-38.6460,0.000,NORMAL,1,ROUTE,,,,,T1_REVERSE_TO_FORWARD
503.9494,-93.9395,-38.7386,0.000,NORMAL,1,ROUTE,,,,,T1_REVERSE_TO_FORWARD
504.0494,-93.9007,-38.8308,0.000,NORMAL,1,ROUTE,,,,,T1_REVERSE_TO_FORWARD
504.1494,-93.8609,-38.9225,0.000,NORMAL,1,ROUTE,,,,,T1_REVERSE_TO_FORWARD
504.2494,-93.8201,-39.0138,0.000,NORMAL,1,ROUTE,,,,,T1_REVERSE_TO_FORWARD
504.3494,-93.7783,-39.1046,0.000,NORMAL,1,ROUTE,,,,,T1_REVERSE_TO_FORWARD
504.4493,-93.7356,-39.1950,0.000,NORMAL,1,ROUTE,,,,,T1_REVERSE_TO_FORWARD
504.5493,-93.6919,-39.2849,0.000,NORMAL,1,ROUTE,,,,,T1_REVERSE_TO_FORWARD
504.6493,-93.6472,-39.3743,0.000,NORMAL,1,ROUTE,,,,,T1_REVERSE_TO_FORWARD
504.7493,-93.6016,-39.4633,0.000,NORMAL,1,ROUTE,,,,,T1_REVERSE_TO_FORWARD
504.8493,-93.5550,-39.5518,0.000,NORMAL,1,ROUTE,,,,,T1_REVERSE_TO_FORWARD
504.9492,-93.5076,-39.6398,0.000,NORMAL,1,ROUTE,,,,,T1_REVERSE_TO_FORWARD
505.0492,-93.4593,-39.7273,0.000,NORMAL,1,ROUTE,,,,,T1_REVERSE_TO_FORWARD
505.1492,-93.4100,-39.8143,0.000,NORMAL,1,ROUTE,,,,,T1_REVERSE_TO_FORWARD
505.2491,-93.3599,-39.9008,0.000,NORMAL,1,ROUTE,,,,,T1_REVERSE_TO_FORWARD
505.3490,-93.3087,-39.9866,0.000,NORMAL,1,ROUTE,,,,,T1_REVERSE_TO_FORWARD
505.4491,-93.2564,-40.0719,0.000,NORMAL,1,ROUTE,,,,,T1_REVERSE_TO_FORWARD
505.5491,-93.2030,-40.1564,0.000,NORMAL,1,ROUTE,,,,,T1_REVERSE_TO_FORWARD
505.6490,-93.1482,-40.2400,0.000,NORMAL,1,ROUTE,,,,,T1_REVERSE_TO_FORWARD
505.7490,-93.0921,-40.3227,0.000,NORMAL,1,ROUTE,,,,,T1_REVERSE_TO_FORWARD
505.8489,-93.0344,-40.4043,0.000,NORMAL,1,ROUTE,,,,,T1_REVERSE_TO_FORWARD
505.9489,-92.9751,-40.4848,0.000,NORMAL,1,ROUTE,,,,,T1_REVERSE_TO_FORWARD
506.0489,-92.9140,-40.5640,0.000,NORMAL,1,ROUTE,,,,,T1_REVERSE_TO_FORWARD
506.1488,-92.8514,-40.6419,0.000,NORMAL,1,ROUTE,,,,,T1_REVERSE_TO_FORWARD
506.2489,-92.7871,-40.7185,0.000,NORMAL,1,ROUTE,,,,,T1_REVERSE_TO_FORWARD
506.3488,-92.7214,-40.7938,0.000,NORMAL,1,ROUTE,,,,,T1_REVERSE_TO_FORWARD
506.4488,-92.6543,-40.8679,0.000,NORMAL,1,ROUTE,,,,,T1_REVERSE_TO_FORWARD
506.5488,-92.5859,-40.9409,0.000,NORMAL,1,ROUTE,,,,,T1_REVERSE_TO_FORWARD
506.6487,-92.5164,-41.0127,0.000,NORMAL,1,ROUTE,,,,,T1_REVERSE_TO_FORWARD
506.7487,-92.4459,-41.0836,0.000,NORMAL,1,ROUTE,,,,,T1_REVERSE_TO_FORWARD
506.8487,-92.3744,-41.1535,0.000,NORMAL,1,ROUTE,,,,,T1_REVERSE_TO_FORWARD
506.9486,-92.3020,-41.2224,0.000,NORMAL,1,ROUTE,,,,,T1_REVERSE_TO_FORWARD
507.0486,-92.2286,-41.2903,0.000,NORMAL,1,ROUTE,,,,,T1_REVERSE_TO_FORWARD
507.1486,-92.1545,-41.3574,0.000,NORMAL,1,ROUTE,,,,,T1_REVERSE_TO_FORWARD
507.2486,-92.0795,-41.4235,0.000,NORMAL,1,ROUTE,,,,,T1_REVERSE_TO_FORWARD
507.3485,-92.0037,-41.4887,0.000,NORMAL,1,ROUTE,,,,,T1_REVERSE_TO_FORWARD
507.4485,-91.9272,-41.5530,0.000,NORMAL,1,ROUTE,,,,,T1_REVERSE_TO_FORWARD
507.5355,-91.8601,-41.6084,0.000,DUMMY,1,DUMMY,DUMMY_OBSTACLE_ZONE,STOP_THEN_HOLD,OBSTACLE_DETECTED,3.0,T1_REVERSE_TO_FORWARD
507.5485,-91.8500,-41.6166,0.000,DUMMY,1,DUMMY,,,OBSTACLE_DETECTED,3.0,T1_REVERSE_TO_FORWARD
507.6484,-91.7723,-41.6794,0.000,DUMMY,1,DUMMY,,,OBSTACLE_DETECTED,3.0,T1_REVERSE_TO_FORWARD
507.7484,-91.6939,-41.7415,0.000,DUMMY,1,DUMMY,,,OBSTACLE_DETECTED,3.0,T1_REVERSE_TO_FORWARD
507.8484,-91.6149,-41.8027,0.000,DUMMY,1,DUMMY,,,OBSTACLE_DETECTED,3.0,T1_REVERSE_TO_FORWARD
507.9484,-91.5352,-41.8631,0.000,DUMMY,1,DUMMY,,,OBSTACLE_DETECTED,3.0,T1_REVERSE_TO_FORWARD
508.0483,-91.4549,-41.9226,0.000,DUMMY,1,DUMMY,,,OBSTACLE_DETECTED,3.0,T1_REVERSE_TO_FORWARD
508.1483,-91.3738,-41.9811,0.000,DUMMY,1,DUMMY,,,OBSTACLE_DETECTED,3.0,T1_REVERSE_TO_FORWARD
508.2483,-91.2921,-42.0387,0.000,DUMMY,1,DUMMY,,,OBSTACLE_DETECTED,3.0,T1_REVERSE_TO_FORWARD
508.3483,-91.2095,-42.0951,0.000,DUMMY,1,DUMMY,,,OBSTACLE_DETECTED,3.0,T1_REVERSE_TO_FORWARD
508.4482,-91.1263,-42.1504,0.000,DUMMY,1,DUMMY,,,OBSTACLE_DETECTED,3.0,T1_REVERSE_TO_FORWARD
508.5482,-91.0422,-42.2045,0.000,DUMMY,1,DUMMY,,,OBSTACLE_DETECTED,3.0,T1_REVERSE_TO_FORWARD
508.6482,-90.9574,-42.2575,0.000,DUMMY,1,DUMMY,,,OBSTACLE_DETECTED,3.0,T1_REVERSE_TO_FORWARD
508.7481,-90.8719,-42.3093,0.000,DUMMY,1,DUMMY,,,OBSTACLE_DETECTED,3.0,T1_REVERSE_TO_FORWARD
508.8481,-90.7858,-42.3601,0.000,DUMMY,1,DUMMY,,,OBSTACLE_DETECTED,3.0,T1_REVERSE_TO_FORWARD
508.9481,-90.6992,-42.4100,0.000,DUMMY,1,DUMMY,,,OBSTACLE_DETECTED,3.0,T1_REVERSE_TO_FORWARD
509.0480,-90.6122,-42.4592,0.000,DUMMY,1,DUMMY,,,OBSTACLE_DETECTED,3.0,T1_REVERSE_TO_FORWARD
509.1480,-90.5249,-42.5079,0.000,DUMMY,1,DUMMY,,,OBSTACLE_DETECTED,3.0,T1_REVERSE_TO_FORWARD
509.2480,-90.4374,-42.5564,0.000,DUMMY,1,DUMMY,,,OBSTACLE_DETECTED,3.0,T1_REVERSE_TO_FORWARD
509.3480,-90.3499,-42.6047,0.000,DUMMY,1,DUMMY,,,OBSTACLE_DETECTED,3.0,T1_REVERSE_TO_FORWARD
509.4480,-90.2623,-42.6530,0.000,DUMMY,1,DUMMY,,,OBSTACLE_DETECTED,3.0,T1_REVERSE_TO_FORWARD
509.5480,-90.1749,-42.7015,0.000,DUMMY,1,DUMMY,,,OBSTACLE_DETECTED,3.0,T1_REVERSE_TO_FORWARD
509.6479,-90.0877,-42.7503,0.000,DUMMY,1,DUMMY,,,OBSTACLE_DETECTED,3.0,T1_REVERSE_TO_FORWARD
509.7479,-90.0006,-42.7994,0.000,DUMMY,1,DUMMY,,,OBSTACLE_DETECTED,3.0,T1_REVERSE_TO_FORWARD
509.8479,-89.9137,-42.8489,0.000,DUMMY,1,DUMMY,,,OBSTACLE_DETECTED,3.0,T1_REVERSE_TO_FORWARD
509.9478,-89.8271,-42.8987,0.000,DUMMY,1,DUMMY,,,OBSTACLE_DETECTED,3.0,T1_REVERSE_TO_FORWARD
510.0478,-89.7406,-42.9490,0.000,DUMMY,1,DUMMY,,,OBSTACLE_DETECTED,3.0,T1_REVERSE_TO_FORWARD
510.1478,-89.6544,-42.9996,0.000,DUMMY,1,DUMMY,,,OBSTACLE_DETECTED,3.0,T1_REVERSE_TO_FORWARD
510.2477,-89.5684,-43.0505,0.000,DUMMY,1,DUMMY,,,OBSTACLE_DETECTED,3.0,T1_REVERSE_TO_FORWARD
510.3477,-89.4825,-43.1017,0.000,DUMMY,1,DUMMY,,,OBSTACLE_DETECTED,3.0,T1_REVERSE_TO_FORWARD
510.4477,-89.3968,-43.1531,0.000,DUMMY,1,DUMMY,,,OBSTACLE_DETECTED,3.0,T1_REVERSE_TO_FORWARD
510.5477,-89.3111,-43.2047,0.000,DUMMY,1,DUMMY,,,OBSTACLE_DETECTED,3.0,T1_REVERSE_TO_FORWARD
510.6476,-89.2256,-43.2564,0.000,DUMMY,1,DUMMY,,,OBSTACLE_DETECTED,3.0,T1_REVERSE_TO_FORWARD
510.7476,-89.1400,-43.3081,0.000,DUMMY,1,DUMMY,,,OBSTACLE_DETECTED,3.0,T1_REVERSE_TO_FORWARD
510.8476,-89.0544,-43.3597,0.000,DUMMY,1,DUMMY,,,OBSTACLE_DETECTED,3.0,T1_REVERSE_TO_FORWARD
510.9475,-88.9687,-43.4112,0.000,DUMMY,1,DUMMY,,,OBSTACLE_DETECTED,3.0,T1_REVERSE_TO_FORWARD
511.0475,-88.8828,-43.4623,0.000,DUMMY,1,DUMMY,,,OBSTACLE_DETECTED,3.0,T1_REVERSE_TO_FORWARD
511.1475,-88.7966,-43.5130,0.000,DUMMY,1,DUMMY,,,OBSTACLE_DETECTED,3.0,T1_REVERSE_TO_FORWARD
511.2475,-88.7102,-43.5633,0.000,DUMMY,1,DUMMY,,,OBSTACLE_DETECTED,3.0,T1_REVERSE_TO_FORWARD
511.3474,-88.6234,-43.6129,0.000,DUMMY,1,DUMMY,,,OBSTACLE_DETECTED,3.0,T1_REVERSE_TO_FORWARD
511.4474,-88.5362,-43.6618,0.000,DUMMY,1,DUMMY,,,OBSTACLE_DETECTED,3.0,T1_REVERSE_TO_FORWARD
511.5474,-88.4486,-43.7099,0.000,DUMMY,1,DUMMY,,,OBSTACLE_DETECTED,3.0,T1_REVERSE_TO_FORWARD
511.6474,-88.3605,-43.7572,0.000,DUMMY,1,DUMMY,,,OBSTACLE_DETECTED,3.0,T1_REVERSE_TO_FORWARD
511.7474,-88.2719,-43.8036,0.000,DUMMY,1,DUMMY,,,OBSTACLE_DETECTED,3.0,T1_REVERSE_TO_FORWARD
511.8473,-88.1830,-43.8492,0.000,DUMMY,1,DUMMY,,,OBSTACLE_DETECTED,3.0,T1_REVERSE_TO_FORWARD
511.9473,-88.0936,-43.8940,0.000,DUMMY,1,DUMMY,,,OBSTACLE_DETECTED,3.0,T1_REVERSE_TO_FORWARD
512.0472,-88.0039,-43.9381,0.000,DUMMY,1,DUMMY,,,OBSTACLE_DETECTED,3.0,T1_REVERSE_TO_FORWARD
512.1472,-87.9139,-43.9816,0.000,DUMMY,1,DUMMY,,,OBSTACLE_DETECTED,3.0,T1_REVERSE_TO_FORWARD
512.2473,-87.8235,-44.0245,0.000,DUMMY,1,DUMMY,,,OBSTACLE_DETECTED,3.0,T1_REVERSE_TO_FORWARD
512.3472,-87.7330,-44.0669,0.000,DUMMY,1,DUMMY,,,OBSTACLE_DETECTED,3.0,T1_REVERSE_TO_FORWARD
512.4471,-87.6423,-44.1088,0.000,DUMMY,1,DUMMY,,,OBSTACLE_DETECTED,3.0,T1_REVERSE_TO_FORWARD
512.5472,-87.5513,-44.1504,0.000,DUMMY,1,DUMMY,,,OBSTACLE_DETECTED,3.0,T1_REVERSE_TO_FORWARD
512.6471,-87.4603,-44.1916,0.000,DUMMY,1,DUMMY,,,OBSTACLE_DETECTED,3.0,T1_REVERSE_TO_FORWARD
512.7470,-87.3691,-44.2326,0.000,DUMMY,1,DUMMY,,,OBSTACLE_DETECTED,3.0,T1_REVERSE_TO_FORWARD
512.8470,-87.2778,-44.2734,0.000,DUMMY,1,DUMMY,,,OBSTACLE_DETECTED,3.0,T1_REVERSE_TO_FORWARD
512.9470,-87.1865,-44.3141,0.000,DUMMY,1,DUMMY,,,OBSTACLE_DETECTED,3.0,T1_REVERSE_TO_FORWARD
513.0470,-87.0951,-44.3547,0.000,DUMMY,1,DUMMY,,,OBSTACLE_DETECTED,3.0,T1_REVERSE_TO_FORWARD
513.1469,-87.0038,-44.3952,0.000,DUMMY,1,DUMMY,,,OBSTACLE_DETECTED,3.0,T1_REVERSE_TO_FORWARD
513.2470,-86.9124,-44.4359,0.000,DUMMY,1,DUMMY,,,OBSTACLE_DETECTED,3.0,T1_REVERSE_TO_FORWARD
513.3469,-86.8211,-44.4766,0.000,DUMMY,1,DUMMY,,,OBSTACLE_DETECTED,3.0,T1_REVERSE_TO_FORWARD
513.4469,-86.7299,-44.5175,0.000,DUMMY,1,DUMMY,,,OBSTACLE_DETECTED,3.0,T1_REVERSE_TO_FORWARD
513.5468,-86.6388,-44.5586,0.000,DUMMY,1,DUMMY,,,OBSTACLE_DETECTED,3.0,T1_REVERSE_TO_FORWARD
513.6468,-86.5477,-44.5999,0.000,DUMMY,1,DUMMY,,,OBSTACLE_DETECTED,3.0,T1_REVERSE_TO_FORWARD
513.7468,-86.4568,-44.6415,0.000,DUMMY,1,DUMMY,,,OBSTACLE_DETECTED,3.0,T1_REVERSE_TO_FORWARD
513.8468,-86.3659,-44.6832,0.000,DUMMY,1,DUMMY,,,OBSTACLE_DETECTED,3.0,T1_REVERSE_TO_FORWARD
513.9468,-86.2752,-44.7252,0.000,DUMMY,1,DUMMY,,,OBSTACLE_DETECTED,3.0,T1_REVERSE_TO_FORWARD
514.0467,-86.1846,-44.7674,0.000,DUMMY,1,DUMMY,,,OBSTACLE_DETECTED,3.0,T1_REVERSE_TO_FORWARD
514.1467,-86.0940,-44.8097,0.000,DUMMY,1,DUMMY,,,OBSTACLE_DETECTED,3.0,T1_REVERSE_TO_FORWARD
514.2467,-86.0035,-44.8522,0.000,DUMMY,1,DUMMY,,,OBSTACLE_DETECTED,3.0,T1_REVERSE_TO_FORWARD
514.3466,-85.9131,-44.8948,0.000,DUMMY,1,DUMMY,,,OBSTACLE_DETECTED,3.0,T1_REVERSE_TO_FORWARD
514.4466,-85.8227,-44.9375,0.000,DUMMY,1,DUMMY,,,OBSTACLE_DETECTED,3.0,T1_REVERSE_TO_FORWARD
514.5466,-85.7323,-44.9802,0.000,DUMMY,1,DUMMY,,,OBSTACLE_DETECTED,3.0,T1_REVERSE_TO_FORWARD
514.6466,-85.6419,-45.0230,0.000,DUMMY,1,DUMMY,,,OBSTACLE_DETECTED,3.0,T1_REVERSE_TO_FORWARD
514.7466,-85.5515,-45.0657,0.000,DUMMY,1,DUMMY,,,OBSTACLE_DETECTED,3.0,T1_REVERSE_TO_FORWARD
514.8465,-85.4611,-45.1084,0.000,DUMMY,1,DUMMY,,,OBSTACLE_DETECTED,3.0,T1_REVERSE_TO_FORWARD
514.9465,-85.3707,-45.1510,0.000,DUMMY,1,DUMMY,,,OBSTACLE_DETECTED,3.0,T1_REVERSE_TO_FORWARD
515.0465,-85.2802,-45.1936,0.000,DUMMY,1,DUMMY,,,OBSTACLE_DETECTED,3.0,T1_REVERSE_TO_FORWARD
515.1464,-85.1897,-45.2360,0.000,DUMMY,1,DUMMY,,,OBSTACLE_DETECTED,3.0,T1_REVERSE_TO_FORWARD
515.2464,-85.0991,-45.2782,0.000,DUMMY,1,DUMMY,,,OBSTACLE_DETECTED,3.0,T1_REVERSE_TO_FORWARD
515.3464,-85.0084,-45.3203,0.000,DUMMY,1,DUMMY,,,OBSTACLE_DETECTED,3.0,T1_REVERSE_TO_FORWARD
515.4463,-84.9177,-45.3622,0.000,DUMMY,1,DUMMY,,,OBSTACLE_DETECTED,3.0,T1_REVERSE_TO_FORWARD
515.5463,-84.8268,-45.4040,0.000,DUMMY,1,DUMMY,,,OBSTACLE_DETECTED,3.0,T1_REVERSE_TO_FORWARD
515.6463,-84.7359,-45.4455,0.000,DUMMY,1,DUMMY,,,OBSTACLE_DETECTED,3.0,T1_REVERSE_TO_FORWARD
515.7462,-84.6449,-45.4869,0.000,DUMMY,1,DUMMY,,,OBSTACLE_DETECTED,3.0,T1_REVERSE_TO_FORWARD
515.8463,-84.5537,-45.5280,0.000,DUMMY,1,DUMMY,,,OBSTACLE_DETECTED,3.0,T1_REVERSE_TO_FORWARD
515.9462,-84.4625,-45.5689,0.000,DUMMY,1,DUMMY,,,OBSTACLE_DETECTED,3.0,T1_REVERSE_TO_FORWARD
516.0462,-84.3712,-45.6096,0.000,DUMMY,1,DUMMY,,,OBSTACLE_DETECTED,3.0,T1_REVERSE_TO_FORWARD
516.1461,-84.2798,-45.6500,0.000,DUMMY,1,DUMMY,,,OBSTACLE_DETECTED,3.0,T1_REVERSE_TO_FORWARD
516.2461,-84.1882,-45.6902,0.000,DUMMY,1,DUMMY,,,OBSTACLE_DETECTED,3.0,T1_REVERSE_TO_FORWARD
516.3461,-84.0965,-45.7300,0.000,DUMMY,1,DUMMY,,,OBSTACLE_DETECTED,3.0,T1_REVERSE_TO_FORWARD
516.4461,-84.0046,-45.7695,0.000,DUMMY,1,DUMMY,,,OBSTACLE_DETECTED,3.0,T1_REVERSE_TO_FORWARD
516.5461,-83.9126,-45.8086,0.000,DUMMY,1,DUMMY,,,OBSTACLE_DETECTED,3.0,T1_REVERSE_TO_FORWARD
516.6460,-83.8205,-45.8472,0.000,DUMMY,1,DUMMY,,,OBSTACLE_DETECTED,3.0,T1_REVERSE_TO_FORWARD
516.7460,-83.7281,-45.8855,0.000,DUMMY,1,DUMMY,,,OBSTACLE_DETECTED,3.0,T1_REVERSE_TO_FORWARD
516.8459,-83.6356,-45.9233,0.000,DUMMY,1,DUMMY,,,OBSTACLE_DETECTED,3.0,T1_REVERSE_TO_FORWARD
516.9460,-83.5428,-45.9608,0.000,DUMMY,1,DUMMY,,,OBSTACLE_DETECTED,3.0,T1_REVERSE_TO_FORWARD
517.0459,-83.4500,-45.9978,0.000,DUMMY,1,DUMMY,,,OBSTACLE_DETECTED,3.0,T1_REVERSE_TO_FORWARD
517.1459,-83.3570,-46.0345,0.000,DUMMY,1,DUMMY,,,OBSTACLE_DETECTED,3.0,T1_REVERSE_TO_FORWARD
517.2459,-83.2639,-46.0709,0.000,DUMMY,1,DUMMY,,,OBSTACLE_DETECTED,3.0,T1_REVERSE_TO_FORWARD
517.3459,-83.1706,-46.1070,0.000,DUMMY,1,DUMMY,,,OBSTACLE_DETECTED,3.0,T1_REVERSE_TO_FORWARD
517.4459,-83.0773,-46.1429,0.000,DUMMY,1,DUMMY,,,OBSTACLE_DETECTED,3.0,T1_REVERSE_TO_FORWARD
517.5458,-82.9840,-46.1786,0.000,DUMMY,1,DUMMY,,,OBSTACLE_DETECTED,3.0,T1_REVERSE_TO_FORWARD
517.6458,-82.8905,-46.2142,0.000,DUMMY,1,DUMMY,,,OBSTACLE_DETECTED,3.0,T1_REVERSE_TO_FORWARD
517.7457,-82.7971,-46.2497,0.000,DUMMY,1,DUMMY,,,OBSTACLE_DETECTED,3.0,T1_REVERSE_TO_FORWARD
517.8457,-82.7036,-46.2852,0.000,DUMMY,1,DUMMY,,,OBSTACLE_DETECTED,3.0,T1_REVERSE_TO_FORWARD
517.9457,-82.6101,-46.3206,0.000,DUMMY,1,DUMMY,,,OBSTACLE_DETECTED,3.0,T1_REVERSE_TO_FORWARD
518.0456,-82.5167,-46.3561,0.000,DUMMY,1,DUMMY,,,OBSTACLE_DETECTED,3.0,T1_REVERSE_TO_FORWARD
518.1456,-82.4233,-46.3918,0.000,DUMMY,1,DUMMY,,,OBSTACLE_DETECTED,3.0,T1_REVERSE_TO_FORWARD
518.2456,-82.3299,-46.4275,0.000,DUMMY,1,DUMMY,,,OBSTACLE_DETECTED,3.0,T1_REVERSE_TO_FORWARD
518.3456,-82.2366,-46.4634,0.000,DUMMY,1,DUMMY,,,OBSTACLE_DETECTED,3.0,T1_REVERSE_TO_FORWARD
518.4456,-82.1434,-46.4996,0.000,DUMMY,1,DUMMY,,,OBSTACLE_DETECTED,3.0,T1_REVERSE_TO_FORWARD
518.5455,-82.0503,-46.5360,0.000,DUMMY,1,DUMMY,,,OBSTACLE_DETECTED,3.0,T1_REVERSE_TO_FORWARD
518.6455,-81.9573,-46.5726,0.000,DUMMY,1,DUMMY,,,OBSTACLE_DETECTED,3.0,T1_REVERSE_TO_FORWARD
518.7454,-81.8644,-46.6095,0.000,DUMMY,1,DUMMY,,,OBSTACLE_DETECTED,3.0,T1_REVERSE_TO_FORWARD
518.8454,-81.7716,-46.6467,0.000,DUMMY,1,DUMMY,,,OBSTACLE_DETECTED,3.0,T1_REVERSE_TO_FORWARD
518.9454,-81.6789,-46.6842,0.000,DUMMY,1,DUMMY,,,OBSTACLE_DETECTED,3.0,T1_REVERSE_TO_FORWARD
519.0454,-81.5863,-46.7220,0.000,DUMMY,1,DUMMY,,,OBSTACLE_DETECTED,3.0,T1_REVERSE_TO_FORWARD
519.1453,-81.4939,-46.7600,0.000,DUMMY,1,DUMMY,,,OBSTACLE_DETECTED,3.0,T1_REVERSE_TO_FORWARD
519.2453,-81.4016,-46.7984,0.000,DUMMY,1,DUMMY,,,OBSTACLE_DETECTED,3.0,T1_REVERSE_TO_FORWARD
519.3453,-81.3094,-46.8370,0.000,DUMMY,1,DUMMY,,,OBSTACLE_DETECTED,3.0,T1_REVERSE_TO_FORWARD
519.4453,-81.2173,-46.8760,0.000,DUMMY,1,DUMMY,,,OBSTACLE_DETECTED,3.0,T1_REVERSE_TO_FORWARD
519.5452,-81.1254,-46.9153,0.000,DUMMY,1,DUMMY,,,OBSTACLE_DETECTED,3.0,T1_REVERSE_TO_FORWARD
519.6452,-81.0336,-46.9549,0.000,DUMMY,1,DUMMY,,,OBSTACLE_DETECTED,3.0,T1_REVERSE_TO_FORWARD
519.7452,-80.9419,-46.9948,0.000,DUMMY,1,DUMMY,,,OBSTACLE_DETECTED,3.0,T1_REVERSE_TO_FORWARD
519.8452,-80.8504,-47.0351,0.000,DUMMY,1,DUMMY,,,OBSTACLE_DETECTED,3.0,T1_REVERSE_TO_FORWARD
519.9452,-80.7591,-47.0758,0.000,DUMMY,1,DUMMY,,,OBSTACLE_DETECTED,3.0,T1_REVERSE_TO_FORWARD
520.0452,-80.6679,-47.1169,0.000,DUMMY,1,DUMMY,,,OBSTACLE_DETECTED,3.0,T1_REVERSE_TO_FORWARD
520.1451,-80.5770,-47.1583,0.000,DUMMY,1,DUMMY,,,OBSTACLE_DETECTED,3.0,T1_REVERSE_TO_FORWARD
520.2451,-80.4862,-47.2002,0.000,DUMMY,1,DUMMY,,,OBSTACLE_DETECTED,3.0,T1_REVERSE_TO_FORWARD
520.3450,-80.3957,-47.2426,0.000,DUMMY,1,DUMMY,,,OBSTACLE_DETECTED,3.0,T1_REVERSE_TO_FORWARD
520.4450,-80.3053,-47.2854,0.000,DUMMY,1,DUMMY,,,OBSTACLE_DETECTED,3.0,T1_REVERSE_TO_FORWARD
520.5450,-80.2152,-47.3287,0.000,DUMMY,1,DUMMY,,,OBSTACLE_DETECTED,3.0,T1_REVERSE_TO_FORWARD
520.6450,-80.1253,-47.3724,0.000,DUMMY,1,DUMMY,,,OBSTACLE_DETECTED,3.0,T1_REVERSE_TO_FORWARD
520.7450,-80.0356,-47.4166,0.000,DUMMY,1,DUMMY,,,OBSTACLE_DETECTED,3.0,T1_REVERSE_TO_FORWARD
520.8449,-79.9461,-47.4610,0.000,DUMMY,1,DUMMY,,,OBSTACLE_DETECTED,3.0,T1_REVERSE_TO_FORWARD
520.9449,-79.8567,-47.5058,0.000,DUMMY,1,DUMMY,,,OBSTACLE_DETECTED,3.0,T1_REVERSE_TO_FORWARD
521.0449,-79.7673,-47.5506,0.000,DUMMY,1,DUMMY,,,OBSTACLE_DETECTED,3.0,T1_REVERSE_TO_FORWARD
521.1449,-79.6779,-47.5954,0.000,DUMMY,1,DUMMY,,,OBSTACLE_DETECTED,3.0,T1_REVERSE_TO_FORWARD
521.2448,-79.5885,-47.6401,0.000,DUMMY,1,DUMMY,,,OBSTACLE_DETECTED,3.0,T1_REVERSE_TO_FORWARD
521.3448,-79.4989,-47.6844,0.000,DUMMY,1,DUMMY,,,OBSTACLE_DETECTED,3.0,T1_REVERSE_TO_FORWARD
521.4448,-79.4091,-47.7284,0.000,DUMMY,1,DUMMY,,,OBSTACLE_DETECTED,3.0,T1_REVERSE_TO_FORWARD
521.5447,-79.3190,-47.7717,0.000,DUMMY,1,DUMMY,,,OBSTACLE_DETECTED,3.0,T1_REVERSE_TO_FORWARD
521.6447,-79.2286,-47.8144,0.000,DUMMY,1,DUMMY,,,OBSTACLE_DETECTED,3.0,T1_REVERSE_TO_FORWARD
521.7447,-79.1378,-47.8563,0.000,DUMMY,1,DUMMY,,,OBSTACLE_DETECTED,3.0,T1_REVERSE_TO_FORWARD
521.8446,-79.0467,-47.8974,0.000,DUMMY,1,DUMMY,,,OBSTACLE_DETECTED,3.0,T1_REVERSE_TO_FORWARD
521.9446,-78.9552,-47.9376,0.000,DUMMY,1,DUMMY,,,OBSTACLE_DETECTED,3.0,T1_REVERSE_TO_FORWARD
522.0446,-78.8633,-47.9771,0.000,DUMMY,1,DUMMY,,,OBSTACLE_DETECTED,3.0,T1_REVERSE_TO_FORWARD
522.1446,-78.7712,-48.0159,0.000,DUMMY,1,DUMMY,,,OBSTACLE_DETECTED,3.0,T1_REVERSE_TO_FORWARD
522.2445,-78.6789,-48.0543,0.000,DUMMY,1,DUMMY,,,OBSTACLE_DETECTED,3.0,T1_REVERSE_TO_FORWARD
522.3445,-78.5865,-48.0925,0.000,DUMMY,1,DUMMY,,,OBSTACLE_DETECTED,3.0,T1_REVERSE_TO_FORWARD
522.4445,-78.4941,-48.1307,0.000,DUMMY,1,DUMMY,,,OBSTACLE_DETECTED,3.0,T1_REVERSE_TO_FORWARD
522.5444,-78.4018,-48.1690,0.000,DUMMY,1,DUMMY,,,OBSTACLE_DETECTED,3.0,T1_REVERSE_TO_FORWARD
522.6444,-78.3096,-48.2077,0.000,DUMMY,1,DUMMY,,,OBSTACLE_DETECTED,3.0,T1_REVERSE_TO_FORWARD
522.7444,-78.2175,-48.2467,0.000,DUMMY,1,DUMMY,,,OBSTACLE_DETECTED,3.0,T1_REVERSE_TO_FORWARD
522.8444,-78.1256,-48.2861,0.000,DUMMY,1,DUMMY,,,OBSTACLE_DETECTED,3.0,T1_REVERSE_TO_FORWARD
522.9444,-78.0339,-48.3259,0.000,DUMMY,1,DUMMY,,,OBSTACLE_DETECTED,3.0,T1_REVERSE_TO_FORWARD
523.0443,-77.9424,-48.3661,0.000,DUMMY,1,DUMMY,,,OBSTACLE_DETECTED,3.0,T1_REVERSE_TO_FORWARD
523.1443,-77.8510,-48.4066,0.000,DUMMY,1,DUMMY,,,OBSTACLE_DETECTED,3.0,T1_REVERSE_TO_FORWARD
523.2443,-77.7597,-48.4474,0.000,DUMMY,1,DUMMY,,,OBSTACLE_DETECTED,3.0,T1_REVERSE_TO_FORWARD
523.3442,-77.6686,-48.4885,0.000,DUMMY,1,DUMMY,,,OBSTACLE_DETECTED,3.0,T1_REVERSE_TO_FORWARD
523.4442,-77.5775,-48.5297,0.000,DUMMY,1,DUMMY,,,OBSTACLE_DETECTED,3.0,T1_REVERSE_TO_FORWARD
523.5442,-77.4865,-48.5710,0.000,DUMMY,1,DUMMY,,,OBSTACLE_DETECTED,3.0,T1_REVERSE_TO_FORWARD
523.6441,-77.3955,-48.6124,0.000,DUMMY,1,DUMMY,,,OBSTACLE_DETECTED,3.0,T1_REVERSE_TO_FORWARD
523.7441,-77.3045,-48.6538,0.000,DUMMY,1,DUMMY,,,OBSTACLE_DETECTED,3.0,T1_REVERSE_TO_FORWARD
523.8441,-77.2134,-48.6951,0.000,DUMMY,1,DUMMY,,,OBSTACLE_DETECTED,3.0,T1_REVERSE_TO_FORWARD
523.9441,-77.1223,-48.7363,0.000,DUMMY,1,DUMMY,,,OBSTACLE_DETECTED,3.0,T1_REVERSE_TO_FORWARD
524.0440,-77.0312,-48.7773,0.000,DUMMY,1,DUMMY,,,OBSTACLE_DETECTED,3.0,T1_REVERSE_TO_FORWARD
524.1440,-76.9399,-48.8181,0.000,DUMMY,1,DUMMY,,,OBSTACLE_DETECTED,3.0,T1_REVERSE_TO_FORWARD
524.2439,-76.8485,-48.8585,0.000,DUMMY,1,DUMMY,,,OBSTACLE_DETECTED,3.0,T1_REVERSE_TO_FORWARD
524.3440,-76.7569,-48.8987,0.000,DUMMY,1,DUMMY,,,OBSTACLE_DETECTED,3.0,T1_REVERSE_TO_FORWARD
524.4439,-76.6652,-48.9384,0.000,DUMMY,1,DUMMY,,,OBSTACLE_DETECTED,3.0,T1_REVERSE_TO_FORWARD
524.5439,-76.5733,-48.9778,0.000,DUMMY,1,DUMMY,,,OBSTACLE_DETECTED,3.0,T1_REVERSE_TO_FORWARD
524.6439,-76.4812,-49.0167,0.000,DUMMY,1,DUMMY,,,OBSTACLE_DETECTED,3.0,T1_REVERSE_TO_FORWARD
524.7438,-76.3889,-49.0551,0.000,DUMMY,1,DUMMY,,,OBSTACLE_DETECTED,3.0,T1_REVERSE_TO_FORWARD
524.8438,-76.2964,-49.0931,0.000,DUMMY,1,DUMMY,,,OBSTACLE_DETECTED,3.0,T1_REVERSE_TO_FORWARD
524.9438,-76.2038,-49.1307,0.000,DUMMY,1,DUMMY,,,OBSTACLE_DETECTED,3.0,T1_REVERSE_TO_FORWARD
525.0438,-76.1109,-49.1678,0.000,DUMMY,1,DUMMY,,,OBSTACLE_DETECTED,3.0,T1_REVERSE_TO_FORWARD
525.1438,-76.0179,-49.2044,0.000,DUMMY,1,DUMMY,,,OBSTACLE_DETECTED,3.0,T1_REVERSE_TO_FORWARD
525.2437,-75.9247,-49.2405,0.000,DUMMY,1,DUMMY,,,OBSTACLE_DETECTED,3.0,T1_REVERSE_TO_FORWARD
525.3437,-75.8313,-49.2761,0.000,DUMMY,1,DUMMY,,,OBSTACLE_DETECTED,3.0,T1_REVERSE_TO_FORWARD
525.4436,-75.7377,-49.3112,0.000,DUMMY,1,DUMMY,,,OBSTACLE_DETECTED,3.0,T1_REVERSE_TO_FORWARD
525.5436,-75.6439,-49.3459,0.000,DUMMY,1,DUMMY,,,OBSTACLE_DETECTED,3.0,T1_REVERSE_TO_FORWARD
525.6436,-75.5500,-49.3801,0.000,DUMMY,1,DUMMY,,,OBSTACLE_DETECTED,3.0,T1_REVERSE_TO_FORWARD
525.7436,-75.4559,-49.4139,0.000,DUMMY,1,DUMMY,,,OBSTACLE_DETECTED,3.0,T1_REVERSE_TO_FORWARD
525.8435,-75.3617,-49.4474,0.000,DUMMY,1,DUMMY,,,OBSTACLE_DETECTED,3.0,T1_REVERSE_TO_FORWARD
525.9436,-75.2674,-49.4807,0.000,DUMMY,1,DUMMY,,,OBSTACLE_DETECTED,3.0,T1_REVERSE_TO_FORWARD
526.0435,-75.1731,-49.5138,0.000,DUMMY,1,DUMMY,,,OBSTACLE_DETECTED,3.0,T1_REVERSE_TO_FORWARD
526.1435,-75.0787,-49.5468,0.000,DUMMY,1,DUMMY,,,OBSTACLE_DETECTED,3.0,T1_REVERSE_TO_FORWARD
526.2434,-74.9844,-49.5799,0.000,DUMMY,1,DUMMY,,,OBSTACLE_DETECTED,3.0,T1_REVERSE_TO_FORWARD
526.3434,-74.8901,-49.6132,0.000,DUMMY,1,DUMMY,,,OBSTACLE_DETECTED,3.0,T1_REVERSE_TO_FORWARD
526.4434,-74.7959,-49.6466,0.000,DUMMY,1,DUMMY,,,OBSTACLE_DETECTED,3.0,T1_REVERSE_TO_FORWARD
526.5433,-74.7018,-49.6803,0.000,DUMMY,1,DUMMY,,,OBSTACLE_DETECTED,3.0,T1_REVERSE_TO_FORWARD
526.6433,-74.6078,-49.7144,0.000,DUMMY,1,DUMMY,,,OBSTACLE_DETECTED,3.0,T1_REVERSE_TO_FORWARD
526.7433,-74.5139,-49.7488,0.000,DUMMY,1,DUMMY,,,OBSTACLE_DETECTED,3.0,T1_REVERSE_TO_FORWARD
526.8433,-74.4202,-49.7837,0.000,DUMMY,1,DUMMY,,,OBSTACLE_DETECTED,3.0,T1_REVERSE_TO_FORWARD
526.9433,-74.3267,-49.8190,0.000,DUMMY,1,DUMMY,,,OBSTACLE_DETECTED,3.0,T1_REVERSE_TO_FORWARD
527.0433,-74.2333,-49.8547,0.000,DUMMY,1,DUMMY,,,OBSTACLE_DETECTED,3.0,T1_REVERSE_TO_FORWARD
527.1433,-74.1400,-49.8907,0.000,DUMMY,1,DUMMY,,,OBSTACLE_DETECTED,3.0,T1_REVERSE_TO_FORWARD
527.2432,-74.0469,-49.9269,0.000,DUMMY,1,DUMMY,,,OBSTACLE_DETECTED,3.0,T1_REVERSE_TO_FORWARD
527.3432,-73.9538,-49.9634,0.000,DUMMY,1,DUMMY,,,OBSTACLE_DETECTED,3.0,T1_REVERSE_TO_FORWARD
527.4432,-73.8607,-50.0000,0.000,DUMMY,1,DUMMY,,,OBSTACLE_DETECTED,3.0,T1_REVERSE_TO_FORWARD
527.5431,-73.7677,-50.0366,0.000,DUMMY,1,DUMMY,,,OBSTACLE_DETECTED,3.0,T1_REVERSE_TO_FORWARD
527.6431,-73.6747,-50.0732,0.000,DUMMY,1,DUMMY,,,OBSTACLE_DETECTED,3.0,T1_REVERSE_TO_FORWARD
527.7430,-73.5816,-50.1096,0.000,DUMMY,1,DUMMY,,,OBSTACLE_DETECTED,3.0,T1_REVERSE_TO_FORWARD
527.8430,-73.4884,-50.1458,0.000,DUMMY,1,DUMMY,,,OBSTACLE_DETECTED,3.0,T1_REVERSE_TO_FORWARD
527.9430,-73.3951,-50.1816,0.000,DUMMY,1,DUMMY,,,OBSTACLE_DETECTED,3.0,T1_REVERSE_TO_FORWARD
528.0430,-73.3015,-50.2170,0.000,DUMMY,1,DUMMY,,,OBSTACLE_DETECTED,3.0,T1_REVERSE_TO_FORWARD
528.1430,-73.2078,-50.2518,0.000,DUMMY,1,DUMMY,,,OBSTACLE_DETECTED,3.0,T1_REVERSE_TO_FORWARD
528.2430,-73.1138,-50.2859,0.000,DUMMY,1,DUMMY,,,OBSTACLE_DETECTED,3.0,T1_REVERSE_TO_FORWARD
528.3429,-73.0196,-50.3192,0.000,DUMMY,1,DUMMY,,,OBSTACLE_DETECTED,3.0,T1_REVERSE_TO_FORWARD
528.4429,-72.9250,-50.3516,0.000,DUMMY,1,DUMMY,,,OBSTACLE_DETECTED,3.0,T1_REVERSE_TO_FORWARD
528.5429,-72.8301,-50.3831,0.000,DUMMY,1,DUMMY,,,OBSTACLE_DETECTED,3.0,T1_REVERSE_TO_FORWARD
528.6429,-72.7349,-50.4137,0.000,DUMMY,1,DUMMY,,,OBSTACLE_DETECTED,3.0,T1_REVERSE_TO_FORWARD
528.7428,-72.6395,-50.4433,0.000,DUMMY,1,DUMMY,,,OBSTACLE_DETECTED,3.0,T1_REVERSE_TO_FORWARD
528.8428,-72.5437,-50.4721,0.000,DUMMY,1,DUMMY,,,OBSTACLE_DETECTED,3.0,T1_REVERSE_TO_FORWARD
528.9427,-72.4478,-50.5003,0.000,DUMMY,1,DUMMY,,,OBSTACLE_DETECTED,3.0,T1_REVERSE_TO_FORWARD
529.0427,-72.3518,-50.5281,0.000,DUMMY,1,DUMMY,,,OBSTACLE_DETECTED,3.0,T1_REVERSE_TO_FORWARD
529.1427,-72.2557,-50.5557,0.000,DUMMY,1,DUMMY,,,OBSTACLE_DETECTED,3.0,T1_REVERSE_TO_FORWARD
529.2426,-72.1597,-50.5835,0.000,DUMMY,1,DUMMY,,,OBSTACLE_DETECTED,3.0,T1_REVERSE_TO_FORWARD
529.3426,-72.0637,-50.6116,0.000,DUMMY,1,DUMMY,,,OBSTACLE_DETECTED,3.0,T1_REVERSE_TO_FORWARD
529.4426,-71.9680,-50.6404,0.000,DUMMY,1,DUMMY,,,OBSTACLE_DETECTED,3.0,T1_REVERSE_TO_FORWARD
529.5426,-71.8724,-50.6697,0.000,DUMMY,1,DUMMY,,,OBSTACLE_DETECTED,3.0,T1_REVERSE_TO_FORWARD
529.6425,-71.7771,-50.6998,0.000,DUMMY,1,DUMMY,,,OBSTACLE_DETECTED,3.0,T1_REVERSE_TO_FORWARD
529.7425,-71.6819,-50.7305,0.000,DUMMY,1,DUMMY,,,OBSTACLE_DETECTED,3.0,T1_REVERSE_TO_FORWARD
529.8425,-71.5870,-50.7618,0.000,DUMMY,1,DUMMY,,,OBSTACLE_DETECTED,3.0,T1_REVERSE_TO_FORWARD
529.9425,-71.4922,-50.7936,0.000,DUMMY,1,DUMMY,,,OBSTACLE_DETECTED,3.0,T1_REVERSE_TO_FORWARD
530.0424,-71.3976,-50.8259,0.000,DUMMY,1,DUMMY,,,OBSTACLE_DETECTED,3.0,T1_REVERSE_TO_FORWARD
530.1424,-71.3031,-50.8585,0.000,DUMMY,1,DUMMY,,,OBSTACLE_DETECTED,3.0,T1_REVERSE_TO_FORWARD
530.2424,-71.2087,-50.8914,0.000,DUMMY,1,DUMMY,,,OBSTACLE_DETECTED,3.0,T1_REVERSE_TO_FORWARD
530.3423,-71.1144,-50.9246,0.000,DUMMY,1,DUMMY,,,OBSTACLE_DETECTED,3.0,T1_REVERSE_TO_FORWARD
530.4424,-71.0201,-50.9580,0.000,DUMMY,1,DUMMY,,,OBSTACLE_DETECTED,3.0,T1_REVERSE_TO_FORWARD
530.5423,-70.9260,-50.9916,0.000,DUMMY,1,DUMMY,,,OBSTACLE_DETECTED,3.0,T1_REVERSE_TO_FORWARD
530.6423,-70.8319,-51.0254,0.000,DUMMY,1,DUMMY,,,OBSTACLE_DETECTED,3.0,T1_REVERSE_TO_FORWARD
530.7423,-70.7379,-51.0595,0.000,DUMMY,1,DUMMY,,,OBSTACLE_DETECTED,3.0,T1_REVERSE_TO_FORWARD
530.8422,-70.6441,-51.0940,0.000,DUMMY,1,DUMMY,,,OBSTACLE_DETECTED,3.0,T1_REVERSE_TO_FORWARD
530.9422,-70.5504,-51.1288,0.000,DUMMY,1,DUMMY,,,OBSTACLE_DETECTED,3.0,T1_REVERSE_TO_FORWARD
531.0422,-70.4568,-51.1640,0.000,DUMMY,1,DUMMY,,,OBSTACLE_DETECTED,3.0,T1_REVERSE_TO_FORWARD
531.1422,-70.3634,-51.1997,0.000,DUMMY,1,DUMMY,,,OBSTACLE_DETECTED,3.0,T1_REVERSE_TO_FORWARD
531.2422,-70.2702,-51.2360,0.000,DUMMY,1,DUMMY,,,OBSTACLE_DETECTED,3.0,T1_REVERSE_TO_FORWARD
531.3421,-70.1773,-51.2727,0.000,DUMMY,1,DUMMY,,,OBSTACLE_DETECTED,3.0,T1_REVERSE_TO_FORWARD
531.4421,-70.0845,-51.3101,0.000,DUMMY,1,DUMMY,,,OBSTACLE_DETECTED,3.0,T1_REVERSE_TO_FORWARD
531.5420,-69.9920,-51.3479,0.000,DUMMY,1,DUMMY,,,OBSTACLE_DETECTED,3.0,T1_REVERSE_TO_FORWARD
531.6420,-69.8997,-51.3862,0.000,DUMMY,1,DUMMY,,,OBSTACLE_DETECTED,3.0,T1_REVERSE_TO_FORWARD
531.7420,-69.8075,-51.4250,0.000,DUMMY,1,DUMMY,,,OBSTACLE_DETECTED,3.0,T1_REVERSE_TO_FORWARD
531.8419,-69.7155,-51.4640,0.000,DUMMY,1,DUMMY,,,OBSTACLE_DETECTED,3.0,T1_REVERSE_TO_FORWARD
531.9419,-69.6236,-51.5034,0.000,DUMMY,1,DUMMY,,,OBSTACLE_DETECTED,3.0,T1_REVERSE_TO_FORWARD
532.0419,-69.5318,-51.5430,0.000,DUMMY,1,DUMMY,,,OBSTACLE_DETECTED,3.0,T1_REVERSE_TO_FORWARD
532.1419,-69.4400,-51.5827,0.000,DUMMY,1,DUMMY,,,OBSTACLE_DETECTED,3.0,T1_REVERSE_TO_FORWARD
532.2418,-69.3484,-51.6225,0.000,DUMMY,1,DUMMY,,,OBSTACLE_DETECTED,3.0,T1_REVERSE_TO_FORWARD
532.3418,-69.2567,-51.6625,0.000,DUMMY,1,DUMMY,,,OBSTACLE_DETECTED,3.0,T1_REVERSE_TO_FORWARD
532.4417,-69.1651,-51.7024,0.000,DUMMY,1,DUMMY,,,OBSTACLE_DETECTED,3.0,T1_REVERSE_TO_FORWARD
532.5418,-69.0734,-51.7424,0.000,DUMMY,1,DUMMY,,,OBSTACLE_DETECTED,3.0,T1_REVERSE_TO_FORWARD
532.6417,-68.9818,-51.7824,0.000,DUMMY,1,DUMMY,,,OBSTACLE_DETECTED,3.0,T1_REVERSE_TO_FORWARD
532.7417,-68.8902,-51.8225,0.000,DUMMY,1,DUMMY,,,OBSTACLE_DETECTED,3.0,T1_REVERSE_TO_FORWARD
532.8417,-68.7986,-51.8626,0.000,DUMMY,1,DUMMY,,,OBSTACLE_DETECTED,3.0,T1_REVERSE_TO_FORWARD
532.9417,-68.7071,-51.9028,0.000,DUMMY,1,DUMMY,,,OBSTACLE_DETECTED,3.0,T1_REVERSE_TO_FORWARD
533.0416,-68.6157,-51.9432,0.000,DUMMY,1,DUMMY,,,OBSTACLE_DETECTED,3.0,T1_REVERSE_TO_FORWARD
533.1416,-68.5243,-51.9838,0.000,DUMMY,1,DUMMY,,,OBSTACLE_DETECTED,3.0,T1_REVERSE_TO_FORWARD
533.2416,-68.4330,-52.0246,0.000,DUMMY,1,DUMMY,,,OBSTACLE_DETECTED,3.0,T1_REVERSE_TO_FORWARD
533.3416,-68.3419,-52.0657,0.000,DUMMY,1,DUMMY,,,OBSTACLE_DETECTED,3.0,T1_REVERSE_TO_FORWARD
533.4415,-68.2509,-52.1071,0.000,DUMMY,1,DUMMY,,,OBSTACLE_DETECTED,3.0,T1_REVERSE_TO_FORWARD
533.5415,-68.1600,-52.1487,0.000,DUMMY,1,DUMMY,,,OBSTACLE_DETECTED,3.0,T1_REVERSE_TO_FORWARD
533.6415,-68.0692,-52.1905,0.000,DUMMY,1,DUMMY,,,OBSTACLE_DETECTED,3.0,T1_REVERSE_TO_FORWARD
533.7415,-67.9785,-52.2326,0.000,DUMMY,1,DUMMY,,,OBSTACLE_DETECTED,3.0,T1_REVERSE_TO_FORWARD
533.8414,-67.8878,-52.2746,0.000,DUMMY,1,DUMMY,,,OBSTACLE_DETECTED,3.0,T1_REVERSE_TO_FORWARD
533.9414,-67.7971,-52.3167,0.000,DUMMY,1,DUMMY,,,OBSTACLE_DETECTED,3.0,T1_REVERSE_TO_FORWARD
534.0414,-67.7063,-52.3586,0.000,DUMMY,1,DUMMY,,,OBSTACLE_DETECTED,3.0,T1_REVERSE_TO_FORWARD
534.1413,-67.6155,-52.4003,0.000,DUMMY,1,DUMMY,,,OBSTACLE_DETECTED,3.0,T1_REVERSE_TO_FORWARD
534.2413,-67.5244,-52.4416,0.000,DUMMY,1,DUMMY,,,OBSTACLE_DETECTED,3.0,T1_REVERSE_TO_FORWARD
534.3413,-67.4332,-52.4825,0.000,DUMMY,1,DUMMY,,,OBSTACLE_DETECTED,3.0,T1_REVERSE_TO_FORWARD
534.4412,-67.3418,-52.5229,0.000,DUMMY,1,DUMMY,,,OBSTACLE_DETECTED,3.0,T1_REVERSE_TO_FORWARD
534.5413,-67.2500,-52.5627,0.000,DUMMY,1,DUMMY,,,OBSTACLE_DETECTED,3.0,T1_REVERSE_TO_FORWARD
534.6412,-67.1581,-52.6019,0.000,DUMMY,1,DUMMY,,,OBSTACLE_DETECTED,3.0,T1_REVERSE_TO_FORWARD
534.7412,-67.0659,-52.6406,0.000,DUMMY,1,DUMMY,,,OBSTACLE_DETECTED,3.0,T1_REVERSE_TO_FORWARD
534.8412,-66.9735,-52.6789,0.000,DUMMY,1,DUMMY,,,OBSTACLE_DETECTED,3.0,T1_REVERSE_TO_FORWARD
534.9412,-66.8810,-52.7168,0.000,DUMMY,1,DUMMY,,,OBSTACLE_DETECTED,3.0,T1_REVERSE_TO_FORWARD
535.0411,-66.7884,-52.7544,0.000,DUMMY,1,DUMMY,,,OBSTACLE_DETECTED,3.0,T1_REVERSE_TO_FORWARD
535.1411,-66.6957,-52.7918,0.000,DUMMY,1,DUMMY,,,OBSTACLE_DETECTED,3.0,T1_REVERSE_TO_FORWARD
535.2411,-66.6030,-52.8293,0.000,DUMMY,1,DUMMY,,,OBSTACLE_DETECTED,3.0,T1_REVERSE_TO_FORWARD
535.3410,-66.5104,-52.8668,0.000,DUMMY,1,DUMMY,,,OBSTACLE_DETECTED,3.0,T1_REVERSE_TO_FORWARD
535.4410,-66.4178,-52.9045,0.000,DUMMY,1,DUMMY,,,OBSTACLE_DETECTED,3.0,T1_REVERSE_TO_FORWARD
535.5409,-66.3253,-52.9424,0.000,DUMMY,1,DUMMY,,,OBSTACLE_DETECTED,3.0,T1_REVERSE_TO_FORWARD
535.6409,-66.2329,-52.9807,0.000,DUMMY,1,DUMMY,,,OBSTACLE_DETECTED,3.0,T1_REVERSE_TO_FORWARD
535.7409,-66.1407,-53.0193,0.000,DUMMY,1,DUMMY,,,OBSTACLE_DETECTED,3.0,T1_REVERSE_TO_FORWARD
535.8409,-66.0486,-53.0582,0.000,DUMMY,1,DUMMY,,,OBSTACLE_DETECTED,3.0,T1_REVERSE_TO_FORWARD
535.9408,-65.9566,-53.0973,0.000,DUMMY,1,DUMMY,,,OBSTACLE_DETECTED,3.0,T1_REVERSE_TO_FORWARD
536.0409,-65.8647,-53.1368,0.000,DUMMY,1,DUMMY,,,OBSTACLE_DETECTED,3.0,T1_REVERSE_TO_FORWARD
536.1408,-65.7729,-53.1764,0.000,DUMMY,1,DUMMY,,,OBSTACLE_DETECTED,3.0,T1_REVERSE_TO_FORWARD
536.2408,-65.6812,-53.2161,0.000,DUMMY,1,DUMMY,,,OBSTACLE_DETECTED,3.0,T1_REVERSE_TO_FORWARD
536.3408,-65.5895,-53.2560,0.000,DUMMY,1,DUMMY,,,OBSTACLE_DETECTED,3.0,T1_REVERSE_TO_FORWARD
536.4407,-65.4978,-53.2958,0.000,DUMMY,1,DUMMY,,,OBSTACLE_DETECTED,3.0,T1_REVERSE_TO_FORWARD
536.5407,-65.4061,-53.3355,0.000,DUMMY,1,DUMMY,,,OBSTACLE_DETECTED,3.0,T1_REVERSE_TO_FORWARD
536.6407,-65.3143,-53.3752,0.000,DUMMY,1,DUMMY,,,OBSTACLE_DETECTED,3.0,T1_REVERSE_TO_FORWARD
536.7406,-65.2225,-53.4147,0.000,DUMMY,1,DUMMY,,,OBSTACLE_DETECTED,3.0,T1_REVERSE_TO_FORWARD
536.8406,-65.1306,-53.4541,0.000,DUMMY,1,DUMMY,,,OBSTACLE_DETECTED,3.0,T1_REVERSE_TO_FORWARD
536.9406,-65.0386,-53.4933,0.000,DUMMY,1,DUMMY,,,OBSTACLE_DETECTED,3.0,T1_REVERSE_TO_FORWARD
537.0405,-64.9466,-53.5323,0.000,DUMMY,1,DUMMY,,,OBSTACLE_DETECTED,3.0,T1_REVERSE_TO_FORWARD
537.1405,-64.8545,-53.5712,0.000,DUMMY,1,DUMMY,,,OBSTACLE_DETECTED,3.0,T1_REVERSE_TO_FORWARD
537.2405,-64.7623,-53.6100,0.000,DUMMY,1,DUMMY,,,OBSTACLE_DETECTED,3.0,T1_REVERSE_TO_FORWARD
537.3405,-64.6701,-53.6487,0.000,DUMMY,1,DUMMY,,,OBSTACLE_DETECTED,3.0,T1_REVERSE_TO_FORWARD
537.4405,-64.5779,-53.6873,0.000,DUMMY,1,DUMMY,,,OBSTACLE_DETECTED,3.0,T1_REVERSE_TO_FORWARD
537.5404,-64.4857,-53.7258,0.000,DUMMY,1,DUMMY,,,OBSTACLE_DETECTED,3.0,T1_REVERSE_TO_FORWARD
537.6404,-64.3935,-53.7644,0.000,DUMMY,1,DUMMY,,,OBSTACLE_DETECTED,3.0,T1_REVERSE_TO_FORWARD
537.7404,-64.3012,-53.8030,0.000,DUMMY,1,DUMMY,,,OBSTACLE_DETECTED,3.0,T1_REVERSE_TO_FORWARD
537.8404,-64.2090,-53.8417,0.000,DUMMY,1,DUMMY,,,OBSTACLE_DETECTED,3.0,T1_REVERSE_TO_FORWARD
537.9403,-64.1169,-53.8804,0.000,DUMMY,1,DUMMY,,,OBSTACLE_DETECTED,3.0,T1_REVERSE_TO_FORWARD
538.0402,-64.0248,-53.9192,0.000,DUMMY,1,DUMMY,,,OBSTACLE_DETECTED,3.0,T1_REVERSE_TO_FORWARD
538.1403,-63.9327,-53.9582,0.000,DUMMY,1,DUMMY,,,OBSTACLE_DETECTED,3.0,T1_REVERSE_TO_FORWARD
538.2403,-63.8406,-53.9972,0.000,DUMMY,1,DUMMY,,,OBSTACLE_DETECTED,3.0,T1_REVERSE_TO_FORWARD
538.3402,-63.7487,-54.0364,0.000,DUMMY,1,DUMMY,,,OBSTACLE_DETECTED,3.0,T1_REVERSE_TO_FORWARD
538.4402,-63.6567,-54.0757,0.000,DUMMY,1,DUMMY,,,OBSTACLE_DETECTED,3.0,T1_REVERSE_TO_FORWARD
538.5402,-63.5648,-54.1150,0.000,DUMMY,1,DUMMY,,,OBSTACLE_DETECTED,3.0,T1_REVERSE_TO_FORWARD
538.6401,-63.4730,-54.1545,0.000,DUMMY,1,DUMMY,,,OBSTACLE_DETECTED,3.0,T1_REVERSE_TO_FORWARD
538.7401,-63.3812,-54.1941,0.000,DUMMY,1,DUMMY,,,OBSTACLE_DETECTED,3.0,T1_REVERSE_TO_FORWARD
538.8401,-63.2894,-54.2337,0.000,DUMMY,1,DUMMY,,,OBSTACLE_DETECTED,3.0,T1_REVERSE_TO_FORWARD
538.9400,-63.1977,-54.2734,0.000,DUMMY,1,DUMMY,,,OBSTACLE_DETECTED,3.0,T1_REVERSE_TO_FORWARD
539.0401,-63.1059,-54.3132,0.000,DUMMY,1,DUMMY,,,OBSTACLE_DETECTED,3.0,T1_REVERSE_TO_FORWARD
539.1400,-63.0142,-54.3529,0.000,DUMMY,1,DUMMY,,,OBSTACLE_DETECTED,3.0,T1_REVERSE_TO_FORWARD
539.2400,-62.9224,-54.3925,0.000,DUMMY,1,DUMMY,,,OBSTACLE_DETECTED,3.0,T1_REVERSE_TO_FORWARD
539.3400,-62.8305,-54.4320,0.000,DUMMY,1,DUMMY,,,OBSTACLE_DETECTED,3.0,T1_REVERSE_TO_FORWARD
539.4399,-62.7386,-54.4713,0.000,DUMMY,1,DUMMY,,,OBSTACLE_DETECTED,3.0,T1_REVERSE_TO_FORWARD
539.5399,-62.6466,-54.5105,0.000,DUMMY,1,DUMMY,,,OBSTACLE_DETECTED,3.0,T1_REVERSE_TO_FORWARD
539.6399,-62.5545,-54.5493,0.000,DUMMY,1,DUMMY,,,OBSTACLE_DETECTED,3.0,T1_REVERSE_TO_FORWARD
539.7399,-62.4622,-54.5878,0.000,DUMMY,1,DUMMY,,,OBSTACLE_DETECTED,3.0,T1_REVERSE_TO_FORWARD
539.8398,-62.3698,-54.6259,0.000,DUMMY,1,DUMMY,,,OBSTACLE_DETECTED,3.0,T1_REVERSE_TO_FORWARD
539.9398,-62.2772,-54.6636,0.000,DUMMY,1,DUMMY,,,OBSTACLE_DETECTED,3.0,T1_REVERSE_TO_FORWARD
540.0397,-62.1845,-54.7009,0.000,DUMMY,1,DUMMY,,,OBSTACLE_DETECTED,3.0,T1_REVERSE_TO_FORWARD
540.1397,-62.0916,-54.7378,0.000,DUMMY,1,DUMMY,,,OBSTACLE_DETECTED,3.0,T1_REVERSE_TO_FORWARD
540.2397,-61.9985,-54.7743,0.000,DUMMY,1,DUMMY,,,OBSTACLE_DETECTED,3.0,T1_REVERSE_TO_FORWARD
540.3396,-61.9053,-54.8104,0.000,DUMMY,1,DUMMY,,,OBSTACLE_DETECTED,3.0,T1_REVERSE_TO_FORWARD
540.4396,-61.8120,-54.8463,0.000,DUMMY,1,DUMMY,,,OBSTACLE_DETECTED,3.0,T1_REVERSE_TO_FORWARD
540.5396,-61.7186,-54.8820,0.000,DUMMY,1,DUMMY,,,OBSTACLE_DETECTED,3.0,T1_REVERSE_TO_FORWARD
540.6396,-61.6252,-54.9177,0.000,DUMMY,1,DUMMY,,,OBSTACLE_DETECTED,3.0,T1_REVERSE_TO_FORWARD
540.7396,-61.5318,-54.9534,0.000,DUMMY,1,DUMMY,,,OBSTACLE_DETECTED,3.0,T1_REVERSE_TO_FORWARD
540.8395,-61.4385,-54.9892,0.000,DUMMY,1,DUMMY,,,OBSTACLE_DETECTED,3.0,T1_REVERSE_TO_FORWARD
540.9395,-61.3452,-55.0252,0.000,DUMMY,1,DUMMY,,,OBSTACLE_DETECTED,3.0,T1_REVERSE_TO_FORWARD
541.0395,-61.2520,-55.0614,0.000,DUMMY,1,DUMMY,,,OBSTACLE_DETECTED,3.0,T1_REVERSE_TO_FORWARD
541.1395,-61.1589,-55.0978,0.000,DUMMY,1,DUMMY,,,OBSTACLE_DETECTED,3.0,T1_REVERSE_TO_FORWARD
541.2394,-61.0659,-55.1345,0.000,DUMMY,1,DUMMY,,,OBSTACLE_DETECTED,3.0,T1_REVERSE_TO_FORWARD
541.3394,-60.9730,-55.1714,0.000,DUMMY,1,DUMMY,,,OBSTACLE_DETECTED,3.0,T1_REVERSE_TO_FORWARD
541.4394,-60.8801,-55.2085,0.000,DUMMY,1,DUMMY,,,OBSTACLE_DETECTED,3.0,T1_REVERSE_TO_FORWARD
541.5394,-60.7874,-55.2458,0.000,DUMMY,1,DUMMY,,,OBSTACLE_DETECTED,3.0,T1_REVERSE_TO_FORWARD
541.6393,-60.6947,-55.2832,0.000,DUMMY,1,DUMMY,,,OBSTACLE_DETECTED,3.0,T1_REVERSE_TO_FORWARD
541.7393,-60.6020,-55.3207,0.000,DUMMY,1,DUMMY,,,OBSTACLE_DETECTED,3.0,T1_REVERSE_TO_FORWARD
541.8393,-60.5094,-55.3583,0.000,DUMMY,1,DUMMY,,,OBSTACLE_DETECTED,3.0,T1_REVERSE_TO_FORWARD
541.9392,-60.4168,-55.3960,0.000,DUMMY,1,DUMMY,,,OBSTACLE_DETECTED,3.0,T1_REVERSE_TO_FORWARD
542.0392,-60.3242,-55.4336,0.000,DUMMY,1,DUMMY,,,OBSTACLE_DETECTED,3.0,T1_REVERSE_TO_FORWARD
542.1393,-60.2315,-55.4713,0.000,DUMMY,1,DUMMY,,,OBSTACLE_DETECTED,3.0,T1_REVERSE_TO_FORWARD
542.2392,-60.1389,-55.5088,0.000,DUMMY,1,DUMMY,,,OBSTACLE_DETECTED,3.0,T1_REVERSE_TO_FORWARD
542.3392,-60.0462,-55.5463,0.000,DUMMY,1,DUMMY,,,OBSTACLE_DETECTED,3.0,T1_REVERSE_TO_FORWARD
542.4391,-59.9535,-55.5837,0.000,DUMMY,1,DUMMY,,,OBSTACLE_DETECTED,3.0,T1_REVERSE_TO_FORWARD
542.5391,-59.8607,-55.6209,0.000,DUMMY,1,DUMMY,,,OBSTACLE_DETECTED,3.0,T1_REVERSE_TO_FORWARD
542.6390,-59.7679,-55.6580,0.000,DUMMY,1,DUMMY,,,OBSTACLE_DETECTED,3.0,T1_REVERSE_TO_FORWARD
542.7390,-59.6750,-55.6949,0.000,DUMMY,1,DUMMY,,,OBSTACLE_DETECTED,3.0,T1_REVERSE_TO_FORWARD
542.8390,-59.5820,-55.7316,0.000,DUMMY,1,DUMMY,,,OBSTACLE_DETECTED,3.0,T1_REVERSE_TO_FORWARD
542.9390,-59.4889,-55.7682,0.000,DUMMY,1,DUMMY,,,OBSTACLE_DETECTED,3.0,T1_REVERSE_TO_FORWARD
543.0390,-59.3958,-55.8046,0.000,DUMMY,1,DUMMY,,,OBSTACLE_DETECTED,3.0,T1_REVERSE_TO_FORWARD
543.1389,-59.3027,-55.8409,0.000,DUMMY,1,DUMMY,,,OBSTACLE_DETECTED,3.0,T1_REVERSE_TO_FORWARD
543.2389,-59.2095,-55.8771,0.000,DUMMY,1,DUMMY,,,OBSTACLE_DETECTED,3.0,T1_REVERSE_TO_FORWARD
543.3388,-59.1163,-55.9132,0.000,DUMMY,1,DUMMY,,,OBSTACLE_DETECTED,3.0,T1_REVERSE_TO_FORWARD
543.4388,-59.0231,-55.9494,0.000,DUMMY,1,DUMMY,,,OBSTACLE_DETECTED,3.0,T1_REVERSE_TO_FORWARD
543.5388,-58.9299,-55.9857,0.000,DUMMY,1,DUMMY,,,OBSTACLE_DETECTED,3.0,T1_REVERSE_TO_FORWARD
543.6388,-58.8368,-56.0222,0.000,DUMMY,1,DUMMY,,,OBSTACLE_DETECTED,3.0,T1_REVERSE_TO_FORWARD
543.7387,-58.7439,-56.0589,0.000,DUMMY,1,DUMMY,,,OBSTACLE_DETECTED,3.0,T1_REVERSE_TO_FORWARD
543.8388,-58.6510,-56.0961,0.000,DUMMY,1,DUMMY,,,OBSTACLE_DETECTED,3.0,T1_REVERSE_TO_FORWARD
543.9387,-58.5584,-56.1337,0.000,DUMMY,1,DUMMY,,,OBSTACLE_DETECTED,3.0,T1_REVERSE_TO_FORWARD
544.0387,-58.4660,-56.1718,0.000,DUMMY,1,DUMMY,,,OBSTACLE_DETECTED,3.0,T1_REVERSE_TO_FORWARD
544.1387,-58.3738,-56.2105,0.000,DUMMY,1,DUMMY,,,OBSTACLE_DETECTED,3.0,T1_REVERSE_TO_FORWARD
544.2386,-58.2819,-56.2498,0.000,DUMMY,1,DUMMY,,,OBSTACLE_DETECTED,3.0,T1_REVERSE_TO_FORWARD
544.3386,-58.1902,-56.2897,0.000,DUMMY,1,DUMMY,,,OBSTACLE_DETECTED,3.0,T1_REVERSE_TO_FORWARD
544.4386,-58.0988,-56.3302,0.000,DUMMY,1,DUMMY,,,OBSTACLE_DETECTED,3.0,T1_REVERSE_TO_FORWARD
544.5385,-58.0077,-56.3712,0.000,DUMMY,1,DUMMY,,,OBSTACLE_DETECTED,3.0,T1_REVERSE_TO_FORWARD
544.6385,-57.9167,-56.4127,0.000,DUMMY,1,DUMMY,,,OBSTACLE_DETECTED,3.0,T1_REVERSE_TO_FORWARD
544.7385,-57.8259,-56.4546,0.000,DUMMY,1,DUMMY,,,OBSTACLE_DETECTED,3.0,T1_REVERSE_TO_FORWARD
544.8385,-57.7352,-56.4966,0.000,DUMMY,1,DUMMY,,,OBSTACLE_DETECTED,3.0,T1_REVERSE_TO_FORWARD
544.9384,-57.6446,-56.5388,0.000,DUMMY,1,DUMMY,,,OBSTACLE_DETECTED,3.0,T1_REVERSE_TO_FORWARD
545.0384,-57.5540,-56.5811,0.000,DUMMY,1,DUMMY,,,OBSTACLE_DETECTED,3.0,T1_REVERSE_TO_FORWARD
545.1384,-57.4633,-56.6232,0.000,DUMMY,1,DUMMY,,,OBSTACLE_DETECTED,3.0,T1_REVERSE_TO_FORWARD
545.2384,-57.3726,-56.6652,0.000,DUMMY,1,DUMMY,,,OBSTACLE_DETECTED,3.0,T1_REVERSE_TO_FORWARD
545.3384,-57.2817,-56.7069,0.000,DUMMY,1,DUMMY,,,OBSTACLE_DETECTED,3.0,T1_REVERSE_TO_FORWARD
545.4383,-57.1907,-56.7482,0.000,DUMMY,1,DUMMY,,,OBSTACLE_DETECTED,3.0,T1_REVERSE_TO_FORWARD
545.5383,-57.0995,-56.7892,0.000,DUMMY,1,DUMMY,,,OBSTACLE_DETECTED,3.0,T1_REVERSE_TO_FORWARD
545.6383,-57.0081,-56.8297,0.000,DUMMY,1,DUMMY,,,OBSTACLE_DETECTED,3.0,T1_REVERSE_TO_FORWARD
545.7382,-56.9165,-56.8697,0.000,DUMMY,1,DUMMY,,,OBSTACLE_DETECTED,3.0,T1_REVERSE_TO_FORWARD
545.8382,-56.8246,-56.9092,0.000,DUMMY,1,DUMMY,,,OBSTACLE_DETECTED,3.0,T1_REVERSE_TO_FORWARD
545.9382,-56.7326,-56.9482,0.000,DUMMY,1,DUMMY,,,OBSTACLE_DETECTED,3.0,T1_REVERSE_TO_FORWARD
546.0382,-56.6403,-56.9867,0.000,DUMMY,1,DUMMY,,,OBSTACLE_DETECTED,3.0,T1_REVERSE_TO_FORWARD
546.1381,-56.5479,-57.0247,0.000,DUMMY,1,DUMMY,,,OBSTACLE_DETECTED,3.0,T1_REVERSE_TO_FORWARD
546.2381,-56.4551,-57.0621,0.000,DUMMY,1,DUMMY,,,OBSTACLE_DETECTED,3.0,T1_REVERSE_TO_FORWARD
546.3381,-56.3622,-57.0990,0.000,DUMMY,1,DUMMY,,,OBSTACLE_DETECTED,3.0,T1_REVERSE_TO_FORWARD
546.4380,-56.2691,-57.1353,0.000,DUMMY,1,DUMMY,,,OBSTACLE_DETECTED,3.0,T1_REVERSE_TO_FORWARD
546.5380,-56.1757,-57.1711,0.000,DUMMY,1,DUMMY,,,OBSTACLE_DETECTED,3.0,T1_REVERSE_TO_FORWARD
546.6380,-56.0822,-57.2064,0.000,DUMMY,1,DUMMY,,,OBSTACLE_DETECTED,3.0,T1_REVERSE_TO_FORWARD
546.7380,-55.9885,-57.2413,0.000,DUMMY,1,DUMMY,,,OBSTACLE_DETECTED,3.0,T1_REVERSE_TO_FORWARD
546.8379,-55.8947,-57.2758,0.000,DUMMY,1,DUMMY,,,OBSTACLE_DETECTED,3.0,T1_REVERSE_TO_FORWARD
546.9379,-55.8008,-57.3100,0.000,DUMMY,1,DUMMY,,,OBSTACLE_DETECTED,3.0,T1_REVERSE_TO_FORWARD
547.0379,-55.7067,-57.3441,0.000,DUMMY,1,DUMMY,,,OBSTACLE_DETECTED,3.0,T1_REVERSE_TO_FORWARD
547.1378,-55.6127,-57.3779,0.000,DUMMY,1,DUMMY,,,OBSTACLE_DETECTED,3.0,T1_REVERSE_TO_FORWARD
547.2378,-55.5186,-57.4117,0.000,DUMMY,1,DUMMY,,,OBSTACLE_DETECTED,3.0,T1_REVERSE_TO_FORWARD
547.3378,-55.4245,-57.4455,0.000,DUMMY,1,DUMMY,,,OBSTACLE_DETECTED,3.0,T1_REVERSE_TO_FORWARD
547.4378,-55.3304,-57.4793,0.000,DUMMY,1,DUMMY,,,OBSTACLE_DETECTED,3.0,T1_REVERSE_TO_FORWARD
547.5377,-55.2364,-57.5132,0.000,DUMMY,1,DUMMY,,,OBSTACLE_DETECTED,3.0,T1_REVERSE_TO_FORWARD
547.6378,-55.1423,-57.5472,0.000,DUMMY,1,DUMMY,,,OBSTACLE_DETECTED,3.0,T1_REVERSE_TO_FORWARD
547.7377,-55.0484,-57.5813,0.000,DUMMY,1,DUMMY,,,OBSTACLE_DETECTED,3.0,T1_REVERSE_TO_FORWARD
547.8377,-54.9545,-57.6157,0.000,DUMMY,1,DUMMY,,,OBSTACLE_DETECTED,3.0,T1_REVERSE_TO_FORWARD
547.9376,-54.8607,-57.6502,0.000,DUMMY,1,DUMMY,,,OBSTACLE_DETECTED,3.0,T1_REVERSE_TO_FORWARD
548.0376,-54.7669,-57.6849,0.000,DUMMY,1,DUMMY,,,OBSTACLE_DETECTED,3.0,T1_REVERSE_TO_FORWARD
548.1376,-54.6732,-57.7198,0.000,DUMMY,1,DUMMY,,,OBSTACLE_DETECTED,3.0,T1_REVERSE_TO_FORWARD
548.2376,-54.5796,-57.7549,0.000,DUMMY,1,DUMMY,,,OBSTACLE_DETECTED,3.0,T1_REVERSE_TO_FORWARD
548.3376,-54.4861,-57.7903,0.000,DUMMY,1,DUMMY,,,OBSTACLE_DETECTED,3.0,T1_REVERSE_TO_FORWARD
548.4375,-54.3927,-57.8258,0.000,DUMMY,1,DUMMY,,,OBSTACLE_DETECTED,3.0,T1_REVERSE_TO_FORWARD
548.5375,-54.2993,-57.8616,0.000,DUMMY,1,DUMMY,,,OBSTACLE_DETECTED,3.0,T1_REVERSE_TO_FORWARD
548.6375,-54.2060,-57.8975,0.000,DUMMY,1,DUMMY,,,OBSTACLE_DETECTED,3.0,T1_REVERSE_TO_FORWARD
548.7374,-54.1128,-57.9336,0.000,DUMMY,1,DUMMY,,,OBSTACLE_DETECTED,3.0,T1_REVERSE_TO_FORWARD
548.8374,-54.0196,-57.9699,0.000,DUMMY,1,DUMMY,,,OBSTACLE_DETECTED,3.0,T1_REVERSE_TO_FORWARD
548.9374,-53.9265,-58.0063,0.000,DUMMY,1,DUMMY,,,OBSTACLE_DETECTED,3.0,T1_REVERSE_TO_FORWARD
549.0373,-53.8335,-58.0428,0.000,DUMMY,1,DUMMY,,,OBSTACLE_DETECTED,3.0,T1_REVERSE_TO_FORWARD
549.1373,-53.7404,-58.0794,0.000,DUMMY,1,DUMMY,,,OBSTACLE_DETECTED,3.0,T1_REVERSE_TO_FORWARD
549.2373,-53.6474,-58.1160,0.000,DUMMY,1,DUMMY,,,OBSTACLE_DETECTED,3.0,T1_REVERSE_TO_FORWARD
549.3373,-53.5543,-58.1525,0.000,DUMMY,1,DUMMY,,,OBSTACLE_DETECTED,3.0,T1_REVERSE_TO_FORWARD
549.4373,-53.4612,-58.1890,0.000,DUMMY,1,DUMMY,,,OBSTACLE_DETECTED,3.0,T1_REVERSE_TO_FORWARD
549.5372,-53.3681,-58.2252,0.000,DUMMY,1,DUMMY,,,OBSTACLE_DETECTED,3.0,T1_REVERSE_TO_FORWARD
549.6372,-53.2748,-58.2612,0.000,DUMMY,1,DUMMY,,,OBSTACLE_DETECTED,3.0,T1_REVERSE_TO_FORWARD
549.7372,-53.1814,-58.2969,0.000,DUMMY,1,DUMMY,,,OBSTACLE_DETECTED,3.0,T1_REVERSE_TO_FORWARD
549.8372,-53.0879,-58.3323,0.000,DUMMY,1,DUMMY,,,OBSTACLE_DETECTED,3.0,T1_REVERSE_TO_FORWARD
549.9371,-52.9943,-58.3673,0.000,DUMMY,1,DUMMY,,,OBSTACLE_DETECTED,3.0,T1_REVERSE_TO_FORWARD
550.0371,-52.9004,-58.4018,0.000,DUMMY,1,DUMMY,,,OBSTACLE_DETECTED,3.0,T1_REVERSE_TO_FORWARD
550.1371,-52.8065,-58.4360,0.000,DUMMY,1,DUMMY,,,OBSTACLE_DETECTED,3.0,T1_REVERSE_TO_FORWARD
550.2370,-52.7124,-58.4697,0.000,DUMMY,1,DUMMY,,,OBSTACLE_DETECTED,3.0,T1_REVERSE_TO_FORWARD
550.3370,-52.6181,-58.5031,0.000,DUMMY,1,DUMMY,,,OBSTACLE_DETECTED,3.0,T1_REVERSE_TO_FORWARD
550.4370,-52.5238,-58.5362,0.000,DUMMY,1,DUMMY,,,OBSTACLE_DETECTED,3.0,T1_REVERSE_TO_FORWARD
550.5370,-52.4294,-58.5691,0.000,DUMMY,1,DUMMY,,,OBSTACLE_DETECTED,3.0,T1_REVERSE_TO_FORWARD
550.6369,-52.3350,-58.6019,0.000,DUMMY,1,DUMMY,,,OBSTACLE_DETECTED,3.0,T1_REVERSE_TO_FORWARD
550.7369,-52.2405,-58.6347,0.000,DUMMY,1,DUMMY,,,OBSTACLE_DETECTED,3.0,T1_REVERSE_TO_FORWARD
550.8369,-52.1461,-58.6676,0.000,DUMMY,1,DUMMY,,,OBSTACLE_DETECTED,3.0,T1_REVERSE_TO_FORWARD
550.9368,-52.0518,-58.7007,0.000,DUMMY,1,DUMMY,,,OBSTACLE_DETECTED,3.0,T1_REVERSE_TO_FORWARD
551.0368,-51.9575,-58.7339,0.000,DUMMY,1,DUMMY,,,OBSTACLE_DETECTED,3.0,T1_REVERSE_TO_FORWARD
551.1368,-51.8633,-58.7675,0.000,DUMMY,1,DUMMY,,,OBSTACLE_DETECTED,3.0,T1_REVERSE_TO_FORWARD
551.2367,-51.7693,-58.8014,0.000,DUMMY,1,DUMMY,,,OBSTACLE_DETECTED,3.0,T1_REVERSE_TO_FORWARD
551.3367,-51.6753,-58.8355,0.000,DUMMY,1,DUMMY,,,OBSTACLE_DETECTED,3.0,T1_REVERSE_TO_FORWARD
551.4367,-51.5815,-58.8700,0.000,DUMMY,1,DUMMY,,,OBSTACLE_DETECTED,3.0,T1_REVERSE_TO_FORWARD
551.5367,-51.4877,-58.9047,0.000,DUMMY,1,DUMMY,,,OBSTACLE_DETECTED,3.0,T1_REVERSE_TO_FORWARD
551.6367,-51.3940,-58.9396,0.000,DUMMY,1,DUMMY,,,OBSTACLE_DETECTED,3.0,T1_REVERSE_TO_FORWARD
551.7366,-51.3005,-58.9748,0.000,DUMMY,1,DUMMY,,,OBSTACLE_DETECTED,3.0,T1_REVERSE_TO_FORWARD
551.8366,-51.2069,-59.0101,0.000,DUMMY,1,DUMMY,,,OBSTACLE_DETECTED,3.0,T1_REVERSE_TO_FORWARD
551.9365,-51.1135,-59.0456,0.000,DUMMY,1,DUMMY,,,OBSTACLE_DETECTED,3.0,T1_REVERSE_TO_FORWARD
552.0365,-51.0201,-59.0812,0.000,DUMMY,1,DUMMY,,,OBSTACLE_DETECTED,3.0,T1_REVERSE_TO_FORWARD
552.1365,-50.9267,-59.1170,0.000,DUMMY,1,DUMMY,,,OBSTACLE_DETECTED,3.0,T1_REVERSE_TO_FORWARD
552.2365,-50.8334,-59.1528,0.000,DUMMY,1,DUMMY,,,OBSTACLE_DETECTED,3.0,T1_REVERSE_TO_FORWARD
552.3364,-50.7401,-59.1887,0.000,DUMMY,1,DUMMY,,,OBSTACLE_DETECTED,3.0,T1_REVERSE_TO_FORWARD
552.4364,-50.6468,-59.2247,0.000,DUMMY,1,DUMMY,,,OBSTACLE_DETECTED,3.0,T1_REVERSE_TO_FORWARD
552.5364,-50.5536,-59.2608,0.000,DUMMY,1,DUMMY,,,OBSTACLE_DETECTED,3.0,T1_REVERSE_TO_FORWARD
552.6364,-50.4604,-59.2970,0.000,DUMMY,1,DUMMY,,,OBSTACLE_DETECTED,3.0,T1_REVERSE_TO_FORWARD
552.7364,-50.3672,-59.3334,0.000,DUMMY,1,DUMMY,,,OBSTACLE_DETECTED,3.0,T1_REVERSE_TO_FORWARD
552.8364,-50.2741,-59.3698,0.000,DUMMY,1,DUMMY,,,OBSTACLE_DETECTED,3.0,T1_REVERSE_TO_FORWARD
552.9363,-50.1811,-59.4064,0.000,DUMMY,1,DUMMY,,,OBSTACLE_DETECTED,3.0,T1_REVERSE_TO_FORWARD
553.0363,-50.0881,-59.4431,0.000,DUMMY,1,DUMMY,,,OBSTACLE_DETECTED,3.0,T1_REVERSE_TO_FORWARD
553.1363,-49.9952,-59.4800,0.000,DUMMY,1,DUMMY,,,OBSTACLE_DETECTED,3.0,T1_REVERSE_TO_FORWARD
553.2362,-49.9024,-59.5170,0.000,DUMMY,1,DUMMY,,,OBSTACLE_DETECTED,3.0,T1_REVERSE_TO_FORWARD
553.3362,-49.8096,-59.5543,0.000,DUMMY,1,DUMMY,,,OBSTACLE_DETECTED,3.0,T1_REVERSE_TO_FORWARD
553.4362,-49.7168,-59.5916,0.000,DUMMY,1,DUMMY,,,OBSTACLE_DETECTED,3.0,T1_REVERSE_TO_FORWARD
553.5361,-49.6242,-59.6291,0.000,DUMMY,1,DUMMY,,,OBSTACLE_DETECTED,3.0,T1_REVERSE_TO_FORWARD
553.6362,-49.5315,-59.6668,0.000,DUMMY,1,DUMMY,,,OBSTACLE_DETECTED,3.0,T1_REVERSE_TO_FORWARD
553.7361,-49.4390,-59.7046,0.000,DUMMY,1,DUMMY,,,OBSTACLE_DETECTED,3.0,T1_REVERSE_TO_FORWARD
553.8361,-49.3465,-59.7425,0.000,DUMMY,1,DUMMY,,,OBSTACLE_DETECTED,3.0,T1_REVERSE_TO_FORWARD
553.9360,-49.2541,-59.7806,0.000,DUMMY,1,DUMMY,,,OBSTACLE_DETECTED,3.0,T1_REVERSE_TO_FORWARD
554.0360,-49.1617,-59.8188,0.000,DUMMY,1,DUMMY,,,OBSTACLE_DETECTED,3.0,T1_REVERSE_TO_FORWARD
554.1360,-49.0694,-59.8572,0.000,DUMMY,1,DUMMY,,,OBSTACLE_DETECTED,3.0,T1_REVERSE_TO_FORWARD
554.2360,-48.9771,-59.8958,0.000,DUMMY,1,DUMMY,,,OBSTACLE_DETECTED,3.0,T1_REVERSE_TO_FORWARD
554.3359,-48.8850,-59.9345,0.000,DUMMY,1,DUMMY,,,OBSTACLE_DETECTED,3.0,T1_REVERSE_TO_FORWARD
554.4359,-48.7929,-59.9734,0.000,DUMMY,1,DUMMY,,,OBSTACLE_DETECTED,3.0,T1_REVERSE_TO_FORWARD
554.5359,-48.7008,-60.0124,0.000,DUMMY,1,DUMMY,,,OBSTACLE_DETECTED,3.0,T1_REVERSE_TO_FORWARD
554.6358,-48.6089,-60.0516,0.000,DUMMY,1,DUMMY,,,OBSTACLE_DETECTED,3.0,T1_REVERSE_TO_FORWARD
554.7358,-48.5170,-60.0910,0.000,DUMMY,1,DUMMY,,,OBSTACLE_DETECTED,3.0,T1_REVERSE_TO_FORWARD
554.8358,-48.4251,-60.1305,0.000,DUMMY,1,DUMMY,,,OBSTACLE_DETECTED,3.0,T1_REVERSE_TO_FORWARD
554.9358,-48.3333,-60.1701,0.000,DUMMY,1,DUMMY,,,OBSTACLE_DETECTED,3.0,T1_REVERSE_TO_FORWARD
555.0357,-48.2416,-60.2098,0.000,DUMMY,1,DUMMY,,,OBSTACLE_DETECTED,3.0,T1_REVERSE_TO_FORWARD
555.1357,-48.1499,-60.2496,0.000,DUMMY,1,DUMMY,,,OBSTACLE_DETECTED,3.0,T1_REVERSE_TO_FORWARD
555.2357,-48.0582,-60.2894,0.000,DUMMY,1,DUMMY,,,OBSTACLE_DETECTED,3.0,T1_REVERSE_TO_FORWARD
555.3357,-47.9665,-60.3293,0.000,DUMMY,1,DUMMY,,,OBSTACLE_DETECTED,3.0,T1_REVERSE_TO_FORWARD
555.4356,-47.8748,-60.3691,0.000,DUMMY,1,DUMMY,,,OBSTACLE_DETECTED,3.0,T1_REVERSE_TO_FORWARD
555.5356,-47.7831,-60.4089,0.000,DUMMY,1,DUMMY,,,OBSTACLE_DETECTED,3.0,T1_REVERSE_TO_FORWARD
555.6356,-47.6914,-60.4487,0.000,DUMMY,1,DUMMY,,,OBSTACLE_DETECTED,3.0,T1_REVERSE_TO_FORWARD
555.7356,-47.5996,-60.4884,0.000,DUMMY,1,DUMMY,,,OBSTACLE_DETECTED,3.0,T1_REVERSE_TO_FORWARD
555.8355,-47.5078,-60.5279,0.000,DUMMY,1,DUMMY,,,OBSTACLE_DETECTED,3.0,T1_REVERSE_TO_FORWARD
555.9355,-47.4159,-60.5672,0.000,DUMMY,1,DUMMY,,,OBSTACLE_DETECTED,3.0,T1_REVERSE_TO_FORWARD
556.0355,-47.3238,-60.6063,0.000,DUMMY,1,DUMMY,,,OBSTACLE_DETECTED,3.0,T1_REVERSE_TO_FORWARD
556.1354,-47.2317,-60.6450,0.000,DUMMY,1,DUMMY,,,OBSTACLE_DETECTED,3.0,T1_REVERSE_TO_FORWARD
556.2354,-47.1394,-60.6835,0.000,DUMMY,1,DUMMY,,,OBSTACLE_DETECTED,3.0,T1_REVERSE_TO_FORWARD
556.3354,-47.0469,-60.7215,0.000,DUMMY,1,DUMMY,,,OBSTACLE_DETECTED,3.0,T1_REVERSE_TO_FORWARD
556.4353,-46.9543,-60.7590,0.000,DUMMY,1,DUMMY,,,OBSTACLE_DETECTED,3.0,T1_REVERSE_TO_FORWARD
556.5353,-46.8614,-60.7960,0.000,DUMMY,1,DUMMY,,,OBSTACLE_DETECTED,3.0,T1_REVERSE_TO_FORWARD
556.6353,-46.7683,-60.8325,0.000,DUMMY,1,DUMMY,,,OBSTACLE_DETECTED,3.0,T1_REVERSE_TO_FORWARD
556.7353,-46.6750,-60.8684,0.000,DUMMY,1,DUMMY,,,OBSTACLE_DETECTED,3.0,T1_REVERSE_TO_FORWARD
556.8352,-46.5815,-60.9037,0.000,DUMMY,1,DUMMY,,,OBSTACLE_DETECTED,3.0,T1_REVERSE_TO_FORWARD
556.9353,-46.4877,-60.9384,0.000,DUMMY,1,DUMMY,,,OBSTACLE_DETECTED,3.0,T1_REVERSE_TO_FORWARD
557.0352,-46.3938,-60.9727,0.000,DUMMY,1,DUMMY,,,OBSTACLE_DETECTED,3.0,T1_REVERSE_TO_FORWARD
557.1352,-46.2998,-61.0066,0.000,DUMMY,1,DUMMY,,,OBSTACLE_DETECTED,3.0,T1_REVERSE_TO_FORWARD
557.2352,-46.2056,-61.0402,0.000,DUMMY,1,DUMMY,,,OBSTACLE_DETECTED,3.0,T1_REVERSE_TO_FORWARD
557.3351,-46.1114,-61.0736,0.000,DUMMY,1,DUMMY,,,OBSTACLE_DETECTED,3.0,T1_REVERSE_TO_FORWARD
557.4352,-46.0171,-61.1070,0.000,DUMMY,1,DUMMY,,,OBSTACLE_DETECTED,3.0,T1_REVERSE_TO_FORWARD
557.5351,-45.9229,-61.1404,0.000,DUMMY,1,DUMMY,,,OBSTACLE_DETECTED,3.0,T1_REVERSE_TO_FORWARD
557.6351,-45.8287,-61.1739,0.000,DUMMY,1,DUMMY,,,OBSTACLE_DETECTED,3.0,T1_REVERSE_TO_FORWARD
557.7350,-45.7346,-61.2076,0.000,DUMMY,1,DUMMY,,,OBSTACLE_DETECTED,3.0,T1_REVERSE_TO_FORWARD
557.8350,-45.6406,-61.2416,0.000,DUMMY,1,DUMMY,,,OBSTACLE_DETECTED,3.0,T1_REVERSE_TO_FORWARD
557.9350,-45.5467,-61.2760,0.000,DUMMY,1,DUMMY,,,OBSTACLE_DETECTED,3.0,T1_REVERSE_TO_FORWARD
558.0350,-45.4530,-61.3109,0.000,DUMMY,1,DUMMY,,,OBSTACLE_DETECTED,3.0,T1_REVERSE_TO_FORWARD
558.1349,-45.3595,-61.3461,0.000,DUMMY,1,DUMMY,,,OBSTACLE_DETECTED,3.0,T1_REVERSE_TO_FORWARD
558.2349,-45.2661,-61.3819,0.000,DUMMY,1,DUMMY,,,OBSTACLE_DETECTED,3.0,T1_REVERSE_TO_FORWARD
558.3349,-45.1729,-61.4181,0.000,DUMMY,1,DUMMY,,,OBSTACLE_DETECTED,3.0,T1_REVERSE_TO_FORWARD
558.4348,-45.0799,-61.4547,0.000,DUMMY,1,DUMMY,,,OBSTACLE_DETECTED,3.0,T1_REVERSE_TO_FORWARD
558.5348,-44.9871,-61.4918,0.000,DUMMY,1,DUMMY,,,OBSTACLE_DETECTED,3.0,T1_REVERSE_TO_FORWARD
558.6348,-44.8944,-61.5294,0.000,DUMMY,1,DUMMY,,,OBSTACLE_DETECTED,3.0,T1_REVERSE_TO_FORWARD
558.7347,-44.8020,-61.5674,0.000,DUMMY,1,DUMMY,,,OBSTACLE_DETECTED,3.0,T1_REVERSE_TO_FORWARD
558.8347,-44.7097,-61.6059,0.000,DUMMY,1,DUMMY,,,OBSTACLE_DETECTED,3.0,T1_REVERSE_TO_FORWARD
558.9347,-44.6176,-61.6448,0.000,DUMMY,1,DUMMY,,,OBSTACLE_DETECTED,3.0,T1_REVERSE_TO_FORWARD
559.0347,-44.5257,-61.6841,0.000,DUMMY,1,DUMMY,,,OBSTACLE_DETECTED,3.0,T1_REVERSE_TO_FORWARD
559.1346,-44.4339,-61.7237,0.000,DUMMY,1,DUMMY,,,OBSTACLE_DETECTED,3.0,T1_REVERSE_TO_FORWARD
559.2346,-44.3423,-61.7637,0.000,DUMMY,1,DUMMY,,,OBSTACLE_DETECTED,3.0,T1_REVERSE_TO_FORWARD
559.3346,-44.2508,-61.8040,0.000,DUMMY,1,DUMMY,,,OBSTACLE_DETECTED,3.0,T1_REVERSE_TO_FORWARD
559.4345,-44.1594,-61.8445,0.000,DUMMY,1,DUMMY,,,OBSTACLE_DETECTED,3.0,T1_REVERSE_TO_FORWARD
559.5345,-44.0681,-61.8853,0.000,DUMMY,1,DUMMY,,,OBSTACLE_DETECTED,3.0,T1_REVERSE_TO_FORWARD
559.6346,-43.9768,-61.9261,0.000,DUMMY,1,DUMMY,,,OBSTACLE_DETECTED,3.0,T1_REVERSE_TO_FORWARD
559.7345,-43.8857,-61.9671,0.000,DUMMY,1,DUMMY,,,OBSTACLE_DETECTED,3.0,T1_REVERSE_TO_FORWARD
559.8344,-43.7945,-62.0081,0.000,DUMMY,1,DUMMY,,,OBSTACLE_DETECTED,3.0,T1_REVERSE_TO_FORWARD
559.9345,-43.7033,-62.0492,0.000,DUMMY,1,DUMMY,,,OBSTACLE_DETECTED,3.0,T1_REVERSE_TO_FORWARD
560.0344,-43.6122,-62.0903,0.000,DUMMY,1,DUMMY,,,OBSTACLE_DETECTED,3.0,T1_REVERSE_TO_FORWARD
560.1344,-43.5210,-62.1313,0.000,DUMMY,1,DUMMY,,,OBSTACLE_DETECTED,3.0,T1_REVERSE_TO_FORWARD
560.2344,-43.4298,-62.1723,0.000,DUMMY,1,DUMMY,,,OBSTACLE_DETECTED,3.0,T1_REVERSE_TO_FORWARD
560.3343,-43.3386,-62.2131,0.000,DUMMY,1,DUMMY,,,OBSTACLE_DETECTED,3.0,T1_REVERSE_TO_FORWARD
560.4343,-43.2473,-62.2539,0.000,DUMMY,1,DUMMY,,,OBSTACLE_DETECTED,3.0,T1_REVERSE_TO_FORWARD
560.5343,-43.1559,-62.2945,0.000,DUMMY,1,DUMMY,,,OBSTACLE_DETECTED,3.0,T1_REVERSE_TO_FORWARD
560.6343,-43.0645,-62.3349,0.000,DUMMY,1,DUMMY,,,OBSTACLE_DETECTED,3.0,T1_REVERSE_TO_FORWARD
560.7342,-42.9730,-62.3751,0.000,DUMMY,1,DUMMY,,,OBSTACLE_DETECTED,3.0,T1_REVERSE_TO_FORWARD
560.8342,-42.8813,-62.4151,0.000,DUMMY,1,DUMMY,,,OBSTACLE_DETECTED,3.0,T1_REVERSE_TO_FORWARD
560.9342,-42.7896,-62.4548,0.000,DUMMY,1,DUMMY,,,OBSTACLE_DETECTED,3.0,T1_REVERSE_TO_FORWARD
561.0342,-42.6977,-62.4942,0.000,DUMMY,1,DUMMY,,,OBSTACLE_DETECTED,3.0,T1_REVERSE_TO_FORWARD
561.1341,-42.6057,-62.5333,0.000,DUMMY,1,DUMMY,,,OBSTACLE_DETECTED,3.0,T1_REVERSE_TO_FORWARD
561.2341,-42.5136,-62.5721,0.000,DUMMY,1,DUMMY,,,OBSTACLE_DETECTED,3.0,T1_REVERSE_TO_FORWARD
561.3340,-42.4213,-62.6105,0.000,DUMMY,1,DUMMY,,,OBSTACLE_DETECTED,3.0,T1_REVERSE_TO_FORWARD
561.4340,-42.3288,-62.6485,0.000,DUMMY,1,DUMMY,,,OBSTACLE_DETECTED,3.0,T1_REVERSE_TO_FORWARD
561.5340,-42.2362,-62.6862,0.000,DUMMY,1,DUMMY,,,OBSTACLE_DETECTED,3.0,T1_REVERSE_TO_FORWARD
561.6340,-42.1435,-62.7237,0.000,DUMMY,1,DUMMY,,,OBSTACLE_DETECTED,3.0,T1_REVERSE_TO_FORWARD
561.7340,-42.0507,-62.7608,0.000,DUMMY,1,DUMMY,,,OBSTACLE_DETECTED,3.0,T1_REVERSE_TO_FORWARD
561.8339,-41.9578,-62.7978,0.000,DUMMY,1,DUMMY,,,OBSTACLE_DETECTED,3.0,T1_REVERSE_TO_FORWARD
561.9339,-41.8649,-62.8347,0.000,DUMMY,1,DUMMY,,,OBSTACLE_DETECTED,3.0,T1_REVERSE_TO_FORWARD
562.0339,-41.7720,-62.8716,0.000,DUMMY,1,DUMMY,,,OBSTACLE_DETECTED,3.0,T1_REVERSE_TO_FORWARD
562.1338,-41.6791,-62.9085,0.000,DUMMY,1,DUMMY,,,OBSTACLE_DETECTED,3.0,T1_REVERSE_TO_FORWARD
562.2338,-41.5862,-62.9455,0.000,DUMMY,1,DUMMY,,,OBSTACLE_DETECTED,3.0,T1_REVERSE_TO_FORWARD
562.3338,-41.4934,-62.9826,0.000,DUMMY,1,DUMMY,,,OBSTACLE_DETECTED,3.0,T1_REVERSE_TO_FORWARD
562.4338,-41.4007,-63.0201,0.000,DUMMY,1,DUMMY,,,OBSTACLE_DETECTED,3.0,T1_REVERSE_TO_FORWARD
562.5337,-41.3081,-63.0578,0.000,DUMMY,1,DUMMY,,,OBSTACLE_DETECTED,3.0,T1_REVERSE_TO_FORWARD
562.6337,-41.2156,-63.0958,0.000,DUMMY,1,DUMMY,,,OBSTACLE_DETECTED,3.0,T1_REVERSE_TO_FORWARD
562.7337,-41.1233,-63.1341,0.000,DUMMY,1,DUMMY,,,OBSTACLE_DETECTED,3.0,T1_REVERSE_TO_FORWARD
562.8337,-41.0310,-63.1727,0.000,DUMMY,1,DUMMY,,,OBSTACLE_DETECTED,3.0,T1_REVERSE_TO_FORWARD
562.9337,-40.9389,-63.2115,0.000,DUMMY,1,DUMMY,,,OBSTACLE_DETECTED,3.0,T1_REVERSE_TO_FORWARD
563.0336,-40.8469,-63.2506,0.000,DUMMY,1,DUMMY,,,OBSTACLE_DETECTED,3.0,T1_REVERSE_TO_FORWARD
563.1335,-40.7550,-63.2898,0.000,DUMMY,1,DUMMY,,,OBSTACLE_DETECTED,3.0,T1_REVERSE_TO_FORWARD
563.2335,-40.6631,-63.3292,0.000,DUMMY,1,DUMMY,,,OBSTACLE_DETECTED,3.0,T1_REVERSE_TO_FORWARD
563.3335,-40.5712,-63.3686,0.000,DUMMY,1,DUMMY,,,OBSTACLE_DETECTED,3.0,T1_REVERSE_TO_FORWARD
563.4335,-40.4793,-63.4080,0.000,DUMMY,1,DUMMY,,,OBSTACLE_DETECTED,3.0,T1_REVERSE_TO_FORWARD
563.5335,-40.3874,-63.4474,0.000,DUMMY,1,DUMMY,,,OBSTACLE_DETECTED,3.0,T1_REVERSE_TO_FORWARD
563.6334,-40.2955,-63.4867,0.000,DUMMY,1,DUMMY,,,OBSTACLE_DETECTED,3.0,T1_REVERSE_TO_FORWARD
563.7334,-40.2035,-63.5258,0.000,DUMMY,1,DUMMY,,,OBSTACLE_DETECTED,3.0,T1_REVERSE_TO_FORWARD
563.8334,-40.1114,-63.5647,0.000,DUMMY,1,DUMMY,,,OBSTACLE_DETECTED,3.0,T1_REVERSE_TO_FORWARD
563.9334,-40.0192,-63.6035,0.000,DUMMY,1,DUMMY,,,OBSTACLE_DETECTED,3.0,T1_REVERSE_TO_FORWARD
564.0333,-39.9270,-63.6420,0.000,DUMMY,1,DUMMY,,,OBSTACLE_DETECTED,3.0,T1_REVERSE_TO_FORWARD
564.1334,-39.8346,-63.6803,0.000,DUMMY,1,DUMMY,,,OBSTACLE_DETECTED,3.0,T1_REVERSE_TO_FORWARD
564.2333,-39.7422,-63.7184,0.000,DUMMY,1,DUMMY,,,OBSTACLE_DETECTED,3.0,T1_REVERSE_TO_FORWARD
564.3332,-39.6497,-63.7562,0.000,DUMMY,1,DUMMY,,,OBSTACLE_DETECTED,3.0,T1_REVERSE_TO_FORWARD
564.4332,-39.5571,-63.7939,0.000,DUMMY,1,DUMMY,,,OBSTACLE_DETECTED,3.0,T1_REVERSE_TO_FORWARD
564.5332,-39.4644,-63.8314,0.000,DUMMY,1,DUMMY,,,OBSTACLE_DETECTED,3.0,T1_REVERSE_TO_FORWARD
564.6332,-39.3717,-63.8688,0.000,DUMMY,1,DUMMY,,,OBSTACLE_DETECTED,3.0,T1_REVERSE_TO_FORWARD
564.7331,-39.2789,-63.9060,0.000,DUMMY,1,DUMMY,,,OBSTACLE_DETECTED,3.0,T1_REVERSE_TO_FORWARD
564.8331,-39.1861,-63.9431,0.000,DUMMY,1,DUMMY,,,OBSTACLE_DETECTED,3.0,T1_REVERSE_TO_FORWARD
564.9331,-39.0932,-63.9802,0.000,DUMMY,1,DUMMY,,,OBSTACLE_DETECTED,3.0,T1_REVERSE_TO_FORWARD
565.0331,-39.0003,-64.0172,0.000,DUMMY,1,DUMMY,,,OBSTACLE_DETECTED,3.0,T1_REVERSE_TO_FORWARD
565.1330,-38.9075,-64.0542,0.000,DUMMY,1,DUMMY,,,OBSTACLE_DETECTED,3.0,T1_REVERSE_TO_FORWARD
565.2330,-38.8147,-64.0913,0.000,DUMMY,1,DUMMY,,,OBSTACLE_DETECTED,3.0,T1_REVERSE_TO_FORWARD
565.3330,-38.7219,-64.1286,0.000,DUMMY,1,DUMMY,,,OBSTACLE_DETECTED,3.0,T1_REVERSE_TO_FORWARD
565.4329,-38.6292,-64.1660,0.000,DUMMY,1,DUMMY,,,OBSTACLE_DETECTED,3.0,T1_REVERSE_TO_FORWARD
565.5330,-38.5365,-64.2036,0.000,DUMMY,1,DUMMY,,,OBSTACLE_DETECTED,3.0,T1_REVERSE_TO_FORWARD
565.6329,-38.4440,-64.2415,0.000,DUMMY,1,DUMMY,,,OBSTACLE_DETECTED,3.0,T1_REVERSE_TO_FORWARD
565.7328,-38.3517,-64.2797,0.000,DUMMY,1,DUMMY,,,OBSTACLE_DETECTED,3.0,T1_REVERSE_TO_FORWARD
565.8328,-38.2595,-64.3184,0.000,DUMMY,1,DUMMY,,,OBSTACLE_DETECTED,3.0,T1_REVERSE_TO_FORWARD
565.9329,-38.1674,-64.3575,0.000,DUMMY,1,DUMMY,,,OBSTACLE_DETECTED,3.0,T1_REVERSE_TO_FORWARD
566.0328,-38.0756,-64.3970,0.000,DUMMY,1,DUMMY,,,OBSTACLE_DETECTED,3.0,T1_REVERSE_TO_FORWARD
566.1328,-37.9840,-64.4370,0.000,DUMMY,1,DUMMY,,,OBSTACLE_DETECTED,3.0,T1_REVERSE_TO_FORWARD
566.2327,-37.8926,-64.4775,0.000,DUMMY,1,DUMMY,,,OBSTACLE_DETECTED,3.0,T1_REVERSE_TO_FORWARD
566.3328,-37.8013,-64.5184,0.000,DUMMY,1,DUMMY,,,OBSTACLE_DETECTED,3.0,T1_REVERSE_TO_FORWARD
566.4327,-37.7103,-64.5596,0.000,DUMMY,1,DUMMY,,,OBSTACLE_DETECTED,3.0,T1_REVERSE_TO_FORWARD
566.5327,-37.6193,-64.6011,0.000,DUMMY,1,DUMMY,,,OBSTACLE_DETECTED,3.0,T1_REVERSE_TO_FORWARD
566.6327,-37.5285,-64.6429,0.000,DUMMY,1,DUMMY,,,OBSTACLE_DETECTED,3.0,T1_REVERSE_TO_FORWARD
566.7327,-37.4377,-64.6848,0.000,DUMMY,1,DUMMY,,,OBSTACLE_DETECTED,3.0,T1_REVERSE_TO_FORWARD
566.8326,-37.3470,-64.7267,0.000,DUMMY,1,DUMMY,,,OBSTACLE_DETECTED,3.0,T1_REVERSE_TO_FORWARD
566.9326,-37.2562,-64.7686,0.000,DUMMY,1,DUMMY,,,OBSTACLE_DETECTED,3.0,T1_REVERSE_TO_FORWARD
567.0325,-37.1654,-64.8104,0.000,DUMMY,1,DUMMY,,,OBSTACLE_DETECTED,3.0,T1_REVERSE_TO_FORWARD
567.1325,-37.0745,-64.8521,0.000,DUMMY,1,DUMMY,,,OBSTACLE_DETECTED,3.0,T1_REVERSE_TO_FORWARD
567.2325,-36.9836,-64.8936,0.000,DUMMY,1,DUMMY,,,OBSTACLE_DETECTED,3.0,T1_REVERSE_TO_FORWARD
567.3325,-36.8925,-64.9349,0.000,DUMMY,1,DUMMY,,,OBSTACLE_DETECTED,3.0,T1_REVERSE_TO_FORWARD
567.4325,-36.8013,-64.9759,0.000,DUMMY,1,DUMMY,,,OBSTACLE_DETECTED,3.0,T1_REVERSE_TO_FORWARD
567.5324,-36.7100,-65.0166,0.000,DUMMY,1,DUMMY,,,OBSTACLE_DETECTED,3.0,T1_REVERSE_TO_FORWARD
567.6324,-36.6186,-65.0571,0.000,DUMMY,1,DUMMY,,,OBSTACLE_DETECTED,3.0,T1_REVERSE_TO_FORWARD
567.7324,-36.5271,-65.0974,0.000,DUMMY,1,DUMMY,,,OBSTACLE_DETECTED,3.0,T1_REVERSE_TO_FORWARD
567.8323,-36.4356,-65.1375,0.000,DUMMY,1,DUMMY,,,OBSTACLE_DETECTED,3.0,T1_REVERSE_TO_FORWARD
567.9323,-36.3439,-65.1775,0.000,DUMMY,1,DUMMY,,,OBSTACLE_DETECTED,3.0,T1_REVERSE_TO_FORWARD
568.0322,-36.2523,-65.2174,0.000,DUMMY,1,DUMMY,,,OBSTACLE_DETECTED,3.0,T1_REVERSE_TO_FORWARD
568.1322,-36.1606,-65.2572,0.000,DUMMY,1,DUMMY,,,OBSTACLE_DETECTED,3.0,T1_REVERSE_TO_FORWARD
568.2323,-36.0688,-65.2970,0.000,DUMMY,1,DUMMY,,,OBSTACLE_DETECTED,3.0,T1_REVERSE_TO_FORWARD
568.3322,-35.9771,-65.3368,0.000,DUMMY,1,DUMMY,,,OBSTACLE_DETECTED,3.0,T1_REVERSE_TO_FORWARD
568.4322,-35.8854,-65.3766,0.000,DUMMY,1,DUMMY,,,OBSTACLE_DETECTED,3.0,T1_REVERSE_TO_FORWARD
568.5322,-35.7937,-65.4164,0.000,DUMMY,1,DUMMY,,,OBSTACLE_DETECTED,3.0,T1_REVERSE_TO_FORWARD
568.6321,-35.7021,-65.4563,0.000,DUMMY,1,DUMMY,,,OBSTACLE_DETECTED,3.0,T1_REVERSE_TO_FORWARD
568.7321,-35.6104,-65.4962,0.000,DUMMY,1,DUMMY,,,OBSTACLE_DETECTED,3.0,T1_REVERSE_TO_FORWARD
568.8320,-35.5187,-65.5360,0.000,DUMMY,1,DUMMY,,,OBSTACLE_DETECTED,3.0,T1_REVERSE_TO_FORWARD
568.9320,-35.4270,-65.5758,0.000,DUMMY,1,DUMMY,,,OBSTACLE_DETECTED,3.0,T1_REVERSE_TO_FORWARD
569.0320,-35.3352,-65.6155,0.000,DUMMY,1,DUMMY,,,OBSTACLE_DETECTED,3.0,T1_REVERSE_TO_FORWARD
569.1320,-35.2434,-65.6550,0.000,DUMMY,1,DUMMY,,,OBSTACLE_DETECTED,3.0,T1_REVERSE_TO_FORWARD
569.2320,-35.1515,-65.6944,0.000,DUMMY,1,DUMMY,,,OBSTACLE_DETECTED,3.0,T1_REVERSE_TO_FORWARD
569.3319,-35.0595,-65.7335,0.000,DUMMY,1,DUMMY,,,OBSTACLE_DETECTED,3.0,T1_REVERSE_TO_FORWARD
569.4319,-34.9673,-65.7723,0.000,DUMMY,1,DUMMY,,,OBSTACLE_DETECTED,3.0,T1_REVERSE_TO_FORWARD
569.5319,-34.8750,-65.8107,0.000,DUMMY,1,DUMMY,,,OBSTACLE_DETECTED,3.0,T1_REVERSE_TO_FORWARD
569.6318,-34.7826,-65.8487,0.000,DUMMY,1,DUMMY,,,OBSTACLE_DETECTED,3.0,T1_REVERSE_TO_FORWARD
569.7319,-34.6899,-65.8863,0.000,DUMMY,1,DUMMY,,,OBSTACLE_DETECTED,3.0,T1_REVERSE_TO_FORWARD
569.8318,-34.5971,-65.9234,0.000,DUMMY,1,DUMMY,,,OBSTACLE_DETECTED,3.0,T1_REVERSE_TO_FORWARD
569.9317,-34.5042,-65.9602,0.000,DUMMY,1,DUMMY,,,OBSTACLE_DETECTED,3.0,T1_REVERSE_TO_FORWARD
570.0317,-34.4110,-65.9965,0.000,DUMMY,1,DUMMY,,,OBSTACLE_DETECTED,3.0,T1_REVERSE_TO_FORWARD
570.1317,-34.3178,-66.0326,0.000,DUMMY,1,DUMMY,,,OBSTACLE_DETECTED,3.0,T1_REVERSE_TO_FORWARD
570.2317,-34.2245,-66.0685,0.000,DUMMY,1,DUMMY,,,OBSTACLE_DETECTED,3.0,T1_REVERSE_TO_FORWARD
570.3317,-34.1311,-66.1042,0.000,DUMMY,1,DUMMY,,,OBSTACLE_DETECTED,3.0,T1_REVERSE_TO_FORWARD
570.4316,-34.0377,-66.1399,0.000,DUMMY,1,DUMMY,,,OBSTACLE_DETECTED,3.0,T1_REVERSE_TO_FORWARD
570.5316,-33.9443,-66.1756,0.000,DUMMY,1,DUMMY,,,OBSTACLE_DETECTED,3.0,T1_REVERSE_TO_FORWARD
570.6316,-33.8510,-66.2115,0.000,DUMMY,1,DUMMY,,,OBSTACLE_DETECTED,3.0,T1_REVERSE_TO_FORWARD
570.7315,-33.7578,-66.2476,0.000,DUMMY,1,DUMMY,,,OBSTACLE_DETECTED,3.0,T1_REVERSE_TO_FORWARD
570.8315,-33.6647,-66.2840,0.000,DUMMY,1,DUMMY,,,OBSTACLE_DETECTED,3.0,T1_REVERSE_TO_FORWARD
570.9315,-33.5717,-66.3207,0.000,DUMMY,1,DUMMY,,,OBSTACLE_DETECTED,3.0,T1_REVERSE_TO_FORWARD
571.0315,-33.4788,-66.3577,0.000,DUMMY,1,DUMMY,,,OBSTACLE_DETECTED,3.0,T1_REVERSE_TO_FORWARD
571.1315,-33.3860,-66.3949,0.000,DUMMY,1,DUMMY,,,OBSTACLE_DETECTED,3.0,T1_REVERSE_TO_FORWARD
571.2314,-33.2934,-66.4324,0.000,DUMMY,1,DUMMY,,,OBSTACLE_DETECTED,3.0,T1_REVERSE_TO_FORWARD
571.3314,-33.2008,-66.4701,0.000,DUMMY,1,DUMMY,,,OBSTACLE_DETECTED,3.0,T1_REVERSE_TO_FORWARD
571.4314,-33.1082,-66.5079,0.000,DUMMY,1,DUMMY,,,OBSTACLE_DETECTED,3.0,T1_REVERSE_TO_FORWARD
571.5313,-33.0157,-66.5458,0.000,DUMMY,1,DUMMY,,,OBSTACLE_DETECTED,3.0,T1_REVERSE_TO_FORWARD
571.6313,-32.9231,-66.5835,0.000,DUMMY,1,DUMMY,,,OBSTACLE_DETECTED,3.0,T1_REVERSE_TO_FORWARD
571.7313,-32.8305,-66.6211,0.000,DUMMY,1,DUMMY,,,OBSTACLE_DETECTED,3.0,T1_REVERSE_TO_FORWARD
571.8312,-32.7377,-66.6583,0.000,DUMMY,1,DUMMY,,,OBSTACLE_DETECTED,3.0,T1_REVERSE_TO_FORWARD
571.9312,-32.6447,-66.6950,0.000,DUMMY,1,DUMMY,,,OBSTACLE_DETECTED,3.0,T1_REVERSE_TO_FORWARD
572.0312,-32.5515,-66.7311,0.000,DUMMY,1,DUMMY,,,OBSTACLE_DETECTED,3.0,T1_REVERSE_TO_FORWARD
572.0390,-32.5442,-66.7339,0.000,DUMMY,1,DUMMY,DUMMY_OBSTACLE_ZONE_END,,OBSTACLE_DETECTED,3.0,T1_REVERSE_TO_FORWARD
572.1312,-32.4579,-66.7664,0.000,DUMMY,1,DUMMY,,,OBSTACLE_DETECTED,3.0,T1_REVERSE_TO_FORWARD
572.2312,-32.3641,-66.8010,0.000,DUMMY,1,DUMMY,,,OBSTACLE_DETECTED,3.0,T1_REVERSE_TO_FORWARD
572.3312,-32.2702,-66.8354,0.000,DUMMY,1,DUMMY,,,OBSTACLE_DETECTED,3.0,T1_REVERSE_TO_FORWARD
572.3385,-32.2633,-66.8379,0.000,NORMAL,1,ROUTE,,,,,T1_REVERSE_TO_FORWARD
572.4311,-32.1764,-66.8698,0.000,NORMAL,1,ROUTE,,,,,T1_REVERSE_TO_FORWARD
572.5311,-32.0825,-66.9041,0.000,NORMAL,1,ROUTE,,,,,T1_REVERSE_TO_FORWARD
572.6310,-31.9886,-66.9384,0.000,NORMAL,1,ROUTE,,,,,T1_REVERSE_TO_FORWARD
572.7310,-31.8946,-66.9724,0.000,NORMAL,1,ROUTE,,,,,T1_REVERSE_TO_FORWARD
572.8309,-31.8005,-67.0061,0.000,NORMAL,1,ROUTE,,,,,T1_REVERSE_TO_FORWARD
572.9310,-31.7062,-67.0396,0.000,NORMAL,1,ROUTE,,,,,T1_REVERSE_TO_FORWARD
573.0309,-31.6119,-67.0726,0.000,NORMAL,1,ROUTE,,,,,T1_REVERSE_TO_FORWARD
573.1309,-31.5174,-67.1052,0.000,NORMAL,1,ROUTE,,,,,T1_REVERSE_TO_FORWARD
573.2309,-31.4227,-67.1374,0.000,NORMAL,1,ROUTE,,,,,T1_REVERSE_TO_FORWARD
573.3308,-31.3279,-67.1690,0.000,NORMAL,1,ROUTE,,,,,T1_REVERSE_TO_FORWARD
573.4308,-31.2329,-67.2002,0.000,NORMAL,1,ROUTE,,,,,T1_REVERSE_TO_FORWARD
573.5308,-31.1378,-67.2310,0.000,NORMAL,1,ROUTE,,,,,T1_REVERSE_TO_FORWARD
573.6308,-31.0425,-67.2613,0.000,NORMAL,1,ROUTE,,,,,T1_REVERSE_TO_FORWARD
573.7307,-30.9472,-67.2913,0.000,NORMAL,1,ROUTE,,,,,T1_REVERSE_TO_FORWARD
573.8307,-30.8517,-67.3210,0.000,NORMAL,1,ROUTE,,,,,T1_REVERSE_TO_FORWARD
573.9307,-30.7561,-67.3504,0.000,NORMAL,1,ROUTE,,,,,T1_REVERSE_TO_FORWARD
574.0307,-30.6605,-67.3796,0.000,NORMAL,1,ROUTE,,,,,T1_REVERSE_TO_FORWARD
574.1307,-30.5648,-67.4086,0.000,NORMAL,1,ROUTE,,,,,T1_REVERSE_TO_FORWARD
574.2306,-30.4691,-67.4374,0.000,NORMAL,1,ROUTE,,,,,T1_REVERSE_TO_FORWARD
574.3305,-30.3734,-67.4661,0.000,NORMAL,1,ROUTE,,,,,T1_REVERSE_TO_FORWARD
574.4305,-30.2776,-67.4947,0.000,NORMAL,1,ROUTE,,,,,T1_REVERSE_TO_FORWARD
574.5306,-30.1817,-67.5233,0.000,NORMAL,1,ROUTE,,,,,T1_REVERSE_TO_FORWARD
574.6305,-30.0859,-67.5517,0.000,NORMAL,1,ROUTE,,,,,T1_REVERSE_TO_FORWARD
574.7305,-29.9900,-67.5800,0.000,NORMAL,1,ROUTE,,,,,T1_REVERSE_TO_FORWARD
574.8304,-29.8941,-67.6081,0.000,NORMAL,1,ROUTE,,,,,T1_REVERSE_TO_FORWARD
574.9305,-29.7981,-67.6362,0.000,NORMAL,1,ROUTE,,,,,T1_REVERSE_TO_FORWARD
575.0304,-29.7021,-67.6640,0.000,NORMAL,1,ROUTE,,,,,T1_REVERSE_TO_FORWARD
575.1304,-29.6060,-67.6916,0.000,NORMAL,1,ROUTE,,,,,T1_REVERSE_TO_FORWARD
575.2303,-29.5099,-67.7189,0.000,NORMAL,1,ROUTE,,,,,T1_REVERSE_TO_FORWARD
575.3303,-29.4136,-67.7459,0.000,NORMAL,1,ROUTE,,,,,T1_REVERSE_TO_FORWARD
575.4303,-29.3172,-67.7723,0.000,NORMAL,1,ROUTE,,,,,T1_REVERSE_TO_FORWARD
575.5302,-29.2206,-67.7981,0.000,NORMAL,1,ROUTE,,,,,T1_REVERSE_TO_FORWARD
575.6302,-29.1238,-67.8232,0.000,NORMAL,1,ROUTE,,,,,T1_REVERSE_TO_FORWARD
575.7302,-29.0268,-67.8475,0.000,NORMAL,1,ROUTE,,,,,T1_REVERSE_TO_FORWARD
575.8302,-28.9296,-67.8708,0.000,NORMAL,1,ROUTE,,,,,T1_REVERSE_TO_FORWARD
575.9301,-28.8322,-67.8931,0.000,NORMAL,1,ROUTE,,,,,T1_REVERSE_TO_FORWARD
576.0301,-28.7344,-67.9141,0.000,NORMAL,1,ROUTE,,,,,T1_REVERSE_TO_FORWARD
576.1301,-28.6364,-67.9340,0.000,NORMAL,1,ROUTE,,,,,T1_REVERSE_TO_FORWARD
576.2301,-28.5382,-67.9525,0.000,NORMAL,1,ROUTE,,,,,T1_REVERSE_TO_FORWARD
576.3300,-28.4397,-67.9696,0.000,NORMAL,1,ROUTE,,,,,T1_REVERSE_TO_FORWARD
576.4301,-28.3409,-67.9852,0.000,NORMAL,1,ROUTE,,,,,T1_REVERSE_TO_FORWARD
576.5300,-28.2419,-67.9991,0.000,NORMAL,1,ROUTE,,,,,T1_REVERSE_TO_FORWARD
576.6300,-28.1427,-68.0112,0.000,NORMAL,1,ROUTE,,,,,T1_REVERSE_TO_FORWARD
576.7300,-28.0432,-68.0212,0.000,NORMAL,1,ROUTE,,,,,T1_REVERSE_TO_FORWARD
576.8299,-27.9436,-68.0290,0.000,NORMAL,1,ROUTE,,,,,T1_REVERSE_TO_FORWARD
576.9299,-27.8437,-68.0343,0.000,NORMAL,1,ROUTE,,,,,T1_REVERSE_TO_FORWARD
577.0299,-27.7438,-68.0369,0.000,NORMAL,1,ROUTE,,,,,T1_REVERSE_TO_FORWARD
577.1299,-27.6438,-68.0365,0.000,NORMAL,1,ROUTE,,,,,T1_REVERSE_TO_FORWARD
577.2298,-27.5439,-68.0331,0.000,NORMAL,1,ROUTE,,,,,T1_REVERSE_TO_FORWARD
577.3297,-27.4442,-68.0266,0.000,NORMAL,1,ROUTE,,,,,T1_REVERSE_TO_FORWARD
577.4298,-27.3446,-68.0172,0.000,NORMAL,1,ROUTE,,,,,T1_REVERSE_TO_FORWARD
577.5297,-27.2454,-68.0050,0.000,NORMAL,1,ROUTE,,,,,T1_REVERSE_TO_FORWARD
577.6297,-27.1465,-67.9903,0.000,NORMAL,1,ROUTE,,,,,T1_REVERSE_TO_FORWARD
577.7296,-27.0480,-67.9735,0.000,NORMAL,1,ROUTE,,,,,T1_REVERSE_TO_FORWARD
577.8296,-26.9498,-67.9546,0.000,NORMAL,1,ROUTE,,,,,T1_REVERSE_TO_FORWARD
577.9296,-26.8520,-67.9341,0.000,NORMAL,1,ROUTE,,,,,T1_REVERSE_TO_FORWARD
578.0295,-26.7545,-67.9121,0.000,NORMAL,1,ROUTE,,,,,T1_REVERSE_TO_FORWARD
578.1296,-26.6572,-67.8888,0.000,NORMAL,1,ROUTE,,,,,T1_REVERSE_TO_FORWARD
578.2295,-26.5603,-67.8643,0.000,NORMAL,1,ROUTE,,,,,T1_REVERSE_TO_FORWARD
578.3295,-26.4636,-67.8390,0.000,NORMAL,1,ROUTE,,,,,T1_REVERSE_TO_FORWARD
578.4295,-26.3671,-67.8128,0.000,NORMAL,1,ROUTE,,,,,T1_REVERSE_TO_FORWARD
578.5294,-26.2708,-67.7859,0.000,NORMAL,1,ROUTE,,,,,T1_REVERSE_TO_FORWARD
578.6294,-26.1747,-67.7585,0.000,NORMAL,1,ROUTE,,,,,T1_REVERSE_TO_FORWARD
578.7294,-26.0787,-67.7305,0.000,NORMAL,1,ROUTE,,,,,T1_REVERSE_TO_FORWARD
578.8294,-25.9828,-67.7021,0.000,NORMAL,1,ROUTE,,,,,T1_REVERSE_TO_FORWARD
578.9293,-25.8871,-67.6733,0.000,NORMAL,1,ROUTE,,,,,T1_REVERSE_TO_FORWARD
579.0293,-25.7915,-67.6441,0.000,NORMAL,1,ROUTE,,,,,T1_REVERSE_TO_FORWARD
579.1293,-25.6960,-67.6144,0.000,NORMAL,1,ROUTE,,,,,T1_REVERSE_TO_FORWARD
579.2293,-25.6007,-67.5842,0.000,NORMAL,1,ROUTE,,,,,T1_REVERSE_TO_FORWARD
579.3292,-25.5056,-67.5535,0.000,NORMAL,1,ROUTE,,,,,T1_REVERSE_TO_FORWARD
579.4292,-25.4107,-67.5221,0.000,NORMAL,1,ROUTE,,,,,T1_REVERSE_TO_FORWARD
579.5292,-25.3160,-67.4899,0.000,NORMAL,1,ROUTE,,,,,T1_REVERSE_TO_FORWARD
579.6291,-25.2217,-67.4568,0.000,NORMAL,1,ROUTE,,,,,T1_REVERSE_TO_FORWARD
579.7291,-25.1277,-67.4227,0.000,NORMAL,1,ROUTE,,,,,T1_REVERSE_TO_FORWARD
579.8291,-25.0341,-67.3876,0.000,NORMAL,1,ROUTE,,,,,T1_REVERSE_TO_FORWARD
579.9290,-24.9410,-67.3513,0.000,NORMAL,1,ROUTE,,,,,T1_REVERSE_TO_FORWARD
580.0290,-24.8483,-67.3138,0.000,NORMAL,1,ROUTE,,,,,T1_REVERSE_TO_FORWARD
580.1290,-24.7561,-67.2750,0.000,NORMAL,1,ROUTE,,,,,T1_REVERSE_TO_FORWARD
580.2289,-24.6646,-67.2350,0.000,NORMAL,1,ROUTE,,,,,T1_REVERSE_TO_FORWARD
580.3290,-24.5736,-67.1934,0.000,NORMAL,1,ROUTE,,,,,T1_REVERSE_TO_FORWARD
580.4289,-24.4834,-67.1503,0.000,NORMAL,1,ROUTE,,,,,T1_REVERSE_TO_FORWARD
580.5289,-24.3940,-67.1055,0.000,NORMAL,1,ROUTE,,,,,T1_REVERSE_TO_FORWARD
580.6289,-24.3056,-67.0589,0.000,NORMAL,1,ROUTE,,,,,T1_REVERSE_TO_FORWARD
580.7288,-24.2183,-67.0102,0.000,NORMAL,1,ROUTE,,,,,T1_REVERSE_TO_FORWARD
580.8288,-24.1323,-66.9593,0.000,NORMAL,1,ROUTE,,,,,T1_REVERSE_TO_FORWARD
580.9287,-24.0477,-66.9060,0.000,NORMAL,1,ROUTE,,,,,T1_REVERSE_TO_FORWARD
581.0288,-23.9646,-66.8503,0.000,NORMAL,1,ROUTE,,,,,T1_REVERSE_TO_FORWARD
581.1287,-23.8833,-66.7923,0.000,NORMAL,1,ROUTE,,,,,T1_REVERSE_TO_FORWARD
581.2287,-23.8036,-66.7318,0.000,NORMAL,1,ROUTE,,,,,T1_REVERSE_TO_FORWARD
581.3286,-23.7258,-66.6691,0.000,NORMAL,1,ROUTE,,,,,T1_REVERSE_TO_FORWARD
581.4287,-23.6496,-66.6043,0.000,NORMAL,1,ROUTE,,,,,T1_REVERSE_TO_FORWARD
581.5286,-23.5752,-66.5376,0.000,NORMAL,1,ROUTE,,,,,T1_REVERSE_TO_FORWARD
581.6286,-23.5025,-66.4689,0.000,NORMAL,1,ROUTE,,,,,T1_REVERSE_TO_FORWARD
581.7285,-23.4315,-66.3986,0.000,NORMAL,1,ROUTE,,,,,T1_REVERSE_TO_FORWARD
581.8285,-23.3622,-66.3265,0.000,NORMAL,1,ROUTE,,,,,T1_REVERSE_TO_FORWARD
581.9285,-23.2945,-66.2529,0.000,NORMAL,1,ROUTE,,,,,T1_REVERSE_TO_FORWARD
582.0284,-23.2285,-66.1779,0.000,NORMAL,1,ROUTE,,,,,T1_REVERSE_TO_FORWARD
582.1284,-23.1641,-66.1014,0.000,NORMAL,1,ROUTE,,,,,T1_REVERSE_TO_FORWARD
582.2284,-23.1012,-66.0237,0.000,NORMAL,1,ROUTE,,,,,T1_REVERSE_TO_FORWARD
582.3284,-23.0397,-65.9449,0.000,NORMAL,1,ROUTE,,,,,T1_REVERSE_TO_FORWARD
582.4283,-22.9795,-65.8651,0.000,NORMAL,1,ROUTE,,,,,T1_REVERSE_TO_FORWARD
582.5283,-22.9204,-65.7845,0.000,NORMAL,1,ROUTE,,,,,T1_REVERSE_TO_FORWARD
582.6283,-22.8623,-65.7031,0.000,NORMAL,1,ROUTE,,,,,T1_REVERSE_TO_FORWARD
582.7283,-22.8051,-65.6211,0.000,NORMAL,1,ROUTE,,,,,T1_REVERSE_TO_FORWARD
582.8282,-22.7486,-65.5386,0.000,NORMAL,1,ROUTE,,,,,T1_REVERSE_TO_FORWARD
582.9281,-22.6930,-65.4556,0.000,NORMAL,1,ROUTE,,,,,T1_REVERSE_TO_FORWARD
583.0281,-22.6380,-65.3721,0.000,NORMAL,1,ROUTE,,,,,T1_REVERSE_TO_FORWARD
583.1282,-22.5835,-65.2882,0.000,NORMAL,1,ROUTE,,,,,T1_REVERSE_TO_FORWARD
583.2281,-22.5297,-65.2040,0.000,NORMAL,1,ROUTE,,,,,T1_REVERSE_TO_FORWARD
583.3281,-22.4764,-65.1194,0.000,NORMAL,1,ROUTE,,,,,T1_REVERSE_TO_FORWARD
583.4280,-22.4235,-65.0346,0.000,NORMAL,1,ROUTE,,,,,T1_REVERSE_TO_FORWARD
583.5281,-22.3711,-64.9494,0.000,NORMAL,1,ROUTE,,,,,T1_REVERSE_TO_FORWARD
583.6280,-22.3190,-64.8641,0.000,NORMAL,1,ROUTE,,,,,T1_REVERSE_TO_FORWARD
583.7280,-22.2674,-64.7785,0.000,NORMAL,1,ROUTE,,,,,T1_REVERSE_TO_FORWARD
583.8280,-22.2160,-64.6927,0.000,NORMAL,1,ROUTE,,,,,T1_REVERSE_TO_FORWARD
583.9279,-22.1649,-64.6068,0.000,NORMAL,1,ROUTE,,,,,T1_REVERSE_TO_FORWARD
584.0279,-22.1141,-64.5207,0.000,NORMAL,1,ROUTE,,,,,T1_REVERSE_TO_FORWARD
584.1279,-22.0636,-64.4344,0.000,NORMAL,1,ROUTE,,,,,T1_REVERSE_TO_FORWARD
584.2278,-22.0134,-64.3480,0.000,NORMAL,1,ROUTE,,,,,T1_REVERSE_TO_FORWARD
584.3278,-21.9634,-64.2614,0.000,NORMAL,1,ROUTE,,,,,T1_REVERSE_TO_FORWARD
584.4277,-21.9137,-64.1747,0.000,NORMAL,1,ROUTE,,,,,T1_REVERSE_TO_FORWARD
584.5278,-21.8642,-64.0878,0.000,NORMAL,1,ROUTE,,,,,T1_REVERSE_TO_FORWARD
584.6278,-21.8149,-64.0008,0.000,NORMAL,1,ROUTE,,,,,T1_REVERSE_TO_FORWARD
584.7276,-21.7660,-63.9137,0.000,NORMAL,1,ROUTE,,,,,T1_REVERSE_TO_FORWARD
584.8277,-21.7173,-63.8263,0.000,NORMAL,1,ROUTE,,,,,T1_REVERSE_TO_FORWARD
584.9277,-21.6689,-63.7388,0.000,NORMAL,1,ROUTE,,,,,T1_REVERSE_TO_FORWARD
585.0277,-21.6209,-63.6511,0.000,NORMAL,1,ROUTE,,,,,T1_REVERSE_TO_FORWARD
585.1276,-21.5734,-63.5632,0.000,NORMAL,1,ROUTE,,,,,T1_REVERSE_TO_FORWARD
585.2276,-21.5262,-63.4750,0.000,NORMAL,1,ROUTE,,,,,T1_REVERSE_TO_FORWARD
585.3275,-21.4796,-63.3866,0.000,NORMAL,1,ROUTE,,,,,T1_REVERSE_TO_FORWARD
585.4275,-21.4335,-63.2979,0.000,NORMAL,1,ROUTE,,,,,T1_REVERSE_TO_FORWARD
585.5275,-21.3880,-63.2089,0.000,NORMAL,1,ROUTE,,,,,T1_REVERSE_TO_FORWARD
585.6275,-21.3430,-63.1196,0.000,NORMAL,1,ROUTE,,,,,T1_REVERSE_TO_FORWARD
585.7275,-21.2986,-63.0300,0.000,NORMAL,1,ROUTE,,,,,T1_REVERSE_TO_FORWARD
585.8274,-21.2546,-62.9403,0.000,NORMAL,1,ROUTE,,,,,T1_REVERSE_TO_FORWARD
585.9274,-21.2110,-62.8503,0.000,NORMAL,1,ROUTE,,,,,T1_REVERSE_TO_FORWARD
586.0273,-21.1678,-62.7602,0.000,NORMAL,1,ROUTE,,,,,T1_REVERSE_TO_FORWARD
586.1273,-21.1248,-62.6699,0.000,NORMAL,1,ROUTE,,,,,T1_REVERSE_TO_FORWARD
586.2273,-21.0820,-62.5795,0.000,NORMAL,1,ROUTE,,,,,T1_REVERSE_TO_FORWARD
586.3273,-21.0392,-62.4892,0.000,NORMAL,1,ROUTE,,,,,T1_REVERSE_TO_FORWARD
586.4272,-20.9965,-62.3988,0.000,NORMAL,1,ROUTE,,,,,T1_REVERSE_TO_FORWARD
586.5273,-20.9537,-62.3084,0.000,NORMAL,1,ROUTE,,,,,T1_REVERSE_TO_FORWARD
586.6272,-20.9107,-62.2182,0.000,NORMAL,1,ROUTE,,,,,T1_REVERSE_TO_FORWARD
586.7271,-20.8674,-62.1281,0.000,NORMAL,1,ROUTE,,,,,T1_REVERSE_TO_FORWARD
586.8272,-20.8238,-62.0381,0.000,NORMAL,1,ROUTE,,,,,T1_REVERSE_TO_FORWARD
586.9272,-20.7798,-61.9483,0.000,NORMAL,1,ROUTE,,,,,T1_REVERSE_TO_FORWARD
587.0271,-20.7353,-61.8588,0.000,NORMAL,1,ROUTE,,,,,T1_REVERSE_TO_FORWARD
587.1270,-20.6903,-61.7696,0.000,NORMAL,1,ROUTE,,,,,T1_REVERSE_TO_FORWARD
587.2270,-20.6447,-61.6806,0.000,NORMAL,1,ROUTE,,,,,T1_REVERSE_TO_FORWARD
587.3270,-20.5985,-61.5919,0.000,NORMAL,1,ROUTE,,,,,T1_REVERSE_TO_FORWARD
587.4270,-20.5518,-61.5035,0.000,NORMAL,1,ROUTE,,,,,T1_REVERSE_TO_FORWARD
587.5270,-20.5045,-61.4154,0.000,NORMAL,1,ROUTE,,,,,T1_REVERSE_TO_FORWARD
587.6269,-20.4570,-61.3275,0.000,NORMAL,1,ROUTE,,,,,T1_REVERSE_TO_FORWARD
587.7269,-20.4091,-61.2397,0.000,NORMAL,1,ROUTE,,,,,T1_REVERSE_TO_FORWARD
587.8269,-20.3611,-61.1520,0.000,NORMAL,1,ROUTE,,,,,T1_REVERSE_TO_FORWARD
587.9268,-20.3131,-61.0644,0.000,NORMAL,1,ROUTE,,,,,T1_REVERSE_TO_FORWARD
588.0269,-20.2651,-60.9766,0.000,NORMAL,1,ROUTE,,,,,T1_REVERSE_TO_FORWARD
588.1268,-20.2174,-60.8888,0.000,NORMAL,1,ROUTE,,,,,T1_REVERSE_TO_FORWARD
588.2267,-20.1700,-60.8008,0.000,NORMAL,1,ROUTE,,,,,T1_REVERSE_TO_FORWARD
588.3267,-20.1229,-60.7126,0.000,NORMAL,1,ROUTE,,,,,T1_REVERSE_TO_FORWARD
588.4267,-20.0764,-60.6241,0.000,NORMAL,1,ROUTE,,,,,T1_REVERSE_TO_FORWARD
588.5267,-20.0304,-60.5353,0.000,NORMAL,1,ROUTE,,,,,T1_REVERSE_TO_FORWARD
588.6267,-19.9851,-60.4462,0.000,NORMAL,1,ROUTE,,,,,T1_REVERSE_TO_FORWARD
588.7267,-19.9405,-60.3567,0.000,NORMAL,1,ROUTE,,,,,T1_REVERSE_TO_FORWARD
588.8267,-19.8967,-60.2668,0.000,NORMAL,1,ROUTE,,,,,T1_REVERSE_TO_FORWARD
588.9266,-19.8536,-60.1766,0.000,NORMAL,1,ROUTE,,,,,T1_REVERSE_TO_FORWARD
589.0265,-19.8113,-60.0861,0.000,NORMAL,1,ROUTE,,,,,T1_REVERSE_TO_FORWARD
589.1266,-19.7697,-59.9951,0.000,NORMAL,1,ROUTE,,,,,T1_REVERSE_TO_FORWARD
589.2265,-19.7288,-59.9039,0.000,NORMAL,1,ROUTE,,,,,T1_REVERSE_TO_FORWARD
589.3265,-19.6886,-59.8124,0.000,NORMAL,1,ROUTE,,,,,T1_REVERSE_TO_FORWARD
589.4264,-19.6488,-59.7207,0.000,NORMAL,1,ROUTE,,,,,T1_REVERSE_TO_FORWARD
589.5264,-19.6095,-59.6288,0.000,NORMAL,1,ROUTE,,,,,T1_REVERSE_TO_FORWARD
589.6264,-19.5704,-59.5367,0.000,NORMAL,1,ROUTE,,,,,T1_REVERSE_TO_FORWARD
589.7263,-19.5315,-59.4447,0.000,NORMAL,1,ROUTE,,,,,T1_REVERSE_TO_FORWARD
589.8263,-19.4925,-59.3526,0.000,NORMAL,1,ROUTE,,,,,T1_REVERSE_TO_FORWARD
589.9263,-19.4534,-59.2606,0.000,NORMAL,1,ROUTE,,,,,T1_REVERSE_TO_FORWARD
590.0264,-19.4141,-59.1686,0.000,NORMAL,1,ROUTE,,,,,T1_REVERSE_TO_FORWARD
590.1263,-19.3746,-59.0768,0.000,NORMAL,1,ROUTE,,,,,T1_REVERSE_TO_FORWARD
590.2263,-19.3348,-58.9851,0.000,NORMAL,1,ROUTE,,,,,T1_REVERSE_TO_FORWARD
590.3262,-19.2947,-58.8935,0.000,NORMAL,1,ROUTE,,,,,T1_REVERSE_TO_FORWARD
590.4261,-19.2544,-58.8021,0.000,NORMAL,1,ROUTE,,,,,T1_REVERSE_TO_FORWARD
590.5262,-19.2137,-58.7107,0.000,NORMAL,1,ROUTE,,,,,T1_REVERSE_TO_FORWARD
590.6261,-19.1729,-58.6195,0.000,NORMAL,1,ROUTE,,,,,T1_REVERSE_TO_FORWARD
590.7261,-19.1319,-58.5283,0.000,NORMAL,1,ROUTE,,,,,T1_REVERSE_TO_FORWARD
590.8261,-19.0907,-58.4372,0.000,NORMAL,1,ROUTE,,,,,T1_REVERSE_TO_FORWARD
590.9260,-19.0493,-58.3462,0.000,NORMAL,1,ROUTE,,,,,T1_REVERSE_TO_FORWARD
591.0260,-19.0080,-58.2552,0.000,NORMAL,1,ROUTE,,,,,T1_REVERSE_TO_FORWARD
591.1260,-18.9666,-58.1642,0.000,NORMAL,1,ROUTE,,,,,T1_REVERSE_TO_FORWARD
591.2260,-18.9253,-58.0731,0.000,NORMAL,1,ROUTE,,,,,T1_REVERSE_TO_FORWARD
591.3259,-18.8842,-57.9820,0.000,NORMAL,1,ROUTE,,,,,T1_REVERSE_TO_FORWARD
591.4259,-18.8432,-57.8908,0.000,NORMAL,1,ROUTE,,,,,T1_REVERSE_TO_FORWARD
591.5259,-18.8025,-57.7995,0.000,NORMAL,1,ROUTE,,,,,T1_REVERSE_TO_FORWARD
591.6259,-18.7622,-57.7080,0.000,NORMAL,1,ROUTE,,,,,T1_REVERSE_TO_FORWARD
591.7258,-18.7222,-57.6164,0.000,NORMAL,1,ROUTE,,,,,T1_REVERSE_TO_FORWARD
591.8258,-18.6828,-57.5245,0.000,NORMAL,1,ROUTE,,,,,T1_REVERSE_TO_FORWARD
591.9258,-18.6439,-57.4324,0.000,NORMAL,1,ROUTE,,,,,T1_REVERSE_TO_FORWARD
592.0257,-18.6056,-57.3401,0.000,NORMAL,1,ROUTE,,,,,T1_REVERSE_TO_FORWARD
592.1257,-18.5679,-57.2475,0.000,NORMAL,1,ROUTE,,,,,T1_REVERSE_TO_FORWARD
592.2257,-18.5309,-57.1546,0.000,NORMAL,1,ROUTE,,,,,T1_REVERSE_TO_FORWARD
592.3257,-18.4946,-57.0614,0.000,NORMAL,1,ROUTE,,,,,T1_REVERSE_TO_FORWARD
592.4257,-18.4590,-56.9680,0.000,NORMAL,1,ROUTE,,,,,T1_REVERSE_TO_FORWARD
592.5256,-18.4241,-56.8743,0.000,NORMAL,1,ROUTE,,,,,T1_REVERSE_TO_FORWARD
592.6256,-18.3899,-56.7804,0.000,NORMAL,1,ROUTE,,,,,T1_REVERSE_TO_FORWARD
592.7256,-18.3563,-56.6862,0.000,NORMAL,1,ROUTE,,,,,T1_REVERSE_TO_FORWARD
592.8255,-18.3233,-56.5919,0.000,NORMAL,1,ROUTE,,,,,T1_REVERSE_TO_FORWARD
592.9255,-18.2907,-56.4974,0.000,NORMAL,1,ROUTE,,,,,T1_REVERSE_TO_FORWARD
593.0255,-18.2585,-56.4027,0.000,NORMAL,1,ROUTE,,,,,T1_REVERSE_TO_FORWARD
593.1255,-18.2265,-56.3080,0.000,NORMAL,1,ROUTE,,,,,T1_REVERSE_TO_FORWARD
593.2254,-18.1947,-56.2132,0.000,NORMAL,1,ROUTE,,,,,T1_REVERSE_TO_FORWARD
593.3254,-18.1629,-56.1184,0.000,NORMAL,1,ROUTE,,,,,T1_REVERSE_TO_FORWARD
593.4254,-18.1310,-56.0237,0.000,NORMAL,1,ROUTE,,,,,T1_REVERSE_TO_FORWARD
593.5254,-18.0988,-55.9290,0.000,NORMAL,1,ROUTE,,,,,T1_REVERSE_TO_FORWARD
593.6254,-18.0662,-55.8345,0.000,NORMAL,1,ROUTE,,,,,T1_REVERSE_TO_FORWARD
593.7253,-18.0332,-55.7402,0.000,NORMAL,1,ROUTE,,,,,T1_REVERSE_TO_FORWARD
593.8253,-17.9995,-55.6460,0.000,NORMAL,1,ROUTE,,,,,T1_REVERSE_TO_FORWARD
593.9252,-17.9652,-55.5522,0.000,NORMAL,1,ROUTE,,,,,T1_REVERSE_TO_FORWARD
594.0252,-17.9301,-55.4585,0.000,NORMAL,1,ROUTE,,,,,T1_REVERSE_TO_FORWARD
594.1252,-17.8945,-55.3651,0.000,NORMAL,1,ROUTE,,,,,T1_REVERSE_TO_FORWARD
594.2251,-17.8582,-55.2720,0.000,NORMAL,1,ROUTE,,,,,T1_REVERSE_TO_FORWARD
594.3251,-17.8214,-55.1790,0.000,NORMAL,1,ROUTE,,,,,T1_REVERSE_TO_FORWARD
594.4251,-17.7842,-55.0862,0.000,NORMAL,1,ROUTE,,,,,T1_REVERSE_TO_FORWARD
594.5251,-17.7466,-54.9936,0.000,NORMAL,1,ROUTE,,,,,T1_REVERSE_TO_FORWARD
594.6251,-17.7088,-54.9010,0.000,NORMAL,1,ROUTE,,,,,T1_REVERSE_TO_FORWARD
594.7250,-17.6709,-54.8085,0.000,NORMAL,1,ROUTE,,,,,T1_REVERSE_TO_FORWARD
594.8250,-17.6330,-54.7160,0.000,NORMAL,1,ROUTE,,,,,T1_REVERSE_TO_FORWARD
594.9250,-17.5951,-54.6235,0.000,NORMAL,1,ROUTE,,,,,T1_REVERSE_TO_FORWARD
595.0249,-17.5572,-54.5310,0.000,NORMAL,1,ROUTE,,,,,T1_REVERSE_TO_FORWARD
595.1249,-17.5196,-54.4384,0.000,NORMAL,1,ROUTE,,,,,T1_REVERSE_TO_FORWARD
595.2249,-17.4820,-54.3457,0.000,NORMAL,1,ROUTE,,,,,T1_REVERSE_TO_FORWARD
595.3248,-17.4447,-54.2530,0.000,NORMAL,1,ROUTE,,,,,T1_REVERSE_TO_FORWARD
595.4249,-17.4076,-54.1601,0.000,NORMAL,1,ROUTE,,,,,T1_REVERSE_TO_FORWARD
595.5248,-17.3706,-54.0673,0.000,NORMAL,1,ROUTE,,,,,T1_REVERSE_TO_FORWARD
595.6248,-17.3338,-53.9743,0.000,NORMAL,1,ROUTE,,,,,T1_REVERSE_TO_FORWARD
595.7248,-17.2971,-53.8813,0.000,NORMAL,1,ROUTE,,,,,T1_REVERSE_TO_FORWARD
595.8248,-17.2606,-53.7882,0.000,NORMAL,1,ROUTE,,,,,T1_REVERSE_TO_FORWARD
595.9247,-17.2241,-53.6952,0.000,NORMAL,1,ROUTE,,,,,T1_REVERSE_TO_FORWARD
596.0247,-17.1876,-53.6021,0.000,NORMAL,1,ROUTE,,,,,T1_REVERSE_TO_FORWARD
596.1246,-17.1512,-53.5090,0.000,NORMAL,1,ROUTE,,,,,T1_REVERSE_TO_FORWARD
596.2247,-17.1146,-53.4159,0.000,NORMAL,1,ROUTE,,,,,T1_REVERSE_TO_FORWARD
596.3246,-17.0780,-53.3229,0.000,NORMAL,1,ROUTE,,,,,T1_REVERSE_TO_FORWARD
596.4245,-17.0412,-53.2300,0.000,NORMAL,1,ROUTE,,,,,T1_REVERSE_TO_FORWARD
596.5245,-17.0043,-53.1371,0.000,NORMAL,1,ROUTE,,,,,T1_REVERSE_TO_FORWARD
596.6245,-16.9672,-53.0442,0.000,NORMAL,1,ROUTE,,,,,T1_REVERSE_TO_FORWARD
596.7245,-16.9300,-52.9514,0.000,NORMAL,1,ROUTE,,,,,T1_REVERSE_TO_FORWARD
596.8245,-16.8928,-52.8586,0.000,NORMAL,1,ROUTE,,,,,T1_REVERSE_TO_FORWARD
596.9244,-16.8555,-52.7659,0.000,NORMAL,1,ROUTE,,,,,T1_REVERSE_TO_FORWARD
597.0244,-16.8182,-52.6731,0.000,NORMAL,1,ROUTE,,,,,T1_REVERSE_TO_FORWARD
597.1243,-16.7809,-52.5804,0.000,NORMAL,1,ROUTE,,,,,T1_REVERSE_TO_FORWARD
597.2244,-16.7436,-52.4876,0.000,NORMAL,1,ROUTE,,,,,T1_REVERSE_TO_FORWARD
597.3243,-16.7063,-52.3949,0.000,NORMAL,1,ROUTE,,,,,T1_REVERSE_TO_FORWARD
597.4243,-16.6689,-52.3021,0.000,NORMAL,1,ROUTE,,,,,T1_REVERSE_TO_FORWARD
597.5243,-16.6313,-52.2095,0.000,NORMAL,1,ROUTE,,,,,T1_REVERSE_TO_FORWARD
597.6242,-16.5935,-52.1170,0.000,NORMAL,1,ROUTE,,,,,T1_REVERSE_TO_FORWARD
597.7243,-16.5551,-52.0246,0.000,NORMAL,1,ROUTE,,,,,T1_REVERSE_TO_FORWARD
597.8242,-16.5162,-51.9325,0.000,NORMAL,1,ROUTE,,,,,T1_REVERSE_TO_FORWARD
597.9242,-16.4767,-51.8407,0.000,NORMAL,1,ROUTE,,,,,T1_REVERSE_TO_FORWARD
598.0242,-16.4364,-51.7492,0.000,NORMAL,1,ROUTE,,,,,T1_REVERSE_TO_FORWARD
598.1242,-16.3952,-51.6581,0.000,NORMAL,1,ROUTE,,,,,T1_REVERSE_TO_FORWARD
598.2242,-16.3533,-51.5673,0.000,NORMAL,1,ROUTE,,,,,T1_REVERSE_TO_FORWARD
598.3240,-16.3108,-51.4769,0.000,NORMAL,1,ROUTE,,,,,T1_REVERSE_TO_FORWARD
598.4240,-16.2679,-51.3866,0.000,NORMAL,1,ROUTE,,,,,T1_REVERSE_TO_FORWARD
598.5241,-16.2246,-51.2964,0.000,NORMAL,1,ROUTE,,,,,T1_REVERSE_TO_FORWARD
598.6240,-16.1814,-51.2063,0.000,NORMAL,1,ROUTE,,,,,T1_REVERSE_TO_FORWARD
598.7240,-16.1383,-51.1161,0.000,NORMAL,1,ROUTE,,,,,T1_REVERSE_TO_FORWARD
598.8239,-16.0956,-51.0257,0.000,NORMAL,1,ROUTE,,,,,T1_REVERSE_TO_FORWARD
598.9239,-16.0535,-50.9350,0.000,NORMAL,1,ROUTE,,,,,T1_REVERSE_TO_FORWARD
599.0239,-16.0121,-50.8440,0.000,NORMAL,1,ROUTE,,,,,T1_REVERSE_TO_FORWARD
599.1239,-15.9716,-50.7526,0.000,NORMAL,1,ROUTE,,,,,T1_REVERSE_TO_FORWARD
599.2239,-15.9320,-50.6608,0.000,NORMAL,1,ROUTE,,,,,T1_REVERSE_TO_FORWARD
599.3238,-15.8934,-50.5686,0.000,NORMAL,1,ROUTE,,,,,T1_REVERSE_TO_FORWARD
599.4238,-15.8558,-50.4760,0.000,NORMAL,1,ROUTE,,,,,T1_REVERSE_TO_FORWARD
599.5238,-15.8193,-50.3829,0.000,NORMAL,1,ROUTE,,,,,T1_REVERSE_TO_FORWARD
599.6237,-15.7838,-50.2895,0.000,NORMAL,1,ROUTE,,,,,T1_REVERSE_TO_FORWARD
599.7237,-15.7492,-50.1956,0.000,NORMAL,1,ROUTE,,,,,T1_REVERSE_TO_FORWARD
599.8237,-15.7156,-50.1015,0.000,NORMAL,1,ROUTE,,,,,T1_REVERSE_TO_FORWARD
599.9236,-15.6828,-50.0071,0.000,NORMAL,1,ROUTE,,,,,T1_REVERSE_TO_FORWARD
600.0236,-15.6506,-49.9124,0.000,NORMAL,1,ROUTE,,,,,T1_REVERSE_TO_FORWARD
600.1236,-15.6189,-49.8176,0.000,NORMAL,1,ROUTE,,,,,T1_REVERSE_TO_FORWARD
600.2235,-15.5876,-49.7227,0.000,NORMAL,1,ROUTE,,,,,T1_REVERSE_TO_FORWARD
600.3235,-15.5565,-49.6277,0.000,NORMAL,1,ROUTE,,,,,T1_REVERSE_TO_FORWARD
600.4235,-15.5254,-49.5326,0.000,NORMAL,1,ROUTE,,,,,T1_REVERSE_TO_FORWARD
600.5235,-15.4942,-49.4376,0.000,NORMAL,1,ROUTE,,,,,T1_REVERSE_TO_FORWARD
600.6235,-15.4628,-49.3427,0.000,NORMAL,1,ROUTE,,,,,T1_REVERSE_TO_FORWARD
600.7234,-15.4311,-49.2479,0.000,NORMAL,1,ROUTE,,,,,T1_REVERSE_TO_FORWARD
600.8234,-15.3987,-49.1533,0.000,NORMAL,1,ROUTE,,,,,T1_REVERSE_TO_FORWARD
600.9234,-15.3658,-49.0589,0.000,NORMAL,1,ROUTE,,,,,T1_REVERSE_TO_FORWARD
601.0234,-15.3320,-48.9648,0.000,NORMAL,1,ROUTE,,,,,T1_REVERSE_TO_FORWARD
601.1234,-15.2974,-48.8710,0.000,NORMAL,1,ROUTE,,,,,T1_REVERSE_TO_FORWARD
601.2233,-15.2619,-48.7776,0.000,NORMAL,1,ROUTE,,,,,T1_REVERSE_TO_FORWARD
601.3232,-15.2255,-48.6845,0.000,NORMAL,1,ROUTE,,,,,T1_REVERSE_TO_FORWARD
601.4233,-15.1882,-48.5917,0.000,NORMAL,1,ROUTE,,,,,T1_REVERSE_TO_FORWARD
601.5232,-15.1501,-48.4993,0.000,NORMAL,1,ROUTE,,,,,T1_REVERSE_TO_FORWARD
601.6232,-15.1114,-48.4071,0.000,NORMAL,1,ROUTE,,,,,T1_REVERSE_TO_FORWARD
601.7231,-15.0724,-48.3151,0.000,NORMAL,1,ROUTE,,,,,T1_REVERSE_TO_FORWARD
601.8231,-15.0332,-48.2231,0.000,NORMAL,1,ROUTE,,,,,T1_REVERSE_TO_FORWARD
601.9231,-14.9941,-48.1311,0.000,NORMAL,1,ROUTE,,,,,T1_REVERSE_TO_FORWARD
602.0230,-14.9553,-48.0390,0.000,NORMAL,1,ROUTE,,,,,T1_REVERSE_TO_FORWARD
602.1231,-14.9170,-47.9466,0.000,NORMAL,1,ROUTE,,,,,T1_REVERSE_TO_FORWARD
602.2230,-14.8792,-47.8541,0.000,NORMAL,1,ROUTE,,,,,T1_REVERSE_TO_FORWARD
602.3230,-14.8420,-47.7613,0.000,NORMAL,1,ROUTE,,,,,T1_REVERSE_TO_FORWARD
602.4230,-14.8054,-47.6682,0.000,NORMAL,1,ROUTE,,,,,T1_REVERSE_TO_FORWARD
602.5229,-14.7694,-47.5750,0.000,NORMAL,1,ROUTE,,,,,T1_REVERSE_TO_FORWARD
602.6230,-14.7338,-47.4815,0.000,NORMAL,1,ROUTE,,,,,T1_REVERSE_TO_FORWARD
602.7229,-14.6986,-47.3880,0.000,NORMAL,1,ROUTE,,,,,T1_REVERSE_TO_FORWARD
602.8229,-14.6637,-47.2943,0.000,NORMAL,1,ROUTE,,,,,T1_REVERSE_TO_FORWARD
602.9229,-14.6290,-47.2005,0.000,NORMAL,1,ROUTE,,,,,T1_REVERSE_TO_FORWARD
603.0228,-14.5944,-47.1067,0.000,NORMAL,1,ROUTE,,,,,T1_REVERSE_TO_FORWARD
603.1228,-14.5600,-47.0129,0.000,NORMAL,1,ROUTE,,,,,T1_REVERSE_TO_FORWARD
603.2228,-14.5255,-46.9190,0.000,NORMAL,1,ROUTE,,,,,T1_REVERSE_TO_FORWARD
603.3227,-14.4911,-46.8252,0.000,NORMAL,1,ROUTE,,,,,T1_REVERSE_TO_FORWARD
603.4227,-14.4566,-46.7313,0.000,NORMAL,1,ROUTE,,,,,T1_REVERSE_TO_FORWARD
603.5227,-14.4220,-46.6375,0.000,NORMAL,1,ROUTE,,,,,T1_REVERSE_TO_FORWARD
603.6226,-14.3873,-46.5438,0.000,NORMAL,1,ROUTE,,,,,T1_REVERSE_TO_FORWARD
603.7226,-14.3525,-46.4501,0.000,NORMAL,1,ROUTE,,,,,T1_REVERSE_TO_FORWARD
603.8226,-14.3174,-46.3564,0.000,NORMAL,1,ROUTE,,,,,T1_REVERSE_TO_FORWARD
603.9226,-14.2821,-46.2629,0.000,NORMAL,1,ROUTE,,,,,T1_REVERSE_TO_FORWARD
604.0225,-14.2466,-46.1695,0.000,NORMAL,1,ROUTE,,,,,T1_REVERSE_TO_FORWARD
604.1225,-14.2107,-46.0762,0.000,NORMAL,1,ROUTE,,,,,T1_REVERSE_TO_FORWARD
604.2225,-14.1744,-45.9830,0.000,NORMAL,1,ROUTE,,,,,T1_REVERSE_TO_FORWARD
604.3224,-14.1378,-45.8900,0.000,NORMAL,1,ROUTE,,,,,T1_REVERSE_TO_FORWARD
604.4224,-14.1007,-45.7972,0.000,NORMAL,1,ROUTE,,,,,T1_REVERSE_TO_FORWARD
604.5224,-14.0631,-45.7045,0.000,NORMAL,1,ROUTE,,,,,T1_REVERSE_TO_FORWARD
604.6224,-14.0251,-45.6120,0.000,NORMAL,1,ROUTE,,,,,T1_REVERSE_TO_FORWARD
604.7223,-13.9866,-45.5198,0.000,NORMAL,1,ROUTE,,,,,T1_REVERSE_TO_FORWARD
604.8223,-13.9478,-45.4277,0.000,NORMAL,1,ROUTE,,,,,T1_REVERSE_TO_FORWARD
604.9223,-13.9086,-45.3357,0.000,NORMAL,1,ROUTE,,,,,T1_REVERSE_TO_FORWARD
605.0223,-13.8692,-45.2438,0.000,NORMAL,1,ROUTE,,,,,T1_REVERSE_TO_FORWARD
605.1222,-13.8296,-45.1520,0.000,NORMAL,1,ROUTE,,,,,T1_REVERSE_TO_FORWARD
605.2222,-13.7900,-45.0602,0.000,NORMAL,1,ROUTE,,,,,T1_REVERSE_TO_FORWARD
605.3222,-13.7504,-44.9684,0.000,NORMAL,1,ROUTE,,,,,T1_REVERSE_TO_FORWARD
605.4221,-13.7109,-44.8766,0.000,NORMAL,1,ROUTE,,,,,T1_REVERSE_TO_FORWARD
605.5222,-13.6716,-44.7846,0.000,NORMAL,1,ROUTE,,,,,T1_REVERSE_TO_FORWARD
605.6221,-13.6325,-44.6926,0.000,NORMAL,1,ROUTE,,,,,T1_REVERSE_TO_FORWARD
605.7221,-13.5936,-44.6005,0.000,NORMAL,1,ROUTE,,,,,T1_REVERSE_TO_FORWARD
605.8221,-13.5550,-44.5083,0.000,NORMAL,1,ROUTE,,,,,T1_REVERSE_TO_FORWARD
605.9220,-13.5166,-44.4160,0.000,NORMAL,1,ROUTE,,,,,T1_REVERSE_TO_FORWARD
606.0220,-13.4785,-44.3236,0.000,NORMAL,1,ROUTE,,,,,T1_REVERSE_TO_FORWARD
606.1220,-13.4405,-44.2311,0.000,NORMAL,1,ROUTE,,,,,T1_REVERSE_TO_FORWARD
606.2220,-13.4028,-44.1385,0.000,NORMAL,1,ROUTE,,,,,T1_REVERSE_TO_FORWARD
606.3219,-13.3652,-44.0459,0.000,NORMAL,1,ROUTE,,,,,T1_REVERSE_TO_FORWARD
606.4219,-13.3278,-43.9532,0.000,NORMAL,1,ROUTE,,,,,T1_REVERSE_TO_FORWARD
606.5218,-13.2904,-43.8605,0.000,NORMAL,1,ROUTE,,,,,T1_REVERSE_TO_FORWARD
606.6218,-13.2531,-43.7677,0.000,NORMAL,1,ROUTE,,,,,T1_REVERSE_TO_FORWARD
606.7218,-13.2157,-43.6750,0.000,NORMAL,1,ROUTE,,,,,T1_REVERSE_TO_FORWARD
606.8218,-13.1784,-43.5822,0.000,NORMAL,1,ROUTE,,,,,T1_REVERSE_TO_FORWARD
606.9218,-13.1410,-43.4895,0.000,NORMAL,1,ROUTE,,,,,T1_REVERSE_TO_FORWARD
607.0217,-13.1034,-43.3969,0.000,NORMAL,1,ROUTE,,,,,T1_REVERSE_TO_FORWARD
607.1217,-13.0658,-43.3043,0.000,NORMAL,1,ROUTE,,,,,T1_REVERSE_TO_FORWARD
607.2217,-13.0280,-43.2117,0.000,NORMAL,1,ROUTE,,,,,T1_REVERSE_TO_FORWARD
607.3217,-12.9900,-43.1192,0.000,NORMAL,1,ROUTE,,,,,T1_REVERSE_TO_FORWARD
607.4216,-12.9519,-43.0268,0.000,NORMAL,1,ROUTE,,,,,T1_REVERSE_TO_FORWARD
607.5216,-12.9136,-42.9345,0.000,NORMAL,1,ROUTE,,,,,T1_REVERSE_TO_FORWARD
607.6216,-12.8751,-42.8422,0.000,NORMAL,1,ROUTE,,,,,T1_REVERSE_TO_FORWARD
607.7030,-12.8436,-42.7671,0.000,PARALLEL_PARK,1,PARALLEL_PARK,PARALLEL_PARK_START,ENTER_ZONE,,,PARALLEL_2_BYPASS_FORWARD
607.8030,-12.8025,-42.6759,0.000,PARALLEL_PARK,1,PARALLEL_PARK,,,,,PARALLEL_2_BYPASS_FORWARD
607.9030,-12.7637,-42.5838,0.000,PARALLEL_PARK,1,PARALLEL_PARK,,,,,PARALLEL_2_BYPASS_FORWARD
608.0030,-12.7272,-42.4907,0.000,PARALLEL_PARK,1,PARALLEL_PARK,,,,,PARALLEL_2_BYPASS_FORWARD
608.1029,-12.6929,-42.3968,0.000,PARALLEL_PARK,1,PARALLEL_PARK,,,,,PARALLEL_2_BYPASS_FORWARD
608.2030,-12.6608,-42.3020,0.000,PARALLEL_PARK,1,PARALLEL_PARK,,,,,PARALLEL_2_BYPASS_FORWARD
608.3030,-12.6310,-42.2066,0.000,PARALLEL_PARK,1,PARALLEL_PARK,,,,,PARALLEL_2_BYPASS_FORWARD
608.4030,-12.6034,-42.1105,0.000,PARALLEL_PARK,1,PARALLEL_PARK,,,,,PARALLEL_2_BYPASS_FORWARD
608.5030,-12.5780,-42.0137,0.000,PARALLEL_PARK,1,PARALLEL_PARK,,,,,PARALLEL_2_BYPASS_FORWARD
608.6030,-12.5548,-41.9165,0.000,PARALLEL_PARK,1,PARALLEL_PARK,,,,,PARALLEL_2_BYPASS_FORWARD
608.7030,-12.5337,-41.8187,0.000,PARALLEL_PARK,1,PARALLEL_PARK,,,,,PARALLEL_2_BYPASS_FORWARD
608.8030,-12.5148,-41.7205,0.000,PARALLEL_PARK,1,PARALLEL_PARK,,,,,PARALLEL_2_BYPASS_FORWARD
608.9029,-12.4980,-41.6220,0.000,PARALLEL_PARK,1,PARALLEL_PARK,,,,,PARALLEL_2_BYPASS_FORWARD
609.0029,-12.4832,-41.5231,0.000,PARALLEL_PARK,1,PARALLEL_PARK,,,,,PARALLEL_2_BYPASS_FORWARD
609.1030,-12.4704,-41.4239,0.000,PARALLEL_PARK,1,PARALLEL_PARK,,,,,PARALLEL_2_BYPASS_FORWARD
609.2030,-12.4596,-41.3245,0.000,PARALLEL_PARK,1,PARALLEL_PARK,,,,,PARALLEL_2_BYPASS_FORWARD
609.3030,-12.4507,-41.2249,0.000,PARALLEL_PARK,1,PARALLEL_PARK,,,,,PARALLEL_2_BYPASS_FORWARD
609.4030,-12.4438,-41.1251,0.000,PARALLEL_PARK,1,PARALLEL_PARK,,,,,PARALLEL_2_BYPASS_FORWARD
609.5029,-12.4386,-41.0253,0.000,PARALLEL_PARK,1,PARALLEL_PARK,,,,,PARALLEL_2_BYPASS_FORWARD
609.6030,-12.4353,-40.9253,0.000,PARALLEL_PARK,1,PARALLEL_PARK,,,,,PARALLEL_2_BYPASS_FORWARD
609.7030,-12.4338,-40.8253,0.000,PARALLEL_PARK,1,PARALLEL_PARK,,,,,PARALLEL_2_BYPASS_FORWARD
609.8030,-12.4340,-40.7253,0.000,PARALLEL_PARK,1,PARALLEL_PARK,,,,,PARALLEL_2_BYPASS_FORWARD
609.9030,-12.4359,-40.6253,0.000,PARALLEL_PARK,1,PARALLEL_PARK,,,,,PARALLEL_2_BYPASS_FORWARD
610.0030,-12.4394,-40.5254,0.000,PARALLEL_PARK,1,PARALLEL_PARK,,,,,PARALLEL_2_BYPASS_FORWARD
610.1030,-12.4445,-40.4255,0.000,PARALLEL_PARK,1,PARALLEL_PARK,,,,,PARALLEL_2_BYPASS_FORWARD
610.2029,-12.4512,-40.3258,0.000,PARALLEL_PARK,1,PARALLEL_PARK,,,,,PARALLEL_2_BYPASS_FORWARD
610.3030,-12.4594,-40.2261,0.000,PARALLEL_PARK,1,PARALLEL_PARK,,,,,PARALLEL_2_BYPASS_FORWARD
610.4029,-12.4691,-40.1266,0.000,PARALLEL_PARK,1,PARALLEL_PARK,,,,,PARALLEL_2_BYPASS_FORWARD
610.5030,-12.4802,-40.0272,0.000,PARALLEL_PARK,1,PARALLEL_PARK,,,,,PARALLEL_2_BYPASS_FORWARD
610.6029,-12.4927,-39.9280,0.000,PARALLEL_PARK,1,PARALLEL_PARK,,,,,PARALLEL_2_BYPASS_FORWARD
610.7030,-12.5065,-39.8289,0.000,PARALLEL_PARK,1,PARALLEL_PARK,,,,,PARALLEL_2_BYPASS_FORWARD
610.8030,-12.5217,-39.7301,0.000,PARALLEL_PARK,1,PARALLEL_PARK,,,,,PARALLEL_2_BYPASS_FORWARD
610.9029,-12.5382,-39.6315,0.000,PARALLEL_PARK,1,PARALLEL_PARK,,,,,PARALLEL_2_BYPASS_FORWARD
611.0030,-12.5559,-39.5330,0.000,PARALLEL_PARK,1,PARALLEL_PARK,,,,,PARALLEL_2_BYPASS_FORWARD
611.1029,-12.5748,-39.4349,0.000,PARALLEL_PARK,1,PARALLEL_PARK,,,,,PARALLEL_2_BYPASS_FORWARD
611.2030,-12.5950,-39.3369,0.000,PARALLEL_PARK,1,PARALLEL_PARK,,,,,PARALLEL_2_BYPASS_FORWARD
611.3029,-12.6162,-39.2392,0.000,PARALLEL_PARK,1,PARALLEL_PARK,,,,,PARALLEL_2_BYPASS_FORWARD
611.4030,-12.6386,-39.1417,0.000,PARALLEL_PARK,1,PARALLEL_PARK,,,,,PARALLEL_2_BYPASS_FORWARD
611.5030,-12.6621,-39.0445,0.000,PARALLEL_PARK,1,PARALLEL_PARK,,,,,PARALLEL_2_BYPASS_FORWARD
611.6030,-12.6867,-38.9476,0.000,PARALLEL_PARK,1,PARALLEL_PARK,,,,,PARALLEL_2_BYPASS_FORWARD
611.7030,-12.7123,-38.8509,0.000,PARALLEL_PARK,1,PARALLEL_PARK,,,,,PARALLEL_2_BYPASS_FORWARD
611.8030,-12.7389,-38.7545,0.000,PARALLEL_PARK,1,PARALLEL_PARK,,,,,PARALLEL_2_BYPASS_FORWARD
611.9029,-12.7664,-38.6584,0.000,PARALLEL_PARK,1,PARALLEL_PARK,,,,,PARALLEL_2_BYPASS_FORWARD
612.0029,-12.7950,-38.5626,0.000,PARALLEL_PARK,1,PARALLEL_PARK,,,,,PARALLEL_2_BYPASS_FORWARD
612.1030,-12.8245,-38.4670,0.000,PARALLEL_PARK,1,PARALLEL_PARK,,,,,PARALLEL_2_BYPASS_FORWARD
612.2030,-12.8548,-38.3717,0.000,PARALLEL_PARK,1,PARALLEL_PARK,,,,,PARALLEL_2_BYPASS_FORWARD
612.3030,-12.8861,-38.2767,0.000,PARALLEL_PARK,1,PARALLEL_PARK,,,,,PARALLEL_2_BYPASS_FORWARD
612.4029,-12.9182,-38.1821,0.000,PARALLEL_PARK,1,PARALLEL_PARK,,,,,PARALLEL_2_BYPASS_FORWARD
612.5030,-12.9512,-38.0876,0.000,PARALLEL_PARK,1,PARALLEL_PARK,,,,,PARALLEL_2_BYPASS_FORWARD
612.6030,-12.9850,-37.9935,0.000,PARALLEL_PARK,1,PARALLEL_PARK,,,,,PARALLEL_2_BYPASS_FORWARD
612.7030,-13.0196,-37.8997,0.000,PARALLEL_PARK,1,PARALLEL_PARK,,,,,PARALLEL_2_BYPASS_FORWARD
612.8029,-13.0550,-37.8062,0.000,PARALLEL_PARK,1,PARALLEL_PARK,,,,,PARALLEL_2_BYPASS_FORWARD
612.9029,-13.0912,-37.7130,0.000,PARALLEL_PARK,1,PARALLEL_PARK,,,,,PARALLEL_2_BYPASS_FORWARD
613.0030,-13.1281,-37.6200,0.000,PARALLEL_PARK,1,PARALLEL_PARK,,,,,PARALLEL_2_BYPASS_FORWARD
613.1029,-13.1657,-37.5274,0.000,PARALLEL_PARK,1,PARALLEL_PARK,,,,,PARALLEL_2_BYPASS_FORWARD
613.2030,-13.2041,-37.4350,0.000,PARALLEL_PARK,1,PARALLEL_PARK,,,,,PARALLEL_2_BYPASS_FORWARD
613.3029,-13.2431,-37.3430,0.000,PARALLEL_PARK,1,PARALLEL_PARK,,,,,PARALLEL_2_BYPASS_FORWARD
613.4030,-13.2829,-37.2512,0.000,PARALLEL_PARK,1,PARALLEL_PARK,,,,,PARALLEL_2_BYPASS_FORWARD
613.5030,-13.3233,-37.1597,0.000,PARALLEL_PARK,1,PARALLEL_PARK,,,,,PARALLEL_2_BYPASS_FORWARD
613.6030,-13.3643,-37.0685,0.000,PARALLEL_PARK,1,PARALLEL_PARK,,,,,PARALLEL_2_BYPASS_FORWARD
613.7030,-13.4060,-36.9776,0.000,PARALLEL_PARK,1,PARALLEL_PARK,,,,,PARALLEL_2_BYPASS_FORWARD
613.8030,-13.4484,-36.8870,0.000,PARALLEL_PARK,1,PARALLEL_PARK,,,,,PARALLEL_2_BYPASS_FORWARD
613.9030,-13.4913,-36.7967,0.000,PARALLEL_PARK,1,PARALLEL_PARK,,,,,PARALLEL_2_BYPASS_FORWARD
614.0030,-13.5349,-36.7067,0.000,PARALLEL_PARK,1,PARALLEL_PARK,,,,,PARALLEL_2_BYPASS_FORWARD
614.1029,-13.5790,-36.6170,0.000,PARALLEL_PARK,1,PARALLEL_PARK,,,,,PARALLEL_2_BYPASS_FORWARD
614.2030,-13.6237,-36.5275,0.000,PARALLEL_PARK,1,PARALLEL_PARK,,,,,PARALLEL_2_BYPASS_FORWARD
614.3029,-13.6690,-36.4384,0.000,PARALLEL_PARK,1,PARALLEL_PARK,,,,,PARALLEL_2_BYPASS_FORWARD
614.4030,-13.7149,-36.3495,0.000,PARALLEL_PARK,1,PARALLEL_PARK,,,,,PARALLEL_2_BYPASS_FORWARD
614.5030,-13.7613,-36.2609,0.000,PARALLEL_PARK,1,PARALLEL_PARK,,,,,PARALLEL_2_BYPASS_FORWARD
614.6030,-13.8082,-36.1726,0.000,PARALLEL_PARK,1,PARALLEL_PARK,,,,,PARALLEL_2_BYPASS_FORWARD
614.7029,-13.8556,-36.0846,0.000,PARALLEL_PARK,1,PARALLEL_PARK,,,,,PARALLEL_2_BYPASS_FORWARD
614.8029,-13.9036,-35.9969,0.000,PARALLEL_PARK,1,PARALLEL_PARK,,,,,PARALLEL_2_BYPASS_FORWARD
614.9030,-13.9521,-35.9094,0.000,PARALLEL_PARK,1,PARALLEL_PARK,,,,,PARALLEL_2_BYPASS_FORWARD
615.0030,-14.0011,-35.8222,0.000,PARALLEL_PARK,1,PARALLEL_PARK,,,,,PARALLEL_2_BYPASS_FORWARD
615.1029,-14.0505,-35.7353,0.000,PARALLEL_PARK,1,PARALLEL_PARK,,,,,PARALLEL_2_BYPASS_FORWARD
615.2029,-14.1005,-35.6487,0.000,PARALLEL_PARK,1,PARALLEL_PARK,,,,,PARALLEL_2_BYPASS_FORWARD
615.3030,-14.1509,-35.5623,0.000,PARALLEL_PARK,1,PARALLEL_PARK,,,,,PARALLEL_2_BYPASS_FORWARD
615.4030,-14.2018,-35.4762,0.000,PARALLEL_PARK,1,PARALLEL_PARK,,,,,PARALLEL_2_BYPASS_FORWARD
615.5030,-14.2531,-35.3904,0.000,PARALLEL_PARK,1,PARALLEL_PARK,,,,,PARALLEL_2_BYPASS_FORWARD
615.6029,-14.3049,-35.3049,0.000,PARALLEL_PARK,1,PARALLEL_PARK,,,,,PARALLEL_2_BYPASS_FORWARD
615.7030,-14.3572,-35.2196,0.000,PARALLEL_PARK,1,PARALLEL_PARK,,,,,PARALLEL_2_BYPASS_FORWARD
615.8030,-14.4099,-35.1346,0.000,PARALLEL_PARK,1,PARALLEL_PARK,,,,,PARALLEL_2_BYPASS_FORWARD
615.9030,-14.4630,-35.0499,0.000,PARALLEL_PARK,1,PARALLEL_PARK,,,,,PARALLEL_2_BYPASS_FORWARD
616.0030,-14.5165,-34.9654,0.000,PARALLEL_PARK,1,PARALLEL_PARK,,,,,PARALLEL_2_BYPASS_FORWARD
616.1030,-14.5705,-34.8812,0.000,PARALLEL_PARK,1,PARALLEL_PARK,,,,,PARALLEL_2_BYPASS_FORWARD
616.2030,-14.6249,-34.7973,0.000,PARALLEL_PARK,1,PARALLEL_PARK,,,,,PARALLEL_2_BYPASS_FORWARD
616.3029,-14.6796,-34.7137,0.000,PARALLEL_PARK,1,PARALLEL_PARK,,,,,PARALLEL_2_BYPASS_FORWARD
616.4029,-14.7348,-34.6303,0.000,PARALLEL_PARK,1,PARALLEL_PARK,,,,,PARALLEL_2_BYPASS_FORWARD
616.5030,-14.7904,-34.5471,0.000,PARALLEL_PARK,1,PARALLEL_PARK,,,,,PARALLEL_2_BYPASS_FORWARD
616.6030,-14.8463,-34.4642,0.000,PARALLEL_PARK,1,PARALLEL_PARK,,,,,PARALLEL_2_BYPASS_FORWARD
616.7030,-14.9027,-34.3816,0.000,PARALLEL_PARK,1,PARALLEL_PARK,,,,,PARALLEL_2_BYPASS_FORWARD
616.8029,-14.9594,-34.2993,0.000,PARALLEL_PARK,1,PARALLEL_PARK,,,,,PARALLEL_2_BYPASS_FORWARD
616.9029,-15.0165,-34.2172,0.000,PARALLEL_PARK,1,PARALLEL_PARK,,,,,PARALLEL_2_BYPASS_FORWARD
617.0029,-15.0740,-34.1354,0.000,PARALLEL_PARK,1,PARALLEL_PARK,,,,,PARALLEL_2_BYPASS_FORWARD
617.1029,-15.1318,-34.0538,0.000,PARALLEL_PARK,1,PARALLEL_PARK,,,,,PARALLEL_2_BYPASS_FORWARD
617.2029,-15.1900,-33.9725,0.000,PARALLEL_PARK,1,PARALLEL_PARK,,,,,PARALLEL_2_BYPASS_FORWARD
617.3030,-15.2486,-33.8914,0.000,PARALLEL_PARK,1,PARALLEL_PARK,,,,,PARALLEL_2_BYPASS_FORWARD
617.4029,-15.3075,-33.8106,0.000,PARALLEL_PARK,1,PARALLEL_PARK,,,,,PARALLEL_2_BYPASS_FORWARD
617.5030,-15.3668,-33.7300,0.000,PARALLEL_PARK,1,PARALLEL_PARK,,,,,PARALLEL_2_BYPASS_FORWARD
617.6029,-15.4264,-33.6498,0.000,PARALLEL_PARK,1,PARALLEL_PARK,,,,,PARALLEL_2_BYPASS_FORWARD
617.7029,-15.4863,-33.5697,0.000,PARALLEL_PARK,1,PARALLEL_PARK,,,,,PARALLEL_2_BYPASS_FORWARD
617.8030,-15.5466,-33.4899,0.000,PARALLEL_PARK,1,PARALLEL_PARK,,,,,PARALLEL_2_BYPASS_FORWARD
617.9029,-15.6072,-33.4104,0.000,PARALLEL_PARK,1,PARALLEL_PARK,,,,,PARALLEL_2_BYPASS_FORWARD
618.0030,-15.6682,-33.3311,0.000,PARALLEL_PARK,1,PARALLEL_PARK,,,,,PARALLEL_2_BYPASS_FORWARD
618.1030,-15.7295,-33.2521,0.000,PARALLEL_PARK,1,PARALLEL_PARK,,,,,PARALLEL_2_BYPASS_FORWARD
618.2030,-15.7911,-33.1733,0.000,PARALLEL_PARK,1,PARALLEL_PARK,,,,,PARALLEL_2_BYPASS_FORWARD
618.3030,-15.8530,-33.0948,0.000,PARALLEL_PARK,1,PARALLEL_PARK,,,,,PARALLEL_2_BYPASS_FORWARD
618.4030,-15.9152,-33.0165,0.000,PARALLEL_PARK,1,PARALLEL_PARK,,,,,PARALLEL_2_BYPASS_FORWARD
618.5030,-15.9778,-32.9385,0.000,PARALLEL_PARK,1,PARALLEL_PARK,,,,,PARALLEL_2_BYPASS_FORWARD
618.6029,-16.0407,-32.8608,0.000,PARALLEL_PARK,1,PARALLEL_PARK,,,,,PARALLEL_2_BYPASS_FORWARD
618.7029,-16.1039,-32.7833,0.000,PARALLEL_PARK,1,PARALLEL_PARK,,,,,PARALLEL_2_BYPASS_FORWARD
618.8030,-16.1674,-32.7060,0.000,PARALLEL_PARK,1,PARALLEL_PARK,,,,,PARALLEL_2_BYPASS_FORWARD
618.9030,-16.2312,-32.6290,0.000,PARALLEL_PARK,1,PARALLEL_PARK,,,,,PARALLEL_2_BYPASS_FORWARD
619.0030,-16.2953,-32.5522,0.000,PARALLEL_PARK,1,PARALLEL_PARK,,,,,PARALLEL_2_BYPASS_FORWARD
619.1030,-16.3597,-32.4757,0.000,PARALLEL_PARK,1,PARALLEL_PARK,,,,,PARALLEL_2_BYPASS_FORWARD
619.2030,-16.4244,-32.3995,0.000,PARALLEL_PARK,1,PARALLEL_PARK,,,,,PARALLEL_2_BYPASS_FORWARD
619.3029,-16.4893,-32.3235,0.000,PARALLEL_PARK,1,PARALLEL_PARK,,,,,PARALLEL_2_BYPASS_FORWARD
619.4030,-16.5546,-32.2477,0.000,PARALLEL_PARK,1,PARALLEL_PARK,,,,,PARALLEL_2_BYPASS_FORWARD
619.5029,-16.6202,-32.1723,0.000,PARALLEL_PARK,1,PARALLEL_PARK,,,,,PARALLEL_2_BYPASS_FORWARD
619.6030,-16.6861,-32.0970,0.000,PARALLEL_PARK,1,PARALLEL_PARK,,,,,PARALLEL_2_BYPASS_FORWARD
619.7029,-16.7522,-32.0220,0.000,PARALLEL_PARK,1,PARALLEL_PARK,,,,,PARALLEL_2_BYPASS_FORWARD
619.8030,-16.8187,-31.9473,0.000,PARALLEL_PARK,1,PARALLEL_PARK,,,,,PARALLEL_2_BYPASS_FORWARD
619.9029,-16.8854,-31.8728,0.000,PARALLEL_PARK,1,PARALLEL_PARK,,,,,PARALLEL_2_BYPASS_FORWARD
620.0029,-16.9524,-31.7986,0.000,PARALLEL_PARK,1,PARALLEL_PARK,,,,,PARALLEL_2_BYPASS_FORWARD
620.1029,-17.0197,-31.7246,0.000,PARALLEL_PARK,1,PARALLEL_PARK,,,,,PARALLEL_2_BYPASS_FORWARD
620.2030,-17.0873,-31.6509,0.000,PARALLEL_PARK,1,PARALLEL_PARK,,,,,PARALLEL_2_BYPASS_FORWARD
620.3029,-17.1551,-31.5774,0.000,PARALLEL_PARK,1,PARALLEL_PARK,,,,,PARALLEL_2_BYPASS_FORWARD
620.4029,-17.2232,-31.5042,0.000,PARALLEL_PARK,1,PARALLEL_PARK,,,,,PARALLEL_2_BYPASS_FORWARD
620.5029,-17.2916,-31.4313,0.000,PARALLEL_PARK,1,PARALLEL_PARK,,,,,PARALLEL_2_BYPASS_FORWARD
620.6029,-17.3603,-31.3586,0.000,PARALLEL_PARK,1,PARALLEL_PARK,,,,,PARALLEL_2_BYPASS_FORWARD
620.7029,-17.4292,-31.2861,0.000,PARALLEL_PARK,1,PARALLEL_PARK,,,,,PARALLEL_2_BYPASS_FORWARD
620.8029,-17.4985,-31.2140,0.000,PARALLEL_PARK,1,PARALLEL_PARK,,,,,PARALLEL_2_BYPASS_FORWARD
620.9029,-17.5679,-31.1420,0.000,PARALLEL_PARK,1,PARALLEL_PARK,,,,,PARALLEL_2_BYPASS_FORWARD
621.0029,-17.6377,-31.0704,0.000,PARALLEL_PARK,1,PARALLEL_PARK,,,,,PARALLEL_2_BYPASS_FORWARD
621.1029,-17.7077,-30.9990,0.000,PARALLEL_PARK,1,PARALLEL_PARK,,,,,PARALLEL_2_BYPASS_FORWARD
621.2029,-17.7780,-30.9279,0.000,PARALLEL_PARK,1,PARALLEL_PARK,,,,,PARALLEL_2_BYPASS_FORWARD
621.3030,-17.8486,-30.8570,0.000,PARALLEL_PARK,1,PARALLEL_PARK,,,,,PARALLEL_2_BYPASS_FORWARD
621.4030,-17.9194,-30.7864,0.000,PARALLEL_PARK,1,PARALLEL_PARK,,,,,PARALLEL_2_BYPASS_FORWARD
621.5029,-17.9905,-30.7161,0.000,PARALLEL_PARK,1,PARALLEL_PARK,,,,,PARALLEL_2_BYPASS_FORWARD
621.6029,-18.0618,-30.6460,0.000,PARALLEL_PARK,1,PARALLEL_PARK,,,,,PARALLEL_2_BYPASS_FORWARD
621.7029,-18.1334,-30.5762,0.000,PARALLEL_PARK,1,PARALLEL_PARK,,,,,PARALLEL_2_BYPASS_FORWARD
621.8029,-18.2053,-30.5067,0.000,PARALLEL_PARK,1,PARALLEL_PARK,,,,,PARALLEL_2_BYPASS_FORWARD
621.9030,-18.2775,-30.4374,0.000,PARALLEL_PARK,1,PARALLEL_PARK,,,,,PARALLEL_2_BYPASS_FORWARD
622.0029,-18.3498,-30.3684,0.000,PARALLEL_PARK,1,PARALLEL_PARK,,,,,PARALLEL_2_BYPASS_FORWARD
622.1030,-18.4225,-30.2997,0.000,PARALLEL_PARK,1,PARALLEL_PARK,,,,,PARALLEL_2_BYPASS_FORWARD
622.2029,-18.4954,-30.2313,0.000,PARALLEL_PARK,1,PARALLEL_PARK,,,,,PARALLEL_2_BYPASS_FORWARD
622.3029,-18.5686,-30.1632,0.000,PARALLEL_PARK,1,PARALLEL_PARK,,,,,PARALLEL_2_BYPASS_FORWARD
622.4029,-18.6420,-30.0953,0.000,PARALLEL_PARK,1,PARALLEL_PARK,,,,,PARALLEL_2_BYPASS_FORWARD
622.5029,-18.7157,-30.0277,0.000,PARALLEL_PARK,1,PARALLEL_PARK,,,,,PARALLEL_2_BYPASS_FORWARD
622.6029,-18.7897,-29.9604,0.000,PARALLEL_PARK,1,PARALLEL_PARK,,,,,PARALLEL_2_BYPASS_FORWARD
622.7029,-18.8639,-29.8934,0.000,PARALLEL_PARK,1,PARALLEL_PARK,,,,,PARALLEL_2_BYPASS_FORWARD
622.8030,-18.9384,-29.8266,0.000,PARALLEL_PARK,1,PARALLEL_PARK,,,,,PARALLEL_2_BYPASS_FORWARD
622.9029,-19.0131,-29.7602,0.000,PARALLEL_PARK,1,PARALLEL_PARK,,,,,PARALLEL_2_BYPASS_FORWARD
623.0029,-19.0881,-29.6940,0.000,PARALLEL_PARK,1,PARALLEL_PARK,,,,,PARALLEL_2_BYPASS_FORWARD
623.1029,-19.1634,-29.6282,0.000,PARALLEL_PARK,1,PARALLEL_PARK,,,,,PARALLEL_2_BYPASS_FORWARD
623.2030,-19.2389,-29.5626,0.000,PARALLEL_PARK,1,PARALLEL_PARK,,,,,PARALLEL_2_BYPASS_FORWARD
623.3029,-19.3147,-29.4974,0.000,PARALLEL_PARK,1,PARALLEL_PARK,,,,,PARALLEL_2_BYPASS_FORWARD
623.4030,-19.3907,-29.4324,0.000,PARALLEL_PARK,1,PARALLEL_PARK,,,,,PARALLEL_2_BYPASS_FORWARD
623.5029,-19.4670,-29.3678,0.000,PARALLEL_PARK,1,PARALLEL_PARK,,,,,PARALLEL_2_BYPASS_FORWARD
623.6030,-19.5436,-29.3034,0.000,PARALLEL_PARK,1,PARALLEL_PARK,,,,,PARALLEL_2_BYPASS_FORWARD
623.7030,-19.6204,-29.2394,0.000,PARALLEL_PARK,1,PARALLEL_PARK,,,,,PARALLEL_2_BYPASS_FORWARD
623.8029,-19.6974,-29.1757,0.000,PARALLEL_PARK,1,PARALLEL_PARK,,,,,PARALLEL_2_BYPASS_FORWARD
623.9030,-19.7748,-29.1123,0.000,PARALLEL_PARK,1,PARALLEL_PARK,,,,,PARALLEL_2_BYPASS_FORWARD
624.0030,-19.8524,-29.0492,0.000,PARALLEL_PARK,1,PARALLEL_PARK,,,,,PARALLEL_2_BYPASS_FORWARD
624.1029,-19.9302,-28.9865,0.000,PARALLEL_PARK,1,PARALLEL_PARK,,,,,PARALLEL_2_BYPASS_FORWARD
624.2030,-20.0084,-28.9240,0.000,PARALLEL_PARK,1,PARALLEL_PARK,,,,,PARALLEL_2_BYPASS_FORWARD
624.3029,-20.0867,-28.8619,0.000,PARALLEL_PARK,1,PARALLEL_PARK,,,,,PARALLEL_2_BYPASS_FORWARD
624.4029,-20.1654,-28.8002,0.000,PARALLEL_PARK,1,PARALLEL_PARK,,,,,PARALLEL_2_BYPASS_FORWARD
624.5029,-20.2443,-28.7388,0.000,PARALLEL_PARK,1,PARALLEL_PARK,,,,,PARALLEL_2_BYPASS_FORWARD
624.6029,-20.3235,-28.6777,0.000,PARALLEL_PARK,1,PARALLEL_PARK,,,,,PARALLEL_2_BYPASS_FORWARD
624.7030,-20.4029,-28.6169,0.000,PARALLEL_PARK,1,PARALLEL_PARK,,,,,PARALLEL_2_BYPASS_FORWARD
624.8029,-20.4826,-28.5566,0.000,PARALLEL_PARK,1,PARALLEL_PARK,,,,,PARALLEL_2_BYPASS_FORWARD
624.9030,-20.5626,-28.4965,0.000,PARALLEL_PARK,1,PARALLEL_PARK,,,,,PARALLEL_2_BYPASS_FORWARD
625.0030,-20.6429,-28.4369,0.000,PARALLEL_PARK,1,PARALLEL_PARK,,,,,PARALLEL_2_BYPASS_FORWARD
625.1029,-20.7234,-28.3776,0.000,PARALLEL_PARK,1,PARALLEL_PARK,,,,,PARALLEL_2_BYPASS_FORWARD
625.2030,-20.8042,-28.3186,0.000,PARALLEL_PARK,1,PARALLEL_PARK,,,,,PARALLEL_2_BYPASS_FORWARD
625.3029,-20.8852,-28.2601,0.000,PARALLEL_PARK,1,PARALLEL_PARK,,,,,PARALLEL_2_BYPASS_FORWARD
625.4030,-20.9666,-28.2019,0.000,PARALLEL_PARK,1,PARALLEL_PARK,,,,,PARALLEL_2_BYPASS_FORWARD
625.5030,-21.0482,-28.1441,0.000,PARALLEL_PARK,1,PARALLEL_PARK,,,,,PARALLEL_2_BYPASS_FORWARD
625.5547,-21.0906,-28.1144,0.000,PARALLEL_PARK,-1,PARALLEL_PARK,PARALLEL_2_FORWARD_TO_REVERSE,SET_REVERSE,,,PARALLEL_2_PARK_REVERSE
625.6501,-20.9962,-28.1276,0.000,PARALLEL_PARK,-1,PARALLEL_PARK,,,,,PARALLEL_2_PARK_REVERSE
625.7501,-20.8971,-28.1412,0.000,PARALLEL_PARK,-1,PARALLEL_PARK,,,,,PARALLEL_2_PARK_REVERSE
625.8500,-20.7980,-28.1543,0.000,PARALLEL_PARK,-1,PARALLEL_PARK,,,,,PARALLEL_2_PARK_REVERSE
625.9501,-20.6987,-28.1667,0.000,PARALLEL_PARK,-1,PARALLEL_PARK,,,,,PARALLEL_2_PARK_REVERSE
626.0501,-20.5994,-28.1781,0.000,PARALLEL_PARK,-1,PARALLEL_PARK,,,,,PARALLEL_2_PARK_REVERSE
626.1501,-20.4999,-28.1886,0.000,PARALLEL_PARK,-1,PARALLEL_PARK,,,,,PARALLEL_2_PARK_REVERSE
626.2500,-20.4004,-28.1978,0.000,PARALLEL_PARK,-1,PARALLEL_PARK,,,,,PARALLEL_2_PARK_REVERSE
626.3501,-20.3007,-28.2057,0.000,PARALLEL_PARK,-1,PARALLEL_PARK,,,,,PARALLEL_2_PARK_REVERSE
626.4501,-20.2009,-28.2123,0.000,PARALLEL_PARK,-1,PARALLEL_PARK,,,,,PARALLEL_2_PARK_REVERSE
626.5501,-20.1010,-28.2175,0.000,PARALLEL_PARK,-1,PARALLEL_PARK,,,,,PARALLEL_2_PARK_REVERSE
626.6501,-20.0011,-28.2212,0.000,PARALLEL_PARK,-1,PARALLEL_PARK,,,,,PARALLEL_2_PARK_REVERSE
626.7501,-19.9011,-28.2233,0.000,PARALLEL_PARK,-1,PARALLEL_PARK,,,,,PARALLEL_2_PARK_REVERSE
626.8501,-19.8011,-28.2240,0.000,PARALLEL_PARK,-1,PARALLEL_PARK,,,,,PARALLEL_2_PARK_REVERSE
626.9501,-19.7011,-28.2230,0.000,PARALLEL_PARK,-1,PARALLEL_PARK,,,,,PARALLEL_2_PARK_REVERSE
627.0500,-19.6012,-28.2206,0.000,PARALLEL_PARK,-1,PARALLEL_PARK,,,,,PARALLEL_2_PARK_REVERSE
627.1501,-19.5012,-28.2166,0.000,PARALLEL_PARK,-1,PARALLEL_PARK,,,,,PARALLEL_2_PARK_REVERSE
627.2501,-19.4014,-28.2111,0.000,PARALLEL_PARK,-1,PARALLEL_PARK,,,,,PARALLEL_2_PARK_REVERSE
627.3501,-19.3016,-28.2040,0.000,PARALLEL_PARK,-1,PARALLEL_PARK,,,,,PARALLEL_2_PARK_REVERSE
627.4501,-19.2020,-28.1955,0.000,PARALLEL_PARK,-1,PARALLEL_PARK,,,,,PARALLEL_2_PARK_REVERSE
627.5501,-19.1025,-28.1855,0.000,PARALLEL_PARK,-1,PARALLEL_PARK,,,,,PARALLEL_2_PARK_REVERSE
627.6500,-19.0032,-28.1741,0.000,PARALLEL_PARK,-1,PARALLEL_PARK,,,,,PARALLEL_2_PARK_REVERSE
627.7501,-18.9040,-28.1612,0.000,PARALLEL_PARK,-1,PARALLEL_PARK,,,,,PARALLEL_2_PARK_REVERSE
627.8501,-18.8050,-28.1470,0.000,PARALLEL_PARK,-1,PARALLEL_PARK,,,,,PARALLEL_2_PARK_REVERSE
627.9501,-18.7062,-28.1314,0.000,PARALLEL_PARK,-1,PARALLEL_PARK,,,,,PARALLEL_2_PARK_REVERSE
628.0500,-18.6077,-28.1145,0.000,PARALLEL_PARK,-1,PARALLEL_PARK,,,,,PARALLEL_2_PARK_REVERSE
628.1500,-18.5094,-28.0963,0.000,PARALLEL_PARK,-1,PARALLEL_PARK,,,,,PARALLEL_2_PARK_REVERSE
628.2500,-18.4113,-28.0768,0.000,PARALLEL_PARK,-1,PARALLEL_PARK,,,,,PARALLEL_2_PARK_REVERSE
628.3501,-18.3134,-28.0562,0.000,PARALLEL_PARK,-1,PARALLEL_PARK,,,,,PARALLEL_2_PARK_REVERSE
628.4500,-18.2159,-28.0343,0.000,PARALLEL_PARK,-1,PARALLEL_PARK,,,,,PARALLEL_2_PARK_REVERSE
628.5500,-18.1186,-28.0112,0.000,PARALLEL_PARK,-1,PARALLEL_PARK,,,,,PARALLEL_2_PARK_REVERSE
628.6501,-18.0215,-27.9870,0.000,PARALLEL_PARK,-1,PARALLEL_PARK,,,,,PARALLEL_2_PARK_REVERSE
628.7500,-17.9248,-27.9618,0.000,PARALLEL_PARK,-1,PARALLEL_PARK,,,,,PARALLEL_2_PARK_REVERSE
628.8501,-17.8283,-27.9354,0.000,PARALLEL_PARK,-1,PARALLEL_PARK,,,,,PARALLEL_2_PARK_REVERSE
628.9501,-17.7321,-27.9080,0.000,PARALLEL_PARK,-1,PARALLEL_PARK,,,,,PARALLEL_2_PARK_REVERSE
629.0501,-17.6362,-27.8797,0.000,PARALLEL_PARK,-1,PARALLEL_PARK,,,,,PARALLEL_2_PARK_REVERSE
629.1501,-17.5406,-27.8504,0.000,PARALLEL_PARK,-1,PARALLEL_PARK,,,,,PARALLEL_2_PARK_REVERSE
629.2501,-17.4453,-27.8201,0.000,PARALLEL_PARK,-1,PARALLEL_PARK,,,,,PARALLEL_2_PARK_REVERSE
629.3500,-17.3503,-27.7890,0.000,PARALLEL_PARK,-1,PARALLEL_PARK,,,,,PARALLEL_2_PARK_REVERSE
629.4501,-17.2555,-27.7570,0.000,PARALLEL_PARK,-1,PARALLEL_PARK,,,,,PARALLEL_2_PARK_REVERSE
629.5501,-17.1610,-27.7243,0.000,PARALLEL_PARK,-1,PARALLEL_PARK,,,,,PARALLEL_2_PARK_REVERSE
629.6501,-17.0668,-27.6907,0.000,PARALLEL_PARK,-1,PARALLEL_PARK,,,,,PARALLEL_2_PARK_REVERSE
629.7501,-16.9729,-27.6564,0.000,PARALLEL_PARK,-1,PARALLEL_PARK,,,,,PARALLEL_2_PARK_REVERSE
629.8501,-16.8792,-27.6214,0.000,PARALLEL_PARK,-1,PARALLEL_PARK,,,,,PARALLEL_2_PARK_REVERSE
629.9500,-16.7858,-27.5858,0.000,PARALLEL_PARK,-1,PARALLEL_PARK,,,,,PARALLEL_2_PARK_REVERSE
630.0501,-16.6926,-27.5495,0.000,PARALLEL_PARK,-1,PARALLEL_PARK,,,,,PARALLEL_2_PARK_REVERSE
630.1501,-16.5996,-27.5127,0.000,PARALLEL_PARK,-1,PARALLEL_PARK,,,,,PARALLEL_2_PARK_REVERSE
630.2500,-16.5069,-27.4753,0.000,PARALLEL_PARK,-1,PARALLEL_PARK,,,,,PARALLEL_2_PARK_REVERSE
630.3501,-16.4143,-27.4374,0.000,PARALLEL_PARK,-1,PARALLEL_PARK,,,,,PARALLEL_2_PARK_REVERSE
630.4501,-16.3219,-27.3992,0.000,PARALLEL_PARK,-1,PARALLEL_PARK,,,,,PARALLEL_2_PARK_REVERSE
630.5501,-16.2297,-27.3605,0.000,PARALLEL_PARK,-1,PARALLEL_PARK,,,,,PARALLEL_2_PARK_REVERSE
630.6500,-16.1377,-27.3214,0.000,PARALLEL_PARK,-1,PARALLEL_PARK,,,,,PARALLEL_2_PARK_REVERSE
630.7501,-16.0457,-27.2821,0.000,PARALLEL_PARK,-1,PARALLEL_PARK,,,,,PARALLEL_2_PARK_REVERSE
630.8500,-15.9539,-27.2426,0.000,PARALLEL_PARK,-1,PARALLEL_PARK,,,,,PARALLEL_2_PARK_REVERSE
630.9501,-15.8621,-27.2028,0.000,PARALLEL_PARK,-1,PARALLEL_PARK,,,,,PARALLEL_2_PARK_REVERSE
631.0501,-15.7704,-27.1629,0.000,PARALLEL_PARK,-1,PARALLEL_PARK,,,,,PARALLEL_2_PARK_REVERSE
631.1501,-15.6787,-27.1230,0.000,PARALLEL_PARK,-1,PARALLEL_PARK,,,,,PARALLEL_2_PARK_REVERSE
631.2500,-15.5871,-27.0830,0.000,PARALLEL_PARK,-1,PARALLEL_PARK,,,,,PARALLEL_2_PARK_REVERSE
631.3500,-15.4954,-27.0431,0.000,PARALLEL_PARK,-1,PARALLEL_PARK,,,,,PARALLEL_2_PARK_REVERSE
631.4501,-15.4036,-27.0033,0.000,PARALLEL_PARK,-1,PARALLEL_PARK,,,,,PARALLEL_2_PARK_REVERSE
631.5501,-15.3118,-26.9637,0.000,PARALLEL_PARK,-1,PARALLEL_PARK,,,,,PARALLEL_2_PARK_REVERSE
631.6500,-15.2199,-26.9244,0.000,PARALLEL_PARK,-1,PARALLEL_PARK,,,,,PARALLEL_2_PARK_REVERSE
631.7500,-15.1278,-26.8854,0.000,PARALLEL_PARK,-1,PARALLEL_PARK,,,,,PARALLEL_2_PARK_REVERSE
631.8501,-15.0355,-26.8468,0.000,PARALLEL_PARK,-1,PARALLEL_PARK,,,,,PARALLEL_2_PARK_REVERSE
631.9501,-14.9430,-26.8088,0.000,PARALLEL_PARK,-1,PARALLEL_PARK,,,,,PARALLEL_2_PARK_REVERSE
632.0500,-14.8503,-26.7714,0.000,PARALLEL_PARK,-1,PARALLEL_PARK,,,,,PARALLEL_2_PARK_REVERSE
632.1500,-14.7573,-26.7347,0.000,PARALLEL_PARK,-1,PARALLEL_PARK,,,,,PARALLEL_2_PARK_REVERSE
632.2500,-14.6639,-26.6989,0.000,PARALLEL_PARK,-1,PARALLEL_PARK,,,,,PARALLEL_2_PARK_REVERSE
632.3500,-14.5702,-26.6640,0.000,PARALLEL_PARK,-1,PARALLEL_PARK,,,,,PARALLEL_2_PARK_REVERSE
632.4500,-14.4761,-26.6302,0.000,PARALLEL_PARK,-1,PARALLEL_PARK,,,,,PARALLEL_2_PARK_REVERSE
632.5501,-14.3815,-26.5977,0.000,PARALLEL_PARK,-1,PARALLEL_PARK,,,,,PARALLEL_2_PARK_REVERSE
632.6500,-14.2865,-26.5666,0.000,PARALLEL_PARK,-1,PARALLEL_PARK,,,,,PARALLEL_2_PARK_REVERSE
632.7501,-14.1909,-26.5370,0.000,PARALLEL_PARK,-1,PARALLEL_PARK,,,,,PARALLEL_2_PARK_REVERSE
632.8500,-14.0949,-26.5092,0.000,PARALLEL_PARK,-1,PARALLEL_PARK,,,,,PARALLEL_2_PARK_REVERSE
632.9500,-13.9983,-26.4834,0.000,PARALLEL_PARK,-1,PARALLEL_PARK,,,,,PARALLEL_2_PARK_REVERSE
633.0501,-13.9011,-26.4596,0.000,PARALLEL_PARK,-1,PARALLEL_PARK,,,,,PARALLEL_2_PARK_REVERSE
633.1501,-13.8034,-26.4383,0.000,PARALLEL_PARK,-1,PARALLEL_PARK,,,,,PARALLEL_2_PARK_REVERSE
633.2501,-13.7052,-26.4196,0.000,PARALLEL_PARK,-1,PARALLEL_PARK,,,,,PARALLEL_2_PARK_REVERSE
633.3500,-13.6065,-26.4037,0.000,PARALLEL_PARK,-1,PARALLEL_PARK,,,,,PARALLEL_2_PARK_REVERSE
633.4500,-13.5073,-26.3909,0.000,PARALLEL_PARK,-1,PARALLEL_PARK,,,,,PARALLEL_2_PARK_REVERSE
633.5500,-13.4078,-26.3815,0.000,PARALLEL_PARK,-1,PARALLEL_PARK,,,,,PARALLEL_2_PARK_REVERSE
633.6501,-13.3079,-26.3756,0.000,PARALLEL_PARK,-1,PARALLEL_PARK,,,,,PARALLEL_2_PARK_REVERSE
633.7500,-13.2080,-26.3735,0.000,PARALLEL_PARK,-1,PARALLEL_PARK,,,,,PARALLEL_2_PARK_REVERSE
633.8500,-13.1080,-26.3754,0.000,PARALLEL_PARK,-1,PARALLEL_PARK,,,,,PARALLEL_2_PARK_REVERSE
633.9500,-13.0082,-26.3813,0.000,PARALLEL_PARK,-1,PARALLEL_PARK,,,,,PARALLEL_2_PARK_REVERSE
634.0500,-12.9087,-26.3913,0.000,PARALLEL_PARK,-1,PARALLEL_PARK,,,,,PARALLEL_2_PARK_REVERSE
634.1500,-12.8097,-26.4055,0.000,PARALLEL_PARK,-1,PARALLEL_PARK,,,,,PARALLEL_2_PARK_REVERSE
634.2500,-12.7114,-26.4237,0.000,PARALLEL_PARK,-1,PARALLEL_PARK,,,,,PARALLEL_2_PARK_REVERSE
634.3499,-12.6139,-26.4458,0.000,PARALLEL_PARK,-1,PARALLEL_PARK,,,,,PARALLEL_2_PARK_REVERSE
634.4500,-12.5172,-26.4715,0.000,PARALLEL_PARK,-1,PARALLEL_PARK,,,,,PARALLEL_2_PARK_REVERSE
634.5500,-12.4215,-26.5005,0.000,PARALLEL_PARK,-1,PARALLEL_PARK,,,,,PARALLEL_2_PARK_REVERSE
634.6500,-12.3267,-26.5324,0.000,PARALLEL_PARK,-1,PARALLEL_PARK,,,,,PARALLEL_2_PARK_REVERSE
634.7500,-12.2328,-26.5667,0.000,PARALLEL_PARK,-1,PARALLEL_PARK,,,,,PARALLEL_2_PARK_REVERSE
634.8500,-12.1396,-26.6030,0.000,PARALLEL_PARK,-1,PARALLEL_PARK,,,,,PARALLEL_2_PARK_REVERSE
634.9499,-12.0470,-26.6406,0.000,PARALLEL_PARK,-1,PARALLEL_PARK,,,,,PARALLEL_2_PARK_REVERSE
635.0500,-11.9546,-26.6790,0.000,PARALLEL_PARK,-1,PARALLEL_PARK,,,,,PARALLEL_2_PARK_REVERSE
635.1500,-11.8623,-26.7174,0.000,PARALLEL_PARK,-1,PARALLEL_PARK,,,,,PARALLEL_2_PARK_REVERSE
635.2500,-11.7700,-26.7559,0.000,PARALLEL_PARK,-1,PARALLEL_PARK,,,,,PARALLEL_2_PARK_REVERSE
635.3500,-11.6777,-26.7944,0.000,PARALLEL_PARK,-1,PARALLEL_PARK,,,,,PARALLEL_2_PARK_REVERSE
635.4500,-11.5854,-26.8328,0.000,PARALLEL_PARK,-1,PARALLEL_PARK,,,,,PARALLEL_2_PARK_REVERSE
635.5500,-11.4931,-26.8713,0.000,PARALLEL_PARK,-1,PARALLEL_PARK,,,,,PARALLEL_2_PARK_REVERSE
635.6500,-11.4008,-26.9098,0.000,PARALLEL_PARK,-1,PARALLEL_PARK,,,,,PARALLEL_2_PARK_REVERSE
635.7499,-11.3085,-26.9482,0.000,PARALLEL_PARK,-1,PARALLEL_PARK,,,,,PARALLEL_2_PARK_REVERSE
635.8500,-11.2162,-26.9867,0.000,PARALLEL_PARK,-1,PARALLEL_PARK,,,,,PARALLEL_2_PARK_REVERSE
635.9500,-11.1239,-27.0252,0.000,PARALLEL_PARK,-1,PARALLEL_PARK,,,,,PARALLEL_2_PARK_REVERSE
636.0499,-11.0316,-27.0636,0.000,PARALLEL_PARK,-1,PARALLEL_PARK,,,,,PARALLEL_2_PARK_REVERSE
636.1499,-10.9393,-27.1021,0.000,PARALLEL_PARK,-1,PARALLEL_PARK,,,,,PARALLEL_2_PARK_REVERSE
636.2499,-10.8470,-27.1405,0.000,PARALLEL_PARK,-1,PARALLEL_PARK,,,,,PARALLEL_2_PARK_REVERSE
636.3499,-10.7547,-27.1790,0.000,PARALLEL_PARK,-1,PARALLEL_PARK,,,,,PARALLEL_2_PARK_REVERSE
636.4499,-10.6624,-27.2175,0.000,PARALLEL_PARK,1,PARALLEL_PARK,PARALLEL_2_PARK_COMPLETE|PARALLEL_2_REVERSE_TO_FORWARD,PARK_COMPLETE|SET_FORWARD,ALWAYS_ONCE,,PARALLEL_2_PARK_EXIT_FORWARD
636.5499,-10.7547,-27.1790,0.000,PARALLEL_PARK,1,PARALLEL_PARK,,,,,PARALLEL_2_PARK_EXIT_FORWARD
636.6499,-10.8470,-27.1405,0.000,PARALLEL_PARK,1,PARALLEL_PARK,,,,,PARALLEL_2_PARK_EXIT_FORWARD
636.7499,-10.9393,-27.1021,0.000,PARALLEL_PARK,1,PARALLEL_PARK,,,,,PARALLEL_2_PARK_EXIT_FORWARD
636.8499,-11.0316,-27.0636,0.000,PARALLEL_PARK,1,PARALLEL_PARK,,,,,PARALLEL_2_PARK_EXIT_FORWARD
636.9499,-11.1239,-27.0252,0.000,PARALLEL_PARK,1,PARALLEL_PARK,,,,,PARALLEL_2_PARK_EXIT_FORWARD
637.0499,-11.2162,-26.9867,0.000,PARALLEL_PARK,1,PARALLEL_PARK,,,,,PARALLEL_2_PARK_EXIT_FORWARD
637.1499,-11.3085,-26.9482,0.000,PARALLEL_PARK,1,PARALLEL_PARK,,,,,PARALLEL_2_PARK_EXIT_FORWARD
637.2499,-11.4008,-26.9098,0.000,PARALLEL_PARK,1,PARALLEL_PARK,,,,,PARALLEL_2_PARK_EXIT_FORWARD
637.3499,-11.4931,-26.8713,0.000,PARALLEL_PARK,1,PARALLEL_PARK,,,,,PARALLEL_2_PARK_EXIT_FORWARD
637.4499,-11.5854,-26.8328,0.000,PARALLEL_PARK,1,PARALLEL_PARK,,,,,PARALLEL_2_PARK_EXIT_FORWARD
637.5499,-11.6777,-26.7944,0.000,PARALLEL_PARK,1,PARALLEL_PARK,,,,,PARALLEL_2_PARK_EXIT_FORWARD
637.6499,-11.7700,-26.7559,0.000,PARALLEL_PARK,1,PARALLEL_PARK,,,,,PARALLEL_2_PARK_EXIT_FORWARD
637.7499,-11.8623,-26.7174,0.000,PARALLEL_PARK,1,PARALLEL_PARK,,,,,PARALLEL_2_PARK_EXIT_FORWARD
637.8498,-11.9546,-26.6790,0.000,PARALLEL_PARK,1,PARALLEL_PARK,,,,,PARALLEL_2_PARK_EXIT_FORWARD
637.9499,-12.0470,-26.6406,0.000,PARALLEL_PARK,1,PARALLEL_PARK,,,,,PARALLEL_2_PARK_EXIT_FORWARD
638.0498,-12.1396,-26.6030,0.000,PARALLEL_PARK,1,PARALLEL_PARK,,,,,PARALLEL_2_PARK_EXIT_FORWARD
638.1499,-12.2328,-26.5667,0.000,PARALLEL_PARK,1,PARALLEL_PARK,,,,,PARALLEL_2_PARK_EXIT_FORWARD
638.2498,-12.3267,-26.5324,0.000,PARALLEL_PARK,1,PARALLEL_PARK,,,,,PARALLEL_2_PARK_EXIT_FORWARD
638.3499,-12.4215,-26.5005,0.000,PARALLEL_PARK,1,PARALLEL_PARK,,,,,PARALLEL_2_PARK_EXIT_FORWARD
638.4498,-12.5172,-26.4715,0.000,PARALLEL_PARK,1,PARALLEL_PARK,,,,,PARALLEL_2_PARK_EXIT_FORWARD
638.5499,-12.6139,-26.4458,0.000,PARALLEL_PARK,1,PARALLEL_PARK,,,,,PARALLEL_2_PARK_EXIT_FORWARD
638.6499,-12.7114,-26.4237,0.000,PARALLEL_PARK,1,PARALLEL_PARK,,,,,PARALLEL_2_PARK_EXIT_FORWARD
638.7498,-12.8097,-26.4055,0.000,PARALLEL_PARK,1,PARALLEL_PARK,,,,,PARALLEL_2_PARK_EXIT_FORWARD
638.8499,-12.9087,-26.3913,0.000,PARALLEL_PARK,1,PARALLEL_PARK,,,,,PARALLEL_2_PARK_EXIT_FORWARD
638.9499,-13.0082,-26.3813,0.000,PARALLEL_PARK,1,PARALLEL_PARK,,,,,PARALLEL_2_PARK_EXIT_FORWARD
639.0498,-13.1080,-26.3754,0.000,PARALLEL_PARK,1,PARALLEL_PARK,,,,,PARALLEL_2_PARK_EXIT_FORWARD
639.1499,-13.2080,-26.3735,0.000,PARALLEL_PARK,1,PARALLEL_PARK,,,,,PARALLEL_2_PARK_EXIT_FORWARD
639.2498,-13.3079,-26.3756,0.000,PARALLEL_PARK,1,PARALLEL_PARK,,,,,PARALLEL_2_PARK_EXIT_FORWARD
639.3499,-13.4078,-26.3815,0.000,PARALLEL_PARK,1,PARALLEL_PARK,,,,,PARALLEL_2_PARK_EXIT_FORWARD
639.4498,-13.5073,-26.3909,0.000,PARALLEL_PARK,1,PARALLEL_PARK,,,,,PARALLEL_2_PARK_EXIT_FORWARD
639.5498,-13.6065,-26.4037,0.000,PARALLEL_PARK,1,PARALLEL_PARK,,,,,PARALLEL_2_PARK_EXIT_FORWARD
639.6498,-13.7052,-26.4196,0.000,PARALLEL_PARK,1,PARALLEL_PARK,,,,,PARALLEL_2_PARK_EXIT_FORWARD
639.7498,-13.8034,-26.4383,0.000,PARALLEL_PARK,1,PARALLEL_PARK,,,,,PARALLEL_2_PARK_EXIT_FORWARD
639.8497,-13.9011,-26.4596,0.000,PARALLEL_PARK,1,PARALLEL_PARK,,,,,PARALLEL_2_PARK_EXIT_FORWARD
639.9498,-13.9983,-26.4834,0.000,PARALLEL_PARK,1,PARALLEL_PARK,,,,,PARALLEL_2_PARK_EXIT_FORWARD
640.0498,-14.0949,-26.5092,0.000,PARALLEL_PARK,1,PARALLEL_PARK,,,,,PARALLEL_2_PARK_EXIT_FORWARD
640.1498,-14.1909,-26.5370,0.000,PARALLEL_PARK,1,PARALLEL_PARK,,,,,PARALLEL_2_PARK_EXIT_FORWARD
640.2498,-14.2865,-26.5666,0.000,PARALLEL_PARK,1,PARALLEL_PARK,,,,,PARALLEL_2_PARK_EXIT_FORWARD
640.3498,-14.3815,-26.5977,0.000,PARALLEL_PARK,1,PARALLEL_PARK,,,,,PARALLEL_2_PARK_EXIT_FORWARD
640.4498,-14.4761,-26.6302,0.000,PARALLEL_PARK,1,PARALLEL_PARK,,,,,PARALLEL_2_PARK_EXIT_FORWARD
640.5498,-14.5702,-26.6640,0.000,PARALLEL_PARK,1,PARALLEL_PARK,,,,,PARALLEL_2_PARK_EXIT_FORWARD
640.6498,-14.6639,-26.6989,0.000,PARALLEL_PARK,1,PARALLEL_PARK,,,,,PARALLEL_2_PARK_EXIT_FORWARD
640.7498,-14.7573,-26.7347,0.000,PARALLEL_PARK,1,PARALLEL_PARK,,,,,PARALLEL_2_PARK_EXIT_FORWARD
640.8498,-14.8503,-26.7714,0.000,PARALLEL_PARK,1,PARALLEL_PARK,,,,,PARALLEL_2_PARK_EXIT_FORWARD
640.9498,-14.9430,-26.8088,0.000,PARALLEL_PARK,1,PARALLEL_PARK,,,,,PARALLEL_2_PARK_EXIT_FORWARD
641.0498,-15.0355,-26.8468,0.000,PARALLEL_PARK,1,PARALLEL_PARK,,,,,PARALLEL_2_PARK_EXIT_FORWARD
641.1498,-15.1278,-26.8854,0.000,PARALLEL_PARK,1,PARALLEL_PARK,,,,,PARALLEL_2_PARK_EXIT_FORWARD
641.2498,-15.2199,-26.9244,0.000,PARALLEL_PARK,1,PARALLEL_PARK,,,,,PARALLEL_2_PARK_EXIT_FORWARD
641.3498,-15.3118,-26.9637,0.000,PARALLEL_PARK,1,PARALLEL_PARK,,,,,PARALLEL_2_PARK_EXIT_FORWARD
641.4497,-15.4036,-27.0033,0.000,PARALLEL_PARK,1,PARALLEL_PARK,,,,,PARALLEL_2_PARK_EXIT_FORWARD
641.5498,-15.4954,-27.0431,0.000,PARALLEL_PARK,1,PARALLEL_PARK,,,,,PARALLEL_2_PARK_EXIT_FORWARD
641.6498,-15.5871,-27.0830,0.000,PARALLEL_PARK,1,PARALLEL_PARK,,,,,PARALLEL_2_PARK_EXIT_FORWARD
641.7498,-15.6787,-27.1230,0.000,PARALLEL_PARK,1,PARALLEL_PARK,,,,,PARALLEL_2_PARK_EXIT_FORWARD
641.8498,-15.7704,-27.1629,0.000,PARALLEL_PARK,1,PARALLEL_PARK,,,,,PARALLEL_2_PARK_EXIT_FORWARD
641.9498,-15.8621,-27.2028,0.000,PARALLEL_PARK,1,PARALLEL_PARK,,,,,PARALLEL_2_PARK_EXIT_FORWARD
642.0498,-15.9539,-27.2426,0.000,PARALLEL_PARK,1,PARALLEL_PARK,,,,,PARALLEL_2_PARK_EXIT_FORWARD
642.1498,-16.0457,-27.2821,0.000,PARALLEL_PARK,1,PARALLEL_PARK,,,,,PARALLEL_2_PARK_EXIT_FORWARD
642.2498,-16.1377,-27.3214,0.000,PARALLEL_PARK,1,PARALLEL_PARK,,,,,PARALLEL_2_PARK_EXIT_FORWARD
642.3498,-16.2297,-27.3605,0.000,PARALLEL_PARK,1,PARALLEL_PARK,,,,,PARALLEL_2_PARK_EXIT_FORWARD
642.4498,-16.3219,-27.3992,0.000,PARALLEL_PARK,1,PARALLEL_PARK,,,,,PARALLEL_2_PARK_EXIT_FORWARD
642.5498,-16.4143,-27.4374,0.000,PARALLEL_PARK,1,PARALLEL_PARK,,,,,PARALLEL_2_PARK_EXIT_FORWARD
642.6498,-16.5069,-27.4753,0.000,PARALLEL_PARK,1,PARALLEL_PARK,,,,,PARALLEL_2_PARK_EXIT_FORWARD
642.7498,-16.5996,-27.5127,0.000,PARALLEL_PARK,1,PARALLEL_PARK,,,,,PARALLEL_2_PARK_EXIT_FORWARD
642.8498,-16.6926,-27.5495,0.000,PARALLEL_PARK,1,PARALLEL_PARK,,,,,PARALLEL_2_PARK_EXIT_FORWARD
642.9498,-16.7858,-27.5858,0.000,PARALLEL_PARK,1,PARALLEL_PARK,,,,,PARALLEL_2_PARK_EXIT_FORWARD
643.0498,-16.8792,-27.6214,0.000,PARALLEL_PARK,1,PARALLEL_PARK,,,,,PARALLEL_2_PARK_EXIT_FORWARD
643.1498,-16.9729,-27.6564,0.000,PARALLEL_PARK,1,PARALLEL_PARK,,,,,PARALLEL_2_PARK_EXIT_FORWARD
643.2497,-17.0668,-27.6907,0.000,PARALLEL_PARK,1,PARALLEL_PARK,,,,,PARALLEL_2_PARK_EXIT_FORWARD
643.3498,-17.1610,-27.7243,0.000,PARALLEL_PARK,1,PARALLEL_PARK,,,,,PARALLEL_2_PARK_EXIT_FORWARD
643.4498,-17.2555,-27.7570,0.000,PARALLEL_PARK,1,PARALLEL_PARK,,,,,PARALLEL_2_PARK_EXIT_FORWARD
643.5498,-17.3503,-27.7890,0.000,PARALLEL_PARK,1,PARALLEL_PARK,,,,,PARALLEL_2_PARK_EXIT_FORWARD
643.6498,-17.4453,-27.8201,0.000,PARALLEL_PARK,1,PARALLEL_PARK,,,,,PARALLEL_2_PARK_EXIT_FORWARD
643.7498,-17.5406,-27.8504,0.000,PARALLEL_PARK,1,PARALLEL_PARK,,,,,PARALLEL_2_PARK_EXIT_FORWARD
643.8498,-17.6362,-27.8797,0.000,PARALLEL_PARK,1,PARALLEL_PARK,,,,,PARALLEL_2_PARK_EXIT_FORWARD
643.9498,-17.7321,-27.9080,0.000,PARALLEL_PARK,1,PARALLEL_PARK,,,,,PARALLEL_2_PARK_EXIT_FORWARD
644.0498,-17.8283,-27.9354,0.000,PARALLEL_PARK,1,PARALLEL_PARK,,,,,PARALLEL_2_PARK_EXIT_FORWARD
644.1498,-17.9248,-27.9618,0.000,PARALLEL_PARK,1,PARALLEL_PARK,,,,,PARALLEL_2_PARK_EXIT_FORWARD
644.2498,-18.0215,-27.9870,0.000,PARALLEL_PARK,1,PARALLEL_PARK,,,,,PARALLEL_2_PARK_EXIT_FORWARD
644.3498,-18.1186,-28.0112,0.000,PARALLEL_PARK,1,PARALLEL_PARK,,,,,PARALLEL_2_PARK_EXIT_FORWARD
644.4498,-18.2159,-28.0343,0.000,PARALLEL_PARK,1,PARALLEL_PARK,,,,,PARALLEL_2_PARK_EXIT_FORWARD
644.5498,-18.3134,-28.0562,0.000,PARALLEL_PARK,1,PARALLEL_PARK,,,,,PARALLEL_2_PARK_EXIT_FORWARD
644.6498,-18.4113,-28.0768,0.000,PARALLEL_PARK,1,PARALLEL_PARK,,,,,PARALLEL_2_PARK_EXIT_FORWARD
644.7498,-18.5094,-28.0963,0.000,PARALLEL_PARK,1,PARALLEL_PARK,,,,,PARALLEL_2_PARK_EXIT_FORWARD
644.8498,-18.6077,-28.1145,0.000,PARALLEL_PARK,1,PARALLEL_PARK,,,,,PARALLEL_2_PARK_EXIT_FORWARD
644.9497,-18.7062,-28.1314,0.000,PARALLEL_PARK,1,PARALLEL_PARK,,,,,PARALLEL_2_PARK_EXIT_FORWARD
645.0498,-18.8050,-28.1470,0.000,PARALLEL_PARK,1,PARALLEL_PARK,,,,,PARALLEL_2_PARK_EXIT_FORWARD
645.1498,-18.9040,-28.1612,0.000,PARALLEL_PARK,1,PARALLEL_PARK,,,,,PARALLEL_2_PARK_EXIT_FORWARD
645.2498,-19.0032,-28.1741,0.000,PARALLEL_PARK,1,PARALLEL_PARK,,,,,PARALLEL_2_PARK_EXIT_FORWARD
645.3498,-19.1025,-28.1855,0.000,PARALLEL_PARK,1,PARALLEL_PARK,,,,,PARALLEL_2_PARK_EXIT_FORWARD
645.4498,-19.2020,-28.1955,0.000,PARALLEL_PARK,1,PARALLEL_PARK,,,,,PARALLEL_2_PARK_EXIT_FORWARD
645.5497,-19.3016,-28.2040,0.000,PARALLEL_PARK,1,PARALLEL_PARK,,,,,PARALLEL_2_PARK_EXIT_FORWARD
645.6498,-19.4014,-28.2111,0.000,PARALLEL_PARK,1,PARALLEL_PARK,,,,,PARALLEL_2_PARK_EXIT_FORWARD
645.7497,-19.5012,-28.2166,0.000,PARALLEL_PARK,1,PARALLEL_PARK,,,,,PARALLEL_2_PARK_EXIT_FORWARD
645.8498,-19.6012,-28.2206,0.000,PARALLEL_PARK,1,PARALLEL_PARK,,,,,PARALLEL_2_PARK_EXIT_FORWARD
645.9497,-19.7011,-28.2230,0.000,PARALLEL_PARK,1,PARALLEL_PARK,,,,,PARALLEL_2_PARK_EXIT_FORWARD
646.0497,-19.8011,-28.2240,0.000,PARALLEL_PARK,1,PARALLEL_PARK,,,,,PARALLEL_2_PARK_EXIT_FORWARD
646.1497,-19.9011,-28.2233,0.000,PARALLEL_PARK,1,PARALLEL_PARK,,,,,PARALLEL_2_PARK_EXIT_FORWARD
646.2498,-20.0011,-28.2212,0.000,PARALLEL_PARK,1,PARALLEL_PARK,,,,,PARALLEL_2_PARK_EXIT_FORWARD
646.3497,-20.1010,-28.2175,0.000,PARALLEL_PARK,1,PARALLEL_PARK,,,,,PARALLEL_2_PARK_EXIT_FORWARD
646.4498,-20.2009,-28.2123,0.000,PARALLEL_PARK,1,PARALLEL_PARK,,,,,PARALLEL_2_PARK_EXIT_FORWARD
646.5498,-20.3007,-28.2057,0.000,PARALLEL_PARK,1,PARALLEL_PARK,,,,,PARALLEL_2_PARK_EXIT_FORWARD
646.6498,-20.4004,-28.1978,0.000,PARALLEL_PARK,1,PARALLEL_PARK,,,,,PARALLEL_2_PARK_EXIT_FORWARD
646.7497,-20.4999,-28.1886,0.000,PARALLEL_PARK,1,PARALLEL_PARK,,,,,PARALLEL_2_PARK_EXIT_FORWARD
646.8498,-20.5994,-28.1781,0.000,PARALLEL_PARK,1,PARALLEL_PARK,,,,,PARALLEL_2_PARK_EXIT_FORWARD
646.9497,-20.6987,-28.1667,0.000,PARALLEL_PARK,1,PARALLEL_PARK,,,,,PARALLEL_2_PARK_EXIT_FORWARD
647.0498,-20.7980,-28.1543,0.000,PARALLEL_PARK,1,PARALLEL_PARK,,,,,PARALLEL_2_PARK_EXIT_FORWARD
647.1498,-20.8971,-28.1412,0.000,PARALLEL_PARK,1,PARALLEL_PARK,,,,,PARALLEL_2_PARK_EXIT_FORWARD
647.2498,-20.9962,-28.1276,0.000,PARALLEL_PARK,1,PARALLEL_PARK,,,,,PARALLEL_2_PARK_EXIT_FORWARD
647.3451,-21.0906,-28.1144,0.000,PARALLEL_PARK,1,PARALLEL_PARK,,,,,PARALLEL_2_PARK_EXIT_FORWARD
647.4451,-21.1899,-28.1025,0.000,PARALLEL_PARK,1,PARALLEL_PARK,,,,,PARALLEL_2_POST_EXIT_FORWARD
647.5452,-21.2888,-28.0874,0.000,PARALLEL_PARK,1,PARALLEL_PARK,,,,,PARALLEL_2_POST_EXIT_FORWARD
647.6451,-21.3871,-28.0692,0.000,PARALLEL_PARK,1,PARALLEL_PARK,,,,,PARALLEL_2_POST_EXIT_FORWARD
647.7452,-21.4848,-28.0476,0.000,PARALLEL_PARK,1,PARALLEL_PARK,,,,,PARALLEL_2_POST_EXIT_FORWARD
647.8451,-21.5816,-28.0228,0.000,PARALLEL_PARK,1,PARALLEL_PARK,,,,,PARALLEL_2_POST_EXIT_FORWARD
647.9451,-21.6776,-27.9948,0.000,PARALLEL_PARK,1,PARALLEL_PARK,,,,,PARALLEL_2_POST_EXIT_FORWARD
648.0451,-21.7726,-27.9635,0.000,PARALLEL_PARK,1,PARALLEL_PARK,,,,,PARALLEL_2_POST_EXIT_FORWARD
648.1451,-21.8664,-27.9290,0.000,PARALLEL_PARK,1,PARALLEL_PARK,,,,,PARALLEL_2_POST_EXIT_FORWARD
648.2451,-21.9591,-27.8915,0.000,PARALLEL_PARK,1,PARALLEL_PARK,,,,,PARALLEL_2_POST_EXIT_FORWARD
648.3451,-22.0505,-27.8510,0.000,PARALLEL_PARK,1,PARALLEL_PARK,,,,,PARALLEL_2_POST_EXIT_FORWARD
648.4451,-22.1407,-27.8077,0.000,PARALLEL_PARK,1,PARALLEL_PARK,,,,,PARALLEL_2_POST_EXIT_FORWARD
648.5451,-22.2295,-27.7617,0.000,PARALLEL_PARK,1,PARALLEL_PARK,,,,,PARALLEL_2_POST_EXIT_FORWARD
648.6451,-22.3170,-27.7134,0.000,PARALLEL_PARK,1,PARALLEL_PARK,,,,,PARALLEL_2_POST_EXIT_FORWARD
648.7451,-22.4032,-27.6627,0.000,PARALLEL_PARK,1,PARALLEL_PARK,,,,,PARALLEL_2_POST_EXIT_FORWARD
648.8451,-22.4882,-27.6100,0.000,PARALLEL_PARK,1,PARALLEL_PARK,,,,,PARALLEL_2_POST_EXIT_FORWARD
648.9450,-22.5720,-27.5555,0.000,PARALLEL_PARK,1,PARALLEL_PARK,,,,,PARALLEL_2_POST_EXIT_FORWARD
649.0451,-22.6548,-27.4993,0.000,PARALLEL_PARK,1,PARALLEL_PARK,,,,,PARALLEL_2_POST_EXIT_FORWARD
649.1450,-22.7365,-27.4418,0.000,PARALLEL_PARK,1,PARALLEL_PARK,,,,,PARALLEL_2_POST_EXIT_FORWARD
649.2451,-22.8175,-27.3830,0.000,PARALLEL_PARK,1,PARALLEL_PARK,,,,,PARALLEL_2_POST_EXIT_FORWARD
649.3451,-22.8977,-27.3233,0.000,PARALLEL_PARK,1,PARALLEL_PARK,,,,,PARALLEL_2_POST_EXIT_FORWARD
649.4451,-22.9773,-27.2628,0.000,PARALLEL_PARK,1,PARALLEL_PARK,,,,,PARALLEL_2_POST_EXIT_FORWARD
649.5451,-23.0565,-27.2017,0.000,PARALLEL_PARK,1,PARALLEL_PARK,,,,,PARALLEL_2_POST_EXIT_FORWARD
649.6451,-23.1354,-27.1403,0.000,PARALLEL_PARK,1,PARALLEL_PARK,,,,,PARALLEL_2_POST_EXIT_FORWARD
649.7450,-23.2142,-27.0788,0.000,PARALLEL_PARK,1,PARALLEL_PARK,,,,,PARALLEL_2_POST_EXIT_FORWARD
649.8451,-23.2931,-27.0173,0.000,PARALLEL_PARK,1,PARALLEL_PARK,,,,,PARALLEL_2_POST_EXIT_FORWARD
649.9451,-23.3722,-26.9561,0.000,PARALLEL_PARK,1,PARALLEL_PARK,,,,,PARALLEL_2_POST_EXIT_FORWARD
650.0450,-23.4516,-26.8954,0.000,PARALLEL_PARK,1,PARALLEL_PARK,,,,,PARALLEL_2_POST_EXIT_FORWARD
650.1451,-23.5316,-26.8353,0.000,PARALLEL_PARK,1,PARALLEL_PARK,,,,,PARALLEL_2_POST_EXIT_FORWARD
650.2450,-23.6122,-26.7762,0.000,PARALLEL_PARK,1,PARALLEL_PARK,,,,,PARALLEL_2_POST_EXIT_FORWARD
650.3451,-23.6937,-26.7182,0.000,PARALLEL_PARK,1,PARALLEL_PARK,,,,,PARALLEL_2_POST_EXIT_FORWARD
650.4451,-23.7761,-26.6615,0.000,PARALLEL_PARK,1,PARALLEL_PARK,,,,,PARALLEL_2_POST_EXIT_FORWARD
650.5451,-23.8595,-26.6063,0.000,PARALLEL_PARK,1,PARALLEL_PARK,,,,,PARALLEL_2_POST_EXIT_FORWARD
650.6451,-23.9440,-26.5529,0.000,PARALLEL_PARK,1,PARALLEL_PARK,,,,,PARALLEL_2_POST_EXIT_FORWARD
650.7451,-24.0298,-26.5015,0.000,PARALLEL_PARK,1,PARALLEL_PARK,,,,,PARALLEL_2_POST_EXIT_FORWARD
650.8451,-24.1169,-26.4523,0.000,PARALLEL_PARK,1,PARALLEL_PARK,,,,,PARALLEL_2_POST_EXIT_FORWARD
650.9451,-24.2052,-26.4055,0.000,PARALLEL_PARK,1,PARALLEL_PARK,,,,,PARALLEL_2_POST_EXIT_FORWARD
651.0451,-24.2949,-26.3613,0.000,PARALLEL_PARK,1,PARALLEL_PARK,,,,,PARALLEL_2_POST_EXIT_FORWARD
651.1451,-24.3859,-26.3198,0.000,PARALLEL_PARK,1,PARALLEL_PARK,,,,,PARALLEL_2_POST_EXIT_FORWARD
651.2450,-24.4781,-26.2812,0.000,PARALLEL_PARK,1,PARALLEL_PARK,,,,,PARALLEL_2_POST_EXIT_FORWARD
651.3450,-24.5716,-26.2457,0.000,PARALLEL_PARK,1,PARALLEL_PARK,,,,,PARALLEL_2_POST_EXIT_FORWARD
651.3824,-24.6068,-26.2332,0.000,PARALLEL_PARK,1,PARALLEL_PARK,,,,,PARALLEL_2_POST_EXIT_FORWARD
651.4305,-24.6522,-26.2174,0.000,PARALLEL_PARK,1,PARALLEL_PARK,,,,,PARALLEL_2_POST_EXIT_FORWARD
651.5305,-24.7470,-26.1854,0.000,PARALLEL_PARK,1,PARALLEL_PARK,,,,,PARALLEL_2_POST_EXIT_FORWARD
651.6305,-24.8421,-26.1545,0.000,PARALLEL_PARK,1,PARALLEL_PARK,,,,,PARALLEL_2_POST_EXIT_FORWARD
651.7305,-24.9376,-26.1247,0.000,PARALLEL_PARK,1,PARALLEL_PARK,,,,,PARALLEL_2_POST_EXIT_FORWARD
651.8306,-25.0334,-26.0960,0.000,PARALLEL_PARK,1,PARALLEL_PARK,,,,,PARALLEL_2_POST_EXIT_FORWARD
651.9305,-25.1295,-26.0685,0.000,PARALLEL_PARK,1,PARALLEL_PARK,,,,,PARALLEL_2_POST_EXIT_FORWARD
652.0306,-25.2260,-26.0421,0.000,PARALLEL_PARK,1,PARALLEL_PARK,,,,,PARALLEL_2_POST_EXIT_FORWARD
652.1305,-25.3227,-26.0170,0.000,PARALLEL_PARK,1,PARALLEL_PARK,,,,,PARALLEL_2_POST_EXIT_FORWARD
652.2306,-25.4199,-25.9931,0.000,PARALLEL_PARK,1,PARALLEL_PARK,,,,,PARALLEL_2_POST_EXIT_FORWARD
652.3305,-25.5173,-25.9706,0.000,PARALLEL_PARK,1,PARALLEL_PARK,,,,,PARALLEL_2_POST_EXIT_FORWARD
652.4305,-25.6150,-25.9495,0.000,PARALLEL_PARK,1,PARALLEL_PARK,,,,,PARALLEL_2_POST_EXIT_FORWARD
652.5305,-25.7131,-25.9298,0.000,PARALLEL_PARK,1,PARALLEL_PARK,,,,,PARALLEL_2_POST_EXIT_FORWARD
652.6305,-25.8114,-25.9116,0.000,PARALLEL_PARK,1,PARALLEL_PARK,,,,,PARALLEL_2_POST_EXIT_FORWARD
652.7305,-25.9100,-25.8949,0.000,PARALLEL_PARK,1,PARALLEL_PARK,,,,,PARALLEL_2_POST_EXIT_FORWARD
652.8305,-26.0088,-25.8798,0.000,PARALLEL_PARK,1,PARALLEL_PARK,,,,,PARALLEL_2_POST_EXIT_FORWARD
652.8539,-26.0320,-25.8765,0.000,PARALLEL_PARK,1,PARALLEL_PARK,PARALLEL_2_END,BRANCH_COMPLETE,,,PARALLEL_2_POST_EXIT_FORWARD
652.9515,-26.1277,-25.8575,0.000,NORMAL,1,ROUTE,,,,,T1_REVERSE_TO_FORWARD
652.9539,-26.1301,-25.8570,0.000,NORMAL,1,ROUTE,,,,,T1_REVERSE_TO_FORWARD
653.0539,-26.2280,-25.8369,0.000,NORMAL,1,ROUTE,,,,,T1_REVERSE_TO_FORWARD
653.1538,-26.3258,-25.8162,0.000,NORMAL,1,ROUTE,,,,,T1_REVERSE_TO_FORWARD
653.2538,-26.4235,-25.7950,0.000,NORMAL,1,ROUTE,,,,,T1_REVERSE_TO_FORWARD
653.3538,-26.5211,-25.7731,0.000,NORMAL,1,ROUTE,,,,,T1_REVERSE_TO_FORWARD
653.4538,-26.6185,-25.7507,0.000,NORMAL,1,ROUTE,,,,,T1_REVERSE_TO_FORWARD
653.5537,-26.7158,-25.7277,0.000,NORMAL,1,ROUTE,,,,,T1_REVERSE_TO_FORWARD
653.6537,-26.8129,-25.7041,0.000,NORMAL,1,ROUTE,,,,,T1_REVERSE_TO_FORWARD
653.7536,-26.9099,-25.6800,0.000,NORMAL,1,ROUTE,,,,,T1_REVERSE_TO_FORWARD
653.8536,-27.0068,-25.6552,0.000,NORMAL,1,ROUTE,,,,,T1_REVERSE_TO_FORWARD
653.9536,-27.1035,-25.6299,0.000,NORMAL,1,ROUTE,,,,,T1_REVERSE_TO_FORWARD
654.0536,-27.2001,-25.6040,0.000,NORMAL,1,ROUTE,,,,,T1_REVERSE_TO_FORWARD
654.1536,-27.2965,-25.5776,0.000,NORMAL,1,ROUTE,,,,,T1_REVERSE_TO_FORWARD
654.2536,-27.3928,-25.5506,0.000,NORMAL,1,ROUTE,,,,,T1_REVERSE_TO_FORWARD
654.3536,-27.4889,-25.5230,0.000,NORMAL,1,ROUTE,,,,,T1_REVERSE_TO_FORWARD
654.4535,-27.5848,-25.4948,0.000,NORMAL,1,ROUTE,,,,,T1_REVERSE_TO_FORWARD
654.5535,-27.6806,-25.4661,0.000,NORMAL,1,ROUTE,,,,,T1_REVERSE_TO_FORWARD
654.6535,-27.7762,-25.4369,0.000,NORMAL,1,ROUTE,,,,,T1_REVERSE_TO_FORWARD
654.7534,-27.8716,-25.4072,0.000,NORMAL,1,ROUTE,,,,,T1_REVERSE_TO_FORWARD
654.8534,-27.9669,-25.3769,0.000,NORMAL,1,ROUTE,,,,,T1_REVERSE_TO_FORWARD
654.9534,-28.0621,-25.3463,0.000,NORMAL,1,ROUTE,,,,,T1_REVERSE_TO_FORWARD
655.0534,-28.1571,-25.3151,0.000,NORMAL,1,ROUTE,,,,,T1_REVERSE_TO_FORWARD
655.1533,-28.2520,-25.2837,0.000,NORMAL,1,ROUTE,,,,,T1_REVERSE_TO_FORWARD
655.2533,-28.3468,-25.2519,0.000,NORMAL,1,ROUTE,,,,,T1_REVERSE_TO_FORWARD
655.3533,-28.4415,-25.2199,0.000,NORMAL,1,ROUTE,,,,,T1_REVERSE_TO_FORWARD
655.4533,-28.5362,-25.1878,0.000,NORMAL,1,ROUTE,,,,,T1_REVERSE_TO_FORWARD
655.5532,-28.6308,-25.1557,0.000,NORMAL,1,ROUTE,,,,,T1_REVERSE_TO_FORWARD
655.6532,-28.7255,-25.1236,0.000,NORMAL,1,ROUTE,,,,,T1_REVERSE_TO_FORWARD
655.7531,-28.8203,-25.0919,0.000,NORMAL,1,ROUTE,,,,,T1_REVERSE_TO_FORWARD
655.8531,-28.9152,-25.0605,0.000,NORMAL,1,ROUTE,,,,,T1_REVERSE_TO_FORWARD
655.9531,-29.0103,-25.0296,0.000,NORMAL,1,ROUTE,,,,,T1_REVERSE_TO_FORWARD
656.0531,-29.1057,-24.9995,0.000,NORMAL,1,ROUTE,,,,,T1_REVERSE_TO_FORWARD
656.1531,-29.2013,-24.9702,0.000,NORMAL,1,ROUTE,,,,,T1_REVERSE_TO_FORWARD
656.2531,-29.2972,-24.9420,0.000,NORMAL,1,ROUTE,,,,,T1_REVERSE_TO_FORWARD
656.3530,-29.3934,-24.9149,0.000,NORMAL,1,ROUTE,,,,,T1_REVERSE_TO_FORWARD
656.4530,-29.4900,-24.8891,0.000,NORMAL,1,ROUTE,,,,,T1_REVERSE_TO_FORWARD
656.5530,-29.5869,-24.8645,0.000,NORMAL,1,ROUTE,,,,,T1_REVERSE_TO_FORWARD
656.6530,-29.6841,-24.8411,0.000,NORMAL,1,ROUTE,,,,,T1_REVERSE_TO_FORWARD
656.7529,-29.7815,-24.8187,0.000,NORMAL,1,ROUTE,,,,,T1_REVERSE_TO_FORWARD
656.8529,-29.8792,-24.7973,0.000,NORMAL,1,ROUTE,,,,,T1_REVERSE_TO_FORWARD
656.9529,-29.9770,-24.7766,0.000,NORMAL,1,ROUTE,,,,,T1_REVERSE_TO_FORWARD
657.0529,-30.0749,-24.7564,0.000,NORMAL,1,ROUTE,,,,,T1_REVERSE_TO_FORWARD
657.1528,-30.1729,-24.7366,0.000,NORMAL,1,ROUTE,,,,,T1_REVERSE_TO_FORWARD
657.2528,-30.2709,-24.7169,0.000,NORMAL,1,ROUTE,,,,,T1_REVERSE_TO_FORWARD
657.3528,-30.3689,-24.6971,0.000,NORMAL,1,ROUTE,,,,,T1_REVERSE_TO_FORWARD
657.4527,-30.4668,-24.6770,0.000,NORMAL,1,ROUTE,,,,,T1_REVERSE_TO_FORWARD
657.5527,-30.5646,-24.6562,0.000,NORMAL,1,ROUTE,,,,,T1_REVERSE_TO_FORWARD
657.6527,-30.6622,-24.6346,0.000,NORMAL,1,ROUTE,,,,,T1_REVERSE_TO_FORWARD
657.7527,-30.7596,-24.6118,0.000,NORMAL,1,ROUTE,,,,,T1_REVERSE_TO_FORWARD
657.8527,-30.8566,-24.5876,0.000,NORMAL,1,ROUTE,,,,,T1_REVERSE_TO_FORWARD
657.9526,-30.9531,-24.5617,0.000,NORMAL,1,ROUTE,,,,,T1_REVERSE_TO_FORWARD
658.0526,-31.0492,-24.5339,0.000,NORMAL,1,ROUTE,,,,,T1_REVERSE_TO_FORWARD
658.1526,-31.1445,-24.5038,0.000,NORMAL,1,ROUTE,,,,,T1_REVERSE_TO_FORWARD
658.2526,-31.2391,-24.4714,0.000,NORMAL,1,ROUTE,,,,,T1_REVERSE_TO_FORWARD
658.3525,-31.3327,-24.4364,0.000,NORMAL,1,ROUTE,,,,,T1_REVERSE_TO_FORWARD
658.4525,-31.4254,-24.3989,0.000,NORMAL,1,ROUTE,,,,,T1_REVERSE_TO_FORWARD
658.5524,-31.5170,-24.3589,0.000,NORMAL,1,ROUTE,,,,,T1_REVERSE_TO_FORWARD
658.6524,-31.6075,-24.3164,0.000,NORMAL,1,ROUTE,,,,,T1_REVERSE_TO_FORWARD
658.7524,-31.6968,-24.2715,0.000,NORMAL,1,ROUTE,,,,,T1_REVERSE_TO_FORWARD
658.8524,-31.7849,-24.2242,0.000,NORMAL,1,ROUTE,,,,,T1_REVERSE_TO_FORWARD
658.9524,-31.8716,-24.1744,0.000,NORMAL,1,ROUTE,,,,,T1_REVERSE_TO_FORWARD
659.0523,-31.9568,-24.1221,0.000,NORMAL,1,ROUTE,,,,,T1_REVERSE_TO_FORWARD
659.1523,-32.0403,-24.0671,0.000,NORMAL,1,ROUTE,,,,,T1_REVERSE_TO_FORWARD
659.2523,-32.1219,-24.0094,0.000,NORMAL,1,ROUTE,,,,,T1_REVERSE_TO_FORWARD
659.3522,-32.2013,-23.9487,0.000,NORMAL,1,ROUTE,,,,,T1_REVERSE_TO_FORWARD
659.4522,-32.2784,-23.8850,0.000,NORMAL,1,ROUTE,,,,,T1_REVERSE_TO_FORWARD
659.5521,-32.3526,-23.8181,0.000,NORMAL,1,ROUTE,,,,,T1_REVERSE_TO_FORWARD
659.6522,-32.4240,-23.7480,0.000,NORMAL,1,ROUTE,,,,,T1_REVERSE_TO_FORWARD
659.7521,-32.4920,-23.6748,0.000,NORMAL,1,ROUTE,,,,,T1_REVERSE_TO_FORWARD
659.8521,-32.5565,-23.5984,0.000,NORMAL,1,ROUTE,,,,,T1_REVERSE_TO_FORWARD
659.9520,-32.6171,-23.5189,0.000,NORMAL,1,ROUTE,,,,,T1_REVERSE_TO_FORWARD
660.0520,-32.6734,-23.4363,0.000,NORMAL,1,ROUTE,,,,,T1_REVERSE_TO_FORWARD
660.1519,-32.7250,-23.3507,0.000,NORMAL,1,ROUTE,,,,,T1_REVERSE_TO_FORWARD
660.2519,-32.7716,-23.2623,0.000,NORMAL,1,ROUTE,,,,,T1_REVERSE_TO_FORWARD
660.3519,-32.8129,-23.1712,0.000,NORMAL,1,ROUTE,,,,,T1_REVERSE_TO_FORWARD
660.4519,-32.8488,-23.0779,0.000,NORMAL,1,ROUTE,,,,,T1_REVERSE_TO_FORWARD
660.5518,-32.8796,-22.9828,0.000,NORMAL,1,ROUTE,,,,,T1_REVERSE_TO_FORWARD
660.6518,-32.9056,-22.8863,0.000,NORMAL,1,ROUTE,,,,,T1_REVERSE_TO_FORWARD
660.7518,-32.9273,-22.7887,0.000,NORMAL,1,ROUTE,,,,,T1_REVERSE_TO_FORWARD
660.8517,-32.9452,-22.6904,0.000,NORMAL,1,ROUTE,,,,,T1_REVERSE_TO_FORWARD
660.9516,-32.9598,-22.5915,0.000,NORMAL,1,ROUTE,,,,,T1_REVERSE_TO_FORWARD
661.0516,-32.9715,-22.4922,0.000,NORMAL,1,ROUTE,,,,,T1_REVERSE_TO_FORWARD
661.1516,-32.9806,-22.3926,0.000,NORMAL,1,ROUTE,,,,,T1_REVERSE_TO_FORWARD
661.2516,-32.9875,-22.2929,0.000,NORMAL,1,ROUTE,,,,,T1_REVERSE_TO_FORWARD
661.3516,-32.9923,-22.1930,0.000,NORMAL,1,ROUTE,,,,,T1_REVERSE_TO_FORWARD
661.4515,-32.9954,-22.0931,0.000,NORMAL,1,ROUTE,,,,,T1_REVERSE_TO_FORWARD
661.5516,-32.9969,-21.9931,0.000,NORMAL,1,ROUTE,,,,,T1_REVERSE_TO_FORWARD
661.6515,-32.9970,-21.8932,0.000,NORMAL,1,ROUTE,,,,,T1_REVERSE_TO_FORWARD
661.7515,-32.9956,-21.7932,0.000,NORMAL,1,ROUTE,,,,,T1_REVERSE_TO_FORWARD
661.8514,-32.9929,-21.6933,0.000,NORMAL,1,ROUTE,,,,,T1_REVERSE_TO_FORWARD
661.9514,-32.9888,-21.5934,0.000,NORMAL,1,ROUTE,,,,,T1_REVERSE_TO_FORWARD
662.0513,-32.9833,-21.4936,0.000,NORMAL,1,ROUTE,,,,,T1_REVERSE_TO_FORWARD
662.1514,-32.9763,-21.3938,0.000,NORMAL,1,ROUTE,,,,,T1_REVERSE_TO_FORWARD
662.2513,-32.9678,-21.2942,0.000,NORMAL,1,ROUTE,,,,,T1_REVERSE_TO_FORWARD
662.3514,-32.9577,-21.1947,0.000,NORMAL,1,ROUTE,,,,,T1_REVERSE_TO_FORWARD
662.4513,-32.9459,-21.0955,0.000,NORMAL,1,ROUTE,,,,,T1_REVERSE_TO_FORWARD
662.5513,-32.9325,-20.9964,0.000,NORMAL,1,ROUTE,,,,,T1_REVERSE_TO_FORWARD
662.6512,-32.9175,-20.8976,0.000,NORMAL,1,ROUTE,,,,,T1_REVERSE_TO_FORWARD
662.7512,-32.9010,-20.7990,0.000,NORMAL,1,ROUTE,,,,,T1_REVERSE_TO_FORWARD
662.8512,-32.8829,-20.7006,0.000,NORMAL,1,ROUTE,,,,,T1_REVERSE_TO_FORWARD
662.9511,-32.8634,-20.6026,0.000,NORMAL,1,ROUTE,,,,,T1_REVERSE_TO_FORWARD
663.0512,-32.8424,-20.5048,0.000,NORMAL,1,ROUTE,,,,,T1_REVERSE_TO_FORWARD
663.1511,-32.8200,-20.4074,0.000,NORMAL,1,ROUTE,,,,,T1_REVERSE_TO_FORWARD
663.2511,-32.7963,-20.3103,0.000,NORMAL,1,ROUTE,,,,,T1_REVERSE_TO_FORWARD
663.3511,-32.7712,-20.2135,0.000,NORMAL,1,ROUTE,,,,,T1_REVERSE_TO_FORWARD
663.4510,-32.7448,-20.1171,0.000,NORMAL,1,ROUTE,,,,,T1_REVERSE_TO_FORWARD
663.5510,-32.7172,-20.0210,0.000,NORMAL,1,ROUTE,,,,,T1_REVERSE_TO_FORWARD
663.6510,-32.6885,-19.9252,0.000,NORMAL,1,ROUTE,,,,,T1_REVERSE_TO_FORWARD
663.7510,-32.6589,-19.8297,0.000,NORMAL,1,ROUTE,,,,,T1_REVERSE_TO_FORWARD
663.8510,-32.6286,-19.7344,0.000,NORMAL,1,ROUTE,,,,,T1_REVERSE_TO_FORWARD
663.9509,-32.5978,-19.6393,0.000,NORMAL,1,ROUTE,,,,,T1_REVERSE_TO_FORWARD
664.0509,-32.5667,-19.5443,0.000,NORMAL,1,ROUTE,,,,,T1_REVERSE_TO_FORWARD
664.1508,-32.5354,-19.4494,0.000,NORMAL,1,ROUTE,,,,,T1_REVERSE_TO_FORWARD
664.2508,-32.5042,-19.3544,0.000,NORMAL,1,ROUTE,,,,,T1_REVERSE_TO_FORWARD
664.3508,-32.4731,-19.2594,0.000,NORMAL,1,ROUTE,,,,,T1_REVERSE_TO_FORWARD
664.4508,-32.4423,-19.1643,0.000,NORMAL,1,ROUTE,,,,,T1_REVERSE_TO_FORWARD
664.5508,-32.4119,-19.0690,0.000,NORMAL,1,ROUTE,,,,,T1_REVERSE_TO_FORWARD
664.6508,-32.3820,-18.9736,0.000,NORMAL,1,ROUTE,,,,,T1_REVERSE_TO_FORWARD
664.7507,-32.3525,-18.8781,0.000,NORMAL,1,ROUTE,,,,,T1_REVERSE_TO_FORWARD
664.8506,-32.3234,-18.7825,0.000,NORMAL,1,ROUTE,,,,,T1_REVERSE_TO_FORWARD
664.9506,-32.2947,-18.6867,0.000,NORMAL,1,ROUTE,,,,,T1_REVERSE_TO_FORWARD
665.0507,-32.2663,-18.5908,0.000,NORMAL,1,ROUTE,,,,,T1_REVERSE_TO_FORWARD
665.1506,-32.2382,-18.4949,0.000,NORMAL,1,ROUTE,,,,,T1_REVERSE_TO_FORWARD
665.2506,-32.2100,-18.3990,0.000,NORMAL,1,ROUTE,,,,,T1_REVERSE_TO_FORWARD
665.3505,-32.1818,-18.3031,0.000,NORMAL,1,ROUTE,,,,,T1_REVERSE_TO_FORWARD
665.4506,-32.1532,-18.2072,0.000,NORMAL,1,ROUTE,,,,,T1_REVERSE_TO_FORWARD
665.5505,-32.1242,-18.1116,0.000,NORMAL,1,ROUTE,,,,,T1_REVERSE_TO_FORWARD
665.6505,-32.0943,-18.0162,0.000,NORMAL,1,ROUTE,,,,,T1_REVERSE_TO_FORWARD
665.7505,-32.0634,-17.9211,0.000,NORMAL,1,ROUTE,,,,,T1_REVERSE_TO_FORWARD
665.8505,-32.0313,-17.8264,0.000,NORMAL,1,ROUTE,,,,,T1_REVERSE_TO_FORWARD
665.9504,-31.9979,-17.7322,0.000,NORMAL,1,ROUTE,,,,,T1_REVERSE_TO_FORWARD
666.0503,-31.9629,-17.6386,0.000,NORMAL,1,ROUTE,,,,,T1_REVERSE_TO_FORWARD
666.1503,-31.9264,-17.5455,0.000,NORMAL,1,ROUTE,,,,,T1_REVERSE_TO_FORWARD
666.2504,-31.8886,-17.4529,0.000,NORMAL,1,ROUTE,,,,,T1_REVERSE_TO_FORWARD
666.3503,-31.8496,-17.3609,0.000,NORMAL,1,ROUTE,,,,,T1_REVERSE_TO_FORWARD
666.4503,-31.8095,-17.2693,0.000,NORMAL,1,ROUTE,,,,,T1_REVERSE_TO_FORWARD
666.5503,-31.7687,-17.1780,0.000,NORMAL,1,ROUTE,,,,,T1_REVERSE_TO_FORWARD
666.6502,-31.7273,-17.0870,0.000,NORMAL,1,ROUTE,,,,,T1_REVERSE_TO_FORWARD
666.7502,-31.6855,-16.9962,0.000,NORMAL,1,ROUTE,,,,,T1_REVERSE_TO_FORWARD
666.8502,-31.6434,-16.9055,0.000,NORMAL,1,ROUTE,,,,,T1_REVERSE_TO_FORWARD
666.9501,-31.6012,-16.8149,0.000,NORMAL,1,ROUTE,,,,,T1_REVERSE_TO_FORWARD
667.0501,-31.5589,-16.7243,0.000,NORMAL,1,ROUTE,,,,,T1_REVERSE_TO_FORWARD
667.1501,-31.5164,-16.6338,0.000,NORMAL,1,ROUTE,,,,,T1_REVERSE_TO_FORWARD
667.2501,-31.4737,-16.5434,0.000,NORMAL,1,ROUTE,,,,,T1_REVERSE_TO_FORWARD
667.3501,-31.4306,-16.4532,0.000,NORMAL,1,ROUTE,,,,,T1_REVERSE_TO_FORWARD
667.4500,-31.3870,-16.3633,0.000,NORMAL,1,ROUTE,,,,,T1_REVERSE_TO_FORWARD
667.5500,-31.3427,-16.2736,0.000,NORMAL,1,ROUTE,,,,,T1_REVERSE_TO_FORWARD
667.6500,-31.2975,-16.1844,0.000,NORMAL,1,ROUTE,,,,,T1_REVERSE_TO_FORWARD
667.7500,-31.2514,-16.0957,0.000,NORMAL,1,ROUTE,,,,,T1_REVERSE_TO_FORWARD
667.8499,-31.2041,-16.0077,0.000,NORMAL,1,ROUTE,,,,,T1_REVERSE_TO_FORWARD
667.9499,-31.1556,-15.9202,0.000,NORMAL,1,ROUTE,,,,,T1_REVERSE_TO_FORWARD
668.0499,-31.1059,-15.8335,0.000,NORMAL,1,ROUTE,,,,,T1_REVERSE_TO_FORWARD
668.1498,-31.0549,-15.7475,0.000,NORMAL,1,ROUTE,,,,,T1_REVERSE_TO_FORWARD
668.2498,-31.0026,-15.6623,0.000,NORMAL,1,ROUTE,,,,,T1_REVERSE_TO_FORWARD
668.3497,-30.9491,-15.5779,0.000,NORMAL,1,ROUTE,,,,,T1_REVERSE_TO_FORWARD
668.4498,-30.8942,-15.4943,0.000,NORMAL,1,ROUTE,,,,,T1_REVERSE_TO_FORWARD
668.5498,-30.8380,-15.4116,0.000,NORMAL,1,ROUTE,,,,,T1_REVERSE_TO_FORWARD
668.6498,-30.7803,-15.3299,0.000,NORMAL,1,ROUTE,,,,,T1_REVERSE_TO_FORWARD
668.7497,-30.7213,-15.2493,0.000,NORMAL,1,ROUTE,,,,,T1_REVERSE_TO_FORWARD
668.8496,-30.6608,-15.1697,0.000,NORMAL,1,ROUTE,,,,,T1_REVERSE_TO_FORWARD
668.9497,-30.5989,-15.0911,0.000,NORMAL,1,ROUTE,,,,,T1_REVERSE_TO_FORWARD
669.0496,-30.5357,-15.0137,0.000,NORMAL,1,ROUTE,,,,,T1_REVERSE_TO_FORWARD
669.1496,-30.4711,-14.9374,0.000,NORMAL,1,ROUTE,,,,,T1_REVERSE_TO_FORWARD
669.2496,-30.4053,-14.8621,0.000,NORMAL,1,ROUTE,,,,,T1_REVERSE_TO_FORWARD
669.3496,-30.3383,-14.7879,0.000,NORMAL,1,ROUTE,,,,,T1_REVERSE_TO_FORWARD
669.4495,-30.2701,-14.7149,0.000,NORMAL,1,ROUTE,,,,,T1_REVERSE_TO_FORWARD
669.5495,-30.2007,-14.6429,0.000,NORMAL,1,ROUTE,,,,,T1_REVERSE_TO_FORWARD
669.6494,-30.1302,-14.5720,0.000,NORMAL,1,ROUTE,,,,,T1_REVERSE_TO_FORWARD
669.7494,-30.0587,-14.5021,0.000,NORMAL,1,ROUTE,,,,,T1_REVERSE_TO_FORWARD
669.8495,-29.9861,-14.4333,0.000,NORMAL,1,ROUTE,,,,,T1_REVERSE_TO_FORWARD
669.9494,-29.9127,-14.3655,0.000,NORMAL,1,ROUTE,,,,,T1_REVERSE_TO_FORWARD
670.0494,-29.8386,-14.2984,0.000,NORMAL,1,ROUTE,,,,,T1_REVERSE_TO_FORWARD
670.1494,-29.7638,-14.2320,0.000,NORMAL,1,ROUTE,,,,,T1_REVERSE_TO_FORWARD
670.2493,-29.6887,-14.1661,0.000,NORMAL,1,ROUTE,,,,,T1_REVERSE_TO_FORWARD
670.3493,-29.6133,-14.1004,0.000,NORMAL,1,ROUTE,,,,,T1_REVERSE_TO_FORWARD
670.4493,-29.5378,-14.0348,0.000,NORMAL,1,ROUTE,,,,,T1_REVERSE_TO_FORWARD
670.5493,-29.4623,-13.9693,0.000,NORMAL,1,ROUTE,,,,,T1_REVERSE_TO_FORWARD
670.6492,-29.3869,-13.9037,0.000,NORMAL,1,ROUTE,,,,,T1_REVERSE_TO_FORWARD
670.7492,-29.3115,-13.8380,0.000,NORMAL,1,ROUTE,,,,,T1_REVERSE_TO_FORWARD
670.8491,-29.2362,-13.7723,0.000,NORMAL,1,ROUTE,,,,,T1_REVERSE_TO_FORWARD
670.9491,-29.1607,-13.7068,0.000,NORMAL,1,ROUTE,,,,,T1_REVERSE_TO_FORWARD
671.0491,-29.0848,-13.6417,0.000,NORMAL,1,ROUTE,,,,,T1_REVERSE_TO_FORWARD
671.1490,-29.0083,-13.5774,0.000,NORMAL,1,ROUTE,,,,,T1_REVERSE_TO_FORWARD
671.2490,-28.9307,-13.5143,0.000,NORMAL,1,ROUTE,,,,,T1_REVERSE_TO_FORWARD
671.3491,-28.8516,-13.4531,0.000,NORMAL,1,ROUTE,,,,,T1_REVERSE_TO_FORWARD
671.4491,-28.7707,-13.3943,0.000,NORMAL,1,ROUTE,,,,,T1_REVERSE_TO_FORWARD
671.5489,-28.6878,-13.3386,0.000,NORMAL,1,ROUTE,,,,,T1_REVERSE_TO_FORWARD
671.6490,-28.6024,-13.2865,0.000,NORMAL,1,ROUTE,,,,,T1_REVERSE_TO_FORWARD
671.7489,-28.5144,-13.2391,0.000,NORMAL,1,ROUTE,,,,,T1_REVERSE_TO_FORWARD
671.7920,-28.4756,-13.2204,0.000,END_LANE,1,END_LANE,END_LANE_DECISION_START,SELECT_ALLOWED_LANE,GREEN_ARROW_AND_RED_X,,T1_REVERSE_TO_FORWARD
671.8489,-28.4236,-13.1973,0.000,END_LANE,1,END_LANE,,,GREEN_ARROW_AND_RED_X,,T1_REVERSE_TO_FORWARD
671.9488,-28.3305,-13.1611,0.000,END_LANE,1,END_LANE,,,,,T1_REVERSE_TO_FORWARD
672.0488,-28.2355,-13.1300,0.000,END_LANE,1,END_LANE,,,,,T1_REVERSE_TO_FORWARD
672.1488,-28.1390,-13.1037,0.000,END_LANE,1,END_LANE,,,,,T1_REVERSE_TO_FORWARD
672.2487,-28.0415,-13.0817,0.000,END_LANE,1,END_LANE,,,,,T1_REVERSE_TO_FORWARD
672.3487,-27.9431,-13.0638,0.000,END_LANE,1,END_LANE,,,,,T1_REVERSE_TO_FORWARD
672.4487,-27.8442,-13.0495,0.000,END_LANE,1,END_LANE,,,,,T1_REVERSE_TO_FORWARD
672.5487,-27.7448,-13.0386,0.000,END_LANE,1,END_LANE,,,,,T1_REVERSE_TO_FORWARD
672.6486,-27.6452,-13.0308,0.000,END_LANE,1,END_LANE,,,,,T1_REVERSE_TO_FORWARD
672.7486,-27.5453,-13.0257,0.000,END_LANE,1,END_LANE,,,,,T1_REVERSE_TO_FORWARD
672.8485,-27.4454,-13.0231,0.000,END_LANE,1,END_LANE,,,,,T1_REVERSE_TO_FORWARD
672.9485,-27.3454,-13.0229,0.000,END_LANE,1,END_LANE,,,,,T1_REVERSE_TO_FORWARD
673.0486,-27.2454,-13.0247,0.000,END_LANE,1,END_LANE,,,,,T1_REVERSE_TO_FORWARD
673.1485,-27.1455,-13.0284,0.000,END_LANE,1,END_LANE,,,,,T1_REVERSE_TO_FORWARD
673.2485,-27.0457,-13.0338,0.000,END_LANE,1,END_LANE,,,,,T1_REVERSE_TO_FORWARD
673.3484,-26.9460,-13.0408,0.000,END_LANE,1,END_LANE,,,,,T1_REVERSE_TO_FORWARD
673.4484,-26.8464,-13.0492,0.000,END_LANE,1,END_LANE,,,,,T1_REVERSE_TO_FORWARD
673.5483,-26.7469,-13.0588,0.000,END_LANE,1,END_LANE,,,,,T1_REVERSE_TO_FORWARD
673.6483,-26.6475,-13.0697,0.000,END_LANE,1,END_LANE,,,,,T1_REVERSE_TO_FORWARD
673.7483,-26.5482,-13.0816,0.000,END_LANE,1,END_LANE,,,,,T1_REVERSE_TO_FORWARD
673.8483,-26.4491,-13.0946,0.000,END_LANE,1,END_LANE,,,,,T1_REVERSE_TO_FORWARD
673.9482,-26.3501,-13.1084,0.000,END_LANE,1,END_LANE,,,,,T1_REVERSE_TO_FORWARD
674.0482,-26.2512,-13.1231,0.000,END_LANE,1,END_LANE,,,,,T1_REVERSE_TO_FORWARD
674.1482,-26.1524,-13.1385,0.000,END_LANE,1,END_LANE,,,,,T1_REVERSE_TO_FORWARD
674.2482,-26.0537,-13.1547,0.000,END_LANE,1,END_LANE,,,,,T1_REVERSE_TO_FORWARD
674.3482,-25.9552,-13.1715,0.000,END_LANE,1,END_LANE,,,,,T1_REVERSE_TO_FORWARD
674.4481,-25.8568,-13.1890,0.000,END_LANE,1,END_LANE,,,,,T1_REVERSE_TO_FORWARD
674.5481,-25.7584,-13.2070,0.000,END_LANE,1,END_LANE,,,,,T1_REVERSE_TO_FORWARD
674.6481,-25.6602,-13.2256,0.000,END_LANE,1,END_LANE,,,,,T1_REVERSE_TO_FORWARD
674.7481,-25.5620,-13.2447,0.000,END_LANE,1,END_LANE,,,,,T1_REVERSE_TO_FORWARD
674.8480,-25.4640,-13.2642,0.000,END_LANE,1,END_LANE,,,,,T1_REVERSE_TO_FORWARD
674.9481,-25.3660,-13.2842,0.000,END_LANE,1,END_LANE,,,,,T1_REVERSE_TO_FORWARD
675.0479,-25.2682,-13.3045,0.000,END_LANE,1,END_LANE,,,,,T1_REVERSE_TO_FORWARD
675.1479,-25.1704,-13.3253,0.000,END_LANE,1,END_LANE,,,,,T1_REVERSE_TO_FORWARD
675.2480,-25.0726,-13.3464,0.000,END_LANE,1,END_LANE,,,,,T1_REVERSE_TO_FORWARD
675.3479,-24.9750,-13.3677,0.000,END_LANE,1,END_LANE,,,,,T1_REVERSE_TO_FORWARD
675.4479,-24.8774,-13.3894,0.000,END_LANE,1,END_LANE,,,,,T1_REVERSE_TO_FORWARD
675.5479,-24.7798,-13.4113,0.000,END_LANE,1,END_LANE,,,,,T1_REVERSE_TO_FORWARD
675.6479,-24.6823,-13.4334,0.000,END_LANE,1,END_LANE,,,,,T1_REVERSE_TO_FORWARD
675.7478,-24.5849,-13.4557,0.000,END_LANE,1,END_LANE,,,,,T1_REVERSE_TO_FORWARD
675.8478,-24.4875,-13.4782,0.000,END_LANE,1,END_LANE,,,,,T1_REVERSE_TO_FORWARD
675.9477,-24.3901,-13.5008,0.000,END_LANE,1,END_LANE,,,,,T1_REVERSE_TO_FORWARD
676.0478,-24.2927,-13.5236,0.000,END_LANE,1,END_LANE,,,,,T1_REVERSE_TO_FORWARD
676.1477,-24.1954,-13.5464,0.000,END_LANE,1,END_LANE,,,,,T1_REVERSE_TO_FORWARD
676.2477,-24.0980,-13.5692,0.000,END_LANE,1,END_LANE,,,,,T1_REVERSE_TO_FORWARD
676.3477,-24.0007,-13.5921,0.000,END_LANE,1,END_LANE,,,,,T1_REVERSE_TO_FORWARD
676.4477,-23.9034,-13.6150,0.000,END_LANE,1,END_LANE,,,,,T1_REVERSE_TO_FORWARD
676.5476,-23.8061,-13.6379,0.000,END_LANE,1,END_LANE,,,,,T1_REVERSE_TO_FORWARD
676.6476,-23.7088,-13.6608,0.000,END_LANE,1,END_LANE,,,,,T1_REVERSE_TO_FORWARD
676.7476,-23.6114,-13.6836,0.000,END_LANE,1,END_LANE,,,,,T1_REVERSE_TO_FORWARD
676.8475,-23.5141,-13.7064,0.000,END_LANE,1,END_LANE,,,,,T1_REVERSE_TO_FORWARD
676.9476,-23.4167,-13.7291,0.000,END_LANE,1,END_LANE,,,,,T1_REVERSE_TO_FORWARD
677.0475,-23.3193,-13.7516,0.000,END_LANE,1,END_LANE,,,,,T1_REVERSE_TO_FORWARD
677.1475,-23.2219,-13.7741,0.000,END_LANE,1,END_LANE,,,,,T1_REVERSE_TO_FORWARD
677.2474,-23.1245,-13.7965,0.000,END_LANE,1,END_LANE,,,,,T1_REVERSE_TO_FORWARD
677.3474,-23.0270,-13.8187,0.000,END_LANE,1,END_LANE,,,,,T1_REVERSE_TO_FORWARD
677.4474,-22.9295,-13.8408,0.000,END_LANE,1,END_LANE,,,,,T1_REVERSE_TO_FORWARD
677.5473,-22.8320,-13.8628,0.000,END_LANE,1,END_LANE,,,,,T1_REVERSE_TO_FORWARD
677.6474,-22.7344,-13.8847,0.000,END_LANE,1,END_LANE,,,,,T1_REVERSE_TO_FORWARD
677.7474,-22.6368,-13.9064,0.000,END_LANE,1,END_LANE,,,,,T1_REVERSE_TO_FORWARD
677.8473,-22.5392,-13.9280,0.000,END_LANE,1,END_LANE,,,,,T1_REVERSE_TO_FORWARD
677.9472,-22.4416,-13.9494,0.000,END_LANE,1,END_LANE,,,,,T1_REVERSE_TO_FORWARD
678.0473,-22.3439,-13.9708,0.000,END_LANE,1,END_LANE,,,,,T1_REVERSE_TO_FORWARD
678.1472,-22.2462,-13.9920,0.000,END_LANE,1,END_LANE,,,,,T1_REVERSE_TO_FORWARD
678.2472,-22.1485,-14.0130,0.000,END_LANE,1,END_LANE,,,,,T1_REVERSE_TO_FORWARD
678.3472,-22.0507,-14.0339,0.000,END_LANE,1,END_LANE,,,,,T1_REVERSE_TO_FORWARD
678.4472,-21.9529,-14.0547,0.000,END_LANE,1,END_LANE,,,,,T1_REVERSE_TO_FORWARD
678.5471,-21.8551,-14.0754,0.000,END_LANE,1,END_LANE,,,,,T1_REVERSE_TO_FORWARD
678.6471,-21.7573,-14.0960,0.000,END_LANE,1,END_LANE,,,,,T1_REVERSE_TO_FORWARD
678.7471,-21.6594,-14.1164,0.000,END_LANE,1,END_LANE,,,,,T1_REVERSE_TO_FORWARD
678.8471,-21.5615,-14.1367,0.000,END_LANE,1,END_LANE,,,,,T1_REVERSE_TO_FORWARD
678.9470,-21.4636,-14.1568,0.000,END_LANE,1,END_LANE,,,,,T1_REVERSE_TO_FORWARD
679.0470,-21.3656,-14.1769,0.000,END_LANE,1,END_LANE,,,,,T1_REVERSE_TO_FORWARD
679.1469,-21.2677,-14.1968,0.000,END_LANE,1,END_LANE,,,,,T1_REVERSE_TO_FORWARD
679.2469,-21.1697,-14.2166,0.000,END_LANE,1,END_LANE,,,,,T1_REVERSE_TO_FORWARD
679.3469,-21.0717,-14.2363,0.000,END_LANE,1,END_LANE,,,,,T1_REVERSE_TO_FORWARD
679.4469,-20.9736,-14.2559,0.000,END_LANE,1,END_LANE,,,,,T1_REVERSE_TO_FORWARD
679.5468,-20.8756,-14.2754,0.000,END_LANE,1,END_LANE,,,,,T1_REVERSE_TO_FORWARD
679.6468,-20.7775,-14.2947,0.000,END_LANE,1,END_LANE,,,,,T1_REVERSE_TO_FORWARD
679.7468,-20.6794,-14.3140,0.000,END_LANE,1,END_LANE,,,,,T1_REVERSE_TO_FORWARD
679.8468,-20.5812,-14.3331,0.000,END_LANE,1,END_LANE,,,,,T1_REVERSE_TO_FORWARD
679.9468,-20.4831,-14.3521,0.000,END_LANE,1,END_LANE,,,,,T1_REVERSE_TO_FORWARD
680.0468,-20.3849,-14.3710,0.000,END_LANE,1,END_LANE,,,,,T1_REVERSE_TO_FORWARD
680.1467,-20.2867,-14.3898,0.000,END_LANE,1,END_LANE,,,,,T1_REVERSE_TO_FORWARD
680.2467,-20.1885,-14.4085,0.000,END_LANE,1,END_LANE,,,,,T1_REVERSE_TO_FORWARD
680.3467,-20.0903,-14.4271,0.000,END_LANE,1,END_LANE,,,,,T1_REVERSE_TO_FORWARD
680.4467,-19.9920,-14.4456,0.000,END_LANE,1,END_LANE,,,,,T1_REVERSE_TO_FORWARD
680.5466,-19.8938,-14.4640,0.000,END_LANE,1,END_LANE,,,,,T1_REVERSE_TO_FORWARD
680.6466,-19.7955,-14.4822,0.000,END_LANE,1,END_LANE,,,,,T1_REVERSE_TO_FORWARD
680.7466,-19.6971,-14.5004,0.000,END_LANE,1,END_LANE,,,,,T1_REVERSE_TO_FORWARD
680.8466,-19.5988,-14.5185,0.000,END_LANE,1,END_LANE,,,,,T1_REVERSE_TO_FORWARD
680.9465,-19.5005,-14.5364,0.000,END_LANE,1,END_LANE,,,,,T1_REVERSE_TO_FORWARD
681.0465,-19.4021,-14.5543,0.000,END_LANE,1,END_LANE,,,,,T1_REVERSE_TO_FORWARD
681.1465,-19.3037,-14.5721,0.000,END_LANE,1,END_LANE,,,,,T1_REVERSE_TO_FORWARD
681.2465,-19.2053,-14.5897,0.000,END_LANE,1,END_LANE,,,,,T1_REVERSE_TO_FORWARD
681.3464,-19.1069,-14.6073,0.000,END_LANE,1,END_LANE,,,,,T1_REVERSE_TO_FORWARD
681.4464,-19.0085,-14.6248,0.000,END_LANE,1,END_LANE,,,,,T1_REVERSE_TO_FORWARD
681.5464,-18.9100,-14.6422,0.000,END_LANE,1,END_LANE,,,,,T1_REVERSE_TO_FORWARD
681.6464,-18.8115,-14.6595,0.000,END_LANE,1,END_LANE,,,,,T1_REVERSE_TO_FORWARD
681.7463,-18.7131,-14.6767,0.000,END_LANE,1,END_LANE,,,,,T1_REVERSE_TO_FORWARD
681.8463,-18.6146,-14.6938,0.000,END_LANE,1,END_LANE,,,,,T1_REVERSE_TO_FORWARD
681.9462,-18.5161,-14.7108,0.000,END_LANE,1,END_LANE,,,,,T1_REVERSE_TO_FORWARD
682.0463,-18.4175,-14.7278,0.000,END_LANE,1,END_LANE,,,,,T1_REVERSE_TO_FORWARD
682.1462,-18.3190,-14.7446,0.000,END_LANE,1,END_LANE,,,,,T1_REVERSE_TO_FORWARD
682.2462,-18.2204,-14.7614,0.000,END_LANE,1,END_LANE,,,,,T1_REVERSE_TO_FORWARD
682.3461,-18.1219,-14.7781,0.000,END_LANE,1,END_LANE,,,,,T1_REVERSE_TO_FORWARD
682.4461,-18.0233,-14.7948,0.000,END_LANE,1,END_LANE,,,,,T1_REVERSE_TO_FORWARD
682.5461,-17.9247,-14.8113,0.000,END_LANE,1,END_LANE,,,,,T1_REVERSE_TO_FORWARD
682.6461,-17.8261,-14.8278,0.000,END_LANE,1,END_LANE,,,,,T1_REVERSE_TO_FORWARD
682.7461,-17.7274,-14.8441,0.000,END_LANE,1,END_LANE,,,,,T1_REVERSE_TO_FORWARD
682.8461,-17.6288,-14.8605,0.000,END_LANE,1,END_LANE,,,,,T1_REVERSE_TO_FORWARD
682.9460,-17.5302,-14.8767,0.000,END_LANE,1,END_LANE,,,,,T1_REVERSE_TO_FORWARD
683.0460,-17.4315,-14.8929,0.000,END_LANE,1,END_LANE,,,,,T1_REVERSE_TO_FORWARD
683.1460,-17.3328,-14.9090,0.000,END_LANE,1,END_LANE,,,,,T1_REVERSE_TO_FORWARD
683.2459,-17.2342,-14.9250,0.000,END_LANE,1,END_LANE,,,,,T1_REVERSE_TO_FORWARD
683.3459,-17.1355,-14.9410,0.000,END_LANE,1,END_LANE,,,,,T1_REVERSE_TO_FORWARD
683.4459,-17.0368,-14.9569,0.000,END_LANE,1,END_LANE,,,,,T1_REVERSE_TO_FORWARD
683.5459,-16.9380,-14.9727,0.000,END_LANE,1,END_LANE,,,,,T1_REVERSE_TO_FORWARD
683.6459,-16.8393,-14.9884,0.000,END_LANE,1,END_LANE,,,,,T1_REVERSE_TO_FORWARD
683.7458,-16.7406,-15.0041,0.000,END_LANE,1,END_LANE,,,,,T1_REVERSE_TO_FORWARD
683.8458,-16.6418,-15.0197,0.000,END_LANE,1,END_LANE,,,,,T1_REVERSE_TO_FORWARD
683.9458,-16.5431,-15.0353,0.000,END_LANE,1,END_LANE,,,,,T1_REVERSE_TO_FORWARD
684.0458,-16.4443,-15.0508,0.000,END_LANE,1,END_LANE,,,,,T1_REVERSE_TO_FORWARD
684.1458,-16.3455,-15.0662,0.000,END_LANE,1,END_LANE,,,,,T1_REVERSE_TO_FORWARD
684.2457,-16.2467,-15.0815,0.000,END_LANE,1,END_LANE,,,,,T1_REVERSE_TO_FORWARD
684.3457,-16.1479,-15.0968,0.000,END_LANE,1,END_LANE,,,,,T1_REVERSE_TO_FORWARD
684.4457,-16.0491,-15.1120,0.000,END_LANE,1,END_LANE,,,,,T1_REVERSE_TO_FORWARD
684.5456,-15.9503,-15.1272,0.000,END_LANE,1,END_LANE,,,,,T1_REVERSE_TO_FORWARD
684.6456,-15.8515,-15.1423,0.000,END_LANE,1,END_LANE,,,,,T1_REVERSE_TO_FORWARD
684.7456,-15.7526,-15.1573,0.000,END_LANE,1,END_LANE,,,,,T1_REVERSE_TO_FORWARD
684.8456,-15.6538,-15.1723,0.000,END_LANE,1,END_LANE,,,,,T1_REVERSE_TO_FORWARD
684.9456,-15.5549,-15.1871,0.000,END_LANE,1,END_LANE,,,,,T1_REVERSE_TO_FORWARD
685.0456,-15.4560,-15.2020,0.000,END_LANE,1,END_LANE,,,,,T1_REVERSE_TO_FORWARD
685.1455,-15.3572,-15.2167,0.000,END_LANE,1,END_LANE,,,,,T1_REVERSE_TO_FORWARD
685.2454,-15.2583,-15.2314,0.000,END_LANE,1,END_LANE,,,,,T1_REVERSE_TO_FORWARD
685.3454,-15.1594,-15.2460,0.000,END_LANE,1,END_LANE,,,,,T1_REVERSE_TO_FORWARD
685.4454,-15.0605,-15.2606,0.000,END_LANE,1,END_LANE,,,,,T1_REVERSE_TO_FORWARD
685.5454,-14.9615,-15.2750,0.000,END_LANE,1,END_LANE,,,,,T1_REVERSE_TO_FORWARD
685.6454,-14.8626,-15.2895,0.000,END_LANE,1,END_LANE,,,,,T1_REVERSE_TO_FORWARD
685.7453,-14.7637,-15.3038,0.000,END_LANE,1,END_LANE,,,,,T1_REVERSE_TO_FORWARD
685.8453,-14.6647,-15.3181,0.000,END_LANE,1,END_LANE,,,,,T1_REVERSE_TO_FORWARD
685.9453,-14.5658,-15.3323,0.000,END_LANE,1,END_LANE,,,,,T1_REVERSE_TO_FORWARD
686.0453,-14.4668,-15.3465,0.000,END_LANE,1,END_LANE,,,,,T1_REVERSE_TO_FORWARD
686.1453,-14.3678,-15.3606,0.000,END_LANE,1,END_LANE,,,,,T1_REVERSE_TO_FORWARD
686.2453,-14.2688,-15.3746,0.000,END_LANE,1,END_LANE,,,,,T1_REVERSE_TO_FORWARD
686.3452,-14.1698,-15.3885,0.000,END_LANE,1,END_LANE,,,,,T1_REVERSE_TO_FORWARD
686.4452,-14.0708,-15.4024,0.000,END_LANE,1,END_LANE,,,,,T1_REVERSE_TO_FORWARD
686.5452,-13.9718,-15.4162,0.000,END_LANE,1,END_LANE,,,,,T1_REVERSE_TO_FORWARD
686.6451,-13.8728,-15.4300,0.000,END_LANE,1,END_LANE,,,,,T1_REVERSE_TO_FORWARD
686.7451,-13.7738,-15.4437,0.000,END_LANE,1,END_LANE,,,,,T1_REVERSE_TO_FORWARD
686.8451,-13.6747,-15.4573,0.000,END_LANE,1,END_LANE,,,,,T1_REVERSE_TO_FORWARD
686.9450,-13.5757,-15.4709,0.000,END_LANE,1,END_LANE,,,,,T1_REVERSE_TO_FORWARD
687.0450,-13.4766,-15.4844,0.000,END_LANE,1,END_LANE,,,,,T1_REVERSE_TO_FORWARD
687.1450,-13.3775,-15.4978,0.000,END_LANE,1,END_LANE,,,,,T1_REVERSE_TO_FORWARD
687.2449,-13.2785,-15.5111,0.000,END_LANE,1,END_LANE,,,,,T1_REVERSE_TO_FORWARD
687.3449,-13.1794,-15.5244,0.000,END_LANE,1,END_LANE,,,,,T1_REVERSE_TO_FORWARD
687.4449,-13.0803,-15.5376,0.000,END_LANE,1,END_LANE,,,,,T1_REVERSE_TO_FORWARD
687.5114,-13.0144,-15.5464,0.000,END_LANE,1,END_LANE,END_LANE_CHANGE_DEADLINE,COMPLETE_LANE_CHANGE,ALLOWED_LANE_LATCHED,,T1_REVERSE_TO_FORWARD
687.5449,-12.9812,-15.5508,0.000,END_LANE,1,END_LANE,,,ALLOWED_LANE_LATCHED,,T1_REVERSE_TO_FORWARD
687.6449,-12.8820,-15.5639,0.000,END_LANE,1,END_LANE,,,ALLOWED_LANE_LATCHED,,T1_REVERSE_TO_FORWARD
687.7449,-12.7829,-15.5769,0.000,END_LANE,1,END_LANE,,,,,T1_REVERSE_TO_FORWARD
687.8448,-12.6838,-15.5899,0.000,END_LANE,1,END_LANE,,,,,T1_REVERSE_TO_FORWARD
687.9448,-12.5847,-15.6028,0.000,END_LANE,1,END_LANE,,,,,T1_REVERSE_TO_FORWARD
688.0448,-12.4855,-15.6156,0.000,END_LANE,1,END_LANE,,,,,T1_REVERSE_TO_FORWARD
688.1448,-12.3863,-15.6283,0.000,END_LANE,1,END_LANE,,,,,T1_REVERSE_TO_FORWARD
688.2447,-12.2872,-15.6410,0.000,END_LANE,1,END_LANE,,,,,T1_REVERSE_TO_FORWARD
688.3447,-12.1880,-15.6537,0.000,END_LANE,1,END_LANE,,,,,T1_REVERSE_TO_FORWARD
688.4447,-12.0888,-15.6662,0.000,END_LANE,1,END_LANE,,,,,T1_REVERSE_TO_FORWARD
688.5447,-11.9896,-15.6787,0.000,END_LANE,1,END_LANE,,,,,T1_REVERSE_TO_FORWARD
688.6446,-11.8904,-15.6911,0.000,END_LANE,1,END_LANE,,,,,T1_REVERSE_TO_FORWARD
688.7446,-11.7912,-15.7035,0.000,END_LANE,1,END_LANE,,,,,T1_REVERSE_TO_FORWARD
688.8446,-11.6920,-15.7158,0.000,END_LANE,1,END_LANE,,,,,T1_REVERSE_TO_FORWARD
688.9445,-11.5928,-15.7280,0.000,END_LANE,1,END_LANE,,,,,T1_REVERSE_TO_FORWARD
689.0446,-11.4935,-15.7402,0.000,END_LANE,1,END_LANE,,,,,T1_REVERSE_TO_FORWARD
689.1445,-11.3943,-15.7522,0.000,END_LANE,1,END_LANE,,,,,T1_REVERSE_TO_FORWARD
689.2444,-11.2951,-15.7643,0.000,END_LANE,1,END_LANE,,,,,T1_REVERSE_TO_FORWARD
689.3444,-11.1958,-15.7762,0.000,END_LANE,1,END_LANE,,,,,T1_REVERSE_TO_FORWARD
689.4445,-11.0965,-15.7881,0.000,END_LANE,1,END_LANE,,,,,T1_REVERSE_TO_FORWARD
689.5444,-10.9973,-15.7999,0.000,END_LANE,1,END_LANE,,,,,T1_REVERSE_TO_FORWARD
689.6444,-10.8980,-15.8117,0.000,END_LANE,1,END_LANE,,,,,T1_REVERSE_TO_FORWARD
689.7443,-10.7987,-15.8234,0.000,END_LANE,1,END_LANE,,,,,T1_REVERSE_TO_FORWARD
689.8443,-10.6994,-15.8350,0.000,END_LANE,1,END_LANE,,,,,T1_REVERSE_TO_FORWARD
689.9443,-10.6001,-15.8465,0.000,END_LANE,1,END_LANE,,,,,T1_REVERSE_TO_FORWARD
690.0442,-10.5008,-15.8580,0.000,END_LANE,1,END_LANE,,,,,T1_REVERSE_TO_FORWARD
690.1443,-10.4014,-15.8694,0.000,END_LANE,1,END_LANE,,,,,T1_REVERSE_TO_FORWARD
690.2442,-10.3021,-15.8808,0.000,END_LANE,1,END_LANE,,,,,T1_REVERSE_TO_FORWARD
690.3442,-10.2028,-15.8921,0.000,END_LANE,1,END_LANE,,,,,T1_REVERSE_TO_FORWARD
690.4442,-10.1034,-15.9033,0.000,END_LANE,1,END_LANE,,,,,T1_REVERSE_TO_FORWARD
690.5441,-10.0041,-15.9144,0.000,END_LANE,1,END_LANE,,,,,T1_REVERSE_TO_FORWARD
690.6441,-9.9047,-15.9255,0.000,END_LANE,1,END_LANE,,,,,T1_REVERSE_TO_FORWARD
690.7441,-9.8054,-15.9365,0.000,END_LANE,1,END_LANE,,,,,T1_REVERSE_TO_FORWARD
690.8441,-9.7060,-15.9475,0.000,END_LANE,1,END_LANE,,,,,T1_REVERSE_TO_FORWARD
690.9440,-9.6066,-15.9583,0.000,END_LANE,1,END_LANE,,,,,T1_REVERSE_TO_FORWARD
691.0440,-9.5072,-15.9691,0.000,END_LANE,1,END_LANE,,,,,T1_REVERSE_TO_FORWARD
691.1440,-9.4078,-15.9799,0.000,END_LANE,1,END_LANE,,,,,T1_REVERSE_TO_FORWARD
691.2440,-9.3084,-15.9906,0.000,END_LANE,1,END_LANE,,,,,T1_REVERSE_TO_FORWARD
691.3440,-9.2090,-16.0012,0.000,END_LANE,1,END_LANE,,,,,T1_REVERSE_TO_FORWARD
691.4439,-9.1096,-16.0117,0.000,END_LANE,1,END_LANE,,,,,T1_REVERSE_TO_FORWARD
691.5439,-9.0102,-16.0222,0.000,END_LANE,1,END_LANE,,,,,T1_REVERSE_TO_FORWARD
691.6439,-8.9107,-16.0326,0.000,END_LANE,1,END_LANE,,,,,T1_REVERSE_TO_FORWARD
691.7438,-8.8113,-16.0429,0.000,END_LANE,1,END_LANE,,,,,T1_REVERSE_TO_FORWARD
691.8439,-8.7118,-16.0532,0.000,END_LANE,1,END_LANE,,,,,T1_REVERSE_TO_FORWARD
691.9438,-8.6124,-16.0634,0.000,END_LANE,1,END_LANE,,,,,T1_REVERSE_TO_FORWARD
692.0438,-8.5129,-16.0735,0.000,END_LANE,1,END_LANE,,,,,T1_REVERSE_TO_FORWARD
692.1437,-8.4135,-16.0835,0.000,END_LANE,1,END_LANE,,,,,T1_REVERSE_TO_FORWARD
692.2437,-8.3140,-16.0935,0.000,END_LANE,1,END_LANE,,,,,T1_REVERSE_TO_FORWARD
692.3437,-8.2145,-16.1035,0.000,END_LANE,1,END_LANE,,,,,T1_REVERSE_TO_FORWARD
692.4437,-8.1150,-16.1133,0.000,END_LANE,1,END_LANE,,,,,T1_REVERSE_TO_FORWARD
692.5437,-8.0155,-16.1231,0.000,END_LANE,1,END_LANE,,,,,T1_REVERSE_TO_FORWARD
692.6436,-7.9160,-16.1328,0.000,END_LANE,1,END_LANE,,,,,T1_REVERSE_TO_FORWARD
692.7436,-7.8165,-16.1424,0.000,END_LANE,1,END_LANE,,,,,T1_REVERSE_TO_FORWARD
692.8436,-7.7170,-16.1520,0.000,END_LANE,1,END_LANE,,,,,T1_REVERSE_TO_FORWARD
692.9435,-7.6175,-16.1615,0.000,END_LANE,1,END_LANE,,,,,T1_REVERSE_TO_FORWARD
693.0436,-7.5179,-16.1709,0.000,END_LANE,1,END_LANE,,,,,T1_REVERSE_TO_FORWARD
693.1435,-7.4184,-16.1803,0.000,END_LANE,1,END_LANE,,,,,T1_REVERSE_TO_FORWARD
693.2434,-7.3189,-16.1896,0.000,END_LANE,1,END_LANE,,,,,T1_REVERSE_TO_FORWARD
693.3435,-7.2193,-16.1988,0.000,END_LANE,1,END_LANE,,,,,T1_REVERSE_TO_FORWARD
693.4435,-7.1197,-16.2079,0.000,END_LANE,1,END_LANE,,,,,T1_REVERSE_TO_FORWARD
693.5434,-7.0202,-16.2170,0.000,END_LANE,1,END_LANE,,,,,T1_REVERSE_TO_FORWARD
693.6434,-6.9206,-16.2260,0.000,END_LANE,1,END_LANE,,,,,T1_REVERSE_TO_FORWARD
693.7434,-6.8210,-16.2350,0.000,END_LANE,1,END_LANE,,,,,T1_REVERSE_TO_FORWARD
693.8433,-6.7215,-16.2438,0.000,END_LANE,1,END_LANE,,,,,T1_REVERSE_TO_FORWARD
693.9433,-6.6219,-16.2526,0.000,END_LANE,1,END_LANE,,,,,T1_REVERSE_TO_FORWARD
694.0433,-6.5223,-16.2614,0.000,END_LANE,1,END_LANE,,,,,T1_REVERSE_TO_FORWARD
694.1432,-6.4227,-16.2700,0.000,END_LANE,1,END_LANE,,,,,T1_REVERSE_TO_FORWARD
694.2432,-6.3231,-16.2786,0.000,END_LANE,1,END_LANE,,,,,T1_REVERSE_TO_FORWARD
694.3432,-6.2235,-16.2871,0.000,END_LANE,1,END_LANE,,,,,T1_REVERSE_TO_FORWARD
694.4432,-6.1238,-16.2955,0.000,END_LANE,1,END_LANE,,,,,T1_REVERSE_TO_FORWARD
694.5432,-6.0242,-16.3039,0.000,END_LANE,1,END_LANE,,,,,T1_REVERSE_TO_FORWARD
694.5465,-6.0209,-16.3042,0.000,END_LANE,1,END_LANE,FINISH_LINE,CROSS_FINISH_LINE,,,T1_REVERSE_TO_FORWARD
694.6431,-5.9246,-16.3122,0.000,END_LANE,1,END_LANE,,,,,T1_REVERSE_TO_FORWARD
694.6961,-5.8718,-16.3166,0.000,NORMAL,1,ROUTE,,,,,T1_REVERSE_TO_FORWARD
694.7431,-5.8250,-16.3205,0.000,NORMAL,1,ROUTE,,,,,T1_REVERSE_TO_FORWARD
694.8431,-5.7253,-16.3286,0.000,NORMAL,1,ROUTE,,,,,T1_REVERSE_TO_FORWARD
694.9430,-5.6257,-16.3366,0.000,NORMAL,1,ROUTE,,,,,T1_REVERSE_TO_FORWARD
695.0430,-5.5260,-16.3446,0.000,NORMAL,1,ROUTE,,,,,T1_REVERSE_TO_FORWARD
695.1430,-5.4263,-16.3525,0.000,NORMAL,1,ROUTE,,,,,T1_REVERSE_TO_FORWARD
695.2430,-5.3267,-16.3603,0.000,NORMAL,1,ROUTE,,,,,T1_REVERSE_TO_FORWARD
695.3430,-5.2270,-16.3681,0.000,NORMAL,1,ROUTE,,,,,T1_REVERSE_TO_FORWARD
695.4429,-5.1273,-16.3757,0.000,NORMAL,1,ROUTE,,,,,T1_REVERSE_TO_FORWARD
695.5429,-5.0276,-16.3833,0.000,NORMAL,1,ROUTE,,,,,T1_REVERSE_TO_FORWARD
695.6429,-4.9279,-16.3908,0.000,NORMAL,1,ROUTE,,,,,T1_REVERSE_TO_FORWARD
695.7429,-4.8282,-16.3983,0.000,NORMAL,1,ROUTE,,,,,T1_REVERSE_TO_FORWARD
695.8429,-4.7285,-16.4057,0.000,NORMAL,1,ROUTE,,,,,T1_REVERSE_TO_FORWARD
695.9428,-4.6288,-16.4131,0.000,NORMAL,1,ROUTE,,,,,T1_REVERSE_TO_FORWARD
696.0428,-4.5291,-16.4204,0.000,NORMAL,1,ROUTE,,,,,T1_REVERSE_TO_FORWARD
696.1428,-4.4294,-16.4277,0.000,NORMAL,1,ROUTE,,,,,T1_REVERSE_TO_FORWARD
696.2427,-4.3297,-16.4349,0.000,NORMAL,1,ROUTE,,,,,T1_REVERSE_TO_FORWARD
696.3427,-4.2300,-16.4422,0.000,FINISH,1,FINISH,ROUTE_COMPLETE,FULL_STOP,,,T1_REVERSE_TO_FORWARD
