s_m,x_m,y_m,target_speed_mps,mission,direction,fsm_zone,fsm_event_ids,fsm_actions,fsm_conditions,fsm_hold_sec,direction_source
0.0000,0.0000,0.0000,0.000,NORMAL,1,ROUTE,ROUTE_START,START,,,PREVIEW_DEFAULT
0.1000,-0.0943,0.0333,0.000,NORMAL,1,ROUTE,,,,,PREVIEW_DEFAULT
0.2000,-0.1886,0.0667,0.000,NORMAL,1,ROUTE,,,,,PREVIEW_DEFAULT
0.3000,-0.2828,0.1000,0.000,NORMAL,1,ROUTE,,,,,PREVIEW_DEFAULT
0.4000,-0.3771,0.1333,0.000,NORMAL,1,ROUTE,,,,,PREVIEW_DEFAULT
0.5000,-0.4714,0.1666,0.000,NORMAL,1,ROUTE,,,,,PREVIEW_DEFAULT
0.6000,-0.5657,0.2000,0.000,NORMAL,1,ROUTE,,,,,PREVIEW_DEFAULT
0.7000,-0.6600,0.2333,0.000,NORMAL,1,ROUTE,,,,,PREVIEW_DEFAULT
0.8000,-0.7543,0.2665,0.000,NORMAL,1,ROUTE,,,,,PREVIEW_DEFAULT
0.9000,-0.8486,0.2998,0.000,NORMAL,1,ROUTE,,,,,PREVIEW_DEFAULT
1.0000,-0.9429,0.3331,0.000,NORMAL,1,ROUTE,,,,,PREVIEW_DEFAULT
1.0999,-1.0371,0.3664,0.000,NORMAL,1,ROUTE,,,,,PREVIEW_DEFAULT
1.1999,-1.1314,0.3997,0.000,NORMAL,1,ROUTE,,,,,PREVIEW_DEFAULT
1.2999,-1.2257,0.4330,0.000,NORMAL,1,ROUTE,,,,,PREVIEW_DEFAULT
1.4000,-1.3200,0.4664,0.000,NORMAL,1,ROUTE,,,,,PREVIEW_DEFAULT
1.4999,-1.4142,0.4998,0.000,NORMAL,1,ROUTE,,,,,PREVIEW_DEFAULT
1.6000,-1.5085,0.5333,0.000,NORMAL,1,ROUTE,,,,,PREVIEW_DEFAULT
1.7000,-1.6027,0.5668,0.000,NORMAL,1,ROUTE,,,,,PREVIEW_DEFAULT
1.7999,-1.6968,0.6005,0.000,NORMAL,1,ROUTE,,,,,PREVIEW_DEFAULT
1.8999,-1.7909,0.6343,0.000,NORMAL,1,ROUTE,,,,,PREVIEW_DEFAULT
2.0000,-1.8850,0.6683,0.000,NORMAL,1,ROUTE,,,,,PREVIEW_DEFAULT
2.0999,-1.9789,0.7025,0.000,NORMAL,1,ROUTE,,,,,PREVIEW_DEFAULT
2.1999,-2.0728,0.7369,0.000,NORMAL,1,ROUTE,,,,,PREVIEW_DEFAULT
2.2999,-2.1666,0.7716,0.000,NORMAL,1,ROUTE,,,,,PREVIEW_DEFAULT
2.3999,-2.2603,0.8066,0.000,NORMAL,1,ROUTE,,,,,PREVIEW_DEFAULT
2.4999,-2.3538,0.8419,0.000,NORMAL,1,ROUTE,,,,,PREVIEW_DEFAULT
2.5999,-2.4473,0.8775,0.000,NORMAL,1,ROUTE,,,,,PREVIEW_DEFAULT
2.7000,-2.5406,0.9136,0.000,NORMAL,1,ROUTE,,,,,PREVIEW_DEFAULT
2.7999,-2.6337,0.9499,0.000,NORMAL,1,ROUTE,,,,,PREVIEW_DEFAULT
2.8999,-2.7267,0.9867,0.000,NORMAL,1,ROUTE,,,,,PREVIEW_DEFAULT
2.9999,-2.8195,1.0238,0.000,NORMAL,1,ROUTE,,,,,PREVIEW_DEFAULT
3.0999,-2.9123,1.0612,0.000,NORMAL,1,ROUTE,,,,,PREVIEW_DEFAULT
3.1999,-3.0049,1.0989,0.000,NORMAL,1,ROUTE,,,,,PREVIEW_DEFAULT
3.2999,-3.0975,1.1366,0.000,NORMAL,1,ROUTE,,,,,PREVIEW_DEFAULT
3.3999,-3.1901,1.1744,0.000,NORMAL,1,ROUTE,,,,,PREVIEW_DEFAULT
3.4999,-3.2827,1.2122,0.000,NORMAL,1,ROUTE,,,,,PREVIEW_DEFAULT
3.5999,-3.3754,1.2497,0.000,NORMAL,1,ROUTE,,,,,PREVIEW_DEFAULT
3.6999,-3.4682,1.2870,0.000,NORMAL,1,ROUTE,,,,,PREVIEW_DEFAULT
3.7999,-3.5611,1.3239,0.000,NORMAL,1,ROUTE,,,,,PREVIEW_DEFAULT
3.8999,-3.6542,1.3604,0.000,NORMAL,1,ROUTE,,,,,PREVIEW_DEFAULT
3.9998,-3.7475,1.3963,0.000,NORMAL,1,ROUTE,,,,,PREVIEW_DEFAULT
4.0998,-3.8410,1.4317,0.000,NORMAL,1,ROUTE,,,,,PREVIEW_DEFAULT
4.1999,-3.9348,1.4666,0.000,NORMAL,1,ROUTE,,,,,PREVIEW_DEFAULT
4.2999,-4.0287,1.5009,0.000,NORMAL,1,ROUTE,,,,,PREVIEW_DEFAULT
4.3999,-4.1228,1.5347,0.000,NORMAL,1,ROUTE,,,,,PREVIEW_DEFAULT
4.4999,-4.2172,1.5678,0.000,NORMAL,1,ROUTE,,,,,PREVIEW_DEFAULT
4.5999,-4.3117,1.6004,0.000,NORMAL,1,ROUTE,,,,,PREVIEW_DEFAULT
4.6998,-4.4064,1.6324,0.000,NORMAL,1,ROUTE,,,,,PREVIEW_DEFAULT
4.7999,-4.5014,1.6638,0.000,NORMAL,1,ROUTE,,,,,PREVIEW_DEFAULT
4.8998,-4.5965,1.6946,0.000,NORMAL,1,ROUTE,,,,,PREVIEW_DEFAULT
4.9998,-4.6918,1.7249,0.000,NORMAL,1,ROUTE,,,,,PREVIEW_DEFAULT
5.0999,-4.7873,1.7547,0.000,NORMAL,1,ROUTE,,,,,PREVIEW_DEFAULT
5.1998,-4.8828,1.7841,0.000,NORMAL,1,ROUTE,,,,,PREVIEW_DEFAULT
5.2998,-4.9785,1.8131,0.000,NORMAL,1,ROUTE,,,,,PREVIEW_DEFAULT
5.3998,-5.0743,1.8418,0.000,NORMAL,1,ROUTE,,,,,PREVIEW_DEFAULT
5.4998,-5.1701,1.8704,0.000,NORMAL,1,ROUTE,,,,,PREVIEW_DEFAULT
5.5998,-5.2660,1.8989,0.000,NORMAL,1,ROUTE,,,,,PREVIEW_DEFAULT
5.6998,-5.3618,1.9275,0.000,NORMAL,1,ROUTE,,,,,PREVIEW_DEFAULT
5.7998,-5.4576,1.9562,0.000,NORMAL,1,ROUTE,,,,,PREVIEW_DEFAULT
5.8998,-5.5534,1.9850,0.000,NORMAL,1,ROUTE,,,,,PREVIEW_DEFAULT
5.9998,-5.6491,2.0140,0.000,NORMAL,1,ROUTE,,,,,PREVIEW_DEFAULT
6.0998,-5.7447,2.0431,0.000,NORMAL,1,ROUTE,,,,,PREVIEW_DEFAULT
6.1998,-5.8403,2.0724,0.000,NORMAL,1,ROUTE,,,,,PREVIEW_DEFAULT
6.2998,-5.9359,2.1018,0.000,NORMAL,1,ROUTE,,,,,PREVIEW_DEFAULT
6.3998,-6.0314,2.1314,0.000,NORMAL,1,ROUTE,,,,,PREVIEW_DEFAULT
6.4998,-6.1269,2.1610,0.000,NORMAL,1,ROUTE,,,,,PREVIEW_DEFAULT
6.5998,-6.2224,2.1907,0.000,NORMAL,1,ROUTE,,,,,PREVIEW_DEFAULT
6.6998,-6.3179,2.2206,0.000,NORMAL,1,ROUTE,,,,,PREVIEW_DEFAULT
6.7998,-6.4133,2.2506,0.000,NORMAL,1,ROUTE,,,,,PREVIEW_DEFAULT
6.8998,-6.5086,2.2807,0.000,NORMAL,1,ROUTE,,,,,PREVIEW_DEFAULT
6.9998,-6.6039,2.3110,0.000,NORMAL,1,ROUTE,,,,,PREVIEW_DEFAULT
7.0997,-6.6991,2.3415,0.000,NORMAL,1,ROUTE,,,,,PREVIEW_DEFAULT
7.1998,-6.7943,2.3722,0.000,NORMAL,1,ROUTE,,,,,PREVIEW_DEFAULT
7.2998,-6.8894,2.4032,0.000,NORMAL,1,ROUTE,,,,,PREVIEW_DEFAULT
7.3997,-6.9843,2.4345,0.000,NORMAL,1,ROUTE,,,,,PREVIEW_DEFAULT
7.4998,-7.0792,2.4661,0.000,NORMAL,1,ROUTE,,,,,PREVIEW_DEFAULT
7.5998,-7.1740,2.4981,0.000,NORMAL,1,ROUTE,,,,,PREVIEW_DEFAULT
7.6998,-7.2686,2.5304,0.000,NORMAL,1,ROUTE,,,,,PREVIEW_DEFAULT
7.7998,-7.3631,2.5631,0.000,NORMAL,1,ROUTE,,,,,PREVIEW_DEFAULT
7.8997,-7.4574,2.5962,0.000,NORMAL,1,ROUTE,,,,,PREVIEW_DEFAULT
7.9998,-7.5517,2.6297,0.000,NORMAL,1,ROUTE,,,,,PREVIEW_DEFAULT
8.0997,-7.6457,2.6636,0.000,NORMAL,1,ROUTE,,,,,PREVIEW_DEFAULT
8.1997,-7.7397,2.6978,0.000,NORMAL,1,ROUTE,,,,,PREVIEW_DEFAULT
8.2997,-7.8335,2.7324,0.000,NORMAL,1,ROUTE,,,,,PREVIEW_DEFAULT
8.3998,-7.9273,2.7672,0.000,NORMAL,1,ROUTE,,,,,PREVIEW_DEFAULT
8.4998,-8.0210,2.8022,0.000,NORMAL,1,ROUTE,,,,,PREVIEW_DEFAULT
8.5997,-8.1146,2.8372,0.000,NORMAL,1,ROUTE,,,,,PREVIEW_DEFAULT
8.6997,-8.2083,2.8721,0.000,NORMAL,1,ROUTE,,,,,PREVIEW_DEFAULT
8.7997,-8.3021,2.9069,0.000,NORMAL,1,ROUTE,,,,,PREVIEW_DEFAULT
8.8997,-8.3959,2.9414,0.000,NORMAL,1,ROUTE,,,,,PREVIEW_DEFAULT
8.9997,-8.4900,2.9754,0.000,NORMAL,1,ROUTE,,,,,PREVIEW_DEFAULT
9.0997,-8.5841,3.0091,0.000,NORMAL,1,ROUTE,,,,,PREVIEW_DEFAULT
9.1997,-8.6784,3.0423,0.000,NORMAL,1,ROUTE,,,,,PREVIEW_DEFAULT
9.2997,-8.7729,3.0751,0.000,NORMAL,1,ROUTE,,,,,PREVIEW_DEFAULT
9.3997,-8.8675,3.1075,0.000,NORMAL,1,ROUTE,,,,,PREVIEW_DEFAULT
9.4997,-8.9622,3.1397,0.000,NORMAL,1,ROUTE,,,,,PREVIEW_DEFAULT
9.5997,-9.0569,3.1718,0.000,NORMAL,1,ROUTE,,,,,PREVIEW_DEFAULT
9.6996,-9.1516,3.2037,0.000,NORMAL,1,ROUTE,,,,,PREVIEW_DEFAULT
9.7997,-9.2464,3.2357,0.000,NORMAL,1,ROUTE,,,,,PREVIEW_DEFAULT
9.8997,-9.3411,3.2678,0.000,NORMAL,1,ROUTE,,,,,PREVIEW_DEFAULT
9.9997,-9.4357,3.3001,0.000,NORMAL,1,ROUTE,,,,,PREVIEW_DEFAULT
10.0997,-9.5303,3.3327,0.000,NORMAL,1,ROUTE,,,,,PREVIEW_DEFAULT
10.1997,-9.6247,3.3656,0.000,NORMAL,1,ROUTE,,,,,PREVIEW_DEFAULT
10.2997,-9.7190,3.3988,0.000,NORMAL,1,ROUTE,,,,,PREVIEW_DEFAULT
10.3997,-9.8132,3.4324,0.000,NORMAL,1,ROUTE,,,,,PREVIEW_DEFAULT
10.4996,-9.9072,3.4664,0.000,NORMAL,1,ROUTE,,,,,PREVIEW_DEFAULT
10.5997,-10.0012,3.5007,0.000,NORMAL,1,ROUTE,,,,,PREVIEW_DEFAULT
10.6997,-10.0950,3.5354,0.000,NORMAL,1,ROUTE,,,,,PREVIEW_DEFAULT
10.7997,-10.1887,3.5703,0.000,NORMAL,1,ROUTE,,,,,PREVIEW_DEFAULT
10.8997,-10.2823,3.6055,0.000,NORMAL,1,ROUTE,,,,,PREVIEW_DEFAULT
10.9997,-10.3758,3.6409,0.000,NORMAL,1,ROUTE,,,,,PREVIEW_DEFAULT
11.0996,-10.4692,3.6765,0.000,NORMAL,1,ROUTE,,,,,PREVIEW_DEFAULT
11.1996,-10.5626,3.7123,0.000,NORMAL,1,ROUTE,,,,,PREVIEW_DEFAULT
11.2996,-10.6559,3.7482,0.000,NORMAL,1,ROUTE,,,,,PREVIEW_DEFAULT
11.3996,-10.7492,3.7842,0.000,NORMAL,1,ROUTE,,,,,PREVIEW_DEFAULT
11.4997,-10.8425,3.8203,0.000,NORMAL,1,ROUTE,,,,,PREVIEW_DEFAULT
11.5996,-10.9357,3.8565,0.000,NORMAL,1,ROUTE,,,,,PREVIEW_DEFAULT
11.6997,-11.0290,3.8926,0.000,NORMAL,1,ROUTE,,,,,PREVIEW_DEFAULT
11.7996,-11.1222,3.9286,0.000,NORMAL,1,ROUTE,,,,,PREVIEW_DEFAULT
11.8996,-11.2156,3.9644,0.000,NORMAL,1,ROUTE,,,,,PREVIEW_DEFAULT
11.9996,-11.3090,4.0001,0.000,NORMAL,1,ROUTE,,,,,PREVIEW_DEFAULT
12.0996,-11.4025,4.0356,0.000,NORMAL,1,ROUTE,,,,,PREVIEW_DEFAULT
12.1996,-11.4960,4.0710,0.000,NORMAL,1,ROUTE,,,,,PREVIEW_DEFAULT
12.2996,-11.5896,4.1062,0.000,NORMAL,1,ROUTE,,,,,PREVIEW_DEFAULT
12.3996,-11.6832,4.1413,0.000,NORMAL,1,ROUTE,,,,,PREVIEW_DEFAULT
12.4996,-11.7769,4.1763,0.000,NORMAL,1,ROUTE,,,,,PREVIEW_DEFAULT
12.5996,-11.8705,4.2114,0.000,NORMAL,1,ROUTE,,,,,PREVIEW_DEFAULT
12.6996,-11.9642,4.2465,0.000,NORMAL,1,ROUTE,,,,,PREVIEW_DEFAULT
12.7996,-12.0578,4.2816,0.000,NORMAL,1,ROUTE,,,,,PREVIEW_DEFAULT
12.8995,-12.1514,4.3167,0.000,NORMAL,1,ROUTE,,,,,PREVIEW_DEFAULT
12.9996,-12.2451,4.3518,0.000,NORMAL,1,ROUTE,,,,,PREVIEW_DEFAULT
13.0996,-12.3388,4.3868,0.000,NORMAL,1,ROUTE,,,,,PREVIEW_DEFAULT
13.1996,-12.4325,4.4216,0.000,NORMAL,1,ROUTE,,,,,PREVIEW_DEFAULT
13.2996,-12.5264,4.4560,0.000,NORMAL,1,ROUTE,,,,,PREVIEW_DEFAULT
13.3995,-12.6204,4.4900,0.000,NORMAL,1,ROUTE,,,,,PREVIEW_DEFAULT
13.4995,-12.7146,4.5235,0.000,NORMAL,1,ROUTE,,,,,PREVIEW_DEFAULT
13.5996,-12.8091,4.5564,0.000,NORMAL,1,ROUTE,,,,,PREVIEW_DEFAULT
13.6996,-12.9038,4.5886,0.000,NORMAL,1,ROUTE,,,,,PREVIEW_DEFAULT
13.7996,-12.9987,4.6200,0.000,NORMAL,1,ROUTE,,,,,PREVIEW_DEFAULT
13.8996,-13.0939,4.6506,0.000,NORMAL,1,ROUTE,,,,,PREVIEW_DEFAULT
13.9995,-13.1893,4.6805,0.000,NORMAL,1,ROUTE,,,,,PREVIEW_DEFAULT
14.0995,-13.2848,4.7100,0.000,NORMAL,1,ROUTE,,,,,PREVIEW_DEFAULT
14.1996,-13.3805,4.7392,0.000,NORMAL,1,ROUTE,,,,,PREVIEW_DEFAULT
14.2996,-13.4762,4.7683,0.000,NORMAL,1,ROUTE,,,,,PREVIEW_DEFAULT
14.3995,-13.5718,4.7974,0.000,NORMAL,1,ROUTE,,,,,PREVIEW_DEFAULT
14.4996,-13.6675,4.8266,0.000,NORMAL,1,ROUTE,,,,,PREVIEW_DEFAULT
14.5995,-13.7630,4.8561,0.000,NORMAL,1,ROUTE,,,,,PREVIEW_DEFAULT
14.6996,-13.8585,4.8859,0.000,NORMAL,1,ROUTE,,,,,PREVIEW_DEFAULT
14.7996,-13.9538,4.9162,0.000,NORMAL,1,ROUTE,,,,,PREVIEW_DEFAULT
14.8995,-14.0489,4.9469,0.000,NORMAL,1,ROUTE,,,,,PREVIEW_DEFAULT
14.9995,-14.1439,4.9783,0.000,NORMAL,1,ROUTE,,,,,PREVIEW_DEFAULT
15.0995,-14.2387,5.0101,0.000,NORMAL,1,ROUTE,,,,,PREVIEW_DEFAULT
15.1995,-14.3333,5.0425,0.000,NORMAL,1,ROUTE,,,,,PREVIEW_DEFAULT
15.2995,-14.4277,5.0754,0.000,NORMAL,1,ROUTE,,,,,PREVIEW_DEFAULT
15.3995,-14.5221,5.1085,0.000,NORMAL,1,ROUTE,,,,,PREVIEW_DEFAULT
15.4994,-14.6163,5.1418,0.000,NORMAL,1,ROUTE,,,,,PREVIEW_DEFAULT
15.5995,-14.7106,5.1752,0.000,NORMAL,1,ROUTE,,,,,PREVIEW_DEFAULT
15.6995,-14.8049,5.2086,0.000,NORMAL,1,ROUTE,,,,,PREVIEW_DEFAULT
15.7995,-14.8992,5.2419,0.000,NORMAL,1,ROUTE,,,,,PREVIEW_DEFAULT
15.8995,-14.9935,5.2750,0.000,NORMAL,1,ROUTE,,,,,PREVIEW_DEFAULT
15.9995,-15.0879,5.3080,0.000,NORMAL,1,ROUTE,,,,,PREVIEW_DEFAULT
16.0995,-15.1824,5.3407,0.000,NORMAL,1,ROUTE,,,,,PREVIEW_DEFAULT
16.1994,-15.2769,5.3733,0.000,NORMAL,1,ROUTE,,,,,PREVIEW_DEFAULT
16.2995,-15.3715,5.4059,0.000,NORMAL,1,ROUTE,,,,,PREVIEW_DEFAULT
16.3995,-15.4661,5.4383,0.000,NORMAL,1,ROUTE,,,,,PREVIEW_DEFAULT
16.4994,-15.5606,5.4708,0.000,NORMAL,1,ROUTE,,,,,PREVIEW_DEFAULT
16.5995,-15.6552,5.5035,0.000,NORMAL,1,ROUTE,,,,,PREVIEW_DEFAULT
16.6995,-15.7496,5.5363,0.000,NORMAL,1,ROUTE,,,,,PREVIEW_DEFAULT
16.7994,-15.8439,5.5695,0.000,NORMAL,1,ROUTE,,,,,PREVIEW_DEFAULT
16.8995,-15.9382,5.6030,0.000,NORMAL,1,ROUTE,,,,,PREVIEW_DEFAULT
16.9994,-16.0322,5.6369,0.000,NORMAL,1,ROUTE,,,,,PREVIEW_DEFAULT
17.0995,-16.1262,5.6711,0.000,NORMAL,1,ROUTE,,,,,PREVIEW_DEFAULT
17.1995,-16.2201,5.7056,0.000,NORMAL,1,ROUTE,,,,,PREVIEW_DEFAULT
17.2994,-16.3138,5.7403,0.000,NORMAL,1,ROUTE,,,,,PREVIEW_DEFAULT
17.3994,-16.4075,5.7753,0.000,NORMAL,1,ROUTE,,,,,PREVIEW_DEFAULT
17.4995,-16.5012,5.8103,0.000,NORMAL,1,ROUTE,,,,,PREVIEW_DEFAULT
17.5995,-16.5949,5.8453,0.000,NORMAL,1,ROUTE,,,,,PREVIEW_DEFAULT
17.6995,-16.6886,5.8802,0.000,NORMAL,1,ROUTE,,,,,PREVIEW_DEFAULT
17.7995,-16.7823,5.9151,0.000,NORMAL,1,ROUTE,,,,,PREVIEW_DEFAULT
17.8995,-16.8761,5.9498,0.000,NORMAL,1,ROUTE,,,,,PREVIEW_DEFAULT
17.9995,-16.9699,5.9844,0.000,NORMAL,1,ROUTE,,,,,PREVIEW_DEFAULT
18.0994,-17.0637,6.0189,0.000,NORMAL,1,ROUTE,,,,,PREVIEW_DEFAULT
18.1995,-17.1577,6.0532,0.000,NORMAL,1,ROUTE,,,,,PREVIEW_DEFAULT
18.2995,-17.2517,6.0873,0.000,NORMAL,1,ROUTE,,,,,PREVIEW_DEFAULT
18.3994,-17.3457,6.1212,0.000,NORMAL,1,ROUTE,,,,,PREVIEW_DEFAULT
18.4994,-17.4399,6.1549,0.000,NORMAL,1,ROUTE,,,,,PREVIEW_DEFAULT
18.5994,-17.5342,6.1882,0.000,NORMAL,1,ROUTE,,,,,PREVIEW_DEFAULT
18.6994,-17.6285,6.2213,0.000,NORMAL,1,ROUTE,,,,,PREVIEW_DEFAULT
18.7995,-17.7231,6.2540,0.000,NORMAL,1,ROUTE,,,,,PREVIEW_DEFAULT
18.8994,-17.8177,6.2862,0.000,NORMAL,1,ROUTE,,,,,PREVIEW_DEFAULT
18.9994,-17.9125,6.3181,0.000,NORMAL,1,ROUTE,,,,,PREVIEW_DEFAULT
19.0994,-18.0074,6.3496,0.000,NORMAL,1,ROUTE,,,,,PREVIEW_DEFAULT
19.1994,-18.1024,6.3807,0.000,NORMAL,1,ROUTE,,,,,PREVIEW_DEFAULT
19.2994,-18.1976,6.4115,0.000,NORMAL,1,ROUTE,,,,,PREVIEW_DEFAULT
19.3994,-18.2928,6.4419,0.000,NORMAL,1,ROUTE,,,,,PREVIEW_DEFAULT
19.4994,-18.3881,6.4722,0.000,NORMAL,1,ROUTE,,,,,PREVIEW_DEFAULT
19.5994,-18.4835,6.5024,0.000,NORMAL,1,ROUTE,,,,,PREVIEW_DEFAULT
19.6993,-18.5788,6.5324,0.000,NORMAL,1,ROUTE,,,,,PREVIEW_DEFAULT
19.7994,-18.6742,6.5625,0.000,NORMAL,1,ROUTE,,,,,PREVIEW_DEFAULT
19.8994,-18.7695,6.5928,0.000,NORMAL,1,ROUTE,,,,,PREVIEW_DEFAULT
19.9994,-18.8648,6.6232,0.000,NORMAL,1,ROUTE,,,,,PREVIEW_DEFAULT
20.0993,-18.9599,6.6538,0.000,NORMAL,1,ROUTE,,,,,PREVIEW_DEFAULT
20.1994,-19.0550,6.6849,0.000,NORMAL,1,ROUTE,,,,,PREVIEW_DEFAULT
20.2993,-19.1499,6.7163,0.000,NORMAL,1,ROUTE,,,,,PREVIEW_DEFAULT
20.3993,-19.2447,6.7482,0.000,NORMAL,1,ROUTE,,,,,PREVIEW_DEFAULT
20.4993,-19.3393,6.7805,0.000,NORMAL,1,ROUTE,,,,,PREVIEW_DEFAULT
20.5994,-19.4338,6.8134,0.000,NORMAL,1,ROUTE,,,,,PREVIEW_DEFAULT
20.6994,-19.5281,6.8467,0.000,NORMAL,1,ROUTE,,,,,PREVIEW_DEFAULT
20.7993,-19.6222,6.8804,0.000,NORMAL,1,ROUTE,,,,,PREVIEW_DEFAULT
20.8993,-19.7162,6.9145,0.000,NORMAL,1,ROUTE,,,,,PREVIEW_DEFAULT
20.9993,-19.8101,6.9488,0.000,NORMAL,1,ROUTE,,,,,PREVIEW_DEFAULT
21.0994,-19.9040,6.9834,0.000,NORMAL,1,ROUTE,,,,,PREVIEW_DEFAULT
21.1993,-19.9978,7.0180,0.000,NORMAL,1,ROUTE,,,,,PREVIEW_DEFAULT
21.2993,-20.0916,7.0525,0.000,NORMAL,1,ROUTE,,,,,PREVIEW_DEFAULT
21.3993,-20.1855,7.0869,0.000,NORMAL,1,ROUTE,,,,,PREVIEW_DEFAULT
21.4993,-20.2795,7.1211,0.000,NORMAL,1,ROUTE,,,,,PREVIEW_DEFAULT
21.5993,-20.3736,7.1549,0.000,NORMAL,1,ROUTE,,,,,PREVIEW_DEFAULT
21.6993,-20.4679,7.1881,0.000,NORMAL,1,ROUTE,,,,,PREVIEW_DEFAULT
21.7993,-20.5624,7.2208,0.000,NORMAL,1,ROUTE,,,,,PREVIEW_DEFAULT
21.8212,-20.5832,7.2278,0.000,HILL,1,HILL,HILL_START,ENTER_ZONE,,,PREVIEW_DEFAULT
21.8993,-20.6573,7.2525,0.000,HILL,1,HILL,,,,,PREVIEW_DEFAULT
21.9993,-20.7523,7.2836,0.000,HILL,1,HILL,,,,,PREVIEW_DEFAULT
22.0994,-20.8476,7.3141,0.000,HILL,1,HILL,,,,,PREVIEW_DEFAULT
22.1993,-20.9429,7.3442,0.000,HILL,1,HILL,,,,,PREVIEW_DEFAULT
22.2993,-21.0383,7.3742,0.000,HILL,1,HILL,,,,,PREVIEW_DEFAULT
22.3993,-21.1337,7.4041,0.000,HILL,1,HILL,,,,,PREVIEW_DEFAULT
22.4993,-21.2291,7.4341,0.000,HILL,1,HILL,,,,,PREVIEW_DEFAULT
22.5993,-21.3244,7.4645,0.000,HILL,1,HILL,,,,,PREVIEW_DEFAULT
22.6993,-21.4195,7.4953,0.000,HILL,1,HILL,,,,,PREVIEW_DEFAULT
22.7993,-21.5145,7.5265,0.000,HILL,1,HILL,,,,,PREVIEW_DEFAULT
22.8993,-21.6093,7.5584,0.000,HILL,1,HILL,,,,,PREVIEW_DEFAULT
22.9993,-21.7039,7.5909,0.000,HILL,1,HILL,,,,,PREVIEW_DEFAULT
23.0992,-21.7982,7.6239,0.000,HILL,1,HILL,,,,,PREVIEW_DEFAULT
23.1992,-21.8924,7.6575,0.000,HILL,1,HILL,,,,,PREVIEW_DEFAULT
23.2993,-21.9865,7.6914,0.000,HILL,1,HILL,,,,,PREVIEW_DEFAULT
23.3993,-22.0804,7.7258,0.000,HILL,1,HILL,,,,,PREVIEW_DEFAULT
23.4992,-22.1742,7.7604,0.000,HILL,1,HILL,,,,,PREVIEW_DEFAULT
23.5993,-22.2680,7.7952,0.000,HILL,1,HILL,,,,,PREVIEW_DEFAULT
23.6993,-22.3617,7.8301,0.000,HILL,1,HILL,,,,,PREVIEW_DEFAULT
23.7993,-22.4554,7.8650,0.000,HILL,1,HILL,,,,,PREVIEW_DEFAULT
23.8993,-22.5491,7.8999,0.000,HILL,1,HILL,,,,,PREVIEW_DEFAULT
23.9993,-22.6429,7.9346,0.000,HILL,1,HILL,,,,,PREVIEW_DEFAULT
24.0992,-22.7367,7.9692,0.000,HILL,1,HILL,,,,,PREVIEW_DEFAULT
24.1992,-22.8306,8.0035,0.000,HILL,1,HILL,,,,,PREVIEW_DEFAULT
24.2992,-22.9246,8.0376,0.000,HILL,1,HILL,,,,,PREVIEW_DEFAULT
24.3993,-23.0188,8.0713,0.000,HILL,1,HILL,,,,,PREVIEW_DEFAULT
24.4993,-23.1131,8.1046,0.000,HILL,1,HILL,,,,,PREVIEW_DEFAULT
24.5992,-23.2075,8.1375,0.000,HILL,1,HILL,,,,,PREVIEW_DEFAULT
24.6992,-23.3021,8.1698,0.000,HILL,1,HILL,,,,,PREVIEW_DEFAULT
24.7992,-23.3969,8.2016,0.000,HILL,1,HILL,,,,,PREVIEW_DEFAULT
24.8992,-23.4919,8.2328,0.000,HILL,1,HILL,,,,,PREVIEW_DEFAULT
24.9992,-23.5871,8.2634,0.000,HILL,1,HILL,,,,,PREVIEW_DEFAULT
25.0992,-23.6825,8.2934,0.000,HILL,1,HILL,,,,,PREVIEW_DEFAULT
25.1992,-23.7781,8.3228,0.000,HILL,1,HILL,,,,,PREVIEW_DEFAULT
25.2992,-23.8738,8.3517,0.000,HILL,1,HILL,,,,,PREVIEW_DEFAULT
25.3992,-23.9697,8.3803,0.000,HILL,1,HILL,,,,,PREVIEW_DEFAULT
25.4992,-24.0656,8.4086,0.000,HILL,1,HILL,,,,,PREVIEW_DEFAULT
25.5992,-24.1615,8.4368,0.000,HILL,1,HILL,,,,,PREVIEW_DEFAULT
25.6992,-24.2574,8.4652,0.000,HILL,1,HILL,,,,,PREVIEW_DEFAULT
25.7992,-24.3532,8.4937,0.000,HILL,1,HILL,,,,,PREVIEW_DEFAULT
25.8992,-24.4489,8.5227,0.000,HILL,1,HILL,,,,,PREVIEW_DEFAULT
25.9992,-24.5445,8.5521,0.000,HILL,1,HILL,,,,,PREVIEW_DEFAULT
26.0991,-24.6399,8.5820,0.000,HILL,1,HILL,,,,,PREVIEW_DEFAULT
26.1992,-24.7352,8.6125,0.000,HILL,1,HILL,,,,,PREVIEW_DEFAULT
26.2991,-24.8302,8.6435,0.000,HILL,1,HILL,,,,,PREVIEW_DEFAULT
26.3992,-24.9251,8.6751,0.000,HILL,1,HILL,,,,,PREVIEW_DEFAULT
26.4991,-25.0198,8.7071,0.000,HILL,1,HILL,,,,,PREVIEW_DEFAULT
26.5991,-25.1144,8.7395,0.000,HILL,1,HILL,,,,,PREVIEW_DEFAULT
26.6991,-25.2089,8.7722,0.000,HILL,1,HILL,,,,,PREVIEW_DEFAULT
26.7991,-25.3034,8.8050,0.000,HILL,1,HILL,,,,,PREVIEW_DEFAULT
26.8992,-25.3979,8.8378,0.000,HILL,1,HILL,,,,,PREVIEW_DEFAULT
26.9991,-25.4924,8.8704,0.000,HILL,1,HILL,,,,,PREVIEW_DEFAULT
27.0991,-25.5870,8.9027,0.000,HILL,1,HILL,,,,,PREVIEW_DEFAULT
27.1992,-25.6818,8.9347,0.000,HILL,1,HILL,,,,,PREVIEW_DEFAULT
27.2991,-25.7767,8.9662,0.000,HILL,1,HILL,,,,,PREVIEW_DEFAULT
27.3991,-25.8717,8.9973,0.000,HILL,1,HILL,,,,,PREVIEW_DEFAULT
27.4991,-25.9669,9.0280,0.000,HILL,1,HILL,,,,,PREVIEW_DEFAULT
27.5991,-26.0622,9.0583,0.000,HILL,1,HILL,,,,,PREVIEW_DEFAULT
27.6991,-26.1576,9.0883,0.000,HILL,1,HILL,,,,,PREVIEW_DEFAULT
27.7992,-26.2531,9.1180,0.000,HILL,1,HILL,,,,,PREVIEW_DEFAULT
27.8991,-26.3486,9.1475,0.000,HILL,1,HILL,,,,,PREVIEW_DEFAULT
27.9991,-26.4442,9.1768,0.000,HILL,1,HILL,,,,,PREVIEW_DEFAULT
28.0991,-26.5399,9.2058,0.000,HILL,1,HILL,,,,,PREVIEW_DEFAULT
28.1991,-26.6357,9.2345,0.000,HILL,1,HILL,,,,,PREVIEW_DEFAULT
28.2991,-26.7316,9.2630,0.000,HILL,1,HILL,,,,,PREVIEW_DEFAULT
28.3991,-26.8275,9.2911,0.000,HILL,1,HILL,,,,,PREVIEW_DEFAULT
28.4991,-26.9236,9.3189,0.000,HILL,1,HILL,,,,,PREVIEW_DEFAULT
28.5991,-27.0197,9.3463,0.000,HILL,1,HILL,,,,,PREVIEW_DEFAULT
28.6991,-27.1160,9.3735,0.000,HILL,1,HILL,,,,,PREVIEW_DEFAULT
28.7991,-27.2123,9.4003,0.000,HILL,1,HILL,,,,,PREVIEW_DEFAULT
28.8991,-27.3087,9.4271,0.000,HILL,1,HILL,,,,,PREVIEW_DEFAULT
28.9991,-27.4050,9.4539,0.000,HILL,1,HILL,,,,,PREVIEW_DEFAULT
29.0990,-27.5012,9.4810,0.000,HILL,1,HILL,,,,,PREVIEW_DEFAULT
29.1990,-27.5973,9.5086,0.000,HILL,1,HILL,,,,,PREVIEW_DEFAULT
29.2990,-27.6932,9.5370,0.000,HILL,1,HILL,,,,,PREVIEW_DEFAULT
29.3991,-27.7888,9.5664,0.000,HILL,1,HILL,,,,,PREVIEW_DEFAULT
29.4991,-27.8841,9.5968,0.000,HILL,1,HILL,,,,,PREVIEW_DEFAULT
29.5990,-27.9789,9.6285,0.000,HILL,1,HILL,,,,,PREVIEW_DEFAULT
29.6990,-28.0733,9.6614,0.000,HILL,1,HILL,,,,,PREVIEW_DEFAULT
29.7990,-28.1673,9.6955,0.000,HILL,1,HILL,,,,,PREVIEW_DEFAULT
29.8991,-28.2610,9.7307,0.000,HILL,1,HILL,,,,,PREVIEW_DEFAULT
29.9990,-28.3542,9.7667,0.000,HILL,1,HILL,,,,,PREVIEW_DEFAULT
30.0991,-28.4472,9.8036,0.000,HILL,1,HILL,,,,,PREVIEW_DEFAULT
30.1990,-28.5399,9.8410,0.000,HILL,1,HILL,,,,,PREVIEW_DEFAULT
30.2990,-28.6325,9.8788,0.000,HILL,1,HILL,,,,,PREVIEW_DEFAULT
30.3990,-28.7249,9.9169,0.000,HILL,1,HILL,,,,,PREVIEW_DEFAULT
30.4991,-28.8174,9.9551,0.000,HILL,1,HILL,,,,,PREVIEW_DEFAULT
30.5990,-28.9098,9.9932,0.000,HILL,1,HILL,,,,,PREVIEW_DEFAULT
30.6990,-29.0023,10.0312,0.000,HILL,1,HILL,,,,,PREVIEW_DEFAULT
30.7990,-29.0949,10.0689,0.000,HILL,1,HILL,,,,,PREVIEW_DEFAULT
30.8991,-29.1877,10.1063,0.000,HILL,1,HILL,,,,,PREVIEW_DEFAULT
30.9990,-29.2806,10.1432,0.000,HILL,1,HILL,,,,,PREVIEW_DEFAULT
31.0990,-29.3737,10.1797,0.000,HILL,1,HILL,,,,,PREVIEW_DEFAULT
31.1990,-29.4671,10.2155,0.000,HILL,1,HILL,,,,,PREVIEW_DEFAULT
31.2990,-29.5606,10.2508,0.000,HILL,1,HILL,,,,,PREVIEW_DEFAULT
31.3990,-29.6545,10.2853,0.000,HILL,1,HILL,,,,,PREVIEW_DEFAULT
31.4989,-29.7485,10.3192,0.000,HILL,1,HILL,,,,,PREVIEW_DEFAULT
31.5990,-29.8429,10.3524,0.000,HILL,1,HILL,,,,,PREVIEW_DEFAULT
31.6990,-29.9375,10.3849,0.000,HILL,1,HILL,,,,,PREVIEW_DEFAULT
31.7990,-30.0323,10.4165,0.000,HILL,1,HILL,,,,,PREVIEW_DEFAULT
31.8990,-30.1274,10.4475,0.000,HILL,1,HILL,,,,,PREVIEW_DEFAULT
31.9989,-30.2227,10.4776,0.000,HILL,1,HILL,,,,,PREVIEW_DEFAULT
32.0990,-30.3183,10.5071,0.000,HILL,1,HILL,,,,,PREVIEW_DEFAULT
32.1990,-30.4141,10.5359,0.000,HILL,1,HILL,,,,,PREVIEW_DEFAULT
32.2989,-30.5100,10.5640,0.000,HILL,1,HILL,,,,,PREVIEW_DEFAULT
32.3989,-30.6061,10.5916,0.000,HILL,1,HILL,,,,,PREVIEW_DEFAULT
32.4989,-30.7024,10.6186,0.000,HILL,1,HILL,,,,,PREVIEW_DEFAULT
32.5989,-30.7988,10.6451,0.000,HILL,1,HILL,,,,,PREVIEW_DEFAULT
32.6453,-30.8436,10.6572,0.000,HILL,1,HILL,HILL_STOP,STOP_THEN_HOLD,ALWAYS_ONCE,3.0,HILL_STOP_SHIFTED_1_5M
32.6990,-30.8954,10.6712,0.000,HILL,1,HILL,,,,,PREVIEW_DEFAULT
32.7990,-30.9920,10.6971,0.000,HILL,1,HILL,,,,,PREVIEW_DEFAULT
32.8989,-31.0886,10.7227,0.000,HILL,1,HILL,,,,,PREVIEW_DEFAULT
32.9990,-31.1853,10.7483,0.000,HILL,1,HILL,,,,,PREVIEW_DEFAULT
33.0989,-31.2819,10.7740,0.000,HILL,1,HILL,,,,,PREVIEW_DEFAULT
33.1989,-31.3785,10.7998,0.000,HILL,1,HILL,,,,,PREVIEW_DEFAULT
33.2989,-31.4750,10.8260,0.000,HILL,1,HILL,,,,,PREVIEW_DEFAULT
33.3989,-31.5714,10.8527,0.000,HILL,1,HILL,,,,,PREVIEW_DEFAULT
33.4989,-31.6676,10.8800,0.000,HILL,1,HILL,,,,,PREVIEW_DEFAULT
33.5989,-31.7636,10.9080,0.000,HILL,1,HILL,,,,,PREVIEW_DEFAULT
33.6989,-31.8594,10.9367,0.000,HILL,1,HILL,,,,,PREVIEW_DEFAULT
33.7990,-31.9550,10.9661,0.000,HILL,1,HILL,,,,,PREVIEW_DEFAULT
33.8989,-32.0503,10.9963,0.000,HILL,1,HILL,,,,,PREVIEW_DEFAULT
33.9989,-32.1454,11.0272,0.000,HILL,1,HILL,,,,,PREVIEW_DEFAULT
34.0989,-32.2403,11.0588,0.000,HILL,1,HILL,,,,,PREVIEW_DEFAULT
34.1453,-32.2842,11.0737,0.000,HILL,1,HILL,,,,,PREVIEW_DEFAULT
34.1989,-32.3349,11.0911,0.000,HILL,1,HILL,,,ALWAYS_ONCE,,PREVIEW_DEFAULT
34.2989,-32.4293,11.1242,0.000,HILL,1,HILL,,,ALWAYS_ONCE,,PREVIEW_DEFAULT
34.3989,-32.5235,11.1577,0.000,HILL,1,HILL,,,,,PREVIEW_DEFAULT
34.4989,-32.6176,11.1916,0.000,HILL,1,HILL,,,,,PREVIEW_DEFAULT
34.5989,-32.7116,11.2256,0.000,HILL,1,HILL,,,,,PREVIEW_DEFAULT
34.6989,-32.8056,11.2598,0.000,HILL,1,HILL,,,,,PREVIEW_DEFAULT
34.7988,-32.8995,11.2939,0.000,HILL,1,HILL,,,,,PREVIEW_DEFAULT
34.8989,-32.9936,11.3280,0.000,HILL,1,HILL,,,,,PREVIEW_DEFAULT
34.9989,-33.0876,11.3621,0.000,HILL,1,HILL,,,,,PREVIEW_DEFAULT
35.0989,-33.1817,11.3960,0.000,HILL,1,HILL,,,,,PREVIEW_DEFAULT
35.1989,-33.2758,11.4298,0.000,HILL,1,HILL,,,,,PREVIEW_DEFAULT
35.2989,-33.3699,11.4636,0.000,HILL,1,HILL,,,,,PREVIEW_DEFAULT
35.3989,-33.4640,11.4974,0.000,HILL,1,HILL,,,,,PREVIEW_DEFAULT
35.4989,-33.5581,11.5312,0.000,HILL,1,HILL,,,,,PREVIEW_DEFAULT
35.5988,-33.6521,11.5652,0.000,HILL,1,HILL,,,,,PREVIEW_DEFAULT
35.6989,-33.7462,11.5992,0.000,HILL,1,HILL,,,,,PREVIEW_DEFAULT
35.7988,-33.8401,11.6334,0.000,HILL,1,HILL,,,,,PREVIEW_DEFAULT
35.8988,-33.9340,11.6678,0.000,HILL,1,HILL,,,,,PREVIEW_DEFAULT
35.9989,-34.0279,11.7023,0.000,HILL,1,HILL,,,,,PREVIEW_DEFAULT
36.0989,-34.1217,11.7370,0.000,HILL,1,HILL,,,,,PREVIEW_DEFAULT
36.1988,-34.2154,11.7717,0.000,HILL,1,HILL,,,,,PREVIEW_DEFAULT
36.2989,-34.3092,11.8066,0.000,HILL,1,HILL,,,,,PREVIEW_DEFAULT
36.3988,-34.4028,11.8416,0.000,HILL,1,HILL,,,,,PREVIEW_DEFAULT
36.4988,-34.4965,11.8766,0.000,HILL,1,HILL,,,,,PREVIEW_DEFAULT
36.5989,-34.5902,11.9116,0.000,HILL,1,HILL,,,,,PREVIEW_DEFAULT
36.6989,-34.6839,11.9466,0.000,HILL,1,HILL,,,,,PREVIEW_DEFAULT
36.7988,-34.7776,11.9814,0.000,HILL,1,HILL,,,,,PREVIEW_DEFAULT
36.8988,-34.8714,12.0161,0.000,HILL,1,HILL,,,,,PREVIEW_DEFAULT
36.9988,-34.9652,12.0506,0.000,HILL,1,HILL,,,,,PREVIEW_DEFAULT
37.0988,-35.0592,12.0848,0.000,HILL,1,HILL,,,,,PREVIEW_DEFAULT
37.1988,-35.1533,12.1185,0.000,HILL,1,HILL,,,,,PREVIEW_DEFAULT
37.2988,-35.2476,12.1519,0.000,HILL,1,HILL,,,,,PREVIEW_DEFAULT
37.3988,-35.3421,12.1846,0.000,HILL,1,HILL,,,,,PREVIEW_DEFAULT
37.4988,-35.4368,12.2166,0.000,HILL,1,HILL,,,,,PREVIEW_DEFAULT
37.5989,-35.5319,12.2478,0.000,HILL,1,HILL,,,,,PREVIEW_DEFAULT
37.6988,-35.6272,12.2780,0.000,HILL,1,HILL,,,,,PREVIEW_DEFAULT
37.7988,-35.7228,12.3072,0.000,HILL,1,HILL,,,,,PREVIEW_DEFAULT
37.8989,-35.8189,12.3351,0.000,HILL,1,HILL,,,,,PREVIEW_DEFAULT
37.9988,-35.9153,12.3616,0.000,HILL,1,HILL,,,,,PREVIEW_DEFAULT
38.0988,-36.0121,12.3866,0.000,HILL,1,HILL,,,,,PREVIEW_DEFAULT
38.1988,-36.1093,12.4101,0.000,HILL,1,HILL,,,,,PREVIEW_DEFAULT
38.2987,-36.2068,12.4320,0.000,HILL,1,HILL,,,,,PREVIEW_DEFAULT
38.3988,-36.3048,12.4523,0.000,HILL,1,HILL,,,,,PREVIEW_DEFAULT
38.4988,-36.4030,12.4712,0.000,HILL,1,HILL,,,,,PREVIEW_DEFAULT
38.5987,-36.5014,12.4886,0.000,HILL,1,HILL,,,,,PREVIEW_DEFAULT
38.6987,-36.6001,12.5046,0.000,HILL,1,HILL,,,,,PREVIEW_DEFAULT
38.7988,-36.6989,12.5202,0.000,HILL,1,HILL,,,,,PREVIEW_DEFAULT
38.8987,-36.7975,12.5368,0.000,HILL,1,HILL,,,,,PREVIEW_DEFAULT
38.9987,-36.8957,12.5556,0.000,HILL,1,HILL,,,,,PREVIEW_DEFAULT
39.0987,-36.9934,12.5767,0.000,HILL,1,HILL,,,,,PREVIEW_DEFAULT
39.1987,-37.0907,12.6000,0.000,HILL,1,HILL,,,,,PREVIEW_DEFAULT
39.2987,-37.1875,12.6251,0.000,HILL,1,HILL,,,,,PREVIEW_DEFAULT
39.3987,-37.2839,12.6517,0.000,HILL,1,HILL,,,,,PREVIEW_DEFAULT
39.4987,-37.3799,12.6795,0.000,HILL,1,HILL,,,,,PREVIEW_DEFAULT
39.5987,-37.4757,12.7081,0.000,HILL,1,HILL,,,,,PREVIEW_DEFAULT
39.6987,-37.5714,12.7374,0.000,HILL,1,HILL,,,,,PREVIEW_DEFAULT
39.7988,-37.6669,12.7671,0.000,HILL,1,HILL,,,,,PREVIEW_DEFAULT
39.8987,-37.7623,12.7970,0.000,HILL,1,HILL,,,,,PREVIEW_DEFAULT
39.9987,-37.8576,12.8271,0.000,HILL,1,HILL,,,,,PREVIEW_DEFAULT
40.0987,-37.9530,12.8573,0.000,HILL,1,HILL,,,,,PREVIEW_DEFAULT
40.1987,-38.0483,12.8876,0.000,HILL,1,HILL,,,,,PREVIEW_DEFAULT
40.2987,-38.1436,12.9178,0.000,HILL,1,HILL,,,,,PREVIEW_DEFAULT
40.3987,-38.2389,12.9481,0.000,HILL,1,HILL,,,,,PREVIEW_DEFAULT
40.4987,-38.3342,12.9785,0.000,HILL,1,HILL,,,,,PREVIEW_DEFAULT
40.5987,-38.4294,13.0090,0.000,HILL,1,HILL,,,,,PREVIEW_DEFAULT
40.6987,-38.5245,13.0398,0.000,HILL,1,HILL,,,,,PREVIEW_DEFAULT
40.7987,-38.6196,13.0709,0.000,HILL,1,HILL,,,,,PREVIEW_DEFAULT
40.8987,-38.7144,13.1025,0.000,HILL,1,HILL,,,,,PREVIEW_DEFAULT
40.9987,-38.8091,13.1347,0.000,HILL,1,HILL,,,,,PREVIEW_DEFAULT
41.0987,-38.9035,13.1677,0.000,HILL,1,HILL,,,,,PREVIEW_DEFAULT
41.1986,-38.9976,13.2014,0.000,HILL,1,HILL,,,,,PREVIEW_DEFAULT
41.2986,-39.0914,13.2361,0.000,HILL,1,HILL,,,,,PREVIEW_DEFAULT
41.3987,-39.1849,13.2717,0.000,HILL,1,HILL,,,,,PREVIEW_DEFAULT
41.4986,-39.2779,13.3083,0.000,HILL,1,HILL,,,,,PREVIEW_DEFAULT
41.5987,-39.3707,13.3457,0.000,HILL,1,HILL,,,,,PREVIEW_DEFAULT
41.6986,-39.4630,13.3840,0.000,HILL,1,HILL,,,,,PREVIEW_DEFAULT
41.7986,-39.5551,13.4230,0.000,HILL,1,HILL,,,,,PREVIEW_DEFAULT
41.8987,-39.6469,13.4627,0.000,HILL,1,HILL,,,,,PREVIEW_DEFAULT
41.9986,-39.7385,13.5028,0.000,HILL,1,HILL,,,,,PREVIEW_DEFAULT
42.0987,-39.8300,13.5432,0.000,HILL,1,HILL,,,,,PREVIEW_DEFAULT
42.1987,-39.9214,13.5838,0.000,HILL,1,HILL,,,,,PREVIEW_DEFAULT
42.2986,-40.0128,13.6242,0.000,HILL,1,HILL,,,,,PREVIEW_DEFAULT
42.3987,-40.1045,13.6642,0.000,HILL,1,HILL,,,,,PREVIEW_DEFAULT
42.4986,-40.1963,13.7037,0.000,HILL,1,HILL,,,,,PREVIEW_DEFAULT
42.5986,-40.2885,13.7425,0.000,HILL,1,HILL,,,,,PREVIEW_DEFAULT
42.6986,-40.3810,13.7804,0.000,HILL,1,HILL,,,,,PREVIEW_DEFAULT
42.7986,-40.4740,13.8173,0.000,HILL,1,HILL,,,,,PREVIEW_DEFAULT
42.8986,-40.5674,13.8530,0.000,HILL,1,HILL,,,,,PREVIEW_DEFAULT
42.9986,-40.6611,13.8878,0.000,HILL,1,HILL,,,,,PREVIEW_DEFAULT
43.0986,-40.7552,13.9217,0.000,HILL,1,HILL,,,,,PREVIEW_DEFAULT
43.1986,-40.8495,13.9550,0.000,HILL,1,HILL,,,,,PREVIEW_DEFAULT
43.2985,-40.9439,13.9878,0.000,HILL,1,HILL,,,,,PREVIEW_DEFAULT
43.3986,-41.0385,14.0203,0.000,HILL,1,HILL,,,,,PREVIEW_DEFAULT
43.4986,-41.1332,14.0525,0.000,HILL,1,HILL,,,,,PREVIEW_DEFAULT
43.5986,-41.2279,14.0846,0.000,HILL,1,HILL,,,,,PREVIEW_DEFAULT
43.6986,-41.3227,14.1165,0.000,HILL,1,HILL,,,,,PREVIEW_DEFAULT
43.7985,-41.4174,14.1484,0.000,HILL,1,HILL,,,,,PREVIEW_DEFAULT
43.8985,-41.5122,14.1802,0.000,HILL,1,HILL,,,,,PREVIEW_DEFAULT
43.9986,-41.6071,14.2120,0.000,HILL,1,HILL,,,,,PREVIEW_DEFAULT
44.0986,-41.7019,14.2437,0.000,HILL,1,HILL,,,,,PREVIEW_DEFAULT
44.1985,-41.7967,14.2754,0.000,HILL,1,HILL,,,,,PREVIEW_DEFAULT
44.2986,-41.8916,14.3071,0.000,HILL,1,HILL,,,,,PREVIEW_DEFAULT
44.3986,-41.9864,14.3388,0.000,HILL,1,HILL,,,,,PREVIEW_DEFAULT
44.4985,-42.0812,14.3705,0.000,HILL,1,HILL,,,,,PREVIEW_DEFAULT
44.5986,-42.1761,14.4023,0.000,HILL,1,HILL,,,,,PREVIEW_DEFAULT
44.6986,-42.2709,14.4341,0.000,HILL,1,HILL,,,,,PREVIEW_DEFAULT
44.7985,-42.3656,14.4660,0.000,HILL,1,HILL,,,,,PREVIEW_DEFAULT
44.8985,-42.4603,14.4982,0.000,HILL,1,HILL,,,,,PREVIEW_DEFAULT
44.9986,-42.5550,14.5304,0.000,HILL,1,HILL,,,,,PREVIEW_DEFAULT
45.0985,-42.6495,14.5629,0.000,HILL,1,HILL,,,,,PREVIEW_DEFAULT
45.1986,-42.7441,14.5955,0.000,HILL,1,HILL,,,,,PREVIEW_DEFAULT
45.2986,-42.8386,14.6283,0.000,HILL,1,HILL,,,,,PREVIEW_DEFAULT
45.3985,-42.9330,14.6611,0.000,HILL,1,HILL,,,,,PREVIEW_DEFAULT
45.4986,-43.0275,14.6939,0.000,HILL,1,HILL,,,,,PREVIEW_DEFAULT
45.5985,-43.1219,14.7267,0.000,HILL,1,HILL,,,,,PREVIEW_DEFAULT
45.6986,-43.2165,14.7594,0.000,HILL,1,HILL,,,,,PREVIEW_DEFAULT
45.7985,-43.3110,14.7919,0.000,HILL,1,HILL,,,,,PREVIEW_DEFAULT
45.8985,-43.4056,14.8243,0.000,HILL,1,HILL,,,,,PREVIEW_DEFAULT
45.9985,-43.5002,14.8566,0.000,HILL,1,HILL,,,,,PREVIEW_DEFAULT
46.0985,-43.5949,14.8888,0.000,HILL,1,HILL,,,,,PREVIEW_DEFAULT
46.1985,-43.6896,14.9208,0.000,HILL,1,HILL,,,,,PREVIEW_DEFAULT
46.2985,-43.7844,14.9528,0.000,HILL,1,HILL,,,,,PREVIEW_DEFAULT
46.3985,-43.8792,14.9847,0.000,HILL,1,HILL,,,,,PREVIEW_DEFAULT
46.4985,-43.9740,15.0165,0.000,HILL,1,HILL,,,,,PREVIEW_DEFAULT
46.5985,-44.0687,15.0484,0.000,HILL,1,HILL,,,,,PREVIEW_DEFAULT
46.6985,-44.1635,15.0803,0.000,HILL,1,HILL,,,,,PREVIEW_DEFAULT
46.7985,-44.2583,15.1123,0.000,HILL,1,HILL,,,,,PREVIEW_DEFAULT
46.8985,-44.3530,15.1443,0.000,HILL,1,HILL,,,,,PREVIEW_DEFAULT
46.9985,-44.4477,15.1765,0.000,HILL,1,HILL,,,,,PREVIEW_DEFAULT
47.0985,-44.5423,15.2087,0.000,HILL,1,HILL,,,,,PREVIEW_DEFAULT
47.1984,-44.6369,15.2411,0.000,HILL,1,HILL,,,,,PREVIEW_DEFAULT
47.2985,-44.7315,15.2736,0.000,HILL,1,HILL,,,,,PREVIEW_DEFAULT
47.3984,-44.8260,15.3062,0.000,HILL,1,HILL,,,,,PREVIEW_DEFAULT
47.4984,-44.9205,15.3389,0.000,HILL,1,HILL,,,,,PREVIEW_DEFAULT
47.5984,-45.0150,15.3716,0.000,HILL,1,HILL,,,,,PREVIEW_DEFAULT
47.6985,-45.1095,15.4045,0.000,HILL,1,HILL,,,,,PREVIEW_DEFAULT
47.7985,-45.2039,15.4374,0.000,HILL,1,HILL,,,,,PREVIEW_DEFAULT
47.8984,-45.2983,15.4703,0.000,HILL,1,HILL,,,,,PREVIEW_DEFAULT
47.9985,-45.3927,15.5034,0.000,HILL,1,HILL,,,,,PREVIEW_DEFAULT
48.0985,-45.4871,15.5365,0.000,HILL,1,HILL,,,,,PREVIEW_DEFAULT
48.1984,-45.5814,15.5696,0.000,HILL,1,HILL,,,,,PREVIEW_DEFAULT
48.2985,-45.6757,15.6029,0.000,HILL,1,HILL,,,,,PREVIEW_DEFAULT
48.3985,-45.7700,15.6362,0.000,HILL,1,HILL,,,,,PREVIEW_DEFAULT
48.4984,-45.8642,15.6697,0.000,HILL,1,HILL,,,,,PREVIEW_DEFAULT
48.5984,-45.9584,15.7032,0.000,HILL,1,HILL,,,,,PREVIEW_DEFAULT
48.6984,-46.0526,15.7368,0.000,HILL,1,HILL,,,,,PREVIEW_DEFAULT
48.7984,-46.1468,15.7704,0.000,HILL,1,HILL,,,,,PREVIEW_DEFAULT
48.8985,-46.2410,15.8040,0.000,HILL,1,HILL,,,,,PREVIEW_DEFAULT
48.9984,-46.3351,15.8376,0.000,HILL,1,HILL,,,,,PREVIEW_DEFAULT
49.0984,-46.4293,15.8712,0.000,HILL,1,HILL,,,,,PREVIEW_DEFAULT
49.1985,-46.5236,15.9047,0.000,HILL,1,HILL,,,,,PREVIEW_DEFAULT
49.2984,-46.6178,15.9381,0.000,HILL,1,HILL,,,,,PREVIEW_DEFAULT
49.3984,-46.7121,15.9714,0.000,HILL,1,HILL,,,,,PREVIEW_DEFAULT
49.4984,-46.8064,16.0045,0.000,HILL,1,HILL,,,,,PREVIEW_DEFAULT
49.5984,-46.9008,16.0376,0.000,HILL,1,HILL,,,,,PREVIEW_DEFAULT
49.6984,-46.9952,16.0705,0.000,HILL,1,HILL,,,,,PREVIEW_DEFAULT
49.7984,-47.0897,16.1033,0.000,HILL,1,HILL,,,,,PREVIEW_DEFAULT
49.8984,-47.1842,16.1360,0.000,HILL,1,HILL,,,,,PREVIEW_DEFAULT
49.9984,-47.2787,16.1686,0.000,HILL,1,HILL,,,,,PREVIEW_DEFAULT
50.0984,-47.3733,16.2012,0.000,HILL,1,HILL,,,,,PREVIEW_DEFAULT
50.1983,-47.4678,16.2337,0.000,HILL,1,HILL,,,,,PREVIEW_DEFAULT
50.2984,-47.5624,16.2663,0.000,HILL,1,HILL,,,,,PREVIEW_DEFAULT
50.3984,-47.6569,16.2990,0.000,HILL,1,HILL,,,,,PREVIEW_DEFAULT
50.4983,-47.7513,16.3318,0.000,HILL,1,HILL,,,,,PREVIEW_DEFAULT
50.5984,-47.8458,16.3647,0.000,HILL,1,HILL,,,,,PREVIEW_DEFAULT
50.6983,-47.9401,16.3978,0.000,HILL,1,HILL,,,,,PREVIEW_DEFAULT
50.7984,-48.0345,16.4310,0.000,HILL,1,HILL,,,,,PREVIEW_DEFAULT
50.8984,-48.1287,16.4644,0.000,HILL,1,HILL,,,,,PREVIEW_DEFAULT
50.9983,-48.2229,16.4979,0.000,HILL,1,HILL,,,,,PREVIEW_DEFAULT
51.0984,-48.3171,16.5316,0.000,HILL,1,HILL,,,,,PREVIEW_DEFAULT
51.1984,-48.4112,16.5654,0.000,HILL,1,HILL,,,,,PREVIEW_DEFAULT
51.2984,-48.5052,16.5995,0.000,HILL,1,HILL,,,,,PREVIEW_DEFAULT
51.3984,-48.5992,16.6336,0.000,HILL,1,HILL,,,,,PREVIEW_DEFAULT
51.4984,-48.6931,16.6680,0.000,HILL,1,HILL,,,,,PREVIEW_DEFAULT
51.5984,-48.7869,16.7027,0.000,HILL,1,HILL,,,,,PREVIEW_DEFAULT
51.6984,-48.8806,16.7376,0.000,HILL,1,HILL,,,,,PREVIEW_DEFAULT
51.7983,-48.9742,16.7727,0.000,HILL,1,HILL,,,,,PREVIEW_DEFAULT
51.8983,-49.0677,16.8081,0.000,HILL,1,HILL,,,,,PREVIEW_DEFAULT
51.9984,-49.1612,16.8437,0.000,HILL,1,HILL,,,,,PREVIEW_DEFAULT
52.0983,-49.2545,16.8795,0.000,HILL,1,HILL,,,,,PREVIEW_DEFAULT
52.1983,-49.3479,16.9154,0.000,HILL,1,HILL,,,,,PREVIEW_DEFAULT
52.2983,-49.4412,16.9513,0.000,HILL,1,HILL,,,,,PREVIEW_DEFAULT
52.3983,-49.5346,16.9871,0.000,HILL,1,HILL,,,,,PREVIEW_DEFAULT
52.4983,-49.6280,17.0226,0.000,HILL,1,HILL,,,,,PREVIEW_DEFAULT
52.5983,-49.7216,17.0578,0.000,HILL,1,HILL,,,,,PREVIEW_DEFAULT
52.6983,-49.8154,17.0925,0.000,HILL,1,HILL,,,,,PREVIEW_DEFAULT
52.7983,-49.9094,17.1266,0.000,HILL,1,HILL,,,,,PREVIEW_DEFAULT
52.8983,-50.0037,17.1600,0.000,HILL,1,HILL,,,,,PREVIEW_DEFAULT
52.9983,-50.0982,17.1927,0.000,HILL,1,HILL,,,,,PREVIEW_DEFAULT
53.0983,-50.1930,17.2245,0.000,HILL,1,HILL,,,,,PREVIEW_DEFAULT
53.1983,-50.2880,17.2556,0.000,HILL,1,HILL,,,,,PREVIEW_DEFAULT
53.2982,-50.3833,17.2858,0.000,HILL,1,HILL,,,,,PREVIEW_DEFAULT
53.3983,-50.4789,17.3154,0.000,HILL,1,HILL,,,,,PREVIEW_DEFAULT
53.4983,-50.5747,17.3441,0.000,HILL,1,HILL,,,,,PREVIEW_DEFAULT
53.5983,-50.6706,17.3723,0.000,HILL,1,HILL,,,,,PREVIEW_DEFAULT
53.6983,-50.7667,17.3999,0.000,HILL,1,HILL,,,,,PREVIEW_DEFAULT
53.7983,-50.8630,17.4271,0.000,HILL,1,HILL,,,,,PREVIEW_DEFAULT
53.8983,-50.9593,17.4539,0.000,HILL,1,HILL,,,,,PREVIEW_DEFAULT
53.9983,-51.0557,17.4805,0.000,HILL,1,HILL,,,,,PREVIEW_DEFAULT
54.0983,-51.1521,17.5071,0.000,HILL,1,HILL,,,,,PREVIEW_DEFAULT
54.1983,-51.2485,17.5337,0.000,HILL,1,HILL,,,,,PREVIEW_DEFAULT
54.2982,-51.3448,17.5604,0.000,HILL,1,HILL,,,,,PREVIEW_DEFAULT
54.3982,-51.4411,17.5874,0.000,HILL,1,HILL,,,,,PREVIEW_DEFAULT
54.4982,-51.5373,17.6147,0.000,HILL,1,HILL,,,,,PREVIEW_DEFAULT
54.5982,-51.6334,17.6424,0.000,HILL,1,HILL,,,,,PREVIEW_DEFAULT
54.6982,-51.7293,17.6706,0.000,HILL,1,HILL,,,,,PREVIEW_DEFAULT
54.7982,-51.8251,17.6993,0.000,HILL,1,HILL,,,,,PREVIEW_DEFAULT
54.8983,-51.9208,17.7285,0.000,HILL,1,HILL,,,,,PREVIEW_DEFAULT
54.9982,-52.0162,17.7583,0.000,HILL,1,HILL,,,,,PREVIEW_DEFAULT
55.0982,-52.1115,17.7885,0.000,HILL,1,HILL,,,,,PREVIEW_DEFAULT
55.1982,-52.2067,17.8191,0.000,HILL,1,HILL,,,,,PREVIEW_DEFAULT
55.2982,-52.3018,17.8501,0.000,HILL,1,HILL,,,,,PREVIEW_DEFAULT
55.3982,-52.3968,17.8813,0.000,HILL,1,HILL,,,,,PREVIEW_DEFAULT
55.4982,-52.4918,17.9126,0.000,HILL,1,HILL,,,,,PREVIEW_DEFAULT
55.5982,-52.5867,17.9440,0.000,HILL,1,HILL,,,,,PREVIEW_DEFAULT
55.6982,-52.6817,17.9753,0.000,HILL,1,HILL,,,,,PREVIEW_DEFAULT
55.7982,-52.7767,18.0064,0.000,HILL,1,HILL,,,,,PREVIEW_DEFAULT
55.8983,-52.8719,18.0373,0.000,HILL,1,HILL,,,,,PREVIEW_DEFAULT
55.9982,-52.9671,18.0678,0.000,HILL,1,HILL,,,,,PREVIEW_DEFAULT
56.0982,-53.0625,18.0978,0.000,HILL,1,HILL,,,,,PREVIEW_DEFAULT
56.1982,-53.1580,18.1274,0.000,HILL,1,HILL,,,,,PREVIEW_DEFAULT
56.2982,-53.2537,18.1564,0.000,HILL,1,HILL,,,,,PREVIEW_DEFAULT
56.3982,-53.3496,18.1847,0.000,HILL,1,HILL,,,,,PREVIEW_DEFAULT
56.4982,-53.4457,18.2124,0.000,HILL,1,HILL,,,,,PREVIEW_DEFAULT
56.5982,-53.5419,18.2395,0.000,HILL,1,HILL,,,,,PREVIEW_DEFAULT
56.6982,-53.6384,18.2658,0.000,HILL,1,HILL,,,,,PREVIEW_DEFAULT
56.7981,-53.7350,18.2915,0.000,HILL,1,HILL,,,,,PREVIEW_DEFAULT
56.8281,-53.7640,18.2990,0.000,HILL,1,HILL,HILL_END,EXIT_ZONE,,,PREVIEW_DEFAULT
56.8982,-53.8319,18.3163,0.000,HILL,1,HILL,,,,,PREVIEW_DEFAULT
56.9982,-53.9289,18.3406,0.000,HILL,1,HILL,,,,,PREVIEW_DEFAULT
57.0906,-54.0186,18.3630,0.000,NORMAL,1,ROUTE,,,,,PREVIEW_DEFAULT
57.0981,-54.0259,18.3648,0.000,NORMAL,1,ROUTE,,,,,PREVIEW_DEFAULT
57.1982,-54.1229,18.3893,0.000,NORMAL,1,ROUTE,,,,,PREVIEW_DEFAULT
57.2982,-54.2199,18.4137,0.000,NORMAL,1,ROUTE,,,,,PREVIEW_DEFAULT
57.3981,-54.3168,18.4382,0.000,NORMAL,1,ROUTE,,,,,PREVIEW_DEFAULT
57.4981,-54.4138,18.4625,0.000,NORMAL,1,ROUTE,,,,,PREVIEW_DEFAULT
57.5981,-54.5108,18.4867,0.000,NORMAL,1,ROUTE,,,,,PREVIEW_DEFAULT
57.6981,-54.6079,18.5106,0.000,NORMAL,1,ROUTE,,,,,PREVIEW_DEFAULT
57.7982,-54.7051,18.5343,0.000,NORMAL,1,ROUTE,,,,,PREVIEW_DEFAULT
57.8981,-54.8023,18.5577,0.000,NORMAL,1,ROUTE,,,,,PREVIEW_DEFAULT
57.9982,-54.8996,18.5809,0.000,NORMAL,1,ROUTE,,,,,PREVIEW_DEFAULT
58.0981,-54.9969,18.6038,0.000,NORMAL,1,ROUTE,,,,,PREVIEW_DEFAULT
58.1982,-55.0943,18.6266,0.000,NORMAL,1,ROUTE,,,,,PREVIEW_DEFAULT
58.2982,-55.1917,18.6493,0.000,NORMAL,1,ROUTE,,,,,PREVIEW_DEFAULT
58.3981,-55.2891,18.6718,0.000,NORMAL,1,ROUTE,,,,,PREVIEW_DEFAULT
58.4981,-55.3865,18.6943,0.000,NORMAL,1,ROUTE,,,,,PREVIEW_DEFAULT
58.5981,-55.4839,18.7168,0.000,NORMAL,1,ROUTE,,,,,PREVIEW_DEFAULT
58.6981,-55.5814,18.7393,0.000,NORMAL,1,ROUTE,,,,,PREVIEW_DEFAULT
58.7981,-55.6788,18.7619,0.000,NORMAL,1,ROUTE,,,,,PREVIEW_DEFAULT
58.8981,-55.7762,18.7844,0.000,NORMAL,1,ROUTE,,,,,PREVIEW_DEFAULT
58.9981,-55.8737,18.8069,0.000,NORMAL,1,ROUTE,,,,,PREVIEW_DEFAULT
59.0981,-55.9711,18.8293,0.000,NORMAL,1,ROUTE,,,,,PREVIEW_DEFAULT
59.1981,-56.0686,18.8516,0.000,NORMAL,1,ROUTE,,,,,PREVIEW_DEFAULT
59.2981,-56.1661,18.8737,0.000,NORMAL,1,ROUTE,,,,,PREVIEW_DEFAULT
59.3981,-56.2637,18.8954,0.000,NORMAL,1,ROUTE,,,,,PREVIEW_DEFAULT
59.4981,-56.3614,18.9168,0.000,NORMAL,1,ROUTE,,,,,PREVIEW_DEFAULT
59.5980,-56.4592,18.9375,0.000,NORMAL,1,ROUTE,,,,,PREVIEW_DEFAULT
59.6981,-56.5572,18.9576,0.000,NORMAL,1,ROUTE,,,,,PREVIEW_DEFAULT
59.7981,-56.6553,18.9769,0.000,NORMAL,1,ROUTE,,,,,PREVIEW_DEFAULT
59.8980,-56.7536,18.9951,0.000,NORMAL,1,ROUTE,,,,,PREVIEW_DEFAULT
59.9981,-56.8522,19.0121,0.000,NORMAL,1,ROUTE,,,,,PREVIEW_DEFAULT
60.0981,-56.9510,19.0276,0.000,NORMAL,1,ROUTE,,,,,PREVIEW_DEFAULT
60.1981,-57.0500,19.0417,0.000,NORMAL,1,ROUTE,,,,,PREVIEW_DEFAULT
60.2980,-57.1492,19.0539,0.000,NORMAL,1,ROUTE,,,,,PREVIEW_DEFAULT
60.3981,-57.2487,19.0643,0.000,NORMAL,1,ROUTE,,,,,PREVIEW_DEFAULT
60.4980,-57.3483,19.0728,0.000,NORMAL,1,ROUTE,,,,,PREVIEW_DEFAULT
60.5981,-57.4481,19.0792,0.000,NORMAL,1,ROUTE,,,,,PREVIEW_DEFAULT
60.6980,-57.5480,19.0836,0.000,NORMAL,1,ROUTE,,,,,PREVIEW_DEFAULT
60.7981,-57.6480,19.0859,0.000,NORMAL,1,ROUTE,,,,,PREVIEW_DEFAULT
60.8981,-57.7480,19.0862,0.000,NORMAL,1,ROUTE,,,,,PREVIEW_DEFAULT
60.9980,-57.8479,19.0845,0.000,NORMAL,1,ROUTE,,,,,PREVIEW_DEFAULT
61.0981,-57.9479,19.0808,0.000,NORMAL,1,ROUTE,,,,,PREVIEW_DEFAULT
61.1980,-58.0477,19.0752,0.000,NORMAL,1,ROUTE,,,,,PREVIEW_DEFAULT
61.2980,-58.1474,19.0677,0.000,NORMAL,1,ROUTE,,,,,PREVIEW_DEFAULT
61.3980,-58.2470,19.0584,0.000,NORMAL,1,ROUTE,,,,,PREVIEW_DEFAULT
61.4980,-58.3464,19.0474,0.000,NORMAL,1,ROUTE,,,,,PREVIEW_DEFAULT
61.5980,-58.4456,19.0348,0.000,NORMAL,1,ROUTE,,,,,PREVIEW_DEFAULT
61.6980,-58.5446,19.0207,0.000,NORMAL,1,ROUTE,,,,,PREVIEW_DEFAULT
61.7979,-58.6433,19.0052,0.000,NORMAL,1,ROUTE,,,,,PREVIEW_DEFAULT
61.8980,-58.7419,18.9882,0.000,NORMAL,1,ROUTE,,,,,PREVIEW_DEFAULT
61.9980,-58.8402,18.9700,0.000,NORMAL,1,ROUTE,,,,,PREVIEW_DEFAULT
62.0980,-58.9383,18.9503,0.000,NORMAL,1,ROUTE,,,,,PREVIEW_DEFAULT
62.1979,-59.0360,18.9294,0.000,NORMAL,1,ROUTE,,,,,PREVIEW_DEFAULT
62.2979,-59.1335,18.9072,0.000,NORMAL,1,ROUTE,,,,,PREVIEW_DEFAULT
62.3979,-59.2307,18.8837,0.000,NORMAL,1,ROUTE,,,,,PREVIEW_DEFAULT
62.4980,-59.3276,18.8589,0.000,NORMAL,1,ROUTE,,,,,PREVIEW_DEFAULT
62.5979,-59.4241,18.8327,0.000,NORMAL,1,ROUTE,,,,,PREVIEW_DEFAULT
62.6979,-59.5202,18.8051,0.000,NORMAL,1,ROUTE,,,,,PREVIEW_DEFAULT
62.7980,-59.6159,18.7760,0.000,NORMAL,1,ROUTE,,,,,PREVIEW_DEFAULT
62.8980,-59.7111,18.7453,0.000,NORMAL,1,ROUTE,,,,,PREVIEW_DEFAULT
62.9980,-59.8057,18.7130,0.000,NORMAL,1,ROUTE,,,,,PREVIEW_DEFAULT
63.0979,-59.8997,18.6789,0.000,NORMAL,1,ROUTE,,,,,PREVIEW_DEFAULT
63.1979,-59.9930,18.6429,0.000,NORMAL,1,ROUTE,,,,,PREVIEW_DEFAULT
63.2979,-60.0855,18.6050,0.000,NORMAL,1,ROUTE,,,,,PREVIEW_DEFAULT
63.3979,-60.1772,18.5651,0.000,NORMAL,1,ROUTE,,,,,PREVIEW_DEFAULT
63.4979,-60.2679,18.5230,0.000,NORMAL,1,ROUTE,,,,,PREVIEW_DEFAULT
63.5979,-60.3576,18.4789,0.000,NORMAL,1,ROUTE,,,,,PREVIEW_DEFAULT
63.6979,-60.4463,18.4326,0.000,NORMAL,1,ROUTE,,,,,PREVIEW_DEFAULT
63.7979,-60.5338,18.3842,0.000,NORMAL,1,ROUTE,,,,,PREVIEW_DEFAULT
63.8979,-60.6202,18.3339,0.000,NORMAL,1,ROUTE,,,,,PREVIEW_DEFAULT
63.9979,-60.7055,18.2817,0.000,NORMAL,1,ROUTE,,,,,PREVIEW_DEFAULT
64.0979,-60.7898,18.2279,0.000,NORMAL,1,ROUTE,,,,,PREVIEW_DEFAULT
64.1979,-60.8732,18.1727,0.000,NORMAL,1,ROUTE,,,,,PREVIEW_DEFAULT
64.2979,-60.9557,18.1163,0.000,NORMAL,1,ROUTE,,,,,PREVIEW_DEFAULT
64.3979,-61.0375,18.0587,0.000,NORMAL,1,ROUTE,,,,,PREVIEW_DEFAULT
64.4978,-61.1185,18.0002,0.000,NORMAL,1,ROUTE,,,,,PREVIEW_DEFAULT
64.5979,-61.1990,17.9408,0.000,NORMAL,1,ROUTE,,,,,PREVIEW_DEFAULT
64.6979,-61.2789,17.8806,0.000,NORMAL,1,ROUTE,,,,,PREVIEW_DEFAULT
64.7978,-61.3582,17.8198,0.000,NORMAL,1,ROUTE,,,,,PREVIEW_DEFAULT
64.8979,-61.4371,17.7583,0.000,NORMAL,1,ROUTE,,,,,PREVIEW_DEFAULT
64.9979,-61.5155,17.6962,0.000,NORMAL,1,ROUTE,,,,,PREVIEW_DEFAULT
65.0979,-61.5933,17.6334,0.000,NORMAL,1,ROUTE,,,,,PREVIEW_DEFAULT
65.1978,-61.6707,17.5701,0.000,NORMAL,1,ROUTE,,,,,PREVIEW_DEFAULT
65.2979,-61.7475,17.5060,0.000,NORMAL,1,ROUTE,,,,,PREVIEW_DEFAULT
65.3978,-61.8237,17.4413,0.000,NORMAL,1,ROUTE,,,,,PREVIEW_DEFAULT
65.4978,-61.8993,17.3759,0.000,NORMAL,1,ROUTE,,,,,PREVIEW_DEFAULT
65.5978,-61.9743,17.3098,0.000,NORMAL,1,ROUTE,,,,,PREVIEW_DEFAULT
65.6978,-62.0486,17.2428,0.000,NORMAL,1,ROUTE,,,,,PREVIEW_DEFAULT
65.7978,-62.1222,17.1751,0.000,NORMAL,1,ROUTE,,,,,PREVIEW_DEFAULT
65.8979,-62.1950,17.1065,0.000,NORMAL,1,ROUTE,,,,,PREVIEW_DEFAULT
65.9979,-62.2669,17.0370,0.000,NORMAL,1,ROUTE,,,,,PREVIEW_DEFAULT
66.0978,-62.3379,16.9666,0.000,NORMAL,1,ROUTE,,,,,PREVIEW_DEFAULT
66.1978,-62.4079,16.8952,0.000,NORMAL,1,ROUTE,,,,,PREVIEW_DEFAULT
66.2978,-62.4769,16.8228,0.000,NORMAL,1,ROUTE,,,,,PREVIEW_DEFAULT
66.3978,-62.5448,16.7494,0.000,NORMAL,1,ROUTE,,,,,PREVIEW_DEFAULT
66.4978,-62.6116,16.6750,0.000,NORMAL,1,ROUTE,,,,,PREVIEW_DEFAULT
66.5978,-62.6772,16.5996,0.000,NORMAL,1,ROUTE,,,,,PREVIEW_DEFAULT
66.6978,-62.7416,16.5231,0.000,NORMAL,1,ROUTE,,,,,PREVIEW_DEFAULT
66.7978,-62.8048,16.4455,0.000,NORMAL,1,ROUTE,,,,,PREVIEW_DEFAULT
66.8978,-62.8666,16.3669,0.000,NORMAL,1,ROUTE,,,,,PREVIEW_DEFAULT
66.9978,-62.9271,16.2873,0.000,NORMAL,1,ROUTE,,,,,PREVIEW_DEFAULT
67.0978,-62.9862,16.2066,0.000,NORMAL,1,ROUTE,,,,,PREVIEW_DEFAULT
67.1978,-63.0439,16.1250,0.000,NORMAL,1,ROUTE,,,,,PREVIEW_DEFAULT
67.2977,-63.1002,16.0424,0.000,NORMAL,1,ROUTE,,,,,PREVIEW_DEFAULT
67.3978,-63.1552,15.9588,0.000,NORMAL,1,ROUTE,,,,,PREVIEW_DEFAULT
67.4978,-63.2089,15.8745,0.000,NORMAL,1,ROUTE,,,,,PREVIEW_DEFAULT
67.5977,-63.2614,15.7894,0.000,NORMAL,1,ROUTE,,,,,PREVIEW_DEFAULT
67.6977,-63.3126,15.7035,0.000,NORMAL,1,ROUTE,,,,,PREVIEW_DEFAULT
67.7978,-63.3628,15.6170,0.000,NORMAL,1,ROUTE,,,,,PREVIEW_DEFAULT
67.8977,-63.4118,15.5299,0.000,NORMAL,1,ROUTE,,,,,PREVIEW_DEFAULT
67.9978,-63.4600,15.4422,0.000,NORMAL,1,ROUTE,,,,,PREVIEW_DEFAULT
68.0977,-63.5074,15.3542,0.000,NORMAL,1,ROUTE,,,,,PREVIEW_DEFAULT
68.1977,-63.5542,15.2658,0.000,NORMAL,1,ROUTE,,,,,PREVIEW_DEFAULT
68.2978,-63.6006,15.1772,0.000,NORMAL,1,ROUTE,,,,,PREVIEW_DEFAULT
68.3978,-63.6466,15.0884,0.000,NORMAL,1,ROUTE,,,,,PREVIEW_DEFAULT
68.4977,-63.6925,14.9996,0.000,NORMAL,1,ROUTE,,,,,PREVIEW_DEFAULT
68.5977,-63.7384,14.9108,0.000,NORMAL,1,ROUTE,,,,,PREVIEW_DEFAULT
68.6977,-63.7844,14.8220,0.000,NORMAL,1,ROUTE,,,,,PREVIEW_DEFAULT
68.7977,-63.8305,14.7333,0.000,NORMAL,1,ROUTE,,,,,PREVIEW_DEFAULT
68.8977,-63.8769,14.6447,0.000,NORMAL,1,ROUTE,,,,,PREVIEW_DEFAULT
68.9977,-63.9235,14.5562,0.000,NORMAL,1,ROUTE,,,,,PREVIEW_DEFAULT
69.0978,-63.9704,14.4678,0.000,NORMAL,1,ROUTE,,,,,PREVIEW_DEFAULT
69.1977,-64.0174,14.3796,0.000,NORMAL,1,ROUTE,,,,,PREVIEW_DEFAULT
69.2977,-64.0647,14.2915,0.000,NORMAL,1,ROUTE,,,,,PREVIEW_DEFAULT
69.3977,-64.1122,14.2035,0.000,NORMAL,1,ROUTE,,,,,PREVIEW_DEFAULT
69.4977,-64.1599,14.1156,0.000,NORMAL,1,ROUTE,,,,,PREVIEW_DEFAULT
69.5977,-64.2078,14.0278,0.000,NORMAL,1,ROUTE,,,,,PREVIEW_DEFAULT
69.6977,-64.2558,13.9401,0.000,NORMAL,1,ROUTE,,,,,PREVIEW_DEFAULT
69.7977,-64.3040,13.8525,0.000,NORMAL,1,ROUTE,,,,,PREVIEW_DEFAULT
69.8977,-64.3523,13.7649,0.000,NORMAL,1,ROUTE,,,,,PREVIEW_DEFAULT
69.9976,-64.4007,13.6775,0.000,NORMAL,1,ROUTE,,,,,PREVIEW_DEFAULT
70.0977,-64.4493,13.5900,0.000,NORMAL,1,ROUTE,,,,,PREVIEW_DEFAULT
70.1976,-64.4979,13.5027,0.000,NORMAL,1,ROUTE,,,,,PREVIEW_DEFAULT
70.2977,-64.5466,13.4153,0.000,NORMAL,1,ROUTE,,,,,PREVIEW_DEFAULT
70.3977,-64.5952,13.3279,0.000,NORMAL,1,ROUTE,,,,,PREVIEW_DEFAULT
70.4977,-64.6438,13.2405,0.000,NORMAL,1,ROUTE,,,,,PREVIEW_DEFAULT
70.5976,-64.6921,13.1530,0.000,NORMAL,1,ROUTE,,,,,PREVIEW_DEFAULT
70.6977,-64.7402,13.0653,0.000,NORMAL,1,ROUTE,,,,,PREVIEW_DEFAULT
70.7976,-64.7880,12.9775,0.000,NORMAL,1,ROUTE,,,,,PREVIEW_DEFAULT
70.8977,-64.8352,12.8893,0.000,NORMAL,1,ROUTE,,,,,PREVIEW_DEFAULT
70.9977,-64.8820,12.8009,0.000,NORMAL,1,ROUTE,,,,,PREVIEW_DEFAULT
71.0977,-64.9281,12.7122,0.000,NORMAL,1,ROUTE,,,,,PREVIEW_DEFAULT
71.1976,-64.9736,12.6232,0.000,NORMAL,1,ROUTE,,,,,PREVIEW_DEFAULT
71.2976,-65.0184,12.5338,0.000,NORMAL,1,ROUTE,,,,,PREVIEW_DEFAULT
71.3976,-65.0626,12.4441,0.000,NORMAL,1,ROUTE,,,,,PREVIEW_DEFAULT
71.4976,-65.1064,12.3542,0.000,NORMAL,1,ROUTE,,,,,PREVIEW_DEFAULT
71.5976,-65.1498,12.2641,0.000,NORMAL,1,ROUTE,,,,,PREVIEW_DEFAULT
71.6976,-65.1931,12.1740,0.000,NORMAL,1,ROUTE,,,,,PREVIEW_DEFAULT
71.7976,-65.2363,12.0838,0.000,NORMAL,1,ROUTE,,,,,PREVIEW_DEFAULT
71.8977,-65.2798,11.9937,0.000,NORMAL,1,ROUTE,,,,,PREVIEW_DEFAULT
71.9977,-65.3236,11.9038,0.000,NORMAL,1,ROUTE,,,,,PREVIEW_DEFAULT
72.0977,-65.3678,11.8141,0.000,NORMAL,1,ROUTE,,,,,PREVIEW_DEFAULT
72.1976,-65.4126,11.7247,0.000,NORMAL,1,ROUTE,,,,,PREVIEW_DEFAULT
72.2976,-65.4580,11.6356,0.000,NORMAL,1,ROUTE,,,,,PREVIEW_DEFAULT
72.3976,-65.5039,11.5468,0.000,NORMAL,1,ROUTE,,,,,PREVIEW_DEFAULT
72.4976,-65.5504,11.4583,0.000,NORMAL,1,ROUTE,,,,,PREVIEW_DEFAULT
72.5976,-65.5974,11.3700,0.000,NORMAL,1,ROUTE,,,,,PREVIEW_DEFAULT
72.6976,-65.6448,11.2820,0.000,NORMAL,1,ROUTE,,,,,PREVIEW_DEFAULT
72.7976,-65.6925,11.1941,0.000,NORMAL,1,ROUTE,,,,,PREVIEW_DEFAULT
72.8976,-65.7405,11.1063,0.000,NORMAL,1,ROUTE,,,,,PREVIEW_DEFAULT
72.9976,-65.7884,11.0186,0.000,NORMAL,1,ROUTE,,,,,PREVIEW_DEFAULT
73.0975,-65.8362,10.9308,0.000,NORMAL,1,ROUTE,,,,,PREVIEW_DEFAULT
73.1976,-65.8838,10.8428,0.000,NORMAL,1,ROUTE,,,,,PREVIEW_DEFAULT
73.2975,-65.9310,10.7547,0.000,NORMAL,1,ROUTE,,,,,PREVIEW_DEFAULT
73.3976,-65.9777,10.6662,0.000,NORMAL,1,ROUTE,,,,,PREVIEW_DEFAULT
73.4976,-66.0238,10.5775,0.000,NORMAL,1,ROUTE,,,,,PREVIEW_DEFAULT
73.5976,-66.0694,10.4885,0.000,NORMAL,1,ROUTE,,,,,PREVIEW_DEFAULT
73.6976,-66.1144,10.3992,0.000,NORMAL,1,ROUTE,,,,,PREVIEW_DEFAULT
73.7976,-66.1590,10.3097,0.000,NORMAL,1,ROUTE,,,,,PREVIEW_DEFAULT
73.8976,-66.2030,10.2199,0.000,NORMAL,1,ROUTE,,,,,PREVIEW_DEFAULT
73.9975,-66.2467,10.1300,0.000,NORMAL,1,ROUTE,,,,,PREVIEW_DEFAULT
74.0976,-66.2902,10.0399,0.000,NORMAL,1,ROUTE,,,,,PREVIEW_DEFAULT
74.1975,-66.3333,9.9497,0.000,NORMAL,1,ROUTE,,,,,PREVIEW_DEFAULT
74.2976,-66.3764,9.8594,0.000,NORMAL,1,ROUTE,,,,,PREVIEW_DEFAULT
74.3976,-66.4193,9.7691,0.000,NORMAL,1,ROUTE,,,,,PREVIEW_DEFAULT
74.4975,-66.4622,9.6788,0.000,NORMAL,1,ROUTE,,,,,PREVIEW_DEFAULT
74.5976,-66.5050,9.5884,0.000,NORMAL,1,ROUTE,,,,,PREVIEW_DEFAULT
74.6975,-66.5477,9.4980,0.000,NORMAL,1,ROUTE,,,,,PREVIEW_DEFAULT
74.7975,-66.5904,9.4076,0.000,NORMAL,1,ROUTE,,,,,PREVIEW_DEFAULT
74.8975,-66.6330,9.3171,0.000,NORMAL,1,ROUTE,,,,,PREVIEW_DEFAULT
74.9975,-66.6753,9.2265,0.000,NORMAL,1,ROUTE,,,,,PREVIEW_DEFAULT
75.0976,-66.7175,9.1358,0.000,NORMAL,1,ROUTE,,,,,PREVIEW_DEFAULT
75.1975,-66.7592,9.0450,0.000,NORMAL,1,ROUTE,,,,,PREVIEW_DEFAULT
75.2975,-66.8006,8.9539,0.000,NORMAL,1,ROUTE,,,,,PREVIEW_DEFAULT
75.3975,-66.8414,8.8627,0.000,NORMAL,1,ROUTE,,,,,PREVIEW_DEFAULT
75.4975,-66.8817,8.7711,0.000,NORMAL,1,ROUTE,,,,,PREVIEW_DEFAULT
75.5975,-66.9212,8.6793,0.000,NORMAL,1,ROUTE,,,,,PREVIEW_DEFAULT
75.6975,-66.9600,8.5871,0.000,NORMAL,1,ROUTE,,,,,PREVIEW_DEFAULT
75.7975,-66.9979,8.4946,0.000,NORMAL,1,ROUTE,,,,,PREVIEW_DEFAULT
75.8975,-67.0348,8.4016,0.000,NORMAL,1,ROUTE,,,,,PREVIEW_DEFAULT
75.9974,-67.0706,8.3083,0.000,NORMAL,1,ROUTE,,,,,PREVIEW_DEFAULT
76.0975,-67.1054,8.2145,0.000,NORMAL,1,ROUTE,,,,,PREVIEW_DEFAULT
76.1975,-67.1389,8.1203,0.000,NORMAL,1,ROUTE,,,,,PREVIEW_DEFAULT
76.2975,-67.1712,8.0256,0.000,NORMAL,1,ROUTE,,,,,PREVIEW_DEFAULT
76.3975,-67.2022,7.9306,0.000,NORMAL,1,ROUTE,,,,,PREVIEW_DEFAULT
76.4974,-67.2320,7.8352,0.000,NORMAL,1,ROUTE,,,,,PREVIEW_DEFAULT
76.5974,-67.2608,7.7394,0.000,NORMAL,1,ROUTE,,,,,PREVIEW_DEFAULT
76.6975,-67.2885,7.6433,0.000,NORMAL,1,ROUTE,,,,,PREVIEW_DEFAULT
76.7974,-67.3153,7.5470,0.000,NORMAL,1,ROUTE,,,,,PREVIEW_DEFAULT
76.8974,-67.3412,7.4504,0.000,NORMAL,1,ROUTE,,,,,PREVIEW_DEFAULT
76.9975,-67.3665,7.3536,0.000,NORMAL,1,ROUTE,,,,,PREVIEW_DEFAULT
77.0975,-67.3911,7.2567,0.000,NORMAL,1,ROUTE,,,,,PREVIEW_DEFAULT
77.1975,-67.4151,7.1596,0.000,NORMAL,1,ROUTE,,,,,PREVIEW_DEFAULT
77.2975,-67.4386,7.0624,0.000,NORMAL,1,ROUTE,,,,,PREVIEW_DEFAULT
77.3975,-67.4616,6.9651,0.000,NORMAL,1,ROUTE,,,,,PREVIEW_DEFAULT
77.4974,-67.4841,6.8677,0.000,NORMAL,1,ROUTE,,,,,PREVIEW_DEFAULT
77.5975,-67.5061,6.7701,0.000,NORMAL,1,ROUTE,,,,,PREVIEW_DEFAULT
77.6974,-67.5276,6.6725,0.000,NORMAL,1,ROUTE,,,,,PREVIEW_DEFAULT
77.7974,-67.5485,6.5747,0.000,NORMAL,1,ROUTE,,,,,PREVIEW_DEFAULT
77.8974,-67.5688,6.4768,0.000,NORMAL,1,ROUTE,,,,,PREVIEW_DEFAULT
77.9974,-67.5883,6.3787,0.000,NORMAL,1,ROUTE,,,,,PREVIEW_DEFAULT
78.0974,-67.6069,6.2805,0.000,NORMAL,1,ROUTE,,,,,PREVIEW_DEFAULT
78.1974,-67.6246,6.1820,0.000,NORMAL,1,ROUTE,,,,,PREVIEW_DEFAULT
78.2974,-67.6411,6.0834,0.000,NORMAL,1,ROUTE,,,,,PREVIEW_DEFAULT
78.3974,-67.6563,5.9846,0.000,NORMAL,1,ROUTE,,,,,PREVIEW_DEFAULT
78.4974,-67.6702,5.8855,0.000,NORMAL,1,ROUTE,,,,,PREVIEW_DEFAULT
78.5974,-67.6825,5.7863,0.000,NORMAL,1,ROUTE,,,,,PREVIEW_DEFAULT
78.6974,-67.6932,5.6869,0.000,NORMAL,1,ROUTE,,,,,PREVIEW_DEFAULT
78.7974,-67.7023,5.5873,0.000,NORMAL,1,ROUTE,,,,,PREVIEW_DEFAULT
78.8974,-67.7097,5.4876,0.000,NORMAL,1,ROUTE,,,,,PREVIEW_DEFAULT
78.9973,-67.7156,5.3878,0.000,NORMAL,1,ROUTE,,,,,PREVIEW_DEFAULT
79.0973,-67.7200,5.2879,0.000,NORMAL,1,ROUTE,,,,,PREVIEW_DEFAULT
79.1974,-67.7230,5.1879,0.000,NORMAL,1,ROUTE,,,,,PREVIEW_DEFAULT
79.2974,-67.7248,5.0879,0.000,NORMAL,1,ROUTE,,,,,PREVIEW_DEFAULT
79.3974,-67.7254,4.9879,0.000,NORMAL,1,ROUTE,,,,,PREVIEW_DEFAULT
79.4974,-67.7250,4.8879,0.000,NORMAL,1,ROUTE,,,,,PREVIEW_DEFAULT
79.5973,-67.7237,4.7880,0.000,NORMAL,1,ROUTE,,,,,PREVIEW_DEFAULT
79.6973,-67.7215,4.6880,0.000,NORMAL,1,ROUTE,,,,,PREVIEW_DEFAULT
79.7974,-67.7186,4.5880,0.000,NORMAL,1,ROUTE,,,,,PREVIEW_DEFAULT
79.8973,-67.7150,4.4881,0.000,NORMAL,1,ROUTE,,,,,PREVIEW_DEFAULT
79.9973,-67.7108,4.3882,0.000,NORMAL,1,ROUTE,,,,,PREVIEW_DEFAULT
80.0973,-67.7061,4.2883,0.000,NORMAL,1,ROUTE,,,,,PREVIEW_DEFAULT
80.1974,-67.7009,4.1884,0.000,NORMAL,1,ROUTE,,,,,PREVIEW_DEFAULT
80.2973,-67.6952,4.0886,0.000,NORMAL,1,ROUTE,,,,,PREVIEW_DEFAULT
80.3973,-67.6890,3.9888,0.000,NORMAL,1,ROUTE,,,,,PREVIEW_DEFAULT
80.4974,-67.6824,3.8890,0.000,NORMAL,1,ROUTE,,,,,PREVIEW_DEFAULT
80.5973,-67.6753,3.7893,0.000,NORMAL,1,ROUTE,,,,,PREVIEW_DEFAULT
80.6973,-67.6676,3.6896,0.000,NORMAL,1,ROUTE,,,,,PREVIEW_DEFAULT
80.7974,-67.6592,3.5899,0.000,NORMAL,1,ROUTE,,,,,PREVIEW_DEFAULT
80.8974,-67.6502,3.4903,0.000,NORMAL,1,ROUTE,,,,,PREVIEW_DEFAULT
80.9973,-67.6404,3.3908,0.000,NORMAL,1,ROUTE,,,,,PREVIEW_DEFAULT
81.0973,-67.6297,3.2914,0.000,NORMAL,1,ROUTE,,,,,PREVIEW_DEFAULT
81.1973,-67.6180,3.1921,0.000,NORMAL,1,ROUTE,,,,,PREVIEW_DEFAULT
81.2973,-67.6052,3.0929,0.000,NORMAL,1,ROUTE,,,,,PREVIEW_DEFAULT
81.3973,-67.5911,2.9939,0.000,NORMAL,1,ROUTE,,,,,PREVIEW_DEFAULT
81.4972,-67.5756,2.8952,0.000,NORMAL,1,ROUTE,,,,,PREVIEW_DEFAULT
81.5973,-67.5585,2.7966,0.000,NORMAL,1,ROUTE,,,,,PREVIEW_DEFAULT
81.6973,-67.5398,2.6984,0.000,NORMAL,1,ROUTE,,,,,PREVIEW_DEFAULT
81.7973,-67.5195,2.6005,0.000,NORMAL,1,ROUTE,,,,,PREVIEW_DEFAULT
81.8972,-67.4974,2.5030,0.000,NORMAL,1,ROUTE,,,,,PREVIEW_DEFAULT
81.9973,-67.4736,2.4058,0.000,NORMAL,1,ROUTE,,,,,PREVIEW_DEFAULT
82.0973,-67.4479,2.3092,0.000,NORMAL,1,ROUTE,,,,,PREVIEW_DEFAULT
82.1973,-67.4205,2.2130,0.000,NORMAL,1,ROUTE,,,,,PREVIEW_DEFAULT
82.2973,-67.3912,2.1174,0.000,NORMAL,1,ROUTE,,,,,PREVIEW_DEFAULT
82.3973,-67.3600,2.0224,0.000,NORMAL,1,ROUTE,,,,,PREVIEW_DEFAULT
82.4973,-67.3269,1.9280,0.000,NORMAL,1,ROUTE,,,,,PREVIEW_DEFAULT
82.5973,-67.2920,1.8343,0.000,NORMAL,1,ROUTE,,,,,PREVIEW_DEFAULT
82.6973,-67.2553,1.7413,0.000,NORMAL,1,ROUTE,,,,,PREVIEW_DEFAULT
82.7973,-67.2168,1.6490,0.000,NORMAL,1,ROUTE,,,,,PREVIEW_DEFAULT
82.8972,-67.1766,1.5575,0.000,NORMAL,1,ROUTE,,,,,PREVIEW_DEFAULT
82.9973,-67.1346,1.4667,0.000,NORMAL,1,ROUTE,,,,,PREVIEW_DEFAULT
83.0972,-67.0911,1.3767,0.000,NORMAL,1,ROUTE,,,,,PREVIEW_DEFAULT
83.1972,-67.0459,1.2875,0.000,NORMAL,1,ROUTE,,,,,PREVIEW_DEFAULT
83.2972,-66.9992,1.1991,0.000,NORMAL,1,ROUTE,,,,,PREVIEW_DEFAULT
83.3972,-66.9510,1.1115,0.000,NORMAL,1,ROUTE,,,,,PREVIEW_DEFAULT
83.4972,-66.9013,1.0247,0.000,NORMAL,1,ROUTE,,,,,PREVIEW_DEFAULT
83.5972,-66.8503,0.9387,0.000,NORMAL,1,ROUTE,,,,,PREVIEW_DEFAULT
83.6972,-66.7979,0.8535,0.000,NORMAL,1,ROUTE,,,,,PREVIEW_DEFAULT
83.7971,-66.7444,0.7691,0.000,NORMAL,1,ROUTE,,,,,PREVIEW_DEFAULT
83.8972,-66.6897,0.6853,0.000,NORMAL,1,ROUTE,,,,,PREVIEW_DEFAULT
83.9972,-66.6339,0.6023,0.000,NORMAL,1,ROUTE,,,,,PREVIEW_DEFAULT
84.0972,-66.5772,0.5200,0.000,NORMAL,1,ROUTE,,,,,PREVIEW_DEFAULT
84.1971,-66.5196,0.4383,0.000,NORMAL,1,ROUTE,,,,,PREVIEW_DEFAULT
84.2972,-66.4611,0.3571,0.000,NORMAL,1,ROUTE,,,,,PREVIEW_DEFAULT
84.3972,-66.4019,0.2765,0.000,NORMAL,1,ROUTE,,,,,PREVIEW_DEFAULT
84.4972,-66.3421,0.1964,0.000,NORMAL,1,ROUTE,,,,,PREVIEW_DEFAULT
84.5971,-66.2819,0.1166,0.000,NORMAL,1,ROUTE,,,,,PREVIEW_DEFAULT
84.6972,-66.2212,0.0371,0.000,NORMAL,1,ROUTE,,,,,PREVIEW_DEFAULT
84.7971,-66.1603,-0.0422,0.000,NORMAL,1,ROUTE,,,,,PREVIEW_DEFAULT
84.8971,-66.0993,-0.1214,0.000,NORMAL,1,ROUTE,,,,,PREVIEW_DEFAULT
84.9971,-66.0381,-0.2005,0.000,NORMAL,1,ROUTE,,,,,PREVIEW_DEFAULT
85.0971,-65.9768,-0.2795,0.000,NORMAL,1,ROUTE,,,,,PREVIEW_DEFAULT
85.1971,-65.9155,-0.3585,0.000,NORMAL,1,ROUTE,,,,,PREVIEW_DEFAULT
85.2971,-65.8541,-0.4374,0.000,NORMAL,1,ROUTE,,,,,PREVIEW_DEFAULT
85.3972,-65.7925,-0.5163,0.000,NORMAL,1,ROUTE,,,,,PREVIEW_DEFAULT
85.4972,-65.7307,-0.5949,0.000,NORMAL,1,ROUTE,,,,,PREVIEW_DEFAULT
85.5972,-65.6686,-0.6733,0.000,NORMAL,1,ROUTE,,,,,PREVIEW_DEFAULT
85.6971,-65.6061,-0.7513,0.000,NORMAL,1,ROUTE,,,,,PREVIEW_DEFAULT
85.7971,-65.5431,-0.8289,0.000,NORMAL,1,ROUTE,,,,,PREVIEW_DEFAULT
85.8971,-65.4794,-0.9060,0.000,NORMAL,1,ROUTE,,,,,PREVIEW_DEFAULT
85.9972,-65.4149,-0.9825,0.000,NORMAL,1,ROUTE,,,,,PREVIEW_DEFAULT
86.0971,-65.3497,-1.0583,0.000,NORMAL,1,ROUTE,,,,,PREVIEW_DEFAULT
86.1971,-65.2837,-1.1334,0.000,NORMAL,1,ROUTE,,,,,PREVIEW_DEFAULT
86.2971,-65.2169,-1.2078,0.000,NORMAL,1,ROUTE,,,,,PREVIEW_DEFAULT
86.3971,-65.1494,-1.2816,0.000,NORMAL,1,ROUTE,,,,,PREVIEW_DEFAULT
86.4971,-65.0811,-1.3546,0.000,NORMAL,1,ROUTE,,,,,PREVIEW_DEFAULT
86.5970,-65.0123,-1.4271,0.000,NORMAL,1,ROUTE,,,,,PREVIEW_DEFAULT
86.6970,-64.9428,-1.4990,0.000,NORMAL,1,ROUTE,,,,,PREVIEW_DEFAULT
86.7971,-64.8728,-1.5705,0.000,NORMAL,1,ROUTE,,,,,PREVIEW_DEFAULT
86.8971,-64.8024,-1.6415,0.000,NORMAL,1,ROUTE,,,,,PREVIEW_DEFAULT
86.9971,-64.7316,-1.7121,0.000,NORMAL,1,ROUTE,,,,,PREVIEW_DEFAULT
87.0971,-64.6604,-1.7823,0.000,NORMAL,1,ROUTE,,,,,PREVIEW_DEFAULT
87.1971,-64.5890,-1.8523,0.000,NORMAL,1,ROUTE,,,,,PREVIEW_DEFAULT
87.2970,-64.5174,-1.9221,0.000,NORMAL,1,ROUTE,,,,,PREVIEW_DEFAULT
87.3971,-64.4455,-1.9917,0.000,NORMAL,1,ROUTE,,,,,PREVIEW_DEFAULT
87.4970,-64.3736,-2.0611,0.000,NORMAL,1,ROUTE,,,,,PREVIEW_DEFAULT
87.5971,-64.3015,-2.1304,0.000,NORMAL,1,ROUTE,,,,,PREVIEW_DEFAULT
87.6971,-64.2293,-2.1996,0.000,NORMAL,1,ROUTE,,,,,PREVIEW_DEFAULT
87.7971,-64.1570,-2.2687,0.000,NORMAL,1,ROUTE,,,,,PREVIEW_DEFAULT
87.8971,-64.0847,-2.3378,0.000,NORMAL,1,ROUTE,,,,,PREVIEW_DEFAULT
87.9970,-64.0123,-2.4067,0.000,NORMAL,1,ROUTE,,,,,PREVIEW_DEFAULT
88.0970,-63.9398,-2.4756,0.000,NORMAL,1,ROUTE,,,,,PREVIEW_DEFAULT
88.1970,-63.8673,-2.5444,0.000,NORMAL,1,ROUTE,,,,,PREVIEW_DEFAULT
88.2970,-63.7946,-2.6131,0.000,NORMAL,1,ROUTE,,,,,PREVIEW_DEFAULT
88.3970,-63.7218,-2.6817,0.000,NORMAL,1,ROUTE,,,,,PREVIEW_DEFAULT
88.4971,-63.6489,-2.7502,0.000,NORMAL,1,ROUTE,,,,,PREVIEW_DEFAULT
88.5970,-63.5759,-2.8185,0.000,NORMAL,1,ROUTE,,,,,PREVIEW_DEFAULT
88.5999,-63.5738,-2.8204,0.000,NORMAL,1,BEND,BEND_START,ENTER_ZONE,,,PREVIEW_DEFAULT
88.6970,-63.5026,-2.8865,0.000,NORMAL,1,BEND,,,,,PREVIEW_DEFAULT
88.7970,-63.4292,-2.9544,0.000,NORMAL,1,BEND,,,,,PREVIEW_DEFAULT
88.8970,-63.3556,-3.0221,0.000,NORMAL,1,BEND,,,,,PREVIEW_DEFAULT
88.9970,-63.2817,-3.0894,0.000,NORMAL,1,BEND,,,,,PREVIEW_DEFAULT
89.0970,-63.2075,-3.1565,0.000,NORMAL,1,BEND,,,,,PREVIEW_DEFAULT
89.1970,-63.1330,-3.2232,0.000,NORMAL,1,BEND,,,,,PREVIEW_DEFAULT
89.2970,-63.0582,-3.2896,0.000,NORMAL,1,BEND,,,,,PREVIEW_DEFAULT
89.3970,-62.9830,-3.3555,0.000,NORMAL,1,BEND,,,,,PREVIEW_DEFAULT
89.4970,-62.9074,-3.4209,0.000,NORMAL,1,BEND,,,,,PREVIEW_DEFAULT
89.5970,-62.8313,-3.4858,0.000,NORMAL,1,BEND,,,,,PREVIEW_DEFAULT
89.6970,-62.7547,-3.5501,0.000,NORMAL,1,BEND,,,,,PREVIEW_DEFAULT
89.7970,-62.6776,-3.6138,0.000,NORMAL,1,BEND,,,,,PREVIEW_DEFAULT
89.8970,-62.5999,-3.6767,0.000,NORMAL,1,BEND,,,,,PREVIEW_DEFAULT
89.9970,-62.5216,-3.7389,0.000,NORMAL,1,BEND,,,,,PREVIEW_DEFAULT
90.0970,-62.4426,-3.8002,0.000,NORMAL,1,BEND,,,,,PREVIEW_DEFAULT
90.1970,-62.3629,-3.8606,0.000,NORMAL,1,BEND,,,,,PREVIEW_DEFAULT
90.2970,-62.2824,-3.9200,0.000,NORMAL,1,BEND,,,,,PREVIEW_DEFAULT
90.3969,-62.2012,-3.9782,0.000,NORMAL,1,BEND,,,,,PREVIEW_DEFAULT
90.4969,-62.1191,-4.0353,0.000,NORMAL,1,BEND,,,,,PREVIEW_DEFAULT
90.5970,-62.0361,-4.0912,0.000,NORMAL,1,BEND,,,,,PREVIEW_DEFAULT
90.6970,-61.9523,-4.1457,0.000,NORMAL,1,BEND,,,,,PREVIEW_DEFAULT
90.7970,-61.8676,-4.1989,0.000,NORMAL,1,BEND,,,,,PREVIEW_DEFAULT
90.8969,-61.7821,-4.2506,0.000,NORMAL,1,BEND,,,,,PREVIEW_DEFAULT
90.9970,-61.6956,-4.3009,0.000,NORMAL,1,BEND,,,,,PREVIEW_DEFAULT
91.0970,-61.6084,-4.3499,0.000,NORMAL,1,BEND,,,,,PREVIEW_DEFAULT
91.1969,-61.5205,-4.3974,0.000,NORMAL,1,BEND,,,,,PREVIEW_DEFAULT
91.2969,-61.4319,-4.4438,0.000,NORMAL,1,BEND,,,,,PREVIEW_DEFAULT
91.3969,-61.3427,-4.4890,0.000,NORMAL,1,BEND,,,,,PREVIEW_DEFAULT
91.4969,-61.2531,-4.5333,0.000,NORMAL,1,BEND,,,,,PREVIEW_DEFAULT
91.5969,-61.1631,-4.5769,0.000,NORMAL,1,BEND,,,,,PREVIEW_DEFAULT
91.6969,-61.0728,-4.6200,0.000,NORMAL,1,BEND,,,,,PREVIEW_DEFAULT
91.7969,-60.9824,-4.6627,0.000,NORMAL,1,BEND,,,,,PREVIEW_DEFAULT
91.8968,-60.8919,-4.7051,0.000,NORMAL,1,BEND,,,,,PREVIEW_DEFAULT
91.9969,-60.8013,-4.7475,0.000,NORMAL,1,BEND,,,,,PREVIEW_DEFAULT
92.0969,-60.7107,-4.7898,0.000,NORMAL,1,BEND,,,,,PREVIEW_DEFAULT
92.1969,-60.6201,-4.8322,0.000,NORMAL,1,BEND,,,,,PREVIEW_DEFAULT
92.2969,-60.5296,-4.8747,0.000,NORMAL,1,BEND,,,,,PREVIEW_DEFAULT
92.3969,-60.4391,-4.9172,0.000,NORMAL,1,BEND,,,,,PREVIEW_DEFAULT
92.4969,-60.3486,-4.9599,0.000,NORMAL,1,BEND,,,,,PREVIEW_DEFAULT
92.5969,-60.2582,-5.0026,0.000,NORMAL,1,BEND,,,,,PREVIEW_DEFAULT
92.6969,-60.1678,-5.0453,0.000,NORMAL,1,BEND,,,,,PREVIEW_DEFAULT
92.7969,-60.0774,-5.0880,0.000,NORMAL,1,BEND,,,,,PREVIEW_DEFAULT
92.8969,-59.9869,-5.1306,0.000,NORMAL,1,BEND,,,,,PREVIEW_DEFAULT
92.9969,-59.8963,-5.1729,0.000,NORMAL,1,BEND,,,,,PREVIEW_DEFAULT
93.0969,-59.8056,-5.2150,0.000,NORMAL,1,BEND,,,,,PREVIEW_DEFAULT
93.1969,-59.7147,-5.2567,0.000,NORMAL,1,BEND,,,,,PREVIEW_DEFAULT
93.2969,-59.6236,-5.2979,0.000,NORMAL,1,BEND,,,,,PREVIEW_DEFAULT
93.3969,-59.5322,-5.3385,0.000,NORMAL,1,BEND,,,,,PREVIEW_DEFAULT
93.4969,-59.4405,-5.3784,0.000,NORMAL,1,BEND,,,,,PREVIEW_DEFAULT
93.5968,-59.3485,-5.4175,0.000,NORMAL,1,BEND,,,,,PREVIEW_DEFAULT
93.6968,-59.2561,-5.4557,0.000,NORMAL,1,BEND,,,,,PREVIEW_DEFAULT
93.7969,-59.1633,-5.4931,0.000,NORMAL,1,BEND,,,,,PREVIEW_DEFAULT
93.8969,-59.0702,-5.5296,0.000,NORMAL,1,BEND,,,,,PREVIEW_DEFAULT
93.9968,-58.9768,-5.5651,0.000,NORMAL,1,BEND,,,,,PREVIEW_DEFAULT
94.0968,-58.8830,-5.5998,0.000,NORMAL,1,BEND,,,,,PREVIEW_DEFAULT
94.1969,-58.7888,-5.6336,0.000,NORMAL,1,BEND,,,,,PREVIEW_DEFAULT
94.2969,-58.6944,-5.6665,0.000,NORMAL,1,BEND,,,,,PREVIEW_DEFAULT
94.3969,-58.5997,-5.6986,0.000,NORMAL,1,BEND,,,,,PREVIEW_DEFAULT
94.4968,-58.5048,-5.7301,0.000,NORMAL,1,BEND,,,,,PREVIEW_DEFAULT
94.5968,-58.4097,-5.7610,0.000,NORMAL,1,BEND,,,,,PREVIEW_DEFAULT
94.6968,-58.3145,-5.7914,0.000,NORMAL,1,BEND,,,,,PREVIEW_DEFAULT
94.7968,-58.2191,-5.8215,0.000,NORMAL,1,BEND,,,,,PREVIEW_DEFAULT
94.8968,-58.1237,-5.8514,0.000,NORMAL,1,BEND,,,,,PREVIEW_DEFAULT
94.9968,-58.0282,-5.8811,0.000,NORMAL,1,BEND,,,,,PREVIEW_DEFAULT
95.0968,-57.9327,-5.9107,0.000,NORMAL,1,BEND,,,,,PREVIEW_DEFAULT
95.1968,-57.8372,-5.9403,0.000,NORMAL,1,BEND,,,,,PREVIEW_DEFAULT
95.2968,-57.7416,-5.9698,0.000,NORMAL,1,BEND,,,,,PREVIEW_DEFAULT
95.3968,-57.6460,-5.9990,0.000,NORMAL,1,BEND,,,,,PREVIEW_DEFAULT
95.4968,-57.5502,-6.0279,0.000,NORMAL,1,BEND,,,,,PREVIEW_DEFAULT
95.5968,-57.4543,-6.0562,0.000,NORMAL,1,BEND,,,,,PREVIEW_DEFAULT
95.6968,-57.3582,-6.0836,0.000,NORMAL,1,BEND,,,,,PREVIEW_DEFAULT
95.7968,-57.2617,-6.1100,0.000,NORMAL,1,BEND,,,,,PREVIEW_DEFAULT
95.8968,-57.1649,-6.1351,0.000,NORMAL,1,BEND,,,,,PREVIEW_DEFAULT
95.9968,-57.0677,-6.1586,0.000,NORMAL,1,BEND,,,,,PREVIEW_DEFAULT
96.0968,-56.9701,-6.1803,0.000,NORMAL,1,BEND,,,,,PREVIEW_DEFAULT
96.1967,-56.8721,-6.1999,0.000,NORMAL,1,BEND,,,,,PREVIEW_DEFAULT
96.2968,-56.7736,-6.2175,0.000,NORMAL,1,BEND,,,,,PREVIEW_DEFAULT
96.3967,-56.6748,-6.2327,0.000,NORMAL,1,BEND,,,,,PREVIEW_DEFAULT
96.4968,-56.5756,-6.2456,0.000,NORMAL,1,BEND,,,,,PREVIEW_DEFAULT
96.5967,-56.4762,-6.2559,0.000,NORMAL,1,BEND,,,,,PREVIEW_DEFAULT
96.6967,-56.3765,-6.2637,0.000,NORMAL,1,BEND,,,,,PREVIEW_DEFAULT
96.7967,-56.2766,-6.2688,0.000,NORMAL,1,BEND,,,,,PREVIEW_DEFAULT
96.8968,-56.1766,-6.2711,0.000,NORMAL,1,BEND,,,,,PREVIEW_DEFAULT
96.9967,-56.0767,-6.2704,0.000,NORMAL,1,BEND,,,,,PREVIEW_DEFAULT
97.0967,-55.9767,-6.2669,0.000,NORMAL,1,BEND,,,,,PREVIEW_DEFAULT
97.1967,-55.8770,-6.2603,0.000,NORMAL,1,BEND,,,,,PREVIEW_DEFAULT
97.2967,-55.7774,-6.2506,0.000,NORMAL,1,BEND,,,,,PREVIEW_DEFAULT
97.3967,-55.6783,-6.2378,0.000,NORMAL,1,BEND,,,,,PREVIEW_DEFAULT
97.4966,-55.5796,-6.2218,0.000,NORMAL,1,BEND,,,,,PREVIEW_DEFAULT
97.5967,-55.4814,-6.2025,0.000,NORMAL,1,BEND,,,,,PREVIEW_DEFAULT
97.6967,-55.3840,-6.1799,0.000,NORMAL,1,BEND,,,,,PREVIEW_DEFAULT
97.7967,-55.2874,-6.1541,0.000,NORMAL,1,BEND,,,,,PREVIEW_DEFAULT
97.8967,-55.1917,-6.1252,0.000,NORMAL,1,BEND,,,,,PREVIEW_DEFAULT
97.9966,-55.0970,-6.0932,0.000,NORMAL,1,BEND,,,,,PREVIEW_DEFAULT
98.0966,-55.0033,-6.0582,0.000,NORMAL,1,BEND,,,,,PREVIEW_DEFAULT
98.1966,-54.9108,-6.0203,0.000,NORMAL,1,BEND,,,,,PREVIEW_DEFAULT
98.2966,-54.8195,-5.9795,0.000,NORMAL,1,BEND,,,,,PREVIEW_DEFAULT
98.3966,-54.7295,-5.9359,0.000,NORMAL,1,BEND,,,,,PREVIEW_DEFAULT
98.4966,-54.6409,-5.8896,0.000,NORMAL,1,BEND,,,,,PREVIEW_DEFAULT
98.5966,-54.5537,-5.8406,0.000,NORMAL,1,BEND,,,,,PREVIEW_DEFAULT
98.6966,-54.4681,-5.7890,0.000,NORMAL,1,BEND,,,,,PREVIEW_DEFAULT
98.7966,-54.3839,-5.7350,0.000,NORMAL,1,BEND,,,,,PREVIEW_DEFAULT
98.8966,-54.3012,-5.6787,0.000,NORMAL,1,BEND,,,,,PREVIEW_DEFAULT
98.9967,-54.2200,-5.6203,0.000,NORMAL,1,BEND,,,,,PREVIEW_DEFAULT
99.0966,-54.1403,-5.5600,0.000,NORMAL,1,BEND,,,,,PREVIEW_DEFAULT
99.1966,-54.0621,-5.4977,0.000,NORMAL,1,BEND,,,,,PREVIEW_DEFAULT
99.2966,-53.9853,-5.4336,0.000,NORMAL,1,BEND,,,,,PREVIEW_DEFAULT
99.3965,-53.9100,-5.3679,0.000,NORMAL,1,BEND,,,,,PREVIEW_DEFAULT
99.4966,-53.8360,-5.3006,0.000,NORMAL,1,BEND,,,,,PREVIEW_DEFAULT
99.5965,-53.7635,-5.2318,0.000,NORMAL,1,BEND,,,,,PREVIEW_DEFAULT
99.6966,-53.6922,-5.1616,0.000,NORMAL,1,BEND,,,,,PREVIEW_DEFAULT
99.7965,-53.6222,-5.0903,0.000,NORMAL,1,BEND,,,,,PREVIEW_DEFAULT
99.8966,-53.5533,-5.0177,0.000,NORMAL,1,BEND,,,,,PREVIEW_DEFAULT
99.9966,-53.4856,-4.9441,0.000,NORMAL,1,BEND,,,,,PREVIEW_DEFAULT
100.0966,-53.4190,-4.8695,0.000,NORMAL,1,BEND,,,,,PREVIEW_DEFAULT
100.1965,-53.3535,-4.7940,0.000,NORMAL,1,BEND,,,,,PREVIEW_DEFAULT
100.2965,-53.2891,-4.7176,0.000,NORMAL,1,BEND,,,,,PREVIEW_DEFAULT
100.3965,-53.2257,-4.6402,0.000,NORMAL,1,BEND,,,,,PREVIEW_DEFAULT
100.4966,-53.1633,-4.5620,0.000,NORMAL,1,BEND,,,,,PREVIEW_DEFAULT
100.5966,-53.1020,-4.4830,0.000,NORMAL,1,BEND,,,,,PREVIEW_DEFAULT
100.6965,-53.0419,-4.4032,0.000,NORMAL,1,BEND,,,,,PREVIEW_DEFAULT
100.7965,-52.9828,-4.3225,0.000,NORMAL,1,BEND,,,,,PREVIEW_DEFAULT
100.8965,-52.9249,-4.2409,0.000,NORMAL,1,BEND,,,,,PREVIEW_DEFAULT
100.9965,-52.8682,-4.1586,0.000,NORMAL,1,BEND,,,,,PREVIEW_DEFAULT
101.0965,-52.8127,-4.0754,0.000,NORMAL,1,BEND,,,,,PREVIEW_DEFAULT
101.1965,-52.7586,-3.9913,0.000,NORMAL,1,BEND,,,,,PREVIEW_DEFAULT
101.2964,-52.7057,-3.9065,0.000,NORMAL,1,BEND,,,,,PREVIEW_DEFAULT
101.3965,-52.6541,-3.8208,0.000,NORMAL,1,BEND,,,,,PREVIEW_DEFAULT
101.4964,-52.6038,-3.7344,0.000,NORMAL,1,BEND,,,,,PREVIEW_DEFAULT
101.5964,-52.5547,-3.6473,0.000,NORMAL,1,BEND,,,,,PREVIEW_DEFAULT
101.6965,-52.5067,-3.5595,0.000,NORMAL,1,BEND,,,,,PREVIEW_DEFAULT
101.7964,-52.4597,-3.4713,0.000,NORMAL,1,BEND,,,,,PREVIEW_DEFAULT
101.8964,-52.4137,-3.3825,0.000,NORMAL,1,BEND,,,,,PREVIEW_DEFAULT
101.9965,-52.3686,-3.2932,0.000,NORMAL,1,BEND,,,,,PREVIEW_DEFAULT
102.0964,-52.3243,-3.2036,0.000,NORMAL,1,BEND,,,,,PREVIEW_DEFAULT
102.1964,-52.2807,-3.1136,0.000,NORMAL,1,BEND,,,,,PREVIEW_DEFAULT
102.2965,-52.2376,-3.0233,0.000,NORMAL,1,BEND,,,,,PREVIEW_DEFAULT
102.3964,-52.1951,-2.9329,0.000,NORMAL,1,BEND,,,,,PREVIEW_DEFAULT
102.4964,-52.1529,-2.8422,0.000,NORMAL,1,BEND,,,,,PREVIEW_DEFAULT
102.5964,-52.1110,-2.7514,0.000,NORMAL,1,BEND,,,,,PREVIEW_DEFAULT
102.6964,-52.0693,-2.6605,0.000,NORMAL,1,BEND,,,,,PREVIEW_DEFAULT
102.7965,-52.0278,-2.5695,0.000,NORMAL,1,BEND,,,,,PREVIEW_DEFAULT
102.8964,-51.9862,-2.4786,0.000,NORMAL,1,BEND,,,,,PREVIEW_DEFAULT
102.9964,-51.9446,-2.3877,0.000,NORMAL,1,BEND,,,,,PREVIEW_DEFAULT
103.0964,-51.9028,-2.2968,0.000,NORMAL,1,BEND,,,,,PREVIEW_DEFAULT
103.1964,-51.8609,-2.2060,0.000,NORMAL,1,BEND,,,,,PREVIEW_DEFAULT
103.2964,-51.8187,-2.1154,0.000,NORMAL,1,BEND,,,,,PREVIEW_DEFAULT
103.3964,-51.7761,-2.0249,0.000,NORMAL,1,BEND,,,,,PREVIEW_DEFAULT
103.4964,-51.7333,-1.9345,0.000,NORMAL,1,BEND,,,,,PREVIEW_DEFAULT
103.5964,-51.6900,-1.8444,0.000,NORMAL,1,BEND,,,,,PREVIEW_DEFAULT
103.6964,-51.6464,-1.7544,0.000,NORMAL,1,BEND,,,,,PREVIEW_DEFAULT
103.7964,-51.6023,-1.6646,0.000,NORMAL,1,BEND,,,,,PREVIEW_DEFAULT
103.8964,-51.5579,-1.5750,0.000,NORMAL,1,BEND,,,,,PREVIEW_DEFAULT
103.9964,-51.5132,-1.4856,0.000,NORMAL,1,BEND,,,,,PREVIEW_DEFAULT
104.0964,-51.4682,-1.3963,0.000,NORMAL,1,BEND,,,,,PREVIEW_DEFAULT
104.1964,-51.4230,-1.3071,0.000,NORMAL,1,BEND,,,,,PREVIEW_DEFAULT
104.2964,-51.3778,-1.2179,0.000,NORMAL,1,BEND,,,,,PREVIEW_DEFAULT
104.3964,-51.3325,-1.1287,0.000,NORMAL,1,BEND,,,,,PREVIEW_DEFAULT
104.4964,-51.2874,-1.0395,0.000,NORMAL,1,BEND,,,,,PREVIEW_DEFAULT
104.5964,-51.2424,-0.9502,0.000,NORMAL,1,BEND,,,,,PREVIEW_DEFAULT
104.6963,-51.1977,-0.8608,0.000,NORMAL,1,BEND,,,,,PREVIEW_DEFAULT
104.7964,-51.1532,-0.7712,0.000,NORMAL,1,BEND,,,,,PREVIEW_DEFAULT
104.8964,-51.1091,-0.6814,0.000,NORMAL,1,BEND,,,,,PREVIEW_DEFAULT
104.9964,-51.0654,-0.5915,0.000,NORMAL,1,BEND,,,,,PREVIEW_DEFAULT
105.0964,-51.0220,-0.5014,0.000,NORMAL,1,BEND,,,,,PREVIEW_DEFAULT
105.1963,-50.9790,-0.4112,0.000,NORMAL,1,BEND,,,,,PREVIEW_DEFAULT
105.2964,-50.9363,-0.3207,0.000,NORMAL,1,BEND,,,,,PREVIEW_DEFAULT
105.3964,-50.8938,-0.2302,0.000,NORMAL,1,BEND,,,,,PREVIEW_DEFAULT
105.4964,-50.8517,-0.1395,0.000,NORMAL,1,BEND,,,,,PREVIEW_DEFAULT
105.5964,-50.8096,-0.0488,0.000,NORMAL,1,BEND,,,,,PREVIEW_DEFAULT
105.6964,-50.7677,0.0420,0.000,NORMAL,1,BEND,,,,,PREVIEW_DEFAULT
105.7963,-50.7259,0.1328,0.000,NORMAL,1,BEND,,,,,PREVIEW_DEFAULT
105.8964,-50.6839,0.2236,0.000,NORMAL,1,BEND,,,,,PREVIEW_DEFAULT
105.9963,-50.6417,0.3142,0.000,NORMAL,1,BEND,,,,,PREVIEW_DEFAULT
106.0963,-50.5993,0.4048,0.000,NORMAL,1,BEND,,,,,PREVIEW_DEFAULT
106.1964,-50.5565,0.4952,0.000,NORMAL,1,BEND,,,,,PREVIEW_DEFAULT
106.2963,-50.5132,0.5853,0.000,NORMAL,1,BEND,,,,,PREVIEW_DEFAULT
106.3963,-50.4695,0.6752,0.000,NORMAL,1,BEND,,,,,PREVIEW_DEFAULT
106.4963,-50.4252,0.7649,0.000,NORMAL,1,BEND,,,,,PREVIEW_DEFAULT
106.5964,-50.3803,0.8543,0.000,NORMAL,1,BEND,,,,,PREVIEW_DEFAULT
106.6963,-50.3350,0.9434,0.000,NORMAL,1,BEND,,,,,PREVIEW_DEFAULT
106.7963,-50.2891,1.0322,0.000,NORMAL,1,BEND,,,,,PREVIEW_DEFAULT
106.8963,-50.2428,1.1209,0.000,NORMAL,1,BEND,,,,,PREVIEW_DEFAULT
106.9963,-50.1961,1.2093,0.000,NORMAL,1,BEND,,,,,PREVIEW_DEFAULT
107.0963,-50.1491,1.2976,0.000,NORMAL,1,BEND,,,,,PREVIEW_DEFAULT
107.1963,-50.1019,1.3857,0.000,NORMAL,1,BEND,,,,,PREVIEW_DEFAULT
107.2963,-50.0544,1.4737,0.000,NORMAL,1,BEND,,,,,PREVIEW_DEFAULT
107.3963,-50.0067,1.5616,0.000,NORMAL,1,BEND,,,,,PREVIEW_DEFAULT
107.4963,-49.9589,1.6494,0.000,NORMAL,1,BEND,,,,,PREVIEW_DEFAULT
107.5963,-49.9109,1.7372,0.000,NORMAL,1,BEND,,,,,PREVIEW_DEFAULT
107.6963,-49.8629,1.8249,0.000,NORMAL,1,BEND,,,,,PREVIEW_DEFAULT
107.7962,-49.8148,1.9125,0.000,NORMAL,1,BEND,,,,,PREVIEW_DEFAULT
107.8963,-49.7666,2.0002,0.000,NORMAL,1,BEND,,,,,PREVIEW_DEFAULT
107.9963,-49.7185,2.0878,0.000,NORMAL,1,BEND,,,,,PREVIEW_DEFAULT
108.0963,-49.6703,2.1755,0.000,NORMAL,1,BEND,,,,,PREVIEW_DEFAULT
108.1963,-49.6222,2.2631,0.000,NORMAL,1,BEND,,,,,PREVIEW_DEFAULT
108.2962,-49.5742,2.3508,0.000,NORMAL,1,BEND,,,,,PREVIEW_DEFAULT
108.3962,-49.5264,2.4386,0.000,NORMAL,1,BEND,,,,,PREVIEW_DEFAULT
108.4963,-49.4786,2.5265,0.000,NORMAL,1,BEND,,,,,PREVIEW_DEFAULT
108.5962,-49.4310,2.6144,0.000,NORMAL,1,BEND,,,,,PREVIEW_DEFAULT
108.6963,-49.3836,2.7025,0.000,NORMAL,1,BEND,,,,,PREVIEW_DEFAULT
108.7963,-49.3363,2.7906,0.000,NORMAL,1,BEND,,,,,PREVIEW_DEFAULT
108.8963,-49.2890,2.8787,0.000,NORMAL,1,BEND,,,,,PREVIEW_DEFAULT
108.9962,-49.2418,2.9668,0.000,NORMAL,1,BEND,,,,,PREVIEW_DEFAULT
109.0963,-49.1943,3.0549,0.000,NORMAL,1,BEND,,,,,PREVIEW_DEFAULT
109.1962,-49.1466,3.1427,0.000,NORMAL,1,BEND,,,,,PREVIEW_DEFAULT
109.2962,-49.0983,3.2303,0.000,NORMAL,1,BEND,,,,,PREVIEW_DEFAULT
109.3962,-49.0492,3.3174,0.000,NORMAL,1,BEND,,,,,PREVIEW_DEFAULT
109.4962,-48.9990,3.4039,0.000,NORMAL,1,BEND,,,,,PREVIEW_DEFAULT
109.5962,-48.9473,3.4895,0.000,NORMAL,1,BEND,,,,,PREVIEW_DEFAULT
109.6963,-48.8938,3.5740,0.000,NORMAL,1,BEND,,,,,PREVIEW_DEFAULT
109.7962,-48.8382,3.6571,0.000,NORMAL,1,BEND,,,,,PREVIEW_DEFAULT
109.8962,-48.7802,3.7385,0.000,NORMAL,1,BEND,,,,,PREVIEW_DEFAULT
109.9962,-48.7195,3.8180,0.000,NORMAL,1,BEND,,,,,PREVIEW_DEFAULT
110.0962,-48.6562,3.8954,0.000,NORMAL,1,BEND,,,,,PREVIEW_DEFAULT
110.1962,-48.5901,3.9704,0.000,NORMAL,1,BEND,,,,,PREVIEW_DEFAULT
110.2962,-48.5213,4.0430,0.000,NORMAL,1,BEND,,,,,PREVIEW_DEFAULT
110.3961,-48.4499,4.1129,0.000,NORMAL,1,BEND,,,,,PREVIEW_DEFAULT
110.4961,-48.3759,4.1802,0.000,NORMAL,1,BEND,,,,,PREVIEW_DEFAULT
110.5962,-48.2993,4.2445,0.000,NORMAL,1,BEND,,,,,PREVIEW_DEFAULT
110.6961,-48.2204,4.3059,0.000,NORMAL,1,BEND,,,,,PREVIEW_DEFAULT
110.7961,-48.1392,4.3642,0.000,NORMAL,1,BEND,,,,,PREVIEW_DEFAULT
110.8961,-48.0557,4.4193,0.000,NORMAL,1,BEND,,,,,PREVIEW_DEFAULT
110.9961,-47.9703,4.4712,0.000,NORMAL,1,BEND,,,,,PREVIEW_DEFAULT
111.0961,-47.8829,4.5199,0.000,NORMAL,1,BEND,,,,,PREVIEW_DEFAULT
111.1961,-47.7938,4.5652,0.000,NORMAL,1,BEND,,,,,PREVIEW_DEFAULT
111.2961,-47.7031,4.6073,0.000,NORMAL,1,BEND,,,,,PREVIEW_DEFAULT
111.3961,-47.6109,4.6460,0.000,NORMAL,1,BEND,,,,,PREVIEW_DEFAULT
111.4961,-47.5173,4.6813,0.000,NORMAL,1,BEND,,,,,PREVIEW_DEFAULT
111.5961,-47.4225,4.7131,0.000,NORMAL,1,BEND,,,,,PREVIEW_DEFAULT
111.6960,-47.3266,4.7413,0.000,NORMAL,1,BEND,,,,,PREVIEW_DEFAULT
111.7961,-47.2296,4.7658,0.000,NORMAL,1,BEND,,,,,PREVIEW_DEFAULT
111.8960,-47.1318,4.7864,0.000,NORMAL,1,BEND,,,,,PREVIEW_DEFAULT
111.9960,-47.0333,4.8033,0.000,NORMAL,1,BEND,,,,,PREVIEW_DEFAULT
112.0960,-46.9341,4.8163,0.000,NORMAL,1,BEND,,,,,PREVIEW_DEFAULT
112.1960,-46.8346,4.8257,0.000,NORMAL,1,BEND,,,,,PREVIEW_DEFAULT
112.2960,-46.7347,4.8315,0.000,NORMAL,1,BEND,,,,,PREVIEW_DEFAULT
112.3960,-46.6348,4.8338,0.000,NORMAL,1,BEND,,,,,PREVIEW_DEFAULT
112.4960,-46.5348,4.8327,0.000,NORMAL,1,BEND,,,,,PREVIEW_DEFAULT
112.5960,-46.4349,4.8285,0.000,NORMAL,1,BEND,,,,,PREVIEW_DEFAULT
112.6959,-46.3352,4.8211,0.000,NORMAL,1,BEND,,,,,PREVIEW_DEFAULT
112.7960,-46.2357,4.8109,0.000,NORMAL,1,BEND,,,,,PREVIEW_DEFAULT
112.8960,-46.1365,4.7981,0.000,NORMAL,1,BEND,,,,,PREVIEW_DEFAULT
112.9959,-46.0377,4.7830,0.000,NORMAL,1,BEND,,,,,PREVIEW_DEFAULT
113.0960,-45.9391,4.7659,0.000,NORMAL,1,BEND,,,,,PREVIEW_DEFAULT
113.1960,-45.8409,4.7471,0.000,NORMAL,1,BEND,,,,,PREVIEW_DEFAULT
113.2960,-45.7430,4.7268,0.000,NORMAL,1,BEND,,,,,PREVIEW_DEFAULT
113.3959,-45.6454,4.7052,0.000,NORMAL,1,BEND,,,,,PREVIEW_DEFAULT
113.4959,-45.5480,4.6825,0.000,NORMAL,1,BEND,,,,,PREVIEW_DEFAULT
113.5959,-45.4508,4.6590,0.000,NORMAL,1,BEND,,,,,PREVIEW_DEFAULT
113.6959,-45.3538,4.6347,0.000,NORMAL,1,BEND,,,,,PREVIEW_DEFAULT
113.7960,-45.2569,4.6099,0.000,NORMAL,1,BEND,,,,,PREVIEW_DEFAULT
113.8959,-45.1602,4.5846,0.000,NORMAL,1,BEND,,,,,PREVIEW_DEFAULT
113.9959,-45.0636,4.5588,0.000,NORMAL,1,BEND,,,,,PREVIEW_DEFAULT
114.0959,-44.9670,4.5328,0.000,NORMAL,1,BEND,,,,,PREVIEW_DEFAULT
114.1959,-44.8706,4.5064,0.000,NORMAL,1,BEND,,,,,PREVIEW_DEFAULT
114.2959,-44.7742,4.4799,0.000,NORMAL,1,BEND,,,,,PREVIEW_DEFAULT
114.3959,-44.6778,4.4531,0.000,NORMAL,1,BEND,,,,,PREVIEW_DEFAULT
114.4959,-44.5815,4.4262,0.000,NORMAL,1,BEND,,,,,PREVIEW_DEFAULT
114.5959,-44.4852,4.3992,0.000,NORMAL,1,BEND,,,,,PREVIEW_DEFAULT
114.6959,-44.3890,4.3721,0.000,NORMAL,1,BEND,,,,,PREVIEW_DEFAULT
114.7959,-44.2927,4.3449,0.000,NORMAL,1,BEND,,,,,PREVIEW_DEFAULT
114.8959,-44.1965,4.3176,0.000,NORMAL,1,BEND,,,,,PREVIEW_DEFAULT
114.9959,-44.1003,4.2903,0.000,NORMAL,1,BEND,,,,,PREVIEW_DEFAULT
115.0959,-44.0041,4.2630,0.000,NORMAL,1,BEND,,,,,PREVIEW_DEFAULT
115.1959,-43.9080,4.2356,0.000,NORMAL,1,BEND,,,,,PREVIEW_DEFAULT
115.2959,-43.8118,4.2082,0.000,NORMAL,1,BEND,,,,,PREVIEW_DEFAULT
115.3958,-43.7157,4.1807,0.000,NORMAL,1,BEND,,,,,PREVIEW_DEFAULT
115.4959,-43.6195,4.1532,0.000,NORMAL,1,BEND,,,,,PREVIEW_DEFAULT
115.5958,-43.5235,4.1254,0.000,NORMAL,1,BEND,,,,,PREVIEW_DEFAULT
115.6959,-43.4274,4.0976,0.000,NORMAL,1,BEND,,,,,PREVIEW_DEFAULT
115.7958,-43.3315,4.0695,0.000,NORMAL,1,BEND,,,,,PREVIEW_DEFAULT
115.8958,-43.2356,4.0411,0.000,NORMAL,1,BEND,,,,,PREVIEW_DEFAULT
115.9958,-43.1398,4.0124,0.000,NORMAL,1,BEND,,,,,PREVIEW_DEFAULT
116.0958,-43.0441,3.9835,0.000,NORMAL,1,BEND,,,,,PREVIEW_DEFAULT
116.1958,-42.9485,3.9541,0.000,NORMAL,1,BEND,,,,,PREVIEW_DEFAULT
116.2958,-42.8530,3.9245,0.000,NORMAL,1,BEND,,,,,PREVIEW_DEFAULT
116.3958,-42.7576,3.8945,0.000,NORMAL,1,BEND,,,,,PREVIEW_DEFAULT
116.4958,-42.6623,3.8641,0.000,NORMAL,1,BEND,,,,,PREVIEW_DEFAULT
116.5958,-42.5671,3.8335,0.000,NORMAL,1,BEND,,,,,PREVIEW_DEFAULT
116.6959,-42.4720,3.8025,0.000,NORMAL,1,BEND,,,,,PREVIEW_DEFAULT
116.7958,-42.3771,3.7712,0.000,NORMAL,1,BEND,,,,,PREVIEW_DEFAULT
116.8958,-42.2822,3.7396,0.000,NORMAL,1,BEND,,,,,PREVIEW_DEFAULT
116.9958,-42.1874,3.7077,0.000,NORMAL,1,BEND,,,,,PREVIEW_DEFAULT
117.0958,-42.0928,3.6754,0.000,NORMAL,1,BEND,,,,,PREVIEW_DEFAULT
117.1958,-41.9982,3.6429,0.000,NORMAL,1,BEND,,,,,PREVIEW_DEFAULT
117.2958,-41.9038,3.6099,0.000,NORMAL,1,BEND,,,,,PREVIEW_DEFAULT
117.3958,-41.8096,3.5764,0.000,NORMAL,1,BEND,,,,,PREVIEW_DEFAULT
117.4958,-41.7155,3.5425,0.000,NORMAL,1,BEND,,,,,PREVIEW_DEFAULT
117.5958,-41.6216,3.5081,0.000,NORMAL,1,BEND,,,,,PREVIEW_DEFAULT
117.6958,-41.5280,3.4730,0.000,NORMAL,1,BEND,,,,,PREVIEW_DEFAULT
117.7958,-41.4346,3.4373,0.000,NORMAL,1,BEND,,,,,PREVIEW_DEFAULT
117.8958,-41.3415,3.4008,0.000,NORMAL,1,BEND,,,,,PREVIEW_DEFAULT
117.9958,-41.2487,3.3635,0.000,NORMAL,1,BEND,,,,,PREVIEW_DEFAULT
118.0958,-41.1562,3.3255,0.000,NORMAL,1,BEND,,,,,PREVIEW_DEFAULT
118.1958,-41.0641,3.2865,0.000,NORMAL,1,BEND,,,,,PREVIEW_DEFAULT
118.2958,-40.9724,3.2467,0.000,NORMAL,1,BEND,,,,,PREVIEW_DEFAULT
118.3957,-40.8811,3.2060,0.000,NORMAL,1,BEND,,,,,PREVIEW_DEFAULT
118.4958,-40.7901,3.1644,0.000,NORMAL,1,BEND,,,,,PREVIEW_DEFAULT
118.5957,-40.6996,3.1220,0.000,NORMAL,1,BEND,,,,,PREVIEW_DEFAULT
118.6958,-40.6093,3.0789,0.000,NORMAL,1,BEND,,,,,PREVIEW_DEFAULT
118.7958,-40.5194,3.0352,0.000,NORMAL,1,BEND,,,,,PREVIEW_DEFAULT
118.8958,-40.4296,2.9911,0.000,NORMAL,1,BEND,,,,,PREVIEW_DEFAULT
118.9957,-40.3400,2.9468,0.000,NORMAL,1,BEND,,,,,PREVIEW_DEFAULT
119.0957,-40.2504,2.9024,0.000,NORMAL,1,BEND,,,,,PREVIEW_DEFAULT
119.1958,-40.1606,2.8583,0.000,NORMAL,1,BEND,,,,,PREVIEW_DEFAULT
119.2957,-40.0707,2.8147,0.000,NORMAL,1,BEND,,,,,PREVIEW_DEFAULT
119.3957,-39.9803,2.7719,0.000,NORMAL,1,BEND,,,,,PREVIEW_DEFAULT
119.4197,-39.9586,2.7618,0.000,NORMAL,1,BEND,BEND_END,EXIT_ZONE,,,PREVIEW_DEFAULT
119.4957,-39.8894,2.7303,0.000,NORMAL,1,BEND,,,,,PREVIEW_DEFAULT
119.5957,-39.7980,2.6897,0.000,NORMAL,1,BEND,,,,,PREVIEW_DEFAULT
119.6958,-39.7062,2.6499,0.000,NORMAL,1,BEND,,,,,PREVIEW_DEFAULT
119.7957,-39.6144,2.6104,0.000,NORMAL,1,ROUTE,,,,,PREVIEW_DEFAULT
119.8957,-39.5225,2.5710,0.000,NORMAL,1,ROUTE,,,,,PREVIEW_DEFAULT
119.9958,-39.4305,2.5316,0.000,NORMAL,1,ROUTE,,,,,PREVIEW_DEFAULT
120.0957,-39.3387,2.4920,0.000,NORMAL,1,ROUTE,,,,,PREVIEW_DEFAULT
120.1957,-39.2471,2.4520,0.000,NORMAL,1,ROUTE,,,,,PREVIEW_DEFAULT
120.2957,-39.1557,2.4114,0.000,NORMAL,1,ROUTE,,,,,PREVIEW_DEFAULT
120.3957,-39.0645,2.3704,0.000,NORMAL,1,ROUTE,,,,,PREVIEW_DEFAULT
120.4957,-38.9736,2.3287,0.000,NORMAL,1,ROUTE,,,,,PREVIEW_DEFAULT
120.5957,-38.8829,2.2865,0.000,NORMAL,1,ROUTE,,,,,PREVIEW_DEFAULT
120.6957,-38.7925,2.2439,0.000,NORMAL,1,ROUTE,,,,,PREVIEW_DEFAULT
120.7957,-38.7022,2.2009,0.000,NORMAL,1,ROUTE,,,,,PREVIEW_DEFAULT
120.8957,-38.6121,2.1575,0.000,NORMAL,1,ROUTE,,,,,PREVIEW_DEFAULT
120.9957,-38.5221,2.1140,0.000,NORMAL,1,ROUTE,,,,,PREVIEW_DEFAULT
121.0957,-38.4321,2.0703,0.000,NORMAL,1,ROUTE,,,,,PREVIEW_DEFAULT
121.1957,-38.3422,2.0266,0.000,NORMAL,1,ROUTE,,,,,PREVIEW_DEFAULT
121.2957,-38.2522,1.9829,0.000,NORMAL,1,ROUTE,,,,,PREVIEW_DEFAULT
121.3956,-38.1623,1.9393,0.000,NORMAL,1,ROUTE,,,,,PREVIEW_DEFAULT
121.4957,-38.0722,1.8957,0.000,NORMAL,1,ROUTE,,,,,PREVIEW_DEFAULT
121.5957,-37.9822,1.8523,0.000,NORMAL,1,ROUTE,,,,,PREVIEW_DEFAULT
121.6957,-37.8921,1.8088,0.000,NORMAL,1,ROUTE,,,,,PREVIEW_DEFAULT
121.7957,-37.8020,1.7654,0.000,NORMAL,1,ROUTE,,,,,PREVIEW_DEFAULT
121.8956,-37.7120,1.7220,0.000,NORMAL,1,ROUTE,,,,,PREVIEW_DEFAULT
121.9956,-37.6219,1.6786,0.000,NORMAL,1,ROUTE,,,,,PREVIEW_DEFAULT
122.0957,-37.5318,1.6351,0.000,NORMAL,1,ROUTE,,,,,PREVIEW_DEFAULT
122.1957,-37.4418,1.5915,0.000,NORMAL,1,ROUTE,,,,,PREVIEW_DEFAULT
122.2957,-37.3519,1.5478,0.000,NORMAL,1,ROUTE,,,,,PREVIEW_DEFAULT
122.3957,-37.2620,1.5040,0.000,NORMAL,1,ROUTE,,,,,PREVIEW_DEFAULT
122.4956,-37.1723,1.4599,0.000,NORMAL,1,ROUTE,,,,,PREVIEW_DEFAULT
122.5957,-37.0826,1.4156,0.000,NORMAL,1,ROUTE,,,,,PREVIEW_DEFAULT
122.6956,-36.9931,1.3711,0.000,NORMAL,1,ROUTE,,,,,PREVIEW_DEFAULT
122.7956,-36.9037,1.3263,0.000,NORMAL,1,ROUTE,,,,,PREVIEW_DEFAULT
122.8956,-36.8144,1.2812,0.000,NORMAL,1,ROUTE,,,,,PREVIEW_DEFAULT
122.9956,-36.7254,1.2357,0.000,NORMAL,1,ROUTE,,,,,PREVIEW_DEFAULT
123.0956,-36.6365,1.1899,0.000,NORMAL,1,ROUTE,,,,,PREVIEW_DEFAULT
123.1956,-36.5478,1.1438,0.000,NORMAL,1,ROUTE,,,,,PREVIEW_DEFAULT
123.2956,-36.4592,1.0973,0.000,NORMAL,1,ROUTE,,,,,PREVIEW_DEFAULT
123.3957,-36.3709,1.0503,0.000,NORMAL,1,ROUTE,,,,,PREVIEW_DEFAULT
123.4956,-36.2829,1.0030,0.000,NORMAL,1,ROUTE,,,,,PREVIEW_DEFAULT
123.5956,-36.1950,0.9552,0.000,NORMAL,1,ROUTE,,,,,PREVIEW_DEFAULT
123.6956,-36.1075,0.9069,0.000,NORMAL,1,ROUTE,,,,,PREVIEW_DEFAULT
123.7956,-36.0202,0.8581,0.000,NORMAL,1,ROUTE,,,,,PREVIEW_DEFAULT
123.8956,-35.9332,0.8087,0.000,NORMAL,1,ROUTE,,,,,PREVIEW_DEFAULT
123.9956,-35.8466,0.7588,0.000,NORMAL,1,ROUTE,,,,,PREVIEW_DEFAULT
124.0956,-35.7603,0.7082,0.000,NORMAL,1,ROUTE,,,,,PREVIEW_DEFAULT
124.1955,-35.6745,0.6570,0.000,NORMAL,1,ROUTE,,,,,PREVIEW_DEFAULT
124.2955,-35.5891,0.6050,0.000,NORMAL,1,ROUTE,,,,,PREVIEW_DEFAULT
124.3956,-35.5041,0.5521,0.000,NORMAL,1,ROUTE,,,,,PREVIEW_DEFAULT
124.4955,-35.4198,0.4985,0.000,NORMAL,1,ROUTE,,,,,PREVIEW_DEFAULT
124.5956,-35.3360,0.4438,0.000,NORMAL,1,ROUTE,,,,,PREVIEW_DEFAULT
124.6956,-35.2529,0.3882,0.000,NORMAL,1,ROUTE,,,,,PREVIEW_DEFAULT
124.7956,-35.1705,0.3316,0.000,NORMAL,1,ROUTE,,,,,PREVIEW_DEFAULT
124.8956,-35.0889,0.2738,0.000,NORMAL,1,ROUTE,,,,,PREVIEW_DEFAULT
124.9955,-35.0081,0.2149,0.000,NORMAL,1,ROUTE,,,,,PREVIEW_DEFAULT
125.0955,-34.9281,0.1549,0.000,NORMAL,1,ROUTE,,,,,PREVIEW_DEFAULT
125.1955,-34.8491,0.0936,0.000,NORMAL,1,ROUTE,,,,,PREVIEW_DEFAULT
125.2955,-34.7711,0.0310,0.000,NORMAL,1,ROUTE,,,,,PREVIEW_DEFAULT
125.3955,-34.6942,-0.0329,0.000,NORMAL,1,ROUTE,,,,,PREVIEW_DEFAULT
125.4955,-34.6183,-0.0980,0.000,NORMAL,1,ROUTE,,,,,PREVIEW_DEFAULT
125.5955,-34.5436,-0.1645,0.000,NORMAL,1,ROUTE,,,,,PREVIEW_DEFAULT
125.6955,-34.4701,-0.2323,0.000,NORMAL,1,ROUTE,,,,,PREVIEW_DEFAULT
125.7955,-34.3978,-0.3014,0.000,NORMAL,1,ROUTE,,,,,PREVIEW_DEFAULT
125.8955,-34.3267,-0.3717,0.000,NORMAL,1,ROUTE,,,,,PREVIEW_DEFAULT
125.9955,-34.2570,-0.4434,0.000,NORMAL,1,ROUTE,,,,,PREVIEW_DEFAULT
126.0955,-34.1886,-0.5163,0.000,NORMAL,1,ROUTE,,,,,PREVIEW_DEFAULT
126.1955,-34.1215,-0.5905,0.000,NORMAL,1,ROUTE,,,,,PREVIEW_DEFAULT
126.2955,-34.0559,-0.6659,0.000,NORMAL,1,ROUTE,,,,,PREVIEW_DEFAULT
126.3955,-33.9917,-0.7426,0.000,NORMAL,1,ROUTE,,,,,PREVIEW_DEFAULT
126.4955,-33.9289,-0.8204,0.000,NORMAL,1,ROUTE,,,,,PREVIEW_DEFAULT
126.5955,-33.8676,-0.8994,0.000,NORMAL,1,ROUTE,,,,,PREVIEW_DEFAULT
126.6955,-33.8075,-0.9793,0.000,NORMAL,1,ROUTE,,,,,PREVIEW_DEFAULT
126.7955,-33.7487,-1.0602,0.000,NORMAL,1,ROUTE,,,,,PREVIEW_DEFAULT
126.8954,-33.6911,-1.1419,0.000,NORMAL,1,ROUTE,,,,,PREVIEW_DEFAULT
126.9955,-33.6346,-1.2245,0.000,NORMAL,1,ROUTE,,,,,PREVIEW_DEFAULT
127.0955,-33.5793,-1.3078,0.000,NORMAL,1,ROUTE,,,,,PREVIEW_DEFAULT
127.1954,-33.5250,-1.3917,0.000,NORMAL,1,ROUTE,,,,,PREVIEW_DEFAULT
127.2955,-33.4717,-1.4764,0.000,NORMAL,1,ROUTE,,,,,PREVIEW_DEFAULT
127.3954,-33.4195,-1.5616,0.000,NORMAL,1,ROUTE,,,,,PREVIEW_DEFAULT
127.4955,-33.3682,-1.6475,0.000,NORMAL,1,ROUTE,,,,,PREVIEW_DEFAULT
127.5954,-33.3180,-1.7339,0.000,NORMAL,1,ROUTE,,,,,PREVIEW_DEFAULT
127.6954,-33.2687,-1.8209,0.000,NORMAL,1,ROUTE,,,,,PREVIEW_DEFAULT
127.7954,-33.2204,-1.9085,0.000,NORMAL,1,ROUTE,,,,,PREVIEW_DEFAULT
127.8954,-33.1731,-1.9966,0.000,NORMAL,1,ROUTE,,,,,PREVIEW_DEFAULT
127.9954,-33.1268,-2.0852,0.000,NORMAL,1,ROUTE,,,,,PREVIEW_DEFAULT
128.0954,-33.0815,-2.1744,0.000,NORMAL,1,ROUTE,,,,,PREVIEW_DEFAULT
128.1955,-33.0372,-2.2641,0.000,NORMAL,1,ROUTE,,,,,PREVIEW_DEFAULT
128.2954,-32.9942,-2.3543,0.000,NORMAL,1,ROUTE,,,,,PREVIEW_DEFAULT
128.3954,-32.9523,-2.4451,0.000,NORMAL,1,ROUTE,,,,,PREVIEW_DEFAULT
128.4955,-32.9118,-2.5366,0.000,NORMAL,1,ROUTE,,,,,PREVIEW_DEFAULT
128.5954,-32.8728,-2.6286,0.000,NORMAL,1,ROUTE,,,,,PREVIEW_DEFAULT
128.6954,-32.8353,-2.7213,0.000,NORMAL,1,ROUTE,,,,,PREVIEW_DEFAULT
128.7954,-32.7996,-2.8147,0.000,NORMAL,1,ROUTE,,,,,PREVIEW_DEFAULT
128.8954,-32.7656,-2.9088,0.000,NORMAL,1,ROUTE,,,,,PREVIEW_DEFAULT
128.9954,-32.7336,-3.0035,0.000,NORMAL,1,ROUTE,,,,,PREVIEW_DEFAULT
129.0954,-32.7037,-3.0989,0.000,NORMAL,1,ROUTE,,,,,PREVIEW_DEFAULT
129.1953,-32.6758,-3.1949,0.000,NORMAL,1,ROUTE,,,,,PREVIEW_DEFAULT
129.2953,-32.6500,-3.2915,0.000,NORMAL,1,ROUTE,,,,,PREVIEW_DEFAULT
129.3953,-32.6261,-3.3886,0.000,NORMAL,1,ROUTE,,,,,PREVIEW_DEFAULT
129.4954,-32.6042,-3.4862,0.000,NORMAL,1,ROUTE,,,,,PREVIEW_DEFAULT
129.5954,-32.5842,-3.5842,0.000,NORMAL,1,ROUTE,,,,,PREVIEW_DEFAULT
129.6953,-32.5660,-3.6825,0.000,NORMAL,1,ROUTE,,,,,PREVIEW_DEFAULT
129.7953,-32.5495,-3.7811,0.000,NORMAL,1,ROUTE,,,,,PREVIEW_DEFAULT
129.8953,-32.5348,-3.8800,0.000,NORMAL,1,ROUTE,,,,,PREVIEW_DEFAULT
129.9954,-32.5217,-3.9792,0.000,NORMAL,1,ROUTE,,,,,PREVIEW_DEFAULT
130.0953,-32.5102,-4.0785,0.000,NORMAL,1,ROUTE,,,,,PREVIEW_DEFAULT
130.1953,-32.5004,-4.1780,0.000,NORMAL,1,ROUTE,,,,,PREVIEW_DEFAULT
130.2954,-32.4920,-4.2777,0.000,NORMAL,1,ROUTE,,,,,PREVIEW_DEFAULT
130.3953,-32.4853,-4.3774,0.000,NORMAL,1,ROUTE,,,,,PREVIEW_DEFAULT
130.4953,-32.4800,-4.4773,0.000,NORMAL,1,ROUTE,,,,,PREVIEW_DEFAULT
130.5953,-32.4763,-4.5772,0.000,NORMAL,1,ROUTE,,,,,PREVIEW_DEFAULT
130.6953,-32.4740,-4.6772,0.000,NORMAL,1,ROUTE,,,,,PREVIEW_DEFAULT
130.7953,-32.4732,-4.7772,0.000,NORMAL,1,ROUTE,,,,,PREVIEW_DEFAULT
130.8953,-32.4739,-4.8772,0.000,NORMAL,1,ROUTE,,,,,PREVIEW_DEFAULT
130.9953,-32.4760,-4.9772,0.000,NORMAL,1,ROUTE,,,,,PREVIEW_DEFAULT
131.0953,-32.4795,-5.0771,0.000,NORMAL,1,ROUTE,,,,,PREVIEW_DEFAULT
131.1953,-32.4842,-5.1770,0.000,NORMAL,1,ROUTE,,,,,PREVIEW_DEFAULT
131.2953,-32.4902,-5.2768,0.000,NORMAL,1,ROUTE,,,,,PREVIEW_DEFAULT
131.3953,-32.4973,-5.3765,0.000,NORMAL,1,ROUTE,,,,,PREVIEW_DEFAULT
131.4953,-32.5055,-5.4762,0.000,NORMAL,1,ROUTE,,,,,PREVIEW_DEFAULT
131.5953,-32.5148,-5.5758,0.000,NORMAL,1,ROUTE,,,,,PREVIEW_DEFAULT
131.6953,-32.5251,-5.6752,0.000,NORMAL,1,ROUTE,,,,,PREVIEW_DEFAULT
131.7953,-32.5363,-5.7746,0.000,NORMAL,1,ROUTE,,,,,PREVIEW_DEFAULT
131.8953,-32.5484,-5.8739,0.000,NORMAL,1,ROUTE,,,,,PREVIEW_DEFAULT
131.9953,-32.5613,-5.9730,0.000,NORMAL,1,ROUTE,,,,,PREVIEW_DEFAULT
132.0953,-32.5749,-6.0721,0.000,NORMAL,1,ROUTE,,,,,PREVIEW_DEFAULT
132.1953,-32.5891,-6.1711,0.000,NORMAL,1,ROUTE,,,,,PREVIEW_DEFAULT
132.2953,-32.6039,-6.2700,0.000,NORMAL,1,ROUTE,,,,,PREVIEW_DEFAULT
132.3953,-32.6191,-6.3688,0.000,NORMAL,1,ROUTE,,,,,PREVIEW_DEFAULT
132.4953,-32.6348,-6.4676,0.000,NORMAL,1,ROUTE,,,,,PREVIEW_DEFAULT
132.5952,-32.6510,-6.5662,0.000,NORMAL,1,ROUTE,,,,,PREVIEW_DEFAULT
132.6952,-32.6676,-6.6648,0.000,NORMAL,1,ROUTE,,,,,PREVIEW_DEFAULT
132.7953,-32.6847,-6.7634,0.000,NORMAL,1,ROUTE,,,,,PREVIEW_DEFAULT
132.8953,-32.7024,-6.8618,0.000,NORMAL,1,ROUTE,,,,,PREVIEW_DEFAULT
132.9952,-32.7207,-6.9601,0.000,NORMAL,1,ROUTE,,,,,PREVIEW_DEFAULT
133.0953,-32.7397,-7.0583,0.000,NORMAL,1,ROUTE,,,,,PREVIEW_DEFAULT
133.1953,-32.7596,-7.1563,0.000,NORMAL,1,ROUTE,,,,,PREVIEW_DEFAULT
133.2952,-32.7803,-7.2541,0.000,NORMAL,1,ROUTE,,,,,PREVIEW_DEFAULT
133.3952,-32.8020,-7.3517,0.000,NORMAL,1,ROUTE,,,,,PREVIEW_DEFAULT
133.4952,-32.8246,-7.4491,0.000,NORMAL,1,ROUTE,,,,,PREVIEW_DEFAULT
133.5952,-32.8482,-7.5463,0.000,NORMAL,1,ROUTE,,,,,PREVIEW_DEFAULT
133.6952,-32.8728,-7.6432,0.000,NORMAL,1,ROUTE,,,,,PREVIEW_DEFAULT
133.7952,-32.8982,-7.7399,0.000,NORMAL,1,ROUTE,,,,,PREVIEW_DEFAULT
133.8952,-32.9246,-7.8364,0.000,NORMAL,1,ROUTE,,,,,PREVIEW_DEFAULT
133.9952,-32.9518,-7.9326,0.000,NORMAL,1,ROUTE,,,,,PREVIEW_DEFAULT
134.0952,-32.9798,-8.0286,0.000,NORMAL,1,ROUTE,,,,,PREVIEW_DEFAULT
134.1952,-33.0084,-8.1244,0.000,NORMAL,1,ROUTE,,,,,PREVIEW_DEFAULT
134.2952,-33.0378,-8.2200,0.000,NORMAL,1,ROUTE,,,,,PREVIEW_DEFAULT
134.3951,-33.0676,-8.3154,0.000,NORMAL,1,ROUTE,,,,,PREVIEW_DEFAULT
134.4952,-33.0979,-8.4108,0.000,NORMAL,1,ROUTE,,,,,PREVIEW_DEFAULT
134.5952,-33.1285,-8.5060,0.000,NORMAL,1,ROUTE,,,,,PREVIEW_DEFAULT
134.6952,-33.1593,-8.6011,0.000,NORMAL,1,ROUTE,,,,,PREVIEW_DEFAULT
134.7951,-33.1903,-8.6961,0.000,NORMAL,1,ROUTE,,,,,PREVIEW_DEFAULT
134.8952,-33.2214,-8.7912,0.000,NORMAL,1,ROUTE,,,,,PREVIEW_DEFAULT
134.9952,-33.2526,-8.8862,0.000,NORMAL,1,ROUTE,,,,,PREVIEW_DEFAULT
135.0952,-33.2839,-8.9812,0.000,NORMAL,1,ROUTE,,,,,PREVIEW_DEFAULT
135.1951,-33.3152,-9.0761,0.000,NORMAL,1,ROUTE,,,,,PREVIEW_DEFAULT
135.2952,-33.3466,-9.1711,0.000,NORMAL,1,ROUTE,,,,,PREVIEW_DEFAULT
135.3952,-33.3781,-9.2660,0.000,NORMAL,1,ROUTE,,,,,PREVIEW_DEFAULT
135.4951,-33.4098,-9.3608,0.000,NORMAL,1,ROUTE,,,,,PREVIEW_DEFAULT
135.5951,-33.4416,-9.4556,0.000,NORMAL,1,ROUTE,,,,,PREVIEW_DEFAULT
135.6952,-33.4736,-9.5504,0.000,NORMAL,1,ROUTE,,,,,PREVIEW_DEFAULT
135.7951,-33.5059,-9.6450,0.000,NORMAL,1,ROUTE,,,,,PREVIEW_DEFAULT
135.8951,-33.5385,-9.7395,0.000,NORMAL,1,ROUTE,,,,,PREVIEW_DEFAULT
135.9952,-33.5714,-9.8340,0.000,NORMAL,1,ROUTE,,,,,PREVIEW_DEFAULT
136.0952,-33.6047,-9.9283,0.000,NORMAL,1,ROUTE,,,,,PREVIEW_DEFAULT
136.1951,-33.6383,-10.0224,0.000,NORMAL,1,ROUTE,,,,,PREVIEW_DEFAULT
136.2952,-33.6724,-10.1165,0.000,NORMAL,1,ROUTE,,,,,PREVIEW_DEFAULT
136.3951,-33.7068,-10.2103,0.000,NORMAL,1,ROUTE,,,,,PREVIEW_DEFAULT
136.4951,-33.7416,-10.3041,0.000,NORMAL,1,ROUTE,,,,,PREVIEW_DEFAULT
136.5951,-33.7769,-10.3976,0.000,NORMAL,1,ROUTE,,,,,PREVIEW_DEFAULT
136.6951,-33.8124,-10.4911,0.000,NORMAL,1,ROUTE,,,,,PREVIEW_DEFAULT
136.7951,-33.8484,-10.5844,0.000,NORMAL,1,ROUTE,,,,,PREVIEW_DEFAULT
136.8951,-33.8846,-10.6776,0.000,NORMAL,1,ROUTE,,,,,PREVIEW_DEFAULT
136.9951,-33.9212,-10.7707,0.000,NORMAL,1,ROUTE,,,,,PREVIEW_DEFAULT
137.0951,-33.9579,-10.8637,0.000,NORMAL,1,ROUTE,,,,,PREVIEW_DEFAULT
137.1951,-33.9948,-10.9566,0.000,NORMAL,1,ROUTE,,,,,PREVIEW_DEFAULT
137.2951,-34.0319,-11.0495,0.000,NORMAL,1,ROUTE,,,,,PREVIEW_DEFAULT
137.3950,-34.0690,-11.1423,0.000,NORMAL,1,ROUTE,,,,,PREVIEW_DEFAULT
137.4951,-34.1062,-11.2352,0.000,NORMAL,1,ROUTE,,,,,PREVIEW_DEFAULT
137.5951,-34.1433,-11.3280,0.000,NORMAL,1,ROUTE,,,,,PREVIEW_DEFAULT
137.6950,-34.1803,-11.4209,0.000,NORMAL,1,ROUTE,,,,,PREVIEW_DEFAULT
137.7951,-34.2172,-11.5139,0.000,NORMAL,1,ROUTE,,,,,PREVIEW_DEFAULT
137.8951,-34.2539,-11.6069,0.000,NORMAL,1,ROUTE,,,,,PREVIEW_DEFAULT
137.9951,-34.2904,-11.7000,0.000,NORMAL,1,ROUTE,,,,,PREVIEW_DEFAULT
138.0951,-34.3267,-11.7932,0.000,NORMAL,1,ROUTE,,,,,PREVIEW_DEFAULT
138.1950,-34.3628,-11.8864,0.000,NORMAL,1,ROUTE,,,,,PREVIEW_DEFAULT
138.2951,-34.3986,-11.9798,0.000,NORMAL,1,ROUTE,,,,,PREVIEW_DEFAULT
138.3951,-34.4344,-12.0732,0.000,NORMAL,1,ROUTE,,,,,PREVIEW_DEFAULT
138.4951,-34.4701,-12.1666,0.000,NORMAL,1,ROUTE,,,,,PREVIEW_DEFAULT
138.5950,-34.5059,-12.2599,0.000,NORMAL,1,ROUTE,,,,,PREVIEW_DEFAULT
138.6950,-34.5417,-12.3533,0.000,NORMAL,1,ROUTE,,,,,PREVIEW_DEFAULT
138.7951,-34.5778,-12.4466,0.000,NORMAL,1,ROUTE,,,,,PREVIEW_DEFAULT
138.8950,-34.6141,-12.5397,0.000,NORMAL,1,ROUTE,,,,,PREVIEW_DEFAULT
138.9950,-34.6506,-12.6328,0.000,NORMAL,1,ROUTE,,,,,PREVIEW_DEFAULT
139.0951,-34.6875,-12.7258,0.000,NORMAL,1,ROUTE,,,,,PREVIEW_DEFAULT
139.1950,-34.7247,-12.8186,0.000,NORMAL,1,ROUTE,,,,,PREVIEW_DEFAULT
139.2950,-34.7622,-12.9113,0.000,NORMAL,1,ROUTE,,,,,PREVIEW_DEFAULT
139.3950,-34.7998,-13.0039,0.000,NORMAL,1,ROUTE,,,,,PREVIEW_DEFAULT
139.4950,-34.8376,-13.0965,0.000,NORMAL,1,ROUTE,,,,,PREVIEW_DEFAULT
139.5951,-34.8755,-13.1891,0.000,NORMAL,1,ROUTE,,,,,PREVIEW_DEFAULT
139.6950,-34.9134,-13.2816,0.000,NORMAL,1,ROUTE,,,,,PREVIEW_DEFAULT
139.7950,-34.9513,-13.3741,0.000,NORMAL,1,ROUTE,,,,,PREVIEW_DEFAULT
139.8950,-34.9892,-13.4667,0.000,NORMAL,1,ROUTE,,,,,PREVIEW_DEFAULT
139.9951,-35.0270,-13.5593,0.000,NORMAL,1,ROUTE,,,,,PREVIEW_DEFAULT
140.0950,-35.0648,-13.6518,0.000,NORMAL,1,ROUTE,,,,,PREVIEW_DEFAULT
140.1950,-35.1026,-13.7444,0.000,NORMAL,1,ROUTE,,,,,PREVIEW_DEFAULT
140.2950,-35.1404,-13.8370,0.000,NORMAL,1,ROUTE,,,,,PREVIEW_DEFAULT
140.3950,-35.1784,-13.9295,0.000,NORMAL,1,ROUTE,,,,,PREVIEW_DEFAULT
140.4950,-35.2165,-14.0219,0.000,NORMAL,1,ROUTE,,,,,PREVIEW_DEFAULT
140.5950,-35.2548,-14.1143,0.000,NORMAL,1,ROUTE,,,,,PREVIEW_DEFAULT
140.6171,-35.2633,-14.1347,0.000,TRAFFIC,1,TRAFFIC,TRAFFIC_1_RED_STOP,STOP_IF_CONDITION,TRAFFIC_LIGHT_RED,,PREVIEW_DEFAULT
140.6950,-35.2935,-14.2065,0.000,TRAFFIC,1,TRAFFIC,,,TRAFFIC_LIGHT_RED,,PREVIEW_DEFAULT
140.7950,-35.3324,-14.2986,0.000,TRAFFIC,1,TRAFFIC,,,TRAFFIC_LIGHT_RED,,PREVIEW_DEFAULT
140.8950,-35.3716,-14.3906,0.000,TRAFFIC,1,TRAFFIC,,,TRAFFIC_LIGHT_RED,,PREVIEW_DEFAULT
140.9950,-35.4108,-14.4826,0.000,TRAFFIC,1,TRAFFIC,,,TRAFFIC_LIGHT_RED,,PREVIEW_DEFAULT
141.0950,-35.4502,-14.5745,0.000,TRAFFIC,1,TRAFFIC,,,TRAFFIC_LIGHT_RED,,PREVIEW_DEFAULT
141.1949,-35.4896,-14.6664,0.000,TRAFFIC,1,TRAFFIC,,,TRAFFIC_LIGHT_RED,,PREVIEW_DEFAULT
141.2949,-35.5290,-14.7583,0.000,TRAFFIC,1,TRAFFIC,,,TRAFFIC_LIGHT_RED,,PREVIEW_DEFAULT
141.3950,-35.5684,-14.8503,0.000,TRAFFIC,1,TRAFFIC,,,TRAFFIC_LIGHT_RED,,PREVIEW_DEFAULT
141.4950,-35.6077,-14.9422,0.000,TRAFFIC,1,TRAFFIC,,,TRAFFIC_LIGHT_RED,,PREVIEW_DEFAULT
141.5949,-35.6470,-15.0341,0.000,TRAFFIC,1,TRAFFIC,,,TRAFFIC_LIGHT_RED,,PREVIEW_DEFAULT
141.6950,-35.6863,-15.1261,0.000,TRAFFIC,1,TRAFFIC,,,TRAFFIC_LIGHT_RED,,PREVIEW_DEFAULT
141.7950,-35.7255,-15.2181,0.000,TRAFFIC,1,TRAFFIC,,,TRAFFIC_LIGHT_RED,,PREVIEW_DEFAULT
141.8949,-35.7648,-15.3100,0.000,TRAFFIC,1,TRAFFIC,,,TRAFFIC_LIGHT_RED,,PREVIEW_DEFAULT
141.9950,-35.8041,-15.4020,0.000,TRAFFIC,1,TRAFFIC,,,TRAFFIC_LIGHT_RED,,PREVIEW_DEFAULT
142.0949,-35.8435,-15.4939,0.000,TRAFFIC,1,TRAFFIC,,,TRAFFIC_LIGHT_RED,,PREVIEW_DEFAULT
142.1949,-35.8831,-15.5857,0.000,TRAFFIC,1,TRAFFIC,,,TRAFFIC_LIGHT_RED,,PREVIEW_DEFAULT
142.2949,-35.9228,-15.6775,0.000,TRAFFIC,1,TRAFFIC,,,TRAFFIC_LIGHT_RED,,PREVIEW_DEFAULT
142.3949,-35.9626,-15.7692,0.000,TRAFFIC,1,TRAFFIC,,,TRAFFIC_LIGHT_RED,,PREVIEW_DEFAULT
142.4949,-36.0028,-15.8608,0.000,TRAFFIC,1,TRAFFIC,,,TRAFFIC_LIGHT_RED,,PREVIEW_DEFAULT
142.5949,-36.0431,-15.9523,0.000,TRAFFIC,1,TRAFFIC,,,TRAFFIC_LIGHT_RED,,PREVIEW_DEFAULT
142.6950,-36.0838,-16.0437,0.000,TRAFFIC,1,TRAFFIC,,,TRAFFIC_LIGHT_RED,,PREVIEW_DEFAULT
142.7681,-36.1137,-16.1104,0.000,TRAFFIC,1,TRAFFIC,TRAFFIC_1_RED_STOP_END,,TRAFFIC_LIGHT_RED,,PREVIEW_DEFAULT
142.7949,-36.1247,-16.1349,0.000,TRAFFIC,1,TRAFFIC,,,TRAFFIC_LIGHT_RED,,PREVIEW_DEFAULT
142.8949,-36.1661,-16.2259,0.000,TRAFFIC,1,TRAFFIC,,,TRAFFIC_LIGHT_RED,,PREVIEW_DEFAULT
142.9825,-36.2020,-16.3058,0.000,NORMAL,1,ROUTE,,,,,PREVIEW_DEFAULT
142.9949,-36.2070,-16.3172,0.000,NORMAL,1,ROUTE,,,,,PREVIEW_DEFAULT
143.0949,-36.2468,-16.4089,0.000,NORMAL,1,ROUTE,,,,,PREVIEW_DEFAULT
143.1949,-36.2856,-16.5011,0.000,NORMAL,1,ROUTE,,,,,PREVIEW_DEFAULT
143.2949,-36.3237,-16.5935,0.000,NORMAL,1,ROUTE,,,,,PREVIEW_DEFAULT
143.3949,-36.3609,-16.6863,0.000,NORMAL,1,ROUTE,,,,,PREVIEW_DEFAULT
143.4949,-36.3975,-16.7794,0.000,NORMAL,1,ROUTE,,,,,PREVIEW_DEFAULT
143.5949,-36.4335,-16.8727,0.000,NORMAL,1,ROUTE,,,,,PREVIEW_DEFAULT
143.6948,-36.4688,-16.9662,0.000,NORMAL,1,ROUTE,,,,,PREVIEW_DEFAULT
143.7949,-36.5037,-17.0600,0.000,NORMAL,1,ROUTE,,,,,PREVIEW_DEFAULT
143.8948,-36.5381,-17.1538,0.000,NORMAL,1,ROUTE,,,,,PREVIEW_DEFAULT
143.9949,-36.5722,-17.2479,0.000,NORMAL,1,ROUTE,,,,,PREVIEW_DEFAULT
144.0948,-36.6060,-17.3419,0.000,NORMAL,1,ROUTE,,,,,PREVIEW_DEFAULT
144.1949,-36.6398,-17.4361,0.000,NORMAL,1,ROUTE,,,,,PREVIEW_DEFAULT
144.2949,-36.6736,-17.5302,0.000,NORMAL,1,ROUTE,,,,,PREVIEW_DEFAULT
144.3948,-36.7076,-17.6242,0.000,NORMAL,1,ROUTE,,,,,PREVIEW_DEFAULT
144.4949,-36.7419,-17.7182,0.000,NORMAL,1,ROUTE,,,,,PREVIEW_DEFAULT
144.5948,-36.7766,-17.8119,0.000,NORMAL,1,ROUTE,,,,,PREVIEW_DEFAULT
144.6948,-36.8118,-17.9055,0.000,NORMAL,1,ROUTE,,,,,PREVIEW_DEFAULT
144.7948,-36.8475,-17.9989,0.000,NORMAL,1,ROUTE,,,,,PREVIEW_DEFAULT
144.8949,-36.8839,-18.0921,0.000,NORMAL,1,ROUTE,,,,,PREVIEW_DEFAULT
144.9948,-36.9210,-18.1849,0.000,NORMAL,1,ROUTE,,,,,PREVIEW_DEFAULT
145.0948,-36.9586,-18.2776,0.000,NORMAL,1,ROUTE,,,,,PREVIEW_DEFAULT
145.1948,-36.9968,-18.3700,0.000,NORMAL,1,ROUTE,,,,,PREVIEW_DEFAULT
145.2949,-37.0354,-18.4623,0.000,NORMAL,1,ROUTE,,,,,PREVIEW_DEFAULT
145.3949,-37.0743,-18.5544,0.000,NORMAL,1,ROUTE,,,,,PREVIEW_DEFAULT
145.4949,-37.1135,-18.6464,0.000,NORMAL,1,ROUTE,,,,,PREVIEW_DEFAULT
145.5948,-37.1527,-18.7383,0.000,NORMAL,1,ROUTE,,,,,PREVIEW_DEFAULT
145.6949,-37.1921,-18.8303,0.000,NORMAL,1,ROUTE,,,,,PREVIEW_DEFAULT
145.7948,-37.2315,-18.9222,0.000,NORMAL,1,ROUTE,,,,,PREVIEW_DEFAULT
145.8948,-37.2709,-19.0141,0.000,NORMAL,1,ROUTE,,,,,PREVIEW_DEFAULT
145.9948,-37.3103,-19.1060,0.000,NORMAL,1,ROUTE,,,,,PREVIEW_DEFAULT
146.0948,-37.3497,-19.1979,0.000,NORMAL,1,ROUTE,,,,,PREVIEW_DEFAULT
146.1948,-37.3891,-19.2898,0.000,NORMAL,1,ROUTE,,,,,PREVIEW_DEFAULT
146.2948,-37.4286,-19.3817,0.000,NORMAL,1,ROUTE,,,,,PREVIEW_DEFAULT
146.3949,-37.4681,-19.4736,0.000,NORMAL,1,ROUTE,,,,,PREVIEW_DEFAULT
146.4948,-37.5076,-19.5654,0.000,NORMAL,1,ROUTE,,,,,PREVIEW_DEFAULT
146.5948,-37.5471,-19.6573,0.000,NORMAL,1,ROUTE,,,,,PREVIEW_DEFAULT
146.6948,-37.5866,-19.7491,0.000,NORMAL,1,ROUTE,,,,,PREVIEW_DEFAULT
146.7948,-37.6261,-19.8410,0.000,NORMAL,1,ROUTE,,,,,PREVIEW_DEFAULT
146.8948,-37.6655,-19.9329,0.000,NORMAL,1,ROUTE,,,,,PREVIEW_DEFAULT
146.9947,-37.7048,-20.0248,0.000,NORMAL,1,ROUTE,,,,,PREVIEW_DEFAULT
147.0948,-37.7441,-20.1168,0.000,NORMAL,1,ROUTE,,,,,PREVIEW_DEFAULT
147.1948,-37.7831,-20.2089,0.000,NORMAL,1,ROUTE,,,,,PREVIEW_DEFAULT
147.2948,-37.8221,-20.3010,0.000,NORMAL,1,ROUTE,,,,,PREVIEW_DEFAULT
147.3948,-37.8608,-20.3932,0.000,NORMAL,1,ROUTE,,,,,PREVIEW_DEFAULT
147.4948,-37.8993,-20.4855,0.000,NORMAL,1,ROUTE,,,,,PREVIEW_DEFAULT
147.5947,-37.9376,-20.5778,0.000,NORMAL,1,ROUTE,,,,,PREVIEW_DEFAULT
147.6947,-37.9756,-20.6703,0.000,NORMAL,1,ROUTE,,,,,PREVIEW_DEFAULT
147.7947,-38.0133,-20.7629,0.000,NORMAL,1,ROUTE,,,,,PREVIEW_DEFAULT
147.8948,-38.0507,-20.8557,0.000,NORMAL,1,ROUTE,,,,,PREVIEW_DEFAULT
147.9948,-38.0879,-20.9485,0.000,NORMAL,1,ROUTE,,,,,PREVIEW_DEFAULT
148.0947,-38.1248,-21.0414,0.000,NORMAL,1,ROUTE,,,,,PREVIEW_DEFAULT
148.1948,-38.1615,-21.1345,0.000,NORMAL,1,ROUTE,,,,,PREVIEW_DEFAULT
148.2948,-38.1979,-21.2276,0.000,NORMAL,1,ROUTE,,,,,PREVIEW_DEFAULT
148.3947,-38.2341,-21.3208,0.000,NORMAL,1,ROUTE,,,,,PREVIEW_DEFAULT
148.4948,-38.2702,-21.4141,0.000,NORMAL,1,ROUTE,,,,,PREVIEW_DEFAULT
148.5947,-38.3061,-21.5074,0.000,NORMAL,1,ROUTE,,,,,PREVIEW_DEFAULT
148.6948,-38.3419,-21.6008,0.000,NORMAL,1,ROUTE,,,,,PREVIEW_DEFAULT
148.7948,-38.3776,-21.6942,0.000,NORMAL,1,ROUTE,,,,,PREVIEW_DEFAULT
148.8948,-38.4133,-21.7876,0.000,NORMAL,1,ROUTE,,,,,PREVIEW_DEFAULT
148.9947,-38.4489,-21.8810,0.000,NORMAL,1,ROUTE,,,,,PREVIEW_DEFAULT
149.0947,-38.4845,-21.9744,0.000,NORMAL,1,ROUTE,,,,,PREVIEW_DEFAULT
149.1947,-38.5202,-22.0679,0.000,NORMAL,1,ROUTE,,,,,PREVIEW_DEFAULT
149.2948,-38.5560,-22.1613,0.000,NORMAL,1,ROUTE,,,,,PREVIEW_DEFAULT
149.3947,-38.5918,-22.2546,0.000,NORMAL,1,ROUTE,,,,,PREVIEW_DEFAULT
149.4947,-38.6277,-22.3479,0.000,NORMAL,1,ROUTE,,,,,PREVIEW_DEFAULT
149.5947,-38.6638,-22.4412,0.000,NORMAL,1,ROUTE,,,,,PREVIEW_DEFAULT
149.6947,-38.6999,-22.5344,0.000,NORMAL,1,ROUTE,,,,,PREVIEW_DEFAULT
149.7947,-38.7363,-22.6276,0.000,NORMAL,1,ROUTE,,,,,PREVIEW_DEFAULT
149.8947,-38.7727,-22.7207,0.000,NORMAL,1,ROUTE,,,,,PREVIEW_DEFAULT
149.9947,-38.8093,-22.8138,0.000,NORMAL,1,ROUTE,,,,,PREVIEW_DEFAULT
150.0947,-38.8460,-22.9068,0.000,NORMAL,1,ROUTE,,,,,PREVIEW_DEFAULT
150.1947,-38.8827,-22.9998,0.000,NORMAL,1,ROUTE,,,,,PREVIEW_DEFAULT
150.2947,-38.9195,-23.0928,0.000,NORMAL,1,ROUTE,,,,,PREVIEW_DEFAULT
150.3947,-38.9562,-23.1858,0.000,NORMAL,1,ROUTE,,,,,PREVIEW_DEFAULT
150.4947,-38.9930,-23.2788,0.000,NORMAL,1,ROUTE,,,,,PREVIEW_DEFAULT
150.5947,-39.0296,-23.3719,0.000,NORMAL,1,ROUTE,,,,,PREVIEW_DEFAULT
150.6947,-39.0661,-23.4650,0.000,NORMAL,1,ROUTE,,,,,PREVIEW_DEFAULT
150.7946,-39.1024,-23.5581,0.000,NORMAL,1,ROUTE,,,,,PREVIEW_DEFAULT
150.8947,-39.1385,-23.6514,0.000,NORMAL,1,ROUTE,,,,,PREVIEW_DEFAULT
150.9947,-39.1743,-23.7448,0.000,NORMAL,1,ROUTE,,,,,PREVIEW_DEFAULT
151.0946,-39.2098,-23.8382,0.000,NORMAL,1,ROUTE,,,,,PREVIEW_DEFAULT
151.1946,-39.2450,-23.9318,0.000,NORMAL,1,ROUTE,,,,,PREVIEW_DEFAULT
151.2947,-39.2798,-24.0256,0.000,NORMAL,1,ROUTE,,,,,PREVIEW_DEFAULT
151.3947,-39.3144,-24.1194,0.000,NORMAL,1,ROUTE,,,,,PREVIEW_DEFAULT
151.4946,-39.3486,-24.2133,0.000,NORMAL,1,ROUTE,,,,,PREVIEW_DEFAULT
151.5947,-39.3827,-24.3074,0.000,NORMAL,1,ROUTE,,,,,PREVIEW_DEFAULT
151.6946,-39.4166,-24.4014,0.000,NORMAL,1,ROUTE,,,,,PREVIEW_DEFAULT
151.7946,-39.4504,-24.4955,0.000,NORMAL,1,ROUTE,,,,,PREVIEW_DEFAULT
151.8946,-39.4844,-24.5896,0.000,NORMAL,1,ROUTE,,,,,PREVIEW_DEFAULT
151.9946,-39.5185,-24.6836,0.000,NORMAL,1,ROUTE,,,,,PREVIEW_DEFAULT
152.0946,-39.5528,-24.7775,0.000,NORMAL,1,ROUTE,,,,,PREVIEW_DEFAULT
152.1946,-39.5874,-24.8713,0.000,NORMAL,1,ROUTE,,,,,PREVIEW_DEFAULT
152.2946,-39.6225,-24.9650,0.000,NORMAL,1,ROUTE,,,,,PREVIEW_DEFAULT
152.3946,-39.6579,-25.0585,0.000,NORMAL,1,ROUTE,,,,,PREVIEW_DEFAULT
152.4946,-39.6936,-25.1519,0.000,NORMAL,1,ROUTE,,,,,PREVIEW_DEFAULT
152.5947,-39.7297,-25.2452,0.000,NORMAL,1,ROUTE,,,,,PREVIEW_DEFAULT
152.6946,-39.7660,-25.3383,0.000,NORMAL,1,ROUTE,,,,,PREVIEW_DEFAULT
152.7945,-39.8024,-25.4314,0.000,NORMAL,1,ROUTE,,,,,PREVIEW_DEFAULT
152.8946,-39.8390,-25.5245,0.000,NORMAL,1,ROUTE,,,,,PREVIEW_DEFAULT
152.9946,-39.8755,-25.6176,0.000,NORMAL,1,ROUTE,,,,,PREVIEW_DEFAULT
153.0946,-39.9120,-25.7107,0.000,NORMAL,1,ROUTE,,,,,PREVIEW_DEFAULT
153.1946,-39.9483,-25.8039,0.000,NORMAL,1,ROUTE,,,,,PREVIEW_DEFAULT
153.2945,-39.9844,-25.8971,0.000,NORMAL,1,ROUTE,,,,,PREVIEW_DEFAULT
153.3946,-40.0203,-25.9905,0.000,NORMAL,1,ROUTE,,,,,PREVIEW_DEFAULT
153.4946,-40.0560,-26.0839,0.000,NORMAL,1,ROUTE,,,,,PREVIEW_DEFAULT
153.5946,-40.0914,-26.1774,0.000,NORMAL,1,ROUTE,,,,,PREVIEW_DEFAULT
153.6945,-40.1265,-26.2710,0.000,NORMAL,1,ROUTE,,,,,PREVIEW_DEFAULT
153.7946,-40.1615,-26.3647,0.000,NORMAL,1,ROUTE,,,,,PREVIEW_DEFAULT
153.8946,-40.1962,-26.4585,0.000,NORMAL,1,ROUTE,,,,,PREVIEW_DEFAULT
153.9945,-40.2307,-26.5523,0.000,NORMAL,1,ROUTE,,,,,PREVIEW_DEFAULT
154.0946,-40.2652,-26.6462,0.000,NORMAL,1,ROUTE,,,,,PREVIEW_DEFAULT
154.1946,-40.2996,-26.7401,0.000,NORMAL,1,ROUTE,,,,,PREVIEW_DEFAULT
154.2946,-40.3340,-26.8340,0.000,NORMAL,1,ROUTE,,,,,PREVIEW_DEFAULT
154.3946,-40.3685,-26.9279,0.000,NORMAL,1,ROUTE,,,,,PREVIEW_DEFAULT
154.4945,-40.4032,-27.0216,0.000,NORMAL,1,ROUTE,,,,,PREVIEW_DEFAULT
154.5946,-40.4381,-27.1154,0.000,NORMAL,1,ROUTE,,,,,PREVIEW_DEFAULT
154.6946,-40.4733,-27.2090,0.000,NORMAL,1,ROUTE,,,,,PREVIEW_DEFAULT
154.7945,-40.5088,-27.3024,0.000,NORMAL,1,ROUTE,,,,,PREVIEW_DEFAULT
154.8945,-40.5446,-27.3958,0.000,NORMAL,1,ROUTE,,,,,PREVIEW_DEFAULT
154.9945,-40.5807,-27.4890,0.000,NORMAL,1,ROUTE,,,,,PREVIEW_DEFAULT
155.0946,-40.6172,-27.5822,0.000,NORMAL,1,ROUTE,,,,,PREVIEW_DEFAULT
155.1945,-40.6538,-27.6752,0.000,NORMAL,1,ROUTE,,,,,PREVIEW_DEFAULT
155.2945,-40.6906,-27.7682,0.000,NORMAL,1,ROUTE,,,,,PREVIEW_DEFAULT
155.3945,-40.7275,-27.8611,0.000,NORMAL,1,ROUTE,,,,,PREVIEW_DEFAULT
155.4945,-40.7645,-27.9540,0.000,NORMAL,1,ROUTE,,,,,PREVIEW_DEFAULT
155.5946,-40.8014,-28.0470,0.000,NORMAL,1,ROUTE,,,,,PREVIEW_DEFAULT
155.6945,-40.8384,-28.1399,0.000,NORMAL,1,ROUTE,,,,,PREVIEW_DEFAULT
155.7945,-40.8753,-28.2328,0.000,NORMAL,1,ROUTE,,,,,PREVIEW_DEFAULT
155.8945,-40.9121,-28.3258,0.000,NORMAL,1,ROUTE,,,,,PREVIEW_DEFAULT
155.9945,-40.9490,-28.4187,0.000,NORMAL,1,ROUTE,,,,,PREVIEW_DEFAULT
156.0945,-40.9858,-28.5117,0.000,NORMAL,1,ROUTE,,,,,PREVIEW_DEFAULT
156.1945,-41.0227,-28.6046,0.000,NORMAL,1,ROUTE,,,,,PREVIEW_DEFAULT
156.2945,-41.0597,-28.6975,0.000,NORMAL,1,ROUTE,,,,,PREVIEW_DEFAULT
156.3945,-41.0968,-28.7904,0.000,NORMAL,1,ROUTE,,,,,PREVIEW_DEFAULT
156.4945,-41.1341,-28.8832,0.000,NORMAL,1,ROUTE,,,,,PREVIEW_DEFAULT
156.5945,-41.1716,-28.9759,0.000,NORMAL,1,ROUTE,,,,,PREVIEW_DEFAULT
156.6945,-41.2094,-29.0685,0.000,NORMAL,1,ROUTE,,,,,PREVIEW_DEFAULT
156.7945,-41.2475,-29.1609,0.000,NORMAL,1,ROUTE,,,,,PREVIEW_DEFAULT
156.8944,-41.2859,-29.2532,0.000,NORMAL,1,ROUTE,,,,,PREVIEW_DEFAULT
156.9944,-41.3246,-29.3454,0.000,NORMAL,1,ROUTE,,,,,PREVIEW_DEFAULT
157.0944,-41.3638,-29.4374,0.000,NORMAL,1,ROUTE,,,,,PREVIEW_DEFAULT
157.1945,-41.4033,-29.5293,0.000,NORMAL,1,ROUTE,,,,,PREVIEW_DEFAULT
157.2945,-41.4432,-29.6210,0.000,NORMAL,1,ROUTE,,,,,PREVIEW_DEFAULT
157.3945,-41.4834,-29.7126,0.000,NORMAL,1,ROUTE,,,,,PREVIEW_DEFAULT
157.4944,-41.5238,-29.8040,0.000,NORMAL,1,ROUTE,,,,,PREVIEW_DEFAULT
157.5944,-41.5644,-29.8954,0.000,NORMAL,1,ROUTE,,,,,PREVIEW_DEFAULT
157.6944,-41.6051,-29.9867,0.000,NORMAL,1,ROUTE,,,,,PREVIEW_DEFAULT
157.7944,-41.6459,-30.0780,0.000,NORMAL,1,ROUTE,,,,,PREVIEW_DEFAULT
157.8945,-41.6866,-30.1694,0.000,NORMAL,1,ROUTE,,,,,PREVIEW_DEFAULT
157.9945,-41.7272,-30.2608,0.000,NORMAL,1,ROUTE,,,,,PREVIEW_DEFAULT
158.0945,-41.7675,-30.3523,0.000,NORMAL,1,ROUTE,,,,,PREVIEW_DEFAULT
158.1944,-41.8075,-30.4439,0.000,NORMAL,1,ROUTE,,,,,PREVIEW_DEFAULT
158.2944,-41.8472,-30.5357,0.000,NORMAL,1,ROUTE,,,,,PREVIEW_DEFAULT
158.3944,-41.8864,-30.6277,0.000,NORMAL,1,ROUTE,,,,,PREVIEW_DEFAULT
158.4944,-41.9250,-30.7199,0.000,NORMAL,1,ROUTE,,,,,PREVIEW_DEFAULT
158.5944,-41.9631,-30.8124,0.000,NORMAL,1,ROUTE,,,,,PREVIEW_DEFAULT
158.6944,-42.0006,-30.9051,0.000,NORMAL,1,ROUTE,,,,,PREVIEW_DEFAULT
158.7945,-42.0375,-30.9981,0.000,NORMAL,1,ROUTE,,,,,PREVIEW_DEFAULT
158.8944,-42.0738,-31.0912,0.000,NORMAL,1,ROUTE,,,,,PREVIEW_DEFAULT
158.9944,-42.1096,-31.1846,0.000,NORMAL,1,ROUTE,,,,,PREVIEW_DEFAULT
159.0944,-42.1449,-31.2781,0.000,NORMAL,1,ROUTE,,,,,PREVIEW_DEFAULT
159.1944,-42.1799,-31.3718,0.000,NORMAL,1,ROUTE,,,,,PREVIEW_DEFAULT
159.2944,-42.2144,-31.4657,0.000,NORMAL,1,ROUTE,,,,,PREVIEW_DEFAULT
159.3944,-42.2488,-31.5596,0.000,NORMAL,1,ROUTE,,,,,PREVIEW_DEFAULT
159.4944,-42.2829,-31.6536,0.000,NORMAL,1,ROUTE,,,,,PREVIEW_DEFAULT
159.5944,-42.3169,-31.7476,0.000,NORMAL,1,ROUTE,,,,,PREVIEW_DEFAULT
159.6944,-42.3508,-31.8417,0.000,NORMAL,1,ROUTE,,,,,PREVIEW_DEFAULT
159.7944,-42.3847,-31.9358,0.000,NORMAL,1,ROUTE,,,,,PREVIEW_DEFAULT
159.8944,-42.4187,-32.0298,0.000,NORMAL,1,ROUTE,,,,,PREVIEW_DEFAULT
159.9944,-42.4528,-32.1238,0.000,NORMAL,1,ROUTE,,,,,PREVIEW_DEFAULT
160.0944,-42.4870,-32.2178,0.000,NORMAL,1,ROUTE,,,,,PREVIEW_DEFAULT
160.1943,-42.5215,-32.3116,0.000,NORMAL,1,ROUTE,,,,,PREVIEW_DEFAULT
160.2944,-42.5562,-32.4054,0.000,NORMAL,1,ROUTE,,,,,PREVIEW_DEFAULT
160.3944,-42.5912,-32.4991,0.000,NORMAL,1,ROUTE,,,,,PREVIEW_DEFAULT
160.4944,-42.6266,-32.5926,0.000,NORMAL,1,ROUTE,,,,,PREVIEW_DEFAULT
160.5944,-42.6623,-32.6860,0.000,NORMAL,1,ROUTE,,,,,PREVIEW_DEFAULT
160.6944,-42.6983,-32.7793,0.000,NORMAL,1,ROUTE,,,,,PREVIEW_DEFAULT
160.7944,-42.7348,-32.8724,0.000,NORMAL,1,ROUTE,,,,,PREVIEW_DEFAULT
160.8944,-42.7716,-32.9654,0.000,NORMAL,1,ROUTE,,,,,PREVIEW_DEFAULT
160.9943,-42.8088,-33.0582,0.000,NORMAL,1,ROUTE,,,,,PREVIEW_DEFAULT
161.0943,-42.8463,-33.1509,0.000,NORMAL,1,ROUTE,,,,,PREVIEW_DEFAULT
161.1943,-42.8843,-33.2434,0.000,NORMAL,1,ROUTE,,,,,PREVIEW_DEFAULT
161.2943,-42.9225,-33.3358,0.000,NORMAL,1,ROUTE,,,,,PREVIEW_DEFAULT
161.3944,-42.9611,-33.4281,0.000,NORMAL,1,ROUTE,,,,,PREVIEW_DEFAULT
161.4943,-42.9999,-33.5202,0.000,NORMAL,1,ROUTE,,,,,PREVIEW_DEFAULT
161.5943,-43.0391,-33.6122,0.000,NORMAL,1,ROUTE,,,,,PREVIEW_DEFAULT
161.6943,-43.0784,-33.7041,0.000,NORMAL,1,ROUTE,,,,,PREVIEW_DEFAULT
161.7943,-43.1180,-33.7960,0.000,NORMAL,1,ROUTE,,,,,PREVIEW_DEFAULT
161.8943,-43.1576,-33.8878,0.000,NORMAL,1,ROUTE,,,,,PREVIEW_DEFAULT
161.9943,-43.1974,-33.9795,0.000,NORMAL,1,ROUTE,,,,,PREVIEW_DEFAULT
162.0943,-43.2372,-34.0713,0.000,NORMAL,1,ROUTE,,,,,PREVIEW_DEFAULT
162.1943,-43.2771,-34.1630,0.000,NORMAL,1,ROUTE,,,,,PREVIEW_DEFAULT
162.2943,-43.3169,-34.2547,0.000,NORMAL,1,ROUTE,,,,,PREVIEW_DEFAULT
162.3943,-43.3566,-34.3465,0.000,NORMAL,1,ROUTE,,,,,PREVIEW_DEFAULT
162.4943,-43.3963,-34.4383,0.000,NORMAL,1,ROUTE,,,,,PREVIEW_DEFAULT
162.5943,-43.4358,-34.5301,0.000,NORMAL,1,ROUTE,,,,,PREVIEW_DEFAULT
162.6943,-43.4751,-34.6221,0.000,NORMAL,1,ROUTE,,,,,PREVIEW_DEFAULT
162.7942,-43.5143,-34.7140,0.000,NORMAL,1,ROUTE,,,,,PREVIEW_DEFAULT
162.8943,-43.5534,-34.8061,0.000,NORMAL,1,ROUTE,,,,,PREVIEW_DEFAULT
162.9943,-43.5922,-34.8983,0.000,NORMAL,1,ROUTE,,,,,PREVIEW_DEFAULT
163.0943,-43.6309,-34.9905,0.000,NORMAL,1,ROUTE,,,,,PREVIEW_DEFAULT
163.1943,-43.6694,-35.0828,0.000,NORMAL,1,ROUTE,,,,,PREVIEW_DEFAULT
163.2943,-43.7077,-35.1751,0.000,NORMAL,1,ROUTE,,,,,PREVIEW_DEFAULT
163.3943,-43.7459,-35.2676,0.000,NORMAL,1,ROUTE,,,,,PREVIEW_DEFAULT
163.4942,-43.7839,-35.3600,0.000,NORMAL,1,ROUTE,,,,,PREVIEW_DEFAULT
163.5942,-43.8219,-35.4525,0.000,NORMAL,1,ROUTE,,,,,PREVIEW_DEFAULT
163.6943,-43.8598,-35.5451,0.000,NORMAL,1,ROUTE,,,,,PREVIEW_DEFAULT
163.7943,-43.8977,-35.6376,0.000,NORMAL,1,ROUTE,,,,,PREVIEW_DEFAULT
163.8942,-43.9356,-35.7301,0.000,NORMAL,1,ROUTE,,,,,PREVIEW_DEFAULT
163.9943,-43.9735,-35.8227,0.000,NORMAL,1,ROUTE,,,,,PREVIEW_DEFAULT
164.0943,-44.0115,-35.9152,0.000,NORMAL,1,ROUTE,,,,,PREVIEW_DEFAULT
164.1942,-44.0496,-36.0076,0.000,NORMAL,1,ROUTE,,,,,PREVIEW_DEFAULT
164.2942,-44.0878,-36.1000,0.000,NORMAL,1,ROUTE,,,,,PREVIEW_DEFAULT
164.3942,-44.1261,-36.1924,0.000,NORMAL,1,ROUTE,,,,,PREVIEW_DEFAULT
164.4942,-44.1646,-36.2847,0.000,NORMAL,1,ROUTE,,,,,PREVIEW_DEFAULT
164.5942,-44.2032,-36.3769,0.000,NORMAL,1,ROUTE,,,,,PREVIEW_DEFAULT
164.6942,-44.2420,-36.4691,0.000,NORMAL,1,ROUTE,,,,,PREVIEW_DEFAULT
164.7942,-44.2810,-36.5612,0.000,NORMAL,1,ROUTE,,,,,PREVIEW_DEFAULT
164.8942,-44.3201,-36.6532,0.000,NORMAL,1,ROUTE,,,,,PREVIEW_DEFAULT
164.9942,-44.3593,-36.7452,0.000,NORMAL,1,ROUTE,,,,,PREVIEW_DEFAULT
165.0942,-44.3987,-36.8371,0.000,NORMAL,1,ROUTE,,,,,PREVIEW_DEFAULT
165.1942,-44.4382,-36.9290,0.000,NORMAL,1,ROUTE,,,,,PREVIEW_DEFAULT
165.2942,-44.4778,-37.0208,0.000,NORMAL,1,ROUTE,,,,,PREVIEW_DEFAULT
165.3942,-44.5174,-37.1126,0.000,NORMAL,1,ROUTE,,,,,PREVIEW_DEFAULT
165.4942,-44.5570,-37.2044,0.000,NORMAL,1,ROUTE,,,,,PREVIEW_DEFAULT
165.5942,-44.5966,-37.2963,0.000,NORMAL,1,ROUTE,,,,,PREVIEW_DEFAULT
165.6942,-44.6361,-37.3881,0.000,NORMAL,1,ROUTE,,,,,PREVIEW_DEFAULT
165.7942,-44.6755,-37.4800,0.000,NORMAL,1,ROUTE,,,,,PREVIEW_DEFAULT
165.8942,-44.7148,-37.5720,0.000,NORMAL,1,ROUTE,,,,,PREVIEW_DEFAULT
165.9942,-44.7539,-37.6640,0.000,NORMAL,1,ROUTE,,,,,PREVIEW_DEFAULT
166.0942,-44.7928,-37.7562,0.000,NORMAL,1,ROUTE,,,,,PREVIEW_DEFAULT
166.1942,-44.8315,-37.8484,0.000,NORMAL,1,ROUTE,,,,,PREVIEW_DEFAULT
166.2942,-44.8699,-37.9407,0.000,NORMAL,1,ROUTE,,,,,PREVIEW_DEFAULT
166.3941,-44.9082,-38.0330,0.000,NORMAL,1,ROUTE,,,,,PREVIEW_DEFAULT
166.4942,-44.9463,-38.1255,0.000,NORMAL,1,ROUTE,,,,,PREVIEW_DEFAULT
166.5942,-44.9843,-38.2180,0.000,NORMAL,1,ROUTE,,,,,PREVIEW_DEFAULT
166.6942,-45.0221,-38.3106,0.000,NORMAL,1,ROUTE,,,,,PREVIEW_DEFAULT
166.7942,-45.0598,-38.4032,0.000,NORMAL,1,ROUTE,,,,,PREVIEW_DEFAULT
166.8942,-45.0974,-38.4959,0.000,NORMAL,1,ROUTE,,,,,PREVIEW_DEFAULT
166.9941,-45.1349,-38.5885,0.000,NORMAL,1,ROUTE,,,,,PREVIEW_DEFAULT
167.0941,-45.1725,-38.6812,0.000,NORMAL,1,ROUTE,,,,,PREVIEW_DEFAULT
167.1942,-45.2101,-38.7739,0.000,NORMAL,1,ROUTE,,,,,PREVIEW_DEFAULT
167.2942,-45.2478,-38.8665,0.000,NORMAL,1,ROUTE,,,,,PREVIEW_DEFAULT
167.3941,-45.2857,-38.9590,0.000,NORMAL,1,ROUTE,,,,,PREVIEW_DEFAULT
167.4942,-45.3238,-39.0515,0.000,NORMAL,1,ROUTE,,,,,PREVIEW_DEFAULT
167.5941,-45.3620,-39.1439,0.000,NORMAL,1,ROUTE,,,,,PREVIEW_DEFAULT
167.6941,-45.4004,-39.2362,0.000,NORMAL,1,ROUTE,,,,,PREVIEW_DEFAULT
167.7942,-45.4390,-39.3285,0.000,NORMAL,1,ROUTE,,,,,PREVIEW_DEFAULT
167.8942,-45.4777,-39.4207,0.000,NORMAL,1,ROUTE,,,,,PREVIEW_DEFAULT
167.9941,-45.5166,-39.5128,0.000,NORMAL,1,ROUTE,,,,,PREVIEW_DEFAULT
168.0942,-45.5554,-39.6050,0.000,NORMAL,1,ROUTE,,,,,PREVIEW_DEFAULT
168.1941,-45.5942,-39.6971,0.000,NORMAL,1,ROUTE,,,,,PREVIEW_DEFAULT
168.2941,-45.6329,-39.7893,0.000,NORMAL,1,ROUTE,,,,,PREVIEW_DEFAULT
168.3941,-45.6715,-39.8816,0.000,NORMAL,1,ROUTE,,,,,PREVIEW_DEFAULT
168.4941,-45.7099,-39.9739,0.000,NORMAL,1,ROUTE,,,,,PREVIEW_DEFAULT
168.5941,-45.7480,-40.0663,0.000,NORMAL,1,ROUTE,,,,,PREVIEW_DEFAULT
168.6941,-45.7859,-40.1589,0.000,NORMAL,1,ROUTE,,,,,PREVIEW_DEFAULT
168.7941,-45.8236,-40.2515,0.000,NORMAL,1,ROUTE,,,,,PREVIEW_DEFAULT
168.8941,-45.8611,-40.3442,0.000,NORMAL,1,ROUTE,,,,,PREVIEW_DEFAULT
168.9941,-45.8983,-40.4370,0.000,NORMAL,1,ROUTE,,,,,PREVIEW_DEFAULT
169.0941,-45.9353,-40.5299,0.000,NORMAL,1,ROUTE,,,,,PREVIEW_DEFAULT
169.1941,-45.9722,-40.6229,0.000,NORMAL,1,ROUTE,,,,,PREVIEW_DEFAULT
169.2941,-46.0089,-40.7159,0.000,NORMAL,1,ROUTE,,,,,PREVIEW_DEFAULT
169.3941,-46.0455,-40.8090,0.000,NORMAL,1,ROUTE,,,,,PREVIEW_DEFAULT
169.4940,-46.0820,-40.9020,0.000,NORMAL,1,ROUTE,,,,,PREVIEW_DEFAULT
169.5941,-46.1186,-40.9951,0.000,NORMAL,1,ROUTE,,,,,PREVIEW_DEFAULT
169.6941,-46.1553,-41.0881,0.000,NORMAL,1,ROUTE,,,,,PREVIEW_DEFAULT
169.7940,-46.1920,-41.1811,0.000,NORMAL,1,ROUTE,,,,,PREVIEW_DEFAULT
169.8940,-46.2290,-41.2740,0.000,NORMAL,1,ROUTE,,,,,PREVIEW_DEFAULT
169.9941,-46.2661,-41.3669,0.000,NORMAL,1,ROUTE,,,,,PREVIEW_DEFAULT
170.0940,-46.3035,-41.4596,0.000,NORMAL,1,ROUTE,,,,,PREVIEW_DEFAULT
170.1941,-46.3411,-41.5523,0.000,NORMAL,1,ROUTE,,,,,PREVIEW_DEFAULT
170.2941,-46.3789,-41.6449,0.000,NORMAL,1,ROUTE,,,,,PREVIEW_DEFAULT
170.3941,-46.4169,-41.7374,0.000,NORMAL,1,ROUTE,,,,,PREVIEW_DEFAULT
170.4940,-46.4552,-41.8297,0.000,NORMAL,1,ROUTE,,,,,PREVIEW_DEFAULT
170.5941,-46.4936,-41.9221,0.000,NORMAL,1,ROUTE,,,,,PREVIEW_DEFAULT
170.6940,-46.5322,-42.0143,0.000,NORMAL,1,ROUTE,,,,,PREVIEW_DEFAULT
170.7940,-46.5709,-42.1065,0.000,NORMAL,1,ROUTE,,,,,PREVIEW_DEFAULT
170.8940,-46.6098,-42.1986,0.000,NORMAL,1,ROUTE,,,,,PREVIEW_DEFAULT
170.9940,-46.6488,-42.2907,0.000,NORMAL,1,ROUTE,,,,,PREVIEW_DEFAULT
171.0941,-46.6879,-42.3828,0.000,NORMAL,1,ROUTE,,,,,PREVIEW_DEFAULT
171.1940,-46.7270,-42.4748,0.000,NORMAL,1,ROUTE,,,,,PREVIEW_DEFAULT
171.2940,-46.7662,-42.5668,0.000,NORMAL,1,ROUTE,,,,,PREVIEW_DEFAULT
171.3940,-46.8055,-42.6587,0.000,NORMAL,1,ROUTE,,,,,PREVIEW_DEFAULT
171.4940,-46.8448,-42.7507,0.000,NORMAL,1,ROUTE,,,,,PREVIEW_DEFAULT
171.5940,-46.8841,-42.8426,0.000,NORMAL,1,ROUTE,,,,,PREVIEW_DEFAULT
171.6940,-46.9235,-42.9345,0.000,NORMAL,1,ROUTE,,,,,PREVIEW_DEFAULT
171.7940,-46.9629,-43.0264,0.000,NORMAL,1,ROUTE,,,,,PREVIEW_DEFAULT
171.8940,-47.0023,-43.1183,0.000,NORMAL,1,ROUTE,,,,,PREVIEW_DEFAULT
171.9940,-47.0417,-43.2103,0.000,NORMAL,1,ROUTE,,,,,PREVIEW_DEFAULT
172.0940,-47.0811,-43.3022,0.000,NORMAL,1,ROUTE,,,,,PREVIEW_DEFAULT
172.1940,-47.1205,-43.3941,0.000,NORMAL,1,ROUTE,,,,,PREVIEW_DEFAULT
172.2940,-47.1598,-43.4860,0.000,NORMAL,1,ROUTE,,,,,PREVIEW_DEFAULT
172.3940,-47.1991,-43.5780,0.000,NORMAL,1,ROUTE,,,,,PREVIEW_DEFAULT
172.4940,-47.2383,-43.6700,0.000,NORMAL,1,ROUTE,,,,,PREVIEW_DEFAULT
172.5940,-47.2776,-43.7619,0.000,NORMAL,1,ROUTE,,,,,PREVIEW_DEFAULT
172.6940,-47.3169,-43.8539,0.000,NORMAL,1,ROUTE,,,,,PREVIEW_DEFAULT
172.7939,-47.3561,-43.9458,0.000,NORMAL,1,ROUTE,,,,,PREVIEW_DEFAULT
172.8940,-47.3955,-44.0378,0.000,NORMAL,1,ROUTE,,,,,PREVIEW_DEFAULT
172.9939,-47.4350,-44.1296,0.000,NORMAL,1,ROUTE,,,,,PREVIEW_DEFAULT
173.0939,-47.4747,-44.2214,0.000,NORMAL,1,ROUTE,,,,,PREVIEW_DEFAULT
173.1940,-47.5146,-44.3131,0.000,NORMAL,1,ROUTE,,,,,PREVIEW_DEFAULT
173.2939,-47.5547,-44.4047,0.000,NORMAL,1,ROUTE,,,,,PREVIEW_DEFAULT
173.3939,-47.5950,-44.4962,0.000,NORMAL,1,ROUTE,,,,,PREVIEW_DEFAULT
173.4940,-47.6357,-44.5876,0.000,NORMAL,1,ROUTE,,,,,PREVIEW_DEFAULT
173.5939,-47.6765,-44.6788,0.000,NORMAL,1,ROUTE,,,,,PREVIEW_DEFAULT
173.6939,-47.7176,-44.7700,0.000,NORMAL,1,ROUTE,,,,,PREVIEW_DEFAULT
173.7940,-47.7590,-44.8611,0.000,NORMAL,1,ROUTE,,,,,PREVIEW_DEFAULT
173.8939,-47.8005,-44.9520,0.000,NORMAL,1,ROUTE,,,,,PREVIEW_DEFAULT
173.9940,-47.8423,-45.0429,0.000,NORMAL,1,ROUTE,,,,,PREVIEW_DEFAULT
174.0940,-47.8842,-45.1337,0.000,NORMAL,1,ROUTE,,,,,PREVIEW_DEFAULT
174.1939,-47.9264,-45.2243,0.000,NORMAL,1,ROUTE,,,,,PREVIEW_DEFAULT
174.2939,-47.9688,-45.3149,0.000,NORMAL,1,ROUTE,,,,,PREVIEW_DEFAULT
174.3939,-48.0115,-45.4053,0.000,NORMAL,1,ROUTE,,,,,PREVIEW_DEFAULT
174.4939,-48.0545,-45.4956,0.000,NORMAL,1,ROUTE,,,,,PREVIEW_DEFAULT
174.5939,-48.0978,-45.5857,0.000,NORMAL,1,ROUTE,,,,,PREVIEW_DEFAULT
174.6939,-48.1416,-45.6756,0.000,NORMAL,1,ROUTE,,,,,PREVIEW_DEFAULT
174.7939,-48.1858,-45.7653,0.000,NORMAL,1,ROUTE,,,,,PREVIEW_DEFAULT
174.8939,-48.2303,-45.8548,0.000,NORMAL,1,ROUTE,,,,,PREVIEW_DEFAULT
174.9939,-48.2753,-45.9442,0.000,NORMAL,1,ROUTE,,,,,PREVIEW_DEFAULT
175.0939,-48.3207,-46.0333,0.000,NORMAL,1,ROUTE,,,,,PREVIEW_DEFAULT
175.1939,-48.3664,-46.1222,0.000,NORMAL,1,ROUTE,,,,,PREVIEW_DEFAULT
175.2939,-48.4125,-46.2109,0.000,NORMAL,1,ROUTE,,,,,PREVIEW_DEFAULT
175.3939,-48.4589,-46.2995,0.000,NORMAL,1,ROUTE,,,,,PREVIEW_DEFAULT
175.4939,-48.5057,-46.3879,0.000,NORMAL,1,ROUTE,,,,,PREVIEW_DEFAULT
175.5939,-48.5528,-46.4761,0.000,NORMAL,1,ROUTE,,,,,PREVIEW_DEFAULT
175.6938,-48.6004,-46.5640,0.000,NORMAL,1,ROUTE,,,,,PREVIEW_DEFAULT
175.7938,-48.6484,-46.6517,0.000,NORMAL,1,ROUTE,,,,,PREVIEW_DEFAULT
175.8938,-48.6970,-46.7391,0.000,NORMAL,1,ROUTE,,,,,PREVIEW_DEFAULT
175.9939,-48.7463,-46.8262,0.000,NORMAL,1,ROUTE,,,,,PREVIEW_DEFAULT
176.0939,-48.7964,-46.9127,0.000,NORMAL,1,ROUTE,,,,,PREVIEW_DEFAULT
176.1938,-48.8473,-46.9987,0.000,NORMAL,1,ROUTE,,,,,PREVIEW_DEFAULT
176.2938,-48.8994,-47.0841,0.000,NORMAL,1,ROUTE,,,,,PREVIEW_DEFAULT
176.3939,-48.9526,-47.1688,0.000,NORMAL,1,ROUTE,,,,,PREVIEW_DEFAULT
176.4938,-49.0072,-47.2525,0.000,NORMAL,1,ROUTE,,,,,PREVIEW_DEFAULT
176.5938,-49.0633,-47.3353,0.000,NORMAL,1,ROUTE,,,,,PREVIEW_DEFAULT
176.6939,-49.1209,-47.4171,0.000,NORMAL,1,ROUTE,,,,,PREVIEW_DEFAULT
176.7938,-49.1802,-47.4976,0.000,NORMAL,1,ROUTE,,,,,PREVIEW_DEFAULT
176.8938,-49.2411,-47.5769,0.000,NORMAL,1,ROUTE,,,,,PREVIEW_DEFAULT
176.9938,-49.3036,-47.6549,0.000,NORMAL,1,ROUTE,,,,,PREVIEW_DEFAULT
177.0938,-49.3679,-47.7315,0.000,NORMAL,1,ROUTE,,,,,PREVIEW_DEFAULT
177.1938,-49.4339,-47.8066,0.000,NORMAL,1,ROUTE,,,,,PREVIEW_DEFAULT
177.2938,-49.5017,-47.8802,0.000,NORMAL,1,ROUTE,,,,,PREVIEW_DEFAULT
177.3938,-49.5711,-47.9521,0.000,NORMAL,1,ROUTE,,,,,PREVIEW_DEFAULT
177.4938,-49.6422,-48.0224,0.000,NORMAL,1,ROUTE,,,,,PREVIEW_DEFAULT
177.5938,-49.7150,-48.0910,0.000,NORMAL,1,ROUTE,,,,,PREVIEW_DEFAULT
177.6938,-49.7894,-48.1578,0.000,NORMAL,1,ROUTE,,,,,PREVIEW_DEFAULT
177.7938,-49.8654,-48.2228,0.000,NORMAL,1,ROUTE,,,,,PREVIEW_DEFAULT
177.8937,-49.9429,-48.2859,0.000,NORMAL,1,ROUTE,,,,,PREVIEW_DEFAULT
177.9938,-50.0220,-48.3472,0.000,NORMAL,1,ROUTE,,,,,PREVIEW_DEFAULT
178.0937,-50.1025,-48.4064,0.000,NORMAL,1,ROUTE,,,,,PREVIEW_DEFAULT
178.1938,-50.1845,-48.4637,0.000,NORMAL,1,ROUTE,,,,,PREVIEW_DEFAULT
178.2938,-50.2678,-48.5191,0.000,NORMAL,1,ROUTE,,,,,PREVIEW_DEFAULT
178.3937,-50.3523,-48.5724,0.000,NORMAL,1,ROUTE,,,,,PREVIEW_DEFAULT
178.4937,-50.4381,-48.6238,0.000,NORMAL,1,ROUTE,,,,,PREVIEW_DEFAULT
178.5937,-50.5251,-48.6731,0.000,NORMAL,1,ROUTE,,,,,PREVIEW_DEFAULT
178.6937,-50.6133,-48.7202,0.000,NORMAL,1,ROUTE,,,,,PREVIEW_DEFAULT
178.7937,-50.7027,-48.7651,0.000,NORMAL,1,ROUTE,,,,,PREVIEW_DEFAULT
178.8937,-50.7932,-48.8076,0.000,NORMAL,1,ROUTE,,,,,PREVIEW_DEFAULT
178.9937,-50.8848,-48.8477,0.000,NORMAL,1,ROUTE,,,,,PREVIEW_DEFAULT
179.0937,-50.9775,-48.8851,0.000,NORMAL,1,ROUTE,,,,,PREVIEW_DEFAULT
179.1937,-51.0713,-48.9198,0.000,NORMAL,1,ROUTE,,,,,PREVIEW_DEFAULT
179.2937,-51.1661,-48.9516,0.000,NORMAL,1,ROUTE,,,,,PREVIEW_DEFAULT
179.3937,-51.2619,-48.9803,0.000,NORMAL,1,ROUTE,,,,,PREVIEW_DEFAULT
179.4937,-51.3586,-49.0058,0.000,NORMAL,1,ROUTE,,,,,PREVIEW_DEFAULT
179.5937,-51.4561,-49.0278,0.000,NORMAL,1,ROUTE,,,,,PREVIEW_DEFAULT
179.6937,-51.5544,-49.0462,0.000,NORMAL,1,ROUTE,,,,,PREVIEW_DEFAULT
179.7937,-51.6534,-49.0607,0.000,NORMAL,1,ROUTE,,,,,PREVIEW_DEFAULT
179.8937,-51.7528,-49.0712,0.000,NORMAL,1,ROUTE,,,,,PREVIEW_DEFAULT
179.9937,-51.8526,-49.0778,0.000,NORMAL,1,ROUTE,,,,,PREVIEW_DEFAULT
180.0936,-51.9525,-49.0805,0.000,NORMAL,1,ROUTE,,,,,PREVIEW_DEFAULT
180.1936,-52.0525,-49.0795,0.000,NORMAL,1,ROUTE,,,,,PREVIEW_DEFAULT
180.2936,-52.1524,-49.0749,0.000,NORMAL,1,ROUTE,,,,,PREVIEW_DEFAULT
180.3936,-52.2520,-49.0668,0.000,NORMAL,1,ROUTE,,,,,PREVIEW_DEFAULT
180.4936,-52.3514,-49.0556,0.000,NORMAL,1,ROUTE,,,,,PREVIEW_DEFAULT
180.5936,-52.4504,-49.0415,0.000,NORMAL,1,ROUTE,,,,,PREVIEW_DEFAULT
180.6936,-52.5490,-49.0246,0.000,NORMAL,1,ROUTE,,,,,PREVIEW_DEFAULT
180.7936,-52.6471,-49.0052,0.000,NORMAL,1,ROUTE,,,,,PREVIEW_DEFAULT
180.8936,-52.7447,-48.9835,0.000,NORMAL,1,ROUTE,,,,,PREVIEW_DEFAULT
180.9936,-52.8418,-48.9596,0.000,NORMAL,1,ROUTE,,,,,PREVIEW_DEFAULT
181.0935,-52.9383,-48.9336,0.000,NORMAL,1,ROUTE,,,,,PREVIEW_DEFAULT
181.1935,-53.0343,-48.9056,0.000,NORMAL,1,ROUTE,,,,,PREVIEW_DEFAULT
181.2935,-53.1297,-48.8757,0.000,NORMAL,1,ROUTE,,,,,PREVIEW_DEFAULT
181.3935,-53.2245,-48.8438,0.000,NORMAL,1,ROUTE,,,,,PREVIEW_DEFAULT
181.4935,-53.3186,-48.8100,0.000,NORMAL,1,ROUTE,,,,,PREVIEW_DEFAULT
181.5935,-53.4120,-48.7743,0.000,NORMAL,1,ROUTE,,,,,PREVIEW_DEFAULT
181.6935,-53.5047,-48.7368,0.000,NORMAL,1,ROUTE,,,,,PREVIEW_DEFAULT
181.7936,-53.5967,-48.6975,0.000,NORMAL,1,ROUTE,,,,,PREVIEW_DEFAULT
181.8935,-53.6879,-48.6566,0.000,NORMAL,1,ROUTE,,,,,PREVIEW_DEFAULT
181.9935,-53.7785,-48.6142,0.000,NORMAL,1,ROUTE,,,,,PREVIEW_DEFAULT
182.0935,-53.8683,-48.5703,0.000,NORMAL,1,ROUTE,,,,,PREVIEW_DEFAULT
182.1935,-53.9575,-48.5250,0.000,NORMAL,1,ROUTE,,,,,PREVIEW_DEFAULT
182.2935,-54.0460,-48.4785,0.000,NORMAL,1,ROUTE,,,,,PREVIEW_DEFAULT
182.3935,-54.1338,-48.4307,0.000,NORMAL,1,ROUTE,,,,,PREVIEW_DEFAULT
182.4935,-54.2211,-48.3818,0.000,NORMAL,1,ROUTE,,,,,PREVIEW_DEFAULT
182.5935,-54.3077,-48.3318,0.000,NORMAL,1,ROUTE,,,,,PREVIEW_DEFAULT
182.6935,-54.3937,-48.2808,0.000,NORMAL,1,ROUTE,,,,,PREVIEW_DEFAULT
182.7935,-54.4791,-48.2289,0.000,NORMAL,1,ROUTE,,,,,PREVIEW_DEFAULT
182.8935,-54.5641,-48.1761,0.000,NORMAL,1,ROUTE,,,,,PREVIEW_DEFAULT
182.9935,-54.6485,-48.1225,0.000,NORMAL,1,ROUTE,,,,,PREVIEW_DEFAULT
183.0935,-54.7324,-48.0681,0.000,NORMAL,1,ROUTE,,,,,PREVIEW_DEFAULT
183.1935,-54.8159,-48.0131,0.000,NORMAL,1,ROUTE,,,,,PREVIEW_DEFAULT
183.2935,-54.8989,-47.9573,0.000,NORMAL,1,ROUTE,,,,,PREVIEW_DEFAULT
183.3934,-54.9814,-47.9009,0.000,NORMAL,1,ROUTE,,,,,PREVIEW_DEFAULT
183.4935,-55.0636,-47.8439,0.000,NORMAL,1,ROUTE,,,,,PREVIEW_DEFAULT
183.5935,-55.1453,-47.7862,0.000,NORMAL,1,ROUTE,,,,,PREVIEW_DEFAULT
183.6935,-55.2266,-47.7280,0.000,NORMAL,1,ROUTE,,,,,PREVIEW_DEFAULT
183.7935,-55.3074,-47.6691,0.000,NORMAL,1,ROUTE,,,,,PREVIEW_DEFAULT
183.8934,-55.3878,-47.6097,0.000,NORMAL,1,ROUTE,,,,,PREVIEW_DEFAULT
183.9935,-55.4678,-47.5496,0.000,NORMAL,1,ROUTE,,,,,PREVIEW_DEFAULT
184.0934,-55.5472,-47.4889,0.000,NORMAL,1,ROUTE,,,,,PREVIEW_DEFAULT
184.1935,-55.6261,-47.4274,0.000,NORMAL,1,ROUTE,,,,,PREVIEW_DEFAULT
184.2935,-55.7044,-47.3652,0.000,NORMAL,1,ROUTE,,,,,PREVIEW_DEFAULT
184.3934,-55.7821,-47.3023,0.000,NORMAL,1,ROUTE,,,,,PREVIEW_DEFAULT
184.4934,-55.8590,-47.2384,0.000,NORMAL,1,ROUTE,,,,,PREVIEW_DEFAULT
184.5934,-55.9352,-47.1737,0.000,NORMAL,1,ROUTE,,,,,PREVIEW_DEFAULT
184.6935,-56.0106,-47.1079,0.000,NORMAL,1,ROUTE,,,,,PREVIEW_DEFAULT
184.7934,-56.0850,-47.0411,0.000,NORMAL,1,ROUTE,,,,,PREVIEW_DEFAULT
184.8934,-56.1583,-46.9731,0.000,NORMAL,1,ROUTE,,,,,PREVIEW_DEFAULT
184.9934,-56.2305,-46.9039,0.000,NORMAL,1,ROUTE,,,,,PREVIEW_DEFAULT
185.0934,-56.3013,-46.8333,0.000,NORMAL,1,ROUTE,,,,,PREVIEW_DEFAULT
185.1934,-56.3708,-46.7614,0.000,NORMAL,1,ROUTE,,,,,PREVIEW_DEFAULT
185.2934,-56.4388,-46.6881,0.000,NORMAL,1,ROUTE,,,,,PREVIEW_DEFAULT
185.3934,-56.5053,-46.6134,0.000,NORMAL,1,ROUTE,,,,,PREVIEW_DEFAULT
185.4934,-56.5701,-46.5372,0.000,NORMAL,1,ROUTE,,,,,PREVIEW_DEFAULT
185.5934,-56.6331,-46.4596,0.000,NORMAL,1,ROUTE,,,,,PREVIEW_DEFAULT
185.6934,-56.6944,-46.3806,0.000,NORMAL,1,ROUTE,,,,,PREVIEW_DEFAULT
185.7933,-56.7539,-46.3003,0.000,NORMAL,1,ROUTE,,,,,PREVIEW_DEFAULT
185.8934,-56.8115,-46.2185,0.000,NORMAL,1,ROUTE,,,,,PREVIEW_DEFAULT
185.9934,-56.8671,-46.1354,0.000,NORMAL,1,ROUTE,,,,,PREVIEW_DEFAULT
186.0934,-56.9208,-46.0510,0.000,NORMAL,1,ROUTE,,,,,PREVIEW_DEFAULT
186.1934,-56.9726,-45.9655,0.000,NORMAL,1,ROUTE,,,,,PREVIEW_DEFAULT
186.2933,-57.0227,-45.8790,0.000,NORMAL,1,ROUTE,,,,,PREVIEW_DEFAULT
186.3933,-57.0711,-45.7915,0.000,NORMAL,1,ROUTE,,,,,PREVIEW_DEFAULT
186.4933,-57.1180,-45.7032,0.000,NORMAL,1,ROUTE,,,,,PREVIEW_DEFAULT
186.5933,-57.1635,-45.6141,0.000,NORMAL,1,ROUTE,,,,,PREVIEW_DEFAULT
186.6933,-57.2077,-45.5244,0.000,NORMAL,1,ROUTE,,,,,PREVIEW_DEFAULT
186.7934,-57.2507,-45.4341,0.000,NORMAL,1,ROUTE,,,,,PREVIEW_DEFAULT
186.8933,-57.2925,-45.3433,0.000,NORMAL,1,ROUTE,,,,,PREVIEW_DEFAULT
186.9933,-57.3331,-45.2519,0.000,NORMAL,1,ROUTE,,,,,PREVIEW_DEFAULT
187.0933,-57.3725,-45.1600,0.000,NORMAL,1,ROUTE,,,,,PREVIEW_DEFAULT
187.1933,-57.4107,-45.0676,0.000,NORMAL,1,ROUTE,,,,,PREVIEW_DEFAULT
187.2933,-57.4476,-44.9747,0.000,NORMAL,1,ROUTE,,,,,PREVIEW_DEFAULT
187.3933,-57.4832,-44.8812,0.000,NORMAL,1,ROUTE,,,,,PREVIEW_DEFAULT
187.4933,-57.5174,-44.7872,0.000,NORMAL,1,ROUTE,,,,,PREVIEW_DEFAULT
187.5933,-57.5501,-44.6927,0.000,NORMAL,1,ROUTE,,,,,PREVIEW_DEFAULT
187.6933,-57.5813,-44.5977,0.000,NORMAL,1,ROUTE,,,,,PREVIEW_DEFAULT
187.7933,-57.6110,-44.5023,0.000,NORMAL,1,ROUTE,,,,,PREVIEW_DEFAULT
187.8932,-57.6393,-44.4064,0.000,NORMAL,1,ROUTE,,,,,PREVIEW_DEFAULT
187.9932,-57.6662,-44.3101,0.000,NORMAL,1,ROUTE,,,,,PREVIEW_DEFAULT
188.0933,-57.6920,-44.2134,0.000,NORMAL,1,ROUTE,,,,,PREVIEW_DEFAULT
188.1932,-57.7168,-44.1166,0.000,NORMAL,1,ROUTE,,,,,PREVIEW_DEFAULT
188.2932,-57.7407,-44.0195,0.000,NORMAL,1,ROUTE,,,,,PREVIEW_DEFAULT
188.3933,-57.7639,-43.9222,0.000,NORMAL,1,ROUTE,,,,,PREVIEW_DEFAULT
188.4933,-57.7866,-43.8248,0.000,NORMAL,1,ROUTE,,,,,PREVIEW_DEFAULT
188.5933,-57.8088,-43.7273,0.000,NORMAL,1,ROUTE,,,,,PREVIEW_DEFAULT
188.6933,-57.8307,-43.6297,0.000,NORMAL,1,ROUTE,,,,,PREVIEW_DEFAULT
188.7933,-57.8524,-43.5321,0.000,NORMAL,1,ROUTE,,,,,PREVIEW_DEFAULT
188.8933,-57.8737,-43.4344,0.000,NORMAL,1,ROUTE,,,,,PREVIEW_DEFAULT
188.9932,-57.8948,-43.3367,0.000,NORMAL,1,ROUTE,,,,,PREVIEW_DEFAULT
189.0932,-57.9155,-43.2389,0.000,NORMAL,1,ROUTE,,,,,PREVIEW_DEFAULT
189.1933,-57.9359,-43.1409,0.000,NORMAL,1,ROUTE,,,,,PREVIEW_DEFAULT
189.2933,-57.9557,-43.0429,0.000,NORMAL,1,ROUTE,,,,,PREVIEW_DEFAULT
189.3932,-57.9749,-42.9448,0.000,NORMAL,1,ROUTE,,,,,PREVIEW_DEFAULT
189.4933,-57.9934,-42.8465,0.000,NORMAL,1,ROUTE,,,,,PREVIEW_DEFAULT
189.5932,-58.0109,-42.7481,0.000,NORMAL,1,ROUTE,,,,,PREVIEW_DEFAULT
189.6932,-58.0272,-42.6494,0.000,NORMAL,1,ROUTE,,,,,PREVIEW_DEFAULT
189.7932,-58.0423,-42.5506,0.000,NORMAL,1,ROUTE,,,,,PREVIEW_DEFAULT
189.8932,-58.0559,-42.4515,0.000,NORMAL,1,ROUTE,,,,,PREVIEW_DEFAULT
189.9932,-58.0677,-42.3522,0.000,NORMAL,1,ROUTE,,,,,PREVIEW_DEFAULT
190.0932,-58.0778,-42.2527,0.000,NORMAL,1,ROUTE,,,,,PREVIEW_DEFAULT
190.1932,-58.0858,-42.1530,0.000,NORMAL,1,ROUTE,,,,,PREVIEW_DEFAULT
190.2932,-58.0918,-42.0532,0.000,NORMAL,1,ROUTE,,,,,PREVIEW_DEFAULT
190.3932,-58.0958,-41.9533,0.000,NORMAL,1,ROUTE,,,,,PREVIEW_DEFAULT
190.4932,-58.0979,-41.8533,0.000,NORMAL,1,ROUTE,,,,,PREVIEW_DEFAULT
190.5932,-58.0980,-41.7533,0.000,NORMAL,1,ROUTE,,,,,PREVIEW_DEFAULT
190.6931,-58.0965,-41.6534,0.000,NORMAL,1,ROUTE,,,,,PREVIEW_DEFAULT
190.7932,-58.0935,-41.5534,0.000,NORMAL,1,ROUTE,,,,,PREVIEW_DEFAULT
190.8932,-58.0890,-41.4535,0.000,NORMAL,1,ROUTE,,,,,PREVIEW_DEFAULT
190.9931,-58.0833,-41.3537,0.000,NORMAL,1,ROUTE,,,,,PREVIEW_DEFAULT
191.0932,-58.0765,-41.2539,0.000,NORMAL,1,ROUTE,,,,,PREVIEW_DEFAULT
191.1932,-58.0687,-41.1542,0.000,NORMAL,1,ROUTE,,,,,PREVIEW_DEFAULT
191.2931,-58.0603,-41.0546,0.000,NORMAL,1,ROUTE,,,,,PREVIEW_DEFAULT
191.3931,-58.0513,-40.9550,0.000,NORMAL,1,ROUTE,,,,,PREVIEW_DEFAULT
191.4466,-58.0463,-40.9018,0.000,NORMAL,1,S_CURVE,S_CURVE_START,ENTER_ZONE,,,PREVIEW_DEFAULT
191.4932,-58.0419,-40.8554,0.000,NORMAL,1,S_CURVE,,,,,PREVIEW_DEFAULT
191.5932,-58.0322,-40.7559,0.000,NORMAL,1,S_CURVE,,,,,PREVIEW_DEFAULT
191.6931,-58.0223,-40.6564,0.000,NORMAL,1,S_CURVE,,,,,PREVIEW_DEFAULT
191.7932,-58.0123,-40.5569,0.000,NORMAL,1,S_CURVE,,,,,PREVIEW_DEFAULT
191.8932,-58.0022,-40.4574,0.000,NORMAL,1,S_CURVE,,,,,PREVIEW_DEFAULT
191.9932,-57.9921,-40.3579,0.000,NORMAL,1,S_CURVE,,,,,PREVIEW_DEFAULT
192.0932,-57.9821,-40.2584,0.000,NORMAL,1,S_CURVE,,,,,PREVIEW_DEFAULT
192.1932,-57.9723,-40.1589,0.000,NORMAL,1,S_CURVE,,,,,PREVIEW_DEFAULT
192.2931,-57.9626,-40.0594,0.000,NORMAL,1,S_CURVE,,,,,PREVIEW_DEFAULT
192.3932,-57.9533,-39.9598,0.000,NORMAL,1,S_CURVE,,,,,PREVIEW_DEFAULT
192.4932,-57.9443,-39.8602,0.000,NORMAL,1,S_CURVE,,,,,PREVIEW_DEFAULT
192.5931,-57.9357,-39.7606,0.000,NORMAL,1,S_CURVE,,,,,PREVIEW_DEFAULT
192.6931,-57.9275,-39.6610,0.000,NORMAL,1,S_CURVE,,,,,PREVIEW_DEFAULT
192.7931,-57.9197,-39.5613,0.000,NORMAL,1,S_CURVE,,,,,PREVIEW_DEFAULT
192.8932,-57.9123,-39.4615,0.000,NORMAL,1,S_CURVE,,,,,PREVIEW_DEFAULT
192.9931,-57.9054,-39.3618,0.000,NORMAL,1,S_CURVE,,,,,PREVIEW_DEFAULT
193.0931,-57.8987,-39.2620,0.000,NORMAL,1,S_CURVE,,,,,PREVIEW_DEFAULT
193.1931,-57.8923,-39.1622,0.000,NORMAL,1,S_CURVE,,,,,PREVIEW_DEFAULT
193.2931,-57.8859,-39.0624,0.000,NORMAL,1,S_CURVE,,,,,PREVIEW_DEFAULT
193.3931,-57.8795,-38.9626,0.000,NORMAL,1,S_CURVE,,,,,PREVIEW_DEFAULT
193.4930,-57.8729,-38.8629,0.000,NORMAL,1,S_CURVE,,,,,PREVIEW_DEFAULT
193.5931,-57.8661,-38.7631,0.000,NORMAL,1,S_CURVE,,,,,PREVIEW_DEFAULT
193.6930,-57.8588,-38.6634,0.000,NORMAL,1,S_CURVE,,,,,PREVIEW_DEFAULT
193.7930,-57.8512,-38.5637,0.000,NORMAL,1,S_CURVE,,,,,PREVIEW_DEFAULT
193.8930,-57.8433,-38.4640,0.000,NORMAL,1,S_CURVE,,,,,PREVIEW_DEFAULT
193.9931,-57.8351,-38.3643,0.000,NORMAL,1,S_CURVE,,,,,PREVIEW_DEFAULT
194.0930,-57.8268,-38.2647,0.000,NORMAL,1,S_CURVE,,,,,PREVIEW_DEFAULT
194.1931,-57.8185,-38.1650,0.000,NORMAL,1,S_CURVE,,,,,PREVIEW_DEFAULT
194.2931,-57.8104,-38.0653,0.000,NORMAL,1,S_CURVE,,,,,PREVIEW_DEFAULT
194.3931,-57.8027,-37.9656,0.000,NORMAL,1,S_CURVE,,,,,PREVIEW_DEFAULT
194.4931,-57.7954,-37.8659,0.000,NORMAL,1,S_CURVE,,,,,PREVIEW_DEFAULT
194.5931,-57.7886,-37.7661,0.000,NORMAL,1,S_CURVE,,,,,PREVIEW_DEFAULT
194.6931,-57.7824,-37.6663,0.000,NORMAL,1,S_CURVE,,,,,PREVIEW_DEFAULT
194.7931,-57.7767,-37.5665,0.000,NORMAL,1,S_CURVE,,,,,PREVIEW_DEFAULT
194.8931,-57.7717,-37.4666,0.000,NORMAL,1,S_CURVE,,,,,PREVIEW_DEFAULT
194.9931,-57.7672,-37.3667,0.000,NORMAL,1,S_CURVE,,,,,PREVIEW_DEFAULT
195.0931,-57.7632,-37.2668,0.000,NORMAL,1,S_CURVE,,,,,PREVIEW_DEFAULT
195.1930,-57.7597,-37.1669,0.000,NORMAL,1,S_CURVE,,,,,PREVIEW_DEFAULT
195.2931,-57.7567,-37.0669,0.000,NORMAL,1,S_CURVE,,,,,PREVIEW_DEFAULT
195.3930,-57.7542,-36.9670,0.000,NORMAL,1,S_CURVE,,,,,PREVIEW_DEFAULT
195.4930,-57.7523,-36.8670,0.000,NORMAL,1,S_CURVE,,,,,PREVIEW_DEFAULT
195.5930,-57.7509,-36.7670,0.000,NORMAL,1,S_CURVE,,,,,PREVIEW_DEFAULT
195.6930,-57.7500,-36.6670,0.000,NORMAL,1,S_CURVE,,,,,PREVIEW_DEFAULT
195.7930,-57.7499,-36.5670,0.000,NORMAL,1,S_CURVE,,,,,PREVIEW_DEFAULT
195.8930,-57.7504,-36.4670,0.000,NORMAL,1,S_CURVE,,,,,PREVIEW_DEFAULT
195.9930,-57.7517,-36.3670,0.000,NORMAL,1,S_CURVE,,,,,PREVIEW_DEFAULT
196.0930,-57.7538,-36.2671,0.000,NORMAL,1,S_CURVE,,,,,PREVIEW_DEFAULT
196.1930,-57.7569,-36.1671,0.000,NORMAL,1,S_CURVE,,,,,PREVIEW_DEFAULT
196.2930,-57.7610,-36.0672,0.000,NORMAL,1,S_CURVE,,,,,PREVIEW_DEFAULT
196.3930,-57.7661,-35.9673,0.000,NORMAL,1,S_CURVE,,,,,PREVIEW_DEFAULT
196.4930,-57.7724,-35.8675,0.000,NORMAL,1,S_CURVE,,,,,PREVIEW_DEFAULT
196.5930,-57.7798,-35.7678,0.000,NORMAL,1,S_CURVE,,,,,PREVIEW_DEFAULT
196.6930,-57.7886,-35.6682,0.000,NORMAL,1,S_CURVE,,,,,PREVIEW_DEFAULT
196.7930,-57.7986,-35.5687,0.000,NORMAL,1,S_CURVE,,,,,PREVIEW_DEFAULT
196.8930,-57.8101,-35.4694,0.000,NORMAL,1,S_CURVE,,,,,PREVIEW_DEFAULT
196.9930,-57.8231,-35.3702,0.000,NORMAL,1,S_CURVE,,,,,PREVIEW_DEFAULT
197.0929,-57.8375,-35.2713,0.000,NORMAL,1,S_CURVE,,,,,PREVIEW_DEFAULT
197.1930,-57.8533,-35.1725,0.000,NORMAL,1,S_CURVE,,,,,PREVIEW_DEFAULT
197.2929,-57.8707,-35.0741,0.000,NORMAL,1,S_CURVE,,,,,PREVIEW_DEFAULT
197.3930,-57.8894,-34.9758,0.000,NORMAL,1,S_CURVE,,,,,PREVIEW_DEFAULT
197.4929,-57.9096,-34.8779,0.000,NORMAL,1,S_CURVE,,,,,PREVIEW_DEFAULT
197.5930,-57.9311,-34.7802,0.000,NORMAL,1,S_CURVE,,,,,PREVIEW_DEFAULT
197.6929,-57.9540,-34.6829,0.000,NORMAL,1,S_CURVE,,,,,PREVIEW_DEFAULT
197.7930,-57.9781,-34.5858,0.000,NORMAL,1,S_CURVE,,,,,PREVIEW_DEFAULT
197.8929,-58.0034,-34.4891,0.000,NORMAL,1,S_CURVE,,,,,PREVIEW_DEFAULT
197.9929,-58.0298,-34.3927,0.000,NORMAL,1,S_CURVE,,,,,PREVIEW_DEFAULT
198.0929,-58.0573,-34.2965,0.000,NORMAL,1,S_CURVE,,,,,PREVIEW_DEFAULT
198.1929,-58.0857,-34.2007,0.000,NORMAL,1,S_CURVE,,,,,PREVIEW_DEFAULT
198.2929,-58.1151,-34.1051,0.000,NORMAL,1,S_CURVE,,,,,PREVIEW_DEFAULT
198.3929,-58.1454,-34.0098,0.000,NORMAL,1,S_CURVE,,,,,PREVIEW_DEFAULT
198.4929,-58.1765,-33.9147,0.000,NORMAL,1,S_CURVE,,,,,PREVIEW_DEFAULT
198.5930,-58.2084,-33.8199,0.000,NORMAL,1,S_CURVE,,,,,PREVIEW_DEFAULT
198.6929,-58.2410,-33.7254,0.000,NORMAL,1,S_CURVE,,,,,PREVIEW_DEFAULT
198.7929,-58.2743,-33.6311,0.000,NORMAL,1,S_CURVE,,,,,PREVIEW_DEFAULT
198.8929,-58.3084,-33.5371,0.000,NORMAL,1,S_CURVE,,,,,PREVIEW_DEFAULT
198.9929,-58.3431,-33.4433,0.000,NORMAL,1,S_CURVE,,,,,PREVIEW_DEFAULT
199.0929,-58.3784,-33.3498,0.000,NORMAL,1,S_CURVE,,,,,PREVIEW_DEFAULT
199.1929,-58.4144,-33.2565,0.000,NORMAL,1,S_CURVE,,,,,PREVIEW_DEFAULT
199.2928,-58.4510,-33.1635,0.000,NORMAL,1,S_CURVE,,,,,PREVIEW_DEFAULT
199.3929,-58.4883,-33.0707,0.000,NORMAL,1,S_CURVE,,,,,PREVIEW_DEFAULT
199.4929,-58.5263,-32.9782,0.000,NORMAL,1,S_CURVE,,,,,PREVIEW_DEFAULT
199.5928,-58.5650,-32.8860,0.000,NORMAL,1,S_CURVE,,,,,PREVIEW_DEFAULT
199.6929,-58.6046,-32.7941,0.000,NORMAL,1,S_CURVE,,,,,PREVIEW_DEFAULT
199.7928,-58.6450,-32.7027,0.000,NORMAL,1,S_CURVE,,,,,PREVIEW_DEFAULT
199.8929,-58.6863,-32.6116,0.000,NORMAL,1,S_CURVE,,,,,PREVIEW_DEFAULT
199.9929,-58.7287,-32.5210,0.000,NORMAL,1,S_CURVE,,,,,PREVIEW_DEFAULT
200.0928,-58.7721,-32.4310,0.000,NORMAL,1,S_CURVE,,,,,PREVIEW_DEFAULT
200.1928,-58.8167,-32.3415,0.000,NORMAL,1,S_CURVE,,,,,PREVIEW_DEFAULT
200.2928,-58.8625,-32.2526,0.000,NORMAL,1,S_CURVE,,,,,PREVIEW_DEFAULT
200.3928,-58.9096,-32.1644,0.000,NORMAL,1,S_CURVE,,,,,PREVIEW_DEFAULT
200.4928,-58.9580,-32.0769,0.000,NORMAL,1,S_CURVE,,,,,PREVIEW_DEFAULT
200.5928,-59.0077,-31.9901,0.000,NORMAL,1,S_CURVE,,,,,PREVIEW_DEFAULT
200.6928,-59.0587,-31.9041,0.000,NORMAL,1,S_CURVE,,,,,PREVIEW_DEFAULT
200.7929,-59.1110,-31.8188,0.000,NORMAL,1,S_CURVE,,,,,PREVIEW_DEFAULT
200.8928,-59.1646,-31.7344,0.000,NORMAL,1,S_CURVE,,,,,PREVIEW_DEFAULT
200.9928,-59.2195,-31.6509,0.000,NORMAL,1,S_CURVE,,,,,PREVIEW_DEFAULT
201.0928,-59.2758,-31.5682,0.000,NORMAL,1,S_CURVE,,,,,PREVIEW_DEFAULT
201.1928,-59.3335,-31.4865,0.000,NORMAL,1,S_CURVE,,,,,PREVIEW_DEFAULT
201.2928,-59.3925,-31.4058,0.000,NORMAL,1,S_CURVE,,,,,PREVIEW_DEFAULT
201.3928,-59.4529,-31.3261,0.000,NORMAL,1,S_CURVE,,,,,PREVIEW_DEFAULT
201.4928,-59.5146,-31.2474,0.000,NORMAL,1,S_CURVE,,,,,PREVIEW_DEFAULT
201.5928,-59.5777,-31.1699,0.000,NORMAL,1,S_CURVE,,,,,PREVIEW_DEFAULT
201.6928,-59.6422,-31.0934,0.000,NORMAL,1,S_CURVE,,,,,PREVIEW_DEFAULT
201.7928,-59.7081,-31.0182,0.000,NORMAL,1,S_CURVE,,,,,PREVIEW_DEFAULT
201.8928,-59.7754,-30.9442,0.000,NORMAL,1,S_CURVE,,,,,PREVIEW_DEFAULT
201.9928,-59.8440,-30.8715,0.000,NORMAL,1,S_CURVE,,,,,PREVIEW_DEFAULT
202.0928,-59.9141,-30.8002,0.000,NORMAL,1,S_CURVE,,,,,PREVIEW_DEFAULT
202.1928,-59.9855,-30.7302,0.000,NORMAL,1,S_CURVE,,,,,PREVIEW_DEFAULT
202.2927,-60.0582,-30.6616,0.000,NORMAL,1,S_CURVE,,,,,PREVIEW_DEFAULT
202.3928,-60.1323,-30.5944,0.000,NORMAL,1,S_CURVE,,,,,PREVIEW_DEFAULT
202.4928,-60.2077,-30.5287,0.000,NORMAL,1,S_CURVE,,,,,PREVIEW_DEFAULT
202.5927,-60.2842,-30.4644,0.000,NORMAL,1,S_CURVE,,,,,PREVIEW_DEFAULT
202.6927,-60.3619,-30.4014,0.000,NORMAL,1,S_CURVE,,,,,PREVIEW_DEFAULT
202.7927,-60.4406,-30.3397,0.000,NORMAL,1,S_CURVE,,,,,PREVIEW_DEFAULT
202.8927,-60.5202,-30.2792,0.000,NORMAL,1,S_CURVE,,,,,PREVIEW_DEFAULT
202.9927,-60.6006,-30.2197,0.000,NORMAL,1,S_CURVE,,,,,PREVIEW_DEFAULT
203.0928,-60.6818,-30.1613,0.000,NORMAL,1,S_CURVE,,,,,PREVIEW_DEFAULT
203.1927,-60.7636,-30.1038,0.000,NORMAL,1,S_CURVE,,,,,PREVIEW_DEFAULT
203.2927,-60.8460,-30.0472,0.000,NORMAL,1,S_CURVE,,,,,PREVIEW_DEFAULT
203.3927,-60.9290,-29.9914,0.000,NORMAL,1,S_CURVE,,,,,PREVIEW_DEFAULT
203.4927,-61.0124,-29.9363,0.000,NORMAL,1,S_CURVE,,,,,PREVIEW_DEFAULT
203.5927,-61.0964,-29.8820,0.000,NORMAL,1,S_CURVE,,,,,PREVIEW_DEFAULT
203.6927,-61.1808,-29.8284,0.000,NORMAL,1,S_CURVE,,,,,PREVIEW_DEFAULT
203.7927,-61.2657,-29.7755,0.000,NORMAL,1,S_CURVE,,,,,PREVIEW_DEFAULT
203.8927,-61.3510,-29.7233,0.000,NORMAL,1,S_CURVE,,,,,PREVIEW_DEFAULT
203.9927,-61.4367,-29.6718,0.000,NORMAL,1,S_CURVE,,,,,PREVIEW_DEFAULT
204.0927,-61.5228,-29.6209,0.000,NORMAL,1,S_CURVE,,,,,PREVIEW_DEFAULT
204.1927,-61.6093,-29.5708,0.000,NORMAL,1,S_CURVE,,,,,PREVIEW_DEFAULT
204.2926,-61.6962,-29.5214,0.000,NORMAL,1,S_CURVE,,,,,PREVIEW_DEFAULT
204.3927,-61.7836,-29.4727,0.000,NORMAL,1,S_CURVE,,,,,PREVIEW_DEFAULT
204.4927,-61.8714,-29.4249,0.000,NORMAL,1,S_CURVE,,,,,PREVIEW_DEFAULT
204.5927,-61.9597,-29.3779,0.000,NORMAL,1,S_CURVE,,,,,PREVIEW_DEFAULT
204.6927,-62.0484,-29.3318,0.000,NORMAL,1,S_CURVE,,,,,PREVIEW_DEFAULT
204.7927,-62.1377,-29.2867,0.000,NORMAL,1,S_CURVE,,,,,PREVIEW_DEFAULT
204.8926,-62.2274,-29.2427,0.000,NORMAL,1,S_CURVE,,,,,PREVIEW_DEFAULT
204.9927,-62.3178,-29.1998,0.000,NORMAL,1,S_CURVE,,,,,PREVIEW_DEFAULT
205.0927,-62.4087,-29.1581,0.000,NORMAL,1,S_CURVE,,,,,PREVIEW_DEFAULT
205.1926,-62.5001,-29.1177,0.000,NORMAL,1,S_CURVE,,,,,PREVIEW_DEFAULT
205.2927,-62.5922,-29.0786,0.000,NORMAL,1,S_CURVE,,,,,PREVIEW_DEFAULT
205.3926,-62.6848,-29.0410,0.000,NORMAL,1,S_CURVE,,,,,PREVIEW_DEFAULT
205.4926,-62.7780,-29.0048,0.000,NORMAL,1,S_CURVE,,,,,PREVIEW_DEFAULT
205.5927,-62.8718,-28.9699,0.000,NORMAL,1,S_CURVE,,,,,PREVIEW_DEFAULT
205.6927,-62.9660,-28.9364,0.000,NORMAL,1,S_CURVE,,,,,PREVIEW_DEFAULT
205.7926,-63.0606,-28.9041,0.000,NORMAL,1,S_CURVE,,,,,PREVIEW_DEFAULT
205.8926,-63.1556,-28.8729,0.000,NORMAL,1,S_CURVE,,,,,PREVIEW_DEFAULT
205.9926,-63.2509,-28.8427,0.000,NORMAL,1,S_CURVE,,,,,PREVIEW_DEFAULT
206.0926,-63.3466,-28.8135,0.000,NORMAL,1,S_CURVE,,,,,PREVIEW_DEFAULT
206.1927,-63.4425,-28.7851,0.000,NORMAL,1,S_CURVE,,,,,PREVIEW_DEFAULT
206.2926,-63.5386,-28.7576,0.000,NORMAL,1,S_CURVE,,,,,PREVIEW_DEFAULT
206.3926,-63.6349,-28.7308,0.000,NORMAL,1,S_CURVE,,,,,PREVIEW_DEFAULT
206.4926,-63.7315,-28.7048,0.000,NORMAL,1,S_CURVE,,,,,PREVIEW_DEFAULT
206.5926,-63.8282,-28.6795,0.000,NORMAL,1,S_CURVE,,,,,PREVIEW_DEFAULT
206.6926,-63.9252,-28.6551,0.000,NORMAL,1,S_CURVE,,,,,PREVIEW_DEFAULT
206.7926,-64.0224,-28.6315,0.000,NORMAL,1,S_CURVE,,,,,PREVIEW_DEFAULT
206.8926,-64.1198,-28.6088,0.000,NORMAL,1,S_CURVE,,,,,PREVIEW_DEFAULT
206.9926,-64.2174,-28.5872,0.000,NORMAL,1,S_CURVE,,,,,PREVIEW_DEFAULT
207.0926,-64.3153,-28.5667,0.000,NORMAL,1,S_CURVE,,,,,PREVIEW_DEFAULT
207.1926,-64.4134,-28.5474,0.000,NORMAL,1,S_CURVE,,,,,PREVIEW_DEFAULT
207.2926,-64.5118,-28.5295,0.000,NORMAL,1,S_CURVE,,,,,PREVIEW_DEFAULT
207.3926,-64.6104,-28.5130,0.000,NORMAL,1,S_CURVE,,,,,PREVIEW_DEFAULT
207.4926,-64.7093,-28.4981,0.000,NORMAL,1,S_CURVE,,,,,PREVIEW_DEFAULT
207.5926,-64.8084,-28.4847,0.000,NORMAL,1,S_CURVE,,,,,PREVIEW_DEFAULT
207.6926,-64.9077,-28.4729,0.000,NORMAL,1,S_CURVE,,,,,PREVIEW_DEFAULT
207.7925,-65.0071,-28.4627,0.000,NORMAL,1,S_CURVE,,,,,PREVIEW_DEFAULT
207.8926,-65.1068,-28.4541,0.000,NORMAL,1,S_CURVE,,,,,PREVIEW_DEFAULT
207.9925,-65.2065,-28.4471,0.000,NORMAL,1,S_CURVE,,,,,PREVIEW_DEFAULT
208.0926,-65.3064,-28.4418,0.000,NORMAL,1,S_CURVE,,,,,PREVIEW_DEFAULT
208.1925,-65.4063,-28.4381,0.000,NORMAL,1,S_CURVE,,,,,PREVIEW_DEFAULT
208.2926,-65.5063,-28.4359,0.000,NORMAL,1,S_CURVE,,,,,PREVIEW_DEFAULT
208.3926,-65.6063,-28.4351,0.000,NORMAL,1,S_CURVE,,,,,PREVIEW_DEFAULT
208.4926,-65.7063,-28.4356,0.000,NORMAL,1,S_CURVE,,,,,PREVIEW_DEFAULT
208.5925,-65.8062,-28.4373,0.000,NORMAL,1,S_CURVE,,,,,PREVIEW_DEFAULT
208.6925,-65.9062,-28.4401,0.000,NORMAL,1,S_CURVE,,,,,PREVIEW_DEFAULT
208.7925,-66.0061,-28.4439,0.000,NORMAL,1,S_CURVE,,,,,PREVIEW_DEFAULT
208.8925,-66.1060,-28.4485,0.000,NORMAL,1,S_CURVE,,,,,PREVIEW_DEFAULT
208.9926,-66.2059,-28.4540,0.000,NORMAL,1,S_CURVE,,,,,PREVIEW_DEFAULT
209.0925,-66.3057,-28.4602,0.000,NORMAL,1,S_CURVE,,,,,PREVIEW_DEFAULT
209.1925,-66.4054,-28.4670,0.000,NORMAL,1,S_CURVE,,,,,PREVIEW_DEFAULT
209.2925,-66.5051,-28.4745,0.000,NORMAL,1,S_CURVE,,,,,PREVIEW_DEFAULT
209.3925,-66.6048,-28.4825,0.000,NORMAL,1,S_CURVE,,,,,PREVIEW_DEFAULT
209.4924,-66.7044,-28.4911,0.000,NORMAL,1,S_CURVE,,,,,PREVIEW_DEFAULT
209.5925,-66.8040,-28.5003,0.000,NORMAL,1,S_CURVE,,,,,PREVIEW_DEFAULT
209.6925,-66.9035,-28.5101,0.000,NORMAL,1,S_CURVE,,,,,PREVIEW_DEFAULT
209.7925,-67.0030,-28.5204,0.000,NORMAL,1,S_CURVE,,,,,PREVIEW_DEFAULT
209.8925,-67.1024,-28.5313,0.000,NORMAL,1,S_CURVE,,,,,PREVIEW_DEFAULT
209.9924,-67.2017,-28.5428,0.000,NORMAL,1,S_CURVE,,,,,PREVIEW_DEFAULT
210.0925,-67.3010,-28.5548,0.000,NORMAL,1,S_CURVE,,,,,PREVIEW_DEFAULT
210.1925,-67.4002,-28.5675,0.000,NORMAL,1,S_CURVE,,,,,PREVIEW_DEFAULT
210.2925,-67.4993,-28.5807,0.000,NORMAL,1,S_CURVE,,,,,PREVIEW_DEFAULT
210.3924,-67.5983,-28.5945,0.000,NORMAL,1,S_CURVE,,,,,PREVIEW_DEFAULT
210.4925,-67.6973,-28.6089,0.000,NORMAL,1,S_CURVE,,,,,PREVIEW_DEFAULT
210.5925,-67.7962,-28.6237,0.000,NORMAL,1,S_CURVE,,,,,PREVIEW_DEFAULT
210.6924,-67.8950,-28.6390,0.000,NORMAL,1,S_CURVE,,,,,PREVIEW_DEFAULT
210.7925,-67.9938,-28.6546,0.000,NORMAL,1,S_CURVE,,,,,PREVIEW_DEFAULT
210.8924,-68.0925,-28.6705,0.000,NORMAL,1,S_CURVE,,,,,PREVIEW_DEFAULT
210.9924,-68.1912,-28.6867,0.000,NORMAL,1,S_CURVE,,,,,PREVIEW_DEFAULT
211.0924,-68.2898,-28.7030,0.000,NORMAL,1,S_CURVE,,,,,PREVIEW_DEFAULT
211.1925,-68.3885,-28.7195,0.000,NORMAL,1,S_CURVE,,,,,PREVIEW_DEFAULT
211.2924,-68.4871,-28.7361,0.000,NORMAL,1,S_CURVE,,,,,PREVIEW_DEFAULT
211.3924,-68.5857,-28.7526,0.000,NORMAL,1,S_CURVE,,,,,PREVIEW_DEFAULT
211.4924,-68.6843,-28.7691,0.000,NORMAL,1,S_CURVE,,,,,PREVIEW_DEFAULT
211.5924,-68.7830,-28.7855,0.000,NORMAL,1,S_CURVE,,,,,PREVIEW_DEFAULT
211.6925,-68.8817,-28.8017,0.000,NORMAL,1,S_CURVE,,,,,PREVIEW_DEFAULT
211.7924,-68.9804,-28.8176,0.000,NORMAL,1,S_CURVE,,,,,PREVIEW_DEFAULT
211.8925,-69.0792,-28.8332,0.000,NORMAL,1,S_CURVE,,,,,PREVIEW_DEFAULT
211.9924,-69.1780,-28.8484,0.000,NORMAL,1,S_CURVE,,,,,PREVIEW_DEFAULT
212.0924,-69.2769,-28.8630,0.000,NORMAL,1,S_CURVE,,,,,PREVIEW_DEFAULT
212.1924,-69.3759,-28.8770,0.000,NORMAL,1,S_CURVE,,,,,PREVIEW_DEFAULT
212.2924,-69.4750,-28.8903,0.000,NORMAL,1,S_CURVE,,,,,PREVIEW_DEFAULT
212.3923,-69.5742,-28.9028,0.000,NORMAL,1,S_CURVE,,,,,PREVIEW_DEFAULT
212.4924,-69.6736,-28.9145,0.000,NORMAL,1,S_CURVE,,,,,PREVIEW_DEFAULT
212.5924,-69.7730,-28.9251,0.000,NORMAL,1,S_CURVE,,,,,PREVIEW_DEFAULT
212.6924,-69.8725,-28.9349,0.000,NORMAL,1,S_CURVE,,,,,PREVIEW_DEFAULT
212.7924,-69.9721,-28.9436,0.000,NORMAL,1,S_CURVE,,,,,PREVIEW_DEFAULT
212.8924,-70.0718,-28.9514,0.000,NORMAL,1,S_CURVE,,,,,PREVIEW_DEFAULT
212.9924,-70.1716,-28.9583,0.000,NORMAL,1,S_CURVE,,,,,PREVIEW_DEFAULT
213.0924,-70.2714,-28.9642,0.000,NORMAL,1,S_CURVE,,,,,PREVIEW_DEFAULT
213.1924,-70.3713,-28.9692,0.000,NORMAL,1,S_CURVE,,,,,PREVIEW_DEFAULT
213.2924,-70.4712,-28.9732,0.000,NORMAL,1,S_CURVE,,,,,PREVIEW_DEFAULT
213.3923,-70.5711,-28.9765,0.000,NORMAL,1,S_CURVE,,,,,PREVIEW_DEFAULT
213.4924,-70.6711,-28.9789,0.000,NORMAL,1,S_CURVE,,,,,PREVIEW_DEFAULT
213.5924,-70.7711,-28.9806,0.000,NORMAL,1,S_CURVE,,,,,PREVIEW_DEFAULT
213.6924,-70.8711,-28.9815,0.000,NORMAL,1,S_CURVE,,,,,PREVIEW_DEFAULT
213.7924,-70.9711,-28.9818,0.000,NORMAL,1,S_CURVE,,,,,PREVIEW_DEFAULT
213.8924,-71.0711,-28.9815,0.000,NORMAL,1,S_CURVE,,,,,PREVIEW_DEFAULT
213.9924,-71.1711,-28.9805,0.000,NORMAL,1,S_CURVE,,,,,PREVIEW_DEFAULT
214.0923,-71.2710,-28.9788,0.000,NORMAL,1,S_CURVE,,,,,PREVIEW_DEFAULT
214.1923,-71.3710,-28.9765,0.000,NORMAL,1,S_CURVE,,,,,PREVIEW_DEFAULT
214.2924,-71.4710,-28.9736,0.000,NORMAL,1,S_CURVE,,,,,PREVIEW_DEFAULT
214.3923,-71.5709,-28.9700,0.000,NORMAL,1,S_CURVE,,,,,PREVIEW_DEFAULT
214.4923,-71.6708,-28.9656,0.000,NORMAL,1,S_CURVE,,,,,PREVIEW_DEFAULT
214.5924,-71.7707,-28.9604,0.000,NORMAL,1,S_CURVE,,,,,PREVIEW_DEFAULT
214.6923,-71.8705,-28.9544,0.000,NORMAL,1,S_CURVE,,,,,PREVIEW_DEFAULT
214.7923,-71.9702,-28.9474,0.000,NORMAL,1,S_CURVE,,,,,PREVIEW_DEFAULT
214.8923,-72.0699,-28.9394,0.000,NORMAL,1,S_CURVE,,,,,PREVIEW_DEFAULT
214.9923,-72.1695,-28.9302,0.000,NORMAL,1,S_CURVE,,,,,PREVIEW_DEFAULT
215.0923,-72.2689,-28.9198,0.000,NORMAL,1,S_CURVE,,,,,PREVIEW_DEFAULT
215.1923,-72.3682,-28.9082,0.000,NORMAL,1,S_CURVE,,,,,PREVIEW_DEFAULT
215.2923,-72.4674,-28.8951,0.000,NORMAL,1,S_CURVE,,,,,PREVIEW_DEFAULT
215.3923,-72.5663,-28.8807,0.000,NORMAL,1,S_CURVE,,,,,PREVIEW_DEFAULT
215.4923,-72.6651,-28.8648,0.000,NORMAL,1,S_CURVE,,,,,PREVIEW_DEFAULT
215.5923,-72.7636,-28.8476,0.000,NORMAL,1,S_CURVE,,,,,PREVIEW_DEFAULT
215.6923,-72.8618,-28.8289,0.000,NORMAL,1,S_CURVE,,,,,PREVIEW_DEFAULT
215.7923,-72.9598,-28.8089,0.000,NORMAL,1,S_CURVE,,,,,PREVIEW_DEFAULT
215.8923,-73.0575,-28.7875,0.000,NORMAL,1,S_CURVE,,,,,PREVIEW_DEFAULT
215.9922,-73.1548,-28.7648,0.000,NORMAL,1,S_CURVE,,,,,PREVIEW_DEFAULT
216.0922,-73.2519,-28.7409,0.000,NORMAL,1,S_CURVE,,,,,PREVIEW_DEFAULT
216.1923,-73.3487,-28.7157,0.000,NORMAL,1,S_CURVE,,,,,PREVIEW_DEFAULT
216.2923,-73.4452,-28.6894,0.000,NORMAL,1,S_CURVE,,,,,PREVIEW_DEFAULT
216.3922,-73.5413,-28.6620,0.000,NORMAL,1,S_CURVE,,,,,PREVIEW_DEFAULT
216.4923,-73.6372,-28.6335,0.000,NORMAL,1,S_CURVE,,,,,PREVIEW_DEFAULT
216.5922,-73.7327,-28.6039,0.000,NORMAL,1,S_CURVE,,,,,PREVIEW_DEFAULT
216.6923,-73.8279,-28.5732,0.000,NORMAL,1,S_CURVE,,,,,PREVIEW_DEFAULT
216.7922,-73.9227,-28.5415,0.000,NORMAL,1,S_CURVE,,,,,PREVIEW_DEFAULT
216.8923,-74.0172,-28.5086,0.000,NORMAL,1,S_CURVE,,,,,PREVIEW_DEFAULT
216.9922,-74.1112,-28.4746,0.000,NORMAL,1,S_CURVE,,,,,PREVIEW_DEFAULT
217.0922,-74.2048,-28.4395,0.000,NORMAL,1,S_CURVE,,,,,PREVIEW_DEFAULT
217.1922,-74.2980,-28.4032,0.000,NORMAL,1,S_CURVE,,,,,PREVIEW_DEFAULT
217.2922,-74.3907,-28.3657,0.000,NORMAL,1,S_CURVE,,,,,PREVIEW_DEFAULT
217.3922,-74.4828,-28.3268,0.000,NORMAL,1,S_CURVE,,,,,PREVIEW_DEFAULT
217.4922,-74.5743,-28.2865,0.000,NORMAL,1,S_CURVE,,,,,PREVIEW_DEFAULT
217.5922,-74.6652,-28.2447,0.000,NORMAL,1,S_CURVE,,,,,PREVIEW_DEFAULT
217.6922,-74.7553,-28.2013,0.000,NORMAL,1,S_CURVE,,,,,PREVIEW_DEFAULT
217.7922,-74.8446,-28.1564,0.000,NORMAL,1,S_CURVE,,,,,PREVIEW_DEFAULT
217.8922,-74.9331,-28.1098,0.000,NORMAL,1,S_CURVE,,,,,PREVIEW_DEFAULT
217.9922,-75.0206,-28.0615,0.000,NORMAL,1,S_CURVE,,,,,PREVIEW_DEFAULT
218.0922,-75.1073,-28.0116,0.000,NORMAL,1,S_CURVE,,,,,PREVIEW_DEFAULT
218.1922,-75.1930,-27.9601,0.000,NORMAL,1,S_CURVE,,,,,PREVIEW_DEFAULT
218.2922,-75.2777,-27.9069,0.000,NORMAL,1,S_CURVE,,,,,PREVIEW_DEFAULT
218.3922,-75.3614,-27.8522,0.000,NORMAL,1,S_CURVE,,,,,PREVIEW_DEFAULT
218.4922,-75.4440,-27.7959,0.000,NORMAL,1,S_CURVE,,,,,PREVIEW_DEFAULT
218.5921,-75.5255,-27.7380,0.000,NORMAL,1,S_CURVE,,,,,PREVIEW_DEFAULT
218.6922,-75.6059,-27.6785,0.000,NORMAL,1,S_CURVE,,,,,PREVIEW_DEFAULT
218.7922,-75.6852,-27.6175,0.000,NORMAL,1,S_CURVE,,,,,PREVIEW_DEFAULT
218.8922,-75.7633,-27.5551,0.000,NORMAL,1,S_CURVE,,,,,PREVIEW_DEFAULT
218.9922,-75.8404,-27.4914,0.000,NORMAL,1,S_CURVE,,,,,PREVIEW_DEFAULT
219.0921,-75.9164,-27.4265,0.000,NORMAL,1,S_CURVE,,,,,PREVIEW_DEFAULT
219.1921,-75.9914,-27.3604,0.000,NORMAL,1,S_CURVE,,,,,PREVIEW_DEFAULT
219.2921,-76.0655,-27.2932,0.000,NORMAL,1,S_CURVE,,,,,PREVIEW_DEFAULT
219.3922,-76.1387,-27.2250,0.000,NORMAL,1,S_CURVE,,,,,PREVIEW_DEFAULT
219.4921,-76.2110,-27.1560,0.000,NORMAL,1,S_CURVE,,,,,PREVIEW_DEFAULT
219.5921,-76.2825,-27.0861,0.000,NORMAL,1,S_CURVE,,,,,PREVIEW_DEFAULT
219.6922,-76.3532,-27.0153,0.000,NORMAL,1,S_CURVE,,,,,PREVIEW_DEFAULT
219.7921,-76.4231,-26.9438,0.000,NORMAL,1,S_CURVE,,,,,PREVIEW_DEFAULT
219.8922,-76.4922,-26.8715,0.000,NORMAL,1,S_CURVE,,,,,PREVIEW_DEFAULT
219.9921,-76.5605,-26.7985,0.000,NORMAL,1,S_CURVE,,,,,PREVIEW_DEFAULT
220.0921,-76.6281,-26.7249,0.000,NORMAL,1,S_CURVE,,,,,PREVIEW_DEFAULT
220.1921,-76.6950,-26.6505,0.000,NORMAL,1,S_CURVE,,,,,PREVIEW_DEFAULT
220.2921,-76.7612,-26.5756,0.000,NORMAL,1,S_CURVE,,,,,PREVIEW_DEFAULT
220.3921,-76.8267,-26.5000,0.000,NORMAL,1,S_CURVE,,,,,PREVIEW_DEFAULT
220.4921,-76.8914,-26.4238,0.000,NORMAL,1,S_CURVE,,,,,PREVIEW_DEFAULT
220.5921,-76.9555,-26.3470,0.000,NORMAL,1,S_CURVE,,,,,PREVIEW_DEFAULT
220.6921,-77.0188,-26.2696,0.000,NORMAL,1,S_CURVE,,,,,PREVIEW_DEFAULT
220.7920,-77.0813,-26.1916,0.000,NORMAL,1,S_CURVE,,,,,PREVIEW_DEFAULT
220.8921,-77.1431,-26.1129,0.000,NORMAL,1,S_CURVE,,,,,PREVIEW_DEFAULT
220.9921,-77.2041,-26.0337,0.000,NORMAL,1,S_CURVE,,,,,PREVIEW_DEFAULT
221.0920,-77.2643,-25.9539,0.000,NORMAL,1,S_CURVE,,,,,PREVIEW_DEFAULT
221.1921,-77.3238,-25.8735,0.000,NORMAL,1,S_CURVE,,,,,PREVIEW_DEFAULT
221.2920,-77.3825,-25.7926,0.000,NORMAL,1,S_CURVE,,,,,PREVIEW_DEFAULT
221.3921,-77.4406,-25.7111,0.000,NORMAL,1,S_CURVE,,,,,PREVIEW_DEFAULT
221.4921,-77.4978,-25.6291,0.000,NORMAL,1,S_CURVE,,,,,PREVIEW_DEFAULT
221.5921,-77.5543,-25.5466,0.000,NORMAL,1,S_CURVE,,,,,PREVIEW_DEFAULT
221.6920,-77.6100,-25.4636,0.000,NORMAL,1,S_CURVE,,,,,PREVIEW_DEFAULT
221.7920,-77.6649,-25.3800,0.000,NORMAL,1,S_CURVE,,,,,PREVIEW_DEFAULT
221.8920,-77.7188,-25.2958,0.000,NORMAL,1,S_CURVE,,,,,PREVIEW_DEFAULT
221.9920,-77.7717,-25.2109,0.000,NORMAL,1,S_CURVE,,,,,PREVIEW_DEFAULT
222.0920,-77.8235,-25.1254,0.000,NORMAL,1,S_CURVE,,,,,PREVIEW_DEFAULT
222.1920,-77.8742,-25.0392,0.000,NORMAL,1,S_CURVE,,,,,PREVIEW_DEFAULT
222.2920,-77.9235,-24.9522,0.000,NORMAL,1,S_CURVE,,,,,PREVIEW_DEFAULT
222.3920,-77.9714,-24.8644,0.000,NORMAL,1,S_CURVE,,,,,PREVIEW_DEFAULT
222.4920,-78.0178,-24.7758,0.000,NORMAL,1,S_CURVE,,,,,PREVIEW_DEFAULT
222.5920,-78.0625,-24.6864,0.000,NORMAL,1,S_CURVE,,,,,PREVIEW_DEFAULT
222.6920,-78.1055,-24.5961,0.000,NORMAL,1,S_CURVE,,,,,PREVIEW_DEFAULT
222.7920,-78.1467,-24.5050,0.000,NORMAL,1,S_CURVE,,,,,PREVIEW_DEFAULT
222.8920,-78.1862,-24.4131,0.000,NORMAL,1,S_CURVE,,,,,PREVIEW_DEFAULT
222.9920,-78.2240,-24.3206,0.000,NORMAL,1,S_CURVE,,,,,PREVIEW_DEFAULT
223.0920,-78.2603,-24.2274,0.000,NORMAL,1,S_CURVE,,,,,PREVIEW_DEFAULT
223.1920,-78.2951,-24.1336,0.000,NORMAL,1,S_CURVE,,,,,PREVIEW_DEFAULT
223.2919,-78.3287,-24.0395,0.000,NORMAL,1,S_CURVE,,,,,PREVIEW_DEFAULT
223.3920,-78.3612,-23.9449,0.000,NORMAL,1,S_CURVE,,,,,PREVIEW_DEFAULT
223.4919,-78.3926,-23.8500,0.000,NORMAL,1,S_CURVE,,,,,PREVIEW_DEFAULT
223.5920,-78.4233,-23.7548,0.000,NORMAL,1,S_CURVE,,,,,PREVIEW_DEFAULT
223.6920,-78.4532,-23.6593,0.000,NORMAL,1,S_CURVE,,,,,PREVIEW_DEFAULT
223.7920,-78.4824,-23.5637,0.000,NORMAL,1,S_CURVE,,,,,PREVIEW_DEFAULT
223.8920,-78.5110,-23.4679,0.000,NORMAL,1,S_CURVE,,,,,PREVIEW_DEFAULT
223.9920,-78.5390,-23.3719,0.000,NORMAL,1,S_CURVE,,,,,PREVIEW_DEFAULT
224.0920,-78.5664,-23.2757,0.000,NORMAL,1,S_CURVE,,,,,PREVIEW_DEFAULT
224.1920,-78.5932,-23.1794,0.000,NORMAL,1,S_CURVE,,,,,PREVIEW_DEFAULT
224.2919,-78.6193,-23.0829,0.000,NORMAL,1,S_CURVE,,,,,PREVIEW_DEFAULT
224.3919,-78.6447,-22.9862,0.000,NORMAL,1,S_CURVE,,,,,PREVIEW_DEFAULT
224.4920,-78.6693,-22.8892,0.000,NORMAL,1,S_CURVE,,,,,PREVIEW_DEFAULT
224.5919,-78.6931,-22.7921,0.000,NORMAL,1,S_CURVE,,,,,PREVIEW_DEFAULT
224.6920,-78.7159,-22.6947,0.000,NORMAL,1,S_CURVE,,,,,PREVIEW_DEFAULT
224.7920,-78.7377,-22.5971,0.000,NORMAL,1,S_CURVE,,,,,PREVIEW_DEFAULT
224.8919,-78.7584,-22.4993,0.000,NORMAL,1,S_CURVE,,,,,PREVIEW_DEFAULT
224.9920,-78.7779,-22.4012,0.000,NORMAL,1,S_CURVE,,,,,PREVIEW_DEFAULT
225.0920,-78.7962,-22.3029,0.000,NORMAL,1,S_CURVE,,,,,PREVIEW_DEFAULT
225.1919,-78.8131,-22.2044,0.000,NORMAL,1,S_CURVE,,,,,PREVIEW_DEFAULT
225.2919,-78.8286,-22.1056,0.000,NORMAL,1,S_CURVE,,,,,PREVIEW_DEFAULT
225.3919,-78.8426,-22.0066,0.000,NORMAL,1,S_CURVE,,,,,PREVIEW_DEFAULT
225.4919,-78.8549,-21.9073,0.000,NORMAL,1,S_CURVE,,,,,PREVIEW_DEFAULT
225.5919,-78.8657,-21.8079,0.000,NORMAL,1,S_CURVE,,,,,PREVIEW_DEFAULT
225.6919,-78.8747,-21.7083,0.000,NORMAL,1,S_CURVE,,,,,PREVIEW_DEFAULT
225.7919,-78.8821,-21.6086,0.000,NORMAL,1,S_CURVE,,,,,PREVIEW_DEFAULT
225.8919,-78.8878,-21.5088,0.000,NORMAL,1,S_CURVE,,,,,PREVIEW_DEFAULT
225.9919,-78.8917,-21.4089,0.000,NORMAL,1,S_CURVE,,,,,PREVIEW_DEFAULT
226.0919,-78.8939,-21.3089,0.000,NORMAL,1,S_CURVE,,,,,PREVIEW_DEFAULT
226.1919,-78.8943,-21.2089,0.000,NORMAL,1,S_CURVE,,,,,PREVIEW_DEFAULT
226.2919,-78.8929,-21.1089,0.000,NORMAL,1,S_CURVE,,,,,PREVIEW_DEFAULT
226.3918,-78.8898,-21.0090,0.000,NORMAL,1,S_CURVE,,,,,PREVIEW_DEFAULT
226.4919,-78.8848,-20.9091,0.000,NORMAL,1,S_CURVE,,,,,PREVIEW_DEFAULT
226.5919,-78.8782,-20.8093,0.000,NORMAL,1,S_CURVE,,,,,PREVIEW_DEFAULT
226.6918,-78.8698,-20.7097,0.000,NORMAL,1,S_CURVE,,,,,PREVIEW_DEFAULT
226.7918,-78.8598,-20.6102,0.000,NORMAL,1,S_CURVE,,,,,PREVIEW_DEFAULT
226.8918,-78.8483,-20.5109,0.000,NORMAL,1,S_CURVE,,,,,PREVIEW_DEFAULT
226.9919,-78.8352,-20.4117,0.000,NORMAL,1,S_CURVE,,,,,PREVIEW_DEFAULT
227.0918,-78.8206,-20.3128,0.000,NORMAL,1,S_CURVE,,,,,PREVIEW_DEFAULT
227.1918,-78.8046,-20.2141,0.000,NORMAL,1,S_CURVE,,,,,PREVIEW_DEFAULT
227.2918,-78.7875,-20.1156,0.000,NORMAL,1,S_CURVE,,,,,PREVIEW_DEFAULT
227.3918,-78.7692,-20.0173,0.000,NORMAL,1,S_CURVE,,,,,PREVIEW_DEFAULT
227.4919,-78.7499,-19.9191,0.000,NORMAL,1,S_CURVE,,,,,PREVIEW_DEFAULT
227.5918,-78.7298,-19.8212,0.000,NORMAL,1,S_CURVE,,,,,PREVIEW_DEFAULT
227.6918,-78.7089,-19.7234,0.000,NORMAL,1,S_CURVE,,,,,PREVIEW_DEFAULT
227.7918,-78.6873,-19.6258,0.000,NORMAL,1,S_CURVE,,,,,PREVIEW_DEFAULT
227.8918,-78.6649,-19.5283,0.000,NORMAL,1,S_CURVE,,,,,PREVIEW_DEFAULT
227.9918,-78.6418,-19.4310,0.000,NORMAL,1,S_CURVE,,,,,PREVIEW_DEFAULT
228.0918,-78.6179,-19.3339,0.000,NORMAL,1,S_CURVE,,,,,PREVIEW_DEFAULT
228.1918,-78.5930,-19.2371,0.000,NORMAL,1,S_CURVE,,,,,PREVIEW_DEFAULT
228.2918,-78.5671,-19.1405,0.000,NORMAL,1,S_CURVE,,,,,PREVIEW_DEFAULT
228.3918,-78.5398,-19.0443,0.000,NORMAL,1,S_CURVE,,,,,PREVIEW_DEFAULT
228.4918,-78.5111,-18.9485,0.000,NORMAL,1,S_CURVE,,,,,PREVIEW_DEFAULT
228.5918,-78.4807,-18.8532,0.000,NORMAL,1,S_CURVE,,,,,PREVIEW_DEFAULT
228.6917,-78.4485,-18.7586,0.000,NORMAL,1,S_CURVE,,,,,PREVIEW_DEFAULT
228.7918,-78.4142,-18.6646,0.000,NORMAL,1,S_CURVE,,,,,PREVIEW_DEFAULT
228.8900,-78.3785,-18.5731,0.000,NORMAL,1,S_CURVE,S_CURVE_END,EXIT_ZONE,,,PREVIEW_DEFAULT
228.8918,-78.3778,-18.5715,0.000,NORMAL,1,S_CURVE,,,,,PREVIEW_DEFAULT
228.9918,-78.3393,-18.4792,0.000,NORMAL,1,S_CURVE,,,,,PREVIEW_DEFAULT
229.0918,-78.2987,-18.3878,0.000,NORMAL,1,S_CURVE,,,,,PREVIEW_DEFAULT
229.1917,-78.2563,-18.2973,0.000,NORMAL,1,ROUTE,,,,,PREVIEW_DEFAULT
229.2918,-78.2120,-18.2076,0.000,NORMAL,1,ROUTE,,,,,PREVIEW_DEFAULT
229.3917,-78.1661,-18.1188,0.000,NORMAL,1,ROUTE,,,,,PREVIEW_DEFAULT
229.4917,-78.1186,-18.0308,0.000,NORMAL,1,ROUTE,,,,,PREVIEW_DEFAULT
229.5917,-78.0696,-17.9437,0.000,NORMAL,1,ROUTE,,,,,PREVIEW_DEFAULT
229.6918,-78.0189,-17.8574,0.000,NORMAL,1,ROUTE,,,,,PREVIEW_DEFAULT
229.7917,-77.9668,-17.7721,0.000,NORMAL,1,ROUTE,,,,,PREVIEW_DEFAULT
229.8917,-77.9132,-17.6877,0.000,NORMAL,1,ROUTE,,,,,PREVIEW_DEFAULT
229.9917,-77.8580,-17.6043,0.000,NORMAL,1,ROUTE,,,,,PREVIEW_DEFAULT
230.0917,-77.8013,-17.5219,0.000,NORMAL,1,ROUTE,,,,,PREVIEW_DEFAULT
230.1917,-77.7431,-17.4406,0.000,NORMAL,1,ROUTE,,,,,PREVIEW_DEFAULT
230.2917,-77.6833,-17.3605,0.000,NORMAL,1,ROUTE,,,,,PREVIEW_DEFAULT
230.3917,-77.6218,-17.2816,0.000,NORMAL,1,ROUTE,,,,,PREVIEW_DEFAULT
230.4917,-77.5585,-17.2042,0.000,NORMAL,1,ROUTE,,,,,PREVIEW_DEFAULT
230.5917,-77.4935,-17.1282,0.000,NORMAL,1,ROUTE,,,,,PREVIEW_DEFAULT
230.6917,-77.4266,-17.0539,0.000,NORMAL,1,ROUTE,,,,,PREVIEW_DEFAULT
230.7917,-77.3579,-16.9812,0.000,NORMAL,1,ROUTE,,,,,PREVIEW_DEFAULT
230.8917,-77.2874,-16.9103,0.000,NORMAL,1,ROUTE,,,,,PREVIEW_DEFAULT
230.9917,-77.2151,-16.8412,0.000,NORMAL,1,ROUTE,,,,,PREVIEW_DEFAULT
231.0917,-77.1411,-16.7740,0.000,NORMAL,1,ROUTE,,,,,PREVIEW_DEFAULT
231.1917,-77.0655,-16.7085,0.000,NORMAL,1,ROUTE,,,,,PREVIEW_DEFAULT
231.2916,-76.9884,-16.6449,0.000,NORMAL,1,ROUTE,,,,,PREVIEW_DEFAULT
231.3916,-76.9097,-16.5832,0.000,NORMAL,1,ROUTE,,,,,PREVIEW_DEFAULT
231.4917,-76.8296,-16.5233,0.000,NORMAL,1,ROUTE,,,,,PREVIEW_DEFAULT
231.5916,-76.7482,-16.4653,0.000,NORMAL,1,ROUTE,,,,,PREVIEW_DEFAULT
231.6916,-76.6656,-16.4090,0.000,NORMAL,1,ROUTE,,,,,PREVIEW_DEFAULT
231.7916,-76.5818,-16.3544,0.000,NORMAL,1,ROUTE,,,,,PREVIEW_DEFAULT
231.8916,-76.4969,-16.3015,0.000,NORMAL,1,ROUTE,,,,,PREVIEW_DEFAULT
231.9916,-76.4111,-16.2502,0.000,NORMAL,1,ROUTE,,,,,PREVIEW_DEFAULT
232.0916,-76.3243,-16.2005,0.000,NORMAL,1,ROUTE,,,,,PREVIEW_DEFAULT
232.1916,-76.2367,-16.1523,0.000,NORMAL,1,ROUTE,,,,,PREVIEW_DEFAULT
232.2916,-76.1482,-16.1058,0.000,NORMAL,1,ROUTE,,,,,PREVIEW_DEFAULT
232.3916,-76.0589,-16.0607,0.000,NORMAL,1,ROUTE,,,,,PREVIEW_DEFAULT
232.4916,-75.9688,-16.0173,0.000,NORMAL,1,ROUTE,,,,,PREVIEW_DEFAULT
232.5915,-75.8780,-15.9756,0.000,NORMAL,1,ROUTE,,,,,PREVIEW_DEFAULT
232.6916,-75.7863,-15.9355,0.000,NORMAL,1,ROUTE,,,,,PREVIEW_DEFAULT
232.7916,-75.6939,-15.8973,0.000,NORMAL,1,ROUTE,,,,,PREVIEW_DEFAULT
232.8916,-75.6008,-15.8609,0.000,NORMAL,1,ROUTE,,,,,PREVIEW_DEFAULT
232.9915,-75.5069,-15.8266,0.000,NORMAL,1,ROUTE,,,,,PREVIEW_DEFAULT
233.0916,-75.4122,-15.7944,0.000,NORMAL,1,ROUTE,,,,,PREVIEW_DEFAULT
233.1915,-75.3168,-15.7645,0.000,NORMAL,1,ROUTE,,,,,PREVIEW_DEFAULT
233.2915,-75.2207,-15.7369,0.000,NORMAL,1,ROUTE,,,,,PREVIEW_DEFAULT
233.3916,-75.1239,-15.7116,0.000,NORMAL,1,ROUTE,,,,,PREVIEW_DEFAULT
233.4915,-75.0266,-15.6887,0.000,NORMAL,1,ROUTE,,,,,PREVIEW_DEFAULT
233.5915,-74.9288,-15.6679,0.000,NORMAL,1,ROUTE,,,,,PREVIEW_DEFAULT
233.6916,-74.8305,-15.6493,0.000,NORMAL,1,ROUTE,,,,,PREVIEW_DEFAULT
233.7916,-74.7319,-15.6327,0.000,NORMAL,1,ROUTE,,,,,PREVIEW_DEFAULT
233.8915,-74.6330,-15.6181,0.000,NORMAL,1,ROUTE,,,,,PREVIEW_DEFAULT
233.9915,-74.5338,-15.6054,0.000,NORMAL,1,ROUTE,,,,,PREVIEW_DEFAULT
234.0915,-74.4344,-15.5945,0.000,NORMAL,1,ROUTE,,,,,PREVIEW_DEFAULT
234.1915,-74.3349,-15.5853,0.000,NORMAL,1,ROUTE,,,,,PREVIEW_DEFAULT
234.2916,-74.2351,-15.5776,0.000,NORMAL,1,ROUTE,,,,,PREVIEW_DEFAULT
234.3915,-74.1353,-15.5714,0.000,NORMAL,1,ROUTE,,,,,PREVIEW_DEFAULT
234.4915,-74.0355,-15.5665,0.000,NORMAL,1,ROUTE,,,,,PREVIEW_DEFAULT
234.5915,-73.9355,-15.5627,0.000,NORMAL,1,ROUTE,,,,,PREVIEW_DEFAULT
234.6915,-73.8356,-15.5599,0.000,NORMAL,1,ROUTE,,,,,PREVIEW_DEFAULT
234.7915,-73.7356,-15.5580,0.000,NORMAL,1,ROUTE,,,,,PREVIEW_DEFAULT
234.8915,-73.6356,-15.5568,0.000,NORMAL,1,ROUTE,,,,,PREVIEW_DEFAULT
234.9915,-73.5356,-15.5563,0.000,NORMAL,1,ROUTE,,,,,PREVIEW_DEFAULT
235.0915,-73.4356,-15.5562,0.000,NORMAL,1,ROUTE,,,,,PREVIEW_DEFAULT
235.1915,-73.3356,-15.5564,0.000,NORMAL,1,ROUTE,,,,,PREVIEW_DEFAULT
235.2915,-73.2356,-15.5568,0.000,NORMAL,1,ROUTE,,,,,PREVIEW_DEFAULT
235.3915,-73.1356,-15.5572,0.000,NORMAL,1,ROUTE,,,,,PREVIEW_DEFAULT
235.4915,-73.0356,-15.5576,0.000,NORMAL,1,ROUTE,,,,,PREVIEW_DEFAULT
235.5915,-72.9356,-15.5577,0.000,NORMAL,1,ROUTE,,,,,PREVIEW_DEFAULT
235.6914,-72.8357,-15.5576,0.000,NORMAL,1,ROUTE,,,,,PREVIEW_DEFAULT
235.7914,-72.7357,-15.5572,0.000,NORMAL,1,ROUTE,,,,,PREVIEW_DEFAULT
235.8914,-72.6357,-15.5563,0.000,NORMAL,1,ROUTE,,,,,PREVIEW_DEFAULT
235.9914,-72.5357,-15.5552,0.000,NORMAL,1,ROUTE,,,,,PREVIEW_DEFAULT
236.0914,-72.4357,-15.5538,0.000,NORMAL,1,ROUTE,,,,,PREVIEW_DEFAULT
236.1914,-72.3357,-15.5523,0.000,NORMAL,1,ROUTE,,,,,PREVIEW_DEFAULT
236.2915,-72.2357,-15.5508,0.000,NORMAL,1,ROUTE,,,,,PREVIEW_DEFAULT
236.3915,-72.1357,-15.5495,0.000,NORMAL,1,ROUTE,,,,,PREVIEW_DEFAULT
236.4915,-72.0357,-15.5487,0.000,NORMAL,1,ROUTE,,,,,PREVIEW_DEFAULT
236.5915,-71.9357,-15.5484,0.000,NORMAL,1,ROUTE,,,,,PREVIEW_DEFAULT
236.6915,-71.8357,-15.5490,0.000,NORMAL,1,ROUTE,,,,,PREVIEW_DEFAULT
236.7914,-71.7358,-15.5504,0.000,NORMAL,1,ROUTE,,,,,PREVIEW_DEFAULT
236.8914,-71.6358,-15.5529,0.000,NORMAL,1,ROUTE,,,,,PREVIEW_DEFAULT
236.9914,-71.5359,-15.5565,0.000,NORMAL,1,ROUTE,,,,,PREVIEW_DEFAULT
237.0914,-71.4360,-15.5614,0.000,NORMAL,1,ROUTE,,,,,PREVIEW_DEFAULT
237.1914,-71.3362,-15.5675,0.000,NORMAL,1,ROUTE,,,,,PREVIEW_DEFAULT
237.2915,-71.2364,-15.5749,0.000,NORMAL,1,ROUTE,,,,,PREVIEW_DEFAULT
237.3914,-71.1368,-15.5837,0.000,NORMAL,1,ROUTE,,,,,PREVIEW_DEFAULT
237.4914,-71.0374,-15.5938,0.000,NORMAL,1,ROUTE,,,,,PREVIEW_DEFAULT
237.5914,-70.9380,-15.6052,0.000,NORMAL,1,ROUTE,,,,,PREVIEW_DEFAULT
237.6914,-70.8388,-15.6179,0.000,NORMAL,1,ROUTE,,,,,PREVIEW_DEFAULT
237.7914,-70.7398,-15.6318,0.000,NORMAL,1,ROUTE,,,,,PREVIEW_DEFAULT
237.8914,-70.6409,-15.6468,0.000,NORMAL,1,ROUTE,,,,,PREVIEW_DEFAULT
237.9914,-70.5422,-15.6628,0.000,NORMAL,1,ROUTE,,,,,PREVIEW_DEFAULT
238.0914,-70.4437,-15.6798,0.000,NORMAL,1,ROUTE,,,,,PREVIEW_DEFAULT
238.1914,-70.3453,-15.6977,0.000,NORMAL,1,ROUTE,,,,,PREVIEW_DEFAULT
238.2914,-70.2471,-15.7165,0.000,NORMAL,1,ROUTE,,,,,PREVIEW_DEFAULT
238.3914,-70.1490,-15.7360,0.000,NORMAL,1,ROUTE,,,,,PREVIEW_DEFAULT
238.4913,-70.0511,-15.7562,0.000,NORMAL,1,ROUTE,,,,,PREVIEW_DEFAULT
238.5913,-69.9533,-15.7770,0.000,NORMAL,1,ROUTE,,,,,PREVIEW_DEFAULT
238.6913,-69.8556,-15.7983,0.000,NORMAL,1,ROUTE,,,,,PREVIEW_DEFAULT
238.7913,-69.7580,-15.8202,0.000,NORMAL,1,ROUTE,,,,,PREVIEW_DEFAULT
238.8913,-69.6605,-15.8423,0.000,NORMAL,1,ROUTE,,,,,PREVIEW_DEFAULT
238.9913,-69.5631,-15.8648,0.000,NORMAL,1,ROUTE,,,,,PREVIEW_DEFAULT
239.0913,-69.4657,-15.8876,0.000,NORMAL,1,ROUTE,,,,,PREVIEW_DEFAULT
239.1913,-69.3684,-15.9106,0.000,NORMAL,1,ROUTE,,,,,PREVIEW_DEFAULT
239.2913,-69.2711,-15.9338,0.000,NORMAL,1,ROUTE,,,,,PREVIEW_DEFAULT
239.3913,-69.1739,-15.9571,0.000,NORMAL,1,ROUTE,,,,,PREVIEW_DEFAULT
239.4913,-69.0767,-15.9806,0.000,NORMAL,1,ROUTE,,,,,PREVIEW_DEFAULT
239.5913,-68.9795,-16.0043,0.000,NORMAL,1,ROUTE,,,,,PREVIEW_DEFAULT
239.6913,-68.8824,-16.0281,0.000,NORMAL,1,ROUTE,,,,,PREVIEW_DEFAULT
239.7913,-68.7853,-16.0521,0.000,NORMAL,1,ROUTE,,,,,PREVIEW_DEFAULT
239.8913,-68.6883,-16.0762,0.000,NORMAL,1,ROUTE,,,,,PREVIEW_DEFAULT
239.9913,-68.5913,-16.1006,0.000,NORMAL,1,ROUTE,,,,,PREVIEW_DEFAULT
240.0913,-68.4944,-16.1252,0.000,NORMAL,1,ROUTE,,,,,PREVIEW_DEFAULT
240.1913,-68.3975,-16.1500,0.000,NORMAL,1,ROUTE,,,,,PREVIEW_DEFAULT
240.2913,-68.3007,-16.1750,0.000,NORMAL,1,ROUTE,,,,,PREVIEW_DEFAULT
240.3913,-68.2039,-16.2002,0.000,NORMAL,1,ROUTE,,,,,PREVIEW_DEFAULT
240.4913,-68.1072,-16.2256,0.000,NORMAL,1,ROUTE,,,,,PREVIEW_DEFAULT
240.5913,-68.0105,-16.2511,0.000,NORMAL,1,ROUTE,,,,,PREVIEW_DEFAULT
240.6913,-67.9138,-16.2767,0.000,NORMAL,1,ROUTE,,,,,PREVIEW_DEFAULT
240.7912,-67.8172,-16.3023,0.000,NORMAL,1,ROUTE,,,,,PREVIEW_DEFAULT
240.8913,-67.7205,-16.3280,0.000,NORMAL,1,ROUTE,,,,,PREVIEW_DEFAULT
240.9912,-67.6239,-16.3536,0.000,NORMAL,1,ROUTE,,,,,PREVIEW_DEFAULT
241.0912,-67.5272,-16.3791,0.000,NORMAL,1,ROUTE,,,,,PREVIEW_DEFAULT
241.1913,-67.4304,-16.4044,0.000,NORMAL,1,ROUTE,,,,,PREVIEW_DEFAULT
241.2913,-67.3336,-16.4296,0.000,NORMAL,1,ROUTE,,,,,PREVIEW_DEFAULT
241.3913,-67.2368,-16.4544,0.000,NORMAL,1,ROUTE,,,,,PREVIEW_DEFAULT
241.4913,-67.1398,-16.4789,0.000,NORMAL,1,ROUTE,,,,,PREVIEW_DEFAULT
241.5912,-67.0428,-16.5030,0.000,NORMAL,1,ROUTE,,,,,PREVIEW_DEFAULT
241.6913,-66.9456,-16.5266,0.000,NORMAL,1,ROUTE,,,,,PREVIEW_DEFAULT
241.7912,-66.8484,-16.5499,0.000,NORMAL,1,ROUTE,,,,,PREVIEW_DEFAULT
241.8913,-66.7510,-16.5728,0.000,NORMAL,1,ROUTE,,,,,PREVIEW_DEFAULT
241.9913,-66.6536,-16.5954,0.000,NORMAL,1,ROUTE,,,,,PREVIEW_DEFAULT
242.0912,-66.5562,-16.6178,0.000,NORMAL,1,ROUTE,,,,,PREVIEW_DEFAULT
242.1912,-66.4587,-16.6401,0.000,NORMAL,1,ROUTE,,,,,PREVIEW_DEFAULT
242.2913,-66.3612,-16.6625,0.000,NORMAL,1,ROUTE,,,,,PREVIEW_DEFAULT
242.3912,-66.2638,-16.6850,0.000,NORMAL,1,ROUTE,,,,,PREVIEW_DEFAULT
242.4912,-66.1665,-16.7079,0.000,NORMAL,1,ROUTE,,,,,PREVIEW_DEFAULT
242.5912,-66.0692,-16.7311,0.000,NORMAL,1,ROUTE,,,,,PREVIEW_DEFAULT
242.6912,-65.9720,-16.7547,0.000,NORMAL,1,ROUTE,,,,,PREVIEW_DEFAULT
242.7912,-65.8750,-16.7787,0.000,NORMAL,1,ROUTE,,,,,PREVIEW_DEFAULT
242.8912,-65.7780,-16.8031,0.000,NORMAL,1,ROUTE,,,,,PREVIEW_DEFAULT
242.9912,-65.6811,-16.8279,0.000,NORMAL,1,ROUTE,,,,,PREVIEW_DEFAULT
243.0913,-65.5842,-16.8528,0.000,NORMAL,1,ROUTE,,,,,PREVIEW_DEFAULT
243.1912,-65.4874,-16.8778,0.000,NORMAL,1,ROUTE,,,,,PREVIEW_DEFAULT
243.2912,-65.3906,-16.9029,0.000,NORMAL,1,ROUTE,,,,,PREVIEW_DEFAULT
243.3912,-65.2938,-16.9278,0.000,NORMAL,1,ROUTE,,,,,PREVIEW_DEFAULT
243.4912,-65.1969,-16.9526,0.000,NORMAL,1,ROUTE,,,,,PREVIEW_DEFAULT
243.5912,-65.1000,-16.9771,0.000,NORMAL,1,ROUTE,,,,,PREVIEW_DEFAULT
243.6912,-65.0029,-17.0013,0.000,NORMAL,1,ROUTE,,,,,PREVIEW_DEFAULT
243.7912,-64.9058,-17.0252,0.000,NORMAL,1,ROUTE,,,,,PREVIEW_DEFAULT
243.8911,-64.8087,-17.0487,0.000,NORMAL,1,ROUTE,,,,,PREVIEW_DEFAULT
243.9912,-64.7114,-17.0720,0.000,NORMAL,1,ROUTE,,,,,PREVIEW_DEFAULT
244.0911,-64.6141,-17.0949,0.000,NORMAL,1,ROUTE,,,,,PREVIEW_DEFAULT
244.1912,-64.5167,-17.1176,0.000,NORMAL,1,ROUTE,,,,,PREVIEW_DEFAULT
244.2912,-64.4192,-17.1401,0.000,NORMAL,1,ROUTE,,,,,PREVIEW_DEFAULT
244.3912,-64.3217,-17.1623,0.000,NORMAL,1,ROUTE,,,,,PREVIEW_DEFAULT
244.4912,-64.2242,-17.1844,0.000,NORMAL,1,ROUTE,,,,,PREVIEW_DEFAULT
244.5912,-64.1266,-17.2062,0.000,NORMAL,1,ROUTE,,,,,PREVIEW_DEFAULT
244.6912,-64.0290,-17.2279,0.000,NORMAL,1,ROUTE,,,,,PREVIEW_DEFAULT
244.7911,-63.9314,-17.2494,0.000,NORMAL,1,ROUTE,,,,,PREVIEW_DEFAULT
244.8911,-63.8337,-17.2708,0.000,NORMAL,1,ROUTE,,,,,PREVIEW_DEFAULT
244.9912,-63.7359,-17.2920,0.000,NORMAL,1,ROUTE,,,,,PREVIEW_DEFAULT
245.0911,-63.6382,-17.3130,0.000,NORMAL,1,ROUTE,,,,,PREVIEW_DEFAULT
245.1912,-63.5404,-17.3340,0.000,NORMAL,1,ROUTE,,,,,PREVIEW_DEFAULT
245.2912,-63.4426,-17.3549,0.000,NORMAL,1,ROUTE,,,,,PREVIEW_DEFAULT
245.3911,-63.3449,-17.3759,0.000,NORMAL,1,ROUTE,,,,,PREVIEW_DEFAULT
245.4911,-63.2471,-17.3969,0.000,NORMAL,1,ROUTE,,,,,PREVIEW_DEFAULT
245.5911,-63.1494,-17.4182,0.000,NORMAL,1,ROUTE,,,,,PREVIEW_DEFAULT
245.6911,-63.0517,-17.4396,0.000,NORMAL,1,ROUTE,,,,,PREVIEW_DEFAULT
245.7911,-62.9541,-17.4614,0.000,NORMAL,1,ROUTE,,,,,PREVIEW_DEFAULT
245.8911,-62.8566,-17.4835,0.000,NORMAL,1,ROUTE,,,,,PREVIEW_DEFAULT
245.9911,-62.7592,-17.5060,0.000,NORMAL,1,ROUTE,,,,,PREVIEW_DEFAULT
246.0911,-62.6619,-17.5290,0.000,NORMAL,1,ROUTE,,,,,PREVIEW_DEFAULT
246.1911,-62.5646,-17.5524,0.000,NORMAL,1,ROUTE,,,,,PREVIEW_DEFAULT
246.2911,-62.4675,-17.5763,0.000,NORMAL,1,ROUTE,,,,,PREVIEW_DEFAULT
246.3911,-62.3705,-17.6005,0.000,NORMAL,1,ROUTE,,,,,PREVIEW_DEFAULT
246.4911,-62.2736,-17.6252,0.000,NORMAL,1,ROUTE,,,,,PREVIEW_DEFAULT
246.5911,-62.1768,-17.6502,0.000,NORMAL,1,ROUTE,,,,,PREVIEW_DEFAULT
246.6911,-62.0801,-17.6756,0.000,NORMAL,1,ROUTE,,,,,PREVIEW_DEFAULT
246.7911,-61.9834,-17.7012,0.000,NORMAL,1,ROUTE,,,,,PREVIEW_DEFAULT
246.8911,-61.8868,-17.7272,0.000,NORMAL,1,ROUTE,,,,,PREVIEW_DEFAULT
246.9911,-61.7903,-17.7534,0.000,NORMAL,1,ROUTE,,,,,PREVIEW_DEFAULT
247.0911,-61.6939,-17.7798,0.000,NORMAL,1,ROUTE,,,,,PREVIEW_DEFAULT
247.1911,-61.5975,-17.8065,0.000,NORMAL,1,ROUTE,,,,,PREVIEW_DEFAULT
247.2911,-61.5012,-17.8334,0.000,NORMAL,1,ROUTE,,,,,PREVIEW_DEFAULT
247.3910,-61.4050,-17.8605,0.000,NORMAL,1,ROUTE,,,,,PREVIEW_DEFAULT
247.4911,-61.3087,-17.8877,0.000,NORMAL,1,ROUTE,,,,,PREVIEW_DEFAULT
247.5910,-61.2126,-17.9151,0.000,NORMAL,1,ROUTE,,,,,PREVIEW_DEFAULT
247.6911,-61.1164,-17.9426,0.000,NORMAL,1,ROUTE,,,,,PREVIEW_DEFAULT
247.7910,-61.0203,-17.9701,0.000,NORMAL,1,ROUTE,,,,,PREVIEW_DEFAULT
247.8911,-60.9242,-17.9978,0.000,NORMAL,1,ROUTE,,,,,PREVIEW_DEFAULT
247.9910,-60.8281,-18.0254,0.000,NORMAL,1,ROUTE,,,,,PREVIEW_DEFAULT
248.0910,-60.7320,-18.0529,0.000,NORMAL,1,ROUTE,,,,,PREVIEW_DEFAULT
248.1911,-60.6358,-18.0804,0.000,NORMAL,1,ROUTE,,,,,PREVIEW_DEFAULT
248.2910,-60.5397,-18.1079,0.000,NORMAL,1,ROUTE,,,,,PREVIEW_DEFAULT
248.3910,-60.4435,-18.1352,0.000,NORMAL,1,ROUTE,,,,,PREVIEW_DEFAULT
248.4911,-60.3472,-18.1624,0.000,NORMAL,1,ROUTE,,,,,PREVIEW_DEFAULT
248.5911,-60.2510,-18.1896,0.000,NORMAL,1,ROUTE,,,,,PREVIEW_DEFAULT
248.6910,-60.1548,-18.2167,0.000,NORMAL,1,ROUTE,,,,,PREVIEW_DEFAULT
248.7911,-60.0585,-18.2439,0.000,NORMAL,1,ROUTE,,,,,PREVIEW_DEFAULT
248.8910,-59.9623,-18.2711,0.000,NORMAL,1,ROUTE,,,,,PREVIEW_DEFAULT
248.9910,-59.8662,-18.2986,0.000,NORMAL,1,ROUTE,,,,,PREVIEW_DEFAULT
249.0910,-59.7701,-18.3262,0.000,NORMAL,1,ROUTE,,,,,PREVIEW_DEFAULT
249.1910,-59.6741,-18.3542,0.000,NORMAL,1,ROUTE,,,,,PREVIEW_DEFAULT
249.2910,-59.5782,-18.3826,0.000,NORMAL,1,ROUTE,,,,,PREVIEW_DEFAULT
249.3910,-59.4825,-18.4116,0.000,NORMAL,1,ROUTE,,,,,PREVIEW_DEFAULT
249.4910,-59.3870,-18.4412,0.000,NORMAL,1,ROUTE,,,,,PREVIEW_DEFAULT
249.5910,-59.2917,-18.4716,0.000,NORMAL,1,ROUTE,,,,,PREVIEW_DEFAULT
249.6910,-59.1967,-18.5028,0.000,NORMAL,1,ROUTE,,,,,PREVIEW_DEFAULT
249.7910,-59.1020,-18.5350,0.000,NORMAL,1,ROUTE,,,,,PREVIEW_DEFAULT
249.8910,-59.0077,-18.5681,0.000,NORMAL,1,ROUTE,,,,,PREVIEW_DEFAULT
249.9910,-58.9137,-18.6024,0.000,NORMAL,1,ROUTE,,,,,PREVIEW_DEFAULT
250.0910,-58.8202,-18.6377,0.000,NORMAL,1,ROUTE,,,,,PREVIEW_DEFAULT
250.1910,-58.7270,-18.6741,0.000,NORMAL,1,ROUTE,,,,,PREVIEW_DEFAULT
250.2910,-58.6343,-18.7115,0.000,NORMAL,1,ROUTE,,,,,PREVIEW_DEFAULT
250.3910,-58.5419,-18.7497,0.000,NORMAL,1,ROUTE,,,,,PREVIEW_DEFAULT
250.4909,-58.4498,-18.7886,0.000,NORMAL,1,ROUTE,,,,,PREVIEW_DEFAULT
250.5909,-58.3579,-18.8280,0.000,NORMAL,1,ROUTE,,,,,PREVIEW_DEFAULT
250.6910,-58.2661,-18.8678,0.000,NORMAL,1,ROUTE,,,,,PREVIEW_DEFAULT
250.7909,-58.1745,-18.9078,0.000,NORMAL,1,ROUTE,,,,,PREVIEW_DEFAULT
250.8910,-58.0828,-18.9478,0.000,NORMAL,1,ROUTE,,,,,PREVIEW_DEFAULT
250.9910,-57.9911,-18.9876,0.000,NORMAL,1,ROUTE,,,,,PREVIEW_DEFAULT
251.0909,-57.8992,-19.0270,0.000,NORMAL,1,ROUTE,,,,,PREVIEW_DEFAULT
251.1910,-57.8071,-19.0660,0.000,NORMAL,1,ROUTE,,,,,PREVIEW_DEFAULT
251.2909,-57.7148,-19.1044,0.000,NORMAL,1,ROUTE,,,,,PREVIEW_DEFAULT
251.3910,-57.6221,-19.1420,0.000,NORMAL,1,ROUTE,,,,,PREVIEW_DEFAULT
251.4909,-57.5292,-19.1789,0.000,NORMAL,1,ROUTE,,,,,PREVIEW_DEFAULT
251.5910,-57.4359,-19.2150,0.000,NORMAL,1,ROUTE,,,,,PREVIEW_DEFAULT
251.6909,-57.3423,-19.2501,0.000,NORMAL,1,ROUTE,,,,,PREVIEW_DEFAULT
251.7909,-57.2484,-19.2845,0.000,NORMAL,1,ROUTE,,,,,PREVIEW_DEFAULT
251.8910,-57.1541,-19.3179,0.000,NORMAL,1,ROUTE,,,,,PREVIEW_DEFAULT
251.9909,-57.0596,-19.3504,0.000,NORMAL,1,ROUTE,,,,,PREVIEW_DEFAULT
252.0910,-56.9647,-19.3821,0.000,NORMAL,1,ROUTE,,,,,PREVIEW_DEFAULT
252.1910,-56.8696,-19.4130,0.000,NORMAL,1,ROUTE,,,,,PREVIEW_DEFAULT
252.2909,-56.7743,-19.4432,0.000,NORMAL,1,ROUTE,,,,,PREVIEW_DEFAULT
252.3909,-56.6788,-19.4729,0.000,NORMAL,1,ROUTE,,,,,PREVIEW_DEFAULT
252.4909,-56.5832,-19.5022,0.000,NORMAL,1,ROUTE,,,,,PREVIEW_DEFAULT
252.5909,-56.4875,-19.5312,0.000,NORMAL,1,ROUTE,,,,,PREVIEW_DEFAULT
252.6909,-56.3918,-19.5600,0.000,NORMAL,1,ROUTE,,,,,PREVIEW_DEFAULT
252.7909,-56.2960,-19.5889,0.000,NORMAL,1,ROUTE,,,,,PREVIEW_DEFAULT
252.8909,-56.2003,-19.6178,0.000,NORMAL,1,ROUTE,,,,,PREVIEW_DEFAULT
252.9909,-56.1046,-19.6469,0.000,NORMAL,1,ROUTE,,,,,PREVIEW_DEFAULT
253.0908,-56.0091,-19.6763,0.000,NORMAL,1,ROUTE,,,,,PREVIEW_DEFAULT
253.1909,-55.9136,-19.7061,0.000,NORMAL,1,ROUTE,,,,,PREVIEW_DEFAULT
253.2909,-55.8182,-19.7362,0.000,NORMAL,1,ROUTE,,,,,PREVIEW_DEFAULT
253.3909,-55.7230,-19.7667,0.000,NORMAL,1,ROUTE,,,,,PREVIEW_DEFAULT
253.4908,-55.6280,-19.7977,0.000,NORMAL,1,ROUTE,,,,,PREVIEW_DEFAULT
253.5908,-55.5331,-19.8293,0.000,NORMAL,1,ROUTE,,,,,PREVIEW_DEFAULT
253.6909,-55.4383,-19.8614,0.000,NORMAL,1,ROUTE,,,,,PREVIEW_DEFAULT
253.7909,-55.3438,-19.8940,0.000,NORMAL,1,ROUTE,,,,,PREVIEW_DEFAULT
253.8909,-55.2495,-19.9272,0.000,NORMAL,1,ROUTE,,,,,PREVIEW_DEFAULT
253.9909,-55.1554,-19.9611,0.000,NORMAL,1,ROUTE,,,,,PREVIEW_DEFAULT
254.0909,-55.0615,-19.9955,0.000,NORMAL,1,ROUTE,,,,,PREVIEW_DEFAULT
254.1909,-54.9679,-20.0306,0.000,NORMAL,1,ROUTE,,,,,PREVIEW_DEFAULT
254.2909,-54.8744,-20.0661,0.000,NORMAL,1,ROUTE,,,,,PREVIEW_DEFAULT
254.3909,-54.7811,-20.1021,0.000,NORMAL,1,ROUTE,,,,,PREVIEW_DEFAULT
254.4908,-54.6880,-20.1385,0.000,NORMAL,1,ROUTE,,,,,PREVIEW_DEFAULT
254.5908,-54.5950,-20.1752,0.000,NORMAL,1,ROUTE,,,,,PREVIEW_DEFAULT
254.6908,-54.5020,-20.2120,0.000,NORMAL,1,ROUTE,,,,,PREVIEW_DEFAULT
254.7908,-54.4090,-20.2488,0.000,NORMAL,1,ROUTE,,,,,PREVIEW_DEFAULT
254.8908,-54.3160,-20.2855,0.000,NORMAL,1,ROUTE,,,,,PREVIEW_DEFAULT
254.9909,-54.2229,-20.3221,0.000,NORMAL,1,ROUTE,,,,,PREVIEW_DEFAULT
255.0908,-54.1298,-20.3584,0.000,NORMAL,1,ROUTE,,,,,PREVIEW_DEFAULT
255.1908,-54.0365,-20.3944,0.000,NORMAL,1,ROUTE,,,,,PREVIEW_DEFAULT
255.2908,-53.9431,-20.4301,0.000,NORMAL,1,ROUTE,,,,,PREVIEW_DEFAULT
255.3909,-53.8495,-20.4655,0.000,NORMAL,1,ROUTE,,,,,PREVIEW_DEFAULT
255.4908,-53.7559,-20.5006,0.000,NORMAL,1,ROUTE,,,,,PREVIEW_DEFAULT
255.5908,-53.6622,-20.5354,0.000,NORMAL,1,ROUTE,,,,,PREVIEW_DEFAULT
255.6908,-53.5683,-20.5700,0.000,NORMAL,1,ROUTE,,,,,PREVIEW_DEFAULT
255.7908,-53.4745,-20.6045,0.000,NORMAL,1,ROUTE,,,,,PREVIEW_DEFAULT
255.8908,-53.3806,-20.6388,0.000,NORMAL,1,ROUTE,,,,,PREVIEW_DEFAULT
255.9909,-53.2866,-20.6732,0.000,NORMAL,1,ROUTE,,,,,PREVIEW_DEFAULT
256.0908,-53.1927,-20.7075,0.000,NORMAL,1,ROUTE,,,,,PREVIEW_DEFAULT
256.1908,-53.0989,-20.7420,0.000,NORMAL,1,ROUTE,,,,,PREVIEW_DEFAULT
256.2908,-53.0050,-20.7765,0.000,NORMAL,1,ROUTE,,,,,PREVIEW_DEFAULT
256.3908,-52.9113,-20.8113,0.000,NORMAL,1,ROUTE,,,,,PREVIEW_DEFAULT
256.4908,-52.8176,-20.8463,0.000,NORMAL,1,ROUTE,,,,,PREVIEW_DEFAULT
256.5908,-52.7240,-20.8815,0.000,NORMAL,1,ROUTE,,,,,PREVIEW_DEFAULT
256.6908,-52.6305,-20.9169,0.000,NORMAL,1,ROUTE,,,,,PREVIEW_DEFAULT
256.7908,-52.5371,-20.9527,0.000,NORMAL,1,ROUTE,,,,,PREVIEW_DEFAULT
256.8908,-52.4438,-20.9888,0.000,NORMAL,1,ROUTE,,,,,PREVIEW_DEFAULT
256.9907,-52.3507,-21.0251,0.000,NORMAL,1,ROUTE,,,,,PREVIEW_DEFAULT
257.0907,-52.2576,-21.0616,0.000,NORMAL,1,ROUTE,,,,,PREVIEW_DEFAULT
257.1908,-52.1646,-21.0984,0.000,NORMAL,1,ROUTE,,,,,PREVIEW_DEFAULT
257.2907,-52.0717,-21.1353,0.000,NORMAL,1,ROUTE,,,,,PREVIEW_DEFAULT
257.3907,-51.9788,-21.1723,0.000,NORMAL,1,ROUTE,,,,,PREVIEW_DEFAULT
257.4908,-51.8859,-21.2095,0.000,NORMAL,1,ROUTE,,,,,PREVIEW_DEFAULT
257.5908,-51.7931,-21.2467,0.000,NORMAL,1,ROUTE,,,,,PREVIEW_DEFAULT
257.6908,-51.7003,-21.2840,0.000,NORMAL,1,ROUTE,,,,,PREVIEW_DEFAULT
257.7907,-51.6076,-21.3213,0.000,NORMAL,1,ROUTE,,,,,PREVIEW_DEFAULT
257.8907,-51.5149,-21.3588,0.000,NORMAL,1,ROUTE,,,,,PREVIEW_DEFAULT
257.9907,-51.4222,-21.3963,0.000,NORMAL,1,ROUTE,,,,,PREVIEW_DEFAULT
258.0907,-51.3295,-21.4339,0.000,NORMAL,1,ROUTE,,,,,PREVIEW_DEFAULT
258.1907,-51.2369,-21.4716,0.000,NORMAL,1,ROUTE,,,,,PREVIEW_DEFAULT
258.2907,-51.1443,-21.5094,0.000,NORMAL,1,ROUTE,,,,,PREVIEW_DEFAULT
258.3907,-51.0518,-21.5473,0.000,NORMAL,1,ROUTE,,,,,PREVIEW_DEFAULT
258.4907,-50.9593,-21.5853,0.000,NORMAL,1,ROUTE,,,,,PREVIEW_DEFAULT
258.5907,-50.8668,-21.6233,0.000,NORMAL,1,ROUTE,,,,,PREVIEW_DEFAULT
258.6907,-50.7743,-21.6614,0.000,NORMAL,1,ROUTE,,,,,PREVIEW_DEFAULT
258.7907,-50.6818,-21.6993,0.000,NORMAL,1,ROUTE,,,,,PREVIEW_DEFAULT
258.8907,-50.5893,-21.7372,0.000,NORMAL,1,ROUTE,,,,,PREVIEW_DEFAULT
258.9907,-50.4966,-21.7749,0.000,NORMAL,1,ROUTE,,,,,PREVIEW_DEFAULT
259.0907,-50.4039,-21.8124,0.000,NORMAL,1,ROUTE,,,,,PREVIEW_DEFAULT
259.1907,-50.3111,-21.8496,0.000,NORMAL,1,ROUTE,,,,,PREVIEW_DEFAULT
259.2907,-50.2182,-21.8865,0.000,NORMAL,1,ROUTE,,,,,PREVIEW_DEFAULT
259.3907,-50.1251,-21.9231,0.000,NORMAL,1,ROUTE,,,,,PREVIEW_DEFAULT
259.4907,-50.0319,-21.9594,0.000,NORMAL,1,ROUTE,,,,,PREVIEW_DEFAULT
259.5906,-49.9387,-21.9954,0.000,NORMAL,1,ROUTE,,,,,PREVIEW_DEFAULT
259.6907,-49.8453,-22.0312,0.000,NORMAL,1,ROUTE,,,,,PREVIEW_DEFAULT
259.7907,-49.7519,-22.0669,0.000,NORMAL,1,ROUTE,,,,,PREVIEW_DEFAULT
259.8907,-49.6584,-22.1025,0.000,NORMAL,1,ROUTE,,,,,PREVIEW_DEFAULT
259.9907,-49.5650,-22.1381,0.000,NORMAL,1,ROUTE,,,,,PREVIEW_DEFAULT
260.0906,-49.4716,-22.1737,0.000,NORMAL,1,ROUTE,,,,,PREVIEW_DEFAULT
260.1045,-49.4586,-22.1787,0.000,TRAFFIC,1,TRAFFIC,TRAFFIC_2_RED_STOP,STOP_IF_CONDITION,TRAFFIC_LIGHT_RED,,PREVIEW_DEFAULT
260.1907,-49.3782,-22.2096,0.000,TRAFFIC,1,TRAFFIC,,,TRAFFIC_LIGHT_RED,,PREVIEW_DEFAULT
260.2907,-49.2849,-22.2456,0.000,TRAFFIC,1,TRAFFIC,,,TRAFFIC_LIGHT_RED,,PREVIEW_DEFAULT
260.3907,-49.1917,-22.2818,0.000,TRAFFIC,1,TRAFFIC,,,TRAFFIC_LIGHT_RED,,PREVIEW_DEFAULT
260.4907,-49.0986,-22.3183,0.000,TRAFFIC,1,TRAFFIC,,,TRAFFIC_LIGHT_RED,,PREVIEW_DEFAULT
260.5907,-49.0056,-22.3551,0.000,TRAFFIC,1,TRAFFIC,,,TRAFFIC_LIGHT_RED,,PREVIEW_DEFAULT
260.6907,-48.9128,-22.3923,0.000,TRAFFIC,1,TRAFFIC,,,TRAFFIC_LIGHT_RED,,PREVIEW_DEFAULT
260.7907,-48.8201,-22.4298,0.000,TRAFFIC,1,TRAFFIC,,,TRAFFIC_LIGHT_RED,,PREVIEW_DEFAULT
260.8907,-48.7276,-22.4678,0.000,TRAFFIC,1,TRAFFIC,,,TRAFFIC_LIGHT_RED,,PREVIEW_DEFAULT
260.9907,-48.6353,-22.5063,0.000,TRAFFIC,1,TRAFFIC,,,TRAFFIC_LIGHT_RED,,PREVIEW_DEFAULT
261.0906,-48.5433,-22.5454,0.000,TRAFFIC,1,TRAFFIC,,,TRAFFIC_LIGHT_RED,,PREVIEW_DEFAULT
261.1906,-48.4515,-22.5850,0.000,TRAFFIC,1,TRAFFIC,,,TRAFFIC_LIGHT_RED,,PREVIEW_DEFAULT
261.2906,-48.3600,-22.6253,0.000,TRAFFIC,1,TRAFFIC,,,TRAFFIC_LIGHT_RED,,PREVIEW_DEFAULT
261.3907,-48.2687,-22.6663,0.000,TRAFFIC,1,TRAFFIC,,,TRAFFIC_LIGHT_RED,,PREVIEW_DEFAULT
261.4907,-48.1778,-22.7080,0.000,TRAFFIC,1,TRAFFIC,,,TRAFFIC_LIGHT_RED,,PREVIEW_DEFAULT
261.5906,-48.0873,-22.7503,0.000,TRAFFIC,1,TRAFFIC,,,TRAFFIC_LIGHT_RED,,PREVIEW_DEFAULT
261.6906,-47.9970,-22.7934,0.000,TRAFFIC,1,TRAFFIC,,,TRAFFIC_LIGHT_RED,,PREVIEW_DEFAULT
261.7906,-47.9071,-22.8372,0.000,TRAFFIC,1,TRAFFIC,,,TRAFFIC_LIGHT_RED,,PREVIEW_DEFAULT
261.8906,-47.8175,-22.8815,0.000,TRAFFIC,1,TRAFFIC,,,TRAFFIC_LIGHT_RED,,PREVIEW_DEFAULT
261.9906,-47.7281,-22.9264,0.000,TRAFFIC,1,TRAFFIC,,,TRAFFIC_LIGHT_RED,,PREVIEW_DEFAULT
262.0906,-47.6389,-22.9715,0.000,TRAFFIC,1,TRAFFIC,,,TRAFFIC_LIGHT_RED,,PREVIEW_DEFAULT
262.1906,-47.5497,-23.0167,0.000,TRAFFIC,1,TRAFFIC,,,TRAFFIC_LIGHT_RED,,PREVIEW_DEFAULT
262.2906,-47.4604,-23.0618,0.000,TRAFFIC,1,TRAFFIC,,,TRAFFIC_LIGHT_RED,,PREVIEW_DEFAULT
262.3906,-47.3709,-23.1064,0.000,TRAFFIC,1,TRAFFIC,,,TRAFFIC_LIGHT_RED,,PREVIEW_DEFAULT
262.4906,-47.2811,-23.1503,0.000,TRAFFIC,1,TRAFFIC,,,TRAFFIC_LIGHT_RED,,PREVIEW_DEFAULT
262.5906,-47.1907,-23.1931,0.000,TRAFFIC,1,TRAFFIC,,,TRAFFIC_LIGHT_RED,,PREVIEW_DEFAULT
262.6905,-47.0997,-23.2344,0.000,TRAFFIC,1,TRAFFIC,,,TRAFFIC_LIGHT_RED,,PREVIEW_DEFAULT
262.7906,-47.0078,-23.2739,0.000,TRAFFIC,1,TRAFFIC,,,TRAFFIC_LIGHT_RED,,PREVIEW_DEFAULT
262.8905,-46.9150,-23.3111,0.000,TRAFFIC,1,TRAFFIC,,,TRAFFIC_LIGHT_RED,,PREVIEW_DEFAULT
262.9906,-46.8211,-23.3457,0.000,TRAFFIC,1,TRAFFIC,,,TRAFFIC_LIGHT_RED,,PREVIEW_DEFAULT
263.0906,-46.7262,-23.3772,0.000,TRAFFIC,1,TRAFFIC,,,TRAFFIC_LIGHT_RED,,PREVIEW_DEFAULT
263.1244,-46.6939,-23.3871,0.000,TRAFFIC,1,TRAFFIC,TRAFFIC_2_RED_STOP_END,,TRAFFIC_LIGHT_RED,,PREVIEW_DEFAULT
263.1906,-46.6302,-23.4051,0.000,TRAFFIC,1,TRAFFIC,,,TRAFFIC_LIGHT_RED,,PREVIEW_DEFAULT
263.2906,-46.5332,-23.4295,0.000,TRAFFIC,1,TRAFFIC,,,TRAFFIC_LIGHT_RED,,PREVIEW_DEFAULT
263.3906,-46.4367,-23.4556,0.000,TRAFFIC,1,TRAFFIC,,,TRAFFIC_LIGHT_RED,,PREVIEW_DEFAULT
263.3980,-46.4296,-23.4577,0.000,NORMAL,1,ROUTE,,,,,PREVIEW_DEFAULT
263.4905,-46.3414,-23.4857,0.000,NORMAL,1,ROUTE,,,,,PREVIEW_DEFAULT
263.5905,-46.2471,-23.5190,0.000,NORMAL,1,ROUTE,,,,,PREVIEW_DEFAULT
263.6906,-46.1538,-23.5551,0.000,NORMAL,1,ROUTE,,,,,PREVIEW_DEFAULT
263.7905,-46.0616,-23.5936,0.000,NORMAL,1,ROUTE,,,,,PREVIEW_DEFAULT
263.8905,-45.9702,-23.6342,0.000,NORMAL,1,ROUTE,,,,,PREVIEW_DEFAULT
263.9905,-45.8795,-23.6764,0.000,NORMAL,1,ROUTE,,,,,PREVIEW_DEFAULT
264.0905,-45.7895,-23.7199,0.000,NORMAL,1,ROUTE,,,,,PREVIEW_DEFAULT
264.1905,-45.6999,-23.7643,0.000,NORMAL,1,ROUTE,,,,,PREVIEW_DEFAULT
264.2904,-45.6107,-23.8094,0.000,NORMAL,1,ROUTE,,,,,PREVIEW_DEFAULT
264.3905,-45.5216,-23.8549,0.000,NORMAL,1,ROUTE,,,,,PREVIEW_DEFAULT
264.4905,-45.4326,-23.9005,0.000,NORMAL,1,ROUTE,,,,,PREVIEW_DEFAULT
264.5904,-45.3436,-23.9460,0.000,NORMAL,1,ROUTE,,,,,PREVIEW_DEFAULT
264.6905,-45.2544,-23.9913,0.000,NORMAL,1,ROUTE,,,,,PREVIEW_DEFAULT
264.7904,-45.1651,-24.0362,0.000,NORMAL,1,ROUTE,,,,,PREVIEW_DEFAULT
264.8905,-45.0755,-24.0807,0.000,NORMAL,1,ROUTE,,,,,PREVIEW_DEFAULT
264.9905,-44.9857,-24.1247,0.000,NORMAL,1,ROUTE,,,,,PREVIEW_DEFAULT
265.0905,-44.8956,-24.1681,0.000,NORMAL,1,ROUTE,,,,,PREVIEW_DEFAULT
265.1905,-44.8052,-24.2109,0.000,NORMAL,1,ROUTE,,,,,PREVIEW_DEFAULT
265.2905,-44.7146,-24.2531,0.000,NORMAL,1,ROUTE,,,,,PREVIEW_DEFAULT
265.3905,-44.6237,-24.2948,0.000,NORMAL,1,ROUTE,,,,,PREVIEW_DEFAULT
265.4905,-44.5325,-24.3358,0.000,NORMAL,1,ROUTE,,,,,PREVIEW_DEFAULT
265.5905,-44.4411,-24.3764,0.000,NORMAL,1,ROUTE,,,,,PREVIEW_DEFAULT
265.6905,-44.3495,-24.4166,0.000,NORMAL,1,ROUTE,,,,,PREVIEW_DEFAULT
265.7904,-44.2578,-24.4563,0.000,NORMAL,1,ROUTE,,,,,PREVIEW_DEFAULT
265.8904,-44.1659,-24.4957,0.000,NORMAL,1,ROUTE,,,,,PREVIEW_DEFAULT
265.9904,-44.0739,-24.5349,0.000,NORMAL,1,ROUTE,,,,,PREVIEW_DEFAULT
266.0904,-43.9818,-24.5738,0.000,NORMAL,1,ROUTE,,,,,PREVIEW_DEFAULT
266.1905,-43.8896,-24.6127,0.000,NORMAL,1,ROUTE,,,,,PREVIEW_DEFAULT
266.2904,-43.7975,-24.6515,0.000,NORMAL,1,ROUTE,,,,,PREVIEW_DEFAULT
266.3904,-43.7053,-24.6902,0.000,NORMAL,1,ROUTE,,,,,PREVIEW_DEFAULT
266.4904,-43.6131,-24.7290,0.000,NORMAL,1,ROUTE,,,,,PREVIEW_DEFAULT
266.5905,-43.5209,-24.7678,0.000,NORMAL,1,ROUTE,,,,,PREVIEW_DEFAULT
266.6904,-43.4288,-24.8067,0.000,NORMAL,1,ROUTE,,,,,PREVIEW_DEFAULT
266.7904,-43.3367,-24.8456,0.000,NORMAL,1,ROUTE,,,,,PREVIEW_DEFAULT
266.8904,-43.2447,-24.8847,0.000,NORMAL,1,ROUTE,,,,,PREVIEW_DEFAULT
266.9904,-43.1527,-24.9239,0.000,NORMAL,1,ROUTE,,,,,PREVIEW_DEFAULT
267.0904,-43.0607,-24.9632,0.000,NORMAL,1,ROUTE,,,,,PREVIEW_DEFAULT
267.1904,-42.9688,-25.0026,0.000,NORMAL,1,ROUTE,,,,,PREVIEW_DEFAULT
267.2904,-42.8770,-25.0422,0.000,NORMAL,1,ROUTE,,,,,PREVIEW_DEFAULT
267.3904,-42.7852,-25.0819,0.000,NORMAL,1,ROUTE,,,,,PREVIEW_DEFAULT
267.4904,-42.6935,-25.1218,0.000,NORMAL,1,ROUTE,,,,,PREVIEW_DEFAULT
267.5904,-42.6019,-25.1618,0.000,NORMAL,1,ROUTE,,,,,PREVIEW_DEFAULT
267.6904,-42.5103,-25.2020,0.000,NORMAL,1,ROUTE,,,,,PREVIEW_DEFAULT
267.7903,-42.4188,-25.2422,0.000,NORMAL,1,ROUTE,,,,,PREVIEW_DEFAULT
267.8904,-42.3273,-25.2826,0.000,NORMAL,1,ROUTE,,,,,PREVIEW_DEFAULT
267.9903,-42.2359,-25.3231,0.000,NORMAL,1,ROUTE,,,,,PREVIEW_DEFAULT
268.0903,-42.1445,-25.3637,0.000,NORMAL,1,ROUTE,,,,,PREVIEW_DEFAULT
268.1903,-42.0531,-25.4042,0.000,NORMAL,1,ROUTE,,,,,PREVIEW_DEFAULT
268.2904,-41.9616,-25.4447,0.000,NORMAL,1,ROUTE,,,,,PREVIEW_DEFAULT
268.3903,-41.8702,-25.4851,0.000,NORMAL,1,ROUTE,,,,,PREVIEW_DEFAULT
268.4904,-41.7786,-25.5254,0.000,NORMAL,1,ROUTE,,,,,PREVIEW_DEFAULT
268.5904,-41.6870,-25.5655,0.000,NORMAL,1,ROUTE,,,,,PREVIEW_DEFAULT
268.6903,-41.5953,-25.6053,0.000,NORMAL,1,ROUTE,,,,,PREVIEW_DEFAULT
268.7903,-41.5035,-25.6449,0.000,NORMAL,1,ROUTE,,,,,PREVIEW_DEFAULT
268.8904,-41.4115,-25.6842,0.000,NORMAL,1,ROUTE,,,,,PREVIEW_DEFAULT
268.9903,-41.3195,-25.7233,0.000,NORMAL,1,ROUTE,,,,,PREVIEW_DEFAULT
269.0903,-41.2273,-25.7620,0.000,NORMAL,1,ROUTE,,,,,PREVIEW_DEFAULT
269.1904,-41.1350,-25.8006,0.000,NORMAL,1,ROUTE,,,,,PREVIEW_DEFAULT
269.2903,-41.0427,-25.8389,0.000,NORMAL,1,ROUTE,,,,,PREVIEW_DEFAULT
269.3903,-40.9502,-25.8770,0.000,NORMAL,1,ROUTE,,,,,PREVIEW_DEFAULT
269.4904,-40.8577,-25.9151,0.000,NORMAL,1,ROUTE,,,,,PREVIEW_DEFAULT
269.5903,-40.7652,-25.9530,0.000,NORMAL,1,ROUTE,,,,,PREVIEW_DEFAULT
269.6904,-40.6726,-25.9908,0.000,NORMAL,1,ROUTE,,,,,PREVIEW_DEFAULT
269.7904,-40.5800,-26.0286,0.000,NORMAL,1,ROUTE,,,,,PREVIEW_DEFAULT
269.8903,-40.4874,-26.0662,0.000,NORMAL,1,ROUTE,,,,,PREVIEW_DEFAULT
269.9903,-40.3948,-26.1039,0.000,NORMAL,1,ROUTE,,,,,PREVIEW_DEFAULT
270.0903,-40.3021,-26.1415,0.000,NORMAL,1,ROUTE,,,,,PREVIEW_DEFAULT
270.1903,-40.2094,-26.1790,0.000,NORMAL,1,ROUTE,,,,,PREVIEW_DEFAULT
270.2903,-40.1167,-26.2165,0.000,NORMAL,1,ROUTE,,,,,PREVIEW_DEFAULT
270.3903,-40.0240,-26.2539,0.000,NORMAL,1,ROUTE,,,,,PREVIEW_DEFAULT
270.4903,-39.9312,-26.2913,0.000,NORMAL,1,ROUTE,,,,,PREVIEW_DEFAULT
270.5903,-39.8385,-26.3286,0.000,NORMAL,1,ROUTE,,,,,PREVIEW_DEFAULT
270.6903,-39.7457,-26.3659,0.000,NORMAL,1,ROUTE,,,,,PREVIEW_DEFAULT
270.7903,-39.6529,-26.4033,0.000,NORMAL,1,ROUTE,,,,,PREVIEW_DEFAULT
270.8903,-39.5602,-26.4406,0.000,NORMAL,1,ROUTE,,,,,PREVIEW_DEFAULT
270.9903,-39.4674,-26.4780,0.000,NORMAL,1,ROUTE,,,,,PREVIEW_DEFAULT
271.0903,-39.3747,-26.5154,0.000,NORMAL,1,ROUTE,,,,,PREVIEW_DEFAULT
271.1902,-39.2820,-26.5528,0.000,NORMAL,1,ROUTE,,,,,PREVIEW_DEFAULT
271.2903,-39.1893,-26.5904,0.000,NORMAL,1,ROUTE,,,,,PREVIEW_DEFAULT
271.3903,-39.0966,-26.6280,0.000,NORMAL,1,ROUTE,,,,,PREVIEW_DEFAULT
271.4903,-39.0040,-26.6657,0.000,NORMAL,1,ROUTE,,,,,PREVIEW_DEFAULT
271.5902,-38.9115,-26.7035,0.000,NORMAL,1,ROUTE,,,,,PREVIEW_DEFAULT
271.6903,-38.8189,-26.7414,0.000,NORMAL,1,ROUTE,,,,,PREVIEW_DEFAULT
271.7903,-38.7264,-26.7794,0.000,NORMAL,1,ROUTE,,,,,PREVIEW_DEFAULT
271.8903,-38.6339,-26.8175,0.000,NORMAL,1,ROUTE,,,,,PREVIEW_DEFAULT
271.9902,-38.5415,-26.8556,0.000,NORMAL,1,ROUTE,,,,,PREVIEW_DEFAULT
272.0902,-38.4491,-26.8937,0.000,NORMAL,1,ROUTE,,,,,PREVIEW_DEFAULT
272.1903,-38.3566,-26.9319,0.000,NORMAL,1,ROUTE,,,,,PREVIEW_DEFAULT
272.2902,-38.2642,-26.9700,0.000,NORMAL,1,ROUTE,,,,,PREVIEW_DEFAULT
272.3903,-38.1717,-27.0081,0.000,NORMAL,1,ROUTE,,,,,PREVIEW_DEFAULT
272.4903,-38.0792,-27.0461,0.000,NORMAL,1,ROUTE,,,,,PREVIEW_DEFAULT
272.5902,-37.9867,-27.0840,0.000,NORMAL,1,ROUTE,,,,,PREVIEW_DEFAULT
272.6902,-37.8941,-27.1216,0.000,NORMAL,1,ROUTE,,,,,PREVIEW_DEFAULT
272.7903,-37.8013,-27.1591,0.000,NORMAL,1,ROUTE,,,,,PREVIEW_DEFAULT
272.8902,-37.7085,-27.1963,0.000,NORMAL,1,ROUTE,,,,,PREVIEW_DEFAULT
272.9902,-37.6156,-27.2333,0.000,NORMAL,1,ROUTE,,,,,PREVIEW_DEFAULT
273.0902,-37.5226,-27.2700,0.000,NORMAL,1,ROUTE,,,,,PREVIEW_DEFAULT
273.1902,-37.4295,-27.3064,0.000,NORMAL,1,ROUTE,,,,,PREVIEW_DEFAULT
273.2902,-37.3363,-27.3426,0.000,NORMAL,1,ROUTE,,,,,PREVIEW_DEFAULT
273.3903,-37.2429,-27.3786,0.000,NORMAL,1,ROUTE,,,,,PREVIEW_DEFAULT
273.4902,-37.1496,-27.4143,0.000,NORMAL,1,ROUTE,,,,,PREVIEW_DEFAULT
273.5902,-37.0561,-27.4499,0.000,NORMAL,1,ROUTE,,,,,PREVIEW_DEFAULT
273.6902,-36.9626,-27.4853,0.000,NORMAL,1,ROUTE,,,,,PREVIEW_DEFAULT
273.7902,-36.8690,-27.5206,0.000,NORMAL,1,ROUTE,,,,,PREVIEW_DEFAULT
273.8902,-36.7755,-27.5559,0.000,NORMAL,1,ROUTE,,,,,PREVIEW_DEFAULT
273.9902,-36.6819,-27.5912,0.000,NORMAL,1,ROUTE,,,,,PREVIEW_DEFAULT
274.0902,-36.5883,-27.6265,0.000,NORMAL,1,ROUTE,,,,,PREVIEW_DEFAULT
274.1902,-36.4948,-27.6619,0.000,NORMAL,1,ROUTE,,,,,PREVIEW_DEFAULT
274.2902,-36.4014,-27.6975,0.000,NORMAL,1,ROUTE,,,,,PREVIEW_DEFAULT
274.3901,-36.3080,-27.7332,0.000,NORMAL,1,ROUTE,,,,,PREVIEW_DEFAULT
274.4902,-36.2147,-27.7692,0.000,NORMAL,1,ROUTE,,,,,PREVIEW_DEFAULT
274.5902,-36.1214,-27.8053,0.000,NORMAL,1,ROUTE,,,,,PREVIEW_DEFAULT
274.6902,-36.0283,-27.8417,0.000,NORMAL,1,ROUTE,,,,,PREVIEW_DEFAULT
274.7902,-35.9352,-27.8782,0.000,NORMAL,1,ROUTE,,,,,PREVIEW_DEFAULT
274.8901,-35.8422,-27.9149,0.000,NORMAL,1,ROUTE,,,,,PREVIEW_DEFAULT
274.9901,-35.7492,-27.9516,0.000,NORMAL,1,ROUTE,,,,,PREVIEW_DEFAULT
275.0901,-35.6562,-27.9884,0.000,NORMAL,1,ROUTE,,,,,PREVIEW_DEFAULT
275.1902,-35.5632,-28.0253,0.000,NORMAL,1,ROUTE,,,,,PREVIEW_DEFAULT
275.2901,-35.4703,-28.0621,0.000,NORMAL,1,ROUTE,,,,,PREVIEW_DEFAULT
275.3902,-35.3773,-28.0990,0.000,NORMAL,1,ROUTE,,,,,PREVIEW_DEFAULT
275.4901,-35.2844,-28.1359,0.000,NORMAL,1,ROUTE,,,,,PREVIEW_DEFAULT
275.5902,-35.1914,-28.1728,0.000,NORMAL,1,ROUTE,,,,,PREVIEW_DEFAULT
275.6901,-35.0985,-28.2097,0.000,NORMAL,1,ROUTE,,,,,PREVIEW_DEFAULT
275.7901,-35.0056,-28.2467,0.000,NORMAL,1,ROUTE,,,,,PREVIEW_DEFAULT
275.8902,-34.9127,-28.2838,0.000,NORMAL,1,ROUTE,,,,,PREVIEW_DEFAULT
275.9901,-34.8199,-28.3209,0.000,NORMAL,1,ROUTE,,,,,PREVIEW_DEFAULT
276.0901,-34.7271,-28.3582,0.000,NORMAL,1,ROUTE,,,,,PREVIEW_DEFAULT
276.1901,-34.6343,-28.3955,0.000,NORMAL,1,ROUTE,,,,,PREVIEW_DEFAULT
276.2901,-34.5416,-28.4329,0.000,NORMAL,1,ROUTE,,,,,PREVIEW_DEFAULT
276.3901,-34.4489,-28.4704,0.000,NORMAL,1,ROUTE,,,,,PREVIEW_DEFAULT
276.4901,-34.3562,-28.5079,0.000,NORMAL,1,ROUTE,,,,,PREVIEW_DEFAULT
276.5901,-34.2635,-28.5455,0.000,NORMAL,1,ROUTE,,,,,PREVIEW_DEFAULT
276.6901,-34.1709,-28.5831,0.000,NORMAL,1,ROUTE,,,,,PREVIEW_DEFAULT
276.7901,-34.0782,-28.6207,0.000,NORMAL,1,ROUTE,,,,,PREVIEW_DEFAULT
276.8901,-33.9855,-28.6582,0.000,NORMAL,1,ROUTE,,,,,PREVIEW_DEFAULT
276.9901,-33.8928,-28.6956,0.000,NORMAL,1,ROUTE,,,,,PREVIEW_DEFAULT
277.0901,-33.8000,-28.7330,0.000,NORMAL,1,ROUTE,,,,,PREVIEW_DEFAULT
277.1901,-33.7072,-28.7702,0.000,NORMAL,1,ROUTE,,,,,PREVIEW_DEFAULT
277.2901,-33.6143,-28.8072,0.000,NORMAL,1,ROUTE,,,,,PREVIEW_DEFAULT
277.3900,-33.5214,-28.8441,0.000,NORMAL,1,ROUTE,,,,,PREVIEW_DEFAULT
277.4901,-33.4283,-28.8808,0.000,NORMAL,1,ROUTE,,,,,PREVIEW_DEFAULT
277.5900,-33.3353,-28.9173,0.000,NORMAL,1,ROUTE,,,,,PREVIEW_DEFAULT
277.6900,-33.2421,-28.9536,0.000,NORMAL,1,ROUTE,,,,,PREVIEW_DEFAULT
277.7900,-33.1489,-28.9898,0.000,NORMAL,1,ROUTE,,,,,PREVIEW_DEFAULT
277.8900,-33.0556,-29.0258,0.000,NORMAL,1,ROUTE,,,,,PREVIEW_DEFAULT
277.9900,-32.9623,-29.0618,0.000,NORMAL,1,ROUTE,,,,,PREVIEW_DEFAULT
278.0900,-32.8690,-29.0977,0.000,NORMAL,1,ROUTE,,,,,PREVIEW_DEFAULT
278.1901,-32.7756,-29.1337,0.000,NORMAL,1,ROUTE,,,,,PREVIEW_DEFAULT
278.2900,-32.6824,-29.1697,0.000,NORMAL,1,ROUTE,,,,,PREVIEW_DEFAULT
278.3900,-32.5892,-29.2060,0.000,NORMAL,1,ROUTE,,,,,PREVIEW_DEFAULT
278.4900,-32.4961,-29.2425,0.000,NORMAL,1,ROUTE,,,,,PREVIEW_DEFAULT
278.5900,-32.4032,-29.2794,0.000,NORMAL,1,ROUTE,,,,,PREVIEW_DEFAULT
278.6900,-32.3104,-29.3168,0.000,NORMAL,1,ROUTE,,,,,PREVIEW_DEFAULT
278.7901,-32.2179,-29.3548,0.000,NORMAL,1,ROUTE,,,,,PREVIEW_DEFAULT
278.8900,-32.1258,-29.3936,0.000,NORMAL,1,ROUTE,,,,,PREVIEW_DEFAULT
278.9900,-32.0340,-29.4333,0.000,NORMAL,1,ROUTE,,,,,PREVIEW_DEFAULT
279.0900,-31.9426,-29.4739,0.000,NORMAL,1,ROUTE,,,,,PREVIEW_DEFAULT
279.1900,-31.8518,-29.5158,0.000,NORMAL,1,ROUTE,,,,,PREVIEW_DEFAULT
279.2900,-31.7616,-29.5590,0.000,NORMAL,1,ROUTE,,,,,PREVIEW_DEFAULT
279.3900,-31.6721,-29.6036,0.000,NORMAL,1,ROUTE,,,,,PREVIEW_DEFAULT
279.4900,-31.5835,-29.6500,0.000,NORMAL,1,ROUTE,,,,,PREVIEW_DEFAULT
279.5900,-31.4959,-29.6981,0.000,NORMAL,1,ROUTE,,,,,PREVIEW_DEFAULT
279.6900,-31.4094,-29.7484,0.000,NORMAL,1,ROUTE,,,,,PREVIEW_DEFAULT
279.7900,-31.3243,-29.8008,0.000,NORMAL,1,ROUTE,,,,,PREVIEW_DEFAULT
279.8900,-31.2406,-29.8556,0.000,NORMAL,1,ROUTE,,,,,PREVIEW_DEFAULT
279.9900,-31.1587,-29.9129,0.000,NORMAL,1,ROUTE,,,,,PREVIEW_DEFAULT
280.0900,-31.0788,-29.9730,0.000,NORMAL,1,ROUTE,,,,,PREVIEW_DEFAULT
280.1899,-31.0011,-30.0359,0.000,NORMAL,1,ROUTE,,,,,PREVIEW_DEFAULT
280.2899,-30.9259,-30.1018,0.000,NORMAL,1,ROUTE,,,,,PREVIEW_DEFAULT
280.3899,-30.8535,-30.1708,0.000,NORMAL,1,ROUTE,,,,,PREVIEW_DEFAULT
280.4899,-30.7843,-30.2430,0.000,NORMAL,1,ROUTE,,,,,PREVIEW_DEFAULT
280.5899,-30.7185,-30.3182,0.000,NORMAL,1,ROUTE,,,,,PREVIEW_DEFAULT
280.6899,-30.6564,-30.3966,0.000,NORMAL,1,ROUTE,,,,,PREVIEW_DEFAULT
280.7899,-30.5983,-30.4780,0.000,NORMAL,1,ROUTE,,,,,PREVIEW_DEFAULT
280.8899,-30.5445,-30.5623,0.000,NORMAL,1,ROUTE,,,,,PREVIEW_DEFAULT
280.9899,-30.4952,-30.6493,0.000,NORMAL,1,ROUTE,,,,,PREVIEW_DEFAULT
281.0898,-30.4504,-30.7386,0.000,NORMAL,1,ROUTE,,,,,PREVIEW_DEFAULT
281.1898,-30.4102,-30.8302,0.000,NORMAL,1,ROUTE,,,,,PREVIEW_DEFAULT
281.2898,-30.3746,-30.9236,0.000,NORMAL,1,ROUTE,,,,,PREVIEW_DEFAULT
281.3898,-30.3434,-31.0186,0.000,NORMAL,1,ROUTE,,,,,PREVIEW_DEFAULT
281.4898,-30.3164,-31.1149,0.000,NORMAL,1,ROUTE,,,,,PREVIEW_DEFAULT
281.5898,-30.2934,-31.2122,0.000,NORMAL,1,ROUTE,,,,,PREVIEW_DEFAULT
281.6897,-30.2741,-31.3103,0.000,NORMAL,1,ROUTE,,,,,PREVIEW_DEFAULT
281.7898,-30.2580,-31.4090,0.000,NORMAL,1,ROUTE,,,,,PREVIEW_DEFAULT
281.8897,-30.2449,-31.5081,0.000,NORMAL,1,ROUTE,,,,,PREVIEW_DEFAULT
281.9898,-30.2342,-31.6076,0.000,NORMAL,1,ROUTE,,,,,PREVIEW_DEFAULT
282.0898,-30.2256,-31.7072,0.000,NORMAL,1,ROUTE,,,,,PREVIEW_DEFAULT
282.1898,-30.2187,-31.8070,0.000,NORMAL,1,ROUTE,,,,,PREVIEW_DEFAULT
282.2898,-30.2131,-31.9068,0.000,NORMAL,1,ROUTE,,,,,PREVIEW_DEFAULT
282.3898,-30.2083,-32.0067,0.000,NORMAL,1,ROUTE,,,,,PREVIEW_DEFAULT
282.4898,-30.2040,-32.1066,0.000,NORMAL,1,ROUTE,,,,,PREVIEW_DEFAULT
282.5897,-30.1998,-32.2065,0.000,NORMAL,1,ROUTE,,,,,PREVIEW_DEFAULT
282.6898,-30.1953,-32.3064,0.000,NORMAL,1,ROUTE,,,,,PREVIEW_DEFAULT
282.7897,-30.1901,-32.4062,0.000,NORMAL,1,ROUTE,,,,,PREVIEW_DEFAULT
282.8898,-30.1841,-32.5061,0.000,NORMAL,1,ROUTE,,,,,PREVIEW_DEFAULT
282.9897,-30.1768,-32.6058,0.000,NORMAL,1,ROUTE,,,,,PREVIEW_DEFAULT
283.0897,-30.1680,-32.7054,0.000,NORMAL,1,ROUTE,,,,,PREVIEW_DEFAULT
283.1897,-30.1575,-32.8048,0.000,NORMAL,1,ROUTE,,,,,PREVIEW_DEFAULT
283.2897,-30.1451,-32.9041,0.000,NORMAL,1,ROUTE,,,,,PREVIEW_DEFAULT
283.3897,-30.1308,-33.0030,0.000,NORMAL,1,ROUTE,,,,,PREVIEW_DEFAULT
283.4897,-30.1144,-33.1017,0.000,NORMAL,1,ROUTE,,,,,PREVIEW_DEFAULT
283.5897,-30.0959,-33.1999,0.000,NORMAL,1,ROUTE,,,,,PREVIEW_DEFAULT
283.6897,-30.0755,-33.2978,0.000,NORMAL,1,ROUTE,,,,,PREVIEW_DEFAULT
283.7897,-30.0533,-33.3953,0.000,NORMAL,1,ROUTE,,,,,PREVIEW_DEFAULT
283.8897,-30.0296,-33.4925,0.000,NORMAL,1,ROUTE,,,,,PREVIEW_DEFAULT
283.9897,-30.0045,-33.5893,0.000,NORMAL,1,ROUTE,,,,,PREVIEW_DEFAULT
284.0897,-29.9784,-33.6858,0.000,NORMAL,1,ROUTE,,,,,PREVIEW_DEFAULT
284.1897,-29.9518,-33.7822,0.000,NORMAL,1,ROUTE,,,,,PREVIEW_DEFAULT
284.2897,-29.9251,-33.8786,0.000,NORMAL,1,ROUTE,,,,,PREVIEW_DEFAULT
284.3896,-29.8988,-33.9750,0.000,NORMAL,1,ROUTE,,,,,PREVIEW_DEFAULT
284.4897,-29.8734,-34.0718,0.000,NORMAL,1,ROUTE,,,,,PREVIEW_DEFAULT
284.5897,-29.8497,-34.1689,0.000,NORMAL,1,ROUTE,,,,,PREVIEW_DEFAULT
284.6897,-29.8281,-34.2666,0.000,NORMAL,1,ROUTE,,,,,PREVIEW_DEFAULT
284.7897,-29.8095,-34.3648,0.000,NORMAL,1,ROUTE,,,,,PREVIEW_DEFAULT
284.8897,-29.7947,-34.4637,0.000,NORMAL,1,ROUTE,,,,,PREVIEW_DEFAULT
284.9690,-29.7864,-34.5426,0.000,PERP_PARK,1,T_PARK,T_PARK_START,ENTER_ZONE,,,PREVIEW_DEFAULT
284.9897,-29.7848,-34.5632,0.000,PERP_PARK,1,T_PARK,,,,,PREVIEW_DEFAULT
285.0896,-29.7801,-34.6630,0.000,PERP_PARK,1,T_PARK,,,,,PREVIEW_DEFAULT
285.1896,-29.7803,-34.7630,0.000,PERP_PARK,1,T_PARK,,,,,PREVIEW_DEFAULT
285.2896,-29.7852,-34.8629,0.000,PERP_PARK,1,T_PARK,,,,,PREVIEW_DEFAULT
285.3896,-29.7943,-34.9625,0.000,PERP_PARK,1,T_PARK,,,,,PREVIEW_DEFAULT
285.4896,-29.8075,-35.0616,0.000,PERP_PARK,1,T_PARK,,,,,PREVIEW_DEFAULT
285.5895,-29.8244,-35.1601,0.000,PERP_PARK,1,T_PARK,,,,,PREVIEW_DEFAULT
285.6896,-29.8447,-35.2581,0.000,PERP_PARK,1,T_PARK,,,,,PREVIEW_DEFAULT
285.7895,-29.8680,-35.3553,0.000,PERP_PARK,1,T_PARK,,,,,PREVIEW_DEFAULT
285.8895,-29.8941,-35.4518,0.000,PERP_PARK,1,T_PARK,,,,,PREVIEW_DEFAULT
285.9895,-29.9228,-35.5476,0.000,PERP_PARK,1,T_PARK,,,,,PREVIEW_DEFAULT
286.0895,-29.9537,-35.6427,0.000,PERP_PARK,1,T_PARK,,,,,PREVIEW_DEFAULT
286.1895,-29.9865,-35.7372,0.000,PERP_PARK,1,T_PARK,,,,,PREVIEW_DEFAULT
286.2895,-30.0210,-35.8310,0.000,PERP_PARK,1,T_PARK,,,,,PREVIEW_DEFAULT
286.3895,-30.0571,-35.9243,0.000,PERP_PARK,1,T_PARK,,,,,PREVIEW_DEFAULT
286.4895,-30.0944,-36.0171,0.000,PERP_PARK,1,T_PARK,,,,,PREVIEW_DEFAULT
286.5895,-30.1327,-36.1094,0.000,PERP_PARK,1,T_PARK,,,,,PREVIEW_DEFAULT
286.6895,-30.1720,-36.2014,0.000,PERP_PARK,1,T_PARK,,,,,PREVIEW_DEFAULT
286.7895,-30.2119,-36.2931,0.000,PERP_PARK,1,T_PARK,,,,,PREVIEW_DEFAULT
286.8895,-30.2524,-36.3845,0.000,PERP_PARK,1,T_PARK,,,,,PREVIEW_DEFAULT
286.9895,-30.2933,-36.4758,0.000,PERP_PARK,1,T_PARK,,,,,PREVIEW_DEFAULT
287.0895,-30.3344,-36.5669,0.000,PERP_PARK,1,T_PARK,,,,,PREVIEW_DEFAULT
287.1895,-30.3758,-36.6579,0.000,PERP_PARK,1,T_PARK,,,,,PREVIEW_DEFAULT
287.2895,-30.4172,-36.7490,0.000,PERP_PARK,1,T_PARK,,,,,PREVIEW_DEFAULT
287.3895,-30.4585,-36.8400,0.000,PERP_PARK,1,T_PARK,,,,,PREVIEW_DEFAULT
287.4895,-30.4998,-36.9311,0.000,PERP_PARK,1,T_PARK,,,,,PREVIEW_DEFAULT
287.5895,-30.5410,-37.0222,0.000,PERP_PARK,1,T_PARK,,,,,PREVIEW_DEFAULT
287.6895,-30.5820,-37.1134,0.000,PERP_PARK,1,T_PARK,,,,,PREVIEW_DEFAULT
287.7894,-30.6227,-37.2047,0.000,PERP_PARK,1,T_PARK,,,,,PREVIEW_DEFAULT
287.8895,-30.6633,-37.2962,0.000,PERP_PARK,1,T_PARK,,,,,PREVIEW_DEFAULT
287.9895,-30.7035,-37.3877,0.000,PERP_PARK,1,T_PARK,,,,,PREVIEW_DEFAULT
288.0894,-30.7435,-37.4793,0.000,PERP_PARK,1,T_PARK,,,,,PREVIEW_DEFAULT
288.1895,-30.7833,-37.5711,0.000,PERP_PARK,1,T_PARK,,,,,PREVIEW_DEFAULT
288.2895,-30.8228,-37.6630,0.000,PERP_PARK,1,T_PARK,,,,,PREVIEW_DEFAULT
288.3894,-30.8620,-37.7549,0.000,PERP_PARK,1,T_PARK,,,,,PREVIEW_DEFAULT
288.4894,-30.9010,-37.8470,0.000,PERP_PARK,1,T_PARK,,,,,PREVIEW_DEFAULT
288.5894,-30.9397,-37.9392,0.000,PERP_PARK,1,T_PARK,,,,,PREVIEW_DEFAULT
288.6894,-30.9782,-38.0315,0.000,PERP_PARK,1,T_PARK,,,,,PREVIEW_DEFAULT
288.7895,-31.0165,-38.1239,0.000,PERP_PARK,1,T_PARK,,,,,PREVIEW_DEFAULT
288.8894,-31.0546,-38.2163,0.000,PERP_PARK,1,T_PARK,,,,,PREVIEW_DEFAULT
288.9895,-31.0925,-38.3089,0.000,PERP_PARK,1,T_PARK,,,,,PREVIEW_DEFAULT
289.0894,-31.1302,-38.4015,0.000,PERP_PARK,1,T_PARK,,,,,PREVIEW_DEFAULT
289.1895,-31.1678,-38.4942,0.000,PERP_PARK,1,T_PARK,,,,,PREVIEW_DEFAULT
289.2894,-31.2052,-38.5869,0.000,PERP_PARK,1,T_PARK,,,,,PREVIEW_DEFAULT
289.3894,-31.2425,-38.6797,0.000,PERP_PARK,1,T_PARK,,,,,PREVIEW_DEFAULT
289.4894,-31.2797,-38.7725,0.000,PERP_PARK,1,T_PARK,,,,,PREVIEW_DEFAULT
289.5894,-31.3167,-38.8654,0.000,PERP_PARK,1,T_PARK,,,,,PREVIEW_DEFAULT
289.6894,-31.3536,-38.9583,0.000,PERP_PARK,1,T_PARK,,,,,PREVIEW_DEFAULT
289.7894,-31.3904,-39.0513,0.000,PERP_PARK,1,T_PARK,,,,,PREVIEW_DEFAULT
289.8894,-31.4272,-39.1443,0.000,PERP_PARK,1,T_PARK,,,,,PREVIEW_DEFAULT
289.9894,-31.4638,-39.2373,0.000,PERP_PARK,1,T_PARK,,,,,PREVIEW_DEFAULT
290.0894,-31.5004,-39.3304,0.000,PERP_PARK,1,T_PARK,,,,,PREVIEW_DEFAULT
290.1894,-31.5369,-39.4235,0.000,PERP_PARK,1,T_PARK,,,,,PREVIEW_DEFAULT
290.2894,-31.5733,-39.5166,0.000,PERP_PARK,1,T_PARK,,,,,PREVIEW_DEFAULT
290.3894,-31.6097,-39.6098,0.000,PERP_PARK,1,T_PARK,,,,,PREVIEW_DEFAULT
290.4893,-31.6460,-39.7029,0.000,PERP_PARK,1,T_PARK,,,,,PREVIEW_DEFAULT
290.5894,-31.6823,-39.7961,0.000,PERP_PARK,1,T_PARK,,,,,PREVIEW_DEFAULT
290.6893,-31.7185,-39.8893,0.000,PERP_PARK,1,T_PARK,,,,,PREVIEW_DEFAULT
290.7894,-31.7547,-39.9826,0.000,PERP_PARK,1,T_PARK,,,,,PREVIEW_DEFAULT
290.8894,-31.7908,-40.0758,0.000,PERP_PARK,1,T_PARK,,,,,PREVIEW_DEFAULT
290.9894,-31.8269,-40.1691,0.000,PERP_PARK,1,T_PARK,,,,,PREVIEW_DEFAULT
291.0894,-31.8629,-40.2624,0.000,PERP_PARK,1,T_PARK,,,,,PREVIEW_DEFAULT
291.1894,-31.8989,-40.3557,0.000,PERP_PARK,1,T_PARK,,,,,PREVIEW_DEFAULT
291.2894,-31.9348,-40.4490,0.000,PERP_PARK,1,T_PARK,,,,,PREVIEW_DEFAULT
291.3894,-31.9708,-40.5423,0.000,PERP_PARK,1,T_PARK,,,,,PREVIEW_DEFAULT
291.4893,-32.0066,-40.6356,0.000,PERP_PARK,1,T_PARK,,,,,PREVIEW_DEFAULT
291.5894,-32.0425,-40.7290,0.000,PERP_PARK,1,T_PARK,,,,,PREVIEW_DEFAULT
291.6893,-32.0783,-40.8223,0.000,PERP_PARK,1,T_PARK,,,,,PREVIEW_DEFAULT
291.7893,-32.1141,-40.9157,0.000,PERP_PARK,1,T_PARK,,,,,PREVIEW_DEFAULT
291.8893,-32.1498,-41.0091,0.000,PERP_PARK,1,T_PARK,,,,,PREVIEW_DEFAULT
291.9894,-32.1856,-41.1025,0.000,PERP_PARK,1,T_PARK,,,,,PREVIEW_DEFAULT
292.0893,-32.2213,-41.1959,0.000,PERP_PARK,1,T_PARK,,,,,PREVIEW_DEFAULT
292.1893,-32.2570,-41.2893,0.000,PERP_PARK,1,T_PARK,,,,,PREVIEW_DEFAULT
292.2893,-32.2926,-41.3827,0.000,PERP_PARK,1,T_PARK,,,,,PREVIEW_DEFAULT
292.3894,-32.3283,-41.4762,0.000,PERP_PARK,1,T_PARK,,,,,PREVIEW_DEFAULT
292.4893,-32.3639,-41.5696,0.000,PERP_PARK,1,T_PARK,,,,,PREVIEW_DEFAULT
292.5893,-32.3995,-41.6630,0.000,PERP_PARK,1,T_PARK,,,,,PREVIEW_DEFAULT
292.6893,-32.4351,-41.7565,0.000,PERP_PARK,1,T_PARK,,,,,PREVIEW_DEFAULT
292.7893,-32.4707,-41.8499,0.000,PERP_PARK,1,T_PARK,,,,,PREVIEW_DEFAULT
292.8893,-32.5062,-41.9434,0.000,PERP_PARK,1,T_PARK,,,,,PREVIEW_DEFAULT
292.9893,-32.5418,-42.0369,0.000,PERP_PARK,1,T_PARK,,,,,PREVIEW_DEFAULT
293.0893,-32.5773,-42.1303,0.000,PERP_PARK,1,T_PARK,,,,,PREVIEW_DEFAULT
293.1893,-32.6128,-42.2238,0.000,PERP_PARK,1,T_PARK,,,,,PREVIEW_DEFAULT
293.2893,-32.6484,-42.3173,0.000,PERP_PARK,1,T_PARK,,,,,PREVIEW_DEFAULT
293.3893,-32.6839,-42.4108,0.000,PERP_PARK,1,T_PARK,,,,,PREVIEW_DEFAULT
293.4893,-32.7194,-42.5042,0.000,PERP_PARK,1,T_PARK,,,,,PREVIEW_DEFAULT
293.5893,-32.7549,-42.5977,0.000,PERP_PARK,1,T_PARK,,,,,PREVIEW_DEFAULT
293.6893,-32.7905,-42.6912,0.000,PERP_PARK,1,T_PARK,,,,,PREVIEW_DEFAULT
293.7893,-32.8260,-42.7847,0.000,PERP_PARK,1,T_PARK,,,,,PREVIEW_DEFAULT
293.8892,-32.8615,-42.8781,0.000,PERP_PARK,1,T_PARK,,,,,PREVIEW_DEFAULT
293.9893,-32.8970,-42.9716,0.000,PERP_PARK,1,T_PARK,,,,,PREVIEW_DEFAULT
294.0893,-32.9326,-43.0651,0.000,PERP_PARK,1,T_PARK,,,,,PREVIEW_DEFAULT
294.1892,-32.9681,-43.1585,0.000,PERP_PARK,1,T_PARK,,,,,PREVIEW_DEFAULT
294.2893,-33.0037,-43.2520,0.000,PERP_PARK,1,T_PARK,,,,,PREVIEW_DEFAULT
294.3892,-33.0393,-43.3454,0.000,PERP_PARK,1,T_PARK,,,,,PREVIEW_DEFAULT
294.4893,-33.0749,-43.4389,0.000,PERP_PARK,1,T_PARK,,,,,PREVIEW_DEFAULT
294.5892,-33.1105,-43.5323,0.000,PERP_PARK,1,T_PARK,,,,,PREVIEW_DEFAULT
294.6893,-33.1461,-43.6258,0.000,PERP_PARK,1,T_PARK,,,,,PREVIEW_DEFAULT
294.7893,-33.1818,-43.7192,0.000,PERP_PARK,1,T_PARK,,,,,PREVIEW_DEFAULT
294.8893,-33.2175,-43.8126,0.000,PERP_PARK,1,T_PARK,,,,,PREVIEW_DEFAULT
294.9893,-33.2532,-43.9060,0.000,PERP_PARK,1,T_PARK,,,,,PREVIEW_DEFAULT
295.0892,-33.2889,-43.9994,0.000,PERP_PARK,1,T_PARK,,,,,PREVIEW_DEFAULT
295.1892,-33.3246,-44.0928,0.000,PERP_PARK,1,T_PARK,,,,,PREVIEW_DEFAULT
295.2893,-33.3604,-44.1862,0.000,PERP_PARK,1,T_PARK,,,,,PREVIEW_DEFAULT
295.3892,-33.3962,-44.2795,0.000,PERP_PARK,1,T_PARK,,,,,PREVIEW_DEFAULT
295.4893,-33.4321,-44.3729,0.000,PERP_PARK,1,T_PARK,,,,,PREVIEW_DEFAULT
295.5892,-33.4680,-44.4662,0.000,PERP_PARK,1,T_PARK,,,,,PREVIEW_DEFAULT
295.6892,-33.5039,-44.5595,0.000,PERP_PARK,1,T_PARK,,,,,PREVIEW_DEFAULT
295.7893,-33.5398,-44.6529,0.000,PERP_PARK,1,T_PARK,,,,,PREVIEW_DEFAULT
295.8892,-33.5758,-44.7461,0.000,PERP_PARK,1,T_PARK,,,,,PREVIEW_DEFAULT
295.9892,-33.6119,-44.8394,0.000,PERP_PARK,1,T_PARK,,,,,PREVIEW_DEFAULT
296.0892,-33.6479,-44.9327,0.000,PERP_PARK,1,T_PARK,,,,,PREVIEW_DEFAULT
296.1892,-33.6841,-45.0259,0.000,PERP_PARK,1,T_PARK,,,,,PREVIEW_DEFAULT
296.2892,-33.7202,-45.1192,0.000,PERP_PARK,1,T_PARK,,,,,PREVIEW_DEFAULT
296.3893,-33.7565,-45.2124,0.000,PERP_PARK,1,T_PARK,,,,,PREVIEW_DEFAULT
296.4891,-33.7927,-45.3055,0.000,PERP_PARK,1,T_PARK,,,,,PREVIEW_DEFAULT
296.5892,-33.8291,-45.3987,0.000,PERP_PARK,1,T_PARK,,,,,PREVIEW_DEFAULT
296.6892,-33.8654,-45.4919,0.000,PERP_PARK,1,T_PARK,,,,,PREVIEW_DEFAULT
296.7892,-33.9019,-45.5850,0.000,PERP_PARK,1,T_PARK,,,,,PREVIEW_DEFAULT
296.8892,-33.9384,-45.6781,0.000,PERP_PARK,1,T_PARK,,,,,PREVIEW_DEFAULT
296.9892,-33.9749,-45.7712,0.000,PERP_PARK,1,T_PARK,,,,,PREVIEW_DEFAULT
297.0892,-34.0115,-45.8642,0.000,PERP_PARK,1,T_PARK,,,,,PREVIEW_DEFAULT
297.1891,-34.0482,-45.9572,0.000,PERP_PARK,1,T_PARK,,,,,PREVIEW_DEFAULT
297.2891,-34.0849,-46.0502,0.000,PERP_PARK,1,T_PARK,,,,,PREVIEW_DEFAULT
297.3891,-34.1217,-46.1432,0.000,PERP_PARK,1,T_PARK,,,,,PREVIEW_DEFAULT
297.4892,-34.1586,-46.2362,0.000,PERP_PARK,1,T_PARK,,,,,PREVIEW_DEFAULT
297.5892,-34.1956,-46.3291,0.000,PERP_PARK,1,T_PARK,,,,,PREVIEW_DEFAULT
297.6892,-34.2326,-46.4220,0.000,PERP_PARK,1,T_PARK,,,,,PREVIEW_DEFAULT
297.7891,-34.2697,-46.5148,0.000,PERP_PARK,1,T_PARK,,,,,PREVIEW_DEFAULT
297.8892,-34.3068,-46.6077,0.000,PERP_PARK,1,T_PARK,,,,,PREVIEW_DEFAULT
297.9892,-34.3441,-46.7005,0.000,PERP_PARK,1,T_PARK,,,,,PREVIEW_DEFAULT
298.0892,-34.3814,-46.7933,0.000,PERP_PARK,1,T_PARK,,,,,PREVIEW_DEFAULT
298.1891,-34.4188,-46.8860,0.000,PERP_PARK,1,T_PARK,,,,,PREVIEW_DEFAULT
298.2891,-34.4563,-46.9787,0.000,PERP_PARK,1,T_PARK,,,,,PREVIEW_DEFAULT
298.3891,-34.4938,-47.0714,0.000,PERP_PARK,1,T_PARK,,,,,PREVIEW_DEFAULT
298.4891,-34.5315,-47.1640,0.000,PERP_PARK,1,T_PARK,,,,,PREVIEW_DEFAULT
298.5891,-34.5692,-47.2566,0.000,PERP_PARK,1,T_PARK,,,,,PREVIEW_DEFAULT
298.6891,-34.6070,-47.3492,0.000,PERP_PARK,1,T_PARK,,,,,PREVIEW_DEFAULT
298.7891,-34.6449,-47.4417,0.000,PERP_PARK,1,T_PARK,,,,,PREVIEW_DEFAULT
298.8891,-34.6829,-47.5342,0.000,PERP_PARK,1,T_PARK,,,,,PREVIEW_DEFAULT
298.9891,-34.7210,-47.6267,0.000,PERP_PARK,1,T_PARK,,,,,PREVIEW_DEFAULT
299.0891,-34.7592,-47.7191,0.000,PERP_PARK,1,T_PARK,,,,,PREVIEW_DEFAULT
299.1891,-34.7975,-47.8115,0.000,PERP_PARK,1,T_PARK,,,,,PREVIEW_DEFAULT
299.2891,-34.8359,-47.9038,0.000,PERP_PARK,1,T_PARK,,,,,PREVIEW_DEFAULT
299.3891,-34.8744,-47.9961,0.000,PERP_PARK,1,T_PARK,,,,,PREVIEW_DEFAULT
299.4891,-34.9130,-48.0883,0.000,PERP_PARK,1,T_PARK,,,,,PREVIEW_DEFAULT
299.5891,-34.9517,-48.1805,0.000,PERP_PARK,1,T_PARK,,,,,PREVIEW_DEFAULT
299.6891,-34.9905,-48.2727,0.000,PERP_PARK,1,T_PARK,,,,,PREVIEW_DEFAULT
299.7891,-35.0294,-48.3648,0.000,PERP_PARK,1,T_PARK,,,,,PREVIEW_DEFAULT
299.8891,-35.0684,-48.4569,0.000,PERP_PARK,1,T_PARK,,,,,PREVIEW_DEFAULT
299.9891,-35.1076,-48.5489,0.000,PERP_PARK,1,T_PARK,,,,,PREVIEW_DEFAULT
300.0891,-35.1468,-48.6409,0.000,PERP_PARK,1,T_PARK,,,,,PREVIEW_DEFAULT
300.1891,-35.1862,-48.7328,0.000,PERP_PARK,1,T_PARK,,,,,PREVIEW_DEFAULT
300.2891,-35.2256,-48.8247,0.000,PERP_PARK,1,T_PARK,,,,,PREVIEW_DEFAULT
300.3890,-35.2652,-48.9165,0.000,PERP_PARK,1,T_PARK,,,,,PREVIEW_DEFAULT
300.4891,-35.3049,-49.0083,0.000,PERP_PARK,1,T_PARK,,,,,PREVIEW_DEFAULT
300.5891,-35.3448,-49.1000,0.000,PERP_PARK,1,T_PARK,,,,,PREVIEW_DEFAULT
300.6891,-35.3847,-49.1917,0.000,PERP_PARK,1,T_PARK,,,,,PREVIEW_DEFAULT
300.7891,-35.4248,-49.2833,0.000,PERP_PARK,1,T_PARK,,,,,PREVIEW_DEFAULT
300.8891,-35.4650,-49.3749,0.000,PERP_PARK,1,T_PARK,,,,,PREVIEW_DEFAULT
300.9891,-35.5053,-49.4664,0.000,PERP_PARK,1,T_PARK,,,,,PREVIEW_DEFAULT
301.0891,-35.5458,-49.5578,0.000,PERP_PARK,1,T_PARK,,,,,PREVIEW_DEFAULT
301.1891,-35.5864,-49.6492,0.000,PERP_PARK,1,T_PARK,,,,,PREVIEW_DEFAULT
301.2890,-35.6271,-49.7405,0.000,PERP_PARK,1,T_PARK,,,,,PREVIEW_DEFAULT
301.3891,-35.6680,-49.8318,0.000,PERP_PARK,1,T_PARK,,,,,PREVIEW_DEFAULT
301.4891,-35.7090,-49.9230,0.000,PERP_PARK,1,T_PARK,,,,,PREVIEW_DEFAULT
301.5890,-35.7501,-50.0141,0.000,PERP_PARK,1,T_PARK,,,,,PREVIEW_DEFAULT
301.6890,-35.7914,-50.1052,0.000,PERP_PARK,1,T_PARK,,,,,PREVIEW_DEFAULT
301.7890,-35.8328,-50.1962,0.000,PERP_PARK,1,T_PARK,,,,,PREVIEW_DEFAULT
301.8891,-35.8744,-50.2872,0.000,PERP_PARK,1,T_PARK,,,,,PREVIEW_DEFAULT
301.9890,-35.9161,-50.3780,0.000,PERP_PARK,1,T_PARK,,,,,PREVIEW_DEFAULT
302.0890,-35.9580,-50.4688,0.000,PERP_PARK,1,T_PARK,,,,,PREVIEW_DEFAULT
302.1891,-36.0001,-50.5596,0.000,PERP_PARK,1,T_PARK,,,,,PREVIEW_DEFAULT
302.2890,-36.0423,-50.6502,0.000,PERP_PARK,1,T_PARK,,,,,PREVIEW_DEFAULT
302.3890,-36.0846,-50.7408,0.000,PERP_PARK,1,T_PARK,,,,,PREVIEW_DEFAULT
302.4890,-36.1271,-50.8313,0.000,PERP_PARK,1,T_PARK,,,,,PREVIEW_DEFAULT
302.5890,-36.1698,-50.9217,0.000,PERP_PARK,1,T_PARK,,,,,PREVIEW_DEFAULT
302.6890,-36.2127,-51.0121,0.000,PERP_PARK,1,T_PARK,,,,,PREVIEW_DEFAULT
302.7889,-36.2557,-51.1023,0.000,PERP_PARK,1,T_PARK,,,,,PREVIEW_DEFAULT
302.8890,-36.2989,-51.1925,0.000,PERP_PARK,1,T_PARK,,,,,PREVIEW_DEFAULT
302.9890,-36.3423,-51.2826,0.000,PERP_PARK,1,T_PARK,,,,,PREVIEW_DEFAULT
303.0890,-36.3858,-51.3727,0.000,PERP_PARK,1,T_PARK,,,,,PREVIEW_DEFAULT
303.1890,-36.4295,-51.4626,0.000,PERP_PARK,1,T_PARK,,,,,PREVIEW_DEFAULT
303.2890,-36.4734,-51.5525,0.000,PERP_PARK,1,T_PARK,,,,,PREVIEW_DEFAULT
303.3889,-36.5174,-51.6422,0.000,PERP_PARK,1,T_PARK,,,,,PREVIEW_DEFAULT
303.4890,-36.5616,-51.7320,0.000,PERP_PARK,1,T_PARK,,,,,PREVIEW_DEFAULT
303.5890,-36.6059,-51.8216,0.000,PERP_PARK,1,T_PARK,,,,,PREVIEW_DEFAULT
303.6890,-36.6504,-51.9112,0.000,PERP_PARK,1,T_PARK,,,,,PREVIEW_DEFAULT
303.7890,-36.6949,-52.0007,0.000,PERP_PARK,1,T_PARK,,,,,PREVIEW_DEFAULT
303.8890,-36.7396,-52.0902,0.000,PERP_PARK,1,T_PARK,,,,,PREVIEW_DEFAULT
303.9890,-36.7843,-52.1796,0.000,PERP_PARK,1,T_PARK,,,,,PREVIEW_DEFAULT
304.0890,-36.8292,-52.2690,0.000,PERP_PARK,1,T_PARK,,,,,PREVIEW_DEFAULT
304.1889,-36.8740,-52.3583,0.000,PERP_PARK,1,T_PARK,,,,,PREVIEW_DEFAULT
304.2890,-36.9189,-52.4477,0.000,PERP_PARK,-1,T_PARK,T2_FORWARD_TO_REVERSE,SET_REVERSE,,,T2_FORWARD_TO_REVERSE
304.3889,-36.8656,-52.3632,0.000,PERP_PARK,-1,T_PARK,,,,,T2_FORWARD_TO_REVERSE
304.4888,-36.8120,-52.2788,0.000,PERP_PARK,-1,T_PARK,,,,,T2_FORWARD_TO_REVERSE
304.5888,-36.7581,-52.1946,0.000,PERP_PARK,-1,T_PARK,,,,,T2_FORWARD_TO_REVERSE
304.6888,-36.7038,-52.1107,0.000,PERP_PARK,-1,T_PARK,,,,,T2_FORWARD_TO_REVERSE
304.7887,-36.6491,-52.0271,0.000,PERP_PARK,-1,T_PARK,,,,,T2_FORWARD_TO_REVERSE
304.8886,-36.5940,-51.9437,0.000,PERP_PARK,-1,T_PARK,,,,,T2_FORWARD_TO_REVERSE
304.9885,-36.5384,-51.8607,0.000,PERP_PARK,-1,T_PARK,,,,,T2_FORWARD_TO_REVERSE
305.0885,-36.4824,-51.7779,0.000,PERP_PARK,-1,T_PARK,,,,,T2_FORWARD_TO_REVERSE
305.1884,-36.4261,-51.6953,0.000,PERP_PARK,-1,T_PARK,,,,,T2_FORWARD_TO_REVERSE
305.2883,-36.3695,-51.6130,0.000,PERP_PARK,-1,T_PARK,,,,,T2_FORWARD_TO_REVERSE
305.3883,-36.3125,-51.5309,0.000,PERP_PARK,-1,T_PARK,,,,,T2_FORWARD_TO_REVERSE
305.4883,-36.2551,-51.4490,0.000,PERP_PARK,-1,T_PARK,,,,,T2_FORWARD_TO_REVERSE
305.5882,-36.1975,-51.3674,0.000,PERP_PARK,-1,T_PARK,,,,,T2_FORWARD_TO_REVERSE
305.6881,-36.1395,-51.2860,0.000,PERP_PARK,-1,T_PARK,,,,,T2_FORWARD_TO_REVERSE
305.7881,-36.0812,-51.2048,0.000,PERP_PARK,-1,T_PARK,,,,,T2_FORWARD_TO_REVERSE
305.8880,-36.0226,-51.1238,0.000,PERP_PARK,-1,T_PARK,,,,,T2_FORWARD_TO_REVERSE
305.9880,-35.9637,-51.0430,0.000,PERP_PARK,-1,T_PARK,,,,,T2_FORWARD_TO_REVERSE
306.0880,-35.9046,-50.9624,0.000,PERP_PARK,-1,T_PARK,,,,,T2_FORWARD_TO_REVERSE
306.1878,-35.8453,-50.8821,0.000,PERP_PARK,-1,T_PARK,,,,,T2_FORWARD_TO_REVERSE
306.2879,-35.7856,-50.8018,0.000,PERP_PARK,-1,T_PARK,,,,,T2_FORWARD_TO_REVERSE
306.3877,-35.7258,-50.7218,0.000,PERP_PARK,-1,T_PARK,,,,,T2_FORWARD_TO_REVERSE
306.4877,-35.6657,-50.6419,0.000,PERP_PARK,-1,T_PARK,,,,,T2_FORWARD_TO_REVERSE
306.5877,-35.6054,-50.5622,0.000,PERP_PARK,-1,T_PARK,,,,,T2_FORWARD_TO_REVERSE
306.6876,-35.5449,-50.4827,0.000,PERP_PARK,-1,T_PARK,,,,,T2_FORWARD_TO_REVERSE
306.7875,-35.4842,-50.4033,0.000,PERP_PARK,-1,T_PARK,,,,,T2_FORWARD_TO_REVERSE
306.8875,-35.4233,-50.3240,0.000,PERP_PARK,-1,T_PARK,,,,,T2_FORWARD_TO_REVERSE
306.9874,-35.3623,-50.2449,0.000,PERP_PARK,-1,T_PARK,,,,,T2_FORWARD_TO_REVERSE
307.0873,-35.3011,-50.1659,0.000,PERP_PARK,-1,T_PARK,,,,,T2_FORWARD_TO_REVERSE
307.1873,-35.2397,-50.0870,0.000,PERP_PARK,-1,T_PARK,,,,,T2_FORWARD_TO_REVERSE
307.2873,-35.1782,-50.0082,0.000,PERP_PARK,-1,T_PARK,,,,,T2_FORWARD_TO_REVERSE
307.3872,-35.1166,-49.9295,0.000,PERP_PARK,-1,T_PARK,,,,,T2_FORWARD_TO_REVERSE
307.4872,-35.0548,-49.8509,0.000,PERP_PARK,-1,T_PARK,,,,,T2_FORWARD_TO_REVERSE
307.5871,-34.9930,-49.7724,0.000,PERP_PARK,-1,T_PARK,,,,,T2_FORWARD_TO_REVERSE
307.6870,-34.9310,-49.6940,0.000,PERP_PARK,-1,T_PARK,,,,,T2_FORWARD_TO_REVERSE
307.7869,-34.8690,-49.6157,0.000,PERP_PARK,-1,T_PARK,,,,,T2_FORWARD_TO_REVERSE
307.8869,-34.8068,-49.5374,0.000,PERP_PARK,-1,T_PARK,,,,,T2_FORWARD_TO_REVERSE
307.9868,-34.7446,-49.4592,0.000,PERP_PARK,-1,T_PARK,,,,,T2_FORWARD_TO_REVERSE
308.0868,-34.6824,-49.3809,0.000,PERP_PARK,-1,T_PARK,,,,,T2_FORWARD_TO_REVERSE
308.1867,-34.6202,-49.3028,0.000,PERP_PARK,-1,T_PARK,,,,,T2_FORWARD_TO_REVERSE
308.2867,-34.5579,-49.2246,0.000,PERP_PARK,-1,T_PARK,,,,,T2_FORWARD_TO_REVERSE
308.3866,-34.4956,-49.1465,0.000,PERP_PARK,-1,T_PARK,,,,,T2_FORWARD_TO_REVERSE
308.4865,-34.4333,-49.0683,0.000,PERP_PARK,-1,T_PARK,,,,,T2_FORWARD_TO_REVERSE
308.5865,-34.3710,-48.9901,0.000,PERP_PARK,-1,T_PARK,,,,,T2_FORWARD_TO_REVERSE
308.6865,-34.3088,-48.9119,0.000,PERP_PARK,-1,T_PARK,,,,,T2_FORWARD_TO_REVERSE
308.7864,-34.2467,-48.8336,0.000,PERP_PARK,-1,T_PARK,,,,,T2_FORWARD_TO_REVERSE
308.8864,-34.1845,-48.7553,0.000,PERP_PARK,-1,T_PARK,,,,,T2_FORWARD_TO_REVERSE
308.9863,-34.1225,-48.6770,0.000,PERP_PARK,-1,T_PARK,,,,,T2_FORWARD_TO_REVERSE
309.0862,-34.0606,-48.5985,0.000,PERP_PARK,-1,T_PARK,,,,,T2_FORWARD_TO_REVERSE
309.1862,-33.9987,-48.5200,0.000,PERP_PARK,-1,T_PARK,,,,,T2_FORWARD_TO_REVERSE
309.2861,-33.9370,-48.4414,0.000,PERP_PARK,-1,T_PARK,,,,,T2_FORWARD_TO_REVERSE
309.3861,-33.8754,-48.3627,0.000,PERP_PARK,-1,T_PARK,,,,,T2_FORWARD_TO_REVERSE
309.4859,-33.8143,-48.2837,0.000,PERP_PARK,-1,T_PARK,,,,,T2_FORWARD_TO_REVERSE
309.5859,-33.7538,-48.2041,0.000,PERP_PARK,-1,T_PARK,,,,,T2_FORWARD_TO_REVERSE
309.6858,-33.6946,-48.1236,0.000,PERP_PARK,-1,T_PARK,,,,,T2_FORWARD_TO_REVERSE
309.7858,-33.6373,-48.0417,0.000,PERP_PARK,-1,T_PARK,,,,,T2_FORWARD_TO_REVERSE
309.8857,-33.5824,-47.9582,0.000,PERP_PARK,-1,T_PARK,,,,,T2_FORWARD_TO_REVERSE
309.9857,-33.5305,-47.8727,0.000,PERP_PARK,-1,T_PARK,,,,,T2_FORWARD_TO_REVERSE
310.0857,-33.4819,-47.7854,0.000,PERP_PARK,-1,T_PARK,,,,,T2_FORWARD_TO_REVERSE
310.1856,-33.4365,-47.6964,0.000,PERP_PARK,-1,T_PARK,,,,,T2_FORWARD_TO_REVERSE
310.2855,-33.3943,-47.6058,0.000,PERP_PARK,-1,T_PARK,,,,,T2_FORWARD_TO_REVERSE
310.3854,-33.3549,-47.5140,0.000,PERP_PARK,-1,T_PARK,,,,,T2_FORWARD_TO_REVERSE
310.4854,-33.3175,-47.4213,0.000,PERP_PARK,-1,T_PARK,,,,,T2_FORWARD_TO_REVERSE
310.5853,-33.2816,-47.3280,0.000,PERP_PARK,-1,T_PARK,,,,,T2_FORWARD_TO_REVERSE
310.6853,-33.2466,-47.2344,0.000,PERP_PARK,-1,T_PARK,,,,,T2_FORWARD_TO_REVERSE
310.7853,-33.2117,-47.1407,0.000,PERP_PARK,-1,T_PARK,,,,,T2_FORWARD_TO_REVERSE
310.8852,-33.1765,-47.0472,0.000,PERP_PARK,-1,T_PARK,,,,,T2_FORWARD_TO_REVERSE
310.9851,-33.1402,-46.9541,0.000,PERP_PARK,-1,T_PARK,,,,,T2_FORWARD_TO_REVERSE
311.0850,-33.1024,-46.8616,0.000,PERP_PARK,-1,T_PARK,,,,,T2_FORWARD_TO_REVERSE
311.1850,-33.0624,-46.7700,0.000,PERP_PARK,-1,T_PARK,,,,,T2_FORWARD_TO_REVERSE
311.2850,-33.0197,-46.6796,0.000,PERP_PARK,-1,T_PARK,,,,,T2_FORWARD_TO_REVERSE
311.3849,-32.9737,-46.5909,0.000,PERP_PARK,-1,T_PARK,,,,,T2_FORWARD_TO_REVERSE
311.4848,-32.9237,-46.5044,0.000,PERP_PARK,-1,T_PARK,,,,,T2_FORWARD_TO_REVERSE
311.5847,-32.8692,-46.4206,0.000,PERP_PARK,-1,T_PARK,,,,,T2_FORWARD_TO_REVERSE
311.6846,-32.8098,-46.3403,0.000,PERP_PARK,-1,T_PARK,,,,,T2_FORWARD_TO_REVERSE
311.7846,-32.7456,-46.2637,0.000,PERP_PARK,-1,T_PARK,,,,,T2_FORWARD_TO_REVERSE
311.8845,-32.6768,-46.1912,0.000,PERP_PARK,-1,T_PARK,,,,,T2_FORWARD_TO_REVERSE
311.9845,-32.6039,-46.1228,0.000,PERP_PARK,-1,T_PARK,,,,,T2_FORWARD_TO_REVERSE
312.0843,-32.5272,-46.0589,0.000,PERP_PARK,-1,T_PARK,,,,,T2_FORWARD_TO_REVERSE
312.1843,-32.4469,-45.9994,0.000,PERP_PARK,-1,T_PARK,,,,,T2_FORWARD_TO_REVERSE
312.2843,-32.3633,-45.9445,0.000,PERP_PARK,-1,T_PARK,,,,,T2_FORWARD_TO_REVERSE
312.3841,-32.2770,-45.8943,0.000,PERP_PARK,-1,T_PARK,,,,,T2_FORWARD_TO_REVERSE
312.4841,-32.1882,-45.8484,0.000,PERP_PARK,-1,T_PARK,,,,,T2_FORWARD_TO_REVERSE
312.5840,-32.0972,-45.8070,0.000,PERP_PARK,-1,T_PARK,,,,,T2_FORWARD_TO_REVERSE
312.6840,-32.0043,-45.7702,0.000,PERP_PARK,-1,T_PARK,,,,,T2_FORWARD_TO_REVERSE
312.7839,-31.9096,-45.7384,0.000,PERP_PARK,-1,T_PARK,,,,,T2_FORWARD_TO_REVERSE
312.8838,-31.8133,-45.7117,0.000,PERP_PARK,-1,T_PARK,,,,,T2_FORWARD_TO_REVERSE
312.9837,-31.7157,-45.6902,0.000,PERP_PARK,-1,T_PARK,,,,,T2_FORWARD_TO_REVERSE
313.0837,-31.6171,-45.6738,0.000,PERP_PARK,-1,T_PARK,,,,,T2_FORWARD_TO_REVERSE
313.1836,-31.5178,-45.6629,0.000,PERP_PARK,-1,T_PARK,,,,,T2_FORWARD_TO_REVERSE
313.2835,-31.4180,-45.6576,0.000,PERP_PARK,-1,T_PARK,,,,,T2_FORWARD_TO_REVERSE
313.3834,-31.3181,-45.6585,0.000,PERP_PARK,-1,T_PARK,,,,,T2_FORWARD_TO_REVERSE
313.4834,-31.2184,-45.6656,0.000,PERP_PARK,-1,T_PARK,,,,,T2_FORWARD_TO_REVERSE
313.5833,-31.1193,-45.6785,0.000,PERP_PARK,-1,T_PARK,,,,,T2_FORWARD_TO_REVERSE
313.6833,-31.0209,-45.6961,0.000,PERP_PARK,-1,T_PARK,,,,,T2_FORWARD_TO_REVERSE
313.7832,-30.9232,-45.7171,0.000,PERP_PARK,-1,T_PARK,,,,,T2_FORWARD_TO_REVERSE
313.8831,-30.8260,-45.7402,0.000,PERP_PARK,-1,T_PARK,,,,,T2_FORWARD_TO_REVERSE
313.9831,-30.7290,-45.7642,0.000,PERP_PARK,-1,T_PARK,,,,,T2_FORWARD_TO_REVERSE
314.0830,-30.6318,-45.7876,0.000,PERP_PARK,-1,T_PARK,,,,,T2_FORWARD_TO_REVERSE
314.1830,-30.5342,-45.8091,0.000,PERP_PARK,-1,T_PARK,,,,,T2_FORWARD_TO_REVERSE
314.2829,-30.4360,-45.8278,0.000,PERP_PARK,-1,T_PARK,,,,,T2_FORWARD_TO_REVERSE
314.3829,-30.3373,-45.8434,0.000,PERP_PARK,-1,T_PARK,,,,,T2_FORWARD_TO_REVERSE
314.4828,-30.2382,-45.8560,0.000,PERP_PARK,-1,T_PARK,,,,,T2_FORWARD_TO_REVERSE
314.5827,-30.1388,-45.8664,0.000,PERP_PARK,-1,T_PARK,,,,,T2_FORWARD_TO_REVERSE
314.6827,-30.0392,-45.8756,0.000,PERP_PARK,-1,T_PARK,,,,,T2_FORWARD_TO_REVERSE
314.7827,-29.9397,-45.8849,0.000,PERP_PARK,-1,T_PARK,,,,,T2_FORWARD_TO_REVERSE
314.8826,-29.8403,-45.8953,0.000,PERP_PARK,-1,T_PARK,,,,,T2_FORWARD_TO_REVERSE
314.9826,-29.7411,-45.9076,0.000,PERP_PARK,-1,T_PARK,,,,,T2_FORWARD_TO_REVERSE
315.0824,-29.6423,-45.9222,0.000,PERP_PARK,-1,T_PARK,,,,,T2_FORWARD_TO_REVERSE
315.1824,-29.5438,-45.9393,0.000,PERP_PARK,-1,T_PARK,,,,,T2_FORWARD_TO_REVERSE
315.2824,-29.4458,-45.9590,0.000,PERP_PARK,-1,T_PARK,,,,,T2_FORWARD_TO_REVERSE
315.3823,-29.3484,-45.9812,0.000,PERP_PARK,-1,T_PARK,,,,,T2_FORWARD_TO_REVERSE
315.4822,-29.2515,-46.0055,0.000,PERP_PARK,-1,T_PARK,,,,,T2_FORWARD_TO_REVERSE
315.5822,-29.1550,-46.0319,0.000,PERP_PARK,-1,T_PARK,,,,,T2_FORWARD_TO_REVERSE
315.6821,-29.0592,-46.0602,0.000,PERP_PARK,-1,T_PARK,,,,,T2_FORWARD_TO_REVERSE
315.7821,-28.9639,-46.0904,0.000,PERP_PARK,-1,T_PARK,,,,,T2_FORWARD_TO_REVERSE
315.8820,-28.8693,-46.1225,0.000,PERP_PARK,-1,T_PARK,,,,,T2_FORWARD_TO_REVERSE
315.9819,-28.7753,-46.1564,0.000,PERP_PARK,-1,T_PARK,,,,,T2_FORWARD_TO_REVERSE
316.0818,-28.6818,-46.1917,0.000,PERP_PARK,-1,T_PARK,,,,,T2_FORWARD_TO_REVERSE
316.1819,-28.5888,-46.2285,0.000,PERP_PARK,-1,T_PARK,,,,,T2_FORWARD_TO_REVERSE
316.2818,-28.4964,-46.2665,0.000,PERP_PARK,-1,T_PARK,,,,,T2_FORWARD_TO_REVERSE
316.3817,-28.4044,-46.3055,0.000,PERP_PARK,-1,T_PARK,,,,,T2_FORWARD_TO_REVERSE
316.4816,-28.3126,-46.3450,0.000,PERP_PARK,-1,T_PARK,,,,,T2_FORWARD_TO_REVERSE
316.5816,-28.2209,-46.3847,0.000,PERP_PARK,-1,T_PARK,,,,,T2_FORWARD_TO_REVERSE
316.6815,-28.1289,-46.4238,0.000,PERP_PARK,-1,T_PARK,,,,,T2_FORWARD_TO_REVERSE
316.7814,-28.0365,-46.4618,0.000,PERP_PARK,-1,T_PARK,,,,,T2_FORWARD_TO_REVERSE
316.8814,-27.9433,-46.4981,0.000,PERP_PARK,-1,T_PARK,,,,,T2_FORWARD_TO_REVERSE
316.9814,-27.8492,-46.5318,0.000,PERP_PARK,-1,T_PARK,,,,,T2_FORWARD_TO_REVERSE
317.0813,-27.7539,-46.5619,0.000,PERP_PARK,-1,T_PARK,,,,,T2_FORWARD_TO_REVERSE
317.1812,-27.6575,-46.5879,0.000,PERP_PARK,-1,T_PARK,,,,,T2_FORWARD_TO_REVERSE
317.2811,-27.5599,-46.6093,0.000,PERP_PARK,-1,T_PARK,,,,,T2_FORWARD_TO_REVERSE
317.3811,-27.4613,-46.6258,0.000,PERP_PARK,-1,T_PARK,,,,,T2_FORWARD_TO_REVERSE
317.4811,-27.3620,-46.6375,0.000,PERP_PARK,-1,T_PARK,,,,,T2_FORWARD_TO_REVERSE
317.5810,-27.2625,-46.6465,0.000,PERP_PARK,1,T_PARK,T2_REVERSE_TO_FORWARD,SET_FORWARD,,,T2_REVERSE_TO_FORWARD
317.6810,-27.3566,-46.6126,0.000,PERP_PARK,1,T_PARK,,,,,T2_REVERSE_TO_FORWARD
317.7810,-27.4506,-46.5785,0.000,PERP_PARK,1,T_PARK,,,,,T2_REVERSE_TO_FORWARD
317.8810,-27.5445,-46.5441,0.000,PERP_PARK,1,T_PARK,,,,,T2_REVERSE_TO_FORWARD
317.9809,-27.6382,-46.5094,0.000,PERP_PARK,1,T_PARK,,,,,T2_REVERSE_TO_FORWARD
318.0809,-27.7318,-46.4742,0.000,PERP_PARK,1,T_PARK,,,,,T2_REVERSE_TO_FORWARD
318.1809,-27.8253,-46.4386,0.000,PERP_PARK,1,T_PARK,,,,,T2_REVERSE_TO_FORWARD
318.2809,-27.9186,-46.4027,0.000,PERP_PARK,1,T_PARK,,,,,T2_REVERSE_TO_FORWARD
318.3809,-28.0118,-46.3665,0.000,PERP_PARK,1,T_PARK,,,,,T2_REVERSE_TO_FORWARD
318.4809,-28.1050,-46.3302,0.000,PERP_PARK,1,T_PARK,,,,,T2_REVERSE_TO_FORWARD
318.5809,-28.1982,-46.2939,0.000,PERP_PARK,1,T_PARK,,,,,T2_REVERSE_TO_FORWARD
318.6809,-28.2914,-46.2577,0.000,PERP_PARK,1,T_PARK,,,,,T2_REVERSE_TO_FORWARD
318.7809,-28.3847,-46.2217,0.000,PERP_PARK,1,T_PARK,,,,,T2_REVERSE_TO_FORWARD
318.8809,-28.4780,-46.1859,0.000,PERP_PARK,1,T_PARK,,,,,T2_REVERSE_TO_FORWARD
318.9809,-28.5715,-46.1504,0.000,PERP_PARK,1,T_PARK,,,,,T2_REVERSE_TO_FORWARD
319.0809,-28.6651,-46.1152,0.000,PERP_PARK,1,T_PARK,,,,,T2_REVERSE_TO_FORWARD
319.1808,-28.7587,-46.0801,0.000,PERP_PARK,1,T_PARK,,,,,T2_REVERSE_TO_FORWARD
319.2809,-28.8524,-46.0450,0.000,PERP_PARK,1,T_PARK,,,,,T2_REVERSE_TO_FORWARD
319.3809,-28.9460,-46.0099,0.000,PERP_PARK,1,T_PARK,,,,,T2_REVERSE_TO_FORWARD
319.4809,-29.0396,-45.9746,0.000,PERP_PARK,1,T_PARK,,,,,T2_REVERSE_TO_FORWARD
319.5808,-29.1329,-45.9388,0.000,PERP_PARK,1,T_PARK,,,,,T2_REVERSE_TO_FORWARD
319.6809,-29.2261,-45.9024,0.000,PERP_PARK,1,T_PARK,,,,,T2_REVERSE_TO_FORWARD
319.7809,-29.3189,-45.8652,0.000,PERP_PARK,1,T_PARK,,,,,T2_REVERSE_TO_FORWARD
319.8808,-29.4113,-45.8270,0.000,PERP_PARK,1,T_PARK,,,,,T2_REVERSE_TO_FORWARD
319.9808,-29.5031,-45.7874,0.000,PERP_PARK,1,T_PARK,,,,,T2_REVERSE_TO_FORWARD
320.0808,-29.5943,-45.7464,0.000,PERP_PARK,1,T_PARK,,,,,T2_REVERSE_TO_FORWARD
320.1808,-29.6847,-45.7037,0.000,PERP_PARK,1,T_PARK,,,,,T2_REVERSE_TO_FORWARD
320.2808,-29.7742,-45.6591,0.000,PERP_PARK,1,T_PARK,,,,,T2_REVERSE_TO_FORWARD
320.3808,-29.8627,-45.6125,0.000,PERP_PARK,1,T_PARK,,,,,T2_REVERSE_TO_FORWARD
320.4808,-29.9500,-45.5637,0.000,PERP_PARK,1,T_PARK,,,,,T2_REVERSE_TO_FORWARD
320.5808,-30.0359,-45.5126,0.000,PERP_PARK,1,T_PARK,,,,,T2_REVERSE_TO_FORWARD
320.6808,-30.1205,-45.4592,0.000,PERP_PARK,1,T_PARK,,,,,T2_REVERSE_TO_FORWARD
320.7808,-30.2035,-45.4035,0.000,PERP_PARK,1,T_PARK,,,,,T2_REVERSE_TO_FORWARD
320.8808,-30.2848,-45.3453,0.000,PERP_PARK,1,T_PARK,,,,,T2_REVERSE_TO_FORWARD
320.9808,-30.3643,-45.2846,0.000,PERP_PARK,1,T_PARK,,,,,T2_REVERSE_TO_FORWARD
321.0807,-30.4419,-45.2216,0.000,PERP_PARK,1,T_PARK,,,,,T2_REVERSE_TO_FORWARD
321.1807,-30.5176,-45.1563,0.000,PERP_PARK,1,T_PARK,,,,,T2_REVERSE_TO_FORWARD
321.2808,-30.5913,-45.0886,0.000,PERP_PARK,1,T_PARK,,,,,T2_REVERSE_TO_FORWARD
321.3808,-30.6628,-45.0187,0.000,PERP_PARK,1,T_PARK,,,,,T2_REVERSE_TO_FORWARD
321.4807,-30.7321,-44.9467,0.000,PERP_PARK,1,T_PARK,,,,,T2_REVERSE_TO_FORWARD
321.5807,-30.7991,-44.8725,0.000,PERP_PARK,1,T_PARK,,,,,T2_REVERSE_TO_FORWARD
321.6807,-30.8639,-44.7963,0.000,PERP_PARK,1,T_PARK,,,,,T2_REVERSE_TO_FORWARD
321.7807,-30.9263,-44.7182,0.000,PERP_PARK,1,T_PARK,,,,,T2_REVERSE_TO_FORWARD
321.8807,-30.9862,-44.6381,0.000,PERP_PARK,1,T_PARK,,,,,T2_REVERSE_TO_FORWARD
321.9806,-31.0436,-44.5563,0.000,PERP_PARK,1,T_PARK,,,,,T2_REVERSE_TO_FORWARD
322.0806,-31.0985,-44.4727,0.000,PERP_PARK,1,T_PARK,,,,,T2_REVERSE_TO_FORWARD
322.1806,-31.1507,-44.3874,0.000,PERP_PARK,1,T_PARK,,,,,T2_REVERSE_TO_FORWARD
322.2807,-31.2002,-44.3005,0.000,PERP_PARK,1,T_PARK,,,,,T2_REVERSE_TO_FORWARD
322.3807,-31.2470,-44.2121,0.000,PERP_PARK,1,T_PARK,,,,,T2_REVERSE_TO_FORWARD
322.4806,-31.2908,-44.1223,0.000,PERP_PARK,1,T_PARK,,,,,T2_REVERSE_TO_FORWARD
322.5806,-31.3318,-44.0311,0.000,PERP_PARK,1,T_PARK,,,,,T2_REVERSE_TO_FORWARD
322.6806,-31.3697,-43.9385,0.000,PERP_PARK,1,T_PARK,,,,,T2_REVERSE_TO_FORWARD
322.7806,-31.4045,-43.8448,0.000,PERP_PARK,1,T_PARK,,,,,T2_REVERSE_TO_FORWARD
322.8806,-31.4362,-43.7500,0.000,PERP_PARK,1,T_PARK,,,,,T2_REVERSE_TO_FORWARD
322.9805,-31.4647,-43.6542,0.000,PERP_PARK,1,T_PARK,,,,,T2_REVERSE_TO_FORWARD
323.0806,-31.4900,-43.5574,0.000,PERP_PARK,1,T_PARK,,,,,T2_REVERSE_TO_FORWARD
323.1806,-31.5119,-43.4598,0.000,PERP_PARK,1,T_PARK,,,,,T2_REVERSE_TO_FORWARD
323.2805,-31.5306,-43.3616,0.000,PERP_PARK,1,T_PARK,,,,,T2_REVERSE_TO_FORWARD
323.3805,-31.5459,-43.2628,0.000,PERP_PARK,1,T_PARK,,,,,T2_REVERSE_TO_FORWARD
323.4806,-31.5580,-43.1635,0.000,PERP_PARK,1,T_PARK,,,,,T2_REVERSE_TO_FORWARD
323.5805,-31.5668,-43.0639,0.000,PERP_PARK,1,T_PARK,,,,,T2_REVERSE_TO_FORWARD
323.6805,-31.5724,-42.9641,0.000,PERP_PARK,1,T_PARK,,,,,T2_REVERSE_TO_FORWARD
323.7805,-31.5749,-42.8641,0.000,PERP_PARK,1,T_PARK,,,,,T2_REVERSE_TO_FORWARD
323.8804,-31.5743,-42.7642,0.000,PERP_PARK,1,T_PARK,,,,,T2_REVERSE_TO_FORWARD
323.9805,-31.5708,-42.6642,0.000,PERP_PARK,1,T_PARK,,,,,T2_REVERSE_TO_FORWARD
324.0805,-31.5644,-42.5644,0.000,PERP_PARK,1,T_PARK,,,,,T2_REVERSE_TO_FORWARD
324.1804,-31.5554,-42.4649,0.000,PERP_PARK,1,T_PARK,,,,,T2_REVERSE_TO_FORWARD
324.2805,-31.5437,-42.3655,0.000,PERP_PARK,1,T_PARK,,,,,T2_REVERSE_TO_FORWARD
324.3804,-31.5296,-42.2666,0.000,PERP_PARK,1,T_PARK,,,,,T2_REVERSE_TO_FORWARD
324.4805,-31.5131,-42.1679,0.000,PERP_PARK,1,T_PARK,,,,,T2_REVERSE_TO_FORWARD
324.5804,-31.4945,-42.0697,0.000,PERP_PARK,1,T_PARK,,,,,T2_REVERSE_TO_FORWARD
324.6804,-31.4737,-41.9719,0.000,PERP_PARK,1,T_PARK,,,,,T2_REVERSE_TO_FORWARD
324.7804,-31.4510,-41.8745,0.000,PERP_PARK,1,T_PARK,,,,,T2_REVERSE_TO_FORWARD
324.8804,-31.4264,-41.7776,0.000,PERP_PARK,1,T_PARK,,,,,T2_REVERSE_TO_FORWARD
324.9804,-31.4001,-41.6811,0.000,PERP_PARK,1,T_PARK,,,,,T2_REVERSE_TO_FORWARD
325.0804,-31.3722,-41.5851,0.000,PERP_PARK,1,T_PARK,,,,,T2_REVERSE_TO_FORWARD
325.1804,-31.3428,-41.4895,0.000,PERP_PARK,1,T_PARK,,,,,T2_REVERSE_TO_FORWARD
325.2804,-31.3120,-41.3944,0.000,PERP_PARK,1,T_PARK,,,,,T2_REVERSE_TO_FORWARD
325.3803,-31.2800,-41.2997,0.000,PERP_PARK,1,T_PARK,,,,,T2_REVERSE_TO_FORWARD
325.4803,-31.2467,-41.2054,0.000,PERP_PARK,1,T_PARK,,,,,T2_REVERSE_TO_FORWARD
325.5803,-31.2123,-41.1115,0.000,PERP_PARK,1,T_PARK,,,,,T2_REVERSE_TO_FORWARD
325.6804,-31.1770,-41.0179,0.000,PERP_PARK,1,T_PARK,,,,,T2_REVERSE_TO_FORWARD
325.7804,-31.1407,-40.9247,0.000,PERP_PARK,1,T_PARK,,,,,T2_REVERSE_TO_FORWARD
325.8803,-31.1036,-40.8319,0.000,PERP_PARK,1,T_PARK,,,,,T2_REVERSE_TO_FORWARD
325.9803,-31.0657,-40.7394,0.000,PERP_PARK,1,T_PARK,,,,,T2_REVERSE_TO_FORWARD
326.0803,-31.0271,-40.6471,0.000,PERP_PARK,1,T_PARK,,,,,T2_REVERSE_TO_FORWARD
326.1803,-30.9880,-40.5551,0.000,PERP_PARK,1,T_PARK,,,,,T2_REVERSE_TO_FORWARD
326.2803,-30.9483,-40.4633,0.000,PERP_PARK,1,T_PARK,,,,,T2_REVERSE_TO_FORWARD
326.3803,-30.9081,-40.3718,0.000,PERP_PARK,1,T_PARK,,,,,T2_REVERSE_TO_FORWARD
326.4803,-30.8675,-40.2804,0.000,PERP_PARK,1,T_PARK,,,,,T2_REVERSE_TO_FORWARD
326.5803,-30.8265,-40.1891,0.000,PERP_PARK,1,T_PARK,,,,,T2_REVERSE_TO_FORWARD
326.6803,-30.7853,-40.0980,0.000,PERP_PARK,1,T_PARK,,,,,T2_REVERSE_TO_FORWARD
326.7803,-30.7439,-40.0070,0.000,PERP_PARK,1,T_PARK,,,,,T2_REVERSE_TO_FORWARD
326.8803,-30.7022,-39.9161,0.000,PERP_PARK,1,T_PARK,,,,,T2_REVERSE_TO_FORWARD
326.9803,-30.6604,-39.8253,0.000,PERP_PARK,1,T_PARK,,,,,T2_REVERSE_TO_FORWARD
327.0803,-30.6185,-39.7345,0.000,PERP_PARK,1,T_PARK,,,,,T2_REVERSE_TO_FORWARD
327.1803,-30.5766,-39.6437,0.000,PERP_PARK,1,T_PARK,,,,,T2_REVERSE_TO_FORWARD
327.2803,-30.5347,-39.5529,0.000,PERP_PARK,1,T_PARK,,,,,T2_REVERSE_TO_FORWARD
327.3802,-30.4927,-39.4622,0.000,PERP_PARK,1,T_PARK,,,,,T2_REVERSE_TO_FORWARD
327.4802,-30.4508,-39.3714,0.000,PERP_PARK,1,T_PARK,,,,,T2_REVERSE_TO_FORWARD
327.5802,-30.4089,-39.2806,0.000,PERP_PARK,1,T_PARK,,,,,T2_REVERSE_TO_FORWARD
327.6803,-30.3671,-39.1897,0.000,PERP_PARK,1,T_PARK,,,,,T2_REVERSE_TO_FORWARD
327.7803,-30.3254,-39.0988,0.000,PERP_PARK,1,T_PARK,,,,,T2_REVERSE_TO_FORWARD
327.8803,-30.2838,-39.0079,0.000,PERP_PARK,1,T_PARK,,,,,T2_REVERSE_TO_FORWARD
327.9802,-30.2424,-38.9169,0.000,PERP_PARK,1,T_PARK,,,,,T2_REVERSE_TO_FORWARD
328.0802,-30.2010,-38.8259,0.000,PERP_PARK,1,T_PARK,,,,,T2_REVERSE_TO_FORWARD
328.1802,-30.1598,-38.7348,0.000,PERP_PARK,1,T_PARK,,,,,T2_REVERSE_TO_FORWARD
328.2802,-30.1187,-38.6436,0.000,PERP_PARK,1,T_PARK,,,,,T2_REVERSE_TO_FORWARD
328.3802,-30.0778,-38.5524,0.000,PERP_PARK,1,T_PARK,,,,,T2_REVERSE_TO_FORWARD
328.4802,-30.0370,-38.4611,0.000,PERP_PARK,1,T_PARK,,,,,T2_REVERSE_TO_FORWARD
328.5801,-29.9965,-38.3697,0.000,PERP_PARK,1,T_PARK,,,,,T2_REVERSE_TO_FORWARD
328.6802,-29.9561,-38.2782,0.000,PERP_PARK,1,T_PARK,,,,,T2_REVERSE_TO_FORWARD
328.7802,-29.9159,-38.1866,0.000,PERP_PARK,1,T_PARK,,,,,T2_REVERSE_TO_FORWARD
328.8802,-29.8759,-38.0950,0.000,PERP_PARK,1,T_PARK,,,,,T2_REVERSE_TO_FORWARD
328.9802,-29.8362,-38.0032,0.000,PERP_PARK,1,T_PARK,,,,,T2_REVERSE_TO_FORWARD
329.0802,-29.7968,-37.9113,0.000,PERP_PARK,1,T_PARK,,,,,T2_REVERSE_TO_FORWARD
329.1802,-29.7576,-37.8193,0.000,PERP_PARK,1,T_PARK,,,,,T2_REVERSE_TO_FORWARD
329.2801,-29.7187,-37.7272,0.000,PERP_PARK,1,T_PARK,,,,,T2_REVERSE_TO_FORWARD
329.3802,-29.6802,-37.6349,0.000,PERP_PARK,1,T_PARK,,,,,T2_REVERSE_TO_FORWARD
329.4801,-29.6421,-37.5425,0.000,PERP_PARK,1,T_PARK,,,,,T2_REVERSE_TO_FORWARD
329.5801,-29.6043,-37.4499,0.000,PERP_PARK,1,T_PARK,,,,,T2_REVERSE_TO_FORWARD
329.6801,-29.5670,-37.3571,0.000,PERP_PARK,1,T_PARK,,,,,T2_REVERSE_TO_FORWARD
329.7801,-29.5301,-37.2642,0.000,PERP_PARK,1,T_PARK,,,,,T2_REVERSE_TO_FORWARD
329.8801,-29.4937,-37.1710,0.000,PERP_PARK,1,T_PARK,,,,,T2_REVERSE_TO_FORWARD
329.9802,-29.4577,-37.0777,0.000,PERP_PARK,1,T_PARK,,,,,T2_REVERSE_TO_FORWARD
330.0801,-29.4223,-36.9842,0.000,PERP_PARK,1,T_PARK,,,,,T2_REVERSE_TO_FORWARD
330.1801,-29.3873,-36.8906,0.000,PERP_PARK,1,T_PARK,,,,,T2_REVERSE_TO_FORWARD
330.2801,-29.3527,-36.7967,0.000,PERP_PARK,1,T_PARK,,,,,T2_REVERSE_TO_FORWARD
330.3801,-29.3185,-36.7028,0.000,PERP_PARK,1,T_PARK,,,,,T2_REVERSE_TO_FORWARD
330.4801,-29.2845,-36.6087,0.000,PERP_PARK,1,T_PARK,,,,,T2_REVERSE_TO_FORWARD
330.5801,-29.2507,-36.5146,0.000,PERP_PARK,1,T_PARK,,,,,T2_REVERSE_TO_FORWARD
330.6801,-29.2169,-36.4205,0.000,PERP_PARK,1,T_PARK,,,,,T2_REVERSE_TO_FORWARD
330.7800,-29.1830,-36.3265,0.000,PERP_PARK,1,T_PARK,,,,,T2_REVERSE_TO_FORWARD
330.8800,-29.1486,-36.2326,0.000,PERP_PARK,1,T_PARK,,,,,T2_REVERSE_TO_FORWARD
330.9801,-29.1135,-36.1389,0.000,PERP_PARK,1,T_PARK,,,,,T2_REVERSE_TO_FORWARD
331.0800,-29.0774,-36.0457,0.000,PERP_PARK,1,T_PARK,,,,,T2_REVERSE_TO_FORWARD
331.1800,-29.0399,-35.9530,0.000,PERP_PARK,1,T_PARK,,,,,T2_REVERSE_TO_FORWARD
331.2800,-29.0008,-35.8610,0.000,PERP_PARK,1,T_PARK,,,,,T2_REVERSE_TO_FORWARD
331.3801,-28.9596,-35.7698,0.000,PERP_PARK,1,T_PARK,,,,,T2_REVERSE_TO_FORWARD
331.4800,-28.9161,-35.6798,0.000,PERP_PARK,1,T_PARK,,,,,T2_REVERSE_TO_FORWARD
331.5800,-28.8696,-35.5913,0.000,PERP_PARK,1,T_PARK,,,,,T2_REVERSE_TO_FORWARD
331.6186,-28.8508,-35.5576,0.000,PERP_PARK,1,T_PARK,T_PARK_END,EXIT_ZONE,,,T2_REVERSE_TO_FORWARD
331.6800,-28.8200,-35.5045,0.000,PERP_PARK,1,T_PARK,,,,,T2_REVERSE_TO_FORWARD
331.7680,-28.7735,-35.4298,0.000,NORMAL,1,ROUTE,,,,,T2_REVERSE_TO_FORWARD
331.7800,-28.7669,-35.4197,0.000,NORMAL,1,ROUTE,,,,,T2_REVERSE_TO_FORWARD
331.8800,-28.7100,-35.3375,0.000,NORMAL,1,ROUTE,,,,,T2_REVERSE_TO_FORWARD
331.9799,-28.6497,-35.2578,0.000,NORMAL,1,ROUTE,,,,,T2_REVERSE_TO_FORWARD
332.0799,-28.5863,-35.1805,0.000,NORMAL,1,ROUTE,,,,,T2_REVERSE_TO_FORWARD
332.1799,-28.5200,-35.1056,0.000,NORMAL,1,ROUTE,,,,,T2_REVERSE_TO_FORWARD
332.2799,-28.4512,-35.0331,0.000,NORMAL,1,ROUTE,,,,,T2_REVERSE_TO_FORWARD
332.3799,-28.3799,-34.9629,0.000,NORMAL,1,ROUTE,,,,,T2_REVERSE_TO_FORWARD
332.4799,-28.3065,-34.8950,0.000,NORMAL,1,ROUTE,,,,,T2_REVERSE_TO_FORWARD
332.5799,-28.2312,-34.8293,0.000,NORMAL,1,ROUTE,,,,,T2_REVERSE_TO_FORWARD
332.6799,-28.1541,-34.7656,0.000,NORMAL,1,ROUTE,,,,,T2_REVERSE_TO_FORWARD
332.7799,-28.0754,-34.7039,0.000,NORMAL,1,ROUTE,,,,,T2_REVERSE_TO_FORWARD
332.8798,-27.9953,-34.6441,0.000,NORMAL,1,ROUTE,,,,,T2_REVERSE_TO_FORWARD
332.9799,-27.9138,-34.5861,0.000,NORMAL,1,ROUTE,,,,,T2_REVERSE_TO_FORWARD
333.0799,-27.8311,-34.5299,0.000,NORMAL,1,ROUTE,,,,,T2_REVERSE_TO_FORWARD
333.1798,-27.7473,-34.4754,0.000,NORMAL,1,ROUTE,,,,,T2_REVERSE_TO_FORWARD
333.2799,-27.6624,-34.4224,0.000,NORMAL,1,ROUTE,,,,,T2_REVERSE_TO_FORWARD
333.3799,-27.5766,-34.3711,0.000,NORMAL,1,ROUTE,,,,,T2_REVERSE_TO_FORWARD
333.4798,-27.4900,-34.3213,0.000,NORMAL,1,ROUTE,,,,,T2_REVERSE_TO_FORWARD
333.5799,-27.4024,-34.2729,0.000,NORMAL,1,ROUTE,,,,,T2_REVERSE_TO_FORWARD
333.6798,-27.3141,-34.2261,0.000,NORMAL,1,ROUTE,,,,,T2_REVERSE_TO_FORWARD
333.7798,-27.2250,-34.1806,0.000,NORMAL,1,ROUTE,,,,,T2_REVERSE_TO_FORWARD
333.8798,-27.1352,-34.1367,0.000,NORMAL,1,ROUTE,,,,,T2_REVERSE_TO_FORWARD
333.9798,-27.0447,-34.0942,0.000,NORMAL,1,ROUTE,,,,,T2_REVERSE_TO_FORWARD
334.0798,-26.9535,-34.0531,0.000,NORMAL,1,ROUTE,,,,,T2_REVERSE_TO_FORWARD
334.1798,-26.8617,-34.0135,0.000,NORMAL,1,ROUTE,,,,,T2_REVERSE_TO_FORWARD
334.2797,-26.7693,-33.9754,0.000,NORMAL,1,ROUTE,,,,,T2_REVERSE_TO_FORWARD
334.3798,-26.6762,-33.9387,0.000,NORMAL,1,ROUTE,,,,,T2_REVERSE_TO_FORWARD
334.4798,-26.5826,-33.9035,0.000,NORMAL,1,ROUTE,,,,,T2_REVERSE_TO_FORWARD
334.5798,-26.4885,-33.8698,0.000,NORMAL,1,ROUTE,,,,,T2_REVERSE_TO_FORWARD
334.6798,-26.3938,-33.8376,0.000,NORMAL,1,ROUTE,,,,,T2_REVERSE_TO_FORWARD
334.7798,-26.2986,-33.8070,0.000,NORMAL,1,ROUTE,,,,,T2_REVERSE_TO_FORWARD
334.8797,-26.2030,-33.7779,0.000,NORMAL,1,ROUTE,,,,,T2_REVERSE_TO_FORWARD
334.9797,-26.1069,-33.7503,0.000,NORMAL,1,ROUTE,,,,,T2_REVERSE_TO_FORWARD
335.0797,-26.0103,-33.7243,0.000,NORMAL,1,ROUTE,,,,,T2_REVERSE_TO_FORWARD
335.1798,-25.9133,-33.6999,0.000,NORMAL,1,ROUTE,,,,,T2_REVERSE_TO_FORWARD
335.2797,-25.8160,-33.6770,0.000,NORMAL,1,ROUTE,,,,,T2_REVERSE_TO_FORWARD
335.3797,-25.7183,-33.6558,0.000,NORMAL,1,ROUTE,,,,,T2_REVERSE_TO_FORWARD
335.4797,-25.6202,-33.6361,0.000,NORMAL,1,ROUTE,,,,,T2_REVERSE_TO_FORWARD
335.5797,-25.5219,-33.6181,0.000,NORMAL,1,ROUTE,,,,,T2_REVERSE_TO_FORWARD
335.6797,-25.4233,-33.6016,0.000,NORMAL,1,ROUTE,,,,,T2_REVERSE_TO_FORWARD
335.7797,-25.3244,-33.5868,0.000,NORMAL,1,ROUTE,,,,,T2_REVERSE_TO_FORWARD
335.8797,-25.2252,-33.5736,0.000,NORMAL,1,ROUTE,,,,,T2_REVERSE_TO_FORWARD
335.9797,-25.1259,-33.5620,0.000,NORMAL,1,ROUTE,,,,,T2_REVERSE_TO_FORWARD
336.0797,-25.0264,-33.5520,0.000,NORMAL,1,ROUTE,,,,,T2_REVERSE_TO_FORWARD
336.1797,-24.9268,-33.5436,0.000,NORMAL,1,ROUTE,,,,,T2_REVERSE_TO_FORWARD
336.2797,-24.8270,-33.5368,0.000,NORMAL,1,ROUTE,,,,,T2_REVERSE_TO_FORWARD
336.3796,-24.7272,-33.5316,0.000,NORMAL,1,ROUTE,,,,,T2_REVERSE_TO_FORWARD
336.4797,-24.6272,-33.5281,0.000,NORMAL,1,ROUTE,,,,,T2_REVERSE_TO_FORWARD
336.5796,-24.5273,-33.5260,0.000,NORMAL,1,ROUTE,,,,,T2_REVERSE_TO_FORWARD
336.6796,-24.4273,-33.5256,0.000,NORMAL,1,ROUTE,,,,,T2_REVERSE_TO_FORWARD
336.7796,-24.3273,-33.5267,0.000,NORMAL,1,ROUTE,,,,,T2_REVERSE_TO_FORWARD
336.8797,-24.2273,-33.5293,0.000,NORMAL,1,ROUTE,,,,,T2_REVERSE_TO_FORWARD
336.9796,-24.1274,-33.5335,0.000,NORMAL,1,ROUTE,,,,,T2_REVERSE_TO_FORWARD
337.0796,-24.0276,-33.5392,0.000,NORMAL,1,ROUTE,,,,,T2_REVERSE_TO_FORWARD
337.1796,-23.9279,-33.5464,0.000,NORMAL,1,ROUTE,,,,,T2_REVERSE_TO_FORWARD
337.2796,-23.8282,-33.5551,0.000,NORMAL,1,ROUTE,,,,,T2_REVERSE_TO_FORWARD
337.3796,-23.7288,-33.5653,0.000,NORMAL,1,ROUTE,,,,,T2_REVERSE_TO_FORWARD
337.4795,-23.6295,-33.5769,0.000,NORMAL,1,ROUTE,,,,,T2_REVERSE_TO_FORWARD
337.5796,-23.5303,-33.5900,0.000,NORMAL,1,ROUTE,,,,,T2_REVERSE_TO_FORWARD
337.6796,-23.4314,-33.6045,0.000,NORMAL,1,ROUTE,,,,,T2_REVERSE_TO_FORWARD
337.7795,-23.3327,-33.6204,0.000,NORMAL,1,ROUTE,,,,,T2_REVERSE_TO_FORWARD
337.8796,-23.2342,-33.6378,0.000,NORMAL,1,ROUTE,,,,,T2_REVERSE_TO_FORWARD
337.9795,-23.1360,-33.6565,0.000,NORMAL,1,ROUTE,,,,,T2_REVERSE_TO_FORWARD
338.0796,-23.0380,-33.6766,0.000,NORMAL,1,ROUTE,,,,,T2_REVERSE_TO_FORWARD
338.1795,-22.9404,-33.6981,0.000,NORMAL,1,ROUTE,,,,,T2_REVERSE_TO_FORWARD
338.2795,-22.8430,-33.7209,0.000,NORMAL,1,ROUTE,,,,,T2_REVERSE_TO_FORWARD
338.3795,-22.7460,-33.7451,0.000,NORMAL,1,ROUTE,,,,,T2_REVERSE_TO_FORWARD
338.4795,-22.6493,-33.7706,0.000,NORMAL,1,ROUTE,,,,,T2_REVERSE_TO_FORWARD
338.5795,-22.5530,-33.7975,0.000,NORMAL,1,ROUTE,,,,,T2_REVERSE_TO_FORWARD
338.6795,-22.4570,-33.8256,0.000,NORMAL,1,ROUTE,,,,,T2_REVERSE_TO_FORWARD
338.7795,-22.3615,-33.8551,0.000,NORMAL,1,ROUTE,,,,,T2_REVERSE_TO_FORWARD
338.8795,-22.2663,-33.8858,0.000,NORMAL,1,ROUTE,,,,,T2_REVERSE_TO_FORWARD
338.9795,-22.1716,-33.9178,0.000,NORMAL,1,ROUTE,,,,,T2_REVERSE_TO_FORWARD
339.0795,-22.0773,-33.9511,0.000,NORMAL,1,ROUTE,,,,,T2_REVERSE_TO_FORWARD
339.1795,-21.9835,-33.9857,0.000,NORMAL,1,ROUTE,,,,,T2_REVERSE_TO_FORWARD
339.2795,-21.8901,-34.0216,0.000,NORMAL,1,ROUTE,,,,,T2_REVERSE_TO_FORWARD
339.3795,-21.7973,-34.0587,0.000,NORMAL,1,ROUTE,,,,,T2_REVERSE_TO_FORWARD
339.4794,-21.7050,-34.0971,0.000,NORMAL,1,ROUTE,,,,,T2_REVERSE_TO_FORWARD
339.5794,-21.6132,-34.1367,0.000,NORMAL,1,ROUTE,,,,,T2_REVERSE_TO_FORWARD
339.6794,-21.5219,-34.1776,0.000,NORMAL,1,ROUTE,,,,,T2_REVERSE_TO_FORWARD
339.7795,-21.4312,-34.2198,0.000,NORMAL,1,ROUTE,,,,,T2_REVERSE_TO_FORWARD
339.8795,-21.3411,-34.2632,0.000,NORMAL,1,ROUTE,,,,,T2_REVERSE_TO_FORWARD
339.9795,-21.2516,-34.3078,0.000,NORMAL,1,ROUTE,,,,,T2_REVERSE_TO_FORWARD
340.0794,-21.1628,-34.3536,0.000,NORMAL,1,ROUTE,,,,,T2_REVERSE_TO_FORWARD
340.1794,-21.0745,-34.4006,0.000,NORMAL,1,ROUTE,,,,,T2_REVERSE_TO_FORWARD
340.2794,-20.9869,-34.4488,0.000,NORMAL,1,ROUTE,,,,,T2_REVERSE_TO_FORWARD
340.3794,-20.9000,-34.4982,0.000,NORMAL,1,ROUTE,,,,,T2_REVERSE_TO_FORWARD
340.4794,-20.8137,-34.5487,0.000,NORMAL,1,ROUTE,,,,,T2_REVERSE_TO_FORWARD
340.5794,-20.7280,-34.6004,0.000,NORMAL,1,ROUTE,,,,,T2_REVERSE_TO_FORWARD
340.6794,-20.6430,-34.6530,0.000,NORMAL,1,ROUTE,,,,,T2_REVERSE_TO_FORWARD
340.7794,-20.5587,-34.7067,0.000,NORMAL,1,ROUTE,,,,,T2_REVERSE_TO_FORWARD
340.8794,-20.4749,-34.7613,0.000,NORMAL,1,ROUTE,,,,,T2_REVERSE_TO_FORWARD
340.9794,-20.3917,-34.8168,0.000,NORMAL,1,ROUTE,,,,,T2_REVERSE_TO_FORWARD
341.0794,-20.3091,-34.8731,0.000,NORMAL,1,ROUTE,,,,,T2_REVERSE_TO_FORWARD
341.1794,-20.2270,-34.9302,0.000,NORMAL,1,ROUTE,,,,,T2_REVERSE_TO_FORWARD
341.2794,-20.1453,-34.9879,0.000,NORMAL,1,ROUTE,,,,,T2_REVERSE_TO_FORWARD
341.3794,-20.0640,-35.0461,0.000,NORMAL,1,ROUTE,,,,,T2_REVERSE_TO_FORWARD
341.4793,-19.9830,-35.1047,0.000,NORMAL,1,ROUTE,,,,,T2_REVERSE_TO_FORWARD
341.5793,-19.9023,-35.1637,0.000,NORMAL,1,ROUTE,,,,,T2_REVERSE_TO_FORWARD
341.6793,-19.8218,-35.2231,0.000,NORMAL,1,ROUTE,,,,,T2_REVERSE_TO_FORWARD
341.7793,-19.7415,-35.2826,0.000,NORMAL,1,ROUTE,,,,,T2_REVERSE_TO_FORWARD
341.8793,-19.6613,-35.3424,0.000,NORMAL,1,ROUTE,,,,,T2_REVERSE_TO_FORWARD
341.9793,-19.5814,-35.4025,0.000,NORMAL,1,ROUTE,,,,,T2_REVERSE_TO_FORWARD
342.0793,-19.5017,-35.4628,0.000,NORMAL,1,ROUTE,,,,,T2_REVERSE_TO_FORWARD
342.1793,-19.4222,-35.5236,0.000,NORMAL,1,ROUTE,,,,,T2_REVERSE_TO_FORWARD
342.2793,-19.3431,-35.5847,0.000,NORMAL,1,ROUTE,,,,,T2_REVERSE_TO_FORWARD
342.3793,-19.2645,-35.6465,0.000,NORMAL,1,ROUTE,,,,,T2_REVERSE_TO_FORWARD
342.4793,-19.1865,-35.7091,0.000,NORMAL,1,ROUTE,,,,,T2_REVERSE_TO_FORWARD
342.5793,-19.1092,-35.7725,0.000,NORMAL,1,ROUTE,,,,,T2_REVERSE_TO_FORWARD
342.6793,-19.0328,-35.8371,0.000,NORMAL,1,ROUTE,,,,,T2_REVERSE_TO_FORWARD
342.7792,-18.9575,-35.9028,0.000,NORMAL,1,ROUTE,,,,,T2_REVERSE_TO_FORWARD
342.8793,-18.8833,-35.9699,0.000,NORMAL,1,ROUTE,,,,,T2_REVERSE_TO_FORWARD
342.9793,-18.8103,-36.0382,0.000,NORMAL,1,ROUTE,,,,,T2_REVERSE_TO_FORWARD
343.0792,-18.7385,-36.1078,0.000,NORMAL,1,ROUTE,,,,,T2_REVERSE_TO_FORWARD
343.1792,-18.6680,-36.1787,0.000,NORMAL,1,ROUTE,,,,,T2_REVERSE_TO_FORWARD
343.2792,-18.5986,-36.2507,0.000,NORMAL,1,ROUTE,,,,,T2_REVERSE_TO_FORWARD
343.3793,-18.5303,-36.3238,0.000,NORMAL,1,ROUTE,,,,,T2_REVERSE_TO_FORWARD
343.4792,-18.4632,-36.3979,0.000,NORMAL,1,ROUTE,,,,,T2_REVERSE_TO_FORWARD
343.5792,-18.3971,-36.4729,0.000,NORMAL,1,ROUTE,,,,,T2_REVERSE_TO_FORWARD
343.6792,-18.3321,-36.5489,0.000,NORMAL,1,ROUTE,,,,,T2_REVERSE_TO_FORWARD
343.7792,-18.2680,-36.6256,0.000,NORMAL,1,ROUTE,,,,,T2_REVERSE_TO_FORWARD
343.8792,-18.2048,-36.7031,0.000,NORMAL,1,ROUTE,,,,,T2_REVERSE_TO_FORWARD
343.9792,-18.1426,-36.7814,0.000,NORMAL,1,ROUTE,,,,,T2_REVERSE_TO_FORWARD
344.0792,-18.0814,-36.8605,0.000,NORMAL,1,ROUTE,,,,,T2_REVERSE_TO_FORWARD
344.1791,-18.0211,-36.9402,0.000,NORMAL,1,ROUTE,,,,,T2_REVERSE_TO_FORWARD
344.2791,-17.9618,-37.0207,0.000,NORMAL,1,ROUTE,,,,,T2_REVERSE_TO_FORWARD
344.3792,-17.9035,-37.1020,0.000,NORMAL,1,ROUTE,,,,,T2_REVERSE_TO_FORWARD
344.4792,-17.8464,-37.1841,0.000,NORMAL,1,ROUTE,,,,,T2_REVERSE_TO_FORWARD
344.5792,-17.7904,-37.2670,0.000,NORMAL,1,ROUTE,,,,,T2_REVERSE_TO_FORWARD
344.6792,-17.7357,-37.3507,0.000,NORMAL,1,ROUTE,,,,,T2_REVERSE_TO_FORWARD
344.7792,-17.6823,-37.4352,0.000,NORMAL,1,ROUTE,,,,,T2_REVERSE_TO_FORWARD
344.8792,-17.6302,-37.5206,0.000,NORMAL,1,ROUTE,,,,,T2_REVERSE_TO_FORWARD
344.9791,-17.5796,-37.6068,0.000,NORMAL,1,ROUTE,,,,,T2_REVERSE_TO_FORWARD
345.0791,-17.5304,-37.6938,0.000,NORMAL,1,ROUTE,,,,,T2_REVERSE_TO_FORWARD
345.1791,-17.4828,-37.7818,0.000,NORMAL,1,ROUTE,,,,,T2_REVERSE_TO_FORWARD
345.2791,-17.4369,-37.8706,0.000,NORMAL,1,ROUTE,,,,,T2_REVERSE_TO_FORWARD
345.3791,-17.3928,-37.9603,0.000,NORMAL,1,ROUTE,,,,,T2_REVERSE_TO_FORWARD
345.4791,-17.3505,-38.0510,0.000,NORMAL,1,ROUTE,,,,,T2_REVERSE_TO_FORWARD
345.5791,-17.3100,-38.1424,0.000,NORMAL,1,ROUTE,,,,,T2_REVERSE_TO_FORWARD
345.6791,-17.2714,-38.2346,0.000,NORMAL,1,ROUTE,,,,,T2_REVERSE_TO_FORWARD
345.7791,-17.2344,-38.3275,0.000,NORMAL,1,ROUTE,,,,,T2_REVERSE_TO_FORWARD
345.8791,-17.1991,-38.4211,0.000,NORMAL,1,ROUTE,,,,,T2_REVERSE_TO_FORWARD
345.9791,-17.1652,-38.5152,0.000,NORMAL,1,ROUTE,,,,,T2_REVERSE_TO_FORWARD
346.0790,-17.1327,-38.6097,0.000,NORMAL,1,ROUTE,,,,,T2_REVERSE_TO_FORWARD
346.1790,-17.1016,-38.7047,0.000,NORMAL,1,ROUTE,,,,,T2_REVERSE_TO_FORWARD
346.2790,-17.0716,-38.8001,0.000,NORMAL,1,ROUTE,,,,,T2_REVERSE_TO_FORWARD
346.3790,-17.0428,-38.8959,0.000,NORMAL,1,ROUTE,,,,,T2_REVERSE_TO_FORWARD
346.4790,-17.0150,-38.9919,0.000,NORMAL,1,ROUTE,,,,,T2_REVERSE_TO_FORWARD
346.5790,-16.9884,-39.0883,0.000,NORMAL,1,ROUTE,,,,,T2_REVERSE_TO_FORWARD
346.6790,-16.9628,-39.1850,0.000,NORMAL,1,ROUTE,,,,,T2_REVERSE_TO_FORWARD
346.7790,-16.9384,-39.2820,0.000,NORMAL,1,ROUTE,,,,,T2_REVERSE_TO_FORWARD
346.8790,-16.9151,-39.3792,0.000,NORMAL,1,ROUTE,,,,,T2_REVERSE_TO_FORWARD
346.9790,-16.8931,-39.4767,0.000,NORMAL,1,ROUTE,,,,,T2_REVERSE_TO_FORWARD
347.0790,-16.8723,-39.5746,0.000,NORMAL,1,ROUTE,,,,,T2_REVERSE_TO_FORWARD
347.1790,-16.8529,-39.6727,0.000,NORMAL,1,ROUTE,,,,,T2_REVERSE_TO_FORWARD
347.2790,-16.8349,-39.7710,0.000,NORMAL,1,ROUTE,,,,,T2_REVERSE_TO_FORWARD
347.3789,-16.8184,-39.8696,0.000,NORMAL,1,ROUTE,,,,,T2_REVERSE_TO_FORWARD
347.4790,-16.8033,-39.9685,0.000,NORMAL,1,ROUTE,,,,,T2_REVERSE_TO_FORWARD
347.5789,-16.7897,-40.0675,0.000,NORMAL,1,ROUTE,,,,,T2_REVERSE_TO_FORWARD
347.6789,-16.7777,-40.1668,0.000,NORMAL,1,ROUTE,,,,,T2_REVERSE_TO_FORWARD
347.7790,-16.7673,-40.2663,0.000,NORMAL,1,ROUTE,,,,,T2_REVERSE_TO_FORWARD
347.8789,-16.7588,-40.3659,0.000,NORMAL,1,ROUTE,,,,,T2_REVERSE_TO_FORWARD
347.9790,-16.7521,-40.4657,0.000,NORMAL,1,ROUTE,,,,,T2_REVERSE_TO_FORWARD
348.0790,-16.7475,-40.5656,0.000,NORMAL,1,ROUTE,,,,,T2_REVERSE_TO_FORWARD
348.1789,-16.7449,-40.6655,0.000,NORMAL,1,ROUTE,,,,,T2_REVERSE_TO_FORWARD
348.2789,-16.7445,-40.7655,0.000,NORMAL,1,ROUTE,,,,,T2_REVERSE_TO_FORWARD
348.3789,-16.7461,-40.8655,0.000,NORMAL,1,ROUTE,,,,,T2_REVERSE_TO_FORWARD
348.4789,-16.7497,-40.9654,0.000,NORMAL,1,ROUTE,,,,,T2_REVERSE_TO_FORWARD
348.5788,-16.7553,-41.0652,0.000,NORMAL,1,ROUTE,,,,,T2_REVERSE_TO_FORWARD
348.6789,-16.7627,-41.1650,0.000,NORMAL,1,ROUTE,,,,,T2_REVERSE_TO_FORWARD
348.7788,-16.7718,-41.2645,0.000,NORMAL,1,ROUTE,,,,,T2_REVERSE_TO_FORWARD
348.8789,-16.7825,-41.3640,0.000,NORMAL,1,ROUTE,,,,,T2_REVERSE_TO_FORWARD
348.9789,-16.7949,-41.4632,0.000,NORMAL,1,ROUTE,,,,,T2_REVERSE_TO_FORWARD
349.0788,-16.8087,-41.5622,0.000,NORMAL,1,ROUTE,,,,,T2_REVERSE_TO_FORWARD
349.1788,-16.8240,-41.6610,0.000,NORMAL,1,ROUTE,,,,,T2_REVERSE_TO_FORWARD
349.2789,-16.8405,-41.7597,0.000,NORMAL,1,ROUTE,,,,,T2_REVERSE_TO_FORWARD
349.3789,-16.8582,-41.8581,0.000,NORMAL,1,ROUTE,,,,,T2_REVERSE_TO_FORWARD
349.4789,-16.8771,-41.9563,0.000,NORMAL,1,ROUTE,,,,,T2_REVERSE_TO_FORWARD
349.5789,-16.8970,-42.0543,0.000,NORMAL,1,ROUTE,,,,,T2_REVERSE_TO_FORWARD
349.6788,-16.9179,-42.1520,0.000,NORMAL,1,ROUTE,,,,,T2_REVERSE_TO_FORWARD
349.7788,-16.9398,-42.2496,0.000,NORMAL,1,ROUTE,,,,,T2_REVERSE_TO_FORWARD
349.8789,-16.9627,-42.3470,0.000,NORMAL,1,ROUTE,,,,,T2_REVERSE_TO_FORWARD
349.9788,-16.9865,-42.4441,0.000,NORMAL,1,ROUTE,,,,,T2_REVERSE_TO_FORWARD
350.0789,-17.0113,-42.5410,0.000,NORMAL,1,ROUTE,,,,,T2_REVERSE_TO_FORWARD
350.1788,-17.0369,-42.6376,0.000,NORMAL,1,ROUTE,,,,,T2_REVERSE_TO_FORWARD
350.2788,-17.0634,-42.7340,0.000,NORMAL,1,ROUTE,,,,,T2_REVERSE_TO_FORWARD
350.3788,-17.0908,-42.8302,0.000,NORMAL,1,ROUTE,,,,,T2_REVERSE_TO_FORWARD
350.4788,-17.1190,-42.9261,0.000,NORMAL,1,ROUTE,,,,,T2_REVERSE_TO_FORWARD
350.5788,-17.1480,-43.0218,0.000,NORMAL,1,ROUTE,,,,,T2_REVERSE_TO_FORWARD
350.6788,-17.1777,-43.1173,0.000,NORMAL,1,ROUTE,,,,,T2_REVERSE_TO_FORWARD
350.7788,-17.2083,-43.2125,0.000,NORMAL,1,ROUTE,,,,,T2_REVERSE_TO_FORWARD
350.8788,-17.2395,-43.3075,0.000,NORMAL,1,ROUTE,,,,,T2_REVERSE_TO_FORWARD
350.9788,-17.2714,-43.4023,0.000,NORMAL,1,ROUTE,,,,,T2_REVERSE_TO_FORWARD
351.0787,-17.3040,-43.4968,0.000,NORMAL,1,ROUTE,,,,,T2_REVERSE_TO_FORWARD
351.1787,-17.3370,-43.5912,0.000,NORMAL,1,ROUTE,,,,,T2_REVERSE_TO_FORWARD
351.2788,-17.3706,-43.6854,0.000,NORMAL,1,ROUTE,,,,,T2_REVERSE_TO_FORWARD
351.3787,-17.4045,-43.7794,0.000,NORMAL,1,ROUTE,,,,,T2_REVERSE_TO_FORWARD
351.4787,-17.4388,-43.8734,0.000,NORMAL,1,ROUTE,,,,,T2_REVERSE_TO_FORWARD
351.5787,-17.4732,-43.9673,0.000,NORMAL,1,ROUTE,,,,,T2_REVERSE_TO_FORWARD
351.6787,-17.5078,-44.0611,0.000,NORMAL,1,ROUTE,,,,,T2_REVERSE_TO_FORWARD
351.7787,-17.5423,-44.1549,0.000,NORMAL,1,ROUTE,,,,,T2_REVERSE_TO_FORWARD
351.8787,-17.5767,-44.2488,0.000,NORMAL,1,ROUTE,,,,,T2_REVERSE_TO_FORWARD
351.9787,-17.6107,-44.3429,0.000,NORMAL,1,ROUTE,,,,,T2_REVERSE_TO_FORWARD
352.0787,-17.6444,-44.4370,0.000,NORMAL,1,ROUTE,,,,,T2_REVERSE_TO_FORWARD
352.1787,-17.6777,-44.5313,0.000,NORMAL,1,ROUTE,,,,,T2_REVERSE_TO_FORWARD
352.2787,-17.7105,-44.6258,0.000,NORMAL,1,ROUTE,,,,,T2_REVERSE_TO_FORWARD
352.3787,-17.7429,-44.7204,0.000,NORMAL,1,ROUTE,,,,,T2_REVERSE_TO_FORWARD
352.4787,-17.7750,-44.8151,0.000,NORMAL,1,ROUTE,,,,,T2_REVERSE_TO_FORWARD
352.5787,-17.8068,-44.9099,0.000,NORMAL,1,ROUTE,,,,,T2_REVERSE_TO_FORWARD
352.6786,-17.8384,-45.0047,0.000,NORMAL,1,ROUTE,,,,,T2_REVERSE_TO_FORWARD
352.7786,-17.8700,-45.0996,0.000,NORMAL,1,ROUTE,,,,,T2_REVERSE_TO_FORWARD
352.8787,-17.9016,-45.1945,0.000,NORMAL,1,ROUTE,,,,,T2_REVERSE_TO_FORWARD
352.9787,-17.9335,-45.2893,0.000,NORMAL,1,ROUTE,,,,,T2_REVERSE_TO_FORWARD
353.0786,-17.9657,-45.3839,0.000,NORMAL,1,ROUTE,,,,,T2_REVERSE_TO_FORWARD
353.1786,-17.9983,-45.4784,0.000,NORMAL,1,ROUTE,,,,,T2_REVERSE_TO_FORWARD
353.2786,-18.0316,-45.5727,0.000,NORMAL,1,ROUTE,,,,,T2_REVERSE_TO_FORWARD
353.3786,-18.0655,-45.6668,0.000,NORMAL,1,ROUTE,,,,,T2_REVERSE_TO_FORWARD
353.4786,-18.1002,-45.7606,0.000,NORMAL,1,ROUTE,,,,,T2_REVERSE_TO_FORWARD
353.5786,-18.1358,-45.8540,0.000,NORMAL,1,ROUTE,,,,,T2_REVERSE_TO_FORWARD
353.6786,-18.1723,-45.9471,0.000,NORMAL,1,ROUTE,,,,,T2_REVERSE_TO_FORWARD
353.7786,-18.2097,-46.0399,0.000,NORMAL,1,ROUTE,,,,,T2_REVERSE_TO_FORWARD
353.8786,-18.2481,-46.1322,0.000,NORMAL,1,ROUTE,,,,,T2_REVERSE_TO_FORWARD
353.9786,-18.2874,-46.2242,0.000,NORMAL,1,ROUTE,,,,,T2_REVERSE_TO_FORWARD
354.0786,-18.3274,-46.3158,0.000,NORMAL,1,ROUTE,,,,,T2_REVERSE_TO_FORWARD
354.1786,-18.3682,-46.4071,0.000,NORMAL,1,ROUTE,,,,,T2_REVERSE_TO_FORWARD
354.2786,-18.4094,-46.4982,0.000,NORMAL,1,ROUTE,,,,,T2_REVERSE_TO_FORWARD
354.3785,-18.4509,-46.5891,0.000,NORMAL,1,ROUTE,,,,,T2_REVERSE_TO_FORWARD
354.4786,-18.4925,-46.6801,0.000,NORMAL,1,ROUTE,,,,,T2_REVERSE_TO_FORWARD
354.5785,-18.5341,-46.7710,0.000,NORMAL,1,ROUTE,,,,,T2_REVERSE_TO_FORWARD
354.6785,-18.5753,-46.8621,0.000,NORMAL,1,ROUTE,,,,,T2_REVERSE_TO_FORWARD
354.7785,-18.6161,-46.9534,0.000,NORMAL,1,ROUTE,,,,,T2_REVERSE_TO_FORWARD
354.8785,-18.6564,-47.0449,0.000,NORMAL,1,ROUTE,,,,,T2_REVERSE_TO_FORWARD
354.9786,-18.6962,-47.1367,0.000,NORMAL,1,ROUTE,,,,,T2_REVERSE_TO_FORWARD
355.0786,-18.7354,-47.2287,0.000,NORMAL,1,ROUTE,,,,,T2_REVERSE_TO_FORWARD
355.1786,-18.7741,-47.3209,0.000,NORMAL,1,ROUTE,,,,,T2_REVERSE_TO_FORWARD
355.2785,-18.8122,-47.4133,0.000,NORMAL,1,ROUTE,,,,,T2_REVERSE_TO_FORWARD
355.3785,-18.8499,-47.5059,0.000,NORMAL,1,ROUTE,,,,,T2_REVERSE_TO_FORWARD
355.4785,-18.8872,-47.5987,0.000,NORMAL,1,ROUTE,,,,,T2_REVERSE_TO_FORWARD
355.5785,-18.9243,-47.6916,0.000,NORMAL,1,ROUTE,,,,,T2_REVERSE_TO_FORWARD
355.6785,-18.9611,-47.7846,0.000,NORMAL,1,ROUTE,,,,,T2_REVERSE_TO_FORWARD
355.7785,-18.9977,-47.8776,0.000,NORMAL,1,ROUTE,,,,,T2_REVERSE_TO_FORWARD
355.8785,-19.0344,-47.9706,0.000,NORMAL,1,ROUTE,,,,,T2_REVERSE_TO_FORWARD
355.9784,-19.0711,-48.0636,0.000,NORMAL,1,ROUTE,,,,,T2_REVERSE_TO_FORWARD
356.0785,-19.1080,-48.1566,0.000,NORMAL,1,ROUTE,,,,,T2_REVERSE_TO_FORWARD
356.1784,-19.1451,-48.2494,0.000,NORMAL,1,ROUTE,,,,,T2_REVERSE_TO_FORWARD
356.2784,-19.1826,-48.3421,0.000,NORMAL,1,ROUTE,,,,,T2_REVERSE_TO_FORWARD
356.3784,-19.2205,-48.4346,0.000,NORMAL,1,ROUTE,,,,,T2_REVERSE_TO_FORWARD
356.4785,-19.2589,-48.5270,0.000,NORMAL,1,ROUTE,,,,,T2_REVERSE_TO_FORWARD
356.5785,-19.2976,-48.6192,0.000,NORMAL,1,ROUTE,,,,,T2_REVERSE_TO_FORWARD
356.6785,-19.3368,-48.7112,0.000,NORMAL,1,ROUTE,,,,,T2_REVERSE_TO_FORWARD
356.7784,-19.3764,-48.8030,0.000,NORMAL,1,ROUTE,,,,,T2_REVERSE_TO_FORWARD
356.8785,-19.4164,-48.8947,0.000,NORMAL,1,ROUTE,,,,,T2_REVERSE_TO_FORWARD
356.9784,-19.4566,-48.9862,0.000,NORMAL,1,ROUTE,,,,,T2_REVERSE_TO_FORWARD
357.0784,-19.4972,-49.0776,0.000,NORMAL,1,ROUTE,,,,,T2_REVERSE_TO_FORWARD
357.1784,-19.5379,-49.1689,0.000,NORMAL,1,ROUTE,,,,,T2_REVERSE_TO_FORWARD
357.2784,-19.5789,-49.2601,0.000,NORMAL,1,ROUTE,,,,,T2_REVERSE_TO_FORWARD
357.3784,-19.6198,-49.3514,0.000,NORMAL,1,ROUTE,,,,,T2_REVERSE_TO_FORWARD
357.4784,-19.6608,-49.4426,0.000,NORMAL,1,ROUTE,,,,,T2_REVERSE_TO_FORWARD
357.5784,-19.7017,-49.5338,0.000,NORMAL,1,ROUTE,,,,,T2_REVERSE_TO_FORWARD
357.6784,-19.7424,-49.6252,0.000,NORMAL,1,ROUTE,,,,,T2_REVERSE_TO_FORWARD
357.7784,-19.7829,-49.7166,0.000,NORMAL,1,ROUTE,,,,,T2_REVERSE_TO_FORWARD
357.8783,-19.8231,-49.8081,0.000,NORMAL,1,ROUTE,,,,,T2_REVERSE_TO_FORWARD
357.9783,-19.8630,-49.8998,0.000,NORMAL,1,ROUTE,,,,,T2_REVERSE_TO_FORWARD
358.0784,-19.9025,-49.9917,0.000,NORMAL,1,ROUTE,,,,,T2_REVERSE_TO_FORWARD
358.1783,-19.9416,-50.0837,0.000,NORMAL,1,ROUTE,,,,,T2_REVERSE_TO_FORWARD
358.2784,-19.9804,-50.1759,0.000,NORMAL,1,ROUTE,,,,,T2_REVERSE_TO_FORWARD
358.3784,-20.0187,-50.2683,0.000,NORMAL,1,ROUTE,,,,,T2_REVERSE_TO_FORWARD
358.4784,-20.0566,-50.3608,0.000,NORMAL,1,ROUTE,,,,,T2_REVERSE_TO_FORWARD
358.5783,-20.0941,-50.4535,0.000,NORMAL,1,ROUTE,,,,,T2_REVERSE_TO_FORWARD
358.6783,-20.1312,-50.5463,0.000,NORMAL,1,ROUTE,,,,,T2_REVERSE_TO_FORWARD
358.7784,-20.1679,-50.6394,0.000,NORMAL,1,ROUTE,,,,,T2_REVERSE_TO_FORWARD
358.8783,-20.2042,-50.7325,0.000,NORMAL,1,ROUTE,,,,,T2_REVERSE_TO_FORWARD
358.9783,-20.2403,-50.8258,0.000,NORMAL,1,ROUTE,,,,,T2_REVERSE_TO_FORWARD
359.0784,-20.2761,-50.9192,0.000,NORMAL,1,ROUTE,,,,,T2_REVERSE_TO_FORWARD
359.1783,-20.3117,-51.0126,0.000,NORMAL,1,ROUTE,,,,,T2_REVERSE_TO_FORWARD
359.2783,-20.3472,-51.1061,0.000,NORMAL,1,ROUTE,,,,,T2_REVERSE_TO_FORWARD
359.3783,-20.3826,-51.1996,0.000,NORMAL,1,ROUTE,,,,,T2_REVERSE_TO_FORWARD
359.4783,-20.4180,-51.2931,0.000,NORMAL,1,ROUTE,,,,,T2_REVERSE_TO_FORWARD
359.5783,-20.4535,-51.3866,0.000,NORMAL,1,ROUTE,,,,,T2_REVERSE_TO_FORWARD
359.6782,-20.4891,-51.4800,0.000,NORMAL,1,ROUTE,,,,,T2_REVERSE_TO_FORWARD
359.7783,-20.5249,-51.5734,0.000,NORMAL,1,ROUTE,,,,,T2_REVERSE_TO_FORWARD
359.8783,-20.5609,-51.6667,0.000,NORMAL,1,ROUTE,,,,,T2_REVERSE_TO_FORWARD
359.9783,-20.5971,-51.7599,0.000,NORMAL,1,ROUTE,,,,,T2_REVERSE_TO_FORWARD
360.0783,-20.6336,-51.8530,0.000,NORMAL,1,ROUTE,,,,,T2_REVERSE_TO_FORWARD
360.1782,-20.6703,-51.9460,0.000,NORMAL,1,ROUTE,,,,,T2_REVERSE_TO_FORWARD
360.2783,-20.7074,-52.0389,0.000,NORMAL,1,ROUTE,,,,,T2_REVERSE_TO_FORWARD
360.3782,-20.7446,-52.1317,0.000,NORMAL,1,ROUTE,,,,,T2_REVERSE_TO_FORWARD
360.4782,-20.7821,-52.2244,0.000,NORMAL,1,ROUTE,,,,,T2_REVERSE_TO_FORWARD
360.5783,-20.8199,-52.3170,0.000,NORMAL,1,ROUTE,,,,,T2_REVERSE_TO_FORWARD
360.6782,-20.8578,-52.4095,0.000,NORMAL,1,ROUTE,,,,,T2_REVERSE_TO_FORWARD
360.7782,-20.8959,-52.5019,0.000,NORMAL,1,ROUTE,,,,,T2_REVERSE_TO_FORWARD
360.8782,-20.9342,-52.5943,0.000,NORMAL,1,ROUTE,,,,,T2_REVERSE_TO_FORWARD
360.9782,-20.9727,-52.6866,0.000,NORMAL,1,ROUTE,,,,,T2_REVERSE_TO_FORWARD
361.0782,-21.0114,-52.7788,0.000,NORMAL,1,ROUTE,,,,,T2_REVERSE_TO_FORWARD
361.1782,-21.0504,-52.8709,0.000,NORMAL,1,ROUTE,,,,,T2_REVERSE_TO_FORWARD
361.2782,-21.0895,-52.9629,0.000,NORMAL,1,ROUTE,,,,,T2_REVERSE_TO_FORWARD
361.3782,-21.1290,-53.0548,0.000,NORMAL,1,ROUTE,,,,,T2_REVERSE_TO_FORWARD
361.4782,-21.1687,-53.1466,0.000,NORMAL,1,ROUTE,,,,,T2_REVERSE_TO_FORWARD
361.5782,-21.2087,-53.2382,0.000,NORMAL,1,ROUTE,,,,,T2_REVERSE_TO_FORWARD
361.6782,-21.2491,-53.3297,0.000,NORMAL,1,ROUTE,,,,,T2_REVERSE_TO_FORWARD
361.7782,-21.2898,-53.4210,0.000,NORMAL,1,ROUTE,,,,,T2_REVERSE_TO_FORWARD
361.8782,-21.3308,-53.5122,0.000,NORMAL,1,ROUTE,,,,,T2_REVERSE_TO_FORWARD
361.9782,-21.3721,-53.6033,0.000,NORMAL,1,ROUTE,,,,,T2_REVERSE_TO_FORWARD
362.0781,-21.4137,-53.6942,0.000,NORMAL,1,ROUTE,,,,,T2_REVERSE_TO_FORWARD
362.1781,-21.4556,-53.7850,0.000,NORMAL,1,ROUTE,,,,,T2_REVERSE_TO_FORWARD
362.2781,-21.4976,-53.8757,0.000,NORMAL,1,ROUTE,,,,,T2_REVERSE_TO_FORWARD
362.3781,-21.5399,-53.9663,0.000,NORMAL,1,ROUTE,,,,,T2_REVERSE_TO_FORWARD
362.4781,-21.5824,-54.0568,0.000,NORMAL,1,ROUTE,,,,,T2_REVERSE_TO_FORWARD
362.5781,-21.6251,-54.1473,0.000,NORMAL,1,ROUTE,,,,,T2_REVERSE_TO_FORWARD
362.6781,-21.6680,-54.2376,0.000,NORMAL,1,ROUTE,,,,,T2_REVERSE_TO_FORWARD
362.7781,-21.7111,-54.3278,0.000,NORMAL,1,ROUTE,,,,,T2_REVERSE_TO_FORWARD
362.8781,-21.7544,-54.4180,0.000,NORMAL,1,ROUTE,,,,,T2_REVERSE_TO_FORWARD
362.9781,-21.7979,-54.5080,0.000,NORMAL,1,ROUTE,,,,,T2_REVERSE_TO_FORWARD
363.0781,-21.8416,-54.5979,0.000,NORMAL,1,ROUTE,,,,,T2_REVERSE_TO_FORWARD
363.1781,-21.8854,-54.6878,0.000,NORMAL,1,ROUTE,,,,,T2_REVERSE_TO_FORWARD
363.2781,-21.9294,-54.7776,0.000,NORMAL,1,ROUTE,,,,,T2_REVERSE_TO_FORWARD
363.3781,-21.9734,-54.8674,0.000,NORMAL,1,ROUTE,,,,,T2_REVERSE_TO_FORWARD
363.4780,-22.0173,-54.9572,0.000,NORMAL,1,ROUTE,,,,,T2_REVERSE_TO_FORWARD
363.5780,-22.0611,-55.0471,0.000,NORMAL,1,ROUTE,,,,,T2_REVERSE_TO_FORWARD
363.6781,-22.1047,-55.1372,0.000,NORMAL,1,ROUTE,,,,,T2_REVERSE_TO_FORWARD
363.7780,-22.1479,-55.2273,0.000,NORMAL,1,ROUTE,,,,,T2_REVERSE_TO_FORWARD
363.8780,-22.1907,-55.3177,0.000,NORMAL,1,ROUTE,,,,,T2_REVERSE_TO_FORWARD
363.9780,-22.2332,-55.4082,0.000,NORMAL,1,ROUTE,,,,,T2_REVERSE_TO_FORWARD
364.0781,-22.2752,-55.4990,0.000,NORMAL,1,ROUTE,,,,,T2_REVERSE_TO_FORWARD
364.1780,-22.3169,-55.5898,0.000,NORMAL,1,ROUTE,,,,,T2_REVERSE_TO_FORWARD
364.2780,-22.3584,-55.6808,0.000,NORMAL,1,ROUTE,,,,,T2_REVERSE_TO_FORWARD
364.3781,-22.3998,-55.7719,0.000,NORMAL,1,ROUTE,,,,,T2_REVERSE_TO_FORWARD
364.4780,-22.4411,-55.8629,0.000,NORMAL,1,ROUTE,,,,,T2_REVERSE_TO_FORWARD
364.5780,-22.4826,-55.9539,0.000,NORMAL,1,ROUTE,,,,,T2_REVERSE_TO_FORWARD
364.6779,-22.5243,-56.0447,0.000,NORMAL,1,ROUTE,,,,,T2_REVERSE_TO_FORWARD
364.7780,-22.5664,-56.1355,0.000,NORMAL,1,ROUTE,,,,,T2_REVERSE_TO_FORWARD
364.8780,-22.6088,-56.2260,0.000,NORMAL,1,ROUTE,,,,,T2_REVERSE_TO_FORWARD
364.9780,-22.6517,-56.3164,0.000,NORMAL,1,ROUTE,,,,,T2_REVERSE_TO_FORWARD
365.0780,-22.6950,-56.4065,0.000,NORMAL,1,ROUTE,,,,,T2_REVERSE_TO_FORWARD
365.1780,-22.7387,-56.4964,0.000,NORMAL,1,ROUTE,,,,,T2_REVERSE_TO_FORWARD
365.2780,-22.7829,-56.5861,0.000,NORMAL,1,ROUTE,,,,,T2_REVERSE_TO_FORWARD
365.3780,-22.8274,-56.6757,0.000,NORMAL,1,ROUTE,,,,,T2_REVERSE_TO_FORWARD
365.4779,-22.8723,-56.7650,0.000,NORMAL,1,ROUTE,,,,,T2_REVERSE_TO_FORWARD
365.5779,-22.9176,-56.8541,0.000,NORMAL,1,ROUTE,,,,,T2_REVERSE_TO_FORWARD
365.6779,-22.9632,-56.9431,0.000,NORMAL,1,ROUTE,,,,,T2_REVERSE_TO_FORWARD
365.7780,-23.0091,-57.0320,0.000,NORMAL,1,ROUTE,,,,,T2_REVERSE_TO_FORWARD
365.8780,-23.0551,-57.1208,0.000,NORMAL,1,ROUTE,,,,,T2_REVERSE_TO_FORWARD
365.9779,-23.1014,-57.2094,0.000,NORMAL,1,ROUTE,,,,,T2_REVERSE_TO_FORWARD
366.0779,-23.1476,-57.2981,0.000,NORMAL,1,ROUTE,,,,,T2_REVERSE_TO_FORWARD
366.1779,-23.1939,-57.3867,0.000,NORMAL,1,ROUTE,,,,,T2_REVERSE_TO_FORWARD
366.2779,-23.2401,-57.4754,0.000,NORMAL,1,ROUTE,,,,,T2_REVERSE_TO_FORWARD
366.3779,-23.2862,-57.5641,0.000,NORMAL,1,ROUTE,,,,,T2_REVERSE_TO_FORWARD
366.4779,-23.3321,-57.6530,0.000,NORMAL,1,ROUTE,,,,,T2_REVERSE_TO_FORWARD
366.5779,-23.3779,-57.7419,0.000,NORMAL,1,ROUTE,,,,,T2_REVERSE_TO_FORWARD
366.6779,-23.4235,-57.8309,0.000,NORMAL,1,ROUTE,,,,,T2_REVERSE_TO_FORWARD
366.7779,-23.4690,-57.9199,0.000,NORMAL,1,ROUTE,,,,,T2_REVERSE_TO_FORWARD
366.8779,-23.5144,-58.0090,0.000,NORMAL,1,ROUTE,,,,,T2_REVERSE_TO_FORWARD
366.9779,-23.5598,-58.0981,0.000,NORMAL,1,ROUTE,,,,,T2_REVERSE_TO_FORWARD
367.0779,-23.6054,-58.1871,0.000,NORMAL,1,ROUTE,,,,,T2_REVERSE_TO_FORWARD
367.1779,-23.6511,-58.2760,0.000,NORMAL,1,ROUTE,,,,,T2_REVERSE_TO_FORWARD
367.2779,-23.6972,-58.3648,0.000,NORMAL,1,ROUTE,,,,,T2_REVERSE_TO_FORWARD
367.3778,-23.7436,-58.4533,0.000,NORMAL,1,ROUTE,,,,,T2_REVERSE_TO_FORWARD
367.4779,-23.7906,-58.5416,0.000,NORMAL,1,ROUTE,,,,,T2_REVERSE_TO_FORWARD
367.5779,-23.8381,-58.6296,0.000,NORMAL,1,ROUTE,,,,,T2_REVERSE_TO_FORWARD
367.6778,-23.8863,-58.7172,0.000,NORMAL,1,ROUTE,,,,,T2_REVERSE_TO_FORWARD
367.7778,-23.9352,-58.8044,0.000,NORMAL,1,ROUTE,,,,,T2_REVERSE_TO_FORWARD
367.8778,-23.9849,-58.8912,0.000,NORMAL,1,ROUTE,,,,,T2_REVERSE_TO_FORWARD
367.9778,-24.0352,-58.9776,0.000,NORMAL,1,ROUTE,,,,,T2_REVERSE_TO_FORWARD
368.0778,-24.0863,-59.0635,0.000,NORMAL,1,ROUTE,,,,,T2_REVERSE_TO_FORWARD
368.1778,-24.1382,-59.1490,0.000,NORMAL,1,ROUTE,,,,,T2_REVERSE_TO_FORWARD
368.2778,-24.1908,-59.2341,0.000,NORMAL,1,ROUTE,,,,,T2_REVERSE_TO_FORWARD
368.3778,-24.2441,-59.3187,0.000,NORMAL,1,ROUTE,,,,,T2_REVERSE_TO_FORWARD
368.4778,-24.2980,-59.4029,0.000,NORMAL,1,ROUTE,,,,,T2_REVERSE_TO_FORWARD
368.5778,-24.3526,-59.4867,0.000,NORMAL,1,ROUTE,,,,,T2_REVERSE_TO_FORWARD
368.6778,-24.4077,-59.5701,0.000,NORMAL,1,ROUTE,,,,,T2_REVERSE_TO_FORWARD
368.7778,-24.4633,-59.6532,0.000,NORMAL,1,ROUTE,,,,,T2_REVERSE_TO_FORWARD
368.8778,-24.5193,-59.7361,0.000,NORMAL,1,ROUTE,,,,,T2_REVERSE_TO_FORWARD
368.9777,-24.5755,-59.8187,0.000,NORMAL,1,ROUTE,,,,,T2_REVERSE_TO_FORWARD
369.0778,-24.6321,-59.9012,0.000,NORMAL,1,ROUTE,,,,,T2_REVERSE_TO_FORWARD
369.1777,-24.6890,-59.9834,0.000,NORMAL,1,ROUTE,,,,,T2_REVERSE_TO_FORWARD
369.2777,-24.7461,-60.0655,0.000,NORMAL,1,ROUTE,,,,,T2_REVERSE_TO_FORWARD
369.3777,-24.8035,-60.1474,0.000,NORMAL,1,ROUTE,,,,,T2_REVERSE_TO_FORWARD
369.4777,-24.8613,-60.2290,0.000,NORMAL,1,ROUTE,,,,,T2_REVERSE_TO_FORWARD
369.5778,-24.9194,-60.3104,0.000,NORMAL,1,ROUTE,,,,,T2_REVERSE_TO_FORWARD
369.6777,-24.9780,-60.3914,0.000,NORMAL,1,ROUTE,,,,,T2_REVERSE_TO_FORWARD
369.7777,-25.0372,-60.4720,0.000,NORMAL,1,ROUTE,,,,,T2_REVERSE_TO_FORWARD
369.8777,-25.0970,-60.5521,0.000,NORMAL,1,ROUTE,,,,,T2_REVERSE_TO_FORWARD
369.9777,-25.1575,-60.6317,0.000,NORMAL,1,ROUTE,,,,,T2_REVERSE_TO_FORWARD
370.0776,-25.2189,-60.7106,0.000,NORMAL,1,ROUTE,,,,,T2_REVERSE_TO_FORWARD
370.1777,-25.2812,-60.7889,0.000,NORMAL,1,ROUTE,,,,,T2_REVERSE_TO_FORWARD
370.2776,-25.3444,-60.8663,0.000,NORMAL,1,ROUTE,,,,,T2_REVERSE_TO_FORWARD
370.3777,-25.4086,-60.9430,0.000,NORMAL,1,ROUTE,,,,,T2_REVERSE_TO_FORWARD
370.4777,-25.4739,-61.0188,0.000,NORMAL,1,ROUTE,,,,,T2_REVERSE_TO_FORWARD
370.5777,-25.5402,-61.0936,0.000,NORMAL,1,ROUTE,,,,,T2_REVERSE_TO_FORWARD
370.6777,-25.6077,-61.1674,0.000,NORMAL,1,ROUTE,,,,,T2_REVERSE_TO_FORWARD
370.7777,-25.6764,-61.2401,0.000,NORMAL,1,ROUTE,,,,,T2_REVERSE_TO_FORWARD
370.8777,-25.7464,-61.3115,0.000,NORMAL,1,ROUTE,,,,,T2_REVERSE_TO_FORWARD
370.9777,-25.8177,-61.3816,0.000,NORMAL,1,ROUTE,,,,,T2_REVERSE_TO_FORWARD
371.0776,-25.8904,-61.4502,0.000,NORMAL,1,ROUTE,,,,,T2_REVERSE_TO_FORWARD
371.1776,-25.9644,-61.5174,0.000,NORMAL,1,ROUTE,,,,,T2_REVERSE_TO_FORWARD
371.2776,-26.0398,-61.5831,0.000,NORMAL,1,ROUTE,,,,,T2_REVERSE_TO_FORWARD
371.3776,-26.1165,-61.6473,0.000,NORMAL,1,ROUTE,,,,,T2_REVERSE_TO_FORWARD
371.4776,-26.1944,-61.7100,0.000,NORMAL,1,ROUTE,,,,,T2_REVERSE_TO_FORWARD
371.5776,-26.2736,-61.7710,0.000,NORMAL,1,ROUTE,,,,,T2_REVERSE_TO_FORWARD
371.6776,-26.3541,-61.8303,0.000,NORMAL,1,ROUTE,,,,,T2_REVERSE_TO_FORWARD
371.7776,-26.4359,-61.8879,0.000,NORMAL,1,ROUTE,,,,,T2_REVERSE_TO_FORWARD
371.8776,-26.5188,-61.9438,0.000,NORMAL,1,ROUTE,,,,,T2_REVERSE_TO_FORWARD
371.9775,-26.6029,-61.9978,0.000,NORMAL,1,ROUTE,,,,,T2_REVERSE_TO_FORWARD
372.0775,-26.6881,-62.0501,0.000,NORMAL,1,ROUTE,,,,,T2_REVERSE_TO_FORWARD
372.1776,-26.7744,-62.1007,0.000,NORMAL,1,ROUTE,,,,,T2_REVERSE_TO_FORWARD
372.2776,-26.8617,-62.1495,0.000,NORMAL,1,ROUTE,,,,,T2_REVERSE_TO_FORWARD
372.3775,-26.9499,-62.1965,0.000,NORMAL,1,ROUTE,,,,,T2_REVERSE_TO_FORWARD
372.4776,-27.0391,-62.2418,0.000,NORMAL,1,ROUTE,,,,,T2_REVERSE_TO_FORWARD
372.5776,-27.1291,-62.2854,0.000,NORMAL,1,ROUTE,,,,,T2_REVERSE_TO_FORWARD
372.6775,-27.2199,-62.3272,0.000,NORMAL,1,ROUTE,,,,,T2_REVERSE_TO_FORWARD
372.7776,-27.3116,-62.3672,0.000,NORMAL,1,ROUTE,,,,,T2_REVERSE_TO_FORWARD
372.8776,-27.4040,-62.4054,0.000,NORMAL,1,ROUTE,,,,,T2_REVERSE_TO_FORWARD
372.9775,-27.4971,-62.4417,0.000,NORMAL,1,ROUTE,,,,,T2_REVERSE_TO_FORWARD
373.0775,-27.5910,-62.4763,0.000,NORMAL,1,ROUTE,,,,,T2_REVERSE_TO_FORWARD
373.1775,-27.6855,-62.5089,0.000,NORMAL,1,ROUTE,,,,,T2_REVERSE_TO_FORWARD
373.2774,-27.7806,-62.5396,0.000,NORMAL,1,ROUTE,,,,,T2_REVERSE_TO_FORWARD
373.3775,-27.8764,-62.5683,0.000,NORMAL,1,ROUTE,,,,,T2_REVERSE_TO_FORWARD
373.4775,-27.9728,-62.5949,0.000,NORMAL,1,ROUTE,,,,,T2_REVERSE_TO_FORWARD
373.5775,-28.0698,-62.6194,0.000,NORMAL,1,ROUTE,,,,,T2_REVERSE_TO_FORWARD
373.6774,-28.1672,-62.6418,0.000,NORMAL,1,ROUTE,,,,,T2_REVERSE_TO_FORWARD
373.7775,-28.2651,-62.6624,0.000,NORMAL,1,ROUTE,,,,,T2_REVERSE_TO_FORWARD
373.8775,-28.3633,-62.6812,0.000,NORMAL,1,ROUTE,,,,,T2_REVERSE_TO_FORWARD
373.9774,-28.4618,-62.6983,0.000,NORMAL,1,ROUTE,,,,,T2_REVERSE_TO_FORWARD
374.0774,-28.5605,-62.7141,0.000,NORMAL,1,ROUTE,,,,,T2_REVERSE_TO_FORWARD
374.1774,-28.6595,-62.7285,0.000,NORMAL,1,ROUTE,,,,,T2_REVERSE_TO_FORWARD
374.2774,-28.7586,-62.7416,0.000,NORMAL,1,ROUTE,,,,,T2_REVERSE_TO_FORWARD
374.3774,-28.8579,-62.7537,0.000,NORMAL,1,ROUTE,,,,,T2_REVERSE_TO_FORWARD
374.4775,-28.9573,-62.7648,0.000,NORMAL,1,ROUTE,,,,,T2_REVERSE_TO_FORWARD
374.5774,-29.0567,-62.7749,0.000,NORMAL,1,ROUTE,,,,,T2_REVERSE_TO_FORWARD
374.6774,-29.1563,-62.7842,0.000,NORMAL,1,ROUTE,,,,,T2_REVERSE_TO_FORWARD
374.7774,-29.2559,-62.7926,0.000,NORMAL,1,ROUTE,,,,,T2_REVERSE_TO_FORWARD
374.8773,-29.3556,-62.8002,0.000,NORMAL,1,ROUTE,,,,,T2_REVERSE_TO_FORWARD
374.9774,-29.4554,-62.8069,0.000,NORMAL,1,ROUTE,,,,,T2_REVERSE_TO_FORWARD
375.0773,-29.5552,-62.8127,0.000,NORMAL,1,ROUTE,,,,,T2_REVERSE_TO_FORWARD
375.1774,-29.6551,-62.8175,0.000,NORMAL,1,ROUTE,,,,,T2_REVERSE_TO_FORWARD
375.2773,-29.7550,-62.8213,0.000,NORMAL,1,ROUTE,,,,,T2_REVERSE_TO_FORWARD
375.3774,-29.8550,-62.8240,0.000,NORMAL,1,ROUTE,,,,,T2_REVERSE_TO_FORWARD
375.4774,-29.9550,-62.8254,0.000,NORMAL,1,ROUTE,,,,,T2_REVERSE_TO_FORWARD
375.5774,-30.0550,-62.8255,0.000,NORMAL,1,ROUTE,,,,,T2_REVERSE_TO_FORWARD
375.6774,-30.1550,-62.8243,0.000,NORMAL,1,ROUTE,,,,,T2_REVERSE_TO_FORWARD
375.7773,-30.2549,-62.8215,0.000,NORMAL,1,ROUTE,,,,,T2_REVERSE_TO_FORWARD
375.8773,-30.3548,-62.8172,0.000,NORMAL,1,ROUTE,,,,,T2_REVERSE_TO_FORWARD
375.9773,-30.4546,-62.8112,0.000,NORMAL,1,ROUTE,,,,,T2_REVERSE_TO_FORWARD
376.0773,-30.5543,-62.8034,0.000,NORMAL,1,ROUTE,,,,,T2_REVERSE_TO_FORWARD
376.1773,-30.6539,-62.7939,0.000,NORMAL,1,ROUTE,,,,,T2_REVERSE_TO_FORWARD
376.2773,-30.7532,-62.7825,0.000,NORMAL,1,ROUTE,,,,,T2_REVERSE_TO_FORWARD
376.3773,-30.8523,-62.7695,0.000,NORMAL,1,ROUTE,,,,,T2_REVERSE_TO_FORWARD
376.4773,-30.9513,-62.7549,0.000,NORMAL,1,ROUTE,,,,,T2_REVERSE_TO_FORWARD
376.5772,-31.0499,-62.7388,0.000,NORMAL,1,ROUTE,,,,,T2_REVERSE_TO_FORWARD
376.6773,-31.1484,-62.7213,0.000,NORMAL,1,ROUTE,,,,,T2_REVERSE_TO_FORWARD
376.7773,-31.2467,-62.7027,0.000,NORMAL,1,ROUTE,,,,,T2_REVERSE_TO_FORWARD
376.8773,-31.3447,-62.6830,0.000,NORMAL,1,ROUTE,,,,,T2_REVERSE_TO_FORWARD
376.9773,-31.4425,-62.6622,0.000,NORMAL,1,ROUTE,,,,,T2_REVERSE_TO_FORWARD
377.0772,-31.5401,-62.6406,0.000,NORMAL,1,ROUTE,,,,,T2_REVERSE_TO_FORWARD
377.1773,-31.6376,-62.6182,0.000,NORMAL,1,ROUTE,,,,,T2_REVERSE_TO_FORWARD
377.2772,-31.7348,-62.5949,0.000,NORMAL,1,ROUTE,,,,,T2_REVERSE_TO_FORWARD
377.3772,-31.8319,-62.5709,0.000,NORMAL,1,ROUTE,,,,,T2_REVERSE_TO_FORWARD
377.4772,-31.9288,-62.5463,0.000,NORMAL,1,ROUTE,,,,,T2_REVERSE_TO_FORWARD
377.5772,-32.0255,-62.5209,0.000,NORMAL,1,ROUTE,,,,,T2_REVERSE_TO_FORWARD
377.6772,-32.1221,-62.4949,0.000,NORMAL,1,ROUTE,,,,,T2_REVERSE_TO_FORWARD
377.7772,-32.2184,-62.4681,0.000,NORMAL,1,ROUTE,,,,,T2_REVERSE_TO_FORWARD
377.8772,-32.3146,-62.4408,0.000,NORMAL,1,ROUTE,,,,,T2_REVERSE_TO_FORWARD
377.9772,-32.4106,-62.4128,0.000,NORMAL,1,ROUTE,,,,,T2_REVERSE_TO_FORWARD
378.0772,-32.5064,-62.3842,0.000,NORMAL,1,ROUTE,,,,,T2_REVERSE_TO_FORWARD
378.1772,-32.6021,-62.3550,0.000,NORMAL,1,ROUTE,,,,,T2_REVERSE_TO_FORWARD
378.2772,-32.6976,-62.3254,0.000,NORMAL,1,ROUTE,,,,,T2_REVERSE_TO_FORWARD
378.3772,-32.7930,-62.2954,0.000,NORMAL,1,ROUTE,,,,,T2_REVERSE_TO_FORWARD
378.4771,-32.8882,-62.2650,0.000,NORMAL,1,ROUTE,,,,,T2_REVERSE_TO_FORWARD
378.5772,-32.9834,-62.2342,0.000,NORMAL,1,ROUTE,,,,,T2_REVERSE_TO_FORWARD
378.6771,-33.0784,-62.2032,0.000,NORMAL,1,ROUTE,,,,,T2_REVERSE_TO_FORWARD
378.7772,-33.1734,-62.1719,0.000,NORMAL,1,ROUTE,,,,,T2_REVERSE_TO_FORWARD
378.8771,-33.2683,-62.1404,0.000,NORMAL,1,ROUTE,,,,,T2_REVERSE_TO_FORWARD
378.9771,-33.3631,-62.1087,0.000,NORMAL,1,ROUTE,,,,,T2_REVERSE_TO_FORWARD
379.0771,-33.4579,-62.0768,0.000,NORMAL,1,ROUTE,,,,,T2_REVERSE_TO_FORWARD
379.1772,-33.5527,-62.0449,0.000,NORMAL,1,ROUTE,,,,,T2_REVERSE_TO_FORWARD
379.2772,-33.6474,-62.0127,0.000,NORMAL,1,ROUTE,,,,,T2_REVERSE_TO_FORWARD
379.3771,-33.7420,-61.9805,0.000,NORMAL,1,ROUTE,,,,,T2_REVERSE_TO_FORWARD
379.4771,-33.8366,-61.9481,0.000,NORMAL,1,ROUTE,,,,,T2_REVERSE_TO_FORWARD
379.5772,-33.9312,-61.9155,0.000,NORMAL,1,ROUTE,,,,,T2_REVERSE_TO_FORWARD
379.6771,-34.0256,-61.8828,0.000,NORMAL,1,ROUTE,,,,,T2_REVERSE_TO_FORWARD
379.7771,-34.1201,-61.8499,0.000,NORMAL,1,ROUTE,,,,,T2_REVERSE_TO_FORWARD
379.8771,-34.2144,-61.8166,0.000,NORMAL,1,ROUTE,,,,,T2_REVERSE_TO_FORWARD
379.9771,-34.3086,-61.7831,0.000,NORMAL,1,ROUTE,,,,,T2_REVERSE_TO_FORWARD
380.0771,-34.4027,-61.7492,0.000,NORMAL,1,ROUTE,,,,,T2_REVERSE_TO_FORWARD
380.1771,-34.4966,-61.7149,0.000,NORMAL,1,ROUTE,,,,,T2_REVERSE_TO_FORWARD
380.2771,-34.5903,-61.6801,0.000,NORMAL,1,ROUTE,,,,,T2_REVERSE_TO_FORWARD
380.3770,-34.6838,-61.6447,0.000,NORMAL,1,ROUTE,,,,,T2_REVERSE_TO_FORWARD
380.4770,-34.7771,-61.6087,0.000,NORMAL,1,ROUTE,,,,,T2_REVERSE_TO_FORWARD
380.5770,-34.8701,-61.5720,0.000,NORMAL,1,ROUTE,,,,,T2_REVERSE_TO_FORWARD
380.6770,-34.9628,-61.5345,0.000,NORMAL,1,ROUTE,,,,,T2_REVERSE_TO_FORWARD
380.7770,-35.0552,-61.4962,0.000,NORMAL,1,ROUTE,,,,,T2_REVERSE_TO_FORWARD
380.8770,-35.1472,-61.4570,0.000,NORMAL,1,ROUTE,,,,,T2_REVERSE_TO_FORWARD
380.9770,-35.2389,-61.4171,0.000,NORMAL,1,ROUTE,,,,,T2_REVERSE_TO_FORWARD
381.0771,-35.3302,-61.3763,0.000,NORMAL,1,ROUTE,,,,,T2_REVERSE_TO_FORWARD
381.1770,-35.4211,-61.3348,0.000,NORMAL,1,ROUTE,,,,,T2_REVERSE_TO_FORWARD
381.2771,-35.5118,-61.2925,0.000,NORMAL,1,ROUTE,,,,,T2_REVERSE_TO_FORWARD
381.3770,-35.6021,-61.2497,0.000,NORMAL,1,ROUTE,,,,,T2_REVERSE_TO_FORWARD
381.4770,-35.6923,-61.2065,0.000,NORMAL,1,ROUTE,,,,,T2_REVERSE_TO_FORWARD
381.5770,-35.7823,-61.1629,0.000,NORMAL,1,ROUTE,,,,,T2_REVERSE_TO_FORWARD
381.6770,-35.8722,-61.1192,0.000,NORMAL,1,ROUTE,,,,,T2_REVERSE_TO_FORWARD
381.7770,-35.9622,-61.0756,0.000,NORMAL,1,ROUTE,,,,,T2_REVERSE_TO_FORWARD
381.8770,-36.0523,-61.0321,0.000,NORMAL,1,ROUTE,,,,,T2_REVERSE_TO_FORWARD
381.9769,-36.1425,-60.9891,0.000,NORMAL,1,ROUTE,,,,,T2_REVERSE_TO_FORWARD
382.0769,-36.2330,-60.9466,0.000,NORMAL,1,ROUTE,,,,,T2_REVERSE_TO_FORWARD
382.1770,-36.3239,-60.9048,0.000,NORMAL,1,ROUTE,,,,,T2_REVERSE_TO_FORWARD
382.2770,-36.4151,-60.8638,0.000,NORMAL,1,ROUTE,,,,,T2_REVERSE_TO_FORWARD
382.3770,-36.5068,-60.8239,0.000,NORMAL,1,ROUTE,,,,,T2_REVERSE_TO_FORWARD
382.4769,-36.5989,-60.7850,0.000,NORMAL,1,ROUTE,,,,,T2_REVERSE_TO_FORWARD
382.5769,-36.6915,-60.7473,0.000,NORMAL,1,ROUTE,,,,,T2_REVERSE_TO_FORWARD
382.6769,-36.7846,-60.7108,0.000,NORMAL,1,ROUTE,,,,,T2_REVERSE_TO_FORWARD
382.7769,-36.8781,-60.6753,0.000,NORMAL,1,ROUTE,,,,,T2_REVERSE_TO_FORWARD
382.8769,-36.9719,-60.6407,0.000,NORMAL,1,ROUTE,,,,,T2_REVERSE_TO_FORWARD
382.9769,-37.0660,-60.6068,0.000,NORMAL,1,ROUTE,,,,,T2_REVERSE_TO_FORWARD
383.0769,-37.1603,-60.5736,0.000,NORMAL,1,ROUTE,,,,,T2_REVERSE_TO_FORWARD
383.1769,-37.2547,-60.5406,0.000,NORMAL,1,ROUTE,,,,,T2_REVERSE_TO_FORWARD
383.2769,-37.3492,-60.5079,0.000,NORMAL,1,ROUTE,,,,,T2_REVERSE_TO_FORWARD
383.3769,-37.4437,-60.4751,0.000,NORMAL,1,ROUTE,,,,,T2_REVERSE_TO_FORWARD
383.4769,-37.5381,-60.4421,0.000,NORMAL,1,ROUTE,,,,,T2_REVERSE_TO_FORWARD
383.5769,-37.6323,-60.4088,0.000,NORMAL,1,ROUTE,,,,,T2_REVERSE_TO_FORWARD
383.6769,-37.7264,-60.3749,0.000,NORMAL,1,ROUTE,,,,,T2_REVERSE_TO_FORWARD
383.7769,-37.8203,-60.3404,0.000,NORMAL,1,ROUTE,,,,,T2_REVERSE_TO_FORWARD
383.8769,-37.9139,-60.3053,0.000,NORMAL,1,ROUTE,,,,,T2_REVERSE_TO_FORWARD
383.9769,-38.0073,-60.2696,0.000,NORMAL,1,ROUTE,,,,,T2_REVERSE_TO_FORWARD
384.0768,-38.1004,-60.2332,0.000,NORMAL,1,ROUTE,,,,,T2_REVERSE_TO_FORWARD
384.1768,-38.1934,-60.1964,0.000,NORMAL,1,ROUTE,,,,,T2_REVERSE_TO_FORWARD
384.2769,-38.2862,-60.1590,0.000,NORMAL,1,ROUTE,,,,,T2_REVERSE_TO_FORWARD
384.3768,-38.3787,-60.1212,0.000,NORMAL,1,ROUTE,,,,,T2_REVERSE_TO_FORWARD
384.4768,-38.4711,-60.0830,0.000,NORMAL,1,ROUTE,,,,,T2_REVERSE_TO_FORWARD
384.5768,-38.5633,-60.0443,0.000,NORMAL,1,ROUTE,,,,,T2_REVERSE_TO_FORWARD
384.6769,-38.6554,-60.0052,0.000,NORMAL,1,ROUTE,,,,,T2_REVERSE_TO_FORWARD
384.7768,-38.7472,-59.9656,0.000,NORMAL,1,ROUTE,,,,,T2_REVERSE_TO_FORWARD
384.8768,-38.8388,-59.9255,0.000,NORMAL,1,ROUTE,,,,,T2_REVERSE_TO_FORWARD
384.9768,-38.9301,-59.8848,0.000,NORMAL,1,ROUTE,,,,,T2_REVERSE_TO_FORWARD
385.0768,-39.0212,-59.8435,0.000,NORMAL,1,ROUTE,,,,,T2_REVERSE_TO_FORWARD
385.1768,-39.1120,-59.8016,0.000,NORMAL,1,ROUTE,,,,,T2_REVERSE_TO_FORWARD
385.2768,-39.2024,-59.7589,0.000,NORMAL,1,ROUTE,,,,,T2_REVERSE_TO_FORWARD
385.3768,-39.2925,-59.7155,0.000,NORMAL,1,ROUTE,,,,,T2_REVERSE_TO_FORWARD
385.4768,-39.3823,-59.6715,0.000,NORMAL,1,ROUTE,,,,,T2_REVERSE_TO_FORWARD
385.5768,-39.4718,-59.6270,0.000,NORMAL,1,ROUTE,,,,,T2_REVERSE_TO_FORWARD
385.6768,-39.5612,-59.5821,0.000,NORMAL,1,ROUTE,,,,,T2_REVERSE_TO_FORWARD
385.7768,-39.6504,-59.5369,0.000,NORMAL,1,ROUTE,,,,,T2_REVERSE_TO_FORWARD
385.8768,-39.7396,-59.4917,0.000,NORMAL,1,ROUTE,,,,,T2_REVERSE_TO_FORWARD
385.9767,-39.8288,-59.4466,0.000,NORMAL,1,ROUTE,,,,,T2_REVERSE_TO_FORWARD
386.0768,-39.9182,-59.4017,0.000,NORMAL,1,ROUTE,,,,,T2_REVERSE_TO_FORWARD
386.1768,-40.0077,-59.3571,0.000,NORMAL,1,ROUTE,,,,,T2_REVERSE_TO_FORWARD
386.2768,-40.0974,-59.3129,0.000,NORMAL,1,ROUTE,,,,,T2_REVERSE_TO_FORWARD
386.3767,-40.1873,-59.2692,0.000,NORMAL,1,ROUTE,,,,,T2_REVERSE_TO_FORWARD
386.4768,-40.2775,-59.2260,0.000,NORMAL,1,ROUTE,,,,,T2_REVERSE_TO_FORWARD
386.5767,-40.3679,-59.1834,0.000,NORMAL,1,ROUTE,,,,,T2_REVERSE_TO_FORWARD
386.6767,-40.4586,-59.1412,0.000,NORMAL,1,ROUTE,,,,,T2_REVERSE_TO_FORWARD
386.7767,-40.5496,-59.0997,0.000,NORMAL,1,ROUTE,,,,,T2_REVERSE_TO_FORWARD
386.8767,-40.6408,-59.0587,0.000,NORMAL,1,ROUTE,,,,,T2_REVERSE_TO_FORWARD
386.9767,-40.7322,-59.0182,0.000,NORMAL,1,ROUTE,,,,,T2_REVERSE_TO_FORWARD
387.0767,-40.8238,-58.9782,0.000,NORMAL,1,ROUTE,,,,,T2_REVERSE_TO_FORWARD
387.1767,-40.9157,-58.9386,0.000,NORMAL,1,ROUTE,,,,,T2_REVERSE_TO_FORWARD
387.2767,-41.0077,-58.8995,0.000,NORMAL,1,ROUTE,,,,,T2_REVERSE_TO_FORWARD
387.3767,-41.0999,-58.8607,0.000,NORMAL,1,ROUTE,,,,,T2_REVERSE_TO_FORWARD
387.4766,-41.1921,-58.8222,0.000,NORMAL,1,ROUTE,,,,,T2_REVERSE_TO_FORWARD
387.5767,-41.2845,-58.7839,0.000,NORMAL,1,ROUTE,,,,,T2_REVERSE_TO_FORWARD
387.6767,-41.3770,-58.7458,0.000,NORMAL,1,ROUTE,,,,,T2_REVERSE_TO_FORWARD
387.7767,-41.4695,-58.7078,0.000,NORMAL,1,ROUTE,,,,,T2_REVERSE_TO_FORWARD
387.8766,-41.5620,-58.6700,0.000,NORMAL,1,ROUTE,,,,,T2_REVERSE_TO_FORWARD
387.9767,-41.6546,-58.6321,0.000,NORMAL,1,ROUTE,,,,,T2_REVERSE_TO_FORWARD
388.0766,-41.7471,-58.5942,0.000,NORMAL,1,ROUTE,,,,,T2_REVERSE_TO_FORWARD
388.1766,-41.8396,-58.5562,0.000,NORMAL,1,ROUTE,,,,,T2_REVERSE_TO_FORWARD
388.2766,-41.9320,-58.5180,0.000,NORMAL,1,ROUTE,,,,,T2_REVERSE_TO_FORWARD
388.3766,-42.0243,-58.4796,0.000,NORMAL,1,ROUTE,,,,,T2_REVERSE_TO_FORWARD
388.4766,-42.1165,-58.4409,0.000,NORMAL,1,ROUTE,,,,,T2_REVERSE_TO_FORWARD
388.5766,-42.2085,-58.4018,0.000,NORMAL,1,ROUTE,,,,,T2_REVERSE_TO_FORWARD
388.6766,-42.3004,-58.3622,0.000,NORMAL,1,ROUTE,,,,,T2_REVERSE_TO_FORWARD
388.7766,-42.3920,-58.3221,0.000,NORMAL,1,ROUTE,,,,,T2_REVERSE_TO_FORWARD
388.8765,-42.4833,-58.2815,0.000,NORMAL,1,ROUTE,,,,,T2_REVERSE_TO_FORWARD
388.9766,-42.5744,-58.2401,0.000,NORMAL,1,ROUTE,,,,,T2_REVERSE_TO_FORWARD
389.0766,-42.6651,-58.1981,0.000,NORMAL,1,ROUTE,,,,,T2_REVERSE_TO_FORWARD
389.1765,-42.7555,-58.1554,0.000,NORMAL,1,ROUTE,,,,,T2_REVERSE_TO_FORWARD
389.2766,-42.8456,-58.1119,0.000,NORMAL,1,ROUTE,,,,,T2_REVERSE_TO_FORWARD
389.3765,-42.9352,-58.0676,0.000,NORMAL,1,ROUTE,,,,,T2_REVERSE_TO_FORWARD
389.4765,-43.0245,-58.0226,0.000,NORMAL,1,ROUTE,,,,,T2_REVERSE_TO_FORWARD
389.5766,-43.1134,-57.9767,0.000,NORMAL,1,ROUTE,,,,,T2_REVERSE_TO_FORWARD
389.6765,-43.2018,-57.9301,0.000,NORMAL,1,ROUTE,,,,,T2_REVERSE_TO_FORWARD
389.7765,-43.2898,-57.8826,0.000,NORMAL,1,ROUTE,,,,,T2_REVERSE_TO_FORWARD
389.8766,-43.3775,-57.8344,0.000,NORMAL,1,ROUTE,,,,,T2_REVERSE_TO_FORWARD
389.9765,-43.4647,-57.7856,0.000,NORMAL,1,ROUTE,,,,,T2_REVERSE_TO_FORWARD
390.0765,-43.5516,-57.7361,0.000,NORMAL,1,ROUTE,,,,,T2_REVERSE_TO_FORWARD
390.1765,-43.6382,-57.6861,0.000,NORMAL,1,ROUTE,,,,,T2_REVERSE_TO_FORWARD
390.2765,-43.7245,-57.6356,0.000,NORMAL,1,ROUTE,,,,,T2_REVERSE_TO_FORWARD
390.3764,-43.8105,-57.5847,0.000,NORMAL,1,ROUTE,,,,,T2_REVERSE_TO_FORWARD
390.4766,-43.8964,-57.5333,0.000,NORMAL,1,ROUTE,,,,,T2_REVERSE_TO_FORWARD
390.5765,-43.9820,-57.4817,0.000,NORMAL,1,ROUTE,,,,,T2_REVERSE_TO_FORWARD
390.6765,-44.0674,-57.4296,0.000,NORMAL,1,ROUTE,,,,,T2_REVERSE_TO_FORWARD
390.7765,-44.1525,-57.3771,0.000,NORMAL,1,ROUTE,,,,,T2_REVERSE_TO_FORWARD
390.8765,-44.2373,-57.3242,0.000,NORMAL,1,ROUTE,,,,,T2_REVERSE_TO_FORWARD
390.9764,-44.3218,-57.2708,0.000,NORMAL,1,ROUTE,,,,,T2_REVERSE_TO_FORWARD
391.0765,-44.4060,-57.2167,0.000,NORMAL,1,ROUTE,,,,,T2_REVERSE_TO_FORWARD
391.1765,-44.4896,-57.1619,0.000,NORMAL,1,ROUTE,,,,,T2_REVERSE_TO_FORWARD
391.2765,-44.5727,-57.1063,0.000,NORMAL,1,ROUTE,,,,,T2_REVERSE_TO_FORWARD
391.3764,-44.6551,-57.0497,0.000,NORMAL,1,ROUTE,,,,,T2_REVERSE_TO_FORWARD
391.4765,-44.7368,-56.9920,0.000,NORMAL,1,ROUTE,,,,,T2_REVERSE_TO_FORWARD
391.5765,-44.8175,-56.9329,0.000,NORMAL,1,ROUTE,,,,,T2_REVERSE_TO_FORWARD
391.6764,-44.8970,-56.8723,0.000,NORMAL,1,ROUTE,,,,,T2_REVERSE_TO_FORWARD
391.7764,-44.9752,-56.8100,0.000,NORMAL,1,ROUTE,,,,,T2_REVERSE_TO_FORWARD
391.8764,-45.0518,-56.7458,0.000,NORMAL,1,ROUTE,,,,,T2_REVERSE_TO_FORWARD
391.9764,-45.1266,-56.6794,0.000,NORMAL,1,ROUTE,,,,,T2_REVERSE_TO_FORWARD
392.0764,-45.1993,-56.6107,0.000,NORMAL,1,ROUTE,,,,,T2_REVERSE_TO_FORWARD
392.1764,-45.2696,-56.5396,0.000,NORMAL,1,ROUTE,,,,,T2_REVERSE_TO_FORWARD
392.2764,-45.3374,-56.4661,0.000,NORMAL,1,ROUTE,,,,,T2_REVERSE_TO_FORWARD
392.3763,-45.4026,-56.3904,0.000,NORMAL,1,ROUTE,,,,,T2_REVERSE_TO_FORWARD
392.4763,-45.4652,-56.3124,0.000,NORMAL,1,ROUTE,,,,,T2_REVERSE_TO_FORWARD
392.5763,-45.5252,-56.2324,0.000,NORMAL,1,ROUTE,,,,,T2_REVERSE_TO_FORWARD
392.6763,-45.5824,-56.1504,0.000,NORMAL,1,ROUTE,,,,,T2_REVERSE_TO_FORWARD
392.7763,-45.6369,-56.0665,0.000,NORMAL,1,ROUTE,,,,,T2_REVERSE_TO_FORWARD
392.8763,-45.6886,-55.9809,0.000,NORMAL,1,ROUTE,,,,,T2_REVERSE_TO_FORWARD
392.9763,-45.7375,-55.8937,0.000,NORMAL,1,ROUTE,,,,,T2_REVERSE_TO_FORWARD
393.0763,-45.7834,-55.8049,0.000,NORMAL,1,ROUTE,,,,,T2_REVERSE_TO_FORWARD
393.1763,-45.8264,-55.7146,0.000,NORMAL,1,ROUTE,,,,,T2_REVERSE_TO_FORWARD
393.2763,-45.8665,-55.6230,0.000,NORMAL,1,ROUTE,,,,,T2_REVERSE_TO_FORWARD
393.3763,-45.9037,-55.5302,0.000,NORMAL,1,ROUTE,,,,,T2_REVERSE_TO_FORWARD
393.4763,-45.9384,-55.4364,0.000,NORMAL,1,ROUTE,,,,,T2_REVERSE_TO_FORWARD
393.5763,-45.9705,-55.3417,0.000,NORMAL,1,ROUTE,,,,,T2_REVERSE_TO_FORWARD
393.6763,-46.0004,-55.2463,0.000,NORMAL,1,ROUTE,,,,,T2_REVERSE_TO_FORWARD
393.7762,-46.0280,-55.1502,0.000,NORMAL,1,ROUTE,,,,,T2_REVERSE_TO_FORWARD
393.8762,-46.0538,-55.0536,0.000,NORMAL,1,ROUTE,,,,,T2_REVERSE_TO_FORWARD
393.9762,-46.0776,-54.9565,0.000,NORMAL,1,ROUTE,,,,,T2_REVERSE_TO_FORWARD
394.0762,-46.0998,-54.8590,0.000,NORMAL,1,ROUTE,,,,,T2_REVERSE_TO_FORWARD
394.1762,-46.1204,-54.7611,0.000,NORMAL,1,ROUTE,,,,,T2_REVERSE_TO_FORWARD
394.2762,-46.1397,-54.6630,0.000,NORMAL,1,ROUTE,,,,,T2_REVERSE_TO_FORWARD
394.3761,-46.1577,-54.5647,0.000,NORMAL,1,ROUTE,,,,,T2_REVERSE_TO_FORWARD
394.4762,-46.1747,-54.4661,0.000,NORMAL,1,ROUTE,,,,,T2_REVERSE_TO_FORWARD
394.5762,-46.1906,-54.3674,0.000,NORMAL,1,ROUTE,,,,,T2_REVERSE_TO_FORWARD
394.6762,-46.2056,-54.2685,0.000,NORMAL,1,ROUTE,,,,,T2_REVERSE_TO_FORWARD
394.7762,-46.2198,-54.1695,0.000,NORMAL,1,ROUTE,,,,,T2_REVERSE_TO_FORWARD
394.8762,-46.2330,-54.0704,0.000,NORMAL,1,ROUTE,,,,,T2_REVERSE_TO_FORWARD
394.9762,-46.2454,-53.9712,0.000,NORMAL,1,ROUTE,,,,,T2_REVERSE_TO_FORWARD
395.0761,-46.2568,-53.8719,0.000,NORMAL,1,ROUTE,,,,,T2_REVERSE_TO_FORWARD
395.1762,-46.2671,-53.7724,0.000,NORMAL,1,ROUTE,,,,,T2_REVERSE_TO_FORWARD
395.2762,-46.2762,-53.6728,0.000,NORMAL,1,ROUTE,,,,,T2_REVERSE_TO_FORWARD
395.3762,-46.2841,-53.5731,0.000,NORMAL,1,ROUTE,,,,,T2_REVERSE_TO_FORWARD
395.4761,-46.2905,-53.4734,0.000,NORMAL,1,ROUTE,,,,,T2_REVERSE_TO_FORWARD
395.5761,-46.2954,-53.3735,0.000,NORMAL,1,ROUTE,,,,,T2_REVERSE_TO_FORWARD
395.6762,-46.2987,-53.2735,0.000,NORMAL,1,ROUTE,,,,,T2_REVERSE_TO_FORWARD
395.7761,-46.3003,-53.1736,0.000,NORMAL,1,ROUTE,,,,,T2_REVERSE_TO_FORWARD
395.8761,-46.3002,-53.0736,0.000,NORMAL,1,ROUTE,,,,,T2_REVERSE_TO_FORWARD
395.9761,-46.2985,-52.9736,0.000,NORMAL,1,ROUTE,,,,,T2_REVERSE_TO_FORWARD
396.0760,-46.2951,-52.8737,0.000,NORMAL,1,ROUTE,,,,,T2_REVERSE_TO_FORWARD
396.1761,-46.2900,-52.7738,0.000,NORMAL,1,ROUTE,,,,,T2_REVERSE_TO_FORWARD
396.2761,-46.2833,-52.6740,0.000,NORMAL,1,ROUTE,,,,,T2_REVERSE_TO_FORWARD
396.3761,-46.2749,-52.5744,0.000,NORMAL,1,ROUTE,,,,,T2_REVERSE_TO_FORWARD
396.4760,-46.2650,-52.4749,0.000,NORMAL,1,ROUTE,,,,,T2_REVERSE_TO_FORWARD
396.5761,-46.2536,-52.3755,0.000,NORMAL,1,ROUTE,,,,,T2_REVERSE_TO_FORWARD
396.6760,-46.2408,-52.2764,0.000,NORMAL,1,ROUTE,,,,,T2_REVERSE_TO_FORWARD
396.7760,-46.2265,-52.1774,0.000,NORMAL,1,ROUTE,,,,,T2_REVERSE_TO_FORWARD
396.8761,-46.2110,-52.0786,0.000,NORMAL,1,ROUTE,,,,,T2_REVERSE_TO_FORWARD
396.9760,-46.1940,-51.9801,0.000,NORMAL,1,ROUTE,,,,,T2_REVERSE_TO_FORWARD
397.0760,-46.1757,-51.8818,0.000,NORMAL,1,ROUTE,,,,,T2_REVERSE_TO_FORWARD
397.1761,-46.1560,-51.7837,0.000,NORMAL,1,ROUTE,,,,,T2_REVERSE_TO_FORWARD
397.2760,-46.1349,-51.6860,0.000,NORMAL,1,ROUTE,,,,,T2_REVERSE_TO_FORWARD
397.3760,-46.1125,-51.5886,0.000,NORMAL,1,ROUTE,,,,,T2_REVERSE_TO_FORWARD
397.4760,-46.0886,-51.4914,0.000,NORMAL,1,ROUTE,,,,,T2_REVERSE_TO_FORWARD
397.5760,-46.0634,-51.3947,0.000,NORMAL,1,ROUTE,,,,,T2_REVERSE_TO_FORWARD
397.6760,-46.0371,-51.2982,0.000,NORMAL,1,ROUTE,,,,,T2_REVERSE_TO_FORWARD
397.7760,-46.0096,-51.2021,0.000,NORMAL,1,ROUTE,,,,,T2_REVERSE_TO_FORWARD
397.8759,-45.9813,-51.1062,0.000,NORMAL,1,ROUTE,,,,,T2_REVERSE_TO_FORWARD
397.9760,-45.9522,-51.0105,0.000,NORMAL,1,ROUTE,,,,,T2_REVERSE_TO_FORWARD
398.0760,-45.9224,-50.9150,0.000,NORMAL,1,ROUTE,,,,,T2_REVERSE_TO_FORWARD
398.1759,-45.8921,-50.8198,0.000,NORMAL,1,ROUTE,,,,,T2_REVERSE_TO_FORWARD
398.2759,-45.8614,-50.7246,0.000,NORMAL,1,ROUTE,,,,,T2_REVERSE_TO_FORWARD
398.3760,-45.8304,-50.6295,0.000,NORMAL,1,ROUTE,,,,,T2_REVERSE_TO_FORWARD
398.4759,-45.7991,-50.5346,0.000,NORMAL,1,ROUTE,,,,,T2_REVERSE_TO_FORWARD
398.5759,-45.7676,-50.4397,0.000,NORMAL,1,ROUTE,,,,,T2_REVERSE_TO_FORWARD
398.6759,-45.7359,-50.3448,0.000,NORMAL,1,ROUTE,,,,,T2_REVERSE_TO_FORWARD
398.7759,-45.7039,-50.2501,0.000,NORMAL,1,ROUTE,,,,,T2_REVERSE_TO_FORWARD
398.8759,-45.6718,-50.1554,0.000,NORMAL,1,ROUTE,,,,,T2_REVERSE_TO_FORWARD
398.9759,-45.6394,-50.0608,0.000,NORMAL,1,ROUTE,,,,,T2_REVERSE_TO_FORWARD
399.0759,-45.6067,-49.9663,0.000,NORMAL,1,ROUTE,,,,,T2_REVERSE_TO_FORWARD
399.1759,-45.5736,-49.8719,0.000,NORMAL,1,ROUTE,,,,,T2_REVERSE_TO_FORWARD
399.2759,-45.5401,-49.7777,0.000,NORMAL,1,ROUTE,,,,,T2_REVERSE_TO_FORWARD
399.3759,-45.5061,-49.6837,0.000,NORMAL,1,ROUTE,,,,,T2_REVERSE_TO_FORWARD
399.4759,-45.4716,-49.5898,0.000,NORMAL,1,ROUTE,,,,,T2_REVERSE_TO_FORWARD
399.5758,-45.4366,-49.4962,0.000,NORMAL,1,ROUTE,,,,,T2_REVERSE_TO_FORWARD
399.6758,-45.4011,-49.4027,0.000,NORMAL,1,ROUTE,,,,,T2_REVERSE_TO_FORWARD
399.7758,-45.3651,-49.3094,0.000,NORMAL,1,ROUTE,,,,,T2_REVERSE_TO_FORWARD
399.8759,-45.3287,-49.2162,0.000,NORMAL,1,ROUTE,,,,,T2_REVERSE_TO_FORWARD
399.9758,-45.2919,-49.1233,0.000,NORMAL,1,ROUTE,,,,,T2_REVERSE_TO_FORWARD
400.0758,-45.2547,-49.0305,0.000,NORMAL,1,ROUTE,,,,,T2_REVERSE_TO_FORWARD
400.1758,-45.2171,-48.9378,0.000,NORMAL,1,ROUTE,,,,,T2_REVERSE_TO_FORWARD
400.2758,-45.1791,-48.8453,0.000,NORMAL,1,ROUTE,,,,,T2_REVERSE_TO_FORWARD
400.3758,-45.1409,-48.7529,0.000,NORMAL,1,ROUTE,,,,,T2_REVERSE_TO_FORWARD
400.4758,-45.1024,-48.6606,0.000,NORMAL,1,ROUTE,,,,,T2_REVERSE_TO_FORWARD
400.5758,-45.0637,-48.5684,0.000,NORMAL,1,ROUTE,,,,,T2_REVERSE_TO_FORWARD
400.6758,-45.0248,-48.4763,0.000,NORMAL,1,ROUTE,,,,,T2_REVERSE_TO_FORWARD
400.7759,-44.9857,-48.3842,0.000,NORMAL,1,ROUTE,,,,,T2_REVERSE_TO_FORWARD
400.8759,-44.9465,-48.2922,0.000,NORMAL,1,ROUTE,,,,,T2_REVERSE_TO_FORWARD
400.9758,-44.9072,-48.2003,0.000,NORMAL,1,ROUTE,,,,,T2_REVERSE_TO_FORWARD
401.0758,-44.8679,-48.1084,0.000,NORMAL,1,ROUTE,,,,,T2_REVERSE_TO_FORWARD
401.1758,-44.8285,-48.0165,0.000,NORMAL,1,ROUTE,,,,,T2_REVERSE_TO_FORWARD
401.2758,-44.7891,-47.9245,0.000,NORMAL,1,ROUTE,,,,,T2_REVERSE_TO_FORWARD
401.3758,-44.7498,-47.8326,0.000,NORMAL,1,ROUTE,,,,,T2_REVERSE_TO_FORWARD
401.4758,-44.7106,-47.7406,0.000,NORMAL,1,ROUTE,,,,,T2_REVERSE_TO_FORWARD
401.5758,-44.6715,-47.6486,0.000,NORMAL,1,ROUTE,,,,,T2_REVERSE_TO_FORWARD
401.6758,-44.6327,-47.5564,0.000,NORMAL,1,ROUTE,,,,,T2_REVERSE_TO_FORWARD
401.7758,-44.5940,-47.4642,0.000,NORMAL,1,ROUTE,,,,,T2_REVERSE_TO_FORWARD
401.8757,-44.5556,-47.3719,0.000,NORMAL,1,ROUTE,,,,,T2_REVERSE_TO_FORWARD
401.9757,-44.5174,-47.2795,0.000,NORMAL,1,ROUTE,,,,,T2_REVERSE_TO_FORWARD
402.0758,-44.4796,-47.1869,0.000,NORMAL,1,ROUTE,,,,,T2_REVERSE_TO_FORWARD
402.1757,-44.4421,-47.0942,0.000,NORMAL,1,ROUTE,,,,,T2_REVERSE_TO_FORWARD
402.2757,-44.4050,-47.0014,0.000,NORMAL,1,ROUTE,,,,,T2_REVERSE_TO_FORWARD
402.3758,-44.3683,-46.9083,0.000,NORMAL,1,ROUTE,,,,,T2_REVERSE_TO_FORWARD
402.4757,-44.3320,-46.8152,0.000,NORMAL,1,ROUTE,,,,,T2_REVERSE_TO_FORWARD
402.5758,-44.2961,-46.7218,0.000,NORMAL,1,ROUTE,,,,,T2_REVERSE_TO_FORWARD
402.6757,-44.2607,-46.6283,0.000,NORMAL,1,ROUTE,,,,,T2_REVERSE_TO_FORWARD
402.7757,-44.2258,-46.5346,0.000,NORMAL,1,ROUTE,,,,,T2_REVERSE_TO_FORWARD
402.8757,-44.1913,-46.4408,0.000,NORMAL,1,ROUTE,,,,,T2_REVERSE_TO_FORWARD
402.9757,-44.1572,-46.3468,0.000,NORMAL,1,ROUTE,,,,,T2_REVERSE_TO_FORWARD
403.0757,-44.1234,-46.2526,0.000,NORMAL,1,ROUTE,,,,,T2_REVERSE_TO_FORWARD
403.1757,-44.0899,-46.1584,0.000,NORMAL,1,ROUTE,,,,,T2_REVERSE_TO_FORWARD
403.2757,-44.0566,-46.0641,0.000,NORMAL,1,ROUTE,,,,,T2_REVERSE_TO_FORWARD
403.3757,-44.0234,-45.9698,0.000,NORMAL,1,ROUTE,,,,,T2_REVERSE_TO_FORWARD
403.4756,-43.9903,-45.8755,0.000,NORMAL,1,ROUTE,,,,,T2_REVERSE_TO_FORWARD
403.5757,-43.9571,-45.7811,0.000,NORMAL,1,ROUTE,,,,,T2_REVERSE_TO_FORWARD
403.6756,-43.9237,-45.6869,0.000,NORMAL,1,ROUTE,,,,,T2_REVERSE_TO_FORWARD
403.7756,-43.8902,-45.5927,0.000,NORMAL,1,ROUTE,,,,,T2_REVERSE_TO_FORWARD
403.8756,-43.8563,-45.4986,0.000,NORMAL,1,ROUTE,,,,,T2_REVERSE_TO_FORWARD
403.9757,-43.8221,-45.4046,0.000,NORMAL,1,ROUTE,,,,,T2_REVERSE_TO_FORWARD
404.0756,-43.7874,-45.3109,0.000,NORMAL,1,ROUTE,,,,,T2_REVERSE_TO_FORWARD
404.1756,-43.7522,-45.2173,0.000,NORMAL,1,ROUTE,,,,,T2_REVERSE_TO_FORWARD
404.2756,-43.7165,-45.1239,0.000,NORMAL,1,ROUTE,,,,,T2_REVERSE_TO_FORWARD
404.3756,-43.6801,-45.0307,0.000,NORMAL,1,ROUTE,,,,,T2_REVERSE_TO_FORWARD
404.4756,-43.6432,-44.9378,0.000,NORMAL,1,ROUTE,,,,,T2_REVERSE_TO_FORWARD
404.5756,-43.6055,-44.8452,0.000,NORMAL,1,ROUTE,,,,,T2_REVERSE_TO_FORWARD
404.6756,-43.5673,-44.7528,0.000,NORMAL,1,ROUTE,,,,,T2_REVERSE_TO_FORWARD
404.7756,-43.5284,-44.6606,0.000,NORMAL,1,ROUTE,,,,,T2_REVERSE_TO_FORWARD
404.8756,-43.4890,-44.5687,0.000,NORMAL,1,ROUTE,,,,,T2_REVERSE_TO_FORWARD
404.9756,-43.4492,-44.4770,0.000,NORMAL,1,ROUTE,,,,,T2_REVERSE_TO_FORWARD
405.0756,-43.4091,-44.3854,0.000,NORMAL,1,ROUTE,,,,,T2_REVERSE_TO_FORWARD
405.1756,-43.3688,-44.2939,0.000,NORMAL,1,ROUTE,,,,,T2_REVERSE_TO_FORWARD
405.2755,-43.3283,-44.2025,0.000,NORMAL,1,ROUTE,,,,,T2_REVERSE_TO_FORWARD
405.3756,-43.2878,-44.1110,0.000,NORMAL,1,ROUTE,,,,,T2_REVERSE_TO_FORWARD
405.4755,-43.2474,-44.0196,0.000,NORMAL,1,ROUTE,,,,,T2_REVERSE_TO_FORWARD
405.5756,-43.2070,-43.9281,0.000,NORMAL,1,ROUTE,,,,,T2_REVERSE_TO_FORWARD
405.6756,-43.1668,-43.8365,0.000,NORMAL,1,ROUTE,,,,,T2_REVERSE_TO_FORWARD
405.7755,-43.1268,-43.7449,0.000,NORMAL,1,ROUTE,,,,,T2_REVERSE_TO_FORWARD
405.8755,-43.0869,-43.6532,0.000,NORMAL,1,ROUTE,,,,,T2_REVERSE_TO_FORWARD
405.9755,-43.0471,-43.5615,0.000,NORMAL,1,ROUTE,,,,,T2_REVERSE_TO_FORWARD
406.0756,-43.0075,-43.4696,0.000,NORMAL,1,ROUTE,,,,,T2_REVERSE_TO_FORWARD
406.1755,-42.9680,-43.3778,0.000,NORMAL,1,ROUTE,,,,,T2_REVERSE_TO_FORWARD
406.2755,-42.9287,-43.2859,0.000,NORMAL,1,ROUTE,,,,,T2_REVERSE_TO_FORWARD
406.3755,-42.8894,-43.1939,0.000,NORMAL,1,ROUTE,,,,,T2_REVERSE_TO_FORWARD
406.4755,-42.8502,-43.1019,0.000,NORMAL,1,ROUTE,,,,,T2_REVERSE_TO_FORWARD
406.5755,-42.8110,-43.0099,0.000,NORMAL,1,ROUTE,,,,,T2_REVERSE_TO_FORWARD
406.6755,-42.7719,-42.9179,0.000,NORMAL,1,ROUTE,,,,,T2_REVERSE_TO_FORWARD
406.7755,-42.7329,-42.8258,0.000,NORMAL,1,ROUTE,,,,,T2_REVERSE_TO_FORWARD
406.8755,-42.6939,-42.7337,0.000,NORMAL,1,ROUTE,,,,,T2_REVERSE_TO_FORWARD
406.9754,-42.6549,-42.6417,0.000,NORMAL,1,ROUTE,,,,,T2_REVERSE_TO_FORWARD
407.0755,-42.6160,-42.5495,0.000,NORMAL,1,ROUTE,,,,,T2_REVERSE_TO_FORWARD
407.1755,-42.5771,-42.4574,0.000,NORMAL,1,ROUTE,,,,,T2_REVERSE_TO_FORWARD
407.2755,-42.5384,-42.3652,0.000,NORMAL,1,ROUTE,,,,,T2_REVERSE_TO_FORWARD
407.3754,-42.4998,-42.2730,0.000,NORMAL,1,ROUTE,,,,,T2_REVERSE_TO_FORWARD
407.4754,-42.4613,-42.1807,0.000,NORMAL,1,ROUTE,,,,,T2_REVERSE_TO_FORWARD
407.5754,-42.4231,-42.0883,0.000,NORMAL,1,ROUTE,,,,,T2_REVERSE_TO_FORWARD
407.6755,-42.3852,-41.9957,0.000,NORMAL,1,ROUTE,,,,,T2_REVERSE_TO_FORWARD
407.7754,-42.3477,-41.9031,0.000,NORMAL,1,ROUTE,,,,,T2_REVERSE_TO_FORWARD
407.8755,-42.3105,-41.8102,0.000,NORMAL,1,ROUTE,,,,,T2_REVERSE_TO_FORWARD
407.9754,-42.2739,-41.7172,0.000,NORMAL,1,ROUTE,,,,,T2_REVERSE_TO_FORWARD
408.0754,-42.2379,-41.6239,0.000,NORMAL,1,ROUTE,,,,,T2_REVERSE_TO_FORWARD
408.1754,-42.2025,-41.5304,0.000,NORMAL,1,ROUTE,,,,,T2_REVERSE_TO_FORWARD
408.2754,-42.1678,-41.4366,0.000,NORMAL,1,ROUTE,,,,,T2_REVERSE_TO_FORWARD
408.3754,-42.1338,-41.3425,0.000,NORMAL,1,ROUTE,,,,,T2_REVERSE_TO_FORWARD
408.4754,-42.1007,-41.2482,0.000,NORMAL,1,ROUTE,,,,,T2_REVERSE_TO_FORWARD
408.5753,-42.0684,-41.1536,0.000,NORMAL,1,ROUTE,,,,,T2_REVERSE_TO_FORWARD
408.6754,-42.0369,-41.0586,0.000,NORMAL,1,ROUTE,,,,,T2_REVERSE_TO_FORWARD
408.7753,-42.0063,-40.9635,0.000,NORMAL,1,ROUTE,,,,,T2_REVERSE_TO_FORWARD
408.8753,-41.9763,-40.8681,0.000,NORMAL,1,ROUTE,,,,,T2_REVERSE_TO_FORWARD
408.9754,-41.9469,-40.7725,0.000,NORMAL,1,ROUTE,,,,,T2_REVERSE_TO_FORWARD
409.0753,-41.9180,-40.6768,0.000,NORMAL,1,ROUTE,,,,,T2_REVERSE_TO_FORWARD
409.1754,-41.8892,-40.5810,0.000,NORMAL,1,ROUTE,,,,,T2_REVERSE_TO_FORWARD
409.2754,-41.8605,-40.4852,0.000,NORMAL,1,ROUTE,,,,,T2_REVERSE_TO_FORWARD
409.3754,-41.8314,-40.3895,0.000,NORMAL,1,ROUTE,,,,,T2_REVERSE_TO_FORWARD
409.4754,-41.8018,-40.2940,0.000,NORMAL,1,ROUTE,,,,,T2_REVERSE_TO_FORWARD
409.5753,-41.7713,-40.1988,0.000,NORMAL,1,ROUTE,,,,,T2_REVERSE_TO_FORWARD
409.6753,-41.7395,-40.1040,0.000,NORMAL,1,ROUTE,,,,,T2_REVERSE_TO_FORWARD
409.7754,-41.7059,-40.0098,0.000,NORMAL,1,ROUTE,,,,,T2_REVERSE_TO_FORWARD
409.7938,-41.6995,-39.9925,0.000,TRAFFIC,1,TRAFFIC,TRAFFIC_3_RED_STOP,STOP_IF_CONDITION,TRAFFIC_LIGHT_RED,,T2_REVERSE_TO_FORWARD
409.8753,-41.6703,-39.9164,0.000,TRAFFIC,1,TRAFFIC,,,TRAFFIC_LIGHT_RED,,T2_REVERSE_TO_FORWARD
409.9753,-41.6327,-39.8237,0.000,TRAFFIC,1,TRAFFIC,,,TRAFFIC_LIGHT_RED,,T2_REVERSE_TO_FORWARD
410.0753,-41.5936,-39.7317,0.000,TRAFFIC,1,TRAFFIC,,,TRAFFIC_LIGHT_RED,,T2_REVERSE_TO_FORWARD
410.1752,-41.5534,-39.6402,0.000,TRAFFIC,1,TRAFFIC,,,TRAFFIC_LIGHT_RED,,T2_REVERSE_TO_FORWARD
410.2753,-41.5123,-39.5490,0.000,TRAFFIC,1,TRAFFIC,,,TRAFFIC_LIGHT_RED,,T2_REVERSE_TO_FORWARD
410.3753,-41.4705,-39.4581,0.000,TRAFFIC,1,TRAFFIC,,,TRAFFIC_LIGHT_RED,,T2_REVERSE_TO_FORWARD
410.4753,-41.4283,-39.3675,0.000,TRAFFIC,1,TRAFFIC,,,TRAFFIC_LIGHT_RED,,T2_REVERSE_TO_FORWARD
410.5753,-41.3858,-39.2770,0.000,TRAFFIC,1,TRAFFIC,,,TRAFFIC_LIGHT_RED,,T2_REVERSE_TO_FORWARD
410.6753,-41.3431,-39.1865,0.000,TRAFFIC,1,TRAFFIC,,,TRAFFIC_LIGHT_RED,,T2_REVERSE_TO_FORWARD
410.7753,-41.3005,-39.0961,0.000,TRAFFIC,1,TRAFFIC,,,TRAFFIC_LIGHT_RED,,T2_REVERSE_TO_FORWARD
410.8752,-41.2578,-39.0057,0.000,TRAFFIC,1,TRAFFIC,,,TRAFFIC_LIGHT_RED,,T2_REVERSE_TO_FORWARD
410.9752,-41.2153,-38.9152,0.000,TRAFFIC,1,TRAFFIC,,,TRAFFIC_LIGHT_RED,,T2_REVERSE_TO_FORWARD
411.0753,-41.1729,-38.8246,0.000,TRAFFIC,1,TRAFFIC,,,TRAFFIC_LIGHT_RED,,T2_REVERSE_TO_FORWARD
411.1753,-41.1307,-38.7339,0.000,TRAFFIC,1,TRAFFIC,,,TRAFFIC_LIGHT_RED,,T2_REVERSE_TO_FORWARD
411.2752,-41.0887,-38.6432,0.000,TRAFFIC,1,TRAFFIC,,,TRAFFIC_LIGHT_RED,,T2_REVERSE_TO_FORWARD
411.3752,-41.0469,-38.5524,0.000,TRAFFIC,1,TRAFFIC,,,TRAFFIC_LIGHT_RED,,T2_REVERSE_TO_FORWARD
411.4753,-41.0053,-38.4614,0.000,TRAFFIC,1,TRAFFIC,,,TRAFFIC_LIGHT_RED,,T2_REVERSE_TO_FORWARD
411.5752,-40.9638,-38.3705,0.000,TRAFFIC,1,TRAFFIC,,,TRAFFIC_LIGHT_RED,,T2_REVERSE_TO_FORWARD
411.6753,-40.9224,-38.2794,0.000,TRAFFIC,1,TRAFFIC,,,TRAFFIC_LIGHT_RED,,T2_REVERSE_TO_FORWARD
411.7753,-40.8811,-38.1883,0.000,TRAFFIC,1,TRAFFIC,,,TRAFFIC_LIGHT_RED,,T2_REVERSE_TO_FORWARD
411.8753,-40.8399,-38.0972,0.000,TRAFFIC,1,TRAFFIC,,,TRAFFIC_LIGHT_RED,,T2_REVERSE_TO_FORWARD
411.9752,-40.7988,-38.0061,0.000,TRAFFIC,1,TRAFFIC,,,TRAFFIC_LIGHT_RED,,T2_REVERSE_TO_FORWARD
412.0752,-40.7576,-37.9150,0.000,TRAFFIC,1,TRAFFIC,,,TRAFFIC_LIGHT_RED,,T2_REVERSE_TO_FORWARD
412.1752,-40.7164,-37.8239,0.000,TRAFFIC,1,TRAFFIC,,,TRAFFIC_LIGHT_RED,,T2_REVERSE_TO_FORWARD
412.2752,-40.6753,-37.7327,0.000,TRAFFIC,1,TRAFFIC,,,TRAFFIC_LIGHT_RED,,T2_REVERSE_TO_FORWARD
412.3751,-40.6342,-37.6416,0.000,TRAFFIC,1,TRAFFIC,,,TRAFFIC_LIGHT_RED,,T2_REVERSE_TO_FORWARD
412.4751,-40.5932,-37.5504,0.000,TRAFFIC,1,TRAFFIC,,,TRAFFIC_LIGHT_RED,,T2_REVERSE_TO_FORWARD
412.5752,-40.5523,-37.4591,0.000,TRAFFIC,1,TRAFFIC,,,TRAFFIC_LIGHT_RED,,T2_REVERSE_TO_FORWARD
412.6751,-40.5118,-37.3677,0.000,TRAFFIC,1,TRAFFIC,,,TRAFFIC_LIGHT_RED,,T2_REVERSE_TO_FORWARD
412.7752,-40.4716,-37.2761,0.000,TRAFFIC,1,TRAFFIC,,,TRAFFIC_LIGHT_RED,,T2_REVERSE_TO_FORWARD
412.8751,-40.4318,-37.1844,0.000,TRAFFIC,1,TRAFFIC,,,TRAFFIC_LIGHT_RED,,T2_REVERSE_TO_FORWARD
412.9751,-40.3927,-37.0924,0.000,TRAFFIC,1,TRAFFIC,,,TRAFFIC_LIGHT_RED,,T2_REVERSE_TO_FORWARD
413.0751,-40.3542,-37.0001,0.000,TRAFFIC,1,TRAFFIC,,,TRAFFIC_LIGHT_RED,,T2_REVERSE_TO_FORWARD
413.1752,-40.3163,-36.9075,0.000,TRAFFIC,1,TRAFFIC,,,TRAFFIC_LIGHT_RED,,T2_REVERSE_TO_FORWARD
413.2751,-40.2792,-36.8147,0.000,TRAFFIC,1,TRAFFIC,,,TRAFFIC_LIGHT_RED,,T2_REVERSE_TO_FORWARD
413.3751,-40.2427,-36.7216,0.000,TRAFFIC,1,TRAFFIC,,,TRAFFIC_LIGHT_RED,,T2_REVERSE_TO_FORWARD
413.4751,-40.2067,-36.6283,0.000,TRAFFIC,1,TRAFFIC,,,TRAFFIC_LIGHT_RED,,T2_REVERSE_TO_FORWARD
413.5751,-40.1712,-36.5348,0.000,TRAFFIC,1,TRAFFIC,,,TRAFFIC_LIGHT_RED,,T2_REVERSE_TO_FORWARD
413.6751,-40.1361,-36.4412,0.000,TRAFFIC,1,TRAFFIC,,,TRAFFIC_LIGHT_RED,,T2_REVERSE_TO_FORWARD
413.7751,-40.1011,-36.3475,0.000,TRAFFIC,1,TRAFFIC,,,TRAFFIC_LIGHT_RED,,T2_REVERSE_TO_FORWARD
413.8751,-40.0662,-36.2538,0.000,TRAFFIC,1,TRAFFIC,,,TRAFFIC_LIGHT_RED,,T2_REVERSE_TO_FORWARD
413.9751,-40.0313,-36.1601,0.000,TRAFFIC,1,TRAFFIC,,,TRAFFIC_LIGHT_RED,,T2_REVERSE_TO_FORWARD
414.0751,-39.9963,-36.0664,0.000,TRAFFIC,1,TRAFFIC,,,TRAFFIC_LIGHT_RED,,T2_REVERSE_TO_FORWARD
414.1751,-39.9610,-35.9729,0.000,TRAFFIC,1,TRAFFIC,,,TRAFFIC_LIGHT_RED,,T2_REVERSE_TO_FORWARD
414.2751,-39.9255,-35.8794,0.000,TRAFFIC,1,TRAFFIC,,,TRAFFIC_LIGHT_RED,,T2_REVERSE_TO_FORWARD
414.3751,-39.8895,-35.7861,0.000,TRAFFIC,1,TRAFFIC,,,TRAFFIC_LIGHT_RED,,T2_REVERSE_TO_FORWARD
414.4751,-39.8532,-35.6929,0.000,TRAFFIC,1,TRAFFIC,,,TRAFFIC_LIGHT_RED,,T2_REVERSE_TO_FORWARD
414.5751,-39.8165,-35.5999,0.000,TRAFFIC,1,TRAFFIC,,,TRAFFIC_LIGHT_RED,,T2_REVERSE_TO_FORWARD
414.6750,-39.7794,-35.5071,0.000,TRAFFIC,1,TRAFFIC,,,TRAFFIC_LIGHT_RED,,T2_REVERSE_TO_FORWARD
414.7750,-39.7419,-35.4144,0.000,TRAFFIC,1,TRAFFIC,,,TRAFFIC_LIGHT_RED,,T2_REVERSE_TO_FORWARD
414.8751,-39.7040,-35.3218,0.000,TRAFFIC,1,TRAFFIC,,,TRAFFIC_LIGHT_RED,,T2_REVERSE_TO_FORWARD
414.9751,-39.6658,-35.2294,0.000,TRAFFIC,1,TRAFFIC,,,TRAFFIC_LIGHT_RED,,T2_REVERSE_TO_FORWARD
415.0751,-39.6273,-35.1371,0.000,TRAFFIC,1,TRAFFIC,,,TRAFFIC_LIGHT_RED,,T2_REVERSE_TO_FORWARD
415.1750,-39.5885,-35.0450,0.000,TRAFFIC,1,TRAFFIC,,,TRAFFIC_LIGHT_RED,,T2_REVERSE_TO_FORWARD
415.2751,-39.5494,-34.9529,0.000,TRAFFIC,1,TRAFFIC,,,TRAFFIC_LIGHT_RED,,T2_REVERSE_TO_FORWARD
415.3750,-39.5100,-34.8610,0.000,TRAFFIC,1,TRAFFIC,,,TRAFFIC_LIGHT_RED,,T2_REVERSE_TO_FORWARD
415.4750,-39.4705,-34.7692,0.000,TRAFFIC,1,TRAFFIC,,,TRAFFIC_LIGHT_RED,,T2_REVERSE_TO_FORWARD
415.5750,-39.4307,-34.6774,0.000,TRAFFIC,1,TRAFFIC,,,TRAFFIC_LIGHT_RED,,T2_REVERSE_TO_FORWARD
415.6085,-39.4173,-34.6467,0.000,TRAFFIC,1,TRAFFIC,TRAFFIC_3_RED_STOP_END,,TRAFFIC_LIGHT_RED,,T2_REVERSE_TO_FORWARD
415.6750,-39.3908,-34.5858,0.000,TRAFFIC,1,TRAFFIC,,,TRAFFIC_LIGHT_RED,,T2_REVERSE_TO_FORWARD
415.7749,-39.3507,-34.4942,0.000,TRAFFIC,1,TRAFFIC,,,TRAFFIC_LIGHT_RED,,T2_REVERSE_TO_FORWARD
415.8750,-39.3099,-34.4029,0.000,TRAFFIC,1,TRAFFIC,,,TRAFFIC_LIGHT_RED,,T2_REVERSE_TO_FORWARD
415.8990,-39.2999,-34.3810,0.000,NORMAL,1,ROUTE,,,,,T2_REVERSE_TO_FORWARD
415.9750,-39.2679,-34.3121,0.000,NORMAL,1,ROUTE,,,,,T2_REVERSE_TO_FORWARD
416.0750,-39.2250,-34.2218,0.000,NORMAL,1,ROUTE,,,,,T2_REVERSE_TO_FORWARD
416.1750,-39.1814,-34.1318,0.000,NORMAL,1,ROUTE,,,,,T2_REVERSE_TO_FORWARD
416.2750,-39.1372,-34.0421,0.000,NORMAL,1,ROUTE,,,,,T2_REVERSE_TO_FORWARD
416.3750,-39.0926,-33.9526,0.000,NORMAL,1,ROUTE,,,,,T2_REVERSE_TO_FORWARD
416.4749,-39.0479,-33.8632,0.000,NORMAL,1,ROUTE,,,,,T2_REVERSE_TO_FORWARD
416.5750,-39.0032,-33.7737,0.000,NORMAL,1,ROUTE,,,,,T2_REVERSE_TO_FORWARD
416.6750,-38.9588,-33.6841,0.000,NORMAL,1,ROUTE,,,,,T2_REVERSE_TO_FORWARD
416.7749,-38.9149,-33.5943,0.000,NORMAL,1,ROUTE,,,,,T2_REVERSE_TO_FORWARD
416.8750,-38.8718,-33.5040,0.000,NORMAL,1,ROUTE,,,,,T2_REVERSE_TO_FORWARD
416.9749,-38.8296,-33.4134,0.000,NORMAL,1,ROUTE,,,,,T2_REVERSE_TO_FORWARD
417.0749,-38.7887,-33.3222,0.000,NORMAL,1,ROUTE,,,,,T2_REVERSE_TO_FORWARD
417.1749,-38.7492,-33.2303,0.000,NORMAL,1,ROUTE,,,,,T2_REVERSE_TO_FORWARD
417.2749,-38.7112,-33.1378,0.000,NORMAL,1,ROUTE,,,,,T2_REVERSE_TO_FORWARD
417.3748,-38.6751,-33.0446,0.000,NORMAL,1,ROUTE,,,,,T2_REVERSE_TO_FORWARD
417.4749,-38.6408,-32.9506,0.000,NORMAL,1,ROUTE,,,,,T2_REVERSE_TO_FORWARD
417.5749,-38.6085,-32.8560,0.000,NORMAL,1,ROUTE,,,,,T2_REVERSE_TO_FORWARD
417.6748,-38.5783,-32.7607,0.000,NORMAL,1,ROUTE,,,,,T2_REVERSE_TO_FORWARD
417.7748,-38.5503,-32.6647,0.000,NORMAL,1,ROUTE,,,,,T2_REVERSE_TO_FORWARD
417.8749,-38.5244,-32.5681,0.000,NORMAL,1,ROUTE,,,,,T2_REVERSE_TO_FORWARD
417.9749,-38.5008,-32.4709,0.000,NORMAL,1,ROUTE,,,,,T2_REVERSE_TO_FORWARD
418.0749,-38.4795,-32.3732,0.000,NORMAL,1,ROUTE,,,,,T2_REVERSE_TO_FORWARD
418.1748,-38.4604,-32.2751,0.000,NORMAL,1,ROUTE,,,,,T2_REVERSE_TO_FORWARD
418.2748,-38.4433,-32.1766,0.000,NORMAL,1,ROUTE,,,,,T2_REVERSE_TO_FORWARD
418.3749,-38.4280,-32.0777,0.000,NORMAL,1,ROUTE,,,,,T2_REVERSE_TO_FORWARD
418.4748,-38.4142,-31.9787,0.000,NORMAL,1,ROUTE,,,,,T2_REVERSE_TO_FORWARD
418.5748,-38.4016,-31.8795,0.000,NORMAL,1,ROUTE,,,,,T2_REVERSE_TO_FORWARD
418.6748,-38.3899,-31.7802,0.000,NORMAL,1,ROUTE,,,,,T2_REVERSE_TO_FORWARD
418.7748,-38.3788,-31.6808,0.000,NORMAL,1,ROUTE,,,,,T2_REVERSE_TO_FORWARD
418.8748,-38.3680,-31.5814,0.000,NORMAL,1,ROUTE,,,,,T2_REVERSE_TO_FORWARD
418.9748,-38.3574,-31.4820,0.000,NORMAL,1,ROUTE,,,,,T2_REVERSE_TO_FORWARD
419.0748,-38.3469,-31.3825,0.000,NORMAL,1,ROUTE,,,,,T2_REVERSE_TO_FORWARD
419.1748,-38.3366,-31.2831,0.000,NORMAL,1,ROUTE,,,,,T2_REVERSE_TO_FORWARD
419.2748,-38.3265,-31.1836,0.000,NORMAL,1,ROUTE,,,,,T2_REVERSE_TO_FORWARD
419.3748,-38.3166,-31.0841,0.000,NORMAL,1,ROUTE,,,,,T2_REVERSE_TO_FORWARD
419.4748,-38.3071,-30.9845,0.000,NORMAL,1,ROUTE,,,,,T2_REVERSE_TO_FORWARD
419.5747,-38.2981,-30.8850,0.000,NORMAL,1,ROUTE,,,,,T2_REVERSE_TO_FORWARD
419.6748,-38.2898,-30.7853,0.000,NORMAL,1,ROUTE,,,,,T2_REVERSE_TO_FORWARD
419.7748,-38.2822,-30.6856,0.000,NORMAL,1,ROUTE,,,,,T2_REVERSE_TO_FORWARD
419.8748,-38.2754,-30.5858,0.000,NORMAL,1,ROUTE,,,,,T2_REVERSE_TO_FORWARD
419.9748,-38.2695,-30.4860,0.000,NORMAL,1,ROUTE,,,,,T2_REVERSE_TO_FORWARD
420.0747,-38.2645,-30.3862,0.000,NORMAL,1,ROUTE,,,,,T2_REVERSE_TO_FORWARD
420.1747,-38.2601,-30.2863,0.000,NORMAL,1,ROUTE,,,,,T2_REVERSE_TO_FORWARD
420.2748,-38.2563,-30.1863,0.000,NORMAL,1,ROUTE,,,,,T2_REVERSE_TO_FORWARD
420.3747,-38.2530,-30.0864,0.000,NORMAL,1,ROUTE,,,,,T2_REVERSE_TO_FORWARD
420.4748,-38.2500,-29.9864,0.000,NORMAL,1,ROUTE,,,,,T2_REVERSE_TO_FORWARD
420.5747,-38.2471,-29.8865,0.000,NORMAL,1,ROUTE,,,,,T2_REVERSE_TO_FORWARD
420.6747,-38.2444,-29.7865,0.000,NORMAL,1,ROUTE,,,,,T2_REVERSE_TO_FORWARD
420.7747,-38.2418,-29.6866,0.000,NORMAL,1,ROUTE,,,,,T2_REVERSE_TO_FORWARD
420.8747,-38.2393,-29.5866,0.000,NORMAL,1,ROUTE,,,,,T2_REVERSE_TO_FORWARD
420.9747,-38.2370,-29.4866,0.000,NORMAL,1,ROUTE,,,,,T2_REVERSE_TO_FORWARD
421.0746,-38.2351,-29.3867,0.000,NORMAL,1,ROUTE,,,,,T2_REVERSE_TO_FORWARD
421.1747,-38.2337,-29.2867,0.000,NORMAL,1,ROUTE,,,,,T2_REVERSE_TO_FORWARD
421.2747,-38.2330,-29.1867,0.000,NORMAL,1,ROUTE,,,,,T2_REVERSE_TO_FORWARD
421.3747,-38.2334,-29.0867,0.000,NORMAL,1,ROUTE,,,,,T2_REVERSE_TO_FORWARD
421.4747,-38.2349,-28.9867,0.000,NORMAL,1,ROUTE,,,,,T2_REVERSE_TO_FORWARD
421.5746,-38.2379,-28.8868,0.000,NORMAL,1,ROUTE,,,,,T2_REVERSE_TO_FORWARD
421.6746,-38.2425,-28.7869,0.000,NORMAL,1,ROUTE,,,,,T2_REVERSE_TO_FORWARD
421.7746,-38.2488,-28.6871,0.000,NORMAL,1,ROUTE,,,,,T2_REVERSE_TO_FORWARD
421.8746,-38.2569,-28.5874,0.000,NORMAL,1,ROUTE,,,,,T2_REVERSE_TO_FORWARD
421.9746,-38.2668,-28.4879,0.000,NORMAL,1,ROUTE,,,,,T2_REVERSE_TO_FORWARD
422.0746,-38.2782,-28.3886,0.000,NORMAL,1,ROUTE,,,,,T2_REVERSE_TO_FORWARD
422.1746,-38.2912,-28.2894,0.000,NORMAL,1,ROUTE,,,,,T2_REVERSE_TO_FORWARD
422.2746,-38.3054,-28.1904,0.000,NORMAL,1,ROUTE,,,,,T2_REVERSE_TO_FORWARD
422.3746,-38.3207,-28.0916,0.000,NORMAL,1,ROUTE,,,,,T2_REVERSE_TO_FORWARD
422.4746,-38.3368,-27.9929,0.000,NORMAL,1,ROUTE,,,,,T2_REVERSE_TO_FORWARD
422.5746,-38.3537,-27.8944,0.000,NORMAL,1,ROUTE,,,,,T2_REVERSE_TO_FORWARD
422.6746,-38.3711,-27.7959,0.000,NORMAL,1,ROUTE,,,,,T2_REVERSE_TO_FORWARD
422.7746,-38.3888,-27.6975,0.000,NORMAL,1,ROUTE,,,,,T2_REVERSE_TO_FORWARD
422.8746,-38.4068,-27.5991,0.000,NORMAL,1,ROUTE,,,,,T2_REVERSE_TO_FORWARD
422.9745,-38.4248,-27.5008,0.000,NORMAL,1,ROUTE,,,,,T2_REVERSE_TO_FORWARD
423.0746,-38.4428,-27.4024,0.000,NORMAL,1,ROUTE,,,,,T2_REVERSE_TO_FORWARD
423.1746,-38.4607,-27.3040,0.000,NORMAL,1,ROUTE,,,,,T2_REVERSE_TO_FORWARD
423.2746,-38.4784,-27.2056,0.000,NORMAL,1,ROUTE,,,,,T2_REVERSE_TO_FORWARD
423.3745,-38.4959,-27.1072,0.000,NORMAL,1,ROUTE,,,,,T2_REVERSE_TO_FORWARD
423.4746,-38.5130,-27.0086,0.000,NORMAL,1,ROUTE,,,,,T2_REVERSE_TO_FORWARD
423.5745,-38.5298,-26.9101,0.000,NORMAL,1,ROUTE,,,,,T2_REVERSE_TO_FORWARD
423.6746,-38.5462,-26.8114,0.000,NORMAL,1,ROUTE,,,,,T2_REVERSE_TO_FORWARD
423.7746,-38.5623,-26.7127,0.000,NORMAL,1,ROUTE,,,,,T2_REVERSE_TO_FORWARD
423.8745,-38.5781,-26.6140,0.000,NORMAL,1,ROUTE,,,,,T2_REVERSE_TO_FORWARD
423.9745,-38.5936,-26.5152,0.000,NORMAL,1,ROUTE,,,,,T2_REVERSE_TO_FORWARD
424.0745,-38.6089,-26.4164,0.000,NORMAL,1,ROUTE,,,,,T2_REVERSE_TO_FORWARD
424.1745,-38.6240,-26.3176,0.000,NORMAL,1,ROUTE,,,,,T2_REVERSE_TO_FORWARD
424.2745,-38.6390,-26.2187,0.000,NORMAL,1,ROUTE,,,,,T2_REVERSE_TO_FORWARD
424.3745,-38.6540,-26.1198,0.000,NORMAL,1,ROUTE,,,,,T2_REVERSE_TO_FORWARD
424.4745,-38.6689,-26.0209,0.000,NORMAL,1,ROUTE,,,,,T2_REVERSE_TO_FORWARD
424.5744,-38.6838,-25.9221,0.000,NORMAL,1,ROUTE,,,,,T2_REVERSE_TO_FORWARD
424.6745,-38.6988,-25.8232,0.000,NORMAL,1,ROUTE,,,,,T2_REVERSE_TO_FORWARD
424.7744,-38.7139,-25.7244,0.000,NORMAL,1,ROUTE,,,,,T2_REVERSE_TO_FORWARD
424.8745,-38.7292,-25.6255,0.000,NORMAL,1,ROUTE,,,,,T2_REVERSE_TO_FORWARD
424.9744,-38.7447,-25.5268,0.000,NORMAL,1,ROUTE,,,,,T2_REVERSE_TO_FORWARD
425.0745,-38.7605,-25.4280,0.000,NORMAL,1,ROUTE,,,,,T2_REVERSE_TO_FORWARD
425.1745,-38.7766,-25.3293,0.000,NORMAL,1,ROUTE,,,,,T2_REVERSE_TO_FORWARD
425.2744,-38.7931,-25.2307,0.000,NORMAL,1,ROUTE,,,,,T2_REVERSE_TO_FORWARD
425.3744,-38.8100,-25.1322,0.000,NORMAL,1,ROUTE,,,,,T2_REVERSE_TO_FORWARD
425.4744,-38.8275,-25.0337,0.000,NORMAL,1,ROUTE,,,,,T2_REVERSE_TO_FORWARD
425.5744,-38.8457,-24.9354,0.000,NORMAL,1,ROUTE,,,,,T2_REVERSE_TO_FORWARD
425.6744,-38.8646,-24.8372,0.000,NORMAL,1,ROUTE,,,,,T2_REVERSE_TO_FORWARD
425.7744,-38.8844,-24.7392,0.000,NORMAL,1,ROUTE,,,,,T2_REVERSE_TO_FORWARD
425.8744,-38.9052,-24.6414,0.000,NORMAL,1,ROUTE,,,,,T2_REVERSE_TO_FORWARD
425.9744,-38.9272,-24.5438,0.000,NORMAL,1,ROUTE,,,,,T2_REVERSE_TO_FORWARD
426.0743,-38.9504,-24.4466,0.000,NORMAL,1,ROUTE,,,,,T2_REVERSE_TO_FORWARD
426.1744,-38.9752,-24.3497,0.000,NORMAL,1,ROUTE,,,,,T2_REVERSE_TO_FORWARD
426.2744,-39.0016,-24.2532,0.000,NORMAL,1,ROUTE,,,,,T2_REVERSE_TO_FORWARD
426.3744,-39.0299,-24.1573,0.000,NORMAL,1,ROUTE,,,,,T2_REVERSE_TO_FORWARD
426.4744,-39.0601,-24.0620,0.000,NORMAL,1,ROUTE,,,,,T2_REVERSE_TO_FORWARD
426.5743,-39.0926,-23.9675,0.000,NORMAL,1,ROUTE,,,,,T2_REVERSE_TO_FORWARD
426.6744,-39.1275,-23.8737,0.000,NORMAL,1,ROUTE,,,,,T2_REVERSE_TO_FORWARD
426.7743,-39.1649,-23.7810,0.000,NORMAL,1,ROUTE,,,,,T2_REVERSE_TO_FORWARD
426.8743,-39.2050,-23.6894,0.000,NORMAL,1,ROUTE,,,,,T2_REVERSE_TO_FORWARD
426.9743,-39.2479,-23.5991,0.000,NORMAL,1,ROUTE,,,,,T2_REVERSE_TO_FORWARD
427.0744,-39.2936,-23.5101,0.000,NORMAL,1,ROUTE,,,,,T2_REVERSE_TO_FORWARD
427.1744,-39.3420,-23.4226,0.000,NORMAL,1,ROUTE,,,,,T2_REVERSE_TO_FORWARD
427.2743,-39.3930,-23.3366,0.000,NORMAL,1,ROUTE,,,,,T2_REVERSE_TO_FORWARD
427.3743,-39.4466,-23.2522,0.000,NORMAL,1,ROUTE,,,,,T2_REVERSE_TO_FORWARD
427.4743,-39.5027,-23.1695,0.000,NORMAL,1,ROUTE,,,,,T2_REVERSE_TO_FORWARD
427.5743,-39.5614,-23.0885,0.000,NORMAL,1,ROUTE,,,,,T2_REVERSE_TO_FORWARD
427.6742,-39.6225,-23.0094,0.000,NORMAL,1,ROUTE,,,,,T2_REVERSE_TO_FORWARD
427.7743,-39.6861,-22.9322,0.000,NORMAL,1,ROUTE,,,,,T2_REVERSE_TO_FORWARD
427.8743,-39.7520,-22.8570,0.000,NORMAL,1,ROUTE,,,,,T2_REVERSE_TO_FORWARD
427.9742,-39.8203,-22.7840,0.000,NORMAL,1,ROUTE,,,,,T2_REVERSE_TO_FORWARD
428.0742,-39.8907,-22.7130,0.000,NORMAL,1,ROUTE,,,,,T2_REVERSE_TO_FORWARD
428.1742,-39.9633,-22.6442,0.000,NORMAL,1,ROUTE,,,,,T2_REVERSE_TO_FORWARD
428.2742,-40.0379,-22.5776,0.000,NORMAL,1,ROUTE,,,,,T2_REVERSE_TO_FORWARD
428.3742,-40.1144,-22.5133,0.000,NORMAL,1,ROUTE,,,,,T2_REVERSE_TO_FORWARD
428.4742,-40.1928,-22.4512,0.000,NORMAL,1,ROUTE,,,,,T2_REVERSE_TO_FORWARD
428.5741,-40.2729,-22.3914,0.000,NORMAL,1,ROUTE,,,,,T2_REVERSE_TO_FORWARD
428.6742,-40.3547,-22.3338,0.000,NORMAL,1,ROUTE,,,,,T2_REVERSE_TO_FORWARD
428.7742,-40.4379,-22.2783,0.000,NORMAL,1,ROUTE,,,,,T2_REVERSE_TO_FORWARD
428.8742,-40.5223,-22.2247,0.000,NORMAL,1,ROUTE,,,,,T2_REVERSE_TO_FORWARD
428.9741,-40.6077,-22.1728,0.000,NORMAL,1,ROUTE,,,,,T2_REVERSE_TO_FORWARD
429.0742,-40.6941,-22.1223,0.000,NORMAL,1,ROUTE,,,,,T2_REVERSE_TO_FORWARD
429.1741,-40.7811,-22.0731,0.000,NORMAL,1,ROUTE,,,,,T2_REVERSE_TO_FORWARD
429.2741,-40.8687,-22.0249,0.000,NORMAL,1,ROUTE,,,,,T2_REVERSE_TO_FORWARD
429.3741,-40.9567,-21.9775,0.000,NORMAL,1,ROUTE,,,,,T2_REVERSE_TO_FORWARD
429.4741,-41.0451,-21.9307,0.000,NORMAL,1,ROUTE,,,,,T2_REVERSE_TO_FORWARD
429.5742,-41.1338,-21.8844,0.000,NORMAL,1,ROUTE,,,,,T2_REVERSE_TO_FORWARD
429.6741,-41.2226,-21.8385,0.000,NORMAL,1,ROUTE,,,,,T2_REVERSE_TO_FORWARD
429.7742,-41.3116,-21.7928,0.000,NORMAL,1,ROUTE,,,,,T2_REVERSE_TO_FORWARD
429.8741,-41.4006,-21.7474,0.000,NORMAL,1,ROUTE,,,,,T2_REVERSE_TO_FORWARD
429.9741,-41.4898,-21.7021,0.000,NORMAL,1,ROUTE,,,,,T2_REVERSE_TO_FORWARD
430.0741,-41.5790,-21.6570,0.000,NORMAL,1,ROUTE,,,,,T2_REVERSE_TO_FORWARD
430.1741,-41.6683,-21.6120,0.000,NORMAL,1,ROUTE,,,,,T2_REVERSE_TO_FORWARD
430.2741,-41.7577,-21.5672,0.000,NORMAL,1,ROUTE,,,,,T2_REVERSE_TO_FORWARD
430.3741,-41.8472,-21.5225,0.000,NORMAL,1,ROUTE,,,,,T2_REVERSE_TO_FORWARD
430.4741,-41.9367,-21.4780,0.000,NORMAL,1,ROUTE,,,,,T2_REVERSE_TO_FORWARD
430.5741,-42.0264,-21.4337,0.000,NORMAL,1,ROUTE,,,,,T2_REVERSE_TO_FORWARD
430.6740,-42.1161,-21.3897,0.000,NORMAL,1,ROUTE,,,,,T2_REVERSE_TO_FORWARD
430.7741,-42.2060,-21.3458,0.000,NORMAL,1,ROUTE,,,,,T2_REVERSE_TO_FORWARD
430.8741,-42.2960,-21.3022,0.000,NORMAL,1,ROUTE,,,,,T2_REVERSE_TO_FORWARD
430.9740,-42.3860,-21.2587,0.000,NORMAL,1,ROUTE,,,,,T2_REVERSE_TO_FORWARD
431.0740,-42.4761,-21.2153,0.000,NORMAL,1,ROUTE,,,,,T2_REVERSE_TO_FORWARD
431.1741,-42.5663,-21.1720,0.000,NORMAL,1,ROUTE,,,,,T2_REVERSE_TO_FORWARD
431.2740,-42.6564,-21.1289,0.000,NORMAL,1,ROUTE,,,,,T2_REVERSE_TO_FORWARD
431.3741,-42.7467,-21.0857,0.000,NORMAL,1,ROUTE,,,,,T2_REVERSE_TO_FORWARD
431.4740,-42.8369,-21.0426,0.000,NORMAL,1,ROUTE,,,,,T2_REVERSE_TO_FORWARD
431.5740,-42.9271,-20.9996,0.000,NORMAL,1,ROUTE,,,,,T2_REVERSE_TO_FORWARD
431.6740,-43.0174,-20.9566,0.000,NORMAL,1,ROUTE,,,,,T2_REVERSE_TO_FORWARD
431.7740,-43.1077,-20.9136,0.000,NORMAL,1,ROUTE,,,,,T2_REVERSE_TO_FORWARD
431.8740,-43.1981,-20.8709,0.000,NORMAL,1,ROUTE,,,,,T2_REVERSE_TO_FORWARD
431.9740,-43.2886,-20.8283,0.000,NORMAL,1,ROUTE,,,,,T2_REVERSE_TO_FORWARD
432.0740,-43.3792,-20.7860,0.000,NORMAL,1,ROUTE,,,,,T2_REVERSE_TO_FORWARD
432.1740,-43.4699,-20.7439,0.000,NORMAL,1,ROUTE,,,,,T2_REVERSE_TO_FORWARD
432.2739,-43.5608,-20.7023,0.000,NORMAL,1,ROUTE,,,,,T2_REVERSE_TO_FORWARD
432.3739,-43.6519,-20.6611,0.000,NORMAL,1,ROUTE,,,,,T2_REVERSE_TO_FORWARD
432.4739,-43.7432,-20.6203,0.000,NORMAL,1,ROUTE,,,,,T2_REVERSE_TO_FORWARD
432.5740,-43.8348,-20.5800,0.000,NORMAL,1,ROUTE,,,,,T2_REVERSE_TO_FORWARD
432.6740,-43.9265,-20.5402,0.000,NORMAL,1,ROUTE,,,,,T2_REVERSE_TO_FORWARD
432.7739,-44.0184,-20.5009,0.000,NORMAL,1,ROUTE,,,,,T2_REVERSE_TO_FORWARD
432.8739,-44.1105,-20.4619,0.000,NORMAL,1,ROUTE,,,,,T2_REVERSE_TO_FORWARD
432.9739,-44.2028,-20.4234,0.000,NORMAL,1,ROUTE,,,,,T2_REVERSE_TO_FORWARD
433.0739,-44.2951,-20.3851,0.000,NORMAL,1,ROUTE,,,,,T2_REVERSE_TO_FORWARD
433.1739,-44.3876,-20.3470,0.000,NORMAL,1,ROUTE,,,,,T2_REVERSE_TO_FORWARD
433.2739,-44.4802,-20.3092,0.000,NORMAL,1,ROUTE,,,,,T2_REVERSE_TO_FORWARD
433.3739,-44.5728,-20.2715,0.000,NORMAL,1,ROUTE,,,,,T2_REVERSE_TO_FORWARD
433.4739,-44.6654,-20.2339,0.000,NORMAL,1,ROUTE,,,,,T2_REVERSE_TO_FORWARD
433.5739,-44.7581,-20.1962,0.000,NORMAL,1,ROUTE,,,,,T2_REVERSE_TO_FORWARD
433.6739,-44.8507,-20.1586,0.000,NORMAL,1,ROUTE,,,,,T2_REVERSE_TO_FORWARD
433.7739,-44.9433,-20.1207,0.000,NORMAL,1,ROUTE,,,,,T2_REVERSE_TO_FORWARD
433.8739,-45.0358,-20.0827,0.000,NORMAL,1,ROUTE,,,,,T2_REVERSE_TO_FORWARD
433.9739,-45.1282,-20.0445,0.000,NORMAL,1,ROUTE,,,,,T2_REVERSE_TO_FORWARD
434.0739,-45.2204,-20.0059,0.000,NORMAL,1,ROUTE,,,,,T2_REVERSE_TO_FORWARD
434.1739,-45.3126,-19.9671,0.000,NORMAL,1,ROUTE,,,,,T2_REVERSE_TO_FORWARD
434.2738,-45.4045,-19.9278,0.000,NORMAL,1,ROUTE,,,,,T2_REVERSE_TO_FORWARD
434.3738,-45.4963,-19.8882,0.000,NORMAL,1,ROUTE,,,,,T2_REVERSE_TO_FORWARD
434.4739,-45.5880,-19.8482,0.000,NORMAL,1,ROUTE,,,,,T2_REVERSE_TO_FORWARD
434.5739,-45.6795,-19.8078,0.000,NORMAL,1,ROUTE,,,,,T2_REVERSE_TO_FORWARD
434.6739,-45.7708,-19.7671,0.000,NORMAL,1,ROUTE,,,,,T2_REVERSE_TO_FORWARD
434.7738,-45.8620,-19.7262,0.000,NORMAL,1,ROUTE,,,,,T2_REVERSE_TO_FORWARD
434.8739,-45.9532,-19.6850,0.000,NORMAL,1,ROUTE,,,,,T2_REVERSE_TO_FORWARD
434.9739,-46.0442,-19.6436,0.000,NORMAL,1,ROUTE,,,,,T2_REVERSE_TO_FORWARD
435.0738,-46.1352,-19.6022,0.000,NORMAL,1,ROUTE,,,,,T2_REVERSE_TO_FORWARD
435.1738,-46.2261,-19.5606,0.000,NORMAL,1,ROUTE,,,,,T2_REVERSE_TO_FORWARD
435.2738,-46.3171,-19.5191,0.000,NORMAL,1,ROUTE,,,,,T2_REVERSE_TO_FORWARD
435.3738,-46.4081,-19.4776,0.000,NORMAL,1,ROUTE,,,,,T2_REVERSE_TO_FORWARD
435.4738,-46.4991,-19.4362,0.000,NORMAL,1,ROUTE,,,,,T2_REVERSE_TO_FORWARD
435.5738,-46.5902,-19.3950,0.000,NORMAL,1,ROUTE,,,,,T2_REVERSE_TO_FORWARD
435.6738,-46.6814,-19.3540,0.000,NORMAL,1,ROUTE,,,,,T2_REVERSE_TO_FORWARD
435.7738,-46.7728,-19.3134,0.000,NORMAL,1,ROUTE,,,,,T2_REVERSE_TO_FORWARD
435.8738,-46.8643,-19.2731,0.000,NORMAL,1,ROUTE,,,,,T2_REVERSE_TO_FORWARD
435.9738,-46.9560,-19.2332,0.000,NORMAL,1,ROUTE,,,,,T2_REVERSE_TO_FORWARD
436.0738,-47.0479,-19.1938,0.000,NORMAL,1,ROUTE,,,,,T2_REVERSE_TO_FORWARD
436.1737,-47.1400,-19.1549,0.000,NORMAL,1,ROUTE,,,,,T2_REVERSE_TO_FORWARD
436.2738,-47.2324,-19.1166,0.000,NORMAL,1,ROUTE,,,,,T2_REVERSE_TO_FORWARD
436.3738,-47.3250,-19.0788,0.000,NORMAL,1,ROUTE,,,,,T2_REVERSE_TO_FORWARD
436.4738,-47.4178,-19.0416,0.000,NORMAL,1,ROUTE,,,,,T2_REVERSE_TO_FORWARD
436.5738,-47.5108,-19.0048,0.000,NORMAL,1,ROUTE,,,,,T2_REVERSE_TO_FORWARD
436.6737,-47.6039,-18.9684,0.000,NORMAL,1,ROUTE,,,,,T2_REVERSE_TO_FORWARD
436.7737,-47.6972,-18.9324,0.000,NORMAL,1,ROUTE,,,,,T2_REVERSE_TO_FORWARD
436.8737,-47.7906,-18.8967,0.000,NORMAL,1,ROUTE,,,,,T2_REVERSE_TO_FORWARD
436.9737,-47.8841,-18.8612,0.000,NORMAL,1,ROUTE,,,,,T2_REVERSE_TO_FORWARD
437.0737,-47.9776,-18.8259,0.000,NORMAL,1,ROUTE,,,,,T2_REVERSE_TO_FORWARD
437.1737,-48.0712,-18.7906,0.000,NORMAL,1,ROUTE,,,,,T2_REVERSE_TO_FORWARD
437.2737,-48.1647,-18.7552,0.000,NORMAL,1,ROUTE,,,,,T2_REVERSE_TO_FORWARD
437.3737,-48.2582,-18.7197,0.000,NORMAL,1,ROUTE,,,,,T2_REVERSE_TO_FORWARD
437.4737,-48.3516,-18.6840,0.000,NORMAL,1,ROUTE,,,,,T2_REVERSE_TO_FORWARD
437.5737,-48.4449,-18.6480,0.000,NORMAL,1,ROUTE,,,,,T2_REVERSE_TO_FORWARD
437.6737,-48.5380,-18.6116,0.000,NORMAL,1,ROUTE,,,,,T2_REVERSE_TO_FORWARD
437.7736,-48.6309,-18.5747,0.000,NORMAL,1,ROUTE,,,,,T2_REVERSE_TO_FORWARD
437.8737,-48.7237,-18.5372,0.000,NORMAL,1,ROUTE,,,,,T2_REVERSE_TO_FORWARD
437.9736,-48.8161,-18.4992,0.000,NORMAL,1,ROUTE,,,,,T2_REVERSE_TO_FORWARD
438.0736,-48.9083,-18.4605,0.000,NORMAL,1,ROUTE,,,,,T2_REVERSE_TO_FORWARD
438.1737,-49.0003,-18.4212,0.000,NORMAL,1,ROUTE,,,,,T2_REVERSE_TO_FORWARD
438.2736,-49.0920,-18.3814,0.000,NORMAL,1,ROUTE,,,,,T2_REVERSE_TO_FORWARD
438.3737,-49.1836,-18.3412,0.000,NORMAL,1,ROUTE,,,,,T2_REVERSE_TO_FORWARD
438.4736,-49.2749,-18.3005,0.000,NORMAL,1,ROUTE,,,,,T2_REVERSE_TO_FORWARD
438.5736,-49.3662,-18.2597,0.000,NORMAL,1,ROUTE,,,,,T2_REVERSE_TO_FORWARD
438.6737,-49.4575,-18.2188,0.000,NORMAL,1,ROUTE,,,,,T2_REVERSE_TO_FORWARD
438.7736,-49.5487,-18.1780,0.000,NORMAL,1,ROUTE,,,,,T2_REVERSE_TO_FORWARD
438.8736,-49.6401,-18.1373,0.000,NORMAL,1,ROUTE,,,,,T2_REVERSE_TO_FORWARD
438.9736,-49.7315,-18.0968,0.000,NORMAL,1,ROUTE,,,,,T2_REVERSE_TO_FORWARD
439.0736,-49.8231,-18.0567,0.000,NORMAL,1,ROUTE,,,,,T2_REVERSE_TO_FORWARD
439.1736,-49.9148,-18.0169,0.000,NORMAL,1,ROUTE,,,,,T2_REVERSE_TO_FORWARD
439.2736,-50.0067,-17.9774,0.000,NORMAL,1,ROUTE,,,,,T2_REVERSE_TO_FORWARD
439.3736,-50.0987,-17.9382,0.000,NORMAL,1,ROUTE,,,,,T2_REVERSE_TO_FORWARD
439.4735,-50.1908,-17.8994,0.000,NORMAL,1,ROUTE,,,,,T2_REVERSE_TO_FORWARD
439.5736,-50.2831,-17.8608,0.000,NORMAL,1,ROUTE,,,,,T2_REVERSE_TO_FORWARD
439.6736,-50.3754,-17.8223,0.000,NORMAL,1,ROUTE,,,,,T2_REVERSE_TO_FORWARD
439.7736,-50.4678,-17.7840,0.000,NORMAL,1,ROUTE,,,,,T2_REVERSE_TO_FORWARD
439.8736,-50.5602,-17.7458,0.000,NORMAL,1,ROUTE,,,,,T2_REVERSE_TO_FORWARD
439.9736,-50.6526,-17.7076,0.000,NORMAL,1,ROUTE,,,,,T2_REVERSE_TO_FORWARD
440.0736,-50.7450,-17.6694,0.000,NORMAL,1,ROUTE,,,,,T2_REVERSE_TO_FORWARD
440.1736,-50.8374,-17.6311,0.000,NORMAL,1,ROUTE,,,,,T2_REVERSE_TO_FORWARD
440.2736,-50.9297,-17.5927,0.000,NORMAL,1,ROUTE,,,,,T2_REVERSE_TO_FORWARD
440.3735,-51.0219,-17.5541,0.000,NORMAL,1,ROUTE,,,,,T2_REVERSE_TO_FORWARD
440.4735,-51.1141,-17.5154,0.000,NORMAL,1,ROUTE,,,,,T2_REVERSE_TO_FORWARD
440.5735,-51.2062,-17.4765,0.000,NORMAL,1,ROUTE,,,,,T2_REVERSE_TO_FORWARD
440.6735,-51.2983,-17.4374,0.000,NORMAL,1,ROUTE,,,,,T2_REVERSE_TO_FORWARD
440.7735,-51.3902,-17.3981,0.000,NORMAL,1,ROUTE,,,,,T2_REVERSE_TO_FORWARD
440.8735,-51.4821,-17.3587,0.000,NORMAL,1,ROUTE,,,,,T2_REVERSE_TO_FORWARD
440.9735,-51.5740,-17.3192,0.000,NORMAL,1,ROUTE,,,,,T2_REVERSE_TO_FORWARD
441.0735,-51.6658,-17.2796,0.000,NORMAL,1,ROUTE,,,,,T2_REVERSE_TO_FORWARD
441.1735,-51.7577,-17.2401,0.000,NORMAL,1,ROUTE,,,,,T2_REVERSE_TO_FORWARD
441.2735,-51.8496,-17.2008,0.000,NORMAL,1,ROUTE,,,,,T2_REVERSE_TO_FORWARD
441.3735,-51.9417,-17.1617,0.000,NORMAL,1,ROUTE,,,,,T2_REVERSE_TO_FORWARD
441.4735,-52.0339,-17.1230,0.000,NORMAL,1,ROUTE,,,,,T2_REVERSE_TO_FORWARD
441.5734,-52.1262,-17.0847,0.000,NORMAL,1,ROUTE,,,,,T2_REVERSE_TO_FORWARD
441.6735,-52.2189,-17.0470,0.000,NORMAL,1,ROUTE,,,,,T2_REVERSE_TO_FORWARD
441.7735,-52.3117,-17.0099,0.000,NORMAL,1,ROUTE,,,,,T2_REVERSE_TO_FORWARD
441.8735,-52.4048,-16.9734,0.000,NORMAL,1,ROUTE,,,,,T2_REVERSE_TO_FORWARD
441.9735,-52.4982,-16.9376,0.000,NORMAL,1,ROUTE,,,,,T2_REVERSE_TO_FORWARD
442.0735,-52.5918,-16.9024,0.000,NORMAL,1,ROUTE,,,,,T2_REVERSE_TO_FORWARD
442.1734,-52.6856,-16.8679,0.000,NORMAL,1,ROUTE,,,,,T2_REVERSE_TO_FORWARD
442.2734,-52.7796,-16.8339,0.000,NORMAL,1,ROUTE,,,,,T2_REVERSE_TO_FORWARD
442.3734,-52.8739,-16.8005,0.000,NORMAL,1,ROUTE,,,,,T2_REVERSE_TO_FORWARD
442.4734,-52.9683,-16.7675,0.000,NORMAL,1,ROUTE,,,,,T2_REVERSE_TO_FORWARD
442.5734,-53.0629,-16.7351,0.000,NORMAL,1,ROUTE,,,,,T2_REVERSE_TO_FORWARD
442.6734,-53.1576,-16.7031,0.000,NORMAL,1,ROUTE,,,,,T2_REVERSE_TO_FORWARD
442.7733,-53.2524,-16.6714,0.000,NORMAL,1,ROUTE,,,,,T2_REVERSE_TO_FORWARD
442.8734,-53.3474,-16.6399,0.000,NORMAL,1,ROUTE,,,,,T2_REVERSE_TO_FORWARD
442.9734,-53.4423,-16.6086,0.000,NORMAL,1,ROUTE,,,,,T2_REVERSE_TO_FORWARD
443.0734,-53.5374,-16.5775,0.000,NORMAL,1,ROUTE,,,,,T2_REVERSE_TO_FORWARD
443.1734,-53.6324,-16.5463,0.000,NORMAL,1,ROUTE,,,,,T2_REVERSE_TO_FORWARD
443.2733,-53.7273,-16.5150,0.000,NORMAL,1,ROUTE,,,,,T2_REVERSE_TO_FORWARD
443.3733,-53.8222,-16.4835,0.000,NORMAL,1,ROUTE,,,,,T2_REVERSE_TO_FORWARD
443.4734,-53.9171,-16.4517,0.000,NORMAL,1,ROUTE,,,,,T2_REVERSE_TO_FORWARD
443.5734,-54.0118,-16.4197,0.000,NORMAL,1,ROUTE,,,,,T2_REVERSE_TO_FORWARD
443.6733,-54.1063,-16.3872,0.000,NORMAL,1,ROUTE,,,,,T2_REVERSE_TO_FORWARD
443.7734,-54.2008,-16.3542,0.000,NORMAL,1,ROUTE,,,,,T2_REVERSE_TO_FORWARD
443.8733,-54.2950,-16.3208,0.000,NORMAL,1,ROUTE,,,,,T2_REVERSE_TO_FORWARD
443.9733,-54.3890,-16.2868,0.000,NORMAL,1,ROUTE,,,,,T2_REVERSE_TO_FORWARD
444.0733,-54.4829,-16.2523,0.000,NORMAL,1,ROUTE,,,,,T2_REVERSE_TO_FORWARD
444.1734,-54.5766,-16.2173,0.000,NORMAL,1,ROUTE,,,,,T2_REVERSE_TO_FORWARD
444.2733,-54.6700,-16.1817,0.000,NORMAL,1,ROUTE,,,,,T2_REVERSE_TO_FORWARD
444.3733,-54.7632,-16.1455,0.000,NORMAL,1,ROUTE,,,,,T2_REVERSE_TO_FORWARD
444.4733,-54.8562,-16.1088,0.000,NORMAL,1,ROUTE,,,,,T2_REVERSE_TO_FORWARD
444.5733,-54.9490,-16.0715,0.000,NORMAL,1,ROUTE,,,,,T2_REVERSE_TO_FORWARD
444.6733,-55.0416,-16.0337,0.000,NORMAL,1,ROUTE,,,,,T2_REVERSE_TO_FORWARD
444.7733,-55.1340,-15.9955,0.000,NORMAL,1,ROUTE,,,,,T2_REVERSE_TO_FORWARD
444.8733,-55.2262,-15.9568,0.000,NORMAL,1,ROUTE,,,,,T2_REVERSE_TO_FORWARD
444.9733,-55.3183,-15.9179,0.000,NORMAL,1,ROUTE,,,,,T2_REVERSE_TO_FORWARD
445.0733,-55.4103,-15.8787,0.000,NORMAL,1,ROUTE,,,,,T2_REVERSE_TO_FORWARD
445.1732,-55.5022,-15.8394,0.000,NORMAL,1,ROUTE,,,,,T2_REVERSE_TO_FORWARD
445.2732,-55.5941,-15.8000,0.000,NORMAL,1,ROUTE,,,,,T2_REVERSE_TO_FORWARD
445.3732,-55.6860,-15.7606,0.000,NORMAL,1,ROUTE,,,,,T2_REVERSE_TO_FORWARD
445.4733,-55.7780,-15.7212,0.000,NORMAL,1,ROUTE,,,,,T2_REVERSE_TO_FORWARD
445.5732,-55.8699,-15.6820,0.000,NORMAL,1,ROUTE,,,,,T2_REVERSE_TO_FORWARD
445.6733,-55.9620,-15.6429,0.000,NORMAL,1,ROUTE,,,,,T2_REVERSE_TO_FORWARD
445.7733,-56.0541,-15.6039,0.000,NORMAL,1,ROUTE,,,,,T2_REVERSE_TO_FORWARD
445.8732,-56.1462,-15.5651,0.000,NORMAL,1,ROUTE,,,,,T2_REVERSE_TO_FORWARD
445.9732,-56.2384,-15.5264,0.000,NORMAL,1,ROUTE,,,,,T2_REVERSE_TO_FORWARD
446.0732,-56.3307,-15.4879,0.000,NORMAL,1,ROUTE,,,,,T2_REVERSE_TO_FORWARD
446.1732,-56.4230,-15.4494,0.000,NORMAL,1,ROUTE,,,,,T2_REVERSE_TO_FORWARD
446.2732,-56.5153,-15.4111,0.000,NORMAL,1,ROUTE,,,,,T2_REVERSE_TO_FORWARD
446.3732,-56.6077,-15.3728,0.000,NORMAL,1,ROUTE,,,,,T2_REVERSE_TO_FORWARD
446.4732,-56.7001,-15.3345,0.000,NORMAL,1,ROUTE,,,,,T2_REVERSE_TO_FORWARD
446.5732,-56.7925,-15.2963,0.000,NORMAL,1,ROUTE,,,,,T2_REVERSE_TO_FORWARD
446.6732,-56.8849,-15.2580,0.000,NORMAL,1,ROUTE,,,,,T2_REVERSE_TO_FORWARD
446.7732,-56.9773,-15.2197,0.000,NORMAL,1,ROUTE,,,,,T2_REVERSE_TO_FORWARD
446.8731,-57.0696,-15.1815,0.000,NORMAL,1,ROUTE,,,,,T2_REVERSE_TO_FORWARD
446.9731,-57.1620,-15.1432,0.000,NORMAL,1,ROUTE,,,,,T2_REVERSE_TO_FORWARD
447.0732,-57.2544,-15.1048,0.000,NORMAL,1,ROUTE,,,,,T2_REVERSE_TO_FORWARD
447.1731,-57.3467,-15.0665,0.000,NORMAL,1,ROUTE,,,,,T2_REVERSE_TO_FORWARD
447.2732,-57.4391,-15.0282,0.000,NORMAL,1,ROUTE,,,,,T2_REVERSE_TO_FORWARD
447.3731,-57.5314,-14.9898,0.000,NORMAL,1,ROUTE,,,,,T2_REVERSE_TO_FORWARD
447.4732,-57.6238,-14.9515,0.000,NORMAL,1,ROUTE,,,,,T2_REVERSE_TO_FORWARD
447.5731,-57.7161,-14.9131,0.000,NORMAL,1,ROUTE,,,,,T2_REVERSE_TO_FORWARD
447.6731,-57.8084,-14.8747,0.000,NORMAL,1,ROUTE,,,,,T2_REVERSE_TO_FORWARD
447.7732,-57.9008,-14.8363,0.000,NORMAL,1,ROUTE,,,,,T2_REVERSE_TO_FORWARD
447.8731,-57.9931,-14.7979,0.000,NORMAL,1,ROUTE,,,,,T2_REVERSE_TO_FORWARD
447.9731,-58.0854,-14.7595,0.000,NORMAL,1,ROUTE,,,,,T2_REVERSE_TO_FORWARD
448.0731,-58.1777,-14.7210,0.000,NORMAL,1,ROUTE,,,,,T2_REVERSE_TO_FORWARD
448.1731,-58.2700,-14.6825,0.000,NORMAL,1,ROUTE,,,,,T2_REVERSE_TO_FORWARD
448.2732,-58.3623,-14.6439,0.000,NORMAL,1,ROUTE,,,,,T2_REVERSE_TO_FORWARD
448.3731,-58.4545,-14.6054,0.000,NORMAL,1,ROUTE,,,,,T2_REVERSE_TO_FORWARD
448.4731,-58.5468,-14.5669,0.000,NORMAL,1,ROUTE,,,,,T2_REVERSE_TO_FORWARD
448.5730,-58.6391,-14.5285,0.000,NORMAL,1,ROUTE,,,,,T2_REVERSE_TO_FORWARD
448.6731,-58.7315,-14.4902,0.000,NORMAL,1,ROUTE,,,,,T2_REVERSE_TO_FORWARD
448.7731,-58.8240,-14.4521,0.000,NORMAL,1,ROUTE,,,,,T2_REVERSE_TO_FORWARD
448.8730,-58.9165,-14.4143,0.000,NORMAL,1,ROUTE,,,,,T2_REVERSE_TO_FORWARD
448.9730,-59.0092,-14.3768,0.000,NORMAL,1,ROUTE,,,,,T2_REVERSE_TO_FORWARD
449.0730,-59.1021,-14.3399,0.000,NORMAL,1,ROUTE,,,,,T2_REVERSE_TO_FORWARD
449.1731,-59.1953,-14.3034,0.000,NORMAL,1,ROUTE,,,,,T2_REVERSE_TO_FORWARD
449.2731,-59.2886,-14.2675,0.000,NORMAL,1,ROUTE,,,,,T2_REVERSE_TO_FORWARD
449.3731,-59.3822,-14.2322,0.000,NORMAL,1,ROUTE,,,,,T2_REVERSE_TO_FORWARD
449.4731,-59.4760,-14.1976,0.000,NORMAL,1,ROUTE,,,,,T2_REVERSE_TO_FORWARD
449.5731,-59.5700,-14.1635,0.000,NORMAL,1,ROUTE,,,,,T2_REVERSE_TO_FORWARD
449.6730,-59.6642,-14.1300,0.000,NORMAL,1,ROUTE,,,,,T2_REVERSE_TO_FORWARD
449.7730,-59.7586,-14.0970,0.000,NORMAL,1,ROUTE,,,,,T2_REVERSE_TO_FORWARD
449.8730,-59.8531,-14.0645,0.000,NORMAL,1,ROUTE,,,,,T2_REVERSE_TO_FORWARD
449.9730,-59.9478,-14.0323,0.000,NORMAL,1,ROUTE,,,,,T2_REVERSE_TO_FORWARD
450.0730,-60.0426,-14.0005,0.000,NORMAL,1,ROUTE,,,,,T2_REVERSE_TO_FORWARD
450.1730,-60.1375,-13.9689,0.000,NORMAL,1,ROUTE,,,,,T2_REVERSE_TO_FORWARD
450.2730,-60.2324,-13.9374,0.000,NORMAL,1,ROUTE,,,,,T2_REVERSE_TO_FORWARD
450.3729,-60.3273,-13.9061,0.000,NORMAL,1,ROUTE,,,,,T2_REVERSE_TO_FORWARD
450.4730,-60.4223,-13.8747,0.000,NORMAL,1,ROUTE,,,,,T2_REVERSE_TO_FORWARD
450.5730,-60.5172,-13.8432,0.000,NORMAL,1,ROUTE,,,,,T2_REVERSE_TO_FORWARD
450.6729,-60.6120,-13.8115,0.000,NORMAL,1,ROUTE,,,,,T2_REVERSE_TO_FORWARD
450.7730,-60.7068,-13.7796,0.000,NORMAL,1,ROUTE,,,,,T2_REVERSE_TO_FORWARD
450.8729,-60.8014,-13.7473,0.000,NORMAL,1,ROUTE,,,,,T2_REVERSE_TO_FORWARD
450.9729,-60.8959,-13.7146,0.000,NORMAL,1,ROUTE,,,,,T2_REVERSE_TO_FORWARD
451.0730,-60.9903,-13.6815,0.000,NORMAL,1,ROUTE,,,,,T2_REVERSE_TO_FORWARD
451.1729,-61.0845,-13.6480,0.000,NORMAL,1,ROUTE,,,,,T2_REVERSE_TO_FORWARD
451.2730,-61.1786,-13.6141,0.000,NORMAL,1,ROUTE,,,,,T2_REVERSE_TO_FORWARD
451.3729,-61.2725,-13.5798,0.000,NORMAL,1,ROUTE,,,,,T2_REVERSE_TO_FORWARD
451.4729,-61.3663,-13.5452,0.000,NORMAL,1,ROUTE,,,,,T2_REVERSE_TO_FORWARD
451.5730,-61.4601,-13.5104,0.000,NORMAL,1,ROUTE,,,,,T2_REVERSE_TO_FORWARD
451.6729,-61.5537,-13.4754,0.000,NORMAL,1,ROUTE,,,,,T2_REVERSE_TO_FORWARD
451.7729,-61.6474,-13.4403,0.000,NORMAL,1,ROUTE,,,,,T2_REVERSE_TO_FORWARD
451.8729,-61.7410,-13.4052,0.000,NORMAL,1,ROUTE,,,,,T2_REVERSE_TO_FORWARD
451.9729,-61.8346,-13.3700,0.000,NORMAL,1,ROUTE,,,,,T2_REVERSE_TO_FORWARD
452.0729,-61.9282,-13.3349,0.000,NORMAL,1,ROUTE,,,,,T2_REVERSE_TO_FORWARD
452.1729,-62.0219,-13.2998,0.000,NORMAL,1,ROUTE,,,,,T2_REVERSE_TO_FORWARD
452.2728,-62.1155,-13.2649,0.000,NORMAL,1,ROUTE,,,,,T2_REVERSE_TO_FORWARD
452.3728,-62.2092,-13.2299,0.000,NORMAL,1,ROUTE,,,,,T2_REVERSE_TO_FORWARD
452.4728,-62.3029,-13.1950,0.000,NORMAL,1,ROUTE,,,,,T2_REVERSE_TO_FORWARD
452.5729,-62.3966,-13.1600,0.000,NORMAL,1,ROUTE,,,,,T2_REVERSE_TO_FORWARD
452.6728,-62.4903,-13.1251,0.000,NORMAL,1,ROUTE,,,,,T2_REVERSE_TO_FORWARD
452.7729,-62.5840,-13.0901,0.000,NORMAL,1,ROUTE,,,,,T2_REVERSE_TO_FORWARD
452.8729,-62.6777,-13.0551,0.000,NORMAL,1,ROUTE,,,,,T2_REVERSE_TO_FORWARD
452.9728,-62.7713,-13.0201,0.000,NORMAL,1,ROUTE,,,,,T2_REVERSE_TO_FORWARD
453.0729,-62.8650,-12.9850,0.000,NORMAL,1,ROUTE,,,,,T2_REVERSE_TO_FORWARD
453.1728,-62.9586,-12.9499,0.000,NORMAL,1,ROUTE,,,,,T2_REVERSE_TO_FORWARD
453.2729,-63.0523,-12.9149,0.000,NORMAL,1,ROUTE,,,,,T2_REVERSE_TO_FORWARD
453.3728,-63.1460,-12.8801,0.000,NORMAL,1,ROUTE,,,,,T2_REVERSE_TO_FORWARD
453.4728,-63.2398,-12.8454,0.000,NORMAL,1,ROUTE,,,,,T2_REVERSE_TO_FORWARD
453.5728,-63.3337,-12.8110,0.000,NORMAL,1,ROUTE,,,,,T2_REVERSE_TO_FORWARD
453.6728,-63.4276,-12.7768,0.000,NORMAL,1,ROUTE,,,,,T2_REVERSE_TO_FORWARD
453.7729,-63.5218,-12.7430,0.000,NORMAL,1,ROUTE,,,,,T2_REVERSE_TO_FORWARD
453.8728,-63.6160,-12.7096,0.000,NORMAL,1,ROUTE,,,,,T2_REVERSE_TO_FORWARD
453.9727,-63.7103,-12.6765,0.000,NORMAL,1,ROUTE,,,,,T2_REVERSE_TO_FORWARD
454.0728,-63.8048,-12.6437,0.000,NORMAL,1,ROUTE,,,,,T2_REVERSE_TO_FORWARD
454.1727,-63.8993,-12.6111,0.000,NORMAL,1,ROUTE,,,,,T2_REVERSE_TO_FORWARD
454.2728,-63.9940,-12.5788,0.000,NORMAL,1,ROUTE,,,,,T2_REVERSE_TO_FORWARD
454.3728,-64.0887,-12.5467,0.000,NORMAL,1,ROUTE,,,,,T2_REVERSE_TO_FORWARD
454.4727,-64.1834,-12.5147,0.000,NORMAL,1,ROUTE,,,,,T2_REVERSE_TO_FORWARD
454.5728,-64.2782,-12.4828,0.000,NORMAL,1,ROUTE,,,,,T2_REVERSE_TO_FORWARD
454.6728,-64.3730,-12.4510,0.000,NORMAL,1,ROUTE,,,,,T2_REVERSE_TO_FORWARD
454.7728,-64.4678,-12.4192,0.000,NORMAL,1,ROUTE,,,,,T2_REVERSE_TO_FORWARD
454.8727,-64.5626,-12.3874,0.000,NORMAL,1,ROUTE,,,,,T2_REVERSE_TO_FORWARD
454.9728,-64.6574,-12.3555,0.000,NORMAL,1,ROUTE,,,,,T2_REVERSE_TO_FORWARD
455.0727,-64.7521,-12.3235,0.000,NORMAL,1,ROUTE,,,,,T2_REVERSE_TO_FORWARD
455.1727,-64.8468,-12.2915,0.000,NORMAL,1,ROUTE,,,,,T2_REVERSE_TO_FORWARD
455.2727,-64.9415,-12.2592,0.000,NORMAL,1,ROUTE,,,,,T2_REVERSE_TO_FORWARD
455.3727,-65.0361,-12.2269,0.000,NORMAL,1,ROUTE,,,,,T2_REVERSE_TO_FORWARD
455.4728,-65.1307,-12.1943,0.000,NORMAL,1,ROUTE,,,,,T2_REVERSE_TO_FORWARD
455.5727,-65.2251,-12.1616,0.000,NORMAL,1,ROUTE,,,,,T2_REVERSE_TO_FORWARD
455.6727,-65.3195,-12.1286,0.000,NORMAL,1,ROUTE,,,,,T2_REVERSE_TO_FORWARD
455.7727,-65.4139,-12.0955,0.000,NORMAL,1,ROUTE,,,,,T2_REVERSE_TO_FORWARD
455.8727,-65.5081,-12.0620,0.000,NORMAL,1,ROUTE,,,,,T2_REVERSE_TO_FORWARD
455.9727,-65.6023,-12.0284,0.000,NORMAL,1,ROUTE,,,,,T2_REVERSE_TO_FORWARD
456.0727,-65.6963,-11.9944,0.000,NORMAL,1,ROUTE,,,,,T2_REVERSE_TO_FORWARD
456.1727,-65.7903,-11.9602,0.000,NORMAL,1,ROUTE,,,,,T2_REVERSE_TO_FORWARD
456.2727,-65.8842,-11.9258,0.000,NORMAL,1,ROUTE,,,,,T2_REVERSE_TO_FORWARD
456.3726,-65.9779,-11.8910,0.000,NORMAL,1,ROUTE,,,,,T2_REVERSE_TO_FORWARD
456.4727,-66.0716,-11.8560,0.000,NORMAL,1,ROUTE,,,,,T2_REVERSE_TO_FORWARD
456.5726,-66.1651,-11.8207,0.000,NORMAL,1,ROUTE,,,,,T2_REVERSE_TO_FORWARD
456.6727,-66.2586,-11.7851,0.000,NORMAL,1,ROUTE,,,,,T2_REVERSE_TO_FORWARD
456.7726,-66.3519,-11.7493,0.000,NORMAL,1,ROUTE,,,,,T2_REVERSE_TO_FORWARD
456.8726,-66.4452,-11.7133,0.000,NORMAL,1,ROUTE,,,,,T2_REVERSE_TO_FORWARD
456.9726,-66.5384,-11.6770,0.000,NORMAL,1,ROUTE,,,,,T2_REVERSE_TO_FORWARD
457.0726,-66.6315,-11.6406,0.000,NORMAL,1,ROUTE,,,,,T2_REVERSE_TO_FORWARD
457.1726,-66.7246,-11.6040,0.000,NORMAL,1,ROUTE,,,,,T2_REVERSE_TO_FORWARD
457.2726,-66.8176,-11.5673,0.000,NORMAL,1,ROUTE,,,,,T2_REVERSE_TO_FORWARD
457.3726,-66.9106,-11.5305,0.000,NORMAL,1,ROUTE,,,,,T2_REVERSE_TO_FORWARD
457.4726,-67.0035,-11.4936,0.000,NORMAL,1,ROUTE,,,,,T2_REVERSE_TO_FORWARD
457.5725,-67.0964,-11.4567,0.000,NORMAL,1,ROUTE,,,,,T2_REVERSE_TO_FORWARD
457.6726,-67.1894,-11.4197,0.000,NORMAL,1,ROUTE,,,,,T2_REVERSE_TO_FORWARD
457.7726,-67.2823,-11.3827,0.000,NORMAL,1,ROUTE,,,,,T2_REVERSE_TO_FORWARD
457.8725,-67.3751,-11.3457,0.000,NORMAL,1,ROUTE,,,,,T2_REVERSE_TO_FORWARD
457.9726,-67.4681,-11.3087,0.000,NORMAL,1,ROUTE,,,,,T2_REVERSE_TO_FORWARD
458.0726,-67.5610,-11.2718,0.000,NORMAL,1,ROUTE,,,,,T2_REVERSE_TO_FORWARD
458.1725,-67.6539,-11.2349,0.000,NORMAL,1,ROUTE,,,,,T2_REVERSE_TO_FORWARD
458.2725,-67.7469,-11.1981,0.000,NORMAL,1,ROUTE,,,,,T2_REVERSE_TO_FORWARD
458.3725,-67.8399,-11.1614,0.000,NORMAL,1,ROUTE,,,,,T2_REVERSE_TO_FORWARD
458.4725,-67.9329,-11.1247,0.000,NORMAL,1,ROUTE,,,,,T2_REVERSE_TO_FORWARD
458.5725,-68.0260,-11.0881,0.000,NORMAL,1,ROUTE,,,,,T2_REVERSE_TO_FORWARD
458.6725,-68.1191,-11.0516,0.000,NORMAL,1,ROUTE,,,,,T2_REVERSE_TO_FORWARD
458.7725,-68.2122,-11.0152,0.000,NORMAL,1,ROUTE,,,,,T2_REVERSE_TO_FORWARD
458.8726,-68.3054,-10.9788,0.000,NORMAL,1,ROUTE,,,,,T2_REVERSE_TO_FORWARD
458.9725,-68.3985,-10.9425,0.000,NORMAL,1,ROUTE,,,,,T2_REVERSE_TO_FORWARD
459.0725,-68.4917,-10.9061,0.000,NORMAL,1,ROUTE,,,,,T2_REVERSE_TO_FORWARD
459.1725,-68.5848,-10.8697,0.000,NORMAL,1,ROUTE,,,,,T2_REVERSE_TO_FORWARD
459.2725,-68.6780,-10.8334,0.000,NORMAL,1,ROUTE,,,,,T2_REVERSE_TO_FORWARD
459.3725,-68.7711,-10.7970,0.000,NORMAL,1,ROUTE,,,,,T2_REVERSE_TO_FORWARD
459.4724,-68.8642,-10.7606,0.000,NORMAL,1,ROUTE,,,,,T2_REVERSE_TO_FORWARD
459.5725,-68.9574,-10.7241,0.000,NORMAL,1,ROUTE,,,,,T2_REVERSE_TO_FORWARD
459.6725,-69.0505,-10.6877,0.000,NORMAL,1,ROUTE,,,,,T2_REVERSE_TO_FORWARD
459.7725,-69.1436,-10.6513,0.000,NORMAL,1,ROUTE,,,,,T2_REVERSE_TO_FORWARD
459.8725,-69.2368,-10.6150,0.000,NORMAL,1,ROUTE,,,,,T2_REVERSE_TO_FORWARD
459.9725,-69.3300,-10.5788,0.000,NORMAL,1,ROUTE,,,,,T2_REVERSE_TO_FORWARD
460.0725,-69.4233,-10.5428,0.000,NORMAL,1,ROUTE,,,,,T2_REVERSE_TO_FORWARD
460.1724,-69.5166,-10.5069,0.000,NORMAL,1,ROUTE,,,,,T2_REVERSE_TO_FORWARD
460.2725,-69.6101,-10.4713,0.000,NORMAL,1,ROUTE,,,,,T2_REVERSE_TO_FORWARD
460.3724,-69.7036,-10.4360,0.000,NORMAL,1,ROUTE,,,,,T2_REVERSE_TO_FORWARD
460.4724,-69.7973,-10.4011,0.000,NORMAL,1,ROUTE,,,,,T2_REVERSE_TO_FORWARD
460.5725,-69.8912,-10.3666,0.000,NORMAL,1,ROUTE,,,,,T2_REVERSE_TO_FORWARD
460.6724,-69.9851,-10.3324,0.000,NORMAL,1,ROUTE,,,,,T2_REVERSE_TO_FORWARD
460.7724,-70.0793,-10.2987,0.000,NORMAL,1,ROUTE,,,,,T2_REVERSE_TO_FORWARD
460.8724,-70.1736,-10.2654,0.000,NORMAL,1,ROUTE,,,,,T2_REVERSE_TO_FORWARD
460.9724,-70.2680,-10.2324,0.000,NORMAL,1,ROUTE,,,,,T2_REVERSE_TO_FORWARD
461.0724,-70.3625,-10.1997,0.000,NORMAL,1,ROUTE,,,,,T2_REVERSE_TO_FORWARD
461.1723,-70.4570,-10.1673,0.000,NORMAL,1,ROUTE,,,,,T2_REVERSE_TO_FORWARD
461.2724,-70.5517,-10.1350,0.000,NORMAL,1,ROUTE,,,,,T2_REVERSE_TO_FORWARD
461.3724,-70.6464,-10.1029,0.000,NORMAL,1,ROUTE,,,,,T2_REVERSE_TO_FORWARD
461.4724,-70.7411,-10.0709,0.000,NORMAL,1,ROUTE,,,,,T2_REVERSE_TO_FORWARD
461.5724,-70.8359,-10.0390,0.000,NORMAL,1,ROUTE,,,,,T2_REVERSE_TO_FORWARD
461.6723,-70.9306,-10.0070,0.000,NORMAL,1,ROUTE,,,,,T2_REVERSE_TO_FORWARD
461.7724,-71.0254,-9.9751,0.000,NORMAL,1,ROUTE,,,,,T2_REVERSE_TO_FORWARD
461.8724,-71.1202,-9.9432,0.000,NORMAL,1,ROUTE,,,,,T2_REVERSE_TO_FORWARD
461.9723,-71.2149,-9.9112,0.000,NORMAL,1,ROUTE,,,,,T2_REVERSE_TO_FORWARD
462.0723,-71.3096,-9.8792,0.000,NORMAL,1,ROUTE,,,,,T2_REVERSE_TO_FORWARD
462.1724,-71.4044,-9.8472,0.000,NORMAL,1,ROUTE,,,,,T2_REVERSE_TO_FORWARD
462.2723,-71.4991,-9.8152,0.000,NORMAL,1,ROUTE,,,,,T2_REVERSE_TO_FORWARD
462.3724,-71.5939,-9.7832,0.000,NORMAL,1,ROUTE,,,,,T2_REVERSE_TO_FORWARD
462.4723,-71.6886,-9.7512,0.000,NORMAL,1,ROUTE,,,,,T2_REVERSE_TO_FORWARD
462.5723,-71.7833,-9.7192,0.000,NORMAL,1,ROUTE,,,,,T2_REVERSE_TO_FORWARD
462.6723,-71.8780,-9.6871,0.000,NORMAL,1,ROUTE,,,,,T2_REVERSE_TO_FORWARD
462.7723,-71.9727,-9.6550,0.000,NORMAL,1,ROUTE,,,,,T2_REVERSE_TO_FORWARD
462.8723,-72.0674,-9.6227,0.000,NORMAL,1,ROUTE,,,,,T2_REVERSE_TO_FORWARD
462.9723,-72.1619,-9.5902,0.000,NORMAL,1,ROUTE,,,,,T2_REVERSE_TO_FORWARD
463.0723,-72.2564,-9.5574,0.000,NORMAL,1,ROUTE,,,,,T2_REVERSE_TO_FORWARD
463.1723,-72.3507,-9.5242,0.000,NORMAL,1,ROUTE,,,,,T2_REVERSE_TO_FORWARD
463.2723,-72.4449,-9.4906,0.000,NORMAL,1,ROUTE,,,,,T2_REVERSE_TO_FORWARD
463.3723,-72.5389,-9.4564,0.000,NORMAL,1,ROUTE,,,,,T2_REVERSE_TO_FORWARD
463.4722,-72.6326,-9.4217,0.000,NORMAL,1,ROUTE,,,,,T2_REVERSE_TO_FORWARD
463.5723,-72.7262,-9.3863,0.000,NORMAL,1,ROUTE,,,,,T2_REVERSE_TO_FORWARD
463.6723,-72.8195,-9.3504,0.000,NORMAL,1,ROUTE,,,,,T2_REVERSE_TO_FORWARD
463.7723,-72.9126,-9.3138,0.000,NORMAL,1,ROUTE,,,,,T2_REVERSE_TO_FORWARD
463.8723,-73.0055,-9.2769,0.000,NORMAL,1,ROUTE,,,,,T2_REVERSE_TO_FORWARD
463.9723,-73.0983,-9.2396,0.000,NORMAL,1,ROUTE,,,,,T2_REVERSE_TO_FORWARD
464.0722,-73.1910,-9.2022,0.000,NORMAL,1,ROUTE,,,,,T2_REVERSE_TO_FORWARD
464.1723,-73.2838,-9.1649,0.000,NORMAL,1,ROUTE,,,,,T2_REVERSE_TO_FORWARD
464.2722,-73.3766,-9.1278,0.000,NORMAL,1,ROUTE,,,,,T2_REVERSE_TO_FORWARD
464.3722,-73.4697,-9.0912,0.000,NORMAL,1,ROUTE,,,,,T2_REVERSE_TO_FORWARD
464.4722,-73.5630,-9.0552,0.000,NORMAL,1,ROUTE,,,,,T2_REVERSE_TO_FORWARD
464.5722,-73.6565,-9.0199,0.000,NORMAL,1,ROUTE,,,,,T2_REVERSE_TO_FORWARD
464.6722,-73.7505,-8.9857,0.000,NORMAL,1,ROUTE,,,,,T2_REVERSE_TO_FORWARD
464.7722,-73.8448,-8.9524,0.000,NORMAL,1,ROUTE,,,,,T2_REVERSE_TO_FORWARD
464.8722,-73.9395,-8.9202,0.000,NORMAL,1,ROUTE,,,,,T2_REVERSE_TO_FORWARD
464.9722,-74.0345,-8.8891,0.000,NORMAL,1,ROUTE,,,,,T2_REVERSE_TO_FORWARD
465.0722,-74.1298,-8.8589,0.000,NORMAL,1,ROUTE,,,,,T2_REVERSE_TO_FORWARD
465.1722,-74.2254,-8.8296,0.000,NORMAL,1,ROUTE,,,,,T2_REVERSE_TO_FORWARD
465.2722,-74.3213,-8.8011,0.000,NORMAL,1,ROUTE,,,,,T2_REVERSE_TO_FORWARD
465.3722,-74.4173,-8.7732,0.000,NORMAL,1,ROUTE,,,,,T2_REVERSE_TO_FORWARD
465.4722,-74.5135,-8.7459,0.000,NORMAL,1,ROUTE,,,,,T2_REVERSE_TO_FORWARD
465.5722,-74.6098,-8.7189,0.000,NORMAL,1,ROUTE,,,,,T2_REVERSE_TO_FORWARD
465.6722,-74.7062,-8.6923,0.000,NORMAL,1,ROUTE,,,,,T2_REVERSE_TO_FORWARD
465.7721,-74.8026,-8.6660,0.000,NORMAL,1,ROUTE,,,,,T2_REVERSE_TO_FORWARD
465.8721,-74.8991,-8.6398,0.000,NORMAL,1,ROUTE,,,,,T2_REVERSE_TO_FORWARD
465.9722,-74.9957,-8.6138,0.000,NORMAL,1,ROUTE,,,,,T2_REVERSE_TO_FORWARD
466.0721,-75.0923,-8.5880,0.000,NORMAL,1,ROUTE,,,,,T2_REVERSE_TO_FORWARD
466.1721,-75.1889,-8.5623,0.000,NORMAL,1,ROUTE,,,,,T2_REVERSE_TO_FORWARD
466.2721,-75.2856,-8.5368,0.000,NORMAL,1,ROUTE,,,,,T2_REVERSE_TO_FORWARD
466.3722,-75.3824,-8.5115,0.000,NORMAL,1,ROUTE,,,,,T2_REVERSE_TO_FORWARD
466.4721,-75.4792,-8.4865,0.000,NORMAL,1,ROUTE,,,,,T2_REVERSE_TO_FORWARD
466.5722,-75.5761,-8.4617,0.000,NORMAL,1,ROUTE,,,,,T2_REVERSE_TO_FORWARD
466.6721,-75.6730,-8.4374,0.000,NORMAL,1,ROUTE,,,,,T2_REVERSE_TO_FORWARD
466.7721,-75.7701,-8.4135,0.000,NORMAL,1,ROUTE,,,,,T2_REVERSE_TO_FORWARD
466.8720,-75.8673,-8.3901,0.000,NORMAL,1,ROUTE,,,,,T2_REVERSE_TO_FORWARD
466.9721,-75.9647,-8.3673,0.000,NORMAL,1,ROUTE,,,,,T2_REVERSE_TO_FORWARD
467.0721,-76.0622,-8.3451,0.000,NORMAL,1,ROUTE,,,,,T2_REVERSE_TO_FORWARD
467.1721,-76.1599,-8.3237,0.000,NORMAL,1,ROUTE,,,,,T2_REVERSE_TO_FORWARD
467.2721,-76.2578,-8.3032,0.000,NORMAL,1,ROUTE,,,,,T2_REVERSE_TO_FORWARD
467.3721,-76.3558,-8.2835,0.000,NORMAL,1,ROUTE,,,,,T2_REVERSE_TO_FORWARD
467.4720,-76.4540,-8.2647,0.000,NORMAL,1,ROUTE,,,,,T2_REVERSE_TO_FORWARD
467.5721,-76.5524,-8.2468,0.000,NORMAL,1,ROUTE,,,,,T2_REVERSE_TO_FORWARD
467.6720,-76.6509,-8.2297,0.000,NORMAL,1,ROUTE,,,,,T2_REVERSE_TO_FORWARD
467.7721,-76.7496,-8.2135,0.000,NORMAL,1,ROUTE,,,,,T2_REVERSE_TO_FORWARD
467.8721,-76.8484,-8.1980,0.000,NORMAL,1,ROUTE,,,,,T2_REVERSE_TO_FORWARD
467.9720,-76.9473,-8.1833,0.000,NORMAL,1,ROUTE,,,,,T2_REVERSE_TO_FORWARD
468.0720,-77.0463,-8.1694,0.000,NORMAL,1,ROUTE,,,,,T2_REVERSE_TO_FORWARD
468.1720,-77.1454,-8.1561,0.000,NORMAL,1,ROUTE,,,,,T2_REVERSE_TO_FORWARD
468.2720,-77.2446,-8.1436,0.000,NORMAL,1,ROUTE,,,,,T2_REVERSE_TO_FORWARD
468.3720,-77.3439,-8.1319,0.000,NORMAL,1,ROUTE,,,,,T2_REVERSE_TO_FORWARD
468.4720,-77.4433,-8.1209,0.000,NORMAL,1,ROUTE,,,,,T2_REVERSE_TO_FORWARD
468.5720,-77.5428,-8.1107,0.000,NORMAL,1,ROUTE,,,,,T2_REVERSE_TO_FORWARD
468.6719,-77.6423,-8.1013,0.000,NORMAL,1,ROUTE,,,,,T2_REVERSE_TO_FORWARD
468.7720,-77.7420,-8.0928,0.000,NORMAL,1,ROUTE,,,,,T2_REVERSE_TO_FORWARD
468.8720,-77.8417,-8.0851,0.000,NORMAL,1,ROUTE,,,,,T2_REVERSE_TO_FORWARD
468.9719,-77.9414,-8.0784,0.000,NORMAL,1,ROUTE,,,,,T2_REVERSE_TO_FORWARD
469.0720,-78.0413,-8.0726,0.000,NORMAL,1,ROUTE,,,,,T2_REVERSE_TO_FORWARD
469.1719,-78.1411,-8.0679,0.000,NORMAL,1,ROUTE,,,,,T2_REVERSE_TO_FORWARD
469.2720,-78.2411,-8.0643,0.000,NORMAL,1,ROUTE,,,,,T2_REVERSE_TO_FORWARD
469.3719,-78.3410,-8.0619,0.000,NORMAL,1,ROUTE,,,,,T2_REVERSE_TO_FORWARD
469.4719,-78.4410,-8.0608,0.000,NORMAL,1,ROUTE,,,,,T2_REVERSE_TO_FORWARD
469.5719,-78.5410,-8.0611,0.000,NORMAL,1,ROUTE,,,,,T2_REVERSE_TO_FORWARD
469.6719,-78.6410,-8.0629,0.000,NORMAL,1,ROUTE,,,,,T2_REVERSE_TO_FORWARD
469.7719,-78.7409,-8.0662,0.000,NORMAL,1,ROUTE,,,,,T2_REVERSE_TO_FORWARD
469.8719,-78.8408,-8.0709,0.000,NORMAL,1,ROUTE,,,,,T2_REVERSE_TO_FORWARD
469.9719,-78.9406,-8.0770,0.000,NORMAL,1,ROUTE,,,,,T2_REVERSE_TO_FORWARD
470.0719,-79.0403,-8.0845,0.000,NORMAL,1,ROUTE,,,,,T2_REVERSE_TO_FORWARD
470.1718,-79.1399,-8.0933,0.000,NORMAL,1,ROUTE,,,,,T2_REVERSE_TO_FORWARD
470.2719,-79.2394,-8.1034,0.000,NORMAL,1,ROUTE,,,,,T2_REVERSE_TO_FORWARD
470.3719,-79.3388,-8.1149,0.000,NORMAL,1,ROUTE,,,,,T2_REVERSE_TO_FORWARD
470.4718,-79.4379,-8.1277,0.000,NORMAL,1,ROUTE,,,,,T2_REVERSE_TO_FORWARD
470.5719,-79.5369,-8.1420,0.000,NORMAL,1,ROUTE,,,,,T2_REVERSE_TO_FORWARD
470.6718,-79.6356,-8.1579,0.000,NORMAL,1,ROUTE,,,,,T2_REVERSE_TO_FORWARD
470.7718,-79.7340,-8.1757,0.000,NORMAL,1,ROUTE,,,,,T2_REVERSE_TO_FORWARD
470.8718,-79.8320,-8.1954,0.000,NORMAL,1,ROUTE,,,,,T2_REVERSE_TO_FORWARD
470.9718,-79.9296,-8.2173,0.000,NORMAL,1,ROUTE,,,,,T2_REVERSE_TO_FORWARD
471.0718,-80.0265,-8.2418,0.000,NORMAL,1,ROUTE,,,,,T2_REVERSE_TO_FORWARD
471.1718,-80.1228,-8.2689,0.000,NORMAL,1,ROUTE,,,,,T2_REVERSE_TO_FORWARD
471.2718,-80.2182,-8.2989,0.000,NORMAL,1,ROUTE,,,,,T2_REVERSE_TO_FORWARD
471.3717,-80.3125,-8.3319,0.000,NORMAL,1,ROUTE,,,,,T2_REVERSE_TO_FORWARD
471.4718,-80.4058,-8.3680,0.000,NORMAL,1,ROUTE,,,,,T2_REVERSE_TO_FORWARD
471.5718,-80.4980,-8.4068,0.000,NORMAL,1,ROUTE,,,,,T2_REVERSE_TO_FORWARD
471.6718,-80.5890,-8.4482,0.000,NORMAL,1,ROUTE,,,,,T2_REVERSE_TO_FORWARD
471.7718,-80.6789,-8.4920,0.000,NORMAL,1,ROUTE,,,,,T2_REVERSE_TO_FORWARD
471.8717,-80.7677,-8.5379,0.000,NORMAL,1,ROUTE,,,,,T2_REVERSE_TO_FORWARD
471.9717,-80.8556,-8.5855,0.000,NORMAL,1,ROUTE,,,,,T2_REVERSE_TO_FORWARD
472.0718,-80.9427,-8.6348,0.000,NORMAL,1,ROUTE,,,,,T2_REVERSE_TO_FORWARD
472.1717,-81.0289,-8.6854,0.000,NORMAL,1,ROUTE,,,,,T2_REVERSE_TO_FORWARD
472.2718,-81.1145,-8.7372,0.000,NORMAL,1,ROUTE,,,,,T2_REVERSE_TO_FORWARD
472.3718,-81.1994,-8.7900,0.000,NORMAL,1,ROUTE,,,,,T2_REVERSE_TO_FORWARD
472.4717,-81.2837,-8.8436,0.000,NORMAL,1,ROUTE,,,,,T2_REVERSE_TO_FORWARD
472.5717,-81.3676,-8.8981,0.000,NORMAL,1,ROUTE,,,,,T2_REVERSE_TO_FORWARD
472.6718,-81.4511,-8.9532,0.000,NORMAL,1,ROUTE,,,,,T2_REVERSE_TO_FORWARD
472.7717,-81.5342,-9.0088,0.000,NORMAL,1,ROUTE,,,,,T2_REVERSE_TO_FORWARD
472.8717,-81.6170,-9.0648,0.000,NORMAL,1,ROUTE,,,,,T2_REVERSE_TO_FORWARD
472.9717,-81.6996,-9.1212,0.000,NORMAL,1,ROUTE,,,,,T2_REVERSE_TO_FORWARD
473.0717,-81.7819,-9.1779,0.000,NORMAL,1,ROUTE,,,,,T2_REVERSE_TO_FORWARD
473.1716,-81.8641,-9.2348,0.000,NORMAL,1,ROUTE,,,,,T2_REVERSE_TO_FORWARD
473.2717,-81.9462,-9.2920,0.000,NORMAL,1,ROUTE,,,,,T2_REVERSE_TO_FORWARD
473.3717,-82.0281,-9.3493,0.000,NORMAL,1,ROUTE,,,,,T2_REVERSE_TO_FORWARD
473.4717,-82.1099,-9.4069,0.000,NORMAL,1,ROUTE,,,,,T2_REVERSE_TO_FORWARD
473.5716,-82.1915,-9.4646,0.000,NORMAL,1,ROUTE,,,,,T2_REVERSE_TO_FORWARD
473.6716,-82.2730,-9.5225,0.000,NORMAL,1,ROUTE,,,,,T2_REVERSE_TO_FORWARD
473.7717,-82.3544,-9.5807,0.000,NORMAL,1,ROUTE,,,,,T2_REVERSE_TO_FORWARD
473.8716,-82.4356,-9.6390,0.000,NORMAL,1,ROUTE,,,,,T2_REVERSE_TO_FORWARD
473.9716,-82.5167,-9.6975,0.000,NORMAL,1,ROUTE,,,,,T2_REVERSE_TO_FORWARD
474.0716,-82.5976,-9.7563,0.000,NORMAL,1,ROUTE,,,,,T2_REVERSE_TO_FORWARD
474.1716,-82.6782,-9.8154,0.000,NORMAL,1,ROUTE,,,,,T2_REVERSE_TO_FORWARD
474.2716,-82.7587,-9.8748,0.000,NORMAL,1,ROUTE,,,,,T2_REVERSE_TO_FORWARD
474.3717,-82.8389,-9.9346,0.000,NORMAL,1,ROUTE,,,,,T2_REVERSE_TO_FORWARD
474.4717,-82.9188,-9.9947,0.000,NORMAL,1,ROUTE,,,,,T2_REVERSE_TO_FORWARD
474.5716,-82.9984,-10.0552,0.000,NORMAL,1,ROUTE,,,,,T2_REVERSE_TO_FORWARD
474.6716,-83.0777,-10.1161,0.000,NORMAL,1,ROUTE,,,,,T2_REVERSE_TO_FORWARD
474.7715,-83.1566,-10.1774,0.000,NORMAL,1,ROUTE,,,,,T2_REVERSE_TO_FORWARD
474.8716,-83.2353,-10.2392,0.000,NORMAL,1,ROUTE,,,,,T2_REVERSE_TO_FORWARD
474.9715,-83.3136,-10.3013,0.000,NORMAL,1,ROUTE,,,,,T2_REVERSE_TO_FORWARD
475.0716,-83.3917,-10.3639,0.000,NORMAL,1,ROUTE,,,,,T2_REVERSE_TO_FORWARD
475.1716,-83.4694,-10.4268,0.000,NORMAL,1,ROUTE,,,,,T2_REVERSE_TO_FORWARD
475.2715,-83.5467,-10.4901,0.000,NORMAL,1,ROUTE,,,,,T2_REVERSE_TO_FORWARD
475.3716,-83.6238,-10.5539,0.000,NORMAL,1,ROUTE,,,,,T2_REVERSE_TO_FORWARD
475.4716,-83.7005,-10.6181,0.000,NORMAL,1,ROUTE,,,,,T2_REVERSE_TO_FORWARD
475.5716,-83.7768,-10.6827,0.000,NORMAL,1,ROUTE,,,,,T2_REVERSE_TO_FORWARD
475.6715,-83.8528,-10.7476,0.000,NORMAL,1,ROUTE,,,,,T2_REVERSE_TO_FORWARD
475.7715,-83.9284,-10.8130,0.000,NORMAL,1,ROUTE,,,,,T2_REVERSE_TO_FORWARD
475.8716,-84.0038,-10.8788,0.000,NORMAL,1,ROUTE,,,,,T2_REVERSE_TO_FORWARD
475.9715,-84.0787,-10.9450,0.000,NORMAL,1,ROUTE,,,,,T2_REVERSE_TO_FORWARD
476.0715,-84.1534,-11.0115,0.000,NORMAL,1,ROUTE,,,,,T2_REVERSE_TO_FORWARD
476.1715,-84.2277,-11.0784,0.000,NORMAL,1,ROUTE,,,,,T2_REVERSE_TO_FORWARD
476.2715,-84.3017,-11.1456,0.000,NORMAL,1,ROUTE,,,,,T2_REVERSE_TO_FORWARD
476.3715,-84.3753,-11.2133,0.000,NORMAL,1,ROUTE,,,,,T2_REVERSE_TO_FORWARD
476.4715,-84.4485,-11.2814,0.000,NORMAL,1,ROUTE,,,,,T2_REVERSE_TO_FORWARD
476.5716,-84.5214,-11.3500,0.000,NORMAL,1,ROUTE,,,,,T2_REVERSE_TO_FORWARD
476.6714,-84.5937,-11.4189,0.000,NORMAL,1,ROUTE,,,,,T2_REVERSE_TO_FORWARD
476.7715,-84.6657,-11.4884,0.000,NORMAL,1,ROUTE,,,,,T2_REVERSE_TO_FORWARD
476.8715,-84.7371,-11.5584,0.000,NORMAL,1,ROUTE,,,,,T2_REVERSE_TO_FORWARD
476.9715,-84.8081,-11.6288,0.000,NORMAL,1,ROUTE,,,,,T2_REVERSE_TO_FORWARD
477.0715,-84.8786,-11.6997,0.000,NORMAL,1,ROUTE,,,,,T2_REVERSE_TO_FORWARD
477.1715,-84.9485,-11.7712,0.000,NORMAL,1,ROUTE,,,,,T2_REVERSE_TO_FORWARD
477.2715,-85.0179,-11.8432,0.000,NORMAL,1,ROUTE,,,,,T2_REVERSE_TO_FORWARD
477.3715,-85.0867,-11.9158,0.000,NORMAL,1,ROUTE,,,,,T2_REVERSE_TO_FORWARD
477.4715,-85.1547,-11.9891,0.000,NORMAL,1,ROUTE,,,,,T2_REVERSE_TO_FORWARD
477.5714,-85.2220,-12.0630,0.000,NORMAL,1,ROUTE,,,,,T2_REVERSE_TO_FORWARD
477.6714,-85.2886,-12.1376,0.000,NORMAL,1,ROUTE,,,,,T2_REVERSE_TO_FORWARD
477.7714,-85.3542,-12.2130,0.000,NORMAL,1,ROUTE,,,,,T2_REVERSE_TO_FORWARD
477.8714,-85.4190,-12.2892,0.000,NORMAL,1,ROUTE,,,,,T2_REVERSE_TO_FORWARD
477.9714,-85.4829,-12.3661,0.000,NORMAL,1,ROUTE,,,,,T2_REVERSE_TO_FORWARD
478.0714,-85.5458,-12.4439,0.000,NORMAL,1,ROUTE,,,,,T2_REVERSE_TO_FORWARD
478.1714,-85.6076,-12.5225,0.000,NORMAL,1,ROUTE,,,,,T2_REVERSE_TO_FORWARD
478.2714,-85.6684,-12.6019,0.000,NORMAL,1,ROUTE,,,,,T2_REVERSE_TO_FORWARD
478.3713,-85.7279,-12.6822,0.000,NORMAL,1,ROUTE,,,,,T2_REVERSE_TO_FORWARD
478.4714,-85.7862,-12.7635,0.000,NORMAL,1,ROUTE,,,,,T2_REVERSE_TO_FORWARD
478.5713,-85.8432,-12.8456,0.000,NORMAL,1,ROUTE,,,,,T2_REVERSE_TO_FORWARD
478.6714,-85.8989,-12.9287,0.000,NORMAL,1,ROUTE,,,,,T2_REVERSE_TO_FORWARD
478.7714,-85.9532,-13.0127,0.000,NORMAL,1,ROUTE,,,,,T2_REVERSE_TO_FORWARD
478.8714,-86.0063,-13.0974,0.000,NORMAL,1,ROUTE,,,,,T2_REVERSE_TO_FORWARD
478.9714,-86.0583,-13.1828,0.000,NORMAL,1,ROUTE,,,,,T2_REVERSE_TO_FORWARD
479.0713,-86.1093,-13.2688,0.000,NORMAL,1,ROUTE,,,,,T2_REVERSE_TO_FORWARD
479.1713,-86.1594,-13.3553,0.000,NORMAL,1,ROUTE,,,,,T2_REVERSE_TO_FORWARD
479.2713,-86.2089,-13.4422,0.000,NORMAL,1,ROUTE,,,,,T2_REVERSE_TO_FORWARD
479.3713,-86.2579,-13.5294,0.000,NORMAL,1,ROUTE,,,,,T2_REVERSE_TO_FORWARD
479.4713,-86.3064,-13.6168,0.000,NORMAL,1,ROUTE,,,,,T2_REVERSE_TO_FORWARD
479.5713,-86.3547,-13.7044,0.000,NORMAL,1,ROUTE,,,,,T2_REVERSE_TO_FORWARD
479.6713,-86.4027,-13.7921,0.000,NORMAL,1,ROUTE,,,,,T2_REVERSE_TO_FORWARD
479.7714,-86.4507,-13.8799,0.000,NORMAL,1,ROUTE,,,,,T2_REVERSE_TO_FORWARD
479.8713,-86.4985,-13.9677,0.000,NORMAL,1,ROUTE,,,,,T2_REVERSE_TO_FORWARD
479.9713,-86.5462,-14.0556,0.000,NORMAL,1,ROUTE,,,,,T2_REVERSE_TO_FORWARD
480.0713,-86.5938,-14.1435,0.000,NORMAL,1,ROUTE,,,,,T2_REVERSE_TO_FORWARD
480.1713,-86.6412,-14.2315,0.000,NORMAL,1,ROUTE,,,,,T2_REVERSE_TO_FORWARD
480.2712,-86.6885,-14.3196,0.000,NORMAL,1,ROUTE,,,,,T2_REVERSE_TO_FORWARD
480.3713,-86.7355,-14.4079,0.000,NORMAL,1,ROUTE,,,,,T2_REVERSE_TO_FORWARD
480.4713,-86.7822,-14.4963,0.000,NORMAL,1,ROUTE,,,,,T2_REVERSE_TO_FORWARD
480.5713,-86.8286,-14.5849,0.000,NORMAL,1,ROUTE,,,,,T2_REVERSE_TO_FORWARD
480.6713,-86.8746,-14.6737,0.000,NORMAL,1,ROUTE,,,,,T2_REVERSE_TO_FORWARD
480.7712,-86.9203,-14.7626,0.000,NORMAL,1,ROUTE,,,,,T2_REVERSE_TO_FORWARD
480.8713,-86.9656,-14.8518,0.000,NORMAL,1,ROUTE,,,,,T2_REVERSE_TO_FORWARD
480.9713,-87.0106,-14.9411,0.000,NORMAL,1,ROUTE,,,,,T2_REVERSE_TO_FORWARD
481.0712,-87.0552,-15.0305,0.000,NORMAL,1,ROUTE,,,,,T2_REVERSE_TO_FORWARD
481.1712,-87.0996,-15.1201,0.000,NORMAL,1,ROUTE,,,,,T2_REVERSE_TO_FORWARD
481.2712,-87.1437,-15.2099,0.000,NORMAL,1,ROUTE,,,,,T2_REVERSE_TO_FORWARD
481.3712,-87.1876,-15.2997,0.000,NORMAL,1,ROUTE,,,,,T2_REVERSE_TO_FORWARD
481.4712,-87.2313,-15.3897,0.000,NORMAL,1,ROUTE,,,,,T2_REVERSE_TO_FORWARD
481.5712,-87.2748,-15.4797,0.000,NORMAL,1,ROUTE,,,,,T2_REVERSE_TO_FORWARD
481.6712,-87.3182,-15.5698,0.000,NORMAL,1,ROUTE,,,,,T2_REVERSE_TO_FORWARD
481.7712,-87.3615,-15.6599,0.000,NORMAL,1,ROUTE,,,,,T2_REVERSE_TO_FORWARD
481.8712,-87.4047,-15.7501,0.000,NORMAL,1,ROUTE,,,,,T2_REVERSE_TO_FORWARD
481.9712,-87.4479,-15.8403,0.000,NORMAL,1,ROUTE,,,,,T2_REVERSE_TO_FORWARD
482.0712,-87.4911,-15.9305,0.000,NORMAL,1,ROUTE,,,,,T2_REVERSE_TO_FORWARD
482.1712,-87.5344,-16.0206,0.000,NORMAL,1,ROUTE,,,,,T2_REVERSE_TO_FORWARD
482.2712,-87.5776,-16.1108,0.000,NORMAL,1,ROUTE,,,,,T2_REVERSE_TO_FORWARD
482.3711,-87.6209,-16.2009,0.000,NORMAL,1,ROUTE,,,,,T2_REVERSE_TO_FORWARD
482.4711,-87.6643,-16.2910,0.000,NORMAL,1,ROUTE,,,,,T2_REVERSE_TO_FORWARD
482.5711,-87.7076,-16.3811,0.000,NORMAL,1,ROUTE,,,,,T2_REVERSE_TO_FORWARD
482.6712,-87.7509,-16.4713,0.000,NORMAL,1,ROUTE,,,,,T2_REVERSE_TO_FORWARD
482.7711,-87.7942,-16.5614,0.000,NORMAL,1,ROUTE,,,,,T2_REVERSE_TO_FORWARD
482.8711,-87.8374,-16.6516,0.000,NORMAL,1,ROUTE,,,,,T2_REVERSE_TO_FORWARD
482.9712,-87.8804,-16.7419,0.000,NORMAL,1,ROUTE,,,,,T2_REVERSE_TO_FORWARD
483.0711,-87.9232,-16.8322,0.000,NORMAL,1,ROUTE,,,,,T2_REVERSE_TO_FORWARD
483.1711,-87.9658,-16.9227,0.000,NORMAL,1,ROUTE,,,,,T2_REVERSE_TO_FORWARD
483.2711,-88.0082,-17.0133,0.000,NORMAL,1,ROUTE,,,,,T2_REVERSE_TO_FORWARD
483.3711,-88.0502,-17.1040,0.000,NORMAL,1,ROUTE,,,,,T2_REVERSE_TO_FORWARD
483.4711,-88.0920,-17.1949,0.000,NORMAL,1,ROUTE,,,,,T2_REVERSE_TO_FORWARD
483.5711,-88.1335,-17.2858,0.000,NORMAL,1,ROUTE,,,,,T2_REVERSE_TO_FORWARD
483.6711,-88.1747,-17.3770,0.000,NORMAL,1,ROUTE,,,,,T2_REVERSE_TO_FORWARD
483.7711,-88.2156,-17.4682,0.000,NORMAL,1,ROUTE,,,,,T2_REVERSE_TO_FORWARD
483.8711,-88.2564,-17.5595,0.000,NORMAL,1,ROUTE,,,,,T2_REVERSE_TO_FORWARD
483.9711,-88.2970,-17.6509,0.000,NORMAL,1,ROUTE,,,,,T2_REVERSE_TO_FORWARD
484.0710,-88.3374,-17.7423,0.000,NORMAL,1,ROUTE,,,,,T2_REVERSE_TO_FORWARD
484.1710,-88.3777,-17.8338,0.000,NORMAL,1,ROUTE,,,,,T2_REVERSE_TO_FORWARD
484.2711,-88.4179,-17.9254,0.000,NORMAL,1,ROUTE,,,,,T2_REVERSE_TO_FORWARD
484.3711,-88.4581,-18.0170,0.000,NORMAL,1,ROUTE,,,,,T2_REVERSE_TO_FORWARD
484.4710,-88.4981,-18.1086,0.000,NORMAL,1,ROUTE,,,,,T2_REVERSE_TO_FORWARD
484.5711,-88.5381,-18.2003,0.000,NORMAL,1,ROUTE,,,,,T2_REVERSE_TO_FORWARD
484.6710,-88.5780,-18.2919,0.000,NORMAL,1,ROUTE,,,,,T2_REVERSE_TO_FORWARD
484.7710,-88.6179,-18.3836,0.000,NORMAL,1,ROUTE,,,,,T2_REVERSE_TO_FORWARD
484.8710,-88.6577,-18.4753,0.000,NORMAL,1,ROUTE,,,,,T2_REVERSE_TO_FORWARD
484.9710,-88.6975,-18.5671,0.000,NORMAL,1,ROUTE,,,,,T2_REVERSE_TO_FORWARD
485.0710,-88.7372,-18.6589,0.000,NORMAL,1,ROUTE,,,,,T2_REVERSE_TO_FORWARD
485.1711,-88.7769,-18.7507,0.000,NORMAL,1,ROUTE,,,,,T2_REVERSE_TO_FORWARD
485.2710,-88.8164,-18.8425,0.000,NORMAL,1,ROUTE,,,,,T2_REVERSE_TO_FORWARD
485.3710,-88.8560,-18.9343,0.000,NORMAL,1,ROUTE,,,,,T2_REVERSE_TO_FORWARD
485.4710,-88.8955,-19.0262,0.000,NORMAL,1,ROUTE,,,,,T2_REVERSE_TO_FORWARD
485.5710,-88.9350,-19.1181,0.000,NORMAL,1,ROUTE,,,,,T2_REVERSE_TO_FORWARD
485.6709,-88.9744,-19.2099,0.000,NORMAL,1,ROUTE,,,,,T2_REVERSE_TO_FORWARD
485.7710,-89.0139,-19.3018,0.000,NORMAL,1,ROUTE,,,,,T2_REVERSE_TO_FORWARD
485.8710,-89.0535,-19.3937,0.000,NORMAL,1,ROUTE,,,,,T2_REVERSE_TO_FORWARD
485.9710,-89.0931,-19.4855,0.000,NORMAL,1,ROUTE,,,,,T2_REVERSE_TO_FORWARD
486.0710,-89.1327,-19.5773,0.000,NORMAL,1,ROUTE,,,,,T2_REVERSE_TO_FORWARD
486.1709,-89.1725,-19.6690,0.000,NORMAL,1,ROUTE,,,,,T2_REVERSE_TO_FORWARD
486.2710,-89.2125,-19.7607,0.000,NORMAL,1,ROUTE,,,,,T2_REVERSE_TO_FORWARD
486.3709,-89.2525,-19.8523,0.000,NORMAL,1,ROUTE,,,,,T2_REVERSE_TO_FORWARD
486.4709,-89.2927,-19.9438,0.000,NORMAL,1,ROUTE,,,,,T2_REVERSE_TO_FORWARD
486.5709,-89.3331,-20.0353,0.000,NORMAL,1,ROUTE,,,,,T2_REVERSE_TO_FORWARD
486.6710,-89.3736,-20.1268,0.000,NORMAL,1,ROUTE,,,,,T2_REVERSE_TO_FORWARD
486.7710,-89.4142,-20.2182,0.000,NORMAL,1,ROUTE,,,,,T2_REVERSE_TO_FORWARD
486.8709,-89.4549,-20.3095,0.000,NORMAL,1,ROUTE,,,,,T2_REVERSE_TO_FORWARD
486.9709,-89.4957,-20.4008,0.000,NORMAL,1,ROUTE,,,,,T2_REVERSE_TO_FORWARD
487.0709,-89.5366,-20.4920,0.000,NORMAL,1,ROUTE,,,,,T2_REVERSE_TO_FORWARD
487.1709,-89.5776,-20.5832,0.000,NORMAL,1,ROUTE,,,,,T2_REVERSE_TO_FORWARD
487.2709,-89.6187,-20.6744,0.000,NORMAL,1,ROUTE,,,,,T2_REVERSE_TO_FORWARD
487.3709,-89.6598,-20.7655,0.000,NORMAL,1,ROUTE,,,,,T2_REVERSE_TO_FORWARD
487.4709,-89.7009,-20.8567,0.000,NORMAL,1,ROUTE,,,,,T2_REVERSE_TO_FORWARD
487.5709,-89.7421,-20.9478,0.000,NORMAL,1,ROUTE,,,,,T2_REVERSE_TO_FORWARD
487.6709,-89.7832,-21.0390,0.000,NORMAL,1,ROUTE,,,,,T2_REVERSE_TO_FORWARD
487.7709,-89.8243,-21.1301,0.000,NORMAL,1,ROUTE,,,,,T2_REVERSE_TO_FORWARD
487.8709,-89.8654,-21.2213,0.000,NORMAL,1,ROUTE,,,,,T2_REVERSE_TO_FORWARD
487.9709,-89.9064,-21.3125,0.000,NORMAL,1,ROUTE,,,,,T2_REVERSE_TO_FORWARD
488.0708,-89.9473,-21.4037,0.000,NORMAL,1,ROUTE,,,,,T2_REVERSE_TO_FORWARD
488.1708,-89.9881,-21.4950,0.000,NORMAL,1,ROUTE,,,,,T2_REVERSE_TO_FORWARD
488.2708,-90.0287,-21.5864,0.000,NORMAL,1,ROUTE,,,,,T2_REVERSE_TO_FORWARD
488.3708,-90.0692,-21.6778,0.000,NORMAL,1,ROUTE,,,,,T2_REVERSE_TO_FORWARD
488.4708,-90.1094,-21.7694,0.000,NORMAL,1,ROUTE,,,,,T2_REVERSE_TO_FORWARD
488.5708,-90.1495,-21.8610,0.000,NORMAL,1,ROUTE,,,,,T2_REVERSE_TO_FORWARD
488.6708,-90.1894,-21.9527,0.000,NORMAL,1,ROUTE,,,,,T2_REVERSE_TO_FORWARD
488.7709,-90.2291,-22.0445,0.000,NORMAL,1,ROUTE,,,,,T2_REVERSE_TO_FORWARD
488.8708,-90.2686,-22.1363,0.000,NORMAL,1,ROUTE,,,,,T2_REVERSE_TO_FORWARD
488.9708,-90.3078,-22.2283,0.000,NORMAL,1,ROUTE,,,,,T2_REVERSE_TO_FORWARD
489.0708,-90.3469,-22.3203,0.000,NORMAL,1,ROUTE,,,,,T2_REVERSE_TO_FORWARD
489.1707,-90.3858,-22.4124,0.000,NORMAL,1,ROUTE,,,,,T2_REVERSE_TO_FORWARD
489.2707,-90.4245,-22.5046,0.000,NORMAL,1,ROUTE,,,,,T2_REVERSE_TO_FORWARD
489.3708,-90.4631,-22.5969,0.000,NORMAL,1,ROUTE,,,,,T2_REVERSE_TO_FORWARD
489.4708,-90.5015,-22.6892,0.000,NORMAL,1,ROUTE,,,,,T2_REVERSE_TO_FORWARD
489.5708,-90.5398,-22.7816,0.000,NORMAL,1,ROUTE,,,,,T2_REVERSE_TO_FORWARD
489.6708,-90.5780,-22.8740,0.000,NORMAL,1,ROUTE,,,,,T2_REVERSE_TO_FORWARD
489.7708,-90.6161,-22.9665,0.000,NORMAL,1,ROUTE,,,,,T2_REVERSE_TO_FORWARD
489.8707,-90.6542,-23.0589,0.000,NORMAL,1,ROUTE,,,,,T2_REVERSE_TO_FORWARD
489.9708,-90.6923,-23.1514,0.000,NORMAL,1,ROUTE,,,,,T2_REVERSE_TO_FORWARD
490.0708,-90.7305,-23.2438,0.000,NORMAL,1,ROUTE,,,,,T2_REVERSE_TO_FORWARD
490.1707,-90.7689,-23.3361,0.000,NORMAL,1,ROUTE,,,,,T2_REVERSE_TO_FORWARD
490.2707,-90.8074,-23.4284,0.000,NORMAL,1,ROUTE,,,,,T2_REVERSE_TO_FORWARD
490.3707,-90.8461,-23.5206,0.000,NORMAL,1,ROUTE,,,,,T2_REVERSE_TO_FORWARD
490.4707,-90.8851,-23.6126,0.000,NORMAL,1,ROUTE,,,,,T2_REVERSE_TO_FORWARD
490.5707,-90.9244,-23.7046,0.000,NORMAL,1,ROUTE,,,,,T2_REVERSE_TO_FORWARD
490.6707,-90.9640,-23.7964,0.000,NORMAL,1,ROUTE,,,,,T2_REVERSE_TO_FORWARD
490.7707,-91.0039,-23.8881,0.000,NORMAL,1,ROUTE,,,,,T2_REVERSE_TO_FORWARD
490.8707,-91.0440,-23.9797,0.000,NORMAL,1,ROUTE,,,,,T2_REVERSE_TO_FORWARD
490.9707,-91.0842,-24.0713,0.000,NORMAL,1,ROUTE,,,,,T2_REVERSE_TO_FORWARD
491.0707,-91.1246,-24.1628,0.000,NORMAL,1,ROUTE,,,,,T2_REVERSE_TO_FORWARD
491.1707,-91.1649,-24.2543,0.000,NORMAL,1,ROUTE,,,,,T2_REVERSE_TO_FORWARD
491.2707,-91.2051,-24.3458,0.000,NORMAL,1,ROUTE,,,,,T2_REVERSE_TO_FORWARD
491.3707,-91.2450,-24.4375,0.000,NORMAL,1,ROUTE,,,,,T2_REVERSE_TO_FORWARD
491.4706,-91.2846,-24.5293,0.000,NORMAL,1,ROUTE,,,,,T2_REVERSE_TO_FORWARD
491.5706,-91.3238,-24.6213,0.000,NORMAL,1,ROUTE,,,,,T2_REVERSE_TO_FORWARD
491.6706,-91.3625,-24.7135,0.000,NORMAL,1,ROUTE,,,,,T2_REVERSE_TO_FORWARD
491.7706,-91.4005,-24.8060,0.000,NORMAL,1,ROUTE,,,,,T2_REVERSE_TO_FORWARD
491.8706,-91.4379,-24.8987,0.000,NORMAL,1,ROUTE,,,,,T2_REVERSE_TO_FORWARD
491.9707,-91.4746,-24.9918,0.000,NORMAL,1,ROUTE,,,,,T2_REVERSE_TO_FORWARD
492.0706,-91.5107,-25.0850,0.000,NORMAL,1,ROUTE,,,,,T2_REVERSE_TO_FORWARD
492.1706,-91.5462,-25.1785,0.000,NORMAL,1,ROUTE,,,,,T2_REVERSE_TO_FORWARD
492.2706,-91.5811,-25.2722,0.000,NORMAL,1,ROUTE,,,,,T2_REVERSE_TO_FORWARD
492.3706,-91.6155,-25.3661,0.000,NORMAL,1,ROUTE,,,,,T2_REVERSE_TO_FORWARD
492.4706,-91.6495,-25.4601,0.000,NORMAL,1,ROUTE,,,,,T2_REVERSE_TO_FORWARD
492.5706,-91.6832,-25.5543,0.000,NORMAL,1,ROUTE,,,,,T2_REVERSE_TO_FORWARD
492.6706,-91.7166,-25.6485,0.000,NORMAL,1,ROUTE,,,,,T2_REVERSE_TO_FORWARD
492.7706,-91.7498,-25.7429,0.000,NORMAL,1,ROUTE,,,,,T2_REVERSE_TO_FORWARD
492.8706,-91.7828,-25.8372,0.000,NORMAL,1,ROUTE,,,,,T2_REVERSE_TO_FORWARD
492.9706,-91.8157,-25.9317,0.000,NORMAL,1,ROUTE,,,,,T2_REVERSE_TO_FORWARD
493.0706,-91.8486,-26.0261,0.000,NORMAL,1,ROUTE,,,,,T2_REVERSE_TO_FORWARD
493.1706,-91.8815,-26.1205,0.000,NORMAL,1,ROUTE,,,,,T2_REVERSE_TO_FORWARD
493.2706,-91.9144,-26.2150,0.000,NORMAL,1,ROUTE,,,,,T2_REVERSE_TO_FORWARD
493.3706,-91.9474,-26.3094,0.000,NORMAL,1,ROUTE,,,,,T2_REVERSE_TO_FORWARD
493.4705,-91.9804,-26.4037,0.000,NORMAL,1,ROUTE,,,,,T2_REVERSE_TO_FORWARD
493.5705,-92.0137,-26.4980,0.000,NORMAL,1,ROUTE,,,,,T2_REVERSE_TO_FORWARD
493.6705,-92.0470,-26.5923,0.000,NORMAL,1,ROUTE,,,,,T2_REVERSE_TO_FORWARD
493.7706,-92.0806,-26.6865,0.000,NORMAL,1,ROUTE,,,,,T2_REVERSE_TO_FORWARD
493.8705,-92.1144,-26.7806,0.000,NORMAL,1,ROUTE,,,,,T2_REVERSE_TO_FORWARD
493.9705,-92.1484,-26.8746,0.000,NORMAL,1,ROUTE,,,,,T2_REVERSE_TO_FORWARD
494.0705,-92.1826,-26.9686,0.000,NORMAL,1,ROUTE,,,,,T2_REVERSE_TO_FORWARD
494.1706,-92.2171,-27.0625,0.000,NORMAL,1,ROUTE,,,,,T2_REVERSE_TO_FORWARD
494.2705,-92.2518,-27.1562,0.000,NORMAL,1,ROUTE,,,,,T2_REVERSE_TO_FORWARD
494.3705,-92.2868,-27.2499,0.000,NORMAL,1,ROUTE,,,,,T2_REVERSE_TO_FORWARD
494.4705,-92.3220,-27.3435,0.000,NORMAL,1,ROUTE,,,,,T2_REVERSE_TO_FORWARD
494.5705,-92.3574,-27.4370,0.000,NORMAL,1,ROUTE,,,,,T2_REVERSE_TO_FORWARD
494.6705,-92.3930,-27.5305,0.000,NORMAL,1,ROUTE,,,,,T2_REVERSE_TO_FORWARD
494.7705,-92.4288,-27.6238,0.000,NORMAL,1,ROUTE,,,,,T2_REVERSE_TO_FORWARD
494.8705,-92.4648,-27.7171,0.000,NORMAL,1,ROUTE,,,,,T2_REVERSE_TO_FORWARD
494.9705,-92.5009,-27.8104,0.000,NORMAL,1,ROUTE,,,,,T2_REVERSE_TO_FORWARD
495.0705,-92.5372,-27.9036,0.000,NORMAL,1,ROUTE,,,,,T2_REVERSE_TO_FORWARD
495.1705,-92.5736,-27.9967,0.000,NORMAL,1,ROUTE,,,,,T2_REVERSE_TO_FORWARD
495.2705,-92.6101,-28.0898,0.000,NORMAL,1,ROUTE,,,,,T2_REVERSE_TO_FORWARD
495.3704,-92.6467,-28.1828,0.000,NORMAL,1,ROUTE,,,,,T2_REVERSE_TO_FORWARD
495.4705,-92.6833,-28.2759,0.000,NORMAL,1,ROUTE,,,,,T2_REVERSE_TO_FORWARD
495.5704,-92.7199,-28.3689,0.000,NORMAL,1,ROUTE,,,,,T2_REVERSE_TO_FORWARD
495.6704,-92.7565,-28.4620,0.000,NORMAL,1,ROUTE,,,,,T2_REVERSE_TO_FORWARD
495.7704,-92.7930,-28.5551,0.000,NORMAL,1,ROUTE,,,,,T2_REVERSE_TO_FORWARD
495.8704,-92.8294,-28.6482,0.000,NORMAL,1,ROUTE,,,,,T2_REVERSE_TO_FORWARD
495.9704,-92.8656,-28.7414,0.000,NORMAL,1,ROUTE,,,,,T2_REVERSE_TO_FORWARD
496.0704,-92.9015,-28.8347,0.000,NORMAL,1,ROUTE,,,,,T2_REVERSE_TO_FORWARD
496.1704,-92.9373,-28.9281,0.000,NORMAL,1,ROUTE,,,,,T2_REVERSE_TO_FORWARD
496.2704,-92.9727,-29.0216,0.000,NORMAL,1,ROUTE,,,,,T2_REVERSE_TO_FORWARD
496.3704,-93.0080,-29.1152,0.000,NORMAL,1,ROUTE,,,,,T2_REVERSE_TO_FORWARD
496.4704,-93.0431,-29.2088,0.000,NORMAL,1,ROUTE,,,,,T2_REVERSE_TO_FORWARD
496.5704,-93.0781,-29.3025,0.000,NORMAL,1,ROUTE,,,,,T2_REVERSE_TO_FORWARD
496.6704,-93.1130,-29.3962,0.000,NORMAL,1,ROUTE,,,,,T2_REVERSE_TO_FORWARD
496.7704,-93.1479,-29.4899,0.000,NORMAL,1,ROUTE,,,,,T2_REVERSE_TO_FORWARD
496.8704,-93.1829,-29.5836,0.000,NORMAL,1,ROUTE,,,,,T2_REVERSE_TO_FORWARD
496.9704,-93.2180,-29.6772,0.000,NORMAL,1,ROUTE,,,,,T2_REVERSE_TO_FORWARD
497.0704,-93.2533,-29.7708,0.000,NORMAL,1,ROUTE,,,,,T2_REVERSE_TO_FORWARD
497.1704,-93.2887,-29.8643,0.000,NORMAL,1,ROUTE,,,,,T2_REVERSE_TO_FORWARD
497.2704,-93.3244,-29.9577,0.000,NORMAL,1,ROUTE,,,,,T2_REVERSE_TO_FORWARD
497.3704,-93.3604,-30.0510,0.000,NORMAL,1,ROUTE,,,,,T2_REVERSE_TO_FORWARD
497.4703,-93.3965,-30.1442,0.000,NORMAL,1,ROUTE,,,,,T2_REVERSE_TO_FORWARD
497.5703,-93.4328,-30.2374,0.000,NORMAL,1,ROUTE,,,,,T2_REVERSE_TO_FORWARD
497.6703,-93.4693,-30.3305,0.000,NORMAL,1,ROUTE,,,,,T2_REVERSE_TO_FORWARD
497.7703,-93.5058,-30.4236,0.000,NORMAL,1,ROUTE,,,,,T2_REVERSE_TO_FORWARD
497.8703,-93.5424,-30.5166,0.000,NORMAL,1,ROUTE,,,,,T2_REVERSE_TO_FORWARD
497.9703,-93.5791,-30.6097,0.000,NORMAL,1,ROUTE,,,,,T2_REVERSE_TO_FORWARD
498.0703,-93.6156,-30.7028,0.000,NORMAL,1,ROUTE,,,,,T2_REVERSE_TO_FORWARD
498.1703,-93.6520,-30.7959,0.000,NORMAL,1,ROUTE,,,,,T2_REVERSE_TO_FORWARD
498.2703,-93.6882,-30.8891,0.000,NORMAL,1,ROUTE,,,,,T2_REVERSE_TO_FORWARD
498.3703,-93.7241,-30.9824,0.000,NORMAL,1,ROUTE,,,,,T2_REVERSE_TO_FORWARD
498.4703,-93.7596,-31.0759,0.000,NORMAL,1,ROUTE,,,,,T2_REVERSE_TO_FORWARD
498.5703,-93.7947,-31.1696,0.000,NORMAL,1,ROUTE,,,,,T2_REVERSE_TO_FORWARD
498.6703,-93.8292,-31.2634,0.000,NORMAL,1,ROUTE,,,,,T2_REVERSE_TO_FORWARD
498.7703,-93.8631,-31.3575,0.000,NORMAL,1,ROUTE,,,,,T2_REVERSE_TO_FORWARD
498.8703,-93.8963,-31.4518,0.000,NORMAL,1,ROUTE,,,,,T2_REVERSE_TO_FORWARD
498.9703,-93.9287,-31.5464,0.000,NORMAL,1,ROUTE,,,,,T2_REVERSE_TO_FORWARD
499.0702,-93.9601,-31.6413,0.000,NORMAL,1,ROUTE,,,,,T2_REVERSE_TO_FORWARD
499.1702,-93.9905,-31.7366,0.000,NORMAL,1,ROUTE,,,,,T2_REVERSE_TO_FORWARD
499.2702,-94.0198,-31.8322,0.000,NORMAL,1,ROUTE,,,,,T2_REVERSE_TO_FORWARD
499.3703,-94.0479,-31.9282,0.000,NORMAL,1,ROUTE,,,,,T2_REVERSE_TO_FORWARD
499.4703,-94.0749,-32.0245,0.000,NORMAL,1,ROUTE,,,,,T2_REVERSE_TO_FORWARD
499.5703,-94.1007,-32.1211,0.000,NORMAL,1,ROUTE,,,,,T2_REVERSE_TO_FORWARD
499.6702,-94.1254,-32.2179,0.000,NORMAL,1,ROUTE,,,,,T2_REVERSE_TO_FORWARD
499.7702,-94.1493,-32.3150,0.000,NORMAL,1,ROUTE,,,,,T2_REVERSE_TO_FORWARD
499.8702,-94.1725,-32.4123,0.000,NORMAL,1,ROUTE,,,,,T2_REVERSE_TO_FORWARD
499.9702,-94.1951,-32.5097,0.000,NORMAL,1,ROUTE,,,,,T2_REVERSE_TO_FORWARD
500.0702,-94.2173,-32.6072,0.000,NORMAL,1,ROUTE,,,,,T2_REVERSE_TO_FORWARD
500.1702,-94.2392,-32.7048,0.000,NORMAL,1,ROUTE,,,,,T2_REVERSE_TO_FORWARD
500.2702,-94.2609,-32.8024,0.000,NORMAL,1,ROUTE,,,,,T2_REVERSE_TO_FORWARD
500.3701,-94.2824,-32.9000,0.000,NORMAL,1,ROUTE,,,,,T2_REVERSE_TO_FORWARD
500.4701,-94.3037,-32.9977,0.000,NORMAL,1,ROUTE,,,,,T2_REVERSE_TO_FORWARD
500.5702,-94.3248,-33.0955,0.000,NORMAL,1,ROUTE,,,,,T2_REVERSE_TO_FORWARD
500.6701,-94.3454,-33.1933,0.000,NORMAL,1,ROUTE,,,,,T2_REVERSE_TO_FORWARD
500.7702,-94.3657,-33.2913,0.000,NORMAL,1,ROUTE,,,,,T2_REVERSE_TO_FORWARD
500.8701,-94.3853,-33.3893,0.000,NORMAL,1,ROUTE,,,,,T2_REVERSE_TO_FORWARD
500.9702,-94.4043,-33.4875,0.000,NORMAL,1,ROUTE,,,,,T2_REVERSE_TO_FORWARD
501.0701,-94.4224,-33.5858,0.000,NORMAL,1,ROUTE,,,,,T2_REVERSE_TO_FORWARD
501.1701,-94.4396,-33.6843,0.000,NORMAL,1,ROUTE,,,,,T2_REVERSE_TO_FORWARD
501.2701,-94.4556,-33.7830,0.000,NORMAL,1,ROUTE,,,,,T2_REVERSE_TO_FORWARD
501.3701,-94.4706,-33.8819,0.000,NORMAL,1,ROUTE,,,,,T2_REVERSE_TO_FORWARD
501.4701,-94.4844,-33.9809,0.000,NORMAL,1,ROUTE,,,,,T2_REVERSE_TO_FORWARD
501.5701,-94.4971,-34.0801,0.000,NORMAL,1,ROUTE,,,,,T2_REVERSE_TO_FORWARD
501.6702,-94.5086,-34.1795,0.000,NORMAL,1,ROUTE,,,,,T2_REVERSE_TO_FORWARD
501.7701,-94.5190,-34.2789,0.000,NORMAL,1,ROUTE,,,,,T2_REVERSE_TO_FORWARD
501.8701,-94.5283,-34.3785,0.000,NORMAL,1,ROUTE,,,,,T2_REVERSE_TO_FORWARD
501.9701,-94.5364,-34.4781,0.000,NORMAL,1,ROUTE,,,,,T2_REVERSE_TO_FORWARD
502.0701,-94.5435,-34.5779,0.000,NORMAL,1,ROUTE,,,,,T2_REVERSE_TO_FORWARD
502.1701,-94.5494,-34.6777,0.000,NORMAL,1,ROUTE,,,,,T2_REVERSE_TO_FORWARD
502.2701,-94.5542,-34.7776,0.000,NORMAL,1,ROUTE,,,,,T2_REVERSE_TO_FORWARD
502.3701,-94.5579,-34.8775,0.000,NORMAL,1,ROUTE,,,,,T2_REVERSE_TO_FORWARD
502.4701,-94.5604,-34.9775,0.000,NORMAL,1,ROUTE,,,,,T2_REVERSE_TO_FORWARD
502.5700,-94.5619,-35.0774,0.000,NORMAL,1,ROUTE,,,,,T2_REVERSE_TO_FORWARD
502.6700,-94.5624,-35.1774,0.000,NORMAL,1,ROUTE,,,,,T2_REVERSE_TO_FORWARD
502.7700,-94.5620,-35.2774,0.000,NORMAL,1,ROUTE,,,,,T2_REVERSE_TO_FORWARD
502.8700,-94.5608,-35.3774,0.000,NORMAL,1,ROUTE,,,,,T2_REVERSE_TO_FORWARD
502.9700,-94.5588,-35.4774,0.000,NORMAL,1,ROUTE,,,,,T2_REVERSE_TO_FORWARD
503.0700,-94.5560,-35.5773,0.000,NORMAL,1,ROUTE,,,,,T2_REVERSE_TO_FORWARD
503.1700,-94.5525,-35.6773,0.000,NORMAL,1,ROUTE,,,,,T2_REVERSE_TO_FORWARD
503.2700,-94.5483,-35.7772,0.000,NORMAL,1,ROUTE,,,,,T2_REVERSE_TO_FORWARD
503.3700,-94.5434,-35.8771,0.000,NORMAL,1,ROUTE,,,,,T2_REVERSE_TO_FORWARD
503.4700,-94.5377,-35.9769,0.000,NORMAL,1,ROUTE,,,,,T2_REVERSE_TO_FORWARD
503.5700,-94.5312,-36.0767,0.000,NORMAL,1,ROUTE,,,,,T2_REVERSE_TO_FORWARD
503.6700,-94.5239,-36.1764,0.000,NORMAL,1,ROUTE,,,,,T2_REVERSE_TO_FORWARD
503.7700,-94.5157,-36.2761,0.000,NORMAL,1,ROUTE,,,,,T2_REVERSE_TO_FORWARD
503.8699,-94.5066,-36.3756,0.000,NORMAL,1,ROUTE,,,,,T2_REVERSE_TO_FORWARD
503.9700,-94.4965,-36.4751,0.000,NORMAL,1,ROUTE,,,,,T2_REVERSE_TO_FORWARD
504.0700,-94.4853,-36.5745,0.000,NORMAL,1,ROUTE,,,,,T2_REVERSE_TO_FORWARD
504.1699,-94.4730,-36.6737,0.000,NORMAL,1,ROUTE,,,,,T2_REVERSE_TO_FORWARD
504.2700,-94.4595,-36.7728,0.000,NORMAL,1,ROUTE,,,,,T2_REVERSE_TO_FORWARD
504.3699,-94.4449,-36.8717,0.000,NORMAL,1,ROUTE,,,,,T2_REVERSE_TO_FORWARD
504.4700,-94.4291,-36.9705,0.000,NORMAL,1,ROUTE,,,,,T2_REVERSE_TO_FORWARD
504.5699,-94.4123,-37.0690,0.000,NORMAL,1,ROUTE,,,,,T2_REVERSE_TO_FORWARD
504.6699,-94.3944,-37.1674,0.000,NORMAL,1,ROUTE,,,,,T2_REVERSE_TO_FORWARD
504.7699,-94.3754,-37.2656,0.000,NORMAL,1,ROUTE,,,,,T2_REVERSE_TO_FORWARD
504.8699,-94.3555,-37.3636,0.000,NORMAL,1,ROUTE,,,,,T2_REVERSE_TO_FORWARD
504.9699,-94.3346,-37.4614,0.000,NORMAL,1,ROUTE,,,,,T2_REVERSE_TO_FORWARD
505.0699,-94.3127,-37.5589,0.000,NORMAL,1,ROUTE,,,,,T2_REVERSE_TO_FORWARD
505.1699,-94.2898,-37.6563,0.000,NORMAL,1,ROUTE,,,,,T2_REVERSE_TO_FORWARD
505.2699,-94.2658,-37.7533,0.000,NORMAL,1,ROUTE,,,,,T2_REVERSE_TO_FORWARD
505.3699,-94.2407,-37.8501,0.000,NORMAL,1,ROUTE,,,,,T2_REVERSE_TO_FORWARD
505.4699,-94.2143,-37.9466,0.000,NORMAL,1,ROUTE,,,,,T2_REVERSE_TO_FORWARD
505.5699,-94.1867,-38.0427,0.000,NORMAL,1,ROUTE,,,,,T2_REVERSE_TO_FORWARD
505.6699,-94.1578,-38.1384,0.000,NORMAL,1,ROUTE,,,,,T2_REVERSE_TO_FORWARD
505.7699,-94.1273,-38.2337,0.000,NORMAL,1,ROUTE,,,,,T2_REVERSE_TO_FORWARD
505.8698,-94.0955,-38.3284,0.000,NORMAL,1,ROUTE,,,,,T2_REVERSE_TO_FORWARD
505.9698,-94.0622,-38.4227,0.000,NORMAL,1,ROUTE,,,,,T2_REVERSE_TO_FORWARD
506.0698,-94.0275,-38.5165,0.000,NORMAL,1,ROUTE,,,,,T2_REVERSE_TO_FORWARD
506.1698,-93.9915,-38.6098,0.000,NORMAL,1,ROUTE,,,,,T2_REVERSE_TO_FORWARD
506.2698,-93.9543,-38.7026,0.000,NORMAL,1,ROUTE,,,,,T2_REVERSE_TO_FORWARD
506.3698,-93.9160,-38.7950,0.000,NORMAL,1,ROUTE,,,,,T2_REVERSE_TO_FORWARD
506.4698,-93.8766,-38.8869,0.000,NORMAL,1,ROUTE,,,,,T2_REVERSE_TO_FORWARD
506.5699,-93.8362,-38.9784,0.000,NORMAL,1,ROUTE,,,,,T2_REVERSE_TO_FORWARD
506.6698,-93.7948,-39.0694,0.000,NORMAL,1,ROUTE,,,,,T2_REVERSE_TO_FORWARD
506.7698,-93.7524,-39.1599,0.000,NORMAL,1,ROUTE,,,,,T2_REVERSE_TO_FORWARD
506.8697,-93.7091,-39.2500,0.000,NORMAL,1,ROUTE,,,,,T2_REVERSE_TO_FORWARD
506.9698,-93.6647,-39.3397,0.000,NORMAL,1,ROUTE,,,,,T2_REVERSE_TO_FORWARD
507.0697,-93.6195,-39.4288,0.000,NORMAL,1,ROUTE,,,,,T2_REVERSE_TO_FORWARD
507.1697,-93.5733,-39.5175,0.000,NORMAL,1,ROUTE,,,,,T2_REVERSE_TO_FORWARD
507.2697,-93.5262,-39.6057,0.000,NORMAL,1,ROUTE,,,,,T2_REVERSE_TO_FORWARD
507.3698,-93.4782,-39.6935,0.000,NORMAL,1,ROUTE,,,,,T2_REVERSE_TO_FORWARD
507.4698,-93.4293,-39.7807,0.000,NORMAL,1,ROUTE,,,,,T2_REVERSE_TO_FORWARD
507.5698,-93.3795,-39.8674,0.000,NORMAL,1,ROUTE,,,,,T2_REVERSE_TO_FORWARD
507.6697,-93.3287,-39.9535,0.000,NORMAL,1,ROUTE,,,,,T2_REVERSE_TO_FORWARD
507.7698,-93.2769,-40.0391,0.000,NORMAL,1,ROUTE,,,,,T2_REVERSE_TO_FORWARD
507.8698,-93.2239,-40.1239,0.000,NORMAL,1,ROUTE,,,,,T2_REVERSE_TO_FORWARD
507.9697,-93.1697,-40.2079,0.000,NORMAL,1,ROUTE,,,,,T2_REVERSE_TO_FORWARD
508.0697,-93.1141,-40.2910,0.000,NORMAL,1,ROUTE,,,,,T2_REVERSE_TO_FORWARD
508.1697,-93.0570,-40.3731,0.000,NORMAL,1,ROUTE,,,,,T2_REVERSE_TO_FORWARD
508.2697,-92.9983,-40.4540,0.000,NORMAL,1,ROUTE,,,,,T2_REVERSE_TO_FORWARD
508.3697,-92.9379,-40.5337,0.000,NORMAL,1,ROUTE,,,,,T2_REVERSE_TO_FORWARD
508.4696,-92.8759,-40.6121,0.000,NORMAL,1,ROUTE,,,,,T2_REVERSE_TO_FORWARD
508.5697,-92.8122,-40.6892,0.000,NORMAL,1,ROUTE,,,,,T2_REVERSE_TO_FORWARD
508.6696,-92.7470,-40.7650,0.000,NORMAL,1,ROUTE,,,,,T2_REVERSE_TO_FORWARD
508.7697,-92.6803,-40.8396,0.000,NORMAL,1,ROUTE,,,,,T2_REVERSE_TO_FORWARD
508.8697,-92.6124,-40.9130,0.000,NORMAL,1,ROUTE,,,,,T2_REVERSE_TO_FORWARD
508.9696,-92.5434,-40.9853,0.000,NORMAL,1,ROUTE,,,,,T2_REVERSE_TO_FORWARD
509.0696,-92.4732,-41.0565,0.000,NORMAL,1,ROUTE,,,,,T2_REVERSE_TO_FORWARD
509.1697,-92.4020,-41.1268,0.000,NORMAL,1,ROUTE,,,,,T2_REVERSE_TO_FORWARD
509.2696,-92.3299,-41.1960,0.000,NORMAL,1,ROUTE,,,,,T2_REVERSE_TO_FORWARD
509.3697,-92.2569,-41.2644,0.000,NORMAL,1,ROUTE,,,,,T2_REVERSE_TO_FORWARD
509.4697,-92.1830,-41.3318,0.000,NORMAL,1,ROUTE,,,,,T2_REVERSE_TO_FORWARD
509.5696,-92.1083,-41.3982,0.000,NORMAL,1,ROUTE,,,,,T2_REVERSE_TO_FORWARD
509.6696,-92.0328,-41.4638,0.000,NORMAL,1,ROUTE,,,,,T2_REVERSE_TO_FORWARD
509.7696,-91.9566,-41.5285,0.000,NORMAL,1,ROUTE,,,,,T2_REVERSE_TO_FORWARD
509.8697,-91.8796,-41.5924,0.000,NORMAL,1,ROUTE,,,,,T2_REVERSE_TO_FORWARD
509.8949,-91.8601,-41.6084,0.000,DUMMY,1,DUMMY,DUMMY_OBSTACLE_ZONE,STOP_THEN_HOLD,OBSTACLE_DETECTED,3.0,T2_REVERSE_TO_FORWARD
509.9696,-91.8021,-41.6555,0.000,DUMMY,1,DUMMY,,,OBSTACLE_DETECTED,3.0,T2_REVERSE_TO_FORWARD
510.0696,-91.7239,-41.7179,0.000,DUMMY,1,DUMMY,,,OBSTACLE_DETECTED,3.0,T2_REVERSE_TO_FORWARD
510.1695,-91.6452,-41.7794,0.000,DUMMY,1,DUMMY,,,OBSTACLE_DETECTED,3.0,T2_REVERSE_TO_FORWARD
510.2696,-91.5657,-41.8402,0.000,DUMMY,1,DUMMY,,,OBSTACLE_DETECTED,3.0,T2_REVERSE_TO_FORWARD
510.3696,-91.4856,-41.9000,0.000,DUMMY,1,DUMMY,,,OBSTACLE_DETECTED,3.0,T2_REVERSE_TO_FORWARD
510.4696,-91.4048,-41.9590,0.000,DUMMY,1,DUMMY,,,OBSTACLE_DETECTED,3.0,T2_REVERSE_TO_FORWARD
510.5696,-91.3233,-42.0169,0.000,DUMMY,1,DUMMY,,,OBSTACLE_DETECTED,3.0,T2_REVERSE_TO_FORWARD
510.6696,-91.2411,-42.0738,0.000,DUMMY,1,DUMMY,,,OBSTACLE_DETECTED,3.0,T2_REVERSE_TO_FORWARD
510.7696,-91.1581,-42.1296,0.000,DUMMY,1,DUMMY,,,OBSTACLE_DETECTED,3.0,T2_REVERSE_TO_FORWARD
510.8696,-91.0743,-42.1842,0.000,DUMMY,1,DUMMY,,,OBSTACLE_DETECTED,3.0,T2_REVERSE_TO_FORWARD
510.9696,-90.9898,-42.2376,0.000,DUMMY,1,DUMMY,,,OBSTACLE_DETECTED,3.0,T2_REVERSE_TO_FORWARD
511.0696,-90.9045,-42.2898,0.000,DUMMY,1,DUMMY,,,OBSTACLE_DETECTED,3.0,T2_REVERSE_TO_FORWARD
511.1696,-90.8186,-42.3410,0.000,DUMMY,1,DUMMY,,,OBSTACLE_DETECTED,3.0,T2_REVERSE_TO_FORWARD
511.2695,-90.7322,-42.3912,0.000,DUMMY,1,DUMMY,,,OBSTACLE_DETECTED,3.0,T2_REVERSE_TO_FORWARD
511.3695,-90.6453,-42.4407,0.000,DUMMY,1,DUMMY,,,OBSTACLE_DETECTED,3.0,T2_REVERSE_TO_FORWARD
511.4696,-90.5580,-42.4896,0.000,DUMMY,1,DUMMY,,,OBSTACLE_DETECTED,3.0,T2_REVERSE_TO_FORWARD
511.5695,-90.4706,-42.5381,0.000,DUMMY,1,DUMMY,,,OBSTACLE_DETECTED,3.0,T2_REVERSE_TO_FORWARD
511.6695,-90.3831,-42.5864,0.000,DUMMY,1,DUMMY,,,OBSTACLE_DETECTED,3.0,T2_REVERSE_TO_FORWARD
511.7695,-90.2955,-42.6347,0.000,DUMMY,1,DUMMY,,,OBSTACLE_DETECTED,3.0,T2_REVERSE_TO_FORWARD
511.8695,-90.2080,-42.6831,0.000,DUMMY,1,DUMMY,,,OBSTACLE_DETECTED,3.0,T2_REVERSE_TO_FORWARD
511.9694,-90.1207,-42.7318,0.000,DUMMY,1,DUMMY,,,OBSTACLE_DETECTED,3.0,T2_REVERSE_TO_FORWARD
512.0695,-90.0335,-42.7808,0.000,DUMMY,1,DUMMY,,,OBSTACLE_DETECTED,3.0,T2_REVERSE_TO_FORWARD
512.1695,-89.9465,-42.8301,0.000,DUMMY,1,DUMMY,,,OBSTACLE_DETECTED,3.0,T2_REVERSE_TO_FORWARD
512.2695,-89.8598,-42.8799,0.000,DUMMY,1,DUMMY,,,OBSTACLE_DETECTED,3.0,T2_REVERSE_TO_FORWARD
512.3695,-89.7732,-42.9300,0.000,DUMMY,1,DUMMY,,,OBSTACLE_DETECTED,3.0,T2_REVERSE_TO_FORWARD
512.4694,-89.6869,-42.9804,0.000,DUMMY,1,DUMMY,,,OBSTACLE_DETECTED,3.0,T2_REVERSE_TO_FORWARD
512.5695,-89.6008,-43.0313,0.000,DUMMY,1,DUMMY,,,OBSTACLE_DETECTED,3.0,T2_REVERSE_TO_FORWARD
512.6695,-89.5148,-43.0824,0.000,DUMMY,1,DUMMY,,,OBSTACLE_DETECTED,3.0,T2_REVERSE_TO_FORWARD
512.7695,-89.4290,-43.1337,0.000,DUMMY,1,DUMMY,,,OBSTACLE_DETECTED,3.0,T2_REVERSE_TO_FORWARD
512.8694,-89.3434,-43.1853,0.000,DUMMY,1,DUMMY,,,OBSTACLE_DETECTED,3.0,T2_REVERSE_TO_FORWARD
512.9694,-89.2578,-43.2370,0.000,DUMMY,1,DUMMY,,,OBSTACLE_DETECTED,3.0,T2_REVERSE_TO_FORWARD
513.0694,-89.1722,-43.2887,0.000,DUMMY,1,DUMMY,,,OBSTACLE_DETECTED,3.0,T2_REVERSE_TO_FORWARD
513.1694,-89.0866,-43.3404,0.000,DUMMY,1,DUMMY,,,OBSTACLE_DETECTED,3.0,T2_REVERSE_TO_FORWARD
513.2694,-89.0009,-43.3919,0.000,DUMMY,1,DUMMY,,,OBSTACLE_DETECTED,3.0,T2_REVERSE_TO_FORWARD
513.3694,-88.9151,-43.4432,0.000,DUMMY,1,DUMMY,,,OBSTACLE_DETECTED,3.0,T2_REVERSE_TO_FORWARD
513.4694,-88.8290,-43.4941,0.000,DUMMY,1,DUMMY,,,OBSTACLE_DETECTED,3.0,T2_REVERSE_TO_FORWARD
513.5694,-88.7427,-43.5446,0.000,DUMMY,1,DUMMY,,,OBSTACLE_DETECTED,3.0,T2_REVERSE_TO_FORWARD
513.6694,-88.6560,-43.5945,0.000,DUMMY,1,DUMMY,,,OBSTACLE_DETECTED,3.0,T2_REVERSE_TO_FORWARD
513.7694,-88.5689,-43.6437,0.000,DUMMY,1,DUMMY,,,OBSTACLE_DETECTED,3.0,T2_REVERSE_TO_FORWARD
513.8694,-88.4815,-43.6921,0.000,DUMMY,1,DUMMY,,,OBSTACLE_DETECTED,3.0,T2_REVERSE_TO_FORWARD
513.9694,-88.3935,-43.7397,0.000,DUMMY,1,DUMMY,,,OBSTACLE_DETECTED,3.0,T2_REVERSE_TO_FORWARD
514.0694,-88.3051,-43.7864,0.000,DUMMY,1,DUMMY,,,OBSTACLE_DETECTED,3.0,T2_REVERSE_TO_FORWARD
514.1693,-88.2163,-43.8323,0.000,DUMMY,1,DUMMY,,,OBSTACLE_DETECTED,3.0,T2_REVERSE_TO_FORWARD
514.2693,-88.1271,-43.8774,0.000,DUMMY,1,DUMMY,,,OBSTACLE_DETECTED,3.0,T2_REVERSE_TO_FORWARD
514.3694,-88.0374,-43.9218,0.000,DUMMY,1,DUMMY,,,OBSTACLE_DETECTED,3.0,T2_REVERSE_TO_FORWARD
514.4693,-87.9475,-43.9655,0.000,DUMMY,1,DUMMY,,,OBSTACLE_DETECTED,3.0,T2_REVERSE_TO_FORWARD
514.5693,-87.8573,-44.0086,0.000,DUMMY,1,DUMMY,,,OBSTACLE_DETECTED,3.0,T2_REVERSE_TO_FORWARD
514.6693,-87.7668,-44.0512,0.000,DUMMY,1,DUMMY,,,OBSTACLE_DETECTED,3.0,T2_REVERSE_TO_FORWARD
514.7693,-87.6761,-44.0933,0.000,DUMMY,1,DUMMY,,,OBSTACLE_DETECTED,3.0,T2_REVERSE_TO_FORWARD
514.8693,-87.5852,-44.1350,0.000,DUMMY,1,DUMMY,,,OBSTACLE_DETECTED,3.0,T2_REVERSE_TO_FORWARD
514.9693,-87.4942,-44.1763,0.000,DUMMY,1,DUMMY,,,OBSTACLE_DETECTED,3.0,T2_REVERSE_TO_FORWARD
515.0693,-87.4030,-44.2174,0.000,DUMMY,1,DUMMY,,,OBSTACLE_DETECTED,3.0,T2_REVERSE_TO_FORWARD
515.1693,-87.3117,-44.2583,0.000,DUMMY,1,DUMMY,,,OBSTACLE_DETECTED,3.0,T2_REVERSE_TO_FORWARD
515.2693,-87.2204,-44.2990,0.000,DUMMY,1,DUMMY,,,OBSTACLE_DETECTED,3.0,T2_REVERSE_TO_FORWARD
515.3693,-87.1290,-44.3396,0.000,DUMMY,1,DUMMY,,,OBSTACLE_DETECTED,3.0,T2_REVERSE_TO_FORWARD
515.4693,-87.0376,-44.3802,0.000,DUMMY,1,DUMMY,,,OBSTACLE_DETECTED,3.0,T2_REVERSE_TO_FORWARD
515.5693,-86.9463,-44.4208,0.000,DUMMY,1,DUMMY,,,OBSTACLE_DETECTED,3.0,T2_REVERSE_TO_FORWARD
515.6693,-86.8549,-44.4615,0.000,DUMMY,1,DUMMY,,,OBSTACLE_DETECTED,3.0,T2_REVERSE_TO_FORWARD
515.7692,-86.7637,-44.5023,0.000,DUMMY,1,DUMMY,,,OBSTACLE_DETECTED,3.0,T2_REVERSE_TO_FORWARD
515.8692,-86.6725,-44.5434,0.000,DUMMY,1,DUMMY,,,OBSTACLE_DETECTED,3.0,T2_REVERSE_TO_FORWARD
515.9692,-86.5814,-44.5846,0.000,DUMMY,1,DUMMY,,,OBSTACLE_DETECTED,3.0,T2_REVERSE_TO_FORWARD
516.0692,-86.4904,-44.6261,0.000,DUMMY,1,DUMMY,,,OBSTACLE_DETECTED,3.0,T2_REVERSE_TO_FORWARD
516.1693,-86.3995,-44.6678,0.000,DUMMY,1,DUMMY,,,OBSTACLE_DETECTED,3.0,T2_REVERSE_TO_FORWARD
516.2693,-86.3087,-44.7097,0.000,DUMMY,1,DUMMY,,,OBSTACLE_DETECTED,3.0,T2_REVERSE_TO_FORWARD
516.3692,-86.2180,-44.7518,0.000,DUMMY,1,DUMMY,,,OBSTACLE_DETECTED,3.0,T2_REVERSE_TO_FORWARD
516.4692,-86.1274,-44.7941,0.000,DUMMY,1,DUMMY,,,OBSTACLE_DETECTED,3.0,T2_REVERSE_TO_FORWARD
516.5692,-86.0369,-44.8365,0.000,DUMMY,1,DUMMY,,,OBSTACLE_DETECTED,3.0,T2_REVERSE_TO_FORWARD
516.6692,-85.9464,-44.8791,0.000,DUMMY,1,DUMMY,,,OBSTACLE_DETECTED,3.0,T2_REVERSE_TO_FORWARD
516.7693,-85.8559,-44.9218,0.000,DUMMY,1,DUMMY,,,OBSTACLE_DETECTED,3.0,T2_REVERSE_TO_FORWARD
516.8692,-85.7655,-44.9645,0.000,DUMMY,1,DUMMY,,,OBSTACLE_DETECTED,3.0,T2_REVERSE_TO_FORWARD
516.9692,-85.6751,-45.0072,0.000,DUMMY,1,DUMMY,,,OBSTACLE_DETECTED,3.0,T2_REVERSE_TO_FORWARD
517.0692,-85.5847,-45.0500,0.000,DUMMY,1,DUMMY,,,OBSTACLE_DETECTED,3.0,T2_REVERSE_TO_FORWARD
517.1692,-85.4943,-45.0927,0.000,DUMMY,1,DUMMY,,,OBSTACLE_DETECTED,3.0,T2_REVERSE_TO_FORWARD
517.2692,-85.4039,-45.1354,0.000,DUMMY,1,DUMMY,,,OBSTACLE_DETECTED,3.0,T2_REVERSE_TO_FORWARD
517.3692,-85.3134,-45.1780,0.000,DUMMY,1,DUMMY,,,OBSTACLE_DETECTED,3.0,T2_REVERSE_TO_FORWARD
517.4692,-85.2229,-45.2204,0.000,DUMMY,1,DUMMY,,,OBSTACLE_DETECTED,3.0,T2_REVERSE_TO_FORWARD
517.5692,-85.1323,-45.2628,0.000,DUMMY,1,DUMMY,,,OBSTACLE_DETECTED,3.0,T2_REVERSE_TO_FORWARD
517.6692,-85.0416,-45.3049,0.000,DUMMY,1,DUMMY,,,OBSTACLE_DETECTED,3.0,T2_REVERSE_TO_FORWARD
517.7691,-84.9509,-45.3469,0.000,DUMMY,1,DUMMY,,,OBSTACLE_DETECTED,3.0,T2_REVERSE_TO_FORWARD
517.8691,-84.8601,-45.3887,0.000,DUMMY,1,DUMMY,,,OBSTACLE_DETECTED,3.0,T2_REVERSE_TO_FORWARD
517.9692,-84.7691,-45.4304,0.000,DUMMY,1,DUMMY,,,OBSTACLE_DETECTED,3.0,T2_REVERSE_TO_FORWARD
518.0692,-84.6781,-45.4718,0.000,DUMMY,1,DUMMY,,,OBSTACLE_DETECTED,3.0,T2_REVERSE_TO_FORWARD
518.1692,-84.5870,-45.5130,0.000,DUMMY,1,DUMMY,,,OBSTACLE_DETECTED,3.0,T2_REVERSE_TO_FORWARD
518.2692,-84.4958,-45.5540,0.000,DUMMY,1,DUMMY,,,OBSTACLE_DETECTED,3.0,T2_REVERSE_TO_FORWARD
518.3692,-84.4045,-45.5948,0.000,DUMMY,1,DUMMY,,,OBSTACLE_DETECTED,3.0,T2_REVERSE_TO_FORWARD
518.4691,-84.3131,-45.6353,0.000,DUMMY,1,DUMMY,,,OBSTACLE_DETECTED,3.0,T2_REVERSE_TO_FORWARD
518.5691,-84.2216,-45.6756,0.000,DUMMY,1,DUMMY,,,OBSTACLE_DETECTED,3.0,T2_REVERSE_TO_FORWARD
518.6691,-84.1299,-45.7155,0.000,DUMMY,1,DUMMY,,,OBSTACLE_DETECTED,3.0,T2_REVERSE_TO_FORWARD
518.7691,-84.0381,-45.7551,0.000,DUMMY,1,DUMMY,,,OBSTACLE_DETECTED,3.0,T2_REVERSE_TO_FORWARD
518.8691,-83.9461,-45.7943,0.000,DUMMY,1,DUMMY,,,OBSTACLE_DETECTED,3.0,T2_REVERSE_TO_FORWARD
518.9691,-83.8540,-45.8332,0.000,DUMMY,1,DUMMY,,,OBSTACLE_DETECTED,3.0,T2_REVERSE_TO_FORWARD
519.0691,-83.7616,-45.8716,0.000,DUMMY,1,DUMMY,,,OBSTACLE_DETECTED,3.0,T2_REVERSE_TO_FORWARD
519.1690,-83.6692,-45.9096,0.000,DUMMY,1,DUMMY,,,OBSTACLE_DETECTED,3.0,T2_REVERSE_TO_FORWARD
519.2691,-83.5765,-45.9472,0.000,DUMMY,1,DUMMY,,,OBSTACLE_DETECTED,3.0,T2_REVERSE_TO_FORWARD
519.3691,-83.4837,-45.9844,0.000,DUMMY,1,DUMMY,,,OBSTACLE_DETECTED,3.0,T2_REVERSE_TO_FORWARD
519.4691,-83.3907,-46.0212,0.000,DUMMY,1,DUMMY,,,OBSTACLE_DETECTED,3.0,T2_REVERSE_TO_FORWARD
519.5691,-83.2976,-46.0577,0.000,DUMMY,1,DUMMY,,,OBSTACLE_DETECTED,3.0,T2_REVERSE_TO_FORWARD
519.6691,-83.2044,-46.0939,0.000,DUMMY,1,DUMMY,,,OBSTACLE_DETECTED,3.0,T2_REVERSE_TO_FORWARD
519.7691,-83.1111,-46.1299,0.000,DUMMY,1,DUMMY,,,OBSTACLE_DETECTED,3.0,T2_REVERSE_TO_FORWARD
519.8691,-83.0177,-46.1657,0.000,DUMMY,1,DUMMY,,,OBSTACLE_DETECTED,3.0,T2_REVERSE_TO_FORWARD
519.9690,-82.9243,-46.2013,0.000,DUMMY,1,DUMMY,,,OBSTACLE_DETECTED,3.0,T2_REVERSE_TO_FORWARD
520.0691,-82.8308,-46.2369,0.000,DUMMY,1,DUMMY,,,OBSTACLE_DETECTED,3.0,T2_REVERSE_TO_FORWARD
520.1690,-82.7374,-46.2724,0.000,DUMMY,1,DUMMY,,,OBSTACLE_DETECTED,3.0,T2_REVERSE_TO_FORWARD
520.2690,-82.6439,-46.3078,0.000,DUMMY,1,DUMMY,,,OBSTACLE_DETECTED,3.0,T2_REVERSE_TO_FORWARD
520.3690,-82.5504,-46.3433,0.000,DUMMY,1,DUMMY,,,OBSTACLE_DETECTED,3.0,T2_REVERSE_TO_FORWARD
520.4690,-82.4569,-46.3789,0.000,DUMMY,1,DUMMY,,,OBSTACLE_DETECTED,3.0,T2_REVERSE_TO_FORWARD
520.5690,-82.3635,-46.4146,0.000,DUMMY,1,DUMMY,,,OBSTACLE_DETECTED,3.0,T2_REVERSE_TO_FORWARD
520.6690,-82.2702,-46.4505,0.000,DUMMY,1,DUMMY,,,OBSTACLE_DETECTED,3.0,T2_REVERSE_TO_FORWARD
520.7690,-82.1769,-46.4866,0.000,DUMMY,1,DUMMY,,,OBSTACLE_DETECTED,3.0,T2_REVERSE_TO_FORWARD
520.8690,-82.0838,-46.5229,0.000,DUMMY,1,DUMMY,,,OBSTACLE_DETECTED,3.0,T2_REVERSE_TO_FORWARD
520.9690,-81.9907,-46.5594,0.000,DUMMY,1,DUMMY,,,OBSTACLE_DETECTED,3.0,T2_REVERSE_TO_FORWARD
521.0690,-81.8977,-46.5963,0.000,DUMMY,1,DUMMY,,,OBSTACLE_DETECTED,3.0,T2_REVERSE_TO_FORWARD
521.1690,-81.8049,-46.6334,0.000,DUMMY,1,DUMMY,,,OBSTACLE_DETECTED,3.0,T2_REVERSE_TO_FORWARD
521.2690,-81.7121,-46.6708,0.000,DUMMY,1,DUMMY,,,OBSTACLE_DETECTED,3.0,T2_REVERSE_TO_FORWARD
521.3690,-81.6195,-46.7084,0.000,DUMMY,1,DUMMY,,,OBSTACLE_DETECTED,3.0,T2_REVERSE_TO_FORWARD
521.4690,-81.5270,-46.7464,0.000,DUMMY,1,DUMMY,,,OBSTACLE_DETECTED,3.0,T2_REVERSE_TO_FORWARD
521.5689,-81.4346,-46.7846,0.000,DUMMY,1,DUMMY,,,OBSTACLE_DETECTED,3.0,T2_REVERSE_TO_FORWARD
521.6690,-81.3423,-46.8232,0.000,DUMMY,1,DUMMY,,,OBSTACLE_DETECTED,3.0,T2_REVERSE_TO_FORWARD
521.7689,-81.2502,-46.8620,0.000,DUMMY,1,DUMMY,,,OBSTACLE_DETECTED,3.0,T2_REVERSE_TO_FORWARD
521.8689,-81.1582,-46.9012,0.000,DUMMY,1,DUMMY,,,OBSTACLE_DETECTED,3.0,T2_REVERSE_TO_FORWARD
521.9690,-81.0663,-46.9407,0.000,DUMMY,1,DUMMY,,,OBSTACLE_DETECTED,3.0,T2_REVERSE_TO_FORWARD
522.0689,-80.9746,-46.9805,0.000,DUMMY,1,DUMMY,,,OBSTACLE_DETECTED,3.0,T2_REVERSE_TO_FORWARD
522.1690,-80.8830,-47.0207,0.000,DUMMY,1,DUMMY,,,OBSTACLE_DETECTED,3.0,T2_REVERSE_TO_FORWARD
522.2690,-80.7916,-47.0613,0.000,DUMMY,1,DUMMY,,,OBSTACLE_DETECTED,3.0,T2_REVERSE_TO_FORWARD
522.3689,-80.7004,-47.1022,0.000,DUMMY,1,DUMMY,,,OBSTACLE_DETECTED,3.0,T2_REVERSE_TO_FORWARD
522.4689,-80.6093,-47.1435,0.000,DUMMY,1,DUMMY,,,OBSTACLE_DETECTED,3.0,T2_REVERSE_TO_FORWARD
522.5689,-80.5185,-47.1853,0.000,DUMMY,1,DUMMY,,,OBSTACLE_DETECTED,3.0,T2_REVERSE_TO_FORWARD
522.6689,-80.4278,-47.2275,0.000,DUMMY,1,DUMMY,,,OBSTACLE_DETECTED,3.0,T2_REVERSE_TO_FORWARD
522.7689,-80.3374,-47.2701,0.000,DUMMY,1,DUMMY,,,OBSTACLE_DETECTED,3.0,T2_REVERSE_TO_FORWARD
522.8689,-80.2472,-47.3133,0.000,DUMMY,1,DUMMY,,,OBSTACLE_DETECTED,3.0,T2_REVERSE_TO_FORWARD
522.9688,-80.1572,-47.3568,0.000,DUMMY,1,DUMMY,,,OBSTACLE_DETECTED,3.0,T2_REVERSE_TO_FORWARD
523.0689,-80.0674,-47.4009,0.000,DUMMY,1,DUMMY,,,OBSTACLE_DETECTED,3.0,T2_REVERSE_TO_FORWARD
523.1688,-79.9778,-47.4452,0.000,DUMMY,1,DUMMY,,,OBSTACLE_DETECTED,3.0,T2_REVERSE_TO_FORWARD
523.2689,-79.8883,-47.4899,0.000,DUMMY,1,DUMMY,,,OBSTACLE_DETECTED,3.0,T2_REVERSE_TO_FORWARD
523.3689,-79.7989,-47.5347,0.000,DUMMY,1,DUMMY,,,OBSTACLE_DETECTED,3.0,T2_REVERSE_TO_FORWARD
523.4688,-79.7096,-47.5795,0.000,DUMMY,1,DUMMY,,,OBSTACLE_DETECTED,3.0,T2_REVERSE_TO_FORWARD
523.5689,-79.6201,-47.6243,0.000,DUMMY,1,DUMMY,,,OBSTACLE_DETECTED,3.0,T2_REVERSE_TO_FORWARD
523.6688,-79.5306,-47.6688,0.000,DUMMY,1,DUMMY,,,OBSTACLE_DETECTED,3.0,T2_REVERSE_TO_FORWARD
523.7689,-79.4408,-47.7129,0.000,DUMMY,1,DUMMY,,,OBSTACLE_DETECTED,3.0,T2_REVERSE_TO_FORWARD
523.8688,-79.3508,-47.7564,0.000,DUMMY,1,DUMMY,,,OBSTACLE_DETECTED,3.0,T2_REVERSE_TO_FORWARD
523.9689,-79.2605,-47.7994,0.000,DUMMY,1,DUMMY,,,OBSTACLE_DETECTED,3.0,T2_REVERSE_TO_FORWARD
524.0688,-79.1699,-47.8416,0.000,DUMMY,1,DUMMY,,,OBSTACLE_DETECTED,3.0,T2_REVERSE_TO_FORWARD
524.1688,-79.0788,-47.8829,0.000,DUMMY,1,DUMMY,,,OBSTACLE_DETECTED,3.0,T2_REVERSE_TO_FORWARD
524.2688,-78.9874,-47.9235,0.000,DUMMY,1,DUMMY,,,OBSTACLE_DETECTED,3.0,T2_REVERSE_TO_FORWARD
524.3688,-78.8957,-47.9632,0.000,DUMMY,1,DUMMY,,,OBSTACLE_DETECTED,3.0,T2_REVERSE_TO_FORWARD
524.4688,-78.8036,-48.0023,0.000,DUMMY,1,DUMMY,,,OBSTACLE_DETECTED,3.0,T2_REVERSE_TO_FORWARD
524.5688,-78.7114,-48.0409,0.000,DUMMY,1,DUMMY,,,OBSTACLE_DETECTED,3.0,T2_REVERSE_TO_FORWARD
524.6688,-78.6190,-48.0791,0.000,DUMMY,1,DUMMY,,,OBSTACLE_DETECTED,3.0,T2_REVERSE_TO_FORWARD
524.7687,-78.5266,-48.1173,0.000,DUMMY,1,DUMMY,,,OBSTACLE_DETECTED,3.0,T2_REVERSE_TO_FORWARD
524.8688,-78.4342,-48.1556,0.000,DUMMY,1,DUMMY,,,OBSTACLE_DETECTED,3.0,T2_REVERSE_TO_FORWARD
524.9688,-78.3419,-48.1941,0.000,DUMMY,1,DUMMY,,,OBSTACLE_DETECTED,3.0,T2_REVERSE_TO_FORWARD
525.0687,-78.2498,-48.2330,0.000,DUMMY,1,DUMMY,,,OBSTACLE_DETECTED,3.0,T2_REVERSE_TO_FORWARD
525.1688,-78.1578,-48.2723,0.000,DUMMY,1,DUMMY,,,OBSTACLE_DETECTED,3.0,T2_REVERSE_TO_FORWARD
525.2688,-78.0660,-48.3119,0.000,DUMMY,1,DUMMY,,,OBSTACLE_DETECTED,3.0,T2_REVERSE_TO_FORWARD
525.3688,-77.9744,-48.3520,0.000,DUMMY,1,DUMMY,,,OBSTACLE_DETECTED,3.0,T2_REVERSE_TO_FORWARD
525.4687,-77.8830,-48.3924,0.000,DUMMY,1,DUMMY,,,OBSTACLE_DETECTED,3.0,T2_REVERSE_TO_FORWARD
525.5687,-77.7916,-48.4331,0.000,DUMMY,1,DUMMY,,,OBSTACLE_DETECTED,3.0,T2_REVERSE_TO_FORWARD
525.6687,-77.7004,-48.4741,0.000,DUMMY,1,DUMMY,,,OBSTACLE_DETECTED,3.0,T2_REVERSE_TO_FORWARD
525.7687,-77.6093,-48.5153,0.000,DUMMY,1,DUMMY,,,OBSTACLE_DETECTED,3.0,T2_REVERSE_TO_FORWARD
525.8687,-77.5182,-48.5566,0.000,DUMMY,1,DUMMY,,,OBSTACLE_DETECTED,3.0,T2_REVERSE_TO_FORWARD
525.9687,-77.4272,-48.5980,0.000,DUMMY,1,DUMMY,,,OBSTACLE_DETECTED,3.0,T2_REVERSE_TO_FORWARD
526.0687,-77.3362,-48.6394,0.000,DUMMY,1,DUMMY,,,OBSTACLE_DETECTED,3.0,T2_REVERSE_TO_FORWARD
526.1688,-77.2451,-48.6808,0.000,DUMMY,1,DUMMY,,,OBSTACLE_DETECTED,3.0,T2_REVERSE_TO_FORWARD
526.2687,-77.1541,-48.7220,0.000,DUMMY,1,DUMMY,,,OBSTACLE_DETECTED,3.0,T2_REVERSE_TO_FORWARD
526.3687,-77.0629,-48.7631,0.000,DUMMY,1,DUMMY,,,OBSTACLE_DETECTED,3.0,T2_REVERSE_TO_FORWARD
526.4687,-76.9716,-48.8040,0.000,DUMMY,1,DUMMY,,,OBSTACLE_DETECTED,3.0,T2_REVERSE_TO_FORWARD
526.5687,-76.8802,-48.8445,0.000,DUMMY,1,DUMMY,,,OBSTACLE_DETECTED,3.0,T2_REVERSE_TO_FORWARD
526.6687,-76.7887,-48.8848,0.000,DUMMY,1,DUMMY,,,OBSTACLE_DETECTED,3.0,T2_REVERSE_TO_FORWARD
526.7687,-76.6970,-48.9247,0.000,DUMMY,1,DUMMY,,,OBSTACLE_DETECTED,3.0,T2_REVERSE_TO_FORWARD
526.8687,-76.6051,-48.9642,0.000,DUMMY,1,DUMMY,,,OBSTACLE_DETECTED,3.0,T2_REVERSE_TO_FORWARD
526.9686,-76.5131,-49.0032,0.000,DUMMY,1,DUMMY,,,OBSTACLE_DETECTED,3.0,T2_REVERSE_TO_FORWARD
527.0686,-76.4209,-49.0419,0.000,DUMMY,1,DUMMY,,,OBSTACLE_DETECTED,3.0,T2_REVERSE_TO_FORWARD
527.1687,-76.3284,-49.0800,0.000,DUMMY,1,DUMMY,,,OBSTACLE_DETECTED,3.0,T2_REVERSE_TO_FORWARD
527.2687,-76.2358,-49.1177,0.000,DUMMY,1,DUMMY,,,OBSTACLE_DETECTED,3.0,T2_REVERSE_TO_FORWARD
527.3687,-76.1430,-49.1550,0.000,DUMMY,1,DUMMY,,,OBSTACLE_DETECTED,3.0,T2_REVERSE_TO_FORWARD
527.4687,-76.0500,-49.1918,0.000,DUMMY,1,DUMMY,,,OBSTACLE_DETECTED,3.0,T2_REVERSE_TO_FORWARD
527.5686,-75.9569,-49.2280,0.000,DUMMY,1,DUMMY,,,OBSTACLE_DETECTED,3.0,T2_REVERSE_TO_FORWARD
527.6686,-75.8635,-49.2638,0.000,DUMMY,1,DUMMY,,,OBSTACLE_DETECTED,3.0,T2_REVERSE_TO_FORWARD
527.7686,-75.7699,-49.2991,0.000,DUMMY,1,DUMMY,,,OBSTACLE_DETECTED,3.0,T2_REVERSE_TO_FORWARD
527.8686,-75.6762,-49.3340,0.000,DUMMY,1,DUMMY,,,OBSTACLE_DETECTED,3.0,T2_REVERSE_TO_FORWARD
527.9686,-75.5823,-49.3683,0.000,DUMMY,1,DUMMY,,,OBSTACLE_DETECTED,3.0,T2_REVERSE_TO_FORWARD
528.0686,-75.4882,-49.4023,0.000,DUMMY,1,DUMMY,,,OBSTACLE_DETECTED,3.0,T2_REVERSE_TO_FORWARD
528.1686,-75.3941,-49.4359,0.000,DUMMY,1,DUMMY,,,OBSTACLE_DETECTED,3.0,T2_REVERSE_TO_FORWARD
528.2686,-75.2998,-49.4692,0.000,DUMMY,1,DUMMY,,,OBSTACLE_DETECTED,3.0,T2_REVERSE_TO_FORWARD
528.3685,-75.2055,-49.5024,0.000,DUMMY,1,DUMMY,,,OBSTACLE_DETECTED,3.0,T2_REVERSE_TO_FORWARD
528.4686,-75.1111,-49.5355,0.000,DUMMY,1,DUMMY,,,OBSTACLE_DETECTED,3.0,T2_REVERSE_TO_FORWARD
528.5686,-75.0167,-49.5686,0.000,DUMMY,1,DUMMY,,,OBSTACLE_DETECTED,3.0,T2_REVERSE_TO_FORWARD
528.6686,-74.9224,-49.6018,0.000,DUMMY,1,DUMMY,,,OBSTACLE_DETECTED,3.0,T2_REVERSE_TO_FORWARD
528.7685,-74.8282,-49.6352,0.000,DUMMY,1,DUMMY,,,OBSTACLE_DETECTED,3.0,T2_REVERSE_TO_FORWARD
528.8685,-74.7340,-49.6688,0.000,DUMMY,1,DUMMY,,,OBSTACLE_DETECTED,3.0,T2_REVERSE_TO_FORWARD
528.9686,-74.6399,-49.7027,0.000,DUMMY,1,DUMMY,,,OBSTACLE_DETECTED,3.0,T2_REVERSE_TO_FORWARD
529.0686,-74.5460,-49.7371,0.000,DUMMY,1,DUMMY,,,OBSTACLE_DETECTED,3.0,T2_REVERSE_TO_FORWARD
529.1685,-74.4523,-49.7718,0.000,DUMMY,1,DUMMY,,,OBSTACLE_DETECTED,3.0,T2_REVERSE_TO_FORWARD
529.2686,-74.3586,-49.8070,0.000,DUMMY,1,DUMMY,,,OBSTACLE_DETECTED,3.0,T2_REVERSE_TO_FORWARD
529.3685,-74.2652,-49.8425,0.000,DUMMY,1,DUMMY,,,OBSTACLE_DETECTED,3.0,T2_REVERSE_TO_FORWARD
529.4686,-74.1718,-49.8784,0.000,DUMMY,1,DUMMY,,,OBSTACLE_DETECTED,3.0,T2_REVERSE_TO_FORWARD
529.5685,-74.0786,-49.9146,0.000,DUMMY,1,DUMMY,,,OBSTACLE_DETECTED,3.0,T2_REVERSE_TO_FORWARD
529.6685,-73.9855,-49.9510,0.000,DUMMY,1,DUMMY,,,OBSTACLE_DETECTED,3.0,T2_REVERSE_TO_FORWARD
529.7685,-73.8924,-49.9875,0.000,DUMMY,1,DUMMY,,,OBSTACLE_DETECTED,3.0,T2_REVERSE_TO_FORWARD
529.8685,-73.7994,-50.0242,0.000,DUMMY,1,DUMMY,,,OBSTACLE_DETECTED,3.0,T2_REVERSE_TO_FORWARD
529.9685,-73.7063,-50.0608,0.000,DUMMY,1,DUMMY,,,OBSTACLE_DETECTED,3.0,T2_REVERSE_TO_FORWARD
530.0685,-73.6132,-50.0973,0.000,DUMMY,1,DUMMY,,,OBSTACLE_DETECTED,3.0,T2_REVERSE_TO_FORWARD
530.1685,-73.5200,-50.1335,0.000,DUMMY,1,DUMMY,,,OBSTACLE_DETECTED,3.0,T2_REVERSE_TO_FORWARD
530.2685,-73.4267,-50.1695,0.000,DUMMY,1,DUMMY,,,OBSTACLE_DETECTED,3.0,T2_REVERSE_TO_FORWARD
530.3684,-73.3333,-50.2050,0.000,DUMMY,1,DUMMY,,,OBSTACLE_DETECTED,3.0,T2_REVERSE_TO_FORWARD
530.4685,-73.2396,-50.2400,0.000,DUMMY,1,DUMMY,,,OBSTACLE_DETECTED,3.0,T2_REVERSE_TO_FORWARD
530.5684,-73.1457,-50.2743,0.000,DUMMY,1,DUMMY,,,OBSTACLE_DETECTED,3.0,T2_REVERSE_TO_FORWARD
530.6684,-73.0515,-50.3079,0.000,DUMMY,1,DUMMY,,,OBSTACLE_DETECTED,3.0,T2_REVERSE_TO_FORWARD
530.7684,-72.9570,-50.3406,0.000,DUMMY,1,DUMMY,,,OBSTACLE_DETECTED,3.0,T2_REVERSE_TO_FORWARD
530.8684,-72.8622,-50.3724,0.000,DUMMY,1,DUMMY,,,OBSTACLE_DETECTED,3.0,T2_REVERSE_TO_FORWARD
530.9684,-72.7671,-50.4033,0.000,DUMMY,1,DUMMY,,,OBSTACLE_DETECTED,3.0,T2_REVERSE_TO_FORWARD
531.0684,-72.6717,-50.4332,0.000,DUMMY,1,DUMMY,,,OBSTACLE_DETECTED,3.0,T2_REVERSE_TO_FORWARD
531.1684,-72.5760,-50.4623,0.000,DUMMY,1,DUMMY,,,OBSTACLE_DETECTED,3.0,T2_REVERSE_TO_FORWARD
531.2684,-72.4801,-50.4906,0.000,DUMMY,1,DUMMY,,,OBSTACLE_DETECTED,3.0,T2_REVERSE_TO_FORWARD
531.3684,-72.3841,-50.5185,0.000,DUMMY,1,DUMMY,,,OBSTACLE_DETECTED,3.0,T2_REVERSE_TO_FORWARD
531.4684,-72.2880,-50.5462,0.000,DUMMY,1,DUMMY,,,OBSTACLE_DETECTED,3.0,T2_REVERSE_TO_FORWARD
531.5684,-72.1919,-50.5739,0.000,DUMMY,1,DUMMY,,,OBSTACLE_DETECTED,3.0,T2_REVERSE_TO_FORWARD
531.6684,-72.0959,-50.6019,0.000,DUMMY,1,DUMMY,,,OBSTACLE_DETECTED,3.0,T2_REVERSE_TO_FORWARD
531.7684,-72.0001,-50.6305,0.000,DUMMY,1,DUMMY,,,OBSTACLE_DETECTED,3.0,T2_REVERSE_TO_FORWARD
531.8684,-71.9044,-50.6596,0.000,DUMMY,1,DUMMY,,,OBSTACLE_DETECTED,3.0,T2_REVERSE_TO_FORWARD
531.9684,-71.8090,-50.6895,0.000,DUMMY,1,DUMMY,,,OBSTACLE_DETECTED,3.0,T2_REVERSE_TO_FORWARD
532.0684,-71.7138,-50.7200,0.000,DUMMY,1,DUMMY,,,OBSTACLE_DETECTED,3.0,T2_REVERSE_TO_FORWARD
532.1684,-71.6187,-50.7511,0.000,DUMMY,1,DUMMY,,,OBSTACLE_DETECTED,3.0,T2_REVERSE_TO_FORWARD
532.2684,-71.5239,-50.7828,0.000,DUMMY,1,DUMMY,,,OBSTACLE_DETECTED,3.0,T2_REVERSE_TO_FORWARD
532.3684,-71.4292,-50.8150,0.000,DUMMY,1,DUMMY,,,OBSTACLE_DETECTED,3.0,T2_REVERSE_TO_FORWARD
532.4683,-71.3347,-50.8475,0.000,DUMMY,1,DUMMY,,,OBSTACLE_DETECTED,3.0,T2_REVERSE_TO_FORWARD
532.5684,-71.2402,-50.8804,0.000,DUMMY,1,DUMMY,,,OBSTACLE_DETECTED,3.0,T2_REVERSE_TO_FORWARD
532.6683,-71.1459,-50.9135,0.000,DUMMY,1,DUMMY,,,OBSTACLE_DETECTED,3.0,T2_REVERSE_TO_FORWARD
532.7683,-71.0516,-50.9468,0.000,DUMMY,1,DUMMY,,,OBSTACLE_DETECTED,3.0,T2_REVERSE_TO_FORWARD
532.8683,-70.9574,-50.9804,0.000,DUMMY,1,DUMMY,,,OBSTACLE_DETECTED,3.0,T2_REVERSE_TO_FORWARD
532.9683,-70.8633,-51.0141,0.000,DUMMY,1,DUMMY,,,OBSTACLE_DETECTED,3.0,T2_REVERSE_TO_FORWARD
533.0683,-70.7693,-51.0482,0.000,DUMMY,1,DUMMY,,,OBSTACLE_DETECTED,3.0,T2_REVERSE_TO_FORWARD
533.1684,-70.6753,-51.0825,0.000,DUMMY,1,DUMMY,,,OBSTACLE_DETECTED,3.0,T2_REVERSE_TO_FORWARD
533.2683,-70.5816,-51.1172,0.000,DUMMY,1,DUMMY,,,OBSTACLE_DETECTED,3.0,T2_REVERSE_TO_FORWARD
533.3683,-70.4879,-51.1523,0.000,DUMMY,1,DUMMY,,,OBSTACLE_DETECTED,3.0,T2_REVERSE_TO_FORWARD
533.4683,-70.3945,-51.1878,0.000,DUMMY,1,DUMMY,,,OBSTACLE_DETECTED,3.0,T2_REVERSE_TO_FORWARD
533.5683,-70.3012,-51.2239,0.000,DUMMY,1,DUMMY,,,OBSTACLE_DETECTED,3.0,T2_REVERSE_TO_FORWARD
533.6683,-70.2081,-51.2605,0.000,DUMMY,1,DUMMY,,,OBSTACLE_DETECTED,3.0,T2_REVERSE_TO_FORWARD
533.7683,-70.1153,-51.2977,0.000,DUMMY,1,DUMMY,,,OBSTACLE_DETECTED,3.0,T2_REVERSE_TO_FORWARD
533.8683,-70.0227,-51.3354,0.000,DUMMY,1,DUMMY,,,OBSTACLE_DETECTED,3.0,T2_REVERSE_TO_FORWARD
533.9682,-69.9303,-51.3735,0.000,DUMMY,1,DUMMY,,,OBSTACLE_DETECTED,3.0,T2_REVERSE_TO_FORWARD
534.0683,-69.8380,-51.4121,0.000,DUMMY,1,DUMMY,,,OBSTACLE_DETECTED,3.0,T2_REVERSE_TO_FORWARD
534.1683,-69.7459,-51.4511,0.000,DUMMY,1,DUMMY,,,OBSTACLE_DETECTED,3.0,T2_REVERSE_TO_FORWARD
534.2682,-69.6540,-51.4904,0.000,DUMMY,1,DUMMY,,,OBSTACLE_DETECTED,3.0,T2_REVERSE_TO_FORWARD
534.3683,-69.5621,-51.5299,0.000,DUMMY,1,DUMMY,,,OBSTACLE_DETECTED,3.0,T2_REVERSE_TO_FORWARD
534.4683,-69.4703,-51.5696,0.000,DUMMY,1,DUMMY,,,OBSTACLE_DETECTED,3.0,T2_REVERSE_TO_FORWARD
534.5683,-69.3786,-51.6094,0.000,DUMMY,1,DUMMY,,,OBSTACLE_DETECTED,3.0,T2_REVERSE_TO_FORWARD
534.6683,-69.2869,-51.6493,0.000,DUMMY,1,DUMMY,,,OBSTACLE_DETECTED,3.0,T2_REVERSE_TO_FORWARD
534.7682,-69.1953,-51.6893,0.000,DUMMY,1,DUMMY,,,OBSTACLE_DETECTED,3.0,T2_REVERSE_TO_FORWARD
534.8683,-69.1036,-51.7293,0.000,DUMMY,1,DUMMY,,,OBSTACLE_DETECTED,3.0,T2_REVERSE_TO_FORWARD
534.9682,-69.0120,-51.7693,0.000,DUMMY,1,DUMMY,,,OBSTACLE_DETECTED,3.0,T2_REVERSE_TO_FORWARD
535.0682,-68.9204,-51.8093,0.000,DUMMY,1,DUMMY,,,OBSTACLE_DETECTED,3.0,T2_REVERSE_TO_FORWARD
535.1683,-68.8287,-51.8494,0.000,DUMMY,1,DUMMY,,,OBSTACLE_DETECTED,3.0,T2_REVERSE_TO_FORWARD
535.2682,-68.7372,-51.8896,0.000,DUMMY,1,DUMMY,,,OBSTACLE_DETECTED,3.0,T2_REVERSE_TO_FORWARD
535.3682,-68.6457,-51.9299,0.000,DUMMY,1,DUMMY,,,OBSTACLE_DETECTED,3.0,T2_REVERSE_TO_FORWARD
535.4682,-68.5543,-51.9705,0.000,DUMMY,1,DUMMY,,,OBSTACLE_DETECTED,3.0,T2_REVERSE_TO_FORWARD
535.5681,-68.4630,-52.0112,0.000,DUMMY,1,DUMMY,,,OBSTACLE_DETECTED,3.0,T2_REVERSE_TO_FORWARD
535.6681,-68.3718,-52.0522,0.000,DUMMY,1,DUMMY,,,OBSTACLE_DETECTED,3.0,T2_REVERSE_TO_FORWARD
535.7682,-68.2807,-52.0935,0.000,DUMMY,1,DUMMY,,,OBSTACLE_DETECTED,3.0,T2_REVERSE_TO_FORWARD
535.8682,-68.1897,-52.1350,0.000,DUMMY,1,DUMMY,,,OBSTACLE_DETECTED,3.0,T2_REVERSE_TO_FORWARD
535.9681,-68.0989,-52.1768,0.000,DUMMY,1,DUMMY,,,OBSTACLE_DETECTED,3.0,T2_REVERSE_TO_FORWARD
536.0682,-68.0081,-52.2188,0.000,DUMMY,1,DUMMY,,,OBSTACLE_DETECTED,3.0,T2_REVERSE_TO_FORWARD
536.1682,-67.9174,-52.2609,0.000,DUMMY,1,DUMMY,,,OBSTACLE_DETECTED,3.0,T2_REVERSE_TO_FORWARD
536.2682,-67.8267,-52.3030,0.000,DUMMY,1,DUMMY,,,OBSTACLE_DETECTED,3.0,T2_REVERSE_TO_FORWARD
536.3682,-67.7359,-52.3449,0.000,DUMMY,1,DUMMY,,,OBSTACLE_DETECTED,3.0,T2_REVERSE_TO_FORWARD
536.4681,-67.6451,-52.3867,0.000,DUMMY,1,DUMMY,,,OBSTACLE_DETECTED,3.0,T2_REVERSE_TO_FORWARD
536.5681,-67.5541,-52.4281,0.000,DUMMY,1,DUMMY,,,OBSTACLE_DETECTED,3.0,T2_REVERSE_TO_FORWARD
536.6681,-67.4629,-52.4692,0.000,DUMMY,1,DUMMY,,,OBSTACLE_DETECTED,3.0,T2_REVERSE_TO_FORWARD
536.7681,-67.3715,-52.5097,0.000,DUMMY,1,DUMMY,,,OBSTACLE_DETECTED,3.0,T2_REVERSE_TO_FORWARD
536.8681,-67.2799,-52.5497,0.000,DUMMY,1,DUMMY,,,OBSTACLE_DETECTED,3.0,T2_REVERSE_TO_FORWARD
536.9681,-67.1880,-52.5892,0.000,DUMMY,1,DUMMY,,,OBSTACLE_DETECTED,3.0,T2_REVERSE_TO_FORWARD
537.0681,-67.0958,-52.6280,0.000,DUMMY,1,DUMMY,,,OBSTACLE_DETECTED,3.0,T2_REVERSE_TO_FORWARD
537.1681,-67.0035,-52.6664,0.000,DUMMY,1,DUMMY,,,OBSTACLE_DETECTED,3.0,T2_REVERSE_TO_FORWARD
537.2681,-66.9110,-52.7044,0.000,DUMMY,1,DUMMY,,,OBSTACLE_DETECTED,3.0,T2_REVERSE_TO_FORWARD
537.3681,-66.8184,-52.7421,0.000,DUMMY,1,DUMMY,,,OBSTACLE_DETECTED,3.0,T2_REVERSE_TO_FORWARD
537.4681,-66.7257,-52.7797,0.000,DUMMY,1,DUMMY,,,OBSTACLE_DETECTED,3.0,T2_REVERSE_TO_FORWARD
537.5681,-66.6330,-52.8171,0.000,DUMMY,1,DUMMY,,,OBSTACLE_DETECTED,3.0,T2_REVERSE_TO_FORWARD
537.6681,-66.5403,-52.8546,0.000,DUMMY,1,DUMMY,,,OBSTACLE_DETECTED,3.0,T2_REVERSE_TO_FORWARD
537.7680,-66.4477,-52.8922,0.000,DUMMY,1,DUMMY,,,OBSTACLE_DETECTED,3.0,T2_REVERSE_TO_FORWARD
537.8681,-66.3551,-52.9301,0.000,DUMMY,1,DUMMY,,,OBSTACLE_DETECTED,3.0,T2_REVERSE_TO_FORWARD
537.9681,-66.2627,-52.9683,0.000,DUMMY,1,DUMMY,,,OBSTACLE_DETECTED,3.0,T2_REVERSE_TO_FORWARD
538.0680,-66.1704,-53.0067,0.000,DUMMY,1,DUMMY,,,OBSTACLE_DETECTED,3.0,T2_REVERSE_TO_FORWARD
538.1681,-66.0782,-53.0456,0.000,DUMMY,1,DUMMY,,,OBSTACLE_DETECTED,3.0,T2_REVERSE_TO_FORWARD
538.2681,-65.9862,-53.0847,0.000,DUMMY,1,DUMMY,,,OBSTACLE_DETECTED,3.0,T2_REVERSE_TO_FORWARD
538.3680,-65.8943,-53.1240,0.000,DUMMY,1,DUMMY,,,OBSTACLE_DETECTED,3.0,T2_REVERSE_TO_FORWARD
538.4680,-65.8025,-53.1636,0.000,DUMMY,1,DUMMY,,,OBSTACLE_DETECTED,3.0,T2_REVERSE_TO_FORWARD
538.5680,-65.7107,-53.2033,0.000,DUMMY,1,DUMMY,,,OBSTACLE_DETECTED,3.0,T2_REVERSE_TO_FORWARD
538.6680,-65.6190,-53.2431,0.000,DUMMY,1,DUMMY,,,OBSTACLE_DETECTED,3.0,T2_REVERSE_TO_FORWARD
538.7681,-65.5272,-53.2830,0.000,DUMMY,1,DUMMY,,,OBSTACLE_DETECTED,3.0,T2_REVERSE_TO_FORWARD
538.8680,-65.4355,-53.3228,0.000,DUMMY,1,DUMMY,,,OBSTACLE_DETECTED,3.0,T2_REVERSE_TO_FORWARD
538.9680,-65.3437,-53.3625,0.000,DUMMY,1,DUMMY,,,OBSTACLE_DETECTED,3.0,T2_REVERSE_TO_FORWARD
539.0680,-65.2519,-53.4021,0.000,DUMMY,1,DUMMY,,,OBSTACLE_DETECTED,3.0,T2_REVERSE_TO_FORWARD
539.1680,-65.1600,-53.4415,0.000,DUMMY,1,DUMMY,,,OBSTACLE_DETECTED,3.0,T2_REVERSE_TO_FORWARD
539.2680,-65.0681,-53.4808,0.000,DUMMY,1,DUMMY,,,OBSTACLE_DETECTED,3.0,T2_REVERSE_TO_FORWARD
539.3680,-64.9760,-53.5198,0.000,DUMMY,1,DUMMY,,,OBSTACLE_DETECTED,3.0,T2_REVERSE_TO_FORWARD
539.4680,-64.8839,-53.5588,0.000,DUMMY,1,DUMMY,,,OBSTACLE_DETECTED,3.0,T2_REVERSE_TO_FORWARD
539.5679,-64.7918,-53.5976,0.000,DUMMY,1,DUMMY,,,OBSTACLE_DETECTED,3.0,T2_REVERSE_TO_FORWARD
539.6679,-64.6996,-53.6363,0.000,DUMMY,1,DUMMY,,,OBSTACLE_DETECTED,3.0,T2_REVERSE_TO_FORWARD
539.7680,-64.6073,-53.6750,0.000,DUMMY,1,DUMMY,,,OBSTACLE_DETECTED,3.0,T2_REVERSE_TO_FORWARD
539.8680,-64.5151,-53.7136,0.000,DUMMY,1,DUMMY,,,OBSTACLE_DETECTED,3.0,T2_REVERSE_TO_FORWARD
539.9680,-64.4228,-53.7521,0.000,DUMMY,1,DUMMY,,,OBSTACLE_DETECTED,3.0,T2_REVERSE_TO_FORWARD
540.0679,-64.3306,-53.7907,0.000,DUMMY,1,DUMMY,,,OBSTACLE_DETECTED,3.0,T2_REVERSE_TO_FORWARD
540.1679,-64.2384,-53.8294,0.000,DUMMY,1,DUMMY,,,OBSTACLE_DETECTED,3.0,T2_REVERSE_TO_FORWARD
540.2679,-64.1462,-53.8681,0.000,DUMMY,1,DUMMY,,,OBSTACLE_DETECTED,3.0,T2_REVERSE_TO_FORWARD
540.3679,-64.0540,-53.9069,0.000,DUMMY,1,DUMMY,,,OBSTACLE_DETECTED,3.0,T2_REVERSE_TO_FORWARD
540.4679,-63.9619,-53.9458,0.000,DUMMY,1,DUMMY,,,OBSTACLE_DETECTED,3.0,T2_REVERSE_TO_FORWARD
540.5679,-63.8698,-53.9848,0.000,DUMMY,1,DUMMY,,,OBSTACLE_DETECTED,3.0,T2_REVERSE_TO_FORWARD
540.6679,-63.7778,-54.0240,0.000,DUMMY,1,DUMMY,,,OBSTACLE_DETECTED,3.0,T2_REVERSE_TO_FORWARD
540.7679,-63.6858,-54.0632,0.000,DUMMY,1,DUMMY,,,OBSTACLE_DETECTED,3.0,T2_REVERSE_TO_FORWARD
540.8679,-63.5939,-54.1026,0.000,DUMMY,1,DUMMY,,,OBSTACLE_DETECTED,3.0,T2_REVERSE_TO_FORWARD
540.9679,-63.5020,-54.1420,0.000,DUMMY,1,DUMMY,,,OBSTACLE_DETECTED,3.0,T2_REVERSE_TO_FORWARD
541.0679,-63.4102,-54.1816,0.000,DUMMY,1,DUMMY,,,OBSTACLE_DETECTED,3.0,T2_REVERSE_TO_FORWARD
541.1679,-63.3184,-54.2212,0.000,DUMMY,1,DUMMY,,,OBSTACLE_DETECTED,3.0,T2_REVERSE_TO_FORWARD
541.2679,-63.2266,-54.2609,0.000,DUMMY,1,DUMMY,,,OBSTACLE_DETECTED,3.0,T2_REVERSE_TO_FORWARD
541.3678,-63.1349,-54.3006,0.000,DUMMY,1,DUMMY,,,OBSTACLE_DETECTED,3.0,T2_REVERSE_TO_FORWARD
541.4678,-63.0431,-54.3403,0.000,DUMMY,1,DUMMY,,,OBSTACLE_DETECTED,3.0,T2_REVERSE_TO_FORWARD
541.5679,-62.9513,-54.3800,0.000,DUMMY,1,DUMMY,,,OBSTACLE_DETECTED,3.0,T2_REVERSE_TO_FORWARD
541.6678,-62.8595,-54.4196,0.000,DUMMY,1,DUMMY,,,OBSTACLE_DETECTED,3.0,T2_REVERSE_TO_FORWARD
541.7678,-62.7676,-54.4590,0.000,DUMMY,1,DUMMY,,,OBSTACLE_DETECTED,3.0,T2_REVERSE_TO_FORWARD
541.8678,-62.6756,-54.4982,0.000,DUMMY,1,DUMMY,,,OBSTACLE_DETECTED,3.0,T2_REVERSE_TO_FORWARD
541.9678,-62.5835,-54.5371,0.000,DUMMY,1,DUMMY,,,OBSTACLE_DETECTED,3.0,T2_REVERSE_TO_FORWARD
542.0678,-62.4912,-54.5757,0.000,DUMMY,1,DUMMY,,,OBSTACLE_DETECTED,3.0,T2_REVERSE_TO_FORWARD
542.1679,-62.3988,-54.6140,0.000,DUMMY,1,DUMMY,,,OBSTACLE_DETECTED,3.0,T2_REVERSE_TO_FORWARD
542.2678,-62.3063,-54.6518,0.000,DUMMY,1,DUMMY,,,OBSTACLE_DETECTED,3.0,T2_REVERSE_TO_FORWARD
542.3678,-62.2136,-54.6893,0.000,DUMMY,1,DUMMY,,,OBSTACLE_DETECTED,3.0,T2_REVERSE_TO_FORWARD
542.4678,-62.1207,-54.7263,0.000,DUMMY,1,DUMMY,,,OBSTACLE_DETECTED,3.0,T2_REVERSE_TO_FORWARD
542.5678,-62.0276,-54.7629,0.000,DUMMY,1,DUMMY,,,OBSTACLE_DETECTED,3.0,T2_REVERSE_TO_FORWARD
542.6678,-61.9344,-54.7991,0.000,DUMMY,1,DUMMY,,,OBSTACLE_DETECTED,3.0,T2_REVERSE_TO_FORWARD
542.7678,-61.8411,-54.8351,0.000,DUMMY,1,DUMMY,,,OBSTACLE_DETECTED,3.0,T2_REVERSE_TO_FORWARD
542.8677,-61.7478,-54.8709,0.000,DUMMY,1,DUMMY,,,OBSTACLE_DETECTED,3.0,T2_REVERSE_TO_FORWARD
542.9678,-61.6543,-54.9066,0.000,DUMMY,1,DUMMY,,,OBSTACLE_DETECTED,3.0,T2_REVERSE_TO_FORWARD
543.0678,-61.5609,-54.9423,0.000,DUMMY,1,DUMMY,,,OBSTACLE_DETECTED,3.0,T2_REVERSE_TO_FORWARD
543.1678,-61.4676,-54.9781,0.000,DUMMY,1,DUMMY,,,OBSTACLE_DETECTED,3.0,T2_REVERSE_TO_FORWARD
543.2678,-61.3742,-55.0140,0.000,DUMMY,1,DUMMY,,,OBSTACLE_DETECTED,3.0,T2_REVERSE_TO_FORWARD
543.3678,-61.2810,-55.0501,0.000,DUMMY,1,DUMMY,,,OBSTACLE_DETECTED,3.0,T2_REVERSE_TO_FORWARD
543.4677,-61.1879,-55.0865,0.000,DUMMY,1,DUMMY,,,OBSTACLE_DETECTED,3.0,T2_REVERSE_TO_FORWARD
543.5678,-61.0948,-55.1231,0.000,DUMMY,1,DUMMY,,,OBSTACLE_DETECTED,3.0,T2_REVERSE_TO_FORWARD
543.6678,-61.0018,-55.1599,0.000,DUMMY,1,DUMMY,,,OBSTACLE_DETECTED,3.0,T2_REVERSE_TO_FORWARD
543.7677,-60.9090,-55.1970,0.000,DUMMY,1,DUMMY,,,OBSTACLE_DETECTED,3.0,T2_REVERSE_TO_FORWARD
543.8677,-60.8162,-55.2342,0.000,DUMMY,1,DUMMY,,,OBSTACLE_DETECTED,3.0,T2_REVERSE_TO_FORWARD
543.9678,-60.7234,-55.2716,0.000,DUMMY,1,DUMMY,,,OBSTACLE_DETECTED,3.0,T2_REVERSE_TO_FORWARD
544.0677,-60.6307,-55.3091,0.000,DUMMY,1,DUMMY,,,OBSTACLE_DETECTED,3.0,T2_REVERSE_TO_FORWARD
544.1677,-60.5381,-55.3467,0.000,DUMMY,1,DUMMY,,,OBSTACLE_DETECTED,3.0,T2_REVERSE_TO_FORWARD
544.2677,-60.4454,-55.3843,0.000,DUMMY,1,DUMMY,,,OBSTACLE_DETECTED,3.0,T2_REVERSE_TO_FORWARD
544.3677,-60.3528,-55.4220,0.000,DUMMY,1,DUMMY,,,OBSTACLE_DETECTED,3.0,T2_REVERSE_TO_FORWARD
544.4676,-60.2602,-55.4596,0.000,DUMMY,1,DUMMY,,,OBSTACLE_DETECTED,3.0,T2_REVERSE_TO_FORWARD
544.5677,-60.1675,-55.4972,0.000,DUMMY,1,DUMMY,,,OBSTACLE_DETECTED,3.0,T2_REVERSE_TO_FORWARD
544.6677,-60.0748,-55.5347,0.000,DUMMY,1,DUMMY,,,OBSTACLE_DETECTED,3.0,T2_REVERSE_TO_FORWARD
544.7677,-59.9821,-55.5722,0.000,DUMMY,1,DUMMY,,,OBSTACLE_DETECTED,3.0,T2_REVERSE_TO_FORWARD
544.8677,-59.8893,-55.6094,0.000,DUMMY,1,DUMMY,,,OBSTACLE_DETECTED,3.0,T2_REVERSE_TO_FORWARD
544.9676,-59.7965,-55.6466,0.000,DUMMY,1,DUMMY,,,OBSTACLE_DETECTED,3.0,T2_REVERSE_TO_FORWARD
545.0677,-59.7035,-55.6836,0.000,DUMMY,1,DUMMY,,,OBSTACLE_DETECTED,3.0,T2_REVERSE_TO_FORWARD
545.1676,-59.6106,-55.7204,0.000,DUMMY,1,DUMMY,,,OBSTACLE_DETECTED,3.0,T2_REVERSE_TO_FORWARD
545.2677,-59.5175,-55.7570,0.000,DUMMY,1,DUMMY,,,OBSTACLE_DETECTED,3.0,T2_REVERSE_TO_FORWARD
545.3676,-59.4244,-55.7934,0.000,DUMMY,1,DUMMY,,,OBSTACLE_DETECTED,3.0,T2_REVERSE_TO_FORWARD
545.4677,-59.3312,-55.8298,0.000,DUMMY,1,DUMMY,,,OBSTACLE_DETECTED,3.0,T2_REVERSE_TO_FORWARD
545.5677,-59.2380,-55.8660,0.000,DUMMY,1,DUMMY,,,OBSTACLE_DETECTED,3.0,T2_REVERSE_TO_FORWARD
545.6676,-59.1448,-55.9021,0.000,DUMMY,1,DUMMY,,,OBSTACLE_DETECTED,3.0,T2_REVERSE_TO_FORWARD
545.7676,-59.0516,-55.9383,0.000,DUMMY,1,DUMMY,,,OBSTACLE_DETECTED,3.0,T2_REVERSE_TO_FORWARD
545.8676,-58.9584,-55.9746,0.000,DUMMY,1,DUMMY,,,OBSTACLE_DETECTED,3.0,T2_REVERSE_TO_FORWARD
545.9676,-58.8653,-56.0110,0.000,DUMMY,1,DUMMY,,,OBSTACLE_DETECTED,3.0,T2_REVERSE_TO_FORWARD
546.0677,-58.7722,-56.0477,0.000,DUMMY,1,DUMMY,,,OBSTACLE_DETECTED,3.0,T2_REVERSE_TO_FORWARD
546.1676,-58.6794,-56.0847,0.000,DUMMY,1,DUMMY,,,OBSTACLE_DETECTED,3.0,T2_REVERSE_TO_FORWARD
546.2676,-58.5866,-56.1221,0.000,DUMMY,1,DUMMY,,,OBSTACLE_DETECTED,3.0,T2_REVERSE_TO_FORWARD
546.3676,-58.4941,-56.1601,0.000,DUMMY,1,DUMMY,,,OBSTACLE_DETECTED,3.0,T2_REVERSE_TO_FORWARD
546.4675,-58.4019,-56.1986,0.000,DUMMY,1,DUMMY,,,OBSTACLE_DETECTED,3.0,T2_REVERSE_TO_FORWARD
546.5676,-58.3098,-56.2377,0.000,DUMMY,1,DUMMY,,,OBSTACLE_DETECTED,3.0,T2_REVERSE_TO_FORWARD
546.6676,-58.2181,-56.2775,0.000,DUMMY,1,DUMMY,,,OBSTACLE_DETECTED,3.0,T2_REVERSE_TO_FORWARD
546.7675,-58.1266,-56.3178,0.000,DUMMY,1,DUMMY,,,OBSTACLE_DETECTED,3.0,T2_REVERSE_TO_FORWARD
546.8676,-58.0353,-56.3587,0.000,DUMMY,1,DUMMY,,,OBSTACLE_DETECTED,3.0,T2_REVERSE_TO_FORWARD
546.9676,-57.9443,-56.4001,0.000,DUMMY,1,DUMMY,,,OBSTACLE_DETECTED,3.0,T2_REVERSE_TO_FORWARD
547.0676,-57.8534,-56.4419,0.000,DUMMY,1,DUMMY,,,OBSTACLE_DETECTED,3.0,T2_REVERSE_TO_FORWARD
547.1676,-57.7627,-56.4839,0.000,DUMMY,1,DUMMY,,,OBSTACLE_DETECTED,3.0,T2_REVERSE_TO_FORWARD
547.2676,-57.6720,-56.5261,0.000,DUMMY,1,DUMMY,,,OBSTACLE_DETECTED,3.0,T2_REVERSE_TO_FORWARD
547.3676,-57.5814,-56.5683,0.000,DUMMY,1,DUMMY,,,OBSTACLE_DETECTED,3.0,T2_REVERSE_TO_FORWARD
547.4675,-57.4908,-56.6105,0.000,DUMMY,1,DUMMY,,,OBSTACLE_DETECTED,3.0,T2_REVERSE_TO_FORWARD
547.5675,-57.4000,-56.6525,0.000,DUMMY,1,DUMMY,,,OBSTACLE_DETECTED,3.0,T2_REVERSE_TO_FORWARD
547.6675,-57.3092,-56.6943,0.000,DUMMY,1,DUMMY,,,OBSTACLE_DETECTED,3.0,T2_REVERSE_TO_FORWARD
547.7675,-57.2182,-56.7358,0.000,DUMMY,1,DUMMY,,,OBSTACLE_DETECTED,3.0,T2_REVERSE_TO_FORWARD
547.8675,-57.1270,-56.7769,0.000,DUMMY,1,DUMMY,,,OBSTACLE_DETECTED,3.0,T2_REVERSE_TO_FORWARD
547.9675,-57.0357,-56.8175,0.000,DUMMY,1,DUMMY,,,OBSTACLE_DETECTED,3.0,T2_REVERSE_TO_FORWARD
548.0675,-56.9441,-56.8577,0.000,DUMMY,1,DUMMY,,,OBSTACLE_DETECTED,3.0,T2_REVERSE_TO_FORWARD
548.1675,-56.8523,-56.8974,0.000,DUMMY,1,DUMMY,,,OBSTACLE_DETECTED,3.0,T2_REVERSE_TO_FORWARD
548.2675,-56.7603,-56.9366,0.000,DUMMY,1,DUMMY,,,OBSTACLE_DETECTED,3.0,T2_REVERSE_TO_FORWARD
548.3675,-56.6681,-56.9752,0.000,DUMMY,1,DUMMY,,,OBSTACLE_DETECTED,3.0,T2_REVERSE_TO_FORWARD
548.4675,-56.5757,-57.0134,0.000,DUMMY,1,DUMMY,,,OBSTACLE_DETECTED,3.0,T2_REVERSE_TO_FORWARD
548.5675,-56.4830,-57.0510,0.000,DUMMY,1,DUMMY,,,OBSTACLE_DETECTED,3.0,T2_REVERSE_TO_FORWARD
548.6675,-56.3901,-57.0880,0.000,DUMMY,1,DUMMY,,,OBSTACLE_DETECTED,3.0,T2_REVERSE_TO_FORWARD
548.7675,-56.2970,-57.1244,0.000,DUMMY,1,DUMMY,,,OBSTACLE_DETECTED,3.0,T2_REVERSE_TO_FORWARD
548.8675,-56.2037,-57.1604,0.000,DUMMY,1,DUMMY,,,OBSTACLE_DETECTED,3.0,T2_REVERSE_TO_FORWARD
548.9674,-56.1102,-57.1958,0.000,DUMMY,1,DUMMY,,,OBSTACLE_DETECTED,3.0,T2_REVERSE_TO_FORWARD
549.0675,-56.0165,-57.2309,0.000,DUMMY,1,DUMMY,,,OBSTACLE_DETECTED,3.0,T2_REVERSE_TO_FORWARD
549.1675,-55.9227,-57.2655,0.000,DUMMY,1,DUMMY,,,OBSTACLE_DETECTED,3.0,T2_REVERSE_TO_FORWARD
549.2674,-55.8288,-57.2998,0.000,DUMMY,1,DUMMY,,,OBSTACLE_DETECTED,3.0,T2_REVERSE_TO_FORWARD
549.3674,-55.7348,-57.3339,0.000,DUMMY,1,DUMMY,,,OBSTACLE_DETECTED,3.0,T2_REVERSE_TO_FORWARD
549.4674,-55.6408,-57.3679,0.000,DUMMY,1,DUMMY,,,OBSTACLE_DETECTED,3.0,T2_REVERSE_TO_FORWARD
549.5675,-55.5466,-57.4017,0.000,DUMMY,1,DUMMY,,,OBSTACLE_DETECTED,3.0,T2_REVERSE_TO_FORWARD
549.6674,-55.4525,-57.4354,0.000,DUMMY,1,DUMMY,,,OBSTACLE_DETECTED,3.0,T2_REVERSE_TO_FORWARD
549.7674,-55.3584,-57.4692,0.000,DUMMY,1,DUMMY,,,OBSTACLE_DETECTED,3.0,T2_REVERSE_TO_FORWARD
549.8674,-55.2643,-57.5031,0.000,DUMMY,1,DUMMY,,,OBSTACLE_DETECTED,3.0,T2_REVERSE_TO_FORWARD
549.9674,-55.1703,-57.5371,0.000,DUMMY,1,DUMMY,,,OBSTACLE_DETECTED,3.0,T2_REVERSE_TO_FORWARD
550.0674,-55.0763,-57.5712,0.000,DUMMY,1,DUMMY,,,OBSTACLE_DETECTED,3.0,T2_REVERSE_TO_FORWARD
550.1674,-54.9823,-57.6054,0.000,DUMMY,1,DUMMY,,,OBSTACLE_DETECTED,3.0,T2_REVERSE_TO_FORWARD
550.2674,-54.8885,-57.6399,0.000,DUMMY,1,DUMMY,,,OBSTACLE_DETECTED,3.0,T2_REVERSE_TO_FORWARD
550.3674,-54.7947,-57.6746,0.000,DUMMY,1,DUMMY,,,OBSTACLE_DETECTED,3.0,T2_REVERSE_TO_FORWARD
550.4673,-54.7010,-57.7094,0.000,DUMMY,1,DUMMY,,,OBSTACLE_DETECTED,3.0,T2_REVERSE_TO_FORWARD
550.5674,-54.6073,-57.7445,0.000,DUMMY,1,DUMMY,,,OBSTACLE_DETECTED,3.0,T2_REVERSE_TO_FORWARD
550.6673,-54.5138,-57.7798,0.000,DUMMY,1,DUMMY,,,OBSTACLE_DETECTED,3.0,T2_REVERSE_TO_FORWARD
550.7673,-54.4203,-57.8153,0.000,DUMMY,1,DUMMY,,,OBSTACLE_DETECTED,3.0,T2_REVERSE_TO_FORWARD
550.8673,-54.3269,-57.8510,0.000,DUMMY,1,DUMMY,,,OBSTACLE_DETECTED,3.0,T2_REVERSE_TO_FORWARD
550.9674,-54.2335,-57.8869,0.000,DUMMY,1,DUMMY,,,OBSTACLE_DETECTED,3.0,T2_REVERSE_TO_FORWARD
551.0673,-54.1403,-57.9229,0.000,DUMMY,1,DUMMY,,,OBSTACLE_DETECTED,3.0,T2_REVERSE_TO_FORWARD
551.1673,-54.0471,-57.9592,0.000,DUMMY,1,DUMMY,,,OBSTACLE_DETECTED,3.0,T2_REVERSE_TO_FORWARD
551.2674,-53.9539,-57.9956,0.000,DUMMY,1,DUMMY,,,OBSTACLE_DETECTED,3.0,T2_REVERSE_TO_FORWARD
551.3673,-53.8609,-58.0321,0.000,DUMMY,1,DUMMY,,,OBSTACLE_DETECTED,3.0,T2_REVERSE_TO_FORWARD
551.4673,-53.7678,-58.0687,0.000,DUMMY,1,DUMMY,,,OBSTACLE_DETECTED,3.0,T2_REVERSE_TO_FORWARD
551.5674,-53.6747,-58.1053,0.000,DUMMY,1,DUMMY,,,OBSTACLE_DETECTED,3.0,T2_REVERSE_TO_FORWARD
551.6673,-53.5817,-58.1418,0.000,DUMMY,1,DUMMY,,,OBSTACLE_DETECTED,3.0,T2_REVERSE_TO_FORWARD
551.7674,-53.4885,-58.1783,0.000,DUMMY,1,DUMMY,,,OBSTACLE_DETECTED,3.0,T2_REVERSE_TO_FORWARD
551.8673,-53.3954,-58.2146,0.000,DUMMY,1,DUMMY,,,OBSTACLE_DETECTED,3.0,T2_REVERSE_TO_FORWARD
551.9673,-53.3021,-58.2507,0.000,DUMMY,1,DUMMY,,,OBSTACLE_DETECTED,3.0,T2_REVERSE_TO_FORWARD
552.0673,-53.2088,-58.2865,0.000,DUMMY,1,DUMMY,,,OBSTACLE_DETECTED,3.0,T2_REVERSE_TO_FORWARD
552.1672,-53.1153,-58.3219,0.000,DUMMY,1,DUMMY,,,OBSTACLE_DETECTED,3.0,T2_REVERSE_TO_FORWARD
552.2673,-53.0216,-58.3570,0.000,DUMMY,1,DUMMY,,,OBSTACLE_DETECTED,3.0,T2_REVERSE_TO_FORWARD
552.3673,-52.9278,-58.3917,0.000,DUMMY,1,DUMMY,,,OBSTACLE_DETECTED,3.0,T2_REVERSE_TO_FORWARD
552.4673,-52.8339,-58.4260,0.000,DUMMY,1,DUMMY,,,OBSTACLE_DETECTED,3.0,T2_REVERSE_TO_FORWARD
552.5673,-52.7398,-58.4599,0.000,DUMMY,1,DUMMY,,,OBSTACLE_DETECTED,3.0,T2_REVERSE_TO_FORWARD
552.6672,-52.6456,-58.4933,0.000,DUMMY,1,DUMMY,,,OBSTACLE_DETECTED,3.0,T2_REVERSE_TO_FORWARD
552.7672,-52.5513,-58.5265,0.000,DUMMY,1,DUMMY,,,OBSTACLE_DETECTED,3.0,T2_REVERSE_TO_FORWARD
552.8672,-52.4569,-58.5595,0.000,DUMMY,1,DUMMY,,,OBSTACLE_DETECTED,3.0,T2_REVERSE_TO_FORWARD
552.9672,-52.3624,-58.5923,0.000,DUMMY,1,DUMMY,,,OBSTACLE_DETECTED,3.0,T2_REVERSE_TO_FORWARD
553.0672,-52.2680,-58.6251,0.000,DUMMY,1,DUMMY,,,OBSTACLE_DETECTED,3.0,T2_REVERSE_TO_FORWARD
553.1672,-52.1735,-58.6580,0.000,DUMMY,1,DUMMY,,,OBSTACLE_DETECTED,3.0,T2_REVERSE_TO_FORWARD
553.2672,-52.0791,-58.6910,0.000,DUMMY,1,DUMMY,,,OBSTACLE_DETECTED,3.0,T2_REVERSE_TO_FORWARD
553.3673,-51.9848,-58.7243,0.000,DUMMY,1,DUMMY,,,OBSTACLE_DETECTED,3.0,T2_REVERSE_TO_FORWARD
553.4672,-51.8906,-58.7577,0.000,DUMMY,1,DUMMY,,,OBSTACLE_DETECTED,3.0,T2_REVERSE_TO_FORWARD
553.5672,-51.7965,-58.7915,0.000,DUMMY,1,DUMMY,,,OBSTACLE_DETECTED,3.0,T2_REVERSE_TO_FORWARD
553.6672,-51.7025,-58.8256,0.000,DUMMY,1,DUMMY,,,OBSTACLE_DETECTED,3.0,T2_REVERSE_TO_FORWARD
553.7672,-51.6086,-58.8600,0.000,DUMMY,1,DUMMY,,,OBSTACLE_DETECTED,3.0,T2_REVERSE_TO_FORWARD
553.8672,-51.5148,-58.8946,0.000,DUMMY,1,DUMMY,,,OBSTACLE_DETECTED,3.0,T2_REVERSE_TO_FORWARD
553.9671,-51.4211,-58.9295,0.000,DUMMY,1,DUMMY,,,OBSTACLE_DETECTED,3.0,T2_REVERSE_TO_FORWARD
554.0672,-51.3274,-58.9646,0.000,DUMMY,1,DUMMY,,,OBSTACLE_DETECTED,3.0,T2_REVERSE_TO_FORWARD
554.1671,-51.2339,-58.9999,0.000,DUMMY,1,DUMMY,,,OBSTACLE_DETECTED,3.0,T2_REVERSE_TO_FORWARD
554.2672,-51.1404,-59.0354,0.000,DUMMY,1,DUMMY,,,OBSTACLE_DETECTED,3.0,T2_REVERSE_TO_FORWARD
554.3672,-51.0469,-59.0710,0.000,DUMMY,1,DUMMY,,,OBSTACLE_DETECTED,3.0,T2_REVERSE_TO_FORWARD
554.4672,-50.9535,-59.1067,0.000,DUMMY,1,DUMMY,,,OBSTACLE_DETECTED,3.0,T2_REVERSE_TO_FORWARD
554.5671,-50.8602,-59.1425,0.000,DUMMY,1,DUMMY,,,OBSTACLE_DETECTED,3.0,T2_REVERSE_TO_FORWARD
554.6671,-50.7669,-59.1784,0.000,DUMMY,1,DUMMY,,,OBSTACLE_DETECTED,3.0,T2_REVERSE_TO_FORWARD
554.7671,-50.6736,-59.2144,0.000,DUMMY,1,DUMMY,,,OBSTACLE_DETECTED,3.0,T2_REVERSE_TO_FORWARD
554.8671,-50.5803,-59.2505,0.000,DUMMY,1,DUMMY,,,OBSTACLE_DETECTED,3.0,T2_REVERSE_TO_FORWARD
554.9671,-50.4871,-59.2867,0.000,DUMMY,1,DUMMY,,,OBSTACLE_DETECTED,3.0,T2_REVERSE_TO_FORWARD
555.0671,-50.3939,-59.3230,0.000,DUMMY,1,DUMMY,,,OBSTACLE_DETECTED,3.0,T2_REVERSE_TO_FORWARD
555.1671,-50.3008,-59.3594,0.000,DUMMY,1,DUMMY,,,OBSTACLE_DETECTED,3.0,T2_REVERSE_TO_FORWARD
555.2671,-50.2077,-59.3959,0.000,DUMMY,1,DUMMY,,,OBSTACLE_DETECTED,3.0,T2_REVERSE_TO_FORWARD
555.3671,-50.1147,-59.4326,0.000,DUMMY,1,DUMMY,,,OBSTACLE_DETECTED,3.0,T2_REVERSE_TO_FORWARD
555.4671,-50.0217,-59.4695,0.000,DUMMY,1,DUMMY,,,OBSTACLE_DETECTED,3.0,T2_REVERSE_TO_FORWARD
555.5671,-49.9288,-59.5065,0.000,DUMMY,1,DUMMY,,,OBSTACLE_DETECTED,3.0,T2_REVERSE_TO_FORWARD
555.6671,-49.8360,-59.5436,0.000,DUMMY,1,DUMMY,,,OBSTACLE_DETECTED,3.0,T2_REVERSE_TO_FORWARD
555.7671,-49.7432,-59.5810,0.000,DUMMY,1,DUMMY,,,OBSTACLE_DETECTED,3.0,T2_REVERSE_TO_FORWARD
555.8671,-49.6505,-59.6184,0.000,DUMMY,1,DUMMY,,,OBSTACLE_DETECTED,3.0,T2_REVERSE_TO_FORWARD
555.9671,-49.5579,-59.6561,0.000,DUMMY,1,DUMMY,,,OBSTACLE_DETECTED,3.0,T2_REVERSE_TO_FORWARD
556.0671,-49.4653,-59.6938,0.000,DUMMY,1,DUMMY,,,OBSTACLE_DETECTED,3.0,T2_REVERSE_TO_FORWARD
556.1670,-49.3728,-59.7317,0.000,DUMMY,1,DUMMY,,,OBSTACLE_DETECTED,3.0,T2_REVERSE_TO_FORWARD
556.2671,-49.2803,-59.7698,0.000,DUMMY,1,DUMMY,,,OBSTACLE_DETECTED,3.0,T2_REVERSE_TO_FORWARD
556.3670,-49.1879,-59.8080,0.000,DUMMY,1,DUMMY,,,OBSTACLE_DETECTED,3.0,T2_REVERSE_TO_FORWARD
556.4671,-49.0955,-59.8463,0.000,DUMMY,1,DUMMY,,,OBSTACLE_DETECTED,3.0,T2_REVERSE_TO_FORWARD
556.5670,-49.0033,-59.8849,0.000,DUMMY,1,DUMMY,,,OBSTACLE_DETECTED,3.0,T2_REVERSE_TO_FORWARD
556.6671,-48.9110,-59.9235,0.000,DUMMY,1,DUMMY,,,OBSTACLE_DETECTED,3.0,T2_REVERSE_TO_FORWARD
556.7670,-48.8189,-59.9624,0.000,DUMMY,1,DUMMY,,,OBSTACLE_DETECTED,3.0,T2_REVERSE_TO_FORWARD
556.8671,-48.7268,-60.0014,0.000,DUMMY,1,DUMMY,,,OBSTACLE_DETECTED,3.0,T2_REVERSE_TO_FORWARD
556.9670,-48.6348,-60.0405,0.000,DUMMY,1,DUMMY,,,OBSTACLE_DETECTED,3.0,T2_REVERSE_TO_FORWARD
557.0670,-48.5429,-60.0799,0.000,DUMMY,1,DUMMY,,,OBSTACLE_DETECTED,3.0,T2_REVERSE_TO_FORWARD
557.1670,-48.4510,-60.1193,0.000,DUMMY,1,DUMMY,,,OBSTACLE_DETECTED,3.0,T2_REVERSE_TO_FORWARD
557.2670,-48.3592,-60.1589,0.000,DUMMY,1,DUMMY,,,OBSTACLE_DETECTED,3.0,T2_REVERSE_TO_FORWARD
557.3670,-48.2674,-60.1986,0.000,DUMMY,1,DUMMY,,,OBSTACLE_DETECTED,3.0,T2_REVERSE_TO_FORWARD
557.4670,-48.1757,-60.2384,0.000,DUMMY,1,DUMMY,,,OBSTACLE_DETECTED,3.0,T2_REVERSE_TO_FORWARD
557.5670,-48.0839,-60.2782,0.000,DUMMY,1,DUMMY,,,OBSTACLE_DETECTED,3.0,T2_REVERSE_TO_FORWARD
557.6670,-47.9922,-60.3181,0.000,DUMMY,1,DUMMY,,,OBSTACLE_DETECTED,3.0,T2_REVERSE_TO_FORWARD
557.7670,-47.9005,-60.3579,0.000,DUMMY,1,DUMMY,,,OBSTACLE_DETECTED,3.0,T2_REVERSE_TO_FORWARD
557.8670,-47.8088,-60.3978,0.000,DUMMY,1,DUMMY,,,OBSTACLE_DETECTED,3.0,T2_REVERSE_TO_FORWARD
557.9670,-47.7171,-60.4376,0.000,DUMMY,1,DUMMY,,,OBSTACLE_DETECTED,3.0,T2_REVERSE_TO_FORWARD
558.0670,-47.6253,-60.4773,0.000,DUMMY,1,DUMMY,,,OBSTACLE_DETECTED,3.0,T2_REVERSE_TO_FORWARD
558.1669,-47.5335,-60.5168,0.000,DUMMY,1,DUMMY,,,OBSTACLE_DETECTED,3.0,T2_REVERSE_TO_FORWARD
558.2669,-47.4416,-60.5562,0.000,DUMMY,1,DUMMY,,,OBSTACLE_DETECTED,3.0,T2_REVERSE_TO_FORWARD
558.3669,-47.3496,-60.5954,0.000,DUMMY,1,DUMMY,,,OBSTACLE_DETECTED,3.0,T2_REVERSE_TO_FORWARD
558.4670,-47.2574,-60.6343,0.000,DUMMY,1,DUMMY,,,OBSTACLE_DETECTED,3.0,T2_REVERSE_TO_FORWARD
558.5669,-47.1652,-60.6728,0.000,DUMMY,1,DUMMY,,,OBSTACLE_DETECTED,3.0,T2_REVERSE_TO_FORWARD
558.6670,-47.0727,-60.7110,0.000,DUMMY,1,DUMMY,,,OBSTACLE_DETECTED,3.0,T2_REVERSE_TO_FORWARD
558.7669,-46.9801,-60.7486,0.000,DUMMY,1,DUMMY,,,OBSTACLE_DETECTED,3.0,T2_REVERSE_TO_FORWARD
558.8669,-46.8873,-60.7858,0.000,DUMMY,1,DUMMY,,,OBSTACLE_DETECTED,3.0,T2_REVERSE_TO_FORWARD
558.9669,-46.7942,-60.8224,0.000,DUMMY,1,DUMMY,,,OBSTACLE_DETECTED,3.0,T2_REVERSE_TO_FORWARD
559.0669,-46.7010,-60.8585,0.000,DUMMY,1,DUMMY,,,OBSTACLE_DETECTED,3.0,T2_REVERSE_TO_FORWARD
559.1669,-46.6075,-60.8940,0.000,DUMMY,1,DUMMY,,,OBSTACLE_DETECTED,3.0,T2_REVERSE_TO_FORWARD
559.2669,-46.5138,-60.9289,0.000,DUMMY,1,DUMMY,,,OBSTACLE_DETECTED,3.0,T2_REVERSE_TO_FORWARD
559.3669,-46.4199,-60.9633,0.000,DUMMY,1,DUMMY,,,OBSTACLE_DETECTED,3.0,T2_REVERSE_TO_FORWARD
559.4669,-46.3258,-60.9973,0.000,DUMMY,1,DUMMY,,,OBSTACLE_DETECTED,3.0,T2_REVERSE_TO_FORWARD
559.5669,-46.2317,-61.0310,0.000,DUMMY,1,DUMMY,,,OBSTACLE_DETECTED,3.0,T2_REVERSE_TO_FORWARD
559.6668,-46.1375,-61.0644,0.000,DUMMY,1,DUMMY,,,OBSTACLE_DETECTED,3.0,T2_REVERSE_TO_FORWARD
559.7669,-46.0432,-61.0978,0.000,DUMMY,1,DUMMY,,,OBSTACLE_DETECTED,3.0,T2_REVERSE_TO_FORWARD
559.8669,-45.9489,-61.1312,0.000,DUMMY,1,DUMMY,,,OBSTACLE_DETECTED,3.0,T2_REVERSE_TO_FORWARD
559.9669,-45.8547,-61.1646,0.000,DUMMY,1,DUMMY,,,OBSTACLE_DETECTED,3.0,T2_REVERSE_TO_FORWARD
560.0669,-45.7605,-61.1983,0.000,DUMMY,1,DUMMY,,,OBSTACLE_DETECTED,3.0,T2_REVERSE_TO_FORWARD
560.1668,-45.6665,-61.2322,0.000,DUMMY,1,DUMMY,,,OBSTACLE_DETECTED,3.0,T2_REVERSE_TO_FORWARD
560.2668,-45.5726,-61.2665,0.000,DUMMY,1,DUMMY,,,OBSTACLE_DETECTED,3.0,T2_REVERSE_TO_FORWARD
560.3668,-45.4788,-61.3012,0.000,DUMMY,1,DUMMY,,,OBSTACLE_DETECTED,3.0,T2_REVERSE_TO_FORWARD
560.4668,-45.3852,-61.3364,0.000,DUMMY,1,DUMMY,,,OBSTACLE_DETECTED,3.0,T2_REVERSE_TO_FORWARD
560.5669,-45.2917,-61.3720,0.000,DUMMY,1,DUMMY,,,OBSTACLE_DETECTED,3.0,T2_REVERSE_TO_FORWARD
560.6668,-45.1985,-61.4081,0.000,DUMMY,1,DUMMY,,,OBSTACLE_DETECTED,3.0,T2_REVERSE_TO_FORWARD
560.7668,-45.1054,-61.4446,0.000,DUMMY,1,DUMMY,,,OBSTACLE_DETECTED,3.0,T2_REVERSE_TO_FORWARD
560.8668,-45.0125,-61.4816,0.000,DUMMY,1,DUMMY,,,OBSTACLE_DETECTED,3.0,T2_REVERSE_TO_FORWARD
560.9668,-44.9198,-61.5190,0.000,DUMMY,1,DUMMY,,,OBSTACLE_DETECTED,3.0,T2_REVERSE_TO_FORWARD
561.0668,-44.8272,-61.5569,0.000,DUMMY,1,DUMMY,,,OBSTACLE_DETECTED,3.0,T2_REVERSE_TO_FORWARD
561.1668,-44.7349,-61.5953,0.000,DUMMY,1,DUMMY,,,OBSTACLE_DETECTED,3.0,T2_REVERSE_TO_FORWARD
561.2668,-44.6427,-61.6341,0.000,DUMMY,1,DUMMY,,,OBSTACLE_DETECTED,3.0,T2_REVERSE_TO_FORWARD
561.3668,-44.5507,-61.6733,0.000,DUMMY,1,DUMMY,,,OBSTACLE_DETECTED,3.0,T2_REVERSE_TO_FORWARD
561.4668,-44.4589,-61.7128,0.000,DUMMY,1,DUMMY,,,OBSTACLE_DETECTED,3.0,T2_REVERSE_TO_FORWARD
561.5668,-44.3672,-61.7528,0.000,DUMMY,1,DUMMY,,,OBSTACLE_DETECTED,3.0,T2_REVERSE_TO_FORWARD
561.6667,-44.2757,-61.7930,0.000,DUMMY,1,DUMMY,,,OBSTACLE_DETECTED,3.0,T2_REVERSE_TO_FORWARD
561.7668,-44.1842,-61.8335,0.000,DUMMY,1,DUMMY,,,OBSTACLE_DETECTED,3.0,T2_REVERSE_TO_FORWARD
561.8668,-44.0929,-61.8742,0.000,DUMMY,1,DUMMY,,,OBSTACLE_DETECTED,3.0,T2_REVERSE_TO_FORWARD
561.9668,-44.0016,-61.9150,0.000,DUMMY,1,DUMMY,,,OBSTACLE_DETECTED,3.0,T2_REVERSE_TO_FORWARD
562.0668,-43.9104,-61.9560,0.000,DUMMY,1,DUMMY,,,OBSTACLE_DETECTED,3.0,T2_REVERSE_TO_FORWARD
562.1668,-43.8192,-61.9970,0.000,DUMMY,1,DUMMY,,,OBSTACLE_DETECTED,3.0,T2_REVERSE_TO_FORWARD
562.2668,-43.7280,-62.0381,0.000,DUMMY,1,DUMMY,,,OBSTACLE_DETECTED,3.0,T2_REVERSE_TO_FORWARD
562.3667,-43.6369,-62.0791,0.000,DUMMY,1,DUMMY,,,OBSTACLE_DETECTED,3.0,T2_REVERSE_TO_FORWARD
562.4667,-43.5457,-62.1202,0.000,DUMMY,1,DUMMY,,,OBSTACLE_DETECTED,3.0,T2_REVERSE_TO_FORWARD
562.5667,-43.4545,-62.1612,0.000,DUMMY,1,DUMMY,,,OBSTACLE_DETECTED,3.0,T2_REVERSE_TO_FORWARD
562.6668,-43.3632,-62.2021,0.000,DUMMY,1,DUMMY,,,OBSTACLE_DETECTED,3.0,T2_REVERSE_TO_FORWARD
562.7668,-43.2719,-62.2429,0.000,DUMMY,1,DUMMY,,,OBSTACLE_DETECTED,3.0,T2_REVERSE_TO_FORWARD
562.8667,-43.1806,-62.2835,0.000,DUMMY,1,DUMMY,,,OBSTACLE_DETECTED,3.0,T2_REVERSE_TO_FORWARD
562.9666,-43.0892,-62.3240,0.000,DUMMY,1,DUMMY,,,OBSTACLE_DETECTED,3.0,T2_REVERSE_TO_FORWARD
563.0667,-42.9976,-62.3643,0.000,DUMMY,1,DUMMY,,,OBSTACLE_DETECTED,3.0,T2_REVERSE_TO_FORWARD
563.1667,-42.9060,-62.4043,0.000,DUMMY,1,DUMMY,,,OBSTACLE_DETECTED,3.0,T2_REVERSE_TO_FORWARD
563.2666,-42.8143,-62.4441,0.000,DUMMY,1,DUMMY,,,OBSTACLE_DETECTED,3.0,T2_REVERSE_TO_FORWARD
563.3667,-42.7224,-62.4837,0.000,DUMMY,1,DUMMY,,,OBSTACLE_DETECTED,3.0,T2_REVERSE_TO_FORWARD
563.4667,-42.6304,-62.5229,0.000,DUMMY,1,DUMMY,,,OBSTACLE_DETECTED,3.0,T2_REVERSE_TO_FORWARD
563.5667,-42.5383,-62.5617,0.000,DUMMY,1,DUMMY,,,OBSTACLE_DETECTED,3.0,T2_REVERSE_TO_FORWARD
563.6667,-42.4460,-62.6002,0.000,DUMMY,1,DUMMY,,,OBSTACLE_DETECTED,3.0,T2_REVERSE_TO_FORWARD
563.7666,-42.3536,-62.6384,0.000,DUMMY,1,DUMMY,,,OBSTACLE_DETECTED,3.0,T2_REVERSE_TO_FORWARD
563.8667,-42.2610,-62.6762,0.000,DUMMY,1,DUMMY,,,OBSTACLE_DETECTED,3.0,T2_REVERSE_TO_FORWARD
563.9667,-42.1683,-62.7137,0.000,DUMMY,1,DUMMY,,,OBSTACLE_DETECTED,3.0,T2_REVERSE_TO_FORWARD
564.0666,-42.0755,-62.7509,0.000,DUMMY,1,DUMMY,,,OBSTACLE_DETECTED,3.0,T2_REVERSE_TO_FORWARD
564.1667,-41.9826,-62.7880,0.000,DUMMY,1,DUMMY,,,OBSTACLE_DETECTED,3.0,T2_REVERSE_TO_FORWARD
564.2666,-41.8897,-62.8249,0.000,DUMMY,1,DUMMY,,,OBSTACLE_DETECTED,3.0,T2_REVERSE_TO_FORWARD
564.3666,-41.7967,-62.8617,0.000,DUMMY,1,DUMMY,,,OBSTACLE_DETECTED,3.0,T2_REVERSE_TO_FORWARD
564.4666,-41.7038,-62.8986,0.000,DUMMY,1,DUMMY,,,OBSTACLE_DETECTED,3.0,T2_REVERSE_TO_FORWARD
564.5666,-41.6109,-62.9356,0.000,DUMMY,1,DUMMY,,,OBSTACLE_DETECTED,3.0,T2_REVERSE_TO_FORWARD
564.6665,-41.5181,-62.9727,0.000,DUMMY,1,DUMMY,,,OBSTACLE_DETECTED,3.0,T2_REVERSE_TO_FORWARD
564.7666,-41.4253,-63.0101,0.000,DUMMY,1,DUMMY,,,OBSTACLE_DETECTED,3.0,T2_REVERSE_TO_FORWARD
564.8666,-41.3326,-63.0477,0.000,DUMMY,1,DUMMY,,,OBSTACLE_DETECTED,3.0,T2_REVERSE_TO_FORWARD
564.9666,-41.2401,-63.0856,0.000,DUMMY,1,DUMMY,,,OBSTACLE_DETECTED,3.0,T2_REVERSE_TO_FORWARD
565.0666,-41.1477,-63.1239,0.000,DUMMY,1,DUMMY,,,OBSTACLE_DETECTED,3.0,T2_REVERSE_TO_FORWARD
565.1665,-41.0555,-63.1624,0.000,DUMMY,1,DUMMY,,,OBSTACLE_DETECTED,3.0,T2_REVERSE_TO_FORWARD
565.2666,-40.9633,-63.2012,0.000,DUMMY,1,DUMMY,,,OBSTACLE_DETECTED,3.0,T2_REVERSE_TO_FORWARD
565.3666,-40.8712,-63.2402,0.000,DUMMY,1,DUMMY,,,OBSTACLE_DETECTED,3.0,T2_REVERSE_TO_FORWARD
565.4665,-40.7793,-63.2794,0.000,DUMMY,1,DUMMY,,,OBSTACLE_DETECTED,3.0,T2_REVERSE_TO_FORWARD
565.5666,-40.6873,-63.3188,0.000,DUMMY,1,DUMMY,,,OBSTACLE_DETECTED,3.0,T2_REVERSE_TO_FORWARD
565.6666,-40.5954,-63.3582,0.000,DUMMY,1,DUMMY,,,OBSTACLE_DETECTED,3.0,T2_REVERSE_TO_FORWARD
565.7666,-40.5035,-63.3976,0.000,DUMMY,1,DUMMY,,,OBSTACLE_DETECTED,3.0,T2_REVERSE_TO_FORWARD
565.8665,-40.4116,-63.4370,0.000,DUMMY,1,DUMMY,,,OBSTACLE_DETECTED,3.0,T2_REVERSE_TO_FORWARD
565.9665,-40.3197,-63.4763,0.000,DUMMY,1,DUMMY,,,OBSTACLE_DETECTED,3.0,T2_REVERSE_TO_FORWARD
566.0665,-40.2277,-63.5155,0.000,DUMMY,1,DUMMY,,,OBSTACLE_DETECTED,3.0,T2_REVERSE_TO_FORWARD
566.1665,-40.1356,-63.5545,0.000,DUMMY,1,DUMMY,,,OBSTACLE_DETECTED,3.0,T2_REVERSE_TO_FORWARD
566.2665,-40.0434,-63.5933,0.000,DUMMY,1,DUMMY,,,OBSTACLE_DETECTED,3.0,T2_REVERSE_TO_FORWARD
566.3665,-39.9512,-63.6319,0.000,DUMMY,1,DUMMY,,,OBSTACLE_DETECTED,3.0,T2_REVERSE_TO_FORWARD
566.4666,-39.8588,-63.6703,0.000,DUMMY,1,DUMMY,,,OBSTACLE_DETECTED,3.0,T2_REVERSE_TO_FORWARD
566.5665,-39.7664,-63.7084,0.000,DUMMY,1,DUMMY,,,OBSTACLE_DETECTED,3.0,T2_REVERSE_TO_FORWARD
566.6665,-39.6739,-63.7463,0.000,DUMMY,1,DUMMY,,,OBSTACLE_DETECTED,3.0,T2_REVERSE_TO_FORWARD
566.7665,-39.5813,-63.7841,0.000,DUMMY,1,DUMMY,,,OBSTACLE_DETECTED,3.0,T2_REVERSE_TO_FORWARD
566.8665,-39.4886,-63.8216,0.000,DUMMY,1,DUMMY,,,OBSTACLE_DETECTED,3.0,T2_REVERSE_TO_FORWARD
566.9665,-39.3959,-63.8590,0.000,DUMMY,1,DUMMY,,,OBSTACLE_DETECTED,3.0,T2_REVERSE_TO_FORWARD
567.0665,-39.3031,-63.8963,0.000,DUMMY,1,DUMMY,,,OBSTACLE_DETECTED,3.0,T2_REVERSE_TO_FORWARD
567.1664,-39.2103,-63.9334,0.000,DUMMY,1,DUMMY,,,OBSTACLE_DETECTED,3.0,T2_REVERSE_TO_FORWARD
567.2664,-39.1174,-63.9705,0.000,DUMMY,1,DUMMY,,,OBSTACLE_DETECTED,3.0,T2_REVERSE_TO_FORWARD
567.3665,-39.0245,-64.0076,0.000,DUMMY,1,DUMMY,,,OBSTACLE_DETECTED,3.0,T2_REVERSE_TO_FORWARD
567.4665,-38.9316,-64.0446,0.000,DUMMY,1,DUMMY,,,OBSTACLE_DETECTED,3.0,T2_REVERSE_TO_FORWARD
567.5664,-38.8388,-64.0817,0.000,DUMMY,1,DUMMY,,,OBSTACLE_DETECTED,3.0,T2_REVERSE_TO_FORWARD
567.6664,-38.7460,-64.1189,0.000,DUMMY,1,DUMMY,,,OBSTACLE_DETECTED,3.0,T2_REVERSE_TO_FORWARD
567.7664,-38.6532,-64.1563,0.000,DUMMY,1,DUMMY,,,OBSTACLE_DETECTED,3.0,T2_REVERSE_TO_FORWARD
567.8664,-38.5605,-64.1938,0.000,DUMMY,1,DUMMY,,,OBSTACLE_DETECTED,3.0,T2_REVERSE_TO_FORWARD
567.9664,-38.4680,-64.2317,0.000,DUMMY,1,DUMMY,,,OBSTACLE_DETECTED,3.0,T2_REVERSE_TO_FORWARD
568.0664,-38.3755,-64.2698,0.000,DUMMY,1,DUMMY,,,OBSTACLE_DETECTED,3.0,T2_REVERSE_TO_FORWARD
568.1664,-38.2833,-64.3084,0.000,DUMMY,1,DUMMY,,,OBSTACLE_DETECTED,3.0,T2_REVERSE_TO_FORWARD
568.2664,-38.1912,-64.3474,0.000,DUMMY,1,DUMMY,,,OBSTACLE_DETECTED,3.0,T2_REVERSE_TO_FORWARD
568.3664,-38.0993,-64.3868,0.000,DUMMY,1,DUMMY,,,OBSTACLE_DETECTED,3.0,T2_REVERSE_TO_FORWARD
568.4664,-38.0076,-64.4267,0.000,DUMMY,1,DUMMY,,,OBSTACLE_DETECTED,3.0,T2_REVERSE_TO_FORWARD
568.5664,-37.9161,-64.4670,0.000,DUMMY,1,DUMMY,,,OBSTACLE_DETECTED,3.0,T2_REVERSE_TO_FORWARD
568.6664,-37.8248,-64.5078,0.000,DUMMY,1,DUMMY,,,OBSTACLE_DETECTED,3.0,T2_REVERSE_TO_FORWARD
568.7664,-37.7337,-64.5490,0.000,DUMMY,1,DUMMY,,,OBSTACLE_DETECTED,3.0,T2_REVERSE_TO_FORWARD
568.8664,-37.6427,-64.5904,0.000,DUMMY,1,DUMMY,,,OBSTACLE_DETECTED,3.0,T2_REVERSE_TO_FORWARD
568.9664,-37.5518,-64.6321,0.000,DUMMY,1,DUMMY,,,OBSTACLE_DETECTED,3.0,T2_REVERSE_TO_FORWARD
569.0664,-37.4610,-64.6740,0.000,DUMMY,1,DUMMY,,,OBSTACLE_DETECTED,3.0,T2_REVERSE_TO_FORWARD
569.1664,-37.3702,-64.7159,0.000,DUMMY,1,DUMMY,,,OBSTACLE_DETECTED,3.0,T2_REVERSE_TO_FORWARD
569.2664,-37.2794,-64.7579,0.000,DUMMY,1,DUMMY,,,OBSTACLE_DETECTED,3.0,T2_REVERSE_TO_FORWARD
569.3664,-37.1886,-64.7997,0.000,DUMMY,1,DUMMY,,,OBSTACLE_DETECTED,3.0,T2_REVERSE_TO_FORWARD
569.4663,-37.0978,-64.8415,0.000,DUMMY,1,DUMMY,,,OBSTACLE_DETECTED,3.0,T2_REVERSE_TO_FORWARD
569.5663,-37.0068,-64.8830,0.000,DUMMY,1,DUMMY,,,OBSTACLE_DETECTED,3.0,T2_REVERSE_TO_FORWARD
569.6663,-36.9158,-64.9243,0.000,DUMMY,1,DUMMY,,,OBSTACLE_DETECTED,3.0,T2_REVERSE_TO_FORWARD
569.7663,-36.8246,-64.9654,0.000,DUMMY,1,DUMMY,,,OBSTACLE_DETECTED,3.0,T2_REVERSE_TO_FORWARD
569.8663,-36.7333,-65.0062,0.000,DUMMY,1,DUMMY,,,OBSTACLE_DETECTED,3.0,T2_REVERSE_TO_FORWARD
569.9663,-36.6419,-65.0468,0.000,DUMMY,1,DUMMY,,,OBSTACLE_DETECTED,3.0,T2_REVERSE_TO_FORWARD
570.0663,-36.5504,-65.0871,0.000,DUMMY,1,DUMMY,,,OBSTACLE_DETECTED,3.0,T2_REVERSE_TO_FORWARD
570.1663,-36.4588,-65.1273,0.000,DUMMY,1,DUMMY,,,OBSTACLE_DETECTED,3.0,T2_REVERSE_TO_FORWARD
570.2663,-36.3672,-65.1673,0.000,DUMMY,1,DUMMY,,,OBSTACLE_DETECTED,3.0,T2_REVERSE_TO_FORWARD
570.3663,-36.2755,-65.2072,0.000,DUMMY,1,DUMMY,,,OBSTACLE_DETECTED,3.0,T2_REVERSE_TO_FORWARD
570.4663,-36.1838,-65.2471,0.000,DUMMY,1,DUMMY,,,OBSTACLE_DETECTED,3.0,T2_REVERSE_TO_FORWARD
570.5663,-36.0921,-65.2869,0.000,DUMMY,1,DUMMY,,,OBSTACLE_DETECTED,3.0,T2_REVERSE_TO_FORWARD
570.6662,-36.0004,-65.3267,0.000,DUMMY,1,DUMMY,,,OBSTACLE_DETECTED,3.0,T2_REVERSE_TO_FORWARD
570.7663,-35.9086,-65.3665,0.000,DUMMY,1,DUMMY,,,OBSTACLE_DETECTED,3.0,T2_REVERSE_TO_FORWARD
570.8663,-35.8169,-65.4064,0.000,DUMMY,1,DUMMY,,,OBSTACLE_DETECTED,3.0,T2_REVERSE_TO_FORWARD
570.9663,-35.7252,-65.4462,0.000,DUMMY,1,DUMMY,,,OBSTACLE_DETECTED,3.0,T2_REVERSE_TO_FORWARD
571.0663,-35.6335,-65.4861,0.000,DUMMY,1,DUMMY,,,OBSTACLE_DETECTED,3.0,T2_REVERSE_TO_FORWARD
571.1663,-35.5418,-65.5260,0.000,DUMMY,1,DUMMY,,,OBSTACLE_DETECTED,3.0,T2_REVERSE_TO_FORWARD
571.2662,-35.4501,-65.5658,0.000,DUMMY,1,DUMMY,,,OBSTACLE_DETECTED,3.0,T2_REVERSE_TO_FORWARD
571.3662,-35.3583,-65.6055,0.000,DUMMY,1,DUMMY,,,OBSTACLE_DETECTED,3.0,T2_REVERSE_TO_FORWARD
571.4662,-35.2665,-65.6451,0.000,DUMMY,1,DUMMY,,,OBSTACLE_DETECTED,3.0,T2_REVERSE_TO_FORWARD
571.5662,-35.1746,-65.6845,0.000,DUMMY,1,DUMMY,,,OBSTACLE_DETECTED,3.0,T2_REVERSE_TO_FORWARD
571.6662,-35.0826,-65.7237,0.000,DUMMY,1,DUMMY,,,OBSTACLE_DETECTED,3.0,T2_REVERSE_TO_FORWARD
571.7662,-34.9905,-65.7626,0.000,DUMMY,1,DUMMY,,,OBSTACLE_DETECTED,3.0,T2_REVERSE_TO_FORWARD
571.8662,-34.8982,-65.8011,0.000,DUMMY,1,DUMMY,,,OBSTACLE_DETECTED,3.0,T2_REVERSE_TO_FORWARD
571.9661,-34.8058,-65.8392,0.000,DUMMY,1,DUMMY,,,OBSTACLE_DETECTED,3.0,T2_REVERSE_TO_FORWARD
572.0662,-34.7131,-65.8769,0.000,DUMMY,1,DUMMY,,,OBSTACLE_DETECTED,3.0,T2_REVERSE_TO_FORWARD
572.1662,-34.6203,-65.9142,0.000,DUMMY,1,DUMMY,,,OBSTACLE_DETECTED,3.0,T2_REVERSE_TO_FORWARD
572.2662,-34.5274,-65.9511,0.000,DUMMY,1,DUMMY,,,OBSTACLE_DETECTED,3.0,T2_REVERSE_TO_FORWARD
572.3662,-34.4343,-65.9875,0.000,DUMMY,1,DUMMY,,,OBSTACLE_DETECTED,3.0,T2_REVERSE_TO_FORWARD
572.4662,-34.3410,-66.0237,0.000,DUMMY,1,DUMMY,,,OBSTACLE_DETECTED,3.0,T2_REVERSE_TO_FORWARD
572.5662,-34.2477,-66.0596,0.000,DUMMY,1,DUMMY,,,OBSTACLE_DETECTED,3.0,T2_REVERSE_TO_FORWARD
572.6662,-34.1543,-66.0953,0.000,DUMMY,1,DUMMY,,,OBSTACLE_DETECTED,3.0,T2_REVERSE_TO_FORWARD
572.7662,-34.0609,-66.1310,0.000,DUMMY,1,DUMMY,,,OBSTACLE_DETECTED,3.0,T2_REVERSE_TO_FORWARD
572.8662,-33.9675,-66.1667,0.000,DUMMY,1,DUMMY,,,OBSTACLE_DETECTED,3.0,T2_REVERSE_TO_FORWARD
572.9661,-33.8742,-66.2026,0.000,DUMMY,1,DUMMY,,,OBSTACLE_DETECTED,3.0,T2_REVERSE_TO_FORWARD
573.0661,-33.7809,-66.2386,0.000,DUMMY,1,DUMMY,,,OBSTACLE_DETECTED,3.0,T2_REVERSE_TO_FORWARD
573.1661,-33.6878,-66.2750,0.000,DUMMY,1,DUMMY,,,OBSTACLE_DETECTED,3.0,T2_REVERSE_TO_FORWARD
573.2661,-33.5947,-66.3116,0.000,DUMMY,1,DUMMY,,,OBSTACLE_DETECTED,3.0,T2_REVERSE_TO_FORWARD
573.3661,-33.5018,-66.3485,0.000,DUMMY,1,DUMMY,,,OBSTACLE_DETECTED,3.0,T2_REVERSE_TO_FORWARD
573.4661,-33.4090,-66.3857,0.000,DUMMY,1,DUMMY,,,OBSTACLE_DETECTED,3.0,T2_REVERSE_TO_FORWARD
573.5662,-33.3162,-66.4232,0.000,DUMMY,1,DUMMY,,,OBSTACLE_DETECTED,3.0,T2_REVERSE_TO_FORWARD
573.6661,-33.2236,-66.4608,0.000,DUMMY,1,DUMMY,,,OBSTACLE_DETECTED,3.0,T2_REVERSE_TO_FORWARD
573.7661,-33.1310,-66.4986,0.000,DUMMY,1,DUMMY,,,OBSTACLE_DETECTED,3.0,T2_REVERSE_TO_FORWARD
573.8661,-33.0385,-66.5364,0.000,DUMMY,1,DUMMY,,,OBSTACLE_DETECTED,3.0,T2_REVERSE_TO_FORWARD
573.9661,-32.9459,-66.5742,0.000,DUMMY,1,DUMMY,,,OBSTACLE_DETECTED,3.0,T2_REVERSE_TO_FORWARD
574.0662,-32.8532,-66.6119,0.000,DUMMY,1,DUMMY,,,OBSTACLE_DETECTED,3.0,T2_REVERSE_TO_FORWARD
574.1661,-32.7605,-66.6492,0.000,DUMMY,1,DUMMY,,,OBSTACLE_DETECTED,3.0,T2_REVERSE_TO_FORWARD
574.2661,-32.6675,-66.6861,0.000,DUMMY,1,DUMMY,,,OBSTACLE_DETECTED,3.0,T2_REVERSE_TO_FORWARD
574.3660,-32.5744,-66.7223,0.000,DUMMY,1,DUMMY,,,OBSTACLE_DETECTED,3.0,T2_REVERSE_TO_FORWARD
574.3984,-32.5442,-66.7339,0.000,DUMMY,1,DUMMY,DUMMY_OBSTACLE_ZONE_END,,OBSTACLE_DETECTED,3.0,T2_REVERSE_TO_FORWARD
574.4660,-32.4809,-66.7578,0.000,DUMMY,1,DUMMY,,,OBSTACLE_DETECTED,3.0,T2_REVERSE_TO_FORWARD
574.5661,-32.3871,-66.7926,0.000,DUMMY,1,DUMMY,,,OBSTACLE_DETECTED,3.0,T2_REVERSE_TO_FORWARD
574.6660,-32.2932,-66.8269,0.000,DUMMY,1,DUMMY,,,OBSTACLE_DETECTED,3.0,T2_REVERSE_TO_FORWARD
574.6979,-32.2633,-66.8379,0.000,NORMAL,1,ROUTE,,,,,T2_REVERSE_TO_FORWARD
574.7661,-32.1993,-66.8614,0.000,NORMAL,1,ROUTE,,,,,T2_REVERSE_TO_FORWARD
574.8661,-32.1054,-66.8958,0.000,NORMAL,1,ROUTE,,,,,T2_REVERSE_TO_FORWARD
574.9660,-32.0115,-66.9300,0.000,NORMAL,1,ROUTE,,,,,T2_REVERSE_TO_FORWARD
575.0660,-31.9175,-66.9641,0.000,NORMAL,1,ROUTE,,,,,T2_REVERSE_TO_FORWARD
575.1660,-31.8234,-66.9980,0.000,NORMAL,1,ROUTE,,,,,T2_REVERSE_TO_FORWARD
575.2660,-31.7292,-67.0315,0.000,NORMAL,1,ROUTE,,,,,T2_REVERSE_TO_FORWARD
575.3660,-31.6348,-67.0646,0.000,NORMAL,1,ROUTE,,,,,T2_REVERSE_TO_FORWARD
575.4660,-31.5403,-67.0973,0.000,NORMAL,1,ROUTE,,,,,T2_REVERSE_TO_FORWARD
575.5660,-31.4457,-67.1296,0.000,NORMAL,1,ROUTE,,,,,T2_REVERSE_TO_FORWARD
575.6660,-31.3509,-67.1614,0.000,NORMAL,1,ROUTE,,,,,T2_REVERSE_TO_FORWARD
575.7660,-31.2559,-67.1927,0.000,NORMAL,1,ROUTE,,,,,T2_REVERSE_TO_FORWARD
575.8660,-31.1608,-67.2236,0.000,NORMAL,1,ROUTE,,,,,T2_REVERSE_TO_FORWARD
575.9660,-31.0656,-67.2540,0.000,NORMAL,1,ROUTE,,,,,T2_REVERSE_TO_FORWARD
576.0660,-30.9702,-67.2841,0.000,NORMAL,1,ROUTE,,,,,T2_REVERSE_TO_FORWARD
576.1660,-30.8747,-67.3139,0.000,NORMAL,1,ROUTE,,,,,T2_REVERSE_TO_FORWARD
576.2660,-30.7792,-67.3433,0.000,NORMAL,1,ROUTE,,,,,T2_REVERSE_TO_FORWARD
576.3659,-30.6836,-67.3726,0.000,NORMAL,1,ROUTE,,,,,T2_REVERSE_TO_FORWARD
576.4659,-30.5879,-67.4016,0.000,NORMAL,1,ROUTE,,,,,T2_REVERSE_TO_FORWARD
576.5659,-30.4922,-67.4305,0.000,NORMAL,1,ROUTE,,,,,T2_REVERSE_TO_FORWARD
576.6659,-30.3964,-67.4592,0.000,NORMAL,1,ROUTE,,,,,T2_REVERSE_TO_FORWARD
576.7659,-30.3006,-67.4879,0.000,NORMAL,1,ROUTE,,,,,T2_REVERSE_TO_FORWARD
576.8660,-30.2047,-67.5164,0.000,NORMAL,1,ROUTE,,,,,T2_REVERSE_TO_FORWARD
576.9659,-30.1089,-67.5448,0.000,NORMAL,1,ROUTE,,,,,T2_REVERSE_TO_FORWARD
577.0659,-30.0130,-67.5732,0.000,NORMAL,1,ROUTE,,,,,T2_REVERSE_TO_FORWARD
577.1660,-29.9170,-67.6014,0.000,NORMAL,1,ROUTE,,,,,T2_REVERSE_TO_FORWARD
577.2659,-29.8211,-67.6295,0.000,NORMAL,1,ROUTE,,,,,T2_REVERSE_TO_FORWARD
577.3659,-29.7251,-67.6574,0.000,NORMAL,1,ROUTE,,,,,T2_REVERSE_TO_FORWARD
577.4659,-29.6290,-67.6851,0.000,NORMAL,1,ROUTE,,,,,T2_REVERSE_TO_FORWARD
577.5659,-29.5328,-67.7124,0.000,NORMAL,1,ROUTE,,,,,T2_REVERSE_TO_FORWARD
577.6659,-29.4365,-67.7394,0.000,NORMAL,1,ROUTE,,,,,T2_REVERSE_TO_FORWARD
577.7659,-29.3401,-67.7660,0.000,NORMAL,1,ROUTE,,,,,T2_REVERSE_TO_FORWARD
577.8659,-29.2435,-67.7920,0.000,NORMAL,1,ROUTE,,,,,T2_REVERSE_TO_FORWARD
577.9659,-29.1468,-67.8173,0.000,NORMAL,1,ROUTE,,,,,T2_REVERSE_TO_FORWARD
578.0658,-29.0499,-67.8418,0.000,NORMAL,1,ROUTE,,,,,T2_REVERSE_TO_FORWARD
578.1658,-28.9527,-67.8653,0.000,NORMAL,1,ROUTE,,,,,T2_REVERSE_TO_FORWARD
578.2658,-28.8553,-67.8879,0.000,NORMAL,1,ROUTE,,,,,T2_REVERSE_TO_FORWARD
578.3658,-28.7576,-67.9092,0.000,NORMAL,1,ROUTE,,,,,T2_REVERSE_TO_FORWARD
578.4659,-28.6596,-67.9294,0.000,NORMAL,1,ROUTE,,,,,T2_REVERSE_TO_FORWARD
578.5659,-28.5614,-67.9482,0.000,NORMAL,1,ROUTE,,,,,T2_REVERSE_TO_FORWARD
578.6658,-28.4630,-67.9656,0.000,NORMAL,1,ROUTE,,,,,T2_REVERSE_TO_FORWARD
578.7658,-28.3643,-67.9816,0.000,NORMAL,1,ROUTE,,,,,T2_REVERSE_TO_FORWARD
578.8658,-28.2653,-67.9959,0.000,NORMAL,1,ROUTE,,,,,T2_REVERSE_TO_FORWARD
578.9658,-28.1661,-68.0085,0.000,NORMAL,1,ROUTE,,,,,T2_REVERSE_TO_FORWARD
579.0658,-28.0667,-68.0190,0.000,NORMAL,1,ROUTE,,,,,T2_REVERSE_TO_FORWARD
579.1658,-27.9670,-68.0274,0.000,NORMAL,1,ROUTE,,,,,T2_REVERSE_TO_FORWARD
579.2658,-27.8672,-68.0333,0.000,NORMAL,1,ROUTE,,,,,T2_REVERSE_TO_FORWARD
579.3657,-27.7673,-68.0365,0.000,NORMAL,1,ROUTE,,,,,T2_REVERSE_TO_FORWARD
579.4657,-27.6673,-68.0368,0.000,NORMAL,1,ROUTE,,,,,T2_REVERSE_TO_FORWARD
579.5658,-27.5673,-68.0341,0.000,NORMAL,1,ROUTE,,,,,T2_REVERSE_TO_FORWARD
579.6657,-27.4675,-68.0284,0.000,NORMAL,1,ROUTE,,,,,T2_REVERSE_TO_FORWARD
579.7657,-27.3679,-68.0196,0.000,NORMAL,1,ROUTE,,,,,T2_REVERSE_TO_FORWARD
579.8657,-27.2686,-68.0080,0.000,NORMAL,1,ROUTE,,,,,T2_REVERSE_TO_FORWARD
579.9657,-27.1696,-67.9939,0.000,NORMAL,1,ROUTE,,,,,T2_REVERSE_TO_FORWARD
580.0657,-27.0709,-67.9775,0.000,NORMAL,1,ROUTE,,,,,T2_REVERSE_TO_FORWARD
580.1658,-26.9726,-67.9591,0.000,NORMAL,1,ROUTE,,,,,T2_REVERSE_TO_FORWARD
580.2657,-26.8747,-67.9390,0.000,NORMAL,1,ROUTE,,,,,T2_REVERSE_TO_FORWARD
580.3657,-26.7771,-67.9173,0.000,NORMAL,1,ROUTE,,,,,T2_REVERSE_TO_FORWARD
580.4657,-26.6798,-67.8942,0.000,NORMAL,1,ROUTE,,,,,T2_REVERSE_TO_FORWARD
580.5656,-26.5828,-67.8701,0.000,NORMAL,1,ROUTE,,,,,T2_REVERSE_TO_FORWARD
580.6657,-26.4860,-67.8449,0.000,NORMAL,1,ROUTE,,,,,T2_REVERSE_TO_FORWARD
580.7657,-26.3894,-67.8189,0.000,NORMAL,1,ROUTE,,,,,T2_REVERSE_TO_FORWARD
580.8656,-26.2931,-67.7922,0.000,NORMAL,1,ROUTE,,,,,T2_REVERSE_TO_FORWARD
580.9656,-26.1969,-67.7649,0.000,NORMAL,1,ROUTE,,,,,T2_REVERSE_TO_FORWARD
581.0657,-26.1008,-67.7370,0.000,NORMAL,1,ROUTE,,,,,T2_REVERSE_TO_FORWARD
581.1657,-26.0049,-67.7087,0.000,NORMAL,1,ROUTE,,,,,T2_REVERSE_TO_FORWARD
581.2657,-25.9091,-67.6800,0.000,NORMAL,1,ROUTE,,,,,T2_REVERSE_TO_FORWARD
581.3656,-25.8135,-67.6509,0.000,NORMAL,1,ROUTE,,,,,T2_REVERSE_TO_FORWARD
581.4656,-25.7180,-67.6213,0.000,NORMAL,1,ROUTE,,,,,T2_REVERSE_TO_FORWARD
581.5656,-25.6226,-67.5912,0.000,NORMAL,1,ROUTE,,,,,T2_REVERSE_TO_FORWARD
581.6656,-25.5274,-67.5606,0.000,NORMAL,1,ROUTE,,,,,T2_REVERSE_TO_FORWARD
581.7656,-25.4324,-67.5294,0.000,NORMAL,1,ROUTE,,,,,T2_REVERSE_TO_FORWARD
581.8656,-25.3377,-67.4974,0.000,NORMAL,1,ROUTE,,,,,T2_REVERSE_TO_FORWARD
581.9657,-25.2432,-67.4645,0.000,NORMAL,1,ROUTE,,,,,T2_REVERSE_TO_FORWARD
582.0655,-25.1492,-67.4307,0.000,NORMAL,1,ROUTE,,,,,T2_REVERSE_TO_FORWARD
582.1656,-25.0554,-67.3958,0.000,NORMAL,1,ROUTE,,,,,T2_REVERSE_TO_FORWARD
582.2656,-24.9622,-67.3597,0.000,NORMAL,1,ROUTE,,,,,T2_REVERSE_TO_FORWARD
582.3656,-24.8694,-67.3225,0.000,NORMAL,1,ROUTE,,,,,T2_REVERSE_TO_FORWARD
582.4656,-24.7771,-67.2840,0.000,NORMAL,1,ROUTE,,,,,T2_REVERSE_TO_FORWARD
582.5656,-24.6853,-67.2443,0.000,NORMAL,1,ROUTE,,,,,T2_REVERSE_TO_FORWARD
582.6656,-24.5942,-67.2030,0.000,NORMAL,1,ROUTE,,,,,T2_REVERSE_TO_FORWARD
582.7656,-24.5038,-67.1603,0.000,NORMAL,1,ROUTE,,,,,T2_REVERSE_TO_FORWARD
582.8656,-24.4142,-67.1159,0.000,NORMAL,1,ROUTE,,,,,T2_REVERSE_TO_FORWARD
582.9655,-24.3256,-67.0696,0.000,NORMAL,1,ROUTE,,,,,T2_REVERSE_TO_FORWARD
583.0655,-24.2380,-67.0214,0.000,NORMAL,1,ROUTE,,,,,T2_REVERSE_TO_FORWARD
583.1656,-24.1516,-66.9710,0.000,NORMAL,1,ROUTE,,,,,T2_REVERSE_TO_FORWARD
583.2655,-24.0667,-66.9183,0.000,NORMAL,1,ROUTE,,,,,T2_REVERSE_TO_FORWARD
583.3655,-23.9833,-66.8631,0.000,NORMAL,1,ROUTE,,,,,T2_REVERSE_TO_FORWARD
583.4655,-23.9015,-66.8056,0.000,NORMAL,1,ROUTE,,,,,T2_REVERSE_TO_FORWARD
583.5655,-23.8215,-66.7456,0.000,NORMAL,1,ROUTE,,,,,T2_REVERSE_TO_FORWARD
583.6655,-23.7432,-66.6834,0.000,NORMAL,1,ROUTE,,,,,T2_REVERSE_TO_FORWARD
583.7654,-23.6667,-66.6191,0.000,NORMAL,1,ROUTE,,,,,T2_REVERSE_TO_FORWARD
583.8655,-23.5918,-66.5527,0.000,NORMAL,1,ROUTE,,,,,T2_REVERSE_TO_FORWARD
583.9654,-23.5188,-66.4845,0.000,NORMAL,1,ROUTE,,,,,T2_REVERSE_TO_FORWARD
584.0654,-23.4474,-66.4145,0.000,NORMAL,1,ROUTE,,,,,T2_REVERSE_TO_FORWARD
584.1654,-23.3777,-66.3428,0.000,NORMAL,1,ROUTE,,,,,T2_REVERSE_TO_FORWARD
584.2654,-23.3096,-66.2695,0.000,NORMAL,1,ROUTE,,,,,T2_REVERSE_TO_FORWARD
584.3655,-23.2432,-66.1947,0.000,NORMAL,1,ROUTE,,,,,T2_REVERSE_TO_FORWARD
584.4654,-23.1784,-66.1186,0.000,NORMAL,1,ROUTE,,,,,T2_REVERSE_TO_FORWARD
584.5654,-23.1152,-66.0411,0.000,NORMAL,1,ROUTE,,,,,T2_REVERSE_TO_FORWARD
584.6654,-23.0534,-65.9625,0.000,NORMAL,1,ROUTE,,,,,T2_REVERSE_TO_FORWARD
584.7655,-22.9928,-65.8829,0.000,NORMAL,1,ROUTE,,,,,T2_REVERSE_TO_FORWARD
584.8654,-22.9335,-65.8025,0.000,NORMAL,1,ROUTE,,,,,T2_REVERSE_TO_FORWARD
584.9654,-22.8751,-65.7213,0.000,NORMAL,1,ROUTE,,,,,T2_REVERSE_TO_FORWARD
585.0654,-22.8177,-65.6394,0.000,NORMAL,1,ROUTE,,,,,T2_REVERSE_TO_FORWARD
585.1654,-22.7611,-65.5569,0.000,NORMAL,1,ROUTE,,,,,T2_REVERSE_TO_FORWARD
585.2654,-22.7053,-65.4740,0.000,NORMAL,1,ROUTE,,,,,T2_REVERSE_TO_FORWARD
585.3654,-22.6501,-65.3906,0.000,NORMAL,1,ROUTE,,,,,T2_REVERSE_TO_FORWARD
585.4653,-22.5956,-65.3068,0.000,NORMAL,1,ROUTE,,,,,T2_REVERSE_TO_FORWARD
585.5654,-22.5416,-65.2226,0.000,NORMAL,1,ROUTE,,,,,T2_REVERSE_TO_FORWARD
585.6654,-22.4881,-65.1381,0.000,NORMAL,1,ROUTE,,,,,T2_REVERSE_TO_FORWARD
585.7653,-22.4352,-65.0533,0.000,NORMAL,1,ROUTE,,,,,T2_REVERSE_TO_FORWARD
585.8654,-22.3826,-64.9682,0.000,NORMAL,1,ROUTE,,,,,T2_REVERSE_TO_FORWARD
585.9653,-22.3305,-64.8829,0.000,NORMAL,1,ROUTE,,,,,T2_REVERSE_TO_FORWARD
586.0653,-22.2787,-64.7974,0.000,NORMAL,1,ROUTE,,,,,T2_REVERSE_TO_FORWARD
586.1653,-22.2273,-64.7116,0.000,NORMAL,1,ROUTE,,,,,T2_REVERSE_TO_FORWARD
586.2653,-22.1761,-64.6257,0.000,NORMAL,1,ROUTE,,,,,T2_REVERSE_TO_FORWARD
586.3653,-22.1253,-64.5396,0.000,NORMAL,1,ROUTE,,,,,T2_REVERSE_TO_FORWARD
586.4653,-22.0747,-64.4533,0.000,NORMAL,1,ROUTE,,,,,T2_REVERSE_TO_FORWARD
586.5653,-22.0244,-64.3669,0.000,NORMAL,1,ROUTE,,,,,T2_REVERSE_TO_FORWARD
586.6653,-21.9743,-64.2803,0.000,NORMAL,1,ROUTE,,,,,T2_REVERSE_TO_FORWARD
586.7653,-21.9245,-64.1936,0.000,NORMAL,1,ROUTE,,,,,T2_REVERSE_TO_FORWARD
586.8653,-21.8750,-64.1068,0.000,NORMAL,1,ROUTE,,,,,T2_REVERSE_TO_FORWARD
586.9653,-21.8256,-64.0198,0.000,NORMAL,1,ROUTE,,,,,T2_REVERSE_TO_FORWARD
587.0652,-21.7766,-63.9327,0.000,NORMAL,1,ROUTE,,,,,T2_REVERSE_TO_FORWARD
587.1653,-21.7278,-63.8454,0.000,NORMAL,1,ROUTE,,,,,T2_REVERSE_TO_FORWARD
587.2652,-21.6794,-63.7579,0.000,NORMAL,1,ROUTE,,,,,T2_REVERSE_TO_FORWARD
587.3653,-21.6313,-63.6702,0.000,NORMAL,1,ROUTE,,,,,T2_REVERSE_TO_FORWARD
587.4653,-21.5836,-63.5823,0.000,NORMAL,1,ROUTE,,,,,T2_REVERSE_TO_FORWARD
587.5652,-21.5364,-63.4942,0.000,NORMAL,1,ROUTE,,,,,T2_REVERSE_TO_FORWARD
587.6652,-21.4896,-63.4058,0.000,NORMAL,1,ROUTE,,,,,T2_REVERSE_TO_FORWARD
587.7653,-21.4434,-63.3171,0.000,NORMAL,1,ROUTE,,,,,T2_REVERSE_TO_FORWARD
587.8652,-21.3977,-63.2282,0.000,NORMAL,1,ROUTE,,,,,T2_REVERSE_TO_FORWARD
587.9653,-21.3526,-63.1389,0.000,NORMAL,1,ROUTE,,,,,T2_REVERSE_TO_FORWARD
588.0652,-21.3081,-63.0494,0.000,NORMAL,1,ROUTE,,,,,T2_REVERSE_TO_FORWARD
588.1652,-21.2640,-62.9597,0.000,NORMAL,1,ROUTE,,,,,T2_REVERSE_TO_FORWARD
588.2652,-21.2203,-62.8697,0.000,NORMAL,1,ROUTE,,,,,T2_REVERSE_TO_FORWARD
588.3652,-21.1770,-62.7796,0.000,NORMAL,1,ROUTE,,,,,T2_REVERSE_TO_FORWARD
588.4652,-21.1340,-62.6893,0.000,NORMAL,1,ROUTE,,,,,T2_REVERSE_TO_FORWARD
588.5652,-21.0911,-62.5990,0.000,NORMAL,1,ROUTE,,,,,T2_REVERSE_TO_FORWARD
588.6651,-21.0484,-62.5086,0.000,NORMAL,1,ROUTE,,,,,T2_REVERSE_TO_FORWARD
588.7652,-21.0057,-62.4181,0.000,NORMAL,1,ROUTE,,,,,T2_REVERSE_TO_FORWARD
588.8651,-20.9629,-62.3278,0.000,NORMAL,1,ROUTE,,,,,T2_REVERSE_TO_FORWARD
588.9652,-20.9199,-62.2375,0.000,NORMAL,1,ROUTE,,,,,T2_REVERSE_TO_FORWARD
589.0652,-20.8767,-62.1473,0.000,NORMAL,1,ROUTE,,,,,T2_REVERSE_TO_FORWARD
589.1651,-20.8332,-62.0573,0.000,NORMAL,1,ROUTE,,,,,T2_REVERSE_TO_FORWARD
589.2652,-20.7893,-61.9674,0.000,NORMAL,1,ROUTE,,,,,T2_REVERSE_TO_FORWARD
589.3652,-20.7449,-61.8778,0.000,NORMAL,1,ROUTE,,,,,T2_REVERSE_TO_FORWARD
589.4652,-20.6999,-61.7885,0.000,NORMAL,1,ROUTE,,,,,T2_REVERSE_TO_FORWARD
589.5651,-20.6544,-61.6995,0.000,NORMAL,1,ROUTE,,,,,T2_REVERSE_TO_FORWARD
589.6651,-20.6084,-61.6107,0.000,NORMAL,1,ROUTE,,,,,T2_REVERSE_TO_FORWARD
589.7651,-20.5617,-61.5223,0.000,NORMAL,1,ROUTE,,,,,T2_REVERSE_TO_FORWARD
589.8651,-20.5146,-61.4341,0.000,NORMAL,1,ROUTE,,,,,T2_REVERSE_TO_FORWARD
589.9651,-20.4671,-61.3461,0.000,NORMAL,1,ROUTE,,,,,T2_REVERSE_TO_FORWARD
590.0651,-20.4193,-61.2583,0.000,NORMAL,1,ROUTE,,,,,T2_REVERSE_TO_FORWARD
590.1651,-20.3713,-61.1705,0.000,NORMAL,1,ROUTE,,,,,T2_REVERSE_TO_FORWARD
590.2651,-20.3232,-61.0829,0.000,NORMAL,1,ROUTE,,,,,T2_REVERSE_TO_FORWARD
590.3651,-20.2752,-60.9951,0.000,NORMAL,1,ROUTE,,,,,T2_REVERSE_TO_FORWARD
590.4651,-20.2274,-60.9073,0.000,NORMAL,1,ROUTE,,,,,T2_REVERSE_TO_FORWARD
590.5651,-20.1799,-60.8193,0.000,NORMAL,1,ROUTE,,,,,T2_REVERSE_TO_FORWARD
590.6651,-20.1328,-60.7311,0.000,NORMAL,1,ROUTE,,,,,T2_REVERSE_TO_FORWARD
590.7651,-20.0861,-60.6427,0.000,NORMAL,1,ROUTE,,,,,T2_REVERSE_TO_FORWARD
590.8650,-20.0400,-60.5540,0.000,NORMAL,1,ROUTE,,,,,T2_REVERSE_TO_FORWARD
590.9650,-19.9946,-60.4649,0.000,NORMAL,1,ROUTE,,,,,T2_REVERSE_TO_FORWARD
591.0650,-19.9498,-60.3755,0.000,NORMAL,1,ROUTE,,,,,T2_REVERSE_TO_FORWARD
591.1650,-19.9058,-60.2857,0.000,NORMAL,1,ROUTE,,,,,T2_REVERSE_TO_FORWARD
591.2650,-19.8626,-60.1955,0.000,NORMAL,1,ROUTE,,,,,T2_REVERSE_TO_FORWARD
591.3650,-19.8201,-60.1050,0.000,NORMAL,1,ROUTE,,,,,T2_REVERSE_TO_FORWARD
591.4651,-19.7783,-60.0141,0.000,NORMAL,1,ROUTE,,,,,T2_REVERSE_TO_FORWARD
591.5650,-19.7373,-59.9230,0.000,NORMAL,1,ROUTE,,,,,T2_REVERSE_TO_FORWARD
591.6650,-19.6969,-59.8315,0.000,NORMAL,1,ROUTE,,,,,T2_REVERSE_TO_FORWARD
591.7650,-19.6570,-59.7398,0.000,NORMAL,1,ROUTE,,,,,T2_REVERSE_TO_FORWARD
591.8650,-19.6176,-59.6479,0.000,NORMAL,1,ROUTE,,,,,T2_REVERSE_TO_FORWARD
591.9650,-19.5785,-59.5559,0.000,NORMAL,1,ROUTE,,,,,T2_REVERSE_TO_FORWARD
592.0650,-19.5395,-59.4638,0.000,NORMAL,1,ROUTE,,,,,T2_REVERSE_TO_FORWARD
592.1650,-19.5005,-59.3717,0.000,NORMAL,1,ROUTE,,,,,T2_REVERSE_TO_FORWARD
592.2650,-19.4615,-59.2796,0.000,NORMAL,1,ROUTE,,,,,T2_REVERSE_TO_FORWARD
592.3650,-19.4222,-59.1877,0.000,NORMAL,1,ROUTE,,,,,T2_REVERSE_TO_FORWARD
592.4649,-19.3828,-59.0958,0.000,NORMAL,1,ROUTE,,,,,T2_REVERSE_TO_FORWARD
592.5650,-19.3430,-59.0040,0.000,NORMAL,1,ROUTE,,,,,T2_REVERSE_TO_FORWARD
592.6650,-19.3030,-58.9124,0.000,NORMAL,1,ROUTE,,,,,T2_REVERSE_TO_FORWARD
592.7649,-19.2627,-58.8209,0.000,NORMAL,1,ROUTE,,,,,T2_REVERSE_TO_FORWARD
592.8650,-19.2221,-58.7295,0.000,NORMAL,1,ROUTE,,,,,T2_REVERSE_TO_FORWARD
592.9650,-19.1813,-58.6382,0.000,NORMAL,1,ROUTE,,,,,T2_REVERSE_TO_FORWARD
593.0649,-19.1403,-58.5470,0.000,NORMAL,1,ROUTE,,,,,T2_REVERSE_TO_FORWARD
593.1649,-19.0991,-58.4559,0.000,NORMAL,1,ROUTE,,,,,T2_REVERSE_TO_FORWARD
593.2650,-19.0578,-58.3648,0.000,NORMAL,1,ROUTE,,,,,T2_REVERSE_TO_FORWARD
593.3649,-19.0164,-58.2738,0.000,NORMAL,1,ROUTE,,,,,T2_REVERSE_TO_FORWARD
593.4649,-18.9751,-58.1828,0.000,NORMAL,1,ROUTE,,,,,T2_REVERSE_TO_FORWARD
593.5649,-18.9337,-58.0917,0.000,NORMAL,1,ROUTE,,,,,T2_REVERSE_TO_FORWARD
593.6649,-18.8925,-58.0006,0.000,NORMAL,1,ROUTE,,,,,T2_REVERSE_TO_FORWARD
593.7649,-18.8515,-57.9094,0.000,NORMAL,1,ROUTE,,,,,T2_REVERSE_TO_FORWARD
593.8649,-18.8108,-57.8181,0.000,NORMAL,1,ROUTE,,,,,T2_REVERSE_TO_FORWARD
593.9649,-18.7703,-57.7266,0.000,NORMAL,1,ROUTE,,,,,T2_REVERSE_TO_FORWARD
594.0649,-18.7303,-57.6350,0.000,NORMAL,1,ROUTE,,,,,T2_REVERSE_TO_FORWARD
594.1649,-18.6907,-57.5432,0.000,NORMAL,1,ROUTE,,,,,T2_REVERSE_TO_FORWARD
594.2649,-18.6517,-57.4511,0.000,NORMAL,1,ROUTE,,,,,T2_REVERSE_TO_FORWARD
594.3648,-18.6133,-57.3588,0.000,NORMAL,1,ROUTE,,,,,T2_REVERSE_TO_FORWARD
594.4649,-18.5755,-57.2662,0.000,NORMAL,1,ROUTE,,,,,T2_REVERSE_TO_FORWARD
594.5648,-18.5383,-57.1734,0.000,NORMAL,1,ROUTE,,,,,T2_REVERSE_TO_FORWARD
594.6648,-18.5019,-57.0803,0.000,NORMAL,1,ROUTE,,,,,T2_REVERSE_TO_FORWARD
594.7648,-18.4661,-56.9869,0.000,NORMAL,1,ROUTE,,,,,T2_REVERSE_TO_FORWARD
594.8649,-18.4311,-56.8932,0.000,NORMAL,1,ROUTE,,,,,T2_REVERSE_TO_FORWARD
594.9649,-18.3967,-56.7993,0.000,NORMAL,1,ROUTE,,,,,T2_REVERSE_TO_FORWARD
595.0648,-18.3630,-56.7052,0.000,NORMAL,1,ROUTE,,,,,T2_REVERSE_TO_FORWARD
595.1648,-18.3299,-56.6108,0.000,NORMAL,1,ROUTE,,,,,T2_REVERSE_TO_FORWARD
595.2648,-18.2972,-56.5163,0.000,NORMAL,1,ROUTE,,,,,T2_REVERSE_TO_FORWARD
595.3648,-18.2649,-56.4217,0.000,NORMAL,1,ROUTE,,,,,T2_REVERSE_TO_FORWARD
595.4648,-18.2329,-56.3270,0.000,NORMAL,1,ROUTE,,,,,T2_REVERSE_TO_FORWARD
595.5648,-18.2010,-56.2322,0.000,NORMAL,1,ROUTE,,,,,T2_REVERSE_TO_FORWARD
595.6647,-18.1693,-56.1374,0.000,NORMAL,1,ROUTE,,,,,T2_REVERSE_TO_FORWARD
595.7648,-18.1374,-56.0426,0.000,NORMAL,1,ROUTE,,,,,T2_REVERSE_TO_FORWARD
595.8648,-18.1052,-55.9479,0.000,NORMAL,1,ROUTE,,,,,T2_REVERSE_TO_FORWARD
595.9648,-18.0728,-55.8533,0.000,NORMAL,1,ROUTE,,,,,T2_REVERSE_TO_FORWARD
596.0648,-18.0398,-55.7589,0.000,NORMAL,1,ROUTE,,,,,T2_REVERSE_TO_FORWARD
596.1648,-18.0063,-55.6647,0.000,NORMAL,1,ROUTE,,,,,T2_REVERSE_TO_FORWARD
596.2648,-17.9721,-55.5707,0.000,NORMAL,1,ROUTE,,,,,T2_REVERSE_TO_FORWARD
596.3648,-17.9372,-55.4770,0.000,NORMAL,1,ROUTE,,,,,T2_REVERSE_TO_FORWARD
596.4647,-17.9016,-55.3836,0.000,NORMAL,1,ROUTE,,,,,T2_REVERSE_TO_FORWARD
596.5647,-17.8654,-55.2904,0.000,NORMAL,1,ROUTE,,,,,T2_REVERSE_TO_FORWARD
596.6648,-17.8287,-55.1973,0.000,NORMAL,1,ROUTE,,,,,T2_REVERSE_TO_FORWARD
596.7647,-17.7916,-55.1045,0.000,NORMAL,1,ROUTE,,,,,T2_REVERSE_TO_FORWARD
596.8648,-17.7540,-55.0118,0.000,NORMAL,1,ROUTE,,,,,T2_REVERSE_TO_FORWARD
596.9648,-17.7163,-54.9192,0.000,NORMAL,1,ROUTE,,,,,T2_REVERSE_TO_FORWARD
597.0647,-17.6784,-54.8267,0.000,NORMAL,1,ROUTE,,,,,T2_REVERSE_TO_FORWARD
597.1647,-17.6404,-54.7342,0.000,NORMAL,1,ROUTE,,,,,T2_REVERSE_TO_FORWARD
597.2647,-17.6025,-54.6417,0.000,NORMAL,1,ROUTE,,,,,T2_REVERSE_TO_FORWARD
597.3647,-17.5646,-54.5491,0.000,NORMAL,1,ROUTE,,,,,T2_REVERSE_TO_FORWARD
597.4647,-17.5269,-54.4565,0.000,NORMAL,1,ROUTE,,,,,T2_REVERSE_TO_FORWARD
597.5647,-17.4894,-54.3638,0.000,NORMAL,1,ROUTE,,,,,T2_REVERSE_TO_FORWARD
597.6647,-17.4520,-54.2711,0.000,NORMAL,1,ROUTE,,,,,T2_REVERSE_TO_FORWARD
597.7647,-17.4148,-54.1783,0.000,NORMAL,1,ROUTE,,,,,T2_REVERSE_TO_FORWARD
597.8646,-17.3778,-54.0854,0.000,NORMAL,1,ROUTE,,,,,T2_REVERSE_TO_FORWARD
597.9647,-17.3409,-53.9924,0.000,NORMAL,1,ROUTE,,,,,T2_REVERSE_TO_FORWARD
598.0646,-17.3043,-53.8994,0.000,NORMAL,1,ROUTE,,,,,T2_REVERSE_TO_FORWARD
598.1647,-17.2677,-53.8063,0.000,NORMAL,1,ROUTE,,,,,T2_REVERSE_TO_FORWARD
598.2647,-17.2312,-53.7132,0.000,NORMAL,1,ROUTE,,,,,T2_REVERSE_TO_FORWARD
598.3647,-17.1947,-53.6201,0.000,NORMAL,1,ROUTE,,,,,T2_REVERSE_TO_FORWARD
598.4647,-17.1582,-53.5270,0.000,NORMAL,1,ROUTE,,,,,T2_REVERSE_TO_FORWARD
598.5647,-17.1217,-53.4339,0.000,NORMAL,1,ROUTE,,,,,T2_REVERSE_TO_FORWARD
598.6646,-17.0851,-53.3409,0.000,NORMAL,1,ROUTE,,,,,T2_REVERSE_TO_FORWARD
598.7646,-17.0483,-53.2479,0.000,NORMAL,1,ROUTE,,,,,T2_REVERSE_TO_FORWARD
598.8646,-17.0114,-53.1550,0.000,NORMAL,1,ROUTE,,,,,T2_REVERSE_TO_FORWARD
598.9646,-16.9744,-53.0621,0.000,NORMAL,1,ROUTE,,,,,T2_REVERSE_TO_FORWARD
599.0646,-16.9372,-52.9693,0.000,NORMAL,1,ROUTE,,,,,T2_REVERSE_TO_FORWARD
599.1646,-16.9000,-52.8765,0.000,NORMAL,1,ROUTE,,,,,T2_REVERSE_TO_FORWARD
599.2646,-16.8626,-52.7837,0.000,NORMAL,1,ROUTE,,,,,T2_REVERSE_TO_FORWARD
599.3646,-16.8253,-52.6909,0.000,NORMAL,1,ROUTE,,,,,T2_REVERSE_TO_FORWARD
599.4646,-16.7880,-52.5981,0.000,NORMAL,1,ROUTE,,,,,T2_REVERSE_TO_FORWARD
599.5646,-16.7507,-52.5054,0.000,NORMAL,1,ROUTE,,,,,T2_REVERSE_TO_FORWARD
599.6646,-16.7134,-52.4126,0.000,NORMAL,1,ROUTE,,,,,T2_REVERSE_TO_FORWARD
599.7646,-16.6760,-52.3198,0.000,NORMAL,1,ROUTE,,,,,T2_REVERSE_TO_FORWARD
599.8646,-16.6385,-52.2271,0.000,NORMAL,1,ROUTE,,,,,T2_REVERSE_TO_FORWARD
599.9646,-16.6007,-52.1346,0.000,NORMAL,1,ROUTE,,,,,T2_REVERSE_TO_FORWARD
600.0645,-16.5625,-52.0422,0.000,NORMAL,1,ROUTE,,,,,T2_REVERSE_TO_FORWARD
600.1646,-16.5237,-51.9500,0.000,NORMAL,1,ROUTE,,,,,T2_REVERSE_TO_FORWARD
600.2646,-16.4843,-51.8581,0.000,NORMAL,1,ROUTE,,,,,T2_REVERSE_TO_FORWARD
600.3646,-16.4441,-51.7665,0.000,NORMAL,1,ROUTE,,,,,T2_REVERSE_TO_FORWARD
600.4646,-16.4031,-51.6753,0.000,NORMAL,1,ROUTE,,,,,T2_REVERSE_TO_FORWARD
600.5645,-16.3614,-51.5845,0.000,NORMAL,1,ROUTE,,,,,T2_REVERSE_TO_FORWARD
600.6645,-16.3190,-51.4939,0.000,NORMAL,1,ROUTE,,,,,T2_REVERSE_TO_FORWARD
600.7645,-16.2761,-51.4036,0.000,NORMAL,1,ROUTE,,,,,T2_REVERSE_TO_FORWARD
600.8645,-16.2329,-51.3134,0.000,NORMAL,1,ROUTE,,,,,T2_REVERSE_TO_FORWARD
600.9645,-16.1896,-51.2233,0.000,NORMAL,1,ROUTE,,,,,T2_REVERSE_TO_FORWARD
601.0645,-16.1464,-51.1331,0.000,NORMAL,1,ROUTE,,,,,T2_REVERSE_TO_FORWARD
601.1645,-16.1036,-51.0427,0.000,NORMAL,1,ROUTE,,,,,T2_REVERSE_TO_FORWARD
601.2645,-16.0614,-50.9521,0.000,NORMAL,1,ROUTE,,,,,T2_REVERSE_TO_FORWARD
601.3645,-16.0199,-50.8611,0.000,NORMAL,1,ROUTE,,,,,T2_REVERSE_TO_FORWARD
601.4645,-15.9791,-50.7698,0.000,NORMAL,1,ROUTE,,,,,T2_REVERSE_TO_FORWARD
601.5645,-15.9393,-50.6780,0.000,NORMAL,1,ROUTE,,,,,T2_REVERSE_TO_FORWARD
601.6645,-15.9005,-50.5859,0.000,NORMAL,1,ROUTE,,,,,T2_REVERSE_TO_FORWARD
601.7645,-15.8627,-50.4933,0.000,NORMAL,1,ROUTE,,,,,T2_REVERSE_TO_FORWARD
601.8645,-15.8260,-50.4003,0.000,NORMAL,1,ROUTE,,,,,T2_REVERSE_TO_FORWARD
601.9645,-15.7903,-50.3069,0.000,NORMAL,1,ROUTE,,,,,T2_REVERSE_TO_FORWARD
602.0645,-15.7556,-50.2131,0.000,NORMAL,1,ROUTE,,,,,T2_REVERSE_TO_FORWARD
602.1645,-15.7218,-50.1190,0.000,NORMAL,1,ROUTE,,,,,T2_REVERSE_TO_FORWARD
602.2645,-15.6888,-50.0246,0.000,NORMAL,1,ROUTE,,,,,T2_REVERSE_TO_FORWARD
602.3644,-15.6565,-49.9300,0.000,NORMAL,1,ROUTE,,,,,T2_REVERSE_TO_FORWARD
602.4644,-15.6247,-49.8352,0.000,NORMAL,1,ROUTE,,,,,T2_REVERSE_TO_FORWARD
602.5644,-15.5934,-49.7402,0.000,NORMAL,1,ROUTE,,,,,T2_REVERSE_TO_FORWARD
602.6644,-15.5622,-49.6452,0.000,NORMAL,1,ROUTE,,,,,T2_REVERSE_TO_FORWARD
602.7644,-15.5311,-49.5502,0.000,NORMAL,1,ROUTE,,,,,T2_REVERSE_TO_FORWARD
602.8644,-15.5000,-49.4551,0.000,NORMAL,1,ROUTE,,,,,T2_REVERSE_TO_FORWARD
602.9644,-15.4687,-49.3602,0.000,NORMAL,1,ROUTE,,,,,T2_REVERSE_TO_FORWARD
603.0644,-15.4369,-49.2654,0.000,NORMAL,1,ROUTE,,,,,T2_REVERSE_TO_FORWARD
603.1644,-15.4047,-49.1707,0.000,NORMAL,1,ROUTE,,,,,T2_REVERSE_TO_FORWARD
603.2644,-15.3719,-49.0762,0.000,NORMAL,1,ROUTE,,,,,T2_REVERSE_TO_FORWARD
603.3643,-15.3383,-48.9821,0.000,NORMAL,1,ROUTE,,,,,T2_REVERSE_TO_FORWARD
603.4644,-15.3038,-48.8882,0.000,NORMAL,1,ROUTE,,,,,T2_REVERSE_TO_FORWARD
603.5643,-15.2685,-48.7947,0.000,NORMAL,1,ROUTE,,,,,T2_REVERSE_TO_FORWARD
603.6643,-15.2322,-48.7015,0.000,NORMAL,1,ROUTE,,,,,T2_REVERSE_TO_FORWARD
603.7644,-15.1950,-48.6086,0.000,NORMAL,1,ROUTE,,,,,T2_REVERSE_TO_FORWARD
603.8644,-15.1571,-48.5161,0.000,NORMAL,1,ROUTE,,,,,T2_REVERSE_TO_FORWARD
603.9643,-15.1185,-48.4239,0.000,NORMAL,1,ROUTE,,,,,T2_REVERSE_TO_FORWARD
604.0643,-15.0795,-48.3318,0.000,NORMAL,1,ROUTE,,,,,T2_REVERSE_TO_FORWARD
604.1643,-15.0403,-48.2398,0.000,NORMAL,1,ROUTE,,,,,T2_REVERSE_TO_FORWARD
604.2643,-15.0012,-48.1478,0.000,NORMAL,1,ROUTE,,,,,T2_REVERSE_TO_FORWARD
604.3643,-14.9623,-48.0557,0.000,NORMAL,1,ROUTE,,,,,T2_REVERSE_TO_FORWARD
604.4643,-14.9238,-47.9634,0.000,NORMAL,1,ROUTE,,,,,T2_REVERSE_TO_FORWARD
604.5644,-14.8859,-47.8708,0.000,NORMAL,1,ROUTE,,,,,T2_REVERSE_TO_FORWARD
604.6643,-14.8487,-47.7780,0.000,NORMAL,1,ROUTE,,,,,T2_REVERSE_TO_FORWARD
604.7643,-14.8120,-47.6850,0.000,NORMAL,1,ROUTE,,,,,T2_REVERSE_TO_FORWARD
604.8643,-14.7758,-47.5918,0.000,NORMAL,1,ROUTE,,,,,T2_REVERSE_TO_FORWARD
604.9642,-14.7402,-47.4984,0.000,NORMAL,1,ROUTE,,,,,T2_REVERSE_TO_FORWARD
605.0643,-14.7049,-47.4048,0.000,NORMAL,1,ROUTE,,,,,T2_REVERSE_TO_FORWARD
605.1643,-14.6700,-47.3111,0.000,NORMAL,1,ROUTE,,,,,T2_REVERSE_TO_FORWARD
605.2643,-14.6352,-47.2173,0.000,NORMAL,1,ROUTE,,,,,T2_REVERSE_TO_FORWARD
605.3643,-14.6006,-47.1235,0.000,NORMAL,1,ROUTE,,,,,T2_REVERSE_TO_FORWARD
605.4642,-14.5661,-47.0297,0.000,NORMAL,1,ROUTE,,,,,T2_REVERSE_TO_FORWARD
605.5642,-14.5317,-46.9358,0.000,NORMAL,1,ROUTE,,,,,T2_REVERSE_TO_FORWARD
605.6643,-14.4972,-46.8419,0.000,NORMAL,1,ROUTE,,,,,T2_REVERSE_TO_FORWARD
605.7642,-14.4627,-46.7481,0.000,NORMAL,1,ROUTE,,,,,T2_REVERSE_TO_FORWARD
605.8643,-14.4282,-46.6542,0.000,NORMAL,1,ROUTE,,,,,T2_REVERSE_TO_FORWARD
605.9643,-14.3935,-46.5604,0.000,NORMAL,1,ROUTE,,,,,T2_REVERSE_TO_FORWARD
606.0642,-14.3587,-46.4667,0.000,NORMAL,1,ROUTE,,,,,T2_REVERSE_TO_FORWARD
606.1642,-14.3237,-46.3730,0.000,NORMAL,1,ROUTE,,,,,T2_REVERSE_TO_FORWARD
606.2642,-14.2884,-46.2795,0.000,NORMAL,1,ROUTE,,,,,T2_REVERSE_TO_FORWARD
606.3642,-14.2529,-46.1860,0.000,NORMAL,1,ROUTE,,,,,T2_REVERSE_TO_FORWARD
606.4643,-14.2170,-46.0926,0.000,NORMAL,1,ROUTE,,,,,T2_REVERSE_TO_FORWARD
606.5642,-14.1808,-45.9994,0.000,NORMAL,1,ROUTE,,,,,T2_REVERSE_TO_FORWARD
606.6642,-14.1442,-45.9064,0.000,NORMAL,1,ROUTE,,,,,T2_REVERSE_TO_FORWARD
606.7642,-14.1072,-45.8135,0.000,NORMAL,1,ROUTE,,,,,T2_REVERSE_TO_FORWARD
606.8642,-14.0697,-45.7208,0.000,NORMAL,1,ROUTE,,,,,T2_REVERSE_TO_FORWARD
606.9641,-14.0318,-45.6283,0.000,NORMAL,1,ROUTE,,,,,T2_REVERSE_TO_FORWARD
607.0642,-13.9934,-45.5359,0.000,NORMAL,1,ROUTE,,,,,T2_REVERSE_TO_FORWARD
607.1642,-13.9546,-45.4438,0.000,NORMAL,1,ROUTE,,,,,T2_REVERSE_TO_FORWARD
607.2642,-13.9154,-45.3518,0.000,NORMAL,1,ROUTE,,,,,T2_REVERSE_TO_FORWARD
607.3641,-13.8761,-45.2599,0.000,NORMAL,1,ROUTE,,,,,T2_REVERSE_TO_FORWARD
607.4642,-13.8365,-45.1680,0.000,NORMAL,1,ROUTE,,,,,T2_REVERSE_TO_FORWARD
607.5642,-13.7969,-45.0762,0.000,NORMAL,1,ROUTE,,,,,T2_REVERSE_TO_FORWARD
607.6641,-13.7573,-44.9844,0.000,NORMAL,1,ROUTE,,,,,T2_REVERSE_TO_FORWARD
607.7642,-13.7178,-44.8925,0.000,NORMAL,1,ROUTE,,,,,T2_REVERSE_TO_FORWARD
607.8641,-13.6784,-44.8006,0.000,NORMAL,1,ROUTE,,,,,T2_REVERSE_TO_FORWARD
607.9641,-13.6393,-44.7086,0.000,NORMAL,1,ROUTE,,,,,T2_REVERSE_TO_FORWARD
608.0641,-13.6003,-44.6165,0.000,NORMAL,1,ROUTE,,,,,T2_REVERSE_TO_FORWARD
608.1641,-13.5617,-44.5243,0.000,NORMAL,1,ROUTE,,,,,T2_REVERSE_TO_FORWARD
608.2641,-13.5232,-44.4320,0.000,NORMAL,1,ROUTE,,,,,T2_REVERSE_TO_FORWARD
608.3641,-13.4850,-44.3396,0.000,NORMAL,1,ROUTE,,,,,T2_REVERSE_TO_FORWARD
608.4640,-13.4471,-44.2471,0.000,NORMAL,1,ROUTE,,,,,T2_REVERSE_TO_FORWARD
608.5641,-13.4093,-44.1545,0.000,NORMAL,1,ROUTE,,,,,T2_REVERSE_TO_FORWARD
608.6641,-13.3717,-44.0618,0.000,NORMAL,1,ROUTE,,,,,T2_REVERSE_TO_FORWARD
608.7641,-13.3342,-43.9691,0.000,NORMAL,1,ROUTE,,,,,T2_REVERSE_TO_FORWARD
608.8640,-13.2968,-43.8764,0.000,NORMAL,1,ROUTE,,,,,T2_REVERSE_TO_FORWARD
608.9641,-13.2595,-43.7836,0.000,NORMAL,1,ROUTE,,,,,T2_REVERSE_TO_FORWARD
609.0641,-13.2221,-43.6908,0.000,NORMAL,1,ROUTE,,,,,T2_REVERSE_TO_FORWARD
609.1640,-13.1848,-43.5981,0.000,NORMAL,1,ROUTE,,,,,T2_REVERSE_TO_FORWARD
609.2640,-13.1474,-43.5054,0.000,NORMAL,1,ROUTE,,,,,T2_REVERSE_TO_FORWARD
609.3640,-13.1098,-43.4127,0.000,NORMAL,1,ROUTE,,,,,T2_REVERSE_TO_FORWARD
609.4641,-13.0722,-43.3200,0.000,NORMAL,1,ROUTE,,,,,T2_REVERSE_TO_FORWARD
609.5640,-13.0344,-43.2275,0.000,NORMAL,1,ROUTE,,,,,T2_REVERSE_TO_FORWARD
609.6641,-12.9965,-43.1349,0.000,NORMAL,1,ROUTE,,,,,T2_REVERSE_TO_FORWARD
609.7640,-12.9583,-43.0425,0.000,NORMAL,1,ROUTE,,,,,T2_REVERSE_TO_FORWARD
609.8640,-12.9201,-42.9501,0.000,NORMAL,1,ROUTE,,,,,T2_REVERSE_TO_FORWARD
609.9640,-12.8816,-42.8578,0.000,NORMAL,1,ROUTE,,,,,T2_REVERSE_TO_FORWARD
610.0623,-12.8436,-42.7671,0.000,PARALLEL_PARK,1,PARALLEL_PARK,PARALLEL_PARK_START,ENTER_ZONE,,,PARALLEL_CSV_COMMON_FORWARD
610.2621,-12.7604,-42.5855,0.000,PARALLEL_PARK,1,PARALLEL_PARK,,,,,PARALLEL_CSV_COMMON_FORWARD
610.4625,-12.6714,-42.4059,0.000,PARALLEL_PARK,1,PARALLEL_PARK,,,,,PARALLEL_CSV_COMMON_FORWARD
610.6633,-12.5840,-42.2252,0.000,PARALLEL_PARK,1,PARALLEL_PARK,,,,,PARALLEL_CSV_COMMON_FORWARD
610.8642,-12.4982,-42.0435,0.000,PARALLEL_PARK,1,PARALLEL_PARK,,,,,PARALLEL_CSV_COMMON_FORWARD
611.0652,-12.4142,-41.8609,0.000,PARALLEL_PARK,1,PARALLEL_PARK,,,,,PARALLEL_CSV_COMMON_FORWARD
611.2662,-12.3307,-41.6781,0.000,PARALLEL_PARK,1,PARALLEL_PARK,,,,,PARALLEL_CSV_COMMON_FORWARD
611.4670,-12.2497,-41.4943,0.000,PARALLEL_PARK,1,PARALLEL_PARK,,,,,PARALLEL_CSV_COMMON_FORWARD
611.6677,-12.1729,-41.3089,0.000,PARALLEL_PARK,1,PARALLEL_PARK,,,,,PARALLEL_CSV_COMMON_FORWARD
611.8679,-12.0978,-41.1233,0.000,PARALLEL_PARK,1,PARALLEL_PARK,,,,,PARALLEL_CSV_COMMON_FORWARD
612.0675,-12.0241,-40.9378,0.000,PARALLEL_PARK,1,PARALLEL_PARK,,,,,PARALLEL_CSV_COMMON_FORWARD
612.2667,-11.9538,-40.7514,0.000,PARALLEL_PARK,1,PARALLEL_PARK,,,,,PARALLEL_CSV_COMMON_FORWARD
612.4660,-11.8843,-40.5647,0.000,PARALLEL_PARK,1,PARALLEL_PARK,,,,,PARALLEL_CSV_COMMON_FORWARD
612.6653,-11.8153,-40.3777,0.000,PARALLEL_PARK,1,PARALLEL_PARK,,,,,PARALLEL_CSV_COMMON_FORWARD
612.8646,-11.7488,-40.1898,0.000,PARALLEL_PARK,1,PARALLEL_PARK,,,,,PARALLEL_CSV_COMMON_FORWARD
613.0639,-11.6848,-40.0010,0.000,PARALLEL_PARK,1,PARALLEL_PARK,,,,,PARALLEL_CSV_COMMON_FORWARD
613.2633,-11.6207,-39.8122,0.000,PARALLEL_PARK,1,PARALLEL_PARK,,,,,PARALLEL_CSV_COMMON_FORWARD
613.4627,-11.5560,-39.6236,0.000,PARALLEL_PARK,1,PARALLEL_PARK,,,,,PARALLEL_CSV_COMMON_FORWARD
613.6620,-11.4913,-39.4351,0.000,PARALLEL_PARK,1,PARALLEL_PARK,,,,,PARALLEL_CSV_COMMON_FORWARD
613.8614,-11.4260,-39.2467,0.000,PARALLEL_PARK,1,PARALLEL_PARK,,,,,PARALLEL_CSV_COMMON_FORWARD
614.0607,-11.3612,-39.0582,0.000,PARALLEL_PARK,1,PARALLEL_PARK,,,,,PARALLEL_CSV_COMMON_FORWARD
614.2600,-11.2957,-38.8700,0.000,PARALLEL_PARK,1,PARALLEL_PARK,,,,,PARALLEL_CSV_COMMON_FORWARD
614.4595,-11.2285,-38.6822,0.000,PARALLEL_PARK,1,PARALLEL_PARK,,,,,PARALLEL_CSV_COMMON_FORWARD
614.6589,-11.1626,-38.4940,0.000,PARALLEL_PARK,1,PARALLEL_PARK,,,,,PARALLEL_CSV_COMMON_FORWARD
614.8581,-11.0997,-38.3050,0.000,PARALLEL_PARK,1,PARALLEL_PARK,,,,,PARALLEL_CSV_COMMON_FORWARD
615.0574,-11.0395,-38.1150,0.000,PARALLEL_PARK,1,PARALLEL_PARK,,,,,PARALLEL_CSV_COMMON_FORWARD
615.2567,-10.9831,-37.9238,0.000,PARALLEL_PARK,1,PARALLEL_PARK,,,,,PARALLEL_CSV_COMMON_FORWARD
615.4560,-10.9313,-37.7314,0.000,PARALLEL_PARK,1,PARALLEL_PARK,,,,,PARALLEL_CSV_COMMON_FORWARD
615.6550,-10.8848,-37.5379,0.000,PARALLEL_PARK,1,PARALLEL_PARK,,,,,PARALLEL_CSV_COMMON_FORWARD
615.8542,-10.8439,-37.3429,0.000,PARALLEL_PARK,1,PARALLEL_PARK,,,,,PARALLEL_CSV_COMMON_FORWARD
616.0538,-10.8083,-37.1465,0.000,PARALLEL_PARK,1,PARALLEL_PARK,,,,,PARALLEL_CSV_COMMON_FORWARD
616.2535,-10.7771,-36.9493,0.000,PARALLEL_PARK,1,PARALLEL_PARK,,,,,PARALLEL_CSV_COMMON_FORWARD
616.4531,-10.7513,-36.7514,0.000,PARALLEL_PARK,1,PARALLEL_PARK,,,,,PARALLEL_CSV_COMMON_FORWARD
616.6523,-10.7347,-36.5528,0.000,PARALLEL_PARK,1,PARALLEL_PARK,,,,,PARALLEL_CSV_COMMON_FORWARD
616.8517,-10.7272,-36.3536,0.000,PARALLEL_PARK,1,PARALLEL_PARK,,,,,PARALLEL_CSV_COMMON_FORWARD
617.0509,-10.7293,-36.1544,0.000,PARALLEL_PARK,1,PARALLEL_PARK,,,,,PARALLEL_CSV_COMMON_FORWARD
617.2498,-10.7440,-35.9560,0.000,PARALLEL_PARK,1,PARALLEL_PARK,,,,,PARALLEL_CSV_COMMON_FORWARD
617.4486,-10.7742,-35.7595,0.000,PARALLEL_PARK,1,PARALLEL_PARK,,,,,PARALLEL_CSV_COMMON_FORWARD
617.6470,-10.8216,-35.5669,0.000,PARALLEL_PARK,1,PARALLEL_PARK,,,,,PARALLEL_CSV_COMMON_FORWARD
617.8455,-10.8817,-35.3777,0.000,PARALLEL_PARK,1,PARALLEL_PARK,,,,,PARALLEL_CSV_COMMON_FORWARD
618.0445,-10.9503,-35.1909,0.000,PARALLEL_PARK,1,PARALLEL_PARK,,,,,PARALLEL_CSV_COMMON_FORWARD
618.2440,-11.0258,-35.0063,0.000,PARALLEL_PARK,1,PARALLEL_PARK,,,,,PARALLEL_CSV_COMMON_FORWARD
618.4436,-11.1068,-34.8238,0.000,PARALLEL_PARK,1,PARALLEL_PARK,,,,,PARALLEL_CSV_COMMON_FORWARD
618.6435,-11.1921,-34.6430,0.000,PARALLEL_PARK,1,PARALLEL_PARK,,,,,PARALLEL_CSV_COMMON_FORWARD
618.8425,-11.2828,-34.4659,0.000,PARALLEL_PARK,1,PARALLEL_PARK,,,,,PARALLEL_CSV_COMMON_FORWARD
619.0410,-11.3790,-34.2923,0.000,PARALLEL_PARK,1,PARALLEL_PARK,,,,,PARALLEL_CSV_COMMON_FORWARD
619.2394,-11.4805,-34.1218,0.000,PARALLEL_PARK,1,PARALLEL_PARK,,,,,PARALLEL_CSV_COMMON_FORWARD
619.4382,-11.5892,-33.9554,0.000,PARALLEL_PARK,1,PARALLEL_PARK,,,,,PARALLEL_CSV_COMMON_FORWARD
619.6378,-11.7053,-33.7930,0.000,PARALLEL_PARK,1,PARALLEL_PARK,,,,,PARALLEL_CSV_COMMON_FORWARD
619.8377,-11.8251,-33.6330,0.000,PARALLEL_PARK,1,PARALLEL_PARK,,,,,PARALLEL_CSV_COMMON_FORWARD
620.0372,-11.9489,-33.4765,0.000,PARALLEL_PARK,1,PARALLEL_PARK,,,,,PARALLEL_CSV_COMMON_FORWARD
620.2362,-12.0783,-33.3254,0.000,PARALLEL_PARK,1,PARALLEL_PARK,,,,,PARALLEL_CSV_COMMON_FORWARD
620.4345,-12.2140,-33.1807,0.000,PARALLEL_PARK,1,PARALLEL_PARK,,,,,PARALLEL_CSV_COMMON_FORWARD
620.6326,-12.3563,-33.0429,0.000,PARALLEL_PARK,1,PARALLEL_PARK,,,,,PARALLEL_CSV_COMMON_FORWARD
620.8316,-12.5067,-32.9126,0.000,PARALLEL_PARK,1,PARALLEL_PARK,,,,,PARALLEL_CSV_COMMON_FORWARD
621.0309,-12.6612,-32.7867,0.000,PARALLEL_PARK,1,PARALLEL_PARK,,,,,PARALLEL_CSV_COMMON_FORWARD
621.2305,-12.8176,-32.6627,0.000,PARALLEL_PARK,1,PARALLEL_PARK,,,,,PARALLEL_CSV_COMMON_FORWARD
621.4301,-12.9749,-32.5399,0.000,PARALLEL_PARK,1,PARALLEL_PARK,,,,,PARALLEL_CSV_COMMON_FORWARD
621.6295,-13.1314,-32.4163,0.000,PARALLEL_PARK,1,PARALLEL_PARK,,,,,PARALLEL_CSV_COMMON_FORWARD
621.8288,-13.2878,-32.2928,0.000,PARALLEL_PARK,1,PARALLEL_PARK,,,,,PARALLEL_CSV_COMMON_FORWARD
622.0280,-13.4451,-32.1705,0.000,PARALLEL_PARK,1,PARALLEL_PARK,,,,,PARALLEL_CSV_COMMON_FORWARD
622.2273,-13.6034,-32.0494,0.000,PARALLEL_PARK,1,PARALLEL_PARK,,,,,PARALLEL_CSV_COMMON_FORWARD
622.4267,-13.7629,-31.9298,0.000,PARALLEL_PARK,1,PARALLEL_PARK,,,,,PARALLEL_CSV_COMMON_FORWARD
622.6259,-13.9236,-31.8120,0.000,PARALLEL_PARK,1,PARALLEL_PARK,,,,,PARALLEL_CSV_COMMON_FORWARD
622.8254,-14.0849,-31.6947,0.000,PARALLEL_PARK,1,PARALLEL_PARK,,,,,PARALLEL_CSV_COMMON_FORWARD
623.0246,-14.2459,-31.5773,0.000,PARALLEL_PARK,1,PARALLEL_PARK,,,,,PARALLEL_CSV_COMMON_FORWARD
623.2239,-14.4066,-31.4594,0.000,PARALLEL_PARK,1,PARALLEL_PARK,,,,,PARALLEL_CSV_COMMON_FORWARD
623.4235,-14.5662,-31.3396,0.000,PARALLEL_PARK,1,PARALLEL_PARK,,,,,PARALLEL_CSV_COMMON_FORWARD
623.6229,-14.7271,-31.2218,0.000,PARALLEL_PARK,1,PARALLEL_PARK,,,,,PARALLEL_CSV_COMMON_FORWARD
623.8221,-14.8906,-31.1081,0.000,PARALLEL_PARK,1,PARALLEL_PARK,,,,,PARALLEL_CSV_COMMON_FORWARD
624.0212,-15.0546,-30.9951,0.000,PARALLEL_PARK,1,PARALLEL_PARK,,,,,PARALLEL_CSV_COMMON_FORWARD
624.2202,-15.2187,-30.8825,0.000,PARALLEL_PARK,1,PARALLEL_PARK,,,,,PARALLEL_CSV_COMMON_FORWARD
624.4191,-15.3834,-30.7710,0.000,PARALLEL_PARK,1,PARALLEL_PARK,,,,,PARALLEL_CSV_COMMON_FORWARD
624.6181,-15.5487,-30.6602,0.000,PARALLEL_PARK,1,PARALLEL_PARK,,,,,PARALLEL_CSV_COMMON_FORWARD
624.8172,-15.7141,-30.5494,0.000,PARALLEL_PARK,1,PARALLEL_PARK,,,,,PARALLEL_CSV_COMMON_FORWARD
625.0164,-15.8780,-30.4363,0.000,PARALLEL_PARK,1,PARALLEL_PARK,,,,,PARALLEL_CSV_COMMON_FORWARD
625.2158,-16.0407,-30.3210,0.000,PARALLEL_PARK,1,PARALLEL_PARK,,,,,PARALLEL_CSV_COMMON_FORWARD
625.4150,-16.2040,-30.2068,0.000,PARALLEL_PARK,1,PARALLEL_PARK,,,,,PARALLEL_CSV_COMMON_FORWARD
625.6140,-16.3701,-30.0972,0.000,PARALLEL_PARK,1,PARALLEL_PARK,,,,,PARALLEL_CSV_COMMON_FORWARD
625.8131,-16.5388,-29.9915,0.000,PARALLEL_PARK,1,PARALLEL_PARK,,,,,PARALLEL_CSV_COMMON_FORWARD
626.0121,-16.7078,-29.8864,0.000,PARALLEL_PARK,1,PARALLEL_PARK,,,,,PARALLEL_CSV_COMMON_FORWARD
626.2112,-16.8779,-29.7830,0.000,PARALLEL_PARK,1,PARALLEL_PARK,,,,,PARALLEL_CSV_COMMON_FORWARD
626.4104,-17.0489,-29.6809,0.000,PARALLEL_PARK,1,PARALLEL_PARK,,,,,PARALLEL_CSV_COMMON_FORWARD
626.6097,-17.2206,-29.5796,0.000,PARALLEL_PARK,1,PARALLEL_PARK,,,,,PARALLEL_CSV_COMMON_FORWARD
626.8090,-17.3928,-29.4793,0.000,PARALLEL_PARK,1,PARALLEL_PARK,,,,,PARALLEL_CSV_COMMON_FORWARD
627.0083,-17.5651,-29.3792,0.000,PARALLEL_PARK,1,PARALLEL_PARK,,,,,PARALLEL_CSV_COMMON_FORWARD
627.2074,-17.7389,-29.2820,0.000,PARALLEL_PARK,1,PARALLEL_PARK,,,,,PARALLEL_CSV_COMMON_FORWARD
627.4066,-17.9153,-29.1894,0.000,PARALLEL_PARK,1,PARALLEL_PARK,,,,,PARALLEL_CSV_COMMON_FORWARD
627.6059,-18.0934,-29.0999,0.000,PARALLEL_PARK,1,PARALLEL_PARK,,,,,PARALLEL_CSV_COMMON_FORWARD
627.8054,-18.2727,-29.0125,0.000,PARALLEL_PARK,1,PARALLEL_PARK,,,,,PARALLEL_CSV_COMMON_FORWARD
628.0048,-18.4522,-28.9257,0.000,PARALLEL_PARK,1,PARALLEL_PARK,,,,,PARALLEL_CSV_COMMON_FORWARD
628.2043,-18.6318,-28.8389,0.000,PARALLEL_PARK,1,PARALLEL_PARK,,,,,PARALLEL_CSV_COMMON_FORWARD
628.4038,-18.8109,-28.7510,0.000,PARALLEL_PARK,1,PARALLEL_PARK,,,,,PARALLEL_CSV_COMMON_FORWARD
628.6033,-18.9888,-28.6606,0.000,PARALLEL_PARK,1,PARALLEL_PARK,,,,,PARALLEL_CSV_COMMON_FORWARD
628.8028,-19.1648,-28.5668,0.000,PARALLEL_PARK,1,PARALLEL_PARK,,,,,PARALLEL_CSV_COMMON_FORWARD
629.0020,-19.3376,-28.4676,0.000,PARALLEL_PARK,1,PARALLEL_PARK,,,,,PARALLEL_CSV_COMMON_FORWARD
629.2009,-19.5057,-28.3614,0.000,PARALLEL_PARK,1,PARALLEL_PARK,,,,,PARALLEL_CSV_COMMON_FORWARD
629.3996,-19.6684,-28.2472,0.000,PARALLEL_PARK,1,PARALLEL_PARK,,,,,PARALLEL_CSV_COMMON_FORWARD
629.5986,-19.8258,-28.1255,0.000,PARALLEL_PARK,1,PARALLEL_PARK,,,,,PARALLEL_CSV_COMMON_FORWARD
629.7979,-19.9785,-27.9974,0.000,PARALLEL_PARK,1,PARALLEL_PARK,,,,,PARALLEL_CSV_COMMON_FORWARD
629.9980,-20.1271,-27.8634,0.000,PARALLEL_PARK,1,PARALLEL_PARK,,,,,PARALLEL_CSV_COMMON_FORWARD
630.1989,-20.2750,-27.7275,0.000,PARALLEL_PARK,1,PARALLEL_PARK,,,,,PARALLEL_CSV_COMMON_FORWARD
630.3994,-20.4261,-27.5957,0.000,PARALLEL_PARK,1,PARALLEL_PARK,,,,,PARALLEL_CSV_COMMON_FORWARD
630.5984,-20.5839,-27.4744,0.000,PARALLEL_PARK,1,PARALLEL_PARK,,,,,PARALLEL_CSV_COMMON_FORWARD
630.7954,-20.7507,-27.3696,0.000,PARALLEL_PARK,1,PARALLEL_PARK,,,,,PARALLEL_CSV_COMMON_FORWARD
630.9909,-20.9269,-27.2849,0.000,PARALLEL_PARK,1,PARALLEL_PARK,,,,,PARALLEL_CSV_COMMON_FORWARD
631.1864,-21.1121,-27.2221,0.000,PARALLEL_PARK,1,PARALLEL_PARK,,,,,PARALLEL_CSV_COMMON_FORWARD
631.3837,-21.3050,-27.1810,0.000,PARALLEL_PARK,1,PARALLEL_PARK,,,,,PARALLEL_CSV_COMMON_FORWARD
631.5831,-21.5030,-27.1572,0.000,PARALLEL_PARK,1,PARALLEL_PARK,,,,,PARALLEL_CSV_COMMON_FORWARD
631.7845,-21.7042,-27.1478,0.000,PARALLEL_PARK,1,PARALLEL_PARK,,,,,PARALLEL_CSV_COMMON_FORWARD
631.9852,-21.9048,-27.1419,0.000,PARALLEL_PARK,1,PARALLEL_PARK,,,,,PARALLEL_CSV_COMMON_FORWARD
632.1857,-22.1052,-27.1345,0.000,PARALLEL_PARK,1,PARALLEL_PARK,,,,,PARALLEL_CSV_COMMON_FORWARD
632.3854,-22.3043,-27.1197,0.000,PARALLEL_PARK,1,PARALLEL_PARK,,,,,PARALLEL_CSV_COMMON_FORWARD
632.5840,-22.5009,-27.0918,0.000,PARALLEL_PARK,1,PARALLEL_PARK,,,,,PARALLEL_CSV_COMMON_FORWARD
632.7830,-22.6935,-27.0416,0.000,PARALLEL_PARK,1,PARALLEL_PARK,,,,,PARALLEL_CSV_COMMON_FORWARD
632.9821,-22.5031,-27.0997,0.000,PARALLEL_PARK,-1,PARALLEL_PARK,PARALLEL_2_FORWARD_TO_REVERSE,SET_REVERSE,,,PARALLEL_CSV_P2_REVERSE
633.1811,-22.3127,-27.1577,0.000,PARALLEL_PARK,-1,PARALLEL_PARK,,,,,PARALLEL_CSV_P2_REVERSE
633.3802,-22.1223,-27.2158,0.000,PARALLEL_PARK,-1,PARALLEL_PARK,,,,,PARALLEL_CSV_P2_REVERSE
633.5792,-21.9319,-27.2739,0.000,PARALLEL_PARK,-1,PARALLEL_PARK,,,,,PARALLEL_CSV_P2_REVERSE
633.7783,-21.7415,-27.3320,0.000,PARALLEL_PARK,-1,PARALLEL_PARK,,,,,PARALLEL_CSV_P2_REVERSE
633.9774,-21.5511,-27.3901,0.000,PARALLEL_PARK,-1,PARALLEL_PARK,,,,,PARALLEL_CSV_P2_REVERSE
634.1764,-21.3607,-27.4482,0.000,PARALLEL_PARK,-1,PARALLEL_PARK,,,,,PARALLEL_CSV_P2_REVERSE
634.3755,-21.1703,-27.5063,0.000,PARALLEL_PARK,-1,PARALLEL_PARK,,,,,PARALLEL_CSV_P2_REVERSE
634.5745,-20.9799,-27.5643,0.000,PARALLEL_PARK,-1,PARALLEL_PARK,,,,,PARALLEL_CSV_P2_REVERSE
634.7736,-20.7895,-27.6224,0.000,PARALLEL_PARK,-1,PARALLEL_PARK,,,,,PARALLEL_CSV_P2_REVERSE
634.9727,-20.5991,-27.6805,0.000,PARALLEL_PARK,-1,PARALLEL_PARK,,,,,PARALLEL_CSV_P2_REVERSE
635.1717,-20.4087,-27.7386,0.000,PARALLEL_PARK,-1,PARALLEL_PARK,,,,,PARALLEL_CSV_P2_REVERSE
635.3708,-20.2183,-27.7967,0.000,PARALLEL_PARK,-1,PARALLEL_PARK,,,,,PARALLEL_CSV_P2_REVERSE
635.5699,-20.0279,-27.8548,0.000,PARALLEL_PARK,-1,PARALLEL_PARK,,,,,PARALLEL_CSV_P2_REVERSE
635.7690,-19.8375,-27.9129,0.000,PARALLEL_PARK,-1,PARALLEL_PARK,,,,,PARALLEL_CSV_P2_REVERSE
635.9681,-19.6470,-27.9709,0.000,PARALLEL_PARK,-1,PARALLEL_PARK,,,,,PARALLEL_CSV_P2_REVERSE
636.1672,-19.4566,-28.0290,0.000,PARALLEL_PARK,-1,PARALLEL_PARK,,,,,PARALLEL_CSV_P2_REVERSE
636.3662,-19.2662,-28.0871,0.000,PARALLEL_PARK,-1,PARALLEL_PARK,,,,,PARALLEL_CSV_P2_REVERSE
636.5653,-19.0758,-28.1452,0.000,PARALLEL_PARK,-1,PARALLEL_PARK,,,,,PARALLEL_CSV_P2_REVERSE
636.7644,-18.8854,-28.2033,0.000,PARALLEL_PARK,-1,PARALLEL_PARK,,,,,PARALLEL_CSV_P2_REVERSE
636.9634,-18.6950,-28.2614,0.000,PARALLEL_PARK,-1,PARALLEL_PARK,,,,,PARALLEL_CSV_P2_REVERSE
637.1625,-18.5046,-28.3195,0.000,PARALLEL_PARK,-1,PARALLEL_PARK,,,,,PARALLEL_CSV_P2_REVERSE
637.3615,-18.3142,-28.3775,0.000,PARALLEL_PARK,-1,PARALLEL_PARK,,,,,PARALLEL_CSV_P2_REVERSE
637.5606,-18.1238,-28.4356,0.000,PARALLEL_PARK,-1,PARALLEL_PARK,,,,,PARALLEL_CSV_P2_REVERSE
637.7597,-17.9334,-28.4937,0.000,PARALLEL_PARK,-1,PARALLEL_PARK,,,,,PARALLEL_CSV_P2_REVERSE
637.9587,-17.7430,-28.5518,0.000,PARALLEL_PARK,-1,PARALLEL_PARK,,,,,PARALLEL_CSV_P2_REVERSE
638.1578,-17.5526,-28.6099,0.000,PARALLEL_PARK,-1,PARALLEL_PARK,,,,,PARALLEL_CSV_P2_REVERSE
638.3569,-17.3622,-28.6680,0.000,PARALLEL_PARK,-1,PARALLEL_PARK,,,,,PARALLEL_CSV_P2_REVERSE
638.5559,-17.1718,-28.7261,0.000,PARALLEL_PARK,-1,PARALLEL_PARK,,,,,PARALLEL_CSV_P2_REVERSE
638.7550,-16.9814,-28.7841,0.000,PARALLEL_PARK,-1,PARALLEL_PARK,,,,,PARALLEL_CSV_P2_REVERSE
638.9540,-16.7910,-28.8422,0.000,PARALLEL_PARK,-1,PARALLEL_PARK,,,,,PARALLEL_CSV_P2_REVERSE
639.1531,-16.6006,-28.9003,0.000,PARALLEL_PARK,-1,PARALLEL_PARK,,,,,PARALLEL_CSV_P2_REVERSE
639.3522,-16.4102,-28.9584,0.000,PARALLEL_PARK,-1,PARALLEL_PARK,,,,,PARALLEL_CSV_P2_REVERSE
639.5512,-16.2198,-29.0165,0.000,PARALLEL_PARK,-1,PARALLEL_PARK,,,,,PARALLEL_CSV_P2_REVERSE
639.7503,-16.0294,-29.0746,0.000,PARALLEL_PARK,-1,PARALLEL_PARK,,,,,PARALLEL_CSV_P2_REVERSE
639.9494,-15.8388,-29.1323,0.000,PARALLEL_PARK,-1,PARALLEL_PARK,,,,,PARALLEL_CSV_P2_REVERSE
640.1484,-15.6474,-29.1867,0.000,PARALLEL_PARK,-1,PARALLEL_PARK,,,,,PARALLEL_CSV_P2_REVERSE
640.3475,-15.4541,-29.2343,0.000,PARALLEL_PARK,-1,PARALLEL_PARK,,,,,PARALLEL_CSV_P2_REVERSE
640.5466,-15.2587,-29.2723,0.000,PARALLEL_PARK,-1,PARALLEL_PARK,,,,,PARALLEL_CSV_P2_REVERSE
640.7456,-15.0614,-29.2983,0.000,PARALLEL_PARK,-1,PARALLEL_PARK,,,,,PARALLEL_CSV_P2_REVERSE
640.9446,-14.8627,-29.3105,0.000,PARALLEL_PARK,-1,PARALLEL_PARK,,,,,PARALLEL_CSV_P2_REVERSE
641.1437,-14.6637,-29.3083,0.000,PARALLEL_PARK,-1,PARALLEL_PARK,,,,,PARALLEL_CSV_P2_REVERSE
641.3427,-14.4654,-29.2915,0.000,PARALLEL_PARK,-1,PARALLEL_PARK,,,,,PARALLEL_CSV_P2_REVERSE
641.5417,-14.2687,-29.2611,0.000,PARALLEL_PARK,-1,PARALLEL_PARK,,,,,PARALLEL_CSV_P2_REVERSE
641.7407,-14.0744,-29.2181,0.000,PARALLEL_PARK,-1,PARALLEL_PARK,,,,,PARALLEL_CSV_P2_REVERSE
641.9398,-13.8828,-29.1641,0.000,PARALLEL_PARK,-1,PARALLEL_PARK,,,,,PARALLEL_CSV_P2_REVERSE
642.1388,-13.6942,-29.1006,0.000,PARALLEL_PARK,-1,PARALLEL_PARK,,,,,PARALLEL_CSV_P2_REVERSE
642.3379,-13.5084,-29.0291,0.000,PARALLEL_PARK,-1,PARALLEL_PARK,,,,,PARALLEL_CSV_P2_REVERSE
642.5369,-13.3252,-28.9512,0.000,PARALLEL_PARK,-1,PARALLEL_PARK,,,,,PARALLEL_CSV_P2_REVERSE
642.7360,-13.1444,-28.8679,0.000,PARALLEL_PARK,-1,PARALLEL_PARK,,,,,PARALLEL_CSV_P2_REVERSE
642.9351,-12.9655,-28.7805,0.000,PARALLEL_PARK,-1,PARALLEL_PARK,,,,,PARALLEL_CSV_P2_REVERSE
643.1342,-12.7882,-28.6900,0.000,PARALLEL_PARK,-1,PARALLEL_PARK,,,,,PARALLEL_CSV_P2_REVERSE
643.3332,-12.6120,-28.5974,0.000,PARALLEL_PARK,-1,PARALLEL_PARK,,,,,PARALLEL_CSV_P2_REVERSE
643.5323,-12.4365,-28.5035,0.000,PARALLEL_PARK,-1,PARALLEL_PARK,,,,,PARALLEL_CSV_P2_REVERSE
643.7313,-12.2611,-28.4093,0.000,PARALLEL_PARK,-1,PARALLEL_PARK,,,,,PARALLEL_CSV_P2_REVERSE
643.9304,-12.0855,-28.3155,0.000,PARALLEL_PARK,-1,PARALLEL_PARK,,,,,PARALLEL_CSV_P2_REVERSE
644.1295,-11.9092,-28.2231,0.000,PARALLEL_PARK,-1,PARALLEL_PARK,,,,,PARALLEL_CSV_P2_REVERSE
644.3285,-11.7317,-28.1330,0.000,PARALLEL_PARK,-1,PARALLEL_PARK,,,,,PARALLEL_CSV_P2_REVERSE
644.5276,-11.5525,-28.0463,0.000,PARALLEL_PARK,-1,PARALLEL_PARK,,,,,PARALLEL_CSV_P2_REVERSE
644.7266,-11.3712,-27.9642,0.000,PARALLEL_PARK,-1,PARALLEL_PARK,,,,,PARALLEL_CSV_P2_REVERSE
644.9257,-11.1873,-27.8880,0.000,PARALLEL_PARK,-1,PARALLEL_PARK,,,,,PARALLEL_CSV_P2_REVERSE
645.1248,-11.0005,-27.8192,0.000,PARALLEL_PARK,-1,PARALLEL_PARK,,,,,PARALLEL_CSV_P2_REVERSE
645.3238,-10.8106,-27.7597,0.000,PARALLEL_PARK,-1,PARALLEL_PARK,,,,,PARALLEL_CSV_P2_REVERSE
645.5228,-10.6175,-27.7113,0.000,PARALLEL_PARK,-1,PARALLEL_PARK,,,,,PARALLEL_CSV_P2_REVERSE
645.7219,-10.4216,-27.6762,0.000,PARALLEL_PARK,-1,PARALLEL_PARK,,,,,PARALLEL_CSV_P2_REVERSE
645.9209,-10.2236,-27.6561,0.000,PARALLEL_PARK,-1,PARALLEL_PARK,,,,,PARALLEL_CSV_P2_REVERSE
646.1199,-10.0246,-27.6526,0.000,PARALLEL_PARK,-1,PARALLEL_PARK,,,,,PARALLEL_CSV_P2_REVERSE
646.3189,-9.8261,-27.6661,0.000,PARALLEL_PARK,-1,PARALLEL_PARK,,,,,PARALLEL_CSV_P2_REVERSE
646.5179,-9.6293,-27.6961,0.000,PARALLEL_PARK,-1,PARALLEL_PARK,,,,,PARALLEL_CSV_P2_REVERSE
646.7169,-9.4354,-27.7408,0.000,PARALLEL_PARK,-1,PARALLEL_PARK,,,,,PARALLEL_CSV_P2_REVERSE
646.9159,-9.2446,-27.7974,0.000,PARALLEL_PARK,-1,PARALLEL_PARK,,,,,PARALLEL_CSV_P2_REVERSE
647.1150,-9.0565,-27.8624,0.000,PARALLEL_PARK,-1,PARALLEL_PARK,,,,,PARALLEL_CSV_P2_REVERSE
647.3140,-8.8699,-27.9318,0.000,PARALLEL_PARK,-1,PARALLEL_PARK,,,,,PARALLEL_CSV_P2_REVERSE
647.5132,-8.6835,-28.0018,0.000,PARALLEL_PARK,-1,PARALLEL_PARK,,,,,PARALLEL_CSV_P2_REVERSE
647.7123,-8.4971,-28.0718,0.000,PARALLEL_PARK,-1,PARALLEL_PARK,,,,,PARALLEL_CSV_P2_REVERSE
647.9113,-8.3108,-28.1418,0.000,PARALLEL_PARK,-1,PARALLEL_PARK,,,,,PARALLEL_CSV_P2_REVERSE
648.1104,-8.1244,-28.2118,0.000,PARALLEL_PARK,-1,PARALLEL_PARK,,,,,PARALLEL_CSV_P2_REVERSE
648.3094,-7.9381,-28.2818,0.000,PARALLEL_PARK,-1,PARALLEL_PARK,,,,,PARALLEL_CSV_P2_REVERSE
648.5085,-7.7517,-28.3518,0.000,PARALLEL_PARK,-1,PARALLEL_PARK,,,,,PARALLEL_CSV_P2_REVERSE
648.7075,-7.5654,-28.4217,0.000,PARALLEL_PARK,-1,PARALLEL_PARK,,,,,PARALLEL_CSV_P2_REVERSE
648.9066,-7.3790,-28.4917,0.000,PARALLEL_PARK,-1,PARALLEL_PARK,,,,,PARALLEL_CSV_P2_REVERSE
649.1057,-7.1926,-28.5617,0.000,PARALLEL_PARK,-1,PARALLEL_PARK,,,,,PARALLEL_CSV_P2_REVERSE
649.3047,-7.0063,-28.6317,0.000,PARALLEL_PARK,-1,PARALLEL_PARK,,,,,PARALLEL_CSV_P2_REVERSE
649.5038,-6.8199,-28.7017,0.000,PARALLEL_PARK,-1,PARALLEL_PARK,,,,,PARALLEL_CSV_P2_REVERSE
649.7029,-6.6336,-28.7717,0.000,PARALLEL_PARK,-1,PARALLEL_PARK,,,,,PARALLEL_CSV_P2_REVERSE
649.9020,-6.4472,-28.8417,0.000,PARALLEL_PARK,-1,PARALLEL_PARK,,,,,PARALLEL_CSV_P2_REVERSE
650.1010,-6.2609,-28.9117,0.000,PARALLEL_PARK,-1,PARALLEL_PARK,,,,,PARALLEL_CSV_P2_REVERSE
650.3001,-6.0745,-28.9817,0.000,PARALLEL_PARK,-1,PARALLEL_PARK,,,,,PARALLEL_CSV_P2_REVERSE
650.4954,-6.2576,-28.9138,0.000,PARALLEL_PARK,1,PARALLEL_PARK,PARALLEL_2_PARK_COMPLETE|PARALLEL_2_REVERSE_TO_FORWARD,PARK_COMPLETE|SET_FORWARD,ALWAYS_ONCE,,PARALLEL_CSV_P2_EXIT
650.6908,-6.4423,-28.8501,0.000,PARALLEL_PARK,1,PARALLEL_PARK,,,,,PARALLEL_CSV_P2_EXIT
650.8861,-6.6295,-28.7943,0.000,PARALLEL_PARK,1,PARALLEL_PARK,,,,,PARALLEL_CSV_P2_EXIT
651.0814,-6.8196,-28.7496,0.000,PARALLEL_PARK,1,PARALLEL_PARK,,,,,PARALLEL_CSV_P2_EXIT
651.2766,-7.0123,-28.7184,0.000,PARALLEL_PARK,1,PARALLEL_PARK,,,,,PARALLEL_CSV_P2_EXIT
651.4719,-7.2069,-28.7022,0.000,PARALLEL_PARK,1,PARALLEL_PARK,,,,,PARALLEL_CSV_P2_EXIT
651.6672,-7.4022,-28.7015,0.000,PARALLEL_PARK,1,PARALLEL_PARK,,,,,PARALLEL_CSV_P2_EXIT
651.8625,-7.5970,-28.7156,0.000,PARALLEL_PARK,1,PARALLEL_PARK,,,,,PARALLEL_CSV_P2_EXIT
652.0578,-7.7903,-28.7436,0.000,PARALLEL_PARK,1,PARALLEL_PARK,,,,,PARALLEL_CSV_P2_EXIT
652.2531,-7.9814,-28.7838,0.000,PARALLEL_PARK,1,PARALLEL_PARK,,,,,PARALLEL_CSV_P2_EXIT
652.4484,-8.1700,-28.8345,0.000,PARALLEL_PARK,1,PARALLEL_PARK,,,,,PARALLEL_CSV_P2_EXIT
652.6437,-8.3561,-28.8939,0.000,PARALLEL_PARK,1,PARALLEL_PARK,,,,,PARALLEL_CSV_P2_EXIT
652.8390,-8.5397,-28.9604,0.000,PARALLEL_PARK,1,PARALLEL_PARK,,,,,PARALLEL_CSV_P2_EXIT
653.0343,-8.7211,-29.0328,0.000,PARALLEL_PARK,1,PARALLEL_PARK,,,,,PARALLEL_CSV_P2_EXIT
653.2296,-8.9007,-29.1096,0.000,PARALLEL_PARK,1,PARALLEL_PARK,,,,,PARALLEL_CSV_P2_EXIT
653.4249,-9.0787,-29.1899,0.000,PARALLEL_PARK,1,PARALLEL_PARK,,,,,PARALLEL_CSV_P2_EXIT
653.6203,-9.2557,-29.2727,0.000,PARALLEL_PARK,1,PARALLEL_PARK,,,,,PARALLEL_CSV_P2_EXIT
653.8157,-9.4319,-29.3570,0.000,PARALLEL_PARK,1,PARALLEL_PARK,,,,,PARALLEL_CSV_P2_EXIT
654.0109,-9.6077,-29.4420,0.000,PARALLEL_PARK,1,PARALLEL_PARK,,,,,PARALLEL_CSV_P2_EXIT
654.2062,-9.7836,-29.5269,0.000,PARALLEL_PARK,1,PARALLEL_PARK,,,,,PARALLEL_CSV_P2_EXIT
654.4016,-9.9599,-29.6110,0.000,PARALLEL_PARK,1,PARALLEL_PARK,,,,,PARALLEL_CSV_P2_EXIT
654.5970,-10.1371,-29.6933,0.000,PARALLEL_PARK,1,PARALLEL_PARK,,,,,PARALLEL_CSV_P2_EXIT
654.7923,-10.3154,-29.7731,0.000,PARALLEL_PARK,1,PARALLEL_PARK,,,,,PARALLEL_CSV_P2_EXIT
654.9876,-10.4952,-29.8493,0.000,PARALLEL_PARK,1,PARALLEL_PARK,,,,,PARALLEL_CSV_P2_EXIT
655.1829,-10.6768,-29.9211,0.000,PARALLEL_PARK,1,PARALLEL_PARK,,,,,PARALLEL_CSV_P2_EXIT
655.3782,-10.8606,-29.9873,0.000,PARALLEL_PARK,1,PARALLEL_PARK,,,,,PARALLEL_CSV_P2_EXIT
655.5736,-11.0467,-30.0467,0.000,PARALLEL_PARK,1,PARALLEL_PARK,,,,,PARALLEL_CSV_P2_EXIT
655.7689,-11.2352,-30.0978,0.000,PARALLEL_PARK,1,PARALLEL_PARK,,,,,PARALLEL_CSV_P2_EXIT
655.9641,-11.4260,-30.1394,0.000,PARALLEL_PARK,1,PARALLEL_PARK,,,,,PARALLEL_CSV_P2_EXIT
656.1594,-11.6189,-30.1699,0.000,PARALLEL_PARK,1,PARALLEL_PARK,,,,,PARALLEL_CSV_P2_EXIT
656.3547,-11.8133,-30.1881,0.000,PARALLEL_PARK,1,PARALLEL_PARK,,,,,PARALLEL_CSV_P2_EXIT
656.5501,-12.0086,-30.1928,0.000,PARALLEL_PARK,1,PARALLEL_PARK,,,,,PARALLEL_CSV_P2_EXIT
656.7453,-12.2036,-30.1835,0.000,PARALLEL_PARK,1,PARALLEL_PARK,,,,,PARALLEL_CSV_P2_EXIT
656.9405,-12.3975,-30.1604,0.000,PARALLEL_PARK,1,PARALLEL_PARK,,,,,PARALLEL_CSV_P2_EXIT
657.1358,-12.5894,-30.1241,0.000,PARALLEL_PARK,1,PARALLEL_PARK,,,,,PARALLEL_CSV_P2_EXIT
657.3312,-12.7788,-30.0764,0.000,PARALLEL_PARK,1,PARALLEL_PARK,,,,,PARALLEL_CSV_P2_EXIT
657.5264,-12.9655,-30.0192,0.000,PARALLEL_PARK,1,PARALLEL_PARK,,,,,PARALLEL_CSV_P2_EXIT
657.7218,-13.1501,-29.9551,0.000,PARALLEL_PARK,1,PARALLEL_PARK,,,,,PARALLEL_CSV_P2_EXIT
657.9171,-13.3332,-29.8873,0.000,PARALLEL_PARK,1,PARALLEL_PARK,,,,,PARALLEL_CSV_P2_EXIT
658.1124,-13.5161,-29.8187,0.000,PARALLEL_PARK,1,PARALLEL_PARK,,,,,PARALLEL_CSV_P2_EXIT
658.3078,-13.6991,-29.7504,0.000,PARALLEL_PARK,1,PARALLEL_PARK,,,,,PARALLEL_CSV_P2_EXIT
658.5032,-13.8824,-29.6827,0.000,PARALLEL_PARK,1,PARALLEL_PARK,,,,,PARALLEL_CSV_P2_EXIT
658.6984,-14.0659,-29.6160,0.000,PARALLEL_PARK,1,PARALLEL_PARK,,,,,PARALLEL_CSV_P2_EXIT
658.8937,-14.2499,-29.5505,0.000,PARALLEL_PARK,1,PARALLEL_PARK,,,,,PARALLEL_CSV_P2_EXIT
659.0891,-14.4344,-29.4863,0.000,PARALLEL_PARK,1,PARALLEL_PARK,,,,,PARALLEL_CSV_P2_EXIT
659.2844,-14.6194,-29.4236,0.000,PARALLEL_PARK,1,PARALLEL_PARK,,,,,PARALLEL_CSV_P2_EXIT
659.4798,-14.8050,-29.3626,0.000,PARALLEL_PARK,1,PARALLEL_PARK,,,,,PARALLEL_CSV_P2_EXIT
659.6751,-14.9910,-29.3031,0.000,PARALLEL_PARK,1,PARALLEL_PARK,,,,,PARALLEL_CSV_P2_EXIT
659.8704,-15.1776,-29.2454,0.000,PARALLEL_PARK,1,PARALLEL_PARK,,,,,PARALLEL_CSV_P2_EXIT
660.0657,-15.3648,-29.1895,0.000,PARALLEL_PARK,1,PARALLEL_PARK,,,,,PARALLEL_CSV_P2_EXIT
660.2610,-15.5524,-29.1352,0.000,PARALLEL_PARK,1,PARALLEL_PARK,,,,,PARALLEL_CSV_P2_EXIT
660.4564,-15.7405,-29.0825,0.000,PARALLEL_PARK,1,PARALLEL_PARK,,,,,PARALLEL_CSV_P2_EXIT
660.6518,-15.9291,-29.0315,0.000,PARALLEL_PARK,1,PARALLEL_PARK,,,,,PARALLEL_CSV_P2_EXIT
660.8470,-16.1180,-28.9821,0.000,PARALLEL_PARK,1,PARALLEL_PARK,,,,,PARALLEL_CSV_P2_EXIT
661.0424,-16.3074,-28.9342,0.000,PARALLEL_PARK,1,PARALLEL_PARK,,,,,PARALLEL_CSV_P2_EXIT
661.2377,-16.4971,-28.8877,0.000,PARALLEL_PARK,1,PARALLEL_PARK,,,,,PARALLEL_CSV_P2_EXIT
661.4330,-16.6871,-28.8425,0.000,PARALLEL_PARK,1,PARALLEL_PARK,,,,,PARALLEL_CSV_P2_EXIT
661.6284,-16.8775,-28.7986,0.000,PARALLEL_PARK,1,PARALLEL_PARK,,,,,PARALLEL_CSV_P2_EXIT
661.8237,-17.0681,-28.7559,0.000,PARALLEL_PARK,1,PARALLEL_PARK,,,,,PARALLEL_CSV_P2_EXIT
662.0190,-17.2589,-28.7143,0.000,PARALLEL_PARK,1,PARALLEL_PARK,,,,,PARALLEL_CSV_P2_EXIT
662.2143,-17.4500,-28.6738,0.000,PARALLEL_PARK,1,PARALLEL_PARK,,,,,PARALLEL_CSV_P2_EXIT
662.4096,-17.6412,-28.6341,0.000,PARALLEL_PARK,1,PARALLEL_PARK,,,,,PARALLEL_CSV_P2_EXIT
662.6050,-17.8327,-28.5953,0.000,PARALLEL_PARK,1,PARALLEL_PARK,,,,,PARALLEL_CSV_P2_EXIT
662.8003,-18.0242,-28.5572,0.000,PARALLEL_PARK,1,PARALLEL_PARK,,,,,PARALLEL_CSV_P2_EXIT
662.9956,-18.2159,-28.5198,0.000,PARALLEL_PARK,1,PARALLEL_PARK,,,,,PARALLEL_CSV_P2_EXIT
663.1910,-18.4078,-28.4829,0.000,PARALLEL_PARK,1,PARALLEL_PARK,,,,,PARALLEL_CSV_P2_EXIT
663.3863,-18.5997,-28.4466,0.000,PARALLEL_PARK,1,PARALLEL_PARK,,,,,PARALLEL_CSV_P2_EXIT
663.5816,-18.7917,-28.4106,0.000,PARALLEL_PARK,1,PARALLEL_PARK,,,,,PARALLEL_CSV_P2_EXIT
663.7769,-18.9837,-28.3749,0.000,PARALLEL_PARK,1,PARALLEL_PARK,,,,,PARALLEL_CSV_P2_EXIT
663.9723,-19.1758,-28.3395,0.000,PARALLEL_PARK,1,PARALLEL_PARK,,,,,PARALLEL_CSV_P2_EXIT
664.1676,-19.3679,-28.3042,0.000,PARALLEL_PARK,1,PARALLEL_PARK,,,,,PARALLEL_CSV_P2_EXIT
664.3629,-19.5600,-28.2689,0.000,PARALLEL_PARK,1,PARALLEL_PARK,,,,,PARALLEL_CSV_P2_EXIT
664.5582,-19.7521,-28.2336,0.000,PARALLEL_PARK,1,PARALLEL_PARK,,,,,PARALLEL_CSV_P2_EXIT
664.7536,-19.9442,-28.1982,0.000,PARALLEL_PARK,1,PARALLEL_PARK,,,,,PARALLEL_CSV_P2_EXIT
664.9488,-20.1362,-28.1625,0.000,PARALLEL_PARK,1,PARALLEL_PARK,,,,,PARALLEL_CSV_P2_EXIT
665.1442,-20.3282,-28.1264,0.000,PARALLEL_PARK,1,PARALLEL_PARK,,,,,PARALLEL_CSV_P2_EXIT
665.3395,-20.5201,-28.0900,0.000,PARALLEL_PARK,1,PARALLEL_PARK,,,,,PARALLEL_CSV_P2_EXIT
665.5349,-20.7119,-28.0530,0.000,PARALLEL_PARK,1,PARALLEL_PARK,,,,,PARALLEL_CSV_P2_EXIT
665.7302,-20.9036,-28.0154,0.000,PARALLEL_PARK,1,PARALLEL_PARK,,,,,PARALLEL_CSV_P2_EXIT
665.9255,-21.0951,-27.9771,0.000,PARALLEL_PARK,1,PARALLEL_PARK,,,,,PARALLEL_CSV_P2_EXIT
666.1209,-21.2865,-27.9380,0.000,PARALLEL_PARK,1,PARALLEL_PARK,,,,,PARALLEL_CSV_P2_EXIT
666.3162,-21.4777,-27.8979,0.000,PARALLEL_PARK,1,PARALLEL_PARK,,,,,PARALLEL_CSV_P2_EXIT
666.5115,-21.6686,-27.8567,0.000,PARALLEL_PARK,1,PARALLEL_PARK,,,,,PARALLEL_CSV_P2_EXIT
666.7068,-21.8593,-27.8145,0.000,PARALLEL_PARK,1,PARALLEL_PARK,,,,,PARALLEL_CSV_P2_EXIT
666.9022,-22.0497,-27.7709,0.000,PARALLEL_PARK,1,PARALLEL_PARK,,,,,PARALLEL_CSV_P2_EXIT
667.0975,-22.2398,-27.7260,0.000,PARALLEL_PARK,1,PARALLEL_PARK,,,,,PARALLEL_CSV_P2_EXIT
667.2929,-22.4296,-27.6797,0.000,PARALLEL_PARK,1,PARALLEL_PARK,,,,,PARALLEL_CSV_P2_EXIT
667.4881,-22.6189,-27.6318,0.000,PARALLEL_PARK,1,PARALLEL_PARK,,,,,PARALLEL_CSV_P2_EXIT
667.6835,-22.8079,-27.5823,0.000,PARALLEL_PARK,1,PARALLEL_PARK,,,,,PARALLEL_CSV_P2_EXIT
667.8788,-22.9964,-27.5311,0.000,PARALLEL_PARK,1,PARALLEL_PARK,,,,,PARALLEL_CSV_P2_EXIT
668.0741,-23.1844,-27.4782,0.000,PARALLEL_PARK,1,PARALLEL_PARK,,,,,PARALLEL_CSV_P2_EXIT
668.2694,-23.3719,-27.4236,0.000,PARALLEL_PARK,1,PARALLEL_PARK,,,,,PARALLEL_CSV_P2_EXIT
668.4648,-23.5590,-27.3673,0.000,PARALLEL_PARK,1,PARALLEL_PARK,,,,,PARALLEL_CSV_P2_EXIT
668.6601,-23.7455,-27.3094,0.000,PARALLEL_PARK,1,PARALLEL_PARK,,,,,PARALLEL_CSV_P2_EXIT
668.8554,-23.9316,-27.2500,0.000,PARALLEL_PARK,1,PARALLEL_PARK,,,,,PARALLEL_CSV_P2_EXIT
669.0508,-24.1173,-27.1893,0.000,PARALLEL_PARK,1,PARALLEL_PARK,,,,,PARALLEL_CSV_P2_EXIT
669.2461,-24.3026,-27.1276,0.000,PARALLEL_PARK,1,PARALLEL_PARK,,,,,PARALLEL_CSV_P2_EXIT
669.4414,-24.4877,-27.0652,0.000,PARALLEL_PARK,1,PARALLEL_PARK,,,,,PARALLEL_CSV_P2_EXIT
669.6367,-24.6726,-27.0025,0.000,PARALLEL_PARK,1,PARALLEL_PARK,,,,,PARALLEL_CSV_P2_EXIT
669.8321,-24.8576,-26.9397,0.000,PARALLEL_PARK,1,PARALLEL_PARK,,,,,PARALLEL_CSV_P2_EXIT
670.0274,-25.0426,-26.8770,0.000,PARALLEL_PARK,1,PARALLEL_PARK,,,,,PARALLEL_CSV_P2_EXIT
670.2227,-25.2276,-26.8143,0.000,PARALLEL_PARK,1,PARALLEL_PARK,,,,,PARALLEL_CSV_P2_EXIT
670.4181,-25.4126,-26.7515,0.000,PARALLEL_PARK,1,PARALLEL_PARK,,,,,PARALLEL_CSV_P2_EXIT
670.6133,-25.5975,-26.6888,0.000,PARALLEL_PARK,1,PARALLEL_PARK,,,,,PARALLEL_CSV_P2_EXIT
670.8087,-25.7825,-26.6260,0.000,PARALLEL_PARK,1,PARALLEL_PARK,,,,,PARALLEL_CSV_P2_EXIT
671.0040,-25.9675,-26.5633,0.000,PARALLEL_PARK,1,PARALLEL_PARK,,,,,PARALLEL_CSV_P2_EXIT
671.1994,-26.1525,-26.5006,0.000,PARALLEL_PARK,1,PARALLEL_PARK,,,,,PARALLEL_CSV_P2_EXIT
671.3947,-26.3374,-26.4378,0.000,PARALLEL_PARK,1,PARALLEL_PARK,,,,,PARALLEL_CSV_P2_EXIT
671.5900,-26.5224,-26.3751,0.000,PARALLEL_PARK,1,PARALLEL_PARK,,,,,PARALLEL_CSV_P2_EXIT
671.7854,-26.7074,-26.3123,0.000,PARALLEL_PARK,1,PARALLEL_PARK,,,,,PARALLEL_CSV_P2_EXIT
671.9807,-26.8924,-26.2496,0.000,PARALLEL_PARK,1,PARALLEL_PARK,,,,,PARALLEL_CSV_P2_EXIT
672.1760,-27.0774,-26.1869,0.000,PARALLEL_PARK,1,PARALLEL_PARK,,,,,PARALLEL_CSV_P2_EXIT
672.3713,-27.2623,-26.1241,0.000,PARALLEL_PARK,1,PARALLEL_PARK,,,,,PARALLEL_CSV_P2_EXIT
672.5666,-27.4473,-26.0614,0.000,PARALLEL_PARK,1,PARALLEL_PARK,PARALLEL_2_END,BRANCH_COMPLETE,,,PARALLEL_CSV_P2_EXIT
672.6666,-27.5433,-26.0336,0.000,NORMAL,1,ROUTE,,,,,PARALLEL_CSV_EXIT_JOIN
672.7665,-27.6385,-26.0034,0.000,NORMAL,1,ROUTE,,,,,PARALLEL_CSV_EXIT_JOIN
672.8664,-27.7331,-25.9711,0.000,NORMAL,1,ROUTE,,,,,PARALLEL_CSV_EXIT_JOIN
672.9664,-27.8270,-25.9367,0.000,NORMAL,1,ROUTE,,,,,PARALLEL_CSV_EXIT_JOIN
673.0665,-27.9202,-25.9003,0.000,NORMAL,1,ROUTE,,,,,PARALLEL_CSV_EXIT_JOIN
673.1667,-28.0129,-25.8621,0.000,NORMAL,1,ROUTE,,,,,PARALLEL_CSV_EXIT_JOIN
673.2672,-28.1050,-25.8220,0.000,NORMAL,1,ROUTE,,,,,PARALLEL_CSV_EXIT_JOIN
673.3677,-28.1965,-25.7803,0.000,NORMAL,1,ROUTE,,,,,PARALLEL_CSV_EXIT_JOIN
673.4684,-28.2875,-25.7373,0.000,NORMAL,1,ROUTE,,,,,PARALLEL_CSV_EXIT_JOIN
673.5695,-28.3782,-25.6927,0.000,NORMAL,1,ROUTE,,,,,PARALLEL_CSV_EXIT_JOIN
673.6705,-28.4683,-25.6470,0.000,NORMAL,1,ROUTE,,,,,PARALLEL_CSV_EXIT_JOIN
673.7718,-28.5581,-25.6002,0.000,NORMAL,1,ROUTE,,,,,PARALLEL_CSV_EXIT_JOIN
673.8732,-28.6477,-25.5526,0.000,NORMAL,1,ROUTE,,,,,PARALLEL_CSV_EXIT_JOIN
673.9747,-28.7370,-25.5043,0.000,NORMAL,1,ROUTE,,,,,PARALLEL_CSV_EXIT_JOIN
674.0764,-28.8262,-25.4556,0.000,NORMAL,1,ROUTE,,,,,PARALLEL_CSV_EXIT_JOIN
674.1780,-28.9153,-25.4067,0.000,NORMAL,1,ROUTE,,,,,PARALLEL_CSV_EXIT_JOIN
674.2798,-29.0045,-25.3576,0.000,NORMAL,1,ROUTE,,,,,PARALLEL_CSV_EXIT_JOIN
674.3814,-29.0937,-25.3090,0.000,NORMAL,1,ROUTE,,,,,PARALLEL_CSV_EXIT_JOIN
674.4829,-29.1831,-25.2609,0.000,NORMAL,1,ROUTE,,,,,PARALLEL_CSV_EXIT_JOIN
674.5843,-29.2727,-25.2135,0.000,NORMAL,1,ROUTE,,,,,PARALLEL_CSV_EXIT_JOIN
674.6855,-29.3626,-25.1671,0.000,NORMAL,1,ROUTE,,,,,PARALLEL_CSV_EXIT_JOIN
674.7864,-29.4529,-25.1220,0.000,NORMAL,1,ROUTE,,,,,PARALLEL_CSV_EXIT_JOIN
674.8871,-29.5436,-25.0783,0.000,NORMAL,1,ROUTE,,,,,PARALLEL_CSV_EXIT_JOIN
674.9875,-29.6347,-25.0361,0.000,NORMAL,1,ROUTE,,,,,PARALLEL_CSV_EXIT_JOIN
675.0876,-29.7262,-24.9954,0.000,NORMAL,1,ROUTE,,,,,PARALLEL_CSV_EXIT_JOIN
675.1875,-29.8181,-24.9562,0.000,NORMAL,1,ROUTE,,,,,PARALLEL_CSV_EXIT_JOIN
675.2872,-29.9104,-24.9186,0.000,NORMAL,1,ROUTE,,,,,PARALLEL_CSV_EXIT_JOIN
675.3867,-30.0031,-24.8823,0.000,NORMAL,1,ROUTE,,,,,PARALLEL_CSV_EXIT_JOIN
675.4861,-30.0961,-24.8474,0.000,NORMAL,1,ROUTE,,,,,PARALLEL_CSV_EXIT_JOIN
675.5853,-30.1894,-24.8135,0.000,NORMAL,1,ROUTE,,,,,PARALLEL_CSV_EXIT_JOIN
675.6847,-30.2832,-24.7808,0.000,NORMAL,1,ROUTE,,,,,PARALLEL_CSV_EXIT_JOIN
675.7839,-30.3772,-24.7489,0.000,NORMAL,1,ROUTE,,,,,PARALLEL_CSV_EXIT_JOIN
675.8832,-30.4715,-24.7178,0.000,NORMAL,1,ROUTE,,,,,PARALLEL_CSV_EXIT_JOIN
675.9826,-30.5661,-24.6873,0.000,NORMAL,1,ROUTE,,,,,PARALLEL_CSV_EXIT_JOIN
676.0821,-30.6609,-24.6571,0.000,NORMAL,1,ROUTE,,,,,PARALLEL_CSV_EXIT_JOIN
676.1817,-30.7559,-24.6273,0.000,NORMAL,1,ROUTE,,,,,PARALLEL_CSV_EXIT_JOIN
676.2815,-30.8511,-24.5974,0.000,NORMAL,1,ROUTE,,,,,PARALLEL_CSV_EXIT_JOIN
676.3813,-30.9463,-24.5674,0.000,NORMAL,1,ROUTE,,,,,PARALLEL_CSV_EXIT_JOIN
676.4812,-31.0415,-24.5372,0.000,NORMAL,1,ROUTE,,,,,PARALLEL_CSV_EXIT_JOIN
676.5811,-31.1366,-24.5064,0.000,NORMAL,1,ROUTE,,,,,PARALLEL_CSV_EXIT_JOIN
676.6812,-31.2313,-24.4742,0.000,NORMAL,1,ROUTE,,,,,T2_REVERSE_TO_FORWARD
676.7811,-31.3250,-24.4394,0.000,NORMAL,1,ROUTE,,,,,T2_REVERSE_TO_FORWARD
676.8811,-31.4178,-24.4021,0.000,NORMAL,1,ROUTE,,,,,T2_REVERSE_TO_FORWARD
676.9811,-31.5095,-24.3623,0.000,NORMAL,1,ROUTE,,,,,T2_REVERSE_TO_FORWARD
677.0811,-31.6001,-24.3200,0.000,NORMAL,1,ROUTE,,,,,T2_REVERSE_TO_FORWARD
677.1811,-31.6896,-24.2753,0.000,NORMAL,1,ROUTE,,,,,T2_REVERSE_TO_FORWARD
677.2812,-31.7778,-24.2281,0.000,NORMAL,1,ROUTE,,,,,T2_REVERSE_TO_FORWARD
677.3811,-31.8646,-24.1785,0.000,NORMAL,1,ROUTE,,,,,T2_REVERSE_TO_FORWARD
677.4811,-31.9499,-24.1264,0.000,NORMAL,1,ROUTE,,,,,T2_REVERSE_TO_FORWARD
677.5811,-32.0336,-24.0716,0.000,NORMAL,1,ROUTE,,,,,T2_REVERSE_TO_FORWARD
677.6810,-32.1153,-24.0141,0.000,NORMAL,1,ROUTE,,,,,T2_REVERSE_TO_FORWARD
677.7810,-32.1950,-23.9537,0.000,NORMAL,1,ROUTE,,,,,T2_REVERSE_TO_FORWARD
677.8811,-32.2722,-23.8901,0.000,NORMAL,1,ROUTE,,,,,T2_REVERSE_TO_FORWARD
677.9811,-32.3468,-23.8235,0.000,NORMAL,1,ROUTE,,,,,T2_REVERSE_TO_FORWARD
678.0810,-32.4183,-23.7537,0.000,NORMAL,1,ROUTE,,,,,T2_REVERSE_TO_FORWARD
678.1810,-32.4867,-23.6807,0.000,NORMAL,1,ROUTE,,,,,T2_REVERSE_TO_FORWARD
678.2810,-32.5515,-23.6046,0.000,NORMAL,1,ROUTE,,,,,T2_REVERSE_TO_FORWARD
678.3810,-32.6124,-23.5253,0.000,NORMAL,1,ROUTE,,,,,T2_REVERSE_TO_FORWARD
678.4810,-32.6691,-23.4429,0.000,NORMAL,1,ROUTE,,,,,T2_REVERSE_TO_FORWARD
678.5810,-32.7211,-23.3575,0.000,NORMAL,1,ROUTE,,,,,T2_REVERSE_TO_FORWARD
678.6809,-32.7681,-23.2693,0.000,NORMAL,1,ROUTE,,,,,T2_REVERSE_TO_FORWARD
678.7809,-32.8098,-23.1784,0.000,NORMAL,1,ROUTE,,,,,T2_REVERSE_TO_FORWARD
678.8809,-32.8462,-23.0853,0.000,NORMAL,1,ROUTE,,,,,T2_REVERSE_TO_FORWARD
678.9809,-32.8773,-22.9902,0.000,NORMAL,1,ROUTE,,,,,T2_REVERSE_TO_FORWARD
679.0809,-32.9037,-22.8938,0.000,NORMAL,1,ROUTE,,,,,T2_REVERSE_TO_FORWARD
679.1809,-32.9258,-22.7963,0.000,NORMAL,1,ROUTE,,,,,T2_REVERSE_TO_FORWARD
679.2808,-32.9440,-22.6980,0.000,NORMAL,1,ROUTE,,,,,T2_REVERSE_TO_FORWARD
679.3808,-32.9588,-22.5991,0.000,NORMAL,1,ROUTE,,,,,T2_REVERSE_TO_FORWARD
679.4808,-32.9707,-22.4998,0.000,NORMAL,1,ROUTE,,,,,T2_REVERSE_TO_FORWARD
679.5809,-32.9800,-22.4002,0.000,NORMAL,1,ROUTE,,,,,T2_REVERSE_TO_FORWARD
679.6808,-32.9870,-22.3005,0.000,NORMAL,1,ROUTE,,,,,T2_REVERSE_TO_FORWARD
679.7808,-32.9920,-22.2006,0.000,NORMAL,1,ROUTE,,,,,T2_REVERSE_TO_FORWARD
679.8808,-32.9952,-22.1007,0.000,NORMAL,1,ROUTE,,,,,T2_REVERSE_TO_FORWARD
679.9808,-32.9969,-22.0007,0.000,NORMAL,1,ROUTE,,,,,T2_REVERSE_TO_FORWARD
680.0808,-32.9970,-21.9007,0.000,NORMAL,1,ROUTE,,,,,T2_REVERSE_TO_FORWARD
680.1808,-32.9957,-21.8007,0.000,NORMAL,1,ROUTE,,,,,T2_REVERSE_TO_FORWARD
680.2809,-32.9931,-21.7007,0.000,NORMAL,1,ROUTE,,,,,T2_REVERSE_TO_FORWARD
680.3808,-32.9891,-21.6008,0.000,NORMAL,1,ROUTE,,,,,T2_REVERSE_TO_FORWARD
680.4808,-32.9837,-21.5010,0.000,NORMAL,1,ROUTE,,,,,T2_REVERSE_TO_FORWARD
680.5808,-32.9769,-21.4012,0.000,NORMAL,1,ROUTE,,,,,T2_REVERSE_TO_FORWARD
680.6808,-32.9685,-21.3016,0.000,NORMAL,1,ROUTE,,,,,T2_REVERSE_TO_FORWARD
680.7808,-32.9585,-21.2021,0.000,NORMAL,1,ROUTE,,,,,T2_REVERSE_TO_FORWARD
680.8808,-32.9468,-21.1028,0.000,NORMAL,1,ROUTE,,,,,T2_REVERSE_TO_FORWARD
680.9808,-32.9335,-21.0036,0.000,NORMAL,1,ROUTE,,,,,T2_REVERSE_TO_FORWARD
681.0807,-32.9187,-20.9048,0.000,NORMAL,1,ROUTE,,,,,T2_REVERSE_TO_FORWARD
681.1808,-32.9022,-20.8061,0.000,NORMAL,1,ROUTE,,,,,T2_REVERSE_TO_FORWARD
681.2807,-32.8843,-20.7078,0.000,NORMAL,1,ROUTE,,,,,T2_REVERSE_TO_FORWARD
681.3808,-32.8648,-20.6097,0.000,NORMAL,1,ROUTE,,,,,T2_REVERSE_TO_FORWARD
681.4807,-32.8440,-20.5119,0.000,NORMAL,1,ROUTE,,,,,T2_REVERSE_TO_FORWARD
681.5808,-32.8217,-20.4144,0.000,NORMAL,1,ROUTE,,,,,T2_REVERSE_TO_FORWARD
681.6808,-32.7980,-20.3172,0.000,NORMAL,1,ROUTE,,,,,T2_REVERSE_TO_FORWARD
681.7808,-32.7730,-20.2204,0.000,NORMAL,1,ROUTE,,,,,T2_REVERSE_TO_FORWARD
681.8808,-32.7467,-20.1239,0.000,NORMAL,1,ROUTE,,,,,T2_REVERSE_TO_FORWARD
681.9808,-32.7192,-20.0278,0.000,NORMAL,1,ROUTE,,,,,T2_REVERSE_TO_FORWARD
682.0807,-32.6906,-19.9320,0.000,NORMAL,1,ROUTE,,,,,T2_REVERSE_TO_FORWARD
682.1807,-32.6610,-19.8365,0.000,NORMAL,1,ROUTE,,,,,T2_REVERSE_TO_FORWARD
682.2808,-32.6308,-19.7411,0.000,NORMAL,1,ROUTE,,,,,T2_REVERSE_TO_FORWARD
682.3807,-32.6000,-19.6460,0.000,NORMAL,1,ROUTE,,,,,T2_REVERSE_TO_FORWARD
682.4807,-32.5689,-19.5510,0.000,NORMAL,1,ROUTE,,,,,T2_REVERSE_TO_FORWARD
682.5807,-32.5376,-19.4560,0.000,NORMAL,1,ROUTE,,,,,T2_REVERSE_TO_FORWARD
682.6808,-32.5063,-19.3610,0.000,NORMAL,1,ROUTE,,,,,T2_REVERSE_TO_FORWARD
682.7807,-32.4752,-19.2660,0.000,NORMAL,1,ROUTE,,,,,T2_REVERSE_TO_FORWARD
682.8808,-32.4444,-19.1708,0.000,NORMAL,1,ROUTE,,,,,T2_REVERSE_TO_FORWARD
682.9807,-32.4140,-19.0756,0.000,NORMAL,1,ROUTE,,,,,T2_REVERSE_TO_FORWARD
683.0807,-32.3840,-18.9802,0.000,NORMAL,1,ROUTE,,,,,T2_REVERSE_TO_FORWARD
683.1807,-32.3545,-18.8847,0.000,NORMAL,1,ROUTE,,,,,T2_REVERSE_TO_FORWARD
683.2807,-32.3254,-18.7890,0.000,NORMAL,1,ROUTE,,,,,T2_REVERSE_TO_FORWARD
683.3807,-32.2967,-18.6932,0.000,NORMAL,1,ROUTE,,,,,T2_REVERSE_TO_FORWARD
683.4807,-32.2683,-18.5973,0.000,NORMAL,1,ROUTE,,,,,T2_REVERSE_TO_FORWARD
683.5807,-32.2401,-18.5014,0.000,NORMAL,1,ROUTE,,,,,T2_REVERSE_TO_FORWARD
683.6807,-32.2119,-18.4054,0.000,NORMAL,1,ROUTE,,,,,T2_REVERSE_TO_FORWARD
683.7807,-32.1837,-18.3095,0.000,NORMAL,1,ROUTE,,,,,T2_REVERSE_TO_FORWARD
683.8806,-32.1552,-18.2137,0.000,NORMAL,1,ROUTE,,,,,T2_REVERSE_TO_FORWARD
683.9807,-32.1261,-18.1180,0.000,NORMAL,1,ROUTE,,,,,T2_REVERSE_TO_FORWARD
684.0807,-32.0963,-18.0225,0.000,NORMAL,1,ROUTE,,,,,T2_REVERSE_TO_FORWARD
684.1807,-32.0655,-17.9274,0.000,NORMAL,1,ROUTE,,,,,T2_REVERSE_TO_FORWARD
684.2807,-32.0335,-17.8326,0.000,NORMAL,1,ROUTE,,,,,T2_REVERSE_TO_FORWARD
684.3807,-32.0001,-17.7384,0.000,NORMAL,1,ROUTE,,,,,T2_REVERSE_TO_FORWARD
684.4806,-31.9653,-17.6447,0.000,NORMAL,1,ROUTE,,,,,T2_REVERSE_TO_FORWARD
684.5807,-31.9289,-17.5515,0.000,NORMAL,1,ROUTE,,,,,T2_REVERSE_TO_FORWARD
684.6807,-31.8911,-17.4589,0.000,NORMAL,1,ROUTE,,,,,T2_REVERSE_TO_FORWARD
684.7806,-31.8521,-17.3669,0.000,NORMAL,1,ROUTE,,,,,T2_REVERSE_TO_FORWARD
684.8807,-31.8121,-17.2752,0.000,NORMAL,1,ROUTE,,,,,T2_REVERSE_TO_FORWARD
684.9807,-31.7713,-17.1839,0.000,NORMAL,1,ROUTE,,,,,T2_REVERSE_TO_FORWARD
685.0806,-31.7300,-17.0929,0.000,NORMAL,1,ROUTE,,,,,T2_REVERSE_TO_FORWARD
685.1807,-31.6882,-17.0020,0.000,NORMAL,1,ROUTE,,,,,T2_REVERSE_TO_FORWARD
685.2807,-31.6461,-16.9113,0.000,NORMAL,1,ROUTE,,,,,T2_REVERSE_TO_FORWARD
685.3806,-31.6039,-16.8207,0.000,NORMAL,1,ROUTE,,,,,T2_REVERSE_TO_FORWARD
685.4806,-31.5616,-16.7301,0.000,NORMAL,1,ROUTE,,,,,T2_REVERSE_TO_FORWARD
685.5807,-31.5191,-16.6395,0.000,NORMAL,1,ROUTE,,,,,T2_REVERSE_TO_FORWARD
685.6806,-31.4764,-16.5491,0.000,NORMAL,1,ROUTE,,,,,T2_REVERSE_TO_FORWARD
685.7806,-31.4333,-16.4589,0.000,NORMAL,1,ROUTE,,,,,T2_REVERSE_TO_FORWARD
685.8806,-31.3897,-16.3689,0.000,NORMAL,1,ROUTE,,,,,T2_REVERSE_TO_FORWARD
685.9807,-31.3454,-16.2792,0.000,NORMAL,1,ROUTE,,,,,T2_REVERSE_TO_FORWARD
686.0806,-31.3003,-16.1900,0.000,NORMAL,1,ROUTE,,,,,T2_REVERSE_TO_FORWARD
686.1807,-31.2542,-16.1012,0.000,NORMAL,1,ROUTE,,,,,T2_REVERSE_TO_FORWARD
686.2806,-31.2070,-16.0131,0.000,NORMAL,1,ROUTE,,,,,T2_REVERSE_TO_FORWARD
686.3806,-31.1586,-15.9256,0.000,NORMAL,1,ROUTE,,,,,T2_REVERSE_TO_FORWARD
686.4806,-31.1089,-15.8388,0.000,NORMAL,1,ROUTE,,,,,T2_REVERSE_TO_FORWARD
686.5806,-31.0580,-15.7528,0.000,NORMAL,1,ROUTE,,,,,T2_REVERSE_TO_FORWARD
686.6806,-31.0058,-15.6675,0.000,NORMAL,1,ROUTE,,,,,T2_REVERSE_TO_FORWARD
686.7806,-30.9523,-15.5830,0.000,NORMAL,1,ROUTE,,,,,T2_REVERSE_TO_FORWARD
686.8806,-30.8975,-15.4993,0.000,NORMAL,1,ROUTE,,,,,T2_REVERSE_TO_FORWARD
686.9805,-30.8414,-15.4166,0.000,NORMAL,1,ROUTE,,,,,T2_REVERSE_TO_FORWARD
687.0806,-30.7838,-15.3348,0.000,NORMAL,1,ROUTE,,,,,T2_REVERSE_TO_FORWARD
687.1806,-30.7248,-15.2541,0.000,NORMAL,1,ROUTE,,,,,T2_REVERSE_TO_FORWARD
687.2806,-30.6644,-15.1744,0.000,NORMAL,1,ROUTE,,,,,T2_REVERSE_TO_FORWARD
687.3805,-30.6026,-15.0958,0.000,NORMAL,1,ROUTE,,,,,T2_REVERSE_TO_FORWARD
687.4806,-30.5394,-15.0183,0.000,NORMAL,1,ROUTE,,,,,T2_REVERSE_TO_FORWARD
687.5805,-30.4750,-14.9418,0.000,NORMAL,1,ROUTE,,,,,T2_REVERSE_TO_FORWARD
687.6805,-30.4092,-14.8665,0.000,NORMAL,1,ROUTE,,,,,T2_REVERSE_TO_FORWARD
687.7806,-30.3422,-14.7922,0.000,NORMAL,1,ROUTE,,,,,T2_REVERSE_TO_FORWARD
687.8805,-30.2741,-14.7191,0.000,NORMAL,1,ROUTE,,,,,T2_REVERSE_TO_FORWARD
687.9805,-30.2048,-14.6470,0.000,NORMAL,1,ROUTE,,,,,T2_REVERSE_TO_FORWARD
688.0806,-30.1343,-14.5760,0.000,NORMAL,1,ROUTE,,,,,T2_REVERSE_TO_FORWARD
688.1806,-30.0628,-14.5061,0.000,NORMAL,1,ROUTE,,,,,T2_REVERSE_TO_FORWARD
688.2805,-29.9903,-14.4373,0.000,NORMAL,1,ROUTE,,,,,T2_REVERSE_TO_FORWARD
688.3806,-29.9169,-14.3693,0.000,NORMAL,1,ROUTE,,,,,T2_REVERSE_TO_FORWARD
688.4805,-29.8428,-14.3022,0.000,NORMAL,1,ROUTE,,,,,T2_REVERSE_TO_FORWARD
688.5805,-29.7681,-14.2358,0.000,NORMAL,1,ROUTE,,,,,T2_REVERSE_TO_FORWARD
688.6805,-29.6930,-14.1698,0.000,NORMAL,1,ROUTE,,,,,T2_REVERSE_TO_FORWARD
688.7805,-29.6176,-14.1041,0.000,NORMAL,1,ROUTE,,,,,T2_REVERSE_TO_FORWARD
688.8805,-29.5421,-14.0385,0.000,NORMAL,1,ROUTE,,,,,T2_REVERSE_TO_FORWARD
688.9805,-29.4666,-13.9729,0.000,NORMAL,1,ROUTE,,,,,T2_REVERSE_TO_FORWARD
689.0805,-29.3911,-13.9073,0.000,NORMAL,1,ROUTE,,,,,T2_REVERSE_TO_FORWARD
689.1805,-29.3157,-13.8416,0.000,NORMAL,1,ROUTE,,,,,T2_REVERSE_TO_FORWARD
689.2805,-29.2403,-13.7759,0.000,NORMAL,1,ROUTE,,,,,T2_REVERSE_TO_FORWARD
689.3805,-29.1648,-13.7104,0.000,NORMAL,1,ROUTE,,,,,T2_REVERSE_TO_FORWARD
689.4805,-29.0890,-13.6452,0.000,NORMAL,1,ROUTE,,,,,T2_REVERSE_TO_FORWARD
689.5805,-29.0125,-13.5808,0.000,NORMAL,1,ROUTE,,,,,T2_REVERSE_TO_FORWARD
689.6805,-28.9349,-13.5177,0.000,NORMAL,1,ROUTE,,,,,T2_REVERSE_TO_FORWARD
689.7805,-28.8559,-13.4564,0.000,NORMAL,1,ROUTE,,,,,T2_REVERSE_TO_FORWARD
689.8804,-28.7752,-13.3974,0.000,NORMAL,1,ROUTE,,,,,T2_REVERSE_TO_FORWARD
689.9804,-28.6923,-13.3415,0.000,NORMAL,1,ROUTE,,,,,T2_REVERSE_TO_FORWARD
690.0805,-28.6070,-13.2892,0.000,NORMAL,1,ROUTE,,,,,T2_REVERSE_TO_FORWARD
690.1804,-28.5192,-13.2415,0.000,NORMAL,1,ROUTE,,,,,T2_REVERSE_TO_FORWARD
690.2288,-28.4756,-13.2204,0.000,END_LANE,1,END_LANE,END_LANE_DECISION_START,SELECT_ALLOWED_LANE,GREEN_ARROW_AND_RED_X,,T2_REVERSE_TO_FORWARD
690.2804,-28.4285,-13.1994,0.000,END_LANE,1,END_LANE,,,GREEN_ARROW_AND_RED_X,,T2_REVERSE_TO_FORWARD
690.3804,-28.3354,-13.1629,0.000,END_LANE,1,END_LANE,,,,,T2_REVERSE_TO_FORWARD
690.4804,-28.2405,-13.1315,0.000,END_LANE,1,END_LANE,,,,,T2_REVERSE_TO_FORWARD
690.5804,-28.1441,-13.1049,0.000,END_LANE,1,END_LANE,,,,,T2_REVERSE_TO_FORWARD
690.6803,-28.0466,-13.0828,0.000,END_LANE,1,END_LANE,,,,,T2_REVERSE_TO_FORWARD
690.7803,-27.9483,-13.0646,0.000,END_LANE,1,END_LANE,,,,,T2_REVERSE_TO_FORWARD
690.8804,-27.8493,-13.0502,0.000,END_LANE,1,END_LANE,,,,,T2_REVERSE_TO_FORWARD
690.9804,-27.7499,-13.0391,0.000,END_LANE,1,END_LANE,,,,,T2_REVERSE_TO_FORWARD
691.0803,-27.6503,-13.0311,0.000,END_LANE,1,END_LANE,,,,,T2_REVERSE_TO_FORWARD
691.1803,-27.5504,-13.0259,0.000,END_LANE,1,END_LANE,,,,,T2_REVERSE_TO_FORWARD
691.2803,-27.4505,-13.0232,0.000,END_LANE,1,END_LANE,,,,,T2_REVERSE_TO_FORWARD
691.3803,-27.3505,-13.0228,0.000,END_LANE,1,END_LANE,,,,,T2_REVERSE_TO_FORWARD
691.4803,-27.2505,-13.0246,0.000,END_LANE,1,END_LANE,,,,,T2_REVERSE_TO_FORWARD
691.5803,-27.1506,-13.0282,0.000,END_LANE,1,END_LANE,,,,,T2_REVERSE_TO_FORWARD
691.6803,-27.0507,-13.0335,0.000,END_LANE,1,END_LANE,,,,,T2_REVERSE_TO_FORWARD
691.7803,-26.9509,-13.0404,0.000,END_LANE,1,END_LANE,,,,,T2_REVERSE_TO_FORWARD
691.8803,-26.8513,-13.0487,0.000,END_LANE,1,END_LANE,,,,,T2_REVERSE_TO_FORWARD
691.9802,-26.7518,-13.0583,0.000,END_LANE,1,END_LANE,,,,,T2_REVERSE_TO_FORWARD
692.0803,-26.6523,-13.0691,0.000,END_LANE,1,END_LANE,,,,,T2_REVERSE_TO_FORWARD
692.1802,-26.5531,-13.0810,0.000,END_LANE,1,END_LANE,,,,,T2_REVERSE_TO_FORWARD
692.2803,-26.4539,-13.0939,0.000,END_LANE,1,END_LANE,,,,,T2_REVERSE_TO_FORWARD
692.3802,-26.3549,-13.1077,0.000,END_LANE,1,END_LANE,,,,,T2_REVERSE_TO_FORWARD
692.4803,-26.2559,-13.1223,0.000,END_LANE,1,END_LANE,,,,,T2_REVERSE_TO_FORWARD
692.5803,-26.1571,-13.1378,0.000,END_LANE,1,END_LANE,,,,,T2_REVERSE_TO_FORWARD
692.6802,-26.0585,-13.1539,0.000,END_LANE,1,END_LANE,,,,,T2_REVERSE_TO_FORWARD
692.7802,-25.9599,-13.1707,0.000,END_LANE,1,END_LANE,,,,,T2_REVERSE_TO_FORWARD
692.8803,-25.8614,-13.1881,0.000,END_LANE,1,END_LANE,,,,,T2_REVERSE_TO_FORWARD
692.9802,-25.7631,-13.2062,0.000,END_LANE,1,END_LANE,,,,,T2_REVERSE_TO_FORWARD
693.0802,-25.6648,-13.2247,0.000,END_LANE,1,END_LANE,,,,,T2_REVERSE_TO_FORWARD
693.1803,-25.5666,-13.2438,0.000,END_LANE,1,END_LANE,,,,,T2_REVERSE_TO_FORWARD
693.2802,-25.4686,-13.2633,0.000,END_LANE,1,END_LANE,,,,,T2_REVERSE_TO_FORWARD
693.3802,-25.3706,-13.2832,0.000,END_LANE,1,END_LANE,,,,,T2_REVERSE_TO_FORWARD
693.4802,-25.2727,-13.3036,0.000,END_LANE,1,END_LANE,,,,,T2_REVERSE_TO_FORWARD
693.5803,-25.1748,-13.3243,0.000,END_LANE,1,END_LANE,,,,,T2_REVERSE_TO_FORWARD
693.6802,-25.0771,-13.3454,0.000,END_LANE,1,END_LANE,,,,,T2_REVERSE_TO_FORWARD
693.7802,-24.9794,-13.3668,0.000,END_LANE,1,END_LANE,,,,,T2_REVERSE_TO_FORWARD
693.8802,-24.8818,-13.3884,0.000,END_LANE,1,END_LANE,,,,,T2_REVERSE_TO_FORWARD
693.9802,-24.7842,-13.4103,0.000,END_LANE,1,END_LANE,,,,,T2_REVERSE_TO_FORWARD
694.0802,-24.6867,-13.4324,0.000,END_LANE,1,END_LANE,,,,,T2_REVERSE_TO_FORWARD
694.1802,-24.5892,-13.4547,0.000,END_LANE,1,END_LANE,,,,,T2_REVERSE_TO_FORWARD
694.2802,-24.4918,-13.4772,0.000,END_LANE,1,END_LANE,,,,,T2_REVERSE_TO_FORWARD
694.3802,-24.3944,-13.4998,0.000,END_LANE,1,END_LANE,,,,,T2_REVERSE_TO_FORWARD
694.4802,-24.2970,-13.5226,0.000,END_LANE,1,END_LANE,,,,,T2_REVERSE_TO_FORWARD
694.5802,-24.1996,-13.5454,0.000,END_LANE,1,END_LANE,,,,,T2_REVERSE_TO_FORWARD
694.6802,-24.1023,-13.5682,0.000,END_LANE,1,END_LANE,,,,,T2_REVERSE_TO_FORWARD
694.7802,-24.0049,-13.5911,0.000,END_LANE,1,END_LANE,,,,,T2_REVERSE_TO_FORWARD
694.8802,-23.9076,-13.6141,0.000,END_LANE,1,END_LANE,,,,,T2_REVERSE_TO_FORWARD
694.9802,-23.8103,-13.6370,0.000,END_LANE,1,END_LANE,,,,,T2_REVERSE_TO_FORWARD
695.0802,-23.7129,-13.6598,0.000,END_LANE,1,END_LANE,,,,,T2_REVERSE_TO_FORWARD
695.1802,-23.6156,-13.6827,0.000,END_LANE,1,END_LANE,,,,,T2_REVERSE_TO_FORWARD
695.2802,-23.5182,-13.7054,0.000,END_LANE,1,END_LANE,,,,,T2_REVERSE_TO_FORWARD
695.3802,-23.4208,-13.7281,0.000,END_LANE,1,END_LANE,,,,,T2_REVERSE_TO_FORWARD
695.4802,-23.3234,-13.7507,0.000,END_LANE,1,END_LANE,,,,,T2_REVERSE_TO_FORWARD
695.5801,-23.2260,-13.7732,0.000,END_LANE,1,END_LANE,,,,,T2_REVERSE_TO_FORWARD
695.6802,-23.1285,-13.7956,0.000,END_LANE,1,END_LANE,,,,,T2_REVERSE_TO_FORWARD
695.7802,-23.0310,-13.8178,0.000,END_LANE,1,END_LANE,,,,,T2_REVERSE_TO_FORWARD
695.8801,-22.9335,-13.8399,0.000,END_LANE,1,END_LANE,,,,,T2_REVERSE_TO_FORWARD
695.9802,-22.8359,-13.8619,0.000,END_LANE,1,END_LANE,,,,,T2_REVERSE_TO_FORWARD
696.0801,-22.7384,-13.8838,0.000,END_LANE,1,END_LANE,,,,,T2_REVERSE_TO_FORWARD
696.1801,-22.6408,-13.9055,0.000,END_LANE,1,END_LANE,,,,,T2_REVERSE_TO_FORWARD
696.2802,-22.5431,-13.9271,0.000,END_LANE,1,END_LANE,,,,,T2_REVERSE_TO_FORWARD
696.3801,-22.4455,-13.9486,0.000,END_LANE,1,END_LANE,,,,,T2_REVERSE_TO_FORWARD
696.4801,-22.3478,-13.9699,0.000,END_LANE,1,END_LANE,,,,,T2_REVERSE_TO_FORWARD
696.5802,-22.2500,-13.9911,0.000,END_LANE,1,END_LANE,,,,,T2_REVERSE_TO_FORWARD
696.6801,-22.1523,-14.0122,0.000,END_LANE,1,END_LANE,,,,,T2_REVERSE_TO_FORWARD
696.7801,-22.0545,-14.0331,0.000,END_LANE,1,END_LANE,,,,,T2_REVERSE_TO_FORWARD
696.8801,-21.9567,-14.0539,0.000,END_LANE,1,END_LANE,,,,,T2_REVERSE_TO_FORWARD
696.9801,-21.8589,-14.0746,0.000,END_LANE,1,END_LANE,,,,,T2_REVERSE_TO_FORWARD
697.0801,-21.7610,-14.0952,0.000,END_LANE,1,END_LANE,,,,,T2_REVERSE_TO_FORWARD
697.1801,-21.6631,-14.1156,0.000,END_LANE,1,END_LANE,,,,,T2_REVERSE_TO_FORWARD
697.2801,-21.5652,-14.1359,0.000,END_LANE,1,END_LANE,,,,,T2_REVERSE_TO_FORWARD
697.3801,-21.4673,-14.1561,0.000,END_LANE,1,END_LANE,,,,,T2_REVERSE_TO_FORWARD
697.4801,-21.3693,-14.1761,0.000,END_LANE,1,END_LANE,,,,,T2_REVERSE_TO_FORWARD
697.5801,-21.2713,-14.1961,0.000,END_LANE,1,END_LANE,,,,,T2_REVERSE_TO_FORWARD
697.6801,-21.1733,-14.2159,0.000,END_LANE,1,END_LANE,,,,,T2_REVERSE_TO_FORWARD
697.7800,-21.0753,-14.2356,0.000,END_LANE,1,END_LANE,,,,,T2_REVERSE_TO_FORWARD
697.8801,-20.9772,-14.2552,0.000,END_LANE,1,END_LANE,,,,,T2_REVERSE_TO_FORWARD
697.9801,-20.8791,-14.2747,0.000,END_LANE,1,END_LANE,,,,,T2_REVERSE_TO_FORWARD
698.0801,-20.7810,-14.2940,0.000,END_LANE,1,END_LANE,,,,,T2_REVERSE_TO_FORWARD
698.1801,-20.6829,-14.3133,0.000,END_LANE,1,END_LANE,,,,,T2_REVERSE_TO_FORWARD
698.2801,-20.5847,-14.3324,0.000,END_LANE,1,END_LANE,,,,,T2_REVERSE_TO_FORWARD
698.3801,-20.4866,-14.3515,0.000,END_LANE,1,END_LANE,,,,,T2_REVERSE_TO_FORWARD
698.4801,-20.3884,-14.3704,0.000,END_LANE,1,END_LANE,,,,,T2_REVERSE_TO_FORWARD
698.5800,-20.2902,-14.3892,0.000,END_LANE,1,END_LANE,,,,,T2_REVERSE_TO_FORWARD
698.6801,-20.1919,-14.4079,0.000,END_LANE,1,END_LANE,,,,,T2_REVERSE_TO_FORWARD
698.7800,-20.0937,-14.4265,0.000,END_LANE,1,END_LANE,,,,,T2_REVERSE_TO_FORWARD
698.8801,-19.9954,-14.4450,0.000,END_LANE,1,END_LANE,,,,,T2_REVERSE_TO_FORWARD
698.9801,-19.8971,-14.4633,0.000,END_LANE,1,END_LANE,,,,,T2_REVERSE_TO_FORWARD
699.0800,-19.7988,-14.4816,0.000,END_LANE,1,END_LANE,,,,,T2_REVERSE_TO_FORWARD
699.1800,-19.7005,-14.4998,0.000,END_LANE,1,END_LANE,,,,,T2_REVERSE_TO_FORWARD
699.2801,-19.6021,-14.5179,0.000,END_LANE,1,END_LANE,,,,,T2_REVERSE_TO_FORWARD
699.3801,-19.5037,-14.5358,0.000,END_LANE,1,END_LANE,,,,,T2_REVERSE_TO_FORWARD
699.4800,-19.4054,-14.5537,0.000,END_LANE,1,END_LANE,,,,,T2_REVERSE_TO_FORWARD
699.5800,-19.3070,-14.5715,0.000,END_LANE,1,END_LANE,,,,,T2_REVERSE_TO_FORWARD
699.6801,-19.2085,-14.5891,0.000,END_LANE,1,END_LANE,,,,,T2_REVERSE_TO_FORWARD
699.7800,-19.1101,-14.6067,0.000,END_LANE,1,END_LANE,,,,,T2_REVERSE_TO_FORWARD
699.8801,-19.0116,-14.6242,0.000,END_LANE,1,END_LANE,,,,,T2_REVERSE_TO_FORWARD
699.9800,-18.9132,-14.6416,0.000,END_LANE,1,END_LANE,,,,,T2_REVERSE_TO_FORWARD
700.0800,-18.8147,-14.6589,0.000,END_LANE,1,END_LANE,,,,,T2_REVERSE_TO_FORWARD
700.1800,-18.7162,-14.6761,0.000,END_LANE,1,END_LANE,,,,,T2_REVERSE_TO_FORWARD
700.2800,-18.6177,-14.6933,0.000,END_LANE,1,END_LANE,,,,,T2_REVERSE_TO_FORWARD
700.3800,-18.5191,-14.7103,0.000,END_LANE,1,END_LANE,,,,,T2_REVERSE_TO_FORWARD
700.4800,-18.4206,-14.7273,0.000,END_LANE,1,END_LANE,,,,,T2_REVERSE_TO_FORWARD
700.5800,-18.3220,-14.7441,0.000,END_LANE,1,END_LANE,,,,,T2_REVERSE_TO_FORWARD
700.6800,-18.2234,-14.7609,0.000,END_LANE,1,END_LANE,,,,,T2_REVERSE_TO_FORWARD
700.7800,-18.1248,-14.7776,0.000,END_LANE,1,END_LANE,,,,,T2_REVERSE_TO_FORWARD
700.8800,-18.0262,-14.7943,0.000,END_LANE,1,END_LANE,,,,,T2_REVERSE_TO_FORWARD
700.9800,-17.9276,-14.8108,0.000,END_LANE,1,END_LANE,,,,,T2_REVERSE_TO_FORWARD
701.0800,-17.8290,-14.8273,0.000,END_LANE,1,END_LANE,,,,,T2_REVERSE_TO_FORWARD
701.1800,-17.7303,-14.8437,0.000,END_LANE,1,END_LANE,,,,,T2_REVERSE_TO_FORWARD
701.2800,-17.6317,-14.8600,0.000,END_LANE,1,END_LANE,,,,,T2_REVERSE_TO_FORWARD
701.3800,-17.5330,-14.8762,0.000,END_LANE,1,END_LANE,,,,,T2_REVERSE_TO_FORWARD
701.4800,-17.4343,-14.8924,0.000,END_LANE,1,END_LANE,,,,,T2_REVERSE_TO_FORWARD
701.5799,-17.3357,-14.9085,0.000,END_LANE,1,END_LANE,,,,,T2_REVERSE_TO_FORWARD
701.6800,-17.2369,-14.9246,0.000,END_LANE,1,END_LANE,,,,,T2_REVERSE_TO_FORWARD
701.7800,-17.1382,-14.9405,0.000,END_LANE,1,END_LANE,,,,,T2_REVERSE_TO_FORWARD
701.8800,-17.0395,-14.9564,0.000,END_LANE,1,END_LANE,,,,,T2_REVERSE_TO_FORWARD
701.9799,-16.9408,-14.9722,0.000,END_LANE,1,END_LANE,,,,,T2_REVERSE_TO_FORWARD
702.0800,-16.8420,-14.9880,0.000,END_LANE,1,END_LANE,,,,,T2_REVERSE_TO_FORWARD
702.1799,-16.7433,-15.0037,0.000,END_LANE,1,END_LANE,,,,,T2_REVERSE_TO_FORWARD
702.2799,-16.6445,-15.0193,0.000,END_LANE,1,END_LANE,,,,,T2_REVERSE_TO_FORWARD
702.3800,-16.5457,-15.0349,0.000,END_LANE,1,END_LANE,,,,,T2_REVERSE_TO_FORWARD
702.4800,-16.4469,-15.0504,0.000,END_LANE,1,END_LANE,,,,,T2_REVERSE_TO_FORWARD
702.5800,-16.3481,-15.0658,0.000,END_LANE,1,END_LANE,,,,,T2_REVERSE_TO_FORWARD
702.6799,-16.2493,-15.0811,0.000,END_LANE,1,END_LANE,,,,,T2_REVERSE_TO_FORWARD
702.7799,-16.1505,-15.0964,0.000,END_LANE,1,END_LANE,,,,,T2_REVERSE_TO_FORWARD
702.8799,-16.0517,-15.1117,0.000,END_LANE,1,END_LANE,,,,,T2_REVERSE_TO_FORWARD
702.9799,-15.9528,-15.1268,0.000,END_LANE,1,END_LANE,,,,,T2_REVERSE_TO_FORWARD
703.0799,-15.8540,-15.1419,0.000,END_LANE,1,END_LANE,,,,,T2_REVERSE_TO_FORWARD
703.1799,-15.7551,-15.1569,0.000,END_LANE,1,END_LANE,,,,,T2_REVERSE_TO_FORWARD
703.2800,-15.6562,-15.1719,0.000,END_LANE,1,END_LANE,,,,,T2_REVERSE_TO_FORWARD
703.3799,-15.5574,-15.1868,0.000,END_LANE,1,END_LANE,,,,,T2_REVERSE_TO_FORWARD
703.4799,-15.4585,-15.2016,0.000,END_LANE,1,END_LANE,,,,,T2_REVERSE_TO_FORWARD
703.5799,-15.3596,-15.2163,0.000,END_LANE,1,END_LANE,,,,,T2_REVERSE_TO_FORWARD
703.6799,-15.2607,-15.2310,0.000,END_LANE,1,END_LANE,,,,,T2_REVERSE_TO_FORWARD
703.7799,-15.1617,-15.2457,0.000,END_LANE,1,END_LANE,,,,,T2_REVERSE_TO_FORWARD
703.8799,-15.0628,-15.2602,0.000,END_LANE,1,END_LANE,,,,,T2_REVERSE_TO_FORWARD
703.9799,-14.9639,-15.2747,0.000,END_LANE,1,END_LANE,,,,,T2_REVERSE_TO_FORWARD
704.0799,-14.8649,-15.2891,0.000,END_LANE,1,END_LANE,,,,,T2_REVERSE_TO_FORWARD
704.1799,-14.7659,-15.3035,0.000,END_LANE,1,END_LANE,,,,,T2_REVERSE_TO_FORWARD
704.2799,-14.6670,-15.3178,0.000,END_LANE,1,END_LANE,,,,,T2_REVERSE_TO_FORWARD
704.3799,-14.5680,-15.3320,0.000,END_LANE,1,END_LANE,,,,,T2_REVERSE_TO_FORWARD
704.4799,-14.4690,-15.3462,0.000,END_LANE,1,END_LANE,,,,,T2_REVERSE_TO_FORWARD
704.5799,-14.3700,-15.3602,0.000,END_LANE,1,END_LANE,,,,,T2_REVERSE_TO_FORWARD
704.6799,-14.2710,-15.3743,0.000,END_LANE,1,END_LANE,,,,,T2_REVERSE_TO_FORWARD
704.7798,-14.1720,-15.3882,0.000,END_LANE,1,END_LANE,,,,,T2_REVERSE_TO_FORWARD
704.8798,-14.0730,-15.4021,0.000,END_LANE,1,END_LANE,,,,,T2_REVERSE_TO_FORWARD
704.9799,-13.9739,-15.4159,0.000,END_LANE,1,END_LANE,,,,,T2_REVERSE_TO_FORWARD
705.0798,-13.8749,-15.4297,0.000,END_LANE,1,END_LANE,,,,,T2_REVERSE_TO_FORWARD
705.1799,-13.7758,-15.4434,0.000,END_LANE,1,END_LANE,,,,,T2_REVERSE_TO_FORWARD
705.2798,-13.6768,-15.4570,0.000,END_LANE,1,END_LANE,,,,,T2_REVERSE_TO_FORWARD
705.3798,-13.5777,-15.4706,0.000,END_LANE,1,END_LANE,,,,,T2_REVERSE_TO_FORWARD
705.4798,-13.4786,-15.4841,0.000,END_LANE,1,END_LANE,,,,,T2_REVERSE_TO_FORWARD
705.5798,-13.3795,-15.4975,0.000,END_LANE,1,END_LANE,,,,,T2_REVERSE_TO_FORWARD
705.6798,-13.2804,-15.5109,0.000,END_LANE,1,END_LANE,,,,,T2_REVERSE_TO_FORWARD
705.7798,-13.1813,-15.5242,0.000,END_LANE,1,END_LANE,,,,,T2_REVERSE_TO_FORWARD
705.8798,-13.0822,-15.5374,0.000,END_LANE,1,END_LANE,,,,,T2_REVERSE_TO_FORWARD
705.9482,-13.0144,-15.5464,0.000,END_LANE,1,END_LANE,END_LANE_CHANGE_DEADLINE,COMPLETE_LANE_CHANGE,ALLOWED_LANE_LATCHED,,T2_REVERSE_TO_FORWARD
705.9798,-12.9831,-15.5506,0.000,END_LANE,1,END_LANE,,,ALLOWED_LANE_LATCHED,,T2_REVERSE_TO_FORWARD
706.0798,-12.8839,-15.5636,0.000,END_LANE,1,END_LANE,,,ALLOWED_LANE_LATCHED,,T2_REVERSE_TO_FORWARD
706.1798,-12.7848,-15.5767,0.000,END_LANE,1,END_LANE,,,,,T2_REVERSE_TO_FORWARD
706.2798,-12.6856,-15.5896,0.000,END_LANE,1,END_LANE,,,,,T2_REVERSE_TO_FORWARD
706.3798,-12.5865,-15.6025,0.000,END_LANE,1,END_LANE,,,,,T2_REVERSE_TO_FORWARD
706.4798,-12.4873,-15.6154,0.000,END_LANE,1,END_LANE,,,,,T2_REVERSE_TO_FORWARD
706.5798,-12.3881,-15.6281,0.000,END_LANE,1,END_LANE,,,,,T2_REVERSE_TO_FORWARD
706.6798,-12.2889,-15.6408,0.000,END_LANE,1,END_LANE,,,,,T2_REVERSE_TO_FORWARD
706.7798,-12.1897,-15.6534,0.000,END_LANE,1,END_LANE,,,,,T2_REVERSE_TO_FORWARD
706.8798,-12.0905,-15.6660,0.000,END_LANE,1,END_LANE,,,,,T2_REVERSE_TO_FORWARD
706.9798,-11.9913,-15.6785,0.000,END_LANE,1,END_LANE,,,,,T2_REVERSE_TO_FORWARD
707.0798,-11.8921,-15.6909,0.000,END_LANE,1,END_LANE,,,,,T2_REVERSE_TO_FORWARD
707.1797,-11.7929,-15.7033,0.000,END_LANE,1,END_LANE,,,,,T2_REVERSE_TO_FORWARD
707.2798,-11.6936,-15.7156,0.000,END_LANE,1,END_LANE,,,,,T2_REVERSE_TO_FORWARD
707.3798,-11.5944,-15.7278,0.000,END_LANE,1,END_LANE,,,,,T2_REVERSE_TO_FORWARD
707.4798,-11.4951,-15.7400,0.000,END_LANE,1,END_LANE,,,,,T2_REVERSE_TO_FORWARD
707.5798,-11.3958,-15.7521,0.000,END_LANE,1,END_LANE,,,,,T2_REVERSE_TO_FORWARD
707.6798,-11.2966,-15.7641,0.000,END_LANE,1,END_LANE,,,,,T2_REVERSE_TO_FORWARD
707.7798,-11.1973,-15.7760,0.000,END_LANE,1,END_LANE,,,,,T2_REVERSE_TO_FORWARD
707.8798,-11.0980,-15.7879,0.000,END_LANE,1,END_LANE,,,,,T2_REVERSE_TO_FORWARD
707.9798,-10.9987,-15.7998,0.000,END_LANE,1,END_LANE,,,,,T2_REVERSE_TO_FORWARD
708.0798,-10.8994,-15.8115,0.000,END_LANE,1,END_LANE,,,,,T2_REVERSE_TO_FORWARD
708.1798,-10.8001,-15.8232,0.000,END_LANE,1,END_LANE,,,,,T2_REVERSE_TO_FORWARD
708.2797,-10.7008,-15.8348,0.000,END_LANE,1,END_LANE,,,,,T2_REVERSE_TO_FORWARD
708.3797,-10.6015,-15.8464,0.000,END_LANE,1,END_LANE,,,,,T2_REVERSE_TO_FORWARD
708.4798,-10.5021,-15.8579,0.000,END_LANE,1,END_LANE,,,,,T2_REVERSE_TO_FORWARD
708.5797,-10.4028,-15.8693,0.000,END_LANE,1,END_LANE,,,,,T2_REVERSE_TO_FORWARD
708.6798,-10.3034,-15.8806,0.000,END_LANE,1,END_LANE,,,,,T2_REVERSE_TO_FORWARD
708.7797,-10.2041,-15.8919,0.000,END_LANE,1,END_LANE,,,,,T2_REVERSE_TO_FORWARD
708.8797,-10.1047,-15.9031,0.000,END_LANE,1,END_LANE,,,,,T2_REVERSE_TO_FORWARD
708.9798,-10.0053,-15.9143,0.000,END_LANE,1,END_LANE,,,,,T2_REVERSE_TO_FORWARD
709.0797,-9.9060,-15.9254,0.000,END_LANE,1,END_LANE,,,,,T2_REVERSE_TO_FORWARD
709.1797,-9.8066,-15.9364,0.000,END_LANE,1,END_LANE,,,,,T2_REVERSE_TO_FORWARD
709.2797,-9.7072,-15.9473,0.000,END_LANE,1,END_LANE,,,,,T2_REVERSE_TO_FORWARD
709.3797,-9.6078,-15.9582,0.000,END_LANE,1,END_LANE,,,,,T2_REVERSE_TO_FORWARD
709.4797,-9.5084,-15.9690,0.000,END_LANE,1,END_LANE,,,,,T2_REVERSE_TO_FORWARD
709.5798,-9.4089,-15.9798,0.000,END_LANE,1,END_LANE,,,,,T2_REVERSE_TO_FORWARD
709.6797,-9.3095,-15.9904,0.000,END_LANE,1,END_LANE,,,,,T2_REVERSE_TO_FORWARD
709.7797,-9.2101,-16.0011,0.000,END_LANE,1,END_LANE,,,,,T2_REVERSE_TO_FORWARD
709.8797,-9.1106,-16.0116,0.000,END_LANE,1,END_LANE,,,,,T2_REVERSE_TO_FORWARD
709.9797,-9.0112,-16.0221,0.000,END_LANE,1,END_LANE,,,,,T2_REVERSE_TO_FORWARD
710.0797,-8.9117,-16.0325,0.000,END_LANE,1,END_LANE,,,,,T2_REVERSE_TO_FORWARD
710.1797,-8.8123,-16.0428,0.000,END_LANE,1,END_LANE,,,,,T2_REVERSE_TO_FORWARD
710.2797,-8.7128,-16.0531,0.000,END_LANE,1,END_LANE,,,,,T2_REVERSE_TO_FORWARD
710.3797,-8.6133,-16.0633,0.000,END_LANE,1,END_LANE,,,,,T2_REVERSE_TO_FORWARD
710.4797,-8.5138,-16.0734,0.000,END_LANE,1,END_LANE,,,,,T2_REVERSE_TO_FORWARD
710.5796,-8.4144,-16.0835,0.000,END_LANE,1,END_LANE,,,,,T2_REVERSE_TO_FORWARD
710.6796,-8.3149,-16.0934,0.000,END_LANE,1,END_LANE,,,,,T2_REVERSE_TO_FORWARD
710.7796,-8.2154,-16.1034,0.000,END_LANE,1,END_LANE,,,,,T2_REVERSE_TO_FORWARD
710.8797,-8.1158,-16.1132,0.000,END_LANE,1,END_LANE,,,,,T2_REVERSE_TO_FORWARD
710.9797,-8.0163,-16.1230,0.000,END_LANE,1,END_LANE,,,,,T2_REVERSE_TO_FORWARD
711.0797,-7.9168,-16.1327,0.000,END_LANE,1,END_LANE,,,,,T2_REVERSE_TO_FORWARD
711.1796,-7.8173,-16.1424,0.000,END_LANE,1,END_LANE,,,,,T2_REVERSE_TO_FORWARD
711.2797,-7.7177,-16.1519,0.000,END_LANE,1,END_LANE,,,,,T2_REVERSE_TO_FORWARD
711.3797,-7.6182,-16.1614,0.000,END_LANE,1,END_LANE,,,,,T2_REVERSE_TO_FORWARD
711.4797,-7.5186,-16.1709,0.000,END_LANE,1,END_LANE,,,,,T2_REVERSE_TO_FORWARD
711.5796,-7.4191,-16.1802,0.000,END_LANE,1,END_LANE,,,,,T2_REVERSE_TO_FORWARD
711.6797,-7.3195,-16.1895,0.000,END_LANE,1,END_LANE,,,,,T2_REVERSE_TO_FORWARD
711.7796,-7.2200,-16.1987,0.000,END_LANE,1,END_LANE,,,,,T2_REVERSE_TO_FORWARD
711.8796,-7.1204,-16.2079,0.000,END_LANE,1,END_LANE,,,,,T2_REVERSE_TO_FORWARD
711.9796,-7.0208,-16.2170,0.000,END_LANE,1,END_LANE,,,,,T2_REVERSE_TO_FORWARD
712.0796,-6.9212,-16.2260,0.000,END_LANE,1,END_LANE,,,,,T2_REVERSE_TO_FORWARD
712.1796,-6.8216,-16.2349,0.000,END_LANE,1,END_LANE,,,,,T2_REVERSE_TO_FORWARD
712.2796,-6.7220,-16.2438,0.000,END_LANE,1,END_LANE,,,,,T2_REVERSE_TO_FORWARD
712.3796,-6.6224,-16.2526,0.000,END_LANE,1,END_LANE,,,,,T2_REVERSE_TO_FORWARD
712.4796,-6.5228,-16.2613,0.000,END_LANE,1,END_LANE,,,,,T2_REVERSE_TO_FORWARD
712.5796,-6.4232,-16.2700,0.000,END_LANE,1,END_LANE,,,,,T2_REVERSE_TO_FORWARD
712.6796,-6.3235,-16.2786,0.000,END_LANE,1,END_LANE,,,,,T2_REVERSE_TO_FORWARD
712.7796,-6.2239,-16.2871,0.000,END_LANE,1,END_LANE,,,,,T2_REVERSE_TO_FORWARD
712.8796,-6.1243,-16.2955,0.000,END_LANE,1,END_LANE,,,,,T2_REVERSE_TO_FORWARD
712.9796,-6.0246,-16.3039,0.000,END_LANE,1,END_LANE,,,,,T2_REVERSE_TO_FORWARD
712.9833,-6.0209,-16.3042,0.000,END_LANE,1,END_LANE,FINISH_LINE,CROSS_FINISH_LINE,,,T2_REVERSE_TO_FORWARD
713.0796,-5.9250,-16.3122,0.000,END_LANE,1,END_LANE,,,,,T2_REVERSE_TO_FORWARD
713.1329,-5.8718,-16.3166,0.000,NORMAL,1,ROUTE,,,,,T2_REVERSE_TO_FORWARD
713.1796,-5.8253,-16.3204,0.000,NORMAL,1,ROUTE,,,,,T2_REVERSE_TO_FORWARD
713.2796,-5.7256,-16.3286,0.000,NORMAL,1,ROUTE,,,,,T2_REVERSE_TO_FORWARD
713.3796,-5.6260,-16.3366,0.000,NORMAL,1,ROUTE,,,,,T2_REVERSE_TO_FORWARD
713.4796,-5.5263,-16.3446,0.000,NORMAL,1,ROUTE,,,,,T2_REVERSE_TO_FORWARD
713.5796,-5.4266,-16.3525,0.000,NORMAL,1,ROUTE,,,,,T2_REVERSE_TO_FORWARD
713.6796,-5.3269,-16.3603,0.000,NORMAL,1,ROUTE,,,,,T2_REVERSE_TO_FORWARD
713.7796,-5.2272,-16.3680,0.000,NORMAL,1,ROUTE,,,,,T2_REVERSE_TO_FORWARD
713.8796,-5.1275,-16.3757,0.000,NORMAL,1,ROUTE,,,,,T2_REVERSE_TO_FORWARD
713.9796,-5.0278,-16.3833,0.000,NORMAL,1,ROUTE,,,,,T2_REVERSE_TO_FORWARD
714.0796,-4.9281,-16.3908,0.000,NORMAL,1,ROUTE,,,,,T2_REVERSE_TO_FORWARD
714.1795,-4.8284,-16.3983,0.000,NORMAL,1,ROUTE,,,,,T2_REVERSE_TO_FORWARD
714.2796,-4.7286,-16.4057,0.000,NORMAL,1,ROUTE,,,,,T2_REVERSE_TO_FORWARD
714.3796,-4.6289,-16.4131,0.000,NORMAL,1,ROUTE,,,,,T2_REVERSE_TO_FORWARD
714.4796,-4.5292,-16.4204,0.000,NORMAL,1,ROUTE,,,,,T2_REVERSE_TO_FORWARD
714.5795,-4.4295,-16.4277,0.000,NORMAL,1,ROUTE,,,,,T2_REVERSE_TO_FORWARD
714.6796,-4.3297,-16.4349,0.000,NORMAL,1,ROUTE,,,,,T2_REVERSE_TO_FORWARD
714.7795,-4.2300,-16.4422,0.000,FINISH,1,FINISH,ROUTE_COMPLETE,FULL_STOP,,,T2_REVERSE_TO_FORWARD
