segment_id,branch_group,branch_option,motion_phase,sequence,x_m,y_m,mission,direction_status
MAIN_00,,,MAIN,0,-0.0000,0.0000,NORMAL,UNASSIGNED
MAIN_00,,,MAIN,1,-1.3823,0.4908,NORMAL,UNASSIGNED
MAIN_00,,,MAIN,2,-2.7913,0.9913,NORMAL,UNASSIGNED
MAIN_00,,,MAIN,3,-3.5295,1.3298,NORMAL,UNASSIGNED
MAIN_00,,,MAIN,4,-4.1004,1.5291,NORMAL,UNASSIGNED
MAIN_00,,,MAIN,5,-4.7404,1.7587,NORMAL,UNASSIGNED
MAIN_00,,,MAIN,6,-5.4171,1.9224,NORMAL,UNASSIGNED
MAIN_00,,,MAIN,7,-6.0106,2.1327,NORMAL,UNASSIGNED
MAIN_00,,,MAIN,8,-6.5956,2.3087,NORMAL,UNASSIGNED
MAIN_00,,,MAIN,9,-7.3062,2.5360,NORMAL,UNASSIGNED
MAIN_00,,,MAIN,10,-7.8615,2.7214,NORMAL,UNASSIGNED
MAIN_00,,,MAIN,11,-8.4740,3.0046,NORMAL,UNASSIGNED
MAIN_00,,,MAIN,12,-9.0693,3.1747,NORMAL,UNASSIGNED
MAIN_00,,,MAIN,13,-9.6369,3.3510,NORMAL,UNASSIGNED
MAIN_00,,,MAIN,14,-10.1443,3.5552,NORMAL,UNASSIGNED
MAIN_00,,,MAIN,15,-10.7254,3.7677,NORMAL,UNASSIGNED
MAIN_00,,,MAIN,16,-11.3177,4.0246,NORMAL,UNASSIGNED
MAIN_00,,,MAIN,17,-11.9464,4.2168,NORMAL,UNASSIGNED
MAIN_00,,,MAIN,18,-12.5605,4.4802,NORMAL,UNASSIGNED
MAIN_00,,,MAIN,19,-13.1868,4.7002,NORMAL,UNASSIGNED
MAIN_00,,,MAIN,20,-13.0418,4.6317,NORMAL,UNASSIGNED
MAIN_00,,,MAIN,21,-13.6009,4.8102,NORMAL,UNASSIGNED
MAIN_00,,,MAIN,22,-14.2157,4.9661,NORMAL,UNASSIGNED
MAIN_00,,,MAIN,23,-14.7969,5.2305,NORMAL,UNASSIGNED
MAIN_00,,,MAIN,24,-15.3261,5.4051,NORMAL,UNASSIGNED
MAIN_00,,,MAIN,25,-15.9310,5.5695,NORMAL,UNASSIGNED
MAIN_00,,,MAIN,26,-16.5808,5.8556,NORMAL,UNASSIGNED
MAIN_00,,,MAIN,27,-17.1676,6.0491,NORMAL,UNASSIGNED
MAIN_00,,,MAIN,28,-17.8490,6.3146,NORMAL,UNASSIGNED
MAIN_00,,,MAIN,29,-18.6108,6.5435,NORMAL,UNASSIGNED
MAIN_00,,,MAIN,30,-19.3063,6.7468,NORMAL,UNASSIGNED
MAIN_00,,,MAIN,31,-20.1444,7.0697,NORMAL,UNASSIGNED
MAIN_00,,,MAIN,32,-20.8026,7.3069,NORMAL,UNASSIGNED
MAIN_00,,,MAIN,33,-21.5344,7.4971,NORMAL,UNASSIGNED
MAIN_00,,,MAIN,34,-22.2431,7.7930,NORMAL,UNASSIGNED
MAIN_00,,,MAIN,35,-23.1013,8.1016,NORMAL,UNASSIGNED
MAIN_00,,,MAIN,36,-23.7097,8.3373,NORMAL,UNASSIGNED
MAIN_00,,,MAIN,37,-24.3476,8.4663,NORMAL,UNASSIGNED
MAIN_00,,,MAIN,38,-25.0231,8.6820,NORMAL,UNASSIGNED
MAIN_00,,,MAIN,39,-25.5965,8.9431,NORMAL,UNASSIGNED
MAIN_00,,,MAIN,40,-26.2937,9.1141,NORMAL,UNASSIGNED
MAIN_00,,,MAIN,41,-27.3218,9.4810,NORMAL,UNASSIGNED
MAIN_00,,,MAIN,42,-27.3492,9.4462,NORMAL,UNASSIGNED
MAIN_00,,,MAIN,43,-27.9484,9.5585,NORMAL,UNASSIGNED
MAIN_00,,,MAIN,44,-28.6343,9.8915,NORMAL,UNASSIGNED
MAIN_00,,,MAIN,45,-29.3360,10.1764,NORMAL,UNASSIGNED
MAIN_00,,,MAIN,46,-30.0260,10.4249,NORMAL,UNASSIGNED
MAIN_00,,,MAIN,47,-30.5768,10.5920,NORMAL,UNASSIGNED
MAIN_00,,,MAIN,48,-31.0625,10.7281,NORMAL,UNASSIGNED
MAIN_00,,,MAIN,49,-31.6261,10.8414,NORMAL,UNASSIGNED
MAIN_00,,,MAIN,50,-32.2842,11.0737,NORMAL,UNASSIGNED
MAIN_00,,,MAIN,51,-32.9429,11.3348,NORMAL,UNASSIGNED
MAIN_00,,,MAIN,52,-33.6300,11.5472,NORMAL,UNASSIGNED
MAIN_00,,,MAIN,53,-34.3454,11.8146,NORMAL,UNASSIGNED
MAIN_00,,,MAIN,54,-35.0649,12.0831,NORMAL,UNASSIGNED
MAIN_00,,,MAIN,55,-35.8832,12.3904,NORMAL,UNASSIGNED
MAIN_00,,,MAIN,56,-36.4945,12.4851,NORMAL,UNASSIGNED
MAIN_00,,,MAIN,57,-36.7188,12.6484,NORMAL,UNASSIGNED
MAIN_00,,,MAIN,58,-36.5825,12.4093,NORMAL,UNASSIGNED
MAIN_00,,,MAIN,59,-37.1211,12.5766,NORMAL,UNASSIGNED
MAIN_00,,,MAIN,60,-37.6509,12.7788,NORMAL,UNASSIGNED
MAIN_00,,,MAIN,61,-38.2590,12.9788,NORMAL,UNASSIGNED
MAIN_00,,,MAIN,62,-39.0339,13.1803,NORMAL,UNASSIGNED
MAIN_00,,,MAIN,63,-39.6645,13.4447,NORMAL,UNASSIGNED
MAIN_00,,,MAIN,64,-40.5262,13.9122,NORMAL,UNASSIGNED
MAIN_00,,,MAIN,65,-40.7732,13.9032,NORMAL,UNASSIGNED
MAIN_00,,,MAIN,66,-41.4121,14.1390,NORMAL,UNASSIGNED
MAIN_00,,,MAIN,67,-41.9831,14.3472,NORMAL,UNASSIGNED
MAIN_00,,,MAIN,68,-42.5373,14.5049,NORMAL,UNASSIGNED
MAIN_00,,,MAIN,69,-43.1879,14.7632,NORMAL,UNASSIGNED
MAIN_00,,,MAIN,70,-43.7390,14.9398,NORMAL,UNASSIGNED
MAIN_00,,,MAIN,71,-44.4330,15.1645,NORMAL,UNASSIGNED
MAIN_00,,,MAIN,72,-45.1945,15.4383,NORMAL,UNASSIGNED
MAIN_00,,,MAIN,73,-45.7886,15.6361,NORMAL,UNASSIGNED
MAIN_00,,,MAIN,74,-46.4143,15.8688,NORMAL,UNASSIGNED
MAIN_00,,,MAIN,75,-47.1023,16.1159,NORMAL,UNASSIGNED
MAIN_00,,,MAIN,76,-47.7455,16.3210,NORMAL,UNASSIGNED
MAIN_00,,,MAIN,77,-48.4375,16.5806,NORMAL,UNASSIGNED
MAIN_00,,,MAIN,78,-49.1393,16.8111,NORMAL,UNASSIGNED
MAIN_00,,,MAIN,79,-49.9148,17.1527,NORMAL,UNASSIGNED
MAIN_00,,,MAIN,80,-50.5081,17.3414,NORMAL,UNASSIGNED
MAIN_00,,,MAIN,81,-51.2177,17.5189,NORMAL,UNASSIGNED
MAIN_00,,,MAIN,82,-51.8871,17.6934,NORMAL,UNASSIGNED
MAIN_00,,,MAIN,83,-52.5699,17.9415,NORMAL,UNASSIGNED
MAIN_00,,,MAIN,84,-53.2548,18.1710,NORMAL,UNASSIGNED
MAIN_00,,,MAIN,85,-54.0186,18.3630,NORMAL,UNASSIGNED
MAIN_00,,,MAIN,86,-54.6606,18.5411,NORMAL,UNASSIGNED
MAIN_00,,,MAIN,87,-55.5086,18.7099,NORMAL,UNASSIGNED
MAIN_00,,,MAIN,88,-56.3015,18.8922,NORMAL,UNASSIGNED
MAIN_00,,,MAIN,89,-57.1702,19.0903,NORMAL,UNASSIGNED
MAIN_00,,,MAIN,90,-58.0184,19.0950,NORMAL,UNASSIGNED
MAIN_00,,,MAIN,91,-58.9200,18.9504,NORMAL,UNASSIGNED
MAIN_00,,,MAIN,92,-59.7057,18.7478,NORMAL,UNASSIGNED
MAIN_00,,,MAIN,93,-60.4515,18.4872,NORMAL,UNASSIGNED
MAIN_00,,,MAIN,94,-61.1009,17.9900,NORMAL,UNASSIGNED
MAIN_00,,,MAIN,95,-61.7248,17.5226,NORMAL,UNASSIGNED
MAIN_00,,,MAIN,96,-62.3198,16.9994,NORMAL,UNASSIGNED
MAIN_00,,,MAIN,97,-62.9193,16.3315,NORMAL,UNASSIGNED
MAIN_00,,,MAIN,98,-63.4005,15.5954,NORMAL,UNASSIGNED
MAIN_00,,,MAIN,99,-63.7307,14.8704,NORMAL,UNASSIGNED
MAIN_00,,,MAIN,100,-64.1313,14.1749,NORMAL,UNASSIGNED
MAIN_00,,,MAIN,101,-64.5332,13.4092,NORMAL,UNASSIGNED
MAIN_00,,,MAIN,102,-65.0389,12.5894,NORMAL,UNASSIGNED
MAIN_00,,,MAIN,103,-65.3131,11.8398,NORMAL,UNASSIGNED
MAIN_00,,,MAIN,104,-65.6936,11.1639,NORMAL,UNASSIGNED
MAIN_00,,,MAIN,105,-65.9846,10.7346,NORMAL,UNASSIGNED
MAIN_00,,,MAIN,106,-66.4279,9.7070,NORMAL,UNASSIGNED
MAIN_00,,,MAIN,107,-66.7830,8.9945,NORMAL,UNASSIGNED
MAIN_00,,,MAIN,108,-67.1919,8.0666,NORMAL,UNASSIGNED
MAIN_00,,,MAIN,109,-67.3824,7.2373,NORMAL,UNASSIGNED
MAIN_00,,,MAIN,110,-67.5648,6.4428,NORMAL,UNASSIGNED
MAIN_00,,,MAIN,111,-67.7325,5.7081,NORMAL,UNASSIGNED
MAIN_00,,,MAIN,112,-67.7158,4.6489,NORMAL,UNASSIGNED
MAIN_00,,,MAIN,113,-67.6569,3.6803,NORMAL,UNASSIGNED
MAIN_00,,,MAIN,114,-67.5828,2.8159,NORMAL,UNASSIGNED
MAIN_00,,,MAIN,115,-67.3605,1.9661,NORMAL,UNASSIGNED
MAIN_00,,,MAIN,116,-66.9999,1.1712,NORMAL,UNASSIGNED
MAIN_00,,,MAIN,117,-66.5049,0.3894,NORMAL,UNASSIGNED
MAIN_00,,,MAIN,118,-65.9589,-0.2488,NORMAL,UNASSIGNED
MAIN_00,,,MAIN,119,-65.4172,-1.0337,NORMAL,UNASSIGNED
MAIN_00,,,MAIN,120,-64.7181,-1.7204,NORMAL,UNASSIGNED
MAIN_00,,,MAIN,121,-63.5738,-2.8204,NORMAL,UNASSIGNED
MAIN_00,,,MAIN,122,-62.9122,-3.4176,NORMAL,UNASSIGNED
MAIN_00,,,MAIN,123,-62.2870,-3.9263,NORMAL,UNASSIGNED
MAIN_00,,,MAIN,124,-61.6579,-4.3697,NORMAL,UNASSIGNED
MAIN_00,,,MAIN,125,-60.9159,-4.6665,NORMAL,UNASSIGNED
MAIN_00,,,MAIN,126,-60.1639,-5.0347,NORMAL,UNASSIGNED
MAIN_00,,,MAIN,127,-59.4091,-5.4112,NORMAL,UNASSIGNED
MAIN_00,,,MAIN,128,-58.6616,-5.6986,NORMAL,UNASSIGNED
MAIN_00,,,MAIN,129,-57.7964,-5.9040,NORMAL,UNASSIGNED
MAIN_00,,,MAIN,130,-57.0741,-6.1952,NORMAL,UNASSIGNED
MAIN_00,,,MAIN,131,-56.2429,-6.2842,NORMAL,UNASSIGNED
MAIN_00,,,MAIN,132,-55.4776,-6.2358,NORMAL,UNASSIGNED
MAIN_00,,,MAIN,133,-54.6059,-5.9013,NORMAL,UNASSIGNED
MAIN_00,,,MAIN,134,-53.8857,-5.3669,NORMAL,UNASSIGNED
MAIN_00,,,MAIN,135,-53.2610,-4.6759,NORMAL,UNASSIGNED
MAIN_00,,,MAIN,136,-52.7092,-3.9629,NORMAL,UNASSIGNED
MAIN_00,,,MAIN,137,-52.2985,-3.1585,NORMAL,UNASSIGNED
MAIN_00,,,MAIN,138,-51.9622,-2.4120,NORMAL,UNASSIGNED
MAIN_00,,,MAIN,139,-51.6058,-1.6274,NORMAL,UNASSIGNED
MAIN_00,,,MAIN,140,-51.2062,-0.9143,NORMAL,UNASSIGNED
MAIN_00,,,MAIN,141,-50.8258,-0.1108,NORMAL,UNASSIGNED
MAIN_00,,,MAIN,142,-50.4926,0.6839,NORMAL,UNASSIGNED
MAIN_00,,,MAIN,143,-50.0948,1.3865,NORMAL,UNASSIGNED
MAIN_00,,,MAIN,144,-49.7337,2.0692,NORMAL,UNASSIGNED
MAIN_00,,,MAIN,145,-49.1294,3.0841,NORMAL,UNASSIGNED
MAIN_00,,,MAIN,146,-48.8368,3.7704,NORMAL,UNASSIGNED
MAIN_00,,,MAIN,147,-48.1480,4.3959,NORMAL,UNASSIGNED
MAIN_00,,,MAIN,148,-47.2070,4.8132,NORMAL,UNASSIGNED
MAIN_00,,,MAIN,149,-46.3723,4.8594,NORMAL,UNASSIGNED
MAIN_00,,,MAIN,150,-45.6322,4.6859,NORMAL,UNASSIGNED
MAIN_00,,,MAIN,151,-44.7302,4.4663,NORMAL,UNASSIGNED
MAIN_00,,,MAIN,152,-43.8829,4.2213,NORMAL,UNASSIGNED
MAIN_00,,,MAIN,153,-43.0454,3.9947,NORMAL,UNASSIGNED
MAIN_00,,,MAIN,154,-42.2193,3.7111,NORMAL,UNASSIGNED
MAIN_00,,,MAIN,155,-41.4235,3.4396,NORMAL,UNASSIGNED
MAIN_00,,,MAIN,156,-40.7105,3.1657,NORMAL,UNASSIGNED
MAIN_00,,,MAIN,157,-39.9586,2.7618,NORMAL,UNASSIGNED
MAIN_00,,,MAIN,158,-39.1715,2.4626,NORMAL,UNASSIGNED
MAIN_00,,,MAIN,159,-38.3608,2.0159,NORMAL,UNASSIGNED
MAIN_00,,,MAIN,160,-37.5931,1.6660,NORMAL,UNASSIGNED
MAIN_00,,,MAIN,161,-36.8371,1.2968,NORMAL,UNASSIGNED
MAIN_00,,,MAIN,162,-36.0929,0.8971,NORMAL,UNASSIGNED
MAIN_00,,,MAIN,163,-35.3650,0.4704,NORMAL,UNASSIGNED
MAIN_00,,,MAIN,164,-34.7392,0.0244,NORMAL,UNASSIGNED
MAIN_00,,,MAIN,165,-34.0130,-0.6735,NORMAL,UNASSIGNED
MAIN_00,,,MAIN,166,-33.3782,-1.6265,NORMAL,UNASSIGNED
MAIN_00,,,MAIN,167,-32.9957,-2.3690,NORMAL,UNASSIGNED
MAIN_00,,,MAIN,168,-32.6846,-3.0348,NORMAL,UNASSIGNED
MAIN_00,,,MAIN,169,-32.5247,-3.9506,NORMAL,UNASSIGNED
MAIN_00,,,MAIN,170,-32.4585,-4.7334,NORMAL,UNASSIGNED
MAIN_00,,,MAIN,171,-32.5195,-5.7261,NORMAL,UNASSIGNED
MAIN_00,,,MAIN,172,-32.6607,-6.5005,NORMAL,UNASSIGNED
MAIN_00,,,MAIN,173,-32.7562,-7.2381,NORMAL,UNASSIGNED
MAIN_00,,,MAIN,174,-32.9679,-8.0328,NORMAL,UNASSIGNED
MAIN_00,,,MAIN,175,-33.2101,-8.7066,NORMAL,UNASSIGNED
MAIN_00,,,MAIN,176,-33.5019,-9.6503,NORMAL,UNASSIGNED
MAIN_00,,,MAIN,177,-33.7336,-10.3066,NORMAL,UNASSIGNED
MAIN_00,,,MAIN,178,-34.0222,-11.0332,NORMAL,UNASSIGNED
MAIN_00,,,MAIN,179,-34.3573,-11.8164,NORMAL,UNASSIGNED
MAIN_00,,,MAIN,180,-34.6132,-12.6043,NORMAL,UNASSIGNED
MAIN_00,,,MAIN,181,-34.9455,-13.3183,NORMAL,UNASSIGNED
MAIN_00,,,MAIN,182,-35.2633,-14.1347,NORMAL,UNASSIGNED
MAIN_00,,,MAIN,183,-35.5518,-14.7855,NORMAL,UNASSIGNED
MAIN_00,,,MAIN,184,-35.9370,-15.7197,NORMAL,UNASSIGNED
MAIN_00,,,MAIN,185,-36.2020,-16.3058,NORMAL,UNASSIGNED
MAIN_00,,,MAIN,186,-36.5291,-17.0884,NORMAL,UNASSIGNED
MAIN_00,,,MAIN,187,-36.8541,-18.1134,NORMAL,UNASSIGNED
MAIN_00,,,MAIN,188,-37.1376,-18.6542,NORMAL,UNASSIGNED
MAIN_00,,,MAIN,189,-37.4430,-19.4323,NORMAL,UNASSIGNED
MAIN_00,,,MAIN,190,-37.7349,-20.0917,NORMAL,UNASSIGNED
MAIN_00,,,MAIN,191,-38.0415,-20.8126,NORMAL,UNASSIGNED
MAIN_00,,,MAIN,192,-38.3585,-21.6439,NORMAL,UNASSIGNED
MAIN_00,,,MAIN,193,-38.7499,-22.6840,NORMAL,UNASSIGNED
MAIN_00,,,MAIN,194,-39.3394,-24.1283,NORMAL,UNASSIGNED
MAIN_00,,,MAIN,195,-39.5693,-24.9013,NORMAL,UNASSIGNED
MAIN_00,,,MAIN,196,-39.9267,-25.7143,NORMAL,UNASSIGNED
MAIN_00,,,MAIN,197,-40.2192,-26.4912,NORMAL,UNASSIGNED
MAIN_00,,,MAIN,198,-40.4822,-27.2905,NORMAL,UNASSIGNED
MAIN_00,,,MAIN,199,-40.8072,-28.0248,NORMAL,UNASSIGNED
MAIN_00,,,MAIN,200,-41.0705,-28.7230,NORMAL,UNASSIGNED
MAIN_00,,,MAIN,201,-41.3564,-29.4614,NORMAL,UNASSIGNED
MAIN_00,,,MAIN,202,-41.6388,-30.0666,NORMAL,UNASSIGNED
MAIN_00,,,MAIN,203,-41.9808,-30.8011,NORMAL,UNASSIGNED
MAIN_00,,,MAIN,204,-42.3694,-31.9037,NORMAL,UNASSIGNED
MAIN_00,,,MAIN,205,-42.6591,-32.6990,NORMAL,UNASSIGNED
MAIN_00,,,MAIN,206,-42.9847,-33.4982,NORMAL,UNASSIGNED
MAIN_00,,,MAIN,207,-43.3457,-34.3107,NORMAL,UNASSIGNED
MAIN_00,,,MAIN,208,-43.6382,-34.9917,NORMAL,UNASSIGNED
MAIN_00,,,MAIN,209,-44.0414,-35.9979,NORMAL,UNASSIGNED
MAIN_00,,,MAIN,210,-44.3952,-36.8450,NORMAL,UNASSIGNED
MAIN_00,,,MAIN,211,-44.7365,-37.6024,NORMAL,UNASSIGNED
MAIN_00,,,MAIN,212,-45.0842,-38.4507,NORMAL,UNASSIGNED
MAIN_00,,,MAIN,213,-45.3467,-39.1491,NORMAL,UNASSIGNED
MAIN_00,,,MAIN,214,-45.6865,-39.8886,NORMAL,UNASSIGNED
MAIN_00,,,MAIN,215,-45.9833,-40.6340,NORMAL,UNASSIGNED
MAIN_00,,,MAIN,216,-46.2426,-41.3380,NORMAL,UNASSIGNED
MAIN_00,,,MAIN,217,-46.6015,-42.1746,NORMAL,UNASSIGNED
MAIN_00,,,MAIN,218,-46.9210,-42.9316,NORMAL,UNASSIGNED
MAIN_00,,,MAIN,219,-47.2921,-43.7751,NORMAL,UNASSIGNED
MAIN_00,,,MAIN,220,-47.5310,-44.3826,NORMAL,UNASSIGNED
MAIN_00,,,MAIN,221,-47.8438,-45.0246,NORMAL,UNASSIGNED
MAIN_00,,,MAIN,222,-48.1594,-45.7413,NORMAL,UNASSIGNED
MAIN_00,,,MAIN,223,-48.5773,-46.4822,NORMAL,UNASSIGNED
MAIN_00,,,MAIN,224,-49.0058,-47.2932,NORMAL,UNASSIGNED
MAIN_00,,,MAIN,225,-49.4484,-47.8437,NORMAL,UNASSIGNED
MAIN_00,,,MAIN,226,-49.9746,-48.3314,NORMAL,UNASSIGNED
MAIN_00,,,MAIN,227,-50.7696,-48.8039,NORMAL,UNASSIGNED
MAIN_00,,,MAIN,228,-51.6618,-49.1200,NORMAL,UNASSIGNED
MAIN_00,,,MAIN,229,-52.2081,-49.0886,NORMAL,UNASSIGNED
MAIN_00,,,MAIN,230,-53.3618,-48.8171,NORMAL,UNASSIGNED
MAIN_00,,,MAIN,231,-54.1940,-48.4040,NORMAL,UNASSIGNED
MAIN_00,,,MAIN,232,-54.9086,-47.9483,NORMAL,UNASSIGNED
MAIN_00,,,MAIN,233,-55.5905,-47.4491,NORMAL,UNASSIGNED
MAIN_00,,,MAIN,234,-56.3019,-46.8609,NORMAL,UNASSIGNED
MAIN_00,,,MAIN,235,-56.9098,-46.1443,NORMAL,UNASSIGNED
MAIN_00,,,MAIN,236,-57.1287,-45.6407,NORMAL,UNASSIGNED
MAIN_00,,,MAIN,237,-57.6247,-44.6001,NORMAL,UNASSIGNED
MAIN_00,,,MAIN,238,-57.7914,-43.6790,NORMAL,UNASSIGNED
MAIN_00,,,MAIN,239,-57.9055,-43.2009,NORMAL,UNASSIGNED
MAIN_00,,,MAIN,240,-58.1356,-42.1685,NORMAL,UNASSIGNED
MAIN_00,,,MAIN,241,-58.0755,-41.1897,NORMAL,UNASSIGNED
MAIN_00,,,MAIN,242,-57.9879,-40.3261,NORMAL,UNASSIGNED
MAIN_00,,,MAIN,243,-57.8805,-39.3950,NORMAL,UNASSIGNED
MAIN_00,,,MAIN,244,-57.9037,-38.6770,NORMAL,UNASSIGNED
MAIN_00,,,MAIN,245,-57.7689,-37.9194,NORMAL,UNASSIGNED
MAIN_00,,,MAIN,246,-57.7690,-37.2159,NORMAL,UNASSIGNED
MAIN_00,,,MAIN,247,-57.7491,-36.3032,NORMAL,UNASSIGNED
MAIN_00,,,MAIN,248,-57.7972,-35.4140,NORMAL,UNASSIGNED
MAIN_00,,,MAIN,249,-57.9478,-34.6675,NORMAL,UNASSIGNED
MAIN_00,,,MAIN,250,-58.2183,-33.7875,NORMAL,UNASSIGNED
MAIN_00,,,MAIN,251,-58.5540,-32.9271,NORMAL,UNASSIGNED
MAIN_00,,,MAIN,252,-58.8379,-32.2623,NORMAL,UNASSIGNED
MAIN_00,,,MAIN,253,-59.2804,-31.5528,NORMAL,UNASSIGNED
MAIN_00,,,MAIN,254,-59.6467,-31.0813,NORMAL,UNASSIGNED
MAIN_00,,,MAIN,255,-60.1257,-30.5595,NORMAL,UNASSIGNED
MAIN_00,,,MAIN,256,-61.0841,-29.8941,NORMAL,UNASSIGNED
MAIN_00,,,MAIN,257,-61.7344,-29.5035,NORMAL,UNASSIGNED
MAIN_00,,,MAIN,258,-62.6620,-29.0129,NORMAL,UNASSIGNED
MAIN_00,,,MAIN,259,-63.6043,-28.7569,NORMAL,UNASSIGNED
MAIN_00,,,MAIN,260,-64.4989,-28.5137,NORMAL,UNASSIGNED
MAIN_00,,,MAIN,261,-65.3219,-28.4176,NORMAL,UNASSIGNED
MAIN_00,,,MAIN,262,-66.0096,-28.4509,NORMAL,UNASSIGNED
MAIN_00,,,MAIN,263,-66.7614,-28.4999,NORMAL,UNASSIGNED
MAIN_00,,,MAIN,264,-67.4343,-28.5599,NORMAL,UNASSIGNED
MAIN_00,,,MAIN,265,-68.4006,-28.7216,NORMAL,UNASSIGNED
MAIN_00,,,MAIN,266,-68.9558,-28.8088,NORMAL,UNASSIGNED
MAIN_00,,,MAIN,267,-69.6538,-28.9299,NORMAL,UNASSIGNED
MAIN_00,,,MAIN,268,-70.4172,-28.9783,NORMAL,UNASSIGNED
MAIN_00,,,MAIN,269,-71.3016,-28.9709,NORMAL,UNASSIGNED
MAIN_00,,,MAIN,270,-72.3417,-28.9311,NORMAL,UNASSIGNED
MAIN_00,,,MAIN,271,-72.9860,-28.8143,NORMAL,UNASSIGNED
MAIN_00,,,MAIN,272,-73.8160,-28.5733,NORMAL,UNASSIGNED
MAIN_00,,,MAIN,273,-74.7771,-28.2155,NORMAL,UNASSIGNED
MAIN_00,,,MAIN,274,-75.6317,-27.6905,NORMAL,UNASSIGNED
MAIN_00,,,MAIN,275,-76.4334,-26.9357,NORMAL,UNASSIGNED
MAIN_00,,,MAIN,276,-77.1103,-26.1721,NORMAL,UNASSIGNED
MAIN_00,,,MAIN,277,-77.6619,-25.3702,NORMAL,UNASSIGNED
MAIN_00,,,MAIN,278,-78.1676,-24.5760,NORMAL,UNASSIGNED
MAIN_00,,,MAIN,279,-78.4066,-23.7429,NORMAL,UNASSIGNED
MAIN_00,,,MAIN,280,-78.6711,-22.8897,NORMAL,UNASSIGNED
MAIN_00,,,MAIN,281,-78.8555,-22.0412,NORMAL,UNASSIGNED
MAIN_00,,,MAIN,282,-78.9083,-21.1750,NORMAL,UNASSIGNED
MAIN_00,,,MAIN,283,-78.8478,-20.3590,NORMAL,UNASSIGNED
MAIN_00,,,MAIN,284,-78.6258,-19.5152,NORMAL,UNASSIGNED
MAIN_00,,,MAIN,285,-78.4910,-18.7966,NORMAL,UNASSIGNED
MAIN_00,,,MAIN,286,-78.0410,-17.9026,NORMAL,UNASSIGNED
MAIN_00,,,MAIN,287,-77.4733,-17.0583,NORMAL,UNASSIGNED
MAIN_00,,,MAIN,288,-76.8644,-16.5266,NORMAL,UNASSIGNED
MAIN_00,,,MAIN,289,-76.1994,-16.1434,NORMAL,UNASSIGNED
MAIN_00,,,MAIN,290,-75.3252,-15.7270,NORMAL,UNASSIGNED
MAIN_00,,,MAIN,291,-74.3871,-15.5756,NORMAL,UNASSIGNED
MAIN_00,,,MAIN,292,-73.4695,-15.5522,NORMAL,UNASSIGNED
MAIN_00,,,MAIN,293,-72.6600,-15.5952,NORMAL,UNASSIGNED
MAIN_00,,,MAIN,294,-71.8705,-15.5262,NORMAL,UNASSIGNED
MAIN_00,,,MAIN,295,-71.1082,-15.5663,NORMAL,UNASSIGNED
MAIN_00,,,MAIN,296,-70.1582,-15.7294,NORMAL,UNASSIGNED
MAIN_00,,,MAIN,297,-69.2830,-15.9400,NORMAL,UNASSIGNED
MAIN_00,,,MAIN,298,-68.4976,-16.1161,NORMAL,UNASSIGNED
MAIN_00,,,MAIN,299,-67.6272,-16.3495,NORMAL,UNASSIGNED
MAIN_00,,,MAIN,300,-66.8597,-16.5753,NORMAL,UNASSIGNED
MAIN_00,,,MAIN,301,-66.0481,-16.7013,NORMAL,UNASSIGNED
MAIN_00,,,MAIN,302,-65.1817,-16.9782,NORMAL,UNASSIGNED
MAIN_00,,,MAIN,303,-64.3498,-17.1504,NORMAL,UNASSIGNED
MAIN_00,,,MAIN,304,-63.7115,-17.3087,NORMAL,UNASSIGNED
MAIN_00,,,MAIN,305,-62.8089,-17.4789,NORMAL,UNASSIGNED
MAIN_00,,,MAIN,306,-62.0035,-17.6972,NORMAL,UNASSIGNED
MAIN_00,,,MAIN,307,-61.2065,-17.9117,NORMAL,UNASSIGNED
MAIN_00,,,MAIN,308,-60.5444,-18.1193,NORMAL,UNASSIGNED
MAIN_00,,,MAIN,309,-59.6724,-18.3584,NORMAL,UNASSIGNED
MAIN_00,,,MAIN,310,-58.8228,-18.5934,NORMAL,UNASSIGNED
MAIN_00,,,MAIN,311,-57.8675,-19.0645,NORMAL,UNASSIGNED
MAIN_00,,,MAIN,312,-56.9519,-19.4129,NORMAL,UNASSIGNED
MAIN_00,,,MAIN,313,-56.4029,-19.5411,NORMAL,UNASSIGNED
MAIN_00,,,MAIN,314,-55.8198,-19.7308,NORMAL,UNASSIGNED
MAIN_00,,,MAIN,315,-54.9442,-20.0163,NORMAL,UNASSIGNED
MAIN_00,,,MAIN,316,-54.1636,-20.3708,NORMAL,UNASSIGNED
MAIN_00,,,MAIN,317,-53.3483,-20.6481,NORMAL,UNASSIGNED
MAIN_00,,,MAIN,318,-52.5262,-20.9441,NORMAL,UNASSIGNED
MAIN_00,,,MAIN,319,-51.8660,-21.2275,NORMAL,UNASSIGNED
MAIN_00,,,MAIN,320,-51.0693,-21.5270,NORMAL,UNASSIGNED
MAIN_00,,,MAIN,321,-50.2501,-21.8931,NORMAL,UNASSIGNED
MAIN_00,,,MAIN,322,-49.4586,-22.1787,NORMAL,UNASSIGNED
MAIN_00,,,MAIN,323,-48.6197,-22.5106,NORMAL,UNASSIGNED
MAIN_00,,,MAIN,324,-47.8277,-22.8308,NORMAL,UNASSIGNED
MAIN_00,,,MAIN,325,-46.9581,-23.3164,NORMAL,UNASSIGNED
MAIN_00,,,MAIN,326,-46.1654,-23.5284,NORMAL,UNASSIGNED
MAIN_00,,,MAIN,327,-45.4718,-23.9188,NORMAL,UNASSIGNED
MAIN_00,,,MAIN,328,-44.6333,-24.3051,NORMAL,UNASSIGNED
MAIN_00,,,MAIN,329,-43.8634,-24.6161,NORMAL,UNASSIGNED
MAIN_00,,,MAIN,330,-43.0418,-24.9697,NORMAL,UNASSIGNED
MAIN_00,,,MAIN,331,-42.2772,-25.2962,NORMAL,UNASSIGNED
MAIN_00,,,MAIN,332,-41.5323,-25.6477,NORMAL,UNASSIGNED
MAIN_00,,,MAIN,333,-40.7792,-25.9411,NORMAL,UNASSIGNED
MAIN_00,,,MAIN,334,-40.1047,-26.2248,NORMAL,UNASSIGNED
MAIN_00,,,MAIN,335,-39.1853,-26.5885,NORMAL,UNASSIGNED
MAIN_00,,,MAIN,336,-38.4136,-26.9032,NORMAL,UNASSIGNED
MAIN_00,,,MAIN,337,-37.7322,-27.1972,NORMAL,UNASSIGNED
MAIN_00,,,MAIN,338,-36.9661,-27.4889,NORMAL,UNASSIGNED
MAIN_00,,,MAIN,339,-36.2470,-27.7415,NORMAL,UNASSIGNED
T_1,T,1,MULTI_PHASE,0,-35.4935,-28.0650,PERP_PARK,UNASSIGNED
T_1,T,1,MULTI_PHASE,1,-35.3595,-28.1312,PERP_PARK,UNASSIGNED
T_1,T,1,MULTI_PHASE,2,-35.2242,-28.1946,PERP_PARK,UNASSIGNED
T_1,T,1,MULTI_PHASE,3,-35.0877,-28.2553,PERP_PARK,UNASSIGNED
T_1,T,1,MULTI_PHASE,4,-34.9502,-28.3138,PERP_PARK,UNASSIGNED
T_1,T,1,MULTI_PHASE,5,-34.8118,-28.3701,PERP_PARK,UNASSIGNED
T_1,T,1,MULTI_PHASE,6,-34.6727,-28.4247,PERP_PARK,UNASSIGNED
T_1,T,1,MULTI_PHASE,7,-34.5330,-28.4777,PERP_PARK,UNASSIGNED
T_1,T,1,MULTI_PHASE,8,-34.3928,-28.5293,PERP_PARK,UNASSIGNED
T_1,T,1,MULTI_PHASE,9,-34.2522,-28.5798,PERP_PARK,UNASSIGNED
T_1,T,1,MULTI_PHASE,10,-34.1112,-28.6295,PERP_PARK,UNASSIGNED
T_1,T,1,MULTI_PHASE,11,-33.9701,-28.6786,PERP_PARK,UNASSIGNED
T_1,T,1,MULTI_PHASE,12,-33.8288,-28.7273,PERP_PARK,UNASSIGNED
T_1,T,1,MULTI_PHASE,13,-33.6875,-28.7758,PERP_PARK,UNASSIGNED
T_1,T,1,MULTI_PHASE,14,-33.5462,-28.8244,PERP_PARK,UNASSIGNED
T_1,T,1,MULTI_PHASE,15,-33.4050,-28.8733,PERP_PARK,UNASSIGNED
T_1,T,1,MULTI_PHASE,16,-33.2640,-28.9227,PERP_PARK,UNASSIGNED
T_1,T,1,MULTI_PHASE,17,-33.1232,-28.9728,PERP_PARK,UNASSIGNED
T_1,T,1,MULTI_PHASE,18,-32.9828,-29.0239,PERP_PARK,UNASSIGNED
T_1,T,1,MULTI_PHASE,19,-32.8428,-29.0761,PERP_PARK,UNASSIGNED
T_1,T,1,MULTI_PHASE,20,-32.7034,-29.1298,PERP_PARK,UNASSIGNED
T_1,T,1,MULTI_PHASE,21,-32.5645,-29.1850,PERP_PARK,UNASSIGNED
T_1,T,1,MULTI_PHASE,22,-32.4264,-29.2421,PERP_PARK,UNASSIGNED
T_1,T,1,MULTI_PHASE,23,-32.2892,-29.3012,PERP_PARK,UNASSIGNED
T_1,T,1,MULTI_PHASE,24,-32.1530,-29.3625,PERP_PARK,UNASSIGNED
T_1,T,1,MULTI_PHASE,25,-32.0179,-29.4264,PERP_PARK,UNASSIGNED
T_1,T,1,MULTI_PHASE,26,-31.8840,-29.4929,PERP_PARK,UNASSIGNED
T_1,T,1,MULTI_PHASE,27,-31.7517,-29.5622,PERP_PARK,UNASSIGNED
T_1,T,1,MULTI_PHASE,28,-31.6210,-29.6346,PERP_PARK,UNASSIGNED
T_1,T,1,MULTI_PHASE,29,-31.4922,-29.7103,PERP_PARK,UNASSIGNED
T_1,T,1,MULTI_PHASE,30,-31.3656,-29.7898,PERP_PARK,UNASSIGNED
T_1,T,1,MULTI_PHASE,31,-31.2418,-29.8734,PERP_PARK,UNASSIGNED
T_1,T,1,MULTI_PHASE,32,-31.1213,-29.9618,PERP_PARK,UNASSIGNED
T_1,T,1,MULTI_PHASE,33,-31.0049,-30.0554,PERP_PARK,UNASSIGNED
T_1,T,1,MULTI_PHASE,34,-30.8934,-30.1548,PERP_PARK,UNASSIGNED
T_1,T,1,MULTI_PHASE,35,-30.7878,-30.2605,PERP_PARK,UNASSIGNED
T_1,T,1,MULTI_PHASE,36,-30.6894,-30.3729,PERP_PARK,UNASSIGNED
T_1,T,1,MULTI_PHASE,37,-30.5995,-30.4923,PERP_PARK,UNASSIGNED
T_1,T,1,MULTI_PHASE,38,-30.5198,-30.6186,PERP_PARK,UNASSIGNED
T_1,T,1,MULTI_PHASE,39,-30.4519,-30.7516,PERP_PARK,UNASSIGNED
T_1,T,1,MULTI_PHASE,40,-30.3966,-30.8904,PERP_PARK,UNASSIGNED
T_1,T,1,MULTI_PHASE,41,-30.3531,-31.0333,PERP_PARK,UNASSIGNED
T_1,T,1,MULTI_PHASE,42,-30.3193,-31.1788,PERP_PARK,UNASSIGNED
T_1,T,1,MULTI_PHASE,43,-30.2933,-31.3259,PERP_PARK,UNASSIGNED
T_1,T,1,MULTI_PHASE,44,-30.2732,-31.4740,PERP_PARK,UNASSIGNED
T_1,T,1,MULTI_PHASE,45,-30.2574,-31.6226,PERP_PARK,UNASSIGNED
T_1,T,1,MULTI_PHASE,46,-30.2442,-31.7714,PERP_PARK,UNASSIGNED
T_1,T,1,MULTI_PHASE,47,-30.2323,-31.9204,PERP_PARK,UNASSIGNED
T_1,T,1,MULTI_PHASE,48,-30.2204,-32.0693,PERP_PARK,UNASSIGNED
T_1,T,1,MULTI_PHASE,49,-30.2069,-32.2181,PERP_PARK,UNASSIGNED
T_1,T,1,MULTI_PHASE,50,-30.1908,-32.3667,PERP_PARK,UNASSIGNED
T_1,T,1,MULTI_PHASE,51,-30.1705,-32.5147,PERP_PARK,UNASSIGNED
T_1,T,1,MULTI_PHASE,52,-30.1463,-32.6622,PERP_PARK,UNASSIGNED
T_1,T,1,MULTI_PHASE,53,-30.1188,-32.8090,PERP_PARK,UNASSIGNED
T_1,T,1,MULTI_PHASE,54,-30.0886,-32.9554,PERP_PARK,UNASSIGNED
T_1,T,1,MULTI_PHASE,55,-30.0567,-33.1013,PERP_PARK,UNASSIGNED
T_1,T,1,MULTI_PHASE,56,-30.0237,-33.2471,PERP_PARK,UNASSIGNED
T_1,T,1,MULTI_PHASE,57,-29.9905,-33.3927,PERP_PARK,UNASSIGNED
T_1,T,1,MULTI_PHASE,58,-29.9578,-33.5386,PERP_PARK,UNASSIGNED
T_1,T,1,MULTI_PHASE,59,-29.9265,-33.6847,PERP_PARK,UNASSIGNED
T_1,T,1,MULTI_PHASE,60,-29.8976,-33.8313,PERP_PARK,UNASSIGNED
T_1,T,1,MULTI_PHASE,61,-29.8720,-33.9785,PERP_PARK,UNASSIGNED
T_1,T,1,MULTI_PHASE,62,-29.8507,-34.1264,PERP_PARK,UNASSIGNED
T_1,T,1,MULTI_PHASE,63,-29.8348,-34.2749,PERP_PARK,UNASSIGNED
T_1,T,1,MULTI_PHASE,64,-29.8254,-34.4240,PERP_PARK,UNASSIGNED
T_1,T,1,MULTI_PHASE,65,-29.8237,-34.5734,PERP_PARK,UNASSIGNED
T_1,T,1,MULTI_PHASE,66,-29.8306,-34.7227,PERP_PARK,UNASSIGNED
T_1,T,1,MULTI_PHASE,67,-29.8456,-34.8713,PERP_PARK,UNASSIGNED
T_1,T,1,MULTI_PHASE,68,-29.8678,-35.0191,PERP_PARK,UNASSIGNED
T_1,T,1,MULTI_PHASE,69,-29.8962,-35.1658,PERP_PARK,UNASSIGNED
T_1,T,1,MULTI_PHASE,70,-29.9300,-35.3113,PERP_PARK,UNASSIGNED
T_1,T,1,MULTI_PHASE,71,-29.9683,-35.4557,PERP_PARK,UNASSIGNED
T_1,T,1,MULTI_PHASE,72,-30.0103,-35.5991,PERP_PARK,UNASSIGNED
T_1,T,1,MULTI_PHASE,73,-30.0552,-35.7416,PERP_PARK,UNASSIGNED
T_1,T,1,MULTI_PHASE,74,-30.1023,-35.8834,PERP_PARK,UNASSIGNED
T_1,T,1,MULTI_PHASE,75,-30.1509,-36.0247,PERP_PARK,UNASSIGNED
T_1,T,1,MULTI_PHASE,76,-30.2006,-36.1656,PERP_PARK,UNASSIGNED
T_1,T,1,MULTI_PHASE,77,-30.2514,-36.3062,PERP_PARK,UNASSIGNED
T_1,T,1,MULTI_PHASE,78,-30.3030,-36.4464,PERP_PARK,UNASSIGNED
T_1,T,1,MULTI_PHASE,79,-30.3555,-36.5863,PERP_PARK,UNASSIGNED
T_1,T,1,MULTI_PHASE,80,-30.4088,-36.7259,PERP_PARK,UNASSIGNED
T_1,T,1,MULTI_PHASE,81,-30.4628,-36.8652,PERP_PARK,UNASSIGNED
T_1,T,1,MULTI_PHASE,82,-30.5174,-37.0043,PERP_PARK,UNASSIGNED
T_1,T,1,MULTI_PHASE,83,-30.5726,-37.1431,PERP_PARK,UNASSIGNED
T_1,T,1,MULTI_PHASE,84,-30.6284,-37.2818,PERP_PARK,UNASSIGNED
T_1,T,1,MULTI_PHASE,85,-30.6846,-37.4202,PERP_PARK,UNASSIGNED
T_1,T,1,MULTI_PHASE,86,-30.7411,-37.5585,PERP_PARK,UNASSIGNED
T_1,T,1,MULTI_PHASE,87,-30.7980,-37.6967,PERP_PARK,UNASSIGNED
T_1,T,1,MULTI_PHASE,88,-30.8552,-37.8347,PERP_PARK,UNASSIGNED
T_1,T,1,MULTI_PHASE,89,-30.9126,-37.9727,PERP_PARK,UNASSIGNED
T_1,T,1,MULTI_PHASE,90,-30.9702,-38.1106,PERP_PARK,UNASSIGNED
T_1,T,1,MULTI_PHASE,91,-31.0278,-38.2485,PERP_PARK,UNASSIGNED
T_1,T,1,MULTI_PHASE,92,-31.0855,-38.3863,PERP_PARK,UNASSIGNED
T_1,T,1,MULTI_PHASE,93,-31.1431,-38.5242,PERP_PARK,UNASSIGNED
T_1,T,1,MULTI_PHASE,94,-31.2007,-38.6620,PERP_PARK,UNASSIGNED
T_1,T,1,MULTI_PHASE,95,-31.2582,-38.8000,PERP_PARK,UNASSIGNED
T_1,T,1,MULTI_PHASE,96,-31.3154,-38.9380,PERP_PARK,UNASSIGNED
T_1,T,1,MULTI_PHASE,97,-31.3724,-39.0761,PERP_PARK,UNASSIGNED
T_1,T,1,MULTI_PHASE,98,-31.4293,-39.2143,PERP_PARK,UNASSIGNED
T_1,T,1,MULTI_PHASE,99,-31.4859,-39.3526,PERP_PARK,UNASSIGNED
T_1,T,1,MULTI_PHASE,100,-31.5424,-39.4909,PERP_PARK,UNASSIGNED
T_1,T,1,MULTI_PHASE,101,-31.5987,-39.6293,PERP_PARK,UNASSIGNED
T_1,T,1,MULTI_PHASE,102,-31.6548,-39.7678,PERP_PARK,UNASSIGNED
T_1,T,1,MULTI_PHASE,103,-31.7107,-39.9064,PERP_PARK,UNASSIGNED
T_1,T,1,MULTI_PHASE,104,-31.7665,-40.0450,PERP_PARK,UNASSIGNED
T_1,T,1,MULTI_PHASE,105,-31.8221,-40.1837,PERP_PARK,UNASSIGNED
T_1,T,1,MULTI_PHASE,106,-31.8776,-40.3224,PERP_PARK,UNASSIGNED
T_1,T,1,MULTI_PHASE,107,-31.9329,-40.4612,PERP_PARK,UNASSIGNED
T_1,T,1,MULTI_PHASE,108,-31.9881,-40.6001,PERP_PARK,UNASSIGNED
T_1,T,1,MULTI_PHASE,109,-32.0431,-40.7390,PERP_PARK,UNASSIGNED
T_1,T,1,MULTI_PHASE,110,-32.0981,-40.8780,PERP_PARK,UNASSIGNED
T_1,T,1,MULTI_PHASE,111,-32.1528,-41.0170,PERP_PARK,UNASSIGNED
T_1,T,1,MULTI_PHASE,112,-32.2075,-41.1560,PERP_PARK,UNASSIGNED
T_1,T,1,MULTI_PHASE,113,-32.2621,-41.2951,PERP_PARK,UNASSIGNED
T_1,T,1,MULTI_PHASE,114,-32.3165,-41.4343,PERP_PARK,UNASSIGNED
T_1,T,1,MULTI_PHASE,115,-32.3709,-41.5735,PERP_PARK,UNASSIGNED
T_1,T,1,MULTI_PHASE,116,-32.4252,-41.7127,PERP_PARK,UNASSIGNED
T_1,T,1,MULTI_PHASE,117,-32.4793,-41.8520,PERP_PARK,UNASSIGNED
T_1,T,1,MULTI_PHASE,118,-32.5334,-41.9912,PERP_PARK,UNASSIGNED
T_1,T,1,MULTI_PHASE,119,-32.5874,-42.1306,PERP_PARK,UNASSIGNED
T_1,T,1,MULTI_PHASE,120,-32.6414,-42.2699,PERP_PARK,UNASSIGNED
T_1,T,1,MULTI_PHASE,121,-32.6953,-42.4093,PERP_PARK,UNASSIGNED
T_1,T,1,MULTI_PHASE,122,-32.7491,-42.5487,PERP_PARK,UNASSIGNED
T_1,T,1,MULTI_PHASE,123,-32.8029,-42.6881,PERP_PARK,UNASSIGNED
T_1,T,1,MULTI_PHASE,124,-32.8566,-42.8275,PERP_PARK,UNASSIGNED
T_1,T,1,MULTI_PHASE,125,-32.9103,-42.9669,PERP_PARK,UNASSIGNED
T_1,T,1,MULTI_PHASE,126,-32.9639,-43.1064,PERP_PARK,UNASSIGNED
T_1,T,1,MULTI_PHASE,127,-33.0176,-43.2459,PERP_PARK,UNASSIGNED
T_1,T,1,MULTI_PHASE,128,-33.0712,-43.3853,PERP_PARK,UNASSIGNED
T_1,T,1,MULTI_PHASE,129,-33.1248,-43.5248,PERP_PARK,UNASSIGNED
T_1,T,1,MULTI_PHASE,130,-33.1784,-43.6643,PERP_PARK,UNASSIGNED
T_1,T,1,MULTI_PHASE,131,-33.2319,-43.8038,PERP_PARK,UNASSIGNED
T_1,T,1,MULTI_PHASE,132,-33.2855,-43.9433,PERP_PARK,UNASSIGNED
T_1,T,1,MULTI_PHASE,133,-33.3391,-44.0828,PERP_PARK,UNASSIGNED
T_1,T,1,MULTI_PHASE,134,-33.3927,-44.2222,PERP_PARK,UNASSIGNED
T_1,T,1,MULTI_PHASE,135,-33.4464,-44.3617,PERP_PARK,UNASSIGNED
T_1,T,1,MULTI_PHASE,136,-33.5000,-44.5011,PERP_PARK,UNASSIGNED
T_1,T,1,MULTI_PHASE,137,-33.5537,-44.6406,PERP_PARK,UNASSIGNED
T_1,T,1,MULTI_PHASE,138,-33.6075,-44.7800,PERP_PARK,UNASSIGNED
T_1,T,1,MULTI_PHASE,139,-33.6612,-44.9194,PERP_PARK,UNASSIGNED
T_1,T,1,MULTI_PHASE,140,-33.7151,-45.0588,PERP_PARK,UNASSIGNED
T_1,T,1,MULTI_PHASE,141,-33.7690,-45.1982,PERP_PARK,UNASSIGNED
T_1,T,1,MULTI_PHASE,142,-33.8229,-45.3375,PERP_PARK,UNASSIGNED
T_1,T,1,MULTI_PHASE,143,-33.8769,-45.4768,PERP_PARK,UNASSIGNED
T_1,T,1,MULTI_PHASE,144,-33.9310,-45.6161,PERP_PARK,UNASSIGNED
T_1,T,1,MULTI_PHASE,145,-33.9852,-45.7554,PERP_PARK,UNASSIGNED
T_1,T,1,MULTI_PHASE,146,-34.0395,-45.8946,PERP_PARK,UNASSIGNED
T_1,T,1,MULTI_PHASE,147,-34.0939,-46.0338,PERP_PARK,UNASSIGNED
T_1,T,1,MULTI_PHASE,148,-34.1483,-46.1729,PERP_PARK,UNASSIGNED
T_1,T,1,MULTI_PHASE,149,-34.2029,-46.3120,PERP_PARK,UNASSIGNED
T_1,T,1,MULTI_PHASE,150,-34.2576,-46.4511,PERP_PARK,UNASSIGNED
T_1,T,1,MULTI_PHASE,151,-34.3124,-46.5901,PERP_PARK,UNASSIGNED
T_1,T,1,MULTI_PHASE,152,-34.3674,-46.7290,PERP_PARK,UNASSIGNED
T_1,T,1,MULTI_PHASE,153,-34.4224,-46.8679,PERP_PARK,UNASSIGNED
T_1,T,1,MULTI_PHASE,154,-34.4776,-47.0068,PERP_PARK,UNASSIGNED
T_1,T,1,MULTI_PHASE,155,-34.5330,-47.1456,PERP_PARK,UNASSIGNED
T_1,T,1,MULTI_PHASE,156,-34.5885,-47.2843,PERP_PARK,UNASSIGNED
T_1,T,1,MULTI_PHASE,157,-34.6441,-47.4230,PERP_PARK,UNASSIGNED
T_1,T,1,MULTI_PHASE,158,-34.6999,-47.5616,PERP_PARK,UNASSIGNED
T_1,T,1,MULTI_PHASE,159,-34.7559,-47.7001,PERP_PARK,UNASSIGNED
T_1,T,1,MULTI_PHASE,160,-34.8121,-47.8386,PERP_PARK,UNASSIGNED
T_1,T,1,MULTI_PHASE,161,-34.8684,-47.9770,PERP_PARK,UNASSIGNED
T_1,T,1,MULTI_PHASE,162,-34.9249,-48.1153,PERP_PARK,UNASSIGNED
T_1,T,1,MULTI_PHASE,163,-34.9816,-48.2536,PERP_PARK,UNASSIGNED
T_1,T,1,MULTI_PHASE,164,-35.0385,-48.3917,PERP_PARK,UNASSIGNED
T_1,T,1,MULTI_PHASE,165,-35.0956,-48.5298,PERP_PARK,UNASSIGNED
T_1,T,1,MULTI_PHASE,166,-35.1530,-48.6678,PERP_PARK,UNASSIGNED
T_1,T,1,MULTI_PHASE,167,-35.2105,-48.8057,PERP_PARK,UNASSIGNED
T_1,T,1,MULTI_PHASE,168,-35.2682,-48.9435,PERP_PARK,UNASSIGNED
T_1,T,1,MULTI_PHASE,169,-35.3262,-49.0812,PERP_PARK,UNASSIGNED
T_1,T,1,MULTI_PHASE,170,-35.3844,-49.2188,PERP_PARK,UNASSIGNED
T_1,T,1,MULTI_PHASE,171,-35.4429,-49.3564,PERP_PARK,UNASSIGNED
T_1,T,1,MULTI_PHASE,172,-35.5016,-49.4938,PERP_PARK,UNASSIGNED
T_1,T,1,MULTI_PHASE,173,-35.5605,-49.6311,PERP_PARK,UNASSIGNED
T_1,T,1,MULTI_PHASE,174,-35.6197,-49.7683,PERP_PARK,UNASSIGNED
T_1,T,1,MULTI_PHASE,175,-35.6791,-49.9054,PERP_PARK,UNASSIGNED
T_1,T,1,MULTI_PHASE,176,-35.7388,-50.0423,PERP_PARK,UNASSIGNED
T_1,T,1,MULTI_PHASE,177,-35.7988,-50.1792,PERP_PARK,UNASSIGNED
T_1,T,1,MULTI_PHASE,178,-35.8591,-50.3159,PERP_PARK,UNASSIGNED
T_1,T,1,MULTI_PHASE,179,-35.9196,-50.4525,PERP_PARK,UNASSIGNED
T_1,T,1,MULTI_PHASE,180,-35.9805,-50.5890,PERP_PARK,UNASSIGNED
T_1,T,1,MULTI_PHASE,181,-36.0416,-50.7254,PERP_PARK,UNASSIGNED
T_1,T,1,MULTI_PHASE,182,-36.1030,-50.8616,PERP_PARK,UNASSIGNED
T_1,T,1,MULTI_PHASE,183,-36.1647,-50.9977,PERP_PARK,UNASSIGNED
T_1,T,1,MULTI_PHASE,184,-36.2268,-51.1336,PERP_PARK,UNASSIGNED
T_1,T,1,MULTI_PHASE,185,-36.2891,-51.2694,PERP_PARK,UNASSIGNED
T_1,T,1,MULTI_PHASE,186,-36.3518,-51.4050,PERP_PARK,UNASSIGNED
T_1,T,1,MULTI_PHASE,187,-36.4148,-51.5405,PERP_PARK,UNASSIGNED
T_1,T,1,MULTI_PHASE,188,-36.4781,-51.6759,PERP_PARK,UNASSIGNED
T_1,T,1,MULTI_PHASE,189,-36.3772,-51.5677,PERP_PARK,UNASSIGNED
T_1,T,1,MULTI_PHASE,190,-36.2816,-51.4548,PERP_PARK,UNASSIGNED
T_1,T,1,MULTI_PHASE,191,-36.1907,-51.3381,PERP_PARK,UNASSIGNED
T_1,T,1,MULTI_PHASE,192,-36.1039,-51.2183,PERP_PARK,UNASSIGNED
T_1,T,1,MULTI_PHASE,193,-36.0205,-51.0961,PERP_PARK,UNASSIGNED
T_1,T,1,MULTI_PHASE,194,-35.9397,-50.9722,PERP_PARK,UNASSIGNED
T_1,T,1,MULTI_PHASE,195,-35.8608,-50.8471,PERP_PARK,UNASSIGNED
T_1,T,1,MULTI_PHASE,196,-35.7830,-50.7212,PERP_PARK,UNASSIGNED
T_1,T,1,MULTI_PHASE,197,-35.7055,-50.5952,PERP_PARK,UNASSIGNED
T_1,T,1,MULTI_PHASE,198,-35.6277,-50.4694,PERP_PARK,UNASSIGNED
T_1,T,1,MULTI_PHASE,199,-35.5488,-50.3442,PERP_PARK,UNASSIGNED
T_1,T,1,MULTI_PHASE,200,-35.4682,-50.2202,PERP_PARK,UNASSIGNED
T_1,T,1,MULTI_PHASE,201,-35.3852,-50.0977,PERP_PARK,UNASSIGNED
T_1,T,1,MULTI_PHASE,202,-35.3000,-49.9768,PERP_PARK,UNASSIGNED
T_1,T,1,MULTI_PHASE,203,-35.2130,-49.8571,PERP_PARK,UNASSIGNED
T_1,T,1,MULTI_PHASE,204,-35.1244,-49.7387,PERP_PARK,UNASSIGNED
T_1,T,1,MULTI_PHASE,205,-35.0344,-49.6213,PERP_PARK,UNASSIGNED
T_1,T,1,MULTI_PHASE,206,-34.9434,-49.5046,PERP_PARK,UNASSIGNED
T_1,T,1,MULTI_PHASE,207,-34.8516,-49.3886,PERP_PARK,UNASSIGNED
T_1,T,1,MULTI_PHASE,208,-34.7592,-49.2731,PERP_PARK,UNASSIGNED
T_1,T,1,MULTI_PHASE,209,-34.6666,-49.1577,PERP_PARK,UNASSIGNED
T_1,T,1,MULTI_PHASE,210,-34.5739,-49.0424,PERP_PARK,UNASSIGNED
T_1,T,1,MULTI_PHASE,211,-34.4814,-48.9269,PERP_PARK,UNASSIGNED
T_1,T,1,MULTI_PHASE,212,-34.3893,-48.8111,PERP_PARK,UNASSIGNED
T_1,T,1,MULTI_PHASE,213,-34.2958,-48.6965,PERP_PARK,UNASSIGNED
T_1,T,1,MULTI_PHASE,214,-34.1982,-48.5854,PERP_PARK,UNASSIGNED
T_1,T,1,MULTI_PHASE,215,-34.0938,-48.4806,PERP_PARK,UNASSIGNED
T_1,T,1,MULTI_PHASE,216,-33.9809,-48.3851,PERP_PARK,UNASSIGNED
T_1,T,1,MULTI_PHASE,217,-33.8601,-48.2997,PERP_PARK,UNASSIGNED
T_1,T,1,MULTI_PHASE,218,-33.7329,-48.2242,PERP_PARK,UNASSIGNED
T_1,T,1,MULTI_PHASE,219,-33.6004,-48.1585,PERP_PARK,UNASSIGNED
T_1,T,1,MULTI_PHASE,220,-33.4635,-48.1025,PERP_PARK,UNASSIGNED
T_1,T,1,MULTI_PHASE,221,-33.3232,-48.0556,PERP_PARK,UNASSIGNED
T_1,T,1,MULTI_PHASE,222,-33.1805,-48.0167,PERP_PARK,UNASSIGNED
T_1,T,1,MULTI_PHASE,223,-33.0362,-47.9845,PERP_PARK,UNASSIGNED
T_1,T,1,MULTI_PHASE,224,-32.8907,-47.9576,PERP_PARK,UNASSIGNED
T_1,T,1,MULTI_PHASE,225,-32.7445,-47.9347,PERP_PARK,UNASSIGNED
T_1,T,1,MULTI_PHASE,226,-32.5980,-47.9145,PERP_PARK,UNASSIGNED
T_1,T,1,MULTI_PHASE,227,-32.4512,-47.8957,PERP_PARK,UNASSIGNED
T_1,T,1,MULTI_PHASE,228,-32.3045,-47.8772,PERP_PARK,UNASSIGNED
T_1,T,1,MULTI_PHASE,229,-32.1578,-47.8577,PERP_PARK,UNASSIGNED
T_1,T,1,MULTI_PHASE,230,-32.0114,-47.8363,PERP_PARK,UNASSIGNED
T_1,T,1,MULTI_PHASE,231,-31.8653,-47.8129,PERP_PARK,UNASSIGNED
T_1,T,1,MULTI_PHASE,232,-31.7193,-47.7891,PERP_PARK,UNASSIGNED
T_1,T,1,MULTI_PHASE,233,-31.5732,-47.7664,PERP_PARK,UNASSIGNED
T_1,T,1,MULTI_PHASE,234,-31.4266,-47.7462,PERP_PARK,UNASSIGNED
T_1,T,1,MULTI_PHASE,235,-31.2795,-47.7304,PERP_PARK,UNASSIGNED
T_1,T,1,MULTI_PHASE,236,-31.1319,-47.7207,PERP_PARK,UNASSIGNED
T_1,T,1,MULTI_PHASE,237,-30.9840,-47.7194,PERP_PARK,UNASSIGNED
T_1,T,1,MULTI_PHASE,238,-30.8364,-47.7287,PERP_PARK,UNASSIGNED
T_1,T,1,MULTI_PHASE,239,-30.6899,-47.7492,PERP_PARK,UNASSIGNED
T_1,T,1,MULTI_PHASE,240,-30.5452,-47.7799,PERP_PARK,UNASSIGNED
T_1,T,1,MULTI_PHASE,241,-30.4028,-47.8197,PERP_PARK,UNASSIGNED
T_1,T,1,MULTI_PHASE,242,-30.2627,-47.8672,PERP_PARK,UNASSIGNED
T_1,T,1,MULTI_PHASE,243,-30.1248,-47.9209,PERP_PARK,UNASSIGNED
T_1,T,1,MULTI_PHASE,244,-29.9891,-47.9797,PERP_PARK,UNASSIGNED
T_1,T,1,MULTI_PHASE,245,-29.8550,-48.0423,PERP_PARK,UNASSIGNED
T_1,T,1,MULTI_PHASE,246,-29.7224,-48.1078,PERP_PARK,UNASSIGNED
T_1,T,1,MULTI_PHASE,247,-29.5909,-48.1756,PERP_PARK,UNASSIGNED
T_1,T,1,MULTI_PHASE,248,-29.4603,-48.2451,PERP_PARK,UNASSIGNED
T_1,T,1,MULTI_PHASE,249,-29.3304,-48.3159,PERP_PARK,UNASSIGNED
T_1,T,1,MULTI_PHASE,250,-29.2009,-48.3874,PERP_PARK,UNASSIGNED
T_1,T,1,MULTI_PHASE,251,-29.0715,-48.4591,PERP_PARK,UNASSIGNED
T_1,T,1,MULTI_PHASE,252,-28.9420,-48.5307,PERP_PARK,UNASSIGNED
T_1,T,1,MULTI_PHASE,253,-28.8122,-48.6015,PERP_PARK,UNASSIGNED
T_1,T,1,MULTI_PHASE,254,-28.6817,-48.6712,PERP_PARK,UNASSIGNED
T_1,T,1,MULTI_PHASE,255,-28.5502,-48.7391,PERP_PARK,UNASSIGNED
T_1,T,1,MULTI_PHASE,256,-28.4176,-48.8047,PERP_PARK,UNASSIGNED
T_1,T,1,MULTI_PHASE,257,-28.2836,-48.8673,PERP_PARK,UNASSIGNED
T_1,T,1,MULTI_PHASE,258,-28.1479,-48.9262,PERP_PARK,UNASSIGNED
T_1,T,1,MULTI_PHASE,259,-28.2709,-48.8415,PERP_PARK,UNASSIGNED
T_1,T,1,MULTI_PHASE,260,-28.3948,-48.7581,PERP_PARK,UNASSIGNED
T_1,T,1,MULTI_PHASE,261,-28.5194,-48.6757,PERP_PARK,UNASSIGNED
T_1,T,1,MULTI_PHASE,262,-28.6445,-48.5941,PERP_PARK,UNASSIGNED
T_1,T,1,MULTI_PHASE,263,-28.7699,-48.5130,PERP_PARK,UNASSIGNED
T_1,T,1,MULTI_PHASE,264,-28.8955,-48.4322,PERP_PARK,UNASSIGNED
T_1,T,1,MULTI_PHASE,265,-29.0212,-48.3515,PERP_PARK,UNASSIGNED
T_1,T,1,MULTI_PHASE,266,-29.1468,-48.2708,PERP_PARK,UNASSIGNED
T_1,T,1,MULTI_PHASE,267,-29.2723,-48.1897,PERP_PARK,UNASSIGNED
T_1,T,1,MULTI_PHASE,268,-29.3974,-48.1082,PERP_PARK,UNASSIGNED
T_1,T,1,MULTI_PHASE,269,-29.5222,-48.0260,PERP_PARK,UNASSIGNED
T_1,T,1,MULTI_PHASE,270,-29.6463,-47.9430,PERP_PARK,UNASSIGNED
T_1,T,1,MULTI_PHASE,271,-29.7698,-47.8590,PERP_PARK,UNASSIGNED
T_1,T,1,MULTI_PHASE,272,-29.8925,-47.7738,PERP_PARK,UNASSIGNED
T_1,T,1,MULTI_PHASE,273,-30.0142,-47.6872,PERP_PARK,UNASSIGNED
T_1,T,1,MULTI_PHASE,274,-30.1347,-47.5991,PERP_PARK,UNASSIGNED
T_1,T,1,MULTI_PHASE,275,-30.2540,-47.5092,PERP_PARK,UNASSIGNED
T_1,T,1,MULTI_PHASE,276,-30.3718,-47.4174,PERP_PARK,UNASSIGNED
T_1,T,1,MULTI_PHASE,277,-30.4879,-47.3234,PERP_PARK,UNASSIGNED
T_1,T,1,MULTI_PHASE,278,-30.6021,-47.2272,PERP_PARK,UNASSIGNED
T_1,T,1,MULTI_PHASE,279,-30.7142,-47.1285,PERP_PARK,UNASSIGNED
T_1,T,1,MULTI_PHASE,280,-30.8239,-47.0271,PERP_PARK,UNASSIGNED
T_1,T,1,MULTI_PHASE,281,-30.9309,-46.9229,PERP_PARK,UNASSIGNED
T_1,T,1,MULTI_PHASE,282,-31.0348,-46.8157,PERP_PARK,UNASSIGNED
T_1,T,1,MULTI_PHASE,283,-31.1355,-46.7053,PERP_PARK,UNASSIGNED
T_1,T,1,MULTI_PHASE,284,-31.2323,-46.5916,PERP_PARK,UNASSIGNED
T_1,T,1,MULTI_PHASE,285,-31.3251,-46.4746,PERP_PARK,UNASSIGNED
T_1,T,1,MULTI_PHASE,286,-31.4133,-46.3541,PERP_PARK,UNASSIGNED
T_1,T,1,MULTI_PHASE,287,-31.4965,-46.2301,PERP_PARK,UNASSIGNED
T_1,T,1,MULTI_PHASE,288,-31.5744,-46.1026,PERP_PARK,UNASSIGNED
T_1,T,1,MULTI_PHASE,289,-31.6464,-45.9718,PERP_PARK,UNASSIGNED
T_1,T,1,MULTI_PHASE,290,-31.7121,-45.8377,PERP_PARK,UNASSIGNED
T_1,T,1,MULTI_PHASE,291,-31.7712,-45.7005,PERP_PARK,UNASSIGNED
T_1,T,1,MULTI_PHASE,292,-31.8234,-45.5606,PERP_PARK,UNASSIGNED
T_1,T,1,MULTI_PHASE,293,-31.8684,-45.4182,PERP_PARK,UNASSIGNED
T_1,T,1,MULTI_PHASE,294,-31.9064,-45.2738,PERP_PARK,UNASSIGNED
T_1,T,1,MULTI_PHASE,295,-31.9375,-45.1277,PERP_PARK,UNASSIGNED
T_1,T,1,MULTI_PHASE,296,-31.9622,-44.9804,PERP_PARK,UNASSIGNED
T_1,T,1,MULTI_PHASE,297,-31.9806,-44.8322,PERP_PARK,UNASSIGNED
T_1,T,1,MULTI_PHASE,298,-31.9929,-44.6834,PERP_PARK,UNASSIGNED
T_1,T,1,MULTI_PHASE,299,-31.9992,-44.5342,PERP_PARK,UNASSIGNED
T_1,T,1,MULTI_PHASE,300,-31.9998,-44.3848,PERP_PARK,UNASSIGNED
T_1,T,1,MULTI_PHASE,301,-31.9945,-44.2356,PERP_PARK,UNASSIGNED
T_1,T,1,MULTI_PHASE,302,-31.9836,-44.0866,PERP_PARK,UNASSIGNED
T_1,T,1,MULTI_PHASE,303,-31.9670,-43.9382,PERP_PARK,UNASSIGNED
T_1,T,1,MULTI_PHASE,304,-31.9445,-43.7906,PERP_PARK,UNASSIGNED
T_1,T,1,MULTI_PHASE,305,-31.9163,-43.6439,PERP_PARK,UNASSIGNED
T_1,T,1,MULTI_PHASE,306,-31.8826,-43.4984,PERP_PARK,UNASSIGNED
T_1,T,1,MULTI_PHASE,307,-31.8443,-43.3541,PERP_PARK,UNASSIGNED
T_1,T,1,MULTI_PHASE,308,-31.8022,-43.2108,PERP_PARK,UNASSIGNED
T_1,T,1,MULTI_PHASE,309,-31.7572,-43.0683,PERP_PARK,UNASSIGNED
T_1,T,1,MULTI_PHASE,310,-31.7103,-42.9265,PERP_PARK,UNASSIGNED
T_1,T,1,MULTI_PHASE,311,-31.6616,-42.7854,PERP_PARK,UNASSIGNED
T_1,T,1,MULTI_PHASE,312,-31.6100,-42.6452,PERP_PARK,UNASSIGNED
T_1,T,1,MULTI_PHASE,313,-31.5540,-42.5067,PERP_PARK,UNASSIGNED
T_1,T,1,MULTI_PHASE,314,-31.4925,-42.3707,PERP_PARK,UNASSIGNED
T_1,T,1,MULTI_PHASE,315,-31.4238,-42.2380,PERP_PARK,UNASSIGNED
T_1,T,1,MULTI_PHASE,316,-31.3474,-42.1098,PERP_PARK,UNASSIGNED
T_1,T,1,MULTI_PHASE,317,-31.2674,-41.9836,PERP_PARK,UNASSIGNED
T_1,T,1,MULTI_PHASE,318,-31.1906,-41.8555,PERP_PARK,UNASSIGNED
T_1,T,1,MULTI_PHASE,319,-31.1238,-41.7220,PERP_PARK,UNASSIGNED
T_1,T,1,MULTI_PHASE,320,-31.0682,-41.5834,PERP_PARK,UNASSIGNED
T_1,T,1,MULTI_PHASE,321,-31.0211,-41.4417,PERP_PARK,UNASSIGNED
T_1,T,1,MULTI_PHASE,322,-30.9798,-41.2982,PERP_PARK,UNASSIGNED
T_1,T,1,MULTI_PHASE,323,-30.9415,-41.1538,PERP_PARK,UNASSIGNED
T_1,T,1,MULTI_PHASE,324,-30.9037,-41.0093,PERP_PARK,UNASSIGNED
T_1,T,1,MULTI_PHASE,325,-30.8645,-40.8652,PERP_PARK,UNASSIGNED
T_1,T,1,MULTI_PHASE,326,-30.8236,-40.7216,PERP_PARK,UNASSIGNED
T_1,T,1,MULTI_PHASE,327,-30.7810,-40.5784,PERP_PARK,UNASSIGNED
T_1,T,1,MULTI_PHASE,328,-30.7367,-40.4358,PERP_PARK,UNASSIGNED
T_1,T,1,MULTI_PHASE,329,-30.6910,-40.2936,PERP_PARK,UNASSIGNED
T_1,T,1,MULTI_PHASE,330,-30.6438,-40.1519,PERP_PARK,UNASSIGNED
T_1,T,1,MULTI_PHASE,331,-30.5952,-40.0107,PERP_PARK,UNASSIGNED
T_1,T,1,MULTI_PHASE,332,-30.5453,-39.8699,PERP_PARK,UNASSIGNED
T_1,T,1,MULTI_PHASE,333,-30.4941,-39.7296,PERP_PARK,UNASSIGNED
T_1,T,1,MULTI_PHASE,334,-30.4417,-39.5897,PERP_PARK,UNASSIGNED
T_1,T,1,MULTI_PHASE,335,-30.3881,-39.4503,PERP_PARK,UNASSIGNED
T_1,T,1,MULTI_PHASE,336,-30.3334,-39.3113,PERP_PARK,UNASSIGNED
T_1,T,1,MULTI_PHASE,337,-30.2776,-39.1728,PERP_PARK,UNASSIGNED
T_1,T,1,MULTI_PHASE,338,-30.2210,-39.0346,PERP_PARK,UNASSIGNED
T_1,T,1,MULTI_PHASE,339,-30.1639,-38.8966,PERP_PARK,UNASSIGNED
T_1,T,1,MULTI_PHASE,340,-30.1066,-38.7587,PERP_PARK,UNASSIGNED
T_1,T,1,MULTI_PHASE,341,-30.0495,-38.6207,PERP_PARK,UNASSIGNED
T_1,T,1,MULTI_PHASE,342,-29.9930,-38.4824,PERP_PARK,UNASSIGNED
T_1,T,1,MULTI_PHASE,343,-29.9374,-38.3438,PERP_PARK,UNASSIGNED
T_1,T,1,MULTI_PHASE,344,-29.8830,-38.2047,PERP_PARK,UNASSIGNED
T_1,T,1,MULTI_PHASE,345,-29.8303,-38.0650,PERP_PARK,UNASSIGNED
T_1,T,1,MULTI_PHASE,346,-29.7795,-37.9245,PERP_PARK,UNASSIGNED
T_1,T,1,MULTI_PHASE,347,-29.7310,-37.7832,PERP_PARK,UNASSIGNED
T_1,T,1,MULTI_PHASE,348,-29.6850,-37.6412,PERP_PARK,UNASSIGNED
T_1,T,1,MULTI_PHASE,349,-29.6410,-37.4984,PERP_PARK,UNASSIGNED
T_1,T,1,MULTI_PHASE,350,-29.5982,-37.3553,PERP_PARK,UNASSIGNED
T_1,T,1,MULTI_PHASE,351,-29.5560,-37.2121,PERP_PARK,UNASSIGNED
T_1,T,1,MULTI_PHASE,352,-29.5134,-37.0689,PERP_PARK,UNASSIGNED
T_1,T,1,MULTI_PHASE,353,-29.4699,-36.9260,PERP_PARK,UNASSIGNED
T_1,T,1,MULTI_PHASE,354,-29.4246,-36.7837,PERP_PARK,UNASSIGNED
T_1,T,1,MULTI_PHASE,355,-29.3768,-36.6422,PERP_PARK,UNASSIGNED
T_1,T,1,MULTI_PHASE,356,-29.3258,-36.5018,PERP_PARK,UNASSIGNED
T_1,T,1,MULTI_PHASE,357,-29.2708,-36.3630,PERP_PARK,UNASSIGNED
T_1,T,1,MULTI_PHASE,358,-29.2110,-36.2261,PERP_PARK,UNASSIGNED
T_1,T,1,MULTI_PHASE,359,-29.1460,-36.0917,PERP_PARK,UNASSIGNED
T_1,T,1,MULTI_PHASE,360,-29.0757,-35.9599,PERP_PARK,UNASSIGNED
T_1,T,1,MULTI_PHASE,361,-29.0003,-35.8310,PERP_PARK,UNASSIGNED
T_1,T,1,MULTI_PHASE,362,-28.9202,-35.7050,PERP_PARK,UNASSIGNED
T_1,T,1,MULTI_PHASE,363,-28.8354,-35.5820,PERP_PARK,UNASSIGNED
T_1,T,1,MULTI_PHASE,364,-28.7462,-35.4622,PERP_PARK,UNASSIGNED
T_1,T,1,MULTI_PHASE,365,-28.6528,-35.3456,PERP_PARK,UNASSIGNED
T_1,T,1,MULTI_PHASE,366,-28.5555,-35.2324,PERP_PARK,UNASSIGNED
T_1,T,1,MULTI_PHASE,367,-28.4544,-35.1225,PERP_PARK,UNASSIGNED
T_1,T,1,MULTI_PHASE,368,-28.3496,-35.0160,PERP_PARK,UNASSIGNED
T_1,T,1,MULTI_PHASE,369,-28.2415,-34.9130,PERP_PARK,UNASSIGNED
T_1,T,1,MULTI_PHASE,370,-28.1302,-34.8134,PERP_PARK,UNASSIGNED
T_1,T,1,MULTI_PHASE,371,-28.0158,-34.7174,PERP_PARK,UNASSIGNED
T_1,T,1,MULTI_PHASE,372,-27.8986,-34.6249,PERP_PARK,UNASSIGNED
T_1,T,1,MULTI_PHASE,373,-27.7786,-34.5360,PERP_PARK,UNASSIGNED
T_1,T,1,MULTI_PHASE,374,-27.6560,-34.4506,PERP_PARK,UNASSIGNED
T_1,T,1,MULTI_PHASE,375,-27.5310,-34.3689,PERP_PARK,UNASSIGNED
T_1,T,1,MULTI_PHASE,376,-27.4037,-34.2908,PERP_PARK,UNASSIGNED
T_1,T,1,MULTI_PHASE,377,-27.2742,-34.2164,PERP_PARK,UNASSIGNED
T_1,T,1,MULTI_PHASE,378,-27.1427,-34.1457,PERP_PARK,UNASSIGNED
T_1,T,1,MULTI_PHASE,379,-27.0092,-34.0787,PERP_PARK,UNASSIGNED
T_1,T,1,MULTI_PHASE,380,-26.8739,-34.0155,PERP_PARK,UNASSIGNED
T_1,T,1,MULTI_PHASE,381,-26.7368,-33.9561,PERP_PARK,UNASSIGNED
T_1,T,1,MULTI_PHASE,382,-26.5982,-33.9006,PERP_PARK,UNASSIGNED
T_1,T,1,MULTI_PHASE,383,-26.4580,-33.8490,PERP_PARK,UNASSIGNED
T_1,T,1,MULTI_PHASE,384,-26.3165,-33.8012,PERP_PARK,UNASSIGNED
T_1,T,1,MULTI_PHASE,385,-26.1737,-33.7574,PERP_PARK,UNASSIGNED
T_1,T,1,MULTI_PHASE,386,-26.0299,-33.7173,PERP_PARK,UNASSIGNED
T_1,T,1,MULTI_PHASE,387,-25.8849,-33.6811,PERP_PARK,UNASSIGNED
T_1,T,1,MULTI_PHASE,388,-25.7391,-33.6488,PERP_PARK,UNASSIGNED
T_1,T,1,MULTI_PHASE,389,-25.5926,-33.6202,PERP_PARK,UNASSIGNED
T_1,T,1,MULTI_PHASE,390,-25.4453,-33.5953,PERP_PARK,UNASSIGNED
T_1,T,1,MULTI_PHASE,391,-25.2974,-33.5742,PERP_PARK,UNASSIGNED
T_1,T,1,MULTI_PHASE,392,-25.1491,-33.5567,PERP_PARK,UNASSIGNED
T_1,T,1,MULTI_PHASE,393,-25.0004,-33.5429,PERP_PARK,UNASSIGNED
T_1,T,1,MULTI_PHASE,394,-24.8514,-33.5327,PERP_PARK,UNASSIGNED
T_1,T,1,MULTI_PHASE,395,-24.7022,-33.5259,PERP_PARK,UNASSIGNED
T_1,T,1,MULTI_PHASE,396,-24.5529,-33.5227,PERP_PARK,UNASSIGNED
T_1,T,1,MULTI_PHASE,397,-24.4035,-33.5229,PERP_PARK,UNASSIGNED
T_1,T,1,MULTI_PHASE,398,-24.2542,-33.5265,PERP_PARK,UNASSIGNED
T_1,T,1,MULTI_PHASE,399,-24.1050,-33.5335,PERP_PARK,UNASSIGNED
T_1,T,1,MULTI_PHASE,400,-23.9560,-33.5437,PERP_PARK,UNASSIGNED
T_1,T,1,MULTI_PHASE,401,-23.8073,-33.5572,PERP_PARK,UNASSIGNED
T_1,T,1,MULTI_PHASE,402,-23.6589,-33.5739,PERP_PARK,UNASSIGNED
T_1,T,1,MULTI_PHASE,403,-23.5109,-33.5937,PERP_PARK,UNASSIGNED
T_1,T,1,MULTI_PHASE,404,-23.3633,-33.6167,PERP_PARK,UNASSIGNED
T_1,T,1,MULTI_PHASE,405,-23.2162,-33.6428,PERP_PARK,UNASSIGNED
T_1,T,1,MULTI_PHASE,406,-23.0697,-33.6718,PERP_PARK,UNASSIGNED
T_1,T,1,MULTI_PHASE,407,-22.9238,-33.7039,PERP_PARK,UNASSIGNED
T_1,T,1,MULTI_PHASE,408,-22.7787,-33.7390,PERP_PARK,UNASSIGNED
T_1,T,1,MULTI_PHASE,409,-22.6342,-33.7769,PERP_PARK,UNASSIGNED
T_1,T,1,MULTI_PHASE,410,-22.4906,-33.8178,PERP_PARK,UNASSIGNED
T_1,T,1,MULTI_PHASE,411,-22.3477,-33.8615,PERP_PARK,UNASSIGNED
T_1,T,1,MULTI_PHASE,412,-22.2058,-33.9080,PERP_PARK,UNASSIGNED
T_1,T,1,MULTI_PHASE,413,-22.0648,-33.9573,PERP_PARK,UNASSIGNED
T_1,T,1,MULTI_PHASE,414,-21.9249,-34.0094,PERP_PARK,UNASSIGNED
T_1,T,1,MULTI_PHASE,415,-21.7860,-34.0642,PERP_PARK,UNASSIGNED
T_1,T,1,MULTI_PHASE,416,-21.6481,-34.1218,PERP_PARK,UNASSIGNED
T_1,T,1,MULTI_PHASE,417,-21.5115,-34.1821,PERP_PARK,UNASSIGNED
T_1,T,1,MULTI_PHASE,418,-21.3761,-34.2451,PERP_PARK,UNASSIGNED
T_1,T,1,MULTI_PHASE,419,-21.2419,-34.3107,PERP_PARK,UNASSIGNED
T_1,T,1,MULTI_PHASE,420,-21.1091,-34.3790,PERP_PARK,UNASSIGNED
T_1,T,1,MULTI_PHASE,421,-20.9776,-34.4499,PERP_PARK,UNASSIGNED
T_1,T,1,MULTI_PHASE,422,-20.8476,-34.5234,PERP_PARK,UNASSIGNED
T_1,T,1,MULTI_PHASE,423,-20.7192,-34.5996,PERP_PARK,UNASSIGNED
T_1,T,1,MULTI_PHASE,424,-20.5923,-34.6783,PERP_PARK,UNASSIGNED
T_1,T,1,MULTI_PHASE,425,-20.4670,-34.7597,PERP_PARK,UNASSIGNED
T_1,T,1,MULTI_PHASE,426,-20.3435,-34.8436,PERP_PARK,UNASSIGNED
T_1,T,1,MULTI_PHASE,427,-20.2217,-34.9301,PERP_PARK,UNASSIGNED
T_2,T,2,MULTI_PHASE,0,-35.4935,-28.0650,PERP_PARK,UNASSIGNED
T_2,T,2,MULTI_PHASE,1,-35.3522,-28.1147,PERP_PARK,UNASSIGNED
T_2,T,2,MULTI_PHASE,2,-35.2114,-28.1659,PERP_PARK,UNASSIGNED
T_2,T,2,MULTI_PHASE,3,-35.0712,-28.2185,PERP_PARK,UNASSIGNED
T_2,T,2,MULTI_PHASE,4,-34.9314,-28.2723,PERP_PARK,UNASSIGNED
T_2,T,2,MULTI_PHASE,5,-34.7921,-28.3272,PERP_PARK,UNASSIGNED
T_2,T,2,MULTI_PHASE,6,-34.6531,-28.3829,PERP_PARK,UNASSIGNED
T_2,T,2,MULTI_PHASE,7,-34.5143,-28.4394,PERP_PARK,UNASSIGNED
T_2,T,2,MULTI_PHASE,8,-34.3759,-28.4965,PERP_PARK,UNASSIGNED
T_2,T,2,MULTI_PHASE,9,-34.2375,-28.5540,PERP_PARK,UNASSIGNED
T_2,T,2,MULTI_PHASE,10,-34.0993,-28.6116,PERP_PARK,UNASSIGNED
T_2,T,2,MULTI_PHASE,11,-33.9611,-28.6694,PERP_PARK,UNASSIGNED
T_2,T,2,MULTI_PHASE,12,-33.8228,-28.7270,PERP_PARK,UNASSIGNED
T_2,T,2,MULTI_PHASE,13,-33.6845,-28.7843,PERP_PARK,UNASSIGNED
T_2,T,2,MULTI_PHASE,14,-33.5459,-28.8412,PERP_PARK,UNASSIGNED
T_2,T,2,MULTI_PHASE,15,-33.4071,-28.8974,PERP_PARK,UNASSIGNED
T_2,T,2,MULTI_PHASE,16,-33.2680,-28.9529,PERP_PARK,UNASSIGNED
T_2,T,2,MULTI_PHASE,17,-33.1285,-29.0074,PERP_PARK,UNASSIGNED
T_2,T,2,MULTI_PHASE,18,-32.9887,-29.0612,PERP_PARK,UNASSIGNED
T_2,T,2,MULTI_PHASE,19,-32.8488,-29.1147,PERP_PARK,UNASSIGNED
T_2,T,2,MULTI_PHASE,20,-32.7089,-29.1682,PERP_PARK,UNASSIGNED
T_2,T,2,MULTI_PHASE,21,-32.5691,-29.2221,PERP_PARK,UNASSIGNED
T_2,T,2,MULTI_PHASE,22,-32.4297,-29.2768,PERP_PARK,UNASSIGNED
T_2,T,2,MULTI_PHASE,23,-32.2907,-29.3327,PERP_PARK,UNASSIGNED
T_2,T,2,MULTI_PHASE,24,-32.1524,-29.3900,PERP_PARK,UNASSIGNED
T_2,T,2,MULTI_PHASE,25,-32.0148,-29.4492,PERP_PARK,UNASSIGNED
T_2,T,2,MULTI_PHASE,26,-31.8782,-29.5106,PERP_PARK,UNASSIGNED
T_2,T,2,MULTI_PHASE,27,-31.7427,-29.5745,PERP_PARK,UNASSIGNED
T_2,T,2,MULTI_PHASE,28,-31.6086,-29.6411,PERP_PARK,UNASSIGNED
T_2,T,2,MULTI_PHASE,29,-31.4761,-29.7111,PERP_PARK,UNASSIGNED
T_2,T,2,MULTI_PHASE,30,-31.3459,-29.7850,PERP_PARK,UNASSIGNED
T_2,T,2,MULTI_PHASE,31,-31.2184,-29.8637,PERP_PARK,UNASSIGNED
T_2,T,2,MULTI_PHASE,32,-31.0947,-29.9480,PERP_PARK,UNASSIGNED
T_2,T,2,MULTI_PHASE,33,-30.9754,-30.0386,PERP_PARK,UNASSIGNED
T_2,T,2,MULTI_PHASE,34,-30.8614,-30.1357,PERP_PARK,UNASSIGNED
T_2,T,2,MULTI_PHASE,35,-30.7537,-30.2397,PERP_PARK,UNASSIGNED
T_2,T,2,MULTI_PHASE,36,-30.6533,-30.3508,PERP_PARK,UNASSIGNED
T_2,T,2,MULTI_PHASE,37,-30.5614,-30.4691,PERP_PARK,UNASSIGNED
T_2,T,2,MULTI_PHASE,38,-30.4797,-30.5946,PERP_PARK,UNASSIGNED
T_2,T,2,MULTI_PHASE,39,-30.4097,-30.7269,PERP_PARK,UNASSIGNED
T_2,T,2,MULTI_PHASE,40,-30.3527,-30.8654,PERP_PARK,UNASSIGNED
T_2,T,2,MULTI_PHASE,41,-30.3084,-31.0084,PERP_PARK,UNASSIGNED
T_2,T,2,MULTI_PHASE,42,-30.2751,-31.1544,PERP_PARK,UNASSIGNED
T_2,T,2,MULTI_PHASE,43,-30.2511,-31.3022,PERP_PARK,UNASSIGNED
T_2,T,2,MULTI_PHASE,44,-30.2348,-31.4511,PERP_PARK,UNASSIGNED
T_2,T,2,MULTI_PHASE,45,-30.2246,-31.6005,PERP_PARK,UNASSIGNED
T_2,T,2,MULTI_PHASE,46,-30.2188,-31.7502,PERP_PARK,UNASSIGNED
T_2,T,2,MULTI_PHASE,47,-30.2162,-31.8999,PERP_PARK,UNASSIGNED
T_2,T,2,MULTI_PHASE,48,-30.2154,-32.0497,PERP_PARK,UNASSIGNED
T_2,T,2,MULTI_PHASE,49,-30.2152,-32.1995,PERP_PARK,UNASSIGNED
T_2,T,2,MULTI_PHASE,50,-30.2145,-32.3493,PERP_PARK,UNASSIGNED
T_2,T,2,MULTI_PHASE,51,-30.2118,-32.4990,PERP_PARK,UNASSIGNED
T_2,T,2,MULTI_PHASE,52,-30.2063,-32.6487,PERP_PARK,UNASSIGNED
T_2,T,2,MULTI_PHASE,53,-30.1971,-32.7982,PERP_PARK,UNASSIGNED
T_2,T,2,MULTI_PHASE,54,-30.1835,-32.9473,PERP_PARK,UNASSIGNED
T_2,T,2,MULTI_PHASE,55,-30.1647,-33.0959,PERP_PARK,UNASSIGNED
T_2,T,2,MULTI_PHASE,56,-30.1398,-33.2436,PERP_PARK,UNASSIGNED
T_2,T,2,MULTI_PHASE,57,-30.1081,-33.3900,PERP_PARK,UNASSIGNED
T_2,T,2,MULTI_PHASE,58,-30.0694,-33.5347,PERP_PARK,UNASSIGNED
T_2,T,2,MULTI_PHASE,59,-30.0255,-33.6779,PERP_PARK,UNASSIGNED
T_2,T,2,MULTI_PHASE,60,-29.9788,-33.8202,PERP_PARK,UNASSIGNED
T_2,T,2,MULTI_PHASE,61,-29.9315,-33.9623,PERP_PARK,UNASSIGNED
T_2,T,2,MULTI_PHASE,62,-29.8860,-34.1050,PERP_PARK,UNASSIGNED
T_2,T,2,MULTI_PHASE,63,-29.8448,-34.2490,PERP_PARK,UNASSIGNED
T_2,T,2,MULTI_PHASE,64,-29.8106,-34.3948,PERP_PARK,UNASSIGNED
T_2,T,2,MULTI_PHASE,65,-29.7864,-34.5426,PERP_PARK,UNASSIGNED
T_2,T,2,MULTI_PHASE,66,-29.7752,-34.6919,PERP_PARK,UNASSIGNED
T_2,T,2,MULTI_PHASE,67,-29.7771,-34.8416,PERP_PARK,UNASSIGNED
T_2,T,2,MULTI_PHASE,68,-29.7908,-34.9907,PERP_PARK,UNASSIGNED
T_2,T,2,MULTI_PHASE,69,-29.8146,-35.1385,PERP_PARK,UNASSIGNED
T_2,T,2,MULTI_PHASE,70,-29.8469,-35.2848,PERP_PARK,UNASSIGNED
T_2,T,2,MULTI_PHASE,71,-29.8864,-35.4293,PERP_PARK,UNASSIGNED
T_2,T,2,MULTI_PHASE,72,-29.9316,-35.5720,PERP_PARK,UNASSIGNED
T_2,T,2,MULTI_PHASE,73,-29.9817,-35.7132,PERP_PARK,UNASSIGNED
T_2,T,2,MULTI_PHASE,74,-30.0355,-35.8529,PERP_PARK,UNASSIGNED
T_2,T,2,MULTI_PHASE,75,-30.0924,-35.9915,PERP_PARK,UNASSIGNED
T_2,T,2,MULTI_PHASE,76,-30.1515,-36.1291,PERP_PARK,UNASSIGNED
T_2,T,2,MULTI_PHASE,77,-30.2122,-36.2661,PERP_PARK,UNASSIGNED
T_2,T,2,MULTI_PHASE,78,-30.2737,-36.4026,PERP_PARK,UNASSIGNED
T_2,T,2,MULTI_PHASE,79,-30.3356,-36.5390,PERP_PARK,UNASSIGNED
T_2,T,2,MULTI_PHASE,80,-30.3971,-36.6756,PERP_PARK,UNASSIGNED
T_2,T,2,MULTI_PHASE,81,-30.4581,-36.8124,PERP_PARK,UNASSIGNED
T_2,T,2,MULTI_PHASE,82,-30.5186,-36.9494,PERP_PARK,UNASSIGNED
T_2,T,2,MULTI_PHASE,83,-30.5786,-37.0866,PERP_PARK,UNASSIGNED
T_2,T,2,MULTI_PHASE,84,-30.6382,-37.2240,PERP_PARK,UNASSIGNED
T_2,T,2,MULTI_PHASE,85,-30.6974,-37.3616,PERP_PARK,UNASSIGNED
T_2,T,2,MULTI_PHASE,86,-30.7561,-37.4994,PERP_PARK,UNASSIGNED
T_2,T,2,MULTI_PHASE,87,-30.8145,-37.6374,PERP_PARK,UNASSIGNED
T_2,T,2,MULTI_PHASE,88,-30.8724,-37.7755,PERP_PARK,UNASSIGNED
T_2,T,2,MULTI_PHASE,89,-30.9300,-37.9138,PERP_PARK,UNASSIGNED
T_2,T,2,MULTI_PHASE,90,-30.9872,-38.0522,PERP_PARK,UNASSIGNED
T_2,T,2,MULTI_PHASE,91,-31.0440,-38.1908,PERP_PARK,UNASSIGNED
T_2,T,2,MULTI_PHASE,92,-31.1006,-38.3294,PERP_PARK,UNASSIGNED
T_2,T,2,MULTI_PHASE,93,-31.1568,-38.4683,PERP_PARK,UNASSIGNED
T_2,T,2,MULTI_PHASE,94,-31.2128,-38.6072,PERP_PARK,UNASSIGNED
T_2,T,2,MULTI_PHASE,95,-31.2685,-38.7462,PERP_PARK,UNASSIGNED
T_2,T,2,MULTI_PHASE,96,-31.3240,-38.8853,PERP_PARK,UNASSIGNED
T_2,T,2,MULTI_PHASE,97,-31.3793,-39.0246,PERP_PARK,UNASSIGNED
T_2,T,2,MULTI_PHASE,98,-31.4343,-39.1638,PERP_PARK,UNASSIGNED
T_2,T,2,MULTI_PHASE,99,-31.4892,-39.3032,PERP_PARK,UNASSIGNED
T_2,T,2,MULTI_PHASE,100,-31.5439,-39.4426,PERP_PARK,UNASSIGNED
T_2,T,2,MULTI_PHASE,101,-31.5985,-39.5821,PERP_PARK,UNASSIGNED
T_2,T,2,MULTI_PHASE,102,-31.6530,-39.7216,PERP_PARK,UNASSIGNED
T_2,T,2,MULTI_PHASE,103,-31.7073,-39.8612,PERP_PARK,UNASSIGNED
T_2,T,2,MULTI_PHASE,104,-31.7615,-40.0008,PERP_PARK,UNASSIGNED
T_2,T,2,MULTI_PHASE,105,-31.8157,-40.1405,PERP_PARK,UNASSIGNED
T_2,T,2,MULTI_PHASE,106,-31.8697,-40.2802,PERP_PARK,UNASSIGNED
T_2,T,2,MULTI_PHASE,107,-31.9236,-40.4199,PERP_PARK,UNASSIGNED
T_2,T,2,MULTI_PHASE,108,-31.9774,-40.5597,PERP_PARK,UNASSIGNED
T_2,T,2,MULTI_PHASE,109,-32.0312,-40.6995,PERP_PARK,UNASSIGNED
T_2,T,2,MULTI_PHASE,110,-32.0848,-40.8393,PERP_PARK,UNASSIGNED
T_2,T,2,MULTI_PHASE,111,-32.1384,-40.9792,PERP_PARK,UNASSIGNED
T_2,T,2,MULTI_PHASE,112,-32.1920,-41.1191,PERP_PARK,UNASSIGNED
T_2,T,2,MULTI_PHASE,113,-32.2454,-41.2590,PERP_PARK,UNASSIGNED
T_2,T,2,MULTI_PHASE,114,-32.2988,-41.3989,PERP_PARK,UNASSIGNED
T_2,T,2,MULTI_PHASE,115,-32.3522,-41.5389,PERP_PARK,UNASSIGNED
T_2,T,2,MULTI_PHASE,116,-32.4055,-41.6788,PERP_PARK,UNASSIGNED
T_2,T,2,MULTI_PHASE,117,-32.4588,-41.8188,PERP_PARK,UNASSIGNED
T_2,T,2,MULTI_PHASE,118,-32.5121,-41.9588,PERP_PARK,UNASSIGNED
T_2,T,2,MULTI_PHASE,119,-32.5653,-42.0988,PERP_PARK,UNASSIGNED
T_2,T,2,MULTI_PHASE,120,-32.6186,-42.2388,PERP_PARK,UNASSIGNED
T_2,T,2,MULTI_PHASE,121,-32.6718,-42.3788,PERP_PARK,UNASSIGNED
T_2,T,2,MULTI_PHASE,122,-32.7250,-42.5188,PERP_PARK,UNASSIGNED
T_2,T,2,MULTI_PHASE,123,-32.7782,-42.6589,PERP_PARK,UNASSIGNED
T_2,T,2,MULTI_PHASE,124,-32.8314,-42.7989,PERP_PARK,UNASSIGNED
T_2,T,2,MULTI_PHASE,125,-32.8846,-42.9389,PERP_PARK,UNASSIGNED
T_2,T,2,MULTI_PHASE,126,-32.9378,-43.0789,PERP_PARK,UNASSIGNED
T_2,T,2,MULTI_PHASE,127,-32.9911,-43.2189,PERP_PARK,UNASSIGNED
T_2,T,2,MULTI_PHASE,128,-33.0444,-43.3588,PERP_PARK,UNASSIGNED
T_2,T,2,MULTI_PHASE,129,-33.0977,-43.4988,PERP_PARK,UNASSIGNED
T_2,T,2,MULTI_PHASE,130,-33.1511,-43.6388,PERP_PARK,UNASSIGNED
T_2,T,2,MULTI_PHASE,131,-33.2045,-43.7787,PERP_PARK,UNASSIGNED
T_2,T,2,MULTI_PHASE,132,-33.2580,-43.9186,PERP_PARK,UNASSIGNED
T_2,T,2,MULTI_PHASE,133,-33.3115,-44.0585,PERP_PARK,UNASSIGNED
T_2,T,2,MULTI_PHASE,134,-33.3651,-44.1983,PERP_PARK,UNASSIGNED
T_2,T,2,MULTI_PHASE,135,-33.4187,-44.3382,PERP_PARK,UNASSIGNED
T_2,T,2,MULTI_PHASE,136,-33.4725,-44.4780,PERP_PARK,UNASSIGNED
T_2,T,2,MULTI_PHASE,137,-33.5263,-44.6178,PERP_PARK,UNASSIGNED
T_2,T,2,MULTI_PHASE,138,-33.5802,-44.7575,PERP_PARK,UNASSIGNED
T_2,T,2,MULTI_PHASE,139,-33.6342,-44.8972,PERP_PARK,UNASSIGNED
T_2,T,2,MULTI_PHASE,140,-33.6883,-45.0369,PERP_PARK,UNASSIGNED
T_2,T,2,MULTI_PHASE,141,-33.7425,-45.1765,PERP_PARK,UNASSIGNED
T_2,T,2,MULTI_PHASE,142,-33.7968,-45.3161,PERP_PARK,UNASSIGNED
T_2,T,2,MULTI_PHASE,143,-33.8513,-45.4556,PERP_PARK,UNASSIGNED
T_2,T,2,MULTI_PHASE,144,-33.9058,-45.5951,PERP_PARK,UNASSIGNED
T_2,T,2,MULTI_PHASE,145,-33.9605,-45.7345,PERP_PARK,UNASSIGNED
T_2,T,2,MULTI_PHASE,146,-34.0154,-45.8739,PERP_PARK,UNASSIGNED
T_2,T,2,MULTI_PHASE,147,-34.0703,-46.0133,PERP_PARK,UNASSIGNED
T_2,T,2,MULTI_PHASE,148,-34.1254,-46.1525,PERP_PARK,UNASSIGNED
T_2,T,2,MULTI_PHASE,149,-34.1807,-46.2917,PERP_PARK,UNASSIGNED
T_2,T,2,MULTI_PHASE,150,-34.2361,-46.4309,PERP_PARK,UNASSIGNED
T_2,T,2,MULTI_PHASE,151,-34.2917,-46.5700,PERP_PARK,UNASSIGNED
T_2,T,2,MULTI_PHASE,152,-34.3475,-46.7090,PERP_PARK,UNASSIGNED
T_2,T,2,MULTI_PHASE,153,-34.4034,-46.8479,PERP_PARK,UNASSIGNED
T_2,T,2,MULTI_PHASE,154,-34.4595,-46.9868,PERP_PARK,UNASSIGNED
T_2,T,2,MULTI_PHASE,155,-34.5158,-47.1256,PERP_PARK,UNASSIGNED
T_2,T,2,MULTI_PHASE,156,-34.5723,-47.2643,PERP_PARK,UNASSIGNED
T_2,T,2,MULTI_PHASE,157,-34.6290,-47.4029,PERP_PARK,UNASSIGNED
T_2,T,2,MULTI_PHASE,158,-34.6859,-47.5415,PERP_PARK,UNASSIGNED
T_2,T,2,MULTI_PHASE,159,-34.7430,-47.6799,PERP_PARK,UNASSIGNED
T_2,T,2,MULTI_PHASE,160,-34.8004,-47.8183,PERP_PARK,UNASSIGNED
T_2,T,2,MULTI_PHASE,161,-34.8579,-47.9566,PERP_PARK,UNASSIGNED
T_2,T,2,MULTI_PHASE,162,-34.9157,-48.0948,PERP_PARK,UNASSIGNED
T_2,T,2,MULTI_PHASE,163,-34.9737,-48.2329,PERP_PARK,UNASSIGNED
T_2,T,2,MULTI_PHASE,164,-35.0320,-48.3709,PERP_PARK,UNASSIGNED
T_2,T,2,MULTI_PHASE,165,-35.0905,-48.5087,PERP_PARK,UNASSIGNED
T_2,T,2,MULTI_PHASE,166,-35.1492,-48.6465,PERP_PARK,UNASSIGNED
T_2,T,2,MULTI_PHASE,167,-35.2082,-48.7842,PERP_PARK,UNASSIGNED
T_2,T,2,MULTI_PHASE,168,-35.2675,-48.9217,PERP_PARK,UNASSIGNED
T_2,T,2,MULTI_PHASE,169,-35.3270,-49.0592,PERP_PARK,UNASSIGNED
T_2,T,2,MULTI_PHASE,170,-35.3868,-49.1965,PERP_PARK,UNASSIGNED
T_2,T,2,MULTI_PHASE,171,-35.4469,-49.3337,PERP_PARK,UNASSIGNED
T_2,T,2,MULTI_PHASE,172,-35.5073,-49.4708,PERP_PARK,UNASSIGNED
T_2,T,2,MULTI_PHASE,173,-35.5680,-49.6077,PERP_PARK,UNASSIGNED
T_2,T,2,MULTI_PHASE,174,-35.6289,-49.7445,PERP_PARK,UNASSIGNED
T_2,T,2,MULTI_PHASE,175,-35.6902,-49.8812,PERP_PARK,UNASSIGNED
T_2,T,2,MULTI_PHASE,176,-35.7518,-50.0177,PERP_PARK,UNASSIGNED
T_2,T,2,MULTI_PHASE,177,-35.8137,-50.1541,PERP_PARK,UNASSIGNED
T_2,T,2,MULTI_PHASE,178,-35.8759,-50.2904,PERP_PARK,UNASSIGNED
T_2,T,2,MULTI_PHASE,179,-35.9384,-50.4265,PERP_PARK,UNASSIGNED
T_2,T,2,MULTI_PHASE,180,-36.0012,-50.5624,PERP_PARK,UNASSIGNED
T_2,T,2,MULTI_PHASE,181,-36.0644,-50.6982,PERP_PARK,UNASSIGNED
T_2,T,2,MULTI_PHASE,182,-36.1280,-50.8339,PERP_PARK,UNASSIGNED
T_2,T,2,MULTI_PHASE,183,-36.1918,-50.9694,PERP_PARK,UNASSIGNED
T_2,T,2,MULTI_PHASE,184,-36.2561,-51.1047,PERP_PARK,UNASSIGNED
T_2,T,2,MULTI_PHASE,185,-36.3207,-51.2398,PERP_PARK,UNASSIGNED
T_2,T,2,MULTI_PHASE,186,-36.3856,-51.3748,PERP_PARK,UNASSIGNED
T_2,T,2,MULTI_PHASE,187,-36.4509,-51.5095,PERP_PARK,UNASSIGNED
T_2,T,2,MULTI_PHASE,188,-36.5166,-51.6441,PERP_PARK,UNASSIGNED
T_2,T,2,MULTI_PHASE,189,-36.5827,-51.7786,PERP_PARK,UNASSIGNED
T_2,T,2,MULTI_PHASE,190,-36.6492,-51.9128,PERP_PARK,UNASSIGNED
T_2,T,2,MULTI_PHASE,191,-36.7160,-52.0468,PERP_PARK,UNASSIGNED
T_2,T,2,MULTI_PHASE,192,-36.7833,-52.1807,PERP_PARK,UNASSIGNED
T_2,T,2,MULTI_PHASE,193,-36.8509,-52.3143,PERP_PARK,UNASSIGNED
T_2,T,2,MULTI_PHASE,194,-36.9189,-52.4477,PERP_PARK,UNASSIGNED
T_2,T,2,MULTI_PHASE,195,-36.8394,-52.3213,PERP_PARK,UNASSIGNED
T_2,T,2,MULTI_PHASE,196,-36.7590,-52.1954,PERP_PARK,UNASSIGNED
T_2,T,2,MULTI_PHASE,197,-36.6775,-52.0701,PERP_PARK,UNASSIGNED
T_2,T,2,MULTI_PHASE,198,-36.5952,-51.9455,PERP_PARK,UNASSIGNED
T_2,T,2,MULTI_PHASE,199,-36.5120,-51.8214,PERP_PARK,UNASSIGNED
T_2,T,2,MULTI_PHASE,200,-36.4280,-51.6979,PERP_PARK,UNASSIGNED
T_2,T,2,MULTI_PHASE,201,-36.3432,-51.5749,PERP_PARK,UNASSIGNED
T_2,T,2,MULTI_PHASE,202,-36.2576,-51.4524,PERP_PARK,UNASSIGNED
T_2,T,2,MULTI_PHASE,203,-36.1713,-51.3305,PERP_PARK,UNASSIGNED
T_2,T,2,MULTI_PHASE,204,-36.0843,-51.2090,PERP_PARK,UNASSIGNED
T_2,T,2,MULTI_PHASE,205,-35.9967,-51.0881,PERP_PARK,UNASSIGNED
T_2,T,2,MULTI_PHASE,206,-35.9084,-50.9675,PERP_PARK,UNASSIGNED
T_2,T,2,MULTI_PHASE,207,-35.8196,-50.8474,PERP_PARK,UNASSIGNED
T_2,T,2,MULTI_PHASE,208,-35.7303,-50.7277,PERP_PARK,UNASSIGNED
T_2,T,2,MULTI_PHASE,209,-35.6404,-50.6083,PERP_PARK,UNASSIGNED
T_2,T,2,MULTI_PHASE,210,-35.5501,-50.4894,PERP_PARK,UNASSIGNED
T_2,T,2,MULTI_PHASE,211,-35.4593,-50.3707,PERP_PARK,UNASSIGNED
T_2,T,2,MULTI_PHASE,212,-35.3681,-50.2524,PERP_PARK,UNASSIGNED
T_2,T,2,MULTI_PHASE,213,-35.2766,-50.1343,PERP_PARK,UNASSIGNED
T_2,T,2,MULTI_PHASE,214,-35.1847,-50.0165,PERP_PARK,UNASSIGNED
T_2,T,2,MULTI_PHASE,215,-35.0926,-49.8989,PERP_PARK,UNASSIGNED
T_2,T,2,MULTI_PHASE,216,-35.0002,-49.7815,PERP_PARK,UNASSIGNED
T_2,T,2,MULTI_PHASE,217,-34.9075,-49.6643,PERP_PARK,UNASSIGNED
T_2,T,2,MULTI_PHASE,218,-34.8147,-49.5473,PERP_PARK,UNASSIGNED
T_2,T,2,MULTI_PHASE,219,-34.7217,-49.4303,PERP_PARK,UNASSIGNED
T_2,T,2,MULTI_PHASE,220,-34.6287,-49.3135,PERP_PARK,UNASSIGNED
T_2,T,2,MULTI_PHASE,221,-34.5356,-49.1966,PERP_PARK,UNASSIGNED
T_2,T,2,MULTI_PHASE,222,-34.4424,-49.0798,PERP_PARK,UNASSIGNED
T_2,T,2,MULTI_PHASE,223,-34.3494,-48.9629,PERP_PARK,UNASSIGNED
T_2,T,2,MULTI_PHASE,224,-34.2564,-48.8460,PERP_PARK,UNASSIGNED
T_2,T,2,MULTI_PHASE,225,-34.1636,-48.7289,PERP_PARK,UNASSIGNED
T_2,T,2,MULTI_PHASE,226,-34.0710,-48.6117,PERP_PARK,UNASSIGNED
T_2,T,2,MULTI_PHASE,227,-33.9787,-48.4942,PERP_PARK,UNASSIGNED
T_2,T,2,MULTI_PHASE,228,-33.8867,-48.3766,PERP_PARK,UNASSIGNED
T_2,T,2,MULTI_PHASE,229,-33.7952,-48.2585,PERP_PARK,UNASSIGNED
T_2,T,2,MULTI_PHASE,230,-33.7054,-48.1390,PERP_PARK,UNASSIGNED
T_2,T,2,MULTI_PHASE,231,-33.6194,-48.0169,PERP_PARK,UNASSIGNED
T_2,T,2,MULTI_PHASE,232,-33.5392,-47.8909,PERP_PARK,UNASSIGNED
T_2,T,2,MULTI_PHASE,233,-33.4668,-47.7603,PERP_PARK,UNASSIGNED
T_2,T,2,MULTI_PHASE,234,-33.4023,-47.6255,PERP_PARK,UNASSIGNED
T_2,T,2,MULTI_PHASE,235,-33.3438,-47.4881,PERP_PARK,UNASSIGNED
T_2,T,2,MULTI_PHASE,236,-33.2894,-47.3489,PERP_PARK,UNASSIGNED
T_2,T,2,MULTI_PHASE,237,-33.2371,-47.2090,PERP_PARK,UNASSIGNED
T_2,T,2,MULTI_PHASE,238,-33.1849,-47.0691,PERP_PARK,UNASSIGNED
T_2,T,2,MULTI_PHASE,239,-33.1308,-46.9298,PERP_PARK,UNASSIGNED
T_2,T,2,MULTI_PHASE,240,-33.0730,-46.7920,PERP_PARK,UNASSIGNED
T_2,T,2,MULTI_PHASE,241,-33.0094,-46.6569,PERP_PARK,UNASSIGNED
T_2,T,2,MULTI_PHASE,242,-32.9379,-46.5257,PERP_PARK,UNASSIGNED
T_2,T,2,MULTI_PHASE,243,-32.8568,-46.4003,PERP_PARK,UNASSIGNED
T_2,T,2,MULTI_PHASE,244,-32.7648,-46.2827,PERP_PARK,UNASSIGNED
T_2,T,2,MULTI_PHASE,245,-32.6620,-46.1744,PERP_PARK,UNASSIGNED
T_2,T,2,MULTI_PHASE,246,-32.5499,-46.0757,PERP_PARK,UNASSIGNED
T_2,T,2,MULTI_PHASE,247,-32.4299,-45.9867,PERP_PARK,UNASSIGNED
T_2,T,2,MULTI_PHASE,248,-32.3032,-45.9077,PERP_PARK,UNASSIGNED
T_2,T,2,MULTI_PHASE,249,-32.1707,-45.8388,PERP_PARK,UNASSIGNED
T_2,T,2,MULTI_PHASE,250,-32.0333,-45.7802,PERP_PARK,UNASSIGNED
T_2,T,2,MULTI_PHASE,251,-31.8919,-45.7323,PERP_PARK,UNASSIGNED
T_2,T,2,MULTI_PHASE,252,-31.7471,-45.6954,PERP_PARK,UNASSIGNED
T_2,T,2,MULTI_PHASE,253,-31.5999,-45.6702,PERP_PARK,UNASSIGNED
T_2,T,2,MULTI_PHASE,254,-31.4511,-45.6573,PERP_PARK,UNASSIGNED
T_2,T,2,MULTI_PHASE,255,-31.3018,-45.6574,PERP_PARK,UNASSIGNED
T_2,T,2,MULTI_PHASE,256,-31.1531,-45.6715,PERP_PARK,UNASSIGNED
T_2,T,2,MULTI_PHASE,257,-31.0061,-45.6977,PERP_PARK,UNASSIGNED
T_2,T,2,MULTI_PHASE,258,-30.8605,-45.7314,PERP_PARK,UNASSIGNED
T_2,T,2,MULTI_PHASE,259,-30.7157,-45.7681,PERP_PARK,UNASSIGNED
T_2,T,2,MULTI_PHASE,260,-30.5705,-45.8032,PERP_PARK,UNASSIGNED
T_2,T,2,MULTI_PHASE,261,-30.4240,-45.8324,PERP_PARK,UNASSIGNED
T_2,T,2,MULTI_PHASE,262,-30.2761,-45.8530,PERP_PARK,UNASSIGNED
T_2,T,2,MULTI_PHASE,263,-30.1274,-45.8677,PERP_PARK,UNASSIGNED
T_2,T,2,MULTI_PHASE,264,-29.9786,-45.8805,PERP_PARK,UNASSIGNED
T_2,T,2,MULTI_PHASE,265,-29.8299,-45.8952,PERP_PARK,UNASSIGNED
T_2,T,2,MULTI_PHASE,266,-29.6819,-45.9150,PERP_PARK,UNASSIGNED
T_2,T,2,MULTI_PHASE,267,-29.5347,-45.9405,PERP_PARK,UNASSIGNED
T_2,T,2,MULTI_PHASE,268,-29.3885,-45.9713,PERP_PARK,UNASSIGNED
T_2,T,2,MULTI_PHASE,269,-29.2435,-46.0071,PERP_PARK,UNASSIGNED
T_2,T,2,MULTI_PHASE,270,-29.0997,-46.0476,PERP_PARK,UNASSIGNED
T_2,T,2,MULTI_PHASE,271,-28.9572,-46.0924,PERP_PARK,UNASSIGNED
T_2,T,2,MULTI_PHASE,272,-28.8159,-46.1411,PERP_PARK,UNASSIGNED
T_2,T,2,MULTI_PHASE,273,-28.6760,-46.1934,PERP_PARK,UNASSIGNED
T_2,T,2,MULTI_PHASE,274,-28.5373,-46.2489,PERP_PARK,UNASSIGNED
T_2,T,2,MULTI_PHASE,275,-28.3997,-46.3071,PERP_PARK,UNASSIGNED
T_2,T,2,MULTI_PHASE,276,-28.2627,-46.3667,PERP_PARK,UNASSIGNED
T_2,T,2,MULTI_PHASE,277,-28.1254,-46.4255,PERP_PARK,UNASSIGNED
T_2,T,2,MULTI_PHASE,278,-27.9870,-46.4817,PERP_PARK,UNASSIGNED
T_2,T,2,MULTI_PHASE,279,-27.8467,-46.5331,PERP_PARK,UNASSIGNED
T_2,T,2,MULTI_PHASE,280,-27.7041,-46.5775,PERP_PARK,UNASSIGNED
T_2,T,2,MULTI_PHASE,281,-27.5590,-46.6126,PERP_PARK,UNASSIGNED
T_2,T,2,MULTI_PHASE,282,-27.4115,-46.6363,PERP_PARK,UNASSIGNED
T_2,T,2,MULTI_PHASE,283,-27.2625,-46.6465,PERP_PARK,UNASSIGNED
T_2,T,2,MULTI_PHASE,284,-27.4082,-46.6133,PERP_PARK,UNASSIGNED
T_2,T,2,MULTI_PHASE,285,-27.5507,-46.5685,PERP_PARK,UNASSIGNED
T_2,T,2,MULTI_PHASE,286,-27.6901,-46.5148,PERP_PARK,UNASSIGNED
T_2,T,2,MULTI_PHASE,287,-27.8271,-46.4550,PERP_PARK,UNASSIGNED
T_2,T,2,MULTI_PHASE,288,-27.9626,-46.3919,PERP_PARK,UNASSIGNED
T_2,T,2,MULTI_PHASE,289,-28.0977,-46.3280,PERP_PARK,UNASSIGNED
T_2,T,2,MULTI_PHASE,290,-28.2336,-46.2659,PERP_PARK,UNASSIGNED
T_2,T,2,MULTI_PHASE,291,-28.3712,-46.2077,PERP_PARK,UNASSIGNED
T_2,T,2,MULTI_PHASE,292,-28.5104,-46.1532,PERP_PARK,UNASSIGNED
T_2,T,2,MULTI_PHASE,293,-28.6506,-46.1015,PERP_PARK,UNASSIGNED
T_2,T,2,MULTI_PHASE,294,-28.7915,-46.0516,PERP_PARK,UNASSIGNED
T_2,T,2,MULTI_PHASE,295,-28.9326,-46.0025,PERP_PARK,UNASSIGNED
T_2,T,2,MULTI_PHASE,296,-29.0738,-45.9535,PERP_PARK,UNASSIGNED
T_2,T,2,MULTI_PHASE,297,-29.2146,-45.9034,PERP_PARK,UNASSIGNED
T_2,T,2,MULTI_PHASE,298,-29.3547,-45.8514,PERP_PARK,UNASSIGNED
T_2,T,2,MULTI_PHASE,299,-29.4937,-45.7965,PERP_PARK,UNASSIGNED
T_2,T,2,MULTI_PHASE,300,-29.6312,-45.7380,PERP_PARK,UNASSIGNED
T_2,T,2,MULTI_PHASE,301,-29.7666,-45.6748,PERP_PARK,UNASSIGNED
T_2,T,2,MULTI_PHASE,302,-29.8993,-45.6061,PERP_PARK,UNASSIGNED
T_2,T,2,MULTI_PHASE,303,-30.0287,-45.5312,PERP_PARK,UNASSIGNED
T_2,T,2,MULTI_PHASE,304,-30.1542,-45.4502,PERP_PARK,UNASSIGNED
T_2,T,2,MULTI_PHASE,305,-30.2758,-45.3634,PERP_PARK,UNASSIGNED
T_2,T,2,MULTI_PHASE,306,-30.3933,-45.2710,PERP_PARK,UNASSIGNED
T_2,T,2,MULTI_PHASE,307,-30.5065,-45.1734,PERP_PARK,UNASSIGNED
T_2,T,2,MULTI_PHASE,308,-30.6152,-45.0709,PERP_PARK,UNASSIGNED
T_2,T,2,MULTI_PHASE,309,-30.7193,-44.9637,PERP_PARK,UNASSIGNED
T_2,T,2,MULTI_PHASE,310,-30.8186,-44.8520,PERP_PARK,UNASSIGNED
T_2,T,2,MULTI_PHASE,311,-30.9130,-44.7361,PERP_PARK,UNASSIGNED
T_2,T,2,MULTI_PHASE,312,-31.0022,-44.6163,PERP_PARK,UNASSIGNED
T_2,T,2,MULTI_PHASE,313,-31.0861,-44.4926,PERP_PARK,UNASSIGNED
T_2,T,2,MULTI_PHASE,314,-31.1644,-44.3654,PERP_PARK,UNASSIGNED
T_2,T,2,MULTI_PHASE,315,-31.2370,-44.2347,PERP_PARK,UNASSIGNED
T_2,T,2,MULTI_PHASE,316,-31.3034,-44.1009,PERP_PARK,UNASSIGNED
T_2,T,2,MULTI_PHASE,317,-31.3635,-43.9641,PERP_PARK,UNASSIGNED
T_2,T,2,MULTI_PHASE,318,-31.4169,-43.8245,PERP_PARK,UNASSIGNED
T_2,T,2,MULTI_PHASE,319,-31.4632,-43.6824,PERP_PARK,UNASSIGNED
T_2,T,2,MULTI_PHASE,320,-31.5022,-43.5382,PERP_PARK,UNASSIGNED
T_2,T,2,MULTI_PHASE,321,-31.5333,-43.3920,PERP_PARK,UNASSIGNED
T_2,T,2,MULTI_PHASE,322,-31.5564,-43.2444,PERP_PARK,UNASSIGNED
T_2,T,2,MULTI_PHASE,323,-31.5717,-43.0957,PERP_PARK,UNASSIGNED
T_2,T,2,MULTI_PHASE,324,-31.5795,-42.9465,PERP_PARK,UNASSIGNED
T_2,T,2,MULTI_PHASE,325,-31.5802,-42.7971,PERP_PARK,UNASSIGNED
T_2,T,2,MULTI_PHASE,326,-31.5742,-42.6478,PERP_PARK,UNASSIGNED
T_2,T,2,MULTI_PHASE,327,-31.5620,-42.4988,PERP_PARK,UNASSIGNED
T_2,T,2,MULTI_PHASE,328,-31.5439,-42.3505,PERP_PARK,UNASSIGNED
T_2,T,2,MULTI_PHASE,329,-31.5205,-42.2029,PERP_PARK,UNASSIGNED
T_2,T,2,MULTI_PHASE,330,-31.4923,-42.0562,PERP_PARK,UNASSIGNED
T_2,T,2,MULTI_PHASE,331,-31.4595,-41.9103,PERP_PARK,UNASSIGNED
T_2,T,2,MULTI_PHASE,332,-31.4227,-41.7655,PERP_PARK,UNASSIGNED
T_2,T,2,MULTI_PHASE,333,-31.3822,-41.6217,PERP_PARK,UNASSIGNED
T_2,T,2,MULTI_PHASE,334,-31.3384,-41.4788,PERP_PARK,UNASSIGNED
T_2,T,2,MULTI_PHASE,335,-31.2916,-41.3369,PERP_PARK,UNASSIGNED
T_2,T,2,MULTI_PHASE,336,-31.2421,-41.1958,PERP_PARK,UNASSIGNED
T_2,T,2,MULTI_PHASE,337,-31.1902,-41.0557,PERP_PARK,UNASSIGNED
T_2,T,2,MULTI_PHASE,338,-31.1362,-40.9163,PERP_PARK,UNASSIGNED
T_2,T,2,MULTI_PHASE,339,-31.0804,-40.7777,PERP_PARK,UNASSIGNED
T_2,T,2,MULTI_PHASE,340,-31.0229,-40.6398,PERP_PARK,UNASSIGNED
T_2,T,2,MULTI_PHASE,341,-30.9640,-40.5024,PERP_PARK,UNASSIGNED
T_2,T,2,MULTI_PHASE,342,-30.9039,-40.3656,PERP_PARK,UNASSIGNED
T_2,T,2,MULTI_PHASE,343,-30.8429,-40.2292,PERP_PARK,UNASSIGNED
T_2,T,2,MULTI_PHASE,344,-30.7812,-40.0931,PERP_PARK,UNASSIGNED
T_2,T,2,MULTI_PHASE,345,-30.7189,-39.9572,PERP_PARK,UNASSIGNED
T_2,T,2,MULTI_PHASE,346,-30.6564,-39.8215,PERP_PARK,UNASSIGNED
T_2,T,2,MULTI_PHASE,347,-30.5937,-39.6858,PERP_PARK,UNASSIGNED
T_2,T,2,MULTI_PHASE,348,-30.5311,-39.5501,PERP_PARK,UNASSIGNED
T_2,T,2,MULTI_PHASE,349,-30.4687,-39.4143,PERP_PARK,UNASSIGNED
T_2,T,2,MULTI_PHASE,350,-30.4064,-39.2785,PERP_PARK,UNASSIGNED
T_2,T,2,MULTI_PHASE,351,-30.3443,-39.1425,PERP_PARK,UNASSIGNED
T_2,T,2,MULTI_PHASE,352,-30.2825,-39.0065,PERP_PARK,UNASSIGNED
T_2,T,2,MULTI_PHASE,353,-30.2209,-38.8703,PERP_PARK,UNASSIGNED
T_2,T,2,MULTI_PHASE,354,-30.1595,-38.7341,PERP_PARK,UNASSIGNED
T_2,T,2,MULTI_PHASE,355,-30.0985,-38.5976,PERP_PARK,UNASSIGNED
T_2,T,2,MULTI_PHASE,356,-30.0378,-38.4611,PERP_PARK,UNASSIGNED
T_2,T,2,MULTI_PHASE,357,-29.9774,-38.3244,PERP_PARK,UNASSIGNED
T_2,T,2,MULTI_PHASE,358,-29.9174,-38.1875,PERP_PARK,UNASSIGNED
T_2,T,2,MULTI_PHASE,359,-29.8578,-38.0505,PERP_PARK,UNASSIGNED
T_2,T,2,MULTI_PHASE,360,-29.7986,-37.9132,PERP_PARK,UNASSIGNED
T_2,T,2,MULTI_PHASE,361,-29.7398,-37.7758,PERP_PARK,UNASSIGNED
T_2,T,2,MULTI_PHASE,362,-29.6815,-37.6383,PERP_PARK,UNASSIGNED
T_2,T,2,MULTI_PHASE,363,-29.6236,-37.5005,PERP_PARK,UNASSIGNED
T_2,T,2,MULTI_PHASE,364,-29.5661,-37.3625,PERP_PARK,UNASSIGNED
T_2,T,2,MULTI_PHASE,365,-29.5092,-37.2243,PERP_PARK,UNASSIGNED
T_2,T,2,MULTI_PHASE,366,-29.4528,-37.0859,PERP_PARK,UNASSIGNED
T_2,T,2,MULTI_PHASE,367,-29.3972,-36.9472,PERP_PARK,UNASSIGNED
T_2,T,2,MULTI_PHASE,368,-29.3425,-36.8081,PERP_PARK,UNASSIGNED
T_2,T,2,MULTI_PHASE,369,-29.2889,-36.6687,PERP_PARK,UNASSIGNED
T_2,T,2,MULTI_PHASE,370,-29.2365,-36.5287,PERP_PARK,UNASSIGNED
T_2,T,2,MULTI_PHASE,371,-29.1856,-36.3882,PERP_PARK,UNASSIGNED
T_2,T,2,MULTI_PHASE,372,-29.1361,-36.2472,PERP_PARK,UNASSIGNED
T_2,T,2,MULTI_PHASE,373,-29.0865,-36.1062,PERP_PARK,UNASSIGNED
T_2,T,2,MULTI_PHASE,374,-29.0351,-35.9659,PERP_PARK,UNASSIGNED
T_2,T,2,MULTI_PHASE,375,-28.9800,-35.8270,PERP_PARK,UNASSIGNED
T_2,T,2,MULTI_PHASE,376,-28.9191,-35.6905,PERP_PARK,UNASSIGNED
T_2,T,2,MULTI_PHASE,377,-28.8508,-35.5576,PERP_PARK,UNASSIGNED
T_2,T,2,MULTI_PHASE,378,-28.7735,-35.4298,PERP_PARK,UNASSIGNED
T_2,T,2,MULTI_PHASE,379,-28.6875,-35.3076,PERP_PARK,UNASSIGNED
T_2,T,2,MULTI_PHASE,380,-28.5939,-35.1910,PERP_PARK,UNASSIGNED
T_2,T,2,MULTI_PHASE,381,-28.4938,-35.0801,PERP_PARK,UNASSIGNED
T_2,T,2,MULTI_PHASE,382,-28.3881,-34.9745,PERP_PARK,UNASSIGNED
T_2,T,2,MULTI_PHASE,383,-28.2776,-34.8740,PERP_PARK,UNASSIGNED
T_2,T,2,MULTI_PHASE,384,-28.1629,-34.7782,PERP_PARK,UNASSIGNED
T_2,T,2,MULTI_PHASE,385,-28.0447,-34.6867,PERP_PARK,UNASSIGNED
T_2,T,2,MULTI_PHASE,386,-27.9234,-34.5994,PERP_PARK,UNASSIGNED
T_2,T,2,MULTI_PHASE,387,-27.7995,-34.5158,PERP_PARK,UNASSIGNED
T_2,T,2,MULTI_PHASE,388,-27.6735,-34.4356,PERP_PARK,UNASSIGNED
T_2,T,2,MULTI_PHASE,389,-27.5454,-34.3585,PERP_PARK,UNASSIGNED
T_2,T,2,MULTI_PHASE,390,-27.4155,-34.2847,PERP_PARK,UNASSIGNED
T_2,T,2,MULTI_PHASE,391,-27.2838,-34.2140,PERP_PARK,UNASSIGNED
T_2,T,2,MULTI_PHASE,392,-27.1504,-34.1466,PERP_PARK,UNASSIGNED
T_2,T,2,MULTI_PHASE,393,-27.0154,-34.0826,PERP_PARK,UNASSIGNED
T_2,T,2,MULTI_PHASE,394,-26.8789,-34.0218,PERP_PARK,UNASSIGNED
T_2,T,2,MULTI_PHASE,395,-26.7409,-33.9644,PERP_PARK,UNASSIGNED
T_2,T,2,MULTI_PHASE,396,-26.6015,-33.9105,PERP_PARK,UNASSIGNED
T_2,T,2,MULTI_PHASE,397,-26.4609,-33.8599,PERP_PARK,UNASSIGNED
T_2,T,2,MULTI_PHASE,398,-26.3190,-33.8129,PERP_PARK,UNASSIGNED
T_2,T,2,MULTI_PHASE,399,-26.1761,-33.7693,PERP_PARK,UNASSIGNED
T_2,T,2,MULTI_PHASE,400,-26.0321,-33.7292,PERP_PARK,UNASSIGNED
T_2,T,2,MULTI_PHASE,401,-25.8872,-33.6927,PERP_PARK,UNASSIGNED
T_2,T,2,MULTI_PHASE,402,-25.7414,-33.6597,PERP_PARK,UNASSIGNED
T_2,T,2,MULTI_PHASE,403,-25.5949,-33.6304,PERP_PARK,UNASSIGNED
T_2,T,2,MULTI_PHASE,404,-25.4477,-33.6046,PERP_PARK,UNASSIGNED
T_2,T,2,MULTI_PHASE,405,-25.2999,-33.5824,PERP_PARK,UNASSIGNED
T_2,T,2,MULTI_PHASE,406,-25.1517,-33.5638,PERP_PARK,UNASSIGNED
T_2,T,2,MULTI_PHASE,407,-25.0030,-33.5489,PERP_PARK,UNASSIGNED
T_2,T,2,MULTI_PHASE,408,-24.8540,-33.5376,PERP_PARK,UNASSIGNED
T_2,T,2,MULTI_PHASE,409,-24.7047,-33.5298,PERP_PARK,UNASSIGNED
T_2,T,2,MULTI_PHASE,410,-24.5553,-33.5257,PERP_PARK,UNASSIGNED
T_2,T,2,MULTI_PHASE,411,-24.4059,-33.5250,PERP_PARK,UNASSIGNED
T_2,T,2,MULTI_PHASE,412,-24.2565,-33.5279,PERP_PARK,UNASSIGNED
T_2,T,2,MULTI_PHASE,413,-24.1072,-33.5341,PERP_PARK,UNASSIGNED
T_2,T,2,MULTI_PHASE,414,-23.9580,-33.5437,PERP_PARK,UNASSIGNED
T_2,T,2,MULTI_PHASE,415,-23.8091,-33.5566,PERP_PARK,UNASSIGNED
T_2,T,2,MULTI_PHASE,416,-23.6606,-33.5728,PERP_PARK,UNASSIGNED
T_2,T,2,MULTI_PHASE,417,-23.5124,-33.5923,PERP_PARK,UNASSIGNED
T_2,T,2,MULTI_PHASE,418,-23.3647,-33.6149,PERP_PARK,UNASSIGNED
T_2,T,2,MULTI_PHASE,419,-23.2175,-33.6407,PERP_PARK,UNASSIGNED
T_2,T,2,MULTI_PHASE,420,-23.0709,-33.6696,PERP_PARK,UNASSIGNED
T_2,T,2,MULTI_PHASE,421,-22.9249,-33.7016,PERP_PARK,UNASSIGNED
T_2,T,2,MULTI_PHASE,422,-22.7796,-33.7366,PERP_PARK,UNASSIGNED
T_2,T,2,MULTI_PHASE,423,-22.6350,-33.7745,PERP_PARK,UNASSIGNED
T_2,T,2,MULTI_PHASE,424,-22.4913,-33.8154,PERP_PARK,UNASSIGNED
T_2,T,2,MULTI_PHASE,425,-22.3484,-33.8593,PERP_PARK,UNASSIGNED
T_2,T,2,MULTI_PHASE,426,-22.2065,-33.9059,PERP_PARK,UNASSIGNED
T_2,T,2,MULTI_PHASE,427,-22.0655,-33.9554,PERP_PARK,UNASSIGNED
T_2,T,2,MULTI_PHASE,428,-21.9255,-34.0077,PERP_PARK,UNASSIGNED
T_2,T,2,MULTI_PHASE,429,-21.7865,-34.0628,PERP_PARK,UNASSIGNED
T_2,T,2,MULTI_PHASE,430,-21.6487,-34.1206,PERP_PARK,UNASSIGNED
T_2,T,2,MULTI_PHASE,431,-21.5121,-34.1812,PERP_PARK,UNASSIGNED
T_2,T,2,MULTI_PHASE,432,-21.3767,-34.2444,PERP_PARK,UNASSIGNED
T_2,T,2,MULTI_PHASE,433,-21.2425,-34.3102,PERP_PARK,UNASSIGNED
T_2,T,2,MULTI_PHASE,434,-21.1097,-34.3787,PERP_PARK,UNASSIGNED
T_2,T,2,MULTI_PHASE,435,-20.9783,-34.4498,PERP_PARK,UNASSIGNED
T_2,T,2,MULTI_PHASE,436,-20.8483,-34.5235,PERP_PARK,UNASSIGNED
T_2,T,2,MULTI_PHASE,437,-20.7197,-34.5998,PERP_PARK,UNASSIGNED
T_2,T,2,MULTI_PHASE,438,-20.5928,-34.6786,PERP_PARK,UNASSIGNED
T_2,T,2,MULTI_PHASE,439,-20.4674,-34.7599,PERP_PARK,UNASSIGNED
T_2,T,2,MULTI_PHASE,440,-20.3437,-34.8438,PERP_PARK,UNASSIGNED
T_2,T,2,MULTI_PHASE,441,-20.2217,-34.9301,PERP_PARK,UNASSIGNED
MAIN_01,,,MAIN,0,-19.5391,-35.4598,NORMAL,UNASSIGNED
MAIN_01,,,MAIN,1,-18.9079,-35.9008,NORMAL,UNASSIGNED
MAIN_01,,,MAIN,2,-18.3946,-36.4792,NORMAL,UNASSIGNED
MAIN_01,,,MAIN,3,-17.8522,-37.1642,NORMAL,UNASSIGNED
MAIN_01,,,MAIN,4,-17.3342,-38.0150,NORMAL,UNASSIGNED
MAIN_01,,,MAIN,5,-17.1068,-38.7122,NORMAL,UNASSIGNED
MAIN_01,,,MAIN,6,-16.8686,-39.5444,NORMAL,UNASSIGNED
MAIN_01,,,MAIN,7,-16.7197,-40.6283,NORMAL,UNASSIGNED
MAIN_01,,,MAIN,8,-16.7890,-41.4661,NORMAL,UNASSIGNED
MAIN_01,,,MAIN,9,-16.9616,-42.3562,NORMAL,UNASSIGNED
MAIN_01,,,MAIN,10,-17.1590,-43.0800,NORMAL,UNASSIGNED
MAIN_01,,,MAIN,11,-17.4250,-43.8626,NORMAL,UNASSIGNED
MAIN_01,,,MAIN,12,-17.6646,-44.4279,NORMAL,UNASSIGNED
MAIN_01,,,MAIN,13,-17.9617,-45.3882,NORMAL,UNASSIGNED
MAIN_01,,,MAIN,14,-18.2288,-46.1592,NORMAL,UNASSIGNED
MAIN_01,,,MAIN,15,-18.6138,-46.8912,NORMAL,UNASSIGNED
MAIN_01,,,MAIN,16,-18.9128,-47.6507,NORMAL,UNASSIGNED
MAIN_01,,,MAIN,17,-19.1855,-48.3815,NORMAL,UNASSIGNED
MAIN_01,,,MAIN,18,-19.4832,-49.0575,NORMAL,UNASSIGNED
MAIN_01,,,MAIN,19,-19.7973,-49.7320,NORMAL,UNASSIGNED
MAIN_01,,,MAIN,20,-20.1398,-50.5480,NORMAL,UNASSIGNED
MAIN_01,,,MAIN,21,-20.3750,-51.1832,NORMAL,UNASSIGNED
MAIN_01,,,MAIN,22,-20.6113,-51.8167,NORMAL,UNASSIGNED
MAIN_01,,,MAIN,23,-20.9181,-52.5446,NORMAL,UNASSIGNED
MAIN_01,,,MAIN,24,-21.2186,-53.2786,NORMAL,UNASSIGNED
MAIN_01,,,MAIN,25,-21.5532,-53.9876,NORMAL,UNASSIGNED
MAIN_01,,,MAIN,26,-21.8842,-54.7137,NORMAL,UNASSIGNED
MAIN_01,,,MAIN,27,-22.2135,-55.3096,NORMAL,UNASSIGNED
MAIN_01,,,MAIN,28,-22.5142,-56.0572,NORMAL,UNASSIGNED
MAIN_01,,,MAIN,29,-22.9763,-56.9813,NORMAL,UNASSIGNED
MAIN_01,,,MAIN,30,-23.3505,-57.6580,NORMAL,UNASSIGNED
MAIN_01,,,MAIN,31,-23.8061,-58.5936,NORMAL,UNASSIGNED
MAIN_01,,,MAIN,32,-24.2156,-59.2953,NORMAL,UNASSIGNED
MAIN_01,,,MAIN,33,-24.7326,-60.0233,NORMAL,UNASSIGNED
MAIN_01,,,MAIN,34,-25.1405,-60.6255,NORMAL,UNASSIGNED
MAIN_01,,,MAIN,35,-25.7804,-61.3688,NORMAL,UNASSIGNED
MAIN_01,,,MAIN,36,-26.4539,-61.9202,NORMAL,UNASSIGNED
MAIN_01,,,MAIN,37,-27.1316,-62.2920,NORMAL,UNASSIGNED
MAIN_01,,,MAIN,38,-27.9883,-62.6283,NORMAL,UNASSIGNED
MAIN_01,,,MAIN,39,-28.8301,-62.7447,NORMAL,UNASSIGNED
MAIN_01,,,MAIN,40,-29.7414,-62.8228,NORMAL,UNASSIGNED
MAIN_01,,,MAIN,41,-30.6227,-62.8249,NORMAL,UNASSIGNED
MAIN_01,,,MAIN,42,-31.4669,-62.6517,NORMAL,UNASSIGNED
MAIN_01,,,MAIN,43,-32.2550,-62.4664,NORMAL,UNASSIGNED
MAIN_01,,,MAIN,44,-33.0330,-62.2169,NORMAL,UNASSIGNED
MAIN_01,,,MAIN,45,-33.9500,-61.9055,NORMAL,UNASSIGNED
MAIN_01,,,MAIN,46,-34.8008,-61.6065,NORMAL,UNASSIGNED
MAIN_01,,,MAIN,47,-35.3628,-61.3818,NORMAL,UNASSIGNED
MAIN_01,,,MAIN,48,-35.9441,-61.0839,NORMAL,UNASSIGNED
MAIN_01,,,MAIN,49,-36.6527,-60.7266,NORMAL,UNASSIGNED
MAIN_01,,,MAIN,50,-37.7311,-60.3989,NORMAL,UNASSIGNED
MAIN_01,,,MAIN,51,-38.4271,-60.0898,NORMAL,UNASSIGNED
MAIN_01,,,MAIN,52,-39.2916,-59.7458,NORMAL,UNASSIGNED
MAIN_01,,,MAIN,53,-39.8032,-59.4422,NORMAL,UNASSIGNED
MAIN_01,,,MAIN,54,-40.5779,-59.0778,NORMAL,UNASSIGNED
MAIN_01,,,MAIN,55,-41.5056,-58.6918,NORMAL,UNASSIGNED
MAIN_01,,,MAIN,56,-42.4688,-58.2957,NORMAL,UNASSIGNED
MAIN_01,,,MAIN,57,-43.2331,-57.9279,NORMAL,UNASSIGNED
MAIN_01,,,MAIN,58,-44.3830,-57.2220,NORMAL,UNASSIGNED
MAIN_01,,,MAIN,59,-45.2505,-56.6248,NORMAL,UNASSIGNED
MAIN_01,,,MAIN,60,-45.8445,-55.7579,NORMAL,UNASSIGNED
MAIN_01,,,MAIN,61,-46.0903,-54.9284,NORMAL,UNASSIGNED
MAIN_01,,,MAIN,62,-46.1858,-54.3006,NORMAL,UNASSIGNED
MAIN_01,,,MAIN,63,-46.3124,-53.4182,NORMAL,UNASSIGNED
MAIN_01,,,MAIN,64,-46.2940,-52.6883,NORMAL,UNASSIGNED
MAIN_01,,,MAIN,65,-46.1278,-51.5537,NORMAL,UNASSIGNED
MAIN_01,,,MAIN,66,-45.7357,-50.3780,NORMAL,UNASSIGNED
MAIN_01,,,MAIN,67,-45.5401,-49.7480,NORMAL,UNASSIGNED
MAIN_01,,,MAIN,68,-45.2538,-49.0228,NORMAL,UNASSIGNED
MAIN_01,,,MAIN,69,-44.9412,-48.2772,NORMAL,UNASSIGNED
MAIN_01,,,MAIN,70,-44.6076,-47.5020,NORMAL,UNASSIGNED
MAIN_01,,,MAIN,71,-44.2308,-46.5783,NORMAL,UNASSIGNED
MAIN_01,,,MAIN,72,-43.8984,-45.6068,NORMAL,UNASSIGNED
MAIN_01,,,MAIN,73,-43.6082,-44.8067,NORMAL,UNASSIGNED
MAIN_01,,,MAIN,74,-43.2705,-44.0990,NORMAL,UNASSIGNED
MAIN_01,,,MAIN,75,-42.8846,-43.1800,NORMAL,UNASSIGNED
MAIN_01,,,MAIN,76,-42.6036,-42.5097,NORMAL,UNASSIGNED
MAIN_01,,,MAIN,77,-42.2956,-41.7778,NORMAL,UNASSIGNED
MAIN_01,,,MAIN,78,-42.0196,-41.0754,NORMAL,UNASSIGNED
MAIN_01,,,MAIN,79,-41.6995,-39.9925,NORMAL,UNASSIGNED
MAIN_01,,,MAIN,80,-41.3564,-39.2467,NORMAL,UNASSIGNED
MAIN_01,,,MAIN,81,-41.0188,-38.5019,NORMAL,UNASSIGNED
MAIN_01,,,MAIN,82,-40.6565,-37.6609,NORMAL,UNASSIGNED
MAIN_01,,,MAIN,83,-40.3216,-36.9827,NORMAL,UNASSIGNED
MAIN_01,,,MAIN,84,-39.9659,-35.9488,NORMAL,UNASSIGNED
MAIN_01,,,MAIN,85,-39.5347,-34.9124,NORMAL,UNASSIGNED
MAIN_01,,,MAIN,86,-39.1825,-34.1153,NORMAL,UNASSIGNED
MAIN_01,,,MAIN,87,-38.7293,-33.2407,NORMAL,UNASSIGNED
MAIN_01,,,MAIN,88,-38.4234,-32.3166,NORMAL,UNASSIGNED
MAIN_01,,,MAIN,89,-38.4095,-31.6333,NORMAL,UNASSIGNED
MAIN_01,,,MAIN,90,-38.2445,-30.5882,NORMAL,UNASSIGNED
MAIN_01,,,MAIN,91,-38.2727,-29.7667,NORMAL,UNASSIGNED
MAIN_01,,,MAIN,92,-38.2028,-28.7247,NORMAL,UNASSIGNED
MAIN_01,,,MAIN,93,-38.3505,-27.9435,NORMAL,UNASSIGNED
MAIN_01,,,MAIN,94,-38.5291,-26.9755,NORMAL,UNASSIGNED
MAIN_01,,,MAIN,95,-38.6642,-26.0424,NORMAL,UNASSIGNED
MAIN_01,,,MAIN,96,-38.8044,-25.1789,NORMAL,UNASSIGNED
MAIN_01,,,MAIN,97,-38.9549,-24.4226,NORMAL,UNASSIGNED
MAIN_01,,,MAIN,98,-39.1681,-23.6893,NORMAL,UNASSIGNED
MAIN_01,,,MAIN,99,-39.6559,-22.9400,NORMAL,UNASSIGNED
MAIN_01,,,MAIN,100,-40.2578,-22.3586,NORMAL,UNASSIGNED
MAIN_01,,,MAIN,101,-41.3271,-21.7990,NORMAL,UNASSIGNED
MAIN_01,,,MAIN,102,-42.0470,-21.4148,NORMAL,UNASSIGNED
MAIN_01,,,MAIN,103,-42.8481,-21.0462,NORMAL,UNASSIGNED
MAIN_01,,,MAIN,104,-43.7090,-20.6221,NORMAL,UNASSIGNED
MAIN_01,,,MAIN,105,-44.5462,-20.2814,NORMAL,UNASSIGNED
MAIN_01,,,MAIN,106,-45.4009,-19.9403,NORMAL,UNASSIGNED
MAIN_01,,,MAIN,107,-46.2312,-19.5591,NORMAL,UNASSIGNED
MAIN_01,,,MAIN,108,-47.1800,-19.1248,NORMAL,UNASSIGNED
MAIN_01,,,MAIN,109,-48.0148,-18.8097,NORMAL,UNASSIGNED
MAIN_01,,,MAIN,110,-48.9294,-18.4751,NORMAL,UNASSIGNED
MAIN_01,,,MAIN,111,-49.6872,-18.0975,NORMAL,UNASSIGNED
MAIN_01,,,MAIN,112,-50.6969,-17.6927,NORMAL,UNASSIGNED
MAIN_01,,,MAIN,113,-51.4531,-17.3827,NORMAL,UNASSIGNED
MAIN_01,,,MAIN,114,-52.2133,-17.0335,NORMAL,UNASSIGNED
MAIN_01,,,MAIN,115,-53.0483,-16.7340,NORMAL,UNASSIGNED
MAIN_01,,,MAIN,116,-54.0660,-16.4089,NORMAL,UNASSIGNED
MAIN_01,,,MAIN,117,-54.9486,-16.0830,NORMAL,UNASSIGNED
MAIN_01,,,MAIN,118,-55.8129,-15.6969,NORMAL,UNASSIGNED
MAIN_01,,,MAIN,119,-56.8459,-15.2771,NORMAL,UNASSIGNED
MAIN_01,,,MAIN,120,-57.6637,-14.9330,NORMAL,UNASSIGNED
MAIN_01,,,MAIN,121,-58.4925,-14.5974,NORMAL,UNASSIGNED
MAIN_01,,,MAIN,122,-59.2874,-14.2517,NORMAL,UNASSIGNED
MAIN_01,,,MAIN,123,-60.1812,-13.9521,NORMAL,UNASSIGNED
MAIN_01,,,MAIN,124,-60.9679,-13.7046,NORMAL,UNASSIGNED
MAIN_01,,,MAIN,125,-61.8537,-13.3538,NORMAL,UNASSIGNED
MAIN_01,,,MAIN,126,-62.7682,-13.0308,NORMAL,UNASSIGNED
MAIN_01,,,MAIN,127,-63.4348,-12.7618,NORMAL,UNASSIGNED
MAIN_01,,,MAIN,128,-64.3078,-12.4750,NORMAL,UNASSIGNED
MAIN_01,,,MAIN,129,-65.2027,-12.1716,NORMAL,UNASSIGNED
MAIN_01,,,MAIN,130,-66.0858,-11.8554,NORMAL,UNASSIGNED
MAIN_01,,,MAIN,131,-66.9948,-11.4971,NORMAL,UNASSIGNED
MAIN_01,,,MAIN,132,-67.9202,-11.1263,NORMAL,UNASSIGNED
MAIN_01,,,MAIN,133,-68.9298,-10.7402,NORMAL,UNASSIGNED
MAIN_01,,,MAIN,134,-69.9295,-10.3409,NORMAL,UNASSIGNED
MAIN_01,,,MAIN,135,-70.9577,-10.0037,NORMAL,UNASSIGNED
MAIN_01,,,MAIN,136,-71.8573,-9.6854,NORMAL,UNASSIGNED
MAIN_01,,,MAIN,137,-72.7777,-9.3933,NORMAL,UNASSIGNED
MAIN_01,,,MAIN,138,-73.7728,-8.9441,NORMAL,UNASSIGNED
MAIN_01,,,MAIN,139,-74.7206,-8.6984,NORMAL,UNASSIGNED
MAIN_01,,,MAIN,140,-75.4835,-8.4882,NORMAL,UNASSIGNED
MAIN_01,,,MAIN,141,-76.3107,-8.2769,NORMAL,UNASSIGNED
MAIN_01,,,MAIN,142,-77.4621,-8.1167,NORMAL,UNASSIGNED
MAIN_01,,,MAIN,143,-78.6027,-8.0400,NORMAL,UNASSIGNED
MAIN_01,,,MAIN,144,-79.5061,-8.1526,NORMAL,UNASSIGNED
MAIN_01,,,MAIN,145,-80.2901,-8.2631,NORMAL,UNASSIGNED
MAIN_01,,,MAIN,146,-81.2503,-8.8249,NORMAL,UNASSIGNED
MAIN_01,,,MAIN,147,-82.0796,-9.3892,NORMAL,UNASSIGNED
MAIN_01,,,MAIN,148,-82.9218,-9.9887,NORMAL,UNASSIGNED
MAIN_01,,,MAIN,149,-83.7114,-10.6213,NORMAL,UNASSIGNED
MAIN_01,,,MAIN,150,-84.5267,-11.3502,NORMAL,UNASSIGNED
MAIN_01,,,MAIN,151,-85.2221,-12.0545,NORMAL,UNASSIGNED
MAIN_01,,,MAIN,152,-85.9075,-12.8870,NORMAL,UNASSIGNED
MAIN_01,,,MAIN,153,-86.3934,-13.8069,NORMAL,UNASSIGNED
MAIN_01,,,MAIN,154,-86.8187,-14.5453,NORMAL,UNASSIGNED
MAIN_01,,,MAIN,155,-87.2122,-15.3474,NORMAL,UNASSIGNED
MAIN_01,,,MAIN,156,-87.6241,-16.2212,NORMAL,UNASSIGNED
MAIN_01,,,MAIN,157,-88.0282,-17.0358,NORMAL,UNASSIGNED
MAIN_01,,,MAIN,158,-88.3853,-17.8570,NORMAL,UNASSIGNED
MAIN_01,,,MAIN,159,-88.8111,-18.8234,NORMAL,UNASSIGNED
MAIN_01,,,MAIN,160,-89.2170,-19.7801,NORMAL,UNASSIGNED
MAIN_01,,,MAIN,161,-89.6348,-20.7119,NORMAL,UNASSIGNED
MAIN_01,,,MAIN,162,-90.1230,-21.7917,NORMAL,UNASSIGNED
MAIN_01,,,MAIN,163,-90.5689,-22.8398,NORMAL,UNASSIGNED
MAIN_01,,,MAIN,164,-90.9384,-23.7710,NORMAL,UNASSIGNED
MAIN_01,,,MAIN,165,-91.4258,-24.8205,NORMAL,UNASSIGNED
MAIN_01,,,MAIN,166,-91.8209,-25.9538,NORMAL,UNASSIGNED
MAIN_01,,,MAIN,167,-92.1669,-26.9378,NORMAL,UNASSIGNED
MAIN_01,,,MAIN,168,-92.6264,-28.1428,NORMAL,UNASSIGNED
MAIN_01,,,MAIN,169,-92.9382,-28.9012,NORMAL,UNASSIGNED
MAIN_01,,,MAIN,170,-93.2611,-29.8170,NORMAL,UNASSIGNED
MAIN_01,,,MAIN,171,-93.6929,-30.9027,NORMAL,UNASSIGNED
MAIN_01,,,MAIN,172,-94.0949,-31.9814,NORMAL,UNASSIGNED
MAIN_01,,,MAIN,173,-94.2025,-32.6398,NORMAL,UNASSIGNED
MAIN_01,,,MAIN,174,-94.4654,-33.7172,NORMAL,UNASSIGNED
MAIN_01,,,MAIN,175,-94.5701,-34.8642,NORMAL,UNASSIGNED
MAIN_01,,,MAIN,176,-94.5382,-35.9095,NORMAL,UNASSIGNED
MAIN_01,,,MAIN,177,-94.4858,-36.6985,NORMAL,UNASSIGNED
MAIN_01,,,MAIN,178,-94.3593,-37.3162,NORMAL,UNASSIGNED
MAIN_01,,,MAIN,179,-94.1464,-38.2511,NORMAL,UNASSIGNED
MAIN_01,,,MAIN,180,-93.6765,-39.3287,NORMAL,UNASSIGNED
MAIN_01,,,MAIN,181,-92.9760,-40.5425,NORMAL,UNASSIGNED
MAIN_01,,,MAIN,182,-92.0735,-41.4444,NORMAL,UNASSIGNED
MAIN_01,,,MAIN,183,-91.0065,-42.2644,NORMAL,UNASSIGNED
MAIN_01,,,MAIN,184,-90.2276,-42.6498,NORMAL,UNASSIGNED
MAIN_01,,,MAIN,185,-89.2943,-43.2081,NORMAL,UNASSIGNED
MAIN_01,,,MAIN,186,-88.4466,-43.7337,NORMAL,UNASSIGNED
MAIN_01,,,MAIN,187,-87.4067,-44.2171,NORMAL,UNASSIGNED
MAIN_01,,,MAIN,188,-86.5983,-44.5688,NORMAL,UNASSIGNED
MAIN_01,,,MAIN,189,-85.0794,-45.2907,NORMAL,UNASSIGNED
MAIN_01,,,MAIN,190,-83.7459,-45.8874,NORMAL,UNASSIGNED
MAIN_01,,,MAIN,191,-82.8204,-46.2410,NORMAL,UNASSIGNED
MAIN_01,,,MAIN,192,-82.0672,-46.5243,NORMAL,UNASSIGNED
MAIN_01,,,MAIN,193,-81.2300,-46.8701,NORMAL,UNASSIGNED
MAIN_01,,,MAIN,194,-80.1153,-47.3591,NORMAL,UNASSIGNED
MAIN_01,,,MAIN,195,-79.0131,-47.9515,NORMAL,UNASSIGNED
MAIN_01,,,MAIN,196,-78.4300,-48.1293,NORMAL,UNASSIGNED
MAIN_01,,,MAIN,197,-77.7006,-48.4733,NORMAL,UNASSIGNED
MAIN_01,,,MAIN,198,-76.7161,-48.9231,NORMAL,UNASSIGNED
MAIN_01,,,MAIN,199,-75.6740,-49.3459,NORMAL,UNASSIGNED
MAIN_01,,,MAIN,200,-74.5276,-49.7302,NORMAL,UNASSIGNED
MAIN_01,,,MAIN,201,-73.4731,-50.1511,NORMAL,UNASSIGNED
MAIN_01,,,MAIN,202,-72.6769,-50.4696,NORMAL,UNASSIGNED
MAIN_01,,,MAIN,203,-72.0234,-50.5853,NORMAL,UNASSIGNED
MAIN_01,,,MAIN,204,-71.2604,-50.8854,NORMAL,UNASSIGNED
MAIN_01,,,MAIN,205,-70.2256,-51.2380,NORMAL,UNASSIGNED
MAIN_01,,,MAIN,206,-69.0355,-51.7678,NORMAL,UNASSIGNED
MAIN_01,,,MAIN,207,-68.2417,-52.0943,NORMAL,UNASSIGNED
MAIN_01,,,MAIN,208,-67.2959,-52.5662,NORMAL,UNASSIGNED
MAIN_01,,,MAIN,209,-66.2915,-52.9391,NORMAL,UNASSIGNED
MAIN_01,,,MAIN,210,-65.2892,-53.3951,NORMAL,UNASSIGNED
MAIN_01,,,MAIN,211,-64.1716,-53.8542,NORMAL,UNASSIGNED
MAIN_01,,,MAIN,212,-63.2197,-54.2597,NORMAL,UNASSIGNED
MAIN_01,,,MAIN,213,-62.1684,-54.7234,NORMAL,UNASSIGNED
MAIN_01,,,MAIN,214,-61.3870,-54.9967,NORMAL,UNASSIGNED
MAIN_01,,,MAIN,215,-60.5244,-55.3529,NORMAL,UNASSIGNED
MAIN_01,,,MAIN,216,-59.4010,-55.8113,NORMAL,UNASSIGNED
MAIN_01,,,MAIN,217,-58.2844,-56.2282,NORMAL,UNASSIGNED
MAIN_01,,,MAIN,218,-57.2801,-56.7182,NORMAL,UNASSIGNED
MAIN_01,,,MAIN,219,-56.3007,-57.1332,NORMAL,UNASSIGNED
MAIN_01,,,MAIN,220,-55.1595,-57.5357,NORMAL,UNASSIGNED
MAIN_01,,,MAIN,221,-54.0231,-57.9630,NORMAL,UNASSIGNED
MAIN_01,,,MAIN,222,-52.8571,-58.4330,NORMAL,UNASSIGNED
MAIN_01,,,MAIN,223,-51.9707,-58.7165,NORMAL,UNASSIGNED
MAIN_01,,,MAIN,224,-50.9410,-59.1146,NORMAL,UNASSIGNED
MAIN_01,,,MAIN,225,-50.0919,-59.4385,NORMAL,UNASSIGNED
MAIN_01,,,MAIN,226,-48.8096,-59.9631,NORMAL,UNASSIGNED
MAIN_01,,,MAIN,227,-47.7134,-60.4370,NORMAL,UNASSIGNED
MAIN_01,,,MAIN,228,-46.6830,-60.8822,NORMAL,UNASSIGNED
MAIN_01,,,MAIN,229,-45.6189,-61.2382,NORMAL,UNASSIGNED
MAIN_01,,,MAIN,230,-44.6251,-61.6354,NORMAL,UNASSIGNED
MAIN_01,,,MAIN,231,-43.6114,-62.0921,NORMAL,UNASSIGNED
MAIN_01,,,MAIN,232,-42.3629,-62.6457,NORMAL,UNASSIGNED
MAIN_01,,,MAIN,233,-41.2804,-63.0569,NORMAL,UNASSIGNED
MAIN_01,,,MAIN,234,-40.1429,-63.5584,NORMAL,UNASSIGNED
MAIN_01,,,MAIN,235,-39.1669,-63.9538,NORMAL,UNASSIGNED
MAIN_01,,,MAIN,236,-38.0373,-64.3993,NORMAL,UNASSIGNED
MAIN_01,,,MAIN,237,-36.9299,-64.9290,NORMAL,UNASSIGNED
MAIN_01,,,MAIN,238,-35.8321,-65.3929,NORMAL,UNASSIGNED
MAIN_01,,,MAIN,239,-34.6413,-65.9218,NORMAL,UNASSIGNED
MAIN_01,,,MAIN,240,-33.6850,-66.2616,NORMAL,UNASSIGNED
MAIN_01,,,MAIN,241,-32.5442,-66.7339,NORMAL,UNASSIGNED
MAIN_01,,,MAIN,242,-31.4205,-67.1499,NORMAL,UNASSIGNED
MAIN_01,,,MAIN,243,-30.2394,-67.5023,NORMAL,UNASSIGNED
MAIN_01,,,MAIN,244,-28.8968,-67.8895,NORMAL,UNASSIGNED
MAIN_01,,,MAIN,245,-27.5760,-68.0896,NORMAL,UNASSIGNED
MAIN_01,,,MAIN,246,-26.5512,-67.8574,NORMAL,UNASSIGNED
MAIN_01,,,MAIN,247,-25.1417,-67.4393,NORMAL,UNASSIGNED
MAIN_01,,,MAIN,248,-23.9806,-66.9130,NORMAL,UNASSIGNED
MAIN_01,,,MAIN,249,-23.2133,-66.1924,NORMAL,UNASSIGNED
MAIN_01,,,MAIN,250,-22.5507,-65.2393,NORMAL,UNASSIGNED
MAIN_01,,,MAIN,251,-22.1062,-64.5064,NORMAL,UNASSIGNED
MAIN_01,,,MAIN,252,-21.3898,-63.2425,NORMAL,UNASSIGNED
MAIN_01,,,MAIN,253,-20.6302,-61.6105,NORMAL,UNASSIGNED
MAIN_01,,,MAIN,254,-20.3211,-61.0868,NORMAL,UNASSIGNED
MAIN_01,,,MAIN,255,-19.9592,-60.4209,NORMAL,UNASSIGNED
MAIN_01,,,MAIN,256,-19.6896,-59.8505,NORMAL,UNASSIGNED
MAIN_01,,,MAIN,257,-19.4994,-59.3302,NORMAL,UNASSIGNED
MAIN_01,,,MAIN,258,-19.0871,-58.4222,NORMAL,UNASSIGNED
MAIN_01,,,MAIN,259,-18.7310,-57.6464,NORMAL,UNASSIGNED
MAIN_01,,,MAIN,260,-18.4608,-57.0088,NORMAL,UNASSIGNED
MAIN_01,,,MAIN,261,-18.2321,-56.3433,NORMAL,UNASSIGNED
MAIN_01,,,MAIN,262,-17.9961,-55.5719,NORMAL,UNASSIGNED
MAIN_01,,,MAIN,263,-17.6095,-54.6812,NORMAL,UNASSIGNED
MAIN_01,,,MAIN,264,-17.3200,-53.9519,NORMAL,UNASSIGNED
MAIN_01,,,MAIN,265,-17.0232,-53.1587,NORMAL,UNASSIGNED
MAIN_01,,,MAIN,266,-16.7113,-52.4550,NORMAL,UNASSIGNED
MAIN_01,,,MAIN,267,-16.4424,-51.6713,NORMAL,UNASSIGNED
MAIN_01,,,MAIN,268,-16.0859,-51.0508,NORMAL,UNASSIGNED
MAIN_01,,,MAIN,269,-15.7891,-50.3579,NORMAL,UNASSIGNED
MAIN_01,,,MAIN,270,-15.4935,-49.4294,NORMAL,UNASSIGNED
MAIN_01,,,MAIN,271,-15.2522,-48.6568,NORMAL,UNASSIGNED
MAIN_01,,,MAIN,272,-14.8828,-47.9560,NORMAL,UNASSIGNED
MAIN_01,,,MAIN,273,-14.7114,-47.4080,NORMAL,UNASSIGNED
MAIN_01,,,MAIN,274,-14.3760,-46.5159,NORMAL,UNASSIGNED
MAIN_01,,,MAIN,275,-14.0429,-45.6186,NORMAL,UNASSIGNED
MAIN_01,,,MAIN,276,-13.7061,-44.8897,NORMAL,UNASSIGNED
MAIN_01,,,MAIN,277,-13.4258,-44.2042,NORMAL,UNASSIGNED
MAIN_01,,,MAIN,278,-13.1301,-43.4528,NORMAL,UNASSIGNED
PARALLEL_1_BYPASS,PARALLEL,1,BYPASS_FORWARD,0,-12.7423,-42.7765,PARALLEL_PARK,FORWARD
PARALLEL_1_BYPASS,PARALLEL,1,BYPASS_FORWARD,1,-12.6937,-42.6891,PARALLEL_PARK,FORWARD
PARALLEL_1_BYPASS,PARALLEL,1,BYPASS_FORWARD,2,-12.6475,-42.6004,PARALLEL_PARK,FORWARD
PARALLEL_1_BYPASS,PARALLEL,1,BYPASS_FORWARD,3,-12.6037,-42.5105,PARALLEL_PARK,FORWARD
PARALLEL_1_BYPASS,PARALLEL,1,BYPASS_FORWARD,4,-12.5623,-42.4195,PARALLEL_PARK,FORWARD
PARALLEL_1_BYPASS,PARALLEL,1,BYPASS_FORWARD,5,-12.5233,-42.3274,PARALLEL_PARK,FORWARD
PARALLEL_1_BYPASS,PARALLEL,1,BYPASS_FORWARD,6,-12.4867,-42.2344,PARALLEL_PARK,FORWARD
PARALLEL_1_BYPASS,PARALLEL,1,BYPASS_FORWARD,7,-12.4525,-42.1404,PARALLEL_PARK,FORWARD
PARALLEL_1_BYPASS,PARALLEL,1,BYPASS_FORWARD,8,-12.4207,-42.0456,PARALLEL_PARK,FORWARD
PARALLEL_1_BYPASS,PARALLEL,1,BYPASS_FORWARD,9,-12.3913,-41.9500,PARALLEL_PARK,FORWARD
PARALLEL_1_BYPASS,PARALLEL,1,BYPASS_FORWARD,10,-12.3643,-41.8537,PARALLEL_PARK,FORWARD
PARALLEL_1_BYPASS,PARALLEL,1,BYPASS_FORWARD,11,-12.3396,-41.7568,PARALLEL_PARK,FORWARD
PARALLEL_1_BYPASS,PARALLEL,1,BYPASS_FORWARD,12,-12.3172,-41.6594,PARALLEL_PARK,FORWARD
PARALLEL_1_BYPASS,PARALLEL,1,BYPASS_FORWARD,13,-12.2972,-41.5614,PARALLEL_PARK,FORWARD
PARALLEL_1_BYPASS,PARALLEL,1,BYPASS_FORWARD,14,-12.2793,-41.4630,PARALLEL_PARK,FORWARD
PARALLEL_1_BYPASS,PARALLEL,1,BYPASS_FORWARD,15,-12.2637,-41.3642,PARALLEL_PARK,FORWARD
PARALLEL_1_BYPASS,PARALLEL,1,BYPASS_FORWARD,16,-12.2502,-41.2652,PARALLEL_PARK,FORWARD
PARALLEL_1_BYPASS,PARALLEL,1,BYPASS_FORWARD,17,-12.2388,-41.1658,PARALLEL_PARK,FORWARD
PARALLEL_1_BYPASS,PARALLEL,1,BYPASS_FORWARD,18,-12.2295,-41.0662,PARALLEL_PARK,FORWARD
PARALLEL_1_BYPASS,PARALLEL,1,BYPASS_FORWARD,19,-12.2223,-40.9665,PARALLEL_PARK,FORWARD
PARALLEL_1_BYPASS,PARALLEL,1,BYPASS_FORWARD,20,-12.2169,-40.8667,PARALLEL_PARK,FORWARD
PARALLEL_1_BYPASS,PARALLEL,1,BYPASS_FORWARD,21,-12.2136,-40.7667,PARALLEL_PARK,FORWARD
PARALLEL_1_BYPASS,PARALLEL,1,BYPASS_FORWARD,22,-12.2120,-40.6667,PARALLEL_PARK,FORWARD
PARALLEL_1_BYPASS,PARALLEL,1,BYPASS_FORWARD,23,-12.2123,-40.5667,PARALLEL_PARK,FORWARD
PARALLEL_1_BYPASS,PARALLEL,1,BYPASS_FORWARD,24,-12.2144,-40.4668,PARALLEL_PARK,FORWARD
PARALLEL_1_BYPASS,PARALLEL,1,BYPASS_FORWARD,25,-12.2182,-40.3668,PARALLEL_PARK,FORWARD
PARALLEL_1_BYPASS,PARALLEL,1,BYPASS_FORWARD,26,-12.2237,-40.2670,PARALLEL_PARK,FORWARD
PARALLEL_1_BYPASS,PARALLEL,1,BYPASS_FORWARD,27,-12.2308,-40.1672,PARALLEL_PARK,FORWARD
PARALLEL_1_BYPASS,PARALLEL,1,BYPASS_FORWARD,28,-12.2395,-40.0676,PARALLEL_PARK,FORWARD
PARALLEL_1_BYPASS,PARALLEL,1,BYPASS_FORWARD,29,-12.2497,-39.9681,PARALLEL_PARK,FORWARD
PARALLEL_1_BYPASS,PARALLEL,1,BYPASS_FORWARD,30,-12.2614,-39.8688,PARALLEL_PARK,FORWARD
PARALLEL_1_BYPASS,PARALLEL,1,BYPASS_FORWARD,31,-12.2746,-39.7697,PARALLEL_PARK,FORWARD
PARALLEL_1_BYPASS,PARALLEL,1,BYPASS_FORWARD,32,-12.2892,-39.6708,PARALLEL_PARK,FORWARD
PARALLEL_1_BYPASS,PARALLEL,1,BYPASS_FORWARD,33,-12.3051,-39.5720,PARALLEL_PARK,FORWARD
PARALLEL_1_BYPASS,PARALLEL,1,BYPASS_FORWARD,34,-12.3224,-39.4735,PARALLEL_PARK,FORWARD
PARALLEL_1_BYPASS,PARALLEL,1,BYPASS_FORWARD,35,-12.3409,-39.3753,PARALLEL_PARK,FORWARD
PARALLEL_1_BYPASS,PARALLEL,1,BYPASS_FORWARD,36,-12.3607,-39.2773,PARALLEL_PARK,FORWARD
PARALLEL_1_BYPASS,PARALLEL,1,BYPASS_FORWARD,37,-12.3817,-39.1795,PARALLEL_PARK,FORWARD
PARALLEL_1_BYPASS,PARALLEL,1,BYPASS_FORWARD,38,-12.4039,-39.0820,PARALLEL_PARK,FORWARD
PARALLEL_1_BYPASS,PARALLEL,1,BYPASS_FORWARD,39,-12.4272,-38.9847,PARALLEL_PARK,FORWARD
PARALLEL_1_BYPASS,PARALLEL,1,BYPASS_FORWARD,40,-12.4517,-38.8878,PARALLEL_PARK,FORWARD
PARALLEL_1_BYPASS,PARALLEL,1,BYPASS_FORWARD,41,-12.4772,-38.7911,PARALLEL_PARK,FORWARD
PARALLEL_1_BYPASS,PARALLEL,1,BYPASS_FORWARD,42,-12.5038,-38.6947,PARALLEL_PARK,FORWARD
PARALLEL_1_BYPASS,PARALLEL,1,BYPASS_FORWARD,43,-12.5314,-38.5986,PARALLEL_PARK,FORWARD
PARALLEL_1_BYPASS,PARALLEL,1,BYPASS_FORWARD,44,-12.5600,-38.5028,PARALLEL_PARK,FORWARD
PARALLEL_1_BYPASS,PARALLEL,1,BYPASS_FORWARD,45,-12.5896,-38.4072,PARALLEL_PARK,FORWARD
PARALLEL_1_BYPASS,PARALLEL,1,BYPASS_FORWARD,46,-12.6201,-38.3120,PARALLEL_PARK,FORWARD
PARALLEL_1_BYPASS,PARALLEL,1,BYPASS_FORWARD,47,-12.6515,-38.2171,PARALLEL_PARK,FORWARD
PARALLEL_1_BYPASS,PARALLEL,1,BYPASS_FORWARD,48,-12.6838,-38.1224,PARALLEL_PARK,FORWARD
PARALLEL_1_BYPASS,PARALLEL,1,BYPASS_FORWARD,49,-12.7170,-38.0281,PARALLEL_PARK,FORWARD
PARALLEL_1_BYPASS,PARALLEL,1,BYPASS_FORWARD,50,-12.7510,-37.9341,PARALLEL_PARK,FORWARD
PARALLEL_1_BYPASS,PARALLEL,1,BYPASS_FORWARD,51,-12.7859,-37.8403,PARALLEL_PARK,FORWARD
PARALLEL_1_BYPASS,PARALLEL,1,BYPASS_FORWARD,52,-12.8215,-37.7469,PARALLEL_PARK,FORWARD
PARALLEL_1_BYPASS,PARALLEL,1,BYPASS_FORWARD,53,-12.8580,-37.6538,PARALLEL_PARK,FORWARD
PARALLEL_1_BYPASS,PARALLEL,1,BYPASS_FORWARD,54,-12.8952,-37.5610,PARALLEL_PARK,FORWARD
PARALLEL_1_BYPASS,PARALLEL,1,BYPASS_FORWARD,55,-12.9332,-37.4685,PARALLEL_PARK,FORWARD
PARALLEL_1_BYPASS,PARALLEL,1,BYPASS_FORWARD,56,-12.9719,-37.3763,PARALLEL_PARK,FORWARD
PARALLEL_1_BYPASS,PARALLEL,1,BYPASS_FORWARD,57,-13.0113,-37.2843,PARALLEL_PARK,FORWARD
PARALLEL_1_BYPASS,PARALLEL,1,BYPASS_FORWARD,58,-13.0514,-37.1927,PARALLEL_PARK,FORWARD
PARALLEL_1_BYPASS,PARALLEL,1,BYPASS_FORWARD,59,-13.0922,-37.1014,PARALLEL_PARK,FORWARD
PARALLEL_1_BYPASS,PARALLEL,1,BYPASS_FORWARD,60,-13.1336,-37.0104,PARALLEL_PARK,FORWARD
PARALLEL_1_BYPASS,PARALLEL,1,BYPASS_FORWARD,61,-13.1757,-36.9197,PARALLEL_PARK,FORWARD
PARALLEL_1_BYPASS,PARALLEL,1,BYPASS_FORWARD,62,-13.2185,-36.8293,PARALLEL_PARK,FORWARD
PARALLEL_1_BYPASS,PARALLEL,1,BYPASS_FORWARD,63,-13.2618,-36.7392,PARALLEL_PARK,FORWARD
PARALLEL_1_BYPASS,PARALLEL,1,BYPASS_FORWARD,64,-13.3058,-36.6494,PARALLEL_PARK,FORWARD
PARALLEL_1_BYPASS,PARALLEL,1,BYPASS_FORWARD,65,-13.3504,-36.5599,PARALLEL_PARK,FORWARD
PARALLEL_1_BYPASS,PARALLEL,1,BYPASS_FORWARD,66,-13.3955,-36.4707,PARALLEL_PARK,FORWARD
PARALLEL_1_BYPASS,PARALLEL,1,BYPASS_FORWARD,67,-13.4413,-36.3817,PARALLEL_PARK,FORWARD
PARALLEL_1_BYPASS,PARALLEL,1,BYPASS_FORWARD,68,-13.4876,-36.2931,PARALLEL_PARK,FORWARD
PARALLEL_1_BYPASS,PARALLEL,1,BYPASS_FORWARD,69,-13.5344,-36.2047,PARALLEL_PARK,FORWARD
PARALLEL_1_BYPASS,PARALLEL,1,BYPASS_FORWARD,70,-13.5818,-36.1167,PARALLEL_PARK,FORWARD
PARALLEL_1_BYPASS,PARALLEL,1,BYPASS_FORWARD,71,-13.6297,-36.0289,PARALLEL_PARK,FORWARD
PARALLEL_1_BYPASS,PARALLEL,1,BYPASS_FORWARD,72,-13.6781,-35.9414,PARALLEL_PARK,FORWARD
PARALLEL_1_BYPASS,PARALLEL,1,BYPASS_FORWARD,73,-13.7271,-35.8542,PARALLEL_PARK,FORWARD
PARALLEL_1_BYPASS,PARALLEL,1,BYPASS_FORWARD,74,-13.7765,-35.7673,PARALLEL_PARK,FORWARD
PARALLEL_1_BYPASS,PARALLEL,1,BYPASS_FORWARD,75,-13.8265,-35.6807,PARALLEL_PARK,FORWARD
PARALLEL_1_BYPASS,PARALLEL,1,BYPASS_FORWARD,76,-13.8769,-35.5943,PARALLEL_PARK,FORWARD
PARALLEL_1_BYPASS,PARALLEL,1,BYPASS_FORWARD,77,-13.9278,-35.5082,PARALLEL_PARK,FORWARD
PARALLEL_1_BYPASS,PARALLEL,1,BYPASS_FORWARD,78,-13.9792,-35.4224,PARALLEL_PARK,FORWARD
PARALLEL_1_BYPASS,PARALLEL,1,BYPASS_FORWARD,79,-14.0310,-35.3369,PARALLEL_PARK,FORWARD
PARALLEL_1_BYPASS,PARALLEL,1,BYPASS_FORWARD,80,-14.0833,-35.2517,PARALLEL_PARK,FORWARD
PARALLEL_1_BYPASS,PARALLEL,1,BYPASS_FORWARD,81,-14.1360,-35.1667,PARALLEL_PARK,FORWARD
PARALLEL_1_BYPASS,PARALLEL,1,BYPASS_FORWARD,82,-14.1891,-35.0820,PARALLEL_PARK,FORWARD
PARALLEL_1_BYPASS,PARALLEL,1,BYPASS_FORWARD,83,-14.2427,-34.9976,PARALLEL_PARK,FORWARD
PARALLEL_1_BYPASS,PARALLEL,1,BYPASS_FORWARD,84,-14.2967,-34.9134,PARALLEL_PARK,FORWARD
PARALLEL_1_BYPASS,PARALLEL,1,BYPASS_FORWARD,85,-14.3512,-34.8295,PARALLEL_PARK,FORWARD
PARALLEL_1_BYPASS,PARALLEL,1,BYPASS_FORWARD,86,-14.4060,-34.7459,PARALLEL_PARK,FORWARD
PARALLEL_1_BYPASS,PARALLEL,1,BYPASS_FORWARD,87,-14.4613,-34.6625,PARALLEL_PARK,FORWARD
PARALLEL_1_BYPASS,PARALLEL,1,BYPASS_FORWARD,88,-14.5169,-34.5795,PARALLEL_PARK,FORWARD
PARALLEL_1_BYPASS,PARALLEL,1,BYPASS_FORWARD,89,-14.5730,-34.4966,PARALLEL_PARK,FORWARD
PARALLEL_1_BYPASS,PARALLEL,1,BYPASS_FORWARD,90,-14.6294,-34.4141,PARALLEL_PARK,FORWARD
PARALLEL_1_BYPASS,PARALLEL,1,BYPASS_FORWARD,91,-14.6862,-34.3318,PARALLEL_PARK,FORWARD
PARALLEL_1_BYPASS,PARALLEL,1,BYPASS_FORWARD,92,-14.7434,-34.2498,PARALLEL_PARK,FORWARD
PARALLEL_1_BYPASS,PARALLEL,1,BYPASS_FORWARD,93,-14.8010,-34.1680,PARALLEL_PARK,FORWARD
PARALLEL_1_BYPASS,PARALLEL,1,BYPASS_FORWARD,94,-14.8589,-34.0865,PARALLEL_PARK,FORWARD
PARALLEL_1_BYPASS,PARALLEL,1,BYPASS_FORWARD,95,-14.9172,-34.0053,PARALLEL_PARK,FORWARD
PARALLEL_1_BYPASS,PARALLEL,1,BYPASS_FORWARD,96,-14.9759,-33.9243,PARALLEL_PARK,FORWARD
PARALLEL_1_BYPASS,PARALLEL,1,BYPASS_FORWARD,97,-15.0349,-33.8436,PARALLEL_PARK,FORWARD
PARALLEL_1_BYPASS,PARALLEL,1,BYPASS_FORWARD,98,-15.0943,-33.7631,PARALLEL_PARK,FORWARD
PARALLEL_1_BYPASS,PARALLEL,1,BYPASS_FORWARD,99,-15.1540,-33.6829,PARALLEL_PARK,FORWARD
PARALLEL_1_BYPASS,PARALLEL,1,BYPASS_FORWARD,100,-15.2141,-33.6029,PARALLEL_PARK,FORWARD
PARALLEL_1_BYPASS,PARALLEL,1,BYPASS_FORWARD,101,-15.2745,-33.5232,PARALLEL_PARK,FORWARD
PARALLEL_1_BYPASS,PARALLEL,1,BYPASS_FORWARD,102,-15.3352,-33.4438,PARALLEL_PARK,FORWARD
PARALLEL_1_BYPASS,PARALLEL,1,BYPASS_FORWARD,103,-15.3963,-33.3646,PARALLEL_PARK,FORWARD
PARALLEL_1_BYPASS,PARALLEL,1,BYPASS_FORWARD,104,-15.4577,-33.2857,PARALLEL_PARK,FORWARD
PARALLEL_1_BYPASS,PARALLEL,1,BYPASS_FORWARD,105,-15.5194,-33.2070,PARALLEL_PARK,FORWARD
PARALLEL_1_BYPASS,PARALLEL,1,BYPASS_FORWARD,106,-15.5815,-33.1286,PARALLEL_PARK,FORWARD
PARALLEL_1_BYPASS,PARALLEL,1,BYPASS_FORWARD,107,-15.6439,-33.0504,PARALLEL_PARK,FORWARD
PARALLEL_1_BYPASS,PARALLEL,1,BYPASS_FORWARD,108,-15.7066,-32.9725,PARALLEL_PARK,FORWARD
PARALLEL_1_BYPASS,PARALLEL,1,BYPASS_FORWARD,109,-15.7696,-32.8949,PARALLEL_PARK,FORWARD
PARALLEL_1_BYPASS,PARALLEL,1,BYPASS_FORWARD,110,-15.8329,-32.8175,PARALLEL_PARK,FORWARD
PARALLEL_1_BYPASS,PARALLEL,1,BYPASS_FORWARD,111,-15.8965,-32.7403,PARALLEL_PARK,FORWARD
PARALLEL_1_BYPASS,PARALLEL,1,BYPASS_FORWARD,112,-15.9604,-32.6634,PARALLEL_PARK,FORWARD
PARALLEL_1_BYPASS,PARALLEL,1,BYPASS_FORWARD,113,-16.0247,-32.5868,PARALLEL_PARK,FORWARD
PARALLEL_1_BYPASS,PARALLEL,1,BYPASS_FORWARD,114,-16.0892,-32.5104,PARALLEL_PARK,FORWARD
PARALLEL_1_BYPASS,PARALLEL,1,BYPASS_FORWARD,115,-16.1540,-32.4343,PARALLEL_PARK,FORWARD
PARALLEL_1_BYPASS,PARALLEL,1,BYPASS_FORWARD,116,-16.2192,-32.3584,PARALLEL_PARK,FORWARD
PARALLEL_1_BYPASS,PARALLEL,1,BYPASS_FORWARD,117,-16.2846,-32.2828,PARALLEL_PARK,FORWARD
PARALLEL_1_BYPASS,PARALLEL,1,BYPASS_FORWARD,118,-16.3503,-32.2074,PARALLEL_PARK,FORWARD
PARALLEL_1_BYPASS,PARALLEL,1,BYPASS_FORWARD,119,-16.4163,-32.1323,PARALLEL_PARK,FORWARD
PARALLEL_1_BYPASS,PARALLEL,1,BYPASS_FORWARD,120,-16.4826,-32.0574,PARALLEL_PARK,FORWARD
PARALLEL_1_BYPASS,PARALLEL,1,BYPASS_FORWARD,121,-16.5492,-31.9828,PARALLEL_PARK,FORWARD
PARALLEL_1_BYPASS,PARALLEL,1,BYPASS_FORWARD,122,-16.6161,-31.9084,PARALLEL_PARK,FORWARD
PARALLEL_1_BYPASS,PARALLEL,1,BYPASS_FORWARD,123,-16.6832,-31.8343,PARALLEL_PARK,FORWARD
PARALLEL_1_BYPASS,PARALLEL,1,BYPASS_FORWARD,124,-16.7506,-31.7605,PARALLEL_PARK,FORWARD
PARALLEL_1_BYPASS,PARALLEL,1,BYPASS_FORWARD,125,-16.8184,-31.6869,PARALLEL_PARK,FORWARD
PARALLEL_1_BYPASS,PARALLEL,1,BYPASS_FORWARD,126,-16.8863,-31.6136,PARALLEL_PARK,FORWARD
PARALLEL_1_BYPASS,PARALLEL,1,BYPASS_FORWARD,127,-16.9546,-31.5405,PARALLEL_PARK,FORWARD
PARALLEL_1_BYPASS,PARALLEL,1,BYPASS_FORWARD,128,-17.0232,-31.4677,PARALLEL_PARK,FORWARD
PARALLEL_1_BYPASS,PARALLEL,1,BYPASS_FORWARD,129,-17.0920,-31.3951,PARALLEL_PARK,FORWARD
PARALLEL_1_BYPASS,PARALLEL,1,BYPASS_FORWARD,130,-17.1611,-31.3228,PARALLEL_PARK,FORWARD
PARALLEL_1_BYPASS,PARALLEL,1,BYPASS_FORWARD,131,-17.2304,-31.2508,PARALLEL_PARK,FORWARD
PARALLEL_1_BYPASS,PARALLEL,1,BYPASS_FORWARD,132,-17.3000,-31.1790,PARALLEL_PARK,FORWARD
PARALLEL_1_BYPASS,PARALLEL,1,BYPASS_FORWARD,133,-17.3699,-31.1075,PARALLEL_PARK,FORWARD
PARALLEL_1_BYPASS,PARALLEL,1,BYPASS_FORWARD,134,-17.4401,-31.0362,PARALLEL_PARK,FORWARD
PARALLEL_1_BYPASS,PARALLEL,1,BYPASS_FORWARD,135,-17.5105,-30.9652,PARALLEL_PARK,FORWARD
PARALLEL_1_BYPASS,PARALLEL,1,BYPASS_FORWARD,136,-17.5812,-30.8945,PARALLEL_PARK,FORWARD
PARALLEL_1_BYPASS,PARALLEL,1,BYPASS_FORWARD,137,-17.6522,-30.8241,PARALLEL_PARK,FORWARD
PARALLEL_1_BYPASS,PARALLEL,1,BYPASS_FORWARD,138,-17.7234,-30.7539,PARALLEL_PARK,FORWARD
PARALLEL_1_BYPASS,PARALLEL,1,BYPASS_FORWARD,139,-17.7949,-30.6840,PARALLEL_PARK,FORWARD
PARALLEL_1_BYPASS,PARALLEL,1,BYPASS_FORWARD,140,-17.8667,-30.6143,PARALLEL_PARK,FORWARD
PARALLEL_1_BYPASS,PARALLEL,1,BYPASS_FORWARD,141,-17.9387,-30.5449,PARALLEL_PARK,FORWARD
PARALLEL_1_BYPASS,PARALLEL,1,BYPASS_FORWARD,142,-18.0110,-30.4758,PARALLEL_PARK,FORWARD
PARALLEL_1_BYPASS,PARALLEL,1,BYPASS_FORWARD,143,-18.0835,-30.4070,PARALLEL_PARK,FORWARD
PARALLEL_1_BYPASS,PARALLEL,1,BYPASS_FORWARD,144,-18.1563,-30.3384,PARALLEL_PARK,FORWARD
PARALLEL_1_BYPASS,PARALLEL,1,BYPASS_FORWARD,145,-18.2294,-30.2702,PARALLEL_PARK,FORWARD
PARALLEL_1_BYPASS,PARALLEL,1,BYPASS_FORWARD,146,-18.3027,-30.2022,PARALLEL_PARK,FORWARD
PARALLEL_1_BYPASS,PARALLEL,1,BYPASS_FORWARD,147,-18.3763,-30.1345,PARALLEL_PARK,FORWARD
PARALLEL_1_BYPASS,PARALLEL,1,BYPASS_FORWARD,148,-18.4501,-30.0670,PARALLEL_PARK,FORWARD
PARALLEL_1_BYPASS,PARALLEL,1,BYPASS_FORWARD,149,-18.5243,-29.9999,PARALLEL_PARK,FORWARD
PARALLEL_1_BYPASS,PARALLEL,1,BYPASS_FORWARD,150,-18.5986,-29.9330,PARALLEL_PARK,FORWARD
PARALLEL_1_BYPASS,PARALLEL,1,BYPASS_FORWARD,151,-18.6732,-29.8665,PARALLEL_PARK,FORWARD
PARALLEL_1_BYPASS,PARALLEL,1,BYPASS_FORWARD,152,-18.7481,-29.8002,PARALLEL_PARK,FORWARD
PARALLEL_1_BYPASS,PARALLEL,1,BYPASS_FORWARD,153,-18.8233,-29.7342,PARALLEL_PARK,FORWARD
PARALLEL_1_BYPASS,PARALLEL,1,BYPASS_FORWARD,154,-18.8987,-29.6685,PARALLEL_PARK,FORWARD
PARALLEL_1_BYPASS,PARALLEL,1,BYPASS_FORWARD,155,-18.9743,-29.6031,PARALLEL_PARK,FORWARD
PARALLEL_1_BYPASS,PARALLEL,1,BYPASS_FORWARD,156,-19.0503,-29.5381,PARALLEL_PARK,FORWARD
PARALLEL_1_BYPASS,PARALLEL,1,BYPASS_FORWARD,157,-19.1264,-29.4733,PARALLEL_PARK,FORWARD
PARALLEL_1_BYPASS,PARALLEL,1,BYPASS_FORWARD,158,-19.2029,-29.4088,PARALLEL_PARK,FORWARD
PARALLEL_1_BYPASS,PARALLEL,1,BYPASS_FORWARD,159,-19.2796,-29.3446,PARALLEL_PARK,FORWARD
PARALLEL_1_BYPASS,PARALLEL,1,BYPASS_FORWARD,160,-19.3565,-29.2808,PARALLEL_PARK,FORWARD
PARALLEL_1_BYPASS,PARALLEL,1,BYPASS_FORWARD,161,-19.4338,-29.2173,PARALLEL_PARK,FORWARD
PARALLEL_1_BYPASS,PARALLEL,1,BYPASS_FORWARD,162,-19.5113,-29.1541,PARALLEL_PARK,FORWARD
PARALLEL_1_BYPASS,PARALLEL,1,BYPASS_FORWARD,163,-19.5890,-29.0912,PARALLEL_PARK,FORWARD
PARALLEL_1_BYPASS,PARALLEL,1,BYPASS_FORWARD,164,-19.6670,-29.0286,PARALLEL_PARK,FORWARD
PARALLEL_1_BYPASS,PARALLEL,1,BYPASS_FORWARD,165,-19.7453,-28.9664,PARALLEL_PARK,FORWARD
PARALLEL_1_BYPASS,PARALLEL,1,BYPASS_FORWARD,166,-19.8238,-28.9045,PARALLEL_PARK,FORWARD
PARALLEL_1_BYPASS,PARALLEL,1,BYPASS_FORWARD,167,-19.9026,-28.8429,PARALLEL_PARK,FORWARD
PARALLEL_1_BYPASS,PARALLEL,1,BYPASS_FORWARD,168,-19.9817,-28.7817,PARALLEL_PARK,FORWARD
PARALLEL_1_BYPASS,PARALLEL,1,BYPASS_FORWARD,169,-20.0610,-28.7208,PARALLEL_PARK,FORWARD
PARALLEL_1_BYPASS,PARALLEL,1,BYPASS_FORWARD,170,-20.1406,-28.6603,PARALLEL_PARK,FORWARD
PARALLEL_1_BYPASS,PARALLEL,1,BYPASS_FORWARD,171,-20.2205,-28.6001,PARALLEL_PARK,FORWARD
PARALLEL_1_BYPASS,PARALLEL,1,BYPASS_FORWARD,172,-20.3007,-28.5403,PARALLEL_PARK,FORWARD
PARALLEL_1_BYPASS,PARALLEL,1,BYPASS_FORWARD,173,-20.3811,-28.4808,PARALLEL_PARK,FORWARD
PARALLEL_1_BYPASS,PARALLEL,1,BYPASS_FORWARD,174,-20.4618,-28.4218,PARALLEL_PARK,FORWARD
PARALLEL_1_BYPASS,PARALLEL,1,BYPASS_FORWARD,175,-20.5427,-28.3631,PARALLEL_PARK,FORWARD
PARALLEL_1_BYPASS,PARALLEL,1,BYPASS_FORWARD,176,-20.6239,-28.3047,PARALLEL_PARK,FORWARD
PARALLEL_1_BYPASS,PARALLEL,1,BYPASS_FORWARD,177,-20.7054,-28.2468,PARALLEL_PARK,FORWARD
PARALLEL_1_BYPASS,PARALLEL,1,BYPASS_FORWARD,178,-20.7872,-28.1892,PARALLEL_PARK,FORWARD
PARALLEL_1_BYPASS,PARALLEL,1,BYPASS_FORWARD,179,-20.8693,-28.1321,PARALLEL_PARK,FORWARD
PARALLEL_1_BYPASS,PARALLEL,1,BYPASS_FORWARD,180,-20.9516,-28.0753,PARALLEL_PARK,FORWARD
PARALLEL_1_BYPASS,PARALLEL,1,BYPASS_FORWARD,181,-21.0342,-28.0190,PARALLEL_PARK,FORWARD
PARALLEL_1_BYPASS,PARALLEL,1,BYPASS_FORWARD,182,-21.1171,-27.9631,PARALLEL_PARK,FORWARD
PARALLEL_1_BYPASS,PARALLEL,1,BYPASS_FORWARD,183,-21.2003,-27.9075,PARALLEL_PARK,FORWARD
PARALLEL_1_BYPASS,PARALLEL,1,BYPASS_FORWARD,184,-21.2838,-27.8525,PARALLEL_PARK,FORWARD
PARALLEL_1_BYPASS,PARALLEL,1,BYPASS_FORWARD,185,-21.3675,-27.7978,PARALLEL_PARK,FORWARD
PARALLEL_1_BYPASS,PARALLEL,1,BYPASS_FORWARD,186,-21.4515,-27.7436,PARALLEL_PARK,FORWARD
PARALLEL_1_BYPASS,PARALLEL,1,BYPASS_FORWARD,187,-21.5359,-27.6899,PARALLEL_PARK,FORWARD
PARALLEL_1_BYPASS,PARALLEL,1,BYPASS_FORWARD,188,-21.6205,-27.6366,PARALLEL_PARK,FORWARD
PARALLEL_1_BYPASS,PARALLEL,1,BYPASS_FORWARD,189,-21.7054,-27.5838,PARALLEL_PARK,FORWARD
PARALLEL_1_BYPASS,PARALLEL,1,BYPASS_FORWARD,190,-21.7906,-27.5314,PARALLEL_PARK,FORWARD
PARALLEL_1_BYPASS,PARALLEL,1,BYPASS_FORWARD,191,-21.8761,-27.4796,PARALLEL_PARK,FORWARD
PARALLEL_1_BYPASS,PARALLEL,1,BYPASS_FORWARD,192,-21.9619,-27.4282,PARALLEL_PARK,FORWARD
PARALLEL_1_BYPASS,PARALLEL,1,BYPASS_FORWARD,193,-22.0480,-27.3774,PARALLEL_PARK,FORWARD
PARALLEL_1_BYPASS,PARALLEL,1,BYPASS_FORWARD,194,-22.1345,-27.3271,PARALLEL_PARK,FORWARD
PARALLEL_1_BYPASS,PARALLEL,1,BYPASS_FORWARD,195,-22.2212,-27.2773,PARALLEL_PARK,FORWARD
PARALLEL_1_BYPASS,PARALLEL,1,BYPASS_FORWARD,196,-22.3082,-27.2280,PARALLEL_PARK,FORWARD
PARALLEL_1_BYPASS,PARALLEL,1,BYPASS_FORWARD,197,-22.3955,-27.1793,PARALLEL_PARK,FORWARD
PARALLEL_1_BYPASS,PARALLEL,1,BYPASS_FORWARD,198,-22.4832,-27.1311,PARALLEL_PARK,FORWARD
PARALLEL_1_BYPASS,PARALLEL,1,BYPASS_FORWARD,199,-22.5711,-27.0836,PARALLEL_PARK,FORWARD
PARALLEL_1_BYPASS,PARALLEL,1,BYPASS_FORWARD,200,-22.6594,-27.0366,PARALLEL_PARK,FORWARD
PARALLEL_1_BYPASS,PARALLEL,1,BYPASS_FORWARD,201,-22.7480,-26.9902,PARALLEL_PARK,FORWARD
PARALLEL_1_BYPASS,PARALLEL,1,BYPASS_FORWARD,202,-22.8369,-26.9444,PARALLEL_PARK,FORWARD
PARALLEL_1_BYPASS,PARALLEL,1,BYPASS_FORWARD,203,-22.9262,-26.8993,PARALLEL_PARK,FORWARD
PARALLEL_1_BYPASS,PARALLEL,1,BYPASS_FORWARD,204,-23.0157,-26.8548,PARALLEL_PARK,FORWARD
PARALLEL_1_BYPASS,PARALLEL,1,BYPASS_FORWARD,205,-23.1056,-26.8110,PARALLEL_PARK,FORWARD
PARALLEL_1_BYPASS,PARALLEL,1,BYPASS_FORWARD,206,-23.1958,-26.7679,PARALLEL_PARK,FORWARD
PARALLEL_1_BYPASS,PARALLEL,1,BYPASS_FORWARD,207,-23.2864,-26.7255,PARALLEL_PARK,FORWARD
PARALLEL_1_BYPASS,PARALLEL,1,BYPASS_FORWARD,208,-23.3773,-26.6837,PARALLEL_PARK,FORWARD
PARALLEL_1_BYPASS,PARALLEL,1,BYPASS_FORWARD,209,-23.4685,-26.6428,PARALLEL_PARK,FORWARD
PARALLEL_1_BYPASS,PARALLEL,1,BYPASS_FORWARD,210,-23.5600,-26.6026,PARALLEL_PARK,FORWARD
PARALLEL_1_BYPASS,PARALLEL,1,BYPASS_FORWARD,211,-23.6519,-26.5631,PARALLEL_PARK,FORWARD
PARALLEL_1_BYPASS,PARALLEL,1,BYPASS_FORWARD,212,-23.7442,-26.5245,PARALLEL_PARK,FORWARD
PARALLEL_1_BYPASS,PARALLEL,1,BYPASS_FORWARD,213,-23.8368,-26.4867,PARALLEL_PARK,FORWARD
PARALLEL_1_BYPASS,PARALLEL,1,BYPASS_FORWARD,214,-23.9297,-26.4498,PARALLEL_PARK,FORWARD
PARALLEL_1_BYPASS,PARALLEL,1,BYPASS_FORWARD,215,-24.0230,-26.4137,PARALLEL_PARK,FORWARD
PARALLEL_1_BYPASS,PARALLEL,1,BYPASS_FORWARD,216,-24.1166,-26.3785,PARALLEL_PARK,FORWARD
PARALLEL_1_BYPASS,PARALLEL,1,BYPASS_FORWARD,217,-24.2105,-26.3443,PARALLEL_PARK,FORWARD
PARALLEL_1_BYPASS,PARALLEL,1,BYPASS_FORWARD,218,-24.3048,-26.3110,PARALLEL_PARK,FORWARD
PARALLEL_1_BYPASS,PARALLEL,1,BYPASS_FORWARD,219,-24.3995,-26.2787,PARALLEL_PARK,FORWARD
PARALLEL_1_BYPASS,PARALLEL,1,BYPASS_FORWARD,220,-24.4945,-26.2475,PARALLEL_PARK,FORWARD
PARALLEL_1_BYPASS,PARALLEL,1,BYPASS_FORWARD,221,-24.5898,-26.2173,PARALLEL_PARK,FORWARD
PARALLEL_1_BYPASS,PARALLEL,1,BYPASS_FORWARD,222,-24.6855,-26.1882,PARALLEL_PARK,FORWARD
PARALLEL_1_BYPASS,PARALLEL,1,BYPASS_FORWARD,223,-24.7815,-26.1603,PARALLEL_PARK,FORWARD
PARALLEL_1_BYPASS,PARALLEL,1,BYPASS_FORWARD,224,-24.8778,-26.1335,PARALLEL_PARK,FORWARD
PARALLEL_1_BYPASS,PARALLEL,1,BYPASS_FORWARD,225,-24.9745,-26.1080,PARALLEL_PARK,FORWARD
PARALLEL_1_BYPASS,PARALLEL,1,BYPASS_FORWARD,226,-25.0715,-26.0837,PARALLEL_PARK,FORWARD
PARALLEL_1_BYPASS,PARALLEL,1,BYPASS_FORWARD,227,-25.1689,-26.0607,PARALLEL_PARK,FORWARD
PARALLEL_1_BYPASS,PARALLEL,1,BYPASS_FORWARD,228,-25.2665,-26.0391,PARALLEL_PARK,FORWARD
PARALLEL_1_BYPASS,PARALLEL,1,BYPASS_FORWARD,229,-25.3644,-26.0189,PARALLEL_PARK,FORWARD
PARALLEL_1_BYPASS,PARALLEL,1,BYPASS_FORWARD,230,-25.4627,-26.0002,PARALLEL_PARK,FORWARD
PARALLEL_1_BYPASS,PARALLEL,1,BYPASS_FORWARD,231,-25.5612,-25.9829,PARALLEL_PARK,FORWARD
PARALLEL_1_BYPASS,PARALLEL,1,BYPASS_FORWARD,232,-25.6599,-25.9673,PARALLEL_PARK,FORWARD
PARALLEL_1_BYPASS,PARALLEL,1,BYPASS_FORWARD,233,-25.7589,-25.9533,PARALLEL_PARK,FORWARD
PARALLEL_1_BYPASS,PARALLEL,1,BYPASS_FORWARD,234,-25.8582,-25.9410,PARALLEL_PARK,FORWARD
PARALLEL_1_BYPASS,PARALLEL,1,BYPASS_FORWARD,235,-25.9576,-25.9304,PARALLEL_PARK,FORWARD
PARALLEL_1_BYPASS,PARALLEL,1,BYPASS_FORWARD,236,-26.0572,-25.9218,PARALLEL_PARK,FORWARD
PARALLEL_1_REVERSE,PARALLEL,1,PARK_REVERSE,0,-26.0592,-25.9216,PARALLEL_PARK,REVERSE
PARALLEL_1_REVERSE,PARALLEL,1,PARK_REVERSE,1,-25.9938,-25.9267,PARALLEL_PARK,REVERSE
PARALLEL_1_REVERSE,PARALLEL,1,PARK_REVERSE,2,-25.8941,-25.9342,PARALLEL_PARK,REVERSE
PARALLEL_1_REVERSE,PARALLEL,1,PARK_REVERSE,3,-25.7943,-25.9415,PARALLEL_PARK,REVERSE
PARALLEL_1_REVERSE,PARALLEL,1,PARK_REVERSE,4,-25.6946,-25.9483,PARALLEL_PARK,REVERSE
PARALLEL_1_REVERSE,PARALLEL,1,PARK_REVERSE,5,-25.5948,-25.9545,PARALLEL_PARK,REVERSE
PARALLEL_1_REVERSE,PARALLEL,1,PARK_REVERSE,6,-25.4949,-25.9599,PARALLEL_PARK,REVERSE
PARALLEL_1_REVERSE,PARALLEL,1,PARK_REVERSE,7,-25.3950,-25.9645,PARALLEL_PARK,REVERSE
PARALLEL_1_REVERSE,PARALLEL,1,PARK_REVERSE,8,-25.2951,-25.9682,PARALLEL_PARK,REVERSE
PARALLEL_1_REVERSE,PARALLEL,1,PARK_REVERSE,9,-25.1951,-25.9709,PARALLEL_PARK,REVERSE
PARALLEL_1_REVERSE,PARALLEL,1,PARK_REVERSE,10,-25.0951,-25.9725,PARALLEL_PARK,REVERSE
PARALLEL_1_REVERSE,PARALLEL,1,PARK_REVERSE,11,-24.9951,-25.9731,PARALLEL_PARK,REVERSE
PARALLEL_1_REVERSE,PARALLEL,1,PARK_REVERSE,12,-24.8951,-25.9725,PARALLEL_PARK,REVERSE
PARALLEL_1_REVERSE,PARALLEL,1,PARK_REVERSE,13,-24.7952,-25.9708,PARALLEL_PARK,REVERSE
PARALLEL_1_REVERSE,PARALLEL,1,PARK_REVERSE,14,-24.6952,-25.9679,PARALLEL_PARK,REVERSE
PARALLEL_1_REVERSE,PARALLEL,1,PARK_REVERSE,15,-24.5953,-25.9638,PARALLEL_PARK,REVERSE
PARALLEL_1_REVERSE,PARALLEL,1,PARK_REVERSE,16,-24.4954,-25.9585,PARALLEL_PARK,REVERSE
PARALLEL_1_REVERSE,PARALLEL,1,PARK_REVERSE,17,-24.3956,-25.9520,PARALLEL_PARK,REVERSE
PARALLEL_1_REVERSE,PARALLEL,1,PARK_REVERSE,18,-24.2959,-25.9442,PARALLEL_PARK,REVERSE
PARALLEL_1_REVERSE,PARALLEL,1,PARK_REVERSE,19,-24.1963,-25.9352,PARALLEL_PARK,REVERSE
PARALLEL_1_REVERSE,PARALLEL,1,PARK_REVERSE,20,-24.0969,-25.9250,PARALLEL_PARK,REVERSE
PARALLEL_1_REVERSE,PARALLEL,1,PARK_REVERSE,21,-23.9975,-25.9136,PARALLEL_PARK,REVERSE
PARALLEL_1_REVERSE,PARALLEL,1,PARK_REVERSE,22,-23.8983,-25.9009,PARALLEL_PARK,REVERSE
PARALLEL_1_REVERSE,PARALLEL,1,PARK_REVERSE,23,-23.7993,-25.8870,PARALLEL_PARK,REVERSE
PARALLEL_1_REVERSE,PARALLEL,1,PARK_REVERSE,24,-23.7004,-25.8719,PARALLEL_PARK,REVERSE
PARALLEL_1_REVERSE,PARALLEL,1,PARK_REVERSE,25,-23.6018,-25.8556,PARALLEL_PARK,REVERSE
PARALLEL_1_REVERSE,PARALLEL,1,PARK_REVERSE,26,-23.5033,-25.8381,PARALLEL_PARK,REVERSE
PARALLEL_1_REVERSE,PARALLEL,1,PARK_REVERSE,27,-23.4051,-25.8194,PARALLEL_PARK,REVERSE
PARALLEL_1_REVERSE,PARALLEL,1,PARK_REVERSE,28,-23.3071,-25.7995,PARALLEL_PARK,REVERSE
PARALLEL_1_REVERSE,PARALLEL,1,PARK_REVERSE,29,-23.2093,-25.7785,PARALLEL_PARK,REVERSE
PARALLEL_1_REVERSE,PARALLEL,1,PARK_REVERSE,30,-23.1118,-25.7563,PARALLEL_PARK,REVERSE
PARALLEL_1_REVERSE,PARALLEL,1,PARK_REVERSE,31,-23.0146,-25.7330,PARALLEL_PARK,REVERSE
PARALLEL_1_REVERSE,PARALLEL,1,PARK_REVERSE,32,-22.9176,-25.7085,PARALLEL_PARK,REVERSE
PARALLEL_1_REVERSE,PARALLEL,1,PARK_REVERSE,33,-22.8209,-25.6830,PARALLEL_PARK,REVERSE
PARALLEL_1_REVERSE,PARALLEL,1,PARK_REVERSE,34,-22.7245,-25.6564,PARALLEL_PARK,REVERSE
PARALLEL_1_REVERSE,PARALLEL,1,PARK_REVERSE,35,-22.6284,-25.6288,PARALLEL_PARK,REVERSE
PARALLEL_1_REVERSE,PARALLEL,1,PARK_REVERSE,36,-22.5326,-25.6001,PARALLEL_PARK,REVERSE
PARALLEL_1_REVERSE,PARALLEL,1,PARK_REVERSE,37,-22.4371,-25.5705,PARALLEL_PARK,REVERSE
PARALLEL_1_REVERSE,PARALLEL,1,PARK_REVERSE,38,-22.3419,-25.5399,PARALLEL_PARK,REVERSE
PARALLEL_1_REVERSE,PARALLEL,1,PARK_REVERSE,39,-22.2470,-25.5083,PARALLEL_PARK,REVERSE
PARALLEL_1_REVERSE,PARALLEL,1,PARK_REVERSE,40,-22.1524,-25.4759,PARALLEL_PARK,REVERSE
PARALLEL_1_REVERSE,PARALLEL,1,PARK_REVERSE,41,-22.0581,-25.4426,PARALLEL_PARK,REVERSE
PARALLEL_1_REVERSE,PARALLEL,1,PARK_REVERSE,42,-21.9641,-25.4085,PARALLEL_PARK,REVERSE
PARALLEL_1_REVERSE,PARALLEL,1,PARK_REVERSE,43,-21.8704,-25.3736,PARALLEL_PARK,REVERSE
PARALLEL_1_REVERSE,PARALLEL,1,PARK_REVERSE,44,-21.7770,-25.3379,PARALLEL_PARK,REVERSE
PARALLEL_1_REVERSE,PARALLEL,1,PARK_REVERSE,45,-21.6839,-25.3015,PARALLEL_PARK,REVERSE
PARALLEL_1_REVERSE,PARALLEL,1,PARK_REVERSE,46,-21.5910,-25.2644,PARALLEL_PARK,REVERSE
PARALLEL_1_REVERSE,PARALLEL,1,PARK_REVERSE,47,-21.4984,-25.2267,PARALLEL_PARK,REVERSE
PARALLEL_1_REVERSE,PARALLEL,1,PARK_REVERSE,48,-21.4060,-25.1885,PARALLEL_PARK,REVERSE
PARALLEL_1_REVERSE,PARALLEL,1,PARK_REVERSE,49,-21.3138,-25.1496,PARALLEL_PARK,REVERSE
PARALLEL_1_REVERSE,PARALLEL,1,PARK_REVERSE,50,-21.2219,-25.1103,PARALLEL_PARK,REVERSE
PARALLEL_1_REVERSE,PARALLEL,1,PARK_REVERSE,51,-21.1301,-25.0706,PARALLEL_PARK,REVERSE
PARALLEL_1_REVERSE,PARALLEL,1,PARK_REVERSE,52,-21.0385,-25.0304,PARALLEL_PARK,REVERSE
PARALLEL_1_REVERSE,PARALLEL,1,PARK_REVERSE,53,-20.9471,-24.9899,PARALLEL_PARK,REVERSE
PARALLEL_1_REVERSE,PARALLEL,1,PARK_REVERSE,54,-20.8558,-24.9491,PARALLEL_PARK,REVERSE
PARALLEL_1_REVERSE,PARALLEL,1,PARK_REVERSE,55,-20.7646,-24.9081,PARALLEL_PARK,REVERSE
PARALLEL_1_REVERSE,PARALLEL,1,PARK_REVERSE,56,-20.6735,-24.8669,PARALLEL_PARK,REVERSE
PARALLEL_1_REVERSE,PARALLEL,1,PARK_REVERSE,57,-20.5824,-24.8256,PARALLEL_PARK,REVERSE
PARALLEL_1_REVERSE,PARALLEL,1,PARK_REVERSE,58,-20.4913,-24.7843,PARALLEL_PARK,REVERSE
PARALLEL_1_REVERSE,PARALLEL,1,PARK_REVERSE,59,-20.4003,-24.7429,PARALLEL_PARK,REVERSE
PARALLEL_1_REVERSE,PARALLEL,1,PARK_REVERSE,60,-20.3092,-24.7017,PARALLEL_PARK,REVERSE
PARALLEL_1_REVERSE,PARALLEL,1,PARK_REVERSE,61,-20.2180,-24.6606,PARALLEL_PARK,REVERSE
PARALLEL_1_REVERSE,PARALLEL,1,PARK_REVERSE,62,-20.1267,-24.6198,PARALLEL_PARK,REVERSE
PARALLEL_1_REVERSE,PARALLEL,1,PARK_REVERSE,63,-20.0353,-24.5792,PARALLEL_PARK,REVERSE
PARALLEL_1_REVERSE,PARALLEL,1,PARK_REVERSE,64,-19.9437,-24.5391,PARALLEL_PARK,REVERSE
PARALLEL_1_REVERSE,PARALLEL,1,PARK_REVERSE,65,-19.8519,-24.4995,PARALLEL_PARK,REVERSE
PARALLEL_1_REVERSE,PARALLEL,1,PARK_REVERSE,66,-19.7598,-24.4606,PARALLEL_PARK,REVERSE
PARALLEL_1_REVERSE,PARALLEL,1,PARK_REVERSE,67,-19.6674,-24.4223,PARALLEL_PARK,REVERSE
PARALLEL_1_REVERSE,PARALLEL,1,PARK_REVERSE,68,-19.5747,-24.3849,PARALLEL_PARK,REVERSE
PARALLEL_1_REVERSE,PARALLEL,1,PARK_REVERSE,69,-19.4815,-24.3485,PARALLEL_PARK,REVERSE
PARALLEL_1_REVERSE,PARALLEL,1,PARK_REVERSE,70,-19.3880,-24.3132,PARALLEL_PARK,REVERSE
PARALLEL_1_REVERSE,PARALLEL,1,PARK_REVERSE,71,-19.2939,-24.2792,PARALLEL_PARK,REVERSE
PARALLEL_1_REVERSE,PARALLEL,1,PARK_REVERSE,72,-19.1994,-24.2467,PARALLEL_PARK,REVERSE
PARALLEL_1_REVERSE,PARALLEL,1,PARK_REVERSE,73,-19.1042,-24.2158,PARALLEL_PARK,REVERSE
PARALLEL_1_REVERSE,PARALLEL,1,PARK_REVERSE,74,-19.0085,-24.1868,PARALLEL_PARK,REVERSE
PARALLEL_1_REVERSE,PARALLEL,1,PARK_REVERSE,75,-18.9122,-24.1599,PARALLEL_PARK,REVERSE
PARALLEL_1_REVERSE,PARALLEL,1,PARK_REVERSE,76,-18.8153,-24.1353,PARALLEL_PARK,REVERSE
PARALLEL_1_REVERSE,PARALLEL,1,PARK_REVERSE,77,-18.7178,-24.1133,PARALLEL_PARK,REVERSE
PARALLEL_1_REVERSE,PARALLEL,1,PARK_REVERSE,78,-18.6196,-24.0942,PARALLEL_PARK,REVERSE
PARALLEL_1_REVERSE,PARALLEL,1,PARK_REVERSE,79,-18.5209,-24.0783,PARALLEL_PARK,REVERSE
PARALLEL_1_REVERSE,PARALLEL,1,PARK_REVERSE,80,-18.4217,-24.0659,PARALLEL_PARK,REVERSE
PARALLEL_1_REVERSE,PARALLEL,1,PARK_REVERSE,81,-18.3220,-24.0573,PARALLEL_PARK,REVERSE
PARALLEL_1_REVERSE,PARALLEL,1,PARK_REVERSE,82,-18.2221,-24.0529,PARALLEL_PARK,REVERSE
PARALLEL_1_REVERSE,PARALLEL,1,PARK_REVERSE,83,-18.1222,-24.0528,PARALLEL_PARK,REVERSE
PARALLEL_1_REVERSE,PARALLEL,1,PARK_REVERSE,84,-18.0223,-24.0574,PARALLEL_PARK,REVERSE
PARALLEL_1_REVERSE,PARALLEL,1,PARK_REVERSE,85,-17.9227,-24.0668,PARALLEL_PARK,REVERSE
PARALLEL_1_REVERSE,PARALLEL,1,PARK_REVERSE,86,-17.8238,-24.0811,PARALLEL_PARK,REVERSE
PARALLEL_1_REVERSE,PARALLEL,1,PARK_REVERSE,87,-17.7256,-24.1003,PARALLEL_PARK,REVERSE
PARALLEL_1_REVERSE,PARALLEL,1,PARK_REVERSE,88,-17.6285,-24.1242,PARALLEL_PARK,REVERSE
PARALLEL_1_REVERSE,PARALLEL,1,PARK_REVERSE,89,-17.5327,-24.1526,PARALLEL_PARK,REVERSE
PARALLEL_1_REVERSE,PARALLEL,1,PARK_REVERSE,90,-17.4382,-24.1852,PARALLEL_PARK,REVERSE
PARALLEL_1_REVERSE,PARALLEL,1,PARK_REVERSE,91,-17.3450,-24.2216,PARALLEL_PARK,REVERSE
PARALLEL_1_REVERSE,PARALLEL,1,PARK_REVERSE,92,-17.2532,-24.2613,PARALLEL_PARK,REVERSE
PARALLEL_1_REVERSE,PARALLEL,1,PARK_REVERSE,93,-17.1627,-24.3037,PARALLEL_PARK,REVERSE
PARALLEL_1_REVERSE,PARALLEL,1,PARK_REVERSE,94,-17.0731,-24.3483,PARALLEL_PARK,REVERSE
PARALLEL_1_REVERSE,PARALLEL,1,PARK_REVERSE,95,-16.9844,-24.3943,PARALLEL_PARK,REVERSE
PARALLEL_1_REVERSE,PARALLEL,1,PARK_REVERSE,96,-16.8960,-24.4411,PARALLEL_PARK,REVERSE
PARALLEL_1_REVERSE,PARALLEL,1,PARK_REVERSE,97,-16.8077,-24.4880,PARALLEL_PARK,REVERSE
PARALLEL_1_REVERSE,PARALLEL,1,PARK_REVERSE,98,-16.7194,-24.5350,PARALLEL_PARK,REVERSE
PARALLEL_1_REVERSE,PARALLEL,1,PARK_REVERSE,99,-16.6311,-24.5819,PARALLEL_PARK,REVERSE
PARALLEL_1_REVERSE,PARALLEL,1,PARK_REVERSE,100,-16.5428,-24.6288,PARALLEL_PARK,REVERSE
PARALLEL_1_REVERSE,PARALLEL,1,PARK_REVERSE,101,-16.4545,-24.6758,PARALLEL_PARK,REVERSE
PARALLEL_1_REVERSE,PARALLEL,1,PARK_REVERSE,102,-16.3662,-24.7227,PARALLEL_PARK,REVERSE
PARALLEL_1_REVERSE,PARALLEL,1,PARK_REVERSE,103,-16.2779,-24.7697,PARALLEL_PARK,REVERSE
PARALLEL_1_REVERSE,PARALLEL,1,PARK_REVERSE,104,-16.1896,-24.8166,PARALLEL_PARK,REVERSE
PARALLEL_1_REVERSE,PARALLEL,1,PARK_REVERSE,105,-16.1013,-24.8635,PARALLEL_PARK,REVERSE
PARALLEL_1_REVERSE,PARALLEL,1,PARK_REVERSE,106,-16.0130,-24.9105,PARALLEL_PARK,REVERSE
PARALLEL_1_REVERSE,PARALLEL,1,PARK_REVERSE,107,-15.9247,-24.9574,PARALLEL_PARK,REVERSE
PARALLEL_1_REVERSE,PARALLEL,1,PARK_REVERSE,108,-15.8364,-25.0043,PARALLEL_PARK,REVERSE
PARALLEL_1_REVERSE,PARALLEL,1,PARK_REVERSE,109,-15.7481,-25.0513,PARALLEL_PARK,REVERSE
PARALLEL_1_EXIT,PARALLEL,1,PARK_EXIT_FORWARD,0,-15.6598,-25.0982,PARALLEL_PARK,FORWARD
PARALLEL_1_EXIT,PARALLEL,1,PARK_EXIT_FORWARD,1,-15.7481,-25.0513,PARALLEL_PARK,FORWARD
PARALLEL_1_EXIT,PARALLEL,1,PARK_EXIT_FORWARD,2,-15.8364,-25.0043,PARALLEL_PARK,FORWARD
PARALLEL_1_EXIT,PARALLEL,1,PARK_EXIT_FORWARD,3,-15.9247,-24.9574,PARALLEL_PARK,FORWARD
PARALLEL_1_EXIT,PARALLEL,1,PARK_EXIT_FORWARD,4,-16.0130,-24.9105,PARALLEL_PARK,FORWARD
PARALLEL_1_EXIT,PARALLEL,1,PARK_EXIT_FORWARD,5,-16.1013,-24.8635,PARALLEL_PARK,FORWARD
PARALLEL_1_EXIT,PARALLEL,1,PARK_EXIT_FORWARD,6,-16.1896,-24.8166,PARALLEL_PARK,FORWARD
PARALLEL_1_EXIT,PARALLEL,1,PARK_EXIT_FORWARD,7,-16.2779,-24.7697,PARALLEL_PARK,FORWARD
PARALLEL_1_EXIT,PARALLEL,1,PARK_EXIT_FORWARD,8,-16.3662,-24.7227,PARALLEL_PARK,FORWARD
PARALLEL_1_EXIT,PARALLEL,1,PARK_EXIT_FORWARD,9,-16.4545,-24.6758,PARALLEL_PARK,FORWARD
PARALLEL_1_EXIT,PARALLEL,1,PARK_EXIT_FORWARD,10,-16.5428,-24.6288,PARALLEL_PARK,FORWARD
PARALLEL_1_EXIT,PARALLEL,1,PARK_EXIT_FORWARD,11,-16.6311,-24.5819,PARALLEL_PARK,FORWARD
PARALLEL_1_EXIT,PARALLEL,1,PARK_EXIT_FORWARD,12,-16.7194,-24.5350,PARALLEL_PARK,FORWARD
PARALLEL_1_EXIT,PARALLEL,1,PARK_EXIT_FORWARD,13,-16.8077,-24.4880,PARALLEL_PARK,FORWARD
PARALLEL_1_EXIT,PARALLEL,1,PARK_EXIT_FORWARD,14,-16.8960,-24.4411,PARALLEL_PARK,FORWARD
PARALLEL_1_EXIT,PARALLEL,1,PARK_EXIT_FORWARD,15,-16.9844,-24.3943,PARALLEL_PARK,FORWARD
PARALLEL_1_EXIT,PARALLEL,1,PARK_EXIT_FORWARD,16,-17.0731,-24.3483,PARALLEL_PARK,FORWARD
PARALLEL_1_EXIT,PARALLEL,1,PARK_EXIT_FORWARD,17,-17.1627,-24.3037,PARALLEL_PARK,FORWARD
PARALLEL_1_EXIT,PARALLEL,1,PARK_EXIT_FORWARD,18,-17.2532,-24.2613,PARALLEL_PARK,FORWARD
PARALLEL_1_EXIT,PARALLEL,1,PARK_EXIT_FORWARD,19,-17.3450,-24.2216,PARALLEL_PARK,FORWARD
PARALLEL_1_EXIT,PARALLEL,1,PARK_EXIT_FORWARD,20,-17.4382,-24.1852,PARALLEL_PARK,FORWARD
PARALLEL_1_EXIT,PARALLEL,1,PARK_EXIT_FORWARD,21,-17.5327,-24.1526,PARALLEL_PARK,FORWARD
PARALLEL_1_EXIT,PARALLEL,1,PARK_EXIT_FORWARD,22,-17.6285,-24.1242,PARALLEL_PARK,FORWARD
PARALLEL_1_EXIT,PARALLEL,1,PARK_EXIT_FORWARD,23,-17.7256,-24.1003,PARALLEL_PARK,FORWARD
PARALLEL_1_EXIT,PARALLEL,1,PARK_EXIT_FORWARD,24,-17.8238,-24.0811,PARALLEL_PARK,FORWARD
PARALLEL_1_EXIT,PARALLEL,1,PARK_EXIT_FORWARD,25,-17.9227,-24.0668,PARALLEL_PARK,FORWARD
PARALLEL_1_EXIT,PARALLEL,1,PARK_EXIT_FORWARD,26,-18.0223,-24.0574,PARALLEL_PARK,FORWARD
PARALLEL_1_EXIT,PARALLEL,1,PARK_EXIT_FORWARD,27,-18.1222,-24.0528,PARALLEL_PARK,FORWARD
PARALLEL_1_EXIT,PARALLEL,1,PARK_EXIT_FORWARD,28,-18.2221,-24.0529,PARALLEL_PARK,FORWARD
PARALLEL_1_EXIT,PARALLEL,1,PARK_EXIT_FORWARD,29,-18.3220,-24.0573,PARALLEL_PARK,FORWARD
PARALLEL_1_EXIT,PARALLEL,1,PARK_EXIT_FORWARD,30,-18.4217,-24.0659,PARALLEL_PARK,FORWARD
PARALLEL_1_EXIT,PARALLEL,1,PARK_EXIT_FORWARD,31,-18.5209,-24.0783,PARALLEL_PARK,FORWARD
PARALLEL_1_EXIT,PARALLEL,1,PARK_EXIT_FORWARD,32,-18.6196,-24.0942,PARALLEL_PARK,FORWARD
PARALLEL_1_EXIT,PARALLEL,1,PARK_EXIT_FORWARD,33,-18.7178,-24.1133,PARALLEL_PARK,FORWARD
PARALLEL_1_EXIT,PARALLEL,1,PARK_EXIT_FORWARD,34,-18.8153,-24.1353,PARALLEL_PARK,FORWARD
PARALLEL_1_EXIT,PARALLEL,1,PARK_EXIT_FORWARD,35,-18.9122,-24.1599,PARALLEL_PARK,FORWARD
PARALLEL_1_EXIT,PARALLEL,1,PARK_EXIT_FORWARD,36,-19.0085,-24.1868,PARALLEL_PARK,FORWARD
PARALLEL_1_EXIT,PARALLEL,1,PARK_EXIT_FORWARD,37,-19.1042,-24.2158,PARALLEL_PARK,FORWARD
PARALLEL_1_EXIT,PARALLEL,1,PARK_EXIT_FORWARD,38,-19.1994,-24.2467,PARALLEL_PARK,FORWARD
PARALLEL_1_EXIT,PARALLEL,1,PARK_EXIT_FORWARD,39,-19.2939,-24.2792,PARALLEL_PARK,FORWARD
PARALLEL_1_EXIT,PARALLEL,1,PARK_EXIT_FORWARD,40,-19.3880,-24.3132,PARALLEL_PARK,FORWARD
PARALLEL_1_EXIT,PARALLEL,1,PARK_EXIT_FORWARD,41,-19.4815,-24.3485,PARALLEL_PARK,FORWARD
PARALLEL_1_EXIT,PARALLEL,1,PARK_EXIT_FORWARD,42,-19.5747,-24.3849,PARALLEL_PARK,FORWARD
PARALLEL_1_EXIT,PARALLEL,1,PARK_EXIT_FORWARD,43,-19.6674,-24.4223,PARALLEL_PARK,FORWARD
PARALLEL_1_EXIT,PARALLEL,1,PARK_EXIT_FORWARD,44,-19.7598,-24.4606,PARALLEL_PARK,FORWARD
PARALLEL_1_EXIT,PARALLEL,1,PARK_EXIT_FORWARD,45,-19.8519,-24.4995,PARALLEL_PARK,FORWARD
PARALLEL_1_EXIT,PARALLEL,1,PARK_EXIT_FORWARD,46,-19.9437,-24.5391,PARALLEL_PARK,FORWARD
PARALLEL_1_EXIT,PARALLEL,1,PARK_EXIT_FORWARD,47,-20.0353,-24.5792,PARALLEL_PARK,FORWARD
PARALLEL_1_EXIT,PARALLEL,1,PARK_EXIT_FORWARD,48,-20.1267,-24.6198,PARALLEL_PARK,FORWARD
PARALLEL_1_EXIT,PARALLEL,1,PARK_EXIT_FORWARD,49,-20.2180,-24.6606,PARALLEL_PARK,FORWARD
PARALLEL_1_EXIT,PARALLEL,1,PARK_EXIT_FORWARD,50,-20.3092,-24.7017,PARALLEL_PARK,FORWARD
PARALLEL_1_EXIT,PARALLEL,1,PARK_EXIT_FORWARD,51,-20.4003,-24.7429,PARALLEL_PARK,FORWARD
PARALLEL_1_EXIT,PARALLEL,1,PARK_EXIT_FORWARD,52,-20.4913,-24.7843,PARALLEL_PARK,FORWARD
PARALLEL_1_EXIT,PARALLEL,1,PARK_EXIT_FORWARD,53,-20.5824,-24.8256,PARALLEL_PARK,FORWARD
PARALLEL_1_EXIT,PARALLEL,1,PARK_EXIT_FORWARD,54,-20.6735,-24.8669,PARALLEL_PARK,FORWARD
PARALLEL_1_EXIT,PARALLEL,1,PARK_EXIT_FORWARD,55,-20.7646,-24.9081,PARALLEL_PARK,FORWARD
PARALLEL_1_EXIT,PARALLEL,1,PARK_EXIT_FORWARD,56,-20.8558,-24.9491,PARALLEL_PARK,FORWARD
PARALLEL_1_EXIT,PARALLEL,1,PARK_EXIT_FORWARD,57,-20.9471,-24.9899,PARALLEL_PARK,FORWARD
PARALLEL_1_EXIT,PARALLEL,1,PARK_EXIT_FORWARD,58,-21.0385,-25.0304,PARALLEL_PARK,FORWARD
PARALLEL_1_EXIT,PARALLEL,1,PARK_EXIT_FORWARD,59,-21.1301,-25.0706,PARALLEL_PARK,FORWARD
PARALLEL_1_EXIT,PARALLEL,1,PARK_EXIT_FORWARD,60,-21.2219,-25.1103,PARALLEL_PARK,FORWARD
PARALLEL_1_EXIT,PARALLEL,1,PARK_EXIT_FORWARD,61,-21.3138,-25.1496,PARALLEL_PARK,FORWARD
PARALLEL_1_EXIT,PARALLEL,1,PARK_EXIT_FORWARD,62,-21.4060,-25.1885,PARALLEL_PARK,FORWARD
PARALLEL_1_EXIT,PARALLEL,1,PARK_EXIT_FORWARD,63,-21.4984,-25.2267,PARALLEL_PARK,FORWARD
PARALLEL_1_EXIT,PARALLEL,1,PARK_EXIT_FORWARD,64,-21.5910,-25.2644,PARALLEL_PARK,FORWARD
PARALLEL_1_EXIT,PARALLEL,1,PARK_EXIT_FORWARD,65,-21.6839,-25.3015,PARALLEL_PARK,FORWARD
PARALLEL_1_EXIT,PARALLEL,1,PARK_EXIT_FORWARD,66,-21.7770,-25.3379,PARALLEL_PARK,FORWARD
PARALLEL_1_EXIT,PARALLEL,1,PARK_EXIT_FORWARD,67,-21.8704,-25.3736,PARALLEL_PARK,FORWARD
PARALLEL_1_EXIT,PARALLEL,1,PARK_EXIT_FORWARD,68,-21.9641,-25.4085,PARALLEL_PARK,FORWARD
PARALLEL_1_EXIT,PARALLEL,1,PARK_EXIT_FORWARD,69,-22.0581,-25.4426,PARALLEL_PARK,FORWARD
PARALLEL_1_EXIT,PARALLEL,1,PARK_EXIT_FORWARD,70,-22.1524,-25.4759,PARALLEL_PARK,FORWARD
PARALLEL_1_EXIT,PARALLEL,1,PARK_EXIT_FORWARD,71,-22.2470,-25.5083,PARALLEL_PARK,FORWARD
PARALLEL_1_EXIT,PARALLEL,1,PARK_EXIT_FORWARD,72,-22.3419,-25.5399,PARALLEL_PARK,FORWARD
PARALLEL_1_EXIT,PARALLEL,1,PARK_EXIT_FORWARD,73,-22.4371,-25.5705,PARALLEL_PARK,FORWARD
PARALLEL_1_EXIT,PARALLEL,1,PARK_EXIT_FORWARD,74,-22.5326,-25.6001,PARALLEL_PARK,FORWARD
PARALLEL_1_EXIT,PARALLEL,1,PARK_EXIT_FORWARD,75,-22.6284,-25.6288,PARALLEL_PARK,FORWARD
PARALLEL_1_EXIT,PARALLEL,1,PARK_EXIT_FORWARD,76,-22.7245,-25.6564,PARALLEL_PARK,FORWARD
PARALLEL_1_EXIT,PARALLEL,1,PARK_EXIT_FORWARD,77,-22.8209,-25.6830,PARALLEL_PARK,FORWARD
PARALLEL_1_EXIT,PARALLEL,1,PARK_EXIT_FORWARD,78,-22.9176,-25.7085,PARALLEL_PARK,FORWARD
PARALLEL_1_EXIT,PARALLEL,1,PARK_EXIT_FORWARD,79,-23.0146,-25.7330,PARALLEL_PARK,FORWARD
PARALLEL_1_EXIT,PARALLEL,1,PARK_EXIT_FORWARD,80,-23.1118,-25.7563,PARALLEL_PARK,FORWARD
PARALLEL_1_EXIT,PARALLEL,1,PARK_EXIT_FORWARD,81,-23.2093,-25.7785,PARALLEL_PARK,FORWARD
PARALLEL_1_EXIT,PARALLEL,1,PARK_EXIT_FORWARD,82,-23.3071,-25.7995,PARALLEL_PARK,FORWARD
PARALLEL_1_EXIT,PARALLEL,1,PARK_EXIT_FORWARD,83,-23.4051,-25.8194,PARALLEL_PARK,FORWARD
PARALLEL_1_EXIT,PARALLEL,1,PARK_EXIT_FORWARD,84,-23.5033,-25.8381,PARALLEL_PARK,FORWARD
PARALLEL_1_EXIT,PARALLEL,1,PARK_EXIT_FORWARD,85,-23.6018,-25.8556,PARALLEL_PARK,FORWARD
PARALLEL_1_EXIT,PARALLEL,1,PARK_EXIT_FORWARD,86,-23.7004,-25.8719,PARALLEL_PARK,FORWARD
PARALLEL_1_EXIT,PARALLEL,1,PARK_EXIT_FORWARD,87,-23.7993,-25.8870,PARALLEL_PARK,FORWARD
PARALLEL_1_EXIT,PARALLEL,1,PARK_EXIT_FORWARD,88,-23.8983,-25.9009,PARALLEL_PARK,FORWARD
PARALLEL_1_EXIT,PARALLEL,1,PARK_EXIT_FORWARD,89,-23.9975,-25.9136,PARALLEL_PARK,FORWARD
PARALLEL_1_EXIT,PARALLEL,1,PARK_EXIT_FORWARD,90,-24.0969,-25.9250,PARALLEL_PARK,FORWARD
PARALLEL_1_EXIT,PARALLEL,1,PARK_EXIT_FORWARD,91,-24.1963,-25.9352,PARALLEL_PARK,FORWARD
PARALLEL_1_EXIT,PARALLEL,1,PARK_EXIT_FORWARD,92,-24.2959,-25.9442,PARALLEL_PARK,FORWARD
PARALLEL_1_EXIT,PARALLEL,1,PARK_EXIT_FORWARD,93,-24.3956,-25.9520,PARALLEL_PARK,FORWARD
PARALLEL_1_EXIT,PARALLEL,1,PARK_EXIT_FORWARD,94,-24.4954,-25.9585,PARALLEL_PARK,FORWARD
PARALLEL_1_EXIT,PARALLEL,1,PARK_EXIT_FORWARD,95,-24.5953,-25.9638,PARALLEL_PARK,FORWARD
PARALLEL_1_EXIT,PARALLEL,1,PARK_EXIT_FORWARD,96,-24.6952,-25.9679,PARALLEL_PARK,FORWARD
PARALLEL_1_EXIT,PARALLEL,1,PARK_EXIT_FORWARD,97,-24.7952,-25.9708,PARALLEL_PARK,FORWARD
PARALLEL_1_EXIT,PARALLEL,1,PARK_EXIT_FORWARD,98,-24.8951,-25.9725,PARALLEL_PARK,FORWARD
PARALLEL_1_EXIT,PARALLEL,1,PARK_EXIT_FORWARD,99,-24.9951,-25.9731,PARALLEL_PARK,FORWARD
PARALLEL_1_EXIT,PARALLEL,1,PARK_EXIT_FORWARD,100,-25.0951,-25.9725,PARALLEL_PARK,FORWARD
PARALLEL_1_EXIT,PARALLEL,1,PARK_EXIT_FORWARD,101,-25.1951,-25.9709,PARALLEL_PARK,FORWARD
PARALLEL_1_EXIT,PARALLEL,1,PARK_EXIT_FORWARD,102,-25.2951,-25.9682,PARALLEL_PARK,FORWARD
PARALLEL_1_EXIT,PARALLEL,1,PARK_EXIT_FORWARD,103,-25.3950,-25.9645,PARALLEL_PARK,FORWARD
PARALLEL_1_EXIT,PARALLEL,1,PARK_EXIT_FORWARD,104,-25.4949,-25.9599,PARALLEL_PARK,FORWARD
PARALLEL_1_EXIT,PARALLEL,1,PARK_EXIT_FORWARD,105,-25.5948,-25.9545,PARALLEL_PARK,FORWARD
PARALLEL_1_EXIT,PARALLEL,1,PARK_EXIT_FORWARD,106,-25.6946,-25.9483,PARALLEL_PARK,FORWARD
PARALLEL_1_EXIT,PARALLEL,1,PARK_EXIT_FORWARD,107,-25.7943,-25.9415,PARALLEL_PARK,FORWARD
PARALLEL_1_EXIT,PARALLEL,1,PARK_EXIT_FORWARD,108,-25.8941,-25.9342,PARALLEL_PARK,FORWARD
PARALLEL_1_EXIT,PARALLEL,1,PARK_EXIT_FORWARD,109,-25.9938,-25.9267,PARALLEL_PARK,FORWARD
PARALLEL_1_EXIT,PARALLEL,1,PARK_EXIT_FORWARD,110,-26.0592,-25.9216,PARALLEL_PARK,FORWARD
PARALLEL_2_BYPASS,PARALLEL,2,BYPASS_FORWARD,0,-12.7423,-42.7765,PARALLEL_PARK,FORWARD
PARALLEL_2_BYPASS,PARALLEL,2,BYPASS_FORWARD,1,-12.6937,-42.6891,PARALLEL_PARK,FORWARD
PARALLEL_2_BYPASS,PARALLEL,2,BYPASS_FORWARD,2,-12.6475,-42.6004,PARALLEL_PARK,FORWARD
PARALLEL_2_BYPASS,PARALLEL,2,BYPASS_FORWARD,3,-12.6037,-42.5105,PARALLEL_PARK,FORWARD
PARALLEL_2_BYPASS,PARALLEL,2,BYPASS_FORWARD,4,-12.5623,-42.4195,PARALLEL_PARK,FORWARD
PARALLEL_2_BYPASS,PARALLEL,2,BYPASS_FORWARD,5,-12.5233,-42.3274,PARALLEL_PARK,FORWARD
PARALLEL_2_BYPASS,PARALLEL,2,BYPASS_FORWARD,6,-12.4867,-42.2344,PARALLEL_PARK,FORWARD
PARALLEL_2_BYPASS,PARALLEL,2,BYPASS_FORWARD,7,-12.4525,-42.1404,PARALLEL_PARK,FORWARD
PARALLEL_2_BYPASS,PARALLEL,2,BYPASS_FORWARD,8,-12.4207,-42.0456,PARALLEL_PARK,FORWARD
PARALLEL_2_BYPASS,PARALLEL,2,BYPASS_FORWARD,9,-12.3913,-41.9500,PARALLEL_PARK,FORWARD
PARALLEL_2_BYPASS,PARALLEL,2,BYPASS_FORWARD,10,-12.3643,-41.8537,PARALLEL_PARK,FORWARD
PARALLEL_2_BYPASS,PARALLEL,2,BYPASS_FORWARD,11,-12.3396,-41.7568,PARALLEL_PARK,FORWARD
PARALLEL_2_BYPASS,PARALLEL,2,BYPASS_FORWARD,12,-12.3172,-41.6594,PARALLEL_PARK,FORWARD
PARALLEL_2_BYPASS,PARALLEL,2,BYPASS_FORWARD,13,-12.2972,-41.5614,PARALLEL_PARK,FORWARD
PARALLEL_2_BYPASS,PARALLEL,2,BYPASS_FORWARD,14,-12.2793,-41.4630,PARALLEL_PARK,FORWARD
PARALLEL_2_BYPASS,PARALLEL,2,BYPASS_FORWARD,15,-12.2637,-41.3642,PARALLEL_PARK,FORWARD
PARALLEL_2_BYPASS,PARALLEL,2,BYPASS_FORWARD,16,-12.2502,-41.2652,PARALLEL_PARK,FORWARD
PARALLEL_2_BYPASS,PARALLEL,2,BYPASS_FORWARD,17,-12.2388,-41.1658,PARALLEL_PARK,FORWARD
PARALLEL_2_BYPASS,PARALLEL,2,BYPASS_FORWARD,18,-12.2295,-41.0662,PARALLEL_PARK,FORWARD
PARALLEL_2_BYPASS,PARALLEL,2,BYPASS_FORWARD,19,-12.2223,-40.9665,PARALLEL_PARK,FORWARD
PARALLEL_2_BYPASS,PARALLEL,2,BYPASS_FORWARD,20,-12.2169,-40.8667,PARALLEL_PARK,FORWARD
PARALLEL_2_BYPASS,PARALLEL,2,BYPASS_FORWARD,21,-12.2136,-40.7667,PARALLEL_PARK,FORWARD
PARALLEL_2_BYPASS,PARALLEL,2,BYPASS_FORWARD,22,-12.2120,-40.6667,PARALLEL_PARK,FORWARD
PARALLEL_2_BYPASS,PARALLEL,2,BYPASS_FORWARD,23,-12.2123,-40.5667,PARALLEL_PARK,FORWARD
PARALLEL_2_BYPASS,PARALLEL,2,BYPASS_FORWARD,24,-12.2144,-40.4668,PARALLEL_PARK,FORWARD
PARALLEL_2_BYPASS,PARALLEL,2,BYPASS_FORWARD,25,-12.2182,-40.3668,PARALLEL_PARK,FORWARD
PARALLEL_2_BYPASS,PARALLEL,2,BYPASS_FORWARD,26,-12.2237,-40.2670,PARALLEL_PARK,FORWARD
PARALLEL_2_BYPASS,PARALLEL,2,BYPASS_FORWARD,27,-12.2308,-40.1672,PARALLEL_PARK,FORWARD
PARALLEL_2_BYPASS,PARALLEL,2,BYPASS_FORWARD,28,-12.2395,-40.0676,PARALLEL_PARK,FORWARD
PARALLEL_2_BYPASS,PARALLEL,2,BYPASS_FORWARD,29,-12.2497,-39.9681,PARALLEL_PARK,FORWARD
PARALLEL_2_BYPASS,PARALLEL,2,BYPASS_FORWARD,30,-12.2614,-39.8688,PARALLEL_PARK,FORWARD
PARALLEL_2_BYPASS,PARALLEL,2,BYPASS_FORWARD,31,-12.2746,-39.7697,PARALLEL_PARK,FORWARD
PARALLEL_2_BYPASS,PARALLEL,2,BYPASS_FORWARD,32,-12.2892,-39.6708,PARALLEL_PARK,FORWARD
PARALLEL_2_BYPASS,PARALLEL,2,BYPASS_FORWARD,33,-12.3051,-39.5720,PARALLEL_PARK,FORWARD
PARALLEL_2_BYPASS,PARALLEL,2,BYPASS_FORWARD,34,-12.3224,-39.4735,PARALLEL_PARK,FORWARD
PARALLEL_2_BYPASS,PARALLEL,2,BYPASS_FORWARD,35,-12.3409,-39.3753,PARALLEL_PARK,FORWARD
PARALLEL_2_BYPASS,PARALLEL,2,BYPASS_FORWARD,36,-12.3607,-39.2773,PARALLEL_PARK,FORWARD
PARALLEL_2_BYPASS,PARALLEL,2,BYPASS_FORWARD,37,-12.3817,-39.1795,PARALLEL_PARK,FORWARD
PARALLEL_2_BYPASS,PARALLEL,2,BYPASS_FORWARD,38,-12.4039,-39.0820,PARALLEL_PARK,FORWARD
PARALLEL_2_BYPASS,PARALLEL,2,BYPASS_FORWARD,39,-12.4272,-38.9847,PARALLEL_PARK,FORWARD
PARALLEL_2_BYPASS,PARALLEL,2,BYPASS_FORWARD,40,-12.4517,-38.8878,PARALLEL_PARK,FORWARD
PARALLEL_2_BYPASS,PARALLEL,2,BYPASS_FORWARD,41,-12.4772,-38.7911,PARALLEL_PARK,FORWARD
PARALLEL_2_BYPASS,PARALLEL,2,BYPASS_FORWARD,42,-12.5038,-38.6947,PARALLEL_PARK,FORWARD
PARALLEL_2_BYPASS,PARALLEL,2,BYPASS_FORWARD,43,-12.5314,-38.5986,PARALLEL_PARK,FORWARD
PARALLEL_2_BYPASS,PARALLEL,2,BYPASS_FORWARD,44,-12.5600,-38.5028,PARALLEL_PARK,FORWARD
PARALLEL_2_BYPASS,PARALLEL,2,BYPASS_FORWARD,45,-12.5896,-38.4072,PARALLEL_PARK,FORWARD
PARALLEL_2_BYPASS,PARALLEL,2,BYPASS_FORWARD,46,-12.6201,-38.3120,PARALLEL_PARK,FORWARD
PARALLEL_2_BYPASS,PARALLEL,2,BYPASS_FORWARD,47,-12.6515,-38.2171,PARALLEL_PARK,FORWARD
PARALLEL_2_BYPASS,PARALLEL,2,BYPASS_FORWARD,48,-12.6838,-38.1224,PARALLEL_PARK,FORWARD
PARALLEL_2_BYPASS,PARALLEL,2,BYPASS_FORWARD,49,-12.7170,-38.0281,PARALLEL_PARK,FORWARD
PARALLEL_2_BYPASS,PARALLEL,2,BYPASS_FORWARD,50,-12.7510,-37.9341,PARALLEL_PARK,FORWARD
PARALLEL_2_BYPASS,PARALLEL,2,BYPASS_FORWARD,51,-12.7859,-37.8403,PARALLEL_PARK,FORWARD
PARALLEL_2_BYPASS,PARALLEL,2,BYPASS_FORWARD,52,-12.8215,-37.7469,PARALLEL_PARK,FORWARD
PARALLEL_2_BYPASS,PARALLEL,2,BYPASS_FORWARD,53,-12.8580,-37.6538,PARALLEL_PARK,FORWARD
PARALLEL_2_BYPASS,PARALLEL,2,BYPASS_FORWARD,54,-12.8952,-37.5610,PARALLEL_PARK,FORWARD
PARALLEL_2_BYPASS,PARALLEL,2,BYPASS_FORWARD,55,-12.9332,-37.4685,PARALLEL_PARK,FORWARD
PARALLEL_2_BYPASS,PARALLEL,2,BYPASS_FORWARD,56,-12.9719,-37.3763,PARALLEL_PARK,FORWARD
PARALLEL_2_BYPASS,PARALLEL,2,BYPASS_FORWARD,57,-13.0113,-37.2843,PARALLEL_PARK,FORWARD
PARALLEL_2_BYPASS,PARALLEL,2,BYPASS_FORWARD,58,-13.0514,-37.1927,PARALLEL_PARK,FORWARD
PARALLEL_2_BYPASS,PARALLEL,2,BYPASS_FORWARD,59,-13.0922,-37.1014,PARALLEL_PARK,FORWARD
PARALLEL_2_BYPASS,PARALLEL,2,BYPASS_FORWARD,60,-13.1336,-37.0104,PARALLEL_PARK,FORWARD
PARALLEL_2_BYPASS,PARALLEL,2,BYPASS_FORWARD,61,-13.1757,-36.9197,PARALLEL_PARK,FORWARD
PARALLEL_2_BYPASS,PARALLEL,2,BYPASS_FORWARD,62,-13.2185,-36.8293,PARALLEL_PARK,FORWARD
PARALLEL_2_BYPASS,PARALLEL,2,BYPASS_FORWARD,63,-13.2618,-36.7392,PARALLEL_PARK,FORWARD
PARALLEL_2_BYPASS,PARALLEL,2,BYPASS_FORWARD,64,-13.3058,-36.6494,PARALLEL_PARK,FORWARD
PARALLEL_2_BYPASS,PARALLEL,2,BYPASS_FORWARD,65,-13.3504,-36.5599,PARALLEL_PARK,FORWARD
PARALLEL_2_BYPASS,PARALLEL,2,BYPASS_FORWARD,66,-13.3955,-36.4707,PARALLEL_PARK,FORWARD
PARALLEL_2_BYPASS,PARALLEL,2,BYPASS_FORWARD,67,-13.4413,-36.3817,PARALLEL_PARK,FORWARD
PARALLEL_2_BYPASS,PARALLEL,2,BYPASS_FORWARD,68,-13.4876,-36.2931,PARALLEL_PARK,FORWARD
PARALLEL_2_BYPASS,PARALLEL,2,BYPASS_FORWARD,69,-13.5344,-36.2047,PARALLEL_PARK,FORWARD
PARALLEL_2_BYPASS,PARALLEL,2,BYPASS_FORWARD,70,-13.5818,-36.1167,PARALLEL_PARK,FORWARD
PARALLEL_2_BYPASS,PARALLEL,2,BYPASS_FORWARD,71,-13.6297,-36.0289,PARALLEL_PARK,FORWARD
PARALLEL_2_BYPASS,PARALLEL,2,BYPASS_FORWARD,72,-13.6781,-35.9414,PARALLEL_PARK,FORWARD
PARALLEL_2_BYPASS,PARALLEL,2,BYPASS_FORWARD,73,-13.7271,-35.8542,PARALLEL_PARK,FORWARD
PARALLEL_2_BYPASS,PARALLEL,2,BYPASS_FORWARD,74,-13.7765,-35.7673,PARALLEL_PARK,FORWARD
PARALLEL_2_BYPASS,PARALLEL,2,BYPASS_FORWARD,75,-13.8265,-35.6807,PARALLEL_PARK,FORWARD
PARALLEL_2_BYPASS,PARALLEL,2,BYPASS_FORWARD,76,-13.8769,-35.5943,PARALLEL_PARK,FORWARD
PARALLEL_2_BYPASS,PARALLEL,2,BYPASS_FORWARD,77,-13.9278,-35.5082,PARALLEL_PARK,FORWARD
PARALLEL_2_BYPASS,PARALLEL,2,BYPASS_FORWARD,78,-13.9792,-35.4224,PARALLEL_PARK,FORWARD
PARALLEL_2_BYPASS,PARALLEL,2,BYPASS_FORWARD,79,-14.0310,-35.3369,PARALLEL_PARK,FORWARD
PARALLEL_2_BYPASS,PARALLEL,2,BYPASS_FORWARD,80,-14.0833,-35.2517,PARALLEL_PARK,FORWARD
PARALLEL_2_BYPASS,PARALLEL,2,BYPASS_FORWARD,81,-14.1360,-35.1667,PARALLEL_PARK,FORWARD
PARALLEL_2_BYPASS,PARALLEL,2,BYPASS_FORWARD,82,-14.1891,-35.0820,PARALLEL_PARK,FORWARD
PARALLEL_2_BYPASS,PARALLEL,2,BYPASS_FORWARD,83,-14.2427,-34.9976,PARALLEL_PARK,FORWARD
PARALLEL_2_BYPASS,PARALLEL,2,BYPASS_FORWARD,84,-14.2967,-34.9134,PARALLEL_PARK,FORWARD
PARALLEL_2_BYPASS,PARALLEL,2,BYPASS_FORWARD,85,-14.3512,-34.8295,PARALLEL_PARK,FORWARD
PARALLEL_2_BYPASS,PARALLEL,2,BYPASS_FORWARD,86,-14.4060,-34.7459,PARALLEL_PARK,FORWARD
PARALLEL_2_BYPASS,PARALLEL,2,BYPASS_FORWARD,87,-14.4613,-34.6625,PARALLEL_PARK,FORWARD
PARALLEL_2_BYPASS,PARALLEL,2,BYPASS_FORWARD,88,-14.5169,-34.5795,PARALLEL_PARK,FORWARD
PARALLEL_2_BYPASS,PARALLEL,2,BYPASS_FORWARD,89,-14.5730,-34.4966,PARALLEL_PARK,FORWARD
PARALLEL_2_BYPASS,PARALLEL,2,BYPASS_FORWARD,90,-14.6294,-34.4141,PARALLEL_PARK,FORWARD
PARALLEL_2_BYPASS,PARALLEL,2,BYPASS_FORWARD,91,-14.6862,-34.3318,PARALLEL_PARK,FORWARD
PARALLEL_2_BYPASS,PARALLEL,2,BYPASS_FORWARD,92,-14.7434,-34.2498,PARALLEL_PARK,FORWARD
PARALLEL_2_BYPASS,PARALLEL,2,BYPASS_FORWARD,93,-14.8010,-34.1680,PARALLEL_PARK,FORWARD
PARALLEL_2_BYPASS,PARALLEL,2,BYPASS_FORWARD,94,-14.8589,-34.0865,PARALLEL_PARK,FORWARD
PARALLEL_2_BYPASS,PARALLEL,2,BYPASS_FORWARD,95,-14.9172,-34.0053,PARALLEL_PARK,FORWARD
PARALLEL_2_BYPASS,PARALLEL,2,BYPASS_FORWARD,96,-14.9759,-33.9243,PARALLEL_PARK,FORWARD
PARALLEL_2_BYPASS,PARALLEL,2,BYPASS_FORWARD,97,-15.0349,-33.8436,PARALLEL_PARK,FORWARD
PARALLEL_2_BYPASS,PARALLEL,2,BYPASS_FORWARD,98,-15.0943,-33.7631,PARALLEL_PARK,FORWARD
PARALLEL_2_BYPASS,PARALLEL,2,BYPASS_FORWARD,99,-15.1540,-33.6829,PARALLEL_PARK,FORWARD
PARALLEL_2_BYPASS,PARALLEL,2,BYPASS_FORWARD,100,-15.2141,-33.6029,PARALLEL_PARK,FORWARD
PARALLEL_2_BYPASS,PARALLEL,2,BYPASS_FORWARD,101,-15.2745,-33.5232,PARALLEL_PARK,FORWARD
PARALLEL_2_BYPASS,PARALLEL,2,BYPASS_FORWARD,102,-15.3352,-33.4438,PARALLEL_PARK,FORWARD
PARALLEL_2_BYPASS,PARALLEL,2,BYPASS_FORWARD,103,-15.3963,-33.3646,PARALLEL_PARK,FORWARD
PARALLEL_2_BYPASS,PARALLEL,2,BYPASS_FORWARD,104,-15.4577,-33.2857,PARALLEL_PARK,FORWARD
PARALLEL_2_BYPASS,PARALLEL,2,BYPASS_FORWARD,105,-15.5194,-33.2070,PARALLEL_PARK,FORWARD
PARALLEL_2_BYPASS,PARALLEL,2,BYPASS_FORWARD,106,-15.5815,-33.1286,PARALLEL_PARK,FORWARD
PARALLEL_2_BYPASS,PARALLEL,2,BYPASS_FORWARD,107,-15.6439,-33.0504,PARALLEL_PARK,FORWARD
PARALLEL_2_BYPASS,PARALLEL,2,BYPASS_FORWARD,108,-15.7066,-32.9725,PARALLEL_PARK,FORWARD
PARALLEL_2_BYPASS,PARALLEL,2,BYPASS_FORWARD,109,-15.7696,-32.8949,PARALLEL_PARK,FORWARD
PARALLEL_2_BYPASS,PARALLEL,2,BYPASS_FORWARD,110,-15.8329,-32.8175,PARALLEL_PARK,FORWARD
PARALLEL_2_BYPASS,PARALLEL,2,BYPASS_FORWARD,111,-15.8965,-32.7403,PARALLEL_PARK,FORWARD
PARALLEL_2_BYPASS,PARALLEL,2,BYPASS_FORWARD,112,-15.9604,-32.6634,PARALLEL_PARK,FORWARD
PARALLEL_2_BYPASS,PARALLEL,2,BYPASS_FORWARD,113,-16.0247,-32.5868,PARALLEL_PARK,FORWARD
PARALLEL_2_BYPASS,PARALLEL,2,BYPASS_FORWARD,114,-16.0892,-32.5104,PARALLEL_PARK,FORWARD
PARALLEL_2_BYPASS,PARALLEL,2,BYPASS_FORWARD,115,-16.1540,-32.4343,PARALLEL_PARK,FORWARD
PARALLEL_2_BYPASS,PARALLEL,2,BYPASS_FORWARD,116,-16.2192,-32.3584,PARALLEL_PARK,FORWARD
PARALLEL_2_BYPASS,PARALLEL,2,BYPASS_FORWARD,117,-16.2846,-32.2828,PARALLEL_PARK,FORWARD
PARALLEL_2_BYPASS,PARALLEL,2,BYPASS_FORWARD,118,-16.3503,-32.2074,PARALLEL_PARK,FORWARD
PARALLEL_2_BYPASS,PARALLEL,2,BYPASS_FORWARD,119,-16.4163,-32.1323,PARALLEL_PARK,FORWARD
PARALLEL_2_BYPASS,PARALLEL,2,BYPASS_FORWARD,120,-16.4826,-32.0574,PARALLEL_PARK,FORWARD
PARALLEL_2_BYPASS,PARALLEL,2,BYPASS_FORWARD,121,-16.5492,-31.9828,PARALLEL_PARK,FORWARD
PARALLEL_2_BYPASS,PARALLEL,2,BYPASS_FORWARD,122,-16.6161,-31.9084,PARALLEL_PARK,FORWARD
PARALLEL_2_BYPASS,PARALLEL,2,BYPASS_FORWARD,123,-16.6832,-31.8343,PARALLEL_PARK,FORWARD
PARALLEL_2_BYPASS,PARALLEL,2,BYPASS_FORWARD,124,-16.7506,-31.7605,PARALLEL_PARK,FORWARD
PARALLEL_2_BYPASS,PARALLEL,2,BYPASS_FORWARD,125,-16.8184,-31.6869,PARALLEL_PARK,FORWARD
PARALLEL_2_BYPASS,PARALLEL,2,BYPASS_FORWARD,126,-16.8863,-31.6136,PARALLEL_PARK,FORWARD
PARALLEL_2_BYPASS,PARALLEL,2,BYPASS_FORWARD,127,-16.9546,-31.5405,PARALLEL_PARK,FORWARD
PARALLEL_2_BYPASS,PARALLEL,2,BYPASS_FORWARD,128,-17.0232,-31.4677,PARALLEL_PARK,FORWARD
PARALLEL_2_BYPASS,PARALLEL,2,BYPASS_FORWARD,129,-17.0920,-31.3951,PARALLEL_PARK,FORWARD
PARALLEL_2_BYPASS,PARALLEL,2,BYPASS_FORWARD,130,-17.1611,-31.3228,PARALLEL_PARK,FORWARD
PARALLEL_2_BYPASS,PARALLEL,2,BYPASS_FORWARD,131,-17.2304,-31.2508,PARALLEL_PARK,FORWARD
PARALLEL_2_BYPASS,PARALLEL,2,BYPASS_FORWARD,132,-17.3000,-31.1790,PARALLEL_PARK,FORWARD
PARALLEL_2_BYPASS,PARALLEL,2,BYPASS_FORWARD,133,-17.3699,-31.1075,PARALLEL_PARK,FORWARD
PARALLEL_2_BYPASS,PARALLEL,2,BYPASS_FORWARD,134,-17.4401,-31.0362,PARALLEL_PARK,FORWARD
PARALLEL_2_BYPASS,PARALLEL,2,BYPASS_FORWARD,135,-17.5105,-30.9652,PARALLEL_PARK,FORWARD
PARALLEL_2_BYPASS,PARALLEL,2,BYPASS_FORWARD,136,-17.5812,-30.8945,PARALLEL_PARK,FORWARD
PARALLEL_2_BYPASS,PARALLEL,2,BYPASS_FORWARD,137,-17.6522,-30.8241,PARALLEL_PARK,FORWARD
PARALLEL_2_BYPASS,PARALLEL,2,BYPASS_FORWARD,138,-17.7234,-30.7539,PARALLEL_PARK,FORWARD
PARALLEL_2_BYPASS,PARALLEL,2,BYPASS_FORWARD,139,-17.7949,-30.6840,PARALLEL_PARK,FORWARD
PARALLEL_2_BYPASS,PARALLEL,2,BYPASS_FORWARD,140,-17.8667,-30.6143,PARALLEL_PARK,FORWARD
PARALLEL_2_BYPASS,PARALLEL,2,BYPASS_FORWARD,141,-17.9387,-30.5449,PARALLEL_PARK,FORWARD
PARALLEL_2_BYPASS,PARALLEL,2,BYPASS_FORWARD,142,-18.0110,-30.4758,PARALLEL_PARK,FORWARD
PARALLEL_2_BYPASS,PARALLEL,2,BYPASS_FORWARD,143,-18.0835,-30.4070,PARALLEL_PARK,FORWARD
PARALLEL_2_BYPASS,PARALLEL,2,BYPASS_FORWARD,144,-18.1563,-30.3384,PARALLEL_PARK,FORWARD
PARALLEL_2_BYPASS,PARALLEL,2,BYPASS_FORWARD,145,-18.2294,-30.2702,PARALLEL_PARK,FORWARD
PARALLEL_2_BYPASS,PARALLEL,2,BYPASS_FORWARD,146,-18.3027,-30.2022,PARALLEL_PARK,FORWARD
PARALLEL_2_BYPASS,PARALLEL,2,BYPASS_FORWARD,147,-18.3763,-30.1345,PARALLEL_PARK,FORWARD
PARALLEL_2_BYPASS,PARALLEL,2,BYPASS_FORWARD,148,-18.4501,-30.0670,PARALLEL_PARK,FORWARD
PARALLEL_2_BYPASS,PARALLEL,2,BYPASS_FORWARD,149,-18.5243,-29.9999,PARALLEL_PARK,FORWARD
PARALLEL_2_BYPASS,PARALLEL,2,BYPASS_FORWARD,150,-18.5986,-29.9330,PARALLEL_PARK,FORWARD
PARALLEL_2_BYPASS,PARALLEL,2,BYPASS_FORWARD,151,-18.6732,-29.8665,PARALLEL_PARK,FORWARD
PARALLEL_2_BYPASS,PARALLEL,2,BYPASS_FORWARD,152,-18.7481,-29.8002,PARALLEL_PARK,FORWARD
PARALLEL_2_BYPASS,PARALLEL,2,BYPASS_FORWARD,153,-18.8233,-29.7342,PARALLEL_PARK,FORWARD
PARALLEL_2_BYPASS,PARALLEL,2,BYPASS_FORWARD,154,-18.8987,-29.6685,PARALLEL_PARK,FORWARD
PARALLEL_2_BYPASS,PARALLEL,2,BYPASS_FORWARD,155,-18.9743,-29.6031,PARALLEL_PARK,FORWARD
PARALLEL_2_BYPASS,PARALLEL,2,BYPASS_FORWARD,156,-19.0503,-29.5381,PARALLEL_PARK,FORWARD
PARALLEL_2_BYPASS,PARALLEL,2,BYPASS_FORWARD,157,-19.1264,-29.4733,PARALLEL_PARK,FORWARD
PARALLEL_2_BYPASS,PARALLEL,2,BYPASS_FORWARD,158,-19.2029,-29.4088,PARALLEL_PARK,FORWARD
PARALLEL_2_BYPASS,PARALLEL,2,BYPASS_FORWARD,159,-19.2796,-29.3446,PARALLEL_PARK,FORWARD
PARALLEL_2_BYPASS,PARALLEL,2,BYPASS_FORWARD,160,-19.3565,-29.2808,PARALLEL_PARK,FORWARD
PARALLEL_2_BYPASS,PARALLEL,2,BYPASS_FORWARD,161,-19.4338,-29.2173,PARALLEL_PARK,FORWARD
PARALLEL_2_BYPASS,PARALLEL,2,BYPASS_FORWARD,162,-19.5113,-29.1541,PARALLEL_PARK,FORWARD
PARALLEL_2_BYPASS,PARALLEL,2,BYPASS_FORWARD,163,-19.5890,-29.0912,PARALLEL_PARK,FORWARD
PARALLEL_2_BYPASS,PARALLEL,2,BYPASS_FORWARD,164,-19.6670,-29.0286,PARALLEL_PARK,FORWARD
PARALLEL_2_BYPASS,PARALLEL,2,BYPASS_FORWARD,165,-19.7453,-28.9664,PARALLEL_PARK,FORWARD
PARALLEL_2_BYPASS,PARALLEL,2,BYPASS_FORWARD,166,-19.8238,-28.9045,PARALLEL_PARK,FORWARD
PARALLEL_2_BYPASS,PARALLEL,2,BYPASS_FORWARD,167,-19.9026,-28.8429,PARALLEL_PARK,FORWARD
PARALLEL_2_BYPASS,PARALLEL,2,BYPASS_FORWARD,168,-19.9817,-28.7817,PARALLEL_PARK,FORWARD
PARALLEL_2_BYPASS,PARALLEL,2,BYPASS_FORWARD,169,-20.0610,-28.7208,PARALLEL_PARK,FORWARD
PARALLEL_2_BYPASS,PARALLEL,2,BYPASS_FORWARD,170,-20.1406,-28.6603,PARALLEL_PARK,FORWARD
PARALLEL_2_BYPASS,PARALLEL,2,BYPASS_FORWARD,171,-20.2205,-28.6001,PARALLEL_PARK,FORWARD
PARALLEL_2_BYPASS,PARALLEL,2,BYPASS_FORWARD,172,-20.3007,-28.5403,PARALLEL_PARK,FORWARD
PARALLEL_2_BYPASS,PARALLEL,2,BYPASS_FORWARD,173,-20.3811,-28.4808,PARALLEL_PARK,FORWARD
PARALLEL_2_BYPASS,PARALLEL,2,BYPASS_FORWARD,174,-20.4618,-28.4218,PARALLEL_PARK,FORWARD
PARALLEL_2_BYPASS,PARALLEL,2,BYPASS_FORWARD,175,-20.5427,-28.3631,PARALLEL_PARK,FORWARD
PARALLEL_2_BYPASS,PARALLEL,2,BYPASS_FORWARD,176,-20.6239,-28.3047,PARALLEL_PARK,FORWARD
PARALLEL_2_BYPASS,PARALLEL,2,BYPASS_FORWARD,177,-20.7054,-28.2468,PARALLEL_PARK,FORWARD
PARALLEL_2_BYPASS,PARALLEL,2,BYPASS_FORWARD,178,-20.7872,-28.1892,PARALLEL_PARK,FORWARD
PARALLEL_2_BYPASS,PARALLEL,2,BYPASS_FORWARD,179,-20.8693,-28.1321,PARALLEL_PARK,FORWARD
PARALLEL_2_BYPASS,PARALLEL,2,BYPASS_FORWARD,180,-20.9516,-28.0753,PARALLEL_PARK,FORWARD
PARALLEL_2_BYPASS,PARALLEL,2,BYPASS_FORWARD,181,-21.0342,-28.0190,PARALLEL_PARK,FORWARD
PARALLEL_2_REVERSE,PARALLEL,2,PARK_REVERSE,0,-21.0457,-28.0112,PARALLEL_PARK,REVERSE
PARALLEL_2_REVERSE,PARALLEL,2,PARK_REVERSE,1,-20.9803,-28.0163,PARALLEL_PARK,REVERSE
PARALLEL_2_REVERSE,PARALLEL,2,PARK_REVERSE,2,-20.8806,-28.0239,PARALLEL_PARK,REVERSE
PARALLEL_2_REVERSE,PARALLEL,2,PARK_REVERSE,3,-20.7809,-28.0311,PARALLEL_PARK,REVERSE
PARALLEL_2_REVERSE,PARALLEL,2,PARK_REVERSE,4,-20.6811,-28.0379,PARALLEL_PARK,REVERSE
PARALLEL_2_REVERSE,PARALLEL,2,PARK_REVERSE,5,-20.5813,-28.0441,PARALLEL_PARK,REVERSE
PARALLEL_2_REVERSE,PARALLEL,2,PARK_REVERSE,6,-20.4814,-28.0495,PARALLEL_PARK,REVERSE
PARALLEL_2_REVERSE,PARALLEL,2,PARK_REVERSE,7,-20.3815,-28.0541,PARALLEL_PARK,REVERSE
PARALLEL_2_REVERSE,PARALLEL,2,PARK_REVERSE,8,-20.2816,-28.0578,PARALLEL_PARK,REVERSE
PARALLEL_2_REVERSE,PARALLEL,2,PARK_REVERSE,9,-20.1816,-28.0605,PARALLEL_PARK,REVERSE
PARALLEL_2_REVERSE,PARALLEL,2,PARK_REVERSE,10,-20.0816,-28.0621,PARALLEL_PARK,REVERSE
PARALLEL_2_REVERSE,PARALLEL,2,PARK_REVERSE,11,-19.9816,-28.0627,PARALLEL_PARK,REVERSE
PARALLEL_2_REVERSE,PARALLEL,2,PARK_REVERSE,12,-19.8817,-28.0621,PARALLEL_PARK,REVERSE
PARALLEL_2_REVERSE,PARALLEL,2,PARK_REVERSE,13,-19.7817,-28.0604,PARALLEL_PARK,REVERSE
PARALLEL_2_REVERSE,PARALLEL,2,PARK_REVERSE,14,-19.6817,-28.0575,PARALLEL_PARK,REVERSE
PARALLEL_2_REVERSE,PARALLEL,2,PARK_REVERSE,15,-19.5818,-28.0534,PARALLEL_PARK,REVERSE
PARALLEL_2_REVERSE,PARALLEL,2,PARK_REVERSE,16,-19.4819,-28.0481,PARALLEL_PARK,REVERSE
PARALLEL_2_REVERSE,PARALLEL,2,PARK_REVERSE,17,-19.3821,-28.0416,PARALLEL_PARK,REVERSE
PARALLEL_2_REVERSE,PARALLEL,2,PARK_REVERSE,18,-19.2825,-28.0338,PARALLEL_PARK,REVERSE
PARALLEL_2_REVERSE,PARALLEL,2,PARK_REVERSE,19,-19.1829,-28.0248,PARALLEL_PARK,REVERSE
PARALLEL_2_REVERSE,PARALLEL,2,PARK_REVERSE,20,-19.0834,-28.0146,PARALLEL_PARK,REVERSE
PARALLEL_2_REVERSE,PARALLEL,2,PARK_REVERSE,21,-18.9840,-28.0032,PARALLEL_PARK,REVERSE
PARALLEL_2_REVERSE,PARALLEL,2,PARK_REVERSE,22,-18.8848,-27.9905,PARALLEL_PARK,REVERSE
PARALLEL_2_REVERSE,PARALLEL,2,PARK_REVERSE,23,-18.7858,-27.9766,PARALLEL_PARK,REVERSE
PARALLEL_2_REVERSE,PARALLEL,2,PARK_REVERSE,24,-18.6870,-27.9615,PARALLEL_PARK,REVERSE
PARALLEL_2_REVERSE,PARALLEL,2,PARK_REVERSE,25,-18.5883,-27.9452,PARALLEL_PARK,REVERSE
PARALLEL_2_REVERSE,PARALLEL,2,PARK_REVERSE,26,-18.4898,-27.9277,PARALLEL_PARK,REVERSE
PARALLEL_2_REVERSE,PARALLEL,2,PARK_REVERSE,27,-18.3916,-27.9090,PARALLEL_PARK,REVERSE
PARALLEL_2_REVERSE,PARALLEL,2,PARK_REVERSE,28,-18.2936,-27.8891,PARALLEL_PARK,REVERSE
PARALLEL_2_REVERSE,PARALLEL,2,PARK_REVERSE,29,-18.1958,-27.8681,PARALLEL_PARK,REVERSE
PARALLEL_2_REVERSE,PARALLEL,2,PARK_REVERSE,30,-18.0983,-27.8459,PARALLEL_PARK,REVERSE
PARALLEL_2_REVERSE,PARALLEL,2,PARK_REVERSE,31,-18.0011,-27.8226,PARALLEL_PARK,REVERSE
PARALLEL_2_REVERSE,PARALLEL,2,PARK_REVERSE,32,-17.9041,-27.7982,PARALLEL_PARK,REVERSE
PARALLEL_2_REVERSE,PARALLEL,2,PARK_REVERSE,33,-17.8074,-27.7726,PARALLEL_PARK,REVERSE
PARALLEL_2_REVERSE,PARALLEL,2,PARK_REVERSE,34,-17.7110,-27.7460,PARALLEL_PARK,REVERSE
PARALLEL_2_REVERSE,PARALLEL,2,PARK_REVERSE,35,-17.6149,-27.7184,PARALLEL_PARK,REVERSE
PARALLEL_2_REVERSE,PARALLEL,2,PARK_REVERSE,36,-17.5191,-27.6898,PARALLEL_PARK,REVERSE
PARALLEL_2_REVERSE,PARALLEL,2,PARK_REVERSE,37,-17.4236,-27.6601,PARALLEL_PARK,REVERSE
PARALLEL_2_REVERSE,PARALLEL,2,PARK_REVERSE,38,-17.3284,-27.6295,PARALLEL_PARK,REVERSE
PARALLEL_2_REVERSE,PARALLEL,2,PARK_REVERSE,39,-17.2335,-27.5980,PARALLEL_PARK,REVERSE
PARALLEL_2_REVERSE,PARALLEL,2,PARK_REVERSE,40,-17.1389,-27.5655,PARALLEL_PARK,REVERSE
PARALLEL_2_REVERSE,PARALLEL,2,PARK_REVERSE,41,-17.0446,-27.5322,PARALLEL_PARK,REVERSE
PARALLEL_2_REVERSE,PARALLEL,2,PARK_REVERSE,42,-16.9506,-27.4981,PARALLEL_PARK,REVERSE
PARALLEL_2_REVERSE,PARALLEL,2,PARK_REVERSE,43,-16.8569,-27.4632,PARALLEL_PARK,REVERSE
PARALLEL_2_REVERSE,PARALLEL,2,PARK_REVERSE,44,-16.7635,-27.4275,PARALLEL_PARK,REVERSE
PARALLEL_2_REVERSE,PARALLEL,2,PARK_REVERSE,45,-16.6704,-27.3911,PARALLEL_PARK,REVERSE
PARALLEL_2_REVERSE,PARALLEL,2,PARK_REVERSE,46,-16.5775,-27.3541,PARALLEL_PARK,REVERSE
PARALLEL_2_REVERSE,PARALLEL,2,PARK_REVERSE,47,-16.4849,-27.3164,PARALLEL_PARK,REVERSE
PARALLEL_2_REVERSE,PARALLEL,2,PARK_REVERSE,48,-16.3925,-27.2781,PARALLEL_PARK,REVERSE
PARALLEL_2_REVERSE,PARALLEL,2,PARK_REVERSE,49,-16.3003,-27.2393,PARALLEL_PARK,REVERSE
PARALLEL_2_REVERSE,PARALLEL,2,PARK_REVERSE,50,-16.2084,-27.1999,PARALLEL_PARK,REVERSE
PARALLEL_2_REVERSE,PARALLEL,2,PARK_REVERSE,51,-16.1166,-27.1602,PARALLEL_PARK,REVERSE
PARALLEL_2_REVERSE,PARALLEL,2,PARK_REVERSE,52,-16.0250,-27.1200,PARALLEL_PARK,REVERSE
PARALLEL_2_REVERSE,PARALLEL,2,PARK_REVERSE,53,-15.9336,-27.0795,PARALLEL_PARK,REVERSE
PARALLEL_2_REVERSE,PARALLEL,2,PARK_REVERSE,54,-15.8423,-27.0388,PARALLEL_PARK,REVERSE
PARALLEL_2_REVERSE,PARALLEL,2,PARK_REVERSE,55,-15.7511,-26.9977,PARALLEL_PARK,REVERSE
PARALLEL_2_REVERSE,PARALLEL,2,PARK_REVERSE,56,-15.6600,-26.9566,PARALLEL_PARK,REVERSE
PARALLEL_2_REVERSE,PARALLEL,2,PARK_REVERSE,57,-15.5689,-26.9152,PARALLEL_PARK,REVERSE
PARALLEL_2_REVERSE,PARALLEL,2,PARK_REVERSE,58,-15.4779,-26.8739,PARALLEL_PARK,REVERSE
PARALLEL_2_REVERSE,PARALLEL,2,PARK_REVERSE,59,-15.3868,-26.8326,PARALLEL_PARK,REVERSE
PARALLEL_2_REVERSE,PARALLEL,2,PARK_REVERSE,60,-15.2957,-26.7913,PARALLEL_PARK,REVERSE
PARALLEL_2_REVERSE,PARALLEL,2,PARK_REVERSE,61,-15.2045,-26.7502,PARALLEL_PARK,REVERSE
PARALLEL_2_REVERSE,PARALLEL,2,PARK_REVERSE,62,-15.1133,-26.7094,PARALLEL_PARK,REVERSE
PARALLEL_2_REVERSE,PARALLEL,2,PARK_REVERSE,63,-15.0218,-26.6689,PARALLEL_PARK,REVERSE
PARALLEL_2_REVERSE,PARALLEL,2,PARK_REVERSE,64,-14.9302,-26.6288,PARALLEL_PARK,REVERSE
PARALLEL_2_REVERSE,PARALLEL,2,PARK_REVERSE,65,-14.8384,-26.5892,PARALLEL_PARK,REVERSE
PARALLEL_2_REVERSE,PARALLEL,2,PARK_REVERSE,66,-14.7463,-26.5502,PARALLEL_PARK,REVERSE
PARALLEL_2_REVERSE,PARALLEL,2,PARK_REVERSE,67,-14.6539,-26.5119,PARALLEL_PARK,REVERSE
PARALLEL_2_REVERSE,PARALLEL,2,PARK_REVERSE,68,-14.5612,-26.4745,PARALLEL_PARK,REVERSE
PARALLEL_2_REVERSE,PARALLEL,2,PARK_REVERSE,69,-14.4680,-26.4381,PARALLEL_PARK,REVERSE
PARALLEL_2_REVERSE,PARALLEL,2,PARK_REVERSE,70,-14.3745,-26.4029,PARALLEL_PARK,REVERSE
PARALLEL_2_REVERSE,PARALLEL,2,PARK_REVERSE,71,-14.2804,-26.3689,PARALLEL_PARK,REVERSE
PARALLEL_2_REVERSE,PARALLEL,2,PARK_REVERSE,72,-14.1859,-26.3363,PARALLEL_PARK,REVERSE
PARALLEL_2_REVERSE,PARALLEL,2,PARK_REVERSE,73,-14.0908,-26.3054,PARALLEL_PARK,REVERSE
PARALLEL_2_REVERSE,PARALLEL,2,PARK_REVERSE,74,-13.9951,-26.2764,PARALLEL_PARK,REVERSE
PARALLEL_2_REVERSE,PARALLEL,2,PARK_REVERSE,75,-13.8988,-26.2495,PARALLEL_PARK,REVERSE
PARALLEL_2_REVERSE,PARALLEL,2,PARK_REVERSE,76,-13.8018,-26.2249,PARALLEL_PARK,REVERSE
PARALLEL_2_REVERSE,PARALLEL,2,PARK_REVERSE,77,-13.7043,-26.2029,PARALLEL_PARK,REVERSE
PARALLEL_2_REVERSE,PARALLEL,2,PARK_REVERSE,78,-13.6061,-26.1838,PARALLEL_PARK,REVERSE
PARALLEL_2_REVERSE,PARALLEL,2,PARK_REVERSE,79,-13.5074,-26.1679,PARALLEL_PARK,REVERSE
PARALLEL_2_REVERSE,PARALLEL,2,PARK_REVERSE,80,-13.4082,-26.1555,PARALLEL_PARK,REVERSE
PARALLEL_2_REVERSE,PARALLEL,2,PARK_REVERSE,81,-13.3086,-26.1469,PARALLEL_PARK,REVERSE
PARALLEL_2_REVERSE,PARALLEL,2,PARK_REVERSE,82,-13.2087,-26.1425,PARALLEL_PARK,REVERSE
PARALLEL_2_REVERSE,PARALLEL,2,PARK_REVERSE,83,-13.1087,-26.1424,PARALLEL_PARK,REVERSE
PARALLEL_2_REVERSE,PARALLEL,2,PARK_REVERSE,84,-13.0088,-26.1470,PARALLEL_PARK,REVERSE
PARALLEL_2_REVERSE,PARALLEL,2,PARK_REVERSE,85,-12.9092,-26.1564,PARALLEL_PARK,REVERSE
PARALLEL_2_REVERSE,PARALLEL,2,PARK_REVERSE,86,-12.8103,-26.1707,PARALLEL_PARK,REVERSE
PARALLEL_2_REVERSE,PARALLEL,2,PARK_REVERSE,87,-12.7121,-26.1899,PARALLEL_PARK,REVERSE
PARALLEL_2_REVERSE,PARALLEL,2,PARK_REVERSE,88,-12.6151,-26.2138,PARALLEL_PARK,REVERSE
PARALLEL_2_REVERSE,PARALLEL,2,PARK_REVERSE,89,-12.5192,-26.2422,PARALLEL_PARK,REVERSE
PARALLEL_2_REVERSE,PARALLEL,2,PARK_REVERSE,90,-12.4247,-26.2749,PARALLEL_PARK,REVERSE
PARALLEL_2_REVERSE,PARALLEL,2,PARK_REVERSE,91,-12.3315,-26.3113,PARALLEL_PARK,REVERSE
PARALLEL_2_REVERSE,PARALLEL,2,PARK_REVERSE,92,-12.2398,-26.3509,PARALLEL_PARK,REVERSE
PARALLEL_2_REVERSE,PARALLEL,2,PARK_REVERSE,93,-12.1492,-26.3934,PARALLEL_PARK,REVERSE
PARALLEL_2_REVERSE,PARALLEL,2,PARK_REVERSE,94,-12.0597,-26.4379,PARALLEL_PARK,REVERSE
PARALLEL_2_REVERSE,PARALLEL,2,PARK_REVERSE,95,-11.9709,-26.4839,PARALLEL_PARK,REVERSE
PARALLEL_2_REVERSE,PARALLEL,2,PARK_REVERSE,96,-11.8825,-26.5307,PARALLEL_PARK,REVERSE
PARALLEL_2_REVERSE,PARALLEL,2,PARK_REVERSE,97,-11.7942,-26.5777,PARALLEL_PARK,REVERSE
PARALLEL_2_REVERSE,PARALLEL,2,PARK_REVERSE,98,-11.7059,-26.6246,PARALLEL_PARK,REVERSE
PARALLEL_2_REVERSE,PARALLEL,2,PARK_REVERSE,99,-11.6176,-26.6715,PARALLEL_PARK,REVERSE
PARALLEL_2_REVERSE,PARALLEL,2,PARK_REVERSE,100,-11.5293,-26.7185,PARALLEL_PARK,REVERSE
PARALLEL_2_REVERSE,PARALLEL,2,PARK_REVERSE,101,-11.4410,-26.7654,PARALLEL_PARK,REVERSE
PARALLEL_2_REVERSE,PARALLEL,2,PARK_REVERSE,102,-11.3527,-26.8123,PARALLEL_PARK,REVERSE
PARALLEL_2_REVERSE,PARALLEL,2,PARK_REVERSE,103,-11.2644,-26.8593,PARALLEL_PARK,REVERSE
PARALLEL_2_REVERSE,PARALLEL,2,PARK_REVERSE,104,-11.1761,-26.9062,PARALLEL_PARK,REVERSE
PARALLEL_2_REVERSE,PARALLEL,2,PARK_REVERSE,105,-11.0878,-26.9532,PARALLEL_PARK,REVERSE
PARALLEL_2_REVERSE,PARALLEL,2,PARK_REVERSE,106,-10.9995,-27.0001,PARALLEL_PARK,REVERSE
PARALLEL_2_REVERSE,PARALLEL,2,PARK_REVERSE,107,-10.9112,-27.0470,PARALLEL_PARK,REVERSE
PARALLEL_2_REVERSE,PARALLEL,2,PARK_REVERSE,108,-10.8229,-27.0940,PARALLEL_PARK,REVERSE
PARALLEL_2_REVERSE,PARALLEL,2,PARK_REVERSE,109,-10.7346,-27.1409,PARALLEL_PARK,REVERSE
PARALLEL_2_EXIT,PARALLEL,2,PARK_EXIT_FORWARD,0,-10.6463,-27.1878,PARALLEL_PARK,FORWARD
PARALLEL_2_EXIT,PARALLEL,2,PARK_EXIT_FORWARD,1,-10.7346,-27.1409,PARALLEL_PARK,FORWARD
PARALLEL_2_EXIT,PARALLEL,2,PARK_EXIT_FORWARD,2,-10.8229,-27.0940,PARALLEL_PARK,FORWARD
PARALLEL_2_EXIT,PARALLEL,2,PARK_EXIT_FORWARD,3,-10.9112,-27.0470,PARALLEL_PARK,FORWARD
PARALLEL_2_EXIT,PARALLEL,2,PARK_EXIT_FORWARD,4,-10.9995,-27.0001,PARALLEL_PARK,FORWARD
PARALLEL_2_EXIT,PARALLEL,2,PARK_EXIT_FORWARD,5,-11.0878,-26.9532,PARALLEL_PARK,FORWARD
PARALLEL_2_EXIT,PARALLEL,2,PARK_EXIT_FORWARD,6,-11.1761,-26.9062,PARALLEL_PARK,FORWARD
PARALLEL_2_EXIT,PARALLEL,2,PARK_EXIT_FORWARD,7,-11.2644,-26.8593,PARALLEL_PARK,FORWARD
PARALLEL_2_EXIT,PARALLEL,2,PARK_EXIT_FORWARD,8,-11.3527,-26.8123,PARALLEL_PARK,FORWARD
PARALLEL_2_EXIT,PARALLEL,2,PARK_EXIT_FORWARD,9,-11.4410,-26.7654,PARALLEL_PARK,FORWARD
PARALLEL_2_EXIT,PARALLEL,2,PARK_EXIT_FORWARD,10,-11.5293,-26.7185,PARALLEL_PARK,FORWARD
PARALLEL_2_EXIT,PARALLEL,2,PARK_EXIT_FORWARD,11,-11.6176,-26.6715,PARALLEL_PARK,FORWARD
PARALLEL_2_EXIT,PARALLEL,2,PARK_EXIT_FORWARD,12,-11.7059,-26.6246,PARALLEL_PARK,FORWARD
PARALLEL_2_EXIT,PARALLEL,2,PARK_EXIT_FORWARD,13,-11.7942,-26.5777,PARALLEL_PARK,FORWARD
PARALLEL_2_EXIT,PARALLEL,2,PARK_EXIT_FORWARD,14,-11.8825,-26.5307,PARALLEL_PARK,FORWARD
PARALLEL_2_EXIT,PARALLEL,2,PARK_EXIT_FORWARD,15,-11.9709,-26.4839,PARALLEL_PARK,FORWARD
PARALLEL_2_EXIT,PARALLEL,2,PARK_EXIT_FORWARD,16,-12.0597,-26.4379,PARALLEL_PARK,FORWARD
PARALLEL_2_EXIT,PARALLEL,2,PARK_EXIT_FORWARD,17,-12.1492,-26.3934,PARALLEL_PARK,FORWARD
PARALLEL_2_EXIT,PARALLEL,2,PARK_EXIT_FORWARD,18,-12.2398,-26.3509,PARALLEL_PARK,FORWARD
PARALLEL_2_EXIT,PARALLEL,2,PARK_EXIT_FORWARD,19,-12.3315,-26.3113,PARALLEL_PARK,FORWARD
PARALLEL_2_EXIT,PARALLEL,2,PARK_EXIT_FORWARD,20,-12.4247,-26.2749,PARALLEL_PARK,FORWARD
PARALLEL_2_EXIT,PARALLEL,2,PARK_EXIT_FORWARD,21,-12.5192,-26.2422,PARALLEL_PARK,FORWARD
PARALLEL_2_EXIT,PARALLEL,2,PARK_EXIT_FORWARD,22,-12.6151,-26.2138,PARALLEL_PARK,FORWARD
PARALLEL_2_EXIT,PARALLEL,2,PARK_EXIT_FORWARD,23,-12.7121,-26.1899,PARALLEL_PARK,FORWARD
PARALLEL_2_EXIT,PARALLEL,2,PARK_EXIT_FORWARD,24,-12.8103,-26.1707,PARALLEL_PARK,FORWARD
PARALLEL_2_EXIT,PARALLEL,2,PARK_EXIT_FORWARD,25,-12.9092,-26.1564,PARALLEL_PARK,FORWARD
PARALLEL_2_EXIT,PARALLEL,2,PARK_EXIT_FORWARD,26,-13.0088,-26.1470,PARALLEL_PARK,FORWARD
PARALLEL_2_EXIT,PARALLEL,2,PARK_EXIT_FORWARD,27,-13.1087,-26.1424,PARALLEL_PARK,FORWARD
PARALLEL_2_EXIT,PARALLEL,2,PARK_EXIT_FORWARD,28,-13.2087,-26.1425,PARALLEL_PARK,FORWARD
PARALLEL_2_EXIT,PARALLEL,2,PARK_EXIT_FORWARD,29,-13.3086,-26.1469,PARALLEL_PARK,FORWARD
PARALLEL_2_EXIT,PARALLEL,2,PARK_EXIT_FORWARD,30,-13.4082,-26.1555,PARALLEL_PARK,FORWARD
PARALLEL_2_EXIT,PARALLEL,2,PARK_EXIT_FORWARD,31,-13.5074,-26.1679,PARALLEL_PARK,FORWARD
PARALLEL_2_EXIT,PARALLEL,2,PARK_EXIT_FORWARD,32,-13.6061,-26.1838,PARALLEL_PARK,FORWARD
PARALLEL_2_EXIT,PARALLEL,2,PARK_EXIT_FORWARD,33,-13.7043,-26.2029,PARALLEL_PARK,FORWARD
PARALLEL_2_EXIT,PARALLEL,2,PARK_EXIT_FORWARD,34,-13.8018,-26.2249,PARALLEL_PARK,FORWARD
PARALLEL_2_EXIT,PARALLEL,2,PARK_EXIT_FORWARD,35,-13.8988,-26.2495,PARALLEL_PARK,FORWARD
PARALLEL_2_EXIT,PARALLEL,2,PARK_EXIT_FORWARD,36,-13.9951,-26.2764,PARALLEL_PARK,FORWARD
PARALLEL_2_EXIT,PARALLEL,2,PARK_EXIT_FORWARD,37,-14.0908,-26.3054,PARALLEL_PARK,FORWARD
PARALLEL_2_EXIT,PARALLEL,2,PARK_EXIT_FORWARD,38,-14.1859,-26.3363,PARALLEL_PARK,FORWARD
PARALLEL_2_EXIT,PARALLEL,2,PARK_EXIT_FORWARD,39,-14.2804,-26.3689,PARALLEL_PARK,FORWARD
PARALLEL_2_EXIT,PARALLEL,2,PARK_EXIT_FORWARD,40,-14.3745,-26.4029,PARALLEL_PARK,FORWARD
PARALLEL_2_EXIT,PARALLEL,2,PARK_EXIT_FORWARD,41,-14.4680,-26.4381,PARALLEL_PARK,FORWARD
PARALLEL_2_EXIT,PARALLEL,2,PARK_EXIT_FORWARD,42,-14.5612,-26.4745,PARALLEL_PARK,FORWARD
PARALLEL_2_EXIT,PARALLEL,2,PARK_EXIT_FORWARD,43,-14.6539,-26.5119,PARALLEL_PARK,FORWARD
PARALLEL_2_EXIT,PARALLEL,2,PARK_EXIT_FORWARD,44,-14.7463,-26.5502,PARALLEL_PARK,FORWARD
PARALLEL_2_EXIT,PARALLEL,2,PARK_EXIT_FORWARD,45,-14.8384,-26.5892,PARALLEL_PARK,FORWARD
PARALLEL_2_EXIT,PARALLEL,2,PARK_EXIT_FORWARD,46,-14.9302,-26.6288,PARALLEL_PARK,FORWARD
PARALLEL_2_EXIT,PARALLEL,2,PARK_EXIT_FORWARD,47,-15.0218,-26.6689,PARALLEL_PARK,FORWARD
PARALLEL_2_EXIT,PARALLEL,2,PARK_EXIT_FORWARD,48,-15.1133,-26.7094,PARALLEL_PARK,FORWARD
PARALLEL_2_EXIT,PARALLEL,2,PARK_EXIT_FORWARD,49,-15.2045,-26.7502,PARALLEL_PARK,FORWARD
PARALLEL_2_EXIT,PARALLEL,2,PARK_EXIT_FORWARD,50,-15.2957,-26.7913,PARALLEL_PARK,FORWARD
PARALLEL_2_EXIT,PARALLEL,2,PARK_EXIT_FORWARD,51,-15.3868,-26.8326,PARALLEL_PARK,FORWARD
PARALLEL_2_EXIT,PARALLEL,2,PARK_EXIT_FORWARD,52,-15.4779,-26.8739,PARALLEL_PARK,FORWARD
PARALLEL_2_EXIT,PARALLEL,2,PARK_EXIT_FORWARD,53,-15.5689,-26.9152,PARALLEL_PARK,FORWARD
PARALLEL_2_EXIT,PARALLEL,2,PARK_EXIT_FORWARD,54,-15.6600,-26.9566,PARALLEL_PARK,FORWARD
PARALLEL_2_EXIT,PARALLEL,2,PARK_EXIT_FORWARD,55,-15.7511,-26.9977,PARALLEL_PARK,FORWARD
PARALLEL_2_EXIT,PARALLEL,2,PARK_EXIT_FORWARD,56,-15.8423,-27.0388,PARALLEL_PARK,FORWARD
PARALLEL_2_EXIT,PARALLEL,2,PARK_EXIT_FORWARD,57,-15.9336,-27.0795,PARALLEL_PARK,FORWARD
PARALLEL_2_EXIT,PARALLEL,2,PARK_EXIT_FORWARD,58,-16.0250,-27.1200,PARALLEL_PARK,FORWARD
PARALLEL_2_EXIT,PARALLEL,2,PARK_EXIT_FORWARD,59,-16.1166,-27.1602,PARALLEL_PARK,FORWARD
PARALLEL_2_EXIT,PARALLEL,2,PARK_EXIT_FORWARD,60,-16.2084,-27.1999,PARALLEL_PARK,FORWARD
PARALLEL_2_EXIT,PARALLEL,2,PARK_EXIT_FORWARD,61,-16.3003,-27.2393,PARALLEL_PARK,FORWARD
PARALLEL_2_EXIT,PARALLEL,2,PARK_EXIT_FORWARD,62,-16.3925,-27.2781,PARALLEL_PARK,FORWARD
PARALLEL_2_EXIT,PARALLEL,2,PARK_EXIT_FORWARD,63,-16.4849,-27.3164,PARALLEL_PARK,FORWARD
PARALLEL_2_EXIT,PARALLEL,2,PARK_EXIT_FORWARD,64,-16.5775,-27.3541,PARALLEL_PARK,FORWARD
PARALLEL_2_EXIT,PARALLEL,2,PARK_EXIT_FORWARD,65,-16.6704,-27.3911,PARALLEL_PARK,FORWARD
PARALLEL_2_EXIT,PARALLEL,2,PARK_EXIT_FORWARD,66,-16.7635,-27.4275,PARALLEL_PARK,FORWARD
PARALLEL_2_EXIT,PARALLEL,2,PARK_EXIT_FORWARD,67,-16.8569,-27.4632,PARALLEL_PARK,FORWARD
PARALLEL_2_EXIT,PARALLEL,2,PARK_EXIT_FORWARD,68,-16.9506,-27.4981,PARALLEL_PARK,FORWARD
PARALLEL_2_EXIT,PARALLEL,2,PARK_EXIT_FORWARD,69,-17.0446,-27.5322,PARALLEL_PARK,FORWARD
PARALLEL_2_EXIT,PARALLEL,2,PARK_EXIT_FORWARD,70,-17.1389,-27.5655,PARALLEL_PARK,FORWARD
PARALLEL_2_EXIT,PARALLEL,2,PARK_EXIT_FORWARD,71,-17.2335,-27.5980,PARALLEL_PARK,FORWARD
PARALLEL_2_EXIT,PARALLEL,2,PARK_EXIT_FORWARD,72,-17.3284,-27.6295,PARALLEL_PARK,FORWARD
PARALLEL_2_EXIT,PARALLEL,2,PARK_EXIT_FORWARD,73,-17.4236,-27.6601,PARALLEL_PARK,FORWARD
PARALLEL_2_EXIT,PARALLEL,2,PARK_EXIT_FORWARD,74,-17.5191,-27.6898,PARALLEL_PARK,FORWARD
PARALLEL_2_EXIT,PARALLEL,2,PARK_EXIT_FORWARD,75,-17.6149,-27.7184,PARALLEL_PARK,FORWARD
PARALLEL_2_EXIT,PARALLEL,2,PARK_EXIT_FORWARD,76,-17.7110,-27.7460,PARALLEL_PARK,FORWARD
PARALLEL_2_EXIT,PARALLEL,2,PARK_EXIT_FORWARD,77,-17.8074,-27.7726,PARALLEL_PARK,FORWARD
PARALLEL_2_EXIT,PARALLEL,2,PARK_EXIT_FORWARD,78,-17.9041,-27.7982,PARALLEL_PARK,FORWARD
PARALLEL_2_EXIT,PARALLEL,2,PARK_EXIT_FORWARD,79,-18.0011,-27.8226,PARALLEL_PARK,FORWARD
PARALLEL_2_EXIT,PARALLEL,2,PARK_EXIT_FORWARD,80,-18.0983,-27.8459,PARALLEL_PARK,FORWARD
PARALLEL_2_EXIT,PARALLEL,2,PARK_EXIT_FORWARD,81,-18.1958,-27.8681,PARALLEL_PARK,FORWARD
PARALLEL_2_EXIT,PARALLEL,2,PARK_EXIT_FORWARD,82,-18.2936,-27.8891,PARALLEL_PARK,FORWARD
PARALLEL_2_EXIT,PARALLEL,2,PARK_EXIT_FORWARD,83,-18.3916,-27.9090,PARALLEL_PARK,FORWARD
PARALLEL_2_EXIT,PARALLEL,2,PARK_EXIT_FORWARD,84,-18.4898,-27.9277,PARALLEL_PARK,FORWARD
PARALLEL_2_EXIT,PARALLEL,2,PARK_EXIT_FORWARD,85,-18.5883,-27.9452,PARALLEL_PARK,FORWARD
PARALLEL_2_EXIT,PARALLEL,2,PARK_EXIT_FORWARD,86,-18.6870,-27.9615,PARALLEL_PARK,FORWARD
PARALLEL_2_EXIT,PARALLEL,2,PARK_EXIT_FORWARD,87,-18.7858,-27.9766,PARALLEL_PARK,FORWARD
PARALLEL_2_EXIT,PARALLEL,2,PARK_EXIT_FORWARD,88,-18.8848,-27.9905,PARALLEL_PARK,FORWARD
PARALLEL_2_EXIT,PARALLEL,2,PARK_EXIT_FORWARD,89,-18.9840,-28.0032,PARALLEL_PARK,FORWARD
PARALLEL_2_EXIT,PARALLEL,2,PARK_EXIT_FORWARD,90,-19.0834,-28.0146,PARALLEL_PARK,FORWARD
PARALLEL_2_EXIT,PARALLEL,2,PARK_EXIT_FORWARD,91,-19.1829,-28.0248,PARALLEL_PARK,FORWARD
PARALLEL_2_EXIT,PARALLEL,2,PARK_EXIT_FORWARD,92,-19.2825,-28.0338,PARALLEL_PARK,FORWARD
PARALLEL_2_EXIT,PARALLEL,2,PARK_EXIT_FORWARD,93,-19.3821,-28.0416,PARALLEL_PARK,FORWARD
PARALLEL_2_EXIT,PARALLEL,2,PARK_EXIT_FORWARD,94,-19.4819,-28.0481,PARALLEL_PARK,FORWARD
PARALLEL_2_EXIT,PARALLEL,2,PARK_EXIT_FORWARD,95,-19.5818,-28.0534,PARALLEL_PARK,FORWARD
PARALLEL_2_EXIT,PARALLEL,2,PARK_EXIT_FORWARD,96,-19.6817,-28.0575,PARALLEL_PARK,FORWARD
PARALLEL_2_EXIT,PARALLEL,2,PARK_EXIT_FORWARD,97,-19.7817,-28.0604,PARALLEL_PARK,FORWARD
PARALLEL_2_EXIT,PARALLEL,2,PARK_EXIT_FORWARD,98,-19.8817,-28.0621,PARALLEL_PARK,FORWARD
PARALLEL_2_EXIT,PARALLEL,2,PARK_EXIT_FORWARD,99,-19.9816,-28.0627,PARALLEL_PARK,FORWARD
PARALLEL_2_EXIT,PARALLEL,2,PARK_EXIT_FORWARD,100,-20.0816,-28.0621,PARALLEL_PARK,FORWARD
PARALLEL_2_EXIT,PARALLEL,2,PARK_EXIT_FORWARD,101,-20.1816,-28.0605,PARALLEL_PARK,FORWARD
PARALLEL_2_EXIT,PARALLEL,2,PARK_EXIT_FORWARD,102,-20.2816,-28.0578,PARALLEL_PARK,FORWARD
PARALLEL_2_EXIT,PARALLEL,2,PARK_EXIT_FORWARD,103,-20.3815,-28.0541,PARALLEL_PARK,FORWARD
PARALLEL_2_EXIT,PARALLEL,2,PARK_EXIT_FORWARD,104,-20.4814,-28.0495,PARALLEL_PARK,FORWARD
PARALLEL_2_EXIT,PARALLEL,2,PARK_EXIT_FORWARD,105,-20.5813,-28.0441,PARALLEL_PARK,FORWARD
PARALLEL_2_EXIT,PARALLEL,2,PARK_EXIT_FORWARD,106,-20.6811,-28.0379,PARALLEL_PARK,FORWARD
PARALLEL_2_EXIT,PARALLEL,2,PARK_EXIT_FORWARD,107,-20.7809,-28.0311,PARALLEL_PARK,FORWARD
PARALLEL_2_EXIT,PARALLEL,2,PARK_EXIT_FORWARD,108,-20.8806,-28.0239,PARALLEL_PARK,FORWARD
PARALLEL_2_EXIT,PARALLEL,2,PARK_EXIT_FORWARD,109,-20.9803,-28.0163,PARALLEL_PARK,FORWARD
PARALLEL_2_EXIT,PARALLEL,2,PARK_EXIT_FORWARD,110,-21.0457,-28.0112,PARALLEL_PARK,FORWARD
PARALLEL_2_POST_EXIT,PARALLEL,2,POST_EXIT_FORWARD_TO_P1_PATH,0,-21.1455,-28.0044,PARALLEL_PARK,FORWARD
PARALLEL_2_POST_EXIT,PARALLEL,2,POST_EXIT_FORWARD_TO_P1_PATH,1,-21.2450,-27.9943,PARALLEL_PARK,FORWARD
PARALLEL_2_POST_EXIT,PARALLEL,2,POST_EXIT_FORWARD_TO_P1_PATH,2,-21.3440,-27.9806,PARALLEL_PARK,FORWARD
PARALLEL_2_POST_EXIT,PARALLEL,2,POST_EXIT_FORWARD_TO_P1_PATH,3,-21.4425,-27.9633,PARALLEL_PARK,FORWARD
PARALLEL_2_POST_EXIT,PARALLEL,2,POST_EXIT_FORWARD_TO_P1_PATH,4,-21.5403,-27.9425,PARALLEL_PARK,FORWARD
PARALLEL_2_POST_EXIT,PARALLEL,2,POST_EXIT_FORWARD_TO_P1_PATH,5,-21.6373,-27.9181,PARALLEL_PARK,FORWARD
PARALLEL_2_POST_EXIT,PARALLEL,2,POST_EXIT_FORWARD_TO_P1_PATH,6,-21.7333,-27.8902,PARALLEL_PARK,FORWARD
PARALLEL_2_POST_EXIT,PARALLEL,2,POST_EXIT_FORWARD_TO_P1_PATH,7,-21.8282,-27.8588,PARALLEL_PARK,FORWARD
PARALLEL_2_POST_EXIT,PARALLEL,2,POST_EXIT_FORWARD_TO_P1_PATH,8,-21.9220,-27.8241,PARALLEL_PARK,FORWARD
PARALLEL_2_POST_EXIT,PARALLEL,2,POST_EXIT_FORWARD_TO_P1_PATH,9,-22.0145,-27.7861,PARALLEL_PARK,FORWARD
PARALLEL_2_POST_EXIT,PARALLEL,2,POST_EXIT_FORWARD_TO_P1_PATH,10,-22.1057,-27.7451,PARALLEL_PARK,FORWARD
PARALLEL_2_POST_EXIT,PARALLEL,2,POST_EXIT_FORWARD_TO_P1_PATH,11,-22.1955,-27.7012,PARALLEL_PARK,FORWARD
PARALLEL_2_POST_EXIT,PARALLEL,2,POST_EXIT_FORWARD_TO_P1_PATH,12,-22.2840,-27.6546,PARALLEL_PARK,FORWARD
PARALLEL_2_POST_EXIT,PARALLEL,2,POST_EXIT_FORWARD_TO_P1_PATH,13,-22.3712,-27.6056,PARALLEL_PARK,FORWARD
PARALLEL_2_POST_EXIT,PARALLEL,2,POST_EXIT_FORWARD_TO_P1_PATH,14,-22.4571,-27.5544,PARALLEL_PARK,FORWARD
PARALLEL_2_POST_EXIT,PARALLEL,2,POST_EXIT_FORWARD_TO_P1_PATH,15,-22.5418,-27.5012,PARALLEL_PARK,FORWARD
PARALLEL_2_POST_EXIT,PARALLEL,2,POST_EXIT_FORWARD_TO_P1_PATH,16,-22.6253,-27.4463,PARALLEL_PARK,FORWARD
PARALLEL_2_POST_EXIT,PARALLEL,2,POST_EXIT_FORWARD_TO_P1_PATH,17,-22.7079,-27.3898,PARALLEL_PARK,FORWARD
PARALLEL_2_POST_EXIT,PARALLEL,2,POST_EXIT_FORWARD_TO_P1_PATH,18,-22.7896,-27.3322,PARALLEL_PARK,FORWARD
PARALLEL_2_POST_EXIT,PARALLEL,2,POST_EXIT_FORWARD_TO_P1_PATH,19,-22.8705,-27.2734,PARALLEL_PARK,FORWARD
PARALLEL_2_POST_EXIT,PARALLEL,2,POST_EXIT_FORWARD_TO_P1_PATH,20,-22.9509,-27.2139,PARALLEL_PARK,FORWARD
PARALLEL_2_POST_EXIT,PARALLEL,2,POST_EXIT_FORWARD_TO_P1_PATH,21,-23.0308,-27.1538,PARALLEL_PARK,FORWARD
PARALLEL_2_POST_EXIT,PARALLEL,2,POST_EXIT_FORWARD_TO_P1_PATH,22,-23.1104,-27.0934,PARALLEL_PARK,FORWARD
PARALLEL_2_POST_EXIT,PARALLEL,2,POST_EXIT_FORWARD_TO_P1_PATH,23,-23.1900,-27.0327,PARALLEL_PARK,FORWARD
PARALLEL_2_POST_EXIT,PARALLEL,2,POST_EXIT_FORWARD_TO_P1_PATH,24,-23.2696,-26.9722,PARALLEL_PARK,FORWARD
PARALLEL_2_POST_EXIT,PARALLEL,2,POST_EXIT_FORWARD_TO_P1_PATH,25,-23.3494,-26.9120,PARALLEL_PARK,FORWARD
PARALLEL_2_POST_EXIT,PARALLEL,2,POST_EXIT_FORWARD_TO_P1_PATH,26,-23.4296,-26.8523,PARALLEL_PARK,FORWARD
PARALLEL_2_POST_EXIT,PARALLEL,2,POST_EXIT_FORWARD_TO_P1_PATH,27,-23.5104,-26.7933,PARALLEL_PARK,FORWARD
PARALLEL_2_POST_EXIT,PARALLEL,2,POST_EXIT_FORWARD_TO_P1_PATH,28,-23.5918,-26.7352,PARALLEL_PARK,FORWARD
PARALLEL_2_POST_EXIT,PARALLEL,2,POST_EXIT_FORWARD_TO_P1_PATH,29,-23.6741,-26.6784,PARALLEL_PARK,FORWARD
PARALLEL_2_POST_EXIT,PARALLEL,2,POST_EXIT_FORWARD_TO_P1_PATH,30,-23.7573,-26.6230,PARALLEL_PARK,FORWARD
PARALLEL_2_POST_EXIT,PARALLEL,2,POST_EXIT_FORWARD_TO_P1_PATH,31,-23.8417,-26.5692,PARALLEL_PARK,FORWARD
PARALLEL_2_POST_EXIT,PARALLEL,2,POST_EXIT_FORWARD_TO_P1_PATH,32,-23.9272,-26.5174,PARALLEL_PARK,FORWARD
PARALLEL_2_POST_EXIT,PARALLEL,2,POST_EXIT_FORWARD_TO_P1_PATH,33,-24.0139,-26.4677,PARALLEL_PARK,FORWARD
PARALLEL_2_POST_EXIT,PARALLEL,2,POST_EXIT_FORWARD_TO_P1_PATH,34,-24.1020,-26.4203,PARALLEL_PARK,FORWARD
PARALLEL_2_POST_EXIT,PARALLEL,2,POST_EXIT_FORWARD_TO_P1_PATH,35,-24.1914,-26.3755,PARALLEL_PARK,FORWARD
PARALLEL_2_POST_EXIT,PARALLEL,2,POST_EXIT_FORWARD_TO_P1_PATH,36,-24.2821,-26.3335,PARALLEL_PARK,FORWARD
PARALLEL_2_POST_EXIT,PARALLEL,2,POST_EXIT_FORWARD_TO_P1_PATH,37,-24.3742,-26.2945,PARALLEL_PARK,FORWARD
PARALLEL_2_POST_EXIT,PARALLEL,2,POST_EXIT_FORWARD_TO_P1_PATH,38,-24.4676,-26.2587,PARALLEL_PARK,FORWARD
PARALLEL_2_POST_EXIT,PARALLEL,2,POST_EXIT_FORWARD_TO_P1_PATH,39,-24.5621,-26.2262,PARALLEL_PARK,FORWARD
PARALLEL_2_POST_EXIT,PARALLEL,2,POST_EXIT_FORWARD_TO_P1_PATH,40,-24.6031,-26.2133,PARALLEL_PARK,FORWARD
PARALLEL_2_POST_EXIT,PARALLEL,2,POST_EXIT_FORWARD_TO_P1_PATH,41,-24.6855,-26.1882,PARALLEL_PARK,FORWARD
PARALLEL_2_POST_EXIT,PARALLEL,2,POST_EXIT_FORWARD_TO_P1_PATH,42,-24.7815,-26.1603,PARALLEL_PARK,FORWARD
PARALLEL_2_POST_EXIT,PARALLEL,2,POST_EXIT_FORWARD_TO_P1_PATH,43,-24.8778,-26.1335,PARALLEL_PARK,FORWARD
PARALLEL_2_POST_EXIT,PARALLEL,2,POST_EXIT_FORWARD_TO_P1_PATH,44,-24.9745,-26.1080,PARALLEL_PARK,FORWARD
PARALLEL_2_POST_EXIT,PARALLEL,2,POST_EXIT_FORWARD_TO_P1_PATH,45,-25.0715,-26.0837,PARALLEL_PARK,FORWARD
PARALLEL_2_POST_EXIT,PARALLEL,2,POST_EXIT_FORWARD_TO_P1_PATH,46,-25.1689,-26.0607,PARALLEL_PARK,FORWARD
PARALLEL_2_POST_EXIT,PARALLEL,2,POST_EXIT_FORWARD_TO_P1_PATH,47,-25.2665,-26.0391,PARALLEL_PARK,FORWARD
PARALLEL_2_POST_EXIT,PARALLEL,2,POST_EXIT_FORWARD_TO_P1_PATH,48,-25.3644,-26.0189,PARALLEL_PARK,FORWARD
PARALLEL_2_POST_EXIT,PARALLEL,2,POST_EXIT_FORWARD_TO_P1_PATH,49,-25.4627,-26.0002,PARALLEL_PARK,FORWARD
PARALLEL_2_POST_EXIT,PARALLEL,2,POST_EXIT_FORWARD_TO_P1_PATH,50,-25.5612,-25.9829,PARALLEL_PARK,FORWARD
PARALLEL_2_POST_EXIT,PARALLEL,2,POST_EXIT_FORWARD_TO_P1_PATH,51,-25.6599,-25.9673,PARALLEL_PARK,FORWARD
PARALLEL_2_POST_EXIT,PARALLEL,2,POST_EXIT_FORWARD_TO_P1_PATH,52,-25.7589,-25.9533,PARALLEL_PARK,FORWARD
PARALLEL_2_POST_EXIT,PARALLEL,2,POST_EXIT_FORWARD_TO_P1_PATH,53,-25.8582,-25.9410,PARALLEL_PARK,FORWARD
PARALLEL_2_POST_EXIT,PARALLEL,2,POST_EXIT_FORWARD_TO_P1_PATH,54,-25.9576,-25.9304,PARALLEL_PARK,FORWARD
PARALLEL_2_POST_EXIT,PARALLEL,2,POST_EXIT_FORWARD_TO_P1_PATH,55,-26.0572,-25.9218,PARALLEL_PARK,FORWARD
PARALLEL_2_POST_EXIT,PARALLEL,2,POST_EXIT_FORWARD_TO_P1_PATH,56,-26.0592,-25.9216,PARALLEL_PARK,FORWARD
PARALLEL_2_POST_EXIT,PARALLEL,2,POST_EXIT_FORWARD_TO_P1_PATH,57,-30.2115,-24.7246,PARALLEL_PARK,FORWARD
PARALLEL_2_POST_EXIT,PARALLEL,2,POST_EXIT_FORWARD_TO_P1_PATH,58,-31.2274,-24.5160,PARALLEL_PARK,FORWARD
PARALLEL_2_POST_EXIT,PARALLEL,2,POST_EXIT_FORWARD_TO_P1_PATH,59,-32.2488,-23.9438,PARALLEL_PARK,FORWARD
PARALLEL_2_POST_EXIT,PARALLEL,2,POST_EXIT_FORWARD_TO_P1_PATH,60,-32.8810,-23.2282,PARALLEL_PARK,FORWARD
PARALLEL_2_POST_EXIT,PARALLEL,2,POST_EXIT_FORWARD_TO_P1_PATH,61,-32.9759,-22.2700,PARALLEL_PARK,FORWARD
PARALLEL_2_POST_EXIT,PARALLEL,2,POST_EXIT_FORWARD_TO_P1_PATH,62,-32.9807,-21.2230,PARALLEL_PARK,FORWARD
PARALLEL_2_POST_EXIT,PARALLEL,2,POST_EXIT_FORWARD_TO_P1_PATH,63,-32.7680,-20.1164,PARALLEL_PARK,FORWARD
PARALLEL_2_POST_EXIT,PARALLEL,2,POST_EXIT_FORWARD_TO_P1_PATH,64,-32.4311,-19.1908,PARALLEL_PARK,FORWARD
PARALLEL_2_POST_EXIT,PARALLEL,2,POST_EXIT_FORWARD_TO_P1_PATH,65,-32.1912,-18.3889,PARALLEL_PARK,FORWARD
PARALLEL_2_POST_EXIT,PARALLEL,2,POST_EXIT_FORWARD_TO_P1_PATH,66,-32.0212,-17.6549,PARALLEL_PARK,FORWARD
PARALLEL_2_POST_EXIT,PARALLEL,2,POST_EXIT_FORWARD_TO_P1_PATH,67,-31.6034,-16.8991,PARALLEL_PARK,FORWARD
PARALLEL_2_POST_EXIT,PARALLEL,2,POST_EXIT_FORWARD_TO_P1_PATH,68,-31.2797,-16.1021,PARALLEL_PARK,FORWARD
PARALLEL_2_POST_EXIT,PARALLEL,2,POST_EXIT_FORWARD_TO_P1_PATH,69,-30.7256,-15.2305,PARALLEL_PARK,FORWARD
PARALLEL_2_POST_EXIT,PARALLEL,2,POST_EXIT_FORWARD_TO_P1_PATH,70,-30.0216,-14.4258,PARALLEL_PARK,FORWARD
PARALLEL_2_POST_EXIT,PARALLEL,2,POST_EXIT_FORWARD_TO_P1_PATH,71,-29.1537,-13.7903,PARALLEL_PARK,FORWARD
FINAL_COMMON,,,MAIN,0,-30.2115,-24.7246,NORMAL,UNASSIGNED
FINAL_COMMON,,,MAIN,1,-31.2274,-24.5160,NORMAL,UNASSIGNED
FINAL_COMMON,,,MAIN,2,-32.2488,-23.9438,NORMAL,UNASSIGNED
FINAL_COMMON,,,MAIN,3,-32.8810,-23.2282,NORMAL,UNASSIGNED
FINAL_COMMON,,,MAIN,4,-32.9759,-22.2700,NORMAL,UNASSIGNED
FINAL_COMMON,,,MAIN,5,-32.9807,-21.2230,NORMAL,UNASSIGNED
FINAL_COMMON,,,MAIN,6,-32.7680,-20.1164,NORMAL,UNASSIGNED
FINAL_COMMON,,,MAIN,7,-32.4311,-19.1908,NORMAL,UNASSIGNED
FINAL_COMMON,,,MAIN,8,-32.1912,-18.3889,NORMAL,UNASSIGNED
FINAL_COMMON,,,MAIN,9,-32.0212,-17.6549,NORMAL,UNASSIGNED
FINAL_COMMON,,,MAIN,10,-31.6034,-16.8991,NORMAL,UNASSIGNED
FINAL_COMMON,,,MAIN,11,-31.2797,-16.1021,NORMAL,UNASSIGNED
FINAL_COMMON,,,MAIN,12,-30.7256,-15.2305,NORMAL,UNASSIGNED
FINAL_COMMON,,,MAIN,13,-30.0216,-14.4258,NORMAL,UNASSIGNED
FINAL_COMMON,,,MAIN,14,-29.1537,-13.7903,NORMAL,UNASSIGNED
FINAL_1,FINAL,1,PATH,0,-29.1537,-13.7903,NORMAL,UNASSIGNED
FINAL_1,FINAL,1,PATH,1,-29.0651,-13.6697,NORMAL,UNASSIGNED
FINAL_1,FINAL,1,PATH,2,-28.9658,-13.5578,NORMAL,UNASSIGNED
FINAL_1,FINAL,1,PATH,3,-28.8561,-13.4560,NORMAL,UNASSIGNED
FINAL_1,FINAL,1,PATH,4,-28.7370,-13.3655,NORMAL,UNASSIGNED
FINAL_1,FINAL,1,PATH,5,-28.6097,-13.2869,NORMAL,UNASSIGNED
FINAL_1,FINAL,1,PATH,6,-28.4756,-13.2204,NORMAL,UNASSIGNED
FINAL_1,FINAL,1,PATH,7,-28.3364,-13.1656,NORMAL,UNASSIGNED
FINAL_1,FINAL,1,PATH,8,-28.1933,-13.1217,NORMAL,UNASSIGNED
FINAL_1,FINAL,1,PATH,9,-28.0476,-13.0877,NORMAL,UNASSIGNED
FINAL_1,FINAL,1,PATH,10,-27.9000,-13.0625,NORMAL,UNASSIGNED
FINAL_1,FINAL,1,PATH,11,-27.7514,-13.0451,NORMAL,UNASSIGNED
FINAL_1,FINAL,1,PATH,12,-27.6021,-13.0345,NORMAL,UNASSIGNED
FINAL_1,FINAL,1,PATH,13,-27.4525,-13.0297,NORMAL,UNASSIGNED
FINAL_1,FINAL,1,PATH,14,-27.3028,-13.0300,NORMAL,UNASSIGNED
FINAL_1,FINAL,1,PATH,15,-27.1532,-13.0346,NORMAL,UNASSIGNED
FINAL_1,FINAL,1,PATH,16,-27.0038,-13.0429,NORMAL,UNASSIGNED
FINAL_1,FINAL,1,PATH,17,-26.8545,-13.0544,NORMAL,UNASSIGNED
FINAL_1,FINAL,1,PATH,18,-26.7055,-13.0685,NORMAL,UNASSIGNED
FINAL_1,FINAL,1,PATH,19,-26.5567,-13.0851,NORMAL,UNASSIGNED
FINAL_1,FINAL,1,PATH,20,-26.4082,-13.1039,NORMAL,UNASSIGNED
FINAL_1,FINAL,1,PATH,21,-26.2600,-13.1247,NORMAL,UNASSIGNED
FINAL_1,FINAL,1,PATH,22,-26.1121,-13.1474,NORMAL,UNASSIGNED
FINAL_1,FINAL,1,PATH,23,-25.9644,-13.1717,NORMAL,UNASSIGNED
FINAL_1,FINAL,1,PATH,24,-25.8169,-13.1975,NORMAL,UNASSIGNED
FINAL_1,FINAL,1,PATH,25,-25.6697,-13.2247,NORMAL,UNASSIGNED
FINAL_1,FINAL,1,PATH,26,-25.5228,-13.2531,NORMAL,UNASSIGNED
FINAL_1,FINAL,1,PATH,27,-25.3760,-13.2826,NORMAL,UNASSIGNED
FINAL_1,FINAL,1,PATH,28,-25.2295,-13.3130,NORMAL,UNASSIGNED
FINAL_1,FINAL,1,PATH,29,-25.0831,-13.3443,NORMAL,UNASSIGNED
FINAL_1,FINAL,1,PATH,30,-24.9369,-13.3763,NORMAL,UNASSIGNED
FINAL_1,FINAL,1,PATH,31,-24.7908,-13.4089,NORMAL,UNASSIGNED
FINAL_1,FINAL,1,PATH,32,-24.6448,-13.4421,NORMAL,UNASSIGNED
FINAL_1,FINAL,1,PATH,33,-24.4990,-13.4758,NORMAL,UNASSIGNED
FINAL_1,FINAL,1,PATH,34,-24.3532,-13.5097,NORMAL,UNASSIGNED
FINAL_1,FINAL,1,PATH,35,-24.2075,-13.5440,NORMAL,UNASSIGNED
FINAL_1,FINAL,1,PATH,36,-24.0618,-13.5783,NORMAL,UNASSIGNED
FINAL_1,FINAL,1,PATH,37,-23.9161,-13.6128,NORMAL,UNASSIGNED
FINAL_1,FINAL,1,PATH,38,-23.7704,-13.6472,NORMAL,UNASSIGNED
FINAL_1,FINAL,1,PATH,39,-23.6247,-13.6815,NORMAL,UNASSIGNED
FINAL_1,FINAL,1,PATH,40,-23.4790,-13.7156,NORMAL,UNASSIGNED
FINAL_1,FINAL,1,PATH,41,-23.3332,-13.7494,NORMAL,UNASSIGNED
FINAL_1,FINAL,1,PATH,42,-23.1873,-13.7829,NORMAL,UNASSIGNED
FINAL_1,FINAL,1,PATH,43,-23.0414,-13.8162,NORMAL,UNASSIGNED
FINAL_1,FINAL,1,PATH,44,-22.8953,-13.8491,NORMAL,UNASSIGNED
FINAL_1,FINAL,1,PATH,45,-22.7493,-13.8818,NORMAL,UNASSIGNED
FINAL_1,FINAL,1,PATH,46,-22.6031,-13.9142,NORMAL,UNASSIGNED
FINAL_1,FINAL,1,PATH,47,-22.4569,-13.9463,NORMAL,UNASSIGNED
FINAL_1,FINAL,1,PATH,48,-22.3107,-13.9781,NORMAL,UNASSIGNED
FINAL_1,FINAL,1,PATH,49,-22.1644,-14.0097,NORMAL,UNASSIGNED
FINAL_1,FINAL,1,PATH,50,-22.0180,-14.0410,NORMAL,UNASSIGNED
FINAL_1,FINAL,1,PATH,51,-21.8715,-14.0720,NORMAL,UNASSIGNED
FINAL_1,FINAL,1,PATH,52,-21.7250,-14.1027,NORMAL,UNASSIGNED
FINAL_1,FINAL,1,PATH,53,-21.5785,-14.1331,NORMAL,UNASSIGNED
FINAL_1,FINAL,1,PATH,54,-21.4319,-14.1633,NORMAL,UNASSIGNED
FINAL_1,FINAL,1,PATH,55,-21.2852,-14.1933,NORMAL,UNASSIGNED
FINAL_1,FINAL,1,PATH,56,-21.1385,-14.2229,NORMAL,UNASSIGNED
FINAL_1,FINAL,1,PATH,57,-20.9917,-14.2523,NORMAL,UNASSIGNED
FINAL_1,FINAL,1,PATH,58,-20.8449,-14.2815,NORMAL,UNASSIGNED
FINAL_1,FINAL,1,PATH,59,-20.6980,-14.3103,NORMAL,UNASSIGNED
FINAL_1,FINAL,1,PATH,60,-20.5511,-14.3390,NORMAL,UNASSIGNED
FINAL_1,FINAL,1,PATH,61,-20.4042,-14.3674,NORMAL,UNASSIGNED
FINAL_1,FINAL,1,PATH,62,-20.2571,-14.3955,NORMAL,UNASSIGNED
FINAL_1,FINAL,1,PATH,63,-20.1101,-14.4234,NORMAL,UNASSIGNED
FINAL_1,FINAL,1,PATH,64,-19.9630,-14.4511,NORMAL,UNASSIGNED
FINAL_1,FINAL,1,PATH,65,-19.8158,-14.4785,NORMAL,UNASSIGNED
FINAL_1,FINAL,1,PATH,66,-19.6686,-14.5057,NORMAL,UNASSIGNED
FINAL_1,FINAL,1,PATH,67,-19.5214,-14.5326,NORMAL,UNASSIGNED
FINAL_1,FINAL,1,PATH,68,-19.3741,-14.5594,NORMAL,UNASSIGNED
FINAL_1,FINAL,1,PATH,69,-19.2268,-14.5859,NORMAL,UNASSIGNED
FINAL_1,FINAL,1,PATH,70,-19.0795,-14.6122,NORMAL,UNASSIGNED
FINAL_1,FINAL,1,PATH,71,-18.9321,-14.6383,NORMAL,UNASSIGNED
FINAL_1,FINAL,1,PATH,72,-18.7846,-14.6642,NORMAL,UNASSIGNED
FINAL_1,FINAL,1,PATH,73,-18.6372,-14.6899,NORMAL,UNASSIGNED
FINAL_1,FINAL,1,PATH,74,-18.4897,-14.7154,NORMAL,UNASSIGNED
FINAL_1,FINAL,1,PATH,75,-18.3422,-14.7407,NORMAL,UNASSIGNED
FINAL_1,FINAL,1,PATH,76,-18.1946,-14.7658,NORMAL,UNASSIGNED
FINAL_1,FINAL,1,PATH,77,-18.0470,-14.7908,NORMAL,UNASSIGNED
FINAL_1,FINAL,1,PATH,78,-17.8994,-14.8155,NORMAL,UNASSIGNED
FINAL_1,FINAL,1,PATH,79,-17.7517,-14.8401,NORMAL,UNASSIGNED
FINAL_1,FINAL,1,PATH,80,-17.6040,-14.8645,NORMAL,UNASSIGNED
FINAL_1,FINAL,1,PATH,81,-17.4563,-14.8888,NORMAL,UNASSIGNED
FINAL_1,FINAL,1,PATH,82,-17.3086,-14.9129,NORMAL,UNASSIGNED
FINAL_1,FINAL,1,PATH,83,-17.1609,-14.9368,NORMAL,UNASSIGNED
FINAL_1,FINAL,1,PATH,84,-17.0131,-14.9606,NORMAL,UNASSIGNED
FINAL_1,FINAL,1,PATH,85,-16.8653,-14.9843,NORMAL,UNASSIGNED
FINAL_1,FINAL,1,PATH,86,-16.7174,-15.0078,NORMAL,UNASSIGNED
FINAL_1,FINAL,1,PATH,87,-16.5696,-15.0311,NORMAL,UNASSIGNED
FINAL_1,FINAL,1,PATH,88,-16.4217,-15.0543,NORMAL,UNASSIGNED
FINAL_1,FINAL,1,PATH,89,-16.2738,-15.0773,NORMAL,UNASSIGNED
FINAL_1,FINAL,1,PATH,90,-16.1259,-15.1002,NORMAL,UNASSIGNED
FINAL_1,FINAL,1,PATH,91,-15.9779,-15.1230,NORMAL,UNASSIGNED
FINAL_1,FINAL,1,PATH,92,-15.8300,-15.1456,NORMAL,UNASSIGNED
FINAL_1,FINAL,1,PATH,93,-15.6820,-15.1680,NORMAL,UNASSIGNED
FINAL_1,FINAL,1,PATH,94,-15.5340,-15.1903,NORMAL,UNASSIGNED
FINAL_1,FINAL,1,PATH,95,-15.3859,-15.2124,NORMAL,UNASSIGNED
FINAL_1,FINAL,1,PATH,96,-15.2379,-15.2344,NORMAL,UNASSIGNED
FINAL_1,FINAL,1,PATH,97,-15.0898,-15.2563,NORMAL,UNASSIGNED
FINAL_1,FINAL,1,PATH,98,-14.9417,-15.2780,NORMAL,UNASSIGNED
FINAL_1,FINAL,1,PATH,99,-14.7936,-15.2995,NORMAL,UNASSIGNED
FINAL_1,FINAL,1,PATH,100,-14.6454,-15.3209,NORMAL,UNASSIGNED
FINAL_1,FINAL,1,PATH,101,-14.4973,-15.3421,NORMAL,UNASSIGNED
FINAL_1,FINAL,1,PATH,102,-14.3491,-15.3632,NORMAL,UNASSIGNED
FINAL_1,FINAL,1,PATH,103,-14.2009,-15.3842,NORMAL,UNASSIGNED
FINAL_1,FINAL,1,PATH,104,-14.0526,-15.4050,NORMAL,UNASSIGNED
FINAL_1,FINAL,1,PATH,105,-13.9044,-15.4256,NORMAL,UNASSIGNED
FINAL_1,FINAL,1,PATH,106,-13.7561,-15.4461,NORMAL,UNASSIGNED
FINAL_1,FINAL,1,PATH,107,-13.6078,-15.4665,NORMAL,UNASSIGNED
FINAL_1,FINAL,1,PATH,108,-13.4595,-15.4867,NORMAL,UNASSIGNED
FINAL_1,FINAL,1,PATH,109,-13.3112,-15.5067,NORMAL,UNASSIGNED
FINAL_1,FINAL,1,PATH,110,-13.1628,-15.5267,NORMAL,UNASSIGNED
FINAL_1,FINAL,1,PATH,111,-13.0144,-15.5464,NORMAL,UNASSIGNED
FINAL_1,FINAL,1,PATH,112,-12.8660,-15.5660,NORMAL,UNASSIGNED
FINAL_1,FINAL,1,PATH,113,-12.7176,-15.5855,NORMAL,UNASSIGNED
FINAL_1,FINAL,1,PATH,114,-12.5692,-15.6048,NORMAL,UNASSIGNED
FINAL_1,FINAL,1,PATH,115,-12.4207,-15.6239,NORMAL,UNASSIGNED
FINAL_1,FINAL,1,PATH,116,-12.2723,-15.6430,NORMAL,UNASSIGNED
FINAL_1,FINAL,1,PATH,117,-12.1238,-15.6618,NORMAL,UNASSIGNED
FINAL_1,FINAL,1,PATH,118,-11.9753,-15.6805,NORMAL,UNASSIGNED
FINAL_1,FINAL,1,PATH,119,-11.8267,-15.6991,NORMAL,UNASSIGNED
FINAL_1,FINAL,1,PATH,120,-11.6782,-15.7175,NORMAL,UNASSIGNED
FINAL_1,FINAL,1,PATH,121,-11.5296,-15.7358,NORMAL,UNASSIGNED
FINAL_1,FINAL,1,PATH,122,-11.3810,-15.7539,NORMAL,UNASSIGNED
FINAL_1,FINAL,1,PATH,123,-11.2324,-15.7718,NORMAL,UNASSIGNED
FINAL_1,FINAL,1,PATH,124,-11.0838,-15.7896,NORMAL,UNASSIGNED
FINAL_1,FINAL,1,PATH,125,-10.9352,-15.8073,NORMAL,UNASSIGNED
FINAL_1,FINAL,1,PATH,126,-10.7865,-15.8248,NORMAL,UNASSIGNED
FINAL_1,FINAL,1,PATH,127,-10.6378,-15.8422,NORMAL,UNASSIGNED
FINAL_1,FINAL,1,PATH,128,-10.4892,-15.8594,NORMAL,UNASSIGNED
FINAL_1,FINAL,1,PATH,129,-10.3405,-15.8764,NORMAL,UNASSIGNED
FINAL_1,FINAL,1,PATH,130,-10.1917,-15.8933,NORMAL,UNASSIGNED
FINAL_1,FINAL,1,PATH,131,-10.0430,-15.9101,NORMAL,UNASSIGNED
FINAL_1,FINAL,1,PATH,132,-9.8942,-15.9267,NORMAL,UNASSIGNED
FINAL_1,FINAL,1,PATH,133,-9.7454,-15.9431,NORMAL,UNASSIGNED
FINAL_1,FINAL,1,PATH,134,-9.5967,-15.9594,NORMAL,UNASSIGNED
FINAL_1,FINAL,1,PATH,135,-9.4478,-15.9756,NORMAL,UNASSIGNED
FINAL_1,FINAL,1,PATH,136,-9.2990,-15.9916,NORMAL,UNASSIGNED
FINAL_1,FINAL,1,PATH,137,-9.1502,-16.0074,NORMAL,UNASSIGNED
FINAL_1,FINAL,1,PATH,138,-9.0013,-16.0231,NORMAL,UNASSIGNED
FINAL_1,FINAL,1,PATH,139,-8.8524,-16.0387,NORMAL,UNASSIGNED
FINAL_1,FINAL,1,PATH,140,-8.7035,-16.0540,NORMAL,UNASSIGNED
FINAL_1,FINAL,1,PATH,141,-8.5546,-16.0693,NORMAL,UNASSIGNED
FINAL_1,FINAL,1,PATH,142,-8.4057,-16.0843,NORMAL,UNASSIGNED
FINAL_1,FINAL,1,PATH,143,-8.2568,-16.0993,NORMAL,UNASSIGNED
FINAL_1,FINAL,1,PATH,144,-8.1078,-16.1140,NORMAL,UNASSIGNED
FINAL_1,FINAL,1,PATH,145,-7.9589,-16.1286,NORMAL,UNASSIGNED
FINAL_1,FINAL,1,PATH,146,-7.8099,-16.1431,NORMAL,UNASSIGNED
FINAL_1,FINAL,1,PATH,147,-7.6609,-16.1574,NORMAL,UNASSIGNED
FINAL_1,FINAL,1,PATH,148,-7.5119,-16.1715,NORMAL,UNASSIGNED
FINAL_1,FINAL,1,PATH,149,-7.3628,-16.1855,NORMAL,UNASSIGNED
FINAL_1,FINAL,1,PATH,150,-7.2138,-16.1993,NORMAL,UNASSIGNED
FINAL_1,FINAL,1,PATH,151,-7.0647,-16.2130,NORMAL,UNASSIGNED
FINAL_1,FINAL,1,PATH,152,-6.9157,-16.2265,NORMAL,UNASSIGNED
FINAL_1,FINAL,1,PATH,153,-6.7666,-16.2399,NORMAL,UNASSIGNED
FINAL_1,FINAL,1,PATH,154,-6.6175,-16.2530,NORMAL,UNASSIGNED
FINAL_1,FINAL,1,PATH,155,-6.4684,-16.2661,NORMAL,UNASSIGNED
FINAL_1,FINAL,1,PATH,156,-6.3192,-16.2790,NORMAL,UNASSIGNED
FINAL_1,FINAL,1,PATH,157,-6.1701,-16.2917,NORMAL,UNASSIGNED
FINAL_1,FINAL,1,PATH,158,-6.0209,-16.3042,NORMAL,UNASSIGNED
FINAL_1,FINAL,1,PATH,159,-5.8718,-16.3166,NORMAL,UNASSIGNED
FINAL_1,FINAL,1,PATH,160,-5.7226,-16.3289,NORMAL,UNASSIGNED
FINAL_1,FINAL,1,PATH,161,-5.5734,-16.3409,NORMAL,UNASSIGNED
FINAL_1,FINAL,1,PATH,162,-5.4242,-16.3528,NORMAL,UNASSIGNED
FINAL_1,FINAL,1,PATH,163,-5.2749,-16.3646,NORMAL,UNASSIGNED
FINAL_1,FINAL,1,PATH,164,-5.1257,-16.3762,NORMAL,UNASSIGNED
FINAL_1,FINAL,1,PATH,165,-4.9765,-16.3876,NORMAL,UNASSIGNED
FINAL_1,FINAL,1,PATH,166,-4.8272,-16.3988,NORMAL,UNASSIGNED
FINAL_1,FINAL,1,PATH,167,-4.6779,-16.4099,NORMAL,UNASSIGNED
FINAL_1,FINAL,1,PATH,168,-4.5286,-16.4209,NORMAL,UNASSIGNED
FINAL_1,FINAL,1,PATH,169,-4.3794,-16.4316,NORMAL,UNASSIGNED
FINAL_1,FINAL,1,PATH,170,-4.2300,-16.4422,NORMAL,UNASSIGNED
FINAL_2,FINAL,2,PATH,0,-29.1537,-13.7903,NORMAL,UNASSIGNED
FINAL_2,FINAL,2,PATH,1,-29.0197,-13.7242,NORMAL,UNASSIGNED
FINAL_2,FINAL,2,PATH,2,-28.8825,-13.6650,NORMAL,UNASSIGNED
FINAL_2,FINAL,2,PATH,3,-28.7425,-13.6127,NORMAL,UNASSIGNED
FINAL_2,FINAL,2,PATH,4,-28.6002,-13.5670,NORMAL,UNASSIGNED
FINAL_2,FINAL,2,PATH,5,-28.4560,-13.5276,NORMAL,UNASSIGNED
FINAL_2,FINAL,2,PATH,6,-28.3104,-13.4942,NORMAL,UNASSIGNED
FINAL_2,FINAL,2,PATH,7,-28.1635,-13.4663,NORMAL,UNASSIGNED
FINAL_2,FINAL,2,PATH,8,-28.0158,-13.4435,NORMAL,UNASSIGNED
FINAL_2,FINAL,2,PATH,9,-27.8675,-13.4255,NORMAL,UNASSIGNED
FINAL_2,FINAL,2,PATH,10,-27.7187,-13.4116,NORMAL,UNASSIGNED
FINAL_2,FINAL,2,PATH,11,-27.5696,-13.4014,NORMAL,UNASSIGNED
FINAL_2,FINAL,2,PATH,12,-27.4203,-13.3946,NORMAL,UNASSIGNED
FINAL_2,FINAL,2,PATH,13,-27.2709,-13.3907,NORMAL,UNASSIGNED
FINAL_2,FINAL,2,PATH,14,-27.1214,-13.3892,NORMAL,UNASSIGNED
FINAL_2,FINAL,2,PATH,15,-26.9720,-13.3897,NORMAL,UNASSIGNED
FINAL_2,FINAL,2,PATH,16,-26.8225,-13.3922,NORMAL,UNASSIGNED
FINAL_2,FINAL,2,PATH,17,-26.6732,-13.3972,NORMAL,UNASSIGNED
FINAL_2,FINAL,2,PATH,18,-26.5239,-13.4050,NORMAL,UNASSIGNED
FINAL_2,FINAL,2,PATH,19,-26.3749,-13.4162,NORMAL,UNASSIGNED
FINAL_2,FINAL,2,PATH,20,-26.2262,-13.4312,NORMAL,UNASSIGNED
FINAL_2,FINAL,2,PATH,21,-26.0780,-13.4505,NORMAL,UNASSIGNED
FINAL_2,FINAL,2,PATH,22,-25.9305,-13.4746,NORMAL,UNASSIGNED
FINAL_2,FINAL,2,PATH,23,-25.7838,-13.5031,NORMAL,UNASSIGNED
FINAL_2,FINAL,2,PATH,24,-25.6378,-13.5353,NORMAL,UNASSIGNED
FINAL_2,FINAL,2,PATH,25,-25.4925,-13.5702,NORMAL,UNASSIGNED
FINAL_2,FINAL,2,PATH,26,-25.3476,-13.6069,NORMAL,UNASSIGNED
FINAL_2,FINAL,2,PATH,27,-25.2030,-13.6447,NORMAL,UNASSIGNED
FINAL_2,FINAL,2,PATH,28,-25.0585,-13.6826,NORMAL,UNASSIGNED
FINAL_2,FINAL,2,PATH,29,-24.9138,-13.7202,NORMAL,UNASSIGNED
FINAL_2,FINAL,2,PATH,30,-24.7692,-13.7577,NORMAL,UNASSIGNED
FINAL_2,FINAL,2,PATH,31,-24.6245,-13.7954,NORMAL,UNASSIGNED
FINAL_2,FINAL,2,PATH,32,-24.4800,-13.8335,NORMAL,UNASSIGNED
FINAL_2,FINAL,2,PATH,33,-24.3356,-13.8722,NORMAL,UNASSIGNED
FINAL_2,FINAL,2,PATH,34,-24.1915,-13.9117,NORMAL,UNASSIGNED
FINAL_2,FINAL,2,PATH,35,-24.0477,-13.9523,NORMAL,UNASSIGNED
FINAL_2,FINAL,2,PATH,36,-23.9042,-13.9942,NORMAL,UNASSIGNED
FINAL_2,FINAL,2,PATH,37,-23.7611,-14.0374,NORMAL,UNASSIGNED
FINAL_2,FINAL,2,PATH,38,-23.6185,-14.0820,NORMAL,UNASSIGNED
FINAL_2,FINAL,2,PATH,39,-23.4762,-14.1279,NORMAL,UNASSIGNED
FINAL_2,FINAL,2,PATH,40,-23.3344,-14.1750,NORMAL,UNASSIGNED
FINAL_2,FINAL,2,PATH,41,-23.1931,-14.2235,NORMAL,UNASSIGNED
FINAL_2,FINAL,2,PATH,42,-23.0521,-14.2733,NORMAL,UNASSIGNED
FINAL_2,FINAL,2,PATH,43,-22.9117,-14.3244,NORMAL,UNASSIGNED
FINAL_2,FINAL,2,PATH,44,-22.7716,-14.3766,NORMAL,UNASSIGNED
FINAL_2,FINAL,2,PATH,45,-22.6319,-14.4297,NORMAL,UNASSIGNED
FINAL_2,FINAL,2,PATH,46,-22.4925,-14.4835,NORMAL,UNASSIGNED
FINAL_2,FINAL,2,PATH,47,-22.3532,-14.5376,NORMAL,UNASSIGNED
FINAL_2,FINAL,2,PATH,48,-22.2139,-14.5918,NORMAL,UNASSIGNED
FINAL_2,FINAL,2,PATH,49,-22.0745,-14.6458,NORMAL,UNASSIGNED
FINAL_2,FINAL,2,PATH,50,-21.9350,-14.6993,NORMAL,UNASSIGNED
FINAL_2,FINAL,2,PATH,51,-21.7952,-14.7521,NORMAL,UNASSIGNED
FINAL_2,FINAL,2,PATH,52,-21.6550,-14.8039,NORMAL,UNASSIGNED
FINAL_2,FINAL,2,PATH,53,-21.5143,-14.8545,NORMAL,UNASSIGNED
FINAL_2,FINAL,2,PATH,54,-21.3732,-14.9035,NORMAL,UNASSIGNED
FINAL_2,FINAL,2,PATH,55,-21.2314,-14.9508,NORMAL,UNASSIGNED
FINAL_2,FINAL,2,PATH,56,-21.0889,-14.9959,NORMAL,UNASSIGNED
FINAL_2,FINAL,2,PATH,57,-20.9457,-15.0387,NORMAL,UNASSIGNED
FINAL_2,FINAL,2,PATH,58,-20.8017,-15.0789,NORMAL,UNASSIGNED
FINAL_2,FINAL,2,PATH,59,-20.6571,-15.1166,NORMAL,UNASSIGNED
FINAL_2,FINAL,2,PATH,60,-20.5120,-15.1525,NORMAL,UNASSIGNED
FINAL_2,FINAL,2,PATH,61,-20.3666,-15.1870,NORMAL,UNASSIGNED
FINAL_2,FINAL,2,PATH,62,-20.2210,-15.2208,NORMAL,UNASSIGNED
FINAL_2,FINAL,2,PATH,63,-20.0754,-15.2545,NORMAL,UNASSIGNED
FINAL_2,FINAL,2,PATH,64,-19.9299,-15.2886,NORMAL,UNASSIGNED
FINAL_2,FINAL,2,PATH,65,-19.7846,-15.3236,NORMAL,UNASSIGNED
FINAL_2,FINAL,2,PATH,66,-19.6397,-15.3601,NORMAL,UNASSIGNED
FINAL_2,FINAL,2,PATH,67,-19.4951,-15.3980,NORMAL,UNASSIGNED
FINAL_2,FINAL,2,PATH,68,-19.3509,-15.4374,NORMAL,UNASSIGNED
FINAL_2,FINAL,2,PATH,69,-19.2071,-15.4780,NORMAL,UNASSIGNED
FINAL_2,FINAL,2,PATH,70,-19.0636,-15.5199,NORMAL,UNASSIGNED
FINAL_2,FINAL,2,PATH,71,-18.9205,-15.5628,NORMAL,UNASSIGNED
FINAL_2,FINAL,2,PATH,72,-18.7776,-15.6068,NORMAL,UNASSIGNED
FINAL_2,FINAL,2,PATH,73,-18.6351,-15.6517,NORMAL,UNASSIGNED
FINAL_2,FINAL,2,PATH,74,-18.4928,-15.6974,NORMAL,UNASSIGNED
FINAL_2,FINAL,2,PATH,75,-18.3508,-15.7440,NORMAL,UNASSIGNED
FINAL_2,FINAL,2,PATH,76,-18.2090,-15.7912,NORMAL,UNASSIGNED
FINAL_2,FINAL,2,PATH,77,-18.0674,-15.8391,NORMAL,UNASSIGNED
FINAL_2,FINAL,2,PATH,78,-17.9260,-15.8876,NORMAL,UNASSIGNED
FINAL_2,FINAL,2,PATH,79,-17.7848,-15.9365,NORMAL,UNASSIGNED
FINAL_2,FINAL,2,PATH,80,-17.6437,-15.9858,NORMAL,UNASSIGNED
FINAL_2,FINAL,2,PATH,81,-17.5028,-16.0355,NORMAL,UNASSIGNED
FINAL_2,FINAL,2,PATH,82,-17.3619,-16.0855,NORMAL,UNASSIGNED
FINAL_2,FINAL,2,PATH,83,-17.2211,-16.1356,NORMAL,UNASSIGNED
FINAL_2,FINAL,2,PATH,84,-17.0804,-16.1859,NORMAL,UNASSIGNED
FINAL_2,FINAL,2,PATH,85,-16.9397,-16.2363,NORMAL,UNASSIGNED
FINAL_2,FINAL,2,PATH,86,-16.7989,-16.2866,NORMAL,UNASSIGNED
FINAL_2,FINAL,2,PATH,87,-16.6582,-16.3368,NORMAL,UNASSIGNED
FINAL_2,FINAL,2,PATH,88,-16.5174,-16.3869,NORMAL,UNASSIGNED
FINAL_2,FINAL,2,PATH,89,-16.3765,-16.4368,NORMAL,UNASSIGNED
FINAL_2,FINAL,2,PATH,90,-16.2355,-16.4863,NORMAL,UNASSIGNED
FINAL_2,FINAL,2,PATH,91,-16.0943,-16.5355,NORMAL,UNASSIGNED
FINAL_2,FINAL,2,PATH,92,-15.9530,-16.5842,NORMAL,UNASSIGNED
FINAL_2,FINAL,2,PATH,93,-15.8116,-16.6324,NORMAL,UNASSIGNED
FINAL_2,FINAL,2,PATH,94,-15.6699,-16.6801,NORMAL,UNASSIGNED
FINAL_2,FINAL,2,PATH,95,-15.5281,-16.7273,NORMAL,UNASSIGNED
FINAL_2,FINAL,2,PATH,96,-15.3862,-16.7742,NORMAL,UNASSIGNED
FINAL_2,FINAL,2,PATH,97,-15.2442,-16.8207,NORMAL,UNASSIGNED
FINAL_2,FINAL,2,PATH,98,-15.1021,-16.8671,NORMAL,UNASSIGNED
FINAL_2,FINAL,2,PATH,99,-14.9600,-16.9133,NORMAL,UNASSIGNED
FINAL_2,FINAL,2,PATH,100,-14.8178,-16.9594,NORMAL,UNASSIGNED
FINAL_2,FINAL,2,PATH,101,-14.6756,-17.0056,NORMAL,UNASSIGNED
FINAL_2,FINAL,2,PATH,102,-14.5335,-17.0518,NORMAL,UNASSIGNED
FINAL_2,FINAL,2,PATH,103,-14.3914,-17.0982,NORMAL,UNASSIGNED
FINAL_2,FINAL,2,PATH,104,-14.2494,-17.1448,NORMAL,UNASSIGNED
FINAL_2,FINAL,2,PATH,105,-14.1075,-17.1917,NORMAL,UNASSIGNED
FINAL_2,FINAL,2,PATH,106,-13.9657,-17.2388,NORMAL,UNASSIGNED
FINAL_2,FINAL,2,PATH,107,-13.8238,-17.2858,NORMAL,UNASSIGNED
FINAL_2,FINAL,2,PATH,108,-13.6817,-17.3322,NORMAL,UNASSIGNED
FINAL_2,FINAL,2,PATH,109,-13.5393,-17.3775,NORMAL,UNASSIGNED
FINAL_2,FINAL,2,PATH,110,-13.3964,-17.4212,NORMAL,UNASSIGNED
FINAL_2,FINAL,2,PATH,111,-13.2529,-17.4629,NORMAL,UNASSIGNED
FINAL_2,FINAL,2,PATH,112,-13.1087,-17.5022,NORMAL,UNASSIGNED
FINAL_2,FINAL,2,PATH,113,-12.9637,-17.5384,NORMAL,UNASSIGNED
FINAL_2,FINAL,2,PATH,114,-12.8179,-17.5713,NORMAL,UNASSIGNED
FINAL_2,FINAL,2,PATH,115,-12.6714,-17.6010,NORMAL,UNASSIGNED
FINAL_2,FINAL,2,PATH,116,-12.5246,-17.6287,NORMAL,UNASSIGNED
FINAL_2,FINAL,2,PATH,117,-12.3775,-17.6552,NORMAL,UNASSIGNED
FINAL_2,FINAL,2,PATH,118,-12.2303,-17.6815,NORMAL,UNASSIGNED
FINAL_2,FINAL,2,PATH,119,-12.0834,-17.7087,NORMAL,UNASSIGNED
FINAL_2,FINAL,2,PATH,120,-11.9368,-17.7377,NORMAL,UNASSIGNED
FINAL_2,FINAL,2,PATH,121,-11.7906,-17.7688,NORMAL,UNASSIGNED
FINAL_2,FINAL,2,PATH,122,-11.6449,-17.8022,NORMAL,UNASSIGNED
FINAL_2,FINAL,2,PATH,123,-11.4998,-17.8380,NORMAL,UNASSIGNED
FINAL_2,FINAL,2,PATH,124,-11.3553,-17.8762,NORMAL,UNASSIGNED
FINAL_2,FINAL,2,PATH,125,-11.2115,-17.9170,NORMAL,UNASSIGNED
FINAL_2,FINAL,2,PATH,126,-11.0685,-17.9602,NORMAL,UNASSIGNED
FINAL_2,FINAL,2,PATH,127,-10.9260,-18.0055,NORMAL,UNASSIGNED
FINAL_2,FINAL,2,PATH,128,-10.7841,-18.0522,NORMAL,UNASSIGNED
FINAL_2,FINAL,2,PATH,129,-10.6423,-18.0995,NORMAL,UNASSIGNED
FINAL_2,FINAL,2,PATH,130,-10.5005,-18.1468,NORMAL,UNASSIGNED
FINAL_2,FINAL,2,PATH,131,-10.3585,-18.1933,NORMAL,UNASSIGNED
FINAL_2,FINAL,2,PATH,132,-10.2161,-18.2386,NORMAL,UNASSIGNED
FINAL_2,FINAL,2,PATH,133,-10.0732,-18.2825,NORMAL,UNASSIGNED
FINAL_2,FINAL,2,PATH,134,-9.9300,-18.3252,NORMAL,UNASSIGNED
FINAL_2,FINAL,2,PATH,135,-9.7864,-18.3668,NORMAL,UNASSIGNED
FINAL_2,FINAL,2,PATH,136,-9.6426,-18.4074,NORMAL,UNASSIGNED
FINAL_2,FINAL,2,PATH,137,-9.4985,-18.4470,NORMAL,UNASSIGNED
FINAL_2,FINAL,2,PATH,138,-9.3542,-18.4859,NORMAL,UNASSIGNED
FINAL_2,FINAL,2,PATH,139,-9.2096,-18.5240,NORMAL,UNASSIGNED
FINAL_2,FINAL,2,PATH,140,-9.0650,-18.5617,NORMAL,UNASSIGNED
FINAL_2,FINAL,2,PATH,141,-8.9203,-18.5992,NORMAL,UNASSIGNED
FINAL_2,FINAL,2,PATH,142,-8.7757,-18.6369,NORMAL,UNASSIGNED
FINAL_2,FINAL,2,PATH,143,-8.6312,-18.6751,NORMAL,UNASSIGNED
FINAL_2,FINAL,2,PATH,144,-8.4870,-18.7143,NORMAL,UNASSIGNED
FINAL_2,FINAL,2,PATH,145,-8.3431,-18.7546,NORMAL,UNASSIGNED
FINAL_2,FINAL,2,PATH,146,-8.1996,-18.7965,NORMAL,UNASSIGNED
FINAL_2,FINAL,2,PATH,147,-8.0567,-18.8403,NORMAL,UNASSIGNED
FINAL_2,FINAL,2,PATH,148,-7.9144,-18.8860,NORMAL,UNASSIGNED
FINAL_2,FINAL,2,PATH,149,-7.7725,-18.9329,NORMAL,UNASSIGNED
FINAL_2,FINAL,2,PATH,150,-7.6309,-18.9805,NORMAL,UNASSIGNED
FINAL_2,FINAL,2,PATH,151,-7.4891,-19.0279,NORMAL,UNASSIGNED
FINAL_2,FINAL,2,PATH,152,-7.3471,-19.0746,NORMAL,UNASSIGNED
FINAL_2,FINAL,2,PATH,153,-7.2046,-19.1197,NORMAL,UNASSIGNED
FINAL_2,FINAL,2,PATH,154,-7.0616,-19.1628,NORMAL,UNASSIGNED
FINAL_2,FINAL,2,PATH,155,-6.9180,-19.2044,NORMAL,UNASSIGNED
FINAL_2,FINAL,2,PATH,156,-6.7742,-19.2449,NORMAL,UNASSIGNED
FINAL_2,FINAL,2,PATH,157,-6.6302,-19.2851,NORMAL,UNASSIGNED
FINAL_2,FINAL,2,PATH,158,-6.4863,-19.3255,NORMAL,UNASSIGNED
FINAL_2,FINAL,2,PATH,159,-6.3426,-19.3666,NORMAL,UNASSIGNED
FINAL_2,FINAL,2,PATH,160,-6.1993,-19.4091,NORMAL,UNASSIGNED
FINAL_2,FINAL,2,PATH,161,-6.0566,-19.4535,NORMAL,UNASSIGNED
FINAL_2,FINAL,2,PATH,162,-5.9146,-19.5001,NORMAL,UNASSIGNED
FINAL_2,FINAL,2,PATH,163,-5.7732,-19.5486,NORMAL,UNASSIGNED
FINAL_2,FINAL,2,PATH,164,-5.6324,-19.5985,NORMAL,UNASSIGNED
FINAL_2,FINAL,2,PATH,165,-5.4919,-19.6495,NORMAL,UNASSIGNED
FINAL_2,FINAL,2,PATH,166,-5.3517,-19.7013,NORMAL,UNASSIGNED
FINAL_2,FINAL,2,PATH,167,-5.2116,-19.7534,NORMAL,UNASSIGNED
FINAL_2,FINAL,2,PATH,168,-5.0715,-19.8055,NORMAL,UNASSIGNED
FINAL_2,FINAL,2,PATH,169,-4.9313,-19.8573,NORMAL,UNASSIGNED
FINAL_2,FINAL,2,PATH,170,-4.7909,-19.9084,NORMAL,UNASSIGNED
FINAL_2,FINAL,2,PATH,171,-4.6500,-19.9584,NORMAL,UNASSIGNED
FINAL_2,FINAL,2,PATH,172,-4.5087,-20.0069,NORMAL,UNASSIGNED
FINAL_2,FINAL,2,PATH,173,-4.3667,-20.0537,NORMAL,UNASSIGNED
FINAL_2,FINAL,2,PATH,174,-4.2240,-20.0982,NORMAL,UNASSIGNED
FINAL_2,FINAL,2,PATH,175,-4.0806,-20.1401,NORMAL,UNASSIGNED
FINAL_2,FINAL,2,PATH,176,-3.9364,-20.1795,NORMAL,UNASSIGNED
FINAL_2,FINAL,2,PATH,177,-3.7916,-20.2164,NORMAL,UNASSIGNED
FINAL_2,FINAL,2,PATH,178,-3.6462,-20.2511,NORMAL,UNASSIGNED
FINAL_2,FINAL,2,PATH,179,-3.5004,-20.2839,NORMAL,UNASSIGNED
FINAL_2,FINAL,2,PATH,180,-3.3542,-20.3150,NORMAL,UNASSIGNED
FINAL_2,FINAL,2,PATH,181,-3.2077,-20.3445,NORMAL,UNASSIGNED
FINAL_2,FINAL,2,PATH,182,-3.0610,-20.3727,NORMAL,UNASSIGNED
FINAL_2,FINAL,2,PATH,183,-2.9140,-20.3999,NORMAL,UNASSIGNED
FINAL_2,FINAL,2,PATH,184,-2.7669,-20.4263,NORMAL,UNASSIGNED
FINAL_2,FINAL,2,PATH,185,-2.6197,-20.4520,NORMAL,UNASSIGNED
FINAL_2,FINAL,2,PATH,186,-2.4724,-20.4774,NORMAL,UNASSIGNED
FINAL_2,FINAL,2,PATH,187,-2.3251,-20.5026,NORMAL,UNASSIGNED
FINAL_2,FINAL,2,PATH,188,-2.1777,-20.5279,NORMAL,UNASSIGNED
FINAL_2,FINAL,2,PATH,189,-2.0305,-20.5535,NORMAL,UNASSIGNED
