s_m,x_m,y_m,target_speed_mps,mission,direction,fsm_zone,fsm_event_ids,fsm_actions,fsm_conditions,fsm_hold_sec,direction_source
0.0000,0.0000,0.0000,0.000,NORMAL,1,ROUTE,ROUTE_START,START,,,PREVIEW_DEFAULT
0.1000,-0.0943,0.0333,0.000,NORMAL,1,ROUTE,,,,,PREVIEW_DEFAULT
0.2000,-0.1886,0.0667,0.000,NORMAL,1,ROUTE,,,,,PREVIEW_DEFAULT
0.3000,-0.2828,0.1000,0.000,NORMAL,1,ROUTE,,,,,PREVIEW_DEFAULT
0.4000,-0.3771,0.1333,0.000,NORMAL,1,ROUTE,,,,,PREVIEW_DEFAULT
0.5000,-0.4714,0.1666,0.000,NORMAL,1,ROUTE,,,,,PREVIEW_DEFAULT
0.6000,-0.5657,0.2000,0.000,NORMAL,1,ROUTE,,,,,PREVIEW_DEFAULT
0.7000,-0.6600,0.2333,0.000,NORMAL,1,ROUTE,,,,,PREVIEW_DEFAULT
0.8000,-0.7543,0.2665,0.000,NORMAL,1,ROUTE,,,,,PREVIEW_DEFAULT
0.9000,-0.8486,0.2998,0.000,NORMAL,1,ROUTE,,,,,PREVIEW_DEFAULT
1.0000,-0.9429,0.3331,0.000,NORMAL,1,ROUTE,,,,,PREVIEW_DEFAULT
1.0999,-1.0371,0.3664,0.000,NORMAL,1,ROUTE,,,,,PREVIEW_DEFAULT
1.1999,-1.1314,0.3997,0.000,NORMAL,1,ROUTE,,,,,PREVIEW_DEFAULT
1.2999,-1.2257,0.4330,0.000,NORMAL,1,ROUTE,,,,,PREVIEW_DEFAULT
1.4000,-1.3200,0.4664,0.000,NORMAL,1,ROUTE,,,,,PREVIEW_DEFAULT
1.4999,-1.4142,0.4998,0.000,NORMAL,1,ROUTE,,,,,PREVIEW_DEFAULT
1.6000,-1.5085,0.5333,0.000,NORMAL,1,ROUTE,,,,,PREVIEW_DEFAULT
1.7000,-1.6027,0.5668,0.000,NORMAL,1,ROUTE,,,,,PREVIEW_DEFAULT
1.7999,-1.6968,0.6005,0.000,NORMAL,1,ROUTE,,,,,PREVIEW_DEFAULT
1.8999,-1.7909,0.6343,0.000,NORMAL,1,ROUTE,,,,,PREVIEW_DEFAULT
2.0000,-1.8850,0.6683,0.000,NORMAL,1,ROUTE,,,,,PREVIEW_DEFAULT
2.0999,-1.9789,0.7025,0.000,NORMAL,1,ROUTE,,,,,PREVIEW_DEFAULT
2.1999,-2.0728,0.7369,0.000,NORMAL,1,ROUTE,,,,,PREVIEW_DEFAULT
2.2999,-2.1666,0.7716,0.000,NORMAL,1,ROUTE,,,,,PREVIEW_DEFAULT
2.3999,-2.2603,0.8066,0.000,NORMAL,1,ROUTE,,,,,PREVIEW_DEFAULT
2.4999,-2.3538,0.8419,0.000,NORMAL,1,ROUTE,,,,,PREVIEW_DEFAULT
2.5999,-2.4473,0.8775,0.000,NORMAL,1,ROUTE,,,,,PREVIEW_DEFAULT
2.7000,-2.5406,0.9136,0.000,NORMAL,1,ROUTE,,,,,PREVIEW_DEFAULT
2.7999,-2.6337,0.9499,0.000,NORMAL,1,ROUTE,,,,,PREVIEW_DEFAULT
2.8999,-2.7267,0.9867,0.000,NORMAL,1,ROUTE,,,,,PREVIEW_DEFAULT
2.9999,-2.8195,1.0238,0.000,NORMAL,1,ROUTE,,,,,PREVIEW_DEFAULT
3.0999,-2.9123,1.0612,0.000,NORMAL,1,ROUTE,,,,,PREVIEW_DEFAULT
3.1999,-3.0049,1.0989,0.000,NORMAL,1,ROUTE,,,,,PREVIEW_DEFAULT
3.2999,-3.0975,1.1366,0.000,NORMAL,1,ROUTE,,,,,PREVIEW_DEFAULT
3.3999,-3.1901,1.1744,0.000,NORMAL,1,ROUTE,,,,,PREVIEW_DEFAULT
3.4999,-3.2827,1.2122,0.000,NORMAL,1,ROUTE,,,,,PREVIEW_DEFAULT
3.5999,-3.3754,1.2497,0.000,NORMAL,1,ROUTE,,,,,PREVIEW_DEFAULT
3.6999,-3.4682,1.2870,0.000,NORMAL,1,ROUTE,,,,,PREVIEW_DEFAULT
3.7999,-3.5611,1.3239,0.000,NORMAL,1,ROUTE,,,,,PREVIEW_DEFAULT
3.8999,-3.6542,1.3604,0.000,NORMAL,1,ROUTE,,,,,PREVIEW_DEFAULT
3.9998,-3.7475,1.3963,0.000,NORMAL,1,ROUTE,,,,,PREVIEW_DEFAULT
4.0998,-3.8410,1.4317,0.000,NORMAL,1,ROUTE,,,,,PREVIEW_DEFAULT
4.1999,-3.9348,1.4666,0.000,NORMAL,1,ROUTE,,,,,PREVIEW_DEFAULT
4.2999,-4.0287,1.5009,0.000,NORMAL,1,ROUTE,,,,,PREVIEW_DEFAULT
4.3999,-4.1228,1.5347,0.000,NORMAL,1,ROUTE,,,,,PREVIEW_DEFAULT
4.4999,-4.2172,1.5678,0.000,NORMAL,1,ROUTE,,,,,PREVIEW_DEFAULT
4.5999,-4.3117,1.6004,0.000,NORMAL,1,ROUTE,,,,,PREVIEW_DEFAULT
4.6998,-4.4064,1.6324,0.000,NORMAL,1,ROUTE,,,,,PREVIEW_DEFAULT
4.7999,-4.5014,1.6638,0.000,NORMAL,1,ROUTE,,,,,PREVIEW_DEFAULT
4.8998,-4.5965,1.6946,0.000,NORMAL,1,ROUTE,,,,,PREVIEW_DEFAULT
4.9998,-4.6918,1.7249,0.000,NORMAL,1,ROUTE,,,,,PREVIEW_DEFAULT
5.0999,-4.7873,1.7547,0.000,NORMAL,1,ROUTE,,,,,PREVIEW_DEFAULT
5.1998,-4.8828,1.7841,0.000,NORMAL,1,ROUTE,,,,,PREVIEW_DEFAULT
5.2998,-4.9785,1.8131,0.000,NORMAL,1,ROUTE,,,,,PREVIEW_DEFAULT
5.3998,-5.0743,1.8418,0.000,NORMAL,1,ROUTE,,,,,PREVIEW_DEFAULT
5.4998,-5.1701,1.8704,0.000,NORMAL,1,ROUTE,,,,,PREVIEW_DEFAULT
5.5998,-5.2660,1.8989,0.000,NORMAL,1,ROUTE,,,,,PREVIEW_DEFAULT
5.6998,-5.3618,1.9275,0.000,NORMAL,1,ROUTE,,,,,PREVIEW_DEFAULT
5.7998,-5.4576,1.9562,0.000,NORMAL,1,ROUTE,,,,,PREVIEW_DEFAULT
5.8998,-5.5534,1.9850,0.000,NORMAL,1,ROUTE,,,,,PREVIEW_DEFAULT
5.9998,-5.6491,2.0140,0.000,NORMAL,1,ROUTE,,,,,PREVIEW_DEFAULT
6.0998,-5.7447,2.0431,0.000,NORMAL,1,ROUTE,,,,,PREVIEW_DEFAULT
6.1998,-5.8403,2.0724,0.000,NORMAL,1,ROUTE,,,,,PREVIEW_DEFAULT
6.2998,-5.9359,2.1018,0.000,NORMAL,1,ROUTE,,,,,PREVIEW_DEFAULT
6.3998,-6.0314,2.1314,0.000,NORMAL,1,ROUTE,,,,,PREVIEW_DEFAULT
6.4998,-6.1269,2.1610,0.000,NORMAL,1,ROUTE,,,,,PREVIEW_DEFAULT
6.5998,-6.2224,2.1907,0.000,NORMAL,1,ROUTE,,,,,PREVIEW_DEFAULT
6.6998,-6.3179,2.2206,0.000,NORMAL,1,ROUTE,,,,,PREVIEW_DEFAULT
6.7998,-6.4133,2.2506,0.000,NORMAL,1,ROUTE,,,,,PREVIEW_DEFAULT
6.8998,-6.5086,2.2807,0.000,NORMAL,1,ROUTE,,,,,PREVIEW_DEFAULT
6.9998,-6.6039,2.3110,0.000,NORMAL,1,ROUTE,,,,,PREVIEW_DEFAULT
7.0997,-6.6991,2.3415,0.000,NORMAL,1,ROUTE,,,,,PREVIEW_DEFAULT
7.1998,-6.7943,2.3722,0.000,NORMAL,1,ROUTE,,,,,PREVIEW_DEFAULT
7.2998,-6.8894,2.4032,0.000,NORMAL,1,ROUTE,,,,,PREVIEW_DEFAULT
7.3997,-6.9843,2.4345,0.000,NORMAL,1,ROUTE,,,,,PREVIEW_DEFAULT
7.4998,-7.0792,2.4661,0.000,NORMAL,1,ROUTE,,,,,PREVIEW_DEFAULT
7.5998,-7.1740,2.4981,0.000,NORMAL,1,ROUTE,,,,,PREVIEW_DEFAULT
7.6998,-7.2686,2.5304,0.000,NORMAL,1,ROUTE,,,,,PREVIEW_DEFAULT
7.7998,-7.3631,2.5631,0.000,NORMAL,1,ROUTE,,,,,PREVIEW_DEFAULT
7.8997,-7.4574,2.5962,0.000,NORMAL,1,ROUTE,,,,,PREVIEW_DEFAULT
7.9998,-7.5517,2.6297,0.000,NORMAL,1,ROUTE,,,,,PREVIEW_DEFAULT
8.0997,-7.6457,2.6636,0.000,NORMAL,1,ROUTE,,,,,PREVIEW_DEFAULT
8.1997,-7.7397,2.6978,0.000,NORMAL,1,ROUTE,,,,,PREVIEW_DEFAULT
8.2997,-7.8335,2.7324,0.000,NORMAL,1,ROUTE,,,,,PREVIEW_DEFAULT
8.3998,-7.9273,2.7672,0.000,NORMAL,1,ROUTE,,,,,PREVIEW_DEFAULT
8.4998,-8.0210,2.8022,0.000,NORMAL,1,ROUTE,,,,,PREVIEW_DEFAULT
8.5997,-8.1146,2.8372,0.000,NORMAL,1,ROUTE,,,,,PREVIEW_DEFAULT
8.6997,-8.2083,2.8721,0.000,NORMAL,1,ROUTE,,,,,PREVIEW_DEFAULT
8.7997,-8.3021,2.9069,0.000,NORMAL,1,ROUTE,,,,,PREVIEW_DEFAULT
8.8997,-8.3959,2.9414,0.000,NORMAL,1,ROUTE,,,,,PREVIEW_DEFAULT
8.9997,-8.4900,2.9754,0.000,NORMAL,1,ROUTE,,,,,PREVIEW_DEFAULT
9.0997,-8.5841,3.0091,0.000,NORMAL,1,ROUTE,,,,,PREVIEW_DEFAULT
9.1997,-8.6784,3.0423,0.000,NORMAL,1,ROUTE,,,,,PREVIEW_DEFAULT
9.2997,-8.7729,3.0751,0.000,NORMAL,1,ROUTE,,,,,PREVIEW_DEFAULT
9.3997,-8.8675,3.1075,0.000,NORMAL,1,ROUTE,,,,,PREVIEW_DEFAULT
9.4997,-8.9622,3.1397,0.000,NORMAL,1,ROUTE,,,,,PREVIEW_DEFAULT
9.5997,-9.0569,3.1718,0.000,NORMAL,1,ROUTE,,,,,PREVIEW_DEFAULT
9.6996,-9.1516,3.2037,0.000,NORMAL,1,ROUTE,,,,,PREVIEW_DEFAULT
9.7997,-9.2464,3.2357,0.000,NORMAL,1,ROUTE,,,,,PREVIEW_DEFAULT
9.8997,-9.3411,3.2678,0.000,NORMAL,1,ROUTE,,,,,PREVIEW_DEFAULT
9.9997,-9.4357,3.3001,0.000,NORMAL,1,ROUTE,,,,,PREVIEW_DEFAULT
10.0997,-9.5303,3.3327,0.000,NORMAL,1,ROUTE,,,,,PREVIEW_DEFAULT
10.1997,-9.6247,3.3656,0.000,NORMAL,1,ROUTE,,,,,PREVIEW_DEFAULT
10.2997,-9.7190,3.3988,0.000,NORMAL,1,ROUTE,,,,,PREVIEW_DEFAULT
10.3997,-9.8132,3.4324,0.000,NORMAL,1,ROUTE,,,,,PREVIEW_DEFAULT
10.4996,-9.9072,3.4664,0.000,NORMAL,1,ROUTE,,,,,PREVIEW_DEFAULT
10.5997,-10.0012,3.5007,0.000,NORMAL,1,ROUTE,,,,,PREVIEW_DEFAULT
10.6997,-10.0950,3.5354,0.000,NORMAL,1,ROUTE,,,,,PREVIEW_DEFAULT
10.7997,-10.1887,3.5703,0.000,NORMAL,1,ROUTE,,,,,PREVIEW_DEFAULT
10.8997,-10.2823,3.6055,0.000,NORMAL,1,ROUTE,,,,,PREVIEW_DEFAULT
10.9997,-10.3758,3.6409,0.000,NORMAL,1,ROUTE,,,,,PREVIEW_DEFAULT
11.0996,-10.4692,3.6765,0.000,NORMAL,1,ROUTE,,,,,PREVIEW_DEFAULT
11.1996,-10.5626,3.7123,0.000,NORMAL,1,ROUTE,,,,,PREVIEW_DEFAULT
11.2996,-10.6559,3.7482,0.000,NORMAL,1,ROUTE,,,,,PREVIEW_DEFAULT
11.3996,-10.7492,3.7842,0.000,NORMAL,1,ROUTE,,,,,PREVIEW_DEFAULT
11.4997,-10.8425,3.8203,0.000,NORMAL,1,ROUTE,,,,,PREVIEW_DEFAULT
11.5996,-10.9357,3.8565,0.000,NORMAL,1,ROUTE,,,,,PREVIEW_DEFAULT
11.6997,-11.0290,3.8926,0.000,NORMAL,1,ROUTE,,,,,PREVIEW_DEFAULT
11.7996,-11.1222,3.9286,0.000,NORMAL,1,ROUTE,,,,,PREVIEW_DEFAULT
11.8996,-11.2156,3.9644,0.000,NORMAL,1,ROUTE,,,,,PREVIEW_DEFAULT
11.9996,-11.3090,4.0001,0.000,NORMAL,1,ROUTE,,,,,PREVIEW_DEFAULT
12.0996,-11.4025,4.0356,0.000,NORMAL,1,ROUTE,,,,,PREVIEW_DEFAULT
12.1996,-11.4960,4.0710,0.000,NORMAL,1,ROUTE,,,,,PREVIEW_DEFAULT
12.2996,-11.5896,4.1062,0.000,NORMAL,1,ROUTE,,,,,PREVIEW_DEFAULT
12.3996,-11.6832,4.1413,0.000,NORMAL,1,ROUTE,,,,,PREVIEW_DEFAULT
12.4996,-11.7769,4.1763,0.000,NORMAL,1,ROUTE,,,,,PREVIEW_DEFAULT
12.5996,-11.8705,4.2114,0.000,NORMAL,1,ROUTE,,,,,PREVIEW_DEFAULT
12.6996,-11.9642,4.2465,0.000,NORMAL,1,ROUTE,,,,,PREVIEW_DEFAULT
12.7996,-12.0578,4.2816,0.000,NORMAL,1,ROUTE,,,,,PREVIEW_DEFAULT
12.8995,-12.1514,4.3167,0.000,NORMAL,1,ROUTE,,,,,PREVIEW_DEFAULT
12.9996,-12.2451,4.3518,0.000,NORMAL,1,ROUTE,,,,,PREVIEW_DEFAULT
13.0996,-12.3388,4.3868,0.000,NORMAL,1,ROUTE,,,,,PREVIEW_DEFAULT
13.1996,-12.4325,4.4216,0.000,NORMAL,1,ROUTE,,,,,PREVIEW_DEFAULT
13.2996,-12.5264,4.4560,0.000,NORMAL,1,ROUTE,,,,,PREVIEW_DEFAULT
13.3995,-12.6204,4.4900,0.000,NORMAL,1,ROUTE,,,,,PREVIEW_DEFAULT
13.4995,-12.7146,4.5235,0.000,NORMAL,1,ROUTE,,,,,PREVIEW_DEFAULT
13.5996,-12.8091,4.5564,0.000,NORMAL,1,ROUTE,,,,,PREVIEW_DEFAULT
13.6996,-12.9038,4.5886,0.000,NORMAL,1,ROUTE,,,,,PREVIEW_DEFAULT
13.7996,-12.9987,4.6200,0.000,NORMAL,1,ROUTE,,,,,PREVIEW_DEFAULT
13.8996,-13.0939,4.6506,0.000,NORMAL,1,ROUTE,,,,,PREVIEW_DEFAULT
13.9995,-13.1893,4.6805,0.000,NORMAL,1,ROUTE,,,,,PREVIEW_DEFAULT
14.0995,-13.2848,4.7100,0.000,NORMAL,1,ROUTE,,,,,PREVIEW_DEFAULT
14.1996,-13.3805,4.7392,0.000,NORMAL,1,ROUTE,,,,,PREVIEW_DEFAULT
14.2996,-13.4762,4.7683,0.000,NORMAL,1,ROUTE,,,,,PREVIEW_DEFAULT
14.3995,-13.5718,4.7974,0.000,NORMAL,1,ROUTE,,,,,PREVIEW_DEFAULT
14.4996,-13.6675,4.8266,0.000,NORMAL,1,ROUTE,,,,,PREVIEW_DEFAULT
14.5995,-13.7630,4.8561,0.000,NORMAL,1,ROUTE,,,,,PREVIEW_DEFAULT
14.6996,-13.8585,4.8859,0.000,NORMAL,1,ROUTE,,,,,PREVIEW_DEFAULT
14.7996,-13.9538,4.9162,0.000,NORMAL,1,ROUTE,,,,,PREVIEW_DEFAULT
14.8995,-14.0489,4.9469,0.000,NORMAL,1,ROUTE,,,,,PREVIEW_DEFAULT
14.9995,-14.1439,4.9783,0.000,NORMAL,1,ROUTE,,,,,PREVIEW_DEFAULT
15.0995,-14.2387,5.0101,0.000,NORMAL,1,ROUTE,,,,,PREVIEW_DEFAULT
15.1995,-14.3333,5.0425,0.000,NORMAL,1,ROUTE,,,,,PREVIEW_DEFAULT
15.2995,-14.4277,5.0754,0.000,NORMAL,1,ROUTE,,,,,PREVIEW_DEFAULT
15.3995,-14.5221,5.1085,0.000,NORMAL,1,ROUTE,,,,,PREVIEW_DEFAULT
15.4994,-14.6163,5.1418,0.000,NORMAL,1,ROUTE,,,,,PREVIEW_DEFAULT
15.5995,-14.7106,5.1752,0.000,NORMAL,1,ROUTE,,,,,PREVIEW_DEFAULT
15.6995,-14.8049,5.2086,0.000,NORMAL,1,ROUTE,,,,,PREVIEW_DEFAULT
15.7995,-14.8992,5.2419,0.000,NORMAL,1,ROUTE,,,,,PREVIEW_DEFAULT
15.8995,-14.9935,5.2750,0.000,NORMAL,1,ROUTE,,,,,PREVIEW_DEFAULT
15.9995,-15.0879,5.3080,0.000,NORMAL,1,ROUTE,,,,,PREVIEW_DEFAULT
16.0995,-15.1824,5.3407,0.000,NORMAL,1,ROUTE,,,,,PREVIEW_DEFAULT
16.1994,-15.2769,5.3733,0.000,NORMAL,1,ROUTE,,,,,PREVIEW_DEFAULT
16.2995,-15.3715,5.4059,0.000,NORMAL,1,ROUTE,,,,,PREVIEW_DEFAULT
16.3995,-15.4661,5.4383,0.000,NORMAL,1,ROUTE,,,,,PREVIEW_DEFAULT
16.4994,-15.5606,5.4708,0.000,NORMAL,1,ROUTE,,,,,PREVIEW_DEFAULT
16.5995,-15.6552,5.5035,0.000,NORMAL,1,ROUTE,,,,,PREVIEW_DEFAULT
16.6995,-15.7496,5.5363,0.000,NORMAL,1,ROUTE,,,,,PREVIEW_DEFAULT
16.7994,-15.8439,5.5695,0.000,NORMAL,1,ROUTE,,,,,PREVIEW_DEFAULT
16.8995,-15.9382,5.6030,0.000,NORMAL,1,ROUTE,,,,,PREVIEW_DEFAULT
16.9994,-16.0322,5.6369,0.000,NORMAL,1,ROUTE,,,,,PREVIEW_DEFAULT
17.0995,-16.1262,5.6711,0.000,NORMAL,1,ROUTE,,,,,PREVIEW_DEFAULT
17.1995,-16.2201,5.7056,0.000,NORMAL,1,ROUTE,,,,,PREVIEW_DEFAULT
17.2994,-16.3138,5.7403,0.000,NORMAL,1,ROUTE,,,,,PREVIEW_DEFAULT
17.3994,-16.4075,5.7753,0.000,NORMAL,1,ROUTE,,,,,PREVIEW_DEFAULT
17.4995,-16.5012,5.8103,0.000,NORMAL,1,ROUTE,,,,,PREVIEW_DEFAULT
17.5995,-16.5949,5.8453,0.000,NORMAL,1,ROUTE,,,,,PREVIEW_DEFAULT
17.6995,-16.6886,5.8802,0.000,NORMAL,1,ROUTE,,,,,PREVIEW_DEFAULT
17.7995,-16.7823,5.9151,0.000,NORMAL,1,ROUTE,,,,,PREVIEW_DEFAULT
17.8995,-16.8761,5.9498,0.000,NORMAL,1,ROUTE,,,,,PREVIEW_DEFAULT
17.9995,-16.9699,5.9844,0.000,NORMAL,1,ROUTE,,,,,PREVIEW_DEFAULT
18.0994,-17.0637,6.0189,0.000,NORMAL,1,ROUTE,,,,,PREVIEW_DEFAULT
18.1995,-17.1577,6.0532,0.000,NORMAL,1,ROUTE,,,,,PREVIEW_DEFAULT
18.2995,-17.2517,6.0873,0.000,NORMAL,1,ROUTE,,,,,PREVIEW_DEFAULT
18.3994,-17.3457,6.1212,0.000,NORMAL,1,ROUTE,,,,,PREVIEW_DEFAULT
18.4994,-17.4399,6.1549,0.000,NORMAL,1,ROUTE,,,,,PREVIEW_DEFAULT
18.5994,-17.5342,6.1882,0.000,NORMAL,1,ROUTE,,,,,PREVIEW_DEFAULT
18.6994,-17.6285,6.2213,0.000,NORMAL,1,ROUTE,,,,,PREVIEW_DEFAULT
18.7995,-17.7231,6.2540,0.000,NORMAL,1,ROUTE,,,,,PREVIEW_DEFAULT
18.8994,-17.8177,6.2862,0.000,NORMAL,1,ROUTE,,,,,PREVIEW_DEFAULT
18.9994,-17.9125,6.3181,0.000,NORMAL,1,ROUTE,,,,,PREVIEW_DEFAULT
19.0994,-18.0074,6.3496,0.000,NORMAL,1,ROUTE,,,,,PREVIEW_DEFAULT
19.1994,-18.1024,6.3807,0.000,NORMAL,1,ROUTE,,,,,PREVIEW_DEFAULT
19.2994,-18.1976,6.4115,0.000,NORMAL,1,ROUTE,,,,,PREVIEW_DEFAULT
19.3994,-18.2928,6.4419,0.000,NORMAL,1,ROUTE,,,,,PREVIEW_DEFAULT
19.4994,-18.3881,6.4722,0.000,NORMAL,1,ROUTE,,,,,PREVIEW_DEFAULT
19.5994,-18.4835,6.5024,0.000,NORMAL,1,ROUTE,,,,,PREVIEW_DEFAULT
19.6993,-18.5788,6.5324,0.000,NORMAL,1,ROUTE,,,,,PREVIEW_DEFAULT
19.7994,-18.6742,6.5625,0.000,NORMAL,1,ROUTE,,,,,PREVIEW_DEFAULT
19.8994,-18.7695,6.5928,0.000,NORMAL,1,ROUTE,,,,,PREVIEW_DEFAULT
19.9994,-18.8648,6.6232,0.000,NORMAL,1,ROUTE,,,,,PREVIEW_DEFAULT
20.0993,-18.9599,6.6538,0.000,NORMAL,1,ROUTE,,,,,PREVIEW_DEFAULT
20.1994,-19.0550,6.6849,0.000,NORMAL,1,ROUTE,,,,,PREVIEW_DEFAULT
20.2993,-19.1499,6.7163,0.000,NORMAL,1,ROUTE,,,,,PREVIEW_DEFAULT
20.3993,-19.2447,6.7482,0.000,NORMAL,1,ROUTE,,,,,PREVIEW_DEFAULT
20.4993,-19.3393,6.7805,0.000,NORMAL,1,ROUTE,,,,,PREVIEW_DEFAULT
20.5994,-19.4338,6.8134,0.000,NORMAL,1,ROUTE,,,,,PREVIEW_DEFAULT
20.6994,-19.5281,6.8467,0.000,NORMAL,1,ROUTE,,,,,PREVIEW_DEFAULT
20.7993,-19.6222,6.8804,0.000,NORMAL,1,ROUTE,,,,,PREVIEW_DEFAULT
20.8993,-19.7162,6.9145,0.000,NORMAL,1,ROUTE,,,,,PREVIEW_DEFAULT
20.9993,-19.8101,6.9488,0.000,NORMAL,1,ROUTE,,,,,PREVIEW_DEFAULT
21.0994,-19.9040,6.9834,0.000,NORMAL,1,ROUTE,,,,,PREVIEW_DEFAULT
21.1993,-19.9978,7.0180,0.000,NORMAL,1,ROUTE,,,,,PREVIEW_DEFAULT
21.2993,-20.0916,7.0525,0.000,NORMAL,1,ROUTE,,,,,PREVIEW_DEFAULT
21.3993,-20.1855,7.0869,0.000,NORMAL,1,ROUTE,,,,,PREVIEW_DEFAULT
21.4993,-20.2795,7.1211,0.000,NORMAL,1,ROUTE,,,,,PREVIEW_DEFAULT
21.5993,-20.3736,7.1549,0.000,NORMAL,1,ROUTE,,,,,PREVIEW_DEFAULT
21.6993,-20.4679,7.1881,0.000,NORMAL,1,ROUTE,,,,,PREVIEW_DEFAULT
21.7993,-20.5624,7.2208,0.000,NORMAL,1,ROUTE,,,,,PREVIEW_DEFAULT
21.8212,-20.5832,7.2278,0.000,HILL,1,HILL,HILL_START,ENTER_ZONE,,,PREVIEW_DEFAULT
21.8993,-20.6573,7.2525,0.000,HILL,1,HILL,,,,,PREVIEW_DEFAULT
21.9993,-20.7523,7.2836,0.000,HILL,1,HILL,,,,,PREVIEW_DEFAULT
22.0994,-20.8476,7.3141,0.000,HILL,1,HILL,,,,,PREVIEW_DEFAULT
22.1993,-20.9429,7.3442,0.000,HILL,1,HILL,,,,,PREVIEW_DEFAULT
22.2993,-21.0383,7.3742,0.000,HILL,1,HILL,,,,,PREVIEW_DEFAULT
22.3993,-21.1337,7.4041,0.000,HILL,1,HILL,,,,,PREVIEW_DEFAULT
22.4993,-21.2291,7.4341,0.000,HILL,1,HILL,,,,,PREVIEW_DEFAULT
22.5993,-21.3244,7.4645,0.000,HILL,1,HILL,,,,,PREVIEW_DEFAULT
22.6993,-21.4195,7.4953,0.000,HILL,1,HILL,,,,,PREVIEW_DEFAULT
22.7993,-21.5145,7.5265,0.000,HILL,1,HILL,,,,,PREVIEW_DEFAULT
22.8993,-21.6093,7.5584,0.000,HILL,1,HILL,,,,,PREVIEW_DEFAULT
22.9993,-21.7039,7.5909,0.000,HILL,1,HILL,,,,,PREVIEW_DEFAULT
23.0992,-21.7982,7.6239,0.000,HILL,1,HILL,,,,,PREVIEW_DEFAULT
23.1992,-21.8924,7.6575,0.000,HILL,1,HILL,,,,,PREVIEW_DEFAULT
23.2993,-21.9865,7.6914,0.000,HILL,1,HILL,,,,,PREVIEW_DEFAULT
23.3993,-22.0804,7.7258,0.000,HILL,1,HILL,,,,,PREVIEW_DEFAULT
23.4992,-22.1742,7.7604,0.000,HILL,1,HILL,,,,,PREVIEW_DEFAULT
23.5993,-22.2680,7.7952,0.000,HILL,1,HILL,,,,,PREVIEW_DEFAULT
23.6993,-22.3617,7.8301,0.000,HILL,1,HILL,,,,,PREVIEW_DEFAULT
23.7993,-22.4554,7.8650,0.000,HILL,1,HILL,,,,,PREVIEW_DEFAULT
23.8993,-22.5491,7.8999,0.000,HILL,1,HILL,,,,,PREVIEW_DEFAULT
23.9993,-22.6429,7.9346,0.000,HILL,1,HILL,,,,,PREVIEW_DEFAULT
24.0992,-22.7367,7.9692,0.000,HILL,1,HILL,,,,,PREVIEW_DEFAULT
24.1992,-22.8306,8.0035,0.000,HILL,1,HILL,,,,,PREVIEW_DEFAULT
24.2992,-22.9246,8.0376,0.000,HILL,1,HILL,,,,,PREVIEW_DEFAULT
24.3993,-23.0188,8.0713,0.000,HILL,1,HILL,,,,,PREVIEW_DEFAULT
24.4993,-23.1131,8.1046,0.000,HILL,1,HILL,,,,,PREVIEW_DEFAULT
24.5992,-23.2075,8.1375,0.000,HILL,1,HILL,,,,,PREVIEW_DEFAULT
24.6992,-23.3021,8.1698,0.000,HILL,1,HILL,,,,,PREVIEW_DEFAULT
24.7992,-23.3969,8.2016,0.000,HILL,1,HILL,,,,,PREVIEW_DEFAULT
24.8992,-23.4919,8.2328,0.000,HILL,1,HILL,,,,,PREVIEW_DEFAULT
24.9992,-23.5871,8.2634,0.000,HILL,1,HILL,,,,,PREVIEW_DEFAULT
25.0992,-23.6825,8.2934,0.000,HILL,1,HILL,,,,,PREVIEW_DEFAULT
25.1992,-23.7781,8.3228,0.000,HILL,1,HILL,,,,,PREVIEW_DEFAULT
25.2992,-23.8738,8.3517,0.000,HILL,1,HILL,,,,,PREVIEW_DEFAULT
25.3992,-23.9697,8.3803,0.000,HILL,1,HILL,,,,,PREVIEW_DEFAULT
25.4992,-24.0656,8.4086,0.000,HILL,1,HILL,,,,,PREVIEW_DEFAULT
25.5992,-24.1615,8.4368,0.000,HILL,1,HILL,,,,,PREVIEW_DEFAULT
25.6992,-24.2574,8.4652,0.000,HILL,1,HILL,,,,,PREVIEW_DEFAULT
25.7992,-24.3532,8.4937,0.000,HILL,1,HILL,,,,,PREVIEW_DEFAULT
25.8992,-24.4489,8.5227,0.000,HILL,1,HILL,,,,,PREVIEW_DEFAULT
25.9992,-24.5445,8.5521,0.000,HILL,1,HILL,,,,,PREVIEW_DEFAULT
26.0991,-24.6399,8.5820,0.000,HILL,1,HILL,,,,,PREVIEW_DEFAULT
26.1992,-24.7352,8.6125,0.000,HILL,1,HILL,,,,,PREVIEW_DEFAULT
26.2991,-24.8302,8.6435,0.000,HILL,1,HILL,,,,,PREVIEW_DEFAULT
26.3992,-24.9251,8.6751,0.000,HILL,1,HILL,,,,,PREVIEW_DEFAULT
26.4991,-25.0198,8.7071,0.000,HILL,1,HILL,,,,,PREVIEW_DEFAULT
26.5991,-25.1144,8.7395,0.000,HILL,1,HILL,,,,,PREVIEW_DEFAULT
26.6991,-25.2089,8.7722,0.000,HILL,1,HILL,,,,,PREVIEW_DEFAULT
26.7991,-25.3034,8.8050,0.000,HILL,1,HILL,,,,,PREVIEW_DEFAULT
26.8992,-25.3979,8.8378,0.000,HILL,1,HILL,,,,,PREVIEW_DEFAULT
26.9991,-25.4924,8.8704,0.000,HILL,1,HILL,,,,,PREVIEW_DEFAULT
27.0991,-25.5870,8.9027,0.000,HILL,1,HILL,,,,,PREVIEW_DEFAULT
27.1992,-25.6818,8.9347,0.000,HILL,1,HILL,,,,,PREVIEW_DEFAULT
27.2991,-25.7767,8.9662,0.000,HILL,1,HILL,,,,,PREVIEW_DEFAULT
27.3991,-25.8717,8.9973,0.000,HILL,1,HILL,,,,,PREVIEW_DEFAULT
27.4991,-25.9669,9.0280,0.000,HILL,1,HILL,,,,,PREVIEW_DEFAULT
27.5991,-26.0622,9.0583,0.000,HILL,1,HILL,,,,,PREVIEW_DEFAULT
27.6991,-26.1576,9.0883,0.000,HILL,1,HILL,,,,,PREVIEW_DEFAULT
27.7992,-26.2531,9.1180,0.000,HILL,1,HILL,,,,,PREVIEW_DEFAULT
27.8991,-26.3486,9.1475,0.000,HILL,1,HILL,,,,,PREVIEW_DEFAULT
27.9991,-26.4442,9.1768,0.000,HILL,1,HILL,,,,,PREVIEW_DEFAULT
28.0991,-26.5399,9.2058,0.000,HILL,1,HILL,,,,,PREVIEW_DEFAULT
28.1991,-26.6357,9.2345,0.000,HILL,1,HILL,,,,,PREVIEW_DEFAULT
28.2991,-26.7316,9.2630,0.000,HILL,1,HILL,,,,,PREVIEW_DEFAULT
28.3991,-26.8275,9.2911,0.000,HILL,1,HILL,,,,,PREVIEW_DEFAULT
28.4991,-26.9236,9.3189,0.000,HILL,1,HILL,,,,,PREVIEW_DEFAULT
28.5991,-27.0197,9.3463,0.000,HILL,1,HILL,,,,,PREVIEW_DEFAULT
28.6991,-27.1160,9.3735,0.000,HILL,1,HILL,,,,,PREVIEW_DEFAULT
28.7991,-27.2123,9.4003,0.000,HILL,1,HILL,,,,,PREVIEW_DEFAULT
28.8991,-27.3087,9.4271,0.000,HILL,1,HILL,,,,,PREVIEW_DEFAULT
28.9991,-27.4050,9.4539,0.000,HILL,1,HILL,,,,,PREVIEW_DEFAULT
29.0990,-27.5012,9.4810,0.000,HILL,1,HILL,,,,,PREVIEW_DEFAULT
29.1990,-27.5973,9.5086,0.000,HILL,1,HILL,,,,,PREVIEW_DEFAULT
29.2990,-27.6932,9.5370,0.000,HILL,1,HILL,,,,,PREVIEW_DEFAULT
29.3991,-27.7888,9.5664,0.000,HILL,1,HILL,,,,,PREVIEW_DEFAULT
29.4991,-27.8841,9.5968,0.000,HILL,1,HILL,,,,,PREVIEW_DEFAULT
29.5990,-27.9789,9.6285,0.000,HILL,1,HILL,,,,,PREVIEW_DEFAULT
29.6990,-28.0733,9.6614,0.000,HILL,1,HILL,,,,,PREVIEW_DEFAULT
29.7990,-28.1673,9.6955,0.000,HILL,1,HILL,,,,,PREVIEW_DEFAULT
29.8991,-28.2610,9.7307,0.000,HILL,1,HILL,,,,,PREVIEW_DEFAULT
29.9990,-28.3542,9.7667,0.000,HILL,1,HILL,,,,,PREVIEW_DEFAULT
30.0991,-28.4472,9.8036,0.000,HILL,1,HILL,,,,,PREVIEW_DEFAULT
30.1990,-28.5399,9.8410,0.000,HILL,1,HILL,,,,,PREVIEW_DEFAULT
30.2990,-28.6325,9.8788,0.000,HILL,1,HILL,,,,,PREVIEW_DEFAULT
30.3990,-28.7249,9.9169,0.000,HILL,1,HILL,,,,,PREVIEW_DEFAULT
30.4991,-28.8174,9.9551,0.000,HILL,1,HILL,,,,,PREVIEW_DEFAULT
30.5990,-28.9098,9.9932,0.000,HILL,1,HILL,,,,,PREVIEW_DEFAULT
30.6990,-29.0023,10.0312,0.000,HILL,1,HILL,,,,,PREVIEW_DEFAULT
30.7990,-29.0949,10.0689,0.000,HILL,1,HILL,,,,,PREVIEW_DEFAULT
30.8991,-29.1877,10.1063,0.000,HILL,1,HILL,,,,,PREVIEW_DEFAULT
30.9990,-29.2806,10.1432,0.000,HILL,1,HILL,,,,,PREVIEW_DEFAULT
31.0990,-29.3737,10.1797,0.000,HILL,1,HILL,,,,,PREVIEW_DEFAULT
31.1990,-29.4671,10.2155,0.000,HILL,1,HILL,,,,,PREVIEW_DEFAULT
31.2990,-29.5606,10.2508,0.000,HILL,1,HILL,,,,,PREVIEW_DEFAULT
31.3990,-29.6545,10.2853,0.000,HILL,1,HILL,,,,,PREVIEW_DEFAULT
31.4989,-29.7485,10.3192,0.000,HILL,1,HILL,,,,,PREVIEW_DEFAULT
31.5990,-29.8429,10.3524,0.000,HILL,1,HILL,,,,,PREVIEW_DEFAULT
31.6990,-29.9375,10.3849,0.000,HILL,1,HILL,,,,,PREVIEW_DEFAULT
31.7990,-30.0323,10.4165,0.000,HILL,1,HILL,,,,,PREVIEW_DEFAULT
31.8990,-30.1274,10.4475,0.000,HILL,1,HILL,,,,,PREVIEW_DEFAULT
31.9989,-30.2227,10.4776,0.000,HILL,1,HILL,,,,,PREVIEW_DEFAULT
32.0990,-30.3183,10.5071,0.000,HILL,1,HILL,,,,,PREVIEW_DEFAULT
32.1990,-30.4141,10.5359,0.000,HILL,1,HILL,,,,,PREVIEW_DEFAULT
32.2989,-30.5100,10.5640,0.000,HILL,1,HILL,,,,,PREVIEW_DEFAULT
32.3989,-30.6061,10.5916,0.000,HILL,1,HILL,,,,,PREVIEW_DEFAULT
32.4989,-30.7024,10.6186,0.000,HILL,1,HILL,,,,,PREVIEW_DEFAULT
32.5989,-30.7988,10.6451,0.000,HILL,1,HILL,,,,,PREVIEW_DEFAULT
32.6990,-30.8954,10.6712,0.000,HILL,1,HILL,,,,,PREVIEW_DEFAULT
32.7990,-30.9920,10.6971,0.000,HILL,1,HILL,,,,,PREVIEW_DEFAULT
32.8989,-31.0886,10.7227,0.000,HILL,1,HILL,,,,,PREVIEW_DEFAULT
32.9990,-31.1853,10.7483,0.000,HILL,1,HILL,,,,,PREVIEW_DEFAULT
33.0989,-31.2819,10.7740,0.000,HILL,1,HILL,,,,,PREVIEW_DEFAULT
33.1989,-31.3785,10.7998,0.000,HILL,1,HILL,,,,,PREVIEW_DEFAULT
33.2989,-31.4750,10.8260,0.000,HILL,1,HILL,,,,,PREVIEW_DEFAULT
33.3989,-31.5714,10.8527,0.000,HILL,1,HILL,,,,,PREVIEW_DEFAULT
33.4989,-31.6676,10.8800,0.000,HILL,1,HILL,,,,,PREVIEW_DEFAULT
33.5989,-31.7636,10.9080,0.000,HILL,1,HILL,,,,,PREVIEW_DEFAULT
33.6989,-31.8594,10.9367,0.000,HILL,1,HILL,,,,,PREVIEW_DEFAULT
33.7990,-31.9550,10.9661,0.000,HILL,1,HILL,,,,,PREVIEW_DEFAULT
33.8989,-32.0503,10.9963,0.000,HILL,1,HILL,,,,,PREVIEW_DEFAULT
33.9989,-32.1454,11.0272,0.000,HILL,1,HILL,,,,,PREVIEW_DEFAULT
34.0989,-32.2403,11.0588,0.000,HILL,1,HILL,,,,,PREVIEW_DEFAULT
34.1453,-32.2842,11.0737,0.000,HILL,1,HILL,HILL_STOP,STOP_THEN_HOLD,ALWAYS_ONCE,3.0,PREVIEW_DEFAULT
34.1989,-32.3349,11.0911,0.000,HILL,1,HILL,,,ALWAYS_ONCE,,PREVIEW_DEFAULT
34.2989,-32.4293,11.1242,0.000,HILL,1,HILL,,,ALWAYS_ONCE,,PREVIEW_DEFAULT
34.3989,-32.5235,11.1577,0.000,HILL,1,HILL,,,,,PREVIEW_DEFAULT
34.4989,-32.6176,11.1916,0.000,HILL,1,HILL,,,,,PREVIEW_DEFAULT
34.5989,-32.7116,11.2256,0.000,HILL,1,HILL,,,,,PREVIEW_DEFAULT
34.6989,-32.8056,11.2598,0.000,HILL,1,HILL,,,,,PREVIEW_DEFAULT
34.7988,-32.8995,11.2939,0.000,HILL,1,HILL,,,,,PREVIEW_DEFAULT
34.8989,-32.9936,11.3280,0.000,HILL,1,HILL,,,,,PREVIEW_DEFAULT
34.9989,-33.0876,11.3621,0.000,HILL,1,HILL,,,,,PREVIEW_DEFAULT
35.0989,-33.1817,11.3960,0.000,HILL,1,HILL,,,,,PREVIEW_DEFAULT
35.1989,-33.2758,11.4298,0.000,HILL,1,HILL,,,,,PREVIEW_DEFAULT
35.2989,-33.3699,11.4636,0.000,HILL,1,HILL,,,,,PREVIEW_DEFAULT
35.3989,-33.4640,11.4974,0.000,HILL,1,HILL,,,,,PREVIEW_DEFAULT
35.4989,-33.5581,11.5312,0.000,HILL,1,HILL,,,,,PREVIEW_DEFAULT
35.5988,-33.6521,11.5652,0.000,HILL,1,HILL,,,,,PREVIEW_DEFAULT
35.6989,-33.7462,11.5992,0.000,HILL,1,HILL,,,,,PREVIEW_DEFAULT
35.7988,-33.8401,11.6334,0.000,HILL,1,HILL,,,,,PREVIEW_DEFAULT
35.8988,-33.9340,11.6678,0.000,HILL,1,HILL,,,,,PREVIEW_DEFAULT
35.9989,-34.0279,11.7023,0.000,HILL,1,HILL,,,,,PREVIEW_DEFAULT
36.0989,-34.1217,11.7370,0.000,HILL,1,HILL,,,,,PREVIEW_DEFAULT
36.1988,-34.2154,11.7717,0.000,HILL,1,HILL,,,,,PREVIEW_DEFAULT
36.2989,-34.3092,11.8066,0.000,HILL,1,HILL,,,,,PREVIEW_DEFAULT
36.3988,-34.4028,11.8416,0.000,HILL,1,HILL,,,,,PREVIEW_DEFAULT
36.4988,-34.4965,11.8766,0.000,HILL,1,HILL,,,,,PREVIEW_DEFAULT
36.5989,-34.5902,11.9116,0.000,HILL,1,HILL,,,,,PREVIEW_DEFAULT
36.6989,-34.6839,11.9466,0.000,HILL,1,HILL,,,,,PREVIEW_DEFAULT
36.7988,-34.7776,11.9814,0.000,HILL,1,HILL,,,,,PREVIEW_DEFAULT
36.8988,-34.8714,12.0161,0.000,HILL,1,HILL,,,,,PREVIEW_DEFAULT
36.9988,-34.9652,12.0506,0.000,HILL,1,HILL,,,,,PREVIEW_DEFAULT
37.0988,-35.0592,12.0848,0.000,HILL,1,HILL,,,,,PREVIEW_DEFAULT
37.1988,-35.1533,12.1185,0.000,HILL,1,HILL,,,,,PREVIEW_DEFAULT
37.2988,-35.2476,12.1519,0.000,HILL,1,HILL,,,,,PREVIEW_DEFAULT
37.3988,-35.3421,12.1846,0.000,HILL,1,HILL,,,,,PREVIEW_DEFAULT
37.4988,-35.4368,12.2166,0.000,HILL,1,HILL,,,,,PREVIEW_DEFAULT
37.5989,-35.5319,12.2478,0.000,HILL,1,HILL,,,,,PREVIEW_DEFAULT
37.6988,-35.6272,12.2780,0.000,HILL,1,HILL,,,,,PREVIEW_DEFAULT
37.7988,-35.7228,12.3072,0.000,HILL,1,HILL,,,,,PREVIEW_DEFAULT
37.8989,-35.8189,12.3351,0.000,HILL,1,HILL,,,,,PREVIEW_DEFAULT
37.9988,-35.9153,12.3616,0.000,HILL,1,HILL,,,,,PREVIEW_DEFAULT
38.0988,-36.0121,12.3866,0.000,HILL,1,HILL,,,,,PREVIEW_DEFAULT
38.1988,-36.1093,12.4101,0.000,HILL,1,HILL,,,,,PREVIEW_DEFAULT
38.2987,-36.2068,12.4320,0.000,HILL,1,HILL,,,,,PREVIEW_DEFAULT
38.3988,-36.3048,12.4523,0.000,HILL,1,HILL,,,,,PREVIEW_DEFAULT
38.4988,-36.4030,12.4712,0.000,HILL,1,HILL,,,,,PREVIEW_DEFAULT
38.5987,-36.5014,12.4886,0.000,HILL,1,HILL,,,,,PREVIEW_DEFAULT
38.6987,-36.6001,12.5046,0.000,HILL,1,HILL,,,,,PREVIEW_DEFAULT
38.7988,-36.6989,12.5202,0.000,HILL,1,HILL,,,,,PREVIEW_DEFAULT
38.8987,-36.7975,12.5368,0.000,HILL,1,HILL,,,,,PREVIEW_DEFAULT
38.9987,-36.8957,12.5556,0.000,HILL,1,HILL,,,,,PREVIEW_DEFAULT
39.0987,-36.9934,12.5767,0.000,HILL,1,HILL,,,,,PREVIEW_DEFAULT
39.1987,-37.0907,12.6000,0.000,HILL,1,HILL,,,,,PREVIEW_DEFAULT
39.2987,-37.1875,12.6251,0.000,HILL,1,HILL,,,,,PREVIEW_DEFAULT
39.3987,-37.2839,12.6517,0.000,HILL,1,HILL,,,,,PREVIEW_DEFAULT
39.4987,-37.3799,12.6795,0.000,HILL,1,HILL,,,,,PREVIEW_DEFAULT
39.5987,-37.4757,12.7081,0.000,HILL,1,HILL,,,,,PREVIEW_DEFAULT
39.6987,-37.5714,12.7374,0.000,HILL,1,HILL,,,,,PREVIEW_DEFAULT
39.7988,-37.6669,12.7671,0.000,HILL,1,HILL,,,,,PREVIEW_DEFAULT
39.8987,-37.7623,12.7970,0.000,HILL,1,HILL,,,,,PREVIEW_DEFAULT
39.9987,-37.8576,12.8271,0.000,HILL,1,HILL,,,,,PREVIEW_DEFAULT
40.0987,-37.9530,12.8573,0.000,HILL,1,HILL,,,,,PREVIEW_DEFAULT
40.1987,-38.0483,12.8876,0.000,HILL,1,HILL,,,,,PREVIEW_DEFAULT
40.2987,-38.1436,12.9178,0.000,HILL,1,HILL,,,,,PREVIEW_DEFAULT
40.3987,-38.2389,12.9481,0.000,HILL,1,HILL,,,,,PREVIEW_DEFAULT
40.4987,-38.3342,12.9785,0.000,HILL,1,HILL,,,,,PREVIEW_DEFAULT
40.5987,-38.4294,13.0090,0.000,HILL,1,HILL,,,,,PREVIEW_DEFAULT
40.6987,-38.5245,13.0398,0.000,HILL,1,HILL,,,,,PREVIEW_DEFAULT
40.7987,-38.6196,13.0709,0.000,HILL,1,HILL,,,,,PREVIEW_DEFAULT
40.8987,-38.7144,13.1025,0.000,HILL,1,HILL,,,,,PREVIEW_DEFAULT
40.9987,-38.8091,13.1347,0.000,HILL,1,HILL,,,,,PREVIEW_DEFAULT
41.0987,-38.9035,13.1677,0.000,HILL,1,HILL,,,,,PREVIEW_DEFAULT
41.1986,-38.9976,13.2014,0.000,HILL,1,HILL,,,,,PREVIEW_DEFAULT
41.2986,-39.0914,13.2361,0.000,HILL,1,HILL,,,,,PREVIEW_DEFAULT
41.3987,-39.1849,13.2717,0.000,HILL,1,HILL,,,,,PREVIEW_DEFAULT
41.4986,-39.2779,13.3083,0.000,HILL,1,HILL,,,,,PREVIEW_DEFAULT
41.5987,-39.3707,13.3457,0.000,HILL,1,HILL,,,,,PREVIEW_DEFAULT
41.6986,-39.4630,13.3840,0.000,HILL,1,HILL,,,,,PREVIEW_DEFAULT
41.7986,-39.5551,13.4230,0.000,HILL,1,HILL,,,,,PREVIEW_DEFAULT
41.8987,-39.6469,13.4627,0.000,HILL,1,HILL,,,,,PREVIEW_DEFAULT
41.9986,-39.7385,13.5028,0.000,HILL,1,HILL,,,,,PREVIEW_DEFAULT
42.0987,-39.8300,13.5432,0.000,HILL,1,HILL,,,,,PREVIEW_DEFAULT
42.1987,-39.9214,13.5838,0.000,HILL,1,HILL,,,,,PREVIEW_DEFAULT
42.2986,-40.0128,13.6242,0.000,HILL,1,HILL,,,,,PREVIEW_DEFAULT
42.3987,-40.1045,13.6642,0.000,HILL,1,HILL,,,,,PREVIEW_DEFAULT
42.4986,-40.1963,13.7037,0.000,HILL,1,HILL,,,,,PREVIEW_DEFAULT
42.5986,-40.2885,13.7425,0.000,HILL,1,HILL,,,,,PREVIEW_DEFAULT
42.6986,-40.3810,13.7804,0.000,HILL,1,HILL,,,,,PREVIEW_DEFAULT
42.7986,-40.4740,13.8173,0.000,HILL,1,HILL,,,,,PREVIEW_DEFAULT
42.8986,-40.5674,13.8530,0.000,HILL,1,HILL,,,,,PREVIEW_DEFAULT
42.9986,-40.6611,13.8878,0.000,HILL,1,HILL,,,,,PREVIEW_DEFAULT
43.0986,-40.7552,13.9217,0.000,HILL,1,HILL,,,,,PREVIEW_DEFAULT
43.1986,-40.8495,13.9550,0.000,HILL,1,HILL,,,,,PREVIEW_DEFAULT
43.2985,-40.9439,13.9878,0.000,HILL,1,HILL,,,,,PREVIEW_DEFAULT
43.3986,-41.0385,14.0203,0.000,HILL,1,HILL,,,,,PREVIEW_DEFAULT
43.4986,-41.1332,14.0525,0.000,HILL,1,HILL,,,,,PREVIEW_DEFAULT
43.5986,-41.2279,14.0846,0.000,HILL,1,HILL,,,,,PREVIEW_DEFAULT
43.6986,-41.3227,14.1165,0.000,HILL,1,HILL,,,,,PREVIEW_DEFAULT
43.7985,-41.4174,14.1484,0.000,HILL,1,HILL,,,,,PREVIEW_DEFAULT
43.8985,-41.5122,14.1802,0.000,HILL,1,HILL,,,,,PREVIEW_DEFAULT
43.9986,-41.6071,14.2120,0.000,HILL,1,HILL,,,,,PREVIEW_DEFAULT
44.0986,-41.7019,14.2437,0.000,HILL,1,HILL,,,,,PREVIEW_DEFAULT
44.1985,-41.7967,14.2754,0.000,HILL,1,HILL,,,,,PREVIEW_DEFAULT
44.2986,-41.8916,14.3071,0.000,HILL,1,HILL,,,,,PREVIEW_DEFAULT
44.3986,-41.9864,14.3388,0.000,HILL,1,HILL,,,,,PREVIEW_DEFAULT
44.4985,-42.0812,14.3705,0.000,HILL,1,HILL,,,,,PREVIEW_DEFAULT
44.5986,-42.1761,14.4023,0.000,HILL,1,HILL,,,,,PREVIEW_DEFAULT
44.6986,-42.2709,14.4341,0.000,HILL,1,HILL,,,,,PREVIEW_DEFAULT
44.7985,-42.3656,14.4660,0.000,HILL,1,HILL,,,,,PREVIEW_DEFAULT
44.8985,-42.4603,14.4982,0.000,HILL,1,HILL,,,,,PREVIEW_DEFAULT
44.9986,-42.5550,14.5304,0.000,HILL,1,HILL,,,,,PREVIEW_DEFAULT
45.0985,-42.6495,14.5629,0.000,HILL,1,HILL,,,,,PREVIEW_DEFAULT
45.1986,-42.7441,14.5955,0.000,HILL,1,HILL,,,,,PREVIEW_DEFAULT
45.2986,-42.8386,14.6283,0.000,HILL,1,HILL,,,,,PREVIEW_DEFAULT
45.3985,-42.9330,14.6611,0.000,HILL,1,HILL,,,,,PREVIEW_DEFAULT
45.4986,-43.0275,14.6939,0.000,HILL,1,HILL,,,,,PREVIEW_DEFAULT
45.5985,-43.1219,14.7267,0.000,HILL,1,HILL,,,,,PREVIEW_DEFAULT
45.6986,-43.2165,14.7594,0.000,HILL,1,HILL,,,,,PREVIEW_DEFAULT
45.7985,-43.3110,14.7919,0.000,HILL,1,HILL,,,,,PREVIEW_DEFAULT
45.8985,-43.4056,14.8243,0.000,HILL,1,HILL,,,,,PREVIEW_DEFAULT
45.9985,-43.5002,14.8566,0.000,HILL,1,HILL,,,,,PREVIEW_DEFAULT
46.0985,-43.5949,14.8888,0.000,HILL,1,HILL,,,,,PREVIEW_DEFAULT
46.1985,-43.6896,14.9208,0.000,HILL,1,HILL,,,,,PREVIEW_DEFAULT
46.2985,-43.7844,14.9528,0.000,HILL,1,HILL,,,,,PREVIEW_DEFAULT
46.3985,-43.8792,14.9847,0.000,HILL,1,HILL,,,,,PREVIEW_DEFAULT
46.4985,-43.9740,15.0165,0.000,HILL,1,HILL,,,,,PREVIEW_DEFAULT
46.5985,-44.0687,15.0484,0.000,HILL,1,HILL,,,,,PREVIEW_DEFAULT
46.6985,-44.1635,15.0803,0.000,HILL,1,HILL,,,,,PREVIEW_DEFAULT
46.7985,-44.2583,15.1123,0.000,HILL,1,HILL,,,,,PREVIEW_DEFAULT
46.8985,-44.3530,15.1443,0.000,HILL,1,HILL,,,,,PREVIEW_DEFAULT
46.9985,-44.4477,15.1765,0.000,HILL,1,HILL,,,,,PREVIEW_DEFAULT
47.0985,-44.5423,15.2087,0.000,HILL,1,HILL,,,,,PREVIEW_DEFAULT
47.1984,-44.6369,15.2411,0.000,HILL,1,HILL,,,,,PREVIEW_DEFAULT
47.2985,-44.7315,15.2736,0.000,HILL,1,HILL,,,,,PREVIEW_DEFAULT
47.3984,-44.8260,15.3062,0.000,HILL,1,HILL,,,,,PREVIEW_DEFAULT
47.4984,-44.9205,15.3389,0.000,HILL,1,HILL,,,,,PREVIEW_DEFAULT
47.5984,-45.0150,15.3716,0.000,HILL,1,HILL,,,,,PREVIEW_DEFAULT
47.6985,-45.1095,15.4045,0.000,HILL,1,HILL,,,,,PREVIEW_DEFAULT
47.7985,-45.2039,15.4374,0.000,HILL,1,HILL,,,,,PREVIEW_DEFAULT
47.8984,-45.2983,15.4703,0.000,HILL,1,HILL,,,,,PREVIEW_DEFAULT
47.9985,-45.3927,15.5034,0.000,HILL,1,HILL,,,,,PREVIEW_DEFAULT
48.0985,-45.4871,15.5365,0.000,HILL,1,HILL,,,,,PREVIEW_DEFAULT
48.1984,-45.5814,15.5696,0.000,HILL,1,HILL,,,,,PREVIEW_DEFAULT
48.2985,-45.6757,15.6029,0.000,HILL,1,HILL,,,,,PREVIEW_DEFAULT
48.3985,-45.7700,15.6362,0.000,HILL,1,HILL,,,,,PREVIEW_DEFAULT
48.4984,-45.8642,15.6697,0.000,HILL,1,HILL,,,,,PREVIEW_DEFAULT
48.5984,-45.9584,15.7032,0.000,HILL,1,HILL,,,,,PREVIEW_DEFAULT
48.6984,-46.0526,15.7368,0.000,HILL,1,HILL,,,,,PREVIEW_DEFAULT
48.7984,-46.1468,15.7704,0.000,HILL,1,HILL,,,,,PREVIEW_DEFAULT
48.8985,-46.2410,15.8040,0.000,HILL,1,HILL,,,,,PREVIEW_DEFAULT
48.9984,-46.3351,15.8376,0.000,HILL,1,HILL,,,,,PREVIEW_DEFAULT
49.0984,-46.4293,15.8712,0.000,HILL,1,HILL,,,,,PREVIEW_DEFAULT
49.1985,-46.5236,15.9047,0.000,HILL,1,HILL,,,,,PREVIEW_DEFAULT
49.2984,-46.6178,15.9381,0.000,HILL,1,HILL,,,,,PREVIEW_DEFAULT
49.3984,-46.7121,15.9714,0.000,HILL,1,HILL,,,,,PREVIEW_DEFAULT
49.4984,-46.8064,16.0045,0.000,HILL,1,HILL,,,,,PREVIEW_DEFAULT
49.5984,-46.9008,16.0376,0.000,HILL,1,HILL,,,,,PREVIEW_DEFAULT
49.6984,-46.9952,16.0705,0.000,HILL,1,HILL,,,,,PREVIEW_DEFAULT
49.7984,-47.0897,16.1033,0.000,HILL,1,HILL,,,,,PREVIEW_DEFAULT
49.8984,-47.1842,16.1360,0.000,HILL,1,HILL,,,,,PREVIEW_DEFAULT
49.9984,-47.2787,16.1686,0.000,HILL,1,HILL,,,,,PREVIEW_DEFAULT
50.0984,-47.3733,16.2012,0.000,HILL,1,HILL,,,,,PREVIEW_DEFAULT
50.1983,-47.4678,16.2337,0.000,HILL,1,HILL,,,,,PREVIEW_DEFAULT
50.2984,-47.5624,16.2663,0.000,HILL,1,HILL,,,,,PREVIEW_DEFAULT
50.3984,-47.6569,16.2990,0.000,HILL,1,HILL,,,,,PREVIEW_DEFAULT
50.4983,-47.7513,16.3318,0.000,HILL,1,HILL,,,,,PREVIEW_DEFAULT
50.5984,-47.8458,16.3647,0.000,HILL,1,HILL,,,,,PREVIEW_DEFAULT
50.6983,-47.9401,16.3978,0.000,HILL,1,HILL,,,,,PREVIEW_DEFAULT
50.7984,-48.0345,16.4310,0.000,HILL,1,HILL,,,,,PREVIEW_DEFAULT
50.8984,-48.1287,16.4644,0.000,HILL,1,HILL,,,,,PREVIEW_DEFAULT
50.9983,-48.2229,16.4979,0.000,HILL,1,HILL,,,,,PREVIEW_DEFAULT
51.0984,-48.3171,16.5316,0.000,HILL,1,HILL,,,,,PREVIEW_DEFAULT
51.1984,-48.4112,16.5654,0.000,HILL,1,HILL,,,,,PREVIEW_DEFAULT
51.2984,-48.5052,16.5995,0.000,HILL,1,HILL,,,,,PREVIEW_DEFAULT
51.3984,-48.5992,16.6336,0.000,HILL,1,HILL,,,,,PREVIEW_DEFAULT
51.4984,-48.6931,16.6680,0.000,HILL,1,HILL,,,,,PREVIEW_DEFAULT
51.5984,-48.7869,16.7027,0.000,HILL,1,HILL,,,,,PREVIEW_DEFAULT
51.6984,-48.8806,16.7376,0.000,HILL,1,HILL,,,,,PREVIEW_DEFAULT
51.7983,-48.9742,16.7727,0.000,HILL,1,HILL,,,,,PREVIEW_DEFAULT
51.8983,-49.0677,16.8081,0.000,HILL,1,HILL,,,,,PREVIEW_DEFAULT
51.9984,-49.1612,16.8437,0.000,HILL,1,HILL,,,,,PREVIEW_DEFAULT
52.0983,-49.2545,16.8795,0.000,HILL,1,HILL,,,,,PREVIEW_DEFAULT
52.1983,-49.3479,16.9154,0.000,HILL,1,HILL,,,,,PREVIEW_DEFAULT
52.2983,-49.4412,16.9513,0.000,HILL,1,HILL,,,,,PREVIEW_DEFAULT
52.3983,-49.5346,16.9871,0.000,HILL,1,HILL,,,,,PREVIEW_DEFAULT
52.4983,-49.6280,17.0226,0.000,HILL,1,HILL,,,,,PREVIEW_DEFAULT
52.5983,-49.7216,17.0578,0.000,HILL,1,HILL,,,,,PREVIEW_DEFAULT
52.6983,-49.8154,17.0925,0.000,HILL,1,HILL,,,,,PREVIEW_DEFAULT
52.7983,-49.9094,17.1266,0.000,HILL,1,HILL,,,,,PREVIEW_DEFAULT
52.8983,-50.0037,17.1600,0.000,HILL,1,HILL,,,,,PREVIEW_DEFAULT
52.9983,-50.0982,17.1927,0.000,HILL,1,HILL,,,,,PREVIEW_DEFAULT
53.0983,-50.1930,17.2245,0.000,HILL,1,HILL,,,,,PREVIEW_DEFAULT
53.1983,-50.2880,17.2556,0.000,HILL,1,HILL,,,,,PREVIEW_DEFAULT
53.2982,-50.3833,17.2858,0.000,HILL,1,HILL,,,,,PREVIEW_DEFAULT
53.3983,-50.4789,17.3154,0.000,HILL,1,HILL,,,,,PREVIEW_DEFAULT
53.4983,-50.5747,17.3441,0.000,HILL,1,HILL,,,,,PREVIEW_DEFAULT
53.5983,-50.6706,17.3723,0.000,HILL,1,HILL,,,,,PREVIEW_DEFAULT
53.6983,-50.7667,17.3999,0.000,HILL,1,HILL,,,,,PREVIEW_DEFAULT
53.7983,-50.8630,17.4271,0.000,HILL,1,HILL,,,,,PREVIEW_DEFAULT
53.8983,-50.9593,17.4539,0.000,HILL,1,HILL,,,,,PREVIEW_DEFAULT
53.9983,-51.0557,17.4805,0.000,HILL,1,HILL,,,,,PREVIEW_DEFAULT
54.0983,-51.1521,17.5071,0.000,HILL,1,HILL,,,,,PREVIEW_DEFAULT
54.1983,-51.2485,17.5337,0.000,HILL,1,HILL,,,,,PREVIEW_DEFAULT
54.2982,-51.3448,17.5604,0.000,HILL,1,HILL,,,,,PREVIEW_DEFAULT
54.3982,-51.4411,17.5874,0.000,HILL,1,HILL,,,,,PREVIEW_DEFAULT
54.4982,-51.5373,17.6147,0.000,HILL,1,HILL,,,,,PREVIEW_DEFAULT
54.5982,-51.6334,17.6424,0.000,HILL,1,HILL,,,,,PREVIEW_DEFAULT
54.6982,-51.7293,17.6706,0.000,HILL,1,HILL,,,,,PREVIEW_DEFAULT
54.7982,-51.8251,17.6993,0.000,HILL,1,HILL,,,,,PREVIEW_DEFAULT
54.8983,-51.9208,17.7285,0.000,HILL,1,HILL,,,,,PREVIEW_DEFAULT
54.9982,-52.0162,17.7583,0.000,HILL,1,HILL,,,,,PREVIEW_DEFAULT
55.0982,-52.1115,17.7885,0.000,HILL,1,HILL,,,,,PREVIEW_DEFAULT
55.1982,-52.2067,17.8191,0.000,HILL,1,HILL,,,,,PREVIEW_DEFAULT
55.2982,-52.3018,17.8501,0.000,HILL,1,HILL,,,,,PREVIEW_DEFAULT
55.3982,-52.3968,17.8813,0.000,HILL,1,HILL,,,,,PREVIEW_DEFAULT
55.4982,-52.4918,17.9126,0.000,HILL,1,HILL,,,,,PREVIEW_DEFAULT
55.5982,-52.5867,17.9440,0.000,HILL,1,HILL,,,,,PREVIEW_DEFAULT
55.6982,-52.6817,17.9753,0.000,HILL,1,HILL,,,,,PREVIEW_DEFAULT
55.7982,-52.7767,18.0064,0.000,HILL,1,HILL,,,,,PREVIEW_DEFAULT
55.8983,-52.8719,18.0373,0.000,HILL,1,HILL,,,,,PREVIEW_DEFAULT
55.9982,-52.9671,18.0678,0.000,HILL,1,HILL,,,,,PREVIEW_DEFAULT
56.0982,-53.0625,18.0978,0.000,HILL,1,HILL,,,,,PREVIEW_DEFAULT
56.1982,-53.1580,18.1274,0.000,HILL,1,HILL,,,,,PREVIEW_DEFAULT
56.2982,-53.2537,18.1564,0.000,HILL,1,HILL,,,,,PREVIEW_DEFAULT
56.3982,-53.3496,18.1847,0.000,HILL,1,HILL,,,,,PREVIEW_DEFAULT
56.4982,-53.4457,18.2124,0.000,HILL,1,HILL,,,,,PREVIEW_DEFAULT
56.5982,-53.5419,18.2395,0.000,HILL,1,HILL,,,,,PREVIEW_DEFAULT
56.6982,-53.6384,18.2658,0.000,HILL,1,HILL,,,,,PREVIEW_DEFAULT
56.7981,-53.7350,18.2915,0.000,HILL,1,HILL,,,,,PREVIEW_DEFAULT
56.8281,-53.7640,18.2990,0.000,HILL,1,HILL,HILL_END,EXIT_ZONE,,,PREVIEW_DEFAULT
56.8982,-53.8319,18.3163,0.000,HILL,1,HILL,,,,,PREVIEW_DEFAULT
56.9982,-53.9289,18.3406,0.000,HILL,1,HILL,,,,,PREVIEW_DEFAULT
57.0906,-54.0186,18.3630,0.000,NORMAL,1,ROUTE,,,,,PREVIEW_DEFAULT
57.0981,-54.0259,18.3648,0.000,NORMAL,1,ROUTE,,,,,PREVIEW_DEFAULT
57.1982,-54.1229,18.3893,0.000,NORMAL,1,ROUTE,,,,,PREVIEW_DEFAULT
57.2982,-54.2199,18.4137,0.000,NORMAL,1,ROUTE,,,,,PREVIEW_DEFAULT
57.3981,-54.3168,18.4382,0.000,NORMAL,1,ROUTE,,,,,PREVIEW_DEFAULT
57.4981,-54.4138,18.4625,0.000,NORMAL,1,ROUTE,,,,,PREVIEW_DEFAULT
57.5981,-54.5108,18.4867,0.000,NORMAL,1,ROUTE,,,,,PREVIEW_DEFAULT
57.6981,-54.6079,18.5106,0.000,NORMAL,1,ROUTE,,,,,PREVIEW_DEFAULT
57.7982,-54.7051,18.5343,0.000,NORMAL,1,ROUTE,,,,,PREVIEW_DEFAULT
57.8981,-54.8023,18.5577,0.000,NORMAL,1,ROUTE,,,,,PREVIEW_DEFAULT
57.9982,-54.8996,18.5809,0.000,NORMAL,1,ROUTE,,,,,PREVIEW_DEFAULT
58.0981,-54.9969,18.6038,0.000,NORMAL,1,ROUTE,,,,,PREVIEW_DEFAULT
58.1982,-55.0943,18.6266,0.000,NORMAL,1,ROUTE,,,,,PREVIEW_DEFAULT
58.2982,-55.1917,18.6493,0.000,NORMAL,1,ROUTE,,,,,PREVIEW_DEFAULT
58.3981,-55.2891,18.6718,0.000,NORMAL,1,ROUTE,,,,,PREVIEW_DEFAULT
58.4981,-55.3865,18.6943,0.000,NORMAL,1,ROUTE,,,,,PREVIEW_DEFAULT
58.5981,-55.4839,18.7168,0.000,NORMAL,1,ROUTE,,,,,PREVIEW_DEFAULT
58.6981,-55.5814,18.7393,0.000,NORMAL,1,ROUTE,,,,,PREVIEW_DEFAULT
58.7981,-55.6788,18.7619,0.000,NORMAL,1,ROUTE,,,,,PREVIEW_DEFAULT
58.8981,-55.7762,18.7844,0.000,NORMAL,1,ROUTE,,,,,PREVIEW_DEFAULT
58.9981,-55.8737,18.8069,0.000,NORMAL,1,ROUTE,,,,,PREVIEW_DEFAULT
59.0981,-55.9711,18.8293,0.000,NORMAL,1,ROUTE,,,,,PREVIEW_DEFAULT
59.1981,-56.0686,18.8516,0.000,NORMAL,1,ROUTE,,,,,PREVIEW_DEFAULT
59.2981,-56.1661,18.8737,0.000,NORMAL,1,ROUTE,,,,,PREVIEW_DEFAULT
59.3981,-56.2637,18.8954,0.000,NORMAL,1,ROUTE,,,,,PREVIEW_DEFAULT
59.4981,-56.3614,18.9168,0.000,NORMAL,1,ROUTE,,,,,PREVIEW_DEFAULT
59.5980,-56.4592,18.9375,0.000,NORMAL,1,ROUTE,,,,,PREVIEW_DEFAULT
59.6981,-56.5572,18.9576,0.000,NORMAL,1,ROUTE,,,,,PREVIEW_DEFAULT
59.7981,-56.6553,18.9769,0.000,NORMAL,1,ROUTE,,,,,PREVIEW_DEFAULT
59.8980,-56.7536,18.9951,0.000,NORMAL,1,ROUTE,,,,,PREVIEW_DEFAULT
59.9981,-56.8522,19.0121,0.000,NORMAL,1,ROUTE,,,,,PREVIEW_DEFAULT
60.0981,-56.9510,19.0276,0.000,NORMAL,1,ROUTE,,,,,PREVIEW_DEFAULT
60.1981,-57.0500,19.0417,0.000,NORMAL,1,ROUTE,,,,,PREVIEW_DEFAULT
60.2980,-57.1492,19.0539,0.000,NORMAL,1,ROUTE,,,,,PREVIEW_DEFAULT
60.3981,-57.2487,19.0643,0.000,NORMAL,1,ROUTE,,,,,PREVIEW_DEFAULT
60.4980,-57.3483,19.0728,0.000,NORMAL,1,ROUTE,,,,,PREVIEW_DEFAULT
60.5981,-57.4481,19.0792,0.000,NORMAL,1,ROUTE,,,,,PREVIEW_DEFAULT
60.6980,-57.5480,19.0836,0.000,NORMAL,1,ROUTE,,,,,PREVIEW_DEFAULT
60.7981,-57.6480,19.0859,0.000,NORMAL,1,ROUTE,,,,,PREVIEW_DEFAULT
60.8981,-57.7480,19.0862,0.000,NORMAL,1,ROUTE,,,,,PREVIEW_DEFAULT
60.9980,-57.8479,19.0845,0.000,NORMAL,1,ROUTE,,,,,PREVIEW_DEFAULT
61.0981,-57.9479,19.0808,0.000,NORMAL,1,ROUTE,,,,,PREVIEW_DEFAULT
61.1980,-58.0477,19.0752,0.000,NORMAL,1,ROUTE,,,,,PREVIEW_DEFAULT
61.2980,-58.1474,19.0677,0.000,NORMAL,1,ROUTE,,,,,PREVIEW_DEFAULT
61.3980,-58.2470,19.0584,0.000,NORMAL,1,ROUTE,,,,,PREVIEW_DEFAULT
61.4980,-58.3464,19.0474,0.000,NORMAL,1,ROUTE,,,,,PREVIEW_DEFAULT
61.5980,-58.4456,19.0348,0.000,NORMAL,1,ROUTE,,,,,PREVIEW_DEFAULT
61.6980,-58.5446,19.0207,0.000,NORMAL,1,ROUTE,,,,,PREVIEW_DEFAULT
61.7979,-58.6433,19.0052,0.000,NORMAL,1,ROUTE,,,,,PREVIEW_DEFAULT
61.8980,-58.7419,18.9882,0.000,NORMAL,1,ROUTE,,,,,PREVIEW_DEFAULT
61.9980,-58.8402,18.9700,0.000,NORMAL,1,ROUTE,,,,,PREVIEW_DEFAULT
62.0980,-58.9383,18.9503,0.000,NORMAL,1,ROUTE,,,,,PREVIEW_DEFAULT
62.1979,-59.0360,18.9294,0.000,NORMAL,1,ROUTE,,,,,PREVIEW_DEFAULT
62.2979,-59.1335,18.9072,0.000,NORMAL,1,ROUTE,,,,,PREVIEW_DEFAULT
62.3979,-59.2307,18.8837,0.000,NORMAL,1,ROUTE,,,,,PREVIEW_DEFAULT
62.4980,-59.3276,18.8589,0.000,NORMAL,1,ROUTE,,,,,PREVIEW_DEFAULT
62.5979,-59.4241,18.8327,0.000,NORMAL,1,ROUTE,,,,,PREVIEW_DEFAULT
62.6979,-59.5202,18.8051,0.000,NORMAL,1,ROUTE,,,,,PREVIEW_DEFAULT
62.7980,-59.6159,18.7760,0.000,NORMAL,1,ROUTE,,,,,PREVIEW_DEFAULT
62.8980,-59.7111,18.7453,0.000,NORMAL,1,ROUTE,,,,,PREVIEW_DEFAULT
62.9980,-59.8057,18.7130,0.000,NORMAL,1,ROUTE,,,,,PREVIEW_DEFAULT
63.0979,-59.8997,18.6789,0.000,NORMAL,1,ROUTE,,,,,PREVIEW_DEFAULT
63.1979,-59.9930,18.6429,0.000,NORMAL,1,ROUTE,,,,,PREVIEW_DEFAULT
63.2979,-60.0855,18.6050,0.000,NORMAL,1,ROUTE,,,,,PREVIEW_DEFAULT
63.3979,-60.1772,18.5651,0.000,NORMAL,1,ROUTE,,,,,PREVIEW_DEFAULT
63.4979,-60.2679,18.5230,0.000,NORMAL,1,ROUTE,,,,,PREVIEW_DEFAULT
63.5979,-60.3576,18.4789,0.000,NORMAL,1,ROUTE,,,,,PREVIEW_DEFAULT
63.6979,-60.4463,18.4326,0.000,NORMAL,1,ROUTE,,,,,PREVIEW_DEFAULT
63.7979,-60.5338,18.3842,0.000,NORMAL,1,ROUTE,,,,,PREVIEW_DEFAULT
63.8979,-60.6202,18.3339,0.000,NORMAL,1,ROUTE,,,,,PREVIEW_DEFAULT
63.9979,-60.7055,18.2817,0.000,NORMAL,1,ROUTE,,,,,PREVIEW_DEFAULT
64.0979,-60.7898,18.2279,0.000,NORMAL,1,ROUTE,,,,,PREVIEW_DEFAULT
64.1979,-60.8732,18.1727,0.000,NORMAL,1,ROUTE,,,,,PREVIEW_DEFAULT
64.2979,-60.9557,18.1163,0.000,NORMAL,1,ROUTE,,,,,PREVIEW_DEFAULT
64.3979,-61.0375,18.0587,0.000,NORMAL,1,ROUTE,,,,,PREVIEW_DEFAULT
64.4978,-61.1185,18.0002,0.000,NORMAL,1,ROUTE,,,,,PREVIEW_DEFAULT
64.5979,-61.1990,17.9408,0.000,NORMAL,1,ROUTE,,,,,PREVIEW_DEFAULT
64.6979,-61.2789,17.8806,0.000,NORMAL,1,ROUTE,,,,,PREVIEW_DEFAULT
64.7978,-61.3582,17.8198,0.000,NORMAL,1,ROUTE,,,,,PREVIEW_DEFAULT
64.8979,-61.4371,17.7583,0.000,NORMAL,1,ROUTE,,,,,PREVIEW_DEFAULT
64.9979,-61.5155,17.6962,0.000,NORMAL,1,ROUTE,,,,,PREVIEW_DEFAULT
65.0979,-61.5933,17.6334,0.000,NORMAL,1,ROUTE,,,,,PREVIEW_DEFAULT
65.1978,-61.6707,17.5701,0.000,NORMAL,1,ROUTE,,,,,PREVIEW_DEFAULT
65.2979,-61.7475,17.5060,0.000,NORMAL,1,ROUTE,,,,,PREVIEW_DEFAULT
65.3978,-61.8237,17.4413,0.000,NORMAL,1,ROUTE,,,,,PREVIEW_DEFAULT
65.4978,-61.8993,17.3759,0.000,NORMAL,1,ROUTE,,,,,PREVIEW_DEFAULT
65.5978,-61.9743,17.3098,0.000,NORMAL,1,ROUTE,,,,,PREVIEW_DEFAULT
65.6978,-62.0486,17.2428,0.000,NORMAL,1,ROUTE,,,,,PREVIEW_DEFAULT
65.7978,-62.1222,17.1751,0.000,NORMAL,1,ROUTE,,,,,PREVIEW_DEFAULT
65.8979,-62.1950,17.1065,0.000,NORMAL,1,ROUTE,,,,,PREVIEW_DEFAULT
65.9979,-62.2669,17.0370,0.000,NORMAL,1,ROUTE,,,,,PREVIEW_DEFAULT
66.0978,-62.3379,16.9666,0.000,NORMAL,1,ROUTE,,,,,PREVIEW_DEFAULT
66.1978,-62.4079,16.8952,0.000,NORMAL,1,ROUTE,,,,,PREVIEW_DEFAULT
66.2978,-62.4769,16.8228,0.000,NORMAL,1,ROUTE,,,,,PREVIEW_DEFAULT
66.3978,-62.5448,16.7494,0.000,NORMAL,1,ROUTE,,,,,PREVIEW_DEFAULT
66.4978,-62.6116,16.6750,0.000,NORMAL,1,ROUTE,,,,,PREVIEW_DEFAULT
66.5978,-62.6772,16.5996,0.000,NORMAL,1,ROUTE,,,,,PREVIEW_DEFAULT
66.6978,-62.7416,16.5231,0.000,NORMAL,1,ROUTE,,,,,PREVIEW_DEFAULT
66.7978,-62.8048,16.4455,0.000,NORMAL,1,ROUTE,,,,,PREVIEW_DEFAULT
66.8978,-62.8666,16.3669,0.000,NORMAL,1,ROUTE,,,,,PREVIEW_DEFAULT
66.9978,-62.9271,16.2873,0.000,NORMAL,1,ROUTE,,,,,PREVIEW_DEFAULT
67.0978,-62.9862,16.2066,0.000,NORMAL,1,ROUTE,,,,,PREVIEW_DEFAULT
67.1978,-63.0439,16.1250,0.000,NORMAL,1,ROUTE,,,,,PREVIEW_DEFAULT
67.2977,-63.1002,16.0424,0.000,NORMAL,1,ROUTE,,,,,PREVIEW_DEFAULT
67.3978,-63.1552,15.9588,0.000,NORMAL,1,ROUTE,,,,,PREVIEW_DEFAULT
67.4978,-63.2089,15.8745,0.000,NORMAL,1,ROUTE,,,,,PREVIEW_DEFAULT
67.5977,-63.2614,15.7894,0.000,NORMAL,1,ROUTE,,,,,PREVIEW_DEFAULT
67.6977,-63.3126,15.7035,0.000,NORMAL,1,ROUTE,,,,,PREVIEW_DEFAULT
67.7978,-63.3628,15.6170,0.000,NORMAL,1,ROUTE,,,,,PREVIEW_DEFAULT
67.8977,-63.4118,15.5299,0.000,NORMAL,1,ROUTE,,,,,PREVIEW_DEFAULT
67.9978,-63.4600,15.4422,0.000,NORMAL,1,ROUTE,,,,,PREVIEW_DEFAULT
68.0977,-63.5074,15.3542,0.000,NORMAL,1,ROUTE,,,,,PREVIEW_DEFAULT
68.1977,-63.5542,15.2658,0.000,NORMAL,1,ROUTE,,,,,PREVIEW_DEFAULT
68.2978,-63.6006,15.1772,0.000,NORMAL,1,ROUTE,,,,,PREVIEW_DEFAULT
68.3978,-63.6466,15.0884,0.000,NORMAL,1,ROUTE,,,,,PREVIEW_DEFAULT
68.4977,-63.6925,14.9996,0.000,NORMAL,1,ROUTE,,,,,PREVIEW_DEFAULT
68.5977,-63.7384,14.9108,0.000,NORMAL,1,ROUTE,,,,,PREVIEW_DEFAULT
68.6977,-63.7844,14.8220,0.000,NORMAL,1,ROUTE,,,,,PREVIEW_DEFAULT
68.7977,-63.8305,14.7333,0.000,NORMAL,1,ROUTE,,,,,PREVIEW_DEFAULT
68.8977,-63.8769,14.6447,0.000,NORMAL,1,ROUTE,,,,,PREVIEW_DEFAULT
68.9977,-63.9235,14.5562,0.000,NORMAL,1,ROUTE,,,,,PREVIEW_DEFAULT
69.0978,-63.9704,14.4678,0.000,NORMAL,1,ROUTE,,,,,PREVIEW_DEFAULT
69.1977,-64.0174,14.3796,0.000,NORMAL,1,ROUTE,,,,,PREVIEW_DEFAULT
69.2977,-64.0647,14.2915,0.000,NORMAL,1,ROUTE,,,,,PREVIEW_DEFAULT
69.3977,-64.1122,14.2035,0.000,NORMAL,1,ROUTE,,,,,PREVIEW_DEFAULT
69.4977,-64.1599,14.1156,0.000,NORMAL,1,ROUTE,,,,,PREVIEW_DEFAULT
69.5977,-64.2078,14.0278,0.000,NORMAL,1,ROUTE,,,,,PREVIEW_DEFAULT
69.6977,-64.2558,13.9401,0.000,NORMAL,1,ROUTE,,,,,PREVIEW_DEFAULT
69.7977,-64.3040,13.8525,0.000,NORMAL,1,ROUTE,,,,,PREVIEW_DEFAULT
69.8977,-64.3523,13.7649,0.000,NORMAL,1,ROUTE,,,,,PREVIEW_DEFAULT
69.9976,-64.4007,13.6775,0.000,NORMAL,1,ROUTE,,,,,PREVIEW_DEFAULT
70.0977,-64.4493,13.5900,0.000,NORMAL,1,ROUTE,,,,,PREVIEW_DEFAULT
70.1976,-64.4979,13.5027,0.000,NORMAL,1,ROUTE,,,,,PREVIEW_DEFAULT
70.2977,-64.5466,13.4153,0.000,NORMAL,1,ROUTE,,,,,PREVIEW_DEFAULT
70.3977,-64.5952,13.3279,0.000,NORMAL,1,ROUTE,,,,,PREVIEW_DEFAULT
70.4977,-64.6438,13.2405,0.000,NORMAL,1,ROUTE,,,,,PREVIEW_DEFAULT
70.5976,-64.6921,13.1530,0.000,NORMAL,1,ROUTE,,,,,PREVIEW_DEFAULT
70.6977,-64.7402,13.0653,0.000,NORMAL,1,ROUTE,,,,,PREVIEW_DEFAULT
70.7976,-64.7880,12.9775,0.000,NORMAL,1,ROUTE,,,,,PREVIEW_DEFAULT
70.8977,-64.8352,12.8893,0.000,NORMAL,1,ROUTE,,,,,PREVIEW_DEFAULT
70.9977,-64.8820,12.8009,0.000,NORMAL,1,ROUTE,,,,,PREVIEW_DEFAULT
71.0977,-64.9281,12.7122,0.000,NORMAL,1,ROUTE,,,,,PREVIEW_DEFAULT
71.1976,-64.9736,12.6232,0.000,NORMAL,1,ROUTE,,,,,PREVIEW_DEFAULT
71.2976,-65.0184,12.5338,0.000,NORMAL,1,ROUTE,,,,,PREVIEW_DEFAULT
71.3976,-65.0626,12.4441,0.000,NORMAL,1,ROUTE,,,,,PREVIEW_DEFAULT
71.4976,-65.1064,12.3542,0.000,NORMAL,1,ROUTE,,,,,PREVIEW_DEFAULT
71.5976,-65.1498,12.2641,0.000,NORMAL,1,ROUTE,,,,,PREVIEW_DEFAULT
71.6976,-65.1931,12.1740,0.000,NORMAL,1,ROUTE,,,,,PREVIEW_DEFAULT
71.7976,-65.2363,12.0838,0.000,NORMAL,1,ROUTE,,,,,PREVIEW_DEFAULT
71.8977,-65.2798,11.9937,0.000,NORMAL,1,ROUTE,,,,,PREVIEW_DEFAULT
71.9977,-65.3236,11.9038,0.000,NORMAL,1,ROUTE,,,,,PREVIEW_DEFAULT
72.0977,-65.3678,11.8141,0.000,NORMAL,1,ROUTE,,,,,PREVIEW_DEFAULT
72.1976,-65.4126,11.7247,0.000,NORMAL,1,ROUTE,,,,,PREVIEW_DEFAULT
72.2976,-65.4580,11.6356,0.000,NORMAL,1,ROUTE,,,,,PREVIEW_DEFAULT
72.3976,-65.5039,11.5468,0.000,NORMAL,1,ROUTE,,,,,PREVIEW_DEFAULT
72.4976,-65.5504,11.4583,0.000,NORMAL,1,ROUTE,,,,,PREVIEW_DEFAULT
72.5976,-65.5974,11.3700,0.000,NORMAL,1,ROUTE,,,,,PREVIEW_DEFAULT
72.6976,-65.6448,11.2820,0.000,NORMAL,1,ROUTE,,,,,PREVIEW_DEFAULT
72.7976,-65.6925,11.1941,0.000,NORMAL,1,ROUTE,,,,,PREVIEW_DEFAULT
72.8976,-65.7405,11.1063,0.000,NORMAL,1,ROUTE,,,,,PREVIEW_DEFAULT
72.9976,-65.7884,11.0186,0.000,NORMAL,1,ROUTE,,,,,PREVIEW_DEFAULT
73.0975,-65.8362,10.9308,0.000,NORMAL,1,ROUTE,,,,,PREVIEW_DEFAULT
73.1976,-65.8838,10.8428,0.000,NORMAL,1,ROUTE,,,,,PREVIEW_DEFAULT
73.2975,-65.9310,10.7547,0.000,NORMAL,1,ROUTE,,,,,PREVIEW_DEFAULT
73.3976,-65.9777,10.6662,0.000,NORMAL,1,ROUTE,,,,,PREVIEW_DEFAULT
73.4976,-66.0238,10.5775,0.000,NORMAL,1,ROUTE,,,,,PREVIEW_DEFAULT
73.5976,-66.0694,10.4885,0.000,NORMAL,1,ROUTE,,,,,PREVIEW_DEFAULT
73.6976,-66.1144,10.3992,0.000,NORMAL,1,ROUTE,,,,,PREVIEW_DEFAULT
73.7976,-66.1590,10.3097,0.000,NORMAL,1,ROUTE,,,,,PREVIEW_DEFAULT
73.8976,-66.2030,10.2199,0.000,NORMAL,1,ROUTE,,,,,PREVIEW_DEFAULT
73.9975,-66.2467,10.1300,0.000,NORMAL,1,ROUTE,,,,,PREVIEW_DEFAULT
74.0976,-66.2902,10.0399,0.000,NORMAL,1,ROUTE,,,,,PREVIEW_DEFAULT
74.1975,-66.3333,9.9497,0.000,NORMAL,1,ROUTE,,,,,PREVIEW_DEFAULT
74.2976,-66.3764,9.8594,0.000,NORMAL,1,ROUTE,,,,,PREVIEW_DEFAULT
74.3976,-66.4193,9.7691,0.000,NORMAL,1,ROUTE,,,,,PREVIEW_DEFAULT
74.4975,-66.4622,9.6788,0.000,NORMAL,1,ROUTE,,,,,PREVIEW_DEFAULT
74.5976,-66.5050,9.5884,0.000,NORMAL,1,ROUTE,,,,,PREVIEW_DEFAULT
74.6975,-66.5477,9.4980,0.000,NORMAL,1,ROUTE,,,,,PREVIEW_DEFAULT
74.7975,-66.5904,9.4076,0.000,NORMAL,1,ROUTE,,,,,PREVIEW_DEFAULT
74.8975,-66.6330,9.3171,0.000,NORMAL,1,ROUTE,,,,,PREVIEW_DEFAULT
74.9975,-66.6753,9.2265,0.000,NORMAL,1,ROUTE,,,,,PREVIEW_DEFAULT
75.0976,-66.7175,9.1358,0.000,NORMAL,1,ROUTE,,,,,PREVIEW_DEFAULT
75.1975,-66.7592,9.0450,0.000,NORMAL,1,ROUTE,,,,,PREVIEW_DEFAULT
75.2975,-66.8006,8.9539,0.000,NORMAL,1,ROUTE,,,,,PREVIEW_DEFAULT
75.3975,-66.8414,8.8627,0.000,NORMAL,1,ROUTE,,,,,PREVIEW_DEFAULT
75.4975,-66.8817,8.7711,0.000,NORMAL,1,ROUTE,,,,,PREVIEW_DEFAULT
75.5975,-66.9212,8.6793,0.000,NORMAL,1,ROUTE,,,,,PREVIEW_DEFAULT
75.6975,-66.9600,8.5871,0.000,NORMAL,1,ROUTE,,,,,PREVIEW_DEFAULT
75.7975,-66.9979,8.4946,0.000,NORMAL,1,ROUTE,,,,,PREVIEW_DEFAULT
75.8975,-67.0348,8.4016,0.000,NORMAL,1,ROUTE,,,,,PREVIEW_DEFAULT
75.9974,-67.0706,8.3083,0.000,NORMAL,1,ROUTE,,,,,PREVIEW_DEFAULT
76.0975,-67.1054,8.2145,0.000,NORMAL,1,ROUTE,,,,,PREVIEW_DEFAULT
76.1975,-67.1389,8.1203,0.000,NORMAL,1,ROUTE,,,,,PREVIEW_DEFAULT
76.2975,-67.1712,8.0256,0.000,NORMAL,1,ROUTE,,,,,PREVIEW_DEFAULT
76.3975,-67.2022,7.9306,0.000,NORMAL,1,ROUTE,,,,,PREVIEW_DEFAULT
76.4974,-67.2320,7.8352,0.000,NORMAL,1,ROUTE,,,,,PREVIEW_DEFAULT
76.5974,-67.2608,7.7394,0.000,NORMAL,1,ROUTE,,,,,PREVIEW_DEFAULT
76.6975,-67.2885,7.6433,0.000,NORMAL,1,ROUTE,,,,,PREVIEW_DEFAULT
76.7974,-67.3153,7.5470,0.000,NORMAL,1,ROUTE,,,,,PREVIEW_DEFAULT
76.8974,-67.3412,7.4504,0.000,NORMAL,1,ROUTE,,,,,PREVIEW_DEFAULT
76.9975,-67.3665,7.3536,0.000,NORMAL,1,ROUTE,,,,,PREVIEW_DEFAULT
77.0975,-67.3911,7.2567,0.000,NORMAL,1,ROUTE,,,,,PREVIEW_DEFAULT
77.1975,-67.4151,7.1596,0.000,NORMAL,1,ROUTE,,,,,PREVIEW_DEFAULT
77.2975,-67.4386,7.0624,0.000,NORMAL,1,ROUTE,,,,,PREVIEW_DEFAULT
77.3975,-67.4616,6.9651,0.000,NORMAL,1,ROUTE,,,,,PREVIEW_DEFAULT
77.4974,-67.4841,6.8677,0.000,NORMAL,1,ROUTE,,,,,PREVIEW_DEFAULT
77.5975,-67.5061,6.7701,0.000,NORMAL,1,ROUTE,,,,,PREVIEW_DEFAULT
77.6974,-67.5276,6.6725,0.000,NORMAL,1,ROUTE,,,,,PREVIEW_DEFAULT
77.7974,-67.5485,6.5747,0.000,NORMAL,1,ROUTE,,,,,PREVIEW_DEFAULT
77.8974,-67.5688,6.4768,0.000,NORMAL,1,ROUTE,,,,,PREVIEW_DEFAULT
77.9974,-67.5883,6.3787,0.000,NORMAL,1,ROUTE,,,,,PREVIEW_DEFAULT
78.0974,-67.6069,6.2805,0.000,NORMAL,1,ROUTE,,,,,PREVIEW_DEFAULT
78.1974,-67.6246,6.1820,0.000,NORMAL,1,ROUTE,,,,,PREVIEW_DEFAULT
78.2974,-67.6411,6.0834,0.000,NORMAL,1,ROUTE,,,,,PREVIEW_DEFAULT
78.3974,-67.6563,5.9846,0.000,NORMAL,1,ROUTE,,,,,PREVIEW_DEFAULT
78.4974,-67.6702,5.8855,0.000,NORMAL,1,ROUTE,,,,,PREVIEW_DEFAULT
78.5974,-67.6825,5.7863,0.000,NORMAL,1,ROUTE,,,,,PREVIEW_DEFAULT
78.6974,-67.6932,5.6869,0.000,NORMAL,1,ROUTE,,,,,PREVIEW_DEFAULT
78.7974,-67.7023,5.5873,0.000,NORMAL,1,ROUTE,,,,,PREVIEW_DEFAULT
78.8974,-67.7097,5.4876,0.000,NORMAL,1,ROUTE,,,,,PREVIEW_DEFAULT
78.9973,-67.7156,5.3878,0.000,NORMAL,1,ROUTE,,,,,PREVIEW_DEFAULT
79.0973,-67.7200,5.2879,0.000,NORMAL,1,ROUTE,,,,,PREVIEW_DEFAULT
79.1974,-67.7230,5.1879,0.000,NORMAL,1,ROUTE,,,,,PREVIEW_DEFAULT
79.2974,-67.7248,5.0879,0.000,NORMAL,1,ROUTE,,,,,PREVIEW_DEFAULT
79.3974,-67.7254,4.9879,0.000,NORMAL,1,ROUTE,,,,,PREVIEW_DEFAULT
79.4974,-67.7250,4.8879,0.000,NORMAL,1,ROUTE,,,,,PREVIEW_DEFAULT
79.5973,-67.7237,4.7880,0.000,NORMAL,1,ROUTE,,,,,PREVIEW_DEFAULT
79.6973,-67.7215,4.6880,0.000,NORMAL,1,ROUTE,,,,,PREVIEW_DEFAULT
79.7974,-67.7186,4.5880,0.000,NORMAL,1,ROUTE,,,,,PREVIEW_DEFAULT
79.8973,-67.7150,4.4881,0.000,NORMAL,1,ROUTE,,,,,PREVIEW_DEFAULT
79.9973,-67.7108,4.3882,0.000,NORMAL,1,ROUTE,,,,,PREVIEW_DEFAULT
80.0973,-67.7061,4.2883,0.000,NORMAL,1,ROUTE,,,,,PREVIEW_DEFAULT
80.1974,-67.7009,4.1884,0.000,NORMAL,1,ROUTE,,,,,PREVIEW_DEFAULT
80.2973,-67.6952,4.0886,0.000,NORMAL,1,ROUTE,,,,,PREVIEW_DEFAULT
80.3973,-67.6890,3.9888,0.000,NORMAL,1,ROUTE,,,,,PREVIEW_DEFAULT
80.4974,-67.6824,3.8890,0.000,NORMAL,1,ROUTE,,,,,PREVIEW_DEFAULT
80.5973,-67.6753,3.7893,0.000,NORMAL,1,ROUTE,,,,,PREVIEW_DEFAULT
80.6973,-67.6676,3.6896,0.000,NORMAL,1,ROUTE,,,,,PREVIEW_DEFAULT
80.7974,-67.6592,3.5899,0.000,NORMAL,1,ROUTE,,,,,PREVIEW_DEFAULT
80.8974,-67.6502,3.4903,0.000,NORMAL,1,ROUTE,,,,,PREVIEW_DEFAULT
80.9973,-67.6404,3.3908,0.000,NORMAL,1,ROUTE,,,,,PREVIEW_DEFAULT
81.0973,-67.6297,3.2914,0.000,NORMAL,1,ROUTE,,,,,PREVIEW_DEFAULT
81.1973,-67.6180,3.1921,0.000,NORMAL,1,ROUTE,,,,,PREVIEW_DEFAULT
81.2973,-67.6052,3.0929,0.000,NORMAL,1,ROUTE,,,,,PREVIEW_DEFAULT
81.3973,-67.5911,2.9939,0.000,NORMAL,1,ROUTE,,,,,PREVIEW_DEFAULT
81.4972,-67.5756,2.8952,0.000,NORMAL,1,ROUTE,,,,,PREVIEW_DEFAULT
81.5973,-67.5585,2.7966,0.000,NORMAL,1,ROUTE,,,,,PREVIEW_DEFAULT
81.6973,-67.5398,2.6984,0.000,NORMAL,1,ROUTE,,,,,PREVIEW_DEFAULT
81.7973,-67.5195,2.6005,0.000,NORMAL,1,ROUTE,,,,,PREVIEW_DEFAULT
81.8972,-67.4974,2.5030,0.000,NORMAL,1,ROUTE,,,,,PREVIEW_DEFAULT
81.9973,-67.4736,2.4058,0.000,NORMAL,1,ROUTE,,,,,PREVIEW_DEFAULT
82.0973,-67.4479,2.3092,0.000,NORMAL,1,ROUTE,,,,,PREVIEW_DEFAULT
82.1973,-67.4205,2.2130,0.000,NORMAL,1,ROUTE,,,,,PREVIEW_DEFAULT
82.2973,-67.3912,2.1174,0.000,NORMAL,1,ROUTE,,,,,PREVIEW_DEFAULT
82.3973,-67.3600,2.0224,0.000,NORMAL,1,ROUTE,,,,,PREVIEW_DEFAULT
82.4973,-67.3269,1.9280,0.000,NORMAL,1,ROUTE,,,,,PREVIEW_DEFAULT
82.5973,-67.2920,1.8343,0.000,NORMAL,1,ROUTE,,,,,PREVIEW_DEFAULT
82.6973,-67.2553,1.7413,0.000,NORMAL,1,ROUTE,,,,,PREVIEW_DEFAULT
82.7973,-67.2168,1.6490,0.000,NORMAL,1,ROUTE,,,,,PREVIEW_DEFAULT
82.8972,-67.1766,1.5575,0.000,NORMAL,1,ROUTE,,,,,PREVIEW_DEFAULT
82.9973,-67.1346,1.4667,0.000,NORMAL,1,ROUTE,,,,,PREVIEW_DEFAULT
83.0972,-67.0911,1.3767,0.000,NORMAL,1,ROUTE,,,,,PREVIEW_DEFAULT
83.1972,-67.0459,1.2875,0.000,NORMAL,1,ROUTE,,,,,PREVIEW_DEFAULT
83.2972,-66.9992,1.1991,0.000,NORMAL,1,ROUTE,,,,,PREVIEW_DEFAULT
83.3972,-66.9510,1.1115,0.000,NORMAL,1,ROUTE,,,,,PREVIEW_DEFAULT
83.4972,-66.9013,1.0247,0.000,NORMAL,1,ROUTE,,,,,PREVIEW_DEFAULT
83.5972,-66.8503,0.9387,0.000,NORMAL,1,ROUTE,,,,,PREVIEW_DEFAULT
83.6972,-66.7979,0.8535,0.000,NORMAL,1,ROUTE,,,,,PREVIEW_DEFAULT
83.7971,-66.7444,0.7691,0.000,NORMAL,1,ROUTE,,,,,PREVIEW_DEFAULT
83.8972,-66.6897,0.6853,0.000,NORMAL,1,ROUTE,,,,,PREVIEW_DEFAULT
83.9972,-66.6339,0.6023,0.000,NORMAL,1,ROUTE,,,,,PREVIEW_DEFAULT
84.0972,-66.5772,0.5200,0.000,NORMAL,1,ROUTE,,,,,PREVIEW_DEFAULT
84.1971,-66.5196,0.4383,0.000,NORMAL,1,ROUTE,,,,,PREVIEW_DEFAULT
84.2972,-66.4611,0.3571,0.000,NORMAL,1,ROUTE,,,,,PREVIEW_DEFAULT
84.3972,-66.4019,0.2765,0.000,NORMAL,1,ROUTE,,,,,PREVIEW_DEFAULT
84.4972,-66.3421,0.1964,0.000,NORMAL,1,ROUTE,,,,,PREVIEW_DEFAULT
84.5971,-66.2819,0.1166,0.000,NORMAL,1,ROUTE,,,,,PREVIEW_DEFAULT
84.6972,-66.2212,0.0371,0.000,NORMAL,1,ROUTE,,,,,PREVIEW_DEFAULT
84.7971,-66.1603,-0.0422,0.000,NORMAL,1,ROUTE,,,,,PREVIEW_DEFAULT
84.8971,-66.0993,-0.1214,0.000,NORMAL,1,ROUTE,,,,,PREVIEW_DEFAULT
84.9971,-66.0381,-0.2005,0.000,NORMAL,1,ROUTE,,,,,PREVIEW_DEFAULT
85.0971,-65.9768,-0.2795,0.000,NORMAL,1,ROUTE,,,,,PREVIEW_DEFAULT
85.1971,-65.9155,-0.3585,0.000,NORMAL,1,ROUTE,,,,,PREVIEW_DEFAULT
85.2971,-65.8541,-0.4374,0.000,NORMAL,1,ROUTE,,,,,PREVIEW_DEFAULT
85.3972,-65.7925,-0.5163,0.000,NORMAL,1,ROUTE,,,,,PREVIEW_DEFAULT
85.4972,-65.7307,-0.5949,0.000,NORMAL,1,ROUTE,,,,,PREVIEW_DEFAULT
85.5972,-65.6686,-0.6733,0.000,NORMAL,1,ROUTE,,,,,PREVIEW_DEFAULT
85.6971,-65.6061,-0.7513,0.000,NORMAL,1,ROUTE,,,,,PREVIEW_DEFAULT
85.7971,-65.5431,-0.8289,0.000,NORMAL,1,ROUTE,,,,,PREVIEW_DEFAULT
85.8971,-65.4794,-0.9060,0.000,NORMAL,1,ROUTE,,,,,PREVIEW_DEFAULT
85.9972,-65.4149,-0.9825,0.000,NORMAL,1,ROUTE,,,,,PREVIEW_DEFAULT
86.0971,-65.3497,-1.0583,0.000,NORMAL,1,ROUTE,,,,,PREVIEW_DEFAULT
86.1971,-65.2837,-1.1334,0.000,NORMAL,1,ROUTE,,,,,PREVIEW_DEFAULT
86.2971,-65.2169,-1.2078,0.000,NORMAL,1,ROUTE,,,,,PREVIEW_DEFAULT
86.3971,-65.1494,-1.2816,0.000,NORMAL,1,ROUTE,,,,,PREVIEW_DEFAULT
86.4971,-65.0811,-1.3546,0.000,NORMAL,1,ROUTE,,,,,PREVIEW_DEFAULT
86.5970,-65.0123,-1.4271,0.000,NORMAL,1,ROUTE,,,,,PREVIEW_DEFAULT
86.6970,-64.9428,-1.4990,0.000,NORMAL,1,ROUTE,,,,,PREVIEW_DEFAULT
86.7971,-64.8728,-1.5705,0.000,NORMAL,1,ROUTE,,,,,PREVIEW_DEFAULT
86.8971,-64.8024,-1.6415,0.000,NORMAL,1,ROUTE,,,,,PREVIEW_DEFAULT
86.9971,-64.7316,-1.7121,0.000,NORMAL,1,ROUTE,,,,,PREVIEW_DEFAULT
87.0971,-64.6604,-1.7823,0.000,NORMAL,1,ROUTE,,,,,PREVIEW_DEFAULT
87.1971,-64.5890,-1.8523,0.000,NORMAL,1,ROUTE,,,,,PREVIEW_DEFAULT
87.2970,-64.5174,-1.9221,0.000,NORMAL,1,ROUTE,,,,,PREVIEW_DEFAULT
87.3971,-64.4455,-1.9917,0.000,NORMAL,1,ROUTE,,,,,PREVIEW_DEFAULT
87.4970,-64.3736,-2.0611,0.000,NORMAL,1,ROUTE,,,,,PREVIEW_DEFAULT
87.5971,-64.3015,-2.1304,0.000,NORMAL,1,ROUTE,,,,,PREVIEW_DEFAULT
87.6971,-64.2293,-2.1996,0.000,NORMAL,1,ROUTE,,,,,PREVIEW_DEFAULT
87.7971,-64.1570,-2.2687,0.000,NORMAL,1,ROUTE,,,,,PREVIEW_DEFAULT
87.8971,-64.0847,-2.3378,0.000,NORMAL,1,ROUTE,,,,,PREVIEW_DEFAULT
87.9970,-64.0123,-2.4067,0.000,NORMAL,1,ROUTE,,,,,PREVIEW_DEFAULT
88.0970,-63.9398,-2.4756,0.000,NORMAL,1,ROUTE,,,,,PREVIEW_DEFAULT
88.1970,-63.8673,-2.5444,0.000,NORMAL,1,ROUTE,,,,,PREVIEW_DEFAULT
88.2970,-63.7946,-2.6131,0.000,NORMAL,1,ROUTE,,,,,PREVIEW_DEFAULT
88.3970,-63.7218,-2.6817,0.000,NORMAL,1,ROUTE,,,,,PREVIEW_DEFAULT
88.4971,-63.6489,-2.7502,0.000,NORMAL,1,ROUTE,,,,,PREVIEW_DEFAULT
88.5970,-63.5759,-2.8185,0.000,NORMAL,1,ROUTE,,,,,PREVIEW_DEFAULT
88.5999,-63.5738,-2.8204,0.000,NORMAL,1,BEND,BEND_START,ENTER_ZONE,,,PREVIEW_DEFAULT
88.6970,-63.5026,-2.8865,0.000,NORMAL,1,BEND,,,,,PREVIEW_DEFAULT
88.7970,-63.4292,-2.9544,0.000,NORMAL,1,BEND,,,,,PREVIEW_DEFAULT
88.8970,-63.3556,-3.0221,0.000,NORMAL,1,BEND,,,,,PREVIEW_DEFAULT
88.9970,-63.2817,-3.0894,0.000,NORMAL,1,BEND,,,,,PREVIEW_DEFAULT
89.0970,-63.2075,-3.1565,0.000,NORMAL,1,BEND,,,,,PREVIEW_DEFAULT
89.1970,-63.1330,-3.2232,0.000,NORMAL,1,BEND,,,,,PREVIEW_DEFAULT
89.2970,-63.0582,-3.2896,0.000,NORMAL,1,BEND,,,,,PREVIEW_DEFAULT
89.3970,-62.9830,-3.3555,0.000,NORMAL,1,BEND,,,,,PREVIEW_DEFAULT
89.4970,-62.9074,-3.4209,0.000,NORMAL,1,BEND,,,,,PREVIEW_DEFAULT
89.5970,-62.8313,-3.4858,0.000,NORMAL,1,BEND,,,,,PREVIEW_DEFAULT
89.6970,-62.7547,-3.5501,0.000,NORMAL,1,BEND,,,,,PREVIEW_DEFAULT
89.7970,-62.6776,-3.6138,0.000,NORMAL,1,BEND,,,,,PREVIEW_DEFAULT
89.8970,-62.5999,-3.6767,0.000,NORMAL,1,BEND,,,,,PREVIEW_DEFAULT
89.9970,-62.5216,-3.7389,0.000,NORMAL,1,BEND,,,,,PREVIEW_DEFAULT
90.0970,-62.4426,-3.8002,0.000,NORMAL,1,BEND,,,,,PREVIEW_DEFAULT
90.1970,-62.3629,-3.8606,0.000,NORMAL,1,BEND,,,,,PREVIEW_DEFAULT
90.2970,-62.2824,-3.9200,0.000,NORMAL,1,BEND,,,,,PREVIEW_DEFAULT
90.3969,-62.2012,-3.9782,0.000,NORMAL,1,BEND,,,,,PREVIEW_DEFAULT
90.4969,-62.1191,-4.0353,0.000,NORMAL,1,BEND,,,,,PREVIEW_DEFAULT
90.5970,-62.0361,-4.0912,0.000,NORMAL,1,BEND,,,,,PREVIEW_DEFAULT
90.6970,-61.9523,-4.1457,0.000,NORMAL,1,BEND,,,,,PREVIEW_DEFAULT
90.7970,-61.8676,-4.1989,0.000,NORMAL,1,BEND,,,,,PREVIEW_DEFAULT
90.8969,-61.7821,-4.2506,0.000,NORMAL,1,BEND,,,,,PREVIEW_DEFAULT
90.9970,-61.6956,-4.3009,0.000,NORMAL,1,BEND,,,,,PREVIEW_DEFAULT
91.0970,-61.6084,-4.3499,0.000,NORMAL,1,BEND,,,,,PREVIEW_DEFAULT
91.1969,-61.5205,-4.3974,0.000,NORMAL,1,BEND,,,,,PREVIEW_DEFAULT
91.2969,-61.4319,-4.4438,0.000,NORMAL,1,BEND,,,,,PREVIEW_DEFAULT
91.3969,-61.3427,-4.4890,0.000,NORMAL,1,BEND,,,,,PREVIEW_DEFAULT
91.4969,-61.2531,-4.5333,0.000,NORMAL,1,BEND,,,,,PREVIEW_DEFAULT
91.5969,-61.1631,-4.5769,0.000,NORMAL,1,BEND,,,,,PREVIEW_DEFAULT
91.6969,-61.0728,-4.6200,0.000,NORMAL,1,BEND,,,,,PREVIEW_DEFAULT
91.7969,-60.9824,-4.6627,0.000,NORMAL,1,BEND,,,,,PREVIEW_DEFAULT
91.8968,-60.8919,-4.7051,0.000,NORMAL,1,BEND,,,,,PREVIEW_DEFAULT
91.9969,-60.8013,-4.7475,0.000,NORMAL,1,BEND,,,,,PREVIEW_DEFAULT
92.0969,-60.7107,-4.7898,0.000,NORMAL,1,BEND,,,,,PREVIEW_DEFAULT
92.1969,-60.6201,-4.8322,0.000,NORMAL,1,BEND,,,,,PREVIEW_DEFAULT
92.2969,-60.5296,-4.8747,0.000,NORMAL,1,BEND,,,,,PREVIEW_DEFAULT
92.3969,-60.4391,-4.9172,0.000,NORMAL,1,BEND,,,,,PREVIEW_DEFAULT
92.4969,-60.3486,-4.9599,0.000,NORMAL,1,BEND,,,,,PREVIEW_DEFAULT
92.5969,-60.2582,-5.0026,0.000,NORMAL,1,BEND,,,,,PREVIEW_DEFAULT
92.6969,-60.1678,-5.0453,0.000,NORMAL,1,BEND,,,,,PREVIEW_DEFAULT
92.7969,-60.0774,-5.0880,0.000,NORMAL,1,BEND,,,,,PREVIEW_DEFAULT
92.8969,-59.9869,-5.1306,0.000,NORMAL,1,BEND,,,,,PREVIEW_DEFAULT
92.9969,-59.8963,-5.1729,0.000,NORMAL,1,BEND,,,,,PREVIEW_DEFAULT
93.0969,-59.8056,-5.2150,0.000,NORMAL,1,BEND,,,,,PREVIEW_DEFAULT
93.1969,-59.7147,-5.2567,0.000,NORMAL,1,BEND,,,,,PREVIEW_DEFAULT
93.2969,-59.6236,-5.2979,0.000,NORMAL,1,BEND,,,,,PREVIEW_DEFAULT
93.3969,-59.5322,-5.3385,0.000,NORMAL,1,BEND,,,,,PREVIEW_DEFAULT
93.4969,-59.4405,-5.3784,0.000,NORMAL,1,BEND,,,,,PREVIEW_DEFAULT
93.5968,-59.3485,-5.4175,0.000,NORMAL,1,BEND,,,,,PREVIEW_DEFAULT
93.6968,-59.2561,-5.4557,0.000,NORMAL,1,BEND,,,,,PREVIEW_DEFAULT
93.7969,-59.1633,-5.4931,0.000,NORMAL,1,BEND,,,,,PREVIEW_DEFAULT
93.8969,-59.0702,-5.5296,0.000,NORMAL,1,BEND,,,,,PREVIEW_DEFAULT
93.9968,-58.9768,-5.5651,0.000,NORMAL,1,BEND,,,,,PREVIEW_DEFAULT
94.0968,-58.8830,-5.5998,0.000,NORMAL,1,BEND,,,,,PREVIEW_DEFAULT
94.1969,-58.7888,-5.6336,0.000,NORMAL,1,BEND,,,,,PREVIEW_DEFAULT
94.2969,-58.6944,-5.6665,0.000,NORMAL,1,BEND,,,,,PREVIEW_DEFAULT
94.3969,-58.5997,-5.6986,0.000,NORMAL,1,BEND,,,,,PREVIEW_DEFAULT
94.4968,-58.5048,-5.7301,0.000,NORMAL,1,BEND,,,,,PREVIEW_DEFAULT
94.5968,-58.4097,-5.7610,0.000,NORMAL,1,BEND,,,,,PREVIEW_DEFAULT
94.6968,-58.3145,-5.7914,0.000,NORMAL,1,BEND,,,,,PREVIEW_DEFAULT
94.7968,-58.2191,-5.8215,0.000,NORMAL,1,BEND,,,,,PREVIEW_DEFAULT
94.8968,-58.1237,-5.8514,0.000,NORMAL,1,BEND,,,,,PREVIEW_DEFAULT
94.9968,-58.0282,-5.8811,0.000,NORMAL,1,BEND,,,,,PREVIEW_DEFAULT
95.0968,-57.9327,-5.9107,0.000,NORMAL,1,BEND,,,,,PREVIEW_DEFAULT
95.1968,-57.8372,-5.9403,0.000,NORMAL,1,BEND,,,,,PREVIEW_DEFAULT
95.2968,-57.7416,-5.9698,0.000,NORMAL,1,BEND,,,,,PREVIEW_DEFAULT
95.3968,-57.6460,-5.9990,0.000,NORMAL,1,BEND,,,,,PREVIEW_DEFAULT
95.4968,-57.5502,-6.0279,0.000,NORMAL,1,BEND,,,,,PREVIEW_DEFAULT
95.5968,-57.4543,-6.0562,0.000,NORMAL,1,BEND,,,,,PREVIEW_DEFAULT
95.6968,-57.3582,-6.0836,0.000,NORMAL,1,BEND,,,,,PREVIEW_DEFAULT
95.7968,-57.2617,-6.1100,0.000,NORMAL,1,BEND,,,,,PREVIEW_DEFAULT
95.8968,-57.1649,-6.1351,0.000,NORMAL,1,BEND,,,,,PREVIEW_DEFAULT
95.9968,-57.0677,-6.1586,0.000,NORMAL,1,BEND,,,,,PREVIEW_DEFAULT
96.0968,-56.9701,-6.1803,0.000,NORMAL,1,BEND,,,,,PREVIEW_DEFAULT
96.1967,-56.8721,-6.1999,0.000,NORMAL,1,BEND,,,,,PREVIEW_DEFAULT
96.2968,-56.7736,-6.2175,0.000,NORMAL,1,BEND,,,,,PREVIEW_DEFAULT
96.3967,-56.6748,-6.2327,0.000,NORMAL,1,BEND,,,,,PREVIEW_DEFAULT
96.4968,-56.5756,-6.2456,0.000,NORMAL,1,BEND,,,,,PREVIEW_DEFAULT
96.5967,-56.4762,-6.2559,0.000,NORMAL,1,BEND,,,,,PREVIEW_DEFAULT
96.6967,-56.3765,-6.2637,0.000,NORMAL,1,BEND,,,,,PREVIEW_DEFAULT
96.7967,-56.2766,-6.2688,0.000,NORMAL,1,BEND,,,,,PREVIEW_DEFAULT
96.8968,-56.1766,-6.2711,0.000,NORMAL,1,BEND,,,,,PREVIEW_DEFAULT
96.9967,-56.0767,-6.2704,0.000,NORMAL,1,BEND,,,,,PREVIEW_DEFAULT
97.0967,-55.9767,-6.2669,0.000,NORMAL,1,BEND,,,,,PREVIEW_DEFAULT
97.1967,-55.8770,-6.2603,0.000,NORMAL,1,BEND,,,,,PREVIEW_DEFAULT
97.2967,-55.7774,-6.2506,0.000,NORMAL,1,BEND,,,,,PREVIEW_DEFAULT
97.3967,-55.6783,-6.2378,0.000,NORMAL,1,BEND,,,,,PREVIEW_DEFAULT
97.4966,-55.5796,-6.2218,0.000,NORMAL,1,BEND,,,,,PREVIEW_DEFAULT
97.5967,-55.4814,-6.2025,0.000,NORMAL,1,BEND,,,,,PREVIEW_DEFAULT
97.6967,-55.3840,-6.1799,0.000,NORMAL,1,BEND,,,,,PREVIEW_DEFAULT
97.7967,-55.2874,-6.1541,0.000,NORMAL,1,BEND,,,,,PREVIEW_DEFAULT
97.8967,-55.1917,-6.1252,0.000,NORMAL,1,BEND,,,,,PREVIEW_DEFAULT
97.9966,-55.0970,-6.0932,0.000,NORMAL,1,BEND,,,,,PREVIEW_DEFAULT
98.0966,-55.0033,-6.0582,0.000,NORMAL,1,BEND,,,,,PREVIEW_DEFAULT
98.1966,-54.9108,-6.0203,0.000,NORMAL,1,BEND,,,,,PREVIEW_DEFAULT
98.2966,-54.8195,-5.9795,0.000,NORMAL,1,BEND,,,,,PREVIEW_DEFAULT
98.3966,-54.7295,-5.9359,0.000,NORMAL,1,BEND,,,,,PREVIEW_DEFAULT
98.4966,-54.6409,-5.8896,0.000,NORMAL,1,BEND,,,,,PREVIEW_DEFAULT
98.5966,-54.5537,-5.8406,0.000,NORMAL,1,BEND,,,,,PREVIEW_DEFAULT
98.6966,-54.4681,-5.7890,0.000,NORMAL,1,BEND,,,,,PREVIEW_DEFAULT
98.7966,-54.3839,-5.7350,0.000,NORMAL,1,BEND,,,,,PREVIEW_DEFAULT
98.8966,-54.3012,-5.6787,0.000,NORMAL,1,BEND,,,,,PREVIEW_DEFAULT
98.9967,-54.2200,-5.6203,0.000,NORMAL,1,BEND,,,,,PREVIEW_DEFAULT
99.0966,-54.1403,-5.5600,0.000,NORMAL,1,BEND,,,,,PREVIEW_DEFAULT
99.1966,-54.0621,-5.4977,0.000,NORMAL,1,BEND,,,,,PREVIEW_DEFAULT
99.2966,-53.9853,-5.4336,0.000,NORMAL,1,BEND,,,,,PREVIEW_DEFAULT
99.3965,-53.9100,-5.3679,0.000,NORMAL,1,BEND,,,,,PREVIEW_DEFAULT
99.4966,-53.8360,-5.3006,0.000,NORMAL,1,BEND,,,,,PREVIEW_DEFAULT
99.5965,-53.7635,-5.2318,0.000,NORMAL,1,BEND,,,,,PREVIEW_DEFAULT
99.6966,-53.6922,-5.1616,0.000,NORMAL,1,BEND,,,,,PREVIEW_DEFAULT
99.7965,-53.6222,-5.0903,0.000,NORMAL,1,BEND,,,,,PREVIEW_DEFAULT
99.8966,-53.5533,-5.0177,0.000,NORMAL,1,BEND,,,,,PREVIEW_DEFAULT
99.9966,-53.4856,-4.9441,0.000,NORMAL,1,BEND,,,,,PREVIEW_DEFAULT
100.0966,-53.4190,-4.8695,0.000,NORMAL,1,BEND,,,,,PREVIEW_DEFAULT
100.1965,-53.3535,-4.7940,0.000,NORMAL,1,BEND,,,,,PREVIEW_DEFAULT
100.2965,-53.2891,-4.7176,0.000,NORMAL,1,BEND,,,,,PREVIEW_DEFAULT
100.3965,-53.2257,-4.6402,0.000,NORMAL,1,BEND,,,,,PREVIEW_DEFAULT
100.4966,-53.1633,-4.5620,0.000,NORMAL,1,BEND,,,,,PREVIEW_DEFAULT
100.5966,-53.1020,-4.4830,0.000,NORMAL,1,BEND,,,,,PREVIEW_DEFAULT
100.6965,-53.0419,-4.4032,0.000,NORMAL,1,BEND,,,,,PREVIEW_DEFAULT
100.7965,-52.9828,-4.3225,0.000,NORMAL,1,BEND,,,,,PREVIEW_DEFAULT
100.8965,-52.9249,-4.2409,0.000,NORMAL,1,BEND,,,,,PREVIEW_DEFAULT
100.9965,-52.8682,-4.1586,0.000,NORMAL,1,BEND,,,,,PREVIEW_DEFAULT
101.0965,-52.8127,-4.0754,0.000,NORMAL,1,BEND,,,,,PREVIEW_DEFAULT
101.1965,-52.7586,-3.9913,0.000,NORMAL,1,BEND,,,,,PREVIEW_DEFAULT
101.2964,-52.7057,-3.9065,0.000,NORMAL,1,BEND,,,,,PREVIEW_DEFAULT
101.3965,-52.6541,-3.8208,0.000,NORMAL,1,BEND,,,,,PREVIEW_DEFAULT
101.4964,-52.6038,-3.7344,0.000,NORMAL,1,BEND,,,,,PREVIEW_DEFAULT
101.5964,-52.5547,-3.6473,0.000,NORMAL,1,BEND,,,,,PREVIEW_DEFAULT
101.6965,-52.5067,-3.5595,0.000,NORMAL,1,BEND,,,,,PREVIEW_DEFAULT
101.7964,-52.4597,-3.4713,0.000,NORMAL,1,BEND,,,,,PREVIEW_DEFAULT
101.8964,-52.4137,-3.3825,0.000,NORMAL,1,BEND,,,,,PREVIEW_DEFAULT
101.9965,-52.3686,-3.2932,0.000,NORMAL,1,BEND,,,,,PREVIEW_DEFAULT
102.0964,-52.3243,-3.2036,0.000,NORMAL,1,BEND,,,,,PREVIEW_DEFAULT
102.1964,-52.2807,-3.1136,0.000,NORMAL,1,BEND,,,,,PREVIEW_DEFAULT
102.2965,-52.2376,-3.0233,0.000,NORMAL,1,BEND,,,,,PREVIEW_DEFAULT
102.3964,-52.1951,-2.9329,0.000,NORMAL,1,BEND,,,,,PREVIEW_DEFAULT
102.4964,-52.1529,-2.8422,0.000,NORMAL,1,BEND,,,,,PREVIEW_DEFAULT
102.5964,-52.1110,-2.7514,0.000,NORMAL,1,BEND,,,,,PREVIEW_DEFAULT
102.6964,-52.0693,-2.6605,0.000,NORMAL,1,BEND,,,,,PREVIEW_DEFAULT
102.7965,-52.0278,-2.5695,0.000,NORMAL,1,BEND,,,,,PREVIEW_DEFAULT
102.8964,-51.9862,-2.4786,0.000,NORMAL,1,BEND,,,,,PREVIEW_DEFAULT
102.9964,-51.9446,-2.3877,0.000,NORMAL,1,BEND,,,,,PREVIEW_DEFAULT
103.0964,-51.9028,-2.2968,0.000,NORMAL,1,BEND,,,,,PREVIEW_DEFAULT
103.1964,-51.8609,-2.2060,0.000,NORMAL,1,BEND,,,,,PREVIEW_DEFAULT
103.2964,-51.8187,-2.1154,0.000,NORMAL,1,BEND,,,,,PREVIEW_DEFAULT
103.3964,-51.7761,-2.0249,0.000,NORMAL,1,BEND,,,,,PREVIEW_DEFAULT
103.4964,-51.7333,-1.9345,0.000,NORMAL,1,BEND,,,,,PREVIEW_DEFAULT
103.5964,-51.6900,-1.8444,0.000,NORMAL,1,BEND,,,,,PREVIEW_DEFAULT
103.6964,-51.6464,-1.7544,0.000,NORMAL,1,BEND,,,,,PREVIEW_DEFAULT
103.7964,-51.6023,-1.6646,0.000,NORMAL,1,BEND,,,,,PREVIEW_DEFAULT
103.8964,-51.5579,-1.5750,0.000,NORMAL,1,BEND,,,,,PREVIEW_DEFAULT
103.9964,-51.5132,-1.4856,0.000,NORMAL,1,BEND,,,,,PREVIEW_DEFAULT
104.0964,-51.4682,-1.3963,0.000,NORMAL,1,BEND,,,,,PREVIEW_DEFAULT
104.1964,-51.4230,-1.3071,0.000,NORMAL,1,BEND,,,,,PREVIEW_DEFAULT
104.2964,-51.3778,-1.2179,0.000,NORMAL,1,BEND,,,,,PREVIEW_DEFAULT
104.3964,-51.3325,-1.1287,0.000,NORMAL,1,BEND,,,,,PREVIEW_DEFAULT
104.4964,-51.2874,-1.0395,0.000,NORMAL,1,BEND,,,,,PREVIEW_DEFAULT
104.5964,-51.2424,-0.9502,0.000,NORMAL,1,BEND,,,,,PREVIEW_DEFAULT
104.6963,-51.1977,-0.8608,0.000,NORMAL,1,BEND,,,,,PREVIEW_DEFAULT
104.7964,-51.1532,-0.7712,0.000,NORMAL,1,BEND,,,,,PREVIEW_DEFAULT
104.8964,-51.1091,-0.6814,0.000,NORMAL,1,BEND,,,,,PREVIEW_DEFAULT
104.9964,-51.0654,-0.5915,0.000,NORMAL,1,BEND,,,,,PREVIEW_DEFAULT
105.0964,-51.0220,-0.5014,0.000,NORMAL,1,BEND,,,,,PREVIEW_DEFAULT
105.1963,-50.9790,-0.4112,0.000,NORMAL,1,BEND,,,,,PREVIEW_DEFAULT
105.2964,-50.9363,-0.3207,0.000,NORMAL,1,BEND,,,,,PREVIEW_DEFAULT
105.3964,-50.8938,-0.2302,0.000,NORMAL,1,BEND,,,,,PREVIEW_DEFAULT
105.4964,-50.8517,-0.1395,0.000,NORMAL,1,BEND,,,,,PREVIEW_DEFAULT
105.5964,-50.8096,-0.0488,0.000,NORMAL,1,BEND,,,,,PREVIEW_DEFAULT
105.6964,-50.7677,0.0420,0.000,NORMAL,1,BEND,,,,,PREVIEW_DEFAULT
105.7963,-50.7259,0.1328,0.000,NORMAL,1,BEND,,,,,PREVIEW_DEFAULT
105.8964,-50.6839,0.2236,0.000,NORMAL,1,BEND,,,,,PREVIEW_DEFAULT
105.9963,-50.6417,0.3142,0.000,NORMAL,1,BEND,,,,,PREVIEW_DEFAULT
106.0963,-50.5993,0.4048,0.000,NORMAL,1,BEND,,,,,PREVIEW_DEFAULT
106.1964,-50.5565,0.4952,0.000,NORMAL,1,BEND,,,,,PREVIEW_DEFAULT
106.2963,-50.5132,0.5853,0.000,NORMAL,1,BEND,,,,,PREVIEW_DEFAULT
106.3963,-50.4695,0.6752,0.000,NORMAL,1,BEND,,,,,PREVIEW_DEFAULT
106.4963,-50.4252,0.7649,0.000,NORMAL,1,BEND,,,,,PREVIEW_DEFAULT
106.5964,-50.3803,0.8543,0.000,NORMAL,1,BEND,,,,,PREVIEW_DEFAULT
106.6963,-50.3350,0.9434,0.000,NORMAL,1,BEND,,,,,PREVIEW_DEFAULT
106.7963,-50.2891,1.0322,0.000,NORMAL,1,BEND,,,,,PREVIEW_DEFAULT
106.8963,-50.2428,1.1209,0.000,NORMAL,1,BEND,,,,,PREVIEW_DEFAULT
106.9963,-50.1961,1.2093,0.000,NORMAL,1,BEND,,,,,PREVIEW_DEFAULT
107.0963,-50.1491,1.2976,0.000,NORMAL,1,BEND,,,,,PREVIEW_DEFAULT
107.1963,-50.1019,1.3857,0.000,NORMAL,1,BEND,,,,,PREVIEW_DEFAULT
107.2963,-50.0544,1.4737,0.000,NORMAL,1,BEND,,,,,PREVIEW_DEFAULT
107.3963,-50.0067,1.5616,0.000,NORMAL,1,BEND,,,,,PREVIEW_DEFAULT
107.4963,-49.9589,1.6494,0.000,NORMAL,1,BEND,,,,,PREVIEW_DEFAULT
107.5963,-49.9109,1.7372,0.000,NORMAL,1,BEND,,,,,PREVIEW_DEFAULT
107.6963,-49.8629,1.8249,0.000,NORMAL,1,BEND,,,,,PREVIEW_DEFAULT
107.7962,-49.8148,1.9125,0.000,NORMAL,1,BEND,,,,,PREVIEW_DEFAULT
107.8963,-49.7666,2.0002,0.000,NORMAL,1,BEND,,,,,PREVIEW_DEFAULT
107.9963,-49.7185,2.0878,0.000,NORMAL,1,BEND,,,,,PREVIEW_DEFAULT
108.0963,-49.6703,2.1755,0.000,NORMAL,1,BEND,,,,,PREVIEW_DEFAULT
108.1963,-49.6222,2.2631,0.000,NORMAL,1,BEND,,,,,PREVIEW_DEFAULT
108.2962,-49.5742,2.3508,0.000,NORMAL,1,BEND,,,,,PREVIEW_DEFAULT
108.3962,-49.5264,2.4386,0.000,NORMAL,1,BEND,,,,,PREVIEW_DEFAULT
108.4963,-49.4786,2.5265,0.000,NORMAL,1,BEND,,,,,PREVIEW_DEFAULT
108.5962,-49.4310,2.6144,0.000,NORMAL,1,BEND,,,,,PREVIEW_DEFAULT
108.6963,-49.3836,2.7025,0.000,NORMAL,1,BEND,,,,,PREVIEW_DEFAULT
108.7963,-49.3363,2.7906,0.000,NORMAL,1,BEND,,,,,PREVIEW_DEFAULT
108.8963,-49.2890,2.8787,0.000,NORMAL,1,BEND,,,,,PREVIEW_DEFAULT
108.9962,-49.2418,2.9668,0.000,NORMAL,1,BEND,,,,,PREVIEW_DEFAULT
109.0963,-49.1943,3.0549,0.000,NORMAL,1,BEND,,,,,PREVIEW_DEFAULT
109.1962,-49.1466,3.1427,0.000,NORMAL,1,BEND,,,,,PREVIEW_DEFAULT
109.2962,-49.0983,3.2303,0.000,NORMAL,1,BEND,,,,,PREVIEW_DEFAULT
109.3962,-49.0492,3.3174,0.000,NORMAL,1,BEND,,,,,PREVIEW_DEFAULT
109.4962,-48.9990,3.4039,0.000,NORMAL,1,BEND,,,,,PREVIEW_DEFAULT
109.5962,-48.9473,3.4895,0.000,NORMAL,1,BEND,,,,,PREVIEW_DEFAULT
109.6963,-48.8938,3.5740,0.000,NORMAL,1,BEND,,,,,PREVIEW_DEFAULT
109.7962,-48.8382,3.6571,0.000,NORMAL,1,BEND,,,,,PREVIEW_DEFAULT
109.8962,-48.7802,3.7385,0.000,NORMAL,1,BEND,,,,,PREVIEW_DEFAULT
109.9962,-48.7195,3.8180,0.000,NORMAL,1,BEND,,,,,PREVIEW_DEFAULT
110.0962,-48.6562,3.8954,0.000,NORMAL,1,BEND,,,,,PREVIEW_DEFAULT
110.1962,-48.5901,3.9704,0.000,NORMAL,1,BEND,,,,,PREVIEW_DEFAULT
110.2962,-48.5213,4.0430,0.000,NORMAL,1,BEND,,,,,PREVIEW_DEFAULT
110.3961,-48.4499,4.1129,0.000,NORMAL,1,BEND,,,,,PREVIEW_DEFAULT
110.4961,-48.3759,4.1802,0.000,NORMAL,1,BEND,,,,,PREVIEW_DEFAULT
110.5962,-48.2993,4.2445,0.000,NORMAL,1,BEND,,,,,PREVIEW_DEFAULT
110.6961,-48.2204,4.3059,0.000,NORMAL,1,BEND,,,,,PREVIEW_DEFAULT
110.7961,-48.1392,4.3642,0.000,NORMAL,1,BEND,,,,,PREVIEW_DEFAULT
110.8961,-48.0557,4.4193,0.000,NORMAL,1,BEND,,,,,PREVIEW_DEFAULT
110.9961,-47.9703,4.4712,0.000,NORMAL,1,BEND,,,,,PREVIEW_DEFAULT
111.0961,-47.8829,4.5199,0.000,NORMAL,1,BEND,,,,,PREVIEW_DEFAULT
111.1961,-47.7938,4.5652,0.000,NORMAL,1,BEND,,,,,PREVIEW_DEFAULT
111.2961,-47.7031,4.6073,0.000,NORMAL,1,BEND,,,,,PREVIEW_DEFAULT
111.3961,-47.6109,4.6460,0.000,NORMAL,1,BEND,,,,,PREVIEW_DEFAULT
111.4961,-47.5173,4.6813,0.000,NORMAL,1,BEND,,,,,PREVIEW_DEFAULT
111.5961,-47.4225,4.7131,0.000,NORMAL,1,BEND,,,,,PREVIEW_DEFAULT
111.6960,-47.3266,4.7413,0.000,NORMAL,1,BEND,,,,,PREVIEW_DEFAULT
111.7961,-47.2296,4.7658,0.000,NORMAL,1,BEND,,,,,PREVIEW_DEFAULT
111.8960,-47.1318,4.7864,0.000,NORMAL,1,BEND,,,,,PREVIEW_DEFAULT
111.9960,-47.0333,4.8033,0.000,NORMAL,1,BEND,,,,,PREVIEW_DEFAULT
112.0960,-46.9341,4.8163,0.000,NORMAL,1,BEND,,,,,PREVIEW_DEFAULT
112.1960,-46.8346,4.8257,0.000,NORMAL,1,BEND,,,,,PREVIEW_DEFAULT
112.2960,-46.7347,4.8315,0.000,NORMAL,1,BEND,,,,,PREVIEW_DEFAULT
112.3960,-46.6348,4.8338,0.000,NORMAL,1,BEND,,,,,PREVIEW_DEFAULT
112.4960,-46.5348,4.8327,0.000,NORMAL,1,BEND,,,,,PREVIEW_DEFAULT
112.5960,-46.4349,4.8285,0.000,NORMAL,1,BEND,,,,,PREVIEW_DEFAULT
112.6959,-46.3352,4.8211,0.000,NORMAL,1,BEND,,,,,PREVIEW_DEFAULT
112.7960,-46.2357,4.8109,0.000,NORMAL,1,BEND,,,,,PREVIEW_DEFAULT
112.8960,-46.1365,4.7981,0.000,NORMAL,1,BEND,,,,,PREVIEW_DEFAULT
112.9959,-46.0377,4.7830,0.000,NORMAL,1,BEND,,,,,PREVIEW_DEFAULT
113.0960,-45.9391,4.7659,0.000,NORMAL,1,BEND,,,,,PREVIEW_DEFAULT
113.1960,-45.8409,4.7471,0.000,NORMAL,1,BEND,,,,,PREVIEW_DEFAULT
113.2960,-45.7430,4.7268,0.000,NORMAL,1,BEND,,,,,PREVIEW_DEFAULT
113.3959,-45.6454,4.7052,0.000,NORMAL,1,BEND,,,,,PREVIEW_DEFAULT
113.4959,-45.5480,4.6825,0.000,NORMAL,1,BEND,,,,,PREVIEW_DEFAULT
113.5959,-45.4508,4.6590,0.000,NORMAL,1,BEND,,,,,PREVIEW_DEFAULT
113.6959,-45.3538,4.6347,0.000,NORMAL,1,BEND,,,,,PREVIEW_DEFAULT
113.7960,-45.2569,4.6099,0.000,NORMAL,1,BEND,,,,,PREVIEW_DEFAULT
113.8959,-45.1602,4.5846,0.000,NORMAL,1,BEND,,,,,PREVIEW_DEFAULT
113.9959,-45.0636,4.5588,0.000,NORMAL,1,BEND,,,,,PREVIEW_DEFAULT
114.0959,-44.9670,4.5328,0.000,NORMAL,1,BEND,,,,,PREVIEW_DEFAULT
114.1959,-44.8706,4.5064,0.000,NORMAL,1,BEND,,,,,PREVIEW_DEFAULT
114.2959,-44.7742,4.4799,0.000,NORMAL,1,BEND,,,,,PREVIEW_DEFAULT
114.3959,-44.6778,4.4531,0.000,NORMAL,1,BEND,,,,,PREVIEW_DEFAULT
114.4959,-44.5815,4.4262,0.000,NORMAL,1,BEND,,,,,PREVIEW_DEFAULT
114.5959,-44.4852,4.3992,0.000,NORMAL,1,BEND,,,,,PREVIEW_DEFAULT
114.6959,-44.3890,4.3721,0.000,NORMAL,1,BEND,,,,,PREVIEW_DEFAULT
114.7959,-44.2927,4.3449,0.000,NORMAL,1,BEND,,,,,PREVIEW_DEFAULT
114.8959,-44.1965,4.3176,0.000,NORMAL,1,BEND,,,,,PREVIEW_DEFAULT
114.9959,-44.1003,4.2903,0.000,NORMAL,1,BEND,,,,,PREVIEW_DEFAULT
115.0959,-44.0041,4.2630,0.000,NORMAL,1,BEND,,,,,PREVIEW_DEFAULT
115.1959,-43.9080,4.2356,0.000,NORMAL,1,BEND,,,,,PREVIEW_DEFAULT
115.2959,-43.8118,4.2082,0.000,NORMAL,1,BEND,,,,,PREVIEW_DEFAULT
115.3958,-43.7157,4.1807,0.000,NORMAL,1,BEND,,,,,PREVIEW_DEFAULT
115.4959,-43.6195,4.1532,0.000,NORMAL,1,BEND,,,,,PREVIEW_DEFAULT
115.5958,-43.5235,4.1254,0.000,NORMAL,1,BEND,,,,,PREVIEW_DEFAULT
115.6959,-43.4274,4.0976,0.000,NORMAL,1,BEND,,,,,PREVIEW_DEFAULT
115.7958,-43.3315,4.0695,0.000,NORMAL,1,BEND,,,,,PREVIEW_DEFAULT
115.8958,-43.2356,4.0411,0.000,NORMAL,1,BEND,,,,,PREVIEW_DEFAULT
115.9958,-43.1398,4.0124,0.000,NORMAL,1,BEND,,,,,PREVIEW_DEFAULT
116.0958,-43.0441,3.9835,0.000,NORMAL,1,BEND,,,,,PREVIEW_DEFAULT
116.1958,-42.9485,3.9541,0.000,NORMAL,1,BEND,,,,,PREVIEW_DEFAULT
116.2958,-42.8530,3.9245,0.000,NORMAL,1,BEND,,,,,PREVIEW_DEFAULT
116.3958,-42.7576,3.8945,0.000,NORMAL,1,BEND,,,,,PREVIEW_DEFAULT
116.4958,-42.6623,3.8641,0.000,NORMAL,1,BEND,,,,,PREVIEW_DEFAULT
116.5958,-42.5671,3.8335,0.000,NORMAL,1,BEND,,,,,PREVIEW_DEFAULT
116.6959,-42.4720,3.8025,0.000,NORMAL,1,BEND,,,,,PREVIEW_DEFAULT
116.7958,-42.3771,3.7712,0.000,NORMAL,1,BEND,,,,,PREVIEW_DEFAULT
116.8958,-42.2822,3.7396,0.000,NORMAL,1,BEND,,,,,PREVIEW_DEFAULT
116.9958,-42.1874,3.7077,0.000,NORMAL,1,BEND,,,,,PREVIEW_DEFAULT
117.0958,-42.0928,3.6754,0.000,NORMAL,1,BEND,,,,,PREVIEW_DEFAULT
117.1958,-41.9982,3.6429,0.000,NORMAL,1,BEND,,,,,PREVIEW_DEFAULT
117.2958,-41.9038,3.6099,0.000,NORMAL,1,BEND,,,,,PREVIEW_DEFAULT
117.3958,-41.8096,3.5764,0.000,NORMAL,1,BEND,,,,,PREVIEW_DEFAULT
117.4958,-41.7155,3.5425,0.000,NORMAL,1,BEND,,,,,PREVIEW_DEFAULT
117.5958,-41.6216,3.5081,0.000,NORMAL,1,BEND,,,,,PREVIEW_DEFAULT
117.6958,-41.5280,3.4730,0.000,NORMAL,1,BEND,,,,,PREVIEW_DEFAULT
117.7958,-41.4346,3.4373,0.000,NORMAL,1,BEND,,,,,PREVIEW_DEFAULT
117.8958,-41.3415,3.4008,0.000,NORMAL,1,BEND,,,,,PREVIEW_DEFAULT
117.9958,-41.2487,3.3635,0.000,NORMAL,1,BEND,,,,,PREVIEW_DEFAULT
118.0958,-41.1562,3.3255,0.000,NORMAL,1,BEND,,,,,PREVIEW_DEFAULT
118.1958,-41.0641,3.2865,0.000,NORMAL,1,BEND,,,,,PREVIEW_DEFAULT
118.2958,-40.9724,3.2467,0.000,NORMAL,1,BEND,,,,,PREVIEW_DEFAULT
118.3957,-40.8811,3.2060,0.000,NORMAL,1,BEND,,,,,PREVIEW_DEFAULT
118.4958,-40.7901,3.1644,0.000,NORMAL,1,BEND,,,,,PREVIEW_DEFAULT
118.5957,-40.6996,3.1220,0.000,NORMAL,1,BEND,,,,,PREVIEW_DEFAULT
118.6958,-40.6093,3.0789,0.000,NORMAL,1,BEND,,,,,PREVIEW_DEFAULT
118.7958,-40.5194,3.0352,0.000,NORMAL,1,BEND,,,,,PREVIEW_DEFAULT
118.8958,-40.4296,2.9911,0.000,NORMAL,1,BEND,,,,,PREVIEW_DEFAULT
118.9957,-40.3400,2.9468,0.000,NORMAL,1,BEND,,,,,PREVIEW_DEFAULT
119.0957,-40.2504,2.9024,0.000,NORMAL,1,BEND,,,,,PREVIEW_DEFAULT
119.1958,-40.1606,2.8583,0.000,NORMAL,1,BEND,,,,,PREVIEW_DEFAULT
119.2957,-40.0707,2.8147,0.000,NORMAL,1,BEND,,,,,PREVIEW_DEFAULT
119.3957,-39.9803,2.7719,0.000,NORMAL,1,BEND,,,,,PREVIEW_DEFAULT
119.4197,-39.9586,2.7618,0.000,NORMAL,1,BEND,BEND_END,EXIT_ZONE,,,PREVIEW_DEFAULT
119.4957,-39.8894,2.7303,0.000,NORMAL,1,BEND,,,,,PREVIEW_DEFAULT
119.5957,-39.7980,2.6897,0.000,NORMAL,1,BEND,,,,,PREVIEW_DEFAULT
119.6958,-39.7062,2.6499,0.000,NORMAL,1,BEND,,,,,PREVIEW_DEFAULT
119.7957,-39.6144,2.6104,0.000,NORMAL,1,ROUTE,,,,,PREVIEW_DEFAULT
119.8957,-39.5225,2.5710,0.000,NORMAL,1,ROUTE,,,,,PREVIEW_DEFAULT
119.9958,-39.4305,2.5316,0.000,NORMAL,1,ROUTE,,,,,PREVIEW_DEFAULT
120.0957,-39.3387,2.4920,0.000,NORMAL,1,ROUTE,,,,,PREVIEW_DEFAULT
120.1957,-39.2471,2.4520,0.000,NORMAL,1,ROUTE,,,,,PREVIEW_DEFAULT
120.2957,-39.1557,2.4114,0.000,NORMAL,1,ROUTE,,,,,PREVIEW_DEFAULT
120.3957,-39.0645,2.3704,0.000,NORMAL,1,ROUTE,,,,,PREVIEW_DEFAULT
120.4957,-38.9736,2.3287,0.000,NORMAL,1,ROUTE,,,,,PREVIEW_DEFAULT
120.5957,-38.8829,2.2865,0.000,NORMAL,1,ROUTE,,,,,PREVIEW_DEFAULT
120.6957,-38.7925,2.2439,0.000,NORMAL,1,ROUTE,,,,,PREVIEW_DEFAULT
120.7957,-38.7022,2.2009,0.000,NORMAL,1,ROUTE,,,,,PREVIEW_DEFAULT
120.8957,-38.6121,2.1575,0.000,NORMAL,1,ROUTE,,,,,PREVIEW_DEFAULT
120.9957,-38.5221,2.1140,0.000,NORMAL,1,ROUTE,,,,,PREVIEW_DEFAULT
121.0957,-38.4321,2.0703,0.000,NORMAL,1,ROUTE,,,,,PREVIEW_DEFAULT
121.1957,-38.3422,2.0266,0.000,NORMAL,1,ROUTE,,,,,PREVIEW_DEFAULT
121.2957,-38.2522,1.9829,0.000,NORMAL,1,ROUTE,,,,,PREVIEW_DEFAULT
121.3956,-38.1623,1.9393,0.000,NORMAL,1,ROUTE,,,,,PREVIEW_DEFAULT
121.4957,-38.0722,1.8957,0.000,NORMAL,1,ROUTE,,,,,PREVIEW_DEFAULT
121.5957,-37.9822,1.8523,0.000,NORMAL,1,ROUTE,,,,,PREVIEW_DEFAULT
121.6957,-37.8921,1.8088,0.000,NORMAL,1,ROUTE,,,,,PREVIEW_DEFAULT
121.7957,-37.8020,1.7654,0.000,NORMAL,1,ROUTE,,,,,PREVIEW_DEFAULT
121.8956,-37.7120,1.7220,0.000,NORMAL,1,ROUTE,,,,,PREVIEW_DEFAULT
121.9956,-37.6219,1.6786,0.000,NORMAL,1,ROUTE,,,,,PREVIEW_DEFAULT
122.0957,-37.5318,1.6351,0.000,NORMAL,1,ROUTE,,,,,PREVIEW_DEFAULT
122.1957,-37.4418,1.5915,0.000,NORMAL,1,ROUTE,,,,,PREVIEW_DEFAULT
122.2957,-37.3519,1.5478,0.000,NORMAL,1,ROUTE,,,,,PREVIEW_DEFAULT
122.3957,-37.2620,1.5040,0.000,NORMAL,1,ROUTE,,,,,PREVIEW_DEFAULT
122.4956,-37.1723,1.4599,0.000,NORMAL,1,ROUTE,,,,,PREVIEW_DEFAULT
122.5957,-37.0826,1.4156,0.000,NORMAL,1,ROUTE,,,,,PREVIEW_DEFAULT
122.6956,-36.9931,1.3711,0.000,NORMAL,1,ROUTE,,,,,PREVIEW_DEFAULT
122.7956,-36.9037,1.3263,0.000,NORMAL,1,ROUTE,,,,,PREVIEW_DEFAULT
122.8956,-36.8144,1.2812,0.000,NORMAL,1,ROUTE,,,,,PREVIEW_DEFAULT
122.9956,-36.7254,1.2357,0.000,NORMAL,1,ROUTE,,,,,PREVIEW_DEFAULT
123.0956,-36.6365,1.1899,0.000,NORMAL,1,ROUTE,,,,,PREVIEW_DEFAULT
123.1956,-36.5478,1.1438,0.000,NORMAL,1,ROUTE,,,,,PREVIEW_DEFAULT
123.2956,-36.4592,1.0973,0.000,NORMAL,1,ROUTE,,,,,PREVIEW_DEFAULT
123.3957,-36.3709,1.0503,0.000,NORMAL,1,ROUTE,,,,,PREVIEW_DEFAULT
123.4956,-36.2829,1.0030,0.000,NORMAL,1,ROUTE,,,,,PREVIEW_DEFAULT
123.5956,-36.1950,0.9552,0.000,NORMAL,1,ROUTE,,,,,PREVIEW_DEFAULT
123.6956,-36.1075,0.9069,0.000,NORMAL,1,ROUTE,,,,,PREVIEW_DEFAULT
123.7956,-36.0202,0.8581,0.000,NORMAL,1,ROUTE,,,,,PREVIEW_DEFAULT
123.8956,-35.9332,0.8087,0.000,NORMAL,1,ROUTE,,,,,PREVIEW_DEFAULT
123.9956,-35.8466,0.7588,0.000,NORMAL,1,ROUTE,,,,,PREVIEW_DEFAULT
124.0956,-35.7603,0.7082,0.000,NORMAL,1,ROUTE,,,,,PREVIEW_DEFAULT
124.1955,-35.6745,0.6570,0.000,NORMAL,1,ROUTE,,,,,PREVIEW_DEFAULT
124.2955,-35.5891,0.6050,0.000,NORMAL,1,ROUTE,,,,,PREVIEW_DEFAULT
124.3956,-35.5041,0.5521,0.000,NORMAL,1,ROUTE,,,,,PREVIEW_DEFAULT
124.4955,-35.4198,0.4985,0.000,NORMAL,1,ROUTE,,,,,PREVIEW_DEFAULT
124.5956,-35.3360,0.4438,0.000,NORMAL,1,ROUTE,,,,,PREVIEW_DEFAULT
124.6956,-35.2529,0.3882,0.000,NORMAL,1,ROUTE,,,,,PREVIEW_DEFAULT
124.7956,-35.1705,0.3316,0.000,NORMAL,1,ROUTE,,,,,PREVIEW_DEFAULT
124.8956,-35.0889,0.2738,0.000,NORMAL,1,ROUTE,,,,,PREVIEW_DEFAULT
124.9955,-35.0081,0.2149,0.000,NORMAL,1,ROUTE,,,,,PREVIEW_DEFAULT
125.0955,-34.9281,0.1549,0.000,NORMAL,1,ROUTE,,,,,PREVIEW_DEFAULT
125.1955,-34.8491,0.0936,0.000,NORMAL,1,ROUTE,,,,,PREVIEW_DEFAULT
125.2955,-34.7711,0.0310,0.000,NORMAL,1,ROUTE,,,,,PREVIEW_DEFAULT
125.3955,-34.6942,-0.0329,0.000,NORMAL,1,ROUTE,,,,,PREVIEW_DEFAULT
125.4955,-34.6183,-0.0980,0.000,NORMAL,1,ROUTE,,,,,PREVIEW_DEFAULT
125.5955,-34.5436,-0.1645,0.000,NORMAL,1,ROUTE,,,,,PREVIEW_DEFAULT
125.6955,-34.4701,-0.2323,0.000,NORMAL,1,ROUTE,,,,,PREVIEW_DEFAULT
125.7955,-34.3978,-0.3014,0.000,NORMAL,1,ROUTE,,,,,PREVIEW_DEFAULT
125.8955,-34.3267,-0.3717,0.000,NORMAL,1,ROUTE,,,,,PREVIEW_DEFAULT
125.9955,-34.2570,-0.4434,0.000,NORMAL,1,ROUTE,,,,,PREVIEW_DEFAULT
126.0955,-34.1886,-0.5163,0.000,NORMAL,1,ROUTE,,,,,PREVIEW_DEFAULT
126.1955,-34.1215,-0.5905,0.000,NORMAL,1,ROUTE,,,,,PREVIEW_DEFAULT
126.2955,-34.0559,-0.6659,0.000,NORMAL,1,ROUTE,,,,,PREVIEW_DEFAULT
126.3955,-33.9917,-0.7426,0.000,NORMAL,1,ROUTE,,,,,PREVIEW_DEFAULT
126.4955,-33.9289,-0.8204,0.000,NORMAL,1,ROUTE,,,,,PREVIEW_DEFAULT
126.5955,-33.8676,-0.8994,0.000,NORMAL,1,ROUTE,,,,,PREVIEW_DEFAULT
126.6955,-33.8075,-0.9793,0.000,NORMAL,1,ROUTE,,,,,PREVIEW_DEFAULT
126.7955,-33.7487,-1.0602,0.000,NORMAL,1,ROUTE,,,,,PREVIEW_DEFAULT
126.8954,-33.6911,-1.1419,0.000,NORMAL,1,ROUTE,,,,,PREVIEW_DEFAULT
126.9955,-33.6346,-1.2245,0.000,NORMAL,1,ROUTE,,,,,PREVIEW_DEFAULT
127.0955,-33.5793,-1.3078,0.000,NORMAL,1,ROUTE,,,,,PREVIEW_DEFAULT
127.1954,-33.5250,-1.3917,0.000,NORMAL,1,ROUTE,,,,,PREVIEW_DEFAULT
127.2955,-33.4717,-1.4764,0.000,NORMAL,1,ROUTE,,,,,PREVIEW_DEFAULT
127.3954,-33.4195,-1.5616,0.000,NORMAL,1,ROUTE,,,,,PREVIEW_DEFAULT
127.4955,-33.3682,-1.6475,0.000,NORMAL,1,ROUTE,,,,,PREVIEW_DEFAULT
127.5954,-33.3180,-1.7339,0.000,NORMAL,1,ROUTE,,,,,PREVIEW_DEFAULT
127.6954,-33.2687,-1.8209,0.000,NORMAL,1,ROUTE,,,,,PREVIEW_DEFAULT
127.7954,-33.2204,-1.9085,0.000,NORMAL,1,ROUTE,,,,,PREVIEW_DEFAULT
127.8954,-33.1731,-1.9966,0.000,NORMAL,1,ROUTE,,,,,PREVIEW_DEFAULT
127.9954,-33.1268,-2.0852,0.000,NORMAL,1,ROUTE,,,,,PREVIEW_DEFAULT
128.0954,-33.0815,-2.1744,0.000,NORMAL,1,ROUTE,,,,,PREVIEW_DEFAULT
128.1955,-33.0372,-2.2641,0.000,NORMAL,1,ROUTE,,,,,PREVIEW_DEFAULT
128.2954,-32.9942,-2.3543,0.000,NORMAL,1,ROUTE,,,,,PREVIEW_DEFAULT
128.3954,-32.9523,-2.4451,0.000,NORMAL,1,ROUTE,,,,,PREVIEW_DEFAULT
128.4955,-32.9118,-2.5366,0.000,NORMAL,1,ROUTE,,,,,PREVIEW_DEFAULT
128.5954,-32.8728,-2.6286,0.000,NORMAL,1,ROUTE,,,,,PREVIEW_DEFAULT
128.6954,-32.8353,-2.7213,0.000,NORMAL,1,ROUTE,,,,,PREVIEW_DEFAULT
128.7954,-32.7996,-2.8147,0.000,NORMAL,1,ROUTE,,,,,PREVIEW_DEFAULT
128.8954,-32.7656,-2.9088,0.000,NORMAL,1,ROUTE,,,,,PREVIEW_DEFAULT
128.9954,-32.7336,-3.0035,0.000,NORMAL,1,ROUTE,,,,,PREVIEW_DEFAULT
129.0954,-32.7037,-3.0989,0.000,NORMAL,1,ROUTE,,,,,PREVIEW_DEFAULT
129.1953,-32.6758,-3.1949,0.000,NORMAL,1,ROUTE,,,,,PREVIEW_DEFAULT
129.2953,-32.6500,-3.2915,0.000,NORMAL,1,ROUTE,,,,,PREVIEW_DEFAULT
129.3953,-32.6261,-3.3886,0.000,NORMAL,1,ROUTE,,,,,PREVIEW_DEFAULT
129.4954,-32.6042,-3.4862,0.000,NORMAL,1,ROUTE,,,,,PREVIEW_DEFAULT
129.5954,-32.5842,-3.5842,0.000,NORMAL,1,ROUTE,,,,,PREVIEW_DEFAULT
129.6953,-32.5660,-3.6825,0.000,NORMAL,1,ROUTE,,,,,PREVIEW_DEFAULT
129.7953,-32.5495,-3.7811,0.000,NORMAL,1,ROUTE,,,,,PREVIEW_DEFAULT
129.8953,-32.5348,-3.8800,0.000,NORMAL,1,ROUTE,,,,,PREVIEW_DEFAULT
129.9954,-32.5217,-3.9792,0.000,NORMAL,1,ROUTE,,,,,PREVIEW_DEFAULT
130.0953,-32.5102,-4.0785,0.000,NORMAL,1,ROUTE,,,,,PREVIEW_DEFAULT
130.1953,-32.5004,-4.1780,0.000,NORMAL,1,ROUTE,,,,,PREVIEW_DEFAULT
130.2954,-32.4920,-4.2777,0.000,NORMAL,1,ROUTE,,,,,PREVIEW_DEFAULT
130.3953,-32.4853,-4.3774,0.000,NORMAL,1,ROUTE,,,,,PREVIEW_DEFAULT
130.4953,-32.4800,-4.4773,0.000,NORMAL,1,ROUTE,,,,,PREVIEW_DEFAULT
130.5953,-32.4763,-4.5772,0.000,NORMAL,1,ROUTE,,,,,PREVIEW_DEFAULT
130.6953,-32.4740,-4.6772,0.000,NORMAL,1,ROUTE,,,,,PREVIEW_DEFAULT
130.7953,-32.4732,-4.7772,0.000,NORMAL,1,ROUTE,,,,,PREVIEW_DEFAULT
130.8953,-32.4739,-4.8772,0.000,NORMAL,1,ROUTE,,,,,PREVIEW_DEFAULT
130.9953,-32.4760,-4.9772,0.000,NORMAL,1,ROUTE,,,,,PREVIEW_DEFAULT
131.0953,-32.4795,-5.0771,0.000,NORMAL,1,ROUTE,,,,,PREVIEW_DEFAULT
131.1953,-32.4842,-5.1770,0.000,NORMAL,1,ROUTE,,,,,PREVIEW_DEFAULT
131.2953,-32.4902,-5.2768,0.000,NORMAL,1,ROUTE,,,,,PREVIEW_DEFAULT
131.3953,-32.4973,-5.3765,0.000,NORMAL,1,ROUTE,,,,,PREVIEW_DEFAULT
131.4953,-32.5055,-5.4762,0.000,NORMAL,1,ROUTE,,,,,PREVIEW_DEFAULT
131.5953,-32.5148,-5.5758,0.000,NORMAL,1,ROUTE,,,,,PREVIEW_DEFAULT
131.6953,-32.5251,-5.6752,0.000,NORMAL,1,ROUTE,,,,,PREVIEW_DEFAULT
131.7953,-32.5363,-5.7746,0.000,NORMAL,1,ROUTE,,,,,PREVIEW_DEFAULT
131.8953,-32.5484,-5.8739,0.000,NORMAL,1,ROUTE,,,,,PREVIEW_DEFAULT
131.9953,-32.5613,-5.9730,0.000,NORMAL,1,ROUTE,,,,,PREVIEW_DEFAULT
132.0953,-32.5749,-6.0721,0.000,NORMAL,1,ROUTE,,,,,PREVIEW_DEFAULT
132.1953,-32.5891,-6.1711,0.000,NORMAL,1,ROUTE,,,,,PREVIEW_DEFAULT
132.2953,-32.6039,-6.2700,0.000,NORMAL,1,ROUTE,,,,,PREVIEW_DEFAULT
132.3953,-32.6191,-6.3688,0.000,NORMAL,1,ROUTE,,,,,PREVIEW_DEFAULT
132.4953,-32.6348,-6.4676,0.000,NORMAL,1,ROUTE,,,,,PREVIEW_DEFAULT
132.5952,-32.6510,-6.5662,0.000,NORMAL,1,ROUTE,,,,,PREVIEW_DEFAULT
132.6952,-32.6676,-6.6648,0.000,NORMAL,1,ROUTE,,,,,PREVIEW_DEFAULT
132.7953,-32.6847,-6.7634,0.000,NORMAL,1,ROUTE,,,,,PREVIEW_DEFAULT
132.8953,-32.7024,-6.8618,0.000,NORMAL,1,ROUTE,,,,,PREVIEW_DEFAULT
132.9952,-32.7207,-6.9601,0.000,NORMAL,1,ROUTE,,,,,PREVIEW_DEFAULT
133.0953,-32.7397,-7.0583,0.000,NORMAL,1,ROUTE,,,,,PREVIEW_DEFAULT
133.1953,-32.7596,-7.1563,0.000,NORMAL,1,ROUTE,,,,,PREVIEW_DEFAULT
133.2952,-32.7803,-7.2541,0.000,NORMAL,1,ROUTE,,,,,PREVIEW_DEFAULT
133.3952,-32.8020,-7.3517,0.000,NORMAL,1,ROUTE,,,,,PREVIEW_DEFAULT
133.4952,-32.8246,-7.4491,0.000,NORMAL,1,ROUTE,,,,,PREVIEW_DEFAULT
133.5952,-32.8482,-7.5463,0.000,NORMAL,1,ROUTE,,,,,PREVIEW_DEFAULT
133.6952,-32.8728,-7.6432,0.000,NORMAL,1,ROUTE,,,,,PREVIEW_DEFAULT
133.7952,-32.8982,-7.7399,0.000,NORMAL,1,ROUTE,,,,,PREVIEW_DEFAULT
133.8952,-32.9246,-7.8364,0.000,NORMAL,1,ROUTE,,,,,PREVIEW_DEFAULT
133.9952,-32.9518,-7.9326,0.000,NORMAL,1,ROUTE,,,,,PREVIEW_DEFAULT
134.0952,-32.9798,-8.0286,0.000,NORMAL,1,ROUTE,,,,,PREVIEW_DEFAULT
134.1952,-33.0084,-8.1244,0.000,NORMAL,1,ROUTE,,,,,PREVIEW_DEFAULT
134.2952,-33.0378,-8.2200,0.000,NORMAL,1,ROUTE,,,,,PREVIEW_DEFAULT
134.3951,-33.0676,-8.3154,0.000,NORMAL,1,ROUTE,,,,,PREVIEW_DEFAULT
134.4952,-33.0979,-8.4108,0.000,NORMAL,1,ROUTE,,,,,PREVIEW_DEFAULT
134.5952,-33.1285,-8.5060,0.000,NORMAL,1,ROUTE,,,,,PREVIEW_DEFAULT
134.6952,-33.1593,-8.6011,0.000,NORMAL,1,ROUTE,,,,,PREVIEW_DEFAULT
134.7951,-33.1903,-8.6961,0.000,NORMAL,1,ROUTE,,,,,PREVIEW_DEFAULT
134.8952,-33.2214,-8.7912,0.000,NORMAL,1,ROUTE,,,,,PREVIEW_DEFAULT
134.9952,-33.2526,-8.8862,0.000,NORMAL,1,ROUTE,,,,,PREVIEW_DEFAULT
135.0952,-33.2839,-8.9812,0.000,NORMAL,1,ROUTE,,,,,PREVIEW_DEFAULT
135.1951,-33.3152,-9.0761,0.000,NORMAL,1,ROUTE,,,,,PREVIEW_DEFAULT
135.2952,-33.3466,-9.1711,0.000,NORMAL,1,ROUTE,,,,,PREVIEW_DEFAULT
135.3952,-33.3781,-9.2660,0.000,NORMAL,1,ROUTE,,,,,PREVIEW_DEFAULT
135.4951,-33.4098,-9.3608,0.000,NORMAL,1,ROUTE,,,,,PREVIEW_DEFAULT
135.5951,-33.4416,-9.4556,0.000,NORMAL,1,ROUTE,,,,,PREVIEW_DEFAULT
135.6952,-33.4736,-9.5504,0.000,NORMAL,1,ROUTE,,,,,PREVIEW_DEFAULT
135.7951,-33.5059,-9.6450,0.000,NORMAL,1,ROUTE,,,,,PREVIEW_DEFAULT
135.8951,-33.5385,-9.7395,0.000,NORMAL,1,ROUTE,,,,,PREVIEW_DEFAULT
135.9952,-33.5714,-9.8340,0.000,NORMAL,1,ROUTE,,,,,PREVIEW_DEFAULT
136.0952,-33.6047,-9.9283,0.000,NORMAL,1,ROUTE,,,,,PREVIEW_DEFAULT
136.1951,-33.6383,-10.0224,0.000,NORMAL,1,ROUTE,,,,,PREVIEW_DEFAULT
136.2952,-33.6724,-10.1165,0.000,NORMAL,1,ROUTE,,,,,PREVIEW_DEFAULT
136.3951,-33.7068,-10.2103,0.000,NORMAL,1,ROUTE,,,,,PREVIEW_DEFAULT
136.4951,-33.7416,-10.3041,0.000,NORMAL,1,ROUTE,,,,,PREVIEW_DEFAULT
136.5951,-33.7769,-10.3976,0.000,NORMAL,1,ROUTE,,,,,PREVIEW_DEFAULT
136.6951,-33.8124,-10.4911,0.000,NORMAL,1,ROUTE,,,,,PREVIEW_DEFAULT
136.7951,-33.8484,-10.5844,0.000,NORMAL,1,ROUTE,,,,,PREVIEW_DEFAULT
136.8951,-33.8846,-10.6776,0.000,NORMAL,1,ROUTE,,,,,PREVIEW_DEFAULT
136.9951,-33.9212,-10.7707,0.000,NORMAL,1,ROUTE,,,,,PREVIEW_DEFAULT
137.0951,-33.9579,-10.8637,0.000,NORMAL,1,ROUTE,,,,,PREVIEW_DEFAULT
137.1951,-33.9948,-10.9566,0.000,NORMAL,1,ROUTE,,,,,PREVIEW_DEFAULT
137.2951,-34.0319,-11.0495,0.000,NORMAL,1,ROUTE,,,,,PREVIEW_DEFAULT
137.3950,-34.0690,-11.1423,0.000,NORMAL,1,ROUTE,,,,,PREVIEW_DEFAULT
137.4951,-34.1062,-11.2352,0.000,NORMAL,1,ROUTE,,,,,PREVIEW_DEFAULT
137.5951,-34.1433,-11.3280,0.000,NORMAL,1,ROUTE,,,,,PREVIEW_DEFAULT
137.6950,-34.1803,-11.4209,0.000,NORMAL,1,ROUTE,,,,,PREVIEW_DEFAULT
137.7951,-34.2172,-11.5139,0.000,NORMAL,1,ROUTE,,,,,PREVIEW_DEFAULT
137.8951,-34.2539,-11.6069,0.000,NORMAL,1,ROUTE,,,,,PREVIEW_DEFAULT
137.9951,-34.2904,-11.7000,0.000,NORMAL,1,ROUTE,,,,,PREVIEW_DEFAULT
138.0951,-34.3267,-11.7932,0.000,NORMAL,1,ROUTE,,,,,PREVIEW_DEFAULT
138.1950,-34.3628,-11.8864,0.000,NORMAL,1,ROUTE,,,,,PREVIEW_DEFAULT
138.2951,-34.3986,-11.9798,0.000,NORMAL,1,ROUTE,,,,,PREVIEW_DEFAULT
138.3951,-34.4344,-12.0732,0.000,NORMAL,1,ROUTE,,,,,PREVIEW_DEFAULT
138.4951,-34.4701,-12.1666,0.000,NORMAL,1,ROUTE,,,,,PREVIEW_DEFAULT
138.5950,-34.5059,-12.2599,0.000,NORMAL,1,ROUTE,,,,,PREVIEW_DEFAULT
138.6950,-34.5417,-12.3533,0.000,NORMAL,1,ROUTE,,,,,PREVIEW_DEFAULT
138.7951,-34.5778,-12.4466,0.000,NORMAL,1,ROUTE,,,,,PREVIEW_DEFAULT
138.8950,-34.6141,-12.5397,0.000,NORMAL,1,ROUTE,,,,,PREVIEW_DEFAULT
138.9950,-34.6506,-12.6328,0.000,NORMAL,1,ROUTE,,,,,PREVIEW_DEFAULT
139.0951,-34.6875,-12.7258,0.000,NORMAL,1,ROUTE,,,,,PREVIEW_DEFAULT
139.1950,-34.7247,-12.8186,0.000,NORMAL,1,ROUTE,,,,,PREVIEW_DEFAULT
139.2950,-34.7622,-12.9113,0.000,NORMAL,1,ROUTE,,,,,PREVIEW_DEFAULT
139.3950,-34.7998,-13.0039,0.000,NORMAL,1,ROUTE,,,,,PREVIEW_DEFAULT
139.4950,-34.8376,-13.0965,0.000,NORMAL,1,ROUTE,,,,,PREVIEW_DEFAULT
139.5951,-34.8755,-13.1891,0.000,NORMAL,1,ROUTE,,,,,PREVIEW_DEFAULT
139.6950,-34.9134,-13.2816,0.000,NORMAL,1,ROUTE,,,,,PREVIEW_DEFAULT
139.7950,-34.9513,-13.3741,0.000,NORMAL,1,ROUTE,,,,,PREVIEW_DEFAULT
139.8950,-34.9892,-13.4667,0.000,NORMAL,1,ROUTE,,,,,PREVIEW_DEFAULT
139.9951,-35.0270,-13.5593,0.000,NORMAL,1,ROUTE,,,,,PREVIEW_DEFAULT
140.0950,-35.0648,-13.6518,0.000,NORMAL,1,ROUTE,,,,,PREVIEW_DEFAULT
140.1950,-35.1026,-13.7444,0.000,NORMAL,1,ROUTE,,,,,PREVIEW_DEFAULT
140.2950,-35.1404,-13.8370,0.000,NORMAL,1,ROUTE,,,,,PREVIEW_DEFAULT
140.3950,-35.1784,-13.9295,0.000,NORMAL,1,ROUTE,,,,,PREVIEW_DEFAULT
140.4950,-35.2165,-14.0219,0.000,NORMAL,1,ROUTE,,,,,PREVIEW_DEFAULT
140.5950,-35.2548,-14.1143,0.000,NORMAL,1,ROUTE,,,,,PREVIEW_DEFAULT
140.6171,-35.2633,-14.1347,0.000,TRAFFIC,1,TRAFFIC,TRAFFIC_1_RED_STOP,STOP_IF_CONDITION,TRAFFIC_LIGHT_RED,,PREVIEW_DEFAULT
140.6950,-35.2935,-14.2065,0.000,TRAFFIC,1,TRAFFIC,,,TRAFFIC_LIGHT_RED,,PREVIEW_DEFAULT
140.7950,-35.3324,-14.2986,0.000,TRAFFIC,1,TRAFFIC,,,TRAFFIC_LIGHT_RED,,PREVIEW_DEFAULT
140.8950,-35.3716,-14.3906,0.000,TRAFFIC,1,TRAFFIC,,,TRAFFIC_LIGHT_RED,,PREVIEW_DEFAULT
140.9950,-35.4108,-14.4826,0.000,TRAFFIC,1,TRAFFIC,,,TRAFFIC_LIGHT_RED,,PREVIEW_DEFAULT
141.0950,-35.4502,-14.5745,0.000,TRAFFIC,1,TRAFFIC,,,TRAFFIC_LIGHT_RED,,PREVIEW_DEFAULT
141.1949,-35.4896,-14.6664,0.000,TRAFFIC,1,TRAFFIC,,,TRAFFIC_LIGHT_RED,,PREVIEW_DEFAULT
141.2949,-35.5290,-14.7583,0.000,TRAFFIC,1,TRAFFIC,,,TRAFFIC_LIGHT_RED,,PREVIEW_DEFAULT
141.3950,-35.5684,-14.8503,0.000,TRAFFIC,1,TRAFFIC,,,TRAFFIC_LIGHT_RED,,PREVIEW_DEFAULT
141.4950,-35.6077,-14.9422,0.000,TRAFFIC,1,TRAFFIC,,,TRAFFIC_LIGHT_RED,,PREVIEW_DEFAULT
141.5949,-35.6470,-15.0341,0.000,TRAFFIC,1,TRAFFIC,,,TRAFFIC_LIGHT_RED,,PREVIEW_DEFAULT
141.6950,-35.6863,-15.1261,0.000,TRAFFIC,1,TRAFFIC,,,TRAFFIC_LIGHT_RED,,PREVIEW_DEFAULT
141.7950,-35.7255,-15.2181,0.000,TRAFFIC,1,TRAFFIC,,,TRAFFIC_LIGHT_RED,,PREVIEW_DEFAULT
141.8949,-35.7648,-15.3100,0.000,TRAFFIC,1,TRAFFIC,,,TRAFFIC_LIGHT_RED,,PREVIEW_DEFAULT
141.9950,-35.8041,-15.4020,0.000,TRAFFIC,1,TRAFFIC,,,TRAFFIC_LIGHT_RED,,PREVIEW_DEFAULT
142.0949,-35.8435,-15.4939,0.000,TRAFFIC,1,TRAFFIC,,,TRAFFIC_LIGHT_RED,,PREVIEW_DEFAULT
142.1949,-35.8831,-15.5857,0.000,TRAFFIC,1,TRAFFIC,,,TRAFFIC_LIGHT_RED,,PREVIEW_DEFAULT
142.2949,-35.9228,-15.6775,0.000,TRAFFIC,1,TRAFFIC,,,TRAFFIC_LIGHT_RED,,PREVIEW_DEFAULT
142.3949,-35.9626,-15.7692,0.000,TRAFFIC,1,TRAFFIC,,,TRAFFIC_LIGHT_RED,,PREVIEW_DEFAULT
142.4949,-36.0028,-15.8608,0.000,TRAFFIC,1,TRAFFIC,,,TRAFFIC_LIGHT_RED,,PREVIEW_DEFAULT
142.5949,-36.0431,-15.9523,0.000,TRAFFIC,1,TRAFFIC,,,TRAFFIC_LIGHT_RED,,PREVIEW_DEFAULT
142.6950,-36.0838,-16.0437,0.000,TRAFFIC,1,TRAFFIC,,,TRAFFIC_LIGHT_RED,,PREVIEW_DEFAULT
142.7681,-36.1137,-16.1104,0.000,TRAFFIC,1,TRAFFIC,TRAFFIC_1_RED_STOP_END,,TRAFFIC_LIGHT_RED,,PREVIEW_DEFAULT
142.7949,-36.1247,-16.1349,0.000,TRAFFIC,1,TRAFFIC,,,TRAFFIC_LIGHT_RED,,PREVIEW_DEFAULT
142.8949,-36.1661,-16.2259,0.000,TRAFFIC,1,TRAFFIC,,,TRAFFIC_LIGHT_RED,,PREVIEW_DEFAULT
142.9825,-36.2020,-16.3058,0.000,NORMAL,1,ROUTE,,,,,PREVIEW_DEFAULT
142.9949,-36.2070,-16.3172,0.000,NORMAL,1,ROUTE,,,,,PREVIEW_DEFAULT
143.0949,-36.2468,-16.4089,0.000,NORMAL,1,ROUTE,,,,,PREVIEW_DEFAULT
143.1949,-36.2856,-16.5011,0.000,NORMAL,1,ROUTE,,,,,PREVIEW_DEFAULT
143.2949,-36.3237,-16.5935,0.000,NORMAL,1,ROUTE,,,,,PREVIEW_DEFAULT
143.3949,-36.3609,-16.6863,0.000,NORMAL,1,ROUTE,,,,,PREVIEW_DEFAULT
143.4949,-36.3975,-16.7794,0.000,NORMAL,1,ROUTE,,,,,PREVIEW_DEFAULT
143.5949,-36.4335,-16.8727,0.000,NORMAL,1,ROUTE,,,,,PREVIEW_DEFAULT
143.6948,-36.4688,-16.9662,0.000,NORMAL,1,ROUTE,,,,,PREVIEW_DEFAULT
143.7949,-36.5037,-17.0600,0.000,NORMAL,1,ROUTE,,,,,PREVIEW_DEFAULT
143.8948,-36.5381,-17.1538,0.000,NORMAL,1,ROUTE,,,,,PREVIEW_DEFAULT
143.9949,-36.5722,-17.2479,0.000,NORMAL,1,ROUTE,,,,,PREVIEW_DEFAULT
144.0948,-36.6060,-17.3419,0.000,NORMAL,1,ROUTE,,,,,PREVIEW_DEFAULT
144.1949,-36.6398,-17.4361,0.000,NORMAL,1,ROUTE,,,,,PREVIEW_DEFAULT
144.2949,-36.6736,-17.5302,0.000,NORMAL,1,ROUTE,,,,,PREVIEW_DEFAULT
144.3948,-36.7076,-17.6242,0.000,NORMAL,1,ROUTE,,,,,PREVIEW_DEFAULT
144.4949,-36.7419,-17.7182,0.000,NORMAL,1,ROUTE,,,,,PREVIEW_DEFAULT
144.5948,-36.7766,-17.8119,0.000,NORMAL,1,ROUTE,,,,,PREVIEW_DEFAULT
144.6948,-36.8118,-17.9055,0.000,NORMAL,1,ROUTE,,,,,PREVIEW_DEFAULT
144.7948,-36.8475,-17.9989,0.000,NORMAL,1,ROUTE,,,,,PREVIEW_DEFAULT
144.8949,-36.8839,-18.0921,0.000,NORMAL,1,ROUTE,,,,,PREVIEW_DEFAULT
144.9948,-36.9210,-18.1849,0.000,NORMAL,1,ROUTE,,,,,PREVIEW_DEFAULT
145.0948,-36.9586,-18.2776,0.000,NORMAL,1,ROUTE,,,,,PREVIEW_DEFAULT
145.1948,-36.9968,-18.3700,0.000,NORMAL,1,ROUTE,,,,,PREVIEW_DEFAULT
145.2949,-37.0354,-18.4623,0.000,NORMAL,1,ROUTE,,,,,PREVIEW_DEFAULT
145.3949,-37.0743,-18.5544,0.000,NORMAL,1,ROUTE,,,,,PREVIEW_DEFAULT
145.4949,-37.1135,-18.6464,0.000,NORMAL,1,ROUTE,,,,,PREVIEW_DEFAULT
145.5948,-37.1527,-18.7383,0.000,NORMAL,1,ROUTE,,,,,PREVIEW_DEFAULT
145.6949,-37.1921,-18.8303,0.000,NORMAL,1,ROUTE,,,,,PREVIEW_DEFAULT
145.7948,-37.2315,-18.9222,0.000,NORMAL,1,ROUTE,,,,,PREVIEW_DEFAULT
145.8948,-37.2709,-19.0141,0.000,NORMAL,1,ROUTE,,,,,PREVIEW_DEFAULT
145.9948,-37.3103,-19.1060,0.000,NORMAL,1,ROUTE,,,,,PREVIEW_DEFAULT
146.0948,-37.3497,-19.1979,0.000,NORMAL,1,ROUTE,,,,,PREVIEW_DEFAULT
146.1948,-37.3891,-19.2898,0.000,NORMAL,1,ROUTE,,,,,PREVIEW_DEFAULT
146.2948,-37.4286,-19.3817,0.000,NORMAL,1,ROUTE,,,,,PREVIEW_DEFAULT
146.3949,-37.4681,-19.4736,0.000,NORMAL,1,ROUTE,,,,,PREVIEW_DEFAULT
146.4948,-37.5076,-19.5654,0.000,NORMAL,1,ROUTE,,,,,PREVIEW_DEFAULT
146.5948,-37.5471,-19.6573,0.000,NORMAL,1,ROUTE,,,,,PREVIEW_DEFAULT
146.6948,-37.5866,-19.7491,0.000,NORMAL,1,ROUTE,,,,,PREVIEW_DEFAULT
146.7948,-37.6261,-19.8410,0.000,NORMAL,1,ROUTE,,,,,PREVIEW_DEFAULT
146.8948,-37.6655,-19.9329,0.000,NORMAL,1,ROUTE,,,,,PREVIEW_DEFAULT
146.9947,-37.7048,-20.0248,0.000,NORMAL,1,ROUTE,,,,,PREVIEW_DEFAULT
147.0948,-37.7441,-20.1168,0.000,NORMAL,1,ROUTE,,,,,PREVIEW_DEFAULT
147.1948,-37.7831,-20.2089,0.000,NORMAL,1,ROUTE,,,,,PREVIEW_DEFAULT
147.2948,-37.8221,-20.3010,0.000,NORMAL,1,ROUTE,,,,,PREVIEW_DEFAULT
147.3948,-37.8608,-20.3932,0.000,NORMAL,1,ROUTE,,,,,PREVIEW_DEFAULT
147.4948,-37.8993,-20.4855,0.000,NORMAL,1,ROUTE,,,,,PREVIEW_DEFAULT
147.5947,-37.9376,-20.5778,0.000,NORMAL,1,ROUTE,,,,,PREVIEW_DEFAULT
147.6947,-37.9756,-20.6703,0.000,NORMAL,1,ROUTE,,,,,PREVIEW_DEFAULT
147.7947,-38.0133,-20.7629,0.000,NORMAL,1,ROUTE,,,,,PREVIEW_DEFAULT
147.8948,-38.0507,-20.8557,0.000,NORMAL,1,ROUTE,,,,,PREVIEW_DEFAULT
147.9948,-38.0879,-20.9485,0.000,NORMAL,1,ROUTE,,,,,PREVIEW_DEFAULT
148.0947,-38.1248,-21.0414,0.000,NORMAL,1,ROUTE,,,,,PREVIEW_DEFAULT
148.1948,-38.1615,-21.1345,0.000,NORMAL,1,ROUTE,,,,,PREVIEW_DEFAULT
148.2948,-38.1979,-21.2276,0.000,NORMAL,1,ROUTE,,,,,PREVIEW_DEFAULT
148.3947,-38.2341,-21.3208,0.000,NORMAL,1,ROUTE,,,,,PREVIEW_DEFAULT
148.4948,-38.2702,-21.4141,0.000,NORMAL,1,ROUTE,,,,,PREVIEW_DEFAULT
148.5947,-38.3061,-21.5074,0.000,NORMAL,1,ROUTE,,,,,PREVIEW_DEFAULT
148.6948,-38.3419,-21.6008,0.000,NORMAL,1,ROUTE,,,,,PREVIEW_DEFAULT
148.7948,-38.3776,-21.6942,0.000,NORMAL,1,ROUTE,,,,,PREVIEW_DEFAULT
148.8948,-38.4133,-21.7876,0.000,NORMAL,1,ROUTE,,,,,PREVIEW_DEFAULT
148.9947,-38.4489,-21.8810,0.000,NORMAL,1,ROUTE,,,,,PREVIEW_DEFAULT
149.0947,-38.4845,-21.9744,0.000,NORMAL,1,ROUTE,,,,,PREVIEW_DEFAULT
149.1947,-38.5202,-22.0679,0.000,NORMAL,1,ROUTE,,,,,PREVIEW_DEFAULT
149.2948,-38.5560,-22.1613,0.000,NORMAL,1,ROUTE,,,,,PREVIEW_DEFAULT
149.3947,-38.5918,-22.2546,0.000,NORMAL,1,ROUTE,,,,,PREVIEW_DEFAULT
149.4947,-38.6277,-22.3479,0.000,NORMAL,1,ROUTE,,,,,PREVIEW_DEFAULT
149.5947,-38.6638,-22.4412,0.000,NORMAL,1,ROUTE,,,,,PREVIEW_DEFAULT
149.6947,-38.6999,-22.5344,0.000,NORMAL,1,ROUTE,,,,,PREVIEW_DEFAULT
149.7947,-38.7363,-22.6276,0.000,NORMAL,1,ROUTE,,,,,PREVIEW_DEFAULT
149.8947,-38.7727,-22.7207,0.000,NORMAL,1,ROUTE,,,,,PREVIEW_DEFAULT
149.9947,-38.8093,-22.8138,0.000,NORMAL,1,ROUTE,,,,,PREVIEW_DEFAULT
150.0947,-38.8460,-22.9068,0.000,NORMAL,1,ROUTE,,,,,PREVIEW_DEFAULT
150.1947,-38.8827,-22.9998,0.000,NORMAL,1,ROUTE,,,,,PREVIEW_DEFAULT
150.2947,-38.9195,-23.0928,0.000,NORMAL,1,ROUTE,,,,,PREVIEW_DEFAULT
150.3947,-38.9562,-23.1858,0.000,NORMAL,1,ROUTE,,,,,PREVIEW_DEFAULT
150.4947,-38.9930,-23.2788,0.000,NORMAL,1,ROUTE,,,,,PREVIEW_DEFAULT
150.5947,-39.0296,-23.3719,0.000,NORMAL,1,ROUTE,,,,,PREVIEW_DEFAULT
150.6947,-39.0661,-23.4650,0.000,NORMAL,1,ROUTE,,,,,PREVIEW_DEFAULT
150.7946,-39.1024,-23.5581,0.000,NORMAL,1,ROUTE,,,,,PREVIEW_DEFAULT
150.8947,-39.1385,-23.6514,0.000,NORMAL,1,ROUTE,,,,,PREVIEW_DEFAULT
150.9947,-39.1743,-23.7448,0.000,NORMAL,1,ROUTE,,,,,PREVIEW_DEFAULT
151.0946,-39.2098,-23.8382,0.000,NORMAL,1,ROUTE,,,,,PREVIEW_DEFAULT
151.1946,-39.2450,-23.9318,0.000,NORMAL,1,ROUTE,,,,,PREVIEW_DEFAULT
151.2947,-39.2798,-24.0256,0.000,NORMAL,1,ROUTE,,,,,PREVIEW_DEFAULT
151.3947,-39.3144,-24.1194,0.000,NORMAL,1,ROUTE,,,,,PREVIEW_DEFAULT
151.4946,-39.3486,-24.2133,0.000,NORMAL,1,ROUTE,,,,,PREVIEW_DEFAULT
151.5947,-39.3827,-24.3074,0.000,NORMAL,1,ROUTE,,,,,PREVIEW_DEFAULT
151.6946,-39.4166,-24.4014,0.000,NORMAL,1,ROUTE,,,,,PREVIEW_DEFAULT
151.7946,-39.4504,-24.4955,0.000,NORMAL,1,ROUTE,,,,,PREVIEW_DEFAULT
151.8946,-39.4844,-24.5896,0.000,NORMAL,1,ROUTE,,,,,PREVIEW_DEFAULT
151.9946,-39.5185,-24.6836,0.000,NORMAL,1,ROUTE,,,,,PREVIEW_DEFAULT
152.0946,-39.5528,-24.7775,0.000,NORMAL,1,ROUTE,,,,,PREVIEW_DEFAULT
152.1946,-39.5874,-24.8713,0.000,NORMAL,1,ROUTE,,,,,PREVIEW_DEFAULT
152.2946,-39.6225,-24.9650,0.000,NORMAL,1,ROUTE,,,,,PREVIEW_DEFAULT
152.3946,-39.6579,-25.0585,0.000,NORMAL,1,ROUTE,,,,,PREVIEW_DEFAULT
152.4946,-39.6936,-25.1519,0.000,NORMAL,1,ROUTE,,,,,PREVIEW_DEFAULT
152.5947,-39.7297,-25.2452,0.000,NORMAL,1,ROUTE,,,,,PREVIEW_DEFAULT
152.6946,-39.7660,-25.3383,0.000,NORMAL,1,ROUTE,,,,,PREVIEW_DEFAULT
152.7945,-39.8024,-25.4314,0.000,NORMAL,1,ROUTE,,,,,PREVIEW_DEFAULT
152.8946,-39.8390,-25.5245,0.000,NORMAL,1,ROUTE,,,,,PREVIEW_DEFAULT
152.9946,-39.8755,-25.6176,0.000,NORMAL,1,ROUTE,,,,,PREVIEW_DEFAULT
153.0946,-39.9120,-25.7107,0.000,NORMAL,1,ROUTE,,,,,PREVIEW_DEFAULT
153.1946,-39.9483,-25.8039,0.000,NORMAL,1,ROUTE,,,,,PREVIEW_DEFAULT
153.2945,-39.9844,-25.8971,0.000,NORMAL,1,ROUTE,,,,,PREVIEW_DEFAULT
153.3946,-40.0203,-25.9905,0.000,NORMAL,1,ROUTE,,,,,PREVIEW_DEFAULT
153.4946,-40.0560,-26.0839,0.000,NORMAL,1,ROUTE,,,,,PREVIEW_DEFAULT
153.5946,-40.0914,-26.1774,0.000,NORMAL,1,ROUTE,,,,,PREVIEW_DEFAULT
153.6945,-40.1265,-26.2710,0.000,NORMAL,1,ROUTE,,,,,PREVIEW_DEFAULT
153.7946,-40.1615,-26.3647,0.000,NORMAL,1,ROUTE,,,,,PREVIEW_DEFAULT
153.8946,-40.1962,-26.4585,0.000,NORMAL,1,ROUTE,,,,,PREVIEW_DEFAULT
153.9945,-40.2307,-26.5523,0.000,NORMAL,1,ROUTE,,,,,PREVIEW_DEFAULT
154.0946,-40.2652,-26.6462,0.000,NORMAL,1,ROUTE,,,,,PREVIEW_DEFAULT
154.1946,-40.2996,-26.7401,0.000,NORMAL,1,ROUTE,,,,,PREVIEW_DEFAULT
154.2946,-40.3340,-26.8340,0.000,NORMAL,1,ROUTE,,,,,PREVIEW_DEFAULT
154.3946,-40.3685,-26.9279,0.000,NORMAL,1,ROUTE,,,,,PREVIEW_DEFAULT
154.4945,-40.4032,-27.0216,0.000,NORMAL,1,ROUTE,,,,,PREVIEW_DEFAULT
154.5946,-40.4381,-27.1154,0.000,NORMAL,1,ROUTE,,,,,PREVIEW_DEFAULT
154.6946,-40.4733,-27.2090,0.000,NORMAL,1,ROUTE,,,,,PREVIEW_DEFAULT
154.7945,-40.5088,-27.3024,0.000,NORMAL,1,ROUTE,,,,,PREVIEW_DEFAULT
154.8945,-40.5446,-27.3958,0.000,NORMAL,1,ROUTE,,,,,PREVIEW_DEFAULT
154.9945,-40.5807,-27.4890,0.000,NORMAL,1,ROUTE,,,,,PREVIEW_DEFAULT
155.0946,-40.6172,-27.5822,0.000,NORMAL,1,ROUTE,,,,,PREVIEW_DEFAULT
155.1945,-40.6538,-27.6752,0.000,NORMAL,1,ROUTE,,,,,PREVIEW_DEFAULT
155.2945,-40.6906,-27.7682,0.000,NORMAL,1,ROUTE,,,,,PREVIEW_DEFAULT
155.3945,-40.7275,-27.8611,0.000,NORMAL,1,ROUTE,,,,,PREVIEW_DEFAULT
155.4945,-40.7645,-27.9540,0.000,NORMAL,1,ROUTE,,,,,PREVIEW_DEFAULT
155.5946,-40.8014,-28.0470,0.000,NORMAL,1,ROUTE,,,,,PREVIEW_DEFAULT
155.6945,-40.8384,-28.1399,0.000,NORMAL,1,ROUTE,,,,,PREVIEW_DEFAULT
155.7945,-40.8753,-28.2328,0.000,NORMAL,1,ROUTE,,,,,PREVIEW_DEFAULT
155.8945,-40.9121,-28.3258,0.000,NORMAL,1,ROUTE,,,,,PREVIEW_DEFAULT
155.9945,-40.9490,-28.4187,0.000,NORMAL,1,ROUTE,,,,,PREVIEW_DEFAULT
156.0945,-40.9858,-28.5117,0.000,NORMAL,1,ROUTE,,,,,PREVIEW_DEFAULT
156.1945,-41.0227,-28.6046,0.000,NORMAL,1,ROUTE,,,,,PREVIEW_DEFAULT
156.2945,-41.0597,-28.6975,0.000,NORMAL,1,ROUTE,,,,,PREVIEW_DEFAULT
156.3945,-41.0968,-28.7904,0.000,NORMAL,1,ROUTE,,,,,PREVIEW_DEFAULT
156.4945,-41.1341,-28.8832,0.000,NORMAL,1,ROUTE,,,,,PREVIEW_DEFAULT
156.5945,-41.1716,-28.9759,0.000,NORMAL,1,ROUTE,,,,,PREVIEW_DEFAULT
156.6945,-41.2094,-29.0685,0.000,NORMAL,1,ROUTE,,,,,PREVIEW_DEFAULT
156.7945,-41.2475,-29.1609,0.000,NORMAL,1,ROUTE,,,,,PREVIEW_DEFAULT
156.8944,-41.2859,-29.2532,0.000,NORMAL,1,ROUTE,,,,,PREVIEW_DEFAULT
156.9944,-41.3246,-29.3454,0.000,NORMAL,1,ROUTE,,,,,PREVIEW_DEFAULT
157.0944,-41.3638,-29.4374,0.000,NORMAL,1,ROUTE,,,,,PREVIEW_DEFAULT
157.1945,-41.4033,-29.5293,0.000,NORMAL,1,ROUTE,,,,,PREVIEW_DEFAULT
157.2945,-41.4432,-29.6210,0.000,NORMAL,1,ROUTE,,,,,PREVIEW_DEFAULT
157.3945,-41.4834,-29.7126,0.000,NORMAL,1,ROUTE,,,,,PREVIEW_DEFAULT
157.4944,-41.5238,-29.8040,0.000,NORMAL,1,ROUTE,,,,,PREVIEW_DEFAULT
157.5944,-41.5644,-29.8954,0.000,NORMAL,1,ROUTE,,,,,PREVIEW_DEFAULT
157.6944,-41.6051,-29.9867,0.000,NORMAL,1,ROUTE,,,,,PREVIEW_DEFAULT
157.7944,-41.6459,-30.0780,0.000,NORMAL,1,ROUTE,,,,,PREVIEW_DEFAULT
157.8945,-41.6866,-30.1694,0.000,NORMAL,1,ROUTE,,,,,PREVIEW_DEFAULT
157.9945,-41.7272,-30.2608,0.000,NORMAL,1,ROUTE,,,,,PREVIEW_DEFAULT
158.0945,-41.7675,-30.3523,0.000,NORMAL,1,ROUTE,,,,,PREVIEW_DEFAULT
158.1944,-41.8075,-30.4439,0.000,NORMAL,1,ROUTE,,,,,PREVIEW_DEFAULT
158.2944,-41.8472,-30.5357,0.000,NORMAL,1,ROUTE,,,,,PREVIEW_DEFAULT
158.3944,-41.8864,-30.6277,0.000,NORMAL,1,ROUTE,,,,,PREVIEW_DEFAULT
158.4944,-41.9250,-30.7199,0.000,NORMAL,1,ROUTE,,,,,PREVIEW_DEFAULT
158.5944,-41.9631,-30.8124,0.000,NORMAL,1,ROUTE,,,,,PREVIEW_DEFAULT
158.6944,-42.0006,-30.9051,0.000,NORMAL,1,ROUTE,,,,,PREVIEW_DEFAULT
158.7945,-42.0375,-30.9981,0.000,NORMAL,1,ROUTE,,,,,PREVIEW_DEFAULT
158.8944,-42.0738,-31.0912,0.000,NORMAL,1,ROUTE,,,,,PREVIEW_DEFAULT
158.9944,-42.1096,-31.1846,0.000,NORMAL,1,ROUTE,,,,,PREVIEW_DEFAULT
159.0944,-42.1449,-31.2781,0.000,NORMAL,1,ROUTE,,,,,PREVIEW_DEFAULT
159.1944,-42.1799,-31.3718,0.000,NORMAL,1,ROUTE,,,,,PREVIEW_DEFAULT
159.2944,-42.2144,-31.4657,0.000,NORMAL,1,ROUTE,,,,,PREVIEW_DEFAULT
159.3944,-42.2488,-31.5596,0.000,NORMAL,1,ROUTE,,,,,PREVIEW_DEFAULT
159.4944,-42.2829,-31.6536,0.000,NORMAL,1,ROUTE,,,,,PREVIEW_DEFAULT
159.5944,-42.3169,-31.7476,0.000,NORMAL,1,ROUTE,,,,,PREVIEW_DEFAULT
159.6944,-42.3508,-31.8417,0.000,NORMAL,1,ROUTE,,,,,PREVIEW_DEFAULT
159.7944,-42.3847,-31.9358,0.000,NORMAL,1,ROUTE,,,,,PREVIEW_DEFAULT
159.8944,-42.4187,-32.0298,0.000,NORMAL,1,ROUTE,,,,,PREVIEW_DEFAULT
159.9944,-42.4528,-32.1238,0.000,NORMAL,1,ROUTE,,,,,PREVIEW_DEFAULT
160.0944,-42.4870,-32.2178,0.000,NORMAL,1,ROUTE,,,,,PREVIEW_DEFAULT
160.1943,-42.5215,-32.3116,0.000,NORMAL,1,ROUTE,,,,,PREVIEW_DEFAULT
160.2944,-42.5562,-32.4054,0.000,NORMAL,1,ROUTE,,,,,PREVIEW_DEFAULT
160.3944,-42.5912,-32.4991,0.000,NORMAL,1,ROUTE,,,,,PREVIEW_DEFAULT
160.4944,-42.6266,-32.5926,0.000,NORMAL,1,ROUTE,,,,,PREVIEW_DEFAULT
160.5944,-42.6623,-32.6860,0.000,NORMAL,1,ROUTE,,,,,PREVIEW_DEFAULT
160.6944,-42.6983,-32.7793,0.000,NORMAL,1,ROUTE,,,,,PREVIEW_DEFAULT
160.7944,-42.7348,-32.8724,0.000,NORMAL,1,ROUTE,,,,,PREVIEW_DEFAULT
160.8944,-42.7716,-32.9654,0.000,NORMAL,1,ROUTE,,,,,PREVIEW_DEFAULT
160.9943,-42.8088,-33.0582,0.000,NORMAL,1,ROUTE,,,,,PREVIEW_DEFAULT
161.0943,-42.8463,-33.1509,0.000,NORMAL,1,ROUTE,,,,,PREVIEW_DEFAULT
161.1943,-42.8843,-33.2434,0.000,NORMAL,1,ROUTE,,,,,PREVIEW_DEFAULT
161.2943,-42.9225,-33.3358,0.000,NORMAL,1,ROUTE,,,,,PREVIEW_DEFAULT
161.3944,-42.9611,-33.4281,0.000,NORMAL,1,ROUTE,,,,,PREVIEW_DEFAULT
161.4943,-42.9999,-33.5202,0.000,NORMAL,1,ROUTE,,,,,PREVIEW_DEFAULT
161.5943,-43.0391,-33.6122,0.000,NORMAL,1,ROUTE,,,,,PREVIEW_DEFAULT
161.6943,-43.0784,-33.7041,0.000,NORMAL,1,ROUTE,,,,,PREVIEW_DEFAULT
161.7943,-43.1180,-33.7960,0.000,NORMAL,1,ROUTE,,,,,PREVIEW_DEFAULT
161.8943,-43.1576,-33.8878,0.000,NORMAL,1,ROUTE,,,,,PREVIEW_DEFAULT
161.9943,-43.1974,-33.9795,0.000,NORMAL,1,ROUTE,,,,,PREVIEW_DEFAULT
162.0943,-43.2372,-34.0713,0.000,NORMAL,1,ROUTE,,,,,PREVIEW_DEFAULT
162.1943,-43.2771,-34.1630,0.000,NORMAL,1,ROUTE,,,,,PREVIEW_DEFAULT
162.2943,-43.3169,-34.2547,0.000,NORMAL,1,ROUTE,,,,,PREVIEW_DEFAULT
162.3943,-43.3566,-34.3465,0.000,NORMAL,1,ROUTE,,,,,PREVIEW_DEFAULT
162.4943,-43.3963,-34.4383,0.000,NORMAL,1,ROUTE,,,,,PREVIEW_DEFAULT
162.5943,-43.4358,-34.5301,0.000,NORMAL,1,ROUTE,,,,,PREVIEW_DEFAULT
162.6943,-43.4751,-34.6221,0.000,NORMAL,1,ROUTE,,,,,PREVIEW_DEFAULT
162.7942,-43.5143,-34.7140,0.000,NORMAL,1,ROUTE,,,,,PREVIEW_DEFAULT
162.8943,-43.5534,-34.8061,0.000,NORMAL,1,ROUTE,,,,,PREVIEW_DEFAULT
162.9943,-43.5922,-34.8983,0.000,NORMAL,1,ROUTE,,,,,PREVIEW_DEFAULT
163.0943,-43.6309,-34.9905,0.000,NORMAL,1,ROUTE,,,,,PREVIEW_DEFAULT
163.1943,-43.6694,-35.0828,0.000,NORMAL,1,ROUTE,,,,,PREVIEW_DEFAULT
163.2943,-43.7077,-35.1751,0.000,NORMAL,1,ROUTE,,,,,PREVIEW_DEFAULT
163.3943,-43.7459,-35.2676,0.000,NORMAL,1,ROUTE,,,,,PREVIEW_DEFAULT
163.4942,-43.7839,-35.3600,0.000,NORMAL,1,ROUTE,,,,,PREVIEW_DEFAULT
163.5942,-43.8219,-35.4525,0.000,NORMAL,1,ROUTE,,,,,PREVIEW_DEFAULT
163.6943,-43.8598,-35.5451,0.000,NORMAL,1,ROUTE,,,,,PREVIEW_DEFAULT
163.7943,-43.8977,-35.6376,0.000,NORMAL,1,ROUTE,,,,,PREVIEW_DEFAULT
163.8942,-43.9356,-35.7301,0.000,NORMAL,1,ROUTE,,,,,PREVIEW_DEFAULT
163.9943,-43.9735,-35.8227,0.000,NORMAL,1,ROUTE,,,,,PREVIEW_DEFAULT
164.0943,-44.0115,-35.9152,0.000,NORMAL,1,ROUTE,,,,,PREVIEW_DEFAULT
164.1942,-44.0496,-36.0076,0.000,NORMAL,1,ROUTE,,,,,PREVIEW_DEFAULT
164.2942,-44.0878,-36.1000,0.000,NORMAL,1,ROUTE,,,,,PREVIEW_DEFAULT
164.3942,-44.1261,-36.1924,0.000,NORMAL,1,ROUTE,,,,,PREVIEW_DEFAULT
164.4942,-44.1646,-36.2847,0.000,NORMAL,1,ROUTE,,,,,PREVIEW_DEFAULT
164.5942,-44.2032,-36.3769,0.000,NORMAL,1,ROUTE,,,,,PREVIEW_DEFAULT
164.6942,-44.2420,-36.4691,0.000,NORMAL,1,ROUTE,,,,,PREVIEW_DEFAULT
164.7942,-44.2810,-36.5612,0.000,NORMAL,1,ROUTE,,,,,PREVIEW_DEFAULT
164.8942,-44.3201,-36.6532,0.000,NORMAL,1,ROUTE,,,,,PREVIEW_DEFAULT
164.9942,-44.3593,-36.7452,0.000,NORMAL,1,ROUTE,,,,,PREVIEW_DEFAULT
165.0942,-44.3987,-36.8371,0.000,NORMAL,1,ROUTE,,,,,PREVIEW_DEFAULT
165.1942,-44.4382,-36.9290,0.000,NORMAL,1,ROUTE,,,,,PREVIEW_DEFAULT
165.2942,-44.4778,-37.0208,0.000,NORMAL,1,ROUTE,,,,,PREVIEW_DEFAULT
165.3942,-44.5174,-37.1126,0.000,NORMAL,1,ROUTE,,,,,PREVIEW_DEFAULT
165.4942,-44.5570,-37.2044,0.000,NORMAL,1,ROUTE,,,,,PREVIEW_DEFAULT
165.5942,-44.5966,-37.2963,0.000,NORMAL,1,ROUTE,,,,,PREVIEW_DEFAULT
165.6942,-44.6361,-37.3881,0.000,NORMAL,1,ROUTE,,,,,PREVIEW_DEFAULT
165.7942,-44.6755,-37.4800,0.000,NORMAL,1,ROUTE,,,,,PREVIEW_DEFAULT
165.8942,-44.7148,-37.5720,0.000,NORMAL,1,ROUTE,,,,,PREVIEW_DEFAULT
165.9942,-44.7539,-37.6640,0.000,NORMAL,1,ROUTE,,,,,PREVIEW_DEFAULT
166.0942,-44.7928,-37.7562,0.000,NORMAL,1,ROUTE,,,,,PREVIEW_DEFAULT
166.1942,-44.8315,-37.8484,0.000,NORMAL,1,ROUTE,,,,,PREVIEW_DEFAULT
166.2942,-44.8699,-37.9407,0.000,NORMAL,1,ROUTE,,,,,PREVIEW_DEFAULT
166.3941,-44.9082,-38.0330,0.000,NORMAL,1,ROUTE,,,,,PREVIEW_DEFAULT
166.4942,-44.9463,-38.1255,0.000,NORMAL,1,ROUTE,,,,,PREVIEW_DEFAULT
166.5942,-44.9843,-38.2180,0.000,NORMAL,1,ROUTE,,,,,PREVIEW_DEFAULT
166.6942,-45.0221,-38.3106,0.000,NORMAL,1,ROUTE,,,,,PREVIEW_DEFAULT
166.7942,-45.0598,-38.4032,0.000,NORMAL,1,ROUTE,,,,,PREVIEW_DEFAULT
166.8942,-45.0974,-38.4959,0.000,NORMAL,1,ROUTE,,,,,PREVIEW_DEFAULT
166.9941,-45.1349,-38.5885,0.000,NORMAL,1,ROUTE,,,,,PREVIEW_DEFAULT
167.0941,-45.1725,-38.6812,0.000,NORMAL,1,ROUTE,,,,,PREVIEW_DEFAULT
167.1942,-45.2101,-38.7739,0.000,NORMAL,1,ROUTE,,,,,PREVIEW_DEFAULT
167.2942,-45.2478,-38.8665,0.000,NORMAL,1,ROUTE,,,,,PREVIEW_DEFAULT
167.3941,-45.2857,-38.9590,0.000,NORMAL,1,ROUTE,,,,,PREVIEW_DEFAULT
167.4942,-45.3238,-39.0515,0.000,NORMAL,1,ROUTE,,,,,PREVIEW_DEFAULT
167.5941,-45.3620,-39.1439,0.000,NORMAL,1,ROUTE,,,,,PREVIEW_DEFAULT
167.6941,-45.4004,-39.2362,0.000,NORMAL,1,ROUTE,,,,,PREVIEW_DEFAULT
167.7942,-45.4390,-39.3285,0.000,NORMAL,1,ROUTE,,,,,PREVIEW_DEFAULT
167.8942,-45.4777,-39.4207,0.000,NORMAL,1,ROUTE,,,,,PREVIEW_DEFAULT
167.9941,-45.5166,-39.5128,0.000,NORMAL,1,ROUTE,,,,,PREVIEW_DEFAULT
168.0942,-45.5554,-39.6050,0.000,NORMAL,1,ROUTE,,,,,PREVIEW_DEFAULT
168.1941,-45.5942,-39.6971,0.000,NORMAL,1,ROUTE,,,,,PREVIEW_DEFAULT
168.2941,-45.6329,-39.7893,0.000,NORMAL,1,ROUTE,,,,,PREVIEW_DEFAULT
168.3941,-45.6715,-39.8816,0.000,NORMAL,1,ROUTE,,,,,PREVIEW_DEFAULT
168.4941,-45.7099,-39.9739,0.000,NORMAL,1,ROUTE,,,,,PREVIEW_DEFAULT
168.5941,-45.7480,-40.0663,0.000,NORMAL,1,ROUTE,,,,,PREVIEW_DEFAULT
168.6941,-45.7859,-40.1589,0.000,NORMAL,1,ROUTE,,,,,PREVIEW_DEFAULT
168.7941,-45.8236,-40.2515,0.000,NORMAL,1,ROUTE,,,,,PREVIEW_DEFAULT
168.8941,-45.8611,-40.3442,0.000,NORMAL,1,ROUTE,,,,,PREVIEW_DEFAULT
168.9941,-45.8983,-40.4370,0.000,NORMAL,1,ROUTE,,,,,PREVIEW_DEFAULT
169.0941,-45.9353,-40.5299,0.000,NORMAL,1,ROUTE,,,,,PREVIEW_DEFAULT
169.1941,-45.9722,-40.6229,0.000,NORMAL,1,ROUTE,,,,,PREVIEW_DEFAULT
169.2941,-46.0089,-40.7159,0.000,NORMAL,1,ROUTE,,,,,PREVIEW_DEFAULT
169.3941,-46.0455,-40.8090,0.000,NORMAL,1,ROUTE,,,,,PREVIEW_DEFAULT
169.4940,-46.0820,-40.9020,0.000,NORMAL,1,ROUTE,,,,,PREVIEW_DEFAULT
169.5941,-46.1186,-40.9951,0.000,NORMAL,1,ROUTE,,,,,PREVIEW_DEFAULT
169.6941,-46.1553,-41.0881,0.000,NORMAL,1,ROUTE,,,,,PREVIEW_DEFAULT
169.7940,-46.1920,-41.1811,0.000,NORMAL,1,ROUTE,,,,,PREVIEW_DEFAULT
169.8940,-46.2290,-41.2740,0.000,NORMAL,1,ROUTE,,,,,PREVIEW_DEFAULT
169.9941,-46.2661,-41.3669,0.000,NORMAL,1,ROUTE,,,,,PREVIEW_DEFAULT
170.0940,-46.3035,-41.4596,0.000,NORMAL,1,ROUTE,,,,,PREVIEW_DEFAULT
170.1941,-46.3411,-41.5523,0.000,NORMAL,1,ROUTE,,,,,PREVIEW_DEFAULT
170.2941,-46.3789,-41.6449,0.000,NORMAL,1,ROUTE,,,,,PREVIEW_DEFAULT
170.3941,-46.4169,-41.7374,0.000,NORMAL,1,ROUTE,,,,,PREVIEW_DEFAULT
170.4940,-46.4552,-41.8297,0.000,NORMAL,1,ROUTE,,,,,PREVIEW_DEFAULT
170.5941,-46.4936,-41.9221,0.000,NORMAL,1,ROUTE,,,,,PREVIEW_DEFAULT
170.6940,-46.5322,-42.0143,0.000,NORMAL,1,ROUTE,,,,,PREVIEW_DEFAULT
170.7940,-46.5709,-42.1065,0.000,NORMAL,1,ROUTE,,,,,PREVIEW_DEFAULT
170.8940,-46.6098,-42.1986,0.000,NORMAL,1,ROUTE,,,,,PREVIEW_DEFAULT
170.9940,-46.6488,-42.2907,0.000,NORMAL,1,ROUTE,,,,,PREVIEW_DEFAULT
171.0941,-46.6879,-42.3828,0.000,NORMAL,1,ROUTE,,,,,PREVIEW_DEFAULT
171.1940,-46.7270,-42.4748,0.000,NORMAL,1,ROUTE,,,,,PREVIEW_DEFAULT
171.2940,-46.7662,-42.5668,0.000,NORMAL,1,ROUTE,,,,,PREVIEW_DEFAULT
171.3940,-46.8055,-42.6587,0.000,NORMAL,1,ROUTE,,,,,PREVIEW_DEFAULT
171.4940,-46.8448,-42.7507,0.000,NORMAL,1,ROUTE,,,,,PREVIEW_DEFAULT
171.5940,-46.8841,-42.8426,0.000,NORMAL,1,ROUTE,,,,,PREVIEW_DEFAULT
171.6940,-46.9235,-42.9345,0.000,NORMAL,1,ROUTE,,,,,PREVIEW_DEFAULT
171.7940,-46.9629,-43.0264,0.000,NORMAL,1,ROUTE,,,,,PREVIEW_DEFAULT
171.8940,-47.0023,-43.1183,0.000,NORMAL,1,ROUTE,,,,,PREVIEW_DEFAULT
171.9940,-47.0417,-43.2103,0.000,NORMAL,1,ROUTE,,,,,PREVIEW_DEFAULT
172.0940,-47.0811,-43.3022,0.000,NORMAL,1,ROUTE,,,,,PREVIEW_DEFAULT
172.1940,-47.1205,-43.3941,0.000,NORMAL,1,ROUTE,,,,,PREVIEW_DEFAULT
172.2940,-47.1598,-43.4860,0.000,NORMAL,1,ROUTE,,,,,PREVIEW_DEFAULT
172.3940,-47.1991,-43.5780,0.000,NORMAL,1,ROUTE,,,,,PREVIEW_DEFAULT
172.4940,-47.2383,-43.6700,0.000,NORMAL,1,ROUTE,,,,,PREVIEW_DEFAULT
172.5940,-47.2776,-43.7619,0.000,NORMAL,1,ROUTE,,,,,PREVIEW_DEFAULT
172.6940,-47.3169,-43.8539,0.000,NORMAL,1,ROUTE,,,,,PREVIEW_DEFAULT
172.7939,-47.3561,-43.9458,0.000,NORMAL,1,ROUTE,,,,,PREVIEW_DEFAULT
172.8940,-47.3955,-44.0378,0.000,NORMAL,1,ROUTE,,,,,PREVIEW_DEFAULT
172.9939,-47.4350,-44.1296,0.000,NORMAL,1,ROUTE,,,,,PREVIEW_DEFAULT
173.0939,-47.4747,-44.2214,0.000,NORMAL,1,ROUTE,,,,,PREVIEW_DEFAULT
173.1940,-47.5146,-44.3131,0.000,NORMAL,1,ROUTE,,,,,PREVIEW_DEFAULT
173.2939,-47.5547,-44.4047,0.000,NORMAL,1,ROUTE,,,,,PREVIEW_DEFAULT
173.3939,-47.5950,-44.4962,0.000,NORMAL,1,ROUTE,,,,,PREVIEW_DEFAULT
173.4940,-47.6357,-44.5876,0.000,NORMAL,1,ROUTE,,,,,PREVIEW_DEFAULT
173.5939,-47.6765,-44.6788,0.000,NORMAL,1,ROUTE,,,,,PREVIEW_DEFAULT
173.6939,-47.7176,-44.7700,0.000,NORMAL,1,ROUTE,,,,,PREVIEW_DEFAULT
173.7940,-47.7590,-44.8611,0.000,NORMAL,1,ROUTE,,,,,PREVIEW_DEFAULT
173.8939,-47.8005,-44.9520,0.000,NORMAL,1,ROUTE,,,,,PREVIEW_DEFAULT
173.9940,-47.8423,-45.0429,0.000,NORMAL,1,ROUTE,,,,,PREVIEW_DEFAULT
174.0940,-47.8842,-45.1337,0.000,NORMAL,1,ROUTE,,,,,PREVIEW_DEFAULT
174.1939,-47.9264,-45.2243,0.000,NORMAL,1,ROUTE,,,,,PREVIEW_DEFAULT
174.2939,-47.9688,-45.3149,0.000,NORMAL,1,ROUTE,,,,,PREVIEW_DEFAULT
174.3939,-48.0115,-45.4053,0.000,NORMAL,1,ROUTE,,,,,PREVIEW_DEFAULT
174.4939,-48.0545,-45.4956,0.000,NORMAL,1,ROUTE,,,,,PREVIEW_DEFAULT
174.5939,-48.0978,-45.5857,0.000,NORMAL,1,ROUTE,,,,,PREVIEW_DEFAULT
174.6939,-48.1416,-45.6756,0.000,NORMAL,1,ROUTE,,,,,PREVIEW_DEFAULT
174.7939,-48.1858,-45.7653,0.000,NORMAL,1,ROUTE,,,,,PREVIEW_DEFAULT
174.8939,-48.2303,-45.8548,0.000,NORMAL,1,ROUTE,,,,,PREVIEW_DEFAULT
174.9939,-48.2753,-45.9442,0.000,NORMAL,1,ROUTE,,,,,PREVIEW_DEFAULT
175.0939,-48.3207,-46.0333,0.000,NORMAL,1,ROUTE,,,,,PREVIEW_DEFAULT
175.1939,-48.3664,-46.1222,0.000,NORMAL,1,ROUTE,,,,,PREVIEW_DEFAULT
175.2939,-48.4125,-46.2109,0.000,NORMAL,1,ROUTE,,,,,PREVIEW_DEFAULT
175.3939,-48.4589,-46.2995,0.000,NORMAL,1,ROUTE,,,,,PREVIEW_DEFAULT
175.4939,-48.5057,-46.3879,0.000,NORMAL,1,ROUTE,,,,,PREVIEW_DEFAULT
175.5939,-48.5528,-46.4761,0.000,NORMAL,1,ROUTE,,,,,PREVIEW_DEFAULT
175.6938,-48.6004,-46.5640,0.000,NORMAL,1,ROUTE,,,,,PREVIEW_DEFAULT
175.7938,-48.6484,-46.6517,0.000,NORMAL,1,ROUTE,,,,,PREVIEW_DEFAULT
175.8938,-48.6970,-46.7391,0.000,NORMAL,1,ROUTE,,,,,PREVIEW_DEFAULT
175.9939,-48.7463,-46.8262,0.000,NORMAL,1,ROUTE,,,,,PREVIEW_DEFAULT
176.0939,-48.7964,-46.9127,0.000,NORMAL,1,ROUTE,,,,,PREVIEW_DEFAULT
176.1938,-48.8473,-46.9987,0.000,NORMAL,1,ROUTE,,,,,PREVIEW_DEFAULT
176.2938,-48.8994,-47.0841,0.000,NORMAL,1,ROUTE,,,,,PREVIEW_DEFAULT
176.3939,-48.9526,-47.1688,0.000,NORMAL,1,ROUTE,,,,,PREVIEW_DEFAULT
176.4938,-49.0072,-47.2525,0.000,NORMAL,1,ROUTE,,,,,PREVIEW_DEFAULT
176.5938,-49.0633,-47.3353,0.000,NORMAL,1,ROUTE,,,,,PREVIEW_DEFAULT
176.6939,-49.1209,-47.4171,0.000,NORMAL,1,ROUTE,,,,,PREVIEW_DEFAULT
176.7938,-49.1802,-47.4976,0.000,NORMAL,1,ROUTE,,,,,PREVIEW_DEFAULT
176.8938,-49.2411,-47.5769,0.000,NORMAL,1,ROUTE,,,,,PREVIEW_DEFAULT
176.9938,-49.3036,-47.6549,0.000,NORMAL,1,ROUTE,,,,,PREVIEW_DEFAULT
177.0938,-49.3679,-47.7315,0.000,NORMAL,1,ROUTE,,,,,PREVIEW_DEFAULT
177.1938,-49.4339,-47.8066,0.000,NORMAL,1,ROUTE,,,,,PREVIEW_DEFAULT
177.2938,-49.5017,-47.8802,0.000,NORMAL,1,ROUTE,,,,,PREVIEW_DEFAULT
177.3938,-49.5711,-47.9521,0.000,NORMAL,1,ROUTE,,,,,PREVIEW_DEFAULT
177.4938,-49.6422,-48.0224,0.000,NORMAL,1,ROUTE,,,,,PREVIEW_DEFAULT
177.5938,-49.7150,-48.0910,0.000,NORMAL,1,ROUTE,,,,,PREVIEW_DEFAULT
177.6938,-49.7894,-48.1578,0.000,NORMAL,1,ROUTE,,,,,PREVIEW_DEFAULT
177.7938,-49.8654,-48.2228,0.000,NORMAL,1,ROUTE,,,,,PREVIEW_DEFAULT
177.8937,-49.9429,-48.2859,0.000,NORMAL,1,ROUTE,,,,,PREVIEW_DEFAULT
177.9938,-50.0220,-48.3472,0.000,NORMAL,1,ROUTE,,,,,PREVIEW_DEFAULT
178.0937,-50.1025,-48.4064,0.000,NORMAL,1,ROUTE,,,,,PREVIEW_DEFAULT
178.1938,-50.1845,-48.4637,0.000,NORMAL,1,ROUTE,,,,,PREVIEW_DEFAULT
178.2938,-50.2678,-48.5191,0.000,NORMAL,1,ROUTE,,,,,PREVIEW_DEFAULT
178.3937,-50.3523,-48.5724,0.000,NORMAL,1,ROUTE,,,,,PREVIEW_DEFAULT
178.4937,-50.4381,-48.6238,0.000,NORMAL,1,ROUTE,,,,,PREVIEW_DEFAULT
178.5937,-50.5251,-48.6731,0.000,NORMAL,1,ROUTE,,,,,PREVIEW_DEFAULT
178.6937,-50.6133,-48.7202,0.000,NORMAL,1,ROUTE,,,,,PREVIEW_DEFAULT
178.7937,-50.7027,-48.7651,0.000,NORMAL,1,ROUTE,,,,,PREVIEW_DEFAULT
178.8937,-50.7932,-48.8076,0.000,NORMAL,1,ROUTE,,,,,PREVIEW_DEFAULT
178.9937,-50.8848,-48.8477,0.000,NORMAL,1,ROUTE,,,,,PREVIEW_DEFAULT
179.0937,-50.9775,-48.8851,0.000,NORMAL,1,ROUTE,,,,,PREVIEW_DEFAULT
179.1937,-51.0713,-48.9198,0.000,NORMAL,1,ROUTE,,,,,PREVIEW_DEFAULT
179.2937,-51.1661,-48.9516,0.000,NORMAL,1,ROUTE,,,,,PREVIEW_DEFAULT
179.3937,-51.2619,-48.9803,0.000,NORMAL,1,ROUTE,,,,,PREVIEW_DEFAULT
179.4937,-51.3586,-49.0058,0.000,NORMAL,1,ROUTE,,,,,PREVIEW_DEFAULT
179.5937,-51.4561,-49.0278,0.000,NORMAL,1,ROUTE,,,,,PREVIEW_DEFAULT
179.6937,-51.5544,-49.0462,0.000,NORMAL,1,ROUTE,,,,,PREVIEW_DEFAULT
179.7937,-51.6534,-49.0607,0.000,NORMAL,1,ROUTE,,,,,PREVIEW_DEFAULT
179.8937,-51.7528,-49.0712,0.000,NORMAL,1,ROUTE,,,,,PREVIEW_DEFAULT
179.9937,-51.8526,-49.0778,0.000,NORMAL,1,ROUTE,,,,,PREVIEW_DEFAULT
180.0936,-51.9525,-49.0805,0.000,NORMAL,1,ROUTE,,,,,PREVIEW_DEFAULT
180.1936,-52.0525,-49.0795,0.000,NORMAL,1,ROUTE,,,,,PREVIEW_DEFAULT
180.2936,-52.1524,-49.0749,0.000,NORMAL,1,ROUTE,,,,,PREVIEW_DEFAULT
180.3936,-52.2520,-49.0668,0.000,NORMAL,1,ROUTE,,,,,PREVIEW_DEFAULT
180.4936,-52.3514,-49.0556,0.000,NORMAL,1,ROUTE,,,,,PREVIEW_DEFAULT
180.5936,-52.4504,-49.0415,0.000,NORMAL,1,ROUTE,,,,,PREVIEW_DEFAULT
180.6936,-52.5490,-49.0246,0.000,NORMAL,1,ROUTE,,,,,PREVIEW_DEFAULT
180.7936,-52.6471,-49.0052,0.000,NORMAL,1,ROUTE,,,,,PREVIEW_DEFAULT
180.8936,-52.7447,-48.9835,0.000,NORMAL,1,ROUTE,,,,,PREVIEW_DEFAULT
180.9936,-52.8418,-48.9596,0.000,NORMAL,1,ROUTE,,,,,PREVIEW_DEFAULT
181.0935,-52.9383,-48.9336,0.000,NORMAL,1,ROUTE,,,,,PREVIEW_DEFAULT
181.1935,-53.0343,-48.9056,0.000,NORMAL,1,ROUTE,,,,,PREVIEW_DEFAULT
181.2935,-53.1297,-48.8757,0.000,NORMAL,1,ROUTE,,,,,PREVIEW_DEFAULT
181.3935,-53.2245,-48.8438,0.000,NORMAL,1,ROUTE,,,,,PREVIEW_DEFAULT
181.4935,-53.3186,-48.8100,0.000,NORMAL,1,ROUTE,,,,,PREVIEW_DEFAULT
181.5935,-53.4120,-48.7743,0.000,NORMAL,1,ROUTE,,,,,PREVIEW_DEFAULT
181.6935,-53.5047,-48.7368,0.000,NORMAL,1,ROUTE,,,,,PREVIEW_DEFAULT
181.7936,-53.5967,-48.6975,0.000,NORMAL,1,ROUTE,,,,,PREVIEW_DEFAULT
181.8935,-53.6879,-48.6566,0.000,NORMAL,1,ROUTE,,,,,PREVIEW_DEFAULT
181.9935,-53.7785,-48.6142,0.000,NORMAL,1,ROUTE,,,,,PREVIEW_DEFAULT
182.0935,-53.8683,-48.5703,0.000,NORMAL,1,ROUTE,,,,,PREVIEW_DEFAULT
182.1935,-53.9575,-48.5250,0.000,NORMAL,1,ROUTE,,,,,PREVIEW_DEFAULT
182.2935,-54.0460,-48.4785,0.000,NORMAL,1,ROUTE,,,,,PREVIEW_DEFAULT
182.3935,-54.1338,-48.4307,0.000,NORMAL,1,ROUTE,,,,,PREVIEW_DEFAULT
182.4935,-54.2211,-48.3818,0.000,NORMAL,1,ROUTE,,,,,PREVIEW_DEFAULT
182.5935,-54.3077,-48.3318,0.000,NORMAL,1,ROUTE,,,,,PREVIEW_DEFAULT
182.6935,-54.3937,-48.2808,0.000,NORMAL,1,ROUTE,,,,,PREVIEW_DEFAULT
182.7935,-54.4791,-48.2289,0.000,NORMAL,1,ROUTE,,,,,PREVIEW_DEFAULT
182.8935,-54.5641,-48.1761,0.000,NORMAL,1,ROUTE,,,,,PREVIEW_DEFAULT
182.9935,-54.6485,-48.1225,0.000,NORMAL,1,ROUTE,,,,,PREVIEW_DEFAULT
183.0935,-54.7324,-48.0681,0.000,NORMAL,1,ROUTE,,,,,PREVIEW_DEFAULT
183.1935,-54.8159,-48.0131,0.000,NORMAL,1,ROUTE,,,,,PREVIEW_DEFAULT
183.2935,-54.8989,-47.9573,0.000,NORMAL,1,ROUTE,,,,,PREVIEW_DEFAULT
183.3934,-54.9814,-47.9009,0.000,NORMAL,1,ROUTE,,,,,PREVIEW_DEFAULT
183.4935,-55.0636,-47.8439,0.000,NORMAL,1,ROUTE,,,,,PREVIEW_DEFAULT
183.5935,-55.1453,-47.7862,0.000,NORMAL,1,ROUTE,,,,,PREVIEW_DEFAULT
183.6935,-55.2266,-47.7280,0.000,NORMAL,1,ROUTE,,,,,PREVIEW_DEFAULT
183.7935,-55.3074,-47.6691,0.000,NORMAL,1,ROUTE,,,,,PREVIEW_DEFAULT
183.8934,-55.3878,-47.6097,0.000,NORMAL,1,ROUTE,,,,,PREVIEW_DEFAULT
183.9935,-55.4678,-47.5496,0.000,NORMAL,1,ROUTE,,,,,PREVIEW_DEFAULT
184.0934,-55.5472,-47.4889,0.000,NORMAL,1,ROUTE,,,,,PREVIEW_DEFAULT
184.1935,-55.6261,-47.4274,0.000,NORMAL,1,ROUTE,,,,,PREVIEW_DEFAULT
184.2935,-55.7044,-47.3652,0.000,NORMAL,1,ROUTE,,,,,PREVIEW_DEFAULT
184.3934,-55.7821,-47.3023,0.000,NORMAL,1,ROUTE,,,,,PREVIEW_DEFAULT
184.4934,-55.8590,-47.2384,0.000,NORMAL,1,ROUTE,,,,,PREVIEW_DEFAULT
184.5934,-55.9352,-47.1737,0.000,NORMAL,1,ROUTE,,,,,PREVIEW_DEFAULT
184.6935,-56.0106,-47.1079,0.000,NORMAL,1,ROUTE,,,,,PREVIEW_DEFAULT
184.7934,-56.0850,-47.0411,0.000,NORMAL,1,ROUTE,,,,,PREVIEW_DEFAULT
184.8934,-56.1583,-46.9731,0.000,NORMAL,1,ROUTE,,,,,PREVIEW_DEFAULT
184.9934,-56.2305,-46.9039,0.000,NORMAL,1,ROUTE,,,,,PREVIEW_DEFAULT
185.0934,-56.3013,-46.8333,0.000,NORMAL,1,ROUTE,,,,,PREVIEW_DEFAULT
185.1934,-56.3708,-46.7614,0.000,NORMAL,1,ROUTE,,,,,PREVIEW_DEFAULT
185.2934,-56.4388,-46.6881,0.000,NORMAL,1,ROUTE,,,,,PREVIEW_DEFAULT
185.3934,-56.5053,-46.6134,0.000,NORMAL,1,ROUTE,,,,,PREVIEW_DEFAULT
185.4934,-56.5701,-46.5372,0.000,NORMAL,1,ROUTE,,,,,PREVIEW_DEFAULT
185.5934,-56.6331,-46.4596,0.000,NORMAL,1,ROUTE,,,,,PREVIEW_DEFAULT
185.6934,-56.6944,-46.3806,0.000,NORMAL,1,ROUTE,,,,,PREVIEW_DEFAULT
185.7933,-56.7539,-46.3003,0.000,NORMAL,1,ROUTE,,,,,PREVIEW_DEFAULT
185.8934,-56.8115,-46.2185,0.000,NORMAL,1,ROUTE,,,,,PREVIEW_DEFAULT
185.9934,-56.8671,-46.1354,0.000,NORMAL,1,ROUTE,,,,,PREVIEW_DEFAULT
186.0934,-56.9208,-46.0510,0.000,NORMAL,1,ROUTE,,,,,PREVIEW_DEFAULT
186.1934,-56.9726,-45.9655,0.000,NORMAL,1,ROUTE,,,,,PREVIEW_DEFAULT
186.2933,-57.0227,-45.8790,0.000,NORMAL,1,ROUTE,,,,,PREVIEW_DEFAULT
186.3933,-57.0711,-45.7915,0.000,NORMAL,1,ROUTE,,,,,PREVIEW_DEFAULT
186.4933,-57.1180,-45.7032,0.000,NORMAL,1,ROUTE,,,,,PREVIEW_DEFAULT
186.5933,-57.1635,-45.6141,0.000,NORMAL,1,ROUTE,,,,,PREVIEW_DEFAULT
186.6933,-57.2077,-45.5244,0.000,NORMAL,1,ROUTE,,,,,PREVIEW_DEFAULT
186.7934,-57.2507,-45.4341,0.000,NORMAL,1,ROUTE,,,,,PREVIEW_DEFAULT
186.8933,-57.2925,-45.3433,0.000,NORMAL,1,ROUTE,,,,,PREVIEW_DEFAULT
186.9933,-57.3331,-45.2519,0.000,NORMAL,1,ROUTE,,,,,PREVIEW_DEFAULT
187.0933,-57.3725,-45.1600,0.000,NORMAL,1,ROUTE,,,,,PREVIEW_DEFAULT
187.1933,-57.4107,-45.0676,0.000,NORMAL,1,ROUTE,,,,,PREVIEW_DEFAULT
187.2933,-57.4476,-44.9747,0.000,NORMAL,1,ROUTE,,,,,PREVIEW_DEFAULT
187.3933,-57.4832,-44.8812,0.000,NORMAL,1,ROUTE,,,,,PREVIEW_DEFAULT
187.4933,-57.5174,-44.7872,0.000,NORMAL,1,ROUTE,,,,,PREVIEW_DEFAULT
187.5933,-57.5501,-44.6927,0.000,NORMAL,1,ROUTE,,,,,PREVIEW_DEFAULT
187.6933,-57.5813,-44.5977,0.000,NORMAL,1,ROUTE,,,,,PREVIEW_DEFAULT
187.7933,-57.6110,-44.5023,0.000,NORMAL,1,ROUTE,,,,,PREVIEW_DEFAULT
187.8932,-57.6393,-44.4064,0.000,NORMAL,1,ROUTE,,,,,PREVIEW_DEFAULT
187.9932,-57.6662,-44.3101,0.000,NORMAL,1,ROUTE,,,,,PREVIEW_DEFAULT
188.0933,-57.6920,-44.2134,0.000,NORMAL,1,ROUTE,,,,,PREVIEW_DEFAULT
188.1932,-57.7168,-44.1166,0.000,NORMAL,1,ROUTE,,,,,PREVIEW_DEFAULT
188.2932,-57.7407,-44.0195,0.000,NORMAL,1,ROUTE,,,,,PREVIEW_DEFAULT
188.3933,-57.7639,-43.9222,0.000,NORMAL,1,ROUTE,,,,,PREVIEW_DEFAULT
188.4933,-57.7866,-43.8248,0.000,NORMAL,1,ROUTE,,,,,PREVIEW_DEFAULT
188.5933,-57.8088,-43.7273,0.000,NORMAL,1,ROUTE,,,,,PREVIEW_DEFAULT
188.6933,-57.8307,-43.6297,0.000,NORMAL,1,ROUTE,,,,,PREVIEW_DEFAULT
188.7933,-57.8524,-43.5321,0.000,NORMAL,1,ROUTE,,,,,PREVIEW_DEFAULT
188.8933,-57.8737,-43.4344,0.000,NORMAL,1,ROUTE,,,,,PREVIEW_DEFAULT
188.9932,-57.8948,-43.3367,0.000,NORMAL,1,ROUTE,,,,,PREVIEW_DEFAULT
189.0932,-57.9155,-43.2389,0.000,NORMAL,1,ROUTE,,,,,PREVIEW_DEFAULT
189.1933,-57.9359,-43.1409,0.000,NORMAL,1,ROUTE,,,,,PREVIEW_DEFAULT
189.2933,-57.9557,-43.0429,0.000,NORMAL,1,ROUTE,,,,,PREVIEW_DEFAULT
189.3932,-57.9749,-42.9448,0.000,NORMAL,1,ROUTE,,,,,PREVIEW_DEFAULT
189.4933,-57.9934,-42.8465,0.000,NORMAL,1,ROUTE,,,,,PREVIEW_DEFAULT
189.5932,-58.0109,-42.7481,0.000,NORMAL,1,ROUTE,,,,,PREVIEW_DEFAULT
189.6932,-58.0272,-42.6494,0.000,NORMAL,1,ROUTE,,,,,PREVIEW_DEFAULT
189.7932,-58.0423,-42.5506,0.000,NORMAL,1,ROUTE,,,,,PREVIEW_DEFAULT
189.8932,-58.0559,-42.4515,0.000,NORMAL,1,ROUTE,,,,,PREVIEW_DEFAULT
189.9932,-58.0677,-42.3522,0.000,NORMAL,1,ROUTE,,,,,PREVIEW_DEFAULT
190.0932,-58.0778,-42.2527,0.000,NORMAL,1,ROUTE,,,,,PREVIEW_DEFAULT
190.1932,-58.0858,-42.1530,0.000,NORMAL,1,ROUTE,,,,,PREVIEW_DEFAULT
190.2932,-58.0918,-42.0532,0.000,NORMAL,1,ROUTE,,,,,PREVIEW_DEFAULT
190.3932,-58.0958,-41.9533,0.000,NORMAL,1,ROUTE,,,,,PREVIEW_DEFAULT
190.4932,-58.0979,-41.8533,0.000,NORMAL,1,ROUTE,,,,,PREVIEW_DEFAULT
190.5932,-58.0980,-41.7533,0.000,NORMAL,1,ROUTE,,,,,PREVIEW_DEFAULT
190.6931,-58.0965,-41.6534,0.000,NORMAL,1,ROUTE,,,,,PREVIEW_DEFAULT
190.7932,-58.0935,-41.5534,0.000,NORMAL,1,ROUTE,,,,,PREVIEW_DEFAULT
190.8932,-58.0890,-41.4535,0.000,NORMAL,1,ROUTE,,,,,PREVIEW_DEFAULT
190.9931,-58.0833,-41.3537,0.000,NORMAL,1,ROUTE,,,,,PREVIEW_DEFAULT
191.0932,-58.0765,-41.2539,0.000,NORMAL,1,ROUTE,,,,,PREVIEW_DEFAULT
191.1932,-58.0687,-41.1542,0.000,NORMAL,1,ROUTE,,,,,PREVIEW_DEFAULT
191.2931,-58.0603,-41.0546,0.000,NORMAL,1,ROUTE,,,,,PREVIEW_DEFAULT
191.3931,-58.0513,-40.9550,0.000,NORMAL,1,ROUTE,,,,,PREVIEW_DEFAULT
191.4466,-58.0463,-40.9018,0.000,NORMAL,1,S_CURVE,S_CURVE_START,ENTER_ZONE,,,PREVIEW_DEFAULT
191.4932,-58.0419,-40.8554,0.000,NORMAL,1,S_CURVE,,,,,PREVIEW_DEFAULT
191.5932,-58.0322,-40.7559,0.000,NORMAL,1,S_CURVE,,,,,PREVIEW_DEFAULT
191.6931,-58.0223,-40.6564,0.000,NORMAL,1,S_CURVE,,,,,PREVIEW_DEFAULT
191.7932,-58.0123,-40.5569,0.000,NORMAL,1,S_CURVE,,,,,PREVIEW_DEFAULT
191.8932,-58.0022,-40.4574,0.000,NORMAL,1,S_CURVE,,,,,PREVIEW_DEFAULT
191.9932,-57.9921,-40.3579,0.000,NORMAL,1,S_CURVE,,,,,PREVIEW_DEFAULT
192.0932,-57.9821,-40.2584,0.000,NORMAL,1,S_CURVE,,,,,PREVIEW_DEFAULT
192.1932,-57.9723,-40.1589,0.000,NORMAL,1,S_CURVE,,,,,PREVIEW_DEFAULT
192.2931,-57.9626,-40.0594,0.000,NORMAL,1,S_CURVE,,,,,PREVIEW_DEFAULT
192.3932,-57.9533,-39.9598,0.000,NORMAL,1,S_CURVE,,,,,PREVIEW_DEFAULT
192.4932,-57.9443,-39.8602,0.000,NORMAL,1,S_CURVE,,,,,PREVIEW_DEFAULT
192.5931,-57.9357,-39.7606,0.000,NORMAL,1,S_CURVE,,,,,PREVIEW_DEFAULT
192.6931,-57.9275,-39.6610,0.000,NORMAL,1,S_CURVE,,,,,PREVIEW_DEFAULT
192.7931,-57.9197,-39.5613,0.000,NORMAL,1,S_CURVE,,,,,PREVIEW_DEFAULT
192.8932,-57.9123,-39.4615,0.000,NORMAL,1,S_CURVE,,,,,PREVIEW_DEFAULT
192.9931,-57.9054,-39.3618,0.000,NORMAL,1,S_CURVE,,,,,PREVIEW_DEFAULT
193.0931,-57.8987,-39.2620,0.000,NORMAL,1,S_CURVE,,,,,PREVIEW_DEFAULT
193.1931,-57.8923,-39.1622,0.000,NORMAL,1,S_CURVE,,,,,PREVIEW_DEFAULT
193.2931,-57.8859,-39.0624,0.000,NORMAL,1,S_CURVE,,,,,PREVIEW_DEFAULT
193.3931,-57.8795,-38.9626,0.000,NORMAL,1,S_CURVE,,,,,PREVIEW_DEFAULT
193.4930,-57.8729,-38.8629,0.000,NORMAL,1,S_CURVE,,,,,PREVIEW_DEFAULT
193.5931,-57.8661,-38.7631,0.000,NORMAL,1,S_CURVE,,,,,PREVIEW_DEFAULT
193.6930,-57.8588,-38.6634,0.000,NORMAL,1,S_CURVE,,,,,PREVIEW_DEFAULT
193.7930,-57.8512,-38.5637,0.000,NORMAL,1,S_CURVE,,,,,PREVIEW_DEFAULT
193.8930,-57.8433,-38.4640,0.000,NORMAL,1,S_CURVE,,,,,PREVIEW_DEFAULT
193.9931,-57.8351,-38.3643,0.000,NORMAL,1,S_CURVE,,,,,PREVIEW_DEFAULT
194.0930,-57.8268,-38.2647,0.000,NORMAL,1,S_CURVE,,,,,PREVIEW_DEFAULT
194.1931,-57.8185,-38.1650,0.000,NORMAL,1,S_CURVE,,,,,PREVIEW_DEFAULT
194.2931,-57.8104,-38.0653,0.000,NORMAL,1,S_CURVE,,,,,PREVIEW_DEFAULT
194.3931,-57.8027,-37.9656,0.000,NORMAL,1,S_CURVE,,,,,PREVIEW_DEFAULT
194.4931,-57.7954,-37.8659,0.000,NORMAL,1,S_CURVE,,,,,PREVIEW_DEFAULT
194.5931,-57.7886,-37.7661,0.000,NORMAL,1,S_CURVE,,,,,PREVIEW_DEFAULT
194.6931,-57.7824,-37.6663,0.000,NORMAL,1,S_CURVE,,,,,PREVIEW_DEFAULT
194.7931,-57.7767,-37.5665,0.000,NORMAL,1,S_CURVE,,,,,PREVIEW_DEFAULT
194.8931,-57.7717,-37.4666,0.000,NORMAL,1,S_CURVE,,,,,PREVIEW_DEFAULT
194.9931,-57.7672,-37.3667,0.000,NORMAL,1,S_CURVE,,,,,PREVIEW_DEFAULT
195.0931,-57.7632,-37.2668,0.000,NORMAL,1,S_CURVE,,,,,PREVIEW_DEFAULT
195.1930,-57.7597,-37.1669,0.000,NORMAL,1,S_CURVE,,,,,PREVIEW_DEFAULT
195.2931,-57.7567,-37.0669,0.000,NORMAL,1,S_CURVE,,,,,PREVIEW_DEFAULT
195.3930,-57.7542,-36.9670,0.000,NORMAL,1,S_CURVE,,,,,PREVIEW_DEFAULT
195.4930,-57.7523,-36.8670,0.000,NORMAL,1,S_CURVE,,,,,PREVIEW_DEFAULT
195.5930,-57.7509,-36.7670,0.000,NORMAL,1,S_CURVE,,,,,PREVIEW_DEFAULT
195.6930,-57.7500,-36.6670,0.000,NORMAL,1,S_CURVE,,,,,PREVIEW_DEFAULT
195.7930,-57.7499,-36.5670,0.000,NORMAL,1,S_CURVE,,,,,PREVIEW_DEFAULT
195.8930,-57.7504,-36.4670,0.000,NORMAL,1,S_CURVE,,,,,PREVIEW_DEFAULT
195.9930,-57.7517,-36.3670,0.000,NORMAL,1,S_CURVE,,,,,PREVIEW_DEFAULT
196.0930,-57.7538,-36.2671,0.000,NORMAL,1,S_CURVE,,,,,PREVIEW_DEFAULT
196.1930,-57.7569,-36.1671,0.000,NORMAL,1,S_CURVE,,,,,PREVIEW_DEFAULT
196.2930,-57.7610,-36.0672,0.000,NORMAL,1,S_CURVE,,,,,PREVIEW_DEFAULT
196.3930,-57.7661,-35.9673,0.000,NORMAL,1,S_CURVE,,,,,PREVIEW_DEFAULT
196.4930,-57.7724,-35.8675,0.000,NORMAL,1,S_CURVE,,,,,PREVIEW_DEFAULT
196.5930,-57.7798,-35.7678,0.000,NORMAL,1,S_CURVE,,,,,PREVIEW_DEFAULT
196.6930,-57.7886,-35.6682,0.000,NORMAL,1,S_CURVE,,,,,PREVIEW_DEFAULT
196.7930,-57.7986,-35.5687,0.000,NORMAL,1,S_CURVE,,,,,PREVIEW_DEFAULT
196.8930,-57.8101,-35.4694,0.000,NORMAL,1,S_CURVE,,,,,PREVIEW_DEFAULT
196.9930,-57.8231,-35.3702,0.000,NORMAL,1,S_CURVE,,,,,PREVIEW_DEFAULT
197.0929,-57.8375,-35.2713,0.000,NORMAL,1,S_CURVE,,,,,PREVIEW_DEFAULT
197.1930,-57.8533,-35.1725,0.000,NORMAL,1,S_CURVE,,,,,PREVIEW_DEFAULT
197.2929,-57.8707,-35.0741,0.000,NORMAL,1,S_CURVE,,,,,PREVIEW_DEFAULT
197.3930,-57.8894,-34.9758,0.000,NORMAL,1,S_CURVE,,,,,PREVIEW_DEFAULT
197.4929,-57.9096,-34.8779,0.000,NORMAL,1,S_CURVE,,,,,PREVIEW_DEFAULT
197.5930,-57.9311,-34.7802,0.000,NORMAL,1,S_CURVE,,,,,PREVIEW_DEFAULT
197.6929,-57.9540,-34.6829,0.000,NORMAL,1,S_CURVE,,,,,PREVIEW_DEFAULT
197.7930,-57.9781,-34.5858,0.000,NORMAL,1,S_CURVE,,,,,PREVIEW_DEFAULT
197.8929,-58.0034,-34.4891,0.000,NORMAL,1,S_CURVE,,,,,PREVIEW_DEFAULT
197.9929,-58.0298,-34.3927,0.000,NORMAL,1,S_CURVE,,,,,PREVIEW_DEFAULT
198.0929,-58.0573,-34.2965,0.000,NORMAL,1,S_CURVE,,,,,PREVIEW_DEFAULT
198.1929,-58.0857,-34.2007,0.000,NORMAL,1,S_CURVE,,,,,PREVIEW_DEFAULT
198.2929,-58.1151,-34.1051,0.000,NORMAL,1,S_CURVE,,,,,PREVIEW_DEFAULT
198.3929,-58.1454,-34.0098,0.000,NORMAL,1,S_CURVE,,,,,PREVIEW_DEFAULT
198.4929,-58.1765,-33.9147,0.000,NORMAL,1,S_CURVE,,,,,PREVIEW_DEFAULT
198.5930,-58.2084,-33.8199,0.000,NORMAL,1,S_CURVE,,,,,PREVIEW_DEFAULT
198.6929,-58.2410,-33.7254,0.000,NORMAL,1,S_CURVE,,,,,PREVIEW_DEFAULT
198.7929,-58.2743,-33.6311,0.000,NORMAL,1,S_CURVE,,,,,PREVIEW_DEFAULT
198.8929,-58.3084,-33.5371,0.000,NORMAL,1,S_CURVE,,,,,PREVIEW_DEFAULT
198.9929,-58.3431,-33.4433,0.000,NORMAL,1,S_CURVE,,,,,PREVIEW_DEFAULT
199.0929,-58.3784,-33.3498,0.000,NORMAL,1,S_CURVE,,,,,PREVIEW_DEFAULT
199.1929,-58.4144,-33.2565,0.000,NORMAL,1,S_CURVE,,,,,PREVIEW_DEFAULT
199.2928,-58.4510,-33.1635,0.000,NORMAL,1,S_CURVE,,,,,PREVIEW_DEFAULT
199.3929,-58.4883,-33.0707,0.000,NORMAL,1,S_CURVE,,,,,PREVIEW_DEFAULT
199.4929,-58.5263,-32.9782,0.000,NORMAL,1,S_CURVE,,,,,PREVIEW_DEFAULT
199.5928,-58.5650,-32.8860,0.000,NORMAL,1,S_CURVE,,,,,PREVIEW_DEFAULT
199.6929,-58.6046,-32.7941,0.000,NORMAL,1,S_CURVE,,,,,PREVIEW_DEFAULT
199.7928,-58.6450,-32.7027,0.000,NORMAL,1,S_CURVE,,,,,PREVIEW_DEFAULT
199.8929,-58.6863,-32.6116,0.000,NORMAL,1,S_CURVE,,,,,PREVIEW_DEFAULT
199.9929,-58.7287,-32.5210,0.000,NORMAL,1,S_CURVE,,,,,PREVIEW_DEFAULT
200.0928,-58.7721,-32.4310,0.000,NORMAL,1,S_CURVE,,,,,PREVIEW_DEFAULT
200.1928,-58.8167,-32.3415,0.000,NORMAL,1,S_CURVE,,,,,PREVIEW_DEFAULT
200.2928,-58.8625,-32.2526,0.000,NORMAL,1,S_CURVE,,,,,PREVIEW_DEFAULT
200.3928,-58.9096,-32.1644,0.000,NORMAL,1,S_CURVE,,,,,PREVIEW_DEFAULT
200.4928,-58.9580,-32.0769,0.000,NORMAL,1,S_CURVE,,,,,PREVIEW_DEFAULT
200.5928,-59.0077,-31.9901,0.000,NORMAL,1,S_CURVE,,,,,PREVIEW_DEFAULT
200.6928,-59.0587,-31.9041,0.000,NORMAL,1,S_CURVE,,,,,PREVIEW_DEFAULT
200.7929,-59.1110,-31.8188,0.000,NORMAL,1,S_CURVE,,,,,PREVIEW_DEFAULT
200.8928,-59.1646,-31.7344,0.000,NORMAL,1,S_CURVE,,,,,PREVIEW_DEFAULT
200.9928,-59.2195,-31.6509,0.000,NORMAL,1,S_CURVE,,,,,PREVIEW_DEFAULT
201.0928,-59.2758,-31.5682,0.000,NORMAL,1,S_CURVE,,,,,PREVIEW_DEFAULT
201.1928,-59.3335,-31.4865,0.000,NORMAL,1,S_CURVE,,,,,PREVIEW_DEFAULT
201.2928,-59.3925,-31.4058,0.000,NORMAL,1,S_CURVE,,,,,PREVIEW_DEFAULT
201.3928,-59.4529,-31.3261,0.000,NORMAL,1,S_CURVE,,,,,PREVIEW_DEFAULT
201.4928,-59.5146,-31.2474,0.000,NORMAL,1,S_CURVE,,,,,PREVIEW_DEFAULT
201.5928,-59.5777,-31.1699,0.000,NORMAL,1,S_CURVE,,,,,PREVIEW_DEFAULT
201.6928,-59.6422,-31.0934,0.000,NORMAL,1,S_CURVE,,,,,PREVIEW_DEFAULT
201.7928,-59.7081,-31.0182,0.000,NORMAL,1,S_CURVE,,,,,PREVIEW_DEFAULT
201.8928,-59.7754,-30.9442,0.000,NORMAL,1,S_CURVE,,,,,PREVIEW_DEFAULT
201.9928,-59.8440,-30.8715,0.000,NORMAL,1,S_CURVE,,,,,PREVIEW_DEFAULT
202.0928,-59.9141,-30.8002,0.000,NORMAL,1,S_CURVE,,,,,PREVIEW_DEFAULT
202.1928,-59.9855,-30.7302,0.000,NORMAL,1,S_CURVE,,,,,PREVIEW_DEFAULT
202.2927,-60.0582,-30.6616,0.000,NORMAL,1,S_CURVE,,,,,PREVIEW_DEFAULT
202.3928,-60.1323,-30.5944,0.000,NORMAL,1,S_CURVE,,,,,PREVIEW_DEFAULT
202.4928,-60.2077,-30.5287,0.000,NORMAL,1,S_CURVE,,,,,PREVIEW_DEFAULT
202.5927,-60.2842,-30.4644,0.000,NORMAL,1,S_CURVE,,,,,PREVIEW_DEFAULT
202.6927,-60.3619,-30.4014,0.000,NORMAL,1,S_CURVE,,,,,PREVIEW_DEFAULT
202.7927,-60.4406,-30.3397,0.000,NORMAL,1,S_CURVE,,,,,PREVIEW_DEFAULT
202.8927,-60.5202,-30.2792,0.000,NORMAL,1,S_CURVE,,,,,PREVIEW_DEFAULT
202.9927,-60.6006,-30.2197,0.000,NORMAL,1,S_CURVE,,,,,PREVIEW_DEFAULT
203.0928,-60.6818,-30.1613,0.000,NORMAL,1,S_CURVE,,,,,PREVIEW_DEFAULT
203.1927,-60.7636,-30.1038,0.000,NORMAL,1,S_CURVE,,,,,PREVIEW_DEFAULT
203.2927,-60.8460,-30.0472,0.000,NORMAL,1,S_CURVE,,,,,PREVIEW_DEFAULT
203.3927,-60.9290,-29.9914,0.000,NORMAL,1,S_CURVE,,,,,PREVIEW_DEFAULT
203.4927,-61.0124,-29.9363,0.000,NORMAL,1,S_CURVE,,,,,PREVIEW_DEFAULT
203.5927,-61.0964,-29.8820,0.000,NORMAL,1,S_CURVE,,,,,PREVIEW_DEFAULT
203.6927,-61.1808,-29.8284,0.000,NORMAL,1,S_CURVE,,,,,PREVIEW_DEFAULT
203.7927,-61.2657,-29.7755,0.000,NORMAL,1,S_CURVE,,,,,PREVIEW_DEFAULT
203.8927,-61.3510,-29.7233,0.000,NORMAL,1,S_CURVE,,,,,PREVIEW_DEFAULT
203.9927,-61.4367,-29.6718,0.000,NORMAL,1,S_CURVE,,,,,PREVIEW_DEFAULT
204.0927,-61.5228,-29.6209,0.000,NORMAL,1,S_CURVE,,,,,PREVIEW_DEFAULT
204.1927,-61.6093,-29.5708,0.000,NORMAL,1,S_CURVE,,,,,PREVIEW_DEFAULT
204.2926,-61.6962,-29.5214,0.000,NORMAL,1,S_CURVE,,,,,PREVIEW_DEFAULT
204.3927,-61.7836,-29.4727,0.000,NORMAL,1,S_CURVE,,,,,PREVIEW_DEFAULT
204.4927,-61.8714,-29.4249,0.000,NORMAL,1,S_CURVE,,,,,PREVIEW_DEFAULT
204.5927,-61.9597,-29.3779,0.000,NORMAL,1,S_CURVE,,,,,PREVIEW_DEFAULT
204.6927,-62.0484,-29.3318,0.000,NORMAL,1,S_CURVE,,,,,PREVIEW_DEFAULT
204.7927,-62.1377,-29.2867,0.000,NORMAL,1,S_CURVE,,,,,PREVIEW_DEFAULT
204.8926,-62.2274,-29.2427,0.000,NORMAL,1,S_CURVE,,,,,PREVIEW_DEFAULT
204.9927,-62.3178,-29.1998,0.000,NORMAL,1,S_CURVE,,,,,PREVIEW_DEFAULT
205.0927,-62.4087,-29.1581,0.000,NORMAL,1,S_CURVE,,,,,PREVIEW_DEFAULT
205.1926,-62.5001,-29.1177,0.000,NORMAL,1,S_CURVE,,,,,PREVIEW_DEFAULT
205.2927,-62.5922,-29.0786,0.000,NORMAL,1,S_CURVE,,,,,PREVIEW_DEFAULT
205.3926,-62.6848,-29.0410,0.000,NORMAL,1,S_CURVE,,,,,PREVIEW_DEFAULT
205.4926,-62.7780,-29.0048,0.000,NORMAL,1,S_CURVE,,,,,PREVIEW_DEFAULT
205.5927,-62.8718,-28.9699,0.000,NORMAL,1,S_CURVE,,,,,PREVIEW_DEFAULT
205.6927,-62.9660,-28.9364,0.000,NORMAL,1,S_CURVE,,,,,PREVIEW_DEFAULT
205.7926,-63.0606,-28.9041,0.000,NORMAL,1,S_CURVE,,,,,PREVIEW_DEFAULT
205.8926,-63.1556,-28.8729,0.000,NORMAL,1,S_CURVE,,,,,PREVIEW_DEFAULT
205.9926,-63.2509,-28.8427,0.000,NORMAL,1,S_CURVE,,,,,PREVIEW_DEFAULT
206.0926,-63.3466,-28.8135,0.000,NORMAL,1,S_CURVE,,,,,PREVIEW_DEFAULT
206.1927,-63.4425,-28.7851,0.000,NORMAL,1,S_CURVE,,,,,PREVIEW_DEFAULT
206.2926,-63.5386,-28.7576,0.000,NORMAL,1,S_CURVE,,,,,PREVIEW_DEFAULT
206.3926,-63.6349,-28.7308,0.000,NORMAL,1,S_CURVE,,,,,PREVIEW_DEFAULT
206.4926,-63.7315,-28.7048,0.000,NORMAL,1,S_CURVE,,,,,PREVIEW_DEFAULT
206.5926,-63.8282,-28.6795,0.000,NORMAL,1,S_CURVE,,,,,PREVIEW_DEFAULT
206.6926,-63.9252,-28.6551,0.000,NORMAL,1,S_CURVE,,,,,PREVIEW_DEFAULT
206.7926,-64.0224,-28.6315,0.000,NORMAL,1,S_CURVE,,,,,PREVIEW_DEFAULT
206.8926,-64.1198,-28.6088,0.000,NORMAL,1,S_CURVE,,,,,PREVIEW_DEFAULT
206.9926,-64.2174,-28.5872,0.000,NORMAL,1,S_CURVE,,,,,PREVIEW_DEFAULT
207.0926,-64.3153,-28.5667,0.000,NORMAL,1,S_CURVE,,,,,PREVIEW_DEFAULT
207.1926,-64.4134,-28.5474,0.000,NORMAL,1,S_CURVE,,,,,PREVIEW_DEFAULT
207.2926,-64.5118,-28.5295,0.000,NORMAL,1,S_CURVE,,,,,PREVIEW_DEFAULT
207.3926,-64.6104,-28.5130,0.000,NORMAL,1,S_CURVE,,,,,PREVIEW_DEFAULT
207.4926,-64.7093,-28.4981,0.000,NORMAL,1,S_CURVE,,,,,PREVIEW_DEFAULT
207.5926,-64.8084,-28.4847,0.000,NORMAL,1,S_CURVE,,,,,PREVIEW_DEFAULT
207.6926,-64.9077,-28.4729,0.000,NORMAL,1,S_CURVE,,,,,PREVIEW_DEFAULT
207.7925,-65.0071,-28.4627,0.000,NORMAL,1,S_CURVE,,,,,PREVIEW_DEFAULT
207.8926,-65.1068,-28.4541,0.000,NORMAL,1,S_CURVE,,,,,PREVIEW_DEFAULT
207.9925,-65.2065,-28.4471,0.000,NORMAL,1,S_CURVE,,,,,PREVIEW_DEFAULT
208.0926,-65.3064,-28.4418,0.000,NORMAL,1,S_CURVE,,,,,PREVIEW_DEFAULT
208.1925,-65.4063,-28.4381,0.000,NORMAL,1,S_CURVE,,,,,PREVIEW_DEFAULT
208.2926,-65.5063,-28.4359,0.000,NORMAL,1,S_CURVE,,,,,PREVIEW_DEFAULT
208.3926,-65.6063,-28.4351,0.000,NORMAL,1,S_CURVE,,,,,PREVIEW_DEFAULT
208.4926,-65.7063,-28.4356,0.000,NORMAL,1,S_CURVE,,,,,PREVIEW_DEFAULT
208.5925,-65.8062,-28.4373,0.000,NORMAL,1,S_CURVE,,,,,PREVIEW_DEFAULT
208.6925,-65.9062,-28.4401,0.000,NORMAL,1,S_CURVE,,,,,PREVIEW_DEFAULT
208.7925,-66.0061,-28.4439,0.000,NORMAL,1,S_CURVE,,,,,PREVIEW_DEFAULT
208.8925,-66.1060,-28.4485,0.000,NORMAL,1,S_CURVE,,,,,PREVIEW_DEFAULT
208.9926,-66.2059,-28.4540,0.000,NORMAL,1,S_CURVE,,,,,PREVIEW_DEFAULT
209.0925,-66.3057,-28.4602,0.000,NORMAL,1,S_CURVE,,,,,PREVIEW_DEFAULT
209.1925,-66.4054,-28.4670,0.000,NORMAL,1,S_CURVE,,,,,PREVIEW_DEFAULT
209.2925,-66.5051,-28.4745,0.000,NORMAL,1,S_CURVE,,,,,PREVIEW_DEFAULT
209.3925,-66.6048,-28.4825,0.000,NORMAL,1,S_CURVE,,,,,PREVIEW_DEFAULT
209.4924,-66.7044,-28.4911,0.000,NORMAL,1,S_CURVE,,,,,PREVIEW_DEFAULT
209.5925,-66.8040,-28.5003,0.000,NORMAL,1,S_CURVE,,,,,PREVIEW_DEFAULT
209.6925,-66.9035,-28.5101,0.000,NORMAL,1,S_CURVE,,,,,PREVIEW_DEFAULT
209.7925,-67.0030,-28.5204,0.000,NORMAL,1,S_CURVE,,,,,PREVIEW_DEFAULT
209.8925,-67.1024,-28.5313,0.000,NORMAL,1,S_CURVE,,,,,PREVIEW_DEFAULT
209.9924,-67.2017,-28.5428,0.000,NORMAL,1,S_CURVE,,,,,PREVIEW_DEFAULT
210.0925,-67.3010,-28.5548,0.000,NORMAL,1,S_CURVE,,,,,PREVIEW_DEFAULT
210.1925,-67.4002,-28.5675,0.000,NORMAL,1,S_CURVE,,,,,PREVIEW_DEFAULT
210.2925,-67.4993,-28.5807,0.000,NORMAL,1,S_CURVE,,,,,PREVIEW_DEFAULT
210.3924,-67.5983,-28.5945,0.000,NORMAL,1,S_CURVE,,,,,PREVIEW_DEFAULT
210.4925,-67.6973,-28.6089,0.000,NORMAL,1,S_CURVE,,,,,PREVIEW_DEFAULT
210.5925,-67.7962,-28.6237,0.000,NORMAL,1,S_CURVE,,,,,PREVIEW_DEFAULT
210.6924,-67.8950,-28.6390,0.000,NORMAL,1,S_CURVE,,,,,PREVIEW_DEFAULT
210.7925,-67.9938,-28.6546,0.000,NORMAL,1,S_CURVE,,,,,PREVIEW_DEFAULT
210.8924,-68.0925,-28.6705,0.000,NORMAL,1,S_CURVE,,,,,PREVIEW_DEFAULT
210.9924,-68.1912,-28.6867,0.000,NORMAL,1,S_CURVE,,,,,PREVIEW_DEFAULT
211.0924,-68.2898,-28.7030,0.000,NORMAL,1,S_CURVE,,,,,PREVIEW_DEFAULT
211.1925,-68.3885,-28.7195,0.000,NORMAL,1,S_CURVE,,,,,PREVIEW_DEFAULT
211.2924,-68.4871,-28.7361,0.000,NORMAL,1,S_CURVE,,,,,PREVIEW_DEFAULT
211.3924,-68.5857,-28.7526,0.000,NORMAL,1,S_CURVE,,,,,PREVIEW_DEFAULT
211.4924,-68.6843,-28.7691,0.000,NORMAL,1,S_CURVE,,,,,PREVIEW_DEFAULT
211.5924,-68.7830,-28.7855,0.000,NORMAL,1,S_CURVE,,,,,PREVIEW_DEFAULT
211.6925,-68.8817,-28.8017,0.000,NORMAL,1,S_CURVE,,,,,PREVIEW_DEFAULT
211.7924,-68.9804,-28.8176,0.000,NORMAL,1,S_CURVE,,,,,PREVIEW_DEFAULT
211.8925,-69.0792,-28.8332,0.000,NORMAL,1,S_CURVE,,,,,PREVIEW_DEFAULT
211.9924,-69.1780,-28.8484,0.000,NORMAL,1,S_CURVE,,,,,PREVIEW_DEFAULT
212.0924,-69.2769,-28.8630,0.000,NORMAL,1,S_CURVE,,,,,PREVIEW_DEFAULT
212.1924,-69.3759,-28.8770,0.000,NORMAL,1,S_CURVE,,,,,PREVIEW_DEFAULT
212.2924,-69.4750,-28.8903,0.000,NORMAL,1,S_CURVE,,,,,PREVIEW_DEFAULT
212.3923,-69.5742,-28.9028,0.000,NORMAL,1,S_CURVE,,,,,PREVIEW_DEFAULT
212.4924,-69.6736,-28.9145,0.000,NORMAL,1,S_CURVE,,,,,PREVIEW_DEFAULT
212.5924,-69.7730,-28.9251,0.000,NORMAL,1,S_CURVE,,,,,PREVIEW_DEFAULT
212.6924,-69.8725,-28.9349,0.000,NORMAL,1,S_CURVE,,,,,PREVIEW_DEFAULT
212.7924,-69.9721,-28.9436,0.000,NORMAL,1,S_CURVE,,,,,PREVIEW_DEFAULT
212.8924,-70.0718,-28.9514,0.000,NORMAL,1,S_CURVE,,,,,PREVIEW_DEFAULT
212.9924,-70.1716,-28.9583,0.000,NORMAL,1,S_CURVE,,,,,PREVIEW_DEFAULT
213.0924,-70.2714,-28.9642,0.000,NORMAL,1,S_CURVE,,,,,PREVIEW_DEFAULT
213.1924,-70.3713,-28.9692,0.000,NORMAL,1,S_CURVE,,,,,PREVIEW_DEFAULT
213.2924,-70.4712,-28.9732,0.000,NORMAL,1,S_CURVE,,,,,PREVIEW_DEFAULT
213.3923,-70.5711,-28.9765,0.000,NORMAL,1,S_CURVE,,,,,PREVIEW_DEFAULT
213.4924,-70.6711,-28.9789,0.000,NORMAL,1,S_CURVE,,,,,PREVIEW_DEFAULT
213.5924,-70.7711,-28.9806,0.000,NORMAL,1,S_CURVE,,,,,PREVIEW_DEFAULT
213.6924,-70.8711,-28.9815,0.000,NORMAL,1,S_CURVE,,,,,PREVIEW_DEFAULT
213.7924,-70.9711,-28.9818,0.000,NORMAL,1,S_CURVE,,,,,PREVIEW_DEFAULT
213.8924,-71.0711,-28.9815,0.000,NORMAL,1,S_CURVE,,,,,PREVIEW_DEFAULT
213.9924,-71.1711,-28.9805,0.000,NORMAL,1,S_CURVE,,,,,PREVIEW_DEFAULT
214.0923,-71.2710,-28.9788,0.000,NORMAL,1,S_CURVE,,,,,PREVIEW_DEFAULT
214.1923,-71.3710,-28.9765,0.000,NORMAL,1,S_CURVE,,,,,PREVIEW_DEFAULT
214.2924,-71.4710,-28.9736,0.000,NORMAL,1,S_CURVE,,,,,PREVIEW_DEFAULT
214.3923,-71.5709,-28.9700,0.000,NORMAL,1,S_CURVE,,,,,PREVIEW_DEFAULT
214.4923,-71.6708,-28.9656,0.000,NORMAL,1,S_CURVE,,,,,PREVIEW_DEFAULT
214.5924,-71.7707,-28.9604,0.000,NORMAL,1,S_CURVE,,,,,PREVIEW_DEFAULT
214.6923,-71.8705,-28.9544,0.000,NORMAL,1,S_CURVE,,,,,PREVIEW_DEFAULT
214.7923,-71.9702,-28.9474,0.000,NORMAL,1,S_CURVE,,,,,PREVIEW_DEFAULT
214.8923,-72.0699,-28.9394,0.000,NORMAL,1,S_CURVE,,,,,PREVIEW_DEFAULT
214.9923,-72.1695,-28.9302,0.000,NORMAL,1,S_CURVE,,,,,PREVIEW_DEFAULT
215.0923,-72.2689,-28.9198,0.000,NORMAL,1,S_CURVE,,,,,PREVIEW_DEFAULT
215.1923,-72.3682,-28.9082,0.000,NORMAL,1,S_CURVE,,,,,PREVIEW_DEFAULT
215.2923,-72.4674,-28.8951,0.000,NORMAL,1,S_CURVE,,,,,PREVIEW_DEFAULT
215.3923,-72.5663,-28.8807,0.000,NORMAL,1,S_CURVE,,,,,PREVIEW_DEFAULT
215.4923,-72.6651,-28.8648,0.000,NORMAL,1,S_CURVE,,,,,PREVIEW_DEFAULT
215.5923,-72.7636,-28.8476,0.000,NORMAL,1,S_CURVE,,,,,PREVIEW_DEFAULT
215.6923,-72.8618,-28.8289,0.000,NORMAL,1,S_CURVE,,,,,PREVIEW_DEFAULT
215.7923,-72.9598,-28.8089,0.000,NORMAL,1,S_CURVE,,,,,PREVIEW_DEFAULT
215.8923,-73.0575,-28.7875,0.000,NORMAL,1,S_CURVE,,,,,PREVIEW_DEFAULT
215.9922,-73.1548,-28.7648,0.000,NORMAL,1,S_CURVE,,,,,PREVIEW_DEFAULT
216.0922,-73.2519,-28.7409,0.000,NORMAL,1,S_CURVE,,,,,PREVIEW_DEFAULT
216.1923,-73.3487,-28.7157,0.000,NORMAL,1,S_CURVE,,,,,PREVIEW_DEFAULT
216.2923,-73.4452,-28.6894,0.000,NORMAL,1,S_CURVE,,,,,PREVIEW_DEFAULT
216.3922,-73.5413,-28.6620,0.000,NORMAL,1,S_CURVE,,,,,PREVIEW_DEFAULT
216.4923,-73.6372,-28.6335,0.000,NORMAL,1,S_CURVE,,,,,PREVIEW_DEFAULT
216.5922,-73.7327,-28.6039,0.000,NORMAL,1,S_CURVE,,,,,PREVIEW_DEFAULT
216.6923,-73.8279,-28.5732,0.000,NORMAL,1,S_CURVE,,,,,PREVIEW_DEFAULT
216.7922,-73.9227,-28.5415,0.000,NORMAL,1,S_CURVE,,,,,PREVIEW_DEFAULT
216.8923,-74.0172,-28.5086,0.000,NORMAL,1,S_CURVE,,,,,PREVIEW_DEFAULT
216.9922,-74.1112,-28.4746,0.000,NORMAL,1,S_CURVE,,,,,PREVIEW_DEFAULT
217.0922,-74.2048,-28.4395,0.000,NORMAL,1,S_CURVE,,,,,PREVIEW_DEFAULT
217.1922,-74.2980,-28.4032,0.000,NORMAL,1,S_CURVE,,,,,PREVIEW_DEFAULT
217.2922,-74.3907,-28.3657,0.000,NORMAL,1,S_CURVE,,,,,PREVIEW_DEFAULT
217.3922,-74.4828,-28.3268,0.000,NORMAL,1,S_CURVE,,,,,PREVIEW_DEFAULT
217.4922,-74.5743,-28.2865,0.000,NORMAL,1,S_CURVE,,,,,PREVIEW_DEFAULT
217.5922,-74.6652,-28.2447,0.000,NORMAL,1,S_CURVE,,,,,PREVIEW_DEFAULT
217.6922,-74.7553,-28.2013,0.000,NORMAL,1,S_CURVE,,,,,PREVIEW_DEFAULT
217.7922,-74.8446,-28.1564,0.000,NORMAL,1,S_CURVE,,,,,PREVIEW_DEFAULT
217.8922,-74.9331,-28.1098,0.000,NORMAL,1,S_CURVE,,,,,PREVIEW_DEFAULT
217.9922,-75.0206,-28.0615,0.000,NORMAL,1,S_CURVE,,,,,PREVIEW_DEFAULT
218.0922,-75.1073,-28.0116,0.000,NORMAL,1,S_CURVE,,,,,PREVIEW_DEFAULT
218.1922,-75.1930,-27.9601,0.000,NORMAL,1,S_CURVE,,,,,PREVIEW_DEFAULT
218.2922,-75.2777,-27.9069,0.000,NORMAL,1,S_CURVE,,,,,PREVIEW_DEFAULT
218.3922,-75.3614,-27.8522,0.000,NORMAL,1,S_CURVE,,,,,PREVIEW_DEFAULT
218.4922,-75.4440,-27.7959,0.000,NORMAL,1,S_CURVE,,,,,PREVIEW_DEFAULT
218.5921,-75.5255,-27.7380,0.000,NORMAL,1,S_CURVE,,,,,PREVIEW_DEFAULT
218.6922,-75.6059,-27.6785,0.000,NORMAL,1,S_CURVE,,,,,PREVIEW_DEFAULT
218.7922,-75.6852,-27.6175,0.000,NORMAL,1,S_CURVE,,,,,PREVIEW_DEFAULT
218.8922,-75.7633,-27.5551,0.000,NORMAL,1,S_CURVE,,,,,PREVIEW_DEFAULT
218.9922,-75.8404,-27.4914,0.000,NORMAL,1,S_CURVE,,,,,PREVIEW_DEFAULT
219.0921,-75.9164,-27.4265,0.000,NORMAL,1,S_CURVE,,,,,PREVIEW_DEFAULT
219.1921,-75.9914,-27.3604,0.000,NORMAL,1,S_CURVE,,,,,PREVIEW_DEFAULT
219.2921,-76.0655,-27.2932,0.000,NORMAL,1,S_CURVE,,,,,PREVIEW_DEFAULT
219.3922,-76.1387,-27.2250,0.000,NORMAL,1,S_CURVE,,,,,PREVIEW_DEFAULT
219.4921,-76.2110,-27.1560,0.000,NORMAL,1,S_CURVE,,,,,PREVIEW_DEFAULT
219.5921,-76.2825,-27.0861,0.000,NORMAL,1,S_CURVE,,,,,PREVIEW_DEFAULT
219.6922,-76.3532,-27.0153,0.000,NORMAL,1,S_CURVE,,,,,PREVIEW_DEFAULT
219.7921,-76.4231,-26.9438,0.000,NORMAL,1,S_CURVE,,,,,PREVIEW_DEFAULT
219.8922,-76.4922,-26.8715,0.000,NORMAL,1,S_CURVE,,,,,PREVIEW_DEFAULT
219.9921,-76.5605,-26.7985,0.000,NORMAL,1,S_CURVE,,,,,PREVIEW_DEFAULT
220.0921,-76.6281,-26.7249,0.000,NORMAL,1,S_CURVE,,,,,PREVIEW_DEFAULT
220.1921,-76.6950,-26.6505,0.000,NORMAL,1,S_CURVE,,,,,PREVIEW_DEFAULT
220.2921,-76.7612,-26.5756,0.000,NORMAL,1,S_CURVE,,,,,PREVIEW_DEFAULT
220.3921,-76.8267,-26.5000,0.000,NORMAL,1,S_CURVE,,,,,PREVIEW_DEFAULT
220.4921,-76.8914,-26.4238,0.000,NORMAL,1,S_CURVE,,,,,PREVIEW_DEFAULT
220.5921,-76.9555,-26.3470,0.000,NORMAL,1,S_CURVE,,,,,PREVIEW_DEFAULT
220.6921,-77.0188,-26.2696,0.000,NORMAL,1,S_CURVE,,,,,PREVIEW_DEFAULT
220.7920,-77.0813,-26.1916,0.000,NORMAL,1,S_CURVE,,,,,PREVIEW_DEFAULT
220.8921,-77.1431,-26.1129,0.000,NORMAL,1,S_CURVE,,,,,PREVIEW_DEFAULT
220.9921,-77.2041,-26.0337,0.000,NORMAL,1,S_CURVE,,,,,PREVIEW_DEFAULT
221.0920,-77.2643,-25.9539,0.000,NORMAL,1,S_CURVE,,,,,PREVIEW_DEFAULT
221.1921,-77.3238,-25.8735,0.000,NORMAL,1,S_CURVE,,,,,PREVIEW_DEFAULT
221.2920,-77.3825,-25.7926,0.000,NORMAL,1,S_CURVE,,,,,PREVIEW_DEFAULT
221.3921,-77.4406,-25.7111,0.000,NORMAL,1,S_CURVE,,,,,PREVIEW_DEFAULT
221.4921,-77.4978,-25.6291,0.000,NORMAL,1,S_CURVE,,,,,PREVIEW_DEFAULT
221.5921,-77.5543,-25.5466,0.000,NORMAL,1,S_CURVE,,,,,PREVIEW_DEFAULT
221.6920,-77.6100,-25.4636,0.000,NORMAL,1,S_CURVE,,,,,PREVIEW_DEFAULT
221.7920,-77.6649,-25.3800,0.000,NORMAL,1,S_CURVE,,,,,PREVIEW_DEFAULT
221.8920,-77.7188,-25.2958,0.000,NORMAL,1,S_CURVE,,,,,PREVIEW_DEFAULT
221.9920,-77.7717,-25.2109,0.000,NORMAL,1,S_CURVE,,,,,PREVIEW_DEFAULT
222.0920,-77.8235,-25.1254,0.000,NORMAL,1,S_CURVE,,,,,PREVIEW_DEFAULT
222.1920,-77.8742,-25.0392,0.000,NORMAL,1,S_CURVE,,,,,PREVIEW_DEFAULT
222.2920,-77.9235,-24.9522,0.000,NORMAL,1,S_CURVE,,,,,PREVIEW_DEFAULT
222.3920,-77.9714,-24.8644,0.000,NORMAL,1,S_CURVE,,,,,PREVIEW_DEFAULT
222.4920,-78.0178,-24.7758,0.000,NORMAL,1,S_CURVE,,,,,PREVIEW_DEFAULT
222.5920,-78.0625,-24.6864,0.000,NORMAL,1,S_CURVE,,,,,PREVIEW_DEFAULT
222.6920,-78.1055,-24.5961,0.000,NORMAL,1,S_CURVE,,,,,PREVIEW_DEFAULT
222.7920,-78.1467,-24.5050,0.000,NORMAL,1,S_CURVE,,,,,PREVIEW_DEFAULT
222.8920,-78.1862,-24.4131,0.000,NORMAL,1,S_CURVE,,,,,PREVIEW_DEFAULT
222.9920,-78.2240,-24.3206,0.000,NORMAL,1,S_CURVE,,,,,PREVIEW_DEFAULT
223.0920,-78.2603,-24.2274,0.000,NORMAL,1,S_CURVE,,,,,PREVIEW_DEFAULT
223.1920,-78.2951,-24.1336,0.000,NORMAL,1,S_CURVE,,,,,PREVIEW_DEFAULT
223.2919,-78.3287,-24.0395,0.000,NORMAL,1,S_CURVE,,,,,PREVIEW_DEFAULT
223.3920,-78.3612,-23.9449,0.000,NORMAL,1,S_CURVE,,,,,PREVIEW_DEFAULT
223.4919,-78.3926,-23.8500,0.000,NORMAL,1,S_CURVE,,,,,PREVIEW_DEFAULT
223.5920,-78.4233,-23.7548,0.000,NORMAL,1,S_CURVE,,,,,PREVIEW_DEFAULT
223.6920,-78.4532,-23.6593,0.000,NORMAL,1,S_CURVE,,,,,PREVIEW_DEFAULT
223.7920,-78.4824,-23.5637,0.000,NORMAL,1,S_CURVE,,,,,PREVIEW_DEFAULT
223.8920,-78.5110,-23.4679,0.000,NORMAL,1,S_CURVE,,,,,PREVIEW_DEFAULT
223.9920,-78.5390,-23.3719,0.000,NORMAL,1,S_CURVE,,,,,PREVIEW_DEFAULT
224.0920,-78.5664,-23.2757,0.000,NORMAL,1,S_CURVE,,,,,PREVIEW_DEFAULT
224.1920,-78.5932,-23.1794,0.000,NORMAL,1,S_CURVE,,,,,PREVIEW_DEFAULT
224.2919,-78.6193,-23.0829,0.000,NORMAL,1,S_CURVE,,,,,PREVIEW_DEFAULT
224.3919,-78.6447,-22.9862,0.000,NORMAL,1,S_CURVE,,,,,PREVIEW_DEFAULT
224.4920,-78.6693,-22.8892,0.000,NORMAL,1,S_CURVE,,,,,PREVIEW_DEFAULT
224.5919,-78.6931,-22.7921,0.000,NORMAL,1,S_CURVE,,,,,PREVIEW_DEFAULT
224.6920,-78.7159,-22.6947,0.000,NORMAL,1,S_CURVE,,,,,PREVIEW_DEFAULT
224.7920,-78.7377,-22.5971,0.000,NORMAL,1,S_CURVE,,,,,PREVIEW_DEFAULT
224.8919,-78.7584,-22.4993,0.000,NORMAL,1,S_CURVE,,,,,PREVIEW_DEFAULT
224.9920,-78.7779,-22.4012,0.000,NORMAL,1,S_CURVE,,,,,PREVIEW_DEFAULT
225.0920,-78.7962,-22.3029,0.000,NORMAL,1,S_CURVE,,,,,PREVIEW_DEFAULT
225.1919,-78.8131,-22.2044,0.000,NORMAL,1,S_CURVE,,,,,PREVIEW_DEFAULT
225.2919,-78.8286,-22.1056,0.000,NORMAL,1,S_CURVE,,,,,PREVIEW_DEFAULT
225.3919,-78.8426,-22.0066,0.000,NORMAL,1,S_CURVE,,,,,PREVIEW_DEFAULT
225.4919,-78.8549,-21.9073,0.000,NORMAL,1,S_CURVE,,,,,PREVIEW_DEFAULT
225.5919,-78.8657,-21.8079,0.000,NORMAL,1,S_CURVE,,,,,PREVIEW_DEFAULT
225.6919,-78.8747,-21.7083,0.000,NORMAL,1,S_CURVE,,,,,PREVIEW_DEFAULT
225.7919,-78.8821,-21.6086,0.000,NORMAL,1,S_CURVE,,,,,PREVIEW_DEFAULT
225.8919,-78.8878,-21.5088,0.000,NORMAL,1,S_CURVE,,,,,PREVIEW_DEFAULT
225.9919,-78.8917,-21.4089,0.000,NORMAL,1,S_CURVE,,,,,PREVIEW_DEFAULT
226.0919,-78.8939,-21.3089,0.000,NORMAL,1,S_CURVE,,,,,PREVIEW_DEFAULT
226.1919,-78.8943,-21.2089,0.000,NORMAL,1,S_CURVE,,,,,PREVIEW_DEFAULT
226.2919,-78.8929,-21.1089,0.000,NORMAL,1,S_CURVE,,,,,PREVIEW_DEFAULT
226.3918,-78.8898,-21.0090,0.000,NORMAL,1,S_CURVE,,,,,PREVIEW_DEFAULT
226.4919,-78.8848,-20.9091,0.000,NORMAL,1,S_CURVE,,,,,PREVIEW_DEFAULT
226.5919,-78.8782,-20.8093,0.000,NORMAL,1,S_CURVE,,,,,PREVIEW_DEFAULT
226.6918,-78.8698,-20.7097,0.000,NORMAL,1,S_CURVE,,,,,PREVIEW_DEFAULT
226.7918,-78.8598,-20.6102,0.000,NORMAL,1,S_CURVE,,,,,PREVIEW_DEFAULT
226.8918,-78.8483,-20.5109,0.000,NORMAL,1,S_CURVE,,,,,PREVIEW_DEFAULT
226.9919,-78.8352,-20.4117,0.000,NORMAL,1,S_CURVE,,,,,PREVIEW_DEFAULT
227.0918,-78.8206,-20.3128,0.000,NORMAL,1,S_CURVE,,,,,PREVIEW_DEFAULT
227.1918,-78.8046,-20.2141,0.000,NORMAL,1,S_CURVE,,,,,PREVIEW_DEFAULT
227.2918,-78.7875,-20.1156,0.000,NORMAL,1,S_CURVE,,,,,PREVIEW_DEFAULT
227.3918,-78.7692,-20.0173,0.000,NORMAL,1,S_CURVE,,,,,PREVIEW_DEFAULT
227.4919,-78.7499,-19.9191,0.000,NORMAL,1,S_CURVE,,,,,PREVIEW_DEFAULT
227.5918,-78.7298,-19.8212,0.000,NORMAL,1,S_CURVE,,,,,PREVIEW_DEFAULT
227.6918,-78.7089,-19.7234,0.000,NORMAL,1,S_CURVE,,,,,PREVIEW_DEFAULT
227.7918,-78.6873,-19.6258,0.000,NORMAL,1,S_CURVE,,,,,PREVIEW_DEFAULT
227.8918,-78.6649,-19.5283,0.000,NORMAL,1,S_CURVE,,,,,PREVIEW_DEFAULT
227.9918,-78.6418,-19.4310,0.000,NORMAL,1,S_CURVE,,,,,PREVIEW_DEFAULT
228.0918,-78.6179,-19.3339,0.000,NORMAL,1,S_CURVE,,,,,PREVIEW_DEFAULT
228.1918,-78.5930,-19.2371,0.000,NORMAL,1,S_CURVE,,,,,PREVIEW_DEFAULT
228.2918,-78.5671,-19.1405,0.000,NORMAL,1,S_CURVE,,,,,PREVIEW_DEFAULT
228.3918,-78.5398,-19.0443,0.000,NORMAL,1,S_CURVE,,,,,PREVIEW_DEFAULT
228.4918,-78.5111,-18.9485,0.000,NORMAL,1,S_CURVE,,,,,PREVIEW_DEFAULT
228.5918,-78.4807,-18.8532,0.000,NORMAL,1,S_CURVE,,,,,PREVIEW_DEFAULT
228.6917,-78.4485,-18.7586,0.000,NORMAL,1,S_CURVE,,,,,PREVIEW_DEFAULT
228.7918,-78.4142,-18.6646,0.000,NORMAL,1,S_CURVE,,,,,PREVIEW_DEFAULT
228.8900,-78.3785,-18.5731,0.000,NORMAL,1,S_CURVE,S_CURVE_END,EXIT_ZONE,,,PREVIEW_DEFAULT
228.8918,-78.3778,-18.5715,0.000,NORMAL,1,S_CURVE,,,,,PREVIEW_DEFAULT
228.9918,-78.3393,-18.4792,0.000,NORMAL,1,S_CURVE,,,,,PREVIEW_DEFAULT
229.0918,-78.2987,-18.3878,0.000,NORMAL,1,S_CURVE,,,,,PREVIEW_DEFAULT
229.1917,-78.2563,-18.2973,0.000,NORMAL,1,ROUTE,,,,,PREVIEW_DEFAULT
229.2918,-78.2120,-18.2076,0.000,NORMAL,1,ROUTE,,,,,PREVIEW_DEFAULT
229.3917,-78.1661,-18.1188,0.000,NORMAL,1,ROUTE,,,,,PREVIEW_DEFAULT
229.4917,-78.1186,-18.0308,0.000,NORMAL,1,ROUTE,,,,,PREVIEW_DEFAULT
229.5917,-78.0696,-17.9437,0.000,NORMAL,1,ROUTE,,,,,PREVIEW_DEFAULT
229.6918,-78.0189,-17.8574,0.000,NORMAL,1,ROUTE,,,,,PREVIEW_DEFAULT
229.7917,-77.9668,-17.7721,0.000,NORMAL,1,ROUTE,,,,,PREVIEW_DEFAULT
229.8917,-77.9132,-17.6877,0.000,NORMAL,1,ROUTE,,,,,PREVIEW_DEFAULT
229.9917,-77.8580,-17.6043,0.000,NORMAL,1,ROUTE,,,,,PREVIEW_DEFAULT
230.0917,-77.8013,-17.5219,0.000,NORMAL,1,ROUTE,,,,,PREVIEW_DEFAULT
230.1917,-77.7431,-17.4406,0.000,NORMAL,1,ROUTE,,,,,PREVIEW_DEFAULT
230.2917,-77.6833,-17.3605,0.000,NORMAL,1,ROUTE,,,,,PREVIEW_DEFAULT
230.3917,-77.6218,-17.2816,0.000,NORMAL,1,ROUTE,,,,,PREVIEW_DEFAULT
230.4917,-77.5585,-17.2042,0.000,NORMAL,1,ROUTE,,,,,PREVIEW_DEFAULT
230.5917,-77.4935,-17.1282,0.000,NORMAL,1,ROUTE,,,,,PREVIEW_DEFAULT
230.6917,-77.4266,-17.0539,0.000,NORMAL,1,ROUTE,,,,,PREVIEW_DEFAULT
230.7917,-77.3579,-16.9812,0.000,NORMAL,1,ROUTE,,,,,PREVIEW_DEFAULT
230.8917,-77.2874,-16.9103,0.000,NORMAL,1,ROUTE,,,,,PREVIEW_DEFAULT
230.9917,-77.2151,-16.8412,0.000,NORMAL,1,ROUTE,,,,,PREVIEW_DEFAULT
231.0917,-77.1411,-16.7740,0.000,NORMAL,1,ROUTE,,,,,PREVIEW_DEFAULT
231.1917,-77.0655,-16.7085,0.000,NORMAL,1,ROUTE,,,,,PREVIEW_DEFAULT
231.2916,-76.9884,-16.6449,0.000,NORMAL,1,ROUTE,,,,,PREVIEW_DEFAULT
231.3916,-76.9097,-16.5832,0.000,NORMAL,1,ROUTE,,,,,PREVIEW_DEFAULT
231.4917,-76.8296,-16.5233,0.000,NORMAL,1,ROUTE,,,,,PREVIEW_DEFAULT
231.5916,-76.7482,-16.4653,0.000,NORMAL,1,ROUTE,,,,,PREVIEW_DEFAULT
231.6916,-76.6656,-16.4090,0.000,NORMAL,1,ROUTE,,,,,PREVIEW_DEFAULT
231.7916,-76.5818,-16.3544,0.000,NORMAL,1,ROUTE,,,,,PREVIEW_DEFAULT
231.8916,-76.4969,-16.3015,0.000,NORMAL,1,ROUTE,,,,,PREVIEW_DEFAULT
231.9916,-76.4111,-16.2502,0.000,NORMAL,1,ROUTE,,,,,PREVIEW_DEFAULT
232.0916,-76.3243,-16.2005,0.000,NORMAL,1,ROUTE,,,,,PREVIEW_DEFAULT
232.1916,-76.2367,-16.1523,0.000,NORMAL,1,ROUTE,,,,,PREVIEW_DEFAULT
232.2916,-76.1482,-16.1058,0.000,NORMAL,1,ROUTE,,,,,PREVIEW_DEFAULT
232.3916,-76.0589,-16.0607,0.000,NORMAL,1,ROUTE,,,,,PREVIEW_DEFAULT
232.4916,-75.9688,-16.0173,0.000,NORMAL,1,ROUTE,,,,,PREVIEW_DEFAULT
232.5915,-75.8780,-15.9756,0.000,NORMAL,1,ROUTE,,,,,PREVIEW_DEFAULT
232.6916,-75.7863,-15.9355,0.000,NORMAL,1,ROUTE,,,,,PREVIEW_DEFAULT
232.7916,-75.6939,-15.8973,0.000,NORMAL,1,ROUTE,,,,,PREVIEW_DEFAULT
232.8916,-75.6008,-15.8609,0.000,NORMAL,1,ROUTE,,,,,PREVIEW_DEFAULT
232.9915,-75.5069,-15.8266,0.000,NORMAL,1,ROUTE,,,,,PREVIEW_DEFAULT
233.0916,-75.4122,-15.7944,0.000,NORMAL,1,ROUTE,,,,,PREVIEW_DEFAULT
233.1915,-75.3168,-15.7645,0.000,NORMAL,1,ROUTE,,,,,PREVIEW_DEFAULT
233.2915,-75.2207,-15.7369,0.000,NORMAL,1,ROUTE,,,,,PREVIEW_DEFAULT
233.3916,-75.1239,-15.7116,0.000,NORMAL,1,ROUTE,,,,,PREVIEW_DEFAULT
233.4915,-75.0266,-15.6887,0.000,NORMAL,1,ROUTE,,,,,PREVIEW_DEFAULT
233.5915,-74.9288,-15.6679,0.000,NORMAL,1,ROUTE,,,,,PREVIEW_DEFAULT
233.6916,-74.8305,-15.6493,0.000,NORMAL,1,ROUTE,,,,,PREVIEW_DEFAULT
233.7916,-74.7319,-15.6327,0.000,NORMAL,1,ROUTE,,,,,PREVIEW_DEFAULT
233.8915,-74.6330,-15.6181,0.000,NORMAL,1,ROUTE,,,,,PREVIEW_DEFAULT
233.9915,-74.5338,-15.6054,0.000,NORMAL,1,ROUTE,,,,,PREVIEW_DEFAULT
234.0915,-74.4344,-15.5945,0.000,NORMAL,1,ROUTE,,,,,PREVIEW_DEFAULT
234.1915,-74.3349,-15.5853,0.000,NORMAL,1,ROUTE,,,,,PREVIEW_DEFAULT
234.2916,-74.2351,-15.5776,0.000,NORMAL,1,ROUTE,,,,,PREVIEW_DEFAULT
234.3915,-74.1353,-15.5714,0.000,NORMAL,1,ROUTE,,,,,PREVIEW_DEFAULT
234.4915,-74.0355,-15.5665,0.000,NORMAL,1,ROUTE,,,,,PREVIEW_DEFAULT
234.5915,-73.9355,-15.5627,0.000,NORMAL,1,ROUTE,,,,,PREVIEW_DEFAULT
234.6915,-73.8356,-15.5599,0.000,NORMAL,1,ROUTE,,,,,PREVIEW_DEFAULT
234.7915,-73.7356,-15.5580,0.000,NORMAL,1,ROUTE,,,,,PREVIEW_DEFAULT
234.8915,-73.6356,-15.5568,0.000,NORMAL,1,ROUTE,,,,,PREVIEW_DEFAULT
234.9915,-73.5356,-15.5563,0.000,NORMAL,1,ROUTE,,,,,PREVIEW_DEFAULT
235.0915,-73.4356,-15.5562,0.000,NORMAL,1,ROUTE,,,,,PREVIEW_DEFAULT
235.1915,-73.3356,-15.5564,0.000,NORMAL,1,ROUTE,,,,,PREVIEW_DEFAULT
235.2915,-73.2356,-15.5568,0.000,NORMAL,1,ROUTE,,,,,PREVIEW_DEFAULT
235.3915,-73.1356,-15.5572,0.000,NORMAL,1,ROUTE,,,,,PREVIEW_DEFAULT
235.4915,-73.0356,-15.5576,0.000,NORMAL,1,ROUTE,,,,,PREVIEW_DEFAULT
235.5915,-72.9356,-15.5577,0.000,NORMAL,1,ROUTE,,,,,PREVIEW_DEFAULT
235.6914,-72.8357,-15.5576,0.000,NORMAL,1,ROUTE,,,,,PREVIEW_DEFAULT
235.7914,-72.7357,-15.5572,0.000,NORMAL,1,ROUTE,,,,,PREVIEW_DEFAULT
235.8914,-72.6357,-15.5563,0.000,NORMAL,1,ROUTE,,,,,PREVIEW_DEFAULT
235.9914,-72.5357,-15.5552,0.000,NORMAL,1,ROUTE,,,,,PREVIEW_DEFAULT
236.0914,-72.4357,-15.5538,0.000,NORMAL,1,ROUTE,,,,,PREVIEW_DEFAULT
236.1914,-72.3357,-15.5523,0.000,NORMAL,1,ROUTE,,,,,PREVIEW_DEFAULT
236.2915,-72.2357,-15.5508,0.000,NORMAL,1,ROUTE,,,,,PREVIEW_DEFAULT
236.3915,-72.1357,-15.5495,0.000,NORMAL,1,ROUTE,,,,,PREVIEW_DEFAULT
236.4915,-72.0357,-15.5487,0.000,NORMAL,1,ROUTE,,,,,PREVIEW_DEFAULT
236.5915,-71.9357,-15.5484,0.000,NORMAL,1,ROUTE,,,,,PREVIEW_DEFAULT
236.6915,-71.8357,-15.5490,0.000,NORMAL,1,ROUTE,,,,,PREVIEW_DEFAULT
236.7914,-71.7358,-15.5504,0.000,NORMAL,1,ROUTE,,,,,PREVIEW_DEFAULT
236.8914,-71.6358,-15.5529,0.000,NORMAL,1,ROUTE,,,,,PREVIEW_DEFAULT
236.9914,-71.5359,-15.5565,0.000,NORMAL,1,ROUTE,,,,,PREVIEW_DEFAULT
237.0914,-71.4360,-15.5614,0.000,NORMAL,1,ROUTE,,,,,PREVIEW_DEFAULT
237.1914,-71.3362,-15.5675,0.000,NORMAL,1,ROUTE,,,,,PREVIEW_DEFAULT
237.2915,-71.2364,-15.5749,0.000,NORMAL,1,ROUTE,,,,,PREVIEW_DEFAULT
237.3914,-71.1368,-15.5837,0.000,NORMAL,1,ROUTE,,,,,PREVIEW_DEFAULT
237.4914,-71.0374,-15.5938,0.000,NORMAL,1,ROUTE,,,,,PREVIEW_DEFAULT
237.5914,-70.9380,-15.6052,0.000,NORMAL,1,ROUTE,,,,,PREVIEW_DEFAULT
237.6914,-70.8388,-15.6179,0.000,NORMAL,1,ROUTE,,,,,PREVIEW_DEFAULT
237.7914,-70.7398,-15.6318,0.000,NORMAL,1,ROUTE,,,,,PREVIEW_DEFAULT
237.8914,-70.6409,-15.6468,0.000,NORMAL,1,ROUTE,,,,,PREVIEW_DEFAULT
237.9914,-70.5422,-15.6628,0.000,NORMAL,1,ROUTE,,,,,PREVIEW_DEFAULT
238.0914,-70.4437,-15.6798,0.000,NORMAL,1,ROUTE,,,,,PREVIEW_DEFAULT
238.1914,-70.3453,-15.6977,0.000,NORMAL,1,ROUTE,,,,,PREVIEW_DEFAULT
238.2914,-70.2471,-15.7165,0.000,NORMAL,1,ROUTE,,,,,PREVIEW_DEFAULT
238.3914,-70.1490,-15.7360,0.000,NORMAL,1,ROUTE,,,,,PREVIEW_DEFAULT
238.4913,-70.0511,-15.7562,0.000,NORMAL,1,ROUTE,,,,,PREVIEW_DEFAULT
238.5913,-69.9533,-15.7770,0.000,NORMAL,1,ROUTE,,,,,PREVIEW_DEFAULT
238.6913,-69.8556,-15.7983,0.000,NORMAL,1,ROUTE,,,,,PREVIEW_DEFAULT
238.7913,-69.7580,-15.8202,0.000,NORMAL,1,ROUTE,,,,,PREVIEW_DEFAULT
238.8913,-69.6605,-15.8423,0.000,NORMAL,1,ROUTE,,,,,PREVIEW_DEFAULT
238.9913,-69.5631,-15.8648,0.000,NORMAL,1,ROUTE,,,,,PREVIEW_DEFAULT
239.0913,-69.4657,-15.8876,0.000,NORMAL,1,ROUTE,,,,,PREVIEW_DEFAULT
239.1913,-69.3684,-15.9106,0.000,NORMAL,1,ROUTE,,,,,PREVIEW_DEFAULT
239.2913,-69.2711,-15.9338,0.000,NORMAL,1,ROUTE,,,,,PREVIEW_DEFAULT
239.3913,-69.1739,-15.9571,0.000,NORMAL,1,ROUTE,,,,,PREVIEW_DEFAULT
239.4913,-69.0767,-15.9806,0.000,NORMAL,1,ROUTE,,,,,PREVIEW_DEFAULT
239.5913,-68.9795,-16.0043,0.000,NORMAL,1,ROUTE,,,,,PREVIEW_DEFAULT
239.6913,-68.8824,-16.0281,0.000,NORMAL,1,ROUTE,,,,,PREVIEW_DEFAULT
239.7913,-68.7853,-16.0521,0.000,NORMAL,1,ROUTE,,,,,PREVIEW_DEFAULT
239.8913,-68.6883,-16.0762,0.000,NORMAL,1,ROUTE,,,,,PREVIEW_DEFAULT
239.9913,-68.5913,-16.1006,0.000,NORMAL,1,ROUTE,,,,,PREVIEW_DEFAULT
240.0913,-68.4944,-16.1252,0.000,NORMAL,1,ROUTE,,,,,PREVIEW_DEFAULT
240.1913,-68.3975,-16.1500,0.000,NORMAL,1,ROUTE,,,,,PREVIEW_DEFAULT
240.2913,-68.3007,-16.1750,0.000,NORMAL,1,ROUTE,,,,,PREVIEW_DEFAULT
240.3913,-68.2039,-16.2002,0.000,NORMAL,1,ROUTE,,,,,PREVIEW_DEFAULT
240.4913,-68.1072,-16.2256,0.000,NORMAL,1,ROUTE,,,,,PREVIEW_DEFAULT
240.5913,-68.0105,-16.2511,0.000,NORMAL,1,ROUTE,,,,,PREVIEW_DEFAULT
240.6913,-67.9138,-16.2767,0.000,NORMAL,1,ROUTE,,,,,PREVIEW_DEFAULT
240.7912,-67.8172,-16.3023,0.000,NORMAL,1,ROUTE,,,,,PREVIEW_DEFAULT
240.8913,-67.7205,-16.3280,0.000,NORMAL,1,ROUTE,,,,,PREVIEW_DEFAULT
240.9912,-67.6239,-16.3536,0.000,NORMAL,1,ROUTE,,,,,PREVIEW_DEFAULT
241.0912,-67.5272,-16.3791,0.000,NORMAL,1,ROUTE,,,,,PREVIEW_DEFAULT
241.1913,-67.4304,-16.4044,0.000,NORMAL,1,ROUTE,,,,,PREVIEW_DEFAULT
241.2913,-67.3336,-16.4296,0.000,NORMAL,1,ROUTE,,,,,PREVIEW_DEFAULT
241.3913,-67.2368,-16.4544,0.000,NORMAL,1,ROUTE,,,,,PREVIEW_DEFAULT
241.4913,-67.1398,-16.4789,0.000,NORMAL,1,ROUTE,,,,,PREVIEW_DEFAULT
241.5912,-67.0428,-16.5030,0.000,NORMAL,1,ROUTE,,,,,PREVIEW_DEFAULT
241.6913,-66.9456,-16.5266,0.000,NORMAL,1,ROUTE,,,,,PREVIEW_DEFAULT
241.7912,-66.8484,-16.5499,0.000,NORMAL,1,ROUTE,,,,,PREVIEW_DEFAULT
241.8913,-66.7510,-16.5728,0.000,NORMAL,1,ROUTE,,,,,PREVIEW_DEFAULT
241.9913,-66.6536,-16.5954,0.000,NORMAL,1,ROUTE,,,,,PREVIEW_DEFAULT
242.0912,-66.5562,-16.6178,0.000,NORMAL,1,ROUTE,,,,,PREVIEW_DEFAULT
242.1912,-66.4587,-16.6401,0.000,NORMAL,1,ROUTE,,,,,PREVIEW_DEFAULT
242.2913,-66.3612,-16.6625,0.000,NORMAL,1,ROUTE,,,,,PREVIEW_DEFAULT
242.3912,-66.2638,-16.6850,0.000,NORMAL,1,ROUTE,,,,,PREVIEW_DEFAULT
242.4912,-66.1665,-16.7079,0.000,NORMAL,1,ROUTE,,,,,PREVIEW_DEFAULT
242.5912,-66.0692,-16.7311,0.000,NORMAL,1,ROUTE,,,,,PREVIEW_DEFAULT
242.6912,-65.9720,-16.7547,0.000,NORMAL,1,ROUTE,,,,,PREVIEW_DEFAULT
242.7912,-65.8750,-16.7787,0.000,NORMAL,1,ROUTE,,,,,PREVIEW_DEFAULT
242.8912,-65.7780,-16.8031,0.000,NORMAL,1,ROUTE,,,,,PREVIEW_DEFAULT
242.9912,-65.6811,-16.8279,0.000,NORMAL,1,ROUTE,,,,,PREVIEW_DEFAULT
243.0913,-65.5842,-16.8528,0.000,NORMAL,1,ROUTE,,,,,PREVIEW_DEFAULT
243.1912,-65.4874,-16.8778,0.000,NORMAL,1,ROUTE,,,,,PREVIEW_DEFAULT
243.2912,-65.3906,-16.9029,0.000,NORMAL,1,ROUTE,,,,,PREVIEW_DEFAULT
243.3912,-65.2938,-16.9278,0.000,NORMAL,1,ROUTE,,,,,PREVIEW_DEFAULT
243.4912,-65.1969,-16.9526,0.000,NORMAL,1,ROUTE,,,,,PREVIEW_DEFAULT
243.5912,-65.1000,-16.9771,0.000,NORMAL,1,ROUTE,,,,,PREVIEW_DEFAULT
243.6912,-65.0029,-17.0013,0.000,NORMAL,1,ROUTE,,,,,PREVIEW_DEFAULT
243.7912,-64.9058,-17.0252,0.000,NORMAL,1,ROUTE,,,,,PREVIEW_DEFAULT
243.8911,-64.8087,-17.0487,0.000,NORMAL,1,ROUTE,,,,,PREVIEW_DEFAULT
243.9912,-64.7114,-17.0720,0.000,NORMAL,1,ROUTE,,,,,PREVIEW_DEFAULT
244.0911,-64.6141,-17.0949,0.000,NORMAL,1,ROUTE,,,,,PREVIEW_DEFAULT
244.1912,-64.5167,-17.1176,0.000,NORMAL,1,ROUTE,,,,,PREVIEW_DEFAULT
244.2912,-64.4192,-17.1401,0.000,NORMAL,1,ROUTE,,,,,PREVIEW_DEFAULT
244.3912,-64.3217,-17.1623,0.000,NORMAL,1,ROUTE,,,,,PREVIEW_DEFAULT
244.4912,-64.2242,-17.1844,0.000,NORMAL,1,ROUTE,,,,,PREVIEW_DEFAULT
244.5912,-64.1266,-17.2062,0.000,NORMAL,1,ROUTE,,,,,PREVIEW_DEFAULT
244.6912,-64.0290,-17.2279,0.000,NORMAL,1,ROUTE,,,,,PREVIEW_DEFAULT
244.7911,-63.9314,-17.2494,0.000,NORMAL,1,ROUTE,,,,,PREVIEW_DEFAULT
244.8911,-63.8337,-17.2708,0.000,NORMAL,1,ROUTE,,,,,PREVIEW_DEFAULT
244.9912,-63.7359,-17.2920,0.000,NORMAL,1,ROUTE,,,,,PREVIEW_DEFAULT
245.0911,-63.6382,-17.3130,0.000,NORMAL,1,ROUTE,,,,,PREVIEW_DEFAULT
245.1912,-63.5404,-17.3340,0.000,NORMAL,1,ROUTE,,,,,PREVIEW_DEFAULT
245.2912,-63.4426,-17.3549,0.000,NORMAL,1,ROUTE,,,,,PREVIEW_DEFAULT
245.3911,-63.3449,-17.3759,0.000,NORMAL,1,ROUTE,,,,,PREVIEW_DEFAULT
245.4911,-63.2471,-17.3969,0.000,NORMAL,1,ROUTE,,,,,PREVIEW_DEFAULT
245.5911,-63.1494,-17.4182,0.000,NORMAL,1,ROUTE,,,,,PREVIEW_DEFAULT
245.6911,-63.0517,-17.4396,0.000,NORMAL,1,ROUTE,,,,,PREVIEW_DEFAULT
245.7911,-62.9541,-17.4614,0.000,NORMAL,1,ROUTE,,,,,PREVIEW_DEFAULT
245.8911,-62.8566,-17.4835,0.000,NORMAL,1,ROUTE,,,,,PREVIEW_DEFAULT
245.9911,-62.7592,-17.5060,0.000,NORMAL,1,ROUTE,,,,,PREVIEW_DEFAULT
246.0911,-62.6619,-17.5290,0.000,NORMAL,1,ROUTE,,,,,PREVIEW_DEFAULT
246.1911,-62.5646,-17.5524,0.000,NORMAL,1,ROUTE,,,,,PREVIEW_DEFAULT
246.2911,-62.4675,-17.5763,0.000,NORMAL,1,ROUTE,,,,,PREVIEW_DEFAULT
246.3911,-62.3705,-17.6005,0.000,NORMAL,1,ROUTE,,,,,PREVIEW_DEFAULT
246.4911,-62.2736,-17.6252,0.000,NORMAL,1,ROUTE,,,,,PREVIEW_DEFAULT
246.5911,-62.1768,-17.6502,0.000,NORMAL,1,ROUTE,,,,,PREVIEW_DEFAULT
246.6911,-62.0801,-17.6756,0.000,NORMAL,1,ROUTE,,,,,PREVIEW_DEFAULT
246.7911,-61.9834,-17.7012,0.000,NORMAL,1,ROUTE,,,,,PREVIEW_DEFAULT
246.8911,-61.8868,-17.7272,0.000,NORMAL,1,ROUTE,,,,,PREVIEW_DEFAULT
246.9911,-61.7903,-17.7534,0.000,NORMAL,1,ROUTE,,,,,PREVIEW_DEFAULT
247.0911,-61.6939,-17.7798,0.000,NORMAL,1,ROUTE,,,,,PREVIEW_DEFAULT
247.1911,-61.5975,-17.8065,0.000,NORMAL,1,ROUTE,,,,,PREVIEW_DEFAULT
247.2911,-61.5012,-17.8334,0.000,NORMAL,1,ROUTE,,,,,PREVIEW_DEFAULT
247.3910,-61.4050,-17.8605,0.000,NORMAL,1,ROUTE,,,,,PREVIEW_DEFAULT
247.4911,-61.3087,-17.8877,0.000,NORMAL,1,ROUTE,,,,,PREVIEW_DEFAULT
247.5910,-61.2126,-17.9151,0.000,NORMAL,1,ROUTE,,,,,PREVIEW_DEFAULT
247.6911,-61.1164,-17.9426,0.000,NORMAL,1,ROUTE,,,,,PREVIEW_DEFAULT
247.7910,-61.0203,-17.9701,0.000,NORMAL,1,ROUTE,,,,,PREVIEW_DEFAULT
247.8911,-60.9242,-17.9978,0.000,NORMAL,1,ROUTE,,,,,PREVIEW_DEFAULT
247.9910,-60.8281,-18.0254,0.000,NORMAL,1,ROUTE,,,,,PREVIEW_DEFAULT
248.0910,-60.7320,-18.0529,0.000,NORMAL,1,ROUTE,,,,,PREVIEW_DEFAULT
248.1911,-60.6358,-18.0804,0.000,NORMAL,1,ROUTE,,,,,PREVIEW_DEFAULT
248.2910,-60.5397,-18.1079,0.000,NORMAL,1,ROUTE,,,,,PREVIEW_DEFAULT
248.3910,-60.4435,-18.1352,0.000,NORMAL,1,ROUTE,,,,,PREVIEW_DEFAULT
248.4911,-60.3472,-18.1624,0.000,NORMAL,1,ROUTE,,,,,PREVIEW_DEFAULT
248.5911,-60.2510,-18.1896,0.000,NORMAL,1,ROUTE,,,,,PREVIEW_DEFAULT
248.6910,-60.1548,-18.2167,0.000,NORMAL,1,ROUTE,,,,,PREVIEW_DEFAULT
248.7911,-60.0585,-18.2439,0.000,NORMAL,1,ROUTE,,,,,PREVIEW_DEFAULT
248.8910,-59.9623,-18.2711,0.000,NORMAL,1,ROUTE,,,,,PREVIEW_DEFAULT
248.9910,-59.8662,-18.2986,0.000,NORMAL,1,ROUTE,,,,,PREVIEW_DEFAULT
249.0910,-59.7701,-18.3262,0.000,NORMAL,1,ROUTE,,,,,PREVIEW_DEFAULT
249.1910,-59.6741,-18.3542,0.000,NORMAL,1,ROUTE,,,,,PREVIEW_DEFAULT
249.2910,-59.5782,-18.3826,0.000,NORMAL,1,ROUTE,,,,,PREVIEW_DEFAULT
249.3910,-59.4825,-18.4116,0.000,NORMAL,1,ROUTE,,,,,PREVIEW_DEFAULT
249.4910,-59.3870,-18.4412,0.000,NORMAL,1,ROUTE,,,,,PREVIEW_DEFAULT
249.5910,-59.2917,-18.4716,0.000,NORMAL,1,ROUTE,,,,,PREVIEW_DEFAULT
249.6910,-59.1967,-18.5028,0.000,NORMAL,1,ROUTE,,,,,PREVIEW_DEFAULT
249.7910,-59.1020,-18.5350,0.000,NORMAL,1,ROUTE,,,,,PREVIEW_DEFAULT
249.8910,-59.0077,-18.5681,0.000,NORMAL,1,ROUTE,,,,,PREVIEW_DEFAULT
249.9910,-58.9137,-18.6024,0.000,NORMAL,1,ROUTE,,,,,PREVIEW_DEFAULT
250.0910,-58.8202,-18.6377,0.000,NORMAL,1,ROUTE,,,,,PREVIEW_DEFAULT
250.1910,-58.7270,-18.6741,0.000,NORMAL,1,ROUTE,,,,,PREVIEW_DEFAULT
250.2910,-58.6343,-18.7115,0.000,NORMAL,1,ROUTE,,,,,PREVIEW_DEFAULT
250.3910,-58.5419,-18.7497,0.000,NORMAL,1,ROUTE,,,,,PREVIEW_DEFAULT
250.4909,-58.4498,-18.7886,0.000,NORMAL,1,ROUTE,,,,,PREVIEW_DEFAULT
250.5909,-58.3579,-18.8280,0.000,NORMAL,1,ROUTE,,,,,PREVIEW_DEFAULT
250.6910,-58.2661,-18.8678,0.000,NORMAL,1,ROUTE,,,,,PREVIEW_DEFAULT
250.7909,-58.1745,-18.9078,0.000,NORMAL,1,ROUTE,,,,,PREVIEW_DEFAULT
250.8910,-58.0828,-18.9478,0.000,NORMAL,1,ROUTE,,,,,PREVIEW_DEFAULT
250.9910,-57.9911,-18.9876,0.000,NORMAL,1,ROUTE,,,,,PREVIEW_DEFAULT
251.0909,-57.8992,-19.0270,0.000,NORMAL,1,ROUTE,,,,,PREVIEW_DEFAULT
251.1910,-57.8071,-19.0660,0.000,NORMAL,1,ROUTE,,,,,PREVIEW_DEFAULT
251.2909,-57.7148,-19.1044,0.000,NORMAL,1,ROUTE,,,,,PREVIEW_DEFAULT
251.3910,-57.6221,-19.1420,0.000,NORMAL,1,ROUTE,,,,,PREVIEW_DEFAULT
251.4909,-57.5292,-19.1789,0.000,NORMAL,1,ROUTE,,,,,PREVIEW_DEFAULT
251.5910,-57.4359,-19.2150,0.000,NORMAL,1,ROUTE,,,,,PREVIEW_DEFAULT
251.6909,-57.3423,-19.2501,0.000,NORMAL,1,ROUTE,,,,,PREVIEW_DEFAULT
251.7909,-57.2484,-19.2845,0.000,NORMAL,1,ROUTE,,,,,PREVIEW_DEFAULT
251.8910,-57.1541,-19.3179,0.000,NORMAL,1,ROUTE,,,,,PREVIEW_DEFAULT
251.9909,-57.0596,-19.3504,0.000,NORMAL,1,ROUTE,,,,,PREVIEW_DEFAULT
252.0910,-56.9647,-19.3821,0.000,NORMAL,1,ROUTE,,,,,PREVIEW_DEFAULT
252.1910,-56.8696,-19.4130,0.000,NORMAL,1,ROUTE,,,,,PREVIEW_DEFAULT
252.2909,-56.7743,-19.4432,0.000,NORMAL,1,ROUTE,,,,,PREVIEW_DEFAULT
252.3909,-56.6788,-19.4729,0.000,NORMAL,1,ROUTE,,,,,PREVIEW_DEFAULT
252.4909,-56.5832,-19.5022,0.000,NORMAL,1,ROUTE,,,,,PREVIEW_DEFAULT
252.5909,-56.4875,-19.5312,0.000,NORMAL,1,ROUTE,,,,,PREVIEW_DEFAULT
252.6909,-56.3918,-19.5600,0.000,NORMAL,1,ROUTE,,,,,PREVIEW_DEFAULT
252.7909,-56.2960,-19.5889,0.000,NORMAL,1,ROUTE,,,,,PREVIEW_DEFAULT
252.8909,-56.2003,-19.6178,0.000,NORMAL,1,ROUTE,,,,,PREVIEW_DEFAULT
252.9909,-56.1046,-19.6469,0.000,NORMAL,1,ROUTE,,,,,PREVIEW_DEFAULT
253.0908,-56.0091,-19.6763,0.000,NORMAL,1,ROUTE,,,,,PREVIEW_DEFAULT
253.1909,-55.9136,-19.7061,0.000,NORMAL,1,ROUTE,,,,,PREVIEW_DEFAULT
253.2909,-55.8182,-19.7362,0.000,NORMAL,1,ROUTE,,,,,PREVIEW_DEFAULT
253.3909,-55.7230,-19.7667,0.000,NORMAL,1,ROUTE,,,,,PREVIEW_DEFAULT
253.4908,-55.6280,-19.7977,0.000,NORMAL,1,ROUTE,,,,,PREVIEW_DEFAULT
253.5908,-55.5331,-19.8293,0.000,NORMAL,1,ROUTE,,,,,PREVIEW_DEFAULT
253.6909,-55.4383,-19.8614,0.000,NORMAL,1,ROUTE,,,,,PREVIEW_DEFAULT
253.7909,-55.3438,-19.8940,0.000,NORMAL,1,ROUTE,,,,,PREVIEW_DEFAULT
253.8909,-55.2495,-19.9272,0.000,NORMAL,1,ROUTE,,,,,PREVIEW_DEFAULT
253.9909,-55.1554,-19.9611,0.000,NORMAL,1,ROUTE,,,,,PREVIEW_DEFAULT
254.0909,-55.0615,-19.9955,0.000,NORMAL,1,ROUTE,,,,,PREVIEW_DEFAULT
254.1909,-54.9679,-20.0306,0.000,NORMAL,1,ROUTE,,,,,PREVIEW_DEFAULT
254.2909,-54.8744,-20.0661,0.000,NORMAL,1,ROUTE,,,,,PREVIEW_DEFAULT
254.3909,-54.7811,-20.1021,0.000,NORMAL,1,ROUTE,,,,,PREVIEW_DEFAULT
254.4908,-54.6880,-20.1385,0.000,NORMAL,1,ROUTE,,,,,PREVIEW_DEFAULT
254.5908,-54.5950,-20.1752,0.000,NORMAL,1,ROUTE,,,,,PREVIEW_DEFAULT
254.6908,-54.5020,-20.2120,0.000,NORMAL,1,ROUTE,,,,,PREVIEW_DEFAULT
254.7908,-54.4090,-20.2488,0.000,NORMAL,1,ROUTE,,,,,PREVIEW_DEFAULT
254.8908,-54.3160,-20.2855,0.000,NORMAL,1,ROUTE,,,,,PREVIEW_DEFAULT
254.9909,-54.2229,-20.3221,0.000,NORMAL,1,ROUTE,,,,,PREVIEW_DEFAULT
255.0908,-54.1298,-20.3584,0.000,NORMAL,1,ROUTE,,,,,PREVIEW_DEFAULT
255.1908,-54.0365,-20.3944,0.000,NORMAL,1,ROUTE,,,,,PREVIEW_DEFAULT
255.2908,-53.9431,-20.4301,0.000,NORMAL,1,ROUTE,,,,,PREVIEW_DEFAULT
255.3909,-53.8495,-20.4655,0.000,NORMAL,1,ROUTE,,,,,PREVIEW_DEFAULT
255.4908,-53.7559,-20.5006,0.000,NORMAL,1,ROUTE,,,,,PREVIEW_DEFAULT
255.5908,-53.6622,-20.5354,0.000,NORMAL,1,ROUTE,,,,,PREVIEW_DEFAULT
255.6908,-53.5683,-20.5700,0.000,NORMAL,1,ROUTE,,,,,PREVIEW_DEFAULT
255.7908,-53.4745,-20.6045,0.000,NORMAL,1,ROUTE,,,,,PREVIEW_DEFAULT
255.8908,-53.3806,-20.6388,0.000,NORMAL,1,ROUTE,,,,,PREVIEW_DEFAULT
255.9909,-53.2866,-20.6732,0.000,NORMAL,1,ROUTE,,,,,PREVIEW_DEFAULT
256.0908,-53.1927,-20.7075,0.000,NORMAL,1,ROUTE,,,,,PREVIEW_DEFAULT
256.1908,-53.0989,-20.7420,0.000,NORMAL,1,ROUTE,,,,,PREVIEW_DEFAULT
256.2908,-53.0050,-20.7765,0.000,NORMAL,1,ROUTE,,,,,PREVIEW_DEFAULT
256.3908,-52.9113,-20.8113,0.000,NORMAL,1,ROUTE,,,,,PREVIEW_DEFAULT
256.4908,-52.8176,-20.8463,0.000,NORMAL,1,ROUTE,,,,,PREVIEW_DEFAULT
256.5908,-52.7240,-20.8815,0.000,NORMAL,1,ROUTE,,,,,PREVIEW_DEFAULT
256.6908,-52.6305,-20.9169,0.000,NORMAL,1,ROUTE,,,,,PREVIEW_DEFAULT
256.7908,-52.5371,-20.9527,0.000,NORMAL,1,ROUTE,,,,,PREVIEW_DEFAULT
256.8908,-52.4438,-20.9888,0.000,NORMAL,1,ROUTE,,,,,PREVIEW_DEFAULT
256.9907,-52.3507,-21.0251,0.000,NORMAL,1,ROUTE,,,,,PREVIEW_DEFAULT
257.0907,-52.2576,-21.0616,0.000,NORMAL,1,ROUTE,,,,,PREVIEW_DEFAULT
257.1908,-52.1646,-21.0984,0.000,NORMAL,1,ROUTE,,,,,PREVIEW_DEFAULT
257.2907,-52.0717,-21.1353,0.000,NORMAL,1,ROUTE,,,,,PREVIEW_DEFAULT
257.3907,-51.9788,-21.1723,0.000,NORMAL,1,ROUTE,,,,,PREVIEW_DEFAULT
257.4908,-51.8859,-21.2095,0.000,NORMAL,1,ROUTE,,,,,PREVIEW_DEFAULT
257.5908,-51.7931,-21.2467,0.000,NORMAL,1,ROUTE,,,,,PREVIEW_DEFAULT
257.6908,-51.7003,-21.2840,0.000,NORMAL,1,ROUTE,,,,,PREVIEW_DEFAULT
257.7907,-51.6076,-21.3213,0.000,NORMAL,1,ROUTE,,,,,PREVIEW_DEFAULT
257.8907,-51.5149,-21.3588,0.000,NORMAL,1,ROUTE,,,,,PREVIEW_DEFAULT
257.9907,-51.4222,-21.3963,0.000,NORMAL,1,ROUTE,,,,,PREVIEW_DEFAULT
258.0907,-51.3295,-21.4339,0.000,NORMAL,1,ROUTE,,,,,PREVIEW_DEFAULT
258.1907,-51.2369,-21.4716,0.000,NORMAL,1,ROUTE,,,,,PREVIEW_DEFAULT
258.2907,-51.1443,-21.5094,0.000,NORMAL,1,ROUTE,,,,,PREVIEW_DEFAULT
258.3907,-51.0518,-21.5473,0.000,NORMAL,1,ROUTE,,,,,PREVIEW_DEFAULT
258.4907,-50.9593,-21.5853,0.000,NORMAL,1,ROUTE,,,,,PREVIEW_DEFAULT
258.5907,-50.8668,-21.6233,0.000,NORMAL,1,ROUTE,,,,,PREVIEW_DEFAULT
258.6907,-50.7743,-21.6614,0.000,NORMAL,1,ROUTE,,,,,PREVIEW_DEFAULT
258.7907,-50.6818,-21.6993,0.000,NORMAL,1,ROUTE,,,,,PREVIEW_DEFAULT
258.8907,-50.5893,-21.7372,0.000,NORMAL,1,ROUTE,,,,,PREVIEW_DEFAULT
258.9907,-50.4966,-21.7749,0.000,NORMAL,1,ROUTE,,,,,PREVIEW_DEFAULT
259.0907,-50.4039,-21.8124,0.000,NORMAL,1,ROUTE,,,,,PREVIEW_DEFAULT
259.1907,-50.3111,-21.8496,0.000,NORMAL,1,ROUTE,,,,,PREVIEW_DEFAULT
259.2907,-50.2182,-21.8865,0.000,NORMAL,1,ROUTE,,,,,PREVIEW_DEFAULT
259.3907,-50.1251,-21.9231,0.000,NORMAL,1,ROUTE,,,,,PREVIEW_DEFAULT
259.4907,-50.0319,-21.9594,0.000,NORMAL,1,ROUTE,,,,,PREVIEW_DEFAULT
259.5906,-49.9387,-21.9954,0.000,NORMAL,1,ROUTE,,,,,PREVIEW_DEFAULT
259.6907,-49.8453,-22.0312,0.000,NORMAL,1,ROUTE,,,,,PREVIEW_DEFAULT
259.7907,-49.7519,-22.0669,0.000,NORMAL,1,ROUTE,,,,,PREVIEW_DEFAULT
259.8907,-49.6584,-22.1025,0.000,NORMAL,1,ROUTE,,,,,PREVIEW_DEFAULT
259.9907,-49.5650,-22.1381,0.000,NORMAL,1,ROUTE,,,,,PREVIEW_DEFAULT
260.0906,-49.4716,-22.1737,0.000,NORMAL,1,ROUTE,,,,,PREVIEW_DEFAULT
260.1045,-49.4586,-22.1787,0.000,TRAFFIC,1,TRAFFIC,TRAFFIC_2_RED_STOP,STOP_IF_CONDITION,TRAFFIC_LIGHT_RED,,PREVIEW_DEFAULT
260.1907,-49.3782,-22.2096,0.000,TRAFFIC,1,TRAFFIC,,,TRAFFIC_LIGHT_RED,,PREVIEW_DEFAULT
260.2907,-49.2849,-22.2456,0.000,TRAFFIC,1,TRAFFIC,,,TRAFFIC_LIGHT_RED,,PREVIEW_DEFAULT
260.3907,-49.1917,-22.2818,0.000,TRAFFIC,1,TRAFFIC,,,TRAFFIC_LIGHT_RED,,PREVIEW_DEFAULT
260.4907,-49.0986,-22.3183,0.000,TRAFFIC,1,TRAFFIC,,,TRAFFIC_LIGHT_RED,,PREVIEW_DEFAULT
260.5907,-49.0056,-22.3551,0.000,TRAFFIC,1,TRAFFIC,,,TRAFFIC_LIGHT_RED,,PREVIEW_DEFAULT
260.6907,-48.9128,-22.3923,0.000,TRAFFIC,1,TRAFFIC,,,TRAFFIC_LIGHT_RED,,PREVIEW_DEFAULT
260.7907,-48.8201,-22.4298,0.000,TRAFFIC,1,TRAFFIC,,,TRAFFIC_LIGHT_RED,,PREVIEW_DEFAULT
260.8907,-48.7276,-22.4678,0.000,TRAFFIC,1,TRAFFIC,,,TRAFFIC_LIGHT_RED,,PREVIEW_DEFAULT
260.9907,-48.6353,-22.5063,0.000,TRAFFIC,1,TRAFFIC,,,TRAFFIC_LIGHT_RED,,PREVIEW_DEFAULT
261.0906,-48.5433,-22.5454,0.000,TRAFFIC,1,TRAFFIC,,,TRAFFIC_LIGHT_RED,,PREVIEW_DEFAULT
261.1906,-48.4515,-22.5850,0.000,TRAFFIC,1,TRAFFIC,,,TRAFFIC_LIGHT_RED,,PREVIEW_DEFAULT
261.2906,-48.3600,-22.6253,0.000,TRAFFIC,1,TRAFFIC,,,TRAFFIC_LIGHT_RED,,PREVIEW_DEFAULT
261.3907,-48.2687,-22.6663,0.000,TRAFFIC,1,TRAFFIC,,,TRAFFIC_LIGHT_RED,,PREVIEW_DEFAULT
261.4907,-48.1778,-22.7080,0.000,TRAFFIC,1,TRAFFIC,,,TRAFFIC_LIGHT_RED,,PREVIEW_DEFAULT
261.5906,-48.0873,-22.7503,0.000,TRAFFIC,1,TRAFFIC,,,TRAFFIC_LIGHT_RED,,PREVIEW_DEFAULT
261.6906,-47.9970,-22.7934,0.000,TRAFFIC,1,TRAFFIC,,,TRAFFIC_LIGHT_RED,,PREVIEW_DEFAULT
261.7906,-47.9071,-22.8372,0.000,TRAFFIC,1,TRAFFIC,,,TRAFFIC_LIGHT_RED,,PREVIEW_DEFAULT
261.8906,-47.8175,-22.8815,0.000,TRAFFIC,1,TRAFFIC,,,TRAFFIC_LIGHT_RED,,PREVIEW_DEFAULT
261.9906,-47.7281,-22.9264,0.000,TRAFFIC,1,TRAFFIC,,,TRAFFIC_LIGHT_RED,,PREVIEW_DEFAULT
262.0906,-47.6389,-22.9715,0.000,TRAFFIC,1,TRAFFIC,,,TRAFFIC_LIGHT_RED,,PREVIEW_DEFAULT
262.1906,-47.5497,-23.0167,0.000,TRAFFIC,1,TRAFFIC,,,TRAFFIC_LIGHT_RED,,PREVIEW_DEFAULT
262.2906,-47.4604,-23.0618,0.000,TRAFFIC,1,TRAFFIC,,,TRAFFIC_LIGHT_RED,,PREVIEW_DEFAULT
262.3906,-47.3709,-23.1064,0.000,TRAFFIC,1,TRAFFIC,,,TRAFFIC_LIGHT_RED,,PREVIEW_DEFAULT
262.4906,-47.2811,-23.1503,0.000,TRAFFIC,1,TRAFFIC,,,TRAFFIC_LIGHT_RED,,PREVIEW_DEFAULT
262.5906,-47.1907,-23.1931,0.000,TRAFFIC,1,TRAFFIC,,,TRAFFIC_LIGHT_RED,,PREVIEW_DEFAULT
262.6905,-47.0997,-23.2344,0.000,TRAFFIC,1,TRAFFIC,,,TRAFFIC_LIGHT_RED,,PREVIEW_DEFAULT
262.7906,-47.0078,-23.2739,0.000,TRAFFIC,1,TRAFFIC,,,TRAFFIC_LIGHT_RED,,PREVIEW_DEFAULT
262.8905,-46.9150,-23.3111,0.000,TRAFFIC,1,TRAFFIC,,,TRAFFIC_LIGHT_RED,,PREVIEW_DEFAULT
262.9906,-46.8211,-23.3457,0.000,TRAFFIC,1,TRAFFIC,,,TRAFFIC_LIGHT_RED,,PREVIEW_DEFAULT
263.0906,-46.7262,-23.3772,0.000,TRAFFIC,1,TRAFFIC,,,TRAFFIC_LIGHT_RED,,PREVIEW_DEFAULT
263.1244,-46.6939,-23.3871,0.000,TRAFFIC,1,TRAFFIC,TRAFFIC_2_RED_STOP_END,,TRAFFIC_LIGHT_RED,,PREVIEW_DEFAULT
263.1906,-46.6302,-23.4051,0.000,TRAFFIC,1,TRAFFIC,,,TRAFFIC_LIGHT_RED,,PREVIEW_DEFAULT
263.2906,-46.5332,-23.4295,0.000,TRAFFIC,1,TRAFFIC,,,TRAFFIC_LIGHT_RED,,PREVIEW_DEFAULT
263.3906,-46.4367,-23.4556,0.000,TRAFFIC,1,TRAFFIC,,,TRAFFIC_LIGHT_RED,,PREVIEW_DEFAULT
263.3980,-46.4296,-23.4577,0.000,NORMAL,1,ROUTE,,,,,PREVIEW_DEFAULT
263.4905,-46.3414,-23.4857,0.000,NORMAL,1,ROUTE,,,,,PREVIEW_DEFAULT
263.5905,-46.2471,-23.5190,0.000,NORMAL,1,ROUTE,,,,,PREVIEW_DEFAULT
263.6906,-46.1538,-23.5551,0.000,NORMAL,1,ROUTE,,,,,PREVIEW_DEFAULT
263.7905,-46.0616,-23.5936,0.000,NORMAL,1,ROUTE,,,,,PREVIEW_DEFAULT
263.8905,-45.9702,-23.6342,0.000,NORMAL,1,ROUTE,,,,,PREVIEW_DEFAULT
263.9905,-45.8795,-23.6764,0.000,NORMAL,1,ROUTE,,,,,PREVIEW_DEFAULT
264.0905,-45.7895,-23.7199,0.000,NORMAL,1,ROUTE,,,,,PREVIEW_DEFAULT
264.1905,-45.6999,-23.7643,0.000,NORMAL,1,ROUTE,,,,,PREVIEW_DEFAULT
264.2904,-45.6107,-23.8094,0.000,NORMAL,1,ROUTE,,,,,PREVIEW_DEFAULT
264.3905,-45.5216,-23.8549,0.000,NORMAL,1,ROUTE,,,,,PREVIEW_DEFAULT
264.4905,-45.4326,-23.9005,0.000,NORMAL,1,ROUTE,,,,,PREVIEW_DEFAULT
264.5904,-45.3436,-23.9460,0.000,NORMAL,1,ROUTE,,,,,PREVIEW_DEFAULT
264.6905,-45.2544,-23.9913,0.000,NORMAL,1,ROUTE,,,,,PREVIEW_DEFAULT
264.7904,-45.1651,-24.0362,0.000,NORMAL,1,ROUTE,,,,,PREVIEW_DEFAULT
264.8905,-45.0755,-24.0807,0.000,NORMAL,1,ROUTE,,,,,PREVIEW_DEFAULT
264.9905,-44.9857,-24.1247,0.000,NORMAL,1,ROUTE,,,,,PREVIEW_DEFAULT
265.0905,-44.8956,-24.1681,0.000,NORMAL,1,ROUTE,,,,,PREVIEW_DEFAULT
265.1905,-44.8052,-24.2109,0.000,NORMAL,1,ROUTE,,,,,PREVIEW_DEFAULT
265.2905,-44.7146,-24.2531,0.000,NORMAL,1,ROUTE,,,,,PREVIEW_DEFAULT
265.3905,-44.6237,-24.2948,0.000,NORMAL,1,ROUTE,,,,,PREVIEW_DEFAULT
265.4905,-44.5325,-24.3358,0.000,NORMAL,1,ROUTE,,,,,PREVIEW_DEFAULT
265.5905,-44.4411,-24.3764,0.000,NORMAL,1,ROUTE,,,,,PREVIEW_DEFAULT
265.6905,-44.3495,-24.4166,0.000,NORMAL,1,ROUTE,,,,,PREVIEW_DEFAULT
265.7904,-44.2578,-24.4563,0.000,NORMAL,1,ROUTE,,,,,PREVIEW_DEFAULT
265.8904,-44.1659,-24.4957,0.000,NORMAL,1,ROUTE,,,,,PREVIEW_DEFAULT
265.9904,-44.0739,-24.5349,0.000,NORMAL,1,ROUTE,,,,,PREVIEW_DEFAULT
266.0904,-43.9818,-24.5738,0.000,NORMAL,1,ROUTE,,,,,PREVIEW_DEFAULT
266.1905,-43.8896,-24.6127,0.000,NORMAL,1,ROUTE,,,,,PREVIEW_DEFAULT
266.2904,-43.7975,-24.6515,0.000,NORMAL,1,ROUTE,,,,,PREVIEW_DEFAULT
266.3904,-43.7053,-24.6902,0.000,NORMAL,1,ROUTE,,,,,PREVIEW_DEFAULT
266.4904,-43.6131,-24.7290,0.000,NORMAL,1,ROUTE,,,,,PREVIEW_DEFAULT
266.5905,-43.5209,-24.7678,0.000,NORMAL,1,ROUTE,,,,,PREVIEW_DEFAULT
266.6904,-43.4288,-24.8067,0.000,NORMAL,1,ROUTE,,,,,PREVIEW_DEFAULT
266.7904,-43.3367,-24.8456,0.000,NORMAL,1,ROUTE,,,,,PREVIEW_DEFAULT
266.8904,-43.2447,-24.8847,0.000,NORMAL,1,ROUTE,,,,,PREVIEW_DEFAULT
266.9904,-43.1527,-24.9239,0.000,NORMAL,1,ROUTE,,,,,PREVIEW_DEFAULT
267.0904,-43.0607,-24.9632,0.000,NORMAL,1,ROUTE,,,,,PREVIEW_DEFAULT
267.1904,-42.9688,-25.0026,0.000,NORMAL,1,ROUTE,,,,,PREVIEW_DEFAULT
267.2904,-42.8770,-25.0422,0.000,NORMAL,1,ROUTE,,,,,PREVIEW_DEFAULT
267.3904,-42.7852,-25.0819,0.000,NORMAL,1,ROUTE,,,,,PREVIEW_DEFAULT
267.4904,-42.6935,-25.1218,0.000,NORMAL,1,ROUTE,,,,,PREVIEW_DEFAULT
267.5904,-42.6019,-25.1618,0.000,NORMAL,1,ROUTE,,,,,PREVIEW_DEFAULT
267.6904,-42.5103,-25.2020,0.000,NORMAL,1,ROUTE,,,,,PREVIEW_DEFAULT
267.7903,-42.4188,-25.2422,0.000,NORMAL,1,ROUTE,,,,,PREVIEW_DEFAULT
267.8904,-42.3273,-25.2826,0.000,NORMAL,1,ROUTE,,,,,PREVIEW_DEFAULT
267.9903,-42.2359,-25.3231,0.000,NORMAL,1,ROUTE,,,,,PREVIEW_DEFAULT
268.0903,-42.1445,-25.3637,0.000,NORMAL,1,ROUTE,,,,,PREVIEW_DEFAULT
268.1903,-42.0531,-25.4042,0.000,NORMAL,1,ROUTE,,,,,PREVIEW_DEFAULT
268.2904,-41.9616,-25.4447,0.000,NORMAL,1,ROUTE,,,,,PREVIEW_DEFAULT
268.3903,-41.8702,-25.4851,0.000,NORMAL,1,ROUTE,,,,,PREVIEW_DEFAULT
268.4904,-41.7786,-25.5254,0.000,NORMAL,1,ROUTE,,,,,PREVIEW_DEFAULT
268.5904,-41.6870,-25.5655,0.000,NORMAL,1,ROUTE,,,,,PREVIEW_DEFAULT
268.6903,-41.5953,-25.6053,0.000,NORMAL,1,ROUTE,,,,,PREVIEW_DEFAULT
268.7903,-41.5035,-25.6449,0.000,NORMAL,1,ROUTE,,,,,PREVIEW_DEFAULT
268.8904,-41.4115,-25.6842,0.000,NORMAL,1,ROUTE,,,,,PREVIEW_DEFAULT
268.9903,-41.3195,-25.7233,0.000,NORMAL,1,ROUTE,,,,,PREVIEW_DEFAULT
269.0903,-41.2273,-25.7620,0.000,NORMAL,1,ROUTE,,,,,PREVIEW_DEFAULT
269.1904,-41.1350,-25.8006,0.000,NORMAL,1,ROUTE,,,,,PREVIEW_DEFAULT
269.2903,-41.0427,-25.8389,0.000,NORMAL,1,ROUTE,,,,,PREVIEW_DEFAULT
269.3903,-40.9502,-25.8770,0.000,NORMAL,1,ROUTE,,,,,PREVIEW_DEFAULT
269.4904,-40.8577,-25.9151,0.000,NORMAL,1,ROUTE,,,,,PREVIEW_DEFAULT
269.5903,-40.7652,-25.9530,0.000,NORMAL,1,ROUTE,,,,,PREVIEW_DEFAULT
269.6904,-40.6726,-25.9908,0.000,NORMAL,1,ROUTE,,,,,PREVIEW_DEFAULT
269.7904,-40.5800,-26.0286,0.000,NORMAL,1,ROUTE,,,,,PREVIEW_DEFAULT
269.8903,-40.4874,-26.0662,0.000,NORMAL,1,ROUTE,,,,,PREVIEW_DEFAULT
269.9903,-40.3948,-26.1039,0.000,NORMAL,1,ROUTE,,,,,PREVIEW_DEFAULT
270.0903,-40.3021,-26.1415,0.000,NORMAL,1,ROUTE,,,,,PREVIEW_DEFAULT
270.1903,-40.2094,-26.1790,0.000,NORMAL,1,ROUTE,,,,,PREVIEW_DEFAULT
270.2903,-40.1167,-26.2165,0.000,NORMAL,1,ROUTE,,,,,PREVIEW_DEFAULT
270.3903,-40.0240,-26.2539,0.000,NORMAL,1,ROUTE,,,,,PREVIEW_DEFAULT
270.4903,-39.9312,-26.2913,0.000,NORMAL,1,ROUTE,,,,,PREVIEW_DEFAULT
270.5903,-39.8385,-26.3286,0.000,NORMAL,1,ROUTE,,,,,PREVIEW_DEFAULT
270.6903,-39.7457,-26.3659,0.000,NORMAL,1,ROUTE,,,,,PREVIEW_DEFAULT
270.7903,-39.6529,-26.4033,0.000,NORMAL,1,ROUTE,,,,,PREVIEW_DEFAULT
270.8903,-39.5602,-26.4406,0.000,NORMAL,1,ROUTE,,,,,PREVIEW_DEFAULT
270.9903,-39.4674,-26.4780,0.000,NORMAL,1,ROUTE,,,,,PREVIEW_DEFAULT
271.0903,-39.3747,-26.5154,0.000,NORMAL,1,ROUTE,,,,,PREVIEW_DEFAULT
271.1902,-39.2820,-26.5528,0.000,NORMAL,1,ROUTE,,,,,PREVIEW_DEFAULT
271.2903,-39.1893,-26.5904,0.000,NORMAL,1,ROUTE,,,,,PREVIEW_DEFAULT
271.3903,-39.0966,-26.6280,0.000,NORMAL,1,ROUTE,,,,,PREVIEW_DEFAULT
271.4903,-39.0040,-26.6657,0.000,NORMAL,1,ROUTE,,,,,PREVIEW_DEFAULT
271.5902,-38.9115,-26.7035,0.000,NORMAL,1,ROUTE,,,,,PREVIEW_DEFAULT
271.6903,-38.8189,-26.7414,0.000,NORMAL,1,ROUTE,,,,,PREVIEW_DEFAULT
271.7903,-38.7264,-26.7794,0.000,NORMAL,1,ROUTE,,,,,PREVIEW_DEFAULT
271.8903,-38.6339,-26.8175,0.000,NORMAL,1,ROUTE,,,,,PREVIEW_DEFAULT
271.9902,-38.5415,-26.8556,0.000,NORMAL,1,ROUTE,,,,,PREVIEW_DEFAULT
272.0902,-38.4491,-26.8937,0.000,NORMAL,1,ROUTE,,,,,PREVIEW_DEFAULT
272.1903,-38.3566,-26.9319,0.000,NORMAL,1,ROUTE,,,,,PREVIEW_DEFAULT
272.2902,-38.2642,-26.9700,0.000,NORMAL,1,ROUTE,,,,,PREVIEW_DEFAULT
272.3903,-38.1717,-27.0081,0.000,NORMAL,1,ROUTE,,,,,PREVIEW_DEFAULT
272.4903,-38.0792,-27.0461,0.000,NORMAL,1,ROUTE,,,,,PREVIEW_DEFAULT
272.5902,-37.9867,-27.0840,0.000,NORMAL,1,ROUTE,,,,,PREVIEW_DEFAULT
272.6902,-37.8941,-27.1216,0.000,NORMAL,1,ROUTE,,,,,PREVIEW_DEFAULT
272.7903,-37.8013,-27.1591,0.000,NORMAL,1,ROUTE,,,,,PREVIEW_DEFAULT
272.8902,-37.7085,-27.1963,0.000,NORMAL,1,ROUTE,,,,,PREVIEW_DEFAULT
272.9902,-37.6156,-27.2333,0.000,NORMAL,1,ROUTE,,,,,PREVIEW_DEFAULT
273.0902,-37.5226,-27.2700,0.000,NORMAL,1,ROUTE,,,,,PREVIEW_DEFAULT
273.1902,-37.4295,-27.3064,0.000,NORMAL,1,ROUTE,,,,,PREVIEW_DEFAULT
273.2902,-37.3363,-27.3426,0.000,NORMAL,1,ROUTE,,,,,PREVIEW_DEFAULT
273.3903,-37.2429,-27.3786,0.000,NORMAL,1,ROUTE,,,,,PREVIEW_DEFAULT
273.4902,-37.1496,-27.4143,0.000,NORMAL,1,ROUTE,,,,,PREVIEW_DEFAULT
273.5902,-37.0561,-27.4499,0.000,NORMAL,1,ROUTE,,,,,PREVIEW_DEFAULT
273.6902,-36.9626,-27.4853,0.000,NORMAL,1,ROUTE,,,,,PREVIEW_DEFAULT
273.7902,-36.8690,-27.5206,0.000,NORMAL,1,ROUTE,,,,,PREVIEW_DEFAULT
273.8902,-36.7755,-27.5559,0.000,NORMAL,1,ROUTE,,,,,PREVIEW_DEFAULT
273.9902,-36.6819,-27.5912,0.000,NORMAL,1,ROUTE,,,,,PREVIEW_DEFAULT
274.0902,-36.5883,-27.6265,0.000,NORMAL,1,ROUTE,,,,,PREVIEW_DEFAULT
274.1902,-36.4948,-27.6619,0.000,NORMAL,1,ROUTE,,,,,PREVIEW_DEFAULT
274.2902,-36.4014,-27.6975,0.000,NORMAL,1,ROUTE,,,,,PREVIEW_DEFAULT
274.3901,-36.3080,-27.7332,0.000,NORMAL,1,ROUTE,,,,,PREVIEW_DEFAULT
274.4902,-36.2147,-27.7692,0.000,NORMAL,1,ROUTE,,,,,PREVIEW_DEFAULT
274.5902,-36.1214,-27.8053,0.000,NORMAL,1,ROUTE,,,,,PREVIEW_DEFAULT
274.6902,-36.0283,-27.8417,0.000,NORMAL,1,ROUTE,,,,,PREVIEW_DEFAULT
274.7902,-35.9352,-27.8782,0.000,NORMAL,1,ROUTE,,,,,PREVIEW_DEFAULT
274.8901,-35.8422,-27.9149,0.000,NORMAL,1,ROUTE,,,,,PREVIEW_DEFAULT
274.9901,-35.7492,-27.9516,0.000,NORMAL,1,ROUTE,,,,,PREVIEW_DEFAULT
275.0901,-35.6562,-27.9884,0.000,NORMAL,1,ROUTE,,,,,PREVIEW_DEFAULT
275.1902,-35.5632,-28.0253,0.000,NORMAL,1,ROUTE,,,,,PREVIEW_DEFAULT
275.2901,-35.4703,-28.0621,0.000,NORMAL,1,ROUTE,,,,,PREVIEW_DEFAULT
275.3902,-35.3773,-28.0990,0.000,NORMAL,1,ROUTE,,,,,PREVIEW_DEFAULT
275.4901,-35.2844,-28.1359,0.000,NORMAL,1,ROUTE,,,,,PREVIEW_DEFAULT
275.5902,-35.1914,-28.1728,0.000,NORMAL,1,ROUTE,,,,,PREVIEW_DEFAULT
275.6901,-35.0985,-28.2097,0.000,NORMAL,1,ROUTE,,,,,PREVIEW_DEFAULT
275.7901,-35.0056,-28.2467,0.000,NORMAL,1,ROUTE,,,,,PREVIEW_DEFAULT
275.8902,-34.9127,-28.2838,0.000,NORMAL,1,ROUTE,,,,,PREVIEW_DEFAULT
275.9901,-34.8199,-28.3209,0.000,NORMAL,1,ROUTE,,,,,PREVIEW_DEFAULT
276.0901,-34.7271,-28.3582,0.000,NORMAL,1,ROUTE,,,,,PREVIEW_DEFAULT
276.1901,-34.6343,-28.3955,0.000,NORMAL,1,ROUTE,,,,,PREVIEW_DEFAULT
276.2901,-34.5416,-28.4329,0.000,NORMAL,1,ROUTE,,,,,PREVIEW_DEFAULT
276.3901,-34.4489,-28.4704,0.000,NORMAL,1,ROUTE,,,,,PREVIEW_DEFAULT
276.4901,-34.3562,-28.5079,0.000,NORMAL,1,ROUTE,,,,,PREVIEW_DEFAULT
276.5901,-34.2635,-28.5455,0.000,NORMAL,1,ROUTE,,,,,PREVIEW_DEFAULT
276.6901,-34.1709,-28.5831,0.000,NORMAL,1,ROUTE,,,,,PREVIEW_DEFAULT
276.7901,-34.0782,-28.6207,0.000,NORMAL,1,ROUTE,,,,,PREVIEW_DEFAULT
276.8901,-33.9855,-28.6582,0.000,NORMAL,1,ROUTE,,,,,PREVIEW_DEFAULT
276.9901,-33.8928,-28.6956,0.000,NORMAL,1,ROUTE,,,,,PREVIEW_DEFAULT
277.0901,-33.8000,-28.7330,0.000,NORMAL,1,ROUTE,,,,,PREVIEW_DEFAULT
277.1901,-33.7072,-28.7702,0.000,NORMAL,1,ROUTE,,,,,PREVIEW_DEFAULT
277.2901,-33.6143,-28.8072,0.000,NORMAL,1,ROUTE,,,,,PREVIEW_DEFAULT
277.3900,-33.5214,-28.8441,0.000,NORMAL,1,ROUTE,,,,,PREVIEW_DEFAULT
277.4901,-33.4283,-28.8808,0.000,NORMAL,1,ROUTE,,,,,PREVIEW_DEFAULT
277.5900,-33.3353,-28.9173,0.000,NORMAL,1,ROUTE,,,,,PREVIEW_DEFAULT
277.6900,-33.2421,-28.9536,0.000,NORMAL,1,ROUTE,,,,,PREVIEW_DEFAULT
277.7900,-33.1489,-28.9898,0.000,NORMAL,1,ROUTE,,,,,PREVIEW_DEFAULT
277.8900,-33.0556,-29.0258,0.000,NORMAL,1,ROUTE,,,,,PREVIEW_DEFAULT
277.9900,-32.9623,-29.0618,0.000,NORMAL,1,ROUTE,,,,,PREVIEW_DEFAULT
278.0900,-32.8690,-29.0977,0.000,NORMAL,1,ROUTE,,,,,PREVIEW_DEFAULT
278.1901,-32.7756,-29.1337,0.000,NORMAL,1,ROUTE,,,,,PREVIEW_DEFAULT
278.2900,-32.6824,-29.1697,0.000,NORMAL,1,ROUTE,,,,,PREVIEW_DEFAULT
278.3900,-32.5892,-29.2060,0.000,NORMAL,1,ROUTE,,,,,PREVIEW_DEFAULT
278.4900,-32.4961,-29.2425,0.000,NORMAL,1,ROUTE,,,,,PREVIEW_DEFAULT
278.5900,-32.4032,-29.2794,0.000,NORMAL,1,ROUTE,,,,,PREVIEW_DEFAULT
278.6900,-32.3104,-29.3168,0.000,NORMAL,1,ROUTE,,,,,PREVIEW_DEFAULT
278.7901,-32.2179,-29.3548,0.000,NORMAL,1,ROUTE,,,,,PREVIEW_DEFAULT
278.8900,-32.1258,-29.3936,0.000,NORMAL,1,ROUTE,,,,,PREVIEW_DEFAULT
278.9900,-32.0340,-29.4333,0.000,NORMAL,1,ROUTE,,,,,PREVIEW_DEFAULT
279.0900,-31.9426,-29.4739,0.000,NORMAL,1,ROUTE,,,,,PREVIEW_DEFAULT
279.1900,-31.8518,-29.5158,0.000,NORMAL,1,ROUTE,,,,,PREVIEW_DEFAULT
279.2900,-31.7616,-29.5590,0.000,NORMAL,1,ROUTE,,,,,PREVIEW_DEFAULT
279.3900,-31.6721,-29.6036,0.000,NORMAL,1,ROUTE,,,,,PREVIEW_DEFAULT
279.4900,-31.5835,-29.6500,0.000,NORMAL,1,ROUTE,,,,,PREVIEW_DEFAULT
279.5900,-31.4959,-29.6981,0.000,NORMAL,1,ROUTE,,,,,PREVIEW_DEFAULT
279.6900,-31.4094,-29.7484,0.000,NORMAL,1,ROUTE,,,,,PREVIEW_DEFAULT
279.7900,-31.3243,-29.8008,0.000,NORMAL,1,ROUTE,,,,,PREVIEW_DEFAULT
279.8900,-31.2406,-29.8556,0.000,NORMAL,1,ROUTE,,,,,PREVIEW_DEFAULT
279.9900,-31.1587,-29.9129,0.000,NORMAL,1,ROUTE,,,,,PREVIEW_DEFAULT
280.0900,-31.0788,-29.9730,0.000,NORMAL,1,ROUTE,,,,,PREVIEW_DEFAULT
280.1899,-31.0011,-30.0359,0.000,NORMAL,1,ROUTE,,,,,PREVIEW_DEFAULT
280.2899,-30.9259,-30.1018,0.000,NORMAL,1,ROUTE,,,,,PREVIEW_DEFAULT
280.3899,-30.8535,-30.1708,0.000,NORMAL,1,ROUTE,,,,,PREVIEW_DEFAULT
280.4899,-30.7843,-30.2430,0.000,NORMAL,1,ROUTE,,,,,PREVIEW_DEFAULT
280.5899,-30.7185,-30.3182,0.000,NORMAL,1,ROUTE,,,,,PREVIEW_DEFAULT
280.6899,-30.6564,-30.3966,0.000,NORMAL,1,ROUTE,,,,,PREVIEW_DEFAULT
280.7899,-30.5983,-30.4780,0.000,NORMAL,1,ROUTE,,,,,PREVIEW_DEFAULT
280.8899,-30.5445,-30.5623,0.000,NORMAL,1,ROUTE,,,,,PREVIEW_DEFAULT
280.9899,-30.4952,-30.6493,0.000,NORMAL,1,ROUTE,,,,,PREVIEW_DEFAULT
281.0898,-30.4504,-30.7386,0.000,NORMAL,1,ROUTE,,,,,PREVIEW_DEFAULT
281.1898,-30.4102,-30.8302,0.000,NORMAL,1,ROUTE,,,,,PREVIEW_DEFAULT
281.2898,-30.3746,-30.9236,0.000,NORMAL,1,ROUTE,,,,,PREVIEW_DEFAULT
281.3898,-30.3434,-31.0186,0.000,NORMAL,1,ROUTE,,,,,PREVIEW_DEFAULT
281.4898,-30.3164,-31.1149,0.000,NORMAL,1,ROUTE,,,,,PREVIEW_DEFAULT
281.5898,-30.2934,-31.2122,0.000,NORMAL,1,ROUTE,,,,,PREVIEW_DEFAULT
281.6897,-30.2741,-31.3103,0.000,NORMAL,1,ROUTE,,,,,PREVIEW_DEFAULT
281.7898,-30.2580,-31.4090,0.000,NORMAL,1,ROUTE,,,,,PREVIEW_DEFAULT
281.8897,-30.2449,-31.5081,0.000,NORMAL,1,ROUTE,,,,,PREVIEW_DEFAULT
281.9898,-30.2342,-31.6076,0.000,NORMAL,1,ROUTE,,,,,PREVIEW_DEFAULT
282.0898,-30.2256,-31.7072,0.000,NORMAL,1,ROUTE,,,,,PREVIEW_DEFAULT
282.1898,-30.2187,-31.8070,0.000,NORMAL,1,ROUTE,,,,,PREVIEW_DEFAULT
282.2898,-30.2131,-31.9068,0.000,NORMAL,1,ROUTE,,,,,PREVIEW_DEFAULT
282.3898,-30.2083,-32.0067,0.000,NORMAL,1,ROUTE,,,,,PREVIEW_DEFAULT
282.4898,-30.2040,-32.1066,0.000,NORMAL,1,ROUTE,,,,,PREVIEW_DEFAULT
282.5897,-30.1998,-32.2065,0.000,NORMAL,1,ROUTE,,,,,PREVIEW_DEFAULT
282.6898,-30.1953,-32.3064,0.000,NORMAL,1,ROUTE,,,,,PREVIEW_DEFAULT
282.7897,-30.1901,-32.4062,0.000,NORMAL,1,ROUTE,,,,,PREVIEW_DEFAULT
282.8898,-30.1841,-32.5061,0.000,NORMAL,1,ROUTE,,,,,PREVIEW_DEFAULT
282.9897,-30.1768,-32.6058,0.000,NORMAL,1,ROUTE,,,,,PREVIEW_DEFAULT
283.0897,-30.1680,-32.7054,0.000,NORMAL,1,ROUTE,,,,,PREVIEW_DEFAULT
283.1897,-30.1575,-32.8048,0.000,NORMAL,1,ROUTE,,,,,PREVIEW_DEFAULT
283.2897,-30.1451,-32.9041,0.000,NORMAL,1,ROUTE,,,,,PREVIEW_DEFAULT
283.3897,-30.1308,-33.0030,0.000,NORMAL,1,ROUTE,,,,,PREVIEW_DEFAULT
283.4897,-30.1144,-33.1017,0.000,NORMAL,1,ROUTE,,,,,PREVIEW_DEFAULT
283.5897,-30.0959,-33.1999,0.000,NORMAL,1,ROUTE,,,,,PREVIEW_DEFAULT
283.6897,-30.0755,-33.2978,0.000,NORMAL,1,ROUTE,,,,,PREVIEW_DEFAULT
283.7897,-30.0533,-33.3953,0.000,NORMAL,1,ROUTE,,,,,PREVIEW_DEFAULT
283.8897,-30.0296,-33.4925,0.000,NORMAL,1,ROUTE,,,,,PREVIEW_DEFAULT
283.9897,-30.0045,-33.5893,0.000,NORMAL,1,ROUTE,,,,,PREVIEW_DEFAULT
284.0897,-29.9784,-33.6858,0.000,NORMAL,1,ROUTE,,,,,PREVIEW_DEFAULT
284.1897,-29.9518,-33.7822,0.000,NORMAL,1,ROUTE,,,,,PREVIEW_DEFAULT
284.2897,-29.9251,-33.8786,0.000,NORMAL,1,ROUTE,,,,,PREVIEW_DEFAULT
284.3896,-29.8988,-33.9750,0.000,NORMAL,1,ROUTE,,,,,PREVIEW_DEFAULT
284.4897,-29.8734,-34.0718,0.000,NORMAL,1,ROUTE,,,,,PREVIEW_DEFAULT
284.5897,-29.8497,-34.1689,0.000,NORMAL,1,ROUTE,,,,,PREVIEW_DEFAULT
284.6897,-29.8281,-34.2666,0.000,NORMAL,1,ROUTE,,,,,PREVIEW_DEFAULT
284.7897,-29.8095,-34.3648,0.000,NORMAL,1,ROUTE,,,,,PREVIEW_DEFAULT
284.8897,-29.7947,-34.4637,0.000,NORMAL,1,ROUTE,,,,,PREVIEW_DEFAULT
284.9690,-29.7864,-34.5426,0.000,PERP_PARK,1,T_PARK,T_PARK_START,ENTER_ZONE,,,PREVIEW_DEFAULT
284.9897,-29.7848,-34.5632,0.000,PERP_PARK,1,T_PARK,,,,,PREVIEW_DEFAULT
285.0896,-29.7801,-34.6630,0.000,PERP_PARK,1,T_PARK,,,,,PREVIEW_DEFAULT
285.1896,-29.7803,-34.7630,0.000,PERP_PARK,1,T_PARK,,,,,PREVIEW_DEFAULT
285.2896,-29.7852,-34.8629,0.000,PERP_PARK,1,T_PARK,,,,,PREVIEW_DEFAULT
285.3896,-29.7943,-34.9625,0.000,PERP_PARK,1,T_PARK,,,,,PREVIEW_DEFAULT
285.4896,-29.8075,-35.0616,0.000,PERP_PARK,1,T_PARK,,,,,PREVIEW_DEFAULT
285.5895,-29.8244,-35.1601,0.000,PERP_PARK,1,T_PARK,,,,,PREVIEW_DEFAULT
285.6896,-29.8447,-35.2581,0.000,PERP_PARK,1,T_PARK,,,,,PREVIEW_DEFAULT
285.7895,-29.8680,-35.3553,0.000,PERP_PARK,1,T_PARK,,,,,PREVIEW_DEFAULT
285.8895,-29.8941,-35.4518,0.000,PERP_PARK,1,T_PARK,,,,,PREVIEW_DEFAULT
285.9895,-29.9228,-35.5476,0.000,PERP_PARK,1,T_PARK,,,,,PREVIEW_DEFAULT
286.0895,-29.9537,-35.6427,0.000,PERP_PARK,1,T_PARK,,,,,PREVIEW_DEFAULT
286.1895,-29.9865,-35.7372,0.000,PERP_PARK,1,T_PARK,,,,,PREVIEW_DEFAULT
286.2895,-30.0210,-35.8310,0.000,PERP_PARK,1,T_PARK,,,,,PREVIEW_DEFAULT
286.3895,-30.0571,-35.9243,0.000,PERP_PARK,1,T_PARK,,,,,PREVIEW_DEFAULT
286.4895,-30.0944,-36.0171,0.000,PERP_PARK,1,T_PARK,,,,,PREVIEW_DEFAULT
286.5895,-30.1327,-36.1094,0.000,PERP_PARK,1,T_PARK,,,,,PREVIEW_DEFAULT
286.6895,-30.1720,-36.2014,0.000,PERP_PARK,1,T_PARK,,,,,PREVIEW_DEFAULT
286.7895,-30.2119,-36.2931,0.000,PERP_PARK,1,T_PARK,,,,,PREVIEW_DEFAULT
286.8895,-30.2524,-36.3845,0.000,PERP_PARK,1,T_PARK,,,,,PREVIEW_DEFAULT
286.9895,-30.2933,-36.4758,0.000,PERP_PARK,1,T_PARK,,,,,PREVIEW_DEFAULT
287.0895,-30.3344,-36.5669,0.000,PERP_PARK,1,T_PARK,,,,,PREVIEW_DEFAULT
287.1895,-30.3758,-36.6579,0.000,PERP_PARK,1,T_PARK,,,,,PREVIEW_DEFAULT
287.2895,-30.4172,-36.7490,0.000,PERP_PARK,1,T_PARK,,,,,PREVIEW_DEFAULT
287.3895,-30.4585,-36.8400,0.000,PERP_PARK,1,T_PARK,,,,,PREVIEW_DEFAULT
287.4895,-30.4998,-36.9311,0.000,PERP_PARK,1,T_PARK,,,,,PREVIEW_DEFAULT
287.5895,-30.5410,-37.0222,0.000,PERP_PARK,1,T_PARK,,,,,PREVIEW_DEFAULT
287.6895,-30.5820,-37.1134,0.000,PERP_PARK,1,T_PARK,,,,,PREVIEW_DEFAULT
287.7894,-30.6227,-37.2047,0.000,PERP_PARK,1,T_PARK,,,,,PREVIEW_DEFAULT
287.8895,-30.6633,-37.2962,0.000,PERP_PARK,1,T_PARK,,,,,PREVIEW_DEFAULT
287.9895,-30.7035,-37.3877,0.000,PERP_PARK,1,T_PARK,,,,,PREVIEW_DEFAULT
288.0894,-30.7435,-37.4793,0.000,PERP_PARK,1,T_PARK,,,,,PREVIEW_DEFAULT
288.1895,-30.7833,-37.5711,0.000,PERP_PARK,1,T_PARK,,,,,PREVIEW_DEFAULT
288.2895,-30.8228,-37.6630,0.000,PERP_PARK,1,T_PARK,,,,,PREVIEW_DEFAULT
288.3894,-30.8620,-37.7549,0.000,PERP_PARK,1,T_PARK,,,,,PREVIEW_DEFAULT
288.4894,-30.9010,-37.8470,0.000,PERP_PARK,1,T_PARK,,,,,PREVIEW_DEFAULT
288.5894,-30.9397,-37.9392,0.000,PERP_PARK,1,T_PARK,,,,,PREVIEW_DEFAULT
288.6894,-30.9782,-38.0315,0.000,PERP_PARK,1,T_PARK,,,,,PREVIEW_DEFAULT
288.7895,-31.0165,-38.1239,0.000,PERP_PARK,1,T_PARK,,,,,PREVIEW_DEFAULT
288.8894,-31.0546,-38.2163,0.000,PERP_PARK,1,T_PARK,,,,,PREVIEW_DEFAULT
288.9895,-31.0925,-38.3089,0.000,PERP_PARK,1,T_PARK,,,,,PREVIEW_DEFAULT
289.0894,-31.1302,-38.4015,0.000,PERP_PARK,1,T_PARK,,,,,PREVIEW_DEFAULT
289.1895,-31.1678,-38.4942,0.000,PERP_PARK,1,T_PARK,,,,,PREVIEW_DEFAULT
289.2894,-31.2052,-38.5869,0.000,PERP_PARK,1,T_PARK,,,,,PREVIEW_DEFAULT
289.3894,-31.2425,-38.6797,0.000,PERP_PARK,1,T_PARK,,,,,PREVIEW_DEFAULT
289.4894,-31.2797,-38.7725,0.000,PERP_PARK,1,T_PARK,,,,,PREVIEW_DEFAULT
289.5894,-31.3167,-38.8654,0.000,PERP_PARK,1,T_PARK,,,,,PREVIEW_DEFAULT
289.6894,-31.3536,-38.9583,0.000,PERP_PARK,1,T_PARK,,,,,PREVIEW_DEFAULT
289.7894,-31.3904,-39.0513,0.000,PERP_PARK,1,T_PARK,,,,,PREVIEW_DEFAULT
289.8894,-31.4272,-39.1443,0.000,PERP_PARK,1,T_PARK,,,,,PREVIEW_DEFAULT
289.9894,-31.4638,-39.2373,0.000,PERP_PARK,1,T_PARK,,,,,PREVIEW_DEFAULT
290.0894,-31.5004,-39.3304,0.000,PERP_PARK,1,T_PARK,,,,,PREVIEW_DEFAULT
290.1894,-31.5369,-39.4235,0.000,PERP_PARK,1,T_PARK,,,,,PREVIEW_DEFAULT
290.2894,-31.5733,-39.5166,0.000,PERP_PARK,1,T_PARK,,,,,PREVIEW_DEFAULT
290.3894,-31.6097,-39.6098,0.000,PERP_PARK,1,T_PARK,,,,,PREVIEW_DEFAULT
290.4893,-31.6460,-39.7029,0.000,PERP_PARK,1,T_PARK,,,,,PREVIEW_DEFAULT
290.5894,-31.6823,-39.7961,0.000,PERP_PARK,1,T_PARK,,,,,PREVIEW_DEFAULT
290.6893,-31.7185,-39.8893,0.000,PERP_PARK,1,T_PARK,,,,,PREVIEW_DEFAULT
290.7894,-31.7547,-39.9826,0.000,PERP_PARK,1,T_PARK,,,,,PREVIEW_DEFAULT
290.8894,-31.7908,-40.0758,0.000,PERP_PARK,1,T_PARK,,,,,PREVIEW_DEFAULT
290.9894,-31.8269,-40.1691,0.000,PERP_PARK,1,T_PARK,,,,,PREVIEW_DEFAULT
291.0894,-31.8629,-40.2624,0.000,PERP_PARK,1,T_PARK,,,,,PREVIEW_DEFAULT
291.1894,-31.8989,-40.3557,0.000,PERP_PARK,1,T_PARK,,,,,PREVIEW_DEFAULT
291.2894,-31.9348,-40.4490,0.000,PERP_PARK,1,T_PARK,,,,,PREVIEW_DEFAULT
291.3894,-31.9708,-40.5423,0.000,PERP_PARK,1,T_PARK,,,,,PREVIEW_DEFAULT
291.4893,-32.0066,-40.6356,0.000,PERP_PARK,1,T_PARK,,,,,PREVIEW_DEFAULT
291.5894,-32.0425,-40.7290,0.000,PERP_PARK,1,T_PARK,,,,,PREVIEW_DEFAULT
291.6893,-32.0783,-40.8223,0.000,PERP_PARK,1,T_PARK,,,,,PREVIEW_DEFAULT
291.7893,-32.1141,-40.9157,0.000,PERP_PARK,1,T_PARK,,,,,PREVIEW_DEFAULT
291.8893,-32.1498,-41.0091,0.000,PERP_PARK,1,T_PARK,,,,,PREVIEW_DEFAULT
291.9894,-32.1856,-41.1025,0.000,PERP_PARK,1,T_PARK,,,,,PREVIEW_DEFAULT
292.0893,-32.2213,-41.1959,0.000,PERP_PARK,1,T_PARK,,,,,PREVIEW_DEFAULT
292.1893,-32.2570,-41.2893,0.000,PERP_PARK,1,T_PARK,,,,,PREVIEW_DEFAULT
292.2893,-32.2926,-41.3827,0.000,PERP_PARK,1,T_PARK,,,,,PREVIEW_DEFAULT
292.3894,-32.3283,-41.4762,0.000,PERP_PARK,1,T_PARK,,,,,PREVIEW_DEFAULT
292.4893,-32.3639,-41.5696,0.000,PERP_PARK,1,T_PARK,,,,,PREVIEW_DEFAULT
292.5893,-32.3995,-41.6630,0.000,PERP_PARK,1,T_PARK,,,,,PREVIEW_DEFAULT
292.6893,-32.4351,-41.7565,0.000,PERP_PARK,1,T_PARK,,,,,PREVIEW_DEFAULT
292.7893,-32.4707,-41.8499,0.000,PERP_PARK,1,T_PARK,,,,,PREVIEW_DEFAULT
292.8893,-32.5062,-41.9434,0.000,PERP_PARK,1,T_PARK,,,,,PREVIEW_DEFAULT
292.9893,-32.5418,-42.0369,0.000,PERP_PARK,1,T_PARK,,,,,PREVIEW_DEFAULT
293.0893,-32.5773,-42.1303,0.000,PERP_PARK,1,T_PARK,,,,,PREVIEW_DEFAULT
293.1893,-32.6128,-42.2238,0.000,PERP_PARK,1,T_PARK,,,,,PREVIEW_DEFAULT
293.2893,-32.6484,-42.3173,0.000,PERP_PARK,1,T_PARK,,,,,PREVIEW_DEFAULT
293.3893,-32.6839,-42.4108,0.000,PERP_PARK,1,T_PARK,,,,,PREVIEW_DEFAULT
293.4893,-32.7194,-42.5042,0.000,PERP_PARK,1,T_PARK,,,,,PREVIEW_DEFAULT
293.5893,-32.7549,-42.5977,0.000,PERP_PARK,1,T_PARK,,,,,PREVIEW_DEFAULT
293.6893,-32.7905,-42.6912,0.000,PERP_PARK,1,T_PARK,,,,,PREVIEW_DEFAULT
293.7893,-32.8260,-42.7847,0.000,PERP_PARK,1,T_PARK,,,,,PREVIEW_DEFAULT
293.8892,-32.8615,-42.8781,0.000,PERP_PARK,1,T_PARK,,,,,PREVIEW_DEFAULT
293.9893,-32.8970,-42.9716,0.000,PERP_PARK,1,T_PARK,,,,,PREVIEW_DEFAULT
294.0893,-32.9326,-43.0651,0.000,PERP_PARK,1,T_PARK,,,,,PREVIEW_DEFAULT
294.1892,-32.9681,-43.1585,0.000,PERP_PARK,1,T_PARK,,,,,PREVIEW_DEFAULT
294.2893,-33.0037,-43.2520,0.000,PERP_PARK,1,T_PARK,,,,,PREVIEW_DEFAULT
294.3892,-33.0393,-43.3454,0.000,PERP_PARK,1,T_PARK,,,,,PREVIEW_DEFAULT
294.4893,-33.0749,-43.4389,0.000,PERP_PARK,1,T_PARK,,,,,PREVIEW_DEFAULT
294.5892,-33.1105,-43.5323,0.000,PERP_PARK,1,T_PARK,,,,,PREVIEW_DEFAULT
294.6893,-33.1461,-43.6258,0.000,PERP_PARK,1,T_PARK,,,,,PREVIEW_DEFAULT
294.7893,-33.1818,-43.7192,0.000,PERP_PARK,1,T_PARK,,,,,PREVIEW_DEFAULT
294.8893,-33.2175,-43.8126,0.000,PERP_PARK,1,T_PARK,,,,,PREVIEW_DEFAULT
294.9893,-33.2532,-43.9060,0.000,PERP_PARK,1,T_PARK,,,,,PREVIEW_DEFAULT
295.0892,-33.2889,-43.9994,0.000,PERP_PARK,1,T_PARK,,,,,PREVIEW_DEFAULT
295.1892,-33.3246,-44.0928,0.000,PERP_PARK,1,T_PARK,,,,,PREVIEW_DEFAULT
295.2893,-33.3604,-44.1862,0.000,PERP_PARK,1,T_PARK,,,,,PREVIEW_DEFAULT
295.3892,-33.3962,-44.2795,0.000,PERP_PARK,1,T_PARK,,,,,PREVIEW_DEFAULT
295.4893,-33.4321,-44.3729,0.000,PERP_PARK,1,T_PARK,,,,,PREVIEW_DEFAULT
295.5892,-33.4680,-44.4662,0.000,PERP_PARK,1,T_PARK,,,,,PREVIEW_DEFAULT
295.6892,-33.5039,-44.5595,0.000,PERP_PARK,1,T_PARK,,,,,PREVIEW_DEFAULT
295.7893,-33.5398,-44.6529,0.000,PERP_PARK,1,T_PARK,,,,,PREVIEW_DEFAULT
295.8892,-33.5758,-44.7461,0.000,PERP_PARK,1,T_PARK,,,,,PREVIEW_DEFAULT
295.9892,-33.6119,-44.8394,0.000,PERP_PARK,1,T_PARK,,,,,PREVIEW_DEFAULT
296.0892,-33.6479,-44.9327,0.000,PERP_PARK,1,T_PARK,,,,,PREVIEW_DEFAULT
296.1892,-33.6841,-45.0259,0.000,PERP_PARK,1,T_PARK,,,,,PREVIEW_DEFAULT
296.2892,-33.7202,-45.1192,0.000,PERP_PARK,1,T_PARK,,,,,PREVIEW_DEFAULT
296.3893,-33.7565,-45.2124,0.000,PERP_PARK,1,T_PARK,,,,,PREVIEW_DEFAULT
296.4891,-33.7927,-45.3055,0.000,PERP_PARK,1,T_PARK,,,,,PREVIEW_DEFAULT
296.5892,-33.8291,-45.3987,0.000,PERP_PARK,1,T_PARK,,,,,PREVIEW_DEFAULT
296.6892,-33.8654,-45.4919,0.000,PERP_PARK,1,T_PARK,,,,,PREVIEW_DEFAULT
296.7892,-33.9019,-45.5850,0.000,PERP_PARK,1,T_PARK,,,,,PREVIEW_DEFAULT
296.8892,-33.9384,-45.6781,0.000,PERP_PARK,1,T_PARK,,,,,PREVIEW_DEFAULT
296.9892,-33.9749,-45.7712,0.000,PERP_PARK,1,T_PARK,,,,,PREVIEW_DEFAULT
297.0892,-34.0115,-45.8642,0.000,PERP_PARK,1,T_PARK,,,,,PREVIEW_DEFAULT
297.1891,-34.0482,-45.9572,0.000,PERP_PARK,1,T_PARK,,,,,PREVIEW_DEFAULT
297.2891,-34.0849,-46.0502,0.000,PERP_PARK,1,T_PARK,,,,,PREVIEW_DEFAULT
297.3891,-34.1217,-46.1432,0.000,PERP_PARK,1,T_PARK,,,,,PREVIEW_DEFAULT
297.4892,-34.1586,-46.2362,0.000,PERP_PARK,1,T_PARK,,,,,PREVIEW_DEFAULT
297.5892,-34.1956,-46.3291,0.000,PERP_PARK,1,T_PARK,,,,,PREVIEW_DEFAULT
297.6892,-34.2326,-46.4220,0.000,PERP_PARK,1,T_PARK,,,,,PREVIEW_DEFAULT
297.7891,-34.2697,-46.5148,0.000,PERP_PARK,1,T_PARK,,,,,PREVIEW_DEFAULT
297.8892,-34.3068,-46.6077,0.000,PERP_PARK,1,T_PARK,,,,,PREVIEW_DEFAULT
297.9892,-34.3441,-46.7005,0.000,PERP_PARK,1,T_PARK,,,,,PREVIEW_DEFAULT
298.0892,-34.3814,-46.7933,0.000,PERP_PARK,1,T_PARK,,,,,PREVIEW_DEFAULT
298.1891,-34.4188,-46.8860,0.000,PERP_PARK,1,T_PARK,,,,,PREVIEW_DEFAULT
298.2891,-34.4563,-46.9787,0.000,PERP_PARK,1,T_PARK,,,,,PREVIEW_DEFAULT
298.3891,-34.4938,-47.0714,0.000,PERP_PARK,1,T_PARK,,,,,PREVIEW_DEFAULT
298.4891,-34.5315,-47.1640,0.000,PERP_PARK,1,T_PARK,,,,,PREVIEW_DEFAULT
298.5891,-34.5692,-47.2566,0.000,PERP_PARK,1,T_PARK,,,,,PREVIEW_DEFAULT
298.6891,-34.6070,-47.3492,0.000,PERP_PARK,1,T_PARK,,,,,PREVIEW_DEFAULT
298.7891,-34.6449,-47.4417,0.000,PERP_PARK,1,T_PARK,,,,,PREVIEW_DEFAULT
298.8891,-34.6829,-47.5342,0.000,PERP_PARK,1,T_PARK,,,,,PREVIEW_DEFAULT
298.9891,-34.7210,-47.6267,0.000,PERP_PARK,1,T_PARK,,,,,PREVIEW_DEFAULT
299.0891,-34.7592,-47.7191,0.000,PERP_PARK,1,T_PARK,,,,,PREVIEW_DEFAULT
299.1891,-34.7975,-47.8115,0.000,PERP_PARK,1,T_PARK,,,,,PREVIEW_DEFAULT
299.2891,-34.8359,-47.9038,0.000,PERP_PARK,1,T_PARK,,,,,PREVIEW_DEFAULT
299.3891,-34.8744,-47.9961,0.000,PERP_PARK,1,T_PARK,,,,,PREVIEW_DEFAULT
299.4891,-34.9130,-48.0883,0.000,PERP_PARK,1,T_PARK,,,,,PREVIEW_DEFAULT
299.5891,-34.9517,-48.1805,0.000,PERP_PARK,1,T_PARK,,,,,PREVIEW_DEFAULT
299.6891,-34.9905,-48.2727,0.000,PERP_PARK,1,T_PARK,,,,,PREVIEW_DEFAULT
299.7891,-35.0294,-48.3648,0.000,PERP_PARK,1,T_PARK,,,,,PREVIEW_DEFAULT
299.8891,-35.0684,-48.4569,0.000,PERP_PARK,1,T_PARK,,,,,PREVIEW_DEFAULT
299.9891,-35.1076,-48.5489,0.000,PERP_PARK,1,T_PARK,,,,,PREVIEW_DEFAULT
300.0891,-35.1468,-48.6409,0.000,PERP_PARK,1,T_PARK,,,,,PREVIEW_DEFAULT
300.1891,-35.1862,-48.7328,0.000,PERP_PARK,1,T_PARK,,,,,PREVIEW_DEFAULT
300.2891,-35.2256,-48.8247,0.000,PERP_PARK,1,T_PARK,,,,,PREVIEW_DEFAULT
300.3890,-35.2652,-48.9165,0.000,PERP_PARK,1,T_PARK,,,,,PREVIEW_DEFAULT
300.4891,-35.3049,-49.0083,0.000,PERP_PARK,1,T_PARK,,,,,PREVIEW_DEFAULT
300.5891,-35.3448,-49.1000,0.000,PERP_PARK,1,T_PARK,,,,,PREVIEW_DEFAULT
300.6891,-35.3847,-49.1917,0.000,PERP_PARK,1,T_PARK,,,,,PREVIEW_DEFAULT
300.7891,-35.4248,-49.2833,0.000,PERP_PARK,1,T_PARK,,,,,PREVIEW_DEFAULT
300.8891,-35.4650,-49.3749,0.000,PERP_PARK,1,T_PARK,,,,,PREVIEW_DEFAULT
300.9891,-35.5053,-49.4664,0.000,PERP_PARK,1,T_PARK,,,,,PREVIEW_DEFAULT
301.0891,-35.5458,-49.5578,0.000,PERP_PARK,1,T_PARK,,,,,PREVIEW_DEFAULT
301.1891,-35.5864,-49.6492,0.000,PERP_PARK,1,T_PARK,,,,,PREVIEW_DEFAULT
301.2890,-35.6271,-49.7405,0.000,PERP_PARK,1,T_PARK,,,,,PREVIEW_DEFAULT
301.3891,-35.6680,-49.8318,0.000,PERP_PARK,1,T_PARK,,,,,PREVIEW_DEFAULT
301.4891,-35.7090,-49.9230,0.000,PERP_PARK,1,T_PARK,,,,,PREVIEW_DEFAULT
301.5890,-35.7501,-50.0141,0.000,PERP_PARK,1,T_PARK,,,,,PREVIEW_DEFAULT
301.6890,-35.7914,-50.1052,0.000,PERP_PARK,1,T_PARK,,,,,PREVIEW_DEFAULT
301.7890,-35.8328,-50.1962,0.000,PERP_PARK,1,T_PARK,,,,,PREVIEW_DEFAULT
301.8891,-35.8744,-50.2872,0.000,PERP_PARK,1,T_PARK,,,,,PREVIEW_DEFAULT
301.9890,-35.9161,-50.3780,0.000,PERP_PARK,1,T_PARK,,,,,PREVIEW_DEFAULT
302.0890,-35.9580,-50.4688,0.000,PERP_PARK,1,T_PARK,,,,,PREVIEW_DEFAULT
302.1891,-36.0001,-50.5596,0.000,PERP_PARK,1,T_PARK,,,,,PREVIEW_DEFAULT
302.2890,-36.0423,-50.6502,0.000,PERP_PARK,1,T_PARK,,,,,PREVIEW_DEFAULT
302.3890,-36.0846,-50.7408,0.000,PERP_PARK,1,T_PARK,,,,,PREVIEW_DEFAULT
302.4890,-36.1271,-50.8313,0.000,PERP_PARK,1,T_PARK,,,,,PREVIEW_DEFAULT
302.5890,-36.1698,-50.9217,0.000,PERP_PARK,1,T_PARK,,,,,PREVIEW_DEFAULT
302.6890,-36.2127,-51.0121,0.000,PERP_PARK,1,T_PARK,,,,,PREVIEW_DEFAULT
302.7889,-36.2557,-51.1023,0.000,PERP_PARK,1,T_PARK,,,,,PREVIEW_DEFAULT
302.8890,-36.2989,-51.1925,0.000,PERP_PARK,1,T_PARK,,,,,PREVIEW_DEFAULT
302.9890,-36.3423,-51.2826,0.000,PERP_PARK,1,T_PARK,,,,,PREVIEW_DEFAULT
303.0890,-36.3858,-51.3727,0.000,PERP_PARK,1,T_PARK,,,,,PREVIEW_DEFAULT
303.1890,-36.4295,-51.4626,0.000,PERP_PARK,1,T_PARK,,,,,PREVIEW_DEFAULT
303.2890,-36.4734,-51.5525,0.000,PERP_PARK,1,T_PARK,,,,,PREVIEW_DEFAULT
303.3889,-36.5174,-51.6422,0.000,PERP_PARK,1,T_PARK,,,,,PREVIEW_DEFAULT
303.4890,-36.5616,-51.7320,0.000,PERP_PARK,1,T_PARK,,,,,PREVIEW_DEFAULT
303.5890,-36.6059,-51.8216,0.000,PERP_PARK,1,T_PARK,,,,,PREVIEW_DEFAULT
303.6890,-36.6504,-51.9112,0.000,PERP_PARK,1,T_PARK,,,,,PREVIEW_DEFAULT
303.7890,-36.6949,-52.0007,0.000,PERP_PARK,1,T_PARK,,,,,PREVIEW_DEFAULT
303.8890,-36.7396,-52.0902,0.000,PERP_PARK,1,T_PARK,,,,,PREVIEW_DEFAULT
303.9890,-36.7843,-52.1796,0.000,PERP_PARK,1,T_PARK,,,,,PREVIEW_DEFAULT
304.0890,-36.8292,-52.2690,0.000,PERP_PARK,1,T_PARK,,,,,PREVIEW_DEFAULT
304.1889,-36.8740,-52.3583,0.000,PERP_PARK,1,T_PARK,,,,,PREVIEW_DEFAULT
304.2890,-36.9189,-52.4477,0.000,PERP_PARK,-1,T_PARK,T2_FORWARD_TO_REVERSE,SET_REVERSE,,,T2_FORWARD_TO_REVERSE
304.3889,-36.8656,-52.3632,0.000,PERP_PARK,-1,T_PARK,,,,,T2_FORWARD_TO_REVERSE
304.4888,-36.8120,-52.2788,0.000,PERP_PARK,-1,T_PARK,,,,,T2_FORWARD_TO_REVERSE
304.5888,-36.7581,-52.1946,0.000,PERP_PARK,-1,T_PARK,,,,,T2_FORWARD_TO_REVERSE
304.6888,-36.7038,-52.1107,0.000,PERP_PARK,-1,T_PARK,,,,,T2_FORWARD_TO_REVERSE
304.7887,-36.6491,-52.0271,0.000,PERP_PARK,-1,T_PARK,,,,,T2_FORWARD_TO_REVERSE
304.8886,-36.5940,-51.9437,0.000,PERP_PARK,-1,T_PARK,,,,,T2_FORWARD_TO_REVERSE
304.9885,-36.5384,-51.8607,0.000,PERP_PARK,-1,T_PARK,,,,,T2_FORWARD_TO_REVERSE
305.0885,-36.4824,-51.7779,0.000,PERP_PARK,-1,T_PARK,,,,,T2_FORWARD_TO_REVERSE
305.1884,-36.4261,-51.6953,0.000,PERP_PARK,-1,T_PARK,,,,,T2_FORWARD_TO_REVERSE
305.2883,-36.3695,-51.6130,0.000,PERP_PARK,-1,T_PARK,,,,,T2_FORWARD_TO_REVERSE
305.3883,-36.3125,-51.5309,0.000,PERP_PARK,-1,T_PARK,,,,,T2_FORWARD_TO_REVERSE
305.4883,-36.2551,-51.4490,0.000,PERP_PARK,-1,T_PARK,,,,,T2_FORWARD_TO_REVERSE
305.5882,-36.1975,-51.3674,0.000,PERP_PARK,-1,T_PARK,,,,,T2_FORWARD_TO_REVERSE
305.6881,-36.1395,-51.2860,0.000,PERP_PARK,-1,T_PARK,,,,,T2_FORWARD_TO_REVERSE
305.7881,-36.0812,-51.2048,0.000,PERP_PARK,-1,T_PARK,,,,,T2_FORWARD_TO_REVERSE
305.8880,-36.0226,-51.1238,0.000,PERP_PARK,-1,T_PARK,,,,,T2_FORWARD_TO_REVERSE
305.9880,-35.9637,-51.0430,0.000,PERP_PARK,-1,T_PARK,,,,,T2_FORWARD_TO_REVERSE
306.0880,-35.9046,-50.9624,0.000,PERP_PARK,-1,T_PARK,,,,,T2_FORWARD_TO_REVERSE
306.1878,-35.8453,-50.8821,0.000,PERP_PARK,-1,T_PARK,,,,,T2_FORWARD_TO_REVERSE
306.2879,-35.7856,-50.8018,0.000,PERP_PARK,-1,T_PARK,,,,,T2_FORWARD_TO_REVERSE
306.3877,-35.7258,-50.7218,0.000,PERP_PARK,-1,T_PARK,,,,,T2_FORWARD_TO_REVERSE
306.4877,-35.6657,-50.6419,0.000,PERP_PARK,-1,T_PARK,,,,,T2_FORWARD_TO_REVERSE
306.5877,-35.6054,-50.5622,0.000,PERP_PARK,-1,T_PARK,,,,,T2_FORWARD_TO_REVERSE
306.6876,-35.5449,-50.4827,0.000,PERP_PARK,-1,T_PARK,,,,,T2_FORWARD_TO_REVERSE
306.7875,-35.4842,-50.4033,0.000,PERP_PARK,-1,T_PARK,,,,,T2_FORWARD_TO_REVERSE
306.8875,-35.4233,-50.3240,0.000,PERP_PARK,-1,T_PARK,,,,,T2_FORWARD_TO_REVERSE
306.9874,-35.3623,-50.2449,0.000,PERP_PARK,-1,T_PARK,,,,,T2_FORWARD_TO_REVERSE
307.0873,-35.3011,-50.1659,0.000,PERP_PARK,-1,T_PARK,,,,,T2_FORWARD_TO_REVERSE
307.1873,-35.2397,-50.0870,0.000,PERP_PARK,-1,T_PARK,,,,,T2_FORWARD_TO_REVERSE
307.2873,-35.1782,-50.0082,0.000,PERP_PARK,-1,T_PARK,,,,,T2_FORWARD_TO_REVERSE
307.3872,-35.1166,-49.9295,0.000,PERP_PARK,-1,T_PARK,,,,,T2_FORWARD_TO_REVERSE
307.4872,-35.0548,-49.8509,0.000,PERP_PARK,-1,T_PARK,,,,,T2_FORWARD_TO_REVERSE
307.5871,-34.9930,-49.7724,0.000,PERP_PARK,-1,T_PARK,,,,,T2_FORWARD_TO_REVERSE
307.6870,-34.9310,-49.6940,0.000,PERP_PARK,-1,T_PARK,,,,,T2_FORWARD_TO_REVERSE
307.7869,-34.8690,-49.6157,0.000,PERP_PARK,-1,T_PARK,,,,,T2_FORWARD_TO_REVERSE
307.8869,-34.8068,-49.5374,0.000,PERP_PARK,-1,T_PARK,,,,,T2_FORWARD_TO_REVERSE
307.9868,-34.7446,-49.4592,0.000,PERP_PARK,-1,T_PARK,,,,,T2_FORWARD_TO_REVERSE
308.0868,-34.6824,-49.3809,0.000,PERP_PARK,-1,T_PARK,,,,,T2_FORWARD_TO_REVERSE
308.1867,-34.6202,-49.3028,0.000,PERP_PARK,-1,T_PARK,,,,,T2_FORWARD_TO_REVERSE
308.2867,-34.5579,-49.2246,0.000,PERP_PARK,-1,T_PARK,,,,,T2_FORWARD_TO_REVERSE
308.3866,-34.4956,-49.1465,0.000,PERP_PARK,-1,T_PARK,,,,,T2_FORWARD_TO_REVERSE
308.4865,-34.4333,-49.0683,0.000,PERP_PARK,-1,T_PARK,,,,,T2_FORWARD_TO_REVERSE
308.5865,-34.3710,-48.9901,0.000,PERP_PARK,-1,T_PARK,,,,,T2_FORWARD_TO_REVERSE
308.6865,-34.3088,-48.9119,0.000,PERP_PARK,-1,T_PARK,,,,,T2_FORWARD_TO_REVERSE
308.7864,-34.2467,-48.8336,0.000,PERP_PARK,-1,T_PARK,,,,,T2_FORWARD_TO_REVERSE
308.8864,-34.1845,-48.7553,0.000,PERP_PARK,-1,T_PARK,,,,,T2_FORWARD_TO_REVERSE
308.9863,-34.1225,-48.6770,0.000,PERP_PARK,-1,T_PARK,,,,,T2_FORWARD_TO_REVERSE
309.0862,-34.0606,-48.5985,0.000,PERP_PARK,-1,T_PARK,,,,,T2_FORWARD_TO_REVERSE
309.1862,-33.9987,-48.5200,0.000,PERP_PARK,-1,T_PARK,,,,,T2_FORWARD_TO_REVERSE
309.2861,-33.9370,-48.4414,0.000,PERP_PARK,-1,T_PARK,,,,,T2_FORWARD_TO_REVERSE
309.3861,-33.8754,-48.3627,0.000,PERP_PARK,-1,T_PARK,,,,,T2_FORWARD_TO_REVERSE
309.4859,-33.8143,-48.2837,0.000,PERP_PARK,-1,T_PARK,,,,,T2_FORWARD_TO_REVERSE
309.5859,-33.7538,-48.2041,0.000,PERP_PARK,-1,T_PARK,,,,,T2_FORWARD_TO_REVERSE
309.6858,-33.6946,-48.1236,0.000,PERP_PARK,-1,T_PARK,,,,,T2_FORWARD_TO_REVERSE
309.7858,-33.6373,-48.0417,0.000,PERP_PARK,-1,T_PARK,,,,,T2_FORWARD_TO_REVERSE
309.8857,-33.5824,-47.9582,0.000,PERP_PARK,-1,T_PARK,,,,,T2_FORWARD_TO_REVERSE
309.9857,-33.5305,-47.8727,0.000,PERP_PARK,-1,T_PARK,,,,,T2_FORWARD_TO_REVERSE
310.0857,-33.4819,-47.7854,0.000,PERP_PARK,-1,T_PARK,,,,,T2_FORWARD_TO_REVERSE
310.1856,-33.4365,-47.6964,0.000,PERP_PARK,-1,T_PARK,,,,,T2_FORWARD_TO_REVERSE
310.2855,-33.3943,-47.6058,0.000,PERP_PARK,-1,T_PARK,,,,,T2_FORWARD_TO_REVERSE
310.3854,-33.3549,-47.5140,0.000,PERP_PARK,-1,T_PARK,,,,,T2_FORWARD_TO_REVERSE
310.4854,-33.3175,-47.4213,0.000,PERP_PARK,-1,T_PARK,,,,,T2_FORWARD_TO_REVERSE
310.5853,-33.2816,-47.3280,0.000,PERP_PARK,-1,T_PARK,,,,,T2_FORWARD_TO_REVERSE
310.6853,-33.2466,-47.2344,0.000,PERP_PARK,-1,T_PARK,,,,,T2_FORWARD_TO_REVERSE
310.7853,-33.2117,-47.1407,0.000,PERP_PARK,-1,T_PARK,,,,,T2_FORWARD_TO_REVERSE
310.8852,-33.1765,-47.0472,0.000,PERP_PARK,-1,T_PARK,,,,,T2_FORWARD_TO_REVERSE
310.9851,-33.1402,-46.9541,0.000,PERP_PARK,-1,T_PARK,,,,,T2_FORWARD_TO_REVERSE
311.0850,-33.1024,-46.8616,0.000,PERP_PARK,-1,T_PARK,,,,,T2_FORWARD_TO_REVERSE
311.1850,-33.0624,-46.7700,0.000,PERP_PARK,-1,T_PARK,,,,,T2_FORWARD_TO_REVERSE
311.2850,-33.0197,-46.6796,0.000,PERP_PARK,-1,T_PARK,,,,,T2_FORWARD_TO_REVERSE
311.3849,-32.9737,-46.5909,0.000,PERP_PARK,-1,T_PARK,,,,,T2_FORWARD_TO_REVERSE
311.4848,-32.9237,-46.5044,0.000,PERP_PARK,-1,T_PARK,,,,,T2_FORWARD_TO_REVERSE
311.5847,-32.8692,-46.4206,0.000,PERP_PARK,-1,T_PARK,,,,,T2_FORWARD_TO_REVERSE
311.6846,-32.8098,-46.3403,0.000,PERP_PARK,-1,T_PARK,,,,,T2_FORWARD_TO_REVERSE
311.7846,-32.7456,-46.2637,0.000,PERP_PARK,-1,T_PARK,,,,,T2_FORWARD_TO_REVERSE
311.8845,-32.6768,-46.1912,0.000,PERP_PARK,-1,T_PARK,,,,,T2_FORWARD_TO_REVERSE
311.9845,-32.6039,-46.1228,0.000,PERP_PARK,-1,T_PARK,,,,,T2_FORWARD_TO_REVERSE
312.0843,-32.5272,-46.0589,0.000,PERP_PARK,-1,T_PARK,,,,,T2_FORWARD_TO_REVERSE
312.1843,-32.4469,-45.9994,0.000,PERP_PARK,-1,T_PARK,,,,,T2_FORWARD_TO_REVERSE
312.2843,-32.3633,-45.9445,0.000,PERP_PARK,-1,T_PARK,,,,,T2_FORWARD_TO_REVERSE
312.3841,-32.2770,-45.8943,0.000,PERP_PARK,-1,T_PARK,,,,,T2_FORWARD_TO_REVERSE
312.4841,-32.1882,-45.8484,0.000,PERP_PARK,-1,T_PARK,,,,,T2_FORWARD_TO_REVERSE
312.5840,-32.0972,-45.8070,0.000,PERP_PARK,-1,T_PARK,,,,,T2_FORWARD_TO_REVERSE
312.6840,-32.0043,-45.7702,0.000,PERP_PARK,-1,T_PARK,,,,,T2_FORWARD_TO_REVERSE
312.7839,-31.9096,-45.7384,0.000,PERP_PARK,-1,T_PARK,,,,,T2_FORWARD_TO_REVERSE
312.8838,-31.8133,-45.7117,0.000,PERP_PARK,-1,T_PARK,,,,,T2_FORWARD_TO_REVERSE
312.9837,-31.7157,-45.6902,0.000,PERP_PARK,-1,T_PARK,,,,,T2_FORWARD_TO_REVERSE
313.0837,-31.6171,-45.6738,0.000,PERP_PARK,-1,T_PARK,,,,,T2_FORWARD_TO_REVERSE
313.1836,-31.5178,-45.6629,0.000,PERP_PARK,-1,T_PARK,,,,,T2_FORWARD_TO_REVERSE
313.2835,-31.4180,-45.6576,0.000,PERP_PARK,-1,T_PARK,,,,,T2_FORWARD_TO_REVERSE
313.3834,-31.3181,-45.6585,0.000,PERP_PARK,-1,T_PARK,,,,,T2_FORWARD_TO_REVERSE
313.4834,-31.2184,-45.6656,0.000,PERP_PARK,-1,T_PARK,,,,,T2_FORWARD_TO_REVERSE
313.5833,-31.1193,-45.6785,0.000,PERP_PARK,-1,T_PARK,,,,,T2_FORWARD_TO_REVERSE
313.6833,-31.0209,-45.6961,0.000,PERP_PARK,-1,T_PARK,,,,,T2_FORWARD_TO_REVERSE
313.7832,-30.9232,-45.7171,0.000,PERP_PARK,-1,T_PARK,,,,,T2_FORWARD_TO_REVERSE
313.8831,-30.8260,-45.7402,0.000,PERP_PARK,-1,T_PARK,,,,,T2_FORWARD_TO_REVERSE
313.9831,-30.7290,-45.7642,0.000,PERP_PARK,-1,T_PARK,,,,,T2_FORWARD_TO_REVERSE
314.0830,-30.6318,-45.7876,0.000,PERP_PARK,-1,T_PARK,,,,,T2_FORWARD_TO_REVERSE
314.1830,-30.5342,-45.8091,0.000,PERP_PARK,-1,T_PARK,,,,,T2_FORWARD_TO_REVERSE
314.2829,-30.4360,-45.8278,0.000,PERP_PARK,-1,T_PARK,,,,,T2_FORWARD_TO_REVERSE
314.3829,-30.3373,-45.8434,0.000,PERP_PARK,-1,T_PARK,,,,,T2_FORWARD_TO_REVERSE
314.4828,-30.2382,-45.8560,0.000,PERP_PARK,-1,T_PARK,,,,,T2_FORWARD_TO_REVERSE
314.5827,-30.1388,-45.8664,0.000,PERP_PARK,-1,T_PARK,,,,,T2_FORWARD_TO_REVERSE
314.6827,-30.0392,-45.8756,0.000,PERP_PARK,-1,T_PARK,,,,,T2_FORWARD_TO_REVERSE
314.7827,-29.9397,-45.8849,0.000,PERP_PARK,-1,T_PARK,,,,,T2_FORWARD_TO_REVERSE
314.8826,-29.8403,-45.8953,0.000,PERP_PARK,-1,T_PARK,,,,,T2_FORWARD_TO_REVERSE
314.9826,-29.7411,-45.9076,0.000,PERP_PARK,-1,T_PARK,,,,,T2_FORWARD_TO_REVERSE
315.0824,-29.6423,-45.9222,0.000,PERP_PARK,-1,T_PARK,,,,,T2_FORWARD_TO_REVERSE
315.1824,-29.5438,-45.9393,0.000,PERP_PARK,-1,T_PARK,,,,,T2_FORWARD_TO_REVERSE
315.2824,-29.4458,-45.9590,0.000,PERP_PARK,-1,T_PARK,,,,,T2_FORWARD_TO_REVERSE
315.3823,-29.3484,-45.9812,0.000,PERP_PARK,-1,T_PARK,,,,,T2_FORWARD_TO_REVERSE
315.4822,-29.2515,-46.0055,0.000,PERP_PARK,-1,T_PARK,,,,,T2_FORWARD_TO_REVERSE
315.5822,-29.1550,-46.0319,0.000,PERP_PARK,-1,T_PARK,,,,,T2_FORWARD_TO_REVERSE
315.6821,-29.0592,-46.0602,0.000,PERP_PARK,-1,T_PARK,,,,,T2_FORWARD_TO_REVERSE
315.7821,-28.9639,-46.0904,0.000,PERP_PARK,-1,T_PARK,,,,,T2_FORWARD_TO_REVERSE
315.8820,-28.8693,-46.1225,0.000,PERP_PARK,-1,T_PARK,,,,,T2_FORWARD_TO_REVERSE
315.9819,-28.7753,-46.1564,0.000,PERP_PARK,-1,T_PARK,,,,,T2_FORWARD_TO_REVERSE
316.0818,-28.6818,-46.1917,0.000,PERP_PARK,-1,T_PARK,,,,,T2_FORWARD_TO_REVERSE
316.1819,-28.5888,-46.2285,0.000,PERP_PARK,-1,T_PARK,,,,,T2_FORWARD_TO_REVERSE
316.2818,-28.4964,-46.2665,0.000,PERP_PARK,-1,T_PARK,,,,,T2_FORWARD_TO_REVERSE
316.3817,-28.4044,-46.3055,0.000,PERP_PARK,-1,T_PARK,,,,,T2_FORWARD_TO_REVERSE
316.4816,-28.3126,-46.3450,0.000,PERP_PARK,-1,T_PARK,,,,,T2_FORWARD_TO_REVERSE
316.5816,-28.2209,-46.3847,0.000,PERP_PARK,-1,T_PARK,,,,,T2_FORWARD_TO_REVERSE
316.6815,-28.1289,-46.4238,0.000,PERP_PARK,-1,T_PARK,,,,,T2_FORWARD_TO_REVERSE
316.7814,-28.0365,-46.4618,0.000,PERP_PARK,-1,T_PARK,,,,,T2_FORWARD_TO_REVERSE
316.8814,-27.9433,-46.4981,0.000,PERP_PARK,-1,T_PARK,,,,,T2_FORWARD_TO_REVERSE
316.9814,-27.8492,-46.5318,0.000,PERP_PARK,-1,T_PARK,,,,,T2_FORWARD_TO_REVERSE
317.0813,-27.7539,-46.5619,0.000,PERP_PARK,-1,T_PARK,,,,,T2_FORWARD_TO_REVERSE
317.1812,-27.6575,-46.5879,0.000,PERP_PARK,-1,T_PARK,,,,,T2_FORWARD_TO_REVERSE
317.2811,-27.5599,-46.6093,0.000,PERP_PARK,-1,T_PARK,,,,,T2_FORWARD_TO_REVERSE
317.3811,-27.4613,-46.6258,0.000,PERP_PARK,-1,T_PARK,,,,,T2_FORWARD_TO_REVERSE
317.4811,-27.3620,-46.6375,0.000,PERP_PARK,-1,T_PARK,,,,,T2_FORWARD_TO_REVERSE
317.5810,-27.2625,-46.6465,0.000,PERP_PARK,1,T_PARK,T2_REVERSE_TO_FORWARD,SET_FORWARD,,,T2_REVERSE_TO_FORWARD
317.6810,-27.3566,-46.6126,0.000,PERP_PARK,1,T_PARK,,,,,T2_REVERSE_TO_FORWARD
317.7810,-27.4506,-46.5785,0.000,PERP_PARK,1,T_PARK,,,,,T2_REVERSE_TO_FORWARD
317.8810,-27.5445,-46.5441,0.000,PERP_PARK,1,T_PARK,,,,,T2_REVERSE_TO_FORWARD
317.9809,-27.6382,-46.5094,0.000,PERP_PARK,1,T_PARK,,,,,T2_REVERSE_TO_FORWARD
318.0809,-27.7318,-46.4742,0.000,PERP_PARK,1,T_PARK,,,,,T2_REVERSE_TO_FORWARD
318.1809,-27.8253,-46.4386,0.000,PERP_PARK,1,T_PARK,,,,,T2_REVERSE_TO_FORWARD
318.2809,-27.9186,-46.4027,0.000,PERP_PARK,1,T_PARK,,,,,T2_REVERSE_TO_FORWARD
318.3809,-28.0118,-46.3665,0.000,PERP_PARK,1,T_PARK,,,,,T2_REVERSE_TO_FORWARD
318.4809,-28.1050,-46.3302,0.000,PERP_PARK,1,T_PARK,,,,,T2_REVERSE_TO_FORWARD
318.5809,-28.1982,-46.2939,0.000,PERP_PARK,1,T_PARK,,,,,T2_REVERSE_TO_FORWARD
318.6809,-28.2914,-46.2577,0.000,PERP_PARK,1,T_PARK,,,,,T2_REVERSE_TO_FORWARD
318.7809,-28.3847,-46.2217,0.000,PERP_PARK,1,T_PARK,,,,,T2_REVERSE_TO_FORWARD
318.8810,-28.4781,-46.1859,0.000,PERP_PARK,1,T_PARK,,,,,T2_REVERSE_TO_FORWARD
318.9810,-28.5716,-46.1504,0.000,PERP_PARK,1,T_PARK,,,,,T2_REVERSE_TO_FORWARD
319.0809,-28.6651,-46.1152,0.000,PERP_PARK,1,T_PARK,,,,,T2_REVERSE_TO_FORWARD
319.1809,-28.7588,-46.0801,0.000,PERP_PARK,1,T_PARK,,,,,T2_REVERSE_TO_FORWARD
319.2809,-28.8524,-46.0450,0.000,PERP_PARK,1,T_PARK,,,,,T2_REVERSE_TO_FORWARD
319.3810,-28.9461,-46.0099,0.000,PERP_PARK,1,T_PARK,,,,,T2_REVERSE_TO_FORWARD
319.4809,-29.0396,-45.9746,0.000,PERP_PARK,1,T_PARK,,,,,T2_REVERSE_TO_FORWARD
319.5809,-29.1330,-45.9388,0.000,PERP_PARK,1,T_PARK,,,,,T2_REVERSE_TO_FORWARD
319.6809,-29.2261,-45.9024,0.000,PERP_PARK,1,T_PARK,,,,,T2_REVERSE_TO_FORWARD
319.7809,-29.3189,-45.8652,0.000,PERP_PARK,1,T_PARK,,,,,T2_REVERSE_TO_FORWARD
319.8809,-29.4113,-45.8269,0.000,PERP_PARK,1,T_PARK,,,,,T2_REVERSE_TO_FORWARD
319.9809,-29.5032,-45.7874,0.000,PERP_PARK,1,T_PARK,,,,,T2_REVERSE_TO_FORWARD
320.0809,-29.5944,-45.7464,0.000,PERP_PARK,1,T_PARK,,,,,T2_REVERSE_TO_FORWARD
320.1809,-29.6848,-45.7037,0.000,PERP_PARK,1,T_PARK,,,,,T2_REVERSE_TO_FORWARD
320.2809,-29.7743,-45.6591,0.000,PERP_PARK,1,T_PARK,,,,,T2_REVERSE_TO_FORWARD
320.3809,-29.8627,-45.6124,0.000,PERP_PARK,1,T_PARK,,,,,T2_REVERSE_TO_FORWARD
320.4808,-29.9500,-45.5637,0.000,PERP_PARK,1,T_PARK,,,,,T2_REVERSE_TO_FORWARD
320.5809,-30.0360,-45.5126,0.000,PERP_PARK,1,T_PARK,,,,,T2_REVERSE_TO_FORWARD
320.6808,-30.1205,-45.4592,0.000,PERP_PARK,1,T_PARK,,,,,T2_REVERSE_TO_FORWARD
320.7808,-30.2035,-45.4034,0.000,PERP_PARK,1,T_PARK,,,,,T2_REVERSE_TO_FORWARD
320.8808,-30.2848,-45.3452,0.000,PERP_PARK,1,T_PARK,,,,,T2_REVERSE_TO_FORWARD
320.9809,-30.3644,-45.2846,0.000,PERP_PARK,1,T_PARK,,,,,T2_REVERSE_TO_FORWARD
321.0808,-30.4420,-45.2216,0.000,PERP_PARK,1,T_PARK,,,,,T2_REVERSE_TO_FORWARD
321.1809,-30.5177,-45.1562,0.000,PERP_PARK,1,T_PARK,,,,,T2_REVERSE_TO_FORWARD
321.2808,-30.5913,-45.0886,0.000,PERP_PARK,1,T_PARK,,,,,T2_REVERSE_TO_FORWARD
321.3808,-30.6628,-45.0187,0.000,PERP_PARK,1,T_PARK,,,,,T2_REVERSE_TO_FORWARD
321.4808,-30.7321,-44.9466,0.000,PERP_PARK,1,T_PARK,,,,,T2_REVERSE_TO_FORWARD
321.5807,-30.7992,-44.8725,0.000,PERP_PARK,1,T_PARK,,,,,T2_REVERSE_TO_FORWARD
321.6808,-30.8640,-44.7963,0.000,PERP_PARK,1,T_PARK,,,,,T2_REVERSE_TO_FORWARD
321.7808,-30.9263,-44.7181,0.000,PERP_PARK,1,T_PARK,,,,,T2_REVERSE_TO_FORWARD
321.8808,-30.9863,-44.6381,0.000,PERP_PARK,1,T_PARK,,,,,T2_REVERSE_TO_FORWARD
321.9808,-31.0437,-44.5562,0.000,PERP_PARK,1,T_PARK,,,,,T2_REVERSE_TO_FORWARD
322.0807,-31.0985,-44.4726,0.000,PERP_PARK,1,T_PARK,,,,,T2_REVERSE_TO_FORWARD
322.1808,-31.1508,-44.3873,0.000,PERP_PARK,1,T_PARK,,,,,T2_REVERSE_TO_FORWARD
322.2808,-31.2003,-44.3004,0.000,PERP_PARK,1,T_PARK,,,,,T2_REVERSE_TO_FORWARD
322.3808,-31.2470,-44.2120,0.000,PERP_PARK,1,T_PARK,,,,,T2_REVERSE_TO_FORWARD
322.4807,-31.2909,-44.1222,0.000,PERP_PARK,1,T_PARK,,,,,T2_REVERSE_TO_FORWARD
322.5807,-31.3318,-44.0310,0.000,PERP_PARK,1,T_PARK,,,,,T2_REVERSE_TO_FORWARD
322.6807,-31.3697,-43.9384,0.000,PERP_PARK,1,T_PARK,,,,,T2_REVERSE_TO_FORWARD
322.7807,-31.4046,-43.8447,0.000,PERP_PARK,1,T_PARK,,,,,T2_REVERSE_TO_FORWARD
322.8807,-31.4363,-43.7499,0.000,PERP_PARK,1,T_PARK,,,,,T2_REVERSE_TO_FORWARD
322.9807,-31.4648,-43.6540,0.000,PERP_PARK,1,T_PARK,,,,,T2_REVERSE_TO_FORWARD
323.0807,-31.4900,-43.5573,0.000,PERP_PARK,1,T_PARK,,,,,T2_REVERSE_TO_FORWARD
323.1807,-31.5120,-43.4597,0.000,PERP_PARK,1,T_PARK,,,,,T2_REVERSE_TO_FORWARD
323.2807,-31.5306,-43.3615,0.000,PERP_PARK,1,T_PARK,,,,,T2_REVERSE_TO_FORWARD
323.3806,-31.5459,-43.2627,0.000,PERP_PARK,1,T_PARK,,,,,T2_REVERSE_TO_FORWARD
323.4807,-31.5580,-43.1634,0.000,PERP_PARK,1,T_PARK,,,,,T2_REVERSE_TO_FORWARD
323.5807,-31.5668,-43.0638,0.000,PERP_PARK,1,T_PARK,,,,,T2_REVERSE_TO_FORWARD
323.6806,-31.5724,-42.9640,0.000,PERP_PARK,1,T_PARK,,,,,T2_REVERSE_TO_FORWARD
323.7806,-31.5749,-42.8640,0.000,PERP_PARK,1,T_PARK,,,,,T2_REVERSE_TO_FORWARD
323.8806,-31.5743,-42.7640,0.000,PERP_PARK,1,T_PARK,,,,,T2_REVERSE_TO_FORWARD
323.9806,-31.5708,-42.6641,0.000,PERP_PARK,1,T_PARK,,,,,T2_REVERSE_TO_FORWARD
324.0806,-31.5644,-42.5643,0.000,PERP_PARK,1,T_PARK,,,,,T2_REVERSE_TO_FORWARD
324.1806,-31.5554,-42.4647,0.000,PERP_PARK,1,T_PARK,,,,,T2_REVERSE_TO_FORWARD
324.2806,-31.5437,-42.3654,0.000,PERP_PARK,1,T_PARK,,,,,T2_REVERSE_TO_FORWARD
324.3806,-31.5296,-42.2664,0.000,PERP_PARK,1,T_PARK,,,,,T2_REVERSE_TO_FORWARD
324.4806,-31.5131,-42.1678,0.000,PERP_PARK,1,T_PARK,,,,,T2_REVERSE_TO_FORWARD
324.5806,-31.4944,-42.0695,0.000,PERP_PARK,1,T_PARK,,,,,T2_REVERSE_TO_FORWARD
324.6806,-31.4737,-41.9717,0.000,PERP_PARK,1,T_PARK,,,,,T2_REVERSE_TO_FORWARD
324.7805,-31.4509,-41.8744,0.000,PERP_PARK,1,T_PARK,,,,,T2_REVERSE_TO_FORWARD
324.8806,-31.4264,-41.7774,0.000,PERP_PARK,1,T_PARK,,,,,T2_REVERSE_TO_FORWARD
324.9805,-31.4001,-41.6810,0.000,PERP_PARK,1,T_PARK,,,,,T2_REVERSE_TO_FORWARD
325.0806,-31.3722,-41.5849,0.000,PERP_PARK,1,T_PARK,,,,,T2_REVERSE_TO_FORWARD
325.1806,-31.3428,-41.4893,0.000,PERP_PARK,1,T_PARK,,,,,T2_REVERSE_TO_FORWARD
325.2806,-31.3120,-41.3942,0.000,PERP_PARK,1,T_PARK,,,,,T2_REVERSE_TO_FORWARD
325.3805,-31.2799,-41.2995,0.000,PERP_PARK,1,T_PARK,,,,,T2_REVERSE_TO_FORWARD
325.4806,-31.2466,-41.2052,0.000,PERP_PARK,1,T_PARK,,,,,T2_REVERSE_TO_FORWARD
325.5805,-31.2123,-41.1113,0.000,PERP_PARK,1,T_PARK,,,,,T2_REVERSE_TO_FORWARD
325.6805,-31.1769,-41.0178,0.000,PERP_PARK,1,T_PARK,,,,,T2_REVERSE_TO_FORWARD
325.7805,-31.1406,-40.9246,0.000,PERP_PARK,1,T_PARK,,,,,T2_REVERSE_TO_FORWARD
325.8806,-31.1035,-40.8317,0.000,PERP_PARK,1,T_PARK,,,,,T2_REVERSE_TO_FORWARD
325.9805,-31.0656,-40.7392,0.000,PERP_PARK,1,T_PARK,,,,,T2_REVERSE_TO_FORWARD
326.0805,-31.0271,-40.6469,0.000,PERP_PARK,1,T_PARK,,,,,T2_REVERSE_TO_FORWARD
326.1805,-30.9879,-40.5549,0.000,PERP_PARK,1,T_PARK,,,,,T2_REVERSE_TO_FORWARD
326.2805,-30.9482,-40.4631,0.000,PERP_PARK,1,T_PARK,,,,,T2_REVERSE_TO_FORWARD
326.3805,-30.9080,-40.3716,0.000,PERP_PARK,1,T_PARK,,,,,T2_REVERSE_TO_FORWARD
326.4805,-30.8674,-40.2802,0.000,PERP_PARK,1,T_PARK,,,,,T2_REVERSE_TO_FORWARD
326.5804,-30.8265,-40.1890,0.000,PERP_PARK,1,T_PARK,,,,,T2_REVERSE_TO_FORWARD
326.6805,-30.7852,-40.0979,0.000,PERP_PARK,1,T_PARK,,,,,T2_REVERSE_TO_FORWARD
326.7804,-30.7438,-40.0069,0.000,PERP_PARK,1,T_PARK,,,,,T2_REVERSE_TO_FORWARD
326.8805,-30.7021,-39.9159,0.000,PERP_PARK,1,T_PARK,,,,,T2_REVERSE_TO_FORWARD
326.9805,-30.6603,-39.8251,0.000,PERP_PARK,1,T_PARK,,,,,T2_REVERSE_TO_FORWARD
327.0805,-30.6185,-39.7343,0.000,PERP_PARK,1,T_PARK,,,,,T2_REVERSE_TO_FORWARD
327.1805,-30.5765,-39.6435,0.000,PERP_PARK,1,T_PARK,,,,,T2_REVERSE_TO_FORWARD
327.2805,-30.5346,-39.5527,0.000,PERP_PARK,1,T_PARK,,,,,T2_REVERSE_TO_FORWARD
327.3805,-30.4926,-39.4620,0.000,PERP_PARK,1,T_PARK,,,,,T2_REVERSE_TO_FORWARD
327.4805,-30.4507,-39.3712,0.000,PERP_PARK,1,T_PARK,,,,,T2_REVERSE_TO_FORWARD
327.5805,-30.4088,-39.2804,0.000,PERP_PARK,1,T_PARK,,,,,T2_REVERSE_TO_FORWARD
327.6805,-30.3670,-39.1895,0.000,PERP_PARK,1,T_PARK,,,,,T2_REVERSE_TO_FORWARD
327.7805,-30.3253,-39.0986,0.000,PERP_PARK,1,T_PARK,,,,,T2_REVERSE_TO_FORWARD
327.8805,-30.2837,-39.0077,0.000,PERP_PARK,1,T_PARK,,,,,T2_REVERSE_TO_FORWARD
327.9805,-30.2423,-38.9167,0.000,PERP_PARK,1,T_PARK,,,,,T2_REVERSE_TO_FORWARD
328.0804,-30.2009,-38.8257,0.000,PERP_PARK,1,T_PARK,,,,,T2_REVERSE_TO_FORWARD
328.1804,-30.1597,-38.7346,0.000,PERP_PARK,1,T_PARK,,,,,T2_REVERSE_TO_FORWARD
328.2805,-30.1186,-38.6434,0.000,PERP_PARK,1,T_PARK,,,,,T2_REVERSE_TO_FORWARD
328.3804,-30.0777,-38.5522,0.000,PERP_PARK,1,T_PARK,,,,,T2_REVERSE_TO_FORWARD
328.4805,-30.0369,-38.4608,0.000,PERP_PARK,1,T_PARK,,,,,T2_REVERSE_TO_FORWARD
328.5805,-29.9964,-38.3694,0.000,PERP_PARK,1,T_PARK,,,,,T2_REVERSE_TO_FORWARD
328.6804,-29.9560,-38.2780,0.000,PERP_PARK,1,T_PARK,,,,,T2_REVERSE_TO_FORWARD
328.7804,-29.9158,-38.1864,0.000,PERP_PARK,1,T_PARK,,,,,T2_REVERSE_TO_FORWARD
328.8805,-29.8758,-38.0947,0.000,PERP_PARK,1,T_PARK,,,,,T2_REVERSE_TO_FORWARD
328.9804,-29.8361,-38.0030,0.000,PERP_PARK,1,T_PARK,,,,,T2_REVERSE_TO_FORWARD
329.0804,-29.7967,-37.9111,0.000,PERP_PARK,1,T_PARK,,,,,T2_REVERSE_TO_FORWARD
329.1804,-29.7575,-37.8191,0.000,PERP_PARK,1,T_PARK,,,,,T2_REVERSE_TO_FORWARD
329.2805,-29.7186,-37.7269,0.000,PERP_PARK,1,T_PARK,,,,,T2_REVERSE_TO_FORWARD
329.3804,-29.6801,-37.6347,0.000,PERP_PARK,1,T_PARK,,,,,T2_REVERSE_TO_FORWARD
329.4804,-29.6420,-37.5422,0.000,PERP_PARK,1,T_PARK,,,,,T2_REVERSE_TO_FORWARD
329.5804,-29.6042,-37.4496,0.000,PERP_PARK,1,T_PARK,,,,,T2_REVERSE_TO_FORWARD
329.6804,-29.5669,-37.3569,0.000,PERP_PARK,1,T_PARK,,,,,T2_REVERSE_TO_FORWARD
329.7804,-29.5300,-37.2639,0.000,PERP_PARK,1,T_PARK,,,,,T2_REVERSE_TO_FORWARD
329.8804,-29.4936,-37.1708,0.000,PERP_PARK,1,T_PARK,,,,,T2_REVERSE_TO_FORWARD
329.9804,-29.4576,-37.0775,0.000,PERP_PARK,1,T_PARK,,,,,T2_REVERSE_TO_FORWARD
330.0804,-29.4222,-36.9840,0.000,PERP_PARK,1,T_PARK,,,,,T2_REVERSE_TO_FORWARD
330.1804,-29.3872,-36.8903,0.000,PERP_PARK,1,T_PARK,,,,,T2_REVERSE_TO_FORWARD
330.2804,-29.3526,-36.7965,0.000,PERP_PARK,1,T_PARK,,,,,T2_REVERSE_TO_FORWARD
330.3804,-29.3184,-36.7025,0.000,PERP_PARK,1,T_PARK,,,,,T2_REVERSE_TO_FORWARD
330.4804,-29.2844,-36.6085,0.000,PERP_PARK,1,T_PARK,,,,,T2_REVERSE_TO_FORWARD
330.5804,-29.2506,-36.5143,0.000,PERP_PARK,1,T_PARK,,,,,T2_REVERSE_TO_FORWARD
330.6804,-29.2168,-36.4202,0.000,PERP_PARK,1,T_PARK,,,,,T2_REVERSE_TO_FORWARD
330.7803,-29.1829,-36.3262,0.000,PERP_PARK,1,T_PARK,,,,,T2_REVERSE_TO_FORWARD
330.8803,-29.1485,-36.2323,0.000,PERP_PARK,1,T_PARK,,,,,T2_REVERSE_TO_FORWARD
330.9803,-29.1133,-36.1387,0.000,PERP_PARK,1,T_PARK,,,,,T2_REVERSE_TO_FORWARD
331.0804,-29.0772,-36.0454,0.000,PERP_PARK,1,T_PARK,,,,,T2_REVERSE_TO_FORWARD
331.1803,-29.0398,-35.9527,0.000,PERP_PARK,1,T_PARK,,,,,T2_REVERSE_TO_FORWARD
331.2803,-29.0007,-35.8607,0.000,PERP_PARK,1,T_PARK,,,,,T2_REVERSE_TO_FORWARD
331.3804,-28.9595,-35.7695,0.000,PERP_PARK,1,T_PARK,,,,,T2_REVERSE_TO_FORWARD
331.4804,-28.9159,-35.6795,0.000,PERP_PARK,1,T_PARK,,,,,T2_REVERSE_TO_FORWARD
331.5803,-28.8695,-35.5910,0.000,PERP_PARK,1,T_PARK,,,,,T2_REVERSE_TO_FORWARD
331.6186,-28.8508,-35.5576,0.000,PERP_PARK,1,T_PARK,T_PARK_END,EXIT_ZONE,,,T2_REVERSE_TO_FORWARD
331.6803,-28.8198,-35.5042,0.000,PERP_PARK,1,T_PARK,,,,,T2_REVERSE_TO_FORWARD
331.7680,-28.7735,-35.4298,0.000,NORMAL,1,ROUTE,,,,,T2_REVERSE_TO_FORWARD
331.7803,-28.7667,-35.4195,0.000,NORMAL,1,ROUTE,,,,,T2_REVERSE_TO_FORWARD
331.8804,-28.7098,-35.3372,0.000,NORMAL,1,ROUTE,,,,,T2_REVERSE_TO_FORWARD
331.9803,-28.6495,-35.2575,0.000,NORMAL,1,ROUTE,,,,,T2_REVERSE_TO_FORWARD
332.0803,-28.5861,-35.1802,0.000,NORMAL,1,ROUTE,,,,,T2_REVERSE_TO_FORWARD
332.1803,-28.5198,-35.1053,0.000,NORMAL,1,ROUTE,,,,,T2_REVERSE_TO_FORWARD
332.2803,-28.4509,-35.0329,0.000,NORMAL,1,ROUTE,,,,,T2_REVERSE_TO_FORWARD
332.3802,-28.3797,-34.9627,0.000,NORMAL,1,ROUTE,,,,,T2_REVERSE_TO_FORWARD
332.4802,-28.3063,-34.8948,0.000,NORMAL,1,ROUTE,,,,,T2_REVERSE_TO_FORWARD
332.5803,-28.2309,-34.8290,0.000,NORMAL,1,ROUTE,,,,,T2_REVERSE_TO_FORWARD
332.6803,-28.1538,-34.7654,0.000,NORMAL,1,ROUTE,,,,,T2_REVERSE_TO_FORWARD
332.7803,-28.0751,-34.7037,0.000,NORMAL,1,ROUTE,,,,,T2_REVERSE_TO_FORWARD
332.8802,-27.9950,-34.6439,0.000,NORMAL,1,ROUTE,,,,,T2_REVERSE_TO_FORWARD
332.9802,-27.9135,-34.5859,0.000,NORMAL,1,ROUTE,,,,,T2_REVERSE_TO_FORWARD
333.0802,-27.8308,-34.5297,0.000,NORMAL,1,ROUTE,,,,,T2_REVERSE_TO_FORWARD
333.1802,-27.7470,-34.4752,0.000,NORMAL,1,ROUTE,,,,,T2_REVERSE_TO_FORWARD
333.2802,-27.6621,-34.4223,0.000,NORMAL,1,ROUTE,,,,,T2_REVERSE_TO_FORWARD
333.3803,-27.5763,-34.3709,0.000,NORMAL,1,ROUTE,,,,,T2_REVERSE_TO_FORWARD
333.4802,-27.4896,-34.3211,0.000,NORMAL,1,ROUTE,,,,,T2_REVERSE_TO_FORWARD
333.5802,-27.4021,-34.2727,0.000,NORMAL,1,ROUTE,,,,,T2_REVERSE_TO_FORWARD
333.6802,-27.3138,-34.2259,0.000,NORMAL,1,ROUTE,,,,,T2_REVERSE_TO_FORWARD
333.7802,-27.2247,-34.1805,0.000,NORMAL,1,ROUTE,,,,,T2_REVERSE_TO_FORWARD
333.8802,-27.1349,-34.1365,0.000,NORMAL,1,ROUTE,,,,,T2_REVERSE_TO_FORWARD
333.9802,-27.0443,-34.0940,0.000,NORMAL,1,ROUTE,,,,,T2_REVERSE_TO_FORWARD
334.0801,-26.9532,-34.0530,0.000,NORMAL,1,ROUTE,,,,,T2_REVERSE_TO_FORWARD
334.1801,-26.8614,-34.0134,0.000,NORMAL,1,ROUTE,,,,,T2_REVERSE_TO_FORWARD
334.2802,-26.7689,-33.9752,0.000,NORMAL,1,ROUTE,,,,,T2_REVERSE_TO_FORWARD
334.3801,-26.6759,-33.9386,0.000,NORMAL,1,ROUTE,,,,,T2_REVERSE_TO_FORWARD
334.4801,-26.5823,-33.9034,0.000,NORMAL,1,ROUTE,,,,,T2_REVERSE_TO_FORWARD
334.5802,-26.4881,-33.8697,0.000,NORMAL,1,ROUTE,,,,,T2_REVERSE_TO_FORWARD
334.6801,-26.3935,-33.8375,0.000,NORMAL,1,ROUTE,,,,,T2_REVERSE_TO_FORWARD
334.7801,-26.2983,-33.8069,0.000,NORMAL,1,ROUTE,,,,,T2_REVERSE_TO_FORWARD
334.8802,-26.2026,-33.7777,0.000,NORMAL,1,ROUTE,,,,,T2_REVERSE_TO_FORWARD
334.9801,-26.1065,-33.7502,0.000,NORMAL,1,ROUTE,,,,,T2_REVERSE_TO_FORWARD
335.0802,-26.0099,-33.7242,0.000,NORMAL,1,ROUTE,,,,,T2_REVERSE_TO_FORWARD
335.1801,-25.9130,-33.6998,0.000,NORMAL,1,ROUTE,,,,,T2_REVERSE_TO_FORWARD
335.2801,-25.8156,-33.6769,0.000,NORMAL,1,ROUTE,,,,,T2_REVERSE_TO_FORWARD
335.3801,-25.7179,-33.6557,0.000,NORMAL,1,ROUTE,,,,,T2_REVERSE_TO_FORWARD
335.4802,-25.6198,-33.6360,0.000,NORMAL,1,ROUTE,,,,,T2_REVERSE_TO_FORWARD
335.5801,-25.5215,-33.6180,0.000,NORMAL,1,ROUTE,,,,,T2_REVERSE_TO_FORWARD
335.6801,-25.4229,-33.6016,0.000,NORMAL,1,ROUTE,,,,,T2_REVERSE_TO_FORWARD
335.7801,-25.3240,-33.5867,0.000,NORMAL,1,ROUTE,,,,,T2_REVERSE_TO_FORWARD
335.8802,-25.2248,-33.5735,0.000,NORMAL,1,ROUTE,,,,,T2_REVERSE_TO_FORWARD
335.9801,-25.1255,-33.5619,0.000,NORMAL,1,ROUTE,,,,,T2_REVERSE_TO_FORWARD
336.0801,-25.0260,-33.5520,0.000,NORMAL,1,ROUTE,,,,,T2_REVERSE_TO_FORWARD
336.1801,-24.9264,-33.5436,0.000,NORMAL,1,ROUTE,,,,,T2_REVERSE_TO_FORWARD
336.2801,-24.8266,-33.5368,0.000,NORMAL,1,ROUTE,,,,,T2_REVERSE_TO_FORWARD
336.3800,-24.7268,-33.5316,0.000,NORMAL,1,ROUTE,,,,,T2_REVERSE_TO_FORWARD
336.4801,-24.6268,-33.5280,0.000,NORMAL,1,ROUTE,,,,,T2_REVERSE_TO_FORWARD
336.5801,-24.5268,-33.5260,0.000,NORMAL,1,ROUTE,,,,,T2_REVERSE_TO_FORWARD
336.6800,-24.4269,-33.5256,0.000,NORMAL,1,ROUTE,,,,,T2_REVERSE_TO_FORWARD
336.7800,-24.3269,-33.5267,0.000,NORMAL,1,ROUTE,,,,,T2_REVERSE_TO_FORWARD
336.8801,-24.2269,-33.5294,0.000,NORMAL,1,ROUTE,,,,,T2_REVERSE_TO_FORWARD
336.9801,-24.1270,-33.5335,0.000,NORMAL,1,ROUTE,,,,,T2_REVERSE_TO_FORWARD
337.0800,-24.0272,-33.5392,0.000,NORMAL,1,ROUTE,,,,,T2_REVERSE_TO_FORWARD
337.1801,-23.9274,-33.5465,0.000,NORMAL,1,ROUTE,,,,,T2_REVERSE_TO_FORWARD
337.2801,-23.8278,-33.5552,0.000,NORMAL,1,ROUTE,,,,,T2_REVERSE_TO_FORWARD
337.3801,-23.7283,-33.5653,0.000,NORMAL,1,ROUTE,,,,,T2_REVERSE_TO_FORWARD
337.4801,-23.6290,-33.5770,0.000,NORMAL,1,ROUTE,,,,,T2_REVERSE_TO_FORWARD
337.5800,-23.5299,-33.5901,0.000,NORMAL,1,ROUTE,,,,,T2_REVERSE_TO_FORWARD
337.6801,-23.4309,-33.6046,0.000,NORMAL,1,ROUTE,,,,,T2_REVERSE_TO_FORWARD
337.7801,-23.3322,-33.6205,0.000,NORMAL,1,ROUTE,,,,,T2_REVERSE_TO_FORWARD
337.8801,-23.2337,-33.6379,0.000,NORMAL,1,ROUTE,,,,,T2_REVERSE_TO_FORWARD
337.9800,-23.1355,-33.6566,0.000,NORMAL,1,ROUTE,,,,,T2_REVERSE_TO_FORWARD
338.0800,-23.0376,-33.6767,0.000,NORMAL,1,ROUTE,,,,,T2_REVERSE_TO_FORWARD
338.1800,-22.9399,-33.6982,0.000,NORMAL,1,ROUTE,,,,,T2_REVERSE_TO_FORWARD
338.2800,-22.8426,-33.7210,0.000,NORMAL,1,ROUTE,,,,,T2_REVERSE_TO_FORWARD
338.3800,-22.7455,-33.7452,0.000,NORMAL,1,ROUTE,,,,,T2_REVERSE_TO_FORWARD
338.4801,-22.6488,-33.7708,0.000,NORMAL,1,ROUTE,,,,,T2_REVERSE_TO_FORWARD
338.5800,-22.5525,-33.7976,0.000,NORMAL,1,ROUTE,,,,,T2_REVERSE_TO_FORWARD
338.6799,-22.4566,-33.8257,0.000,NORMAL,1,ROUTE,,,,,T2_REVERSE_TO_FORWARD
338.7800,-22.3610,-33.8552,0.000,NORMAL,1,ROUTE,,,,,T2_REVERSE_TO_FORWARD
338.8799,-22.2659,-33.8859,0.000,NORMAL,1,ROUTE,,,,,T2_REVERSE_TO_FORWARD
338.9800,-22.1711,-33.9180,0.000,NORMAL,1,ROUTE,,,,,T2_REVERSE_TO_FORWARD
339.0799,-22.0769,-33.9513,0.000,NORMAL,1,ROUTE,,,,,T2_REVERSE_TO_FORWARD
339.1800,-21.9830,-33.9859,0.000,NORMAL,1,ROUTE,,,,,T2_REVERSE_TO_FORWARD
339.2800,-21.8897,-34.0218,0.000,NORMAL,1,ROUTE,,,,,T2_REVERSE_TO_FORWARD
339.3800,-21.7968,-34.0589,0.000,NORMAL,1,ROUTE,,,,,T2_REVERSE_TO_FORWARD
339.4800,-21.7045,-34.0973,0.000,NORMAL,1,ROUTE,,,,,T2_REVERSE_TO_FORWARD
339.5800,-21.6127,-34.1369,0.000,NORMAL,1,ROUTE,,,,,T2_REVERSE_TO_FORWARD
339.6799,-21.5215,-34.1778,0.000,NORMAL,1,ROUTE,,,,,T2_REVERSE_TO_FORWARD
339.7799,-21.4308,-34.2200,0.000,NORMAL,1,ROUTE,,,,,T2_REVERSE_TO_FORWARD
339.8799,-21.3407,-34.2634,0.000,NORMAL,1,ROUTE,,,,,T2_REVERSE_TO_FORWARD
339.9799,-21.2512,-34.3080,0.000,NORMAL,1,ROUTE,,,,,T2_REVERSE_TO_FORWARD
340.0799,-21.1623,-34.3538,0.000,NORMAL,1,ROUTE,,,,,T2_REVERSE_TO_FORWARD
340.1799,-21.0741,-34.4009,0.000,NORMAL,1,ROUTE,,,,,T2_REVERSE_TO_FORWARD
340.2799,-20.9865,-34.4491,0.000,NORMAL,1,ROUTE,,,,,T2_REVERSE_TO_FORWARD
340.3800,-20.8995,-34.4985,0.000,NORMAL,1,ROUTE,,,,,T2_REVERSE_TO_FORWARD
340.4800,-20.8132,-34.5490,0.000,NORMAL,1,ROUTE,,,,,T2_REVERSE_TO_FORWARD
340.5799,-20.7276,-34.6006,0.000,NORMAL,1,ROUTE,,,,,T2_REVERSE_TO_FORWARD
340.6799,-20.6426,-34.6533,0.000,NORMAL,1,ROUTE,,,,,T2_REVERSE_TO_FORWARD
340.7800,-20.5582,-34.7070,0.000,NORMAL,1,ROUTE,,,,,T2_REVERSE_TO_FORWARD
340.8799,-20.4745,-34.7616,0.000,NORMAL,1,ROUTE,,,,,T2_REVERSE_TO_FORWARD
340.9799,-20.3913,-34.8171,0.000,NORMAL,1,ROUTE,,,,,T2_REVERSE_TO_FORWARD
341.0799,-20.3087,-34.8734,0.000,NORMAL,1,ROUTE,,,,,T2_REVERSE_TO_FORWARD
341.1799,-20.2266,-34.9305,0.000,NORMAL,1,ROUTE,,,,,T2_REVERSE_TO_FORWARD
341.2799,-20.1449,-34.9882,0.000,NORMAL,1,ROUTE,,,,,T2_REVERSE_TO_FORWARD
341.3799,-20.0636,-35.0464,0.000,NORMAL,1,ROUTE,,,,,T2_REVERSE_TO_FORWARD
341.4798,-19.9826,-35.1050,0.000,NORMAL,1,ROUTE,,,,,T2_REVERSE_TO_FORWARD
341.5799,-19.9019,-35.1641,0.000,NORMAL,1,ROUTE,,,,,T2_REVERSE_TO_FORWARD
341.6799,-19.8214,-35.2234,0.000,NORMAL,1,ROUTE,,,,,T2_REVERSE_TO_FORWARD
341.7799,-19.7410,-35.2830,0.000,NORMAL,1,ROUTE,,,,,T2_REVERSE_TO_FORWARD
341.8799,-19.6609,-35.3428,0.000,NORMAL,1,ROUTE,,,,,T2_REVERSE_TO_FORWARD
341.9798,-19.5810,-35.4028,0.000,NORMAL,1,ROUTE,,,,,T2_REVERSE_TO_FORWARD
342.0799,-19.5012,-35.4632,0.000,NORMAL,1,ROUTE,,,,,T2_REVERSE_TO_FORWARD
342.1798,-19.4218,-35.5239,0.000,NORMAL,1,ROUTE,,,,,T2_REVERSE_TO_FORWARD
342.2799,-19.3427,-35.5851,0.000,NORMAL,1,ROUTE,,,,,T2_REVERSE_TO_FORWARD
342.3798,-19.2641,-35.6469,0.000,NORMAL,1,ROUTE,,,,,T2_REVERSE_TO_FORWARD
342.4799,-19.1860,-35.7094,0.000,NORMAL,1,ROUTE,,,,,T2_REVERSE_TO_FORWARD
342.5798,-19.1088,-35.7729,0.000,NORMAL,1,ROUTE,,,,,T2_REVERSE_TO_FORWARD
342.6798,-19.0324,-35.8374,0.000,NORMAL,1,ROUTE,,,,,T2_REVERSE_TO_FORWARD
342.7798,-18.9571,-35.9032,0.000,NORMAL,1,ROUTE,,,,,T2_REVERSE_TO_FORWARD
342.8798,-18.8829,-35.9702,0.000,NORMAL,1,ROUTE,,,,,T2_REVERSE_TO_FORWARD
342.9798,-18.8099,-36.0386,0.000,NORMAL,1,ROUTE,,,,,T2_REVERSE_TO_FORWARD
343.0798,-18.7381,-36.1082,0.000,NORMAL,1,ROUTE,,,,,T2_REVERSE_TO_FORWARD
343.1798,-18.6676,-36.1791,0.000,NORMAL,1,ROUTE,,,,,T2_REVERSE_TO_FORWARD
343.2798,-18.5982,-36.2511,0.000,NORMAL,1,ROUTE,,,,,T2_REVERSE_TO_FORWARD
343.3798,-18.5300,-36.3242,0.000,NORMAL,1,ROUTE,,,,,T2_REVERSE_TO_FORWARD
343.4798,-18.4628,-36.3983,0.000,NORMAL,1,ROUTE,,,,,T2_REVERSE_TO_FORWARD
343.5799,-18.3967,-36.4734,0.000,NORMAL,1,ROUTE,,,,,T2_REVERSE_TO_FORWARD
343.6798,-18.3317,-36.5493,0.000,NORMAL,1,ROUTE,,,,,T2_REVERSE_TO_FORWARD
343.7798,-18.2676,-36.6261,0.000,NORMAL,1,ROUTE,,,,,T2_REVERSE_TO_FORWARD
343.8798,-18.2045,-36.7036,0.000,NORMAL,1,ROUTE,,,,,T2_REVERSE_TO_FORWARD
343.9798,-18.1423,-36.7819,0.000,NORMAL,1,ROUTE,,,,,T2_REVERSE_TO_FORWARD
344.0798,-18.0810,-36.8609,0.000,NORMAL,1,ROUTE,,,,,T2_REVERSE_TO_FORWARD
344.1798,-18.0207,-36.9407,0.000,NORMAL,1,ROUTE,,,,,T2_REVERSE_TO_FORWARD
344.2798,-17.9614,-37.0212,0.000,NORMAL,1,ROUTE,,,,,T2_REVERSE_TO_FORWARD
344.3797,-17.9032,-37.1025,0.000,NORMAL,1,ROUTE,,,,,T2_REVERSE_TO_FORWARD
344.4798,-17.8461,-37.1846,0.000,NORMAL,1,ROUTE,,,,,T2_REVERSE_TO_FORWARD
344.5798,-17.7901,-37.2675,0.000,NORMAL,1,ROUTE,,,,,T2_REVERSE_TO_FORWARD
344.6798,-17.7354,-37.3512,0.000,NORMAL,1,ROUTE,,,,,T2_REVERSE_TO_FORWARD
344.7797,-17.6820,-37.4357,0.000,NORMAL,1,ROUTE,,,,,T2_REVERSE_TO_FORWARD
344.8798,-17.6299,-37.5211,0.000,NORMAL,1,ROUTE,,,,,T2_REVERSE_TO_FORWARD
344.9797,-17.5793,-37.6073,0.000,NORMAL,1,ROUTE,,,,,T2_REVERSE_TO_FORWARD
345.0798,-17.5301,-37.6944,0.000,NORMAL,1,ROUTE,,,,,T2_REVERSE_TO_FORWARD
345.1797,-17.4825,-37.7823,0.000,NORMAL,1,ROUTE,,,,,T2_REVERSE_TO_FORWARD
345.2798,-17.4366,-37.8712,0.000,NORMAL,1,ROUTE,,,,,T2_REVERSE_TO_FORWARD
345.3797,-17.3925,-37.9609,0.000,NORMAL,1,ROUTE,,,,,T2_REVERSE_TO_FORWARD
345.4797,-17.3502,-38.0515,0.000,NORMAL,1,ROUTE,,,,,T2_REVERSE_TO_FORWARD
345.5797,-17.3098,-38.1430,0.000,NORMAL,1,ROUTE,,,,,T2_REVERSE_TO_FORWARD
345.6797,-17.2711,-38.2352,0.000,NORMAL,1,ROUTE,,,,,T2_REVERSE_TO_FORWARD
345.7797,-17.2342,-38.3281,0.000,NORMAL,1,ROUTE,,,,,T2_REVERSE_TO_FORWARD
345.8797,-17.1989,-38.4217,0.000,NORMAL,1,ROUTE,,,,,T2_REVERSE_TO_FORWARD
345.9798,-17.1650,-38.5158,0.000,NORMAL,1,ROUTE,,,,,T2_REVERSE_TO_FORWARD
346.0797,-17.1325,-38.6103,0.000,NORMAL,1,ROUTE,,,,,T2_REVERSE_TO_FORWARD
346.1796,-17.1014,-38.7053,0.000,NORMAL,1,ROUTE,,,,,T2_REVERSE_TO_FORWARD
346.2797,-17.0714,-38.8007,0.000,NORMAL,1,ROUTE,,,,,T2_REVERSE_TO_FORWARD
346.3797,-17.0426,-38.8965,0.000,NORMAL,1,ROUTE,,,,,T2_REVERSE_TO_FORWARD
346.4797,-17.0148,-38.9926,0.000,NORMAL,1,ROUTE,,,,,T2_REVERSE_TO_FORWARD
346.5796,-16.9882,-39.0889,0.000,NORMAL,1,ROUTE,,,,,T2_REVERSE_TO_FORWARD
346.6797,-16.9626,-39.1856,0.000,NORMAL,1,ROUTE,,,,,T2_REVERSE_TO_FORWARD
346.7797,-16.9382,-39.2826,0.000,NORMAL,1,ROUTE,,,,,T2_REVERSE_TO_FORWARD
346.8796,-16.9149,-39.3798,0.000,NORMAL,1,ROUTE,,,,,T2_REVERSE_TO_FORWARD
346.9797,-16.8929,-39.4774,0.000,NORMAL,1,ROUTE,,,,,T2_REVERSE_TO_FORWARD
347.0797,-16.8722,-39.5752,0.000,NORMAL,1,ROUTE,,,,,T2_REVERSE_TO_FORWARD
347.1797,-16.8528,-39.6733,0.000,NORMAL,1,ROUTE,,,,,T2_REVERSE_TO_FORWARD
347.2797,-16.8348,-39.7717,0.000,NORMAL,1,ROUTE,,,,,T2_REVERSE_TO_FORWARD
347.3797,-16.8183,-39.8703,0.000,NORMAL,1,ROUTE,,,,,T2_REVERSE_TO_FORWARD
347.4796,-16.8032,-39.9691,0.000,NORMAL,1,ROUTE,,,,,T2_REVERSE_TO_FORWARD
347.5796,-16.7896,-40.0682,0.000,NORMAL,1,ROUTE,,,,,T2_REVERSE_TO_FORWARD
347.6797,-16.7776,-40.1675,0.000,NORMAL,1,ROUTE,,,,,T2_REVERSE_TO_FORWARD
347.7796,-16.7672,-40.2669,0.000,NORMAL,1,ROUTE,,,,,T2_REVERSE_TO_FORWARD
347.8797,-16.7587,-40.3666,0.000,NORMAL,1,ROUTE,,,,,T2_REVERSE_TO_FORWARD
347.9796,-16.7521,-40.4663,0.000,NORMAL,1,ROUTE,,,,,T2_REVERSE_TO_FORWARD
348.0796,-16.7474,-40.5662,0.000,NORMAL,1,ROUTE,,,,,T2_REVERSE_TO_FORWARD
348.1796,-16.7449,-40.6662,0.000,NORMAL,1,ROUTE,,,,,T2_REVERSE_TO_FORWARD
348.2796,-16.7444,-40.7662,0.000,NORMAL,1,ROUTE,,,,,T2_REVERSE_TO_FORWARD
348.3796,-16.7461,-40.8662,0.000,NORMAL,1,ROUTE,,,,,T2_REVERSE_TO_FORWARD
348.4796,-16.7498,-40.9661,0.000,NORMAL,1,ROUTE,,,,,T2_REVERSE_TO_FORWARD
348.5796,-16.7553,-41.0659,0.000,NORMAL,1,ROUTE,,,,,T2_REVERSE_TO_FORWARD
348.6796,-16.7627,-41.1657,0.000,NORMAL,1,ROUTE,,,,,T2_REVERSE_TO_FORWARD
348.7795,-16.7718,-41.2652,0.000,NORMAL,1,ROUTE,,,,,T2_REVERSE_TO_FORWARD
348.8795,-16.7826,-41.3646,0.000,NORMAL,1,ROUTE,,,,,T2_REVERSE_TO_FORWARD
348.9796,-16.7950,-41.4639,0.000,NORMAL,1,ROUTE,,,,,T2_REVERSE_TO_FORWARD
349.0796,-16.8088,-41.5629,0.000,NORMAL,1,ROUTE,,,,,T2_REVERSE_TO_FORWARD
349.1795,-16.8241,-41.6617,0.000,NORMAL,1,ROUTE,,,,,T2_REVERSE_TO_FORWARD
349.2796,-16.8406,-41.7604,0.000,NORMAL,1,ROUTE,,,,,T2_REVERSE_TO_FORWARD
349.3796,-16.8584,-41.8588,0.000,NORMAL,1,ROUTE,,,,,T2_REVERSE_TO_FORWARD
349.4796,-16.8772,-41.9570,0.000,NORMAL,1,ROUTE,,,,,T2_REVERSE_TO_FORWARD
349.5796,-16.8971,-42.0550,0.000,NORMAL,1,ROUTE,,,,,T2_REVERSE_TO_FORWARD
349.6795,-16.9181,-42.1527,0.000,NORMAL,1,ROUTE,,,,,T2_REVERSE_TO_FORWARD
349.7795,-16.9400,-42.2503,0.000,NORMAL,1,ROUTE,,,,,T2_REVERSE_TO_FORWARD
349.8795,-16.9629,-42.3476,0.000,NORMAL,1,ROUTE,,,,,T2_REVERSE_TO_FORWARD
349.9796,-16.9867,-42.4448,0.000,NORMAL,1,ROUTE,,,,,T2_REVERSE_TO_FORWARD
350.0795,-17.0115,-42.5416,0.000,NORMAL,1,ROUTE,,,,,T2_REVERSE_TO_FORWARD
350.1795,-17.0371,-42.6383,0.000,NORMAL,1,ROUTE,,,,,T2_REVERSE_TO_FORWARD
350.2795,-17.0636,-42.7347,0.000,NORMAL,1,ROUTE,,,,,T2_REVERSE_TO_FORWARD
350.3795,-17.0910,-42.8309,0.000,NORMAL,1,ROUTE,,,,,T2_REVERSE_TO_FORWARD
350.4795,-17.1192,-42.9268,0.000,NORMAL,1,ROUTE,,,,,T2_REVERSE_TO_FORWARD
350.5795,-17.1482,-43.0225,0.000,NORMAL,1,ROUTE,,,,,T2_REVERSE_TO_FORWARD
350.6795,-17.1780,-43.1180,0.000,NORMAL,1,ROUTE,,,,,T2_REVERSE_TO_FORWARD
350.7795,-17.2085,-43.2132,0.000,NORMAL,1,ROUTE,,,,,T2_REVERSE_TO_FORWARD
350.8795,-17.2398,-43.3082,0.000,NORMAL,1,ROUTE,,,,,T2_REVERSE_TO_FORWARD
350.9795,-17.2717,-43.4030,0.000,NORMAL,1,ROUTE,,,,,T2_REVERSE_TO_FORWARD
351.0795,-17.3042,-43.4975,0.000,NORMAL,1,ROUTE,,,,,T2_REVERSE_TO_FORWARD
351.1795,-17.3373,-43.5919,0.000,NORMAL,1,ROUTE,,,,,T2_REVERSE_TO_FORWARD
351.2795,-17.3708,-43.6861,0.000,NORMAL,1,ROUTE,,,,,T2_REVERSE_TO_FORWARD
351.3795,-17.4048,-43.7801,0.000,NORMAL,1,ROUTE,,,,,T2_REVERSE_TO_FORWARD
351.4795,-17.4390,-43.8741,0.000,NORMAL,1,ROUTE,,,,,T2_REVERSE_TO_FORWARD
351.5795,-17.4735,-43.9680,0.000,NORMAL,1,ROUTE,,,,,T2_REVERSE_TO_FORWARD
351.6795,-17.5081,-44.0618,0.000,NORMAL,1,ROUTE,,,,,T2_REVERSE_TO_FORWARD
351.7794,-17.5426,-44.1556,0.000,NORMAL,1,ROUTE,,,,,T2_REVERSE_TO_FORWARD
351.8795,-17.5769,-44.2496,0.000,NORMAL,1,ROUTE,,,,,T2_REVERSE_TO_FORWARD
351.9795,-17.6110,-44.3436,0.000,NORMAL,1,ROUTE,,,,,T2_REVERSE_TO_FORWARD
352.0795,-17.6447,-44.4377,0.000,NORMAL,1,ROUTE,,,,,T2_REVERSE_TO_FORWARD
352.1795,-17.6780,-44.5320,0.000,NORMAL,1,ROUTE,,,,,T2_REVERSE_TO_FORWARD
352.2795,-17.7108,-44.6265,0.000,NORMAL,1,ROUTE,,,,,T2_REVERSE_TO_FORWARD
352.3795,-17.7432,-44.7211,0.000,NORMAL,1,ROUTE,,,,,T2_REVERSE_TO_FORWARD
352.4794,-17.7752,-44.8158,0.000,NORMAL,1,ROUTE,,,,,T2_REVERSE_TO_FORWARD
352.5794,-17.8070,-44.9106,0.000,NORMAL,1,ROUTE,,,,,T2_REVERSE_TO_FORWARD
352.6795,-17.8386,-45.0055,0.000,NORMAL,1,ROUTE,,,,,T2_REVERSE_TO_FORWARD
352.7795,-17.8702,-45.1004,0.000,NORMAL,1,ROUTE,,,,,T2_REVERSE_TO_FORWARD
352.8794,-17.9019,-45.1952,0.000,NORMAL,1,ROUTE,,,,,T2_REVERSE_TO_FORWARD
352.9794,-17.9337,-45.2900,0.000,NORMAL,1,ROUTE,,,,,T2_REVERSE_TO_FORWARD
353.0795,-17.9659,-45.3847,0.000,NORMAL,1,ROUTE,,,,,T2_REVERSE_TO_FORWARD
353.1795,-17.9986,-45.4792,0.000,NORMAL,1,ROUTE,,,,,T2_REVERSE_TO_FORWARD
353.2794,-18.0318,-45.5735,0.000,NORMAL,1,ROUTE,,,,,T2_REVERSE_TO_FORWARD
353.3794,-18.0658,-45.6675,0.000,NORMAL,1,ROUTE,,,,,T2_REVERSE_TO_FORWARD
353.4794,-18.1005,-45.7613,0.000,NORMAL,1,ROUTE,,,,,T2_REVERSE_TO_FORWARD
353.5794,-18.1361,-45.8548,0.000,NORMAL,1,ROUTE,,,,,T2_REVERSE_TO_FORWARD
353.6794,-18.1726,-45.9479,0.000,NORMAL,1,ROUTE,,,,,T2_REVERSE_TO_FORWARD
353.7794,-18.2100,-46.0406,0.000,NORMAL,1,ROUTE,,,,,T2_REVERSE_TO_FORWARD
353.8794,-18.2484,-46.1329,0.000,NORMAL,1,ROUTE,,,,,T2_REVERSE_TO_FORWARD
353.9794,-18.2877,-46.2249,0.000,NORMAL,1,ROUTE,,,,,T2_REVERSE_TO_FORWARD
354.0794,-18.3278,-46.3165,0.000,NORMAL,1,ROUTE,,,,,T2_REVERSE_TO_FORWARD
354.1794,-18.3685,-46.4078,0.000,NORMAL,1,ROUTE,,,,,T2_REVERSE_TO_FORWARD
354.2794,-18.4098,-46.4989,0.000,NORMAL,1,ROUTE,,,,,T2_REVERSE_TO_FORWARD
354.3794,-18.4513,-46.5899,0.000,NORMAL,1,ROUTE,,,,,T2_REVERSE_TO_FORWARD
354.4794,-18.4929,-46.6808,0.000,NORMAL,1,ROUTE,,,,,T2_REVERSE_TO_FORWARD
354.5794,-18.5344,-46.7718,0.000,NORMAL,1,ROUTE,,,,,T2_REVERSE_TO_FORWARD
354.6794,-18.5756,-46.8629,0.000,NORMAL,1,ROUTE,,,,,T2_REVERSE_TO_FORWARD
354.7794,-18.6165,-46.9542,0.000,NORMAL,1,ROUTE,,,,,T2_REVERSE_TO_FORWARD
354.8794,-18.6568,-47.0457,0.000,NORMAL,1,ROUTE,,,,,T2_REVERSE_TO_FORWARD
354.9793,-18.6965,-47.1374,0.000,NORMAL,1,ROUTE,,,,,T2_REVERSE_TO_FORWARD
355.0793,-18.7357,-47.2294,0.000,NORMAL,1,ROUTE,,,,,T2_REVERSE_TO_FORWARD
355.1793,-18.7744,-47.3216,0.000,NORMAL,1,ROUTE,,,,,T2_REVERSE_TO_FORWARD
355.2794,-18.8125,-47.4141,0.000,NORMAL,1,ROUTE,,,,,T2_REVERSE_TO_FORWARD
355.3793,-18.8502,-47.5067,0.000,NORMAL,1,ROUTE,,,,,T2_REVERSE_TO_FORWARD
355.4794,-18.8876,-47.5995,0.000,NORMAL,1,ROUTE,,,,,T2_REVERSE_TO_FORWARD
355.5794,-18.9246,-47.6924,0.000,NORMAL,1,ROUTE,,,,,T2_REVERSE_TO_FORWARD
355.6793,-18.9614,-47.7853,0.000,NORMAL,1,ROUTE,,,,,T2_REVERSE_TO_FORWARD
355.7794,-18.9980,-47.8784,0.000,NORMAL,1,ROUTE,,,,,T2_REVERSE_TO_FORWARD
355.8793,-19.0347,-47.9714,0.000,NORMAL,1,ROUTE,,,,,T2_REVERSE_TO_FORWARD
355.9793,-19.0714,-48.0644,0.000,NORMAL,1,ROUTE,,,,,T2_REVERSE_TO_FORWARD
356.0794,-19.1083,-48.1574,0.000,NORMAL,1,ROUTE,,,,,T2_REVERSE_TO_FORWARD
356.1793,-19.1455,-48.2502,0.000,NORMAL,1,ROUTE,,,,,T2_REVERSE_TO_FORWARD
356.2793,-19.1830,-48.3429,0.000,NORMAL,1,ROUTE,,,,,T2_REVERSE_TO_FORWARD
356.3793,-19.2209,-48.4354,0.000,NORMAL,1,ROUTE,,,,,T2_REVERSE_TO_FORWARD
356.4793,-19.2592,-48.5278,0.000,NORMAL,1,ROUTE,,,,,T2_REVERSE_TO_FORWARD
356.5794,-19.2980,-48.6200,0.000,NORMAL,1,ROUTE,,,,,T2_REVERSE_TO_FORWARD
356.6793,-19.3371,-48.7120,0.000,NORMAL,1,ROUTE,,,,,T2_REVERSE_TO_FORWARD
356.7793,-19.3767,-48.8038,0.000,NORMAL,1,ROUTE,,,,,T2_REVERSE_TO_FORWARD
356.8793,-19.4167,-48.8955,0.000,NORMAL,1,ROUTE,,,,,T2_REVERSE_TO_FORWARD
356.9793,-19.4570,-48.9870,0.000,NORMAL,1,ROUTE,,,,,T2_REVERSE_TO_FORWARD
357.0793,-19.4975,-49.0784,0.000,NORMAL,1,ROUTE,,,,,T2_REVERSE_TO_FORWARD
357.1793,-19.5383,-49.1697,0.000,NORMAL,1,ROUTE,,,,,T2_REVERSE_TO_FORWARD
357.2793,-19.5792,-49.2609,0.000,NORMAL,1,ROUTE,,,,,T2_REVERSE_TO_FORWARD
357.3793,-19.6202,-49.3522,0.000,NORMAL,1,ROUTE,,,,,T2_REVERSE_TO_FORWARD
357.4793,-19.6612,-49.4434,0.000,NORMAL,1,ROUTE,,,,,T2_REVERSE_TO_FORWARD
357.5792,-19.7020,-49.5346,0.000,NORMAL,1,ROUTE,,,,,T2_REVERSE_TO_FORWARD
357.6793,-19.7428,-49.6260,0.000,NORMAL,1,ROUTE,,,,,T2_REVERSE_TO_FORWARD
357.7793,-19.7832,-49.7174,0.000,NORMAL,1,ROUTE,,,,,T2_REVERSE_TO_FORWARD
357.8793,-19.8235,-49.8090,0.000,NORMAL,1,ROUTE,,,,,T2_REVERSE_TO_FORWARD
357.9793,-19.8633,-49.9007,0.000,NORMAL,1,ROUTE,,,,,T2_REVERSE_TO_FORWARD
358.0793,-19.9029,-49.9925,0.000,NORMAL,1,ROUTE,,,,,T2_REVERSE_TO_FORWARD
358.1792,-19.9420,-50.0845,0.000,NORMAL,1,ROUTE,,,,,T2_REVERSE_TO_FORWARD
358.2792,-19.9807,-50.1767,0.000,NORMAL,1,ROUTE,,,,,T2_REVERSE_TO_FORWARD
358.3793,-20.0191,-50.2691,0.000,NORMAL,1,ROUTE,,,,,T2_REVERSE_TO_FORWARD
358.4793,-20.0570,-50.3616,0.000,NORMAL,1,ROUTE,,,,,T2_REVERSE_TO_FORWARD
358.5792,-20.0944,-50.4543,0.000,NORMAL,1,ROUTE,,,,,T2_REVERSE_TO_FORWARD
358.6793,-20.1315,-50.5472,0.000,NORMAL,1,ROUTE,,,,,T2_REVERSE_TO_FORWARD
358.7792,-20.1682,-50.6402,0.000,NORMAL,1,ROUTE,,,,,T2_REVERSE_TO_FORWARD
358.8793,-20.2046,-50.7334,0.000,NORMAL,1,ROUTE,,,,,T2_REVERSE_TO_FORWARD
358.9792,-20.2406,-50.8266,0.000,NORMAL,1,ROUTE,,,,,T2_REVERSE_TO_FORWARD
359.0792,-20.2764,-50.9200,0.000,NORMAL,1,ROUTE,,,,,T2_REVERSE_TO_FORWARD
359.1793,-20.3120,-51.0135,0.000,NORMAL,1,ROUTE,,,,,T2_REVERSE_TO_FORWARD
359.2792,-20.3475,-51.1069,0.000,NORMAL,1,ROUTE,,,,,T2_REVERSE_TO_FORWARD
359.3792,-20.3829,-51.2004,0.000,NORMAL,1,ROUTE,,,,,T2_REVERSE_TO_FORWARD
359.4793,-20.4184,-51.2940,0.000,NORMAL,1,ROUTE,,,,,T2_REVERSE_TO_FORWARD
359.5792,-20.4539,-51.3874,0.000,NORMAL,1,ROUTE,,,,,T2_REVERSE_TO_FORWARD
359.6792,-20.4895,-51.4809,0.000,NORMAL,1,ROUTE,,,,,T2_REVERSE_TO_FORWARD
359.7792,-20.5252,-51.5743,0.000,NORMAL,1,ROUTE,,,,,T2_REVERSE_TO_FORWARD
359.8792,-20.5612,-51.6676,0.000,NORMAL,1,ROUTE,,,,,T2_REVERSE_TO_FORWARD
359.9792,-20.5974,-51.7608,0.000,NORMAL,1,ROUTE,,,,,T2_REVERSE_TO_FORWARD
360.0792,-20.6339,-51.8539,0.000,NORMAL,1,ROUTE,,,,,T2_REVERSE_TO_FORWARD
360.1792,-20.6707,-51.9469,0.000,NORMAL,1,ROUTE,,,,,T2_REVERSE_TO_FORWARD
360.2792,-20.7077,-52.0398,0.000,NORMAL,1,ROUTE,,,,,T2_REVERSE_TO_FORWARD
360.3792,-20.7450,-52.1326,0.000,NORMAL,1,ROUTE,,,,,T2_REVERSE_TO_FORWARD
360.4792,-20.7825,-52.2252,0.000,NORMAL,1,ROUTE,,,,,T2_REVERSE_TO_FORWARD
360.5791,-20.8202,-52.3178,0.000,NORMAL,1,ROUTE,,,,,T2_REVERSE_TO_FORWARD
360.6792,-20.8582,-52.4104,0.000,NORMAL,1,ROUTE,,,,,T2_REVERSE_TO_FORWARD
360.7792,-20.8963,-52.5028,0.000,NORMAL,1,ROUTE,,,,,T2_REVERSE_TO_FORWARD
360.8792,-20.9346,-52.5952,0.000,NORMAL,1,ROUTE,,,,,T2_REVERSE_TO_FORWARD
360.9792,-20.9731,-52.6875,0.000,NORMAL,1,ROUTE,,,,,T2_REVERSE_TO_FORWARD
361.0792,-21.0118,-52.7797,0.000,NORMAL,1,ROUTE,,,,,T2_REVERSE_TO_FORWARD
361.1792,-21.0507,-52.8718,0.000,NORMAL,1,ROUTE,,,,,T2_REVERSE_TO_FORWARD
361.2792,-21.0899,-52.9638,0.000,NORMAL,1,ROUTE,,,,,T2_REVERSE_TO_FORWARD
361.3792,-21.1293,-53.0557,0.000,NORMAL,1,ROUTE,,,,,T2_REVERSE_TO_FORWARD
361.4791,-21.1691,-53.1474,0.000,NORMAL,1,ROUTE,,,,,T2_REVERSE_TO_FORWARD
361.5792,-21.2091,-53.2391,0.000,NORMAL,1,ROUTE,,,,,T2_REVERSE_TO_FORWARD
361.6792,-21.2495,-53.3306,0.000,NORMAL,1,ROUTE,,,,,T2_REVERSE_TO_FORWARD
361.7792,-21.2902,-53.4219,0.000,NORMAL,1,ROUTE,,,,,T2_REVERSE_TO_FORWARD
361.8792,-21.3312,-53.5131,0.000,NORMAL,1,ROUTE,,,,,T2_REVERSE_TO_FORWARD
361.9792,-21.3725,-53.6042,0.000,NORMAL,1,ROUTE,,,,,T2_REVERSE_TO_FORWARD
362.0791,-21.4141,-53.6951,0.000,NORMAL,1,ROUTE,,,,,T2_REVERSE_TO_FORWARD
362.1791,-21.4560,-53.7859,0.000,NORMAL,1,ROUTE,,,,,T2_REVERSE_TO_FORWARD
362.2791,-21.4981,-53.8766,0.000,NORMAL,1,ROUTE,,,,,T2_REVERSE_TO_FORWARD
362.3791,-21.5404,-53.9672,0.000,NORMAL,1,ROUTE,,,,,T2_REVERSE_TO_FORWARD
362.4791,-21.5829,-54.0577,0.000,NORMAL,1,ROUTE,,,,,T2_REVERSE_TO_FORWARD
362.5791,-21.6255,-54.1482,0.000,NORMAL,1,ROUTE,,,,,T2_REVERSE_TO_FORWARD
362.6791,-21.6684,-54.2385,0.000,NORMAL,1,ROUTE,,,,,T2_REVERSE_TO_FORWARD
362.7791,-21.7115,-54.3287,0.000,NORMAL,1,ROUTE,,,,,T2_REVERSE_TO_FORWARD
362.8792,-21.7549,-54.4189,0.000,NORMAL,1,ROUTE,,,,,T2_REVERSE_TO_FORWARD
362.9791,-21.7984,-54.5089,0.000,NORMAL,1,ROUTE,,,,,T2_REVERSE_TO_FORWARD
363.0791,-21.8420,-54.5988,0.000,NORMAL,1,ROUTE,,,,,T2_REVERSE_TO_FORWARD
363.1791,-21.8859,-54.6887,0.000,NORMAL,1,ROUTE,,,,,T2_REVERSE_TO_FORWARD
363.2791,-21.9298,-54.7785,0.000,NORMAL,1,ROUTE,,,,,T2_REVERSE_TO_FORWARD
363.3791,-21.9738,-54.8683,0.000,NORMAL,1,ROUTE,,,,,T2_REVERSE_TO_FORWARD
363.4791,-22.0178,-54.9582,0.000,NORMAL,1,ROUTE,,,,,T2_REVERSE_TO_FORWARD
363.5791,-22.0616,-55.0481,0.000,NORMAL,1,ROUTE,,,,,T2_REVERSE_TO_FORWARD
363.6791,-22.1051,-55.1381,0.000,NORMAL,1,ROUTE,,,,,T2_REVERSE_TO_FORWARD
363.7791,-22.1484,-55.2282,0.000,NORMAL,1,ROUTE,,,,,T2_REVERSE_TO_FORWARD
363.8791,-22.1912,-55.3186,0.000,NORMAL,1,ROUTE,,,,,T2_REVERSE_TO_FORWARD
363.9791,-22.2336,-55.4092,0.000,NORMAL,1,ROUTE,,,,,T2_REVERSE_TO_FORWARD
364.0791,-22.2756,-55.4999,0.000,NORMAL,1,ROUTE,,,,,T2_REVERSE_TO_FORWARD
364.1791,-22.3173,-55.5908,0.000,NORMAL,1,ROUTE,,,,,T2_REVERSE_TO_FORWARD
364.2791,-22.3588,-55.6818,0.000,NORMAL,1,ROUTE,,,,,T2_REVERSE_TO_FORWARD
364.3791,-22.4002,-55.7728,0.000,NORMAL,1,ROUTE,,,,,T2_REVERSE_TO_FORWARD
364.4790,-22.4416,-55.8638,0.000,NORMAL,1,ROUTE,,,,,T2_REVERSE_TO_FORWARD
364.5790,-22.4830,-55.9548,0.000,NORMAL,1,ROUTE,,,,,T2_REVERSE_TO_FORWARD
364.6791,-22.5248,-56.0457,0.000,NORMAL,1,ROUTE,,,,,T2_REVERSE_TO_FORWARD
364.7790,-22.5668,-56.1364,0.000,NORMAL,1,ROUTE,,,,,T2_REVERSE_TO_FORWARD
364.8791,-22.6093,-56.2270,0.000,NORMAL,1,ROUTE,,,,,T2_REVERSE_TO_FORWARD
364.9790,-22.6521,-56.3173,0.000,NORMAL,1,ROUTE,,,,,T2_REVERSE_TO_FORWARD
365.0790,-22.6954,-56.4074,0.000,NORMAL,1,ROUTE,,,,,T2_REVERSE_TO_FORWARD
365.1791,-22.7392,-56.4974,0.000,NORMAL,1,ROUTE,,,,,T2_REVERSE_TO_FORWARD
365.2790,-22.7833,-56.5871,0.000,NORMAL,1,ROUTE,,,,,T2_REVERSE_TO_FORWARD
365.3790,-22.8279,-56.6766,0.000,NORMAL,1,ROUTE,,,,,T2_REVERSE_TO_FORWARD
365.4790,-22.8728,-56.7659,0.000,NORMAL,1,ROUTE,,,,,T2_REVERSE_TO_FORWARD
365.5790,-22.9181,-56.8551,0.000,NORMAL,1,ROUTE,,,,,T2_REVERSE_TO_FORWARD
365.6790,-22.9637,-56.9441,0.000,NORMAL,1,ROUTE,,,,,T2_REVERSE_TO_FORWARD
365.7791,-23.0096,-57.0330,0.000,NORMAL,1,ROUTE,,,,,T2_REVERSE_TO_FORWARD
365.8790,-23.0556,-57.1217,0.000,NORMAL,1,ROUTE,,,,,T2_REVERSE_TO_FORWARD
365.9790,-23.1018,-57.2104,0.000,NORMAL,1,ROUTE,,,,,T2_REVERSE_TO_FORWARD
366.0790,-23.1481,-57.2990,0.000,NORMAL,1,ROUTE,,,,,T2_REVERSE_TO_FORWARD
366.1790,-23.1944,-57.3877,0.000,NORMAL,1,ROUTE,,,,,T2_REVERSE_TO_FORWARD
366.2790,-23.2406,-57.4763,0.000,NORMAL,1,ROUTE,,,,,T2_REVERSE_TO_FORWARD
366.3790,-23.2867,-57.5651,0.000,NORMAL,1,ROUTE,,,,,T2_REVERSE_TO_FORWARD
366.4790,-23.3326,-57.6539,0.000,NORMAL,1,ROUTE,,,,,T2_REVERSE_TO_FORWARD
366.5790,-23.3784,-57.7428,0.000,NORMAL,1,ROUTE,,,,,T2_REVERSE_TO_FORWARD
366.6790,-23.4240,-57.8318,0.000,NORMAL,1,ROUTE,,,,,T2_REVERSE_TO_FORWARD
366.7790,-23.4695,-57.9209,0.000,NORMAL,1,ROUTE,,,,,T2_REVERSE_TO_FORWARD
366.8790,-23.5149,-58.0100,0.000,NORMAL,1,ROUTE,,,,,T2_REVERSE_TO_FORWARD
366.9789,-23.5603,-58.0990,0.000,NORMAL,1,ROUTE,,,,,T2_REVERSE_TO_FORWARD
367.0790,-23.6059,-58.1881,0.000,NORMAL,1,ROUTE,,,,,T2_REVERSE_TO_FORWARD
367.1790,-23.6516,-58.2770,0.000,NORMAL,1,ROUTE,,,,,T2_REVERSE_TO_FORWARD
367.2790,-23.6977,-58.3657,0.000,NORMAL,1,ROUTE,,,,,T2_REVERSE_TO_FORWARD
367.3790,-23.7441,-58.4543,0.000,NORMAL,1,ROUTE,,,,,T2_REVERSE_TO_FORWARD
367.4790,-23.7911,-58.5426,0.000,NORMAL,1,ROUTE,,,,,T2_REVERSE_TO_FORWARD
367.5790,-23.8387,-58.6305,0.000,NORMAL,1,ROUTE,,,,,T2_REVERSE_TO_FORWARD
367.6789,-23.8869,-58.7181,0.000,NORMAL,1,ROUTE,,,,,T2_REVERSE_TO_FORWARD
367.7789,-23.9358,-58.8053,0.000,NORMAL,1,ROUTE,,,,,T2_REVERSE_TO_FORWARD
367.8790,-23.9854,-58.8922,0.000,NORMAL,1,ROUTE,,,,,T2_REVERSE_TO_FORWARD
367.9789,-24.0358,-58.9785,0.000,NORMAL,1,ROUTE,,,,,T2_REVERSE_TO_FORWARD
368.0790,-24.0869,-59.0645,0.000,NORMAL,1,ROUTE,,,,,T2_REVERSE_TO_FORWARD
368.1790,-24.1388,-59.1500,0.000,NORMAL,1,ROUTE,,,,,T2_REVERSE_TO_FORWARD
368.2789,-24.1914,-59.2350,0.000,NORMAL,1,ROUTE,,,,,T2_REVERSE_TO_FORWARD
368.3789,-24.2447,-59.3196,0.000,NORMAL,1,ROUTE,,,,,T2_REVERSE_TO_FORWARD
368.4789,-24.2987,-59.4038,0.000,NORMAL,1,ROUTE,,,,,T2_REVERSE_TO_FORWARD
368.5789,-24.3532,-59.4876,0.000,NORMAL,1,ROUTE,,,,,T2_REVERSE_TO_FORWARD
368.6789,-24.4084,-59.5710,0.000,NORMAL,1,ROUTE,,,,,T2_REVERSE_TO_FORWARD
368.7789,-24.4639,-59.6542,0.000,NORMAL,1,ROUTE,,,,,T2_REVERSE_TO_FORWARD
368.8789,-24.5199,-59.7370,0.000,NORMAL,1,ROUTE,,,,,T2_REVERSE_TO_FORWARD
368.9789,-24.5762,-59.8197,0.000,NORMAL,1,ROUTE,,,,,T2_REVERSE_TO_FORWARD
369.0789,-24.6328,-59.9021,0.000,NORMAL,1,ROUTE,,,,,T2_REVERSE_TO_FORWARD
369.1790,-24.6897,-59.9844,0.000,NORMAL,1,ROUTE,,,,,T2_REVERSE_TO_FORWARD
369.2789,-24.7468,-60.0664,0.000,NORMAL,1,ROUTE,,,,,T2_REVERSE_TO_FORWARD
369.3789,-24.8042,-60.1483,0.000,NORMAL,1,ROUTE,,,,,T2_REVERSE_TO_FORWARD
369.4789,-24.8619,-60.2300,0.000,NORMAL,1,ROUTE,,,,,T2_REVERSE_TO_FORWARD
369.5789,-24.9201,-60.3113,0.000,NORMAL,1,ROUTE,,,,,T2_REVERSE_TO_FORWARD
369.6789,-24.9787,-60.3923,0.000,NORMAL,1,ROUTE,,,,,T2_REVERSE_TO_FORWARD
369.7789,-25.0379,-60.4729,0.000,NORMAL,1,ROUTE,,,,,T2_REVERSE_TO_FORWARD
369.8789,-25.0977,-60.5531,0.000,NORMAL,1,ROUTE,,,,,T2_REVERSE_TO_FORWARD
369.9789,-25.1583,-60.6326,0.000,NORMAL,1,ROUTE,,,,,T2_REVERSE_TO_FORWARD
370.0789,-25.2197,-60.7115,0.000,NORMAL,1,ROUTE,,,,,T2_REVERSE_TO_FORWARD
370.1789,-25.2820,-60.7898,0.000,NORMAL,1,ROUTE,,,,,T2_REVERSE_TO_FORWARD
370.2788,-25.3452,-60.8672,0.000,NORMAL,1,ROUTE,,,,,T2_REVERSE_TO_FORWARD
370.3789,-25.4094,-60.9439,0.000,NORMAL,1,ROUTE,,,,,T2_REVERSE_TO_FORWARD
370.4789,-25.4747,-61.0197,0.000,NORMAL,1,ROUTE,,,,,T2_REVERSE_TO_FORWARD
370.5789,-25.5410,-61.0945,0.000,NORMAL,1,ROUTE,,,,,T2_REVERSE_TO_FORWARD
370.6789,-25.6085,-61.1683,0.000,NORMAL,1,ROUTE,,,,,T2_REVERSE_TO_FORWARD
370.7788,-25.6772,-61.2409,0.000,NORMAL,1,ROUTE,,,,,T2_REVERSE_TO_FORWARD
370.8788,-25.7472,-61.3123,0.000,NORMAL,1,ROUTE,,,,,T2_REVERSE_TO_FORWARD
370.9789,-25.8186,-61.3824,0.000,NORMAL,1,ROUTE,,,,,T2_REVERSE_TO_FORWARD
371.0788,-25.8913,-61.4510,0.000,NORMAL,1,ROUTE,,,,,T2_REVERSE_TO_FORWARD
371.1788,-25.9653,-61.5182,0.000,NORMAL,1,ROUTE,,,,,T2_REVERSE_TO_FORWARD
371.2788,-26.0407,-61.5839,0.000,NORMAL,1,ROUTE,,,,,T2_REVERSE_TO_FORWARD
371.3788,-26.1174,-61.6481,0.000,NORMAL,1,ROUTE,,,,,T2_REVERSE_TO_FORWARD
371.4788,-26.1954,-61.7107,0.000,NORMAL,1,ROUTE,,,,,T2_REVERSE_TO_FORWARD
371.5788,-26.2746,-61.7717,0.000,NORMAL,1,ROUTE,,,,,T2_REVERSE_TO_FORWARD
371.6788,-26.3551,-61.8310,0.000,NORMAL,1,ROUTE,,,,,T2_REVERSE_TO_FORWARD
371.7788,-26.4369,-61.8886,0.000,NORMAL,1,ROUTE,,,,,T2_REVERSE_TO_FORWARD
371.8788,-26.5198,-61.9444,0.000,NORMAL,1,ROUTE,,,,,T2_REVERSE_TO_FORWARD
371.9789,-26.6040,-61.9985,0.000,NORMAL,1,ROUTE,,,,,T2_REVERSE_TO_FORWARD
372.0788,-26.6892,-62.0507,0.000,NORMAL,1,ROUTE,,,,,T2_REVERSE_TO_FORWARD
372.1788,-26.7755,-62.1013,0.000,NORMAL,1,ROUTE,,,,,T2_REVERSE_TO_FORWARD
372.2788,-26.8628,-62.1500,0.000,NORMAL,1,ROUTE,,,,,T2_REVERSE_TO_FORWARD
372.3788,-26.9510,-62.1971,0.000,NORMAL,1,ROUTE,,,,,T2_REVERSE_TO_FORWARD
372.4788,-27.0402,-62.2424,0.000,NORMAL,1,ROUTE,,,,,T2_REVERSE_TO_FORWARD
372.5788,-27.1302,-62.2859,0.000,NORMAL,1,ROUTE,,,,,T2_REVERSE_TO_FORWARD
372.6787,-27.2210,-62.3277,0.000,NORMAL,1,ROUTE,,,,,T2_REVERSE_TO_FORWARD
372.7787,-27.3127,-62.3676,0.000,NORMAL,1,ROUTE,,,,,T2_REVERSE_TO_FORWARD
372.8787,-27.4051,-62.4058,0.000,NORMAL,1,ROUTE,,,,,T2_REVERSE_TO_FORWARD
372.9788,-27.4983,-62.4422,0.000,NORMAL,1,ROUTE,,,,,T2_REVERSE_TO_FORWARD
373.0787,-27.5921,-62.4767,0.000,NORMAL,1,ROUTE,,,,,T2_REVERSE_TO_FORWARD
373.1787,-27.6866,-62.5093,0.000,NORMAL,1,ROUTE,,,,,T2_REVERSE_TO_FORWARD
373.2787,-27.7818,-62.5400,0.000,NORMAL,1,ROUTE,,,,,T2_REVERSE_TO_FORWARD
373.3787,-27.8776,-62.5686,0.000,NORMAL,1,ROUTE,,,,,T2_REVERSE_TO_FORWARD
373.4787,-27.9740,-62.5952,0.000,NORMAL,1,ROUTE,,,,,T2_REVERSE_TO_FORWARD
373.5787,-28.0710,-62.6197,0.000,NORMAL,1,ROUTE,,,,,T2_REVERSE_TO_FORWARD
373.6787,-28.1684,-62.6421,0.000,NORMAL,1,ROUTE,,,,,T2_REVERSE_TO_FORWARD
373.7787,-28.2663,-62.6626,0.000,NORMAL,1,ROUTE,,,,,T2_REVERSE_TO_FORWARD
373.8787,-28.3645,-62.6814,0.000,NORMAL,1,ROUTE,,,,,T2_REVERSE_TO_FORWARD
373.9787,-28.4630,-62.6986,0.000,NORMAL,1,ROUTE,,,,,T2_REVERSE_TO_FORWARD
374.0787,-28.5618,-62.7143,0.000,NORMAL,1,ROUTE,,,,,T2_REVERSE_TO_FORWARD
374.1786,-28.6607,-62.7286,0.000,NORMAL,1,ROUTE,,,,,T2_REVERSE_TO_FORWARD
374.2787,-28.7599,-62.7418,0.000,NORMAL,1,ROUTE,,,,,T2_REVERSE_TO_FORWARD
374.3787,-28.8591,-62.7539,0.000,NORMAL,1,ROUTE,,,,,T2_REVERSE_TO_FORWARD
374.4787,-28.9585,-62.7649,0.000,NORMAL,1,ROUTE,,,,,T2_REVERSE_TO_FORWARD
374.5787,-29.0580,-62.7751,0.000,NORMAL,1,ROUTE,,,,,T2_REVERSE_TO_FORWARD
374.6787,-29.1576,-62.7843,0.000,NORMAL,1,ROUTE,,,,,T2_REVERSE_TO_FORWARD
374.7787,-29.2572,-62.7927,0.000,NORMAL,1,ROUTE,,,,,T2_REVERSE_TO_FORWARD
374.8787,-29.3569,-62.8003,0.000,NORMAL,1,ROUTE,,,,,T2_REVERSE_TO_FORWARD
374.9787,-29.4567,-62.8070,0.000,NORMAL,1,ROUTE,,,,,T2_REVERSE_TO_FORWARD
375.0786,-29.5565,-62.8128,0.000,NORMAL,1,ROUTE,,,,,T2_REVERSE_TO_FORWARD
375.1787,-29.6564,-62.8176,0.000,NORMAL,1,ROUTE,,,,,T2_REVERSE_TO_FORWARD
375.2786,-29.7563,-62.8214,0.000,NORMAL,1,ROUTE,,,,,T2_REVERSE_TO_FORWARD
375.3787,-29.8563,-62.8240,0.000,NORMAL,1,ROUTE,,,,,T2_REVERSE_TO_FORWARD
375.4787,-29.9563,-62.8254,0.000,NORMAL,1,ROUTE,,,,,T2_REVERSE_TO_FORWARD
375.5787,-30.0563,-62.8255,0.000,NORMAL,1,ROUTE,,,,,T2_REVERSE_TO_FORWARD
375.6787,-30.1563,-62.8242,0.000,NORMAL,1,ROUTE,,,,,T2_REVERSE_TO_FORWARD
375.7786,-30.2562,-62.8215,0.000,NORMAL,1,ROUTE,,,,,T2_REVERSE_TO_FORWARD
375.8786,-30.3561,-62.8171,0.000,NORMAL,1,ROUTE,,,,,T2_REVERSE_TO_FORWARD
375.9786,-30.4559,-62.8111,0.000,NORMAL,1,ROUTE,,,,,T2_REVERSE_TO_FORWARD
376.0786,-30.5556,-62.8033,0.000,NORMAL,1,ROUTE,,,,,T2_REVERSE_TO_FORWARD
376.1787,-30.6552,-62.7937,0.000,NORMAL,1,ROUTE,,,,,T2_REVERSE_TO_FORWARD
376.2786,-30.7545,-62.7824,0.000,NORMAL,1,ROUTE,,,,,T2_REVERSE_TO_FORWARD
376.3786,-30.8536,-62.7693,0.000,NORMAL,1,ROUTE,,,,,T2_REVERSE_TO_FORWARD
376.4787,-30.9526,-62.7546,0.000,NORMAL,1,ROUTE,,,,,T2_REVERSE_TO_FORWARD
376.5786,-31.0512,-62.7385,0.000,NORMAL,1,ROUTE,,,,,T2_REVERSE_TO_FORWARD
376.6786,-31.1497,-62.7211,0.000,NORMAL,1,ROUTE,,,,,T2_REVERSE_TO_FORWARD
376.7785,-31.2479,-62.7024,0.000,NORMAL,1,ROUTE,,,,,T2_REVERSE_TO_FORWARD
376.8786,-31.3460,-62.6827,0.000,NORMAL,1,ROUTE,,,,,T2_REVERSE_TO_FORWARD
376.9786,-31.4438,-62.6619,0.000,NORMAL,1,ROUTE,,,,,T2_REVERSE_TO_FORWARD
377.0786,-31.5414,-62.6403,0.000,NORMAL,1,ROUTE,,,,,T2_REVERSE_TO_FORWARD
377.1786,-31.6389,-62.6178,0.000,NORMAL,1,ROUTE,,,,,T2_REVERSE_TO_FORWARD
377.2786,-31.7361,-62.5946,0.000,NORMAL,1,ROUTE,,,,,T2_REVERSE_TO_FORWARD
377.3786,-31.8332,-62.5706,0.000,NORMAL,1,ROUTE,,,,,T2_REVERSE_TO_FORWARD
377.4786,-31.9301,-62.5459,0.000,NORMAL,1,ROUTE,,,,,T2_REVERSE_TO_FORWARD
377.5785,-32.0268,-62.5206,0.000,NORMAL,1,ROUTE,,,,,T2_REVERSE_TO_FORWARD
377.6786,-32.1234,-62.4945,0.000,NORMAL,1,ROUTE,,,,,T2_REVERSE_TO_FORWARD
377.7785,-32.2197,-62.4678,0.000,NORMAL,1,ROUTE,,,,,T2_REVERSE_TO_FORWARD
377.8785,-32.3159,-62.4404,0.000,NORMAL,1,ROUTE,,,,,T2_REVERSE_TO_FORWARD
377.9785,-32.4119,-62.4124,0.000,NORMAL,1,ROUTE,,,,,T2_REVERSE_TO_FORWARD
378.0785,-32.5077,-62.3838,0.000,NORMAL,1,ROUTE,,,,,T2_REVERSE_TO_FORWARD
378.1786,-32.6034,-62.3546,0.000,NORMAL,1,ROUTE,,,,,T2_REVERSE_TO_FORWARD
378.2786,-32.6989,-62.3250,0.000,NORMAL,1,ROUTE,,,,,T2_REVERSE_TO_FORWARD
378.3786,-32.7943,-62.2950,0.000,NORMAL,1,ROUTE,,,,,T2_REVERSE_TO_FORWARD
378.4785,-32.8895,-62.2646,0.000,NORMAL,1,ROUTE,,,,,T2_REVERSE_TO_FORWARD
378.5786,-32.9847,-62.2338,0.000,NORMAL,1,ROUTE,,,,,T2_REVERSE_TO_FORWARD
378.6785,-33.0797,-62.2028,0.000,NORMAL,1,ROUTE,,,,,T2_REVERSE_TO_FORWARD
378.7785,-33.1747,-62.1715,0.000,NORMAL,1,ROUTE,,,,,T2_REVERSE_TO_FORWARD
378.8785,-33.2696,-62.1399,0.000,NORMAL,1,ROUTE,,,,,T2_REVERSE_TO_FORWARD
378.9785,-33.3644,-62.1083,0.000,NORMAL,1,ROUTE,,,,,T2_REVERSE_TO_FORWARD
379.0785,-33.4592,-62.0764,0.000,NORMAL,1,ROUTE,,,,,T2_REVERSE_TO_FORWARD
379.1785,-33.5540,-62.0444,0.000,NORMAL,1,ROUTE,,,,,T2_REVERSE_TO_FORWARD
379.2785,-33.6487,-62.0123,0.000,NORMAL,1,ROUTE,,,,,T2_REVERSE_TO_FORWARD
379.3785,-33.7433,-61.9800,0.000,NORMAL,1,ROUTE,,,,,T2_REVERSE_TO_FORWARD
379.4785,-33.8379,-61.9477,0.000,NORMAL,1,ROUTE,,,,,T2_REVERSE_TO_FORWARD
379.5785,-33.9325,-61.9151,0.000,NORMAL,1,ROUTE,,,,,T2_REVERSE_TO_FORWARD
379.6785,-34.0270,-61.8824,0.000,NORMAL,1,ROUTE,,,,,T2_REVERSE_TO_FORWARD
379.7785,-34.1214,-61.8494,0.000,NORMAL,1,ROUTE,,,,,T2_REVERSE_TO_FORWARD
379.8785,-34.2157,-61.8162,0.000,NORMAL,1,ROUTE,,,,,T2_REVERSE_TO_FORWARD
379.9785,-34.3099,-61.7827,0.000,NORMAL,1,ROUTE,,,,,T2_REVERSE_TO_FORWARD
380.0785,-34.4040,-61.7488,0.000,NORMAL,1,ROUTE,,,,,T2_REVERSE_TO_FORWARD
380.1785,-34.4979,-61.7144,0.000,NORMAL,1,ROUTE,,,,,T2_REVERSE_TO_FORWARD
380.2785,-34.5916,-61.6796,0.000,NORMAL,1,ROUTE,,,,,T2_REVERSE_TO_FORWARD
380.3785,-34.6852,-61.6442,0.000,NORMAL,1,ROUTE,,,,,T2_REVERSE_TO_FORWARD
380.4784,-34.7784,-61.6082,0.000,NORMAL,1,ROUTE,,,,,T2_REVERSE_TO_FORWARD
380.5784,-34.8714,-61.5715,0.000,NORMAL,1,ROUTE,,,,,T2_REVERSE_TO_FORWARD
380.6784,-34.9641,-61.5339,0.000,NORMAL,1,ROUTE,,,,,T2_REVERSE_TO_FORWARD
380.7785,-35.0565,-61.4956,0.000,NORMAL,1,ROUTE,,,,,T2_REVERSE_TO_FORWARD
380.8784,-35.1485,-61.4565,0.000,NORMAL,1,ROUTE,,,,,T2_REVERSE_TO_FORWARD
380.9785,-35.2402,-61.4165,0.000,NORMAL,1,ROUTE,,,,,T2_REVERSE_TO_FORWARD
381.0784,-35.3315,-61.3758,0.000,NORMAL,1,ROUTE,,,,,T2_REVERSE_TO_FORWARD
381.1784,-35.4224,-61.3342,0.000,NORMAL,1,ROUTE,,,,,T2_REVERSE_TO_FORWARD
381.2784,-35.5131,-61.2920,0.000,NORMAL,1,ROUTE,,,,,T2_REVERSE_TO_FORWARD
381.3784,-35.6034,-61.2491,0.000,NORMAL,1,ROUTE,,,,,T2_REVERSE_TO_FORWARD
381.4784,-35.6936,-61.2059,0.000,NORMAL,1,ROUTE,,,,,T2_REVERSE_TO_FORWARD
381.5784,-35.7836,-61.1623,0.000,NORMAL,1,ROUTE,,,,,T2_REVERSE_TO_FORWARD
381.6784,-35.8735,-61.1186,0.000,NORMAL,1,ROUTE,,,,,T2_REVERSE_TO_FORWARD
381.7784,-35.9635,-61.0750,0.000,NORMAL,1,ROUTE,,,,,T2_REVERSE_TO_FORWARD
381.8784,-36.0536,-61.0315,0.000,NORMAL,1,ROUTE,,,,,T2_REVERSE_TO_FORWARD
381.9784,-36.1438,-60.9885,0.000,NORMAL,1,ROUTE,,,,,T2_REVERSE_TO_FORWARD
382.0784,-36.2344,-60.9460,0.000,NORMAL,1,ROUTE,,,,,T2_REVERSE_TO_FORWARD
382.1784,-36.3252,-60.9042,0.000,NORMAL,1,ROUTE,,,,,T2_REVERSE_TO_FORWARD
382.2784,-36.4164,-60.8633,0.000,NORMAL,1,ROUTE,,,,,T2_REVERSE_TO_FORWARD
382.3784,-36.5081,-60.8234,0.000,NORMAL,1,ROUTE,,,,,T2_REVERSE_TO_FORWARD
382.4784,-36.6003,-60.7845,0.000,NORMAL,1,ROUTE,,,,,T2_REVERSE_TO_FORWARD
382.5784,-36.6929,-60.7468,0.000,NORMAL,1,ROUTE,,,,,T2_REVERSE_TO_FORWARD
382.6784,-36.7860,-60.7103,0.000,NORMAL,1,ROUTE,,,,,T2_REVERSE_TO_FORWARD
382.7783,-36.8794,-60.6748,0.000,NORMAL,1,ROUTE,,,,,T2_REVERSE_TO_FORWARD
382.8784,-36.9733,-60.6402,0.000,NORMAL,1,ROUTE,,,,,T2_REVERSE_TO_FORWARD
382.9784,-37.0674,-60.6064,0.000,NORMAL,1,ROUTE,,,,,T2_REVERSE_TO_FORWARD
383.0784,-37.1617,-60.5731,0.000,NORMAL,1,ROUTE,,,,,T2_REVERSE_TO_FORWARD
383.1784,-37.2561,-60.5402,0.000,NORMAL,1,ROUTE,,,,,T2_REVERSE_TO_FORWARD
383.2784,-37.3506,-60.5074,0.000,NORMAL,1,ROUTE,,,,,T2_REVERSE_TO_FORWARD
383.3784,-37.4451,-60.4747,0.000,NORMAL,1,ROUTE,,,,,T2_REVERSE_TO_FORWARD
383.4784,-37.5395,-60.4417,0.000,NORMAL,1,ROUTE,,,,,T2_REVERSE_TO_FORWARD
383.5783,-37.6337,-60.4083,0.000,NORMAL,1,ROUTE,,,,,T2_REVERSE_TO_FORWARD
383.6784,-37.7278,-60.3744,0.000,NORMAL,1,ROUTE,,,,,T2_REVERSE_TO_FORWARD
383.7784,-37.8217,-60.3399,0.000,NORMAL,1,ROUTE,,,,,T2_REVERSE_TO_FORWARD
383.8784,-37.9153,-60.3048,0.000,NORMAL,1,ROUTE,,,,,T2_REVERSE_TO_FORWARD
383.9784,-38.0087,-60.2690,0.000,NORMAL,1,ROUTE,,,,,T2_REVERSE_TO_FORWARD
384.0783,-38.1018,-60.2327,0.000,NORMAL,1,ROUTE,,,,,T2_REVERSE_TO_FORWARD
384.1784,-38.1948,-60.1958,0.000,NORMAL,1,ROUTE,,,,,T2_REVERSE_TO_FORWARD
384.2783,-38.2875,-60.1585,0.000,NORMAL,1,ROUTE,,,,,T2_REVERSE_TO_FORWARD
384.3783,-38.3801,-60.1207,0.000,NORMAL,1,ROUTE,,,,,T2_REVERSE_TO_FORWARD
384.4783,-38.4725,-60.0824,0.000,NORMAL,1,ROUTE,,,,,T2_REVERSE_TO_FORWARD
384.5783,-38.5647,-60.0437,0.000,NORMAL,1,ROUTE,,,,,T2_REVERSE_TO_FORWARD
384.6783,-38.6567,-60.0046,0.000,NORMAL,1,ROUTE,,,,,T2_REVERSE_TO_FORWARD
384.7784,-38.7486,-59.9650,0.000,NORMAL,1,ROUTE,,,,,T2_REVERSE_TO_FORWARD
384.8784,-38.8402,-59.9249,0.000,NORMAL,1,ROUTE,,,,,T2_REVERSE_TO_FORWARD
384.9783,-38.9315,-59.8842,0.000,NORMAL,1,ROUTE,,,,,T2_REVERSE_TO_FORWARD
385.0783,-39.0226,-59.8429,0.000,NORMAL,1,ROUTE,,,,,T2_REVERSE_TO_FORWARD
385.1783,-39.1133,-59.8009,0.000,NORMAL,1,ROUTE,,,,,T2_REVERSE_TO_FORWARD
385.2784,-39.2038,-59.7582,0.000,NORMAL,1,ROUTE,,,,,T2_REVERSE_TO_FORWARD
385.3783,-39.2939,-59.7149,0.000,NORMAL,1,ROUTE,,,,,T2_REVERSE_TO_FORWARD
385.4783,-39.3837,-59.6709,0.000,NORMAL,1,ROUTE,,,,,T2_REVERSE_TO_FORWARD
385.5783,-39.4732,-59.6263,0.000,NORMAL,1,ROUTE,,,,,T2_REVERSE_TO_FORWARD
385.6783,-39.5625,-59.5814,0.000,NORMAL,1,ROUTE,,,,,T2_REVERSE_TO_FORWARD
385.7783,-39.6517,-59.5362,0.000,NORMAL,1,ROUTE,,,,,T2_REVERSE_TO_FORWARD
385.8783,-39.7409,-59.4910,0.000,NORMAL,1,ROUTE,,,,,T2_REVERSE_TO_FORWARD
385.9783,-39.8302,-59.4459,0.000,NORMAL,1,ROUTE,,,,,T2_REVERSE_TO_FORWARD
386.0783,-39.9195,-59.4010,0.000,NORMAL,1,ROUTE,,,,,T2_REVERSE_TO_FORWARD
386.1783,-40.0090,-59.3564,0.000,NORMAL,1,ROUTE,,,,,T2_REVERSE_TO_FORWARD
386.2782,-40.0987,-59.3123,0.000,NORMAL,1,ROUTE,,,,,T2_REVERSE_TO_FORWARD
386.3783,-40.1887,-59.2686,0.000,NORMAL,1,ROUTE,,,,,T2_REVERSE_TO_FORWARD
386.4783,-40.2789,-59.2254,0.000,NORMAL,1,ROUTE,,,,,T2_REVERSE_TO_FORWARD
386.5783,-40.3693,-59.1827,0.000,NORMAL,1,ROUTE,,,,,T2_REVERSE_TO_FORWARD
386.6782,-40.4600,-59.1406,0.000,NORMAL,1,ROUTE,,,,,T2_REVERSE_TO_FORWARD
386.7783,-40.5510,-59.0990,0.000,NORMAL,1,ROUTE,,,,,T2_REVERSE_TO_FORWARD
386.8783,-40.6422,-59.0580,0.000,NORMAL,1,ROUTE,,,,,T2_REVERSE_TO_FORWARD
386.9782,-40.7336,-59.0176,0.000,NORMAL,1,ROUTE,,,,,T2_REVERSE_TO_FORWARD
387.0783,-40.8253,-58.9776,0.000,NORMAL,1,ROUTE,,,,,T2_REVERSE_TO_FORWARD
387.1782,-40.9171,-58.9380,0.000,NORMAL,1,ROUTE,,,,,T2_REVERSE_TO_FORWARD
387.2782,-41.0091,-58.8989,0.000,NORMAL,1,ROUTE,,,,,T2_REVERSE_TO_FORWARD
387.3782,-41.1013,-58.8601,0.000,NORMAL,1,ROUTE,,,,,T2_REVERSE_TO_FORWARD
387.4783,-41.1936,-58.8216,0.000,NORMAL,1,ROUTE,,,,,T2_REVERSE_TO_FORWARD
387.5783,-41.2860,-58.7833,0.000,NORMAL,1,ROUTE,,,,,T2_REVERSE_TO_FORWARD
387.6782,-41.3784,-58.7452,0.000,NORMAL,1,ROUTE,,,,,T2_REVERSE_TO_FORWARD
387.7782,-41.4709,-58.7073,0.000,NORMAL,1,ROUTE,,,,,T2_REVERSE_TO_FORWARD
387.8782,-41.5635,-58.6694,0.000,NORMAL,1,ROUTE,,,,,T2_REVERSE_TO_FORWARD
387.9782,-41.6560,-58.6315,0.000,NORMAL,1,ROUTE,,,,,T2_REVERSE_TO_FORWARD
388.0782,-41.7485,-58.5936,0.000,NORMAL,1,ROUTE,,,,,T2_REVERSE_TO_FORWARD
388.1782,-41.8410,-58.5556,0.000,NORMAL,1,ROUTE,,,,,T2_REVERSE_TO_FORWARD
388.2782,-41.9335,-58.5174,0.000,NORMAL,1,ROUTE,,,,,T2_REVERSE_TO_FORWARD
388.3782,-42.0258,-58.4790,0.000,NORMAL,1,ROUTE,,,,,T2_REVERSE_TO_FORWARD
388.4782,-42.1180,-58.4403,0.000,NORMAL,1,ROUTE,,,,,T2_REVERSE_TO_FORWARD
388.5782,-42.2100,-58.4011,0.000,NORMAL,1,ROUTE,,,,,T2_REVERSE_TO_FORWARD
388.6781,-42.3018,-58.3616,0.000,NORMAL,1,ROUTE,,,,,T2_REVERSE_TO_FORWARD
388.7782,-42.3935,-58.3215,0.000,NORMAL,1,ROUTE,,,,,T2_REVERSE_TO_FORWARD
388.8782,-42.4848,-58.2808,0.000,NORMAL,1,ROUTE,,,,,T2_REVERSE_TO_FORWARD
388.9781,-42.5758,-58.2395,0.000,NORMAL,1,ROUTE,,,,,T2_REVERSE_TO_FORWARD
389.0782,-42.6666,-58.1974,0.000,NORMAL,1,ROUTE,,,,,T2_REVERSE_TO_FORWARD
389.1782,-42.7570,-58.1547,0.000,NORMAL,1,ROUTE,,,,,T2_REVERSE_TO_FORWARD
389.2781,-42.8470,-58.1112,0.000,NORMAL,1,ROUTE,,,,,T2_REVERSE_TO_FORWARD
389.3782,-42.9367,-58.0669,0.000,NORMAL,1,ROUTE,,,,,T2_REVERSE_TO_FORWARD
389.4781,-43.0259,-58.0218,0.000,NORMAL,1,ROUTE,,,,,T2_REVERSE_TO_FORWARD
389.5782,-43.1148,-57.9760,0.000,NORMAL,1,ROUTE,,,,,T2_REVERSE_TO_FORWARD
389.6781,-43.2032,-57.9293,0.000,NORMAL,1,ROUTE,,,,,T2_REVERSE_TO_FORWARD
389.7782,-43.2913,-57.8818,0.000,NORMAL,1,ROUTE,,,,,T2_REVERSE_TO_FORWARD
389.8782,-43.3789,-57.8336,0.000,NORMAL,1,ROUTE,,,,,T2_REVERSE_TO_FORWARD
389.9781,-43.4661,-57.7848,0.000,NORMAL,1,ROUTE,,,,,T2_REVERSE_TO_FORWARD
390.0781,-43.5530,-57.7353,0.000,NORMAL,1,ROUTE,,,,,T2_REVERSE_TO_FORWARD
390.1782,-43.6396,-57.6852,0.000,NORMAL,1,ROUTE,,,,,T2_REVERSE_TO_FORWARD
390.2782,-43.7259,-57.6347,0.000,NORMAL,1,ROUTE,,,,,T2_REVERSE_TO_FORWARD
390.3781,-43.8119,-57.5838,0.000,NORMAL,1,ROUTE,,,,,T2_REVERSE_TO_FORWARD
390.4782,-43.8978,-57.5325,0.000,NORMAL,1,ROUTE,,,,,T2_REVERSE_TO_FORWARD
390.5782,-43.9834,-57.4808,0.000,NORMAL,1,ROUTE,,,,,T2_REVERSE_TO_FORWARD
390.6781,-44.0687,-57.4288,0.000,NORMAL,1,ROUTE,,,,,T2_REVERSE_TO_FORWARD
390.7781,-44.1539,-57.3763,0.000,NORMAL,1,ROUTE,,,,,T2_REVERSE_TO_FORWARD
390.8781,-44.2387,-57.3233,0.000,NORMAL,1,ROUTE,,,,,T2_REVERSE_TO_FORWARD
390.9781,-44.3232,-57.2699,0.000,NORMAL,1,ROUTE,,,,,T2_REVERSE_TO_FORWARD
391.0781,-44.4073,-57.2158,0.000,NORMAL,1,ROUTE,,,,,T2_REVERSE_TO_FORWARD
391.1781,-44.4910,-57.1610,0.000,NORMAL,1,ROUTE,,,,,T2_REVERSE_TO_FORWARD
391.2781,-44.5741,-57.1054,0.000,NORMAL,1,ROUTE,,,,,T2_REVERSE_TO_FORWARD
391.3781,-44.6565,-57.0488,0.000,NORMAL,1,ROUTE,,,,,T2_REVERSE_TO_FORWARD
391.4781,-44.7381,-56.9910,0.000,NORMAL,1,ROUTE,,,,,T2_REVERSE_TO_FORWARD
391.5781,-44.8188,-56.9319,0.000,NORMAL,1,ROUTE,,,,,T2_REVERSE_TO_FORWARD
391.6781,-44.8983,-56.8713,0.000,NORMAL,1,ROUTE,,,,,T2_REVERSE_TO_FORWARD
391.7781,-44.9765,-56.8089,0.000,NORMAL,1,ROUTE,,,,,T2_REVERSE_TO_FORWARD
391.8781,-45.0531,-56.7447,0.000,NORMAL,1,ROUTE,,,,,T2_REVERSE_TO_FORWARD
391.9781,-45.1278,-56.6782,0.000,NORMAL,1,ROUTE,,,,,T2_REVERSE_TO_FORWARD
392.0780,-45.2004,-56.6095,0.000,NORMAL,1,ROUTE,,,,,T2_REVERSE_TO_FORWARD
392.1780,-45.2707,-56.5384,0.000,NORMAL,1,ROUTE,,,,,T2_REVERSE_TO_FORWARD
392.2781,-45.3385,-56.4648,0.000,NORMAL,1,ROUTE,,,,,T2_REVERSE_TO_FORWARD
392.3781,-45.4037,-56.3890,0.000,NORMAL,1,ROUTE,,,,,T2_REVERSE_TO_FORWARD
392.4780,-45.4662,-56.3110,0.000,NORMAL,1,ROUTE,,,,,T2_REVERSE_TO_FORWARD
392.5780,-45.5261,-56.2309,0.000,NORMAL,1,ROUTE,,,,,T2_REVERSE_TO_FORWARD
392.6780,-45.5833,-56.1489,0.000,NORMAL,1,ROUTE,,,,,T2_REVERSE_TO_FORWARD
392.7780,-45.6378,-56.0651,0.000,NORMAL,1,ROUTE,,,,,T2_REVERSE_TO_FORWARD
392.8780,-45.6894,-55.9794,0.000,NORMAL,1,ROUTE,,,,,T2_REVERSE_TO_FORWARD
392.9779,-45.7382,-55.8922,0.000,NORMAL,1,ROUTE,,,,,T2_REVERSE_TO_FORWARD
393.0780,-45.7841,-55.8033,0.000,NORMAL,1,ROUTE,,,,,T2_REVERSE_TO_FORWARD
393.1780,-45.8271,-55.7130,0.000,NORMAL,1,ROUTE,,,,,T2_REVERSE_TO_FORWARD
393.2780,-45.8671,-55.6214,0.000,NORMAL,1,ROUTE,,,,,T2_REVERSE_TO_FORWARD
393.3779,-45.9043,-55.5286,0.000,NORMAL,1,ROUTE,,,,,T2_REVERSE_TO_FORWARD
393.4779,-45.9389,-55.4348,0.000,NORMAL,1,ROUTE,,,,,T2_REVERSE_TO_FORWARD
393.5779,-45.9710,-55.3401,0.000,NORMAL,1,ROUTE,,,,,T2_REVERSE_TO_FORWARD
393.6780,-46.0008,-55.2446,0.000,NORMAL,1,ROUTE,,,,,T2_REVERSE_TO_FORWARD
393.7780,-46.0285,-55.1485,0.000,NORMAL,1,ROUTE,,,,,T2_REVERSE_TO_FORWARD
393.8779,-46.0542,-55.0519,0.000,NORMAL,1,ROUTE,,,,,T2_REVERSE_TO_FORWARD
393.9779,-46.0780,-54.9548,0.000,NORMAL,1,ROUTE,,,,,T2_REVERSE_TO_FORWARD
394.0779,-46.1002,-54.8573,0.000,NORMAL,1,ROUTE,,,,,T2_REVERSE_TO_FORWARD
394.1779,-46.1208,-54.7594,0.000,NORMAL,1,ROUTE,,,,,T2_REVERSE_TO_FORWARD
394.2779,-46.1400,-54.6613,0.000,NORMAL,1,ROUTE,,,,,T2_REVERSE_TO_FORWARD
394.3780,-46.1581,-54.5629,0.000,NORMAL,1,ROUTE,,,,,T2_REVERSE_TO_FORWARD
394.4779,-46.1750,-54.4644,0.000,NORMAL,1,ROUTE,,,,,T2_REVERSE_TO_FORWARD
394.5779,-46.1909,-54.3657,0.000,NORMAL,1,ROUTE,,,,,T2_REVERSE_TO_FORWARD
394.6779,-46.2059,-54.2668,0.000,NORMAL,1,ROUTE,,,,,T2_REVERSE_TO_FORWARD
394.7779,-46.2200,-54.1678,0.000,NORMAL,1,ROUTE,,,,,T2_REVERSE_TO_FORWARD
394.8779,-46.2333,-54.0687,0.000,NORMAL,1,ROUTE,,,,,T2_REVERSE_TO_FORWARD
394.9778,-46.2456,-53.9695,0.000,NORMAL,1,ROUTE,,,,,T2_REVERSE_TO_FORWARD
395.0779,-46.2570,-53.8701,0.000,NORMAL,1,ROUTE,,,,,T2_REVERSE_TO_FORWARD
395.1779,-46.2673,-53.7706,0.000,NORMAL,1,ROUTE,,,,,T2_REVERSE_TO_FORWARD
395.2778,-46.2764,-53.6711,0.000,NORMAL,1,ROUTE,,,,,T2_REVERSE_TO_FORWARD
395.3778,-46.2842,-53.5714,0.000,NORMAL,1,ROUTE,,,,,T2_REVERSE_TO_FORWARD
395.4779,-46.2906,-53.4716,0.000,NORMAL,1,ROUTE,,,,,T2_REVERSE_TO_FORWARD
395.5779,-46.2955,-53.3717,0.000,NORMAL,1,ROUTE,,,,,T2_REVERSE_TO_FORWARD
395.6778,-46.2987,-53.2718,0.000,NORMAL,1,ROUTE,,,,,T2_REVERSE_TO_FORWARD
395.7778,-46.3003,-53.1718,0.000,NORMAL,1,ROUTE,,,,,T2_REVERSE_TO_FORWARD
395.8778,-46.3002,-53.0718,0.000,NORMAL,1,ROUTE,,,,,T2_REVERSE_TO_FORWARD
395.9779,-46.2984,-52.9718,0.000,NORMAL,1,ROUTE,,,,,T2_REVERSE_TO_FORWARD
396.0778,-46.2950,-52.8719,0.000,NORMAL,1,ROUTE,,,,,T2_REVERSE_TO_FORWARD
396.1778,-46.2899,-52.7720,0.000,NORMAL,1,ROUTE,,,,,T2_REVERSE_TO_FORWARD
396.2779,-46.2832,-52.6722,0.000,NORMAL,1,ROUTE,,,,,T2_REVERSE_TO_FORWARD
396.3778,-46.2748,-52.5726,0.000,NORMAL,1,ROUTE,,,,,T2_REVERSE_TO_FORWARD
396.4778,-46.2648,-52.4731,0.000,NORMAL,1,ROUTE,,,,,T2_REVERSE_TO_FORWARD
396.5778,-46.2534,-52.3738,0.000,NORMAL,1,ROUTE,,,,,T2_REVERSE_TO_FORWARD
396.6778,-46.2405,-52.2746,0.000,NORMAL,1,ROUTE,,,,,T2_REVERSE_TO_FORWARD
396.7778,-46.2263,-52.1756,0.000,NORMAL,1,ROUTE,,,,,T2_REVERSE_TO_FORWARD
396.8778,-46.2107,-52.0768,0.000,NORMAL,1,ROUTE,,,,,T2_REVERSE_TO_FORWARD
396.9778,-46.1937,-51.9783,0.000,NORMAL,1,ROUTE,,,,,T2_REVERSE_TO_FORWARD
397.0778,-46.1754,-51.8800,0.000,NORMAL,1,ROUTE,,,,,T2_REVERSE_TO_FORWARD
397.1778,-46.1557,-51.7820,0.000,NORMAL,1,ROUTE,,,,,T2_REVERSE_TO_FORWARD
397.2778,-46.1346,-51.6842,0.000,NORMAL,1,ROUTE,,,,,T2_REVERSE_TO_FORWARD
397.3778,-46.1121,-51.5868,0.000,NORMAL,1,ROUTE,,,,,T2_REVERSE_TO_FORWARD
397.4778,-46.0882,-51.4897,0.000,NORMAL,1,ROUTE,,,,,T2_REVERSE_TO_FORWARD
397.5778,-46.0630,-51.3929,0.000,NORMAL,1,ROUTE,,,,,T2_REVERSE_TO_FORWARD
397.6777,-46.0366,-51.2965,0.000,NORMAL,1,ROUTE,,,,,T2_REVERSE_TO_FORWARD
397.7778,-46.0091,-51.2003,0.000,NORMAL,1,ROUTE,,,,,T2_REVERSE_TO_FORWARD
397.8778,-45.9808,-51.1044,0.000,NORMAL,1,ROUTE,,,,,T2_REVERSE_TO_FORWARD
397.9777,-45.9516,-51.0088,0.000,NORMAL,1,ROUTE,,,,,T2_REVERSE_TO_FORWARD
398.0778,-45.9218,-50.9133,0.000,NORMAL,1,ROUTE,,,,,T2_REVERSE_TO_FORWARD
398.1778,-45.8915,-50.8180,0.000,NORMAL,1,ROUTE,,,,,T2_REVERSE_TO_FORWARD
398.2778,-45.8608,-50.7228,0.000,NORMAL,1,ROUTE,,,,,T2_REVERSE_TO_FORWARD
398.3777,-45.8298,-50.6278,0.000,NORMAL,1,ROUTE,,,,,T2_REVERSE_TO_FORWARD
398.4778,-45.7985,-50.5328,0.000,NORMAL,1,ROUTE,,,,,T2_REVERSE_TO_FORWARD
398.5778,-45.7670,-50.4379,0.000,NORMAL,1,ROUTE,,,,,T2_REVERSE_TO_FORWARD
398.6777,-45.7353,-50.3431,0.000,NORMAL,1,ROUTE,,,,,T2_REVERSE_TO_FORWARD
398.7778,-45.7033,-50.2483,0.000,NORMAL,1,ROUTE,,,,,T2_REVERSE_TO_FORWARD
398.8778,-45.6712,-50.1536,0.000,NORMAL,1,ROUTE,,,,,T2_REVERSE_TO_FORWARD
398.9778,-45.6388,-50.0590,0.000,NORMAL,1,ROUTE,,,,,T2_REVERSE_TO_FORWARD
399.0778,-45.6061,-49.9645,0.000,NORMAL,1,ROUTE,,,,,T2_REVERSE_TO_FORWARD
399.1777,-45.5730,-49.8702,0.000,NORMAL,1,ROUTE,,,,,T2_REVERSE_TO_FORWARD
399.2777,-45.5394,-49.7760,0.000,NORMAL,1,ROUTE,,,,,T2_REVERSE_TO_FORWARD
399.3778,-45.5054,-49.6819,0.000,NORMAL,1,ROUTE,,,,,T2_REVERSE_TO_FORWARD
399.4777,-45.4709,-49.5881,0.000,NORMAL,1,ROUTE,,,,,T2_REVERSE_TO_FORWARD
399.5777,-45.4359,-49.4944,0.000,NORMAL,1,ROUTE,,,,,T2_REVERSE_TO_FORWARD
399.6777,-45.4004,-49.4009,0.000,NORMAL,1,ROUTE,,,,,T2_REVERSE_TO_FORWARD
399.7777,-45.3644,-49.3076,0.000,NORMAL,1,ROUTE,,,,,T2_REVERSE_TO_FORWARD
399.8777,-45.3280,-49.2145,0.000,NORMAL,1,ROUTE,,,,,T2_REVERSE_TO_FORWARD
399.9777,-45.2912,-49.1215,0.000,NORMAL,1,ROUTE,,,,,T2_REVERSE_TO_FORWARD
400.0777,-45.2540,-49.0287,0.000,NORMAL,1,ROUTE,,,,,T2_REVERSE_TO_FORWARD
400.1776,-45.2164,-48.9361,0.000,NORMAL,1,ROUTE,,,,,T2_REVERSE_TO_FORWARD
400.2777,-45.1784,-48.8435,0.000,NORMAL,1,ROUTE,,,,,T2_REVERSE_TO_FORWARD
400.3777,-45.1402,-48.7511,0.000,NORMAL,1,ROUTE,,,,,T2_REVERSE_TO_FORWARD
400.4776,-45.1017,-48.6589,0.000,NORMAL,1,ROUTE,,,,,T2_REVERSE_TO_FORWARD
400.5776,-45.0630,-48.5667,0.000,NORMAL,1,ROUTE,,,,,T2_REVERSE_TO_FORWARD
400.6777,-45.0241,-48.4745,0.000,NORMAL,1,ROUTE,,,,,T2_REVERSE_TO_FORWARD
400.7777,-44.9850,-48.3825,0.000,NORMAL,1,ROUTE,,,,,T2_REVERSE_TO_FORWARD
400.8777,-44.9458,-48.2905,0.000,NORMAL,1,ROUTE,,,,,T2_REVERSE_TO_FORWARD
400.9776,-44.9065,-48.1986,0.000,NORMAL,1,ROUTE,,,,,T2_REVERSE_TO_FORWARD
401.0777,-44.8671,-48.1066,0.000,NORMAL,1,ROUTE,,,,,T2_REVERSE_TO_FORWARD
401.1777,-44.8277,-48.0147,0.000,NORMAL,1,ROUTE,,,,,T2_REVERSE_TO_FORWARD
401.2776,-44.7884,-47.9228,0.000,NORMAL,1,ROUTE,,,,,T2_REVERSE_TO_FORWARD
401.3777,-44.7491,-47.8308,0.000,NORMAL,1,ROUTE,,,,,T2_REVERSE_TO_FORWARD
401.4776,-44.7099,-47.7389,0.000,NORMAL,1,ROUTE,,,,,T2_REVERSE_TO_FORWARD
401.5777,-44.6708,-47.6468,0.000,NORMAL,1,ROUTE,,,,,T2_REVERSE_TO_FORWARD
401.6776,-44.6319,-47.5547,0.000,NORMAL,1,ROUTE,,,,,T2_REVERSE_TO_FORWARD
401.7776,-44.5932,-47.4625,0.000,NORMAL,1,ROUTE,,,,,T2_REVERSE_TO_FORWARD
401.8777,-44.5548,-47.3701,0.000,NORMAL,1,ROUTE,,,,,T2_REVERSE_TO_FORWARD
401.9776,-44.5167,-47.2777,0.000,NORMAL,1,ROUTE,,,,,T2_REVERSE_TO_FORWARD
402.0777,-44.4789,-47.1851,0.000,NORMAL,1,ROUTE,,,,,T2_REVERSE_TO_FORWARD
402.1776,-44.4414,-47.0924,0.000,NORMAL,1,ROUTE,,,,,T2_REVERSE_TO_FORWARD
402.2776,-44.4043,-46.9996,0.000,NORMAL,1,ROUTE,,,,,T2_REVERSE_TO_FORWARD
402.3776,-44.3676,-46.9066,0.000,NORMAL,1,ROUTE,,,,,T2_REVERSE_TO_FORWARD
402.4776,-44.3313,-46.8134,0.000,NORMAL,1,ROUTE,,,,,T2_REVERSE_TO_FORWARD
402.5777,-44.2954,-46.7200,0.000,NORMAL,1,ROUTE,,,,,T2_REVERSE_TO_FORWARD
402.6776,-44.2600,-46.6265,0.000,NORMAL,1,ROUTE,,,,,T2_REVERSE_TO_FORWARD
402.7776,-44.2251,-46.5328,0.000,NORMAL,1,ROUTE,,,,,T2_REVERSE_TO_FORWARD
402.8777,-44.1906,-46.4389,0.000,NORMAL,1,ROUTE,,,,,T2_REVERSE_TO_FORWARD
402.9776,-44.1565,-46.3449,0.000,NORMAL,1,ROUTE,,,,,T2_REVERSE_TO_FORWARD
403.0776,-44.1228,-46.2508,0.000,NORMAL,1,ROUTE,,,,,T2_REVERSE_TO_FORWARD
403.1776,-44.0893,-46.1566,0.000,NORMAL,1,ROUTE,,,,,T2_REVERSE_TO_FORWARD
403.2776,-44.0560,-46.0623,0.000,NORMAL,1,ROUTE,,,,,T2_REVERSE_TO_FORWARD
403.3776,-44.0228,-45.9680,0.000,NORMAL,1,ROUTE,,,,,T2_REVERSE_TO_FORWARD
403.4776,-43.9896,-45.8736,0.000,NORMAL,1,ROUTE,,,,,T2_REVERSE_TO_FORWARD
403.5776,-43.9564,-45.7793,0.000,NORMAL,1,ROUTE,,,,,T2_REVERSE_TO_FORWARD
403.6776,-43.9231,-45.6850,0.000,NORMAL,1,ROUTE,,,,,T2_REVERSE_TO_FORWARD
403.7776,-43.8895,-45.5908,0.000,NORMAL,1,ROUTE,,,,,T2_REVERSE_TO_FORWARD
403.8775,-43.8556,-45.4968,0.000,NORMAL,1,ROUTE,,,,,T2_REVERSE_TO_FORWARD
403.9776,-43.8214,-45.4028,0.000,NORMAL,1,ROUTE,,,,,T2_REVERSE_TO_FORWARD
404.0776,-43.7867,-45.3090,0.000,NORMAL,1,ROUTE,,,,,T2_REVERSE_TO_FORWARD
404.1776,-43.7515,-45.2154,0.000,NORMAL,1,ROUTE,,,,,T2_REVERSE_TO_FORWARD
404.2776,-43.7158,-45.1220,0.000,NORMAL,1,ROUTE,,,,,T2_REVERSE_TO_FORWARD
404.3775,-43.6794,-45.0289,0.000,NORMAL,1,ROUTE,,,,,T2_REVERSE_TO_FORWARD
404.4775,-43.6424,-44.9360,0.000,NORMAL,1,ROUTE,,,,,T2_REVERSE_TO_FORWARD
404.5776,-43.6048,-44.8433,0.000,NORMAL,1,ROUTE,,,,,T2_REVERSE_TO_FORWARD
404.6776,-43.5665,-44.7509,0.000,NORMAL,1,ROUTE,,,,,T2_REVERSE_TO_FORWARD
404.7776,-43.5276,-44.6588,0.000,NORMAL,1,ROUTE,,,,,T2_REVERSE_TO_FORWARD
404.8775,-43.4883,-44.5669,0.000,NORMAL,1,ROUTE,,,,,T2_REVERSE_TO_FORWARD
404.9775,-43.4484,-44.4752,0.000,NORMAL,1,ROUTE,,,,,T2_REVERSE_TO_FORWARD
405.0775,-43.4083,-44.3836,0.000,NORMAL,1,ROUTE,,,,,T2_REVERSE_TO_FORWARD
405.1775,-43.3680,-44.2921,0.000,NORMAL,1,ROUTE,,,,,T2_REVERSE_TO_FORWARD
405.2776,-43.3275,-44.2006,0.000,NORMAL,1,ROUTE,,,,,T2_REVERSE_TO_FORWARD
405.3775,-43.2870,-44.1092,0.000,NORMAL,1,ROUTE,,,,,T2_REVERSE_TO_FORWARD
405.4775,-43.2466,-44.0178,0.000,NORMAL,1,ROUTE,,,,,T2_REVERSE_TO_FORWARD
405.5775,-43.2062,-43.9263,0.000,NORMAL,1,ROUTE,,,,,T2_REVERSE_TO_FORWARD
405.6775,-43.1660,-43.8347,0.000,NORMAL,1,ROUTE,,,,,T2_REVERSE_TO_FORWARD
405.7775,-43.1260,-43.7431,0.000,NORMAL,1,ROUTE,,,,,T2_REVERSE_TO_FORWARD
405.8775,-43.0861,-43.6514,0.000,NORMAL,1,ROUTE,,,,,T2_REVERSE_TO_FORWARD
405.9775,-43.0463,-43.5596,0.000,NORMAL,1,ROUTE,,,,,T2_REVERSE_TO_FORWARD
406.0775,-43.0067,-43.4678,0.000,NORMAL,1,ROUTE,,,,,T2_REVERSE_TO_FORWARD
406.1775,-42.9672,-43.3759,0.000,NORMAL,1,ROUTE,,,,,T2_REVERSE_TO_FORWARD
406.2775,-42.9279,-43.2840,0.000,NORMAL,1,ROUTE,,,,,T2_REVERSE_TO_FORWARD
406.3774,-42.8886,-43.1921,0.000,NORMAL,1,ROUTE,,,,,T2_REVERSE_TO_FORWARD
406.4774,-42.8494,-43.1001,0.000,NORMAL,1,ROUTE,,,,,T2_REVERSE_TO_FORWARD
406.5775,-42.8102,-43.0080,0.000,NORMAL,1,ROUTE,,,,,T2_REVERSE_TO_FORWARD
406.6775,-42.7711,-42.9160,0.000,NORMAL,1,ROUTE,,,,,T2_REVERSE_TO_FORWARD
406.7774,-42.7321,-42.8240,0.000,NORMAL,1,ROUTE,,,,,T2_REVERSE_TO_FORWARD
406.8775,-42.6931,-42.7319,0.000,NORMAL,1,ROUTE,,,,,T2_REVERSE_TO_FORWARD
406.9775,-42.6541,-42.6398,0.000,NORMAL,1,ROUTE,,,,,T2_REVERSE_TO_FORWARD
407.0774,-42.6152,-42.5477,0.000,NORMAL,1,ROUTE,,,,,T2_REVERSE_TO_FORWARD
407.1775,-42.5763,-42.4555,0.000,NORMAL,1,ROUTE,,,,,T2_REVERSE_TO_FORWARD
407.2774,-42.5376,-42.3634,0.000,NORMAL,1,ROUTE,,,,,T2_REVERSE_TO_FORWARD
407.3775,-42.4990,-42.2711,0.000,NORMAL,1,ROUTE,,,,,T2_REVERSE_TO_FORWARD
407.4775,-42.4605,-42.1788,0.000,NORMAL,1,ROUTE,,,,,T2_REVERSE_TO_FORWARD
407.5775,-42.4223,-42.0864,0.000,NORMAL,1,ROUTE,,,,,T2_REVERSE_TO_FORWARD
407.6775,-42.3844,-41.9938,0.000,NORMAL,1,ROUTE,,,,,T2_REVERSE_TO_FORWARD
407.7774,-42.3469,-41.9012,0.000,NORMAL,1,ROUTE,,,,,T2_REVERSE_TO_FORWARD
407.8774,-42.3098,-41.8083,0.000,NORMAL,1,ROUTE,,,,,T2_REVERSE_TO_FORWARD
407.9775,-42.2732,-41.7152,0.000,NORMAL,1,ROUTE,,,,,T2_REVERSE_TO_FORWARD
408.0774,-42.2372,-41.6220,0.000,NORMAL,1,ROUTE,,,,,T2_REVERSE_TO_FORWARD
408.1775,-42.2018,-41.5284,0.000,NORMAL,1,ROUTE,,,,,T2_REVERSE_TO_FORWARD
408.2774,-42.1671,-41.4347,0.000,NORMAL,1,ROUTE,,,,,T2_REVERSE_TO_FORWARD
408.3774,-42.1332,-41.3406,0.000,NORMAL,1,ROUTE,,,,,T2_REVERSE_TO_FORWARD
408.4775,-42.1000,-41.2462,0.000,NORMAL,1,ROUTE,,,,,T2_REVERSE_TO_FORWARD
408.5774,-42.0678,-41.1516,0.000,NORMAL,1,ROUTE,,,,,T2_REVERSE_TO_FORWARD
408.6774,-42.0363,-41.0567,0.000,NORMAL,1,ROUTE,,,,,T2_REVERSE_TO_FORWARD
408.7774,-42.0056,-40.9615,0.000,NORMAL,1,ROUTE,,,,,T2_REVERSE_TO_FORWARD
408.8774,-41.9757,-40.8661,0.000,NORMAL,1,ROUTE,,,,,T2_REVERSE_TO_FORWARD
408.9774,-41.9463,-40.7705,0.000,NORMAL,1,ROUTE,,,,,T2_REVERSE_TO_FORWARD
409.0774,-41.9174,-40.6748,0.000,NORMAL,1,ROUTE,,,,,T2_REVERSE_TO_FORWARD
409.1774,-41.8886,-40.5790,0.000,NORMAL,1,ROUTE,,,,,T2_REVERSE_TO_FORWARD
409.2774,-41.8599,-40.4832,0.000,NORMAL,1,ROUTE,,,,,T2_REVERSE_TO_FORWARD
409.3774,-41.8308,-40.3876,0.000,NORMAL,1,ROUTE,,,,,T2_REVERSE_TO_FORWARD
409.4773,-41.8012,-40.2921,0.000,NORMAL,1,ROUTE,,,,,T2_REVERSE_TO_FORWARD
409.5774,-41.7706,-40.1968,0.000,NORMAL,1,ROUTE,,,,,T2_REVERSE_TO_FORWARD
409.6774,-41.7388,-40.1020,0.000,NORMAL,1,ROUTE,,,,,T2_REVERSE_TO_FORWARD
409.7773,-41.7052,-40.0079,0.000,NORMAL,1,ROUTE,,,,,T2_REVERSE_TO_FORWARD
409.7938,-41.6995,-39.9925,0.000,TRAFFIC,1,TRAFFIC,TRAFFIC_3_RED_STOP,STOP_IF_CONDITION,TRAFFIC_LIGHT_RED,,T2_REVERSE_TO_FORWARD
409.8774,-41.6695,-39.9144,0.000,TRAFFIC,1,TRAFFIC,,,TRAFFIC_LIGHT_RED,,T2_REVERSE_TO_FORWARD
409.9774,-41.6319,-39.8218,0.000,TRAFFIC,1,TRAFFIC,,,TRAFFIC_LIGHT_RED,,T2_REVERSE_TO_FORWARD
410.0773,-41.5928,-39.7298,0.000,TRAFFIC,1,TRAFFIC,,,TRAFFIC_LIGHT_RED,,T2_REVERSE_TO_FORWARD
410.1774,-41.5525,-39.6382,0.000,TRAFFIC,1,TRAFFIC,,,TRAFFIC_LIGHT_RED,,T2_REVERSE_TO_FORWARD
410.2774,-41.5114,-39.5471,0.000,TRAFFIC,1,TRAFFIC,,,TRAFFIC_LIGHT_RED,,T2_REVERSE_TO_FORWARD
410.3774,-41.4696,-39.4562,0.000,TRAFFIC,1,TRAFFIC,,,TRAFFIC_LIGHT_RED,,T2_REVERSE_TO_FORWARD
410.4773,-41.4274,-39.3656,0.000,TRAFFIC,1,TRAFFIC,,,TRAFFIC_LIGHT_RED,,T2_REVERSE_TO_FORWARD
410.5773,-41.3849,-39.2751,0.000,TRAFFIC,1,TRAFFIC,,,TRAFFIC_LIGHT_RED,,T2_REVERSE_TO_FORWARD
410.6774,-41.3422,-39.1846,0.000,TRAFFIC,1,TRAFFIC,,,TRAFFIC_LIGHT_RED,,T2_REVERSE_TO_FORWARD
410.7773,-41.2996,-39.0942,0.000,TRAFFIC,1,TRAFFIC,,,TRAFFIC_LIGHT_RED,,T2_REVERSE_TO_FORWARD
410.8773,-41.2569,-39.0038,0.000,TRAFFIC,1,TRAFFIC,,,TRAFFIC_LIGHT_RED,,T2_REVERSE_TO_FORWARD
410.9774,-41.2144,-38.9132,0.000,TRAFFIC,1,TRAFFIC,,,TRAFFIC_LIGHT_RED,,T2_REVERSE_TO_FORWARD
411.0773,-41.1720,-38.8227,0.000,TRAFFIC,1,TRAFFIC,,,TRAFFIC_LIGHT_RED,,T2_REVERSE_TO_FORWARD
411.1773,-41.1299,-38.7320,0.000,TRAFFIC,1,TRAFFIC,,,TRAFFIC_LIGHT_RED,,T2_REVERSE_TO_FORWARD
411.2773,-41.0878,-38.6413,0.000,TRAFFIC,1,TRAFFIC,,,TRAFFIC_LIGHT_RED,,T2_REVERSE_TO_FORWARD
411.3774,-41.0460,-38.5504,0.000,TRAFFIC,1,TRAFFIC,,,TRAFFIC_LIGHT_RED,,T2_REVERSE_TO_FORWARD
411.4773,-41.0044,-38.4595,0.000,TRAFFIC,1,TRAFFIC,,,TRAFFIC_LIGHT_RED,,T2_REVERSE_TO_FORWARD
411.5773,-40.9629,-38.3685,0.000,TRAFFIC,1,TRAFFIC,,,TRAFFIC_LIGHT_RED,,T2_REVERSE_TO_FORWARD
411.6773,-40.9215,-38.2775,0.000,TRAFFIC,1,TRAFFIC,,,TRAFFIC_LIGHT_RED,,T2_REVERSE_TO_FORWARD
411.7773,-40.8803,-38.1864,0.000,TRAFFIC,1,TRAFFIC,,,TRAFFIC_LIGHT_RED,,T2_REVERSE_TO_FORWARD
411.8773,-40.8391,-38.0953,0.000,TRAFFIC,1,TRAFFIC,,,TRAFFIC_LIGHT_RED,,T2_REVERSE_TO_FORWARD
411.9773,-40.7979,-38.0042,0.000,TRAFFIC,1,TRAFFIC,,,TRAFFIC_LIGHT_RED,,T2_REVERSE_TO_FORWARD
412.0773,-40.7567,-37.9130,0.000,TRAFFIC,1,TRAFFIC,,,TRAFFIC_LIGHT_RED,,T2_REVERSE_TO_FORWARD
412.1773,-40.7156,-37.8219,0.000,TRAFFIC,1,TRAFFIC,,,TRAFFIC_LIGHT_RED,,T2_REVERSE_TO_FORWARD
412.2773,-40.6744,-37.7308,0.000,TRAFFIC,1,TRAFFIC,,,TRAFFIC_LIGHT_RED,,T2_REVERSE_TO_FORWARD
412.3773,-40.6333,-37.6396,0.000,TRAFFIC,1,TRAFFIC,,,TRAFFIC_LIGHT_RED,,T2_REVERSE_TO_FORWARD
412.4773,-40.5923,-37.5484,0.000,TRAFFIC,1,TRAFFIC,,,TRAFFIC_LIGHT_RED,,T2_REVERSE_TO_FORWARD
412.5773,-40.5515,-37.4571,0.000,TRAFFIC,1,TRAFFIC,,,TRAFFIC_LIGHT_RED,,T2_REVERSE_TO_FORWARD
412.6773,-40.5109,-37.3657,0.000,TRAFFIC,1,TRAFFIC,,,TRAFFIC_LIGHT_RED,,T2_REVERSE_TO_FORWARD
412.7772,-40.4707,-37.2742,0.000,TRAFFIC,1,TRAFFIC,,,TRAFFIC_LIGHT_RED,,T2_REVERSE_TO_FORWARD
412.8773,-40.4310,-37.1824,0.000,TRAFFIC,1,TRAFFIC,,,TRAFFIC_LIGHT_RED,,T2_REVERSE_TO_FORWARD
412.9772,-40.3919,-37.0904,0.000,TRAFFIC,1,TRAFFIC,,,TRAFFIC_LIGHT_RED,,T2_REVERSE_TO_FORWARD
413.0772,-40.3534,-36.9981,0.000,TRAFFIC,1,TRAFFIC,,,TRAFFIC_LIGHT_RED,,T2_REVERSE_TO_FORWARD
413.1773,-40.3156,-36.9055,0.000,TRAFFIC,1,TRAFFIC,,,TRAFFIC_LIGHT_RED,,T2_REVERSE_TO_FORWARD
413.2772,-40.2784,-36.8127,0.000,TRAFFIC,1,TRAFFIC,,,TRAFFIC_LIGHT_RED,,T2_REVERSE_TO_FORWARD
413.3772,-40.2419,-36.7196,0.000,TRAFFIC,1,TRAFFIC,,,TRAFFIC_LIGHT_RED,,T2_REVERSE_TO_FORWARD
413.4772,-40.2060,-36.6263,0.000,TRAFFIC,1,TRAFFIC,,,TRAFFIC_LIGHT_RED,,T2_REVERSE_TO_FORWARD
413.5772,-40.1705,-36.5328,0.000,TRAFFIC,1,TRAFFIC,,,TRAFFIC_LIGHT_RED,,T2_REVERSE_TO_FORWARD
413.6772,-40.1353,-36.4392,0.000,TRAFFIC,1,TRAFFIC,,,TRAFFIC_LIGHT_RED,,T2_REVERSE_TO_FORWARD
413.7772,-40.1004,-36.3455,0.000,TRAFFIC,1,TRAFFIC,,,TRAFFIC_LIGHT_RED,,T2_REVERSE_TO_FORWARD
413.8773,-40.0655,-36.2517,0.000,TRAFFIC,1,TRAFFIC,,,TRAFFIC_LIGHT_RED,,T2_REVERSE_TO_FORWARD
413.9773,-40.0306,-36.1580,0.000,TRAFFIC,1,TRAFFIC,,,TRAFFIC_LIGHT_RED,,T2_REVERSE_TO_FORWARD
414.0772,-39.9956,-36.0644,0.000,TRAFFIC,1,TRAFFIC,,,TRAFFIC_LIGHT_RED,,T2_REVERSE_TO_FORWARD
414.1772,-39.9603,-35.9708,0.000,TRAFFIC,1,TRAFFIC,,,TRAFFIC_LIGHT_RED,,T2_REVERSE_TO_FORWARD
414.2772,-39.9247,-35.8774,0.000,TRAFFIC,1,TRAFFIC,,,TRAFFIC_LIGHT_RED,,T2_REVERSE_TO_FORWARD
414.3772,-39.8887,-35.7841,0.000,TRAFFIC,1,TRAFFIC,,,TRAFFIC_LIGHT_RED,,T2_REVERSE_TO_FORWARD
414.4772,-39.8524,-35.6909,0.000,TRAFFIC,1,TRAFFIC,,,TRAFFIC_LIGHT_RED,,T2_REVERSE_TO_FORWARD
414.5772,-39.8157,-35.5979,0.000,TRAFFIC,1,TRAFFIC,,,TRAFFIC_LIGHT_RED,,T2_REVERSE_TO_FORWARD
414.6772,-39.7786,-35.5050,0.000,TRAFFIC,1,TRAFFIC,,,TRAFFIC_LIGHT_RED,,T2_REVERSE_TO_FORWARD
414.7772,-39.7411,-35.4123,0.000,TRAFFIC,1,TRAFFIC,,,TRAFFIC_LIGHT_RED,,T2_REVERSE_TO_FORWARD
414.8772,-39.7032,-35.3198,0.000,TRAFFIC,1,TRAFFIC,,,TRAFFIC_LIGHT_RED,,T2_REVERSE_TO_FORWARD
414.9772,-39.6650,-35.2274,0.000,TRAFFIC,1,TRAFFIC,,,TRAFFIC_LIGHT_RED,,T2_REVERSE_TO_FORWARD
415.0772,-39.6265,-35.1351,0.000,TRAFFIC,1,TRAFFIC,,,TRAFFIC_LIGHT_RED,,T2_REVERSE_TO_FORWARD
415.1772,-39.5877,-35.0429,0.000,TRAFFIC,1,TRAFFIC,,,TRAFFIC_LIGHT_RED,,T2_REVERSE_TO_FORWARD
415.2772,-39.5485,-34.9509,0.000,TRAFFIC,1,TRAFFIC,,,TRAFFIC_LIGHT_RED,,T2_REVERSE_TO_FORWARD
415.3772,-39.5092,-34.8590,0.000,TRAFFIC,1,TRAFFIC,,,TRAFFIC_LIGHT_RED,,T2_REVERSE_TO_FORWARD
415.4771,-39.4696,-34.7672,0.000,TRAFFIC,1,TRAFFIC,,,TRAFFIC_LIGHT_RED,,T2_REVERSE_TO_FORWARD
415.5772,-39.4298,-34.6754,0.000,TRAFFIC,1,TRAFFIC,,,TRAFFIC_LIGHT_RED,,T2_REVERSE_TO_FORWARD
415.6085,-39.4173,-34.6467,0.000,TRAFFIC,1,TRAFFIC,TRAFFIC_3_RED_STOP_END,,TRAFFIC_LIGHT_RED,,T2_REVERSE_TO_FORWARD
415.6772,-39.3899,-34.5837,0.000,TRAFFIC,1,TRAFFIC,,,TRAFFIC_LIGHT_RED,,T2_REVERSE_TO_FORWARD
415.7772,-39.3498,-34.4921,0.000,TRAFFIC,1,TRAFFIC,,,TRAFFIC_LIGHT_RED,,T2_REVERSE_TO_FORWARD
415.8772,-39.3090,-34.4008,0.000,TRAFFIC,1,TRAFFIC,,,TRAFFIC_LIGHT_RED,,T2_REVERSE_TO_FORWARD
415.8990,-39.2999,-34.3810,0.000,NORMAL,1,ROUTE,,,,,T2_REVERSE_TO_FORWARD
415.9772,-39.2670,-34.3101,0.000,NORMAL,1,ROUTE,,,,,T2_REVERSE_TO_FORWARD
416.0771,-39.2241,-34.2198,0.000,NORMAL,1,ROUTE,,,,,T2_REVERSE_TO_FORWARD
416.1772,-39.1804,-34.1298,0.000,NORMAL,1,ROUTE,,,,,T2_REVERSE_TO_FORWARD
416.2772,-39.1362,-34.0401,0.000,NORMAL,1,ROUTE,,,,,T2_REVERSE_TO_FORWARD
416.3772,-39.0916,-33.9506,0.000,NORMAL,1,ROUTE,,,,,T2_REVERSE_TO_FORWARD
416.4771,-39.0469,-33.8612,0.000,NORMAL,1,ROUTE,,,,,T2_REVERSE_TO_FORWARD
416.5772,-39.0022,-33.7717,0.000,NORMAL,1,ROUTE,,,,,T2_REVERSE_TO_FORWARD
416.6772,-38.9578,-33.6821,0.000,NORMAL,1,ROUTE,,,,,T2_REVERSE_TO_FORWARD
416.7772,-38.9140,-33.5922,0.000,NORMAL,1,ROUTE,,,,,T2_REVERSE_TO_FORWARD
416.8772,-38.8708,-33.5020,0.000,NORMAL,1,ROUTE,,,,,T2_REVERSE_TO_FORWARD
416.9772,-38.8287,-33.4113,0.000,NORMAL,1,ROUTE,,,,,T2_REVERSE_TO_FORWARD
417.0771,-38.7878,-33.3201,0.000,NORMAL,1,ROUTE,,,,,T2_REVERSE_TO_FORWARD
417.1772,-38.7483,-33.2282,0.000,NORMAL,1,ROUTE,,,,,T2_REVERSE_TO_FORWARD
417.2771,-38.7104,-33.1357,0.000,NORMAL,1,ROUTE,,,,,T2_REVERSE_TO_FORWARD
417.3772,-38.6743,-33.0424,0.000,NORMAL,1,ROUTE,,,,,T2_REVERSE_TO_FORWARD
417.4771,-38.6401,-32.9485,0.000,NORMAL,1,ROUTE,,,,,T2_REVERSE_TO_FORWARD
417.5771,-38.6078,-32.8538,0.000,NORMAL,1,ROUTE,,,,,T2_REVERSE_TO_FORWARD
417.6771,-38.5777,-32.7585,0.000,NORMAL,1,ROUTE,,,,,T2_REVERSE_TO_FORWARD
417.7771,-38.5497,-32.6625,0.000,NORMAL,1,ROUTE,,,,,T2_REVERSE_TO_FORWARD
417.8771,-38.5239,-32.5659,0.000,NORMAL,1,ROUTE,,,,,T2_REVERSE_TO_FORWARD
417.9771,-38.5003,-32.4687,0.000,NORMAL,1,ROUTE,,,,,T2_REVERSE_TO_FORWARD
418.0771,-38.4790,-32.3710,0.000,NORMAL,1,ROUTE,,,,,T2_REVERSE_TO_FORWARD
418.1771,-38.4600,-32.2728,0.000,NORMAL,1,ROUTE,,,,,T2_REVERSE_TO_FORWARD
418.2771,-38.4429,-32.1743,0.000,NORMAL,1,ROUTE,,,,,T2_REVERSE_TO_FORWARD
418.3770,-38.4277,-32.0755,0.000,NORMAL,1,ROUTE,,,,,T2_REVERSE_TO_FORWARD
418.4771,-38.4140,-31.9764,0.000,NORMAL,1,ROUTE,,,,,T2_REVERSE_TO_FORWARD
418.5771,-38.4014,-31.8772,0.000,NORMAL,1,ROUTE,,,,,T2_REVERSE_TO_FORWARD
418.6771,-38.3897,-31.7779,0.000,NORMAL,1,ROUTE,,,,,T2_REVERSE_TO_FORWARD
418.7771,-38.3786,-31.6785,0.000,NORMAL,1,ROUTE,,,,,T2_REVERSE_TO_FORWARD
418.8771,-38.3678,-31.5791,0.000,NORMAL,1,ROUTE,,,,,T2_REVERSE_TO_FORWARD
418.9770,-38.3572,-31.4797,0.000,NORMAL,1,ROUTE,,,,,T2_REVERSE_TO_FORWARD
419.0771,-38.3467,-31.3802,0.000,NORMAL,1,ROUTE,,,,,T2_REVERSE_TO_FORWARD
419.1770,-38.3364,-31.2808,0.000,NORMAL,1,ROUTE,,,,,T2_REVERSE_TO_FORWARD
419.2770,-38.3263,-31.1813,0.000,NORMAL,1,ROUTE,,,,,T2_REVERSE_TO_FORWARD
419.3770,-38.3164,-31.0818,0.000,NORMAL,1,ROUTE,,,,,T2_REVERSE_TO_FORWARD
419.4771,-38.3069,-30.9822,0.000,NORMAL,1,ROUTE,,,,,T2_REVERSE_TO_FORWARD
419.5770,-38.2980,-30.8827,0.000,NORMAL,1,ROUTE,,,,,T2_REVERSE_TO_FORWARD
419.6770,-38.2896,-30.7830,0.000,NORMAL,1,ROUTE,,,,,T2_REVERSE_TO_FORWARD
419.7770,-38.2820,-30.6833,0.000,NORMAL,1,ROUTE,,,,,T2_REVERSE_TO_FORWARD
419.8770,-38.2753,-30.5835,0.000,NORMAL,1,ROUTE,,,,,T2_REVERSE_TO_FORWARD
419.9770,-38.2694,-30.4837,0.000,NORMAL,1,ROUTE,,,,,T2_REVERSE_TO_FORWARD
420.0770,-38.2644,-30.3838,0.000,NORMAL,1,ROUTE,,,,,T2_REVERSE_TO_FORWARD
420.1770,-38.2600,-30.2839,0.000,NORMAL,1,ROUTE,,,,,T2_REVERSE_TO_FORWARD
420.2770,-38.2563,-30.1840,0.000,NORMAL,1,ROUTE,,,,,T2_REVERSE_TO_FORWARD
420.3770,-38.2529,-30.0841,0.000,NORMAL,1,ROUTE,,,,,T2_REVERSE_TO_FORWARD
420.4770,-38.2499,-29.9841,0.000,NORMAL,1,ROUTE,,,,,T2_REVERSE_TO_FORWARD
420.5770,-38.2471,-29.8842,0.000,NORMAL,1,ROUTE,,,,,T2_REVERSE_TO_FORWARD
420.6770,-38.2444,-29.7842,0.000,NORMAL,1,ROUTE,,,,,T2_REVERSE_TO_FORWARD
420.7770,-38.2417,-29.6842,0.000,NORMAL,1,ROUTE,,,,,T2_REVERSE_TO_FORWARD
420.8770,-38.2392,-29.5843,0.000,NORMAL,1,ROUTE,,,,,T2_REVERSE_TO_FORWARD
420.9770,-38.2370,-29.4843,0.000,NORMAL,1,ROUTE,,,,,T2_REVERSE_TO_FORWARD
421.0770,-38.2350,-29.3843,0.000,NORMAL,1,ROUTE,,,,,T2_REVERSE_TO_FORWARD
421.1770,-38.2337,-29.2843,0.000,NORMAL,1,ROUTE,,,,,T2_REVERSE_TO_FORWARD
421.2770,-38.2330,-29.1843,0.000,NORMAL,1,ROUTE,,,,,T2_REVERSE_TO_FORWARD
421.3770,-38.2334,-29.0843,0.000,NORMAL,1,ROUTE,,,,,T2_REVERSE_TO_FORWARD
421.4769,-38.2350,-28.9844,0.000,NORMAL,1,ROUTE,,,,,T2_REVERSE_TO_FORWARD
421.5770,-38.2380,-28.8844,0.000,NORMAL,1,ROUTE,,,,,T2_REVERSE_TO_FORWARD
421.6770,-38.2426,-28.7845,0.000,NORMAL,1,ROUTE,,,,,T2_REVERSE_TO_FORWARD
421.7770,-38.2490,-28.6847,0.000,NORMAL,1,ROUTE,,,,,T2_REVERSE_TO_FORWARD
421.8769,-38.2571,-28.5851,0.000,NORMAL,1,ROUTE,,,,,T2_REVERSE_TO_FORWARD
421.9769,-38.2670,-28.4856,0.000,NORMAL,1,ROUTE,,,,,T2_REVERSE_TO_FORWARD
422.0770,-38.2785,-28.3862,0.000,NORMAL,1,ROUTE,,,,,T2_REVERSE_TO_FORWARD
422.1769,-38.2915,-28.2871,0.000,NORMAL,1,ROUTE,,,,,T2_REVERSE_TO_FORWARD
422.2769,-38.3057,-28.1881,0.000,NORMAL,1,ROUTE,,,,,T2_REVERSE_TO_FORWARD
422.3769,-38.3210,-28.0893,0.000,NORMAL,1,ROUTE,,,,,T2_REVERSE_TO_FORWARD
422.4769,-38.3372,-27.9906,0.000,NORMAL,1,ROUTE,,,,,T2_REVERSE_TO_FORWARD
422.5770,-38.3541,-27.8920,0.000,NORMAL,1,ROUTE,,,,,T2_REVERSE_TO_FORWARD
422.6769,-38.3715,-27.7936,0.000,NORMAL,1,ROUTE,,,,,T2_REVERSE_TO_FORWARD
422.7769,-38.3892,-27.6952,0.000,NORMAL,1,ROUTE,,,,,T2_REVERSE_TO_FORWARD
422.8769,-38.4072,-27.5968,0.000,NORMAL,1,ROUTE,,,,,T2_REVERSE_TO_FORWARD
422.9769,-38.4252,-27.4984,0.000,NORMAL,1,ROUTE,,,,,T2_REVERSE_TO_FORWARD
423.0769,-38.4432,-27.4001,0.000,NORMAL,1,ROUTE,,,,,T2_REVERSE_TO_FORWARD
423.1769,-38.4611,-27.3017,0.000,NORMAL,1,ROUTE,,,,,T2_REVERSE_TO_FORWARD
423.2769,-38.4788,-27.2033,0.000,NORMAL,1,ROUTE,,,,,T2_REVERSE_TO_FORWARD
423.3769,-38.4963,-27.1048,0.000,NORMAL,1,ROUTE,,,,,T2_REVERSE_TO_FORWARD
423.4769,-38.5134,-27.0063,0.000,NORMAL,1,ROUTE,,,,,T2_REVERSE_TO_FORWARD
423.5769,-38.5302,-26.9077,0.000,NORMAL,1,ROUTE,,,,,T2_REVERSE_TO_FORWARD
423.6769,-38.5466,-26.8091,0.000,NORMAL,1,ROUTE,,,,,T2_REVERSE_TO_FORWARD
423.7769,-38.5627,-26.7104,0.000,NORMAL,1,ROUTE,,,,,T2_REVERSE_TO_FORWARD
423.8769,-38.5785,-26.6116,0.000,NORMAL,1,ROUTE,,,,,T2_REVERSE_TO_FORWARD
423.9769,-38.5940,-26.5128,0.000,NORMAL,1,ROUTE,,,,,T2_REVERSE_TO_FORWARD
424.0769,-38.6093,-26.4140,0.000,NORMAL,1,ROUTE,,,,,T2_REVERSE_TO_FORWARD
424.1768,-38.6244,-26.3152,0.000,NORMAL,1,ROUTE,,,,,T2_REVERSE_TO_FORWARD
424.2769,-38.6394,-26.2163,0.000,NORMAL,1,ROUTE,,,,,T2_REVERSE_TO_FORWARD
424.3769,-38.6543,-26.1174,0.000,NORMAL,1,ROUTE,,,,,T2_REVERSE_TO_FORWARD
424.4768,-38.6692,-26.0186,0.000,NORMAL,1,ROUTE,,,,,T2_REVERSE_TO_FORWARD
424.5768,-38.6842,-25.9197,0.000,NORMAL,1,ROUTE,,,,,T2_REVERSE_TO_FORWARD
424.6769,-38.6992,-25.8208,0.000,NORMAL,1,ROUTE,,,,,T2_REVERSE_TO_FORWARD
424.7768,-38.7143,-25.7220,0.000,NORMAL,1,ROUTE,,,,,T2_REVERSE_TO_FORWARD
424.8768,-38.7296,-25.6232,0.000,NORMAL,1,ROUTE,,,,,T2_REVERSE_TO_FORWARD
424.9768,-38.7451,-25.5244,0.000,NORMAL,1,ROUTE,,,,,T2_REVERSE_TO_FORWARD
425.0769,-38.7609,-25.4256,0.000,NORMAL,1,ROUTE,,,,,T2_REVERSE_TO_FORWARD
425.1769,-38.7770,-25.3269,0.000,NORMAL,1,ROUTE,,,,,T2_REVERSE_TO_FORWARD
425.2768,-38.7935,-25.2283,0.000,NORMAL,1,ROUTE,,,,,T2_REVERSE_TO_FORWARD
425.3768,-38.8105,-25.1298,0.000,NORMAL,1,ROUTE,,,,,T2_REVERSE_TO_FORWARD
425.4768,-38.8280,-25.0313,0.000,NORMAL,1,ROUTE,,,,,T2_REVERSE_TO_FORWARD
425.5768,-38.8462,-24.9330,0.000,NORMAL,1,ROUTE,,,,,T2_REVERSE_TO_FORWARD
425.6768,-38.8651,-24.8348,0.000,NORMAL,1,ROUTE,,,,,T2_REVERSE_TO_FORWARD
425.7768,-38.8849,-24.7368,0.000,NORMAL,1,ROUTE,,,,,T2_REVERSE_TO_FORWARD
425.8768,-38.9058,-24.6390,0.000,NORMAL,1,ROUTE,,,,,T2_REVERSE_TO_FORWARD
425.9768,-38.9277,-24.5414,0.000,NORMAL,1,ROUTE,,,,,T2_REVERSE_TO_FORWARD
426.0768,-38.9510,-24.4442,0.000,NORMAL,1,ROUTE,,,,,T2_REVERSE_TO_FORWARD
426.1768,-38.9758,-24.3473,0.000,NORMAL,1,ROUTE,,,,,T2_REVERSE_TO_FORWARD
426.2768,-39.0023,-24.2509,0.000,NORMAL,1,ROUTE,,,,,T2_REVERSE_TO_FORWARD
426.3768,-39.0306,-24.1550,0.000,NORMAL,1,ROUTE,,,,,T2_REVERSE_TO_FORWARD
426.4768,-39.0610,-24.0597,0.000,NORMAL,1,ROUTE,,,,,T2_REVERSE_TO_FORWARD
426.5768,-39.0935,-23.9651,0.000,NORMAL,1,ROUTE,,,,,T2_REVERSE_TO_FORWARD
426.6768,-39.1284,-23.8714,0.000,NORMAL,1,ROUTE,,,,,T2_REVERSE_TO_FORWARD
426.7768,-39.1659,-23.7787,0.000,NORMAL,1,ROUTE,,,,,T2_REVERSE_TO_FORWARD
426.8768,-39.2061,-23.6872,0.000,NORMAL,1,ROUTE,,,,,T2_REVERSE_TO_FORWARD
426.9768,-39.2491,-23.5969,0.000,NORMAL,1,ROUTE,,,,,T2_REVERSE_TO_FORWARD
427.0767,-39.2948,-23.5080,0.000,NORMAL,1,ROUTE,,,,,T2_REVERSE_TO_FORWARD
427.1767,-39.3432,-23.4205,0.000,NORMAL,1,ROUTE,,,,,T2_REVERSE_TO_FORWARD
427.2768,-39.3943,-23.3345,0.000,NORMAL,1,ROUTE,,,,,T2_REVERSE_TO_FORWARD
427.3767,-39.4480,-23.2502,0.000,NORMAL,1,ROUTE,,,,,T2_REVERSE_TO_FORWARD
427.4767,-39.5042,-23.1675,0.000,NORMAL,1,ROUTE,,,,,T2_REVERSE_TO_FORWARD
427.5767,-39.5629,-23.0865,0.000,NORMAL,1,ROUTE,,,,,T2_REVERSE_TO_FORWARD
427.6767,-39.6241,-23.0074,0.000,NORMAL,1,ROUTE,,,,,T2_REVERSE_TO_FORWARD
427.7767,-39.6877,-22.9303,0.000,NORMAL,1,ROUTE,,,,,T2_REVERSE_TO_FORWARD
427.8767,-39.7537,-22.8551,0.000,NORMAL,1,ROUTE,,,,,T2_REVERSE_TO_FORWARD
427.9767,-39.8220,-22.7821,0.000,NORMAL,1,ROUTE,,,,,T2_REVERSE_TO_FORWARD
428.0767,-39.8925,-22.7112,0.000,NORMAL,1,ROUTE,,,,,T2_REVERSE_TO_FORWARD
428.1766,-39.9651,-22.6425,0.000,NORMAL,1,ROUTE,,,,,T2_REVERSE_TO_FORWARD
428.2767,-40.0398,-22.5760,0.000,NORMAL,1,ROUTE,,,,,T2_REVERSE_TO_FORWARD
428.3766,-40.1163,-22.5117,0.000,NORMAL,1,ROUTE,,,,,T2_REVERSE_TO_FORWARD
428.4767,-40.1948,-22.4496,0.000,NORMAL,1,ROUTE,,,,,T2_REVERSE_TO_FORWARD
428.5766,-40.2749,-22.3899,0.000,NORMAL,1,ROUTE,,,,,T2_REVERSE_TO_FORWARD
428.6766,-40.3567,-22.3323,0.000,NORMAL,1,ROUTE,,,,,T2_REVERSE_TO_FORWARD
428.7766,-40.4399,-22.2769,0.000,NORMAL,1,ROUTE,,,,,T2_REVERSE_TO_FORWARD
428.8767,-40.5244,-22.2233,0.000,NORMAL,1,ROUTE,,,,,T2_REVERSE_TO_FORWARD
428.9766,-40.6099,-22.1715,0.000,NORMAL,1,ROUTE,,,,,T2_REVERSE_TO_FORWARD
429.0766,-40.6962,-22.1210,0.000,NORMAL,1,ROUTE,,,,,T2_REVERSE_TO_FORWARD
429.1766,-40.7833,-22.0718,0.000,NORMAL,1,ROUTE,,,,,T2_REVERSE_TO_FORWARD
429.2766,-40.8709,-22.0236,0.000,NORMAL,1,ROUTE,,,,,T2_REVERSE_TO_FORWARD
429.3766,-40.9590,-21.9763,0.000,NORMAL,1,ROUTE,,,,,T2_REVERSE_TO_FORWARD
429.4767,-41.0474,-21.9295,0.000,NORMAL,1,ROUTE,,,,,T2_REVERSE_TO_FORWARD
429.5766,-41.1360,-21.8832,0.000,NORMAL,1,ROUTE,,,,,T2_REVERSE_TO_FORWARD
429.6766,-41.2248,-21.8373,0.000,NORMAL,1,ROUTE,,,,,T2_REVERSE_TO_FORWARD
429.7766,-41.3138,-21.7917,0.000,NORMAL,1,ROUTE,,,,,T2_REVERSE_TO_FORWARD
429.8766,-41.4029,-21.7463,0.000,NORMAL,1,ROUTE,,,,,T2_REVERSE_TO_FORWARD
429.9766,-41.4921,-21.7010,0.000,NORMAL,1,ROUTE,,,,,T2_REVERSE_TO_FORWARD
430.0766,-41.5813,-21.6559,0.000,NORMAL,1,ROUTE,,,,,T2_REVERSE_TO_FORWARD
430.1766,-41.6706,-21.6109,0.000,NORMAL,1,ROUTE,,,,,T2_REVERSE_TO_FORWARD
430.2766,-41.7600,-21.5660,0.000,NORMAL,1,ROUTE,,,,,T2_REVERSE_TO_FORWARD
430.3766,-41.8494,-21.5213,0.000,NORMAL,1,ROUTE,,,,,T2_REVERSE_TO_FORWARD
430.4766,-41.9390,-21.4769,0.000,NORMAL,1,ROUTE,,,,,T2_REVERSE_TO_FORWARD
430.5765,-42.0286,-21.4326,0.000,NORMAL,1,ROUTE,,,,,T2_REVERSE_TO_FORWARD
430.6766,-42.1184,-21.3885,0.000,NORMAL,1,ROUTE,,,,,T2_REVERSE_TO_FORWARD
430.7766,-42.2083,-21.3447,0.000,NORMAL,1,ROUTE,,,,,T2_REVERSE_TO_FORWARD
430.8766,-42.2983,-21.3010,0.000,NORMAL,1,ROUTE,,,,,T2_REVERSE_TO_FORWARD
430.9766,-42.3883,-21.2575,0.000,NORMAL,1,ROUTE,,,,,T2_REVERSE_TO_FORWARD
431.0765,-42.4784,-21.2142,0.000,NORMAL,1,ROUTE,,,,,T2_REVERSE_TO_FORWARD
431.1766,-42.5686,-21.1709,0.000,NORMAL,1,ROUTE,,,,,T2_REVERSE_TO_FORWARD
431.2766,-42.6588,-21.1277,0.000,NORMAL,1,ROUTE,,,,,T2_REVERSE_TO_FORWARD
431.3766,-42.7490,-21.0846,0.000,NORMAL,1,ROUTE,,,,,T2_REVERSE_TO_FORWARD
431.4765,-42.8392,-21.0415,0.000,NORMAL,1,ROUTE,,,,,T2_REVERSE_TO_FORWARD
431.5766,-42.9295,-20.9984,0.000,NORMAL,1,ROUTE,,,,,T2_REVERSE_TO_FORWARD
431.6765,-43.0197,-20.9554,0.000,NORMAL,1,ROUTE,,,,,T2_REVERSE_TO_FORWARD
431.7766,-43.1101,-20.9125,0.000,NORMAL,1,ROUTE,,,,,T2_REVERSE_TO_FORWARD
431.8766,-43.2005,-20.8698,0.000,NORMAL,1,ROUTE,,,,,T2_REVERSE_TO_FORWARD
431.9765,-43.2909,-20.8272,0.000,NORMAL,1,ROUTE,,,,,T2_REVERSE_TO_FORWARD
432.0765,-43.3815,-20.7849,0.000,NORMAL,1,ROUTE,,,,,T2_REVERSE_TO_FORWARD
432.1765,-43.4723,-20.7429,0.000,NORMAL,1,ROUTE,,,,,T2_REVERSE_TO_FORWARD
432.2765,-43.5632,-20.7012,0.000,NORMAL,1,ROUTE,,,,,T2_REVERSE_TO_FORWARD
432.3765,-43.6543,-20.6600,0.000,NORMAL,1,ROUTE,,,,,T2_REVERSE_TO_FORWARD
432.4765,-43.7456,-20.6193,0.000,NORMAL,1,ROUTE,,,,,T2_REVERSE_TO_FORWARD
432.5766,-43.8372,-20.5790,0.000,NORMAL,1,ROUTE,,,,,T2_REVERSE_TO_FORWARD
432.6765,-43.9289,-20.5392,0.000,NORMAL,1,ROUTE,,,,,T2_REVERSE_TO_FORWARD
432.7765,-44.0208,-20.4999,0.000,NORMAL,1,ROUTE,,,,,T2_REVERSE_TO_FORWARD
432.8765,-44.1129,-20.4609,0.000,NORMAL,1,ROUTE,,,,,T2_REVERSE_TO_FORWARD
432.9765,-44.2052,-20.4224,0.000,NORMAL,1,ROUTE,,,,,T2_REVERSE_TO_FORWARD
433.0765,-44.2976,-20.3841,0.000,NORMAL,1,ROUTE,,,,,T2_REVERSE_TO_FORWARD
433.1764,-44.3900,-20.3461,0.000,NORMAL,1,ROUTE,,,,,T2_REVERSE_TO_FORWARD
433.2765,-44.4826,-20.3082,0.000,NORMAL,1,ROUTE,,,,,T2_REVERSE_TO_FORWARD
433.3765,-44.5752,-20.2705,0.000,NORMAL,1,ROUTE,,,,,T2_REVERSE_TO_FORWARD
433.4765,-44.6679,-20.2329,0.000,NORMAL,1,ROUTE,,,,,T2_REVERSE_TO_FORWARD
433.5764,-44.7605,-20.1953,0.000,NORMAL,1,ROUTE,,,,,T2_REVERSE_TO_FORWARD
433.6764,-44.8531,-20.1576,0.000,NORMAL,1,ROUTE,,,,,T2_REVERSE_TO_FORWARD
433.7765,-44.9457,-20.1197,0.000,NORMAL,1,ROUTE,,,,,T2_REVERSE_TO_FORWARD
433.8765,-45.0382,-20.0817,0.000,NORMAL,1,ROUTE,,,,,T2_REVERSE_TO_FORWARD
433.9765,-45.1306,-20.0435,0.000,NORMAL,1,ROUTE,,,,,T2_REVERSE_TO_FORWARD
434.0764,-45.2228,-20.0049,0.000,NORMAL,1,ROUTE,,,,,T2_REVERSE_TO_FORWARD
434.1765,-45.3150,-19.9660,0.000,NORMAL,1,ROUTE,,,,,T2_REVERSE_TO_FORWARD
434.2764,-45.4069,-19.9268,0.000,NORMAL,1,ROUTE,,,,,T2_REVERSE_TO_FORWARD
434.3764,-45.4987,-19.8871,0.000,NORMAL,1,ROUTE,,,,,T2_REVERSE_TO_FORWARD
434.4765,-45.5904,-19.8471,0.000,NORMAL,1,ROUTE,,,,,T2_REVERSE_TO_FORWARD
434.5765,-45.6819,-19.8067,0.000,NORMAL,1,ROUTE,,,,,T2_REVERSE_TO_FORWARD
434.6764,-45.7732,-19.7661,0.000,NORMAL,1,ROUTE,,,,,T2_REVERSE_TO_FORWARD
434.7764,-45.8644,-19.7251,0.000,NORMAL,1,ROUTE,,,,,T2_REVERSE_TO_FORWARD
434.8765,-45.9556,-19.6839,0.000,NORMAL,1,ROUTE,,,,,T2_REVERSE_TO_FORWARD
434.9764,-46.0466,-19.6426,0.000,NORMAL,1,ROUTE,,,,,T2_REVERSE_TO_FORWARD
435.0764,-46.1376,-19.6011,0.000,NORMAL,1,ROUTE,,,,,T2_REVERSE_TO_FORWARD
435.1765,-46.2286,-19.5595,0.000,NORMAL,1,ROUTE,,,,,T2_REVERSE_TO_FORWARD
435.2764,-46.3195,-19.5180,0.000,NORMAL,1,ROUTE,,,,,T2_REVERSE_TO_FORWARD
435.3764,-46.4105,-19.4765,0.000,NORMAL,1,ROUTE,,,,,T2_REVERSE_TO_FORWARD
435.4764,-46.5015,-19.4351,0.000,NORMAL,1,ROUTE,,,,,T2_REVERSE_TO_FORWARD
435.5764,-46.5926,-19.3939,0.000,NORMAL,1,ROUTE,,,,,T2_REVERSE_TO_FORWARD
435.6764,-46.6839,-19.3530,0.000,NORMAL,1,ROUTE,,,,,T2_REVERSE_TO_FORWARD
435.7764,-46.7752,-19.3123,0.000,NORMAL,1,ROUTE,,,,,T2_REVERSE_TO_FORWARD
435.8765,-46.8668,-19.2720,0.000,NORMAL,1,ROUTE,,,,,T2_REVERSE_TO_FORWARD
435.9764,-46.9585,-19.2322,0.000,NORMAL,1,ROUTE,,,,,T2_REVERSE_TO_FORWARD
436.0764,-47.0504,-19.1928,0.000,NORMAL,1,ROUTE,,,,,T2_REVERSE_TO_FORWARD
436.1764,-47.1425,-19.1539,0.000,NORMAL,1,ROUTE,,,,,T2_REVERSE_TO_FORWARD
436.2764,-47.2349,-19.1156,0.000,NORMAL,1,ROUTE,,,,,T2_REVERSE_TO_FORWARD
436.3764,-47.3275,-19.0778,0.000,NORMAL,1,ROUTE,,,,,T2_REVERSE_TO_FORWARD
436.4764,-47.4203,-19.0406,0.000,NORMAL,1,ROUTE,,,,,T2_REVERSE_TO_FORWARD
436.5764,-47.5133,-19.0038,0.000,NORMAL,1,ROUTE,,,,,T2_REVERSE_TO_FORWARD
436.6764,-47.6064,-18.9675,0.000,NORMAL,1,ROUTE,,,,,T2_REVERSE_TO_FORWARD
436.7764,-47.6997,-18.9315,0.000,NORMAL,1,ROUTE,,,,,T2_REVERSE_TO_FORWARD
436.8763,-47.7931,-18.8958,0.000,NORMAL,1,ROUTE,,,,,T2_REVERSE_TO_FORWARD
436.9764,-47.8866,-18.8603,0.000,NORMAL,1,ROUTE,,,,,T2_REVERSE_TO_FORWARD
437.0763,-47.9801,-18.8249,0.000,NORMAL,1,ROUTE,,,,,T2_REVERSE_TO_FORWARD
437.1764,-48.0737,-18.7896,0.000,NORMAL,1,ROUTE,,,,,T2_REVERSE_TO_FORWARD
437.2763,-48.1672,-18.7543,0.000,NORMAL,1,ROUTE,,,,,T2_REVERSE_TO_FORWARD
437.3763,-48.2607,-18.7188,0.000,NORMAL,1,ROUTE,,,,,T2_REVERSE_TO_FORWARD
437.4763,-48.3541,-18.6831,0.000,NORMAL,1,ROUTE,,,,,T2_REVERSE_TO_FORWARD
437.5764,-48.4474,-18.6470,0.000,NORMAL,1,ROUTE,,,,,T2_REVERSE_TO_FORWARD
437.6763,-48.5405,-18.6106,0.000,NORMAL,1,ROUTE,,,,,T2_REVERSE_TO_FORWARD
437.7764,-48.6335,-18.5737,0.000,NORMAL,1,ROUTE,,,,,T2_REVERSE_TO_FORWARD
437.8764,-48.7262,-18.5362,0.000,NORMAL,1,ROUTE,,,,,T2_REVERSE_TO_FORWARD
437.9763,-48.8186,-18.4981,0.000,NORMAL,1,ROUTE,,,,,T2_REVERSE_TO_FORWARD
438.0763,-48.9108,-18.4594,0.000,NORMAL,1,ROUTE,,,,,T2_REVERSE_TO_FORWARD
438.1763,-49.0028,-18.4202,0.000,NORMAL,1,ROUTE,,,,,T2_REVERSE_TO_FORWARD
438.2763,-49.0945,-18.3803,0.000,NORMAL,1,ROUTE,,,,,T2_REVERSE_TO_FORWARD
438.3763,-49.1860,-18.3400,0.000,NORMAL,1,ROUTE,,,,,T2_REVERSE_TO_FORWARD
438.4763,-49.2774,-18.2994,0.000,NORMAL,1,ROUTE,,,,,T2_REVERSE_TO_FORWARD
438.5763,-49.3687,-18.2586,0.000,NORMAL,1,ROUTE,,,,,T2_REVERSE_TO_FORWARD
438.6763,-49.4599,-18.2177,0.000,NORMAL,1,ROUTE,,,,,T2_REVERSE_TO_FORWARD
438.7763,-49.5512,-18.1768,0.000,NORMAL,1,ROUTE,,,,,T2_REVERSE_TO_FORWARD
438.8764,-49.6426,-18.1361,0.000,NORMAL,1,ROUTE,,,,,T2_REVERSE_TO_FORWARD
438.9763,-49.7340,-18.0957,0.000,NORMAL,1,ROUTE,,,,,T2_REVERSE_TO_FORWARD
439.0763,-49.8256,-18.0556,0.000,NORMAL,1,ROUTE,,,,,T2_REVERSE_TO_FORWARD
439.1762,-49.9173,-18.0158,0.000,NORMAL,1,ROUTE,,,,,T2_REVERSE_TO_FORWARD
439.2763,-50.0092,-17.9763,0.000,NORMAL,1,ROUTE,,,,,T2_REVERSE_TO_FORWARD
439.3762,-50.1012,-17.9372,0.000,NORMAL,1,ROUTE,,,,,T2_REVERSE_TO_FORWARD
439.4763,-50.1934,-17.8983,0.000,NORMAL,1,ROUTE,,,,,T2_REVERSE_TO_FORWARD
439.5763,-50.2856,-17.8597,0.000,NORMAL,1,ROUTE,,,,,T2_REVERSE_TO_FORWARD
439.6762,-50.3779,-17.8213,0.000,NORMAL,1,ROUTE,,,,,T2_REVERSE_TO_FORWARD
439.7763,-50.4703,-17.7830,0.000,NORMAL,1,ROUTE,,,,,T2_REVERSE_TO_FORWARD
439.8762,-50.5627,-17.7448,0.000,NORMAL,1,ROUTE,,,,,T2_REVERSE_TO_FORWARD
439.9762,-50.6551,-17.7066,0.000,NORMAL,1,ROUTE,,,,,T2_REVERSE_TO_FORWARD
440.0762,-50.7475,-17.6684,0.000,NORMAL,1,ROUTE,,,,,T2_REVERSE_TO_FORWARD
440.1762,-50.8399,-17.6301,0.000,NORMAL,1,ROUTE,,,,,T2_REVERSE_TO_FORWARD
440.2762,-50.9322,-17.5916,0.000,NORMAL,1,ROUTE,,,,,T2_REVERSE_TO_FORWARD
440.3762,-51.0245,-17.5531,0.000,NORMAL,1,ROUTE,,,,,T2_REVERSE_TO_FORWARD
440.4763,-51.1167,-17.5143,0.000,NORMAL,1,ROUTE,,,,,T2_REVERSE_TO_FORWARD
440.5763,-51.2088,-17.4754,0.000,NORMAL,1,ROUTE,,,,,T2_REVERSE_TO_FORWARD
440.6762,-51.3008,-17.4363,0.000,NORMAL,1,ROUTE,,,,,T2_REVERSE_TO_FORWARD
440.7763,-51.3928,-17.3970,0.000,NORMAL,1,ROUTE,,,,,T2_REVERSE_TO_FORWARD
440.8763,-51.4847,-17.3576,0.000,NORMAL,1,ROUTE,,,,,T2_REVERSE_TO_FORWARD
440.9762,-51.5765,-17.3180,0.000,NORMAL,1,ROUTE,,,,,T2_REVERSE_TO_FORWARD
441.0763,-51.6684,-17.2785,0.000,NORMAL,1,ROUTE,,,,,T2_REVERSE_TO_FORWARD
441.1762,-51.7602,-17.2390,0.000,NORMAL,1,ROUTE,,,,,T2_REVERSE_TO_FORWARD
441.2762,-51.8522,-17.1997,0.000,NORMAL,1,ROUTE,,,,,T2_REVERSE_TO_FORWARD
441.3762,-51.9442,-17.1606,0.000,NORMAL,1,ROUTE,,,,,T2_REVERSE_TO_FORWARD
441.4762,-52.0364,-17.1219,0.000,NORMAL,1,ROUTE,,,,,T2_REVERSE_TO_FORWARD
441.5762,-52.1288,-17.0837,0.000,NORMAL,1,ROUTE,,,,,T2_REVERSE_TO_FORWARD
441.6762,-52.2214,-17.0460,0.000,NORMAL,1,ROUTE,,,,,T2_REVERSE_TO_FORWARD
441.7762,-52.3143,-17.0089,0.000,NORMAL,1,ROUTE,,,,,T2_REVERSE_TO_FORWARD
441.8762,-52.4074,-16.9724,0.000,NORMAL,1,ROUTE,,,,,T2_REVERSE_TO_FORWARD
441.9762,-52.5008,-16.9366,0.000,NORMAL,1,ROUTE,,,,,T2_REVERSE_TO_FORWARD
442.0762,-52.5944,-16.9015,0.000,NORMAL,1,ROUTE,,,,,T2_REVERSE_TO_FORWARD
442.1762,-52.6882,-16.8669,0.000,NORMAL,1,ROUTE,,,,,T2_REVERSE_TO_FORWARD
442.2762,-52.7823,-16.8329,0.000,NORMAL,1,ROUTE,,,,,T2_REVERSE_TO_FORWARD
442.3762,-52.8765,-16.7995,0.000,NORMAL,1,ROUTE,,,,,T2_REVERSE_TO_FORWARD
442.4762,-52.9710,-16.7666,0.000,NORMAL,1,ROUTE,,,,,T2_REVERSE_TO_FORWARD
442.5762,-53.0656,-16.7342,0.000,NORMAL,1,ROUTE,,,,,T2_REVERSE_TO_FORWARD
442.6762,-53.1603,-16.7022,0.000,NORMAL,1,ROUTE,,,,,T2_REVERSE_TO_FORWARD
442.7761,-53.2551,-16.6705,0.000,NORMAL,1,ROUTE,,,,,T2_REVERSE_TO_FORWARD
442.8761,-53.3500,-16.6390,0.000,NORMAL,1,ROUTE,,,,,T2_REVERSE_TO_FORWARD
442.9761,-53.4450,-16.6078,0.000,NORMAL,1,ROUTE,,,,,T2_REVERSE_TO_FORWARD
443.0761,-53.5400,-16.5766,0.000,NORMAL,1,ROUTE,,,,,T2_REVERSE_TO_FORWARD
443.1761,-53.6350,-16.5454,0.000,NORMAL,1,ROUTE,,,,,T2_REVERSE_TO_FORWARD
443.2761,-53.7300,-16.5141,0.000,NORMAL,1,ROUTE,,,,,T2_REVERSE_TO_FORWARD
443.3761,-53.8249,-16.4826,0.000,NORMAL,1,ROUTE,,,,,T2_REVERSE_TO_FORWARD
443.4761,-53.9197,-16.4508,0.000,NORMAL,1,ROUTE,,,,,T2_REVERSE_TO_FORWARD
443.5762,-54.0145,-16.4187,0.000,NORMAL,1,ROUTE,,,,,T2_REVERSE_TO_FORWARD
443.6761,-54.1090,-16.3862,0.000,NORMAL,1,ROUTE,,,,,T2_REVERSE_TO_FORWARD
443.7761,-54.2034,-16.3533,0.000,NORMAL,1,ROUTE,,,,,T2_REVERSE_TO_FORWARD
443.8762,-54.2977,-16.3198,0.000,NORMAL,1,ROUTE,,,,,T2_REVERSE_TO_FORWARD
443.9761,-54.3917,-16.2859,0.000,NORMAL,1,ROUTE,,,,,T2_REVERSE_TO_FORWARD
444.0761,-54.4856,-16.2514,0.000,NORMAL,1,ROUTE,,,,,T2_REVERSE_TO_FORWARD
444.1761,-54.5792,-16.2163,0.000,NORMAL,1,ROUTE,,,,,T2_REVERSE_TO_FORWARD
444.2762,-54.6727,-16.1807,0.000,NORMAL,1,ROUTE,,,,,T2_REVERSE_TO_FORWARD
444.3761,-54.7659,-16.1445,0.000,NORMAL,1,ROUTE,,,,,T2_REVERSE_TO_FORWARD
444.4761,-54.8589,-16.1078,0.000,NORMAL,1,ROUTE,,,,,T2_REVERSE_TO_FORWARD
444.5761,-54.9517,-16.0705,0.000,NORMAL,1,ROUTE,,,,,T2_REVERSE_TO_FORWARD
444.6761,-55.0442,-16.0327,0.000,NORMAL,1,ROUTE,,,,,T2_REVERSE_TO_FORWARD
444.7761,-55.1366,-15.9944,0.000,NORMAL,1,ROUTE,,,,,T2_REVERSE_TO_FORWARD
444.8762,-55.2289,-15.9557,0.000,NORMAL,1,ROUTE,,,,,T2_REVERSE_TO_FORWARD
444.9761,-55.3209,-15.9168,0.000,NORMAL,1,ROUTE,,,,,T2_REVERSE_TO_FORWARD
445.0761,-55.4129,-15.8776,0.000,NORMAL,1,ROUTE,,,,,T2_REVERSE_TO_FORWARD
445.1761,-55.5049,-15.8383,0.000,NORMAL,1,ROUTE,,,,,T2_REVERSE_TO_FORWARD
445.2761,-55.5968,-15.7989,0.000,NORMAL,1,ROUTE,,,,,T2_REVERSE_TO_FORWARD
445.3761,-55.6887,-15.7594,0.000,NORMAL,1,ROUTE,,,,,T2_REVERSE_TO_FORWARD
445.4761,-55.7806,-15.7201,0.000,NORMAL,1,ROUTE,,,,,T2_REVERSE_TO_FORWARD
445.5761,-55.8726,-15.6809,0.000,NORMAL,1,ROUTE,,,,,T2_REVERSE_TO_FORWARD
445.6760,-55.9646,-15.6418,0.000,NORMAL,1,ROUTE,,,,,T2_REVERSE_TO_FORWARD
445.7761,-56.0567,-15.6028,0.000,NORMAL,1,ROUTE,,,,,T2_REVERSE_TO_FORWARD
445.8761,-56.1489,-15.5640,0.000,NORMAL,1,ROUTE,,,,,T2_REVERSE_TO_FORWARD
445.9761,-56.2411,-15.5253,0.000,NORMAL,1,ROUTE,,,,,T2_REVERSE_TO_FORWARD
446.0761,-56.3334,-15.4868,0.000,NORMAL,1,ROUTE,,,,,T2_REVERSE_TO_FORWARD
446.1761,-56.4257,-15.4483,0.000,NORMAL,1,ROUTE,,,,,T2_REVERSE_TO_FORWARD
446.2760,-56.5180,-15.4100,0.000,NORMAL,1,ROUTE,,,,,T2_REVERSE_TO_FORWARD
446.3760,-56.6104,-15.3717,0.000,NORMAL,1,ROUTE,,,,,T2_REVERSE_TO_FORWARD
446.4761,-56.7028,-15.3334,0.000,NORMAL,1,ROUTE,,,,,T2_REVERSE_TO_FORWARD
446.5761,-56.7952,-15.2951,0.000,NORMAL,1,ROUTE,,,,,T2_REVERSE_TO_FORWARD
446.6761,-56.8876,-15.2569,0.000,NORMAL,1,ROUTE,,,,,T2_REVERSE_TO_FORWARD
446.7760,-56.9799,-15.2186,0.000,NORMAL,1,ROUTE,,,,,T2_REVERSE_TO_FORWARD
446.8760,-57.0723,-15.1803,0.000,NORMAL,1,ROUTE,,,,,T2_REVERSE_TO_FORWARD
446.9761,-57.1647,-15.1420,0.000,NORMAL,1,ROUTE,,,,,T2_REVERSE_TO_FORWARD
447.0761,-57.2571,-15.1037,0.000,NORMAL,1,ROUTE,,,,,T2_REVERSE_TO_FORWARD
447.1760,-57.3494,-15.0654,0.000,NORMAL,1,ROUTE,,,,,T2_REVERSE_TO_FORWARD
447.2761,-57.4418,-15.0270,0.000,NORMAL,1,ROUTE,,,,,T2_REVERSE_TO_FORWARD
447.3760,-57.5341,-14.9887,0.000,NORMAL,1,ROUTE,,,,,T2_REVERSE_TO_FORWARD
447.4761,-57.6265,-14.9503,0.000,NORMAL,1,ROUTE,,,,,T2_REVERSE_TO_FORWARD
447.5760,-57.7188,-14.9120,0.000,NORMAL,1,ROUTE,,,,,T2_REVERSE_TO_FORWARD
447.6761,-57.8112,-14.8736,0.000,NORMAL,1,ROUTE,,,,,T2_REVERSE_TO_FORWARD
447.7760,-57.9035,-14.8352,0.000,NORMAL,1,ROUTE,,,,,T2_REVERSE_TO_FORWARD
447.8760,-57.9958,-14.7968,0.000,NORMAL,1,ROUTE,,,,,T2_REVERSE_TO_FORWARD
447.9760,-58.0881,-14.7583,0.000,NORMAL,1,ROUTE,,,,,T2_REVERSE_TO_FORWARD
448.0760,-58.1804,-14.7198,0.000,NORMAL,1,ROUTE,,,,,T2_REVERSE_TO_FORWARD
448.1760,-58.2727,-14.6813,0.000,NORMAL,1,ROUTE,,,,,T2_REVERSE_TO_FORWARD
448.2760,-58.3650,-14.6428,0.000,NORMAL,1,ROUTE,,,,,T2_REVERSE_TO_FORWARD
448.3759,-58.4572,-14.6043,0.000,NORMAL,1,ROUTE,,,,,T2_REVERSE_TO_FORWARD
448.4759,-58.5495,-14.5658,0.000,NORMAL,1,ROUTE,,,,,T2_REVERSE_TO_FORWARD
448.5760,-58.6418,-14.5273,0.000,NORMAL,1,ROUTE,,,,,T2_REVERSE_TO_FORWARD
448.6760,-58.7342,-14.4890,0.000,NORMAL,1,ROUTE,,,,,T2_REVERSE_TO_FORWARD
448.7760,-58.8267,-14.4510,0.000,NORMAL,1,ROUTE,,,,,T2_REVERSE_TO_FORWARD
448.8760,-58.9193,-14.4132,0.000,NORMAL,1,ROUTE,,,,,T2_REVERSE_TO_FORWARD
448.9760,-59.0120,-14.3757,0.000,NORMAL,1,ROUTE,,,,,T2_REVERSE_TO_FORWARD
449.0760,-59.1049,-14.3388,0.000,NORMAL,1,ROUTE,,,,,T2_REVERSE_TO_FORWARD
449.1760,-59.1980,-14.3023,0.000,NORMAL,1,ROUTE,,,,,T2_REVERSE_TO_FORWARD
449.2760,-59.2914,-14.2664,0.000,NORMAL,1,ROUTE,,,,,T2_REVERSE_TO_FORWARD
449.3759,-59.3849,-14.2312,0.000,NORMAL,1,ROUTE,,,,,T2_REVERSE_TO_FORWARD
449.4759,-59.4787,-14.1966,0.000,NORMAL,1,ROUTE,,,,,T2_REVERSE_TO_FORWARD
449.5760,-59.5728,-14.1625,0.000,NORMAL,1,ROUTE,,,,,T2_REVERSE_TO_FORWARD
449.6760,-59.6670,-14.1290,0.000,NORMAL,1,ROUTE,,,,,T2_REVERSE_TO_FORWARD
449.7759,-59.7614,-14.0961,0.000,NORMAL,1,ROUTE,,,,,T2_REVERSE_TO_FORWARD
449.8760,-59.8560,-14.0635,0.000,NORMAL,1,ROUTE,,,,,T2_REVERSE_TO_FORWARD
449.9759,-59.9506,-14.0314,0.000,NORMAL,1,ROUTE,,,,,T2_REVERSE_TO_FORWARD
450.0759,-60.0454,-13.9995,0.000,NORMAL,1,ROUTE,,,,,T2_REVERSE_TO_FORWARD
450.1759,-60.1403,-13.9679,0.000,NORMAL,1,ROUTE,,,,,T2_REVERSE_TO_FORWARD
450.2759,-60.2352,-13.9365,0.000,NORMAL,1,ROUTE,,,,,T2_REVERSE_TO_FORWARD
450.3760,-60.3302,-13.9051,0.000,NORMAL,1,ROUTE,,,,,T2_REVERSE_TO_FORWARD
450.4759,-60.4251,-13.8737,0.000,NORMAL,1,ROUTE,,,,,T2_REVERSE_TO_FORWARD
450.5759,-60.5200,-13.8422,0.000,NORMAL,1,ROUTE,,,,,T2_REVERSE_TO_FORWARD
450.6760,-60.6149,-13.8105,0.000,NORMAL,1,ROUTE,,,,,T2_REVERSE_TO_FORWARD
450.7759,-60.7096,-13.7786,0.000,NORMAL,1,ROUTE,,,,,T2_REVERSE_TO_FORWARD
450.8759,-60.8043,-13.7463,0.000,NORMAL,1,ROUTE,,,,,T2_REVERSE_TO_FORWARD
450.9759,-60.8988,-13.7136,0.000,NORMAL,1,ROUTE,,,,,T2_REVERSE_TO_FORWARD
451.0759,-60.9931,-13.6805,0.000,NORMAL,1,ROUTE,,,,,T2_REVERSE_TO_FORWARD
451.1759,-61.0873,-13.6470,0.000,NORMAL,1,ROUTE,,,,,T2_REVERSE_TO_FORWARD
451.2759,-61.1814,-13.6131,0.000,NORMAL,1,ROUTE,,,,,T2_REVERSE_TO_FORWARD
451.3759,-61.2753,-13.5788,0.000,NORMAL,1,ROUTE,,,,,T2_REVERSE_TO_FORWARD
451.4759,-61.3692,-13.5442,0.000,NORMAL,1,ROUTE,,,,,T2_REVERSE_TO_FORWARD
451.5759,-61.4629,-13.5094,0.000,NORMAL,1,ROUTE,,,,,T2_REVERSE_TO_FORWARD
451.6759,-61.5566,-13.4744,0.000,NORMAL,1,ROUTE,,,,,T2_REVERSE_TO_FORWARD
451.7759,-61.6502,-13.4393,0.000,NORMAL,1,ROUTE,,,,,T2_REVERSE_TO_FORWARD
451.8759,-61.7438,-13.4041,0.000,NORMAL,1,ROUTE,,,,,T2_REVERSE_TO_FORWARD
451.9758,-61.8374,-13.3690,0.000,NORMAL,1,ROUTE,,,,,T2_REVERSE_TO_FORWARD
452.0759,-61.9311,-13.3339,0.000,NORMAL,1,ROUTE,,,,,T2_REVERSE_TO_FORWARD
452.1759,-62.0247,-13.2988,0.000,NORMAL,1,ROUTE,,,,,T2_REVERSE_TO_FORWARD
452.2759,-62.1184,-13.2638,0.000,NORMAL,1,ROUTE,,,,,T2_REVERSE_TO_FORWARD
452.3759,-62.2121,-13.2289,0.000,NORMAL,1,ROUTE,,,,,T2_REVERSE_TO_FORWARD
452.4759,-62.3058,-13.1939,0.000,NORMAL,1,ROUTE,,,,,T2_REVERSE_TO_FORWARD
452.5759,-62.3995,-13.1590,0.000,NORMAL,1,ROUTE,,,,,T2_REVERSE_TO_FORWARD
452.6759,-62.4932,-13.1241,0.000,NORMAL,1,ROUTE,,,,,T2_REVERSE_TO_FORWARD
452.7759,-62.5869,-13.0891,0.000,NORMAL,1,ROUTE,,,,,T2_REVERSE_TO_FORWARD
452.8758,-62.6805,-13.0541,0.000,NORMAL,1,ROUTE,,,,,T2_REVERSE_TO_FORWARD
452.9759,-62.7742,-13.0190,0.000,NORMAL,1,ROUTE,,,,,T2_REVERSE_TO_FORWARD
453.0758,-62.8678,-12.9839,0.000,NORMAL,1,ROUTE,,,,,T2_REVERSE_TO_FORWARD
453.1759,-62.9615,-12.9489,0.000,NORMAL,1,ROUTE,,,,,T2_REVERSE_TO_FORWARD
453.2758,-63.0551,-12.9139,0.000,NORMAL,1,ROUTE,,,,,T2_REVERSE_TO_FORWARD
453.3759,-63.1489,-12.8790,0.000,NORMAL,1,ROUTE,,,,,T2_REVERSE_TO_FORWARD
453.4758,-63.2426,-12.8443,0.000,NORMAL,1,ROUTE,,,,,T2_REVERSE_TO_FORWARD
453.5758,-63.3365,-12.8099,0.000,NORMAL,1,ROUTE,,,,,T2_REVERSE_TO_FORWARD
453.6758,-63.4305,-12.7758,0.000,NORMAL,1,ROUTE,,,,,T2_REVERSE_TO_FORWARD
453.7758,-63.5246,-12.7420,0.000,NORMAL,1,ROUTE,,,,,T2_REVERSE_TO_FORWARD
453.8758,-63.6189,-12.7086,0.000,NORMAL,1,ROUTE,,,,,T2_REVERSE_TO_FORWARD
453.9758,-63.7132,-12.6754,0.000,NORMAL,1,ROUTE,,,,,T2_REVERSE_TO_FORWARD
454.0758,-63.8077,-12.6426,0.000,NORMAL,1,ROUTE,,,,,T2_REVERSE_TO_FORWARD
454.1759,-63.9023,-12.6101,0.000,NORMAL,1,ROUTE,,,,,T2_REVERSE_TO_FORWARD
454.2758,-63.9969,-12.5778,0.000,NORMAL,1,ROUTE,,,,,T2_REVERSE_TO_FORWARD
454.3758,-64.0916,-12.5457,0.000,NORMAL,1,ROUTE,,,,,T2_REVERSE_TO_FORWARD
454.4758,-64.1863,-12.5137,0.000,NORMAL,1,ROUTE,,,,,T2_REVERSE_TO_FORWARD
454.5758,-64.2811,-12.4819,0.000,NORMAL,1,ROUTE,,,,,T2_REVERSE_TO_FORWARD
454.6758,-64.3759,-12.4500,0.000,NORMAL,1,ROUTE,,,,,T2_REVERSE_TO_FORWARD
454.7758,-64.4707,-12.4182,0.000,NORMAL,1,ROUTE,,,,,T2_REVERSE_TO_FORWARD
454.8758,-64.5655,-12.3864,0.000,NORMAL,1,ROUTE,,,,,T2_REVERSE_TO_FORWARD
454.9758,-64.6603,-12.3545,0.000,NORMAL,1,ROUTE,,,,,T2_REVERSE_TO_FORWARD
455.0758,-64.7550,-12.3225,0.000,NORMAL,1,ROUTE,,,,,T2_REVERSE_TO_FORWARD
455.1758,-64.8498,-12.2905,0.000,NORMAL,1,ROUTE,,,,,T2_REVERSE_TO_FORWARD
455.2758,-64.9444,-12.2582,0.000,NORMAL,1,ROUTE,,,,,T2_REVERSE_TO_FORWARD
455.3757,-65.0390,-12.2259,0.000,NORMAL,1,ROUTE,,,,,T2_REVERSE_TO_FORWARD
455.4758,-65.1336,-12.1933,0.000,NORMAL,1,ROUTE,,,,,T2_REVERSE_TO_FORWARD
455.5758,-65.2281,-12.1606,0.000,NORMAL,1,ROUTE,,,,,T2_REVERSE_TO_FORWARD
455.6758,-65.3225,-12.1276,0.000,NORMAL,1,ROUTE,,,,,T2_REVERSE_TO_FORWARD
455.7758,-65.4168,-12.0944,0.000,NORMAL,1,ROUTE,,,,,T2_REVERSE_TO_FORWARD
455.8757,-65.5110,-12.0610,0.000,NORMAL,1,ROUTE,,,,,T2_REVERSE_TO_FORWARD
455.9758,-65.6052,-12.0273,0.000,NORMAL,1,ROUTE,,,,,T2_REVERSE_TO_FORWARD
456.0758,-65.6993,-11.9934,0.000,NORMAL,1,ROUTE,,,,,T2_REVERSE_TO_FORWARD
456.1757,-65.7932,-11.9592,0.000,NORMAL,1,ROUTE,,,,,T2_REVERSE_TO_FORWARD
456.2757,-65.8871,-11.9247,0.000,NORMAL,1,ROUTE,,,,,T2_REVERSE_TO_FORWARD
456.3758,-65.9809,-11.8899,0.000,NORMAL,1,ROUTE,,,,,T2_REVERSE_TO_FORWARD
456.4757,-66.0745,-11.8549,0.000,NORMAL,1,ROUTE,,,,,T2_REVERSE_TO_FORWARD
456.5758,-66.1681,-11.8196,0.000,NORMAL,1,ROUTE,,,,,T2_REVERSE_TO_FORWARD
456.6757,-66.2615,-11.7840,0.000,NORMAL,1,ROUTE,,,,,T2_REVERSE_TO_FORWARD
456.7757,-66.3549,-11.7482,0.000,NORMAL,1,ROUTE,,,,,T2_REVERSE_TO_FORWARD
456.8757,-66.4481,-11.7121,0.000,NORMAL,1,ROUTE,,,,,T2_REVERSE_TO_FORWARD
456.9757,-66.5413,-11.6759,0.000,NORMAL,1,ROUTE,,,,,T2_REVERSE_TO_FORWARD
457.0758,-66.6345,-11.6394,0.000,NORMAL,1,ROUTE,,,,,T2_REVERSE_TO_FORWARD
457.1757,-66.7275,-11.6028,0.000,NORMAL,1,ROUTE,,,,,T2_REVERSE_TO_FORWARD
457.2757,-66.8205,-11.5661,0.000,NORMAL,1,ROUTE,,,,,T2_REVERSE_TO_FORWARD
457.3757,-66.9135,-11.5293,0.000,NORMAL,1,ROUTE,,,,,T2_REVERSE_TO_FORWARD
457.4758,-67.0065,-11.4924,0.000,NORMAL,1,ROUTE,,,,,T2_REVERSE_TO_FORWARD
457.5757,-67.0994,-11.4555,0.000,NORMAL,1,ROUTE,,,,,T2_REVERSE_TO_FORWARD
457.6757,-67.1923,-11.4185,0.000,NORMAL,1,ROUTE,,,,,T2_REVERSE_TO_FORWARD
457.7757,-67.2852,-11.3815,0.000,NORMAL,1,ROUTE,,,,,T2_REVERSE_TO_FORWARD
457.8757,-67.3781,-11.3445,0.000,NORMAL,1,ROUTE,,,,,T2_REVERSE_TO_FORWARD
457.9757,-67.4710,-11.3075,0.000,NORMAL,1,ROUTE,,,,,T2_REVERSE_TO_FORWARD
458.0757,-67.5639,-11.2706,0.000,NORMAL,1,ROUTE,,,,,T2_REVERSE_TO_FORWARD
458.1757,-67.6569,-11.2337,0.000,NORMAL,1,ROUTE,,,,,T2_REVERSE_TO_FORWARD
458.2757,-67.7499,-11.1969,0.000,NORMAL,1,ROUTE,,,,,T2_REVERSE_TO_FORWARD
458.3757,-67.8429,-11.1602,0.000,NORMAL,1,ROUTE,,,,,T2_REVERSE_TO_FORWARD
458.4757,-67.9359,-11.1235,0.000,NORMAL,1,ROUTE,,,,,T2_REVERSE_TO_FORWARD
458.5757,-68.0290,-11.0870,0.000,NORMAL,1,ROUTE,,,,,T2_REVERSE_TO_FORWARD
458.6757,-68.1221,-11.0505,0.000,NORMAL,1,ROUTE,,,,,T2_REVERSE_TO_FORWARD
458.7757,-68.2152,-11.0141,0.000,NORMAL,1,ROUTE,,,,,T2_REVERSE_TO_FORWARD
458.8756,-68.3083,-10.9777,0.000,NORMAL,1,ROUTE,,,,,T2_REVERSE_TO_FORWARD
458.9757,-68.4015,-10.9413,0.000,NORMAL,1,ROUTE,,,,,T2_REVERSE_TO_FORWARD
459.0756,-68.4946,-10.9049,0.000,NORMAL,1,ROUTE,,,,,T2_REVERSE_TO_FORWARD
459.1757,-68.5878,-10.8686,0.000,NORMAL,1,ROUTE,,,,,T2_REVERSE_TO_FORWARD
459.2756,-68.6809,-10.8322,0.000,NORMAL,1,ROUTE,,,,,T2_REVERSE_TO_FORWARD
459.3757,-68.7741,-10.7958,0.000,NORMAL,1,ROUTE,,,,,T2_REVERSE_TO_FORWARD
459.4756,-68.8672,-10.7594,0.000,NORMAL,1,ROUTE,,,,,T2_REVERSE_TO_FORWARD
459.5756,-68.9603,-10.7230,0.000,NORMAL,1,ROUTE,,,,,T2_REVERSE_TO_FORWARD
459.6757,-69.0535,-10.6866,0.000,NORMAL,1,ROUTE,,,,,T2_REVERSE_TO_FORWARD
459.7756,-69.1466,-10.6502,0.000,NORMAL,1,ROUTE,,,,,T2_REVERSE_TO_FORWARD
459.8756,-69.2398,-10.6139,0.000,NORMAL,1,ROUTE,,,,,T2_REVERSE_TO_FORWARD
459.9756,-69.3330,-10.5777,0.000,NORMAL,1,ROUTE,,,,,T2_REVERSE_TO_FORWARD
460.0757,-69.4263,-10.5416,0.000,NORMAL,1,ROUTE,,,,,T2_REVERSE_TO_FORWARD
460.1756,-69.5196,-10.5058,0.000,NORMAL,1,ROUTE,,,,,T2_REVERSE_TO_FORWARD
460.2756,-69.6131,-10.4702,0.000,NORMAL,1,ROUTE,,,,,T2_REVERSE_TO_FORWARD
460.3756,-69.7066,-10.4349,0.000,NORMAL,1,ROUTE,,,,,T2_REVERSE_TO_FORWARD
460.4756,-69.8003,-10.4000,0.000,NORMAL,1,ROUTE,,,,,T2_REVERSE_TO_FORWARD
460.5756,-69.8942,-10.3655,0.000,NORMAL,1,ROUTE,,,,,T2_REVERSE_TO_FORWARD
460.6756,-69.9882,-10.3314,0.000,NORMAL,1,ROUTE,,,,,T2_REVERSE_TO_FORWARD
460.7756,-70.0823,-10.2976,0.000,NORMAL,1,ROUTE,,,,,T2_REVERSE_TO_FORWARD
460.8756,-70.1766,-10.2643,0.000,NORMAL,1,ROUTE,,,,,T2_REVERSE_TO_FORWARD
460.9756,-70.2710,-10.2313,0.000,NORMAL,1,ROUTE,,,,,T2_REVERSE_TO_FORWARD
461.0756,-70.3655,-10.1987,0.000,NORMAL,1,ROUTE,,,,,T2_REVERSE_TO_FORWARD
461.1756,-70.4601,-10.1662,0.000,NORMAL,1,ROUTE,,,,,T2_REVERSE_TO_FORWARD
461.2756,-70.5548,-10.1340,0.000,NORMAL,1,ROUTE,,,,,T2_REVERSE_TO_FORWARD
461.3756,-70.6495,-10.1019,0.000,NORMAL,1,ROUTE,,,,,T2_REVERSE_TO_FORWARD
461.4756,-70.7442,-10.0699,0.000,NORMAL,1,ROUTE,,,,,T2_REVERSE_TO_FORWARD
461.5756,-70.8390,-10.0379,0.000,NORMAL,1,ROUTE,,,,,T2_REVERSE_TO_FORWARD
461.6756,-70.9337,-10.0060,0.000,NORMAL,1,ROUTE,,,,,T2_REVERSE_TO_FORWARD
461.7756,-71.0285,-9.9741,0.000,NORMAL,1,ROUTE,,,,,T2_REVERSE_TO_FORWARD
461.8755,-71.1232,-9.9421,0.000,NORMAL,1,ROUTE,,,,,T2_REVERSE_TO_FORWARD
461.9756,-71.2180,-9.9102,0.000,NORMAL,1,ROUTE,,,,,T2_REVERSE_TO_FORWARD
462.0755,-71.3127,-9.8782,0.000,NORMAL,1,ROUTE,,,,,T2_REVERSE_TO_FORWARD
462.1756,-71.4075,-9.8462,0.000,NORMAL,1,ROUTE,,,,,T2_REVERSE_TO_FORWARD
462.2755,-71.5022,-9.8142,0.000,NORMAL,1,ROUTE,,,,,T2_REVERSE_TO_FORWARD
462.3755,-71.5969,-9.7822,0.000,NORMAL,1,ROUTE,,,,,T2_REVERSE_TO_FORWARD
462.4756,-71.6917,-9.7502,0.000,NORMAL,1,ROUTE,,,,,T2_REVERSE_TO_FORWARD
462.5755,-71.7864,-9.7182,0.000,NORMAL,1,ROUTE,,,,,T2_REVERSE_TO_FORWARD
462.6755,-71.8811,-9.6861,0.000,NORMAL,1,ROUTE,,,,,T2_REVERSE_TO_FORWARD
462.7755,-71.9758,-9.6539,0.000,NORMAL,1,ROUTE,,,,,T2_REVERSE_TO_FORWARD
462.8756,-72.0705,-9.6216,0.000,NORMAL,1,ROUTE,,,,,T2_REVERSE_TO_FORWARD
462.9755,-72.1650,-9.5891,0.000,NORMAL,1,ROUTE,,,,,T2_REVERSE_TO_FORWARD
463.0755,-72.2595,-9.5563,0.000,NORMAL,1,ROUTE,,,,,T2_REVERSE_TO_FORWARD
463.1755,-72.3538,-9.5231,0.000,NORMAL,1,ROUTE,,,,,T2_REVERSE_TO_FORWARD
463.2756,-72.4480,-9.4894,0.000,NORMAL,1,ROUTE,,,,,T2_REVERSE_TO_FORWARD
463.3755,-72.5419,-9.4553,0.000,NORMAL,1,ROUTE,,,,,T2_REVERSE_TO_FORWARD
463.4755,-72.6357,-9.4205,0.000,NORMAL,1,ROUTE,,,,,T2_REVERSE_TO_FORWARD
463.5755,-72.7292,-9.3851,0.000,NORMAL,1,ROUTE,,,,,T2_REVERSE_TO_FORWARD
463.6755,-72.8225,-9.3491,0.000,NORMAL,1,ROUTE,,,,,T2_REVERSE_TO_FORWARD
463.7755,-72.9156,-9.3126,0.000,NORMAL,1,ROUTE,,,,,T2_REVERSE_TO_FORWARD
463.8755,-73.0085,-9.2756,0.000,NORMAL,1,ROUTE,,,,,T2_REVERSE_TO_FORWARD
463.9755,-73.1013,-9.2384,0.000,NORMAL,1,ROUTE,,,,,T2_REVERSE_TO_FORWARD
464.0755,-73.1941,-9.2010,0.000,NORMAL,1,ROUTE,,,,,T2_REVERSE_TO_FORWARD
464.1755,-73.2868,-9.1636,0.000,NORMAL,1,ROUTE,,,,,T2_REVERSE_TO_FORWARD
464.2755,-73.3797,-9.1266,0.000,NORMAL,1,ROUTE,,,,,T2_REVERSE_TO_FORWARD
464.3754,-73.4727,-9.0900,0.000,NORMAL,1,ROUTE,,,,,T2_REVERSE_TO_FORWARD
464.4754,-73.5660,-9.0540,0.000,NORMAL,1,ROUTE,,,,,T2_REVERSE_TO_FORWARD
464.5754,-73.6596,-9.0188,0.000,NORMAL,1,ROUTE,,,,,T2_REVERSE_TO_FORWARD
464.6755,-73.7536,-8.9845,0.000,NORMAL,1,ROUTE,,,,,T2_REVERSE_TO_FORWARD
464.7755,-73.8479,-8.9513,0.000,NORMAL,1,ROUTE,,,,,T2_REVERSE_TO_FORWARD
464.8755,-73.9426,-8.9192,0.000,NORMAL,1,ROUTE,,,,,T2_REVERSE_TO_FORWARD
464.9754,-74.0376,-8.8881,0.000,NORMAL,1,ROUTE,,,,,T2_REVERSE_TO_FORWARD
465.0755,-74.1330,-8.8579,0.000,NORMAL,1,ROUTE,,,,,T2_REVERSE_TO_FORWARD
465.1754,-74.2286,-8.8287,0.000,NORMAL,1,ROUTE,,,,,T2_REVERSE_TO_FORWARD
465.2754,-74.3244,-8.8002,0.000,NORMAL,1,ROUTE,,,,,T2_REVERSE_TO_FORWARD
465.3755,-74.4205,-8.7723,0.000,NORMAL,1,ROUTE,,,,,T2_REVERSE_TO_FORWARD
465.4755,-74.5167,-8.7450,0.000,NORMAL,1,ROUTE,,,,,T2_REVERSE_TO_FORWARD
465.5755,-74.6130,-8.7180,0.000,NORMAL,1,ROUTE,,,,,T2_REVERSE_TO_FORWARD
465.6755,-74.7094,-8.6914,0.000,NORMAL,1,ROUTE,,,,,T2_REVERSE_TO_FORWARD
465.7754,-74.8058,-8.6651,0.000,NORMAL,1,ROUTE,,,,,T2_REVERSE_TO_FORWARD
465.8755,-74.9024,-8.6390,0.000,NORMAL,1,ROUTE,,,,,T2_REVERSE_TO_FORWARD
465.9754,-74.9989,-8.6130,0.000,NORMAL,1,ROUTE,,,,,T2_REVERSE_TO_FORWARD
466.0754,-75.0955,-8.5871,0.000,NORMAL,1,ROUTE,,,,,T2_REVERSE_TO_FORWARD
466.1754,-75.1922,-8.5615,0.000,NORMAL,1,ROUTE,,,,,T2_REVERSE_TO_FORWARD
466.2755,-75.2889,-8.5360,0.000,NORMAL,1,ROUTE,,,,,T2_REVERSE_TO_FORWARD
466.3754,-75.3856,-8.5107,0.000,NORMAL,1,ROUTE,,,,,T2_REVERSE_TO_FORWARD
466.4754,-75.4824,-8.4856,0.000,NORMAL,1,ROUTE,,,,,T2_REVERSE_TO_FORWARD
466.5754,-75.5793,-8.4609,0.000,NORMAL,1,ROUTE,,,,,T2_REVERSE_TO_FORWARD
466.6754,-75.6763,-8.4366,0.000,NORMAL,1,ROUTE,,,,,T2_REVERSE_TO_FORWARD
466.7754,-75.7734,-8.4127,0.000,NORMAL,1,ROUTE,,,,,T2_REVERSE_TO_FORWARD
466.8754,-75.8706,-8.3893,0.000,NORMAL,1,ROUTE,,,,,T2_REVERSE_TO_FORWARD
466.9754,-75.9680,-8.3665,0.000,NORMAL,1,ROUTE,,,,,T2_REVERSE_TO_FORWARD
467.0754,-76.0655,-8.3444,0.000,NORMAL,1,ROUTE,,,,,T2_REVERSE_TO_FORWARD
467.1754,-76.1632,-8.3230,0.000,NORMAL,1,ROUTE,,,,,T2_REVERSE_TO_FORWARD
467.2753,-76.2610,-8.3025,0.000,NORMAL,1,ROUTE,,,,,T2_REVERSE_TO_FORWARD
467.3754,-76.3591,-8.2828,0.000,NORMAL,1,ROUTE,,,,,T2_REVERSE_TO_FORWARD
467.4754,-76.4573,-8.2640,0.000,NORMAL,1,ROUTE,,,,,T2_REVERSE_TO_FORWARD
467.5754,-76.5557,-8.2462,0.000,NORMAL,1,ROUTE,,,,,T2_REVERSE_TO_FORWARD
467.6753,-76.6542,-8.2291,0.000,NORMAL,1,ROUTE,,,,,T2_REVERSE_TO_FORWARD
467.7754,-76.7529,-8.2129,0.000,NORMAL,1,ROUTE,,,,,T2_REVERSE_TO_FORWARD
467.8754,-76.8517,-8.1975,0.000,NORMAL,1,ROUTE,,,,,T2_REVERSE_TO_FORWARD
467.9753,-76.9506,-8.1828,0.000,NORMAL,1,ROUTE,,,,,T2_REVERSE_TO_FORWARD
468.0753,-77.0496,-8.1689,0.000,NORMAL,1,ROUTE,,,,,T2_REVERSE_TO_FORWARD
468.1754,-77.1488,-8.1557,0.000,NORMAL,1,ROUTE,,,,,T2_REVERSE_TO_FORWARD
468.2754,-77.2480,-8.1432,0.000,NORMAL,1,ROUTE,,,,,T2_REVERSE_TO_FORWARD
468.3754,-77.3473,-8.1315,0.000,NORMAL,1,ROUTE,,,,,T2_REVERSE_TO_FORWARD
468.4754,-77.4467,-8.1205,0.000,NORMAL,1,ROUTE,,,,,T2_REVERSE_TO_FORWARD
468.5754,-77.5462,-8.1103,0.000,NORMAL,1,ROUTE,,,,,T2_REVERSE_TO_FORWARD
468.6753,-77.6457,-8.1010,0.000,NORMAL,1,ROUTE,,,,,T2_REVERSE_TO_FORWARD
468.7753,-77.7453,-8.0925,0.000,NORMAL,1,ROUTE,,,,,T2_REVERSE_TO_FORWARD
468.8754,-77.8451,-8.0849,0.000,NORMAL,1,ROUTE,,,,,T2_REVERSE_TO_FORWARD
468.9753,-77.9448,-8.0782,0.000,NORMAL,1,ROUTE,,,,,T2_REVERSE_TO_FORWARD
469.0754,-78.0447,-8.0724,0.000,NORMAL,1,ROUTE,,,,,T2_REVERSE_TO_FORWARD
469.1753,-78.1445,-8.0677,0.000,NORMAL,1,ROUTE,,,,,T2_REVERSE_TO_FORWARD
469.2753,-78.2445,-8.0642,0.000,NORMAL,1,ROUTE,,,,,T2_REVERSE_TO_FORWARD
469.3753,-78.3444,-8.0618,0.000,NORMAL,1,ROUTE,,,,,T2_REVERSE_TO_FORWARD
469.4753,-78.4444,-8.0608,0.000,NORMAL,1,ROUTE,,,,,T2_REVERSE_TO_FORWARD
469.5753,-78.5444,-8.0612,0.000,NORMAL,1,ROUTE,,,,,T2_REVERSE_TO_FORWARD
469.6753,-78.6444,-8.0630,0.000,NORMAL,1,ROUTE,,,,,T2_REVERSE_TO_FORWARD
469.7753,-78.7444,-8.0663,0.000,NORMAL,1,ROUTE,,,,,T2_REVERSE_TO_FORWARD
469.8753,-78.8442,-8.0711,0.000,NORMAL,1,ROUTE,,,,,T2_REVERSE_TO_FORWARD
469.9752,-78.9440,-8.0773,0.000,NORMAL,1,ROUTE,,,,,T2_REVERSE_TO_FORWARD
470.0753,-79.0438,-8.0848,0.000,NORMAL,1,ROUTE,,,,,T2_REVERSE_TO_FORWARD
470.1753,-79.1434,-8.0936,0.000,NORMAL,1,ROUTE,,,,,T2_REVERSE_TO_FORWARD
470.2752,-79.2428,-8.1038,0.000,NORMAL,1,ROUTE,,,,,T2_REVERSE_TO_FORWARD
470.3753,-79.3422,-8.1153,0.000,NORMAL,1,ROUTE,,,,,T2_REVERSE_TO_FORWARD
470.4752,-79.4413,-8.1281,0.000,NORMAL,1,ROUTE,,,,,T2_REVERSE_TO_FORWARD
470.5753,-79.5403,-8.1425,0.000,NORMAL,1,ROUTE,,,,,T2_REVERSE_TO_FORWARD
470.6752,-79.6390,-8.1584,0.000,NORMAL,1,ROUTE,,,,,T2_REVERSE_TO_FORWARD
470.7752,-79.7374,-8.1762,0.000,NORMAL,1,ROUTE,,,,,T2_REVERSE_TO_FORWARD
470.8752,-79.8354,-8.1960,0.000,NORMAL,1,ROUTE,,,,,T2_REVERSE_TO_FORWARD
470.9753,-79.9330,-8.2181,0.000,NORMAL,1,ROUTE,,,,,T2_REVERSE_TO_FORWARD
471.0752,-80.0299,-8.2426,0.000,NORMAL,1,ROUTE,,,,,T2_REVERSE_TO_FORWARD
471.1752,-80.1261,-8.2698,0.000,NORMAL,1,ROUTE,,,,,T2_REVERSE_TO_FORWARD
471.2752,-80.2215,-8.2999,0.000,NORMAL,1,ROUTE,,,,,T2_REVERSE_TO_FORWARD
471.3752,-80.3158,-8.3330,0.000,NORMAL,1,ROUTE,,,,,T2_REVERSE_TO_FORWARD
471.4753,-80.4091,-8.3692,0.000,NORMAL,1,ROUTE,,,,,T2_REVERSE_TO_FORWARD
471.5752,-80.5012,-8.4081,0.000,NORMAL,1,ROUTE,,,,,T2_REVERSE_TO_FORWARD
471.6752,-80.5921,-8.4496,0.000,NORMAL,1,ROUTE,,,,,T2_REVERSE_TO_FORWARD
471.7752,-80.6820,-8.4935,0.000,NORMAL,1,ROUTE,,,,,T2_REVERSE_TO_FORWARD
471.8752,-80.7708,-8.5394,0.000,NORMAL,1,ROUTE,,,,,T2_REVERSE_TO_FORWARD
471.9752,-80.8587,-8.5872,0.000,NORMAL,1,ROUTE,,,,,T2_REVERSE_TO_FORWARD
472.0752,-80.9457,-8.6365,0.000,NORMAL,1,ROUTE,,,,,T2_REVERSE_TO_FORWARD
472.1752,-81.0319,-8.6871,0.000,NORMAL,1,ROUTE,,,,,T2_REVERSE_TO_FORWARD
472.2751,-81.1174,-8.7389,0.000,NORMAL,1,ROUTE,,,,,T2_REVERSE_TO_FORWARD
472.3752,-81.2023,-8.7918,0.000,NORMAL,1,ROUTE,,,,,T2_REVERSE_TO_FORWARD
472.4751,-81.2866,-8.8455,0.000,NORMAL,1,ROUTE,,,,,T2_REVERSE_TO_FORWARD
472.5752,-81.3705,-8.9000,0.000,NORMAL,1,ROUTE,,,,,T2_REVERSE_TO_FORWARD
472.6751,-81.4539,-8.9551,0.000,NORMAL,1,ROUTE,,,,,T2_REVERSE_TO_FORWARD
472.7751,-81.5370,-9.0107,0.000,NORMAL,1,ROUTE,,,,,T2_REVERSE_TO_FORWARD
472.8752,-81.6199,-9.0667,0.000,NORMAL,1,ROUTE,,,,,T2_REVERSE_TO_FORWARD
472.9752,-81.7024,-9.1232,0.000,NORMAL,1,ROUTE,,,,,T2_REVERSE_TO_FORWARD
473.0752,-81.7848,-9.1799,0.000,NORMAL,1,ROUTE,,,,,T2_REVERSE_TO_FORWARD
473.1752,-81.8670,-9.2368,0.000,NORMAL,1,ROUTE,,,,,T2_REVERSE_TO_FORWARD
473.2751,-81.9490,-9.2940,0.000,NORMAL,1,ROUTE,,,,,T2_REVERSE_TO_FORWARD
473.3751,-82.0309,-9.3513,0.000,NORMAL,1,ROUTE,,,,,T2_REVERSE_TO_FORWARD
473.4751,-82.1127,-9.4089,0.000,NORMAL,1,ROUTE,,,,,T2_REVERSE_TO_FORWARD
473.5751,-82.1943,-9.4666,0.000,NORMAL,1,ROUTE,,,,,T2_REVERSE_TO_FORWARD
473.6751,-82.2758,-9.5246,0.000,NORMAL,1,ROUTE,,,,,T2_REVERSE_TO_FORWARD
473.7751,-82.3572,-9.5827,0.000,NORMAL,1,ROUTE,,,,,T2_REVERSE_TO_FORWARD
473.8751,-82.4384,-9.6410,0.000,NORMAL,1,ROUTE,,,,,T2_REVERSE_TO_FORWARD
473.9751,-82.5195,-9.6996,0.000,NORMAL,1,ROUTE,,,,,T2_REVERSE_TO_FORWARD
474.0751,-82.6004,-9.7584,0.000,NORMAL,1,ROUTE,,,,,T2_REVERSE_TO_FORWARD
474.1751,-82.6810,-9.8175,0.000,NORMAL,1,ROUTE,,,,,T2_REVERSE_TO_FORWARD
474.2751,-82.7615,-9.8769,0.000,NORMAL,1,ROUTE,,,,,T2_REVERSE_TO_FORWARD
474.3752,-82.8417,-9.9367,0.000,NORMAL,1,ROUTE,,,,,T2_REVERSE_TO_FORWARD
474.4751,-82.9215,-9.9968,0.000,NORMAL,1,ROUTE,,,,,T2_REVERSE_TO_FORWARD
474.5750,-83.0011,-10.0573,0.000,NORMAL,1,ROUTE,,,,,T2_REVERSE_TO_FORWARD
474.6751,-83.0804,-10.1183,0.000,NORMAL,1,ROUTE,,,,,T2_REVERSE_TO_FORWARD
474.7751,-83.1594,-10.1796,0.000,NORMAL,1,ROUTE,,,,,T2_REVERSE_TO_FORWARD
474.8751,-83.2381,-10.2413,0.000,NORMAL,1,ROUTE,,,,,T2_REVERSE_TO_FORWARD
474.9751,-83.3164,-10.3035,0.000,NORMAL,1,ROUTE,,,,,T2_REVERSE_TO_FORWARD
475.0751,-83.3944,-10.3661,0.000,NORMAL,1,ROUTE,,,,,T2_REVERSE_TO_FORWARD
475.1751,-83.4721,-10.4290,0.000,NORMAL,1,ROUTE,,,,,T2_REVERSE_TO_FORWARD
475.2751,-83.5495,-10.4924,0.000,NORMAL,1,ROUTE,,,,,T2_REVERSE_TO_FORWARD
475.3751,-83.6265,-10.5561,0.000,NORMAL,1,ROUTE,,,,,T2_REVERSE_TO_FORWARD
475.4751,-83.7032,-10.6203,0.000,NORMAL,1,ROUTE,,,,,T2_REVERSE_TO_FORWARD
475.5751,-83.7795,-10.6849,0.000,NORMAL,1,ROUTE,,,,,T2_REVERSE_TO_FORWARD
475.6751,-83.8555,-10.7499,0.000,NORMAL,1,ROUTE,,,,,T2_REVERSE_TO_FORWARD
475.7751,-83.9311,-10.8154,0.000,NORMAL,1,ROUTE,,,,,T2_REVERSE_TO_FORWARD
475.8750,-84.0064,-10.8811,0.000,NORMAL,1,ROUTE,,,,,T2_REVERSE_TO_FORWARD
475.9751,-84.0814,-10.9473,0.000,NORMAL,1,ROUTE,,,,,T2_REVERSE_TO_FORWARD
476.0750,-84.1560,-11.0138,0.000,NORMAL,1,ROUTE,,,,,T2_REVERSE_TO_FORWARD
476.1750,-84.2303,-11.0808,0.000,NORMAL,1,ROUTE,,,,,T2_REVERSE_TO_FORWARD
476.2750,-84.3043,-11.1480,0.000,NORMAL,1,ROUTE,,,,,T2_REVERSE_TO_FORWARD
476.3750,-84.3779,-11.2157,0.000,NORMAL,1,ROUTE,,,,,T2_REVERSE_TO_FORWARD
476.4751,-84.4511,-11.2839,0.000,NORMAL,1,ROUTE,,,,,T2_REVERSE_TO_FORWARD
476.5750,-84.5239,-11.3524,0.000,NORMAL,1,ROUTE,,,,,T2_REVERSE_TO_FORWARD
476.6750,-84.5963,-11.4214,0.000,NORMAL,1,ROUTE,,,,,T2_REVERSE_TO_FORWARD
476.7750,-84.6682,-11.4909,0.000,NORMAL,1,ROUTE,,,,,T2_REVERSE_TO_FORWARD
476.8750,-84.7396,-11.5609,0.000,NORMAL,1,ROUTE,,,,,T2_REVERSE_TO_FORWARD
476.9750,-84.8106,-11.6313,0.000,NORMAL,1,ROUTE,,,,,T2_REVERSE_TO_FORWARD
477.0751,-84.8811,-11.7023,0.000,NORMAL,1,ROUTE,,,,,T2_REVERSE_TO_FORWARD
477.1750,-84.9510,-11.7738,0.000,NORMAL,1,ROUTE,,,,,T2_REVERSE_TO_FORWARD
477.2750,-85.0203,-11.8458,0.000,NORMAL,1,ROUTE,,,,,T2_REVERSE_TO_FORWARD
477.3750,-85.0891,-11.9184,0.000,NORMAL,1,ROUTE,,,,,T2_REVERSE_TO_FORWARD
477.4750,-85.1571,-11.9917,0.000,NORMAL,1,ROUTE,,,,,T2_REVERSE_TO_FORWARD
477.5750,-85.2244,-12.0657,0.000,NORMAL,1,ROUTE,,,,,T2_REVERSE_TO_FORWARD
477.6750,-85.2909,-12.1404,0.000,NORMAL,1,ROUTE,,,,,T2_REVERSE_TO_FORWARD
477.7750,-85.3565,-12.2158,0.000,NORMAL,1,ROUTE,,,,,T2_REVERSE_TO_FORWARD
477.8750,-85.4213,-12.2920,0.000,NORMAL,1,ROUTE,,,,,T2_REVERSE_TO_FORWARD
477.9749,-85.4851,-12.3689,0.000,NORMAL,1,ROUTE,,,,,T2_REVERSE_TO_FORWARD
478.0750,-85.5480,-12.4467,0.000,NORMAL,1,ROUTE,,,,,T2_REVERSE_TO_FORWARD
478.1749,-85.6098,-12.5253,0.000,NORMAL,1,ROUTE,,,,,T2_REVERSE_TO_FORWARD
478.2750,-85.6705,-12.6048,0.000,NORMAL,1,ROUTE,,,,,T2_REVERSE_TO_FORWARD
478.3750,-85.7300,-12.6852,0.000,NORMAL,1,ROUTE,,,,,T2_REVERSE_TO_FORWARD
478.4750,-85.7883,-12.7664,0.000,NORMAL,1,ROUTE,,,,,T2_REVERSE_TO_FORWARD
478.5749,-85.8452,-12.8486,0.000,NORMAL,1,ROUTE,,,,,T2_REVERSE_TO_FORWARD
478.6749,-85.9008,-12.9317,0.000,NORMAL,1,ROUTE,,,,,T2_REVERSE_TO_FORWARD
478.7749,-85.9551,-13.0157,0.000,NORMAL,1,ROUTE,,,,,T2_REVERSE_TO_FORWARD
478.8750,-86.0082,-13.1005,0.000,NORMAL,1,ROUTE,,,,,T2_REVERSE_TO_FORWARD
478.9749,-86.0601,-13.1859,0.000,NORMAL,1,ROUTE,,,,,T2_REVERSE_TO_FORWARD
479.0749,-86.1111,-13.2719,0.000,NORMAL,1,ROUTE,,,,,T2_REVERSE_TO_FORWARD
479.1750,-86.1612,-13.3585,0.000,NORMAL,1,ROUTE,,,,,T2_REVERSE_TO_FORWARD
479.2750,-86.2107,-13.4454,0.000,NORMAL,1,ROUTE,,,,,T2_REVERSE_TO_FORWARD
479.3749,-86.2596,-13.5326,0.000,NORMAL,1,ROUTE,,,,,T2_REVERSE_TO_FORWARD
479.4749,-86.3082,-13.6200,0.000,NORMAL,1,ROUTE,,,,,T2_REVERSE_TO_FORWARD
479.5749,-86.3564,-13.7076,0.000,NORMAL,1,ROUTE,,,,,T2_REVERSE_TO_FORWARD
479.6750,-86.4045,-13.7953,0.000,NORMAL,1,ROUTE,,,,,T2_REVERSE_TO_FORWARD
479.7749,-86.4524,-13.8830,0.000,NORMAL,1,ROUTE,,,,,T2_REVERSE_TO_FORWARD
479.8749,-86.5002,-13.9709,0.000,NORMAL,1,ROUTE,,,,,T2_REVERSE_TO_FORWARD
479.9749,-86.5479,-14.0587,0.000,NORMAL,1,ROUTE,,,,,T2_REVERSE_TO_FORWARD
480.0749,-86.5955,-14.1467,0.000,NORMAL,1,ROUTE,,,,,T2_REVERSE_TO_FORWARD
480.1749,-86.6430,-14.2347,0.000,NORMAL,1,ROUTE,,,,,T2_REVERSE_TO_FORWARD
480.2749,-86.6902,-14.3228,0.000,NORMAL,1,ROUTE,,,,,T2_REVERSE_TO_FORWARD
480.3749,-86.7372,-14.4111,0.000,NORMAL,1,ROUTE,,,,,T2_REVERSE_TO_FORWARD
480.4749,-86.7839,-14.4995,0.000,NORMAL,1,ROUTE,,,,,T2_REVERSE_TO_FORWARD
480.5749,-86.8303,-14.5881,0.000,NORMAL,1,ROUTE,,,,,T2_REVERSE_TO_FORWARD
480.6749,-86.8763,-14.6769,0.000,NORMAL,1,ROUTE,,,,,T2_REVERSE_TO_FORWARD
480.7749,-86.9220,-14.7659,0.000,NORMAL,1,ROUTE,,,,,T2_REVERSE_TO_FORWARD
480.8749,-86.9673,-14.8550,0.000,NORMAL,1,ROUTE,,,,,T2_REVERSE_TO_FORWARD
480.9748,-87.0122,-14.9443,0.000,NORMAL,1,ROUTE,,,,,T2_REVERSE_TO_FORWARD
481.0749,-87.0569,-15.0338,0.000,NORMAL,1,ROUTE,,,,,T2_REVERSE_TO_FORWARD
481.1748,-87.1012,-15.1234,0.000,NORMAL,1,ROUTE,,,,,T2_REVERSE_TO_FORWARD
481.2749,-87.1453,-15.2132,0.000,NORMAL,1,ROUTE,,,,,T2_REVERSE_TO_FORWARD
481.3748,-87.1892,-15.3030,0.000,NORMAL,1,ROUTE,,,,,T2_REVERSE_TO_FORWARD
481.4749,-87.2329,-15.3930,0.000,NORMAL,1,ROUTE,,,,,T2_REVERSE_TO_FORWARD
481.5748,-87.2764,-15.4830,0.000,NORMAL,1,ROUTE,,,,,T2_REVERSE_TO_FORWARD
481.6748,-87.3198,-15.5731,0.000,NORMAL,1,ROUTE,,,,,T2_REVERSE_TO_FORWARD
481.7749,-87.3631,-15.6633,0.000,NORMAL,1,ROUTE,,,,,T2_REVERSE_TO_FORWARD
481.8748,-87.4063,-15.7534,0.000,NORMAL,1,ROUTE,,,,,T2_REVERSE_TO_FORWARD
481.9748,-87.4495,-15.8436,0.000,NORMAL,1,ROUTE,,,,,T2_REVERSE_TO_FORWARD
482.0748,-87.4927,-15.9338,0.000,NORMAL,1,ROUTE,,,,,T2_REVERSE_TO_FORWARD
482.1748,-87.5360,-16.0239,0.000,NORMAL,1,ROUTE,,,,,T2_REVERSE_TO_FORWARD
482.2748,-87.5792,-16.1141,0.000,NORMAL,1,ROUTE,,,,,T2_REVERSE_TO_FORWARD
482.3748,-87.6225,-16.2042,0.000,NORMAL,1,ROUTE,,,,,T2_REVERSE_TO_FORWARD
482.4748,-87.6659,-16.2943,0.000,NORMAL,1,ROUTE,,,,,T2_REVERSE_TO_FORWARD
482.5749,-87.7092,-16.3845,0.000,NORMAL,1,ROUTE,,,,,T2_REVERSE_TO_FORWARD
482.6748,-87.7525,-16.4746,0.000,NORMAL,1,ROUTE,,,,,T2_REVERSE_TO_FORWARD
482.7748,-87.7958,-16.5647,0.000,NORMAL,1,ROUTE,,,,,T2_REVERSE_TO_FORWARD
482.8748,-87.8390,-16.6549,0.000,NORMAL,1,ROUTE,,,,,T2_REVERSE_TO_FORWARD
482.9748,-87.8820,-16.7452,0.000,NORMAL,1,ROUTE,,,,,T2_REVERSE_TO_FORWARD
483.0748,-87.9248,-16.8356,0.000,NORMAL,1,ROUTE,,,,,T2_REVERSE_TO_FORWARD
483.1748,-87.9674,-16.9260,0.000,NORMAL,1,ROUTE,,,,,T2_REVERSE_TO_FORWARD
483.2747,-88.0097,-17.0166,0.000,NORMAL,1,ROUTE,,,,,T2_REVERSE_TO_FORWARD
483.3748,-88.0518,-17.1074,0.000,NORMAL,1,ROUTE,,,,,T2_REVERSE_TO_FORWARD
483.4748,-88.0935,-17.1982,0.000,NORMAL,1,ROUTE,,,,,T2_REVERSE_TO_FORWARD
483.5748,-88.1350,-17.2892,0.000,NORMAL,1,ROUTE,,,,,T2_REVERSE_TO_FORWARD
483.6748,-88.1762,-17.3803,0.000,NORMAL,1,ROUTE,,,,,T2_REVERSE_TO_FORWARD
483.7748,-88.2172,-17.4716,0.000,NORMAL,1,ROUTE,,,,,T2_REVERSE_TO_FORWARD
483.8748,-88.2579,-17.5629,0.000,NORMAL,1,ROUTE,,,,,T2_REVERSE_TO_FORWARD
483.9748,-88.2985,-17.6543,0.000,NORMAL,1,ROUTE,,,,,T2_REVERSE_TO_FORWARD
484.0747,-88.3389,-17.7457,0.000,NORMAL,1,ROUTE,,,,,T2_REVERSE_TO_FORWARD
484.1747,-88.3792,-17.8372,0.000,NORMAL,1,ROUTE,,,,,T2_REVERSE_TO_FORWARD
484.2748,-88.4194,-17.9288,0.000,NORMAL,1,ROUTE,,,,,T2_REVERSE_TO_FORWARD
484.3748,-88.4596,-18.0204,0.000,NORMAL,1,ROUTE,,,,,T2_REVERSE_TO_FORWARD
484.4747,-88.4996,-18.1120,0.000,NORMAL,1,ROUTE,,,,,T2_REVERSE_TO_FORWARD
484.5748,-88.5396,-18.2037,0.000,NORMAL,1,ROUTE,,,,,T2_REVERSE_TO_FORWARD
484.6747,-88.5795,-18.2953,0.000,NORMAL,1,ROUTE,,,,,T2_REVERSE_TO_FORWARD
484.7748,-88.6194,-18.3871,0.000,NORMAL,1,ROUTE,,,,,T2_REVERSE_TO_FORWARD
484.8748,-88.6592,-18.4788,0.000,NORMAL,1,ROUTE,,,,,T2_REVERSE_TO_FORWARD
484.9747,-88.6990,-18.5705,0.000,NORMAL,1,ROUTE,,,,,T2_REVERSE_TO_FORWARD
485.0747,-88.7387,-18.6623,0.000,NORMAL,1,ROUTE,,,,,T2_REVERSE_TO_FORWARD
485.1747,-88.7783,-18.7541,0.000,NORMAL,1,ROUTE,,,,,T2_REVERSE_TO_FORWARD
485.2747,-88.8179,-18.8459,0.000,NORMAL,1,ROUTE,,,,,T2_REVERSE_TO_FORWARD
485.3748,-88.8575,-18.9378,0.000,NORMAL,1,ROUTE,,,,,T2_REVERSE_TO_FORWARD
485.4748,-88.8970,-19.0297,0.000,NORMAL,1,ROUTE,,,,,T2_REVERSE_TO_FORWARD
485.5747,-88.9364,-19.1215,0.000,NORMAL,1,ROUTE,,,,,T2_REVERSE_TO_FORWARD
485.6747,-88.9759,-19.2134,0.000,NORMAL,1,ROUTE,,,,,T2_REVERSE_TO_FORWARD
485.7747,-89.0154,-19.3053,0.000,NORMAL,1,ROUTE,,,,,T2_REVERSE_TO_FORWARD
485.8747,-89.0549,-19.3971,0.000,NORMAL,1,ROUTE,,,,,T2_REVERSE_TO_FORWARD
485.9747,-89.0945,-19.4889,0.000,NORMAL,1,ROUTE,,,,,T2_REVERSE_TO_FORWARD
486.0747,-89.1342,-19.5807,0.000,NORMAL,1,ROUTE,,,,,T2_REVERSE_TO_FORWARD
486.1746,-89.1740,-19.6724,0.000,NORMAL,1,ROUTE,,,,,T2_REVERSE_TO_FORWARD
486.2747,-89.2140,-19.7641,0.000,NORMAL,1,ROUTE,,,,,T2_REVERSE_TO_FORWARD
486.3746,-89.2540,-19.8557,0.000,NORMAL,1,ROUTE,,,,,T2_REVERSE_TO_FORWARD
486.4747,-89.2943,-19.9473,0.000,NORMAL,1,ROUTE,,,,,T2_REVERSE_TO_FORWARD
486.5747,-89.3346,-20.0388,0.000,NORMAL,1,ROUTE,,,,,T2_REVERSE_TO_FORWARD
486.6747,-89.3751,-20.1302,0.000,NORMAL,1,ROUTE,,,,,T2_REVERSE_TO_FORWARD
486.7747,-89.4157,-20.2216,0.000,NORMAL,1,ROUTE,,,,,T2_REVERSE_TO_FORWARD
486.8746,-89.4564,-20.3129,0.000,NORMAL,1,ROUTE,,,,,T2_REVERSE_TO_FORWARD
486.9747,-89.4973,-20.4042,0.000,NORMAL,1,ROUTE,,,,,T2_REVERSE_TO_FORWARD
487.0747,-89.5382,-20.4955,0.000,NORMAL,1,ROUTE,,,,,T2_REVERSE_TO_FORWARD
487.1747,-89.5792,-20.5867,0.000,NORMAL,1,ROUTE,,,,,T2_REVERSE_TO_FORWARD
487.2747,-89.6203,-20.6778,0.000,NORMAL,1,ROUTE,,,,,T2_REVERSE_TO_FORWARD
487.3747,-89.6614,-20.7690,0.000,NORMAL,1,ROUTE,,,,,T2_REVERSE_TO_FORWARD
487.4746,-89.7025,-20.8601,0.000,NORMAL,1,ROUTE,,,,,T2_REVERSE_TO_FORWARD
487.5747,-89.7436,-20.9513,0.000,NORMAL,1,ROUTE,,,,,T2_REVERSE_TO_FORWARD
487.6746,-89.7848,-21.0424,0.000,NORMAL,1,ROUTE,,,,,T2_REVERSE_TO_FORWARD
487.7747,-89.8259,-21.1336,0.000,NORMAL,1,ROUTE,,,,,T2_REVERSE_TO_FORWARD
487.8746,-89.8670,-21.2247,0.000,NORMAL,1,ROUTE,,,,,T2_REVERSE_TO_FORWARD
487.9747,-89.9079,-21.3160,0.000,NORMAL,1,ROUTE,,,,,T2_REVERSE_TO_FORWARD
488.0746,-89.9488,-21.4072,0.000,NORMAL,1,ROUTE,,,,,T2_REVERSE_TO_FORWARD
488.1746,-89.9896,-21.4985,0.000,NORMAL,1,ROUTE,,,,,T2_REVERSE_TO_FORWARD
488.2746,-90.0302,-21.5899,0.000,NORMAL,1,ROUTE,,,,,T2_REVERSE_TO_FORWARD
488.3746,-90.0707,-21.6813,0.000,NORMAL,1,ROUTE,,,,,T2_REVERSE_TO_FORWARD
488.4747,-90.1110,-21.7729,0.000,NORMAL,1,ROUTE,,,,,T2_REVERSE_TO_FORWARD
488.5747,-90.1511,-21.8645,0.000,NORMAL,1,ROUTE,,,,,T2_REVERSE_TO_FORWARD
488.6746,-90.1909,-21.9562,0.000,NORMAL,1,ROUTE,,,,,T2_REVERSE_TO_FORWARD
488.7746,-90.2306,-22.0480,0.000,NORMAL,1,ROUTE,,,,,T2_REVERSE_TO_FORWARD
488.8746,-90.2701,-22.1398,0.000,NORMAL,1,ROUTE,,,,,T2_REVERSE_TO_FORWARD
488.9746,-90.3093,-22.2318,0.000,NORMAL,1,ROUTE,,,,,T2_REVERSE_TO_FORWARD
489.0746,-90.3484,-22.3239,0.000,NORMAL,1,ROUTE,,,,,T2_REVERSE_TO_FORWARD
489.1746,-90.3873,-22.4160,0.000,NORMAL,1,ROUTE,,,,,T2_REVERSE_TO_FORWARD
489.2746,-90.4260,-22.5082,0.000,NORMAL,1,ROUTE,,,,,T2_REVERSE_TO_FORWARD
489.3746,-90.4646,-22.6004,0.000,NORMAL,1,ROUTE,,,,,T2_REVERSE_TO_FORWARD
489.4746,-90.5030,-22.6928,0.000,NORMAL,1,ROUTE,,,,,T2_REVERSE_TO_FORWARD
489.5746,-90.5413,-22.7851,0.000,NORMAL,1,ROUTE,,,,,T2_REVERSE_TO_FORWARD
489.6746,-90.5795,-22.8776,0.000,NORMAL,1,ROUTE,,,,,T2_REVERSE_TO_FORWARD
489.7746,-90.6176,-22.9700,0.000,NORMAL,1,ROUTE,,,,,T2_REVERSE_TO_FORWARD
489.8746,-90.6557,-23.0625,0.000,NORMAL,1,ROUTE,,,,,T2_REVERSE_TO_FORWARD
489.9746,-90.6938,-23.1549,0.000,NORMAL,1,ROUTE,,,,,T2_REVERSE_TO_FORWARD
490.0746,-90.7320,-23.2473,0.000,NORMAL,1,ROUTE,,,,,T2_REVERSE_TO_FORWARD
490.1746,-90.7703,-23.3397,0.000,NORMAL,1,ROUTE,,,,,T2_REVERSE_TO_FORWARD
490.2746,-90.8089,-23.4320,0.000,NORMAL,1,ROUTE,,,,,T2_REVERSE_TO_FORWARD
490.3745,-90.8476,-23.5241,0.000,NORMAL,1,ROUTE,,,,,T2_REVERSE_TO_FORWARD
490.4746,-90.8867,-23.6162,0.000,NORMAL,1,ROUTE,,,,,T2_REVERSE_TO_FORWARD
490.5745,-90.9260,-23.7081,0.000,NORMAL,1,ROUTE,,,,,T2_REVERSE_TO_FORWARD
490.6746,-90.9656,-23.8000,0.000,NORMAL,1,ROUTE,,,,,T2_REVERSE_TO_FORWARD
490.7746,-91.0054,-23.8917,0.000,NORMAL,1,ROUTE,,,,,T2_REVERSE_TO_FORWARD
490.8746,-91.0455,-23.9833,0.000,NORMAL,1,ROUTE,,,,,T2_REVERSE_TO_FORWARD
490.9745,-91.0858,-24.0748,0.000,NORMAL,1,ROUTE,,,,,T2_REVERSE_TO_FORWARD
491.0745,-91.1261,-24.1663,0.000,NORMAL,1,ROUTE,,,,,T2_REVERSE_TO_FORWARD
491.1745,-91.1664,-24.2578,0.000,NORMAL,1,ROUTE,,,,,T2_REVERSE_TO_FORWARD
491.2745,-91.2066,-24.3494,0.000,NORMAL,1,ROUTE,,,,,T2_REVERSE_TO_FORWARD
491.3746,-91.2466,-24.4411,0.000,NORMAL,1,ROUTE,,,,,T2_REVERSE_TO_FORWARD
491.4746,-91.2862,-24.5329,0.000,NORMAL,1,ROUTE,,,,,T2_REVERSE_TO_FORWARD
491.5745,-91.3253,-24.6249,0.000,NORMAL,1,ROUTE,,,,,T2_REVERSE_TO_FORWARD
491.6745,-91.3639,-24.7171,0.000,NORMAL,1,ROUTE,,,,,T2_REVERSE_TO_FORWARD
491.7745,-91.4020,-24.8096,0.000,NORMAL,1,ROUTE,,,,,T2_REVERSE_TO_FORWARD
491.8745,-91.4393,-24.9024,0.000,NORMAL,1,ROUTE,,,,,T2_REVERSE_TO_FORWARD
491.9745,-91.4760,-24.9954,0.000,NORMAL,1,ROUTE,,,,,T2_REVERSE_TO_FORWARD
492.0746,-91.5121,-25.0887,0.000,NORMAL,1,ROUTE,,,,,T2_REVERSE_TO_FORWARD
492.1745,-91.5475,-25.1822,0.000,NORMAL,1,ROUTE,,,,,T2_REVERSE_TO_FORWARD
492.2745,-91.5824,-25.2759,0.000,NORMAL,1,ROUTE,,,,,T2_REVERSE_TO_FORWARD
492.3745,-91.6168,-25.3698,0.000,NORMAL,1,ROUTE,,,,,T2_REVERSE_TO_FORWARD
492.4745,-91.6508,-25.4638,0.000,NORMAL,1,ROUTE,,,,,T2_REVERSE_TO_FORWARD
492.5745,-91.6845,-25.5580,0.000,NORMAL,1,ROUTE,,,,,T2_REVERSE_TO_FORWARD
492.6745,-91.7179,-25.6522,0.000,NORMAL,1,ROUTE,,,,,T2_REVERSE_TO_FORWARD
492.7745,-91.7511,-25.7466,0.000,NORMAL,1,ROUTE,,,,,T2_REVERSE_TO_FORWARD
492.8745,-91.7841,-25.8409,0.000,NORMAL,1,ROUTE,,,,,T2_REVERSE_TO_FORWARD
492.9745,-91.8170,-25.9354,0.000,NORMAL,1,ROUTE,,,,,T2_REVERSE_TO_FORWARD
493.0745,-91.8499,-26.0298,0.000,NORMAL,1,ROUTE,,,,,T2_REVERSE_TO_FORWARD
493.1745,-91.8828,-26.1242,0.000,NORMAL,1,ROUTE,,,,,T2_REVERSE_TO_FORWARD
493.2745,-91.9157,-26.2187,0.000,NORMAL,1,ROUTE,,,,,T2_REVERSE_TO_FORWARD
493.3745,-91.9487,-26.3131,0.000,NORMAL,1,ROUTE,,,,,T2_REVERSE_TO_FORWARD
493.4745,-91.9818,-26.4074,0.000,NORMAL,1,ROUTE,,,,,T2_REVERSE_TO_FORWARD
493.5744,-92.0150,-26.5017,0.000,NORMAL,1,ROUTE,,,,,T2_REVERSE_TO_FORWARD
493.6745,-92.0484,-26.5960,0.000,NORMAL,1,ROUTE,,,,,T2_REVERSE_TO_FORWARD
493.7745,-92.0819,-26.6902,0.000,NORMAL,1,ROUTE,,,,,T2_REVERSE_TO_FORWARD
493.8744,-92.1157,-26.7843,0.000,NORMAL,1,ROUTE,,,,,T2_REVERSE_TO_FORWARD
493.9744,-92.1497,-26.8783,0.000,NORMAL,1,ROUTE,,,,,T2_REVERSE_TO_FORWARD
494.0745,-92.1840,-26.9723,0.000,NORMAL,1,ROUTE,,,,,T2_REVERSE_TO_FORWARD
494.1745,-92.2185,-27.0662,0.000,NORMAL,1,ROUTE,,,,,T2_REVERSE_TO_FORWARD
494.2744,-92.2532,-27.1599,0.000,NORMAL,1,ROUTE,,,,,T2_REVERSE_TO_FORWARD
494.3744,-92.2882,-27.2536,0.000,NORMAL,1,ROUTE,,,,,T2_REVERSE_TO_FORWARD
494.4744,-92.3234,-27.3472,0.000,NORMAL,1,ROUTE,,,,,T2_REVERSE_TO_FORWARD
494.5744,-92.3588,-27.4407,0.000,NORMAL,1,ROUTE,,,,,T2_REVERSE_TO_FORWARD
494.6745,-92.3944,-27.5342,0.000,NORMAL,1,ROUTE,,,,,T2_REVERSE_TO_FORWARD
494.7744,-92.4302,-27.6275,0.000,NORMAL,1,ROUTE,,,,,T2_REVERSE_TO_FORWARD
494.8744,-92.4662,-27.7208,0.000,NORMAL,1,ROUTE,,,,,T2_REVERSE_TO_FORWARD
494.9744,-92.5023,-27.8141,0.000,NORMAL,1,ROUTE,,,,,T2_REVERSE_TO_FORWARD
495.0745,-92.5386,-27.9073,0.000,NORMAL,1,ROUTE,,,,,T2_REVERSE_TO_FORWARD
495.1744,-92.5750,-28.0004,0.000,NORMAL,1,ROUTE,,,,,T2_REVERSE_TO_FORWARD
495.2744,-92.6115,-28.0935,0.000,NORMAL,1,ROUTE,,,,,T2_REVERSE_TO_FORWARD
495.3744,-92.6481,-28.1865,0.000,NORMAL,1,ROUTE,,,,,T2_REVERSE_TO_FORWARD
495.4744,-92.6847,-28.2796,0.000,NORMAL,1,ROUTE,,,,,T2_REVERSE_TO_FORWARD
495.5744,-92.7214,-28.3726,0.000,NORMAL,1,ROUTE,,,,,T2_REVERSE_TO_FORWARD
495.6744,-92.7580,-28.4657,0.000,NORMAL,1,ROUTE,,,,,T2_REVERSE_TO_FORWARD
495.7744,-92.7945,-28.5588,0.000,NORMAL,1,ROUTE,,,,,T2_REVERSE_TO_FORWARD
495.8743,-92.8308,-28.6519,0.000,NORMAL,1,ROUTE,,,,,T2_REVERSE_TO_FORWARD
495.9744,-92.8670,-28.7452,0.000,NORMAL,1,ROUTE,,,,,T2_REVERSE_TO_FORWARD
496.0744,-92.9030,-28.8385,0.000,NORMAL,1,ROUTE,,,,,T2_REVERSE_TO_FORWARD
496.1744,-92.9387,-28.9319,0.000,NORMAL,1,ROUTE,,,,,T2_REVERSE_TO_FORWARD
496.2744,-92.9741,-29.0254,0.000,NORMAL,1,ROUTE,,,,,T2_REVERSE_TO_FORWARD
496.3743,-93.0094,-29.1189,0.000,NORMAL,1,ROUTE,,,,,T2_REVERSE_TO_FORWARD
496.4744,-93.0445,-29.2126,0.000,NORMAL,1,ROUTE,,,,,T2_REVERSE_TO_FORWARD
496.5744,-93.0795,-29.3063,0.000,NORMAL,1,ROUTE,,,,,T2_REVERSE_TO_FORWARD
496.6744,-93.1144,-29.4000,0.000,NORMAL,1,ROUTE,,,,,T2_REVERSE_TO_FORWARD
496.7744,-93.1493,-29.4937,0.000,NORMAL,1,ROUTE,,,,,T2_REVERSE_TO_FORWARD
496.8743,-93.1843,-29.5873,0.000,NORMAL,1,ROUTE,,,,,T2_REVERSE_TO_FORWARD
496.9744,-93.2194,-29.6810,0.000,NORMAL,1,ROUTE,,,,,T2_REVERSE_TO_FORWARD
497.0743,-93.2547,-29.7745,0.000,NORMAL,1,ROUTE,,,,,T2_REVERSE_TO_FORWARD
497.1743,-93.2902,-29.8680,0.000,NORMAL,1,ROUTE,,,,,T2_REVERSE_TO_FORWARD
497.2743,-93.3259,-29.9614,0.000,NORMAL,1,ROUTE,,,,,T2_REVERSE_TO_FORWARD
497.3744,-93.3618,-30.0548,0.000,NORMAL,1,ROUTE,,,,,T2_REVERSE_TO_FORWARD
497.4743,-93.3979,-30.1480,0.000,NORMAL,1,ROUTE,,,,,T2_REVERSE_TO_FORWARD
497.5744,-93.4343,-30.2412,0.000,NORMAL,1,ROUTE,,,,,T2_REVERSE_TO_FORWARD
497.6744,-93.4707,-30.3343,0.000,NORMAL,1,ROUTE,,,,,T2_REVERSE_TO_FORWARD
497.7743,-93.5073,-30.4273,0.000,NORMAL,1,ROUTE,,,,,T2_REVERSE_TO_FORWARD
497.8743,-93.5439,-30.5204,0.000,NORMAL,1,ROUTE,,,,,T2_REVERSE_TO_FORWARD
497.9743,-93.5805,-30.6134,0.000,NORMAL,1,ROUTE,,,,,T2_REVERSE_TO_FORWARD
498.0743,-93.6171,-30.7065,0.000,NORMAL,1,ROUTE,,,,,T2_REVERSE_TO_FORWARD
498.1744,-93.6535,-30.7997,0.000,NORMAL,1,ROUTE,,,,,T2_REVERSE_TO_FORWARD
498.2743,-93.6896,-30.8929,0.000,NORMAL,1,ROUTE,,,,,T2_REVERSE_TO_FORWARD
498.3743,-93.7255,-30.9862,0.000,NORMAL,1,ROUTE,,,,,T2_REVERSE_TO_FORWARD
498.4743,-93.7610,-31.0797,0.000,NORMAL,1,ROUTE,,,,,T2_REVERSE_TO_FORWARD
498.5743,-93.7961,-31.1733,0.000,NORMAL,1,ROUTE,,,,,T2_REVERSE_TO_FORWARD
498.6743,-93.8306,-31.2672,0.000,NORMAL,1,ROUTE,,,,,T2_REVERSE_TO_FORWARD
498.7743,-93.8645,-31.3613,0.000,NORMAL,1,ROUTE,,,,,T2_REVERSE_TO_FORWARD
498.8743,-93.8977,-31.4556,0.000,NORMAL,1,ROUTE,,,,,T2_REVERSE_TO_FORWARD
498.9743,-93.9300,-31.5503,0.000,NORMAL,1,ROUTE,,,,,T2_REVERSE_TO_FORWARD
499.0743,-93.9614,-31.6452,0.000,NORMAL,1,ROUTE,,,,,T2_REVERSE_TO_FORWARD
499.1743,-93.9917,-31.7405,0.000,NORMAL,1,ROUTE,,,,,T2_REVERSE_TO_FORWARD
499.2743,-94.0210,-31.8361,0.000,NORMAL,1,ROUTE,,,,,T2_REVERSE_TO_FORWARD
499.3743,-94.0490,-31.9321,0.000,NORMAL,1,ROUTE,,,,,T2_REVERSE_TO_FORWARD
499.4743,-94.0759,-32.0284,0.000,NORMAL,1,ROUTE,,,,,T2_REVERSE_TO_FORWARD
499.5743,-94.1017,-32.1250,0.000,NORMAL,1,ROUTE,,,,,T2_REVERSE_TO_FORWARD
499.6743,-94.1264,-32.2219,0.000,NORMAL,1,ROUTE,,,,,T2_REVERSE_TO_FORWARD
499.7742,-94.1502,-32.3190,0.000,NORMAL,1,ROUTE,,,,,T2_REVERSE_TO_FORWARD
499.8743,-94.1734,-32.4163,0.000,NORMAL,1,ROUTE,,,,,T2_REVERSE_TO_FORWARD
499.9743,-94.1960,-32.5137,0.000,NORMAL,1,ROUTE,,,,,T2_REVERSE_TO_FORWARD
500.0743,-94.2182,-32.6112,0.000,NORMAL,1,ROUTE,,,,,T2_REVERSE_TO_FORWARD
500.1743,-94.2401,-32.7088,0.000,NORMAL,1,ROUTE,,,,,T2_REVERSE_TO_FORWARD
500.2743,-94.2618,-32.8064,0.000,NORMAL,1,ROUTE,,,,,T2_REVERSE_TO_FORWARD
500.3742,-94.2833,-32.9040,0.000,NORMAL,1,ROUTE,,,,,T2_REVERSE_TO_FORWARD
500.4743,-94.3046,-33.0018,0.000,NORMAL,1,ROUTE,,,,,T2_REVERSE_TO_FORWARD
500.5742,-94.3256,-33.0995,0.000,NORMAL,1,ROUTE,,,,,T2_REVERSE_TO_FORWARD
500.6743,-94.3463,-33.1974,0.000,NORMAL,1,ROUTE,,,,,T2_REVERSE_TO_FORWARD
500.7743,-94.3665,-33.2953,0.000,NORMAL,1,ROUTE,,,,,T2_REVERSE_TO_FORWARD
500.8742,-94.3861,-33.3933,0.000,NORMAL,1,ROUTE,,,,,T2_REVERSE_TO_FORWARD
500.9742,-94.4050,-33.4915,0.000,NORMAL,1,ROUTE,,,,,T2_REVERSE_TO_FORWARD
501.0742,-94.4231,-33.5899,0.000,NORMAL,1,ROUTE,,,,,T2_REVERSE_TO_FORWARD
501.1742,-94.4402,-33.6884,0.000,NORMAL,1,ROUTE,,,,,T2_REVERSE_TO_FORWARD
501.2742,-94.4562,-33.7871,0.000,NORMAL,1,ROUTE,,,,,T2_REVERSE_TO_FORWARD
501.3742,-94.4712,-33.8860,0.000,NORMAL,1,ROUTE,,,,,T2_REVERSE_TO_FORWARD
501.4742,-94.4849,-33.9850,0.000,NORMAL,1,ROUTE,,,,,T2_REVERSE_TO_FORWARD
501.5742,-94.4975,-34.0842,0.000,NORMAL,1,ROUTE,,,,,T2_REVERSE_TO_FORWARD
501.6742,-94.5090,-34.1836,0.000,NORMAL,1,ROUTE,,,,,T2_REVERSE_TO_FORWARD
501.7742,-94.5193,-34.2830,0.000,NORMAL,1,ROUTE,,,,,T2_REVERSE_TO_FORWARD
501.8742,-94.5286,-34.3826,0.000,NORMAL,1,ROUTE,,,,,T2_REVERSE_TO_FORWARD
501.9741,-94.5367,-34.4822,0.000,NORMAL,1,ROUTE,,,,,T2_REVERSE_TO_FORWARD
502.0742,-94.5437,-34.5820,0.000,NORMAL,1,ROUTE,,,,,T2_REVERSE_TO_FORWARD
502.1742,-94.5496,-34.6818,0.000,NORMAL,1,ROUTE,,,,,T2_REVERSE_TO_FORWARD
502.2742,-94.5543,-34.7817,0.000,NORMAL,1,ROUTE,,,,,T2_REVERSE_TO_FORWARD
502.3741,-94.5579,-34.8816,0.000,NORMAL,1,ROUTE,,,,,T2_REVERSE_TO_FORWARD
502.4742,-94.5605,-34.9816,0.000,NORMAL,1,ROUTE,,,,,T2_REVERSE_TO_FORWARD
502.5742,-94.5619,-35.0816,0.000,NORMAL,1,ROUTE,,,,,T2_REVERSE_TO_FORWARD
502.6742,-94.5624,-35.1816,0.000,NORMAL,1,ROUTE,,,,,T2_REVERSE_TO_FORWARD
502.7742,-94.5620,-35.2816,0.000,NORMAL,1,ROUTE,,,,,T2_REVERSE_TO_FORWARD
502.8742,-94.5607,-35.3816,0.000,NORMAL,1,ROUTE,,,,,T2_REVERSE_TO_FORWARD
502.9741,-94.5586,-35.4815,0.000,NORMAL,1,ROUTE,,,,,T2_REVERSE_TO_FORWARD
503.0741,-94.5558,-35.5815,0.000,NORMAL,1,ROUTE,,,,,T2_REVERSE_TO_FORWARD
503.1741,-94.5523,-35.6814,0.000,NORMAL,1,ROUTE,,,,,T2_REVERSE_TO_FORWARD
503.2741,-94.5481,-35.7813,0.000,NORMAL,1,ROUTE,,,,,T2_REVERSE_TO_FORWARD
503.3741,-94.5431,-35.8812,0.000,NORMAL,1,ROUTE,,,,,T2_REVERSE_TO_FORWARD
503.4741,-94.5374,-35.9810,0.000,NORMAL,1,ROUTE,,,,,T2_REVERSE_TO_FORWARD
503.5741,-94.5309,-36.0808,0.000,NORMAL,1,ROUTE,,,,,T2_REVERSE_TO_FORWARD
503.6742,-94.5236,-36.1806,0.000,NORMAL,1,ROUTE,,,,,T2_REVERSE_TO_FORWARD
503.7741,-94.5154,-36.2802,0.000,NORMAL,1,ROUTE,,,,,T2_REVERSE_TO_FORWARD
503.8741,-94.5062,-36.3798,0.000,NORMAL,1,ROUTE,,,,,T2_REVERSE_TO_FORWARD
503.9741,-94.4960,-36.4793,0.000,NORMAL,1,ROUTE,,,,,T2_REVERSE_TO_FORWARD
504.0741,-94.4848,-36.5786,0.000,NORMAL,1,ROUTE,,,,,T2_REVERSE_TO_FORWARD
504.1741,-94.4724,-36.6779,0.000,NORMAL,1,ROUTE,,,,,T2_REVERSE_TO_FORWARD
504.2741,-94.4589,-36.7769,0.000,NORMAL,1,ROUTE,,,,,T2_REVERSE_TO_FORWARD
504.3741,-94.4442,-36.8759,0.000,NORMAL,1,ROUTE,,,,,T2_REVERSE_TO_FORWARD
504.4741,-94.4284,-36.9746,0.000,NORMAL,1,ROUTE,,,,,T2_REVERSE_TO_FORWARD
504.5741,-94.4115,-37.0732,0.000,NORMAL,1,ROUTE,,,,,T2_REVERSE_TO_FORWARD
504.6741,-94.3936,-37.1715,0.000,NORMAL,1,ROUTE,,,,,T2_REVERSE_TO_FORWARD
504.7741,-94.3746,-37.2697,0.000,NORMAL,1,ROUTE,,,,,T2_REVERSE_TO_FORWARD
504.8741,-94.3546,-37.3677,0.000,NORMAL,1,ROUTE,,,,,T2_REVERSE_TO_FORWARD
504.9741,-94.3337,-37.4655,0.000,NORMAL,1,ROUTE,,,,,T2_REVERSE_TO_FORWARD
505.0741,-94.3117,-37.5630,0.000,NORMAL,1,ROUTE,,,,,T2_REVERSE_TO_FORWARD
505.1740,-94.2887,-37.6603,0.000,NORMAL,1,ROUTE,,,,,T2_REVERSE_TO_FORWARD
505.2741,-94.2647,-37.7574,0.000,NORMAL,1,ROUTE,,,,,T2_REVERSE_TO_FORWARD
505.3741,-94.2395,-37.8542,0.000,NORMAL,1,ROUTE,,,,,T2_REVERSE_TO_FORWARD
505.4740,-94.2131,-37.9506,0.000,NORMAL,1,ROUTE,,,,,T2_REVERSE_TO_FORWARD
505.5740,-94.1855,-38.0467,0.000,NORMAL,1,ROUTE,,,,,T2_REVERSE_TO_FORWARD
505.6741,-94.1564,-38.1424,0.000,NORMAL,1,ROUTE,,,,,T2_REVERSE_TO_FORWARD
505.7741,-94.1260,-38.2377,0.000,NORMAL,1,ROUTE,,,,,T2_REVERSE_TO_FORWARD
505.8740,-94.0940,-38.3324,0.000,NORMAL,1,ROUTE,,,,,T2_REVERSE_TO_FORWARD
505.9740,-94.0607,-38.4267,0.000,NORMAL,1,ROUTE,,,,,T2_REVERSE_TO_FORWARD
506.0741,-94.0259,-38.5205,0.000,NORMAL,1,ROUTE,,,,,T2_REVERSE_TO_FORWARD
506.1740,-93.9899,-38.6137,0.000,NORMAL,1,ROUTE,,,,,T2_REVERSE_TO_FORWARD
506.2740,-93.9527,-38.7065,0.000,NORMAL,1,ROUTE,,,,,T2_REVERSE_TO_FORWARD
506.3740,-93.9143,-38.7989,0.000,NORMAL,1,ROUTE,,,,,T2_REVERSE_TO_FORWARD
506.4740,-93.8749,-38.8908,0.000,NORMAL,1,ROUTE,,,,,T2_REVERSE_TO_FORWARD
506.5740,-93.8344,-38.9822,0.000,NORMAL,1,ROUTE,,,,,T2_REVERSE_TO_FORWARD
506.6740,-93.7930,-39.0732,0.000,NORMAL,1,ROUTE,,,,,T2_REVERSE_TO_FORWARD
506.7741,-93.7505,-39.1638,0.000,NORMAL,1,ROUTE,,,,,T2_REVERSE_TO_FORWARD
506.8741,-93.7071,-39.2539,0.000,NORMAL,1,ROUTE,,,,,T2_REVERSE_TO_FORWARD
506.9740,-93.6628,-39.3435,0.000,NORMAL,1,ROUTE,,,,,T2_REVERSE_TO_FORWARD
507.0740,-93.6175,-39.4326,0.000,NORMAL,1,ROUTE,,,,,T2_REVERSE_TO_FORWARD
507.1740,-93.5712,-39.5213,0.000,NORMAL,1,ROUTE,,,,,T2_REVERSE_TO_FORWARD
507.2740,-93.5241,-39.6095,0.000,NORMAL,1,ROUTE,,,,,T2_REVERSE_TO_FORWARD
507.3740,-93.4761,-39.6972,0.000,NORMAL,1,ROUTE,,,,,T2_REVERSE_TO_FORWARD
507.4740,-93.4271,-39.7844,0.000,NORMAL,1,ROUTE,,,,,T2_REVERSE_TO_FORWARD
507.5740,-93.3773,-39.8711,0.000,NORMAL,1,ROUTE,,,,,T2_REVERSE_TO_FORWARD
507.6740,-93.3265,-39.9572,0.000,NORMAL,1,ROUTE,,,,,T2_REVERSE_TO_FORWARD
507.7740,-93.2746,-40.0427,0.000,NORMAL,1,ROUTE,,,,,T2_REVERSE_TO_FORWARD
507.8739,-93.2216,-40.1274,0.000,NORMAL,1,ROUTE,,,,,T2_REVERSE_TO_FORWARD
507.9739,-93.1673,-40.2114,0.000,NORMAL,1,ROUTE,,,,,T2_REVERSE_TO_FORWARD
508.0740,-93.1116,-40.2945,0.000,NORMAL,1,ROUTE,,,,,T2_REVERSE_TO_FORWARD
508.1739,-93.0544,-40.3765,0.000,NORMAL,1,ROUTE,,,,,T2_REVERSE_TO_FORWARD
508.2739,-92.9957,-40.4574,0.000,NORMAL,1,ROUTE,,,,,T2_REVERSE_TO_FORWARD
508.3740,-92.9352,-40.5371,0.000,NORMAL,1,ROUTE,,,,,T2_REVERSE_TO_FORWARD
508.4739,-92.8731,-40.6154,0.000,NORMAL,1,ROUTE,,,,,T2_REVERSE_TO_FORWARD
508.5740,-92.8093,-40.6925,0.000,NORMAL,1,ROUTE,,,,,T2_REVERSE_TO_FORWARD
508.6739,-92.7440,-40.7682,0.000,NORMAL,1,ROUTE,,,,,T2_REVERSE_TO_FORWARD
508.7739,-92.6774,-40.8427,0.000,NORMAL,1,ROUTE,,,,,T2_REVERSE_TO_FORWARD
508.8739,-92.6094,-40.9161,0.000,NORMAL,1,ROUTE,,,,,T2_REVERSE_TO_FORWARD
508.9739,-92.5403,-40.9884,0.000,NORMAL,1,ROUTE,,,,,T2_REVERSE_TO_FORWARD
509.0739,-92.4701,-41.0596,0.000,NORMAL,1,ROUTE,,,,,T2_REVERSE_TO_FORWARD
509.1739,-92.3989,-41.1298,0.000,NORMAL,1,ROUTE,,,,,T2_REVERSE_TO_FORWARD
509.2739,-92.3267,-41.1990,0.000,NORMAL,1,ROUTE,,,,,T2_REVERSE_TO_FORWARD
509.3739,-92.2537,-41.2673,0.000,NORMAL,1,ROUTE,,,,,T2_REVERSE_TO_FORWARD
509.4739,-92.1798,-41.3347,0.000,NORMAL,1,ROUTE,,,,,T2_REVERSE_TO_FORWARD
509.5739,-92.1051,-41.4011,0.000,NORMAL,1,ROUTE,,,,,T2_REVERSE_TO_FORWARD
509.6739,-92.0295,-41.4666,0.000,NORMAL,1,ROUTE,,,,,T2_REVERSE_TO_FORWARD
509.7739,-91.9532,-41.5313,0.000,NORMAL,1,ROUTE,,,,,T2_REVERSE_TO_FORWARD
509.8738,-91.8763,-41.5951,0.000,NORMAL,1,ROUTE,,,,,T2_REVERSE_TO_FORWARD
509.8948,-91.8601,-41.6084,0.000,DUMMY,1,DUMMY,DUMMY_OBSTACLE_ZONE,STOP_THEN_HOLD,OBSTACLE_DETECTED,3.0,T2_REVERSE_TO_FORWARD
509.9739,-91.7987,-41.6582,0.000,DUMMY,1,DUMMY,,,OBSTACLE_DETECTED,3.0,T2_REVERSE_TO_FORWARD
510.0739,-91.7205,-41.7206,0.000,DUMMY,1,DUMMY,,,OBSTACLE_DETECTED,3.0,T2_REVERSE_TO_FORWARD
510.1739,-91.6417,-41.7821,0.000,DUMMY,1,DUMMY,,,OBSTACLE_DETECTED,3.0,T2_REVERSE_TO_FORWARD
510.2739,-91.5622,-41.8428,0.000,DUMMY,1,DUMMY,,,OBSTACLE_DETECTED,3.0,T2_REVERSE_TO_FORWARD
510.3739,-91.4821,-41.9026,0.000,DUMMY,1,DUMMY,,,OBSTACLE_DETECTED,3.0,T2_REVERSE_TO_FORWARD
510.4738,-91.4013,-41.9615,0.000,DUMMY,1,DUMMY,,,OBSTACLE_DETECTED,3.0,T2_REVERSE_TO_FORWARD
510.5739,-91.3197,-42.0194,0.000,DUMMY,1,DUMMY,,,OBSTACLE_DETECTED,3.0,T2_REVERSE_TO_FORWARD
510.6738,-91.2375,-42.0762,0.000,DUMMY,1,DUMMY,,,OBSTACLE_DETECTED,3.0,T2_REVERSE_TO_FORWARD
510.7739,-91.1544,-42.1319,0.000,DUMMY,1,DUMMY,,,OBSTACLE_DETECTED,3.0,T2_REVERSE_TO_FORWARD
510.8739,-91.0706,-42.1865,0.000,DUMMY,1,DUMMY,,,OBSTACLE_DETECTED,3.0,T2_REVERSE_TO_FORWARD
510.9739,-90.9860,-42.2398,0.000,DUMMY,1,DUMMY,,,OBSTACLE_DETECTED,3.0,T2_REVERSE_TO_FORWARD
511.0739,-90.9007,-42.2920,0.000,DUMMY,1,DUMMY,,,OBSTACLE_DETECTED,3.0,T2_REVERSE_TO_FORWARD
511.1738,-90.8148,-42.3431,0.000,DUMMY,1,DUMMY,,,OBSTACLE_DETECTED,3.0,T2_REVERSE_TO_FORWARD
511.2738,-90.7283,-42.3933,0.000,DUMMY,1,DUMMY,,,OBSTACLE_DETECTED,3.0,T2_REVERSE_TO_FORWARD
511.3738,-90.6414,-42.4428,0.000,DUMMY,1,DUMMY,,,OBSTACLE_DETECTED,3.0,T2_REVERSE_TO_FORWARD
511.4738,-90.5542,-42.4917,0.000,DUMMY,1,DUMMY,,,OBSTACLE_DETECTED,3.0,T2_REVERSE_TO_FORWARD
511.5739,-90.4667,-42.5402,0.000,DUMMY,1,DUMMY,,,OBSTACLE_DETECTED,3.0,T2_REVERSE_TO_FORWARD
511.6738,-90.3792,-42.5885,0.000,DUMMY,1,DUMMY,,,OBSTACLE_DETECTED,3.0,T2_REVERSE_TO_FORWARD
511.7738,-90.2916,-42.6368,0.000,DUMMY,1,DUMMY,,,OBSTACLE_DETECTED,3.0,T2_REVERSE_TO_FORWARD
511.8738,-90.2042,-42.6853,0.000,DUMMY,1,DUMMY,,,OBSTACLE_DETECTED,3.0,T2_REVERSE_TO_FORWARD
511.9738,-90.1168,-42.7339,0.000,DUMMY,1,DUMMY,,,OBSTACLE_DETECTED,3.0,T2_REVERSE_TO_FORWARD
512.0738,-90.0296,-42.7829,0.000,DUMMY,1,DUMMY,,,OBSTACLE_DETECTED,3.0,T2_REVERSE_TO_FORWARD
512.1738,-89.9427,-42.8323,0.000,DUMMY,1,DUMMY,,,OBSTACLE_DETECTED,3.0,T2_REVERSE_TO_FORWARD
512.2738,-89.8559,-42.8821,0.000,DUMMY,1,DUMMY,,,OBSTACLE_DETECTED,3.0,T2_REVERSE_TO_FORWARD
512.3738,-89.7694,-42.9322,0.000,DUMMY,1,DUMMY,,,OBSTACLE_DETECTED,3.0,T2_REVERSE_TO_FORWARD
512.4738,-89.6831,-42.9827,0.000,DUMMY,1,DUMMY,,,OBSTACLE_DETECTED,3.0,T2_REVERSE_TO_FORWARD
512.5738,-89.5970,-43.0335,0.000,DUMMY,1,DUMMY,,,OBSTACLE_DETECTED,3.0,T2_REVERSE_TO_FORWARD
512.6738,-89.5110,-43.0846,0.000,DUMMY,1,DUMMY,,,OBSTACLE_DETECTED,3.0,T2_REVERSE_TO_FORWARD
512.7737,-89.4253,-43.1360,0.000,DUMMY,1,DUMMY,,,OBSTACLE_DETECTED,3.0,T2_REVERSE_TO_FORWARD
512.8738,-89.3396,-43.1876,0.000,DUMMY,1,DUMMY,,,OBSTACLE_DETECTED,3.0,T2_REVERSE_TO_FORWARD
512.9738,-89.2540,-43.2393,0.000,DUMMY,1,DUMMY,,,OBSTACLE_DETECTED,3.0,T2_REVERSE_TO_FORWARD
513.0738,-89.1684,-43.2910,0.000,DUMMY,1,DUMMY,,,OBSTACLE_DETECTED,3.0,T2_REVERSE_TO_FORWARD
513.1737,-89.0828,-43.3426,0.000,DUMMY,1,DUMMY,,,OBSTACLE_DETECTED,3.0,T2_REVERSE_TO_FORWARD
513.2738,-88.9971,-43.3942,0.000,DUMMY,1,DUMMY,,,OBSTACLE_DETECTED,3.0,T2_REVERSE_TO_FORWARD
513.3738,-88.9112,-43.4454,0.000,DUMMY,1,DUMMY,,,OBSTACLE_DETECTED,3.0,T2_REVERSE_TO_FORWARD
513.4738,-88.8251,-43.4963,0.000,DUMMY,1,DUMMY,,,OBSTACLE_DETECTED,3.0,T2_REVERSE_TO_FORWARD
513.5738,-88.7388,-43.5468,0.000,DUMMY,1,DUMMY,,,OBSTACLE_DETECTED,3.0,T2_REVERSE_TO_FORWARD
513.6738,-88.6521,-43.5966,0.000,DUMMY,1,DUMMY,,,OBSTACLE_DETECTED,3.0,T2_REVERSE_TO_FORWARD
513.7738,-88.5650,-43.6458,0.000,DUMMY,1,DUMMY,,,OBSTACLE_DETECTED,3.0,T2_REVERSE_TO_FORWARD
513.8738,-88.4775,-43.6942,0.000,DUMMY,1,DUMMY,,,OBSTACLE_DETECTED,3.0,T2_REVERSE_TO_FORWARD
513.9737,-88.3896,-43.7417,0.000,DUMMY,1,DUMMY,,,OBSTACLE_DETECTED,3.0,T2_REVERSE_TO_FORWARD
514.0737,-88.3012,-43.7884,0.000,DUMMY,1,DUMMY,,,OBSTACLE_DETECTED,3.0,T2_REVERSE_TO_FORWARD
514.1737,-88.2123,-43.8343,0.000,DUMMY,1,DUMMY,,,OBSTACLE_DETECTED,3.0,T2_REVERSE_TO_FORWARD
514.2738,-88.1230,-43.8794,0.000,DUMMY,1,DUMMY,,,OBSTACLE_DETECTED,3.0,T2_REVERSE_TO_FORWARD
514.3737,-88.0334,-43.9237,0.000,DUMMY,1,DUMMY,,,OBSTACLE_DETECTED,3.0,T2_REVERSE_TO_FORWARD
514.4737,-87.9435,-43.9674,0.000,DUMMY,1,DUMMY,,,OBSTACLE_DETECTED,3.0,T2_REVERSE_TO_FORWARD
514.5737,-87.8532,-44.0105,0.000,DUMMY,1,DUMMY,,,OBSTACLE_DETECTED,3.0,T2_REVERSE_TO_FORWARD
514.6737,-87.7627,-44.0530,0.000,DUMMY,1,DUMMY,,,OBSTACLE_DETECTED,3.0,T2_REVERSE_TO_FORWARD
514.7737,-87.6720,-44.0951,0.000,DUMMY,1,DUMMY,,,OBSTACLE_DETECTED,3.0,T2_REVERSE_TO_FORWARD
514.8737,-87.5811,-44.1368,0.000,DUMMY,1,DUMMY,,,OBSTACLE_DETECTED,3.0,T2_REVERSE_TO_FORWARD
514.9737,-87.4901,-44.1782,0.000,DUMMY,1,DUMMY,,,OBSTACLE_DETECTED,3.0,T2_REVERSE_TO_FORWARD
515.0737,-87.3989,-44.2192,0.000,DUMMY,1,DUMMY,,,OBSTACLE_DETECTED,3.0,T2_REVERSE_TO_FORWARD
515.1737,-87.3076,-44.2601,0.000,DUMMY,1,DUMMY,,,OBSTACLE_DETECTED,3.0,T2_REVERSE_TO_FORWARD
515.2737,-87.2163,-44.3008,0.000,DUMMY,1,DUMMY,,,OBSTACLE_DETECTED,3.0,T2_REVERSE_TO_FORWARD
515.3737,-87.1249,-44.3414,0.000,DUMMY,1,DUMMY,,,OBSTACLE_DETECTED,3.0,T2_REVERSE_TO_FORWARD
515.4737,-87.0335,-44.3820,0.000,DUMMY,1,DUMMY,,,OBSTACLE_DETECTED,3.0,T2_REVERSE_TO_FORWARD
515.5736,-86.9422,-44.4226,0.000,DUMMY,1,DUMMY,,,OBSTACLE_DETECTED,3.0,T2_REVERSE_TO_FORWARD
515.6737,-86.8508,-44.4633,0.000,DUMMY,1,DUMMY,,,OBSTACLE_DETECTED,3.0,T2_REVERSE_TO_FORWARD
515.7736,-86.7596,-44.5042,0.000,DUMMY,1,DUMMY,,,OBSTACLE_DETECTED,3.0,T2_REVERSE_TO_FORWARD
515.8736,-86.6684,-44.5452,0.000,DUMMY,1,DUMMY,,,OBSTACLE_DETECTED,3.0,T2_REVERSE_TO_FORWARD
515.9737,-86.5773,-44.5865,0.000,DUMMY,1,DUMMY,,,OBSTACLE_DETECTED,3.0,T2_REVERSE_TO_FORWARD
516.0737,-86.4863,-44.6280,0.000,DUMMY,1,DUMMY,,,OBSTACLE_DETECTED,3.0,T2_REVERSE_TO_FORWARD
516.1737,-86.3954,-44.6697,0.000,DUMMY,1,DUMMY,,,OBSTACLE_DETECTED,3.0,T2_REVERSE_TO_FORWARD
516.2737,-86.3046,-44.7116,0.000,DUMMY,1,DUMMY,,,OBSTACLE_DETECTED,3.0,T2_REVERSE_TO_FORWARD
516.3737,-86.2139,-44.7537,0.000,DUMMY,1,DUMMY,,,OBSTACLE_DETECTED,3.0,T2_REVERSE_TO_FORWARD
516.4737,-86.1233,-44.7960,0.000,DUMMY,1,DUMMY,,,OBSTACLE_DETECTED,3.0,T2_REVERSE_TO_FORWARD
516.5736,-86.0328,-44.8384,0.000,DUMMY,1,DUMMY,,,OBSTACLE_DETECTED,3.0,T2_REVERSE_TO_FORWARD
516.6736,-85.9423,-44.8810,0.000,DUMMY,1,DUMMY,,,OBSTACLE_DETECTED,3.0,T2_REVERSE_TO_FORWARD
516.7736,-85.8519,-44.9237,0.000,DUMMY,1,DUMMY,,,OBSTACLE_DETECTED,3.0,T2_REVERSE_TO_FORWARD
516.8737,-85.7614,-44.9664,0.000,DUMMY,1,DUMMY,,,OBSTACLE_DETECTED,3.0,T2_REVERSE_TO_FORWARD
516.9737,-85.6710,-45.0092,0.000,DUMMY,1,DUMMY,,,OBSTACLE_DETECTED,3.0,T2_REVERSE_TO_FORWARD
517.0736,-85.5807,-45.0519,0.000,DUMMY,1,DUMMY,,,OBSTACLE_DETECTED,3.0,T2_REVERSE_TO_FORWARD
517.1737,-85.4902,-45.0947,0.000,DUMMY,1,DUMMY,,,OBSTACLE_DETECTED,3.0,T2_REVERSE_TO_FORWARD
517.2736,-85.3998,-45.1373,0.000,DUMMY,1,DUMMY,,,OBSTACLE_DETECTED,3.0,T2_REVERSE_TO_FORWARD
517.3737,-85.3093,-45.1799,0.000,DUMMY,1,DUMMY,,,OBSTACLE_DETECTED,3.0,T2_REVERSE_TO_FORWARD
517.4736,-85.2188,-45.2224,0.000,DUMMY,1,DUMMY,,,OBSTACLE_DETECTED,3.0,T2_REVERSE_TO_FORWARD
517.5736,-85.1282,-45.2647,0.000,DUMMY,1,DUMMY,,,OBSTACLE_DETECTED,3.0,T2_REVERSE_TO_FORWARD
517.6736,-85.0375,-45.3068,0.000,DUMMY,1,DUMMY,,,OBSTACLE_DETECTED,3.0,T2_REVERSE_TO_FORWARD
517.7736,-84.9468,-45.3488,0.000,DUMMY,1,DUMMY,,,OBSTACLE_DETECTED,3.0,T2_REVERSE_TO_FORWARD
517.8736,-84.8559,-45.3906,0.000,DUMMY,1,DUMMY,,,OBSTACLE_DETECTED,3.0,T2_REVERSE_TO_FORWARD
517.9736,-84.7650,-45.4322,0.000,DUMMY,1,DUMMY,,,OBSTACLE_DETECTED,3.0,T2_REVERSE_TO_FORWARD
518.0736,-84.6740,-45.4737,0.000,DUMMY,1,DUMMY,,,OBSTACLE_DETECTED,3.0,T2_REVERSE_TO_FORWARD
518.1736,-84.5829,-45.5149,0.000,DUMMY,1,DUMMY,,,OBSTACLE_DETECTED,3.0,T2_REVERSE_TO_FORWARD
518.2736,-84.4917,-45.5559,0.000,DUMMY,1,DUMMY,,,OBSTACLE_DETECTED,3.0,T2_REVERSE_TO_FORWARD
518.3735,-84.4004,-45.5966,0.000,DUMMY,1,DUMMY,,,OBSTACLE_DETECTED,3.0,T2_REVERSE_TO_FORWARD
518.4736,-84.3089,-45.6372,0.000,DUMMY,1,DUMMY,,,OBSTACLE_DETECTED,3.0,T2_REVERSE_TO_FORWARD
518.5736,-84.2174,-45.6774,0.000,DUMMY,1,DUMMY,,,OBSTACLE_DETECTED,3.0,T2_REVERSE_TO_FORWARD
518.6736,-84.1257,-45.7173,0.000,DUMMY,1,DUMMY,,,OBSTACLE_DETECTED,3.0,T2_REVERSE_TO_FORWARD
518.7736,-84.0339,-45.7569,0.000,DUMMY,1,DUMMY,,,OBSTACLE_DETECTED,3.0,T2_REVERSE_TO_FORWARD
518.8736,-83.9419,-45.7961,0.000,DUMMY,1,DUMMY,,,OBSTACLE_DETECTED,3.0,T2_REVERSE_TO_FORWARD
518.9735,-83.8498,-45.8350,0.000,DUMMY,1,DUMMY,,,OBSTACLE_DETECTED,3.0,T2_REVERSE_TO_FORWARD
519.0736,-83.7574,-45.8734,0.000,DUMMY,1,DUMMY,,,OBSTACLE_DETECTED,3.0,T2_REVERSE_TO_FORWARD
519.1736,-83.6649,-45.9114,0.000,DUMMY,1,DUMMY,,,OBSTACLE_DETECTED,3.0,T2_REVERSE_TO_FORWARD
519.2735,-83.5723,-45.9489,0.000,DUMMY,1,DUMMY,,,OBSTACLE_DETECTED,3.0,T2_REVERSE_TO_FORWARD
519.3736,-83.4794,-45.9861,0.000,DUMMY,1,DUMMY,,,OBSTACLE_DETECTED,3.0,T2_REVERSE_TO_FORWARD
519.4736,-83.3864,-46.0229,0.000,DUMMY,1,DUMMY,,,OBSTACLE_DETECTED,3.0,T2_REVERSE_TO_FORWARD
519.5736,-83.2933,-46.0594,0.000,DUMMY,1,DUMMY,,,OBSTACLE_DETECTED,3.0,T2_REVERSE_TO_FORWARD
519.6736,-83.2001,-46.0956,0.000,DUMMY,1,DUMMY,,,OBSTACLE_DETECTED,3.0,T2_REVERSE_TO_FORWARD
519.7736,-83.1068,-46.1315,0.000,DUMMY,1,DUMMY,,,OBSTACLE_DETECTED,3.0,T2_REVERSE_TO_FORWARD
519.8736,-83.0134,-46.1673,0.000,DUMMY,1,DUMMY,,,OBSTACLE_DETECTED,3.0,T2_REVERSE_TO_FORWARD
519.9736,-82.9200,-46.2030,0.000,DUMMY,1,DUMMY,,,OBSTACLE_DETECTED,3.0,T2_REVERSE_TO_FORWARD
520.0736,-82.8265,-46.2385,0.000,DUMMY,1,DUMMY,,,OBSTACLE_DETECTED,3.0,T2_REVERSE_TO_FORWARD
520.1735,-82.7331,-46.2740,0.000,DUMMY,1,DUMMY,,,OBSTACLE_DETECTED,3.0,T2_REVERSE_TO_FORWARD
520.2735,-82.6396,-46.3095,0.000,DUMMY,1,DUMMY,,,OBSTACLE_DETECTED,3.0,T2_REVERSE_TO_FORWARD
520.3735,-82.5461,-46.3450,0.000,DUMMY,1,DUMMY,,,OBSTACLE_DETECTED,3.0,T2_REVERSE_TO_FORWARD
520.4736,-82.4526,-46.3806,0.000,DUMMY,1,DUMMY,,,OBSTACLE_DETECTED,3.0,T2_REVERSE_TO_FORWARD
520.5736,-82.3592,-46.4163,0.000,DUMMY,1,DUMMY,,,OBSTACLE_DETECTED,3.0,T2_REVERSE_TO_FORWARD
520.6735,-82.2659,-46.4522,0.000,DUMMY,1,DUMMY,,,OBSTACLE_DETECTED,3.0,T2_REVERSE_TO_FORWARD
520.7735,-82.1726,-46.4882,0.000,DUMMY,1,DUMMY,,,OBSTACLE_DETECTED,3.0,T2_REVERSE_TO_FORWARD
520.8735,-82.0795,-46.5245,0.000,DUMMY,1,DUMMY,,,OBSTACLE_DETECTED,3.0,T2_REVERSE_TO_FORWARD
520.9735,-81.9864,-46.5611,0.000,DUMMY,1,DUMMY,,,OBSTACLE_DETECTED,3.0,T2_REVERSE_TO_FORWARD
521.0736,-81.8934,-46.5980,0.000,DUMMY,1,DUMMY,,,OBSTACLE_DETECTED,3.0,T2_REVERSE_TO_FORWARD
521.1735,-81.8006,-46.6351,0.000,DUMMY,1,DUMMY,,,OBSTACLE_DETECTED,3.0,T2_REVERSE_TO_FORWARD
521.2735,-81.7078,-46.6725,0.000,DUMMY,1,DUMMY,,,OBSTACLE_DETECTED,3.0,T2_REVERSE_TO_FORWARD
521.3735,-81.6152,-46.7102,0.000,DUMMY,1,DUMMY,,,OBSTACLE_DETECTED,3.0,T2_REVERSE_TO_FORWARD
521.4735,-81.5227,-46.7481,0.000,DUMMY,1,DUMMY,,,OBSTACLE_DETECTED,3.0,T2_REVERSE_TO_FORWARD
521.5735,-81.4303,-46.7864,0.000,DUMMY,1,DUMMY,,,OBSTACLE_DETECTED,3.0,T2_REVERSE_TO_FORWARD
521.6735,-81.3381,-46.8250,0.000,DUMMY,1,DUMMY,,,OBSTACLE_DETECTED,3.0,T2_REVERSE_TO_FORWARD
521.7735,-81.2459,-46.8638,0.000,DUMMY,1,DUMMY,,,OBSTACLE_DETECTED,3.0,T2_REVERSE_TO_FORWARD
521.8735,-81.1539,-46.9030,0.000,DUMMY,1,DUMMY,,,OBSTACLE_DETECTED,3.0,T2_REVERSE_TO_FORWARD
521.9734,-81.0621,-46.9425,0.000,DUMMY,1,DUMMY,,,OBSTACLE_DETECTED,3.0,T2_REVERSE_TO_FORWARD
522.0734,-80.9704,-46.9824,0.000,DUMMY,1,DUMMY,,,OBSTACLE_DETECTED,3.0,T2_REVERSE_TO_FORWARD
522.1735,-80.8788,-47.0226,0.000,DUMMY,1,DUMMY,,,OBSTACLE_DETECTED,3.0,T2_REVERSE_TO_FORWARD
522.2734,-80.7874,-47.0631,0.000,DUMMY,1,DUMMY,,,OBSTACLE_DETECTED,3.0,T2_REVERSE_TO_FORWARD
522.3734,-80.6962,-47.1041,0.000,DUMMY,1,DUMMY,,,OBSTACLE_DETECTED,3.0,T2_REVERSE_TO_FORWARD
522.4735,-80.6051,-47.1454,0.000,DUMMY,1,DUMMY,,,OBSTACLE_DETECTED,3.0,T2_REVERSE_TO_FORWARD
522.5734,-80.5143,-47.1872,0.000,DUMMY,1,DUMMY,,,OBSTACLE_DETECTED,3.0,T2_REVERSE_TO_FORWARD
522.6735,-80.4236,-47.2294,0.000,DUMMY,1,DUMMY,,,OBSTACLE_DETECTED,3.0,T2_REVERSE_TO_FORWARD
522.7734,-80.3332,-47.2721,0.000,DUMMY,1,DUMMY,,,OBSTACLE_DETECTED,3.0,T2_REVERSE_TO_FORWARD
522.8734,-80.2430,-47.3153,0.000,DUMMY,1,DUMMY,,,OBSTACLE_DETECTED,3.0,T2_REVERSE_TO_FORWARD
522.9735,-80.1530,-47.3589,0.000,DUMMY,1,DUMMY,,,OBSTACLE_DETECTED,3.0,T2_REVERSE_TO_FORWARD
523.0735,-80.0632,-47.4029,0.000,DUMMY,1,DUMMY,,,OBSTACLE_DETECTED,3.0,T2_REVERSE_TO_FORWARD
523.1735,-79.9736,-47.4473,0.000,DUMMY,1,DUMMY,,,OBSTACLE_DETECTED,3.0,T2_REVERSE_TO_FORWARD
523.2734,-79.8842,-47.4920,0.000,DUMMY,1,DUMMY,,,OBSTACLE_DETECTED,3.0,T2_REVERSE_TO_FORWARD
523.3734,-79.7948,-47.5368,0.000,DUMMY,1,DUMMY,,,OBSTACLE_DETECTED,3.0,T2_REVERSE_TO_FORWARD
523.4734,-79.7054,-47.5816,0.000,DUMMY,1,DUMMY,,,OBSTACLE_DETECTED,3.0,T2_REVERSE_TO_FORWARD
523.5734,-79.6160,-47.6264,0.000,DUMMY,1,DUMMY,,,OBSTACLE_DETECTED,3.0,T2_REVERSE_TO_FORWARD
523.6734,-79.5264,-47.6709,0.000,DUMMY,1,DUMMY,,,OBSTACLE_DETECTED,3.0,T2_REVERSE_TO_FORWARD
523.7734,-79.4366,-47.7149,0.000,DUMMY,1,DUMMY,,,OBSTACLE_DETECTED,3.0,T2_REVERSE_TO_FORWARD
523.8734,-79.3466,-47.7585,0.000,DUMMY,1,DUMMY,,,OBSTACLE_DETECTED,3.0,T2_REVERSE_TO_FORWARD
523.9734,-79.2563,-47.8014,0.000,DUMMY,1,DUMMY,,,OBSTACLE_DETECTED,3.0,T2_REVERSE_TO_FORWARD
524.0735,-79.1656,-47.8436,0.000,DUMMY,1,DUMMY,,,OBSTACLE_DETECTED,3.0,T2_REVERSE_TO_FORWARD
524.1734,-79.0746,-47.8849,0.000,DUMMY,1,DUMMY,,,OBSTACLE_DETECTED,3.0,T2_REVERSE_TO_FORWARD
524.2734,-78.9831,-47.9254,0.000,DUMMY,1,DUMMY,,,OBSTACLE_DETECTED,3.0,T2_REVERSE_TO_FORWARD
524.3734,-78.8914,-47.9651,0.000,DUMMY,1,DUMMY,,,OBSTACLE_DETECTED,3.0,T2_REVERSE_TO_FORWARD
524.4734,-78.7993,-48.0041,0.000,DUMMY,1,DUMMY,,,OBSTACLE_DETECTED,3.0,T2_REVERSE_TO_FORWARD
524.5734,-78.7070,-48.0427,0.000,DUMMY,1,DUMMY,,,OBSTACLE_DETECTED,3.0,T2_REVERSE_TO_FORWARD
524.6734,-78.6146,-48.0809,0.000,DUMMY,1,DUMMY,,,OBSTACLE_DETECTED,3.0,T2_REVERSE_TO_FORWARD
524.7734,-78.5222,-48.1191,0.000,DUMMY,1,DUMMY,,,OBSTACLE_DETECTED,3.0,T2_REVERSE_TO_FORWARD
524.8734,-78.4298,-48.1574,0.000,DUMMY,1,DUMMY,,,OBSTACLE_DETECTED,3.0,T2_REVERSE_TO_FORWARD
524.9733,-78.3376,-48.1959,0.000,DUMMY,1,DUMMY,,,OBSTACLE_DETECTED,3.0,T2_REVERSE_TO_FORWARD
525.0734,-78.2454,-48.2348,0.000,DUMMY,1,DUMMY,,,OBSTACLE_DETECTED,3.0,T2_REVERSE_TO_FORWARD
525.1734,-78.1535,-48.2741,0.000,DUMMY,1,DUMMY,,,OBSTACLE_DETECTED,3.0,T2_REVERSE_TO_FORWARD
525.2734,-78.0617,-48.3138,0.000,DUMMY,1,DUMMY,,,OBSTACLE_DETECTED,3.0,T2_REVERSE_TO_FORWARD
525.3734,-77.9701,-48.3539,0.000,DUMMY,1,DUMMY,,,OBSTACLE_DETECTED,3.0,T2_REVERSE_TO_FORWARD
525.4734,-77.8786,-48.3943,0.000,DUMMY,1,DUMMY,,,OBSTACLE_DETECTED,3.0,T2_REVERSE_TO_FORWARD
525.5734,-77.7873,-48.4351,0.000,DUMMY,1,DUMMY,,,OBSTACLE_DETECTED,3.0,T2_REVERSE_TO_FORWARD
525.6734,-77.6961,-48.4761,0.000,DUMMY,1,DUMMY,,,OBSTACLE_DETECTED,3.0,T2_REVERSE_TO_FORWARD
525.7733,-77.6050,-48.5172,0.000,DUMMY,1,DUMMY,,,OBSTACLE_DETECTED,3.0,T2_REVERSE_TO_FORWARD
525.8734,-77.5139,-48.5586,0.000,DUMMY,1,DUMMY,,,OBSTACLE_DETECTED,3.0,T2_REVERSE_TO_FORWARD
525.9734,-77.4229,-48.6000,0.000,DUMMY,1,DUMMY,,,OBSTACLE_DETECTED,3.0,T2_REVERSE_TO_FORWARD
526.0733,-77.3319,-48.6414,0.000,DUMMY,1,DUMMY,,,OBSTACLE_DETECTED,3.0,T2_REVERSE_TO_FORWARD
526.1734,-77.2408,-48.6827,0.000,DUMMY,1,DUMMY,,,OBSTACLE_DETECTED,3.0,T2_REVERSE_TO_FORWARD
526.2734,-77.1497,-48.7239,0.000,DUMMY,1,DUMMY,,,OBSTACLE_DETECTED,3.0,T2_REVERSE_TO_FORWARD
526.3733,-77.0586,-48.7650,0.000,DUMMY,1,DUMMY,,,OBSTACLE_DETECTED,3.0,T2_REVERSE_TO_FORWARD
526.4733,-76.9673,-48.8059,0.000,DUMMY,1,DUMMY,,,OBSTACLE_DETECTED,3.0,T2_REVERSE_TO_FORWARD
526.5733,-76.8759,-48.8464,0.000,DUMMY,1,DUMMY,,,OBSTACLE_DETECTED,3.0,T2_REVERSE_TO_FORWARD
526.6733,-76.7844,-48.8867,0.000,DUMMY,1,DUMMY,,,OBSTACLE_DETECTED,3.0,T2_REVERSE_TO_FORWARD
526.7733,-76.6927,-48.9266,0.000,DUMMY,1,DUMMY,,,OBSTACLE_DETECTED,3.0,T2_REVERSE_TO_FORWARD
526.8733,-76.6008,-48.9660,0.000,DUMMY,1,DUMMY,,,OBSTACLE_DETECTED,3.0,T2_REVERSE_TO_FORWARD
526.9733,-76.5087,-49.0051,0.000,DUMMY,1,DUMMY,,,OBSTACLE_DETECTED,3.0,T2_REVERSE_TO_FORWARD
527.0733,-76.4165,-49.0437,0.000,DUMMY,1,DUMMY,,,OBSTACLE_DETECTED,3.0,T2_REVERSE_TO_FORWARD
527.1733,-76.3240,-49.0818,0.000,DUMMY,1,DUMMY,,,OBSTACLE_DETECTED,3.0,T2_REVERSE_TO_FORWARD
527.2733,-76.2314,-49.1195,0.000,DUMMY,1,DUMMY,,,OBSTACLE_DETECTED,3.0,T2_REVERSE_TO_FORWARD
527.3733,-76.1386,-49.1568,0.000,DUMMY,1,DUMMY,,,OBSTACLE_DETECTED,3.0,T2_REVERSE_TO_FORWARD
527.4733,-76.0456,-49.1935,0.000,DUMMY,1,DUMMY,,,OBSTACLE_DETECTED,3.0,T2_REVERSE_TO_FORWARD
527.5733,-75.9524,-49.2298,0.000,DUMMY,1,DUMMY,,,OBSTACLE_DETECTED,3.0,T2_REVERSE_TO_FORWARD
527.6732,-75.8591,-49.2655,0.000,DUMMY,1,DUMMY,,,OBSTACLE_DETECTED,3.0,T2_REVERSE_TO_FORWARD
527.7733,-75.7655,-49.3008,0.000,DUMMY,1,DUMMY,,,OBSTACLE_DETECTED,3.0,T2_REVERSE_TO_FORWARD
527.8733,-75.6717,-49.3356,0.000,DUMMY,1,DUMMY,,,OBSTACLE_DETECTED,3.0,T2_REVERSE_TO_FORWARD
527.9733,-75.5778,-49.3700,0.000,DUMMY,1,DUMMY,,,OBSTACLE_DETECTED,3.0,T2_REVERSE_TO_FORWARD
528.0732,-75.4838,-49.4039,0.000,DUMMY,1,DUMMY,,,OBSTACLE_DETECTED,3.0,T2_REVERSE_TO_FORWARD
528.1733,-75.3896,-49.4375,0.000,DUMMY,1,DUMMY,,,OBSTACLE_DETECTED,3.0,T2_REVERSE_TO_FORWARD
528.2733,-75.2953,-49.4708,0.000,DUMMY,1,DUMMY,,,OBSTACLE_DETECTED,3.0,T2_REVERSE_TO_FORWARD
528.3732,-75.2010,-49.5040,0.000,DUMMY,1,DUMMY,,,OBSTACLE_DETECTED,3.0,T2_REVERSE_TO_FORWARD
528.4733,-75.1066,-49.5371,0.000,DUMMY,1,DUMMY,,,OBSTACLE_DETECTED,3.0,T2_REVERSE_TO_FORWARD
528.5733,-75.0122,-49.5702,0.000,DUMMY,1,DUMMY,,,OBSTACLE_DETECTED,3.0,T2_REVERSE_TO_FORWARD
528.6733,-74.9179,-49.6034,0.000,DUMMY,1,DUMMY,,,OBSTACLE_DETECTED,3.0,T2_REVERSE_TO_FORWARD
528.7733,-74.8236,-49.6367,0.000,DUMMY,1,DUMMY,,,OBSTACLE_DETECTED,3.0,T2_REVERSE_TO_FORWARD
528.8732,-74.7295,-49.6704,0.000,DUMMY,1,DUMMY,,,OBSTACLE_DETECTED,3.0,T2_REVERSE_TO_FORWARD
528.9733,-74.6354,-49.7043,0.000,DUMMY,1,DUMMY,,,OBSTACLE_DETECTED,3.0,T2_REVERSE_TO_FORWARD
529.0733,-74.5415,-49.7387,0.000,DUMMY,1,DUMMY,,,OBSTACLE_DETECTED,3.0,T2_REVERSE_TO_FORWARD
529.1732,-74.4478,-49.7735,0.000,DUMMY,1,DUMMY,,,OBSTACLE_DETECTED,3.0,T2_REVERSE_TO_FORWARD
529.2733,-74.3541,-49.8086,0.000,DUMMY,1,DUMMY,,,OBSTACLE_DETECTED,3.0,T2_REVERSE_TO_FORWARD
529.3732,-74.2607,-49.8442,0.000,DUMMY,1,DUMMY,,,OBSTACLE_DETECTED,3.0,T2_REVERSE_TO_FORWARD
529.4732,-74.1674,-49.8801,0.000,DUMMY,1,DUMMY,,,OBSTACLE_DETECTED,3.0,T2_REVERSE_TO_FORWARD
529.5733,-74.0741,-49.9163,0.000,DUMMY,1,DUMMY,,,OBSTACLE_DETECTED,3.0,T2_REVERSE_TO_FORWARD
529.6732,-73.9810,-49.9527,0.000,DUMMY,1,DUMMY,,,OBSTACLE_DETECTED,3.0,T2_REVERSE_TO_FORWARD
529.7733,-73.8879,-49.9893,0.000,DUMMY,1,DUMMY,,,OBSTACLE_DETECTED,3.0,T2_REVERSE_TO_FORWARD
529.8732,-73.7949,-50.0259,0.000,DUMMY,1,DUMMY,,,OBSTACLE_DETECTED,3.0,T2_REVERSE_TO_FORWARD
529.9732,-73.7018,-50.0625,0.000,DUMMY,1,DUMMY,,,OBSTACLE_DETECTED,3.0,T2_REVERSE_TO_FORWARD
530.0732,-73.6087,-50.0990,0.000,DUMMY,1,DUMMY,,,OBSTACLE_DETECTED,3.0,T2_REVERSE_TO_FORWARD
530.1732,-73.5156,-50.1353,0.000,DUMMY,1,DUMMY,,,OBSTACLE_DETECTED,3.0,T2_REVERSE_TO_FORWARD
530.2732,-73.4222,-50.1712,0.000,DUMMY,1,DUMMY,,,OBSTACLE_DETECTED,3.0,T2_REVERSE_TO_FORWARD
530.3732,-73.3288,-50.2067,0.000,DUMMY,1,DUMMY,,,OBSTACLE_DETECTED,3.0,T2_REVERSE_TO_FORWARD
530.4732,-73.2351,-50.2417,0.000,DUMMY,1,DUMMY,,,OBSTACLE_DETECTED,3.0,T2_REVERSE_TO_FORWARD
530.5732,-73.1411,-50.2760,0.000,DUMMY,1,DUMMY,,,OBSTACLE_DETECTED,3.0,T2_REVERSE_TO_FORWARD
530.6732,-73.0469,-50.3095,0.000,DUMMY,1,DUMMY,,,OBSTACLE_DETECTED,3.0,T2_REVERSE_TO_FORWARD
530.7732,-72.9524,-50.3422,0.000,DUMMY,1,DUMMY,,,OBSTACLE_DETECTED,3.0,T2_REVERSE_TO_FORWARD
530.8732,-72.8576,-50.3740,0.000,DUMMY,1,DUMMY,,,OBSTACLE_DETECTED,3.0,T2_REVERSE_TO_FORWARD
530.9732,-72.7625,-50.4049,0.000,DUMMY,1,DUMMY,,,OBSTACLE_DETECTED,3.0,T2_REVERSE_TO_FORWARD
531.0732,-72.6671,-50.4348,0.000,DUMMY,1,DUMMY,,,OBSTACLE_DETECTED,3.0,T2_REVERSE_TO_FORWARD
531.1732,-72.5714,-50.4638,0.000,DUMMY,1,DUMMY,,,OBSTACLE_DETECTED,3.0,T2_REVERSE_TO_FORWARD
531.2732,-72.4755,-50.4921,0.000,DUMMY,1,DUMMY,,,OBSTACLE_DETECTED,3.0,T2_REVERSE_TO_FORWARD
531.3731,-72.3795,-50.5200,0.000,DUMMY,1,DUMMY,,,OBSTACLE_DETECTED,3.0,T2_REVERSE_TO_FORWARD
531.4731,-72.2834,-50.5477,0.000,DUMMY,1,DUMMY,,,OBSTACLE_DETECTED,3.0,T2_REVERSE_TO_FORWARD
531.5732,-72.1873,-50.5754,0.000,DUMMY,1,DUMMY,,,OBSTACLE_DETECTED,3.0,T2_REVERSE_TO_FORWARD
531.6732,-72.0913,-50.6034,0.000,DUMMY,1,DUMMY,,,OBSTACLE_DETECTED,3.0,T2_REVERSE_TO_FORWARD
531.7731,-71.9955,-50.6320,0.000,DUMMY,1,DUMMY,,,OBSTACLE_DETECTED,3.0,T2_REVERSE_TO_FORWARD
531.8732,-71.8998,-50.6612,0.000,DUMMY,1,DUMMY,,,OBSTACLE_DETECTED,3.0,T2_REVERSE_TO_FORWARD
531.9731,-71.8044,-50.6910,0.000,DUMMY,1,DUMMY,,,OBSTACLE_DETECTED,3.0,T2_REVERSE_TO_FORWARD
532.0731,-71.7092,-50.7216,0.000,DUMMY,1,DUMMY,,,OBSTACLE_DETECTED,3.0,T2_REVERSE_TO_FORWARD
532.1731,-71.6142,-50.7527,0.000,DUMMY,1,DUMMY,,,OBSTACLE_DETECTED,3.0,T2_REVERSE_TO_FORWARD
532.2732,-71.5193,-50.7844,0.000,DUMMY,1,DUMMY,,,OBSTACLE_DETECTED,3.0,T2_REVERSE_TO_FORWARD
532.3732,-71.4246,-50.8166,0.000,DUMMY,1,DUMMY,,,OBSTACLE_DETECTED,3.0,T2_REVERSE_TO_FORWARD
532.4731,-71.3301,-50.8491,0.000,DUMMY,1,DUMMY,,,OBSTACLE_DETECTED,3.0,T2_REVERSE_TO_FORWARD
532.5732,-71.2356,-50.8820,0.000,DUMMY,1,DUMMY,,,OBSTACLE_DETECTED,3.0,T2_REVERSE_TO_FORWARD
532.6731,-71.1413,-50.9151,0.000,DUMMY,1,DUMMY,,,OBSTACLE_DETECTED,3.0,T2_REVERSE_TO_FORWARD
532.7731,-71.0470,-50.9484,0.000,DUMMY,1,DUMMY,,,OBSTACLE_DETECTED,3.0,T2_REVERSE_TO_FORWARD
532.8731,-70.9528,-50.9820,0.000,DUMMY,1,DUMMY,,,OBSTACLE_DETECTED,3.0,T2_REVERSE_TO_FORWARD
532.9731,-70.8587,-51.0158,0.000,DUMMY,1,DUMMY,,,OBSTACLE_DETECTED,3.0,T2_REVERSE_TO_FORWARD
533.0731,-70.7647,-51.0498,0.000,DUMMY,1,DUMMY,,,OBSTACLE_DETECTED,3.0,T2_REVERSE_TO_FORWARD
533.1731,-70.6708,-51.0842,0.000,DUMMY,1,DUMMY,,,OBSTACLE_DETECTED,3.0,T2_REVERSE_TO_FORWARD
533.2731,-70.5770,-51.1189,0.000,DUMMY,1,DUMMY,,,OBSTACLE_DETECTED,3.0,T2_REVERSE_TO_FORWARD
533.3732,-70.4833,-51.1540,0.000,DUMMY,1,DUMMY,,,OBSTACLE_DETECTED,3.0,T2_REVERSE_TO_FORWARD
533.4731,-70.3899,-51.1896,0.000,DUMMY,1,DUMMY,,,OBSTACLE_DETECTED,3.0,T2_REVERSE_TO_FORWARD
533.5731,-70.2966,-51.2256,0.000,DUMMY,1,DUMMY,,,OBSTACLE_DETECTED,3.0,T2_REVERSE_TO_FORWARD
533.6731,-70.2036,-51.2623,0.000,DUMMY,1,DUMMY,,,OBSTACLE_DETECTED,3.0,T2_REVERSE_TO_FORWARD
533.7731,-70.1108,-51.2995,0.000,DUMMY,1,DUMMY,,,OBSTACLE_DETECTED,3.0,T2_REVERSE_TO_FORWARD
533.8731,-70.0182,-51.3372,0.000,DUMMY,1,DUMMY,,,OBSTACLE_DETECTED,3.0,T2_REVERSE_TO_FORWARD
533.9731,-69.9257,-51.3754,0.000,DUMMY,1,DUMMY,,,OBSTACLE_DETECTED,3.0,T2_REVERSE_TO_FORWARD
534.0731,-69.8335,-51.4140,0.000,DUMMY,1,DUMMY,,,OBSTACLE_DETECTED,3.0,T2_REVERSE_TO_FORWARD
534.1731,-69.7414,-51.4530,0.000,DUMMY,1,DUMMY,,,OBSTACLE_DETECTED,3.0,T2_REVERSE_TO_FORWARD
534.2731,-69.6495,-51.4923,0.000,DUMMY,1,DUMMY,,,OBSTACLE_DETECTED,3.0,T2_REVERSE_TO_FORWARD
534.3731,-69.5576,-51.5318,0.000,DUMMY,1,DUMMY,,,OBSTACLE_DETECTED,3.0,T2_REVERSE_TO_FORWARD
534.4731,-69.4658,-51.5715,0.000,DUMMY,1,DUMMY,,,OBSTACLE_DETECTED,3.0,T2_REVERSE_TO_FORWARD
534.5731,-69.3741,-51.6113,0.000,DUMMY,1,DUMMY,,,OBSTACLE_DETECTED,3.0,T2_REVERSE_TO_FORWARD
534.6731,-69.2824,-51.6513,0.000,DUMMY,1,DUMMY,,,OBSTACLE_DETECTED,3.0,T2_REVERSE_TO_FORWARD
534.7730,-69.1908,-51.6912,0.000,DUMMY,1,DUMMY,,,OBSTACLE_DETECTED,3.0,T2_REVERSE_TO_FORWARD
534.8731,-69.0991,-51.7312,0.000,DUMMY,1,DUMMY,,,OBSTACLE_DETECTED,3.0,T2_REVERSE_TO_FORWARD
534.9730,-69.0075,-51.7712,0.000,DUMMY,1,DUMMY,,,OBSTACLE_DETECTED,3.0,T2_REVERSE_TO_FORWARD
535.0731,-68.9158,-51.8113,0.000,DUMMY,1,DUMMY,,,OBSTACLE_DETECTED,3.0,T2_REVERSE_TO_FORWARD
535.1731,-68.8242,-51.8514,0.000,DUMMY,1,DUMMY,,,OBSTACLE_DETECTED,3.0,T2_REVERSE_TO_FORWARD
535.2730,-68.7327,-51.8916,0.000,DUMMY,1,DUMMY,,,OBSTACLE_DETECTED,3.0,T2_REVERSE_TO_FORWARD
535.3730,-68.6412,-51.9319,0.000,DUMMY,1,DUMMY,,,OBSTACLE_DETECTED,3.0,T2_REVERSE_TO_FORWARD
535.4730,-68.5498,-51.9724,0.000,DUMMY,1,DUMMY,,,OBSTACLE_DETECTED,3.0,T2_REVERSE_TO_FORWARD
535.5730,-68.4585,-52.0132,0.000,DUMMY,1,DUMMY,,,OBSTACLE_DETECTED,3.0,T2_REVERSE_TO_FORWARD
535.6730,-68.3673,-52.0542,0.000,DUMMY,1,DUMMY,,,OBSTACLE_DETECTED,3.0,T2_REVERSE_TO_FORWARD
535.7730,-68.2762,-52.0955,0.000,DUMMY,1,DUMMY,,,OBSTACLE_DETECTED,3.0,T2_REVERSE_TO_FORWARD
535.8731,-68.1852,-52.1371,0.000,DUMMY,1,DUMMY,,,OBSTACLE_DETECTED,3.0,T2_REVERSE_TO_FORWARD
535.9730,-68.0944,-52.1789,0.000,DUMMY,1,DUMMY,,,OBSTACLE_DETECTED,3.0,T2_REVERSE_TO_FORWARD
536.0730,-68.0037,-52.2209,0.000,DUMMY,1,DUMMY,,,OBSTACLE_DETECTED,3.0,T2_REVERSE_TO_FORWARD
536.1731,-67.9129,-52.2630,0.000,DUMMY,1,DUMMY,,,OBSTACLE_DETECTED,3.0,T2_REVERSE_TO_FORWARD
536.2731,-67.8222,-52.3051,0.000,DUMMY,1,DUMMY,,,OBSTACLE_DETECTED,3.0,T2_REVERSE_TO_FORWARD
536.3730,-67.7315,-52.3470,0.000,DUMMY,1,DUMMY,,,OBSTACLE_DETECTED,3.0,T2_REVERSE_TO_FORWARD
536.4730,-67.6406,-52.3888,0.000,DUMMY,1,DUMMY,,,OBSTACLE_DETECTED,3.0,T2_REVERSE_TO_FORWARD
536.5730,-67.5496,-52.4302,0.000,DUMMY,1,DUMMY,,,OBSTACLE_DETECTED,3.0,T2_REVERSE_TO_FORWARD
536.6730,-67.4584,-52.4713,0.000,DUMMY,1,DUMMY,,,OBSTACLE_DETECTED,3.0,T2_REVERSE_TO_FORWARD
536.7730,-67.3670,-52.5118,0.000,DUMMY,1,DUMMY,,,OBSTACLE_DETECTED,3.0,T2_REVERSE_TO_FORWARD
536.8730,-67.2753,-52.5518,0.000,DUMMY,1,DUMMY,,,OBSTACLE_DETECTED,3.0,T2_REVERSE_TO_FORWARD
536.9730,-67.1834,-52.5912,0.000,DUMMY,1,DUMMY,,,OBSTACLE_DETECTED,3.0,T2_REVERSE_TO_FORWARD
537.0730,-67.0913,-52.6300,0.000,DUMMY,1,DUMMY,,,OBSTACLE_DETECTED,3.0,T2_REVERSE_TO_FORWARD
537.1730,-66.9989,-52.6684,0.000,DUMMY,1,DUMMY,,,OBSTACLE_DETECTED,3.0,T2_REVERSE_TO_FORWARD
537.2730,-66.9064,-52.7064,0.000,DUMMY,1,DUMMY,,,OBSTACLE_DETECTED,3.0,T2_REVERSE_TO_FORWARD
537.3730,-66.8138,-52.7441,0.000,DUMMY,1,DUMMY,,,OBSTACLE_DETECTED,3.0,T2_REVERSE_TO_FORWARD
537.4730,-66.7211,-52.7816,0.000,DUMMY,1,DUMMY,,,OBSTACLE_DETECTED,3.0,T2_REVERSE_TO_FORWARD
537.5730,-66.6284,-52.8190,0.000,DUMMY,1,DUMMY,,,OBSTACLE_DETECTED,3.0,T2_REVERSE_TO_FORWARD
537.6730,-66.5357,-52.8565,0.000,DUMMY,1,DUMMY,,,OBSTACLE_DETECTED,3.0,T2_REVERSE_TO_FORWARD
537.7729,-66.4431,-52.8942,0.000,DUMMY,1,DUMMY,,,OBSTACLE_DETECTED,3.0,T2_REVERSE_TO_FORWARD
537.8730,-66.3505,-52.9320,0.000,DUMMY,1,DUMMY,,,OBSTACLE_DETECTED,3.0,T2_REVERSE_TO_FORWARD
537.9729,-66.2581,-52.9702,0.000,DUMMY,1,DUMMY,,,OBSTACLE_DETECTED,3.0,T2_REVERSE_TO_FORWARD
538.0730,-66.1658,-53.0087,0.000,DUMMY,1,DUMMY,,,OBSTACLE_DETECTED,3.0,T2_REVERSE_TO_FORWARD
538.1729,-66.0737,-53.0475,0.000,DUMMY,1,DUMMY,,,OBSTACLE_DETECTED,3.0,T2_REVERSE_TO_FORWARD
538.2730,-65.9816,-53.0866,0.000,DUMMY,1,DUMMY,,,OBSTACLE_DETECTED,3.0,T2_REVERSE_TO_FORWARD
538.3729,-65.8897,-53.1260,0.000,DUMMY,1,DUMMY,,,OBSTACLE_DETECTED,3.0,T2_REVERSE_TO_FORWARD
538.4729,-65.7979,-53.1656,0.000,DUMMY,1,DUMMY,,,OBSTACLE_DETECTED,3.0,T2_REVERSE_TO_FORWARD
538.5729,-65.7061,-53.2053,0.000,DUMMY,1,DUMMY,,,OBSTACLE_DETECTED,3.0,T2_REVERSE_TO_FORWARD
538.6729,-65.6144,-53.2452,0.000,DUMMY,1,DUMMY,,,OBSTACLE_DETECTED,3.0,T2_REVERSE_TO_FORWARD
538.7729,-65.5227,-53.2850,0.000,DUMMY,1,DUMMY,,,OBSTACLE_DETECTED,3.0,T2_REVERSE_TO_FORWARD
538.8730,-65.4309,-53.3248,0.000,DUMMY,1,DUMMY,,,OBSTACLE_DETECTED,3.0,T2_REVERSE_TO_FORWARD
538.9729,-65.3392,-53.3645,0.000,DUMMY,1,DUMMY,,,OBSTACLE_DETECTED,3.0,T2_REVERSE_TO_FORWARD
539.0730,-65.2473,-53.4041,0.000,DUMMY,1,DUMMY,,,OBSTACLE_DETECTED,3.0,T2_REVERSE_TO_FORWARD
539.1729,-65.1554,-53.4435,0.000,DUMMY,1,DUMMY,,,OBSTACLE_DETECTED,3.0,T2_REVERSE_TO_FORWARD
539.2729,-65.0634,-53.4827,0.000,DUMMY,1,DUMMY,,,OBSTACLE_DETECTED,3.0,T2_REVERSE_TO_FORWARD
539.3729,-64.9714,-53.5218,0.000,DUMMY,1,DUMMY,,,OBSTACLE_DETECTED,3.0,T2_REVERSE_TO_FORWARD
539.4729,-64.8793,-53.5607,0.000,DUMMY,1,DUMMY,,,OBSTACLE_DETECTED,3.0,T2_REVERSE_TO_FORWARD
539.5730,-64.7871,-53.5996,0.000,DUMMY,1,DUMMY,,,OBSTACLE_DETECTED,3.0,T2_REVERSE_TO_FORWARD
539.6730,-64.6949,-53.6383,0.000,DUMMY,1,DUMMY,,,OBSTACLE_DETECTED,3.0,T2_REVERSE_TO_FORWARD
539.7729,-64.6027,-53.6769,0.000,DUMMY,1,DUMMY,,,OBSTACLE_DETECTED,3.0,T2_REVERSE_TO_FORWARD
539.8729,-64.5105,-53.7155,0.000,DUMMY,1,DUMMY,,,OBSTACLE_DETECTED,3.0,T2_REVERSE_TO_FORWARD
539.9729,-64.4182,-53.7541,0.000,DUMMY,1,DUMMY,,,OBSTACLE_DETECTED,3.0,T2_REVERSE_TO_FORWARD
540.0729,-64.3260,-53.7927,0.000,DUMMY,1,DUMMY,,,OBSTACLE_DETECTED,3.0,T2_REVERSE_TO_FORWARD
540.1729,-64.2337,-53.8313,0.000,DUMMY,1,DUMMY,,,OBSTACLE_DETECTED,3.0,T2_REVERSE_TO_FORWARD
540.2729,-64.1415,-53.8700,0.000,DUMMY,1,DUMMY,,,OBSTACLE_DETECTED,3.0,T2_REVERSE_TO_FORWARD
540.3729,-64.0494,-53.9089,0.000,DUMMY,1,DUMMY,,,OBSTACLE_DETECTED,3.0,T2_REVERSE_TO_FORWARD
540.4729,-63.9573,-53.9478,0.000,DUMMY,1,DUMMY,,,OBSTACLE_DETECTED,3.0,T2_REVERSE_TO_FORWARD
540.5729,-63.8652,-53.9868,0.000,DUMMY,1,DUMMY,,,OBSTACLE_DETECTED,3.0,T2_REVERSE_TO_FORWARD
540.6728,-63.7732,-54.0259,0.000,DUMMY,1,DUMMY,,,OBSTACLE_DETECTED,3.0,T2_REVERSE_TO_FORWARD
540.7729,-63.6812,-54.0652,0.000,DUMMY,1,DUMMY,,,OBSTACLE_DETECTED,3.0,T2_REVERSE_TO_FORWARD
540.8728,-63.5893,-54.1045,0.000,DUMMY,1,DUMMY,,,OBSTACLE_DETECTED,3.0,T2_REVERSE_TO_FORWARD
540.9729,-63.4974,-54.1440,0.000,DUMMY,1,DUMMY,,,OBSTACLE_DETECTED,3.0,T2_REVERSE_TO_FORWARD
541.0728,-63.4056,-54.1836,0.000,DUMMY,1,DUMMY,,,OBSTACLE_DETECTED,3.0,T2_REVERSE_TO_FORWARD
541.1728,-63.3138,-54.2232,0.000,DUMMY,1,DUMMY,,,OBSTACLE_DETECTED,3.0,T2_REVERSE_TO_FORWARD
541.2728,-63.2220,-54.2629,0.000,DUMMY,1,DUMMY,,,OBSTACLE_DETECTED,3.0,T2_REVERSE_TO_FORWARD
541.3728,-63.1302,-54.3026,0.000,DUMMY,1,DUMMY,,,OBSTACLE_DETECTED,3.0,T2_REVERSE_TO_FORWARD
541.4729,-63.0384,-54.3424,0.000,DUMMY,1,DUMMY,,,OBSTACLE_DETECTED,3.0,T2_REVERSE_TO_FORWARD
541.5728,-62.9467,-54.3820,0.000,DUMMY,1,DUMMY,,,OBSTACLE_DETECTED,3.0,T2_REVERSE_TO_FORWARD
541.6729,-62.8548,-54.4216,0.000,DUMMY,1,DUMMY,,,OBSTACLE_DETECTED,3.0,T2_REVERSE_TO_FORWARD
541.7728,-62.7629,-54.4610,0.000,DUMMY,1,DUMMY,,,OBSTACLE_DETECTED,3.0,T2_REVERSE_TO_FORWARD
541.8729,-62.6709,-54.5002,0.000,DUMMY,1,DUMMY,,,OBSTACLE_DETECTED,3.0,T2_REVERSE_TO_FORWARD
541.9728,-62.5788,-54.5391,0.000,DUMMY,1,DUMMY,,,OBSTACLE_DETECTED,3.0,T2_REVERSE_TO_FORWARD
542.0728,-62.4866,-54.5777,0.000,DUMMY,1,DUMMY,,,OBSTACLE_DETECTED,3.0,T2_REVERSE_TO_FORWARD
542.1728,-62.3942,-54.6159,0.000,DUMMY,1,DUMMY,,,OBSTACLE_DETECTED,3.0,T2_REVERSE_TO_FORWARD
542.2728,-62.3016,-54.6538,0.000,DUMMY,1,DUMMY,,,OBSTACLE_DETECTED,3.0,T2_REVERSE_TO_FORWARD
542.3728,-62.2089,-54.6912,0.000,DUMMY,1,DUMMY,,,OBSTACLE_DETECTED,3.0,T2_REVERSE_TO_FORWARD
542.4728,-62.1160,-54.7282,0.000,DUMMY,1,DUMMY,,,OBSTACLE_DETECTED,3.0,T2_REVERSE_TO_FORWARD
542.5728,-62.0229,-54.7647,0.000,DUMMY,1,DUMMY,,,OBSTACLE_DETECTED,3.0,T2_REVERSE_TO_FORWARD
542.6728,-61.9297,-54.8010,0.000,DUMMY,1,DUMMY,,,OBSTACLE_DETECTED,3.0,T2_REVERSE_TO_FORWARD
542.7728,-61.8364,-54.8369,0.000,DUMMY,1,DUMMY,,,OBSTACLE_DETECTED,3.0,T2_REVERSE_TO_FORWARD
542.8728,-61.7430,-54.8727,0.000,DUMMY,1,DUMMY,,,OBSTACLE_DETECTED,3.0,T2_REVERSE_TO_FORWARD
542.9728,-61.6496,-54.9084,0.000,DUMMY,1,DUMMY,,,OBSTACLE_DETECTED,3.0,T2_REVERSE_TO_FORWARD
543.0728,-61.5562,-54.9441,0.000,DUMMY,1,DUMMY,,,OBSTACLE_DETECTED,3.0,T2_REVERSE_TO_FORWARD
543.1728,-61.4628,-54.9799,0.000,DUMMY,1,DUMMY,,,OBSTACLE_DETECTED,3.0,T2_REVERSE_TO_FORWARD
543.2728,-61.3695,-55.0158,0.000,DUMMY,1,DUMMY,,,OBSTACLE_DETECTED,3.0,T2_REVERSE_TO_FORWARD
543.3727,-61.2763,-55.0519,0.000,DUMMY,1,DUMMY,,,OBSTACLE_DETECTED,3.0,T2_REVERSE_TO_FORWARD
543.4728,-61.1831,-55.0883,0.000,DUMMY,1,DUMMY,,,OBSTACLE_DETECTED,3.0,T2_REVERSE_TO_FORWARD
543.5727,-61.0901,-55.1249,0.000,DUMMY,1,DUMMY,,,OBSTACLE_DETECTED,3.0,T2_REVERSE_TO_FORWARD
543.6728,-60.9971,-55.1618,0.000,DUMMY,1,DUMMY,,,OBSTACLE_DETECTED,3.0,T2_REVERSE_TO_FORWARD
543.7728,-60.9042,-55.1988,0.000,DUMMY,1,DUMMY,,,OBSTACLE_DETECTED,3.0,T2_REVERSE_TO_FORWARD
543.8728,-60.8114,-55.2361,0.000,DUMMY,1,DUMMY,,,OBSTACLE_DETECTED,3.0,T2_REVERSE_TO_FORWARD
543.9727,-60.7187,-55.2735,0.000,DUMMY,1,DUMMY,,,OBSTACLE_DETECTED,3.0,T2_REVERSE_TO_FORWARD
544.0727,-60.6260,-55.3110,0.000,DUMMY,1,DUMMY,,,OBSTACLE_DETECTED,3.0,T2_REVERSE_TO_FORWARD
544.1728,-60.5333,-55.3486,0.000,DUMMY,1,DUMMY,,,OBSTACLE_DETECTED,3.0,T2_REVERSE_TO_FORWARD
544.2728,-60.4407,-55.3863,0.000,DUMMY,1,DUMMY,,,OBSTACLE_DETECTED,3.0,T2_REVERSE_TO_FORWARD
544.3727,-60.3481,-55.4239,0.000,DUMMY,1,DUMMY,,,OBSTACLE_DETECTED,3.0,T2_REVERSE_TO_FORWARD
544.4728,-60.2554,-55.4616,0.000,DUMMY,1,DUMMY,,,OBSTACLE_DETECTED,3.0,T2_REVERSE_TO_FORWARD
544.5727,-60.1628,-55.4992,0.000,DUMMY,1,DUMMY,,,OBSTACLE_DETECTED,3.0,T2_REVERSE_TO_FORWARD
544.6727,-60.0701,-55.5367,0.000,DUMMY,1,DUMMY,,,OBSTACLE_DETECTED,3.0,T2_REVERSE_TO_FORWARD
544.7728,-59.9773,-55.5741,0.000,DUMMY,1,DUMMY,,,OBSTACLE_DETECTED,3.0,T2_REVERSE_TO_FORWARD
544.8728,-59.8845,-55.6114,0.000,DUMMY,1,DUMMY,,,OBSTACLE_DETECTED,3.0,T2_REVERSE_TO_FORWARD
544.9727,-59.7917,-55.6485,0.000,DUMMY,1,DUMMY,,,OBSTACLE_DETECTED,3.0,T2_REVERSE_TO_FORWARD
545.0727,-59.6988,-55.6855,0.000,DUMMY,1,DUMMY,,,OBSTACLE_DETECTED,3.0,T2_REVERSE_TO_FORWARD
545.1727,-59.6058,-55.7222,0.000,DUMMY,1,DUMMY,,,OBSTACLE_DETECTED,3.0,T2_REVERSE_TO_FORWARD
545.2728,-59.5127,-55.7589,0.000,DUMMY,1,DUMMY,,,OBSTACLE_DETECTED,3.0,T2_REVERSE_TO_FORWARD
545.3727,-59.4196,-55.7953,0.000,DUMMY,1,DUMMY,,,OBSTACLE_DETECTED,3.0,T2_REVERSE_TO_FORWARD
545.4727,-59.3265,-55.8316,0.000,DUMMY,1,DUMMY,,,OBSTACLE_DETECTED,3.0,T2_REVERSE_TO_FORWARD
545.5727,-59.2332,-55.8678,0.000,DUMMY,1,DUMMY,,,OBSTACLE_DETECTED,3.0,T2_REVERSE_TO_FORWARD
545.6727,-59.1400,-55.9040,0.000,DUMMY,1,DUMMY,,,OBSTACLE_DETECTED,3.0,T2_REVERSE_TO_FORWARD
545.7727,-59.0468,-55.9402,0.000,DUMMY,1,DUMMY,,,OBSTACLE_DETECTED,3.0,T2_REVERSE_TO_FORWARD
545.8727,-58.9536,-55.9764,0.000,DUMMY,1,DUMMY,,,OBSTACLE_DETECTED,3.0,T2_REVERSE_TO_FORWARD
545.9727,-58.8605,-56.0129,0.000,DUMMY,1,DUMMY,,,OBSTACLE_DETECTED,3.0,T2_REVERSE_TO_FORWARD
546.0727,-58.7675,-56.0496,0.000,DUMMY,1,DUMMY,,,OBSTACLE_DETECTED,3.0,T2_REVERSE_TO_FORWARD
546.1727,-58.6746,-56.0866,0.000,DUMMY,1,DUMMY,,,OBSTACLE_DETECTED,3.0,T2_REVERSE_TO_FORWARD
546.2727,-58.5819,-56.1241,0.000,DUMMY,1,DUMMY,,,OBSTACLE_DETECTED,3.0,T2_REVERSE_TO_FORWARD
546.3727,-58.4894,-56.1621,0.000,DUMMY,1,DUMMY,,,OBSTACLE_DETECTED,3.0,T2_REVERSE_TO_FORWARD
546.4727,-58.3971,-56.2006,0.000,DUMMY,1,DUMMY,,,OBSTACLE_DETECTED,3.0,T2_REVERSE_TO_FORWARD
546.5727,-58.3051,-56.2398,0.000,DUMMY,1,DUMMY,,,OBSTACLE_DETECTED,3.0,T2_REVERSE_TO_FORWARD
546.6727,-58.2133,-56.2796,0.000,DUMMY,1,DUMMY,,,OBSTACLE_DETECTED,3.0,T2_REVERSE_TO_FORWARD
546.7726,-58.1219,-56.3199,0.000,DUMMY,1,DUMMY,,,OBSTACLE_DETECTED,3.0,T2_REVERSE_TO_FORWARD
546.8727,-58.0306,-56.3609,0.000,DUMMY,1,DUMMY,,,OBSTACLE_DETECTED,3.0,T2_REVERSE_TO_FORWARD
546.9727,-57.9396,-56.4023,0.000,DUMMY,1,DUMMY,,,OBSTACLE_DETECTED,3.0,T2_REVERSE_TO_FORWARD
547.0727,-57.8487,-56.4440,0.000,DUMMY,1,DUMMY,,,OBSTACLE_DETECTED,3.0,T2_REVERSE_TO_FORWARD
547.1726,-57.7580,-56.4860,0.000,DUMMY,1,DUMMY,,,OBSTACLE_DETECTED,3.0,T2_REVERSE_TO_FORWARD
547.2727,-57.6673,-56.5282,0.000,DUMMY,1,DUMMY,,,OBSTACLE_DETECTED,3.0,T2_REVERSE_TO_FORWARD
547.3727,-57.5767,-56.5705,0.000,DUMMY,1,DUMMY,,,OBSTACLE_DETECTED,3.0,T2_REVERSE_TO_FORWARD
547.4727,-57.4860,-56.6127,0.000,DUMMY,1,DUMMY,,,OBSTACLE_DETECTED,3.0,T2_REVERSE_TO_FORWARD
547.5727,-57.3953,-56.6547,0.000,DUMMY,1,DUMMY,,,OBSTACLE_DETECTED,3.0,T2_REVERSE_TO_FORWARD
547.6726,-57.3045,-56.6965,0.000,DUMMY,1,DUMMY,,,OBSTACLE_DETECTED,3.0,T2_REVERSE_TO_FORWARD
547.7726,-57.2135,-56.7379,0.000,DUMMY,1,DUMMY,,,OBSTACLE_DETECTED,3.0,T2_REVERSE_TO_FORWARD
547.8726,-57.1223,-56.7790,0.000,DUMMY,1,DUMMY,,,OBSTACLE_DETECTED,3.0,T2_REVERSE_TO_FORWARD
547.9726,-57.0309,-56.8196,0.000,DUMMY,1,DUMMY,,,OBSTACLE_DETECTED,3.0,T2_REVERSE_TO_FORWARD
548.0727,-56.9393,-56.8598,0.000,DUMMY,1,DUMMY,,,OBSTACLE_DETECTED,3.0,T2_REVERSE_TO_FORWARD
548.1726,-56.8475,-56.8994,0.000,DUMMY,1,DUMMY,,,OBSTACLE_DETECTED,3.0,T2_REVERSE_TO_FORWARD
548.2726,-56.7555,-56.9386,0.000,DUMMY,1,DUMMY,,,OBSTACLE_DETECTED,3.0,T2_REVERSE_TO_FORWARD
548.3726,-56.6633,-56.9772,0.000,DUMMY,1,DUMMY,,,OBSTACLE_DETECTED,3.0,T2_REVERSE_TO_FORWARD
548.4726,-56.5708,-57.0153,0.000,DUMMY,1,DUMMY,,,OBSTACLE_DETECTED,3.0,T2_REVERSE_TO_FORWARD
548.5726,-56.4782,-57.0529,0.000,DUMMY,1,DUMMY,,,OBSTACLE_DETECTED,3.0,T2_REVERSE_TO_FORWARD
548.6726,-56.3853,-57.0899,0.000,DUMMY,1,DUMMY,,,OBSTACLE_DETECTED,3.0,T2_REVERSE_TO_FORWARD
548.7726,-56.2921,-57.1263,0.000,DUMMY,1,DUMMY,,,OBSTACLE_DETECTED,3.0,T2_REVERSE_TO_FORWARD
548.8726,-56.1988,-57.1622,0.000,DUMMY,1,DUMMY,,,OBSTACLE_DETECTED,3.0,T2_REVERSE_TO_FORWARD
548.9726,-56.1053,-57.1977,0.000,DUMMY,1,DUMMY,,,OBSTACLE_DETECTED,3.0,T2_REVERSE_TO_FORWARD
549.0726,-56.0116,-57.2327,0.000,DUMMY,1,DUMMY,,,OBSTACLE_DETECTED,3.0,T2_REVERSE_TO_FORWARD
549.1726,-55.9178,-57.2673,0.000,DUMMY,1,DUMMY,,,OBSTACLE_DETECTED,3.0,T2_REVERSE_TO_FORWARD
549.2726,-55.8239,-57.3016,0.000,DUMMY,1,DUMMY,,,OBSTACLE_DETECTED,3.0,T2_REVERSE_TO_FORWARD
549.3726,-55.7299,-57.3357,0.000,DUMMY,1,DUMMY,,,OBSTACLE_DETECTED,3.0,T2_REVERSE_TO_FORWARD
549.4726,-55.6358,-57.3696,0.000,DUMMY,1,DUMMY,,,OBSTACLE_DETECTED,3.0,T2_REVERSE_TO_FORWARD
549.5726,-55.5417,-57.4034,0.000,DUMMY,1,DUMMY,,,OBSTACLE_DETECTED,3.0,T2_REVERSE_TO_FORWARD
549.6726,-55.4476,-57.4372,0.000,DUMMY,1,DUMMY,,,OBSTACLE_DETECTED,3.0,T2_REVERSE_TO_FORWARD
549.7726,-55.3535,-57.4710,0.000,DUMMY,1,DUMMY,,,OBSTACLE_DETECTED,3.0,T2_REVERSE_TO_FORWARD
549.8726,-55.2594,-57.5049,0.000,DUMMY,1,DUMMY,,,OBSTACLE_DETECTED,3.0,T2_REVERSE_TO_FORWARD
549.9726,-55.1653,-57.5388,0.000,DUMMY,1,DUMMY,,,OBSTACLE_DETECTED,3.0,T2_REVERSE_TO_FORWARD
550.0725,-55.0714,-57.5730,0.000,DUMMY,1,DUMMY,,,OBSTACLE_DETECTED,3.0,T2_REVERSE_TO_FORWARD
550.1726,-54.9774,-57.6073,0.000,DUMMY,1,DUMMY,,,OBSTACLE_DETECTED,3.0,T2_REVERSE_TO_FORWARD
550.2725,-54.8836,-57.6417,0.000,DUMMY,1,DUMMY,,,OBSTACLE_DETECTED,3.0,T2_REVERSE_TO_FORWARD
550.3725,-54.7898,-57.6764,0.000,DUMMY,1,DUMMY,,,OBSTACLE_DETECTED,3.0,T2_REVERSE_TO_FORWARD
550.4726,-54.6960,-57.7113,0.000,DUMMY,1,DUMMY,,,OBSTACLE_DETECTED,3.0,T2_REVERSE_TO_FORWARD
550.5726,-54.6024,-57.7464,0.000,DUMMY,1,DUMMY,,,OBSTACLE_DETECTED,3.0,T2_REVERSE_TO_FORWARD
550.6726,-54.5088,-57.7817,0.000,DUMMY,1,DUMMY,,,OBSTACLE_DETECTED,3.0,T2_REVERSE_TO_FORWARD
550.7725,-54.4154,-57.8172,0.000,DUMMY,1,DUMMY,,,OBSTACLE_DETECTED,3.0,T2_REVERSE_TO_FORWARD
550.8725,-54.3220,-57.8529,0.000,DUMMY,1,DUMMY,,,OBSTACLE_DETECTED,3.0,T2_REVERSE_TO_FORWARD
550.9726,-54.2286,-57.8888,0.000,DUMMY,1,DUMMY,,,OBSTACLE_DETECTED,3.0,T2_REVERSE_TO_FORWARD
551.0725,-54.1354,-57.9249,0.000,DUMMY,1,DUMMY,,,OBSTACLE_DETECTED,3.0,T2_REVERSE_TO_FORWARD
551.1725,-54.0422,-57.9611,0.000,DUMMY,1,DUMMY,,,OBSTACLE_DETECTED,3.0,T2_REVERSE_TO_FORWARD
551.2726,-53.9490,-57.9975,0.000,DUMMY,1,DUMMY,,,OBSTACLE_DETECTED,3.0,T2_REVERSE_TO_FORWARD
551.3726,-53.8559,-58.0340,0.000,DUMMY,1,DUMMY,,,OBSTACLE_DETECTED,3.0,T2_REVERSE_TO_FORWARD
551.4725,-53.7629,-58.0706,0.000,DUMMY,1,DUMMY,,,OBSTACLE_DETECTED,3.0,T2_REVERSE_TO_FORWARD
551.5725,-53.6698,-58.1072,0.000,DUMMY,1,DUMMY,,,OBSTACLE_DETECTED,3.0,T2_REVERSE_TO_FORWARD
551.6726,-53.5767,-58.1438,0.000,DUMMY,1,DUMMY,,,OBSTACLE_DETECTED,3.0,T2_REVERSE_TO_FORWARD
551.7725,-53.4836,-58.1802,0.000,DUMMY,1,DUMMY,,,OBSTACLE_DETECTED,3.0,T2_REVERSE_TO_FORWARD
551.8725,-53.3905,-58.2165,0.000,DUMMY,1,DUMMY,,,OBSTACLE_DETECTED,3.0,T2_REVERSE_TO_FORWARD
551.9725,-53.2972,-58.2526,0.000,DUMMY,1,DUMMY,,,OBSTACLE_DETECTED,3.0,T2_REVERSE_TO_FORWARD
552.0725,-53.2038,-58.2884,0.000,DUMMY,1,DUMMY,,,OBSTACLE_DETECTED,3.0,T2_REVERSE_TO_FORWARD
552.1725,-53.1103,-58.3238,0.000,DUMMY,1,DUMMY,,,OBSTACLE_DETECTED,3.0,T2_REVERSE_TO_FORWARD
552.2725,-53.0167,-58.3589,0.000,DUMMY,1,DUMMY,,,OBSTACLE_DETECTED,3.0,T2_REVERSE_TO_FORWARD
552.3725,-52.9229,-58.3936,0.000,DUMMY,1,DUMMY,,,OBSTACLE_DETECTED,3.0,T2_REVERSE_TO_FORWARD
552.4725,-52.8289,-58.4278,0.000,DUMMY,1,DUMMY,,,OBSTACLE_DETECTED,3.0,T2_REVERSE_TO_FORWARD
552.5725,-52.7348,-58.4617,0.000,DUMMY,1,DUMMY,,,OBSTACLE_DETECTED,3.0,T2_REVERSE_TO_FORWARD
552.6725,-52.6406,-58.4951,0.000,DUMMY,1,DUMMY,,,OBSTACLE_DETECTED,3.0,T2_REVERSE_TO_FORWARD
552.7724,-52.5463,-58.5283,0.000,DUMMY,1,DUMMY,,,OBSTACLE_DETECTED,3.0,T2_REVERSE_TO_FORWARD
552.8724,-52.4519,-58.5613,0.000,DUMMY,1,DUMMY,,,OBSTACLE_DETECTED,3.0,T2_REVERSE_TO_FORWARD
552.9725,-52.3574,-58.5941,0.000,DUMMY,1,DUMMY,,,OBSTACLE_DETECTED,3.0,T2_REVERSE_TO_FORWARD
553.0724,-52.2630,-58.6269,0.000,DUMMY,1,DUMMY,,,OBSTACLE_DETECTED,3.0,T2_REVERSE_TO_FORWARD
553.1725,-52.1685,-58.6598,0.000,DUMMY,1,DUMMY,,,OBSTACLE_DETECTED,3.0,T2_REVERSE_TO_FORWARD
553.2725,-52.0741,-58.6928,0.000,DUMMY,1,DUMMY,,,OBSTACLE_DETECTED,3.0,T2_REVERSE_TO_FORWARD
553.3725,-51.9798,-58.7260,0.000,DUMMY,1,DUMMY,,,OBSTACLE_DETECTED,3.0,T2_REVERSE_TO_FORWARD
553.4724,-51.8856,-58.7595,0.000,DUMMY,1,DUMMY,,,OBSTACLE_DETECTED,3.0,T2_REVERSE_TO_FORWARD
553.5724,-51.7915,-58.7933,0.000,DUMMY,1,DUMMY,,,OBSTACLE_DETECTED,3.0,T2_REVERSE_TO_FORWARD
553.6724,-51.6975,-58.8274,0.000,DUMMY,1,DUMMY,,,OBSTACLE_DETECTED,3.0,T2_REVERSE_TO_FORWARD
553.7724,-51.6036,-58.8618,0.000,DUMMY,1,DUMMY,,,OBSTACLE_DETECTED,3.0,T2_REVERSE_TO_FORWARD
553.8724,-51.5098,-58.8965,0.000,DUMMY,1,DUMMY,,,OBSTACLE_DETECTED,3.0,T2_REVERSE_TO_FORWARD
553.9724,-51.4161,-58.9314,0.000,DUMMY,1,DUMMY,,,OBSTACLE_DETECTED,3.0,T2_REVERSE_TO_FORWARD
554.0725,-51.3224,-58.9665,0.000,DUMMY,1,DUMMY,,,OBSTACLE_DETECTED,3.0,T2_REVERSE_TO_FORWARD
554.1724,-51.2289,-59.0018,0.000,DUMMY,1,DUMMY,,,OBSTACLE_DETECTED,3.0,T2_REVERSE_TO_FORWARD
554.2724,-51.1354,-59.0373,0.000,DUMMY,1,DUMMY,,,OBSTACLE_DETECTED,3.0,T2_REVERSE_TO_FORWARD
554.3724,-51.0420,-59.0729,0.000,DUMMY,1,DUMMY,,,OBSTACLE_DETECTED,3.0,T2_REVERSE_TO_FORWARD
554.4724,-50.9486,-59.1086,0.000,DUMMY,1,DUMMY,,,OBSTACLE_DETECTED,3.0,T2_REVERSE_TO_FORWARD
554.5724,-50.8552,-59.1444,0.000,DUMMY,1,DUMMY,,,OBSTACLE_DETECTED,3.0,T2_REVERSE_TO_FORWARD
554.6724,-50.7619,-59.1803,0.000,DUMMY,1,DUMMY,,,OBSTACLE_DETECTED,3.0,T2_REVERSE_TO_FORWARD
554.7724,-50.6686,-59.2163,0.000,DUMMY,1,DUMMY,,,OBSTACLE_DETECTED,3.0,T2_REVERSE_TO_FORWARD
554.8724,-50.5753,-59.2524,0.000,DUMMY,1,DUMMY,,,OBSTACLE_DETECTED,3.0,T2_REVERSE_TO_FORWARD
554.9724,-50.4821,-59.2886,0.000,DUMMY,1,DUMMY,,,OBSTACLE_DETECTED,3.0,T2_REVERSE_TO_FORWARD
555.0724,-50.3889,-59.3249,0.000,DUMMY,1,DUMMY,,,OBSTACLE_DETECTED,3.0,T2_REVERSE_TO_FORWARD
555.1724,-50.2958,-59.3613,0.000,DUMMY,1,DUMMY,,,OBSTACLE_DETECTED,3.0,T2_REVERSE_TO_FORWARD
555.2724,-50.2027,-59.3979,0.000,DUMMY,1,DUMMY,,,OBSTACLE_DETECTED,3.0,T2_REVERSE_TO_FORWARD
555.3724,-50.1097,-59.4346,0.000,DUMMY,1,DUMMY,,,OBSTACLE_DETECTED,3.0,T2_REVERSE_TO_FORWARD
555.4724,-50.0167,-59.4714,0.000,DUMMY,1,DUMMY,,,OBSTACLE_DETECTED,3.0,T2_REVERSE_TO_FORWARD
555.5724,-49.9238,-59.5085,0.000,DUMMY,1,DUMMY,,,OBSTACLE_DETECTED,3.0,T2_REVERSE_TO_FORWARD
555.6724,-49.8310,-59.5456,0.000,DUMMY,1,DUMMY,,,OBSTACLE_DETECTED,3.0,T2_REVERSE_TO_FORWARD
555.7723,-49.7383,-59.5830,0.000,DUMMY,1,DUMMY,,,OBSTACLE_DETECTED,3.0,T2_REVERSE_TO_FORWARD
555.8724,-49.6455,-59.6205,0.000,DUMMY,1,DUMMY,,,OBSTACLE_DETECTED,3.0,T2_REVERSE_TO_FORWARD
555.9724,-49.5529,-59.6581,0.000,DUMMY,1,DUMMY,,,OBSTACLE_DETECTED,3.0,T2_REVERSE_TO_FORWARD
556.0724,-49.4603,-59.6959,0.000,DUMMY,1,DUMMY,,,OBSTACLE_DETECTED,3.0,T2_REVERSE_TO_FORWARD
556.1724,-49.3678,-59.7338,0.000,DUMMY,1,DUMMY,,,OBSTACLE_DETECTED,3.0,T2_REVERSE_TO_FORWARD
556.2724,-49.2753,-59.7718,0.000,DUMMY,1,DUMMY,,,OBSTACLE_DETECTED,3.0,T2_REVERSE_TO_FORWARD
556.3723,-49.1829,-59.8100,0.000,DUMMY,1,DUMMY,,,OBSTACLE_DETECTED,3.0,T2_REVERSE_TO_FORWARD
556.4723,-49.0906,-59.8484,0.000,DUMMY,1,DUMMY,,,OBSTACLE_DETECTED,3.0,T2_REVERSE_TO_FORWARD
556.5723,-48.9983,-59.8869,0.000,DUMMY,1,DUMMY,,,OBSTACLE_DETECTED,3.0,T2_REVERSE_TO_FORWARD
556.6723,-48.9061,-59.9256,0.000,DUMMY,1,DUMMY,,,OBSTACLE_DETECTED,3.0,T2_REVERSE_TO_FORWARD
556.7724,-48.8139,-59.9645,0.000,DUMMY,1,DUMMY,,,OBSTACLE_DETECTED,3.0,T2_REVERSE_TO_FORWARD
556.8723,-48.7219,-60.0035,0.000,DUMMY,1,DUMMY,,,OBSTACLE_DETECTED,3.0,T2_REVERSE_TO_FORWARD
556.9723,-48.6299,-60.0427,0.000,DUMMY,1,DUMMY,,,OBSTACLE_DETECTED,3.0,T2_REVERSE_TO_FORWARD
557.0724,-48.5379,-60.0820,0.000,DUMMY,1,DUMMY,,,OBSTACLE_DETECTED,3.0,T2_REVERSE_TO_FORWARD
557.1724,-48.4460,-60.1215,0.000,DUMMY,1,DUMMY,,,OBSTACLE_DETECTED,3.0,T2_REVERSE_TO_FORWARD
557.2724,-48.3542,-60.1611,0.000,DUMMY,1,DUMMY,,,OBSTACLE_DETECTED,3.0,T2_REVERSE_TO_FORWARD
557.3723,-48.2624,-60.2007,0.000,DUMMY,1,DUMMY,,,OBSTACLE_DETECTED,3.0,T2_REVERSE_TO_FORWARD
557.4723,-48.1707,-60.2405,0.000,DUMMY,1,DUMMY,,,OBSTACLE_DETECTED,3.0,T2_REVERSE_TO_FORWARD
557.5723,-48.0790,-60.2804,0.000,DUMMY,1,DUMMY,,,OBSTACLE_DETECTED,3.0,T2_REVERSE_TO_FORWARD
557.6723,-47.9873,-60.3202,0.000,DUMMY,1,DUMMY,,,OBSTACLE_DETECTED,3.0,T2_REVERSE_TO_FORWARD
557.7723,-47.8956,-60.3601,0.000,DUMMY,1,DUMMY,,,OBSTACLE_DETECTED,3.0,T2_REVERSE_TO_FORWARD
557.8723,-47.8038,-60.3999,0.000,DUMMY,1,DUMMY,,,OBSTACLE_DETECTED,3.0,T2_REVERSE_TO_FORWARD
557.9723,-47.7121,-60.4397,0.000,DUMMY,1,DUMMY,,,OBSTACLE_DETECTED,3.0,T2_REVERSE_TO_FORWARD
558.0723,-47.6203,-60.4794,0.000,DUMMY,1,DUMMY,,,OBSTACLE_DETECTED,3.0,T2_REVERSE_TO_FORWARD
558.1723,-47.5285,-60.5190,0.000,DUMMY,1,DUMMY,,,OBSTACLE_DETECTED,3.0,T2_REVERSE_TO_FORWARD
558.2723,-47.4366,-60.5584,0.000,DUMMY,1,DUMMY,,,OBSTACLE_DETECTED,3.0,T2_REVERSE_TO_FORWARD
558.3723,-47.3445,-60.5975,0.000,DUMMY,1,DUMMY,,,OBSTACLE_DETECTED,3.0,T2_REVERSE_TO_FORWARD
558.4723,-47.2524,-60.6364,0.000,DUMMY,1,DUMMY,,,OBSTACLE_DETECTED,3.0,T2_REVERSE_TO_FORWARD
558.5723,-47.1601,-60.6749,0.000,DUMMY,1,DUMMY,,,OBSTACLE_DETECTED,3.0,T2_REVERSE_TO_FORWARD
558.6723,-47.0677,-60.7130,0.000,DUMMY,1,DUMMY,,,OBSTACLE_DETECTED,3.0,T2_REVERSE_TO_FORWARD
558.7723,-46.9750,-60.7506,0.000,DUMMY,1,DUMMY,,,OBSTACLE_DETECTED,3.0,T2_REVERSE_TO_FORWARD
558.8723,-46.8822,-60.7878,0.000,DUMMY,1,DUMMY,,,OBSTACLE_DETECTED,3.0,T2_REVERSE_TO_FORWARD
558.9723,-46.7891,-60.8244,0.000,DUMMY,1,DUMMY,,,OBSTACLE_DETECTED,3.0,T2_REVERSE_TO_FORWARD
559.0722,-46.6959,-60.8604,0.000,DUMMY,1,DUMMY,,,OBSTACLE_DETECTED,3.0,T2_REVERSE_TO_FORWARD
559.1723,-46.6023,-60.8958,0.000,DUMMY,1,DUMMY,,,OBSTACLE_DETECTED,3.0,T2_REVERSE_TO_FORWARD
559.2723,-46.5086,-60.9307,0.000,DUMMY,1,DUMMY,,,OBSTACLE_DETECTED,3.0,T2_REVERSE_TO_FORWARD
559.3723,-46.4147,-60.9651,0.000,DUMMY,1,DUMMY,,,OBSTACLE_DETECTED,3.0,T2_REVERSE_TO_FORWARD
559.4723,-46.3207,-60.9991,0.000,DUMMY,1,DUMMY,,,OBSTACLE_DETECTED,3.0,T2_REVERSE_TO_FORWARD
559.5723,-46.2265,-61.0328,0.000,DUMMY,1,DUMMY,,,OBSTACLE_DETECTED,3.0,T2_REVERSE_TO_FORWARD
559.6722,-46.1323,-61.0662,0.000,DUMMY,1,DUMMY,,,OBSTACLE_DETECTED,3.0,T2_REVERSE_TO_FORWARD
559.7723,-46.0380,-61.0996,0.000,DUMMY,1,DUMMY,,,OBSTACLE_DETECTED,3.0,T2_REVERSE_TO_FORWARD
559.8722,-45.9438,-61.1330,0.000,DUMMY,1,DUMMY,,,OBSTACLE_DETECTED,3.0,T2_REVERSE_TO_FORWARD
559.9723,-45.8495,-61.1664,0.000,DUMMY,1,DUMMY,,,OBSTACLE_DETECTED,3.0,T2_REVERSE_TO_FORWARD
560.0722,-45.7554,-61.2001,0.000,DUMMY,1,DUMMY,,,OBSTACLE_DETECTED,3.0,T2_REVERSE_TO_FORWARD
560.1723,-45.6613,-61.2341,0.000,DUMMY,1,DUMMY,,,OBSTACLE_DETECTED,3.0,T2_REVERSE_TO_FORWARD
560.2722,-45.5674,-61.2684,0.000,DUMMY,1,DUMMY,,,OBSTACLE_DETECTED,3.0,T2_REVERSE_TO_FORWARD
560.3722,-45.4737,-61.3031,0.000,DUMMY,1,DUMMY,,,OBSTACLE_DETECTED,3.0,T2_REVERSE_TO_FORWARD
560.4723,-45.3800,-61.3383,0.000,DUMMY,1,DUMMY,,,OBSTACLE_DETECTED,3.0,T2_REVERSE_TO_FORWARD
560.5723,-45.2866,-61.3740,0.000,DUMMY,1,DUMMY,,,OBSTACLE_DETECTED,3.0,T2_REVERSE_TO_FORWARD
560.6722,-45.1934,-61.4101,0.000,DUMMY,1,DUMMY,,,OBSTACLE_DETECTED,3.0,T2_REVERSE_TO_FORWARD
560.7722,-45.1003,-61.4466,0.000,DUMMY,1,DUMMY,,,OBSTACLE_DETECTED,3.0,T2_REVERSE_TO_FORWARD
560.8722,-45.0074,-61.4836,0.000,DUMMY,1,DUMMY,,,OBSTACLE_DETECTED,3.0,T2_REVERSE_TO_FORWARD
560.9722,-44.9147,-61.5211,0.000,DUMMY,1,DUMMY,,,OBSTACLE_DETECTED,3.0,T2_REVERSE_TO_FORWARD
561.0722,-44.8222,-61.5591,0.000,DUMMY,1,DUMMY,,,OBSTACLE_DETECTED,3.0,T2_REVERSE_TO_FORWARD
561.1722,-44.7298,-61.5974,0.000,DUMMY,1,DUMMY,,,OBSTACLE_DETECTED,3.0,T2_REVERSE_TO_FORWARD
561.2722,-44.6377,-61.6362,0.000,DUMMY,1,DUMMY,,,OBSTACLE_DETECTED,3.0,T2_REVERSE_TO_FORWARD
561.3722,-44.5457,-61.6755,0.000,DUMMY,1,DUMMY,,,OBSTACLE_DETECTED,3.0,T2_REVERSE_TO_FORWARD
561.4722,-44.4539,-61.7151,0.000,DUMMY,1,DUMMY,,,OBSTACLE_DETECTED,3.0,T2_REVERSE_TO_FORWARD
561.5722,-44.3622,-61.7550,0.000,DUMMY,1,DUMMY,,,OBSTACLE_DETECTED,3.0,T2_REVERSE_TO_FORWARD
561.6722,-44.2706,-61.7952,0.000,DUMMY,1,DUMMY,,,OBSTACLE_DETECTED,3.0,T2_REVERSE_TO_FORWARD
561.7722,-44.1792,-61.8357,0.000,DUMMY,1,DUMMY,,,OBSTACLE_DETECTED,3.0,T2_REVERSE_TO_FORWARD
561.8721,-44.0879,-61.8764,0.000,DUMMY,1,DUMMY,,,OBSTACLE_DETECTED,3.0,T2_REVERSE_TO_FORWARD
561.9722,-43.9966,-61.9173,0.000,DUMMY,1,DUMMY,,,OBSTACLE_DETECTED,3.0,T2_REVERSE_TO_FORWARD
562.0721,-43.9054,-61.9582,0.000,DUMMY,1,DUMMY,,,OBSTACLE_DETECTED,3.0,T2_REVERSE_TO_FORWARD
562.1722,-43.8142,-61.9993,0.000,DUMMY,1,DUMMY,,,OBSTACLE_DETECTED,3.0,T2_REVERSE_TO_FORWARD
562.2722,-43.7230,-62.0403,0.000,DUMMY,1,DUMMY,,,OBSTACLE_DETECTED,3.0,T2_REVERSE_TO_FORWARD
562.3722,-43.6318,-62.0814,0.000,DUMMY,1,DUMMY,,,OBSTACLE_DETECTED,3.0,T2_REVERSE_TO_FORWARD
562.4721,-43.5407,-62.1225,0.000,DUMMY,1,DUMMY,,,OBSTACLE_DETECTED,3.0,T2_REVERSE_TO_FORWARD
562.5721,-43.4495,-62.1635,0.000,DUMMY,1,DUMMY,,,OBSTACLE_DETECTED,3.0,T2_REVERSE_TO_FORWARD
562.6721,-43.3582,-62.2043,0.000,DUMMY,1,DUMMY,,,OBSTACLE_DETECTED,3.0,T2_REVERSE_TO_FORWARD
562.7721,-43.2669,-62.2451,0.000,DUMMY,1,DUMMY,,,OBSTACLE_DETECTED,3.0,T2_REVERSE_TO_FORWARD
562.8722,-43.1755,-62.2858,0.000,DUMMY,1,DUMMY,,,OBSTACLE_DETECTED,3.0,T2_REVERSE_TO_FORWARD
562.9721,-43.0841,-62.3262,0.000,DUMMY,1,DUMMY,,,OBSTACLE_DETECTED,3.0,T2_REVERSE_TO_FORWARD
563.0721,-42.9926,-62.3665,0.000,DUMMY,1,DUMMY,,,OBSTACLE_DETECTED,3.0,T2_REVERSE_TO_FORWARD
563.1722,-42.9009,-62.4066,0.000,DUMMY,1,DUMMY,,,OBSTACLE_DETECTED,3.0,T2_REVERSE_TO_FORWARD
563.2721,-42.8092,-62.4463,0.000,DUMMY,1,DUMMY,,,OBSTACLE_DETECTED,3.0,T2_REVERSE_TO_FORWARD
563.3721,-42.7173,-62.4858,0.000,DUMMY,1,DUMMY,,,OBSTACLE_DETECTED,3.0,T2_REVERSE_TO_FORWARD
563.4721,-42.6253,-62.5250,0.000,DUMMY,1,DUMMY,,,OBSTACLE_DETECTED,3.0,T2_REVERSE_TO_FORWARD
563.5721,-42.5332,-62.5639,0.000,DUMMY,1,DUMMY,,,OBSTACLE_DETECTED,3.0,T2_REVERSE_TO_FORWARD
563.6721,-42.4409,-62.6024,0.000,DUMMY,1,DUMMY,,,OBSTACLE_DETECTED,3.0,T2_REVERSE_TO_FORWARD
563.7722,-42.3484,-62.6405,0.000,DUMMY,1,DUMMY,,,OBSTACLE_DETECTED,3.0,T2_REVERSE_TO_FORWARD
563.8721,-42.2559,-62.6783,0.000,DUMMY,1,DUMMY,,,OBSTACLE_DETECTED,3.0,T2_REVERSE_TO_FORWARD
563.9721,-42.1632,-62.7158,0.000,DUMMY,1,DUMMY,,,OBSTACLE_DETECTED,3.0,T2_REVERSE_TO_FORWARD
564.0721,-42.0704,-62.7530,0.000,DUMMY,1,DUMMY,,,OBSTACLE_DETECTED,3.0,T2_REVERSE_TO_FORWARD
564.1721,-41.9775,-62.7900,0.000,DUMMY,1,DUMMY,,,OBSTACLE_DETECTED,3.0,T2_REVERSE_TO_FORWARD
564.2721,-41.8845,-62.8269,0.000,DUMMY,1,DUMMY,,,OBSTACLE_DETECTED,3.0,T2_REVERSE_TO_FORWARD
564.3721,-41.7916,-62.8638,0.000,DUMMY,1,DUMMY,,,OBSTACLE_DETECTED,3.0,T2_REVERSE_TO_FORWARD
564.4721,-41.6986,-62.9007,0.000,DUMMY,1,DUMMY,,,OBSTACLE_DETECTED,3.0,T2_REVERSE_TO_FORWARD
564.5721,-41.6057,-62.9377,0.000,DUMMY,1,DUMMY,,,OBSTACLE_DETECTED,3.0,T2_REVERSE_TO_FORWARD
564.6721,-41.5129,-62.9748,0.000,DUMMY,1,DUMMY,,,OBSTACLE_DETECTED,3.0,T2_REVERSE_TO_FORWARD
564.7721,-41.4201,-63.0122,0.000,DUMMY,1,DUMMY,,,OBSTACLE_DETECTED,3.0,T2_REVERSE_TO_FORWARD
564.8721,-41.3275,-63.0498,0.000,DUMMY,1,DUMMY,,,OBSTACLE_DETECTED,3.0,T2_REVERSE_TO_FORWARD
564.9721,-41.2350,-63.0878,0.000,DUMMY,1,DUMMY,,,OBSTACLE_DETECTED,3.0,T2_REVERSE_TO_FORWARD
565.0721,-41.1426,-63.1260,0.000,DUMMY,1,DUMMY,,,OBSTACLE_DETECTED,3.0,T2_REVERSE_TO_FORWARD
565.1721,-41.0503,-63.1646,0.000,DUMMY,1,DUMMY,,,OBSTACLE_DETECTED,3.0,T2_REVERSE_TO_FORWARD
565.2720,-40.9582,-63.2034,0.000,DUMMY,1,DUMMY,,,OBSTACLE_DETECTED,3.0,T2_REVERSE_TO_FORWARD
565.3721,-40.8661,-63.2424,0.000,DUMMY,1,DUMMY,,,OBSTACLE_DETECTED,3.0,T2_REVERSE_TO_FORWARD
565.4721,-40.7741,-63.2816,0.000,DUMMY,1,DUMMY,,,OBSTACLE_DETECTED,3.0,T2_REVERSE_TO_FORWARD
565.5720,-40.6822,-63.3210,0.000,DUMMY,1,DUMMY,,,OBSTACLE_DETECTED,3.0,T2_REVERSE_TO_FORWARD
565.6720,-40.5903,-63.3604,0.000,DUMMY,1,DUMMY,,,OBSTACLE_DETECTED,3.0,T2_REVERSE_TO_FORWARD
565.7720,-40.4984,-63.3998,0.000,DUMMY,1,DUMMY,,,OBSTACLE_DETECTED,3.0,T2_REVERSE_TO_FORWARD
565.8720,-40.4065,-63.4392,0.000,DUMMY,1,DUMMY,,,OBSTACLE_DETECTED,3.0,T2_REVERSE_TO_FORWARD
565.9721,-40.3145,-63.4785,0.000,DUMMY,1,DUMMY,,,OBSTACLE_DETECTED,3.0,T2_REVERSE_TO_FORWARD
566.0721,-40.2225,-63.5177,0.000,DUMMY,1,DUMMY,,,OBSTACLE_DETECTED,3.0,T2_REVERSE_TO_FORWARD
566.1721,-40.1304,-63.5567,0.000,DUMMY,1,DUMMY,,,OBSTACLE_DETECTED,3.0,T2_REVERSE_TO_FORWARD
566.2720,-40.0383,-63.5955,0.000,DUMMY,1,DUMMY,,,OBSTACLE_DETECTED,3.0,T2_REVERSE_TO_FORWARD
566.3721,-39.9460,-63.6341,0.000,DUMMY,1,DUMMY,,,OBSTACLE_DETECTED,3.0,T2_REVERSE_TO_FORWARD
566.4720,-39.8537,-63.6724,0.000,DUMMY,1,DUMMY,,,OBSTACLE_DETECTED,3.0,T2_REVERSE_TO_FORWARD
566.5720,-39.7612,-63.7105,0.000,DUMMY,1,DUMMY,,,OBSTACLE_DETECTED,3.0,T2_REVERSE_TO_FORWARD
566.6720,-39.6687,-63.7485,0.000,DUMMY,1,DUMMY,,,OBSTACLE_DETECTED,3.0,T2_REVERSE_TO_FORWARD
566.7720,-39.5761,-63.7862,0.000,DUMMY,1,DUMMY,,,OBSTACLE_DETECTED,3.0,T2_REVERSE_TO_FORWARD
566.8720,-39.4834,-63.8237,0.000,DUMMY,1,DUMMY,,,OBSTACLE_DETECTED,3.0,T2_REVERSE_TO_FORWARD
566.9720,-39.3907,-63.8611,0.000,DUMMY,1,DUMMY,,,OBSTACLE_DETECTED,3.0,T2_REVERSE_TO_FORWARD
567.0720,-39.2979,-63.8984,0.000,DUMMY,1,DUMMY,,,OBSTACLE_DETECTED,3.0,T2_REVERSE_TO_FORWARD
567.1720,-39.2050,-63.9355,0.000,DUMMY,1,DUMMY,,,OBSTACLE_DETECTED,3.0,T2_REVERSE_TO_FORWARD
567.2720,-39.1122,-63.9726,0.000,DUMMY,1,DUMMY,,,OBSTACLE_DETECTED,3.0,T2_REVERSE_TO_FORWARD
567.3720,-39.0193,-64.0096,0.000,DUMMY,1,DUMMY,,,OBSTACLE_DETECTED,3.0,T2_REVERSE_TO_FORWARD
567.4720,-38.9264,-64.0467,0.000,DUMMY,1,DUMMY,,,OBSTACLE_DETECTED,3.0,T2_REVERSE_TO_FORWARD
567.5720,-38.8335,-64.0838,0.000,DUMMY,1,DUMMY,,,OBSTACLE_DETECTED,3.0,T2_REVERSE_TO_FORWARD
567.6720,-38.7407,-64.1210,0.000,DUMMY,1,DUMMY,,,OBSTACLE_DETECTED,3.0,T2_REVERSE_TO_FORWARD
567.7720,-38.6480,-64.1584,0.000,DUMMY,1,DUMMY,,,OBSTACLE_DETECTED,3.0,T2_REVERSE_TO_FORWARD
567.8720,-38.5553,-64.1959,0.000,DUMMY,1,DUMMY,,,OBSTACLE_DETECTED,3.0,T2_REVERSE_TO_FORWARD
567.9720,-38.4627,-64.2338,0.000,DUMMY,1,DUMMY,,,OBSTACLE_DETECTED,3.0,T2_REVERSE_TO_FORWARD
568.0720,-38.3703,-64.2720,0.000,DUMMY,1,DUMMY,,,OBSTACLE_DETECTED,3.0,T2_REVERSE_TO_FORWARD
568.1719,-38.2781,-64.3105,0.000,DUMMY,1,DUMMY,,,OBSTACLE_DETECTED,3.0,T2_REVERSE_TO_FORWARD
568.2719,-38.1860,-64.3495,0.000,DUMMY,1,DUMMY,,,OBSTACLE_DETECTED,3.0,T2_REVERSE_TO_FORWARD
568.3720,-38.0941,-64.3890,0.000,DUMMY,1,DUMMY,,,OBSTACLE_DETECTED,3.0,T2_REVERSE_TO_FORWARD
568.4720,-38.0024,-64.4289,0.000,DUMMY,1,DUMMY,,,OBSTACLE_DETECTED,3.0,T2_REVERSE_TO_FORWARD
568.5720,-37.9109,-64.4693,0.000,DUMMY,1,DUMMY,,,OBSTACLE_DETECTED,3.0,T2_REVERSE_TO_FORWARD
568.6720,-37.8196,-64.5101,0.000,DUMMY,1,DUMMY,,,OBSTACLE_DETECTED,3.0,T2_REVERSE_TO_FORWARD
568.7720,-37.7285,-64.5513,0.000,DUMMY,1,DUMMY,,,OBSTACLE_DETECTED,3.0,T2_REVERSE_TO_FORWARD
568.8720,-37.6375,-64.5928,0.000,DUMMY,1,DUMMY,,,OBSTACLE_DETECTED,3.0,T2_REVERSE_TO_FORWARD
568.9719,-37.5467,-64.6345,0.000,DUMMY,1,DUMMY,,,OBSTACLE_DETECTED,3.0,T2_REVERSE_TO_FORWARD
569.0719,-37.4559,-64.6764,0.000,DUMMY,1,DUMMY,,,OBSTACLE_DETECTED,3.0,T2_REVERSE_TO_FORWARD
569.1719,-37.3651,-64.7183,0.000,DUMMY,1,DUMMY,,,OBSTACLE_DETECTED,3.0,T2_REVERSE_TO_FORWARD
569.2720,-37.2743,-64.7603,0.000,DUMMY,1,DUMMY,,,OBSTACLE_DETECTED,3.0,T2_REVERSE_TO_FORWARD
569.3719,-37.1835,-64.8021,0.000,DUMMY,1,DUMMY,,,OBSTACLE_DETECTED,3.0,T2_REVERSE_TO_FORWARD
569.4720,-37.0926,-64.8439,0.000,DUMMY,1,DUMMY,,,OBSTACLE_DETECTED,3.0,T2_REVERSE_TO_FORWARD
569.5719,-37.0017,-64.8854,0.000,DUMMY,1,DUMMY,,,OBSTACLE_DETECTED,3.0,T2_REVERSE_TO_FORWARD
569.6719,-36.9106,-64.9267,0.000,DUMMY,1,DUMMY,,,OBSTACLE_DETECTED,3.0,T2_REVERSE_TO_FORWARD
569.7720,-36.8194,-64.9678,0.000,DUMMY,1,DUMMY,,,OBSTACLE_DETECTED,3.0,T2_REVERSE_TO_FORWARD
569.8719,-36.7281,-65.0085,0.000,DUMMY,1,DUMMY,,,OBSTACLE_DETECTED,3.0,T2_REVERSE_TO_FORWARD
569.9719,-36.6367,-65.0491,0.000,DUMMY,1,DUMMY,,,OBSTACLE_DETECTED,3.0,T2_REVERSE_TO_FORWARD
570.0719,-36.5452,-65.0894,0.000,DUMMY,1,DUMMY,,,OBSTACLE_DETECTED,3.0,T2_REVERSE_TO_FORWARD
570.1719,-36.4536,-65.1296,0.000,DUMMY,1,DUMMY,,,OBSTACLE_DETECTED,3.0,T2_REVERSE_TO_FORWARD
570.2719,-36.3620,-65.1696,0.000,DUMMY,1,DUMMY,,,OBSTACLE_DETECTED,3.0,T2_REVERSE_TO_FORWARD
570.3719,-36.2703,-65.2095,0.000,DUMMY,1,DUMMY,,,OBSTACLE_DETECTED,3.0,T2_REVERSE_TO_FORWARD
570.4719,-36.1786,-65.2494,0.000,DUMMY,1,DUMMY,,,OBSTACLE_DETECTED,3.0,T2_REVERSE_TO_FORWARD
570.5720,-36.0868,-65.2892,0.000,DUMMY,1,DUMMY,,,OBSTACLE_DETECTED,3.0,T2_REVERSE_TO_FORWARD
570.6719,-35.9951,-65.3290,0.000,DUMMY,1,DUMMY,,,OBSTACLE_DETECTED,3.0,T2_REVERSE_TO_FORWARD
570.7719,-35.9034,-65.3688,0.000,DUMMY,1,DUMMY,,,OBSTACLE_DETECTED,3.0,T2_REVERSE_TO_FORWARD
570.8719,-35.8117,-65.4086,0.000,DUMMY,1,DUMMY,,,OBSTACLE_DETECTED,3.0,T2_REVERSE_TO_FORWARD
570.9719,-35.7200,-65.4485,0.000,DUMMY,1,DUMMY,,,OBSTACLE_DETECTED,3.0,T2_REVERSE_TO_FORWARD
571.0719,-35.6283,-65.4884,0.000,DUMMY,1,DUMMY,,,OBSTACLE_DETECTED,3.0,T2_REVERSE_TO_FORWARD
571.1718,-35.5366,-65.5282,0.000,DUMMY,1,DUMMY,,,OBSTACLE_DETECTED,3.0,T2_REVERSE_TO_FORWARD
571.2719,-35.4448,-65.5681,0.000,DUMMY,1,DUMMY,,,OBSTACLE_DETECTED,3.0,T2_REVERSE_TO_FORWARD
571.3718,-35.3531,-65.6078,0.000,DUMMY,1,DUMMY,,,OBSTACLE_DETECTED,3.0,T2_REVERSE_TO_FORWARD
571.4719,-35.2612,-65.6474,0.000,DUMMY,1,DUMMY,,,OBSTACLE_DETECTED,3.0,T2_REVERSE_TO_FORWARD
571.5719,-35.1693,-65.6868,0.000,DUMMY,1,DUMMY,,,OBSTACLE_DETECTED,3.0,T2_REVERSE_TO_FORWARD
571.6719,-35.0773,-65.7259,0.000,DUMMY,1,DUMMY,,,OBSTACLE_DETECTED,3.0,T2_REVERSE_TO_FORWARD
571.7718,-34.9852,-65.7648,0.000,DUMMY,1,DUMMY,,,OBSTACLE_DETECTED,3.0,T2_REVERSE_TO_FORWARD
571.8719,-34.8929,-65.8033,0.000,DUMMY,1,DUMMY,,,OBSTACLE_DETECTED,3.0,T2_REVERSE_TO_FORWARD
571.9719,-34.8004,-65.8414,0.000,DUMMY,1,DUMMY,,,OBSTACLE_DETECTED,3.0,T2_REVERSE_TO_FORWARD
572.0719,-34.7078,-65.8791,0.000,DUMMY,1,DUMMY,,,OBSTACLE_DETECTED,3.0,T2_REVERSE_TO_FORWARD
572.1719,-34.6150,-65.9163,0.000,DUMMY,1,DUMMY,,,OBSTACLE_DETECTED,3.0,T2_REVERSE_TO_FORWARD
572.2719,-34.5220,-65.9531,0.000,DUMMY,1,DUMMY,,,OBSTACLE_DETECTED,3.0,T2_REVERSE_TO_FORWARD
572.3719,-34.4289,-65.9896,0.000,DUMMY,1,DUMMY,,,OBSTACLE_DETECTED,3.0,T2_REVERSE_TO_FORWARD
572.4718,-34.3357,-66.0257,0.000,DUMMY,1,DUMMY,,,OBSTACLE_DETECTED,3.0,T2_REVERSE_TO_FORWARD
572.5718,-34.2424,-66.0616,0.000,DUMMY,1,DUMMY,,,OBSTACLE_DETECTED,3.0,T2_REVERSE_TO_FORWARD
572.6718,-34.1490,-66.0974,0.000,DUMMY,1,DUMMY,,,OBSTACLE_DETECTED,3.0,T2_REVERSE_TO_FORWARD
572.7718,-34.0556,-66.1331,0.000,DUMMY,1,DUMMY,,,OBSTACLE_DETECTED,3.0,T2_REVERSE_TO_FORWARD
572.8718,-33.9622,-66.1688,0.000,DUMMY,1,DUMMY,,,OBSTACLE_DETECTED,3.0,T2_REVERSE_TO_FORWARD
572.9719,-33.8688,-66.2047,0.000,DUMMY,1,DUMMY,,,OBSTACLE_DETECTED,3.0,T2_REVERSE_TO_FORWARD
573.0718,-33.7756,-66.2407,0.000,DUMMY,1,DUMMY,,,OBSTACLE_DETECTED,3.0,T2_REVERSE_TO_FORWARD
573.1718,-33.6824,-66.2771,0.000,DUMMY,1,DUMMY,,,OBSTACLE_DETECTED,3.0,T2_REVERSE_TO_FORWARD
573.2719,-33.5893,-66.3137,0.000,DUMMY,1,DUMMY,,,OBSTACLE_DETECTED,3.0,T2_REVERSE_TO_FORWARD
573.3718,-33.4964,-66.3506,0.000,DUMMY,1,DUMMY,,,OBSTACLE_DETECTED,3.0,T2_REVERSE_TO_FORWARD
573.4718,-33.4036,-66.3878,0.000,DUMMY,1,DUMMY,,,OBSTACLE_DETECTED,3.0,T2_REVERSE_TO_FORWARD
573.5718,-33.3109,-66.4253,0.000,DUMMY,1,DUMMY,,,OBSTACLE_DETECTED,3.0,T2_REVERSE_TO_FORWARD
573.6718,-33.2183,-66.4630,0.000,DUMMY,1,DUMMY,,,OBSTACLE_DETECTED,3.0,T2_REVERSE_TO_FORWARD
573.7718,-33.1257,-66.5008,0.000,DUMMY,1,DUMMY,,,OBSTACLE_DETECTED,3.0,T2_REVERSE_TO_FORWARD
573.8718,-33.0331,-66.5386,0.000,DUMMY,1,DUMMY,,,OBSTACLE_DETECTED,3.0,T2_REVERSE_TO_FORWARD
573.9718,-32.9405,-66.5764,0.000,DUMMY,1,DUMMY,,,OBSTACLE_DETECTED,3.0,T2_REVERSE_TO_FORWARD
574.0718,-32.8479,-66.6140,0.000,DUMMY,1,DUMMY,,,OBSTACLE_DETECTED,3.0,T2_REVERSE_TO_FORWARD
574.1718,-32.7551,-66.6513,0.000,DUMMY,1,DUMMY,,,OBSTACLE_DETECTED,3.0,T2_REVERSE_TO_FORWARD
574.2717,-32.6622,-66.6882,0.000,DUMMY,1,DUMMY,,,OBSTACLE_DETECTED,3.0,T2_REVERSE_TO_FORWARD
574.3717,-32.5690,-66.7244,0.000,DUMMY,1,DUMMY,,,OBSTACLE_DETECTED,3.0,T2_REVERSE_TO_FORWARD
574.3983,-32.5442,-66.7339,0.000,DUMMY,1,DUMMY,DUMMY_OBSTACLE_ZONE_END,,OBSTACLE_DETECTED,3.0,T2_REVERSE_TO_FORWARD
574.4717,-32.4755,-66.7599,0.000,DUMMY,1,DUMMY,,,OBSTACLE_DETECTED,3.0,T2_REVERSE_TO_FORWARD
574.5717,-32.3817,-66.7945,0.000,DUMMY,1,DUMMY,,,OBSTACLE_DETECTED,3.0,T2_REVERSE_TO_FORWARD
574.6717,-32.2878,-66.8289,0.000,DUMMY,1,DUMMY,,,OBSTACLE_DETECTED,3.0,T2_REVERSE_TO_FORWARD
574.6978,-32.2633,-66.8379,0.000,NORMAL,1,ROUTE,,,,,T2_REVERSE_TO_FORWARD
574.7718,-32.1939,-66.8634,0.000,NORMAL,1,ROUTE,,,,,T2_REVERSE_TO_FORWARD
574.8718,-32.1000,-66.8978,0.000,NORMAL,1,ROUTE,,,,,T2_REVERSE_TO_FORWARD
574.9718,-32.0060,-66.9320,0.000,NORMAL,1,ROUTE,,,,,T2_REVERSE_TO_FORWARD
575.0718,-31.9120,-66.9661,0.000,NORMAL,1,ROUTE,,,,,T2_REVERSE_TO_FORWARD
575.1718,-31.8179,-66.9999,0.000,NORMAL,1,ROUTE,,,,,T2_REVERSE_TO_FORWARD
575.2718,-31.7237,-67.0334,0.000,NORMAL,1,ROUTE,,,,,T2_REVERSE_TO_FORWARD
575.3717,-31.6294,-67.0665,0.000,NORMAL,1,ROUTE,,,,,T2_REVERSE_TO_FORWARD
575.4717,-31.5349,-67.0992,0.000,NORMAL,1,ROUTE,,,,,T2_REVERSE_TO_FORWARD
575.5717,-31.4402,-67.1315,0.000,NORMAL,1,ROUTE,,,,,T2_REVERSE_TO_FORWARD
575.6717,-31.3454,-67.1632,0.000,NORMAL,1,ROUTE,,,,,T2_REVERSE_TO_FORWARD
575.7717,-31.2504,-67.1945,0.000,NORMAL,1,ROUTE,,,,,T2_REVERSE_TO_FORWARD
575.8717,-31.1553,-67.2254,0.000,NORMAL,1,ROUTE,,,,,T2_REVERSE_TO_FORWARD
575.9718,-31.0600,-67.2558,0.000,NORMAL,1,ROUTE,,,,,T2_REVERSE_TO_FORWARD
576.0717,-30.9647,-67.2859,0.000,NORMAL,1,ROUTE,,,,,T2_REVERSE_TO_FORWARD
576.1717,-30.8692,-67.3156,0.000,NORMAL,1,ROUTE,,,,,T2_REVERSE_TO_FORWARD
576.2718,-30.7736,-67.3451,0.000,NORMAL,1,ROUTE,,,,,T2_REVERSE_TO_FORWARD
576.3717,-30.6780,-67.3743,0.000,NORMAL,1,ROUTE,,,,,T2_REVERSE_TO_FORWARD
576.4717,-30.5823,-67.4033,0.000,NORMAL,1,ROUTE,,,,,T2_REVERSE_TO_FORWARD
576.5717,-30.4866,-67.4322,0.000,NORMAL,1,ROUTE,,,,,T2_REVERSE_TO_FORWARD
576.6717,-30.3908,-67.4609,0.000,NORMAL,1,ROUTE,,,,,T2_REVERSE_TO_FORWARD
576.7717,-30.2950,-67.4896,0.000,NORMAL,1,ROUTE,,,,,T2_REVERSE_TO_FORWARD
576.8717,-30.1991,-67.5181,0.000,NORMAL,1,ROUTE,,,,,T2_REVERSE_TO_FORWARD
576.9717,-30.1033,-67.5465,0.000,NORMAL,1,ROUTE,,,,,T2_REVERSE_TO_FORWARD
577.0716,-30.0074,-67.5748,0.000,NORMAL,1,ROUTE,,,,,T2_REVERSE_TO_FORWARD
577.1717,-29.9114,-67.6031,0.000,NORMAL,1,ROUTE,,,,,T2_REVERSE_TO_FORWARD
577.2716,-29.8155,-67.6311,0.000,NORMAL,1,ROUTE,,,,,T2_REVERSE_TO_FORWARD
577.3717,-29.7194,-67.6590,0.000,NORMAL,1,ROUTE,,,,,T2_REVERSE_TO_FORWARD
577.4717,-29.6233,-67.6867,0.000,NORMAL,1,ROUTE,,,,,T2_REVERSE_TO_FORWARD
577.5716,-29.5272,-67.7141,0.000,NORMAL,1,ROUTE,,,,,T2_REVERSE_TO_FORWARD
577.6717,-29.4309,-67.7411,0.000,NORMAL,1,ROUTE,,,,,T2_REVERSE_TO_FORWARD
577.7716,-29.3345,-67.7676,0.000,NORMAL,1,ROUTE,,,,,T2_REVERSE_TO_FORWARD
577.8716,-29.2379,-67.7935,0.000,NORMAL,1,ROUTE,,,,,T2_REVERSE_TO_FORWARD
577.9717,-29.1411,-67.8188,0.000,NORMAL,1,ROUTE,,,,,T2_REVERSE_TO_FORWARD
578.0716,-29.0442,-67.8432,0.000,NORMAL,1,ROUTE,,,,,T2_REVERSE_TO_FORWARD
578.1716,-28.9470,-67.8668,0.000,NORMAL,1,ROUTE,,,,,T2_REVERSE_TO_FORWARD
578.2717,-28.8495,-67.8892,0.000,NORMAL,1,ROUTE,,,,,T2_REVERSE_TO_FORWARD
578.3717,-28.7518,-67.9105,0.000,NORMAL,1,ROUTE,,,,,T2_REVERSE_TO_FORWARD
578.4716,-28.6539,-67.9306,0.000,NORMAL,1,ROUTE,,,,,T2_REVERSE_TO_FORWARD
578.5716,-28.5557,-67.9493,0.000,NORMAL,1,ROUTE,,,,,T2_REVERSE_TO_FORWARD
578.6716,-28.4572,-67.9667,0.000,NORMAL,1,ROUTE,,,,,T2_REVERSE_TO_FORWARD
578.7717,-28.3584,-67.9825,0.000,NORMAL,1,ROUTE,,,,,T2_REVERSE_TO_FORWARD
578.8716,-28.2595,-67.9968,0.000,NORMAL,1,ROUTE,,,,,T2_REVERSE_TO_FORWARD
578.9717,-28.1602,-68.0092,0.000,NORMAL,1,ROUTE,,,,,T2_REVERSE_TO_FORWARD
579.0716,-28.0608,-68.0196,0.000,NORMAL,1,ROUTE,,,,,T2_REVERSE_TO_FORWARD
579.1716,-27.9611,-68.0278,0.000,NORMAL,1,ROUTE,,,,,T2_REVERSE_TO_FORWARD
579.2716,-27.8613,-68.0336,0.000,NORMAL,1,ROUTE,,,,,T2_REVERSE_TO_FORWARD
579.3716,-27.7614,-68.0366,0.000,NORMAL,1,ROUTE,,,,,T2_REVERSE_TO_FORWARD
579.4716,-27.6614,-68.0368,0.000,NORMAL,1,ROUTE,,,,,T2_REVERSE_TO_FORWARD
579.5716,-27.5614,-68.0339,0.000,NORMAL,1,ROUTE,,,,,T2_REVERSE_TO_FORWARD
579.6716,-27.4616,-68.0280,0.000,NORMAL,1,ROUTE,,,,,T2_REVERSE_TO_FORWARD
579.7716,-27.3620,-68.0190,0.000,NORMAL,1,ROUTE,,,,,T2_REVERSE_TO_FORWARD
579.8716,-27.2627,-68.0073,0.000,NORMAL,1,ROUTE,,,,,T2_REVERSE_TO_FORWARD
579.9716,-27.1637,-67.9931,0.000,NORMAL,1,ROUTE,,,,,T2_REVERSE_TO_FORWARD
580.0716,-27.0651,-67.9765,0.000,NORMAL,1,ROUTE,,,,,T2_REVERSE_TO_FORWARD
580.1716,-26.9668,-67.9580,0.000,NORMAL,1,ROUTE,,,,,T2_REVERSE_TO_FORWARD
580.2716,-26.8689,-67.9378,0.000,NORMAL,1,ROUTE,,,,,T2_REVERSE_TO_FORWARD
580.3716,-26.7713,-67.9160,0.000,NORMAL,1,ROUTE,,,,,T2_REVERSE_TO_FORWARD
580.4716,-26.6740,-67.8929,0.000,NORMAL,1,ROUTE,,,,,T2_REVERSE_TO_FORWARD
580.5716,-26.5770,-67.8686,0.000,NORMAL,1,ROUTE,,,,,T2_REVERSE_TO_FORWARD
580.6715,-26.4803,-67.8434,0.000,NORMAL,1,ROUTE,,,,,T2_REVERSE_TO_FORWARD
580.7715,-26.3837,-67.8174,0.000,NORMAL,1,ROUTE,,,,,T2_REVERSE_TO_FORWARD
580.8715,-26.2874,-67.7906,0.000,NORMAL,1,ROUTE,,,,,T2_REVERSE_TO_FORWARD
580.9715,-26.1912,-67.7632,0.000,NORMAL,1,ROUTE,,,,,T2_REVERSE_TO_FORWARD
581.0715,-26.0952,-67.7354,0.000,NORMAL,1,ROUTE,,,,,T2_REVERSE_TO_FORWARD
581.1715,-25.9993,-67.7070,0.000,NORMAL,1,ROUTE,,,,,T2_REVERSE_TO_FORWARD
581.2715,-25.9035,-67.6783,0.000,NORMAL,1,ROUTE,,,,,T2_REVERSE_TO_FORWARD
581.3715,-25.8078,-67.6491,0.000,NORMAL,1,ROUTE,,,,,T2_REVERSE_TO_FORWARD
581.4715,-25.7123,-67.6195,0.000,NORMAL,1,ROUTE,,,,,T2_REVERSE_TO_FORWARD
581.5715,-25.6170,-67.5894,0.000,NORMAL,1,ROUTE,,,,,T2_REVERSE_TO_FORWARD
581.6715,-25.5218,-67.5587,0.000,NORMAL,1,ROUTE,,,,,T2_REVERSE_TO_FORWARD
581.7715,-25.4268,-67.5274,0.000,NORMAL,1,ROUTE,,,,,T2_REVERSE_TO_FORWARD
581.8715,-25.3321,-67.4954,0.000,NORMAL,1,ROUTE,,,,,T2_REVERSE_TO_FORWARD
581.9715,-25.2377,-67.4624,0.000,NORMAL,1,ROUTE,,,,,T2_REVERSE_TO_FORWARD
582.0715,-25.1436,-67.4285,0.000,NORMAL,1,ROUTE,,,,,T2_REVERSE_TO_FORWARD
582.1715,-25.0499,-67.3936,0.000,NORMAL,1,ROUTE,,,,,T2_REVERSE_TO_FORWARD
582.2714,-24.9567,-67.3575,0.000,NORMAL,1,ROUTE,,,,,T2_REVERSE_TO_FORWARD
582.3715,-24.8639,-67.3202,0.000,NORMAL,1,ROUTE,,,,,T2_REVERSE_TO_FORWARD
582.4715,-24.7716,-67.2816,0.000,NORMAL,1,ROUTE,,,,,T2_REVERSE_TO_FORWARD
582.5715,-24.6799,-67.2418,0.000,NORMAL,1,ROUTE,,,,,T2_REVERSE_TO_FORWARD
582.6715,-24.5888,-67.2005,0.000,NORMAL,1,ROUTE,,,,,T2_REVERSE_TO_FORWARD
582.7714,-24.4985,-67.1577,0.000,NORMAL,1,ROUTE,,,,,T2_REVERSE_TO_FORWARD
582.8715,-24.4089,-67.1131,0.000,NORMAL,1,ROUTE,,,,,T2_REVERSE_TO_FORWARD
582.9715,-24.3203,-67.0668,0.000,NORMAL,1,ROUTE,,,,,T2_REVERSE_TO_FORWARD
583.0715,-24.2328,-67.0184,0.000,NORMAL,1,ROUTE,,,,,T2_REVERSE_TO_FORWARD
583.1715,-24.1465,-66.9679,0.000,NORMAL,1,ROUTE,,,,,T2_REVERSE_TO_FORWARD
583.2715,-24.0616,-66.9150,0.000,NORMAL,1,ROUTE,,,,,T2_REVERSE_TO_FORWARD
583.3714,-23.9783,-66.8598,0.000,NORMAL,1,ROUTE,,,,,T2_REVERSE_TO_FORWARD
583.4714,-23.8966,-66.8021,0.000,NORMAL,1,ROUTE,,,,,T2_REVERSE_TO_FORWARD
583.5714,-23.8167,-66.7420,0.000,NORMAL,1,ROUTE,,,,,T2_REVERSE_TO_FORWARD
583.6714,-23.7385,-66.6797,0.000,NORMAL,1,ROUTE,,,,,T2_REVERSE_TO_FORWARD
583.7714,-23.6621,-66.6152,0.000,NORMAL,1,ROUTE,,,,,T2_REVERSE_TO_FORWARD
583.8714,-23.5874,-66.5487,0.000,NORMAL,1,ROUTE,,,,,T2_REVERSE_TO_FORWARD
583.9714,-23.5144,-66.4804,0.000,NORMAL,1,ROUTE,,,,,T2_REVERSE_TO_FORWARD
584.0714,-23.4431,-66.4103,0.000,NORMAL,1,ROUTE,,,,,T2_REVERSE_TO_FORWARD
584.1714,-23.3735,-66.3385,0.000,NORMAL,1,ROUTE,,,,,T2_REVERSE_TO_FORWARD
584.2714,-23.3055,-66.2651,0.000,NORMAL,1,ROUTE,,,,,T2_REVERSE_TO_FORWARD
584.3714,-23.2392,-66.1903,0.000,NORMAL,1,ROUTE,,,,,T2_REVERSE_TO_FORWARD
584.4714,-23.1745,-66.1140,0.000,NORMAL,1,ROUTE,,,,,T2_REVERSE_TO_FORWARD
584.5713,-23.1114,-66.0365,0.000,NORMAL,1,ROUTE,,,,,T2_REVERSE_TO_FORWARD
584.6714,-23.0496,-65.9578,0.000,NORMAL,1,ROUTE,,,,,T2_REVERSE_TO_FORWARD
584.7713,-22.9892,-65.8782,0.000,NORMAL,1,ROUTE,,,,,T2_REVERSE_TO_FORWARD
584.8713,-22.9299,-65.7977,0.000,NORMAL,1,ROUTE,,,,,T2_REVERSE_TO_FORWARD
584.9714,-22.8716,-65.7164,0.000,NORMAL,1,ROUTE,,,,,T2_REVERSE_TO_FORWARD
585.0713,-22.8143,-65.6345,0.000,NORMAL,1,ROUTE,,,,,T2_REVERSE_TO_FORWARD
585.1714,-22.7577,-65.5520,0.000,NORMAL,1,ROUTE,,,,,T2_REVERSE_TO_FORWARD
585.2714,-22.7019,-65.4690,0.000,NORMAL,1,ROUTE,,,,,T2_REVERSE_TO_FORWARD
585.3713,-22.6468,-65.3856,0.000,NORMAL,1,ROUTE,,,,,T2_REVERSE_TO_FORWARD
585.4713,-22.5923,-65.3018,0.000,NORMAL,1,ROUTE,,,,,T2_REVERSE_TO_FORWARD
585.5713,-22.5383,-65.2176,0.000,NORMAL,1,ROUTE,,,,,T2_REVERSE_TO_FORWARD
585.6713,-22.4849,-65.1331,0.000,NORMAL,1,ROUTE,,,,,T2_REVERSE_TO_FORWARD
585.7713,-22.4320,-65.0482,0.000,NORMAL,1,ROUTE,,,,,T2_REVERSE_TO_FORWARD
585.8713,-22.3795,-64.9631,0.000,NORMAL,1,ROUTE,,,,,T2_REVERSE_TO_FORWARD
585.9713,-22.3274,-64.8778,0.000,NORMAL,1,ROUTE,,,,,T2_REVERSE_TO_FORWARD
586.0713,-22.2756,-64.7922,0.000,NORMAL,1,ROUTE,,,,,T2_REVERSE_TO_FORWARD
586.1712,-22.2242,-64.7065,0.000,NORMAL,1,ROUTE,,,,,T2_REVERSE_TO_FORWARD
586.2713,-22.1730,-64.6205,0.000,NORMAL,1,ROUTE,,,,,T2_REVERSE_TO_FORWARD
586.3713,-22.1222,-64.5344,0.000,NORMAL,1,ROUTE,,,,,T2_REVERSE_TO_FORWARD
586.4713,-22.0717,-64.4481,0.000,NORMAL,1,ROUTE,,,,,T2_REVERSE_TO_FORWARD
586.5713,-22.0214,-64.3617,0.000,NORMAL,1,ROUTE,,,,,T2_REVERSE_TO_FORWARD
586.6713,-21.9713,-64.2751,0.000,NORMAL,1,ROUTE,,,,,T2_REVERSE_TO_FORWARD
586.7713,-21.9215,-64.1884,0.000,NORMAL,1,ROUTE,,,,,T2_REVERSE_TO_FORWARD
586.8713,-21.8720,-64.1015,0.000,NORMAL,1,ROUTE,,,,,T2_REVERSE_TO_FORWARD
586.9713,-21.8227,-64.0145,0.000,NORMAL,1,ROUTE,,,,,T2_REVERSE_TO_FORWARD
587.0712,-21.7737,-63.9274,0.000,NORMAL,1,ROUTE,,,,,T2_REVERSE_TO_FORWARD
587.1713,-21.7249,-63.8401,0.000,NORMAL,1,ROUTE,,,,,T2_REVERSE_TO_FORWARD
587.2712,-21.6765,-63.7526,0.000,NORMAL,1,ROUTE,,,,,T2_REVERSE_TO_FORWARD
587.3713,-21.6284,-63.6649,0.000,NORMAL,1,ROUTE,,,,,T2_REVERSE_TO_FORWARD
587.4712,-21.5808,-63.5770,0.000,NORMAL,1,ROUTE,,,,,T2_REVERSE_TO_FORWARD
587.5713,-21.5336,-63.4888,0.000,NORMAL,1,ROUTE,,,,,T2_REVERSE_TO_FORWARD
587.6712,-21.4869,-63.4004,0.000,NORMAL,1,ROUTE,,,,,T2_REVERSE_TO_FORWARD
587.7713,-21.4407,-63.3117,0.000,NORMAL,1,ROUTE,,,,,T2_REVERSE_TO_FORWARD
587.8713,-21.3950,-63.2227,0.000,NORMAL,1,ROUTE,,,,,T2_REVERSE_TO_FORWARD
587.9712,-21.3500,-63.1335,0.000,NORMAL,1,ROUTE,,,,,T2_REVERSE_TO_FORWARD
588.0712,-21.3054,-63.0440,0.000,NORMAL,1,ROUTE,,,,,T2_REVERSE_TO_FORWARD
588.1712,-21.2614,-62.9542,0.000,NORMAL,1,ROUTE,,,,,T2_REVERSE_TO_FORWARD
588.2713,-21.2177,-62.8642,0.000,NORMAL,1,ROUTE,,,,,T2_REVERSE_TO_FORWARD
588.3712,-21.1744,-62.7741,0.000,NORMAL,1,ROUTE,,,,,T2_REVERSE_TO_FORWARD
588.4712,-21.1314,-62.6838,0.000,NORMAL,1,ROUTE,,,,,T2_REVERSE_TO_FORWARD
588.5712,-21.0886,-62.5935,0.000,NORMAL,1,ROUTE,,,,,T2_REVERSE_TO_FORWARD
588.6712,-21.0458,-62.5031,0.000,NORMAL,1,ROUTE,,,,,T2_REVERSE_TO_FORWARD
588.7712,-21.0031,-62.4127,0.000,NORMAL,1,ROUTE,,,,,T2_REVERSE_TO_FORWARD
588.8712,-20.9603,-62.3223,0.000,NORMAL,1,ROUTE,,,,,T2_REVERSE_TO_FORWARD
588.9712,-20.9173,-62.2320,0.000,NORMAL,1,ROUTE,,,,,T2_REVERSE_TO_FORWARD
589.0712,-20.8741,-62.1418,0.000,NORMAL,1,ROUTE,,,,,T2_REVERSE_TO_FORWARD
589.1712,-20.8305,-62.0518,0.000,NORMAL,1,ROUTE,,,,,T2_REVERSE_TO_FORWARD
589.2712,-20.7865,-61.9620,0.000,NORMAL,1,ROUTE,,,,,T2_REVERSE_TO_FORWARD
589.3712,-20.7421,-61.8724,0.000,NORMAL,1,ROUTE,,,,,T2_REVERSE_TO_FORWARD
589.4712,-20.6971,-61.7831,0.000,NORMAL,1,ROUTE,,,,,T2_REVERSE_TO_FORWARD
589.5712,-20.6516,-61.6941,0.000,NORMAL,1,ROUTE,,,,,T2_REVERSE_TO_FORWARD
589.6712,-20.6055,-61.6053,0.000,NORMAL,1,ROUTE,,,,,T2_REVERSE_TO_FORWARD
589.7712,-20.5588,-61.5169,0.000,NORMAL,1,ROUTE,,,,,T2_REVERSE_TO_FORWARD
589.8712,-20.5117,-61.4287,0.000,NORMAL,1,ROUTE,,,,,T2_REVERSE_TO_FORWARD
589.9712,-20.4641,-61.3407,0.000,NORMAL,1,ROUTE,,,,,T2_REVERSE_TO_FORWARD
590.0712,-20.4163,-61.2529,0.000,NORMAL,1,ROUTE,,,,,T2_REVERSE_TO_FORWARD
590.1712,-20.3683,-61.1652,0.000,NORMAL,1,ROUTE,,,,,T2_REVERSE_TO_FORWARD
590.2712,-20.3203,-61.0775,0.000,NORMAL,1,ROUTE,,,,,T2_REVERSE_TO_FORWARD
590.3711,-20.2723,-60.9898,0.000,NORMAL,1,ROUTE,,,,,T2_REVERSE_TO_FORWARD
590.4712,-20.2245,-60.9019,0.000,NORMAL,1,ROUTE,,,,,T2_REVERSE_TO_FORWARD
590.5712,-20.1770,-60.8139,0.000,NORMAL,1,ROUTE,,,,,T2_REVERSE_TO_FORWARD
590.6712,-20.1299,-60.7257,0.000,NORMAL,1,ROUTE,,,,,T2_REVERSE_TO_FORWARD
590.7711,-20.0833,-60.6373,0.000,NORMAL,1,ROUTE,,,,,T2_REVERSE_TO_FORWARD
590.8712,-20.0372,-60.5485,0.000,NORMAL,1,ROUTE,,,,,T2_REVERSE_TO_FORWARD
590.9712,-19.9918,-60.4594,0.000,NORMAL,1,ROUTE,,,,,T2_REVERSE_TO_FORWARD
591.0711,-19.9471,-60.3700,0.000,NORMAL,1,ROUTE,,,,,T2_REVERSE_TO_FORWARD
591.1711,-19.9031,-60.2802,0.000,NORMAL,1,ROUTE,,,,,T2_REVERSE_TO_FORWARD
591.2711,-19.8600,-60.1900,0.000,NORMAL,1,ROUTE,,,,,T2_REVERSE_TO_FORWARD
591.3712,-19.8175,-60.0994,0.000,NORMAL,1,ROUTE,,,,,T2_REVERSE_TO_FORWARD
591.4712,-19.7758,-60.0085,0.000,NORMAL,1,ROUTE,,,,,T2_REVERSE_TO_FORWARD
591.5712,-19.7348,-59.9173,0.000,NORMAL,1,ROUTE,,,,,T2_REVERSE_TO_FORWARD
591.6711,-19.6945,-59.8258,0.000,NORMAL,1,ROUTE,,,,,T2_REVERSE_TO_FORWARD
591.7711,-19.6546,-59.7341,0.000,NORMAL,1,ROUTE,,,,,T2_REVERSE_TO_FORWARD
591.8711,-19.6152,-59.6422,0.000,NORMAL,1,ROUTE,,,,,T2_REVERSE_TO_FORWARD
591.9711,-19.5761,-59.5502,0.000,NORMAL,1,ROUTE,,,,,T2_REVERSE_TO_FORWARD
592.0711,-19.5372,-59.4581,0.000,NORMAL,1,ROUTE,,,,,T2_REVERSE_TO_FORWARD
592.1711,-19.4982,-59.3660,0.000,NORMAL,1,ROUTE,,,,,T2_REVERSE_TO_FORWARD
592.2711,-19.4591,-59.2739,0.000,NORMAL,1,ROUTE,,,,,T2_REVERSE_TO_FORWARD
592.3711,-19.4199,-59.1820,0.000,NORMAL,1,ROUTE,,,,,T2_REVERSE_TO_FORWARD
592.4711,-19.3804,-59.0901,0.000,NORMAL,1,ROUTE,,,,,T2_REVERSE_TO_FORWARD
592.5711,-19.3406,-58.9984,0.000,NORMAL,1,ROUTE,,,,,T2_REVERSE_TO_FORWARD
592.6711,-19.3005,-58.9067,0.000,NORMAL,1,ROUTE,,,,,T2_REVERSE_TO_FORWARD
592.7711,-19.2602,-58.8152,0.000,NORMAL,1,ROUTE,,,,,T2_REVERSE_TO_FORWARD
592.8710,-19.2196,-58.7239,0.000,NORMAL,1,ROUTE,,,,,T2_REVERSE_TO_FORWARD
592.9710,-19.1788,-58.6326,0.000,NORMAL,1,ROUTE,,,,,T2_REVERSE_TO_FORWARD
593.0710,-19.1378,-58.5414,0.000,NORMAL,1,ROUTE,,,,,T2_REVERSE_TO_FORWARD
593.1710,-19.0966,-58.4503,0.000,NORMAL,1,ROUTE,,,,,T2_REVERSE_TO_FORWARD
593.2710,-19.0553,-58.3592,0.000,NORMAL,1,ROUTE,,,,,T2_REVERSE_TO_FORWARD
593.3710,-19.0139,-58.2682,0.000,NORMAL,1,ROUTE,,,,,T2_REVERSE_TO_FORWARD
593.4711,-18.9725,-58.1771,0.000,NORMAL,1,ROUTE,,,,,T2_REVERSE_TO_FORWARD
593.5710,-18.9312,-58.0861,0.000,NORMAL,1,ROUTE,,,,,T2_REVERSE_TO_FORWARD
593.6711,-18.8900,-57.9949,0.000,NORMAL,1,ROUTE,,,,,T2_REVERSE_TO_FORWARD
593.7711,-18.8490,-57.9037,0.000,NORMAL,1,ROUTE,,,,,T2_REVERSE_TO_FORWARD
593.8711,-18.8082,-57.8124,0.000,NORMAL,1,ROUTE,,,,,T2_REVERSE_TO_FORWARD
593.9711,-18.7678,-57.7209,0.000,NORMAL,1,ROUTE,,,,,T2_REVERSE_TO_FORWARD
594.0711,-18.7278,-57.6293,0.000,NORMAL,1,ROUTE,,,,,T2_REVERSE_TO_FORWARD
594.1711,-18.6883,-57.5374,0.000,NORMAL,1,ROUTE,,,,,T2_REVERSE_TO_FORWARD
594.2710,-18.6493,-57.4454,0.000,NORMAL,1,ROUTE,,,,,T2_REVERSE_TO_FORWARD
594.3711,-18.6109,-57.3530,0.000,NORMAL,1,ROUTE,,,,,T2_REVERSE_TO_FORWARD
594.4710,-18.5731,-57.2605,0.000,NORMAL,1,ROUTE,,,,,T2_REVERSE_TO_FORWARD
594.5710,-18.5360,-57.1676,0.000,NORMAL,1,ROUTE,,,,,T2_REVERSE_TO_FORWARD
594.6710,-18.4996,-57.0745,0.000,NORMAL,1,ROUTE,,,,,T2_REVERSE_TO_FORWARD
594.7710,-18.4639,-56.9811,0.000,NORMAL,1,ROUTE,,,,,T2_REVERSE_TO_FORWARD
594.8710,-18.4289,-56.8874,0.000,NORMAL,1,ROUTE,,,,,T2_REVERSE_TO_FORWARD
594.9710,-18.3946,-56.7935,0.000,NORMAL,1,ROUTE,,,,,T2_REVERSE_TO_FORWARD
595.0710,-18.3609,-56.6993,0.000,NORMAL,1,ROUTE,,,,,T2_REVERSE_TO_FORWARD
595.1710,-18.3278,-56.6050,0.000,NORMAL,1,ROUTE,,,,,T2_REVERSE_TO_FORWARD
595.2710,-18.2952,-56.5104,0.000,NORMAL,1,ROUTE,,,,,T2_REVERSE_TO_FORWARD
595.3710,-18.2629,-56.4158,0.000,NORMAL,1,ROUTE,,,,,T2_REVERSE_TO_FORWARD
595.4709,-18.2309,-56.3211,0.000,NORMAL,1,ROUTE,,,,,T2_REVERSE_TO_FORWARD
595.5709,-18.1991,-56.2263,0.000,NORMAL,1,ROUTE,,,,,T2_REVERSE_TO_FORWARD
595.6709,-18.1673,-56.1315,0.000,NORMAL,1,ROUTE,,,,,T2_REVERSE_TO_FORWARD
595.7710,-18.1353,-56.0367,0.000,NORMAL,1,ROUTE,,,,,T2_REVERSE_TO_FORWARD
595.8710,-18.1032,-55.9420,0.000,NORMAL,1,ROUTE,,,,,T2_REVERSE_TO_FORWARD
595.9710,-18.0707,-55.8474,0.000,NORMAL,1,ROUTE,,,,,T2_REVERSE_TO_FORWARD
596.0710,-18.0377,-55.7530,0.000,NORMAL,1,ROUTE,,,,,T2_REVERSE_TO_FORWARD
596.1709,-18.0041,-55.6589,0.000,NORMAL,1,ROUTE,,,,,T2_REVERSE_TO_FORWARD
596.2710,-17.9698,-55.5649,0.000,NORMAL,1,ROUTE,,,,,T2_REVERSE_TO_FORWARD
596.3710,-17.9349,-55.4712,0.000,NORMAL,1,ROUTE,,,,,T2_REVERSE_TO_FORWARD
596.4709,-17.8993,-55.3778,0.000,NORMAL,1,ROUTE,,,,,T2_REVERSE_TO_FORWARD
596.5709,-17.8631,-55.2846,0.000,NORMAL,1,ROUTE,,,,,T2_REVERSE_TO_FORWARD
596.6710,-17.8264,-55.1915,0.000,NORMAL,1,ROUTE,,,,,T2_REVERSE_TO_FORWARD
596.7710,-17.7892,-55.0987,0.000,NORMAL,1,ROUTE,,,,,T2_REVERSE_TO_FORWARD
596.8710,-17.7517,-55.0060,0.000,NORMAL,1,ROUTE,,,,,T2_REVERSE_TO_FORWARD
596.9710,-17.7139,-54.9134,0.000,NORMAL,1,ROUTE,,,,,T2_REVERSE_TO_FORWARD
597.0709,-17.6760,-54.8209,0.000,NORMAL,1,ROUTE,,,,,T2_REVERSE_TO_FORWARD
597.1709,-17.6380,-54.7284,0.000,NORMAL,1,ROUTE,,,,,T2_REVERSE_TO_FORWARD
597.2709,-17.6001,-54.6359,0.000,NORMAL,1,ROUTE,,,,,T2_REVERSE_TO_FORWARD
597.3709,-17.5623,-54.5433,0.000,NORMAL,1,ROUTE,,,,,T2_REVERSE_TO_FORWARD
597.4709,-17.5246,-54.4507,0.000,NORMAL,1,ROUTE,,,,,T2_REVERSE_TO_FORWARD
597.5709,-17.4870,-54.3580,0.000,NORMAL,1,ROUTE,,,,,T2_REVERSE_TO_FORWARD
597.6709,-17.4496,-54.2653,0.000,NORMAL,1,ROUTE,,,,,T2_REVERSE_TO_FORWARD
597.7709,-17.4125,-54.1724,0.000,NORMAL,1,ROUTE,,,,,T2_REVERSE_TO_FORWARD
597.8709,-17.3755,-54.0795,0.000,NORMAL,1,ROUTE,,,,,T2_REVERSE_TO_FORWARD
597.9709,-17.3386,-53.9866,0.000,NORMAL,1,ROUTE,,,,,T2_REVERSE_TO_FORWARD
598.0710,-17.3019,-53.8935,0.000,NORMAL,1,ROUTE,,,,,T2_REVERSE_TO_FORWARD
598.1709,-17.2654,-53.8005,0.000,NORMAL,1,ROUTE,,,,,T2_REVERSE_TO_FORWARD
598.2709,-17.2289,-53.7074,0.000,NORMAL,1,ROUTE,,,,,T2_REVERSE_TO_FORWARD
598.3709,-17.1924,-53.6143,0.000,NORMAL,1,ROUTE,,,,,T2_REVERSE_TO_FORWARD
598.4709,-17.1559,-53.5212,0.000,NORMAL,1,ROUTE,,,,,T2_REVERSE_TO_FORWARD
598.5709,-17.1194,-53.4281,0.000,NORMAL,1,ROUTE,,,,,T2_REVERSE_TO_FORWARD
598.6709,-17.0828,-53.3350,0.000,NORMAL,1,ROUTE,,,,,T2_REVERSE_TO_FORWARD
598.7709,-17.0460,-53.2420,0.000,NORMAL,1,ROUTE,,,,,T2_REVERSE_TO_FORWARD
598.8709,-17.0091,-53.1491,0.000,NORMAL,1,ROUTE,,,,,T2_REVERSE_TO_FORWARD
598.9709,-16.9720,-53.0562,0.000,NORMAL,1,ROUTE,,,,,T2_REVERSE_TO_FORWARD
599.0709,-16.9349,-52.9634,0.000,NORMAL,1,ROUTE,,,,,T2_REVERSE_TO_FORWARD
599.1709,-16.8976,-52.8706,0.000,NORMAL,1,ROUTE,,,,,T2_REVERSE_TO_FORWARD
599.2709,-16.8603,-52.7778,0.000,NORMAL,1,ROUTE,,,,,T2_REVERSE_TO_FORWARD
599.3709,-16.8230,-52.6850,0.000,NORMAL,1,ROUTE,,,,,T2_REVERSE_TO_FORWARD
599.4708,-16.7857,-52.5923,0.000,NORMAL,1,ROUTE,,,,,T2_REVERSE_TO_FORWARD
599.5708,-16.7484,-52.4995,0.000,NORMAL,1,ROUTE,,,,,T2_REVERSE_TO_FORWARD
599.6709,-16.7111,-52.4067,0.000,NORMAL,1,ROUTE,,,,,T2_REVERSE_TO_FORWARD
599.7708,-16.6737,-52.3140,0.000,NORMAL,1,ROUTE,,,,,T2_REVERSE_TO_FORWARD
599.8709,-16.6361,-52.2213,0.000,NORMAL,1,ROUTE,,,,,T2_REVERSE_TO_FORWARD
599.9709,-16.5983,-52.1287,0.000,NORMAL,1,ROUTE,,,,,T2_REVERSE_TO_FORWARD
600.0709,-16.5600,-52.0363,0.000,NORMAL,1,ROUTE,,,,,T2_REVERSE_TO_FORWARD
600.1708,-16.5212,-51.9442,0.000,NORMAL,1,ROUTE,,,,,T2_REVERSE_TO_FORWARD
600.2709,-16.4817,-51.8523,0.000,NORMAL,1,ROUTE,,,,,T2_REVERSE_TO_FORWARD
600.3708,-16.4415,-51.7608,0.000,NORMAL,1,ROUTE,,,,,T2_REVERSE_TO_FORWARD
600.4708,-16.4004,-51.6696,0.000,NORMAL,1,ROUTE,,,,,T2_REVERSE_TO_FORWARD
600.5708,-16.3586,-51.5788,0.000,NORMAL,1,ROUTE,,,,,T2_REVERSE_TO_FORWARD
600.6708,-16.3162,-51.4882,0.000,NORMAL,1,ROUTE,,,,,T2_REVERSE_TO_FORWARD
600.7708,-16.2732,-51.3979,0.000,NORMAL,1,ROUTE,,,,,T2_REVERSE_TO_FORWARD
600.8709,-16.2300,-51.3077,0.000,NORMAL,1,ROUTE,,,,,T2_REVERSE_TO_FORWARD
600.9708,-16.1867,-51.2176,0.000,NORMAL,1,ROUTE,,,,,T2_REVERSE_TO_FORWARD
601.0708,-16.1436,-51.1274,0.000,NORMAL,1,ROUTE,,,,,T2_REVERSE_TO_FORWARD
601.1708,-16.1008,-51.0370,0.000,NORMAL,1,ROUTE,,,,,T2_REVERSE_TO_FORWARD
601.2708,-16.0586,-50.9463,0.000,NORMAL,1,ROUTE,,,,,T2_REVERSE_TO_FORWARD
601.3708,-16.0172,-50.8553,0.000,NORMAL,1,ROUTE,,,,,T2_REVERSE_TO_FORWARD
601.4708,-15.9765,-50.7640,0.000,NORMAL,1,ROUTE,,,,,T2_REVERSE_TO_FORWARD
601.5708,-15.9368,-50.6722,0.000,NORMAL,1,ROUTE,,,,,T2_REVERSE_TO_FORWARD
601.6708,-15.8980,-50.5800,0.000,NORMAL,1,ROUTE,,,,,T2_REVERSE_TO_FORWARD
601.7708,-15.8603,-50.4874,0.000,NORMAL,1,ROUTE,,,,,T2_REVERSE_TO_FORWARD
601.8708,-15.8237,-50.3944,0.000,NORMAL,1,ROUTE,,,,,T2_REVERSE_TO_FORWARD
601.9708,-15.7880,-50.3009,0.000,NORMAL,1,ROUTE,,,,,T2_REVERSE_TO_FORWARD
602.0708,-15.7534,-50.2071,0.000,NORMAL,1,ROUTE,,,,,T2_REVERSE_TO_FORWARD
602.1708,-15.7197,-50.1130,0.000,NORMAL,1,ROUTE,,,,,T2_REVERSE_TO_FORWARD
602.2708,-15.6867,-50.0186,0.000,NORMAL,1,ROUTE,,,,,T2_REVERSE_TO_FORWARD
602.3708,-15.6545,-49.9239,0.000,NORMAL,1,ROUTE,,,,,T2_REVERSE_TO_FORWARD
602.4708,-15.6227,-49.8291,0.000,NORMAL,1,ROUTE,,,,,T2_REVERSE_TO_FORWARD
602.5707,-15.5913,-49.7342,0.000,NORMAL,1,ROUTE,,,,,T2_REVERSE_TO_FORWARD
602.6708,-15.5602,-49.6391,0.000,NORMAL,1,ROUTE,,,,,T2_REVERSE_TO_FORWARD
602.7708,-15.5291,-49.5441,0.000,NORMAL,1,ROUTE,,,,,T2_REVERSE_TO_FORWARD
602.8707,-15.4980,-49.4491,0.000,NORMAL,1,ROUTE,,,,,T2_REVERSE_TO_FORWARD
602.9708,-15.4666,-49.3541,0.000,NORMAL,1,ROUTE,,,,,T2_REVERSE_TO_FORWARD
603.0707,-15.4349,-49.2593,0.000,NORMAL,1,ROUTE,,,,,T2_REVERSE_TO_FORWARD
603.1708,-15.4026,-49.1646,0.000,NORMAL,1,ROUTE,,,,,T2_REVERSE_TO_FORWARD
603.2707,-15.3698,-49.0702,0.000,NORMAL,1,ROUTE,,,,,T2_REVERSE_TO_FORWARD
603.3708,-15.3361,-48.9760,0.000,NORMAL,1,ROUTE,,,,,T2_REVERSE_TO_FORWARD
603.4707,-15.3016,-48.8822,0.000,NORMAL,1,ROUTE,,,,,T2_REVERSE_TO_FORWARD
603.5707,-15.2662,-48.7887,0.000,NORMAL,1,ROUTE,,,,,T2_REVERSE_TO_FORWARD
603.6707,-15.2299,-48.6955,0.000,NORMAL,1,ROUTE,,,,,T2_REVERSE_TO_FORWARD
603.7707,-15.1926,-48.6027,0.000,NORMAL,1,ROUTE,,,,,T2_REVERSE_TO_FORWARD
603.8707,-15.1546,-48.5102,0.000,NORMAL,1,ROUTE,,,,,T2_REVERSE_TO_FORWARD
603.9707,-15.1160,-48.4180,0.000,NORMAL,1,ROUTE,,,,,T2_REVERSE_TO_FORWARD
604.0707,-15.0770,-48.3259,0.000,NORMAL,1,ROUTE,,,,,T2_REVERSE_TO_FORWARD
604.1707,-15.0378,-48.2339,0.000,NORMAL,1,ROUTE,,,,,T2_REVERSE_TO_FORWARD
604.2707,-14.9987,-48.1419,0.000,NORMAL,1,ROUTE,,,,,T2_REVERSE_TO_FORWARD
604.3707,-14.9598,-48.0497,0.000,NORMAL,1,ROUTE,,,,,T2_REVERSE_TO_FORWARD
604.4707,-14.9214,-47.9574,0.000,NORMAL,1,ROUTE,,,,,T2_REVERSE_TO_FORWARD
604.5707,-14.8835,-47.8649,0.000,NORMAL,1,ROUTE,,,,,T2_REVERSE_TO_FORWARD
604.6707,-14.8463,-47.7721,0.000,NORMAL,1,ROUTE,,,,,T2_REVERSE_TO_FORWARD
604.7707,-14.8096,-47.6790,0.000,NORMAL,1,ROUTE,,,,,T2_REVERSE_TO_FORWARD
604.8707,-14.7735,-47.5858,0.000,NORMAL,1,ROUTE,,,,,T2_REVERSE_TO_FORWARD
604.9707,-14.7379,-47.4923,0.000,NORMAL,1,ROUTE,,,,,T2_REVERSE_TO_FORWARD
605.0706,-14.7027,-47.3988,0.000,NORMAL,1,ROUTE,,,,,T2_REVERSE_TO_FORWARD
605.1706,-14.6677,-47.3051,0.000,NORMAL,1,ROUTE,,,,,T2_REVERSE_TO_FORWARD
605.2707,-14.6330,-47.2113,0.000,NORMAL,1,ROUTE,,,,,T2_REVERSE_TO_FORWARD
605.3706,-14.5984,-47.1175,0.000,NORMAL,1,ROUTE,,,,,T2_REVERSE_TO_FORWARD
605.4707,-14.5639,-47.0236,0.000,NORMAL,1,ROUTE,,,,,T2_REVERSE_TO_FORWARD
605.5707,-14.5295,-46.9297,0.000,NORMAL,1,ROUTE,,,,,T2_REVERSE_TO_FORWARD
605.6706,-14.4950,-46.8359,0.000,NORMAL,1,ROUTE,,,,,T2_REVERSE_TO_FORWARD
605.7707,-14.4605,-46.7420,0.000,NORMAL,1,ROUTE,,,,,T2_REVERSE_TO_FORWARD
605.8706,-14.4259,-46.6482,0.000,NORMAL,1,ROUTE,,,,,T2_REVERSE_TO_FORWARD
605.9706,-14.3913,-46.5544,0.000,NORMAL,1,ROUTE,,,,,T2_REVERSE_TO_FORWARD
606.0706,-14.3564,-46.4607,0.000,NORMAL,1,ROUTE,,,,,T2_REVERSE_TO_FORWARD
606.1706,-14.3214,-46.3670,0.000,NORMAL,1,ROUTE,,,,,T2_REVERSE_TO_FORWARD
606.2707,-14.2861,-46.2734,0.000,NORMAL,1,ROUTE,,,,,T2_REVERSE_TO_FORWARD
606.3706,-14.2505,-46.1800,0.000,NORMAL,1,ROUTE,,,,,T2_REVERSE_TO_FORWARD
606.4706,-14.2147,-46.0866,0.000,NORMAL,1,ROUTE,,,,,T2_REVERSE_TO_FORWARD
606.5707,-14.1784,-45.9934,0.000,NORMAL,1,ROUTE,,,,,T2_REVERSE_TO_FORWARD
606.6706,-14.1418,-45.9004,0.000,NORMAL,1,ROUTE,,,,,T2_REVERSE_TO_FORWARD
606.7706,-14.1047,-45.8075,0.000,NORMAL,1,ROUTE,,,,,T2_REVERSE_TO_FORWARD
606.8707,-14.0671,-45.7148,0.000,NORMAL,1,ROUTE,,,,,T2_REVERSE_TO_FORWARD
606.9706,-14.0291,-45.6224,0.000,NORMAL,1,ROUTE,,,,,T2_REVERSE_TO_FORWARD
607.0706,-13.9907,-45.5301,0.000,NORMAL,1,ROUTE,,,,,T2_REVERSE_TO_FORWARD
607.1706,-13.9518,-45.4379,0.000,NORMAL,1,ROUTE,,,,,T2_REVERSE_TO_FORWARD
607.2706,-13.9126,-45.3459,0.000,NORMAL,1,ROUTE,,,,,T2_REVERSE_TO_FORWARD
607.3706,-13.8732,-45.2540,0.000,NORMAL,1,ROUTE,,,,,T2_REVERSE_TO_FORWARD
607.4706,-13.8336,-45.1622,0.000,NORMAL,1,ROUTE,,,,,T2_REVERSE_TO_FORWARD
607.5706,-13.7940,-45.0704,0.000,NORMAL,1,ROUTE,,,,,T2_REVERSE_TO_FORWARD
607.6705,-13.7544,-44.9786,0.000,NORMAL,1,ROUTE,,,,,T2_REVERSE_TO_FORWARD
607.7706,-13.7149,-44.8867,0.000,NORMAL,1,ROUTE,,,,,T2_REVERSE_TO_FORWARD
607.8706,-13.6757,-44.7947,0.000,NORMAL,1,ROUTE,,,,,T2_REVERSE_TO_FORWARD
607.9706,-13.6367,-44.7026,0.000,NORMAL,1,ROUTE,,,,,T2_REVERSE_TO_FORWARD
608.0706,-13.5979,-44.6104,0.000,NORMAL,1,ROUTE,,,,,T2_REVERSE_TO_FORWARD
608.1706,-13.5595,-44.5181,0.000,NORMAL,1,ROUTE,,,,,T2_REVERSE_TO_FORWARD
608.2705,-13.5214,-44.4257,0.000,NORMAL,1,ROUTE,,,,,T2_REVERSE_TO_FORWARD
608.3706,-13.4836,-44.3331,0.000,NORMAL,1,ROUTE,,,,,T2_REVERSE_TO_FORWARD
608.4706,-13.4460,-44.2404,0.000,NORMAL,1,ROUTE,,,,,T2_REVERSE_TO_FORWARD
608.5706,-13.4088,-44.1476,0.000,NORMAL,1,ROUTE,,,,,T2_REVERSE_TO_FORWARD
608.6706,-13.3718,-44.0547,0.000,NORMAL,1,ROUTE,,,,,T2_REVERSE_TO_FORWARD
608.7706,-13.3350,-43.9617,0.000,NORMAL,1,ROUTE,,,,,T2_REVERSE_TO_FORWARD
608.8706,-13.2983,-43.8687,0.000,NORMAL,1,ROUTE,,,,,T2_REVERSE_TO_FORWARD
608.9706,-13.2618,-43.7756,0.000,NORMAL,1,ROUTE,,,,,T2_REVERSE_TO_FORWARD
609.0706,-13.2253,-43.6825,0.000,NORMAL,1,ROUTE,,,,,T2_REVERSE_TO_FORWARD
609.1705,-13.1887,-43.5895,0.000,NORMAL,1,ROUTE,,,,,T2_REVERSE_TO_FORWARD
609.2706,-13.1520,-43.4964,0.000,NORMAL,1,ROUTE,,,,,T2_REVERSE_TO_FORWARD
609.3705,-13.1151,-43.4035,0.000,NORMAL,1,ROUTE,,,,,T2_REVERSE_TO_FORWARD
609.4706,-13.0778,-43.3107,0.000,NORMAL,1,ROUTE,,,,,T2_REVERSE_TO_FORWARD
609.5705,-13.0402,-43.2181,0.000,NORMAL,1,ROUTE,,,,,T2_REVERSE_TO_FORWARD
609.6705,-13.0019,-43.1257,0.000,NORMAL,1,ROUTE,,,,,T2_REVERSE_TO_FORWARD
609.7705,-12.9630,-43.0336,0.000,NORMAL,1,ROUTE,,,,,T2_REVERSE_TO_FORWARD
609.8706,-12.9232,-42.9418,0.000,NORMAL,1,ROUTE,,,,,T2_REVERSE_TO_FORWARD
609.9705,-12.8823,-42.8506,0.000,NORMAL,1,ROUTE,,,,,T2_REVERSE_TO_FORWARD
610.0625,-12.8436,-42.7671,0.000,PARALLEL_PARK,1,PARALLEL_PARK,PARALLEL_PARK_START,ENTER_ZONE,,,PARALLEL_1_BYPASS_FORWARD
610.1625,-12.8027,-42.6759,0.000,PARALLEL_PARK,1,PARALLEL_PARK,,,,,PARALLEL_1_BYPASS_FORWARD
610.2626,-12.7640,-42.5836,0.000,PARALLEL_PARK,1,PARALLEL_PARK,,,,,PARALLEL_1_BYPASS_FORWARD
610.3625,-12.7276,-42.4905,0.000,PARALLEL_PARK,1,PARALLEL_PARK,,,,,PARALLEL_1_BYPASS_FORWARD
610.4625,-12.6935,-42.3965,0.000,PARALLEL_PARK,1,PARALLEL_PARK,,,,,PARALLEL_1_BYPASS_FORWARD
610.5626,-12.6616,-42.3017,0.000,PARALLEL_PARK,1,PARALLEL_PARK,,,,,PARALLEL_1_BYPASS_FORWARD
610.6625,-12.6320,-42.2062,0.000,PARALLEL_PARK,1,PARALLEL_PARK,,,,,PARALLEL_1_BYPASS_FORWARD
610.7626,-12.6046,-42.1100,0.000,PARALLEL_PARK,1,PARALLEL_PARK,,,,,PARALLEL_1_BYPASS_FORWARD
610.8625,-12.5795,-42.0133,0.000,PARALLEL_PARK,1,PARALLEL_PARK,,,,,PARALLEL_1_BYPASS_FORWARD
610.9626,-12.5565,-41.9159,0.000,PARALLEL_PARK,1,PARALLEL_PARK,,,,,PARALLEL_1_BYPASS_FORWARD
611.0625,-12.5357,-41.8181,0.000,PARALLEL_PARK,1,PARALLEL_PARK,,,,,PARALLEL_1_BYPASS_FORWARD
611.1625,-12.5170,-41.7199,0.000,PARALLEL_PARK,1,PARALLEL_PARK,,,,,PARALLEL_1_BYPASS_FORWARD
611.2625,-12.5004,-41.6213,0.000,PARALLEL_PARK,1,PARALLEL_PARK,,,,,PARALLEL_1_BYPASS_FORWARD
611.3625,-12.4859,-41.5223,0.000,PARALLEL_PARK,1,PARALLEL_PARK,,,,,PARALLEL_1_BYPASS_FORWARD
611.4625,-12.4735,-41.4231,0.000,PARALLEL_PARK,1,PARALLEL_PARK,,,,,PARALLEL_1_BYPASS_FORWARD
611.5625,-12.4630,-41.3237,0.000,PARALLEL_PARK,1,PARALLEL_PARK,,,,,PARALLEL_1_BYPASS_FORWARD
611.6625,-12.4544,-41.2240,0.000,PARALLEL_PARK,1,PARALLEL_PARK,,,,,PARALLEL_1_BYPASS_FORWARD
611.7626,-12.4478,-41.1242,0.000,PARALLEL_PARK,1,PARALLEL_PARK,,,,,PARALLEL_1_BYPASS_FORWARD
611.8625,-12.4430,-41.0244,0.000,PARALLEL_PARK,1,PARALLEL_PARK,,,,,PARALLEL_1_BYPASS_FORWARD
611.9625,-12.4401,-40.9244,0.000,PARALLEL_PARK,1,PARALLEL_PARK,,,,,PARALLEL_1_BYPASS_FORWARD
612.0625,-12.4389,-40.8244,0.000,PARALLEL_PARK,1,PARALLEL_PARK,,,,,PARALLEL_1_BYPASS_FORWARD
612.1625,-12.4395,-40.7244,0.000,PARALLEL_PARK,1,PARALLEL_PARK,,,,,PARALLEL_1_BYPASS_FORWARD
612.2626,-12.4418,-40.6244,0.000,PARALLEL_PARK,1,PARALLEL_PARK,,,,,PARALLEL_1_BYPASS_FORWARD
612.3625,-12.4457,-40.5245,0.000,PARALLEL_PARK,1,PARALLEL_PARK,,,,,PARALLEL_1_BYPASS_FORWARD
612.4625,-12.4512,-40.4247,0.000,PARALLEL_PARK,1,PARALLEL_PARK,,,,,PARALLEL_1_BYPASS_FORWARD
612.5625,-12.4583,-40.3249,0.000,PARALLEL_PARK,1,PARALLEL_PARK,,,,,PARALLEL_1_BYPASS_FORWARD
612.6625,-12.4669,-40.2253,0.000,PARALLEL_PARK,1,PARALLEL_PARK,,,,,PARALLEL_1_BYPASS_FORWARD
612.7625,-12.4769,-40.1258,0.000,PARALLEL_PARK,1,PARALLEL_PARK,,,,,PARALLEL_1_BYPASS_FORWARD
612.8625,-12.4884,-40.0265,0.000,PARALLEL_PARK,1,PARALLEL_PARK,,,,,PARALLEL_1_BYPASS_FORWARD
612.9625,-12.5014,-39.9273,0.000,PARALLEL_PARK,1,PARALLEL_PARK,,,,,PARALLEL_1_BYPASS_FORWARD
613.0625,-12.5156,-39.8283,0.000,PARALLEL_PARK,1,PARALLEL_PARK,,,,,PARALLEL_1_BYPASS_FORWARD
613.1625,-12.5312,-39.7296,0.000,PARALLEL_PARK,1,PARALLEL_PARK,,,,,PARALLEL_1_BYPASS_FORWARD
613.2625,-12.5481,-39.6310,0.000,PARALLEL_PARK,1,PARALLEL_PARK,,,,,PARALLEL_1_BYPASS_FORWARD
613.3625,-12.5663,-39.5327,0.000,PARALLEL_PARK,1,PARALLEL_PARK,,,,,PARALLEL_1_BYPASS_FORWARD
613.4625,-12.5857,-39.4346,0.000,PARALLEL_PARK,1,PARALLEL_PARK,,,,,PARALLEL_1_BYPASS_FORWARD
613.5625,-12.6062,-39.3367,0.000,PARALLEL_PARK,1,PARALLEL_PARK,,,,,PARALLEL_1_BYPASS_FORWARD
613.6625,-12.6279,-39.2391,0.000,PARALLEL_PARK,1,PARALLEL_PARK,,,,,PARALLEL_1_BYPASS_FORWARD
613.7625,-12.6508,-39.1417,0.000,PARALLEL_PARK,1,PARALLEL_PARK,,,,,PARALLEL_1_BYPASS_FORWARD
613.8625,-12.6747,-39.0446,0.000,PARALLEL_PARK,1,PARALLEL_PARK,,,,,PARALLEL_1_BYPASS_FORWARD
613.9625,-12.6997,-38.9478,0.000,PARALLEL_PARK,1,PARALLEL_PARK,,,,,PARALLEL_1_BYPASS_FORWARD
614.0625,-12.7257,-38.8512,0.000,PARALLEL_PARK,1,PARALLEL_PARK,,,,,PARALLEL_1_BYPASS_FORWARD
614.1625,-12.7527,-38.7550,0.000,PARALLEL_PARK,1,PARALLEL_PARK,,,,,PARALLEL_1_BYPASS_FORWARD
614.2625,-12.7808,-38.6590,0.000,PARALLEL_PARK,1,PARALLEL_PARK,,,,,PARALLEL_1_BYPASS_FORWARD
614.3625,-12.8097,-38.5633,0.000,PARALLEL_PARK,1,PARALLEL_PARK,,,,,PARALLEL_1_BYPASS_FORWARD
614.4625,-12.8397,-38.4679,0.000,PARALLEL_PARK,1,PARALLEL_PARK,,,,,PARALLEL_1_BYPASS_FORWARD
614.5625,-12.8705,-38.3727,0.000,PARALLEL_PARK,1,PARALLEL_PARK,,,,,PARALLEL_1_BYPASS_FORWARD
614.6625,-12.9022,-38.2779,0.000,PARALLEL_PARK,1,PARALLEL_PARK,,,,,PARALLEL_1_BYPASS_FORWARD
614.7625,-12.9348,-38.1833,0.000,PARALLEL_PARK,1,PARALLEL_PARK,,,,,PARALLEL_1_BYPASS_FORWARD
614.8625,-12.9682,-38.0891,0.000,PARALLEL_PARK,1,PARALLEL_PARK,,,,,PARALLEL_1_BYPASS_FORWARD
614.9625,-13.0024,-37.9951,0.000,PARALLEL_PARK,1,PARALLEL_PARK,,,,,PARALLEL_1_BYPASS_FORWARD
615.0624,-13.0374,-37.9015,0.000,PARALLEL_PARK,1,PARALLEL_PARK,,,,,PARALLEL_1_BYPASS_FORWARD
615.1625,-13.0733,-37.8081,0.000,PARALLEL_PARK,1,PARALLEL_PARK,,,,,PARALLEL_1_BYPASS_FORWARD
615.2625,-13.1098,-37.7150,0.000,PARALLEL_PARK,1,PARALLEL_PARK,,,,,PARALLEL_1_BYPASS_FORWARD
615.3625,-13.1472,-37.6223,0.000,PARALLEL_PARK,1,PARALLEL_PARK,,,,,PARALLEL_1_BYPASS_FORWARD
615.4625,-13.1852,-37.5298,0.000,PARALLEL_PARK,1,PARALLEL_PARK,,,,,PARALLEL_1_BYPASS_FORWARD
615.5625,-13.2240,-37.4376,0.000,PARALLEL_PARK,1,PARALLEL_PARK,,,,,PARALLEL_1_BYPASS_FORWARD
615.6625,-13.2635,-37.3457,0.000,PARALLEL_PARK,1,PARALLEL_PARK,,,,,PARALLEL_1_BYPASS_FORWARD
615.7625,-13.3037,-37.2542,0.000,PARALLEL_PARK,1,PARALLEL_PARK,,,,,PARALLEL_1_BYPASS_FORWARD
615.8625,-13.3445,-37.1629,0.000,PARALLEL_PARK,1,PARALLEL_PARK,,,,,PARALLEL_1_BYPASS_FORWARD
615.9625,-13.3860,-37.0719,0.000,PARALLEL_PARK,1,PARALLEL_PARK,,,,,PARALLEL_1_BYPASS_FORWARD
616.0625,-13.4281,-36.9812,0.000,PARALLEL_PARK,1,PARALLEL_PARK,,,,,PARALLEL_1_BYPASS_FORWARD
616.1625,-13.4708,-36.8908,0.000,PARALLEL_PARK,1,PARALLEL_PARK,,,,,PARALLEL_1_BYPASS_FORWARD
616.2625,-13.5142,-36.8007,0.000,PARALLEL_PARK,1,PARALLEL_PARK,,,,,PARALLEL_1_BYPASS_FORWARD
616.3625,-13.5581,-36.7108,0.000,PARALLEL_PARK,1,PARALLEL_PARK,,,,,PARALLEL_1_BYPASS_FORWARD
616.4625,-13.6027,-36.6213,0.000,PARALLEL_PARK,1,PARALLEL_PARK,,,,,PARALLEL_1_BYPASS_FORWARD
616.5625,-13.6478,-36.5321,0.000,PARALLEL_PARK,1,PARALLEL_PARK,,,,,PARALLEL_1_BYPASS_FORWARD
616.6625,-13.6935,-36.4431,0.000,PARALLEL_PARK,1,PARALLEL_PARK,,,,,PARALLEL_1_BYPASS_FORWARD
616.7624,-13.7397,-36.3545,0.000,PARALLEL_PARK,1,PARALLEL_PARK,,,,,PARALLEL_1_BYPASS_FORWARD
616.8625,-13.7865,-36.2661,0.000,PARALLEL_PARK,1,PARALLEL_PARK,,,,,PARALLEL_1_BYPASS_FORWARD
616.9624,-13.8338,-36.1780,0.000,PARALLEL_PARK,1,PARALLEL_PARK,,,,,PARALLEL_1_BYPASS_FORWARD
617.0625,-13.8817,-36.0902,0.000,PARALLEL_PARK,1,PARALLEL_PARK,,,,,PARALLEL_1_BYPASS_FORWARD
617.1625,-13.9300,-36.0026,0.000,PARALLEL_PARK,1,PARALLEL_PARK,,,,,PARALLEL_1_BYPASS_FORWARD
617.2625,-13.9789,-35.9154,0.000,PARALLEL_PARK,1,PARALLEL_PARK,,,,,PARALLEL_1_BYPASS_FORWARD
617.3625,-14.0283,-35.8284,0.000,PARALLEL_PARK,1,PARALLEL_PARK,,,,,PARALLEL_1_BYPASS_FORWARD
617.4625,-14.0781,-35.7417,0.000,PARALLEL_PARK,1,PARALLEL_PARK,,,,,PARALLEL_1_BYPASS_FORWARD
617.5625,-14.1284,-35.6553,0.000,PARALLEL_PARK,1,PARALLEL_PARK,,,,,PARALLEL_1_BYPASS_FORWARD
617.6624,-14.1792,-35.5692,0.000,PARALLEL_PARK,1,PARALLEL_PARK,,,,,PARALLEL_1_BYPASS_FORWARD
617.7625,-14.2305,-35.4833,0.000,PARALLEL_PARK,1,PARALLEL_PARK,,,,,PARALLEL_1_BYPASS_FORWARD
617.8625,-14.2822,-35.3977,0.000,PARALLEL_PARK,1,PARALLEL_PARK,,,,,PARALLEL_1_BYPASS_FORWARD
617.9625,-14.3344,-35.3124,0.000,PARALLEL_PARK,1,PARALLEL_PARK,,,,,PARALLEL_1_BYPASS_FORWARD
618.0625,-14.3870,-35.2274,0.000,PARALLEL_PARK,1,PARALLEL_PARK,,,,,PARALLEL_1_BYPASS_FORWARD
618.1625,-14.4400,-35.1426,0.000,PARALLEL_PARK,1,PARALLEL_PARK,,,,,PARALLEL_1_BYPASS_FORWARD
618.2625,-14.4935,-35.0581,0.000,PARALLEL_PARK,1,PARALLEL_PARK,,,,,PARALLEL_1_BYPASS_FORWARD
618.3625,-14.5474,-34.9738,0.000,PARALLEL_PARK,1,PARALLEL_PARK,,,,,PARALLEL_1_BYPASS_FORWARD
618.4625,-14.6017,-34.8899,0.000,PARALLEL_PARK,1,PARALLEL_PARK,,,,,PARALLEL_1_BYPASS_FORWARD
618.5625,-14.6564,-34.8062,0.000,PARALLEL_PARK,1,PARALLEL_PARK,,,,,PARALLEL_1_BYPASS_FORWARD
618.6625,-14.7115,-34.7227,0.000,PARALLEL_PARK,1,PARALLEL_PARK,,,,,PARALLEL_1_BYPASS_FORWARD
618.7624,-14.7670,-34.6396,0.000,PARALLEL_PARK,1,PARALLEL_PARK,,,,,PARALLEL_1_BYPASS_FORWARD
618.8625,-14.8229,-34.5566,0.000,PARALLEL_PARK,1,PARALLEL_PARK,,,,,PARALLEL_1_BYPASS_FORWARD
618.9625,-14.8792,-34.4740,0.000,PARALLEL_PARK,1,PARALLEL_PARK,,,,,PARALLEL_1_BYPASS_FORWARD
619.0625,-14.9359,-34.3916,0.000,PARALLEL_PARK,1,PARALLEL_PARK,,,,,PARALLEL_1_BYPASS_FORWARD
619.1624,-14.9929,-34.3095,0.000,PARALLEL_PARK,1,PARALLEL_PARK,,,,,PARALLEL_1_BYPASS_FORWARD
619.2625,-15.0504,-34.2276,0.000,PARALLEL_PARK,1,PARALLEL_PARK,,,,,PARALLEL_1_BYPASS_FORWARD
619.3625,-15.1082,-34.1460,0.000,PARALLEL_PARK,1,PARALLEL_PARK,,,,,PARALLEL_1_BYPASS_FORWARD
619.4625,-15.1663,-34.0646,0.000,PARALLEL_PARK,1,PARALLEL_PARK,,,,,PARALLEL_1_BYPASS_FORWARD
619.5625,-15.2248,-33.9835,0.000,PARALLEL_PARK,1,PARALLEL_PARK,,,,,PARALLEL_1_BYPASS_FORWARD
619.6625,-15.2837,-33.9027,0.000,PARALLEL_PARK,1,PARALLEL_PARK,,,,,PARALLEL_1_BYPASS_FORWARD
619.7625,-15.3429,-33.8221,0.000,PARALLEL_PARK,1,PARALLEL_PARK,,,,,PARALLEL_1_BYPASS_FORWARD
619.8625,-15.4025,-33.7418,0.000,PARALLEL_PARK,1,PARALLEL_PARK,,,,,PARALLEL_1_BYPASS_FORWARD
619.9625,-15.4624,-33.6617,0.000,PARALLEL_PARK,1,PARALLEL_PARK,,,,,PARALLEL_1_BYPASS_FORWARD
620.0625,-15.5226,-33.5819,0.000,PARALLEL_PARK,1,PARALLEL_PARK,,,,,PARALLEL_1_BYPASS_FORWARD
620.1625,-15.5832,-33.5023,0.000,PARALLEL_PARK,1,PARALLEL_PARK,,,,,PARALLEL_1_BYPASS_FORWARD
620.2625,-15.6441,-33.4230,0.000,PARALLEL_PARK,1,PARALLEL_PARK,,,,,PARALLEL_1_BYPASS_FORWARD
620.3624,-15.7053,-33.3440,0.000,PARALLEL_PARK,1,PARALLEL_PARK,,,,,PARALLEL_1_BYPASS_FORWARD
620.4625,-15.7669,-33.2652,0.000,PARALLEL_PARK,1,PARALLEL_PARK,,,,,PARALLEL_1_BYPASS_FORWARD
620.5625,-15.8288,-33.1866,0.000,PARALLEL_PARK,1,PARALLEL_PARK,,,,,PARALLEL_1_BYPASS_FORWARD
620.6625,-15.8910,-33.1083,0.000,PARALLEL_PARK,1,PARALLEL_PARK,,,,,PARALLEL_1_BYPASS_FORWARD
620.7625,-15.9535,-33.0303,0.000,PARALLEL_PARK,1,PARALLEL_PARK,,,,,PARALLEL_1_BYPASS_FORWARD
620.8624,-16.0163,-32.9525,0.000,PARALLEL_PARK,1,PARALLEL_PARK,,,,,PARALLEL_1_BYPASS_FORWARD
620.9625,-16.0795,-32.8749,0.000,PARALLEL_PARK,1,PARALLEL_PARK,,,,,PARALLEL_1_BYPASS_FORWARD
621.0625,-16.1429,-32.7976,0.000,PARALLEL_PARK,1,PARALLEL_PARK,,,,,PARALLEL_1_BYPASS_FORWARD
621.1624,-16.2066,-32.7206,0.000,PARALLEL_PARK,1,PARALLEL_PARK,,,,,PARALLEL_1_BYPASS_FORWARD
621.2625,-16.2707,-32.6438,0.000,PARALLEL_PARK,1,PARALLEL_PARK,,,,,PARALLEL_1_BYPASS_FORWARD
621.3625,-16.3350,-32.5672,0.000,PARALLEL_PARK,1,PARALLEL_PARK,,,,,PARALLEL_1_BYPASS_FORWARD
621.4625,-16.3997,-32.4909,0.000,PARALLEL_PARK,1,PARALLEL_PARK,,,,,PARALLEL_1_BYPASS_FORWARD
621.5625,-16.4646,-32.4149,0.000,PARALLEL_PARK,1,PARALLEL_PARK,,,,,PARALLEL_1_BYPASS_FORWARD
621.6625,-16.5299,-32.3391,0.000,PARALLEL_PARK,1,PARALLEL_PARK,,,,,PARALLEL_1_BYPASS_FORWARD
621.7625,-16.5954,-32.2636,0.000,PARALLEL_PARK,1,PARALLEL_PARK,,,,,PARALLEL_1_BYPASS_FORWARD
621.8625,-16.6612,-32.1883,0.000,PARALLEL_PARK,1,PARALLEL_PARK,,,,,PARALLEL_1_BYPASS_FORWARD
621.9625,-16.7273,-32.1132,0.000,PARALLEL_PARK,1,PARALLEL_PARK,,,,,PARALLEL_1_BYPASS_FORWARD
622.0625,-16.7937,-32.0384,0.000,PARALLEL_PARK,1,PARALLEL_PARK,,,,,PARALLEL_1_BYPASS_FORWARD
622.1625,-16.8603,-31.9639,0.000,PARALLEL_PARK,1,PARALLEL_PARK,,,,,PARALLEL_1_BYPASS_FORWARD
622.2625,-16.9273,-31.8896,0.000,PARALLEL_PARK,1,PARALLEL_PARK,,,,,PARALLEL_1_BYPASS_FORWARD
622.3625,-16.9945,-31.8156,0.000,PARALLEL_PARK,1,PARALLEL_PARK,,,,,PARALLEL_1_BYPASS_FORWARD
622.4625,-17.0620,-31.7418,0.000,PARALLEL_PARK,1,PARALLEL_PARK,,,,,PARALLEL_1_BYPASS_FORWARD
622.5625,-17.1297,-31.6682,0.000,PARALLEL_PARK,1,PARALLEL_PARK,,,,,PARALLEL_1_BYPASS_FORWARD
622.6625,-17.1978,-31.5950,0.000,PARALLEL_PARK,1,PARALLEL_PARK,,,,,PARALLEL_1_BYPASS_FORWARD
622.7625,-17.2661,-31.5219,0.000,PARALLEL_PARK,1,PARALLEL_PARK,,,,,PARALLEL_1_BYPASS_FORWARD
622.8625,-17.3347,-31.4492,0.000,PARALLEL_PARK,1,PARALLEL_PARK,,,,,PARALLEL_1_BYPASS_FORWARD
622.9625,-17.4036,-31.3766,0.000,PARALLEL_PARK,1,PARALLEL_PARK,,,,,PARALLEL_1_BYPASS_FORWARD
623.0625,-17.4727,-31.3044,0.000,PARALLEL_PARK,1,PARALLEL_PARK,,,,,PARALLEL_1_BYPASS_FORWARD
623.1625,-17.5421,-31.2324,0.000,PARALLEL_PARK,1,PARALLEL_PARK,,,,,PARALLEL_1_BYPASS_FORWARD
623.2625,-17.6117,-31.1606,0.000,PARALLEL_PARK,1,PARALLEL_PARK,,,,,PARALLEL_1_BYPASS_FORWARD
623.3625,-17.6817,-31.0891,0.000,PARALLEL_PARK,1,PARALLEL_PARK,,,,,PARALLEL_1_BYPASS_FORWARD
623.4625,-17.7519,-31.0179,0.000,PARALLEL_PARK,1,PARALLEL_PARK,,,,,PARALLEL_1_BYPASS_FORWARD
623.5624,-17.8223,-30.9470,0.000,PARALLEL_PARK,1,PARALLEL_PARK,,,,,PARALLEL_1_BYPASS_FORWARD
623.6625,-17.8930,-30.8762,0.000,PARALLEL_PARK,1,PARALLEL_PARK,,,,,PARALLEL_1_BYPASS_FORWARD
623.7625,-17.9640,-30.8058,0.000,PARALLEL_PARK,1,PARALLEL_PARK,,,,,PARALLEL_1_BYPASS_FORWARD
623.8625,-18.0352,-30.7356,0.000,PARALLEL_PARK,1,PARALLEL_PARK,,,,,PARALLEL_1_BYPASS_FORWARD
623.9625,-18.1067,-30.6657,0.000,PARALLEL_PARK,1,PARALLEL_PARK,,,,,PARALLEL_1_BYPASS_FORWARD
624.0625,-18.1785,-30.5961,0.000,PARALLEL_PARK,1,PARALLEL_PARK,,,,,PARALLEL_1_BYPASS_FORWARD
624.1625,-18.2505,-30.5267,0.000,PARALLEL_PARK,1,PARALLEL_PARK,,,,,PARALLEL_1_BYPASS_FORWARD
624.2625,-18.3228,-30.4576,0.000,PARALLEL_PARK,1,PARALLEL_PARK,,,,,PARALLEL_1_BYPASS_FORWARD
624.3625,-18.3953,-30.3887,0.000,PARALLEL_PARK,1,PARALLEL_PARK,,,,,PARALLEL_1_BYPASS_FORWARD
624.4625,-18.4681,-30.3201,0.000,PARALLEL_PARK,1,PARALLEL_PARK,,,,,PARALLEL_1_BYPASS_FORWARD
624.5625,-18.5411,-30.2518,0.000,PARALLEL_PARK,1,PARALLEL_PARK,,,,,PARALLEL_1_BYPASS_FORWARD
624.6625,-18.6144,-30.1838,0.000,PARALLEL_PARK,1,PARALLEL_PARK,,,,,PARALLEL_1_BYPASS_FORWARD
624.7625,-18.6880,-30.1161,0.000,PARALLEL_PARK,1,PARALLEL_PARK,,,,,PARALLEL_1_BYPASS_FORWARD
624.8625,-18.7618,-30.0486,0.000,PARALLEL_PARK,1,PARALLEL_PARK,,,,,PARALLEL_1_BYPASS_FORWARD
624.9624,-18.8358,-29.9814,0.000,PARALLEL_PARK,1,PARALLEL_PARK,,,,,PARALLEL_1_BYPASS_FORWARD
625.0625,-18.9102,-29.9145,0.000,PARALLEL_PARK,1,PARALLEL_PARK,,,,,PARALLEL_1_BYPASS_FORWARD
625.1624,-18.9847,-29.8479,0.000,PARALLEL_PARK,1,PARALLEL_PARK,,,,,PARALLEL_1_BYPASS_FORWARD
625.2624,-19.0595,-29.7815,0.000,PARALLEL_PARK,1,PARALLEL_PARK,,,,,PARALLEL_1_BYPASS_FORWARD
625.3624,-19.1346,-29.7155,0.000,PARALLEL_PARK,1,PARALLEL_PARK,,,,,PARALLEL_1_BYPASS_FORWARD
625.4625,-19.2100,-29.6497,0.000,PARALLEL_PARK,1,PARALLEL_PARK,,,,,PARALLEL_1_BYPASS_FORWARD
625.5625,-19.2856,-29.5842,0.000,PARALLEL_PARK,1,PARALLEL_PARK,,,,,PARALLEL_1_BYPASS_FORWARD
625.6625,-19.3614,-29.5190,0.000,PARALLEL_PARK,1,PARALLEL_PARK,,,,,PARALLEL_1_BYPASS_FORWARD
625.7625,-19.4375,-29.4542,0.000,PARALLEL_PARK,1,PARALLEL_PARK,,,,,PARALLEL_1_BYPASS_FORWARD
625.8624,-19.5138,-29.3896,0.000,PARALLEL_PARK,1,PARALLEL_PARK,,,,,PARALLEL_1_BYPASS_FORWARD
625.9624,-19.5904,-29.3253,0.000,PARALLEL_PARK,1,PARALLEL_PARK,,,,,PARALLEL_1_BYPASS_FORWARD
626.0625,-19.6673,-29.2613,0.000,PARALLEL_PARK,1,PARALLEL_PARK,,,,,PARALLEL_1_BYPASS_FORWARD
626.1624,-19.7444,-29.1977,0.000,PARALLEL_PARK,1,PARALLEL_PARK,,,,,PARALLEL_1_BYPASS_FORWARD
626.2625,-19.8218,-29.1343,0.000,PARALLEL_PARK,1,PARALLEL_PARK,,,,,PARALLEL_1_BYPASS_FORWARD
626.3624,-19.8994,-29.0713,0.000,PARALLEL_PARK,1,PARALLEL_PARK,,,,,PARALLEL_1_BYPASS_FORWARD
626.4624,-19.9773,-29.0086,0.000,PARALLEL_PARK,1,PARALLEL_PARK,,,,,PARALLEL_1_BYPASS_FORWARD
626.5625,-20.0555,-28.9462,0.000,PARALLEL_PARK,1,PARALLEL_PARK,,,,,PARALLEL_1_BYPASS_FORWARD
626.6625,-20.1339,-28.8841,0.000,PARALLEL_PARK,1,PARALLEL_PARK,,,,,PARALLEL_1_BYPASS_FORWARD
626.7624,-20.2125,-28.8224,0.000,PARALLEL_PARK,1,PARALLEL_PARK,,,,,PARALLEL_1_BYPASS_FORWARD
626.8625,-20.2915,-28.7610,0.000,PARALLEL_PARK,1,PARALLEL_PARK,,,,,PARALLEL_1_BYPASS_FORWARD
626.9624,-20.3706,-28.6999,0.000,PARALLEL_PARK,1,PARALLEL_PARK,,,,,PARALLEL_1_BYPASS_FORWARD
627.0625,-20.4501,-28.6391,0.000,PARALLEL_PARK,1,PARALLEL_PARK,,,,,PARALLEL_1_BYPASS_FORWARD
627.1625,-20.5298,-28.5788,0.000,PARALLEL_PARK,1,PARALLEL_PARK,,,,,PARALLEL_1_BYPASS_FORWARD
627.2624,-20.6097,-28.5187,0.000,PARALLEL_PARK,1,PARALLEL_PARK,,,,,PARALLEL_1_BYPASS_FORWARD
627.3625,-20.6900,-28.4590,0.000,PARALLEL_PARK,1,PARALLEL_PARK,,,,,PARALLEL_1_BYPASS_FORWARD
627.4625,-20.7705,-28.3997,0.000,PARALLEL_PARK,1,PARALLEL_PARK,,,,,PARALLEL_1_BYPASS_FORWARD
627.5625,-20.8512,-28.3407,0.000,PARALLEL_PARK,1,PARALLEL_PARK,,,,,PARALLEL_1_BYPASS_FORWARD
627.6625,-20.9323,-28.2821,0.000,PARALLEL_PARK,1,PARALLEL_PARK,,,,,PARALLEL_1_BYPASS_FORWARD
627.7625,-21.0136,-28.2239,0.000,PARALLEL_PARK,1,PARALLEL_PARK,,,,,PARALLEL_1_BYPASS_FORWARD
627.8625,-21.0951,-28.1660,0.000,PARALLEL_PARK,1,PARALLEL_PARK,,,,,PARALLEL_1_BYPASS_FORWARD
627.9625,-21.1770,-28.1085,0.000,PARALLEL_PARK,1,PARALLEL_PARK,,,,,PARALLEL_1_BYPASS_FORWARD
628.0625,-21.2591,-28.0515,0.000,PARALLEL_PARK,1,PARALLEL_PARK,,,,,PARALLEL_1_BYPASS_FORWARD
628.1624,-21.3414,-27.9948,0.000,PARALLEL_PARK,1,PARALLEL_PARK,,,,,PARALLEL_1_BYPASS_FORWARD
628.2625,-21.4241,-27.9385,0.000,PARALLEL_PARK,1,PARALLEL_PARK,,,,,PARALLEL_1_BYPASS_FORWARD
628.3625,-21.5070,-27.8826,0.000,PARALLEL_PARK,1,PARALLEL_PARK,,,,,PARALLEL_1_BYPASS_FORWARD
628.4625,-21.5902,-27.8271,0.000,PARALLEL_PARK,1,PARALLEL_PARK,,,,,PARALLEL_1_BYPASS_FORWARD
628.5625,-21.6737,-27.7721,0.000,PARALLEL_PARK,1,PARALLEL_PARK,,,,,PARALLEL_1_BYPASS_FORWARD
628.6625,-21.7575,-27.7175,0.000,PARALLEL_PARK,1,PARALLEL_PARK,,,,,PARALLEL_1_BYPASS_FORWARD
628.7624,-21.8415,-27.6633,0.000,PARALLEL_PARK,1,PARALLEL_PARK,,,,,PARALLEL_1_BYPASS_FORWARD
628.8625,-21.9259,-27.6095,0.000,PARALLEL_PARK,1,PARALLEL_PARK,,,,,PARALLEL_1_BYPASS_FORWARD
628.9625,-22.0105,-27.5562,0.000,PARALLEL_PARK,1,PARALLEL_PARK,,,,,PARALLEL_1_BYPASS_FORWARD
629.0625,-22.0954,-27.5034,0.000,PARALLEL_PARK,1,PARALLEL_PARK,,,,,PARALLEL_1_BYPASS_FORWARD
629.1625,-22.1806,-27.4510,0.000,PARALLEL_PARK,1,PARALLEL_PARK,,,,,PARALLEL_1_BYPASS_FORWARD
629.2625,-22.2660,-27.3991,0.000,PARALLEL_PARK,1,PARALLEL_PARK,,,,,PARALLEL_1_BYPASS_FORWARD
629.3625,-22.3518,-27.3477,0.000,PARALLEL_PARK,1,PARALLEL_PARK,,,,,PARALLEL_1_BYPASS_FORWARD
629.4625,-22.4379,-27.2968,0.000,PARALLEL_PARK,1,PARALLEL_PARK,,,,,PARALLEL_1_BYPASS_FORWARD
629.5625,-22.5243,-27.2464,0.000,PARALLEL_PARK,1,PARALLEL_PARK,,,,,PARALLEL_1_BYPASS_FORWARD
629.6625,-22.6109,-27.1965,0.000,PARALLEL_PARK,1,PARALLEL_PARK,,,,,PARALLEL_1_BYPASS_FORWARD
629.7625,-22.6979,-27.1472,0.000,PARALLEL_PARK,1,PARALLEL_PARK,,,,,PARALLEL_1_BYPASS_FORWARD
629.8625,-22.7852,-27.0984,0.000,PARALLEL_PARK,1,PARALLEL_PARK,,,,,PARALLEL_1_BYPASS_FORWARD
629.9625,-22.8728,-27.0501,0.000,PARALLEL_PARK,1,PARALLEL_PARK,,,,,PARALLEL_1_BYPASS_FORWARD
630.0624,-22.9606,-27.0024,0.000,PARALLEL_PARK,1,PARALLEL_PARK,,,,,PARALLEL_1_BYPASS_FORWARD
630.1624,-23.0488,-26.9553,0.000,PARALLEL_PARK,1,PARALLEL_PARK,,,,,PARALLEL_1_BYPASS_FORWARD
630.2624,-23.1373,-26.9087,0.000,PARALLEL_PARK,1,PARALLEL_PARK,,,,,PARALLEL_1_BYPASS_FORWARD
630.3625,-23.2262,-26.8628,0.000,PARALLEL_PARK,1,PARALLEL_PARK,,,,,PARALLEL_1_BYPASS_FORWARD
630.4624,-23.3153,-26.8175,0.000,PARALLEL_PARK,1,PARALLEL_PARK,,,,,PARALLEL_1_BYPASS_FORWARD
630.5625,-23.4048,-26.7728,0.000,PARALLEL_PARK,1,PARALLEL_PARK,,,,,PARALLEL_1_BYPASS_FORWARD
630.6624,-23.4945,-26.7287,0.000,PARALLEL_PARK,1,PARALLEL_PARK,,,,,PARALLEL_1_BYPASS_FORWARD
630.7624,-23.5846,-26.6853,0.000,PARALLEL_PARK,1,PARALLEL_PARK,,,,,PARALLEL_1_BYPASS_FORWARD
630.8625,-23.6751,-26.6427,0.000,PARALLEL_PARK,1,PARALLEL_PARK,,,,,PARALLEL_1_BYPASS_FORWARD
630.9624,-23.7658,-26.6007,0.000,PARALLEL_PARK,1,PARALLEL_PARK,,,,,PARALLEL_1_BYPASS_FORWARD
631.0625,-23.8569,-26.5594,0.000,PARALLEL_PARK,1,PARALLEL_PARK,,,,,PARALLEL_1_BYPASS_FORWARD
631.1624,-23.9483,-26.5189,0.000,PARALLEL_PARK,1,PARALLEL_PARK,,,,,PARALLEL_1_BYPASS_FORWARD
631.2625,-24.0401,-26.4791,0.000,PARALLEL_PARK,1,PARALLEL_PARK,,,,,PARALLEL_1_BYPASS_FORWARD
631.3625,-24.1322,-26.4401,0.000,PARALLEL_PARK,1,PARALLEL_PARK,,,,,PARALLEL_1_BYPASS_FORWARD
631.4625,-24.2246,-26.4019,0.000,PARALLEL_PARK,1,PARALLEL_PARK,,,,,PARALLEL_1_BYPASS_FORWARD
631.5625,-24.3174,-26.3646,0.000,PARALLEL_PARK,1,PARALLEL_PARK,,,,,PARALLEL_1_BYPASS_FORWARD
631.6625,-24.4105,-26.3281,0.000,PARALLEL_PARK,1,PARALLEL_PARK,,,,,PARALLEL_1_BYPASS_FORWARD
631.7625,-24.5039,-26.2925,0.000,PARALLEL_PARK,1,PARALLEL_PARK,,,,,PARALLEL_1_BYPASS_FORWARD
631.8625,-24.5977,-26.2578,0.000,PARALLEL_PARK,1,PARALLEL_PARK,,,,,PARALLEL_1_BYPASS_FORWARD
631.9624,-24.6918,-26.2240,0.000,PARALLEL_PARK,1,PARALLEL_PARK,,,,,PARALLEL_1_BYPASS_FORWARD
632.0625,-24.7863,-26.1912,0.000,PARALLEL_PARK,1,PARALLEL_PARK,,,,,PARALLEL_1_BYPASS_FORWARD
632.1624,-24.8811,-26.1595,0.000,PARALLEL_PARK,1,PARALLEL_PARK,,,,,PARALLEL_1_BYPASS_FORWARD
632.2625,-24.9763,-26.1287,0.000,PARALLEL_PARK,1,PARALLEL_PARK,,,,,PARALLEL_1_BYPASS_FORWARD
632.3625,-25.0718,-26.0990,0.000,PARALLEL_PARK,1,PARALLEL_PARK,,,,,PARALLEL_1_BYPASS_FORWARD
632.4625,-25.1676,-26.0705,0.000,PARALLEL_PARK,1,PARALLEL_PARK,,,,,PARALLEL_1_BYPASS_FORWARD
632.5625,-25.2638,-26.0430,0.000,PARALLEL_PARK,1,PARALLEL_PARK,,,,,PARALLEL_1_BYPASS_FORWARD
632.6625,-25.3603,-26.0168,0.000,PARALLEL_PARK,1,PARALLEL_PARK,,,,,PARALLEL_1_BYPASS_FORWARD
632.7625,-25.4571,-25.9918,0.000,PARALLEL_PARK,1,PARALLEL_PARK,,,,,PARALLEL_1_BYPASS_FORWARD
632.8624,-25.5542,-25.9681,0.000,PARALLEL_PARK,1,PARALLEL_PARK,,,,,PARALLEL_1_BYPASS_FORWARD
632.9625,-25.6517,-25.9457,0.000,PARALLEL_PARK,1,PARALLEL_PARK,,,,,PARALLEL_1_BYPASS_FORWARD
633.0625,-25.7495,-25.9247,0.000,PARALLEL_PARK,1,PARALLEL_PARK,,,,,PARALLEL_1_BYPASS_FORWARD
633.1624,-25.8475,-25.9052,0.000,PARALLEL_PARK,1,PARALLEL_PARK,,,,,PARALLEL_1_BYPASS_FORWARD
633.2625,-25.9459,-25.8871,0.000,PARALLEL_PARK,1,PARALLEL_PARK,,,,,PARALLEL_1_BYPASS_FORWARD
633.3624,-26.0445,-25.8706,0.000,PARALLEL_PARK,1,PARALLEL_PARK,,,,,PARALLEL_1_BYPASS_FORWARD
633.4396,-26.1208,-25.8589,0.000,PARALLEL_PARK,-1,PARALLEL_PARK,PARALLEL_1_FORWARD_TO_REVERSE,SET_REVERSE,,,PARALLEL_1_PARK_REVERSE
633.5219,-26.0394,-25.8708,0.000,PARALLEL_PARK,-1,PARALLEL_PARK,,,,,PARALLEL_1_PARK_REVERSE
633.6219,-25.9404,-25.8851,0.000,PARALLEL_PARK,-1,PARALLEL_PARK,,,,,PARALLEL_1_PARK_REVERSE
633.7219,-25.8414,-25.8988,0.000,PARALLEL_PARK,-1,PARALLEL_PARK,,,,,PARALLEL_1_PARK_REVERSE
633.8219,-25.7422,-25.9119,0.000,PARALLEL_PARK,-1,PARALLEL_PARK,,,,,PARALLEL_1_PARK_REVERSE
633.9219,-25.6430,-25.9241,0.000,PARALLEL_PARK,-1,PARALLEL_PARK,,,,,PARALLEL_1_PARK_REVERSE
634.0219,-25.5436,-25.9353,0.000,PARALLEL_PARK,-1,PARALLEL_PARK,,,,,PARALLEL_1_PARK_REVERSE
634.1219,-25.4441,-25.9454,0.000,PARALLEL_PARK,-1,PARALLEL_PARK,,,,,PARALLEL_1_PARK_REVERSE
634.2219,-25.3445,-25.9541,0.000,PARALLEL_PARK,-1,PARALLEL_PARK,,,,,PARALLEL_1_PARK_REVERSE
634.3219,-25.2448,-25.9616,0.000,PARALLEL_PARK,-1,PARALLEL_PARK,,,,,PARALLEL_1_PARK_REVERSE
634.4219,-25.1450,-25.9676,0.000,PARALLEL_PARK,-1,PARALLEL_PARK,,,,,PARALLEL_1_PARK_REVERSE
634.5219,-25.0451,-25.9721,0.000,PARALLEL_PARK,-1,PARALLEL_PARK,,,,,PARALLEL_1_PARK_REVERSE
634.6219,-24.9451,-25.9752,0.000,PARALLEL_PARK,-1,PARALLEL_PARK,,,,,PARALLEL_1_PARK_REVERSE
634.7219,-24.8451,-25.9767,0.000,PARALLEL_PARK,-1,PARALLEL_PARK,,,,,PARALLEL_1_PARK_REVERSE
634.8219,-24.7451,-25.9767,0.000,PARALLEL_PARK,-1,PARALLEL_PARK,,,,,PARALLEL_1_PARK_REVERSE
634.9218,-24.6452,-25.9751,0.000,PARALLEL_PARK,-1,PARALLEL_PARK,,,,,PARALLEL_1_PARK_REVERSE
635.0219,-24.5452,-25.9720,0.000,PARALLEL_PARK,-1,PARALLEL_PARK,,,,,PARALLEL_1_PARK_REVERSE
635.1219,-24.4453,-25.9674,0.000,PARALLEL_PARK,-1,PARALLEL_PARK,,,,,PARALLEL_1_PARK_REVERSE
635.2219,-24.3455,-25.9613,0.000,PARALLEL_PARK,-1,PARALLEL_PARK,,,,,PARALLEL_1_PARK_REVERSE
635.3219,-24.2458,-25.9536,0.000,PARALLEL_PARK,-1,PARALLEL_PARK,,,,,PARALLEL_1_PARK_REVERSE
635.4219,-24.1462,-25.9445,0.000,PARALLEL_PARK,-1,PARALLEL_PARK,,,,,PARALLEL_1_PARK_REVERSE
635.5218,-24.0468,-25.9340,0.000,PARALLEL_PARK,-1,PARALLEL_PARK,,,,,PARALLEL_1_PARK_REVERSE
635.6219,-23.9475,-25.9220,0.000,PARALLEL_PARK,-1,PARALLEL_PARK,,,,,PARALLEL_1_PARK_REVERSE
635.7219,-23.8484,-25.9087,0.000,PARALLEL_PARK,-1,PARALLEL_PARK,,,,,PARALLEL_1_PARK_REVERSE
635.8218,-23.7495,-25.8940,0.000,PARALLEL_PARK,-1,PARALLEL_PARK,,,,,PARALLEL_1_PARK_REVERSE
635.9218,-23.6508,-25.8780,0.000,PARALLEL_PARK,-1,PARALLEL_PARK,,,,,PARALLEL_1_PARK_REVERSE
636.0219,-23.5523,-25.8606,0.000,PARALLEL_PARK,-1,PARALLEL_PARK,,,,,PARALLEL_1_PARK_REVERSE
636.1219,-23.4540,-25.8420,0.000,PARALLEL_PARK,-1,PARALLEL_PARK,,,,,PARALLEL_1_PARK_REVERSE
636.2219,-23.3560,-25.8222,0.000,PARALLEL_PARK,-1,PARALLEL_PARK,,,,,PARALLEL_1_PARK_REVERSE
636.3218,-23.2583,-25.8011,0.000,PARALLEL_PARK,-1,PARALLEL_PARK,,,,,PARALLEL_1_PARK_REVERSE
636.4218,-23.1608,-25.7789,0.000,PARALLEL_PARK,-1,PARALLEL_PARK,,,,,PARALLEL_1_PARK_REVERSE
636.5219,-23.0635,-25.7556,0.000,PARALLEL_PARK,-1,PARALLEL_PARK,,,,,PARALLEL_1_PARK_REVERSE
636.6218,-22.9666,-25.7311,0.000,PARALLEL_PARK,-1,PARALLEL_PARK,,,,,PARALLEL_1_PARK_REVERSE
636.7218,-22.8699,-25.7056,0.000,PARALLEL_PARK,-1,PARALLEL_PARK,,,,,PARALLEL_1_PARK_REVERSE
636.8218,-22.7735,-25.6790,0.000,PARALLEL_PARK,-1,PARALLEL_PARK,,,,,PARALLEL_1_PARK_REVERSE
636.9219,-22.6773,-25.6514,0.000,PARALLEL_PARK,-1,PARALLEL_PARK,,,,,PARALLEL_1_PARK_REVERSE
637.0219,-22.5815,-25.6229,0.000,PARALLEL_PARK,-1,PARALLEL_PARK,,,,,PARALLEL_1_PARK_REVERSE
637.1219,-22.4859,-25.5934,0.000,PARALLEL_PARK,-1,PARALLEL_PARK,,,,,PARALLEL_1_PARK_REVERSE
637.2218,-22.3907,-25.5631,0.000,PARALLEL_PARK,-1,PARALLEL_PARK,,,,,PARALLEL_1_PARK_REVERSE
637.3218,-22.2957,-25.5318,0.000,PARALLEL_PARK,-1,PARALLEL_PARK,,,,,PARALLEL_1_PARK_REVERSE
637.4219,-22.2009,-25.4998,0.000,PARALLEL_PARK,-1,PARALLEL_PARK,,,,,PARALLEL_1_PARK_REVERSE
637.5219,-22.1065,-25.4669,0.000,PARALLEL_PARK,-1,PARALLEL_PARK,,,,,PARALLEL_1_PARK_REVERSE
637.6219,-22.0123,-25.4333,0.000,PARALLEL_PARK,-1,PARALLEL_PARK,,,,,PARALLEL_1_PARK_REVERSE
637.7218,-21.9184,-25.3990,0.000,PARALLEL_PARK,-1,PARALLEL_PARK,,,,,PARALLEL_1_PARK_REVERSE
637.8219,-21.8247,-25.3640,0.000,PARALLEL_PARK,-1,PARALLEL_PARK,,,,,PARALLEL_1_PARK_REVERSE
637.9218,-21.7313,-25.3284,0.000,PARALLEL_PARK,-1,PARALLEL_PARK,,,,,PARALLEL_1_PARK_REVERSE
638.0218,-21.6381,-25.2922,0.000,PARALLEL_PARK,-1,PARALLEL_PARK,,,,,PARALLEL_1_PARK_REVERSE
638.1218,-21.5451,-25.2554,0.000,PARALLEL_PARK,-1,PARALLEL_PARK,,,,,PARALLEL_1_PARK_REVERSE
638.2218,-21.4523,-25.2181,0.000,PARALLEL_PARK,-1,PARALLEL_PARK,,,,,PARALLEL_1_PARK_REVERSE
638.3218,-21.3597,-25.1804,0.000,PARALLEL_PARK,-1,PARALLEL_PARK,,,,,PARALLEL_1_PARK_REVERSE
638.4219,-21.2672,-25.1422,0.000,PARALLEL_PARK,-1,PARALLEL_PARK,,,,,PARALLEL_1_PARK_REVERSE
638.5219,-21.1749,-25.1037,0.000,PARALLEL_PARK,-1,PARALLEL_PARK,,,,,PARALLEL_1_PARK_REVERSE
638.6219,-21.0828,-25.0648,0.000,PARALLEL_PARK,-1,PARALLEL_PARK,,,,,PARALLEL_1_PARK_REVERSE
638.7218,-20.9908,-25.0257,0.000,PARALLEL_PARK,-1,PARALLEL_PARK,,,,,PARALLEL_1_PARK_REVERSE
638.8219,-20.8988,-24.9864,0.000,PARALLEL_PARK,-1,PARALLEL_PARK,,,,,PARALLEL_1_PARK_REVERSE
638.9219,-20.8070,-24.9468,0.000,PARALLEL_PARK,-1,PARALLEL_PARK,,,,,PARALLEL_1_PARK_REVERSE
639.0218,-20.7152,-24.9072,0.000,PARALLEL_PARK,-1,PARALLEL_PARK,,,,,PARALLEL_1_PARK_REVERSE
639.1219,-20.6234,-24.8675,0.000,PARALLEL_PARK,-1,PARALLEL_PARK,,,,,PARALLEL_1_PARK_REVERSE
639.2218,-20.5316,-24.8279,0.000,PARALLEL_PARK,-1,PARALLEL_PARK,,,,,PARALLEL_1_PARK_REVERSE
639.3218,-20.4398,-24.7883,0.000,PARALLEL_PARK,-1,PARALLEL_PARK,,,,,PARALLEL_1_PARK_REVERSE
639.4218,-20.3479,-24.7488,0.000,PARALLEL_PARK,-1,PARALLEL_PARK,,,,,PARALLEL_1_PARK_REVERSE
639.5219,-20.2559,-24.7095,0.000,PARALLEL_PARK,-1,PARALLEL_PARK,,,,,PARALLEL_1_PARK_REVERSE
639.6219,-20.1638,-24.6706,0.000,PARALLEL_PARK,-1,PARALLEL_PARK,,,,,PARALLEL_1_PARK_REVERSE
639.7218,-20.0716,-24.6320,0.000,PARALLEL_PARK,-1,PARALLEL_PARK,,,,,PARALLEL_1_PARK_REVERSE
639.8219,-19.9791,-24.5938,0.000,PARALLEL_PARK,-1,PARALLEL_PARK,,,,,PARALLEL_1_PARK_REVERSE
639.9218,-19.8865,-24.5562,0.000,PARALLEL_PARK,-1,PARALLEL_PARK,,,,,PARALLEL_1_PARK_REVERSE
640.0219,-19.7935,-24.5193,0.000,PARALLEL_PARK,-1,PARALLEL_PARK,,,,,PARALLEL_1_PARK_REVERSE
640.1219,-19.7003,-24.4831,0.000,PARALLEL_PARK,-1,PARALLEL_PARK,,,,,PARALLEL_1_PARK_REVERSE
640.2218,-19.6068,-24.4478,0.000,PARALLEL_PARK,-1,PARALLEL_PARK,,,,,PARALLEL_1_PARK_REVERSE
640.3218,-19.5129,-24.4134,0.000,PARALLEL_PARK,-1,PARALLEL_PARK,,,,,PARALLEL_1_PARK_REVERSE
640.4219,-19.4185,-24.3802,0.000,PARALLEL_PARK,-1,PARALLEL_PARK,,,,,PARALLEL_1_PARK_REVERSE
640.5218,-19.3238,-24.3482,0.000,PARALLEL_PARK,-1,PARALLEL_PARK,,,,,PARALLEL_1_PARK_REVERSE
640.6218,-19.2286,-24.3177,0.000,PARALLEL_PARK,-1,PARALLEL_PARK,,,,,PARALLEL_1_PARK_REVERSE
640.7219,-19.1328,-24.2887,0.000,PARALLEL_PARK,-1,PARALLEL_PARK,,,,,PARALLEL_1_PARK_REVERSE
640.8219,-19.0366,-24.2616,0.000,PARALLEL_PARK,-1,PARALLEL_PARK,,,,,PARALLEL_1_PARK_REVERSE
640.9219,-18.9398,-24.2364,0.000,PARALLEL_PARK,-1,PARALLEL_PARK,,,,,PARALLEL_1_PARK_REVERSE
641.0219,-18.8425,-24.2133,0.000,PARALLEL_PARK,-1,PARALLEL_PARK,,,,,PARALLEL_1_PARK_REVERSE
641.1218,-18.7447,-24.1927,0.000,PARALLEL_PARK,-1,PARALLEL_PARK,,,,,PARALLEL_1_PARK_REVERSE
641.2219,-18.6463,-24.1746,0.000,PARALLEL_PARK,-1,PARALLEL_PARK,,,,,PARALLEL_1_PARK_REVERSE
641.3218,-18.5475,-24.1595,0.000,PARALLEL_PARK,-1,PARALLEL_PARK,,,,,PARALLEL_1_PARK_REVERSE
641.4219,-18.4482,-24.1474,0.000,PARALLEL_PARK,-1,PARALLEL_PARK,,,,,PARALLEL_1_PARK_REVERSE
641.5218,-18.3486,-24.1386,0.000,PARALLEL_PARK,-1,PARALLEL_PARK,,,,,PARALLEL_1_PARK_REVERSE
641.6218,-18.2488,-24.1334,0.000,PARALLEL_PARK,-1,PARALLEL_PARK,,,,,PARALLEL_1_PARK_REVERSE
641.7218,-18.1488,-24.1320,0.000,PARALLEL_PARK,-1,PARALLEL_PARK,,,,,PARALLEL_1_PARK_REVERSE
641.8218,-18.0488,-24.1345,0.000,PARALLEL_PARK,-1,PARALLEL_PARK,,,,,PARALLEL_1_PARK_REVERSE
641.9218,-17.9490,-24.1409,0.000,PARALLEL_PARK,-1,PARALLEL_PARK,,,,,PARALLEL_1_PARK_REVERSE
642.0218,-17.8496,-24.1515,0.000,PARALLEL_PARK,-1,PARALLEL_PARK,,,,,PARALLEL_1_PARK_REVERSE
642.1218,-17.7507,-24.1661,0.000,PARALLEL_PARK,-1,PARALLEL_PARK,,,,,PARALLEL_1_PARK_REVERSE
642.2218,-17.6524,-24.1847,0.000,PARALLEL_PARK,-1,PARALLEL_PARK,,,,,PARALLEL_1_PARK_REVERSE
642.3218,-17.5550,-24.2071,0.000,PARALLEL_PARK,-1,PARALLEL_PARK,,,,,PARALLEL_1_PARK_REVERSE
642.4218,-17.4584,-24.2331,0.000,PARALLEL_PARK,-1,PARALLEL_PARK,,,,,PARALLEL_1_PARK_REVERSE
642.5218,-17.3628,-24.2623,0.000,PARALLEL_PARK,-1,PARALLEL_PARK,,,,,PARALLEL_1_PARK_REVERSE
642.6218,-17.2680,-24.2943,0.000,PARALLEL_PARK,-1,PARALLEL_PARK,,,,,PARALLEL_1_PARK_REVERSE
642.7217,-17.1742,-24.3288,0.000,PARALLEL_PARK,-1,PARALLEL_PARK,,,,,PARALLEL_1_PARK_REVERSE
642.8218,-17.0810,-24.3651,0.000,PARALLEL_PARK,-1,PARALLEL_PARK,,,,,PARALLEL_1_PARK_REVERSE
642.9217,-16.9884,-24.4028,0.000,PARALLEL_PARK,-1,PARALLEL_PARK,,,,,PARALLEL_1_PARK_REVERSE
643.0218,-16.8960,-24.4411,0.000,PARALLEL_PARK,-1,PARALLEL_PARK,,,,,PARALLEL_1_PARK_REVERSE
643.1218,-16.8037,-24.4796,0.000,PARALLEL_PARK,-1,PARALLEL_PARK,,,,,PARALLEL_1_PARK_REVERSE
643.2217,-16.7114,-24.5180,0.000,PARALLEL_PARK,-1,PARALLEL_PARK,,,,,PARALLEL_1_PARK_REVERSE
643.3218,-16.6191,-24.5565,0.000,PARALLEL_PARK,-1,PARALLEL_PARK,,,,,PARALLEL_1_PARK_REVERSE
643.4218,-16.5268,-24.5950,0.000,PARALLEL_PARK,-1,PARALLEL_PARK,,,,,PARALLEL_1_PARK_REVERSE
643.5218,-16.4345,-24.6335,0.000,PARALLEL_PARK,-1,PARALLEL_PARK,,,,,PARALLEL_1_PARK_REVERSE
643.6217,-16.3422,-24.6719,0.000,PARALLEL_PARK,-1,PARALLEL_PARK,,,,,PARALLEL_1_PARK_REVERSE
643.7217,-16.2499,-24.7104,0.000,PARALLEL_PARK,-1,PARALLEL_PARK,,,,,PARALLEL_1_PARK_REVERSE
643.8218,-16.1576,-24.7489,0.000,PARALLEL_PARK,-1,PARALLEL_PARK,,,,,PARALLEL_1_PARK_REVERSE
643.9217,-16.0653,-24.7873,0.000,PARALLEL_PARK,-1,PARALLEL_PARK,,,,,PARALLEL_1_PARK_REVERSE
644.0217,-15.9730,-24.8258,0.000,PARALLEL_PARK,-1,PARALLEL_PARK,,,,,PARALLEL_1_PARK_REVERSE
644.1217,-15.8807,-24.8643,0.000,PARALLEL_PARK,-1,PARALLEL_PARK,,,,,PARALLEL_1_PARK_REVERSE
644.2217,-15.7884,-24.9027,0.000,PARALLEL_PARK,-1,PARALLEL_PARK,,,,,PARALLEL_1_PARK_REVERSE
644.3218,-15.6960,-24.9412,0.000,PARALLEL_PARK,-1,PARALLEL_PARK,,,,,PARALLEL_1_PARK_REVERSE
644.4218,-15.6037,-24.9797,0.000,PARALLEL_PARK,1,PARALLEL_PARK,PARALLEL_1_PARK_COMPLETE|PARALLEL_1_REVERSE_TO_FORWARD,PARK_COMPLETE|SET_FORWARD,ALWAYS_ONCE,,PARALLEL_1_PARK_EXIT_FORWARD
644.5218,-15.6960,-24.9412,0.000,PARALLEL_PARK,1,PARALLEL_PARK,,,,,PARALLEL_1_PARK_EXIT_FORWARD
644.6219,-15.7884,-24.9027,0.000,PARALLEL_PARK,1,PARALLEL_PARK,,,,,PARALLEL_1_PARK_EXIT_FORWARD
644.7219,-15.8807,-24.8643,0.000,PARALLEL_PARK,1,PARALLEL_PARK,,,,,PARALLEL_1_PARK_EXIT_FORWARD
644.8219,-15.9730,-24.8258,0.000,PARALLEL_PARK,1,PARALLEL_PARK,,,,,PARALLEL_1_PARK_EXIT_FORWARD
644.9219,-16.0653,-24.7873,0.000,PARALLEL_PARK,1,PARALLEL_PARK,,,,,PARALLEL_1_PARK_EXIT_FORWARD
645.0219,-16.1576,-24.7489,0.000,PARALLEL_PARK,1,PARALLEL_PARK,,,,,PARALLEL_1_PARK_EXIT_FORWARD
645.1219,-16.2499,-24.7104,0.000,PARALLEL_PARK,1,PARALLEL_PARK,,,,,PARALLEL_1_PARK_EXIT_FORWARD
645.2219,-16.3422,-24.6719,0.000,PARALLEL_PARK,1,PARALLEL_PARK,,,,,PARALLEL_1_PARK_EXIT_FORWARD
645.3219,-16.4345,-24.6335,0.000,PARALLEL_PARK,1,PARALLEL_PARK,,,,,PARALLEL_1_PARK_EXIT_FORWARD
645.4219,-16.5268,-24.5950,0.000,PARALLEL_PARK,1,PARALLEL_PARK,,,,,PARALLEL_1_PARK_EXIT_FORWARD
645.5219,-16.6191,-24.5565,0.000,PARALLEL_PARK,1,PARALLEL_PARK,,,,,PARALLEL_1_PARK_EXIT_FORWARD
645.6219,-16.7114,-24.5180,0.000,PARALLEL_PARK,1,PARALLEL_PARK,,,,,PARALLEL_1_PARK_EXIT_FORWARD
645.7219,-16.8037,-24.4796,0.000,PARALLEL_PARK,1,PARALLEL_PARK,,,,,PARALLEL_1_PARK_EXIT_FORWARD
645.8219,-16.8960,-24.4411,0.000,PARALLEL_PARK,1,PARALLEL_PARK,,,,,PARALLEL_1_PARK_EXIT_FORWARD
645.9219,-16.9884,-24.4028,0.000,PARALLEL_PARK,1,PARALLEL_PARK,,,,,PARALLEL_1_PARK_EXIT_FORWARD
646.0219,-17.0810,-24.3651,0.000,PARALLEL_PARK,1,PARALLEL_PARK,,,,,PARALLEL_1_PARK_EXIT_FORWARD
646.1219,-17.1742,-24.3288,0.000,PARALLEL_PARK,1,PARALLEL_PARK,,,,,PARALLEL_1_PARK_EXIT_FORWARD
646.2218,-17.2680,-24.2943,0.000,PARALLEL_PARK,1,PARALLEL_PARK,,,,,PARALLEL_1_PARK_EXIT_FORWARD
646.3219,-17.3628,-24.2623,0.000,PARALLEL_PARK,1,PARALLEL_PARK,,,,,PARALLEL_1_PARK_EXIT_FORWARD
646.4218,-17.4584,-24.2331,0.000,PARALLEL_PARK,1,PARALLEL_PARK,,,,,PARALLEL_1_PARK_EXIT_FORWARD
646.5219,-17.5550,-24.2071,0.000,PARALLEL_PARK,1,PARALLEL_PARK,,,,,PARALLEL_1_PARK_EXIT_FORWARD
646.6218,-17.6524,-24.1847,0.000,PARALLEL_PARK,1,PARALLEL_PARK,,,,,PARALLEL_1_PARK_EXIT_FORWARD
646.7219,-17.7507,-24.1661,0.000,PARALLEL_PARK,1,PARALLEL_PARK,,,,,PARALLEL_1_PARK_EXIT_FORWARD
646.8218,-17.8496,-24.1515,0.000,PARALLEL_PARK,1,PARALLEL_PARK,,,,,PARALLEL_1_PARK_EXIT_FORWARD
646.9218,-17.9490,-24.1409,0.000,PARALLEL_PARK,1,PARALLEL_PARK,,,,,PARALLEL_1_PARK_EXIT_FORWARD
647.0218,-18.0488,-24.1345,0.000,PARALLEL_PARK,1,PARALLEL_PARK,,,,,PARALLEL_1_PARK_EXIT_FORWARD
647.1218,-18.1488,-24.1320,0.000,PARALLEL_PARK,1,PARALLEL_PARK,,,,,PARALLEL_1_PARK_EXIT_FORWARD
647.2219,-18.2488,-24.1334,0.000,PARALLEL_PARK,1,PARALLEL_PARK,,,,,PARALLEL_1_PARK_EXIT_FORWARD
647.3218,-18.3486,-24.1386,0.000,PARALLEL_PARK,1,PARALLEL_PARK,,,,,PARALLEL_1_PARK_EXIT_FORWARD
647.4218,-18.4482,-24.1474,0.000,PARALLEL_PARK,1,PARALLEL_PARK,,,,,PARALLEL_1_PARK_EXIT_FORWARD
647.5218,-18.5475,-24.1595,0.000,PARALLEL_PARK,1,PARALLEL_PARK,,,,,PARALLEL_1_PARK_EXIT_FORWARD
647.6218,-18.6463,-24.1746,0.000,PARALLEL_PARK,1,PARALLEL_PARK,,,,,PARALLEL_1_PARK_EXIT_FORWARD
647.7218,-18.7447,-24.1927,0.000,PARALLEL_PARK,1,PARALLEL_PARK,,,,,PARALLEL_1_PARK_EXIT_FORWARD
647.8218,-18.8425,-24.2133,0.000,PARALLEL_PARK,1,PARALLEL_PARK,,,,,PARALLEL_1_PARK_EXIT_FORWARD
647.9218,-18.9398,-24.2364,0.000,PARALLEL_PARK,1,PARALLEL_PARK,,,,,PARALLEL_1_PARK_EXIT_FORWARD
648.0218,-19.0366,-24.2616,0.000,PARALLEL_PARK,1,PARALLEL_PARK,,,,,PARALLEL_1_PARK_EXIT_FORWARD
648.1217,-19.1328,-24.2887,0.000,PARALLEL_PARK,1,PARALLEL_PARK,,,,,PARALLEL_1_PARK_EXIT_FORWARD
648.2218,-19.2286,-24.3177,0.000,PARALLEL_PARK,1,PARALLEL_PARK,,,,,PARALLEL_1_PARK_EXIT_FORWARD
648.3218,-19.3238,-24.3482,0.000,PARALLEL_PARK,1,PARALLEL_PARK,,,,,PARALLEL_1_PARK_EXIT_FORWARD
648.4217,-19.4185,-24.3802,0.000,PARALLEL_PARK,1,PARALLEL_PARK,,,,,PARALLEL_1_PARK_EXIT_FORWARD
648.5218,-19.5129,-24.4134,0.000,PARALLEL_PARK,1,PARALLEL_PARK,,,,,PARALLEL_1_PARK_EXIT_FORWARD
648.6218,-19.6068,-24.4478,0.000,PARALLEL_PARK,1,PARALLEL_PARK,,,,,PARALLEL_1_PARK_EXIT_FORWARD
648.7218,-19.7003,-24.4831,0.000,PARALLEL_PARK,1,PARALLEL_PARK,,,,,PARALLEL_1_PARK_EXIT_FORWARD
648.8217,-19.7935,-24.5193,0.000,PARALLEL_PARK,1,PARALLEL_PARK,,,,,PARALLEL_1_PARK_EXIT_FORWARD
648.9218,-19.8865,-24.5562,0.000,PARALLEL_PARK,1,PARALLEL_PARK,,,,,PARALLEL_1_PARK_EXIT_FORWARD
649.0217,-19.9791,-24.5938,0.000,PARALLEL_PARK,1,PARALLEL_PARK,,,,,PARALLEL_1_PARK_EXIT_FORWARD
649.1218,-20.0716,-24.6320,0.000,PARALLEL_PARK,1,PARALLEL_PARK,,,,,PARALLEL_1_PARK_EXIT_FORWARD
649.2218,-20.1638,-24.6706,0.000,PARALLEL_PARK,1,PARALLEL_PARK,,,,,PARALLEL_1_PARK_EXIT_FORWARD
649.3218,-20.2559,-24.7095,0.000,PARALLEL_PARK,1,PARALLEL_PARK,,,,,PARALLEL_1_PARK_EXIT_FORWARD
649.4218,-20.3479,-24.7488,0.000,PARALLEL_PARK,1,PARALLEL_PARK,,,,,PARALLEL_1_PARK_EXIT_FORWARD
649.5218,-20.4398,-24.7883,0.000,PARALLEL_PARK,1,PARALLEL_PARK,,,,,PARALLEL_1_PARK_EXIT_FORWARD
649.6218,-20.5316,-24.8279,0.000,PARALLEL_PARK,1,PARALLEL_PARK,,,,,PARALLEL_1_PARK_EXIT_FORWARD
649.7218,-20.6234,-24.8675,0.000,PARALLEL_PARK,1,PARALLEL_PARK,,,,,PARALLEL_1_PARK_EXIT_FORWARD
649.8218,-20.7152,-24.9072,0.000,PARALLEL_PARK,1,PARALLEL_PARK,,,,,PARALLEL_1_PARK_EXIT_FORWARD
649.9218,-20.8070,-24.9468,0.000,PARALLEL_PARK,1,PARALLEL_PARK,,,,,PARALLEL_1_PARK_EXIT_FORWARD
650.0217,-20.8988,-24.9864,0.000,PARALLEL_PARK,1,PARALLEL_PARK,,,,,PARALLEL_1_PARK_EXIT_FORWARD
650.1218,-20.9908,-25.0257,0.000,PARALLEL_PARK,1,PARALLEL_PARK,,,,,PARALLEL_1_PARK_EXIT_FORWARD
650.2218,-21.0828,-25.0648,0.000,PARALLEL_PARK,1,PARALLEL_PARK,,,,,PARALLEL_1_PARK_EXIT_FORWARD
650.3217,-21.1749,-25.1037,0.000,PARALLEL_PARK,1,PARALLEL_PARK,,,,,PARALLEL_1_PARK_EXIT_FORWARD
650.4217,-21.2672,-25.1422,0.000,PARALLEL_PARK,1,PARALLEL_PARK,,,,,PARALLEL_1_PARK_EXIT_FORWARD
650.5218,-21.3597,-25.1804,0.000,PARALLEL_PARK,1,PARALLEL_PARK,,,,,PARALLEL_1_PARK_EXIT_FORWARD
650.6218,-21.4523,-25.2181,0.000,PARALLEL_PARK,1,PARALLEL_PARK,,,,,PARALLEL_1_PARK_EXIT_FORWARD
650.7218,-21.5451,-25.2554,0.000,PARALLEL_PARK,1,PARALLEL_PARK,,,,,PARALLEL_1_PARK_EXIT_FORWARD
650.8218,-21.6381,-25.2922,0.000,PARALLEL_PARK,1,PARALLEL_PARK,,,,,PARALLEL_1_PARK_EXIT_FORWARD
650.9218,-21.7313,-25.3284,0.000,PARALLEL_PARK,1,PARALLEL_PARK,,,,,PARALLEL_1_PARK_EXIT_FORWARD
651.0218,-21.8247,-25.3640,0.000,PARALLEL_PARK,1,PARALLEL_PARK,,,,,PARALLEL_1_PARK_EXIT_FORWARD
651.1218,-21.9184,-25.3990,0.000,PARALLEL_PARK,1,PARALLEL_PARK,,,,,PARALLEL_1_PARK_EXIT_FORWARD
651.2218,-22.0123,-25.4333,0.000,PARALLEL_PARK,1,PARALLEL_PARK,,,,,PARALLEL_1_PARK_EXIT_FORWARD
651.3218,-22.1065,-25.4669,0.000,PARALLEL_PARK,1,PARALLEL_PARK,,,,,PARALLEL_1_PARK_EXIT_FORWARD
651.4217,-22.2009,-25.4998,0.000,PARALLEL_PARK,1,PARALLEL_PARK,,,,,PARALLEL_1_PARK_EXIT_FORWARD
651.5218,-22.2957,-25.5318,0.000,PARALLEL_PARK,1,PARALLEL_PARK,,,,,PARALLEL_1_PARK_EXIT_FORWARD
651.6218,-22.3907,-25.5631,0.000,PARALLEL_PARK,1,PARALLEL_PARK,,,,,PARALLEL_1_PARK_EXIT_FORWARD
651.7217,-22.4859,-25.5934,0.000,PARALLEL_PARK,1,PARALLEL_PARK,,,,,PARALLEL_1_PARK_EXIT_FORWARD
651.8218,-22.5815,-25.6229,0.000,PARALLEL_PARK,1,PARALLEL_PARK,,,,,PARALLEL_1_PARK_EXIT_FORWARD
651.9217,-22.6773,-25.6514,0.000,PARALLEL_PARK,1,PARALLEL_PARK,,,,,PARALLEL_1_PARK_EXIT_FORWARD
652.0218,-22.7735,-25.6790,0.000,PARALLEL_PARK,1,PARALLEL_PARK,,,,,PARALLEL_1_PARK_EXIT_FORWARD
652.1218,-22.8699,-25.7056,0.000,PARALLEL_PARK,1,PARALLEL_PARK,,,,,PARALLEL_1_PARK_EXIT_FORWARD
652.2218,-22.9666,-25.7311,0.000,PARALLEL_PARK,1,PARALLEL_PARK,,,,,PARALLEL_1_PARK_EXIT_FORWARD
652.3218,-23.0635,-25.7556,0.000,PARALLEL_PARK,1,PARALLEL_PARK,,,,,PARALLEL_1_PARK_EXIT_FORWARD
652.4218,-23.1608,-25.7789,0.000,PARALLEL_PARK,1,PARALLEL_PARK,,,,,PARALLEL_1_PARK_EXIT_FORWARD
652.5218,-23.2583,-25.8011,0.000,PARALLEL_PARK,1,PARALLEL_PARK,,,,,PARALLEL_1_PARK_EXIT_FORWARD
652.6218,-23.3560,-25.8222,0.000,PARALLEL_PARK,1,PARALLEL_PARK,,,,,PARALLEL_1_PARK_EXIT_FORWARD
652.7217,-23.4540,-25.8420,0.000,PARALLEL_PARK,1,PARALLEL_PARK,,,,,PARALLEL_1_PARK_EXIT_FORWARD
652.8218,-23.5523,-25.8606,0.000,PARALLEL_PARK,1,PARALLEL_PARK,,,,,PARALLEL_1_PARK_EXIT_FORWARD
652.9218,-23.6508,-25.8780,0.000,PARALLEL_PARK,1,PARALLEL_PARK,,,,,PARALLEL_1_PARK_EXIT_FORWARD
653.0218,-23.7495,-25.8940,0.000,PARALLEL_PARK,1,PARALLEL_PARK,,,,,PARALLEL_1_PARK_EXIT_FORWARD
653.1218,-23.8484,-25.9087,0.000,PARALLEL_PARK,1,PARALLEL_PARK,,,,,PARALLEL_1_PARK_EXIT_FORWARD
653.2218,-23.9475,-25.9220,0.000,PARALLEL_PARK,1,PARALLEL_PARK,,,,,PARALLEL_1_PARK_EXIT_FORWARD
653.3218,-24.0468,-25.9340,0.000,PARALLEL_PARK,1,PARALLEL_PARK,,,,,PARALLEL_1_PARK_EXIT_FORWARD
653.4217,-24.1462,-25.9445,0.000,PARALLEL_PARK,1,PARALLEL_PARK,,,,,PARALLEL_1_PARK_EXIT_FORWARD
653.5218,-24.2458,-25.9536,0.000,PARALLEL_PARK,1,PARALLEL_PARK,,,,,PARALLEL_1_PARK_EXIT_FORWARD
653.6218,-24.3455,-25.9613,0.000,PARALLEL_PARK,1,PARALLEL_PARK,,,,,PARALLEL_1_PARK_EXIT_FORWARD
653.7217,-24.4453,-25.9674,0.000,PARALLEL_PARK,1,PARALLEL_PARK,,,,,PARALLEL_1_PARK_EXIT_FORWARD
653.8218,-24.5452,-25.9720,0.000,PARALLEL_PARK,1,PARALLEL_PARK,,,,,PARALLEL_1_PARK_EXIT_FORWARD
653.9218,-24.6452,-25.9751,0.000,PARALLEL_PARK,1,PARALLEL_PARK,,,,,PARALLEL_1_PARK_EXIT_FORWARD
654.0217,-24.7451,-25.9767,0.000,PARALLEL_PARK,1,PARALLEL_PARK,,,,,PARALLEL_1_PARK_EXIT_FORWARD
654.1217,-24.8451,-25.9767,0.000,PARALLEL_PARK,1,PARALLEL_PARK,,,,,PARALLEL_1_PARK_EXIT_FORWARD
654.2217,-24.9451,-25.9752,0.000,PARALLEL_PARK,1,PARALLEL_PARK,,,,,PARALLEL_1_PARK_EXIT_FORWARD
654.3218,-25.0451,-25.9721,0.000,PARALLEL_PARK,1,PARALLEL_PARK,,,,,PARALLEL_1_PARK_EXIT_FORWARD
654.4218,-25.1450,-25.9676,0.000,PARALLEL_PARK,1,PARALLEL_PARK,,,,,PARALLEL_1_PARK_EXIT_FORWARD
654.5218,-25.2448,-25.9616,0.000,PARALLEL_PARK,1,PARALLEL_PARK,,,,,PARALLEL_1_PARK_EXIT_FORWARD
654.6217,-25.3445,-25.9541,0.000,PARALLEL_PARK,1,PARALLEL_PARK,,,,,PARALLEL_1_PARK_EXIT_FORWARD
654.7217,-25.4441,-25.9454,0.000,PARALLEL_PARK,1,PARALLEL_PARK,,,,,PARALLEL_1_PARK_EXIT_FORWARD
654.8217,-25.5436,-25.9353,0.000,PARALLEL_PARK,1,PARALLEL_PARK,,,,,PARALLEL_1_PARK_EXIT_FORWARD
654.9218,-25.6430,-25.9241,0.000,PARALLEL_PARK,1,PARALLEL_PARK,,,,,PARALLEL_1_PARK_EXIT_FORWARD
655.0217,-25.7422,-25.9119,0.000,PARALLEL_PARK,1,PARALLEL_PARK,,,,,PARALLEL_1_PARK_EXIT_FORWARD
655.1218,-25.8414,-25.8988,0.000,PARALLEL_PARK,1,PARALLEL_PARK,,,,,PARALLEL_1_PARK_EXIT_FORWARD
655.2217,-25.9404,-25.8851,0.000,PARALLEL_PARK,1,PARALLEL_PARK,,,,,PARALLEL_1_PARK_EXIT_FORWARD
655.3217,-26.0394,-25.8708,0.000,PARALLEL_PARK,1,PARALLEL_PARK,,,,,PARALLEL_1_PARK_EXIT_FORWARD
655.4040,-26.1208,-25.8589,0.000,PARALLEL_PARK,1,PARALLEL_PARK,PARALLEL_1_END,BRANCH_COMPLETE,,,PARALLEL_1_PARK_EXIT_FORWARD
655.4110,-26.1277,-25.8575,0.000,NORMAL,1,ROUTE,,,,,T2_REVERSE_TO_FORWARD
655.5040,-26.2188,-25.8388,0.000,NORMAL,1,ROUTE,,,,,T2_REVERSE_TO_FORWARD
655.6040,-26.3166,-25.8182,0.000,NORMAL,1,ROUTE,,,,,T2_REVERSE_TO_FORWARD
655.7041,-26.4144,-25.7970,0.000,NORMAL,1,ROUTE,,,,,T2_REVERSE_TO_FORWARD
655.8040,-26.5119,-25.7752,0.000,NORMAL,1,ROUTE,,,,,T2_REVERSE_TO_FORWARD
655.9040,-26.6094,-25.7528,0.000,NORMAL,1,ROUTE,,,,,T2_REVERSE_TO_FORWARD
656.0040,-26.7067,-25.7299,0.000,NORMAL,1,ROUTE,,,,,T2_REVERSE_TO_FORWARD
656.1040,-26.8039,-25.7063,0.000,NORMAL,1,ROUTE,,,,,T2_REVERSE_TO_FORWARD
656.2040,-26.9010,-25.6822,0.000,NORMAL,1,ROUTE,,,,,T2_REVERSE_TO_FORWARD
656.3040,-26.9979,-25.6575,0.000,NORMAL,1,ROUTE,,,,,T2_REVERSE_TO_FORWARD
656.4040,-27.0946,-25.6323,0.000,NORMAL,1,ROUTE,,,,,T2_REVERSE_TO_FORWARD
656.5040,-27.1912,-25.6064,0.000,NORMAL,1,ROUTE,,,,,T2_REVERSE_TO_FORWARD
656.6040,-27.2877,-25.5800,0.000,NORMAL,1,ROUTE,,,,,T2_REVERSE_TO_FORWARD
656.7040,-27.3840,-25.5531,0.000,NORMAL,1,ROUTE,,,,,T2_REVERSE_TO_FORWARD
656.8040,-27.4801,-25.5255,0.000,NORMAL,1,ROUTE,,,,,T2_REVERSE_TO_FORWARD
656.9040,-27.5761,-25.4974,0.000,NORMAL,1,ROUTE,,,,,T2_REVERSE_TO_FORWARD
657.0040,-27.6719,-25.4688,0.000,NORMAL,1,ROUTE,,,,,T2_REVERSE_TO_FORWARD
657.1040,-27.7675,-25.4396,0.000,NORMAL,1,ROUTE,,,,,T2_REVERSE_TO_FORWARD
657.2040,-27.8630,-25.4099,0.000,NORMAL,1,ROUTE,,,,,T2_REVERSE_TO_FORWARD
657.3039,-27.9583,-25.3797,0.000,NORMAL,1,ROUTE,,,,,T2_REVERSE_TO_FORWARD
657.4040,-28.0535,-25.3490,0.000,NORMAL,1,ROUTE,,,,,T2_REVERSE_TO_FORWARD
657.5039,-28.1485,-25.3180,0.000,NORMAL,1,ROUTE,,,,,T2_REVERSE_TO_FORWARD
657.6040,-28.2435,-25.2865,0.000,NORMAL,1,ROUTE,,,,,T2_REVERSE_TO_FORWARD
657.7039,-28.3383,-25.2548,0.000,NORMAL,1,ROUTE,,,,,T2_REVERSE_TO_FORWARD
657.8039,-28.4330,-25.2228,0.000,NORMAL,1,ROUTE,,,,,T2_REVERSE_TO_FORWARD
657.9039,-28.5277,-25.1907,0.000,NORMAL,1,ROUTE,,,,,T2_REVERSE_TO_FORWARD
658.0039,-28.6224,-25.1585,0.000,NORMAL,1,ROUTE,,,,,T2_REVERSE_TO_FORWARD
658.1039,-28.7171,-25.1265,0.000,NORMAL,1,ROUTE,,,,,T2_REVERSE_TO_FORWARD
658.2039,-28.8119,-25.0947,0.000,NORMAL,1,ROUTE,,,,,T2_REVERSE_TO_FORWARD
658.3040,-28.9069,-25.0632,0.000,NORMAL,1,ROUTE,,,,,T2_REVERSE_TO_FORWARD
658.4040,-29.0020,-25.0323,0.000,NORMAL,1,ROUTE,,,,,T2_REVERSE_TO_FORWARD
658.5039,-29.0973,-25.0021,0.000,NORMAL,1,ROUTE,,,,,T2_REVERSE_TO_FORWARD
658.6039,-29.1929,-24.9728,0.000,NORMAL,1,ROUTE,,,,,T2_REVERSE_TO_FORWARD
658.7039,-29.2888,-24.9444,0.000,NORMAL,1,ROUTE,,,,,T2_REVERSE_TO_FORWARD
658.8039,-29.3850,-24.9173,0.000,NORMAL,1,ROUTE,,,,,T2_REVERSE_TO_FORWARD
658.9039,-29.4816,-24.8913,0.000,NORMAL,1,ROUTE,,,,,T2_REVERSE_TO_FORWARD
659.0039,-29.5785,-24.8666,0.000,NORMAL,1,ROUTE,,,,,T2_REVERSE_TO_FORWARD
659.1039,-29.6757,-24.8431,0.000,NORMAL,1,ROUTE,,,,,T2_REVERSE_TO_FORWARD
659.2039,-29.7731,-24.8206,0.000,NORMAL,1,ROUTE,,,,,T2_REVERSE_TO_FORWARD
659.3039,-29.8708,-24.7991,0.000,NORMAL,1,ROUTE,,,,,T2_REVERSE_TO_FORWARD
659.4039,-29.9686,-24.7783,0.000,NORMAL,1,ROUTE,,,,,T2_REVERSE_TO_FORWARD
659.5038,-30.0665,-24.7582,0.000,NORMAL,1,ROUTE,,,,,T2_REVERSE_TO_FORWARD
659.6038,-30.1645,-24.7383,0.000,NORMAL,1,ROUTE,,,,,T2_REVERSE_TO_FORWARD
659.7039,-30.2626,-24.7186,0.000,NORMAL,1,ROUTE,,,,,T2_REVERSE_TO_FORWARD
659.8039,-30.3606,-24.6988,0.000,NORMAL,1,ROUTE,,,,,T2_REVERSE_TO_FORWARD
659.9038,-30.4585,-24.6787,0.000,NORMAL,1,ROUTE,,,,,T2_REVERSE_TO_FORWARD
660.0039,-30.5564,-24.6580,0.000,NORMAL,1,ROUTE,,,,,T2_REVERSE_TO_FORWARD
660.1038,-30.6540,-24.6364,0.000,NORMAL,1,ROUTE,,,,,T2_REVERSE_TO_FORWARD
660.2038,-30.7514,-24.6138,0.000,NORMAL,1,ROUTE,,,,,T2_REVERSE_TO_FORWARD
660.3039,-30.8485,-24.5897,0.000,NORMAL,1,ROUTE,,,,,T2_REVERSE_TO_FORWARD
660.4039,-30.9451,-24.5639,0.000,NORMAL,1,ROUTE,,,,,T2_REVERSE_TO_FORWARD
660.5039,-31.0412,-24.5363,0.000,NORMAL,1,ROUTE,,,,,T2_REVERSE_TO_FORWARD
660.6038,-31.1366,-24.5064,0.000,NORMAL,1,ROUTE,,,,,T2_REVERSE_TO_FORWARD
660.7039,-31.2313,-24.4742,0.000,NORMAL,1,ROUTE,,,,,T2_REVERSE_TO_FORWARD
660.8038,-31.3250,-24.4394,0.000,NORMAL,1,ROUTE,,,,,T2_REVERSE_TO_FORWARD
660.9038,-31.4178,-24.4021,0.000,NORMAL,1,ROUTE,,,,,T2_REVERSE_TO_FORWARD
661.0038,-31.5095,-24.3623,0.000,NORMAL,1,ROUTE,,,,,T2_REVERSE_TO_FORWARD
661.1038,-31.6001,-24.3200,0.000,NORMAL,1,ROUTE,,,,,T2_REVERSE_TO_FORWARD
661.2038,-31.6896,-24.2753,0.000,NORMAL,1,ROUTE,,,,,T2_REVERSE_TO_FORWARD
661.3039,-31.7778,-24.2281,0.000,NORMAL,1,ROUTE,,,,,T2_REVERSE_TO_FORWARD
661.4038,-31.8646,-24.1785,0.000,NORMAL,1,ROUTE,,,,,T2_REVERSE_TO_FORWARD
661.5038,-31.9499,-24.1264,0.000,NORMAL,1,ROUTE,,,,,T2_REVERSE_TO_FORWARD
661.6038,-32.0336,-24.0716,0.000,NORMAL,1,ROUTE,,,,,T2_REVERSE_TO_FORWARD
661.7037,-32.1153,-24.0141,0.000,NORMAL,1,ROUTE,,,,,T2_REVERSE_TO_FORWARD
661.8037,-32.1950,-23.9537,0.000,NORMAL,1,ROUTE,,,,,T2_REVERSE_TO_FORWARD
661.9038,-32.2722,-23.8901,0.000,NORMAL,1,ROUTE,,,,,T2_REVERSE_TO_FORWARD
662.0038,-32.3468,-23.8235,0.000,NORMAL,1,ROUTE,,,,,T2_REVERSE_TO_FORWARD
662.1037,-32.4183,-23.7537,0.000,NORMAL,1,ROUTE,,,,,T2_REVERSE_TO_FORWARD
662.2037,-32.4867,-23.6807,0.000,NORMAL,1,ROUTE,,,,,T2_REVERSE_TO_FORWARD
662.3037,-32.5515,-23.6046,0.000,NORMAL,1,ROUTE,,,,,T2_REVERSE_TO_FORWARD
662.4037,-32.6124,-23.5253,0.000,NORMAL,1,ROUTE,,,,,T2_REVERSE_TO_FORWARD
662.5037,-32.6691,-23.4429,0.000,NORMAL,1,ROUTE,,,,,T2_REVERSE_TO_FORWARD
662.6037,-32.7211,-23.3575,0.000,NORMAL,1,ROUTE,,,,,T2_REVERSE_TO_FORWARD
662.7036,-32.7681,-23.2693,0.000,NORMAL,1,ROUTE,,,,,T2_REVERSE_TO_FORWARD
662.8036,-32.8098,-23.1784,0.000,NORMAL,1,ROUTE,,,,,T2_REVERSE_TO_FORWARD
662.9036,-32.8462,-23.0853,0.000,NORMAL,1,ROUTE,,,,,T2_REVERSE_TO_FORWARD
663.0036,-32.8773,-22.9902,0.000,NORMAL,1,ROUTE,,,,,T2_REVERSE_TO_FORWARD
663.1036,-32.9037,-22.8938,0.000,NORMAL,1,ROUTE,,,,,T2_REVERSE_TO_FORWARD
663.2036,-32.9258,-22.7963,0.000,NORMAL,1,ROUTE,,,,,T2_REVERSE_TO_FORWARD
663.3035,-32.9440,-22.6980,0.000,NORMAL,1,ROUTE,,,,,T2_REVERSE_TO_FORWARD
663.4035,-32.9588,-22.5991,0.000,NORMAL,1,ROUTE,,,,,T2_REVERSE_TO_FORWARD
663.5035,-32.9707,-22.4998,0.000,NORMAL,1,ROUTE,,,,,T2_REVERSE_TO_FORWARD
663.6036,-32.9800,-22.4002,0.000,NORMAL,1,ROUTE,,,,,T2_REVERSE_TO_FORWARD
663.7035,-32.9870,-22.3005,0.000,NORMAL,1,ROUTE,,,,,T2_REVERSE_TO_FORWARD
663.8035,-32.9920,-22.2006,0.000,NORMAL,1,ROUTE,,,,,T2_REVERSE_TO_FORWARD
663.9035,-32.9952,-22.1007,0.000,NORMAL,1,ROUTE,,,,,T2_REVERSE_TO_FORWARD
664.0035,-32.9969,-22.0007,0.000,NORMAL,1,ROUTE,,,,,T2_REVERSE_TO_FORWARD
664.1035,-32.9970,-21.9007,0.000,NORMAL,1,ROUTE,,,,,T2_REVERSE_TO_FORWARD
664.2035,-32.9957,-21.8007,0.000,NORMAL,1,ROUTE,,,,,T2_REVERSE_TO_FORWARD
664.3035,-32.9931,-21.7007,0.000,NORMAL,1,ROUTE,,,,,T2_REVERSE_TO_FORWARD
664.4035,-32.9891,-21.6008,0.000,NORMAL,1,ROUTE,,,,,T2_REVERSE_TO_FORWARD
664.5035,-32.9837,-21.5010,0.000,NORMAL,1,ROUTE,,,,,T2_REVERSE_TO_FORWARD
664.6035,-32.9769,-21.4012,0.000,NORMAL,1,ROUTE,,,,,T2_REVERSE_TO_FORWARD
664.7035,-32.9685,-21.3016,0.000,NORMAL,1,ROUTE,,,,,T2_REVERSE_TO_FORWARD
664.8035,-32.9585,-21.2021,0.000,NORMAL,1,ROUTE,,,,,T2_REVERSE_TO_FORWARD
664.9034,-32.9468,-21.1028,0.000,NORMAL,1,ROUTE,,,,,T2_REVERSE_TO_FORWARD
665.0035,-32.9335,-21.0036,0.000,NORMAL,1,ROUTE,,,,,T2_REVERSE_TO_FORWARD
665.1034,-32.9187,-20.9048,0.000,NORMAL,1,ROUTE,,,,,T2_REVERSE_TO_FORWARD
665.2035,-32.9022,-20.8061,0.000,NORMAL,1,ROUTE,,,,,T2_REVERSE_TO_FORWARD
665.3034,-32.8843,-20.7078,0.000,NORMAL,1,ROUTE,,,,,T2_REVERSE_TO_FORWARD
665.4034,-32.8648,-20.6097,0.000,NORMAL,1,ROUTE,,,,,T2_REVERSE_TO_FORWARD
665.5034,-32.8440,-20.5119,0.000,NORMAL,1,ROUTE,,,,,T2_REVERSE_TO_FORWARD
665.6034,-32.8217,-20.4144,0.000,NORMAL,1,ROUTE,,,,,T2_REVERSE_TO_FORWARD
665.7035,-32.7980,-20.3172,0.000,NORMAL,1,ROUTE,,,,,T2_REVERSE_TO_FORWARD
665.8035,-32.7730,-20.2204,0.000,NORMAL,1,ROUTE,,,,,T2_REVERSE_TO_FORWARD
665.9035,-32.7467,-20.1239,0.000,NORMAL,1,ROUTE,,,,,T2_REVERSE_TO_FORWARD
666.0034,-32.7192,-20.0278,0.000,NORMAL,1,ROUTE,,,,,T2_REVERSE_TO_FORWARD
666.1034,-32.6906,-19.9320,0.000,NORMAL,1,ROUTE,,,,,T2_REVERSE_TO_FORWARD
666.2034,-32.6610,-19.8365,0.000,NORMAL,1,ROUTE,,,,,T2_REVERSE_TO_FORWARD
666.3035,-32.6308,-19.7411,0.000,NORMAL,1,ROUTE,,,,,T2_REVERSE_TO_FORWARD
666.4034,-32.6000,-19.6460,0.000,NORMAL,1,ROUTE,,,,,T2_REVERSE_TO_FORWARD
666.5034,-32.5689,-19.5510,0.000,NORMAL,1,ROUTE,,,,,T2_REVERSE_TO_FORWARD
666.6034,-32.5376,-19.4560,0.000,NORMAL,1,ROUTE,,,,,T2_REVERSE_TO_FORWARD
666.7034,-32.5063,-19.3610,0.000,NORMAL,1,ROUTE,,,,,T2_REVERSE_TO_FORWARD
666.8034,-32.4752,-19.2660,0.000,NORMAL,1,ROUTE,,,,,T2_REVERSE_TO_FORWARD
666.9035,-32.4444,-19.1708,0.000,NORMAL,1,ROUTE,,,,,T2_REVERSE_TO_FORWARD
667.0034,-32.4140,-19.0756,0.000,NORMAL,1,ROUTE,,,,,T2_REVERSE_TO_FORWARD
667.1034,-32.3840,-18.9802,0.000,NORMAL,1,ROUTE,,,,,T2_REVERSE_TO_FORWARD
667.2034,-32.3545,-18.8847,0.000,NORMAL,1,ROUTE,,,,,T2_REVERSE_TO_FORWARD
667.3034,-32.3254,-18.7890,0.000,NORMAL,1,ROUTE,,,,,T2_REVERSE_TO_FORWARD
667.4034,-32.2967,-18.6932,0.000,NORMAL,1,ROUTE,,,,,T2_REVERSE_TO_FORWARD
667.5034,-32.2683,-18.5973,0.000,NORMAL,1,ROUTE,,,,,T2_REVERSE_TO_FORWARD
667.6034,-32.2401,-18.5014,0.000,NORMAL,1,ROUTE,,,,,T2_REVERSE_TO_FORWARD
667.7034,-32.2119,-18.4054,0.000,NORMAL,1,ROUTE,,,,,T2_REVERSE_TO_FORWARD
667.8034,-32.1837,-18.3095,0.000,NORMAL,1,ROUTE,,,,,T2_REVERSE_TO_FORWARD
667.9033,-32.1552,-18.2137,0.000,NORMAL,1,ROUTE,,,,,T2_REVERSE_TO_FORWARD
668.0034,-32.1261,-18.1180,0.000,NORMAL,1,ROUTE,,,,,T2_REVERSE_TO_FORWARD
668.1034,-32.0963,-18.0225,0.000,NORMAL,1,ROUTE,,,,,T2_REVERSE_TO_FORWARD
668.2034,-32.0655,-17.9274,0.000,NORMAL,1,ROUTE,,,,,T2_REVERSE_TO_FORWARD
668.3034,-32.0335,-17.8326,0.000,NORMAL,1,ROUTE,,,,,T2_REVERSE_TO_FORWARD
668.4034,-32.0001,-17.7384,0.000,NORMAL,1,ROUTE,,,,,T2_REVERSE_TO_FORWARD
668.5033,-31.9653,-17.6447,0.000,NORMAL,1,ROUTE,,,,,T2_REVERSE_TO_FORWARD
668.6034,-31.9289,-17.5515,0.000,NORMAL,1,ROUTE,,,,,T2_REVERSE_TO_FORWARD
668.7034,-31.8911,-17.4589,0.000,NORMAL,1,ROUTE,,,,,T2_REVERSE_TO_FORWARD
668.8033,-31.8521,-17.3669,0.000,NORMAL,1,ROUTE,,,,,T2_REVERSE_TO_FORWARD
668.9034,-31.8121,-17.2752,0.000,NORMAL,1,ROUTE,,,,,T2_REVERSE_TO_FORWARD
669.0034,-31.7713,-17.1839,0.000,NORMAL,1,ROUTE,,,,,T2_REVERSE_TO_FORWARD
669.1033,-31.7300,-17.0929,0.000,NORMAL,1,ROUTE,,,,,T2_REVERSE_TO_FORWARD
669.2033,-31.6882,-17.0020,0.000,NORMAL,1,ROUTE,,,,,T2_REVERSE_TO_FORWARD
669.3033,-31.6461,-16.9113,0.000,NORMAL,1,ROUTE,,,,,T2_REVERSE_TO_FORWARD
669.4033,-31.6039,-16.8207,0.000,NORMAL,1,ROUTE,,,,,T2_REVERSE_TO_FORWARD
669.5033,-31.5616,-16.7301,0.000,NORMAL,1,ROUTE,,,,,T2_REVERSE_TO_FORWARD
669.6034,-31.5191,-16.6395,0.000,NORMAL,1,ROUTE,,,,,T2_REVERSE_TO_FORWARD
669.7033,-31.4764,-16.5491,0.000,NORMAL,1,ROUTE,,,,,T2_REVERSE_TO_FORWARD
669.8033,-31.4333,-16.4589,0.000,NORMAL,1,ROUTE,,,,,T2_REVERSE_TO_FORWARD
669.9033,-31.3897,-16.3689,0.000,NORMAL,1,ROUTE,,,,,T2_REVERSE_TO_FORWARD
670.0033,-31.3454,-16.2792,0.000,NORMAL,1,ROUTE,,,,,T2_REVERSE_TO_FORWARD
670.1033,-31.3003,-16.1900,0.000,NORMAL,1,ROUTE,,,,,T2_REVERSE_TO_FORWARD
670.2034,-31.2542,-16.1012,0.000,NORMAL,1,ROUTE,,,,,T2_REVERSE_TO_FORWARD
670.3033,-31.2070,-16.0131,0.000,NORMAL,1,ROUTE,,,,,T2_REVERSE_TO_FORWARD
670.4033,-31.1586,-15.9256,0.000,NORMAL,1,ROUTE,,,,,T2_REVERSE_TO_FORWARD
670.5033,-31.1089,-15.8388,0.000,NORMAL,1,ROUTE,,,,,T2_REVERSE_TO_FORWARD
670.6032,-31.0580,-15.7528,0.000,NORMAL,1,ROUTE,,,,,T2_REVERSE_TO_FORWARD
670.7033,-31.0058,-15.6675,0.000,NORMAL,1,ROUTE,,,,,T2_REVERSE_TO_FORWARD
670.8033,-30.9523,-15.5830,0.000,NORMAL,1,ROUTE,,,,,T2_REVERSE_TO_FORWARD
670.9033,-30.8975,-15.4993,0.000,NORMAL,1,ROUTE,,,,,T2_REVERSE_TO_FORWARD
671.0032,-30.8414,-15.4166,0.000,NORMAL,1,ROUTE,,,,,T2_REVERSE_TO_FORWARD
671.1033,-30.7838,-15.3348,0.000,NORMAL,1,ROUTE,,,,,T2_REVERSE_TO_FORWARD
671.2033,-30.7248,-15.2541,0.000,NORMAL,1,ROUTE,,,,,T2_REVERSE_TO_FORWARD
671.3033,-30.6644,-15.1744,0.000,NORMAL,1,ROUTE,,,,,T2_REVERSE_TO_FORWARD
671.4032,-30.6026,-15.0958,0.000,NORMAL,1,ROUTE,,,,,T2_REVERSE_TO_FORWARD
671.5032,-30.5394,-15.0183,0.000,NORMAL,1,ROUTE,,,,,T2_REVERSE_TO_FORWARD
671.6032,-30.4750,-14.9418,0.000,NORMAL,1,ROUTE,,,,,T2_REVERSE_TO_FORWARD
671.7032,-30.4092,-14.8665,0.000,NORMAL,1,ROUTE,,,,,T2_REVERSE_TO_FORWARD
671.8033,-30.3422,-14.7922,0.000,NORMAL,1,ROUTE,,,,,T2_REVERSE_TO_FORWARD
671.9032,-30.2741,-14.7191,0.000,NORMAL,1,ROUTE,,,,,T2_REVERSE_TO_FORWARD
672.0032,-30.2048,-14.6470,0.000,NORMAL,1,ROUTE,,,,,T2_REVERSE_TO_FORWARD
672.1033,-30.1343,-14.5760,0.000,NORMAL,1,ROUTE,,,,,T2_REVERSE_TO_FORWARD
672.2032,-30.0628,-14.5061,0.000,NORMAL,1,ROUTE,,,,,T2_REVERSE_TO_FORWARD
672.3032,-29.9903,-14.4373,0.000,NORMAL,1,ROUTE,,,,,T2_REVERSE_TO_FORWARD
672.4033,-29.9169,-14.3693,0.000,NORMAL,1,ROUTE,,,,,T2_REVERSE_TO_FORWARD
672.5032,-29.8428,-14.3022,0.000,NORMAL,1,ROUTE,,,,,T2_REVERSE_TO_FORWARD
672.6032,-29.7681,-14.2358,0.000,NORMAL,1,ROUTE,,,,,T2_REVERSE_TO_FORWARD
672.7031,-29.6930,-14.1698,0.000,NORMAL,1,ROUTE,,,,,T2_REVERSE_TO_FORWARD
672.8032,-29.6176,-14.1041,0.000,NORMAL,1,ROUTE,,,,,T2_REVERSE_TO_FORWARD
672.9032,-29.5421,-14.0385,0.000,NORMAL,1,ROUTE,,,,,T2_REVERSE_TO_FORWARD
673.0032,-29.4666,-13.9729,0.000,NORMAL,1,ROUTE,,,,,T2_REVERSE_TO_FORWARD
673.1032,-29.3911,-13.9073,0.000,NORMAL,1,ROUTE,,,,,T2_REVERSE_TO_FORWARD
673.2032,-29.3157,-13.8416,0.000,NORMAL,1,ROUTE,,,,,T2_REVERSE_TO_FORWARD
673.3032,-29.2403,-13.7759,0.000,NORMAL,1,ROUTE,,,,,T2_REVERSE_TO_FORWARD
673.4032,-29.1648,-13.7104,0.000,NORMAL,1,ROUTE,,,,,T2_REVERSE_TO_FORWARD
673.5032,-29.0890,-13.6452,0.000,NORMAL,1,ROUTE,,,,,T2_REVERSE_TO_FORWARD
673.6032,-29.0125,-13.5808,0.000,NORMAL,1,ROUTE,,,,,T2_REVERSE_TO_FORWARD
673.7032,-28.9349,-13.5177,0.000,NORMAL,1,ROUTE,,,,,T2_REVERSE_TO_FORWARD
673.8032,-28.8559,-13.4564,0.000,NORMAL,1,ROUTE,,,,,T2_REVERSE_TO_FORWARD
673.9031,-28.7752,-13.3974,0.000,NORMAL,1,ROUTE,,,,,T2_REVERSE_TO_FORWARD
674.0031,-28.6923,-13.3415,0.000,NORMAL,1,ROUTE,,,,,T2_REVERSE_TO_FORWARD
674.1032,-28.6070,-13.2892,0.000,NORMAL,1,ROUTE,,,,,T2_REVERSE_TO_FORWARD
674.2031,-28.5192,-13.2415,0.000,NORMAL,1,ROUTE,,,,,T2_REVERSE_TO_FORWARD
674.2515,-28.4756,-13.2204,0.000,END_LANE,1,END_LANE,END_LANE_DECISION_START,SELECT_ALLOWED_LANE,GREEN_ARROW_AND_RED_X,,T2_REVERSE_TO_FORWARD
674.3031,-28.4285,-13.1994,0.000,END_LANE,1,END_LANE,,,GREEN_ARROW_AND_RED_X,,T2_REVERSE_TO_FORWARD
674.4031,-28.3354,-13.1629,0.000,END_LANE,1,END_LANE,,,,,T2_REVERSE_TO_FORWARD
674.5031,-28.2405,-13.1315,0.000,END_LANE,1,END_LANE,,,,,T2_REVERSE_TO_FORWARD
674.6031,-28.1441,-13.1049,0.000,END_LANE,1,END_LANE,,,,,T2_REVERSE_TO_FORWARD
674.7030,-28.0466,-13.0828,0.000,END_LANE,1,END_LANE,,,,,T2_REVERSE_TO_FORWARD
674.8030,-27.9483,-13.0646,0.000,END_LANE,1,END_LANE,,,,,T2_REVERSE_TO_FORWARD
674.9031,-27.8493,-13.0502,0.000,END_LANE,1,END_LANE,,,,,T2_REVERSE_TO_FORWARD
675.0031,-27.7499,-13.0391,0.000,END_LANE,1,END_LANE,,,,,T2_REVERSE_TO_FORWARD
675.1030,-27.6503,-13.0311,0.000,END_LANE,1,END_LANE,,,,,T2_REVERSE_TO_FORWARD
675.2030,-27.5504,-13.0259,0.000,END_LANE,1,END_LANE,,,,,T2_REVERSE_TO_FORWARD
675.3030,-27.4505,-13.0232,0.000,END_LANE,1,END_LANE,,,,,T2_REVERSE_TO_FORWARD
675.4030,-27.3505,-13.0228,0.000,END_LANE,1,END_LANE,,,,,T2_REVERSE_TO_FORWARD
675.5030,-27.2505,-13.0246,0.000,END_LANE,1,END_LANE,,,,,T2_REVERSE_TO_FORWARD
675.6029,-27.1506,-13.0282,0.000,END_LANE,1,END_LANE,,,,,T2_REVERSE_TO_FORWARD
675.7030,-27.0507,-13.0335,0.000,END_LANE,1,END_LANE,,,,,T2_REVERSE_TO_FORWARD
675.8030,-26.9509,-13.0404,0.000,END_LANE,1,END_LANE,,,,,T2_REVERSE_TO_FORWARD
675.9030,-26.8513,-13.0487,0.000,END_LANE,1,END_LANE,,,,,T2_REVERSE_TO_FORWARD
676.0029,-26.7518,-13.0583,0.000,END_LANE,1,END_LANE,,,,,T2_REVERSE_TO_FORWARD
676.1030,-26.6523,-13.0691,0.000,END_LANE,1,END_LANE,,,,,T2_REVERSE_TO_FORWARD
676.2029,-26.5531,-13.0810,0.000,END_LANE,1,END_LANE,,,,,T2_REVERSE_TO_FORWARD
676.3030,-26.4539,-13.0939,0.000,END_LANE,1,END_LANE,,,,,T2_REVERSE_TO_FORWARD
676.4029,-26.3549,-13.1077,0.000,END_LANE,1,END_LANE,,,,,T2_REVERSE_TO_FORWARD
676.5030,-26.2559,-13.1223,0.000,END_LANE,1,END_LANE,,,,,T2_REVERSE_TO_FORWARD
676.6030,-26.1571,-13.1378,0.000,END_LANE,1,END_LANE,,,,,T2_REVERSE_TO_FORWARD
676.7029,-26.0585,-13.1539,0.000,END_LANE,1,END_LANE,,,,,T2_REVERSE_TO_FORWARD
676.8029,-25.9599,-13.1707,0.000,END_LANE,1,END_LANE,,,,,T2_REVERSE_TO_FORWARD
676.9029,-25.8614,-13.1881,0.000,END_LANE,1,END_LANE,,,,,T2_REVERSE_TO_FORWARD
677.0029,-25.7631,-13.2062,0.000,END_LANE,1,END_LANE,,,,,T2_REVERSE_TO_FORWARD
677.1029,-25.6648,-13.2247,0.000,END_LANE,1,END_LANE,,,,,T2_REVERSE_TO_FORWARD
677.2030,-25.5666,-13.2438,0.000,END_LANE,1,END_LANE,,,,,T2_REVERSE_TO_FORWARD
677.3029,-25.4686,-13.2633,0.000,END_LANE,1,END_LANE,,,,,T2_REVERSE_TO_FORWARD
677.4029,-25.3706,-13.2832,0.000,END_LANE,1,END_LANE,,,,,T2_REVERSE_TO_FORWARD
677.5029,-25.2727,-13.3036,0.000,END_LANE,1,END_LANE,,,,,T2_REVERSE_TO_FORWARD
677.6030,-25.1748,-13.3243,0.000,END_LANE,1,END_LANE,,,,,T2_REVERSE_TO_FORWARD
677.7029,-25.0771,-13.3454,0.000,END_LANE,1,END_LANE,,,,,T2_REVERSE_TO_FORWARD
677.8029,-24.9794,-13.3668,0.000,END_LANE,1,END_LANE,,,,,T2_REVERSE_TO_FORWARD
677.9029,-24.8818,-13.3884,0.000,END_LANE,1,END_LANE,,,,,T2_REVERSE_TO_FORWARD
678.0029,-24.7842,-13.4103,0.000,END_LANE,1,END_LANE,,,,,T2_REVERSE_TO_FORWARD
678.1029,-24.6867,-13.4324,0.000,END_LANE,1,END_LANE,,,,,T2_REVERSE_TO_FORWARD
678.2029,-24.5892,-13.4547,0.000,END_LANE,1,END_LANE,,,,,T2_REVERSE_TO_FORWARD
678.3029,-24.4918,-13.4772,0.000,END_LANE,1,END_LANE,,,,,T2_REVERSE_TO_FORWARD
678.4029,-24.3944,-13.4998,0.000,END_LANE,1,END_LANE,,,,,T2_REVERSE_TO_FORWARD
678.5029,-24.2970,-13.5226,0.000,END_LANE,1,END_LANE,,,,,T2_REVERSE_TO_FORWARD
678.6029,-24.1996,-13.5454,0.000,END_LANE,1,END_LANE,,,,,T2_REVERSE_TO_FORWARD
678.7029,-24.1023,-13.5682,0.000,END_LANE,1,END_LANE,,,,,T2_REVERSE_TO_FORWARD
678.8029,-24.0049,-13.5911,0.000,END_LANE,1,END_LANE,,,,,T2_REVERSE_TO_FORWARD
678.9029,-23.9076,-13.6141,0.000,END_LANE,1,END_LANE,,,,,T2_REVERSE_TO_FORWARD
679.0029,-23.8103,-13.6370,0.000,END_LANE,1,END_LANE,,,,,T2_REVERSE_TO_FORWARD
679.1029,-23.7129,-13.6598,0.000,END_LANE,1,END_LANE,,,,,T2_REVERSE_TO_FORWARD
679.2028,-23.6156,-13.6827,0.000,END_LANE,1,END_LANE,,,,,T2_REVERSE_TO_FORWARD
679.3029,-23.5182,-13.7054,0.000,END_LANE,1,END_LANE,,,,,T2_REVERSE_TO_FORWARD
679.4029,-23.4208,-13.7281,0.000,END_LANE,1,END_LANE,,,,,T2_REVERSE_TO_FORWARD
679.5029,-23.3234,-13.7507,0.000,END_LANE,1,END_LANE,,,,,T2_REVERSE_TO_FORWARD
679.6028,-23.2260,-13.7732,0.000,END_LANE,1,END_LANE,,,,,T2_REVERSE_TO_FORWARD
679.7029,-23.1285,-13.7956,0.000,END_LANE,1,END_LANE,,,,,T2_REVERSE_TO_FORWARD
679.8029,-23.0310,-13.8178,0.000,END_LANE,1,END_LANE,,,,,T2_REVERSE_TO_FORWARD
679.9028,-22.9335,-13.8399,0.000,END_LANE,1,END_LANE,,,,,T2_REVERSE_TO_FORWARD
680.0029,-22.8359,-13.8619,0.000,END_LANE,1,END_LANE,,,,,T2_REVERSE_TO_FORWARD
680.1028,-22.7384,-13.8838,0.000,END_LANE,1,END_LANE,,,,,T2_REVERSE_TO_FORWARD
680.2028,-22.6408,-13.9055,0.000,END_LANE,1,END_LANE,,,,,T2_REVERSE_TO_FORWARD
680.3028,-22.5431,-13.9271,0.000,END_LANE,1,END_LANE,,,,,T2_REVERSE_TO_FORWARD
680.4028,-22.4455,-13.9486,0.000,END_LANE,1,END_LANE,,,,,T2_REVERSE_TO_FORWARD
680.5028,-22.3478,-13.9699,0.000,END_LANE,1,END_LANE,,,,,T2_REVERSE_TO_FORWARD
680.6029,-22.2500,-13.9911,0.000,END_LANE,1,END_LANE,,,,,T2_REVERSE_TO_FORWARD
680.7028,-22.1523,-14.0122,0.000,END_LANE,1,END_LANE,,,,,T2_REVERSE_TO_FORWARD
680.8028,-22.0545,-14.0331,0.000,END_LANE,1,END_LANE,,,,,T2_REVERSE_TO_FORWARD
680.9028,-21.9567,-14.0539,0.000,END_LANE,1,END_LANE,,,,,T2_REVERSE_TO_FORWARD
681.0028,-21.8589,-14.0746,0.000,END_LANE,1,END_LANE,,,,,T2_REVERSE_TO_FORWARD
681.1028,-21.7610,-14.0952,0.000,END_LANE,1,END_LANE,,,,,T2_REVERSE_TO_FORWARD
681.2028,-21.6631,-14.1156,0.000,END_LANE,1,END_LANE,,,,,T2_REVERSE_TO_FORWARD
681.3028,-21.5652,-14.1359,0.000,END_LANE,1,END_LANE,,,,,T2_REVERSE_TO_FORWARD
681.4028,-21.4673,-14.1561,0.000,END_LANE,1,END_LANE,,,,,T2_REVERSE_TO_FORWARD
681.5028,-21.3693,-14.1761,0.000,END_LANE,1,END_LANE,,,,,T2_REVERSE_TO_FORWARD
681.6028,-21.2713,-14.1961,0.000,END_LANE,1,END_LANE,,,,,T2_REVERSE_TO_FORWARD
681.7028,-21.1733,-14.2159,0.000,END_LANE,1,END_LANE,,,,,T2_REVERSE_TO_FORWARD
681.8027,-21.0753,-14.2356,0.000,END_LANE,1,END_LANE,,,,,T2_REVERSE_TO_FORWARD
681.9028,-20.9772,-14.2552,0.000,END_LANE,1,END_LANE,,,,,T2_REVERSE_TO_FORWARD
682.0028,-20.8791,-14.2747,0.000,END_LANE,1,END_LANE,,,,,T2_REVERSE_TO_FORWARD
682.1028,-20.7810,-14.2940,0.000,END_LANE,1,END_LANE,,,,,T2_REVERSE_TO_FORWARD
682.2028,-20.6829,-14.3133,0.000,END_LANE,1,END_LANE,,,,,T2_REVERSE_TO_FORWARD
682.3028,-20.5847,-14.3324,0.000,END_LANE,1,END_LANE,,,,,T2_REVERSE_TO_FORWARD
682.4027,-20.4866,-14.3515,0.000,END_LANE,1,END_LANE,,,,,T2_REVERSE_TO_FORWARD
682.5027,-20.3884,-14.3704,0.000,END_LANE,1,END_LANE,,,,,T2_REVERSE_TO_FORWARD
682.6027,-20.2902,-14.3892,0.000,END_LANE,1,END_LANE,,,,,T2_REVERSE_TO_FORWARD
682.7028,-20.1919,-14.4079,0.000,END_LANE,1,END_LANE,,,,,T2_REVERSE_TO_FORWARD
682.8027,-20.0937,-14.4265,0.000,END_LANE,1,END_LANE,,,,,T2_REVERSE_TO_FORWARD
682.9028,-19.9954,-14.4450,0.000,END_LANE,1,END_LANE,,,,,T2_REVERSE_TO_FORWARD
683.0028,-19.8971,-14.4633,0.000,END_LANE,1,END_LANE,,,,,T2_REVERSE_TO_FORWARD
683.1027,-19.7988,-14.4816,0.000,END_LANE,1,END_LANE,,,,,T2_REVERSE_TO_FORWARD
683.2027,-19.7005,-14.4998,0.000,END_LANE,1,END_LANE,,,,,T2_REVERSE_TO_FORWARD
683.3028,-19.6021,-14.5179,0.000,END_LANE,1,END_LANE,,,,,T2_REVERSE_TO_FORWARD
683.4028,-19.5037,-14.5358,0.000,END_LANE,1,END_LANE,,,,,T2_REVERSE_TO_FORWARD
683.5027,-19.4054,-14.5537,0.000,END_LANE,1,END_LANE,,,,,T2_REVERSE_TO_FORWARD
683.6027,-19.3070,-14.5715,0.000,END_LANE,1,END_LANE,,,,,T2_REVERSE_TO_FORWARD
683.7028,-19.2085,-14.5891,0.000,END_LANE,1,END_LANE,,,,,T2_REVERSE_TO_FORWARD
683.8027,-19.1101,-14.6067,0.000,END_LANE,1,END_LANE,,,,,T2_REVERSE_TO_FORWARD
683.9028,-19.0116,-14.6242,0.000,END_LANE,1,END_LANE,,,,,T2_REVERSE_TO_FORWARD
684.0027,-18.9132,-14.6416,0.000,END_LANE,1,END_LANE,,,,,T2_REVERSE_TO_FORWARD
684.1027,-18.8147,-14.6589,0.000,END_LANE,1,END_LANE,,,,,T2_REVERSE_TO_FORWARD
684.2027,-18.7162,-14.6761,0.000,END_LANE,1,END_LANE,,,,,T2_REVERSE_TO_FORWARD
684.3027,-18.6177,-14.6933,0.000,END_LANE,1,END_LANE,,,,,T2_REVERSE_TO_FORWARD
684.4027,-18.5191,-14.7103,0.000,END_LANE,1,END_LANE,,,,,T2_REVERSE_TO_FORWARD
684.5027,-18.4206,-14.7273,0.000,END_LANE,1,END_LANE,,,,,T2_REVERSE_TO_FORWARD
684.6027,-18.3220,-14.7441,0.000,END_LANE,1,END_LANE,,,,,T2_REVERSE_TO_FORWARD
684.7027,-18.2234,-14.7609,0.000,END_LANE,1,END_LANE,,,,,T2_REVERSE_TO_FORWARD
684.8027,-18.1248,-14.7776,0.000,END_LANE,1,END_LANE,,,,,T2_REVERSE_TO_FORWARD
684.9027,-18.0262,-14.7943,0.000,END_LANE,1,END_LANE,,,,,T2_REVERSE_TO_FORWARD
685.0027,-17.9276,-14.8108,0.000,END_LANE,1,END_LANE,,,,,T2_REVERSE_TO_FORWARD
685.1027,-17.8290,-14.8273,0.000,END_LANE,1,END_LANE,,,,,T2_REVERSE_TO_FORWARD
685.2027,-17.7303,-14.8437,0.000,END_LANE,1,END_LANE,,,,,T2_REVERSE_TO_FORWARD
685.3027,-17.6317,-14.8600,0.000,END_LANE,1,END_LANE,,,,,T2_REVERSE_TO_FORWARD
685.4027,-17.5330,-14.8762,0.000,END_LANE,1,END_LANE,,,,,T2_REVERSE_TO_FORWARD
685.5027,-17.4343,-14.8924,0.000,END_LANE,1,END_LANE,,,,,T2_REVERSE_TO_FORWARD
685.6026,-17.3357,-14.9085,0.000,END_LANE,1,END_LANE,,,,,T2_REVERSE_TO_FORWARD
685.7027,-17.2369,-14.9246,0.000,END_LANE,1,END_LANE,,,,,T2_REVERSE_TO_FORWARD
685.8027,-17.1382,-14.9405,0.000,END_LANE,1,END_LANE,,,,,T2_REVERSE_TO_FORWARD
685.9027,-17.0395,-14.9564,0.000,END_LANE,1,END_LANE,,,,,T2_REVERSE_TO_FORWARD
686.0026,-16.9408,-14.9722,0.000,END_LANE,1,END_LANE,,,,,T2_REVERSE_TO_FORWARD
686.1027,-16.8420,-14.9880,0.000,END_LANE,1,END_LANE,,,,,T2_REVERSE_TO_FORWARD
686.2026,-16.7433,-15.0037,0.000,END_LANE,1,END_LANE,,,,,T2_REVERSE_TO_FORWARD
686.3026,-16.6445,-15.0193,0.000,END_LANE,1,END_LANE,,,,,T2_REVERSE_TO_FORWARD
686.4027,-16.5457,-15.0349,0.000,END_LANE,1,END_LANE,,,,,T2_REVERSE_TO_FORWARD
686.5027,-16.4469,-15.0504,0.000,END_LANE,1,END_LANE,,,,,T2_REVERSE_TO_FORWARD
686.6027,-16.3481,-15.0658,0.000,END_LANE,1,END_LANE,,,,,T2_REVERSE_TO_FORWARD
686.7026,-16.2493,-15.0811,0.000,END_LANE,1,END_LANE,,,,,T2_REVERSE_TO_FORWARD
686.8026,-16.1505,-15.0964,0.000,END_LANE,1,END_LANE,,,,,T2_REVERSE_TO_FORWARD
686.9026,-16.0517,-15.1117,0.000,END_LANE,1,END_LANE,,,,,T2_REVERSE_TO_FORWARD
687.0026,-15.9528,-15.1268,0.000,END_LANE,1,END_LANE,,,,,T2_REVERSE_TO_FORWARD
687.1026,-15.8540,-15.1419,0.000,END_LANE,1,END_LANE,,,,,T2_REVERSE_TO_FORWARD
687.2026,-15.7551,-15.1569,0.000,END_LANE,1,END_LANE,,,,,T2_REVERSE_TO_FORWARD
687.3027,-15.6562,-15.1719,0.000,END_LANE,1,END_LANE,,,,,T2_REVERSE_TO_FORWARD
687.4026,-15.5574,-15.1868,0.000,END_LANE,1,END_LANE,,,,,T2_REVERSE_TO_FORWARD
687.5026,-15.4585,-15.2016,0.000,END_LANE,1,END_LANE,,,,,T2_REVERSE_TO_FORWARD
687.6026,-15.3596,-15.2163,0.000,END_LANE,1,END_LANE,,,,,T2_REVERSE_TO_FORWARD
687.7025,-15.2607,-15.2310,0.000,END_LANE,1,END_LANE,,,,,T2_REVERSE_TO_FORWARD
687.8026,-15.1617,-15.2457,0.000,END_LANE,1,END_LANE,,,,,T2_REVERSE_TO_FORWARD
687.9026,-15.0628,-15.2602,0.000,END_LANE,1,END_LANE,,,,,T2_REVERSE_TO_FORWARD
688.0025,-14.9639,-15.2747,0.000,END_LANE,1,END_LANE,,,,,T2_REVERSE_TO_FORWARD
688.1026,-14.8649,-15.2891,0.000,END_LANE,1,END_LANE,,,,,T2_REVERSE_TO_FORWARD
688.2026,-14.7659,-15.3035,0.000,END_LANE,1,END_LANE,,,,,T2_REVERSE_TO_FORWARD
688.3026,-14.6670,-15.3178,0.000,END_LANE,1,END_LANE,,,,,T2_REVERSE_TO_FORWARD
688.4026,-14.5680,-15.3320,0.000,END_LANE,1,END_LANE,,,,,T2_REVERSE_TO_FORWARD
688.5026,-14.4690,-15.3462,0.000,END_LANE,1,END_LANE,,,,,T2_REVERSE_TO_FORWARD
688.6026,-14.3700,-15.3602,0.000,END_LANE,1,END_LANE,,,,,T2_REVERSE_TO_FORWARD
688.7026,-14.2710,-15.3743,0.000,END_LANE,1,END_LANE,,,,,T2_REVERSE_TO_FORWARD
688.8025,-14.1720,-15.3882,0.000,END_LANE,1,END_LANE,,,,,T2_REVERSE_TO_FORWARD
688.9025,-14.0730,-15.4021,0.000,END_LANE,1,END_LANE,,,,,T2_REVERSE_TO_FORWARD
689.0026,-13.9739,-15.4159,0.000,END_LANE,1,END_LANE,,,,,T2_REVERSE_TO_FORWARD
689.1025,-13.8749,-15.4297,0.000,END_LANE,1,END_LANE,,,,,T2_REVERSE_TO_FORWARD
689.2026,-13.7758,-15.4434,0.000,END_LANE,1,END_LANE,,,,,T2_REVERSE_TO_FORWARD
689.3025,-13.6768,-15.4570,0.000,END_LANE,1,END_LANE,,,,,T2_REVERSE_TO_FORWARD
689.4025,-13.5777,-15.4706,0.000,END_LANE,1,END_LANE,,,,,T2_REVERSE_TO_FORWARD
689.5025,-13.4786,-15.4841,0.000,END_LANE,1,END_LANE,,,,,T2_REVERSE_TO_FORWARD
689.6025,-13.3795,-15.4975,0.000,END_LANE,1,END_LANE,,,,,T2_REVERSE_TO_FORWARD
689.7025,-13.2804,-15.5109,0.000,END_LANE,1,END_LANE,,,,,T2_REVERSE_TO_FORWARD
689.8025,-13.1813,-15.5242,0.000,END_LANE,1,END_LANE,,,,,T2_REVERSE_TO_FORWARD
689.9025,-13.0822,-15.5374,0.000,END_LANE,1,END_LANE,,,,,T2_REVERSE_TO_FORWARD
689.9709,-13.0144,-15.5464,0.000,END_LANE,1,END_LANE,END_LANE_CHANGE_DEADLINE,COMPLETE_LANE_CHANGE,ALLOWED_LANE_LATCHED,,T2_REVERSE_TO_FORWARD
690.0025,-12.9831,-15.5506,0.000,END_LANE,1,END_LANE,,,ALLOWED_LANE_LATCHED,,T2_REVERSE_TO_FORWARD
690.1025,-12.8839,-15.5636,0.000,END_LANE,1,END_LANE,,,ALLOWED_LANE_LATCHED,,T2_REVERSE_TO_FORWARD
690.2025,-12.7848,-15.5767,0.000,END_LANE,1,END_LANE,,,,,T2_REVERSE_TO_FORWARD
690.3025,-12.6856,-15.5896,0.000,END_LANE,1,END_LANE,,,,,T2_REVERSE_TO_FORWARD
690.4025,-12.5865,-15.6025,0.000,END_LANE,1,END_LANE,,,,,T2_REVERSE_TO_FORWARD
690.5025,-12.4873,-15.6154,0.000,END_LANE,1,END_LANE,,,,,T2_REVERSE_TO_FORWARD
690.6025,-12.3881,-15.6281,0.000,END_LANE,1,END_LANE,,,,,T2_REVERSE_TO_FORWARD
690.7025,-12.2889,-15.6408,0.000,END_LANE,1,END_LANE,,,,,T2_REVERSE_TO_FORWARD
690.8025,-12.1897,-15.6534,0.000,END_LANE,1,END_LANE,,,,,T2_REVERSE_TO_FORWARD
690.9025,-12.0905,-15.6660,0.000,END_LANE,1,END_LANE,,,,,T2_REVERSE_TO_FORWARD
691.0025,-11.9913,-15.6785,0.000,END_LANE,1,END_LANE,,,,,T2_REVERSE_TO_FORWARD
691.1025,-11.8921,-15.6909,0.000,END_LANE,1,END_LANE,,,,,T2_REVERSE_TO_FORWARD
691.2024,-11.7929,-15.7033,0.000,END_LANE,1,END_LANE,,,,,T2_REVERSE_TO_FORWARD
691.3025,-11.6936,-15.7156,0.000,END_LANE,1,END_LANE,,,,,T2_REVERSE_TO_FORWARD
691.4024,-11.5944,-15.7278,0.000,END_LANE,1,END_LANE,,,,,T2_REVERSE_TO_FORWARD
691.5025,-11.4951,-15.7400,0.000,END_LANE,1,END_LANE,,,,,T2_REVERSE_TO_FORWARD
691.6025,-11.3958,-15.7521,0.000,END_LANE,1,END_LANE,,,,,T2_REVERSE_TO_FORWARD
691.7024,-11.2966,-15.7641,0.000,END_LANE,1,END_LANE,,,,,T2_REVERSE_TO_FORWARD
691.8025,-11.1973,-15.7760,0.000,END_LANE,1,END_LANE,,,,,T2_REVERSE_TO_FORWARD
691.9025,-11.0980,-15.7879,0.000,END_LANE,1,END_LANE,,,,,T2_REVERSE_TO_FORWARD
692.0025,-10.9987,-15.7998,0.000,END_LANE,1,END_LANE,,,,,T2_REVERSE_TO_FORWARD
692.1025,-10.8994,-15.8115,0.000,END_LANE,1,END_LANE,,,,,T2_REVERSE_TO_FORWARD
692.2025,-10.8001,-15.8232,0.000,END_LANE,1,END_LANE,,,,,T2_REVERSE_TO_FORWARD
692.3024,-10.7008,-15.8348,0.000,END_LANE,1,END_LANE,,,,,T2_REVERSE_TO_FORWARD
692.4024,-10.6015,-15.8464,0.000,END_LANE,1,END_LANE,,,,,T2_REVERSE_TO_FORWARD
692.5025,-10.5021,-15.8579,0.000,END_LANE,1,END_LANE,,,,,T2_REVERSE_TO_FORWARD
692.6024,-10.4028,-15.8693,0.000,END_LANE,1,END_LANE,,,,,T2_REVERSE_TO_FORWARD
692.7025,-10.3034,-15.8806,0.000,END_LANE,1,END_LANE,,,,,T2_REVERSE_TO_FORWARD
692.8024,-10.2041,-15.8919,0.000,END_LANE,1,END_LANE,,,,,T2_REVERSE_TO_FORWARD
692.9024,-10.1047,-15.9031,0.000,END_LANE,1,END_LANE,,,,,T2_REVERSE_TO_FORWARD
693.0025,-10.0053,-15.9143,0.000,END_LANE,1,END_LANE,,,,,T2_REVERSE_TO_FORWARD
693.1024,-9.9060,-15.9254,0.000,END_LANE,1,END_LANE,,,,,T2_REVERSE_TO_FORWARD
693.2024,-9.8066,-15.9364,0.000,END_LANE,1,END_LANE,,,,,T2_REVERSE_TO_FORWARD
693.3024,-9.7072,-15.9473,0.000,END_LANE,1,END_LANE,,,,,T2_REVERSE_TO_FORWARD
693.4024,-9.6078,-15.9582,0.000,END_LANE,1,END_LANE,,,,,T2_REVERSE_TO_FORWARD
693.5024,-9.5084,-15.9690,0.000,END_LANE,1,END_LANE,,,,,T2_REVERSE_TO_FORWARD
693.6024,-9.4089,-15.9798,0.000,END_LANE,1,END_LANE,,,,,T2_REVERSE_TO_FORWARD
693.7024,-9.3095,-15.9904,0.000,END_LANE,1,END_LANE,,,,,T2_REVERSE_TO_FORWARD
693.8024,-9.2101,-16.0011,0.000,END_LANE,1,END_LANE,,,,,T2_REVERSE_TO_FORWARD
693.9024,-9.1106,-16.0116,0.000,END_LANE,1,END_LANE,,,,,T2_REVERSE_TO_FORWARD
694.0024,-9.0112,-16.0221,0.000,END_LANE,1,END_LANE,,,,,T2_REVERSE_TO_FORWARD
694.1024,-8.9117,-16.0325,0.000,END_LANE,1,END_LANE,,,,,T2_REVERSE_TO_FORWARD
694.2024,-8.8123,-16.0428,0.000,END_LANE,1,END_LANE,,,,,T2_REVERSE_TO_FORWARD
694.3024,-8.7128,-16.0531,0.000,END_LANE,1,END_LANE,,,,,T2_REVERSE_TO_FORWARD
694.4024,-8.6133,-16.0633,0.000,END_LANE,1,END_LANE,,,,,T2_REVERSE_TO_FORWARD
694.5024,-8.5138,-16.0734,0.000,END_LANE,1,END_LANE,,,,,T2_REVERSE_TO_FORWARD
694.6023,-8.4144,-16.0835,0.000,END_LANE,1,END_LANE,,,,,T2_REVERSE_TO_FORWARD
694.7023,-8.3149,-16.0934,0.000,END_LANE,1,END_LANE,,,,,T2_REVERSE_TO_FORWARD
694.8023,-8.2154,-16.1034,0.000,END_LANE,1,END_LANE,,,,,T2_REVERSE_TO_FORWARD
694.9024,-8.1158,-16.1132,0.000,END_LANE,1,END_LANE,,,,,T2_REVERSE_TO_FORWARD
695.0024,-8.0163,-16.1230,0.000,END_LANE,1,END_LANE,,,,,T2_REVERSE_TO_FORWARD
695.1024,-7.9168,-16.1327,0.000,END_LANE,1,END_LANE,,,,,T2_REVERSE_TO_FORWARD
695.2023,-7.8173,-16.1424,0.000,END_LANE,1,END_LANE,,,,,T2_REVERSE_TO_FORWARD
695.3024,-7.7177,-16.1519,0.000,END_LANE,1,END_LANE,,,,,T2_REVERSE_TO_FORWARD
695.4023,-7.6182,-16.1614,0.000,END_LANE,1,END_LANE,,,,,T2_REVERSE_TO_FORWARD
695.5024,-7.5186,-16.1709,0.000,END_LANE,1,END_LANE,,,,,T2_REVERSE_TO_FORWARD
695.6023,-7.4191,-16.1802,0.000,END_LANE,1,END_LANE,,,,,T2_REVERSE_TO_FORWARD
695.7024,-7.3195,-16.1895,0.000,END_LANE,1,END_LANE,,,,,T2_REVERSE_TO_FORWARD
695.8023,-7.2200,-16.1987,0.000,END_LANE,1,END_LANE,,,,,T2_REVERSE_TO_FORWARD
695.9023,-7.1204,-16.2079,0.000,END_LANE,1,END_LANE,,,,,T2_REVERSE_TO_FORWARD
696.0023,-7.0208,-16.2170,0.000,END_LANE,1,END_LANE,,,,,T2_REVERSE_TO_FORWARD
696.1023,-6.9212,-16.2260,0.000,END_LANE,1,END_LANE,,,,,T2_REVERSE_TO_FORWARD
696.2023,-6.8216,-16.2349,0.000,END_LANE,1,END_LANE,,,,,T2_REVERSE_TO_FORWARD
696.3023,-6.7220,-16.2438,0.000,END_LANE,1,END_LANE,,,,,T2_REVERSE_TO_FORWARD
696.4023,-6.6224,-16.2526,0.000,END_LANE,1,END_LANE,,,,,T2_REVERSE_TO_FORWARD
696.5023,-6.5228,-16.2613,0.000,END_LANE,1,END_LANE,,,,,T2_REVERSE_TO_FORWARD
696.6023,-6.4232,-16.2700,0.000,END_LANE,1,END_LANE,,,,,T2_REVERSE_TO_FORWARD
696.7023,-6.3235,-16.2786,0.000,END_LANE,1,END_LANE,,,,,T2_REVERSE_TO_FORWARD
696.8023,-6.2239,-16.2871,0.000,END_LANE,1,END_LANE,,,,,T2_REVERSE_TO_FORWARD
696.9023,-6.1243,-16.2955,0.000,END_LANE,1,END_LANE,,,,,T2_REVERSE_TO_FORWARD
697.0023,-6.0246,-16.3039,0.000,END_LANE,1,END_LANE,,,,,T2_REVERSE_TO_FORWARD
697.0060,-6.0209,-16.3042,0.000,END_LANE,1,END_LANE,FINISH_LINE,CROSS_FINISH_LINE,,,T2_REVERSE_TO_FORWARD
697.1023,-5.9250,-16.3122,0.000,END_LANE,1,END_LANE,,,,,T2_REVERSE_TO_FORWARD
697.1556,-5.8718,-16.3166,0.000,NORMAL,1,ROUTE,,,,,T2_REVERSE_TO_FORWARD
697.2023,-5.8253,-16.3204,0.000,NORMAL,1,ROUTE,,,,,T2_REVERSE_TO_FORWARD
697.3023,-5.7256,-16.3286,0.000,NORMAL,1,ROUTE,,,,,T2_REVERSE_TO_FORWARD
697.4022,-5.6260,-16.3366,0.000,NORMAL,1,ROUTE,,,,,T2_REVERSE_TO_FORWARD
697.5023,-5.5263,-16.3446,0.000,NORMAL,1,ROUTE,,,,,T2_REVERSE_TO_FORWARD
697.6023,-5.4266,-16.3525,0.000,NORMAL,1,ROUTE,,,,,T2_REVERSE_TO_FORWARD
697.7023,-5.3269,-16.3603,0.000,NORMAL,1,ROUTE,,,,,T2_REVERSE_TO_FORWARD
697.8023,-5.2272,-16.3680,0.000,NORMAL,1,ROUTE,,,,,T2_REVERSE_TO_FORWARD
697.9023,-5.1275,-16.3757,0.000,NORMAL,1,ROUTE,,,,,T2_REVERSE_TO_FORWARD
698.0023,-5.0278,-16.3833,0.000,NORMAL,1,ROUTE,,,,,T2_REVERSE_TO_FORWARD
698.1023,-4.9281,-16.3908,0.000,NORMAL,1,ROUTE,,,,,T2_REVERSE_TO_FORWARD
698.2022,-4.8284,-16.3983,0.000,NORMAL,1,ROUTE,,,,,T2_REVERSE_TO_FORWARD
698.3023,-4.7286,-16.4057,0.000,NORMAL,1,ROUTE,,,,,T2_REVERSE_TO_FORWARD
698.4023,-4.6289,-16.4131,0.000,NORMAL,1,ROUTE,,,,,T2_REVERSE_TO_FORWARD
698.5022,-4.5292,-16.4204,0.000,NORMAL,1,ROUTE,,,,,T2_REVERSE_TO_FORWARD
698.6022,-4.4295,-16.4277,0.000,NORMAL,1,ROUTE,,,,,T2_REVERSE_TO_FORWARD
698.7023,-4.3297,-16.4349,0.000,NORMAL,1,ROUTE,,,,,T2_REVERSE_TO_FORWARD
698.8022,-4.2300,-16.4422,0.000,FINISH,1,FINISH,ROUTE_COMPLETE,FULL_STOP,,,T2_REVERSE_TO_FORWARD
