s_m,x_m,y_m,target_speed_mps,mission,direction
0.0000,-0.0000,0.0000,0.000,NORMAL,1
0.2934,-0.2765,0.0982,0.000,NORMAL,1
0.5867,-0.5529,0.1963,0.000,NORMAL,1
0.8801,-0.8294,0.2945,0.000,NORMAL,1
1.1735,-1.1058,0.3926,0.000,NORMAL,1
1.4668,-1.3823,0.4908,0.000,NORMAL,1
1.7659,-1.6641,0.5909,0.000,NORMAL,1
2.0649,-1.9459,0.6910,0.000,NORMAL,1
2.3640,-2.2277,0.7911,0.000,NORMAL,1
2.6630,-2.5095,0.8912,0.000,NORMAL,1
2.9621,-2.7913,0.9913,0.000,NORMAL,1
3.2328,-3.0374,1.1041,0.000,NORMAL,1
3.5035,-3.2834,1.2170,0.000,NORMAL,1
3.7742,-3.5295,1.3298,0.000,NORMAL,1
3.9758,-3.7198,1.3962,0.000,NORMAL,1
4.1773,-3.9101,1.4627,0.000,NORMAL,1
4.3789,-4.1004,1.5291,0.000,NORMAL,1
4.6055,-4.3137,1.6056,0.000,NORMAL,1
4.8322,-4.5271,1.6822,0.000,NORMAL,1
5.0588,-4.7404,1.7587,0.000,NORMAL,1
5.2909,-4.9660,1.8133,0.000,NORMAL,1
5.5230,-5.1915,1.8678,0.000,NORMAL,1
5.7551,-5.4171,1.9224,0.000,NORMAL,1
5.9649,-5.6149,1.9925,0.000,NORMAL,1
6.1748,-5.8128,2.0626,0.000,NORMAL,1
6.3847,-6.0106,2.1327,0.000,NORMAL,1
6.5883,-6.2056,2.1914,0.000,NORMAL,1
6.7920,-6.4006,2.2500,0.000,NORMAL,1
6.9956,-6.5956,2.3087,0.000,NORMAL,1
7.2443,-6.8325,2.3845,0.000,NORMAL,1
7.4930,-7.0693,2.4602,0.000,NORMAL,1
7.7417,-7.3062,2.5360,0.000,NORMAL,1
8.0344,-7.5838,2.6287,0.000,NORMAL,1
8.3271,-7.8615,2.7214,0.000,NORMAL,1
8.5520,-8.0657,2.8158,0.000,NORMAL,1
8.7770,-8.2698,2.9102,0.000,NORMAL,1
9.0019,-8.4740,3.0046,0.000,NORMAL,1
9.2083,-8.6724,3.0613,0.000,NORMAL,1
9.4147,-8.8709,3.1180,0.000,NORMAL,1
9.6210,-9.0693,3.1747,0.000,NORMAL,1
9.9182,-9.3531,3.2629,0.000,NORMAL,1
10.2154,-9.6369,3.3510,0.000,NORMAL,1
10.4889,-9.8906,3.4531,0.000,NORMAL,1
10.7623,-10.1443,3.5552,0.000,NORMAL,1
10.9686,-10.3380,3.6260,0.000,NORMAL,1
11.1748,-10.5317,3.6969,0.000,NORMAL,1
11.3811,-10.7254,3.7677,0.000,NORMAL,1
11.5963,-10.9228,3.8533,0.000,NORMAL,1
11.8115,-11.1203,3.9390,0.000,NORMAL,1
12.0267,-11.3177,4.0246,0.000,NORMAL,1
12.2458,-11.5273,4.0887,0.000,NORMAL,1
12.4650,-11.7368,4.1527,0.000,NORMAL,1
12.6841,-11.9464,4.2168,0.000,NORMAL,1
12.9068,-12.1511,4.3046,0.000,NORMAL,1
13.1296,-12.3558,4.3924,0.000,NORMAL,1
13.3523,-12.5605,4.4802,0.000,NORMAL,1
13.5736,-12.7693,4.5535,0.000,NORMAL,1
13.7949,-12.9780,4.6269,0.000,NORMAL,1
14.0161,-13.1868,4.7002,0.000,NORMAL,1
14.1765,-13.0418,4.6317,0.000,NORMAL,1
14.4699,-13.3213,4.7210,0.000,NORMAL,1
14.7634,-13.6009,4.8102,0.000,NORMAL,1
14.9748,-13.8058,4.8622,0.000,NORMAL,1
15.1862,-14.0108,4.9141,0.000,NORMAL,1
15.3977,-14.2157,4.9661,0.000,NORMAL,1
15.6105,-14.4094,5.0542,0.000,NORMAL,1
15.8233,-14.6032,5.1424,0.000,NORMAL,1
16.0362,-14.7969,5.2305,0.000,NORMAL,1
16.3148,-15.0615,5.3178,0.000,NORMAL,1
16.5934,-15.3261,5.4051,0.000,NORMAL,1
16.8024,-15.5277,5.4599,0.000,NORMAL,1
17.0113,-15.7294,5.5147,0.000,NORMAL,1
17.2203,-15.9310,5.5695,0.000,NORMAL,1
17.4569,-16.1476,5.6649,0.000,NORMAL,1
17.6936,-16.3642,5.7602,0.000,NORMAL,1
17.9303,-16.5808,5.8556,0.000,NORMAL,1
18.1362,-16.7764,5.9201,0.000,NORMAL,1
18.3422,-16.9720,5.9846,0.000,NORMAL,1
18.5482,-17.1676,6.0491,0.000,NORMAL,1
18.7919,-17.3947,6.1376,0.000,NORMAL,1
19.0357,-17.6219,6.2261,0.000,NORMAL,1
19.2794,-17.8490,6.3146,0.000,NORMAL,1
19.5446,-18.1029,6.3909,0.000,NORMAL,1
19.8097,-18.3569,6.4672,0.000,NORMAL,1
20.0749,-18.6108,6.5435,0.000,NORMAL,1
20.3164,-18.8426,6.6113,0.000,NORMAL,1
20.5580,-19.0745,6.6790,0.000,NORMAL,1
20.7995,-19.3063,6.7468,0.000,NORMAL,1
21.0989,-19.5857,6.8544,0.000,NORMAL,1
21.3983,-19.8650,6.9621,0.000,NORMAL,1
21.6977,-20.1444,7.0697,0.000,NORMAL,1
21.9309,-20.3638,7.1488,0.000,NORMAL,1
22.1641,-20.5832,7.2278,0.000,NORMAL,1
22.3973,-20.8026,7.3069,0.000,NORMAL,1
22.6493,-21.0465,7.3703,0.000,NORMAL,1
22.9014,-21.2905,7.4337,0.000,NORMAL,1
23.1534,-21.5344,7.4971,0.000,NORMAL,1
23.4094,-21.7706,7.5957,0.000,NORMAL,1
23.6654,-22.0069,7.6944,0.000,NORMAL,1
23.9214,-22.2431,7.7930,0.000,NORMAL,1
24.1494,-22.4576,7.8701,0.000,NORMAL,1
24.3774,-22.6722,7.9473,0.000,NORMAL,1
24.6054,-22.8867,8.0244,0.000,NORMAL,1
24.8334,-23.1013,8.1016,0.000,NORMAL,1
25.0509,-23.3041,8.1802,0.000,NORMAL,1
25.2684,-23.5069,8.2587,0.000,NORMAL,1
25.4859,-23.7097,8.3373,0.000,NORMAL,1
25.7028,-23.9223,8.3803,0.000,NORMAL,1
25.9197,-24.1350,8.4233,0.000,NORMAL,1
26.1367,-24.3476,8.4663,0.000,NORMAL,1
26.3730,-24.5728,8.5382,0.000,NORMAL,1
26.6094,-24.7979,8.6101,0.000,NORMAL,1
26.8458,-25.0231,8.6820,0.000,NORMAL,1
27.0558,-25.2142,8.7690,0.000,NORMAL,1
27.2658,-25.4054,8.8561,0.000,NORMAL,1
27.4758,-25.5965,8.9431,0.000,NORMAL,1
27.7151,-25.8289,9.0001,0.000,NORMAL,1
27.9544,-26.0613,9.0571,0.000,NORMAL,1
28.1937,-26.2937,9.1141,0.000,NORMAL,1
28.4666,-26.5507,9.2058,0.000,NORMAL,1
28.7395,-26.8077,9.2976,0.000,NORMAL,1
29.0124,-27.0648,9.3893,0.000,NORMAL,1
29.2853,-27.3218,9.4810,0.000,NORMAL,1
29.3296,-27.3492,9.4462,0.000,NORMAL,1
29.5328,-27.5489,9.4836,0.000,NORMAL,1
29.7360,-27.7487,9.5211,0.000,NORMAL,1
29.9392,-27.9484,9.5585,0.000,NORMAL,1
30.1934,-28.1770,9.6695,0.000,NORMAL,1
30.4475,-28.4057,9.7805,0.000,NORMAL,1
30.7017,-28.6343,9.8915,0.000,NORMAL,1
30.9541,-28.8682,9.9865,0.000,NORMAL,1
31.2066,-29.1021,10.0814,0.000,NORMAL,1
31.4590,-29.3360,10.1764,0.000,NORMAL,1
31.7035,-29.5660,10.2592,0.000,NORMAL,1
31.9479,-29.7960,10.3421,0.000,NORMAL,1
32.1924,-30.0260,10.4249,0.000,NORMAL,1
32.4802,-30.3014,10.5084,0.000,NORMAL,1
32.7680,-30.5768,10.5920,0.000,NORMAL,1
33.0202,-30.8196,10.6601,0.000,NORMAL,1
33.2724,-31.0625,10.7281,0.000,NORMAL,1
33.5598,-31.3443,10.7847,0.000,NORMAL,1
33.8473,-31.6261,10.8414,0.000,NORMAL,1
34.0799,-31.8455,10.9188,0.000,NORMAL,1
34.3125,-32.0648,10.9963,0.000,NORMAL,1
34.5452,-32.2842,11.0737,0.000,NORMAL,1
34.7813,-32.5038,11.1607,0.000,NORMAL,1
35.0175,-32.7233,11.2478,0.000,NORMAL,1
35.2537,-32.9429,11.3348,0.000,NORMAL,1
35.4934,-33.1719,11.4056,0.000,NORMAL,1
35.7332,-33.4010,11.4764,0.000,NORMAL,1
35.9729,-33.6300,11.5472,0.000,NORMAL,1
36.2275,-33.8685,11.6363,0.000,NORMAL,1
36.4821,-34.1069,11.7255,0.000,NORMAL,1
36.7366,-34.3454,11.8146,0.000,NORMAL,1
36.9926,-34.5852,11.9041,0.000,NORMAL,1
37.2486,-34.8251,11.9936,0.000,NORMAL,1
37.5046,-35.0649,12.0831,0.000,NORMAL,1
37.7960,-35.3377,12.1855,0.000,NORMAL,1
38.0873,-35.6104,12.2880,0.000,NORMAL,1
38.3787,-35.8832,12.3904,0.000,NORMAL,1
38.5849,-36.0870,12.4220,0.000,NORMAL,1
38.7911,-36.2907,12.4535,0.000,NORMAL,1
38.9973,-36.4945,12.4851,0.000,NORMAL,1
39.2747,-36.7188,12.6484,0.000,NORMAL,1
39.5500,-36.5825,12.4093,0.000,NORMAL,1
39.8320,-36.8518,12.4930,0.000,NORMAL,1
40.1140,-37.1211,12.5766,0.000,NORMAL,1
40.3975,-37.3860,12.6777,0.000,NORMAL,1
40.6810,-37.6509,12.7788,0.000,NORMAL,1
40.8944,-37.8536,12.8455,0.000,NORMAL,1
41.1078,-38.0563,12.9121,0.000,NORMAL,1
41.3212,-38.2590,12.9788,0.000,NORMAL,1
41.5881,-38.5173,13.0460,0.000,NORMAL,1
41.8549,-38.7756,13.1131,0.000,NORMAL,1
42.1218,-39.0339,13.1803,0.000,NORMAL,1
42.3498,-39.2441,13.2684,0.000,NORMAL,1
42.5777,-39.4543,13.3566,0.000,NORMAL,1
42.8056,-39.6645,13.4447,0.000,NORMAL,1
43.0507,-39.8799,13.5616,0.000,NORMAL,1
43.2958,-40.0953,13.6784,0.000,NORMAL,1
43.5409,-40.3108,13.7953,0.000,NORMAL,1
43.7860,-40.5262,13.9122,0.000,NORMAL,1
44.0331,-40.7732,13.9032,0.000,NORMAL,1
44.2601,-40.9862,13.9818,0.000,NORMAL,1
44.4872,-41.1991,14.0604,0.000,NORMAL,1
44.7142,-41.4121,14.1390,0.000,NORMAL,1
44.9168,-41.6024,14.2084,0.000,NORMAL,1
45.1193,-41.7928,14.2778,0.000,NORMAL,1
45.3219,-41.9831,14.3472,0.000,NORMAL,1
45.6100,-42.2602,14.4261,0.000,NORMAL,1
45.8981,-42.5373,14.5049,0.000,NORMAL,1
46.1315,-42.7542,14.5910,0.000,NORMAL,1
46.3648,-42.9710,14.6771,0.000,NORMAL,1
46.5981,-43.1879,14.7632,0.000,NORMAL,1
46.8875,-43.4634,14.8515,0.000,NORMAL,1
47.1768,-43.7390,14.9398,0.000,NORMAL,1
47.4200,-43.9703,15.0147,0.000,NORMAL,1
47.6632,-44.2017,15.0896,0.000,NORMAL,1
47.9063,-44.4330,15.1645,0.000,NORMAL,1
48.1761,-44.6868,15.2558,0.000,NORMAL,1
48.4458,-44.9407,15.3470,0.000,NORMAL,1
48.7155,-45.1945,15.4383,0.000,NORMAL,1
48.9243,-45.3925,15.5042,0.000,NORMAL,1
49.1330,-45.5906,15.5702,0.000,NORMAL,1
49.3417,-45.7886,15.6361,0.000,NORMAL,1
49.5642,-45.9972,15.7137,0.000,NORMAL,1
49.7867,-46.2057,15.7912,0.000,NORMAL,1
50.0093,-46.4143,15.8688,0.000,NORMAL,1
50.2529,-46.6436,15.9512,0.000,NORMAL,1
50.4966,-46.8730,16.0335,0.000,NORMAL,1
50.7403,-47.1023,16.1159,0.000,NORMAL,1
50.9653,-47.3167,16.1843,0.000,NORMAL,1
51.1904,-47.5311,16.2526,0.000,NORMAL,1
51.4154,-47.7455,16.3210,0.000,NORMAL,1
51.6618,-47.9762,16.4075,0.000,NORMAL,1
51.9081,-48.2068,16.4941,0.000,NORMAL,1
52.1545,-48.4375,16.5806,0.000,NORMAL,1
52.4007,-48.6714,16.6574,0.000,NORMAL,1
52.6470,-48.9054,16.7343,0.000,NORMAL,1
52.8932,-49.1393,16.8111,0.000,NORMAL,1
53.1756,-49.3978,16.9250,0.000,NORMAL,1
53.4581,-49.6563,17.0388,0.000,NORMAL,1
53.7406,-49.9148,17.1527,0.000,NORMAL,1
53.9481,-50.1126,17.2156,0.000,NORMAL,1
54.1556,-50.3103,17.2785,0.000,NORMAL,1
54.3632,-50.5081,17.3414,0.000,NORMAL,1
54.6070,-50.7446,17.4006,0.000,NORMAL,1
54.8508,-50.9812,17.4597,0.000,NORMAL,1
55.0946,-51.2177,17.5189,0.000,NORMAL,1
55.3252,-51.4408,17.5771,0.000,NORMAL,1
55.5558,-51.6640,17.6352,0.000,NORMAL,1
55.7864,-51.8871,17.6934,0.000,NORMAL,1
56.0286,-52.1147,17.7761,0.000,NORMAL,1
56.2707,-52.3423,17.8588,0.000,NORMAL,1
56.5129,-52.5699,17.9415,0.000,NORMAL,1
56.7537,-52.7982,18.0180,0.000,NORMAL,1
56.9944,-53.0265,18.0945,0.000,NORMAL,1
57.2352,-53.2548,18.1710,0.000,NORMAL,1
57.4977,-53.5094,18.2350,0.000,NORMAL,1
57.7603,-53.7640,18.2990,0.000,NORMAL,1
58.0228,-54.0186,18.3630,0.000,NORMAL,1
58.2449,-54.2326,18.4224,0.000,NORMAL,1
58.4669,-54.4466,18.4817,0.000,NORMAL,1
58.6890,-54.6606,18.5411,0.000,NORMAL,1
58.9772,-54.9433,18.5974,0.000,NORMAL,1
59.2654,-55.2259,18.6536,0.000,NORMAL,1
59.5537,-55.5086,18.7099,0.000,NORMAL,1
59.8249,-55.7729,18.7707,0.000,NORMAL,1
60.0960,-56.0372,18.8314,0.000,NORMAL,1
60.3672,-56.3015,18.8922,0.000,NORMAL,1
60.6642,-56.5911,18.9582,0.000,NORMAL,1
60.9612,-56.8806,19.0243,0.000,NORMAL,1
61.2582,-57.1702,19.0903,0.000,NORMAL,1
61.5410,-57.4529,19.0919,0.000,NORMAL,1
61.8237,-57.7357,19.0934,0.000,NORMAL,1
62.1065,-58.0184,19.0950,0.000,NORMAL,1
62.3347,-58.2438,19.0588,0.000,NORMAL,1
62.5630,-58.4692,19.0227,0.000,NORMAL,1
62.7913,-58.6946,18.9865,0.000,NORMAL,1
63.0196,-58.9200,18.9504,0.000,NORMAL,1
63.2900,-59.1819,18.8829,0.000,NORMAL,1
63.5605,-59.4438,18.8153,0.000,NORMAL,1
63.8310,-59.7057,18.7478,0.000,NORMAL,1
64.0943,-59.9543,18.6609,0.000,NORMAL,1
64.3577,-60.2029,18.5741,0.000,NORMAL,1
64.6210,-60.4515,18.4872,0.000,NORMAL,1
64.8936,-60.6680,18.3215,0.000,NORMAL,1
65.1663,-60.8844,18.1557,0.000,NORMAL,1
65.4389,-61.1009,17.9900,0.000,NORMAL,1
65.6987,-61.3089,17.8342,0.000,NORMAL,1
65.9586,-61.5168,17.6784,0.000,NORMAL,1
66.2184,-61.7248,17.5226,0.000,NORMAL,1
66.4825,-61.9231,17.3482,0.000,NORMAL,1
66.7466,-62.1215,17.1738,0.000,NORMAL,1
67.0108,-62.3198,16.9994,0.000,NORMAL,1
67.3099,-62.5196,16.7768,0.000,NORMAL,1
67.6091,-62.7195,16.5541,0.000,NORMAL,1
67.9082,-62.9193,16.3315,0.000,NORMAL,1
68.2014,-63.0797,16.0861,0.000,NORMAL,1
68.4945,-63.2401,15.8408,0.000,NORMAL,1
68.7877,-63.4005,15.5954,0.000,NORMAL,1
69.0532,-63.5106,15.3537,0.000,NORMAL,1
69.3188,-63.6206,15.1121,0.000,NORMAL,1
69.5843,-63.7307,14.8704,0.000,NORMAL,1
69.8519,-63.8642,14.6386,0.000,NORMAL,1
70.1194,-63.9978,14.4067,0.000,NORMAL,1
70.3869,-64.1313,14.1749,0.000,NORMAL,1
70.6752,-64.2653,13.9197,0.000,NORMAL,1
70.9635,-64.3992,13.6644,0.000,NORMAL,1
71.2517,-64.5332,13.4092,0.000,NORMAL,1
71.4925,-64.6596,13.2043,0.000,NORMAL,1
71.7333,-64.7860,12.9993,0.000,NORMAL,1
71.9741,-64.9125,12.7943,0.000,NORMAL,1
72.2149,-65.0389,12.5894,0.000,NORMAL,1
72.4810,-65.1303,12.3395,0.000,NORMAL,1
72.7471,-65.2217,12.0897,0.000,NORMAL,1
73.0131,-65.3131,11.8398,0.000,NORMAL,1
73.2717,-65.4399,11.6145,0.000,NORMAL,1
73.5302,-65.5668,11.3892,0.000,NORMAL,1
73.7888,-65.6936,11.1639,0.000,NORMAL,1
74.0481,-65.8391,10.9492,0.000,NORMAL,1
74.3074,-65.9846,10.7346,0.000,NORMAL,1
74.5872,-66.0954,10.4777,0.000,NORMAL,1
74.8670,-66.2062,10.2208,0.000,NORMAL,1
75.1467,-66.3171,9.9639,0.000,NORMAL,1
75.4265,-66.4279,9.7070,0.000,NORMAL,1
75.6919,-66.5463,9.4695,0.000,NORMAL,1
75.9573,-66.6646,9.2320,0.000,NORMAL,1
76.2226,-66.7830,8.9945,0.000,NORMAL,1
76.4761,-66.8852,8.7625,0.000,NORMAL,1
76.7296,-66.9874,8.5305,0.000,NORMAL,1
76.9831,-67.0897,8.2986,0.000,NORMAL,1
77.2366,-67.1919,8.0666,0.000,NORMAL,1
77.5203,-67.2554,7.7902,0.000,NORMAL,1
77.8039,-67.3189,7.5137,0.000,NORMAL,1
78.0875,-67.3824,7.2373,0.000,NORMAL,1
78.3592,-67.4432,6.9725,0.000,NORMAL,1
78.6310,-67.5040,6.7076,0.000,NORMAL,1
78.9027,-67.5648,6.4428,0.000,NORMAL,1
79.1539,-67.6207,6.1979,0.000,NORMAL,1
79.4051,-67.6766,5.9530,0.000,NORMAL,1
79.6563,-67.7325,5.7081,0.000,NORMAL,1
79.9211,-67.7283,5.4433,0.000,NORMAL,1
80.1859,-67.7242,5.1785,0.000,NORMAL,1
80.4508,-67.7200,4.9137,0.000,NORMAL,1
80.7156,-67.7158,4.6489,0.000,NORMAL,1
80.9582,-67.7011,4.4068,0.000,NORMAL,1
81.2008,-67.6864,4.1646,0.000,NORMAL,1
81.4434,-67.6716,3.9224,0.000,NORMAL,1
81.6860,-67.6569,3.6803,0.000,NORMAL,1
81.9752,-67.6322,3.3922,0.000,NORMAL,1
82.2644,-67.6075,3.1040,0.000,NORMAL,1
82.5536,-67.5828,2.8159,0.000,NORMAL,1
82.8464,-67.5087,2.5326,0.000,NORMAL,1
83.1392,-67.4346,2.2494,0.000,NORMAL,1
83.4320,-67.3605,1.9661,0.000,NORMAL,1
83.7229,-67.2403,1.7011,0.000,NORMAL,1
84.0139,-67.1201,1.4362,0.000,NORMAL,1
84.3048,-66.9999,1.1712,0.000,NORMAL,1
84.5362,-66.8761,0.9758,0.000,NORMAL,1
84.7675,-66.7524,0.7803,0.000,NORMAL,1
84.9988,-66.6287,0.5848,0.000,NORMAL,1
85.2302,-66.5049,0.3894,0.000,NORMAL,1
85.5101,-66.3229,0.1767,0.000,NORMAL,1
85.7901,-66.1409,-0.0361,0.000,NORMAL,1
86.0701,-65.9589,-0.2488,0.000,NORMAL,1
86.3085,-65.8235,-0.4450,0.000,NORMAL,1
86.5469,-65.6881,-0.6412,0.000,NORMAL,1
86.7853,-65.5526,-0.8375,0.000,NORMAL,1
87.0237,-65.4172,-1.0337,0.000,NORMAL,1
87.2687,-65.2424,-1.2054,0.000,NORMAL,1
87.5137,-65.0677,-1.3771,0.000,NORMAL,1
87.7587,-64.8929,-1.5487,0.000,NORMAL,1
88.0037,-64.7181,-1.7204,0.000,NORMAL,1
88.2682,-64.5274,-1.9037,0.000,NORMAL,1
88.5328,-64.3367,-2.0871,0.000,NORMAL,1
88.7973,-64.1459,-2.2704,0.000,NORMAL,1
89.0619,-63.9552,-2.4537,0.000,NORMAL,1
89.3264,-63.7645,-2.6371,0.000,NORMAL,1
89.5910,-63.5738,-2.8204,0.000,NORMAL,1
89.8880,-63.3533,-3.0195,0.000,NORMAL,1
90.1851,-63.1327,-3.2185,0.000,NORMAL,1
90.4822,-62.9122,-3.4176,0.000,NORMAL,1
90.7509,-62.7038,-3.5872,0.000,NORMAL,1
91.0196,-62.4954,-3.7567,0.000,NORMAL,1
91.2882,-62.2870,-3.9263,0.000,NORMAL,1
91.5448,-62.0773,-4.0741,0.000,NORMAL,1
91.8013,-61.8676,-4.2219,0.000,NORMAL,1
92.0579,-61.6579,-4.3697,0.000,NORMAL,1
92.3243,-61.4106,-4.4686,0.000,NORMAL,1
92.5907,-61.1632,-4.5676,0.000,NORMAL,1
92.8570,-60.9159,-4.6665,0.000,NORMAL,1
93.1361,-60.6652,-4.7892,0.000,NORMAL,1
93.4153,-60.4146,-4.9120,0.000,NORMAL,1
93.6944,-60.1639,-5.0347,0.000,NORMAL,1
93.9755,-59.9123,-5.1602,0.000,NORMAL,1
94.2567,-59.6607,-5.2857,0.000,NORMAL,1
94.5378,-59.4091,-5.4112,0.000,NORMAL,1
94.8048,-59.1599,-5.5070,0.000,NORMAL,1
95.0717,-58.9108,-5.6028,0.000,NORMAL,1
95.3387,-58.6616,-5.6986,0.000,NORMAL,1
95.6351,-58.3732,-5.7671,0.000,NORMAL,1
95.9315,-58.0848,-5.8355,0.000,NORMAL,1
96.2279,-57.7964,-5.9040,0.000,NORMAL,1
96.4875,-57.5556,-6.0011,0.000,NORMAL,1
96.7471,-57.3149,-6.0981,0.000,NORMAL,1
97.0067,-57.0741,-6.1952,0.000,NORMAL,1
97.2854,-56.7970,-6.2249,0.000,NORMAL,1
97.5640,-56.5200,-6.2545,0.000,NORMAL,1
97.8427,-56.2429,-6.2842,0.000,NORMAL,1
98.0983,-55.9878,-6.2681,0.000,NORMAL,1
98.3539,-55.7327,-6.2519,0.000,NORMAL,1
98.6095,-55.4776,-6.2358,0.000,NORMAL,1
98.8429,-55.2597,-6.1522,0.000,NORMAL,1
99.0763,-55.0418,-6.0686,0.000,NORMAL,1
99.3098,-54.8238,-5.9849,0.000,NORMAL,1
99.5432,-54.6059,-5.9013,0.000,NORMAL,1
99.8421,-54.3658,-5.7232,0.000,NORMAL,1
100.1411,-54.1258,-5.5450,0.000,NORMAL,1
100.4400,-53.8857,-5.3669,0.000,NORMAL,1
100.6729,-53.7295,-5.1942,0.000,NORMAL,1
100.9058,-53.5734,-5.0214,0.000,NORMAL,1
101.1386,-53.4172,-4.8487,0.000,NORMAL,1
101.3715,-53.2610,-4.6759,0.000,NORMAL,1
101.5969,-53.1231,-4.4977,0.000,NORMAL,1
101.8223,-52.9851,-4.3194,0.000,NORMAL,1
102.0477,-52.8471,-4.1411,0.000,NORMAL,1
102.2731,-52.7092,-3.9629,0.000,NORMAL,1
102.4989,-52.6065,-3.7618,0.000,NORMAL,1
102.7247,-52.5038,-3.5607,0.000,NORMAL,1
102.9505,-52.4012,-3.3596,0.000,NORMAL,1
103.1763,-52.2985,-3.1585,0.000,NORMAL,1
103.4492,-52.1864,-2.9097,0.000,NORMAL,1
103.7221,-52.0743,-2.6608,0.000,NORMAL,1
103.9950,-51.9622,-2.4120,0.000,NORMAL,1
104.2823,-51.8434,-2.1505,0.000,NORMAL,1
104.5695,-51.7246,-1.8889,0.000,NORMAL,1
104.8568,-51.6058,-1.6274,0.000,NORMAL,1
105.1293,-51.4726,-1.3897,0.000,NORMAL,1
105.4017,-51.3394,-1.1520,0.000,NORMAL,1
105.6742,-51.2062,-0.9143,0.000,NORMAL,1
105.9705,-51.0794,-0.6465,0.000,NORMAL,1
106.2669,-50.9526,-0.3786,0.000,NORMAL,1
106.5632,-50.8258,-0.1108,0.000,NORMAL,1
106.8505,-50.7147,0.1541,0.000,NORMAL,1
107.1377,-50.6037,0.4190,0.000,NORMAL,1
107.4249,-50.4926,0.6839,0.000,NORMAL,1
107.6941,-50.3600,0.9181,0.000,NORMAL,1
107.9632,-50.2274,1.1523,0.000,NORMAL,1
108.2323,-50.0948,1.3865,0.000,NORMAL,1
108.4898,-49.9744,1.6141,0.000,NORMAL,1
108.7472,-49.8541,1.8416,0.000,NORMAL,1
109.0047,-49.7337,2.0692,0.000,NORMAL,1
109.2999,-49.5826,2.3229,0.000,NORMAL,1
109.5952,-49.4316,2.5766,0.000,NORMAL,1
109.8905,-49.2805,2.8304,0.000,NORMAL,1
110.1858,-49.1294,3.0841,0.000,NORMAL,1
110.4345,-49.0319,3.3129,0.000,NORMAL,1
110.6832,-48.9343,3.5416,0.000,NORMAL,1
110.9319,-48.8368,3.7704,0.000,NORMAL,1
111.1645,-48.6646,3.9268,0.000,NORMAL,1
111.3971,-48.4924,4.0831,0.000,NORMAL,1
111.6297,-48.3202,4.2395,0.000,NORMAL,1
111.8623,-48.1480,4.3959,0.000,NORMAL,1
112.1197,-47.9128,4.5002,0.000,NORMAL,1
112.3770,-47.6775,4.6045,0.000,NORMAL,1
112.6344,-47.4423,4.7089,0.000,NORMAL,1
112.8917,-47.2070,4.8132,0.000,NORMAL,1
113.1704,-46.9288,4.8286,0.000,NORMAL,1
113.4490,-46.6505,4.8440,0.000,NORMAL,1
113.7277,-46.3723,4.8594,0.000,NORMAL,1
113.9811,-46.1256,4.8016,0.000,NORMAL,1
114.2345,-45.8789,4.7437,0.000,NORMAL,1
114.4879,-45.6322,4.6859,0.000,NORMAL,1
114.7199,-45.4067,4.6310,0.000,NORMAL,1
114.9520,-45.1812,4.5761,0.000,NORMAL,1
115.1841,-44.9557,4.5212,0.000,NORMAL,1
115.4162,-44.7302,4.4663,0.000,NORMAL,1
115.7102,-44.4478,4.3846,0.000,NORMAL,1
116.0042,-44.1653,4.3030,0.000,NORMAL,1
116.2982,-43.8829,4.2213,0.000,NORMAL,1
116.5874,-43.6037,4.1458,0.000,NORMAL,1
116.8766,-43.3246,4.0702,0.000,NORMAL,1
117.1658,-43.0454,3.9947,0.000,NORMAL,1
117.4570,-42.7700,3.9002,0.000,NORMAL,1
117.7481,-42.4947,3.8056,0.000,NORMAL,1
118.0393,-42.2193,3.7111,0.000,NORMAL,1
118.3195,-41.9540,3.6206,0.000,NORMAL,1
118.5998,-41.6888,3.5301,0.000,NORMAL,1
118.8801,-41.4235,3.4396,0.000,NORMAL,1
119.1347,-41.1858,3.3483,0.000,NORMAL,1
119.3893,-40.9482,3.2570,0.000,NORMAL,1
119.6439,-40.7105,3.1657,0.000,NORMAL,1
119.9284,-40.4599,3.0311,0.000,NORMAL,1
120.2129,-40.2092,2.8964,0.000,NORMAL,1
120.4974,-39.9586,2.7618,0.000,NORMAL,1
120.7781,-39.6962,2.6621,0.000,NORMAL,1
121.0588,-39.4339,2.5623,0.000,NORMAL,1
121.3395,-39.1715,2.4626,0.000,NORMAL,1
121.5709,-38.9688,2.3509,0.000,NORMAL,1
121.8023,-38.7661,2.2393,0.000,NORMAL,1
122.0337,-38.5635,2.1276,0.000,NORMAL,1
122.2651,-38.3608,2.0159,0.000,NORMAL,1
122.5463,-38.1049,1.8993,0.000,NORMAL,1
122.8275,-37.8490,1.7826,0.000,NORMAL,1
123.1088,-37.5931,1.6660,0.000,NORMAL,1
123.3892,-37.3411,1.5429,0.000,NORMAL,1
123.6696,-37.0891,1.4199,0.000,NORMAL,1
123.9501,-36.8371,1.2968,0.000,NORMAL,1
124.2317,-36.5890,1.1636,0.000,NORMAL,1
124.5133,-36.3410,1.0303,0.000,NORMAL,1
124.7948,-36.0929,0.8971,0.000,NORMAL,1
125.0761,-35.8503,0.7549,0.000,NORMAL,1
125.3573,-35.6076,0.6126,0.000,NORMAL,1
125.6386,-35.3650,0.4704,0.000,NORMAL,1
125.8947,-35.1564,0.3217,0.000,NORMAL,1
126.1509,-34.9478,0.1731,0.000,NORMAL,1
126.4071,-34.7392,0.0244,0.000,NORMAL,1
126.6589,-34.5576,-0.1501,0.000,NORMAL,1
126.9106,-34.3761,-0.3246,0.000,NORMAL,1
127.1624,-34.1945,-0.4990,0.000,NORMAL,1
127.4142,-34.0130,-0.6735,0.000,NORMAL,1
127.7005,-33.8543,-0.9118,0.000,NORMAL,1
127.9868,-33.6956,-1.1500,0.000,NORMAL,1
128.2730,-33.5369,-1.3882,0.000,NORMAL,1
128.5593,-33.3782,-1.6265,0.000,NORMAL,1
128.8377,-33.2507,-1.8740,0.000,NORMAL,1
129.1161,-33.1232,-2.1215,0.000,NORMAL,1
129.3945,-32.9957,-2.3690,0.000,NORMAL,1
129.6395,-32.8920,-2.5909,0.000,NORMAL,1
129.8845,-32.7883,-2.8129,0.000,NORMAL,1
130.1294,-32.6846,-3.0348,0.000,NORMAL,1
130.3619,-32.6446,-3.2637,0.000,NORMAL,1
130.5943,-32.6047,-3.4927,0.000,NORMAL,1
130.8267,-32.5647,-3.7217,0.000,NORMAL,1
131.0591,-32.5247,-3.9506,0.000,NORMAL,1
131.3210,-32.5026,-4.2115,0.000,NORMAL,1
131.5828,-32.4806,-4.4725,0.000,NORMAL,1
131.8447,-32.4585,-4.7334,0.000,NORMAL,1
132.0933,-32.4738,-4.9816,0.000,NORMAL,1
132.3420,-32.4890,-5.2297,0.000,NORMAL,1
132.5906,-32.5042,-5.4779,0.000,NORMAL,1
132.8393,-32.5195,-5.7261,0.000,NORMAL,1
133.1016,-32.5666,-5.9842,0.000,NORMAL,1
133.3640,-32.6136,-6.2424,0.000,NORMAL,1
133.6264,-32.6607,-6.5005,0.000,NORMAL,1
133.8743,-32.6925,-6.7464,0.000,NORMAL,1
134.1223,-32.7244,-6.9922,0.000,NORMAL,1
134.3702,-32.7562,-7.2381,0.000,NORMAL,1
134.6443,-32.8268,-7.5030,0.000,NORMAL,1
134.9185,-32.8973,-7.7679,0.000,NORMAL,1
135.1926,-32.9679,-8.0328,0.000,NORMAL,1
135.4313,-33.0486,-8.2574,0.000,NORMAL,1
135.6699,-33.1294,-8.4820,0.000,NORMAL,1
135.9086,-33.2101,-8.7066,0.000,NORMAL,1
136.1556,-33.2830,-8.9425,0.000,NORMAL,1
136.4025,-33.3560,-9.1784,0.000,NORMAL,1
136.6494,-33.4290,-9.4144,0.000,NORMAL,1
136.8964,-33.5019,-9.6503,0.000,NORMAL,1
137.1284,-33.5791,-9.8691,0.000,NORMAL,1
137.3604,-33.6564,-10.0878,0.000,NORMAL,1
137.5924,-33.7336,-10.3066,0.000,NORMAL,1
137.8530,-33.8298,-10.5488,0.000,NORMAL,1
138.1136,-33.9260,-10.7910,0.000,NORMAL,1
138.3742,-34.0222,-11.0332,0.000,NORMAL,1
138.6582,-34.1339,-11.2943,0.000,NORMAL,1
138.9421,-34.2456,-11.5553,0.000,NORMAL,1
139.2261,-34.3573,-11.8164,0.000,NORMAL,1
139.5022,-34.4426,-12.0790,0.000,NORMAL,1
139.7784,-34.5279,-12.3417,0.000,NORMAL,1
140.0545,-34.6132,-12.6043,0.000,NORMAL,1
140.3170,-34.7240,-12.8423,0.000,NORMAL,1
140.5795,-34.8347,-13.0803,0.000,NORMAL,1
140.8420,-34.9455,-13.3183,0.000,NORMAL,1
141.1341,-35.0514,-13.5904,0.000,NORMAL,1
141.4261,-35.1574,-13.8626,0.000,NORMAL,1
141.7181,-35.2633,-14.1347,0.000,NORMAL,1
141.9554,-35.3595,-14.3516,0.000,NORMAL,1
142.1927,-35.4556,-14.5686,0.000,NORMAL,1
142.4300,-35.5518,-14.7855,0.000,NORMAL,1
142.6826,-35.6481,-15.0191,0.000,NORMAL,1
142.9352,-35.7444,-15.2526,0.000,NORMAL,1
143.1879,-35.8407,-15.4862,0.000,NORMAL,1
143.4405,-35.9370,-15.7197,0.000,NORMAL,1
143.6549,-36.0253,-15.9151,0.000,NORMAL,1
143.8693,-36.1137,-16.1104,0.000,NORMAL,1
144.0837,-36.2020,-16.3058,0.000,NORMAL,1
144.3665,-36.3110,-16.5667,0.000,NORMAL,1
144.6492,-36.4201,-16.8275,0.000,NORMAL,1
144.9319,-36.5291,-17.0884,0.000,NORMAL,1
145.2007,-36.6103,-17.3447,0.000,NORMAL,1
145.4696,-36.6916,-17.6009,0.000,NORMAL,1
145.7384,-36.7729,-17.8571,0.000,NORMAL,1
146.0072,-36.8541,-18.1134,0.000,NORMAL,1
146.2107,-36.9486,-18.2937,0.000,NORMAL,1
146.4143,-37.0431,-18.4739,0.000,NORMAL,1
146.6178,-37.1376,-18.6542,0.000,NORMAL,1
146.8964,-37.2394,-18.9136,0.000,NORMAL,1
147.1751,-37.3412,-19.1729,0.000,NORMAL,1
147.4537,-37.4430,-19.4323,0.000,NORMAL,1
147.6941,-37.5403,-19.6521,0.000,NORMAL,1
147.9345,-37.6376,-19.8719,0.000,NORMAL,1
148.1748,-37.7349,-20.0917,0.000,NORMAL,1
148.4360,-37.8371,-20.3320,0.000,NORMAL,1
148.6971,-37.9393,-20.5723,0.000,NORMAL,1
148.9582,-38.0415,-20.8126,0.000,NORMAL,1
149.2548,-38.1472,-21.0897,0.000,NORMAL,1
149.5513,-38.2528,-21.3668,0.000,NORMAL,1
149.8479,-38.3585,-21.6439,0.000,NORMAL,1
150.1257,-38.4564,-21.9039,0.000,NORMAL,1
150.4036,-38.5542,-22.1639,0.000,NORMAL,1
150.6814,-38.6520,-22.4240,0.000,NORMAL,1
150.9592,-38.7499,-22.6840,0.000,NORMAL,1
151.2192,-38.8481,-22.9247,0.000,NORMAL,1
151.4792,-38.9464,-23.1654,0.000,NORMAL,1
151.7392,-39.0446,-23.4062,0.000,NORMAL,1
151.9992,-39.1429,-23.6469,0.000,NORMAL,1
152.2592,-39.2411,-23.8876,0.000,NORMAL,1
152.5192,-39.3394,-24.1283,0.000,NORMAL,1
152.7880,-39.4160,-24.3860,0.000,NORMAL,1
153.0568,-39.4927,-24.6436,0.000,NORMAL,1
153.3256,-39.5693,-24.9013,0.000,NORMAL,1
153.6217,-39.6884,-25.1723,0.000,NORMAL,1
153.9177,-39.8076,-25.4433,0.000,NORMAL,1
154.2137,-39.9267,-25.7143,0.000,NORMAL,1
154.4905,-40.0242,-25.9733,0.000,NORMAL,1
154.7672,-40.1217,-26.2322,0.000,NORMAL,1
155.0439,-40.2192,-26.4912,0.000,NORMAL,1
155.3244,-40.3069,-26.7576,0.000,NORMAL,1
155.6048,-40.3945,-27.0241,0.000,NORMAL,1
155.8853,-40.4822,-27.2905,0.000,NORMAL,1
156.1530,-40.5905,-27.5353,0.000,NORMAL,1
156.4207,-40.6989,-27.7800,0.000,NORMAL,1
156.6883,-40.8072,-28.0248,0.000,NORMAL,1
156.9371,-40.8950,-28.2575,0.000,NORMAL,1
157.1858,-40.9827,-28.4903,0.000,NORMAL,1
157.4345,-41.0705,-28.7230,0.000,NORMAL,1
157.6985,-41.1658,-28.9691,0.000,NORMAL,1
157.9624,-41.2611,-29.2153,0.000,NORMAL,1
158.2264,-41.3564,-29.4614,0.000,NORMAL,1
158.4490,-41.4505,-29.6631,0.000,NORMAL,1
158.6716,-41.5447,-29.8649,0.000,NORMAL,1
158.8942,-41.6388,-30.0666,0.000,NORMAL,1
159.1643,-41.7528,-30.3114,0.000,NORMAL,1
159.4343,-41.8668,-30.5563,0.000,NORMAL,1
159.7044,-41.9808,-30.8011,0.000,NORMAL,1
159.9967,-42.0780,-31.0768,0.000,NORMAL,1
160.2890,-42.1751,-31.3524,0.000,NORMAL,1
160.5812,-42.2722,-31.6281,0.000,NORMAL,1
160.8735,-42.3694,-31.9037,0.000,NORMAL,1
161.1556,-42.4660,-32.1688,0.000,NORMAL,1
161.4378,-42.5625,-32.4339,0.000,NORMAL,1
161.7199,-42.6591,-32.6990,0.000,NORMAL,1
162.0076,-42.7676,-32.9654,0.000,NORMAL,1
162.2952,-42.8762,-33.2318,0.000,NORMAL,1
162.5829,-42.9847,-33.4982,0.000,NORMAL,1
162.8793,-43.1050,-33.7690,0.000,NORMAL,1
163.1756,-43.2254,-34.0399,0.000,NORMAL,1
163.4720,-43.3457,-34.3107,0.000,NORMAL,1
163.7190,-43.4432,-34.5377,0.000,NORMAL,1
163.9661,-43.5407,-34.7647,0.000,NORMAL,1
164.2131,-43.6382,-34.9917,0.000,NORMAL,1
164.4841,-43.7390,-35.2433,0.000,NORMAL,1
164.7551,-43.8398,-35.4948,0.000,NORMAL,1
165.0261,-43.9406,-35.7463,0.000,NORMAL,1
165.2971,-44.0414,-35.9979,0.000,NORMAL,1
165.5266,-44.1299,-36.2097,0.000,NORMAL,1
165.7561,-44.2183,-36.4215,0.000,NORMAL,1
165.9856,-44.3068,-36.6332,0.000,NORMAL,1
166.2151,-44.3952,-36.8450,0.000,NORMAL,1
166.4921,-44.5090,-37.0975,0.000,NORMAL,1
166.7690,-44.6227,-37.3499,0.000,NORMAL,1
167.0459,-44.7365,-37.6024,0.000,NORMAL,1
167.2751,-44.8234,-37.8145,0.000,NORMAL,1
167.5043,-44.9104,-38.0266,0.000,NORMAL,1
167.7335,-44.9973,-38.2386,0.000,NORMAL,1
167.9627,-45.0842,-38.4507,0.000,NORMAL,1
168.2114,-45.1717,-38.6835,0.000,NORMAL,1
168.4601,-45.2592,-38.9163,0.000,NORMAL,1
168.7088,-45.3467,-39.1491,0.000,NORMAL,1
168.9801,-45.4600,-39.3956,0.000,NORMAL,1
169.2513,-45.5732,-39.6421,0.000,NORMAL,1
169.5226,-45.6865,-39.8886,0.000,NORMAL,1
169.7900,-45.7854,-40.1371,0.000,NORMAL,1
170.0575,-45.8844,-40.3855,0.000,NORMAL,1
170.3249,-45.9833,-40.6340,0.000,NORMAL,1
170.5750,-46.0697,-40.8687,0.000,NORMAL,1
170.8251,-46.1562,-41.1033,0.000,NORMAL,1
171.0752,-46.2426,-41.3380,0.000,NORMAL,1
171.3027,-46.3323,-41.5472,0.000,NORMAL,1
171.5303,-46.4220,-41.7563,0.000,NORMAL,1
171.7579,-46.5118,-41.9654,0.000,NORMAL,1
171.9855,-46.6015,-42.1746,0.000,NORMAL,1
172.2594,-46.7080,-42.4269,0.000,NORMAL,1
172.5333,-46.8145,-42.6793,0.000,NORMAL,1
172.8072,-46.9210,-42.9316,0.000,NORMAL,1
173.0375,-47.0138,-43.1425,0.000,NORMAL,1
173.2679,-47.1065,-43.3534,0.000,NORMAL,1
173.4983,-47.1993,-43.5642,0.000,NORMAL,1
173.7287,-47.2921,-43.7751,0.000,NORMAL,1
173.9463,-47.3717,-43.9776,0.000,NORMAL,1
174.1639,-47.4514,-44.1801,0.000,NORMAL,1
174.3815,-47.5310,-44.3826,0.000,NORMAL,1
174.6195,-47.6353,-44.5966,0.000,NORMAL,1
174.8576,-47.7395,-44.8106,0.000,NORMAL,1
175.0956,-47.8438,-45.0246,0.000,NORMAL,1
175.3567,-47.9490,-45.2635,0.000,NORMAL,1
175.6177,-48.0542,-45.5024,0.000,NORMAL,1
175.8787,-48.1594,-45.7413,0.000,NORMAL,1
176.1623,-48.2987,-45.9883,0.000,NORMAL,1
176.4458,-48.4380,-46.2352,0.000,NORMAL,1
176.7294,-48.5773,-46.4822,0.000,NORMAL,1
176.9587,-48.6844,-46.6850,0.000,NORMAL,1
177.1880,-48.7916,-46.8877,0.000,NORMAL,1
177.4173,-48.8987,-47.0904,0.000,NORMAL,1
177.6466,-49.0058,-47.2932,0.000,NORMAL,1
177.8821,-49.1533,-47.4767,0.000,NORMAL,1
178.1175,-49.3009,-47.6602,0.000,NORMAL,1
178.3530,-49.4484,-47.8437,0.000,NORMAL,1
178.5921,-49.6238,-48.0063,0.000,NORMAL,1
178.8313,-49.7992,-48.1688,0.000,NORMAL,1
179.0704,-49.9746,-48.3314,0.000,NORMAL,1
179.3016,-50.1733,-48.4495,0.000,NORMAL,1
179.5328,-50.3721,-48.5677,0.000,NORMAL,1
179.7640,-50.5709,-48.6858,0.000,NORMAL,1
179.9952,-50.7696,-48.8039,0.000,NORMAL,1
180.2319,-50.9926,-48.8829,0.000,NORMAL,1
180.4685,-51.2157,-48.9620,0.000,NORMAL,1
180.7051,-51.4387,-49.0410,0.000,NORMAL,1
180.9418,-51.6618,-49.1200,0.000,NORMAL,1
181.2154,-51.9350,-49.1043,0.000,NORMAL,1
181.4890,-52.2081,-49.0886,0.000,NORMAL,1
181.7853,-52.4965,-49.0207,0.000,NORMAL,1
182.0816,-52.7850,-48.9528,0.000,NORMAL,1
182.3779,-53.0734,-48.8850,0.000,NORMAL,1
182.6742,-53.3618,-48.8171,0.000,NORMAL,1
182.9065,-53.5699,-48.7138,0.000,NORMAL,1
183.1387,-53.7779,-48.6106,0.000,NORMAL,1
183.3710,-53.9860,-48.5073,0.000,NORMAL,1
183.6033,-54.1940,-48.4040,0.000,NORMAL,1
183.8858,-54.4322,-48.2521,0.000,NORMAL,1
184.1683,-54.6704,-48.1002,0.000,NORMAL,1
184.4508,-54.9086,-47.9483,0.000,NORMAL,1
184.7325,-55.1359,-47.7819,0.000,NORMAL,1
185.0142,-55.3632,-47.6155,0.000,NORMAL,1
185.2959,-55.5905,-47.4491,0.000,NORMAL,1
185.5267,-55.7683,-47.3021,0.000,NORMAL,1
185.7574,-55.9462,-47.1550,0.000,NORMAL,1
185.9882,-56.1241,-47.0080,0.000,NORMAL,1
186.2190,-56.3019,-46.8609,0.000,NORMAL,1
186.4539,-56.4539,-46.6818,0.000,NORMAL,1
186.6888,-56.6059,-46.5026,0.000,NORMAL,1
186.9238,-56.7578,-46.3235,0.000,NORMAL,1
187.1587,-56.9098,-46.1443,0.000,NORMAL,1
187.4333,-57.0192,-45.8925,0.000,NORMAL,1
187.7078,-57.1287,-45.6407,0.000,NORMAL,1
187.9960,-57.2527,-45.3805,0.000,NORMAL,1
188.2842,-57.3767,-45.1204,0.000,NORMAL,1
188.5724,-57.5007,-44.8603,0.000,NORMAL,1
188.8606,-57.6247,-44.6001,0.000,NORMAL,1
189.0946,-57.6664,-44.3698,0.000,NORMAL,1
189.3286,-57.7081,-44.1395,0.000,NORMAL,1
189.5626,-57.7497,-43.9093,0.000,NORMAL,1
189.7966,-57.7914,-43.6790,0.000,NORMAL,1
190.0424,-57.8484,-43.4399,0.000,NORMAL,1
190.2882,-57.9055,-43.2009,0.000,NORMAL,1
190.5526,-57.9630,-42.9428,0.000,NORMAL,1
190.8170,-58.0206,-42.6847,0.000,NORMAL,1
191.0815,-58.0781,-42.4266,0.000,NORMAL,1
191.3459,-58.1356,-42.1685,0.000,NORMAL,1
191.5911,-58.1206,-41.9238,0.000,NORMAL,1
191.8362,-58.1055,-41.6791,0.000,NORMAL,1
192.0814,-58.0905,-41.4344,0.000,NORMAL,1
192.3265,-58.0755,-41.1897,0.000,NORMAL,1
192.6159,-58.0463,-40.9018,0.000,NORMAL,1
192.9052,-58.0171,-40.6140,0.000,NORMAL,1
193.1946,-57.9879,-40.3261,0.000,NORMAL,1
193.4289,-57.9611,-40.0933,0.000,NORMAL,1
193.6632,-57.9342,-39.8606,0.000,NORMAL,1
193.8975,-57.9074,-39.6278,0.000,NORMAL,1
194.1318,-57.8805,-39.3950,0.000,NORMAL,1
194.3713,-57.8882,-39.1557,0.000,NORMAL,1
194.6108,-57.8960,-38.9163,0.000,NORMAL,1
194.8502,-57.9037,-38.6770,0.000,NORMAL,1
195.1067,-57.8588,-38.4245,0.000,NORMAL,1
195.3632,-57.8138,-38.1719,0.000,NORMAL,1
195.6197,-57.7689,-37.9194,0.000,NORMAL,1
195.8542,-57.7689,-37.6849,0.000,NORMAL,1
196.0887,-57.7690,-37.4504,0.000,NORMAL,1
196.3232,-57.7690,-37.2159,0.000,NORMAL,1
196.5515,-57.7640,-36.9877,0.000,NORMAL,1
196.7797,-57.7591,-36.7595,0.000,NORMAL,1
197.0079,-57.7541,-36.5314,0.000,NORMAL,1
197.2361,-57.7491,-36.3032,0.000,NORMAL,1
197.5330,-57.7651,-36.0068,0.000,NORMAL,1
197.8298,-57.7812,-35.7104,0.000,NORMAL,1
198.1266,-57.7972,-35.4140,0.000,NORMAL,1
198.3805,-57.8474,-35.1652,0.000,NORMAL,1
198.6343,-57.8976,-34.9163,0.000,NORMAL,1
198.8882,-57.9478,-34.6675,0.000,NORMAL,1
199.1183,-58.0154,-34.4475,0.000,NORMAL,1
199.3485,-58.0831,-34.2275,0.000,NORMAL,1
199.5787,-58.1507,-34.0075,0.000,NORMAL,1
199.8088,-58.2183,-33.7875,0.000,NORMAL,1
200.0397,-58.3022,-33.5724,0.000,NORMAL,1
200.2706,-58.3862,-33.3573,0.000,NORMAL,1
200.5015,-58.4701,-33.1422,0.000,NORMAL,1
200.7324,-58.5540,-32.9271,0.000,NORMAL,1
200.9733,-58.6486,-32.7055,0.000,NORMAL,1
201.2143,-58.7433,-32.4839,0.000,NORMAL,1
201.4553,-58.8379,-32.2623,0.000,NORMAL,1
201.7340,-58.9854,-32.0258,0.000,NORMAL,1
202.0127,-59.1329,-31.7893,0.000,NORMAL,1
202.2914,-59.2804,-31.5528,0.000,NORMAL,1
202.5900,-59.4635,-31.3171,0.000,NORMAL,1
202.8885,-59.6467,-31.0813,0.000,NORMAL,1
203.1246,-59.8064,-30.9074,0.000,NORMAL,1
203.3607,-59.9660,-30.7334,0.000,NORMAL,1
203.5968,-60.1257,-30.5595,0.000,NORMAL,1
203.8885,-60.3653,-30.3931,0.000,NORMAL,1
204.1802,-60.6049,-30.2268,0.000,NORMAL,1
204.4719,-60.8445,-30.0605,0.000,NORMAL,1
204.7636,-61.0841,-29.8941,0.000,NORMAL,1
205.0164,-61.3009,-29.7639,0.000,NORMAL,1
205.2693,-61.5176,-29.6337,0.000,NORMAL,1
205.5222,-61.7344,-29.5035,0.000,NORMAL,1
205.7845,-61.9663,-29.3808,0.000,NORMAL,1
206.0468,-62.1982,-29.2582,0.000,NORMAL,1
206.3092,-62.4301,-29.1355,0.000,NORMAL,1
206.5715,-62.6620,-29.0129,0.000,NORMAL,1
206.8156,-62.8976,-28.9489,0.000,NORMAL,1
207.0597,-63.1332,-28.8849,0.000,NORMAL,1
207.3039,-63.3687,-28.8209,0.000,NORMAL,1
207.5480,-63.6043,-28.7569,0.000,NORMAL,1
207.7797,-63.8280,-28.6961,0.000,NORMAL,1
208.0115,-64.0516,-28.6353,0.000,NORMAL,1
208.2433,-64.2752,-28.5745,0.000,NORMAL,1
208.4750,-64.4989,-28.5137,0.000,NORMAL,1
208.7512,-64.7732,-28.4817,0.000,NORMAL,1
209.0274,-65.0476,-28.4496,0.000,NORMAL,1
209.3036,-65.3219,-28.4176,0.000,NORMAL,1
209.5331,-65.5511,-28.4287,0.000,NORMAL,1
209.7626,-65.7804,-28.4398,0.000,NORMAL,1
209.9921,-66.0096,-28.4509,0.000,NORMAL,1
210.2433,-66.2602,-28.4672,0.000,NORMAL,1
210.4944,-66.5108,-28.4836,0.000,NORMAL,1
210.7455,-66.7614,-28.4999,0.000,NORMAL,1
210.9707,-66.9857,-28.5199,0.000,NORMAL,1
211.1959,-67.2100,-28.5399,0.000,NORMAL,1
211.4211,-67.4343,-28.5599,0.000,NORMAL,1
211.6660,-67.6759,-28.6003,0.000,NORMAL,1
211.9110,-67.9175,-28.6407,0.000,NORMAL,1
212.1559,-68.1590,-28.6812,0.000,NORMAL,1
212.4008,-68.4006,-28.7216,0.000,NORMAL,1
212.6818,-68.6782,-28.7652,0.000,NORMAL,1
212.9628,-68.9558,-28.8088,0.000,NORMAL,1
213.1990,-69.1885,-28.8492,0.000,NORMAL,1
213.4351,-69.4211,-28.8895,0.000,NORMAL,1
213.6713,-69.6538,-28.9299,0.000,NORMAL,1
213.9262,-69.9083,-28.9460,0.000,NORMAL,1
214.1812,-70.1627,-28.9622,0.000,NORMAL,1
214.4362,-70.4172,-28.9783,0.000,NORMAL,1
214.7310,-70.7120,-28.9758,0.000,NORMAL,1
215.0258,-71.0068,-28.9734,0.000,NORMAL,1
215.3206,-71.3016,-28.9709,0.000,NORMAL,1
215.5808,-71.5616,-28.9610,0.000,NORMAL,1
215.8411,-71.8217,-28.9510,0.000,NORMAL,1
216.1013,-72.0817,-28.9411,0.000,NORMAL,1
216.3615,-72.3417,-28.9311,0.000,NORMAL,1
216.5798,-72.5565,-28.8922,0.000,NORMAL,1
216.7980,-72.7712,-28.8532,0.000,NORMAL,1
217.0163,-72.9860,-28.8143,0.000,NORMAL,1
217.3044,-73.2627,-28.7340,0.000,NORMAL,1
217.5925,-73.5393,-28.6536,0.000,NORMAL,1
217.8806,-73.8160,-28.5733,0.000,NORMAL,1
218.1370,-74.0563,-28.4839,0.000,NORMAL,1
218.3933,-74.2965,-28.3944,0.000,NORMAL,1
218.6497,-74.5368,-28.3049,0.000,NORMAL,1
218.9061,-74.7771,-28.2155,0.000,NORMAL,1
219.1569,-74.9908,-28.0842,0.000,NORMAL,1
219.4076,-75.2044,-27.9530,0.000,NORMAL,1
219.6583,-75.4180,-27.8218,0.000,NORMAL,1
219.9091,-75.6317,-27.6905,0.000,NORMAL,1
220.1844,-75.8321,-27.5018,0.000,NORMAL,1
220.4596,-76.0326,-27.3131,0.000,NORMAL,1
220.7349,-76.2330,-27.1244,0.000,NORMAL,1
221.0102,-76.4334,-26.9357,0.000,NORMAL,1
221.2653,-76.6026,-26.7448,0.000,NORMAL,1
221.5204,-76.7719,-26.5539,0.000,NORMAL,1
221.7755,-76.9411,-26.3630,0.000,NORMAL,1
222.0306,-77.1103,-26.1721,0.000,NORMAL,1
222.2740,-77.2482,-25.9716,0.000,NORMAL,1
222.5173,-77.3861,-25.7711,0.000,NORMAL,1
222.7606,-77.5240,-25.5707,0.000,NORMAL,1
223.0039,-77.6619,-25.3702,0.000,NORMAL,1
223.2393,-77.7883,-25.1716,0.000,NORMAL,1
223.4747,-77.9147,-24.9731,0.000,NORMAL,1
223.7101,-78.0412,-24.7746,0.000,NORMAL,1
223.9455,-78.1676,-24.5760,0.000,NORMAL,1
224.2344,-78.2473,-24.2983,0.000,NORMAL,1
224.5233,-78.3269,-24.0206,0.000,NORMAL,1
224.8122,-78.4066,-23.7429,0.000,NORMAL,1
225.1099,-78.4948,-23.4585,0.000,NORMAL,1
225.4077,-78.5829,-23.1741,0.000,NORMAL,1
225.7054,-78.6711,-22.8897,0.000,NORMAL,1
225.9949,-78.7326,-22.6069,0.000,NORMAL,1
226.2843,-78.7940,-22.3240,0.000,NORMAL,1
226.5737,-78.8555,-22.0412,0.000,NORMAL,1
226.8630,-78.8731,-21.7525,0.000,NORMAL,1
227.1523,-78.8907,-21.4637,0.000,NORMAL,1
227.4415,-78.9083,-21.1750,0.000,NORMAL,1
227.7143,-78.8881,-20.9030,0.000,NORMAL,1
227.9870,-78.8680,-20.6310,0.000,NORMAL,1
228.2598,-78.8478,-20.3590,0.000,NORMAL,1
228.5506,-78.7738,-20.0777,0.000,NORMAL,1
228.8415,-78.6998,-19.7965,0.000,NORMAL,1
229.1323,-78.6258,-19.5152,0.000,NORMAL,1
229.3760,-78.5809,-19.2757,0.000,NORMAL,1
229.6197,-78.5359,-19.0361,0.000,NORMAL,1
229.8634,-78.4910,-18.7966,0.000,NORMAL,1
230.1136,-78.3785,-18.5731,0.000,NORMAL,1
230.3639,-78.2660,-18.3496,0.000,NORMAL,1
230.6141,-78.1535,-18.1261,0.000,NORMAL,1
230.8643,-78.0410,-17.9026,0.000,NORMAL,1
231.1187,-77.8991,-17.6915,0.000,NORMAL,1
231.3730,-77.7571,-17.4804,0.000,NORMAL,1
231.6274,-77.6152,-17.2694,0.000,NORMAL,1
231.8817,-77.4733,-17.0583,0.000,NORMAL,1
232.1512,-77.2703,-16.8811,0.000,NORMAL,1
232.4206,-77.0674,-16.7038,0.000,NORMAL,1
232.6901,-76.8644,-16.5266,0.000,NORMAL,1
232.9459,-76.6427,-16.3989,0.000,NORMAL,1
233.2018,-76.4211,-16.2711,0.000,NORMAL,1
233.4576,-76.1994,-16.1434,0.000,NORMAL,1
233.6997,-75.9809,-16.0393,0.000,NORMAL,1
233.9417,-75.7623,-15.9352,0.000,NORMAL,1
234.1838,-75.5437,-15.8311,0.000,NORMAL,1
234.4259,-75.3252,-15.7270,0.000,NORMAL,1
234.6635,-75.0907,-15.6891,0.000,NORMAL,1
234.9010,-74.8561,-15.6513,0.000,NORMAL,1
235.1386,-74.6216,-15.6135,0.000,NORMAL,1
235.3761,-74.3871,-15.5756,0.000,NORMAL,1
235.6056,-74.1577,-15.5697,0.000,NORMAL,1
235.8351,-73.9283,-15.5639,0.000,NORMAL,1
236.0646,-73.6989,-15.5580,0.000,NORMAL,1
236.2940,-73.4695,-15.5522,0.000,NORMAL,1
236.5642,-73.1997,-15.5665,0.000,NORMAL,1
236.8345,-72.9298,-15.5809,0.000,NORMAL,1
237.1047,-72.6600,-15.5952,0.000,NORMAL,1
237.3688,-72.3968,-15.5722,0.000,NORMAL,1
237.6330,-72.1337,-15.5492,0.000,NORMAL,1
237.8972,-71.8705,-15.5262,0.000,NORMAL,1
238.1516,-71.6164,-15.5396,0.000,NORMAL,1
238.4061,-71.3623,-15.5529,0.000,NORMAL,1
238.6605,-71.1082,-15.5663,0.000,NORMAL,1
238.9015,-70.8707,-15.6071,0.000,NORMAL,1
239.1425,-70.6332,-15.6479,0.000,NORMAL,1
239.3835,-70.3957,-15.6886,0.000,NORMAL,1
239.6244,-70.1582,-15.7294,0.000,NORMAL,1
239.8495,-69.9394,-15.7820,0.000,NORMAL,1
240.0745,-69.7206,-15.8347,0.000,NORMAL,1
240.2996,-69.5018,-15.8873,0.000,NORMAL,1
240.5246,-69.2830,-15.9400,0.000,NORMAL,1
240.7929,-69.0212,-15.9987,0.000,NORMAL,1
241.0612,-68.7594,-16.0574,0.000,NORMAL,1
241.3295,-68.4976,-16.1161,0.000,NORMAL,1
241.5548,-68.2800,-16.1745,0.000,NORMAL,1
241.7801,-68.0624,-16.2328,0.000,NORMAL,1
242.0054,-67.8448,-16.2911,0.000,NORMAL,1
242.2307,-67.6272,-16.3495,0.000,NORMAL,1
242.4973,-67.3714,-16.4248,0.000,NORMAL,1
242.7640,-67.1155,-16.5000,0.000,NORMAL,1
243.0307,-66.8597,-16.5753,0.000,NORMAL,1
243.3045,-66.5892,-16.6173,0.000,NORMAL,1
243.5782,-66.3186,-16.6593,0.000,NORMAL,1
243.8520,-66.0481,-16.7013,0.000,NORMAL,1
244.0794,-65.8315,-16.7705,0.000,NORMAL,1
244.3068,-65.6149,-16.8398,0.000,NORMAL,1
244.5342,-65.3983,-16.9090,0.000,NORMAL,1
244.7616,-65.1817,-16.9782,0.000,NORMAL,1
245.0448,-64.9044,-17.0356,0.000,NORMAL,1
245.3279,-64.6271,-17.0930,0.000,NORMAL,1
245.6111,-64.3498,-17.1504,0.000,NORMAL,1
245.8303,-64.1370,-17.2032,0.000,NORMAL,1
246.0495,-63.9243,-17.2559,0.000,NORMAL,1
246.2688,-63.7115,-17.3087,0.000,NORMAL,1
246.4984,-63.4858,-17.3513,0.000,NORMAL,1
246.7280,-63.2602,-17.3938,0.000,NORMAL,1
246.9576,-63.0346,-17.4364,0.000,NORMAL,1
247.1873,-62.8089,-17.4789,0.000,NORMAL,1
247.4654,-62.5404,-17.5517,0.000,NORMAL,1
247.7436,-62.2720,-17.6244,0.000,NORMAL,1
248.0217,-62.0035,-17.6972,0.000,NORMAL,1
248.2968,-61.7378,-17.7687,0.000,NORMAL,1
248.5720,-61.4722,-17.8402,0.000,NORMAL,1
248.8471,-61.2065,-17.9117,0.000,NORMAL,1
249.0784,-60.9858,-17.9809,0.000,NORMAL,1
249.3097,-60.7651,-18.0501,0.000,NORMAL,1
249.5410,-60.5444,-18.1193,0.000,NORMAL,1
249.7670,-60.3264,-18.1791,0.000,NORMAL,1
249.9931,-60.1084,-18.2388,0.000,NORMAL,1
250.2191,-59.8904,-18.2986,0.000,NORMAL,1
250.4452,-59.6724,-18.3584,0.000,NORMAL,1
250.7390,-59.3892,-18.4367,0.000,NORMAL,1
251.0328,-59.1060,-18.5151,0.000,NORMAL,1
251.3267,-58.8228,-18.5934,0.000,NORMAL,1
251.5929,-58.5840,-18.7112,0.000,NORMAL,1
251.8592,-58.3452,-18.8289,0.000,NORMAL,1
252.1255,-58.1063,-18.9467,0.000,NORMAL,1
252.3918,-57.8675,-19.0645,0.000,NORMAL,1
252.6367,-57.6386,-19.1516,0.000,NORMAL,1
252.8816,-57.4097,-19.2387,0.000,NORMAL,1
253.1265,-57.1808,-19.3258,0.000,NORMAL,1
253.3714,-56.9519,-19.4129,0.000,NORMAL,1
253.6533,-56.6774,-19.4770,0.000,NORMAL,1
253.9352,-56.4029,-19.5411,0.000,NORMAL,1
254.1396,-56.2085,-19.6043,0.000,NORMAL,1
254.3440,-56.0142,-19.6676,0.000,NORMAL,1
254.5484,-55.8198,-19.7308,0.000,NORMAL,1
254.7786,-55.6009,-19.8022,0.000,NORMAL,1
255.0089,-55.3820,-19.8736,0.000,NORMAL,1
255.2391,-55.1631,-19.9449,0.000,NORMAL,1
255.4694,-54.9442,-20.0163,0.000,NORMAL,1
255.7551,-54.6840,-20.1345,0.000,NORMAL,1
256.0409,-54.4238,-20.2526,0.000,NORMAL,1
256.3267,-54.1636,-20.3708,0.000,NORMAL,1
256.6138,-53.8918,-20.4632,0.000,NORMAL,1
256.9008,-53.6201,-20.5557,0.000,NORMAL,1
257.1879,-53.3483,-20.6481,0.000,NORMAL,1
257.4791,-53.0743,-20.7468,0.000,NORMAL,1
257.7704,-52.8002,-20.8454,0.000,NORMAL,1
258.0616,-52.5262,-20.9441,0.000,NORMAL,1
258.3011,-52.3061,-21.0386,0.000,NORMAL,1
258.5406,-52.0861,-21.1330,0.000,NORMAL,1
258.7801,-51.8660,-21.2275,0.000,NORMAL,1
259.0638,-51.6004,-21.3273,0.000,NORMAL,1
259.3475,-51.3349,-21.4272,0.000,NORMAL,1
259.6312,-51.0693,-21.5270,0.000,NORMAL,1
259.9303,-50.7962,-21.6490,0.000,NORMAL,1
260.2294,-50.5232,-21.7711,0.000,NORMAL,1
260.5285,-50.2501,-21.8931,0.000,NORMAL,1
260.8090,-49.9863,-21.9883,0.000,NORMAL,1
261.0895,-49.7224,-22.0835,0.000,NORMAL,1
261.3700,-49.4586,-22.1787,0.000,NORMAL,1
261.5955,-49.2489,-22.2617,0.000,NORMAL,1
261.8210,-49.0391,-22.3447,0.000,NORMAL,1
262.0466,-48.8294,-22.4276,0.000,NORMAL,1
262.2721,-48.6197,-22.5106,0.000,NORMAL,1
262.5569,-48.3557,-22.6173,0.000,NORMAL,1
262.8416,-48.0917,-22.7241,0.000,NORMAL,1
263.1264,-47.8277,-22.8308,0.000,NORMAL,1
263.3754,-47.6103,-22.9522,0.000,NORMAL,1
263.6244,-47.3929,-23.0736,0.000,NORMAL,1
263.8734,-47.1755,-23.1950,0.000,NORMAL,1
264.1224,-46.9581,-23.3164,0.000,NORMAL,1
264.3959,-46.6939,-23.3871,0.000,NORMAL,1
264.6694,-46.4296,-23.4577,0.000,NORMAL,1
264.9430,-46.1654,-23.5284,0.000,NORMAL,1
265.2083,-45.9342,-23.6585,0.000,NORMAL,1
265.4736,-45.7030,-23.7887,0.000,NORMAL,1
265.7389,-45.4718,-23.9188,0.000,NORMAL,1
265.9697,-45.2622,-24.0154,0.000,NORMAL,1
266.2005,-45.0525,-24.1120,0.000,NORMAL,1
266.4313,-44.8429,-24.2085,0.000,NORMAL,1
266.6621,-44.6333,-24.3051,0.000,NORMAL,1
266.9389,-44.3767,-24.4088,0.000,NORMAL,1
267.2156,-44.1200,-24.5124,0.000,NORMAL,1
267.4924,-43.8634,-24.6161,0.000,NORMAL,1
267.7906,-43.5895,-24.7340,0.000,NORMAL,1
268.0887,-43.3157,-24.8518,0.000,NORMAL,1
268.3869,-43.0418,-24.9697,0.000,NORMAL,1
268.6640,-42.7869,-25.0785,0.000,NORMAL,1
268.9412,-42.5321,-25.1874,0.000,NORMAL,1
269.2183,-42.2772,-25.2962,0.000,NORMAL,1
269.4928,-42.0289,-25.4134,0.000,NORMAL,1
269.7674,-41.7806,-25.5305,0.000,NORMAL,1
270.0420,-41.5323,-25.6477,0.000,NORMAL,1
270.3114,-41.2813,-25.7455,0.000,NORMAL,1
270.5808,-41.0302,-25.8433,0.000,NORMAL,1
270.8502,-40.7792,-25.9411,0.000,NORMAL,1
271.0941,-40.5544,-26.0357,0.000,NORMAL,1
271.3380,-40.3295,-26.1302,0.000,NORMAL,1
271.5819,-40.1047,-26.2248,0.000,NORMAL,1
271.8291,-39.8749,-26.3157,0.000,NORMAL,1
272.0763,-39.6450,-26.4066,0.000,NORMAL,1
272.3235,-39.4151,-26.4976,0.000,NORMAL,1
272.5706,-39.1853,-26.5885,0.000,NORMAL,1
272.8484,-38.9281,-26.6934,0.000,NORMAL,1
273.1262,-38.6708,-26.7983,0.000,NORMAL,1
273.4040,-38.4136,-26.9032,0.000,NORMAL,1
273.6514,-38.1865,-27.0012,0.000,NORMAL,1
273.8988,-37.9593,-27.0992,0.000,NORMAL,1
274.1462,-37.7322,-27.1972,0.000,NORMAL,1
274.4194,-37.4768,-27.2944,0.000,NORMAL,1
274.6927,-37.2215,-27.3917,0.000,NORMAL,1
274.9659,-36.9661,-27.4889,0.000,NORMAL,1
275.2200,-36.7264,-27.5731,0.000,NORMAL,1
275.4740,-36.4867,-27.6573,0.000,NORMAL,1
275.7281,-36.2470,-27.7415,0.000,NORMAL,1
276.0014,-35.9958,-27.8493,0.000,NORMAL,1
276.2748,-35.7447,-27.9572,0.000,NORMAL,1
276.5481,-35.4935,-28.0650,0.000,PERP_PARK,1
276.6975,-35.3595,-28.1312,0.000,PERP_PARK,1
276.8469,-35.2242,-28.1946,0.000,PERP_PARK,1
276.9964,-35.0877,-28.2553,0.000,PERP_PARK,1
277.1458,-34.9502,-28.3138,0.000,PERP_PARK,1
277.2952,-34.8118,-28.3701,0.000,PERP_PARK,1
277.4446,-34.6727,-28.4247,0.000,PERP_PARK,1
277.5940,-34.5330,-28.4777,0.000,PERP_PARK,1
277.7435,-34.3928,-28.5293,0.000,PERP_PARK,1
277.8929,-34.2522,-28.5798,0.000,PERP_PARK,1
278.0423,-34.1112,-28.6295,0.000,PERP_PARK,1
278.1917,-33.9701,-28.6786,0.000,PERP_PARK,1
278.3412,-33.8288,-28.7273,0.000,PERP_PARK,1
278.4906,-33.6875,-28.7758,0.000,PERP_PARK,1
278.6400,-33.5462,-28.8244,0.000,PERP_PARK,1
278.7894,-33.4050,-28.8733,0.000,PERP_PARK,1
278.9389,-33.2640,-28.9227,0.000,PERP_PARK,1
279.0883,-33.1232,-28.9728,0.000,PERP_PARK,1
279.2377,-32.9828,-29.0239,0.000,PERP_PARK,1
279.3871,-32.8428,-29.0761,0.000,PERP_PARK,1
279.5365,-32.7034,-29.1298,0.000,PERP_PARK,1
279.6860,-32.5645,-29.1850,0.000,PERP_PARK,1
279.8354,-32.4264,-29.2421,0.000,PERP_PARK,1
279.9848,-32.2892,-29.3012,0.000,PERP_PARK,1
280.1342,-32.1530,-29.3625,0.000,PERP_PARK,1
280.2836,-32.0179,-29.4264,0.000,PERP_PARK,1
280.4331,-31.8840,-29.4929,0.000,PERP_PARK,1
280.5825,-31.7517,-29.5622,0.000,PERP_PARK,1
280.7319,-31.6210,-29.6346,0.000,PERP_PARK,1
280.8813,-31.4922,-29.7103,0.000,PERP_PARK,1
281.0307,-31.3656,-29.7898,0.000,PERP_PARK,1
281.1802,-31.2418,-29.8734,0.000,PERP_PARK,1
281.3296,-31.1213,-29.9618,0.000,PERP_PARK,1
281.4790,-31.0049,-30.0554,0.000,PERP_PARK,1
281.6284,-30.8934,-30.1548,0.000,PERP_PARK,1
281.7778,-30.7878,-30.2605,0.000,PERP_PARK,1
281.9272,-30.6894,-30.3729,0.000,PERP_PARK,1
282.0765,-30.5995,-30.4923,0.000,PERP_PARK,1
282.2259,-30.5198,-30.6186,0.000,PERP_PARK,1
282.3753,-30.4519,-30.7516,0.000,PERP_PARK,1
282.5247,-30.3966,-30.8904,0.000,PERP_PARK,1
282.6741,-30.3531,-31.0333,0.000,PERP_PARK,1
282.8235,-30.3193,-31.1788,0.000,PERP_PARK,1
282.9729,-30.2933,-31.3259,0.000,PERP_PARK,1
283.1223,-30.2732,-31.4740,0.000,PERP_PARK,1
283.2717,-30.2574,-31.6226,0.000,PERP_PARK,1
283.4211,-30.2442,-31.7714,0.000,PERP_PARK,1
283.5705,-30.2323,-31.9204,0.000,PERP_PARK,1
283.7200,-30.2204,-32.0693,0.000,PERP_PARK,1
283.8694,-30.2069,-32.2181,0.000,PERP_PARK,1
284.0188,-30.1908,-32.3667,0.000,PERP_PARK,1
284.1682,-30.1705,-32.5147,0.000,PERP_PARK,1
284.3176,-30.1463,-32.6622,0.000,PERP_PARK,1
284.4671,-30.1188,-32.8090,0.000,PERP_PARK,1
284.6165,-30.0886,-32.9554,0.000,PERP_PARK,1
284.7659,-30.0567,-33.1013,0.000,PERP_PARK,1
284.9153,-30.0237,-33.2471,0.000,PERP_PARK,1
285.0647,-29.9905,-33.3927,0.000,PERP_PARK,1
285.2142,-29.9578,-33.5386,0.000,PERP_PARK,1
285.3636,-29.9265,-33.6847,0.000,PERP_PARK,1
285.5130,-29.8976,-33.8313,0.000,PERP_PARK,1
285.6624,-29.8720,-33.9785,0.000,PERP_PARK,1
285.8118,-29.8507,-34.1264,0.000,PERP_PARK,1
285.9613,-29.8348,-34.2749,0.000,PERP_PARK,1
286.1107,-29.8254,-34.4240,0.000,PERP_PARK,1
286.2601,-29.8237,-34.5734,0.000,PERP_PARK,1
286.4095,-29.8306,-34.7227,0.000,PERP_PARK,1
286.5589,-29.8456,-34.8713,0.000,PERP_PARK,1
286.7083,-29.8678,-35.0191,0.000,PERP_PARK,1
286.8577,-29.8962,-35.1658,0.000,PERP_PARK,1
287.0071,-29.9300,-35.3113,0.000,PERP_PARK,1
287.1565,-29.9683,-35.4557,0.000,PERP_PARK,1
287.3060,-30.0103,-35.5991,0.000,PERP_PARK,1
287.4554,-30.0552,-35.7416,0.000,PERP_PARK,1
287.6048,-30.1023,-35.8834,0.000,PERP_PARK,1
287.7542,-30.1509,-36.0247,0.000,PERP_PARK,1
287.9036,-30.2006,-36.1656,0.000,PERP_PARK,1
288.0531,-30.2514,-36.3062,0.000,PERP_PARK,1
288.2025,-30.3030,-36.4464,0.000,PERP_PARK,1
288.3519,-30.3555,-36.5863,0.000,PERP_PARK,1
288.5013,-30.4088,-36.7259,0.000,PERP_PARK,1
288.6507,-30.4628,-36.8652,0.000,PERP_PARK,1
288.8002,-30.5174,-37.0043,0.000,PERP_PARK,1
288.9496,-30.5726,-37.1431,0.000,PERP_PARK,1
289.0990,-30.6284,-37.2818,0.000,PERP_PARK,1
289.2484,-30.6846,-37.4202,0.000,PERP_PARK,1
289.3979,-30.7411,-37.5585,0.000,PERP_PARK,1
289.5473,-30.7980,-37.6967,0.000,PERP_PARK,1
289.6967,-30.8552,-37.8347,0.000,PERP_PARK,1
289.8461,-30.9126,-37.9727,0.000,PERP_PARK,1
289.9955,-30.9702,-38.1106,0.000,PERP_PARK,1
290.1450,-31.0278,-38.2485,0.000,PERP_PARK,1
290.2944,-31.0855,-38.3863,0.000,PERP_PARK,1
290.4438,-31.1431,-38.5242,0.000,PERP_PARK,1
290.5932,-31.2007,-38.6620,0.000,PERP_PARK,1
290.7427,-31.2582,-38.8000,0.000,PERP_PARK,1
290.8921,-31.3154,-38.9380,0.000,PERP_PARK,1
291.0415,-31.3724,-39.0761,0.000,PERP_PARK,1
291.1909,-31.4293,-39.2143,0.000,PERP_PARK,1
291.3404,-31.4859,-39.3526,0.000,PERP_PARK,1
291.4898,-31.5424,-39.4909,0.000,PERP_PARK,1
291.6392,-31.5987,-39.6293,0.000,PERP_PARK,1
291.7886,-31.6548,-39.7678,0.000,PERP_PARK,1
291.9380,-31.7107,-39.9064,0.000,PERP_PARK,1
292.0875,-31.7665,-40.0450,0.000,PERP_PARK,1
292.2369,-31.8221,-40.1837,0.000,PERP_PARK,1
292.3863,-31.8776,-40.3224,0.000,PERP_PARK,1
292.5357,-31.9329,-40.4612,0.000,PERP_PARK,1
292.6852,-31.9881,-40.6001,0.000,PERP_PARK,1
292.8346,-32.0431,-40.7390,0.000,PERP_PARK,1
292.9840,-32.0981,-40.8780,0.000,PERP_PARK,1
293.1334,-32.1528,-41.0170,0.000,PERP_PARK,1
293.2828,-32.2075,-41.1560,0.000,PERP_PARK,1
293.4323,-32.2621,-41.2951,0.000,PERP_PARK,1
293.5817,-32.3165,-41.4343,0.000,PERP_PARK,1
293.7311,-32.3709,-41.5735,0.000,PERP_PARK,1
293.8805,-32.4252,-41.7127,0.000,PERP_PARK,1
294.0300,-32.4793,-41.8520,0.000,PERP_PARK,1
294.1794,-32.5334,-41.9912,0.000,PERP_PARK,1
294.3288,-32.5874,-42.1306,0.000,PERP_PARK,1
294.4782,-32.6414,-42.2699,0.000,PERP_PARK,1
294.6276,-32.6953,-42.4093,0.000,PERP_PARK,1
294.7771,-32.7491,-42.5487,0.000,PERP_PARK,1
294.9265,-32.8029,-42.6881,0.000,PERP_PARK,1
295.0759,-32.8566,-42.8275,0.000,PERP_PARK,1
295.2253,-32.9103,-42.9669,0.000,PERP_PARK,1
295.3748,-32.9639,-43.1064,0.000,PERP_PARK,1
295.5242,-33.0176,-43.2459,0.000,PERP_PARK,1
295.6736,-33.0712,-43.3853,0.000,PERP_PARK,1
295.8230,-33.1248,-43.5248,0.000,PERP_PARK,1
295.9724,-33.1784,-43.6643,0.000,PERP_PARK,1
296.1219,-33.2319,-43.8038,0.000,PERP_PARK,1
296.2713,-33.2855,-43.9433,0.000,PERP_PARK,1
296.4207,-33.3391,-44.0828,0.000,PERP_PARK,1
296.5701,-33.3927,-44.2222,0.000,PERP_PARK,1
296.7196,-33.4464,-44.3617,0.000,PERP_PARK,1
296.8690,-33.5000,-44.5011,0.000,PERP_PARK,1
297.0184,-33.5537,-44.6406,0.000,PERP_PARK,1
297.1678,-33.6075,-44.7800,0.000,PERP_PARK,1
297.3173,-33.6612,-44.9194,0.000,PERP_PARK,1
297.4667,-33.7151,-45.0588,0.000,PERP_PARK,1
297.6161,-33.7690,-45.1982,0.000,PERP_PARK,1
297.7655,-33.8229,-45.3375,0.000,PERP_PARK,1
297.9149,-33.8769,-45.4768,0.000,PERP_PARK,1
298.0644,-33.9310,-45.6161,0.000,PERP_PARK,1
298.2138,-33.9852,-45.7554,0.000,PERP_PARK,1
298.3632,-34.0395,-45.8946,0.000,PERP_PARK,1
298.5126,-34.0939,-46.0338,0.000,PERP_PARK,1
298.6621,-34.1483,-46.1729,0.000,PERP_PARK,1
298.8115,-34.2029,-46.3120,0.000,PERP_PARK,1
298.9609,-34.2576,-46.4511,0.000,PERP_PARK,1
299.1103,-34.3124,-46.5901,0.000,PERP_PARK,1
299.2597,-34.3674,-46.7290,0.000,PERP_PARK,1
299.4092,-34.4224,-46.8679,0.000,PERP_PARK,1
299.5586,-34.4776,-47.0068,0.000,PERP_PARK,1
299.7080,-34.5330,-47.1456,0.000,PERP_PARK,1
299.8574,-34.5885,-47.2843,0.000,PERP_PARK,1
300.0069,-34.6441,-47.4230,0.000,PERP_PARK,1
300.1563,-34.6999,-47.5616,0.000,PERP_PARK,1
300.3057,-34.7559,-47.7001,0.000,PERP_PARK,1
300.4551,-34.8121,-47.8386,0.000,PERP_PARK,1
300.6045,-34.8684,-47.9770,0.000,PERP_PARK,1
300.7540,-34.9249,-48.1153,0.000,PERP_PARK,1
300.9034,-34.9816,-48.2536,0.000,PERP_PARK,1
301.0528,-35.0385,-48.3917,0.000,PERP_PARK,1
301.2022,-35.0956,-48.5298,0.000,PERP_PARK,1
301.3517,-35.1530,-48.6678,0.000,PERP_PARK,1
301.5011,-35.2105,-48.8057,0.000,PERP_PARK,1
301.6505,-35.2682,-48.9435,0.000,PERP_PARK,1
301.7999,-35.3262,-49.0812,0.000,PERP_PARK,1
301.9493,-35.3844,-49.2188,0.000,PERP_PARK,1
302.0988,-35.4429,-49.3564,0.000,PERP_PARK,1
302.2482,-35.5016,-49.4938,0.000,PERP_PARK,1
302.3976,-35.5605,-49.6311,0.000,PERP_PARK,1
302.5470,-35.6197,-49.7683,0.000,PERP_PARK,1
302.6965,-35.6791,-49.9054,0.000,PERP_PARK,1
302.8459,-35.7388,-50.0423,0.000,PERP_PARK,1
302.9953,-35.7988,-50.1792,0.000,PERP_PARK,1
303.1447,-35.8591,-50.3159,0.000,PERP_PARK,1
303.2942,-35.9196,-50.4525,0.000,PERP_PARK,1
303.4436,-35.9805,-50.5890,0.000,PERP_PARK,1
303.5930,-36.0416,-50.7254,0.000,PERP_PARK,1
303.7424,-36.1030,-50.8616,0.000,PERP_PARK,1
303.8918,-36.1647,-50.9977,0.000,PERP_PARK,1
304.0413,-36.2268,-51.1336,0.000,PERP_PARK,1
304.1907,-36.2891,-51.2694,0.000,PERP_PARK,1
304.3401,-36.3518,-51.4050,0.000,PERP_PARK,1
304.4895,-36.4148,-51.5405,0.000,PERP_PARK,1
304.6390,-36.4781,-51.6759,0.000,PERP_PARK,1
304.7869,-36.3772,-51.5677,0.000,PERP_PARK,1
304.9348,-36.2816,-51.4548,0.000,PERP_PARK,1
305.0827,-36.1907,-51.3381,0.000,PERP_PARK,1
305.2307,-36.1039,-51.2183,0.000,PERP_PARK,1
305.3786,-36.0205,-51.0961,0.000,PERP_PARK,1
305.5265,-35.9397,-50.9722,0.000,PERP_PARK,1
305.6745,-35.8608,-50.8471,0.000,PERP_PARK,1
305.8224,-35.7830,-50.7212,0.000,PERP_PARK,1
305.9704,-35.7055,-50.5952,0.000,PERP_PARK,1
306.1183,-35.6277,-50.4694,0.000,PERP_PARK,1
306.2662,-35.5488,-50.3442,0.000,PERP_PARK,1
306.4142,-35.4682,-50.2202,0.000,PERP_PARK,1
306.5621,-35.3852,-50.0977,0.000,PERP_PARK,1
306.7100,-35.3000,-49.9768,0.000,PERP_PARK,1
306.8580,-35.2130,-49.8571,0.000,PERP_PARK,1
307.0059,-35.1244,-49.7387,0.000,PERP_PARK,1
307.1539,-35.0344,-49.6213,0.000,PERP_PARK,1
307.3018,-34.9434,-49.5046,0.000,PERP_PARK,1
307.4497,-34.8516,-49.3886,0.000,PERP_PARK,1
307.5977,-34.7592,-49.2731,0.000,PERP_PARK,1
307.7456,-34.6666,-49.1577,0.000,PERP_PARK,1
307.8936,-34.5739,-49.0424,0.000,PERP_PARK,1
308.0415,-34.4814,-48.9269,0.000,PERP_PARK,1
308.1894,-34.3893,-48.8111,0.000,PERP_PARK,1
308.3374,-34.2958,-48.6965,0.000,PERP_PARK,1
308.4853,-34.1982,-48.5854,0.000,PERP_PARK,1
308.6332,-34.0938,-48.4806,0.000,PERP_PARK,1
308.7811,-33.9809,-48.3851,0.000,PERP_PARK,1
308.9290,-33.8601,-48.2997,0.000,PERP_PARK,1
309.0769,-33.7329,-48.2242,0.000,PERP_PARK,1
309.2248,-33.6004,-48.1585,0.000,PERP_PARK,1
309.3727,-33.4635,-48.1025,0.000,PERP_PARK,1
309.5206,-33.3232,-48.0556,0.000,PERP_PARK,1
309.6685,-33.1805,-48.0167,0.000,PERP_PARK,1
309.8165,-33.0362,-47.9845,0.000,PERP_PARK,1
309.9644,-32.8907,-47.9576,0.000,PERP_PARK,1
310.1123,-32.7445,-47.9347,0.000,PERP_PARK,1
310.2603,-32.5980,-47.9145,0.000,PERP_PARK,1
310.4082,-32.4512,-47.8957,0.000,PERP_PARK,1
310.5562,-32.3045,-47.8772,0.000,PERP_PARK,1
310.7041,-32.1578,-47.8577,0.000,PERP_PARK,1
310.8520,-32.0114,-47.8363,0.000,PERP_PARK,1
311.0000,-31.8653,-47.8129,0.000,PERP_PARK,1
311.1479,-31.7193,-47.7891,0.000,PERP_PARK,1
311.2958,-31.5732,-47.7664,0.000,PERP_PARK,1
311.4438,-31.4266,-47.7462,0.000,PERP_PARK,1
311.5917,-31.2795,-47.7304,0.000,PERP_PARK,1
311.7396,-31.1319,-47.7207,0.000,PERP_PARK,1
311.8876,-30.9840,-47.7194,0.000,PERP_PARK,1
312.0355,-30.8364,-47.7287,0.000,PERP_PARK,1
312.1834,-30.6899,-47.7492,0.000,PERP_PARK,1
312.3313,-30.5452,-47.7799,0.000,PERP_PARK,1
312.4792,-30.4028,-47.8197,0.000,PERP_PARK,1
312.6271,-30.2627,-47.8672,0.000,PERP_PARK,1
312.7750,-30.1248,-47.9209,0.000,PERP_PARK,1
312.9230,-29.9891,-47.9797,0.000,PERP_PARK,1
313.0709,-29.8550,-48.0423,0.000,PERP_PARK,1
313.2189,-29.7224,-48.1078,0.000,PERP_PARK,1
313.3668,-29.5909,-48.1756,0.000,PERP_PARK,1
313.5147,-29.4603,-48.2451,0.000,PERP_PARK,1
313.6627,-29.3304,-48.3159,0.000,PERP_PARK,1
313.8106,-29.2009,-48.3874,0.000,PERP_PARK,1
313.9585,-29.0715,-48.4591,0.000,PERP_PARK,1
314.1065,-28.9420,-48.5307,0.000,PERP_PARK,1
314.2544,-28.8122,-48.6015,0.000,PERP_PARK,1
314.4024,-28.6817,-48.6712,0.000,PERP_PARK,1
314.5503,-28.5502,-48.7391,0.000,PERP_PARK,1
314.6982,-28.4176,-48.8047,0.000,PERP_PARK,1
314.8462,-28.2836,-48.8673,0.000,PERP_PARK,1
314.9941,-28.1479,-48.9262,0.000,PERP_PARK,1
315.1435,-28.2709,-48.8415,0.000,PERP_PARK,1
315.2928,-28.3948,-48.7581,0.000,PERP_PARK,1
315.4422,-28.5194,-48.6757,0.000,PERP_PARK,1
315.5915,-28.6445,-48.5941,0.000,PERP_PARK,1
315.7409,-28.7699,-48.5130,0.000,PERP_PARK,1
315.8902,-28.8955,-48.4322,0.000,PERP_PARK,1
316.0396,-29.0212,-48.3515,0.000,PERP_PARK,1
316.1889,-29.1468,-48.2708,0.000,PERP_PARK,1
316.3383,-29.2723,-48.1897,0.000,PERP_PARK,1
316.4877,-29.3974,-48.1082,0.000,PERP_PARK,1
316.6370,-29.5222,-48.0260,0.000,PERP_PARK,1
316.7864,-29.6463,-47.9430,0.000,PERP_PARK,1
316.9357,-29.7698,-47.8590,0.000,PERP_PARK,1
317.0851,-29.8925,-47.7738,0.000,PERP_PARK,1
317.2344,-30.0142,-47.6872,0.000,PERP_PARK,1
317.3838,-30.1347,-47.5991,0.000,PERP_PARK,1
317.5331,-30.2540,-47.5092,0.000,PERP_PARK,1
317.6825,-30.3718,-47.4174,0.000,PERP_PARK,1
317.8318,-30.4879,-47.3234,0.000,PERP_PARK,1
317.9812,-30.6021,-47.2272,0.000,PERP_PARK,1
318.1305,-30.7142,-47.1285,0.000,PERP_PARK,1
318.2799,-30.8239,-47.0271,0.000,PERP_PARK,1
318.4293,-30.9309,-46.9229,0.000,PERP_PARK,1
318.5786,-31.0348,-46.8157,0.000,PERP_PARK,1
318.7279,-31.1355,-46.7053,0.000,PERP_PARK,1
318.8773,-31.2323,-46.5916,0.000,PERP_PARK,1
319.0266,-31.3251,-46.4746,0.000,PERP_PARK,1
319.1760,-31.4133,-46.3541,0.000,PERP_PARK,1
319.3253,-31.4965,-46.2301,0.000,PERP_PARK,1
319.4747,-31.5744,-46.1026,0.000,PERP_PARK,1
319.6240,-31.6464,-45.9718,0.000,PERP_PARK,1
319.7734,-31.7121,-45.8377,0.000,PERP_PARK,1
319.9227,-31.7712,-45.7005,0.000,PERP_PARK,1
320.0720,-31.8234,-45.5606,0.000,PERP_PARK,1
320.2214,-31.8684,-45.4182,0.000,PERP_PARK,1
320.3707,-31.9064,-45.2738,0.000,PERP_PARK,1
320.5201,-31.9375,-45.1277,0.000,PERP_PARK,1
320.6694,-31.9622,-44.9804,0.000,PERP_PARK,1
320.8188,-31.9806,-44.8322,0.000,PERP_PARK,1
320.9681,-31.9929,-44.6834,0.000,PERP_PARK,1
321.1174,-31.9992,-44.5342,0.000,PERP_PARK,1
321.2668,-31.9998,-44.3848,0.000,PERP_PARK,1
321.4161,-31.9945,-44.2356,0.000,PERP_PARK,1
321.5655,-31.9836,-44.0866,0.000,PERP_PARK,1
321.7148,-31.9670,-43.9382,0.000,PERP_PARK,1
321.8642,-31.9445,-43.7906,0.000,PERP_PARK,1
322.0135,-31.9163,-43.6439,0.000,PERP_PARK,1
322.1629,-31.8826,-43.4984,0.000,PERP_PARK,1
322.3122,-31.8443,-43.3541,0.000,PERP_PARK,1
322.4616,-31.8022,-43.2108,0.000,PERP_PARK,1
322.6109,-31.7572,-43.0683,0.000,PERP_PARK,1
322.7603,-31.7103,-42.9265,0.000,PERP_PARK,1
322.9096,-31.6616,-42.7854,0.000,PERP_PARK,1
323.0590,-31.6100,-42.6452,0.000,PERP_PARK,1
323.2083,-31.5540,-42.5067,0.000,PERP_PARK,1
323.3577,-31.4925,-42.3707,0.000,PERP_PARK,1
323.5070,-31.4238,-42.2380,0.000,PERP_PARK,1
323.6563,-31.3474,-42.1098,0.000,PERP_PARK,1
323.8057,-31.2674,-41.9836,0.000,PERP_PARK,1
323.9550,-31.1906,-41.8555,0.000,PERP_PARK,1
324.1043,-31.1238,-41.7220,0.000,PERP_PARK,1
324.2537,-31.0682,-41.5834,0.000,PERP_PARK,1
324.4030,-31.0211,-41.4417,0.000,PERP_PARK,1
324.5523,-30.9798,-41.2982,0.000,PERP_PARK,1
324.7017,-30.9415,-41.1538,0.000,PERP_PARK,1
324.8511,-30.9037,-41.0093,0.000,PERP_PARK,1
325.0004,-30.8645,-40.8652,0.000,PERP_PARK,1
325.1498,-30.8236,-40.7216,0.000,PERP_PARK,1
325.2991,-30.7810,-40.5784,0.000,PERP_PARK,1
325.4485,-30.7367,-40.4358,0.000,PERP_PARK,1
325.5978,-30.6910,-40.2936,0.000,PERP_PARK,1
325.7472,-30.6438,-40.1519,0.000,PERP_PARK,1
325.8965,-30.5952,-40.0107,0.000,PERP_PARK,1
326.0459,-30.5453,-39.8699,0.000,PERP_PARK,1
326.1952,-30.4941,-39.7296,0.000,PERP_PARK,1
326.3446,-30.4417,-39.5897,0.000,PERP_PARK,1
326.4940,-30.3881,-39.4503,0.000,PERP_PARK,1
326.6433,-30.3334,-39.3113,0.000,PERP_PARK,1
326.7927,-30.2776,-39.1728,0.000,PERP_PARK,1
326.9420,-30.2210,-39.0346,0.000,PERP_PARK,1
327.0914,-30.1639,-38.8966,0.000,PERP_PARK,1
327.2407,-30.1066,-38.7587,0.000,PERP_PARK,1
327.3901,-30.0495,-38.6207,0.000,PERP_PARK,1
327.5394,-29.9930,-38.4824,0.000,PERP_PARK,1
327.6888,-29.9374,-38.3438,0.000,PERP_PARK,1
327.8382,-29.8830,-38.2047,0.000,PERP_PARK,1
327.9875,-29.8303,-38.0650,0.000,PERP_PARK,1
328.1369,-29.7795,-37.9245,0.000,PERP_PARK,1
328.2862,-29.7310,-37.7832,0.000,PERP_PARK,1
328.4356,-29.6850,-37.6412,0.000,PERP_PARK,1
328.5849,-29.6410,-37.4984,0.000,PERP_PARK,1
328.7343,-29.5982,-37.3553,0.000,PERP_PARK,1
328.8836,-29.5560,-37.2121,0.000,PERP_PARK,1
329.0330,-29.5134,-37.0689,0.000,PERP_PARK,1
329.1823,-29.4699,-36.9260,0.000,PERP_PARK,1
329.3317,-29.4246,-36.7837,0.000,PERP_PARK,1
329.4811,-29.3768,-36.6422,0.000,PERP_PARK,1
329.6304,-29.3258,-36.5018,0.000,PERP_PARK,1
329.7798,-29.2708,-36.3630,0.000,PERP_PARK,1
329.9291,-29.2110,-36.2261,0.000,PERP_PARK,1
330.0784,-29.1460,-36.0917,0.000,PERP_PARK,1
330.2278,-29.0757,-35.9599,0.000,PERP_PARK,1
330.3771,-29.0003,-35.8310,0.000,PERP_PARK,1
330.5265,-28.9202,-35.7050,0.000,PERP_PARK,1
330.6758,-28.8354,-35.5820,0.000,PERP_PARK,1
330.8252,-28.7462,-35.4622,0.000,PERP_PARK,1
330.9745,-28.6528,-35.3456,0.000,PERP_PARK,1
331.1239,-28.5555,-35.2324,0.000,PERP_PARK,1
331.2732,-28.4544,-35.1225,0.000,PERP_PARK,1
331.4226,-28.3496,-35.0160,0.000,PERP_PARK,1
331.5719,-28.2415,-34.9130,0.000,PERP_PARK,1
331.7213,-28.1302,-34.8134,0.000,PERP_PARK,1
331.8706,-28.0158,-34.7174,0.000,PERP_PARK,1
332.0200,-27.8986,-34.6249,0.000,PERP_PARK,1
332.1693,-27.7786,-34.5360,0.000,PERP_PARK,1
332.3187,-27.6560,-34.4506,0.000,PERP_PARK,1
332.4680,-27.5310,-34.3689,0.000,PERP_PARK,1
332.6174,-27.4037,-34.2908,0.000,PERP_PARK,1
332.7667,-27.2742,-34.2164,0.000,PERP_PARK,1
332.9161,-27.1427,-34.1457,0.000,PERP_PARK,1
333.0654,-27.0092,-34.0787,0.000,PERP_PARK,1
333.2148,-26.8739,-34.0155,0.000,PERP_PARK,1
333.3641,-26.7368,-33.9561,0.000,PERP_PARK,1
333.5135,-26.5982,-33.9006,0.000,PERP_PARK,1
333.6628,-26.4580,-33.8490,0.000,PERP_PARK,1
333.8122,-26.3165,-33.8012,0.000,PERP_PARK,1
333.9615,-26.1737,-33.7574,0.000,PERP_PARK,1
334.1109,-26.0299,-33.7173,0.000,PERP_PARK,1
334.2602,-25.8849,-33.6811,0.000,PERP_PARK,1
334.4096,-25.7391,-33.6488,0.000,PERP_PARK,1
334.5589,-25.5926,-33.6202,0.000,PERP_PARK,1
334.7083,-25.4453,-33.5953,0.000,PERP_PARK,1
334.8576,-25.2974,-33.5742,0.000,PERP_PARK,1
335.0070,-25.1491,-33.5567,0.000,PERP_PARK,1
335.1563,-25.0004,-33.5429,0.000,PERP_PARK,1
335.3057,-24.8514,-33.5327,0.000,PERP_PARK,1
335.4550,-24.7022,-33.5259,0.000,PERP_PARK,1
335.6044,-24.5529,-33.5227,0.000,PERP_PARK,1
335.7537,-24.4035,-33.5229,0.000,PERP_PARK,1
335.9031,-24.2542,-33.5265,0.000,PERP_PARK,1
336.0524,-24.1050,-33.5335,0.000,PERP_PARK,1
336.2018,-23.9560,-33.5437,0.000,PERP_PARK,1
336.3511,-23.8073,-33.5572,0.000,PERP_PARK,1
336.5005,-23.6589,-33.5739,0.000,PERP_PARK,1
336.6499,-23.5109,-33.5937,0.000,PERP_PARK,1
336.7992,-23.3633,-33.6167,0.000,PERP_PARK,1
336.9486,-23.2162,-33.6428,0.000,PERP_PARK,1
337.0979,-23.0697,-33.6718,0.000,PERP_PARK,1
337.2473,-22.9238,-33.7039,0.000,PERP_PARK,1
337.3966,-22.7787,-33.7390,0.000,PERP_PARK,1
337.5460,-22.6342,-33.7769,0.000,PERP_PARK,1
337.6953,-22.4906,-33.8178,0.000,PERP_PARK,1
337.8447,-22.3477,-33.8615,0.000,PERP_PARK,1
337.9940,-22.2058,-33.9080,0.000,PERP_PARK,1
338.1434,-22.0648,-33.9573,0.000,PERP_PARK,1
338.2927,-21.9249,-34.0094,0.000,PERP_PARK,1
338.4421,-21.7860,-34.0642,0.000,PERP_PARK,1
338.5914,-21.6481,-34.1218,0.000,PERP_PARK,1
338.7408,-21.5115,-34.1821,0.000,PERP_PARK,1
338.8901,-21.3761,-34.2451,0.000,PERP_PARK,1
339.0395,-21.2419,-34.3107,0.000,PERP_PARK,1
339.1888,-21.1091,-34.3790,0.000,PERP_PARK,1
339.3382,-20.9776,-34.4499,0.000,PERP_PARK,1
339.4876,-20.8476,-34.5234,0.000,PERP_PARK,1
339.6369,-20.7192,-34.5996,0.000,PERP_PARK,1
339.7863,-20.5923,-34.6783,0.000,PERP_PARK,1
339.9356,-20.4670,-34.7597,0.000,PERP_PARK,1
340.0850,-20.3435,-34.8436,0.000,PERP_PARK,1
340.2343,-20.2217,-34.9301,0.000,PERP_PARK,1
340.5223,-19.9942,-35.1067,0.000,PERP_PARK,1
340.8103,-19.7666,-35.2832,0.000,PERP_PARK,1
341.0983,-19.5391,-35.4598,0.000,NORMAL,1
341.3550,-19.3287,-35.6068,0.000,NORMAL,1
341.6117,-19.1183,-35.7538,0.000,NORMAL,1
341.8683,-18.9079,-35.9008,0.000,NORMAL,1
342.1261,-18.7368,-36.0936,0.000,NORMAL,1
342.3839,-18.5657,-36.2864,0.000,NORMAL,1
342.6417,-18.3946,-36.4792,0.000,NORMAL,1
342.9329,-18.2138,-36.7075,0.000,NORMAL,1
343.2241,-18.0330,-36.9359,0.000,NORMAL,1
343.5154,-17.8522,-37.1642,0.000,NORMAL,1
343.7644,-17.7227,-37.3769,0.000,NORMAL,1
344.0134,-17.5932,-37.5896,0.000,NORMAL,1
344.2625,-17.4637,-37.8023,0.000,NORMAL,1
344.5115,-17.3342,-38.0150,0.000,NORMAL,1
344.7559,-17.2584,-38.2474,0.000,NORMAL,1
345.0004,-17.1826,-38.4798,0.000,NORMAL,1
345.2448,-17.1068,-38.7122,0.000,NORMAL,1
345.5334,-17.0274,-38.9896,0.000,NORMAL,1
345.8219,-16.9480,-39.2670,0.000,NORMAL,1
346.1104,-16.8686,-39.5444,0.000,NORMAL,1
346.3840,-16.8314,-39.8154,0.000,NORMAL,1
346.6575,-16.7942,-40.0864,0.000,NORMAL,1
346.9310,-16.7569,-40.3573,0.000,NORMAL,1
347.2045,-16.7197,-40.6283,0.000,NORMAL,1
347.4847,-16.7428,-40.9076,0.000,NORMAL,1
347.7650,-16.7659,-41.1868,0.000,NORMAL,1
348.0452,-16.7890,-41.4661,0.000,NORMAL,1
348.2719,-16.8322,-41.6886,0.000,NORMAL,1
348.4985,-16.8753,-41.9111,0.000,NORMAL,1
348.7252,-16.9184,-42.1337,0.000,NORMAL,1
348.9519,-16.9616,-42.3562,0.000,NORMAL,1
349.2019,-17.0274,-42.5975,0.000,NORMAL,1
349.4520,-17.0932,-42.8387,0.000,NORMAL,1
349.7021,-17.1590,-43.0800,0.000,NORMAL,1
349.9776,-17.2477,-43.3409,0.000,NORMAL,1
350.2531,-17.3363,-43.6017,0.000,NORMAL,1
350.5287,-17.4250,-43.8626,0.000,NORMAL,1
350.7333,-17.5049,-44.0510,0.000,NORMAL,1
350.9380,-17.5847,-44.2395,0.000,NORMAL,1
351.1427,-17.6646,-44.4279,0.000,NORMAL,1
351.3940,-17.7389,-44.6680,0.000,NORMAL,1
351.6453,-17.8132,-44.9081,0.000,NORMAL,1
351.8966,-17.8874,-45.1481,0.000,NORMAL,1
352.1479,-17.9617,-45.3882,0.000,NORMAL,1
352.4198,-18.0507,-45.6452,0.000,NORMAL,1
352.6918,-18.1398,-45.9022,0.000,NORMAL,1
352.9638,-18.2288,-46.1592,0.000,NORMAL,1
353.2395,-18.3571,-46.4032,0.000,NORMAL,1
353.5152,-18.4855,-46.6472,0.000,NORMAL,1
353.7909,-18.6138,-46.8912,0.000,NORMAL,1
354.0630,-18.7135,-47.1444,0.000,NORMAL,1
354.3350,-18.8131,-47.3975,0.000,NORMAL,1
354.6071,-18.9128,-47.6507,0.000,NORMAL,1
354.8671,-19.0037,-47.8943,0.000,NORMAL,1
355.1271,-19.0946,-48.1379,0.000,NORMAL,1
355.3871,-19.1855,-48.3815,0.000,NORMAL,1
355.6334,-19.2847,-48.6068,0.000,NORMAL,1
355.8796,-19.3840,-48.8322,0.000,NORMAL,1
356.1258,-19.4832,-49.0575,0.000,NORMAL,1
356.3738,-19.5879,-49.2823,0.000,NORMAL,1
356.6218,-19.6926,-49.5072,0.000,NORMAL,1
356.8698,-19.7973,-49.7320,0.000,NORMAL,1
357.1648,-19.9115,-50.0040,0.000,NORMAL,1
357.4598,-20.0256,-50.2760,0.000,NORMAL,1
357.7548,-20.1398,-50.5480,0.000,NORMAL,1
357.9806,-20.2182,-50.7597,0.000,NORMAL,1
358.2064,-20.2966,-50.9715,0.000,NORMAL,1
358.4322,-20.3750,-51.1832,0.000,NORMAL,1
358.6575,-20.4538,-51.3944,0.000,NORMAL,1
358.8829,-20.5325,-51.6055,0.000,NORMAL,1
359.1083,-20.6113,-51.8167,0.000,NORMAL,1
359.3716,-20.7136,-52.0593,0.000,NORMAL,1
359.6349,-20.8158,-52.3020,0.000,NORMAL,1
359.8982,-20.9181,-52.5446,0.000,NORMAL,1
360.1626,-21.0183,-52.7893,0.000,NORMAL,1
360.4270,-21.1184,-53.0339,0.000,NORMAL,1
360.6913,-21.2186,-53.2786,0.000,NORMAL,1
360.9527,-21.3301,-53.5149,0.000,NORMAL,1
361.2140,-21.4417,-53.7513,0.000,NORMAL,1
361.4753,-21.5532,-53.9876,0.000,NORMAL,1
361.7413,-21.6635,-54.2296,0.000,NORMAL,1
362.0073,-21.7739,-54.4717,0.000,NORMAL,1
362.2733,-21.8842,-54.7137,0.000,NORMAL,1
362.5003,-21.9940,-54.9123,0.000,NORMAL,1
362.7272,-22.1037,-55.1110,0.000,NORMAL,1
362.9541,-22.2135,-55.3096,0.000,NORMAL,1
363.2227,-22.3137,-55.5588,0.000,NORMAL,1
363.4913,-22.4140,-55.8080,0.000,NORMAL,1
363.7600,-22.5142,-56.0572,0.000,NORMAL,1
364.0183,-22.6297,-56.2882,0.000,NORMAL,1
364.2765,-22.7452,-56.5192,0.000,NORMAL,1
364.5348,-22.8608,-56.7503,0.000,NORMAL,1
364.7931,-22.9763,-56.9813,0.000,NORMAL,1
365.0509,-23.1010,-57.2069,0.000,NORMAL,1
365.3087,-23.2258,-57.4324,0.000,NORMAL,1
365.5664,-23.3505,-57.6580,0.000,NORMAL,1
365.8266,-23.4644,-57.8919,0.000,NORMAL,1
366.0867,-23.5783,-58.1258,0.000,NORMAL,1
366.3469,-23.6922,-58.3597,0.000,NORMAL,1
366.6071,-23.8061,-58.5936,0.000,NORMAL,1
366.8779,-23.9426,-58.8275,0.000,NORMAL,1
367.1487,-24.0791,-59.0614,0.000,NORMAL,1
367.4195,-24.2156,-59.2953,0.000,NORMAL,1
367.7171,-24.3879,-59.5380,0.000,NORMAL,1
368.0148,-24.5603,-59.7806,0.000,NORMAL,1
368.3124,-24.7326,-60.0233,0.000,NORMAL,1
368.5549,-24.8686,-60.2240,0.000,NORMAL,1
368.7973,-25.0045,-60.4248,0.000,NORMAL,1
369.0397,-25.1405,-60.6255,0.000,NORMAL,1
369.2849,-25.3005,-60.8113,0.000,NORMAL,1
369.5301,-25.4605,-60.9972,0.000,NORMAL,1
369.7753,-25.6204,-61.1830,0.000,NORMAL,1
370.0205,-25.7804,-61.3688,0.000,NORMAL,1
370.3107,-26.0049,-61.5526,0.000,NORMAL,1
370.6008,-26.2294,-61.7364,0.000,NORMAL,1
370.8910,-26.4539,-61.9202,0.000,NORMAL,1
371.1486,-26.6798,-62.0441,0.000,NORMAL,1
371.4063,-26.9057,-62.1681,0.000,NORMAL,1
371.6640,-27.1316,-62.2920,0.000,NORMAL,1
371.8940,-27.3458,-62.3761,0.000,NORMAL,1
372.1241,-27.5600,-62.4601,0.000,NORMAL,1
372.3542,-27.7741,-62.5442,0.000,NORMAL,1
372.5843,-27.9883,-62.6283,0.000,NORMAL,1
372.8676,-28.2689,-62.6671,0.000,NORMAL,1
373.1508,-28.5495,-62.7059,0.000,NORMAL,1
373.4341,-28.8301,-62.7447,0.000,NORMAL,1
373.6628,-29.0579,-62.7642,0.000,NORMAL,1
373.8914,-29.2858,-62.7837,0.000,NORMAL,1
374.1201,-29.5136,-62.8033,0.000,NORMAL,1
374.3488,-29.7414,-62.8228,0.000,NORMAL,1
374.6425,-30.0352,-62.8235,0.000,NORMAL,1
374.9363,-30.3289,-62.8242,0.000,NORMAL,1
375.2301,-30.6227,-62.8249,0.000,NORMAL,1
375.5173,-30.9041,-62.7672,0.000,NORMAL,1
375.8046,-31.1855,-62.7094,0.000,NORMAL,1
376.0918,-31.4669,-62.6517,0.000,NORMAL,1
376.3617,-31.7296,-62.5899,0.000,NORMAL,1
376.6316,-31.9923,-62.5282,0.000,NORMAL,1
376.9014,-32.2550,-62.4664,0.000,NORMAL,1
377.1738,-32.5143,-62.3832,0.000,NORMAL,1
377.4461,-32.7737,-62.3001,0.000,NORMAL,1
377.7185,-33.0330,-62.2169,0.000,NORMAL,1
377.9606,-33.2623,-62.1391,0.000,NORMAL,1
378.2027,-33.4915,-62.0612,0.000,NORMAL,1
378.4448,-33.7208,-61.9834,0.000,NORMAL,1
378.6869,-33.9500,-61.9055,0.000,NORMAL,1
378.9123,-34.1627,-61.8308,0.000,NORMAL,1
379.1378,-34.3754,-61.7560,0.000,NORMAL,1
379.3633,-34.5881,-61.6812,0.000,NORMAL,1
379.5887,-34.8008,-61.6065,0.000,NORMAL,1
379.7905,-34.9881,-61.5316,0.000,NORMAL,1
379.9922,-35.1755,-61.4567,0.000,NORMAL,1
380.1940,-35.3628,-61.3818,0.000,NORMAL,1
380.4117,-35.5566,-61.2825,0.000,NORMAL,1
380.6294,-35.7503,-61.1832,0.000,NORMAL,1
380.8471,-35.9441,-61.0839,0.000,NORMAL,1
381.1117,-36.1803,-60.9648,0.000,NORMAL,1
381.3762,-36.4165,-60.8457,0.000,NORMAL,1
381.6407,-36.6527,-60.7266,0.000,NORMAL,1
381.9225,-36.9223,-60.6447,0.000,NORMAL,1
382.2043,-37.1919,-60.5627,0.000,NORMAL,1
382.4860,-37.4615,-60.4808,0.000,NORMAL,1
382.7678,-37.7311,-60.3989,0.000,NORMAL,1
383.0217,-37.9631,-60.2959,0.000,NORMAL,1
383.2755,-38.1951,-60.1928,0.000,NORMAL,1
383.5294,-38.4271,-60.0898,0.000,NORMAL,1
383.7620,-38.6432,-60.0038,0.000,NORMAL,1
383.9946,-38.8594,-59.9178,0.000,NORMAL,1
384.2272,-39.0755,-59.8318,0.000,NORMAL,1
384.4598,-39.2916,-59.7458,0.000,NORMAL,1
384.7573,-39.5474,-59.5940,0.000,NORMAL,1
385.0547,-39.8032,-59.4422,0.000,NORMAL,1
385.3401,-40.0614,-59.3207,0.000,NORMAL,1
385.6255,-40.3197,-59.1993,0.000,NORMAL,1
385.9108,-40.5779,-59.0778,0.000,NORMAL,1
386.1620,-40.8098,-58.9813,0.000,NORMAL,1
386.4132,-41.0418,-58.8848,0.000,NORMAL,1
386.6644,-41.2737,-58.7883,0.000,NORMAL,1
386.9156,-41.5056,-58.6918,0.000,NORMAL,1
387.1760,-41.7464,-58.5928,0.000,NORMAL,1
387.4364,-41.9872,-58.4937,0.000,NORMAL,1
387.6967,-42.2280,-58.3947,0.000,NORMAL,1
387.9571,-42.4688,-58.2957,0.000,NORMAL,1
388.2398,-42.7236,-58.1731,0.000,NORMAL,1
388.5226,-42.9783,-58.0505,0.000,NORMAL,1
388.8053,-43.2331,-57.9279,0.000,NORMAL,1
389.0751,-43.4631,-57.7867,0.000,NORMAL,1
389.3450,-43.6931,-57.6455,0.000,NORMAL,1
389.6149,-43.9230,-57.5044,0.000,NORMAL,1
389.8847,-44.1530,-57.3632,0.000,NORMAL,1
390.1546,-44.3830,-57.2220,0.000,NORMAL,1
390.4179,-44.5999,-57.0727,0.000,NORMAL,1
390.6812,-44.8167,-56.9234,0.000,NORMAL,1
390.9445,-45.0336,-56.7741,0.000,NORMAL,1
391.2078,-45.2505,-56.6248,0.000,NORMAL,1
391.4705,-45.3990,-56.4081,0.000,NORMAL,1
391.7332,-45.5475,-56.1913,0.000,NORMAL,1
391.9959,-45.6960,-55.9746,0.000,NORMAL,1
392.2586,-45.8445,-55.7579,0.000,NORMAL,1
392.5470,-45.9264,-55.4814,0.000,NORMAL,1
392.8354,-46.0084,-55.2049,0.000,NORMAL,1
393.1238,-46.0903,-54.9284,0.000,NORMAL,1
393.3355,-46.1221,-54.7191,0.000,NORMAL,1
393.5471,-46.1540,-54.5099,0.000,NORMAL,1
393.7588,-46.1858,-54.3006,0.000,NORMAL,1
394.0560,-46.2280,-54.0065,0.000,NORMAL,1
394.3531,-46.2702,-53.7123,0.000,NORMAL,1
394.6502,-46.3124,-53.4182,0.000,NORMAL,1
394.8936,-46.3063,-53.1749,0.000,NORMAL,1
395.1370,-46.3001,-52.9316,0.000,NORMAL,1
395.3804,-46.2940,-52.6883,0.000,NORMAL,1
395.6671,-46.2524,-52.4046,0.000,NORMAL,1
395.9537,-46.2109,-52.1210,0.000,NORMAL,1
396.2404,-46.1694,-51.8374,0.000,NORMAL,1
396.5271,-46.1278,-51.5537,0.000,NORMAL,1
396.7750,-46.0494,-51.3186,0.000,NORMAL,1
397.0228,-45.9710,-51.0834,0.000,NORMAL,1
397.2707,-45.8925,-50.8483,0.000,NORMAL,1
397.5186,-45.8141,-50.6131,0.000,NORMAL,1
397.7664,-45.7357,-50.3780,0.000,NORMAL,1
397.9863,-45.6705,-50.1680,0.000,NORMAL,1
398.2062,-45.6053,-49.9580,0.000,NORMAL,1
398.4261,-45.5401,-49.7480,0.000,NORMAL,1
398.6860,-45.4447,-49.5063,0.000,NORMAL,1
398.9459,-45.3492,-49.2645,0.000,NORMAL,1
399.2058,-45.2538,-49.0228,0.000,NORMAL,1
399.4753,-45.1496,-48.7743,0.000,NORMAL,1
399.7448,-45.0454,-48.5257,0.000,NORMAL,1
400.0143,-44.9412,-48.2772,0.000,NORMAL,1
400.2956,-44.8300,-48.0188,0.000,NORMAL,1
400.5769,-44.7188,-47.7604,0.000,NORMAL,1
400.8582,-44.6076,-47.5020,0.000,NORMAL,1
401.1076,-44.5134,-47.2711,0.000,NORMAL,1
401.3570,-44.4192,-47.0401,0.000,NORMAL,1
401.6064,-44.3250,-46.8092,0.000,NORMAL,1
401.8558,-44.2308,-46.5783,0.000,NORMAL,1
402.1125,-44.1477,-46.3354,0.000,NORMAL,1
402.3692,-44.0646,-46.0926,0.000,NORMAL,1
402.6259,-43.9815,-45.8497,0.000,NORMAL,1
402.8826,-43.8984,-45.6068,0.000,NORMAL,1
403.1663,-43.8017,-45.3401,0.000,NORMAL,1
403.4500,-43.7049,-45.0734,0.000,NORMAL,1
403.7337,-43.6082,-44.8067,0.000,NORMAL,1
403.9951,-43.4956,-44.5708,0.000,NORMAL,1
404.2564,-43.3831,-44.3349,0.000,NORMAL,1
404.5178,-43.2705,-44.0990,0.000,NORMAL,1
404.7670,-43.1740,-43.8692,0.000,NORMAL,1
405.0162,-43.0776,-43.6395,0.000,NORMAL,1
405.2654,-42.9811,-43.4098,0.000,NORMAL,1
405.5146,-42.8846,-43.1800,0.000,NORMAL,1
405.7568,-42.7909,-42.9566,0.000,NORMAL,1
405.9991,-42.6973,-42.7331,0.000,NORMAL,1
406.2414,-42.6036,-42.5097,0.000,NORMAL,1
406.5061,-42.5009,-42.2657,0.000,NORMAL,1
406.7708,-42.3983,-42.0218,0.000,NORMAL,1
407.0354,-42.2956,-41.7778,0.000,NORMAL,1
407.2870,-42.2036,-41.5437,0.000,NORMAL,1
407.5386,-42.1116,-41.3095,0.000,NORMAL,1
407.7901,-42.0196,-41.0754,0.000,NORMAL,1
408.0724,-41.9396,-40.8047,0.000,NORMAL,1
408.3547,-41.8595,-40.5340,0.000,NORMAL,1
408.6370,-41.7795,-40.2632,0.000,NORMAL,1
408.9193,-41.6995,-39.9925,0.000,NORMAL,1
409.1930,-41.5851,-39.7439,0.000,NORMAL,1
409.4666,-41.4708,-39.4953,0.000,NORMAL,1
409.7403,-41.3564,-39.2467,0.000,NORMAL,1
410.0129,-41.2439,-38.9984,0.000,NORMAL,1
410.2854,-41.1313,-38.7502,0.000,NORMAL,1
410.5580,-41.0188,-38.5019,0.000,NORMAL,1
410.7870,-40.9282,-38.2916,0.000,NORMAL,1
411.0159,-40.8376,-38.0814,0.000,NORMAL,1
411.2448,-40.7471,-37.8712,0.000,NORMAL,1
411.4737,-40.6565,-37.6609,0.000,NORMAL,1
411.7259,-40.5449,-37.4348,0.000,NORMAL,1
411.9780,-40.4332,-37.2088,0.000,NORMAL,1
412.2301,-40.3216,-36.9827,0.000,NORMAL,1
412.5035,-40.2327,-36.7242,0.000,NORMAL,1
412.7768,-40.1437,-36.4657,0.000,NORMAL,1
413.0502,-40.0548,-36.2073,0.000,NORMAL,1
413.3235,-39.9659,-35.9488,0.000,NORMAL,1
413.6041,-39.8581,-35.6897,0.000,NORMAL,1
413.8848,-39.7503,-35.4306,0.000,NORMAL,1
414.1654,-39.6425,-35.1715,0.000,NORMAL,1
414.4460,-39.5347,-34.9124,0.000,NORMAL,1
414.7365,-39.4173,-34.6467,0.000,NORMAL,1
415.0270,-39.2999,-34.3810,0.000,NORMAL,1
415.3175,-39.1825,-34.1153,0.000,NORMAL,1
415.5637,-39.0692,-33.8966,0.000,NORMAL,1
415.8100,-38.9559,-33.6780,0.000,NORMAL,1
416.0562,-38.8426,-33.4594,0.000,NORMAL,1
416.3025,-38.7293,-33.2407,0.000,NORMAL,1
416.5459,-38.6528,-33.0097,0.000,NORMAL,1
416.7892,-38.5764,-32.7786,0.000,NORMAL,1
417.0326,-38.4999,-32.5476,0.000,NORMAL,1
417.2759,-38.4234,-32.3166,0.000,NORMAL,1
417.5037,-38.4188,-32.0888,0.000,NORMAL,1
417.7316,-38.4141,-31.8611,0.000,NORMAL,1
417.9594,-38.4095,-31.6333,0.000,NORMAL,1
418.2239,-38.3683,-31.3720,0.000,NORMAL,1
418.4884,-38.3270,-31.1107,0.000,NORMAL,1
418.7529,-38.2858,-30.8495,0.000,NORMAL,1
419.0174,-38.2445,-30.5882,0.000,NORMAL,1
419.2914,-38.2539,-30.3144,0.000,NORMAL,1
419.5654,-38.2633,-30.0405,0.000,NORMAL,1
419.8394,-38.2727,-29.7667,0.000,NORMAL,1
420.1005,-38.2552,-29.5062,0.000,NORMAL,1
420.3616,-38.2378,-29.2457,0.000,NORMAL,1
420.6227,-38.2203,-28.9852,0.000,NORMAL,1
420.8837,-38.2028,-28.7247,0.000,NORMAL,1
421.1488,-38.2520,-28.4643,0.000,NORMAL,1
421.4138,-38.3013,-28.2039,0.000,NORMAL,1
421.6788,-38.3505,-27.9435,0.000,NORMAL,1
421.9249,-38.3952,-27.7015,0.000,NORMAL,1
422.1709,-38.4398,-27.4595,0.000,NORMAL,1
422.4170,-38.4844,-27.2175,0.000,NORMAL,1
422.6631,-38.5291,-26.9755,0.000,NORMAL,1
422.8988,-38.5629,-26.7422,0.000,NORMAL,1
423.1345,-38.5966,-26.5089,0.000,NORMAL,1
423.3702,-38.6304,-26.2757,0.000,NORMAL,1
423.6059,-38.6642,-26.0424,0.000,NORMAL,1
423.8975,-38.7109,-25.7546,0.000,NORMAL,1
424.1892,-38.7577,-25.4667,0.000,NORMAL,1
424.4808,-38.8044,-25.1789,0.000,NORMAL,1
424.7378,-38.8546,-24.9268,0.000,NORMAL,1
424.9948,-38.9047,-24.6747,0.000,NORMAL,1
425.2519,-38.9549,-24.4226,0.000,NORMAL,1
425.5064,-39.0260,-24.1782,0.000,NORMAL,1
425.7610,-39.0970,-23.9337,0.000,NORMAL,1
426.0155,-39.1681,-23.6893,0.000,NORMAL,1
426.3136,-39.3307,-23.4395,0.000,NORMAL,1
426.6116,-39.4933,-23.1898,0.000,NORMAL,1
426.9096,-39.6559,-22.9400,0.000,NORMAL,1
427.1886,-39.8565,-22.7462,0.000,NORMAL,1
427.4675,-40.0572,-22.5524,0.000,NORMAL,1
427.7465,-40.2578,-22.3586,0.000,NORMAL,1
427.9879,-40.4717,-22.2467,0.000,NORMAL,1
428.2292,-40.6855,-22.1348,0.000,NORMAL,1
428.4706,-40.8994,-22.0228,0.000,NORMAL,1
428.7120,-41.1132,-21.9109,0.000,NORMAL,1
428.9534,-41.3271,-21.7990,0.000,NORMAL,1
429.2254,-41.5671,-21.6709,0.000,NORMAL,1
429.4974,-41.8070,-21.5429,0.000,NORMAL,1
429.7694,-42.0470,-21.4148,0.000,NORMAL,1
430.0633,-42.3140,-21.2919,0.000,NORMAL,1
430.3573,-42.5811,-21.1691,0.000,NORMAL,1
430.6512,-42.8481,-21.0462,0.000,NORMAL,1
430.8911,-43.0633,-20.9402,0.000,NORMAL,1
431.1310,-43.2786,-20.8342,0.000,NORMAL,1
431.3710,-43.4938,-20.7281,0.000,NORMAL,1
431.6109,-43.7090,-20.6221,0.000,NORMAL,1
431.8369,-43.9183,-20.5369,0.000,NORMAL,1
432.0628,-44.1276,-20.4518,0.000,NORMAL,1
432.2888,-44.3369,-20.3666,0.000,NORMAL,1
432.5148,-44.5462,-20.2814,0.000,NORMAL,1
432.7448,-44.7599,-20.1961,0.000,NORMAL,1
432.9749,-44.9736,-20.1108,0.000,NORMAL,1
433.2049,-45.1872,-20.0256,0.000,NORMAL,1
433.4350,-45.4009,-19.9403,0.000,NORMAL,1
433.6634,-45.6085,-19.8450,0.000,NORMAL,1
433.8918,-45.8161,-19.7497,0.000,NORMAL,1
434.1202,-46.0236,-19.6544,0.000,NORMAL,1
434.3486,-46.2312,-19.5591,0.000,NORMAL,1
434.6095,-46.4684,-19.4505,0.000,NORMAL,1
434.8704,-46.7056,-19.3420,0.000,NORMAL,1
435.1312,-46.9428,-19.2334,0.000,NORMAL,1
435.3921,-47.1800,-19.1248,0.000,NORMAL,1
435.6895,-47.4583,-19.0198,0.000,NORMAL,1
435.9870,-47.7365,-18.9147,0.000,NORMAL,1
436.2844,-48.0148,-18.8097,0.000,NORMAL,1
436.5279,-48.2435,-18.7261,0.000,NORMAL,1
436.7713,-48.4721,-18.6424,0.000,NORMAL,1
437.0148,-48.7007,-18.5587,0.000,NORMAL,1
437.2583,-48.9294,-18.4751,0.000,NORMAL,1
437.5405,-49.1820,-18.3492,0.000,NORMAL,1
437.8227,-49.4346,-18.2234,0.000,NORMAL,1
438.1049,-49.6872,-18.0975,0.000,NORMAL,1
438.3769,-49.9396,-17.9963,0.000,NORMAL,1
438.6489,-50.1920,-17.8951,0.000,NORMAL,1
438.9208,-50.4445,-17.7939,0.000,NORMAL,1
439.1928,-50.6969,-17.6927,0.000,NORMAL,1
439.4652,-50.9490,-17.5894,0.000,NORMAL,1
439.7376,-51.2010,-17.4860,0.000,NORMAL,1
440.0100,-51.4531,-17.3827,0.000,NORMAL,1
440.2889,-51.7065,-17.2663,0.000,NORMAL,1
440.5678,-51.9599,-17.1499,0.000,NORMAL,1
440.8466,-52.2133,-17.0335,0.000,NORMAL,1
441.1423,-52.4916,-16.9337,0.000,NORMAL,1
441.4380,-52.7700,-16.8338,0.000,NORMAL,1
441.7337,-53.0483,-16.7340,0.000,NORMAL,1
442.0008,-53.3027,-16.6527,0.000,NORMAL,1
442.2679,-53.5572,-16.5714,0.000,NORMAL,1
442.5350,-53.8116,-16.4902,0.000,NORMAL,1
442.8021,-54.0660,-16.4089,0.000,NORMAL,1
443.0373,-54.2867,-16.3274,0.000,NORMAL,1
443.2725,-54.5073,-16.2460,0.000,NORMAL,1
443.5077,-54.7279,-16.1645,0.000,NORMAL,1
443.7429,-54.9486,-16.0830,0.000,NORMAL,1
443.9796,-55.1647,-15.9865,0.000,NORMAL,1
444.2162,-55.3807,-15.8899,0.000,NORMAL,1
444.4529,-55.5968,-15.7934,0.000,NORMAL,1
444.6895,-55.8129,-15.6969,0.000,NORMAL,1
444.9683,-56.0712,-15.5920,0.000,NORMAL,1
445.2471,-56.3294,-15.4870,0.000,NORMAL,1
445.5258,-56.5876,-15.3820,0.000,NORMAL,1
445.8046,-56.8459,-15.2771,0.000,NORMAL,1
446.1003,-57.1185,-15.1624,0.000,NORMAL,1
446.3961,-57.3911,-15.0477,0.000,NORMAL,1
446.6918,-57.6637,-14.9330,0.000,NORMAL,1
446.9899,-57.9400,-14.8211,0.000,NORMAL,1
447.2879,-58.2162,-14.7093,0.000,NORMAL,1
447.5860,-58.4925,-14.5974,0.000,NORMAL,1
447.8749,-58.7575,-14.4822,0.000,NORMAL,1
448.1639,-59.0224,-14.3669,0.000,NORMAL,1
448.4528,-59.2874,-14.2517,0.000,NORMAL,1
448.6885,-59.5108,-14.1768,0.000,NORMAL,1
448.9241,-59.7343,-14.1019,0.000,NORMAL,1
449.1598,-59.9577,-14.0270,0.000,NORMAL,1
449.3955,-60.1812,-13.9521,0.000,NORMAL,1
449.6704,-60.4434,-13.8696,0.000,NORMAL,1
449.9453,-60.7057,-13.7871,0.000,NORMAL,1
450.2202,-60.9679,-13.7046,0.000,NORMAL,1
450.4584,-61.1894,-13.6169,0.000,NORMAL,1
450.6966,-61.4108,-13.5292,0.000,NORMAL,1
450.9347,-61.6322,-13.4415,0.000,NORMAL,1
451.1729,-61.8537,-13.3538,0.000,NORMAL,1
451.4154,-62.0823,-13.2730,0.000,NORMAL,1
451.6579,-62.3110,-13.1923,0.000,NORMAL,1
451.9003,-62.5396,-13.1115,0.000,NORMAL,1
452.1428,-62.7682,-13.0308,0.000,NORMAL,1
452.3824,-62.9904,-12.9411,0.000,NORMAL,1
452.6220,-63.2126,-12.8515,0.000,NORMAL,1
452.8616,-63.4348,-12.7618,0.000,NORMAL,1
453.0914,-63.6531,-12.6901,0.000,NORMAL,1
453.3211,-63.8713,-12.6184,0.000,NORMAL,1
453.5508,-64.0896,-12.5467,0.000,NORMAL,1
453.7805,-64.3078,-12.4750,0.000,NORMAL,1
454.0168,-64.5315,-12.3991,0.000,NORMAL,1
454.2530,-64.7552,-12.3233,0.000,NORMAL,1
454.4892,-64.9790,-12.2475,0.000,NORMAL,1
454.7255,-65.2027,-12.1716,0.000,NORMAL,1
454.9600,-65.4235,-12.0925,0.000,NORMAL,1
455.1945,-65.6442,-12.0135,0.000,NORMAL,1
455.4290,-65.8650,-11.9345,0.000,NORMAL,1
455.6635,-66.0858,-11.8554,0.000,NORMAL,1
455.9077,-66.3131,-11.7658,0.000,NORMAL,1
456.1520,-66.5403,-11.6762,0.000,NORMAL,1
456.3963,-66.7675,-11.5867,0.000,NORMAL,1
456.6405,-66.9948,-11.4971,0.000,NORMAL,1
456.8898,-67.2261,-11.4044,0.000,NORMAL,1
457.1390,-67.4575,-11.3117,0.000,NORMAL,1
457.3882,-67.6889,-11.2190,0.000,NORMAL,1
457.6375,-67.9202,-11.1263,0.000,NORMAL,1
457.9077,-68.1726,-11.0298,0.000,NORMAL,1
458.1779,-68.4250,-10.9333,0.000,NORMAL,1
458.4481,-68.6774,-10.8367,0.000,NORMAL,1
458.7184,-68.9298,-10.7402,0.000,NORMAL,1
458.9875,-69.1797,-10.6404,0.000,NORMAL,1
459.2566,-69.4297,-10.5405,0.000,NORMAL,1
459.5257,-69.6796,-10.4407,0.000,NORMAL,1
459.7949,-69.9295,-10.3409,0.000,NORMAL,1
460.0654,-70.1866,-10.2566,0.000,NORMAL,1
460.3359,-70.4436,-10.1723,0.000,NORMAL,1
460.6064,-70.7006,-10.0880,0.000,NORMAL,1
460.8769,-70.9577,-10.0037,0.000,NORMAL,1
461.1155,-71.1826,-9.9241,0.000,NORMAL,1
461.3541,-71.4075,-9.8445,0.000,NORMAL,1
461.5926,-71.6324,-9.7650,0.000,NORMAL,1
461.8312,-71.8573,-9.6854,0.000,NORMAL,1
462.0726,-72.0874,-9.6124,0.000,NORMAL,1
462.3140,-72.3175,-9.5393,0.000,NORMAL,1
462.5554,-72.5476,-9.4663,0.000,NORMAL,1
462.7968,-72.7777,-9.3933,0.000,NORMAL,1
463.0698,-73.0265,-9.2810,0.000,NORMAL,1
463.3427,-73.2752,-9.1687,0.000,NORMAL,1
463.6157,-73.5240,-9.0564,0.000,NORMAL,1
463.8886,-73.7728,-8.9441,0.000,NORMAL,1
464.1334,-74.0097,-8.8827,0.000,NORMAL,1
464.3782,-74.2467,-8.8212,0.000,NORMAL,1
464.6230,-74.4837,-8.7598,0.000,NORMAL,1
464.8677,-74.7206,-8.6984,0.000,NORMAL,1
465.1315,-74.9749,-8.6283,0.000,NORMAL,1
465.3953,-75.2292,-8.5583,0.000,NORMAL,1
465.6591,-75.4835,-8.4882,0.000,NORMAL,1
465.9437,-75.7592,-8.4178,0.000,NORMAL,1
466.2283,-76.0350,-8.3473,0.000,NORMAL,1
466.5128,-76.3107,-8.2769,0.000,NORMAL,1
466.8035,-76.5986,-8.2369,0.000,NORMAL,1
467.0941,-76.8864,-8.1968,0.000,NORMAL,1
467.3847,-77.1743,-8.1567,0.000,NORMAL,1
467.6753,-77.4621,-8.1167,0.000,NORMAL,1
467.9611,-77.7473,-8.0975,0.000,NORMAL,1
468.2469,-78.0324,-8.0784,0.000,NORMAL,1
468.5327,-78.3175,-8.0592,0.000,NORMAL,1
468.8185,-78.6027,-8.0400,0.000,NORMAL,1
469.0461,-78.8286,-8.0681,0.000,NORMAL,1
469.2737,-79.0544,-8.0963,0.000,NORMAL,1
469.5013,-79.2802,-8.1244,0.000,NORMAL,1
469.7289,-79.5061,-8.1526,0.000,NORMAL,1
469.9928,-79.7674,-8.1894,0.000,NORMAL,1
470.2567,-80.0288,-8.2263,0.000,NORMAL,1
470.5206,-80.2901,-8.2631,0.000,NORMAL,1
470.7988,-80.5301,-8.4035,0.000,NORMAL,1
471.0769,-80.7702,-8.5440,0.000,NORMAL,1
471.3550,-81.0102,-8.6845,0.000,NORMAL,1
471.6331,-81.2503,-8.8249,0.000,NORMAL,1
471.8839,-81.4576,-8.9660,0.000,NORMAL,1
472.1347,-81.6650,-9.1071,0.000,NORMAL,1
472.3854,-81.8723,-9.2481,0.000,NORMAL,1
472.6362,-82.0796,-9.3892,0.000,NORMAL,1
472.8946,-82.2901,-9.5391,0.000,NORMAL,1
473.1531,-82.5007,-9.6890,0.000,NORMAL,1
473.4115,-82.7113,-9.8388,0.000,NORMAL,1
473.6700,-82.9218,-9.9887,0.000,NORMAL,1
473.9229,-83.1192,-10.1469,0.000,NORMAL,1
474.1759,-83.3166,-10.3050,0.000,NORMAL,1
474.4288,-83.5140,-10.4631,0.000,NORMAL,1
474.6817,-83.7114,-10.6213,0.000,NORMAL,1
474.9551,-83.9152,-10.8035,0.000,NORMAL,1
475.2285,-84.1191,-10.9857,0.000,NORMAL,1
475.5020,-84.3229,-11.1680,0.000,NORMAL,1
475.7754,-84.5267,-11.3502,0.000,NORMAL,1
476.0228,-84.7006,-11.5263,0.000,NORMAL,1
476.2702,-84.8744,-11.7023,0.000,NORMAL,1
476.5177,-85.0482,-11.8784,0.000,NORMAL,1
476.7651,-85.2221,-12.0545,0.000,NORMAL,1
477.0347,-85.3935,-12.2626,0.000,NORMAL,1
477.3043,-85.5648,-12.4708,0.000,NORMAL,1
477.5739,-85.7361,-12.6789,0.000,NORMAL,1
477.8435,-85.9075,-12.8870,0.000,NORMAL,1
478.1035,-86.0290,-13.1170,0.000,NORMAL,1
478.3636,-86.1505,-13.3469,0.000,NORMAL,1
478.6237,-86.2719,-13.5769,0.000,NORMAL,1
478.8838,-86.3934,-13.8069,0.000,NORMAL,1
479.1678,-86.5352,-14.0530,0.000,NORMAL,1
479.4519,-86.6769,-14.2992,0.000,NORMAL,1
479.7359,-86.8187,-14.5453,0.000,NORMAL,1
480.0337,-86.9499,-14.8127,0.000,NORMAL,1
480.3315,-87.0810,-15.0800,0.000,NORMAL,1
480.6294,-87.2122,-15.3474,0.000,NORMAL,1
480.8709,-87.3152,-15.5659,0.000,NORMAL,1
481.1124,-87.4181,-15.7843,0.000,NORMAL,1
481.3539,-87.5211,-16.0027,0.000,NORMAL,1
481.5954,-87.6241,-16.2212,0.000,NORMAL,1
481.8227,-87.7251,-16.4248,0.000,NORMAL,1
482.0500,-87.8261,-16.6285,0.000,NORMAL,1
482.2774,-87.9272,-16.8321,0.000,NORMAL,1
482.5047,-88.0282,-17.0358,0.000,NORMAL,1
482.8032,-88.1472,-17.3095,0.000,NORMAL,1
483.1017,-88.2663,-17.5833,0.000,NORMAL,1
483.4002,-88.3853,-17.8570,0.000,NORMAL,1
483.6642,-88.4917,-18.0986,0.000,NORMAL,1
483.9282,-88.5982,-18.3402,0.000,NORMAL,1
484.1922,-88.7047,-18.5818,0.000,NORMAL,1
484.4562,-88.8111,-18.8234,0.000,NORMAL,1
484.7160,-88.9126,-19.0626,0.000,NORMAL,1
484.9758,-89.0140,-19.3017,0.000,NORMAL,1
485.2357,-89.1155,-19.5409,0.000,NORMAL,1
485.4955,-89.2170,-19.7801,0.000,NORMAL,1
485.7508,-89.3214,-20.0130,0.000,NORMAL,1
486.0061,-89.4259,-20.2460,0.000,NORMAL,1
486.2614,-89.5303,-20.4790,0.000,NORMAL,1
486.5167,-89.6348,-20.7119,0.000,NORMAL,1
486.8129,-89.7569,-20.9819,0.000,NORMAL,1
487.1092,-89.8789,-21.2518,0.000,NORMAL,1
487.4054,-90.0010,-21.5217,0.000,NORMAL,1
487.7017,-90.1230,-21.7917,0.000,NORMAL,1
487.9864,-90.2345,-22.0537,0.000,NORMAL,1
488.2712,-90.3460,-22.3158,0.000,NORMAL,1
488.5559,-90.4574,-22.5778,0.000,NORMAL,1
488.8407,-90.5689,-22.8398,0.000,NORMAL,1
489.0912,-90.6613,-23.0726,0.000,NORMAL,1
489.3416,-90.7536,-23.3054,0.000,NORMAL,1
489.5921,-90.8460,-23.5382,0.000,NORMAL,1
489.8425,-90.9384,-23.7710,0.000,NORMAL,1
490.1318,-91.0602,-24.0334,0.000,NORMAL,1
490.4211,-91.1821,-24.2957,0.000,NORMAL,1
490.7104,-91.3040,-24.5581,0.000,NORMAL,1
490.9997,-91.4258,-24.8205,0.000,NORMAL,1
491.2397,-91.5048,-25.0472,0.000,NORMAL,1
491.4798,-91.5838,-25.2738,0.000,NORMAL,1
491.7198,-91.6629,-25.5005,0.000,NORMAL,1
491.9598,-91.7419,-25.7271,0.000,NORMAL,1
492.1999,-91.8209,-25.9538,0.000,NORMAL,1
492.4606,-91.9074,-26.1998,0.000,NORMAL,1
492.7214,-91.9939,-26.4458,0.000,NORMAL,1
492.9822,-92.0804,-26.6918,0.000,NORMAL,1
493.2429,-92.1669,-26.9378,0.000,NORMAL,1
493.5009,-92.2588,-27.1788,0.000,NORMAL,1
493.7588,-92.3507,-27.4198,0.000,NORMAL,1
494.0167,-92.4426,-27.6608,0.000,NORMAL,1
494.2746,-92.5345,-27.9018,0.000,NORMAL,1
494.5326,-92.6264,-28.1428,0.000,NORMAL,1
494.8059,-92.7303,-28.3956,0.000,NORMAL,1
495.0792,-92.8343,-28.6484,0.000,NORMAL,1
495.3526,-92.9382,-28.9012,0.000,NORMAL,1
495.5953,-93.0189,-29.1302,0.000,NORMAL,1
495.8381,-93.0996,-29.3591,0.000,NORMAL,1
496.0809,-93.1804,-29.5880,0.000,NORMAL,1
496.3236,-93.2611,-29.8170,0.000,NORMAL,1
496.6157,-93.3691,-30.0884,0.000,NORMAL,1
496.9078,-93.4770,-30.3599,0.000,NORMAL,1
497.1999,-93.5849,-30.6313,0.000,NORMAL,1
497.4920,-93.6929,-30.9027,0.000,NORMAL,1
497.7798,-93.7934,-31.1724,0.000,NORMAL,1
498.0676,-93.8939,-31.4421,0.000,NORMAL,1
498.3554,-93.9944,-31.7117,0.000,NORMAL,1
498.6432,-94.0949,-31.9814,0.000,NORMAL,1
498.8656,-94.1308,-32.2009,0.000,NORMAL,1
499.0880,-94.1666,-32.4203,0.000,NORMAL,1
499.3103,-94.2025,-32.6398,0.000,NORMAL,1
499.5876,-94.2682,-32.9091,0.000,NORMAL,1
499.8649,-94.3340,-33.1785,0.000,NORMAL,1
500.1421,-94.3997,-33.4479,0.000,NORMAL,1
500.4194,-94.4654,-33.7172,0.000,NORMAL,1
500.7073,-94.4916,-34.0039,0.000,NORMAL,1
500.9952,-94.5178,-34.2907,0.000,NORMAL,1
501.2832,-94.5439,-34.5774,0.000,NORMAL,1
501.5711,-94.5701,-34.8642,0.000,NORMAL,1
501.8326,-94.5621,-35.1255,0.000,NORMAL,1
502.0940,-94.5541,-35.3868,0.000,NORMAL,1
502.3555,-94.5462,-35.6482,0.000,NORMAL,1
502.6169,-94.5382,-35.9095,0.000,NORMAL,1
502.8805,-94.5207,-36.1725,0.000,NORMAL,1
503.1441,-94.5033,-36.4355,0.000,NORMAL,1
503.4077,-94.4858,-36.6985,0.000,NORMAL,1
503.6178,-94.4436,-36.9044,0.000,NORMAL,1
503.8280,-94.4015,-37.1103,0.000,NORMAL,1
504.0382,-94.3593,-37.3162,0.000,NORMAL,1
504.2779,-94.3061,-37.5499,0.000,NORMAL,1
504.5176,-94.2528,-37.7837,0.000,NORMAL,1
504.7573,-94.1996,-38.0174,0.000,NORMAL,1
504.9970,-94.1464,-38.2511,0.000,NORMAL,1
505.2909,-94.0289,-38.5205,0.000,NORMAL,1
505.5848,-93.9115,-38.7899,0.000,NORMAL,1
505.8787,-93.7940,-39.0593,0.000,NORMAL,1
506.1726,-93.6765,-39.3287,0.000,NORMAL,1
506.4529,-93.5364,-39.5715,0.000,NORMAL,1
506.7332,-93.3963,-39.8142,0.000,NORMAL,1
507.0135,-93.2562,-40.0570,0.000,NORMAL,1
507.2937,-93.1161,-40.2997,0.000,NORMAL,1
507.5740,-92.9760,-40.5425,0.000,NORMAL,1
507.8292,-92.7955,-40.7229,0.000,NORMAL,1
508.0844,-92.6150,-40.9033,0.000,NORMAL,1
508.3396,-92.4345,-41.0836,0.000,NORMAL,1
508.5948,-92.2540,-41.2640,0.000,NORMAL,1
508.8499,-92.0735,-41.4444,0.000,NORMAL,1
509.1191,-91.8601,-41.6084,0.000,NORMAL,1
509.3882,-91.6467,-41.7724,0.000,NORMAL,1
509.6574,-91.4333,-41.9364,0.000,NORMAL,1
509.9265,-91.2199,-42.1004,0.000,NORMAL,1
510.1956,-91.0065,-42.2644,0.000,NORMAL,1
510.4853,-90.7469,-42.3929,0.000,NORMAL,1
510.7750,-90.4872,-42.5213,0.000,NORMAL,1
511.0647,-90.2276,-42.6498,0.000,NORMAL,1
511.3366,-89.9943,-42.7894,0.000,NORMAL,1
511.6084,-89.7610,-42.9290,0.000,NORMAL,1
511.8803,-89.5276,-43.0685,0.000,NORMAL,1
512.1522,-89.2943,-43.2081,0.000,NORMAL,1
512.4016,-89.0824,-43.3395,0.000,NORMAL,1
512.6509,-88.8705,-43.4709,0.000,NORMAL,1
512.9003,-88.6585,-43.6023,0.000,NORMAL,1
513.1496,-88.4466,-43.7337,0.000,NORMAL,1
513.4363,-88.1866,-43.8546,0.000,NORMAL,1
513.7230,-87.9266,-43.9754,0.000,NORMAL,1
514.0097,-87.6667,-44.0962,0.000,NORMAL,1
514.2964,-87.4067,-44.2171,0.000,NORMAL,1
514.5903,-87.1372,-44.3343,0.000,NORMAL,1
514.8841,-86.8678,-44.4516,0.000,NORMAL,1
515.1780,-86.5983,-44.5688,0.000,NORMAL,1
515.4583,-86.3451,-44.6891,0.000,NORMAL,1
515.7386,-86.0920,-44.8094,0.000,NORMAL,1
516.0188,-85.8389,-44.9297,0.000,NORMAL,1
516.2991,-85.5857,-45.0501,0.000,NORMAL,1
516.5794,-85.3325,-45.1704,0.000,NORMAL,1
516.8597,-85.0794,-45.2907,0.000,NORMAL,1
517.1519,-84.8127,-45.4100,0.000,NORMAL,1
517.4441,-84.5460,-45.5294,0.000,NORMAL,1
517.7363,-84.2793,-45.6487,0.000,NORMAL,1
518.0284,-84.0126,-45.7681,0.000,NORMAL,1
518.3206,-83.7459,-45.8874,0.000,NORMAL,1
518.5683,-83.5145,-45.9758,0.000,NORMAL,1
518.8160,-83.2832,-46.0642,0.000,NORMAL,1
519.0637,-83.0518,-46.1526,0.000,NORMAL,1
519.3114,-82.8204,-46.2410,0.000,NORMAL,1
519.5796,-82.5693,-46.3354,0.000,NORMAL,1
519.8479,-82.3183,-46.4299,0.000,NORMAL,1
520.1161,-82.0672,-46.5243,0.000,NORMAL,1
520.3425,-81.8579,-46.6107,0.000,NORMAL,1
520.5690,-81.6486,-46.6972,0.000,NORMAL,1
520.7954,-81.4393,-46.7837,0.000,NORMAL,1
521.0219,-81.2300,-46.8701,0.000,NORMAL,1
521.2653,-81.0071,-46.9679,0.000,NORMAL,1
521.5088,-80.7841,-47.0657,0.000,NORMAL,1
521.7522,-80.5612,-47.1635,0.000,NORMAL,1
521.9957,-80.3382,-47.2613,0.000,NORMAL,1
522.2391,-80.1153,-47.3591,0.000,NORMAL,1
522.4894,-79.8949,-47.4776,0.000,NORMAL,1
522.7397,-79.6744,-47.5961,0.000,NORMAL,1
522.9899,-79.4540,-47.7145,0.000,NORMAL,1
523.2402,-79.2335,-47.8330,0.000,NORMAL,1
523.4904,-79.0131,-47.9515,0.000,NORMAL,1
523.6936,-78.8187,-48.0108,0.000,NORMAL,1
523.8969,-78.6244,-48.0700,0.000,NORMAL,1
524.1001,-78.4300,-48.1293,0.000,NORMAL,1
524.3689,-78.1869,-48.2440,0.000,NORMAL,1
524.6377,-77.9437,-48.3586,0.000,NORMAL,1
524.9065,-77.7006,-48.4733,0.000,NORMAL,1
525.1771,-77.4545,-48.5858,0.000,NORMAL,1
525.4477,-77.2083,-48.6982,0.000,NORMAL,1
525.7183,-76.9622,-48.8106,0.000,NORMAL,1
525.9889,-76.7161,-48.9231,0.000,NORMAL,1
526.2700,-76.4556,-49.0288,0.000,NORMAL,1
526.5512,-76.1951,-49.1345,0.000,NORMAL,1
526.8323,-75.9345,-49.2402,0.000,NORMAL,1
527.1135,-75.6740,-49.3459,0.000,NORMAL,1
527.3553,-75.4447,-49.4228,0.000,NORMAL,1
527.5971,-75.2154,-49.4996,0.000,NORMAL,1
527.8390,-74.9862,-49.5765,0.000,NORMAL,1
528.0808,-74.7569,-49.6533,0.000,NORMAL,1
528.3226,-74.5276,-49.7302,0.000,NORMAL,1
528.6064,-74.2640,-49.8354,0.000,NORMAL,1
528.8903,-74.0003,-49.9407,0.000,NORMAL,1
529.1741,-73.7367,-50.0459,0.000,NORMAL,1
529.4580,-73.4731,-50.1511,0.000,NORMAL,1
529.7438,-73.2077,-50.2573,0.000,NORMAL,1
530.0297,-72.9423,-50.3634,0.000,NORMAL,1
530.3155,-72.6769,-50.4696,0.000,NORMAL,1
530.5368,-72.4591,-50.5082,0.000,NORMAL,1
530.7580,-72.2412,-50.5467,0.000,NORMAL,1
530.9792,-72.0234,-50.5853,0.000,NORMAL,1
531.2525,-71.7691,-50.6853,0.000,NORMAL,1
531.5258,-71.5147,-50.7854,0.000,NORMAL,1
531.7991,-71.2604,-50.8854,0.000,NORMAL,1
532.0724,-71.0017,-50.9735,0.000,NORMAL,1
532.3457,-70.7430,-51.0617,0.000,NORMAL,1
532.6190,-70.4843,-51.1499,0.000,NORMAL,1
532.8923,-70.2256,-51.2380,0.000,NORMAL,1
533.1529,-69.9876,-51.3440,0.000,NORMAL,1
533.4134,-69.7496,-51.4499,0.000,NORMAL,1
533.6739,-69.5115,-51.5559,0.000,NORMAL,1
533.9345,-69.2735,-51.6618,0.000,NORMAL,1
534.1950,-69.0355,-51.7678,0.000,NORMAL,1
534.4811,-68.7709,-51.8766,0.000,NORMAL,1
534.7672,-68.5063,-51.9855,0.000,NORMAL,1
535.0533,-68.2417,-52.0943,0.000,NORMAL,1
535.3176,-68.0052,-52.2123,0.000,NORMAL,1
535.5818,-67.7688,-52.3302,0.000,NORMAL,1
535.8461,-67.5324,-52.4482,0.000,NORMAL,1
536.1103,-67.2959,-52.5662,0.000,NORMAL,1
536.3782,-67.0448,-52.6594,0.000,NORMAL,1
536.6460,-66.7937,-52.7527,0.000,NORMAL,1
536.9139,-66.5426,-52.8459,0.000,NORMAL,1
537.1817,-66.2915,-52.9391,0.000,NORMAL,1
537.4570,-66.0409,-53.0531,0.000,NORMAL,1
537.7323,-65.7903,-53.1671,0.000,NORMAL,1
538.0076,-65.5398,-53.2811,0.000,NORMAL,1
538.2829,-65.2892,-53.3951,0.000,NORMAL,1
538.5245,-65.0657,-53.4869,0.000,NORMAL,1
538.7662,-64.8422,-53.5787,0.000,NORMAL,1
539.0078,-64.6186,-53.6706,0.000,NORMAL,1
539.2494,-64.3951,-53.7624,0.000,NORMAL,1
539.4911,-64.1716,-53.8542,0.000,NORMAL,1
539.7498,-63.9336,-53.9556,0.000,NORMAL,1
540.0084,-63.6957,-54.0570,0.000,NORMAL,1
540.2671,-63.4577,-54.1583,0.000,NORMAL,1
540.5258,-63.2197,-54.2597,0.000,NORMAL,1
540.8130,-62.9569,-54.3756,0.000,NORMAL,1
541.1003,-62.6941,-54.4916,0.000,NORMAL,1
541.3875,-62.4312,-54.6075,0.000,NORMAL,1
541.6748,-62.1684,-54.7234,0.000,NORMAL,1
541.9507,-61.9079,-54.8145,0.000,NORMAL,1
542.2267,-61.6475,-54.9056,0.000,NORMAL,1
542.5026,-61.3870,-54.9967,0.000,NORMAL,1
542.7359,-61.1714,-55.0857,0.000,NORMAL,1
542.9692,-60.9557,-55.1748,0.000,NORMAL,1
543.2025,-60.7400,-55.2638,0.000,NORMAL,1
543.4358,-60.5244,-55.3529,0.000,NORMAL,1
543.6785,-60.2997,-55.4446,0.000,NORMAL,1
543.9212,-60.0750,-55.5363,0.000,NORMAL,1
544.1638,-59.8504,-55.6279,0.000,NORMAL,1
544.4065,-59.6257,-55.7196,0.000,NORMAL,1
544.6492,-59.4010,-55.8113,0.000,NORMAL,1
544.9471,-59.1219,-55.9155,0.000,NORMAL,1
545.2451,-58.8427,-56.0198,0.000,NORMAL,1
545.5431,-58.5635,-56.1240,0.000,NORMAL,1
545.8411,-58.2844,-56.2282,0.000,NORMAL,1
546.1204,-58.0333,-56.3507,0.000,NORMAL,1
546.3998,-57.7822,-56.4732,0.000,NORMAL,1
546.6792,-57.5312,-56.5957,0.000,NORMAL,1
546.9585,-57.2801,-56.7182,0.000,NORMAL,1
547.2244,-57.0352,-56.8220,0.000,NORMAL,1
547.4904,-56.7904,-56.9257,0.000,NORMAL,1
547.7563,-56.5455,-57.0295,0.000,NORMAL,1
548.0222,-56.3007,-57.1332,0.000,NORMAL,1
548.2642,-56.0725,-57.2137,0.000,NORMAL,1
548.5063,-55.8442,-57.2942,0.000,NORMAL,1
548.7483,-55.6160,-57.3747,0.000,NORMAL,1
548.9903,-55.3877,-57.4552,0.000,NORMAL,1
549.2323,-55.1595,-57.5357,0.000,NORMAL,1
549.4751,-54.9322,-57.6212,0.000,NORMAL,1
549.7180,-54.7049,-57.7066,0.000,NORMAL,1
549.9608,-54.4777,-57.7921,0.000,NORMAL,1
550.2036,-54.2504,-57.8775,0.000,NORMAL,1
550.4464,-54.0231,-57.9630,0.000,NORMAL,1
550.6978,-53.7899,-58.0570,0.000,NORMAL,1
550.9493,-53.5567,-58.1510,0.000,NORMAL,1
551.2007,-53.3235,-58.2450,0.000,NORMAL,1
551.4521,-53.0903,-58.3390,0.000,NORMAL,1
551.7036,-52.8571,-58.4330,0.000,NORMAL,1
551.9362,-52.6355,-58.5039,0.000,NORMAL,1
552.1689,-52.4139,-58.5748,0.000,NORMAL,1
552.4015,-52.1923,-58.6456,0.000,NORMAL,1
552.6342,-51.9707,-58.7165,0.000,NORMAL,1
552.9102,-51.7133,-58.8160,0.000,NORMAL,1
553.1862,-51.4558,-58.9156,0.000,NORMAL,1
553.4622,-51.1984,-59.0151,0.000,NORMAL,1
553.7382,-50.9410,-59.1146,0.000,NORMAL,1
553.9654,-50.7287,-59.1956,0.000,NORMAL,1
554.1926,-50.5165,-59.2766,0.000,NORMAL,1
554.4198,-50.3042,-59.3575,0.000,NORMAL,1
554.6470,-50.0919,-59.4385,0.000,NORMAL,1
554.9240,-49.8354,-59.5434,0.000,NORMAL,1
555.2011,-49.5790,-59.6483,0.000,NORMAL,1
555.4782,-49.3225,-59.7533,0.000,NORMAL,1
555.7553,-49.0661,-59.8582,0.000,NORMAL,1
556.0324,-48.8096,-59.9631,0.000,NORMAL,1
556.3310,-48.5356,-60.0816,0.000,NORMAL,1
556.6295,-48.2615,-60.2000,0.000,NORMAL,1
556.9281,-47.9875,-60.3185,0.000,NORMAL,1
557.2267,-47.7134,-60.4370,0.000,NORMAL,1
557.5073,-47.4558,-60.5483,0.000,NORMAL,1
557.7879,-47.1982,-60.6596,0.000,NORMAL,1
558.0685,-46.9406,-60.7709,0.000,NORMAL,1
558.3491,-46.6830,-60.8822,0.000,NORMAL,1
558.6296,-46.4170,-60.9712,0.000,NORMAL,1
558.9102,-46.1509,-61.0602,0.000,NORMAL,1
559.1907,-45.8849,-61.1492,0.000,NORMAL,1
559.4712,-45.6189,-61.2382,0.000,NORMAL,1
559.7388,-45.3704,-61.3375,0.000,NORMAL,1
560.0063,-45.1220,-61.4368,0.000,NORMAL,1
560.2739,-44.8736,-61.5361,0.000,NORMAL,1
560.5414,-44.6251,-61.6354,0.000,NORMAL,1
560.8194,-44.3717,-61.7496,0.000,NORMAL,1
561.0974,-44.1183,-61.8637,0.000,NORMAL,1
561.3753,-43.8648,-61.9779,0.000,NORMAL,1
561.6533,-43.6114,-62.0921,0.000,NORMAL,1
561.9264,-43.3617,-62.2028,0.000,NORMAL,1
562.1996,-43.1120,-62.3135,0.000,NORMAL,1
562.4727,-42.8623,-62.4243,0.000,NORMAL,1
562.7459,-42.6126,-62.5350,0.000,NORMAL,1
563.0190,-42.3629,-62.6457,0.000,NORMAL,1
563.3085,-42.0923,-62.7485,0.000,NORMAL,1
563.5980,-41.8217,-62.8513,0.000,NORMAL,1
563.8875,-41.5510,-62.9541,0.000,NORMAL,1
564.1770,-41.2804,-63.0569,0.000,NORMAL,1
564.4256,-41.0529,-63.1572,0.000,NORMAL,1
564.6742,-40.8254,-63.2575,0.000,NORMAL,1
564.9229,-40.5979,-63.3578,0.000,NORMAL,1
565.1715,-40.3704,-63.4581,0.000,NORMAL,1
565.4201,-40.1429,-63.5584,0.000,NORMAL,1
565.6834,-39.8989,-63.6572,0.000,NORMAL,1
565.9466,-39.6549,-63.7561,0.000,NORMAL,1
566.2099,-39.4109,-63.8550,0.000,NORMAL,1
566.4732,-39.1669,-63.9538,0.000,NORMAL,1
566.7160,-38.9410,-64.0429,0.000,NORMAL,1
566.9589,-38.7151,-64.1320,0.000,NORMAL,1
567.2017,-38.4891,-64.2211,0.000,NORMAL,1
567.4446,-38.2632,-64.3102,0.000,NORMAL,1
567.6874,-38.0373,-64.3993,0.000,NORMAL,1
567.9330,-37.8158,-64.5052,0.000,NORMAL,1
568.1785,-37.5943,-64.6112,0.000,NORMAL,1
568.4240,-37.3729,-64.7171,0.000,NORMAL,1
568.6695,-37.1514,-64.8231,0.000,NORMAL,1
568.9150,-36.9299,-64.9290,0.000,NORMAL,1
569.2130,-36.6555,-65.0450,0.000,NORMAL,1
569.5109,-36.3810,-65.1609,0.000,NORMAL,1
569.8088,-36.1065,-65.2769,0.000,NORMAL,1
570.1068,-35.8321,-65.3929,0.000,NORMAL,1
570.3674,-35.5939,-65.4987,0.000,NORMAL,1
570.6280,-35.3558,-65.6045,0.000,NORMAL,1
570.8886,-35.1176,-65.7102,0.000,NORMAL,1
571.1492,-34.8795,-65.8160,0.000,NORMAL,1
571.4098,-34.6413,-65.9218,0.000,NORMAL,1
571.6635,-34.4022,-66.0068,0.000,NORMAL,1
571.9172,-34.1632,-66.0917,0.000,NORMAL,1
572.1709,-33.9241,-66.1766,0.000,NORMAL,1
572.4246,-33.6850,-66.2616,0.000,NORMAL,1
572.6716,-33.4568,-66.3561,0.000,NORMAL,1
572.9185,-33.2287,-66.4505,0.000,NORMAL,1
573.1655,-33.0005,-66.5450,0.000,NORMAL,1
573.4124,-32.7724,-66.6394,0.000,NORMAL,1
573.6594,-32.5442,-66.7339,0.000,NORMAL,1
573.9589,-32.2633,-66.8379,0.000,NORMAL,1
574.2585,-31.9823,-66.9419,0.000,NORMAL,1
574.5580,-31.7014,-67.0459,0.000,NORMAL,1
574.8576,-31.4205,-67.1499,0.000,NORMAL,1
575.1041,-31.1843,-67.2204,0.000,NORMAL,1
575.3506,-30.9481,-67.2909,0.000,NORMAL,1
575.5971,-30.7118,-67.3613,0.000,NORMAL,1
575.8436,-30.4756,-67.4318,0.000,NORMAL,1
576.0901,-30.2394,-67.5023,0.000,NORMAL,1
576.3696,-29.9709,-67.5797,0.000,NORMAL,1
576.6491,-29.7024,-67.6572,0.000,NORMAL,1
576.9285,-29.4338,-67.7346,0.000,NORMAL,1
577.2080,-29.1653,-67.8121,0.000,NORMAL,1
577.4875,-28.8968,-67.8895,0.000,NORMAL,1
577.7546,-28.6326,-67.9295,0.000,NORMAL,1
578.0218,-28.3685,-67.9695,0.000,NORMAL,1
578.2890,-28.1043,-68.0096,0.000,NORMAL,1
578.5561,-27.8402,-68.0496,0.000,NORMAL,1
578.8233,-27.5760,-68.0896,0.000,NORMAL,1
579.0860,-27.3198,-68.0316,0.000,NORMAL,1
579.3487,-27.0636,-67.9735,0.000,NORMAL,1
579.6114,-26.8074,-67.9154,0.000,NORMAL,1
579.8741,-26.5512,-67.8574,0.000,NORMAL,1
580.1681,-26.2693,-67.7738,0.000,NORMAL,1
580.4622,-25.9874,-67.6902,0.000,NORMAL,1
580.7562,-25.7055,-67.6065,0.000,NORMAL,1
581.0503,-25.4236,-67.5229,0.000,NORMAL,1
581.3443,-25.1417,-67.4393,0.000,NORMAL,1
581.5993,-24.9095,-67.3340,0.000,NORMAL,1
581.8542,-24.6773,-67.2288,0.000,NORMAL,1
582.1092,-24.4450,-67.1235,0.000,NORMAL,1
582.3642,-24.2128,-67.0183,0.000,NORMAL,1
582.6191,-23.9806,-66.9130,0.000,NORMAL,1
582.8823,-23.7888,-66.7328,0.000,NORMAL,1
583.1454,-23.5969,-66.5527,0.000,NORMAL,1
583.4086,-23.4051,-66.3726,0.000,NORMAL,1
583.6717,-23.2133,-66.1924,0.000,NORMAL,1
583.9619,-23.0477,-65.9541,0.000,NORMAL,1
584.2521,-22.8820,-65.7159,0.000,NORMAL,1
584.5423,-22.7163,-65.4776,0.000,NORMAL,1
584.8325,-22.5507,-65.2393,0.000,NORMAL,1
585.1182,-22.4025,-64.9950,0.000,NORMAL,1
585.4040,-22.2544,-64.7507,0.000,NORMAL,1
585.6897,-22.1062,-64.5064,0.000,NORMAL,1
585.9803,-21.9629,-64.2536,0.000,NORMAL,1
586.2708,-21.8196,-64.0008,0.000,NORMAL,1
586.5614,-21.6764,-63.7481,0.000,NORMAL,1
586.8519,-21.5331,-63.4953,0.000,NORMAL,1
587.1425,-21.3898,-63.2425,0.000,NORMAL,1
587.3997,-21.2813,-63.0094,0.000,NORMAL,1
587.6568,-21.1728,-62.7762,0.000,NORMAL,1
587.9140,-21.0643,-62.5431,0.000,NORMAL,1
588.1711,-20.9557,-62.3099,0.000,NORMAL,1
588.4283,-20.8472,-62.0768,0.000,NORMAL,1
588.6855,-20.7387,-61.8436,0.000,NORMAL,1
588.9426,-20.6302,-61.6105,0.000,NORMAL,1
589.1453,-20.5272,-61.4359,0.000,NORMAL,1
589.3480,-20.4241,-61.2614,0.000,NORMAL,1
589.5507,-20.3211,-61.0868,0.000,NORMAL,1
589.8034,-20.2005,-60.8648,0.000,NORMAL,1
590.0560,-20.0798,-60.6429,0.000,NORMAL,1
590.3086,-19.9592,-60.4209,0.000,NORMAL,1
590.5189,-19.8693,-60.2308,0.000,NORMAL,1
590.7292,-19.7795,-60.0406,0.000,NORMAL,1
590.9395,-19.6896,-59.8505,0.000,NORMAL,1
591.2165,-19.5945,-59.5904,0.000,NORMAL,1
591.4935,-19.4994,-59.3302,0.000,NORMAL,1
591.7428,-19.3963,-59.1032,0.000,NORMAL,1
591.9921,-19.2933,-58.8762,0.000,NORMAL,1
592.2414,-19.1902,-58.6492,0.000,NORMAL,1
592.4907,-19.0871,-58.4222,0.000,NORMAL,1
592.7753,-18.9684,-58.1636,0.000,NORMAL,1
593.0598,-18.8497,-57.9050,0.000,NORMAL,1
593.3443,-18.7310,-57.6464,0.000,NORMAL,1
593.5752,-18.6409,-57.4339,0.000,NORMAL,1
593.8060,-18.5509,-57.2213,0.000,NORMAL,1
594.0368,-18.4608,-57.0088,0.000,NORMAL,1
594.2714,-18.3846,-56.7870,0.000,NORMAL,1
594.5060,-18.3083,-56.5651,0.000,NORMAL,1
594.7405,-18.2321,-56.3433,0.000,NORMAL,1
595.0094,-18.1534,-56.0862,0.000,NORMAL,1
595.2783,-18.0748,-55.8290,0.000,NORMAL,1
595.5472,-17.9961,-55.5719,0.000,NORMAL,1
595.7900,-17.8994,-55.3492,0.000,NORMAL,1
596.0327,-17.8028,-55.1265,0.000,NORMAL,1
596.2755,-17.7062,-54.9039,0.000,NORMAL,1
596.5182,-17.6095,-54.6812,0.000,NORMAL,1
596.7798,-17.5130,-54.4381,0.000,NORMAL,1
597.0413,-17.4165,-54.1950,0.000,NORMAL,1
597.3029,-17.3200,-53.9519,0.000,NORMAL,1
597.5852,-17.2211,-53.6875,0.000,NORMAL,1
597.8675,-17.1221,-53.4231,0.000,NORMAL,1
598.1498,-17.0232,-53.1587,0.000,NORMAL,1
598.4064,-16.9192,-52.9241,0.000,NORMAL,1
598.6629,-16.8153,-52.6896,0.000,NORMAL,1
598.9195,-16.7113,-52.4550,0.000,NORMAL,1
599.1957,-16.6217,-52.1938,0.000,NORMAL,1
599.4719,-16.5320,-51.9325,0.000,NORMAL,1
599.7481,-16.4424,-51.6713,0.000,NORMAL,1
599.9866,-16.3236,-51.4645,0.000,NORMAL,1
600.2251,-16.2047,-51.2576,0.000,NORMAL,1
600.4637,-16.0859,-51.0508,0.000,NORMAL,1
600.7149,-15.9870,-50.8198,0.000,NORMAL,1
600.9662,-15.8880,-50.5889,0.000,NORMAL,1
601.2175,-15.7891,-50.3579,0.000,NORMAL,1
601.4611,-15.7152,-50.1258,0.000,NORMAL,1
601.7047,-15.6413,-49.8937,0.000,NORMAL,1
601.9483,-15.5674,-49.6615,0.000,NORMAL,1
602.1919,-15.4935,-49.4294,0.000,NORMAL,1
602.4617,-15.4131,-49.1719,0.000,NORMAL,1
602.7315,-15.3326,-48.9143,0.000,NORMAL,1
603.0013,-15.2522,-48.6568,0.000,NORMAL,1
603.2654,-15.1291,-48.4232,0.000,NORMAL,1
603.5294,-15.0059,-48.1896,0.000,NORMAL,1
603.7935,-14.8828,-47.9560,0.000,NORMAL,1
604.0806,-14.7971,-47.6820,0.000,NORMAL,1
604.3677,-14.7114,-47.4080,0.000,NORMAL,1
604.6059,-14.6275,-47.1850,0.000,NORMAL,1
604.8442,-14.5437,-46.9620,0.000,NORMAL,1
605.0825,-14.4598,-46.7389,0.000,NORMAL,1
605.3207,-14.3760,-46.5159,0.000,NORMAL,1
605.5600,-14.2927,-46.2916,0.000,NORMAL,1
605.7993,-14.2095,-46.0673,0.000,NORMAL,1
606.0386,-14.1262,-45.8429,0.000,NORMAL,1
606.2779,-14.0429,-45.6186,0.000,NORMAL,1
606.5455,-13.9306,-45.3756,0.000,NORMAL,1
606.8132,-13.8184,-45.1327,0.000,NORMAL,1
607.0808,-13.7061,-44.8897,0.000,NORMAL,1
607.3277,-13.6127,-44.6612,0.000,NORMAL,1
607.5745,-13.5192,-44.4327,0.000,NORMAL,1
607.8214,-13.4258,-44.2042,0.000,NORMAL,1
608.0906,-13.3272,-43.9537,0.000,NORMAL,1
608.3597,-13.2287,-43.7033,0.000,NORMAL,1
608.6289,-13.1301,-43.4528,0.000,NORMAL,1
608.8766,-13.0346,-43.2242,0.000,NORMAL,1
609.1243,-12.9391,-42.9956,0.000,NORMAL,1
609.3721,-12.8436,-42.7671,0.000,NORMAL,1
609.6198,-12.7481,-42.5385,0.000,PARALLEL_PARK,1
609.7695,-12.6884,-42.4012,0.000,PARALLEL_PARK,1
609.9193,-12.6287,-42.2638,0.000,PARALLEL_PARK,1
610.0690,-12.5690,-42.1265,0.000,PARALLEL_PARK,1
610.2187,-12.5093,-41.9892,0.000,PARALLEL_PARK,1
610.3685,-12.4495,-41.8519,0.000,PARALLEL_PARK,1
610.5182,-12.3898,-41.7146,0.000,PARALLEL_PARK,1
610.6679,-12.3300,-41.5773,0.000,PARALLEL_PARK,1
610.8177,-12.2703,-41.4400,0.000,PARALLEL_PARK,1
610.9674,-12.2105,-41.3027,0.000,PARALLEL_PARK,1
611.1172,-12.1508,-41.1654,0.000,PARALLEL_PARK,1
611.2669,-12.0911,-41.0281,0.000,PARALLEL_PARK,1
611.4166,-12.0314,-40.8908,0.000,PARALLEL_PARK,1
611.5664,-11.9718,-40.7534,0.000,PARALLEL_PARK,1
611.7161,-11.9122,-40.6161,0.000,PARALLEL_PARK,1
611.8658,-11.8526,-40.4787,0.000,PARALLEL_PARK,1
612.0156,-11.7931,-40.3413,0.000,PARALLEL_PARK,1
612.1653,-11.7337,-40.2038,0.000,PARALLEL_PARK,1
612.3150,-11.6743,-40.0664,0.000,PARALLEL_PARK,1
612.4648,-11.6150,-39.9289,0.000,PARALLEL_PARK,1
612.6145,-11.5558,-39.7914,0.000,PARALLEL_PARK,1
612.7643,-11.4966,-39.6538,0.000,PARALLEL_PARK,1
612.9140,-11.4376,-39.5162,0.000,PARALLEL_PARK,1
613.0637,-11.3787,-39.3785,0.000,PARALLEL_PARK,1
613.2135,-11.3199,-39.2408,0.000,PARALLEL_PARK,1
613.3632,-11.2612,-39.1031,0.000,PARALLEL_PARK,1
613.5129,-11.2026,-38.9653,0.000,PARALLEL_PARK,1
613.6627,-11.1441,-38.8274,0.000,PARALLEL_PARK,1
613.8124,-11.0858,-38.6895,0.000,PARALLEL_PARK,1
613.9621,-11.0277,-38.5515,0.000,PARALLEL_PARK,1
614.1119,-10.9697,-38.4135,0.000,PARALLEL_PARK,1
614.2616,-10.9118,-38.2754,0.000,PARALLEL_PARK,1
614.4114,-10.8542,-38.1372,0.000,PARALLEL_PARK,1
614.5611,-10.7967,-37.9989,0.000,PARALLEL_PARK,1
614.7108,-10.7394,-37.8606,0.000,PARALLEL_PARK,1
614.8606,-10.6823,-37.7222,0.000,PARALLEL_PARK,1
615.0103,-10.6254,-37.5837,0.000,PARALLEL_PARK,1
615.1600,-10.5687,-37.4451,0.000,PARALLEL_PARK,1
615.3098,-10.5122,-37.3064,0.000,PARALLEL_PARK,1
615.4595,-10.4559,-37.1676,0.000,PARALLEL_PARK,1
615.6092,-10.3999,-37.0288,0.000,PARALLEL_PARK,1
615.7590,-10.3441,-36.8898,0.000,PARALLEL_PARK,1
615.9087,-10.2886,-36.7508,0.000,PARALLEL_PARK,1
616.0585,-10.2333,-36.6116,0.000,PARALLEL_PARK,1
616.2082,-10.1782,-36.4724,0.000,PARALLEL_PARK,1
616.3579,-10.1234,-36.3330,0.000,PARALLEL_PARK,1
616.5077,-10.0689,-36.1935,0.000,PARALLEL_PARK,1
616.6574,-10.0147,-36.0540,0.000,PARALLEL_PARK,1
616.8071,-9.9607,-35.9143,0.000,PARALLEL_PARK,1
616.9569,-9.9070,-35.7745,0.000,PARALLEL_PARK,1
617.1066,-9.8537,-35.6346,0.000,PARALLEL_PARK,1
617.2563,-9.8006,-35.4946,0.000,PARALLEL_PARK,1
617.4061,-9.7478,-35.3545,0.000,PARALLEL_PARK,1
617.5558,-9.6953,-35.2143,0.000,PARALLEL_PARK,1
617.7056,-9.6431,-35.0739,0.000,PARALLEL_PARK,1
617.8553,-9.5912,-34.9334,0.000,PARALLEL_PARK,1
618.0050,-9.5397,-34.7929,0.000,PARALLEL_PARK,1
618.1548,-9.4885,-34.6522,0.000,PARALLEL_PARK,1
618.3045,-9.4376,-34.5113,0.000,PARALLEL_PARK,1
618.4542,-9.3870,-34.3704,0.000,PARALLEL_PARK,1
618.6040,-9.3368,-34.2293,0.000,PARALLEL_PARK,1
618.7537,-9.2868,-34.0882,0.000,PARALLEL_PARK,1
618.9034,-9.2373,-33.9469,0.000,PARALLEL_PARK,1
619.0532,-9.1880,-33.8055,0.000,PARALLEL_PARK,1
619.2029,-9.1391,-33.6639,0.000,PARALLEL_PARK,1
619.3527,-9.0906,-33.5223,0.000,PARALLEL_PARK,1
619.5024,-9.0424,-33.3805,0.000,PARALLEL_PARK,1
619.6521,-8.9945,-33.2387,0.000,PARALLEL_PARK,1
619.8019,-8.9470,-33.0967,0.000,PARALLEL_PARK,1
619.9516,-8.8998,-32.9546,0.000,PARALLEL_PARK,1
620.1013,-8.8529,-32.8123,0.000,PARALLEL_PARK,1
620.2511,-8.8064,-32.6700,0.000,PARALLEL_PARK,1
620.4008,-8.7603,-32.5276,0.000,PARALLEL_PARK,1
620.5505,-8.7145,-32.3850,0.000,PARALLEL_PARK,1
620.7003,-8.6691,-32.2423,0.000,PARALLEL_PARK,1
620.8500,-8.6239,-32.0995,0.000,PARALLEL_PARK,1
620.9998,-8.5792,-31.9567,0.000,PARALLEL_PARK,1
621.1495,-8.5348,-31.8137,0.000,PARALLEL_PARK,1
621.2992,-8.4907,-31.6706,0.000,PARALLEL_PARK,1
621.4490,-8.4469,-31.5273,0.000,PARALLEL_PARK,1
621.5987,-8.4036,-31.3840,0.000,PARALLEL_PARK,1
621.7484,-8.3606,-31.2406,0.000,PARALLEL_PARK,1
621.8982,-8.3184,-31.0969,0.000,PARALLEL_PARK,1
622.0479,-8.2769,-30.9530,0.000,PARALLEL_PARK,1
622.1976,-8.2366,-30.8089,0.000,PARALLEL_PARK,1
622.3474,-8.1975,-30.6643,0.000,PARALLEL_PARK,1
622.4971,-8.1599,-30.5194,0.000,PARALLEL_PARK,1
622.6469,-8.1241,-30.3740,0.000,PARALLEL_PARK,1
622.7966,-8.0903,-30.2281,0.000,PARALLEL_PARK,1
622.9463,-8.0589,-30.0817,0.000,PARALLEL_PARK,1
623.0961,-8.0300,-29.9348,0.000,PARALLEL_PARK,1
623.2458,-8.0042,-29.7873,0.000,PARALLEL_PARK,1
623.3955,-7.9817,-29.6393,0.000,PARALLEL_PARK,1
623.5453,-7.9631,-29.4907,0.000,PARALLEL_PARK,1
623.6950,-7.9489,-29.3416,0.000,PARALLEL_PARK,1
623.8447,-7.9397,-29.1922,0.000,PARALLEL_PARK,1
623.9944,-7.9361,-29.0425,0.000,PARALLEL_PARK,1
624.1442,-7.9390,-28.8928,0.000,PARALLEL_PARK,1
624.2939,-7.9490,-28.7434,0.000,PARALLEL_PARK,1
624.4436,-7.9673,-28.5948,0.000,PARALLEL_PARK,1
624.5933,-7.9947,-28.4476,0.000,PARALLEL_PARK,1
624.7430,-8.0323,-28.3027,0.000,PARALLEL_PARK,1
624.8927,-8.0809,-28.1611,0.000,PARALLEL_PARK,1
625.0424,-8.1412,-28.0242,0.000,PARALLEL_PARK,1
625.1921,-8.2137,-27.8932,0.000,PARALLEL_PARK,1
625.3418,-8.2981,-27.7696,0.000,PARALLEL_PARK,1
625.4914,-8.3941,-27.6547,0.000,PARALLEL_PARK,1
625.6411,-8.5004,-27.5494,0.000,PARALLEL_PARK,1
625.7908,-8.6157,-27.4539,0.000,PARALLEL_PARK,1
625.9405,-8.7383,-27.3680,0.000,PARALLEL_PARK,1
626.0902,-8.8671,-27.2917,0.000,PARALLEL_PARK,1
626.2399,-9.0011,-27.2249,0.000,PARALLEL_PARK,1
626.3896,-9.1395,-27.1678,0.000,PARALLEL_PARK,1
626.5393,-9.2815,-27.1205,0.000,PARALLEL_PARK,1
626.6890,-9.4266,-27.0835,0.000,PARALLEL_PARK,1
626.8387,-9.5739,-27.0572,0.000,PARALLEL_PARK,1
626.9884,-9.7229,-27.0423,0.000,PARALLEL_PARK,1
627.1381,-9.8726,-27.0394,0.000,PARALLEL_PARK,1
627.2878,-10.0219,-27.0494,0.000,PARALLEL_PARK,1
627.4375,-10.1697,-27.0730,0.000,PARALLEL_PARK,1
627.5872,-10.3146,-27.1105,0.000,PARALLEL_PARK,1
627.7369,-10.4558,-27.1604,0.000,PARALLEL_PARK,1
627.8866,-10.5927,-27.2209,0.000,PARALLEL_PARK,1
628.0363,-10.7255,-27.2901,0.000,PARALLEL_PARK,1
628.1860,-10.8543,-27.3663,0.000,PARALLEL_PARK,1
628.3357,-10.9797,-27.4481,0.000,PARALLEL_PARK,1
628.4855,-11.1021,-27.5343,0.000,PARALLEL_PARK,1
628.6352,-11.2221,-27.6239,0.000,PARALLEL_PARK,1
628.7849,-11.3402,-27.7160,0.000,PARALLEL_PARK,1
628.9347,-11.4569,-27.8098,0.000,PARALLEL_PARK,1
629.0844,-11.5728,-27.9046,0.000,PARALLEL_PARK,1
629.2341,-11.6884,-27.9998,0.000,PARALLEL_PARK,1
629.3839,-11.8043,-28.0947,0.000,PARALLEL_PARK,1
629.5336,-11.9208,-28.1886,0.000,PARALLEL_PARK,1
629.6833,-12.0385,-28.2812,0.000,PARALLEL_PARK,1
629.8331,-12.1575,-28.3721,0.000,PARALLEL_PARK,1
629.9828,-12.2778,-28.4612,0.000,PARALLEL_PARK,1
630.1326,-12.3995,-28.5485,0.000,PARALLEL_PARK,1
630.2823,-12.5226,-28.6337,0.000,PARALLEL_PARK,1
630.4320,-12.6472,-28.7168,0.000,PARALLEL_PARK,1
630.5818,-12.7734,-28.7974,0.000,PARALLEL_PARK,1
630.7315,-12.9011,-28.8756,0.000,PARALLEL_PARK,1
630.8812,-13.0304,-28.9510,0.000,PARALLEL_PARK,1
631.0310,-13.1615,-29.0234,0.000,PARALLEL_PARK,1
631.1807,-13.2942,-29.0927,0.000,PARALLEL_PARK,1
631.3304,-13.4287,-29.1585,0.000,PARALLEL_PARK,1
631.4801,-13.5650,-29.2206,0.000,PARALLEL_PARK,1
631.6299,-13.7030,-29.2786,0.000,PARALLEL_PARK,1
631.7796,-13.8428,-29.3324,0.000,PARALLEL_PARK,1
631.9293,-13.9842,-29.3815,0.000,PARALLEL_PARK,1
632.0791,-14.1273,-29.4255,0.000,PARALLEL_PARK,1
632.2288,-14.2719,-29.4643,0.000,PARALLEL_PARK,1
632.3785,-14.4180,-29.4973,0.000,PARALLEL_PARK,1
632.5282,-14.5653,-29.5242,0.000,PARALLEL_PARK,1
632.6780,-14.7136,-29.5448,0.000,PARALLEL_PARK,1
632.8277,-14.8626,-29.5586,0.000,PARALLEL_PARK,1
632.9774,-15.0122,-29.5655,0.000,PARALLEL_PARK,1
633.1271,-15.1619,-29.5651,0.000,PARALLEL_PARK,1
633.2769,-15.3114,-29.5573,0.000,PARALLEL_PARK,1
633.4266,-15.4604,-29.5421,0.000,PARALLEL_PARK,1
633.5763,-15.6084,-29.5197,0.000,PARALLEL_PARK,1
633.7260,-15.7554,-29.4910,0.000,PARALLEL_PARK,1
633.8758,-15.9011,-29.4564,0.000,PARALLEL_PARK,1
634.0255,-16.0454,-29.4166,0.000,PARALLEL_PARK,1
634.1752,-16.1884,-29.3722,0.000,PARALLEL_PARK,1
634.3249,-16.3301,-29.3237,0.000,PARALLEL_PARK,1
634.4747,-16.4704,-29.2716,0.000,PARALLEL_PARK,1
634.6244,-16.6096,-29.2164,0.000,PARALLEL_PARK,1
634.7741,-16.7477,-29.1584,0.000,PARALLEL_PARK,1
634.9239,-16.8847,-29.0982,0.000,PARALLEL_PARK,1
635.0736,-17.0209,-29.0359,0.000,PARALLEL_PARK,1
635.2234,-17.1563,-28.9719,0.000,PARALLEL_PARK,1
635.3731,-17.2911,-28.9066,0.000,PARALLEL_PARK,1
635.5228,-17.4253,-28.8403,0.000,PARALLEL_PARK,1
635.6726,-17.5591,-28.7731,0.000,PARALLEL_PARK,1
635.8223,-17.6926,-28.7053,0.000,PARALLEL_PARK,1
635.9720,-17.8260,-28.6373,0.000,PARALLEL_PARK,1
636.1218,-17.9594,-28.5692,0.000,PARALLEL_PARK,1
636.2715,-18.0928,-28.5013,0.000,PARALLEL_PARK,1
636.4212,-18.2265,-28.4337,0.000,PARALLEL_PARK,1
636.5710,-18.3604,-28.3669,0.000,PARALLEL_PARK,1
636.7207,-18.4949,-28.3009,0.000,PARALLEL_PARK,1
636.8704,-18.6299,-28.2361,0.000,PARALLEL_PARK,1
637.0202,-18.7655,-28.1728,0.000,PARALLEL_PARK,1
637.1699,-18.9020,-28.1112,0.000,PARALLEL_PARK,1
637.3197,-19.0394,-28.0515,0.000,PARALLEL_PARK,1
637.4694,-19.1777,-27.9943,0.000,PARALLEL_PARK,1
637.6191,-19.3171,-27.9397,0.000,PARALLEL_PARK,1
637.7689,-19.4577,-27.8881,0.000,PARALLEL_PARK,1
637.9186,-19.5995,-27.8400,0.000,PARALLEL_PARK,1
638.0683,-19.7424,-27.7954,0.000,PARALLEL_PARK,1
638.2181,-19.8864,-27.7542,0.000,PARALLEL_PARK,1
638.3678,-20.0312,-27.7163,0.000,PARALLEL_PARK,1
638.5175,-20.1769,-27.6815,0.000,PARALLEL_PARK,1
638.6673,-20.3232,-27.6495,0.000,PARALLEL_PARK,1
638.8170,-20.4700,-27.6203,0.000,PARALLEL_PARK,1
638.9667,-20.6173,-27.5934,0.000,PARALLEL_PARK,1
639.1165,-20.7650,-27.5688,0.000,PARALLEL_PARK,1
639.2662,-20.9130,-27.5462,0.000,PARALLEL_PARK,1
639.4159,-21.0613,-27.5252,0.000,PARALLEL_PARK,1
639.5657,-21.2097,-27.5057,0.000,PARALLEL_PARK,1
639.7154,-21.3583,-27.4873,0.000,PARALLEL_PARK,1
639.8651,-21.5071,-27.4699,0.000,PARALLEL_PARK,1
640.0149,-21.6559,-27.4531,0.000,PARALLEL_PARK,1
640.1646,-21.8047,-27.4367,0.000,PARALLEL_PARK,1
640.3143,-21.9535,-27.4205,0.000,PARALLEL_PARK,1
640.4641,-22.1024,-27.4041,0.000,PARALLEL_PARK,1
640.6138,-22.2512,-27.3872,0.000,PARALLEL_PARK,1
640.7636,-22.3999,-27.3698,0.000,PARALLEL_PARK,1
640.9133,-22.5485,-27.3513,0.000,PARALLEL_PARK,1
641.0630,-22.6969,-27.3317,0.000,PARALLEL_PARK,1
641.2128,-22.8452,-27.3107,0.000,PARALLEL_PARK,1
641.3625,-22.9932,-27.2879,0.000,PARALLEL_PARK,1
641.5122,-23.1409,-27.2633,0.000,PARALLEL_PARK,1
641.6620,-23.2882,-27.2366,0.000,PARALLEL_PARK,1
641.8117,-23.4352,-27.2079,0.000,PARALLEL_PARK,1
641.9614,-23.5818,-27.1774,0.000,PARALLEL_PARK,1
642.1112,-23.7280,-27.1451,0.000,PARALLEL_PARK,1
642.2609,-23.8738,-27.1109,0.000,PARALLEL_PARK,1
642.4106,-24.0191,-27.0751,0.000,PARALLEL_PARK,1
642.5604,-24.1641,-27.0377,0.000,PARALLEL_PARK,1
642.7101,-24.3087,-26.9987,0.000,PARALLEL_PARK,1
642.8599,-24.4528,-26.9582,0.000,PARALLEL_PARK,1
643.0096,-24.5966,-26.9162,0.000,PARALLEL_PARK,1
643.1593,-24.7399,-26.8728,0.000,PARALLEL_PARK,1
643.3091,-24.8828,-26.8280,0.000,PARALLEL_PARK,1
643.4588,-25.0253,-26.7820,0.000,PARALLEL_PARK,1
643.6085,-25.1673,-26.7347,0.000,PARALLEL_PARK,1
643.7583,-25.3090,-26.6862,0.000,PARALLEL_PARK,1
643.9080,-25.4503,-26.6366,0.000,PARALLEL_PARK,1
644.0577,-25.5911,-26.5858,0.000,PARALLEL_PARK,1
644.2075,-25.7316,-26.5340,0.000,PARALLEL_PARK,1
644.3572,-25.8717,-26.4812,0.000,PARALLEL_PARK,1
644.5069,-26.0115,-26.4274,0.000,PARALLEL_PARK,1
644.6567,-26.1508,-26.3726,0.000,PARALLEL_PARK,1
644.8064,-26.2898,-26.3170,0.000,PARALLEL_PARK,1
644.9562,-26.4285,-26.2605,0.000,PARALLEL_PARK,1
645.1059,-26.5668,-26.2032,0.000,PARALLEL_PARK,1
645.2556,-26.7049,-26.1451,0.000,PARALLEL_PARK,1
645.4054,-26.8426,-26.0863,0.000,PARALLEL_PARK,1
645.5551,-26.9799,-26.0267,0.000,PARALLEL_PARK,1
645.7048,-27.1171,-25.9665,0.000,PARALLEL_PARK,1
645.8546,-27.2539,-25.9057,0.000,PARALLEL_PARK,1
646.0043,-27.3904,-25.8443,0.000,PARALLEL_PARK,1
646.1540,-27.5267,-25.7823,0.000,PARALLEL_PARK,1
646.3038,-27.6628,-25.7198,0.000,PARALLEL_PARK,1
646.4535,-27.7986,-25.6567,0.000,PARALLEL_PARK,1
646.6033,-27.9342,-25.5933,0.000,PARALLEL_PARK,1
646.7530,-28.0696,-25.5294,0.000,PARALLEL_PARK,1
646.9027,-28.2049,-25.4651,0.000,PARALLEL_PARK,1
647.0525,-28.3399,-25.4004,0.000,PARALLEL_PARK,1
647.2022,-28.4748,-25.3354,0.000,PARALLEL_PARK,1
647.3519,-28.6096,-25.2701,0.000,PARALLEL_PARK,1
647.5017,-28.7442,-25.2046,0.000,PARALLEL_PARK,1
647.6514,-28.8787,-25.1388,0.000,PARALLEL_PARK,1
647.8011,-29.0132,-25.0729,0.000,PARALLEL_PARK,1
647.9509,-29.1475,-25.0068,0.000,PARALLEL_PARK,1
648.1006,-29.2818,-24.9406,0.000,PARALLEL_PARK,1
648.2504,-29.4161,-24.8743,0.000,PARALLEL_PARK,1
648.5201,-29.6812,-24.8244,0.000,PARALLEL_PARK,1
648.7899,-29.9464,-24.7745,0.000,PARALLEL_PARK,1
649.0597,-30.2115,-24.7246,0.000,NORMAL,1
649.3190,-30.4655,-24.6724,0.000,NORMAL,1
649.5783,-30.7195,-24.6203,0.000,NORMAL,1
649.8375,-30.9734,-24.5681,0.000,NORMAL,1
650.0968,-31.2274,-24.5160,0.000,NORMAL,1
650.3895,-31.4827,-24.3729,0.000,NORMAL,1
650.6822,-31.7381,-24.2299,0.000,NORMAL,1
650.9749,-31.9935,-24.0868,0.000,NORMAL,1
651.2676,-32.2488,-23.9438,0.000,NORMAL,1
651.5063,-32.4069,-23.7649,0.000,NORMAL,1
651.7450,-32.5649,-23.5860,0.000,NORMAL,1
651.9837,-32.7229,-23.4071,0.000,NORMAL,1
652.2224,-32.8810,-23.2282,0.000,NORMAL,1
652.4632,-32.9047,-22.9886,0.000,NORMAL,1
652.7039,-32.9284,-22.7491,0.000,NORMAL,1
652.9446,-32.9522,-22.5096,0.000,NORMAL,1
653.1853,-32.9759,-22.2700,0.000,NORMAL,1
653.4471,-32.9771,-22.0083,0.000,NORMAL,1
653.7088,-32.9783,-21.7465,0.000,NORMAL,1
653.9706,-32.9795,-21.4847,0.000,NORMAL,1
654.2323,-32.9807,-21.2230,0.000,NORMAL,1
654.5140,-32.9275,-20.9463,0.000,NORMAL,1
654.7958,-32.8743,-20.6697,0.000,NORMAL,1
655.0775,-32.8212,-20.3930,0.000,NORMAL,1
655.3592,-32.7680,-20.1164,0.000,NORMAL,1
655.6054,-32.6838,-19.8850,0.000,NORMAL,1
655.8517,-32.5996,-19.6536,0.000,NORMAL,1
656.0979,-32.5153,-19.4222,0.000,NORMAL,1
656.3442,-32.4311,-19.1908,0.000,NORMAL,1
656.6232,-32.3511,-18.9235,0.000,NORMAL,1
656.9022,-32.2712,-18.6562,0.000,NORMAL,1
657.1812,-32.1912,-18.3889,0.000,NORMAL,1
657.4324,-32.1345,-18.1442,0.000,NORMAL,1
657.6835,-32.0779,-17.8996,0.000,NORMAL,1
657.9346,-32.0212,-17.6549,0.000,NORMAL,1
658.2225,-31.8819,-17.4030,0.000,NORMAL,1
658.5104,-31.7427,-17.1510,0.000,NORMAL,1
658.7982,-31.6034,-16.8991,0.000,NORMAL,1
659.0850,-31.4955,-16.6334,0.000,NORMAL,1
659.3717,-31.3876,-16.3678,0.000,NORMAL,1
659.6585,-31.2797,-16.1021,0.000,NORMAL,1
659.9167,-31.1412,-15.8842,0.000,NORMAL,1
660.1749,-31.0026,-15.6663,0.000,NORMAL,1
660.4331,-30.8641,-15.4484,0.000,NORMAL,1
660.6913,-30.7256,-15.2305,0.000,NORMAL,1
660.9586,-30.5496,-15.0293,0.000,NORMAL,1
661.2259,-30.3736,-14.8282,0.000,NORMAL,1
661.4932,-30.1976,-14.6270,0.000,NORMAL,1
661.7605,-30.0216,-14.4258,0.000,NORMAL,1
662.0294,-29.8046,-14.2669,0.000,NORMAL,1
662.2983,-29.5877,-14.1081,0.000,NORMAL,1
662.5672,-29.3707,-13.9492,0.000,NORMAL,1
662.8362,-29.1537,-13.7903,0.000,NORMAL,1
662.9856,-29.0197,-13.7242,0.000,NORMAL,1
663.1350,-28.8825,-13.6650,0.000,NORMAL,1
663.2845,-28.7425,-13.6127,0.000,NORMAL,1
663.4339,-28.6002,-13.5670,0.000,NORMAL,1
663.5834,-28.4560,-13.5276,0.000,NORMAL,1
663.7328,-28.3104,-13.4942,0.000,NORMAL,1
663.8823,-28.1635,-13.4663,0.000,NORMAL,1
664.0317,-28.0158,-13.4435,0.000,NORMAL,1
664.1812,-27.8675,-13.4255,0.000,NORMAL,1
664.3306,-27.7187,-13.4116,0.000,NORMAL,1
664.4801,-27.5696,-13.4014,0.000,NORMAL,1
664.6295,-27.4203,-13.3946,0.000,NORMAL,1
664.7790,-27.2709,-13.3907,0.000,NORMAL,1
664.9284,-27.1214,-13.3892,0.000,NORMAL,1
665.0779,-26.9720,-13.3897,0.000,NORMAL,1
665.2273,-26.8225,-13.3922,0.000,NORMAL,1
665.3768,-26.6732,-13.3972,0.000,NORMAL,1
665.5262,-26.5239,-13.4050,0.000,NORMAL,1
665.6757,-26.3749,-13.4162,0.000,NORMAL,1
665.8251,-26.2262,-13.4312,0.000,NORMAL,1
665.9746,-26.0780,-13.4505,0.000,NORMAL,1
666.1240,-25.9305,-13.4746,0.000,NORMAL,1
666.2735,-25.7838,-13.5031,0.000,NORMAL,1
666.4230,-25.6378,-13.5353,0.000,NORMAL,1
666.5724,-25.4925,-13.5702,0.000,NORMAL,1
666.7219,-25.3476,-13.6069,0.000,NORMAL,1
666.8713,-25.2030,-13.6447,0.000,NORMAL,1
667.0208,-25.0585,-13.6826,0.000,NORMAL,1
667.1702,-24.9138,-13.7202,0.000,NORMAL,1
667.3197,-24.7692,-13.7577,0.000,NORMAL,1
667.4691,-24.6245,-13.7954,0.000,NORMAL,1
667.6186,-24.4800,-13.8335,0.000,NORMAL,1
667.7681,-24.3356,-13.8722,0.000,NORMAL,1
667.9175,-24.1915,-13.9117,0.000,NORMAL,1
668.0670,-24.0477,-13.9523,0.000,NORMAL,1
668.2164,-23.9042,-13.9942,0.000,NORMAL,1
668.3659,-23.7611,-14.0374,0.000,NORMAL,1
668.5153,-23.6185,-14.0820,0.000,NORMAL,1
668.6648,-23.4762,-14.1279,0.000,NORMAL,1
668.8142,-23.3344,-14.1750,0.000,NORMAL,1
668.9637,-23.1931,-14.2235,0.000,NORMAL,1
669.1132,-23.0521,-14.2733,0.000,NORMAL,1
669.2626,-22.9117,-14.3244,0.000,NORMAL,1
669.4121,-22.7716,-14.3766,0.000,NORMAL,1
669.5615,-22.6319,-14.4297,0.000,NORMAL,1
669.7110,-22.4925,-14.4835,0.000,NORMAL,1
669.8604,-22.3532,-14.5376,0.000,NORMAL,1
670.0099,-22.2139,-14.5918,0.000,NORMAL,1
670.1594,-22.0745,-14.6458,0.000,NORMAL,1
670.3088,-21.9350,-14.6993,0.000,NORMAL,1
670.4583,-21.7952,-14.7521,0.000,NORMAL,1
670.6077,-21.6550,-14.8039,0.000,NORMAL,1
670.7572,-21.5143,-14.8545,0.000,NORMAL,1
670.9066,-21.3732,-14.9035,0.000,NORMAL,1
671.0561,-21.2314,-14.9508,0.000,NORMAL,1
671.2055,-21.0889,-14.9959,0.000,NORMAL,1
671.3550,-20.9457,-15.0387,0.000,NORMAL,1
671.5045,-20.8017,-15.0789,0.000,NORMAL,1
671.6539,-20.6571,-15.1166,0.000,NORMAL,1
671.8034,-20.5120,-15.1525,0.000,NORMAL,1
671.9528,-20.3666,-15.1870,0.000,NORMAL,1
672.1023,-20.2210,-15.2208,0.000,NORMAL,1
672.2517,-20.0754,-15.2545,0.000,NORMAL,1
672.4012,-19.9299,-15.2886,0.000,NORMAL,1
672.5506,-19.7846,-15.3236,0.000,NORMAL,1
672.7001,-19.6397,-15.3601,0.000,NORMAL,1
672.8496,-19.4951,-15.3980,0.000,NORMAL,1
672.9990,-19.3509,-15.4374,0.000,NORMAL,1
673.1485,-19.2071,-15.4780,0.000,NORMAL,1
673.2979,-19.0636,-15.5199,0.000,NORMAL,1
673.4474,-18.9205,-15.5628,0.000,NORMAL,1
673.5968,-18.7776,-15.6068,0.000,NORMAL,1
673.7463,-18.6351,-15.6517,0.000,NORMAL,1
673.8957,-18.4928,-15.6974,0.000,NORMAL,1
674.0452,-18.3508,-15.7440,0.000,NORMAL,1
674.1947,-18.2090,-15.7912,0.000,NORMAL,1
674.3441,-18.0674,-15.8391,0.000,NORMAL,1
674.4936,-17.9260,-15.8876,0.000,NORMAL,1
674.6430,-17.7848,-15.9365,0.000,NORMAL,1
674.7925,-17.6437,-15.9858,0.000,NORMAL,1
674.9419,-17.5028,-16.0355,0.000,NORMAL,1
675.0914,-17.3619,-16.0855,0.000,NORMAL,1
675.2409,-17.2211,-16.1356,0.000,NORMAL,1
675.3903,-17.0804,-16.1859,0.000,NORMAL,1
675.5398,-16.9397,-16.2363,0.000,NORMAL,1
675.6892,-16.7989,-16.2866,0.000,NORMAL,1
675.8387,-16.6582,-16.3368,0.000,NORMAL,1
675.9881,-16.5174,-16.3869,0.000,NORMAL,1
676.1376,-16.3765,-16.4368,0.000,NORMAL,1
676.2870,-16.2355,-16.4863,0.000,NORMAL,1
676.4365,-16.0943,-16.5355,0.000,NORMAL,1
676.5860,-15.9530,-16.5842,0.000,NORMAL,1
676.7354,-15.8116,-16.6324,0.000,NORMAL,1
676.8849,-15.6699,-16.6801,0.000,NORMAL,1
677.0343,-15.5281,-16.7273,0.000,NORMAL,1
677.1838,-15.3862,-16.7742,0.000,NORMAL,1
677.3332,-15.2442,-16.8207,0.000,NORMAL,1
677.4827,-15.1021,-16.8671,0.000,NORMAL,1
677.6322,-14.9600,-16.9133,0.000,NORMAL,1
677.7816,-14.8178,-16.9594,0.000,NORMAL,1
677.9311,-14.6756,-17.0056,0.000,NORMAL,1
678.0805,-14.5335,-17.0518,0.000,NORMAL,1
678.2300,-14.3914,-17.0982,0.000,NORMAL,1
678.3794,-14.2494,-17.1448,0.000,NORMAL,1
678.5289,-14.1075,-17.1917,0.000,NORMAL,1
678.6783,-13.9657,-17.2388,0.000,NORMAL,1
678.8278,-13.8238,-17.2858,0.000,NORMAL,1
678.9773,-13.6817,-17.3322,0.000,NORMAL,1
679.1267,-13.5393,-17.3775,0.000,NORMAL,1
679.2762,-13.3964,-17.4212,0.000,NORMAL,1
679.4256,-13.2529,-17.4629,0.000,NORMAL,1
679.5751,-13.1087,-17.5022,0.000,NORMAL,1
679.7245,-12.9637,-17.5384,0.000,NORMAL,1
679.8740,-12.8179,-17.5713,0.000,NORMAL,1
680.0234,-12.6714,-17.6010,0.000,NORMAL,1
680.1729,-12.5246,-17.6287,0.000,NORMAL,1
680.3223,-12.3775,-17.6552,0.000,NORMAL,1
680.4718,-12.2303,-17.6815,0.000,NORMAL,1
680.6213,-12.0834,-17.7087,0.000,NORMAL,1
680.7707,-11.9368,-17.7377,0.000,NORMAL,1
680.9202,-11.7906,-17.7688,0.000,NORMAL,1
681.0696,-11.6449,-17.8022,0.000,NORMAL,1
681.2191,-11.4998,-17.8380,0.000,NORMAL,1
681.3685,-11.3553,-17.8762,0.000,NORMAL,1
681.5180,-11.2115,-17.9170,0.000,NORMAL,1
681.6674,-11.0685,-17.9602,0.000,NORMAL,1
681.8169,-10.9260,-18.0055,0.000,NORMAL,1
681.9664,-10.7841,-18.0522,0.000,NORMAL,1
682.1158,-10.6423,-18.0995,0.000,NORMAL,1
682.2653,-10.5005,-18.1468,0.000,NORMAL,1
682.4147,-10.3585,-18.1933,0.000,NORMAL,1
682.5642,-10.2161,-18.2386,0.000,NORMAL,1
682.7136,-10.0732,-18.2825,0.000,NORMAL,1
682.8631,-9.9300,-18.3252,0.000,NORMAL,1
683.0125,-9.7864,-18.3668,0.000,NORMAL,1
683.1620,-9.6426,-18.4074,0.000,NORMAL,1
683.3115,-9.4985,-18.4470,0.000,NORMAL,1
683.4609,-9.3542,-18.4859,0.000,NORMAL,1
683.6104,-9.2096,-18.5240,0.000,NORMAL,1
683.7598,-9.0650,-18.5617,0.000,NORMAL,1
683.9093,-8.9203,-18.5992,0.000,NORMAL,1
684.0587,-8.7757,-18.6369,0.000,NORMAL,1
684.2082,-8.6312,-18.6751,0.000,NORMAL,1
684.3577,-8.4870,-18.7143,0.000,NORMAL,1
684.5071,-8.3431,-18.7546,0.000,NORMAL,1
684.6566,-8.1996,-18.7965,0.000,NORMAL,1
684.8060,-8.0567,-18.8403,0.000,NORMAL,1
684.9555,-7.9144,-18.8860,0.000,NORMAL,1
685.1049,-7.7725,-18.9329,0.000,NORMAL,1
685.2544,-7.6309,-18.9805,0.000,NORMAL,1
685.4038,-7.4891,-19.0279,0.000,NORMAL,1
685.5533,-7.3471,-19.0746,0.000,NORMAL,1
685.7028,-7.2046,-19.1197,0.000,NORMAL,1
685.8522,-7.0616,-19.1628,0.000,NORMAL,1
686.0017,-6.9180,-19.2044,0.000,NORMAL,1
686.1511,-6.7742,-19.2449,0.000,NORMAL,1
686.3006,-6.6302,-19.2851,0.000,NORMAL,1
686.4500,-6.4863,-19.3255,0.000,NORMAL,1
686.5995,-6.3426,-19.3666,0.000,NORMAL,1
686.7489,-6.1993,-19.4091,0.000,NORMAL,1
686.8984,-6.0566,-19.4535,0.000,NORMAL,1
687.0479,-5.9146,-19.5001,0.000,NORMAL,1
687.1973,-5.7732,-19.5486,0.000,NORMAL,1
687.3468,-5.6324,-19.5985,0.000,NORMAL,1
687.4962,-5.4919,-19.6495,0.000,NORMAL,1
687.6457,-5.3517,-19.7013,0.000,NORMAL,1
687.7951,-5.2116,-19.7534,0.000,NORMAL,1
687.9446,-5.0715,-19.8055,0.000,NORMAL,1
688.0940,-4.9313,-19.8573,0.000,NORMAL,1
688.2435,-4.7909,-19.9084,0.000,NORMAL,1
688.3930,-4.6500,-19.9584,0.000,NORMAL,1
688.5424,-4.5087,-20.0069,0.000,NORMAL,1
688.6919,-4.3667,-20.0537,0.000,NORMAL,1
688.8413,-4.2240,-20.0982,0.000,NORMAL,1
688.9908,-4.0806,-20.1401,0.000,NORMAL,1
689.1402,-3.9364,-20.1795,0.000,NORMAL,1
689.2897,-3.7916,-20.2164,0.000,NORMAL,1
689.4391,-3.6462,-20.2511,0.000,NORMAL,1
689.5886,-3.5004,-20.2839,0.000,NORMAL,1
689.7381,-3.3542,-20.3150,0.000,NORMAL,1
689.8875,-3.2077,-20.3445,0.000,NORMAL,1
690.0370,-3.0610,-20.3727,0.000,NORMAL,1
690.1864,-2.9140,-20.3999,0.000,NORMAL,1
690.3359,-2.7669,-20.4263,0.000,NORMAL,1
690.4853,-2.6197,-20.4520,0.000,NORMAL,1
690.6348,-2.4724,-20.4774,0.000,NORMAL,1
690.7842,-2.3251,-20.5026,0.000,NORMAL,1
690.9337,-2.1777,-20.5279,0.000,NORMAL,1
691.0832,-2.0305,-20.5535,0.000,FINISH,1
